Id,Name,cpu_model,cpu_codename,sale_info,2024-08-01,2024-08-02,2024-08-03,2024-08-04,2024-08-05,2024-08-06,2024-08-07,2024-08-08,2024-08-09,2024-08-10,2024-08-11,2024-08-12,2024-08-13,2024-08-14,2024-08-15,2024-08-16,2024-08-17,2024-08-18,2024-08-19,2024-08-20,2024-08-21,2024-08-22,2024-08-23,2024-08-24,2024-08-25,2024-08-26,2024-08-27,2024-08-28,2024-08-29,2024-08-30,2024-08-31
15833261,AMD A4 3300 (라노),AMD A4 3300,라노,중고,2500,2500,2500,0,0,0,0,0,0,0,0,0,0,0,0,0,0,0,0,0,0,0,0,0,0,0,0,0,0,0,0
15834833,AMD A4 3400 (라노),AMD A4 3400,라노,중고,2500,2500,2500,2500,0,0,0,0,0,0,0,0,0,0,0,0,0,0,0,0,0,0,0,0,0,0,2500,2500,2500,2500,2500
18170813,AMD A4 7300 (리치랜드),AMD A4 7300,리치랜드,중고,4000,4000,4000,0,0,4000,4000,0,0,4000,4000,0,0,4000,4000,4000,0,4000,4000,4000,0,4000,4000,4000,0,0,4000,3990,3990,3990,3990
9736854,AMD EPYC 7232P (롬),AMD EPYC 7232P,롬,정품,924000,924000,924000,924000,924000,924000,924000,924000,924000,924000,924000,924000,924000,924000,0,0,924000,924000,924000,924000,924000,924000,924000,924000,0,0,0,0,0,0,0
9736833,AMD EPYC 7262 (롬),AMD EPYC 7262,롬,정품,1177000,1177000,0,0,0,0,0,0,0,0,0,0,0,0,0,0,0,0,1177000,0,0,0,0,0,0,0,0,0,0,0,0
9736752,AMD EPYC 7302 (롬),AMD EPYC 7302,롬,정품,2193000,2193000,2193000,2193000,2193000,1982820,1982810,1982710,1982680,1982670,1982660,1982650,1982640,1982610,1982500,1982380,1982350,1982230,1982120,1982820,0,0,1993480,1986030,1963630,1963630,1963630,1963630,1963550,1963540,1963530
9736764,AMD EPYC 7302P (롬),AMD EPYC 7302P,롬,정품,1062790,1062790,1062790,1062800,1062790,1061080,1061070,1060950,1060840,1060830,1060820,0,0,1060670,1060560,1060440,1060410,1060300,0,0,0,0,0,0,0,1050800,1062790,1062730,1062630,1062620,1062610
9736680,AMD EPYC 7452 (롬),AMD EPYC 7452,롬,정품,0,4200000,0,0,0,0,0,0,0,0,0,0,0,0,0,0,4200000,4200000,0,0,0,0,0,0,0,4200000,0,0,4200000,0,4200000
16909040,AMD EPYC 7543 (밀라노),AMD EPYC 7543,밀라노,정품,5400000,5400000,5400000,5400000,5400000,5400000,5400000,5400000,5400000,1701000,1701000,1701000,1701000,1701000,1701000,1701000,1701000,1701000,1701000,1701000,1701000,1701000,1701000,1814360,1738790,1738790,1738710,1667520,1667420,1667320,1667230
9736071,AMD EPYC 7742 (롬),AMD EPYC 7742,롬,정품,12799910,12799910,12799910,12799910,12799910,12799910,12799910,12799910,12799910,12799910,12799910,12799910,12799910,12799910,12799910,12799910,12799910,12799910,12799910,12799910,12799910,12799910,12799910,12799910,12799910,12799910,12799910,12799910,12799910,12799910,12799910
16908977,AMD EPYC 7763 (밀라노),AMD EPYC 7763,밀라노,정품,13699990,13699990,13699990,13699990,13699990,13699990,13699990,13699990,13699990,13699990,13699990,13699990,13699990,13699990,13699990,13699990,13699990,13699990,13699990,13699990,13699990,13699990,13699990,13699990,13699990,13699990,13699990,13699990,13699990,13699990,13699990
28159028,AMD FX 4100 (잠베지),AMD FX 4100,잠베지,중고,7500,8550,7500,7500,7500,7500,7500,7500,7500,0,0,0,0,0,0,0,0,0,0,0,0,7500,8560,7500,7500,7500,7500,7500,7500,7500,7500
4143917,AMD FX 8300 (비쉐라),AMD FX 8300,비쉐라,중고,41000,41000,41000,41000,41000,41000,41000,41000,41000,41000,41000,41000,41000,41000,41000,41000,41000,41000,41000,41000,41000,41000,41000,41000,41000,41000,41000,41000,41000,41000,41000
5565728,AMD 라이젠 스레드리퍼 1950X (화이트헤븐),AMD 라이젠 스레드리퍼 1950X,화이트헤븐,해외구매,917300,917290,917290,917290,917290,917290,917300,917300,917300,917300,917300,917300,917300,917300,917300,917300,917300,917300,917300,917300,917300,917300,917300,917300,917300,917300,917300,917300,917300,917300,917300
11038053,AMD 라이젠 스레드리퍼 2970WX (콜팩스),AMD 라이젠 스레드리퍼 2970WX,콜팩스,해외구매,1976340,1976330,1976300,1976290,1976260,1978700,1998390,1998390,1998390,1998390,1998390,1998390,1998390,1998390,1998390,1998390,1998390,1998390,1998390,1998390,1998390,1998390,1998390,1998390,1998390,1998390,1998390,1998390,1998390,1998390,1998390
11035740,AMD 라이젠 스레드리퍼 2990WX (콜팩스),AMD 라이젠 스레드리퍼 2990WX,콜팩스,해외구매,5338600,5338590,5338590,5338590,5338590,5338590,5328590,5328590,5144590,5135230,5135230,5184460,5166520,5166520,5166520,5166520,5338590,5338590,5338590,5338590,5338590,5338590,5338590,5338590,5338590,5338590,5338590,5338590,5338590,5338590,5338590
14079716,AMD 라이젠 스레드리퍼 3970X (캐슬 픽),AMD 라이젠 스레드리퍼 3970X,캐슬 픽,해외구매,3309200,2914590,2914560,2914450,2914330,2914550,2914540,2914510,2914390,2914380,2878090,2900160,2900160,2900160,2900160,2900160,2900160,2900160,2900160,2914590,2914590,2914590,2979840,2979840,2979840,2979840,2979840,2979810,2979800,2979790,2979780
30131825,AMD 라이젠 스레드리퍼 7960X (스톰 픽),AMD 라이젠 스레드리퍼 7960X,스톰 픽,정품,2383240,2383230,2383200,2383190,2383160,2383060,2383050,2383020,2347790,2347790,2347780,2347670,2223340,2223300,2223390,2216320,2216320,2216320,2216320,2216320,2216320,2216320,2388570,2388570,2388570,2388570,2388570,2388570,2388570,2388570,2388570
30131816,AMD 라이젠 스레드리퍼 7970X (스톰 픽),AMD 라이젠 스레드리퍼 7970X,스톰 픽,정품,3693200,3693190,3693160,3693150,3693120,3693020,3693010,3692980,3692860,3692850,3692840,3692830,3692820,3692810,3692780,3692660,3692630,3692510,3692390,3722150,3722150,3722150,3750670,3722150,3694500,3694500,3722150,3722120,3722110,3722080,3721990
30131798,AMD 라이젠 스레드리퍼 7980X (스톰 픽),AMD 라이젠 스레드리퍼 7980X,스톰 픽,정품,7291250,7291250,7291250,7291250,7291250,7291250,7291250,7291250,7291250,7291250,7291250,7291250,7291250,7291250,7291250,7291250,7291250,7291250,7291250,7291250,7291250,7291250,7291250,7291250,7291250,7291250,7291250,7291250,7291250,7302400,7302400
13491257,AMD 라이젠 스레드리퍼 PRO 3955WX (캐슬 픽-W),AMD 라이젠 스레드리퍼 PRO 3955WX,캐슬 픽-W,"_정품_1,383,920|_해외구매_1,669,390|중고 | _정품_1,383,950|_해외구매_1,669,390|중고 | _정품_1,383,990|_해외구매_1,625,390|중고 | _정품_1,383,990|_해외구매_1,669,390|중고 | _정품_1,383,990|_해외구매_1,669,400|중고 | _정품_1,383,990|_해외구매_1,741,990|중고 | _정품_1,383,990|_해외구매_1,820,940|중고 | _정품_1,383,990|_해외구매_1,821,060|중고 | _정품_1,383,990|_해외구매_1,821,170|중고 | _정품_1,383,990|_해외구매_1,821,640|중고 | _정품_1,383,990|_해외구매_1,860,700|중고 | _정품_1,383,990|_해외구매_1,878,900|중고",900000,900000,900000,900000,900000,900000,900000,900000,900000,900000,900000,900000,900000,900000,900000,900000,900000,900000,900000,900000,900000,900000,900000,900000,900000,900000,900000,900000,900000,900000,900000
18614342,AMD 라이젠 스레드리퍼 PRO 3975WX (캐슬 픽-W),AMD 라이젠 스레드리퍼 PRO 3975WX,캐슬 픽-W,"_벌크_3,869,990|_해외구매 | _벌크_3,869,990|_해외구매_1,884,590|중고",2515400,2242800,2242800,2242800,2242800,2242800,2242800,2242800,2242800,2242800,2242800,2242800,2038300,2038300,2038300,2038300,2038300,2038300,2038300,1968690,3233800,3233800,3233800,3169810,3169810,3169810,3169810,3169810,3169810,3169810,3169810
18000296,AMD 라이젠 스레드리퍼 PRO 3995WX (캐슬 픽-W),AMD 라이젠 스레드리퍼 PRO 3995WX,캐슬 픽-W,해외구매,10998480,10998480,10998480,10998480,10998480,10998480,10998480,10998480,10998480,10998480,10998480,10998480,10998480,10998480,10998480,10998480,10998480,10998480,10998480,10998480,10998480,10998480,10998480,10998480,10998480,10998480,10998480,10998480,10998480,10998480,10998480
18055820,AMD 라이젠 스레드리퍼 PRO 5955WX (샤갈 프로),AMD 라이젠 스레드리퍼 PRO 5955WX,샤갈 프로,"_정품_1,630,830|_해외구매 | _정품_1,630,830|벌크_1,583,380|_해외구매 | _정품_1,630,830|벌크_1,583,470|_해외구매 | _정품_1,630,830|벌크_1,583,590|_해외구매 | _정품_1,630,830|벌크_1,583,610|_해외구매 | _정품_1,668,850|_해외구매 | _정품_1,668,880|_해외구매 | _정품_1,668,890|_해외구매 | _정품_1,668,900|_해외구매 | _정품_1,668,910|_해외구매 | _정품_1,668,920|_해외구매 | _정품_1,669,040|_해외구매 | _정품_1,669,070|_해외구매 | _정품_1,669,080|_해외구매 | _정품_1,669,180|_해외구매 | _정품_1,669,210|_해외구매 | _정품_1,669,220|_해외구매 | _정품_1,669,250|_해외구매 | _정품_1,669,260|_해외구매",1758260,1758240,1758130,1758120,1758090,1757990,1757960,1757840,1757720,1757600,1757510,1757490,1757380,1757320,1757200,1757090,1757060,1756950,1756830,1758250,1758250,1758250,1767710,1767710,1767710,1767710,1767710,1767670,1767660,1767630,1767600
17570816,AMD 라이젠 스레드리퍼 PRO 5965WX (샤갈 프로),AMD 라이젠 스레드리퍼 PRO 5965WX,샤갈 프로,"_정품_2,998,760|_해외구매 | _정품_2,998,770|_해외구매 | _정품_2,998,810|_해외구매 | _정품_2,998,820|_해외구매 | _정품_2,998,870|_해외구매 | _정품_2,998,990|_해외구매 | _정품_2,999,100|_해외구매 | _정품_3,010,160|_해외구매",3465230,3465230,3465230,3465230,3703100,3703100,3703100,3703100,3703100,3703100,3703100,3703100,3703100,3378790,3378790,3378790,3378790,3378790,3378790,3378790,3378790,3378790,3378790,3378790,3378790,3378790,3378790,3378790,3378790,3378790,3378790
17570807,AMD 라이젠 스레드리퍼 PRO 5975WX (샤갈 프로),AMD 라이젠 스레드리퍼 PRO 5975WX,샤갈 프로,"_정품_3,500,000|멀티팩(정품)_2,622,400|_해외구매 | _정품_3,500,000|멀티팩(정품)_3,543,710|_해외구매 | _정품_3,500,000|멀티팩(정품)_3,543,740|_해외구매 | _정품_3,500,000|멀티팩(정품)_3,543,750|_해외구매 | _정품_3,500,000|멀티팩(정품)_3,543,780|_해외구매 | _정품_3,500,000|멀티팩(정품)_3,543,790|_해외구매 | _정품_3,903,460|멀티팩(정품)_3,499,990|_해외구매 | _정품_3,903,580|멀티팩(정품)_3,499,990|_해외구매 | _정품_3,903,610|멀티팩(정품)_3,499,990|_해외구매 | _정품_3,903,620|멀티팩(정품)_3,499,990|_해외구매 | _정품_3,903,650|멀티팩(정품)_3,499,990|_해외구매 | _정품_3,903,660|멀티팩(정품)_3,499,990|_해외구매 | _정품_3,903,720|멀티팩(정품)_3,499,990|_해외구매 | _정품_3,903,730|멀티팩(정품)_3,543,070|_해외구매 | _정품_3,903,740|멀티팩(정품)_3,543,190|_해외구매 | _정품_3,903,750|멀티팩(정품)_3,543,300|_해외구매 | _정품_3,903,800|멀티팩(정품)_3,543,570|_해외구매 | _정품_3,903,810|멀티팩(정품)_3,543,330|_해외구매 | _정품_3,946,330|멀티팩(정품)_3,405,710|_해외구매 | _정품_3,964,920|멀티팩(정품)_3,543,450|_해외구매 | _정품_3,989,230|멀티팩(정품)_3,500,000|_해외구매 | _정품_3,996,120|멀티팩(정품)_3,499,710|_해외구매 | _정품_3,996,130|멀티팩(정품)_3,499,740|_해외구매 | _정품_3,996,140|멀티팩(정품)_3,499,840|_해외구매 | _정품_3,996,150|멀티팩(정품)_3,499,850|_해외구매 | _정품_3,996,180|멀티팩(정품)_3,499,780|_해외구매 | _정품_3,996,180|멀티팩(정품)_3,499,900|_해외구매 | _정품_4,010,680|멀티팩(정품)_3,499,900|_해외구매",3880510,4005990,4005900,4006000,4006000,4006000,4006000,4141060,4140940,4140910,4140820,4140810,4140800,4049680,4049670,4049640,4049610,4049510,4049480,4049470,4049340,4049690,4049690,4049690,4049690,4049690,4049690,4049690,4049690,4049690,4049690
17570783,AMD 라이젠 스레드리퍼 PRO 5995WX (샤갈 프로),AMD 라이젠 스레드리퍼 PRO 5995WX,샤갈 프로,정품,8300600,8300600,8300600,8300600,8300600,8300600,8300600,8300600,8300600,8300600,8300600,8300600,8300600,8300600,8300600,8300600,8300600,8300600,8300600,8345430,8345430,8345430,8345430,8345430,8345430,8345430,8345430,8345430,8345430,8361490,8361490
30143039,AMD 라이젠 스레드리퍼 PRO 7965WX (스톰 픽),AMD 라이젠 스레드리퍼 PRO 7965WX,스톰 픽,"_정품_3,773,000|_멀티팩(정품)",3649350,3649350,3649350,3649350,3649350,3649350,3649350,3649350,3649350,3649350,3649350,3649350,3649350,3649350,3649350,3649350,3649350,3649350,3649350,3649350,3649350,3649350,3649350,3649350,3649350,3649350,3649350,3649350,3649350,3649940,3649930
30131762,AMD 라이젠 스레드리퍼 PRO 7965WX (스톰 픽),AMD 라이젠 스레드리퍼 PRO 7965WX,스톰 픽,"_정품_3,773,000|_멀티팩(정품)",3649350,3649350,3649350,3649350,3649350,3649350,3649350,3649350,3649350,3649350,3649350,3649350,3649350,3649350,3649350,3649350,3649350,3649350,3649350,3649350,3649350,3649350,3649350,3649350,3649350,3649350,3649350,3649350,3649350,3649940,3649930
30143105,AMD 라이젠 스레드리퍼 PRO 7975WX (스톰 픽),AMD 라이젠 스레드리퍼 PRO 7975WX,스톰 픽,"_정품_5,650,000|_멀티팩(정품)_5,324,670|해외구매",6489070,6787310,6787200,6787190,6787160,6787060,6787030,6786920,6786800,6786770,6786650,6786540,6786440,6786410,6786290,6786190,6786160,6786040,6785920,6787320,6787320,6787320,6823810,6823810,6821000,6821000,6823810,6823780,6823770,6823740,6823650
30131723,AMD 라이젠 스레드리퍼 PRO 7975WX (스톰 픽),AMD 라이젠 스레드리퍼 PRO 7975WX,스톰 픽,"_정품_5,650,000|_멀티팩(정품)_5,324,670|해외구매",6489070,6787310,6787200,6787190,6787160,6787060,6787030,6786920,6786800,6786770,6786650,6786540,6786440,6786410,6786290,6786190,6786160,6786040,6785920,6787320,6787320,6787320,6823810,6823810,6821000,6821000,6823810,6823780,6823770,6823740,6823650
30143060,AMD 라이젠 스레드리퍼 PRO 7985WX (스톰 픽),AMD 라이젠 스레드리퍼 PRO 7985WX,스톰 픽,"_정품_10,700,000|_멀티팩(정품)",10221240,10221240,10221240,10221240,10221240,10221240,10221240,10221240,10221240,10221240,10221240,10221240,10221240,10221240,10221240,10221240,10221240,10221240,10221240,10221240,10221240,10221240,10221240,10221240,10221240,10221240,10221240,10221240,10221240,10223360,10223360
30131639,AMD 라이젠 스레드리퍼 PRO 7985WX (스톰 픽),AMD 라이젠 스레드리퍼 PRO 7985WX,스톰 픽,"_정품_10,700,000|_멀티팩(정품)",10221240,10221240,10221240,10221240,10221240,10221240,10221240,10221240,10221240,10221240,10221240,10221240,10221240,10221240,10221240,10221240,10221240,10221240,10221240,10221240,10221240,10221240,10221240,10221240,10221240,10221240,10221240,10221240,10221240,10223360,10223360
30142979,AMD 라이젠 스레드리퍼 PRO 7995WX (스톰 픽),AMD 라이젠 스레드리퍼 PRO 7995WX,스톰 픽,"_정품_14,594,370|_멀티팩(정품)_14,089,340|해외구매 | _정품_14,611,990|_멀티팩(정품)_14,089,340|해외구매 | _정품_14,611,990|멀티팩(정품)_14,089,340|_해외구매 | _정품_14,800,000|_멀티팩(정품)_14,089,340|해외구매",17822330,17822320,17810880,17810780,17810750,17810650,17810640,17810610,17810490,17810480,17810470,17810460,17810450,17810420,17810300,17810180,17810060,17810010,17809890,17810890,17810890,17810890,17906650,17906650,17906650,17906650,17906650,17906610,17906580,17906470,17906440
30131510,AMD 라이젠 스레드리퍼 PRO 7995WX (스톰 픽),AMD 라이젠 스레드리퍼 PRO 7995WX,스톰 픽,"_정품_14,594,370|_멀티팩(정품)_14,089,340|해외구매 | _정품_14,611,990|_멀티팩(정품)_14,089,340|해외구매 | _정품_14,611,990|멀티팩(정품)_14,089,340|_해외구매 | _정품_14,800,000|_멀티팩(정품)_14,089,340|해외구매",17822330,17822320,17810880,17810780,17810750,17810650,17810640,17810610,17810490,17810480,17810470,17810460,17810450,17810420,17810300,17810180,17810060,17810010,17809890,17810890,17810890,17810890,17906650,17906650,17906650,17906650,17906650,17906610,17906580,17906470,17906440
11876290,AMD 라이젠3 PRO 4350G (르누아르),AMD 라이젠3 PRO 4350G,르누아르,"_멀티팩(정품)_194,000|_해외구매_183,600|중고 | _멀티팩(정품)_194,000|_해외구매_194,320|중고 | _멀티팩(정품)_483,160|_해외구매_183,600|중고 | _멀티팩(정품)_503,290|_해외구매_183,600|중고 | _멀티팩(정품)_503,290|_해외구매_194,320|중고",82000,85500,82000,82000,82000,82000,82000,82000,82000,82000,82000,82000,75610,81290,81290,81290,81290,81290,81290,81290,81290,81290,81290,81290,74880,74880,74880,74880,81290,81290,81290
18172421,AMD 라이젠3-1세대 2200G (레이븐 릿지),AMD 라이젠3-1세대 2200G,레이븐 릿지,중고,37440,37430,37400,37390,37360,37260,37250,37220,27900,27900,27900,27900,27900,27900,27900,27900,37460,37340,37220,37210,37080,36960,36840,36720,34500,34500,34500,27900,27900,27900,27900
8460291,AMD 라이젠3-2세대 3200G (피카소),AMD 라이젠3-2세대 3200G,피카소,"_정품_88,910|_멀티팩(정품)_82,000|해외구매_151,000|중고 | _정품_92,000|_멀티팩(정품)_81,820|해외구매_151,000|중고 | _정품_92,000|_멀티팩(정품)_81,850|해외구매_151,000|중고 | _정품_99,390|_멀티팩(정품)_81,950|해외구매_151,000|중고 | _정품_99,400|_멀티팩(정품)_81,960|해외구매_151,000|중고 | _정품_99,430|_멀티팩(정품)_81,990|해외구매_151,000|중고 | _정품_99,430|_멀티팩(정품)_82,000|해외구매_151,000|중고 | _정품_99,430|_멀티팩(정품)_83,220|해외구매_151,000|중고 | _정품_99,440|_멀티팩(정품)_84,010|해외구매_151,000|중고",57990,57990,57990,57990,57990,57990,57990,57990,57990,57990,57990,57990,57990,57990,57990,57990,57990,57990,57990,57990,57990,57990,54520,57990,57990,57990,57990,57990,57990,57990,57990
12625094,AMD 라이젠3-3세대 3300X (마티스),AMD 라이젠3-3세대 3300X,마티스,"_멀티팩(정품)_270,000|_해외구매_341,800|중고 | _멀티팩(정품)_270,000|_해외구매_406,790|중고",62990,62990,63000,62990,62990,62990,62990,62990,62990,62990,62990,62990,62990,62990,62990,62990,62990,62990,62990,63000,63000,63000,64680,63000,63000,63000,63000,62990,62990,62990,62990
11876443,AMD 라이젠5 PRO 4650G (르누아르),AMD 라이젠5 PRO 4650G,르누아르,"_멀티팩(정품)_101,160|_해외구매 | _멀티팩(정품)_101,170|_해외구매 | _멀티팩(정품)_101,180|_해외구매 | _멀티팩(정품)_101,190|_해외구매 | _멀티팩(정품)_101,210|_해외구매 | _멀티팩(정품)_101,270|_해외구매 | _멀티팩(정품)_101,350|_해외구매 | _멀티팩(정품)_101,370|_해외구매 | _멀티팩(정품)_101,390|_해외구매 | _멀티팩(정품)_101,420|_해외구매 | _멀티팩(정품)_101,450|_해외구매 | _멀티팩(정품)_101,540|_해외구매 | _멀티팩(정품)_101,550|_해외구매 | _멀티팩(정품)_101,560|_해외구매 | _멀티팩(정품)_101,580|_해외구매 | _멀티팩(정품)_101,590|_해외구매 | _멀티팩(정품)_101,600|_해외구매 | _멀티팩(정품)_101,610|_해외구매 | _멀티팩(정품)_101,690|_해외구매 | _멀티팩(정품)_101,830|_해외구매 | _멀티팩(정품)_101,950|_해외구매 | _멀티팩(정품)_101,980|_해외구매 | _멀티팩(정품)_101,990|_해외구매",176290,176290,176290,176290,176290,176290,176290,176290,176290,176290,176290,176290,176290,176300,176300,176300,176300,176300,176300,176300,176300,176300,176300,176300,176300,176300,176300,176300,176300,176300,176300
8141410,AMD 라이젠5-1세대 1400 (서밋 릿지),AMD 라이젠5-1세대 1400,서밋 릿지,중고,26790,26790,26790,26790,26790,26790,26790,26790,26790,26790,26790,26790,26790,26790,26790,26790,26790,26790,26790,27080,27080,27080,27080,27080,26530,26530,26530,26210,26210,26210,25920
18172463,AMD 라이젠5-1세대 1500X (서밋 릿지),AMD 라이젠5-1세대 1500X,서밋 릿지,중고,29110,29110,29110,29110,29110,31290,31290,31290,31290,31290,31290,31290,31290,31290,31290,31290,31290,31290,31290,31290,31290,31290,31290,31290,28830,28830,28830,28830,31290,31290,31290
13822442,AMD 라이젠5-1세대 1600 (서밋 릿지),AMD 라이젠5-1세대 1600,서밋 릿지,중고,40740,40740,40740,40740,40740,33900,33900,33900,33900,33900,33900,33900,33900,33900,33900,39060,39060,39060,39060,39480,39480,39480,37510,37510,37510,37510,37510,36310,35170,35170,33750
6333162,AMD 라이젠5-2세대 2600 (피나클 릿지),AMD 라이젠5-2세대 2600,피나클 릿지,해외구매,248140,248130,248100,248090,248060,247960,247930,247820,247700,247690,247680,247660,247560,247530,247420,247300,247290,247260,247140,247130,247000,246880,246760,246640,246520,246400,246280,246220,246210,246180,246150
11026104,AMD 라이젠5-2세대 2600X (피나클 릿지),AMD 라이젠5-2세대 2600X,피나클 릿지,"_해외구매_361,560|_중고 | _해외구매_393,000|_중고 | _해외구매_412,500|_중고",58130,58130,58130,58130,58130,58130,58130,58130,58130,58130,58130,58130,58130,58130,58130,58130,58130,58130,58130,58750,58750,58750,58750,58750,57500,57500,57500,56880,56880,56880,51900
10176534,AMD 라이젠5-2세대 3400G (피카소),AMD 라이젠5-2세대 3400G,피카소,멀티팩(정품),372600,372600,372600,372600,372600,372600,372600,372600,372600,372600,372600,372600,372600,372600,372600,372600,372600,372600,372600,372600,372600,372600,372600,372600,372600,372600,372600,372600,372600,372600,372600
12340073,AMD 라이젠5-3세대 3500 (마티스),AMD 라이젠5-3세대 3500,마티스,해외구매,186190,186190,186190,186190,186190,186190,186190,186190,186190,186190,186190,186190,186190,186190,186190,186190,186190,186190,186190,186190,186190,186190,186190,186190,186190,186190,186190,186190,186190,186190,186190
17744591,AMD 라이젠5-3세대 3500X (마티스),AMD 라이젠5-3세대 3500X,마티스,중고,63990,63990,63990,63990,63990,63990,63990,63990,63990,63990,63990,63990,63990,63990,63990,63990,63990,63990,63990,64680,64680,64680,64680,63370,63370,63370,63370,62610,62610,62610,61920
10861092,AMD 라이젠5-3세대 3600 (마티스),AMD 라이젠5-3세대 3600,마티스,"_멀티팩(정품)_173,410|_중고",72990,72990,72990,72990,72990,71990,71990,71990,71990,71990,71990,71990,72990,72990,72990,72990,72990,72990,72990,72990,72990,72990,74080,72990,72990,72990,72990,72990,72990,72990,72990
11024358,AMD 라이젠5-3세대 3600X (마티스),AMD 라이젠5-3세대 3600X,마티스,해외구매,308190,308190,308190,308190,308190,308190,308190,308190,308190,308190,308190,308190,308190,308190,308190,308190,308190,308190,308190,308190,308190,308190,308190,308190,308190,308190,308190,308190,308190,308190,308190
12339050,AMD 라이젠5-3세대 3600XT (마티스),AMD 라이젠5-3세대 3600XT,마티스,중고,93000,93000,93000,93000,93000,93000,93000,93000,93000,93000,93000,93000,93000,93000,93000,93000,93000,93000,93000,94000,94000,94000,94000,94000,92000,92000,92000,91000,91000,91000,90000
16740674,AMD 라이젠5-3세대 4500 (르누아르-X),AMD 라이젠5-3세대 4500,르누아르-X,"_멀티팩(정품)_102,510|_해외구매 | _멀티팩(정품)_102,580|_해외구매 | _멀티팩(정품)_102,610|_해외구매 | _멀티팩(정품)_102,620|_해외구매 | _멀티팩(정품)_102,740|_해외구매 | _멀티팩(정품)_102,850|_해외구매 | _멀티팩(정품)_102,880|_해외구매 | _멀티팩(정품)_102,890|_해외구매 | _멀티팩(정품)_102,900|_해외구매 | _멀티팩(정품)_102,910|_해외구매 | _멀티팩(정품)_102,920|_해외구매 | _멀티팩(정품)_103,040|_해외구매 | _멀티팩(정품)_103,780|_해외구매 | _멀티팩(정품)_103,790|_해외구매 | 멀티팩(정품)",103090,103090,103090,103090,103090,103090,103070,99620,99610,99510,99500,99490,99480,99470,99440,99320,99290,99190,99160,99150,99110,99000,98880,98770,94210,94210,94210,94200,101670,101560,101550
17214128,AMD 라이젠5-3세대 4600G (르누아르),AMD 라이젠5-3세대 4600G,르누아르,"_멀티팩(정품)_100,680|_해외구매_131,040|중고 | _멀티팩(정품)_100,800|_해외구매_131,040|중고 | _멀티팩(정품)_100,930|_해외구매_131,040|중고 | _멀티팩(정품)_100,940|_해외구매_131,040|중고 | _멀티팩(정품)_101,060|_해외구매_131,040|중고 | _멀티팩(정품)_101,170|_해외구매_131,040|중고 | _멀티팩(정품)_101,200|_해외구매_131,040|중고 | _멀티팩(정품)_101,320|_해외구매_131,040|중고 | _멀티팩(정품)_101,350|_해외구매_131,040|중고 | _멀티팩(정품)_101,360|_해외구매_124,060|중고 | _멀티팩(정품)_101,370|_해외구매_124,060|중고 | _멀티팩(정품)_101,380|_해외구매_124,060|중고 | _멀티팩(정품)_101,390|_해외구매_124,060|중고 | _멀티팩(정품)_101,400|_해외구매_124,060|중고 | _멀티팩(정품)_101,430|_해외구매_124,060|중고 | _멀티팩(정품)_101,790|_중고 | _멀티팩(정품)_101,890|_중고 | _멀티팩(정품)_121,160|_중고 | _멀티팩(정품)_121,190|_중고 | _멀티팩(정품)_121,200|_중고 | _멀티팩(정품)_121,230|_중고 | _멀티팩(정품)_121,240|_중고 | _멀티팩(정품)_200,000|_해외구매_123,400|중고 | _멀티팩(정품)_200,000|_해외구매_126,420|중고 | _멀티팩(정품)_200,000|_해외구매_131,040|중고",104630,104630,104630,104630,104630,104630,104630,104630,104630,104630,104630,104630,104630,104630,104630,104630,104630,104630,104630,105750,105750,105750,105750,105750,103500,103500,103500,102380,102380,102380,101250
16740791,AMD 라이젠5-4세대 5500 (세잔),AMD 라이젠5-4세대 5500,세잔,"_정품_134,910|_중고 | 정품",134890,134890,134890,134890,134890,134200,134200,134200,134200,134200,134890,134890,134890,134910,134910,134910,134910,134910,134910,134910,134910,134910,134910,134910,134910,134910,134910,134910,134910,134910,112500
54218171,AMD 라이젠5-4세대 5500GT (세잔),AMD 라이젠5-4세대 5500GT,세잔,"_정품_145,950|_멀티팩(정품) | _정품_146,480|_멀티팩(정품) | _정품_146,990|_멀티팩(정품) | _정품_147,000|_멀티팩(정품) | _정품_147,330|_멀티팩(정품) | _정품_148,500|_멀티팩(정품)",143090,143090,143090,143090,143090,142880,142840,142720,141890,141770,141680,141670,141660,141630,141520,141460,141360,141310,141310,142800,142800,142790,142280,142270,142270,142270,142270,142270,142270,142260,141760
34337198,AMD 라이젠5-4세대 5500GT (세잔),AMD 라이젠5-4세대 5500GT,세잔,"_정품_145,950|_멀티팩(정품) | _정품_146,480|_멀티팩(정품) | _정품_146,990|_멀티팩(정품) | _정품_147,000|_멀티팩(정품) | _정품_147,330|_멀티팩(정품) | _정품_148,500|_멀티팩(정품)",143090,143090,143090,143090,143090,142880,142840,142720,141890,141770,141680,141670,141660,141630,141520,141460,141360,141310,141310,142800,142800,142790,142280,142270,142270,142270,142270,142270,142270,142260,141760
16741211,AMD 라이젠5-4세대 5600 (버미어),AMD 라이젠5-4세대 5600,버미어,"_정품_141,990|_멀티팩(정품)_131,750|해외구매 | _정품_142,000|_멀티팩(정품)_131,560|해외구매 | _정품_142,000|_멀티팩(정품)_131,800|해외구매 | _정품_142,000|_멀티팩(정품)_131,900|해외구매 | _정품_147,430|_멀티팩(정품)_131,500|해외구매 | _정품_147,430|_멀티팩(정품)_131,610|해외구매 | _정품_147,470|_멀티팩(정품)_131,620|해외구매 | _정품_149,100|_멀티팩(정품)_131,750|해외구매 | _정품_149,100|_멀티팩(정품)_131,870|해외구매 | _정품_149,100|_멀티팩(정품)_132,330|해외구매 | _정품_149,500|_멀티팩(정품)_131,460|해외구매 | _정품_151,900|_멀티팩(정품)_131,460|해외구매 | _정품_151,900|_멀티팩(정품)_131,540|해외구매 | _정품_154,000|_멀티팩(정품)_131,800|해외구매",134800,134790,134780,134770,134760,134750,134740,134730,134700,134690,134680,134670,134670,134640,0,0,0,0,0,0,0,0,0,0,0,0,0,0,0,0,0
17157083,AMD 라이젠5-4세대 5600 (버미어),AMD 라이젠5-4세대 5600,버미어,"_정품_141,990|_멀티팩(정품)_131,750|해외구매 | _정품_142,000|_멀티팩(정품)_131,560|해외구매 | _정품_142,000|_멀티팩(정품)_131,800|해외구매 | _정품_142,000|_멀티팩(정품)_131,900|해외구매 | _정품_147,430|_멀티팩(정품)_131,500|해외구매 | _정품_147,430|_멀티팩(정품)_131,610|해외구매 | _정품_147,470|_멀티팩(정품)_131,620|해외구매 | _정품_149,100|_멀티팩(정품)_131,750|해외구매 | _정품_149,100|_멀티팩(정품)_131,870|해외구매 | _정품_149,100|_멀티팩(정품)_132,330|해외구매 | _정품_149,500|_멀티팩(정품)_131,460|해외구매 | _정품_149,500|_멀티팩(정품)_131,890|해외구매 | _정품_149,500|_멀티팩(정품)_132,790|해외구매 | _정품_150,540|_멀티팩(정품)_131,660|해외구매 | _정품_150,540|_멀티팩(정품)_131,800|해외구매 | _정품_151,580|_멀티팩(정품)_131,790|해외구매 | _정품_151,580|_멀티팩(정품)_131,800|해외구매 | _정품_151,900|_멀티팩(정품)_131,460|해외구매 | _정품_151,900|_멀티팩(정품)_131,540|해외구매 | _정품_152,250|_멀티팩(정품)_131,690|해외구매 | _정품_152,250|_멀티팩(정품)_131,800|해외구매 | _정품_153,300|_멀티팩(정품)_131,590|해외구매 | _정품_154,000|_멀티팩(정품)_131,800|해외구매 | _정품_154,350|_멀티팩(정품)_131,800|해외구매 | _정품_154,350|_멀티팩(정품)_132,310|해외구매",134800,134790,134780,134770,134760,134750,134740,134730,134700,134690,134680,134670,134670,134640,134630,134600,134590,134560,134440,134430,134300,134180,134060,132190,125710,125710,125690,125320,125610,125580,125550
14927615,AMD 라이젠5-4세대 5600G (세잔),AMD 라이젠5-4세대 5600G,세잔,"_정품_251,690|_멀티팩(정품)_169,640|해외구매 | _정품_251,690|_멀티팩(정품)_169,670|해외구매 | _정품_251,690|_멀티팩(정품)_169,680|해외구매 | _정품_251,690|_멀티팩(정품)_169,710|해외구매 | _정품_251,690|_멀티팩(정품)_169,720|해외구매 | 정품_251,690|_멀티팩(정품)_169,540|_해외구매 | 정품_280,000|_멀티팩(정품)_168,680|_해외구매 | 정품_280,000|_멀티팩(정품)_168,810|_해외구매 | 정품_280,000|_멀티팩(정품)_168,820|_해외구매 | 정품_280,000|_멀티팩(정품)_168,870|_해외구매 | 정품_280,000|_멀티팩(정품)_168,920|_해외구매 | 정품_280,000|_멀티팩(정품)_169,030|_해외구매 | 정품_280,000|_멀티팩(정품)_169,060|_해외구매 | 정품_280,000|_멀티팩(정품)_169,160|_해외구매 | 정품_280,000|_멀티팩(정품)_169,280|_해외구매 | 정품_280,000|_멀티팩(정품)_169,360|_해외구매 | 정품_280,000|_멀티팩(정품)_169,380|_해외구매 | 정품_280,000|_멀티팩(정품)_169,500|_해외구매 | 정품_280,000|_멀티팩(정품)_169,530|_해외구매 | 정품_280,000|_멀티팩(정품)_169,590|_해외구매 | 정품_280,000|_멀티팩(정품)_169,700|_해외구매 | 정품_280,000|_멀티팩(정품)_169,730|_해외구매 | 정품_280,000|_멀티팩(정품)_169,830|_해외구매 | 정품_280,000|_멀티팩(정품)_169,890|_해외구매 | 정품_280,000|_멀티팩(정품)_172,980|_해외구매",123290,123300,123300,123300,123300,123300,126490,126490,126490,126490,126490,126490,126490,126490,126490,126490,126490,126490,126490,126490,126490,126490,126490,126490,126490,126490,126490,126490,126490,126490,126490
34337192,AMD 라이젠5-4세대 5600GT (세잔),AMD 라이젠5-4세대 5600GT,세잔,"_정품_164,790|_멀티팩(정품) | _정품_170,000|_멀티팩(정품) | _정품_170,800|_멀티팩(정품) | _정품_170,900|_멀티팩(정품)",166800,166800,166800,166800,166800,166800,166800,166800,165760,165750,165750,165750,165750,165740,165740,165740,165740,165740,165740,165740,165740,165740,166240,166240,166240,166240,166240,166230,166220,166220,166220
12621851,AMD 라이젠5-4세대 5600X (버미어),AMD 라이젠5-4세대 5600X,버미어,"_정품_176,890|_멀티팩(정품)_177,780|멀티팩(프리즘팩)_256,800|벌크_179,130|해외구매_145,790|중고 | _정품_176,890|_멀티팩(정품)_177,780|멀티팩(프리즘팩)_256,800|벌크_179,650|해외구매_145,820|중고 | _정품_176,890|_멀티팩(정품)_177,780|멀티팩(프리즘팩)_256,800|벌크_179,650|해외구매_145,830|중고 | _정품_176,890|_멀티팩(정품)_177,780|멀티팩(프리즘팩)_256,800|벌크_179,650|해외구매_145,930|중고 | _정품_176,890|_멀티팩(정품)_177,780|멀티팩(프리즘팩)_256,800|벌크_179,650|해외구매_145,960|중고 | _정품_176,890|_멀티팩(정품)_177,780|멀티팩(프리즘팩)_256,800|벌크_179,650|해외구매_145,970|중고 | _정품_176,890|_멀티팩(정품)_177,780|멀티팩(프리즘팩)_256,800|벌크_179,650|해외구매_146,090|중고 | _정품_176,890|_멀티팩(정품)_177,790|멀티팩(프리즘팩)_256,800|벌크_179,650|해외구매_146,200|중고 | _정품_177,210|_멀티팩(정품)_177,860|멀티팩(프리즘팩)_256,800|벌크_179,120|해외구매_143,660|중고 | _정품_177,210|_멀티팩(정품)_177,870|멀티팩(프리즘팩)_256,800|벌크_179,120|해외구매_135,280|중고 | _정품_177,210|_멀티팩(정품)_177,870|멀티팩(프리즘팩)_256,800|벌크_179,120|해외구매_135,310|중고 | _정품_177,260|_멀티팩(정품)_177,900|멀티팩(프리즘팩)_256,800|벌크_179,120|해외구매_135,320|중고 | _정품_177,270|_멀티팩(정품)_177,980|멀티팩(프리즘팩)_256,800|벌크_179,120|해외구매_135,440|중고 | _정품_177,320|_멀티팩(정품)_178,650|멀티팩(프리즘팩)_256,800|벌크_179,120|해외구매_145,610|중고 | _정품_177,340|_멀티팩(정품)_178,670|멀티팩(프리즘팩)_256,800|벌크_179,120|해외구매_145,640|중고 | _정품_177,350|_멀티팩(정품)_178,680|멀티팩(프리즘팩)_256,800|벌크_179,130|해외구매_145,640|중고 | _정품_177,350|_멀티팩(정품)_178,680|멀티팩(프리즘팩)_256,800|벌크_179,130|해외구매_145,650|중고 | _정품_177,350|_멀티팩(정품)_178,680|멀티팩(프리즘팩)_256,800|벌크_179,130|해외구매_145,660|중고 | _정품_177,440|_멀티팩(정품)_177,780|멀티팩(프리즘팩)_256,800|벌크_179,130|해외구매_145,670|중고 | _정품_177,920|_멀티팩(정품)_177,860|멀티팩(프리즘팩)_256,800|벌크_179,120|해외구매_143,560|중고 | _정품_177,970|_멀티팩(정품)_177,860|멀티팩(프리즘팩)_256,800|벌크_179,120|해외구매_143,310|중고 | _정품_177,980|_멀티팩(정품)_176,560|멀티팩(프리즘팩)_254,870|벌크_178,090|해외구매_143,250|중고 | _정품_177,980|_멀티팩(정품)_176,570|멀티팩(프리즘팩)_254,880|벌크_178,090|해외구매_143,260|중고 | _정품_177,980|_멀티팩(정품)_177,860|멀티팩(프리즘팩)_256,800|벌크_179,120|해외구매_143,430|중고 | _정품_178,480|_멀티팩(정품)_176,670|멀티팩(프리즘팩)_255,000|벌크_178,590|해외구매_143,270|중고 | _정품_178,480|_멀티팩(정품)_178,450|멀티팩(프리즘팩)_256,800|벌크_178,590|해외구매_143,280|중고 | _정품_178,500|_멀티팩(정품)_178,470|멀티팩(프리즘팩)_256,800|벌크_178,600|해외구매_143,330|중고 | _정품_178,910|_멀티팩(정품)_178,980|멀티팩(프리즘팩)_256,800|벌크_173,730|해외구매_133,390|중고 | _정품_178,910|_멀티팩(정품)_178,990|멀티팩(프리즘팩)_256,800|벌크_173,730|해외구매_133,390|중고 | _정품_178,910|_멀티팩(정품)_178,990|멀티팩(프리즘팩)_256,800|벌크_179,120|해외구매_143,070|중고 | _정품_178,910|_멀티팩(정품)_179,010|멀티팩(프리즘팩)_256,800|벌크_179,120|해외구매_143,190|중고",144990,144990,139500,144990,144990,174990,174990,174990,174990,174990,174990,174990,174990,174990,174990,174990,174990,174990,174990,174990,174990,174990,164500,174990,174990,174990,174990,162490,162490,162490,162490
21694499,AMD 라이젠5-5세대 7500F (라파엘),AMD 라이젠5-5세대 7500F,라파엘,"_멀티팩(정품)_192,160|_벌크_196,860|해외구매 | _멀티팩(정품)_192,170|_벌크_196,860|해외구매 | _멀티팩(정품)_192,270|_벌크_196,860|해외구매 | _멀티팩(정품)_192,370|_벌크_196,860|해외구매 | _멀티팩(정품)_192,400|_벌크_196,860|해외구매 | _멀티팩(정품)_192,570|_벌크_193,920|해외구매 | _멀티팩(정품)_192,570|_벌크_193,930|해외구매 | _멀티팩(정품)_192,570|_벌크_196,860|해외구매 | _멀티팩(정품)_192,730|_벌크_196,820|해외구매 | _멀티팩(정품)_192,730|_벌크_196,830|해외구매 | _멀티팩(정품)_192,850|_벌크_196,340|해외구매 | _멀티팩(정품)_193,140|_벌크_193,930|해외구매 | _멀티팩(정품)_193,170|_벌크_193,930|해외구매 | _멀티팩(정품)_193,930|_벌크_194,730|해외구매 | _멀티팩(정품)_193,940|_벌크_194,850|해외구매 | _멀티팩(정품)_193,980|_벌크_195,060|해외구매 | _멀티팩(정품)_194,100|_벌크_195,890|해외구매 | _멀티팩(정품)_194,140|_벌크_195,910|해외구매 | _멀티팩(정품)_194,150|_벌크_196,830|해외구매 | _멀티팩(정품)_194,340|_벌크_196,330|해외구매 | _멀티팩(정품)_194,470|_벌크_196,330|해외구매 | _멀티팩(정품)_194,600|_벌크_196,330|해외구매 | _멀티팩(정품)_194,630|_벌크_196,330|해외구매 | _멀티팩(정품)_194,660|_벌크_196,330|해외구매 | _멀티팩(정품)_194,670|_벌크_196,330|해외구매 | _멀티팩(정품)_194,710|_벌크_196,330|해외구매 | _멀티팩(정품)_194,970|_벌크_195,800|해외구매 | _멀티팩(정품)_194,990|_벌크_195,800|해외구매 | _멀티팩(정품)_195,990|_벌크_195,800|해외구매",196480,196470,196440,196430,196400,195380,195350,189060,189030,189020,189010,189000,188990,188960,188850,188730,188720,188690,188570,188570,188450,188330,188210,188090,175850,175850,175850,175850,189040,189030,189020
18718496,AMD 라이젠5-5세대 7600 (라파엘),AMD 라이젠5-5세대 7600,라파엘,"_정품_253,430|_멀티팩(정품)_239,000|벌크_245,990|해외구매 | _정품_253,430|_멀티팩(정품)_241,000|벌크_245,990|해외구매 | _정품_253,430|_멀티팩(정품)_241,000|벌크_247,060|해외구매 | _정품_253,440|_멀티팩(정품)_241,000|벌크_247,060|해외구매 | _정품_253,880|_멀티팩(정품)_241,980|벌크_244,930|해외구매 | _정품_253,900|_멀티팩(정품)_241,000|벌크_247,060|해외구매 | _정품_253,910|_멀티팩(정품)_241,990|벌크_244,930|해외구매 | _정품_253,930|_멀티팩(정품)_244,980|벌크_247,060|해외구매 | _정품_253,940|_멀티팩(정품)_242,970|벌크_245,450|해외구매 | _정품_253,940|_멀티팩(정품)_242,970|벌크_247,060|해외구매 | _정품_253,950|_멀티팩(정품)_237,990|벌크_245,460|해외구매 | _정품_253,950|_멀티팩(정품)_238,900|벌크_246,020|해외구매 | _정품_253,990|_멀티팩(정품)_237,000|벌크_246,020|해외구매 | _정품_253,990|_멀티팩(정품)_237,000|벌크_246,030|해외구매 | _정품_253,990|_멀티팩(정품)_238,000|벌크_245,480|해외구매 | _정품_253,990|_멀티팩(정품)_238,000|벌크_245,990|해외구매 | _정품_253,990|_멀티팩(정품)_238,000|벌크_246,000|해외구매 | _정품_253,990|_멀티팩(정품)_238,900|벌크_246,020|해외구매 | _정품_253,990|_멀티팩(정품)_238,990|벌크_246,540|해외구매 | _정품_253,990|_멀티팩(정품)_239,000|벌크_246,010|해외구매 | _정품_253,990|_멀티팩(정품)_239,000|벌크_246,020|해외구매 | _정품_253,990|_멀티팩(정품)_239,000|벌크_246,540|해외구매 | _정품_253,990|_멀티팩(정품)_239,000|벌크_246,550|해외구매 | _정품_253,990|_멀티팩(정품)_240,790|벌크_246,020|해외구매 | _정품_253,990|_멀티팩(정품)_242,990|벌크_246,000|해외구매 | _정품_260,390|_멀티팩(정품)_242,990|벌크_246,010|해외구매",227230,227220,227190,227180,227150,227050,227020,226910,226790,226760,226670,226650,226550,226520,226410,226290,226280,226250,226130,226120,226090,225970,225880,230930,210450,210450,210450,210450,228760,228750,228740
18718481,AMD 라이젠5-5세대 7600 (라파엘),AMD 라이젠5-5세대 7600,라파엘,"_정품_253,430|_멀티팩(정품)_239,000|벌크_245,990|해외구매 | _정품_253,430|_멀티팩(정품)_241,000|벌크_245,990|해외구매 | _정품_253,430|_멀티팩(정품)_241,000|벌크_247,060|해외구매 | _정품_253,440|_멀티팩(정품)_241,000|벌크_247,060|해외구매 | _정품_253,880|_멀티팩(정품)_241,980|벌크_244,930|해외구매 | _정품_253,900|_멀티팩(정품)_241,000|벌크_247,060|해외구매 | _정품_253,910|_멀티팩(정품)_241,990|벌크_244,930|해외구매 | _정품_253,930|_멀티팩(정품)_244,980|벌크_247,060|해외구매 | _정품_253,940|_멀티팩(정품)_242,970|벌크_245,450|해외구매 | _정품_253,940|_멀티팩(정품)_242,970|벌크_247,060|해외구매 | _정품_253,950|_멀티팩(정품)_237,990|벌크_245,460|해외구매 | _정품_253,950|_멀티팩(정품)_238,900|벌크_246,020|해외구매 | _정품_253,990|_멀티팩(정품)_237,000|벌크_246,020|해외구매 | _정품_253,990|_멀티팩(정품)_237,000|벌크_246,030|해외구매 | _정품_253,990|_멀티팩(정품)_238,000|벌크_245,480|해외구매 | _정품_253,990|_멀티팩(정품)_238,000|벌크_245,990|해외구매 | _정품_253,990|_멀티팩(정품)_238,000|벌크_246,000|해외구매 | _정품_253,990|_멀티팩(정품)_238,900|벌크_246,020|해외구매 | _정품_253,990|_멀티팩(정품)_238,990|벌크_246,540|해외구매 | _정품_253,990|_멀티팩(정품)_239,000|벌크_246,010|해외구매 | _정품_253,990|_멀티팩(정품)_239,000|벌크_246,020|해외구매 | _정품_253,990|_멀티팩(정품)_239,000|벌크_246,540|해외구매 | _정품_253,990|_멀티팩(정품)_239,000|벌크_246,550|해외구매 | _정품_253,990|_멀티팩(정품)_240,790|벌크_246,020|해외구매 | _정품_253,990|_멀티팩(정품)_242,990|벌크_246,000|해외구매 | _정품_260,390|_멀티팩(정품)_242,990|벌크_246,010|해외구매",227230,227220,227190,227180,227150,227050,227020,226910,226790,226760,226670,226650,226550,226520,226410,226290,226280,226250,226130,226120,226090,225970,225880,230930,210450,210450,210450,210450,228760,228750,228740
27757619,AMD 라이젠5-5세대 7600X (라파엘),AMD 라이젠5-5세대 7600X,라파엘,"_정품_300,090|_멀티팩(정품)_271,570|해외구매 | _정품_300,090|_멀티팩(정품)_271,580|해외구매 | _정품_300,090|_멀티팩(정품)_271,770|해외구매 | _정품_300,090|_멀티팩(정품)_271,780|해외구매 | _정품_300,090|멀티팩(정품)_271,570|_해외구매 | _정품_300,090|멀티팩(정품)_271,580|_해외구매 | _정품_301,200|멀티팩(정품)_272,610|_해외구매 | _정품_301,210|멀티팩(정품)_272,610|_해외구매 | _정품_301,220|멀티팩(정품)_272,600|_해외구매 | _정품_301,220|멀티팩(정품)_272,610|_해외구매 | _정품_301,230|_멀티팩(정품)_272,090|해외구매 | _정품_302,380|멀티팩(정품)_272,630|_해외구매 | 정품_299,860|_멀티팩(정품)_271,570|_해외구매 | 정품_300,090|_멀티팩(정품)_271,570|_해외구매 | 정품_301,230|_멀티팩(정품)_272,090|_해외구매 | 정품_301,230|_멀티팩(정품)_272,830|_해외구매 | 정품_301,240|_멀티팩(정품)_272,840|_해외구매 | 정품_302,380|_멀티팩(정품)_272,630|_해외구매",222670,222670,222670,222670,222670,222670,222670,222670,222670,222670,222670,222670,257550,257440,257410,257300,257270,257160,257040,257030,257000,256880,256760,256640,237920,237920,237920,237920,257560,257550,257540
17913311,AMD 라이젠5-5세대 7600X (라파엘),AMD 라이젠5-5세대 7600X,라파엘,"_정품_300,090|_멀티팩(정품)_271,570|해외구매 | _정품_300,090|_멀티팩(정품)_271,580|해외구매 | _정품_300,090|_멀티팩(정품)_271,770|해외구매 | _정품_300,090|_멀티팩(정품)_271,780|해외구매 | _정품_300,090|멀티팩(정품)_271,570|_해외구매 | _정품_300,090|멀티팩(정품)_271,580|_해외구매 | _정품_301,200|멀티팩(정품)_272,610|_해외구매 | _정품_301,210|멀티팩(정품)_272,610|_해외구매 | _정품_301,220|멀티팩(정품)_272,600|_해외구매 | _정품_301,220|멀티팩(정품)_272,610|_해외구매 | _정품_301,230|_멀티팩(정품)_272,090|해외구매 | _정품_302,380|멀티팩(정품)_272,630|_해외구매 | 정품_299,860|_멀티팩(정품)_271,570|_해외구매 | 정품_300,090|_멀티팩(정품)_271,570|_해외구매 | 정품_301,230|_멀티팩(정품)_272,090|_해외구매 | 정품_301,230|_멀티팩(정품)_272,830|_해외구매 | 정품_301,240|_멀티팩(정품)_272,840|_해외구매 | 정품_302,380|_멀티팩(정품)_272,630|_해외구매",222670,222670,222670,222670,222670,222670,222670,222670,222670,222670,222670,222670,257550,257440,257410,257300,257270,257160,257040,257030,257000,256880,256760,256640,237920,237920,237920,237920,257560,257550,257540
53626130,AMD 라이젠5-5세대 8400F (피닉스),AMD 라이젠5-5세대 8400F,피닉스,멀티팩(정품),215960,215960,215960,215960,215960,215950,215940,215940,215940,215940,215940,215940,214910,212830,211780,211780,211770,211770,211770,210730,210730,210720,207800,207790,207790,207790,205540,205080,205040,205000,204990
34336130,AMD 라이젠5-5세대 8500G (피닉스),AMD 라이젠5-5세대 8500G,피닉스,"_정품_201,830|_멀티팩(정품)_200,680|해외구매 | _정품_201,880|_멀티팩(정품)_200,680|해외구매 | _정품_201,990|_멀티팩(정품)_200,680|해외구매 | _정품_202,020|_멀티팩(정품)_200,680|해외구매 | _정품_202,140|_멀티팩(정품)_200,680|해외구매 | _정품_202,190|_멀티팩(정품)_200,680|해외구매 | _정품_202,250|_멀티팩(정품)_200,680|해외구매 | _정품_202,280|_멀티팩(정품)_201,190|해외구매 | _정품_202,380|_멀티팩(정품)_201,190|해외구매 | _정품_202,390|_멀티팩(정품)_201,200|해외구매 | _정품_202,490|_멀티팩(정품)_201,190|해외구매 | _정품_202,560|_멀티팩(정품)_201,190|해외구매 | _정품_202,580|_멀티팩(정품)_201,190|해외구매 | _정품_202,590|_멀티팩(정품)_201,200|해외구매 | _정품_202,600|_멀티팩(정품)_201,200|해외구매 | _정품_206,270|_멀티팩(정품)_200,460|해외구매 | _정품_206,270|_멀티팩(정품)_200,470|해외구매 | _정품_207,850|_멀티팩(정품)_200,450|해외구매 | _정품_207,860|_멀티팩(정품)_200,450|해외구매 | _정품_207,970|_멀티팩(정품)_200,450|해외구매 | _정품_207,990|_멀티팩(정품)_200,450|해외구매 | _정품_208,000|_멀티팩(정품)_200,450|해외구매 | _정품_208,000|_멀티팩(정품)_200,460|해외구매 | _정품_208,530|_멀티팩(정품)_200,460|해외구매",218920,218920,218920,218920,218920,214310,214310,214310,218920,218920,218920,218920,218920,218920,218920,218920,218920,218920,218920,218920,218920,218920,218890,218770,209250,209250,218830,218780,218770,218760,218750
34336475,AMD 라이젠5-5세대 8600G (피닉스),AMD 라이젠5-5세대 8600G,피닉스,"_정품_259,190|_멀티팩(정품)_263,520|해외구매 | _정품_259,200|_멀티팩(정품)_263,530|해외구매 | _정품_262,310|_멀티팩(정품)_260,770|해외구매 | _정품_262,310|_멀티팩(정품)_260,870|해외구매 | _정품_262,320|_멀티팩(정품)_263,530|해외구매 | _정품_262,330|_멀티팩(정품)_263,530|해외구매 | _정품_262,340|_멀티팩(정품)_263,530|해외구매 | _정품_262,350|_멀티팩(정품)_263,530|해외구매 | _정품_262,360|_멀티팩(정품)_263,540|해외구매 | _정품_262,370|_멀티팩(정품)_263,550|해외구매 | _정품_262,370|_멀티팩(정품)_263,750|해외구매 | _정품_262,380|_멀티팩(정품)_263,760|해외구매 | _정품_262,380|_멀티팩(정품)_264,790|해외구매 | _정품_262,890|_멀티팩(정품)_264,790|해외구매 | _정품_262,910|_멀티팩(정품)_264,790|해외구매 | _정품_263,440|_멀티팩(정품)_264,790|해외구매 | _정품_263,440|멀티팩(정품)_264,790|_해외구매",269990,269990,269990,269990,269990,269990,269990,269990,269990,269990,269990,269990,269990,269990,269990,269990,269990,269990,269990,269990,269990,269990,269990,274780,264810,264810,274720,274690,274600,274570,274560
62653718,AMD 라이젠5-6세대 9600X (그래니트 릿지),AMD 라이젠5-6세대 9600X,그래니트 릿지,"_정품_427,800|_멀티팩(정품) | _정품_427,810|_멀티팩(정품) | _정품_427,910|_멀티팩(정품) | _정품_428,010|_멀티팩(정품) | _정품_428,040|_멀티팩(정품) | _정품_428,070|_멀티팩(정품) | _정품_430,990|_멀티팩(정품) | _정품_433,090|_멀티팩(정품) | _정품_433,100|_멀티팩(정품) | _정품_436,880|_멀티팩(정품) | _정품_436,920|_멀티팩(정품) | _정품_436,930|_멀티팩(정품) | _정품_436,980|_멀티팩(정품) | _정품_441,520|_멀티팩(정품) | _정품_441,550|_멀티팩(정품) | _정품_441,560|_멀티팩(정품) | _정품_441,750|_멀티팩(정품)",0,0,0,0,0,0,0,0,436150,435990,435960,435840,435740,435710,435700,435660,435610,433360,433260,433390,433390,433380,433380,430990,428070,428060,427920,427870,427860,427760,427730
62794079,AMD 라이젠5-6세대 9600X (그래니트 릿지),AMD 라이젠5-6세대 9600X,그래니트 릿지,"_정품_427,800|_멀티팩(정품) | _정품_427,810|_멀티팩(정품) | _정품_427,910|_멀티팩(정품) | _정품_428,010|_멀티팩(정품) | _정품_428,040|_멀티팩(정품) | _정품_428,070|_멀티팩(정품) | _정품_430,990|_멀티팩(정품) | _정품_433,090|_멀티팩(정품) | _정품_433,100|_멀티팩(정품) | _정품_436,880|_멀티팩(정품) | _정품_436,920|_멀티팩(정품) | _정품_436,930|_멀티팩(정품) | _정품_436,980|_멀티팩(정품) | _정품_441,520|_멀티팩(정품) | _정품_441,550|_멀티팩(정품) | _정품_441,560|_멀티팩(정품) | _정품_441,750|_멀티팩(정품)",0,0,0,0,0,0,0,0,436150,435990,435960,435840,435740,435710,435700,435660,435610,433360,433260,433390,433390,433380,433380,430990,428070,428060,427920,427870,427860,427760,427730
15276365,AMD 라이젠7 PRO 4750G (르누아르),AMD 라이젠7 PRO 4750G,르누아르,해외구매,235410,235410,235410,235410,235410,216550,216550,216550,221210,221210,221210,221210,221210,221210,221210,221210,221210,221210,221210,221210,221210,221210,221210,221210,221210,221210,221210,221210,221210,221210,221210
5565805,AMD 라이젠7-1세대 1700 (서밋 릿지),AMD 라이젠7-1세대 1700,서밋 릿지,"_해외구매_205,950|_중고 | _해외구매_208,610|_중고 | _해외구매_208,710|_중고 | _해외구매_208,740|_중고 | _해외구매_208,750|_중고 | _해외구매_214,930|_중고 | _해외구매_226,790|_중고",46990,46990,47000,46990,46990,46990,46990,46990,46990,46990,46990,46990,46990,46990,46990,46990,46990,46990,46990,46990,46990,46990,47900,46990,46000,46000,45900,45900,45900,45900,45900
11036691,AMD 라이젠7-1세대 1700X (서밋 릿지),AMD 라이젠7-1세대 1700X,서밋 릿지,중고,66790,66790,66790,66790,66790,66790,66790,66790,66790,66790,66790,66790,66790,66790,66790,0,66790,66790,66790,66790,66790,66790,66790,66790,61530,61530,59890,59890,59890,59890,59890
4929101,AMD 라이젠7-1세대 1800X (서밋 릿지),AMD 라이젠7-1세대 1800X,서밋 릿지,"_정품_659,550|_중고",75610,75610,75610,75610,75610,75610,75610,75610,75610,75610,75610,75610,75610,75610,75610,75610,75610,75610,75610,76430,76430,76430,76430,76430,74880,74880,74880,73990,73990,73990,73170
11036082,AMD 라이젠7-2세대 2700 (피나클 릿지),AMD 라이젠7-2세대 2700,피나클 릿지,해외구매,0,0,0,0,0,0,0,0,0,0,67000,67000,67000,67000,67000,67000,67000,67000,67000,67000,67000,67000,67000,67000,67000,67000,67000,67000,67000,67000,67000
13837388,AMD 라이젠7-2세대 2700X (피나클 릿지),AMD 라이젠7-2세대 2700X,피나클 릿지,중고,70680,70680,70680,70680,70680,70680,72900,72900,72900,72900,72900,72900,72900,72900,72900,72900,72900,72900,72900,72900,72900,72900,72900,72900,72900,72900,72900,72900,72900,72900,72900
8459829,AMD 라이젠7-3세대 3700X (마티스),AMD 라이젠7-3세대 3700X,마티스,"_정품_399,000|_멀티팩(정품)_405,000|중고 | _정품_399,000|멀티팩(정품)_405,000|_해외구매_176,580|중고 | _정품_399,000|멀티팩(정품)_405,000|_해외구매_176,590|중고",118000,143790,118000,118000,118000,118000,118000,118000,118000,0,0,0,0,0,0,0,0,0,0,0,0,0,0,0,0,0,0,0,0,0,0
9421629,AMD 라이젠7-3세대 3700X (마티스),AMD 라이젠7-3세대 3700X,마티스,"_멀티팩(정품)_405,000|_해외구매_174,820|중고 | _멀티팩(정품)_405,000|_해외구매_174,850|중고 | _멀티팩(정품)_405,000|_해외구매_174,880|중고 | _멀티팩(정품)_405,000|_해외구매_174,890|중고 | _멀티팩(정품)_405,000|_해외구매_174,950|중고 | _멀티팩(정품)_405,000|_해외구매_175,070|중고 | _멀티팩(정품)_405,000|_해외구매_175,190|중고 | _멀티팩(정품)_405,000|_해외구매_175,310|중고 | _멀티팩(정품)_405,000|_해외구매_175,430|중고 | _멀티팩(정품)_405,000|_해외구매_175,550|중고 | _멀티팩(정품)_405,000|_해외구매_175,670|중고 | _멀티팩(정품)_405,000|_해외구매_175,800|중고 | _멀티팩(정품)_405,000|_해외구매_175,810|중고 | _멀티팩(정품)_405,000|_해외구매_175,930|중고 | _멀티팩(정품)_405,000|_해외구매_176,050|중고 | _멀티팩(정품)_405,000|_해외구매_176,080|중고 | _멀티팩(정품)_405,000|_해외구매_176,180|중고 | _멀티팩(정품)_405,000|_해외구매_176,210|중고 | _멀티팩(정품)_405,000|_해외구매_176,240|중고 | _멀티팩(정품)_405,000|_해외구매_176,350|중고 | _멀티팩(정품)_405,000|_해외구매_176,370|중고 | _멀티팩(정품)_405,000|_해외구매_176,460|중고",0,0,0,0,0,0,0,0,0,118000,118000,118000,118000,118000,118000,118000,118000,118000,118000,118000,118000,118000,143790,118000,118000,118000,118000,117990,117990,117990,117990
8459781,AMD 라이젠7-3세대 3800X (마티스),AMD 라이젠7-3세대 3800X,마티스,"_정품_560,760|_해외구매",136000,157580,136000,136000,136000,136000,136000,136000,136000,136000,136000,136000,136000,136000,136000,136000,136000,136000,136000,136000,136000,136000,157580,136000,136000,136000,136000,136000,135990,136000,136000
11756552,AMD 라이젠7-3세대 3800XT (마티스),AMD 라이젠7-3세대 3800XT,마티스,"_정품_1,384,700|_중고",151130,151130,151130,151130,151130,151130,151130,151130,151130,151130,151130,151130,151130,151130,151130,151130,151130,151130,151130,152750,152750,152750,152750,152750,149500,149500,149500,136500,136500,136500,135000
34337090,AMD 라이젠7-4세대 5700 (세잔),AMD 라이젠7-4세대 5700,세잔,멀티팩(정품),206180,206180,206180,206180,206170,206170,206170,206170,206170,206170,206170,206170,206170,206170,206170,206170,206170,206170,206170,208540,208540,208530,208530,208530,208530,208520,208490,208490,208490,208490,208490
14927753,AMD 라이젠7-4세대 5700G (세잔),AMD 라이젠7-4세대 5700G,세잔,"_정품_334,360|멀티팩(정품)_266,870|_해외구매 | _정품_340,330|_멀티팩(정품)_266,870|해외구매 | 정품_330,680|_멀티팩(정품)_266,870|_해외구매 | 정품_334,360|_멀티팩(정품)_266,870|_해외구매 | 정품_338,390|_멀티팩(정품)_266,870|_해외구매 | 정품_338,400|_멀티팩(정품)_266,870|_해외구매 | 정품_340,330|_멀티팩(정품)_266,870|_해외구매 | 정품_340,330|_멀티팩(정품)_267,050|_해외구매 | 정품_340,330|_멀티팩(정품)_269,850|_해외구매",285590,285480,285360,285350,285320,285220,285210,285140,258640,258540,258530,236990,236960,236930,236820,236700,236670,236570,236540,236530,236400,236280,236160,236040,222490,222490,222480,222450,222350,222340,222330
16741349,AMD 라이젠7-4세대 5700X (버미어),AMD 라이젠7-4세대 5700X,버미어,"_멀티팩(정품)_214,750|벌크_215,800|_해외구매 | _멀티팩(정품)_214,750|벌크_217,000|_해외구매 | _멀티팩(정품)_214,750|벌크_217,090|_해외구매 | _멀티팩(정품)_214,750|벌크_217,340|_해외구매 | _멀티팩(정품)_214,750|벌크_217,350|_해외구매 | _멀티팩(정품)_214,760|_벌크_215,800|해외구매 | _멀티팩(정품)_214,760|벌크_215,800|_해외구매 | _멀티팩(정품)_214,980|_벌크_215,800|해외구매 | _멀티팩(정품)_216,550|_벌크_218,410|해외구매 | _멀티팩(정품)_216,580|_벌크 | _멀티팩(정품)_216,580|_벌크_218,920|해외구매 | _멀티팩(정품)_216,580|벌크_218,920|_해외구매 | _멀티팩(정품)_216,970|_벌크 | _멀티팩(정품)_216,980|_벌크 | _멀티팩(정품)_216,990|_벌크 | _멀티팩(정품)_217,000|_벌크",218300,218300,218300,218300,218300,218300,218300,188580,188580,188580,188570,188470,188460,188430,188320,188220,188210,188210,188210,192300,192300,192300,192300,187690,182250,182250,182250,182250,182160,182130,182120
34336865,AMD 라이젠7-4세대 5700X3D (버미어),AMD 라이젠7-4세대 5700X3D,버미어,"_멀티팩(정품)_280,980|_해외구매 | _멀티팩(정품)_280,990|_해외구매 | _멀티팩(정품)_283,290|_해외구매 | _멀티팩(정품)_283,300|_해외구매 | _멀티팩(정품)_283,310|_해외구매 | _멀티팩(정품)_283,440|_해외구매 | _멀티팩(정품)_283,470|_해외구매 | _멀티팩(정품)_284,320|_해외구매 | _멀티팩(정품)_285,170|_해외구매 | _멀티팩(정품)_285,220|_해외구매 | _멀티팩(정품)_285,260|_해외구매 | _멀티팩(정품)_285,370|_해외구매 | _멀티팩(정품)_285,390|_해외구매",219230,223180,223070,223040,222920,222820,222810,222770,222630,222530,222520,222510,222500,222470,222360,222220,222080,221960,221830,223550,230280,230280,230280,230280,219000,218900,218870,218750,218660,204680,212900
12621953,AMD 라이젠7-4세대 5800X (버미어),AMD 라이젠7-4세대 5800X,버미어,"_정품_505,000|_멀티팩(정품)_317,900|벌크_320,640|해외구매_307,250|중고 | _정품_505,000|_멀티팩(정품)_320,910|벌크_320,640|해외구매_285,400|중고 | _정품_505,000|_멀티팩(정품)_320,910|벌크_320,640|해외구매_307,340|중고 | _정품_505,000|_멀티팩(정품)_320,910|벌크_320,640|해외구매_307,370|중고 | _정품_631,750|_멀티팩(정품)_306,130|벌크_320,640|해외구매_297,390|중고 | _정품_631,750|_멀티팩(정품)_306,130|벌크_320,640|해외구매_311,130|중고 | _정품_631,750|_멀티팩(정품)_306,130|벌크_320,640|해외구매_345,890|중고 | _정품_631,750|_멀티팩(정품)_320,910|벌크_320,640|해외구매_297,390|중고 | _정품_638,550|_멀티팩(정품)_320,910|벌크_320,640|해외구매_297,390|중고",280000,280000,280000,280000,280000,280000,280000,280000,280000,280000,280000,280000,280000,275000,275000,275000,275000,270000,270000,270000,270000,270000,265000,265000,265000,265000,265000,265000,265000,265000,265000
16872089,AMD 라이젠7-4세대 5800X3D (버미어),AMD 라이젠7-4세대 5800X3D,버미어,"_정품_485,530|멀티팩(정품)_486,900|_해외구매 | _정품_485,560|멀티팩(정품)_487,000|_해외구매 | _정품_485,670|멀티팩(정품)_487,000|_해외구매 | _정품_485,700|멀티팩(정품)_487,000|_해외구매 | _정품_485,800|멀티팩(정품)_487,000|_해외구매 | _정품_485,840|멀티팩(정품)_487,000|_해외구매 | _정품_485,850|멀티팩(정품)_486,990|_해외구매 | _정품_485,860|멀티팩(정품)_486,990|_해외구매 | _정품_485,870|멀티팩(정품)_486,990|_해외구매 | _정품_485,880|멀티팩(정품)_486,990|_해외구매 | _정품_485,890|멀티팩(정품)_486,900|_해외구매 | _정품_485,890|멀티팩(정품)_486,990|_해외구매 | _정품_485,890|멀티팩(정품)_504,000|_해외구매 | _정품_486,890|멀티팩(정품)_486,990|_해외구매 | _정품_493,850|멀티팩(정품)_497,120|_해외구매 | _정품_493,850|멀티팩(정품)_497,150|_해외구매 | _정품_493,850|멀티팩(정품)_497,160|_해외구매 | _정품_493,850|멀티팩(정품)_497,280|_해외구매 | _정품_493,850|멀티팩(정품)_497,310|_해외구매 | _정품_497,420|멀티팩(정품)_498,990|_해외구매 | _정품_497,420|멀티팩(정품)_499,000|_해외구매 | _정품_497,420|멀티팩(정품)_504,000|_해외구매",438330,446870,446770,446740,446620,446520,446870,446870,446870,446870,446870,446870,446870,446870,446870,446870,446870,446870,446870,446870,446870,446870,446870,446870,426960,426960,432590,432590,446870,378250,395250
62164991,AMD 라이젠7-4세대 5800XT (버미어),AMD 라이젠7-4세대 5800XT,버미어,정품,415300,415300,415300,415300,395760,399990,399900,389420,389420,389420,389420,389420,389420,389420,389420,389420,389420,389420,389420,385580,385570,385570,385570,385570,385570,385570,385570,385540,385440,385430,385420
18718538,AMD 라이젠7-5세대 7700 (라파엘),AMD 라이젠7-5세대 7700,라파엘,"_정품_364,150|_멀티팩(정품)_348,690|해외구매 | _정품_364,150|_멀티팩(정품)_348,800|해외구매 | _정품_364,160|_멀티팩(정품)_346,830|해외구매 | _정품_364,160|_멀티팩(정품)_346,840|해외구매 | _정품_364,160|_멀티팩(정품)_348,830|해외구매 | _정품_364,160|_멀티팩(정품)_348,930|해외구매 | _정품_364,160|_멀티팩(정품)_349,890|해외구매 | _정품_364,160|_멀티팩(정품)_349,990|해외구매 | _정품_364,160|_멀티팩(정품)_350,010|해외구매 | _정품_364,160|_멀티팩(정품)_350,130|해외구매 | _정품_364,160|_멀티팩(정품)_350,830|해외구매 | _정품_364,160|_멀티팩(정품)_350,950|해외구매 | _정품_364,160|_멀티팩(정품)_352,180|해외구매 | _정품_364,160|_멀티팩(정품)_352,190|해외구매 | _정품_364,160|_멀티팩(정품)_352,200|해외구매 | _정품_364,160|_멀티팩(정품)_352,210|해외구매 | _정품_364,160|_멀티팩(정품)_352,240|해외구매 | _정품_364,160|_멀티팩(정품)_352,990|해외구매",282030,282000,281970,281960,281930,281830,281820,281790,281670,281580,281570,281560,281550,281520,281420,281390,281380,281350,281230,282730,282730,282710,283840,283620,260410,260410,260410,260410,273060,273050,273040
18718532,AMD 라이젠7-5세대 7700 (라파엘),AMD 라이젠7-5세대 7700,라파엘,"_정품_364,150|_멀티팩(정품)_348,690|해외구매 | _정품_364,150|_멀티팩(정품)_348,800|해외구매 | _정품_364,160|_멀티팩(정품)_346,830|해외구매 | _정품_364,160|_멀티팩(정품)_346,840|해외구매 | _정품_364,160|_멀티팩(정품)_348,830|해외구매 | _정품_364,160|_멀티팩(정품)_348,930|해외구매 | _정품_364,160|_멀티팩(정품)_349,890|해외구매 | _정품_364,160|_멀티팩(정품)_349,990|해외구매 | _정품_364,160|_멀티팩(정품)_350,010|해외구매 | _정품_364,160|_멀티팩(정품)_350,130|해외구매 | _정품_364,160|_멀티팩(정품)_350,830|해외구매 | _정품_364,160|_멀티팩(정품)_350,950|해외구매 | _정품_364,160|_멀티팩(정품)_352,180|해외구매 | _정품_364,160|_멀티팩(정품)_352,190|해외구매 | _정품_364,160|_멀티팩(정품)_352,200|해외구매 | _정품_364,160|_멀티팩(정품)_352,210|해외구매 | _정품_364,160|_멀티팩(정품)_352,240|해외구매 | _정품_364,160|_멀티팩(정품)_352,990|해외구매",282030,282000,281970,281960,281930,281830,281820,281790,281670,281580,281570,281560,281550,281520,281420,281390,281380,281350,281230,282730,282730,282710,283840,283620,260410,260410,260410,260410,273060,273050,273040
27945140,AMD 라이젠7-5세대 7700X (라파엘),AMD 라이젠7-5세대 7700X,라파엘,"_정품_510,000|_멀티팩(정품)_413,830|해외구매 | _정품_510,000|_멀티팩(정품)_413,840|해외구매 | _정품_510,000|_멀티팩(정품)_413,850|해외구매 | _정품_510,000|_멀티팩(정품)_413,950|해외구매 | _정품_510,000|_멀티팩(정품)_413,990|해외구매 | _정품_510,000|_멀티팩(정품)_414,970|해외구매 | _정품_510,000|_멀티팩(정품)_414,980|해외구매 | _정품_510,000|_멀티팩(정품)_414,990|해외구매 | _정품_510,000|멀티팩(정품)_413,990|_해외구매 | _정품_510,000|멀티팩(정품)_414,000|_해외구매 | _정품_510,000|멀티팩(정품)_414,950|_해외구매 | _정품_510,000|멀티팩(정품)_414,960|_해외구매 | _정품_510,000|멀티팩(정품)_414,970|_해외구매 | _정품_510,000|멀티팩(정품)_414,980|_해외구매 | _정품_510,000|멀티팩(정품)_414,990|_해외구매 | _정품_510,000|멀티팩(정품)_424,840|_해외구매",733890,733890,733890,733890,733890,733890,733890,733890,733890,733890,733890,733890,733890,733890,733890,733890,733890,733890,733890,733890,745930,745930,745940,745940,744080,744080,744080,744080,745930,745930,745930
17913710,AMD 라이젠7-5세대 7700X (라파엘),AMD 라이젠7-5세대 7700X,라파엘,"_정품_510,000|_멀티팩(정품)_413,830|해외구매 | _정품_510,000|_멀티팩(정품)_413,840|해외구매 | _정품_510,000|_멀티팩(정품)_413,850|해외구매 | _정품_510,000|_멀티팩(정품)_413,950|해외구매 | _정품_510,000|_멀티팩(정품)_413,990|해외구매 | _정품_510,000|_멀티팩(정품)_414,970|해외구매 | _정품_510,000|_멀티팩(정품)_414,980|해외구매 | _정품_510,000|_멀티팩(정품)_414,990|해외구매 | _정품_510,000|멀티팩(정품)_413,990|_해외구매 | _정품_510,000|멀티팩(정품)_414,000|_해외구매 | _정품_510,000|멀티팩(정품)_414,950|_해외구매 | _정품_510,000|멀티팩(정품)_414,960|_해외구매 | _정품_510,000|멀티팩(정품)_414,970|_해외구매 | _정품_510,000|멀티팩(정품)_414,980|_해외구매 | _정품_510,000|멀티팩(정품)_414,990|_해외구매 | _정품_510,000|멀티팩(정품)_424,840|_해외구매",733890,733890,733890,733890,733890,733890,733890,733890,733890,733890,733890,733890,733890,733890,733890,733890,733890,733890,733890,733890,745930,745930,745940,745940,744080,744080,744080,744080,745930,745930,745930
19627934,AMD 라이젠7-5세대 7800X3D (라파엘),AMD 라이젠7-5세대 7800X3D,라파엘,"_정품_507,900|_멀티팩(정품)_507,820|해외구매 | _정품_510,880|_멀티팩(정품)_511,000|해외구매 | _정품_510,890|_멀티팩(정품)_511,000|해외구매 | _정품_524,890|_멀티팩(정품)_507,820|해외구매 | _정품_526,870|_멀티팩(정품)_511,000|해외구매 | _정품_526,900|_멀티팩(정품)_511,000|해외구매 | _정품_526,960|_멀티팩(정품)_510,990|해외구매 | _정품_526,970|_멀티팩(정품)_510,990|해외구매 | _정품_526,980|_멀티팩(정품)_509,480|해외구매 | _정품_526,990|_멀티팩(정품)_511,000|해외구매 | _정품_527,120|_멀티팩(정품)_507,830|해외구매 | _정품_527,120|_멀티팩(정품)_510,890|해외구매 | _정품_527,160|_멀티팩(정품)_507,820|해외구매 | _정품_527,220|_멀티팩(정품)_510,920|해외구매 | _정품_529,000|_멀티팩(정품)_514,990|해외구매 | _정품_530,000|_멀티팩(정품)_516,700|해외구매 | _정품_539,990|_멀티팩(정품)_538,990|해외구매 | _정품_540,000|_멀티팩(정품)_538,990|해외구매 | _정품_548,930|_멀티팩(정품)_534,990|해외구매 | _정품_552,230|_멀티팩(정품)_539,700|해외구매 | _정품_554,920|_멀티팩(정품)_555,650|해외구매 | _정품_554,920|_멀티팩(정품)_559,960|해외구매 | _정품_554,990|_멀티팩(정품)_550,400|해외구매 | _정품_563,930|_멀티팩(정품)_565,000|해외구매 | _정품_564,990|_멀티팩(정품)_564,970|해외구매",446920,446910,449320,449290,449170,449070,449060,449030,449320,449320,449320,449320,446410,446410,451910,451790,451760,451630,451500,451350,451210,451080,450940,438750,437500,437500,438750,438750,452410,452380,460420
19627808,AMD 라이젠7-5세대 7800X3D (라파엘),AMD 라이젠7-5세대 7800X3D,라파엘,"_정품_507,900|_멀티팩(정품)_507,820|해외구매 | _정품_510,880|_멀티팩(정품)_511,000|해외구매 | _정품_510,890|_멀티팩(정품)_511,000|해외구매 | _정품_524,890|_멀티팩(정품)_507,820|해외구매 | _정품_526,870|_멀티팩(정품)_511,000|해외구매 | _정품_526,900|_멀티팩(정품)_511,000|해외구매 | _정품_526,960|_멀티팩(정품)_510,990|해외구매 | _정품_526,970|_멀티팩(정품)_510,990|해외구매 | _정품_526,980|_멀티팩(정품)_509,480|해외구매 | _정품_526,990|_멀티팩(정품)_511,000|해외구매 | _정품_527,120|_멀티팩(정품)_507,830|해외구매 | _정품_527,120|_멀티팩(정품)_510,890|해외구매 | _정품_527,160|_멀티팩(정품)_507,820|해외구매 | _정품_527,220|_멀티팩(정품)_510,920|해외구매 | _정품_529,000|_멀티팩(정품)_514,990|해외구매 | _정품_530,000|_멀티팩(정품)_516,700|해외구매 | _정품_539,990|_멀티팩(정품)_538,990|해외구매 | _정품_540,000|_멀티팩(정품)_538,990|해외구매 | _정품_548,930|_멀티팩(정품)_534,990|해외구매 | _정품_552,230|_멀티팩(정품)_539,700|해외구매 | _정품_554,920|_멀티팩(정품)_555,650|해외구매 | _정품_554,920|_멀티팩(정품)_559,960|해외구매 | _정품_554,990|_멀티팩(정품)_550,400|해외구매 | _정품_563,930|_멀티팩(정품)_565,000|해외구매 | _정품_564,990|_멀티팩(정품)_564,970|해외구매",446920,446910,449320,449290,449170,449070,449060,449030,449320,449320,449320,449320,446410,446410,451910,451790,451760,451630,451500,451350,451210,451080,450940,438750,437500,437500,438750,438750,452410,452380,460420
53779649,AMD 라이젠7-5세대 8700F (피닉스),AMD 라이젠7-5세대 8700F,피닉스,멀티팩(정품),303980,303980,303980,303980,303980,303980,303980,304800,304800,305300,305300,305300,305300,305320,305320,305320,305320,305320,305320,304290,304290,304290,304290,304290,304290,304290,304290,304270,304270,304280,304280
34336664,AMD 라이젠7-5세대 8700G (피닉스),AMD 라이젠7-5세대 8700G,피닉스,"_정품_368,290|_멀티팩(정품)_393,740|해외구매 | _정품_368,290|_멀티팩(정품)_393,750|해외구매 | _정품_390,200|_멀티팩(정품)_393,280|해외구매 | _정품_390,210|_멀티팩(정품)_393,280|해외구매 | _정품_390,220|_멀티팩(정품)_393,610|해외구매 | _정품_390,230|_멀티팩(정품)_393,710|해외구매 | _정품_393,700|_멀티팩(정품)_393,740|해외구매 | _정품_393,700|_멀티팩(정품)_394,360|해외구매 | _정품_393,700|_멀티팩(정품)_394,370|해외구매 | _정품_393,710|_멀티팩(정품)_394,380|해외구매 | _정품_394,220|_멀티팩(정품)_394,590|해외구매 | _정품_394,230|_멀티팩(정품)_394,590|해외구매 | _정품_394,240|_멀티팩(정품)_394,590|해외구매 | _정품_394,250|_멀티팩(정품)_394,600|해외구매 | _정품_394,250|멀티팩(정품)_394,590|_해외구매 | _정품_394,260|_멀티팩(정품)_395,110|해외구매",390820,390820,390820,390820,390820,382600,391310,391320,391320,391320,391320,391320,391320,391320,391320,391320,391320,391320,391320,391320,391320,392740,392740,392740,392740,392740,392740,392730,392730,392730,392730
62653715,AMD 라이젠7-6세대 9700X (그래니트 릿지),AMD 라이젠7-6세대 9700X,그래니트 릿지,"_정품_551,250|_멀티팩(정품) | _정품_563,840|_멀티팩(정품) | _정품_564,500|_멀티팩(정품) | _정품_564,900|_멀티팩(정품) | _정품_565,940|_멀티팩(정품) | _정품_567,830|_멀티팩(정품) | _정품_567,890|_멀티팩(정품) | _정품_567,990|_멀티팩(정품) | _정품_568,710|_멀티팩(정품) | _정품_570,040|_멀티팩(정품) | _정품_570,820|_멀티팩(정품) | _정품_571,020|_멀티팩(정품) | _정품_581,140|_멀티팩(정품) | _정품_631,090|_멀티팩(정품)",0,0,0,0,0,0,0,0,561210,561170,561150,561020,560920,560870,558220,558180,558120,558040,557910,556710,555210,553340,550020,549810,549810,549800,546900,546890,546880,546880,546390
62794082,AMD 라이젠7-6세대 9700X (그래니트 릿지),AMD 라이젠7-6세대 9700X,그래니트 릿지,"_정품_551,250|_멀티팩(정품) | _정품_563,840|_멀티팩(정품) | _정품_564,500|_멀티팩(정품) | _정품_564,900|_멀티팩(정품) | _정품_565,940|_멀티팩(정품) | _정품_567,830|_멀티팩(정품) | _정품_567,890|_멀티팩(정품) | _정품_567,990|_멀티팩(정품) | _정품_568,710|_멀티팩(정품) | _정품_570,040|_멀티팩(정품) | _정품_570,820|_멀티팩(정품) | _정품_571,020|_멀티팩(정품) | _정품_581,140|_멀티팩(정품) | _정품_631,090|_멀티팩(정품)",0,0,0,0,0,0,0,0,561210,561170,561150,561020,560920,560870,558220,558180,558120,558040,557920,556710,555210,553340,550020,549810,549810,549800,546900,546890,546880,546880,546390
9374721,AMD 라이젠9-3세대 3900X (마티스),AMD 라이젠9-3세대 3900X,마티스,"_멀티팩(정품)_630,000|_중고",199000,220400,199000,199000,199000,199000,199000,199000,199000,199000,199000,199000,199000,199000,199000,199000,199000,199000,199000,199000,199000,199000,232590,199000,199000,199000,199000,199000,199000,199000,199000
11026701,AMD 라이젠9-3세대 3950X (마티스),AMD 라이젠9-3세대 3950X,마티스,해외구매,699800,699800,699800,699800,699800,699800,699800,699790,699790,699790,699790,699790,699790,699800,699800,699800,699800,699800,699800,699800,699800,699800,699800,699800,699800,699800,699800,699800,699790,699790,699790
12622091,AMD 라이젠9-4세대 5900X (버미어),AMD 라이젠9-4세대 5900X,버미어,"_정품_449,670|_멀티팩(정품)_451,270|해외구매_488,560|중고 | _정품_449,670|_멀티팩(정품)_451,270|해외구매_488,570|중고 | _정품_449,680|_멀티팩(정품)_451,280|해외구매_488,600|중고 | _정품_451,640|_멀티팩(정품)_451,280|해외구매_488,610|중고 | _정품_451,640|_멀티팩(정품)_451,280|해외구매_488,670|중고 | _정품_451,650|_멀티팩(정품)_451,280|해외구매_488,790|중고 | _정품_451,650|_멀티팩(정품)_451,280|해외구매_488,900|중고 | _정품_451,650|_멀티팩(정품)_451,280|해외구매_492,740|중고 | _정품_451,660|_멀티팩(정품)_451,280|해외구매_492,860|중고 | _정품_451,660|_멀티팩(정품)_451,280|해외구매_492,980|중고 | _정품_451,660|_멀티팩(정품)_451,280|해외구매_493,070|중고 | _정품_451,660|_멀티팩(정품)_451,280|해외구매_493,110|중고 | _정품_455,900|_멀티팩(정품)_457,610|해외구매_493,120|중고 | _정품_455,900|_멀티팩(정품)_457,610|해외구매_493,470|중고 | _정품_455,900|_멀티팩(정품)_457,610|해외구매_493,620|중고 | _정품_455,900|_멀티팩(정품)_458,000|해외구매_493,230|중고 | _정품_455,900|_멀티팩(정품)_458,000|해외구매_493,350|중고 | _정품_455,900|멀티팩(정품)_457,610|_해외구매_493,590|중고 | _정품_457,450|_멀티팩(정품)_457,610|해외구매_493,660|중고 | _정품_457,450|_멀티팩(정품)_457,610|해외구매_493,670|중고 | _정품_457,450|_멀티팩(정품)_457,610|해외구매_493,680|중고 | _정품_457,450|_멀티팩(정품)_457,610|해외구매_493,690|중고 | _정품_457,450|_멀티팩(정품)_457,610|해외구매_493,700|중고 | _정품_457,450|_멀티팩(정품)_457,610|해외구매_493,820|중고 | _정품_457,460|_멀티팩(정품)_457,610|해외구매_516,860|중고 | _정품_457,970|_멀티팩(정품)_457,610|해외구매_516,870|중고 | _정품_457,970|_멀티팩(정품)_458,650|해외구매_516,970|중고 | _정품_457,970|_멀티팩(정품)_458,650|해외구매_517,000|중고 | _정품_457,970|_멀티팩(정품)_458,650|해외구매_517,010|중고 | _정품_457,970|_멀티팩(정품)_458,650|해외구매_517,130|중고 | _정품_457,970|_멀티팩(정품)_458,650|해외구매_518,860|중고",395160,395160,395160,395160,395160,395160,395160,395160,395160,395160,395160,395160,395160,395160,395160,395160,395160,395160,395160,399410,399410,399410,399410,399410,391340,391340,391340,386660,386660,386660,382410
62165036,AMD 라이젠9-4세대 5900XT (버미어),AMD 라이젠9-4세대 5900XT,버미어,정품,586500,586500,586500,586500,564900,564890,564880,564880,564800,564790,564790,561140,555100,555090,555090,555090,555090,555090,555090,555090,555080,555070,547860,547850,547850,547850,547850,547850,547850,547840,547840
12622319,AMD 라이젠9-4세대 5950X (버미어),AMD 라이젠9-4세대 5950X,버미어,"_정품_481,840|_멀티팩(정품)_633,630|벌크_648,430|해외구매 | _정품_654,570|_멀티팩(정품)_633,630|벌크_648,590|해외구매 | _정품_656,160|_멀티팩(정품)_633,630|벌크_655,000|해외구매 | _정품_656,280|_멀티팩(정품)_633,630|벌크_655,030|해외구매 | _정품_656,400|_멀티팩(정품)_633,630|벌크_655,130|해외구매 | _정품_656,480|_멀티팩(정품)_633,630|벌크_655,160|해외구매 | _정품_656,600|_멀티팩(정품)_633,630|벌크_655,280|해외구매 | _정품_656,630|_멀티팩(정품)_633,630|벌크_655,390|해외구매 | _정품_656,640|_멀티팩(정품)_633,630|벌크_655,420|해외구매 | _정품_656,650|_멀티팩(정품)_633,630|벌크_655,430|해외구매 | _정품_656,660|_멀티팩(정품)_633,630|벌크_655,440|해외구매 | _정품_656,670|_멀티팩(정품)_633,630|벌크_655,530|해외구매 | _정품_656,680|_멀티팩(정품)_624,750|벌크_655,560|해외구매 | _정품_656,800|_멀티팩(정품)_624,750|벌크_655,680|해외구매 | _정품_656,920|_멀티팩(정품)_624,750|벌크_655,710|해외구매 | _정품_656,950|_멀티팩(정품)_624,750|벌크_655,720|해외구매 | _정품_657,060|_멀티팩(정품)_624,750|벌크_655,820|해외구매 | _정품_657,090|_멀티팩(정품)_624,750|벌크_655,850|해외구매 | _정품_657,100|_멀티팩(정품)_624,750|벌크_655,860|해외구매 | _정품_657,130|_멀티팩(정품)_624,750|벌크_655,890|해외구매 | _정품_657,140|_멀티팩(정품)_624,750|벌크_655,900|해외구매 | _정품_661,690|_멀티팩(정품)_633,630|벌크_655,640|해외구매 | _정품_665,210|_멀티팩(정품)_633,630|벌크_648,530|해외구매 | _정품_665,250|_멀티팩(정품)_633,630|벌크_648,590|해외구매 | _정품_665,250|_멀티팩(정품)_633,630|벌크_655,970|해외구매 | _정품_665,250|_멀티팩(정품)_633,630|벌크_659,170|해외구매 | _정품_666,180|_멀티팩(정품)_633,630|벌크_648,410|해외구매 | _정품_666,180|_멀티팩(정품)_633,630|벌크_648,420|해외구매",681470,681470,681470,681470,681470,681470,681470,664240,664230,664230,664230,664230,664230,664230,664230,664230,646700,646670,646560,646560,646440,646320,646200,646080,610870,610870,610870,610870,610760,610650,610560
18718631,AMD 라이젠9-5세대 7900 (라파엘),AMD 라이젠9-5세대 7900,라파엘,"_정품_514,950|_멀티팩(정품) | _정품_518,730|_멀티팩(정품)",499890,499890,499890,499890,499890,499890,499890,499890,499890,499890,499890,499890,499890,499890,499890,499890,499890,499890,499890,499890,499890,499890,504110,499890,499890,499890,499890,499860,499850,499850,500210
18718592,AMD 라이젠9-5세대 7900 (라파엘),AMD 라이젠9-5세대 7900,라파엘,"_정품_514,950|_멀티팩(정품) | _정품_518,730|_멀티팩(정품)",499890,499890,499890,499890,499890,499890,499890,499890,499890,499890,499890,499890,499890,499890,499890,499890,499890,499890,499890,499890,499890,499890,504110,499890,499890,499890,499890,499860,499850,499850,500210
17913863,AMD 라이젠9-5세대 7900X (라파엘),AMD 라이젠9-5세대 7900X,라파엘,"_정품_526,490|멀티팩(정품)_503,220|_해외구매 | _정품_526,590|멀티팩(정품)_503,720|_해외구매 | _정품_531,670|멀티팩(정품)_502,580|_해외구매 | _정품_531,790|멀티팩(정품)_502,700|_해외구매 | _정품_531,820|멀티팩(정품)_502,730|_해외구매 | _정품_531,880|멀티팩(정품)_502,740|_해외구매 | _정품_531,920|멀티팩(정품)_502,780|_해외구매 | _정품_531,940|멀티팩(정품)_502,870|_해외구매 | _정품_531,970|멀티팩(정품)_502,900|_해외구매 | _정품_532,070|멀티팩(정품)_502,910|_해외구매 | _정품_532,100|멀티팩(정품)_502,920|_해외구매 | _정품_532,150|멀티팩(정품)_503,020|_해외구매 | _정품_532,260|멀티팩(정품)_503,130|_해외구매 | _정품_532,390|멀티팩(정품)_503,250|_해외구매 | _정품_532,420|_멀티팩(정품)_504,240|해외구매 | _정품_532,420|멀티팩(정품)_503,730|_해외구매 | _정품_532,420|멀티팩(정품)_504,250|_해외구매 | _정품_532,420|멀티팩(정품)_504,760|_해외구매 | _정품_532,430|멀티팩(정품)_504,770|_해외구매 | _정품_534,500|멀티팩(정품)_505,290|_해외구매 | _정품_538,650|멀티팩(정품)_501,660|_해외구매 | _정품_538,650|멀티팩(정품)_503,210|_해외구매 | _정품_548,100|멀티팩(정품)_503,360|_해외구매 | _정품_548,100|멀티팩(정품)_503,480|_해외구매",551280,551280,551280,551280,551280,551280,551280,551280,551280,551280,551280,551280,551280,551280,551260,551160,551130,551010,550890,550880,550840,550730,550610,502530,502350,502350,502350,502350,551210,551200,551190
19174175,AMD 라이젠9-5세대 7900X3D (라파엘),AMD 라이젠9-5세대 7900X3D,라파엘,"_정품_636,000|_멀티팩(정품)_622,680|해외구매 | _정품_636,000|_멀티팩(정품)_622,800|해외구매 | _정품_636,000|_멀티팩(정품)_622,880|해외구매 | _정품_636,000|_멀티팩(정품)_622,930|해외구매 | _정품_636,000|_멀티팩(정품)_622,970|해외구매 | _정품_636,000|_멀티팩(정품)_623,830|해외구매 | _정품_636,000|_멀티팩(정품)_623,840|해외구매 | _정품_636,000|_멀티팩(정품)_624,980|해외구매 | _정품_636,000|_멀티팩(정품)_624,990|해외구매 | _정품_648,000|_멀티팩(정품)_622,670|해외구매 | _정품_662,230|_멀티팩(정품)_619,680|해외구매 | _정품_662,330|_멀티팩(정품)_620,710|해외구매 | _정품_662,390|_멀티팩(정품)_610,720|해외구매 | _정품_662,390|_멀티팩(정품)_620,710|해외구매 | _정품_668,990|_멀티팩(정품)_622,670|해외구매 | _정품_671,990|_멀티팩(정품)_617,670|해외구매 | _정품_671,990|_멀티팩(정품)_619,680|해외구매 | _정품_671,990|_멀티팩(정품)_620,710|해외구매 | _정품_673,190|_멀티팩(정품)_620,720|해외구매",565380,589340,589220,589210,589180,589090,589350,589350,589350,589350,637070,636960,636860,636830,636730,626170,626060,625940,625820,625820,626060,625940,625850,626190,586300,586300,586300,586300,626190,407860,450890
17913980,AMD 라이젠9-5세대 7950X (라파엘),AMD 라이젠9-5세대 7950X,라파엘,"_정품_560,050|_멀티팩(정품) | _정품_723,490|_멀티팩(정품)_712,350|해외구매 | _정품_723,500|_멀티팩(정품)_712,850|해외구매 | _정품_744,800|_멀티팩(정품) | _정품_744,920|_멀티팩(정품) | _정품_745,040|_멀티팩(정품) | _정품_745,140|_멀티팩(정품) | _정품_745,160|_멀티팩(정품) | _정품_745,250|_멀티팩(정품) | _정품_745,270|_멀티팩(정품) | _정품_755,470|_멀티팩(정품) | _정품_755,480|_멀티팩(정품)",710800,710800,710800,710800,710800,710800,710800,710800,710800,710800,710800,710800,710800,710800,710800,710800,710800,710800,710800,715990,715990,714950,713920,713920,713920,713920,712880,712860,788020,788020,779360
19174415,AMD 라이젠9-5세대 7950X3D (라파엘),AMD 라이젠9-5세대 7950X3D,라파엘,"_정품_826,000|_멀티팩(정품)_830,360|해외구매 | _정품_827,910|_멀티팩(정품)_830,450|해외구매 | _정품_828,010|_멀티팩(정품)_834,070|해외구매 | _정품_831,130|_멀티팩(정품)_829,740|해외구매 | _정품_831,130|_멀티팩(정품)_834,100|해외구매 | _정품_831,140|_멀티팩(정품)_829,740|해외구매 | _정품_832,360|_멀티팩(정품)_813,130|해외구매 | _정품_832,360|_멀티팩(정품)_813,980|해외구매 | _정품_832,370|_멀티팩(정품)_813,980|해외구매 | _정품_832,370|_멀티팩(정품)_816,880|해외구매 | _정품_833,300|_멀티팩(정품)_813,090|해외구매 | _정품_834,010|_멀티팩(정품)_813,070|해외구매 | _정품_835,480|_멀티팩(정품)_829,750|해외구매 | _정품_835,490|_멀티팩(정품)_824,830|해외구매 | _정품_835,490|_멀티팩(정품)_829,760|해외구매 | _정품_835,500|_멀티팩(정품)_812,940|해외구매 | _정품_835,500|_멀티팩(정품)_824,830|해외구매 | _정품_838,980|_멀티팩(정품)_812,940|해외구매 | _정품_838,990|_멀티팩(정품)_812,950|해외구매 | _정품_838,990|_멀티팩(정품)_812,980|해외구매 | _정품_838,990|_멀티팩(정품)_813,000|해외구매 | _정품_840,850|_멀티팩(정품)_813,030|해외구매 | _정품_841,880|_멀티팩(정품)_816,880|해외구매 | _정품_841,880|_멀티팩(정품)_816,890|해외구매 | _정품_841,880|_멀티팩(정품)_817,590|해외구매",812990,812980,812880,781040,812800,812680,812570,812450,812330,812300,812190,812070,811970,811940,811830,811710,811680,811580,811550,811540,811410,811290,811170,811050,818110,830910,830910,830880,830870,804800,804790
63140387,AMD 라이젠9-6세대 9900X (그래니트 릿지),AMD 라이젠9-6세대 9900X,그래니트 릿지,"_정품_706,920|_멀티팩(정품) | _정품_706,930|_멀티팩(정품) | _정품_707,980|_멀티팩(정품) | _정품_707,990|_멀티팩(정품) | _정품_708,230|_멀티팩(정품) | _정품_708,240|_멀티팩(정품) | _정품_708,980|_멀티팩(정품) | _정품_708,990|_멀티팩(정품) | _정품_711,340|_멀티팩(정품) | _정품_711,350|_멀티팩(정품) | _정품_715,050|_멀티팩(정품)",0,0,0,0,0,0,0,0,0,0,0,0,0,0,0,715050,703480,703480,703480,703480,703480,703480,703470,704070,704070,704070,722150,722110,704080,704070,704070
63139097,AMD 라이젠9-6세대 9900X (그래니트 릿지),AMD 라이젠9-6세대 9900X,그래니트 릿지,"_정품_706,920|_멀티팩(정품) | _정품_706,930|_멀티팩(정품) | _정품_707,980|_멀티팩(정품) | _정품_707,990|_멀티팩(정품) | _정품_708,230|_멀티팩(정품) | _정품_708,240|_멀티팩(정품) | _정품_708,980|_멀티팩(정품) | _정품_711,340|_멀티팩(정품) | _정품_711,350|_멀티팩(정품) | _정품_715,050|_멀티팩(정품)",0,0,0,0,0,0,0,0,0,0,0,0,0,0,0,715050,703480,703480,703480,703480,703480,703480,703470,704070,704070,704070,722150,722110,704080,704070,704070
63140417,AMD 라이젠9-6세대 9950X (그래니트 릿지),AMD 라이젠9-6세대 9950X,그래니트 릿지,"_정품_1,092,840|_멀티팩(정품) | _정품_1,096,970|_멀티팩(정품) | _정품_1,096,980|_멀티팩(정품) | _정품_1,096,990|_멀티팩(정품) | _정품_1,097,000|_멀티팩(정품) | _정품_1,106,690|_멀티팩(정품)",0,0,0,0,0,0,0,0,0,0,0,0,0,0,0,0,1115810,1115800,1115700,1115810,1115810,1106700,1096960,1095940,1095940,1095940,1095940,1095940,1095940,1091820,1091820
63139115,AMD 라이젠9-6세대 9950X (그래니트 릿지),AMD 라이젠9-6세대 9950X,그래니트 릿지,"_정품_1,092,840|_멀티팩(정품) | _정품_1,096,970|_멀티팩(정품) | _정품_1,096,980|_멀티팩(정품) | _정품_1,096,990|_멀티팩(정품) | _정품_1,097,000|_멀티팩(정품) | _정품_1,106,690|_멀티팩(정품) | 정품",0,0,0,0,0,0,0,0,0,0,0,0,0,0,0,1106700,1115810,1115800,1115700,1115810,1115810,1106700,1096960,1095940,1095940,1095940,1095940,1095940,1095940,1091820,1091820
18171785,AMD 애슬론 200GE (레이븐 릿지),AMD 애슬론 200GE,레이븐 릿지,중고,22490,22490,22490,22490,22490,0,0,0,0,0,0,0,0,0,0,0,0,0,0,0,0,0,0,0,0,0,0,0,0,0,0
6522496,AMD 애슬론 200GE (레이븐 릿지),AMD 애슬론 200GE,레이븐 릿지,"_정품_31,540|_중고 | _정품_31,660|_중고 | _정품_31,780|_중고 | _정품_31,900|_중고 | _정품_31,930|_중고 | _정품_31,940|_중고 | _정품_32,000|_중고 | _정품_32,010|_중고 | _정품_32,040|_중고 | _정품_32,050|_중고 | _정품_32,060|_중고 | _정품_32,090|_중고 | _정품_32,100|_중고 | _정품_32,110|_중고 | _정품_32,190|_중고 | _정품_32,220|_중고 | _정품_32,330|_중고 | _정품_32,360|_중고 | _정품_32,370|_중고 | _정품_32,380|_중고 | _정품_32,390|_중고 | _정품_32,400|_중고 | _정품_32,430|_중고 | _정품_32,530|_중고 | _정품_32,540|_중고",0,0,0,0,0,22490,22490,22490,22490,22490,22490,22490,22490,22490,22490,22490,22490,22490,22000,21990,21990,21990,22490,21990,20700,20700,20700,20700,21990,21990,22490
9968202,AMD 애슬론 3000G (레이븐 릿지),AMD 애슬론 3000G,레이븐 릿지,"_정품_125,900|_벌크 + 쿨러_46,450|벌크_43,600|해외구매_122,200|중고 | _정품_125,900|벌크 + 쿨러_46,450|벌크_43,600|해외구매_122,200|_중고 | 정품_125,900|_벌크 + 쿨러_46,450|벌크_43,600|해외구매_122,200|_중고 | 정품_125,900|_벌크 + 쿨러_46,450|벌크_44,990|해외구매_122,200|_중고 | 정품_125,900|_벌크 + 쿨러_46,450|벌크_45,000|해외구매_122,200|_중고 | 정품_125,900|_벌크 + 쿨러_47,930|_벌크_44,870|해외구매_122,200|중고 | 정품_125,900|_벌크 + 쿨러_47,940|_벌크_44,880|해외구매_122,200|중고 | 정품_125,900|_벌크 + 쿨러_47,950|_벌크_44,890|해외구매_122,200|중고 | 정품_125,900|_벌크 + 쿨러_47,960|_벌크_44,930|해외구매_122,200|중고 | 정품_125,900|_벌크 + 쿨러_47,990|_벌크_44,890|해외구매_122,200|중고 | 정품_125,900|_벌크 + 쿨러_47,990|_벌크_44,980|해외구매_122,200|중고 | 정품_125,900|_벌크 + 쿨러_47,990|_벌크_44,990|해외구매_122,200|중고 | 정품_125,900|_벌크 + 쿨러_48,000|_벌크_44,990|해외구매_122,200|중고",34880,0,34880,34880,34880,34880,34880,34880,34880,34880,34880,34880,34880,34880,34880,34880,34880,34880,34880,35250,35250,35250,0,35250,35250,35250,35250,34130,34130,34130,33750
16561238,AMD 애슬론 3000G (레이븐 릿지),AMD 애슬론 3000G,레이븐 릿지,"_벌크 + 쿨러_46,450|벌크_43,600|해외구매_122,200|_중고 | _벌크 + 쿨러_50,250|_벌크_44,990|해외구매_122,200|중고",0,34880,0,0,0,0,0,0,0,0,0,0,0,0,0,0,0,0,0,0,0,0,35250,0,0,0,0,0,0,0,0
15834872,AMD 애슬론II-X3 425 (라나),AMD 애슬론II-X3 425,라나,중고,3000,3000,3000,3000,3000,0,0,0,0,3000,3000,3000,3000,0,0,3000,0,3000,3000,3000,3000,3000,3000,3000,0,0,0,0,0,0,0
4477138,AMD 페넘II-X3 710 (헤카),AMD 페넘II-X3 710,헤카,중고,5500,5500,5500,0,0,0,0,5490,5490,5490,0,0,0,0,0,0,0,0,0,0,0,0,0,0,0,0,0,0,0,0,0
28158908,AMD 페넘II-X4 945 (데네브),AMD 페넘II-X4 945,데네브,중고,0,15990,15990,15990,15990,15990,15990,0,0,0,0,0,0,0,0,0,0,0,0,0,0,0,15990,15990,15990,15990,15990,15990,0,0,0
4281793,AMD 페넘II-X4 955 (데네브),AMD 페넘II-X4 955,데네브,중고,18600,18600,18600,18600,18600,16500,16500,16500,16500,0,0,0,0,0,0,0,0,0,0,0,16500,16500,18800,16500,16500,16500,16500,0,0,0,0
4467073,AMD 페넘II-X6 1055T (투반),AMD 페넘II-X6 1055T,투반,"중고, 95W",28490,28490,28490,28490,28490,28490,28490,28490,28490,28490,0,0,0,28490,28490,28490,28490,28490,28490,28490,28490,28490,28490,28490,28490,28490,28490,28490,28490,28490,28490
1917902,인텔 셀러론 G1610 (아이비브릿지),인텔 셀러론 G1610,아이비브릿지,중고,6780,0,0,0,0,0,0,0,0,0,6040,0,0,0,0,0,0,0,0,0,0,0,0,0,0,0,0,0,0,0,0
6112877,인텔 셀러론 G1820 (하스웰),인텔 셀러론 G1820,하스웰,중고,0,0,0,0,0,0,0,0,0,0,0,0,0,0,0,0,0,0,0,0,0,0,0,0,0,0,1800,1790,1790,1790,1500
6112894,인텔 셀러론 G1830 (하스웰),인텔 셀러론 G1830,하스웰,중고,1990,1990,1860,1990,1990,0,0,0,0,0,1990,1990,1990,1990,1990,1990,1990,0,0,0,0,0,0,0,1840,0,0,0,0,0,0
2669666,인텔 셀러론 G1840 (하스웰 리프레시),인텔 셀러론 G1840,하스웰 리프레시,"_벌크_3,400|_중고 | _벌크_3,850|_중고 | _벌크_4,030|_중고 | _벌크_4,140|_중고 | _벌크_4,190|_중고 | _벌크_4,200|_중고",1800,1800,1800,1800,1800,1800,1800,1800,1800,1800,1800,1800,1800,1800,1800,1800,1800,1800,1800,1800,1800,1800,1990,1800,1800,1800,1800,1800,1800,1800,1490
2783185,인텔 셀러론 G1850 (하스웰 리프레시),인텔 셀러론 G1850,하스웰 리프레시,"_벌크_3,390|_중고 | _벌크_3,400|_중고",1810,1810,1810,1810,1810,1810,1810,1810,1810,1810,1810,1810,1810,1810,1810,1810,1810,1810,1810,1850,1850,1850,1860,1860,1830,1830,1860,1800,1910,1880,1500
4033502,인텔 셀러론 G3900 (스카이레이크),인텔 셀러론 G3900,스카이레이크,"_벌크 + 쿨러_5,910|벌크_1,990|_중고 | _벌크 + 쿨러_5,960|벌크_1,990|_중고 | _벌크 + 쿨러_5,970|벌크_1,840|_중고 | _벌크 + 쿨러_6,000|벌크_1,990|_중고 | _벌크 + 쿨러_6,010|벌크_1,840|_중고 | _벌크 + 쿨러_6,040|벌크_1,990|_중고 | _벌크 + 쿨러_6,060|벌크_1,990|_중고 | _벌크 + 쿨러_6,070|벌크_1,990|_중고 | 벌크 + 쿨러_5,970|_벌크_1,990|_중고 | 벌크 + 쿨러_6,050|_벌크_1,840|_중고",1810,1810,1810,1810,1810,1810,1810,1810,1810,1810,1810,1810,1810,1810,1810,1810,1810,1810,1810,1850,1850,1850,1860,1860,1830,1830,1860,1830,1820,1810,1800
4881161,인텔 셀러론 G3930 (카비레이크),인텔 셀러론 G3930,카비레이크,"_벌크 + 쿨러_6,090|벌크_2,000|_중고 | _벌크 + 쿨러_6,110|벌크_1,990|_중고 | _벌크 + 쿨러_6,110|벌크_2,000|_중고 | _벌크 + 쿨러_6,140|벌크_2,000|해외구매_83,900|_중고 | _벌크 + 쿨러_6,150|벌크_2,000|해외구매_83,900|_중고 | _벌크 + 쿨러_6,160|벌크_2,000|_중고 | _벌크 + 쿨러_6,160|벌크_2,000|해외구매_83,900|_중고 | _벌크 + 쿨러_6,170|벌크_2,000|_중고 | _벌크 + 쿨러_6,170|벌크_2,000|해외구매_83,900|_중고 | _벌크 + 쿨러_6,180|벌크_2,000|해외구매_83,900|_중고 | _벌크 + 쿨러_6,190|벌크_2,000|해외구매_83,900|_중고 | _벌크 + 쿨러_6,230|벌크_2,000|_중고 | _벌크 + 쿨러_6,250|벌크_2,000|_중고 | _벌크 + 쿨러_6,260|벌크_2,070|_중고 | _벌크 + 쿨러_6,310|벌크_2,000|해외구매_83,900|_중고 | _벌크 + 쿨러_6,340|벌크_2,000|해외구매_83,900|_중고 | _벌크 + 쿨러_6,350|벌크_2,000|해외구매_83,900|_중고 | _벌크 + 쿨러_6,360|벌크_2,000|해외구매_83,900|_중고 | _벌크 + 쿨러_6,360|벌크_2,330|해외구매_83,900|_중고 | 벌크 + 쿨러_5,990|_벌크_1,990|_중고 | 벌크 + 쿨러_6,000|_벌크_1,990|_중고 | 벌크 + 쿨러_6,010|_벌크_1,990|_중고",2000,2000,2000,2000,2000,2000,2000,2000,2000,2000,2000,2000,2000,1990,1990,1990,1990,1990,1990,1980,1980,1980,1990,1960,1960,1960,1960,1950,1950,1950,1950
7898065,인텔 셀러론 G3950 (카비레이크),인텔 셀러론 G3950,카비레이크,"_해외구매_88,000|_중고",65000,65000,65000,65000,65000,65000,65000,65000,65000,65000,65000,65000,65000,65000,65000,65000,65000,65000,65000,65000,65000,65000,65000,65000,65000,65000,65000,65000,65000,65000,65000
6060282,인텔 셀러론 G4900 (커피레이크),인텔 셀러론 G4900,커피레이크,"_벌크 + 쿨러_12,410|벌크_7,350|_중고 | _벌크 + 쿨러_12,560|벌크_7,410|_중고 | _벌크 + 쿨러_12,570|벌크_7,420|_중고 | _벌크 + 쿨러_12,580|벌크_7,430|_중고 | _벌크 + 쿨러_12,590|벌크_7,440|_중고 | _벌크 + 쿨러_12,620|벌크_7,470|_중고 | _벌크 + 쿨러_12,700|벌크_7,470|_중고 | _벌크 + 쿨러_12,820|벌크_7,430|_중고 | _벌크 + 쿨러_12,850|벌크_7,430|_중고 | _벌크 + 쿨러_12,870|벌크_7,440|_중고 | _벌크 + 쿨러_12,970|벌크_7,970|_중고 | _벌크 + 쿨러_14,100|벌크_9,090|_중고 | _벌크 + 쿨러_14,100|벌크_9,100|_중고 | _벌크 + 쿨러_14,100|벌크_9,930|_중고 | _벌크 + 쿨러_15,920|벌크_10,460|_중고",7480,7480,7490,7480,7480,7480,7480,7480,7480,7480,7480,7480,7480,7480,7480,7480,7480,7480,7450,7440,7410,7290,7170,7100,6900,6900,6900,6900,7270,6370,6290
9642015,인텔 셀러론 G4930 (커피레이크-R),인텔 셀러론 G4930,커피레이크-R,"_벌크 + 쿨러_18,490|_벌크 | _벌크 + 쿨러_18,500|_벌크 | _벌크 + 쿨러_20,490|_벌크 | _벌크 + 쿨러_20,500|_벌크 | _벌크 + 쿨러_21,990|_벌크",16830,16830,16830,16830,16830,16830,16830,16830,16830,16830,16830,16830,16830,16760,15930,16530,16500,16400,15470,15110,15070,14960,14840,14720,14250,14250,14250,14250,14150,14140,14130
1512435,인텔 셀러론 G530 (샌디브릿지),인텔 셀러론 G530,샌디브릿지,"_벌크 + 쿨러_15,210|_중고 | _벌크 + 쿨러_15,840|_중고 | _벌크 + 쿨러_16,350|_중고 | _벌크 + 쿨러_16,410|_중고 | _벌크 + 쿨러_16,490|_중고",1500,1940,1940,1940,1940,1500,1500,1500,1500,1500,1500,1500,1500,1500,1500,1500,1500,1500,1500,1500,1500,1500,1950,1500,1500,1500,1500,1500,1500,1500,1500
1705460,인텔 셀러론 G540 (샌디브릿지),인텔 셀러론 G540,샌디브릿지,"_벌크 + 쿨러_16,020|_중고 | _벌크 + 쿨러_16,030|_중고 | _벌크 + 쿨러_16,090|_중고 | _벌크 + 쿨러_16,230|_중고 | _벌크 + 쿨러_16,410|_중고",1600,1600,1600,1600,1600,1600,1600,1600,1600,1600,1600,1600,1600,1600,1600,1600,1600,1600,1600,1600,1600,1600,1600,1600,1600,1600,1600,1600,1600,1600,1600
1779781,인텔 셀러론 G550 (샌디브릿지),인텔 셀러론 G550,샌디브릿지,중고,1690,1690,1690,1690,1690,1690,0,1690,1690,1690,1690,1690,1690,1690,1690,1690,1690,1690,1690,1690,0,0,0,0,0,0,0,1690,1690,1690,1690
11480208,인텔 셀러론 G5900 (코멧레이크S),인텔 셀러론 G5900,코멧레이크S,"_벌크 + 쿨러_47,020|_벌크_38,990|중고 | _벌크 + 쿨러_47,020|벌크_38,990|_중고 | _벌크 + 쿨러_47,020|벌크_39,130|_중고 | _벌크 + 쿨러_47,020|벌크_39,160|_중고 | _벌크 + 쿨러_47,020|벌크_39,170|_중고 | _벌크 + 쿨러_47,020|벌크_39,200|_중고 | 벌크 + 쿨러_45,080|_벌크_38,930|_중고 | 벌크 + 쿨러_45,080|_벌크_38,990|_중고 | 벌크 + 쿨러_46,090|_벌크_38,800|_중고 | 벌크 + 쿨러_46,090|_벌크_38,830|_중고 | 벌크 + 쿨러_46,090|_벌크_38,990|_중고 | 벌크 + 쿨러_47,020|_벌크_38,990|_중고 | 벌크 + 쿨러_47,020|_벌크_39,210|_중고",37990,37990,37990,37990,37990,34990,34990,34990,34990,34990,34990,34990,34990,35000,38580,38580,38580,38580,38580,38580,38580,38580,41320,38580,38350,38350,38350,38350,38580,38580,38990
12122969,인텔 셀러론 G5905 (코멧레이크S),인텔 셀러론 G5905,코멧레이크S,"_정품_58,600|_벌크 + 쿨러_52,890|벌크_44,200|해외구매_100,190|중고 | _정품_58,600|_벌크 + 쿨러_52,890|벌크_44,230|해외구매_100,190|중고 | _정품_58,600|_벌크 + 쿨러_52,890|벌크_44,240|해외구매_100,190|중고 | _정품_58,600|_벌크 + 쿨러_52,890|벌크_44,270|해외구매_100,190|중고 | _정품_58,600|_벌크 + 쿨러_52,890|벌크_44,280|해외구매_80,000|중고 | _정품_64,080|_벌크 + 쿨러_51,920|벌크_47,520|해외구매_99,990|중고 | _정품_64,080|_벌크 + 쿨러_52,040|벌크_47,520|해외구매_99,990|중고 | _정품_64,080|_벌크 + 쿨러_52,700|벌크_45,580|해외구매_99,870|중고 | _정품_64,080|_벌크 + 쿨러_52,710|벌크_45,760|해외구매_100,190|중고 | _정품_64,080|_벌크 + 쿨러_52,710|벌크_45,770|해외구매_100,190|중고 | _정품_64,080|벌크 + 쿨러_51,610|_벌크_47,520|해외구매_99,990|중고 | _정품_64,080|벌크 + 쿨러_52,700|_벌크_45,700|해외구매_99,900|중고 | _정품_64,080|벌크 + 쿨러_52,700|_벌크_45,730|해외구매_100,000|중고 | _정품_64,080|벌크 + 쿨러_52,700|_벌크_45,740|해외구매_100,200|중고 | _정품_64,080|벌크 + 쿨러_52,700|_벌크_47,520|해외구매_99,610|중고 | _정품_64,080|벌크 + 쿨러_52,700|_벌크_47,520|해외구매_99,730|중고 | _정품_64,080|벌크 + 쿨러_52,700|_벌크_47,520|해외구매_99,840|중고 | _정품_64,080|벌크 + 쿨러_52,700|_벌크_47,520|해외구매_99,990|중고 | _정품_64,080|벌크 + 쿨러_52,710|_벌크_45,750|해외구매_100,200|중고 | _정품_64,250|_벌크 + 쿨러_52,890|벌크_45,870|해외구매_100,190|중고 | _정품_64,300|_벌크 + 쿨러_52,890|벌크_44,100|해외구매_100,190|중고 | _정품_64,310|_벌크 + 쿨러_52,180|벌크_47,100|해외구매_99,950|중고 | _정품_64,310|_벌크 + 쿨러_52,180|벌크_47,100|해외구매_99,960|중고 | _정품_64,310|_벌크 + 쿨러_52,180|벌크_47,100|해외구매_99,990|중고 | _정품_64,310|_벌크 + 쿨러_52,890|벌크_44,010|해외구매_100,190|중고 | _정품_64,310|_벌크 + 쿨러_52,890|벌크_47,730|해외구매_100,190|중고 | _정품_64,310|벌크 + 쿨러_52,280|_벌크_47,100|해외구매_80,000|중고 | _정품_64,880|_벌크 + 쿨러_52,280|벌크_47,100|해외구매_80,000|중고",36890,36890,35340,36890,36890,36890,36890,36890,36890,36890,36890,36890,36890,36890,36890,36890,36890,36890,36890,36890,36890,36890,35720,37990,37990,37990,37990,37990,37990,37990,37990
12387029,인텔 셀러론 G5925 (코멧레이크S),인텔 셀러론 G5925,코멧레이크S,"_정품_72,640|병행수입 박스_80,160|벌크 + 쿨러_76,370|_벌크 | _정품_72,640|병행수입 박스_80,160|벌크 + 쿨러_76,380|_벌크 | _정품_72,640|병행수입 박스_80,160|벌크 + 쿨러_79,910|_벌크 | _정품_72,640|병행수입 박스_80,170|_벌크 + 쿨러_79,670|벌크 | _정품_72,640|병행수입 박스_80,170|_벌크 + 쿨러_79,910|벌크 | _정품_72,640|병행수입 박스_80,170|_벌크 + 쿨러_79,920|벌크 | _정품_72,640|병행수입 박스_80,170|벌크 + 쿨러_78,350|_벌크 | _정품_72,640|병행수입 박스_80,170|벌크 + 쿨러_79,562|_벌크 | _정품_72,640|병행수입 박스_80,170|벌크 + 쿨러_79,700|_벌크 | _정품_72,640|병행수입 박스_80,170|벌크 + 쿨러_79,730|_벌크 | _정품_72,640|병행수입 박스_80,170|벌크 + 쿨러_79,740|_벌크 | _정품_72,640|병행수입 박스_80,170|벌크 + 쿨러_79,830|_벌크 | _정품_72,640|병행수입 박스_80,170|벌크 + 쿨러_79,910|_벌크 | _정품_72,640|병행수입 박스_80,170|벌크 + 쿨러_79,920|_벌크 | _정품_72,640|병행수입 박스_84,610|벌크 + 쿨러_79,920|_벌크 | _정품_72,640|병행수입 박스_84,690|_벌크 + 쿨러_79,920|벌크",75600,75600,75600,75600,75600,74800,74790,74760,74640,74630,74620,74610,74600,74570,74460,74340,74310,74200,74080,74860,74860,74860,75260,75260,74050,74050,74050,73990,73890,75570,75480
16100840,인텔 셀러론 G6900 (엘더레이크),인텔 셀러론 G6900,엘더레이크,"_정품_90,080|_벌크 + 쿨러_86,000|벌크_76,240|해외구매 | _정품_90,080|_벌크 + 쿨러_86,230|벌크_76,800|해외구매 | _정품_90,080|_벌크 + 쿨러_86,230|벌크_76,810|해외구매 | _정품_90,080|_벌크 + 쿨러_86,240|벌크_76,800|해외구매 | _정품_90,080|_벌크 + 쿨러_86,620|벌크_76,800|해외구매 | _정품_90,080|벌크 + 쿨러_81,140|벌크_72,030|_해외구매 | _정품_90,080|벌크 + 쿨러_81,140|벌크_73,280|_해외구매 | _정품_90,080|벌크 + 쿨러_81,670|벌크_72,030|_해외구매 | _정품_90,080|벌크 + 쿨러_82,810|벌크_73,180|_해외구매 | _정품_90,080|벌크 + 쿨러_82,820|벌크_73,190|_해외구매 | _정품_90,080|벌크 + 쿨러_84,790|벌크_75,160|_해외구매 | _정품_90,080|벌크 + 쿨러_84,800|벌크_75,170|_해외구매 | _정품_90,080|벌크 + 쿨러_85,580|_벌크_76,220|해외구매 | _정품_90,080|벌크 + 쿨러_85,580|벌크_76,220|_해외구매 | _정품_90,080|벌크 + 쿨러_86,230|_벌크_76,810|해외구매 | _정품_90,080|벌크 + 쿨러_86,240|_벌크_76,820|해외구매 | _정품_90,080|벌크 + 쿨러_86,870|_벌크_76,850|해외구매 | _정품_90,080|벌크 + 쿨러_86,870|_벌크_76,880|해외구매 | _정품_90,080|벌크 + 쿨러_86,870|_벌크_76,890|해외구매 | _정품_90,080|벌크 + 쿨러_86,870|_벌크_76,920|해외구매 | _정품_90,080|벌크 + 쿨러_86,870|_벌크_76,930|해외구매 | _정품_90,080|병행수입 박스_81,540|벌크 + 쿨러_81,140|벌크_72,990|_해외구매",84950,84950,84950,84950,84950,84950,84950,84950,84950,84950,84950,84950,84950,73090,73090,73090,73090,73090,73090,73090,73090,73090,73090,73090,71560,71560,71560,71560,75990,75980,75970
7271023,인텔 제온 E 2124 (커피레이크),인텔 제온 E 2124,커피레이크,"_정품_338,710|_벌크 | _정품_338,720|_벌크 | _정품_366,320|_벌크",339450,339450,339450,339450,339450,339450,339450,339450,339450,339450,339450,339450,339450,339450,339450,339450,339450,339450,339450,339450,339450,339450,339450,339450,339450,339450,339450,339450,339450,339450,339450
7271803,인텔 제온 E 2146G (커피레이크),인텔 제온 E 2146G,커피레이크,정품,588920,0,0,0,0,0,0,588920,588920,588920,588920,588920,588920,588920,0,0,0,0,0,0,0,0,0,0,0,0,0,0,0,0,0
15280721,인텔 제온 E 2176G (커피레이크),인텔 제온 E 2176G,커피레이크,벌크,0,705000,705000,749990,749990,749990,0,0,0,0,0,0,0,0,0,0,0,0,0,0,749990,749990,749990,749990,749990,749990,749990,749990,749990,749990,749990
12111215,인텔 제온 E 2224 (커피레이크-R),인텔 제온 E 2224,커피레이크-R,벌크,455000,0,0,0,0,0,0,0,0,0,0,0,0,0,0,0,0,0,0,0,0,0,0,0,0,0,0,0,0,0,0
9652536,인텔 제온 E 2224G (커피레이크-R),인텔 제온 E 2224G,커피레이크-R,정품,544050,544050,544050,544050,544050,544050,544050,544050,544050,0,0,0,0,0,0,0,0,0,0,0,0,0,0,0,0,0,0,0,0,0,0
9652695,인텔 제온 E 2234 (커피레이크-R),인텔 제온 E 2234,커피레이크-R,정품,476650,0,0,0,0,0,0,0,0,0,0,0,0,0,0,0,0,0,476650,476650,0,0,0,0,0,0,0,0,0,0,0
14186564,인텔 제온 E3-1220 (샌디브릿지),인텔 제온 E3-1220,샌디브릿지,중고,52000,0,0,0,0,0,0,0,0,0,0,0,0,0,0,0,0,0,0,0,0,0,0,0,0,0,0,0,0,0,0
5132410,인텔 제온 E3-1225V6 (카비레이크),인텔 제온 E3-1225V6,카비레이크,정품,404320,404320,404330,404320,404320,404320,404320,404320,404320,404320,404320,404320,404320,404320,404320,404320,404320,404320,404320,404320,404320,404320,404330,404330,400150,400150,404330,404320,404320,404320,404320
13360262,인텔 제온 E3-1230V2 (아이비브릿지),인텔 제온 E3-1230V2,아이비브릿지,중고,54890,54890,0,0,0,54890,54890,54890,54890,54890,54890,54890,54890,54890,54890,54890,54890,54890,54890,54890,54890,54890,54990,54890,54890,54890,54890,54890,54890,54890,54890
5132462,인텔 제온 E3-1230V6 (카비레이크),인텔 제온 E3-1230V6,카비레이크,정품,411380,411380,411380,411380,411380,411380,411380,411380,411380,411380,411380,411380,411380,411380,411380,411380,411380,411380,411380,411380,411380,411380,411380,411380,411380,411380,411380,411380,411380,411380,411380
13059194,인텔 제온 E3-1231V3 (하스웰 리프레시),인텔 제온 E3-1231V3,하스웰 리프레시,중고,43790,43790,43790,43790,43790,39990,39990,37490,37490,37490,37490,37490,37490,37490,37490,37490,37490,37490,37490,37490,37490,37490,37490,37490,34500,34500,34500,34500,37490,37490,37490
5132478,인텔 제온 E3-1240V6 (카비레이크),인텔 제온 E3-1240V6,카비레이크,정품,455000,455000,455000,455000,455000,455000,455000,455000,455000,455000,455000,455000,455000,455000,455000,455000,455000,455000,455000,455000,455000,455000,455000,455000,455000,455000,455000,455000,455000,455000,455000
5132511,인텔 제온 E3-1275V6 (카비레이크),인텔 제온 E3-1275V6,카비레이크,"_정품_736,000|_벌크_583,550|중고 | _정품_736,000|_벌크_583,650|중고 | _정품_736,000|_벌크_585,900|중고",770000,770000,770000,770000,770000,770000,770000,770000,770000,770000,770000,770000,770000,770000,770000,770000,770000,770000,770000,770000,770000,770000,770000,770000,770000,770000,770000,770000,770000,770000,770000
15778025,인텔 제온 E5-2603 v4 (브로드웰-EP),인텔 제온 E5-2603 v4,브로드웰-EP,중고,0,0,0,0,0,0,0,0,0,0,0,0,0,0,0,297000,0,0,0,0,0,0,0,0,0,0,0,0,0,0,0
4370096,인텔 제온 E5-2630 v4 (브로드웰-EP),인텔 제온 E5-2630 v4,브로드웰-EP,정품,1000000,1000000,1000000,1000000,1000000,1000000,1000000,1000000,1000000,1000000,1000000,1000000,1000000,1000000,1000000,1000000,1000000,1000000,1000000,1000000,1000000,1000000,1000000,1000000,1000000,1000000,1000000,1000000,1000000,1000000,1000000
4797960,인텔 제온 E5-2680 v4 (브로드웰-EP),인텔 제온 E5-2680 v4,브로드웰-EP,"_해외구매_208,000|_중고",184210,184210,184210,184210,184210,184210,184210,184210,184210,184210,184210,184210,184210,184210,184210,184210,184210,184210,184210,184210,184210,184210,184210,184210,184210,184210,184210,184210,184210,184210,184210
13487003,인텔 제온 X5650 (웨스터미어),인텔 제온 X5650,웨스터미어,중고,13950,13950,13950,13950,13950,13950,13950,13950,13950,13950,13950,13950,13950,13950,13950,13950,13950,13950,13950,0,0,14100,14100,14100,14100,14100,14100,13650,13650,13650,13500
13501556,인텔 제온 X5680 (웨스터미어),인텔 제온 X5680,웨스터미어,"_해외구매_49,760|_중고",55800,55800,55800,55800,55800,55800,55800,55800,55800,55800,55800,55800,55800,55800,55800,55800,55800,55800,55800,56400,56400,56400,56400,56400,55200,56400,56400,54600,54600,54600,54000
35224235,인텔 제온 w5-2465X (사파이어 래피드),인텔 제온 w5-2465X,사파이어 래피드,벌크,2622600,2622600,2622600,2622600,2622600,2622600,2622600,2622600,2622600,2622600,2622600,2622600,2622600,2622600,2622600,2622600,2622600,2622600,2622600,2622600,2622600,2622600,2622600,2622600,2594400,2594400,2594400,2566200,2566200,2566200,2538000
35224169,인텔 제온 w5-3435X (사파이어 래피드),인텔 제온 w5-3435X,사파이어 래피드,벌크,3096900,3096900,3096900,3096900,3096900,3096900,3096900,3096900,3096900,3096900,3096900,3096900,3096900,3096900,3096900,3096900,3096900,3096900,3096900,3096900,3096900,3096900,3096900,3096900,3063600,3063600,3063600,3030300,3030300,3030300,2997000
35223638,인텔 제온 w7-3465X (사파이어 래피드),인텔 제온 w7-3465X,사파이어 래피드,벌크,4756950,4756950,4756950,4756950,4756950,4756950,4756950,4756950,4756950,4756950,4756950,4756950,4756950,4756950,4756950,4756950,4756950,4756950,4756950,4770900,4770900,4770900,4770900,4770900,4701000,4701000,4701000,4652830,4652830,4652830,4601520
9308598,인텔 제온 스케일러블 골드 5220 (캐스케이드레이크),인텔 제온 스케일러블 골드 5220,캐스케이드레이크,정품,0,0,0,0,0,0,0,0,0,0,0,0,0,0,0,0,0,0,0,0,0,0,0,0,0,2663100,2693280,2693250,2693240,2693210,2693120
15064400,인텔 제온 스케일러블 골드 5317 (아이스레이크),인텔 제온 스케일러블 골드 5317,아이스레이크,정품,0,0,0,0,0,0,0,0,0,0,0,0,0,0,0,0,0,0,0,0,0,0,0,0,0,0,0,0,1932370,1932370,1932370
15064316,인텔 제온 스케일러블 골드 5320 (아이스레이크),인텔 제온 스케일러블 골드 5320,아이스레이크,정품,0,0,0,0,0,0,0,0,0,0,0,0,0,0,0,0,0,3091780,0,3091780,3091780,3091780,3319110,0,0,0,0,0,0,0,0
15064730,인텔 제온 스케일러블 골드 5320H (쿠퍼레이크),인텔 제온 스케일러블 골드 5320H,쿠퍼레이크,정품,0,0,0,0,0,0,2791190,0,0,0,0,0,0,0,0,0,0,0,0,0,0,0,0,0,0,0,0,0,0,0,0
5449029,인텔 제온 스케일러블 골드 6138 (스카이레이크),인텔 제온 스케일러블 골드 6138,스카이레이크,정품,0,0,0,0,0,0,0,0,0,0,0,0,0,0,0,0,0,0,0,0,0,0,0,0,0,0,0,0,4523000,4523000,0
5449025,인텔 제온 스케일러블 골드 6140 (스카이레이크),인텔 제온 스케일러블 골드 6140,스카이레이크,정품,0,0,0,0,0,0,0,0,0,0,0,3462300,3462300,3462300,0,3462300,3462300,0,0,0,0,0,0,0,0,0,0,0,0,0,0
5448999,인텔 제온 스케일러블 골드 6152 (스카이레이크),인텔 제온 스케일러블 골드 6152,스카이레이크,"_정품_5,317,000|_벌크",4700000,4700000,4700000,4700000,4700000,4700000,4700000,4700000,4700000,4700000,4700000,4700000,4700000,4700000,4700000,4700000,4700000,4700000,4700000,4700000,4700000,4700000,4700000,4700000,4700000,4700000,4700000,4700000,4700000,4700000,4700000
9308469,인텔 제온 스케일러블 골드 6230 (캐스케이드레이크),인텔 제온 스케일러블 골드 6230,캐스케이드레이크,정품,0,0,0,0,0,0,0,0,0,0,0,0,0,3320960,3320960,3320960,3320960,3320960,3320960,3320960,3320960,3320960,3320960,0,0,0,0,0,3320960,0,3320960
9307737,인텔 제온 스케일러블 골드 6234 (캐스케이드레이크),인텔 제온 스케일러블 골드 6234,캐스케이드레이크,정품,0,0,0,0,0,0,0,3983070,0,3983070,0,3983070,3983070,0,0,0,0,0,0,0,0,0,0,0,0,0,0,0,0,0,0
9307710,인텔 제온 스케일러블 골드 6238 (캐스케이드레이크),인텔 제온 스케일러블 골드 6238,캐스케이드레이크,정품,5000000,5000000,0,0,0,0,0,0,0,0,0,0,0,0,0,0,0,0,0,0,5000000,0,0,0,5000000,5000000,5000000,0,0,0,0
9307653,인텔 제온 스케일러블 골드 6240 (캐스케이드레이크),인텔 제온 스케일러블 골드 6240,캐스케이드레이크,정품,0,0,0,0,0,0,0,0,0,0,0,0,0,4393200,4393170,4393060,4393030,4392920,0,0,0,0,0,0,0,4351200,4407130,4407070,4406970,4406960,4406950
9307587,인텔 제온 스케일러블 골드 6242 (캐스케이드레이크),인텔 제온 스케일러블 골드 6242,캐스케이드레이크,"_정품_4,503,100|벌크_4,930,000|_해외구매 | _정품_4,547,110|_벌크_4,930,000|해외구매 | _정품_4,557,180|_벌크_4,930,000|해외구매 | _정품_4,557,180|벌크_4,930,000|_해외구매 | _정품_4,557,190|_벌크_4,930,000|해외구매 | _정품_4,557,190|벌크_4,930,000|_해외구매 | _정품_4,789,000|_벌크_4,930,000|해외구매 | _정품_4,789,000|벌크_4,930,000|_해외구매",4950000,4950000,4950000,4950000,4950000,4950000,4950000,4950000,4950000,4950000,4950000,4950000,4950000,4950000,4950000,4950000,4950000,4950000,4950000,4950000,4950000,4950000,4950000,4950000,4950000,4950000,4950000,4950000,4950000,4950000,4950000
18599837,인텔 제온 스케일러블 골드 6242R (캐스케이드레이크),인텔 제온 스케일러블 골드 6242R,캐스케이드레이크,"_벌크_3,629,700|_해외구매 | _벌크_3,629,730|_해외구매 | _벌크_3,629,760|_해외구매 | _벌크_3,629,850|_해외구매 | _벌크_3,649,360|_해외구매 | _벌크_3,649,480|_해외구매 | _벌크_3,649,510|_해외구매 | _벌크_3,649,520|_해외구매 | _벌크_3,649,640|_해외구매 | _벌크_3,649,750|_해외구매 | _벌크_3,649,780|_해외구매 | _벌크_3,649,790|_해외구매 | _벌크_3,649,800|_해외구매 | _벌크_3,649,810|_해외구매 | _벌크_3,649,820|_해외구매 | _벌크_3,649,940|_해외구매 | _벌크_3,649,970|_해외구매 | _벌크_3,649,980|_해외구매 | _벌크_3,649,990|_해외구매 | _벌크_3,689,040|_해외구매",3876000,3876000,3876000,3876000,3876000,3876000,3876000,3876000,3876000,3876000,3876000,3876000,3876000,3876000,3876000,3876000,3876000,3876000,3876000,3876000,3876000,3876000,3876000,3876000,3876000,3876000,3876000,3876000,3876000,3876000,3876000
9307443,인텔 제온 스케일러블 골드 6248 (캐스케이드레이크),인텔 제온 스케일러블 골드 6248,캐스케이드레이크,정품,0,0,0,0,0,0,0,5517890,5517780,5517760,5517660,5517640,5517520,5517400,5517370,5517260,5517230,0,0,0,0,0,0,0,0,0,0,0,0,0,0
9306747,인텔 제온 스케일러블 골드 6252 (캐스케이드레이크),인텔 제온 스케일러블 골드 6252,캐스케이드레이크,정품,0,0,0,0,0,0,0,0,0,0,6592000,6592000,6592000,6592000,0,6592000,6592000,0,0,0,0,0,0,0,0,0,0,0,0,0,0
15066872,인텔 제온 스케일러블 골드 6312U (아이스레이크),인텔 제온 스케일러블 골드 6312U,아이스레이크,정품,0,0,0,0,0,0,0,0,0,0,0,0,0,0,0,3005900,3005900,3005900,3005900,3005900,3005900,3005900,0,0,0,0,0,0,0,0,0
15066893,인텔 제온 스케일러블 골드 6314U (아이스레이크),인텔 제온 스케일러블 골드 6314U,아이스레이크,정품,0,0,0,0,5260330,5260330,5260330,5260330,5260330,5260330,5260330,5260330,5260330,0,5260330,0,0,0,0,0,0,0,0,0,0,0,0,0,0,0,0
19830578,인텔 제온 스케일러블 골드 6326 (아이스레이크),인텔 제온 스케일러블 골드 6326,아이스레이크,벌크,2310000,2630160,0,2310000,2310000,2310000,2310000,2310000,2310000,0,0,0,0,0,0,0,0,0,0,0,0,0,2822990,2310000,2310000,2310000,2310000,2310000,0,0,0
15066656,인텔 제온 스케일러블 골드 6330 (아이스레이크),인텔 제온 스케일러블 골드 6330,아이스레이크,정품,3290000,3290000,3290000,0,0,0,0,3290000,3290000,3290000,3290000,3290000,3290000,0,0,0,0,0,0,0,0,0,0,0,0,0,0,0,3290000,3290000,3290000
15066728,인텔 제온 스케일러블 골드 6336Y (아이스레이크),인텔 제온 스케일러블 골드 6336Y,아이스레이크,정품,0,0,0,0,0,0,0,3826180,3826060,3826030,3825940,3825920,3825820,3825790,3825680,0,0,0,0,0,0,0,3827400,3827400,3789280,3789280,3827400,3827400,3827400,0,0
15322631,인텔 제온 스케일러블 골드 6338 (아이스레이크),인텔 제온 스케일러블 골드 6338,아이스레이크,벌크,0,0,0,0,0,0,0,0,0,0,0,0,0,0,0,0,0,0,0,0,0,0,0,0,0,0,0,0,4821220,4821220,4821220
15322769,인텔 제온 스케일러블 골드 6338N (아이스레이크),인텔 제온 스케일러블 골드 6338N,아이스레이크,벌크,5142370,5653660,5142370,5142370,5142370,5142370,5142370,5142370,5142370,5142370,5142370,5142370,5142370,5142370,5142370,0,0,0,0,0,0,0,0,0,0,0,0,0,0,0,0
15066179,인텔 제온 스케일러블 골드 6342 (아이스레이크),인텔 제온 스케일러블 골드 6342,아이스레이크,정품,5024150,5507320,5024150,5024150,0,0,0,0,0,0,0,0,0,0,0,0,0,0,0,0,0,0,0,0,0,0,0,0,0,0,0
19830395,인텔 제온 스케일러블 골드 6346 (아이스레이크),인텔 제온 스케일러블 골드 6346,아이스레이크,벌크,3270000,4921960,4508860,0,0,0,3270000,0,0,3270000,3270000,0,0,0,0,0,0,0,0,0,0,0,0,0,0,0,0,0,0,0,0
5449308,인텔 제온 스케일러블 브론즈 3104 (스카이레이크),인텔 제온 스케일러블 브론즈 3104,스카이레이크,"_정품_400,000|_벌크",371990,371990,371990,371990,371990,371990,371990,371990,371990,371990,371990,371990,371990,371990,371990,371990,371990,371990,371990,371990,371990,371990,371990,371990,371990,371990,371990,371990,371990,371990,371990
9309411,인텔 제온 스케일러블 브론즈 3204 (캐스케이드레이크),인텔 제온 스케일러블 브론즈 3204,캐스케이드레이크,정품,0,0,0,0,0,0,0,470000,0,0,0,0,0,0,0,0,0,0,0,0,0,470000,470000,470000,470000,0,0,0,0,0,0
14748134,인텔 제온 스케일러블 실버 4110 (스카이레이크),인텔 제온 스케일러블 실버 4110,스카이레이크,"_벌크_875,000|_중고 | _벌크_875,000|_중고_22,090|해외구매 | _벌크_875,000|_중고_23,490|해외구매",0,0,0,0,0,0,0,0,0,0,0,0,0,0,0,0,0,0,0,0,339630,339630,339770,332910,332910,23490,23490,23490,23490,23490,23490
5449256,인텔 제온 스케일러블 실버 4114 (스카이레이크),인텔 제온 스케일러블 실버 4114,스카이레이크,"_정품_2,011,000|_벌크",995000,995000,995000,995000,995000,995000,995000,995000,995000,995000,995000,995000,995000,995000,995000,995000,995000,995000,995000,995000,995000,995000,995000,995000,995000,995000,995000,995000,995000,995000,995000
9309363,인텔 제온 스케일러블 실버 4208 (캐스케이드레이크),인텔 제온 스케일러블 실버 4208,캐스케이드레이크,정품,500000,500000,500000,500000,500000,500000,500000,500000,500000,500000,500000,500000,500000,500000,500000,500000,500000,500000,500000,500000,500000,500000,500000,0,0,0,0,500000,500000,500000,500000
9309339,인텔 제온 스케일러블 실버 4210 (캐스케이드레이크),인텔 제온 스케일러블 실버 4210,캐스케이드레이크,정품,872000,871990,871960,871950,871920,871820,871810,871780,871660,871650,871640,871630,871620,871590,871490,871460,871430,871320,871200,871400,871400,871400,873800,873800,862030,862030,862030,862000,861990,861980,861970
17241737,인텔 제온 스케일러블 실버 4210R (캐스케이드레이크),인텔 제온 스케일러블 실버 4210R,캐스케이드레이크,벌크,608990,608990,608990,608990,608990,608990,608980,608860,608750,608730,608630,608610,608980,608950,608840,608720,608690,608580,608460,608460,608990,608990,619270,608990,608990,608990,608990,608960,608950,608940,608930
9309312,인텔 제온 스케일러블 실버 4214 (캐스케이드레이크),인텔 제온 스케일러블 실버 4214,캐스케이드레이크,정품,0,0,1204690,1204690,1204690,1204690,1204690,1204690,0,0,0,0,0,0,1204690,0,0,0,0,0,0,0,0,1204690,1204690,1204690,1204690,1204690,1204690,1204690,0
9309276,인텔 제온 스케일러블 실버 4215 (캐스케이드레이크),인텔 제온 스케일러블 실버 4215,캐스케이드레이크,정품,0,0,0,0,0,0,0,0,0,0,0,0,0,0,0,0,0,0,0,0,0,0,0,0,0,0,0,0,0,1266760,1266760
9308790,인텔 제온 스케일러블 실버 4216 (캐스케이드레이크),인텔 제온 스케일러블 실버 4216,캐스케이드레이크,정품,1185600,1185600,1185600,1185600,1185600,1185600,1185600,1185600,1185600,1185600,1185600,1185600,1185600,1185600,1185600,1185600,1185600,1185600,1185600,1185600,1185600,1185600,1185600,1185600,1185600,1185600,1185600,1185600,1185600,1185600,1185600
15061958,인텔 제온 스케일러블 실버 4309Y (아이스레이크),인텔 제온 스케일러블 실버 4309Y,아이스레이크,정품,960820,1036900,960820,960820,0,0,960820,0,0,0,0,0,0,0,0,0,0,0,0,960820,960820,960820,1037350,960820,960820,960820,960820,960820,960820,960820,960820
15062594,인텔 제온 스케일러블 실버 4310 (아이스레이크),인텔 제온 스케일러블 실버 4310,아이스레이크,정품,857520,857520,857520,857520,857520,857520,857520,857520,857520,857520,857520,857520,857520,857520,857520,857520,857520,857520,857520,857520,857520,857520,857520,857520,857520,857520,857520,857520,857520,857520,857520
15062720,인텔 제온 스케일러블 실버 4314 (아이스레이크),인텔 제온 스케일러블 실버 4314,아이스레이크,정품,0,0,0,0,0,0,0,1338960,0,1338810,0,1338710,1338700,1338680,0,0,0,0,1338280,0,0,0,0,0,0,0,0,0,0,0,0
15062825,인텔 제온 스케일러블 실버 4316 (아이스레이크),인텔 제온 스케일러블 실버 4316,아이스레이크,정품,1735300,1735300,1735300,0,0,0,1735300,1735300,1735300,1735300,1735300,1735300,1735300,0,0,0,0,1735300,1735300,1735300,1735300,1735300,1861230,1735300,1735300,1735300,1735300,1735300,1735300,1735300,0
16276169,인텔 제온 스케일러블 플래티넘 8280L (캐스케이드레이크),인텔 제온 스케일러블 플래티넘 8280L,캐스케이드레이크,정품,17500000,17500000,17500000,17500000,17500000,17500000,17500000,17500000,17500000,17500000,17500000,17500000,17500000,0,0,0,0,0,0,17500000,17500000,17500000,17500000,17500000,17500000,17500000,0,0,0,0,0
15068132,인텔 제온 스케일러블 플래티넘 8351N (아이스레이크),인텔 제온 스케일러블 플래티넘 8351N,아이스레이크,정품,0,0,0,0,0,0,0,0,0,6548580,0,0,0,0,0,0,0,0,0,0,0,0,0,0,0,0,0,0,0,0,0
15070211,인텔 제온 스케일러블 플래티넘 8353H (쿠퍼레이크),인텔 제온 스케일러블 플래티넘 8353H,쿠퍼레이크,정품,0,0,0,0,0,0,0,0,5689750,5689750,5689750,5689750,5689750,0,0,0,0,0,0,0,0,0,0,0,0,0,0,0,0,0,0
15070607,인텔 제온 스케일러블 플래티넘 8360H (쿠퍼레이크),인텔 제온 스케일러블 플래티넘 8360H,쿠퍼레이크,정품,7246380,0,7246380,7246380,7246380,7246380,0,0,0,0,0,0,0,0,0,0,0,0,0,0,0,0,0,0,0,0,0,0,0,0,0
15070088,인텔 제온 스케일러블 플래티넘 8360Y (아이스레이크),인텔 제온 스케일러블 플래티넘 8360Y,아이스레이크,정품,0,0,0,0,0,0,0,0,0,0,0,0,0,0,0,0,0,0,0,0,0,0,0,0,0,0,9608160,0,0,0,0
15069152,인텔 제온 스케일러블 플래티넘 8368Q (아이스레이크),인텔 제온 스케일러블 플래티넘 8368Q,아이스레이크,정품,0,0,14278050,14278050,14278050,0,14278050,0,0,0,0,0,0,0,0,0,0,0,0,0,0,0,0,0,0,0,0,0,0,0,0
15070688,인텔 제온 스케일러블 플래티넘 8376HL (쿠퍼레이크),인텔 제온 스케일러블 플래티넘 8376HL,쿠퍼레이크,정품,0,0,0,0,0,0,0,0,0,0,0,0,0,0,0,0,0,0,0,0,19860440,0,22360980,19860440,19860440,19860440,0,0,0,0,19860440
15069791,인텔 제온 스케일러블 플래티넘 8380 (아이스레이크),인텔 제온 스케일러블 플래티넘 8380,아이스레이크,정품,18786900,21141470,18786900,18786900,18786900,18786900,18786900,18786900,18786900,18786900,18786900,18786900,18786900,18786900,18786900,0,18786900,18786900,18786900,0,0,18786900,21141470,18786900,18786900,18786900,18786900,18786900,18786900,18786900,18786900
15070739,인텔 제온 스케일러블 플래티넘 8380HL (쿠퍼레이크),인텔 제온 스케일러블 플래티넘 8380HL,쿠퍼레이크,정품,21363390,24068300,21363390,21363390,21363390,21363390,21363390,21363390,21363390,21363390,21363390,21363390,21363390,21363390,21363390,21363390,21363390,21363390,21363390,21363390,21363390,21363390,23097570,21363390,21363390,21363390,21363390,21363390,21363390,21363390,21363390
4146417,인텔 코어2듀오 E4300 (콘로),인텔 코어2듀오 E4300,콘로,중고,0,0,0,0,0,0,0,0,0,0,0,0,0,0,0,0,0,0,0,0,0,0,0,0,0,5440,5440,0,0,0,0
587936,인텔 코어2듀오 E4500 (콘로),인텔 코어2듀오 E4500,콘로,중고,0,0,0,8280,8280,8280,0,0,0,0,0,0,0,0,0,0,0,0,0,0,0,0,0,0,0,0,0,0,0,0,0
472410,인텔 코어2듀오 E6600 (콘로),인텔 코어2듀오 E6600,콘로,중고,0,0,0,0,0,9800,9800,0,0,0,0,0,0,0,0,0,0,0,0,0,0,0,0,0,0,0,0,0,0,0,0
4147269,인텔 코어2듀오 E7400 (울프데일),인텔 코어2듀오 E7400,울프데일,중고,0,0,0,0,0,0,0,0,0,0,0,0,0,0,0,0,0,0,0,0,0,0,0,0,0,0,0,1900,0,0,0
4147168,인텔 코어2듀오 E7500 (울프데일),인텔 코어2듀오 E7500,울프데일,중고,1790,1790,1790,1790,1790,1790,1790,1790,1790,1790,1790,1780,1780,1790,1790,1790,1790,1790,1790,1790,1790,1790,1790,1790,1790,1790,1790,1790,1790,1790,1790
4144290,인텔 코어2듀오 E8400 (울프데일),인텔 코어2듀오 E8400,울프데일,중고,2310,2390,2360,2350,2320,2370,2370,2370,0,0,0,2350,2340,2310,2370,2370,2370,2390,2360,2350,2320,2380,2310,2370,2210,2210,2310,2390,2380,2370,2360
4143989,인텔 코어2듀오 E8500 (울프데일),인텔 코어2듀오 E8500,울프데일,중고,0,0,0,0,0,0,0,0,4650,4650,4650,0,0,0,0,0,0,0,0,0,0,0,0,4700,4700,4700,4700,4240,4240,0,0
686511,인텔 코어2쿼드 Q6600 (켄츠필드),인텔 코어2쿼드 Q6600,켄츠필드,"_벌크_4,370|_중고 | _벌크_4,380|_중고 | _벌크_4,430|_중고 | _벌크_4,440|_중고 | _벌크_4,530|_중고 | _벌크_4,650|_중고 | _벌크_4,800|_중고",3700,3700,3700,3700,3700,3700,3700,3700,3700,3700,3700,3700,3700,3700,3700,3700,3700,3700,3700,3700,3700,3700,3700,3700,3700,3700,3700,3700,3700,3700,3700
4148340,인텔 코어2쿼드 Q8200 (요크필드),인텔 코어2쿼드 Q8200,요크필드,중고,2440,2440,2440,2440,2440,2440,2440,2440,2440,2440,2440,2440,2440,2440,0,0,0,0,0,2440,2440,2440,2440,2440,2270,2270,0,0,0,0,0
913727,인텔 코어2쿼드 Q8300 (요크필드),인텔 코어2쿼드 Q8300,요크필드,"_벌크_2,790|_중고 | _벌크_2,860|_중고 | _벌크_2,880|_중고 | _벌크_2,890|_중고 | _벌크_2,910|_중고 | _벌크_2,920|_중고 | _벌크_2,940|_중고 | _벌크_3,000|_중고",3140,3140,3140,3140,3140,3140,3140,3140,3140,3140,3140,3140,3140,3140,3140,3140,3140,3140,3140,3140,3140,3140,3140,3140,2910,2910,2910,2910,3140,3140,3140
4144483,인텔 코어2쿼드 Q8400 (요크필드),인텔 코어2쿼드 Q8400,요크필드,중고,4220,4210,4180,4170,4170,3720,3990,3990,3990,3990,3990,3990,3990,4180,4170,4290,4260,4170,4290,4270,4250,4220,4200,4200,4140,4140,4220,4170,4290,4260,4230
906919,인텔 코어2쿼드 Q9400 (요크필드),인텔 코어2쿼드 Q9400,요크필드,"_벌크_6,750|_중고 | _벌크_6,830|_중고 | _벌크_6,900|_중고 | _벌크_6,980|_중고 | _벌크_7,050|_중고",5990,5990,5990,5990,5990,5580,5990,5990,5990,5990,5990,5990,5990,5990,5990,5990,5990,5990,5990,5990,5990,5990,5990,5990,5520,5520,5990,5990,5990,5990,5990
4485420,인텔 코어2쿼드 Q9500 (요크필드),인텔 코어2쿼드 Q9500,요크필드,중고,7490,0,0,0,0,0,4710,4710,4710,4710,4710,4710,4710,4710,4710,4710,4710,4710,4710,7490,7490,7490,7050,6900,6900,6900,6900,6900,0,0,0
4144494,인텔 코어2쿼드 Q9550 (요크필드),인텔 코어2쿼드 Q9550,요크필드,중고,16280,16280,16280,16280,16280,14900,14900,14900,14900,14900,14900,14900,14900,14900,14900,14900,14900,14900,14900,14900,14900,14900,16450,14900,14900,14900,14900,14900,0,0,0
10072065,인텔 코어X-시리즈 i9-10900X (캐스케이드레이크),인텔 코어X-시리즈 i9-10900X,캐스케이드레이크,"_정품_1,013,990|_벌크_804,430|해외구매 | _정품_1,014,000|_벌크 | _정품_1,016,180|_벌크 | _정품_1,016,180|_벌크_810,990|해외구매",1002800,1254020,1254020,1254020,1254020,1254020,1254020,1254020,1254020,810990,810990,810990,810990,810990,810990,810990,810990,810990,810990,810990,810990,810990,810990,810990,810990,810990,835670,804440,804440,1002800,1002800
10032045,인텔 코어X-시리즈 i9-10920X (캐스케이드레이크),인텔 코어X-시리즈 i9-10920X,캐스케이드레이크,"_정품_1,182,020|_병행수입 박스_1,054,080|벌크 | _정품_1,188,740|_벌크 | _정품_1,188,740|_벌크_1,063,500|해외구매 | _정품_1,188,740|_병행수입 박스_1,049,220|벌크 | _정품_1,188,740|_병행수입 박스_1,054,080|벌크 | _정품_1,188,740|병행수입 박스_1,272,716|_벌크 | _정품_1,188,740|병행수입 박스_1,285,571|_벌크",1488400,1488400,1488400,1605840,1063500,1063500,1063500,1063500,1063500,1063500,1063500,1063500,1063500,1063500,1063500,1063500,1063500,1063500,1063500,1063500,1063500,1063500,1063500,1063500,1063500,1063500,1063500,1063500,1063500,1063500,1063500
10187988,인텔 코어X-시리즈 i9-10940X (캐스케이드레이크),인텔 코어X-시리즈 i9-10940X,캐스케이드레이크,"_정품_1,325,820|_벌크 | _정품_1,325,930|_벌크 | _정품_1,326,050|_벌크 | _정품_1,326,080|_벌크 | _정품_1,326,110|_벌크 | _정품_1,326,210|_벌크 | _정품_1,326,240|_벌크 | _정품_1,326,340|_벌크 | _정품_1,326,460|_벌크 | _정품_1,326,570|_벌크 | _정품_1,326,600|_벌크 | _정품_1,326,720|_벌크 | _정품_1,326,750|_벌크 | _정품_1,326,760|_벌크 | _정품_1,326,860|_벌크 | _정품_1,326,890|_벌크 | _정품_1,326,900|_벌크 | _정품_1,326,930|_벌크 | _정품_1,326,940|_벌크 | _정품_1,328,430|_벌크 | _정품_1,330,130|_벌크 | _정품_1,330,140|_벌크 | _정품_1,330,150|_벌크 | _정품_1,330,250|_벌크 | _정품_1,330,310|_벌크 | _정품_1,348,630|_벌크",1121250,1121250,1121250,1121250,1121250,1121250,1121250,1121250,1121250,1121250,1121250,1121250,1121250,1121250,1121250,1121250,1121250,1121250,1121250,1121250,1121250,1121250,1121250,1121250,1121250,1121250,1133900,1133890,1298970,1298860,1298830
10142334,인텔 코어X-시리즈 i9-10980XE Extreme Edition (캐스케이드레이크),인텔 코어X-시리즈 i9-10980XE Extreme Edition,캐스케이드레이크,"_정품_1,648,660|_벌크_1,463,250|해외구매 | _정품_1,899,000|_벌크_1,463,250|해외구매",2941040,0,2941000,2940990,2940960,2940860,2940850,2940820,2940700,2940690,2940680,2940670,2940660,2940630,2940520,2940400,2940370,2940260,2940140,2940130,2940100,2939980,0,2432390,2432390,2432390,2432390,2432390,2432390,2432390,2432390
13540112,인텔 코어X-시리즈 i9-10980XE Extreme Edition (캐스케이드레이크),인텔 코어X-시리즈 i9-10980XE Extreme Edition,캐스케이드레이크,"_벌크_1,463,250|_해외구매",0,2941030,0,0,0,0,0,0,0,0,0,0,0,0,0,0,0,0,0,0,0,0,2432390,0,0,0,0,0,0,0,0
13174088,인텔 코어X-시리즈 i9-7920X (스카이레이크),인텔 코어X-시리즈 i9-7920X,스카이레이크,해외구매,1300500,1300500,1300500,1300500,1300500,1300500,0,1300500,0,0,0,0,0,0,0,0,0,0,0,0,0,0,0,0,0,0,0,0,0,0,0
13174166,인텔 코어X-시리즈 i9-9820X (스카이레이크),인텔 코어X-시리즈 i9-9820X,스카이레이크,해외구매,0,0,0,1206210,0,0,0,0,0,0,0,0,0,0,0,0,0,0,0,0,0,0,0,0,0,0,0,0,0,0,0
14738312,인텔 코어X-시리즈 i9-9900X (스카이레이크),인텔 코어X-시리즈 i9-9900X,스카이레이크,해외구매,0,0,959000,959000,959000,959000,0,959000,0,0,0,0,0,0,0,0,0,0,0,0,0,0,0,0,0,0,0,0,0,0,0
6929425,인텔 코어X-시리즈 i9-9940X (스카이레이크),인텔 코어X-시리즈 i9-9940X,스카이레이크,"_정품_970,000|_해외구매",1190000,1190000,1190000,1190000,1190000,1190000,1190000,1190000,1190000,1190000,1190000,1190000,1190000,1190000,1190000,1190000,1190000,1190000,1190000,1190000,1190000,1190000,1190000,1190000,1190000,1190000,1190000,1190000,1190000,1190000,1190000
11405337,인텔 코어i3-10세대 10100 (코멧레이크S),인텔 코어i3-10세대 10100,코멧레이크S,"_정품_126,100|병행수입 박스_125,100|_벌크 + 쿨러_116,140|벌크 | _정품_126,420|병행수입 박스_125,100|벌크 + 쿨러_116,020|_벌크 | _정품_127,890|병행수입 박스_125,100|_벌크 + 쿨러_115,900|벌크 | _정품_316,800|병행수입 박스_122,730|_벌크 + 쿨러_116,170|벌크 | _정품_316,800|병행수입 박스_123,500|_벌크 + 쿨러_116,800|벌크 | _정품_316,800|병행수입 박스_123,500|_벌크 + 쿨러_116,830|벌크 | _정품_316,800|병행수입 박스_123,500|_벌크 + 쿨러_116,840|벌크 | _정품_316,800|병행수입 박스_123,500|_벌크 + 쿨러_116,870|벌크 | _정품_316,800|병행수입 박스_123,500|_벌크 + 쿨러_116,920|벌크",111460,111410,111380,111370,111340,111240,111230,111200,111080,0,0,0,0,0,0,0,0,0,0,0,0,0,0,0,0,0,0,0,0,0,0
12336038,인텔 코어i3-10세대 10100 (코멧레이크S),인텔 코어i3-10세대 10100,코멧레이크S,"_병행수입 박스_125,100|_벌크 + 쿨러_112,110|벌크 | _병행수입 박스_125,100|_벌크 + 쿨러_112,120|벌크 | _병행수입 박스_125,100|_벌크 + 쿨러_112,130|벌크 | _병행수입 박스_125,100|_벌크 + 쿨러_115,540|벌크 | 병행수입 박스_125,100|_벌크 + 쿨러_112,200|_벌크 | 병행수입 박스_125,100|_벌크 + 쿨러_112,230|_벌크 | 병행수입 박스_125,100|_벌크 + 쿨러_115,100|_벌크 | 병행수입 박스_125,100|_벌크 + 쿨러_115,220|_벌크 | 병행수입 박스_125,100|_벌크 + 쿨러_115,340|_벌크 | 병행수입 박스_125,100|_벌크 + 쿨러_115,460|_벌크 | 병행수입 박스_125,100|_벌크 + 쿨러_115,490|_벌크 | 병행수입 박스_125,100|_벌크 + 쿨러_115,660|_벌크 | 병행수입 박스_125,100|_벌크 + 쿨러_115,690|_벌크 | 병행수입 박스_125,100|_벌크 + 쿨러_115,700|_벌크 | 병행수입 박스_125,100|_벌크 + 쿨러_115,730|_벌크 | 병행수입 박스_125,100|_벌크 + 쿨러_115,830|_벌크 | 병행수입 박스_125,100|_벌크 + 쿨러_115,860|_벌크 | 병행수입 박스_125,100|_벌크 + 쿨러_115,870|_벌크 | 병행수입 박스_125,100|_벌크 + 쿨러_115,880|_벌크 | 병행수입 박스_125,100|_벌크 + 쿨러_115,890|_벌크",0,0,0,0,0,0,0,0,0,111070,111060,111050,111040,111030,108980,108860,108850,108820,108700,108650,108620,108500,108450,108450,106710,106710,108450,108390,108290,108260,108170
12487424,인텔 코어i3-10세대 10100F (코멧레이크S),인텔 코어i3-10세대 10100F,코멧레이크S,"_정품_92,350|병행수입 박스_86,140|벌크 + 쿨러_77,910|_벌크 | _정품_92,350|병행수입 박스_86,140|벌크 + 쿨러_77,940|_벌크 | _정품_93,450|병행수입 박스_88,500|벌크 + 쿨러_77,900|_벌크 | _정품_95,390|병행수입 박스_90,300|_벌크 + 쿨러_77,160|벌크 | _정품_95,390|병행수입 박스_90,300|_벌크 + 쿨러_77,520|벌크 | _정품_95,390|병행수입 박스_90,300|_벌크 + 쿨러_77,650|벌크 | _정품_95,390|병행수입 박스_90,300|_벌크 + 쿨러_77,660|벌크 | _정품_95,390|병행수입 박스_90,300|_벌크 + 쿨러_77,820|벌크 | _정품_95,390|병행수입 박스_90,300|_벌크 + 쿨러_77,930|벌크 | _정품_95,390|병행수입 박스_90,300|_벌크 + 쿨러_77,990|벌크 | _정품_95,390|병행수입 박스_90,300|_벌크 + 쿨러_78,200|벌크 | _정품_95,390|병행수입 박스_90,300|_벌크 + 쿨러_78,230|벌크 | _정품_95,390|병행수입 박스_90,300|_벌크 + 쿨러_78,240|벌크 | _정품_95,390|병행수입 박스_90,300|_벌크 + 쿨러_78,340|벌크 | _정품_95,390|병행수입 박스_90,300|_벌크 + 쿨러_78,360|벌크 | _정품_95,390|병행수입 박스_90,300|_벌크 + 쿨러_78,460|벌크 | _정품_95,390|병행수입 박스_90,300|_벌크 + 쿨러_78,570|벌크 | _정품_95,390|병행수입 박스_90,300|벌크 + 쿨러_77,280|_벌크 | _정품_95,390|병행수입 박스_90,300|벌크 + 쿨러_77,400|_벌크 | _정품_95,390|병행수입 박스_90,300|벌크 + 쿨러_78,680|_벌크 | _정품_95,390|병행수입 박스_92,400|_벌크 + 쿨러_77,780|벌크 | _정품_95,390|병행수입 박스_92,520|_벌크 + 쿨러_77,900|벌크 | _정품_95,390|병행수입 박스_95,490|벌크 + 쿨러_78,710|_벌크 | _정품_95,390|병행수입 박스_95,490|벌크 + 쿨러_78,720|_벌크 | _정품_95,390|병행수입 박스_95,490|벌크 + 쿨러_78,820|_벌크 | _정품_95,390|병행수입 박스_99,030|벌크 + 쿨러_78,860|_벌크 | _정품_95,390|병행수입 박스_99,060|_벌크 + 쿨러_78,890|벌크 | _정품_95,390|병행수입 박스_99,070|_벌크 + 쿨러_78,900|벌크 | _정품_95,390|병행수입 박스_99,200|벌크 + 쿨러_78,850|_벌크 | _정품_95,470|병행수입 박스_90,300|_벌크 + 쿨러_77,950|벌크",75550,75550,75550,75550,75550,75550,75540,75450,75450,75450,75450,74720,74710,74710,74710,74710,74710,74710,74710,74710,74710,74710,74710,74710,74710,74710,74710,74710,73680,73670,73670
14409386,인텔 코어i3-10세대 10105 (코멧레이크S 리프레시),인텔 코어i3-10세대 10105,코멧레이크S 리프레시,"정품_141,360|병행수입 박스_129,740|_벌크 + 쿨러_120,000|_벌크 | 정품_141,360|병행수입 박스_129,740|_벌크 + 쿨러_120,190|_벌크 | 정품_144,810|병행수입 박스_131,250|_벌크 + 쿨러_120,000|_벌크 | 정품_144,810|병행수입 박스_141,750|_벌크 + 쿨러_129,930|_벌크 | 정품_144,820|병행수입 박스_131,250|_벌크 + 쿨러_120,000|_벌크 | 정품_144,820|병행수입 박스_140,110|_벌크 + 쿨러_129,930|_벌크 | 정품_144,830|병행수입 박스_140,110|_벌크 + 쿨러_129,510|_벌크 | 정품_144,850|병행수입 박스_131,250|_벌크 + 쿨러_120,000|_벌크 | 정품_144,860|병행수입 박스_131,250|_벌크 + 쿨러_120,000|_벌크 | 정품_144,930|병행수입 박스_140,110|_벌크 + 쿨러_124,070|_벌크 | 정품_144,990|병행수입 박스_133,700|_벌크 + 쿨러_120,190|_벌크 | 정품_144,990|병행수입 박스_133,700|_벌크 + 쿨러_129,510|_벌크 | 정품_144,990|병행수입 박스_133,700|_벌크 + 쿨러_129,520|_벌크 | 정품_144,990|병행수입 박스_140,110|_벌크 + 쿨러_124,070|_벌크 | 정품_144,990|병행수입 박스_140,110|_벌크 + 쿨러_128,740|_벌크 | 정품_144,990|병행수입 박스_140,110|_벌크 + 쿨러_128,860|_벌크 | 정품_144,990|병행수입 박스_140,110|_벌크 + 쿨러_128,980|_벌크 | 정품_144,990|병행수입 박스_141,750|_벌크 + 쿨러_129,100|_벌크 | 정품_144,990|병행수입 박스_141,750|_벌크 + 쿨러_129,130|_벌크 | 정품_145,550|병행수입 박스_140,110|_벌크 + 쿨러_128,620|_벌크",105000,114760,94500,94500,94500,105000,118700,118700,118700,118700,118700,118700,118700,118700,118700,118700,122270,124950,124950,124950,124950,124950,124950,124940,124940,124940,124940,124940,124740,124730,124730
13753334,인텔 코어i3-10세대 10105F (코멧레이크S 리프레시),인텔 코어i3-10세대 10105F,코멧레이크S 리프레시,"_정품_87,900|병행수입 박스_85,100|벌크 + 쿨러_79,060|_벌크_74,060|해외구매 | _정품_88,200|병행수입 박스_85,100|벌크 + 쿨러_79,060|_벌크_74,060|해외구매 | _정품_88,200|병행수입 박스_86,760|벌크 + 쿨러_80,060|_벌크_74,730|해외구매 | _정품_92,360|병행수입 박스_85,100|_벌크 + 쿨러_78,650|벌크_73,640|해외구매 | _정품_92,360|병행수입 박스_85,100|_벌크 + 쿨러_79,060|벌크_74,060|해외구매 | _정품_92,360|병행수입 박스_85,100|_벌크 + 쿨러_79,200|벌크_74,340|해외구매 | _정품_92,360|병행수입 박스_85,100|_벌크 + 쿨러_79,570|벌크_74,570|해외구매 | _정품_92,360|병행수입 박스_85,100|_벌크 + 쿨러_79,580|벌크_74,580|해외구매 | _정품_92,360|병행수입 박스_85,100|벌크 + 쿨러_78,230|_벌크_73,230|해외구매 | _정품_92,360|병행수입 박스_85,100|벌크 + 쿨러_78,650|_벌크_73,640|해외구매 | _정품_92,360|병행수입 박스_85,100|벌크 + 쿨러_78,990|_벌크_74,340|해외구매 | _정품_92,360|병행수입 박스_85,100|벌크 + 쿨러_79,050|_벌크_74,050|해외구매 | _정품_92,360|병행수입 박스_85,100|벌크 + 쿨러_79,060|_벌크_74,060|해외구매 | _정품_92,360|병행수입 박스_85,100|벌크 + 쿨러_79,800|_벌크_74,930|해외구매 | _정품_92,360|병행수입 박스_85,100|벌크 + 쿨러_79,800|_벌크_74,940|해외구매 | _정품_92,360|병행수입 박스_85,100|벌크 + 쿨러_80,200|_벌크_75,230|해외구매 | _정품_93,090|병행수입 박스_86,970|벌크 + 쿨러_78,650|_벌크_73,640|해외구매 | _정품_93,090|병행수입 박스_87,090|벌크 + 쿨러_78,650|_벌크_73,640|해외구매 | _정품_93,090|병행수입 박스_87,500|벌크 + 쿨러_80,890|_벌크_75,700|해외구매 | _정품_93,090|병행수입 박스_87,510|벌크 + 쿨러_80,890|_벌크_75,710|해외구매 | _정품_93,090|병행수입 박스_87,540|벌크 + 쿨러_80,890|_벌크_75,740|해외구매 | _정품_93,090|병행수입 박스_87,550|벌크 + 쿨러_80,890|_벌크_75,750|해외구매 | 정품_92,360|병행수입 박스_85,100|_벌크 + 쿨러_79,200|_벌크_74,340|해외구매",183000,183000,183000,183000,183000,183000,183000,183000,183000,183000,183000,182000,182000,182000,182000,182000,182000,182000,182000,182000,182000,182000,182000,182000,182000,182000,182000,182000,182000,182000,182000
16101083,인텔 코어i3-12세대 12100 (엘더레이크),인텔 코어i3-12세대 12100,엘더레이크,"_정품_150,680|_벌크 + 쿨러_142,400|벌크_129,170|해외구매 | _정품_150,680|벌크 + 쿨러_142,280|_벌크_129,120|해외구매 | _정품_150,680|벌크 + 쿨러_142,340|_벌크_129,160|해외구매 | _정품_150,690|벌크 + 쿨러_142,990|_벌크_131,230|해외구매 | _정품_150,700|벌크 + 쿨러_143,000|_벌크_131,230|해외구매 | _정품_151,340|벌크 + 쿨러_144,070|_벌크_131,790|해외구매 | _정품_151,440|벌크 + 쿨러_144,070|_벌크_131,790|해외구매 | _정품_151,440|벌크 + 쿨러_144,110|_벌크_131,790|해외구매 | _정품_152,290|벌크 + 쿨러_144,630|_벌크_132,800|해외구매 | _정품_152,710|벌크 + 쿨러_145,690|_벌크_133,840|해외구매 | _정품_152,770|벌크 + 쿨러_146,010|_벌크_134,880|해외구매 | _정품_152,990|_벌크 + 쿨러_117,157|벌크_127,590|해외구매 | _정품_152,990|벌크 + 쿨러_119,721|_벌크_127,590|해외구매 | _정품_152,990|벌크 + 쿨러_138,770|_벌크_127,590|해외구매 | _정품_153,300|벌크 + 쿨러_144,570|_벌크_135,100|해외구매 | _정품_153,780|벌크 + 쿨러_136,140|_벌크_126,980|해외구매 | _정품_154,540|벌크 + 쿨러_146,130|_벌크_136,660|해외구매 | _정품_154,540|벌크 + 쿨러_146,540|_벌크_136,900|해외구매 | _정품_154,550|벌크 + 쿨러_146,080|_벌크_132,690|해외구매 | _정품_154,560|벌크 + 쿨러_119,194|_벌크_130,420|해외구매 | _정품_155,400|벌크 + 쿨러_119,194|_벌크_129,880|해외구매 | _정품_155,400|벌크 + 쿨러_119,194|_벌크_130,290|해외구매 | _정품_155,410|벌크 + 쿨러_111,970|_벌크_129,210|해외구매 | _정품_155,990|벌크 + 쿨러_108,957|_벌크_125,630|해외구매 | _정품_155,990|벌크 + 쿨러_111,970|_벌크_125,620|해외구매 | _정품_156,000|벌크 + 쿨러_109,354|_벌크_125,640|해외구매",179900,180170,180170,180170,180170,150700,159990,159880,149770,149660,149560,149550,150470,162700,162670,162560,162530,162420,162300,162290,162160,162040,161920,161800,148350,148350,148360,148360,152540,152530,152520
16101179,인텔 코어i3-12세대 12100F (엘더레이크),인텔 코어i3-12세대 12100F,엘더레이크,"_정품_103,000|벌크 + 쿨러_93,840|_벌크_82,810|해외구매 | _정품_103,110|벌크 + 쿨러_93,850|_벌크_82,820|해외구매 | _정품_103,320|벌크 + 쿨러_93,850|_벌크_83,750|해외구매 | _정품_103,320|벌크 + 쿨러_93,860|_벌크_83,750|해외구매 | _정품_103,330|벌크 + 쿨러_93,870|_벌크_83,760|해외구매 | _정품_103,430|벌크 + 쿨러_93,870|_벌크_83,760|해외구매 | _정품_103,740|벌크 + 쿨러_94,400|_벌크_84,280|해외구매 | _정품_103,740|벌크 + 쿨러_97,190|_벌크_84,810|해외구매 | _정품_104,250|벌크 + 쿨러_97,190|_벌크_85,450|해외구매 | _정품_104,470|벌크 + 쿨러_97,000|_벌크_85,460|해외구매 | _정품_104,850|벌크 + 쿨러_96,350|_벌크_84,310|해외구매 | _정품_104,850|벌크 + 쿨러_96,352|_벌크_86,940|해외구매 | _정품_104,850|벌크 + 쿨러_97,350|_벌크_86,870|해외구매 | _정품_104,940|벌크 + 쿨러_93,250|_벌크_84,050|해외구매 | _정품_105,290|벌크 + 쿨러_96,830|_벌크_86,900|해외구매 | _정품_105,290|벌크 + 쿨러_96,900|_벌크_86,500|해외구매 | _정품_105,290|벌크 + 쿨러_96,900|_벌크_86,890|해외구매 | _정품_105,290|벌크 + 쿨러_97,000|_벌크_86,500|해외구매 | _정품_105,290|벌크 + 쿨러_97,370|_벌크_86,900|해외구매 | _정품_105,450|벌크 + 쿨러_93,700|_벌크_84,420|해외구매 | _정품_105,500|벌크 + 쿨러_97,350|_벌크_86,760|해외구매 | _정품_105,500|벌크 + 쿨러_97,350|_벌크_86,770|해외구매 | _정품_105,900|벌크 + 쿨러_94,660|_벌크_84,840|해외구매 | _정품_105,900|벌크 + 쿨러_95,390|_벌크_85,550|해외구매 | _정품_105,900|벌크 + 쿨러_96,090|_벌크_85,550|해외구매",101060,101050,101020,101010,100980,105100,104980,104860,104740,104730,104720,104710,104700,104690,104660,104540,104530,104500,104380,104370,104340,104220,104100,103980,96070,96170,96170,96140,96130,96120,96100
16393682,인텔 코어i3-12세대 12100T (엘더레이크),인텔 코어i3-12세대 12100T,엘더레이크,벌크,228000,0,228000,228000,228000,228000,228000,228000,228000,228000,228000,228000,228000,228000,0,228000,228000,228000,228000,228000,228000,228000,0,0,0,0,228000,228000,228000,228000,228000
18702722,인텔 코어i3-13세대 13100 (랩터레이크),인텔 코어i3-13세대 13100,랩터레이크,"_정품_152,900|벌크 + 쿨러_186,230|_벌크 | _정품_197,890|벌크 + 쿨러_181,160|_벌크 | _정품_198,620|_벌크 + 쿨러_181,160|벌크 | _정품_198,620|벌크 + 쿨러_181,570|_벌크 | _정품_198,630|벌크 + 쿨러_181,570|_벌크 | _정품_199,470|벌크 + 쿨러_185,830|_벌크 | _정품_199,630|벌크 + 쿨러_182,300|_벌크 | _정품_199,880|벌크 + 쿨러_182,300|_벌크 | _정품_200,390|벌크 + 쿨러_182,300|_벌크 | _정품_200,910|벌크 + 쿨러_182,300|_벌크 | _정품_201,990|벌크 + 쿨러_184,680|_벌크 | _정품_201,990|벌크 + 쿨러_184,690|_벌크 | _정품_201,990|벌크 + 쿨러_185,830|_벌크 | _정품_201,990|벌크 + 쿨러_186,230|_벌크 | _정품_201,990|벌크 + 쿨러_186,250|_벌크 | _정품_201,990|벌크 + 쿨러_187,890|_벌크 | _정품_201,990|벌크 + 쿨러_193,670|_벌크 | _정품_201,990|벌크 + 쿨러_194,000|_벌크",162000,162000,162000,178440,178440,176370,176360,176360,176360,176360,176360,176360,176360,176700,182200,176360,176360,176360,176360,175230,175220,173550,173540,173540,173540,173540,172810,172800,172370,172360,172360
18640205,인텔 코어i3-13세대 13100 (랩터레이크),인텔 코어i3-13세대 13100,랩터레이크,"_정품_152,900|벌크 + 쿨러_186,230|_벌크 | _정품_197,890|벌크 + 쿨러_181,160|_벌크 | _정품_198,620|_벌크 + 쿨러_181,160|벌크 | _정품_198,620|벌크 + 쿨러_181,570|_벌크 | _정품_198,630|벌크 + 쿨러_181,570|_벌크 | _정품_199,470|벌크 + 쿨러_185,830|_벌크 | _정품_199,630|벌크 + 쿨러_182,300|_벌크 | _정품_199,880|벌크 + 쿨러_182,300|_벌크 | _정품_200,390|벌크 + 쿨러_182,300|_벌크 | _정품_200,910|벌크 + 쿨러_182,300|_벌크 | _정품_201,990|벌크 + 쿨러_184,680|_벌크 | _정품_201,990|벌크 + 쿨러_184,690|_벌크 | _정품_201,990|벌크 + 쿨러_185,830|_벌크 | _정품_201,990|벌크 + 쿨러_186,230|_벌크 | _정품_201,990|벌크 + 쿨러_186,250|_벌크 | _정품_201,990|벌크 + 쿨러_187,890|_벌크 | _정품_201,990|벌크 + 쿨러_193,670|_벌크 | _정품_201,990|벌크 + 쿨러_194,000|_벌크",162000,162000,162000,178440,178440,176370,176360,176360,176360,176360,176360,176360,176360,176700,182200,176360,176360,176360,176360,175230,175220,173550,173540,173540,173540,173540,172810,172800,172370,172360,172360
18702590,인텔 코어i3-13세대 13100F (랩터레이크),인텔 코어i3-13세대 13100F,랩터레이크,"_정품_144,780|벌크 + 쿨러_130,760|벌크_121,540|_해외구매 | _정품_144,790|벌크 + 쿨러_131,690|_벌크_122,470|해외구매 | _정품_144,990|벌크 + 쿨러_132,630|_벌크_123,410|해외구매 | _정품_144,990|벌크 + 쿨러_133,670|_벌크_124,450|해외구매 | _정품_144,990|벌크 + 쿨러_134,910|벌크_125,690|_해외구매 | _정품_144,990|벌크 + 쿨러_138,020|벌크_127,260|_해외구매 | _정품_144,990|벌크 + 쿨러_138,020|벌크_127,770|_해외구매 | _정품_145,000|벌크 + 쿨러_138,020|벌크_128,810|_해외구매 | _정품_145,520|벌크 + 쿨러_138,020|_벌크_128,820|해외구매 | _정품_146,240|벌크 + 쿨러_143,010|_벌크_133,790|해외구매 | _정품_146,250|벌크 + 쿨러_143,010|_벌크_133,800|해외구매 | _정품_146,250|벌크 + 쿨러_144,150|_벌크_134,950|해외구매 | _정품_146,250|벌크 + 쿨러_144,660|벌크_135,440|_해외구매 | _정품_146,260|벌크 + 쿨러_144,670|벌크_135,200|_해외구매 | _정품_146,670|벌크 + 쿨러_145,170|벌크_135,200|_해외구매 | _정품_146,680|벌크 + 쿨러_145,170|벌크_135,200|_해외구매 | _정품_146,880|벌크 + 쿨러_145,170|_벌크_135,200|해외구매 | _정품_146,890|벌크 + 쿨러_145,180|_벌크_135,650|해외구매 | _정품_147,680|벌크 + 쿨러_146,710|_벌크_137,510|해외구매",171940,171980,171860,171850,171820,171730,171700,171580,171470,170310,170220,170120,170020,170010,169560,170330,170330,170330,170330,170330,170330,170330,170210,170110,158490,158480,158370,158480,158480,170310,153230
18640106,인텔 코어i3-13세대 13100F (랩터레이크),인텔 코어i3-13세대 13100F,랩터레이크,"_정품_144,780|벌크 + 쿨러_130,760|벌크_121,540|_해외구매 | _정품_144,790|벌크 + 쿨러_131,690|_벌크_122,470|해외구매 | _정품_144,990|벌크 + 쿨러_132,630|_벌크_123,410|해외구매 | _정품_144,990|벌크 + 쿨러_133,670|_벌크_124,450|해외구매 | _정품_144,990|벌크 + 쿨러_134,910|벌크_125,690|_해외구매 | _정품_144,990|벌크 + 쿨러_138,020|벌크_127,260|_해외구매 | _정품_144,990|벌크 + 쿨러_138,020|벌크_127,770|_해외구매 | _정품_145,000|벌크 + 쿨러_138,020|벌크_128,810|_해외구매 | _정품_145,520|벌크 + 쿨러_138,020|_벌크_128,820|해외구매 | _정품_146,240|벌크 + 쿨러_143,010|_벌크_133,790|해외구매 | _정품_146,250|벌크 + 쿨러_143,010|_벌크_133,800|해외구매 | _정품_146,250|벌크 + 쿨러_144,150|_벌크_134,950|해외구매 | _정품_146,250|벌크 + 쿨러_144,660|벌크_135,440|_해외구매 | _정품_146,260|벌크 + 쿨러_144,670|벌크_135,200|_해외구매 | _정품_146,670|벌크 + 쿨러_145,170|벌크_135,200|_해외구매 | _정품_146,680|벌크 + 쿨러_145,170|벌크_135,200|_해외구매 | _정품_146,880|벌크 + 쿨러_145,170|_벌크_135,200|해외구매 | _정품_146,890|벌크 + 쿨러_145,180|_벌크_135,650|해외구매 | _정품_147,680|벌크 + 쿨러_146,710|_벌크_137,510|해외구매",171940,171980,171860,171850,171820,171730,171700,171580,171470,170310,170220,170120,170020,170010,169560,170330,170330,170330,170330,170330,170330,170330,170210,170110,158490,158480,158370,158480,158480,170310,153230
18665090,인텔 코어i3-13세대 13100T (랩터레이크),인텔 코어i3-13세대 13100T,랩터레이크,벌크,237990,237990,230640,237990,237990,237990,237990,237990,237990,237990,237990,237990,237990,237990,237990,237990,237990,237990,237990,237990,237990,237990,233120,237990,237990,237990,237990,237990,237990,237990,237990
32102738,인텔 코어i3-14세대 14100 (랩터레이크 리프레시),인텔 코어i3-14세대 14100,랩터레이크 리프레시,"_정품_198,160|_벌크 + 쿨러_175,570|벌크_186,180|해외구매 | _정품_198,370|_벌크 + 쿨러_176,220|벌크_186,190|해외구매 | _정품_198,590|_벌크 + 쿨러_176,220|벌크_186,710|해외구매 | _정품_198,800|_벌크 + 쿨러_171,410|벌크_187,640|해외구매 | _정품_200,450|_벌크 + 쿨러_177,840|벌크_189,300|해외구매 | _정품_200,460|벌크 + 쿨러_177,840|_벌크_189,820|해외구매 | _정품_200,660|벌크 + 쿨러_177,840|_벌크_189,820|해외구매 | _정품_200,870|벌크 + 쿨러_177,840|_벌크_190,340|해외구매 | _정품_201,490|벌크 + 쿨러_177,840|_벌크_190,350|해외구매 | _정품_202,970|벌크 + 쿨러_178,920|_벌크_190,440|해외구매 | _정품_203,900|_벌크 + 쿨러_173,460|벌크_190,450|해외구매 | _정품_206,290|_벌크 + 쿨러_180,540|벌크_195,000|해외구매 | _정품_206,600|_벌크 + 쿨러_180,540|벌크_195,000|해외구매 | _정품_206,910|_벌크 + 쿨러_181,080|벌크_194,560|해외구매 | _정품_207,210|_벌크 + 쿨러_181,080|벌크_194,560|해외구매 | _정품_208,430|_벌크 + 쿨러_182,050|벌크_194,560|해외구매 | _정품_208,440|_벌크 + 쿨러_180,540|벌크_194,560|해외구매 | _정품_208,440|_벌크 + 쿨러_182,050|벌크_194,560|해외구매 | _정품_208,450|_벌크 + 쿨러_174,540|벌크_194,560|해외구매 | _정품_208,460|_벌크 + 쿨러_174,540|벌크_194,560|해외구매 | _정품_208,460|_벌크 + 쿨러_174,970|벌크_194,560|해외구매",257890,257890,257890,257890,257890,257890,257890,257890,257890,256870,256870,256870,256870,256870,256870,256870,256870,256870,253430,256150,256150,256150,256150,256150,250700,250700,256150,247980,243070,243070,240390
32038820,인텔 코어i3-14세대 14100 (랩터레이크 리프레시),인텔 코어i3-14세대 14100,랩터레이크 리프레시,"_정품_198,160|_벌크 + 쿨러_175,570|벌크_186,180|해외구매 | _정품_198,370|_벌크 + 쿨러_176,220|벌크_186,190|해외구매 | _정품_198,590|_벌크 + 쿨러_176,220|벌크_186,710|해외구매 | _정품_198,800|_벌크 + 쿨러_171,410|벌크_187,640|해외구매 | _정품_200,450|_벌크 + 쿨러_177,840|벌크_189,300|해외구매 | _정품_200,460|벌크 + 쿨러_177,840|_벌크_189,820|해외구매 | _정품_200,660|벌크 + 쿨러_177,840|_벌크_189,820|해외구매 | _정품_200,870|벌크 + 쿨러_177,840|_벌크_190,340|해외구매 | _정품_201,490|벌크 + 쿨러_177,840|_벌크_190,350|해외구매 | _정품_202,970|벌크 + 쿨러_178,920|_벌크_190,440|해외구매 | _정품_203,900|_벌크 + 쿨러_173,460|벌크_190,450|해외구매 | _정품_206,290|_벌크 + 쿨러_180,540|벌크_195,000|해외구매 | _정품_206,600|_벌크 + 쿨러_180,540|벌크_195,000|해외구매 | _정품_206,910|_벌크 + 쿨러_181,080|벌크_194,560|해외구매 | _정품_207,210|_벌크 + 쿨러_181,080|벌크_194,560|해외구매 | _정품_208,430|_벌크 + 쿨러_182,050|벌크_194,560|해외구매 | _정품_208,440|_벌크 + 쿨러_180,540|벌크_194,560|해외구매 | _정품_208,440|_벌크 + 쿨러_182,050|벌크_194,560|해외구매 | _정품_208,450|_벌크 + 쿨러_174,540|벌크_194,560|해외구매 | _정품_208,460|_벌크 + 쿨러_174,540|벌크_194,560|해외구매 | _정품_208,460|_벌크 + 쿨러_174,970|벌크_194,560|해외구매",257890,257890,257890,257890,257890,257890,257890,257890,257890,256870,256870,256870,256870,256870,256870,256870,256870,256870,253430,256150,256150,256150,256150,256150,250700,250700,256150,247980,243070,243070,240390
32102672,인텔 코어i3-14세대 14100F (랩터레이크 리프레시),인텔 코어i3-14세대 14100F,랩터레이크 리프레시,"_정품_158,000|_벌크 + 쿨러_161,080|벌크_152,830|해외구매 | _정품_158,000|_벌크 + 쿨러_162,020|벌크_152,890|해외구매 | _정품_159,490|벌크 + 쿨러_157,190|_벌크_148,050|해외구매 | _정품_159,500|벌크 + 쿨러_157,270|_벌크_148,060|해외구매 | _정품_160,220|벌크 + 쿨러_157,380|_벌크_148,680|해외구매 | _정품_160,230|벌크 + 쿨러_157,470|_벌크_149,310|해외구매 | _정품_160,230|벌크 + 쿨러_158,430|_벌크_150,240|해외구매 | _정품_160,240|벌크 + 쿨러_158,430|_벌크_150,240|해외구매 | _정품_160,550|벌크 + 쿨러_158,430|_벌크_150,250|해외구매 | _정품_161,820|벌크 + 쿨러_159,480|_벌크_151,280|해외구매 | _정품_162,650|벌크 + 쿨러_159,490|_벌크_151,290|해외구매 | _정품_162,700|벌크 + 쿨러_161,070|_벌크_152,830|해외구매 | _정품_162,700|벌크 + 쿨러_161,080|_벌크_152,830|해외구매 | _정품_162,700|벌크 + 쿨러_161,600|_벌크_153,340|해외구매 | _정품_162,700|벌크 + 쿨러_161,600|_벌크_153,350|해외구매 | _정품_162,700|벌크 + 쿨러_162,550|_벌크_153,400|해외구매 | _정품_162,710|벌크 + 쿨러_162,550|_벌크_152,820|해외구매 | _정품_162,790|벌크 + 쿨러_161,070|_벌크_152,820|해외구매 | _정품_162,800|_벌크 + 쿨러_161,070|벌크_152,820|해외구매 | _정품_162,990|_벌크 + 쿨러_162,020|벌크_152,890|해외구매 | _정품_162,990|벌크 + 쿨러_162,020|_벌크_152,890|해외구매",202270,202270,214670,214560,210970,210960,210910,210130,210100,210090,210080,210060,209930,209870,209760,209640,209630,209600,209480,209470,209250,209240,209120,209000,208880,208760,208640,208580,208560,208530,208440
32038895,인텔 코어i3-14세대 14100F (랩터레이크 리프레시),인텔 코어i3-14세대 14100F,랩터레이크 리프레시,"_정품_158,000|_벌크 + 쿨러_161,080|벌크_152,830|해외구매 | _정품_158,000|_벌크 + 쿨러_162,020|벌크_152,890|해외구매 | _정품_159,490|벌크 + 쿨러_157,190|_벌크_148,050|해외구매 | _정품_159,500|벌크 + 쿨러_157,270|_벌크_148,060|해외구매 | _정품_160,220|벌크 + 쿨러_157,380|_벌크_148,680|해외구매 | _정품_160,230|벌크 + 쿨러_157,470|_벌크_149,310|해외구매 | _정품_160,230|벌크 + 쿨러_158,430|_벌크_150,240|해외구매 | _정품_160,240|벌크 + 쿨러_158,430|_벌크_150,240|해외구매 | _정품_160,550|벌크 + 쿨러_158,430|_벌크_150,250|해외구매 | _정품_161,820|벌크 + 쿨러_159,480|_벌크_151,280|해외구매 | _정품_162,650|벌크 + 쿨러_159,490|_벌크_151,290|해외구매 | _정품_162,700|벌크 + 쿨러_161,070|_벌크_152,830|해외구매 | _정품_162,700|벌크 + 쿨러_161,080|_벌크_152,830|해외구매 | _정품_162,700|벌크 + 쿨러_161,600|_벌크_153,340|해외구매 | _정품_162,700|벌크 + 쿨러_161,600|_벌크_153,350|해외구매 | _정품_162,700|벌크 + 쿨러_162,550|_벌크_153,400|해외구매 | _정품_162,710|벌크 + 쿨러_162,550|_벌크_152,820|해외구매 | _정품_162,790|벌크 + 쿨러_161,070|_벌크_152,820|해외구매 | _정품_162,800|_벌크 + 쿨러_161,070|벌크_152,820|해외구매 | _정품_162,990|_벌크 + 쿨러_162,020|벌크_152,890|해외구매 | _정품_162,990|벌크 + 쿨러_162,020|_벌크_152,890|해외구매",202270,202270,214670,214560,210970,210960,210910,210130,210100,210090,210080,210060,209930,209870,209760,209640,209630,209600,209480,209470,209250,209240,209120,209000,208880,208760,208640,208580,208560,208530,208440
32464280,인텔 코어i3-14세대 14100T (랩터레이크 리프레시),인텔 코어i3-14세대 14100T,랩터레이크 리프레시,벌크,227870,227860,227830,227820,227790,227690,227680,227650,227530,227520,227510,227500,227490,227460,227350,227230,227220,227190,227070,230630,230630,230630,231870,231870,228150,228150,228150,228090,227990,227980,227970
4625789,인텔 코어i3-1세대 530 (클락데일),인텔 코어i3-1세대 530,클락데일,중고,0,0,0,0,0,0,0,0,0,0,0,0,0,0,0,0,0,0,0,0,0,0,5760,4300,4300,4300,4300,4300,0,0,0
4148188,인텔 코어i3-1세대 540 (클락데일),인텔 코어i3-1세대 540,클락데일,중고,1400,3440,3250,3250,3250,1400,1400,1400,1400,1400,1400,1400,1400,1400,1400,1400,1400,1400,1400,1400,1400,1400,0,0,0,0,0,0,1400,1400,1400
4146391,인텔 코어i3-1세대 550 (클락데일),인텔 코어i3-1세대 550,클락데일,중고,0,0,0,0,3200,1390,1380,1360,1360,1360,1360,1360,1360,1360,1360,1360,1360,1360,1360,1390,1390,1390,1400,1400,1370,1370,1370,1370,1430,1400,1370
1376125,인텔 코어i3-2세대 2100 (샌디브릿지),인텔 코어i3-2세대 2100,샌디브릿지,"_벌크_3,390|_중고 | _벌크_3,590|_중고",1800,2090,1800,1800,1800,1800,1800,1800,1800,1800,1800,1800,1800,1800,1800,1800,1800,1800,1800,1800,1800,1800,2210,1800,1800,1800,1800,1800,1800,1790,1790
4144570,인텔 코어i3-2세대 2120 (샌디브릿지),인텔 코어i3-2세대 2120,샌디브릿지,중고,2750,3990,3990,3990,3990,2390,2390,2390,2390,2390,0,0,0,2400,2400,2400,2400,2400,2400,2400,2400,2400,3990,2400,2400,2400,2400,2400,2400,2400,2400
1780773,인텔 코어i3-3세대 3220 (아이비브릿지),인텔 코어i3-3세대 3220,아이비브릿지,"_벌크 + 쿨러_8,590|벌크_3,590|_중고 | 벌크 + 쿨러_7,360|_벌크_3,210|_중고 | 벌크 + 쿨러_7,360|_벌크_3,240|_중고 | 벌크 + 쿨러_7,360|_벌크_3,270|_중고 | 벌크 + 쿨러_7,440|_벌크_3,000|_중고 | 벌크 + 쿨러_7,450|_벌크_3,270|_중고 | 벌크 + 쿨러_7,590|_벌크_3,180|_중고 | 벌크 + 쿨러_7,590|_벌크_3,190|_중고 | 벌크 + 쿨러_7,590|_벌크_3,250|_중고 | 벌크 + 쿨러_7,590|_벌크_3,270|_중고 | 벌크 + 쿨러_8,590|_벌크_3,270|_중고 | 벌크 + 쿨러_8,590|_벌크_3,360|_중고 | 벌크 + 쿨러_8,590|_벌크_3,390|_중고 | 벌크 + 쿨러_8,590|_벌크_3,590|_중고",3290,3290,3290,3290,3290,2500,2500,2500,3000,3000,3000,3000,3000,3000,3000,3000,3000,3000,3000,3000,3000,3000,3000,3000,3000,3000,3000,3000,3000,3000,3000
1780775,인텔 코어i3-3세대 3240 (아이비브릿지),인텔 코어i3-3세대 3240,아이비브릿지,"_벌크 + 쿨러_7,560|_중고 | _벌크 + 쿨러_7,600|_중고 | _벌크 + 쿨러_7,640|_중고 | _벌크 + 쿨러_7,670|_중고 | _벌크 + 쿨러_7,680|_중고 | _벌크 + 쿨러_7,720|_중고 | _벌크 + 쿨러_7,730|_중고 | _벌크 + 쿨러_7,750|_중고 | _벌크 + 쿨러_7,760|_중고 | _벌크 + 쿨러_7,810|_중고 | _벌크 + 쿨러_7,820|_중고 | _벌크 + 쿨러_7,870|_중고 | _벌크 + 쿨러_7,990|_중고 | _벌크 + 쿨러_8,020|_중고 | _벌크 + 쿨러_8,130|_중고 | _벌크 + 쿨러_8,150|_중고 | _벌크 + 쿨러_9,300|_중고 | _벌크 + 쿨러_9,490|_중고",3890,3890,3890,3890,3890,3890,3890,3890,3890,3890,3890,3890,3890,3890,3810,3690,3660,3630,3630,3710,3710,3710,3730,3730,3670,3670,3670,3670,3570,3540,3470
17870279,인텔 코어i3-3세대 3250 (아이비브릿지),인텔 코어i3-3세대 3250,아이비브릿지,중고,5450,5450,0,0,0,0,0,0,0,0,5450,5450,5450,0,5450,5450,5450,5450,5450,5570,5570,0,0,0,0,0,0,0,0,0,0
2216333,인텔 코어i3-4세대 4130 (하스웰),인텔 코어i3-4세대 4130,하스웰,"_벌크 + 쿨러_7,270|벌크_5,270|_중고 | _벌크 + 쿨러_7,350|벌크_5,330|_중고 | _벌크 + 쿨러_7,430|벌크_5,390|_중고 | _벌크 + 쿨러_7,470|벌크_5,420|_중고 | _벌크 + 쿨러_8,490|벌크_5,270|_중고 | 벌크 + 쿨러_7,170|_벌크_5,260|_중고 | 벌크 + 쿨러_7,180|_벌크_5,350|_중고 | 벌크 + 쿨러_7,190|_벌크_5,380|_중고 | 벌크 + 쿨러_7,290|_벌크_5,390|_중고 | 벌크 + 쿨러_7,300|_벌크_5,270|_중고 | 벌크 + 쿨러_7,350|_벌크_5,330|_중고 | 벌크 + 쿨러_7,350|_벌크_5,420|_중고 | 벌크 + 쿨러_7,420|_벌크_5,270|_중고 | 벌크 + 쿨러_7,530|_벌크_5,270|_중고 | 벌크 + 쿨러_7,650|_벌크_5,270|_중고 | 벌크 + 쿨러_8,210|_벌크_5,270|_중고 | 벌크 + 쿨러_8,240|_벌크_5,270|_중고 | 벌크 + 쿨러_8,250|_벌크_5,270|_중고 | 벌크 + 쿨러_8,260|_벌크_5,270|_중고 | 벌크 + 쿨러_8,270|_벌크_5,270|_중고 | 벌크 + 쿨러_8,280|_벌크_5,270|_중고 | 벌크 + 쿨러_8,400|_벌크_5,270|_중고 | 벌크 + 쿨러_8,430|_벌크_5,270|_중고 | 벌크 + 쿨러_8,490|_벌크_5,270|_중고",3200,3360,3200,3200,3200,3200,3200,3200,3200,3200,3200,3200,3200,3200,3180,3180,3100,3100,3100,3100,3100,3100,3270,3100,3100,3100,3100,3090,3090,3090,3090
4954420,인텔 코어i3-4세대 4150 (하스웰 리프레시),인텔 코어i3-4세대 4150,하스웰 리프레시,"_중고_3,320|벌크 + 쿨러_7,940|_벌크 | _중고_3,320|벌크 + 쿨러_8,050|_벌크 | _중고_3,330|벌크 + 쿨러_9,460|_벌크 | _중고_3,360|벌크 + 쿨러_9,470|_벌크 | _중고_3,370|벌크 + 쿨러_7,540|_벌크 | _중고_3,370|벌크 + 쿨러_7,600|_벌크 | _중고_3,370|벌크 + 쿨러_7,660|_벌크 | _중고_3,460|벌크 + 쿨러_9,480|_벌크 | _중고_3,490|벌크 + 쿨러_9,490|_벌크 | _중고_3,590|벌크 + 쿨러_9,500|_벌크 | _중고_3,640|벌크 + 쿨러_7,290|_벌크 | _중고_3,640|벌크 + 쿨러_7,370|_벌크 | _중고_3,640|벌크 + 쿨러_7,400|_벌크 | _중고_3,640|벌크 + 쿨러_7,620|_벌크 | _중고_3,640|벌크 + 쿨러_7,640|_벌크 | _중고_3,640|벌크 + 쿨러_7,660|_벌크 | _중고_3,640|벌크 + 쿨러_7,770|_벌크 | _중고_3,640|벌크 + 쿨러_7,780|_벌크 | _중고_3,640|벌크 + 쿨러_7,900|_벌크 | _중고_3,640|벌크 + 쿨러_7,930|_벌크 | _중고_3,910|벌크 + 쿨러_9,510|_벌크 | _중고_3,910|벌크 + 쿨러_9,630|_벌크 | _중고_3,910|벌크 + 쿨러_9,740|_벌크 | _중고_3,910|벌크 + 쿨러_9,780|_벌크",6090,6090,6090,6090,6090,5690,5690,5690,5690,5690,5690,5690,5690,5690,5690,5690,5690,5690,5690,5690,5690,5690,6090,5690,5690,5690,5690,5690,5690,5690,5690
2783204,인텔 코어i3-4세대 4160 (하스웰 리프레시),인텔 코어i3-4세대 4160,하스웰 리프레시,"병행수입 박스_142,990|_벌크 + 쿨러_8,640|벌크_3,910|_중고 | 병행수입 박스_142,990|_벌크 + 쿨러_9,350|벌크_3,910|_중고 | 병행수입 박스_142,990|_벌크 + 쿨러_9,370|벌크_3,910|_중고 | 병행수입 박스_142,990|벌크 + 쿨러_8,060|_벌크_3,850|_중고 | 병행수입 박스_142,990|벌크 + 쿨러_8,090|_벌크_3,950|_중고 | 병행수입 박스_142,990|벌크 + 쿨러_8,150|_벌크_3,940|_중고 | 병행수입 박스_142,990|벌크 + 쿨러_8,180|_벌크_3,970|_중고 | 병행수입 박스_142,990|벌크 + 쿨러_8,180|_벌크_3,990|_중고 | 병행수입 박스_142,990|벌크 + 쿨러_8,190|_벌크_3,980|_중고 | 병행수입 박스_142,990|벌크 + 쿨러_8,220|_벌크_3,990|_중고 | 병행수입 박스_142,990|벌크 + 쿨러_8,220|_벌크_4,010|_중고 | 병행수입 박스_142,990|벌크 + 쿨러_8,350|_벌크_3,990|_중고 | 병행수입 박스_142,990|벌크 + 쿨러_8,360|_벌크_3,910|_중고 | 병행수입 박스_142,990|벌크 + 쿨러_8,390|_벌크_3,910|_중고 | 병행수입 박스_142,990|벌크 + 쿨러_8,490|_벌크_3,910|_중고 | 병행수입 박스_142,990|벌크 + 쿨러_8,520|_벌크_3,910|_중고 | 병행수입 박스_142,990|벌크 + 쿨러_9,350|_벌크_3,910|_중고 | 병행수입 박스_142,990|벌크 + 쿨러_9,470|_벌크_3,910|_중고 | 병행수입 박스_142,990|벌크 + 쿨러_9,500|_벌크_3,910|_중고 | 병행수입 박스_142,990|벌크 + 쿨러_9,510|_벌크_3,910|_중고 | 병행수입 박스_142,990|벌크 + 쿨러_9,670|_벌크_3,910|_중고 | 병행수입 박스_142,990|벌크 + 쿨러_9,700|_벌크_3,910|_중고 | 병행수입 박스_142,990|벌크 + 쿨러_9,710|_벌크_3,910|_중고 | 병행수입 박스_142,990|벌크 + 쿨러_9,740|_벌크_3,910|_중고 | 병행수입 박스_142,990|벌크 + 쿨러_9,750|_벌크_3,910|_중고",4190,4190,4190,4190,4190,4190,4190,4190,4190,4190,4190,4190,4190,4190,4190,4190,4190,4190,4190,4190,4190,4190,4190,4190,3960,3960,3960,3960,4190,4190,4190
3116506,인텔 코어i3-4세대 4170 (하스웰 리프레시),인텔 코어i3-4세대 4170,하스웰 리프레시,"벌크 + 쿨러_10,390|_벌크_4,900|_중고 | 벌크 + 쿨러_8,390|_벌크_5,800|_중고 | 벌크 + 쿨러_8,400|_벌크_4,900|_중고 | 벌크 + 쿨러_8,420|_벌크_5,800|_중고 | 벌크 + 쿨러_8,450|_벌크_5,800|_중고 | 벌크 + 쿨러_8,460|_벌크_5,800|_중고 | 벌크 + 쿨러_8,520|_벌크_4,900|_중고 | 벌크 + 쿨러_8,550|_벌크_5,800|_중고 | 벌크 + 쿨러_8,640|_벌크_4,900|_중고 | 벌크 + 쿨러_8,640|_벌크_5,800|_중고 | 벌크 + 쿨러_8,650|_벌크_4,900|_중고 | 벌크 + 쿨러_8,660|_벌크_4,900|_중고 | 벌크 + 쿨러_8,690|_벌크_4,900|_중고 | 벌크 + 쿨러_8,790|_벌크_4,900|_중고 | 벌크 + 쿨러_8,820|_벌크_4,900|_중고 | 벌크 + 쿨러_8,940|_벌크_4,900|_중고 | 벌크 + 쿨러_8,970|_벌크_4,900|_중고 | 벌크 + 쿨러_9,690|_벌크_4,900|_중고 | 벌크 + 쿨러_9,720|_벌크_4,900|_중고 | 벌크 + 쿨러_9,750|_벌크_4,900|_중고 | 벌크 + 쿨러_9,760|_벌크_4,900|_중고 | 벌크 + 쿨러_9,780|_벌크_4,900|_중고 | 벌크 + 쿨러_9,870|_벌크_4,900|_중고 | 벌크 + 쿨러_9,880|_벌크_4,900|_중고 | 벌크 + 쿨러_9,890|_벌크_4,900|_중고 | 벌크 + 쿨러_9,900|_벌크_4,900|_중고",4450,4450,4450,4450,4450,4450,4450,4450,4450,4310,4310,4310,4450,4450,4450,4450,4450,4450,4450,4490,4490,4490,4490,4490,4490,4490,4490,4430,4480,4360,4350
6112499,인텔 코어i3-4세대 4330 (하스웰),인텔 코어i3-4세대 4330,하스웰,중고,0,0,0,0,0,0,14667,15170,15170,15170,15170,15170,15170,0,0,0,0,15600,15600,15600,14710,14710,14730,14430,0,0,0,0,0,0,0
6112504,인텔 코어i3-4세대 4360 (하스웰 리프레시),인텔 코어i3-4세대 4360,하스웰 리프레시,중고,11630,11630,11630,11630,0,0,0,0,0,0,12490,12490,12490,12490,12490,12490,12490,0,12490,12490,12490,12490,11750,11750,11500,0,0,11380,11380,11380,11250
6112509,인텔 코어i3-4세대 4370 (하스웰 리프레시),인텔 코어i3-4세대 4370,하스웰 리프레시,중고,0,0,0,0,0,0,0,0,0,0,14200,14200,14200,14200,14200,14200,14200,0,0,0,0,0,0,0,0,0,0,0,11380,12490,12490
3471458,인텔 코어i3-6세대 6100 (스카이레이크),인텔 코어i3-6세대 6100,스카이레이크,"_벌크 + 쿨러_19,450|벌크_14,460|_중고 | _벌크 + 쿨러_19,460|벌크_14,460|_중고 | _벌크 + 쿨러_19,490|벌크_14,460|_중고 | _벌크 + 쿨러_19,500|벌크_14,460|_중고 | _벌크 + 쿨러_19,520|벌크_14,460|_중고 | _벌크 + 쿨러_19,620|벌크_14,460|_중고 | _벌크 + 쿨러_19,640|벌크_14,460|_중고 | _벌크 + 쿨러_19,650|벌크_14,460|_중고 | _벌크 + 쿨러_19,660|벌크_14,460|_중고 | _벌크 + 쿨러_19,780|벌크_14,460|_중고 | _벌크 + 쿨러_19,790|벌크_14,860|_중고 | _벌크 + 쿨러_19,910|벌크_14,460|_중고 | _벌크 + 쿨러_19,910|벌크_14,860|_중고 | _벌크 + 쿨러_19,920|벌크_14,460|_중고 | _벌크 + 쿨러_20,000|벌크_14,700|_중고 | _벌크 + 쿨러_20,010|벌크_14,710|_중고 | _벌크 + 쿨러_20,020|벌크_14,720|_중고 | _벌크 + 쿨러_20,030|벌크_14,820|_중고 | _벌크 + 쿨러_20,080|벌크_14,860|_중고 | _벌크 + 쿨러_20,150|벌크_14,780|_중고 | _벌크 + 쿨러_20,160|벌크_14,860|_중고 | _벌크 + 쿨러_20,260|벌크_14,780|_중고 | _벌크 + 쿨러_20,280|벌크_14,460|_중고 | 벌크 + 쿨러_20,030|_벌크_14,780|_중고",12990,12990,12990,12990,12990,12990,12990,12990,12990,12990,12990,12990,12990,12990,12990,12990,12990,12990,12990,14130,14190,14160,14770,14130,14170,14170,14170,14180,14170,14140,14130
3493032,인텔 코어i3-6세대 6300 (스카이레이크),인텔 코어i3-6세대 6300,스카이레이크,"_벌크_22,470|_중고 | _벌크_22,490|_중고 | _벌크_22,520|_중고 | _벌크_22,530|_중고 | _벌크_22,560|_중고 | _벌크_22,570|_중고 | _벌크_22,680|_중고 | _벌크_22,710|_중고 | _벌크_22,720|_중고 | _벌크_22,730|_중고",24160,24170,23100,23100,22479,22470,22470,22990,22990,22990,22990,22990,22990,22990,22990,22990,22990,22990,22990,22990,22990,22990,22990,22990,22990,22990,22990,22990,22990,22990,22990
3493081,인텔 코어i3-6세대 6320 (스카이레이크),인텔 코어i3-6세대 6320,스카이레이크,"_벌크_28,110|_중고 | _벌크_28,120|_중고 | _벌크_28,130|_중고 | _벌크_28,140|_중고",31200,31200,31200,31200,29407,31200,31200,29379,29379,31200,31200,31200,31200,30960,30960,31200,31200,31200,31200,31200,31200,31200,31200,31200,31200,31200,31200,31200,31200,31200,31590
4880955,인텔 코어i3-7세대 7100 (카비레이크),인텔 코어i3-7세대 7100,카비레이크,"_벌크 + 쿨러_23,100|벌크_18,260|해외구매_143,400|_중고 | _벌크 + 쿨러_23,110|벌크_18,270|해외구매_143,400|_중고 | _벌크 + 쿨러_23,140|벌크_18,280|해외구매_241,100|_중고 | _벌크 + 쿨러_23,150|벌크_18,290|해외구매_241,100|_중고 | _벌크 + 쿨러_23,190|벌크_18,310|해외구매_241,100|_중고 | _벌크 + 쿨러_23,190|벌크_18,320|해외구매_241,100|_중고 | _벌크 + 쿨러_23,200|벌크_18,330|해외구매_241,100|_중고 | _벌크 + 쿨러_23,390|벌크_18,100|해외구매_143,400|_중고 | _벌크 + 쿨러_23,390|벌크_18,100|해외구매_241,100|_중고 | _벌크 + 쿨러_23,390|벌크_18,500|해외구매_241,100|_중고 | _벌크 + 쿨러_23,390|벌크_18,600|해외구매_241,100|_중고",17990,17990,17990,17990,17990,17990,17990,17990,17990,17990,17990,17890,17890,17890,17890,17890,17790,17790,17790,17790,17790,17790,18600,17790,17790,17790,17790,17730,17770,17690,17970
7812055,인텔 코어i3-7세대 7320 (카비레이크),인텔 코어i3-7세대 7320,카비레이크,중고,0,0,0,55500,55500,55500,0,55500,55500,0,0,0,0,0,0,0,0,55500,55500,0,0,0,0,0,0,0,0,0,0,0,0
5569026,인텔 코어i3-8세대 8100 (커피레이크),인텔 코어i3-8세대 8100,커피레이크,"_벌크 + 쿨러_39,130|_벌크_34,920|중고 | _벌크 + 쿨러_39,550|_벌크_34,950|중고 | _벌크 + 쿨러_39,750|_벌크_35,820|중고 | _벌크 + 쿨러_39,870|_벌크_35,850|중고 | _벌크 + 쿨러_39,900|_벌크_35,950|중고 | _벌크 + 쿨러_39,910|_벌크_35,980|중고 | _벌크 + 쿨러_39,980|_벌크_35,560|중고 | _벌크 + 쿨러_39,980|_벌크_35,680|중고 | _벌크 + 쿨러_39,980|_벌크_35,810|중고 | _벌크 + 쿨러_40,030|_벌크_36,100|중고 | _벌크 + 쿨러_40,060|_벌크_34,890|중고 | _벌크 + 쿨러_40,060|벌크_36,130|_중고 | _벌크 + 쿨러_40,070|_벌크_34,900|중고 | _벌크 + 쿨러_40,070|_벌크_36,140|중고 | _벌크 + 쿨러_40,080|_벌크_34,910|중고 | _벌크 + 쿨러_40,080|_벌크_36,150|중고 | _벌크 + 쿨러_40,090|_벌크_36,160|중고 | _벌크 + 쿨러_40,100|_벌크_36,170|중고 | _벌크 + 쿨러_40,110|_벌크_36,180|중고 | _벌크 + 쿨러_40,200|_벌크_34,950|중고 | _벌크 + 쿨러_40,200|_벌크_35,520|중고 | _벌크 + 쿨러_40,230|_벌크_36,300|중고 | _벌크 + 쿨러_40,350|_벌크_36,420|중고 | _벌크 + 쿨러_40,380|_벌크_36,450|중고 | _벌크 + 쿨러_41,070|벌크_36,560|_중고 | _벌크 + 쿨러_41,100|벌크_36,590|_중고 | _벌크 + 쿨러_41,110|벌크_36,600|_중고 | _벌크 + 쿨러_41,140|벌크_36,630|_중고 | _벌크 + 쿨러_41,190|벌크_36,640|_중고",36990,36990,36990,36990,36990,36990,36990,36990,36990,36990,36990,36990,36990,36990,36490,36490,36490,36490,36490,36490,36490,36490,36990,36490,34040,36490,36490,34090,36490,36490,36490
5651734,인텔 코어i3-8세대 8350K (커피레이크),인텔 코어i3-8세대 8350K,커피레이크,"_벌크_67,790|_해외구매 | _벌크_67,800|_해외구매 | _벌크_69,000|_해외구매",0,328100,328100,328100,328100,328100,328100,328100,328100,328100,328100,328100,328100,328100,328100,328100,328100,328100,328100,328100,328100,328100,328100,328100,328100,328100,328100,328100,328100,328100,328100
10864506,인텔 코어i3-9세대 9100 (커피레이크-R),인텔 코어i3-9세대 9100,커피레이크-R,"_벌크 + 쿨러_107,289|_벌크_83,540|해외구매_125,800|중고 | _벌크 + 쿨러_109,290|_벌크_83,540|해외구매_125,800|중고 | _벌크 + 쿨러_109,330|_벌크_83,540|해외구매_125,800|중고 | _벌크 + 쿨러_110,410|_벌크_83,540|해외구매_211,400|중고 | _벌크 + 쿨러_110,610|_벌크_83,540|해외구매_211,400|중고 | _벌크 + 쿨러_110,640|_벌크_83,540|해외구매_211,400|중고 | _벌크 + 쿨러_110,690|_벌크_83,540|해외구매_270,100|중고 | _벌크 + 쿨러_110,720|_벌크_83,540|해외구매_270,100|중고 | _벌크 + 쿨러_110,730|_벌크_83,540|해외구매_270,100|중고 | _벌크 + 쿨러_110,740|_벌크_83,540|해외구매_211,400|중고 | _벌크 + 쿨러_110,770|_벌크_83,540|해외구매_211,400|중고 | _벌크 + 쿨러_110,850|_벌크_83,540|해외구매_270,100|중고 | _벌크 + 쿨러_110,880|_벌크_83,540|해외구매_270,100|중고 | _벌크 + 쿨러_110,890|_벌크_83,540|해외구매_211,400|중고 | _벌크 + 쿨러_110,920|_벌크_83,540|해외구매_211,400|중고 | _벌크 + 쿨러_110,930|_벌크_83,540|해외구매_211,400|중고 | _벌크 + 쿨러_111,020|_벌크_83,540|해외구매_211,400|중고 | _벌크 + 쿨러_111,030|_벌크_83,540|해외구매_125,800|중고 | _벌크 + 쿨러_111,060|_벌크_83,540|해외구매_125,800|중고 | _벌크 + 쿨러_111,110|_벌크_83,540|해외구매_211,400|중고 | _벌크 + 쿨러_111,140|_벌크_83,540|해외구매_211,400|중고 | _벌크 + 쿨러_111,150|_벌크_83,540|해외구매_211,400|중고 | _벌크 + 쿨러_111,160|_벌크_83,540|해외구매_125,800|중고 | _벌크 + 쿨러_111,180|_벌크_83,540|해외구매_211,400|중고 | _벌크 + 쿨러_112,100|_벌크_83,540|해외구매_211,400|중고",64900,64890,64860,64850,64990,64990,64990,64990,64990,64950,64940,64930,64920,64910,64880,64760,64730,64630,64600,64590,64560,64440,64320,64980,61640,61640,61640,61640,59900,59900,59900
7914736,인텔 코어i3-9세대 9100F (커피레이크-R),인텔 코어i3-9세대 9100F,커피레이크-R,"_정품_138,730|_벌크 + 쿨러_37,000|벌크_39,980|중고 | _정품_138,730|_벌크 + 쿨러_37,000|벌크_40,100|중고 | _정품_138,730|_벌크 + 쿨러_37,000|벌크_40,220|중고 | _정품_138,730|_벌크 + 쿨러_37,000|벌크_40,250|중고 | _정품_138,730|_벌크 + 쿨러_37,000|벌크_40,260|중고 | _정품_138,730|_벌크 + 쿨러_37,000|벌크_40,380|중고 | _정품_138,730|_벌크 + 쿨러_45,990|벌크_39,490|중고 | _정품_138,730|_벌크 + 쿨러_45,990|벌크_39,550|중고 | _정품_138,730|_벌크 + 쿨러_45,990|벌크_39,980|중고 | _정품_138,730|_벌크 + 쿨러_45,990|벌크_39,990|중고 | _정품_138,730|_벌크 + 쿨러_47,490|벌크_41,490|중고 | _정품_138,730|_벌크 + 쿨러_47,930|벌크_41,930|중고 | _정품_138,730|_벌크 + 쿨러_47,990|벌크_41,990|중고 | _정품_138,730|벌크 + 쿨러_45,990|벌크_39,370|_중고 | _정품_138,730|벌크 + 쿨러_45,990|벌크_39,380|_중고 | _정품_138,730|벌크 + 쿨러_45,990|벌크_39,390|_중고 | _정품_138,730|벌크 + 쿨러_45,990|벌크_39,550|_중고 | _정품_138,730|벌크 + 쿨러_47,990|벌크_41,990|_중고 | _정품_138,730|벌크 + 쿨러_48,990|벌크_42,990|_중고",39440,39430,39400,39390,37600,37590,37580,37550,37430,37420,37410,37400,37390,37380,37350,37230,37200,37080,36970,36960,36850,36850,37050,36910,36490,36490,36490,36460,36450,36420,36330
11308551,인텔 코어i5-10세대 10400 (코멧레이크S),인텔 코어i5-10세대 10400,코멧레이크S,"_정품_184,770|병행수입 박스_161,900|_벌크 + 쿨러_151,910|벌크_146,710|해외구매_237,000|중고 | _정품_184,770|병행수입 박스_167,160|벌크 + 쿨러_152,480|_벌크_146,940|해외구매_219,600|중고 | _정품_184,770|병행수입 박스_170,100|_벌크 + 쿨러_160,100|벌크_150,200|해외구매_219,600|중고 | _정품_184,770|병행수입 박스_170,100|_벌크 + 쿨러_160,110|벌크_150,200|해외구매_219,600|중고 | _정품_184,770|병행수입 박스_170,100|벌크 + 쿨러_153,250|_벌크_149,100|해외구매_219,600|중고 | _정품_184,770|병행수입 박스_170,100|벌크 + 쿨러_155,420|_벌크_149,100|해외구매_219,600|중고 | _정품_184,770|병행수입 박스_170,100|벌크 + 쿨러_160,320|_벌크_149,100|해외구매_219,600|중고 | _정품_184,770|병행수입 박스_170,100|벌크 + 쿨러_160,350|_벌크_150,200|해외구매_219,600|중고 | _정품_184,770|병행수입 박스_175,210|벌크 + 쿨러_160,450|_벌크_150,450|해외구매_219,600|중고 | _정품_184,770|병행수입 박스_270,070|벌크 + 쿨러_157,280|_벌크_150,080|해외구매_219,600|중고 | _정품_184,770|병행수입 박스_270,070|벌크 + 쿨러_157,280|_벌크_150,450|해외구매_219,600|중고 | _정품_184,770|병행수입 박스_270,070|벌크 + 쿨러_157,290|_벌크_150,450|해외구매_219,600|중고 | _정품_184,770|병행수입 박스_270,070|벌크 + 쿨러_160,450|_벌크_150,450|해외구매_219,600|중고 | _정품_184,770|병행수입 박스_286,130|벌크 + 쿨러_160,450|_벌크_150,450|해외구매_219,600|중고 | _정품_186,770|병행수입 박스_161,900|벌크 + 쿨러_153,250|_벌크_148,050|해외구매_237,030|중고 | _정품_186,770|병행수입 박스_161,900|벌크 + 쿨러_153,250|_벌크_148,050|해외구매_237,040|중고 | _정품_186,770|병행수입 박스_161,900|벌크 + 쿨러_153,250|_벌크_148,050|해외구매_237,150|중고 | _정품_186,770|병행수입 박스_161,900|벌크 + 쿨러_153,250|_벌크_148,050|해외구매_237,190|중고 | _정품_186,800|병행수입 박스_170,100|_벌크 + 쿨러_160,100|벌크_150,200|해외구매_219,600|중고 | _정품_186,800|병행수입 박스_270,070|벌크 + 쿨러_157,280|_벌크_150,450|해외구매_219,600|중고",139040,139040,139040,139040,139040,139040,139040,139040,139040,139040,139040,139040,139040,139040,139040,139040,139040,139040,139040,142100,142100,142100,142860,142860,140720,140720,140720,140660,140560,140550,140540
11489973,인텔 코어i5-10세대 10400F (코멧레이크S),인텔 코어i5-10세대 10400F,코멧레이크S,"_정품_128,680|병행수입 박스_118,110|벌크 + 쿨러_105,090|_벌크_100,490|해외구매_200,320|중고 | _정품_128,680|병행수입 박스_118,110|벌크 + 쿨러_105,090|_벌크_102,350|해외구매_200,200|중고 | _정품_128,680|병행수입 박스_118,110|벌크 + 쿨러_105,100|_벌크_99,940|해외구매_200,350|중고 | _정품_128,680|병행수입 박스_118,110|벌크 + 쿨러_105,750|_벌크_100,640|해외구매_204,030|중고 | _정품_128,680|병행수입 박스_118,110|벌크 + 쿨러_113,860|_벌크_102,350|해외구매_200,080|중고 | _정품_128,680|병행수입 박스_118,110|벌크 + 쿨러_115,990|_벌크_102,350|해외구매_200,060|중고 | _정품_128,680|병행수입 박스_118,110|벌크 + 쿨러_115,990|_벌크_102,350|해외구매_200,070|중고 | _정품_131,440|병행수입 박스_119,300|벌크 + 쿨러_106,190|_벌크_100,640|해외구매_204,060|중고 | _정품_131,440|병행수입 박스_119,300|벌크 + 쿨러_106,190|_벌크_100,640|해외구매_204,070|중고 | _정품_131,440|병행수입 박스_119,300|벌크 + 쿨러_106,190|_벌크_100,640|해외구매_204,180|중고 | _정품_131,440|병행수입 박스_119,300|벌크 + 쿨러_106,190|_벌크_100,640|해외구매_204,220|중고 | _정품_132,550|병행수입 박스_123,410|벌크 + 쿨러_115,990|_벌크_102,350|해외구매_200,040|중고 | _정품_138,840|병행수입 박스_128,700|벌크 + 쿨러_117,040|_벌크_112,010|해외구매_198,780|중고 | _정품_138,840|병행수입 박스_130,200|벌크 + 쿨러_117,040|_벌크_112,010|해외구매_176,460|중고 | _정품_138,850|병행수입 박스_128,700|벌크 + 쿨러_117,050|_벌크_112,020|해외구매_198,790|중고 | _정품_139,060|병행수입 박스_126,200|벌크 + 쿨러_115,990|_벌크_102,350|해외구매_199,910|중고 | _정품_139,060|병행수입 박스_126,200|벌크 + 쿨러_115,990|_벌크_102,350|해외구매_199,940|중고 | _정품_139,060|병행수입 박스_126,200|벌크 + 쿨러_115,990|_벌크_103,600|해외구매_199,680|중고 | _정품_139,060|병행수입 박스_126,200|벌크 + 쿨러_115,990|_벌크_103,600|해외구매_199,800|중고 | _정품_139,060|병행수입 박스_126,200|벌크 + 쿨러_115,990|_벌크_111,410|해외구매_199,420|중고 | _정품_139,060|병행수입 박스_128,700|벌크 + 쿨러_115,990|_벌크_112,020|해외구매_201,130|중고 | _정품_139,060|병행수입 박스_128,700|벌크 + 쿨러_117,050|_벌크_112,020|해외구매_198,800|중고 | _정품_139,060|병행수입 박스_128,700|벌크 + 쿨러_117,050|_벌크_112,020|해외구매_198,880|중고 | _정품_139,060|병행수입 박스_128,700|벌크 + 쿨러_117,050|_벌크_112,020|해외구매_199,000|중고 | _정품_139,060|병행수입 박스_128,700|벌크 + 쿨러_117,050|_벌크_112,020|해외구매_199,010|중고 | _정품_139,060|병행수입 박스_128,700|벌크 + 쿨러_117,050|_벌크_112,020|해외구매_201,130|중고 | _정품_139,060|병행수입 박스_128,700|벌크 + 쿨러_117,050|_벌크_112,020|해외구매_202,220|중고 | _정품_140,990|병행수입 박스_126,200|벌크 + 쿨러_115,990|_벌크_106,710|해외구매_199,660|중고 | _정품_141,000|병행수입 박스_126,200|벌크 + 쿨러_115,990|_벌크_112,020|해외구매_199,540|중고",106990,106990,105090,106990,106990,106990,106990,106990,106990,106990,106990,106990,106990,106990,106990,106990,106990,106990,106990,106990,106990,106990,106220,109990,103960,103960,103960,100100,106990,106990,106990
11480766,인텔 코어i5-10세대 10500 (코멧레이크S),인텔 코어i5-10세대 10500,코멧레이크S,"_벌크 + 쿨러_204,350|_벌크_193,100|중고 | _벌크 + 쿨러_210,390|_벌크_187,580|중고 | _벌크 + 쿨러_210,680|_벌크_193,100|중고 | _벌크 + 쿨러_210,680|_벌크_196,840|중고 | 벌크 + 쿨러_210,490|_벌크_187,820|_중고 | 벌크 + 쿨러_210,510|_벌크_187,820|_중고 | 벌크 + 쿨러_282,790|_벌크_187,820|_중고",183140,183150,183150,183150,183150,160000,160000,160000,160000,160000,160000,160000,160000,160000,160000,160000,160000,160000,160000,160000,160000,160000,182890,160000,160000,160000,160000,160000,160000,160000,160000
11405469,인텔 코어i5-10세대 10600 (코멧레이크S),인텔 코어i5-10세대 10600,코멧레이크S,정품,426250,0,426250,426250,426250,426250,426250,426250,426250,426250,426250,426250,426250,426250,426250,426250,426250,426250,426250,426250,426250,426250,0,426250,426250,426250,426250,426250,426250,426250,426250
11430906,인텔 코어i5-10세대 10600K (코멧레이크S),인텔 코어i5-10세대 10600K,코멧레이크S,"_정품_426,250|_벌크 + 쿨러_191,000|벌크_185,830|해외구매_364,100|중고 | _정품_426,250|_벌크 + 쿨러_191,000|벌크_185,830|해외구매_367,900|중고 | _정품_426,250|_벌크 + 쿨러_191,000|벌크_185,830|해외구매_406,590|중고 | _정품_426,250|_벌크 + 쿨러_191,000|벌크_185,830|해외구매_406,600|중고 | _정품_426,250|_벌크 + 쿨러_191,000|벌크_185,830|해외구매_450,800|중고 | _정품_426,250|_벌크 + 쿨러_191,000|벌크_185,830|해외구매_455,600|중고 | _정품_426,250|벌크 + 쿨러_191,000|_벌크_185,830|해외구매_364,100|중고 | _정품_426,250|벌크 + 쿨러_191,000|_벌크_185,830|해외구매_406,590|중고 | _정품_426,250|벌크 + 쿨러_191,000|_벌크_185,830|해외구매_406,600|중고",203040,0,203000,202990,202960,202860,202850,202820,202700,202690,202680,202670,202660,202650,202620,202500,202490,202460,202340,202330,202200,202080,0,201840,201720,201600,201480,201420,201410,201380,201350
11481858,인텔 코어i5-10세대 10600K (코멧레이크S),인텔 코어i5-10세대 10600K,코멧레이크S,"_벌크 + 쿨러_191,000|_벌크_185,830|해외구매_364,100|중고 | _벌크 + 쿨러_191,000|_벌크_185,830|해외구매_406,590|중고",0,203030,0,0,0,0,0,0,0,0,0,0,0,0,0,0,0,0,0,0,0,0,201960,0,0,0,0,0,0,0,0
12110750,인텔 코어i5-10세대 10600KF (코멧레이크S),인텔 코어i5-10세대 10600KF,코멧레이크S,"_벌크 + 쿨러_154,630|_벌크_149,460|해외구매",240860,240860,240860,240860,240860,240860,240860,240860,240860,240860,240860,240860,240860,240860,240860,240860,240860,240860,240860,243540,243540,243540,243540,243540,243540,243540,243540,227480,227480,227480,230160
13619846,인텔 코어i5-11세대 11400 (로켓레이크S),인텔 코어i5-11세대 11400,로켓레이크S,"_정품_183,600|벌크 + 쿨러_132,230|_벌크_127,050|중고 | _정품_183,600|벌크 + 쿨러_132,290|_벌크_127,970|중고 | _정품_184,210|병행수입 박스_171,300|_벌크 + 쿨러_153,490|벌크_148,320|중고 | _정품_184,210|병행수입 박스_171,300|벌크 + 쿨러_145,830|_벌크_130,000|중고 | _정품_184,210|병행수입 박스_171,300|벌크 + 쿨러_154,130|_벌크_148,950|중고 | _정품_184,210|병행수입 박스_173,250|_벌크 + 쿨러_153,490|벌크_148,320|중고 | _정품_184,220|병행수입 박스_171,300|_벌크 + 쿨러_139,340|벌크_134,590|중고 | _정품_184,220|병행수입 박스_171,300|벌크 + 쿨러_138,040|_벌크_132,860|중고 | _정품_184,220|병행수입 박스_171,300|벌크 + 쿨러_142,630|_벌크_128,710|중고 | _정품_184,220|병행수입 박스_171,300|벌크 + 쿨러_145,830|_벌크_129,990|중고 | _정품_184,220|병행수입 박스_171,300|벌크 + 쿨러_145,830|_벌크_130,000|중고 | _정품_184,220|병행수입 박스_171,300|벌크 + 쿨러_184,250|_벌크_128,580|중고 | _정품_184,220|병행수입 박스_173,250|_벌크 + 쿨러_139,340|벌크_134,590|중고 | _정품_184,230|병행수입 박스_171,300|_벌크 + 쿨러_139,340|벌크_134,590|중고 | _정품_185,930|_벌크 + 쿨러_134,460|벌크_134,590|중고 | _정품_185,930|벌크 + 쿨러_131,380|_벌크_126,230|중고 | _정품_185,930|벌크 + 쿨러_131,390|_벌크_126,242|중고 | _정품_185,930|벌크 + 쿨러_132,230|_벌크_130,630|중고 | _정품_185,930|벌크 + 쿨러_134,460|_벌크_134,440|중고",194380,194380,194380,194380,194380,178990,178990,178990,178990,178990,178990,178990,178990,178990,178990,178990,178990,178990,178990,178990,178990,178990,168260,164680,164680,164680,164680,164680,178990,178990,144990
13753394,인텔 코어i5-11세대 11400F (로켓레이크S),인텔 코어i5-11세대 11400F,로켓레이크S,"_정품_153,330|벌크 + 쿨러_109,880|_벌크_116,150|해외구매 | _정품_153,330|벌크 + 쿨러_111,320|_벌크_106,173|해외구매 | _정품_153,330|벌크 + 쿨러_111,333|_벌크_106,170|해외구매 | _정품_153,330|벌크 + 쿨러_155,990|_벌크_106,530|해외구매 | _정품_153,330|벌크 + 쿨러_155,990|_벌크_106,630|해외구매 | _정품_153,330|벌크 + 쿨러_155,990|_벌크_108,280|해외구매 | _정품_153,330|벌크 + 쿨러_155,990|_벌크_111,010|해외구매 | _정품_154,370|벌크 + 쿨러_131,250|_벌크_125,770|해외구매 | _정품_154,370|벌크 + 쿨러_131,250|_벌크_126,200|해외구매 | _정품_154,370|벌크 + 쿨러_131,250|벌크_126,200|_해외구매 | _정품_154,370|벌크 + 쿨러_163,570|_벌크_159,600|해외구매 | 정품_153,330|벌크 + 쿨러_115,300|_벌크_110,360|_해외구매 | 정품_154,370|_벌크 + 쿨러_123,190|_벌크_118,110|해외구매 | 정품_154,370|_벌크 + 쿨러_124,510|_벌크_118,130|해외구매 | 정품_154,370|_벌크 + 쿨러_128,020|_벌크_123,060|해외구매 | 정품_154,370|벌크 + 쿨러_123,300|_벌크_118,140|_해외구매 | 정품_154,370|벌크 + 쿨러_131,000|_벌크_122,940|_해외구매 | 정품_154,370|벌크 + 쿨러_131,250|_벌크_125,760|_해외구매 | 정품_154,370|벌크 + 쿨러_132,300|_벌크_127,210|_해외구매 | 정품_154,370|벌크 + 쿨러_132,800|_벌크_127,210|_해외구매 | 정품_154,370|벌크 + 쿨러_134,910|_벌크_129,980|_해외구매 | 정품_156,000|벌크 + 쿨러_130,840|_벌크_122,840|_해외구매 | 정품_156,000|벌크 + 쿨러_130,960|_벌크_122,840|_해외구매 | 정품_156,220|벌크 + 쿨러_132,290|_벌크_127,220|_해외구매 | 정품_156,220|벌크 + 쿨러_132,290|_벌크_127,220|중고_111,600|_해외구매 | 정품_156,220|벌크 + 쿨러_132,300|_벌크_127,210|_해외구매",104550,104510,104400,104390,104360,101500,101400,100270,100150,100140,100130,100120,100110,100080,99970,99850,99840,99810,99740,103390,102210,102100,101980,101860,98420,98420,99630,99630,99910,99900,99890
13619897,인텔 코어i5-11세대 11500 (로켓레이크S),인텔 코어i5-11세대 11500,로켓레이크S,"_정품_300,950|_벌크 + 쿨러_169,310|벌크 | _정품_300,950|_벌크 + 쿨러_186,810|벌크 | _정품_300,950|벌크 + 쿨러_186,810|_벌크",162710,162710,162710,162710,162710,162710,162710,181640,181640,181640,181640,181640,181640,181640,181640,181640,181640,181640,181640,181640,181640,181640,181640,181640,181640,181640,172000,172000,172000,172000,172000
13619939,인텔 코어i5-11세대 11600K (로켓레이크S),인텔 코어i5-11세대 11600K,로켓레이크S,"_정품_352,770|병행수입 박스_188,400|_벌크 + 쿨러_186,690|벌크 | _정품_352,770|병행수입 박스_188,400|_벌크 + 쿨러_186,690|벌크_181,500|해외구매 | _정품_352,770|병행수입 박스_188,400|벌크 + 쿨러_186,690|_벌크 | _정품_352,770|병행수입 박스_188,400|벌크 + 쿨러_186,690|_벌크_181,500|해외구매 | _정품_352,770|병행수입 박스_192,020|벌크 + 쿨러_186,690|_벌크 | _정품_352,770|병행수입 박스_195,600|벌크 + 쿨러_186,690|_벌크",269800,269800,269800,269800,181500,181500,181500,181500,181500,181500,181500,181500,181500,181500,181500,181500,181500,181500,181500,181500,181500,181500,181500,181500,181500,181500,181500,181500,181500,181500,181500
13809869,인텔 코어i5-11세대 11600KF (로켓레이크S),인텔 코어i5-11세대 11600KF,로켓레이크S,"_벌크 + 쿨러_158,770|_벌크",153580,153580,153580,153580,153580,153580,153580,153580,153580,153580,153580,153580,153580,153580,153580,153580,153580,153580,153580,153580,153580,153580,153580,153580,153580,153580,153580,0,0,0,0
13753448,인텔 코어i5-11세대 11600KF (로켓레이크S),인텔 코어i5-11세대 11600KF,로켓레이크S,"정품_205,500|_벌크 + 쿨러_158,770|_벌크",0,0,0,0,0,0,0,0,0,0,0,0,0,0,0,0,0,0,0,0,0,0,0,0,0,0,0,153580,153580,153580,153580
16101326,인텔 코어i5-12세대 12400 (엘더레이크),인텔 코어i5-12세대 12400,엘더레이크,"_정품_194,150|벌크 + 쿨러_170,110|_벌크_161,190|해외구매 | _정품_194,210|벌크 + 쿨러_170,870|_벌크_161,810|해외구매 | _정품_194,270|벌크 + 쿨러_166,220|_벌크_162,240|해외구매 | _정품_194,960|벌크 + 쿨러_174,890|_벌크_162,450|해외구매 | _정품_195,360|벌크 + 쿨러_177,830|_벌크_164,010|해외구매 | _정품_195,520|벌크 + 쿨러_174,990|_벌크_163,490|해외구매 | _정품_195,520|벌크 + 쿨러_177,150|_벌크_164,010|해외구매 | _정품_195,550|벌크 + 쿨러_178,470|_벌크_164,630|해외구매 | _정품_196,580|벌크 + 쿨러_179,540|_벌크_165,690|해외구매 | _정품_197,400|벌크 + 쿨러_180,220|_벌크_166,320|해외구매 | _정품_197,820|벌크 + 쿨러_177,530|_벌크_167,250|해외구매 | _정품_198,650|벌크 + 쿨러_180,240|_벌크_169,950|해외구매 | _정품_198,850|벌크 + 쿨러_180,240|_벌크_169,950|해외구매 | _정품_198,850|벌크 + 쿨러_180,860|_벌크_170,410|해외구매 | _정품_199,140|벌크 + 쿨러_181,560|_벌크_170,410|해외구매 | _정품_199,150|벌크 + 쿨러_179,000|_벌크_168,320|해외구매 | _정품_199,680|벌크 + 쿨러_178,570|_벌크_167,450|해외구매 | _정품_199,680|벌크 + 쿨러_179,000|_벌크_167,450|해외구매 | _정품_199,690|벌크 + 쿨러_176,360|_벌크_166,250|해외구매 | _정품_199,690|벌크 + 쿨러_179,000|_벌크_167,450|해외구매 | _정품_199,700|벌크 + 쿨러_175,930|_벌크_164,890|해외구매 | _정품_201,260|벌크 + 쿨러_175,120|_벌크_164,900|해외구매 | _정품_201,260|벌크 + 쿨러_175,130|_벌크_164,920|해외구매 | _정품_201,260|벌크 + 쿨러_175,930|_벌크_165,220|해외구매",283280,283180,283180,283300,283300,260950,266500,266470,266350,266340,266330,266310,266210,266200,266170,266050,266040,266010,265890,265880,265850,261490,261370,261250,260350,260240,260120,260060,259960,259950,259940
16101353,인텔 코어i5-12세대 12400F (엘더레이크),인텔 코어i5-12세대 12400F,엘더레이크,"_정품_145,980|벌크 + 쿨러_143,110|_벌크_131,060|해외구매 | _정품_145,990|벌크 + 쿨러_143,860|_벌크_131,160|해외구매 | _정품_147,010|벌크 + 쿨러_143,320|_벌크_131,160|해외구매 | _정품_147,530|벌크 + 쿨러_143,320|_벌크_131,170|해외구매 | _정품_147,720|벌크 + 쿨러_143,320|_벌크_130,650|해외구매 | _정품_148,000|벌크 + 쿨러_134,500|_벌크_122,790|해외구매 | _정품_148,300|벌크 + 쿨러_143,320|_벌크_130,650|해외구매 | _정품_148,350|벌크 + 쿨러_143,320|_벌크_130,640|해외구매 | _정품_148,780|벌크 + 쿨러_143,340|_벌크_130,650|해외구매 | _정품_148,790|벌크 + 쿨러_143,340|_벌크_130,650|해외구매 | _정품_148,950|벌크 + 쿨러_143,350|_벌크_130,660|해외구매 | _정품_150,300|벌크 + 쿨러_144,280|_벌크_131,690|해외구매 | _정품_151,750|벌크 + 쿨러_144,330|_벌크_133,870|해외구매 | _정품_151,750|벌크 + 쿨러_144,450|_벌크_133,870|해외구매 | _정품_151,750|벌크 + 쿨러_144,570|_벌크_133,870|해외구매 | _정품_151,870|벌크 + 쿨러_137,590|_벌크_123,300|해외구매 | _정품_151,890|벌크 + 쿨러_137,590|_벌크_123,310|해외구매 | _정품_151,980|벌크 + 쿨러_137,590|_벌크_123,350|해외구매 | _정품_152,020|벌크 + 쿨러_137,600|_벌크_126,960|해외구매 | _정품_152,030|벌크 + 쿨러_134,624|_벌크_123,360|해외구매 | _정품_152,150|벌크 + 쿨러_134,500|_벌크_123,370|해외구매 | _정품_152,340|벌크 + 쿨러_143,670|_벌크_126,860|해외구매 | _정품_152,340|벌크 + 쿨러_144,650|_벌크_127,000|해외구매 | _정품_152,340|벌크 + 쿨러_144,650|_벌크_134,360|해외구매 | _정품_153,290|벌크 + 쿨러_130,493|_벌크_121,850|해외구매 | _정품_153,290|벌크 + 쿨러_132,787|_벌크_121,840|해외구매 | _정품_153,290|벌크 + 쿨러_133,580|_벌크_121,860|해외구매 | _정품_153,290|벌크 + 쿨러_134,500|_벌크_122,790|해외구매",151670,151660,151630,151620,151590,150920,150820,150120,150000,149990,150170,150070,150070,150040,150030,150000,149970,149870,149840,149830,149700,149580,149460,145070,137200,137210,137210,137210,141770,141760,141760
17811980,인텔 코어i5-12세대 12400T (엘더레이크),인텔 코어i5-12세대 12400T,엘더레이크,벌크,387990,387990,388000,387990,387990,387990,387990,387990,387990,387990,387990,387990,387990,387990,387990,387990,387990,387990,387990,388000,388000,388000,392920,388000,384560,384560,384560,384560,387990,387990,387990
16101398,인텔 코어i5-12세대 12500 (엘더레이크),인텔 코어i5-12세대 12500,엘더레이크,"_정품_396,000|벌크 + 쿨러_257,510|_벌크 | _정품_396,000|벌크 + 쿨러_259,370|_벌크 | _정품_396,000|벌크 + 쿨러_259,370|_벌크_246,170|해외구매 | _정품_396,000|벌크 + 쿨러_259,370|_벌크_246,180|해외구매 | _정품_396,000|벌크 + 쿨러_259,370|_벌크_246,210|해외구매 | _정품_396,000|벌크 + 쿨러_259,370|_벌크_246,220|해외구매 | _정품_460,200|벌크 + 쿨러_254,260|_벌크 | _정품_460,200|벌크 + 쿨러_254,790|_벌크 | _정품_460,200|벌크 + 쿨러_255,310|_벌크 | _정품_460,200|벌크 + 쿨러_255,320|_벌크 | _정품_460,200|벌크 + 쿨러_256,630|_벌크 | _정품_460,200|벌크 + 쿨러_256,640|_벌크 | _정품_460,200|벌크 + 쿨러_257,030|_벌크 | _정품_460,200|벌크 + 쿨러_257,400|_벌크 | _정품_460,200|벌크 + 쿨러_257,510|_벌크",413580,413580,413580,413580,246140,246040,240870,245950,245920,245890,245800,245790,245780,245770,245740,245620,245590,245480,245360,245040,245280,245280,244760,244760,238280,238280,243990,243990,243840,243830,243830
16393835,인텔 코어i5-12세대 12500T (엘더레이크),인텔 코어i5-12세대 12500T,엘더레이크,벌크,347990,347990,348000,347990,347990,347990,347990,347990,347990,347990,347990,347990,347990,347990,347990,347990,347990,347990,347990,347990,347990,347990,357990,347990,329360,329360,329360,329360,347990,347990,347990
16156169,인텔 코어i5-12세대 12600 (엘더레이크),인텔 코어i5-12세대 12600,엘더레이크,벌크,348000,0,348000,348000,348000,348000,348000,348000,348000,348000,348000,348000,348000,348000,348000,348000,348000,348000,348000,348000,348000,348000,0,348000,348000,348000,348000,348000,348000,348000,348000
15594263,인텔 코어i5-12세대 12600K (엘더레이크),인텔 코어i5-12세대 12600K,엘더레이크,"_정품_268,620|벌크 + 쿨러_270,940|_벌크_257,960|해외구매 | _정품_268,620|벌크 + 쿨러_270,940|벌크_257,960|_해외구매 | _정품_268,630|벌크 + 쿨러_270,940|벌크_257,970|_해외구매 | _정품_268,630|벌크 + 쿨러_270,940|벌크_258,390|_해외구매 | _정품_268,740|벌크 + 쿨러_270,940|_벌크_258,390|해외구매 | _정품_268,740|벌크 + 쿨러_270,940|벌크_258,390|_해외구매 | _정품_269,370|벌크 + 쿨러_272,090|_벌크_258,640|해외구매 | _정품_269,370|벌크 + 쿨러_272,100|_벌크_258,650|해외구매 | _정품_269,370|벌크 + 쿨러_274,590|_벌크_261,130|해외구매 | _정품_269,370|벌크 + 쿨러_274,590|벌크_261,130|_해외구매 | _정품_269,370|벌크 + 쿨러_274,920|벌크_261,640|_해외구매 | _정품_269,380|벌크 + 쿨러_274,940|벌크_261,640|_해외구매 | _정품_269,380|벌크 + 쿨러_274,960|벌크_261,640|_해외구매 | _정품_269,380|벌크 + 쿨러_274,970|벌크_261,640|_해외구매 | _정품_269,380|벌크 + 쿨러_274,980|벌크_261,640|_해외구매 | _정품_270,590|벌크 + 쿨러_274,590|_벌크_261,640|해외구매 | _정품_270,600|벌크 + 쿨러_274,070|_벌크_261,640|해외구매 | _정품_270,610|벌크 + 쿨러_271,860|_벌크_262,690|해외구매 | _정품_270,610|벌크 + 쿨러_274,070|_벌크_261,650|해외구매 | _정품_270,610|벌크 + 쿨러_274,110|_벌크_262,690|해외구매",305510,305500,303680,303670,303670,303690,297770,266000,271650,271640,271630,278090,278090,278090,278180,278180,278180,278180,278180,284300,285370,285260,285820,285700,281540,281540,281540,281510,267450,267350,267260
15594446,인텔 코어i5-12세대 12600KF (엘더레이크),인텔 코어i5-12세대 12600KF,엘더레이크,"_정품_233,620|_벌크 + 쿨러_206,300|벌크_205,980|해외구매 | _정품_233,620|_벌크 + 쿨러_206,300|벌크_207,320|해외구매 | _정품_233,620|_벌크 + 쿨러_216,330|벌크_205,970|해외구매 | _정품_233,630|_벌크 + 쿨러_129,620|벌크_207,320|해외구매 | _정품_233,630|_벌크 + 쿨러_206,290|벌크_207,320|해외구매 | _정품_234,140|벌크 + 쿨러_202,040|_벌크_207,320|해외구매 | _정품_234,140|벌크 + 쿨러_203,500|_벌크_211,470|해외구매 | _정품_234,230|벌크 + 쿨러_207,530|_벌크_212,400|해외구매 | _정품_234,350|벌크 + 쿨러_207,530|_벌크_209,680|해외구매 | _정품_234,460|벌크 + 쿨러_208,200|_벌크_209,710|해외구매 | _정품_234,480|벌크 + 쿨러_207,530|_벌크_220,900|해외구매 | _정품_234,560|_벌크 + 쿨러_208,200|벌크_209,830|해외구매 | _정품_234,580|_벌크 + 쿨러_209,100|벌크_205,970|해외구매 | _정품_236,250|벌크 + 쿨러_205,960|_벌크_235,000|해외구매 | _정품_246,000|_벌크 + 쿨러_204,160|벌크_235,000|해외구매 | _정품_246,000|벌크 + 쿨러_237,690|_벌크_227,240|해외구매 | _정품_252,000|벌크 + 쿨러_226,930|_벌크_234,440|해외구매 | _정품_254,990|_벌크 + 쿨러_226,930|벌크_232,800|해외구매 | _정품_254,990|_벌크 + 쿨러_226,930|벌크_235,000|해외구매 | _정품_254,990|벌크 + 쿨러_226,930|_벌크_232,800|해외구매 | _정품_254,990|벌크 + 쿨러_226,930|_벌크_234,200|해외구매 | _정품_255,000|벌크 + 쿨러_226,930|_벌크_234,200|해외구매 | _정품_255,000|벌크 + 쿨러_226,930|_벌크_235,000|해외구매 | _정품_260,740|벌크 + 쿨러_237,690|_벌크_227,240|해외구매",228770,228770,228770,228770,228770,214240,223750,228650,228530,228770,228450,226320,224180,224120,224010,223340,223340,231430,231430,231430,231430,231430,231430,210900,210900,210900,210900,210900,231420,231310,231280
18703208,인텔 코어i5-13세대 13400 (랩터레이크),인텔 코어i5-13세대 13400,랩터레이크,"_정품_280,380|벌크 + 쿨러_252,830|_벌크_243,220|중고 + 쿨러_243,000|해외구매 | _정품_280,390|벌크 + 쿨러_252,830|_벌크_243,230|중고 + 쿨러_243,000|해외구매 | _정품_281,010|벌크 + 쿨러_253,350|_벌크_243,760|중고 + 쿨러_243,000|해외구매 | _정품_281,220|벌크 + 쿨러_253,350|_벌크_243,770|중고 + 쿨러_243,000|해외구매 | _정품_282,470|벌크 + 쿨러_254,390|_벌크_244,800|중고 + 쿨러_243,000|해외구매 | _정품_284,850|벌크 + 쿨러_255,430|_벌크_245,430|중고 + 쿨러_243,000|해외구매 | _정품_285,370|벌크 + 쿨러_255,950|_벌크_245,540|중고 + 쿨러_243,000|해외구매 | _정품_285,370|벌크 + 쿨러_255,950|_벌크_246,370|중고 + 쿨러_243,000|해외구매 | _정품_287,040|벌크 + 쿨러_256,470|_벌크_246,890|중고 + 쿨러_243,000|해외구매 | _정품_287,460|벌크 + 쿨러_257,390|_벌크_247,810|중고 + 쿨러_243,000|해외구매 | _정품_288,950|벌크 + 쿨러_258,120|_벌크_248,540|중고 + 쿨러_243,000|해외구매 | _정품_290,090|벌크 + 쿨러_258,130|_벌크_248,300|중고 + 쿨러_243,000|해외구매 | _정품_292,000|_벌크 + 쿨러_259,990|벌크_242,140|중고 + 쿨러_243,000|해외구매 | _정품_293,930|벌크 + 쿨러_259,990|_벌크_242,960|중고 + 쿨러_243,000|해외구매 | _정품_294,240|벌크 + 쿨러_259,990|_벌크_242,960|중고 + 쿨러_243,000|해외구매 | _정품_294,760|벌크 + 쿨러_259,990|_벌크_242,960|중고 + 쿨러_243,000|해외구매 | _정품_295,270|벌크 + 쿨러_259,990|_벌크_242,960|중고 + 쿨러_243,000|해외구매 | _정품_295,280|벌크 + 쿨러_259,990|_벌크_242,960|중고 + 쿨러_243,000|해외구매 | _정품_295,290|벌크 + 쿨러_259,990|_벌크_241,640|중고 + 쿨러_243,000|해외구매 | _정품_295,290|벌크 + 쿨러_259,990|_벌크_241,670|중고 + 쿨러_243,000|해외구매 | _정품_295,290|벌크 + 쿨러_259,990|_벌크_241,770|중고 + 쿨러_243,000|해외구매 | _정품_295,300|벌크 + 쿨러_259,990|_벌크_241,800|중고 + 쿨러_243,000|해외구매 | _정품_295,700|벌크 + 쿨러_259,990|_벌크_241,920|중고 + 쿨러_243,000|해외구매 | _정품_295,710|_벌크 + 쿨러_259,990|벌크_241,950|중고 + 쿨러_243,000|해외구매 | _정품_295,920|_벌크 + 쿨러_259,990|벌크_241,960|중고 + 쿨러_243,000|해외구매 | _정품_298,860|_벌크 + 쿨러_259,990|벌크_242,060|중고 + 쿨러_243,000|해외구매 | _정품_299,060|_벌크 + 쿨러_259,990|벌크_242,090|중고 + 쿨러_243,000|해외구매 | _정품_299,060|_벌크 + 쿨러_259,990|벌크_242,100|중고 + 쿨러_243,000|해외구매 | _정품_299,060|_벌크 + 쿨러_259,990|벌크_242,130|중고 + 쿨러_243,000|해외구매",322000,322000,415690,415690,415690,415690,415690,415690,415690,415690,405190,415690,415690,415690,415690,415690,415690,415690,415690,415700,415700,415700,455890,415700,415700,415700,415700,415690,415690,415690,415690
18640286,인텔 코어i5-13세대 13400 (랩터레이크),인텔 코어i5-13세대 13400,랩터레이크,"_정품_280,380|벌크 + 쿨러_252,830|_벌크_243,220|중고 + 쿨러_243,000|해외구매 | _정품_280,390|벌크 + 쿨러_252,830|_벌크_243,230|중고 + 쿨러_243,000|해외구매 | _정품_281,010|벌크 + 쿨러_253,350|_벌크_243,760|중고 + 쿨러_243,000|해외구매 | _정품_281,220|벌크 + 쿨러_253,350|_벌크_243,770|중고 + 쿨러_243,000|해외구매 | _정품_282,470|벌크 + 쿨러_254,390|_벌크_244,800|중고 + 쿨러_243,000|해외구매 | _정품_284,850|벌크 + 쿨러_255,430|_벌크_245,430|중고 + 쿨러_243,000|해외구매 | _정품_285,370|벌크 + 쿨러_255,950|_벌크_245,540|중고 + 쿨러_243,000|해외구매 | _정품_285,370|벌크 + 쿨러_255,950|_벌크_246,370|중고 + 쿨러_243,000|해외구매 | _정품_287,040|벌크 + 쿨러_256,470|_벌크_246,890|중고 + 쿨러_243,000|해외구매 | _정품_287,460|벌크 + 쿨러_257,390|_벌크_247,810|중고 + 쿨러_243,000|해외구매 | _정품_288,950|벌크 + 쿨러_258,120|_벌크_248,540|중고 + 쿨러_243,000|해외구매 | _정품_290,090|벌크 + 쿨러_258,130|_벌크_248,300|중고 + 쿨러_243,000|해외구매 | _정품_292,000|_벌크 + 쿨러_259,990|벌크_242,140|중고 + 쿨러_243,000|해외구매 | _정품_293,930|벌크 + 쿨러_259,990|_벌크_242,960|중고 + 쿨러_243,000|해외구매 | _정품_294,240|벌크 + 쿨러_259,990|_벌크_242,960|중고 + 쿨러_243,000|해외구매 | _정품_294,760|벌크 + 쿨러_259,990|_벌크_242,960|중고 + 쿨러_243,000|해외구매 | _정품_295,270|벌크 + 쿨러_259,990|_벌크_242,960|중고 + 쿨러_243,000|해외구매 | _정품_295,280|벌크 + 쿨러_259,990|_벌크_242,960|중고 + 쿨러_243,000|해외구매 | _정품_295,290|벌크 + 쿨러_259,990|_벌크_241,640|중고 + 쿨러_243,000|해외구매 | _정품_295,290|벌크 + 쿨러_259,990|_벌크_241,670|중고 + 쿨러_243,000|해외구매 | _정품_295,290|벌크 + 쿨러_259,990|_벌크_241,770|중고 + 쿨러_243,000|해외구매 | _정품_295,300|벌크 + 쿨러_259,990|_벌크_241,800|중고 + 쿨러_243,000|해외구매 | _정품_295,700|벌크 + 쿨러_259,990|_벌크_241,920|중고 + 쿨러_243,000|해외구매 | _정품_295,710|_벌크 + 쿨러_259,990|벌크_241,950|중고 + 쿨러_243,000|해외구매 | _정품_295,920|_벌크 + 쿨러_259,990|벌크_241,960|중고 + 쿨러_243,000|해외구매 | _정품_298,860|_벌크 + 쿨러_259,990|벌크_242,060|중고 + 쿨러_243,000|해외구매 | _정품_299,060|_벌크 + 쿨러_259,990|벌크_242,090|중고 + 쿨러_243,000|해외구매 | _정품_299,060|_벌크 + 쿨러_259,990|벌크_242,100|중고 + 쿨러_243,000|해외구매 | _정품_299,060|_벌크 + 쿨러_259,990|벌크_242,130|중고 + 쿨러_243,000|해외구매",322000,322000,415690,415690,415690,415690,415690,415690,415690,415690,405190,415690,415690,415690,415690,415690,415690,415690,415690,415700,415700,415700,455890,415700,415700,415700,415700,415690,415690,415690,415690
18702812,인텔 코어i5-13세대 13400F (랩터레이크),인텔 코어i5-13세대 13400F,랩터레이크,"_정품_231,440|벌크 + 쿨러_217,850|_벌크_208,870|해외구매 | _정품_231,450|벌크 + 쿨러_217,850|_벌크_208,880|해외구매 | _정품_231,860|벌크 + 쿨러_218,370|_벌크_208,880|해외구매 | _정품_231,970|벌크 + 쿨러_217,850|_벌크_208,890|해외구매 | _정품_232,270|벌크 + 쿨러_217,850|_벌크_209,410|해외구매 | _정품_232,440|벌크 + 쿨러_219,400|_벌크_210,990|해외구매 | _정품_232,800|벌크 + 쿨러_218,270|_벌크_209,840|해외구매 | _정품_232,800|벌크 + 쿨러_218,890|_벌크_210,460|해외구매 | _정품_233,630|벌크 + 쿨러_218,890|_벌크_210,470|해외구매 | _정품_235,650|벌크 + 쿨러_220,450|_벌크_211,280|해외구매 | _정품_236,890|벌크 + 쿨러_225,120|_벌크_213,980|해외구매 | _정품_236,890|벌크 + 쿨러_225,120|_벌크_215,430|해외구매 | _정품_236,890|벌크 + 쿨러_225,640|_벌크_215,430|해외구매 | _정품_236,900|벌크 + 쿨러_225,640|_벌크_215,970|해외구매 | _정품_237,010|벌크 + 쿨러_226,150|_벌크_216,720|해외구매 | _정품_238,050|벌크 + 쿨러_227,820|_벌크_217,650|해외구매 | _정품_238,140|벌크 + 쿨러_227,820|_벌크_217,650|해외구매 | _정품_238,150|벌크 + 쿨러_227,090|_벌크_217,660|해외구매 | _정품_238,440|벌크 + 쿨러_222,940|_벌크_213,500|해외구매 | _정품_238,450|벌크 + 쿨러_222,940|_벌크_212,540|해외구매 | _정품_238,460|벌크 + 쿨러_222,940|_벌크_212,650|해외구매 | _정품_239,080|벌크 + 쿨러_228,000|_벌크_212,650|해외구매 | _정품_239,180|벌크 + 쿨러_228,000|_벌크_212,640|해외구매 | _정품_239,180|벌크 + 쿨러_228,000|_벌크_212,650|해외구매",247560,248030,247910,247830,247710,247620,247520,247500,247380,244460,244360,244330,243520,243420,243410,243290,243260,243160,243130,243040,243020,242990,242870,242750,242630,242510,242390,242340,242330,242320,242300
18640280,인텔 코어i5-13세대 13400F (랩터레이크),인텔 코어i5-13세대 13400F,랩터레이크,"_정품_231,440|벌크 + 쿨러_217,850|_벌크_208,870|해외구매 | _정품_231,450|벌크 + 쿨러_217,850|_벌크_208,880|해외구매 | _정품_231,860|벌크 + 쿨러_218,370|_벌크_208,880|해외구매 | _정품_231,970|벌크 + 쿨러_217,850|_벌크_208,890|해외구매 | _정품_232,270|벌크 + 쿨러_217,850|_벌크_209,410|해외구매 | _정품_232,440|벌크 + 쿨러_219,400|_벌크_210,990|해외구매 | _정품_232,800|벌크 + 쿨러_218,270|_벌크_209,840|해외구매 | _정품_232,800|벌크 + 쿨러_218,890|_벌크_210,460|해외구매 | _정품_233,630|벌크 + 쿨러_218,890|_벌크_210,470|해외구매 | _정품_235,650|벌크 + 쿨러_220,450|_벌크_211,280|해외구매 | _정품_236,890|벌크 + 쿨러_225,120|_벌크_213,980|해외구매 | _정품_236,890|벌크 + 쿨러_225,120|_벌크_215,430|해외구매 | _정품_236,890|벌크 + 쿨러_225,640|_벌크_215,430|해외구매 | _정품_236,900|벌크 + 쿨러_225,640|_벌크_215,970|해외구매 | _정품_237,010|벌크 + 쿨러_226,150|_벌크_216,720|해외구매 | _정품_238,050|벌크 + 쿨러_227,820|_벌크_217,650|해외구매 | _정품_238,140|벌크 + 쿨러_227,820|_벌크_217,650|해외구매 | _정품_238,150|벌크 + 쿨러_227,090|_벌크_217,660|해외구매 | _정품_238,440|벌크 + 쿨러_222,940|_벌크_213,500|해외구매 | _정품_238,450|벌크 + 쿨러_222,940|_벌크_212,540|해외구매 | _정품_238,460|벌크 + 쿨러_222,940|_벌크_212,650|해외구매 | _정품_239,080|벌크 + 쿨러_228,000|_벌크_212,650|해외구매 | _정품_239,180|벌크 + 쿨러_228,000|_벌크_212,640|해외구매 | _정품_239,180|벌크 + 쿨러_228,000|_벌크_212,650|해외구매",247560,248030,247910,247830,247710,247620,247520,247500,247380,244460,244360,244330,243520,243420,243410,243290,243260,243160,243130,243040,243020,242990,242870,242750,242630,242510,242390,242340,242330,242320,242300
18703382,인텔 코어i5-13세대 13500 (랩터레이크),인텔 코어i5-13세대 13500,랩터레이크,"_정품_331,110|벌크 + 쿨러_311,020|_벌크_268,170|해외구매 | _정품_331,120|벌크 + 쿨러_308,340|_벌크_268,270|해외구매 | _정품_331,840|벌크 + 쿨러_308,340|_벌크_268,300|해외구매 | _정품_332,680|벌크 + 쿨러_309,380|_벌크_268,310|해외구매 | _정품_333,710|벌크 + 쿨러_311,560|_벌크_268,340|해외구매 | _정품_335,480|벌크 + 쿨러_311,870|_벌크_268,340|해외구매 | _정품_335,690|벌크 + 쿨러_311,870|_벌크_268,340|해외구매 | _정품_336,000|벌크 + 쿨러_311,870|_벌크_268,340|해외구매 | _정품_336,310|벌크 + 쿨러_311,860|_벌크_266,900|해외구매 | _정품_337,380|벌크 + 쿨러_314,560|_벌크_266,900|해외구매 | _정품_337,530|벌크 + 쿨러_320,700|_벌크_271,910|해외구매 | _정품_338,110|벌크 + 쿨러_314,570|_벌크_266,900|해외구매 | _정품_338,320|벌크 + 쿨러_317,580|_벌크_266,480|해외구매 | _정품_338,940|벌크 + 쿨러_317,580|_벌크_266,600|해외구매 | _정품_338,940|벌크 + 쿨러_317,580|_벌크_266,630|해외구매 | _정품_338,940|벌크 + 쿨러_317,580|_벌크_266,730|해외구매 | _정품_338,940|벌크 + 쿨러_318,610|_벌크_266,860|해외구매 | _정품_339,660|벌크 + 쿨러_319,660|_벌크_266,890|해외구매 | _정품_339,870|벌크 + 쿨러_319,660|_벌크_266,900|해외구매 | _정품_339,870|벌크 + 쿨러_321,210|_벌크_310,990|해외구매 | _정품_339,880|벌크 + 쿨러_320,700|_벌크_271,790|해외구매 | _정품_339,970|벌크 + 쿨러_320,700|_벌크_271,940|해외구매 | _정품_339,980|벌크 + 쿨러_321,930|_벌크_271,950|해외구매 | _정품_339,980|벌크 + 쿨러_321,940|_벌크_272,050|해외구매 | _정품_339,980|벌크 + 쿨러_330,740|_벌크_272,080|해외구매 | _정품_339,980|벌크 + 쿨러_330,740|_벌크_272,090|해외구매 | _정품_339,980|벌크 + 쿨러_330,740|_벌크_272,120|해외구매 | _정품_339,980|벌크 + 쿨러_330,740|_벌크_272,130|해외구매",402880,402780,402750,402740,402710,401720,401690,401570,401450,401440,401430,401420,401410,401360,401330,401210,401200,401170,401050,402310,402310,402310,402910,402910,379530,379530,385310,385280,392760,385160,385070
18640319,인텔 코어i5-13세대 13500 (랩터레이크),인텔 코어i5-13세대 13500,랩터레이크,"_정품_331,110|벌크 + 쿨러_311,020|_벌크_268,170|해외구매 | _정품_331,120|벌크 + 쿨러_308,340|_벌크_268,270|해외구매 | _정품_331,840|벌크 + 쿨러_308,340|_벌크_268,300|해외구매 | _정품_332,680|벌크 + 쿨러_309,380|_벌크_268,310|해외구매 | _정품_333,710|벌크 + 쿨러_311,560|_벌크_268,340|해외구매 | _정품_335,480|벌크 + 쿨러_311,870|_벌크_268,340|해외구매 | _정품_335,690|벌크 + 쿨러_311,870|_벌크_268,340|해외구매 | _정품_336,000|벌크 + 쿨러_311,870|_벌크_268,340|해외구매 | _정품_336,310|벌크 + 쿨러_311,860|_벌크_266,900|해외구매 | _정품_337,380|벌크 + 쿨러_314,560|_벌크_266,900|해외구매 | _정품_337,530|벌크 + 쿨러_320,700|_벌크_271,910|해외구매 | _정품_338,110|벌크 + 쿨러_314,570|_벌크_266,900|해외구매 | _정품_338,320|벌크 + 쿨러_317,580|_벌크_266,480|해외구매 | _정품_338,940|벌크 + 쿨러_317,580|_벌크_266,600|해외구매 | _정품_338,940|벌크 + 쿨러_317,580|_벌크_266,630|해외구매 | _정품_338,940|벌크 + 쿨러_317,580|_벌크_266,730|해외구매 | _정품_338,940|벌크 + 쿨러_318,610|_벌크_266,860|해외구매 | _정품_339,660|벌크 + 쿨러_319,660|_벌크_266,890|해외구매 | _정품_339,870|벌크 + 쿨러_319,660|_벌크_266,900|해외구매 | _정품_339,870|벌크 + 쿨러_321,210|_벌크_310,990|해외구매 | _정품_339,880|벌크 + 쿨러_320,700|_벌크_271,790|해외구매 | _정품_339,970|벌크 + 쿨러_320,700|_벌크_271,940|해외구매 | _정품_339,980|벌크 + 쿨러_321,930|_벌크_271,950|해외구매 | _정품_339,980|벌크 + 쿨러_321,940|_벌크_272,050|해외구매 | _정품_339,980|벌크 + 쿨러_330,740|_벌크_272,080|해외구매 | _정품_339,980|벌크 + 쿨러_330,740|_벌크_272,090|해외구매 | _정품_339,980|벌크 + 쿨러_330,740|_벌크_272,120|해외구매 | _정품_339,980|벌크 + 쿨러_330,740|_벌크_272,130|해외구매",402880,402780,402750,402740,402710,401720,401690,401570,401450,401440,401430,401420,401410,401360,401330,401210,401200,401170,401050,402310,402310,402310,402910,402910,379530,379530,385310,385280,392760,385160,385070
18665261,인텔 코어i5-13세대 13500T (랩터레이크),인텔 코어i5-13세대 13500T,랩터레이크,벌크,380370,380370,380370,380370,380370,380370,380370,380370,380370,380370,380370,380370,380370,380370,380370,380370,380370,380370,380370,387990,387990,387990,390820,387990,384550,384550,384550,384550,384450,384440,384430
18169169,인텔 코어i5-13세대 13600K (랩터레이크),인텔 코어i5-13세대 13600K,랩터레이크,"_정품_390,920|벌크 + 쿨러_394,430|_벌크_384,870|해외구매 | _정품_390,920|벌크 + 쿨러_396,510|_벌크_384,870|해외구매 | _정품_390,930|벌크 + 쿨러_394,430|_벌크_384,870|해외구매 | _정품_390,940|벌크 + 쿨러_394,430|_벌크_384,880|해외구매 | _정품_390,940|벌크 + 쿨러_396,930|_벌크_387,370|해외구매 | _정품_393,210|벌크 + 쿨러_393,910|_벌크_384,370|해외구매 | _정품_393,210|벌크 + 쿨러_394,430|_벌크_384,370|해외구매 | _정품_393,210|벌크 + 쿨러_395,880|_벌크_386,340|해외구매 | _정품_393,210|벌크 + 쿨러_396,510|_벌크_384,870|해외구매 | _정품_393,210|벌크 + 쿨러_404,770|_벌크_386,340|해외구매 | _정품_393,220|벌크 + 쿨러_392,880|_벌크_383,340|해외구매 | _정품_393,240|벌크 + 쿨러_388,730|_벌크_379,190|해외구매 | _정품_393,240|벌크 + 쿨러_390,180|_벌크_380,640|해외구매 | _정품_393,240|벌크 + 쿨러_392,880|_벌크_383,330|해외구매 | _정품_393,240|벌크 + 쿨러_394,430|_벌크_383,330|해외구매 | _정품_397,950|벌크 + 쿨러_387,160|_벌크_377,620|해외구매 | _정품_397,950|벌크 + 쿨러_388,720|_벌크_379,180|해외구매",420040,419950,420170,420160,420060,420060,419960,419930,419810,419800,399980,399870,399770,384600,384590,384590,384590,384590,384590,384590,384590,384590,384590,384590,384590,384590,384590,384550,381670,381640,381630
18039269,인텔 코어i5-13세대 13600K (랩터레이크),인텔 코어i5-13세대 13600K,랩터레이크,"_정품_390,920|벌크 + 쿨러_394,430|_벌크_384,870|해외구매 | _정품_390,920|벌크 + 쿨러_396,510|_벌크_384,870|해외구매 | _정품_390,930|벌크 + 쿨러_394,430|_벌크_384,870|해외구매 | _정품_390,940|벌크 + 쿨러_394,430|_벌크_384,880|해외구매 | _정품_390,940|벌크 + 쿨러_396,930|_벌크_387,370|해외구매 | _정품_393,210|벌크 + 쿨러_393,910|_벌크_384,370|해외구매 | _정품_393,210|벌크 + 쿨러_394,430|_벌크_384,370|해외구매 | _정품_393,210|벌크 + 쿨러_395,880|_벌크_386,340|해외구매 | _정품_393,210|벌크 + 쿨러_396,510|_벌크_384,870|해외구매 | _정품_393,210|벌크 + 쿨러_404,770|_벌크_386,340|해외구매 | _정품_393,220|벌크 + 쿨러_392,880|_벌크_383,340|해외구매 | _정품_393,240|벌크 + 쿨러_388,730|_벌크_379,190|해외구매 | _정품_393,240|벌크 + 쿨러_390,180|_벌크_380,640|해외구매 | _정품_393,240|벌크 + 쿨러_392,880|_벌크_383,330|해외구매 | _정품_393,240|벌크 + 쿨러_394,430|_벌크_383,330|해외구매 | _정품_397,950|벌크 + 쿨러_387,160|_벌크_377,620|해외구매 | _정품_397,950|벌크 + 쿨러_388,720|_벌크_379,180|해외구매",420040,419950,420170,420160,420060,420060,419960,419930,419810,419800,399980,399870,399770,384600,384590,384590,384590,384590,384590,384590,384590,384590,384590,384590,384590,384590,384590,384550,381670,381640,381630
18169268,인텔 코어i5-13세대 13600KF (랩터레이크),인텔 코어i5-13세대 13600KF,랩터레이크,"_정품_342,040|벌크 + 쿨러_338,370|_벌크_332,940|해외구매 | _정품_347,220|벌크 + 쿨러_338,460|_벌크_330,480|해외구매 | _정품_347,230|벌크 + 쿨러_343,540|_벌크_330,490|해외구매 | _정품_350,330|벌크 + 쿨러_340,430|_벌크_330,410|해외구매 | _정품_350,340|벌크 + 쿨러_332,560|_벌크_320,500|해외구매 | _정품_351,990|벌크 + 쿨러_330,880|_벌크_321,440|해외구매 | _정품_356,950|벌크 + 쿨러_329,940|_벌크_320,490|해외구매 | _정품_357,280|벌크 + 쿨러_329,940|_벌크_320,490|해외구매 | _정품_357,280|벌크 + 쿨러_329,940|_벌크_320,500|해외구매 | _정품_357,290|벌크 + 쿨러_330,870|_벌크_321,430|해외구매 | _정품_357,290|벌크 + 쿨러_331,080|_벌크_321,430|해외구매 | _정품_358,990|벌크 + 쿨러_333,150|_벌크_323,710|해외구매 | _정품_358,990|벌크 + 쿨러_333,160|_벌크_322,150|해외구매 | _정품_358,990|벌크 + 쿨러_333,160|_벌크_323,710|해외구매 | _정품_358,990|벌크 + 쿨러_333,160|_벌크_323,720|해외구매 | _정품_358,990|벌크 + 쿨러_340,850|_벌크_323,690|해외구매 | _정품_361,260|벌크 + 쿨러_342,300|_벌크_325,670|해외구매 | _정품_361,260|벌크 + 쿨러_342,820|_벌크_325,670|해외구매 | _정품_361,990|벌크 + 쿨러_331,600|_벌크_322,160|해외구매 | _정품_366,920|벌크 + 쿨러_331,590|_벌크_322,150|해외구매 | _정품_366,930|벌크 + 쿨러_331,590|_벌크_322,150|해외구매 | _정품_368,990|벌크 + 쿨러_342,820|_벌크_325,670|해외구매",387070,387060,387030,387020,386990,364180,364150,364030,363910,363900,363890,363880,363870,363860,363830,363710,363680,363570,363450,363940,363940,363940,363910,363800,363680,363560,363440,363900,363800,363790,363770
18038831,인텔 코어i5-13세대 13600KF (랩터레이크),인텔 코어i5-13세대 13600KF,랩터레이크,"_정품_342,040|벌크 + 쿨러_338,370|_벌크_332,940|해외구매 | _정품_347,220|벌크 + 쿨러_338,460|_벌크_330,480|해외구매 | _정품_347,230|벌크 + 쿨러_343,540|_벌크_330,490|해외구매 | _정품_350,330|벌크 + 쿨러_340,430|_벌크_330,410|해외구매 | _정품_350,340|벌크 + 쿨러_332,560|_벌크_320,500|해외구매 | _정품_351,990|벌크 + 쿨러_330,880|_벌크_321,440|해외구매 | _정품_356,950|벌크 + 쿨러_329,940|_벌크_320,490|해외구매 | _정품_357,280|벌크 + 쿨러_329,940|_벌크_320,490|해외구매 | _정품_357,280|벌크 + 쿨러_329,940|_벌크_320,500|해외구매 | _정품_357,290|벌크 + 쿨러_330,870|_벌크_321,430|해외구매 | _정품_357,290|벌크 + 쿨러_331,080|_벌크_321,430|해외구매 | _정품_358,990|벌크 + 쿨러_333,150|_벌크_323,710|해외구매 | _정품_358,990|벌크 + 쿨러_333,160|_벌크_322,150|해외구매 | _정품_358,990|벌크 + 쿨러_333,160|_벌크_323,710|해외구매 | _정품_358,990|벌크 + 쿨러_333,160|_벌크_323,720|해외구매 | _정품_358,990|벌크 + 쿨러_340,850|_벌크_323,690|해외구매 | _정품_361,260|벌크 + 쿨러_342,300|_벌크_325,670|해외구매 | _정품_361,260|벌크 + 쿨러_342,820|_벌크_325,670|해외구매 | _정품_361,990|벌크 + 쿨러_331,600|_벌크_322,160|해외구매 | _정품_366,920|벌크 + 쿨러_331,590|_벌크_322,150|해외구매 | _정품_366,930|벌크 + 쿨러_331,590|_벌크_322,150|해외구매 | _정품_368,990|벌크 + 쿨러_342,820|_벌크_325,670|해외구매",387070,387060,387030,387020,386990,364180,364150,364030,363910,363900,363890,363880,363870,363860,363830,363710,363680,363570,363450,363940,363940,363940,363910,363800,363680,363560,363440,363900,363800,363790,363770
32102876,인텔 코어i5-14세대 14400 (랩터레이크 리프레시),인텔 코어i5-14세대 14400,랩터레이크 리프레시,"_정품_311,870|벌크 + 쿨러_286,930|_벌크_271,230|해외구매 | _정품_311,870|벌크 + 쿨러_286,940|_벌크_271,240|해외구매 | _정품_311,870|벌크 + 쿨러_286,950|_벌크_271,250|해외구매 | _정품_311,870|벌크 + 쿨러_286,960|_벌크_271,350|해외구매 | _정품_311,870|벌크 + 쿨러_286,990|_벌크_271,390|해외구매 | _정품_312,090|벌크 + 쿨러_286,990|_벌크_269,550|해외구매 | _정품_312,920|벌크 + 쿨러_286,990|_벌크_269,550|해외구매 | _정품_312,920|벌크 + 쿨러_286,990|_벌크_274,080|해외구매 | _정품_312,930|_벌크 + 쿨러_286,990|벌크_274,200|해외구매 | _정품_313,150|_벌크 + 쿨러_286,990|벌크_274,310|해외구매 | _정품_314,760|벌크 + 쿨러_286,990|_벌크_274,340|해외구매 | _정품_316,010|벌크 + 쿨러_288,670|_벌크_274,340|해외구매 | _정품_318,710|벌크 + 쿨러_285,730|_벌크_271,380|해외구매 | _정품_319,120|벌크 + 쿨러_285,730|_벌크_271,410|해외구매 | _정품_319,120|벌크 + 쿨러_285,730|_벌크_271,510|해외구매 | _정품_319,120|벌크 + 쿨러_285,730|_벌크_271,540|해외구매 | _정품_319,120|벌크 + 쿨러_285,730|_벌크_271,570|해외구매 | _정품_319,270|벌크 + 쿨러_285,730|_벌크_271,980|해외구매 | _정품_319,270|벌크 + 쿨러_285,730|_벌크_272,080|해외구매 | _정품_319,280|벌크 + 쿨러_285,730|_벌크_272,080|해외구매 | _정품_319,540|벌크 + 쿨러_285,730|_벌크_271,670|해외구매 | _정품_319,840|벌크 + 쿨러_285,730|_벌크_271,700|해외구매 | _정품_320,570|벌크 + 쿨러_285,730|_벌크_271,710|해외구매 | _정품_321,610|벌크 + 쿨러_285,730|_벌크_271,720|해외구매 | _정품_321,610|벌크 + 쿨러_285,730|_벌크_271,730|해외구매 | _정품_322,030|벌크 + 쿨러_285,730|_벌크_271,740|해외구매 | _정품_322,540|벌크 + 쿨러_285,730|_벌크_271,860|해외구매 | _정품_324,920|벌크 + 쿨러_285,730|_벌크_272,080|해외구매",379610,379510,379480,379470,379440,379340,379330,379300,379180,379150,379050,379020,378920,378910,378880,378760,378730,378610,378490,378400,378280,378160,379620,381400,386990,386990,386890,386840,386830,386810,386800
32038580,인텔 코어i5-14세대 14400 (랩터레이크 리프레시),인텔 코어i5-14세대 14400,랩터레이크 리프레시,"_정품_311,870|벌크 + 쿨러_286,930|_벌크_271,230|해외구매 | _정품_311,870|벌크 + 쿨러_286,940|_벌크_271,240|해외구매 | _정품_311,870|벌크 + 쿨러_286,950|_벌크_271,250|해외구매 | _정품_311,870|벌크 + 쿨러_286,960|_벌크_271,350|해외구매 | _정품_311,870|벌크 + 쿨러_286,990|_벌크_271,390|해외구매 | _정품_312,090|벌크 + 쿨러_286,990|_벌크_269,550|해외구매 | _정품_312,920|벌크 + 쿨러_286,990|_벌크_269,550|해외구매 | _정품_312,920|벌크 + 쿨러_286,990|_벌크_274,080|해외구매 | _정품_312,930|_벌크 + 쿨러_286,990|벌크_274,200|해외구매 | _정품_313,150|_벌크 + 쿨러_286,990|벌크_274,310|해외구매 | _정품_314,760|벌크 + 쿨러_286,990|_벌크_274,340|해외구매 | _정품_316,010|벌크 + 쿨러_288,670|_벌크_274,340|해외구매 | _정품_318,710|벌크 + 쿨러_285,730|_벌크_271,380|해외구매 | _정품_319,120|벌크 + 쿨러_285,730|_벌크_271,410|해외구매 | _정품_319,120|벌크 + 쿨러_285,730|_벌크_271,510|해외구매 | _정품_319,120|벌크 + 쿨러_285,730|_벌크_271,540|해외구매 | _정품_319,120|벌크 + 쿨러_285,730|_벌크_271,570|해외구매 | _정품_319,270|벌크 + 쿨러_285,730|_벌크_271,980|해외구매 | _정품_319,270|벌크 + 쿨러_285,730|_벌크_272,080|해외구매 | _정품_319,280|벌크 + 쿨러_285,730|_벌크_272,080|해외구매 | _정품_319,540|벌크 + 쿨러_285,730|_벌크_271,670|해외구매 | _정품_319,840|벌크 + 쿨러_285,730|_벌크_271,700|해외구매 | _정품_320,570|벌크 + 쿨러_285,730|_벌크_271,710|해외구매 | _정품_321,610|벌크 + 쿨러_285,730|_벌크_271,720|해외구매 | _정품_321,610|벌크 + 쿨러_285,730|_벌크_271,730|해외구매 | _정품_322,030|벌크 + 쿨러_285,730|_벌크_271,740|해외구매 | _정품_322,540|벌크 + 쿨러_285,730|_벌크_271,860|해외구매 | _정품_324,920|벌크 + 쿨러_285,730|_벌크_272,080|해외구매",379610,379510,379480,379470,379440,379340,379330,379300,379180,379150,379050,379020,378920,378910,378880,378760,378730,378610,378490,378400,378280,378160,379620,381400,386990,386990,386890,386840,386830,386810,386800
32102786,인텔 코어i5-14세대 14400F (랩터레이크 리프레시),인텔 코어i5-14세대 14400F,랩터레이크 리프레시,"_정품_271,850|벌크 + 쿨러_270,470|_벌크_259,730|해외구매 | _정품_271,950|벌크 + 쿨러_270,470|_벌크_259,730|해외구매 | _정품_273,770|벌크 + 쿨러_270,480|_벌크_259,740|해외구매 | _정품_274,700|벌크 + 쿨러_270,890|_벌크_260,150|해외구매 | _정품_275,010|벌크 + 쿨러_271,410|_벌크_260,670|해외구매 | _정품_275,750|벌크 + 쿨러_272,670|_벌크_261,920|해외구매 | _정품_275,750|벌크 + 쿨러_272,990|_벌크_262,750|해외구매 | _정품_276,780|벌크 + 쿨러_272,560|_벌크_262,760|해외구매 | _정품_277,730|벌크 + 쿨러_272,570|_벌크_262,770|해외구매 | _정품_278,930|벌크 + 쿨러_273,610|_벌크_263,240|해외구매 | _정품_280,390|벌크 + 쿨러_274,440|_벌크_264,070|해외구매 | _정품_280,990|벌크 + 쿨러_277,150|_벌크_266,770|해외구매 | _정품_280,990|벌크 + 쿨러_277,660|_벌크_267,280|해외구매 | _정품_281,000|벌크 + 쿨러_277,670|_벌크_267,290|해외구매 | _정품_281,010|벌크 + 쿨러_279,130|_벌크_268,740|해외구매 | _정품_281,810|벌크 + 쿨러_277,190|_벌크_266,650|해외구매 | _정품_281,820|벌크 + 쿨러_276,100|_벌크_264,680|해외구매 | _정품_281,830|벌크 + 쿨러_277,040|_벌크_264,680|해외구매 | _정품_281,840|벌크 + 쿨러_278,000|_벌크_264,680|해외구매 | _정품_282,570|벌크 + 쿨러_280,180|_벌크_269,780|해외구매 | _정품_283,070|벌크 + 쿨러_281,740|_벌크_271,330|해외구매 | _정품_283,080|벌크 + 쿨러_281,740|_벌크_271,340|해외구매 | _정품_284,130|벌크 + 쿨러_277,900|_벌크_264,680|해외구매",313790,313790,313790,313790,313790,313790,313740,312530,312410,312400,312400,314940,314940,314940,312060,312060,311490,309320,309320,308040,306380,306170,306680,306470,282270,282270,307610,306620,305640,306910,335510
32038667,인텔 코어i5-14세대 14400F (랩터레이크 리프레시),인텔 코어i5-14세대 14400F,랩터레이크 리프레시,"_정품_271,850|벌크 + 쿨러_270,470|_벌크_259,730|해외구매 | _정품_271,950|벌크 + 쿨러_270,470|_벌크_259,730|해외구매 | _정품_273,770|벌크 + 쿨러_270,480|_벌크_259,740|해외구매 | _정품_274,700|벌크 + 쿨러_270,890|_벌크_260,150|해외구매 | _정품_275,010|벌크 + 쿨러_271,410|_벌크_260,670|해외구매 | _정품_275,750|벌크 + 쿨러_272,670|_벌크_261,920|해외구매 | _정품_275,750|벌크 + 쿨러_272,990|_벌크_262,750|해외구매 | _정품_276,780|벌크 + 쿨러_272,560|_벌크_262,760|해외구매 | _정품_277,730|벌크 + 쿨러_272,570|_벌크_262,770|해외구매 | _정품_278,930|벌크 + 쿨러_273,610|_벌크_263,240|해외구매 | _정품_280,390|벌크 + 쿨러_274,440|_벌크_264,070|해외구매 | _정품_280,990|벌크 + 쿨러_277,150|_벌크_266,770|해외구매 | _정품_280,990|벌크 + 쿨러_277,660|_벌크_267,280|해외구매 | _정품_281,000|벌크 + 쿨러_277,670|_벌크_267,290|해외구매 | _정품_281,010|벌크 + 쿨러_279,130|_벌크_268,740|해외구매 | _정품_281,810|벌크 + 쿨러_277,190|_벌크_266,650|해외구매 | _정품_281,820|벌크 + 쿨러_276,100|_벌크_264,680|해외구매 | _정품_281,830|벌크 + 쿨러_277,040|_벌크_264,680|해외구매 | _정품_281,840|벌크 + 쿨러_278,000|_벌크_264,680|해외구매 | _정품_282,570|벌크 + 쿨러_280,180|_벌크_269,780|해외구매 | _정품_283,070|벌크 + 쿨러_281,740|_벌크_271,330|해외구매 | _정품_283,080|벌크 + 쿨러_281,740|_벌크_271,340|해외구매 | _정품_284,130|벌크 + 쿨러_277,900|_벌크_264,680|해외구매",313790,313790,313790,313790,313790,313790,313740,312530,312410,312400,312400,314940,314940,314940,312060,312060,311490,309320,309320,308040,306380,306170,306680,306470,282270,282270,307610,306620,305640,306910,335510
32102927,인텔 코어i5-14세대 14500 (랩터레이크 리프레시),인텔 코어i5-14세대 14500,랩터레이크 리프레시,"_정품_331,660|벌크 + 쿨러_330,440|_벌크_320,990|해외구매 | _정품_331,670|벌크 + 쿨러_330,450|_벌크_321,000|해외구매 | _정품_332,910|벌크 + 쿨러_331,380|_벌크_321,930|해외구매 | _정품_333,750|벌크 + 쿨러_332,320|_벌크_322,870|해외구매 | _정품_336,030|벌크 + 쿨러_333,460|_벌크_324,010|해외구매 | _정품_338,530|벌크 + 쿨러_337,020|_벌크_327,560|해외구매 | _정품_339,150|벌크 + 쿨러_337,020|_벌크_327,560|해외구매 | _정품_339,640|벌크 + 쿨러_337,020|_벌크_327,570|해외구매 | _정품_340,380|벌크 + 쿨러_340,250|_벌크_330,800|해외구매 | _정품_341,250|벌크 + 쿨러_342,740|_벌크_331,940|해외구매 | _정품_342,910|벌크 + 쿨러_342,750|_벌크_331,950|해외구매 | _정품_343,330|벌크 + 쿨러_346,090|_벌크_335,270|해외구매 | _정품_343,740|벌크 + 쿨러_346,090|_벌크_335,270|해외구매 | _정품_343,950|벌크 + 쿨러_346,910|_벌크_336,090|해외구매 | _정품_344,260|벌크 + 쿨러_347,430|_벌크_336,710|해외구매 | _정품_345,910|벌크 + 쿨러_347,430|_벌크_336,710|해외구매 | _정품_346,700|벌크 + 쿨러_348,980|_벌크_338,260|해외구매 | _정품_346,700|벌크 + 쿨러_348,980|_벌크_338,270|해외구매 | _정품_346,700|벌크 + 쿨러_348,990|_벌크_340,350|해외구매 | _정품_346,700|벌크 + 쿨러_348,990|_벌크_341,790|해외구매 | _정품_347,260|벌크 + 쿨러_347,960|_벌크_337,240|해외구매 | _정품_347,260|벌크 + 쿨러_348,900|_벌크_338,250|해외구매 | _정품_348,000|벌크 + 쿨러_348,900|_벌크_338,260|해외구매",399090,399080,399050,399040,399010,398910,398880,398780,398750,406090,406080,406070,406060,406030,405920,405800,401220,401100,400980,402680,405900,405780,405660,405540,398350,398350,398960,398920,398820,398810,398800
32038256,인텔 코어i5-14세대 14500 (랩터레이크 리프레시),인텔 코어i5-14세대 14500,랩터레이크 리프레시,"_정품_331,660|벌크 + 쿨러_330,440|_벌크_320,990|해외구매 | _정품_331,670|벌크 + 쿨러_330,450|_벌크_321,000|해외구매 | _정품_332,910|벌크 + 쿨러_331,380|_벌크_321,930|해외구매 | _정품_333,750|벌크 + 쿨러_332,320|_벌크_322,870|해외구매 | _정품_336,030|벌크 + 쿨러_333,460|_벌크_324,010|해외구매 | _정품_338,530|벌크 + 쿨러_337,020|_벌크_327,560|해외구매 | _정품_339,150|벌크 + 쿨러_337,020|_벌크_327,560|해외구매 | _정품_339,640|벌크 + 쿨러_337,020|_벌크_327,570|해외구매 | _정품_340,380|벌크 + 쿨러_340,250|_벌크_330,800|해외구매 | _정품_341,250|벌크 + 쿨러_342,740|_벌크_331,940|해외구매 | _정품_342,910|벌크 + 쿨러_342,750|_벌크_331,950|해외구매 | _정품_343,330|벌크 + 쿨러_346,090|_벌크_335,270|해외구매 | _정품_343,740|벌크 + 쿨러_346,090|_벌크_335,270|해외구매 | _정품_343,950|벌크 + 쿨러_346,910|_벌크_336,090|해외구매 | _정품_344,260|벌크 + 쿨러_347,430|_벌크_336,710|해외구매 | _정품_345,910|벌크 + 쿨러_347,430|_벌크_336,710|해외구매 | _정품_346,700|벌크 + 쿨러_348,980|_벌크_338,260|해외구매 | _정품_346,700|벌크 + 쿨러_348,980|_벌크_338,270|해외구매 | _정품_346,700|벌크 + 쿨러_348,990|_벌크_340,350|해외구매 | _정품_346,700|벌크 + 쿨러_348,990|_벌크_341,790|해외구매 | _정품_347,260|벌크 + 쿨러_347,960|_벌크_337,240|해외구매 | _정품_347,260|벌크 + 쿨러_348,900|_벌크_338,250|해외구매 | _정품_348,000|벌크 + 쿨러_348,900|_벌크_338,260|해외구매",399090,399080,399050,399040,399010,398910,398880,398780,398750,406090,406080,406070,406060,406030,405920,405800,401220,401100,400980,402680,405900,405780,405660,405540,398350,398350,398960,398920,398820,398810,398800
32463899,인텔 코어i5-14세대 14500T (랩터레이크 리프레시),인텔 코어i5-14세대 14500T,랩터레이크 리프레시,벌크,380370,380370,380370,380370,380370,380370,380370,380370,380370,380370,380370,380370,380370,380370,380370,380370,380370,380370,380370,388730,388730,388730,390820,390820,384550,384550,384550,384520,384510,384500,384490
28884308,인텔 코어i5-14세대 14600K (랩터레이크 리프레시),인텔 코어i5-14세대 14600K,랩터레이크 리프레시,"_정품_432,310|_벌크_432,240|해외구매 | _정품_432,320|_벌크_432,240|해외구매 | _정품_433,050|_벌크_432,250|해외구매 | _정품_433,060|_벌크_432,670|해외구매 | _정품_434,000|_벌크_433,400|해외구매 | _정품_435,550|_벌크_425,600|해외구매 | _정품_435,550|_벌크_431,550|해외구매 | _정품_436,280|_벌크_425,600|해외구매 | _정품_437,340|_벌크_424,040|해외구매 | _정품_439,500|_벌크_424,040|해외구매 | _정품_441,990|_벌크_422,630|해외구매 | _정품_442,690|_벌크_424,060|해외구매 | _정품_442,780|_벌크_424,060|해외구매 | _정품_442,790|_벌크_424,060|해외구매 | _정품_442,800|_벌크_424,060|해외구매 | _정품_445,390|_벌크_424,060|해외구매 | _정품_445,390|_벌크_424,070|해외구매 | _정품_445,400|_벌크_424,080|해외구매 | _정품_445,790|_벌크_428,240|해외구매",481380,481380,481380,481380,481380,481380,481380,481380,481380,481380,481380,481380,481380,481380,481380,481380,481380,481380,481380,481380,481380,481380,481380,481380,438660,438660,438660,438660,481380,481380,481380
28799654,인텔 코어i5-14세대 14600K (랩터레이크 리프레시),인텔 코어i5-14세대 14600K,랩터레이크 리프레시,"_정품_432,310|_벌크_432,240|해외구매 | _정품_432,320|_벌크_432,240|해외구매 | _정품_433,050|_벌크_432,250|해외구매 | _정품_433,060|_벌크_432,670|해외구매 | _정품_434,000|_벌크_433,400|해외구매 | _정품_435,550|_벌크_425,600|해외구매 | _정품_435,550|_벌크_431,550|해외구매 | _정품_436,280|_벌크_425,600|해외구매 | _정품_437,340|_벌크_424,040|해외구매 | _정품_439,500|_벌크_424,040|해외구매 | _정품_441,990|_벌크_422,630|해외구매 | _정품_442,690|_벌크_424,060|해외구매 | _정품_442,780|_벌크_424,060|해외구매 | _정품_442,790|_벌크_424,060|해외구매 | _정품_442,800|_벌크_424,060|해외구매 | _정품_445,390|_벌크_424,060|해외구매 | _정품_445,390|_벌크_424,070|해외구매 | _정품_445,400|_벌크_424,080|해외구매 | _정품_445,790|_벌크_428,240|해외구매",481380,481380,481380,481380,481380,481380,481380,481380,481380,481380,481380,481380,481380,481380,481380,481380,481380,481380,481380,481380,481380,481380,481380,481380,438660,438660,438660,438660,481380,481380,481380
28884227,인텔 코어i5-14세대 14600KF (랩터레이크 리프레시),인텔 코어i5-14세대 14600KF,랩터레이크 리프레시,"_정품_390,290|_벌크_372,100|해외구매 | _정품_390,300|_벌크_372,100|해외구매 | _정품_391,260|_벌크_360,830|해외구매 | _정품_392,610|_벌크_360,820|해외구매 | _정품_393,650|_벌크_360,820|해외구매 | _정품_394,600|_벌크_362,900|해외구매 | _정품_396,220|_벌크_364,140|해외구매 | _정품_399,850|_벌크_364,150|해외구매 | _정품_401,830|_벌크_367,140|해외구매 | _정품_402,140|_벌크_367,140|해외구매 | _정품_402,440|_벌크_367,140|해외구매 | _정품_402,670|_벌크_368,170|해외구매 | _정품_402,950|_벌크_368,180|해외구매 | _정품_404,220|_벌크_368,690|해외구매 | _정품_404,430|_벌크_368,690|해외구매 | _정품_404,830|_벌크_368,700|해외구매 | _정품_404,840|_벌크_369,120|해외구매 | _정품_405,150|_벌크_371,290|해외구매 | _정품_405,320|_벌크_371,290|해외구매",417550,417550,417550,417550,417550,417550,417550,417550,417550,417550,417550,417550,417550,417550,417550,417550,417550,417550,417550,417550,417550,417550,417550,417550,380490,380490,380490,380490,417550,417550,417550
28799732,인텔 코어i5-14세대 14600KF (랩터레이크 리프레시),인텔 코어i5-14세대 14600KF,랩터레이크 리프레시,"_정품_390,290|_벌크_372,100|해외구매 | _정품_390,300|_벌크_372,100|해외구매 | _정품_391,260|_벌크_360,830|해외구매 | _정품_392,610|_벌크_360,820|해외구매 | _정품_393,650|_벌크_360,820|해외구매 | _정품_394,600|_벌크_362,900|해외구매 | _정품_396,220|_벌크_364,140|해외구매 | _정품_399,850|_벌크_364,150|해외구매 | _정품_401,830|_벌크_367,140|해외구매 | _정품_402,140|_벌크_367,140|해외구매 | _정품_402,440|_벌크_367,140|해외구매 | _정품_402,670|_벌크_368,170|해외구매 | _정품_402,950|_벌크_368,180|해외구매 | _정품_404,220|_벌크_368,690|해외구매 | _정품_404,430|_벌크_368,690|해외구매 | _정품_404,830|_벌크_368,700|해외구매 | _정품_404,840|_벌크_369,120|해외구매 | _정품_405,150|_벌크_371,290|해외구매 | _정품_405,320|_벌크_371,290|해외구매",417550,417550,417550,417550,417550,417550,417550,417550,417550,417550,417550,417550,417550,417550,417550,417550,417550,417550,417550,417550,417550,417550,417550,417550,380490,380490,380490,380490,417550,417550,417550
4147079,인텔 코어i5-1세대 650 (클락데일),인텔 코어i5-1세대 650,클락데일,중고,0,0,0,3000,3000,3000,3000,3000,3000,3000,3000,3000,3000,3000,2990,2990,2990,2990,2990,2990,2990,0,0,0,2990,2990,2990,2940,2970,2990,2980
4144546,인텔 코어i5-1세대 750 (린필드),인텔 코어i5-1세대 750,린필드,중고,3000,3000,3000,3000,3000,2940,2930,2900,2970,2870,2860,2850,2850,3000,2990,3000,3000,3000,3000,3000,3000,3000,2920,2850,2850,2850,2850,2850,2850,2850,2850
1156701,인텔 코어i5-1세대 760 (린필드),인텔 코어i5-1세대 760,린필드,"_벌크 + 쿨러_7,890|_벌크_3,100|중고 | _벌크 + 쿨러_8,010|_벌크_3,100|중고 | _벌크 + 쿨러_8,040|_벌크_3,100|중고 | _벌크 + 쿨러_8,050|벌크_3,100|_중고 | _벌크 + 쿨러_8,060|_벌크_3,440|중고 | _벌크 + 쿨러_8,060|벌크_3,440|_중고 | 벌크 + 쿨러_7,160|_벌크_3,100|_중고 | 벌크 + 쿨러_7,250|_벌크_3,100|_중고 | 벌크 + 쿨러_7,270|_벌크_3,100|_중고 | 벌크 + 쿨러_7,280|_벌크_3,100|_중고 | 벌크 + 쿨러_7,300|_벌크_3,100|_중고 | 벌크 + 쿨러_7,350|_벌크_3,100|_중고 | 벌크 + 쿨러_7,380|_벌크_3,100|_중고 | 벌크 + 쿨러_7,430|_벌크_3,100|_중고 | 벌크 + 쿨러_7,440|_벌크_3,100|_중고 | 벌크 + 쿨러_7,450|_벌크_3,100|_중고 | 벌크 + 쿨러_7,470|_벌크_3,200|_중고 | 벌크 + 쿨러_7,840|_벌크_3,100|_중고 | 벌크 + 쿨러_7,850|_벌크_3,100|_중고 | 벌크 + 쿨러_7,860|_벌크_3,100|_중고 | 벌크 + 쿨러_7,870|_벌크_3,100|_중고 | 벌크 + 쿨러_7,880|_벌크_3,100|_중고 | 벌크 + 쿨러_8,060|_벌크_3,440|_중고",3170,3170,3170,3170,3170,3170,3170,3170,3170,3170,3170,3170,3170,3170,3170,3170,3170,3170,3170,3230,3230,3230,3260,3230,3210,3210,3210,3180,3170,3160,3150
17575589,인텔 코어i5-2세대 2300 (샌디브릿지),인텔 코어i5-2세대 2300,샌디브릿지,중고,0,0,0,0,8490,8490,8490,8490,8490,8490,8490,0,0,0,0,8390,0,8290,8290,8290,8290,8290,8390,8290,8290,0,8290,0,0,0,8000
4504388,인텔 코어i5-2세대 2400 (샌디브릿지),인텔 코어i5-2세대 2400,샌디브릿지,중고,9000,9000,9000,9000,9000,9000,9000,9000,9000,9000,9000,9000,9000,9000,9000,9000,9000,9000,9000,9000,9000,9000,9000,9000,9000,9000,9000,9000,9000,9000,9000
1290175,인텔 코어i5-2세대 2500 (샌디브릿지),인텔 코어i5-2세대 2500,샌디브릿지,"_벌크_10,580|_중고 | _벌크_11,490|_중고",8000,8000,8000,8000,8000,8000,8000,8000,8000,8000,8000,8000,9990,10000,10000,10000,10000,10000,10000,10000,10500,10500,11400,10500,10500,10500,10500,10490,10490,10490,10490
4144246,인텔 코어i5-2세대 2500K (샌디브릿지),인텔 코어i5-2세대 2500K,샌디브릿지,중고,12990,12990,12990,12990,12990,12990,12990,12990,12990,12990,12990,12990,12990,12490,12490,12490,12490,12490,12490,12500,12500,12500,12690,12500,12420,12420,12420,12420,12490,12490,12490
1783749,인텔 코어i5-3세대 3330 (아이비브릿지),인텔 코어i5-3세대 3330,아이비브릿지,중고,10700,12490,10700,10700,10700,10700,10700,10700,10700,10700,10700,10700,10700,10700,10700,10700,10700,10700,10700,10700,12000,12000,12990,12000,11960,11960,11960,11960,11990,11990,11990
13395557,인텔 코어i5-3세대 3450 (아이비브릿지),인텔 코어i5-3세대 3450,아이비브릿지,중고,0,0,0,0,0,0,0,0,0,0,0,0,0,0,12390,12390,12390,12390,12390,12390,12000,0,0,0,0,0,0,0,0,0,0
1725177,인텔 코어i5-3세대 3470 (아이비브릿지),인텔 코어i5-3세대 3470,아이비브릿지,중고,11990,11990,11990,11990,11990,11990,11990,11990,11990,11990,11990,11990,10900,10900,10900,10900,10900,10900,10900,10900,10900,10900,10900,11390,11390,11390,11390,11390,11390,11390,11990
4274836,인텔 코어i5-3세대 3550 (아이비브릿지),인텔 코어i5-3세대 3550,아이비브릿지,중고,14790,14790,14790,14790,14790,12990,12990,12990,12990,12990,12990,12990,12990,12990,12990,12990,12990,12990,12990,12990,12990,12990,12340,12340,12340,12340,12340,12340,12340,12340,12990
1720040,인텔 코어i5-3세대 3570 (아이비브릿지),인텔 코어i5-3세대 3570,아이비브릿지,"_벌크 + 쿨러_19,070|벌크_14,720|_중고 | _벌크 + 쿨러_19,070|벌크_14,730|_중고 | _벌크 + 쿨러_19,070|벌크_14,740|_중고 | _벌크 + 쿨러_19,070|벌크_14,750|_중고 | _벌크 + 쿨러_19,070|벌크_14,760|_중고 | _벌크 + 쿨러_19,070|벌크_14,770|_중고 | _벌크 + 쿨러_19,070|벌크_14,890|_중고 | _벌크 + 쿨러_19,070|벌크_14,920|_중고 | _벌크 + 쿨러_19,070|벌크_14,930|_중고 | _벌크 + 쿨러_19,070|벌크_17,870|_중고 | _벌크 + 쿨러_19,250|벌크_15,050|_중고 | _벌크 + 쿨러_19,290|벌크_14,910|_중고 | _벌크 + 쿨러_19,380|벌크_17,870|_중고 | _벌크 + 쿨러_19,410|벌크_17,870|_중고 | _벌크 + 쿨러_19,420|벌크_17,870|_중고 | 벌크 + 쿨러_19,050|_벌크_14,900|_중고 | 벌크 + 쿨러_19,100|_벌크_14,410|_중고 | 벌크 + 쿨러_19,100|_벌크_14,530|_중고 | 벌크 + 쿨러_19,100|_벌크_14,560|_중고 | 벌크 + 쿨러_19,100|_벌크_14,570|_중고 | 벌크 + 쿨러_19,100|_벌크_14,690|_중고 | 벌크 + 쿨러_19,120|_벌크_15,070|_중고 | 벌크 + 쿨러_19,180|_벌크_15,050|_중고 | 벌크 + 쿨러_19,210|_벌크_15,080|_중고 | 벌크 + 쿨러_19,240|_벌크_15,090|_중고 | 벌크 + 쿨러_19,250|_벌크_15,100|_중고 | 벌크 + 쿨러_19,280|_벌크_15,130|_중고 | 벌크 + 쿨러_19,350|_벌크_15,130|_중고",14180,14180,14170,14070,14070,14070,14070,14070,14070,14070,14070,14070,11900,14070,14180,14180,11900,11900,11900,11900,14190,11900,11900,14190,13800,13800,13800,13800,14190,14190,14190
1678805,인텔 코어i5-3세대 3570K (아이비브릿지),인텔 코어i5-3세대 3570K,아이비브릿지,중고,20000,20000,0,20000,20000,19990,19990,19990,19990,19990,19990,19990,19990,19990,19990,19990,19990,19990,19990,19950,19920,19800,18990,18990,18990,18990,18990,18990,18390,18390,18390
6112513,인텔 코어i5-4세대 4430 (하스웰),인텔 코어i5-4세대 4430,하스웰,중고,20990,20990,20990,20990,0,0,20990,20990,20990,20990,20990,20990,20990,20990,20990,20990,20990,20990,20990,20990,20990,20990,23490,20990,20990,20990,20990,20990,20990,20990,20990
6112514,인텔 코어i5-4세대 4440 (하스웰),인텔 코어i5-4세대 4440,하스웰,중고,22790,22790,22790,22790,22990,19990,19990,19990,19990,19990,19990,19990,19990,19990,19990,19990,19990,19990,19990,19990,19990,19990,18990,18990,18990,18990,18990,18990,18390,18390,18390
2691725,인텔 코어i5-4세대 4460 (하스웰 리프레시),인텔 코어i5-4세대 4460,하스웰 리프레시,"_벌크_21,910|_중고 | _벌크_21,920|_중고 | _벌크_21,930|_중고 | _벌크_22,030|_중고 | _벌크_22,080|_중고 | _벌크_22,090|_중고 | _벌크_23,310|_중고 | _벌크_23,430|_중고 | _벌크_23,550|_중고 | _벌크_23,670|_중고 | _벌크_23,800|_중고 | _벌크_23,830|_중고 | _벌크_23,950|_중고 | _벌크_23,980|_중고 | _벌크_23,990|_중고 | _벌크_24,110|_중고 | _벌크_24,220|_중고 | _벌크_24,250|_중고 | _벌크_24,260|_중고 | _벌크_24,270|_중고",20500,20990,20500,20500,20500,20500,20500,20500,20500,20500,20500,20500,20500,20500,20500,20500,20500,20500,20500,20500,20500,20500,21490,20500,20500,20500,20500,20500,20500,20500,20500
2081215,인텔 코어i5-4세대 4570 (하스웰),인텔 코어i5-4세대 4570,하스웰,"_벌크 + 쿨러_26,210|_중고 | _벌크 + 쿨러_26,580|_중고 | _벌크 + 쿨러_26,590|_중고 | _벌크 + 쿨러_26,600|_중고 | _벌크 + 쿨러_26,610|_중고 | _벌크 + 쿨러_26,640|_중고 | _벌크 + 쿨러_26,690|_중고 | _벌크 + 쿨러_26,810|_중고 | _벌크 + 쿨러_26,930|_중고 | _벌크 + 쿨러_27,060|_중고 | _벌크 + 쿨러_27,070|_중고 | _벌크 + 쿨러_27,190|_중고 | _벌크 + 쿨러_27,220|_중고 | _벌크 + 쿨러_27,230|_중고 | _벌크 + 쿨러_27,350|_중고 | _벌크 + 쿨러_27,460|_중고 | _벌크 + 쿨러_28,990|_중고 | _벌크 + 쿨러_29,000|_중고 | _벌크 + 쿨러_29,990|_중고 | _벌크 + 쿨러_30,490|_중고",18900,18900,18900,18900,20690,20690,20690,20690,20690,20690,20690,20690,20690,20690,20690,20690,20690,20690,20690,20690,20690,20690,21990,20690,20240,20240,20690,20690,20690,20690,20690
2783216,인텔 코어i5-4세대 4590 (하스웰 리프레시),인텔 코어i5-4세대 4590,하스웰 리프레시,"_벌크 + 쿨러_26,970|벌크_23,990|_중고 | _벌크 + 쿨러_26,980|벌크_23,990|_중고 | _벌크 + 쿨러_26,990|벌크_23,990|_중고 | _벌크 + 쿨러_27,540|벌크_23,990|_중고 | _벌크 + 쿨러_29,500|벌크_23,670|_중고 | _벌크 + 쿨러_29,500|벌크_25,690|_중고 | _벌크 + 쿨러_30,000|벌크_23,670|_중고 | _벌크 + 쿨러_31,820|벌크_23,670|_중고 | 벌크 + 쿨러_26,220|_벌크_23,990|_중고 | 벌크 + 쿨러_27,000|_벌크_23,990|_중고 | 벌크 + 쿨러_27,540|_벌크_23,990|_중고 | 벌크 + 쿨러_29,500|_벌크_25,690|_중고",20780,20780,20790,20790,20790,20790,20790,20790,20790,20790,20790,20790,20790,20790,20790,20790,20790,20790,20790,20790,20790,20790,21990,20790,20790,20790,20790,20790,20790,20790,20790
2081212,인텔 코어i5-4세대 4670 (하스웰),인텔 코어i5-4세대 4670,하스웰,"벌크 + 쿨러_26,680|_벌크_22,470|_중고 | 벌크 + 쿨러_27,620|_벌크_23,900|_중고 | 벌크 + 쿨러_27,740|_벌크_24,020|_중고 | 벌크 + 쿨러_27,860|_벌크_24,140|_중고 | 벌크 + 쿨러_28,710|_벌크_24,200|_중고 | 벌크 + 쿨러_28,720|_벌크_24,210|_중고 | 벌크 + 쿨러_28,730|_벌크_24,220|_중고 | 벌크 + 쿨러_28,740|_벌크_24,230|_중고 | 벌크 + 쿨러_28,790|_벌크_24,310|_중고 | 벌크 + 쿨러_28,850|_벌크_23,780|_중고 | 벌크 + 쿨러_29,990|_벌크_25,100|_중고 | 벌크 + 쿨러_30,000|_벌크_24,560|_중고 | 벌크 + 쿨러_30,030|_벌크_24,560|_중고 | 벌크 + 쿨러_30,130|_벌크_24,570|_중고 | 벌크 + 쿨러_30,160|_벌크_24,580|_중고 | 벌크 + 쿨러_30,280|_벌크_24,700|_중고 | 벌크 + 쿨러_30,390|_벌크_24,810|_중고 | 벌크 + 쿨러_30,420|_벌크_24,840|_중고 | 벌크 + 쿨러_30,430|_벌크_24,850|_중고 | 벌크 + 쿨러_30,440|_벌크_24,860|_중고 | 벌크 + 쿨러_30,450|_벌크_24,870|_중고 | 벌크 + 쿨러_30,460|_벌크_24,880|_중고 | 벌크 + 쿨러_30,580|_벌크_25,000|_중고 | 벌크 + 쿨러_30,610|_벌크_25,030|_중고 | 벌크 + 쿨러_30,620|_벌크_25,040|_중고 | 벌크 + 쿨러_30,990|_벌크_27,000|_중고",24420,24410,22990,22990,22990,22990,23980,23980,23990,23980,23980,23990,23980,23980,23980,24000,23980,24000,23980,24000,23940,23910,23790,23670,23550,23430,23310,23260,23250,23240,23230
7914022,인텔 코어i5-4세대 4670 + H81 패키지,인텔 코어i5-4세대 4670 + H81 패키지,0,중고,46500,46500,46500,46500,46500,46500,46500,46500,0,0,0,46500,46500,46500,46500,46500,46500,46500,46500,47000,47000,47000,47000,46000,46000,46000,46000,45500,45500,45500,45000
6112593,인텔 코어i5-4세대 4670K (하스웰),인텔 코어i5-4세대 4670K,하스웰,중고,33990,33990,33990,0,0,0,0,0,0,0,0,33990,33990,33990,33990,33990,33990,33990,33990,33990,33990,33990,35250,32990,32990,32990,32990,32990,32990,32990,32990
2691212,인텔 코어i5-4세대 4690 (하스웰 리프레시),인텔 코어i5-4세대 4690,하스웰 리프레시,"_벌크 + 쿨러_28,050|벌크_28,000|_중고 | _벌크 + 쿨러_28,220|벌크_28,000|_중고 | _벌크 + 쿨러_28,310|벌크_28,000|_중고 | _벌크 + 쿨러_28,340|벌크_28,000|_중고 | _벌크 + 쿨러_28,350|벌크_28,000|_중고 | _벌크 + 쿨러_28,380|벌크_28,000|_중고 | _벌크 + 쿨러_28,440|벌크_28,000|_중고 | _벌크 + 쿨러_28,490|벌크_28,000|_중고 | _벌크 + 쿨러_28,510|벌크_29,700|_중고 | _벌크 + 쿨러_28,580|벌크_28,000|_중고 | _벌크 + 쿨러_28,580|벌크_29,680|_중고 | _벌크 + 쿨러_28,590|벌크_28,000|_중고 | _벌크 + 쿨러_29,090|벌크_29,680|_중고 | _벌크 + 쿨러_29,120|벌크_29,680|_중고 | _벌크 + 쿨러_29,130|벌크_29,680|_중고",23490,23490,23500,23490,23490,23490,23490,23490,23490,23490,23690,23690,23500,23490,23490,23490,23490,23400,23400,23400,23400,23400,25490,23390,23390,23390,23390,23380,23380,23380,23380
7914157,인텔 코어i5-4세대 4690 + H81 패키지,인텔 코어i5-4세대 4690 + H81 패키지,0,중고,48830,48830,48830,48830,48830,48830,48830,48830,48830,48830,48830,48830,48830,48830,48830,48830,48830,48830,48830,49350,49350,49350,49350,48300,48300,48300,48300,47780,47780,47780,47250
4143967,인텔 코어i5-4세대 4690K (데빌스캐년),인텔 코어i5-4세대 4690K,데빌스캐년,중고,0,0,0,0,43200,37200,37200,0,37200,37200,37200,37200,37200,37200,37200,37200,37200,37200,37200,37600,37600,37600,37600,0,0,0,0,0,38640,38640,38640
3441763,인텔 코어i5-6세대 6400 (스카이레이크),인텔 코어i5-6세대 6400,스카이레이크,"_벌크 + 쿨러_45,990|벌크_40,070|_중고 | _벌크 + 쿨러_45,990|벌크_40,080|_중고 | _벌크 + 쿨러_45,990|벌크_40,110|_중고 | _벌크 + 쿨러_45,990|벌크_40,210|_중고 | _벌크 + 쿨러_45,990|벌크_40,240|_중고 | _벌크 + 쿨러_45,990|벌크_40,270|_중고 | _벌크 + 쿨러_45,990|벌크_40,280|_중고 | _벌크 + 쿨러_45,990|벌크_40,930|_중고 | _벌크 + 쿨러_45,990|벌크_40,940|_중고 | _벌크 + 쿨러_47,130|벌크_40,940|_중고 | _벌크 + 쿨러_47,140|벌크_40,940|_중고 | 벌크 + 쿨러_43,230|_벌크_38,630|_중고 | 벌크 + 쿨러_43,660|_벌크_38,010|_중고 | 벌크 + 쿨러_43,750|_벌크_38,100|_중고 | 벌크 + 쿨러_43,780|_벌크_38,130|_중고 | 벌크 + 쿨러_43,880|_벌크_38,470|_중고 | 벌크 + 쿨러_43,940|_벌크_38,530|_중고 | 벌크 + 쿨러_45,140|_벌크_39,700|_중고 | 벌크 + 쿨러_45,820|_벌크_39,820|_중고 | 벌크 + 쿨러_45,940|_벌크_39,930|_중고 | 벌크 + 쿨러_45,990|_벌크_40,040|_중고 | 벌크 + 쿨러_45,990|_벌크_40,330|_중고 | 벌크 + 쿨러_45,990|_벌크_40,460|_중고 | 벌크 + 쿨러_45,990|_벌크_40,480|_중고 | 벌크 + 쿨러_45,990|_벌크_40,570|_중고 | 벌크 + 쿨러_45,990|_벌크_40,690|_중고 | 벌크 + 쿨러_45,990|_벌크_40,810|_중고",38790,38790,38790,38790,38790,38790,38790,38790,38790,38790,38790,38790,36900,36900,36900,36900,36900,36900,36900,36900,36900,36900,36850,36850,36850,36850,36850,36850,35690,36900,36900
3412420,인텔 코어i5-6세대 6500 (스카이레이크),인텔 코어i5-6세대 6500,스카이레이크,"_벌크 + 쿨러_44,150|벌크_38,630|해외구매_134,390|_중고 | _벌크 + 쿨러_44,830|벌크_39,220|해외구매_134,390|_중고 | _벌크 + 쿨러_44,840|벌크_39,230|해외구매_134,390|_중고 | _벌크 + 쿨러_44,870|벌크_39,260|해외구매_134,390|_중고 | _벌크 + 쿨러_46,140|벌크_39,370|해외구매_134,390|_중고 | _벌크 + 쿨러_46,280|벌크_41,470|해외구매_134,390|_중고 | _벌크 + 쿨러_46,380|벌크_41,480|해외구매_134,390|_중고 | _벌크 + 쿨러_46,380|벌크_41,490|해외구매_134,390|_중고 | _벌크 + 쿨러_46,380|벌크_41,500|해외구매_134,390|_중고 | _벌크 + 쿨러_46,380|벌크_41,510|해외구매_134,390|_중고 | _벌크 + 쿨러_46,380|벌크_41,520|해외구매_134,390|_중고 | _벌크 + 쿨러_46,380|벌크_41,640|해외구매_134,390|_중고 | _벌크 + 쿨러_46,380|벌크_41,820|해외구매_134,390|_중고 | _벌크 + 쿨러_46,380|벌크_41,850|해외구매_134,390|_중고 | _벌크 + 쿨러_46,380|벌크_41,860|해외구매_134,390|_중고 | 벌크 + 쿨러_44,810|_벌크_39,200|해외구매_134,390|_중고 | 벌크 + 쿨러_44,820|_벌크_39,210|해외구매_134,390|_중고 | 벌크 + 쿨러_46,230|_벌크_39,470|해외구매_134,390|_중고 | 벌크 + 쿨러_46,280|_벌크_41,160|해외구매_134,390|_중고 | 벌크 + 쿨러_46,280|_벌크_41,280|해외구매_134,390|_중고 | 벌크 + 쿨러_46,280|_벌크_41,310|해외구매_134,390|_중고 | 벌크 + 쿨러_46,280|_벌크_41,320|해외구매_134,390|_중고 | 벌크 + 쿨러_46,280|_벌크_41,440|해외구매_134,390|_중고 | 벌크 + 쿨러_46,280|_벌크_41,840|해외구매_134,390|_중고 | 벌크 + 쿨러_46,380|_벌크_41,670|해외구매_134,390|_중고 | 벌크 + 쿨러_46,380|_벌크_41,680|해외구매_134,390|_중고 | 벌크 + 쿨러_46,380|_벌크_41,780|해외구매_134,390|_중고 | 벌크 + 쿨러_46,380|_벌크_41,810|해외구매_134,390|_중고",38790,38790,38790,38790,38790,38790,38790,38790,38790,38790,38790,38790,38790,37990,37990,37990,37990,37990,37990,37990,37990,37990,36090,36090,36090,36090,36090,36090,34950,39900,39900
7914325,인텔 코어i5-6세대 6500 + H110 패키지,인텔 코어i5-6세대 6500 + H110 패키지,0,중고,81380,81380,81380,81380,81380,81380,81380,81380,81380,81380,81380,81380,81380,81380,81380,81380,81380,81380,81380,82250,82250,82250,82250,82250,80500,80500,80500,79630,79630,79630,78750
3412423,인텔 코어i5-6세대 6600 (스카이레이크),인텔 코어i5-6세대 6600,스카이레이크,"_벌크 + 쿨러_46,500|_벌크_41,480|중고 | _벌크 + 쿨러_46,620|_벌크_41,480|중고 | _벌크 + 쿨러_46,850|벌크_41,380|_중고 | _벌크 + 쿨러_46,910|벌크_41,390|_중고 | _벌크 + 쿨러_46,920|_벌크_41,580|중고 | _벌크 + 쿨러_46,930|_벌크_41,580|중고 | _벌크 + 쿨러_46,940|_벌크_41,580|중고 | 벌크 + 쿨러_46,730|_벌크_41,380|_중고 | 벌크 + 쿨러_46,730|_벌크_41,480|_중고 | 벌크 + 쿨러_46,740|_벌크_41,380|_중고 | 벌크 + 쿨러_46,750|_벌크_41,380|_중고 | 벌크 + 쿨러_46,760|_벌크_41,480|_중고 | 벌크 + 쿨러_46,880|_벌크_41,480|_중고 | 벌크 + 쿨러_46,910|_벌크_41,390|_중고 | 벌크 + 쿨러_46,910|_벌크_41,480|_중고 | 벌크 + 쿨러_47,030|_벌크_41,580|_중고 | 벌크 + 쿨러_47,060|_벌크_41,580|_중고 | 벌크 + 쿨러_47,180|_벌크_41,580|_중고 | 벌크 + 쿨러_47,300|_벌크_41,580|_중고 | 벌크 + 쿨러_47,330|_벌크_41,580|_중고 | 벌크 + 쿨러_47,380|_벌크_41,390|_중고 | 벌크 + 쿨러_47,420|_벌크_41,490|_중고 | 벌크 + 쿨러_47,440|_벌크_41,580|_중고 | 벌크 + 쿨러_47,470|_벌크_41,580|_중고 | 벌크 + 쿨러_47,480|_벌크_41,580|_중고 | 벌크 + 쿨러_47,510|_벌크_41,580|_중고 | 벌크 + 쿨러_47,540|_벌크_41,590|_중고 | 벌크 + 쿨러_49,380|_벌크_44,990|_중고",40880,40850,40820,40810,40780,40680,40670,40640,40520,40510,40500,40490,40480,40470,40440,40320,40290,40180,40060,40050,40870,40760,40640,40520,40400,40280,40160,40110,40100,40090,40080
7914409,인텔 코어i5-6세대 6600 + H110 패키지,인텔 코어i5-6세대 6600 + H110 패키지,0,중고,81380,81380,81380,81380,81380,81380,81380,81380,81380,81380,81380,81380,81380,81380,81380,81380,81380,81380,81380,82250,82250,82250,82250,82250,80500,80500,80500,79630,79630,79630,78750
3493041,인텔 코어i5-6세대 6600K (스카이레이크),인텔 코어i5-6세대 6600K,스카이레이크,"벌크 + 쿨러_58,610|_벌크_54,060|_중고 | 벌크 + 쿨러_58,620|_벌크_54,070|_중고 | 벌크 + 쿨러_58,630|_벌크_54,080|_중고 | 벌크 + 쿨러_59,730|_벌크_55,120|_중고 | 벌크 + 쿨러_59,790|_벌크_54,270|_중고 | 벌크 + 쿨러_59,790|_벌크_55,160|_중고 | 벌크 + 쿨러_61,860|_벌크_55,170|_중고 | 벌크 + 쿨러_61,940|_벌크_56,700|_중고 | 벌크 + 쿨러_61,980|_벌크_55,980|_중고 | 벌크 + 쿨러_62,060|_벌크_56,820|_중고 | 벌크 + 쿨러_62,090|_벌크_56,850|_중고 | 벌크 + 쿨러_62,100|_벌크_56,860|_중고 | 벌크 + 쿨러_62,220|_벌크_56,980|_중고 | 벌크 + 쿨러_62,250|_벌크_57,010|_중고 | 벌크 + 쿨러_62,260|_벌크_57,020|_중고 | 벌크 + 쿨러_62,270|_벌크_57,030|_중고 | 벌크 + 쿨러_62,280|_벌크_57,040|_중고 | 벌크 + 쿨러_62,290|_벌크_57,050|_중고 | 벌크 + 쿨러_62,300|_벌크_56,720|_중고 | 벌크 + 쿨러_62,300|_벌크_57,060|_중고 | 벌크 + 쿨러_62,420|_벌크_57,180|_중고 | 벌크 + 쿨러_62,450|_벌크_57,210|_중고 | 벌크 + 쿨러_62,460|_벌크_57,220|_중고 | 벌크 + 쿨러_62,560|_벌크_57,320|_중고 | 벌크 + 쿨러_62,590|_벌크_57,350|_중고 | 벌크 + 쿨러_62,600|_벌크_57,360|_중고 | 벌크 + 쿨러_62,630|_벌크_57,390|_중고 | 벌크 + 쿨러_62,640|_벌크_57,400|_중고",56290,56290,56290,56290,56290,56290,56290,56290,56290,56290,56290,56290,56290,56290,56290,56290,56290,56290,56290,56290,56290,56290,56290,54280,51860,51860,51860,51860,56290,56290,56290
4881012,인텔 코어i5-7세대 7400 (카비레이크),인텔 코어i5-7세대 7400,카비레이크,"_벌크 + 쿨러_53,350|벌크_59,540|_중고 | _벌크 + 쿨러_54,060|벌크_56,090|_중고 | _벌크 + 쿨러_54,160|벌크_59,540|_중고 | _벌크 + 쿨러_54,220|벌크_59,540|_중고 | _벌크 + 쿨러_54,340|벌크_59,540|_중고 | _벌크 + 쿨러_54,420|벌크_59,540|_중고 | _벌크 + 쿨러_54,540|벌크_59,540|_중고 | _벌크 + 쿨러_54,670|벌크_59,540|_중고 | _벌크 + 쿨러_54,680|벌크_59,540|_중고 | _벌크 + 쿨러_54,800|벌크_59,540|_중고 | _벌크 + 쿨러_54,910|벌크_59,540|_중고 | _벌크 + 쿨러_54,940|벌크_59,540|_중고 | _벌크 + 쿨러_55,710|벌크_51,000|_중고 | _벌크 + 쿨러_55,720|벌크_51,000|_중고 | _벌크 + 쿨러_55,820|벌크_51,000|_중고 | _벌크 + 쿨러_55,850|벌크_51,000|_중고 | _벌크 + 쿨러_55,860|벌크_51,000|_중고 | _벌크 + 쿨러_55,970|벌크_59,540|_중고 | _벌크 + 쿨러_60,890|벌크_51,000|_중고 | 벌크 + 쿨러_54,040|_벌크_56,070|_중고 | 벌크 + 쿨러_54,050|_벌크_56,080|_중고 | 벌크 + 쿨러_55,050|_벌크_59,540|_중고 | 벌크 + 쿨러_55,170|_벌크_59,520|_중고 | 벌크 + 쿨러_55,200|_벌크_59,540|_중고 | 벌크 + 쿨러_55,300|_벌크_59,540|_중고 | 벌크 + 쿨러_55,410|_벌크_59,540|_중고 | 벌크 + 쿨러_55,530|_벌크_59,540|_중고 | 벌크 + 쿨러_55,560|_벌크_51,000|_중고 | 벌크 + 쿨러_55,680|_벌크_51,000|_중고",48990,48950,48920,48910,48880,48970,48870,48990,48960,48950,48940,48930,48920,48910,48880,48970,48870,48970,48870,48870,48990,48960,50850,48890,48670,48550,48430,48380,48370,48360,48350
4866526,인텔 코어i5-7세대 7500 (카비레이크),인텔 코어i5-7세대 7500,카비레이크,"_벌크 + 쿨러_56,110|벌크_54,990|_중고 | _벌크 + 쿨러_56,870|벌크_54,990|_중고 | _벌크 + 쿨러_56,960|벌크_54,990|_중고 | _벌크 + 쿨러_56,990|벌크_54,990|_중고 | _벌크 + 쿨러_57,000|벌크_54,990|_중고 | _벌크 + 쿨러_57,030|벌크_54,990|_중고 | _벌크 + 쿨러_57,330|벌크_56,990|_중고 | _벌크 + 쿨러_57,710|벌크_54,990|_중고 | _벌크 + 쿨러_58,140|벌크_54,990|_중고 | _벌크 + 쿨러_58,260|벌크_54,990|_중고 | _벌크 + 쿨러_58,380|벌크_54,990|_중고 | _벌크 + 쿨러_58,510|벌크_54,990|_중고 | _벌크 + 쿨러_58,520|벌크_54,990|_중고 | _벌크 + 쿨러_58,550|벌크_54,990|_중고 | _벌크 + 쿨러_58,650|벌크_54,990|_중고 | _벌크 + 쿨러_58,680|벌크_54,990|_중고 | _벌크 + 쿨러_58,880|벌크_56,990|_중고 | _벌크 + 쿨러_58,890|벌크_56,990|_중고 | _벌크 + 쿨러_58,900|벌크_56,990|_중고 | _벌크 + 쿨러_59,020|벌크_56,990|_중고 | _벌크 + 쿨러_59,050|벌크_56,990|_중고 | _벌크 + 쿨러_59,060|벌크_56,990|_중고 | _벌크 + 쿨러_59,160|벌크_56,990|_중고 | _벌크 + 쿨러_59,190|벌크_56,990|_중고 | _벌크 + 쿨러_59,200|벌크_56,990|_중고 | _벌크 + 쿨러_59,380|벌크_59,490|_중고 | 벌크 + 쿨러_58,800|_벌크_54,990|_중고 | 벌크 + 쿨러_58,830|_벌크_54,990|_중고 | 벌크 + 쿨러_58,860|_벌크_56,990|_중고 | 벌크 + 쿨러_58,870|_벌크_56,990|_중고",51020,51020,51030,51020,51020,51020,51020,51020,51020,51020,51020,49990,49990,49990,49990,49990,49980,49980,49980,49990,49990,49990,53220,49990,49990,49990,49990,49980,49980,49980,51900
4820379,인텔 코어i5-7세대 7600 (카비레이크),인텔 코어i5-7세대 7600,카비레이크,"_벌크_55,000|_중고 | _벌크_58,390|해외구매_74,210|_중고 | _벌크_58,420|해외구매_74,210|_중고 | _벌크_58,520|해외구매_74,210|_중고 | _벌크_58,540|해외구매_74,210|_중고 | _벌크_58,640|해외구매_74,210|_중고 | _벌크_58,660|해외구매_74,210|_중고 | _벌크_58,780|해외구매_74,210|_중고 | _벌크_58,900|해외구매_74,210|_중고 | _벌크_59,010|해외구매_72,120|_중고 | _벌크_59,130|_중고 | _벌크_61,000|해외구매_74,210|_중고 | _벌크_62,600|해외구매_67,630|_중고 | _벌크_62,600|해외구매_74,210|_중고",51410,51410,51410,51410,51410,51410,51410,51410,51410,51410,51410,51410,51410,51410,51410,51410,51410,51410,51410,52540,52540,52540,52820,52820,52820,52820,52820,52780,52680,52670,52660
7812139,인텔 코어i5-7세대 7600K (카비레이크),인텔 코어i5-7세대 7600K,카비레이크,중고,0,0,0,0,0,0,0,112500,112500,112500,112500,112500,112500,112500,112500,112500,112500,0,0,0,0,0,0,0,0,0,0,0,0,112500,112500
5530356,인텔 코어i5-8세대 8400 (커피레이크),인텔 코어i5-8세대 8400,커피레이크,"_정품_343,200|병행수입 박스_273,810|_벌크 + 쿨러_79,320|벌크_78,890|중고 | _정품_343,200|병행수입 박스_273,810|_벌크 + 쿨러_79,330|벌크_78,890|중고 | _정품_343,200|병행수입 박스_273,810|_벌크 + 쿨러_79,340|벌크_78,890|중고 | _정품_343,200|병행수입 박스_273,810|_벌크 + 쿨러_79,350|벌크_78,890|중고 | _정품_343,200|병행수입 박스_273,810|_벌크 + 쿨러_79,380|벌크_78,890|중고 | _정품_343,200|병행수입 박스_273,810|벌크 + 쿨러_78,180|벌크_72,660|_중고 | _정품_343,200|병행수입 박스_273,810|벌크 + 쿨러_80,070|벌크_81,990|_중고 | _정품_343,200|병행수입 박스_273,810|벌크 + 쿨러_80,070|벌크_85,340|_중고 | _정품_343,200|병행수입 박스_273,810|벌크 + 쿨러_80,200|벌크_78,890|_중고 | _정품_343,200|병행수입 박스_273,810|벌크 + 쿨러_80,230|벌크_78,890|_중고 | _정품_343,200|병행수입 박스_273,810|벌크 + 쿨러_80,280|벌크_81,990|_중고",72120,72110,72080,72070,74380,74370,74360,74330,74210,74200,74190,74180,74170,74160,74130,74010,74000,73970,73850,73840,73810,73690,73560,73210,69000,69000,69000,69000,72590,72580,72570
6020667,인텔 코어i5-8세대 8500 (커피레이크),인텔 코어i5-8세대 8500,커피레이크,"_정품_440,470|_벌크 + 쿨러_78,190|벌크_72,680|해외구매_95,430|중고 | _정품_440,470|_벌크 + 쿨러_79,410|벌크_78,990|해외구매_99,530|중고 | _정품_440,470|_벌크 + 쿨러_79,420|벌크_78,990|해외구매_99,530|중고 | _정품_440,470|_벌크 + 쿨러_79,430|벌크_78,990|해외구매_99,540|중고 | _정품_440,470|_벌크 + 쿨러_79,440|벌크_75,440|해외구매_95,430|중고 | _정품_440,470|_벌크 + 쿨러_81,890|벌크_83,990|중고 | _정품_440,470|_벌크 + 쿨러_81,890|벌크_83,990|해외구매_99,360|중고 | _정품_440,470|_벌크 + 쿨러_81,890|벌크_83,990|해외구매_99,480|중고 | _정품_440,470|_벌크 + 쿨러_81,890|벌크_83,990|해외구매_99,510|중고 | _정품_440,470|_벌크 + 쿨러_81,890|벌크_83,990|해외구매_99,520|중고 | _정품_440,470|_벌크 + 쿨러_81,890|벌크_83,990|해외구매_99,550|중고 | _정품_440,470|_벌크 + 쿨러_81,890|벌크_83,990|해외구매_99,560|중고 | _정품_440,470|_벌크 + 쿨러_82,780|벌크_83,990|해외구매_99,320|중고 | _정품_440,470|_벌크 + 쿨러_82,780|벌크_83,990|해외구매_99,350|중고 | _정품_440,470|벌크 + 쿨러_78,190|벌크_72,680|해외구매_95,430|_중고 | _정품_440,470|벌크 + 쿨러_79,470|벌크_75,440|해외구매_95,430|_중고 | _정품_440,470|벌크 + 쿨러_80,600|벌크_78,990|해외구매_98,960|_중고 | _정품_440,470|벌크 + 쿨러_80,720|벌크_78,990|해외구매_99,080|_중고 | _정품_440,470|벌크 + 쿨러_81,890|벌크_83,990|_중고 | _정품_440,470|벌크 + 쿨러_81,890|벌크_83,990|_해외구매_93,650|중고 | _정품_440,470|벌크 + 쿨러_81,890|벌크_83,990|해외구매_93,650|_중고 | _정품_440,470|벌크 + 쿨러_82,780|벌크_83,990|해외구매_99,200|_중고",75980,75980,75990,75980,75980,75980,75980,75980,76890,76890,76890,76790,76790,76790,76790,76780,76690,76690,76690,76690,76690,76690,78990,75440,75440,75440,75440,75440,75990,75990,75990
6020678,인텔 코어i5-8세대 8600 (커피레이크),인텔 코어i5-8세대 8600,커피레이크,"_정품_452,370|벌크 + 쿨러_101,250|_벌크 | _정품_452,370|벌크 + 쿨러_96,490|_벌크 | _정품_452,370|벌크 + 쿨러_97,380|_벌크 | _정품_452,370|벌크 + 쿨러_97,390|_벌크 | _정품_452,370|벌크 + 쿨러_99,740|_벌크",95430,95430,95430,95430,95430,95430,95430,95430,95430,95430,95430,95430,95430,95430,95430,95430,95430,95430,95430,95430,95430,95430,95430,95430,95430,95430,95430,95430,95430,95430,95430
5614286,인텔 코어i5-8세대 8600K (커피레이크),인텔 코어i5-8세대 8600K,커피레이크,"_벌크 + 쿨러_124,350|_벌크 | _벌크 + 쿨러_124,351|_벌크 | _벌크 + 쿨러_125,610|_벌크 | _벌크 + 쿨러_127,120|_벌크 | _벌크 + 쿨러_128,370|_벌크 | _벌크 + 쿨러_128,740|_벌크 | _벌크 + 쿨러_128,750|_벌크 | _벌크 + 쿨러_128,760|_벌크 | _벌크 + 쿨러_128,860|_벌크 | _벌크 + 쿨러_128,920|_벌크 | _벌크 + 쿨러_129,060|_벌크",99620,99620,99620,99620,99620,99620,99620,99620,99620,99620,99620,99620,99620,99620,99620,99620,99620,99620,99620,99620,99620,99620,99620,99620,99620,99620,99620,99620,99620,99620,99620
11016699,인텔 코어i5-9세대 9400 (커피레이크-R),인텔 코어i5-9세대 9400,커피레이크-R,"_벌크 + 쿨러_117,290|_벌크_110,030|해외구매 | _벌크 + 쿨러_117,710|_벌크_110,030|해외구매 | _벌크 + 쿨러_119,360|_벌크_110,030|해외구매 | _벌크 + 쿨러_120,230|_벌크_110,030|해외구매 | _벌크 + 쿨러_122,750|_벌크_110,030|해외구매 | _벌크 + 쿨러_122,840|_벌크_110,030|해외구매 | _벌크 + 쿨러_122,850|_벌크_110,030|해외구매 | _벌크 + 쿨러_122,930|_벌크_110,030|해외구매 | _벌크 + 쿨러_124,060|_벌크_110,030|해외구매 | _벌크 + 쿨러_128,410|_벌크_110,030|해외구매 | _벌크 + 쿨러_129,573|_벌크_110,030|해외구매 | _벌크 + 쿨러_132,810|_벌크 | _벌크 + 쿨러_169,850|_벌크_110,030|해외구매 | _벌크 + 쿨러_260,000|_벌크_110,030|해외구매 | 벌크 + 쿨러_121,790|_벌크_110,030|_해외구매 | 벌크 + 쿨러_125,280|_벌크_110,030|_해외구매 | 벌크 + 쿨러_169,850|_벌크_110,030|_해외구매",110030,110030,110030,110030,110030,132560,132560,132560,132560,132560,132560,132560,132560,132560,132560,132560,132560,132560,132560,132560,132560,132560,132560,132560,120800,120800,120800,120800,132560,132560,132560
7059166,인텔 코어i5-9세대 9400F (커피레이크-R),인텔 코어i5-9세대 9400F,커피레이크-R,"_정품_218,130|병행수입 박스_217,610|벌크 + 쿨러_71,090|벌크_65,990|해외구매_67,730|_중고 | _정품_218,130|병행수입 박스_217,610|벌크 + 쿨러_71,120|벌크_65,990|해외구매_67,730|_중고 | _정품_218,130|병행수입 박스_217,610|벌크 + 쿨러_71,220|벌크_67,990|해외구매_67,730|_중고 | _정품_218,130|병행수입 박스_217,610|벌크 + 쿨러_72,200|벌크_67,990|해외구매_67,730|_중고 | _정품_218,130|병행수입 박스_217,610|벌크 + 쿨러_72,320|벌크_68,990|해외구매_67,730|_중고 | _정품_218,130|병행수입 박스_217,610|벌크 + 쿨러_72,370|벌크_68,990|해외구매_67,730|_중고 | _정품_218,130|병행수입 박스_217,610|벌크 + 쿨러_72,380|벌크_68,990|해외구매_67,730|_중고 | _정품_218,130|병행수입 박스_217,610|벌크 + 쿨러_72,390|벌크_68,990|해외구매_67,730|_중고 | _정품_218,130|병행수입 박스_217,610|벌크 + 쿨러_72,400|벌크_68,990|해외구매_67,730|_중고 | _정품_218,130|병행수입 박스_217,610|벌크 + 쿨러_72,520|벌크_68,990|해외구매_67,280|_중고 | _정품_218,130|병행수입 박스_217,610|벌크 + 쿨러_72,550|벌크_68,990|해외구매_67,280|_중고 | _정품_218,130|병행수입 박스_217,610|벌크 + 쿨러_72,560|벌크_68,990|해외구매_65,760|_중고 | _정품_218,130|병행수입 박스_217,610|벌크 + 쿨러_72,660|벌크_68,990|_중고 | _정품_218,130|병행수입 박스_217,610|벌크 + 쿨러_72,690|벌크_68,990|_중고 | _정품_218,130|병행수입 박스_217,610|벌크 + 쿨러_72,700|벌크_68,990|_중고 | _정품_218,130|병행수입 박스_217,610|벌크 + 쿨러_72,820|벌크_69,890|_중고 | _정품_218,130|병행수입 박스_217,610|벌크 + 쿨러_73,880|벌크_69,890|_중고 | _정품_218,140|병행수입 박스_217,610|벌크 + 쿨러_72,350|벌크_68,990|해외구매_67,730|_중고 | _정품_218,140|병행수입 박스_217,610|벌크 + 쿨러_72,360|벌크_68,990|해외구매_67,730|_중고 | _정품_218,400|병행수입 박스_217,880|_벌크 + 쿨러_68,070|벌크_62,560|해외구매_65,100|중고 | _정품_218,400|병행수입 박스_217,880|_벌크 + 쿨러_69,810|벌크_65,990|해외구매_67,730|중고 | _정품_218,400|병행수입 박스_217,880|_벌크 + 쿨러_70,810|벌크_67,990|해외구매_67,730|중고 | _정품_218,400|병행수입 박스_217,880|벌크 + 쿨러_67,810|_벌크_64,690|해외구매_67,730|중고 | _정품_218,400|병행수입 박스_217,880|벌크 + 쿨러_67,900|_벌크_65,990|해외구매_67,730|중고 | _정품_218,400|병행수입 박스_217,880|벌크 + 쿨러_67,930|_벌크_65,990|해외구매_67,730|중고 | _정품_218,400|병행수입 박스_217,880|벌크 + 쿨러_68,030|_벌크_62,560|해외구매_67,730|중고 | _정품_218,400|병행수입 박스_217,880|벌크 + 쿨러_68,070|_벌크_62,560|해외구매_67,730|중고 | _정품_218,400|병행수입 박스_217,880|벌크 + 쿨러_70,930|벌크_65,990|해외구매_67,730|_중고 | _정품_218,400|병행수입 박스_217,880|벌크 + 쿨러_71,050|벌크_65,990|해외구매_67,730|_중고 | _정품_218,400|병행수입 박스_217,880|벌크 + 쿨러_71,080|벌크_65,990|해외구매_67,730|_중고",61630,61550,61430,61420,61390,61290,61280,61250,61130,61110,61010,60990,60890,60860,60490,60490,60500,60960,61240,62580,62580,62580,62920,62920,62550,62550,62550,62520,62510,62500,61800
10728462,인텔 코어i5-9세대 9500 (커피레이크-R),인텔 코어i5-9세대 9500,커피레이크-R,"_벌크 + 쿨러_113,790|_벌크_114,460|해외구매_255,100|중고 | _벌크 + 쿨러_113,880|_벌크_114,460|해외구매_255,100|중고 | _벌크 + 쿨러_113,910|_벌크_114,460|해외구매_255,100|중고 | _벌크 + 쿨러_114,010|_벌크_114,460|해외구매_255,100|중고 | _벌크 + 쿨러_114,070|_벌크_114,460|해외구매_255,100|중고 | _벌크 + 쿨러_116,610|_벌크_114,460|해외구매_255,100|중고 | _벌크 + 쿨러_130,760|_벌크_112,590|해외구매_255,100|중고 | _벌크 + 쿨러_130,790|_벌크_112,590|해외구매_255,100|중고 | _벌크 + 쿨러_130,890|_벌크_112,590|해외구매_255,100|중고 | _벌크 + 쿨러_130,920|_벌크_112,590|해외구매_255,100|중고 | _벌크 + 쿨러_131,040|_벌크_112,590|해외구매_255,100|중고 | _벌크 + 쿨러_131,070|_벌크_112,590|해외구매_259,000|중고 | _벌크 + 쿨러_131,080|_벌크_112,590|해외구매_259,000|중고 | _벌크 + 쿨러_131,090|_벌크_112,590|해외구매_259,000|중고 | _벌크 + 쿨러_131,100|_벌크_112,590|해외구매_259,000|중고 | _벌크 + 쿨러_131,110|_벌크_112,590|해외구매_259,000|중고 | _벌크 + 쿨러_131,120|_벌크_112,590|해외구매_259,000|중고 | _벌크 + 쿨러_131,240|_벌크_112,590|해외구매_259,000|중고 | _벌크 + 쿨러_131,270|_벌크_112,590|해외구매_261,100|중고 | _벌크 + 쿨러_131,280|_벌크_112,590|해외구매_261,100|중고 | _벌크 + 쿨러_131,380|벌크_112,590|_중고 | _벌크 + 쿨러_131,410|_벌크_112,590|중고 | _벌크 + 쿨러_131,420|벌크_112,590|_중고 | _벌크 + 쿨러_131,450|벌크_112,590|_중고 | _벌크 + 쿨러_131,460|벌크_112,590|_중고 | _벌크 + 쿨러_131,990|_벌크_112,590|해외구매_255,100|중고 | _벌크 + 쿨러_132,760|_벌크_114,460|해외구매_255,100|중고",99380,99370,99340,99330,99300,99200,99860,99770,99870,99870,99870,99870,99870,99870,99870,99870,99870,99870,99870,99890,102060,102060,102610,111100,111100,111100,111100,111090,111090,111090,111090
8351067,인텔 코어i5-9세대 9500F (커피레이크-R),인텔 코어i5-9세대 9500F,커피레이크-R,"_벌크 + 쿨러_106,500|_벌크 | _벌크 + 쿨러_106,510|_벌크 | _벌크 + 쿨러_106,540|_벌크 | _벌크 + 쿨러_106,550|_벌크 | _벌크 + 쿨러_106,610|_벌크 | _벌크 + 쿨러_106,710|_벌크 | _벌크 + 쿨러_109,620|_벌크 | _벌크 + 쿨러_111,250|_벌크 | _벌크 + 쿨러_111,370|_벌크 | _벌크 + 쿨러_111,490|_벌크 | _벌크 + 쿨러_111,520|_벌크 | _벌크 + 쿨러_111,530|_벌크 | _벌크 + 쿨러_111,650|_벌크 | _벌크 + 쿨러_111,760|_벌크 | _벌크 + 쿨러_111,790|_벌크 | _벌크 + 쿨러_111,820|_벌크 | _벌크 + 쿨러_111,920|_벌크 | _벌크 + 쿨러_111,950|_벌크 | _벌크 + 쿨러_111,960|_벌크 | _벌크 + 쿨러_111,970|_벌크 | _벌크 + 쿨러_111,980|_벌크 | _벌크 + 쿨러_111,990|_벌크 | _벌크 + 쿨러_112,110|_벌크 | _벌크 + 쿨러_112,140|_벌크 | _벌크 + 쿨러_112,150|_벌크 | _벌크 + 쿨러_112,250|_벌크 | _벌크 + 쿨러_112,280|_벌크 | _벌크 + 쿨러_112,290|_벌크 | _벌크 + 쿨러_112,320|_벌크 | _벌크 + 쿨러_112,330|_벌크",109180,109180,109180,109180,109180,109180,108310,108310,108310,108310,109180,109180,109180,109180,109180,109180,109180,109180,109180,109180,109180,109180,109180,109180,109180,109180,109180,109180,109180,110240,110240
11171871,인텔 코어i5-9세대 9600 (커피레이크-R),인텔 코어i5-9세대 9600,커피레이크-R,벌크,0,120440,117720,117720,117720,117720,117720,117720,117720,117720,117720,117720,0,0,0,0,0,0,0,0,0,0,0,0,0,0,0,0,0,0,0
11171952,인텔 코어i5-9세대 9600 (커피레이크-R),인텔 코어i5-9세대 9600,커피레이크-R,"_벌크 + 쿨러_157,040|_벌크 | _벌크 + 쿨러_157,500|_벌크 | _벌크 + 쿨러_161,210|_벌크",0,0,0,0,0,0,0,0,0,0,0,0,117720,117720,117720,117720,117720,117720,117720,117720,117720,117720,125350,117720,117720,117720,117720,117720,117720,117720,117720
6557909,인텔 코어i5-9세대 9600K (커피레이크-R),인텔 코어i5-9세대 9600K,커피레이크-R,"병행수입 박스_287,000|_벌크 + 쿨러_118,860|벌크_106,340|해외구매_118,090|_중고 | 병행수입 박스_287,000|_벌크 + 쿨러_118,890|벌크_106,340|해외구매_118,090|_중고 | 병행수입 박스_287,000|_벌크 + 쿨러_118,990|벌크_106,340|해외구매_118,090|_중고 | 병행수입 박스_287,000|_벌크 + 쿨러_119,020|벌크_106,340|해외구매_118,090|_중고 | 병행수입 박스_287,000|_벌크 + 쿨러_119,140|벌크_106,340|해외구매_118,090|_중고 | 병행수입 박스_287,000|_벌크 + 쿨러_119,250|벌크_106,340|해외구매_118,090|_중고 | 병행수입 박스_287,000|_벌크 + 쿨러_119,280|벌크_106,340|해외구매_118,090|_중고 | 병행수입 박스_287,000|_벌크 + 쿨러_119,380|벌크_106,340|해외구매_118,090|_중고 | 병행수입 박스_287,000|_벌크 + 쿨러_120,260|벌크_106,340|해외구매_118,100|_중고 | 병행수입 박스_287,000|_벌크 + 쿨러_120,930|벌크_106,340|_중고 | 병행수입 박스_287,000|_벌크 + 쿨러_120,930|벌크_106,340|해외구매_118,100|_중고 | 병행수입 박스_287,000|_벌크 + 쿨러_120,930|벌크_108,160|해외구매_118,100|_중고 | 병행수입 박스_287,000|_벌크 + 쿨러_120,930|벌크_114,400|해외구매_118,100|_중고 | 병행수입 박스_287,000|벌크 + 쿨러_119,400|_벌크_106,340|해외구매_118,090|_중고 | 병행수입 박스_287,000|벌크 + 쿨러_119,410|_벌크_106,340|해외구매_118,090|_중고 | 병행수입 박스_287,000|벌크 + 쿨러_119,420|_벌크_106,340|해외구매_118,090|_중고 | 병행수입 박스_287,000|벌크 + 쿨러_119,530|_벌크_106,340|해외구매_118,090|_중고 | 병행수입 박스_287,000|벌크 + 쿨러_119,650|_벌크_106,340|해외구매_118,090|_중고 | 병행수입 박스_287,000|벌크 + 쿨러_119,660|_벌크_106,340|해외구매_118,100|_중고 | 병행수입 박스_287,000|벌크 + 쿨러_120,930|_벌크_106,340|_중고 | 병행수입 박스_287,000|벌크 + 쿨러_120,930|_벌크_108,160|해외구매_117,920|_중고 | 병행수입 박스_287,000|벌크 + 쿨러_120,930|_벌크_108,160|해외구매_118,100|_중고 | 병행수입 박스_287,000|벌크 + 쿨러_122,050|_벌크_109,960|해외구매_129,260|_중고 | 병행수입 박스_287,000|벌크 + 쿨러_122,760|_벌크_108,160|해외구매_118,090|_중고 | 병행수입 박스_287,000|벌크 + 쿨러_122,990|_벌크_109,970|해외구매_118,090|_중고 | 병행수입 박스_287,000|벌크 + 쿨러_123,000|_벌크_108,170|해외구매_118,090|_중고",83400,83390,83360,83350,83320,83220,83210,83180,83060,83050,83040,83030,83020,82990,82890,82860,82850,82820,82700,84110,84110,84110,84570,84570,83290,83290,84570,84540,84530,84500,84410
7565248,인텔 코어i5-9세대 9600KF (커피레이크-R),인텔 코어i5-9세대 9600KF,커피레이크-R,"_정품_259,800|병행수입 박스_282,450|벌크 + 쿨러_99,550|_벌크_89,020|중고_68,400|해외구매 | _정품_259,810|병행수입 박스_282,450|벌크 + 쿨러_99,550|_벌크_89,020|해외구매 | _정품_259,920|병행수입 박스_282,450|벌크 + 쿨러_99,550|_벌크_89,020|해외구매 | _정품_259,950|병행수입 박스_282,450|벌크 + 쿨러_99,550|_벌크_89,020|해외구매 | _정품_259,990|병행수입 박스_282,080|벌크 + 쿨러_132,900|_벌크_87,570|해외구매 | _정품_259,990|병행수입 박스_282,100|벌크 + 쿨러_101,550|_벌크_87,570|해외구매 | _정품_259,990|병행수입 박스_282,100|벌크 + 쿨러_132,900|_벌크_87,570|해외구매 | _정품_259,990|병행수입 박스_282,110|벌크 + 쿨러_101,550|_벌크_87,570|해외구매 | _정품_259,990|병행수입 박스_282,450|벌크 + 쿨러_101,550|_벌크_87,570|해외구매 | _정품_259,990|병행수입 박스_282,450|벌크 + 쿨러_99,550|_벌크_89,020|해외구매 | _정품_259,990|병행수입 박스_282,450|벌크 + 쿨러_99,560|_벌크_89,020|해외구매 | _정품_260,000|병행수입 박스_282,100|벌크 + 쿨러_132,900|_벌크_87,570|해외구매 | _정품_260,000|병행수입 박스_282,120|벌크 + 쿨러_132,900|_벌크_87,570|해외구매 | _정품_260,000|병행수입 박스_282,240|벌크 + 쿨러_132,900|_벌크_87,570|해외구매 | _정품_260,000|병행수입 박스_282,350|벌크 + 쿨러_132,900|_벌크_87,570|해외구매 | _정품_260,000|병행수입 박스_282,380|벌크 + 쿨러_132,900|_벌크 | _정품_260,000|병행수입 박스_282,390|벌크 + 쿨러_132,900|_벌크 | _정품_260,000|병행수입 박스_282,400|벌크 + 쿨러_132,900|_벌크 | _정품_260,000|병행수입 박스_282,420|벌크 + 쿨러_132,900|_벌크 | _정품_268,440|병행수입 박스_282,410|벌크 + 쿨러_132,900|_벌크 | _정품_275,820|병행수입 박스_282,450|벌크 + 쿨러_101,550|_벌크_89,020|해외구매",87570,87570,87570,87570,87570,86320,87230,87130,87100,87070,86980,86970,86970,87230,87130,87100,87070,86970,87210,87110,87000,87220,87100,86980,83600,83600,83600,83600,89870,89860,89850
11405586,인텔 코어i7-10세대 10700 (코멧레이크S),인텔 코어i7-10세대 10700,코멧레이크S,"_정품_420,000|_벌크 + 쿨러_346,280|벌크_342,300|해외구매_344,000|중고 | _정품_420,000|_벌크 + 쿨러_359,950|벌크_354,630|해외구매_344,000|중고 | _정품_420,000|_벌크 + 쿨러_387,800|벌크_400,000|해외구매_344,000|중고 | _정품_420,000|_벌크 + 쿨러_391,170|벌크_400,000|해외구매_344,000|중고 | _정품_420,000|벌크 + 쿨러_346,280|_벌크_341,090|해외구매_344,000|중고 | _정품_420,000|벌크 + 쿨러_354,750|_벌크_342,470|해외구매_344,000|중고 | _정품_420,000|벌크 + 쿨러_359,950|벌크_354,630|_해외구매_344,000|중고 | _정품_420,000|벌크 + 쿨러_359,960|_벌크_354,630|해외구매_344,000|중고 | _정품_420,000|벌크 + 쿨러_360,000|벌크_400,000|해외구매_344,000|_중고 | _정품_420,000|벌크 + 쿨러_361,980|벌크_400,000|해외구매_344,000|_중고 | _정품_420,000|벌크 + 쿨러_366,450|벌크_400,000|해외구매_344,000|_중고 | _정품_420,000|벌크 + 쿨러_391,170|_벌크_348,390|해외구매_344,000|중고 | _정품_420,000|벌크 + 쿨러_391,170|_벌크_400,000|해외구매_344,000|중고 | _정품_420,000|벌크 + 쿨러_391,170|벌크_400,000|해외구매_344,000|_중고 | _정품_557,140|벌크 + 쿨러_346,280|_벌크_341,090|해외구매_344,000|중고 | _정품_557,140|벌크 + 쿨러_361,980|벌크_340,000|해외구매_344,000|_중고 | _정품_557,140|벌크 + 쿨러_361,980|벌크_400,000|해외구매_344,000|_중고",295000,295000,295000,295000,295000,380000,380000,380000,380000,390000,390000,390000,390000,390000,390000,390000,390000,390000,390000,390000,390000,390000,379500,379500,379500,379500,379500,390000,390000,390000,390000
11646593,인텔 코어i7-10세대 10700F (코멧레이크S),인텔 코어i7-10세대 10700F,코멧레이크S,"_정품_305,170|벌크 + 쿨러_285,750|_벌크 | _정품_305,170|벌크 + 쿨러_285,750|_벌크_289,570|해외구매 | _정품_305,170|벌크 + 쿨러_285,750|벌크_289,570|_해외구매 | _정품_305,170|벌크 + 쿨러_294,730|벌크_289,570|_해외구매 | _정품_308,700|_벌크 + 쿨러_285,750|벌크 | _정품_308,700|벌크 + 쿨러_285,750|_벌크 | _정품_308,700|벌크 + 쿨러_298,200|벌크_292,950|_해외구매",292950,292950,292950,292950,289570,229000,229000,229000,229000,229000,229000,229000,229000,229000,229000,229000,229000,229000,229000,229000,229000,229000,222100,222100,222100,222100,222100,222100,222100,222100,222100
11308485,인텔 코어i7-10세대 10700K (코멧레이크S),인텔 코어i7-10세대 10700K,코멧레이크S,"_정품_425,120|_벌크 + 쿨러_338,300|벌크 | _정품_425,120|벌크 + 쿨러_338,300|_벌크 | _정품_428,380|벌크 + 쿨러_338,300|_벌크 | _정품_428,500|벌크 + 쿨러_338,300|_벌크 | _정품_428,610|벌크 + 쿨러_338,300|_벌크 | _정품_428,640|_벌크 + 쿨러_338,300|벌크 | _정품_428,760|_벌크 + 쿨러_338,300|벌크 | _정품_428,790|_벌크 + 쿨러_338,300|벌크 | _정품_428,800|_벌크 + 쿨러_335,190|벌크 | _정품_428,810|_벌크 + 쿨러_335,190|벌크 | _정품_428,820|_벌크 + 쿨러_335,190|벌크 | _정품_428,830|_벌크 + 쿨러_332,080|벌크 | _정품_428,840|벌크 + 쿨러_330,590|_벌크 | _정품_428,960|벌크 + 쿨러_321,250|_벌크 | _정품_428,990|벌크 + 쿨러_311,330|_벌크 | _정품_429,000|_벌크 + 쿨러_309,250|벌크 | _정품_429,100|_벌크 + 쿨러_309,250|벌크 | _정품_429,130|_벌크 + 쿨러_309,250|벌크 | _정품_429,140|_벌크 + 쿨러_309,250|벌크 | _정품_429,170|_벌크 + 쿨러_309,250|벌크 | _정품_429,180|_벌크 + 쿨러_309,250|벌크 | _정품_429,280|벌크 + 쿨러_338,300|_벌크 | _정품_431,480|벌크 + 쿨러_338,300|_벌크 | _정품_431,510|벌크 + 쿨러_338,300|_벌크 | _정품_431,540|벌크 + 쿨러_338,300|_벌크 | _정품_431,550|_벌크 + 쿨러_338,300|벌크 | _정품_431,590|_벌크 + 쿨러_338,300|벌크 | _정품_431,590|벌크 + 쿨러_338,300|_벌크",304180,304180,304180,304180,304180,304180,310410,311300,311300,327020,330140,330140,330140,333250,333250,333250,333250,333250,333250,333250,333250,333250,333250,333250,333250,333250,333250,333250,333250,333250,333250
12151730,인텔 코어i7-10세대 10700K 어벤져스 에디션 (코멧레이크S),인텔 코어i7-10세대 10700K 어벤져스 에디션,코멧레이크S,정품,415110,415110,415110,415110,415110,415110,415110,415110,415110,415110,415110,415110,415110,415110,415110,415110,415110,415110,415110,415110,415110,415110,415110,415110,415110,415110,415110,415110,415110,415110,415110
11593217,인텔 코어i7-10세대 10700KF (코멧레이크S),인텔 코어i7-10세대 10700KF,코멧레이크S,"_정품_309,750|_벌크 + 쿨러_296,790|벌크_291,730|중고 | _정품_309,750|_벌크 + 쿨러_296,790|벌크_291,730|해외구매_484,660|중고 | _정품_309,750|_벌크 + 쿨러_296,790|벌크_292,940|중고 | _정품_309,750|_벌크 + 쿨러_300,940|벌크_297,110|중고",280000,280000,280000,280000,280000,300000,300000,300000,300000,300000,300000,300000,300000,300000,300000,300000,300000,300000,0,0,0,0,0,0,0,0,0,0,0,0,0
12110078,인텔 코어i7-10세대 10700KF (코멧레이크S),인텔 코어i7-10세대 10700KF,코멧레이크S,"_벌크 + 쿨러_300,940|_벌크_297,110|중고 | _벌크 + 쿨러_311,240|_벌크_304,900|중고 | _벌크 + 쿨러_357,740|_벌크_304,900|중고 | _벌크 + 쿨러_378,210|_벌크_304,900|중고 | _벌크 + 쿨러_378,210|벌크_304,900|_중고",0,0,0,0,0,0,0,0,0,0,0,0,0,0,0,0,0,0,300000,300000,300000,300000,300000,300000,300000,300000,300000,300000,300000,300000,300000
13824665,인텔 코어i7-11세대 11700 (로켓레이크S),인텔 코어i7-11세대 11700,로켓레이크S,"_벌크 + 쿨러_404,550|_벌크_390,600|해외구매 | _벌크 + 쿨러_404,550|벌크_390,600|_해외구매 | _벌크 + 쿨러_434,990|벌크_400,000|_해외구매 | _벌크 + 쿨러_438,000|_벌크_424,000|해외구매 | _벌크 + 쿨러_438,000|벌크_424,000|_해외구매 | 벌크 + 쿨러_404,550|_벌크_390,600|_해외구매",624000,624000,624000,624000,624000,624000,624000,624000,624000,624000,624000,624000,624000,624000,624000,624000,624000,624000,624000,624000,624000,624000,624000,624000,624000,624000,624000,624000,624000,624000,624000
13753481,인텔 코어i7-11세대 11700F (로켓레이크S),인텔 코어i7-11세대 11700F,로켓레이크S,"_정품_358,030|병행수입 박스_356,880|_벌크 + 쿨러_343,360|벌크 | _정품_358,030|병행수입 박스_356,880|_벌크 + 쿨러_343,480|벌크 | _정품_358,030|병행수입 박스_356,880|_벌크 + 쿨러_343,510|벌크 | _정품_358,030|병행수입 박스_356,880|_벌크 + 쿨러_344,480|벌크 | _정품_358,030|병행수입 박스_356,880|_벌크 + 쿨러_344,590|벌크 | _정품_358,030|병행수입 박스_356,880|_벌크 + 쿨러_344,620|벌크 | _정품_358,030|병행수입 박스_356,880|_벌크 + 쿨러_349,010|벌크 | _정품_358,030|병행수입 박스_356,880|_벌크 + 쿨러_349,020|벌크 | _정품_358,030|병행수입 박스_356,880|_벌크 + 쿨러_349,030|벌크 | _정품_358,030|병행수입 박스_356,880|_벌크 + 쿨러_349,040|벌크 | _정품_358,030|병행수입 박스_356,880|벌크 + 쿨러_343,240|_벌크 | _정품_358,030|병행수입 박스_356,880|벌크 + 쿨러_343,570|_벌크 | _정품_358,030|병행수입 박스_356,880|벌크 + 쿨러_343,580|_벌크 | _정품_358,030|병행수입 박스_356,880|벌크 + 쿨러_344,360|_벌크 | _정품_358,030|병행수입 박스_356,880|벌크 + 쿨러_349,160|_벌크 | _정품_358,030|병행수입 박스_356,880|벌크 + 쿨러_349,280|_벌크 | _정품_358,030|병행수입 박스_356,880|벌크 + 쿨러_349,310|_벌크 | _정품_358,030|병행수입 박스_356,880|벌크 + 쿨러_350,510|_벌크 | _정품_358,030|병행수입 박스_356,880|벌크 + 쿨러_350,520|_벌크 | _정품_358,030|병행수입 박스_356,880|벌크 + 쿨러_350,530|_벌크 | _정품_358,030|병행수입 박스_356,880|벌크 + 쿨러_350,540|_벌크 | _정품_358,030|병행수입 박스_356,880|벌크 + 쿨러_350,590|_벌크 | _정품_358,030|병행수입 박스_356,880|벌크 + 쿨러_350,640|_벌크 | _정품_358,030|병행수입 박스_356,880|벌크 + 쿨러_350,650|_벌크 | _정품_358,030|병행수입 박스_356,880|벌크 + 쿨러_350,670|_벌크 | _정품_358,030|병행수입 박스_356,880|벌크 + 쿨러_350,680|_벌크 | _정품_358,030|병행수입 박스_356,880|벌크 + 쿨러_350,710|_벌크 | _정품_358,030|병행수입 박스_356,880|벌크 + 쿨러_350,720|_벌크 | _정품_358,030|병행수입 박스_356,880|벌크 + 쿨러_350,750|_벌크",281420,281410,281380,281370,281340,281240,281230,326010,326010,326010,326010,326010,272740,272740,272740,272740,272740,272740,272740,272740,272740,272740,272740,272740,251190,251190,272740,326010,326010,326010,326010
13824974,인텔 코어i7-11세대 11700K (로켓레이크S),인텔 코어i7-11세대 11700K,로켓레이크S,"_벌크 + 쿨러_353,580|_벌크_351,770|해외구매 | _벌크 + 쿨러_353,590|_벌크_351,860|해외구매 | _벌크 + 쿨러_353,600|_벌크_352,790|해외구매 | _벌크 + 쿨러_353,700|_벌크_352,800|해외구매 | _벌크 + 쿨러_353,740|_벌크_352,840|해외구매 | _벌크 + 쿨러_353,760|_벌크_352,830|해외구매 | _벌크 + 쿨러_360,850|벌크_359,890|_해외구매 | _벌크 + 쿨러_360,850|벌크_359,900|_해외구매 | _벌크 + 쿨러_360,900|_벌크_359,480|해외구매 | _벌크 + 쿨러_360,900|_벌크_359,600|해외구매 | _벌크 + 쿨러_360,900|_벌크_359,710|해외구매 | _벌크 + 쿨러_360,900|_벌크_359,740|해외구매 | _벌크 + 쿨러_360,900|_벌크_359,860|해외구매 | _벌크 + 쿨러_360,900|_벌크_359,950|해외구매 | _벌크 + 쿨러_370,630|벌크_369,090|_해외구매 | _벌크 + 쿨러_370,640|벌크_369,100|_해외구매 | _벌크 + 쿨러_370,650|벌크_369,110|_해외구매 | _벌크 + 쿨러_370,660|벌크_369,120|_해외구매 | _벌크 + 쿨러_370,780|벌크_369,240|_해외구매 | _벌크 + 쿨러_370,810|_벌크_369,270|해외구매 | _벌크 + 쿨러_370,820|_벌크_369,280|해외구매 | _벌크 + 쿨러_370,920|_벌크_369,380|해외구매 | _벌크 + 쿨러_370,950|_벌크_369,410|해외구매 | _벌크 + 쿨러_370,960|_벌크_369,420|해외구매 | _벌크 + 쿨러_370,990|_벌크_369,450|해외구매 | _벌크 + 쿨러_371,000|_벌크_369,460|해외구매",407840,412400,412700,412700,447810,447710,447700,406800,406800,406800,406800,406800,411000,411000,411000,411000,409300,409300,409300,408800,408800,408800,408800,408800,408800,408800,423400,423400,423400,397200,397200
13753598,인텔 코어i7-11세대 11700KF (로켓레이크S),인텔 코어i7-11세대 11700KF,로켓레이크S,"_정품_402,600|병행수입 박스_482,890|_벌크 + 쿨러_422,460|벌크 | _정품_402,610|병행수입 박스_482,890|_벌크 + 쿨러_422,460|벌크 | _정품_402,620|병행수입 박스_482,890|_벌크 + 쿨러_422,460|벌크 | _정품_402,630|병행수입 박스_482,890|_벌크 + 쿨러_422,460|벌크 | _정품_403,050|병행수입 박스_482,890|_벌크 + 쿨러_422,460|벌크 | _정품_403,060|병행수입 박스_482,310|_벌크 + 쿨러_422,460|벌크 | _정품_403,090|병행수입 박스_482,890|_벌크 + 쿨러_422,460|벌크 | _정품_403,100|병행수입 박스_482,890|_벌크 + 쿨러_422,460|벌크 | _정품_410,310|병행수입 박스_477,640|_벌크 + 쿨러_422,460|벌크 | _정품_415,240|병행수입 박스_482,890|_벌크 + 쿨러_422,460|벌크 | _정품_415,240|병행수입 박스_482,900|_벌크 + 쿨러_422,460|벌크 | _정품_415,240|병행수입 박스_487,500|_벌크 + 쿨러_422,460|벌크",369990,369990,369990,369990,369990,369990,369990,369990,369990,369990,369990,369990,416190,416190,416190,416190,416190,416190,416190,416190,416190,416190,416190,416190,416190,416190,416190,416190,416190,416190,416190
16140809,인텔 코어i7-12세대 12700 (엘더레이크),인텔 코어i7-12세대 12700,엘더레이크,"_정품_365,740|_벌크 + 쿨러_338,390|벌크_325,020|해외구매 | _정품_365,740|_벌크 + 쿨러_338,390|벌크_325,120|해외구매 | _정품_365,750|_벌크 + 쿨러_319,200|벌크_325,640|해외구매 | _정품_365,750|_벌크 + 쿨러_338,410|벌크_325,120|해외구매 | _정품_365,750|_벌크 + 쿨러_338,410|벌크_325,130|해외구매 | _정품_365,750|벌크 + 쿨러_315,450|_벌크_329,400|해외구매 | _정품_373,130|벌크 + 쿨러_313,370|_벌크_329,410|해외구매 | _정품_373,130|벌크 + 쿨러_315,450|_벌크_329,400|해외구매 | _정품_373,140|벌크 + 쿨러_344,130|_벌크_329,970|해외구매 | _정품_374,030|벌크 + 쿨러_317,030|_벌크_332,780|해외구매 | _정품_374,030|벌크 + 쿨러_317,030|_벌크_333,910|해외구매 | _정품_376,470|벌크 + 쿨러_315,250|_벌크_330,710|해외구매 | _정품_377,920|_벌크 + 쿨러_314,730|벌크_333,910|해외구매 | _정품_377,920|_벌크 + 쿨러_317,030|벌크_334,530|해외구매 | _정품_377,920|_벌크 + 쿨러_317,030|벌크_334,840|해외구매 | _정품_377,920|_벌크 + 쿨러_318,070|벌크_334,530|해외구매 | _정품_377,920|_벌크 + 쿨러_318,070|벌크_334,850|해외구매 | _정품_377,920|_벌크 + 쿨러_318,070|벌크_335,880|해외구매 | _정품_377,920|벌크 + 쿨러_317,030|_벌크_333,920|해외구매 | _정품_377,920|벌크 + 쿨러_348,200|_벌크_335,050|해외구매 | _정품_380,570|벌크 + 쿨러_315,780|_벌크_299,000|해외구매 | _정품_380,570|벌크 + 쿨러_315,780|_벌크_336,500|해외구매 | _정품_383,000|벌크 + 쿨러_317,030|_벌크_332,370|해외구매",439540,439530,439500,439490,439460,435010,434980,434860,434740,434730,445020,445020,445020,447660,447650,447620,447540,447420,447300,447290,447160,444870,434560,434440,431100,431100,438420,441850,441840,441830,441820
16101464,인텔 코어i7-12세대 12700F (엘더레이크),인텔 코어i7-12세대 12700F,엘더레이크,"_정품_345,540|벌크 + 쿨러_306,900|_벌크_291,000|해외구매 | _정품_348,330|벌크 + 쿨러_306,900|_벌크_291,000|해외구매 | _정품_348,330|벌크 + 쿨러_306,900|_벌크_291,010|해외구매 | _정품_348,330|벌크 + 쿨러_306,910|_벌크_291,000|해외구매 | _정품_348,330|벌크 + 쿨러_306,910|_벌크_291,010|해외구매 | _정품_348,330|벌크 + 쿨러_306,920|_벌크_291,010|해외구매 | _정품_348,330|벌크 + 쿨러_308,060|_벌크_291,000|해외구매 | _정품_348,330|벌크 + 쿨러_308,060|_벌크_291,010|해외구매 | _정품_348,330|벌크 + 쿨러_308,170|_벌크_291,010|해외구매 | _정품_348,330|벌크 + 쿨러_308,180|_벌크_291,010|해외구매 | _정품_348,450|벌크 + 쿨러_308,070|_벌크_291,010|해외구매 | _정품_349,170|벌크 + 쿨러_311,610|_벌크_291,000|해외구매 | _정품_349,170|벌크 + 쿨러_311,610|_벌크_291,010|해외구매 | _정품_349,170|벌크 + 쿨러_313,700|_벌크_291,010|해외구매 | _정품_352,770|벌크 + 쿨러_313,700|_벌크_291,010|해외구매 | _정품_352,770|벌크 + 쿨러_314,310|_벌크_291,010|해외구매 | _정품_352,780|벌크 + 쿨러_314,310|_벌크_291,010|해외구매 | _정품_352,790|벌크 + 쿨러_301,980|_벌크_290,750|해외구매 | _정품_352,790|벌크 + 쿨러_303,000|_벌크_290,760|해외구매 | _정품_352,800|벌크 + 쿨러_301,980|_벌크_288,200|해외구매 | _정품_352,810|벌크 + 쿨러_301,990|_벌크_288,210|해외구매 | _정품_353,310|벌크 + 쿨러_300,230|_벌크_288,210|해외구매",548700,548700,548700,548700,548700,548700,548700,548700,548700,548700,548700,548700,548700,548700,548700,548700,548700,548700,548700,548700,548700,548700,548700,548700,548700,548700,548700,548700,548700,548700,548700
15594638,인텔 코어i7-12세대 12700K (엘더레이크),인텔 코어i7-12세대 12700K,엘더레이크,"_정품_396,850|병행수입 박스_327,030|벌크 + 쿨러_340,190|_벌크_323,740|해외구매 | _정품_396,850|병행수입 박스_327,030|벌크 + 쿨러_341,730|_벌크_325,810|해외구매 | _정품_396,860|병행수입 박스_327,030|벌크 + 쿨러_341,730|_벌크_325,820|해외구매 | _정품_398,720|병행수입 박스_329,110|벌크 + 쿨러_341,730|_벌크_327,690|해외구매 | _정품_398,730|병행수입 박스_329,110|벌크 + 쿨러_341,740|_벌크_327,700|해외구매 | _정품_400,140|병행수입 박스_327,030|벌크 + 쿨러_340,190|_벌크_323,730|해외구매 | _정품_400,170|병행수입 박스_331,190|벌크 + 쿨러_342,980|_벌크_328,930|해외구매 | _정품_400,180|병행수입 박스_331,190|벌크 + 쿨러_342,980|_벌크_328,930|해외구매 | _정품_400,190|병행수입 박스_331,190|벌크 + 쿨러_342,980|_벌크_328,930|해외구매 | _정품_400,280|병행수입 박스_331,190|벌크 + 쿨러_342,980|_벌크_328,930|해외구매 | _정품_400,290|병행수입 박스_331,190|벌크 + 쿨러_342,990|_벌크_328,940|해외구매 | _정품_402,380|벌크 + 쿨러_353,200|_벌크_331,580|해외구매 | _정품_402,380|병행수입 박스_341,300|벌크 + 쿨러_350,010|_벌크_331,580|해외구매 | _정품_402,380|병행수입 박스_341,300|벌크 + 쿨러_353,200|_벌크_331,580|해외구매 | _정품_402,390|병행수입 박스_341,300|벌크 + 쿨러_341,730|_벌크_327,690|해외구매 | _정품_404,470|병행수입 박스_331,190|벌크 + 쿨러_342,980|_벌크_328,930|해외구매 | _정품_407,590|병행수입 박스_333,260|벌크 + 쿨러_340,900|_벌크_327,910|해외구매 | _정품_407,590|병행수입 박스_333,260|벌크 + 쿨러_344,550|_벌크_331,020|해외구매 | _정품_407,600|병행수입 박스_333,260|벌크 + 쿨러_340,900|_벌크_327,910|해외구매 | _정품_411,930|병행수입 박스_333,260|벌크 + 쿨러_340,900|_벌크_327,910|해외구매",445700,515470,515470,527290,536590,537090,537290,538290,538290,538290,538290,535690,535690,535690,535690,535690,535690,535690,535690,535690,487700,487700,535690,487700,487700,487700,487700,487690,487690,445700,445700
15594701,인텔 코어i7-12세대 12700KF (엘더레이크),인텔 코어i7-12세대 12700KF,엘더레이크,"_정품_352,130|_벌크 + 쿨러_296,000|벌크_283,840|병행수입 박스_568,480|해외구매 | _정품_352,130|벌크 + 쿨러_301,570|_벌크_287,690|병행수입 박스_562,230|해외구매 | _정품_352,130|벌크 + 쿨러_301,610|_벌크_283,840|병행수입 박스_568,480|해외구매 | _정품_352,140|_벌크 + 쿨러_295,020|벌크_283,840|병행수입 박스_568,480|해외구매 | _정품_352,230|_벌크 + 쿨러_293,260|벌크_283,840|병행수입 박스_587,220|해외구매 | _정품_353,690|_벌크 + 쿨러_293,270|벌크_283,850|병행수입 박스_587,220|해외구매 | _정품_353,690|_벌크 + 쿨러_294,400|벌크_284,990|병행수입 박스_587,220|해외구매 | _정품_353,690|벌크 + 쿨러_294,400|_벌크_284,990|병행수입 박스_587,220|해외구매 | _정품_353,690|벌크 + 쿨러_294,410|_벌크_285,000|병행수입 박스_587,220|해외구매 | _정품_353,700|벌크 + 쿨러_295,550|_벌크_286,140|병행수입 박스_587,220|해외구매 | _정품_353,830|벌크 + 쿨러_299,190|_벌크_286,820|병행수입 박스_587,220|해외구매 | _정품_353,840|벌크 + 쿨러_299,200|_벌크_286,830|병행수입 박스_587,220|해외구매 | _정품_355,600|벌크 + 쿨러_299,200|_벌크_288,350|병행수입 박스_580,980|해외구매 | _정품_355,690|벌크 + 쿨러_299,200|_벌크_288,360|병행수입 박스_580,980|해외구매 | _정품_355,690|벌크 + 쿨러_299,200|_벌크_288,370|병행수입 박스_580,980|해외구매 | _정품_355,700|벌크 + 쿨러_299,210|_벌크_288,380|병행수입 박스_580,980|해외구매 | _정품_355,700|벌크 + 쿨러_300,240|_벌크_289,390|병행수입 박스_580,980|해외구매 | _정품_358,400|벌크 + 쿨러_296,900|_벌크_286,080|병행수입 박스_580,980|해외구매 | _정품_358,400|벌크 + 쿨러_296,900|_벌크_286,090|병행수입 박스_580,980|해외구매 | _정품_358,400|벌크 + 쿨러_299,200|_벌크_286,080|병행수입 박스_580,980|해외구매 | _정품_358,410|벌크 + 쿨러_297,950|_벌크_286,790|해외구매 | _정품_360,060|벌크 + 쿨러_297,950|_벌크_286,790|해외구매",300130,300100,299980,299970,299940,299840,299830,299800,299680,291520,291420,291410,291400,291390,291360,291240,291210,291110,291080,294390,294390,294390,294390,294390,281910,281910,281910,281910,308280,308190,308100
16393964,인텔 코어i7-12세대 12700T (엘더레이크),인텔 코어i7-12세대 12700T,엘더레이크,벌크,0,587990,574740,587990,587990,587990,587990,0,0,0,0,0,0,587990,587990,587990,587990,587990,587990,587990,587990,587990,580920,587990,587990,587990,0,0,0,0,0
18703730,인텔 코어i7-13세대 13700 (랩터레이크),인텔 코어i7-13세대 13700,랩터레이크,"_정품_523,220|벌크 + 쿨러_474,360|_벌크_467,010|해외구매 | _정품_523,220|벌크 + 쿨러_475,790|_벌크_468,450|해외구매 | _정품_540,000|벌크 + 쿨러_473,300|_벌크_464,790|해외구매 | _정품_540,010|벌크 + 쿨러_473,310|_벌크_464,800|해외구매 | _정품_540,530|벌크 + 쿨러_472,180|_벌크_464,810|해외구매 | _정품_541,360|벌크 + 쿨러_472,180|_벌크_464,820|해외구매 | _정품_542,390|벌크 + 쿨러_473,730|_벌크_466,370|해외구매 | _정품_543,220|벌크 + 쿨러_475,790|_벌크_468,450|해외구매 | _정품_543,440|벌크 + 쿨러_475,800|_벌크_468,450|해외구매 | _정품_544,480|벌크 + 쿨러_477,360|_벌크_470,030|해외구매 | _정품_544,960|벌크 + 쿨러_481,510|_벌크_471,930|해외구매 | _정품_545,790|벌크 + 쿨러_482,560|_벌크_472,970|해외구매 | _정품_545,890|벌크 + 쿨러_488,770|_벌크_479,190|해외구매 | _정품_546,390|벌크 + 쿨러_483,500|_벌크_473,900|해외구매 | _정품_546,390|벌크 + 쿨러_484,110|_벌크_473,900|해외구매 | _정품_546,390|벌크 + 쿨러_484,640|_벌크_474,590|해외구매 | _정품_546,390|벌크 + 쿨러_485,000|_벌크_474,590|해외구매 | _정품_547,220|벌크 + 쿨러_483,500|_벌크_473,900|해외구매 | _정품_547,230|벌크 + 쿨러_483,500|_벌크_473,910|해외구매 | _정품_548,460|벌크 + 쿨러_484,510|_벌크_474,930|해외구매 | _정품_548,770|벌크 + 쿨러_484,520|_벌크_474,940|해외구매 | _정품_549,530|벌크 + 쿨러_484,530|_벌크_474,950|해외구매 | _정품_549,630|벌크 + 쿨러_486,300|_벌크_476,710|해외구매 | _정품_549,720|벌크 + 쿨러_488,770|_벌크_479,190|해외구매",713000,713000,713000,713000,713000,713000,713000,713000,713000,713000,713000,713000,713000,713000,713000,713000,713000,713000,713000,713000,713000,713000,713000,713000,713000,713000,713000,713000,713000,713000,713000
18640397,인텔 코어i7-13세대 13700 (랩터레이크),인텔 코어i7-13세대 13700,랩터레이크,"_정품_523,220|벌크 + 쿨러_474,360|_벌크_467,010|해외구매 | _정품_523,220|벌크 + 쿨러_475,790|_벌크_468,450|해외구매 | _정품_540,000|벌크 + 쿨러_473,300|_벌크_464,790|해외구매 | _정품_540,010|벌크 + 쿨러_473,310|_벌크_464,800|해외구매 | _정품_540,530|벌크 + 쿨러_472,180|_벌크_464,810|해외구매 | _정품_541,360|벌크 + 쿨러_472,180|_벌크_464,820|해외구매 | _정품_542,390|벌크 + 쿨러_473,730|_벌크_466,370|해외구매 | _정품_543,220|벌크 + 쿨러_475,790|_벌크_468,450|해외구매 | _정품_543,440|벌크 + 쿨러_475,800|_벌크_468,450|해외구매 | _정품_544,480|벌크 + 쿨러_477,360|_벌크_470,030|해외구매 | _정품_544,960|벌크 + 쿨러_481,510|_벌크_471,930|해외구매 | _정품_545,790|벌크 + 쿨러_482,560|_벌크_472,970|해외구매 | _정품_545,890|벌크 + 쿨러_488,770|_벌크_479,190|해외구매 | _정품_546,390|벌크 + 쿨러_483,500|_벌크_473,900|해외구매 | _정품_546,390|벌크 + 쿨러_484,110|_벌크_473,900|해외구매 | _정품_546,390|벌크 + 쿨러_484,640|_벌크_474,590|해외구매 | _정품_546,390|벌크 + 쿨러_485,000|_벌크_474,590|해외구매 | _정품_547,220|벌크 + 쿨러_483,500|_벌크_473,900|해외구매 | _정품_547,230|벌크 + 쿨러_483,500|_벌크_473,910|해외구매 | _정품_548,460|벌크 + 쿨러_484,510|_벌크_474,930|해외구매 | _정품_548,770|벌크 + 쿨러_484,520|_벌크_474,940|해외구매 | _정품_549,530|벌크 + 쿨러_484,530|_벌크_474,950|해외구매 | _정품_549,630|벌크 + 쿨러_486,300|_벌크_476,710|해외구매 | _정품_549,720|벌크 + 쿨러_488,770|_벌크_479,190|해외구매",713000,713000,713000,713000,713000,713000,713000,713000,713000,713000,713000,713000,713000,713000,713000,713000,713000,713000,713000,713000,713000,713000,713000,713000,713000,713000,713000,713000,713000,713000,713000
18703613,인텔 코어i7-13세대 13700F (랩터레이크),인텔 코어i7-13세대 13700F,랩터레이크,"_정품_507,310|벌크 + 쿨러_467,090|_벌크 | _정품_507,320|벌크 + 쿨러_470,200|_벌크 | _정품_507,620|벌크 + 쿨러_477,480|_벌크 | _정품_507,630|벌크 + 쿨러_491,390|_벌크 | _정품_508,140|벌크 + 쿨러_491,390|_벌크 | _정품_510,750|벌크 + 쿨러_506,440|_벌크 | _정품_512,620|벌크 + 쿨러_510,060|_벌크 | _정품_512,820|벌크 + 쿨러_510,070|_벌크 | _정품_513,970|벌크 + 쿨러_511,200|_벌크 | _정품_513,970|벌크 + 쿨러_512,140|_벌크 | _정품_513,980|벌크 + 쿨러_514,220|_벌크 | _정품_515,790|벌크 + 쿨러_508,680|_벌크 | _정품_515,800|벌크 + 쿨러_508,680|_벌크 | _정품_515,800|벌크 + 쿨러_513,490|_벌크 | _정품_517,500|벌크 + 쿨러_514,220|_벌크 | _정품_517,890|벌크 + 쿨러_514,690|_벌크 | _정품_517,900|벌크 + 쿨러_514,390|_벌크 | _정품_517,900|벌크 + 쿨러_514,400|_벌크 | _정품_517,910|벌크 + 쿨러_514,390|_벌크 | _정품_518,250|벌크 + 쿨러_514,390|_벌크 | _정품_518,350|벌크 + 쿨러_514,390|_벌크 | _정품_518,480|벌크 + 쿨러_513,490|_벌크",497760,497760,497760,497760,497760,497760,497760,497760,497760,497760,497760,497760,497760,497760,497760,497760,497760,497760,497760,502440,501490,500360,500350,496730,496730,474020,474010,472980,463640,460520,457410
18640379,인텔 코어i7-13세대 13700F (랩터레이크),인텔 코어i7-13세대 13700F,랩터레이크,"_정품_507,310|벌크 + 쿨러_467,090|_벌크 | _정품_507,320|벌크 + 쿨러_470,200|_벌크 | _정품_507,620|벌크 + 쿨러_477,480|_벌크 | _정품_507,630|벌크 + 쿨러_491,390|_벌크 | _정품_508,140|벌크 + 쿨러_491,390|_벌크 | _정품_510,750|벌크 + 쿨러_506,440|_벌크 | _정품_512,620|벌크 + 쿨러_510,060|_벌크 | _정품_512,820|벌크 + 쿨러_510,070|_벌크 | _정품_513,970|벌크 + 쿨러_511,200|_벌크 | _정품_513,970|벌크 + 쿨러_512,140|_벌크 | _정품_513,980|벌크 + 쿨러_514,220|_벌크 | _정품_515,790|벌크 + 쿨러_508,680|_벌크 | _정품_515,800|벌크 + 쿨러_508,680|_벌크 | _정품_515,800|벌크 + 쿨러_513,490|_벌크 | _정품_517,500|벌크 + 쿨러_514,220|_벌크 | _정품_517,890|벌크 + 쿨러_514,690|_벌크 | _정품_517,900|벌크 + 쿨러_514,390|_벌크 | _정품_517,900|벌크 + 쿨러_514,400|_벌크 | _정품_517,910|벌크 + 쿨러_514,390|_벌크 | _정품_518,250|벌크 + 쿨러_514,390|_벌크 | _정품_518,350|벌크 + 쿨러_514,390|_벌크 | _정품_518,480|벌크 + 쿨러_513,490|_벌크",497760,497760,497760,497760,497760,497760,497760,497760,497760,497760,497760,497760,497760,497760,497760,497760,497760,497760,497760,502440,501490,500360,500350,496730,496730,474020,474010,472980,463640,460520,457410
18224453,인텔 코어i7-13세대 13700K (랩터레이크),인텔 코어i7-13세대 13700K,랩터레이크,"_정품_497,590|벌크 + 쿨러_476,430|_벌크_466,990|병행수입 박스_481,270|해외구매 | _정품_497,670|벌크 + 쿨러_477,980|_벌크_467,810|병행수입 박스_480,250|해외구매 | _정품_497,730|벌크 + 쿨러_477,980|_벌크_467,810|병행수입 박스_480,260|해외구매 | _정품_497,780|벌크 + 쿨러_477,980|_벌크_467,810|해외구매 | _정품_497,860|벌크 + 쿨러_477,990|_벌크_467,810|해외구매 | _정품_497,950|벌크 + 쿨러_480,590|_벌크_467,810|해외구매 | _정품_498,040|벌크 + 쿨러_480,590|_벌크_467,810|해외구매 | _정품_498,130|벌크 + 쿨러_480,590|_벌크_467,810|해외구매 | _정품_498,220|벌크 + 쿨러_478,400|_벌크_467,820|해외구매 | _정품_498,310|벌크 + 쿨러_478,400|_벌크_467,820|해외구매 | _정품_501,440|벌크 + 쿨러_477,370|_벌크_467,930|해외구매 | _정품_501,470|벌크 + 쿨러_479,340|_벌크_469,800|해외구매 | _정품_504,010|벌크 + 쿨러_482,450|_벌크_473,010|해외구매 | _정품_504,010|벌크 + 쿨러_484,530|_벌크_474,990|해외구매 | _정품_504,020|벌크 + 쿨러_484,530|_벌크_475,080|해외구매 | _정품_504,280|벌크 + 쿨러_484,530|_벌크_475,090|해외구매 | _정품_504,280|벌크 + 쿨러_486,610|_벌크_477,160|해외구매 | _정품_504,290|벌크 + 쿨러_489,410|_벌크_479,970|해외구매 | _정품_504,290|벌크 + 쿨러_491,480|_벌크_482,040|해외구매 | _정품_504,290|벌크 + 쿨러_503,820|_벌크_490,870|해외구매 | _정품_504,290|벌크 + 쿨러_503,830|_벌크_494,390|해외구매 | _정품_504,290|벌크 + 쿨러_507,460|_벌크_497,910|해외구매",636420,636350,636230,636220,636190,600200,600190,600160,584070,580040,579940,579930,579920,560990,559660,580090,581480,581480,581480,626100,625970,625850,622840,622810,591750,591750,572790,567920,565400,565280,557690
18039374,인텔 코어i7-13세대 13700K (랩터레이크),인텔 코어i7-13세대 13700K,랩터레이크,"_정품_497,590|벌크 + 쿨러_476,430|_벌크_466,990|병행수입 박스_481,270|해외구매 | _정품_497,670|벌크 + 쿨러_477,980|_벌크_467,810|병행수입 박스_480,250|해외구매 | _정품_497,730|벌크 + 쿨러_477,980|_벌크_467,810|병행수입 박스_480,260|해외구매 | _정품_497,780|벌크 + 쿨러_477,980|_벌크_467,810|해외구매 | _정품_497,860|벌크 + 쿨러_477,990|_벌크_467,810|해외구매 | _정품_497,950|벌크 + 쿨러_480,590|_벌크_467,810|해외구매 | _정품_498,040|벌크 + 쿨러_480,590|_벌크_467,810|해외구매 | _정품_498,130|벌크 + 쿨러_480,590|_벌크_467,810|해외구매 | _정품_498,220|벌크 + 쿨러_478,400|_벌크_467,820|해외구매 | _정품_498,310|벌크 + 쿨러_478,400|_벌크_467,820|해외구매 | _정품_501,440|벌크 + 쿨러_477,370|_벌크_467,930|해외구매 | _정품_501,470|벌크 + 쿨러_479,340|_벌크_469,800|해외구매 | _정품_504,010|벌크 + 쿨러_482,450|_벌크_473,010|해외구매 | _정품_504,010|벌크 + 쿨러_484,530|_벌크_474,990|해외구매 | _정품_504,020|벌크 + 쿨러_484,530|_벌크_475,080|해외구매 | _정품_504,280|벌크 + 쿨러_484,530|_벌크_475,090|해외구매 | _정품_504,280|벌크 + 쿨러_486,610|_벌크_477,160|해외구매 | _정품_504,290|벌크 + 쿨러_489,410|_벌크_479,970|해외구매 | _정품_504,290|벌크 + 쿨러_491,480|_벌크_482,040|해외구매 | _정품_504,290|벌크 + 쿨러_503,820|_벌크_490,870|해외구매 | _정품_504,290|벌크 + 쿨러_503,830|_벌크_494,390|해외구매 | _정품_504,290|벌크 + 쿨러_507,460|_벌크_497,910|해외구매",636420,636350,636230,636220,636190,600200,600190,600160,584070,580040,579940,579930,579920,560990,559660,580090,581480,581480,581480,626100,625970,625850,622840,622810,591750,591750,572790,567920,565400,565280,557690
18144521,인텔 코어i7-13세대 13700KF (랩터레이크),인텔 코어i7-13세대 13700KF,랩터레이크,"_정품_450,840|벌크 + 쿨러_448,400|_벌크_436,720|해외구매 | _정품_450,910|벌크 + 쿨러_448,410|_벌크_445,190|해외구매 | _정품_450,940|벌크 + 쿨러_448,410|_벌크_445,200|해외구매 | _정품_450,950|벌크 + 쿨러_448,410|_벌크_432,640|해외구매 | _정품_453,410|벌크 + 쿨러_457,220|_벌크_447,790|해외구매 | _정품_453,410|벌크 + 쿨러_460,750|_벌크_451,310|해외구매 | _정품_456,240|벌크 + 쿨러_444,040|_벌크_434,610|해외구매 | _정품_457,130|벌크 + 쿨러_452,540|_벌크_432,640|해외구매 | _정품_457,220|벌크 + 쿨러_443,010|_벌크_432,640|해외구매 | _정품_457,230|벌크 + 쿨러_443,010|_벌크_432,640|해외구매 | _정품_458,850|벌크 + 쿨러_454,420|_벌크_444,990|해외구매 | _정품_458,850|벌크 + 쿨러_460,750|_벌크_451,310|해외구매 | _정품_459,420|벌크 + 쿨러_443,010|_벌크_432,640|해외구매 | _정품_459,420|벌크 + 쿨러_478,660|_벌크_434,600|해외구매 | _정품_460,460|벌크 + 쿨러_446,330|_벌크_436,890|해외구매 | _정품_460,470|벌크 + 쿨러_446,850|_벌크_437,420|해외구매 | _정품_461,510|벌크 + 쿨러_450,380|_벌크_440,950|해외구매 | _정품_461,710|벌크 + 쿨러_450,380|_벌크_440,950|해외구매 | _정품_462,500|벌크 + 쿨러_454,420|_벌크_444,990|해외구매 | _정품_464,870|벌크 + 쿨러_454,430|_벌크_444,980|해외구매 | _정품_464,980|벌크 + 쿨러_451,410|_벌크_441,980|해외구매 | _정품_464,980|벌크 + 쿨러_452,450|_벌크_443,020|해외구매 | _정품_464,980|벌크 + 쿨러_454,430|_벌크_444,980|해외구매 | _정품_464,990|벌크 + 쿨러_454,430|_벌크_444,980|해외구매 | _정품_465,000|벌크 + 쿨러_454,420|_벌크_444,990|해외구매",584010,584000,583970,583950,579930,510910,510880,510760,510640,510630,510620,510610,510600,510570,510460,510340,510330,510300,510180,510170,510060,509940,509820,509700,509580,509460,509340,496580,496570,492970,492880
18039356,인텔 코어i7-13세대 13700KF (랩터레이크),인텔 코어i7-13세대 13700KF,랩터레이크,"_정품_450,840|벌크 + 쿨러_448,400|_벌크_436,720|해외구매 | _정품_450,910|벌크 + 쿨러_448,410|_벌크_445,190|해외구매 | _정품_450,940|벌크 + 쿨러_448,410|_벌크_445,200|해외구매 | _정품_450,950|벌크 + 쿨러_448,410|_벌크_432,640|해외구매 | _정품_453,410|벌크 + 쿨러_457,220|_벌크_447,790|해외구매 | _정품_453,410|벌크 + 쿨러_460,750|_벌크_451,310|해외구매 | _정품_456,240|벌크 + 쿨러_444,040|_벌크_434,610|해외구매 | _정품_457,130|벌크 + 쿨러_452,540|_벌크_432,640|해외구매 | _정품_457,220|벌크 + 쿨러_443,010|_벌크_432,640|해외구매 | _정품_457,230|벌크 + 쿨러_443,010|_벌크_432,640|해외구매 | _정품_458,850|벌크 + 쿨러_454,420|_벌크_444,990|해외구매 | _정품_458,850|벌크 + 쿨러_460,750|_벌크_451,310|해외구매 | _정품_459,420|벌크 + 쿨러_443,010|_벌크_432,640|해외구매 | _정품_459,420|벌크 + 쿨러_478,660|_벌크_434,600|해외구매 | _정품_460,460|벌크 + 쿨러_446,330|_벌크_436,890|해외구매 | _정품_460,470|벌크 + 쿨러_446,850|_벌크_437,420|해외구매 | _정품_461,510|벌크 + 쿨러_450,380|_벌크_440,950|해외구매 | _정품_461,710|벌크 + 쿨러_450,380|_벌크_440,950|해외구매 | _정품_462,500|벌크 + 쿨러_454,420|_벌크_444,990|해외구매 | _정품_464,870|벌크 + 쿨러_454,430|_벌크_444,980|해외구매 | _정품_464,980|벌크 + 쿨러_451,410|_벌크_441,980|해외구매 | _정품_464,980|벌크 + 쿨러_452,450|_벌크_443,020|해외구매 | _정품_464,980|벌크 + 쿨러_454,430|_벌크_444,980|해외구매 | _정품_464,990|벌크 + 쿨러_454,430|_벌크_444,980|해외구매 | _정품_465,000|벌크 + 쿨러_454,420|_벌크_444,990|해외구매",584010,584000,583970,583950,579930,510910,510880,510760,510640,510630,510620,510610,510600,510570,510460,510340,510330,510300,510180,510170,510060,509940,509820,509700,509580,509460,509340,496580,496570,492970,492880
18665336,인텔 코어i7-13세대 13700T (랩터레이크),인텔 코어i7-13세대 13700T,랩터레이크,벌크,562370,562370,562370,562370,562370,562370,562370,562370,562370,562370,562370,562370,562370,562370,562370,562370,562370,562370,562370,574730,574730,574730,577820,577820,568550,568550,568550,568550,568470,568460,568450
32103143,인텔 코어i7-14세대 14700 (랩터레이크 리프레시),인텔 코어i7-14세대 14700,랩터레이크 리프레시,"_정품_546,300|벌크 + 쿨러_541,490|_벌크_514,000|해외구매 | _정품_546,610|벌크 + 쿨러_545,030|_벌크_514,000|해외구매 | _정품_547,870|벌크 + 쿨러_546,170|_벌크_514,000|해외구매 | _정품_548,600|벌크 + 쿨러_548,580|_벌크_514,000|해외구매 | _정품_549,930|벌크 + 쿨러_550,760|_벌크_514,000|해외구매 | _정품_550,900|벌크 + 쿨러_551,810|_벌크_514,000|해외구매 | _정품_550,980|벌크 + 쿨러_551,810|_벌크_514,000|해외구매 | _정품_551,490|벌크 + 쿨러_552,940|_벌크_538,980|해외구매 | _정품_552,540|벌크 + 쿨러_553,790|_벌크_538,990|해외구매 | _정품_554,930|벌크 + 쿨러_556,070|_벌크_538,980|해외구매 | _정품_557,420|벌크 + 쿨러_556,080|_벌크_539,000|해외구매 | _정품_560,020|벌크 + 쿨러_559,190|_벌크_539,000|해외구매 | _정품_560,850|벌크 + 쿨러_559,190|_벌크_539,000|해외구매 | _정품_561,580|벌크 + 쿨러_559,190|_벌크_539,000|해외구매 | _정품_561,700|벌크 + 쿨러_559,190|_벌크_539,000|해외구매 | _정품_561,700|벌크 + 쿨러_559,200|_벌크_539,000|해외구매 | _정품_562,710|벌크 + 쿨러_560,760|_벌크_539,000|해외구매 | _정품_562,820|벌크 + 쿨러_563,160|_벌크_539,000|해외구매 | _정품_563,660|벌크 + 쿨러_564,290|_벌크_539,000|해외구매 | _정품_564,380|벌크 + 쿨러_564,300|_벌크_539,000|해외구매 | _정품_565,630|벌크 + 쿨러_564,810|_벌크_539,000|해외구매 | _정품_567,280|벌크 + 쿨러_565,960|_벌크_539,000|해외구매 | _정품_568,020|벌크 + 쿨러_567,420|_벌크_539,000|해외구매 | _정품_568,850|벌크 + 쿨러_567,430|_벌크_539,000|해외구매 | _정품_569,290|벌크 + 쿨러_568,460|_벌크_539,000|해외구매 | _정품_569,290|벌크 + 쿨러_568,460|_벌크_557,060|해외구매",755240,758990,758990,758990,758990,700710,700700,700670,700550,700540,700530,700520,700510,700380,700270,700150,700140,700110,699990,699980,699850,699730,699610,699490,668080,668080,678240,678210,678210,678100,678070
32038001,인텔 코어i7-14세대 14700 (랩터레이크 리프레시),인텔 코어i7-14세대 14700,랩터레이크 리프레시,"_정품_546,300|벌크 + 쿨러_541,490|_벌크_514,000|해외구매 | _정품_546,610|벌크 + 쿨러_545,030|_벌크_514,000|해외구매 | _정품_547,870|벌크 + 쿨러_546,170|_벌크_514,000|해외구매 | _정품_548,600|벌크 + 쿨러_548,580|_벌크_514,000|해외구매 | _정품_549,930|벌크 + 쿨러_550,760|_벌크_514,000|해외구매 | _정품_550,900|벌크 + 쿨러_551,810|_벌크_514,000|해외구매 | _정품_550,980|벌크 + 쿨러_551,810|_벌크_514,000|해외구매 | _정품_551,490|벌크 + 쿨러_552,940|_벌크_538,980|해외구매 | _정품_552,540|벌크 + 쿨러_553,790|_벌크_538,990|해외구매 | _정품_554,930|벌크 + 쿨러_556,070|_벌크_538,980|해외구매 | _정품_557,420|벌크 + 쿨러_556,080|_벌크_539,000|해외구매 | _정품_560,020|벌크 + 쿨러_559,190|_벌크_539,000|해외구매 | _정품_560,850|벌크 + 쿨러_559,190|_벌크_539,000|해외구매 | _정품_561,580|벌크 + 쿨러_559,190|_벌크_539,000|해외구매 | _정품_561,700|벌크 + 쿨러_559,190|_벌크_539,000|해외구매 | _정품_561,700|벌크 + 쿨러_559,200|_벌크_539,000|해외구매 | _정품_562,710|벌크 + 쿨러_560,760|_벌크_539,000|해외구매 | _정품_562,820|벌크 + 쿨러_563,160|_벌크_539,000|해외구매 | _정품_563,660|벌크 + 쿨러_564,290|_벌크_539,000|해외구매 | _정품_564,380|벌크 + 쿨러_564,300|_벌크_539,000|해외구매 | _정품_565,630|벌크 + 쿨러_564,810|_벌크_539,000|해외구매 | _정품_567,280|벌크 + 쿨러_565,960|_벌크_539,000|해외구매 | _정품_568,020|벌크 + 쿨러_567,420|_벌크_539,000|해외구매 | _정품_568,850|벌크 + 쿨러_567,430|_벌크_539,000|해외구매 | _정품_569,290|벌크 + 쿨러_568,460|_벌크_539,000|해외구매 | _정품_569,290|벌크 + 쿨러_568,460|_벌크_557,060|해외구매",755240,758990,758990,758990,758990,700710,700700,700670,700550,700540,700530,700520,700510,700380,700270,700150,700140,700110,699990,699980,699850,699730,699610,699490,668080,668080,678240,678210,678210,678100,678070
35230379,인텔 코어i7-14세대 14700F (랩터레이크 리프레시),인텔 코어i7-14세대 14700F,랩터레이크 리프레시,"_정품_501,970|벌크 + 쿨러_499,160|_벌크_487,110|해외구매 | _정품_501,980|벌크 + 쿨러_499,170|_벌크_487,110|해외구매 | _정품_503,230|벌크 + 쿨러_501,250|_벌크_487,110|해외구매 | _정품_503,750|벌크 + 쿨러_501,250|_벌크_487,110|해외구매 | _정품_505,100|벌크 + 쿨러_507,520|_벌크_493,340|해외구매 | _정품_506,040|벌크 + 쿨러_509,620|_벌크_494,180|해외구매 | _정품_506,350|벌크 + 쿨러_510,510|_벌크_496,360|해외구매 | _정품_506,350|벌크 + 쿨러_510,520|_벌크_496,360|해외구매 | _정품_507,290|벌크 + 쿨러_512,790|_벌크_498,020|해외구매 | _정품_508,950|벌크 + 쿨러_511,550|_벌크_498,960|해외구매 | _정품_510,480|벌크 + 쿨러_512,800|_벌크_499,530|해외구매 | _정품_512,760|벌크 + 쿨러_512,820|_벌크_500,880|해외구매 | _정품_512,770|벌크 + 쿨러_516,990|_벌크_505,030|해외구매 | _정품_513,800|벌크 + 쿨러_516,990|_벌크_505,030|해외구매 | _정품_513,800|벌크 + 쿨러_517,920|_벌크_505,950|해외구매 | _정품_513,810|벌크 + 쿨러_517,930|_벌크_505,960|해외구매 | _정품_514,840|벌크 + 쿨러_519,080|_벌크_507,110|해외구매 | _정품_515,990|벌크 + 쿨러_519,600|_벌크_507,610|해외구매 | _정품_516,190|벌크 + 쿨러_500,000|_벌크_507,610|해외구매 | _정품_516,190|벌크 + 쿨러_519,600|_벌크_507,610|해외구매 | _정품_516,400|벌크 + 쿨러_500,000|_벌크_507,620|해외구매 | _정품_519,310|벌크 + 쿨러_500,000|_벌크_508,120|해외구매 | _정품_520,440|벌크 + 쿨러_500,000|_벌크_508,130|해외구매 | _정품_520,450|벌크 + 쿨러_500,000|_벌크_508,140|해외구매 | _정품_521,700|벌크 + 쿨러_500,000|_벌크_509,180|해외구매 | _정품_522,460|_벌크 + 쿨러_500,000|벌크_511,760|해외구매 | _정품_522,460|벌크 + 쿨러_500,000|_벌크_511,760|해외구매",601510,601500,601470,601460,601430,601330,601320,601290,601170,601160,601150,601120,601030,601000,600890,600770,600740,600640,600610,591540,591410,591290,591170,591050,597350,597240,597360,597320,597310,567430,567330
32156936,인텔 코어i7-14세대 14700F (랩터레이크 리프레시),인텔 코어i7-14세대 14700F,랩터레이크 리프레시,"_정품_501,970|벌크 + 쿨러_499,160|_벌크_487,110|해외구매 | _정품_501,980|벌크 + 쿨러_499,170|_벌크_487,110|해외구매 | _정품_503,230|벌크 + 쿨러_501,250|_벌크_487,110|해외구매 | _정품_503,750|벌크 + 쿨러_501,250|_벌크_487,110|해외구매 | _정품_505,100|벌크 + 쿨러_507,520|_벌크_493,340|해외구매 | _정품_506,040|벌크 + 쿨러_509,620|_벌크_494,180|해외구매 | _정품_506,350|벌크 + 쿨러_510,510|_벌크_496,360|해외구매 | _정품_506,350|벌크 + 쿨러_510,520|_벌크_496,360|해외구매 | _정품_507,290|벌크 + 쿨러_512,790|_벌크_498,020|해외구매 | _정품_508,950|벌크 + 쿨러_511,550|_벌크_498,960|해외구매 | _정품_510,480|벌크 + 쿨러_512,800|_벌크_499,530|해외구매 | _정품_512,760|벌크 + 쿨러_512,820|_벌크_500,880|해외구매 | _정품_512,770|벌크 + 쿨러_516,990|_벌크_505,030|해외구매 | _정품_513,800|벌크 + 쿨러_516,990|_벌크_505,030|해외구매 | _정품_513,800|벌크 + 쿨러_517,920|_벌크_505,950|해외구매 | _정품_513,810|벌크 + 쿨러_517,930|_벌크_505,960|해외구매 | _정품_514,840|벌크 + 쿨러_519,080|_벌크_507,110|해외구매 | _정품_515,990|벌크 + 쿨러_519,600|_벌크_507,610|해외구매 | _정품_516,190|벌크 + 쿨러_500,000|_벌크_507,610|해외구매 | _정품_516,190|벌크 + 쿨러_519,600|_벌크_507,610|해외구매 | _정품_516,400|벌크 + 쿨러_500,000|_벌크_507,620|해외구매 | _정품_519,310|벌크 + 쿨러_500,000|_벌크_508,120|해외구매 | _정품_520,440|벌크 + 쿨러_500,000|_벌크_508,130|해외구매 | _정품_520,450|벌크 + 쿨러_500,000|_벌크_508,140|해외구매 | _정품_521,700|벌크 + 쿨러_500,000|_벌크_509,180|해외구매 | _정품_522,460|_벌크 + 쿨러_500,000|벌크_511,760|해외구매 | _정품_522,460|벌크 + 쿨러_500,000|_벌크_511,760|해외구매",601510,601500,601470,601460,601430,601330,601320,601290,601170,601160,601150,601120,601030,601000,600890,600770,600740,600640,600610,591540,591410,591290,591170,591050,597350,597240,597360,597320,597310,567430,567330
28920827,인텔 코어i7-14세대 14700K (랩터레이크 리프레시),인텔 코어i7-14세대 14700K,랩터레이크 리프레시,"_정품_565,500|_벌크_556,380|해외구매 | _정품_565,970|_벌크_558,180|해외구매 | _정품_568,050|_벌크_561,430|해외구매 | _정품_568,370|_벌크_561,860|해외구매 | _정품_569,860|_벌크_564,130|해외구매 | _정품_571,640|_벌크_566,200|해외구매 | _정품_571,820|_벌크_566,200|해외구매 | _정품_572,060|_벌크_566,200|해외구매 | _정품_572,140|_벌크_566,210|해외구매 | _정품_573,670|_벌크_570,870|해외구매 | _정품_573,890|_벌크_570,880|해외구매 | _정품_578,460|_벌크_578,550|해외구매 | _정품_579,290|_벌크_578,550|해외구매 | _정품_579,700|_벌크_578,620|해외구매 | _정품_579,910|_벌크_578,620|해외구매 | _정품_580,610|_벌크_577,590|해외구매 | _정품_580,950|_벌크_578,620|해외구매 | _정품_582,810|_벌크_577,590|해외구매 | _정품_583,530|_벌크_577,590|해외구매 | _정품_584,570|_벌크_572,410|해외구매 | _정품_584,980|_벌크_572,410|해외구매 | _정품_585,600|_벌크_567,240|해외구매 | _정품_586,440|_벌크_567,250|해외구매 | _정품_588,200|_벌크_568,160|해외구매 | _정품_588,390|_벌크_568,160|해외구매",535990,535990,535990,535990,535990,535990,535990,535990,535990,535990,535990,535990,535990,535990,535990,535990,535990,535990,535990,535990,535990,535990,535990,535990,535990,535990,535990,535990,535990,535990,535990
28799435,인텔 코어i7-14세대 14700K (랩터레이크 리프레시),인텔 코어i7-14세대 14700K,랩터레이크 리프레시,"_정품_565,500|_벌크_556,380|해외구매 | _정품_565,970|_벌크_558,180|해외구매 | _정품_568,050|_벌크_561,430|해외구매 | _정품_568,370|_벌크_561,860|해외구매 | _정품_569,860|_벌크_564,130|해외구매 | _정품_571,640|_벌크_566,200|해외구매 | _정품_571,820|_벌크_566,200|해외구매 | _정품_572,060|_벌크_566,200|해외구매 | _정품_572,140|_벌크_566,210|해외구매 | _정품_573,670|_벌크_570,870|해외구매 | _정품_573,890|_벌크_570,880|해외구매 | _정품_578,460|_벌크_578,550|해외구매 | _정품_579,290|_벌크_578,550|해외구매 | _정품_579,700|_벌크_578,620|해외구매 | _정품_579,910|_벌크_578,620|해외구매 | _정품_580,610|_벌크_577,590|해외구매 | _정품_580,950|_벌크_578,620|해외구매 | _정품_582,810|_벌크_577,590|해외구매 | _정품_583,530|_벌크_577,590|해외구매 | _정품_584,570|_벌크_572,410|해외구매 | _정품_584,980|_벌크_572,410|해외구매 | _정품_585,600|_벌크_567,240|해외구매 | _정품_586,440|_벌크_567,250|해외구매 | _정품_588,200|_벌크_568,160|해외구매 | _정품_588,390|_벌크_568,160|해외구매",535990,535990,535990,535990,535990,535990,535990,535990,535990,535990,535990,535990,535990,535990,535990,535990,535990,535990,535990,535990,535990,535990,535990,535990,535990,535990,535990,535990,535990,535990,535990
29959874,인텔 코어i7-14세대 14700KF (랩터레이크 리프레시),인텔 코어i7-14세대 14700KF,랩터레이크 리프레시,"_정품_533,330|_벌크_516,810|해외구매 | _정품_533,650|_벌크_516,900|해외구매 | _정품_534,270|_벌크_516,930|해외구매 | _정품_534,280|_벌크_516,940|해외구매 | _정품_534,690|_벌크_516,970|해외구매 | _정품_535,840|_벌크_508,200|해외구매 | _정품_536,140|_벌크_508,200|해외구매 | _정품_536,150|_벌크_510,300|해외구매 | _정품_537,710|_벌크_503,360|해외구매 | _정품_538,890|_벌크_503,360|해외구매 | _정품_540,760|_벌크_503,370|해외구매 | _정품_542,940|_벌크_505,190|해외구매 | _정품_543,560|_벌크_505,190|해외구매 | _정품_543,970|_벌크_505,190|해외구매 | _정품_544,080|_벌크_505,190|해외구매 | _정품_545,320|_벌크_503,270|해외구매 | _정품_545,940|_벌크_505,230|해외구매 | _정품_547,400|_벌크_505,240|해외구매 | _정품_547,810|_벌크_506,360|해외구매 | _정품_548,540|_벌크_506,370|해외구매 | _정품_549,370|_벌크_506,370|해외구매 | _정품_549,670|_벌크_507,490|해외구매 | _정품_549,680|_벌크_507,510|해외구매 | _정품_551,960|_벌크_511,550|해외구매 | _정품_552,140|_벌크_511,550|해외구매",612760,612750,612720,612710,612680,608160,608130,608010,607890,607880,607870,607860,607850,607840,607810,607690,607680,607650,607530,607520,607390,607270,607150,585400,585400,585400,596580,596580,608480,526100,549740
28799498,인텔 코어i7-14세대 14700KF (랩터레이크 리프레시),인텔 코어i7-14세대 14700KF,랩터레이크 리프레시,"_정품_533,330|_벌크_516,810|해외구매 | _정품_533,650|_벌크_516,900|해외구매 | _정품_534,270|_벌크_516,930|해외구매 | _정품_534,280|_벌크_516,940|해외구매 | _정품_534,690|_벌크_516,970|해외구매 | _정품_535,840|_벌크_508,200|해외구매 | _정품_536,140|_벌크_508,200|해외구매 | _정품_536,150|_벌크_510,300|해외구매 | _정품_537,710|_벌크_503,360|해외구매 | _정품_538,890|_벌크_503,360|해외구매 | _정품_540,760|_벌크_503,370|해외구매 | _정품_542,940|_벌크_505,190|해외구매 | _정품_543,560|_벌크_505,190|해외구매 | _정품_543,970|_벌크_505,190|해외구매 | _정품_544,080|_벌크_505,190|해외구매 | _정품_545,320|_벌크_503,270|해외구매 | _정품_545,940|_벌크_505,230|해외구매 | _정품_547,400|_벌크_505,240|해외구매 | _정품_547,810|_벌크_506,360|해외구매 | _정품_548,540|_벌크_506,370|해외구매 | _정품_549,370|_벌크_506,370|해외구매 | _정품_549,670|_벌크_507,490|해외구매 | _정품_549,680|_벌크_507,510|해외구매 | _정품_551,960|_벌크_511,550|해외구매 | _정품_552,140|_벌크_511,550|해외구매",612760,612750,612720,612710,612680,608160,608130,608010,607890,607880,607870,607860,607850,607840,607810,607690,607680,607650,607530,607520,607390,607270,607150,585400,585400,585400,596580,596580,608480,526100,549740
32457785,인텔 코어i7-14세대 14700T (랩터레이크 리프레시),인텔 코어i7-14세대 14700T,랩터레이크 리프레시,벌크,589670,589670,589670,589670,589670,589670,589670,589670,589670,589670,589670,589670,589670,589670,589670,589670,589670,589670,589670,602630,602630,602630,605870,605870,596150,596150,596150,596090,595990,595980,595970
1013075,인텔 코어i7-1세대 860 (린필드),인텔 코어i7-1세대 860,린필드,중고,13800,13800,13800,13800,13800,13800,13800,13800,13800,13800,13800,13800,13800,13800,13800,0,13800,13800,13800,13800,13800,13800,13800,13800,13800,13800,12990,12960,12950,12940,12930
4144446,인텔 코어i7-1세대 870 (린필드),인텔 코어i7-1세대 870,린필드,중고,16200,16200,16200,16200,16200,15020,16130,16130,16130,16130,16130,16130,16130,16130,16130,16130,16130,16130,16130,16130,15270,15270,15270,14970,14970,14970,14970,14970,14970,14970,14970
4477154,인텔 코어i7-1세대 950 (블룸필드),인텔 코어i7-1세대 950,블룸필드,중고,0,0,0,0,0,13950,13950,13950,13950,13950,13950,0,0,0,0,0,16000,16000,0,0,0,0,0,0,0,0,0,0,0,0,0
4147680,인텔 코어i7-2세대 2600 (샌디브릿지),인텔 코어i7-2세대 2600,샌디브릿지,중고,35900,35890,35860,35850,35820,29990,34990,34990,34990,34950,34940,34930,34920,34890,34790,34760,34730,34630,34600,34590,34560,34440,34330,34970,34860,34740,34650,34620,34520,34510,34500
1376231,인텔 코어i7-2세대 2600K (샌디브릿지),인텔 코어i7-2세대 2600K,샌디브릿지,"_벌크 + 쿨러_41,970|_중고 | _벌크 + 쿨러_41,980|_중고 | _벌크 + 쿨러_42,090|_중고 | _벌크 + 쿨러_42,110|_중고 | _벌크 + 쿨러_46,000|_중고 | _벌크 + 쿨러_46,500|_중고 | _벌크 + 쿨러_46,990|_중고",39830,39800,39680,39670,39640,39540,39510,39390,39280,39250,39160,39150,39140,39130,39100,39930,39820,39700,39580,39570,39440,39320,39200,39090,39930,39820,35700,35650,35640,35630,35620
13395629,인텔 코어i7-2세대 2700K (샌디브릿지),인텔 코어i7-2세대 2700K,샌디브릿지,중고,0,0,0,0,0,0,0,0,52080,0,0,0,0,0,0,0,52080,52080,52080,47000,47000,47000,47000,46000,46000,46000,46000,45500,45500,45500,0
1678802,인텔 코어i7-3세대 3770 (아이비브릿지),인텔 코어i7-3세대 3770,아이비브릿지,"_벌크 + 쿨러_48,140|_중고 | _벌크 + 쿨러_48,150|_중고 | _벌크 + 쿨러_48,180|_중고 | _벌크 + 쿨러_48,190|_중고 | _벌크 + 쿨러_48,680|_중고 | _벌크 + 쿨러_48,690|_중고 | _벌크 + 쿨러_49,690|_중고 | _벌크 + 쿨러_51,410|_중고 | _벌크 + 쿨러_52,830|_중고",41990,41990,41990,41990,41990,41990,41990,41990,41990,41990,41990,41990,41990,41990,41990,41990,41990,41990,41990,41990,41990,41990,45970,41990,41990,41990,41990,41950,41940,41930,41920
1678803,인텔 코어i7-3세대 3770K (아이비브릿지),인텔 코어i7-3세대 3770K,아이비브릿지,"_벌크_55,300|_중고 | _벌크_55,310|_중고 | _벌크_55,410|_중고 | _벌크_55,510|_중고 | _벌크_57,490|_중고 | _벌크_59,550|_중고",56990,56990,56990,56990,56990,56990,56990,56990,56990,56990,56990,56990,56990,56990,56990,56990,56990,56990,56990,56990,56990,56990,62990,56990,56990,56990,56290,56290,56290,51030,51030
2081225,인텔 코어i7-4세대 4770 (하스웰),인텔 코어i7-4세대 4770,하스웰,"_벌크_50,530|_중고 | _벌크_50,590|_중고 | _벌크_50,650|_중고 | _벌크_50,680|_중고 | _벌크_50,690|_중고 | _벌크_50,730|_중고 | _벌크_50,740|_중고 | _벌크_50,750|_중고 | _벌크_50,810|_중고 | _벌크_50,840|_중고 | _벌크_50,850|_중고 | _벌크_50,860|_중고 | _벌크_50,870|_중고 | _벌크_50,880|_중고 | _벌크_50,890|_중고 | _벌크_50,980|_중고 | _벌크_51,420|_중고",48400,48400,48410,48400,48400,48400,48400,48400,48400,48400,48400,48280,48280,48280,48280,48280,48280,47270,47270,47270,47270,47270,52700,47270,47270,47270,47270,47240,47230,47220,47210
2081228,인텔 코어i7-4세대 4770K (하스웰),인텔 코어i7-4세대 4770K,하스웰,"_벌크_63,860|_중고 | _벌크_63,890|_중고 | _벌크_63,920|_중고 | _벌크_63,930|_중고 | _벌크_67,990|_중고 | _벌크_70,350|_중고 | _벌크_70,380|_중고 | _벌크_70,390|_중고 | _벌크_70,490|_중고 | _벌크_70,520|_중고 | _벌크_70,530|_중고 | _벌크_70,560|_중고 | _벌크_70,570|_중고 | _벌크_71,050|_중고",66990,66990,65100,66990,66990,66990,66990,66990,66990,66990,66990,66990,66990,66990,66990,66990,66990,66990,66990,66990,66990,66990,69970,66990,66990,66990,66990,62990,59990,59990,59990
2783222,인텔 코어i7-4세대 4790 (하스웰 리프레시),인텔 코어i7-4세대 4790,하스웰 리프레시,"_벌크 + 쿨러_104,800|벌크_55,400|_중고 | _벌크 + 쿨러_104,920|벌크_55,520|_중고 | _벌크 + 쿨러_105,030|벌크_55,550|_중고 | _벌크 + 쿨러_105,360|벌크_56,260|_중고 | _벌크 + 쿨러_105,460|벌크_56,360|_중고 | _벌크 + 쿨러_105,490|벌크_56,390|_중고 | _벌크 + 쿨러_105,500|벌크_56,400|_중고 | _벌크 + 쿨러_105,620|벌크_56,430|_중고 | _벌크 + 쿨러_105,730|벌크_56,440|_중고 | 벌크 + 쿨러_104,640|_벌크_55,240|_중고 | 벌크 + 쿨러_104,760|_벌크_55,360|_중고 | 벌크 + 쿨러_104,790|_벌크_55,390|_중고 | 벌크 + 쿨러_105,060|_벌크_55,560|_중고 | 벌크 + 쿨러_105,070|_벌크_55,570|_중고 | 벌크 + 쿨러_105,080|_벌크_55,580|_중고 | 벌크 + 쿨러_105,170|_벌크_55,590|_중고 | 벌크 + 쿨러_105,200|_벌크_55,690|_중고 | 벌크 + 쿨러_105,320|_벌크_56,220|_중고 | 벌크 + 쿨러_105,350|_벌크_56,250|_중고 | 벌크 + 쿨러_105,750|_벌크_51,980|_중고 | 벌크 + 쿨러_106,800|_벌크_55,080|_중고 | 벌크 + 쿨러_106,800|_벌크_55,200|_중고 | 벌크 + 쿨러_106,800|_벌크_55,230|_중고 | 벌크 + 쿨러_107,080|_벌크_54,820|_중고 | 벌크 + 쿨러_107,090|_벌크_54,830|_중고 | 벌크 + 쿨러_107,120|_벌크_54,840|_중고 | 벌크 + 쿨러_107,130|_벌크_55,600|_중고 | 벌크 + 쿨러_107,170|_벌크_54,840|_중고 | 벌크 + 쿨러_107,170|_벌크_55,630|_중고 | 벌크 + 쿨러_107,370|_벌크_54,960|_중고",48990,48990,48990,48990,48990,48990,48990,48990,48990,48990,48990,48990,48990,49990,49990,49990,49990,49990,49990,49990,49990,49990,52970,49990,49990,49990,49990,49990,49990,49990,49990
6112865,인텔 코어i7-4세대 4790K (데빌스캐년),인텔 코어i7-4세대 4790K,데빌스캐년,중고,81380,81380,81380,81380,81380,81380,81380,81380,81380,81380,81380,81380,83730,83730,83730,83730,83730,83730,83730,83730,83730,83730,82250,83730,83730,83730,83730,83730,83730,83730,83730
3412425,인텔 코어i7-6세대 6700 (스카이레이크),인텔 코어i7-6세대 6700,스카이레이크,"_벌크 + 쿨러_100,080|벌크_93,990|_중고 | _벌크 + 쿨러_100,080|벌크_94,080|_중고 | _벌크 + 쿨러_100,080|벌크_94,090|_중고 | _벌크 + 쿨러_100,180|벌크_94,090|_중고 | _벌크 + 쿨러_100,180|벌크_94,180|_중고 | _벌크 + 쿨러_103,590|벌크_97,980|_중고 | _벌크 + 쿨러_94,100|벌크_93,880|_중고 | 벌크 + 쿨러_100,040|_벌크_93,950|_중고 | 벌크 + 쿨러_100,050|_벌크_93,960|_중고 | 벌크 + 쿨러_100,080|_벌크_93,990|_중고 | 벌크 + 쿨러_100,180|_벌크_94,180|_중고 | 벌크 + 쿨러_94,190|_벌크_93,890|_중고",91800,91800,91800,91800,87750,87750,87750,87750,87750,93990,93990,93990,93990,83900,93990,93990,93990,93990,93990,93990,87990,87990,87990,87990,87990,87990,92920,90150,93990,93990,93990
3444847,인텔 코어i7-6세대 6700K (스카이레이크),인텔 코어i7-6세대 6700K,스카이레이크,"_벌크 + 쿨러_115,970|벌크_110,220|_중고_95,990|해외구매 | _벌크 + 쿨러_117,090|벌크_110,220|_중고_95,990|해외구매 | _벌크 + 쿨러_120,990|벌크_108,480|_중고_101,990|해외구매 | _벌크 + 쿨러_120,990|벌크_108,480|_중고_103,310|해외구매 | _벌크 + 쿨러_120,990|벌크_108,480|_중고_88,900|해외구매 | 벌크 + 쿨러_115,920|_벌크_110,220|_중고_88,900|해외구매 | 벌크 + 쿨러_120,990|_벌크_108,480|_중고_101,990|해외구매 | 벌크 + 쿨러_120,990|_벌크_108,480|_중고_103,310|해외구매 | 벌크 + 쿨러_120,990|_벌크_110,220|_중고_101,970|해외구매 | 벌크 + 쿨러_120,990|_벌크_110,220|_중고_88,900|해외구매",216790,216790,216790,216790,216790,216790,216790,216790,216790,216790,216790,216790,216790,216790,216790,216790,216790,216790,216790,219120,219120,219120,219120,219120,219120,219120,219120,212130,212130,212130,209790
4866420,인텔 코어i7-7세대 7700 (카비레이크),인텔 코어i7-7세대 7700,카비레이크,"_벌크 + 쿨러_121,820|벌크_126,110|해외구매_297,900|_중고 | _벌크 + 쿨러_121,850|벌크_126,110|해외구매_297,900|_중고 | _벌크 + 쿨러_121,930|벌크_124,970|_중고 | _벌크 + 쿨러_122,020|벌크_124,970|_중고 | _벌크 + 쿨러_122,050|벌크_124,970|_중고 | _벌크 + 쿨러_122,150|벌크_124,970|_중고 | _벌크 + 쿨러_122,180|벌크_124,970|_중고 | _벌크 + 쿨러_122,190|벌크_124,970|_중고 | _벌크 + 쿨러_122,310|벌크_124,970|_중고 | _벌크 + 쿨러_122,420|벌크_124,970|해외구매_297,900|_중고 | _벌크 + 쿨러_123,270|벌크_117,760|_중고 | _벌크 + 쿨러_123,980|벌크_124,970|_중고 | _벌크 + 쿨러_123,980|벌크_125,960|_중고 | _벌크 + 쿨러_123,980|벌크_126,110|_중고 | _벌크 + 쿨러_125,280|벌크_126,080|_중고",104990,104990,104990,104990,104990,104990,104990,104990,104990,104990,104990,104990,104990,104990,104990,104990,104990,104990,104990,104990,104990,105000,114990,105000,105000,105000,105000,104990,102990,102890,102890
4820435,인텔 코어i7-7세대 7700K (카비레이크),인텔 코어i7-7세대 7700K,카비레이크,"_벌크_142,890|해외구매_279,600|_중고 | _벌크_149,660|해외구매_279,600|_중고 | _벌크_149,660|해외구매_292,700|_중고 | _벌크_149,660|해외구매_298,800|_중고 | _벌크_149,890|해외구매_279,600|_중고",143720,143710,143680,143670,143640,143540,143530,143500,143380,143370,143360,143350,143340,143330,143300,143180,143150,143050,143020,143010,142880,142760,142640,142520,140640,140530,140410,140360,140350,140340,143790
5530013,인텔 코어i7-8세대 8700 (커피레이크),인텔 코어i7-8세대 8700,커피레이크,"_정품_525,660|_벌크 + 쿨러_209,370|벌크_137,850|해외구매_165,550|중고 | _정품_525,660|_벌크 + 쿨러_212,040|벌크_137,860|해외구매_150,860|중고 | _정품_525,660|벌크 + 쿨러_206,120|_벌크_138,820|해외구매_159,030|중고 | _정품_525,660|벌크 + 쿨러_206,120|벌크_138,830|해외구매_154,490|_중고 | _정품_525,660|벌크 + 쿨러_206,130|벌크_138,930|_중고 | _정품_525,660|벌크 + 쿨러_208,510|_벌크_138,050|해외구매_165,550|중고 | _정품_525,660|벌크 + 쿨러_208,510|_벌크_138,170|해외구매_165,550|중고 | _정품_525,660|벌크 + 쿨러_208,510|_벌크_138,300|해외구매_165,550|중고 | _정품_525,660|벌크 + 쿨러_208,510|_벌크_138,630|해외구매_159,030|중고 | _정품_525,660|벌크 + 쿨러_208,510|_벌크_138,640|해외구매_159,030|중고 | _정품_525,660|벌크 + 쿨러_208,510|_벌크_138,650|해외구매_159,030|중고 | _정품_525,660|벌크 + 쿨러_208,510|_벌크_138,660|해외구매_159,030|중고 | _정품_525,660|벌크 + 쿨러_208,510|_벌크_138,670|해외구매_159,030|중고 | _정품_525,660|벌크 + 쿨러_208,510|_벌크_138,790|해외구매_159,030|중고 | _정품_525,660|벌크 + 쿨러_208,510|벌크_138,310|해외구매_165,550|_중고 | _정품_525,660|벌크 + 쿨러_208,510|벌크_138,430|해외구매_165,550|_중고 | _정품_525,660|벌크 + 쿨러_208,510|벌크_138,460|해외구매_165,550|_중고 | _정품_525,660|벌크 + 쿨러_208,510|벌크_138,470|해외구매_165,550|_중고 | _정품_525,660|벌크 + 쿨러_208,510|벌크_138,590|_해외구매_165,550|중고 | _정품_525,660|벌크 + 쿨러_208,510|벌크_138,620|_해외구매_165,550|중고 | _정품_525,660|벌크 + 쿨러_208,510|벌크_138,960|_중고 | _정품_525,660|벌크 + 쿨러_208,510|벌크_138,970|_중고 | _정품_525,660|벌크 + 쿨러_208,510|벌크_139,000|_중고 | _정품_525,660|벌크 + 쿨러_208,510|벌크_139,010|_중고 | _정품_525,660|벌크 + 쿨러_209,180|_벌크_137,730|해외구매_165,550|중고 | _정품_525,660|벌크 + 쿨러_209,270|_벌크_137,820|해외구매_165,550|중고 | _정품_525,660|벌크 + 쿨러_212,080|_벌크_137,810|해외구매_165,550|중고 | _정품_525,660|벌크 + 쿨러_212,080|_벌크_137,990|해외구매_150,860|중고 | _정품_525,660|벌크 + 쿨러_212,080|벌크_137,910|해외구매_150,860|_중고 | _정품_525,660|벌크 + 쿨러_215,800|_벌크_137,930|해외구매_165,550|중고",132760,132730,132610,132600,132570,132470,132370,132250,132130,132100,132010,131990,131940,131930,131900,131810,138970,138870,138840,136970,136930,136820,136700,136580,136050,135930,135810,135720,135670,135660,135650
5529981,인텔 코어i7-8세대 8700K (커피레이크),인텔 코어i7-8세대 8700K,커피레이크,"_정품_599,800|병행수입 박스_317,120|벌크 + 쿨러_203,440|_벌크_155,900|해외구매_201,790|중고 | _정품_599,800|병행수입 박스_317,120|벌크 + 쿨러_203,470|_벌크_155,900|해외구매_201,800|중고 | _정품_599,800|병행수입 박스_317,130|_벌크 + 쿨러_203,580|벌크_155,900|해외구매_201,810|중고 | _정품_599,800|병행수입 박스_320,790|_벌크 + 쿨러_203,280|벌크_155,900|해외구매_201,820|중고 | _정품_599,800|병행수입 박스_363,800|_벌크 + 쿨러_200,850|벌크_159,000|해외구매_201,830|중고 | _정품_599,800|병행수입 박스_363,800|_벌크 + 쿨러_200,850|벌크_159,000|해외구매_201,860|중고 | _정품_599,800|병행수입 박스_363,800|_벌크 + 쿨러_200,850|벌크_159,000|해외구매_210,360|중고 | _정품_599,800|병행수입 박스_363,800|_벌크 + 쿨러_200,850|벌크_159,000|해외구매_210,390|중고 | _정품_599,800|병행수입 박스_363,800|_벌크 + 쿨러_200,850|벌크_159,000|해외구매_210,400|중고 | _정품_599,800|병행수입 박스_363,800|벌크 + 쿨러_200,830|벌크_159,000|해외구매_201,560|_중고 | _정품_599,800|병행수입 박스_363,800|벌크 + 쿨러_200,850|_벌크_159,000|해외구매_201,130|중고 | _정품_599,800|병행수입 박스_363,800|벌크 + 쿨러_200,850|_벌크_159,000|해외구매_201,250|중고 | _정품_599,800|병행수입 박스_363,800|벌크 + 쿨러_200,850|_벌크_159,000|해외구매_201,360|중고 | _정품_599,800|병행수입 박스_363,800|벌크 + 쿨러_200,850|_벌크_159,000|해외구매_201,390|중고 | _정품_599,800|병행수입 박스_363,800|벌크 + 쿨러_200,850|_벌크_159,000|해외구매_201,510|중고 | _정품_599,800|병행수입 박스_363,800|벌크 + 쿨러_200,850|벌크_159,000|해외구매_201,550|_중고 | _정품_599,800|병행수입 박스_363,800|벌크 + 쿨러_200,850|벌크_159,000|해외구매_201,570|_중고 | _정품_599,800|병행수입 박스_363,800|벌크 + 쿨러_200,850|벌크_159,000|해외구매_201,580|_중고 | _정품_599,800|병행수입 박스_363,800|벌크 + 쿨러_200,850|벌크_159,000|해외구매_201,590|_중고 | _정품_599,800|병행수입 박스_363,800|벌크 + 쿨러_200,850|벌크_159,000|해외구매_201,710|_중고 | _정품_599,800|병행수입 박스_363,800|벌크 + 쿨러_200,850|벌크_159,000|해외구매_215,960|_중고 | _정품_599,800|병행수입 박스_363,800|벌크 + 쿨러_200,850|벌크_162,330|해외구매_210,520|_중고 | _정품_599,800|병행수입 박스_363,800|벌크 + 쿨러_200,860|_벌크_159,000|해외구매_201,540|중고 | _정품_599,800|병행수입 박스_363,800|벌크 + 쿨러_202,210|_벌크_155,900|해외구매_200,510|중고 | _정품_599,800|병행수입 박스_363,800|벌크 + 쿨러_202,210|_벌크_155,900|해외구매_200,630|중고 | _정품_599,800|병행수입 박스_363,800|벌크 + 쿨러_202,210|_벌크_155,900|해외구매_201,870|중고 | _정품_599,800|병행수입 박스_363,800|벌크 + 쿨러_202,210|_벌크_155,900|해외구매_201,900|중고 | _정품_599,800|병행수입 박스_363,800|벌크 + 쿨러_202,210|벌크_155,900|해외구매_200,870|_중고 | _정품_599,800|병행수입 박스_363,800|벌크 + 쿨러_202,210|벌크_155,900|해외구매_200,990|_중고 | _정품_599,800|병행수입 박스_363,800|벌크 + 쿨러_202,210|벌크_158,000|해외구매_200,750|_중고 | _정품_599,800|병행수입 박스_363,800|벌크 + 쿨러_202,210|벌크_159,000|해외구매_201,120|_중고",153380,153370,153340,153330,153300,153200,153170,153050,152940,152930,152920,152910,152900,152870,152770,152740,148310,148280,148160,148150,148120,148000,147880,136640,136640,136640,136640,148330,155950,155840,155830
8650784,인텔 코어i7-9세대 9700 (커피레이크-R),인텔 코어i7-9세대 9700,커피레이크-R,"_벌크 + 쿨러_363,220|_벌크_237,650|중고 | _벌크 + 쿨러_366,320|_벌크_237,650|중고 | _벌크 + 쿨러_366,320|벌크_237,650|_중고 | _벌크 + 쿨러_366,330|_벌크_237,650|중고 | _벌크 + 쿨러_366,330|벌크_237,650|_중고",217960,217960,217960,217960,217960,217960,217960,217960,217960,217960,217960,217960,217960,217960,217960,217960,217960,224180,224180,224180,224180,224180,224180,213400,211310,211310,211310,211310,0,0,0
8428929,인텔 코어i7-9세대 9700 (커피레이크-R),인텔 코어i7-9세대 9700,커피레이크-R,"_정품_353,330|_벌크 + 쿨러_360,110|벌크_237,650|중고 | _정품_357,130|_벌크 + 쿨러_360,110|벌크_237,650|중고 | _정품_357,130|_벌크 + 쿨러_363,220|벌크_237,650|중고",0,0,0,0,0,0,0,0,0,0,0,0,0,0,0,0,0,0,0,0,0,0,0,0,0,0,0,0,213400,213400,213400
8372031,인텔 코어i7-9세대 9700F (커피레이크-R),인텔 코어i7-9세대 9700F,커피레이크-R,"_벌크 + 쿨러_365,000|_벌크 | _벌크 + 쿨러_413,110|_벌크",185760,185760,185760,185760,185760,185760,185760,185760,185760,185760,185760,185760,185760,185760,185760,185760,185760,185760,185760,185760,185760,185760,185760,185760,185760,185760,185760,185760,185760,185760,185760
6581257,인텔 코어i7-9세대 9700K (커피레이크-R),인텔 코어i7-9세대 9700K,커피레이크-R,"_벌크 + 쿨러_436,510|벌크_242,640|해외구매_296,990|_중고 | _벌크 + 쿨러_436,510|벌크_242,640|해외구매_297,020|_중고 | _벌크 + 쿨러_436,510|벌크_242,640|해외구매_297,030|_중고 | _벌크 + 쿨러_436,510|벌크_242,640|해외구매_297,060|_중고 | 벌크 + 쿨러_436,510|_벌크_242,640|해외구매_297,070|_중고",219990,219990,219990,219990,219990,0,0,0,0,0,0,0,0,0,0,0,0,0,0,0,0,0,0,0,0,0,0,0,0,0,0
6581236,인텔 코어i7-9세대 9700K (커피레이크-R),인텔 코어i7-9세대 9700K,커피레이크-R,"_벌크_242,640|해외구매_255,810|_중고 | _벌크_242,640|해외구매_266,810|_중고 | _벌크_242,640|해외구매_278,220|_중고 | 벌크_242,640|_해외구매_266,810|_중고",0,0,0,0,0,219990,219990,219990,219990,219990,219990,219990,219990,219990,219990,219990,219990,218990,218990,218990,218990,218990,247990,219000,219000,219000,219000,219000,219000,219000,219000
7517686,인텔 코어i7-9세대 9700KF (커피레이크-R),인텔 코어i7-9세대 9700KF,커피레이크-R,"_정품_498,130|병행수입 박스_506,100|벌크 + 쿨러_410,400|_벌크",199120,199120,199120,199120,199120,199120,199120,199120,199120,199120,199120,199120,199120,199120,199120,199120,199120,199120,199120,199120,199120,199120,202740,202540,202540,202540,202540,202540,202540,202740,202740
12872624,인텔 코어i9-10세대 10850K (코멧레이크S),인텔 코어i9-10세대 10850K,코멧레이크S,해외구매,826600,826600,826600,826600,826600,0,0,0,0,0,0,0,0,0,0,826600,826600,826600,826600,826600,826600,826600,0,0,0,826600,826600,826600,826600,826600,826600
13165070,인텔 코어i9-10세대 10900 (코멧레이크S),인텔 코어i9-10세대 10900,코멧레이크S,"병행수입 박스_460,100|_벌크 + 쿨러_450,200|_벌크_447,360|중고 | 병행수입 박스_460,100|_벌크 + 쿨러_452,550|_벌크_447,360|중고",450000,450000,450000,450000,450000,450000,450000,450000,450000,450000,450000,450000,450000,450000,450000,450000,450000,450000,450000,450000,450000,450000,450000,450000,450000,450000,450000,450000,450000,450000,450000
11593289,인텔 코어i9-10세대 10900F (코멧레이크S),인텔 코어i9-10세대 10900F,코멧레이크S,"_정품_576,000|_병행수입 박스_341,700|벌크 + 쿨러_495,660|벌크 | _정품_590,000|_병행수입 박스_341,700|벌크 + 쿨러_495,660|벌크 | _정품_599,990|_병행수입 박스_341,700|벌크 + 쿨러_529,340|벌크 | _정품_600,000|_병행수입 박스_341,700|벌크 + 쿨러_361,000|벌크 | _정품_600,000|_병행수입 박스_341,700|벌크 + 쿨러_529,340|벌크 | _정품_600,000|벌크 + 쿨러_529,340|_벌크 | _정품_600,000|벌크 + 쿨러_585,090|_벌크",573000,573000,573000,573000,573000,488020,488020,488020,573000,573000,573000,573000,573000,573000,573000,573000,573000,573000,573000,573000,573000,573000,573000,573000,573000,573000,573000,573000,573000,573000,573000
12309857,인텔 코어i9-10세대 10900K (코멧레이크S),인텔 코어i9-10세대 10900K,코멧레이크S,"_벌크 + 쿨러_635,000|_벌크 | _벌크 + 쿨러_780,000|_벌크 | _벌크 + 쿨러_786,000|_벌크",596000,596000,596000,596000,596000,596000,596000,596000,596000,596000,596000,596000,596000,596000,596000,596000,596000,596000,596000,596000,580000,580000,580000,580000,580000,580000,580000,580000,580000,580000,580000
11593361,인텔 코어i9-10세대 10900KF (코멧레이크S),인텔 코어i9-10세대 10900KF,코멧레이크S,"_정품_664,370|_병행수입 박스_580,770|벌크 | _정품_664,400|병행수입 박스_580,770|_벌크 | _정품_664,500|병행수입 박스_580,770|_벌크 | _정품_664,510|병행수입 박스_580,770|_벌크 | _정품_664,520|병행수입 박스_580,770|_벌크 | _정품_713,300|_병행수입 박스_580,770|벌크 | _정품_713,300|병행수입 박스_580,770|_벌크 | 정품",580770,580770,580770,580770,580770,580770,580770,580770,580770,580770,580770,580770,580770,580770,580770,580770,580770,580770,580770,580770,580770,580770,580770,580770,580770,580770,580770,580770,580770,580770,664360
13620002,인텔 코어i9-11세대 11900 (로켓레이크S),인텔 코어i9-11세대 11900,로켓레이크S,"_정품_446,640|_병행수입 박스_410,080|벌크 + 쿨러_412,640|벌크 | _정품_446,640|병행수입 박스_411,790|벌크 + 쿨러_412,640|_벌크 | _정품_455,480|_병행수입 박스_410,080|벌크 + 쿨러_412,640|벌크 | _정품_469,700|_병행수입 박스_411,790|벌크 + 쿨러_412,640|벌크 | _정품_469,700|병행수입 박스_411,790|벌크 + 쿨러_412,640|_벌크",407390,407390,407390,407390,407390,407390,407390,407390,407390,407390,407390,407390,407390,407390,407390,407390,407390,407390,407390,407390,407390,407390,407390,407390,407390,407390,407390,407390,407390,407390,407390
13753673,인텔 코어i9-11세대 11900F (로켓레이크S),인텔 코어i9-11세대 11900F,로켓레이크S,"_정품_362,050|병행수입 박스_422,600|벌크 + 쿨러_272,920|_벌크 | _정품_402,040|병행수입 박스_422,600|벌크 + 쿨러_272,920|_벌크 | _정품_402,560|병행수입 박스_422,600|벌크 + 쿨러_253,340|_벌크 | 정품_362,050|병행수입 박스_422,600|_벌크 + 쿨러_272,920|_벌크 | 정품_362,090|병행수입 박스_422,600|_벌크 + 쿨러_272,920|_벌크 | 정품_362,100|병행수입 박스_422,600|_벌크 + 쿨러_272,920|_벌크 | 정품_362,110|병행수입 박스_422,600|_벌크 + 쿨러_272,920|_벌크 | 정품_402,040|병행수입 박스_422,600|_벌크 + 쿨러_272,920|_벌크 | 정품_402,050|병행수입 박스_422,600|_벌크 + 쿨러_272,920|_벌크 | 정품_402,560|병행수입 박스_422,600|_벌크 + 쿨러_253,340|_벌크 | 정품_402,560|병행수입 박스_422,600|_벌크 + 쿨러_260,260|_벌크 | 정품_402,560|병행수입 박스_422,600|_벌크 + 쿨러_272,920|_벌크 | 정품_402,560|병행수입 박스_422,600|_벌크 + 쿨러_291,600|_벌크",248120,248120,248120,248120,248120,251790,285600,268960,268960,268960,268960,268960,268950,268950,268950,268950,268950,268950,268950,268950,268950,268950,268950,268940,268940,268940,268940,268930,268930,268880,268880
13620026,인텔 코어i9-11세대 11900K (로켓레이크S),인텔 코어i9-11세대 11900K,로켓레이크S,"_정품_616,500|벌크 + 쿨러_331,070|_벌크_325,870|해외구매 | _정품_623,350|벌크 + 쿨러_331,070|_벌크_325,870|해외구매 | _정품_637,050|벌크 + 쿨러_331,070|_벌크_325,880|해외구매 | _정품_637,050|벌크 + 쿨러_331,070|_벌크_325,890|해외구매 | _정품_643,900|벌크 + 쿨러_331,070|_벌크_325,870|해외구매 | _정품_643,900|벌크 + 쿨러_331,070|_벌크_325,880|해외구매",1091360,1091360,1091360,1091360,1091360,1091360,1091360,1091360,1091360,1091360,1091360,1091360,1091360,1091360,1091360,1091360,1091360,1091360,1091360,1103090,1103090,1103090,1103090,1103090,1103090,1103090,1103090,1067890,1067890,1067890,1056150
13753718,인텔 코어i9-11세대 11900KF (로켓레이크S),인텔 코어i9-11세대 11900KF,로켓레이크S,"_정품_579,000|_벌크 + 쿨러_322,640|벌크 | _정품_579,000|_벌크 + 쿨러_322,650|벌크 | _정품_579,000|_벌크 + 쿨러_322,750|벌크 | _정품_579,000|_벌크 + 쿨러_322,780|벌크 | _정품_579,000|_벌크 + 쿨러_772,070|벌크 | _정품_579,000|벌크 + 쿨러_322,880|_벌크 | _정품_579,000|벌크 + 쿨러_322,890|_벌크 | _정품_579,000|벌크 + 쿨러_772,070|_벌크 | 정품 | 정품_579,000|_벌크 + 쿨러_322,490|_벌크 | 정품_579,000|_벌크 + 쿨러_322,610|_벌크 | 정품_579,000|_벌크 + 쿨러_772,070|_벌크",768780,579000,768780,768780,768780,768780,768780,768780,340190,340190,340190,340190,340190,340190,334790,334780,359990,359990,359990,334790,334790,768780,579000,768780,768780,768780,768780,768780,768780,579000,579000
16101545,인텔 코어i9-12세대 12900 (엘더레이크),인텔 코어i9-12세대 12900,엘더레이크,"_정품_577,970|벌크 + 쿨러_571,920|_벌크_552,140|해외구매_718,000|중고 | _정품_577,980|벌크 + 쿨러_571,930|_벌크_552,150|해외구매_718,000|중고 | _정품_582,110|벌크 + 쿨러_558,070|_벌크_539,170|해외구매_758,570|중고 | _정품_582,110|벌크 + 쿨러_558,070|_벌크_539,170|해외구매_758,680|중고 | _정품_582,110|벌크 + 쿨러_561,540|_벌크_541,750|해외구매_758,570|중고 | _정품_582,110|벌크 + 쿨러_577,850|_벌크_539,170|해외구매_758,590|중고 | _정품_582,110|벌크 + 쿨러_578,150|_벌크_558,370|해외구매_750,990|중고 | _정품_582,110|벌크 + 쿨러_578,150|_벌크_558,370|해외구매_774,000|중고 | _정품_582,110|벌크 + 쿨러_578,150|_벌크_558,370|해외구매_786,600|중고 | _정품_582,110|벌크 + 쿨러_578,150|_벌크_558,370|해외구매_828,090|중고 | _정품_582,110|벌크 + 쿨러_578,160|_벌크_558,380|해외구매_750,990|중고 | _정품_582,110|벌크 + 쿨러_596,680|_벌크_539,170|해외구매_750,990|중고 | _정품_582,110|벌크 + 쿨러_596,800|_벌크_539,170|해외구매_751,000|중고 | _정품_582,120|벌크 + 쿨러_560,500|_벌크_541,760|해외구매_750,670|중고 | _정품_582,120|벌크 + 쿨러_561,540|_벌크_541,750|해외구매_750,670|중고 | _정품_582,120|벌크 + 쿨러_561,540|_벌크_541,750|해외구매_750,780|중고 | _정품_582,120|벌크 + 쿨러_561,540|_벌크_541,750|해외구매_758,560|중고 | _정품_582,120|벌크 + 쿨러_561,540|_벌크_541,750|해외구매_758,680|중고 | _정품_586,260|벌크 + 쿨러_563,630|_벌크_545,710|해외구매_750,780|중고 | _정품_586,270|벌크 + 쿨러_563,630|_벌크_545,710|해외구매_717,990|중고 | _정품_586,270|벌크 + 쿨러_563,630|_벌크_545,710|해외구매_761,290|중고 | _정품_586,270|벌크 + 쿨러_563,630|_벌크_545,710|해외구매_761,380|중고",593420,593410,593380,593370,593340,593240,593230,593200,593080,593070,593060,593050,593040,593030,593000,592880,592870,592840,592720,596170,596170,596170,599380,599380,590390,590390,590400,590340,590240,590230,590220
16101581,인텔 코어i9-12세대 12900F (엘더레이크),인텔 코어i9-12세대 12900F,엘더레이크,"_정품_537,590|병행수입 박스_509,300|벌크 + 쿨러_496,640|_벌크_472,280|해외구매 | _정품_537,590|병행수입 박스_509,330|벌크 + 쿨러_496,640|_벌크_472,280|해외구매 | _정품_537,590|병행수입 박스_509,340|벌크 + 쿨러_496,640|_벌크_472,280|해외구매 | _정품_537,590|병행수입 박스_509,370|벌크 + 쿨러_496,640|_벌크_472,280|해외구매 | _정품_537,590|병행수입 박스_509,380|벌크 + 쿨러_496,640|_벌크_472,280|해외구매 | _정품_537,590|병행수입 박스_522,200|벌크 + 쿨러_496,640|_벌크_472,280|해외구매",500200,607200,605900,605900,606300,606300,606300,598000,598000,604800,604800,605500,605500,605500,605500,605400,605400,605400,598800,598800,598800,599300,599300,586400,648500,648500,648500,648500,648500,500200,500200
15594887,인텔 코어i9-12세대 12900K (엘더레이크),인텔 코어i9-12세대 12900K,엘더레이크,"_정품_539,100|벌크 + 쿨러_462,520|_벌크_448,830|병행수입 박스_612,760|해외구매 | _정품_539,100|벌크 + 쿨러_466,190|_벌크_448,830|병행수입 박스_612,760|해외구매 | _정품_539,110|벌크 + 쿨러_466,190|_벌크_448,840|병행수입 박스_612,760|해외구매 | _정품_540,980|벌크 + 쿨러_466,200|_벌크_449,120|병행수입 박스_484,700|해외구매 | _정품_540,990|벌크 + 쿨러_470,400|_벌크_453,270|병행수입 박스_484,700|해외구매 | _정품_541,090|벌크 + 쿨러_476,430|_벌크_454,300|병행수입 박스_477,230|해외구매 | _정품_541,090|벌크 + 쿨러_476,430|_벌크_454,300|병행수입 박스_484,700|해외구매 | _정품_541,100|벌크 + 쿨러_476,440|_벌크_454,310|병행수입 박스_484,700|해외구매 | _정품_541,190|벌크 + 쿨러_480,890|_벌크_463,640|병행수입 박스_484,700|해외구매 | _정품_541,200|벌크 + 쿨러_486,140|_벌크_464,680|병행수입 박스_487,270|해외구매 | _정품_543,710|벌크 + 쿨러_488,240|_벌크_468,300|병행수입 박스_487,280|해외구매 | _정품_543,710|벌크 + 쿨러_488,240|_벌크_468,300|병행수입 박스_487,310|해외구매 | _정품_543,710|벌크 + 쿨러_488,240|_벌크_468,300|병행수입 박스_487,410|해외구매 | _정품_543,710|벌크 + 쿨러_488,240|_벌크_468,300|병행수입 박스_487,440|해외구매 | _정품_543,710|벌크 + 쿨러_488,240|_벌크_468,300|병행수입 박스_487,560|해외구매 | _정품_543,710|벌크 + 쿨러_488,240|_벌크_468,300|병행수입 박스_487,590|해외구매 | _정품_543,710|벌크 + 쿨러_488,240|_벌크_468,300|병행수입 박스_487,600|해외구매 | _정품_543,720|벌크 + 쿨러_488,250|_벌크_468,310|병행수입 박스_487,610|해외구매 | _정품_543,720|벌크 + 쿨러_489,290|_벌크_470,370|병행수입 박스_487,620|해외구매 | _정품_543,720|벌크 + 쿨러_489,290|_벌크_470,370|병행수입 박스_487,630|해외구매 | _정품_543,730|벌크 + 쿨러_487,190|_벌크_468,610|병행수입 박스_497,500|해외구매 | _정품_543,730|벌크 + 쿨러_487,200|_벌크_468,610|병행수입 박스_497,500|해외구매 | _정품_543,730|벌크 + 쿨러_488,770|_벌크_468,610|병행수입 박스_497,500|해외구매 | _정품_543,730|벌크 + 쿨러_489,300|_벌크_470,380|병행수입 박스_487,640|해외구매 | _정품_543,730|벌크 + 쿨러_489,300|_벌크_470,380|병행수입 박스_487,760|해외구매",487630,487630,487630,487630,495520,482810,482780,477140,477140,477140,477140,477140,477140,477140,477140,477140,477140,477140,477140,475040,475040,466650,487320,487320,513190,513160,485890,485860,453910,453900,453890
15594956,인텔 코어i9-12세대 12900KF (엘더레이크),인텔 코어i9-12세대 12900KF,엘더레이크,"_정품_506,470|병행수입 박스_438,780|벌크 + 쿨러_448,340|_벌크_428,500|해외구매 | _정품_506,470|병행수입 박스_450,940|벌크 + 쿨러_447,290|_벌크_428,500|해외구매 | _정품_506,480|병행수입 박스_451,070|벌크 + 쿨러_448,350|_벌크_430,570|해외구매 | _정품_508,030|병행수입 박스_443,080|벌크 + 쿨러_456,620|_벌크_434,730|해외구매 | _정품_508,030|병행수입 박스_451,170|벌크 + 쿨러_449,400|_벌크_430,580|해외구매 | _정품_508,030|병행수입 박스_451,230|벌크 + 쿨러_456,620|_벌크_434,730|해외구매 | _정품_508,040|병행수입 박스_443,080|벌크 + 쿨러_456,630|_벌크_434,740|해외구매 | _정품_510,630|병행수입 박스_451,420|벌크 + 쿨러_458,320|_벌크_439,920|해외구매 | _정품_510,640|병행수입 박스_451,420|벌크 + 쿨러_460,430|_벌크_439,930|해외구매 | _정품_516,640|병행수입 박스_453,500|벌크 + 쿨러_461,990|_벌크_444,480|해외구매 | _정품_516,650|병행수입 박스_453,500|벌크 + 쿨러_461,990|_벌크_444,480|해외구매 | _정품_518,700|병행수입 박스_463,930|벌크 + 쿨러_461,990|_벌크_446,140|해외구매 | _정품_518,710|병행수입 박스_463,930|벌크 + 쿨러_459,890|_벌크_444,070|해외구매 | _정품_518,710|병행수입 박스_463,930|벌크 + 쿨러_459,900|_벌크_444,080|해외구매 | _정품_518,710|병행수입 박스_463,930|벌크 + 쿨러_465,140|_벌크_447,170|해외구매 | _정품_518,710|병행수입 박스_463,930|벌크 + 쿨러_465,140|_벌크_447,180|해외구매",679540,679540,679540,688090,700100,700000,699990,674810,670630,656120,658170,667370,667000,666810,666780,666660,666650,666620,666500,666490,666380,666260,666140,666020,662380,662270,662150,662100,662090,662080,662070
16846118,인텔 코어i9-12세대 12900KS (엘더레이크),인텔 코어i9-12세대 12900KS,엘더레이크,해외구매,477190,477200,477200,477190,477190,464100,446100,446090,446090,446090,446090,446090,446090,446100,446090,446090,490360,490360,490360,494690,494690,494690,494690,494690,494690,494690,494690,494650,494640,494610,494600
16394042,인텔 코어i9-12세대 12900T (엘더레이크),인텔 코어i9-12세대 12900T,엘더레이크,벌크,808000,859990,818400,859990,859990,859990,859990,0,859990,859990,859990,859990,859990,859990,859990,0,0,0,0,859990,859990,859990,827200,859990,809600,809600,0,0,0,0,0
18704012,인텔 코어i9-13세대 13900 (랩터레이크),인텔 코어i9-13세대 13900,랩터레이크,"_정품_799,070|벌크 + 쿨러_756,590|_벌크 | _정품_799,070|벌크 + 쿨러_785,920|_벌크 | _정품_799,070|벌크 + 쿨러_799,570|_벌크 | _정품_799,080|벌크 + 쿨러_785,920|_벌크 | _정품_799,090|벌크 + 쿨러_788,120|_벌크_764,520|해외구매 | _정품_799,800|벌크 + 쿨러_740,000|_벌크_730,000|해외구매 | _정품_799,800|벌크 + 쿨러_786,780|_벌크_764,520|해외구매 | _정품_799,810|벌크 + 쿨러_740,000|_벌크_730,000|해외구매 | _정품_800,000|벌크 + 쿨러_740,000|_벌크_730,000|해외구매 | _정품_800,010|벌크 + 쿨러_740,000|_벌크_730,000|해외구매 | _정품_800,100|벌크 + 쿨러_740,000|_벌크_730,000|해외구매 | _정품_804,240|벌크 + 쿨러_740,000|_벌크 | _정품_809,450|벌크 + 쿨러_740,000|_벌크_730,000|해외구매 | _정품_809,450|벌크 + 쿨러_788,120|_벌크_765,870|해외구매",730000,730000,730000,730000,730000,790700,790700,790700,790700,796000,796000,796000,796000,796000,796000,796000,796000,796000,796000,796000,807940,807940,764520,764520,759270,759270,759280,759280,766900,766900,766920
18640472,인텔 코어i9-13세대 13900 (랩터레이크),인텔 코어i9-13세대 13900,랩터레이크,"_정품_799,070|벌크 + 쿨러_756,590|_벌크 | _정품_799,070|벌크 + 쿨러_785,920|_벌크 | _정품_799,070|벌크 + 쿨러_799,570|_벌크 | _정품_799,080|벌크 + 쿨러_785,920|_벌크 | _정품_799,090|벌크 + 쿨러_788,120|_벌크_764,520|해외구매 | _정품_799,800|벌크 + 쿨러_740,000|_벌크_730,000|해외구매 | _정품_799,800|벌크 + 쿨러_786,780|_벌크_764,520|해외구매 | _정품_799,810|벌크 + 쿨러_740,000|_벌크_730,000|해외구매 | _정품_800,000|벌크 + 쿨러_740,000|_벌크_730,000|해외구매 | _정품_800,010|벌크 + 쿨러_740,000|_벌크_730,000|해외구매 | _정품_800,100|벌크 + 쿨러_740,000|_벌크_730,000|해외구매 | _정품_804,240|벌크 + 쿨러_740,000|_벌크 | _정품_809,450|벌크 + 쿨러_740,000|_벌크_730,000|해외구매 | _정품_809,450|벌크 + 쿨러_788,120|_벌크_765,870|해외구매",730000,730000,730000,730000,730000,790700,790700,790700,790700,796000,796000,796000,796000,796000,796000,796000,796000,796000,796000,796000,807940,807940,764520,764520,759270,759270,759280,759280,766900,766900,766920
18703961,인텔 코어i9-13세대 13900F (랩터레이크),인텔 코어i9-13세대 13900F,랩터레이크,"_정품_757,250|벌크 + 쿨러_664,450|_벌크_644,580|병행수입 박스_693,300|해외구매 | _정품_757,310|벌크 + 쿨러_658,000|_벌크_644,580|병행수입 박스_693,300|해외구매 | _정품_757,420|벌크 + 쿨러_750,620|_벌크_730,740|병행수입 박스_761,940|해외구매 | _정품_757,450|벌크 + 쿨러_708,320|_벌크_730,740|병행수입 박스_762,040|해외구매 | _정품_757,510|벌크 + 쿨러_710,470|_벌크_730,740|병행수입 박스_762,050|해외구매 | _정품_757,610|벌크 + 쿨러_750,620|_벌크_730,740|해외구매 | _정품_766,300|_벌크 + 쿨러_754,780|벌크_734,890|해외구매 | _정품_768,620|벌크 + 쿨러_750,620|_벌크_730,740|해외구매 | _정품_768,740|벌크 + 쿨러_750,620|_벌크_730,740|해외구매 | _정품_768,860|벌크 + 쿨러_750,620|_벌크_730,740|해외구매 | _정품_768,970|벌크 + 쿨러_750,620|_벌크_730,740|해외구매 | _정품_769,000|벌크 + 쿨러_718,000|_벌크_734,890|해외구매 | _정품_769,000|벌크 + 쿨러_721,220|_벌크_734,890|해외구매 | _정품_769,000|벌크 + 쿨러_750,620|_벌크_730,740|해외구매 | _정품_769,000|벌크 + 쿨러_754,780|_벌크_734,890|해외구매",928600,928600,928600,928600,928600,928600,928600,928600,928600,928600,928600,928600,928600,928600,928600,928600,928600,928600,928600,928600,928600,928600,928600,928600,855250,855250,855250,855250,928600,928600,928600
18640442,인텔 코어i9-13세대 13900F (랩터레이크),인텔 코어i9-13세대 13900F,랩터레이크,"_정품_757,250|벌크 + 쿨러_664,450|_벌크_644,580|병행수입 박스_693,300|해외구매 | _정품_757,310|벌크 + 쿨러_658,000|_벌크_644,580|병행수입 박스_693,300|해외구매 | _정품_757,420|벌크 + 쿨러_750,620|_벌크_730,740|병행수입 박스_761,940|해외구매 | _정품_757,450|벌크 + 쿨러_708,320|_벌크_730,740|병행수입 박스_762,040|해외구매 | _정품_757,510|벌크 + 쿨러_710,470|_벌크_730,740|병행수입 박스_762,050|해외구매 | _정품_757,610|벌크 + 쿨러_750,620|_벌크_730,740|해외구매 | _정품_766,300|_벌크 + 쿨러_754,780|벌크_734,890|해외구매 | _정품_768,620|벌크 + 쿨러_750,620|_벌크_730,740|해외구매 | _정품_768,740|벌크 + 쿨러_750,620|_벌크_730,740|해외구매 | _정품_768,860|벌크 + 쿨러_750,620|_벌크_730,740|해외구매 | _정품_768,970|벌크 + 쿨러_750,620|_벌크_730,740|해외구매 | _정품_769,000|벌크 + 쿨러_718,000|_벌크_734,890|해외구매 | _정품_769,000|벌크 + 쿨러_721,220|_벌크_734,890|해외구매 | _정품_769,000|벌크 + 쿨러_750,620|_벌크_730,740|해외구매 | _정품_769,000|벌크 + 쿨러_754,780|_벌크_734,890|해외구매",928600,928600,928600,928600,928600,928600,928600,928600,928600,928600,928600,928600,928600,928600,928600,928600,928600,928600,928600,928600,928600,928600,928600,928600,855250,855250,855250,855250,928600,928600,928600
18198092,인텔 코어i9-13세대 13900K (랩터레이크),인텔 코어i9-13세대 13900K,랩터레이크,"_정품_691,990|벌크 + 쿨러_711,890|벌크_692,040|_해외구매 | _정품_700,280|벌크 + 쿨러_714,050|벌크_697,760|_해외구매 | _정품_703,690|벌크 + 쿨러_714,050|벌크_693,050|_해외구매 | _정품_704,180|벌크 + 쿨러_711,980|벌크_689,980|병행수입 박스_722,440|_해외구매 | _정품_704,180|벌크 + 쿨러_714,050|벌크_693,050|병행수입 박스_722,470|_해외구매 | _정품_704,180|벌크 + 쿨러_714,050|벌크_693,070|병행수입 박스_722,480|_해외구매 | _정품_704,180|벌크 + 쿨러_714,050|벌크_693,070|병행수입 박스_722,490|_해외구매 | _정품_704,180|벌크 + 쿨러_714,050|벌크_693,070|병행수입 박스_722,590|_해외구매 | _정품_704,180|벌크 + 쿨러_714,050|벌크_693,080|병행수입 박스_722,700|_해외구매 | _정품_704,180|벌크 + 쿨러_714,050|벌크_693,080|병행수입 박스_722,800|_해외구매 | _정품_704,180|벌크 + 쿨러_736,450|벌크_693,050|_해외구매 | _정품_704,180|벌크 + 쿨러_736,480|벌크_692,050|_해외구매 | _정품_704,180|벌크 + 쿨러_736,580|벌크_692,050|_해외구매 | _정품_704,180|벌크 + 쿨러_736,700|벌크_692,050|_해외구매 | _정품_704,180|벌크 + 쿨러_736,810|벌크_693,050|_해외구매 | _정품_704,190|벌크 + 쿨러_714,050|벌크_693,080|병행수입 박스_722,900|_해외구매 | _정품_704,190|벌크 + 쿨러_714,060|벌크_693,090|병행수입 박스_723,100|_해외구매 | _정품_704,200|벌크 + 쿨러_716,650|_벌크_695,670|병행수입 박스_723,460|해외구매 | _정품_704,200|벌크 + 쿨러_716,650|벌크_695,670|병행수입 박스_723,200|_해외구매 | _정품_704,200|벌크 + 쿨러_716,650|벌크_695,670|병행수입 박스_723,320|_해외구매 | _정품_704,200|벌크 + 쿨러_716,650|벌크_695,670|병행수입 박스_723,350|_해외구매 | _정품_704,200|벌크 + 쿨러_716,650|벌크_695,670|병행수입 박스_723,450|_해외구매 | _정품_704,810|벌크 + 쿨러_714,050|벌크_687,920|_해외구매 | _정품_704,810|벌크 + 쿨러_714,050|벌크_693,050|_해외구매 | _정품_705,340|벌크 + 쿨러_714,050|벌크_692,040|_해외구매 | _정품_713,360|벌크 + 쿨러_711,890|벌크_692,030|_해외구매",692370,692260,692390,692390,692400,692400,641100,641100,641100,641100,641100,641100,641100,641100,641100,641100,641100,641100,641100,641100,641100,641100,641100,641100,641100,641100,641100,641100,641100,641100,641090
18039569,인텔 코어i9-13세대 13900K (랩터레이크),인텔 코어i9-13세대 13900K,랩터레이크,"_정품_691,990|벌크 + 쿨러_711,890|벌크_692,040|_해외구매 | _정품_700,280|벌크 + 쿨러_714,050|벌크_697,760|_해외구매 | _정품_703,690|벌크 + 쿨러_714,050|벌크_693,050|_해외구매 | _정품_704,180|벌크 + 쿨러_711,980|벌크_689,980|병행수입 박스_722,440|_해외구매 | _정품_704,180|벌크 + 쿨러_714,050|벌크_693,050|병행수입 박스_722,470|_해외구매 | _정품_704,180|벌크 + 쿨러_714,050|벌크_693,070|병행수입 박스_722,480|_해외구매 | _정품_704,180|벌크 + 쿨러_714,050|벌크_693,070|병행수입 박스_722,490|_해외구매 | _정품_704,180|벌크 + 쿨러_714,050|벌크_693,070|병행수입 박스_722,590|_해외구매 | _정품_704,180|벌크 + 쿨러_714,050|벌크_693,080|병행수입 박스_722,700|_해외구매 | _정품_704,180|벌크 + 쿨러_714,050|벌크_693,080|병행수입 박스_722,800|_해외구매 | _정품_704,180|벌크 + 쿨러_736,450|벌크_693,050|_해외구매 | _정품_704,180|벌크 + 쿨러_736,480|벌크_692,050|_해외구매 | _정품_704,180|벌크 + 쿨러_736,580|벌크_692,050|_해외구매 | _정품_704,180|벌크 + 쿨러_736,700|벌크_692,050|_해외구매 | _정품_704,180|벌크 + 쿨러_736,810|벌크_693,050|_해외구매 | _정품_704,190|벌크 + 쿨러_714,050|벌크_693,080|병행수입 박스_722,900|_해외구매 | _정품_704,190|벌크 + 쿨러_714,060|벌크_693,090|병행수입 박스_723,100|_해외구매 | _정품_704,200|벌크 + 쿨러_716,650|_벌크_695,670|병행수입 박스_723,460|해외구매 | _정품_704,200|벌크 + 쿨러_716,650|벌크_695,670|병행수입 박스_723,200|_해외구매 | _정품_704,200|벌크 + 쿨러_716,650|벌크_695,670|병행수입 박스_723,320|_해외구매 | _정품_704,200|벌크 + 쿨러_716,650|벌크_695,670|병행수입 박스_723,350|_해외구매 | _정품_704,200|벌크 + 쿨러_716,650|벌크_695,670|병행수입 박스_723,450|_해외구매 | _정품_704,810|벌크 + 쿨러_714,050|벌크_687,920|_해외구매 | _정품_704,810|벌크 + 쿨러_714,050|벌크_693,050|_해외구매 | _정품_705,340|벌크 + 쿨러_714,050|벌크_692,040|_해외구매 | _정품_713,360|벌크 + 쿨러_711,890|벌크_692,030|_해외구매",692370,692260,692390,692390,692400,692400,641100,641100,641100,641100,641100,641100,641100,641100,641100,641100,641100,641100,641100,641100,641100,641100,641100,641100,641100,641100,641100,641100,641100,641100,641090
18214907,인텔 코어i9-13세대 13900KF (랩터레이크),인텔 코어i9-13세대 13900KF,랩터레이크,"_정품_569,000|벌크 + 쿨러_680,840|_벌크_662,010|해외구매 | _정품_650,610|벌크 + 쿨러_666,310|_벌크_646,460|해외구매 | _정품_652,480|벌크 + 쿨러_668,390|_벌크_648,520|해외구매 | _정품_652,490|벌크 + 쿨러_668,390|_벌크_648,530|해외구매 | _정품_657,660|벌크 + 쿨러_670,460|_벌크_650,610|해외구매 | _정품_657,660|벌크 + 쿨러_672,540|_벌크_652,680|해외구매 | _정품_657,670|벌크 + 쿨러_672,540|_벌크_652,690|해외구매 | _정품_657,880|벌크 + 쿨러_672,550|_벌크_652,690|해외구매 | _정품_661,800|벌크 + 쿨러_677,730|_벌크_657,870|해외구매 | _정품_661,810|벌크 + 쿨러_677,730|_벌크_657,870|해외구매 | _정품_661,820|벌크 + 쿨러_677,740|_벌크_657,880|해외구매 | _정품_664,910|벌크 + 쿨러_681,880|_벌크_662,000|해외구매 | _정품_664,920|벌크 + 쿨러_681,880|_벌크_662,010|해외구매 | _정품_666,990|벌크 + 쿨러_680,840|_벌크_662,010|해외구매",925300,925300,965680,965680,965680,965680,965680,965680,965680,965680,965680,956880,956420,956230,956230,956230,956230,956230,956230,965680,965680,965680,965680,965680,966510,966510,966510,935670,935670,820190,901290
18039512,인텔 코어i9-13세대 13900KF (랩터레이크),인텔 코어i9-13세대 13900KF,랩터레이크,"_정품_569,000|벌크 + 쿨러_680,840|_벌크_662,010|해외구매 | _정품_650,610|벌크 + 쿨러_666,310|_벌크_646,460|해외구매 | _정품_652,480|벌크 + 쿨러_668,390|_벌크_648,520|해외구매 | _정품_652,490|벌크 + 쿨러_668,390|_벌크_648,530|해외구매 | _정품_657,660|벌크 + 쿨러_670,460|_벌크_650,610|해외구매 | _정품_657,660|벌크 + 쿨러_672,540|_벌크_652,680|해외구매 | _정품_657,670|벌크 + 쿨러_672,540|_벌크_652,690|해외구매 | _정품_657,880|벌크 + 쿨러_672,550|_벌크_652,690|해외구매 | _정품_661,800|벌크 + 쿨러_677,730|_벌크_657,870|해외구매 | _정품_661,810|벌크 + 쿨러_677,730|_벌크_657,870|해외구매 | _정품_661,820|벌크 + 쿨러_677,740|_벌크_657,880|해외구매 | _정품_664,910|벌크 + 쿨러_681,880|_벌크_662,000|해외구매 | _정품_664,920|벌크 + 쿨러_681,880|_벌크_662,010|해외구매 | _정품_666,990|벌크 + 쿨러_680,840|_벌크_662,010|해외구매",925300,925300,965680,965680,965680,965680,965680,965680,965680,965680,965680,956880,956420,956230,956230,956230,956230,956230,956230,965680,965680,965680,965680,965680,966510,966510,966510,935670,935670,820190,901290
18925844,인텔 코어i9-13세대 13900KS (랩터레이크),인텔 코어i9-13세대 13900KS,랩터레이크,"_정품_975,470|벌크 + 쿨러_1,056,090|벌크_1,036,670|_해외구매 | _정품_975,470|벌크 + 쿨러_1,101,340|벌크_1,079,710|_해외구매 | _정품_975,480|벌크 + 쿨러_1,056,090|벌크_1,036,670|_해외구매 | _정품_975,490|벌크 + 쿨러_1,056,090|_벌크_1,036,670|해외구매 | _정품_975,490|벌크 + 쿨러_1,056,090|벌크_1,036,670|_해외구매 | _정품_975,490|벌크 + 쿨러_1,101,340|벌크_1,079,710|_해외구매",1553400,1553400,1553400,1553400,1553400,1553400,1553400,1553400,1553400,1553400,1553400,1547300,1547300,1547300,1547300,1547300,1547300,1547300,1547300,1547300,1547300,1547300,1547300,1547300,1425070,1425070,1425070,1425070,1547300,1547300,1547300
18725225,인텔 코어i9-13세대 13900KS (랩터레이크),인텔 코어i9-13세대 13900KS,랩터레이크,"_정품_975,470|벌크 + 쿨러_1,056,090|벌크_1,036,670|_해외구매 | _정품_975,470|벌크 + 쿨러_1,101,340|벌크_1,079,710|_해외구매 | _정품_975,480|벌크 + 쿨러_1,056,090|벌크_1,036,670|_해외구매 | _정품_975,490|벌크 + 쿨러_1,056,090|_벌크_1,036,670|해외구매 | _정품_975,490|벌크 + 쿨러_1,056,090|벌크_1,036,670|_해외구매 | _정품_975,490|벌크 + 쿨러_1,101,340|벌크_1,079,710|_해외구매",1553400,1553400,1553400,1553400,1553400,1553400,1553400,1553400,1553400,1553400,1553400,1547300,1547300,1547300,1547300,1547300,1547300,1547300,1547300,1547300,1547300,1547300,1547300,1547300,1425070,1425070,1425070,1425070,1547300,1547300,1547300
18710705,인텔 코어i9-13세대 13900T (랩터레이크),인텔 코어i9-13세대 13900T,랩터레이크,벌크,837010,837000,836970,836960,836930,836830,836820,836790,836670,836640,836550,836540,836530,836500,836390,836270,836240,836120,836010,846290,846290,846290,850840,850840,850840,850840,850840,850800,850790,850760,850730
32103329,인텔 코어i9-14세대 14900 (랩터레이크 리프레시),인텔 코어i9-14세대 14900,랩터레이크 리프레시,"_정품_810,740|벌크 + 쿨러_830,880|_벌크 | _정품_810,750|벌크 + 쿨러_830,960|_벌크 | _정품_812,730|벌크 + 쿨러_830,990|_벌크 | _정품_815,300|벌크 + 쿨러_833,930|_벌크 | _정품_815,310|벌크 + 쿨러_833,990|_벌크 | _정품_819,360|벌크 + 쿨러_833,990|_벌크 | _정품_819,370|벌크 + 쿨러_833,990|_벌크 | _정품_823,560|벌크 + 쿨러_832,000|_벌크 | _정품_823,590|벌크 + 쿨러_832,000|_벌크 | _정품_823,600|벌크 + 쿨러_832,000|_벌크 | _정품_823,630|벌크 + 쿨러_833,990|_벌크 | _정품_824,740|벌크 + 쿨러_833,990|_벌크 | _정품_824,950|벌크 + 쿨러_833,990|_벌크 | _정품_831,150|벌크 + 쿨러_834,000|_벌크 | _정품_831,160|벌크 + 쿨러_834,000|_벌크 | _정품_832,490|벌크 + 쿨러_832,000|_벌크 | _정품_832,500|벌크 + 쿨러_832,000|_벌크 | _정품_832,500|벌크 + 쿨러_834,000|_벌크 | _정품_834,590|벌크 + 쿨러_834,000|_벌크 | _정품_834,600|벌크 + 쿨러_834,000|_벌크",817770,817770,817770,817770,817770,824200,815690,815690,812370,812370,812370,812370,808430,808430,808430,808430,808430,808430,808430,801160,801160,803220,800070,799560,799560,799560,795910,795900,793290,791730,791730
32037824,인텔 코어i9-14세대 14900 (랩터레이크 리프레시),인텔 코어i9-14세대 14900,랩터레이크 리프레시,"_정품_810,740|벌크 + 쿨러_830,880|_벌크 | _정품_810,750|벌크 + 쿨러_830,960|_벌크 | _정품_812,730|벌크 + 쿨러_830,990|_벌크 | _정품_815,300|벌크 + 쿨러_833,930|_벌크 | _정품_815,310|벌크 + 쿨러_833,990|_벌크 | _정품_819,360|벌크 + 쿨러_833,990|_벌크 | _정품_819,370|벌크 + 쿨러_833,990|_벌크 | _정품_823,560|벌크 + 쿨러_832,000|_벌크 | _정품_823,590|벌크 + 쿨러_832,000|_벌크 | _정품_823,600|벌크 + 쿨러_832,000|_벌크 | _정품_823,630|벌크 + 쿨러_833,990|_벌크 | _정품_824,740|벌크 + 쿨러_833,990|_벌크 | _정품_824,950|벌크 + 쿨러_833,990|_벌크 | _정품_831,150|벌크 + 쿨러_834,000|_벌크 | _정품_831,160|벌크 + 쿨러_834,000|_벌크 | _정품_832,490|벌크 + 쿨러_832,000|_벌크 | _정품_832,500|벌크 + 쿨러_832,000|_벌크 | _정품_832,500|벌크 + 쿨러_834,000|_벌크 | _정품_834,590|벌크 + 쿨러_834,000|_벌크 | _정품_834,600|벌크 + 쿨러_834,000|_벌크",817770,817770,817770,817770,817770,824200,815690,815690,812370,812370,812370,812370,808430,808430,808430,808430,808430,808430,808430,801160,801160,803220,800070,799560,799560,799560,795910,795900,793290,791730,791730
32103278,인텔 코어i9-14세대 14900F (랩터레이크 리프레시),인텔 코어i9-14세대 14900F,랩터레이크 리프레시,"_정품_785,600|벌크 + 쿨러_785,430|_벌크 | _정품_785,620|벌크 + 쿨러_788,380|_벌크 | _정품_790,830|벌크 + 쿨러_790,720|_벌크 | _정품_793,020|벌크 + 쿨러_811,800|_벌크 | _정품_793,310|벌크 + 쿨러_790,240|_벌크 | _정품_793,380|벌크 + 쿨러_794,470|_벌크 | _정품_793,400|벌크 + 쿨러_810,820|_벌크 | _정품_793,450|벌크 + 쿨러_810,820|_벌크 | _정품_793,460|벌크 + 쿨러_810,820|_벌크 | _정품_793,500|벌크 + 쿨러_821,130|_벌크 | _정품_793,520|벌크 + 쿨러_790,240|_벌크 | _정품_798,380|벌크 + 쿨러_814,480|_벌크 | _정품_798,410|벌크 + 쿨러_814,480|_벌크 | _정품_798,420|벌크 + 쿨러_814,480|_벌크 | _정품_798,710|벌크 + 쿨러_796,500|_벌크 | _정품_801,890|벌크 + 쿨러_799,000|_벌크 | _정품_801,900|벌크 + 쿨러_799,000|_벌크 | _정품_801,900|벌크 + 쿨러_814,480|_벌크",780500,780500,780500,780500,780500,779370,779370,779370,779370,779370,779370,779370,779370,779370,779370,779370,773140,773140,773140,766920,766920,770400,770400,770400,770400,770400,770400,770400,766740,761510,760940
32037701,인텔 코어i9-14세대 14900F (랩터레이크 리프레시),인텔 코어i9-14세대 14900F,랩터레이크 리프레시,"_정품_785,600|벌크 + 쿨러_785,430|_벌크 | _정품_785,620|벌크 + 쿨러_788,380|_벌크 | _정품_790,830|벌크 + 쿨러_790,720|_벌크 | _정품_793,020|벌크 + 쿨러_811,800|_벌크 | _정품_793,310|벌크 + 쿨러_790,240|_벌크 | _정품_793,380|벌크 + 쿨러_794,470|_벌크 | _정품_793,400|벌크 + 쿨러_810,820|_벌크 | _정품_793,450|벌크 + 쿨러_810,820|_벌크 | _정품_793,460|벌크 + 쿨러_810,820|_벌크 | _정품_793,500|벌크 + 쿨러_821,130|_벌크 | _정품_793,520|벌크 + 쿨러_790,240|_벌크 | _정품_798,380|벌크 + 쿨러_814,480|_벌크 | _정품_798,410|벌크 + 쿨러_814,480|_벌크 | _정품_798,420|벌크 + 쿨러_814,480|_벌크 | _정품_798,710|벌크 + 쿨러_796,500|_벌크 | _정품_801,890|벌크 + 쿨러_799,000|_벌크 | _정품_801,900|벌크 + 쿨러_799,000|_벌크 | _정품_801,900|벌크 + 쿨러_814,480|_벌크",780500,780500,780500,780500,780500,779370,779370,779370,779370,779370,779370,779370,779370,779370,779370,779370,773140,773140,773140,766920,766920,770400,770400,770400,770400,770400,770400,770400,766740,761510,760940
28920896,인텔 코어i9-14세대 14900K (랩터레이크 리프레시),인텔 코어i9-14세대 14900K,랩터레이크 리프레시,"_정품_792,350|벌크_789,230|_해외구매 | _정품_794,500|벌크_791,270|_해외구매 | _정품_794,510|벌크_783,410|_해외구매 | _정품_796,940|벌크_783,410|_해외구매 | _정품_798,470|벌크_783,410|_해외구매 | _정품_800,140|벌크_780,410|_해외구매 | _정품_800,180|벌크_779,360|_해외구매 | _정품_802,550|벌크_779,360|_해외구매 | _정품_804,110|벌크_779,370|_해외구매 | _정품_804,410|벌크_780,410|_해외구매 | _정품_809,600|벌크_788,170|_해외구매 | _정품_812,710|벌크_788,170|_해외구매 | _정품_812,720|벌크_788,180|_해외구매 | _정품_813,670|벌크_792,860|_해외구매 | _정품_813,670|벌크_797,510|_해외구매 | _정품_814,460|벌크_791,280|_해외구매 | _정품_814,470|벌크_791,290|_해외구매 | _정품_814,480|벌크_791,290|_해외구매",659040,659040,659040,659040,659040,659040,659040,659040,659040,659040,659040,659040,659040,659040,659040,659040,659040,659040,659040,659040,659040,659040,659040,659040,659040,659040,659040,519260,519260,519260,519260
28798964,인텔 코어i9-14세대 14900K (랩터레이크 리프레시),인텔 코어i9-14세대 14900K,랩터레이크 리프레시,"_정품_792,350|벌크_789,230|_해외구매 | _정품_794,500|벌크_791,270|_해외구매 | _정품_794,510|벌크_783,410|_해외구매 | _정품_796,940|벌크_783,410|_해외구매 | _정품_798,470|벌크_783,410|_해외구매 | _정품_800,140|벌크_780,410|_해외구매 | _정품_800,180|벌크_779,360|_해외구매 | _정품_802,550|벌크_779,360|_해외구매 | _정품_804,110|벌크_779,370|_해외구매 | _정품_804,410|벌크_780,410|_해외구매 | _정품_809,600|벌크_788,170|_해외구매 | _정품_812,710|벌크_788,170|_해외구매 | _정품_812,720|벌크_788,180|_해외구매 | _정품_813,670|벌크_792,860|_해외구매 | _정품_813,670|벌크_797,510|_해외구매 | _정품_814,460|벌크_791,280|_해외구매 | _정품_814,470|벌크_791,290|_해외구매 | _정품_814,480|벌크_791,290|_해외구매",659040,659040,659040,659040,659040,659040,659040,659040,659040,659040,659040,659040,659040,659040,659040,659040,659040,659040,659040,659040,659040,659040,659040,659040,659040,659040,659040,519260,519260,519260,519260
28920875,인텔 코어i9-14세대 14900KF (랩터레이크 리프레시),인텔 코어i9-14세대 14900KF,랩터레이크 리프레시,"_정품_757,680|_벌크_755,260|해외구매 | _정품_757,690|_벌크_755,680|해외구매 | _정품_758,000|_벌크_756,300|해외구매 | _정품_758,940|_벌크_757,440|해외구매 | _정품_761,030|_벌크_757,440|해외구매 | _정품_761,960|_벌크_760,050|해외구매 | _정품_762,060|_벌크_748,620|해외구매 | _정품_762,070|_벌크_748,610|해외구매 | _정품_762,280|_벌크_748,610|해외구매 | _정품_764,490|_벌크_748,620|해외구매 | _정품_764,660|_벌크_748,620|해외구매 | _정품_766,840|_벌크_756,930|해외구매 | _정품_767,770|_벌크_756,930|해외구매 | _정품_768,080|_벌크_756,930|해외구매 | _정품_768,290|_벌크_760,030|해외구매 | _정품_769,850|_벌크_760,030|해외구매 | _정품_770,350|_벌크_760,040|해외구매 | _정품_772,130|_벌크_763,140|해외구매 | _정품_772,960|_벌크_763,140|해외구매 | _정품_774,000|_벌크_763,140|해외구매 | _정품_774,830|_벌크_763,140|해외구매 | _정품_777,000|_벌크_763,150|해외구매 | _정품_777,210|_벌크_767,090|해외구매 | _정품_781,050|_벌크_767,090|해외구매 | _정품_781,220|_벌크_767,090|해외구매",904200,904190,904160,904150,904120,899630,899600,899480,899360,899350,899340,899330,899320,899310,899290,921690,921690,937350,937230,937220,937190,937070,936950,936830,865670,865670,865670,865670,937330,937320,937310
28799180,인텔 코어i9-14세대 14900KF (랩터레이크 리프레시),인텔 코어i9-14세대 14900KF,랩터레이크 리프레시,"_정품_757,680|_벌크_755,260|해외구매 | _정품_757,690|_벌크_755,680|해외구매 | _정품_758,000|_벌크_756,300|해외구매 | _정품_758,940|_벌크_757,440|해외구매 | _정품_761,030|_벌크_757,440|해외구매 | _정품_761,960|_벌크_760,050|해외구매 | _정품_762,060|_벌크_748,620|해외구매 | _정품_762,070|_벌크_748,610|해외구매 | _정품_762,280|_벌크_748,610|해외구매 | _정품_764,490|_벌크_748,620|해외구매 | _정품_764,660|_벌크_748,620|해외구매 | _정품_766,840|_벌크_756,930|해외구매 | _정품_767,770|_벌크_756,930|해외구매 | _정품_768,080|_벌크_756,930|해외구매 | _정품_768,290|_벌크_760,030|해외구매 | _정품_769,850|_벌크_760,030|해외구매 | _정품_770,350|_벌크_760,040|해외구매 | _정품_772,130|_벌크_763,140|해외구매 | _정품_772,960|_벌크_763,140|해외구매 | _정품_774,000|_벌크_763,140|해외구매 | _정품_774,830|_벌크_763,140|해외구매 | _정품_777,000|_벌크_763,150|해외구매 | _정품_777,210|_벌크_767,090|해외구매 | _정품_781,050|_벌크_767,090|해외구매 | _정품_781,220|_벌크_767,090|해외구매",904200,904190,904160,904150,904120,899630,899600,899480,899360,899350,899340,899330,899320,899310,899290,921690,921690,937350,937230,937220,937190,937070,936950,936830,865670,865670,865670,865670,937330,937320,937310
40895423,인텔 코어i9-14세대 14900KS (랩터레이크 리프레시),인텔 코어i9-14세대 14900KS,랩터레이크 리프레시,"_정품_963,150|_벌크_956,530|해외구매 | _정품_963,170|_벌크 | _정품_963,210|_벌크 | _정품_963,230|_벌크 | _정품_963,250|_벌크 | _정품_965,790|_벌크 | _정품_965,800|_벌크 | _정품_966,430|_벌크 | _정품_967,450|_벌크 | _정품_967,470|_벌크 | _정품_969,370|_벌크 | _정품_970,320|_벌크 | _정품_973,210|_벌크 | 정품",969380,969380,969380,969380,969380,969370,969370,969370,969370,969370,969370,969370,962540,962530,962410,962290,962180,962060,961940,962540,962540,961220,961220,960180,952190,952180,952060,951980,956530,956530,1076670
63032399,인텔 코어i9-14세대 14900KS (랩터레이크 리프레시),인텔 코어i9-14세대 14900KS,랩터레이크 리프레시,"_정품_963,150|_벌크_956,530|해외구매 | _정품_963,170|_벌크 | _정품_963,210|_벌크 | _정품_963,230|_벌크 | _정품_963,250|_벌크 | _정품_965,790|_벌크 | _정품_965,800|_벌크 | _정품_966,430|_벌크 | _정품_967,450|_벌크 | _정품_967,470|_벌크 | _정품_969,370|_벌크 | _정품_970,320|_벌크 | _정품_973,210|_벌크",0,0,0,0,0,0,0,0,0,0,0,0,962540,962530,962410,962290,962180,962060,961940,962540,962540,961220,961220,960180,952190,952180,952060,951980,956530,956530,1076670
32444732,인텔 코어i9-14세대 14900T (랩터레이크 리프레시),인텔 코어i9-14세대 14900T,랩터레이크 리프레시,벌크,885280,885270,885240,885230,885200,885100,885090,885060,884940,884930,884920,884910,884900,884890,884860,884740,884730,884700,884580,889990,889990,889990,905070,889990,889990,889990,889990,889930,889830,889820,889810
9321774,인텔 코어i9-9세대 9900 (커피레이크-R),인텔 코어i9-9세대 9900,커피레이크-R,"_벌크 + 쿨러_486,540|_벌크 | _벌크 + 쿨러_486,550|_벌크 | _벌크 + 쿨러_486,560|_벌크 | _벌크 + 쿨러_488,020|_벌크 | _벌크 + 쿨러_515,040|_벌크",0,0,0,0,0,0,0,0,0,0,0,0,0,509490,509490,509490,509490,509490,509490,509490,509490,509490,509490,509490,509490,509490,509490,509490,481320,481310,481300
6654427,인텔 코어i9-9세대 9900K (커피레이크-R),인텔 코어i9-9세대 9900K,커피레이크-R,"_벌크 + 쿨러_770,000|벌크_750,000|중고_372,140|_해외구매 | _벌크 + 쿨러_770,000|벌크_750,000|중고_381,470|_해외구매 | _벌크 + 쿨러_770,000|벌크_750,000|중고_404,490|_해외구매 | 벌크 + 쿨러_770,000|벌크_750,000|_중고_381,470|_해외구매",366990,373660,373630,373620,373620,373620,381090,381090,381090,381090,381090,381050,381050,381090,381090,381090,381090,381090,381050,381050,381090,381090,386110,381090,370050,370050,381090,381090,381090,381090,381090
7559767,인텔 코어i9-9세대 9900KF (커피레이크-R),인텔 코어i9-9세대 9900KF,커피레이크-R,"_정품_639,000|벌크 + 쿨러_401,920|_벌크 | _정품_829,500|벌크 + 쿨러_401,920|_벌크",379900,379900,379900,379900,379900,379900,379900,379900,379900,379900,379900,379900,379900,379900,379900,379900,379900,379900,379900,379900,379900,379900,379900,372400,372390,372390,372390,372390,372390,372390,372390
977018,인텔 펜티엄 E6300 (울프데일),인텔 펜티엄 E6300,울프데일,중고,0,0,0,0,0,0,0,0,0,0,0,0,0,0,1860,0,0,0,0,0,0,0,0,0,0,0,0,0,0,1280,1280
4148123,인텔 펜티엄 E6500 (울프데일),인텔 펜티엄 E6500,울프데일,중고,0,0,0,0,1990,1990,1990,1990,1990,1990,0,0,0,1990,1990,1990,1990,1990,1990,1990,1990,1990,1990,1990,1990,1990,1990,1990,1990,1990,1990
1205754,인텔 펜티엄 E6700 (울프데일),인텔 펜티엄 E6700,울프데일,벌크 + 쿨러,0,0,0,0,0,0,0,0,0,0,0,0,0,21640,21640,21640,21640,21640,21640,21640,0,0,0,0,0,0,0,0,0,0,0
1917905,인텔 펜티엄 G2020 (아이비브릿지),인텔 펜티엄 G2020,아이비브릿지,_벌크_890|_중고 | _벌크_900|_중고,850,850,850,890,890,890,890,890,890,0,0,0,0,0,0,0,0,0,0,0,0,0,0,0,0,0,840,0,890,890,890
15833633,인텔 펜티엄 G2020 (아이비브릿지),인텔 펜티엄 G2020,아이비브릿지,중고,0,0,0,0,0,0,0,0,0,890,890,890,890,890,890,890,890,890,890,890,890,890,890,890,840,840,0,840,0,0,0
1964344,인텔 펜티엄 G2130 (아이비브릿지),인텔 펜티엄 G2130,아이비브릿지,중고,0,0,0,0,0,0,0,0,2390,2390,2390,2390,2390,2390,2390,2390,0,0,0,0,0,2390,2390,2390,2390,2390,2390,2390,0,0,0
6112933,인텔 펜티엄 G3220 (하스웰),인텔 펜티엄 G3220,하스웰,"_중고_1,690|_벌크 | _중고_1,700|_벌크 | _중고_1,700|_벌크 + 쿨러_6,510|벌크 | _중고_1,700|_벌크 + 쿨러_6,640|벌크 | _중고_1,700|_벌크 + 쿨러_6,650|벌크 | _중고_1,890|_벌크 | _중고_1,890|_벌크 + 쿨러_6,650|벌크",2240,2240,2240,2240,2240,2390,1920,1920,2000,2000,2000,2000,2000,2000,2000,2000,2000,2000,2000,2000,2390,2390,2260,2390,2210,2210,2390,2390,2390,2390,2390
2783187,인텔 펜티엄 G3240 (하스웰 리프레시),인텔 펜티엄 G3240,하스웰 리프레시,"_벌크 + 쿨러_6,360|_중고 | _벌크 + 쿨러_6,640|_중고",1790,1790,1800,1790,1790,1790,1790,1790,1790,1790,1790,1790,1790,1790,1790,1790,1790,1790,1790,1790,0,0,0,0,0,0,0,0,0,0,0
6112992,인텔 펜티엄 G3240 (하스웰 리프레시),인텔 펜티엄 G3240,하스웰 리프레시,중고,0,0,0,0,0,0,0,0,0,0,0,0,0,0,0,0,0,0,0,0,1800,1800,3000,1800,1800,1800,1800,1800,1800,1800,1800
6112998,인텔 펜티엄 G3250 (하스웰 리프레시),인텔 펜티엄 G3250,하스웰 리프레시,중고,1980,1980,1980,1980,1980,1980,1980,1980,1980,1980,1980,1980,1980,1980,1980,1980,1980,1980,1980,1980,1990,1990,2490,1990,1990,0,0,0,0,0,0
6113009,인텔 펜티엄 G3258 (하스웰),인텔 펜티엄 G3258,하스웰,중고,4900,4900,4900,4900,4900,4900,4900,0,4900,4900,0,0,0,0,0,0,0,0,0,0,0,0,0,0,4900,0,0,4900,0,0,0
3169325,인텔 펜티엄 G3260 (하스웰 리프레시),인텔 펜티엄 G3260,하스웰 리프레시,"_벌크 + 쿨러_7,120|벌크_4,250|_중고 | 벌크 + 쿨러_20,700|_벌크_4,250|_중고 | 벌크 + 쿨러_20,700|_벌크_4,800|_중고 | 벌크 + 쿨러_21,790|_벌크_4,240|_중고 | 벌크 + 쿨러_7,120|_벌크_4,250|_중고 | 벌크 + 쿨러_7,120|_벌크_4,500|_중고",2370,2370,2370,2370,2370,2370,2370,2370,2370,2370,2370,2370,2370,2370,2370,2370,2370,2370,2370,2370,2990,2990,2990,2990,2760,2760,2760,2760,2990,2990,2490
2216199,인텔 펜티엄 G3420 (하스웰),인텔 펜티엄 G3420,하스웰,"_벌크 + 쿨러_7,490|_벌크_3,000|중고 | 벌크 + 쿨러_7,490|_벌크_3,000|_중고 | 벌크 + 쿨러_7,500|_벌크_3,000|_중고 | 벌크 + 쿨러_7,500|_벌크_3,790|_중고 | 벌크 + 쿨러_7,500|_벌크_3,800|_중고",2490,2490,2490,2490,2490,2490,2490,2490,2490,2490,2490,2490,2490,2490,2490,2490,2490,2490,2490,2490,0,0,0,0,0,0,0,0,0,0,0
2216200,인텔 펜티엄 G3420 (하스웰),인텔 펜티엄 G3420,하스웰,"_벌크_3,000|_중고 | _벌크_3,800|_중고",0,0,0,0,0,0,0,0,0,0,0,0,0,0,0,0,0,0,0,0,4208,4208,4208,4208,4208,4208,4208,4250,4250,4250,2490
6113075,인텔 펜티엄 G3450 (하스웰 리프레시),인텔 펜티엄 G3450,하스웰 리프레시,중고,3000,3000,0,0,3000,3000,3000,3000,0,3000,0,3000,3000,0,0,0,0,0,0,0,0,0,0,0,0,0,0,0,0,0,0
3493026,인텔 펜티엄 G4400 (스카이레이크),인텔 펜티엄 G4400,스카이레이크,"_벌크 + 쿨러_7,630|벌크_3,000|_중고 | _벌크 + 쿨러_7,640|벌크_3,000|_중고 | _벌크 + 쿨러_7,670|벌크_3,000|_중고 | _벌크 + 쿨러_7,700|벌크_3,000|_중고 | _벌크 + 쿨러_7,710|벌크_3,000|_중고 | _벌크 + 쿨러_7,720|벌크_3,500|_중고 | _벌크 + 쿨러_7,730|벌크_3,500|_중고 | _벌크 + 쿨러_7,740|벌크_3,500|_중고 | _벌크 + 쿨러_7,750|벌크_3,000|_중고 | _벌크 + 쿨러_7,750|벌크_5,690|_중고 | _벌크 + 쿨러_9,090|벌크_3,700|_중고 | 벌크 + 쿨러_7,660|_벌크_3,000|_중고 | 벌크 + 쿨러_7,970|_벌크_3,700|_중고 | 벌크 + 쿨러_9,090|_벌크_3,700|_중고 | 벌크 + 쿨러_9,090|_벌크_5,690|_중고",3630,3630,3630,3630,3630,3630,3630,3630,3630,3630,3630,3630,3630,3500,3500,3500,3500,3500,3490,3000,3000,3000,3450,3000,3000,3000,3000,3000,3000,3000,3000
7467193,인텔 펜티엄 G4500 (스카이레이크),인텔 펜티엄 G4500,스카이레이크,중고,5990,5990,6000,0,5990,5990,5990,5990,5930,5920,5910,5910,5910,5910,5910,5910,5910,5910,5910,5990,5990,5990,6070,5990,5990,5990,5990,5960,5950,5940,5930
4866397,인텔 펜티엄 G4560 (카비레이크),인텔 펜티엄 G4560,카비레이크,"_벌크 + 쿨러_10,460|벌크_4,720|_중고 | _벌크 + 쿨러_10,460|벌크_4,820|_중고 | _벌크 + 쿨러_10,470|벌크_4,820|_중고 | _벌크 + 쿨러_10,480|벌크_4,820|_중고 | _벌크 + 쿨러_10,490|벌크_4,820|_중고 | _벌크 + 쿨러_10,610|벌크_4,820|_중고 | _벌크 + 쿨러_10,730|벌크_4,820|_중고 | _벌크 + 쿨러_5,920|벌크_4,820|_중고 | _벌크 + 쿨러_8,920|벌크_4,400|_중고 | _벌크 + 쿨러_8,960|벌크_4,350|_중고 | _벌크 + 쿨러_8,960|벌크_4,410|_중고 | _벌크 + 쿨러_9,010|벌크_4,420|_중고 | _벌크 + 쿨러_9,020|벌크_4,430|_중고 | _벌크 + 쿨러_9,020|벌크_4,450|_중고 | _벌크 + 쿨러_9,030|벌크_4,440|_중고 | _벌크 + 쿨러_9,060|벌크_4,470|_중고 | _벌크 + 쿨러_9,080|벌크_4,360|_중고 | _벌크 + 쿨러_9,110|벌크_4,450|_중고 | _벌크 + 쿨러_9,120|벌크_4,480|_중고 | _벌크 + 쿨러_9,150|벌크_4,510|_중고 | _벌크 + 쿨러_9,160|벌크_4,520|_중고",4490,4490,4490,4490,4490,4490,4490,4290,4290,4290,4290,4290,4290,4250,4270,4280,4280,4280,4280,4280,4280,4280,4470,4280,4280,4280,4280,4250,4260,4050,4050
5221428,인텔 펜티엄 G4600 (카비레이크),인텔 펜티엄 G4600,카비레이크,"_벌크 + 쿨러_13,530|벌크_8,640|_중고 | _벌크 + 쿨러_13,630|벌크_8,640|_중고 | _벌크 + 쿨러_13,640|벌크_8,640|_중고 | 벌크 + 쿨러_11,430|_벌크_8,990|_중고 | 벌크 + 쿨러_11,440|_벌크_8,990|_중고 | 벌크 + 쿨러_11,450|_벌크_8,990|_중고 | 벌크 + 쿨러_11,460|_벌크_8,830|_중고 | 벌크 + 쿨러_11,460|_벌크_8,990|_중고 | 벌크 + 쿨러_11,490|_벌크_8,830|_중고 | 벌크 + 쿨러_11,490|_벌크_8,990|_중고 | 벌크 + 쿨러_11,680|_벌크_9,200|_중고 | 벌크 + 쿨러_12,490|_벌크_8,640|_중고 | 벌크 + 쿨러_12,890|_벌크_8,640|_중고 | 벌크 + 쿨러_12,900|_벌크_8,640|_중고 | 벌크 + 쿨러_13,250|_벌크_8,640|_중고 | 벌크 + 쿨러_13,350|_벌크_8,640|_중고 | 벌크 + 쿨러_13,460|_벌크_8,640|_중고 | 벌크 + 쿨러_13,470|_벌크_8,640|_중고 | 벌크 + 쿨러_13,480|_벌크_8,640|_중고 | 벌크 + 쿨러_13,490|_벌크_8,640|_중고 | 벌크 + 쿨러_13,500|_벌크_8,640|_중고 | 벌크 + 쿨러_13,640|_벌크_8,640|_중고",6290,6290,6290,6290,6290,6290,6190,5990,5990,5990,5990,5990,5990,5990,5990,5990,5990,5990,5960,5950,5820,5970,5860,5770,5810,5780,5790,5810,5920,5910,4990
1376157,인텔 펜티엄 G620 (샌디브릿지),인텔 펜티엄 G620,샌디브릿지,"_벌크_1,490|_중고 | _벌크_1,800|_중고",2370,2400,2370,2370,2370,2370,2370,2370,2370,2370,2370,2370,2370,2370,2370,2370,2400,2400,2400,2400,2400,2400,2400,2400,2400,2400,2400,2400,2400,2400,3180
1520561,인텔 펜티엄 G630 (샌디브릿지),인텔 펜티엄 G630,샌디브릿지,"_정품_2,150|_벌크_2,700|중고 | _정품_2,160|_벌크_2,700|중고 | _정품_2,160|벌크_2,700|_중고 | _정품_2,170|_벌크_2,700|중고 | _정품_2,240|_벌크_2,700|중고 | _정품_2,280|벌크_2,700|_중고",2200,2200,2200,2200,2200,2200,2200,2330,2330,2330,2330,2330,2330,2406,2406,2406,2406,2406,2406,2406,2406,2406,2406,2406,2406,2406,2406,2430,2430,2430,2430
1824690,인텔 펜티엄 G645 (샌디브릿지),인텔 펜티엄 G645,샌디브릿지,중고,0,0,0,16300,16300,4300,4300,4300,4300,4300,4300,4300,4300,4300,4300,4300,0,0,0,0,0,0,0,0,0,0,0,0,0,0,0
1376038,인텔 펜티엄 G840 (샌디브릿지),인텔 펜티엄 G840,샌디브릿지,중고,1500,1500,1500,1500,1500,1500,0,0,0,0,1500,1500,1500,1500,1500,1500,1500,1500,1500,1500,1500,0,0,0,0,0,0,0,0,0,1500
1376176,인텔 펜티엄 G850 (샌디브릿지),인텔 펜티엄 G850,샌디브릿지,중고,1500,1500,1500,1500,1500,1500,1500,0,0,0,0,0,0,0,0,1500,1500,1500,1500,1500,1500,1500,1500,1500,1500,1500,1500,1500,1500,1500,1500
1513439,인텔 펜티엄 G860 (샌디브릿지),인텔 펜티엄 G860,샌디브릿지,중고,1600,1600,1600,1600,1600,1600,1600,1600,1600,1600,1600,1600,1600,1600,1600,1600,1600,1600,1600,1600,1600,1600,1600,1600,1600,1600,1600,1590,1590,1590,1590
6060229,인텔 펜티엄 골드 G5400 (커피레이크),인텔 펜티엄 골드 G5400,커피레이크,"벌크 + 쿨러_21,380|_벌크_14,620|해외구매_183,100|_중고 | 벌크 + 쿨러_21,380|_벌크_14,620|해외구매_250,800|_중고 | 벌크 + 쿨러_21,430|_벌크_14,620|해외구매_183,100|_중고 | 벌크 + 쿨러_21,440|_벌크_14,620|해외구매_183,100|_중고 | 벌크 + 쿨러_21,450|_벌크_14,620|해외구매_183,100|_중고 | 벌크 + 쿨러_21,550|_벌크_14,620|해외구매_183,100|_중고 | 벌크 + 쿨러_21,610|_벌크_14,620|해외구매_183,100|_중고 | 벌크 + 쿨러_21,790|_벌크_14,620|해외구매_183,100|_중고 | 벌크 + 쿨러_21,970|_벌크_14,620|해외구매_183,100|_중고",12390,12390,12390,12390,12390,12390,12390,10990,10990,10990,10990,10990,10990,10990,12390,12390,12390,12390,12390,12390,12390,12390,12480,11990,11500,11500,11500,11500,11990,11480,11480
10535205,인텔 펜티엄 골드 G5420 (커피레이크-R),인텔 펜티엄 골드 G5420,커피레이크-R,"_벌크_15,710|_중고 | _벌크_16,670|_중고 | _벌크_16,730|_중고 | _벌크_16,740|_중고 | _벌크_16,760|_중고 | _벌크_16,770|_중고 | _벌크_17,090|_중고",14990,14990,14990,14990,14990,14990,14990,14990,14990,14990,14990,14990,14990,14990,14990,14990,14990,14990,14990,14990,14990,14990,14990,14990,13800,13800,13800,13800,14990,14990,14990
14737589,인텔 펜티엄 골드 G5620 (커피레이크-R),인텔 펜티엄 골드 G5620,커피레이크-R,해외구매,0,237000,237000,237000,237000,237000,237000,237000,0,0,0,0,0,0,0,0,0,0,237000,237000,237000,237000,237000,237000,237000,237000,237000,237000,237000,237000,237000
11405214,인텔 펜티엄 골드 G6400 (코멧레이크S),인텔 펜티엄 골드 G6400,코멧레이크S,"_정품_92,890|_벌크 + 쿨러_87,900|벌크_76,140|해외구매_100,800|중고 | _정품_92,890|_벌크 + 쿨러_87,900|벌크_76,260|해외구매_100,800|중고 | _정품_92,890|_벌크 + 쿨러_87,900|벌크_76,290|해외구매_100,800|중고 | _정품_92,890|_벌크 + 쿨러_87,900|벌크_76,330|해외구매_100,800|중고 | _정품_92,890|_벌크 + 쿨러_87,900|벌크_76,340|해외구매_100,800|중고 | _정품_92,890|_벌크 + 쿨러_87,900|벌크_78,440|해외구매_100,800|중고 | _정품_92,890|_벌크 + 쿨러_87,900|벌크_78,590|해외구매_100,800|중고 | _정품_92,890|_벌크 + 쿨러_87,900|벌크_78,600|해외구매_100,800|중고 | _정품_92,890|_벌크 + 쿨러_87,900|벌크_78,700|해외구매_119,290|중고 | _정품_92,890|_벌크 + 쿨러_87,900|벌크_78,740|해외구매_117,490|중고 | _정품_92,890|_벌크 + 쿨러_87,900|벌크_78,770|해외구매_117,490|중고 | _정품_92,890|_벌크 + 쿨러_87,900|벌크_78,780|해외구매_108,790|중고 | _정품_92,890|벌크 + 쿨러_87,900|_벌크_75,430|해외구매_100,800|중고 | _정품_92,890|벌크 + 쿨러_87,900|_벌크_76,300|해외구매_100,800|중고 | _정품_92,890|벌크 + 쿨러_87,900|_벌크_76,360|해외구매_100,800|중고 | _정품_92,890|벌크 + 쿨러_87,900|_벌크_77,790|해외구매_100,800|중고 | _정품_92,890|벌크 + 쿨러_87,900|_벌크_77,890|해외구매_100,800|중고 | _정품_92,890|벌크 + 쿨러_87,900|_벌크_78,400|해외구매_100,800|중고 | _정품_92,890|벌크 + 쿨러_87,900|_벌크_78,410|해외구매_100,800|중고 | _정품_92,890|벌크 + 쿨러_87,900|_벌크_78,420|해외구매_100,800|중고 | _정품_92,890|벌크 + 쿨러_87,900|_벌크_78,430|해외구매_100,800|중고 | _정품_92,890|벌크 + 쿨러_87,900|_벌크_78,560|해외구매_100,800|중고 | _정품_92,890|벌크 + 쿨러_87,900|_벌크_78,730|해외구매_119,290|중고 | _정품_92,890|벌크 + 쿨러_87,900|벌크_75,370|_해외구매_100,800|중고 | _정품_92,890|벌크 + 쿨러_87,900|벌크_75,380|_해외구매_100,800|중고 | _정품_92,890|벌크 + 쿨러_87,900|벌크_75,390|_해외구매_100,800|중고 | _정품_92,890|벌크 + 쿨러_87,900|벌크_75,400|_해외구매_100,800|중고 | _정품_92,890|벌크 + 쿨러_87,900|벌크_76,250|_해외구매_100,800|중고 | _정품_92,890|벌크 + 쿨러_87,900|벌크_77,890|_해외구매_100,800|중고",74990,74960,74840,74830,74800,74700,74690,74660,74970,74860,74760,74750,74740,74720,74690,74580,74550,74440,74320,74310,74180,74060,73940,73820,73700,73580,73460,73410,73400,73330,73320
13620101,인텔 펜티엄 골드 G6405 (코멧레이크S 리프레시),인텔 펜티엄 골드 G6405,코멧레이크S 리프레시,"_정품_92,880|_벌크 + 쿨러_87,120|벌크_81,890|해외구매 | _정품_92,880|_벌크 + 쿨러_87,650|벌크_82,480|해외구매 | _정품_92,880|벌크 + 쿨러_86,701|_벌크_81,890|해외구매 | _정품_92,880|벌크 + 쿨러_87,120|_벌크_59,000|해외구매 | _정품_92,880|벌크 + 쿨러_87,120|_벌크_81,890|해외구매 | _정품_92,880|벌크 + 쿨러_87,130|_벌크_81,970|해외구매 | _정품_92,880|벌크 + 쿨러_87,650|_벌크_82,480|해외구매 | _정품_92,880|벌크 + 쿨러_87,660|_벌크_82,490|해외구매 | _정품_93,060|_벌크 + 쿨러_87,650|벌크_82,480|해외구매 | _정품_93,060|벌크 + 쿨러_87,650|_벌크_82,480|해외구매",156800,156800,156800,156800,156800,156800,156800,156800,156800,156800,156800,159130,159130,139380,139370,139370,139370,139370,139370,139370,139370,139370,139370,139370,139370,139370,139370,139370,139370,139370,139370
14241752,인텔 펜티엄 골드 G6605 (코멧레이크S 리프레시),인텔 펜티엄 골드 G6605,코멧레이크S 리프레시,해외구매,0,0,0,137770,137740,137640,137630,137600,137480,0,0,0,0,0,0,0,0,0,0,0,0,0,0,0,0,0,0,0,0,0,0
16100921,인텔 펜티엄 골드 G7400 (엘더레이크),인텔 펜티엄 골드 G7400,엘더레이크,"_정품_124,990|_벌크 + 쿨러_100,690|벌크_91,450|해외구매 | _정품_124,990|_벌크 + 쿨러_98,340|벌크_88,930|해외구매 | _정품_124,990|_벌크 + 쿨러_98,350|벌크_88,930|해외구매 | _정품_124,990|벌크 + 쿨러_100,700|_벌크_91,460|해외구매 | _정품_124,990|벌크 + 쿨러_101,320|_벌크_92,070|해외구매 | _정품_124,990|벌크 + 쿨러_103,380|_벌크_91,900|해외구매 | _정품_124,990|벌크 + 쿨러_105,920|_벌크_91,900|해외구매 | _정품_124,990|벌크 + 쿨러_97,360|_벌크_88,860|해외구매 | _정품_124,990|벌크 + 쿨러_97,680|_벌크_88,930|해외구매 | _정품_124,990|벌크 + 쿨러_97,860|_벌크_88,930|해외구매 | _정품_124,990|벌크 + 쿨러_98,340|_벌크_88,930|해외구매 | _정품_124,990|벌크 + 쿨러_98,350|_벌크_88,930|해외구매",203500,203500,203500,203500,203500,203500,203500,203500,203500,203500,203500,203500,203500,203500,203500,203500,203500,203500,203500,203500,203500,203500,203500,203500,203500,203500,203500,203500,203500,203500,203500
38452358,인텔 프로세서 300 (랩터레이크 리프레시),인텔 프로세서 300,랩터레이크 리프레시,"_정품_127,110|벌크 + 쿨러_113,150|_벌크 | _정품_131,390|벌크 + 쿨러_113,050|_벌크 | _정품_131,390|벌크 + 쿨러_113,150|_벌크 | _정품_131,820|벌크 + 쿨러_113,030|_벌크 | _정품_131,840|벌크 + 쿨러_113,040|_벌크 | _정품_131,880|벌크 + 쿨러_113,150|_벌크 | _정품_131,880|벌크 + 쿨러_117,060|_벌크 | _정품_131,890|_벌크 + 쿨러_117,820|벌크 | _정품_131,890|_벌크 + 쿨러_117,940|벌크 | _정품_131,890|_벌크 + 쿨러_118,050|벌크 | _정품_131,890|벌크 + 쿨러_110,000|_벌크 | _정품_131,890|벌크 + 쿨러_111,920|_벌크 | _정품_131,890|벌크 + 쿨러_117,180|_벌크 | _정품_131,890|벌크 + 쿨러_117,300|_벌크 | _정품_131,890|벌크 + 쿨러_117,360|_벌크 | _정품_131,890|벌크 + 쿨러_117,480|_벌크 | _정품_131,890|벌크 + 쿨러_117,590|_벌크 | _정품_131,890|벌크 + 쿨러_117,620|_벌크 | _정품_131,890|벌크 + 쿨러_117,740|_벌크 | _정품_131,890|벌크 + 쿨러_117,770|_벌크 | _정품_131,890|벌크 + 쿨러_117,780|_벌크 | _정품_131,890|벌크 + 쿨러_117,790|_벌크 | _정품_131,890|벌크 + 쿨러_117,800|_벌크 | _정품_131,890|벌크 + 쿨러_117,810|_벌크 | _정품_131,890|벌크 + 쿨러_122,990|_벌크 | _정품_132,590|벌크 + 쿨러_117,330|_벌크 | _정품_132,590|벌크 + 쿨러_117,350|_벌크",101910,101910,101910,101910,101910,111990,107490,107380,107260,107250,107240,107230,107220,107190,107080,106960,106950,106920,106800,106790,106660,106540,106420,106300,103030,103030,103030,102970,102870,102860,102850
32039399,인텔 프로세서 300 (랩터레이크 리프레시),인텔 프로세서 300,랩터레이크 리프레시,"_정품_127,110|벌크 + 쿨러_113,150|_벌크 | _정품_131,390|벌크 + 쿨러_113,050|_벌크 | _정품_131,390|벌크 + 쿨러_113,150|_벌크 | _정품_131,820|벌크 + 쿨러_113,030|_벌크 | _정품_131,840|벌크 + 쿨러_113,040|_벌크 | _정품_131,880|벌크 + 쿨러_113,150|_벌크 | _정품_131,880|벌크 + 쿨러_117,060|_벌크 | _정품_131,890|_벌크 + 쿨러_117,820|벌크 | _정품_131,890|_벌크 + 쿨러_117,940|벌크 | _정품_131,890|_벌크 + 쿨러_118,050|벌크 | _정품_131,890|벌크 + 쿨러_110,000|_벌크 | _정품_131,890|벌크 + 쿨러_111,920|_벌크 | _정품_131,890|벌크 + 쿨러_117,180|_벌크 | _정품_131,890|벌크 + 쿨러_117,300|_벌크 | _정품_131,890|벌크 + 쿨러_117,360|_벌크 | _정품_131,890|벌크 + 쿨러_117,480|_벌크 | _정품_131,890|벌크 + 쿨러_117,590|_벌크 | _정품_131,890|벌크 + 쿨러_117,620|_벌크 | _정품_131,890|벌크 + 쿨러_117,740|_벌크 | _정품_131,890|벌크 + 쿨러_117,770|_벌크 | _정품_131,890|벌크 + 쿨러_117,780|_벌크 | _정품_131,890|벌크 + 쿨러_117,790|_벌크 | _정품_131,890|벌크 + 쿨러_117,800|_벌크 | _정품_131,890|벌크 + 쿨러_117,810|_벌크 | _정품_131,890|벌크 + 쿨러_122,990|_벌크 | _정품_132,590|벌크 + 쿨러_117,330|_벌크 | _정품_132,590|벌크 + 쿨러_117,350|_벌크",101910,101910,101910,101910,101910,111990,107490,107380,107260,107250,107240,107230,107220,107190,107080,106960,106950,106920,106800,106790,106660,106540,106420,106300,103030,103030,103030,102970,102870,102860,102850
