Id,Name,cpu_model,cpu_codename,sale_info,2025-06-01,2025-06-02,2025-06-03,2025-06-04,2025-06-05,2025-06-06,2025-06-07,2025-06-08,2025-06-09,2025-06-10,2025-06-11,2025-06-12,2025-06-13,2025-06-14,2025-06-15,2025-06-16,2025-06-17,2025-06-18,2025-06-19,2025-06-20,2025-06-21,2025-06-22,2025-06-23,2025-06-24,2025-06-25,2025-06-26,2025-06-27,2025-06-28,2025-06-29,2025-06-30
89607479,AMD EPYC 4584PX (라파엘),AMD EPYC 4584PX,라파엘,멀티팩 정품,937220,937220,937220,937220,937220,937220,937220,937220,937220,937220,937220,937220,937220,937220,937220,937220,937220,937220,937220,937220,937220,937220,937220,937220,0,0,0,0,0,0
92678627,AMD EPYC 4585PX (그라도),AMD EPYC 4585PX,그라도,0,0,0,0,0,0,0,0,0,0,0,0,0,0,0,0,0,0,0,0,0,0,0,0,0,0,0,0,0,0,0
9736854,AMD EPYC 7232P (롬),AMD EPYC 7232P,롬,정품,1124000,1124000,1124000,1124000,1124000,1124000,1124000,1124000,1124000,1124000,1124000,1124000,1124000,1124000,1124000,1124000,1124000,1124000,1124000,1124000,1124000,1124000,1124000,1124000,0,0,0,0,0,0
9736833,AMD EPYC 7262 (롬),AMD EPYC 7262,롬,정품,1377000,0,1377000,1377000,1377000,1377000,1377000,1377000,1377000,1377000,1377000,1377000,1377000,1377000,1377000,1377000,1377000,0,0,0,0,0,0,0,0,0,0,0,0,0
9736752,AMD EPYC 7302 (롬),AMD EPYC 7302,롬,정품,2002800,2002800,2002800,2002800,2002800,2002800,2002800,2002800,2002800,2002800,2002800,2002800,2002800,2002800,2002800,2002800,2002800,2002800,2002800,2002800,2002800,2002800,2002800,2002800,0,0,0,0,0,0
9736680,AMD EPYC 7452 (롬),AMD EPYC 7452,롬,정품,4400000,4400000,4400000,4400000,4400000,4400000,4400000,4400000,4400000,4400000,4400000,4400000,4400000,4400000,4400000,4400000,4400000,4400000,4400000,4400000,4400000,4400000,4400000,4400000,0,0,0,0,0,0
16909040,AMD EPYC 7543 (밀라노),AMD EPYC 7543,밀라노,정품,1703890,1703800,1703770,1703650,1703530,1703460,0,0,0,1702980,1702900,1702870,1702750,1702630,1702500,1702380,1702300,1702270,1702140,1702030,1701910,1701780,0,0,0,0,0,0,0,0
9736071,AMD EPYC 7742 (롬),AMD EPYC 7742,롬,정품,14999910,14999910,14999910,14999910,14999910,14999910,14999910,14999910,14999910,14999910,14999910,14999910,14999910,14999910,14999910,14999910,14999910,14999910,14999910,14999910,14999910,14999910,14999910,14999910,0,0,0,0,0,0
16908977,AMD EPYC 7763 (밀라노),AMD EPYC 7763,밀라노,정품,15699990,15699990,15699990,15699990,15699990,15699990,15699990,15699990,15699990,15699990,15699990,15699990,15699990,15699990,15699990,15699990,15699990,15699990,15699990,15699990,15699990,15699990,15699990,15699990,0,0,0,0,0,0
28159028,AMD FX 4100 (잠베지),AMD FX 4100,잠베지,중고,0,0,0,0,0,0,0,0,0,0,0,0,0,0,3140,0,0,3140,3120,0,0,0,0,0,0,0,0,0,0,0
4143917,AMD FX 8300 (비쉐라),AMD FX 8300,비쉐라,중고,20910,20910,20910,20910,20910,20910,20910,20910,20910,20910,20910,20910,21140,21140,21140,21140,21140,21140,21050,21010,20920,20920,20910,20920,0,0,0,0,0,0
11035590,AMD 라이젠 스레드리퍼 1900X (화이트헤븐),AMD 라이젠 스레드리퍼 1900X,화이트헤븐,해외구매,551200,556200,556200,556200,549200,556200,549200,549200,526200,526200,556200,556200,556200,556200,556200,556200,556200,556200,556200,556200,556200,556200,556200,556200,0,0,0,0,0,0
5565155,AMD 라이젠 스레드리퍼 1920X (화이트헤븐),AMD 라이젠 스레드리퍼 1920X,화이트헤븐,해외구매,184050,186100,172080,168260,172080,178150,186230,182390,176630,176630,186230,189290,189290,189290,189290,189290,189290,177820,177820,189290,189290,189290,181640,189290,0,0,0,0,0,0
5565728,AMD 라이젠 스레드리퍼 1950X (화이트헤븐),AMD 라이젠 스레드리퍼 1950X,화이트헤븐,해외구매,440010,439920,439890,439770,439650,439580,439470,439340,439220,439110,439020,438990,438870,438750,438620,438500,438420,438390,408850,408850,441880,441880,441880,441880,0,0,0,0,0,0
10946196,AMD 라이젠 스레드리퍼 2920X (콜팩스),AMD 라이젠 스레드리퍼 2920X,콜팩스,해외구매,443190,443190,410410,443190,443190,443190,443190,443190,443190,443190,443190,443190,443190,443190,443190,443190,443190,443190,443190,443190,437790,437790,437790,437800,0,0,0,0,0,0
11036559,AMD 라이젠 스레드리퍼 2950X (콜팩스),AMD 라이젠 스레드리퍼 2950X,콜팩스,해외구매,722190,722190,722190,722190,722190,722190,722190,722190,722190,722190,722190,722190,722190,722190,722190,722190,722190,722190,722190,722190,722190,722190,722190,722190,0,0,0,0,0,0
11038053,AMD 라이젠 스레드리퍼 2970WX (콜팩스),AMD 라이젠 스레드리퍼 2970WX,콜팩스,해외구매,1681340,1681340,1579920,1681350,1681350,1681350,1681350,1681350,1681350,1681350,1681350,1681350,1681350,1681350,1681350,1681350,1681350,1681350,1681350,1681350,1703300,1703300,1703300,1703300,0,0,0,0,0,0
11035740,AMD 라이젠 스레드리퍼 2990WX (콜팩스),AMD 라이젠 스레드리퍼 2990WX,콜팩스,해외구매,1431600,1431470,1431360,1431240,1431120,1431040,1430920,1430790,1430670,1430590,1439590,1439590,1439590,1439590,1439590,1439590,1439590,1439590,1439590,1439590,1439590,1439590,1439590,1439590,0,0,0,0,0,0
11035356,AMD 라이젠 스레드리퍼 3960X (캐슬 픽),AMD 라이젠 스레드리퍼 3960X,캐슬 픽,해외구매,1441190,1441190,1441190,1441190,1441190,1441190,1441190,1441190,1441190,1441190,1441190,1441190,1441190,1441190,1441190,1441190,1441190,1441190,1441190,1441190,1441190,1441190,1441190,1397090,0,0,0,0,0,0
14079716,AMD 라이젠 스레드리퍼 3970X (캐슬 픽),AMD 라이젠 스레드리퍼 3970X,캐슬 픽,해외구매,2898090,2898090,2898090,2898090,2898090,2898090,2898090,2898090,2898090,2898090,2898090,2898090,2898090,2898090,2898090,2898090,2898090,2898090,2898090,2898090,2898090,2898090,2898090,2898090,0,0,0,0,0,0
30131825,AMD 라이젠 스레드리퍼 7960X (스톰 픽),AMD 라이젠 스레드리퍼 7960X,스톰 픽,정품,2430000,2430000,2430000,2430000,2430000,2430000,2430000,2430000,2430000,2430000,2430000,2430000,2430000,2430000,2430000,2430000,2430000,2429990,2429990,2429990,2429990,2429990,2429990,2429990,0,0,0,0,0,0
30131816,AMD 라이젠 스레드리퍼 7970X (스톰 픽),AMD 라이젠 스레드리퍼 7970X,스톰 픽,"_정품_3,549,710|_멀티팩 정품 | _정품_3,549,820|_멀티팩 정품 | _정품_3,549,840|_멀티팩 정품 | _정품_3,549,870|_멀티팩 정품 | _정품_3,549,890|_멀티팩 정품 | _정품_3,549,910|_멀티팩 정품 | _정품_3,549,930|_멀티팩 정품 | _정품_3,549,960|_멀티팩 정품 | _정품_3,549,980|_멀티팩 정품 | _정품_3,561,090|_멀티팩 정품",3443220,3443220,3443220,3443220,3443220,3443220,3443220,3443220,3443220,3443220,3443220,3443220,3443220,3443220,3443220,3443220,3443220,3443220,3443220,3443220,3443220,3443220,3443220,3420940,0,0,0,0,0,0
30131798,AMD 라이젠 스레드리퍼 7980X (스톰 픽),AMD 라이젠 스레드리퍼 7980X,스톰 픽,"_정품_7,099,290|_멀티팩 정품 | _정품_7,099,410|_멀티팩 정품 | _정품_7,099,520|_멀티팩 정품 | _정품_7,099,650|_멀티팩 정품 | _정품_7,099,770|_멀티팩 정품 | _정품_7,099,820|_멀티팩 정품 | _정품_7,099,880|_멀티팩 정품 | _정품_7,099,940|_멀티팩 정품 | _정품_7,099,990|_멀티팩 정품 | _정품_7,120,750|_멀티팩 정품",6921310,6921210,6921100,6920990,6920880,6920790,6920670,6920550,6920440,6920330,6920230,6920140,6920050,6919940,6919850,6919820,6919750,6919650,6919540,6919420,6919300,6919190,6919080,6842500,0,0,0,0,0,0
13491257,AMD 라이젠 스레드리퍼 PRO 3955WX (캐슬 픽-W),AMD 라이젠 스레드리퍼 PRO 3955WX,캐슬 픽-W,"_정품_1,335,140|_해외구매 | _정품_1,335,250|_해외구매 | _정품_1,335,360|_해외구매 | _정품_1,335,470|_해외구매 | _정품_1,335,580|_해외구매 | _정품_1,335,690|_해외구매 | _정품_1,335,790|_해외구매 | _정품_1,335,860|_해외구매 | _정품_1,335,940|_해외구매 | _정품_1,335,970|_해외구매 | _정품_1,336,060|_해외구매 | _정품_1,336,170|_해외구매 | _정품_1,336,260|_해외구매 | _정품_1,336,360|_해외구매 | _정품_1,336,470|_해외구매 | _정품_1,336,580|_해외구매 | _정품_1,336,690|_해외구매 | _정품_1,336,730|_해외구매 | _정품_1,336,820|_해외구매 | _정품_1,336,880|_해외구매 | _정품_1,336,910|_해외구매 | _정품_1,337,000|_해외구매 | _정품_1,337,110|_해외구매 | _정품_1,337,210|_해외구매",1833290,1833290,1832600,1832590,1832590,1832590,1832590,1832590,1832590,1832590,1832590,1832590,1832590,1832590,1832590,1832590,1832590,1832590,1832590,1832590,1832600,1832600,1832600,1832600,0,0,0,0,0,0
18614342,AMD 라이젠 스레드리퍼 PRO 3975WX (캐슬 픽-W),AMD 라이젠 스레드리퍼 PRO 3975WX,캐슬 픽-W,"_벌크 병행_3,892,480|_해외구매_2,185,200|중고 | _벌크 병행_3,892,480|_해외구매_2,289,900|중고 | _벌크 병행_3,892,480|_해외구매_2,438,190|중고 | _벌크 병행_3,892,480|_해외구매_2,438,200|중고 | _벌크 병행_3,892,480|_해외구매_2,443,590|중고",2199990,2199990,2199990,2199990,2199990,2199990,2199990,2199990,2199990,2199990,2199990,2199990,2199990,2199990,2199990,2199990,2199990,2199990,2199990,2199990,2199990,2199990,2199990,2199990,0,0,0,0,0,0
18000296,AMD 라이젠 스레드리퍼 PRO 3995WX (캐슬 픽-W),AMD 라이젠 스레드리퍼 PRO 3995WX,캐슬 픽-W,해외구매,9474890,9474890,9474890,9474890,9474890,9474890,9474890,9474890,9474890,9474890,9474890,9474890,9474890,9474890,9474890,9474890,9474890,9474890,9474890,9474890,9474890,9474890,9474890,9474890,0,0,0,0,0,0
18055820,AMD 라이젠 스레드리퍼 PRO 5955WX (샤갈 프로),AMD 라이젠 스레드리퍼 PRO 5955WX,샤갈 프로,"_정품_1,752,700|_벌크 병행_1,487,520|해외구매 | _정품_1,752,820|_벌크 병행_1,487,630|해외구매 | _정품_1,752,940|_벌크 병행_1,487,750|해외구매 | _정품_1,753,070|_벌크 병행_1,487,880|해외구매 | _정품_1,753,190|_벌크 병행_1,488,000|해외구매 | _정품_1,753,310|_벌크 병행_1,488,110|해외구매 | _정품_1,753,430|_벌크 병행_1,488,240|해외구매 | _정품_1,753,460|_벌크 병행_1,488,270|해외구매 | _정품_1,753,540|_벌크 병행_1,488,350|해외구매 | _정품_1,753,660|_벌크 병행_1,488,470|해외구매 | _정품_1,753,790|_벌크 병행_1,488,600|해외구매 | _정품_1,753,910|_벌크 병행_1,488,720|해외구매 | _정품_1,754,030|_벌크 병행_1,488,840|해외구매 | _정품_1,754,060|_벌크 병행_1,488,870|해외구매 | _정품_1,754,140|_벌크 병행_1,488,950|해외구매 | _정품_1,754,260|_벌크 병행_1,488,990|해외구매 | _정품_1,754,380|_벌크 병행_1,488,990|해외구매 | _정품_1,754,510|_벌크 병행_1,488,990|해외구매 | _정품_1,754,630|_벌크 병행_1,488,990|해외구매 | _정품_1,754,710|_벌크 병행_1,488,990|해외구매 | _정품_1,754,830|_벌크 병행_1,488,990|해외구매 | _정품_1,754,950|_벌크 병행_1,488,990|해외구매 | _정품_1,755,060|_벌크 병행_1,488,990|해외구매 | _정품_1,755,190|_벌크 병행_1,488,990|해외구매",1643000,1252520,1252520,1253910,1253910,1253910,1236200,1236200,1236200,1236200,1236200,1480250,1609100,1609100,1903980,1903980,1903980,1903980,1903980,1598400,1624600,1612000,1612000,1230200,0,0,0,0,0,0
17570816,AMD 라이젠 스레드리퍼 PRO 5965WX (샤갈 프로),AMD 라이젠 스레드리퍼 PRO 5965WX,샤갈 프로,"_정품_2,599,000|_해외구매",2933800,1809830,1809830,1809830,1809830,1809830,2063970,2060510,2057050,2077510,2108600,2093940,2080160,2083630,3027330,3027330,3027330,3027330,3027330,3027330,3027330,3027330,3027330,1972980,0,0,0,0,0,0
20685467,AMD 라이젠 스레드리퍼 PRO 5975WX (샤갈 프로),AMD 라이젠 스레드리퍼 PRO 5975WX,샤갈 프로,"멀티팩 정품_3,589,000|_정품_3,587,140|_해외구매 | 멀티팩 정품_3,589,000|_정품_3,587,260|_해외구매 | 멀티팩 정품_3,589,000|_정품_3,587,380|_해외구매 | 멀티팩 정품_3,589,000|_정품_3,587,510|_해외구매 | 멀티팩 정품_3,589,000|_정품_3,587,630|_해외구매 | 멀티팩 정품_3,589,000|_정품_3,587,750|_해외구매 | 멀티팩 정품_3,589,000|_정품_3,587,870|_해외구매 | 멀티팩 정품_3,589,000|_정품_3,587,900|_해외구매 | 멀티팩 정품_3,589,000|_정품_3,587,980|_해외구매 | 멀티팩 정품_3,589,000|_정품_3,588,100|_해외구매 | 멀티팩 정품_3,589,000|_정품_3,588,230|_해외구매 | 멀티팩 정품_3,589,000|_정품_3,588,350|_해외구매 | 멀티팩 정품_3,589,000|_정품_3,588,470|_해외구매 | 멀티팩 정품_3,589,000|_정품_3,588,500|_해외구매 | 멀티팩 정품_3,589,000|_정품_3,588,580|_해외구매 | 멀티팩 정품_3,589,000|_정품_3,588,700|_해외구매 | 멀티팩 정품_3,589,000|_정품_3,588,820|_해외구매 | 멀티팩 정품_3,589,000|_정품_3,588,950|_해외구매 | 멀티팩 정품_3,589,000|_정품_3,589,060|_해외구매 | 멀티팩 정품_3,589,000|_정품_3,589,130|_해외구매 | 멀티팩 정품_3,589,000|_정품_3,589,250|_해외구매 | 멀티팩 정품_3,589,000|_정품_3,589,370|_해외구매 | 멀티팩 정품_3,589,000|_정품_3,589,480|_해외구매 | 멀티팩 정품_3,589,000|_정품_3,589,610|_해외구매",4381420,4381420,4381420,4381420,4381420,4381420,4381420,4381420,4381420,4381420,4381420,4381420,4381420,4381420,4381420,4381420,4381420,4381420,4381420,4381420,4381420,4381420,4381420,4381420,0,0,0,0,0,0
17570807,AMD 라이젠 스레드리퍼 PRO 5975WX (샤갈 프로),AMD 라이젠 스레드리퍼 PRO 5975WX,샤갈 프로,"멀티팩 정품_3,589,000|_정품_3,588,470|_해외구매",0,0,0,0,0,0,0,0,0,0,0,4381420,0,0,0,0,0,0,0,0,0,0,0,0,0,0,0,0,0,0
17570783,AMD 라이젠 스레드리퍼 PRO 5995WX (샤갈 프로),AMD 라이젠 스레드리퍼 PRO 5995WX,샤갈 프로,정품,7990450,7990450,7990450,7990450,7990450,7990450,7990450,7990450,7990450,7990450,7990450,7990450,7990450,7990450,7990450,7990450,7990450,7990450,7990450,7990450,7990450,7990450,7990450,7990450,0,0,0,0,0,0
72674036,AMD 라이젠 스레드리퍼 PRO 7955WX (스톰 픽),AMD 라이젠 스레드리퍼 PRO 7955WX,스톰 픽,"_멀티팩 정품_2,476,920|_정품",2693940,2693940,2693940,2693940,2693940,2693940,2693940,2693940,2693940,2693940,2693940,2693940,2693940,2693940,2693940,2693940,2693940,2693940,2693940,2693940,2693940,2693940,2693940,2693940,0,0,0,0,0,0
30143039,AMD 라이젠 스레드리퍼 PRO 7965WX (스톰 픽),AMD 라이젠 스레드리퍼 PRO 7965WX,스톰 픽,"_멀티팩 정품_3,697,460|_정품",4049340,4049250,4213000,4213000,4213000,4213000,4213000,4213000,4213000,4213000,4213000,4213000,4213000,4043050,4213000,4213000,4213000,4213000,4213000,4213000,4213000,4213000,3923760,4213000,0,0,0,0,0,0
30143105,AMD 라이젠 스레드리퍼 PRO 7975WX (스톰 픽),AMD 라이젠 스레드리퍼 PRO 7975WX,스톰 픽,"_멀티팩 정품_5,897,150|_정품_20,000,000|해외구매 | _멀티팩 정품_5,897,180|_정품_20,000,000|해외구매 | _멀티팩 정품_5,897,270|_정품_20,000,000|해외구매 | _멀티팩 정품_5,897,380|_정품_20,000,000|해외구매 | _멀티팩 정품_5,897,500|_정품_20,000,000|해외구매 | _멀티팩 정품_5,897,630|_정품_20,000,000|해외구매 | _멀티팩 정품_5,897,750|_정품_20,000,000|해외구매 | _멀티팩 정품_5,897,830|_정품_20,000,000|해외구매 | _멀티팩 정품_5,897,950|_정품_20,000,000|해외구매 | _멀티팩 정품_5,898,070|_정품_20,000,000|해외구매 | _멀티팩 정품_5,898,180|_정품_20,000,000|해외구매 | _멀티팩 정품_5,898,310|_정품_20,000,000|해외구매 | _멀티팩 정품_5,934,590|_정품_20,000,000|해외구매 | _멀티팩 정품_6,047,570|_정품_20,000,000|해외구매 | _멀티팩 정품_6,152,000|_정품_20,000,000|해외구매",7463810,7463810,7463810,7463810,7463810,7463810,7463810,7463810,7463810,7463810,7463810,7463810,7463810,7463810,7463810,7463810,7463810,7463810,7463810,7463810,7463810,7463810,7463810,7463810,0,0,0,0,0,0
30143060,AMD 라이젠 스레드리퍼 PRO 7985WX (스톰 픽),AMD 라이젠 스레드리퍼 PRO 7985WX,스톰 픽,"_멀티팩 정품_10,049,990|_정품 | _멀티팩 정품_10,145,210|_정품",10010000,10010000,10010000,10010000,10010000,10010000,10010000,10010000,10010000,10010000,10010000,10010000,10010000,10010000,10010000,10010000,10010000,10010000,10010000,10010000,10010000,10010000,10010000,10010000,0,0,0,0,0,0
30142979,AMD 라이젠 스레드리퍼 PRO 7995WX (스톰 픽),AMD 라이젠 스레드리퍼 PRO 7995WX,스톰 픽,"_멀티팩 정품_14,096,660|_정품_13,997,760|해외구매 | _멀티팩 정품_14,096,780|_정품_13,997,880|해외구매 | _멀티팩 정품_14,096,910|_정품_13,998,010|해외구매 | _멀티팩 정품_14,097,030|_정품_13,998,130|해외구매 | _멀티팩 정품_14,097,150|_정품_13,998,250|해외구매 | _멀티팩 정품_14,097,180|_정품_13,998,280|해외구매 | _멀티팩 정품_14,097,270|_정품_13,998,370|해외구매 | _멀티팩 정품_14,097,380|_정품_13,998,480|해외구매 | _멀티팩 정품_14,097,500|_정품_13,998,600|해외구매 | _멀티팩 정품_14,097,630|_정품_13,998,730|해외구매 | _멀티팩 정품_14,097,750|_정품_13,998,850|해외구매 | _멀티팩 정품_14,097,830|_정품_13,998,930|해외구매 | _멀티팩 정품_14,097,950|_정품_13,999,050|해외구매 | _멀티팩 정품_14,098,070|_정품_13,999,170|해외구매 | _멀티팩 정품_14,098,180|_정품_13,999,280|해외구매 | _멀티팩 정품_14,098,310|_정품_13,999,410|해외구매 | _멀티팩 정품_14,099,980|_정품_13,999,850|해외구매 | _멀티팩 정품_14,099,990|_정품_13,999,970|해외구매 | _멀티팩 정품_14,099,990|_정품_14,000,000|해외구매 | _멀티팩 정품_14,100,000|_정품_14,000,000|해외구매",13799990,13799990,13799990,13799990,13799990,13799990,13799990,13799990,13799990,13799990,13799990,13799990,13799990,13799990,13799990,13799990,13799990,13799990,13799990,13799990,13799990,13799990,13799990,13799990,0,0,0,0,0,0
11876290,AMD 라이젠3 PRO 4350G (르누아르),AMD 라이젠3 PRO 4350G,르누아르,"_멀티팩 정품_194,000|_해외구매_325,290|중고",93790,93790,93790,93790,93790,93790,93790,93790,93790,93790,93790,93790,93790,93790,93790,93790,93790,93790,93790,93790,93790,93790,93790,93790,0,0,0,0,0,0
5565689,AMD 라이젠3-1세대 1300X (서밋 릿지),AMD 라이젠3-1세대 1300X,서밋 릿지,해외구매,33610,33610,33610,31770,31770,33610,31770,31770,30690,30690,33610,33610,33610,33610,33610,33610,33610,33610,33610,33610,33610,33610,33610,33610,0,0,0,0,0,0
11022333,AMD 라이젠3-1세대 2200G (레이븐 릿지),AMD 라이젠3-1세대 2200G,레이븐 릿지,"_해외구매_52,840|_중고 | _해외구매_53,970|_중고 | _해외구매_55,170|_중고 | _해외구매_56,060|_중고 | _해외구매_56,070|_중고 | _해외구매_58,490|_중고",26990,26990,26990,31750,31720,31640,31520,31390,31270,31150,27900,27900,27900,31740,31610,31490,31410,31380,31250,29890,29890,29890,29890,29890,0,0,0,0,0,0
12401438,AMD 라이젠3-2세대 3200G (피카소),AMD 라이젠3-2세대 3200G,피카소,"_멀티팩 정품_80,270|정품_90,900|_해외구매_72,610|중고 | _멀티팩 정품_80,270|정품_90,900|_해외구매_79,460|중고 | _멀티팩 정품_80,270|정품_90,900|_해외구매_79,490|중고 | _멀티팩 정품_80,280|정품_90,900|_해외구매_72,610|중고 | _멀티팩 정품_80,370|정품_90,900|_해외구매_78,430|중고 | _멀티팩 정품_80,460|정품_90,900|_해외구매_79,490|중고 | _멀티팩 정품_80,500|정품_90,900|_해외구매_78,430|중고 | _멀티팩 정품_80,590|정품_90,440|_해외구매_79,490|중고 | _멀티팩 정품_80,610|정품_90,900|_해외구매_82,730|중고 | _멀티팩 정품_80,700|정품_90,440|_해외구매_79,490|중고 | _멀티팩 정품_80,720|정품_90,900|_해외구매_78,430|중고 | _멀티팩 정품_80,830|정품_90,440|_해외구매_79,490|중고 | _멀티팩 정품_80,840|정품_88,880|_해외구매_76,830|중고 | _멀티팩 정품_80,950|정품_90,900|_해외구매_79,490|중고 | _멀티팩 정품_80,960|정품_88,880|_해외구매_78,570|중고 | _멀티팩 정품_81,070|정품_88,880|_해외구매_82,690|중고 | _멀티팩 정품_81,070|정품_90,900|_해외구매_79,490|중고 | _멀티팩 정품_81,170|정품_90,900|_해외구매_79,490|중고 | _멀티팩 정품_81,200|정품_88,880|_해외구매_80,430|중고",62240,62110,62000,61880,62470,62360,62240,62110,61990,61870,65900,65870,65750,66290,66290,66290,66290,66290,66290,66290,66290,66290,66290,66290,0,0,0,0,0,0
12200864,AMD 라이젠3-3세대 3100 (마티스),AMD 라이젠3-3세대 3100,마티스,해외구매,59840,62350,57570,56290,57570,62350,57840,57840,55110,55110,62350,62350,62350,62350,62350,62350,62350,59490,59490,62350,62350,62350,60770,62350,0,0,0,0,0,0
12625094,AMD 라이젠3-3세대 3300X (마티스),AMD 라이젠3-3세대 3300X,마티스,"_멀티팩 정품_270,000|_해외구매_91,390|중고",50990,50990,50990,50990,50990,50990,50990,50990,48900,48900,47900,47900,47900,47900,47900,47900,47900,47900,47900,47900,47900,47900,47900,47900,0,0,0,0,0,0
70254251,AMD 라이젠3-4세대 5300G (세잔),AMD 라이젠3-4세대 5300G,세잔,멀티팩 정품,123470,123470,123470,123470,122930,123000,123000,123000,123000,116700,116700,116700,116700,116700,115900,115900,115900,115900,108800,108500,108500,108500,108400,108400,0,0,0,0,0,0
11876443,AMD 라이젠5 PRO 4650G (르누아르),AMD 라이젠5 PRO 4650G,르누아르,"_멀티팩 정품_120,900|_해외구매 | _멀티팩 정품_129,990|_해외구매 | _멀티팩 정품_166,350|_해외구매 | _멀티팩 정품_172,500|_해외구매",152240,152240,152240,152240,152240,152240,152240,152240,152240,152240,152240,152240,152240,152240,152240,152240,152240,152240,152240,152240,152240,152240,152240,152240,0,0,0,0,0,0
29658575,AMD 라이젠5 PRO 7645 (라파엘),AMD 라이젠5 PRO 7645,라파엘,멀티팩 정품,349470,349470,349470,349470,349470,349470,349470,349470,349470,349470,349470,349470,349470,349470,349470,349470,349470,349470,349470,349470,349470,349470,349470,349470,0,0,0,0,0,0
5401751,AMD 라이젠5-1세대 1400 (서밋 릿지),AMD 라이젠5-1세대 1400,서밋 릿지,"_해외구매_29,860|_중고 | _해외구매_30,920|_중고 | _해외구매_30,930|_중고 | _해외구매_31,630|_중고 | _해외구매_31,730|_중고 | _해외구매_31,810|_중고 | _해외구매_31,840|_중고 | _해외구매_31,950|_중고 | _해외구매_32,090|_중고",26790,26790,26790,26790,26790,26790,26790,26790,26790,26790,26790,26790,26790,26790,26790,26790,26790,26790,26790,26790,26790,26790,26790,26790,0,0,0,0,0,0
5401735,AMD 라이젠5-1세대 1500X (서밋 릿지),AMD 라이젠5-1세대 1500X,서밋 릿지,"_해외구매_33,990|_중고 | _해외구매_35,190|_중고 | _해외구매_38,160|_중고 | _해외구매_38,390|_중고",25900,25900,25900,25900,25900,25900,25900,25900,25900,25900,25900,25900,25900,25900,25900,25900,25900,25900,25900,25900,25900,25900,25900,25900,0,0,0,0,0,0
13822442,AMD 라이젠5-1세대 1600 (서밋 릿지),AMD 라이젠5-1세대 1600,서밋 릿지,중고,28900,28900,28900,28900,28900,28900,28900,28900,28900,28900,28900,28900,29110,29110,29110,29110,29110,29110,29110,29110,29110,29110,29110,28900,0,0,0,0,0,0
6333162,AMD 라이젠5-2세대 2600 (피나클 릿지),AMD 라이젠5-2세대 2600,피나클 릿지,해외구매,50000,50000,50000,50000,50000,50000,50000,50000,50000,50000,50000,50000,50000,50000,50000,50000,50000,50000,50000,50000,50000,50000,50000,50000,0,0,0,0,0,0
11026104,AMD 라이젠5-2세대 2600X (피나클 릿지),AMD 라이젠5-2세대 2600X,피나클 릿지,"_해외구매_51,600|_중고 | _해외구매_54,900|_중고 | _해외구매_55,470|_중고 | _해외구매_59,670|_중고 | _해외구매_61,020|_중고 | _해외구매_63,480|_중고 | _해외구매_63,580|_중고 | _해외구매_64,580|_중고 | _해외구매_64,630|_중고 | _해외구매_64,670|_중고 | _해외구매_64,760|_중고 | _해외구매_65,170|_중고 | _해외구매_65,440|_중고",62490,62490,62490,62490,62490,62490,62490,62490,62490,62490,62490,62490,62490,62490,62490,62490,62170,62490,62490,62490,62490,62130,62490,62490,0,0,0,0,0,0
10176534,AMD 라이젠5-2세대 3400G (피카소),AMD 라이젠5-2세대 3400G,피카소,"_멀티팩 정품_236,500|_해외구매 | _멀티팩 정품_372,600|_해외구매",91920,95450,92330,90290,92340,91520,91520,93580,85490,85490,93490,95550,91430,95550,91430,95550,91430,95420,94380,95550,91430,95630,91510,96650,0,0,0,0,0,0
75936140,AMD 라이젠5-3세대 3500 (마티스),AMD 라이젠5-3세대 3500,마티스,"_중고_45,560|_해외구매 | _중고_45,570|_해외구매 | _중고_45,900|_해외구매 | _중고_54,990|_해외구매",69790,69790,69790,69790,69790,69790,69790,69790,69790,69790,69790,69790,69790,69790,69790,69790,69790,69790,69790,69790,69790,69790,69790,69790,0,0,0,0,0,0
17744591,AMD 라이젠5-3세대 3500X (마티스),AMD 라이젠5-3세대 3500X,마티스,중고,53900,53900,53900,52890,52900,52900,52900,52900,52900,52900,52900,52900,52900,52900,52900,52900,52900,52900,52900,52900,52900,52900,52900,52900,0,0,0,0,0,0
10861092,AMD 라이젠5-3세대 3600 (마티스),AMD 라이젠5-3세대 3600,마티스,"_멀티팩 정품_129,990|_해외구매_89,440|중고 | _멀티팩 정품_129,990|_해외구매_89,870|중고 | _멀티팩 정품_129,990|_해외구매_90,810|중고 | _멀티팩 정품_132,490|_해외구매_87,980|중고 | _멀티팩 정품_132,490|_해외구매_89,440|중고 | _멀티팩 정품_132,500|_해외구매_90,810|중고 | _멀티팩 정품_142,490|_해외구매_90,810|중고 | _멀티팩 정품_148,500|_해외구매_90,740|중고 | _멀티팩 정품_165,990|_해외구매_78,740|중고 | _멀티팩 정품_175,990|_해외구매_78,740|중고 | _멀티팩 정품_175,990|_해외구매_81,520|중고 | _멀티팩 정품_175,990|_해외구매_85,140|중고 | _멀티팩 정품_175,990|_해외구매_85,640|중고 | _멀티팩 정품_175,990|_해외구매_87,640|중고 | _멀티팩 정품_175,990|_해외구매_89,440|중고",68990,68990,68990,68990,68990,68990,68990,68990,68990,69000,64900,64900,64900,64900,64900,64900,64900,67000,67000,67000,67000,67000,67000,67000,0,0,0,0,0,0
11024358,AMD 라이젠5-3세대 3600X (마티스),AMD 라이젠5-3세대 3600X,마티스,해외구매,96900,96900,97370,95200,96900,97990,97990,97990,97990,97990,103490,103490,103490,103490,103490,91140,102100,102100,102100,102100,102100,102100,102100,91140,0,0,0,0,0,0
12339050,AMD 라이젠5-3세대 3600XT (마티스),AMD 라이젠5-3세대 3600XT,마티스,중고,81380,81380,81380,81380,81380,81380,81380,81380,81380,81380,81380,81380,81380,0,0,0,0,81380,81380,81380,81380,81380,81380,81380,0,0,0,0,0,0
16740674,AMD 라이젠5-3세대 4500 (르누아르-X),AMD 라이젠5-3세대 4500,르누아르-X,"_멀티팩 정품_107,000|_해외구매",87150,87150,87150,87150,87150,88190,88190,88190,88190,88190,88190,88190,88190,88190,88190,88190,88190,88190,88190,88190,88190,92590,92590,92510,0,0,0,0,0,0
17214128,AMD 라이젠5-3세대 4600G (르누아르),AMD 라이젠5-3세대 4600G,르누아르,"_멀티팩 정품_200,000|_해외구매_125,480|중고 | _멀티팩 정품_200,000|_해외구매_128,340|중고 | _멀티팩 정품_200,000|_해외구매_130,480|중고 | _멀티팩 정품_200,000|_해외구매_131,890|중고 | _멀티팩 정품_200,000|_해외구매_141,180|중고 | _멀티팩 정품_200,000|_해외구매_142,590|중고",108000,108000,108000,108000,108000,108000,108000,108000,108000,150000,150000,150000,150000,150000,150000,150000,150000,150000,150000,150000,150000,150000,150000,150000,0,0,0,0,0,0
16740791,AMD 라이젠5-4세대 5500 (세잔),AMD 라이젠5-4세대 5500,세잔,"_정품_132,322|중고_112,490|_해외구매 | _정품_134,120|중고_112,490|_해외구매 | _정품_134,250|중고_112,490|_해외구매 | _정품_134,360|중고_112,490|_해외구매 | _정품_134,490|중고_112,490|_해외구매 | _정품_134,570|중고_112,490|_해외구매 | _정품_134,610|중고_112,490|_해외구매 | _정품_134,690|중고_112,490|_해외구매 | _정품_134,730|중고_112,490|_해외구매 | _정품_134,790|중고_112,490|_해외구매 | _정품_134,800|중고_112,490|_해외구매 | _정품_134,830|중고_112,490|_해외구매 | _정품_134,900|중고_112,490|_해외구매 | _정품_134,910|중고_112,490|_해외구매",100010,100010,96040,93910,96040,101090,100710,100710,91550,91550,101090,101090,101090,101090,101090,101090,101090,101090,101090,101090,101090,104290,104290,104290,0,0,0,0,0,0
54218171,AMD 라이젠5-4세대 5500GT (세잔),AMD 라이젠5-4세대 5500GT,세잔,"_멀티팩 정품_140,640|_정품 | _멀티팩 정품_144,850|_정품_188,600|벌크 병행 | _멀티팩 정품_144,970|_정품_188,600|벌크 병행 | _멀티팩 정품_145,000|_정품 | _멀티팩 정품_145,860|_정품 | _멀티팩 정품_145,970|_정품_188,600|벌크 병행 | _멀티팩 정품_146,040|_정품 | _멀티팩 정품_146,230|_정품 | _멀티팩 정품_146,240|_정품 | _멀티팩 정품_146,510|_정품_188,600|벌크 병행 | _멀티팩 정품_146,520|_정품_188,600|벌크 병행 | _멀티팩 정품_146,630|_정품 | _멀티팩 정품_146,750|_정품 | _멀티팩 정품_146,780|_정품 | _멀티팩 정품_146,860|_정품 | _멀티팩 정품_146,930|_정품 | _멀티팩 정품_146,960|_정품 | _멀티팩 정품_146,980|_정품 | _멀티팩 정품_147,050|_정품 | _멀티팩 정품_150,470|_정품 | _멀티팩 정품_150,480|_정품 | _멀티팩 정품_150,990|_정품 | _멀티팩 정품_151,520|_정품",188600,188600,188600,188600,188600,188600,188600,188600,188600,188600,188600,188600,188600,188600,188600,188600,188600,188600,188600,145000,144970,144840,144720,144610,0,0,0,0,0,0
16741211,AMD 라이젠5-4세대 5600 (버미어),AMD 라이젠5-4세대 5600,버미어,"_멀티팩 정품_114,860|정품_139,990|벌크 병행_136,360|_해외구매 | _멀티팩 정품_114,980|정품_139,990|벌크 병행_136,470|_해외구매 | _멀티팩 정품_115,000|정품_135,400|벌크 병행_138,690|_해외구매 | _멀티팩 정품_115,020|정품_139,990|벌크 병행_136,590|_해외구매 | _멀티팩 정품_115,050|정품_139,990|벌크 병행_136,720|_해외구매 | _멀티팩 정품_115,110|정품_130,490|벌크 병행_136,840|_해외구매 | _멀티팩 정품_115,230|정품_130,490|벌크 병행_136,960|_해외구매 | _멀티팩 정품_115,260|정품_130,490|벌크 병행_137,080|_해외구매 | _멀티팩 정품_115,330|정품_130,490|벌크 병행_137,110|_해외구매 | _멀티팩 정품_115,420|정품_129,710|벌크 병행_137,190|_해외구매 | _멀티팩 정품_115,770|정품_129,710|벌크 병행_137,310|_해외구매 | _멀티팩 정품_115,900|정품_129,710|벌크 병행_137,440|_해외구매 | _멀티팩 정품_115,940|정품_129,700|벌크 병행_137,560|_해외구매 | _멀티팩 정품_115,970|정품_129,700|벌크 병행_137,680|_해외구매 | _멀티팩 정품_116,030|정품_129,700|벌크 병행_137,710|_해외구매 | _멀티팩 정품_116,220|정품_129,700|벌크 병행_137,790|_해외구매 | _멀티팩 정품_116,300|정품_129,710|벌크 병행_137,910|_해외구매 | _멀티팩 정품_116,420|정품_130,690|벌크 병행_138,030|_해외구매 | _멀티팩 정품_116,550|정품_130,690|벌크 병행_138,160|_해외구매 | _멀티팩 정품_116,670|정품_130,690|벌크 병행_138,270|_해외구매 | _멀티팩 정품_116,780|정품_130,690|벌크 병행_138,340|_해외구매 | _멀티팩 정품_116,990|정품_135,390|벌크 병행_138,460|_해외구매 | _멀티팩 정품_117,340|정품_135,390|벌크 병행_138,580|_해외구매 | _멀티팩 정품_118,220|정품_135,920|벌크 병행_138,820|_해외구매",114860,114860,114860,114860,114860,114800,114800,114800,110330,110320,114800,114800,114770,114660,114530,114410,114310,114230,114200,114080,113960,113830,113720,113600,0,0,0,0,0,0
14927675,AMD 라이젠5-4세대 5600G (세잔),AMD 라이젠5-4세대 5600G,세잔,"_멀티팩 정품_143,100|벌크 병행_152,650|_해외구매 | _멀티팩 정품_143,200|벌크 병행_152,650|_해외구매 | _멀티팩 정품_143,230|벌크 병행_152,650|_해외구매 | _멀티팩 정품_143,310|벌크 병행_152,650|_해외구매 | _멀티팩 정품_143,380|벌크 병행_152,650|_해외구매 | _멀티팩 정품_143,440|벌크 병행_152,650|_해외구매 | _멀티팩 정품_143,540|벌크 병행_152,650|_해외구매 | _멀티팩 정품_143,650|벌크 병행_152,650|_해외구매 | _멀티팩 정품_143,770|벌크 병행_152,650|_해외구매 | _멀티팩 정품_144,130|벌크 병행_152,120|_해외구매 | _멀티팩 정품_144,250|벌크 병행_152,120|_해외구매 | _멀티팩 정품_144,280|벌크 병행_156,400|_해외구매 | _멀티팩 정품_144,360|벌크 병행_152,650|_해외구매 | _멀티팩 정품_144,370|벌크 병행_152,120|_해외구매 | _멀티팩 정품_144,440|벌크 병행_152,650|_해외구매 | _멀티팩 정품_144,500|벌크 병행_152,120|_해외구매 | _멀티팩 정품_144,620|벌크 병행_152,120|_해외구매 | _멀티팩 정품_144,740|벌크 병행_152,120|_해외구매 | _멀티팩 정품_144,860|벌크 병행_152,120|_해외구매 | _멀티팩 정품_144,960|벌크 병행_156,400|_해외구매 | _멀티팩 정품_145,240|벌크 병행_156,400|_해외구매 | _멀티팩 정품_145,250|벌크 병행_156,400|_해외구매 | _멀티팩 정품_145,290|벌크 병행_156,400|_해외구매",170880,170880,170880,170880,170880,170880,170880,170880,170880,162160,170880,174870,174870,174870,174870,174870,174870,170310,170310,170310,170310,170310,170310,170310,0,0,0,0,0,0
34337192,AMD 라이젠5-4세대 5600GT (세잔),AMD 라이젠5-4세대 5600GT,세잔,"_멀티팩 정품_158,610|_정품 | _멀티팩 정품_158,730|_정품 | _멀티팩 정품_158,850|_정품 | _멀티팩 정품_158,940|_정품 | _멀티팩 정품_158,950|_정품 | _멀티팩 정품_158,970|_정품 | _멀티팩 정품_159,390|_정품 | _멀티팩 정품_159,460|_정품 | _멀티팩 정품_159,580|_정품 | _멀티팩 정품_159,700|_정품 | _멀티팩 정품_159,810|_정품 | _멀티팩 정품_159,850|_정품",166260,166260,166260,167840,201510,201510,201510,201510,201510,201510,201510,201510,201510,0,201510,201510,201510,0,0,0,0,0,201510,201510,0,0,0,0,0,0
60167690,AMD 라이젠5-4세대 5600GT (세잔),AMD 라이젠5-4세대 5600GT,세잔,"_멀티팩 정품_158,610|_정품 | _멀티팩 정품_158,730|_정품 | _멀티팩 정품_158,850|_정품 | _멀티팩 정품_158,940|_정품 | _멀티팩 정품_158,950|_정품 | _멀티팩 정품_158,970|_정품 | _멀티팩 정품_159,390|_정품 | _멀티팩 정품_159,460|_정품 | _멀티팩 정품_159,580|_정품 | _멀티팩 정품_159,700|_정품 | _멀티팩 정품_159,810|_정품 | _멀티팩 정품_159,850|_정품 | 멀티팩 정품",166260,166260,166260,167840,201510,201510,201510,201510,201510,201510,201510,201510,201510,158940,201510,201510,201510,158940,158940,158950,158950,158950,201510,201510,0,0,0,0,0,0
70254059,AMD 라이젠5-4세대 5600T (버미어),AMD 라이젠5-4세대 5600T,버미어,멀티팩 정품,129000,129000,129000,129000,128990,128990,128990,128990,128000,127990,127990,127990,127990,127990,127990,127990,127490,127490,127490,127490,127490,127490,127490,127490,0,0,0,0,0,0
12625265,AMD 라이젠5-4세대 5600X (버미어),AMD 라이젠5-4세대 5600X,버미어,0,-2147483648,-2147483648,-2147483648,-2147483648,-2147483648,-2147483648,-2147483648,-2147483648,-2147483648,-2147483648,-2147483648,-2147483648,-2147483648,-2147483648,-2147483648,-2147483648,-2147483648,-2147483648,-2147483648,-2147483648,-2147483648,-2147483648,-2147483648,-2147483648,0,0,0,0,0,0
74051159,AMD 라이젠5-4세대 5600XT (버미어),AMD 라이젠5-4세대 5600XT,버미어,멀티팩 정품,177300,177210,177180,177060,176940,149000,149000,149000,149000,149000,148990,148990,148990,148990,148990,148990,148990,148990,148890,148770,147990,147990,147990,147990,0,0,0,0,0,0
21694499,AMD 라이젠5-5세대 7500F (라파엘),AMD 라이젠5-5세대 7500F,라파엘,"_멀티팩 정품_184,810|벌크 정품_184,790|_벌크 병행_184,790|해외구매 | _멀티팩 정품_184,850|벌크 정품_185,080|_벌크 병행_185,080|해외구매 | _멀티팩 정품_184,970|벌크 정품_186,910|_벌크 병행_186,520|해외구매 | _멀티팩 정품_185,100|벌크 정품_186,910|_벌크 병행_186,540|해외구매 | _멀티팩 정품_185,160|벌크 정품_186,980|_벌크 병행_187,060|해외구매 | _멀티팩 정품_185,270|벌크 정품_187,610|_벌크 병행_187,970|해외구매 | _멀티팩 정품_186,420|벌크 정품_186,910|_벌크 병행_190,000|해외구매 | _멀티팩 정품_186,700|벌크 정품_187,720|_벌크 병행_187,990|해외구매 | _멀티팩 정품_186,730|벌크 정품_186,990|_벌크 병행_190,200|해외구매 | _멀티팩 정품_186,770|벌크 정품_186,990|_벌크 병행_189,300|해외구매 | _멀티팩 정품_186,770|벌크 정품_186,990|_벌크 병행_189,500|해외구매 | _멀티팩 정품_186,790|벌크 정품_187,820|_벌크 병행_187,990|해외구매 | _멀티팩 정품_190,810|벌크 정품_194,930|_벌크 병행_187,000|해외구매 | _멀티팩 정품_190,990|벌크 정품_195,990|_벌크 병행_187,000|해외구매 | _멀티팩 정품_191,210|벌크 정품_197,130|_벌크 병행_189,170|해외구매 | _멀티팩 정품_191,340|벌크 정품_197,130|_벌크 병행_189,210|해외구매 | _멀티팩 정품_191,460|벌크 정품_197,130|_벌크 병행_189,300|해외구매 | _멀티팩 정품_192,150|벌크 정품_197,170|_벌크 병행_191,440|해외구매 | _멀티팩 정품_192,280|벌크 정품_198,290|_벌크 병행_191,470|해외구매 | _멀티팩 정품_192,400|벌크 정품_198,800|_벌크 병행_191,600|해외구매 | _멀티팩 정품_192,430|벌크 정품_198,820|_벌크 병행_191,710|해외구매 | _멀티팩 정품_192,510|벌크 정품_198,820|_벌크 병행_191,840|해외구매",160700,160700,160700,160700,160700,160700,160700,160700,160700,160700,160700,160700,160700,160700,160700,161100,161100,161100,161100,161100,161100,161100,161100,161100,0,0,0,0,0,0
18718496,AMD 라이젠5-5세대 7600 (라파엘),AMD 라이젠5-5세대 7600,라파엘,"_멀티팩 정품_235,280|벌크 정품_247,220|벌크 병행_240,750|_해외구매 | _멀티팩 정품_236,170|벌크 정품_247,100|벌크 병행_240,750|_해외구매 | _멀티팩 정품_236,990|벌크 정품_246,610|벌크 병행_240,230|_해외구매 | _멀티팩 정품_236,990|벌크 정품_246,730|벌크 병행_240,230|_해외구매 | _멀티팩 정품_236,990|벌크 정품_246,860|벌크 병행_240,230|_해외구매 | _멀티팩 정품_236,990|벌크 정품_246,980|벌크 병행_240,240|_해외구매 | _멀티팩 정품_236,990|벌크 정품_247,890|벌크 병행_242,830|_해외구매 | _멀티팩 정품_237,060|벌크 정품_244,560|벌크 병행_239,200|_해외구매 | _멀티팩 정품_237,180|벌크 정품_245,250|벌크 병행_239,210|_해외구매 | _멀티팩 정품_237,290|벌크 정품_245,360|벌크 병행_239,720|_해외구매 | _멀티팩 정품_237,420|벌크 정품_245,490|벌크 병행_239,720|_해외구매 | _멀티팩 정품_237,540|벌크 정품_245,610|벌크 병행_239,720|_해외구매 | _멀티팩 정품_237,890|벌크 정품_246,300|벌크 병행_239,730|_해외구매 | _멀티팩 정품_237,920|벌크 정품_246,410|벌크 병행_239,730|_해외구매 | _멀티팩 정품_238,000|벌크 정품_246,510|벌크 병행_240,230|_해외구매 | _멀티팩 정품_239,140|벌크 정품_248,000|벌크 병행_242,830|_해외구매 | _멀티팩 정품_239,260|벌크 정품_248,120|벌크 병행_242,830|_해외구매 | _멀티팩 정품_239,390|벌크 정품_248,250|벌크 병행_242,830|_해외구매 | _멀티팩 정품_239,420|벌크 정품_248,370|벌크 병행_242,830|_해외구매 | _멀티팩 정품_239,500|벌크 정품_248,450|벌크 병행_242,840|_해외구매 | _멀티팩 정품_240,180|벌크 정품_249,140|벌크 병행_243,880|_해외구매 | _멀티팩 정품_240,300|벌크 정품_249,170|벌크 병행_244,390|_해외구매 | _멀티팩 정품_240,330|벌크 정품_250,920|벌크 병행_244,390|_해외구매 | _멀티팩 정품_240,420|벌크 정품_251,010|벌크 병행_244,390|_해외구매",266790,266790,266790,266790,266790,266790,266790,266790,266790,266790,266790,266790,266790,266790,266790,266790,266790,266790,266790,266790,266790,266790,266790,266790,0,0,0,0,0,0
27757619,AMD 라이젠5-5세대 7600X (라파엘),AMD 라이젠5-5세대 7600X,라파엘,"_멀티팩 정품_294,800|정품_337,310|_해외구매 | _멀티팩 정품_295,000|정품_337,310|_해외구매 | _멀티팩 정품_295,000|정품_341,100|_해외구매 | _멀티팩 정품_298,300|정품_337,310|_해외구매 | _멀티팩 정품_306,990|정품_337,150|_해외구매 | _멀티팩 정품_307,000|정품_337,150|_해외구매",261770,261650,261530,261410,261290,261220,261110,260930,260870,260830,260760,260960,260960,254810,254810,254770,254770,254560,259040,258010,257910,257910,257840,257750,0,0,0,0,0,0
53626130,AMD 라이젠5-5세대 8400F (피닉스),AMD 라이젠5-5세대 8400F,피닉스,"_멀티팩 정품_177,090|_벌크 병행 | _멀티팩 정품_180,590|_벌크 병행 | _멀티팩 정품_180,710|_벌크 병행 | _멀티팩 정품_180,760|_벌크 병행 | _멀티팩 정품_181,200|_벌크 병행 | _멀티팩 정품_193,850|_벌크 병행 | _멀티팩 정품_193,860|_벌크 병행 | _멀티팩 정품_194,000|_벌크 병행 | _멀티팩 정품_194,050|_벌크 병행 | _멀티팩 정품_194,580|_벌크 병행 | _멀티팩 정품_194,680|_벌크 병행 | _멀티팩 정품_194,730|_벌크 병행 | _멀티팩 정품_194,770|_벌크 병행 | _멀티팩 정품_194,820|_벌크 병행 | _멀티팩 정품_194,930|_벌크 병행 | _멀티팩 정품_195,290|_벌크 병행 | _멀티팩 정품_195,410|_벌크 병행 | _멀티팩 정품_195,540|_벌크 병행 | _멀티팩 정품_195,660|_벌크 병행 | _멀티팩 정품_195,720|_벌크 병행 | _멀티팩 정품_195,740|_벌크 병행 | _멀티팩 정품_195,750|_벌크 병행 | _멀티팩 정품_195,820|_벌크 병행 | _멀티팩 정품_195,830|_벌크 병행",168310,168180,168070,167950,167830,167750,167630,167500,167380,167260,167180,167150,167030,166910,166780,166660,166580,166550,166430,166310,166190,166060,165940,165820,0,0,0,0,0,0
34336130,AMD 라이젠5-5세대 8500G (피닉스),AMD 라이젠5-5세대 8500G,피닉스,"_멀티팩 정품_204,280|_정품_205,000|벌크 병행_203,430|해외구매 | _멀티팩 정품_204,410|_정품_205,000|벌크 병행_203,540|해외구매 | _멀티팩 정품_204,520|_정품_205,000|벌크 병행_203,660|해외구매 | _멀티팩 정품_204,650|_정품_205,000|벌크 병행_203,700|해외구매 | _멀티팩 정품_204,770|_정품_205,000|벌크 병행_203,790|해외구매 | _멀티팩 정품_204,890|_정품_205,000|벌크 병행_203,910|해외구매 | _멀티팩 정품_204,890|_정품_205,000|벌크 병행_204,630|해외구매 | _멀티팩 정품_204,920|_정품_205,000|벌크 병행_204,660|해외구매 | _멀티팩 정품_204,990|_정품_205,000|벌크 병행_204,030|해외구매 | _멀티팩 정품_204,990|_정품_205,000|벌크 병행_204,060|해외구매 | _멀티팩 정품_204,990|_정품_205,000|벌크 병행_204,140|해외구매 | _멀티팩 정품_204,990|_정품_205,000|벌크 병행_204,260|해외구매 | _멀티팩 정품_204,990|_정품_205,000|벌크 병행_204,390|해외구매 | _멀티팩 정품_204,990|_정품_205,000|벌크 병행_204,510|해외구매 | _멀티팩 정품_204,990|_정품_205,000|벌크 병행_204,740|해외구매 | _멀티팩 정품_204,990|_정품_205,000|벌크 병행_204,860|해외구매 | _멀티팩 정품_204,990|_정품_205,000|벌크 병행_204,980|해외구매 | _멀티팩 정품_204,990|_정품_205,000|벌크 병행_205,110|해외구매 | _멀티팩 정품_204,990|_정품_205,000|벌크 병행_205,230|해외구매 | _멀티팩 정품_205,000|_정품_205,000|벌크 병행_205,310|해외구매 | _멀티팩 정품_205,000|_정품_205,000|벌크 병행_205,430|해외구매 | _멀티팩 정품_205,000|_정품_205,000|벌크 병행_205,550|해외구매 | _멀티팩 정품_205,000|_정품_205,000|벌크 병행_205,580|해외구매 | _멀티팩 정품_205,000|_정품_205,000|벌크 병행_205,670|해외구매",207580,214390,207590,207580,207580,205940,205940,203040,203030,214390,203000,214390,214390,202990,214390,214390,214390,203000,184800,184800,184800,184800,184800,184800,0,0,0,0,0,0
60170150,AMD 라이젠5-5세대 8500G (피닉스),AMD 라이젠5-5세대 8500G,피닉스,"_멀티팩 정품_204,280|_정품_205,000|벌크 병행_203,420|해외구매 | _멀티팩 정품_204,410|_정품_205,000|벌크 병행_203,540|해외구매 | _멀티팩 정품_204,520|_정품_205,000|벌크 병행_203,660|해외구매 | _멀티팩 정품_204,650|_정품_205,000|벌크 병행_203,700|해외구매 | _멀티팩 정품_204,770|_정품_205,000|벌크 병행_203,790|해외구매 | _멀티팩 정품_204,880|_정품_205,000|벌크 병행_203,910|해외구매 | _멀티팩 정품_204,890|_정품_205,000|벌크 병행_204,630|해외구매 | _멀티팩 정품_204,920|_정품_205,000|벌크 병행_204,660|해외구매 | _멀티팩 정품_204,990|_정품_205,000|벌크 병행_204,030|해외구매 | _멀티팩 정품_204,990|_정품_205,000|벌크 병행_204,060|해외구매 | _멀티팩 정품_204,990|_정품_205,000|벌크 병행_204,140|해외구매 | _멀티팩 정품_204,990|_정품_205,000|벌크 병행_204,260|해외구매 | _멀티팩 정품_204,990|_정품_205,000|벌크 병행_204,390|해외구매 | _멀티팩 정품_204,990|_정품_205,000|벌크 병행_204,510|해외구매 | _멀티팩 정품_204,990|_정품_205,000|벌크 병행_204,740|해외구매 | _멀티팩 정품_204,990|_정품_205,000|벌크 병행_204,860|해외구매 | _멀티팩 정품_204,990|_정품_205,000|벌크 병행_204,980|해외구매 | _멀티팩 정품_204,990|_정품_205,000|벌크 병행_205,110|해외구매 | _멀티팩 정품_204,990|_정품_205,000|벌크 병행_205,230|해외구매 | _멀티팩 정품_205,000|_정품_205,000|벌크 병행_205,310|해외구매 | _멀티팩 정품_205,000|_정품_205,000|벌크 병행_205,430|해외구매 | _멀티팩 정품_205,000|_정품_205,000|벌크 병행_205,550|해외구매 | _멀티팩 정품_205,000|_정품_205,000|벌크 병행_205,580|해외구매 | _멀티팩 정품_205,000|_정품_205,000|벌크 병행_205,670|해외구매",207580,214390,207590,207580,207580,205940,205940,203040,203030,214390,203000,214390,214390,202990,214390,214390,214390,203000,184800,184800,184800,184800,184800,184800,0,0,0,0,0,0
34336475,AMD 라이젠5-5세대 8600G (피닉스),AMD 라이젠5-5세대 8600G,피닉스,"_멀티팩 정품_245,720|정품_278,000|_해외구매 | _멀티팩 정품_245,810|정품_278,000|_해외구매 | _멀티팩 정품_245,840|정품_278,000|_해외구매 | _멀티팩 정품_245,870|정품_278,000|_해외구매 | _멀티팩 정품_245,930|정품_278,000|_해외구매 | _멀티팩 정품_245,990|정품_278,000|_해외구매 | _멀티팩 정품_246,100|정품_278,000|_해외구매 | _멀티팩 정품_246,120|정품_278,000|_해외구매 | _멀티팩 정품_246,130|정품_278,000|_해외구매 | _멀티팩 정품_246,150|정품_278,000|_해외구매 | _멀티팩 정품_246,160|정품_278,000|_해외구매 | _멀티팩 정품_246,170|정품_278,000|_해외구매 | _멀티팩 정품_246,180|정품_278,000|_해외구매 | _멀티팩 정품_246,200|정품_278,000|_해외구매 | _멀티팩 정품_246,210|정품_278,000|_해외구매",247700,247700,247700,247700,247700,258290,258290,258290,258290,258290,258290,258290,258290,258290,258290,258290,258290,258290,255970,255970,255970,255970,258290,258290,0,0,0,0,0,0
60170204,AMD 라이젠5-5세대 8600G (피닉스),AMD 라이젠5-5세대 8600G,피닉스,"_멀티팩 정품_245,720|정품_278,000|_해외구매 | _멀티팩 정품_245,810|정품_278,000|_해외구매 | _멀티팩 정품_245,840|정품_278,000|_해외구매 | _멀티팩 정품_245,870|정품_278,000|_해외구매 | _멀티팩 정품_245,930|정품_278,000|_해외구매 | _멀티팩 정품_245,990|정품_278,000|_해외구매 | _멀티팩 정품_246,100|정품_278,000|_해외구매 | _멀티팩 정품_246,120|정품_278,000|_해외구매 | _멀티팩 정품_246,130|정품_278,000|_해외구매 | _멀티팩 정품_246,150|정품_278,000|_해외구매 | _멀티팩 정품_246,160|정품_278,000|_해외구매 | _멀티팩 정품_246,170|정품_278,000|_해외구매 | _멀티팩 정품_246,180|정품_278,000|_해외구매 | _멀티팩 정품_246,200|정품_278,000|_해외구매 | _멀티팩 정품_246,210|정품_278,000|_해외구매",247700,247700,247700,247700,247700,258290,258290,258290,258290,258290,258290,258290,258290,258290,258290,258290,258290,258290,255970,255970,255970,255970,258290,258290,0,0,0,0,0,0
76465280,AMD 라이젠5-6세대 9600 (그래니트 릿지),AMD 라이젠5-6세대 9600,그래니트 릿지,"_멀티팩 정품_305,000|_벌크 정품 | _멀티팩 정품_313,430|_벌크 정품 | _멀티팩 정품_314,000|_벌크 정품 | _멀티팩 정품_314,120|_벌크 정품 | _멀티팩 정품_314,250|_벌크 정품 | _멀티팩 정품_314,370|_벌크 정품 | _멀티팩 정품_314,490|_벌크 정품 | _멀티팩 정품_314,610|_벌크 정품 | _멀티팩 정품_314,640|_벌크 정품 | _멀티팩 정품_314,660|_벌크 정품 | _멀티팩 정품_314,780|_벌크 정품 | _멀티팩 정품_314,810|_벌크 정품 | _멀티팩 정품_314,890|_벌크 정품 | _멀티팩 정품_314,990|_벌크 정품 | _멀티팩 정품_318,860|_벌크 정품 | _멀티팩 정품_318,880|_벌크 정품 | _멀티팩 정품_318,890|_벌크 정품 | _멀티팩 정품_318,900|_벌크 정품 | _멀티팩 정품_318,930|_벌크 정품 | _멀티팩 정품_318,940|_벌크 정품 | _멀티팩 정품_318,960|_벌크 정품 | _멀티팩 정품_318,970|_벌크 정품 | _멀티팩 정품_318,980|_벌크 정품",318360,318360,318360,318360,318360,317320,317320,317320,317320,317320,317320,317320,317320,315230,315230,315230,315230,315230,315230,315230,315230,315230,315230,315230,0,0,0,0,0,0
62794079,AMD 라이젠5-6세대 9600X (그래니트 릿지),AMD 라이젠5-6세대 9600X,그래니트 릿지,"_멀티팩 정품_314,710|_정품_335,000|벌크 병행_289,290|해외구매 | _멀티팩 정품_315,260|_정품_335,000|벌크 병행_289,330|해외구매 | _멀티팩 정품_316,190|_정품_335,000|벌크 병행_289,450|해외구매 | _멀티팩 정품_316,190|_정품_335,000|벌크 병행_289,500|해외구매 | _멀티팩 정품_316,230|_정품_335,000|벌크 병행_289,560|해외구매 | _멀티팩 정품_316,250|_정품_335,000|벌크 병행_289,620|해외구매 | _멀티팩 정품_316,290|_정품_335,000|벌크 병행_290,720|해외구매 | _멀티팩 정품_316,610|_정품_335,000|벌크 병행_290,750|해외구매 | _멀티팩 정품_316,800|_정품_335,000|벌크 병행_290,760|해외구매 | _멀티팩 정품_317,010|_정품_335,000|벌크 병행_291,490|해외구매 | _멀티팩 정품_317,040|_정품_335,000|벌크 병행_291,490|해외구매 | _멀티팩 정품_317,100|_정품_335,000|벌크 병행_291,490|해외구매 | _멀티팩 정품_317,280|_정품_335,000|벌크 병행_291,490|해외구매 | _멀티팩 정품_317,330|_정품_335,000|벌크 병행_291,490|해외구매 | _멀티팩 정품_318,370|_정품_335,000|벌크 병행_291,490|해외구매 | _멀티팩 정품_318,380|_정품_327,000|벌크 병행_291,500|해외구매 | _멀티팩 정품_318,860|_정품_327,000|벌크 병행_291,500|해외구매 | _멀티팩 정품_319,400|_정품_327,000|벌크 병행_292,590|해외구매 | _멀티팩 정품_322,000|_정품_329,000|벌크 병행_294,580|해외구매 | _멀티팩 정품_322,520|_정품_330,000|벌크 병행_294,690|해외구매 | _멀티팩 정품_323,050|_정품_330,000|벌크 병행_294,690|해외구매 | _멀티팩 정품_323,350|_정품_330,000|벌크 병행_294,690|해외구매",292260,288700,294400,294400,294400,291230,291230,291230,291230,291230,291230,291230,260870,260870,260870,260870,260870,260870,260040,260040,260040,260040,260040,263100,0,0,0,0,0,0
15276365,AMD 라이젠7 PRO 4750G (르누아르),AMD 라이젠7 PRO 4750G,르누아르,해외구매,291100,296090,266490,302940,302940,302940,302940,302940,302190,301990,302090,301590,302940,302940,302940,302940,302940,302940,302940,302940,302940,285040,302390,302790,0,0,0,0,0,0
29658509,AMD 라이젠7 PRO 7745 (라파엘),AMD 라이젠7 PRO 7745,라파엘,멀티팩 정품,513620,513620,513620,513620,513620,513620,513620,513620,513620,513620,513620,513620,513620,513620,513620,513620,513620,513620,513620,513620,513620,513620,513620,513620,0,0,0,0,0,0
5565805,AMD 라이젠7-1세대 1700 (서밋 릿지),AMD 라이젠7-1세대 1700,서밋 릿지,"_해외구매_62,950|_중고 | _해외구매_64,380|_중고 | _해외구매_64,940|_중고 | _해외구매_65,140|_중고 | _해외구매_65,270|_중고 | _해외구매_65,390|_중고 | _해외구매_67,110|_중고 | _해외구매_67,850|_중고 | _해외구매_67,910|_중고 | _해외구매_68,490|_중고 | _해외구매_68,620|_중고 | _해외구매_68,670|_중고 | _해외구매_68,730|_중고 | _해외구매_68,860|_중고 | _해외구매_68,980|_중고 | _해외구매_69,090|_중고 | _해외구매_69,210|_중고 | _해외구매_69,250|_중고 | _해외구매_69,300|_중고 | _해외구매_69,370|_중고 | _해외구매_69,380|_중고",55000,55000,55000,55000,55000,55000,55000,55000,55000,55000,55000,55000,55000,55000,55000,55000,55000,55000,55000,55000,55000,55000,55000,55000,0,0,0,0,0,0
11036691,AMD 라이젠7-1세대 1700X (서밋 릿지),AMD 라이젠7-1세대 1700X,서밋 릿지,중고,0,0,0,56890,56890,56890,56890,56890,56890,56890,56890,56890,0,0,0,0,0,0,0,56890,56890,56890,56890,56890,0,0,0,0,0,0
4929101,AMD 라이젠7-1세대 1800X (서밋 릿지),AMD 라이젠7-1세대 1800X,서밋 릿지,"_정품_659,550|중고_68,790|_해외구매",229300,229210,229180,229060,228940,228870,228760,228710,223020,223020,223020,223020,223020,223020,223020,223020,223020,223020,223020,223020,223020,223020,223020,223020,0,0,0,0,0,0
11036082,AMD 라이젠7-2세대 2700 (피나클 릿지),AMD 라이젠7-2세대 2700,피나클 릿지,해외구매,84770,84770,83300,81450,83300,84770,84770,84770,78670,78670,84770,84770,84770,84770,84770,84770,84770,84770,84770,84770,84770,91630,91630,91630,0,0,0,0,0,0
6333353,AMD 라이젠7-2세대 2700X (피나클 릿지),AMD 라이젠7-2세대 2700X,피나클 릿지,"_해외구매_91,090|_중고",86510,86510,86510,86510,86510,86510,86510,86510,86510,86510,86510,86510,86510,86510,86510,86510,86510,86510,86510,86510,86510,86510,86510,86510,0,0,0,0,0,0
9421629,AMD 라이젠7-3세대 3700X (마티스),AMD 라이젠7-3세대 3700X,마티스,"_멀티팩 정품_405,000|_해외구매_107,780|중고 | _멀티팩 정품_405,000|_해외구매_119,810|중고 | _멀티팩 정품_405,000|_해외구매_120,120|중고 | _멀티팩 정품_405,000|_해외구매_121,810|중고 | _멀티팩 정품_405,000|_해외구매_125,390|중고 | _멀티팩 정품_405,000|_해외구매_126,290|중고 | _멀티팩 정품_405,000|_해외구매_126,800|중고 | _멀티팩 정품_405,000|정품_399,000|_해외구매_126,800|중고 | 멀티팩 정품_405,000|_정품_399,000|_해외구매_126,800|중고",129210,129210,129210,129210,129210,129210,129210,129210,129210,129210,129210,129210,129210,129210,129210,129210,129210,129210,129210,129210,129210,129210,129210,129210,0,0,0,0,0,0
11026596,AMD 라이젠7-3세대 3800X (마티스),AMD 라이젠7-3세대 3800X,마티스,해외구매,156700,156700,142520,139350,142520,156700,156700,156700,156700,156700,156700,156700,156700,156700,156700,156700,156700,156700,156700,156700,156700,156700,156700,156700,0,0,0,0,0,0
12338921,AMD 라이젠7-3세대 3800XT (마티스),AMD 라이젠7-3세대 3800XT,마티스,"_해외구매_267,930|_중고 | _해외구매_276,300|_중고",139880,139880,139880,139880,139880,139880,139880,139880,139880,139880,139880,139880,139880,139880,139880,139880,139880,139880,139880,139880,139880,139880,139880,139880,0,0,0,0,0,0
34337090,AMD 라이젠7-4세대 5700 (세잔),AMD 라이젠7-4세대 5700,세잔,멀티팩 정품,228570,228570,229380,229380,229380,229380,229380,229380,229380,229380,229380,229380,229380,229380,229380,229380,229380,229380,229380,229380,229380,229380,229380,229370,0,0,0,0,0,0
14927759,AMD 라이젠7-4세대 5700G (세잔),AMD 라이젠7-4세대 5700G,세잔,"_멀티팩 정품_258,980|정품_266,430|_해외구매 | _멀티팩 정품_259,290|정품_266,430|_해외구매 | _멀티팩 정품_259,350|정품_266,430|_해외구매 | _멀티팩 정품_261,000|정품_266,430|_해외구매 | _멀티팩 정품_261,020|정품_266,430|_해외구매 | _멀티팩 정품_261,060|정품_266,430|_해외구매 | _멀티팩 정품_261,090|정품_266,430|_해외구매 | _멀티팩 정품_261,130|정품_266,430|_해외구매 | _멀티팩 정품_261,220|정품_266,430|_해외구매 | _멀티팩 정품_261,230|정품_266,430|_해외구매 | _멀티팩 정품_261,270|정품_268,560|_해외구매 | _멀티팩 정품_261,330|정품_268,560|_해외구매 | _멀티팩 정품_261,400|정품_268,560|_해외구매 | _멀티팩 정품_261,440|정품_268,560|_해외구매 | _멀티팩 정품_264,550|정품_268,560|_해외구매",216190,216190,198900,194480,198900,216890,218980,218980,209320,209320,219090,218980,218980,219090,219090,219090,219090,208070,216690,219090,219090,219090,219090,201510,0,0,0,0,0,0
16741349,AMD 라이젠7-4세대 5700X (버미어),AMD 라이젠7-4세대 5700X,버미어,"_멀티팩 정품_205,640||_해외구매 | _멀티팩 정품_205,690||_해외구매 | _멀티팩 정품_205,700||_해외구매 | _멀티팩 정품_205,740||_해외구매 | _멀티팩 정품_205,750||_해외구매 | _멀티팩 정품_205,800||_해외구매 | _멀티팩 정품_205,890|_벌크 병행_186,960|해외구매 | _멀티팩 정품_205,990||_해외구매 | _멀티팩 정품_206,030||_해외구매 | _멀티팩 정품_206,100||_해외구매 | _멀티팩 정품_206,140||_해외구매",162590,162590,162590,162590,162590,168350,168350,168350,167550,167540,166840,164870,155530,163170,155690,163170,155690,164540,162660,155270,165040,155690,155690,165040,0,0,0,0,0,0
34336865,AMD 라이젠7-4세대 5700X3D (버미어),AMD 라이젠7-4세대 5700X3D,버미어,"_멀티팩 정품_598,500|_해외구매 | _멀티팩 정품_599,000|_해외구매",290580,290490,290460,290340,290230,312610,312580,312450,312330,312230,303570,303450,303330,303240,303200,305100,314560,314490,314460,314340,314220,314090,313990,313880,0,0,0,0,0,0
12836186,AMD 라이젠7-4세대 5800X (버미어),AMD 라이젠7-4세대 5800X,버미어,"_멀티팩 정품_899,890|벌크 병행_1,000,000|_해외구매_220,510|중고 | _멀티팩 정품_899,890|벌크 병행_1,000,000|_해외구매_223,670|중고 | _멀티팩 정품_899,890|벌크 병행_1,000,000|_해외구매_224,680|중고 | 멀티팩 정품_899,890|_벌크 병행_1,000,000|_해외구매_220,510|중고",218410,221460,221460,221460,249990,249990,249990,249990,238420,238420,238420,238420,238420,238420,238420,238420,238420,238420,238420,238420,238420,238420,238420,238420,0,0,0,0,0,0
27521231,AMD 라이젠7-4세대 5800X3D (버미어),AMD 라이젠7-4세대 5800X3D,버미어,"_멀티팩 정품_750,000|_정품_891,390|해외구매 | _멀티팩 정품_750,000|정품_891,390|_해외구매 | 멀티팩 정품_750,000|_정품_891,390|_해외구매",557260,557150,557040,556920,556800,556720,556600,556470,556350,556240,556210,556180,556060,555940,555810,555690,555610,555580,555460,555340,555220,555090,554980,554850,0,0,0,0,0,0
62164991,AMD 라이젠7-4세대 5800XT (버미어),AMD 라이젠7-4세대 5800XT,버미어,정품,376810,376680,376570,376450,371790,371790,371790,371790,371790,371790,371790,371790,371790,371790,371790,371790,371790,365000,365000,365000,365000,365000,365000,365000,0,0,0,0,0,0
18718538,AMD 라이젠7-5세대 7700 (라파엘),AMD 라이젠7-5세대 7700,라파엘,"_멀티팩 정품_332,000|정품_399,000|_해외구매 | _멀티팩 정품_332,890|정품_399,000|_해외구매 | _멀티팩 정품_332,900|정품_399,000|_해외구매 | _멀티팩 정품_332,940|정품_399,000|_해외구매 | _멀티팩 정품_332,950|정품_399,000|_해외구매 | _멀티팩 정품_333,450|정품_399,000|_해외구매 | _멀티팩 정품_333,500|정품_399,000|_해외구매 | _멀티팩 정품_334,410|정품_399,000|_해외구매 | _멀티팩 정품_335,000|정품_399,000|_해외구매 | _멀티팩 정품_335,160|정품_380,850|_해외구매 | _멀티팩 정품_341,800|정품_399,000|_해외구매 | _멀티팩 정품_341,920|정품_399,000|_해외구매 | _멀티팩 정품_344,930|정품_399,000|_해외구매",288120,292490,292490,278440,282080,289290,286120,286120,263120,263120,289290,292490,292490,292490,292490,292490,292490,290240,290240,289220,289220,292490,292490,292490,0,0,0,0,0,0
27945140,AMD 라이젠7-5세대 7700X (라파엘),AMD 라이젠7-5세대 7700X,라파엘,"_멀티팩 정품_420,300|정품_510,000|_해외구매 | _멀티팩 정품_420,410|정품_510,000|_해외구매 | _멀티팩 정품_420,520|정품_510,000|_해외구매 | _멀티팩 정품_420,560|정품_510,000|_해외구매 | _멀티팩 정품_420,580|정품_510,000|_해외구매 | _멀티팩 정품_420,610|정품_510,000|_해외구매 | _멀티팩 정품_420,660|정품_510,000|_해외구매 | _멀티팩 정품_420,700|정품_510,000|_해외구매 | _멀티팩 정품_420,770|정품_510,000|_해외구매 | _멀티팩 정품_420,880|정품_510,000|_해외구매 | _멀티팩 정품_420,990|정품_510,000|_해외구매 | _멀티팩 정품_421,090|정품_510,000|_해외구매 | _멀티팩 정품_421,120|정품_510,000|_해외구매 | _멀티팩 정품_421,160|정품_510,000|_해외구매 | _멀티팩 정품_421,560|정품_510,000|_해외구매 | _멀티팩 정품_421,570|정품_510,000|_해외구매 | _멀티팩 정품_421,580|정품_510,000|_해외구매 | _멀티팩 정품_421,590|정품_510,000|_해외구매 | _멀티팩 정품_421,600|정품_510,000|_해외구매",385910,382650,400830,401390,401410,402550,378720,367620,367650,367510,367510,368970,369270,369270,369510,369510,367150,365480,365480,372200,372200,369470,369470,369470,0,0,0,0,0,0
19627934,AMD 라이젠7-5세대 7800X3D (라파엘),AMD 라이젠7-5세대 7800X3D,라파엘,"_멀티팩 정품_451,670|_정품_530,000||해외구매 | _멀티팩 정품_455,180|_정품_530,000||해외구매 | _멀티팩 정품_455,210|_정품_530,000||해외구매 | _멀티팩 정품_455,330|_정품_530,000||해외구매 | _멀티팩 정품_455,460|_정품_530,000||해외구매 | _멀티팩 정품_455,840|_정품_530,000||해외구매 | _멀티팩 정품_455,870|_정품_530,000||해외구매 | _멀티팩 정품_455,930|_정품_530,000||해외구매 | _멀티팩 정품_456,020|_정품_530,000||해외구매 | _멀티팩 정품_456,100|_정품_530,000||해외구매 | _멀티팩 정품_461,480|_정품_530,000||해외구매 | _멀티팩 정품_465,730|_정품_530,000||해외구매 | _멀티팩 정품_466,390|_정품_530,000||해외구매 | _멀티팩 정품_466,960|_정품_530,000||해외구매 | _멀티팩 정품_468,920|_정품_530,000||해외구매 | _멀티팩 정품_471,630|_정품_550,000||해외구매 | _멀티팩 정품_471,750|_정품_550,000||해외구매 | _멀티팩 정품_471,870|_정품_550,000||해외구매 | _멀티팩 정품_472,510|_정품_550,000||해외구매 | _멀티팩 정품_474,080|_정품_550,000||해외구매 | _멀티팩 정품_477,720|_정품_612,990||해외구매 | _멀티팩 정품_477,840|_정품_612,990||해외구매 | _멀티팩 정품_479,530|_정품_612,690||해외구매 | _멀티팩 정품_479,640|_정품_612,780||해외구매",528590,536580,530190,541350,541350,541350,547720,541350,541350,503070,541350,509440,514460,514450,514450,514450,514450,514450,518410,547730,541340,503070,541350,509440,0,0,0,0,0,0
53779649,AMD 라이젠7-5세대 8700F (피닉스),AMD 라이젠7-5세대 8700F,피닉스,"_멀티팩 정품_220,290|_해외구매 | _멀티팩 정품_220,410|_해외구매 | _멀티팩 정품_220,520|_해외구매 | _멀티팩 정품_220,650|_해외구매 | _멀티팩 정품_220,770|_해외구매 | _멀티팩 정품_220,870|_해외구매 | _멀티팩 정품_220,890|_해외구매 | _멀티팩 정품_220,980|_해외구매 | _멀티팩 정품_220,990|_해외구매 | _멀티팩 정품_223,570|_해외구매 | _멀티팩 정품_223,690|_해외구매 | _멀티팩 정품_223,820|_해외구매 | _멀티팩 정품_223,930|_해외구매 | _멀티팩 정품_224,000|_해외구매 | _멀티팩 정품_224,160|_해외구매",218200,218200,223760,223760,223760,223760,223760,223760,223760,223760,223760,223760,223760,223760,223760,248870,248870,248870,248870,248870,248870,248870,248870,248870,0,0,0,0,0,0
34336664,AMD 라이젠7-5세대 8700G (피닉스),AMD 라이젠7-5세대 8700G,피닉스,"_멀티팩 정품_359,980|정품_389,490|_해외구매 | _멀티팩 정품_360,100|정품_389,490|_해외구매 | _멀티팩 정품_360,130|정품_389,490|_해외구매 | _멀티팩 정품_360,160|정품_389,490|_해외구매 | _멀티팩 정품_360,220|정품_389,490|_해외구매 | _멀티팩 정품_360,280|정품_389,710|_해외구매 | _멀티팩 정품_360,320|정품_389,710|_해외구매 | _멀티팩 정품_360,330|정품_389,710|_해외구매 | _멀티팩 정품_360,350|정품_389,710|_해외구매 | _멀티팩 정품_360,470|정품_389,710|_해외구매 | _멀티팩 정품_360,600|정품_389,710|_해외구매 | _멀티팩 정품_360,650|정품_389,710|_해외구매 | _멀티팩 정품_360,670|정품_389,710|_해외구매 | _멀티팩 정품_360,700|정품_389,710|_해외구매 | _멀티팩 정품_360,990|정품_389,710|_해외구매 | _멀티팩 정품_361,050|정품_389,710|_해외구매 | _멀티팩 정품_361,170|정품_389,710|_해외구매 | _멀티팩 정품_361,300|정품_389,710|_해외구매 | _멀티팩 정품_361,410|정품_389,710|_해외구매 | _멀티팩 정품_361,450|정품_389,710|_해외구매 | _멀티팩 정품_361,470|정품_389,710|_해외구매 | _멀티팩 정품_361,600|정품_389,710|_해외구매 | _멀티팩 정품_361,710|정품_389,710|_해외구매 | _멀티팩 정품_361,830|_정품_389,500|해외구매",364080,364080,364080,364080,364080,367900,367900,367900,367900,367900,367900,367900,367900,367900,367900,367900,367900,367900,367900,367900,367900,367900,367900,367900,0,0,0,0,0,0
58933169,AMD 라이젠7-5세대 8700G (피닉스),AMD 라이젠7-5세대 8700G,피닉스,"_멀티팩 정품_359,970|정품_389,490|_해외구매 | _멀티팩 정품_360,100|정품_389,490|_해외구매 | _멀티팩 정품_360,130|정품_389,490|_해외구매 | _멀티팩 정품_360,160|정품_389,490|_해외구매 | _멀티팩 정품_360,220|정품_389,490|_해외구매 | _멀티팩 정품_360,270|정품_389,710|_해외구매 | _멀티팩 정품_360,320|정품_389,710|_해외구매 | _멀티팩 정품_360,330|정품_389,710|_해외구매 | _멀티팩 정품_360,350|정품_389,710|_해외구매 | _멀티팩 정품_360,470|정품_389,710|_해외구매 | _멀티팩 정품_360,600|정품_389,710|_해외구매 | _멀티팩 정품_360,650|정품_389,710|_해외구매 | _멀티팩 정품_360,670|정품_389,710|_해외구매 | _멀티팩 정품_360,700|정품_389,710|_해외구매 | _멀티팩 정품_360,990|정품_389,710|_해외구매 | _멀티팩 정품_361,050|정품_389,710|_해외구매 | _멀티팩 정품_361,170|정품_389,710|_해외구매 | _멀티팩 정품_361,300|정품_389,710|_해외구매 | _멀티팩 정품_361,410|정품_389,710|_해외구매 | _멀티팩 정품_361,450|정품_389,710|_해외구매 | _멀티팩 정품_361,470|정품_389,710|_해외구매 | _멀티팩 정품_361,600|정품_389,710|_해외구매 | _멀티팩 정품_361,710|정품_389,710|_해외구매 | _멀티팩 정품_361,830|_정품_389,500|해외구매",364080,364080,364080,364080,364080,367900,367900,367900,367900,367900,367900,367900,367900,367900,367900,367900,367900,367900,367900,367900,367900,367900,367900,367900,0,0,0,0,0,0
62794082,AMD 라이젠7-6세대 9700X (그래니트 릿지),AMD 라이젠7-6세대 9700X,그래니트 릿지,"_멀티팩 정품_442,050|_정품_466,820|벌크 병행 | _멀티팩 정품_443,080|_정품_466,850|벌크 병행 | _멀티팩 정품_443,890|_정품_466,850|벌크 병행 | _멀티팩 정품_443,970|_정품_466,850|벌크 병행 | _멀티팩 정품_444,160|_정품_466,850|벌크 병행 | _멀티팩 정품_444,270|_정품_466,870|벌크 병행 | _멀티팩 정품_444,400|_정품_466,900|벌크 병행 | _멀티팩 정품_444,430|_정품_466,930|벌크 병행 | _멀티팩 정품_444,510|_정품_466,940|벌크 병행 | _멀티팩 정품_444,630|_정품_466,940|벌크 병행 | _멀티팩 정품_444,760|_정품_466,940|벌크 병행 | _멀티팩 정품_444,880|_정품_466,940|벌크 병행 | _멀티팩 정품_444,910|_정품_466,900|벌크 병행 | _멀티팩 정품_444,990|_정품_466,910|벌크 병행 | _멀티팩 정품_445,080|_정품_466,920|벌크 병행 | _멀티팩 정품_445,190|_정품_466,930|벌크 병행 | _멀티팩 정품_445,310|_정품_466,930|벌크 병행 | _멀티팩 정품_445,440|_정품_466,930|벌크 병행 | _멀티팩 정품_445,560|_정품_466,930|벌크 병행 | _멀티팩 정품_445,640|_정품_466,930|벌크 병행 | _멀티팩 정품_445,760|_정품_467,410|벌크 병행 | _멀티팩 정품_445,880|_정품_467,430|벌크 병행 | _멀티팩 정품_445,950|_정품_467,450|벌크 병행 | _멀티팩 정품_446,040|_정품_467,760|벌크 병행",436340,436210,420940,420810,420780,420730,420700,420570,420450,420410,420390,420360,420340,420280,420150,420030,420010,419980,419860,419800,419730,419710,419670,419630,0,0,0,0,0,0
70531547,AMD 라이젠7-6세대 9800X3D (그래니트 릿지),AMD 라이젠7-6세대 9800X3D,그래니트 릿지,"_멀티팩 정품_669,260|_정품_698,990|벌크 병행 | _멀티팩 정품_669,380|_정품_698,990|벌크 병행 | _멀티팩 정품_669,440|_정품_713,600|벌크 병행 | _멀티팩 정품_669,610|_정품_715,690|벌크 병행 | _멀티팩 정품_669,730|_정품_715,690|벌크 병행 | _멀티팩 정품_669,850|_정품_715,690|벌크 병행 | _멀티팩 정품_670,850|_정품_715,690|벌크 병행 | _멀티팩 정품_670,980|_정품_715,690|벌크 병행 | _멀티팩 정품_674,100|_정품_698,990|해외구매_207,020|벌크 병행 | _멀티팩 정품_674,620|_정품_755,200|벌크 병행 | _멀티팩 정품_674,740|_정품_755,320|벌크 병행 | _멀티팩 정품_674,810|_정품_755,420|벌크 병행 | _멀티팩 정품_674,850|_정품_760,950|벌크 병행",986440,986350,986320,986200,986080,986000,985880,985750,985630,985510,985430,985400,946610,-2147483648,-2147483648,-2147483648,-2147483648,-2147483648,-2147483648,-2147483648,-2147483648,-2147483648,-2147483648,-2147483648,0,0,0,0,0,0
29658350,AMD 라이젠9 PRO 7945 (라파엘),AMD 라이젠9 PRO 7945,라파엘,멀티팩 정품,751890,751890,751890,751890,751890,751890,751890,751890,751890,751890,751890,751890,751890,751890,751890,751890,751890,751890,751890,751890,751890,751890,751890,751890,0,0,0,0,0,0
9374721,AMD 라이젠9-3세대 3900X (마티스),AMD 라이젠9-3세대 3900X,마티스,"_멀티팩 정품_500,000|_해외구매_264,460|중고 | _멀티팩 정품_500,000|_해외구매_267,230|중고 | _멀티팩 정품_500,000|_해외구매_267,500|중고 | _멀티팩 정품_500,000|_해외구매_269,940|중고 | _멀티팩 정품_500,000|_해외구매_272,990|중고 | _멀티팩 정품_500,000|_해외구매_286,920|중고 | _멀티팩 정품_500,000|_해외구매_299,730|중고 | _멀티팩 정품_500,000|_해외구매_300,670|중고 | _멀티팩 정품_500,000|_해외구매_304,090|중고",220400,220400,220400,220400,220400,220400,220400,220400,215100,215100,215100,215100,215100,215100,215100,215100,215100,215100,215100,215100,215100,215100,215100,215100,0,0,0,0,0,0
12338828,AMD 라이젠9-3세대 3900XT (마티스),AMD 라이젠9-3세대 3900XT,마티스,해외구매,434500,434500,434500,434500,434500,631990,631990,631990,631990,631990,631990,631990,631990,631990,631990,631990,631990,631990,587760,587760,587760,587760,587760,587760,0,0,0,0,0,0
11026701,AMD 라이젠9-3세대 3950X (마티스),AMD 라이젠9-3세대 3950X,마티스,해외구매,558590,563580,563580,563580,556590,563580,556590,556590,533590,533590,563580,563580,563580,563580,563580,563580,563580,563580,563580,563580,563580,563580,563580,563580,0,0,0,0,0,0
12837425,AMD 라이젠9-4세대 5900X (버미어),AMD 라이젠9-4세대 5900X,버미어,"_멀티팩 정품_620,000|정품_619,000|_해외구매_355,740|중고 | _멀티팩 정품_620,000|정품_619,740|_해외구매_315,500|중고 | _멀티팩 정품_620,000|정품_619,740|_해외구매_355,740|중고 | _멀티팩 정품_620,000|정품_619,740|_해외구매_357,320|중고 | _멀티팩 정품_620,000|정품_619,740|_해외구매_357,370|중고 | _멀티팩 정품_620,000|정품_619,740|_해외구매_363,360|중고 | _멀티팩 정품_620,000|정품_619,740|_해외구매_363,620|중고 | 멀티팩 정품_620,000|_정품_619,000|_해외구매_355,740|중고 | 멀티팩 정품_620,000|_정품_619,000|_해외구매_362,440|중고 | 멀티팩 정품_620,000|_정품_619,000|_해외구매_362,470|중고 | 멀티팩 정품_620,000|정품_619,740|_해외구매_315,500|_중고",395160,395160,395160,395160,325500,325500,325500,325500,325500,325500,325500,325500,325500,325500,325500,325500,325500,325500,325500,325500,325500,325500,325500,325500,0,0,0,0,0,0
62165036,AMD 라이젠9-4세대 5900XT (버미어),AMD 라이젠9-4세대 5900XT,버미어,정품,523000,523000,523000,523000,523000,518900,518900,518900,518900,509900,508900,508900,508900,508900,508900,508900,523900,523000,512900,512900,512900,512900,512900,512900,0,0,0,0,0,0
12622319,AMD 라이젠9-4세대 5950X (버미어),AMD 라이젠9-4세대 5950X,버미어,"_정품_842,500|벌크 병행_610,000|_해외구매 | _정품_842,500|벌크 병행_710,000|_해외구매",453000,453000,453000,453000,453000,453000,453000,453000,453000,453000,453000,453000,477790,469100,469100,469100,469100,469100,474150,474150,474150,474150,473940,465300,0,0,0,0,0,0
18718631,AMD 라이젠9-5세대 7900 (라파엘),AMD 라이젠9-5세대 7900,라파엘,"_멀티팩 정품_479,130|_정품_498,680|해외구매 | _멀티팩 정품_493,050|_정품_498,680|해외구매 | _멀티팩 정품_495,110|_정품_498,680|해외구매 | _멀티팩 정품_497,150|_정품_498,680|해외구매 | _멀티팩 정품_497,190|_정품_498,680|해외구매 | _멀티팩 정품_497,200|_정품_498,680|해외구매 | _멀티팩 정품_498,230|_정품_498,680|해외구매 | _멀티팩 정품_498,640|_정품_498,680|해외구매 | _멀티팩 정품_498,670|_정품_498,680|해외구매 | _멀티팩 정품_501,320|_정품_505,000|해외구매 | _멀티팩 정품_501,330|_정품_505,000|해외구매 | _멀티팩 정품_501,340|_정품_505,000|해외구매 | _멀티팩 정품_501,350|_정품_505,000|해외구매 | _멀티팩 정품_504,670|_정품_505,000|해외구매 | _멀티팩 정품_504,790|_정품_505,000|해외구매 | _멀티팩 정품_504,920|_정품_524,000|해외구매 | _멀티팩 정품_506,380|_정품_524,000|해외구매 | _멀티팩 정품_506,430|_정품_524,000|해외구매 | _멀티팩 정품_506,440|_정품_524,000|해외구매 | _멀티팩 정품_506,570|_정품_524,000|해외구매 | _멀티팩 정품_506,680|_정품_524,000|해외구매 | _멀티팩 정품_506,810|_정품_524,000|해외구매",587600,587600,587600,601690,601690,601690,607690,619790,619790,619790,619790,624590,624590,624590,624590,617380,662790,662540,626490,610890,610890,610890,610890,594030,0,0,0,0,0,0
28402418,AMD 라이젠9-5세대 7900X (라파엘),AMD 라이젠9-5세대 7900X,라파엘,"_멀티팩 정품_537,380|정품_615,580|_해외구매 | _멀티팩 정품_537,450|정품_615,540|_해외구매 | _멀티팩 정품_538,180|정품_615,580|_해외구매 | _멀티팩 정품_538,200|정품_615,580|_해외구매 | _멀티팩 정품_538,250|정품_615,580|_해외구매 | _멀티팩 정품_538,270|정품_616,700|_해외구매 | _멀티팩 정품_538,310|정품_616,700|_해외구매 | _멀티팩 정품_538,400|정품_616,700|_해외구매 | _멀티팩 정품_538,450|정품_616,660|_해외구매 | _멀티팩 정품_539,340|정품_616,700|_해외구매 | _멀티팩 정품_539,390|정품_616,700|_해외구매 | _멀티팩 정품_539,430|정품_616,700|_해외구매 | _멀티팩 정품_539,480|정품_616,700|_해외구매 | _멀티팩 정품_539,530|정품_625,690|_해외구매 | _멀티팩 정품_543,500|정품_625,650|_해외구매 | _멀티팩 정품_543,620|정품_625,690|_해외구매 | _멀티팩 정품_543,750|정품_625,690|_해외구매 | _멀티팩 정품_543,870|정품_625,690|_해외구매 | _멀티팩 정품_543,970|정품_625,690|_해외구매 | _멀티팩 정품_544,090|정품_625,690|_해외구매 | _멀티팩 정품_544,210|정품_625,690|_해외구매 | _멀티팩 정품_544,240|정품_625,590|_해외구매 | _멀티팩 정품_544,330|정품_625,670|_해외구매",468090,478870,478270,478270,478270,479140,479220,472600,473010,473010,473010,471580,469910,469620,469770,469390,469110,469350,469350,479910,479910,480120,480270,480270,0,0,0,0,0,0
19174175,AMD 라이젠9-5세대 7900X3D (라파엘),AMD 라이젠9-5세대 7900X3D,라파엘,"_멀티팩 정품_1,999,990|정품_2,000,000|_해외구매 | 멀티팩 정품_1,914,000|_정품_2,000,000|_해외구매 | 멀티팩 정품_2,000,000|_정품_2,000,000|_해외구매",746890,746890,725910,725910,0,0,0,0,0,0,0,0,0,0,0,0,0,0,0,0,0,0,0,0,0,0,0,0,0,0
19627457,AMD 라이젠9-5세대 7900X3D (라파엘),AMD 라이젠9-5세대 7900X3D,라파엘,"_멀티팩 정품_1,999,990|정품_2,000,000|_해외구매 | 멀티팩 정품_1,914,000|_정품_2,000,000|_해외구매 | 멀티팩 정품_2,000,000|_정품_2,000,000|_해외구매",746890,746890,725910,725910,0,0,0,0,0,0,0,0,0,0,0,0,0,0,0,0,0,0,0,0,0,0,0,0,0,0
31950143,AMD 라이젠9-5세대 7900X3D (라파엘),AMD 라이젠9-5세대 7900X3D,라파엘,해외구매,0,0,0,0,725910,746890,746890,746890,746890,746890,746890,746890,746890,746890,746890,746890,746890,746890,746890,746890,746890,746890,746890,746890,0,0,0,0,0,0
20613197,AMD 라이젠9-5세대 7950X (라파엘),AMD 라이젠9-5세대 7950X,라파엘,"_멀티팩 정품_784,050|_정품_833,320|해외구매 | _멀티팩 정품_784,050|_정품_847,670|해외구매 | _멀티팩 정품_784,050|정품_833,320|_해외구매 | _멀티팩 정품_784,050|정품_847,670|_해외구매",699790,699790,699790,699790,699790,699790,699790,699790,699790,707070,707070,707070,709070,709070,709070,709070,699790,699790,699790,699790,699790,699790,699790,699790,0,0,0,0,0,0
17913980,AMD 라이젠9-5세대 7950X (라파엘),AMD 라이젠9-5세대 7950X,라파엘,"_멀티팩 정품_784,050|_정품_833,320|해외구매",0,0,0,0,0,0,0,0,0,0,0,707070,0,0,0,0,0,0,0,0,0,0,0,0,0,0,0,0,0,0
19174415,AMD 라이젠9-5세대 7950X3D (라파엘),AMD 라이젠9-5세대 7950X3D,라파엘,"_멀티팩 정품_1,043,470|_정품_941,040|해외구매 | _멀티팩 정품_1,043,580|_정품_941,070|해외구매 | _멀티팩 정품_1,043,600|_정품_1,011,890|해외구매 | _멀티팩 정품_1,043,610|_정품_1,011,900|해외구매",880000,885000,885000,885000,878000,885000,878000,878000,855000,855000,855000,855000,855000,855000,855000,885000,885000,885000,885000,885000,885000,885000,885000,885000,0,0,0,0,0,0
19627601,AMD 라이젠9-5세대 7950X3D (라파엘),AMD 라이젠9-5세대 7950X3D,라파엘,"_멀티팩 정품_1,043,470|_정품_941,040|해외구매 | _멀티팩 정품_1,043,580|_정품_941,070|해외구매 | _멀티팩 정품_1,043,600|_정품_1,011,890|해외구매 | _멀티팩 정품_1,043,610|_정품_1,011,900|해외구매",880000,885000,885000,885000,878000,885000,878000,878000,855000,855000,855000,855000,855000,855000,855000,885000,885000,885000,885000,885000,885000,885000,885000,885000,0,0,0,0,0,0
63140387,AMD 라이젠9-6세대 9900X (그래니트 릿지),AMD 라이젠9-6세대 9900X,그래니트 릿지,"_멀티팩 정품_673,900|_정품_671,400|벌크 병행_637,490|해외구매 | _멀티팩 정품_673,990|정품_671,530|_벌크 병행_637,610|해외구매 | _멀티팩 정품_673,990|정품_671,640|_벌크 병행_637,730|해외구매 | _멀티팩 정품_673,990|정품_671,770|_벌크 병행_637,860|해외구매 | _멀티팩 정품_674,000|_정품_671,800|벌크 병행_637,980|해외구매 | _멀티팩 정품_678,030|_정품_671,900|벌크 병행_638,820|해외구매 | _멀티팩 정품_678,030|_정품_681,780|벌크 병행_638,930|해외구매 | _멀티팩 정품_678,030|정품_671,890|_벌크 병행_638,100|해외구매 | _멀티팩 정품_679,050|_정품_681,890|벌크 병행_656,660|해외구매 | _멀티팩 정품_679,050|_정품_687,450|벌크 병행_635,990|해외구매 | _멀티팩 정품_680,050|_정품_690,870|벌크 병행_657,270|해외구매 | _멀티팩 정품_680,060|_정품_687,570|벌크 병행_635,990|해외구매 | _멀티팩 정품_680,060|_정품_687,700|벌크 병행_656,830|해외구매 | _멀티팩 정품_680,060|_정품_687,730|벌크 병행_656,950|해외구매 | _멀티팩 정품_680,060|_정품_687,760|벌크 병행_657,030|해외구매 | _멀티팩 정품_680,060|_정품_689,000|벌크 병행_657,150|해외구매 | _멀티팩 정품_681,080|_정품_690,960|벌크 병행_657,300|해외구매 | _멀티팩 정품_681,080|_정품_690,990|벌크 병행_657,390|해외구매 | _멀티팩 정품_685,650|_정품_671,990|벌크 병행_638,220|해외구매 | _멀티팩 정품_685,650|_정품_671,990|벌크 병행_638,250|해외구매 | _멀티팩 정품_685,650|_정품_671,990|벌크 병행_638,330|해외구매 | _멀티팩 정품_685,650|_정품_672,000|벌크 병행_638,450|해외구매 | _멀티팩 정품_685,650|_정품_676,810|벌크 병행_638,580|해외구매 | _멀티팩 정품_685,650|_정품_676,810|벌크 병행_638,700|해외구매",551570,551520,574690,574920,573670,573670,574940,566870,566870,566870,566070,566390,566720,565910,565910,565980,566870,566320,566320,576180,576210,576220,577080,576280,0,0,0,0,0,0
77790890,AMD 라이젠9-6세대 9900X3D (그래니트 릿지),AMD 라이젠9-6세대 9900X3D,그래니트 릿지,"_멀티팩 정품_865,640|_해외구매 | _멀티팩 정품_865,650|_해외구매 | _멀티팩 정품_865,660|_해외구매 | _멀티팩 정품_865,670|_해외구매 | _멀티팩 정품_866,630|_해외구매 | _멀티팩 정품_866,640|_해외구매 | _멀티팩 정품_866,650|_해외구매 | _멀티팩 정품_866,660|_해외구매 | _멀티팩 정품_866,670|_해외구매 | _멀티팩 정품_866,680|_해외구매 | _멀티팩 정품_866,690|_해외구매 | _멀티팩 정품_866,710|_해외구매 | _멀티팩 정품_867,720|_해외구매 | _멀티팩 정품_867,730|_해외구매",911900,911900,911900,911900,911900,911900,911900,911900,911900,911900,911900,911900,911900,911900,911900,911900,911900,911900,911900,911900,911900,911900,911900,911900,0,0,0,0,0,0
63140417,AMD 라이젠9-6세대 9950X (그래니트 릿지),AMD 라이젠9-6세대 9950X,그래니트 릿지,"_멀티팩 정품_898,830|_정품_922,990|벌크 병행 | _멀티팩 정품_901,720|_정품_939,190|벌크 병행 | _멀티팩 정품_901,900|_정품_939,310|벌크 병행 | _멀티팩 정품_901,960|_정품_939,440|벌크 병행 | _멀티팩 정품_902,250|_정품_939,560|벌크 병행 | _멀티팩 정품_903,280|_정품_939,680|벌크 병행 | _멀티팩 정품_903,290|정품_939,800|_벌크 병행 | _멀티팩 정품_905,380|정품_939,830|_벌크 병행 | _멀티팩 정품_906,700|정품_939,920|_벌크 병행 | _멀티팩 정품_907,840|정품_922,940|_벌크 병행 | _멀티팩 정품_907,960|정품_922,940|_벌크 병행 | _멀티팩 정품_908,380|정품_922,940|_벌크 병행 | _멀티팩 정품_908,440|정품_922,950|_벌크 병행 | _멀티팩 정품_908,500|정품_922,960|_벌크 병행 | _멀티팩 정품_908,790|정품_911,390|_벌크 병행 | _멀티팩 정품_908,890|_정품_922,980|벌크 병행 | _멀티팩 정품_908,920|_정품_922,980|벌크 병행 | _멀티팩 정품_908,950|_정품_922,990|벌크 병행 | _멀티팩 정품_909,400|_정품_932,050|벌크 병행 | _멀티팩 정품_909,420|_정품_932,050|벌크 병행 | _멀티팩 정품_909,440|_정품_932,060|벌크 병행 | _멀티팩 정품_909,450|_정품_932,060|벌크 병행",868710,868580,868470,868350,867600,857000,857000,857000,857000,825300,825300,825300,825290,825300,825300,825300,825290,825290,825290,822090,822090,822090,822090,822090,0,0,0,0,0,0
77790914,AMD 라이젠9-6세대 9950X3D (그래니트 릿지),AMD 라이젠9-6세대 9950X3D,그래니트 릿지,"_멀티팩 정품_1,127,290|_정품_1,127,320|해외구매 | _멀티팩 정품_1,127,410|_정품_1,127,450|해외구매 | _멀티팩 정품_1,127,520|_정품_1,127,560|해외구매 | _멀티팩 정품_1,127,570|_정품_1,127,690|해외구매 | _멀티팩 정품_1,127,690|_정품_1,127,720|해외구매 | _멀티팩 정품_1,127,800|_정품_1,127,810|해외구매 | _멀티팩 정품_1,127,930|_정품_1,127,930|해외구매 | _멀티팩 정품_1,130,000|_정품_1,130,000|해외구매 | _멀티팩 정품_1,143,930|_정품_1,143,930|해외구매 | _멀티팩 정품_1,148,610|_정품_1,144,650|해외구매 | _멀티팩 정품_1,148,730|_정품_1,144,770|해외구매 | _멀티팩 정품_1,148,860|_정품_1,144,890|해외구매 | _멀티팩 정품_1,148,970|_정품_1,148,640|해외구매 | _멀티팩 정품_1,149,740|_정품_1,148,760|해외구매 | _멀티팩 정품_1,149,770|_정품_1,148,790|해외구매 | _멀티팩 정품_1,149,860|_정품_1,137,950|해외구매 | _멀티팩 정품_1,149,940|_정품_1,148,960|해외구매 | _멀티팩 정품_1,149,970|_정품_1,132,970|해외구매 | _멀티팩 정품_1,169,670|_정품_1,144,070|해외구매 | _멀티팩 정품_1,169,740|_정품_1,149,860|해외구매 | _멀티팩 정품_1,169,760|_정품_1,149,970|해외구매 | _멀티팩 정품_1,169,770|_정품_1,168,730|해외구매 | _멀티팩 정품_1,169,860|_정품_1,168,860|해외구매",1221690,1221690,1221690,1221690,1221690,1221690,1221690,1221690,1221690,1265000,1265000,1265000,1265000,971700,971700,971700,971700,971700,971700,971700,971600,971600,971600,971600,0,0,0,0,0,0
11028270,AMD 애슬론 200GE (레이븐 릿지),AMD 애슬론 200GE,레이븐 릿지,"_해외구매_30,290|_중고 | _해외구매_31,360|_중고 | _해외구매_32,690|_중고",18790,18790,18790,18790,18790,18790,18790,18790,18790,18790,18790,18790,18790,18790,18790,18790,18790,18790,18790,18790,18790,18790,18790,18790,0,0,0,0,0,0
16561238,AMD 애슬론 3000G (레이븐 릿지),AMD 애슬론 3000G,레이븐 릿지,"벌크 + 쿨러 정품_83,900|벌크 병행_68,000|_해외구매_55,670|_중고 | 벌크 + 쿨러 정품_83,900|벌크 병행_68,000|_해외구매_56,940|_중고 | 벌크 + 쿨러 정품_83,900|벌크 병행_68,000|_해외구매_59,830|_중고 | 벌크 + 쿨러 정품_83,900|벌크 병행_68,000|_해외구매_61,170|_중고 | 벌크 + 쿨러 정품_83,900|벌크 병행_68,000|_해외구매_62,390|_중고 | 벌크 + 쿨러 정품_83,900|벌크 병행_68,000|_해외구매_62,430|_중고 | 벌크 + 쿨러 정품_83,900|벌크 병행_68,000|_해외구매_62,450|_중고",37490,37490,37490,37490,37490,37490,37490,37490,37490,37490,37490,37490,37490,37490,37490,37490,37490,37490,37490,37490,37490,37490,37490,37490,0,0,0,0,0,0
15834872,AMD 애슬론II-X3 425 (라나),AMD 애슬론II-X3 425,라나,중고,1290,1290,1290,1290,1290,1290,1290,1290,1290,1290,1290,1290,1290,1290,1290,1290,1290,1290,1290,1290,1290,1290,1290,0,0,0,0,0,0,0
4281793,AMD 페넘II-X4 955 (데네브),AMD 페넘II-X4 955,데네브,중고,0,0,0,0,0,0,0,0,0,0,0,0,7260,7260,7260,7260,7260,7260,0,0,0,0,0,0,0,0,0,0,0,0
4467073,AMD 페넘II-X6 1055T (투반),AMD 페넘II-X6 1055T,투반,"중고, 95W",0,0,0,0,0,0,23250,23250,23250,0,23250,0,0,0,0,0,0,0,0,0,0,0,0,0,0,0,0,0,0,0
6112877,인텔 셀러론 G1820 (하스웰),인텔 셀러론 G1820,하스웰,중고,0,0,0,1500,1500,1500,1500,1500,1500,1500,0,0,0,0,0,0,0,0,0,0,0,0,0,0,0,0,0,0,0,0
2669666,인텔 셀러론 G1840 (하스웰 리프레시),인텔 셀러론 G1840,하스웰 리프레시,"_벌크_1,950|_중고 | _벌크_2,150|_중고",1240,1240,1240,1240,1240,1240,1240,1240,1240,1240,1240,1240,1250,1250,1250,1250,1250,1250,1250,1290,1260,1290,1250,1240,0,0,0,0,0,0
2783185,인텔 셀러론 G1850 (하스웰 리프레시),인텔 셀러론 G1850,하스웰 리프레시,"_벌크_3,260|_중고 | _벌크_3,300|_중고 | _벌크_3,400|_중고",1240,1240,1240,1240,1240,1240,1240,1240,1240,1240,1240,1240,1250,1250,1250,1250,1250,1250,1250,1290,1260,1270,1240,1240,0,0,0,0,0,0
4033502,인텔 셀러론 G3900 (스카이레이크),인텔 셀러론 G3900,스카이레이크,"벌크 + 쿨러_16,490|_벌크_3,190|_중고 | 벌크 + 쿨러_16,490|_벌크_3,200|_중고 | 벌크 + 쿨러_16,490|_벌크_3,250|_중고 | 벌크 + 쿨러_16,490|_벌크_3,260|_중고 | 벌크 + 쿨러_16,490|_벌크_3,290|_중고",2160,2160,2160,2160,2160,2160,2160,2160,2160,2160,2160,2160,2180,2180,2180,2180,2180,2190,2330,2300,2180,2180,2170,2330,0,0,0,0,0,0
4881161,인텔 셀러론 G3930 (카비레이크),인텔 셀러론 G3930,카비레이크,"벌크 + 쿨러_5,320|_벌크_1,290|해외구매_8,490|_중고 | 벌크 + 쿨러_5,330|_벌크_1,290|해외구매_8,490|_중고 | 벌크 + 쿨러_5,380|_벌크_1,290|해외구매_8,490|_중고 | 벌크 + 쿨러_5,380|벌크_1,290|_해외구매_8,490|_중고 | 벌크 + 쿨러_5,390|_벌크_1,290|해외구매_8,490|_중고 | 벌크 + 쿨러_5,400|_벌크_1,290|해외구매_8,490|_중고 | 벌크 + 쿨러_5,400|벌크_1,290|_해외구매_8,490|_중고 | 벌크 + 쿨러_5,480|_벌크_1,290|해외구매_8,490|_중고 | 벌크 + 쿨러_5,490|_벌크_1,290|해외구매_8,490|_중고 | 벌크 + 쿨러_5,500|_벌크_1,290|해외구매_8,490|_중고 | 벌크 + 쿨러_5,520|_벌크_1,290|해외구매_8,490|_중고 | 벌크 + 쿨러_5,530|_벌크_1,290|해외구매_8,490|_중고 | 벌크 + 쿨러_5,540|_벌크_1,290|해외구매_8,490|_중고",1240,1240,1240,1240,1240,1240,1240,1240,1240,1240,1240,1240,1250,1250,1250,1250,1250,1250,1250,1290,1270,1260,1250,1240,0,0,0,0,0,0
7898065,인텔 셀러론 G3950 (카비레이크),인텔 셀러론 G3950,카비레이크,"_해외구매_88,000|_중고",0,0,0,0,0,0,0,0,0,0,0,65000,0,65000,65000,65000,65000,65000,65000,65000,0,0,0,0,0,0,0,0,0,0
6060282,인텔 셀러론 G4900 (커피레이크),인텔 셀러론 G4900,커피레이크,"_벌크 + 쿨러_10,670|_벌크_6,220|해외구매_15,490|중고 | _벌크 + 쿨러_11,260|_벌크_6,220|해외구매_15,490|중고 | _벌크 + 쿨러_11,270|_벌크_6,220|해외구매_15,490|중고 | _벌크 + 쿨러_11,280|_벌크_6,290|해외구매_15,490|중고 | _벌크 + 쿨러_11,380|_벌크_6,220|해외구매_15,490|중고 | _벌크 + 쿨러_11,390|_벌크_6,220|해외구매_15,490|중고 | _벌크 + 쿨러_11,400|_벌크_6,290|해외구매_15,490|중고 | _벌크 + 쿨러_11,410|_벌크_6,220|해외구매_15,490|중고 | _벌크 + 쿨러_11,420|_벌크_6,220|해외구매_15,490|중고 | _벌크 + 쿨러_11,460|_벌크_6,220|해외구매_15,490|중고 | _벌크 + 쿨러_11,470|_벌크_6,220|해외구매_15,490|중고 | _벌크 + 쿨러_11,470|_벌크_6,330|해외구매_15,490|중고 | _벌크 + 쿨러_11,470|_벌크_6,460|해외구매_15,490|중고 | _벌크 + 쿨러_11,480|_벌크_6,230|해외구매_15,490|중고 | _벌크 + 쿨러_11,480|_벌크_6,290|해외구매_15,490|중고 | _벌크 + 쿨러_11,480|_벌크_6,490|해외구매_15,490|중고",4990,4990,4990,4990,4990,4990,4990,4990,4990,4990,4990,4990,4990,4990,4990,4990,4990,4990,4990,4990,4990,4990,4990,4990,0,0,0,0,0,0
9642015,인텔 셀러론 G4930 (커피레이크-R),인텔 셀러론 G4930,커피레이크-R,"_벌크 + 쿨러_28,900|_벌크_9,260|해외구매 | 벌크 + 쿨러_28,900|_벌크_9,250|_해외구매 | 벌크 + 쿨러_28,900|_벌크_9,260|_해외구매",19080,19080,19080,19080,19080,19080,19080,19080,19080,19080,19080,19080,19080,19080,19080,19080,19080,19080,19080,19080,19080,19080,19080,19080,0,0,0,0,0,0
1512435,인텔 셀러론 G530 (샌디브릿지),인텔 셀러론 G530,샌디브릿지,"_벌크 + 쿨러_16,240|_중고 | _벌크 + 쿨러_16,740|_중고",1790,1790,1790,1790,1790,1790,1790,1790,1790,1790,1790,1790,1790,1790,1790,1790,1790,1790,1790,1790,1790,1790,1790,1790,0,0,0,0,0,0
1705460,인텔 셀러론 G540 (샌디브릿지),인텔 셀러론 G540,샌디브릿지,"_벌크 + 쿨러_15,400|_중고 | _벌크 + 쿨러_15,420|_중고 | _벌크 + 쿨러_15,510|_중고 | _벌크 + 쿨러_15,540|_중고 | _벌크 + 쿨러_15,570|_중고 | _벌크 + 쿨러_15,630|_중고 | _벌크 + 쿨러_15,720|_중고 | _벌크 + 쿨러_15,840|_중고 | _벌크 + 쿨러_15,960|_중고 | _벌크 + 쿨러_16,000|_중고",1700,1700,1700,1700,1700,1700,1700,1700,1700,1700,1700,1700,1700,1700,1700,1700,1700,1700,1700,1700,1700,1700,1680,1600,0,0,0,0,0,0
1779781,인텔 셀러론 G550 (샌디브릿지),인텔 셀러론 G550,샌디브릿지,중고,0,0,0,0,0,0,0,0,0,1800,0,0,0,0,0,0,0,1800,1800,0,0,0,0,0,0,0,0,0,0,0
11480208,인텔 셀러론 G5900 (코멧레이크S),인텔 셀러론 G5900,코멧레이크S,"벌크 + 쿨러_54,650|벌크_46,000|_해외구매_49,810|_중고 | 벌크 + 쿨러_54,650|벌크_46,000|_해외구매_51,600|_중고 | 벌크 + 쿨러_54,650|벌크_46,000|_해외구매_53,600|_중고 | 벌크 + 쿨러_54,650|벌크_46,000|_해외구매_58,010|_중고 | 벌크 + 쿨러_54,650|벌크_46,000|_해외구매_58,590|_중고",9000,9000,9000,9000,9000,9000,9000,9000,9000,9000,9000,9000,9000,9000,9000,9000,9000,9000,9000,32990,32990,32990,32990,32990,0,0,0,0,0,0
12122969,인텔 셀러론 G5905 (코멧레이크S),인텔 셀러론 G5905,코멧레이크S,"_정품_66,000|_벌크 + 쿨러_44,880|벌크_39,690|해외구매_68,490|중고 | _정품_66,000|_벌크 + 쿨러_44,890|벌크_39,690|해외구매_68,490|중고 | _정품_66,000|_벌크 + 쿨러_44,890|벌크_39,700|해외구매_68,490|중고 | _정품_66,000|_벌크 + 쿨러_46,120|벌크_40,920|해외구매_67,990|중고 | _정품_66,000|_벌크 + 쿨러_46,130|벌크_40,920|해외구매_61,990|중고 | _정품_66,000|_벌크 + 쿨러_46,130|벌크_40,920|해외구매_67,990|중고 | _정품_66,000|_벌크 + 쿨러_46,130|벌크_40,920|해외구매_68,490|중고 | _정품_66,000|벌크 + 쿨러_46,130|_벌크_40,920|해외구매_68,490|중고",43060,43060,43060,43060,43060,43060,43060,43060,43060,43060,43060,43060,43060,43060,43060,43060,43060,43060,43060,43060,43060,43060,43060,43060,0,0,0,0,0,0
12387029,인텔 셀러론 G5925 (코멧레이크S),인텔 셀러론 G5925,코멧레이크S,"_정품_65,370|병행수입 박스_76,780|벌크 + 쿨러_66,190|_벌크_61,960|해외구매 | _정품_65,370|병행수입 박스_76,810|벌크 + 쿨러_66,190|_벌크_61,960|해외구매 | _정품_65,370|병행수입 박스_76,890|벌크 + 쿨러_66,190|_벌크_61,960|해외구매 | _정품_65,370|병행수입 박스_76,900|벌크 + 쿨러_66,190|_벌크_61,960|해외구매 | _정품_65,370|병행수입 박스_77,010|벌크 + 쿨러_66,190|_벌크_61,960|해외구매 | _정품_65,370|병행수입 박스_77,020|벌크 + 쿨러_66,190|_벌크_61,960|해외구매 | _정품_65,370|병행수입 박스_77,140|벌크 + 쿨러_66,190|_벌크_61,960|해외구매 | _정품_65,370|병행수입 박스_77,180|벌크 + 쿨러_66,190|_벌크_61,960|해외구매 | _정품_65,370|병행수입 박스_77,270|벌크 + 쿨러_66,190|_벌크_61,960|해외구매 | _정품_65,370|병행수입 박스_77,300|벌크 + 쿨러_66,190|_벌크_61,960|해외구매 | _정품_65,370|병행수입 박스_77,390|벌크 + 쿨러_66,190|_벌크_61,960|해외구매 | _정품_65,370|병행수입 박스_79,910|벌크 + 쿨러_66,190|_벌크_61,960|해외구매 | _정품_65,370|병행수입 박스_80,040|벌크 + 쿨러_66,190|_벌크_61,960|해외구매 | _정품_65,370|병행수입 박스_80,160|벌크 + 쿨러_66,190|_벌크_61,960|해외구매 | _정품_65,370|병행수입 박스_80,240|벌크 + 쿨러_66,190|_벌크_61,960|해외구매 | _정품_65,370|병행수입 박스_80,360|벌크 + 쿨러_66,190|_벌크_61,960|해외구매 | _정품_65,370|병행수입 박스_80,480|벌크 + 쿨러_66,190|_벌크_61,960|해외구매 | _정품_65,370|병행수입 박스_80,510|벌크 + 쿨러_66,190|_벌크_61,960|해외구매 | _정품_65,370|병행수입 박스_80,600|벌크 + 쿨러_66,190|_벌크_61,960|해외구매",116600,116600,116600,116600,116600,116600,116600,116600,116600,116600,116600,116600,116600,116600,116600,116600,116600,116600,116600,116600,116600,116600,116600,116600,0,0,0,0,0,0
16100840,인텔 셀러론 G6900 (엘더레이크),인텔 셀러론 G6900,엘더레이크,"_정품_95,000|벌크 + 쿨러_84,400|_벌크_74,760|해외구매 | _정품_95,000|벌크 + 쿨러_84,470|_벌크_74,760|해외구매 | _정품_95,000|벌크 + 쿨러_84,580|_벌크_74,760|해외구매 | _정품_95,000|벌크 + 쿨러_84,630|_벌크_74,760|해외구매 | _정품_95,000|벌크 + 쿨러_84,630|_벌크_74,770|해외구매 | _정품_95,000|벌크 + 쿨러_84,630|_벌크_74,780|해외구매 | _정품_95,000|벌크 + 쿨러_84,630|_벌크_74,800|해외구매 | _정품_95,000|벌크 + 쿨러_84,630|_벌크_74,820|해외구매 | _정품_95,000|벌크 + 쿨러_84,630|_벌크_74,850|해외구매 | _정품_96,080|벌크 + 쿨러_78,890|_벌크_73,080|해외구매 | _정품_96,080|벌크 + 쿨러_79,330|_벌크_73,070|해외구매 | _정품_96,080|벌크 + 쿨러_79,330|벌크_73,070|_해외구매 | _정품_96,080|벌크 + 쿨러_79,420|_벌크_73,080|해외구매 | _정품_96,080|벌크 + 쿨러_79,420|벌크_73,070|_해외구매",62740,62740,62740,62740,62740,62740,62740,62740,62740,62740,62740,63280,63490,63490,63490,63490,63490,63490,62740,62740,62740,62740,62740,62740,0,0,0,0,0,0
9652455,인텔 제온 E 2224 (커피레이크-R),인텔 제온 E 2224,커피레이크-R,"_정품_485,000|_벌크 + 쿨러_465,000|벌크",455000,455000,455000,455000,455000,455000,455000,455000,455000,455000,455000,455000,455000,455000,455000,455000,455000,455000,455000,455000,455000,455000,455000,455000,0,0,0,0,0,0
14186564,인텔 제온 E3-1220 (샌디브릿지),인텔 제온 E3-1220,샌디브릿지,중고,0,0,0,0,0,0,0,7000,0,0,7000,0,0,0,0,0,0,0,0,0,0,0,0,0,0,0,0,0,0,0
18158378,인텔 제온 E3-1220V5 (스카이레이크),인텔 제온 E3-1220V5,스카이레이크,"_해외구매_11,690|_중고",18800,18800,18800,18800,18800,18800,18800,18800,18800,18800,18800,18800,18800,18800,18800,18800,18800,18800,18800,18800,18800,18800,18800,18800,0,0,0,0,0,0
5132410,인텔 제온 E3-1225V6 (카비레이크),인텔 제온 E3-1225V6,카비레이크,정품,379200,379200,379200,379200,379200,379200,379200,379200,379200,379200,379200,379200,379200,379200,379200,379200,379200,379200,379200,379200,379200,379200,379200,379200,0,0,0,0,0,0
13360262,인텔 제온 E3-1230V2 (아이비브릿지),인텔 제온 E3-1230V2,아이비브릿지,중고,24210,24080,24020,0,0,0,0,0,0,0,0,0,24290,24290,24290,24290,24290,24290,0,0,0,24030,24020,24030,0,0,0,0,0,0
5132462,인텔 제온 E3-1230V6 (카비레이크),인텔 제온 E3-1230V6,카비레이크,정품,411380,411380,411380,411380,411380,411380,411380,411380,411380,411380,411380,411380,411380,411380,411380,411380,411380,411380,411380,411380,411380,411380,411380,411380,0,0,0,0,0,0
13059194,인텔 제온 E3-1231V3 (하스웰 리프레시),인텔 제온 E3-1231V3,하스웰 리프레시,중고,26900,26770,26690,26690,26000,26000,26000,26000,26000,26000,26000,26000,26000,26000,26000,26000,26000,26000,26000,26000,26000,26000,26000,26000,0,0,0,0,0,0
5132478,인텔 제온 E3-1240V6 (카비레이크),인텔 제온 E3-1240V6,카비레이크,정품,455000,455000,455000,455000,455000,455000,455000,455000,455000,455000,455000,455000,455000,455000,455000,455000,455000,455000,455000,455000,455000,455000,455000,455000,0,0,0,0,0,0
18158507,인텔 제온 E3-1270V5 (스카이레이크),인텔 제온 E3-1270V5,스카이레이크,해외구매,0,0,0,0,0,0,0,0,0,0,0,0,0,0,0,28990,28990,28990,28990,28990,28990,28990,28990,28990,0,0,0,0,0,0
5132511,인텔 제온 E3-1275V6 (카비레이크),인텔 제온 E3-1275V6,카비레이크,"_정품_736,000|_벌크_450,000|중고",450000,450000,450000,450000,450000,450000,450000,450000,450000,450000,450000,450000,450000,450000,450000,450000,450000,450000,450000,450000,450000,450000,450000,450000,0,0,0,0,0,0
4370096,인텔 제온 E5-2630 v4 (브로드웰-EP),인텔 제온 E5-2630 v4,브로드웰-EP,정품,770000,770000,770000,770000,770000,770000,770000,770000,770000,770000,770000,770000,770000,770000,770000,770000,770000,770000,770000,770000,770000,770000,770000,770000,0,0,0,0,0,0
4797960,인텔 제온 E5-2680 v4 (브로드웰-EP),인텔 제온 E5-2680 v4,브로드웰-EP,"_해외구매_26,300|_중고 | _해외구매_26,310|_중고 | _해외구매_26,600|_중고",158690,158690,158690,158690,158690,158690,158690,158690,158690,158430,158430,158430,158430,158430,158430,158430,158430,158430,158430,158430,158430,158430,158430,158430,0,0,0,0,0,0
16909313,인텔 제온 E5-2696 v3 (하스웰-EP),인텔 제온 E5-2696 v3,하스웰-EP,해외구매,49000,49000,49000,49000,49000,49000,49000,49000,49000,49000,49000,49000,49000,49000,49000,50400,50400,50400,50400,50400,50400,50400,50400,50400,0,0,0,0,0,0
13501556,인텔 제온 X5680 (웨스터미어),인텔 제온 X5680,웨스터미어,"_해외구매_19,000|_중고",57680,57680,57680,57680,57680,57680,57680,57680,57680,57680,57680,57680,57680,57680,57680,57680,57680,57680,57680,57680,57680,57680,57680,57680,0,0,0,0,0,0
35224235,인텔 제온 w5-2465X (사파이어 래피드),인텔 제온 w5-2465X,사파이어 래피드,벌크,2268990,2268990,2268990,2268990,2268990,2268990,2268990,2268990,2268990,2268950,2268870,2268840,2268720,2268600,2268470,2268350,2268270,2269000,2269000,2269000,2269000,2269000,2269000,2269000,0,0,0,0,0,0
35224169,인텔 제온 w5-3435X (사파이어 래피드),인텔 제온 w5-3435X,사파이어 래피드,벌크,2528310,2528180,2528070,2527950,2527830,2527750,2527630,2527500,2527380,2527270,2527180,2527150,2527030,2526910,2526780,2526660,2526580,2528990,2528990,2678100,2678100,2678100,2678100,2678100,0,0,0,0,0,0
35223638,인텔 제온 w7-3465X (사파이어 래피드),인텔 제온 w7-3465X,사파이어 래피드,벌크,4928310,4928220,4928190,4928070,4927950,4927870,4927750,4927620,4927500,4927390,4927300,4927270,4927150,4927030,4926900,4926780,4926700,4926680,4928990,4928990,4928990,4928990,4928990,4928990,0,0,0,0,0,0
5449071,인텔 제온 스케일러블 골드 6134 (스카이레이크),인텔 제온 스케일러블 골드 6134,스카이레이크,"_정품_3,302,000|_해외구매",130690,130690,130690,130690,130690,130690,130690,130690,126690,126690,130690,130690,130690,130690,130690,130690,130690,130690,130690,130690,130690,130690,130690,130690,0,0,0,0,0,0
5449029,인텔 제온 스케일러블 골드 6138 (스카이레이크),인텔 제온 스케일러블 골드 6138,스카이레이크,정품,4523000,4523000,4523000,4523000,4523000,4523000,4523000,4523000,4523000,4523000,4523000,4523000,4523000,4523000,4523000,4523000,4523000,4523000,4523000,4523000,4523000,4523000,4523000,4523000,0,0,0,0,0,0
5448999,인텔 제온 스케일러블 골드 6152 (스카이레이크),인텔 제온 스케일러블 골드 6152,스카이레이크,"_정품_3,560,000|벌크_2,350,000|_해외구매_121,190|중고 | 정품_3,560,000|벌크_2,350,000|_해외구매_121,190|_중고",574940,574940,574940,574940,574940,574940,574940,574940,574940,574000,574000,574000,574000,574000,574000,574000,574000,574000,574000,574000,574000,574000,574000,574000,0,0,0,0,0,0
9307587,인텔 제온 스케일러블 골드 6242 (캐스케이드레이크),인텔 제온 스케일러블 골드 6242,캐스케이드레이크,"_정품_4,557,190|_벌크_3,649,000|해외구매",3649000,3649000,3649000,3649000,3649000,3649000,3649000,3649000,3649000,3649000,3649000,3649000,3649000,3649000,3649000,3649000,3649000,3649000,3649000,3649000,3649000,3649000,3649000,3649000,0,0,0,0,0,0
18599837,인텔 제온 스케일러블 골드 6242R (캐스케이드레이크),인텔 제온 스케일러블 골드 6242R,캐스케이드레이크,"_벌크_3,648,740|_해외구매 | _벌크_3,648,790|_해외구매 | _벌크_3,648,910|_해외구매 | _벌크_3,649,030|_해외구매 | _벌크_3,649,140|_해외구매 | _벌크_3,649,270|_해외구매 | _벌크_3,649,990|_해외구매",3876000,3876000,3876000,3876000,3876000,3876000,3876000,3876000,3876000,3876000,3876000,3876000,3876000,3876000,3876000,3876000,3876000,3876000,3876000,3876000,3876000,3876000,3876000,3876000,0,0,0,0,0,0
70153370,인텔 제온 스케일러블 골드 6526Y (에메랄드 래피드),인텔 제온 스케일러블 골드 6526Y,에메랄드 래피드,벌크,2399310,2399220,2399190,2399070,2398950,2398870,2398750,2398620,2398500,2398390,2398300,2398270,2398150,2398030,2397900,2397780,2397700,2200000,2200000,2200000,2200000,2200000,2200000,2200000,0,0,0,0,0,0
5449308,인텔 제온 스케일러블 브론즈 3104 (스카이레이크),인텔 제온 스케일러블 브론즈 3104,스카이레이크,"_정품_400,000|_벌크",0,0,0,0,0,0,0,0,0,0,0,0,0,0,0,0,200000,200000,200000,200000,200000,0,200000,200000,0,0,0,0,0,0
76071515,인텔 제온 스케일러블 브론즈 3206R (캐스케이드레이크),인텔 제온 스케일러블 브론즈 3206R,캐스케이드레이크,중고,99000,99000,99000,99000,99000,99000,99000,99000,99000,99000,99000,99000,99000,99000,99000,99000,99000,99000,99000,99000,99000,99000,99000,99000,0,0,0,0,0,0
14748134,인텔 제온 스케일러블 실버 4110 (스카이레이크),인텔 제온 스케일러블 실버 4110,스카이레이크,"_벌크_64,700|중고_46,700|_해외구매 | 벌크_64,700|_중고_46,700|_해외구매",11890,11890,11890,11890,11890,11890,11890,11890,11890,11890,11890,11890,11890,11890,11890,11890,11890,11890,11890,11890,11890,11890,11890,11890,0,0,0,0,0,0
18158993,인텔 제온 스케일러블 실버 4112 (스카이레이크),인텔 제온 스케일러블 실버 4112,스카이레이크,"_벌크_137,000|_해외구매",0,0,0,0,0,0,0,0,0,0,0,0,0,613000,613000,613000,613000,613000,613000,613000,613000,613000,613000,613000,0,0,0,0,0,0
5449256,인텔 제온 스케일러블 실버 4114 (스카이레이크),인텔 제온 스케일러블 실버 4114,스카이레이크,"_정품_1,010,000|_해외구매_17,790|벌크 | 정품_1,010,000|_해외구매_17,790|_벌크",102300,102300,102300,102300,102300,102300,102300,102300,102300,102300,102300,102300,102300,102300,102300,102300,102300,102300,102300,102300,102300,102300,102300,102300,0,0,0,0,0,0
5449199,인텔 제온 스케일러블 실버 4116 (스카이레이크),인텔 제온 스케일러블 실버 4116,스카이레이크,"_정품_2,889,490|_중고",0,0,0,0,0,0,0,0,0,0,0,0,0,0,0,0,818400,818400,818400,818400,818400,818400,818400,818400,0,0,0,0,0,0
9309363,인텔 제온 스케일러블 실버 4208 (캐스케이드레이크),인텔 제온 스케일러블 실버 4208,캐스케이드레이크,"_정품_500,000|_벌크_524,740|중고 | _정품_500,000|_벌크_524,990|중고 | _정품_500,000|_중고 | _정품_500,000|벌크_525,000|_중고 | 정품_500,000|_벌크_524,760|_중고 | 정품_500,000|_벌크_524,840|_중고 | 정품_500,000|_벌크_524,960|_중고 | 정품_500,000|_벌크_524,990|_중고",0,0,350000,0,0,350000,0,0,0,0,350000,350000,350000,350000,350000,350000,350000,350000,350000,350000,350000,350000,350000,350000,0,0,0,0,0,0
17241737,인텔 제온 스케일러블 실버 4210R (캐스케이드레이크),인텔 제온 스케일러블 실버 4210R,캐스케이드레이크,벌크,587310,587180,587070,586950,586830,586750,586630,586500,586380,586260,586180,586150,586030,585910,585780,585660,585580,587880,606810,606810,606810,606810,606810,606810,0,0,0,0,0,0
9308790,인텔 제온 스케일러블 실버 4216 (캐스케이드레이크),인텔 제온 스케일러블 실버 4216,캐스케이드레이크,정품,0,0,0,0,0,0,0,0,0,0,0,1218000,1218000,0,1218000,0,0,1218000,0,0,0,0,0,0,0,0,0,0,0,0
15062594,인텔 제온 스케일러블 실버 4310 (아이스레이크),인텔 제온 스케일러블 실버 4310,아이스레이크,"_정품_809,080|_병행수입 | 정품",0,0,0,0,809080,809080,809080,809080,809080,809080,809080,809080,779000,779000,779000,779000,779000,779000,809710,809720,837670,837540,837420,837310,0,0,0,0,0,0
15070739,인텔 제온 스케일러블 플래티넘 8380HL (쿠퍼레이크),인텔 제온 스케일러블 플래티넘 8380HL,쿠퍼레이크,정품,21000000,21000000,21000000,21000000,21000000,21000000,21000000,21000000,21000000,21000000,21000000,21000000,0,0,0,0,0,21000000,0,0,21000000,21000000,21000000,21000000,0,0,0,0,0,0
70153127,인텔 제온 스케일러블 플래티넘 8568Y+ (에메랄드 래피드),인텔 제온 스케일러블 플래티넘 8568Y+,에메랄드 래피드,벌크,9550000,9550000,9550000,9550000,9550000,9550000,9550000,9550000,9550000,9550000,9550000,9550000,9550000,9550000,9550000,9550000,9550000,9550000,9550000,9550000,9550000,9550000,9550000,9550000,0,0,0,0,0,0
74123084,인텔 코어 울트라5 시리즈2 225 (애로우레이크),인텔 코어 울트라5 시리즈2 225,애로우레이크,정품,348360,346370,346370,346360,346350,346330,346330,346330,345320,344290,344280,344260,344250,344240,344240,344240,343820,344220,342730,341170,341160,341160,341160,341160,0,0,0,0,0,0
76791428,인텔 코어 울트라5 시리즈2 225F (애로우레이크),인텔 코어 울트라5 시리즈2 225F,애로우레이크,"_정품_324,590|_벌크 | _정품_324,600|_벌크 | _정품_324,610|_벌크 | _정품_324,620|_벌크 | _정품_325,940|_벌크 | _정품_325,950|_벌크 | _정품_325,960|_벌크 | _정품_325,970|_벌크 | _정품_326,390|_벌크 | _정품_326,410|_벌크 | _정품_326,470|_벌크 | _정품_326,590|_벌크 | _정품_326,720|_벌크 | _정품_326,840|_벌크 | _정품_327,610|_벌크 | _정품_327,620|_벌크",310150,310150,310150,310150,309640,309630,309630,309630,309630,309630,308600,307560,307550,307550,307550,307550,306220,306820,306820,306820,306820,306820,306820,306820,0,0,0,0,0,0
74123111,인텔 코어 울트라5 시리즈2 225F (애로우레이크),인텔 코어 울트라5 시리즈2 225F,애로우레이크,"_정품_324,590|_벌크 | _정품_324,600|_벌크 | _정품_324,610|_벌크 | _정품_324,620|_벌크 | _정품_325,940|_벌크 | _정품_325,950|_벌크 | _정품_325,960|_벌크 | _정품_325,970|_벌크 | _정품_326,390|_벌크 | _정품_326,410|_벌크 | _정품_326,470|_벌크 | _정품_326,590|_벌크 | _정품_326,720|_벌크 | _정품_326,840|_벌크 | _정품_327,610|_벌크 | _정품_327,620|_벌크",310150,310150,310150,310150,309640,309630,309630,309630,309630,309630,308600,307560,307550,307550,307550,307550,306220,306820,306820,306820,306820,306820,306820,306820,0,0,0,0,0,0
79404794,인텔 코어 울트라5 시리즈2 235 (애로우레이크),인텔 코어 울트라5 시리즈2 235,애로우레이크,"_정품_370,290|_벌크 | _정품_370,300|_벌크 | _정품_370,310|_벌크 | _정품_370,320|_벌크 | _정품_370,330|_벌크 | _정품_370,640|_벌크 | _정품_370,650|_벌크",360930,360930,360930,360930,359880,359880,359880,359880,359880,359350,359350,358300,358300,357260,357260,357260,352970,356520,356520,356520,356520,356520,356520,356520,0,0,0,0,0,0
74123036,인텔 코어 울트라5 시리즈2 235 (애로우레이크),인텔 코어 울트라5 시리즈2 235,애로우레이크,"_정품_370,290|_벌크 | _정품_370,300|_벌크 | _정품_370,310|_벌크 | _정품_370,320|_벌크 | _정품_370,330|_벌크 | _정품_370,640|_벌크 | _정품_370,650|_벌크",360930,360930,360930,360930,359880,359880,359880,359880,359880,359350,359350,358300,358300,357260,357260,357260,352970,356520,356520,356520,356520,356520,356520,356520,0,0,0,0,0,0
71161229,인텔 코어 울트라5 시리즈2 245K (애로우레이크),인텔 코어 울트라5 시리즈2 245K,애로우레이크,"_정품_365,000|_벌크 | _정품_369,000|_벌크 | _정품_376,850|_벌크 | _정품_377,850|_벌크 | _정품_377,900|_벌크 | _정품_378,950|_벌크 | _정품_379,000|_벌크 | _정품_396,110|_벌크 | _정품_396,620|_벌크 | _정품_397,130|_벌크",366220,366210,366210,366190,366170,366110,366110,366110,366090,366010,365960,365910,365860,365840,365840,365820,365800,365770,365750,365720,365680,365640,365630,365620,0,0,0,0,0,0
69059753,인텔 코어 울트라5 시리즈2 245K (애로우레이크),인텔 코어 울트라5 시리즈2 245K,애로우레이크,"_정품_365,000|_벌크 | _정품_369,000|_벌크 | _정품_376,850|_벌크 | _정품_377,850|_벌크 | _정품_377,900|_벌크 | _정품_378,950|_벌크 | _정품_379,000|_벌크 | _정품_396,110|_벌크 | _정품_396,620|_벌크 | _정품_397,130|_벌크",366220,366210,366210,366190,366170,366110,366110,366110,366090,366010,365960,365910,365860,365840,365840,365820,365800,365770,365750,365720,365680,365640,365630,365620,0,0,0,0,0,0
71161580,인텔 코어 울트라5 시리즈2 245KF (애로우레이크),인텔 코어 울트라5 시리즈2 245KF,애로우레이크,"_정품_327,100|_벌크 | _정품_328,980|_벌크 | _정품_328,990|_벌크 | _정품_329,000|_벌크 | _정품_332,000|_벌크 | _정품_335,000|_벌크 | _정품_354,670|_벌크 | _정품_357,330|_벌크 | _정품_357,340|_벌크 | _정품_360,810|_벌크",355550,355540,355540,353790,351720,351660,351660,351660,351650,350310,347140,346140,345150,345130,345130,344380,340710,327950,323810,323800,323760,323720,323710,323660,0,0,0,0,0,0
69059771,인텔 코어 울트라5 시리즈2 245KF (애로우레이크),인텔 코어 울트라5 시리즈2 245KF,애로우레이크,"_정품_327,100|_벌크 | _정품_328,980|_벌크 | _정품_328,990|_벌크 | _정품_329,000|_벌크 | _정품_332,000|_벌크 | _정품_335,000|_벌크 | _정품_354,670|_벌크 | _정품_357,330|_벌크 | _정품_357,340|_벌크 | _정품_360,810|_벌크",355550,355540,355540,353790,351720,351660,351660,351660,351650,350310,347140,346140,345150,345130,345130,344380,340710,327950,323810,323800,323760,323720,323710,323660,0,0,0,0,0,0
74122856,인텔 코어 울트라7 시리즈2 265 (애로우레이크),인텔 코어 울트라7 시리즈2 265,애로우레이크,정품,484400,484390,484390,484370,483610,481540,481540,481540,481530,481510,481460,480350,479460,479450,479450,479430,478850,478810,478800,478780,478370,478330,478330,478270,0,0,0,0,0,0
78387320,인텔 코어 울트라7 시리즈2 265F (애로우레이크),인텔 코어 울트라7 시리즈2 265F,애로우레이크,"_정품_467,430|벌크 + 쿨러_446,180|_벌크 | _정품_468,240|벌크 + 쿨러_445,420|_벌크 | _정품_468,290|벌크 + 쿨러_445,550|_벌크 | _정품_468,300|벌크 + 쿨러_445,660|_벌크 | _정품_468,340|벌크 + 쿨러_445,790|_벌크 | _정품_468,380|벌크 + 쿨러_445,910|_벌크 | _정품_468,410|벌크 + 쿨러_446,030|_벌크 | _정품_468,420|벌크 + 쿨러_446,150|_벌크 | _정품_468,460|벌크 + 쿨러_447,870|_벌크 | _정품_468,500|벌크 + 쿨러_446,260|_벌크 | _정품_468,510|벌크 + 쿨러_446,380|_벌크 | _정품_468,510|벌크 + 쿨러_446,500|_벌크 | _정품_468,530|벌크 + 쿨러_447,750|_벌크 | _정품_469,050|벌크 + 쿨러_447,980|_벌크 | _정품_469,100|벌크 + 쿨러_448,090|_벌크 | _정품_470,580|벌크 + 쿨러_449,910|_벌크 | _정품_472,660|벌크 + 쿨러_450,030|_벌크 | _정품_472,660|벌크 + 쿨러_450,160|_벌크 | _정품_472,660|벌크 + 쿨러_450,280|_벌크 | _정품_472,710|벌크 + 쿨러_451,520|_벌크 | _정품_472,740|벌크 + 쿨러_451,640|_벌크 | _정품_472,760|벌크 + 쿨러_451,760|_벌크 | _정품_472,760|벌크 + 쿨러_451,870|_벌크 | _정품_473,520|벌크 + 쿨러_452,000|_벌크",432020,432020,432010,432000,430890,391090,391090,391090,391090,391090,391090,391090,390550,388940,388940,388940,388940,387860,387860,387860,387860,387860,387860,387860,0,0,0,0,0,0
74122937,인텔 코어 울트라7 시리즈2 265F (애로우레이크),인텔 코어 울트라7 시리즈2 265F,애로우레이크,"_정품_467,430|벌크 + 쿨러_446,180|_벌크 | _정품_468,240|벌크 + 쿨러_445,420|_벌크 | _정품_468,290|벌크 + 쿨러_445,550|_벌크 | _정품_468,300|벌크 + 쿨러_445,660|_벌크 | _정품_468,340|벌크 + 쿨러_445,790|_벌크 | _정품_468,380|벌크 + 쿨러_445,910|_벌크 | _정품_468,410|벌크 + 쿨러_446,030|_벌크 | _정품_468,420|벌크 + 쿨러_446,150|_벌크 | _정품_468,460|벌크 + 쿨러_447,870|_벌크 | _정품_468,500|벌크 + 쿨러_446,260|_벌크 | _정품_468,510|벌크 + 쿨러_446,380|_벌크 | _정품_468,510|벌크 + 쿨러_446,500|_벌크 | _정품_468,530|벌크 + 쿨러_447,750|_벌크 | _정품_469,050|벌크 + 쿨러_447,980|_벌크 | _정품_469,100|벌크 + 쿨러_448,090|_벌크 | _정품_470,580|벌크 + 쿨러_449,910|_벌크 | _정품_472,660|벌크 + 쿨러_450,030|_벌크 | _정품_472,660|벌크 + 쿨러_450,160|_벌크 | _정품_472,660|벌크 + 쿨러_450,280|_벌크 | _정품_472,710|벌크 + 쿨러_451,520|_벌크 | _정품_472,740|벌크 + 쿨러_451,640|_벌크 | _정품_472,760|벌크 + 쿨러_451,760|_벌크 | _정품_472,760|벌크 + 쿨러_451,870|_벌크 | _정품_473,520|벌크 + 쿨러_452,000|_벌크",432020,432020,432010,432000,430890,391090,391090,391090,391090,391090,391090,391090,390550,388940,388940,388940,388940,387860,387860,387860,387860,387860,387860,387860,0,0,0,0,0,0
71161142,인텔 코어 울트라7 시리즈2 265K (애로우레이크),인텔 코어 울트라7 시리즈2 265K,애로우레이크,"_정품_436,350|_벌크 | _정품_436,460|_벌크 | _정품_436,580|_벌크 | _정품_436,710|_벌크 | _정품_436,830|_벌크 | _정품_436,950|_벌크 | _정품_436,990|_벌크 | _정품_445,450|_벌크 | _정품_445,540|_벌크 | _정품_448,990|_벌크 | _정품_450,250|_벌크 | _정품_451,140|_벌크 | _정품_451,180|_벌크 | _정품_451,220|_벌크 | _정품_456,430|_벌크 | _정품_461,550|_벌크 | _정품_472,530|_벌크 | _정품_472,650|_벌크 | _정품_472,760|_벌크 | _정품_472,880|_벌크",426170,426160,426160,426140,425090,425170,425170,425170,423570,422520,422470,422410,422350,422330,422330,422320,421200,421160,421130,421110,421070,421070,421070,421060,0,0,0,0,0,0
69059687,인텔 코어 울트라7 시리즈2 265K (애로우레이크),인텔 코어 울트라7 시리즈2 265K,애로우레이크,"_정품_436,350|_벌크 | _정품_436,460|_벌크 | _정품_436,580|_벌크 | _정품_436,710|_벌크 | _정품_436,830|_벌크 | _정품_436,940|_벌크 | _정품_436,990|_벌크 | _정품_445,450|_벌크 | _정품_445,540|_벌크 | _정품_448,990|_벌크 | _정품_450,250|_벌크 | _정품_451,140|_벌크 | _정품_451,180|_벌크 | _정품_451,220|_벌크 | _정품_456,430|_벌크 | _정품_461,550|_벌크 | _정품_472,530|_벌크 | _정품_472,650|_벌크 | _정품_472,760|_벌크 | _정품_472,880|_벌크",426170,426160,426160,426140,425090,425170,425170,425170,423570,422520,422470,422410,422340,422330,422330,422320,421200,421160,421130,421110,421070,421070,421070,421060,0,0,0,0,0,0
71161169,인텔 코어 울트라7 시리즈2 265KF (애로우레이크),인텔 코어 울트라7 시리즈2 265KF,애로우레이크,"_정품_419,320|_벌크 | _정품_419,370|_벌크 | _정품_419,410|_벌크 | _정품_419,460|_벌크 | _정품_419,480|_벌크 | _정품_419,510|_벌크 | _정품_419,550|_벌크 | _정품_419,560|_벌크 | _정품_419,570|_벌크 | _정품_419,580|_벌크 | _정품_419,640|_벌크 | _정품_419,700|_벌크 | _정품_420,240|_벌크 | _정품_420,260|_벌크 | _정품_421,280|_벌크 | _정품_422,310|_벌크 | _정품_423,880|_벌크 | _정품_423,890|_벌크 | _정품_424,900|_벌크",402680,402670,402670,402660,401560,401670,401670,401670,401660,400150,400100,400050,399990,399970,399970,398380,397310,398320,398300,398280,398230,398190,398190,398130,0,0,0,0,0,0
69059723,인텔 코어 울트라7 시리즈2 265KF (애로우레이크),인텔 코어 울트라7 시리즈2 265KF,애로우레이크,"_정품_419,320|_벌크 | _정품_419,370|_벌크 | _정품_419,410|_벌크 | _정품_419,460|_벌크 | _정품_419,480|_벌크 | _정품_419,510|_벌크 | _정품_419,550|_벌크 | _정품_419,560|_벌크 | _정품_419,570|_벌크 | _정품_419,580|_벌크 | _정품_419,640|_벌크 | _정품_419,700|_벌크 | _정품_420,240|_벌크 | _정품_420,260|_벌크 | _정품_421,280|_벌크 | _정품_422,310|_벌크 | _정품_423,880|_벌크 | _정품_423,890|_벌크 | _정품_424,900|_벌크",402680,402670,402670,402660,401560,401670,401670,401670,401660,400150,400100,400050,399990,399970,399970,398380,397310,398310,398300,398280,398230,398190,398190,398130,0,0,0,0,0,0
78387125,인텔 코어 울트라9 시리즈2 285 (애로우레이크),인텔 코어 울트라9 시리즈2 285,애로우레이크,"_정품_834,290|벌크 + 쿨러_812,210|_벌크 | _정품_834,360|벌크 + 쿨러_812,340|_벌크 | _정품_834,360|벌크 + 쿨러_812,410|_벌크 | _정품_834,400|벌크 + 쿨러_812,540|_벌크 | _정품_834,450|벌크 + 쿨러_812,650|_벌크 | _정품_834,620|벌크 + 쿨러_813,580|_벌크 | _정품_836,880|벌크 + 쿨러_813,480|_벌크 | _정품_836,910|벌크 + 쿨러_813,500|_벌크 | _정품_836,980|벌크 + 쿨러_813,680|_벌크 | _정품_837,000|벌크 + 쿨러_813,800|_벌크 | _정품_837,000|벌크 + 쿨러_813,840|_벌크 | _정품_837,030|벌크 + 쿨러_817,360|_벌크 | _정품_837,070|벌크 + 쿨러_817,090|_벌크 | _정품_840,480|벌크 + 쿨러_820,620|_벌크 | _정품_840,530|벌크 + 쿨러_820,700|_벌크 | _정품_840,600|벌크 + 쿨러_821,000|_벌크 | _정품_840,620|벌크 + 쿨러_821,120|_벌크 | _정품_840,620|벌크 + 쿨러_821,250|_벌크 | _정품_840,620|벌크 + 쿨러_821,370|_벌크 | _정품_840,670|벌크 + 쿨러_821,480|_벌크 | _정품_843,300|벌크 + 쿨러_822,730|_벌크 | _정품_843,310|벌크 + 쿨러_822,850|_벌크 | _정품_843,310|벌크 + 쿨러_822,880|_벌크 | _정품_844,800|벌크 + 쿨러_822,970|_벌크",787250,787250,787250,787250,786210,786210,786210,786210,784660,784650,781540,781530,781530,779450,779450,779450,779060,779450,777890,777890,777890,777890,777890,777890,0,0,0,0,0,0
74122559,인텔 코어 울트라9 시리즈2 285 (애로우레이크),인텔 코어 울트라9 시리즈2 285,애로우레이크,"_정품_834,290|벌크 + 쿨러_812,210|_벌크 | _정품_834,360|벌크 + 쿨러_812,340|_벌크 | _정품_834,360|벌크 + 쿨러_812,410|_벌크 | _정품_834,400|벌크 + 쿨러_812,540|_벌크 | _정품_834,450|벌크 + 쿨러_812,650|_벌크 | _정품_834,620|벌크 + 쿨러_813,580|_벌크 | _정품_836,880|벌크 + 쿨러_813,480|_벌크 | _정품_836,910|벌크 + 쿨러_813,500|_벌크 | _정품_836,980|벌크 + 쿨러_813,680|_벌크 | _정품_837,000|벌크 + 쿨러_813,800|_벌크 | _정품_837,000|벌크 + 쿨러_813,840|_벌크 | _정품_837,030|벌크 + 쿨러_817,360|_벌크 | _정품_837,070|벌크 + 쿨러_817,090|_벌크 | _정품_840,480|벌크 + 쿨러_820,620|_벌크 | _정품_840,530|벌크 + 쿨러_820,700|_벌크 | _정품_840,600|벌크 + 쿨러_821,000|_벌크 | _정품_840,620|벌크 + 쿨러_821,120|_벌크 | _정품_840,620|벌크 + 쿨러_821,250|_벌크 | _정품_840,620|벌크 + 쿨러_821,370|_벌크 | _정품_840,670|벌크 + 쿨러_821,480|_벌크 | _정품_843,300|벌크 + 쿨러_822,730|_벌크 | _정품_843,310|벌크 + 쿨러_822,850|_벌크 | _정품_843,310|벌크 + 쿨러_822,880|_벌크 | _정품_844,800|벌크 + 쿨러_822,970|_벌크",787250,787250,787250,787250,786210,786210,786210,786210,784660,784650,781530,781530,781530,779450,779450,779450,779060,779450,777890,777890,777890,777890,777890,777890,0,0,0,0,0,0
71161073,인텔 코어 울트라9 시리즈2 285K (애로우레이크),인텔 코어 울트라9 시리즈2 285K,애로우레이크,"_정품_882,880|_벌크 | _정품_882,890|_벌크 | _정품_882,910|_벌크 | _정품_882,920|_벌크 | _정품_882,930|_벌크 | _정품_882,940|_벌크 | _정품_882,950|_벌크 | _정품_887,070|_벌크 | _정품_887,090|_벌크 | _정품_887,100|_벌크 | _정품_887,110|_벌크 | _정품_898,650|_벌크 | _정품_898,770|_벌크 | _정품_898,810|_벌크 | _정품_898,900|_벌크 | _정품_899,410|_벌크 | _정품_899,430|_벌크 | _정품_899,560|_벌크 | _정품_899,670|_벌크 | _정품_899,790|_벌크",814810,811760,811760,811740,809670,809620,809620,809620,808030,807950,805280,805470,805410,805390,805390,805380,805020,804980,804980,804950,804900,804860,804850,817990,0,0,0,0,0,0
69059459,인텔 코어 울트라9 시리즈2 285K (애로우레이크),인텔 코어 울트라9 시리즈2 285K,애로우레이크,"_정품_882,880|_벌크 | _정품_882,890|_벌크 | _정품_882,910|_벌크 | _정품_882,920|_벌크 | _정품_882,930|_벌크 | _정품_882,940|_벌크 | _정품_882,950|_벌크 | _정품_887,070|_벌크 | _정품_887,090|_벌크 | _정품_887,100|_벌크 | _정품_887,110|_벌크 | _정품_898,650|_벌크 | _정품_898,770|_벌크 | _정품_898,810|_벌크 | _정품_898,900|_벌크 | _정품_899,410|_벌크 | _정품_899,430|_벌크 | _정품_899,560|_벌크 | _정품_899,670|_벌크 | _정품_899,790|_벌크",814810,811760,811760,811740,809670,809620,809620,809620,808030,807950,805280,805470,805410,805390,805390,805380,805020,804980,804970,804950,804900,804860,804850,817990,0,0,0,0,0,0
4147168,인텔 코어2듀오 E7500 (울프데일),인텔 코어2듀오 E7500,울프데일,중고,1530,1530,1530,1530,1530,1530,1530,1530,1530,1530,1530,1530,1550,1550,1550,1550,1550,1560,1540,1540,1540,1540,1540,1540,0,0,0,0,0,0
4144290,인텔 코어2듀오 E8400 (울프데일),인텔 코어2듀오 E8400,울프데일,중고,2390,2360,2390,2360,2390,2360,2390,2350,2390,2350,2390,2360,2390,2360,2390,2350,0,0,2390,2360,2390,2350,2140,2210,0,0,0,0,0,0
686511,인텔 코어2쿼드 Q6600 (켄츠필드),인텔 코어2쿼드 Q6600,켄츠필드,"_벌크_3,300|_중고 | _벌크_6,780|_중고",6280,3300,3300,3300,3300,3300,3300,3300,3300,3300,3300,3300,3300,3300,3300,3300,3300,3300,3300,3300,3300,3300,3170,3130,0,0,0,0,0,0
4144483,인텔 코어2쿼드 Q8400 (요크필드),인텔 코어2쿼드 Q8400,요크필드,중고,4000,4000,4000,4000,4000,4000,4000,4000,4000,4000,0,0,0,0,0,0,0,0,0,0,0,0,0,0,0,0,0,0,0,0
906919,인텔 코어2쿼드 Q9400 (요크필드),인텔 코어2쿼드 Q9400,요크필드,"_벌크_7,010|_중고 | _벌크_7,030|_중고 | _벌크_7,090|_중고 | _벌크_7,110|_중고",4040,4000,4000,4000,4000,4000,4000,4000,4000,4000,4000,4000,4040,4040,4040,4040,4040,4040,4280,4160,4050,4010,4000,4160,0,0,0,0,0,0
4485420,인텔 코어2쿼드 Q9500 (요크필드),인텔 코어2쿼드 Q9500,요크필드,중고,8790,8790,8790,8790,8790,8790,8790,8790,8790,8790,8790,8790,8790,8790,8790,8790,8790,8790,8790,8790,8790,8790,8790,8790,0,0,0,0,0,0
4144494,인텔 코어2쿼드 Q9550 (요크필드),인텔 코어2쿼드 Q9550,요크필드,중고,0,0,0,0,0,0,0,0,0,0,16280,16280,16280,16280,0,0,0,0,0,0,0,0,0,16280,0,0,0,0,0,0
10072065,인텔 코어X-시리즈 i9-10900X (캐스케이드레이크),인텔 코어X-시리즈 i9-10900X,캐스케이드레이크,"_정품_1,288,160|병행수입 박스_836,130|_벌크_819,990|해외구매 | _정품_1,288,160|병행수입 박스_836,250|_벌크_819,990|해외구매",838000,838000,0,0,0,0,0,0,0,0,0,0,0,0,0,0,0,0,0,0,0,0,0,0,0,0,0,0,0,0
11409450,인텔 코어X-시리즈 i9-10900X (캐스케이드레이크),인텔 코어X-시리즈 i9-10900X,캐스케이드레이크,"_병행수입 박스_835,330|_벌크_819,990|해외구매 | _병행수입 박스_835,450|_벌크_819,990|해외구매 | _병행수입 박스_835,580|_벌크_819,990|해외구매 | _병행수입 박스_835,700|_벌크_819,990|해외구매 | _병행수입 박스_835,780|_벌크_819,990|해외구매 | _병행수입 박스_835,900|_벌크_819,990|해외구매 | _병행수입 박스_836,020|_벌크_819,990|해외구매 | _병행수입 박스_844,240|_벌크_819,990|해외구매 | _병행수입 박스_844,360|_벌크_819,990|해외구매 | _병행수입 박스_844,610|_벌크_819,990|해외구매 | _병행수입 박스_844,730|_벌크_819,990|해외구매 | _병행수입 박스_844,840|_벌크_819,990|해외구매 | _병행수입 박스_845,200|_벌크_819,990|해외구매 | _병행수입 박스_845,330|_벌크_819,990|해외구매 | _병행수입 박스_845,440|_벌크_819,990|해외구매 | _병행수입 박스_845,470|_벌크_819,990|해외구매 | 병행수입 박스_844,480|_벌크_819,990|_해외구매 | 병행수입 박스_844,970|_벌크_819,990|_해외구매 | 병행수입 박스_845,000|_벌크_819,990|_해외구매 | 병행수입 박스_845,080|_벌크_819,990|_해외구매",0,0,838000,838000,838000,838000,838000,838000,838000,0,0,838000,838000,838000,838000,838000,838000,838000,838000,838000,838000,838000,838000,838000,0,0,0,0,0,0
11021298,인텔 코어X-시리즈 i9-10900X (캐스케이드레이크),인텔 코어X-시리즈 i9-10900X,캐스케이드레이크,"_벌크_819,990|_해외구매",0,0,0,0,0,0,0,0,0,838000,838000,0,0,0,0,0,0,0,0,0,0,0,0,0,0,0,0,0,0,0
10187988,인텔 코어X-시리즈 i9-10940X (캐스케이드레이크),인텔 코어X-시리즈 i9-10940X,캐스케이드레이크,"_정품_1,305,570|_벌크_993,350|해외구매 | _정품_1,305,690|_벌크_993,350|해외구매 | _정품_1,305,810|_벌크_993,350|해외구매 | _정품_1,305,940|_벌크_993,350|해외구매 | _정품_1,306,060|_벌크_993,350|해외구매 | _정품_1,306,180|_벌크_993,350|해외구매 | _정품_1,306,300|_벌크_993,350|해외구매 | _정품_1,306,330|_벌크_993,350|해외구매 | _정품_1,306,410|_벌크_993,350|해외구매 | _정품_1,306,530|_벌크_993,350|해외구매 | _정품_1,306,660|_벌크_993,350|해외구매 | _정품_1,306,780|_벌크_993,350|해외구매 | _정품_1,306,900|_벌크_993,350|해외구매 | _정품_1,306,930|_벌크_993,350|해외구매 | _정품_1,307,010|_벌크_993,350|해외구매 | _정품_1,307,130|_벌크_993,350|해외구매 | _정품_1,307,250|_벌크_993,350|해외구매 | _정품_1,307,380|_벌크_993,350|해외구매 | _정품_1,307,500|_벌크_993,350|해외구매 | _정품_1,307,580|_벌크_993,350|해외구매 | _정품_1,307,700|_벌크_993,350|해외구매 | _정품_1,307,820|_벌크_993,350|해외구매 | _정품_1,307,930|_벌크_993,350|해외구매 | _정품_1,308,060|_벌크_993,350|해외구매",824850,824850,824850,824850,824850,824850,824850,824850,824850,824850,824850,824850,824850,824850,824850,824850,824850,824850,824850,824850,824850,824850,824850,824850,0,0,0,0,0,0
13540112,인텔 코어X-시리즈 i9-10980XE Extreme Edition (캐스케이드레이크),인텔 코어X-시리즈 i9-10980XE Extreme Edition,캐스케이드레이크,"_벌크_1,530,710|_해외구매 | _벌크_1,563,960|_해외구매 | _벌크_1,578,200|_해외구매",1584700,1584700,1584700,1584700,1584700,1584700,1584700,1584700,1584700,1584700,1584700,1584700,1584700,1584700,1584700,1584700,1584700,1584700,1584700,1584700,1584700,1584700,1584700,1584700,0,0,0,0,0,0
13174088,인텔 코어X-시리즈 i9-7920X (스카이레이크),인텔 코어X-시리즈 i9-7920X,스카이레이크,해외구매,230780,230780,217770,212930,217770,230780,230780,230780,230780,230780,230780,230780,230780,230780,230780,230780,230780,230780,230780,0,0,0,0,230780,0,0,0,0,0,0
6929425,인텔 코어X-시리즈 i9-9940X (스카이레이크),인텔 코어X-시리즈 i9-9940X,스카이레이크,"_정품_943,000|_해외구매",575490,575490,575490,575490,575490,575490,575490,575490,575490,575490,575490,575490,575490,575490,575490,575490,575490,575490,575490,575490,575490,575490,575490,575490,0,0,0,0,0,0
12336038,인텔 코어i3-10세대 10100 (코멧레이크S),인텔 코어i3-10세대 10100,코멧레이크S,"병행수입 박스_153,950|_벌크 + 쿨러_129,500|벌크_125,000|_해외구매 | 병행수입 박스_153,950|_벌크 + 쿨러_129,980|벌크_125,000|_해외구매",159990,159990,0,0,0,0,0,0,0,0,0,0,0,0,0,0,0,0,0,0,0,0,0,0,0,0,0,0,0,0
11480511,인텔 코어i3-10세대 10100 (코멧레이크S),인텔 코어i3-10세대 10100,코멧레이크S,"_벌크 + 쿨러_127,870|_벌크_95,000|해외구매 | _벌크 + 쿨러_128,350|_벌크_95,000|해외구매 | _벌크 + 쿨러_128,830|_벌크_95,000|해외구매 | _벌크 + 쿨러_129,840|벌크_125,000|_해외구매 | _벌크 + 쿨러_130,040|벌크_125,000|_해외구매 | _벌크 + 쿨러_130,520|벌크_125,000|_해외구매 | _벌크 + 쿨러_131,000|벌크_125,000|_해외구매 | _벌크 + 쿨러_131,480|벌크_120,000|_해외구매 | _벌크 + 쿨러_131,480|벌크_125,000|_해외구매 | _벌크 + 쿨러_131,810|벌크_120,000|_해외구매 | _벌크 + 쿨러_131,820|벌크_95,000|_해외구매",0,0,159990,159990,159990,159990,159990,159990,159990,159990,156690,156520,156520,156520,156520,156520,163100,163100,163100,163100,163100,163100,163100,163100,0,0,0,0,0,0
12487424,인텔 코어i3-10세대 10100F (코멧레이크S),인텔 코어i3-10세대 10100F,코멧레이크S,"_정품_79,990|병행수입 박스_81,880|_벌크 + 쿨러_71,200|벌크_66,290|해외구매 | _정품_79,990|병행수입 박스_81,880|_벌크 + 쿨러_71,280|벌크_66,290|해외구매 | _정품_79,990|병행수입 박스_81,880|_벌크 + 쿨러_71,320|벌크_66,290|해외구매 | _정품_79,990|병행수입 박스_81,880|_벌크 + 쿨러_71,340|벌크_66,290|해외구매 | _정품_79,990|병행수입 박스_81,880|_벌크 + 쿨러_71,360|벌크_66,280|해외구매 | _정품_79,990|병행수입 박스_81,880|_벌크 + 쿨러_71,370|벌크_66,280|해외구매 | _정품_79,990|병행수입 박스_81,880|_벌크 + 쿨러_71,380|벌크_66,280|해외구매 | _정품_79,990|병행수입 박스_81,880|_벌크 + 쿨러_71,390|벌크_65,000|해외구매 | _정품_79,990|병행수입 박스_81,880|_벌크 + 쿨러_71,410|벌크_65,000|해외구매 | _정품_79,990|병행수입 박스_81,880|_벌크 + 쿨러_71,420|벌크_65,000|해외구매 | _정품_79,990|병행수입 박스_81,880|_벌크 + 쿨러_71,430|벌크_65,000|해외구매 | _정품_79,990|병행수입 박스_81,880|벌크 + 쿨러_71,430|_벌크_66,310|해외구매 | _정품_79,990|병행수입 박스_81,880|벌크 + 쿨러_71,440|_벌크_66,320|해외구매",86960,86840,86720,86600,86480,86410,86300,86170,86050,85930,85850,79570,91290,91290,91290,91290,91290,91290,91290,91290,91290,91290,91290,91290,0,0,0,0,0,0
14409386,인텔 코어i3-10세대 10105 (코멧레이크S 리프레시),인텔 코어i3-10세대 10105,코멧레이크S 리프레시,"_정품_142,850|병행수입 박스_134,390|_벌크 + 쿨러_120,060|벌크_115,140|해외구매 | _정품_142,850|병행수입 박스_134,390|_벌크 + 쿨러_120,190|벌크_115,140|해외구매 | _정품_142,850|병행수입 박스_134,390|_벌크 + 쿨러_120,930|벌크_116,530|해외구매 | _정품_142,850|병행수입 박스_134,390|_벌크 + 쿨러_120,940|벌크_116,530|해외구매 | 정품_142,850|병행수입 박스_134,390|_벌크 + 쿨러_119,890|_벌크_115,140|해외구매 | 정품_142,850|병행수입 박스_134,390|_벌크 + 쿨러_119,950|_벌크_115,140|해외구매 | 정품_142,850|병행수입 박스_134,390|_벌크 + 쿨러_120,930|_벌크_116,530|해외구매 | 정품_142,850|병행수입 박스_134,390|_벌크 + 쿨러_120,940|_벌크_116,530|해외구매 | 정품_142,850|병행수입 박스_134,390|_벌크 + 쿨러_120,950|_벌크_116,430|해외구매 | 정품_142,850|병행수입 박스_134,390|_벌크 + 쿨러_120,960|_벌크_116,440|해외구매",117800,117800,117800,117800,117800,117800,117800,117800,117800,117800,117800,117800,117800,117800,117800,117800,117800,117800,117800,117800,117800,117800,117800,117800,0,0,0,0,0,0
13753334,인텔 코어i3-10세대 10105F (코멧레이크S 리프레시),인텔 코어i3-10세대 10105F,코멧레이크S 리프레시,"_정품_94,260|병행수입 박스_90,020|_벌크 + 쿨러_76,250|벌크_71,010|해외구매_88,190|중고 | _정품_94,260|병행수입 박스_90,020|_벌크 + 쿨러_76,250|벌크_71,020|해외구매_88,190|중고 | _정품_94,260|병행수입 박스_90,020|_벌크 + 쿨러_76,250|벌크_71,030|해외구매_88,190|중고 | _정품_94,260|병행수입 박스_90,020|_벌크 + 쿨러_76,250|벌크_71,050|해외구매_88,190|중고 | 정품_94,260|병행수입 박스_90,020|_벌크 + 쿨러_76,250|_벌크_71,000|해외구매_88,190|중고 | 정품_94,260|병행수입 박스_90,020|_벌크 + 쿨러_76,250|_벌크_71,010|해외구매_88,190|중고 | 정품_94,260|병행수입 박스_90,020|_벌크 + 쿨러_76,250|_벌크_71,060|해외구매_88,190|중고 | 정품_94,260|병행수입 박스_90,020|_벌크 + 쿨러_76,250|_벌크_71,070|해외구매_88,190|중고 | 정품_94,260|병행수입 박스_90,020|_벌크 + 쿨러_76,250|_벌크_71,080|해외구매_88,190|중고 | 정품_94,260|병행수입 박스_90,020|_벌크 + 쿨러_76,250|_벌크_71,090|해외구매_88,190|중고",87430,87430,87430,87430,87430,87430,87430,87430,87430,87430,87430,87430,87430,87430,87430,87430,87430,87430,87430,87430,87430,87430,87430,87430,0,0,0,0,0,0
16101083,인텔 코어i3-12세대 12100 (엘더레이크),인텔 코어i3-12세대 12100,엘더레이크,"_정품_149,920|벌크 + 쿨러_131,720|_벌크_118,000|해외구매 | _정품_149,920|벌크 + 쿨러_131,820|_벌크_118,000|해외구매 | _정품_149,920|벌크 + 쿨러_132,610|_벌크_118,000|해외구매 | _정품_149,920|벌크 + 쿨러_132,750|_벌크_118,000|해외구매 | _정품_149,920|벌크 + 쿨러_132,750|_벌크_119,990|해외구매 | _정품_153,290|벌크 + 쿨러_138,000|_벌크_122,740|해외구매 | _정품_153,800|벌크 + 쿨러_133,900|_벌크_118,000|해외구매 | _정품_153,800|벌크 + 쿨러_135,400|_벌크_118,000|해외구매 | _정품_154,460|벌크 + 쿨러_131,960|_벌크_118,000|해외구매 | _정품_154,460|벌크 + 쿨러_132,860|_벌크_118,000|해외구매 | _정품_154,460|벌크 + 쿨러_133,900|_벌크_123,000|해외구매 | _정품_154,470|벌크 + 쿨러_133,830|_벌크_123,000|해외구매 | _정품_154,470|벌크 + 쿨러_133,900|_벌크_123,000|해외구매 | _정품_154,490|벌크 + 쿨러_132,750|_벌크_118,000|해외구매 | _정품_155,010|_벌크 + 쿨러_134,700|벌크_119,990|해외구매 | _정품_155,010|벌크 + 쿨러_134,700|_벌크_119,990|해외구매 | _정품_155,020|_벌크 + 쿨러_134,710|벌크_120,000|해외구매 | _정품_155,030|_벌크 + 쿨러_135,280|벌크_120,000|해외구매 | _정품_155,040|_벌크 + 쿨러_135,290|벌크_120,000|해외구매",169790,169790,169790,169790,169790,169790,169790,169790,169790,169790,169790,169790,164800,164800,164800,164800,164800,164800,164800,167920,167920,168280,167920,167920,0,0,0,0,0,0
16101179,인텔 코어i3-12세대 12100F (엘더레이크),인텔 코어i3-12세대 12100F,엘더레이크,"_정품_107,360|_벌크 + 쿨러_69,330|벌크_58,950|해외구매 | _정품_107,360|벌크 + 쿨러_69,260|_벌크_58,960|해외구매 | _정품_107,810|_벌크 + 쿨러_70,700|벌크_59,370|해외구매 | _정품_107,810|벌크 + 쿨러_70,570|_벌크_59,300|해외구매 | _정품_107,820|벌크 + 쿨러_70,810|_벌크_59,400|해외구매 | _정품_107,820|벌크 + 쿨러_70,930|_벌크_59,420|해외구매 | _정품_109,870|벌크 + 쿨러_69,700|_벌크_58,940|해외구매 | _정품_109,880|벌크 + 쿨러_69,810|_벌크_58,940|해외구매 | _정품_109,880|벌크 + 쿨러_69,900|_벌크_58,940|해외구매 | _정품_109,880|벌크 + 쿨러_69,910|_벌크_58,940|해외구매 | _정품_109,890|_벌크 + 쿨러_69,330|벌크_58,950|해외구매 | _정품_110,080|벌크 + 쿨러_69,270|_벌크_58,970|해외구매 | _정품_110,100|벌크 + 쿨러_69,810|_벌크_58,990|해외구매 | _정품_110,360|벌크 + 쿨러_69,890|_벌크_59,310|해외구매 | _정품_110,370|벌크 + 쿨러_70,050|_벌크_59,061|해외구매 | _정품_110,370|벌크 + 쿨러_70,170|_벌크_59,700|해외구매 | _정품_110,370|벌크 + 쿨러_70,300|_벌크_59,700|해외구매 | _정품_110,370|벌크 + 쿨러_70,410|_벌크_59,700|해외구매 | _정품_110,380|벌크 + 쿨러_69,990|_벌크_59,710|해외구매 | _정품_110,390|벌크 + 쿨러_70,620|_벌크_60,200|해외구매 | _정품_110,400|벌크 + 쿨러_70,740|_벌크_60,210|해외구매 | _정품_110,400|벌크 + 쿨러_70,850|_벌크_60,210|해외구매 | _정품_110,400|벌크 + 쿨러_70,980|_벌크_60,210|해외구매",89590,89590,90250,88240,89590,89590,90020,90020,82460,82460,90590,90590,90590,90590,90590,90590,90590,90590,90590,90590,90590,90590,90590,90590,0,0,0,0,0,0
16393682,인텔 코어i3-12세대 12100T (엘더레이크),인텔 코어i3-12세대 12100T,엘더레이크,벌크,227990,227990,227990,227990,227990,227990,0,0,0,0,0,0,0,0,0,0,0,0,0,0,0,0,0,0,0,0,0,0,0,0
18640205,인텔 코어i3-13세대 13100 (랩터레이크),인텔 코어i3-13세대 13100,랩터레이크,"_정품_164,590|_벌크 + 쿨러_143,120|벌크 | _정품_164,600|_벌크 + 쿨러_143,220|벌크 | _정품_164,600|_벌크 + 쿨러_143,330|벌크 | _정품_164,600|_벌크 + 쿨러_143,460|벌크 | _정품_164,610|_벌크 + 쿨러_143,120|벌크 | _정품_164,620|_벌크 + 쿨러_143,140|벌크 | _정품_164,620|벌크 + 쿨러_140,120|_벌크 | _정품_164,630|벌크 + 쿨러_140,130|_벌크 | _정품_164,640|벌크 + 쿨러_140,130|_벌크 | _정품_164,650|벌크 + 쿨러_140,090|_벌크 | _정품_164,670|벌크 + 쿨러_140,130|_벌크 | _정품_164,680|벌크 + 쿨러_141,250|_벌크 | _정품_164,690|_벌크 + 쿨러_141,360|벌크 | _정품_164,700|_벌크 + 쿨러_141,470|벌크 | _정품_164,700|_벌크 + 쿨러_141,570|벌크 | _정품_164,700|벌크 + 쿨러_141,570|_벌크 | _정품_164,710|벌크 + 쿨러_141,580|_벌크 | _정품_165,400|벌크 + 쿨러_142,190|_벌크 | _정품_165,410|벌크 + 쿨러_142,200|_벌크",129220,129090,128980,128860,129990,128740,128620,128490,128370,126990,126990,124990,125000,125000,125000,125000,125000,125000,124990,124990,124990,124990,124990,123000,0,0,0,0,0,0
18702590,인텔 코어i3-13세대 13100F (랩터레이크),인텔 코어i3-13세대 13100F,랩터레이크,"_정품_112,330|벌크 + 쿨러_70,960|_벌크_61,110|해외구매 | _정품_112,460|벌크 + 쿨러_70,970|_벌크_61,110|해외구매 | _정품_112,480|벌크 + 쿨러_71,580|_벌크_61,580|해외구매 | _정품_112,580|벌크 + 쿨러_70,970|_벌크_61,120|해외구매 | _정품_112,600|벌크 + 쿨러_71,370|_벌크_61,580|해외구매 | _정품_112,700|벌크 + 쿨러_70,970|_벌크_61,130|해외구매 | _정품_112,710|벌크 + 쿨러_71,370|_벌크_61,580|해외구매 | _정품_112,820|벌크 + 쿨러_70,970|_벌크_61,150|해외구매 | _정품_112,840|벌크 + 쿨러_71,370|_벌크_61,590|해외구매 | _정품_112,910|벌크 + 쿨러_70,970|_벌크_61,100|해외구매 | _정품_112,930|벌크 + 쿨러_70,970|_벌크_61,160|해외구매 | _정품_112,960|벌크 + 쿨러_71,430|_벌크_61,090|해외구매 | _정품_112,970|벌크 + 쿨러_70,970|_벌크_61,100|해외구매 | _정품_113,080|벌크 + 쿨러_71,550|_벌크_61,090|해외구매 | _정품_113,180|벌크 + 쿨러_70,960|_벌크_61,090|해외구매 | _정품_114,340|벌크 + 쿨러_71,490|_벌크_61,650|해외구매 | _정품_115,110|벌크 + 쿨러_71,490|_벌크_61,660|해외구매 | _정품_115,240|벌크 + 쿨러_71,490|_벌크_61,660|해외구매 | _정품_115,360|벌크 + 쿨러_71,490|_벌크_61,660|해외구매 | _정품_115,460|벌크 + 쿨러_71,490|_벌크_61,670|해외구매 | _정품_115,580|벌크 + 쿨러_71,490|_벌크_61,680|해외구매 | _정품_115,700|벌크 + 쿨러_71,490|_벌크_61,690|해외구매 | _정품_115,810|벌크 + 쿨러_71,490|_벌크_61,700|해외구매 | _정품_115,930|벌크 + 쿨러_71,490|_벌크_61,710|해외구매",116260,116260,116320,116320,116320,116490,114740,114740,114740,114730,114730,114730,114730,114580,114410,114250,114250,114280,116510,139460,139340,141150,141150,131750,0,0,0,0,0,0
18640106,인텔 코어i3-13세대 13100F (랩터레이크),인텔 코어i3-13세대 13100F,랩터레이크,"_정품_112,330|벌크 + 쿨러_70,960|_벌크_61,110|해외구매 | _정품_112,460|벌크 + 쿨러_70,970|_벌크_61,110|해외구매 | _정품_112,480|벌크 + 쿨러_71,580|_벌크_61,580|해외구매 | _정품_112,580|벌크 + 쿨러_70,970|_벌크_61,120|해외구매 | _정품_112,600|벌크 + 쿨러_71,370|_벌크_61,580|해외구매 | _정품_112,700|벌크 + 쿨러_70,970|_벌크_61,130|해외구매 | _정품_112,710|벌크 + 쿨러_71,370|_벌크_61,580|해외구매 | _정품_112,820|벌크 + 쿨러_70,970|_벌크_61,150|해외구매 | _정품_112,840|벌크 + 쿨러_71,370|_벌크_61,590|해외구매 | _정품_112,910|벌크 + 쿨러_70,970|_벌크_61,100|해외구매 | _정품_112,930|벌크 + 쿨러_70,970|_벌크_61,160|해외구매 | _정품_112,960|벌크 + 쿨러_71,430|_벌크_61,090|해외구매 | _정품_112,970|벌크 + 쿨러_70,970|_벌크_61,100|해외구매 | _정품_113,080|벌크 + 쿨러_71,550|_벌크_61,090|해외구매 | _정품_113,180|벌크 + 쿨러_70,960|_벌크_61,090|해외구매 | _정품_114,340|벌크 + 쿨러_71,490|_벌크_61,650|해외구매 | _정품_115,110|벌크 + 쿨러_71,490|_벌크_61,660|해외구매 | _정품_115,240|벌크 + 쿨러_71,490|_벌크_61,660|해외구매 | _정품_115,360|벌크 + 쿨러_71,490|_벌크_61,660|해외구매 | _정품_115,460|벌크 + 쿨러_71,490|_벌크_61,670|해외구매 | _정품_115,580|벌크 + 쿨러_71,490|_벌크_61,680|해외구매 | _정품_115,700|벌크 + 쿨러_71,490|_벌크_61,690|해외구매 | _정품_115,810|벌크 + 쿨러_71,490|_벌크_61,700|해외구매 | _정품_115,930|벌크 + 쿨러_71,490|_벌크_61,710|해외구매",116260,116260,116320,116320,116320,116490,114740,114740,114740,114730,114730,114730,114730,114580,114410,114250,114250,114280,116510,139460,139340,141150,141150,131750,0,0,0,0,0,0
32102738,인텔 코어i3-14세대 14100 (랩터레이크 리프레시),인텔 코어i3-14세대 14100,랩터레이크 리프레시,"_정품_159,320|벌크 + 쿨러_144,300|_벌크_133,240|해외구매 | _정품_159,420|벌크 + 쿨러_144,310|_벌크_133,250|해외구매 | _정품_159,660|벌크 + 쿨러_144,320|_벌크_133,260|해외구매 | _정품_159,660|벌크 + 쿨러_144,850|_벌크_133,780|해외구매 | _정품_159,670|벌크 + 쿨러_144,640|_벌크_134,810|해외구매 | _정품_159,670|벌크 + 쿨러_145,880|_벌크_134,810|해외구매 | _정품_159,680|벌크 + 쿨러_144,760|_벌크_134,860|해외구매 | _정품_159,680|벌크 + 쿨러_144,800|_벌크_134,860|해외구매 | _정품_159,690|벌크 + 쿨러_144,850|_벌크_134,870|해외구매 | _정품_159,710|벌크 + 쿨러_144,430|_벌크_134,890|해외구매 | _정품_159,770|벌크 + 쿨러_144,550|_벌크_134,900|해외구매 | _정품_159,790|벌크 + 쿨러_144,580|_벌크_134,910|해외구매 | _정품_159,830|벌크 + 쿨러_146,730|_벌크_135,950|해외구매 | _정품_159,950|벌크 + 쿨러_147,030|_벌크_135,950|해외구매 | _정품_160,070|벌크 + 쿨러_147,030|_벌크_135,950|해외구매 | _정품_160,180|_벌크 + 쿨러_147,030|벌크_135,950|해외구매 | _정품_160,580|_벌크 + 쿨러_147,040|벌크_135,960|해외구매 | _정품_160,590|벌크 + 쿨러_144,310|_벌크_133,250|해외구매 | _정품_160,850|_벌크 + 쿨러_147,860|벌크_136,770|해외구매 | _정품_160,860|_벌크 + 쿨러_147,870|벌크_136,780|해외구매",162360,162360,163270,163730,163730,162520,162520,161390,161390,160180,160180,161690,161690,162290,162290,162050,162050,161210,161210,163000,163000,158580,158580,158910,0,0,0,0,0,0
32038820,인텔 코어i3-14세대 14100 (랩터레이크 리프레시),인텔 코어i3-14세대 14100,랩터레이크 리프레시,"_정품_159,320|벌크 + 쿨러_144,300|_벌크_133,240|해외구매 | _정품_159,420|벌크 + 쿨러_144,310|_벌크_133,250|해외구매 | _정품_159,660|벌크 + 쿨러_144,320|_벌크_133,260|해외구매 | _정품_159,660|벌크 + 쿨러_144,850|_벌크_133,780|해외구매 | _정품_159,670|벌크 + 쿨러_144,640|_벌크_134,810|해외구매 | _정품_159,670|벌크 + 쿨러_145,880|_벌크_134,810|해외구매 | _정품_159,680|벌크 + 쿨러_144,760|_벌크_134,860|해외구매 | _정품_159,680|벌크 + 쿨러_144,800|_벌크_134,860|해외구매 | _정품_159,690|벌크 + 쿨러_144,850|_벌크_134,870|해외구매 | _정품_159,710|벌크 + 쿨러_144,430|_벌크_134,890|해외구매 | _정품_159,770|벌크 + 쿨러_144,540|_벌크_134,900|해외구매 | _정품_159,790|벌크 + 쿨러_144,580|_벌크_134,910|해외구매 | _정품_159,830|벌크 + 쿨러_146,730|_벌크_135,950|해외구매 | _정품_159,950|벌크 + 쿨러_147,030|_벌크_135,950|해외구매 | _정품_160,070|벌크 + 쿨러_147,030|_벌크_135,950|해외구매 | _정품_160,180|_벌크 + 쿨러_147,030||해외구매 | _정품_160,580|_벌크 + 쿨러_147,040||해외구매 | _정품_160,590|벌크 + 쿨러_144,310|_벌크_133,250|해외구매 | _정품_160,850|_벌크 + 쿨러_147,860||해외구매 | _정품_160,860|_벌크 + 쿨러_147,870||해외구매",162360,162360,163270,163730,163730,162520,162520,161390,161390,160180,160180,161690,161690,162290,162290,162050,162050,161210,161210,163000,163000,158580,158580,158910,0,0,0,0,0,0
32102672,인텔 코어i3-14세대 14100F (랩터레이크 리프레시),인텔 코어i3-14세대 14100F,랩터레이크 리프레시,"_정품_107,679|_벌크 + 쿨러_110,458|벌크_101,170|해외구매 | _정품_107,679|_벌크 + 쿨러_112,080|벌크_101,060|해외구매 | _정품_113,780|벌크 + 쿨러_112,080|_벌크_100,940|해외구매 | _정품_113,780|벌크 + 쿨러_112,460|_벌크_101,510|해외구매 | _정품_113,780|벌크 + 쿨러_112,470|_벌크_101,520|해외구매 | _정품_113,780|벌크 + 쿨러_112,490|_벌크_101,520|해외구매 | _정품_113,780|벌크 + 쿨러_112,490|_벌크_101,530|해외구매 | _정품_114,290|벌크 + 쿨러_112,080|_벌크_100,970|해외구매 | _정품_114,310|_벌크 + 쿨러_112,080|벌크_101,290|해외구매 | _정품_114,310|_벌크 + 쿨러_112,080|벌크_101,420|해외구매 | _정품_114,310|_벌크 + 쿨러_112,080|벌크_101,540|해외구매 | _정품_114,320|_벌크 + 쿨러_112,080|벌크_101,590|해외구매 | _정품_114,330|_벌크 + 쿨러_112,370|벌크_101,620|해외구매 | _정품_114,330|벌크 + 쿨러_112,370|_벌크_101,740|해외구매 | _정품_114,340|벌크 + 쿨러_112,380|_벌크_101,770|해외구매 | _정품_114,340|벌크 + 쿨러_112,380|_벌크_101,860|해외구매 | _정품_114,860|벌크 + 쿨러_116,870|_벌크_101,510|해외구매 | _정품_114,910|벌크 + 쿨러_116,920|_벌크_101,510|해외구매 | _정품_114,940|벌크 + 쿨러_116,950|_벌크_101,510|해외구매 | _정품_114,960|벌크 + 쿨러_116,970|_벌크_101,510|해외구매",125490,125490,125490,125460,125460,125460,123690,123710,123710,123690,123710,123710,123690,123710,123710,123710,123710,123710,126050,126050,126050,126030,126050,126050,0,0,0,0,0,0
32038895,인텔 코어i3-14세대 14100F (랩터레이크 리프레시),인텔 코어i3-14세대 14100F,랩터레이크 리프레시,"_정품_107,679|_벌크 + 쿨러_110,458|벌크_101,170|해외구매 | _정품_107,679|_벌크 + 쿨러_112,080|벌크_101,060|해외구매 | _정품_113,780|벌크 + 쿨러_112,080|_벌크_100,940|해외구매 | _정품_113,780|벌크 + 쿨러_112,460|_벌크_101,510|해외구매 | _정품_113,780|벌크 + 쿨러_112,470|_벌크_101,520|해외구매 | _정품_113,780|벌크 + 쿨러_112,490|_벌크_101,520|해외구매 | _정품_113,780|벌크 + 쿨러_112,490|_벌크_101,530|해외구매 | _정품_114,290|벌크 + 쿨러_112,080|_벌크_100,970|해외구매 | _정품_114,310|_벌크 + 쿨러_112,080|벌크_101,290|해외구매 | _정품_114,310|_벌크 + 쿨러_112,080|벌크_101,420|해외구매 | _정품_114,310|_벌크 + 쿨러_112,080|벌크_101,540|해외구매 | _정품_114,320|_벌크 + 쿨러_112,080|벌크_101,590|해외구매 | _정품_114,330|_벌크 + 쿨러_112,370|벌크_101,620|해외구매 | _정품_114,330|벌크 + 쿨러_112,370|_벌크_101,740|해외구매 | _정품_114,340|벌크 + 쿨러_112,380|_벌크_101,770|해외구매 | _정품_114,340|벌크 + 쿨러_112,380|_벌크_101,860|해외구매 | _정품_114,860|벌크 + 쿨러_116,870|_벌크_101,510|해외구매 | _정품_114,910|벌크 + 쿨러_116,920|_벌크_101,510|해외구매 | _정품_114,940|벌크 + 쿨러_116,950|_벌크_101,510|해외구매 | _정품_114,960|벌크 + 쿨러_116,970|_벌크_101,510|해외구매",125490,125490,125490,125460,125460,125460,123690,123710,123710,123690,123710,123710,123690,123710,123710,123710,123710,123710,126050,126050,126050,126030,126050,126050,0,0,0,0,0,0
32464280,인텔 코어i3-14세대 14100T (랩터레이크 리프레시),인텔 코어i3-14세대 14100T,랩터레이크 리프레시,벌크,237310,237220,237190,237070,236950,236870,236750,236620,236500,236390,236300,236270,236150,236030,235900,235780,235700,235670,235550,235430,235310,235180,235060,234950,0,0,0,0,0,0
4148188,인텔 코어i3-1세대 540 (클락데일),인텔 코어i3-1세대 540,클락데일,중고,3240,1000,1000,1000,1000,1000,1000,1000,1000,1000,3250,3250,3250,3250,3250,3250,0,0,0,0,0,0,0,0,0,0,0,0,0,0
4146391,인텔 코어i3-1세대 550 (클락데일),인텔 코어i3-1세대 550,클락데일,중고,2930,2930,2930,2930,2930,2930,2930,2930,2930,2930,2930,2930,2960,2960,2960,2960,3250,0,1990,1990,1990,1990,1920,1790,0,0,0,0,0,0
1376125,인텔 코어i3-2세대 2100 (샌디브릿지),인텔 코어i3-2세대 2100,샌디브릿지,"_벌크_16,900|_중고",1330,1330,1330,1330,1330,1330,1330,1330,1330,1330,1330,1330,1340,1340,1340,1340,1340,1340,1340,1410,1340,1430,1390,1330,0,0,0,0,0,0
4144570,인텔 코어i3-2세대 2120 (샌디브릿지),인텔 코어i3-2세대 2120,샌디브릿지,중고,1330,1500,3990,3990,3990,3990,3990,3990,3990,3990,3990,3990,3990,3990,3990,3990,3990,3990,3990,3990,3990,3990,3990,3990,0,0,0,0,0,0
1780774,인텔 코어i3-3세대 3220 (아이비브릿지),인텔 코어i3-3세대 3220,아이비브릿지,"_벌크_4,590|_중고",2260,2260,2260,2260,2260,2260,2260,2260,2260,2260,2260,2260,2260,2260,2260,2260,2370,2330,2390,2360,2320,2370,2310,2310,0,0,0,0,0,0
1783681,인텔 코어i3-3세대 3240 (아이비브릿지),인텔 코어i3-3세대 3240,아이비브릿지,중고,2710,2660,2660,2660,2660,2660,2660,2660,2660,2660,2660,2660,2690,2690,2690,2690,2690,2690,2670,2870,2840,2710,2660,2670,0,0,0,0,0,0
2216333,인텔 코어i3-4세대 4130 (하스웰),인텔 코어i3-4세대 4130,하스웰,"벌크 + 쿨러_8,450|_벌크_3,990|_중고 | 벌크 + 쿨러_8,450|_벌크_4,330|_중고 | 벌크 + 쿨러_8,460|_벌크_3,990|_중고 | 벌크 + 쿨러_8,460|_벌크_4,330|_중고 | 벌크 + 쿨러_8,510|_벌크_3,990|_중고 | 벌크 + 쿨러_8,540|_벌크_3,990|_중고 | 벌크 + 쿨러_8,540|_벌크_4,330|_중고 | 벌크 + 쿨러_8,590|_벌크_4,330|_중고 | 벌크 + 쿨러_8,630|_벌크_3,990|_중고 | 벌크 + 쿨러_8,890|_벌크_4,330|_중고 | 벌크 + 쿨러_8,950|_벌크_4,330|_중고",3380,3380,3380,3380,3350,3290,3290,3290,3290,3290,3290,3290,3320,3320,3320,3320,3320,3320,3300,3540,3510,3380,3290,3290,0,0,0,0,0,0
4954420,인텔 코어i3-4세대 4150 (하스웰 리프레시),인텔 코어i3-4세대 4150,하스웰 리프레시,"_중고_4,500|벌크 + 쿨러_9,190|_벌크 | _중고_4,710|_벌크 + 쿨러_8,840|벌크 | _중고_4,710|벌크 + 쿨러_8,920|_벌크 | _중고_4,710|벌크 + 쿨러_8,930|_벌크 | _중고_4,710|벌크 + 쿨러_8,950|_벌크 | _중고_4,710|벌크 + 쿨러_9,050|_벌크 | _중고_4,720|벌크 + 쿨러_9,200|_벌크 | _중고_4,720|벌크 + 쿨러_9,210|_벌크 | _중고_4,740|벌크 + 쿨러_9,060|_벌크 | _중고_4,760|벌크 + 쿨러_8,940|_벌크 | _중고_4,760|벌크 + 쿨러_9,210|_벌크 | _중고_4,770|벌크 + 쿨러_9,200|_벌크 | _중고_4,770|벌크 + 쿨러_9,210|_벌크 | _중고_4,800|벌크 + 쿨러_9,270|_벌크 | _중고_4,800|벌크 + 쿨러_9,290|_벌크 | _중고_4,800|벌크 + 쿨러_9,300|_벌크",4790,4790,4790,4790,4790,4790,4790,4790,4790,4790,4790,4790,4790,4790,4790,4790,4790,4790,4790,4790,4790,4790,4790,4790,0,0,0,0,0,0
2783204,인텔 코어i3-4세대 4160 (하스웰 리프레시),인텔 코어i3-4세대 4160,하스웰 리프레시,"병행수입 박스_142,990|벌크 + 쿨러_9,160|_벌크_4,690|_중고 | 병행수입 박스_142,990|벌크 + 쿨러_9,160|_벌크_4,700|_중고 | 병행수입 박스_142,990|벌크 + 쿨러_9,170|_벌크_4,690|_중고 | 병행수입 박스_142,990|벌크 + 쿨러_9,180|_벌크_4,700|_중고 | 병행수입 박스_142,990|벌크 + 쿨러_9,210|_벌크_4,690|_중고 | 병행수입 박스_142,990|벌크 + 쿨러_9,250|_벌크_4,690|_중고 | 병행수입 박스_142,990|벌크 + 쿨러_9,260|_벌크_4,700|_중고 | 병행수입 박스_142,990|벌크 + 쿨러_9,340|_벌크_4,700|_중고 | 병행수입 박스_142,990|벌크 + 쿨러_9,380|_벌크_4,690|_중고 | 병행수입 박스_142,990|벌크 + 쿨러_9,420|_벌크_4,700|_중고",3990,3990,3990,3990,3990,3990,3990,3990,3990,3990,3990,3990,3990,3990,3990,3990,3990,3990,3990,3990,3990,3990,3990,3990,0,0,0,0,0,0
3116506,인텔 코어i3-4세대 4170 (하스웰 리프레시),인텔 코어i3-4세대 4170,하스웰 리프레시,"_벌크 + 쿨러_9,350|벌크_4,900|_중고 | _벌크 + 쿨러_9,440|벌크_4,900|_중고 | _벌크 + 쿨러_9,540|벌크_4,900|_중고 | 벌크 + 쿨러_9,340|_벌크_4,900|_중고 | 벌크 + 쿨러_9,350|_벌크_4,900|_중고 | 벌크 + 쿨러_9,420|_벌크_4,900|_중고 | 벌크 + 쿨러_9,440|_벌크_4,900|_중고 | 벌크 + 쿨러_9,470|_벌크_4,900|_중고 | 벌크 + 쿨러_9,500|_벌크_4,900|_중고 | 벌크 + 쿨러_9,780|_벌크_4,900|_중고 | 벌크 + 쿨러_9,860|_벌크_4,900|_중고",5100,5100,5100,5100,5100,5100,5100,5100,5100,5100,5100,5100,5100,5100,5100,5100,5100,5100,5100,5100,5100,5100,5100,5100,0,0,0,0,0,0
6112499,인텔 코어i3-4세대 4330 (하스웰),인텔 코어i3-4세대 4330,하스웰,중고,13300,0,13300,0,0,0,0,0,0,0,0,0,0,13300,13300,13300,13300,13300,13300,13300,13300,13300,0,13300,0,0,0,0,0,0
6112509,인텔 코어i3-4세대 4370 (하스웰 리프레시),인텔 코어i3-4세대 4370,하스웰 리프레시,중고,12490,12490,12490,12490,12490,12490,12490,12490,12490,12490,0,0,12490,12490,12490,12490,12490,12490,12490,12490,12490,12490,12490,12490,0,0,0,0,0,0
3471458,인텔 코어i3-6세대 6100 (스카이레이크),인텔 코어i3-6세대 6100,스카이레이크,"_벌크 + 쿨러_14,760|벌크_10,310|_중고 | _벌크 + 쿨러_14,870|벌크_10,430|_중고 | _벌크 + 쿨러_14,990|벌크_10,550|_중고 | _벌크 + 쿨러_15,120|벌크_10,590|_중고 | _벌크 + 쿨러_15,240|벌크_9,970|_중고 | _벌크 + 쿨러_15,380|벌크_9,990|_중고 | _벌크 + 쿨러_15,510|벌크_10,170|_중고 | _벌크 + 쿨러_16,840|벌크_11,120|_중고 | _벌크 + 쿨러_16,960|벌크_11,120|_중고 | _벌크 + 쿨러_17,070|벌크_11,120|_중고 | _벌크 + 쿨러_17,200|벌크_11,120|_중고 | 벌크 + 쿨러_15,310|_벌크_10,570|_중고 | 벌크 + 쿨러_15,470|_벌크_10,080|_중고 | 벌크 + 쿨러_15,470|_벌크_10,090|_중고 | 벌크 + 쿨러_15,630|_벌크_10,290|_중고 | 벌크 + 쿨러_15,760|_벌크_10,420|_중고 | 벌크 + 쿨러_15,880|_벌크_10,540|_중고 | 벌크 + 쿨러_16,050|_벌크_10,670|_중고 | 벌크 + 쿨러_16,130|_벌크_10,670|_중고 | 벌크 + 쿨러_16,250|_벌크_10,670|_중고 | 벌크 + 쿨러_16,370|_벌크_10,710|_중고 | 벌크 + 쿨러_16,500|_벌크_10,840|_중고 | 벌크 + 쿨러_16,620|_벌크_10,960|_중고 | 벌크 + 쿨러_16,720|_벌크_11,040|_중고",9900,9900,9900,9900,9900,9900,9900,9900,9900,9900,9900,9900,9900,9900,9900,9900,10470,10370,10330,10220,10100,9970,9960,9970,0,0,0,0,0,0
3493032,인텔 코어i3-6세대 6300 (스카이레이크),인텔 코어i3-6세대 6300,스카이레이크,"_벌크_16,990|_중고",18460,18460,18460,18460,18460,18460,18460,18460,18460,18460,18460,18460,18460,18610,18610,18610,18610,18610,18610,18610,18610,18610,18610,18610,0,0,0,0,0,0
3493081,인텔 코어i3-6세대 6320 (스카이레이크),인텔 코어i3-6세대 6320,스카이레이크,"_벌크_23,500|_중고",27990,27990,27990,27990,27990,27990,27990,27990,27990,27990,27990,27990,27990,27990,27990,27990,27990,27990,27990,27990,27990,27990,27990,27990,0,0,0,0,0,0
4880955,인텔 코어i3-7세대 7100 (카비레이크),인텔 코어i3-7세대 7100,카비레이크,"_벌크 + 쿨러_23,300|벌크_18,600|해외구매_24,490|_중고 | _벌크 + 쿨러_23,390|벌크_18,600|해외구매_24,490|_중고 | _벌크 + 쿨러_23,420|벌크_18,600|해외구매_24,490|_중고 | _벌크 + 쿨러_23,550|벌크_18,600|해외구매_24,490|_중고 | _벌크 + 쿨러_23,670|벌크_18,600|해외구매_24,490|_중고 | _벌크 + 쿨러_23,840|벌크_18,600|해외구매_24,490|_중고 | _벌크 + 쿨러_23,920|벌크_18,600|해외구매_24,490|_중고 | _벌크 + 쿨러_24,040|벌크_18,600|해외구매_24,490|_중고 | _벌크 + 쿨러_24,160|벌크_18,600|해외구매_24,490|_중고 | _벌크 + 쿨러_24,290|벌크_18,600|해외구매_24,490|_중고 | _벌크 + 쿨러_24,320|벌크_18,600|해외구매_24,490|_중고 | _벌크 + 쿨러_24,530|벌크_18,600|해외구매_24,490|_중고 | _벌크 + 쿨러_24,780|벌크_18,600|해외구매_24,490|_중고 | _벌크 + 쿨러_24,900|벌크_18,600|해외구매_24,490|_중고 | _벌크 + 쿨러_25,010|벌크_18,600|해외구매_24,490|_중고 | _벌크 + 쿨러_25,140|벌크_18,600|해외구매_24,490|_중고 | 벌크 + 쿨러_23,150|_벌크_18,600|해외구매_24,490|_중고 | 벌크 + 쿨러_23,270|_벌크_18,600|해외구매_24,490|_중고 | 벌크 + 쿨러_23,300|_벌크_18,600|해외구매_24,490|_중고 | 벌크 + 쿨러_23,390|_벌크_18,600|해외구매_24,490|_중고 | 벌크 + 쿨러_23,960|_벌크_18,600|해외구매_24,490|_중고 | 벌크 + 쿨러_24,000|_벌크_18,600|해외구매_24,490|_중고",16630,16630,16630,16630,16630,16630,16630,16630,16630,16630,16630,16630,16630,16630,16630,16630,16630,16630,16630,15900,15900,15900,15900,15900,0,0,0,0,0,0
7812271,인텔 코어i3-7세대 7300 (카비레이크),인텔 코어i3-7세대 7300,카비레이크,중고,0,0,29840,29840,0,0,0,0,0,0,0,0,0,0,0,0,0,0,0,0,0,0,0,0,0,0,0,0,0,0
5221454,인텔 코어i3-7세대 7320 (카비레이크),인텔 코어i3-7세대 7320,카비레이크,"_벌크_33,380|_중고",34240,34240,34240,34240,34240,34240,34240,34240,34240,34240,34240,34240,34240,34240,34240,34240,34240,34240,34240,34240,34240,34240,34240,34240,0,0,0,0,0,0
7812097,인텔 코어i3-7세대 7350K (카비레이크),인텔 코어i3-7세대 7350K,카비레이크,"_중고_35,209|_해외구매 | _중고_35,900|_해외구매",37370,42360,39690,38810,37280,42360,37280,37280,36010,36010,42360,42360,42360,42360,42360,42360,42360,41020,41020,42360,42360,42360,42360,42360,0,0,0,0,0,0
5569026,인텔 코어i3-8세대 8100 (커피레이크),인텔 코어i3-8세대 8100,커피레이크,"_벌크 + 쿨러_38,260|벌크_30,690|해외구매_34,570|_중고 | _벌크 + 쿨러_38,950|벌크_30,690|해외구매_37,790|_중고 | _벌크 + 쿨러_39,070|벌크_30,690|해외구매_37,790|_중고 | _벌크 + 쿨러_39,310|벌크_30,690|해외구매_35,790|_중고 | 벌크 + 쿨러_37,370|_벌크_30,690|해외구매_37,790|_중고 | 벌크 + 쿨러_37,380|_벌크_30,690|해외구매_37,790|_중고 | 벌크 + 쿨러_37,420|_벌크_30,690|해외구매_37,790|_중고 | 벌크 + 쿨러_37,550|_벌크_30,690|해외구매_37,790|_중고 | 벌크 + 쿨러_37,640|_벌크_30,690|해외구매_37,790|_중고 | 벌크 + 쿨러_37,670|_벌크_30,690|해외구매_37,790|_중고 | 벌크 + 쿨러_37,700|_벌크_30,690|해외구매_37,790|_중고 | 벌크 + 쿨러_37,790|_벌크_30,690|해외구매_37,790|_중고 | 벌크 + 쿨러_37,890|_벌크_30,690|해외구매_37,790|_중고 | 벌크 + 쿨러_38,010|_벌크_30,690|해외구매_37,790|_중고 | 벌크 + 쿨러_38,180|_벌크_30,690|해외구매_37,790|_중고 | 벌크 + 쿨러_38,380|_벌크_30,690|해외구매_34,570|_중고 | 벌크 + 쿨러_38,500|_벌크_30,690|해외구매_35,790|_중고 | 벌크 + 쿨러_38,630|_벌크_30,690|해외구매_35,790|_중고 | 벌크 + 쿨러_38,750|_벌크_30,690|해외구매_37,790|_중고 | 벌크 + 쿨러_38,830|_벌크_30,690|해외구매_35,790|_중고 | 벌크 + 쿨러_39,180|_벌크_30,690|해외구매_37,790|_중고",28510,28510,28510,28510,28510,28510,28510,28510,28510,28510,27990,27990,27990,27990,27990,27990,27990,27990,27990,21900,21900,21900,21900,21900,0,0,0,0,0,0
5651734,인텔 코어i3-8세대 8350K (커피레이크),인텔 코어i3-8세대 8350K,커피레이크,"_벌크_46,000|_해외구매",63990,63990,58170,56880,58170,63990,63990,63990,63990,63990,63990,63990,63990,63990,63990,63990,63990,63990,63990,63990,63990,63990,63990,63990,0,0,0,0,0,0
10864506,인텔 코어i3-9세대 9100 (커피레이크-R),인텔 코어i3-9세대 9100,커피레이크-R,"_벌크 + 쿨러_107,960|_벌크_49,990|해외구매_63,090|중고 | _벌크 + 쿨러_107,966|_벌크_49,990|해외구매_63,090|중고 | _벌크 + 쿨러_109,260|_벌크_49,990|해외구매_63,090|중고 | _벌크 + 쿨러_111,460|벌크_49,990|해외구매_63,090|_중고 | _벌크 + 쿨러_111,530|_벌크_49,990|해외구매_63,090|중고 | _벌크 + 쿨러_111,580|벌크_49,990|해외구매_63,090|_중고 | _벌크 + 쿨러_111,660|_벌크_49,990|해외구매_63,090|중고 | _벌크 + 쿨러_111,690|벌크_49,990|해외구매_63,090|_중고 | _벌크 + 쿨러_111,770|_벌크_49,990|해외구매_63,090|중고 | _벌크 + 쿨러_69,400|벌크_49,990|해외구매_63,090|_중고 | 벌크 + 쿨러_107,966|_벌크_49,990|해외구매_63,090|_중고 | 벌크 + 쿨러_108,590|_벌크_49,990|해외구매_63,090|_중고 | 벌크 + 쿨러_108,660|_벌크_49,990|해외구매_63,090|_중고 | 벌크 + 쿨러_111,330|_벌크_49,990|해외구매_63,090|_중고 | 벌크 + 쿨러_111,810|_벌크_49,990|해외구매_63,090|_중고 | 벌크 + 쿨러_111,840|_벌크_49,990|해외구매_63,090|_중고 | 벌크 + 쿨러_111,850|_벌크_49,990|해외구매_63,090|_중고 | 벌크 + 쿨러_111,950|_벌크_49,990|해외구매_62,650|_중고 | 벌크 + 쿨러_111,970|_벌크_49,990|해외구매_63,090|_중고 | 벌크 + 쿨러_69,400|_벌크_49,990|해외구매_63,090|_중고",46510,46380,46270,46150,35370,35260,35140,35010,34890,34770,34690,34660,34540,34420,34290,34170,34090,34060,33940,33820,33730,33690,33570,33450,0,0,0,0,0,0
7914745,인텔 코어i3-9세대 9100F (커피레이크-R),인텔 코어i3-9세대 9100F,커피레이크-R,"_벌크 + 쿨러_44,360|벌크_33,800|해외구매_39,330|_중고 | _벌크 + 쿨러_44,360|벌크_33,800|해외구매_40,230|_중고 | _벌크 + 쿨러_44,360|벌크_33,800|해외구매_44,210|_중고 | _벌크 + 쿨러_44,360|벌크_33,800|해외구매_44,240|_중고 | _벌크 + 쿨러_44,360|벌크_33,800|해외구매_44,290|_중고 | _벌크 + 쿨러_44,360|벌크_33,800|해외구매_44,690|_중고 | _벌크 + 쿨러_56,650|벌크_33,800|해외구매_44,690|_중고 | _벌크 + 쿨러_56,660|벌크_33,800|해외구매_44,580|_중고 | _벌크 + 쿨러_56,980|_벌크_33,800|해외구매_44,690|중고 | _벌크 + 쿨러_57,100|벌크_33,800|해외구매_44,690|_중고 | _벌크 + 쿨러_57,220|벌크_33,800|해외구매_44,690|_중고 | _벌크 + 쿨러_57,350|벌크_33,800|해외구매_44,690|_중고 | _벌크 + 쿨러_57,410|벌크_33,800|해외구매_44,690|_중고 | _벌크 + 쿨러_57,470|벌크_33,800|해외구매_44,690|_중고 | _벌크 + 쿨러_57,500|벌크_33,800|해외구매_44,690|_중고 | _벌크 + 쿨러_57,590|벌크_33,800|해외구매_44,690|_중고",29990,29990,29990,29990,27490,27490,27490,27490,27490,27490,27490,27490,27490,27490,27490,27490,27490,27490,27490,27490,27490,27490,27490,27490,0,0,0,0,0,0
11308551,인텔 코어i5-10세대 10400 (코멧레이크S),인텔 코어i5-10세대 10400,코멧레이크S,"_정품_300,750|병행수입 박스_164,490|_벌크 + 쿨러_156,300|벌크_156,530|해외구매_221,000|중고 | _정품_300,750|병행수입 박스_164,490|_벌크 + 쿨러_156,380|벌크_156,550|해외구매_221,000|중고 | _정품_300,750|병행수입 박스_164,490|_벌크 + 쿨러_156,500|벌크_156,610|해외구매_221,000|중고 | _정품_300,750|병행수입 박스_164,490|_벌크 + 쿨러_156,620|벌크_156,730|해외구매_221,000|중고 | _정품_300,750|병행수입 박스_164,490|_벌크 + 쿨러_156,750|벌크_156,860|해외구매_221,000|중고 | _정품_300,750|병행수입 박스_164,490|_벌크 + 쿨러_156,870|벌크_156,890|해외구매_221,000|중고 | _정품_300,750|병행수입 박스_164,490|_벌크 + 쿨러_156,950|벌크_156,920|해외구매_221,000|중고 | _정품_300,750|병행수입 박스_164,490|벌크 + 쿨러_157,600|_벌크_157,040|해외구매_221,000|중고 | _정품_300,750|병행수입 박스_164,490|벌크 + 쿨러_157,720|_벌크_157,050|해외구매_221,000|중고 | _정품_300,750|병행수입 박스_164,490|벌크 + 쿨러_157,830|_벌크_157,050|해외구매_221,000|중고 | _정품_300,750|병행수입 박스_164,490|벌크 + 쿨러_157,960|_벌크_157,050|해외구매_221,000|중고 | _정품_300,750|병행수입 박스_165,410|_벌크 + 쿨러_156,270|벌크_156,480|해외구매_221,000|중고 | _정품_300,750|병행수입 박스_168,990|_벌크 + 쿨러_162,300|벌크_156,990|해외구매_221,000|중고 | _정품_300,750|병행수입 박스_168,990|벌크 + 쿨러_167,950|_벌크_162,820|해외구매_221,000|중고 | _정품_300,750|병행수입 박스_169,160|벌크 + 쿨러_167,930|_벌크_162,790|해외구매_221,000|중고 | _정품_300,750|병행수입 박스_169,160|벌크 + 쿨러_167,930|_벌크_162,800|해외구매_221,000|중고 | _정품_300,750|병행수입 박스_169,160|벌크 + 쿨러_167,940|_벌크_162,810|해외구매_221,000|중고",154100,154380,154080,154080,153060,148290,148290,148290,148290,148290,148290,148290,148290,148290,148290,148290,148290,148290,148290,148290,148290,148290,148290,148290,0,0,0,0,0,0
11489973,인텔 코어i5-10세대 10400F (코멧레이크S),인텔 코어i5-10세대 10400F,코멧레이크S,"_정품_127,140|병행수입 박스_121,790|_벌크 + 쿨러_106,070|벌크_99,430|해외구매_119,190|중고 | _정품_127,140|병행수입 박스_121,790|벌크 + 쿨러_106,040|_벌크_99,320|해외구매_119,190|중고 | _정품_127,140|병행수입 박스_121,790|벌크 + 쿨러_106,060|_벌크_99,350|해외구매_119,190|중고 | _정품_127,140|병행수입 박스_121,790|벌크 + 쿨러_106,070|_벌크_99,550|해외구매_119,190|중고 | _정품_127,140|병행수입 박스_121,790|벌크 + 쿨러_106,080|_벌크_99,670|해외구매_119,190|중고 | _정품_127,140|병행수입 박스_121,790|벌크 + 쿨러_106,080|_벌크_99,800|해외구매_119,190|중고 | _정품_127,140|병행수입 박스_121,790|벌크 + 쿨러_106,080|_벌크_99,920|해외구매_119,190|중고 | _정품_127,140|병행수입 박스_121,790|벌크 + 쿨러_106,090|_벌크_100,910|해외구매_119,190|중고 | _정품_127,140|병행수입 박스_121,790|벌크 + 쿨러_106,090|_벌크_99,950|해외구매_119,190|중고 | _정품_127,140|병행수입 박스_121,790|벌크 + 쿨러_106,100|_벌크_100,920|해외구매_119,190|중고 | _정품_128,570|병행수입 박스_121,790|벌크 + 쿨러_106,020|_벌크_99,080|해외구매_119,190|중고 | _정품_128,570|병행수입 박스_121,790|벌크 + 쿨러_106,030|_벌크_99,200|해외구매_119,190|중고 | _정품_129,060|병행수입 박스_121,790|벌크 + 쿨러_105,620|_벌크_97,990|해외구매_119,190|중고 | _정품_129,180|병행수입 박스_121,790|_벌크 + 쿨러_105,070|벌크_98,110|해외구매_119,190|중고 | _정품_129,300|병행수입 박스_121,790|벌크 + 쿨러_105,070|_벌크_98,230|해외구매_119,190|중고 | _정품_129,430|병행수입 박스_121,790|벌크 + 쿨러_105,070|_벌크_97,410|해외구매_119,190|중고 | _정품_129,550|병행수입 박스_121,790|_벌크 + 쿨러_105,080|벌크_97,510|해외구매_119,190|중고 | _정품_129,660|병행수입 박스_121,790|_벌크 + 쿨러_106,010|벌크_98,600|해외구매_119,190|중고 | _정품_129,770|병행수입 박스_121,790|_벌크 + 쿨러_106,010|벌크_98,720|해외구매_119,190|중고 | _정품_129,770|병행수입 박스_121,790|_벌크 + 쿨러_106,010|벌크_98,750|해외구매_119,190|중고 | _정품_129,770|병행수입 박스_121,790|벌크 + 쿨러_106,020|_벌크_98,830|해외구매_119,190|중고 | _정품_129,770|병행수입 박스_121,790|벌크 + 쿨러_106,020|_벌크_98,950|해외구매_119,190|중고",100000,100000,100000,100000,100000,100000,100000,100000,100000,100000,100000,100000,100000,107000,107000,107000,100000,102000,102000,102000,100000,100000,100000,100000,0,0,0,0,0,0
11480766,인텔 코어i5-10세대 10500 (코멧레이크S),인텔 코어i5-10세대 10500,코멧레이크S,"_벌크 + 쿨러_190,610|_벌크_185,320|해외구매_198,480|중고 | _벌크 + 쿨러_190,610|_벌크_185,320|해외구매_198,560|중고 | _벌크 + 쿨러_190,610|_벌크_185,320|해외구매_198,690|중고 | _벌크 + 쿨러_190,610|_벌크_185,320|해외구매_198,810|중고 | _벌크 + 쿨러_190,610|_벌크_185,320|해외구매_198,930|중고 | _벌크 + 쿨러_190,610|_벌크_185,320|해외구매_199,040|중고 | _벌크 + 쿨러_190,610|_벌크_185,320|해외구매_211,670|중고 | _벌크 + 쿨러_190,610|_벌크_185,320|해외구매_211,750|중고 | _벌크 + 쿨러_190,610|_벌크_185,320|해외구매_211,790|중고 | _벌크 + 쿨러_190,620|_벌크_185,330|해외구매_211,790|중고 | _벌크 + 쿨러_195,910|_벌크_187,810|해외구매_209,640|중고 | _벌크 + 쿨러_195,910|_벌크_187,810|해외구매_211,790|중고 | _벌크 + 쿨러_195,910|_벌크_187,810|해외구매_214,030|중고 | _벌크 + 쿨러_195,920|_벌크_187,810|해외구매_214,030|중고 | _벌크 + 쿨러_195,920|_벌크_187,820|해외구매_214,030|중고 | _벌크 + 쿨러_196,100|_벌크_187,820|해외구매_209,640|중고 | _벌크 + 쿨러_208,610|_벌크_187,820|해외구매_188,340|중고 | _벌크 + 쿨러_208,610|_벌크_187,820|해외구매_192,620|중고 | _벌크 + 쿨러_208,610|_벌크_187,820|해외구매_198,040|중고 | _벌크 + 쿨러_208,610|_벌크_187,820|해외구매_206,720|중고",178630,178630,178630,178630,178630,178630,178630,178630,178630,178630,178630,178630,178630,178630,178630,178630,178630,178630,178630,169990,169990,169990,169990,169990,0,0,0,0,0,0
11481858,인텔 코어i5-10세대 10600K (코멧레이크S),인텔 코어i5-10세대 10600K,코멧레이크S,"벌크 + 쿨러_212,000|벌크_306,100|_해외구매_195,320|_중고",200420,200330,200300,200180,200060,199990,199880,199750,199630,199520,199430,199400,199310,204480,204480,204480,204480,204480,204480,204480,204480,204480,204480,204480,0,0,0,0,0,0
12110750,인텔 코어i5-10세대 10600KF (코멧레이크S),인텔 코어i5-10세대 10600KF,코멧레이크S,"_벌크 + 쿨러_162,790|벌크_154,470|_해외구매 | _벌크 + 쿨러_162,880|벌크_154,470|_해외구매 | _벌크 + 쿨러_162,930|벌크_155,360|_해외구매 | _벌크 + 쿨러_163,000|벌크_154,150|_해외구매 | _벌크 + 쿨러_163,030|벌크_154,180|_해외구매 | _벌크 + 쿨러_163,050|벌크_155,470|_해외구매 | _벌크 + 쿨러_163,110|벌크_154,260|_해외구매 | _벌크 + 쿨러_163,170|벌크_155,590|_해외구매 | _벌크 + 쿨러_163,230|벌크_154,380|_해외구매 | _벌크 + 쿨러_163,300|벌크_155,720|_해외구매 | _벌크 + 쿨러_163,420|벌크_155,840|_해외구매 | _벌크 + 쿨러_163,450|벌크_155,870|_해외구매 | _벌크 + 쿨러_163,540|벌크_155,960|_해외구매 | _벌크 + 쿨러_164,080|벌크_154,500|_해외구매 | _벌크 + 쿨러_164,210|벌크_154,630|_해외구매 | _벌크 + 쿨러_164,320|벌크_154,740|_해외구매 | _벌크 + 쿨러_164,390|벌크_154,810|_해외구매 | _벌크 + 쿨러_164,510|벌크_154,930|_해외구매 | _벌크 + 쿨러_164,630|벌크_155,050|_해외구매 | _벌크 + 쿨러_164,660|벌크_155,080|_해외구매 | _벌크 + 쿨러_164,750|벌크_155,170|_해외구매",139590,139590,139590,139590,139590,139590,139590,139590,126480,126480,141090,141090,141090,141090,141090,139590,141090,141090,141090,141090,141090,141090,141090,139590,0,0,0,0,0,0
13619846,인텔 코어i5-11세대 11400 (로켓레이크S),인텔 코어i5-11세대 11400,로켓레이크S,"_정품_196,490|_벌크 + 쿨러_150,890|벌크_145,690|해외구매_156,090|중고 | _정품_196,490|_벌크 + 쿨러_151,000|벌크_145,690|해외구매_156,090|중고 | _정품_196,490|_벌크 + 쿨러_151,000|벌크_145,700|해외구매_128,690|중고 | _정품_196,490|_벌크 + 쿨러_151,000|벌크_145,700|해외구매_148,030|중고 | _정품_196,490|_벌크 + 쿨러_151,000|벌크_145,710|해외구매_128,690|중고 | _정품_196,490|벌크 + 쿨러_151,000|_벌크_145,710|해외구매_141,510|중고 | _정품_198,660|_벌크 + 쿨러_150,820|벌크_145,680|해외구매_156,090|중고 | _정품_213,900|_벌크 + 쿨러_149,000|벌크_143,620|해외구매_156,090|중고 | _정품_213,900|_벌크 + 쿨러_149,010|벌크_143,630|해외구매_156,090|중고 | _정품_213,900|_벌크 + 쿨러_149,060|벌크_143,600|해외구매_156,090|중고 | _정품_213,900|_벌크 + 쿨러_149,060|벌크_143,610|해외구매_156,090|중고 | _정품_213,900|_벌크 + 쿨러_149,240|벌크_143,590|해외구매_156,090|중고 | _정품_213,900|_벌크 + 쿨러_149,250|벌크_143,980|해외구매_156,090|중고 | _정품_213,900|벌크 + 쿨러_149,240|_벌크_143,590|해외구매_156,090|중고",157310,157220,157190,157070,156930,142990,142990,142990,142990,142990,142990,142990,142990,142990,142990,142990,142990,142990,142990,142990,142990,142990,142990,142990,0,0,0,0,0,0
13753394,인텔 코어i5-11세대 11400F (로켓레이크S),인텔 코어i5-11세대 11400F,로켓레이크S,"_정품_139,530|벌크 + 쿨러_97,920|_벌크_92,710|중고_135,000|해외구매 | _정품_139,940|벌크 + 쿨러_99,150|_벌크_93,990|중고_135,000|해외구매 | _정품_139,950|벌크 + 쿨러_99,160|_벌크_94,000|중고_135,000|해외구매 | _정품_139,960|벌크 + 쿨러_99,170|_벌크_94,010|중고_135,000|해외구매 | _정품_140,050|벌크 + 쿨러_99,150|_벌크_93,990|중고_135,000|해외구매 | 정품_139,510|_벌크 + 쿨러_105,290|_벌크_98,030|중고_135,000|해외구매 | 정품_139,510|_벌크 + 쿨러_105,310|_벌크_98,030|중고_135,000|해외구매 | 정품_139,510|_벌크 + 쿨러_105,330|_벌크_98,030|중고_135,000|해외구매 | 정품_139,520|_벌크 + 쿨러_161,380|_벌크_99,460|중고_135,000|해외구매 | 정품_139,520|_벌크 + 쿨러_97,610|_벌크_92,690|중고_135,000|해외구매 | 정품_139,520|_벌크 + 쿨러_97,610|_벌크_92,700|중고_135,000|해외구매 | 정품_139,530|_벌크 + 쿨러_97,620|_벌크_92,710|중고_135,000|해외구매 | 정품_139,530|_벌크 + 쿨러_97,920|_벌크_92,710|중고_135,000|해외구매 | 정품_139,540|_벌크 + 쿨러_97,930|_벌크_92,720|중고_135,000|해외구매 | 정품_139,550|_벌크 + 쿨러_97,940|_벌크_92,740|중고_135,000|해외구매 | 정품_139,580|_벌크 + 쿨러_98,060|_벌크_92,850|중고_135,000|해외구매 | 정품_139,950|_벌크 + 쿨러_99,160|_벌크_94,010|중고_135,000|해외구매 | 정품_140,040|_벌크 + 쿨러_99,140|_벌크_93,980|중고_135,000|해외구매",135390,135390,135390,135390,135390,135390,135390,135390,124380,124380,135390,135390,135390,135390,135390,135390,135390,135390,135390,135390,135390,135390,135390,135390,0,0,0,0,0,0
13619897,인텔 코어i5-11세대 11500 (로켓레이크S),인텔 코어i5-11세대 11500,로켓레이크S,"_정품_346,100|_벌크 + 쿨러_189,560|벌크_182,640|해외구매 | _정품_346,100|벌크 + 쿨러_189,560|_벌크_180,160|해외구매 | _정품_346,100|벌크 + 쿨러_189,560|_벌크_180,240|해외구매 | _정품_346,100|벌크 + 쿨러_189,560|_벌크_180,360|해외구매 | _정품_346,100|벌크 + 쿨러_189,560|_벌크_180,410|해외구매 | _정품_346,100|벌크 + 쿨러_189,560|_벌크_180,430|해외구매 | _정품_346,100|벌크 + 쿨러_189,560|_벌크_180,490|해외구매 | _정품_346,100|벌크 + 쿨러_189,560|_벌크_180,510|해외구매 | _정품_346,100|벌크 + 쿨러_189,560|_벌크_180,590|해외구매 | _정품_346,100|벌크 + 쿨러_189,560|_벌크_180,630|해외구매 | _정품_346,100|벌크 + 쿨러_189,560|_벌크_180,660|해외구매 | _정품_346,100|벌크 + 쿨러_189,560|_벌크_180,710|해외구매 | _정품_346,100|벌크 + 쿨러_189,560|_벌크_180,840|해외구매 | _정품_346,100|벌크 + 쿨러_189,560|_벌크_180,870|해외구매 | _정품_346,100|벌크 + 쿨러_189,560|_벌크_180,900|해외구매 | _정품_346,100|벌크 + 쿨러_189,560|_벌크_181,010|해외구매 | _정품_346,100|벌크 + 쿨러_189,560|_벌크_181,130|해외구매 | _정품_346,100|벌크 + 쿨러_189,560|_벌크_182,640|해외구매",203930,203930,203930,199850,203930,203930,203930,203930,203930,203930,203930,203930,203930,203930,203930,203930,203930,203930,203930,203930,203930,203930,203930,203930,0,0,0,0,0,0
13619939,인텔 코어i5-11세대 11600K (로켓레이크S),인텔 코어i5-11세대 11600K,로켓레이크S,"_정품_217,550|병행수입 박스_226,800|_벌크 + 쿨러_222,600|벌크_219,970|해외구매 | _정품_217,670|병행수입 박스_226,800|_벌크 + 쿨러_222,600|벌크_219,970|해외구매 | _정품_217,790|병행수입 박스_226,800|_벌크 + 쿨러_222,600|벌크_219,970|해외구매 | _정품_217,920|병행수입 박스_226,800|_벌크 + 쿨러_222,600|벌크_219,970|해외구매 | _정품_218,040|병행수입 박스_226,800|_벌크 + 쿨러_222,600|벌크_219,970|해외구매 | _정품_220,120|병행수입 박스_226,800|_벌크 + 쿨러_222,600|벌크_219,970|해외구매 | _정품_220,130|병행수입 박스_226,800|_벌크 + 쿨러_222,600|벌크_219,970|해외구매 | _정품_220,140|병행수입 박스_226,800|_벌크 + 쿨러_222,600|벌크_219,970|해외구매 | _정품_220,150|병행수입 박스_226,800|_벌크 + 쿨러_222,600|벌크_219,970|해외구매 | _정품_220,160|병행수입 박스_226,800|_벌크 + 쿨러_222,600|벌크_219,970|해외구매 | _정품_220,170|병행수입 박스_226,800|_벌크 + 쿨러_222,600|벌크_219,970|해외구매 | _정품_220,180|병행수입 박스_226,800|_벌크 + 쿨러_222,600|벌크_219,970|해외구매 | _정품_220,190|병행수입 박스_226,800|_벌크 + 쿨러_222,600|벌크_219,970|해외구매 | _정품_220,200|병행수입 박스_226,800|_벌크 + 쿨러_222,600|벌크_219,970|해외구매 | _정품_220,210|병행수입 박스_226,800|_벌크 + 쿨러_222,600|벌크_219,970|해외구매 | _정품_220,220|병행수입 박스_226,800|_벌크 + 쿨러_222,600|벌크_219,970|해외구매 | _정품_220,230|병행수입 박스_226,800|_벌크 + 쿨러_222,600|벌크_219,970|해외구매 | _정품_220,240|병행수입 박스_226,800|_벌크 + 쿨러_222,600|벌크_219,970|해외구매 | _정품_220,250|병행수입 박스_226,800|_벌크 + 쿨러_222,600|벌크_219,970|해외구매 | _정품_220,260|병행수입 박스_226,800|_벌크 + 쿨러_222,600|벌크_219,970|해외구매 | _정품_220,270|병행수입 박스_226,800|_벌크 + 쿨러_222,600|벌크_219,970|해외구매 | _정품_220,280|병행수입 박스_226,800|벌크 + 쿨러_222,600|_벌크_219,970|해외구매 | _정품_220,290|병행수입 박스_226,800|벌크 + 쿨러_222,600|_벌크_219,970|해외구매 | _정품_220,300|병행수입 박스_226,800|벌크 + 쿨러_222,600|_벌크_219,970|해외구매",165670,165670,165670,165670,165670,165670,165670,165670,165670,165670,165670,165670,165670,165670,165670,165670,165670,165670,165670,165670,165670,165670,165670,165670,0,0,0,0,0,0
14096219,인텔 코어i5-11세대 11600KF (로켓레이크S),인텔 코어i5-11세대 11600KF,로켓레이크S,해외구매,159990,159990,159990,159990,159990,159990,159990,159990,159990,159990,159990,0,159990,159990,159990,159990,159990,159990,159990,159990,159990,159990,159990,159990,0,0,0,0,0,0
16101326,인텔 코어i5-12세대 12400 (엘더레이크),인텔 코어i5-12세대 12400,엘더레이크,"_정품_174,670|벌크 + 쿨러_177,780|_벌크_162,710|해외구매 | _정품_197,860|벌크 + 쿨러_176,850|_벌크_164,840|해외구매 | _정품_197,990|벌크 + 쿨러_175,900|_벌크_164,860|해외구매 | _정품_198,000|_벌크 + 쿨러_176,900|벌크_164,880|해외구매 | _정품_198,000|벌크 + 쿨러_176,000|_벌크_164,860|해외구매 | _정품_198,000|벌크 + 쿨러_176,040|_벌크_164,860|해외구매 | _정품_198,000|벌크 + 쿨러_176,130|_벌크_164,870|해외구매 | _정품_198,990|_벌크 + 쿨러_176,210|벌크_164,880|해외구매 | _정품_198,990|벌크 + 쿨러_174,920|_벌크_160,620|해외구매 | _정품_200,690|벌크 + 쿨러_177,750|_벌크_162,710|해외구매 | _정품_201,900|벌크 + 쿨러_173,150|_벌크_160,620|해외구매 | _정품_201,930|벌크 + 쿨러_171,850|_벌크_160,620|해외구매 | _정품_201,990|벌크 + 쿨러_171,880|_벌크_160,630|해외구매 | _정품_203,130|벌크 + 쿨러_173,170|_벌크_160,650|해외구매 | _정품_203,540|벌크 + 쿨러_177,620|_벌크_162,710|해외구매 | _정품_203,570|벌크 + 쿨러_174,020|_벌크_161,890|해외구매 | _정품_203,650|벌크 + 쿨러_174,080|_벌크_162,700|해외구매 | _정품_203,680|벌크 + 쿨러_177,800|_벌크_162,720|해외구매 | _정품_203,980|벌크 + 쿨러_178,230|_벌크_163,970|해외구매 | _정품_204,000|벌크 + 쿨러_177,430|_벌크_163,970|해외구매 | _정품_204,000|벌크 + 쿨러_178,350|_벌크_163,970|해외구매 | _정품_204,250|벌크 + 쿨러_178,470|_벌크_165,000|해외구매",221140,221140,203670,199140,203670,221140,223390,223390,223390,223390,223390,223390,223390,223390,223390,223390,223390,210900,210900,223390,223390,223390,215440,223390,0,0,0,0,0,0
16101353,인텔 코어i5-12세대 12400F (엘더레이크),인텔 코어i5-12세대 12400F,엘더레이크,"_정품_146,460||_벌크_130,790|해외구매 | _정품_147,930||_벌크_128,030|해외구매 | _정품_147,990||_벌크_130,790|해외구매 | _정품_148,080||_벌크_128,010|해외구매 | _정품_148,140||_벌크_128,030|해외구매 | _정품_148,180||_벌크_128,020|해외구매 | _정품_148,400||_벌크_130,790|해외구매 | _정품_148,440||_벌크_128,560|해외구매 | _정품_148,540||_벌크_128,010|해외구매 | _정품_148,960||_벌크_129,070|해외구매 | _정품_148,970||_벌크_129,070|해외구매 | _정품_149,480||_벌크_129,070|해외구매 | _정품_149,790||_벌크_130,790|해외구매 | _정품_151,800||_벌크_130,790|해외구매 | _정품_152,260||_벌크_130,790|해외구매 | _정품_161,650||_벌크_130,790|해외구매",141740,141740,141740,141740,141740,141740,141740,141740,129940,129940,141740,141740,141740,141740,148510,148510,148510,148510,148510,152850,144910,144910,144910,144910,0,0,0,0,0,0
17811980,인텔 코어i5-12세대 12400T (엘더레이크),인텔 코어i5-12세대 12400T,엘더레이크,"_벌크_378,000|_해외구매",0,0,0,0,0,0,0,0,0,0,270000,270000,270000,270000,270000,270000,270000,270000,270000,270000,270000,0,0,0,0,0,0,0,0,0
16232900,인텔 코어i5-12세대 12500 (엘더레이크),인텔 코어i5-12세대 12500,엘더레이크,"_벌크 + 쿨러_245,460|_벌크_229,990|해외구매 | _벌크 + 쿨러_245,840|_벌크_229,990|해외구매 | _벌크 + 쿨러_245,950|_벌크_229,990|해외구매 | _벌크 + 쿨러_246,060|_벌크_229,990|해외구매 | _벌크 + 쿨러_246,810|_벌크_229,990|해외구매 | _벌크 + 쿨러_247,450|_벌크_229,990|해외구매 | _벌크 + 쿨러_248,460|_벌크_229,990|해외구매 | _벌크 + 쿨러_248,510|_벌크_229,990|해외구매 | _벌크 + 쿨러_248,530|_벌크_229,990|해외구매 | _벌크 + 쿨러_248,540|_벌크_229,990|해외구매 | _벌크 + 쿨러_248,550|_벌크_229,990|해외구매 | _벌크 + 쿨러_248,580|_벌크_229,990|해외구매 | _벌크 + 쿨러_248,710|_벌크_229,990|해외구매 | _벌크 + 쿨러_248,820|_벌크_229,990|해외구매 | _벌크 + 쿨러_248,880|_벌크_229,990|해외구매 | _벌크 + 쿨러_248,990|_벌크_229,990|해외구매 | _벌크 + 쿨러_249,110|_벌크_229,990|해외구매 | _벌크 + 쿨러_249,140|_벌크_229,990|해외구매 | _벌크 + 쿨러_249,230|_벌크_229,990|해외구매",254930,254930,231870,227640,231870,254930,254930,254930,254930,254930,254930,254930,254930,254930,254930,254930,254930,254930,254930,254930,254930,254930,254930,254930,0,0,0,0,0,0
16252427,인텔 코어i5-12세대 12600 (엘더레이크),인텔 코어i5-12세대 12600,엘더레이크,해외구매,0,0,0,0,0,0,0,0,0,0,0,418990,418990,418990,0,0,0,0,0,0,0,0,0,0,0,0,0,0,0,0
15594263,인텔 코어i5-12세대 12600K (엘더레이크),인텔 코어i5-12세대 12600K,엘더레이크,"_정품_312,860|_벌크 + 쿨러_269,760|벌크_255,750|해외구매 | _정품_312,860|벌크 + 쿨러_264,360|_벌크_252,390|해외구매 | _정품_312,860|벌크 + 쿨러_266,930|_벌크_252,550|해외구매 | _정품_312,860|벌크 + 쿨러_266,930|_벌크_252,610|해외구매 | _정품_312,860|벌크 + 쿨러_269,140|_벌크_252,330|해외구매 | _정품_312,860|벌크 + 쿨러_269,190|_벌크_252,330|해외구매 | _정품_312,860|벌크 + 쿨러_269,300|_벌크_252,330|해외구매 | _정품_312,860|벌크 + 쿨러_269,350|_벌크_252,340|해외구매 | _정품_312,860|벌크 + 쿨러_269,410|_벌크_252,370|해외구매 | _정품_312,860|벌크 + 쿨러_269,470|_벌크_252,390|해외구매 | _정품_312,860|벌크 + 쿨러_269,500|_벌크_252,390|해외구매 | _정품_312,860|벌크 + 쿨러_269,510|_벌크_252,410|해외구매 | _정품_312,860|벌크 + 쿨러_269,510|_벌크_252,430|해외구매 | _정품_312,860|벌크 + 쿨러_269,510|_벌크_252,450|해외구매 | _정품_312,860|벌크 + 쿨러_269,510|_벌크_252,510|해외구매 | _정품_312,860|벌크 + 쿨러_269,890|_벌크_255,750|해외구매 | _정품_312,860|벌크 + 쿨러_270,010|_벌크_255,750|해외구매 | _정품_312,860|벌크 + 쿨러_270,200|_벌크_255,770|해외구매 | _정품_312,860|벌크 + 쿨러_271,270|_벌크_256,840|해외구매 | _정품_312,860|벌크 + 쿨러_271,400|_벌크_256,850|해외구매 | _정품_312,860|벌크 + 쿨러_271,430|_벌크_256,850|해외구매 | _정품_312,860|벌크 + 쿨러_271,520|_벌크_256,850|해외구매",291200,291070,290960,290850,291270,291160,291040,290910,290850,291290,291290,291290,291290,291290,291290,291290,291290,291290,291290,291290,291290,291290,291290,291290,0,0,0,0,0,0
15594446,인텔 코어i5-12세대 12600KF (엘더레이크),인텔 코어i5-12세대 12600KF,엘더레이크,"_정품_236,280|벌크 + 쿨러_217,200|_벌크_204,030|해외구매 | _정품_236,280|벌크 + 쿨러_217,250|_벌크_204,040|해외구매 | _정품_236,280|벌크 + 쿨러_217,360|_벌크_204,040|해외구매 | _정품_236,280|벌크 + 쿨러_217,410|_벌크_204,040|해외구매 | _정품_236,290|벌크 + 쿨러_217,470|_벌크_204,070|해외구매 | _정품_236,300|벌크 + 쿨러_213,980|_벌크_204,100|해외구매 | _정품_236,300|벌크 + 쿨러_217,520|_벌크_204,090|해외구매 | _정품_236,300|벌크 + 쿨러_217,640|_벌크_204,090|해외구매 | _정품_236,310|벌크 + 쿨러_217,760|_벌크_204,120|해외구매 | _정품_236,310|벌크 + 쿨러_217,880|_벌크_204,130|해외구매 | _정품_236,310|벌크 + 쿨러_218,010|_벌크_204,130|해외구매 | _정품_236,310|벌크 + 쿨러_218,050|_벌크_204,150|해외구매 | _정품_236,320|벌크 + 쿨러_218,060|_벌크_204,190|해외구매 | _정품_236,340|벌크 + 쿨러_218,120|_벌크_204,260|해외구매 | _정품_236,350|벌크 + 쿨러_218,140|_벌크_204,310|해외구매 | _정품_236,360|벌크 + 쿨러_218,680|_벌크_204,390|해외구매 | _정품_236,360|벌크 + 쿨러_218,800|_벌크_204,520|해외구매 | _정품_236,360|벌크 + 쿨러_218,930|_벌크_204,650|해외구매 | _정품_236,360|벌크 + 쿨러_219,050|_벌크_204,770|해외구매 | _정품_236,370|벌크 + 쿨러_219,260|_벌크_204,880|해외구매 | _정품_236,370|벌크 + 쿨러_220,310|_벌크_177,740|해외구매 | _정품_236,380|벌크 + 쿨러_220,440|_벌크_177,740|해외구매 | _정품_236,380|벌크 + 쿨러_220,550|_벌크_206,800|해외구매 | _정품_236,380|벌크 + 쿨러_220,680|_벌크_206,810|해외구매",225510,225520,225490,225190,225190,210220,207230,207250,200920,200920,200920,200920,200920,196400,196400,196400,196400,196400,196400,200120,200120,200120,200090,200120,0,0,0,0,0,0
18703208,인텔 코어i5-13세대 13400 (랩터레이크),인텔 코어i5-13세대 13400,랩터레이크,"_정품_229,970|_벌크 + 쿨러_186,670|벌크_176,170|해외구매 | _정품_229,990|_벌크 + 쿨러_186,550|벌크_176,190|해외구매 | _정품_229,990|벌크 + 쿨러_186,650|_벌크_176,190|해외구매 | _정품_229,990|벌크 + 쿨러_186,780|_벌크_176,190|해외구매 | _정품_230,000|벌크 + 쿨러_186,900|_벌크_176,200|해외구매 | _정품_230,020|벌크 + 쿨러_186,870|_벌크_176,210|해외구매 | _정품_230,030|벌크 + 쿨러_186,290|_벌크_176,210|해외구매 | _정품_230,070|벌크 + 쿨러_183,340|_벌크_173,370|해외구매 | _정품_230,770|벌크 + 쿨러_183,340|_벌크_173,360|해외구매 | _정품_230,780|벌크 + 쿨러_183,330|_벌크_173,370|해외구매 | _정품_230,800|벌크 + 쿨러_183,340|_벌크_173,370|해외구매 | _정품_230,820|벌크 + 쿨러_183,340|_벌크_173,380|해외구매 | _정품_231,590|벌크 + 쿨러_183,340|_벌크_173,400|해외구매 | _정품_231,640|벌크 + 쿨러_183,340|_벌크_173,410|해외구매 | _정품_231,690|벌크 + 쿨러_183,340|_벌크_173,430|해외구매 | _정품_231,760|벌크 + 쿨러_184,170|_벌크_174,260|해외구매 | _정품_231,770|벌크 + 쿨러_185,930|_벌크_176,000|해외구매 | _정품_231,810|벌크 + 쿨러_185,940|_벌크_176,010|해외구매 | _정품_236,230|벌크 + 쿨러_186,770|_벌크_176,870|해외구매 | _정품_236,230|벌크 + 쿨러_187,280|_벌크_177,370|해외구매 | _정품_236,240|벌크 + 쿨러_187,290|_벌크_177,390|해외구매 | _정품_236,240|벌크 + 쿨러_188,000|_벌크_178,080|해외구매",224300,259800,259800,241010,241010,241010,241010,237610,237610,237610,237610,238680,241280,243910,221130,221100,221130,237580,236250,242110,216870,242110,230970,217820,0,0,0,0,0,0
18640286,인텔 코어i5-13세대 13400 (랩터레이크),인텔 코어i5-13세대 13400,랩터레이크,"_정품_229,970|_벌크 + 쿨러_186,670|벌크_176,170|해외구매 | _정품_229,990|_벌크 + 쿨러_186,550|벌크_176,190|해외구매 | _정품_229,990|벌크 + 쿨러_186,650|_벌크_176,190|해외구매 | _정품_229,990|벌크 + 쿨러_186,780|_벌크_176,190|해외구매 | _정품_230,000|벌크 + 쿨러_186,900|_벌크_176,200|해외구매 | _정품_230,020|벌크 + 쿨러_186,870|_벌크_176,210|해외구매 | _정품_230,030|벌크 + 쿨러_186,290|_벌크_176,210|해외구매 | _정품_230,070|벌크 + 쿨러_183,340|_벌크_173,370|해외구매 | _정품_230,770|벌크 + 쿨러_183,340|_벌크_173,360|해외구매 | _정품_230,780|벌크 + 쿨러_183,330|_벌크_173,370|해외구매 | _정품_230,800|벌크 + 쿨러_183,340|_벌크_173,370|해외구매 | _정품_230,820|벌크 + 쿨러_183,340|_벌크_173,380|해외구매 | _정품_231,590|벌크 + 쿨러_183,340|_벌크_173,400|해외구매 | _정품_231,640|벌크 + 쿨러_183,340|_벌크_173,410|해외구매 | _정품_231,690|벌크 + 쿨러_183,340|_벌크_173,430|해외구매 | _정품_231,760|벌크 + 쿨러_184,170|_벌크_174,260|해외구매 | _정품_231,770|벌크 + 쿨러_185,930|_벌크_176,000|해외구매 | _정품_231,810|벌크 + 쿨러_185,940|_벌크_176,010|해외구매 | _정품_236,230|벌크 + 쿨러_186,770|_벌크_176,870|해외구매 | _정품_236,230|벌크 + 쿨러_187,280|_벌크_177,370|해외구매 | _정품_236,240|벌크 + 쿨러_187,290|_벌크_177,390|해외구매 | _정품_236,240|벌크 + 쿨러_188,000|_벌크_178,080|해외구매",224300,259800,259800,241010,241010,241010,241010,237610,237610,237610,237610,238680,241280,243910,221130,221100,221130,237580,236250,242110,216870,242110,230970,217820,0,0,0,0,0,0
18702812,인텔 코어i5-13세대 13400F (랩터레이크),인텔 코어i5-13세대 13400F,랩터레이크,"_정품_183,360|벌크 + 쿨러_152,500|_벌크_137,670|해외구매 | _정품_183,370|벌크 + 쿨러_152,500|_벌크_137,670|해외구매 | _정품_183,380|벌크 + 쿨러_147,850|_벌크_137,170|해외구매 | _정품_183,380|벌크 + 쿨러_147,860|_벌크_137,180|해외구매 | _정품_183,380|벌크 + 쿨러_149,350|_벌크_137,670|해외구매 | _정품_183,380|벌크 + 쿨러_151,570|_벌크_137,670|해외구매 | _정품_183,380|벌크 + 쿨러_152,230|_벌크_137,670|해외구매 | _정품_183,380|벌크 + 쿨러_152,360|_벌크_137,670|해외구매 | _정품_190,410|벌크 + 쿨러_144,780|_벌크_134,890|해외구매 | _정품_190,410|벌크 + 쿨러_144,780|_벌크_134,900|해외구매 | _정품_190,440|벌크 + 쿨러_145,820|_벌크_135,820|해외구매 | _정품_190,520|벌크 + 쿨러_145,820|_벌크_135,820|해외구매 | _정품_190,560|벌크 + 쿨러_145,720|_벌크_135,830|해외구매 | _정품_190,630|벌크 + 쿨러_145,820|_벌크_135,820|해외구매 | _정품_190,680|벌크 + 쿨러_145,720|_벌크_135,830|해외구매 | _정품_190,710|벌크 + 쿨러_145,720|_벌크_135,830|해외구매 | _정품_190,800|벌크 + 쿨러_145,720|_벌크_135,830|해외구매 | _정품_192,540|벌크 + 쿨러_147,850|_벌크_137,190|해외구매 | _정품_192,540|벌크 + 쿨러_147,860|_벌크_137,180|해외구매 | _정품_192,540|벌크 + 쿨러_147,860|_벌크_137,190|해외구매 | _정품_192,540|벌크 + 쿨러_147,860|_벌크_137,200|해외구매",169220,169110,168990,168870,168750,168680,168570,168440,168320,168210,168120,0,169010,169010,169010,169010,169010,169010,168920,168890,168770,168640,168520,168410,0,0,0,0,0,0
18640280,인텔 코어i5-13세대 13400F (랩터레이크),인텔 코어i5-13세대 13400F,랩터레이크,"_정품_183,360|벌크 + 쿨러_152,500|_벌크_137,670|해외구매 | _정품_183,370|벌크 + 쿨러_152,500|_벌크_137,670|해외구매 | _정품_183,380|벌크 + 쿨러_147,850|_벌크_137,170|해외구매 | _정품_183,380|벌크 + 쿨러_147,860|_벌크_137,180|해외구매 | _정품_183,380|벌크 + 쿨러_149,350|_벌크_137,670|해외구매 | _정품_183,380|벌크 + 쿨러_151,570|_벌크_137,670|해외구매 | _정품_183,380|벌크 + 쿨러_152,230|_벌크_137,670|해외구매 | _정품_183,380|벌크 + 쿨러_152,360|_벌크_137,670|해외구매 | _정품_190,410|벌크 + 쿨러_144,780|_벌크_134,800|해외구매 | _정품_190,410|벌크 + 쿨러_144,780|_벌크_134,890|해외구매 | _정품_190,410|벌크 + 쿨러_144,780|_벌크_134,900|해외구매 | _정품_190,440|벌크 + 쿨러_145,820|_벌크_135,820|해외구매 | _정품_190,520|벌크 + 쿨러_145,820|_벌크_135,820|해외구매 | _정품_190,560|벌크 + 쿨러_145,720|_벌크_135,830|해외구매 | _정품_190,630|벌크 + 쿨러_145,820|_벌크_135,820|해외구매 | _정품_190,680|벌크 + 쿨러_145,720|_벌크_135,830|해외구매 | _정품_190,710|벌크 + 쿨러_145,720|_벌크_135,830|해외구매 | _정품_190,800|벌크 + 쿨러_145,720|_벌크_135,830|해외구매 | _정품_192,540|벌크 + 쿨러_147,850|_벌크_137,190|해외구매 | _정품_192,540|벌크 + 쿨러_147,860|_벌크_137,180|해외구매 | _정품_192,540|벌크 + 쿨러_147,860|_벌크_137,190|해외구매 | _정품_192,540|벌크 + 쿨러_147,860|_벌크_137,200|해외구매",169220,169110,168990,168870,168750,168680,168570,168440,168320,168200,168120,168090,169010,169010,169010,169010,169010,169010,168920,168890,168770,168640,168520,168410,0,0,0,0,0,0
18703382,인텔 코어i5-13세대 13500 (랩터레이크),인텔 코어i5-13세대 13500,랩터레이크,"_정품_343,000|_벌크 + 쿨러_287,910|벌크_278,230|해외구매 | _정품_343,000|_벌크 + 쿨러_287,920|벌크_278,180|해외구매 | _정품_343,000|_벌크 + 쿨러_287,920|벌크_278,270|해외구매 | _정품_343,000|_벌크 + 쿨러_287,930|벌크_278,280|해외구매 | _정품_343,000|_벌크 + 쿨러_287,930|벌크_278,300|해외구매 | _정품_343,000|_벌크 + 쿨러_289,730|벌크_280,180|해외구매 | _정품_343,000|_벌크 + 쿨러_289,740|벌크_280,220|해외구매 | _정품_343,000|_벌크 + 쿨러_290,260|벌크_280,690|해외구매 | _정품_343,000|벌크 + 쿨러_287,940|_벌크_278,320|해외구매 | _정품_343,000|벌크 + 쿨러_287,970|_벌크_278,430|해외구매 | _정품_343,000|벌크 + 쿨러_287,980|_벌크_278,440|해외구매 | _정품_343,000|벌크 + 쿨러_289,730|_벌크_280,170|해외구매 | _정품_343,000|벌크 + 쿨러_289,730|_벌크_280,180|해외구매 | _정품_343,000|벌크 + 쿨러_290,250|_벌크_280,670|해외구매 | _정품_343,000|벌크 + 쿨러_290,260|_벌크_280,700|해외구매",370350,370350,367800,367800,367800,370350,370350,370350,367800,367800,370350,0,370350,370350,370350,370350,370350,370350,370350,0,0,0,0,0,0,0,0,0,0,0
18640319,인텔 코어i5-13세대 13500 (랩터레이크),인텔 코어i5-13세대 13500,랩터레이크,"_정품_343,000|_벌크 + 쿨러_287,910|벌크_278,230|해외구매 | _정품_343,000|_벌크 + 쿨러_287,920|벌크_278,180|해외구매 | _정품_343,000|_벌크 + 쿨러_287,920|벌크_278,270|해외구매 | _정품_343,000|_벌크 + 쿨러_287,930|벌크_278,280|해외구매 | _정품_343,000|_벌크 + 쿨러_287,930|벌크_278,300|해외구매 | _정품_343,000|_벌크 + 쿨러_289,730|벌크_280,180|해외구매 | _정품_343,000|_벌크 + 쿨러_289,740|벌크_280,220|해외구매 | _정품_343,000|_벌크 + 쿨러_290,260|벌크_280,690|해외구매 | _정품_343,000|벌크 + 쿨러_287,880|_벌크_278,200|해외구매 | _정품_343,000|벌크 + 쿨러_287,890|_벌크_278,210|해외구매 | _정품_343,000|벌크 + 쿨러_287,900|_벌크_278,210|해외구매 | _정품_343,000|벌크 + 쿨러_287,900|_벌크_278,220|해외구매 | _정품_343,000|벌크 + 쿨러_287,940|_벌크_278,320|해외구매 | _정품_343,000|벌크 + 쿨러_287,960|_벌크_278,380|해외구매 | _정품_343,000|벌크 + 쿨러_287,970|_벌크_278,430|해외구매 | _정품_343,000|벌크 + 쿨러_287,980|_벌크_278,440|해외구매 | _정품_343,000|벌크 + 쿨러_289,730|_벌크_280,170|해외구매 | _정품_343,000|벌크 + 쿨러_289,730|_벌크_280,180|해외구매 | _정품_343,000|벌크 + 쿨러_290,250|_벌크_280,670|해외구매 | _정품_343,000|벌크 + 쿨러_290,260|_벌크_280,700|해외구매",370350,370350,367800,367800,367800,370350,370350,370350,367800,367800,370350,370350,370350,370350,370350,370350,370350,370350,370350,370350,370350,370350,370350,370350,0,0,0,0,0,0
18169127,인텔 코어i5-13세대 13600K (랩터레이크),인텔 코어i5-13세대 13600K,랩터레이크,"_벌크 + 쿨러_301,380|_벌크_291,280|해외구매 | _벌크 + 쿨러_304,870|_벌크_294,880|해외구매 | _벌크 + 쿨러_305,080|_벌크_293,440|해외구매 | _벌크 + 쿨러_305,090|_벌크_284,860|해외구매 | _벌크 + 쿨러_305,130|_벌크_284,860|해외구매 | _벌크 + 쿨러_305,180|_벌크_284,860|해외구매 | _벌크 + 쿨러_305,200|_벌크_294,870|해외구매 | _벌크 + 쿨러_305,240|_벌크_294,880|해외구매 | _벌크 + 쿨러_305,260|_벌크_294,890|해외구매 | _벌크 + 쿨러_305,280|_벌크_294,890|해외구매 | _벌크 + 쿨러_305,300|_벌크_294,900|해외구매 | _벌크 + 쿨러_305,350|_벌크_294,910|해외구매 | _벌크 + 쿨러_305,410|_벌크_294,970|해외구매 | _벌크 + 쿨러_305,460|_벌크_295,020|해외구매 | _벌크 + 쿨러_305,530|_벌크_295,090|해외구매 | _벌크 + 쿨러_305,540|_벌크_295,100|해외구매 | _벌크 + 쿨러_305,580|_벌크_295,140|해외구매 | _벌크 + 쿨러_305,640|_벌크_295,200|해외구매 | _벌크 + 쿨러_305,660|_벌크_295,220|해외구매 | _벌크 + 쿨러_305,670|_벌크_295,220|해외구매",311610,311390,311400,310550,310550,310620,311680,307350,307350,307290,307290,307310,307470,307260,306980,306690,307100,306730,312420,312360,312360,312360,312060,353300,0,0,0,0,0,0
18038831,인텔 코어i5-13세대 13600KF (랩터레이크),인텔 코어i5-13세대 13600KF,랩터레이크,"_정품_355,620||_벌크_260,060|해외구매 | _정품_355,630||_벌크_260,070|해외구매 | _정품_376,210||_벌크_260,070|해외구매 | _정품_376,210||_벌크_260,080|해외구매 | _정품_658,000||_벌크_260,090|해외구매 | _정품_658,000||_벌크_260,100|해외구매 | _정품_658,000||_벌크_260,110|해외구매 | _정품_658,000||_벌크_260,120|해외구매 | _정품_658,000||_벌크_263,240|해외구매 | _정품_658,000||_벌크_263,280|해외구매 | _정품_658,000||_벌크_264,810|해외구매 | _정품_658,000||_벌크_264,820|해외구매 | _정품_658,000||_벌크_264,830|해외구매 | _정품_658,000||_벌크_264,840|해외구매 | _정품_658,000||_벌크_264,850|해외구매 | _정품_658,000||_벌크_265,830|해외구매",327290,257730,257730,257730,257730,257730,254090,254090,254090,254090,254090,254090,254090,254090,279500,254090,307610,330690,321290,321390,321390,258900,327110,327110,0,0,0,0,0,0
32102876,인텔 코어i5-14세대 14400 (랩터레이크 리프레시),인텔 코어i5-14세대 14400,랩터레이크 리프레시,"_정품_229,560|벌크 + 쿨러_186,860|_벌크_176,890|해외구매 | _정품_232,220|벌크 + 쿨러_187,860|_벌크_177,360|해외구매 | _정품_233,770|벌크 + 쿨러_188,580|_벌크_178,030|해외구매 | _정품_233,960|벌크 + 쿨러_187,880|_벌크_177,370|해외구매 | _정품_234,700|벌크 + 쿨러_188,950|_벌크_178,020|해외구매 | _정품_234,710|벌크 + 쿨러_187,960|_벌크_177,400|해외구매 | _정품_234,850|벌크 + 쿨러_189,670|_벌크_178,090|해외구매 | _정품_234,870|벌크 + 쿨러_189,690|_벌크_174,670|해외구매 | _정품_234,870|벌크 + 쿨러_189,690|_벌크_178,210|해외구매 | _정품_234,870|벌크 + 쿨러_189,690|_벌크_178,330|해외구매 | _정품_234,890|벌크 + 쿨러_189,690|_벌크_180,320|해외구매 | _정품_235,010|벌크 + 쿨러_189,690|_벌크_180,620|해외구매 | _정품_235,020|벌크 + 쿨러_189,690|_벌크_180,620|해외구매 | _정품_236,060|벌크 + 쿨러_190,600|_벌크_180,630|해외구매 | _정품_236,060|벌크 + 쿨러_191,030|_벌크_181,660|해외구매 | _정품_238,980|벌크 + 쿨러_186,830|_벌크_176,880|해외구매 | _정품_244,740|벌크 + 쿨러_187,830|_벌크_176,870|해외구매 | _정품_244,950|벌크 + 쿨러_187,850|_벌크_176,870|해외구매 | _정품_245,000|벌크 + 쿨러_187,850|_벌크_177,890|해외구매 | _정품_245,000|벌크 + 쿨러_188,020|_벌크_177,410|해외구매 | _정품_245,000|벌크 + 쿨러_188,250|_벌크_177,890|해외구매 | 정품_233,970|_벌크 + 쿨러_187,900|_벌크_177,380|해외구매 | 정품_234,710|_벌크 + 쿨러_187,930|_벌크_177,390|해외구매",246590,246590,246590,246590,246590,246590,236000,243080,243100,243080,243100,243100,243100,243100,243100,232670,232670,243080,243100,247680,247700,247700,247700,247700,0,0,0,0,0,0
32038580,인텔 코어i5-14세대 14400 (랩터레이크 리프레시),인텔 코어i5-14세대 14400,랩터레이크 리프레시,"_정품_229,560|벌크 + 쿨러_186,860|_벌크_176,890|해외구매 | _정품_232,220|벌크 + 쿨러_187,860|_벌크_177,360|해외구매 | _정품_233,770|벌크 + 쿨러_188,580|_벌크_178,030|해외구매 | _정품_233,960|벌크 + 쿨러_187,880|_벌크_177,370|해외구매 | _정품_234,700|벌크 + 쿨러_188,950|_벌크_178,020|해외구매 | _정품_234,710|벌크 + 쿨러_187,960|_벌크_177,400|해외구매 | _정품_234,850|벌크 + 쿨러_189,670|_벌크_178,090|해외구매 | _정품_234,870|벌크 + 쿨러_189,690|_벌크_174,670|해외구매 | _정품_234,870|벌크 + 쿨러_189,690|_벌크_178,210|해외구매 | _정품_234,870|벌크 + 쿨러_189,690|_벌크_178,330|해외구매 | _정품_234,890|벌크 + 쿨러_189,690|_벌크_180,320|해외구매 | _정품_235,010|벌크 + 쿨러_189,690|_벌크_180,620|해외구매 | _정품_235,020|벌크 + 쿨러_189,690|_벌크_180,620|해외구매 | _정품_236,060|벌크 + 쿨러_190,600|_벌크_180,630|해외구매 | _정품_236,060|벌크 + 쿨러_191,030|_벌크_181,660|해외구매 | _정품_238,980|벌크 + 쿨러_186,830|_벌크_176,880|해외구매 | _정품_244,740|벌크 + 쿨러_187,830|_벌크_176,870|해외구매 | _정품_244,950|벌크 + 쿨러_187,850|_벌크_176,870|해외구매 | _정품_245,000|벌크 + 쿨러_187,850|_벌크_177,890|해외구매 | _정품_245,000|벌크 + 쿨러_188,020|_벌크_177,410|해외구매 | _정품_245,000|벌크 + 쿨러_188,250|_벌크_177,890|해외구매 | 정품_233,970|_벌크 + 쿨러_187,900|_벌크_177,380|해외구매 | 정품_234,990|_벌크 + 쿨러_187,930|_벌크_177,390|해외구매",246590,246590,246590,246590,246590,246590,236000,243080,243100,243080,243100,243100,243100,243100,243100,232670,232670,243080,243100,247680,247700,247700,247700,247700,0,0,0,0,0,0
32102786,인텔 코어i5-14세대 14400F (랩터레이크 리프레시),인텔 코어i5-14세대 14400F,랩터레이크 리프레시,"_밸류팩 정품_165,300|_정품_178,340||벌크_150,050|해외구매 | _밸류팩 정품_168,600|정품_178,320||_벌크_148,510|해외구매 | _밸류팩 정품_168,670|정품_179,590||_벌크_148,070|해외구매 | _밸류팩 정품_168,770|정품_179,180||_벌크_148,270|해외구매 | _밸류팩 정품_168,830|정품_188,000||_벌크_151,440|해외구매 | _밸류팩 정품_168,950|정품_179,800||_벌크_151,440|해외구매 | _밸류팩 정품_169,080|정품_179,800||_벌크_151,440|해외구매 | _밸류팩 정품_169,200|정품_223,150||_벌크_151,440|해외구매 | _밸류팩 정품_169,310|정품_193,620||_벌크_151,440|해외구매 | _밸류팩 정품_169,490|정품_177,110||_벌크_152,490|해외구매 | _밸류팩 정품_169,560|정품_179,700||_벌크_151,100|해외구매 | _밸류팩 정품_169,560|정품_180,160||_벌크_151,100|해외구매 | _밸류팩 정품_169,700|정품_180,150||_벌크_149,890|해외구매 | _밸류팩 정품_169,700|정품_180,160||_벌크_150,240|해외구매 | _밸류팩 정품_169,710|정품_186,990||_벌크_151,430|해외구매 | _밸류팩 정품_169,740|_정품_178,350||벌크_151,110|해외구매 | _밸류팩 정품_169,870|_정품_178,350||벌크_151,110|해외구매 | _밸류팩 정품_169,980|_정품_178,350||벌크_151,110|해외구매 | _밸류팩 정품_171,310|정품_178,360||_벌크_151,090|해외구매 | _밸류팩 정품_171,430|정품_178,380||_벌크_151,620|해외구매 | _밸류팩 정품_171,550|_정품_178,380||벌크_152,160|해외구매 | _밸류팩 정품_171,660|정품_178,390||_벌크_152,180|해외구매 | _밸류팩 정품_171,780|정품_178,380||_벌크_152,640|해외구매 | _밸류팩 정품_172,910|정품_230,380||_벌크_151,440|해외구매",181120,181120,181120,181090,181090,181060,181060,178530,178530,178510,178530,178530,178530,182670,178530,178530,178530,178530,181880,181910,181910,181910,182190,182070,0,0,0,0,0,0
76555634,인텔 코어i5-14세대 14400F (랩터레이크 리프레시),인텔 코어i5-14세대 14400F,랩터레이크 리프레시,"_밸류팩 정품_165,300|_정품_178,340||벌크_150,050|해외구매 | _밸류팩 정품_168,600|정품_178,320||_벌크_148,510|해외구매 | _밸류팩 정품_168,670|정품_179,590||_벌크_148,070|해외구매 | _밸류팩 정품_168,770|정품_179,180||_벌크_148,270|해외구매 | _밸류팩 정품_168,830|정품_188,000||_벌크_151,440|해외구매 | _밸류팩 정품_168,950|정품_179,800||_벌크_151,440|해외구매 | _밸류팩 정품_169,080|정품_179,800||_벌크_151,440|해외구매 | _밸류팩 정품_169,200|정품_223,150||_벌크_151,440|해외구매 | _밸류팩 정품_169,310|정품_193,620||_벌크_151,440|해외구매 | _밸류팩 정품_169,490|정품_177,110||_벌크_152,490|해외구매 | _밸류팩 정품_169,560|정품_179,700||_벌크_151,100|해외구매 | _밸류팩 정품_169,560|정품_180,160||_벌크_151,100|해외구매 | _밸류팩 정품_169,700|정품_180,150||_벌크_149,890|해외구매 | _밸류팩 정품_169,700|정품_180,160||_벌크_150,240|해외구매 | _밸류팩 정품_169,710|정품_186,990||_벌크_151,430|해외구매 | _밸류팩 정품_169,740|_정품_178,350||벌크_151,110|해외구매 | _밸류팩 정품_169,870|_정품_178,350||벌크_151,110|해외구매 | _밸류팩 정품_169,980|_정품_178,350||벌크_151,110|해외구매 | _밸류팩 정품_171,310|정품_178,360||_벌크_151,090|해외구매 | _밸류팩 정품_171,430|정품_178,380||_벌크_151,620|해외구매 | _밸류팩 정품_171,550|_정품_178,380||벌크_152,160|해외구매 | _밸류팩 정품_171,660|정품_178,390||_벌크_152,180|해외구매 | _밸류팩 정품_171,780|정품_178,380||_벌크_152,640|해외구매 | _밸류팩 정품_172,910|정품_230,380||_벌크_151,440|해외구매",181120,181120,181120,181090,181090,181060,181060,178530,178530,178510,178530,178530,178530,182670,178530,178530,178530,178530,181880,181910,181910,181910,182190,182070,0,0,0,0,0,0
32102927,인텔 코어i5-14세대 14500 (랩터레이크 리프레시),인텔 코어i5-14세대 14500,랩터레이크 리프레시,"_정품_354,370||_벌크_295,890|해외구매 | _정품_354,390||_벌크_296,010|해외구매 | _정품_354,390||_벌크_296,130|해외구매 | _정품_354,390||_벌크_296,260|해외구매 | _정품_354,400||_벌크_293,790|해외구매 | _정품_354,400||_벌크_296,290|해외구매 | _정품_354,410||_벌크_293,800|해외구매 | _정품_354,420||_벌크_293,810|해외구매 | _정품_354,430||_벌크_293,810|해외구매 | _정품_357,060||_벌크_293,820|해외구매 | _정품_357,120||_벌크_293,840|해외구매 | _정품_357,170||_벌크_293,850|해외구매 | _정품_357,220||_벌크_293,860|해외구매 | _정품_357,290||_벌크_294,660|해외구매 | _정품_357,300||_벌크_294,660|해외구매 | _정품_357,340||_벌크_294,670|해외구매 | _정품_357,390||_벌크_294,680|해외구매 | _정품_357,400||_벌크_294,690|해외구매",415180,407000,407000,333860,333860,333710,407000,407000,407000,407000,407000,343380,343380,407000,407000,407000,407000,407000,406990,406960,406840,406710,406590,406480,0,0,0,0,0,0
32038256,인텔 코어i5-14세대 14500 (랩터레이크 리프레시),인텔 코어i5-14세대 14500,랩터레이크 리프레시,"_정품_354,370||_벌크_295,890|해외구매 | _정품_354,390||_벌크_296,010|해외구매 | _정품_354,390||_벌크_296,130|해외구매 | _정품_354,390||_벌크_296,260|해외구매 | _정품_354,400||_벌크_293,790|해외구매 | _정품_354,400||_벌크_296,290|해외구매 | _정품_354,410||_벌크_293,800|해외구매 | _정품_354,420||_벌크_293,810|해외구매 | _정품_354,430||_벌크_293,810|해외구매 | _정품_357,060||_벌크_293,820|해외구매 | _정품_357,120||_벌크_293,840|해외구매 | _정품_357,170||_벌크_293,850|해외구매 | _정품_357,220||_벌크_293,860|해외구매 | _정품_357,290||_벌크_294,660|해외구매 | _정품_357,300||_벌크_294,660|해외구매 | _정품_357,340||_벌크_294,670|해외구매 | _정품_357,390||_벌크_294,680|해외구매 | _정품_357,400||_벌크_294,690|해외구매",415180,407000,407000,333860,333860,333710,407000,407000,407000,407000,407000,343380,343380,407000,407000,407000,407000,407000,406990,406960,406840,406710,406590,406480,0,0,0,0,0,0
32463899,인텔 코어i5-14세대 14500T (랩터레이크 리프레시),인텔 코어i5-14세대 14500T,랩터레이크 리프레시,벌크,400590,400460,400350,400230,400110,400030,399910,399780,399660,399550,399460,399430,399310,399190,399060,398940,398860,398830,398710,398590,398500,398460,398340,398230,0,0,0,0,0,0
67623665,인텔 코어i5-14세대 14600 (랩터레이크 리프레시),인텔 코어i5-14세대 14600,랩터레이크 리프레시,"_벌크+쿨러_393,620|_벌크 | _벌크+쿨러_393,730|_벌크 | _벌크+쿨러_393,850|_벌크 | _벌크+쿨러_393,980|_벌크 | _벌크+쿨러_394,100|_벌크 | _벌크+쿨러_394,230|_벌크 | _벌크+쿨러_394,340|_벌크 | _벌크+쿨러_394,370|_벌크 | _벌크+쿨러_394,450|_벌크 | _벌크+쿨러_394,570|_벌크 | _벌크+쿨러_394,700|_벌크 | _벌크+쿨러_394,820|_벌크 | _벌크+쿨러_394,950|_벌크 | _벌크+쿨러_394,970|_벌크 | _벌크+쿨러_395,060|_벌크 | _벌크+쿨러_395,170|_벌크 | _벌크+쿨러_395,290|_벌크 | _벌크+쿨러_395,420|_벌크 | _벌크+쿨러_395,540|_벌크 | _벌크+쿨러_395,620|_벌크 | _벌크+쿨러_396,860|_벌크 | _벌크+쿨러_396,980|_벌크 | _벌크+쿨러_397,090|_벌크 | _벌크+쿨러_397,220|_벌크",379800,379800,379800,379800,379800,379800,379800,379800,379800,379800,379800,379800,379800,379800,379800,379800,379800,379800,379800,379800,379800,379800,379800,379800,0,0,0,0,0,0
28884308,인텔 코어i5-14세대 14600K (랩터레이크 리프레시),인텔 코어i5-14세대 14600K,랩터레이크 리프레시,"_정품_309,850|_벌크_282,460|해외구매 | _정품_312,490|_벌크_282,410|해외구매 | _정품_312,500|_벌크_282,420|해외구매 | _정품_312,510|_벌크_282,420|해외구매 | _정품_312,520|_벌크_282,440|해외구매 | _정품_312,540|_벌크_282,450|해외구매 | _정품_312,550|_벌크_282,460|해외구매 | _정품_316,990|_벌크_281,420|해외구매 | _정품_318,580|_벌크_281,470|해외구매 | _정품_319,980|_벌크_281,300|해외구매 | _정품_319,980|_벌크_281,320|해외구매 | _정품_319,980|_벌크_281,370|해외구매 | _정품_319,990|_벌크_281,340|해외구매 | _정품_320,190|_벌크_280,840|해외구매 | _정품_334,000|_벌크_280,880|해외구매 | _정품_334,900|_벌크_285,540|해외구매 | _정품_334,990|_벌크_280,830|해외구매 | _정품_335,000|_벌크_283,390|해외구매",251340,295330,295330,295330,251340,295330,295330,295320,295330,295320,247790,294290,294290,294140,294140,294140,247790,294140,294140,294140,294140,294140,294140,306000,0,0,0,0,0,0
28799654,인텔 코어i5-14세대 14600K (랩터레이크 리프레시),인텔 코어i5-14세대 14600K,랩터레이크 리프레시,"_정품_309,850|_벌크_282,460|해외구매 | _정품_312,490|_벌크_282,410|해외구매 | _정품_312,500|_벌크_282,420|해외구매 | _정품_312,510|_벌크_282,420|해외구매 | _정품_312,520|_벌크_282,440|해외구매 | _정품_312,540|_벌크_282,450|해외구매 | _정품_312,550|_벌크_282,460|해외구매 | _정품_316,990|_벌크_281,420|해외구매 | _정품_318,580|_벌크_281,470|해외구매 | _정품_319,980|_벌크_281,300|해외구매 | _정품_319,980|_벌크_281,320|해외구매 | _정품_319,980|_벌크_281,370|해외구매 | _정품_319,990|_벌크_281,340|해외구매 | _정품_320,190|_벌크_280,840|해외구매 | _정품_334,000|_벌크_280,880|해외구매 | _정품_334,900|_벌크_285,540|해외구매 | _정품_334,990|_벌크_280,830|해외구매 | _정품_335,000|_벌크_283,390|해외구매",251340,295330,295330,295330,251340,295330,295330,295320,295330,295320,247790,294290,294290,294140,294140,294140,247790,294140,294140,294140,294140,294140,294140,306000,0,0,0,0,0,0
28884227,인텔 코어i5-14세대 14600KF (랩터레이크 리프레시),인텔 코어i5-14세대 14600KF,랩터레이크 리프레시,"_밸류팩 정품_221,520|_정품_294,140|벌크_258,320|해외구매 | _밸류팩 정품_255,260|정품_297,650|_벌크_255,950|해외구매 | _밸류팩 정품_257,000|정품_301,500|_벌크_257,250|해외구매 | _밸류팩 정품_257,000|정품_301,530|_벌크_257,270|해외구매 | _밸류팩 정품_262,090|_정품_294,150|벌크_257,840|해외구매 | _밸류팩 정품_262,100|_정품_294,160|벌크_257,850|해외구매 | _밸류팩 정품_262,800|정품_293,960|_벌크_254,200|해외구매 | _밸류팩 정품_263,330|_정품_294,140|벌크_258,320|해외구매 | _밸류팩 정품_263,360|_정품_294,140|벌크_258,320|해외구매 | _밸류팩 정품_263,370|_정품_294,170|벌크_258,340|해외구매 | _밸류팩 정품_263,390|_정품_295,450|벌크_258,350|해외구매 | _밸류팩 정품_263,520|_정품_295,450|벌크_258,570|해외구매 | _밸류팩 정품_263,550|정품_295,460|_벌크_258,600|해외구매 | _밸류팩 정품_263,560|정품_295,490|_벌크_258,610|해외구매 | _밸류팩 정품_263,990|_정품_308,770|벌크_251,910|해외구매 | _밸류팩 정품_263,990|정품_304,190|_벌크_251,340|해외구매 | _밸류팩 정품_264,390|_정품_308,850|벌크_252,320|해외구매 | _밸류팩 정품_264,420|_정품_308,970|벌크_252,360|해외구매 | _밸류팩 정품_264,480|_정품_307,750|벌크_252,430|해외구매 | _밸류팩 정품_264,540|_정품_307,760|벌크_252,430|해외구매 | _밸류팩 정품_264,600|_정품_297,550|벌크_254,150|해외구매 | _밸류팩 정품_266,640|_정품_301,580|벌크_257,330|해외구매 | _밸류팩 정품_266,720|_정품_298,420|벌크_257,820|해외구매 | _밸류팩 정품_268,820|정품_301,460|_벌크_257,230|해외구매",285490,290490,290490,260490,283490,290490,283490,283490,260490,260490,290490,290490,290490,284530,290490,290490,290490,287650,284680,255040,274210,274300,274300,274300,0,0,0,0,0,0
76555685,인텔 코어i5-14세대 14600KF (랩터레이크 리프레시),인텔 코어i5-14세대 14600KF,랩터레이크 리프레시,"_밸류팩 정품_221,520|_정품_294,140|벌크_258,320|해외구매 | _밸류팩 정품_255,260|정품_297,650|_벌크_255,950|해외구매 | _밸류팩 정품_257,000|정품_301,500|_벌크_257,250|해외구매 | _밸류팩 정품_257,000|정품_301,530|_벌크_257,270|해외구매 | _밸류팩 정품_262,090|_정품_294,150|벌크_257,840|해외구매 | _밸류팩 정품_262,100|_정품_294,160|벌크_257,850|해외구매 | _밸류팩 정품_262,800|정품_293,960|_벌크_254,200|해외구매 | _밸류팩 정품_263,330|_정품_294,140|벌크_258,320|해외구매 | _밸류팩 정품_263,360|_정품_294,140|벌크_258,320|해외구매 | _밸류팩 정품_263,370|_정품_294,170|벌크_258,340|해외구매 | _밸류팩 정품_263,390|_정품_295,450|벌크_258,350|해외구매 | _밸류팩 정품_263,520|_정품_295,450|벌크_258,570|해외구매 | _밸류팩 정품_263,550|정품_295,460|_벌크_258,600|해외구매 | _밸류팩 정품_263,560|정품_295,490|_벌크_258,610|해외구매 | _밸류팩 정품_263,990|_정품_308,770|벌크_251,910|해외구매 | _밸류팩 정품_263,990|정품_304,190|_벌크_251,340|해외구매 | _밸류팩 정품_264,390|_정품_308,850|벌크_252,320|해외구매 | _밸류팩 정품_264,420|_정품_308,970|벌크_252,360|해외구매 | _밸류팩 정품_264,480|_정품_307,750|벌크_252,430|해외구매 | _밸류팩 정품_264,540|_정품_307,760|벌크_252,430|해외구매 | _밸류팩 정품_264,600|_정품_297,550|벌크_254,150|해외구매 | _밸류팩 정품_266,640|_정품_301,580|벌크_257,330|해외구매 | _밸류팩 정품_266,720|_정품_298,420|벌크_257,820|해외구매 | _밸류팩 정품_268,820|정품_301,460|_벌크_257,230|해외구매",285490,290490,290490,260490,283490,290490,283490,283490,260490,260490,290490,290490,290490,284530,290490,290490,290490,287650,284680,255040,274210,274300,274300,274300,0,0,0,0,0,0
4147079,인텔 코어i5-1세대 650 (클락데일),인텔 코어i5-1세대 650,클락데일,중고,4390,4390,4390,4390,4390,4390,4390,4390,4390,4390,4390,4390,4390,4390,4390,4390,4390,0,4390,4390,4390,4390,4390,4390,0,0,0,0,0,0
4144546,인텔 코어i5-1세대 750 (린필드),인텔 코어i5-1세대 750,린필드,중고,3090,3090,3090,3090,3090,3090,3090,3090,3090,3090,3090,3090,3090,3090,3090,3090,0,0,0,0,0,0,0,0,0,0,0,0,0,0
1156701,인텔 코어i5-1세대 760 (린필드),인텔 코어i5-1세대 760,린필드,"벌크 + 쿨러_6,850|_벌크_3,100|_중고",3260,3260,3280,3280,3280,3280,3280,3280,3280,3280,3280,3280,3280,3280,3280,3280,3280,3280,3280,3280,3280,3280,3280,3280,0,0,0,0,0,0
17575589,인텔 코어i5-2세대 2300 (샌디브릿지),인텔 코어i5-2세대 2300,샌디브릿지,중고,6950,6950,6950,6950,6950,6950,6950,6950,6950,6950,6950,6950,6950,6950,6950,6950,6950,0,6950,6950,6950,6950,6950,6950,0,0,0,0,0,0
4504388,인텔 코어i5-2세대 2400 (샌디브릿지),인텔 코어i5-2세대 2400,샌디브릿지,중고,9200,9200,9200,9200,9200,9200,9200,9200,9200,9200,9200,9200,9200,9200,9200,9200,9200,9200,9200,9200,9990,9990,9990,9990,0,0,0,0,0,0
1290175,인텔 코어i5-2세대 2500 (샌디브릿지),인텔 코어i5-2세대 2500,샌디브릿지,"_벌크_12,990|_중고",9800,9800,9800,9800,8500,9800,9800,9800,9800,9800,9800,9800,9800,9800,9800,9800,9800,9800,9800,9800,9800,9800,9800,9800,0,0,0,0,0,0
4144246,인텔 코어i5-2세대 2500K (샌디브릿지),인텔 코어i5-2세대 2500K,샌디브릿지,중고,14230,14230,14230,14230,13340,13430,13340,13340,13340,13340,13340,13340,13490,13490,13490,13490,13490,13490,13400,13370,13350,13560,13440,13350,0,0,0,0,0,0
1783749,인텔 코어i5-3세대 3330 (아이비브릿지),인텔 코어i5-3세대 3330,아이비브릿지,중고,8900,8900,8900,8900,8900,8900,8900,8900,8900,8900,8900,11890,11890,11890,11890,11890,11890,11890,11890,11890,11890,11890,11890,11890,0,0,0,0,0,0
13395557,인텔 코어i5-3세대 3450 (아이비브릿지),인텔 코어i5-3세대 3450,아이비브릿지,중고,12280,12280,12280,12280,12280,12280,12280,12280,12280,12280,12280,0,0,0,0,0,0,0,0,0,0,0,0,0,0,0,0,0,0,0
1725177,인텔 코어i5-3세대 3470 (아이비브릿지),인텔 코어i5-3세대 3470,아이비브릿지,중고,11900,11900,11900,11900,11900,11990,11990,11990,11990,11990,11990,11990,11990,11990,11990,11990,11990,11990,11990,11900,11900,11900,11900,11900,0,0,0,0,0,0
4274836,인텔 코어i5-3세대 3550 (아이비브릿지),인텔 코어i5-3세대 3550,아이비브릿지,중고,15000,15000,15000,15000,15000,15000,15000,15000,15000,15000,15000,15000,15000,0,0,15000,15000,15000,15000,15000,15000,15000,15400,15400,0,0,0,0,0,0
1720040,인텔 코어i5-3세대 3570 (아이비브릿지),인텔 코어i5-3세대 3570,아이비브릿지,"_벌크 + 쿨러_19,090|벌크_14,930|_중고 | _벌크 + 쿨러_19,210|벌크_15,050|_중고 | 벌크 + 쿨러_18,590|_벌크_15,420|_중고 | 벌크 + 쿨러_18,620|_벌크_15,540|_중고 | 벌크 + 쿨러_18,630|_벌크_14,630|_중고 | 벌크 + 쿨러_18,680|_벌크_14,680|_중고 | 벌크 + 쿨러_18,700|_벌크_14,680|_중고 | 벌크 + 쿨러_18,710|_벌크_14,660|_중고 | 벌크 + 쿨러_18,710|_벌크_15,660|_중고 | 벌크 + 쿨러_18,710|_벌크_15,690|_중고 | 벌크 + 쿨러_18,710|_벌크_15,770|_중고 | 벌크 + 쿨러_18,780|_벌크_14,680|_중고 | 벌크 + 쿨러_19,330|_벌크_15,170|_중고 | 벌크 + 쿨러_19,400|_벌크_15,270|_중고 | 벌크 + 쿨러_19,450|_벌크_15,300|_중고 | 벌크 + 쿨러_19,520|_벌크_15,390|_중고 | 벌크 + 쿨러_19,550|_벌크_15,500|_중고 | 벌크 + 쿨러_19,640|_벌크_15,630|_중고",12900,12900,12900,12900,12900,13000,13000,13000,13000,13000,13000,13000,13000,13000,13000,13000,13000,13000,12900,12900,12900,12900,12900,12900,0,0,0,0,0,0
1678805,인텔 코어i5-3세대 3570K (아이비브릿지),인텔 코어i5-3세대 3570K,아이비브릿지,중고,18240,18240,18240,18240,17790,17800,17790,17790,17790,17790,17790,17470,17490,17490,17490,17490,17490,17490,17400,17370,17470,17360,17350,17350,0,0,0,0,0,0
6112513,인텔 코어i5-4세대 4430 (하스웰),인텔 코어i5-4세대 4430,하스웰,중고,20000,20000,20000,20000,20000,20000,20000,20000,20000,20000,20000,19970,20000,19970,20000,20000,20000,0,0,0,0,0,0,0,0,0,0,0,0,0
6112514,인텔 코어i5-4세대 4440 (하스웰),인텔 코어i5-4세대 4440,하스웰,중고,18990,18990,18990,18990,18990,18990,18990,18990,18990,18990,18990,18990,18990,18990,18990,18990,18990,18990,18990,18990,18990,18990,18990,18990,0,0,0,0,0,0
2691725,인텔 코어i5-4세대 4460 (하스웰 리프레시),인텔 코어i5-4세대 4460,하스웰 리프레시,"_벌크_23,390|_중고",20610,20480,20370,20250,20130,20050,20020,20020,20020,20020,20020,20020,20240,20240,20240,20240,20240,20240,20150,20120,20000,19940,19930,19940,0,0,0,0,0,0
2081215,인텔 코어i5-4세대 4570 (하스웰),인텔 코어i5-4세대 4570,하스웰,"_벌크 + 쿨러_25,400|_중고 | _벌크 + 쿨러_25,520|_중고 | _벌크 + 쿨러_25,550|_중고 | _벌크 + 쿨러_25,640|_중고 | _벌크 + 쿨러_25,670|_중고 | _벌크 + 쿨러_25,720|_중고 | _벌크 + 쿨러_25,750|_중고 | _벌크 + 쿨러_25,780|_중고 | _벌크 + 쿨러_25,800|_중고 | _벌크 + 쿨러_25,820|_중고 | _벌크 + 쿨러_25,870|_중고 | _벌크 + 쿨러_25,990|_중고 | _벌크 + 쿨러_26,070|_중고 | _벌크 + 쿨러_27,190|_중고 | _벌크 + 쿨러_27,310|_중고 | _벌크 + 쿨러_27,340|_중고 | _벌크 + 쿨러_27,430|_중고",21990,21990,21990,21990,21930,21900,21780,21690,21970,21850,21770,21740,21620,21500,21370,21290,21650,21570,21540,21420,21730,21600,21480,21360,0,0,0,0,0,0
2783216,인텔 코어i5-4세대 4590 (하스웰 리프레시),인텔 코어i5-4세대 4590,하스웰 리프레시,"_벌크 + 쿨러_25,400|벌크_22,480|_중고 | _벌크 + 쿨러_25,520|벌크_22,600|_중고 | _벌크 + 쿨러_25,550|벌크_22,710|_중고 | _벌크 + 쿨러_25,560|벌크_22,110|_중고 | _벌크 + 쿨러_25,640|벌크_22,840|_중고 | _벌크 + 쿨러_25,640|벌크_22,870|_중고 | _벌크 + 쿨러_25,640|벌크_22,950|_중고 | _벌크 + 쿨러_25,640|벌크_23,070|_중고 | _벌크 + 쿨러_25,680|벌크_22,230|_중고 | _벌크 + 쿨러_25,800|벌크_22,350|_중고 | _벌크 + 쿨러_25,820|벌크_23,440|_중고 | _벌크 + 쿨러_26,140|벌크_23,470|_중고 | _벌크 + 쿨러_26,220|벌크_23,550|_중고 | _벌크 + 쿨러_26,340|벌크_23,670|_중고 | _벌크 + 쿨러_26,460|벌크_23,790|_중고 | 벌크 + 쿨러_25,640|_벌크_23,200|_중고 | 벌크 + 쿨러_25,700|_벌크_23,320|_중고 | 벌크 + 쿨러_26,590|_벌크_23,920|_중고 | 벌크 + 쿨러_26,710|_벌크_24,040|_중고 | 벌크 + 쿨러_26,790|_벌크_24,120|_중고 | 벌크 + 쿨러_27,110|_벌크_24,240|_중고 | 벌크 + 쿨러_27,230|_벌크_24,360|_중고 | 벌크 + 쿨러_27,340|_벌크_24,470|_중고 | 벌크 + 쿨러_27,470|_벌크_22,570|_중고",21500,21370,21260,21150,20770,19970,19940,19810,19690,19580,19570,19570,19790,19790,19790,19790,19790,19790,19700,19670,19580,19990,19950,19830,0,0,0,0,0,0
2081212,인텔 코어i5-4세대 4670 (하스웰),인텔 코어i5-4세대 4670,하스웰,"벌크 + 쿨러_25,800|_벌크_22,380|_중고 | 벌크 + 쿨러_25,810|_벌크_22,260|_중고 | 벌크 + 쿨러_25,810|_벌크_22,500|_중고 | 벌크 + 쿨러_25,850|_벌크_22,630|_중고 | 벌크 + 쿨러_25,970|_벌크_22,750|_중고 | 벌크 + 쿨러_26,000|_벌크_22,860|_중고 | 벌크 + 쿨러_26,090|_벌크_22,990|_중고 | 벌크 + 쿨러_26,090|_벌크_23,020|_중고 | 벌크 + 쿨러_26,090|_벌크_23,100|_중고 | 벌크 + 쿨러_26,090|_벌크_23,220|_중고 | 벌크 + 쿨러_26,090|_벌크_23,350|_중고 | 벌크 + 쿨러_26,090|_벌크_23,470|_중고 | 벌크 + 쿨러_26,090|_벌크_23,590|_중고 | 벌크 + 쿨러_26,140|_벌크_23,620|_중고 | 벌크 + 쿨러_26,140|_벌크_24,190|_중고 | 벌크 + 쿨러_26,250|_벌크_23,700|_중고 | 벌크 + 쿨러_26,250|_벌크_23,820|_중고 | 벌크 + 쿨러_26,250|_벌크_23,940|_중고 | 벌크 + 쿨러_26,250|_벌크_24,070|_중고 | 벌크 + 쿨러_26,250|_벌크_24,270|_중고 | 벌크 + 쿨러_28,030|_벌크_24,390|_중고 | 벌크 + 쿨러_28,030|_벌크_24,510|_중고 | 벌크 + 쿨러_28,030|_벌크_24,620|_중고 | 벌크 + 쿨러_28,030|_벌크_24,740|_중고",22990,22990,22990,22990,21690,21630,21860,21740,21860,21740,21680,21610,21490,21370,21240,21660,21570,21540,21410,21840,21730,21600,21480,21360,0,0,0,0,0,0
2691212,인텔 코어i5-4세대 4690 (하스웰 리프레시),인텔 코어i5-4세대 4690,하스웰 리프레시,"_벌크 + 쿨러_28,090|벌크_26,900|_중고 | _벌크 + 쿨러_28,120|벌크_26,900|_중고 | _벌크 + 쿨러_28,200|벌크_26,900|_중고 | _벌크 + 쿨러_28,320|벌크_26,900|_중고 | _벌크 + 쿨러_28,440|벌크_26,900|_중고 | _벌크 + 쿨러_28,570|벌크_26,900|_중고 | _벌크 + 쿨러_28,690|벌크_26,900|_중고 | _벌크 + 쿨러_28,770|벌크_26,900|_중고 | _벌크 + 쿨러_28,890|벌크_26,900|_중고 | _벌크 + 쿨러_29,010|벌크_26,900|_중고 | _벌크 + 쿨러_29,120|벌크_26,900|_중고 | _벌크 + 쿨러_29,250|벌크_26,900|_중고 | 벌크 + 쿨러_27,140|_벌크_26,900|_중고 | 벌크 + 쿨러_27,150|_벌크_26,900|_중고 | 벌크 + 쿨러_27,250|_벌크_26,900|_중고 | 벌크 + 쿨러_27,370|_벌크_26,900|_중고 | 벌크 + 쿨러_27,490|_벌크_26,900|_중고 | 벌크 + 쿨러_27,520|_벌크_26,900|_중고 | 벌크 + 쿨러_27,600|_벌크_26,900|_중고 | 벌크 + 쿨러_27,720|_벌크_26,900|_중고 | 벌크 + 쿨러_27,850|_벌크_26,900|_중고 | 벌크 + 쿨러_27,970|_벌크_26,900|_중고",23030,22940,22910,22790,22370,22260,22140,22010,21890,21770,21690,21660,21540,21420,21410,21410,21410,21410,21320,21290,21190,21190,21180,22390,0,0,0,0,0,0
7914157,인텔 코어i5-4세대 4690 + H81 패키지,인텔 코어i5-4세대 4690 + H81 패키지,0,중고,46500,46500,46500,46500,46500,0,0,0,0,0,0,46500,46500,46500,46500,46500,46500,46500,46500,46500,46500,46500,46500,46500,0,0,0,0,0,0
3441763,인텔 코어i5-6세대 6400 (스카이레이크),인텔 코어i5-6세대 6400,스카이레이크,"벌크 + 쿨러_42,360|_벌크_37,110|_중고 | 벌크 + 쿨러_42,370|_벌크_37,020|_중고 | 벌크 + 쿨러_42,370|_벌크_37,230|_중고 | 벌크 + 쿨러_42,500|_벌크_37,360|_중고 | 벌크 + 쿨러_42,620|_벌크_37,480|_중고 | 벌크 + 쿨러_43,140|_벌크_38,000|_중고 | 벌크 + 쿨러_43,260|_벌크_38,120|_중고 | 벌크 + 쿨러_43,290|_벌크_38,150|_중고 | 벌크 + 쿨러_43,370|_벌크_38,230|_중고 | 벌크 + 쿨러_43,490|_벌크_38,350|_중고 | 벌크 + 쿨러_43,620|_벌크_38,480|_중고 | 벌크 + 쿨러_43,740|_벌크_38,600|_중고 | 벌크 + 쿨러_43,860|_벌크_38,720|_중고 | 벌크 + 쿨러_44,410|_벌크_39,270|_중고 | 벌크 + 쿨러_44,490|_벌크_39,350|_중고 | 벌크 + 쿨러_44,610|_벌크_39,470|_중고 | 벌크 + 쿨러_44,730|_벌크_39,590|_중고 | 벌크 + 쿨러_44,860|_벌크_39,720|_중고 | 벌크 + 쿨러_44,980|_벌크_39,840|_중고 | 벌크 + 쿨러_45,060|_벌크_39,940|_중고 | 벌크 + 쿨러_45,390|_벌크_40,260|_중고 | 벌크 + 쿨러_45,510|_벌크_40,380|_중고 | 벌크 + 쿨러_45,620|_벌크_40,490|_중고 | 벌크 + 쿨러_45,750|_벌크_40,610|_중고",36950,36840,37970,37860,37740,37660,37540,37410,37290,37170,37090,37060,36940,36850,36810,37970,37910,37830,37800,37680,37560,37430,37310,37190,0,0,0,0,0,0
3412420,인텔 코어i5-6세대 6500 (스카이레이크),인텔 코어i5-6세대 6500,스카이레이크,"_벌크 + 쿨러_43,920|_벌크_39,310|해외구매_48,800|중고 | _벌크 + 쿨러_44,090|_벌크_38,940|해외구매_48,800|중고 | _벌크 + 쿨러_44,090|_벌크_39,070|해외구매_48,800|중고 | _벌크 + 쿨러_44,090|_벌크_39,190|해외구매_48,800|중고 | _벌크 + 쿨러_45,490|_벌크_40,880|해외구매_48,800|중고 | _벌크 + 쿨러_45,570|_벌크_40,960|해외구매_48,800|중고 | _벌크 + 쿨러_45,690|벌크_41,080|해외구매_48,800|_중고 | _벌크 + 쿨러_45,810|벌크_41,200|해외구매_48,800|_중고 | _벌크 + 쿨러_45,940|벌크_41,330|해외구매_48,800|_중고 | _벌크 + 쿨러_46,060|벌크_41,450|해외구매_48,800|_중고 | _벌크 + 쿨러_46,170|벌크_41,560|해외구매_48,800|_중고 | 벌크 + 쿨러_43,160|_벌크_37,820|해외구매_48,800|_중고 | 벌크 + 쿨러_43,160|_벌크_37,830|해외구매_48,800|_중고 | 벌크 + 쿨러_43,170|_벌크_37,830|해외구매_48,800|_중고 | 벌크 + 쿨러_43,290|_벌크_37,850|해외구매_48,800|_중고 | 벌크 + 쿨러_43,410|_벌크_37,970|해외구매_48,800|_중고 | 벌크 + 쿨러_44,000|_벌크_38,580|해외구매_48,800|_중고 | 벌크 + 쿨러_44,090|_벌크_38,710|해외구매_48,800|_중고 | 벌크 + 쿨러_44,090|_벌크_38,740|해외구매_48,800|_중고 | 벌크 + 쿨러_44,090|_벌크_38,820|해외구매_48,800|_중고 | 벌크 + 쿨러_46,760|_벌크_42,150|해외구매_48,800|_중고 | 벌크 + 쿨러_46,880|_벌크_42,270|해외구매_48,800|_중고 | 벌크 + 쿨러_46,990|_벌크_42,380|해외구매_48,800|_중고 | 벌크 + 쿨러_47,110|_벌크_42,510|해외구매_48,800|_중고",39210,39080,38970,38850,38730,38650,38530,38400,38280,38160,38080,38050,37930,37810,37790,37790,37790,37790,37700,37670,37560,38370,38250,38130,0,0,0,0,0,0
7914325,인텔 코어i5-6세대 6500 + H110 패키지,인텔 코어i5-6세대 6500 + H110 패키지,0,중고,0,74990,74990,74990,74990,0,0,0,0,0,0,0,0,0,0,0,0,0,0,74990,0,0,0,0,0,0,0,0,0,0
3412423,인텔 코어i5-6세대 6600 (스카이레이크),인텔 코어i5-6세대 6600,스카이레이크,"_벌크 + 쿨러_45,830|벌크_40,490|_중고 | _벌크 + 쿨러_45,840|벌크_40,500|_중고 | _벌크 + 쿨러_48,230|벌크_42,740|_중고 | 벌크 + 쿨러_45,830|_벌크_40,500|_중고 | 벌크 + 쿨러_45,940|_벌크_40,540|_중고 | 벌크 + 쿨러_46,060|_벌크_40,660|_중고 | 벌크 + 쿨러_47,150|_벌크_41,750|_중고 | 벌크 + 쿨러_47,180|_벌크_41,690|_중고 | 벌크 + 쿨러_47,240|_벌크_41,840|_중고 | 벌크 + 쿨러_48,310|_벌크_42,820|_중고 | 벌크 + 쿨러_48,430|_벌크_42,940|_중고 | 벌크 + 쿨러_48,550|_벌크_43,060|_중고 | 벌크 + 쿨러_48,680|_벌크_43,190|_중고 | 벌크 + 쿨러_48,800|_벌크_43,310|_중고 | 벌크 + 쿨러_48,910|_벌크_43,420|_중고 | 벌크 + 쿨러_49,500|_벌크_44,010|_중고 | 벌크 + 쿨러_49,620|_벌크_44,130|_중고 | 벌크 + 쿨러_49,730|_벌크_44,240|_중고 | 벌크 + 쿨러_49,850|_벌크_44,370|_중고",38610,38520,38490,38370,38250,38170,38050,37920,37800,37680,37600,37570,37450,37430,37430,37430,37430,37430,37340,37310,37190,37060,37020,37020,0,0,0,0,0,0
3493041,인텔 코어i5-6세대 6600K (스카이레이크),인텔 코어i5-6세대 6600K,스카이레이크,"벌크 + 쿨러_46,270|_벌크_42,770|중고_44,490|_해외구매 | 벌크 + 쿨러_46,270|_벌크_42,890|중고_44,490|_해외구매 | 벌크 + 쿨러_46,270|_벌크_43,010|중고_44,490|_해외구매 | 벌크 + 쿨러_46,390|_벌크_40,990|중고_44,490|_해외구매 | 벌크 + 쿨러_46,510|_벌크_41,110|중고_42,780|_해외구매 | 벌크 + 쿨러_47,600|_벌크_42,200|중고_45,490|_해외구매 | 벌크 + 쿨러_47,690|_벌크_42,290|중고_45,490|_해외구매 | 벌크 + 쿨러_47,700|_벌크_42,290|중고_45,490|_해외구매 | 벌크 + 쿨러_47,830|_벌크_42,390|중고_45,490|_해외구매 | 벌크 + 쿨러_47,950|_벌크_42,510|중고_45,490|_해외구매 | 벌크 + 쿨러_48,070|_벌크_42,630|중고_45,490|_해외구매 | 벌크 + 쿨러_49,120|_벌크_43,680|중고_45,490|_해외구매 | 벌크 + 쿨러_49,200|_벌크_43,760|중고_45,490|_해외구매 | 벌크 + 쿨러_49,320|_벌크_43,880|중고_45,490|_해외구매 | 벌크 + 쿨러_49,440|_벌크_44,000|중고_45,490|_해외구매 | 벌크 + 쿨러_49,570|_벌크_44,130|중고_45,490|_해외구매 | 벌크 + 쿨러_49,690|_벌크_44,250|중고_45,490|_해외구매 | 벌크 + 쿨러_49,800|_벌크_44,360|중고_45,490|_해외구매 | 벌크 + 쿨러_50,390|_벌크_44,950|중고_45,990|_해외구매 | 벌크 + 쿨러_50,510|_벌크_45,070|중고_45,990|_해외구매 | 벌크 + 쿨러_50,620|_벌크_45,180|중고_45,990|_해외구매 | 벌크 + 쿨러_50,750|_벌크_45,310|중고_45,990|_해외구매",60190,60190,60190,60190,60190,60190,60190,60190,60190,60190,60190,60190,60190,60190,60190,60190,60190,60190,60190,60190,60190,60190,60190,60190,0,0,0,0,0,0
4881012,인텔 코어i5-7세대 7400 (카비레이크),인텔 코어i5-7세대 7400,카비레이크,"_벌크 + 쿨러_59,390|벌크_64,960|해외구매_49,700|_중고 | 벌크 + 쿨러_57,840|벌크_64,960|_해외구매_49,700|_중고 | 벌크 + 쿨러_57,850|벌크_64,960|_해외구매_49,700|_중고 | 벌크 + 쿨러_57,960|벌크_64,960|_해외구매_49,700|_중고 | 벌크 + 쿨러_58,090|벌크_64,960|_해외구매_49,700|_중고 | 벌크 + 쿨러_58,210|벌크_64,960|_해외구매_49,700|_중고 | 벌크 + 쿨러_59,300|벌크_64,960|_해외구매_49,700|_중고 | 벌크 + 쿨러_59,390|벌크_64,960|_해외구매_49,700|_중고 | 벌크 + 쿨러_59,460|벌크_64,960|_해외구매_49,700|_중고 | 벌크 + 쿨러_59,580|벌크_64,960|_해외구매_49,700|_중고 | 벌크 + 쿨러_59,700|벌크_64,960|_해외구매_49,700|_중고 | 벌크 + 쿨러_60,750|벌크_64,960|_해외구매_49,700|_중고 | 벌크 + 쿨러_60,830|벌크_64,960|_해외구매_49,700|_중고 | 벌크 + 쿨러_60,950|벌크_64,960|_해외구매_49,700|_중고 | 벌크 + 쿨러_61,070|벌크_64,960|_해외구매_49,700|_중고 | 벌크 + 쿨러_61,200|벌크_64,960|_해외구매_49,700|_중고 | 벌크 + 쿨러_61,320|벌크_64,960|_해외구매_49,700|_중고 | 벌크 + 쿨러_61,430|벌크_64,960|_해외구매_49,700|_중고 | 벌크 + 쿨러_63,520|벌크_64,960|_해외구매_49,700|_중고 | 벌크 + 쿨러_63,640|벌크_64,960|_해외구매_49,700|_중고 | 벌크 + 쿨러_63,750|벌크_64,960|_해외구매_48,300|_중고 | 벌크 + 쿨러_63,880|벌크_64,960|_해외구매_48,300|_중고",55790,56490,56460,56340,56220,56140,56020,55890,55770,55650,55570,54520,54400,54280,54150,54030,53950,53920,53790,52680,52560,54330,54210,53880,0,0,0,0,0,0
4866526,인텔 코어i5-7세대 7500 (카비레이크),인텔 코어i5-7세대 7500,카비레이크,"_벌크 + 쿨러_61,850|벌크_57,500|해외구매_68,790|_중고 | _벌크 + 쿨러_61,890|벌크_57,620|해외구매_68,790|_중고 | _벌크 + 쿨러_62,010|벌크_57,740|해외구매_68,790|_중고 | _벌크 + 쿨러_62,140|벌크_57,870|해외구매_68,790|_중고 | _벌크 + 쿨러_62,260|벌크_57,990|해외구매_68,790|_중고 | _벌크 + 쿨러_63,350|벌크_59,100|해외구매_68,790|_중고 | _벌크 + 쿨러_63,440|벌크_59,230|해외구매_68,790|_중고 | _벌크 + 쿨러_63,440|벌크_59,260|해외구매_68,790|_중고 | _벌크 + 쿨러_63,440|벌크_59,340|해외구매_68,790|_중고 | _벌크 + 쿨러_63,440|벌크_59,460|해외구매_68,790|_중고 | _벌크 + 쿨러_63,510|벌크_59,710|해외구매_68,790|_중고 | _벌크 + 쿨러_66,990|벌크_63,190|해외구매_65,980|_중고 | _벌크 + 쿨러_67,100|벌크_63,220|해외구매_68,790|_중고 | _벌크 + 쿨러_67,230|벌크_63,310|해외구매_68,790|_중고 | 벌크 + 쿨러_63,440|_벌크_59,590|해외구매_68,790|_중고 | 벌크 + 쿨러_63,630|_벌크_59,830|해외구매_68,790|_중고 | 벌크 + 쿨러_64,180|_벌크_60,380|해외구매_68,790|_중고 | 벌크 + 쿨러_64,260|_벌크_60,460|해외구매_68,790|_중고 | 벌크 + 쿨러_64,380|_벌크_60,580|해외구매_68,790|_중고 | 벌크 + 쿨러_64,500|_벌크_60,700|해외구매_68,790|_중고 | 벌크 + 쿨러_64,630|_벌크_60,830|해외구매_68,790|_중고 | 벌크 + 쿨러_64,750|_벌크_60,950|해외구매_68,790|_중고 | 벌크 + 쿨러_64,780|_벌크_60,980|해외구매_65,980|_중고 | 벌크 + 쿨러_66,870|_벌크_63,070|해외구매_64,520|_중고",58560,58430,58320,58200,58080,54990,54990,54990,54990,54990,54990,54990,54990,54990,54990,54990,54990,54990,54990,54990,54990,54990,54990,59390,0,0,0,0,0,0
4820379,인텔 코어i5-7세대 7600 (카비레이크),인텔 코어i5-7세대 7600,카비레이크,"_벌크_68,870|_해외구매_70,590|중고 | _벌크_68,870|해외구매_70,590|_중고 | 벌크_68,870|_해외구매_70,590|_중고",62890,62760,62650,62520,62410,62340,62230,62100,61980,61860,61780,61750,61630,61510,61380,61260,61180,61150,61020,60910,60790,60660,60540,60420,0,0,0,0,0,0
7898119,인텔 코어i5-7세대 7600K (카비레이크),인텔 코어i5-7세대 7600K,카비레이크,"_해외구매_71,670|_중고 | _해외구매_72,510|_중고 | _해외구매_72,990|_중고 | _해외구매_73,000|_중고",83660,83660,83660,83660,83660,83660,83660,83660,83660,83660,83660,83660,83660,83660,83660,83660,83660,82870,82750,82640,82520,82390,82270,82150,0,0,0,0,0,0
5530356,인텔 코어i5-8세대 8400 (커피레이크),인텔 코어i5-8세대 8400,커피레이크,"_정품_343,200|_벌크 + 쿨러_76,580|벌크_76,680|해외구매_82,590|중고 | _정품_343,200|_벌크 + 쿨러_76,690|벌크_76,790|해외구매_82,590|중고 | _정품_343,200|_벌크 + 쿨러_76,810|벌크_76,910|해외구매_82,590|중고 | _정품_343,200|_벌크 + 쿨러_76,930|벌크_78,230|해외구매_82,590|중고 | _정품_343,200|_벌크 + 쿨러_76,940|벌크_76,570|해외구매_82,590|중고 | _정품_343,200|_벌크 + 쿨러_76,970|벌크_78,360|해외구매_82,590|중고 | _정품_343,200|_벌크 + 쿨러_77,060|벌크_78,470|해외구매_81,730|중고 | _정품_343,200|_벌크 + 쿨러_77,320|벌크_78,540|해외구매_78,660|중고 | _정품_343,200|벌크 + 쿨러_76,330|벌크_78,750|해외구매_82,590|_중고 | _정품_343,200|벌크 + 쿨러_76,450|벌크_78,870|해외구매_82,590|_중고 | _정품_343,200|벌크 + 쿨러_76,570|벌크_78,990|해외구매_82,590|_중고 | _정품_343,200|벌크 + 쿨러_76,610|벌크_76,710|해외구매_82,590|_중고 | _정품_343,200|벌크 + 쿨러_76,700|벌크_79,120|해외구매_82,590|_중고 | _정품_343,200|벌크 + 쿨러_76,820|_벌크_79,240|해외구매_82,590|중고 | _정품_343,200|벌크 + 쿨러_76,850|_벌크_79,350|해외구매_82,590|중고 | _정품_343,200|벌크 + 쿨러_76,940|_벌크_76,250|해외구매_82,590|중고 | _정품_343,200|벌크 + 쿨러_76,940|_벌크_76,330|해외구매_82,590|중고 | _정품_343,200|벌크 + 쿨러_76,940|_벌크_76,460|해외구매_82,590|중고 | _정품_343,200|벌크 + 쿨러_76,940|_벌크_79,390|해외구매_82,590|중고 | _정품_343,200|벌크 + 쿨러_76,940|_벌크_79,470|해외구매_82,590|중고 | _정품_343,200|벌크 + 쿨러_77,910|벌크_78,660|해외구매_76,910|_중고 | _정품_343,200|벌크 + 쿨러_78,030|벌크_78,780|해외구매_78,660|_중고 | _정품_343,200|벌크 + 쿨러_78,140|벌크_78,890|해외구매_82,590|_중고 | _정품_343,200|벌크 + 쿨러_78,270|벌크_78,000|해외구매_82,590|_중고",68490,69370,69260,69140,69020,68950,68840,68790,68790,68790,68790,68790,69390,69390,69390,69390,69390,69390,69300,69270,69180,69140,69020,68900,0,0,0,0,0,0
6020667,인텔 코어i5-8세대 8500 (커피레이크),인텔 코어i5-8세대 8500,커피레이크,"_정품_456,800|_벌크 + 쿨러_77,690|벌크_74,560|해외구매_82,590|중고 | _정품_456,800|_벌크 + 쿨러_77,800|벌크_74,550|해외구매_82,590|중고 | _정품_456,800|_벌크 + 쿨러_77,920|벌크_74,620|해외구매_82,590|중고 | _정품_456,800|_벌크 + 쿨러_78,050|벌크_74,750|해외구매_82,590|중고 | _정품_456,800|_벌크 + 쿨러_78,170|벌크_74,870|해외구매_82,590|중고 | _정품_456,800|_벌크 + 쿨러_78,200|벌크_74,900|해외구매_82,590|중고 | _정품_456,800|_벌크 + 쿨러_78,290|벌크_74,990|해외구매_82,590|중고 | _정품_456,800|_벌크 + 쿨러_78,970|벌크_74,550|해외구매_82,590|중고 | _정품_456,800|_벌크 + 쿨러_79,050|벌크_74,550|해외구매_82,590|중고 | _정품_456,800|벌크 + 쿨러_77,920|_벌크_74,550|해외구매_82,590|중고 | _정품_456,800|벌크 + 쿨러_78,290|_벌크_74,990|해외구매_82,590|중고 | _정품_456,800|벌크 + 쿨러_79,170|_벌크_74,550|해외구매_82,590|중고 | _정품_456,800|벌크 + 쿨러_79,290|_벌크_74,550|해외구매_82,590|중고 | _정품_456,800|벌크 + 쿨러_79,330|_벌크_74,550|해외구매_82,590|중고 | _정품_456,800|벌크 + 쿨러_79,420|_벌크_74,550|해외구매_81,720|중고 | _정품_456,800|벌크 + 쿨러_80,530|_벌크_74,550|해외구매_78,500|중고 | _정품_456,800|벌크 + 쿨러_82,620|_벌크_74,550|해외구매_76,760|중고 | _정품_456,800|벌크 + 쿨러_82,710|_벌크_74,560|해외구매_78,500|중고 | _정품_456,800|벌크 + 쿨러_82,810|_벌크_74,670|해외구매_82,590|중고 | _정품_456,800|벌크 + 쿨러_82,900|_벌크_74,800|해외구매_82,590|중고",74580,74450,74340,74220,74100,74020,73900,73770,73650,73530,73450,73420,73300,73180,73050,72930,72850,72820,72690,72620,72500,72370,72250,72130,0,0,0,0,0,0
6069606,인텔 코어i5-8세대 8600 (커피레이크),인텔 코어i5-8세대 8600,커피레이크,"_벌크 + 쿨러_85,080|_벌크 | _벌크 + 쿨러_91,530|_벌크",79270,79140,79030,78910,78790,78710,78590,78460,78340,78220,78140,78110,77990,77870,77740,77620,77540,77510,77380,77270,77150,77020,76900,76780,0,0,0,0,0,0
5614286,인텔 코어i5-8세대 8600K (커피레이크),인텔 코어i5-8세대 8600K,커피레이크,"_벌크 + 쿨러_128,140|_벌크_92,200|해외구매 | 벌크 + 쿨러_112,959|_벌크_92,200|_해외구매 | 벌크 + 쿨러_127,340|_벌크_86,490|_해외구매 | 벌크 + 쿨러_127,340|_벌크_92,200|_해외구매 | 벌크 + 쿨러_127,350|_벌크_92,200|_해외구매 | 벌크 + 쿨러_127,780|_벌크_92,200|_해외구매 | 벌크 + 쿨러_127,900|_벌크_92,200|_해외구매 | 벌크 + 쿨러_128,010|_벌크_92,200|_해외구매 | 벌크 + 쿨러_128,070|_벌크_86,490|_해외구매 | 벌크 + 쿨러_128,170|_벌크_92,200|_해외구매 | 벌크 + 쿨러_128,250|_벌크_92,200|_해외구매 | 벌크 + 쿨러_128,360|_벌크_92,200|_해외구매 | 벌크 + 쿨러_128,362|_벌크_92,200|_해외구매",88780,88780,89790,89470,89790,88780,89790,89790,86420,86420,88780,89790,89790,89790,89790,89790,89790,89790,89790,89790,89790,89790,89790,89790,0,0,0,0,0,0
11016699,인텔 코어i5-9세대 9400 (커피레이크-R),인텔 코어i5-9세대 9400,커피레이크-R,"_벌크 + 쿨러_120,650|_벌크_99,490|해외구매 | _벌크 + 쿨러_120,670|_벌크_99,490|해외구매 | _벌크 + 쿨러_120,700|_벌크_99,990|해외구매 | _벌크 + 쿨러_120,830|_벌크_99,990|해외구매 | _벌크 + 쿨러_120,940|_벌크_99,990|해외구매 | _벌크 + 쿨러_121,050|_벌크_99,990|해외구매 | _벌크 + 쿨러_121,780|_벌크_96,990|해외구매 | _벌크 + 쿨러_121,780|_벌크_97,990|해외구매 | _벌크 + 쿨러_121,780|_벌크_99,490|해외구매",98480,98350,98240,98120,98000,97920,97800,97670,97550,97430,97350,97320,97200,97110,97070,96950,96870,96840,96720,96600,96480,96350,96230,96120,0,0,0,0,0,0
7059166,인텔 코어i5-9세대 9400F (커피레이크-R),인텔 코어i5-9세대 9400F,커피레이크-R,"_정품_79,930|병행수입 박스_79,570|_벌크 + 쿨러_66,930|벌크_61,180|해외구매_76,990|중고 | _정품_79,930|병행수입 박스_79,570|_벌크 + 쿨러_67,660|벌크_61,900|해외구매_76,990|중고 | _정품_79,930|병행수입 박스_79,570|벌크 + 쿨러_66,330|벌크_60,580|해외구매_76,990|_중고 | _정품_79,930|병행수입 박스_79,570|벌크 + 쿨러_66,450|벌크_60,690|해외구매_76,990|_중고 | _정품_79,930|병행수입 박스_79,570|벌크 + 쿨러_66,570|벌크_60,810|해외구매_76,990|_중고 | _정품_79,930|병행수입 박스_79,570|벌크 + 쿨러_66,700|벌크_60,940|해외구매_76,990|_중고 | _정품_79,930|병행수입 박스_79,570|벌크 + 쿨러_66,820|벌크_61,060|해외구매_76,990|_중고 | _정품_79,930|병행수입 박스_79,570|벌크 + 쿨러_67,060|_벌크_61,300|해외구매_76,990|중고 | _정품_79,930|병행수입 박스_79,570|벌크 + 쿨러_67,090|_벌크_61,330|해외구매_76,990|중고 | _정품_79,930|병행수입 박스_79,570|벌크 + 쿨러_67,170|_벌크_61,410|해외구매_76,990|중고 | _정품_79,930|병행수입 박스_79,570|벌크 + 쿨러_67,290|_벌크_61,530|해외구매_76,990|중고 | _정품_79,930|병행수입 박스_79,570|벌크 + 쿨러_67,420|_벌크_61,660|해외구매_76,990|중고 | _정품_79,930|병행수입 박스_79,570|벌크 + 쿨러_67,540|_벌크_61,780|해외구매_76,990|중고 | _정품_79,930|병행수입 박스_79,570|벌크 + 쿨러_67,690|_벌크_61,930|해외구매_76,110|중고 | _정품_79,930|병행수입 박스_79,570|벌크 + 쿨러_67,770|벌크_62,010|_해외구매_76,160|중고 | _정품_79,930|병행수입 박스_79,570|벌크 + 쿨러_67,890|_벌크_62,130|해외구매_76,160|중고 | _정품_79,930|병행수입 박스_79,570|벌크 + 쿨러_68,010|_벌크_62,250|해외구매_76,990|중고 | _정품_79,930|병행수입 박스_79,570|벌크 + 쿨러_68,140|_벌크_62,380|해외구매_76,990|중고 | _정품_79,930|병행수입 박스_79,570|벌크 + 쿨러_68,260|_벌크_62,500|해외구매_76,990|중고 | _정품_79,930|병행수입 박스_79,570|벌크 + 쿨러_68,360|_벌크_62,530|해외구매_74,710|중고 | _정품_79,930|병행수입 박스_79,570|벌크 + 쿨러_69,450|_벌크_63,620|해외구매_73,050|중고 | _정품_79,930|병행수입 박스_79,570|벌크 + 쿨러_69,540|_벌크_63,740|해외구매_74,710|중고 | _정품_79,930|병행수입 박스_79,570|벌크 + 쿨러_69,710|_벌크_63,770|해외구매_76,160|중고 | _정품_79,930|병행수입 박스_79,570|벌크 + 쿨러_69,840|_벌크_63,860|해외구매_76,160|중고",63860,63730,63620,63500,62850,62770,62650,62520,62400,62280,62200,62170,62050,61930,61800,61680,61600,57000,57000,58000,58000,58000,58000,58000,0,0,0,0,0,0
10728462,인텔 코어i5-9세대 9500 (커피레이크-R),인텔 코어i5-9세대 9500,커피레이크-R,"벌크 + 쿨러_127,070|_벌크_114,460|해외구매_102,720|_중고 | 벌크 + 쿨러_127,070|_벌크_114,460|해외구매_105,050|_중고 | 벌크 + 쿨러_127,070|_벌크_114,460|해외구매_108,630|_중고 | 벌크 + 쿨러_127,070|_벌크_114,460|해외구매_111,990|_중고 | 벌크 + 쿨러_129,900|_벌크_114,460|해외구매_111,990|_중고 | 벌크 + 쿨러_182,060|_벌크_114,460|해외구매_111,990|_중고 | 벌크 + 쿨러_182,170|_벌크_114,460|해외구매_111,990|_중고 | 벌크 + 쿨러_182,300|_벌크_114,460|해외구매_111,990|_중고 | 벌크 + 쿨러_182,420|_벌크_114,460|해외구매_111,990|_중고 | 벌크 + 쿨러_182,540|_벌크_114,460|해외구매_111,990|_중고 | 벌크 + 쿨러_182,570|_벌크_114,460|해외구매_110,710|_중고 | 벌크 + 쿨러_182,650|_벌크_114,460|해외구매_108,630|_중고",89000,89000,89000,89000,89000,89000,89000,89000,89000,89000,89000,89000,89000,89000,89000,89000,89000,89000,94950,94840,94720,94590,94470,94350,0,0,0,0,0,0
8351067,인텔 코어i5-9세대 9500F (커피레이크-R),인텔 코어i5-9세대 9500F,커피레이크-R,"_벌크 + 쿨러_166,930|벌크_172,360|_해외구매 | _벌크 + 쿨러_168,300|벌크_160,700|_해외구매 | _벌크 + 쿨러_177,730|벌크_172,360|_해외구매 | _벌크 + 쿨러_177,850|벌크_172,360|_해외구매 | _벌크 + 쿨러_177,970|벌크_172,360|_해외구매 | _벌크 + 쿨러_178,100|벌크_172,360|_해외구매 | _벌크 + 쿨러_178,220|벌크_172,360|_해외구매 | _벌크 + 쿨러_180,580|벌크_172,360|_해외구매",85020,85020,78660,76920,78660,85020,85020,85020,82790,82790,85020,85020,85020,85020,85020,85020,85020,81310,81310,85020,85020,85020,83050,85020,0,0,0,0,0,0
11171952,인텔 코어i5-9세대 9600 (커피레이크-R),인텔 코어i5-9세대 9600,커피레이크-R,"_벌크 + 쿨러_103,810|_벌크_122,840|해외구매 | _벌크 + 쿨러_103,810|_벌크_122,850|해외구매 | _벌크 + 쿨러_117,610|_벌크_122,850|해외구매 | _벌크 + 쿨러_117,610|_벌크_126,020|해외구매",115930,115930,105390,103050,105390,115930,115930,115930,115930,115930,115930,115930,115930,115930,115930,115930,115930,115930,115930,115930,115930,115930,115930,115930,0,0,0,0,0,0
6557909,인텔 코어i5-9세대 9600K (커피레이크-R),인텔 코어i5-9세대 9600K,커피레이크-R,"병행수입 박스_287,000|_벌크 + 쿨러_92,540|_벌크_99,630|해외구매_115,130|중고 | 병행수입 박스_287,000|_벌크 + 쿨러_92,660|_벌크_99,630|해외구매_115,130|중고 | 병행수입 박스_287,000|_벌크 + 쿨러_92,780|_벌크_99,630|해외구매_115,130|중고 | 병행수입 박스_287,000|_벌크 + 쿨러_92,910|_벌크_99,630|해외구매_115,130|중고 | 병행수입 박스_287,000|_벌크 + 쿨러_93,030|_벌크_99,630|해외구매_115,130|중고 | 병행수입 박스_287,000|_벌크 + 쿨러_93,140|_벌크_99,630|해외구매_115,130|중고 | 병행수입 박스_287,000|_벌크 + 쿨러_93,270|_벌크_99,630|해외구매_115,130|중고 | 병행수입 박스_287,000|_벌크 + 쿨러_93,300|_벌크_99,630|해외구매_115,130|중고 | 병행수입 박스_287,000|_벌크 + 쿨러_93,380|_벌크_99,630|해외구매_115,130|중고 | 병행수입 박스_287,000|_벌크 + 쿨러_93,500|_벌크_99,630|해외구매_115,130|중고 | 병행수입 박스_287,000|_벌크 + 쿨러_93,630|_벌크_99,630|해외구매_115,130|중고 | 병행수입 박스_287,000|_벌크 + 쿨러_93,750|_벌크_99,630|해외구매_115,130|중고 | 병행수입 박스_287,000|_벌크 + 쿨러_93,870|벌크_99,630|해외구매_115,130|_중고 | 병행수입 박스_287,000|_벌크 + 쿨러_93,980|벌크_99,630|해외구매_115,130|_중고 | 병행수입 박스_287,000|_벌크 + 쿨러_95,080|벌크_99,630|해외구매_115,130|_중고 | 병행수입 박스_287,000|_벌크 + 쿨러_95,200|_벌크_99,630|해외구매_115,130|중고 | 병행수입 박스_287,000|_벌크 + 쿨러_95,320|_벌크_99,630|해외구매_115,130|중고 | 병행수입 박스_287,000|_벌크 + 쿨러_95,450|_벌크_99,630|해외구매_115,130|중고 | 병행수입 박스_287,000|_벌크 + 쿨러_95,570|_벌크_99,630|해외구매_115,130|중고 | 병행수입 박스_287,000|_벌크 + 쿨러_95,650|벌크_99,630|해외구매_111,320|_중고 | 병행수입 박스_287,000|_벌크 + 쿨러_97,030|_벌크_99,630|해외구매_108,840|중고 | 병행수입 박스_287,000|_벌크 + 쿨러_97,150|_벌크_99,630|해외구매_111,320|중고 | 병행수입 박스_287,000|_벌크 + 쿨러_97,180|_벌크_99,630|해외구매_113,880|중고 | 병행수입 박스_287,000|_벌크 + 쿨러_97,270|_벌크_99,630|해외구매_113,880|중고",92800,92710,92680,92560,92470,92440,92320,92190,92070,91950,90850,90740,90620,90500,90370,90250,90170,90140,90010,89900,89780,89650,89530,89410,0,0,0,0,0,0
7565248,인텔 코어i5-9세대 9600KF (커피레이크-R),인텔 코어i5-9세대 9600KF,커피레이크-R,"_정품_97,970|병행수입 박스_97,880|벌크 + 쿨러_96,230|벌크_81,010|_중고_74,050|해외구매 | _정품_97,990|병행수입 박스_97,910|벌크 + 쿨러_96,340|벌크_81,010|_중고_74,080|해외구매 | _정품_98,070|병행수입 박스_98,000|벌크 + 쿨러_96,450|벌크_81,010|_중고_74,160|해외구매 | _정품_98,190|병행수입 박스_98,110|벌크 + 쿨러_96,560|_벌크_81,010|중고_74,280|해외구매 | _정품_98,310|병행수입 박스_98,450|벌크 + 쿨러_96,680|_벌크_81,010|중고_74,400|해외구매 | _정품_98,440|병행수입 박스_98,450|벌크 + 쿨러_96,810|_벌크_81,010|중고_74,530|해외구매 | _정품_98,550|병행수입 박스_98,450|벌크 + 쿨러_96,920|_벌크_81,010|중고_74,650|해외구매 | _정품_98,620|병행수입 박스_98,450|벌크 + 쿨러_96,990|_벌크_81,010|중고_74,730|해외구매 | _정품_98,740|병행수입 박스_98,450|벌크 + 쿨러_97,110|_벌크_81,010|중고_75,160|해외구매 | _정품_98,830|병행수입 박스_98,450|벌크 + 쿨러_92,560|_벌크_81,010|중고_72,720|해외구매 | _정품_98,860|병행수입 박스_98,450|벌크 + 쿨러_97,230|_벌크_81,010|중고_75,280|해외구매 | _정품_98,890|병행수입 박스_98,450|벌크 + 쿨러_97,260|벌크_81,010|_중고_75,390|해외구매 | _정품_98,950|병행수입 박스_98,450|벌크 + 쿨러_92,560|_벌크_81,010|중고_72,840|해외구매 | _정품_98,980|병행수입 박스_98,450|벌크 + 쿨러_97,350|벌크_81,010|_중고_75,510|해외구매 | _정품_99,070|병행수입 박스_98,450|벌크 + 쿨러_92,570|_벌크_81,010|중고_72,960|해외구매 | _정품_99,200|병행수입 박스_98,450|벌크 + 쿨러_92,570|_벌크_81,010|중고_73,090|해외구매 | _정품_99,320|병행수입 박스_98,450|벌크 + 쿨러_92,570|_벌크_81,010|중고_72,240|해외구매 | _정품_99,350|병행수입 박스_98,450|벌크 + 쿨러_92,570|_벌크_81,010|중고_73,330|해외구매 | _정품_99,440|병행수입 박스_98,110|벌크 + 쿨러_95,740|_벌크_81,010|중고_73,560|해외구매 | _정품_99,440|병행수입 박스_98,110|벌크 + 쿨러_95,860|_벌크_81,010|중고_73,680|해외구매 | _정품_99,440|병행수입 박스_98,110|벌크 + 쿨러_95,990|_벌크_81,010|중고_73,810|해외구매 | _정품_99,440|병행수입 박스_98,110|벌크 + 쿨러_96,110|벌크_81,010|_중고_73,930|해외구매 | _정품_99,440|병행수입 박스_98,450|벌크 + 쿨러_92,570|_벌크_81,010|중고_73,450|해외구매 | _정품_99,440|병행수입 박스_98,450|벌크 + 쿨러_95,660|_벌크_81,010|중고_73,480|해외구매",82680,82590,82560,82440,82320,82240,82120,81990,81870,81750,81670,81640,81520,81400,81270,81150,81070,81040,80910,80800,80680,80550,80430,80310,0,0,0,0,0,0
11405586,인텔 코어i7-10세대 10700 (코멧레이크S),인텔 코어i7-10세대 10700,코멧레이크S,"_정품_557,140|벌크 + 쿨러_324,850|_벌크_328,620|해외구매_331,380|중고 | _정품_557,140|벌크 + 쿨러_324,970|_벌크_328,620|해외구매_331,380|중고 | _정품_557,140|벌크 + 쿨러_325,090|_벌크_328,620|해외구매_331,380|중고 | _정품_557,140|벌크 + 쿨러_325,220|_벌크_328,620|해외구매_331,380|중고 | _정품_557,140|벌크 + 쿨러_325,340|_벌크_328,620|해외구매_331,380|중고 | _정품_557,140|벌크 + 쿨러_325,370|_벌크_328,620|해외구매_331,380|중고 | _정품_557,140|벌크 + 쿨러_327,460|_벌크_328,620|해외구매_333,090|중고 | _정품_557,140|벌크 + 쿨러_327,490|_벌크_328,620|해외구매_333,090|중고 | _정품_557,140|벌크 + 쿨러_327,580|_벌크_328,620|해외구매_333,090|중고 | _정품_557,140|벌크 + 쿨러_330,900|_벌크_328,620|해외구매_333,090|중고 | _정품_557,140|벌크 + 쿨러_331,030|_벌크_328,620|해외구매_333,090|중고 | _정품_557,140|벌크 + 쿨러_331,150|_벌크_328,620|해외구매_333,090|중고 | _정품_557,140|벌크 + 쿨러_332,210|_벌크_328,620|해외구매_331,380|중고 | _정품_557,140|벌크 + 쿨러_332,310|_벌크_330,190|해외구매_331,380|중고 | _정품_557,140|벌크 + 쿨러_337,300|_벌크_331,730|해외구매_331,380|중고 | _정품_557,140|벌크 + 쿨러_337,310|_벌크_331,740|해외구매_331,380|중고 | _정품_557,140|벌크 + 쿨러_338,850|_벌크_342,900|해외구매_331,380|중고 | _정품_557,140|벌크 + 쿨러_340,930|_벌크_335,360|해외구매_374,010|중고 | _정품_557,140|벌크 + 쿨러_341,120|_벌크_343,010|해외구매_331,380|중고",337700,337570,337460,337340,331250,331140,331020,330890,330770,288990,288990,288990,288990,288990,288990,288990,288990,288990,288990,288990,288990,288990,288990,288990,0,0,0,0,0,0
11646593,인텔 코어i7-10세대 10700F (코멧레이크S),인텔 코어i7-10세대 10700F,코멧레이크S,"_정품_506,950|병행수입 박스_338,400|벌크 + 쿨러_268,800|_벌크_316,340|해외구매",320690,320690,320690,320690,320690,320690,320690,320690,320690,320690,320990,320990,320990,320990,320990,312540,320990,320990,320990,320990,320990,320990,320990,312540,0,0,0,0,0,0
11479833,인텔 코어i7-10세대 10700K (코멧레이크S),인텔 코어i7-10세대 10700K,코멧레이크S,"_벌크 + 쿨러_402,790|벌크_399,000|_해외구매 | 벌크 + 쿨러_402,790|_벌크_399,000|_해외구매",349300,349300,349300,349300,349300,349300,349300,349300,349300,349300,349300,353310,358700,358700,358700,358700,358700,358700,358700,358700,358700,358700,358700,358700,0,0,0,0,0,0
12110078,인텔 코어i7-10세대 10700KF (코멧레이크S),인텔 코어i7-10세대 10700KF,코멧레이크S,"_벌크 + 쿨러_290,580|_벌크_285,640|해외구매_343,790|중고 | _벌크 + 쿨러_290,580|_벌크_286,870|해외구매_328,630|중고 | _벌크 + 쿨러_290,580|_벌크_286,870|해외구매_328,680|중고 | _벌크 + 쿨러_290,580|_벌크_286,870|해외구매_328,800|중고 | _벌크 + 쿨러_290,580|_벌크_286,870|해외구매_328,880|중고 | _벌크 + 쿨러_290,580|_벌크_286,870|해외구매_329,000|중고 | _벌크 + 쿨러_290,580|_벌크_286,870|해외구매_329,120|중고 | _벌크 + 쿨러_290,580|_벌크_286,870|해외구매_329,230|중고 | _벌크 + 쿨러_290,580|_벌크_286,870|해외구매_329,360|중고 | _벌크 + 쿨러_290,580|_벌크_286,870|해외구매_343,790|중고",268090,268090,268090,268090,268090,268090,268090,268090,268090,268090,268090,268090,268090,268090,268090,268090,268090,268090,268090,268090,268090,268090,268090,268090,0,0,0,0,0,0
13824665,인텔 코어i7-11세대 11700 (로켓레이크S),인텔 코어i7-11세대 11700,로켓레이크S,"_벌크 + 쿨러_307,687|_벌크_307,210|해외구매 | _벌크 + 쿨러_313,670|_벌크_307,210|해외구매 | _벌크 + 쿨러_316,090|_벌크_307,210|해외구매 | _벌크 + 쿨러_316,220|_벌크_307,210|해외구매 | _벌크 + 쿨러_316,340|_벌크_307,210|해외구매 | _벌크 + 쿨러_316,420|_벌크_307,210|해외구매 | _벌크 + 쿨러_316,540|_벌크_307,210|해외구매 | _벌크 + 쿨러_316,660|_벌크_307,210|해외구매 | _벌크 + 쿨러_316,770|_벌크_307,210|해외구매 | _벌크 + 쿨러_316,900|_벌크_307,210|해외구매 | _벌크 + 쿨러_317,190|_벌크_307,210|해외구매 | _벌크 + 쿨러_318,070|_벌크_307,210|해외구매 | _벌크 + 쿨러_318,190|_벌크_307,210|해외구매 | _벌크 + 쿨러_318,310|_벌크_307,210|해외구매 | _벌크 + 쿨러_318,440|_벌크_307,210|해외구매 | _벌크 + 쿨러_318,560|_벌크_307,210|해외구매 | _벌크 + 쿨러_318,590|_벌크_307,210|해외구매 | _벌크 + 쿨러_318,680|_벌크_307,210|해외구매",385990,385990,385990,385990,385990,385990,385990,385990,385990,385990,385990,385990,385990,385990,385990,385990,385990,385990,385990,385990,385990,385990,385990,385990,0,0,0,0,0,0
13753481,인텔 코어i7-11세대 11700F (로켓레이크S),인텔 코어i7-11세대 11700F,로켓레이크S,"_정품_324,710|병행수입 박스_324,080|_벌크 + 쿨러_287,520|벌크_282,180|해외구매 | _정품_324,710|병행수입 박스_324,080|_벌크 + 쿨러_318,520|벌크_313,370|해외구매 | _정품_324,710|병행수입 박스_324,080|_벌크 + 쿨러_318,520|벌크_316,260|해외구매 | _정품_324,710|병행수입 박스_324,080|_벌크 + 쿨러_321,180|벌크_316,260|해외구매 | 정품_324,710|병행수입 박스_324,080|_벌크 + 쿨러_279,150|_벌크_274,140|해외구매",325100,325100,325100,325100,325100,342690,342690,342690,342690,342690,342690,342690,342690,342690,342690,342690,342690,342690,342690,342690,342690,342690,342690,342690,0,0,0,0,0,0
13824974,인텔 코어i7-11세대 11700K (로켓레이크S),인텔 코어i7-11세대 11700K,로켓레이크S,"_벌크 + 쿨러_352,720|_벌크_343,072|해외구매 | _벌크 + 쿨러_368,640|_벌크_351,880|해외구매 | _벌크 + 쿨러_368,800|_벌크_351,880|해외구매 | _벌크 + 쿨러_368,930|_벌크_351,880|해외구매 | _벌크 + 쿨러_369,040|_벌크_351,880|해외구매 | _벌크 + 쿨러_369,110|벌크_351,880|_해외구매 | _벌크 + 쿨러_369,230|벌크_351,880|_해외구매 | _벌크 + 쿨러_369,350|벌크_351,880|_해외구매 | _벌크 + 쿨러_369,460|벌크_351,880|_해외구매 | _벌크 + 쿨러_369,590|벌크_351,880|_해외구매 | _벌크 + 쿨러_374,450|_벌크_351,880|해외구매 | _벌크 + 쿨러_374,460|_벌크_351,880|해외구매 | _벌크 + 쿨러_375,559|_벌크_351,880|해외구매 | _벌크 + 쿨러_375,740|_벌크_351,880|해외구매",366600,366600,366600,366600,366600,378600,378600,378600,378600,378600,378600,378600,378600,378600,378600,378600,378600,378600,378600,378600,378600,378600,378600,378600,0,0,0,0,0,0
13753598,인텔 코어i7-11세대 11700KF (로켓레이크S),인텔 코어i7-11세대 11700KF,로켓레이크S,"_정품_399,900|벌크 + 쿨러_399,900|벌크_399,900|_해외구매 | 정품_399,900|벌크 + 쿨러_399,900|_벌크_399,900|_해외구매",319230,320820,320820,294230,317230,320820,317230,317230,294230,294230,320820,320820,320820,320820,320820,320820,320820,320820,320820,320820,320820,320820,320820,320820,0,0,0,0,0,0
16140809,인텔 코어i7-12세대 12700 (엘더레이크),인텔 코어i7-12세대 12700,엘더레이크,"_정품_401,790|_벌크 + 쿨러_280,030|벌크_323,760|해외구매 | _정품_401,800|_벌크 + 쿨러_280,030|벌크_323,770|해외구매 | _정품_401,810|_벌크 + 쿨러_280,030|벌크_323,780|해외구매 | _정품_401,820|_벌크 + 쿨러_280,030|벌크_322,840|해외구매 | _정품_401,820|_벌크 + 쿨러_280,030|벌크_323,000|해외구매 | _정품_401,820|_벌크 + 쿨러_280,030|벌크_324,000|해외구매 | _정품_401,830|_벌크 + 쿨러_280,030|벌크_324,030|해외구매 | _정품_401,830|_벌크 + 쿨러_280,030|벌크_324,040|해외구매 | _정품_401,830|벌크 + 쿨러_280,030|_벌크_324,040|해외구매 | _정품_403,660|벌크 + 쿨러_280,030|_벌크_326,340|해외구매 | _정품_403,710|벌크 + 쿨러_281,110|_벌크_326,850|해외구매 | _정품_403,740|벌크 + 쿨러_342,840|_벌크_326,300|해외구매 | _정품_403,780|벌크 + 쿨러_342,860|_벌크_326,330|해외구매 | _정품_403,840|벌크 + 쿨러_344,080|_벌크_327,360|해외구매 | _정품_403,840|벌크 + 쿨러_345,450|_벌크_328,900|해외구매 | _정품_403,840|벌크 + 쿨러_345,580|_벌크_328,900|해외구매 | _정품_403,840|벌크 + 쿨러_345,610|_벌크_328,900|해외구매 | _정품_403,860|벌크 + 쿨러_345,150|_벌크_328,920|해외구매 | _정품_403,870|_벌크 + 쿨러_347,000|벌크_330,460|해외구매 | _정품_403,890|_벌크 + 쿨러_346,840|벌크_330,460|해외구매 | _정품_403,900|_벌크 + 쿨러_346,970|벌크_330,460|해외구매 | _정품_404,930|_벌크 + 쿨러_347,090|벌크_330,460|해외구매",405790,405790,377680,392200,392200,392200,392200,392200,392200,392200,392200,392200,392200,392200,392200,392200,392200,392200,392200,392200,392200,392200,392200,392200,0,0,0,0,0,0
16101464,인텔 코어i7-12세대 12700F (엘더레이크),인텔 코어i7-12세대 12700F,엘더레이크,"_정품_363,710|벌크 + 쿨러_301,490|_벌크_287,990|해외구매 | _정품_363,720|_벌크 + 쿨러_301,980|벌크_288,440|해외구매 | _정품_363,720|벌크 + 쿨러_301,980|_벌크_288,440|해외구매 | _정품_363,730|_벌크 + 쿨러_301,990|벌크_288,450|해외구매 | _정품_363,740|_벌크 + 쿨러_297,390|벌크_287,480|해외구매 | _정품_363,740|_벌크 + 쿨러_300,970|벌크_287,480|해외구매 | _정품_363,740|_벌크 + 쿨러_302,000|벌크_288,460|해외구매 | _정품_363,750|_벌크 + 쿨러_30,720|벌크_289,090|해외구매 | _정품_363,750|_벌크 + 쿨러_302,010|벌크_288,520|해외구매 | _정품_364,510|벌크 + 쿨러_302,620|_벌크_289,100|해외구매 | _정품_364,560|벌크 + 쿨러_302,640|_벌크_289,140|해외구매 | _정품_364,600|벌크 + 쿨러_303,050|_벌크_289,520|해외구매 | _정품_364,650|벌크 + 쿨러_303,060|_벌크_289,550|해외구매 | _정품_364,720|벌크 + 쿨러_304,100|_벌크_290,600|해외구매 | _정품_364,730|벌크 + 쿨러_305,870|_벌크_292,350|해외구매 | _정품_364,750|_벌크 + 쿨러_305,360|벌크_291,860|해외구매 | _정품_365,290|_벌크 + 쿨러_307,380|벌크_293,830|해외구매 | _정품_365,300|_벌크 + 쿨러_307,380|벌크_293,840|해외구매 | _정품_365,310|_벌크 + 쿨러_307,380|벌크_293,840|해외구매 | _정품_366,760|_벌크 + 쿨러_307,380|벌크_293,840|해외구매",376800,377790,377790,351800,374800,377790,374800,374800,351800,351800,377790,377790,377790,377790,377790,377790,377790,377790,377790,377790,377790,377790,377790,377790,0,0,0,0,0,0
15594638,인텔 코어i7-12세대 12700K (엘더레이크),인텔 코어i7-12세대 12700K,엘더레이크,"_정품_420,540|_벌크 + 쿨러_342,580|벌크_323,880|해외구매 | _정품_420,550|_벌크 + 쿨러_342,590|벌크_323,890|해외구매 | _정품_420,560|벌크 + 쿨러_341,050|_벌크_326,990|해외구매 | _정품_420,570|벌크 + 쿨러_341,050|_벌크_327,000|해외구매 | _정품_420,570|벌크 + 쿨러_344,700|_벌크_330,630|해외구매 | _정품_420,600|벌크 + 쿨러_344,700|_벌크_333,190|해외구매 | _정품_420,620|벌크 + 쿨러_344,700|_벌크_333,220|해외구매 | _정품_420,640|벌크 + 쿨러_348,980|_벌크_333,230|해외구매 | _정품_420,640|벌크 + 쿨러_349,450|_벌크_333,230|해외구매 | _정품_425,180|벌크 + 쿨러_353,760|_벌크_337,370|해외구매 | _정품_428,890|_벌크 + 쿨러_341,420|벌크_322,730|해외구매 | _정품_428,890|_벌크 + 쿨러_341,430|벌크_322,740|해외구매 | _정품_428,890|벌크 + 쿨러_332,810|_벌크_322,730|해외구매 | _정품_428,890|벌크 + 쿨러_334,370|_벌크_322,230|해외구매 | _정품_428,890|벌크 + 쿨러_339,190|_벌크_320,560|해외구매 | _정품_428,890|벌크 + 쿨러_340,890|_벌크_322,220|해외구매 | _정품_428,890|벌크 + 쿨러_341,420|_벌크_322,730|해외구매",383090,383090,383090,383090,384290,384290,383390,383390,378090,378090,378090,381390,381390,378090,378090,381390,389990,389990,372100,372100,355500,355500,355500,355500,0,0,0,0,0,0
15594701,인텔 코어i7-12세대 12700KF (엘더레이크),인텔 코어i7-12세대 12700KF,엘더레이크,"_정품_380,580|_벌크 + 쿨러_260,780|벌크_248,890|해외구매 | _정품_380,580|_벌크 + 쿨러_260,780|벌크_248,900|해외구매 | _정품_380,580|_벌크 + 쿨러_260,780|벌크_248,920|해외구매 | _정품_380,580|_벌크 + 쿨러_263,900|벌크_252,060|해외구매 | _정품_380,580|_벌크 + 쿨러_263,900|벌크_252,070|해외구매 | _정품_380,580|_벌크 + 쿨러_263,900|벌크_252,080|해외구매 | _정품_380,580|_벌크 + 쿨러_265,150|벌크_253,320|해외구매 | _정품_380,580|벌크 + 쿨러_258,960|_벌크_248,920|해외구매 | _정품_380,580|벌크 + 쿨러_260,780|_벌크_248,900|해외구매 | _정품_380,580|벌크 + 쿨러_260,780|_벌크_248,910|해외구매 | _정품_380,580|벌크 + 쿨러_260,780|_벌크_248,920|해외구매 | _정품_380,580|벌크 + 쿨러_260,780|_벌크_248,930|해외구매 | _정품_380,580|벌크 + 쿨러_260,780|_벌크_248,940|해외구매 | _정품_380,580|벌크 + 쿨러_260,780|_벌크_248,950|해외구매 | _정품_380,580|벌크 + 쿨러_266,180|_벌크_254,350|해외구매 | _정품_380,580|벌크 + 쿨러_266,180|_벌크_254,360|해외구매 | _정품_380,590|벌크 + 쿨러_266,190|_벌크_254,360|해외구매 | _정품_384,730|벌크 + 쿨러_268,250|_벌크_256,430|해외구매",258370,258400,258720,258720,261300,260720,260720,257530,257770,256770,256810,256960,256210,256610,256990,256990,257580,256110,256550,262750,263180,261520,261630,261620,0,0,0,0,0,0
18703730,인텔 코어i7-13세대 13700 (랩터레이크),인텔 코어i7-13세대 13700,랩터레이크,"_정품_472,060|벌크 + 쿨러_435,160|_벌크_419,810|해외구매 | _정품_472,070|_벌크 + 쿨러_429,650|벌크_419,870|해외구매 | _정품_472,070|_벌크 + 쿨러_429,650|벌크_419,910|해외구매 | _정품_472,080|_벌크 + 쿨러_429,660|벌크_419,920|해외구매 | _정품_472,090|벌크 + 쿨러_429,670|_벌크_419,930|해외구매 | _정품_472,090|벌크 + 쿨러_429,680|_벌크_419,940|해외구매 | _정품_475,050|벌크 + 쿨러_430,980|_벌크_419,940|해외구매 | _정품_475,060|벌크 + 쿨러_430,990|_벌크_419,950|해외구매 | _정품_475,070|벌크 + 쿨러_431,000|_벌크_419,960|해외구매 | _정품_475,100|벌크 + 쿨러_431,030|_벌크_419,990|해외구매 | _정품_475,110|벌크 + 쿨러_435,170|_벌크_419,990|해외구매 | _정품_475,120|벌크 + 쿨러_437,240|_벌크_419,990|해외구매 | _정품_475,130|벌크 + 쿨러_437,250|_벌크_419,990|해외구매 | _정품_475,140|벌크 + 쿨러_437,250|_벌크_419,990|해외구매 | _정품_475,140|벌크 + 쿨러_438,500|_벌크_419,990|해외구매 | _정품_475,150|벌크 + 쿨러_438,510|_벌크_419,990|해외구매 | _정품_475,150|벌크 + 쿨러_440,550|_벌크_419,990|해외구매",617760,617670,617640,617520,617400,617330,617220,617090,616970,616850,616770,0,619190,467000,439470,439440,439440,439440,447760,447760,447760,447760,447760,447760,0,0,0,0,0,0
18640397,인텔 코어i7-13세대 13700 (랩터레이크),인텔 코어i7-13세대 13700,랩터레이크,"_정품_472,060|벌크 + 쿨러_435,160|_벌크_419,800|해외구매 | _정품_472,070|_벌크 + 쿨러_429,650|벌크_419,870|해외구매 | _정품_472,070|_벌크 + 쿨러_429,650|벌크_419,910|해외구매 | _정품_472,080|_벌크 + 쿨러_429,660|벌크_419,920|해외구매 | _정품_472,090|벌크 + 쿨러_429,670|_벌크_419,930|해외구매 | _정품_472,090|벌크 + 쿨러_429,680|_벌크_419,940|해외구매 | _정품_475,050|벌크 + 쿨러_430,980|_벌크_419,940|해외구매 | _정품_475,060|벌크 + 쿨러_430,990|_벌크_419,950|해외구매 | _정품_475,070|벌크 + 쿨러_431,000|_벌크_419,960|해외구매 | _정품_475,080|벌크 + 쿨러_431,010|_벌크_417,990|해외구매 | _정품_475,100|벌크 + 쿨러_431,030|_벌크_419,990|해외구매 | _정품_475,110|벌크 + 쿨러_435,170|_벌크_419,990|해외구매 | _정품_475,120|벌크 + 쿨러_437,240|_벌크_419,990|해외구매 | _정품_475,130|벌크 + 쿨러_437,250|_벌크_419,990|해외구매 | _정품_475,140|벌크 + 쿨러_437,250|_벌크_419,990|해외구매 | _정품_475,140|벌크 + 쿨러_438,500|_벌크_419,990|해외구매 | _정품_475,150|벌크 + 쿨러_438,510|_벌크_419,990|해외구매 | _정품_475,150|벌크 + 쿨러_440,550|_벌크_419,990|해외구매",617760,617670,617640,617520,617400,617330,617220,617090,616970,616850,616770,616740,619190,467000,439470,439440,439440,439440,447760,447760,447760,447760,447760,447760,0,0,0,0,0,0
18703613,인텔 코어i7-13세대 13700F (랩터레이크),인텔 코어i7-13세대 13700F,랩터레이크,"_정품_449,910|벌크 + 쿨러_341,480|_벌크_331,410|해외구매 | _정품_449,920|벌크 + 쿨러_341,490|_벌크_331,420|해외구매 | _정품_449,930|_벌크 + 쿨러_341,500|벌크_331,430|해외구매 | _정품_449,940|_벌크 + 쿨러_344,060|벌크_333,990|해외구매 | _정품_449,940|벌크 + 쿨러_344,060|_벌크_333,990|해외구매 | _정품_449,950|벌크 + 쿨러_344,070|_벌크_334,000|해외구매 | _정품_449,960|벌크 + 쿨러_344,080|_벌크_334,010|해외구매 | _정품_449,970|벌크 + 쿨러_344,090|_벌크_334,020|해외구매 | _정품_449,990|벌크 + 쿨러_348,240|_벌크_338,160|해외구매 | _정품_450,000|벌크 + 쿨러_348,250|_벌크_338,170|해외구매 | _정품_450,010|벌크 + 쿨러_350,300|_벌크_340,230|해외구매 | _정품_454,160|벌크 + 쿨러_350,310|_벌크_340,240|해외구매 | _정품_454,170|벌크 + 쿨러_350,320|_벌크_340,250|해외구매 | _정품_455,610|벌크 + 쿨러_351,860|_벌크_341,780|해외구매 | _정품_455,620|벌크 + 쿨러_351,870|_벌크_341,790|해외구매",460340,460340,460340,460340,460340,460340,453840,453840,453840,453840,453840,453840,453840,453840,453840,453840,453840,512690,512690,512690,512690,512690,493460,512700,0,0,0,0,0,0
18640379,인텔 코어i7-13세대 13700F (랩터레이크),인텔 코어i7-13세대 13700F,랩터레이크,"_정품_449,910|벌크 + 쿨러_341,480|_벌크_331,410|해외구매 | _정품_449,920|벌크 + 쿨러_341,490|_벌크_331,420|해외구매 | _정품_449,930|_벌크 + 쿨러_341,500|벌크_331,430|해외구매 | _정품_449,940|_벌크 + 쿨러_344,060|벌크_333,990|해외구매 | _정품_449,940|벌크 + 쿨러_344,060|_벌크_333,990|해외구매 | _정품_449,950|벌크 + 쿨러_344,070|_벌크_334,000|해외구매 | _정품_449,960|벌크 + 쿨러_344,080|_벌크_334,010|해외구매 | _정품_449,970|벌크 + 쿨러_344,090|_벌크_334,020|해외구매 | _정품_449,990|벌크 + 쿨러_348,240|_벌크_338,160|해외구매 | _정품_450,000|벌크 + 쿨러_348,250|_벌크_338,170|해외구매 | _정품_450,010|벌크 + 쿨러_350,300|_벌크_340,230|해외구매 | _정품_454,160|벌크 + 쿨러_350,310|_벌크_340,240|해외구매 | _정품_454,170|벌크 + 쿨러_350,320|_벌크_340,250|해외구매 | _정품_455,610|벌크 + 쿨러_351,860|_벌크_341,780|해외구매 | _정품_455,620|벌크 + 쿨러_351,870|_벌크_341,790|해외구매",460340,460340,460340,460340,460340,460340,453840,453840,453840,453840,453840,453840,453840,453840,453840,453840,453840,512690,512690,512690,512690,512690,493460,512700,0,0,0,0,0,0
18039374,인텔 코어i7-13세대 13700K (랩터레이크),인텔 코어i7-13세대 13700K,랩터레이크,"_정품_1,008,890|벌크 + 쿨러_467,060|_벌크_457,740|병행수입 박스_545,100|해외구매 | _정품_1,008,890|벌크 + 쿨러_467,070|_벌크_457,750|병행수입 박스_545,100|해외구매 | _정품_1,008,890|벌크 + 쿨러_467,080|_벌크_457,760|병행수입 박스_548,530|해외구매 | _정품_1,008,890|벌크 + 쿨러_467,090|_벌크_457,770|병행수입 박스_577,400|해외구매 | _정품_1,008,890|벌크 + 쿨러_467,090|_벌크_457,770|병행수입 박스_579,890|해외구매 | _정품_1,008,890|벌크 + 쿨러_467,100|_벌크_457,570|병행수입 박스_579,890|해외구매 | _정품_1,008,890|벌크 + 쿨러_468,630|_벌크_459,110|병행수입 박스_548,530|해외구매 | _정품_1,008,890|벌크 + 쿨러_468,640|_벌크_459,120|병행수입 박스_545,100|해외구매 | _정품_1,008,890|벌크 + 쿨러_468,640|_벌크_459,140|병행수입 박스_545,100|해외구매 | _정품_1,008,890|벌크 + 쿨러_468,650|_벌크_459,160|병행수입 박스_545,100|해외구매 | _정품_1,008,890|벌크 + 쿨러_473,310|_벌크_463,900|병행수입 박스_545,100|해외구매 | _정품_1,008,890|벌크 + 쿨러_473,320|_벌크_464,030|병행수입 박스_548,530|해외구매 | _정품_1,008,890|벌크 + 쿨러_475,390|_벌크_465,960|병행수입 박스_548,530|해외구매 | _정품_1,008,890|벌크 + 쿨러_475,400|_벌크_466,110|병행수입 박스_548,530|해외구매 | _정품_1,008,890|벌크 + 쿨러_478,500|_벌크_469,120|병행수입 박스_548,530|해외구매 | _정품_1,008,890|벌크 + 쿨러_479,840|_벌크_470,180|병행수입 박스_548,530|해외구매 | _정품_1,008,890|벌크 + 쿨러_479,840|_벌크_470,190|병행수입 박스_548,530|해외구매 | _정품_1,008,890|벌크 + 쿨러_480,040|_벌크_470,170|병행수입 박스_548,530|해외구매 | _정품_1,008,890|벌크 + 쿨러_480,050|_벌크_470,180|병행수입 박스_548,530|해외구매",419520,421890,421890,421890,421890,421890,421890,421890,421890,421890,421890,416720,416720,416720,416720,416720,416720,416940,416940,416940,416940,416940,416940,416940,0,0,0,0,0,0
18224453,인텔 코어i7-13세대 13700K (랩터레이크),인텔 코어i7-13세대 13700K,랩터레이크,"_정품_1,008,890|벌크 + 쿨러_473,310|_벌크_463,900|병행수입 박스_545,100|해외구매",0,0,0,0,0,0,0,0,0,0,0,416720,0,0,0,0,0,0,0,0,0,0,0,0,0,0,0,0,0,0
18039356,인텔 코어i7-13세대 13700KF (랩터레이크),인텔 코어i7-13세대 13700KF,랩터레이크,"_정품_507,500|_벌크 + 쿨러_430,250|벌크_421,610|해외구매 | _정품_507,500|_벌크 + 쿨러_431,280|벌크_422,640|해외구매 | _정품_507,500|벌크 + 쿨러_430,240|_벌크_417,140|해외구매 | _정품_507,500|벌크 + 쿨러_430,240|_벌크_417,170|해외구매 | _정품_507,500|벌크 + 쿨러_430,240|_벌크_419,040|해외구매 | _정품_507,500|벌크 + 쿨러_430,240|_벌크_419,050|해외구매 | _정품_507,500|벌크 + 쿨러_430,240|_벌크_421,600|해외구매 | _정품_507,500|벌크 + 쿨러_431,280|_벌크_422,640|해외구매",487630,487630,487630,487630,487630,487630,487630,487630,487630,487630,487630,493230,498840,498840,498840,498840,498840,498840,487630,487630,487630,487630,487630,487630,0,0,0,0,0,0
32103143,인텔 코어i7-14세대 14700 (랩터레이크 리프레시),인텔 코어i7-14세대 14700,랩터레이크 리프레시,"_정품_442,480|벌크 + 쿨러_440,710|_벌크_426,470|해외구매 | _정품_442,500|벌크 + 쿨러_440,760|_벌크_426,840|해외구매 | _정품_442,500|벌크 + 쿨러_440,900|_벌크_426,710|해외구매 | _정품_442,500|벌크 + 쿨러_441,750|_벌크_426,600|해외구매 | _정품_442,510|벌크 + 쿨러_440,860|_벌크_426,960|해외구매 | _정품_443,410|벌크 + 쿨러_431,530|_벌크_420,640|해외구매 | _정품_443,480|벌크 + 쿨러_435,490|_벌크_425,490|해외구매 | _정품_443,480|벌크 + 쿨러_440,960|_벌크_425,490|해외구매 | _정품_444,060|벌크 + 쿨러_431,540|_벌크_420,640|해외구매 | _정품_444,560|벌크 + 쿨러_431,540|_벌크_420,640|해외구매 | _정품_444,560|벌크 + 쿨러_431,540|_벌크_420,660|해외구매 | _정품_444,570|벌크 + 쿨러_431,550|_벌크_420,680|해외구매 | _정품_445,090|벌크 + 쿨러_432,050|_벌크_421,240|해외구매 | _정품_445,620|벌크 + 쿨러_432,070|_벌크_421,250|해외구매 | _정품_446,970|벌크 + 쿨러_432,590|_벌크_421,810|해외구매 | _정품_448,220|벌크 + 쿨러_433,620|_벌크_422,840|해외구매 | _정품_449,250|벌크 + 쿨러_435,700|_벌크_424,880|해외구매 | _정품_449,260|벌크 + 쿨러_435,710|_벌크_424,930|해외구매 | _정품_451,320|벌크 + 쿨러_436,740|_벌크_425,950|해외구매 | _정품_451,320|벌크 + 쿨러_437,260|_벌크_426,460|해외구매 | _정품_451,750|벌크 + 쿨러_437,270|_벌크_426,480|해외구매 | _정품_451,840|벌크 + 쿨러_438,820|_벌크_427,970|해외구매",451300,451300,451300,451300,451300,451300,451300,451300,451300,451300,451300,451300,451300,451300,451300,451300,451300,451300,451300,451300,451300,451300,451300,451300,0,0,0,0,0,0
32038001,인텔 코어i7-14세대 14700 (랩터레이크 리프레시),인텔 코어i7-14세대 14700,랩터레이크 리프레시,"_정품_442,480|벌크 + 쿨러_440,710|_벌크_426,470|해외구매 | _정품_442,500|벌크 + 쿨러_440,760|_벌크_426,840|해외구매 | _정품_442,500|벌크 + 쿨러_440,900|_벌크_426,710|해외구매 | _정품_442,500|벌크 + 쿨러_441,750|_벌크_426,600|해외구매 | _정품_442,510|벌크 + 쿨러_440,860|_벌크_426,960|해외구매 | _정품_443,410|벌크 + 쿨러_431,530|_벌크_420,640|해외구매 | _정품_443,480|벌크 + 쿨러_435,490|_벌크_425,490|해외구매 | _정품_443,480|벌크 + 쿨러_440,960|_벌크_425,490|해외구매 | _정품_444,060|벌크 + 쿨러_431,540|_벌크_420,640|해외구매 | _정품_444,560|벌크 + 쿨러_431,540|_벌크_420,640|해외구매 | _정품_444,560|벌크 + 쿨러_431,540|_벌크_420,660|해외구매 | _정품_444,570|벌크 + 쿨러_431,550|_벌크_420,680|해외구매 | _정품_445,090|벌크 + 쿨러_432,050|_벌크_421,240|해외구매 | _정품_445,620|벌크 + 쿨러_432,070|_벌크_421,250|해외구매 | _정품_446,970|벌크 + 쿨러_432,590|_벌크_421,810|해외구매 | _정품_448,220|벌크 + 쿨러_433,620|_벌크_422,840|해외구매 | _정품_449,250|벌크 + 쿨러_435,700|_벌크_424,880|해외구매 | _정품_449,260|벌크 + 쿨러_435,710|_벌크_424,930|해외구매 | _정품_451,320|벌크 + 쿨러_436,740|_벌크_425,950|해외구매 | _정품_451,320|벌크 + 쿨러_437,260|_벌크_426,460|해외구매 | _정품_451,750|벌크 + 쿨러_437,270|_벌크_426,480|해외구매 | _정품_451,840|벌크 + 쿨러_438,820|_벌크_427,970|해외구매",451300,451300,451300,451300,451300,451300,451300,451300,451300,451300,451300,451300,451300,451300,451300,451300,451300,451300,451300,451300,451300,451300,451300,451300,0,0,0,0,0,0
35230379,인텔 코어i7-14세대 14700F (랩터레이크 리프레시),인텔 코어i7-14세대 14700F,랩터레이크 리프레시,"_정품_417,060|벌크 + 쿨러_396,800|_벌크_386,930|해외구매 | _정품_417,400|벌크 + 쿨러_397,560|_벌크_387,070|해외구매 | _정품_417,420|벌크 + 쿨러_397,580|_벌크_387,080|해외구매 | _정품_417,430|벌크 + 쿨러_397,590|_벌크_387,090|해외구매 | _정품_417,430|벌크 + 쿨러_397,600|_벌크_387,100|해외구매 | _정품_417,440|벌크 + 쿨러_397,600|_벌크_387,100|해외구매 | _정품_418,150|벌크 + 쿨러_397,610|_벌크_387,110|해외구매 | _정품_418,150|벌크 + 쿨러_397,620|_벌크_387,120|해외구매 | _정품_418,150|벌크 + 쿨러_397,630|_벌크_387,130|해외구매 | _정품_418,160|벌크 + 쿨러_397,910|_벌크_387,420|해외구매 | _정품_418,170|벌크 + 쿨러_397,930|_벌크_387,440|해외구매 | _정품_419,520|벌크 + 쿨러_397,940|_벌크_387,450|해외구매 | _정품_419,880|벌크 + 쿨러_398,980|_벌크_388,480|해외구매 | _정품_420,880|벌크 + 쿨러_400,750|_벌크_390,250|해외구매 | _정품_422,400|벌크 + 쿨러_402,300|_벌크_391,800|해외구매 | _정품_422,430|벌크 + 쿨러_402,310|_벌크_391,810|해외구매 | _정품_422,640|벌크 + 쿨러_403,870|_벌크_393,370|해외구매 | _정품_424,040|벌크 + 쿨러_403,860|_벌크_393,360|해외구매 | _정품_424,060|벌크 + 쿨러_403,860|_벌크_393,360|해외구매 | _정품_425,640|벌크 + 쿨러_404,910|_벌크_394,400|해외구매",425620,425650,425650,425620,425620,425590,419610,419610,419610,419610,419580,419610,419610,419610,419580,419610,419610,419610,354210,354210,354210,354210,354210,354210,0,0,0,0,0,0
32156936,인텔 코어i7-14세대 14700F (랩터레이크 리프레시),인텔 코어i7-14세대 14700F,랩터레이크 리프레시,"_정품_417,060|벌크 + 쿨러_396,800|_벌크_386,930|해외구매 | _정품_417,400|벌크 + 쿨러_397,560|_벌크_387,070|해외구매 | _정품_417,420|벌크 + 쿨러_397,580|_벌크_387,080|해외구매 | _정품_417,430|벌크 + 쿨러_397,590|_벌크_387,090|해외구매 | _정품_417,430|벌크 + 쿨러_397,600|_벌크_387,100|해외구매 | _정품_417,440|벌크 + 쿨러_397,600|_벌크_387,100|해외구매 | _정품_418,150|벌크 + 쿨러_397,610|_벌크_387,110|해외구매 | _정품_418,150|벌크 + 쿨러_397,620|_벌크_387,120|해외구매 | _정품_418,150|벌크 + 쿨러_397,630|_벌크_387,130|해외구매 | _정품_418,150|벌크 + 쿨러_397,910|_벌크_387,420|해외구매 | _정품_418,170|벌크 + 쿨러_397,930|_벌크_387,440|해외구매 | _정품_419,520|벌크 + 쿨러_397,940|_벌크_387,450|해외구매 | _정품_419,880|벌크 + 쿨러_398,980|_벌크_388,480|해외구매 | _정품_420,880|벌크 + 쿨러_400,750|_벌크_390,250|해외구매 | _정품_422,400|벌크 + 쿨러_402,300|_벌크_391,800|해외구매 | _정품_422,430|벌크 + 쿨러_402,310|_벌크_391,810|해외구매 | _정품_422,640|벌크 + 쿨러_403,870|_벌크_393,370|해외구매 | _정품_424,040|벌크 + 쿨러_403,860|_벌크_393,360|해외구매 | _정품_424,060|벌크 + 쿨러_403,860|_벌크_393,360|해외구매 | _정품_425,640|벌크 + 쿨러_404,910|_벌크_394,400|해외구매",425620,425650,425650,425620,425620,425590,419610,419610,419610,419610,419580,419610,419610,419610,419580,419610,419610,419610,354210,354210,354210,354210,354210,354210,0,0,0,0,0,0
28920827,인텔 코어i7-14세대 14700K (랩터레이크 리프레시),인텔 코어i7-14세대 14700K,랩터레이크 리프레시,"_정품_475,230|_벌크_457,370|해외구매 | _정품_479,980|_벌크_456,960|해외구매 | _정품_479,980|_벌크_456,980|해외구매 | _정품_480,000|_벌크_456,910|해외구매 | _정품_480,000|_벌크_456,930|해외구매 | _정품_482,020|_벌크_457,610|해외구매 | _정품_482,200|_벌크_457,050|해외구매 | _정품_482,280|_벌크_457,400|해외구매 | _정품_482,280|_벌크_457,410|해외구매 | _정품_482,290|_벌크_457,430|해외구매 | _정품_482,800|_벌크_458,650|해외구매 | _정품_482,820|_벌크_460,090|해외구매 | _정품_482,850|_벌크_460,130|해외구매 | _정품_482,880|_벌크_461,750|해외구매 | _정품_482,910|_벌크_457,510|해외구매 | _정품_482,980|_벌크_457,460|해외구매 | _정품_484,490|_벌크_463,330|해외구매 | _정품_484,910|_벌크_457,560|해외구매 | _정품_485,580|_벌크_464,230|해외구매 | _정품_485,680|_벌크_463,350|해외구매 | _정품_491,640|_벌크_457,030|해외구매 | _정품_491,640|_벌크_457,050|해외구매",452350,459940,459950,459300,459300,459310,462140,456700,456700,456750,456750,459340,459360,459560,458440,458440,458440,457770,457730,458250,466690,466810,465920,465790,0,0,0,0,0,0
28799435,인텔 코어i7-14세대 14700K (랩터레이크 리프레시),인텔 코어i7-14세대 14700K,랩터레이크 리프레시,"_정품_475,230|_벌크_457,370|해외구매 | _정품_479,980|_벌크_456,960|해외구매 | _정품_479,980|_벌크_456,980|해외구매 | _정품_480,000|_벌크_456,910|해외구매 | _정품_480,000|_벌크_456,930|해외구매 | _정품_482,020|_벌크_457,610|해외구매 | _정품_482,200|_벌크_457,050|해외구매 | _정품_482,280|_벌크_457,400|해외구매 | _정품_482,280|_벌크_457,410|해외구매 | _정품_482,290|_벌크_457,430|해외구매 | _정품_482,800|_벌크_458,650|해외구매 | _정품_482,820|_벌크_460,090|해외구매 | _정품_482,850|_벌크_460,130|해외구매 | _정품_482,880|_벌크_461,750|해외구매 | _정품_482,910|_벌크_457,510|해외구매 | _정품_482,980|_벌크_457,460|해외구매 | _정품_484,490|_벌크_463,330|해외구매 | _정품_484,910|_벌크_457,560|해외구매 | _정품_485,580|_벌크_464,230|해외구매 | _정품_485,680|_벌크_463,350|해외구매 | _정품_491,640|_벌크_457,030|해외구매 | _정품_491,640|_벌크_457,050|해외구매",452350,459940,459950,459300,459300,459310,462140,456700,456700,456750,456750,459340,459360,459560,458440,458440,458440,457770,457730,458250,466690,466810,465920,465790,0,0,0,0,0,0
29959874,인텔 코어i7-14세대 14700KF (랩터레이크 리프레시),인텔 코어i7-14세대 14700KF,랩터레이크 리프레시,"_정품_448,740|_벌크_410,340|해외구매 | _정품_452,390|_벌크_424,040|해외구매 | _정품_452,410|_벌크_418,990|해외구매 | _정품_452,410|_벌크_419,000|해외구매 | _정품_452,420|_벌크_419,000|해외구매 | _정품_452,430|_벌크_419,000|해외구매 | _정품_452,440|_벌크_418,210|해외구매 | _정품_452,500|_벌크_410,340|해외구매 | _정품_453,240|_벌크_410,340|해외구매 | _정품_453,260|_벌크_410,340|해외구매 | _정품_453,280|_벌크_410,350|해외구매 | _정품_453,340|_벌크_410,410|해외구매 | _정품_454,470|_벌크_410,460|해외구매 | _정품_454,520|_벌크_410,510|해외구매 | _정품_454,590|_벌크_412,580|해외구매 | _정품_456,110|_벌크_414,420|해외구매 | _정품_456,150|_벌크_415,420|해외구매 | _정품_456,160|_벌크_414,420|해외구매 | _정품_456,740|_벌크_414,970|해외구매 | _정품_457,750|_벌크_415,400|해외구매 | _정품_458,750|_벌크_415,430|해외구매",445000,445000,445000,445000,445000,445000,445000,438720,438720,438720,438720,438720,438720,438720,438720,438720,566770,566770,567060,459180,459180,459180,459180,459180,0,0,0,0,0,0
28799498,인텔 코어i7-14세대 14700KF (랩터레이크 리프레시),인텔 코어i7-14세대 14700KF,랩터레이크 리프레시,"_정품_448,740|_벌크_410,340|해외구매 | _정품_452,390|_벌크_424,040|해외구매 | _정품_452,410|_벌크_418,990|해외구매 | _정품_452,410|_벌크_419,000|해외구매 | _정품_452,420|_벌크_419,000|해외구매 | _정품_452,430|_벌크_419,000|해외구매 | _정품_452,440|_벌크_418,210|해외구매 | _정품_452,500|_벌크_410,340|해외구매 | _정품_453,240|_벌크_410,340|해외구매 | _정품_453,260|_벌크_410,340|해외구매 | _정품_453,280|_벌크_410,350|해외구매 | _정품_453,340|_벌크_410,410|해외구매 | _정품_454,470|_벌크_410,460|해외구매 | _정품_454,520|_벌크_410,510|해외구매 | _정품_454,590|_벌크_412,580|해외구매 | _정품_456,110|_벌크_414,420|해외구매 | _정품_456,150|_벌크_415,420|해외구매 | _정품_456,160|_벌크_414,420|해외구매 | _정품_456,740|_벌크_414,970|해외구매 | _정품_457,750|_벌크_415,400|해외구매 | _정품_458,750|_벌크_415,430|해외구매",445000,445000,445000,445000,445000,445000,445000,438720,438720,438720,438720,438720,438720,438720,438720,438720,566770,566770,567060,459180,459180,459180,459180,459180,0,0,0,0,0,0
32457785,인텔 코어i7-14세대 14700T (랩터레이크 리프레시),인텔 코어i7-14세대 14700T,랩터레이크 리프레시,벌크,617310,617180,617070,616950,616830,616750,616630,616500,616380,616270,616180,616150,616030,615910,615780,615660,615580,615550,615420,615310,615190,615060,614940,614820,0,0,0,0,0,0
1013075,인텔 코어i7-1세대 860 (린필드),인텔 코어i7-1세대 860,린필드,중고,9500,9500,9500,9500,9500,9500,8900,8900,8900,8900,8900,8900,8900,8900,8900,8900,8900,8900,8900,8900,8900,8900,8900,8900,0,0,0,0,0,0
4144446,인텔 코어i7-1세대 870 (린필드),인텔 코어i7-1세대 870,린필드,중고,16860,16970,16860,16970,16370,16670,16580,16540,16420,16840,16760,16650,16530,16440,16400,16700,16640,16560,16520,16460,16460,16740,16620,16500,0,0,0,0,0,0
4477154,인텔 코어i7-1세대 950 (블룸필드),인텔 코어i7-1세대 950,블룸필드,중고,6500,6500,0,0,0,0,0,0,6500,6500,6500,6500,6500,6500,6500,6500,6500,6500,6500,6500,6500,6500,6500,6500,0,0,0,0,0,0
4147680,인텔 코어i7-2세대 2600 (샌디브릿지),인텔 코어i7-2세대 2600,샌디브릿지,중고,26900,26900,26900,26900,26900,32920,32800,32670,32570,32870,32750,26900,26900,26900,26900,26900,26900,32690,32690,26900,26900,26900,26900,26900,0,0,0,0,0,0
1376231,인텔 코어i7-2세대 2600K (샌디브릿지),인텔 코어i7-2세대 2600K,샌디브릿지,"_벌크 + 쿨러_38,620|_중고 | _벌크 + 쿨러_38,630|_중고 | _벌크 + 쿨러_38,720|_중고 | _벌크 + 쿨러_38,840|_중고 | _벌크 + 쿨러_38,950|_중고 | _벌크 + 쿨러_39,080|_중고 | _벌크 + 쿨러_39,110|_중고 | _벌크 + 쿨러_39,190|_중고 | _벌크 + 쿨러_39,310|_중고 | _벌크 + 쿨러_39,440|_중고 | _벌크 + 쿨러_39,560|_중고 | _벌크 + 쿨러_39,680|_중고 | _벌크 + 쿨러_39,710|_중고 | _벌크 + 쿨러_39,790|_중고 | _벌크 + 쿨러_39,910|_중고 | _벌크 + 쿨러_40,030|_중고 | _벌크 + 쿨러_40,160|_중고 | _벌크 + 쿨러_40,280|_중고 | _벌크 + 쿨러_40,360|_중고 | _벌크 + 쿨러_40,550|_중고 | _벌크 + 쿨러_40,640|_중고 | _벌크 + 쿨러_40,780|_중고 | _벌크 + 쿨러_40,900|_중고",33870,33740,33630,33510,32970,32860,32740,32610,32490,32370,32290,32260,32140,32020,31890,31770,31690,31660,31530,31420,31300,31170,31140,31150,0,0,0,0,0,0
13395629,인텔 코어i7-2세대 2700K (샌디브릿지),인텔 코어i7-2세대 2700K,샌디브릿지,중고,40740,40740,0,0,0,0,0,0,0,0,0,0,0,0,0,0,0,0,0,0,0,0,0,0,0,0,0,0,0,0
1678802,인텔 코어i7-3세대 3770 (아이비브릿지),인텔 코어i7-3세대 3770,아이비브릿지,"_벌크 + 쿨러_48,790|_중고 | _벌크 + 쿨러_48,830|_중고 | _벌크 + 쿨러_48,920|_중고 | _벌크 + 쿨러_48,950|_중고 | _벌크 + 쿨러_49,040|_중고 | _벌크 + 쿨러_49,110|_중고 | _벌크 + 쿨러_49,140|_중고 | _벌크 + 쿨러_49,220|_중고 | _벌크 + 쿨러_49,340|_중고 | _벌크 + 쿨러_49,460|_중고 | _벌크 + 쿨러_49,590|_중고 | _벌크 + 쿨러_49,710|_중고 | _벌크 + 쿨러_49,810|_중고 | _벌크 + 쿨러_49,930|_중고 | _벌크 + 쿨러_50,050|_중고 | _벌크 + 쿨러_50,160|_중고 | _벌크 + 쿨러_50,280|_중고",43310,43180,43070,42950,43590,43560,43440,43310,35900,35900,35900,35900,43010,42980,42850,42730,42650,42620,42490,42380,42260,42130,42010,41890,0,0,0,0,0,0
1678803,인텔 코어i7-3세대 3770K (아이비브릿지),인텔 코어i7-3세대 3770K,아이비브릿지,"_벌크_48,300|_중고 | _벌크_49,300|_중고",51990,51990,51990,51990,51990,51990,51990,51990,51990,51990,51990,51990,51990,51990,51990,51990,51990,51990,51990,51990,51990,51990,51990,51990,0,0,0,0,0,0
2081225,인텔 코어i7-4세대 4770 (하스웰),인텔 코어i7-4세대 4770,하스웰,"_벌크_46,300|_중고 | _벌크_46,660|_중고 | _벌크_46,780|_중고 | _벌크_46,900|_중고 | _벌크_47,030|_중고 | _벌크_47,150|_중고 | _벌크_47,390|_중고 | _벌크_47,420|_중고 | _벌크_47,500|_중고 | _벌크_47,620|_중고 | _벌크_47,750|_중고 | _벌크_47,870|_중고 | _벌크_47,990|_중고 | _벌크_48,020|_중고 | _벌크_48,100|_중고 | _벌크_48,220|_중고 | _벌크_48,340|_중고 | _벌크_48,470|_중고 | _벌크_48,590|_중고 | _벌크_48,670|_중고 | _벌크_48,790|_중고 | _벌크_48,910|_중고 | _벌크_49,020|_중고 | _벌크_49,150|_중고",47450,47320,47210,47090,46970,46890,46770,46720,46720,46720,46720,46640,46790,46790,46790,46790,46790,46790,45700,46420,46300,46170,46050,45930,0,0,0,0,0,0
2081228,인텔 코어i7-4세대 4770K (하스웰),인텔 코어i7-4세대 4770K,하스웰,"_벌크_55,170|_해외구매_56,620|중고 | 벌크_55,170|_해외구매_56,620|_중고 | 벌크_55,170|_해외구매_59,620|_중고 | 벌크_55,170|_해외구매_65,590|_중고 | 벌크_55,180|_해외구매_65,590|_중고 | 벌크_55,210|_해외구매_64,860|_중고 | 벌크_55,290|_해외구매_59,620|_중고 | 벌크_55,300|_해외구매_65,590|_중고 | 벌크_55,420|_해외구매_65,590|_중고 | 벌크_55,550|_해외구매_65,590|_중고 | 벌크_55,670|_해외구매_65,590|_중고 | 벌크_55,700|_해외구매_65,590|_중고 | 벌크_55,790|_해외구매_65,590|_중고 | 벌크_58,410|_해외구매_64,720|_중고 | 벌크_58,530|_해외구매_65,590|_중고 | 벌크_58,640|_해외구매_65,590|_중고 | 벌크_58,760|_해외구매_61,620|_중고",54150,54030,53920,53800,50680,50600,50480,50350,50230,50110,50030,50000,50390,50390,50390,50390,50390,50390,50300,50260,50150,50020,49900,49830,0,0,0,0,0,0
2783222,인텔 코어i7-4세대 4790 (하스웰 리프레시),인텔 코어i7-4세대 4790,하스웰 리프레시,"_벌크 + 쿨러_102,700|벌크_53,490|_중고 | 벌크 + 쿨러_102,210|_벌크_52,490|_중고 | 벌크 + 쿨러_102,260|_벌크_52,490|_중고 | 벌크 + 쿨러_102,570|_벌크_52,490|_중고 | 벌크 + 쿨러_102,670|_벌크_52,490|_중고 | 벌크 + 쿨러_102,700|_벌크_53,490|_중고 | 벌크 + 쿨러_102,700|_벌크_54,560|_중고 | 벌크 + 쿨러_102,700|_벌크_54,680|_중고 | 벌크 + 쿨러_102,700|_벌크_54,710|_중고 | 벌크 + 쿨러_102,700|_벌크_54,800|_중고 | 벌크 + 쿨러_104,310|_벌크_52,490|_중고 | 벌크 + 쿨러_104,430|_벌크_52,490|_중고 | 벌크 + 쿨러_59,980|_벌크_52,490|_중고",49010,48880,48770,48650,45970,45860,45740,45610,45490,45370,45290,45260,45170,45140,45010,44890,44810,44780,0,0,0,0,0,44050,0,0,0,0,0,0
2783223,인텔 코어i7-4세대 4790 (하스웰 리프레시),인텔 코어i7-4세대 4790,하스웰 리프레시,"_벌크_49,310|_중고 | _벌크_49,350|_중고",0,0,0,0,0,0,0,0,0,0,0,0,0,0,0,0,0,0,44650,44540,44420,44290,44170,0,0,0,0,0,0,0
6112865,인텔 코어i7-4세대 4790K (데빌스캐년),인텔 코어i7-4세대 4790K,데빌스캐년,중고,64550,64420,64340,64340,64340,64340,64340,64340,64340,64340,64340,64340,64890,64890,64890,64890,64890,64900,64900,64900,64900,64900,64900,68490,0,0,0,0,0,0
3412425,인텔 코어i7-6세대 6700 (스카이레이크),인텔 코어i7-6세대 6700,스카이레이크,"_벌크 + 쿨러_84,640|벌크_79,060|_중고_79,930|해외구매 | _벌크 + 쿨러_84,760|벌크_79,180|_중고_68,900|해외구매 | _벌크 + 쿨러_84,880|벌크_79,300|_중고_68,900|해외구매 | _벌크 + 쿨러_85,010|벌크_79,430|_중고_68,900|해외구매 | _벌크 + 쿨러_85,130|벌크_79,550|_중고_68,900|해외구매 | _벌크 + 쿨러_85,240|벌크_79,660|_중고_80,130|해외구매 | _벌크 + 쿨러_85,370|벌크_79,790|_중고_80,260|해외구매 | _벌크 + 쿨러_85,400|벌크_79,820|_중고_80,290|해외구매 | _벌크 + 쿨러_85,480|벌크_79,900|_중고_80,370|해외구매 | _벌크 + 쿨러_85,600|벌크_80,020|_중고_80,490|해외구매 | _벌크 + 쿨러_85,730|벌크_80,150|_중고_80,620|해외구매 | _벌크 + 쿨러_85,850|벌크_80,270|_중고_80,740|해외구매 | _벌크 + 쿨러_85,970|벌크_80,390|_중고_80,860|해외구매 | _벌크 + 쿨러_86,000|벌크_80,420|_중고_80,890|해외구매 | _벌크 + 쿨러_86,080|벌크_80,500|_중고_80,970|해외구매 | _벌크 + 쿨러_86,200|벌크_80,620|_중고_81,090|해외구매 | _벌크 + 쿨러_86,320|벌크_80,740|_중고_81,210|해외구매 | _벌크 + 쿨러_86,450|벌크_80,870|_중고_81,340|해외구매 | _벌크 + 쿨러_86,570|벌크_80,990|_중고_81,460|해외구매 | _벌크 + 쿨러_86,650|벌크_81,090|_중고_81,570|해외구매 | _벌크 + 쿨러_86,770|벌크_81,210|_중고_81,760|해외구매 | _벌크 + 쿨러_86,890|벌크_81,330|_중고_81,870|해외구매 | _벌크 + 쿨러_87,000|벌크_81,440|_중고_82,530|해외구매 | _벌크 + 쿨러_87,130|벌크_81,560|_중고_82,620|해외구매",105890,105890,97560,95400,97560,105890,105890,105890,105430,105430,104650,105890,105890,105890,105890,105890,105890,100820,100820,105890,105890,105890,105890,105890,0,0,0,0,0,0
3444847,인텔 코어i7-6세대 6700K (스카이레이크),인텔 코어i7-6세대 6700K,스카이레이크,"벌크 + 쿨러_86,370|_벌크_81,460|중고_83,360|_해외구매 | 벌크 + 쿨러_86,490|_벌크_81,580|중고_83,480|_해외구매 | 벌크 + 쿨러_86,610|_벌크_81,700|중고_83,590|_해외구매 | 벌크 + 쿨러_86,740|_벌크_81,830|중고_83,720|_해외구매 | 벌크 + 쿨러_86,860|_벌크_81,950|중고_83,840|_해외구매 | 벌크 + 쿨러_86,970|_벌크_82,070|중고_83,960|_해외구매 | 벌크 + 쿨러_87,100|_벌크_82,100|중고_84,080|_해외구매 | 벌크 + 쿨러_87,130|_벌크_82,180|중고_84,110|_해외구매 | 벌크 + 쿨러_87,210|_벌크_79,820|중고_84,190|_해외구매 | 벌크 + 쿨러_87,330|_벌크_79,900|중고_84,310|_해외구매 | 벌크 + 쿨러_87,460|_벌크_79,940|중고_84,440|_해외구매 | 벌크 + 쿨러_87,580|_벌크_80,030|중고_84,560|_해외구매 | 벌크 + 쿨러_87,700|_벌크_80,150|중고_84,680|_해외구매 | 벌크 + 쿨러_87,730|_벌크_80,180|중고_84,710|_해외구매 | 벌크 + 쿨러_87,810|_벌크_80,260|중고_84,790|_해외구매 | 벌크 + 쿨러_87,930|_벌크_80,380|중고_84,910|_해외구매 | 벌크 + 쿨러_88,050|_벌크_80,500|중고_85,030|_해외구매 | 벌크 + 쿨러_88,180|_벌크_80,630|중고_85,160|_해외구매 | 벌크 + 쿨러_88,300|_벌크_80,750|중고_85,270|_해외구매 | 벌크 + 쿨러_88,380|_벌크_80,830|중고_85,340|_해외구매 | 벌크 + 쿨러_88,500|_벌크_80,950|중고_85,460|_해외구매 | 벌크 + 쿨러_88,620|_벌크_81,070|중고_85,580|_해외구매 | 벌크 + 쿨러_88,730|_벌크_81,180|중고_85,690|_해외구매 | 벌크 + 쿨러_88,860|벌크_81,310|_중고_85,820|_해외구매",100520,100520,95690,93570,95690,101590,101590,101590,101590,101590,101590,101590,101590,101590,101590,101590,101590,101590,101590,101590,101590,101590,101590,101590,0,0,0,0,0,0
4866420,인텔 코어i7-7세대 7700 (카비레이크),인텔 코어i7-7세대 7700,카비레이크,"_벌크 + 쿨러_118,010|벌크_111,290|해외구매_121,630|_중고 | _벌크 + 쿨러_118,130|벌크_111,420|해외구매_124,160|_중고 | _벌크 + 쿨러_118,160|벌크_111,450|해외구매_121,630|_중고 | _벌크 + 쿨러_118,490|벌크_111,780|해외구매_125,590|_중고 | _벌크 + 쿨러_118,610|벌크_111,900|해외구매_121,630|_중고 | _벌크 + 쿨러_118,730|벌크_112,020|해외구매_125,590|_중고 | _벌크 + 쿨러_118,760|벌크_112,050|해외구매_121,630|_중고 | 벌크 + 쿨러_117,410|_벌크_110,690|해외구매_125,590|_중고 | 벌크 + 쿨러_117,520|_벌크_110,820|해외구매_121,630|_중고 | 벌크 + 쿨러_117,640|_벌크_110,930|해외구매_125,590|_중고 | 벌크 + 쿨러_117,770|_벌크_111,060|해외구매_121,630|_중고 | 벌크 + 쿨러_117,890|_벌크_111,180|해외구매_125,590|_중고 | 벌크 + 쿨러_118,240|벌크_111,530|_해외구매_125,590|_중고 | 벌크 + 쿨러_118,360|벌크_111,650|_해외구매_121,630|_중고 | 벌크 + 쿨러_118,840|_벌크_112,140|해외구매_116,530|_중고 | 벌크 + 쿨러_118,960|_벌크_112,250|해외구매_116,530|_중고 | 벌크 + 쿨러_119,080|_벌크_112,370|해외구매_125,590|_중고 | 벌크 + 쿨러_119,210|_벌크_112,500|해외구매_121,630|_중고 | 벌크 + 쿨러_119,330|벌크_112,620|_해외구매_124,220|_중고 | 벌크 + 쿨러_119,410|벌크_112,700|_해외구매_120,150|_중고 | 벌크 + 쿨러_120,670|벌크_112,820|_해외구매_117,480|_중고 | 벌크 + 쿨러_120,790|벌크_112,940|_해외구매_116,870|_중고 | 벌크 + 쿨러_120,900|_벌크_112,970|해외구매_116,870|_중고 | 벌크 + 쿨러_121,030|_벌크_113,060|해외구매_116,870|_중고",96410,96280,96170,96050,95930,93920,93800,93670,93550,93430,93350,93320,93200,93080,92950,92830,92750,92720,92590,92480,92360,92230,92110,91990,0,0,0,0,0,0
4820435,인텔 코어i7-7세대 7700K (카비레이크),인텔 코어i7-7세대 7700K,카비레이크,"_벌크_128,230|_해외구매_131,450|중고 | _벌크_128,230|해외구매_131,450|_중고 | _벌크_128,230|해외구매_132,920|_중고 | _벌크_134,590|_해외구매_132,320|중고 | _벌크_134,590|_해외구매_132,800|중고 | _벌크_134,590|_해외구매_132,830|중고 | _벌크_165,900|_해외구매_132,920|중고 | _벌크_165,900|해외구매_132,920|_중고 | 벌크_128,230|_해외구매_131,450|_중고 | 벌크_134,590|_해외구매_132,430|_중고 | 벌크_134,590|_해외구매_132,550|_중고 | 벌크_134,590|_해외구매_132,680|_중고",126660,126570,126540,126420,126990,126960,126840,126750,126990,126990,126990,126990,126990,126990,126990,126990,126990,127000,137940,137940,137940,137940,137940,137940,0,0,0,0,0,0
5530013,인텔 코어i7-8세대 8700 (커피레이크),인텔 코어i7-8세대 8700,커피레이크,"_정품_524,570|벌크 + 쿨러_210,020|벌크_151,430|해외구매_178,690|_중고 | _정품_524,570|벌크 + 쿨러_210,130|벌크_151,550|해외구매_181,990|_중고 | _정품_524,570|벌크 + 쿨러_210,250|벌크_151,670|해외구매_181,990|_중고 | _정품_524,570|벌크 + 쿨러_210,380|벌크_151,800|해외구매_181,990|_중고 | _정품_524,570|벌크 + 쿨러_210,500|벌크_151,920|해외구매_181,990|_중고 | _정품_524,570|벌크 + 쿨러_210,610|벌크_151,950|해외구매_176,430|_중고 | _정품_524,570|벌크 + 쿨러_210,740|벌크_147,060|해외구매_176,430|_중고 | _정품_524,570|벌크 + 쿨러_210,770|벌크_147,120|해외구매_181,990|_중고 | _정품_525,660|벌크 + 쿨러_210,850|벌크_147,230|해외구매_178,690|_중고 | _정품_525,660|벌크 + 쿨러_210,970|벌크_147,840|해외구매_181,990|_중고 | _정품_525,660|벌크 + 쿨러_211,100|벌크_147,970|해외구매_181,990|_중고 | _정품_525,660|벌크 + 쿨러_211,220|벌크_148,090|해외구매_181,990|_중고 | _정품_525,660|벌크 + 쿨러_211,340|벌크_148,210|해외구매_181,990|_중고 | _정품_525,660|벌크 + 쿨러_211,370|벌크_148,240|해외구매_181,990|_중고 | _정품_525,660|벌크 + 쿨러_211,450|벌크_148,320|해외구매_178,690|_중고 | _정품_525,660|벌크 + 쿨러_211,570|벌크_148,440|해외구매_178,690|_중고 | _정품_525,660|벌크 + 쿨러_213,800|벌크_148,560|해외구매_178,690|_중고 | _정품_525,660|벌크 + 쿨러_213,930|벌크_148,690|해외구매_178,690|_중고 | _정품_525,660|벌크 + 쿨러_214,040|벌크_148,810|해외구매_176,660|_중고 | _정품_525,660|벌크 + 쿨러_214,110|_벌크_148,890|해외구매_170,730|중고 | _정품_525,660|벌크 + 쿨러_214,230|벌크_149,980|해외구매_166,940|_중고 | _정품_525,660|벌크 + 쿨러_214,350|벌크_150,070|해외구매_170,730|_중고 | _정품_525,660|벌크 + 쿨러_214,460|벌크_150,340|해외구매_178,690|_중고 | _정품_525,660|벌크 + 쿨러_214,590|벌크_150,470|해외구매_178,690|_중고",146630,146500,146390,146270,146150,129000,129000,129000,129000,129000,129000,129000,129000,129000,129000,129000,129000,129000,129000,129000,129000,129000,129000,129000,0,0,0,0,0,0
5529981,인텔 코어i7-8세대 8700K (커피레이크),인텔 코어i7-8세대 8700K,커피레이크,"_정품_599,800|병행수입 박스_363,800|벌크 + 쿨러_201,130|벌크_165,690|해외구매_164,890|_중고 | _정품_599,800|병행수입 박스_363,800|벌크 + 쿨러_201,250|_벌크_165,690|해외구매_164,890|중고 | _정품_599,800|병행수입 박스_363,800|벌크 + 쿨러_201,370|_벌크_165,700|해외구매_164,890|중고 | _정품_599,800|병행수입 박스_363,800|벌크 + 쿨러_201,500|_벌크_165,700|해외구매_164,890|중고 | _정품_599,800|병행수입 박스_363,800|벌크 + 쿨러_201,620|_벌크_165,700|해외구매_164,890|중고 | _정품_599,800|병행수입 박스_363,800|벌크 + 쿨러_201,730|_벌크_165,700|해외구매_164,890|중고 | _정품_599,800|병행수입 박스_363,800|벌크 + 쿨러_201,860|벌크_165,700|해외구매_164,890|_중고 | _정품_599,800|병행수입 박스_363,800|벌크 + 쿨러_201,890|_벌크_165,700|해외구매_164,890|중고 | _정품_599,800|병행수입 박스_363,800|벌크 + 쿨러_201,970|_벌크_165,700|해외구매_164,890|중고 | _정품_599,800|병행수입 박스_363,800|벌크 + 쿨러_202,090|_벌크_165,690|해외구매_164,890|중고 | _정품_599,800|병행수입 박스_363,800|벌크 + 쿨러_202,220|_벌크_165,690|해외구매_164,890|중고 | _정품_599,800|병행수입 박스_363,800|벌크 + 쿨러_202,340|_벌크_165,690|해외구매_164,890|중고 | _정품_599,800|병행수입 박스_363,800|벌크 + 쿨러_202,460|_벌크_165,690|해외구매_164,890|중고 | _정품_599,800|병행수입 박스_363,800|벌크 + 쿨러_202,490|벌크_165,690|_해외구매_164,890|중고 | _정품_599,800|병행수입 박스_363,800|벌크 + 쿨러_202,570|벌크_165,690|_해외구매_164,890|중고 | _정품_599,800|병행수입 박스_363,800|벌크 + 쿨러_202,690|벌크_165,690|_해외구매_164,890|중고 | _정품_599,800|병행수입 박스_363,800|벌크 + 쿨러_205,590|벌크_165,690|_해외구매_164,890|중고 | _정품_599,800|병행수입 박스_363,800|벌크 + 쿨러_205,720|벌크_165,690|_해외구매_164,890|중고 | _정품_599,800|병행수입 박스_363,800|벌크 + 쿨러_205,830|벌크_165,690|_해외구매_163,070|중고 | _정품_599,800|병행수입 박스_363,800|벌크 + 쿨러_205,900|벌크_165,690|_해외구매_163,070|중고 | _정품_599,800|병행수입 박스_363,800|벌크 + 쿨러_206,020|벌크_165,690|_해외구매_159,500|중고 | _정품_599,800|병행수입 박스_363,800|벌크 + 쿨러_206,140|벌크_165,690|_해외구매_163,130|중고 | _정품_599,800|병행수입 박스_363,800|벌크 + 쿨러_206,170|벌크_165,690|_해외구매_163,070|중고 | _정품_599,800|병행수입 박스_363,800|벌크 + 쿨러_206,260|벌크_165,690|_해외구매_163,070|중고",139040,138910,138800,138680,127900,127900,127900,127900,127900,127900,127900,127900,127900,127900,139950,139830,139750,139720,139600,139480,139360,139230,139110,138990,0,0,0,0,0,0
8650784,인텔 코어i7-9세대 9700 (커피레이크-R),인텔 코어i7-9세대 9700,커피레이크-R,"_벌크 + 쿨러_238,120|_벌크_230,000|해외구매_235,110|중고 | _벌크 + 쿨러_238,210|_벌크_230,090|해외구매_229,620|중고 | _벌크 + 쿨러_238,320|_벌크_230,200|해외구매_235,110|중고 | _벌크 + 쿨러_238,430|_벌크_230,240|해외구매_235,110|중고 | _벌크 + 쿨러_238,550|_벌크_230,090|해외구매_235,110|중고 | _벌크 + 쿨러_238,670|_벌크_230,090|해외구매_224,790|중고 | _벌크 + 쿨러_238,780|_벌크_230,090|해외구매_224,790|중고 | _벌크 + 쿨러_238,880|_벌크_230,090|해외구매_235,110|중고 | _벌크 + 쿨러_238,920|_벌크_230,090|해외구매_235,110|중고 | _벌크 + 쿨러_239,040|_벌크_230,090|해외구매_235,110|중고 | _벌크 + 쿨러_239,080|_벌크_230,090|해외구매_235,110|중고 | _벌크 + 쿨러_239,110|_벌크_231,110|해외구매_235,110|중고 | _벌크 + 쿨러_239,220|_벌크_231,160|해외구매_235,110|중고 | _벌크 + 쿨러_239,280|_벌크_231,220|해외구매_235,110|중고 | _벌크 + 쿨러_239,300|_벌크_231,240|해외구매_235,110|중고 | _벌크 + 쿨러_239,300|_벌크_231,310|해외구매_235,110|중고 | _벌크 + 쿨러_240,400|_벌크_232,410|해외구매_235,110|중고 | _벌크 + 쿨러_242,140|_벌크_232,410|해외구매_235,110|중고 | _벌크 + 쿨러_242,140|벌크_232,410|해외구매_209,000|_중고 | _벌크 + 쿨러_242,140|벌크_232,410|해외구매_213,750|_중고 | _벌크 + 쿨러_242,140|벌크_232,410|해외구매_235,110|_중고",217610,217500,217380,217260,216920,216870,216870,216990,216990,216990,219770,219770,219770,219770,219770,219770,219770,219770,219770,219770,219770,219770,219770,219770,0,0,0,0,0,0
8372031,인텔 코어i7-9세대 9700F (커피레이크-R),인텔 코어i7-9세대 9700F,커피레이크-R,"벌크 + 쿨러_250,000|_벌크_184,720|_해외구매",173840,186950,173880,170010,173880,179200,186950,175310,186950,175310,188890,186940,175310,186950,175310,186950,181130,175310,175310,177150,177040,176910,176800,176670,0,0,0,0,0,0
6581257,인텔 코어i7-9세대 9700K (커피레이크-R),인텔 코어i7-9세대 9700K,커피레이크-R,"_벌크 + 쿨러_221,890|_벌크_217,030|해외구매_257,090|중고 | _벌크 + 쿨러_221,890|_벌크_217,040|해외구매_256,700|중고 | _벌크 + 쿨러_221,890|_벌크_217,050|해외구매_256,700|중고 | _벌크 + 쿨러_221,890|_벌크_217,550|해외구매_256,700|중고 | _벌크 + 쿨러_221,890|_벌크_217,570|해외구매_256,700|중고 | _벌크 + 쿨러_221,890|_벌크_217,610|해외구매_256,700|중고 | _벌크 + 쿨러_221,890|_벌크_217,650|해외구매_226,700|중고 | _벌크 + 쿨러_221,890|_벌크_217,710|해외구매_226,700|중고 | _벌크 + 쿨러_221,890|_벌크_217,710|해외구매_249,700|중고 | _벌크 + 쿨러_221,890|_벌크_217,710|해외구매_256,700|중고 | _벌크 + 쿨러_221,890|_벌크_217,730|해외구매_226,700|중고 | _벌크 + 쿨러_221,890|_벌크_217,730|해외구매_249,700|중고 | _벌크 + 쿨러_221,890|_벌크_217,750|해외구매_238,460|중고 | _벌크 + 쿨러_221,890|_벌크_217,750|해외구매_251,700|중고 | _벌크 + 쿨러_221,890|_벌크_217,750|해외구매_256,700|중고 | _벌크 + 쿨러_221,890|벌크_217,090|해외구매_256,700|_중고 | _벌크 + 쿨러_221,890|벌크_217,100|해외구매_256,700|_중고",213680,213560,213440,213320,213200,213120,213000,212870,212750,212630,212550,212520,212400,212310,212270,202370,202310,202230,202190,202080,201960,201830,201710,201590,0,0,0,0,0,0
7517686,인텔 코어i7-9세대 9700KF (커피레이크-R),인텔 코어i7-9세대 9700KF,커피레이크-R,"_정품_211,000|병행수입 박스_209,000|_벌크 + 쿨러_197,180|벌크_191,990|해외구매 | _정품_211,000|병행수입 박스_209,000|벌크 + 쿨러_197,180|_벌크_191,990|해외구매",192320,184040,182500,178440,182500,188150,188030,187900,184620,184500,184420,184390,184270,184180,184140,184060,194370,194290,194260,194140,194020,193890,193770,193660,0,0,0,0,0,0
12872624,인텔 코어i9-10세대 10850K (코멧레이크S),인텔 코어i9-10세대 10850K,코멧레이크S,해외구매,354390,354390,354390,354390,354390,354390,354390,354390,354390,354390,354390,354390,354390,354390,354390,354390,354390,354390,354390,354390,354390,354390,354390,354390,0,0,0,0,0,0
11870941,인텔 코어i9-10세대 10900 (코멧레이크S),인텔 코어i9-10세대 10900,코멧레이크S,"_벌크 + 쿨러_485,140|_벌크_479,260|해외구매_515,150|중고 | _벌크 + 쿨러_485,140|_벌크_479,260|해외구매_533,350|중고 | _벌크 + 쿨러_498,190|_벌크_491,100|해외구매_515,150|중고 | _벌크 + 쿨러_546,840|_벌크_491,100|해외구매_515,150|중고 | _벌크 + 쿨러_559,410|_벌크_491,100|해외구매_515,150|중고 | _벌크 + 쿨러_600,000|_벌크_491,100|해외구매_515,150|중고 | 벌크 + 쿨러_600,000|_벌크_491,100|_해외구매_515,150|중고",500000,500000,500000,500000,500000,500000,500000,500000,500000,500000,500000,500000,500000,500000,500000,500000,500000,500000,500000,500000,500000,500000,500000,500000,0,0,0,0,0,0
11824936,인텔 코어i9-10세대 10900F (코멧레이크S),인텔 코어i9-10세대 10900F,코멧레이크S,"_벌크 + 쿨러_500,000|벌크_500,000|_해외구매",368090,368090,355800,345060,355800,368090,368060,368060,345060,345060,368090,368090,368090,368090,368090,368090,368090,368090,368090,368090,368090,368090,368090,368090,0,0,0,0,0,0
12309857,인텔 코어i9-10세대 10900K (코멧레이크S),인텔 코어i9-10세대 10900K,코멧레이크S,"_벌크 + 쿨러_850,000|벌크_700,000|_해외구매 | 벌크 + 쿨러_850,000|_벌크_700,000|_해외구매",577630,577630,577630,553770,576770,577630,576770,576770,553770,553770,577630,577630,577630,577630,577630,577630,577630,577630,577630,577630,577630,577630,577630,577630,0,0,0,0,0,0
12338717,인텔 코어i9-10세대 10900KF (코멧레이크S),인텔 코어i9-10세대 10900KF,코멧레이크S,해외구매,422390,422390,422390,422390,422390,422390,422390,0,0,0,0,422390,422390,422390,422390,422390,422390,422390,422390,422390,0,0,0,0,0,0,0,0,0,0
15012758,인텔 코어i9-11세대 11900 (로켓레이크S),인텔 코어i9-11세대 11900,로켓레이크S,"_병행수입 박스_397,830|_벌크 + 쿨러_394,470|벌크_389,240|해외구매 | _병행수입 박스_398,740|_벌크 + 쿨러_394,470|벌크_389,240|해외구매 | _병행수입 박스_398,760|_벌크 + 쿨러_394,470|벌크_389,240|해외구매 | _병행수입 박스_398,780|_벌크 + 쿨러_394,470|벌크_389,240|해외구매 | _병행수입 박스_398,810|_벌크 + 쿨러_394,470|벌크_389,240|해외구매 | _병행수입 박스_398,860|_벌크 + 쿨러_394,470|벌크_389,240|해외구매 | _병행수입 박스_398,900|_벌크 + 쿨러_394,470|벌크_389,240|해외구매 | _병행수입 박스_398,970|_벌크 + 쿨러_394,470|벌크_389,240|해외구매 | _병행수입 박스_398,980|_벌크 + 쿨러_394,470|벌크_389,240|해외구매 | _병행수입 박스_399,000|_벌크 + 쿨러_394,470|벌크_389,240|해외구매 | _병행수입 박스_399,020|_벌크 + 쿨러_394,470|벌크_389,240|해외구매 | 병행수입 박스_398,660|_벌크 + 쿨러_394,470|_벌크_389,240|해외구매 | 병행수입 박스_398,680|_벌크 + 쿨러_394,470|_벌크_389,240|해외구매 | 병행수입 박스_398,700|_벌크 + 쿨러_394,470|_벌크_389,240|해외구매 | 병행수입 박스_398,740|_벌크 + 쿨러_394,470|_벌크_389,240|해외구매",403510,403510,403510,403510,403510,403510,403510,403510,403510,403510,403510,403510,403510,403510,403510,403510,403510,403510,403510,403510,403510,403510,403510,403510,0,0,0,0,0,0
13753673,인텔 코어i9-11세대 11900F (로켓레이크S),인텔 코어i9-11세대 11900F,로켓레이크S,"_정품_355,810|병행수입 박스_367,050|_벌크 + 쿨러_355,440|벌크_353,380|해외구매 | _정품_355,810|병행수입 박스_367,170|_벌크 + 쿨러_355,440|벌크_353,380|해외구매 | _정품_355,810|병행수입 박스_367,290|_벌크 + 쿨러_355,440|벌크_353,380|해외구매 | _정품_355,810|병행수입 박스_367,420|_벌크 + 쿨러_355,440|벌크_353,380|해외구매 | _정품_355,810|병행수입 박스_367,450|_벌크 + 쿨러_355,440|벌크_353,380|해외구매 | _정품_355,810|병행수입 박스_367,530|_벌크 + 쿨러_355,440|벌크_353,380|해외구매 | _정품_355,810|병행수입 박스_367,660|_벌크 + 쿨러_355,440|벌크_353,380|해외구매 | _정품_355,810|병행수입 박스_367,690|_벌크 + 쿨러_355,440|벌크_353,380|해외구매 | _정품_355,810|병행수입 박스_367,770|_벌크 + 쿨러_355,440|벌크_353,380|해외구매 | _정품_355,810|병행수입 박스_367,890|_벌크 + 쿨러_355,440|벌크_353,380|해외구매 | _정품_355,810|병행수입 박스_368,020|_벌크 + 쿨러_355,440|벌크_353,380|해외구매 | _정품_355,810|병행수입 박스_368,140|_벌크 + 쿨러_355,440|벌크_353,380|해외구매 | _정품_355,810|병행수입 박스_368,260|_벌크 + 쿨러_355,440|벌크_353,380|해외구매 | _정품_355,810|병행수입 박스_368,290|_벌크 + 쿨러_355,440|벌크_353,380|해외구매 | _정품_355,810|병행수입 박스_368,370|_벌크 + 쿨러_355,440|벌크_353,380|해외구매 | _정품_355,810|병행수입 박스_368,490|_벌크 + 쿨러_355,440|벌크_353,380|해외구매 | _정품_355,810|병행수입 박스_368,610|_벌크 + 쿨러_355,440|벌크_353,380|해외구매 | _정품_355,810|병행수입 박스_368,740|_벌크 + 쿨러_355,440|벌크_353,380|해외구매 | _정품_355,810|병행수입 박스_368,770|_벌크 + 쿨러_355,440|벌크_353,380|해외구매 | _정품_355,810|병행수입 박스_369,200|_벌크 + 쿨러_355,440|벌크_353,380|해외구매 | _정품_355,810|병행수입 박스_369,320|_벌크 + 쿨러_355,440|벌크_353,380|해외구매 | _정품_355,810|병행수입 박스_369,440|_벌크 + 쿨러_355,440|벌크_353,380|해외구매 | _정품_355,810|병행수입 박스_369,550|_벌크 + 쿨러_355,440|벌크_353,380|해외구매 | _정품_355,810|병행수입 박스_369,680|_벌크 + 쿨러_355,440|벌크_353,380|해외구매",282090,282090,271400,271400,271400,279090,282090,282090,282090,282090,282090,282090,282090,282090,282090,282090,282090,280310,280310,279090,279090,282090,282090,282090,0,0,0,0,0,0
13620026,인텔 코어i9-11세대 11900K (로켓레이크S),인텔 코어i9-11세대 11900K,로켓레이크S,"_정품_656,310|_벌크 + 쿨러_389,770|벌크_403,560|해외구매",406270,406270,380590,380590,380590,392020,392020,392020,392020,395900,395900,395900,395900,395900,395900,395900,395900,395900,395900,395900,395900,395900,395900,395900,0,0,0,0,0,0
14848337,인텔 코어i9-11세대 11900KF (로켓레이크S),인텔 코어i9-11세대 11900KF,로켓레이크S,해외구매,329090,329090,329090,329090,329090,329090,329090,329090,329090,329090,329090,329090,329090,329090,329090,329090,329090,329090,329090,329090,329090,329090,329090,329090,0,0,0,0,0,0
16101545,인텔 코어i9-12세대 12900 (엘더레이크),인텔 코어i9-12세대 12900,엘더레이크,"_정품_720,970|_벌크_494,680|해외구매_667,800|중고 | _정품_720,970|_벌크_494,680|해외구매_667,810|중고 | _정품_720,970|_벌크_494,680|해외구매_680,440|중고 | _정품_720,970|벌크 + 쿨러_618,000|_벌크_519,110|해외구매_667,800|중고 | _정품_720,970|벌크 + 쿨러_618,000|_벌크_519,110|해외구매_677,370|중고 | _정품_720,970|벌크 + 쿨러_618,000|_벌크_521,270|해외구매_677,370|중고 | _정품_720,970|벌크 + 쿨러_618,000|_벌크_521,270|해외구매_696,690|중고 | _정품_720,970|벌크 + 쿨러_618,000|_벌크_526,650|해외구매_696,690|중고 | _정품_720,970|벌크 + 쿨러_632,880|_벌크_516,950|해외구매_667,810|중고 | _정품_720,970|벌크 + 쿨러_639,310|_벌크_494,680|해외구매_667,810|중고 | _정품_720,970|벌크 + 쿨러_639,310|벌크_516,950|_해외구매_667,810|중고 | _정품_720,970|벌크_494,680|_해외구매_667,810|중고",464000,464000,464000,464000,464000,464000,464000,464000,464000,464000,464000,464000,464000,464000,464000,464000,464000,464000,464000,464000,464000,464000,464000,464000,0,0,0,0,0,0
16101581,인텔 코어i9-12세대 12900F (엘더레이크),인텔 코어i9-12세대 12900F,엘더레이크,"_정품_682,890|벌크 + 쿨러_622,370|벌크_554,010|_해외구매 | _정품_849,990|벌크 + 쿨러_643,220|_벌크_515,240|해외구매 | _정품_849,990|벌크 + 쿨러_643,220|벌크_515,240|_해외구매 | _정품_849,990|벌크 + 쿨러_647,070|벌크_515,240|_해외구매 | _정품_850,000|벌크 + 쿨러_643,220|벌크_515,240|_해외구매 | _정품_850,000|벌크 + 쿨러_647,070|벌크_515,240|_해외구매",680400,680400,680400,680400,680400,680400,680400,680400,680400,680400,675140,675140,675140,675140,675140,675140,675140,675140,675140,675140,675140,675140,675140,675140,0,0,0,0,0,0
15594887,인텔 코어i9-12세대 12900K (엘더레이크),인텔 코어i9-12세대 12900K,엘더레이크,"_정품_689,470|벌크 + 쿨러_493,500|_벌크_474,890|병행수입 박스_491,190|해외구매_422,570|중고 | _정품_689,470|벌크 + 쿨러_498,780|_벌크_475,890|병행수입 박스_491,310|해외구매_422,540|중고 | _정품_853,730|벌크 + 쿨러_479,690|_벌크_460,990|병행수입 박스_483,120|해외구매_416,550|중고 | _정품_853,730|벌크 + 쿨러_482,400|_벌크_462,190|병행수입 박스_474,370|해외구매_416,690|중고 | _정품_853,730|벌크 + 쿨러_483,440|_벌크_462,290|병행수입 박스_474,490|해외구매_416,730|중고 | _정품_853,730|벌크 + 쿨러_483,440|_벌크_462,360|병행수입 박스_474,850|해외구매_424,430|중고 | _정품_853,730|벌크 + 쿨러_483,960|_벌크_462,290|병행수입 박스_474,600|해외구매_424,430|중고 | _정품_853,730|벌크 + 쿨러_483,960|_벌크_462,310|병행수입 박스_474,730|해외구매_424,430|중고 | _정품_853,730|벌크 + 쿨러_483,970|_벌크_462,400|병행수입 박스_474,970|해외구매_416,550|중고 | _정품_853,730|벌크 + 쿨러_485,030|_벌크_462,090|병행수입 박스_483,090|해외구매_416,550|중고 | _정품_853,730|벌크 + 쿨러_490,840|_벌크_463,960|병행수입 박스_483,200|해외구매_416,550|중고 | _정품_853,730|벌크 + 쿨러_490,880|_벌크_471,770|병행수입 박스_486,670|해외구매_422,540|중고 | _정품_853,730|벌크 + 쿨러_491,380|_벌크_471,730|병행수입 박스_483,920|해외구매_416,570|중고 | _정품_853,730|벌크 + 쿨러_492,440|_벌크_465,520|병행수입 박스_482,320|해외구매_416,550|중고 | _정품_853,730|벌크 + 쿨러_492,440|_벌크_465,520|병행수입 박스_483,320|해외구매_416,550|중고 | _정품_853,730|벌크 + 쿨러_493,490|_벌크_466,520|병행수입 박스_483,570|해외구매_416,550|중고 | _정품_853,730|벌크 + 쿨러_493,490|_벌크_471,670|병행수입 박스_483,810|해외구매_416,550|중고 | _정품_853,730|벌크 + 쿨러_493,490|_벌크_471,750|병행수입 박스_484,040|해외구매_416,570|중고 | _정품_853,730|벌크 + 쿨러_493,490|_벌크_471,750|병행수입 박스_484,170|해외구매_422,540|중고 | _정품_853,730|벌크 + 쿨러_493,490|_벌크_471,750|병행수입 박스_484,290|해외구매_422,540|중고 | _정품_853,730|벌크 + 쿨러_493,490|_벌크_474,870|병행수입 박스_490,960|해외구매_422,540|중고 | _정품_853,730|벌크 + 쿨러_493,500|_벌크_474,890|병행수입 박스_491,080|해외구매_422,540|중고 | _정품_853,730|벌크 + 쿨러_495,080|_벌크_467,580|병행수입 박스_483,690|해외구매_416,550|중고 | _정품_853,730|벌크 + 쿨러_495,090|_벌크_467,990|병행수입 박스_483,720|해외구매_416,550|중고",589800,589800,589800,589800,589800,589800,589800,589800,589800,589800,589800,589800,589800,589800,589800,589800,589800,589800,589800,589800,589800,589800,589800,589800,0,0,0,0,0,0
15594956,인텔 코어i9-12세대 12900KF (엘더레이크),인텔 코어i9-12세대 12900KF,엘더레이크,"_정품_796,820|병행수입 박스_442,730|벌크 + 쿨러_475,570|_벌크_449,610|해외구매 | _정품_796,820|병행수입 박스_442,840|벌크 + 쿨러_475,620|_벌크_449,620|해외구매 | _정품_796,820|병행수입 박스_442,960|벌크 + 쿨러_475,730|_벌크_449,620|해외구매 | _정품_796,820|병행수입 박스_443,090|벌크 + 쿨러_475,780|_벌크_449,620|해외구매 | _정품_796,820|병행수입 박스_443,210|벌크 + 쿨러_475,840|_벌크_449,630|해외구매 | _정품_796,820|병행수입 박스_443,240|벌크 + 쿨러_475,900|_벌크_449,640|해외구매 | _정품_796,820|병행수입 박스_443,330|벌크 + 쿨러_468,470|_벌크_448,740|해외구매 | _정품_796,820|병행수입 박스_443,330|벌크 + 쿨러_476,010|_벌크_449,640|해외구매 | _정품_796,820|병행수입 박스_443,330|벌크 + 쿨러_476,130|_벌크_449,710|해외구매 | _정품_796,820|병행수입 박스_443,380|벌크 + 쿨러_476,250|_벌크_449,710|해외구매 | _정품_796,820|병행수입 박스_443,510|벌크 + 쿨러_476,380|_벌크_449,710|해외구매 | _정품_796,820|병행수입 박스_490,230|벌크 + 쿨러_476,420|_벌크_449,730|해외구매 | _정품_796,820|병행수입 박스_490,350|벌크 + 쿨러_476,430|_벌크_449,780|해외구매 | _정품_796,820|병행수입 박스_490,380|벌크 + 쿨러_476,490|_벌크_450,680|해외구매 | _정품_796,820|병행수입 박스_490,460|벌크 + 쿨러_476,510|_벌크_450,730|해외구매 | _정품_796,820|병행수입 박스_490,580|벌크 + 쿨러_476,570|_벌크_450,810|해외구매 | _정품_796,820|병행수입 박스_490,700|벌크 + 쿨러_476,690|_벌크_450,830|해외구매 | _정품_796,820|병행수입 박스_490,830|벌크 + 쿨러_476,820|_벌크_450,830|해외구매 | _정품_796,820|병행수입 박스_490,940|벌크 + 쿨러_476,940|_벌크_450,830|해외구매 | _정품_796,820|병행수입 박스_491,010|벌크 + 쿨러_477,300|_벌크_450,850|해외구매 | _정품_796,820|병행수입 박스_491,130|벌크 + 쿨러_491,370|_벌크_463,340|해외구매 | _정품_796,820|병행수입 박스_491,250|벌크 + 쿨러_491,370|_벌크_463,340|해외구매 | _정품_796,820|병행수입 박스_491,360|벌크 + 쿨러_491,370|_벌크_463,340|해외구매 | _정품_796,820|병행수입 박스_491,490|벌크 + 쿨러_491,370|_벌크_463,340|해외구매",376030,376030,376030,376010,376010,376030,370700,370720,370700,370720,370700,370700,370700,370700,370700,370700,370700,370700,370700,377710,377710,377710,377710,377680,0,0,0,0,0,0
16846118,인텔 코어i9-12세대 12900KS (엘더레이크),인텔 코어i9-12세대 12900KS,엘더레이크,해외구매,523890,570230,563600,523890,570230,563600,523890,570230,556990,523890,570230,563600,533990,533990,533990,533990,533990,533990,570230,563600,523890,570230,556990,523890,0,0,0,0,0,0
18704012,인텔 코어i9-13세대 13900 (랩터레이크),인텔 코어i9-13세대 13900,랩터레이크,"_정품_909,990|벌크 + 쿨러_645,320|_벌크_742,430|해외구매 | _정품_909,990|벌크 + 쿨러_652,850|_벌크_742,440|해외구매 | _정품_909,990|벌크 + 쿨러_652,850|벌크_916,270|_해외구매 | _정품_909,990|벌크 + 쿨러_666,090|벌크_916,270|_해외구매 | _정품_909,990|벌크 + 쿨러_671,470|벌크_916,270|_해외구매 | _정품_909,990|벌크 + 쿨러_671,470|벌크_935,760|_해외구매 | _정품_909,990|벌크 + 쿨러_671,470|벌크_941,340|_해외구매",903240,903240,903240,903240,903240,903240,903240,903240,903240,808840,903240,0,810390,808830,802370,903240,903240,903240,903240,903240,903240,843930,845190,845190,0,0,0,0,0,0
18640472,인텔 코어i9-13세대 13900 (랩터레이크),인텔 코어i9-13세대 13900,랩터레이크,"_정품_909,990|벌크 + 쿨러_645,320|_벌크_742,430|해외구매 | _정품_909,990|벌크 + 쿨러_652,850|_벌크_742,440|해외구매 | _정품_909,990|벌크 + 쿨러_652,850|벌크_916,270|_해외구매 | _정품_909,990|벌크 + 쿨러_666,090|벌크_916,270|_해외구매 | _정품_909,990|벌크 + 쿨러_671,470|벌크_916,270|_해외구매 | _정품_909,990|벌크 + 쿨러_671,470|벌크_935,760|_해외구매 | _정품_909,990|벌크 + 쿨러_671,470|벌크_941,340|_해외구매",903240,903240,903240,903240,903240,903240,903240,903240,903240,808840,903240,808830,810390,808830,802370,903240,903240,903240,903240,903240,903240,843930,845190,845190,0,0,0,0,0,0
18703961,인텔 코어i9-13세대 13900F (랩터레이크),인텔 코어i9-13세대 13900F,랩터레이크,"_정품_720,120|벌크 + 쿨러_663,410|_벌크_459,000|해외구매 | _정품_720,120|벌크 + 쿨러_673,800|_벌크_459,000|해외구매 | _정품_720,120|벌크 + 쿨러_677,490|_벌크_459,000|해외구매 | _정품_720,120|벌크 + 쿨러_677,580|_벌크_459,000|해외구매 | _정품_720,120|벌크 + 쿨러_677,690|_벌크_499,000|해외구매 | _정품_720,120|벌크 + 쿨러_677,810|_벌크_499,000|해외구매 | _정품_720,120|벌크 + 쿨러_677,940|_벌크_499,000|해외구매 | _정품_720,120|벌크 + 쿨러_678,050|_벌크_499,000|해외구매 | _정품_720,120|벌크 + 쿨러_678,120|_벌크_499,000|해외구매 | _정품_720,120|벌크 + 쿨러_678,240|_벌크_499,000|해외구매 | _정품_720,120|벌크 + 쿨러_678,360|_벌크_499,000|해외구매 | _정품_720,120|벌크 + 쿨러_678,470|_벌크_499,000|해외구매 | _정품_720,120|벌크 + 쿨러_678,600|_벌크_499,000|해외구매 | _정품_720,120|벌크 + 쿨러_687,580|_벌크_459,000|해외구매",766270,766270,766270,766270,766270,766270,755450,755450,755450,755450,755450,0,755450,755450,755450,755450,755450,755450,769740,769740,769740,769740,769740,769740,0,0,0,0,0,0
18640442,인텔 코어i9-13세대 13900F (랩터레이크),인텔 코어i9-13세대 13900F,랩터레이크,"_정품_720,120|벌크 + 쿨러_663,410|_벌크_459,000|해외구매 | _정품_720,120|벌크 + 쿨러_673,800|_벌크_459,000|해외구매 | _정품_720,120|벌크 + 쿨러_677,490|_벌크_459,000|해외구매 | _정품_720,120|벌크 + 쿨러_677,580|_벌크_459,000|해외구매 | _정품_720,120|벌크 + 쿨러_677,690|_벌크_499,000|해외구매 | _정품_720,120|벌크 + 쿨러_677,810|_벌크_499,000|해외구매 | _정품_720,120|벌크 + 쿨러_677,940|_벌크_499,000|해외구매 | _정품_720,120|벌크 + 쿨러_678,050|_벌크_499,000|해외구매 | _정품_720,120|벌크 + 쿨러_678,120|_벌크_499,000|해외구매 | _정품_720,120|벌크 + 쿨러_678,240|_벌크_499,000|해외구매 | _정품_720,120|벌크 + 쿨러_678,360|_벌크_499,000|해외구매 | _정품_720,120|벌크 + 쿨러_678,470|_벌크_499,000|해외구매 | _정품_720,120|벌크 + 쿨러_678,600|_벌크_499,000|해외구매 | _정품_720,120|벌크 + 쿨러_678,820|_벌크_459,000|해외구매 | _정품_720,120|벌크 + 쿨러_687,580|_벌크_459,000|해외구매",766270,766270,766270,766270,766270,766270,755450,755450,755450,755450,755450,755450,755450,755450,755450,755450,755450,755450,769740,769740,769740,769740,769740,769740,0,0,0,0,0,0
18039569,인텔 코어i9-13세대 13900K (랩터레이크),인텔 코어i9-13세대 13900K,랩터레이크,"_정품_880,770|벌크 + 쿨러_635,190|_벌크_622,520|해외구매 | _정품_880,770|벌크 + 쿨러_636,510|_벌크_622,360|해외구매 | _정품_880,770|벌크 + 쿨러_636,510|_벌크_622,400|해외구매 | _정품_880,770|벌크 + 쿨러_636,510|_벌크_622,440|해외구매 | _정품_880,770|벌크 + 쿨러_636,510|_벌크_622,480|해외구매 | _정품_880,770|벌크 + 쿨러_636,510|_벌크_622,500|해외구매 | _정품_880,770|벌크 + 쿨러_636,510|_벌크_622,530|해외구매 | _정품_880,770|벌크 + 쿨러_636,510|_벌크_622,540|해외구매 | _정품_880,770|벌크 + 쿨러_636,520|_벌크_622,560|해외구매 | _정품_880,770|벌크 + 쿨러_638,590|_벌크_623,570|해외구매 | _정품_880,770|벌크 + 쿨러_638,600|_벌크_623,610|해외구매 | _정품_880,770|벌크 + 쿨러_640,160|_벌크_625,070|해외구매 | _정품_880,770|벌크 + 쿨러_641,710|_벌크_627,730|해외구매 | _정품_880,770|벌크 + 쿨러_641,710|_벌크_627,790|해외구매 | _정품_880,770|벌크 + 쿨러_644,100|_벌크_629,150|해외구매 | _정품_880,770|벌크 + 쿨러_645,350|_벌크_629,360|해외구매 | _정품_880,770|벌크 + 쿨러_645,350|_벌크_629,380|해외구매 | _정품_880,770|벌크 + 쿨러_645,350|_벌크_630,370|해외구매",714300,719290,719290,719290,712300,719290,712300,712300,689300,689300,719290,719290,719290,719290,719290,719290,719290,719290,719290,719290,719290,719290,719290,719290,0,0,0,0,0,0
18039512,인텔 코어i9-13세대 13900KF (랩터레이크),인텔 코어i9-13세대 13900KF,랩터레이크,"_정품_846,050|벌크 + 쿨러_625,830|_벌크_606,050|해외구매 | _정품_859,110|벌크 + 쿨러_609,230|_벌크_590,480|해외구매 | _정품_859,110|벌크 + 쿨러_611,310|_벌크_592,570|해외구매 | _정품_859,110|벌크 + 쿨러_616,490|_벌크_597,750|해외구매 | _정품_859,110|벌크 + 쿨러_616,500|_벌크_597,760|해외구매 | _정품_859,110|벌크 + 쿨러_620,650|_벌크_600,870|해외구매 | _정품_859,110|벌크 + 쿨러_625,830|_벌크_606,050|해외구매",681400,681400,681400,681400,681400,681400,681400,681400,681400,670970,713030,713030,713030,713030,713030,713030,713030,713030,713030,713030,713030,713030,713030,713030,0,0,0,0,0,0
18925844,인텔 코어i9-13세대 13900KS (랩터레이크),인텔 코어i9-13세대 13900KS,랩터레이크,"_정품_826,570|벌크_1,129,990|_해외구매 | _정품_826,570|벌크_1,130,000|_해외구매 | _정품_834,910|벌크_1,130,000|_해외구매 | _정품_844,350|벌크_1,129,990|_해외구매 | _정품_850,500|벌크_1,081,410|_해외구매 | _정품_850,500|벌크_1,129,990|_해외구매 | _정품_850,500|벌크_1,130,000|_해외구매",808900,808900,808900,808900,808900,808900,808900,808900,808900,808900,808900,808900,808900,808900,808900,808900,808900,808900,853800,853800,853800,853800,825900,825900,0,0,0,0,0,0
18725225,인텔 코어i9-13세대 13900KS (랩터레이크),인텔 코어i9-13세대 13900KS,랩터레이크,"_정품_826,570|벌크_1,129,990|_해외구매 | _정품_826,570|벌크_1,130,000|_해외구매 | _정품_834,910|벌크_1,130,000|_해외구매 | _정품_844,350|벌크_1,129,990|_해외구매 | _정품_850,500|벌크_1,081,410|_해외구매 | _정품_850,500|벌크_1,129,990|_해외구매 | _정품_850,500|벌크_1,130,000|_해외구매",808900,808900,808900,808900,808900,808900,808900,808900,808900,808900,808900,808900,808900,808900,808900,808900,808900,808900,853800,853800,853800,853800,825900,825900,0,0,0,0,0,0
18710705,인텔 코어i9-13세대 13900T (랩터레이크),인텔 코어i9-13세대 13900T,랩터레이크,벌크,872810,872680,872570,872450,872330,872260,872150,872020,871900,871790,871700,871670,871550,871430,871300,871180,871080,871000,870960,870850,870730,870600,870490,870370,0,0,0,0,0,0
32103329,인텔 코어i9-14세대 14900 (랩터레이크 리프레시),인텔 코어i9-14세대 14900,랩터레이크 리프레시,"_정품_845,960|벌크 + 쿨러_803,780|_벌크 | _정품_845,970|_벌크 | _정품_845,970|벌크 + 쿨러_759,520|_벌크 | _정품_845,970|벌크 + 쿨러_803,780|_벌크 | _정품_845,980|벌크 + 쿨러_751,880|_벌크 | _정품_845,980|벌크 + 쿨러_803,780|_벌크 | _정품_845,990|_벌크 | _정품_845,990|벌크 + 쿨러_751,880|_벌크 | _정품_846,000|벌크 + 쿨러_751,880|_벌크 | _정품_862,990|벌크 + 쿨러_803,780|_벌크 | _정품_863,030|벌크 + 쿨러_803,780|_벌크 | _정품_863,050|벌크 + 쿨러_803,780|_벌크",695040,694940,694850,694820,694720,694630,694600,694500,694410,694380,694280,724280,724320,724320,724320,724320,739300,739300,739300,739300,766820,766810,766810,771930,0,0,0,0,0,0
32037824,인텔 코어i9-14세대 14900 (랩터레이크 리프레시),인텔 코어i9-14세대 14900,랩터레이크 리프레시,"_정품_845,960|벌크 + 쿨러_803,780|_벌크 | _정품_845,970|_벌크 | _정품_845,970|벌크 + 쿨러_759,520|_벌크 | _정품_845,970|벌크 + 쿨러_803,780|_벌크 | _정품_845,980|벌크 + 쿨러_751,880|_벌크 | _정품_845,980|벌크 + 쿨러_803,780|_벌크 | _정품_845,990|_벌크 | _정품_845,990|벌크 + 쿨러_751,880|_벌크 | _정품_846,000|벌크 + 쿨러_751,880|_벌크 | _정품_862,990|벌크 + 쿨러_803,780|_벌크 | _정품_863,030|벌크 + 쿨러_803,780|_벌크 | _정품_863,050|벌크 + 쿨러_803,780|_벌크",695040,694940,694850,694820,694720,694630,694600,694500,694410,694380,694280,724280,724320,724320,724320,724320,739300,739300,739300,739300,766820,766810,766810,771930,0,0,0,0,0,0
32103278,인텔 코어i9-14세대 14900F (랩터레이크 리프레시),인텔 코어i9-14세대 14900F,랩터레이크 리프레시,"_정품_812,560|벌크 + 쿨러_829,440|_벌크 | _정품_812,570|벌크 + 쿨러_829,560|_벌크 | _정품_812,570|벌크 + 쿨러_829,680|_벌크 | _정품_812,570|벌크 + 쿨러_829,710|_벌크 | _정품_812,570|벌크 + 쿨러_829,800|_벌크 | _정품_812,990|벌크 + 쿨러_828,970|_벌크 | _정품_812,990|벌크 + 쿨러_829,090|_벌크 | _정품_812,990|벌크 + 쿨러_829,220|_벌크 | _정품_812,990|벌크 + 쿨러_829,340|_벌크 | _정품_819,830|벌크 + 쿨러_828,860|_벌크 | _정품_819,840|벌크 + 쿨러_840,040|_벌크 | _정품_819,840|벌크 + 쿨러_920,000|_벌크 | _정품_834,290|벌크 + 쿨러_920,000|_벌크",795310,795310,795310,795310,794270,794270,794270,794270,794270,792170,792170,809900,809900,809900,809900,809900,809900,809900,809900,809900,809900,809900,809900,809900,0,0,0,0,0,0
32037701,인텔 코어i9-14세대 14900F (랩터레이크 리프레시),인텔 코어i9-14세대 14900F,랩터레이크 리프레시,"_정품_812,560|벌크 + 쿨러_829,440|_벌크 | _정품_812,570|벌크 + 쿨러_829,560|_벌크 | _정품_812,570|벌크 + 쿨러_829,680|_벌크 | _정품_812,570|벌크 + 쿨러_829,710|_벌크 | _정품_812,570|벌크 + 쿨러_829,800|_벌크 | _정품_812,990|벌크 + 쿨러_828,970|_벌크 | _정품_812,990|벌크 + 쿨러_829,090|_벌크 | _정품_812,990|벌크 + 쿨러_829,220|_벌크 | _정품_812,990|벌크 + 쿨러_829,340|_벌크 | _정품_819,830|벌크 + 쿨러_828,850|_벌크 | _정품_819,840|벌크 + 쿨러_840,040|_벌크 | _정품_819,840|벌크 + 쿨러_920,000|_벌크 | _정품_834,290|벌크 + 쿨러_920,000|_벌크",795310,795310,795310,795310,794270,794270,794270,794270,794270,792170,792170,809900,809900,809900,809900,809900,809900,809900,809900,809900,809900,809900,809900,809900,0,0,0,0,0,0
28920896,인텔 코어i9-14세대 14900K (랩터레이크 리프레시),인텔 코어i9-14세대 14900K,랩터레이크 리프레시,"_정품_671,050|_벌크_617,300|해외구매 | _정품_671,060|_벌크_617,320|해외구매 | _정품_671,060|_벌크_617,350|해외구매 | _정품_675,180|_벌크_613,370|해외구매 | _정품_678,450|_벌크_614,790|해외구매 | _정품_678,460|_벌크_614,800|해외구매 | _정품_678,470|_벌크_614,810|해외구매 | _정품_678,470|_벌크_614,820|해외구매 | _정품_678,480|_벌크_614,810|해외구매 | _정품_678,500|_벌크_617,280|해외구매 | _정품_681,060|_벌크_617,380|해외구매 | _정품_681,090|_벌크_617,450|해외구매 | _정품_681,100|_벌크_618,930|해외구매 | _정품_681,630|_벌크_620,150|해외구매 | _정품_682,660|_벌크_620,170|해외구매 | _정품_682,670|_벌크_620,220|해외구매 | _정품_686,280|_벌크_620,240|해외구매 | _정품_686,300|_벌크_620,260|해외구매 | _정품_687,260|_벌크_620,280|해외구매 | _정품_687,270|_벌크_620,290|해외구매",741300,755890,751010,750910,750810,750700,750580,747630,747510,746640,746630,746630,752510,752510,755300,754270,754160,750290,750190,741980,741870,742000,747280,736490,0,0,0,0,0,0
28798964,인텔 코어i9-14세대 14900K (랩터레이크 리프레시),인텔 코어i9-14세대 14900K,랩터레이크 리프레시,"_정품_671,050|_벌크_617,300|해외구매 | _정품_671,060|_벌크_617,320|해외구매 | _정품_671,060|_벌크_617,350|해외구매 | _정품_675,180|_벌크_613,370|해외구매 | _정품_678,450|_벌크_614,790|해외구매 | _정품_678,460|_벌크_614,800|해외구매 | _정품_678,470|_벌크_614,810|해외구매 | _정품_678,470|_벌크_614,820|해외구매 | _정품_678,480|_벌크_614,810|해외구매 | _정품_678,500|_벌크_617,280|해외구매 | _정품_681,060|_벌크_617,380|해외구매 | _정품_681,090|_벌크_617,450|해외구매 | _정품_681,100|_벌크_618,930|해외구매 | _정품_681,630|_벌크_620,150|해외구매 | _정품_682,660|_벌크_620,170|해외구매 | _정품_682,670|_벌크_620,220|해외구매 | _정품_686,280|_벌크_620,240|해외구매 | _정품_686,300|_벌크_620,260|해외구매 | _정품_687,260|_벌크_620,280|해외구매 | _정품_687,270|_벌크_620,290|해외구매",741300,755890,751010,750910,750810,750700,750580,747630,747510,746640,746630,746630,752510,752510,755300,754270,754150,750290,750190,741980,741870,742000,747280,736490,0,0,0,0,0,0
28920875,인텔 코어i9-14세대 14900KF (랩터레이크 리프레시),인텔 코어i9-14세대 14900KF,랩터레이크 리프레시,"_정품_654,220|_벌크_569,750|해외구매 | _정품_654,230|_벌크_572,820|해외구매 | _정품_654,240|_벌크_575,440|해외구매 | _정품_654,250|_벌크_575,450|해외구매 | _정품_654,250|_벌크_576,350|해외구매 | _정품_654,260|_벌크_576,400|해외구매 | _정품_654,270|_벌크_576,410|해외구매 | _정품_654,270|_벌크_576,440|해외구매 | _정품_654,280|_벌크_576,440|해외구매 | _정품_654,770|_벌크_567,980|해외구매 | _정품_654,780|_벌크_570,110|해외구매 | _정품_654,780|_벌크_570,120|해외구매 | _정품_654,780|_벌크_570,140|해외구매 | _정품_654,780|_벌크_570,160|해외구매 | _정품_654,800|_벌크_570,220|해외구매 | _정품_660,890|_벌크_568,460|해외구매 | _정품_660,920|_벌크_568,480|해외구매 | _정품_660,920|_벌크_568,490|해외구매 | _정품_664,480|_벌크_568,470|해외구매",599080,599080,599080,599080,599080,599080,599080,590620,590620,590620,590620,590620,590620,590620,590620,590620,590620,590620,601800,601800,587800,716310,601800,587800,0,0,0,0,0,0
28799180,인텔 코어i9-14세대 14900KF (랩터레이크 리프레시),인텔 코어i9-14세대 14900KF,랩터레이크 리프레시,"_정품_654,220|_벌크_569,750|해외구매 | _정품_654,230|_벌크_572,820|해외구매 | _정품_654,240|_벌크_575,440|해외구매 | _정품_654,250|_벌크_575,450|해외구매 | _정품_654,250|_벌크_576,350|해외구매 | _정품_654,260|_벌크_576,400|해외구매 | _정품_654,270|_벌크_576,410|해외구매 | _정품_654,270|_벌크_576,440|해외구매 | _정품_654,280|_벌크_576,440|해외구매 | _정품_654,770|_벌크_567,980|해외구매 | _정품_654,780|_벌크_570,110|해외구매 | _정품_654,780|_벌크_570,120|해외구매 | _정품_654,780|_벌크_570,140|해외구매 | _정품_654,780|_벌크_570,160|해외구매 | _정품_654,800|_벌크_570,220|해외구매 | _정품_660,890|_벌크_568,460|해외구매 | _정품_660,920|_벌크_568,480|해외구매 | _정품_660,920|_벌크_568,490|해외구매 | _정품_664,480|_벌크_568,470|해외구매",599080,599080,599080,599080,599080,599080,599080,590620,590620,590620,590620,590620,590620,590620,590620,590620,590620,590620,601800,601800,587800,716310,601800,587800,0,0,0,0,0,0
63032399,인텔 코어i9-14세대 14900KS (랩터레이크 리프레시),인텔 코어i9-14세대 14900KS,랩터레이크 리프레시,"_정품_1,035,590|_벌크_1,002,390|해외구매 | _정품_1,035,590|_벌크_1,007,580|해외구매 | _정품_1,035,590|_벌크_1,017,970|해외구매 | _정품_1,035,590|_벌크_1,023,160|해외구매 | _정품_1,035,590|벌크_1,007,580|_해외구매 | _정품_1,035,600|벌크_1,007,580|_해외구매 | _정품_1,043,770|벌크_1,007,580|_해외구매 | _정품_1,043,810|벌크_1,007,580|_해외구매 | _정품_1,043,870|벌크_1,007,580|_해외구매 | _정품_1,043,910|벌크_1,007,580|_해외구매 | _정품_1,048,080|벌크_1,064,950|_해외구매 | _정품_1,050,040|벌크_1,007,580|_해외구매 | _정품_1,050,060|벌크_1,064,950|_해외구매 | _정품_1,050,060|벌크_1,140,400|_해외구매 | _정품_1,050,100|벌크_1,064,950|_해외구매 | _정품_1,050,140|벌크_1,064,950|_해외구매 | _정품_1,058,830|벌크_1,064,950|_해외구매",1189700,1189570,1183150,1212690,1212690,1212690,1212690,1212690,1212690,1212690,1212690,1223420,1223420,1223420,1223420,1223420,1223420,1223420,1223420,1223420,1223420,1223420,1223420,1223420,0,0,0,0,0,0
40895423,인텔 코어i9-14세대 14900KS (랩터레이크 리프레시),인텔 코어i9-14세대 14900KS,랩터레이크 리프레시,"_정품_1,035,590|_벌크_1,002,390|해외구매 | _정품_1,035,590|_벌크_1,007,580|해외구매 | _정품_1,035,590|_벌크_1,017,970|해외구매 | _정품_1,035,590|_벌크_1,023,160|해외구매 | _정품_1,035,590|벌크_1,007,580|_해외구매 | _정품_1,035,600|벌크_1,007,580|_해외구매 | _정품_1,043,770|벌크_1,007,580|_해외구매 | _정품_1,043,810|벌크_1,007,580|_해외구매 | _정품_1,043,870|벌크_1,007,580|_해외구매 | _정품_1,043,910|벌크_1,007,580|_해외구매 | _정품_1,048,080|벌크_1,064,950|_해외구매 | _정품_1,050,040|벌크_1,007,580|_해외구매 | _정품_1,050,060|벌크_1,064,950|_해외구매 | _정품_1,050,060|벌크_1,140,400|_해외구매 | _정품_1,050,100|벌크_1,064,950|_해외구매 | _정품_1,050,140|벌크_1,064,950|_해외구매 | _정품_1,058,830|벌크_1,064,950|_해외구매",1189700,1189570,1183150,1212690,1212690,1212690,1212690,1212690,1212690,1212690,1212690,1223420,1223420,1223420,1223420,1223420,1223420,1223420,1223420,1223420,1223420,1223420,1223420,1223420,0,0,0,0,0,0
32444732,인텔 코어i9-14세대 14900T (랩터레이크 리프레시),인텔 코어i9-14세대 14900T,랩터레이크 리프레시,벌크,919090,918960,918850,918730,918610,918530,918410,918280,918160,918050,917960,917930,917810,917690,917560,917440,917360,917330,917200,917090,916970,916840,916720,916610,0,0,0,0,0,0
9321774,인텔 코어i9-9세대 9900 (커피레이크-R),인텔 코어i9-9세대 9900,커피레이크-R,"_벌크 + 쿨러_576,910|_해외구매 | _벌크 + 쿨러_576,910|벌크_605,090|_해외구매",243050,243050,243050,243050,243050,243050,243050,243050,243050,243050,243050,243050,243050,243050,243050,243050,243050,243050,243050,243050,243050,243050,243050,243050,0,0,0,0,0,0
6654427,인텔 코어i9-9세대 9900K (커피레이크-R),인텔 코어i9-9세대 9900K,커피레이크-R,"_벌크 + 쿨러_770,000|벌크_750,000|_중고_399,990|해외구매 | _벌크 + 쿨러_770,000|벌크_750,000|_중고_407,860|해외구매 | 벌크 + 쿨러_770,000|벌크_750,000|_중고_399,990|_해외구매 | 벌크 + 쿨러_770,000|벌크_750,000|_중고_407,860|_해외구매",386110,386110,386110,386110,386110,386110,386110,386110,386110,386110,386110,386110,386110,386110,386110,386110,386110,386110,386110,386110,386110,386110,386110,386110,0,0,0,0,0,0
7559767,인텔 코어i9-9세대 9900KF (커피레이크-R),인텔 코어i9-9세대 9900KF,커피레이크-R,"_정품_539,000|_벌크_399,900|해외구매 | _정품_539,000|벌크_399,900|_해외구매",381890,381890,381890,381890,381890,381890,381890,381890,381890,381890,381890,381890,381890,381890,381890,381890,381890,381890,381890,381890,381890,381890,381890,381890,0,0,0,0,0,0
4147789,인텔 펜티엄 E5300 (울프데일),인텔 펜티엄 E5300,울프데일,중고,0,0,0,0,0,0,0,0,0,0,0,0,0,0,0,930,0,0,0,0,0,0,0,0,0,0,0,0,0,0
4148123,인텔 펜티엄 E6500 (울프데일),인텔 펜티엄 E6500,울프데일,중고,0,0,0,0,0,0,0,0,0,0,0,0,0,0,1990,1990,0,0,0,0,0,0,0,0,0,0,0,0,0,0
6112933,인텔 펜티엄 G3220 (하스웰),인텔 펜티엄 G3220,하스웰,"_중고_1,490|_벌크",3200,3200,3200,3200,3200,3200,3200,3200,3200,3200,3200,3200,3200,3200,3200,3200,3200,3200,3200,3200,3200,3200,3200,3200,0,0,0,0,0,0
6112992,인텔 펜티엄 G3240 (하스웰 리프레시),인텔 펜티엄 G3240,하스웰 리프레시,중고,1800,1800,1800,1800,1800,1800,1800,1800,1800,0,0,0,0,0,0,0,0,0,0,0,0,0,0,0,0,0,0,0,0,0
2783187,인텔 펜티엄 G3240 (하스웰 리프레시),인텔 펜티엄 G3240,하스웰 리프레시,"_벌크 + 쿨러_258,300|_중고 | _벌크 + 쿨러_269,900|_중고",0,0,0,0,0,0,0,0,0,1800,1800,1800,1800,1800,1800,1800,1800,1800,1800,1800,1800,1800,1800,1800,0,0,0,0,0,0
6112998,인텔 펜티엄 G3250 (하스웰 리프레시),인텔 펜티엄 G3250,하스웰 리프레시,중고,1980,1980,0,0,0,1980,1980,1980,1980,1980,0,0,0,0,0,0,0,0,0,1980,1980,1980,1980,1980,0,0,0,0,0,0
3169325,인텔 펜티엄 G3260 (하스웰 리프레시),인텔 펜티엄 G3260,하스웰 리프레시,"_벌크 + 쿨러_20,630|벌크_2,700|_중고 | _벌크 + 쿨러_20,760|벌크_2,700|_중고 | _벌크 + 쿨러_20,790|벌크_2,700|_중고 | _벌크 + 쿨러_20,820|벌크_2,700|_중고 | _벌크 + 쿨러_20,850|벌크_2,700|_중고 | _벌크 + 쿨러_20,980|벌크_2,700|_중고 | _벌크 + 쿨러_21,090|벌크_2,130|_중고 | _벌크 + 쿨러_21,220|벌크_2,130|_중고 | _벌크 + 쿨러_21,390|벌크_2,700|_중고 | 벌크 + 쿨러_21,390|_벌크_2,700|_중고",990,990,990,990,990,990,990,990,990,990,990,990,990,990,990,990,990,990,990,990,990,990,930,890,0,0,0,0,0,0
2216200,인텔 펜티엄 G3420 (하스웰),인텔 펜티엄 G3420,하스웰,"_벌크_3,000|_중고",2490,2490,2490,2490,2490,2490,2490,2490,2490,2490,2490,2490,2490,2490,2490,2490,2490,2490,2490,2490,2490,2490,2490,2490,0,0,0,0,0,0
3493026,인텔 펜티엄 G4400 (스카이레이크),인텔 펜티엄 G4400,스카이레이크,"_벌크 + 쿨러_7,380|벌크_2,500|_중고 | _벌크 + 쿨러_7,380|벌크_3,490|_중고 | 벌크 + 쿨러_7,380|_벌크_3,490|_중고 | 벌크 + 쿨러_7,440|_벌크_2,500|_중고 | 벌크 + 쿨러_7,460|_벌크_2,500|_중고 | 벌크 + 쿨러_7,460|_벌크_3,490|_중고 | 벌크 + 쿨러_7,560|_벌크_2,500|_중고 | 벌크 + 쿨러_7,690|_벌크_2,500|_중고 | 벌크 + 쿨러_7,810|_벌크_2,500|_중고 | 벌크 + 쿨러_7,920|_벌크_2,500|_중고",2500,2500,2500,2500,2500,2490,2490,2490,2490,2490,2420,2390,2300,2470,2350,2490,2480,2470,2460,2450,2440,2430,2420,2410,0,0,0,0,0,0
15851462,인텔 펜티엄 G4500 (스카이레이크),인텔 펜티엄 G4500,스카이레이크,"_해외구매_20,650|_중고 | _해외구매_22,190|_중고",3290,3290,3290,3290,3290,3290,3290,3290,3490,3490,3490,3490,3490,3490,3490,3490,3490,3490,3490,3490,3490,3490,3490,3490,0,0,0,0,0,0
4866397,인텔 펜티엄 G4560 (카비레이크),인텔 펜티엄 G4560,카비레이크,"_벌크 + 쿨러_7,110|벌크_3,110|해외구매_14,690|_중고 | _벌크 + 쿨러_7,110|벌크_3,120|해외구매_14,690|_중고 | _벌크 + 쿨러_7,120|벌크_3,110|해외구매_14,690|_중고 | _벌크 + 쿨러_7,190|벌크_3,140|해외구매_14,690|_중고 | _벌크 + 쿨러_7,230|벌크_3,180|해외구매_14,690|_중고 | _벌크 + 쿨러_7,360|벌크_3,310|해외구매_14,690|_중고 | _벌크 + 쿨러_7,480|벌크_3,340|해외구매_14,690|_중고 | _벌크 + 쿨러_7,510|벌크_3,120|해외구매_14,690|_중고",2900,2900,2900,2900,2900,2900,2900,2900,2900,2900,2900,2900,2900,2900,2900,2900,2900,2900,2900,2900,2900,2900,2900,2900,0,0,0,0,0,0
5221428,인텔 펜티엄 G4600 (카비레이크),인텔 펜티엄 G4600,카비레이크,"벌크 + 쿨러_9,780|_벌크_6,890|해외구매_21,000|_중고 | 벌크 + 쿨러_9,780|_벌크_6,890|해외구매_22,540|_중고 | 벌크 + 쿨러_9,780|_벌크_6,890|해외구매_22,660|_중고 | 벌크 + 쿨러_9,790|_벌크_6,890|해외구매_22,540|_중고 | 벌크 + 쿨러_9,800|_벌크_6,890|해외구매_22,540|_중고 | 벌크 + 쿨러_9,820|_벌크_6,890|해외구매_22,540|_중고 | 벌크 + 쿨러_9,840|_벌크_6,890|해외구매_22,540|_중고 | 벌크 + 쿨러_9,890|_벌크_6,890|해외구매_22,800|_중고 | 벌크 + 쿨러_9,940|_벌크_6,890|해외구매_22,540|_중고",4500,4500,4500,4970,4190,4190,4190,4190,4190,4190,4190,4190,4190,4190,4190,4190,4190,4190,4190,4190,4190,4190,4190,0,0,0,0,0,0,0
5221419,인텔 펜티엄 G4600 (카비레이크),인텔 펜티엄 G4600,카비레이크,"_벌크_6,890|해외구매_22,540|_중고",0,0,0,0,0,0,0,0,0,0,0,0,0,0,0,0,0,0,0,0,0,0,0,4190,0,0,0,0,0,0
1376157,인텔 펜티엄 G620 (샌디브릿지),인텔 펜티엄 G620,샌디브릿지,"_벌크_1,790|_중고",2270,2190,2190,2190,2190,2190,2190,2190,2190,2190,2190,2190,2190,2190,2190,2190,2190,2190,2190,2190,2190,2190,2190,2190,0,0,0,0,0,0
1520561,인텔 펜티엄 G630 (샌디브릿지),인텔 펜티엄 G630,샌디브릿지,"_정품_2,160|_벌크_1,790|중고",1990,1990,1990,1990,1990,1990,1990,1990,1990,1990,1990,1990,1990,1990,1990,1990,1990,1990,1990,1990,1920,2000,1900,1900,0,0,0,0,0,0
1376038,인텔 펜티엄 G840 (샌디브릿지),인텔 펜티엄 G840,샌디브릿지,중고,0,0,0,1490,1490,1490,1490,1490,1490,1490,1490,1490,0,0,0,0,0,0,0,0,0,0,1490,1490,0,0,0,0,0,0
1376176,인텔 펜티엄 G850 (샌디브릿지),인텔 펜티엄 G850,샌디브릿지,중고,1990,1990,1990,1990,1990,1990,1990,1990,1990,1990,0,0,0,0,0,0,0,0,1990,1990,1990,1990,1990,1990,0,0,0,0,0,0
1513439,인텔 펜티엄 G860 (샌디브릿지),인텔 펜티엄 G860,샌디브릿지,중고,0,0,0,0,0,0,2090,2090,2090,2090,2090,2090,2090,2090,2090,2090,2090,2090,2090,2090,2090,0,2090,0,0,0,0,0,0,0
6060229,인텔 펜티엄 골드 G5400 (커피레이크),인텔 펜티엄 골드 G5400,커피레이크,"_벌크 + 쿨러_15,570|벌크_10,830|해외구매_20,090|_중고 | _벌크 + 쿨러_15,580|_벌크_10,830|해외구매_20,090|중고 | _벌크 + 쿨러_15,610|벌크_10,830|해외구매_20,090|_중고 | _벌크 + 쿨러_15,620|_벌크_10,830|해외구매_20,090|중고 | _벌크 + 쿨러_15,650|_벌크_10,830|해외구매_20,090|중고 | _벌크 + 쿨러_15,730|_벌크_10,830|해외구매_20,090|중고 | _벌크 + 쿨러_15,740|_벌크_10,830|해외구매_20,090|중고 | _벌크 + 쿨러_15,740|벌크_10,830|해외구매_20,090|_중고 | _벌크 + 쿨러_15,850|_벌크_10,830|해외구매_20,090|중고 | _벌크 + 쿨러_15,970|_벌크_10,830|해외구매_20,090|중고",5930,5930,5930,5930,5930,5930,5930,5930,5930,5000,5000,5000,5000,5000,5000,5000,5000,5000,5000,5000,5000,5000,5000,5000,0,0,0,0,0,0
10535205,인텔 펜티엄 골드 G5420 (커피레이크-R),인텔 펜티엄 골드 G5420,커피레이크-R,"_벌크_11,810|해외구매_32,990|_중고 | _벌크_11,900|해외구매_32,990|_중고",10990,10990,10990,10990,10890,10890,10890,10890,10890,10890,10890,10890,10890,10890,10890,10890,10890,8900,8900,8900,8900,8900,8900,8900,0,0,0,0,0,0
11405214,인텔 펜티엄 골드 G6400 (코멧레이크S),인텔 펜티엄 골드 G6400,코멧레이크S,"_정품_150,190|_벌크 + 쿨러_61,500|벌크_53,540|해외구매_108,990|중고 | _정품_150,190|_벌크 + 쿨러_61,500|벌크_53,660|해외구매_108,990|중고 | _정품_150,190|_벌크 + 쿨러_61,500|벌크_53,690|해외구매_108,990|중고 | _정품_150,190|_벌크 + 쿨러_61,500|벌크_53,770|해외구매_108,990|중고 | _정품_150,190|벌크 + 쿨러_61,500|_벌크_52,960|해외구매_108,990|중고 | _정품_150,190|벌크 + 쿨러_61,500|_벌크_53,050|해외구매_108,990|중고 | _정품_150,190|벌크 + 쿨러_61,500|_벌크_53,170|해외구매_108,990|중고 | _정품_150,190|벌크 + 쿨러_61,500|_벌크_53,300|해외구매_108,990|중고 | _정품_150,190|벌크 + 쿨러_61,500|_벌크_53,420|해외구매_108,990|중고 | _정품_150,190|벌크 + 쿨러_61,500|_벌크_53,450|해외구매_108,990|중고 | _정품_150,190|벌크 + 쿨러_61,500|_벌크_53,540|해외구매_108,990|중고 | _정품_150,190|벌크 + 쿨러_61,500|벌크_53,890|_해외구매_107,690|중고 | _정품_150,190|벌크 + 쿨러_61,500|벌크_54,010|_해외구매_107,690|중고 | _정품_150,190|벌크 + 쿨러_61,500|벌크_54,050|_해외구매_107,690|중고 | _정품_150,190|벌크 + 쿨러_61,500|벌크_54,080|_해외구매_107,690|중고 | _정품_150,190|벌크 + 쿨러_61,500|벌크_54,680|_해외구매_107,690|중고 | _정품_97,430|벌크 + 쿨러_62,870|벌크_55,370|해외구매_107,690|_중고 | _정품_97,430|벌크 + 쿨러_62,930|벌크_55,250|_해외구매_107,690|중고 | _정품_97,430|벌크 + 쿨러_63,000|벌크_55,280|해외구매_107,690|_중고 | _정품_99,690|벌크 + 쿨러_63,000|벌크_55,130|_해외구매_107,690|중고",54930,54840,54810,54690,54570,54490,54370,54240,54120,54000,53920,53890,53980,53980,53980,53980,53980,53980,53890,53860,53740,53610,53490,53380,0,0,0,0,0,0
13620101,인텔 펜티엄 골드 G6405 (코멧레이크S 리프레시),인텔 펜티엄 골드 G6405,코멧레이크S 리프레시,"_정품_159,000|_벌크 + 쿨러_87,960|벌크_80,359|해외구매 | _정품_159,000|_벌크 + 쿨러_87,960|벌크_82,790|해외구매",110690,110690,110690,110690,110690,110690,110690,110690,110690,117990,117990,117990,117990,117990,117990,117990,117990,117990,117990,117990,117990,117990,117990,117990,0,0,0,0,0,0
16100921,인텔 펜티엄 골드 G7400 (엘더레이크),인텔 펜티엄 골드 G7400,엘더레이크,"_정품_138,000|_벌크 + 쿨러_93,230|벌크_83,450|해외구매 | _정품_138,000|_벌크 + 쿨러_93,240|벌크_83,350|해외구매 | _정품_138,000|_벌크 + 쿨러_93,240|벌크_83,570|해외구매 | _정품_138,000|_벌크 + 쿨러_93,240|벌크_83,610|해외구매 | _정품_138,000|_벌크 + 쿨러_93,360|벌크_83,600|해외구매 | _정품_138,000|벌크 + 쿨러_91,820|_벌크_81,930|해외구매 | _정품_138,000|벌크 + 쿨러_92,310|_벌크_82,440|해외구매 | _정품_138,000|벌크 + 쿨러_92,330|_벌크_82,440|해외구매 | _정품_138,000|벌크 + 쿨러_92,750|_벌크_82,870|해외구매 | _정품_138,000|벌크 + 쿨러_92,990|_벌크_82,980|해외구매 | _정품_138,000|벌크 + 쿨러_93,040|_벌크_83,040|해외구매 | _정품_138,000|벌크 + 쿨러_93,160|_벌크_83,160|해외구매 | _정품_138,000|벌크 + 쿨러_93,200|_벌크_83,200|해외구매 | _정품_138,000|벌크 + 쿨러_93,210|_벌크_83,290|해외구매",123000,123000,123000,123000,123000,123000,123000,123000,123000,123000,123000,123000,123000,123000,123000,123000,123000,123000,123000,123000,123000,123000,123000,123000,0,0,0,0,0,0
38452358,인텔 프로세서 300 (랩터레이크 리프레시),인텔 프로세서 300,랩터레이크 리프레시,"_정품_289,330|벌크 + 쿨러_91,660|_벌크 | _정품_289,330|벌크 + 쿨러_92,090|_벌크 | _정품_289,330|벌크 + 쿨러_92,200|_벌크 | _정품_289,330|벌크 + 쿨러_92,320|_벌크 | _정품_289,330|벌크 + 쿨러_92,450|_벌크 | _정품_289,330|벌크 + 쿨러_92,570|_벌크 | _정품_289,330|벌크 + 쿨러_92,600|_벌크 | _정품_289,330|벌크 + 쿨러_92,690|_벌크",78320,78320,78320,79280,79160,79080,78960,78830,78710,78600,78510,78480,79190,79190,79190,79190,79190,79190,79100,79070,78950,78820,78700,78590,0,0,0,0,0,0
32039399,인텔 프로세서 300 (랩터레이크 리프레시),인텔 프로세서 300,랩터레이크 리프레시,"_정품_289,330|벌크 + 쿨러_91,660|_벌크 | _정품_289,330|벌크 + 쿨러_92,090|_벌크 | _정품_289,330|벌크 + 쿨러_92,200|_벌크 | _정품_289,330|벌크 + 쿨러_92,320|_벌크 | _정품_289,330|벌크 + 쿨러_92,450|_벌크 | _정품_289,330|벌크 + 쿨러_92,570|_벌크 | _정품_289,330|벌크 + 쿨러_92,600|_벌크 | _정품_289,330|벌크 + 쿨러_92,690|_벌크",78320,78320,78320,79280,79160,79080,78960,78830,78710,78590,78510,78480,79190,79190,79190,79190,79190,79190,79100,79070,78950,78820,78700,78590,0,0,0,0,0,0
