Id,Name,cpu_model,cpu_codename,sale_info,2025-01-01,2025-01-02,2025-01-03,2025-01-04,2025-01-05,2025-01-06,2025-01-07,2025-01-08,2025-01-09,2025-01-10,2025-01-11,2025-01-12,2025-01-13,2025-01-14,2025-01-15,2025-01-16,2025-01-17,2025-01-18,2025-01-19,2025-01-20,2025-01-21,2025-01-22,2025-01-23,2025-01-24,2025-01-25,2025-01-26,2025-01-27,2025-01-28,2025-01-29,2025-01-30,2025-01-31
15834833,AMD A4 3400 (라노),AMD A4 3400,라노,중고,0,0,0,0,0,0,1420,1340,0,1340,0,0,0,1400,0,1390,0,1390,1390,1390,1390,0,1200,0,1200,0,1200,1200,1200,1200,1200
18170813,AMD A4 7300 (리치랜드),AMD A4 7300,리치랜드,중고,1990,1990,1990,1990,1990,1990,1990,1990,1990,1990,1990,1990,1990,1990,1990,1990,1990,1990,1990,1990,1990,1990,1990,1990,1990,1990,1990,1990,1990,1990,1990
9736854,AMD EPYC 7232P (롬),AMD EPYC 7232P,롬,정품,0,0,0,924000,924000,924000,0,0,0,0,0,0,0,0,0,0,0,0,0,0,0,0,0,0,0,0,0,0,0,0,0
9736752,AMD EPYC 7302 (롬),AMD EPYC 7302,롬,정품,0,0,0,0,0,0,0,1985930,0,0,0,0,0,0,0,0,0,0,0,0,0,0,0,0,0,0,0,0,0,1983510,1983390
9736764,AMD EPYC 7302P (롬),AMD EPYC 7302P,롬,정품,1057250,1057220,1057100,1056980,1062790,1062790,1062790,1062690,1062560,1062450,1062440,1062410,1062290,1062170,0,0,0,0,0,0,0,1061210,0,0,0,0,0,0,0,0,0
16909040,AMD EPYC 7543 (밀라노),AMD EPYC 7543,밀라노,정품,1703260,1703160,1703130,1703010,1704790,1704790,1704790,1704690,1704560,1704450,1704440,1704410,1704290,1704170,1704050,1703930,1703810,1703690,1703570,1703450,1703330,1703210,1703090,1702970,1702850,1702730,1702610,1702510,1702390,1702270,1702150
9736071,AMD EPYC 7742 (롬),AMD EPYC 7742,롬,정품,0,0,0,0,0,0,0,0,0,0,0,0,0,0,0,0,0,0,0,0,0,0,0,0,0,0,0,0,0,0,12799910
16908977,AMD EPYC 7763 (밀라노),AMD EPYC 7763,밀라노,정품,13699990,0,13699990,13699990,13699990,13699990,13699990,13699990,13699990,13699990,13699990,13699990,13699990,0,0,13699990,13699990,13699990,13699990,13699990,13699990,13699990,13699990,13699990,13699990,13699990,13699990,13699990,13699990,13699990,13699990
28159028,AMD FX 4100 (잠베지),AMD FX 4100,잠베지,중고,3620,3590,3580,3560,3680,3680,3680,3600,3570,3550,3680,3650,3560,3680,3650,3680,3680,3680,3680,3680,3680,3670,3670,3660,3660,3680,3680,3710,3680,0,0
4143917,AMD FX 8300 (비쉐라),AMD FX 8300,비쉐라,중고,22460,22430,22420,22390,22490,22490,22490,22490,22460,22430,22420,22390,22270,22500,22490,22490,22490,22490,22490,22490,23030,22790,22790,22790,23240,23030,23030,22490,22490,22490,22490
5565728,AMD 라이젠 스레드리퍼 1950X (화이트헤븐),AMD 라이젠 스레드리퍼 1950X,화이트헤븐,해외구매,944890,944890,944890,944890,944900,944900,990200,990200,990200,990200,990200,990200,990200,990200,990200,990200,990200,990200,990200,990200,990200,990200,990200,990200,990200,990200,990200,990200,990200,990200,990200
11038053,AMD 라이젠 스레드리퍼 2970WX (콜팩스),AMD 라이젠 스레드리퍼 2970WX,콜팩스,해외구매,1650600,1650600,1650600,1650600,1650600,1650600,1650600,1650600,1650600,1650600,1650600,1650600,1650600,1650600,1650600,1650600,1650600,1650600,1650600,1650600,1650600,1650600,1650600,1650600,1650600,1650600,1650600,1650600,1650600,1650600,1650600
11035740,AMD 라이젠 스레드리퍼 2990WX (콜팩스),AMD 라이젠 스레드리퍼 2990WX,콜팩스,해외구매,5178442,5400000,5400000,5400000,5400000,5400000,5400000,5400000,5400000,5400000,5400000,5400000,5400000,5400000,5400000,5400000,5400000,5400000,5400000,5400000,5400000,5400000,5400000,5400000,5400000,5400000,5400000,5400000,5400000,5400000,5400000
14079716,AMD 라이젠 스레드리퍼 3970X (캐슬 픽),AMD 라이젠 스레드리퍼 3970X,캐슬 픽,해외구매,2771300,2771300,2771300,2771300,2771300,2869400,2869390,2869390,2869390,2869390,2869390,2869390,2869390,2749700,2749700,2749700,2749700,2749700,2749700,2749700,2749700,2749700,2749700,2749700,2749700,2749700,2749700,2749700,2749700,2749700,2732100
30131825,AMD 라이젠 스레드리퍼 7960X (스톰 픽),AMD 라이젠 스레드리퍼 7960X,스톰 픽,"_정품_2,361,690|_멀티팩(정품)",2264390,2264390,2264390,2264390,2264390,2264390,2264390,2264390,2264390,2264390,2264390,2264390,2264390,2264390,2264390,2264390,2264390,2264390,2264390,2264390,2264390,2264390,2264390,2264390,2264390,2264390,2264390,2264390,2264390,2264390,2264390
30131816,AMD 라이젠 스레드리퍼 7970X (스톰 픽),AMD 라이젠 스레드리퍼 7970X,스톰 픽,"_정품_3,588,240|_멀티팩(정품) | _정품_3,588,270|_멀티팩(정품) | _정품_3,588,280|_멀티팩(정품) | _정품_3,588,310|_멀티팩(정품) | _정품_3,589,990|_멀티팩(정품) | _정품_3,590,000|_멀티팩(정품)",3620000,3620000,3620000,3620000,3620000,3620000,3620000,3620000,3620000,3620000,3620000,3620000,3620000,3620000,3620000,3667190,3667190,3667190,3667190,3667190,3667190,3667190,3590000,3590000,3590000,3590000,3590000,3590000,3590000,3590000,3590000
30131798,AMD 라이젠 스레드리퍼 7980X (스톰 픽),AMD 라이젠 스레드리퍼 7980X,스톰 픽,"_정품_7,878,990|_멀티팩(정품) | 정품",7878990,7878990,7878990,7878990,7878990,7878990,7878990,7878990,7878990,7878990,7878990,7878990,7359000,7359000,7359000,7359000,7359000,7359000,7359000,7359000,7359000,7359000,7359000,7359000,7359000,7359000,7359000,7359000,7359000,7359000,7359000
13491257,AMD 라이젠 스레드리퍼 PRO 3955WX (캐슬 픽-W),AMD 라이젠 스레드리퍼 PRO 3955WX,캐슬 픽-W,"_정품_1,341,080|_해외구매",1950680,1950680,1950680,1853160,1950680,1832600,1832600,1832600,1832600,1832600,1832600,1832600,1832600,1832600,1832600,1832600,1832600,1832600,1832600,1832600,1832600,1832600,1832600,1832600,1832600,1832600,1832600,1832600,1832600,1832600,1832600
18614342,AMD 라이젠 스레드리퍼 PRO 3975WX (캐슬 픽-W),AMD 라이젠 스레드리퍼 PRO 3975WX,캐슬 픽-W,"_벌크_3,892,480|_해외구매_2,822,890|중고 | _벌크_3,892,480|_해외구매_2,865,590|중고 | _벌크_3,892,480|_해외구매_2,865,600|중고 | _벌크_3,892,480|_해외구매_3,003,090|중고 | _벌크_3,892,480|_해외구매_3,003,100|중고 | _벌크_3,892,480|_해외구매_3,082,090|중고",3403980,3403980,3403980,3233790,3403980,3403980,3233790,3233790,3233790,3233790,3403980,3233790,3403980,3233790,3233790,3233790,3403980,3403980,3233790,3233790,3233790,3233790,3403980,3233790,3233790,3233790,3233790,3233790,3233790,3233790,3233790
18000296,AMD 라이젠 스레드리퍼 PRO 3995WX (캐슬 픽-W),AMD 라이젠 스레드리퍼 PRO 3995WX,캐슬 픽-W,해외구매,10998480,10998480,10998480,10998480,10998480,10998480,10998480,10998480,10998480,10998480,10998480,10998480,10998480,10998480,10998480,10998480,10998480,10998480,10998480,10998480,10998480,10998480,10998480,10998480,10998480,10998480,10998480,10998480,10998480,10998480,10998480
18055820,AMD 라이젠 스레드리퍼 PRO 5955WX (샤갈 프로),AMD 라이젠 스레드리퍼 PRO 5955WX,샤갈 프로,"_정품_1,637,970|_벌크_1,640,000|해외구매 | _정품_1,658,960|_벌크_1,595,000|해외구매 | _정품_1,658,960|_벌크_1,640,000|해외구매 | _정품_1,658,970|_벌크_1,638,000|해외구매 | _정품_1,658,970|벌크_1,638,000|_해외구매",1695400,1695400,1695400,1695400,1695400,1872820,1872820,1850050,1849960,1886670,1931990,1931990,1931990,1664980,1643980,1699810,1445310,1445310,1445310,1445310,1445310,1419070,1419070,1419070,1419070,1419070,1416000,1416000,1416000,1416000,1416000
17570816,AMD 라이젠 스레드리퍼 PRO 5965WX (샤갈 프로),AMD 라이젠 스레드리퍼 PRO 5965WX,샤갈 프로,"_정품_2,890,000|_해외구매 | _정품_2,899,170|_해외구매 | _정품_2,899,290|_해외구매 | _정품_2,899,410|_해외구매 | _정품_2,899,530|_해외구매 | _정품_2,899,650|_해외구매 | _정품_2,899,770|_해외구매 | _정품_2,899,890|_해외구매 | _정품_2,983,720|_해외구매 | _정품_2,983,840|_해외구매 | _정품_2,983,960|_해외구매 | _정품_2,984,080|_해외구매 | _정품_2,984,200|_해외구매 | _정품_2,984,320|_해외구매 | _정품_2,984,380|_해외구매 | _정품_2,984,490|_해외구매 | _정품_2,984,620|_해외구매 | _정품_2,984,740|_해외구매 | _정품_2,984,860|_해외구매 | _정품_2,984,890|_해외구매 | _정품_2,984,900|_해외구매 | _정품_2,985,020|_해외구매 | _정품_2,985,060|_해외구매 | _정품_2,985,090|_해외구매",4181000,4181000,3990950,3990950,3948940,3948940,3948940,4074970,3948940,3948940,4291570,4291570,4291570,4291570,4291570,4291570,2983690,2983690,2983690,2983690,2983690,2983690,2983690,2983690,2983690,2983690,2983690,2983690,2983690,2983690,2983690
20685467,AMD 라이젠 스레드리퍼 PRO 5975WX (샤갈 프로),AMD 라이젠 스레드리퍼 PRO 5975WX,샤갈 프로,"멀티팩(정품)_1,850,000|_정품_2,950,000|_해외구매 | 멀티팩(정품)_1,850,000|_정품_3,584,500|_해외구매 | 멀티팩(정품)_1,850,000|_정품_3,584,510|_해외구매 | 멀티팩(정품)_3,365,900|_정품_2,950,000|_해외구매 | 멀티팩(정품)_3,453,600|_정품_2,950,000|_해외구매 | 멀티팩(정품)_3,478,790|_정품_3,584,510|_해외구매 | 멀티팩(정품)_3,478,890|_정품_3,584,510|_해외구매 | 멀티팩(정품)_3,479,790|_정품_2,950,000|_해외구매",3633600,3633570,3633560,3633530,3936300,3936300,3936300,3936200,3936070,3935960,3522990,4453560,4453460,4453350,4453230,4429530,4429530,3815000,3815560,3812580,3981440,3981440,3981440,3981440,3924540,3924540,3924540,3924540,3924540,3924540,3924540
17570783,AMD 라이젠 스레드리퍼 PRO 5995WX (샤갈 프로),AMD 라이젠 스레드리퍼 PRO 5995WX,샤갈 프로,정품,8423280,8423280,8423280,8423280,8423280,8423280,8423280,8423280,8423280,8423280,8423280,8423280,8423280,8423280,8423280,8423280,8423270,8423270,8423270,8423270,8423270,8423270,8423270,8423270,8423270,8423270,8423270,8423270,8423270,8423270,8423270
72674036,AMD 라이젠 스레드리퍼 PRO 7955WX (스톰 픽),AMD 라이젠 스레드리퍼 PRO 7955WX,스톰 픽,"_멀티팩(정품)_2,772,990|_정품 | _멀티팩(정품)_2,773,000|_정품 | _멀티팩(정품)_2,784,860|_정품 | _멀티팩(정품)_2,795,230|_정품",2800000,2800000,2800000,2800000,2800000,2800000,2800000,2800000,2800000,2800000,2800000,2800000,2800000,2800000,2800000,2800000,2773000,2772990,2772990,2772990,2772990,2772990,2772990,2772990,2772990,2772990,2772990,2772990,2772990,2772990,2772990
30143039,AMD 라이젠 스레드리퍼 PRO 7965WX (스톰 픽),AMD 라이젠 스레드리퍼 PRO 7965WX,스톰 픽,"_멀티팩(정품)_3,640,290|_정품 | _멀티팩(정품)_3,640,300|_정품 | _멀티팩(정품)_3,848,320|_정품 | _멀티팩(정품)_3,848,440|_정품 | _멀티팩(정품)_3,848,560|_정품 | _멀티팩(정품)_3,848,680|_정품 | _멀티팩(정품)_3,848,800|_정품 | _멀티팩(정품)_3,848,830|_정품 | _멀티팩(정품)_3,848,920|_정품 | _멀티팩(정품)_3,849,040|_정품 | _멀티팩(정품)_3,849,160|_정품 | _멀티팩(정품)_3,849,280|_정품 | _멀티팩(정품)_3,849,400|_정품 | _멀티팩(정품)_3,849,430|_정품 | _멀티팩(정품)_3,931,430|_정품 | _멀티팩(정품)_4,104,260|_정품 | _멀티팩(정품)_4,104,380|_정품 | _멀티팩(정품)_4,104,500|_정품 | _멀티팩(정품)_4,104,620|_정품 | _멀티팩(정품)_4,104,730|_정품 | _멀티팩(정품)_4,104,860|_정품 | _멀티팩(정품)_4,104,980|_정품 | _멀티팩(정품)_4,105,100|_정품 | _멀티팩(정품)_4,105,130|_정품 | _멀티팩(정품)_4,105,140|_정품 | _멀티팩(정품)_4,105,170|_정품 | _멀티팩(정품)_4,105,180|_정품 | _멀티팩(정품)_4,105,210|_정품",4007140,4007110,4007100,4007070,4008150,4008150,4008150,4008050,4007920,4007810,4007800,4007770,4007650,4007530,4007410,4007290,4007170,4007050,4006930,4006810,4006720,4006690,4006570,4006450,4006330,4006210,4006120,4007260,4007260,4007260,4007260
30143105,AMD 라이젠 스레드리퍼 PRO 7975WX (스톰 픽),AMD 라이젠 스레드리퍼 PRO 7975WX,스톰 픽,"_멀티팩(정품)_5,962,830|정품_6,953,000|_해외구매 | _멀티팩(정품)_5,962,860|정품_6,953,000|_해외구매 | _멀티팩(정품)_5,962,870|정품_6,953,000|_해외구매 | _멀티팩(정품)_5,962,900|정품_6,953,000|_해외구매 | _멀티팩(정품)_6,048,830|정품_6,953,000|_해외구매",7384040,7383940,7383910,7383790,7383780,7383750,7383630,7383510,7383380,7383270,7383260,7383230,7383110,7382990,7382870,7382750,7382630,7382510,7382390,7382300,7382720,7382720,7382720,7382720,7382720,7382720,7382720,7382720,7382720,7382720,7382720
30143060,AMD 라이젠 스레드리퍼 PRO 7985WX (스톰 픽),AMD 라이젠 스레드리퍼 PRO 7985WX,스톰 픽,"_멀티팩(정품)_10,213,700|_정품 | _멀티팩(정품)_10,213,720|_정품",10597950,10597920,10597910,10597880,10599990,10599990,10599990,10599890,10599760,10599650,10599640,10599610,10599490,10599370,10599250,10599990,10599990,10599990,10599990,10599990,10599990,10599990,10599990,10599990,10599990,10599990,10599990,10599990,10599990,10599990,10599990
30142979,AMD 라이젠 스레드리퍼 PRO 7995WX (스톰 픽),AMD 라이젠 스레드리퍼 PRO 7995WX,스톰 픽,"_멀티팩(정품)_14,089,340|_정품_14,125,990|해외구매 | _멀티팩(정품)_14,089,340|_정품_14,126,000|해외구매",18318920,18318800,18318790,18318760,18319040,19332970,19332970,19332870,19332740,20330500,20330500,20330500,20330500,20330500,20335500,20340500,19129470,18856121,19129470,19129470,18827894,19129470,19129470,18530589,19129470,19129470,19129470,19129470,18319040,18925960,18925960
11876290,AMD 라이젠3 PRO 4350G (르누아르),AMD 라이젠3 PRO 4350G,르누아르,"_멀티팩(정품)_194,000|_해외구매_178,050|중고 | _멀티팩(정품)_194,000|_해외구매_291,120|중고 | _멀티팩(정품)_194,000|_해외구매_291,150|중고 | _멀티팩(정품)_194,000|_해외구매_302,520|중고",78300,78750,78270,78150,78290,78290,78290,78290,78260,78230,78220,78190,78070,77950,78290,78290,78290,78290,78290,78290,80900,80900,80900,80900,80900,80900,80900,78290,78290,78290,78290
18172421,AMD 라이젠3-1세대 2200G (레이븐 릿지),AMD 라이젠3-1세대 2200G,레이븐 릿지,중고,34500,34500,34500,34500,34500,34500,34500,34500,34500,33870,33870,33870,33870,33870,34500,34500,34500,34500,34500,34500,37400,36400,36280,34000,33990,34000,34000,34000,34000,34000,34000
12401438,AMD 라이젠3-2세대 3200G (피카소),AMD 라이젠3-2세대 3200G,피카소,"_멀티팩(정품)_79,010|_정품_80,000|해외구매_141,900|중고 | _멀티팩(정품)_79,070|_정품_80,000|해외구매_141,900|중고 | _멀티팩(정품)_79,080|_정품_80,000|해외구매_141,900|중고 | _멀티팩(정품)_79,140|_정품_79,990|해외구매_141,900|중고 | _멀티팩(정품)_79,140|_정품_80,000|해외구매_141,900|중고 | _멀티팩(정품)_79,680|_정품_80,000|해외구매_141,900|중고 | _멀티팩(정품)_79,800|_정품_80,000|해외구매_141,900|중고 | _멀티팩(정품)_79,920|_정품_80,000|해외구매_141,900|중고 | _멀티팩(정품)_79,950|_정품_80,000|해외구매_141,900|중고 | _멀티팩(정품)_80,000|_정품_80,000|해외구매_141,900|중고 | _멀티팩(정품)_80,000|_정품_80,000|해외구매_144,200|중고 | _멀티팩(정품)_80,000|_정품_80,000|해외구매_149,200|중고 | _멀티팩(정품)_80,010|_정품_80,010|해외구매_149,200|중고 | _멀티팩(정품)_82,050|_정품_84,040|해외구매_159,200|중고 | _멀티팩(정품)_82,050|_정품_84,080|해외구매_159,200|중고 | _멀티팩(정품)_82,050|_정품_88,490|해외구매_159,200|중고",61920,61920,61920,61920,61920,61920,61920,61920,61920,61920,61920,61920,61920,61920,61920,61920,61920,61920,61920,61920,62000,61000,60990,60990,60990,60990,60990,60990,60990,60990,60990
12625094,AMD 라이젠3-3세대 3300X (마티스),AMD 라이젠3-3세대 3300X,마티스,"_멀티팩(정품)_270,000|_해외구매_726,260|중고",50670,50670,50670,50670,50670,50670,50670,50670,50670,50670,50670,50670,50670,50670,50670,45000,45000,45000,45000,45000,49990,49990,49990,49990,49990,49990,49990,45000,45000,45000,45000
70254251,AMD 라이젠3-4세대 5300G (세잔),AMD 라이젠3-4세대 5300G,세잔,멀티팩(정품),979990,142200,142100,142070,142190,142190,142190,979990,979990,979990,979990,979990,979990,979990,979990,979990,979990,979990,979990,979990,999990,999990,124570,124570,999990,999990,999990,999990,999990,999990,999990
11876443,AMD 라이젠5 PRO 4650G (르누아르),AMD 라이젠5 PRO 4650G,르누아르,"_멀티팩(정품)_250,000|_해외구매 | _멀티팩(정품)_278,300|_해외구매 | _멀티팩(정품)_279,990|_해외구매 | _멀티팩(정품)_280,000|_해외구매 | _멀티팩(정품)_282,000|_해외구매 | _멀티팩(정품)_297,620|_해외구매",176650,176650,176650,176650,176650,176650,176650,176650,176650,176650,176650,176650,176650,176650,181270,182000,182000,182000,182000,182000,182000,182000,182000,182000,182000,182000,182000,182000,182000,182000,182000
29658575,AMD 라이젠5 PRO 7645 (라파엘),AMD 라이젠5 PRO 7645,라파엘,멀티팩(정품),346500,346500,346500,346500,346500,346500,346500,346500,346500,346500,346500,346500,0,0,346500,346500,346500,346500,346500,346500,346500,346500,346500,346500,346500,346500,346500,346500,346500,346500,346500
8141410,AMD 라이젠5-1세대 1400 (서밋 릿지),AMD 라이젠5-1세대 1400,서밋 릿지,중고,18900,18900,18900,18900,18900,18900,18900,18900,25920,25920,25920,25920,25920,0,0,0,0,0,0,0,0,0,0,0,0,0,27080,25920,25920,25920,25920
18172463,AMD 라이젠5-1세대 1500X (서밋 릿지),AMD 라이젠5-1세대 1500X,서밋 릿지,중고,28300,28300,28300,0,28300,28300,28300,28300,28300,28300,28300,28300,28300,28300,28300,28300,28300,28300,28300,28300,29000,0,29000,29000,29000,29000,29000,28300,28300,28300,28300
13822442,AMD 라이젠5-1세대 1600 (서밋 릿지),AMD 라이젠5-1세대 1600,서밋 릿지,중고,27900,28420,28420,28420,28420,28420,28420,28420,28420,28420,28420,28420,28420,28420,28420,28420,28420,28420,28420,28420,30900,30900,30900,30900,30900,30900,30900,28420,28420,28420,28420
6333162,AMD 라이젠5-2세대 2600 (피나클 릿지),AMD 라이젠5-2세대 2600,피나클 릿지,해외구매,257900,257900,257900,257900,257900,257900,257900,257900,257900,257900,257900,257900,257900,257900,262900,267900,267900,267900,267900,267900,277900,277900,277900,277900,277900,277900,277900,267900,267900,267900,267900
11026104,AMD 라이젠5-2세대 2600X (피나클 릿지),AMD 라이젠5-2세대 2600X,피나클 릿지,"_해외구매_101,000|_중고",50670,50670,50670,50670,50670,50670,50670,50670,50670,50670,50670,50670,50670,50670,50670,39460,39460,39460,39460,39460,42900,42900,42900,42900,42900,42900,42900,50670,50670,50670,50670
10176534,AMD 라이젠5-2세대 3400G (피카소),AMD 라이젠5-2세대 3400G,피카소,"_멀티팩(정품)_372,600|_해외구매",104470,104470,104470,104470,104470,104470,104470,103310,103310,103310,103310,103310,103310,103310,0,0,0,0,0,0,0,0,0,0,0,0,0,0,0,0,0
11026974,AMD 라이젠5-2세대 3400G (피카소),AMD 라이젠5-2세대 3400G,피카소,해외구매,0,0,0,0,0,0,0,0,0,0,0,0,0,0,103310,103310,106070,106070,106070,106070,107950,107950,107950,107950,107950,107950,107950,106070,106070,106070,106070
12340073,AMD 라이젠5-3세대 3500 (마티스),AMD 라이젠5-3세대 3500,마티스,해외구매,186190,186190,186190,186190,186190,186190,186190,186190,186190,186190,186190,186190,186190,186190,186190,186190,186190,186190,186190,186190,186190,186190,186190,186190,186190,186190,186190,186190,186190,186190,186190
17744591,AMD 라이젠5-3세대 3500X (마티스),AMD 라이젠5-3세대 3500X,마티스,중고,48510,49580,49580,49580,49580,49580,49580,49580,49580,49580,49580,49580,49580,49580,49580,49580,56250,49580,49580,49580,53900,53900,53900,53900,53900,53900,53900,49580,49580,49580,49580
10861092,AMD 라이젠5-3세대 3600 (마티스),AMD 라이젠5-3세대 3600,마티스,"_멀티팩(정품)_172,890|_중고",67410,67500,67500,67500,67500,67500,67500,67980,67980,67980,69000,67980,74790,78750,78750,78750,78750,78750,80500,80500,92600,92480,81290,81290,81290,81290,81290,73170,73170,73170,73170
11024358,AMD 라이젠5-3세대 3600X (마티스),AMD 라이젠5-3세대 3600X,마티스,해외구매,318940,318910,318900,318870,329890,329890,329890,329790,329660,329550,329540,329510,329390,329270,329150,339630,339630,339630,339630,339630,339630,339630,339630,339630,339630,339630,339630,339630,339630,339630,339630
12339050,AMD 라이젠5-3세대 3600XT (마티스),AMD 라이젠5-3세대 3600XT,마티스,중고,84420,84420,84420,84420,84420,84420,84420,84420,84420,84420,84420,84420,84420,84420,84420,82510,82510,84330,82510,82510,91660,91660,91660,91660,91660,91660,91660,82510,82510,82510,82510
16740674,AMD 라이젠5-3세대 4500 (르누아르-X),AMD 라이젠5-3세대 4500,르누아르-X,"_멀티팩(정품)_100,280|_해외구매 | _멀티팩(정품)_102,290|_해외구매 | _멀티팩(정품)_99,260|_해외구매 | _멀티팩(정품)_99,270|_해외구매",97290,99410,99410,99410,99410,99410,99410,98300,98300,98300,98300,98300,98300,98300,98300,98300,99450,99450,99450,99450,101690,101690,101690,101690,101690,101690,101690,99450,99450,99450,99450
17214128,AMD 라이젠5-3세대 4600G (르누아르),AMD 라이젠5-3세대 4600G,르누아르,"_멀티팩(정품)_192,000|_해외구매_128,340|중고 | _멀티팩(정품)_192,000|_해외구매_129,760|중고 | _멀티팩(정품)_192,000|_해외구매_131,940|중고 | _멀티팩(정품)_192,000|_해외구매_137,290|중고 | _멀티팩(정품)_192,000|_해외구매_137,300|중고",111240,111240,111240,106920,106920,106920,106920,106920,109290,111240,111240,111240,111240,108000,108000,108000,108000,108000,108000,108000,108000,108000,108000,108000,108000,108000,108000,108000,108000,108000,108000
16740791,AMD 라이젠5-4세대 5500 (세잔),AMD 라이젠5-4세대 5500,세잔,"_정품_129,590|_중고 | _정품_129,600|_중고 | _정품_132,460|_중고 | _정품_134,910|_중고",135000,135000,135000,135000,135000,135000,135000,135000,135000,135000,135000,135000,135000,135000,135000,135000,135000,135000,135000,135000,135000,132000,127150,127150,127150,127150,127150,124050,124050,124050,124050
54218171,AMD 라이젠5-4세대 5500GT (세잔),AMD 라이젠5-4세대 5500GT,세잔,"_멀티팩(정품)_162,880|_정품 | _멀티팩(정품)_164,510|_정품 | _멀티팩(정품)_164,620|_정품 | _멀티팩(정품)_164,750|_정품 | _멀티팩(정품)_164,870|_정품 | _멀티팩(정품)_164,900|_정품 | _멀티팩(정품)_164,990|_정품 | _멀티팩(정품)_165,000|_정품 | _멀티팩(정품)_165,480|_정품 | _멀티팩(정품)_166,510|_정품 | _멀티팩(정품)_166,520|_정품 | _멀티팩(정품)_167,990|_정품 | _멀티팩(정품)_168,730|_정품 | _멀티팩(정품)_168,980|_정품 | _멀티팩(정품)_168,990|_정품 | _멀티팩(정품)_169,070|_정품 | _멀티팩(정품)_169,180|_정품 | _멀티팩(정품)_169,730|_정품 | _멀티팩(정품)_169,850|_정품 | _멀티팩(정품)_171,390|_정품",171000,173400,174300,174300,174300,174800,173410,171330,171120,170290,170280,170280,170280,170280,170290,170280,171840,173250,173250,173250,173250,173250,173250,173250,173250,173250,173250,173250,173250,173250,173250
16741211,AMD 라이젠5-4세대 5600 (버미어),AMD 라이젠5-4세대 5600,버미어,"_멀티팩(정품)_122,720|정품_141,930|_해외구매 | _멀티팩(정품)_123,897|정품_142,190|_해외구매 | _멀티팩(정품)_124,100|정품_180,090|_해외구매 | _멀티팩(정품)_124,470|정품_180,090|_해외구매 | _멀티팩(정품)_125,250|정품_141,930|_해외구매 | _멀티팩(정품)_125,400|정품_141,920|_해외구매 | _멀티팩(정품)_125,430|정품_142,190|_해외구매 | _멀티팩(정품)_125,480|정품_141,980|_해외구매 | _멀티팩(정품)_125,550|정품_180,090|_해외구매 | _멀티팩(정품)_125,600|정품_142,190|_해외구매 | _멀티팩(정품)_125,710|정품_142,190|_해외구매 | _멀티팩(정품)_125,850|정품_180,090|_해외구매 | _멀티팩(정품)_126,190|정품_142,190|_해외구매 | _멀티팩(정품)_126,200|정품_142,190|_해외구매 | _멀티팩(정품)_126,410|정품_142,190|_해외구매 | _멀티팩(정품)_126,420|정품_142,190|_해외구매 | _멀티팩(정품)_126,430|정품_142,190|_해외구매 | _멀티팩(정품)_126,550|정품_180,090|_해외구매 | _멀티팩(정품)_126,850|정품_180,090|_해외구매 | _멀티팩(정품)_127,290|정품_180,090|_해외구매 | _멀티팩(정품)_128,150|정품_180,090|_해외구매 | _멀티팩(정품)_128,230|정품_180,090|_해외구매",120740,123420,123420,123420,123420,109970,109970,109970,119660,119660,119660,119660,124770,124770,124770,126730,128240,128240,128240,128240,129190,129190,129190,129190,129190,129190,129190,128240,128240,128240,128240
14927675,AMD 라이젠5-4세대 5600G (세잔),AMD 라이젠5-4세대 5600G,세잔,"_멀티팩(정품)_170,600|정품_254,400|_해외구매 | _멀티팩(정품)_170,690|_해외구매 | _멀티팩(정품)_170,790|_해외구매 | _멀티팩(정품)_170,800|_해외구매 | _멀티팩(정품)_172,440|정품_254,400|_해외구매 | _멀티팩(정품)_172,600|정품_254,400|_해외구매 | _멀티팩(정품)_172,700|정품_254,400|_해외구매 | _멀티팩(정품)_175,500|정품_254,400|_해외구매 | _멀티팩(정품)_177,000|정품_254,400|_해외구매 | _멀티팩(정품)_178,990|정품_236,600|_해외구매 | _멀티팩(정품)_178,990|정품_254,400|_해외구매 | _멀티팩(정품)_181,780|_해외구매 | _멀티팩(정품)_181,780|정품_254,400|_해외구매",126900,126900,126900,126900,126900,126900,126900,126900,126900,126900,126900,126900,126900,126900,126900,131000,131000,131000,131000,131000,133940,133930,133930,133920,133920,133910,133910,131000,131000,131000,131000
34337192,AMD 라이젠5-4세대 5600GT (세잔),AMD 라이젠5-4세대 5600GT,세잔,"_멀티팩(정품)_180,000|_정품 | _멀티팩(정품)_180,090|_정품 | _멀티팩(정품)_181,010|_정품 | _멀티팩(정품)_181,012|_정품 | _멀티팩(정품)_182,520|_정품 | _멀티팩(정품)_182,560|_정품 | _멀티팩(정품)_183,030|_정품 | _멀티팩(정품)_183,920|_정품 | _멀티팩(정품)_183,980|_정품 | _멀티팩(정품)_183,990|_정품 | _멀티팩(정품)_184,130|_정품 | _멀티팩(정품)_184,160|_정품 | _멀티팩(정품)_184,660|_정품 | _멀티팩(정품)_185,130|_정품",202030,202030,202030,202350,202350,202350,202030,201810,201810,201810,201810,201810,201810,201810,201810,201810,201810,201810,201810,201810,201270,416670,416670,199650,199650,199650,199650,199650,199650,199650,199650
60167690,AMD 라이젠5-4세대 5600GT (세잔),AMD 라이젠5-4세대 5600GT,세잔,"_멀티팩(정품)_180,000|_정품 | _멀티팩(정품)_180,090|_정품 | _멀티팩(정품)_181,010|_정품 | _멀티팩(정품)_181,012|_정품 | _멀티팩(정품)_182,520|_정품 | _멀티팩(정품)_182,560|_정품 | _멀티팩(정품)_183,030|_정품 | _멀티팩(정품)_183,920|_정품 | _멀티팩(정품)_183,980|_정품 | _멀티팩(정품)_183,990|_정품 | _멀티팩(정품)_184,130|_정품 | _멀티팩(정품)_184,160|_정품 | _멀티팩(정품)_184,660|_정품 | _멀티팩(정품)_185,130|_정품",202030,202030,202030,202350,202350,202350,202030,201810,201810,201810,201810,201810,201810,201810,201810,201810,201810,201810,201810,201810,201270,416670,416670,199650,199650,199650,199650,199650,199650,199650,199650
70254059,AMD 라이젠5-4세대 5600T (버미어),AMD 라이젠5-4세대 5600T,버미어,멀티팩(정품),156170,156140,156130,156100,156670,156670,156670,156670,155620,155580,155470,155350,155230,155110,155680,155670,156820,156820,156820,156820,156820,151040,151040,156820,156820,156820,156820,156820,156820,156820,156820
12625265,AMD 라이젠5-4세대 5600X (버미어),AMD 라이젠5-4세대 5600X,버미어,0,-2147483648,-2147483648,-2147483648,-2147483648,-2147483648,-2147483648,-2147483648,-2147483648,-2147483648,-2147483648,-2147483648,-2147483648,-2147483648,-2147483648,-2147483648,-2147483648,-2147483648,-2147483648,-2147483648,-2147483648,-2147483648,-2147483648,-2147483648,-2147483648,-2147483648,-2147483648,-2147483648,-2147483648,-2147483648,-2147483648,-2147483648
74051159,AMD 라이젠5-4세대 5600XT (버미어),AMD 라이젠5-4세대 5600XT,버미어,멀티팩(정품),0,0,0,0,0,0,0,0,0,0,0,0,0,186150,184430,183740,181920,183490,183490,183490,182490,181460,180940,177100,180940,180930,180930,180930,180930,180930,180930
21694499,AMD 라이젠5-5세대 7500F (라파엘),AMD 라이젠5-5세대 7500F,라파엘,"_멀티팩(정품)_217,990||해외구매 | _멀티팩(정품)_218,390||해외구매 | _멀티팩(정품)_218,990||해외구매 | _멀티팩(정품)_219,990||해외구매 | _멀티팩(정품)_220,000||해외구매 | _멀티팩(정품)_220,240||해외구매 | _멀티팩(정품)_220,310||해외구매 | _멀티팩(정품)_220,320||해외구매 | _멀티팩(정품)_220,410||해외구매 | _멀티팩(정품)_221,710||해외구매 | _멀티팩(정품)_222,990||해외구매 | _멀티팩(정품)_224,400||해외구매 | _멀티팩(정품)_225,000||해외구매 | _멀티팩(정품)_225,990||해외구매 | _멀티팩(정품)_226,930||해외구매 | _멀티팩(정품)_226,950||해외구매 | _멀티팩(정품)_227,000||해외구매 | _멀티팩(정품)_228,520||해외구매",194600,194600,194600,194600,194600,194600,194600,194600,194600,194600,194600,194600,194600,194600,199380,199380,199380,199380,199380,199380,204520,204490,204370,204250,204130,204010,203890,199380,199380,199380,199380
18718496,AMD 라이젠5-5세대 7600 (라파엘),AMD 라이젠5-5세대 7600,라파엘,"_멀티팩(정품)_242,870|_정품_285,400||해외구매 | _멀티팩(정품)_287,000|_정품_285,400||해외구매 | _멀티팩(정품)_289,300|_정품_285,400||해외구매 | _멀티팩(정품)_290,000|_정품_285,400||해외구매 | _멀티팩(정품)_295,000|_정품_285,400||해외구매 | _멀티팩(정품)_322,000|_정품_285,400||해외구매",239340,239340,239340,239340,239350,239350,239350,239350,239350,239350,239340,239340,239340,239340,239350,239350,239350,239350,239350,239350,239350,239350,239350,239350,239350,239350,239350,239350,239350,239350,239350
27757619,AMD 라이젠5-5세대 7600X (라파엘),AMD 라이젠5-5세대 7600X,라파엘,"_멀티팩(정품)_274,860|정품_337,000|_해외구매 | _멀티팩(정품)_306,990|정품_337,000|_해외구매 | _멀티팩(정품)_307,940|정품_337,000|_해외구매 | _멀티팩(정품)_307,990|정품_337,000|_해외구매 | _멀티팩(정품)_308,510|정품_329,400|_해외구매 | _멀티팩(정품)_308,630|정품_329,400|_해외구매 | _멀티팩(정품)_308,750|정품_329,400|_해외구매 | 멀티팩(정품)_306,990|_정품_337,000|_해외구매 | 멀티팩(정품)_307,720|_정품_329,400|_해외구매 | 멀티팩(정품)_307,750|_정품_329,400|_해외구매 | 멀티팩(정품)_307,760|_정품_329,400|_해외구매 | 멀티팩(정품)_307,790|_정품_329,400|_해외구매 | 멀티팩(정품)_308,780|_정품_329,400|_해외구매 | 멀티팩(정품)_308,820|_정품_329,400|_해외구매 | 멀티팩(정품)_308,890|_정품_329,400|_해외구매 | 멀티팩(정품)_308,990|_정품_329,400|_해외구매",254680,254650,254640,254610,255490,255490,255490,255390,255260,255150,255140,255110,254990,254870,256880,259800,261350,261320,261210,261110,271480,271480,271480,271480,271480,271480,271480,261350,261330,261210,261110
53626130,AMD 라이젠5-5세대 8400F (피닉스),AMD 라이젠5-5세대 8400F,피닉스,멀티팩(정품),194680,194580,194550,194430,194690,194690,194690,196180,196150,196120,196110,196080,195960,195840,196180,198700,198700,198700,198700,198700,198700,199570,201800,201890,201890,201890,201900,201900,201900,201900,204590
34336130,AMD 라이젠5-5세대 8500G (피닉스),AMD 라이젠5-5세대 8500G,피닉스,"_멀티팩(정품)_200,570|_정품_208,570|해외구매 | _멀티팩(정품)_200,570|_정품_222,990|해외구매 | _멀티팩(정품)_203,060|_정품_222,990|해외구매 | _멀티팩(정품)_206,160|_정품_222,990|해외구매 | _멀티팩(정품)_217,110|_정품_222,990|해외구매 | _멀티팩(정품)_217,260|_정품_222,990|해외구매 | _멀티팩(정품)_217,290|_정품_222,990|해외구매 | _멀티팩(정품)_217,300|_정품_222,990|해외구매 | _멀티팩(정품)_217,410|_정품_222,990|해외구매 | _멀티팩(정품)_217,540|_정품_224,990|해외구매 | _멀티팩(정품)_217,640|_정품_224,990|해외구매 | _멀티팩(정품)_217,690|_정품_224,990|해외구매 | _멀티팩(정품)_217,700|_정품_224,990|해외구매 | _멀티팩(정품)_218,620|_정품_222,990|해외구매 | _멀티팩(정품)_218,850|_정품_222,990|해외구매 | _멀티팩(정품)_219,940|_정품_222,990|해외구매",226440,226540,226540,226540,226540,226540,226540,226540,226540,226540,226430,226310,226220,226540,226540,226540,238940,238940,238910,238790,238670,238550,238430,238310,245770,231520,231520,231510,231510,231510,231510
60170150,AMD 라이젠5-5세대 8500G (피닉스),AMD 라이젠5-5세대 8500G,피닉스,"_멀티팩(정품)_200,570|_정품_208,570|해외구매 | _멀티팩(정품)_200,570|_정품_222,990|해외구매 | _멀티팩(정품)_203,060|_정품_222,990|해외구매 | _멀티팩(정품)_206,160|_정품_222,990|해외구매 | _멀티팩(정품)_217,110|_정품_222,990|해외구매 | _멀티팩(정품)_217,260|_정품_222,990|해외구매 | _멀티팩(정품)_217,290|_정품_222,990|해외구매 | _멀티팩(정품)_217,300|_정품_222,990|해외구매 | _멀티팩(정품)_217,410|_정품_222,990|해외구매 | _멀티팩(정품)_217,540|_정품_224,990|해외구매 | _멀티팩(정품)_217,640|_정품_224,990|해외구매 | _멀티팩(정품)_217,690|_정품_224,990|해외구매 | _멀티팩(정품)_217,700|_정품_224,990|해외구매 | _멀티팩(정품)_218,620|_정품_222,990|해외구매 | _멀티팩(정품)_218,850|_정품_222,990|해외구매 | _멀티팩(정품)_219,940|_정품_222,990|해외구매",226440,226540,226540,226540,226540,226540,226540,226540,226540,226540,226430,226310,226220,226540,226540,226540,238940,238940,238910,238790,238670,238550,238430,238310,245770,231520,231520,231510,231510,231510,231510
34336475,AMD 라이젠5-5세대 8600G (피닉스),AMD 라이젠5-5세대 8600G,피닉스,"_멀티팩(정품)_254,390|_정품_258,430|해외구매 | _멀티팩(정품)_254,400|_정품_258,430|해외구매 | _멀티팩(정품)_254,410|_정품_258,430|해외구매 | _멀티팩(정품)_254,410|_정품_258,440|해외구매 | _멀티팩(정품)_256,430|_정품_258,430|해외구매 | _멀티팩(정품)_256,480|_정품_258,440|해외구매 | _멀티팩(정품)_256,480|_정품_258,480|해외구매 | _멀티팩(정품)_256,480|_정품_258,490|해외구매 | _멀티팩(정품)_256,480|_정품_258,500|해외구매 | _멀티팩(정품)_256,490|_정품_258,500|해외구매 | _멀티팩(정품)_256,830|_정품_259,000|해외구매",291610,291610,291610,291610,291610,291610,291610,291610,291610,291610,291610,291610,291610,291610,291610,291610,291610,291610,291610,291610,311600,311600,311600,311600,311600,311600,311600,291610,291610,291610,291610
60170204,AMD 라이젠5-5세대 8600G (피닉스),AMD 라이젠5-5세대 8600G,피닉스,"_멀티팩(정품)_254,390|_정품_258,430|해외구매 | _멀티팩(정품)_254,400|_정품_258,430|해외구매 | _멀티팩(정품)_254,410|_정품_258,430|해외구매 | _멀티팩(정품)_254,410|_정품_258,440|해외구매 | _멀티팩(정품)_256,430|_정품_258,430|해외구매 | _멀티팩(정품)_256,480|_정품_258,440|해외구매 | _멀티팩(정품)_256,480|_정품_258,480|해외구매 | _멀티팩(정품)_256,480|_정품_258,490|해외구매 | _멀티팩(정품)_256,480|_정품_258,500|해외구매 | _멀티팩(정품)_256,490|_정품_258,500|해외구매 | _멀티팩(정품)_256,830|_정품_259,000|해외구매",291610,291610,291610,291610,291610,291610,291610,291610,291610,291610,291610,291610,291610,291610,291610,291610,291610,291610,291610,291610,311600,311600,311600,311600,311600,311600,311600,291610,291610,291610,291610
62794079,AMD 라이젠5-6세대 9600X (그래니트 릿지),AMD 라이젠5-6세대 9600X,그래니트 릿지,"_멀티팩(정품)_338,330|_정품_414,000|해외구매 | _멀티팩(정품)_344,240|_정품_355,380|해외구매 | _멀티팩(정품)_347,500|_정품_414,000|해외구매 | _멀티팩(정품)_347,550|_정품_397,000|해외구매 | _멀티팩(정품)_347,720|_정품_395,910|해외구매 | _멀티팩(정품)_347,780|_정품_397,000|해외구매 | _멀티팩(정품)_347,860|_정품_397,000|해외구매 | _멀티팩(정품)_347,890|_정품_397,000|해외구매 | _멀티팩(정품)_347,910|_정품_405,240|해외구매 | _멀티팩(정품)_347,970|_정품_414,000|해외구매 | _멀티팩(정품)_349,000|_정품_382,080|해외구매 | _멀티팩(정품)_349,210|_정품_355,380|해외구매 | _멀티팩(정품)_350,240|_정품_355,380|해외구매 | _멀티팩(정품)_350,240|_정품_356,480|해외구매 | _멀티팩(정품)_350,990|_정품_414,000|해외구매 | _멀티팩(정품)_357,910|_정품_414,000|해외구매 | _멀티팩(정품)_357,990|_정품_414,000|해외구매 | _멀티팩(정품)_357,990|_정품_449,270|해외구매",329000,329000,329000,329000,329000,329000,329000,329000,329000,329000,329000,329000,329000,329000,329000,329000,329000,329000,329000,329000,329000,329000,329000,329000,329000,329000,329000,329000,329000,329000,329000
15276365,AMD 라이젠7 PRO 4750G (르누아르),AMD 라이젠7 PRO 4750G,르누아르,해외구매,383510,383510,383510,383510,383510,383510,383510,383510,383510,383510,383510,383510,383510,383510,383510,383510,383510,383510,383510,383510,383510,383510,383510,383510,383510,383510,383510,383510,383510,383510,383510
29658509,AMD 라이젠7 PRO 7745 (라파엘),AMD 라이젠7 PRO 7745,라파엘,멀티팩(정품),509250,509250,509250,509250,509250,509250,509250,509250,509250,509250,509250,509250,0,0,509250,509250,509250,509250,509250,509250,509250,509250,509250,509250,509250,509250,509250,509250,509250,509250,509250
5565805,AMD 라이젠7-1세대 1700 (서밋 릿지),AMD 라이젠7-1세대 1700,서밋 릿지,"_해외구매_215,860|_중고 | _해외구매_220,090|_중고",36700,36700,36700,36700,36700,36700,36700,36700,36700,36700,36700,36700,36700,36700,36700,36700,36700,36700,36700,36700,39900,39900,39900,39900,39900,39900,39900,36700,36700,36700,36700
11036691,AMD 라이젠7-1세대 1700X (서밋 릿지),AMD 라이젠7-1세대 1700X,서밋 릿지,중고,50670,50670,50670,50670,50670,50670,50670,50670,50670,50670,50670,50670,50670,50670,50670,50670,50670,50670,50670,50670,56290,56290,56290,56290,56290,56290,56290,50670,50670,50670,50670
4929101,AMD 라이젠7-1세대 1800X (서밋 릿지),AMD 라이젠7-1세대 1800X,서밋 릿지,"_정품_633,170|_중고",61920,61920,61920,61920,61920,61920,61920,61920,61920,61920,61920,61920,61920,61920,61920,61920,61920,61920,61920,61920,68790,68790,68790,68790,68790,68790,68790,61920,61920,61920,61920
11036082,AMD 라이젠7-2세대 2700 (피나클 릿지),AMD 라이젠7-2세대 2700,피나클 릿지,해외구매,72610,72610,72610,72610,72610,72610,72610,72610,72610,72610,72610,72610,72610,72610,72610,72610,72610,72610,72610,72610,72610,72610,72610,72610,72610,72610,72610,72610,72610,72610,72610
13837388,AMD 라이젠7-2세대 2700X (피나클 릿지),AMD 라이젠7-2세대 2700X,피나클 릿지,중고,78750,78750,78750,78750,78750,78750,54180,88490,88490,88490,88490,88490,88490,88490,88490,88490,88490,90450,88490,88490,98320,98320,98320,98320,98320,98320,98320,88490,88490,88490,88490
9421629,AMD 라이젠7-3세대 3700X (마티스),AMD 라이젠7-3세대 3700X,마티스,"_멀티팩(정품)_405,000|_해외구매_173,940|중고 | _멀티팩(정품)_405,000|_해외구매_174,350|중고 | _멀티팩(정품)_405,000|_해외구매_176,090|중고 | _멀티팩(정품)_405,000|_해외구매_176,520|중고 | _멀티팩(정품)_405,000|_해외구매_176,550|중고 | _멀티팩(정품)_405,000|_해외구매_176,560|중고 | _멀티팩(정품)_405,000|_해외구매_176,590|중고 | _멀티팩(정품)_405,000|_해외구매_177,540|중고 | _멀티팩(정품)_405,000|_해외구매_177,570|중고 | _멀티팩(정품)_405,000|_해외구매_177,580|중고 | _멀티팩(정품)_405,000|_해외구매_177,610|중고 | _멀티팩(정품)_405,000|_해외구매_177,640|중고 | _멀티팩(정품)_405,000|_해외구매_182,490|중고",115640,115530,115520,115500,117000,116990,116990,118170,118170,118170,118170,118170,118170,118170,118170,120790,120790,120790,120790,120790,131290,131290,131290,143790,143790,143790,143790,132290,132290,132290,132290
8459781,AMD 라이젠7-3세대 3800X (마티스),AMD 라이젠7-3세대 3800X,마티스,"_정품_458,820|_해외구매 | _정품_468,100|_해외구매 | _정품_538,330|_해외구매",159400,159480,159480,159480,159480,159480,159480,159480,159480,159480,159480,159480,159480,159480,162200,162950,162950,162950,162950,162950,177110,177110,177110,177110,177110,177110,177110,162950,162950,162950,162950
12338966,AMD 라이젠7-3세대 3800XT (마티스),AMD 라이젠7-3세대 3800XT,마티스,중고,156000,156000,156000,156000,156000,156000,156000,156000,156000,156000,156000,156000,156000,156000,156000,156000,156000,156000,156000,156000,156000,0,0,0,0,0,0,156000,156000,156000,156000
34337090,AMD 라이젠7-4세대 5700 (세잔),AMD 라이젠7-4세대 5700,세잔,멀티팩(정품),199000,199000,199000,199000,199000,199000,199000,199000,199000,199000,199000,199000,199000,199000,199000,199000,199000,199000,199000,199000,199000,199000,199000,199000,199000,199000,199000,199000,199000,199000,199000
14927759,AMD 라이젠7-4세대 5700G (세잔),AMD 라이젠7-4세대 5700G,세잔,"_멀티팩(정품)_263,750|정품_264,990|_해외구매 | _멀티팩(정품)_263,910|정품_264,990|_해외구매 | _멀티팩(정품)_263,970|정품_263,990|_해외구매 | _멀티팩(정품)_263,980|정품_263,990|_해외구매 | _멀티팩(정품)_263,990|정품_263,990|_해외구매 | _멀티팩(정품)_264,030|정품_264,990|_해외구매 | _멀티팩(정품)_264,150|정품_264,990|_해외구매 | _멀티팩(정품)_264,270|정품_264,990|_해외구매 | _멀티팩(정품)_264,300|정품_264,990|_해외구매 | _멀티팩(정품)_264,320|정품_264,990|_해외구매 | _멀티팩(정품)_264,390|정품_264,520|_해외구매 | _멀티팩(정품)_264,390|정품_264,550|_해외구매 | _멀티팩(정품)_264,390|정품_264,560|_해외구매 | _멀티팩(정품)_264,390|정품_264,590|_해외구매 | _멀티팩(정품)_264,390|정품_264,990|_해외구매",217300,218310,218310,218310,218310,218310,218310,218310,220450,220420,220410,218310,218310,218310,218310,221380,218310,221370,221370,221370,223790,223790,223790,223790,223790,223790,223790,221370,221370,221370,221370
16741349,AMD 라이젠7-4세대 5700X (버미어),AMD 라이젠7-4세대 5700X,버미어,"_멀티팩(정품)_216,090||_해외구매 | _멀티팩(정품)_216,890||해외구매 | _멀티팩(정품)_216,910||해외구매 | _멀티팩(정품)_217,040||해외구매 | _멀티팩(정품)_217,100||해외구매 | _멀티팩(정품)_217,130||해외구매 | _멀티팩(정품)_217,140||해외구매 | _멀티팩(정품)_217,170||_해외구매 | _멀티팩(정품)_218,200||_해외구매 | _멀티팩(정품)_218,200||해외구매 | _멀티팩(정품)_218,880||_해외구매 | _멀티팩(정품)_218,910||_해외구매 | _멀티팩(정품)_219,320||_해외구매 | _멀티팩(정품)_219,480||_해외구매 | _멀티팩(정품)_219,990||_해외구매 | _멀티팩(정품)_220,480||_해외구매 | _멀티팩(정품)_220,520||_해외구매 | _멀티팩(정품)_220,530||_해외구매 | _멀티팩(정품)_220,980||_해외구매 | _멀티팩(정품)_221,000||_해외구매 | _멀티팩(정품)_228,270||_해외구매",176920,180850,180850,180850,180850,180850,180850,180850,180850,180850,180850,180850,180850,195120,195530,195530,195530,180850,180850,180850,196580,196580,196580,196580,196580,196580,196580,180850,180850,180850,180850
34336865,AMD 라이젠7-4세대 5700X3D (버미어),AMD 라이젠7-4세대 5700X3D,버미어,"_멀티팩(정품)_273,520|_해외구매 | _멀티팩(정품)_273,526|_해외구매 | _멀티팩(정품)_277,660|_해외구매 | _멀티팩(정품)_277,840|_해외구매 | _멀티팩(정품)_277,990|_해외구매 | _멀티팩(정품)_278,000|_해외구매 | _멀티팩(정품)_278,350|_해외구매 | _멀티팩(정품)_278,380|_해외구매 | _멀티팩(정품)_278,390|_해외구매 | _멀티팩(정품)_278,510|_해외구매 | _멀티팩(정품)_278,910|_해외구매 | _멀티팩(정품)_279,670|_해외구매 | _멀티팩(정품)_279,730|_해외구매 | _멀티팩(정품)_279,810|_해외구매 | _멀티팩(정품)_279,840|_해외구매 | _멀티팩(정품)_279,850|_해외구매 | _멀티팩(정품)_279,890|_해외구매 | _멀티팩(정품)_279,970|_해외구매 | _멀티팩(정품)_279,990|_해외구매",231300,231300,231300,231300,231300,231300,231300,231300,231300,231300,231300,231300,231300,231300,233070,233090,232320,232320,232320,232320,245930,245900,246010,246010,246010,246010,246010,233100,233100,233100,233100
12836186,AMD 라이젠7-4세대 5800X (버미어),AMD 라이젠7-4세대 5800X,버미어,"_멀티팩(정품)_330,860|_벌크_280,370|해외구매_283,990|중고 | _멀티팩(정품)_420,370|벌크_279,060|_해외구매_284,300|중고 | _멀티팩(정품)_420,370|벌크_279,090|_해외구매_284,310|중고 | _멀티팩(정품)_420,370|벌크_279,100|_해외구매_284,320|중고 | _멀티팩(정품)_420,370|벌크_279,130|_해외구매_284,330|중고 | _멀티팩(정품)_426,800|_벌크_280,250|해외구매_283,870|중고 | _멀티팩(정품)_426,800|_벌크_280,490|해외구매_284,110|중고 | _멀티팩(정품)_426,800|_벌크_280,610|해외구매_284,230|중고 | _멀티팩(정품)_426,800|_벌크_280,640|해외구매_284,260|중고 | _멀티팩(정품)_426,800|_벌크_280,650|해외구매_284,270|중고 | _멀티팩(정품)_426,800|_벌크_280,990|해외구매_286,490|중고 | _멀티팩(정품)_426,800|벌크_280,760|_해외구매_284,380|중고 | _멀티팩(정품)_426,800|벌크_280,890|_해외구매_284,490|중고 | _멀티팩(정품)_426,800|벌크_280,990|_해외구매_284,290|중고 | _멀티팩(정품)_426,800|벌크_280,990|_해외구매_284,590|중고 | _멀티팩(정품)_426,800|벌크_280,990|_해외구매_286,490|중고 | _멀티팩(정품)_426,800|벌크_280,990|_해외구매_288,540|중고 | _멀티팩(정품)_446,790|벌크_280,990|_해외구매_289,620|중고 | 멀티팩(정품)_426,800|_벌크_280,990|_해외구매_288,540|중고 | 멀티팩(정품)_446,790|_벌크_280,990|_해외구매_289,620|중고",227990,227990,227990,227990,228000,228000,228000,227990,227990,251910,251910,251910,214840,214840,216050,226380,226380,226380,226380,226380,227000,246070,246070,227000,227000,227000,227000,226380,226380,226380,226380
27521231,AMD 라이젠7-4세대 5800X3D (버미어),AMD 라이젠7-4세대 5800X3D,버미어,"멀티팩(정품)_750,000|_정품_662,150|_해외구매 | 멀티팩(정품)_750,000|_정품_669,120|_해외구매 | 멀티팩(정품)_750,000|_정품_716,910|_해외구매 | 멀티팩(정품)_750,000|_정품_855,740|_해외구매",430840,430840,430840,430840,430840,430840,430840,430840,430840,430840,430840,430840,430840,430840,441280,441280,441280,441280,441280,441280,461270,461270,461270,461270,461270,461270,461270,441280,441280,441280,441280
16872089,AMD 라이젠7-4세대 5800X3D (버미어),AMD 라이젠7-4세대 5800X3D,버미어,"멀티팩(정품)_750,000|_정품_669,120|_해외구매",0,0,0,0,0,0,0,0,0,0,0,0,0,0,0,0,0,0,0,0,0,0,0,461270,0,0,0,0,0,0,0
62164991,AMD 라이젠7-4세대 5800XT (버미어),AMD 라이젠7-4세대 5800XT,버미어,정품,377190,377160,377100,377960,377990,377990,377990,377990,377960,377930,377920,377890,377770,377650,377990,377990,377990,376990,376990,376990,340000,340000,340000,339940,335280,335280,335280,335280,335280,335280,335280
18718538,AMD 라이젠7-5세대 7700 (라파엘),AMD 라이젠7-5세대 7700,라파엘,"_멀티팩(정품)_358,510|정품_380,000|_해외구매 | _멀티팩(정품)_358,630|정품_380,000|_해외구매 | _멀티팩(정품)_358,750|정품_380,000|_해외구매 | _멀티팩(정품)_358,870|정품_380,000|_해외구매 | _멀티팩(정품)_358,970|정품_396,350|_해외구매 | _멀티팩(정품)_362,610|정품_399,590|_해외구매 | _멀티팩(정품)_362,730|정품_399,590|_해외구매 | _멀티팩(정품)_362,820|정품_399,590|_해외구매 | _멀티팩(정품)_362,910|정품_380,000|_해외구매 | _멀티팩(정품)_363,030|정품_380,000|_해외구매 | _멀티팩(정품)_363,150|정품_380,000|_해외구매 | _멀티팩(정품)_363,330|정품_380,000|_해외구매 | _멀티팩(정품)_363,420|정품_380,000|_해외구매 | _멀티팩(정품)_363,420|정품_396,350|_해외구매 | _멀티팩(정품)_363,540|정품_396,350|_해외구매 | _멀티팩(정품)_363,860|정품_396,350|_해외구매 | _멀티팩(정품)_363,930|정품_380,000|_해외구매 | _멀티팩(정품)_363,960|정품_380,000|_해외구매 | _멀티팩(정품)_364,170|정품_395,270|_해외구매 | _멀티팩(정품)_364,290|정품_395,270|_해외구매 | _멀티팩(정품)_364,450|정품_395,270|_해외구매 | _멀티팩(정품)_364,530|정품_395,270|_해외구매 | _멀티팩(정품)_364,640|정품_397,430|_해외구매 | _멀티팩(정품)_365,400|정품_397,430|_해외구매 | _멀티팩(정품)_365,730|정품_397,440|_해외구매 | _멀티팩(정품)_371,990|정품_400,000|_해외구매 | _멀티팩(정품)_372,000|정품_400,000|_해외구매 | _멀티팩(정품)_372,890|정품_400,000|_해외구매 | _멀티팩(정품)_372,920|정품_400,000|_해외구매 | _멀티팩(정품)_373,630|정품_400,000|_해외구매 | _멀티팩(정품)_373,670|정품_400,000|_해외구매",283250,283250,283250,283250,283250,291910,291910,291910,291910,291820,291790,291670,291550,281710,281760,281760,281760,281760,281760,281760,281760,281760,281760,281760,281760,281760,281760,281760,281760,281760,281760
27945140,AMD 라이젠7-5세대 7700X (라파엘),AMD 라이젠7-5세대 7700X,라파엘,"멀티팩(정품)_424,790|_정품_490,000|_해외구매 | 멀티팩(정품)_424,790|_정품_510,000|_해외구매 | 멀티팩(정품)_424,800|_정품_490,000|_해외구매 | 멀티팩(정품)_428,000|_정품_490,000|_해외구매 | 멀티팩(정품)_428,010|_정품_490,000|_해외구매 | 멀티팩(정품)_432,170|_정품_706,200|_해외구매 | 멀티팩(정품)_432,180|_정품_706,200|_해외구매",745930,745930,745930,745930,745940,745940,745940,745930,745930,745930,745930,745930,745930,745930,745930,745940,745940,745940,745940,745940,745940,745940,745940,745940,745940,745940,745940,745940,745940,745940,745940
19627934,AMD 라이젠7-5세대 7800X3D (라파엘),AMD 라이젠7-5세대 7800X3D,라파엘,"_멀티팩(정품)_610,700|_정품_611,786|해외구매 | _멀티팩(정품)_610,700|_정품_625,840|해외구매 | _멀티팩(정품)_610,710|_정품_611,786|해외구매 | _멀티팩(정품)_613,408|_정품_615,549|해외구매 | _멀티팩(정품)_618,680|_정품_625,840|해외구매 | _멀티팩(정품)_618,690|_정품_625,840|해외구매 | _멀티팩(정품)_619,470|_정품_625,830|해외구매 | _멀티팩(정품)_619,990|_정품_625,840|해외구매 | _멀티팩(정품)_623,700|_정품_629,060|해외구매 | _멀티팩(정품)_628,990|_정품_643,200|해외구매 | _멀티팩(정품)_629,000|_정품_637,950|해외구매 | _멀티팩(정품)_631,160|_정품_646,740|해외구매 | _멀티팩(정품)_632,300|_정품_650,300|해외구매 | _멀티팩(정품)_633,450|_정품_650,300|해외구매 | _멀티팩(정품)_633,980|_정품_658,970|해외구매 | _멀티팩(정품)_636,230|_정품_648,540|해외구매 | _멀티팩(정품)_637,400|_정품_658,990|해외구매 | _멀티팩(정품)_644,960|_정품_620,000|해외구매 | _멀티팩(정품)_654,810|정품_694,520|_해외구매 | _멀티팩(정품)_679,980|_정품_711,020|해외구매 | _멀티팩(정품)_685,740|정품_698,710|_해외구매 | _멀티팩(정품)_688,660|정품_689,330|_해외구매 | _멀티팩(정품)_688,790|정품_694,520|_해외구매 | _멀티팩(정품)_714,300|_정품_740,000|해외구매 | _멀티팩(정품)_718,990|_정품_736,010|해외구매 | _멀티팩(정품)_720,000|정품_750,000|_해외구매 | _멀티팩(정품)_729,000|_정품_788,000|해외구매 | _멀티팩(정품)_734,990|정품_779,920|_해외구매 | _멀티팩(정품)_758,990|정품_788,990|_해외구매 | _멀티팩(정품)_821,000|_정품_789,990|해외구매",538950,538820,539140,539000,539150,527920,541510,541000,541120,541080,540960,535570,535430,535330,535290,535180,535070,535040,534900,534750,534610,534480,534340,534200,534080,533960,533890,544110,544080,543960,543840
53779649,AMD 라이젠7-5세대 8700F (피닉스),AMD 라이젠7-5세대 8700F,피닉스,멀티팩(정품),302020,302020,302020,302020,302020,302020,302020,302020,302020,302020,302020,302020,302020,301350,301340,301340,301340,301340,301340,301340,301340,301350,301350,295953,301350,301350,301350,301350,301350,301350,301350
34336664,AMD 라이젠7-5세대 8700G (피닉스),AMD 라이젠7-5세대 8700G,피닉스,"_멀티팩(정품)_384,990|_정품_406,000|해외구매 | _멀티팩(정품)_388,570|_정품_406,000|해외구매 | _멀티팩(정품)_388,610|_정품_409,000|해외구매 | _멀티팩(정품)_388,700|_정품_406,000|해외구매 | _멀티팩(정품)_388,730|_정품_409,000|해외구매 | _멀티팩(정품)_388,760|_정품_409,000|해외구매 | _멀티팩(정품)_388,780|_정품_409,000|해외구매 | _멀티팩(정품)_388,820|_정품_409,000|해외구매 | _멀티팩(정품)_388,830|_정품_409,000|해외구매 | _멀티팩(정품)_388,850|_정품_409,000|해외구매 | _멀티팩(정품)_388,860|_정품_409,000|해외구매 | _멀티팩(정품)_388,890|_정품_409,000|해외구매",408620,408620,412370,412370,412380,412380,412380,412380,412370,412370,412370,412370,412370,412370,412380,412380,412380,412380,412380,412380,412380,412380,412380,412380,412380,412380,412380,412380,412380,412380,412380
58933169,AMD 라이젠7-5세대 8700G (피닉스),AMD 라이젠7-5세대 8700G,피닉스,"_멀티팩(정품)_384,990|_정품_406,000|해외구매 | _멀티팩(정품)_388,570|_정품_406,000|해외구매 | _멀티팩(정품)_388,610|_정품_409,000|해외구매 | _멀티팩(정품)_388,700|_정품_406,000|해외구매 | _멀티팩(정품)_388,730|_정품_409,000|해외구매 | _멀티팩(정품)_388,760|_정품_409,000|해외구매 | _멀티팩(정품)_388,780|_정품_409,000|해외구매 | _멀티팩(정품)_388,820|_정품_409,000|해외구매 | _멀티팩(정품)_388,830|_정품_409,000|해외구매 | _멀티팩(정품)_388,850|_정품_409,000|해외구매 | _멀티팩(정품)_388,860|_정품_409,000|해외구매 | _멀티팩(정품)_388,890|_정품_409,000|해외구매",408620,408620,412370,412370,412380,412380,412380,412380,412370,412370,412370,412370,412370,412370,412380,412380,412380,412380,412380,412380,412380,412380,412380,412380,412380,412380,412380,412380,412380,412380,412380
62794082,AMD 라이젠7-6세대 9700X (그래니트 릿지),AMD 라이젠7-6세대 9700X,그래니트 릿지,"_멀티팩(정품)_473,530|_정품 | _멀티팩(정품)_474,032|_정품 | _멀티팩(정품)_475,490|_정품 | _멀티팩(정품)_475,990|_정품 | _멀티팩(정품)_476,000|_정품 | _멀티팩(정품)_476,480|_정품 | _멀티팩(정품)_484,760|_정품 | _멀티팩(정품)_484,880|_정품 | _멀티팩(정품)_484,910|_정품 | _멀티팩(정품)_484,940|_정품 | _멀티팩(정품)_485,970|_정품 | _멀티팩(정품)_487,470|_정품 | _멀티팩(정품)_487,480|_정품 | _멀티팩(정품)_487,490|_정품 | _멀티팩(정품)_487,640|_정품",536550,536550,536550,536550,536550,536550,536550,536550,536550,536550,536550,536550,547920,547890,536550,536550,536550,536550,536550,536550,496510,515980,515980,515980,504000,503990,503990,503990,503990,503990,503990
70531547,AMD 라이젠7-6세대 9800X3D (그래니트 릿지),AMD 라이젠7-6세대 9800X3D,그래니트 릿지,"_멀티팩(정품)_1,014,960|_정품 | _멀티팩(정품)_1,024,930|_정품 | _멀티팩(정품)_1,030,000|_정품 | _멀티팩(정품)_1,049,990|_정품 | _멀티팩(정품)_1,078,900|_정품 | _멀티팩(정품)_842,830|_정품 | _멀티팩(정품)_845,990|_정품 | _멀티팩(정품)_846,000|_정품 | _멀티팩(정품)_847,990|_정품 | _멀티팩(정품)_849,000|_정품 | _멀티팩(정품)_849,990|_정품 | _멀티팩(정품)_862,000|_정품 | _멀티팩(정품)_865,740|_정품 | _멀티팩(정품)_866,260|_정품 | _멀티팩(정품)_866,780|_정품 | _멀티팩(정품)_869,010|_정품 | _멀티팩(정품)_873,520|_정품 | _멀티팩(정품)_875,000|_정품 | _멀티팩(정품)_913,470|_정품 | _멀티팩(정품)_920,950|_정품 | _멀티팩(정품)_926,980|_정품 | _멀티팩(정품)_938,960|_정품 | _멀티팩(정품)_955,500|_정품",1197990,1197990,1197990,1197980,1197970,1038210,1018990,1007060,955650,944180,926340,926340,926340,887750,892980,891940,870000,897490,897490,897490,884990,872020,868990,869970,869960,870960,870960,867980,865990,865980,865980
9374721,AMD 라이젠9-3세대 3900X (마티스),AMD 라이젠9-3세대 3900X,마티스,"_멀티팩(정품)_630,000|_중고",212000,212590,212590,212590,212590,212590,212590,212590,212590,212590,212590,212590,212590,212590,213980,213980,213980,213980,213980,213980,220400,220400,220400,220400,220400,220400,220400,213980,213980,213980,213980
11026701,AMD 라이젠9-3세대 3950X (마티스),AMD 라이젠9-3세대 3950X,마티스,해외구매,699800,699800,699800,699800,699800,699800,699800,699800,699800,699800,699800,699800,699800,699800,857970,857970,857970,857970,857970,857970,877970,877970,877970,877970,877970,877970,877970,857970,857970,857970,857970
12837425,AMD 라이젠9-4세대 5900X (버미어),AMD 라이젠9-4세대 5900X,버미어,"_멀티팩(정품)_460,140|_정품_452,540|해외구매_480,230|중고 | _멀티팩(정품)_460,170|_정품_452,540|해외구매_480,260|중고 | _멀티팩(정품)_460,180|_정품_451,490|해외구매_480,270|중고 | _멀티팩(정품)_460,210|_정품_451,490|해외구매_480,300|중고 | _멀티팩(정품)_462,390|_정품_451,490|해외구매_462,440|중고 | _멀티팩(정품)_462,390|_정품_451,490|해외구매_466,120|중고 | _멀티팩(정품)_462,390|_정품_451,490|해외구매_468,240|중고 | _멀티팩(정품)_462,390|_정품_451,490|해외구매_469,180|중고 | _멀티팩(정품)_462,390|_정품_451,490|해외구매_477,910|중고 | _멀티팩(정품)_462,390|_정품_451,490|해외구매_482,070|중고 | _멀티팩(정품)_462,420|_정품_451,490|해외구매_482,070|중고 | _멀티팩(정품)_462,540|_정품_451,490|해외구매_482,070|중고 | _멀티팩(정품)_462,660|_정품_451,490|해외구매_482,070|중고 | _멀티팩(정품)_462,780|_정품_451,490|해외구매_482,070|중고 | _멀티팩(정품)_462,900|_정품_451,490|해외구매_482,070|중고 | _멀티팩(정품)_463,020|_정품_451,490|해외구매_482,070|중고 | _멀티팩(정품)_463,260|_정품_451,840|해외구매_477,690|중고 | _멀티팩(정품)_463,380|_정품_451,490|해외구매_477,810|중고 | _멀티팩(정품)_463,500|_정품_451,490|해외구매_477,930|중고 | _멀티팩(정품)_463,530|_정품_451,490|해외구매_477,960|중고 | _멀티팩(정품)_463,540|_정품_451,490|해외구매_477,970|중고 | _멀티팩(정품)_463,650|_정품_452,540|해외구매_478,080|중고 | _멀티팩(정품)_463,780|_정품_452,540|해외구매_478,210|중고 | _멀티팩(정품)_463,880|_정품_452,540|해외구매_482,480|중고 | _멀티팩(정품)_463,880|_정품_452,540|해외구매_484,730|중고 | 멀티팩(정품)_462,390|_정품_451,490|_해외구매_466,090|중고 | 멀티팩(정품)_462,390|_정품_451,490|_해외구매_467,800|중고 | 멀티팩(정품)_462,390|_정품_451,490|_해외구매_482,070|중고 | 멀티팩(정품)_463,140|_정품_451,490|_해외구매_477,570|중고",319000,319000,319000,319000,319000,319000,319000,350790,350790,350790,350790,350790,362030,362030,362030,362030,362030,362030,362030,362030,382030,382030,382030,382030,382030,382030,382030,362030,362030,362030,362030
62165036,AMD 라이젠9-4세대 5900XT (버미어),AMD 라이젠9-4세대 5900XT,버미어,정품,526490,526460,526390,526320,526990,526990,526990,526990,526880,526770,526760,526730,526610,526490,526990,526990,526990,526990,526990,526990,526990,526990,526990,526990,526990,526990,526990,526990,526990,526990,526990
18630722,AMD 라이젠9-4세대 5950X (버미어),AMD 라이젠9-4세대 5950X,버미어,"_멀티팩(정품)_805,210|_정품_673,000|벌크_726,020|해외구매 | _멀티팩(정품)_805,210|_정품_695,510|벌크_726,020|해외구매 | _멀티팩(정품)_805,210|정품_842,490|벌크_726,020|_해외구매 | _멀티팩(정품)_813,770|_정품_672,990|벌크_726,020|해외구매 | _멀티팩(정품)_830,910|_정품_673,000|벌크_726,020|해외구매 | 멀티팩(정품)_805,210|_정품_842,490|벌크_726,020|_해외구매",531150,531120,531110,531080,586620,586620,586620,586520,586390,586280,586250,586150,586050,585940,585820,585700,585580,607500,546400,574270,574270,574270,574270,574270,574270,574270,574270,574270,574270,574270,574270
18718631,AMD 라이젠9-5세대 7900 (라파엘),AMD 라이젠9-5세대 7900,라파엘,"_멀티팩(정품)_507,860|_정품 | _멀티팩(정품)_507,970|_정품 | _멀티팩(정품)_507,990|_정품 | _멀티팩(정품)_511,000|_정품 | _멀티팩(정품)_516,240|_정품 | _멀티팩(정품)_516,340|_정품 | _멀티팩(정품)_516,460|_정품 | _멀티팩(정품)_516,580|_정품 | _멀티팩(정품)_516,610|_정품 | _멀티팩(정품)_518,890|_정품 | _멀티팩(정품)_518,920|_정품 | _멀티팩(정품)_518,990|_정품 | _멀티팩(정품)_524,290|_정품 | _멀티팩(정품)_524,300|_정품 | _멀티팩(정품)_529,990|_정품",584790,584790,584790,584790,584790,584790,584790,584790,584790,584790,584790,584790,584790,545700,545700,545700,545700,545700,545700,545710,565710,565710,565710,565710,565710,565710,565710,545710,545710,545710,545710
17913863,AMD 라이젠9-5세대 7900X (라파엘),AMD 라이젠9-5세대 7900X,라파엘,"_멀티팩(정품)_560,270|_정품_582,150|해외구매 | 멀티팩(정품)_548,210|_정품_625,300|_해외구매 | 멀티팩(정품)_548,260|_정품_586,290|_해외구매 | 멀티팩(정품)_560,270|_정품_582,150|_해외구매 | 멀티팩(정품)_560,270|_정품_593,060|_해외구매 | 멀티팩(정품)_560,270|_정품_593,090|_해외구매 | 멀티팩(정품)_560,270|_정품_593,100|_해외구매 | 멀티팩(정품)_560,270|_정품_593,220|_해외구매 | 멀티팩(정품)_560,270|_정품_599,010|_해외구매",549960,549930,549920,549890,553490,553490,553490,553490,0,0,0,0,553490,0,0,0,0,0,0,0,0,0,0,553490,0,0,0,0,0,0,0
28402418,AMD 라이젠9-5세대 7900X (라파엘),AMD 라이젠9-5세대 7900X,라파엘,"_멀티팩(정품)_548,490|_정품_566,290|해외구매 | _멀티팩(정품)_560,270|_정품_582,150|해외구매 | 멀티팩(정품)_542,730|_정품_586,290|_해외구매 | 멀티팩(정품)_548,110|_정품_566,290|_해외구매 | 멀티팩(정품)_548,210|_정품_625,300|_해외구매 | 멀티팩(정품)_548,230|_정품_586,290|_해외구매 | 멀티팩(정품)_548,260|_정품_586,290|_해외구매 | 멀티팩(정품)_548,340|_정품_625,420|_해외구매 | 멀티팩(정품)_548,350|_정품_586,290|_해외구매 | 멀티팩(정품)_548,380|_정품_586,290|_해외구매 | 멀티팩(정품)_548,460|_정품_625,450|_해외구매 | 멀티팩(정품)_548,490|_정품_566,290|_해외구매 | 멀티팩(정품)_548,490|_정품_586,290|_해외구매 | 멀티팩(정품)_548,490|_정품_598,980|_해외구매 | 멀티팩(정품)_548,490|_정품_625,460|_해외구매 | 멀티팩(정품)_560,270|_정품_582,150|_해외구매 | 멀티팩(정품)_560,270|_정품_593,060|_해외구매 | 멀티팩(정품)_560,270|_정품_593,090|_해외구매 | 멀티팩(정품)_560,270|_정품_593,100|_해외구매 | 멀티팩(정품)_560,270|_정품_593,220|_해외구매 | 멀티팩(정품)_560,270|_정품_599,010|_해외구매",549960,549930,549920,549890,553490,553490,553490,553490,553490,553490,553490,553490,553490,553490,553490,553490,553490,553490,553490,553490,553490,553490,553490,553490,553490,553490,553490,553490,553490,553490,553490
19174175,AMD 라이젠9-5세대 7900X3D (라파엘),AMD 라이젠9-5세대 7900X3D,라파엘,"_멀티팩(정품)_669,140|_정품_1,000,000|해외구매 | _멀티팩(정품)_809,610|_정품_1,000,000|해외구매 | _멀티팩(정품)_813,400|_정품_1,000,000|해외구매 | _멀티팩(정품)_829,610|_정품_1,000,000|해외구매 | _멀티팩(정품)_871,510|_정품_1,000,000|해외구매 | _멀티팩(정품)_900,000|_정품_1,000,000|해외구매",719200,719170,719160,719130,719120,719090,718970,718850,718720,718610,718600,718570,718450,718330,718210,719200,719200,719200,719200,719200,739190,739190,739190,739190,739190,739190,739190,719200,719200,719200,736900
19627457,AMD 라이젠9-5세대 7900X3D (라파엘),AMD 라이젠9-5세대 7900X3D,라파엘,"_멀티팩(정품)_669,140|_정품_1,000,000|해외구매 | _멀티팩(정품)_809,610|_정품_1,000,000|해외구매 | _멀티팩(정품)_813,400|_정품_1,000,000|해외구매 | _멀티팩(정품)_829,610|_정품_1,000,000|해외구매 | _멀티팩(정품)_871,510|_정품_1,000,000|해외구매 | _멀티팩(정품)_900,000|_정품_1,000,000|해외구매",719200,719170,719160,719130,719120,719090,718970,718850,718720,718610,718600,718570,718450,718330,718210,719200,719200,719200,719200,719200,739190,739190,739190,739190,739190,739190,739190,719200,719200,719200,736900
20613197,AMD 라이젠9-5세대 7950X (라파엘),AMD 라이젠9-5세대 7950X,라파엘,"_멀티팩(정품)_677,690|_정품_722,530|해외구매 | _멀티팩(정품)_677,700|_정품_722,530|해외구매 | _멀티팩(정품)_677,790|_정품_722,530|해외구매 | _멀티팩(정품)_677,880|_정품_722,530|해외구매 | _멀티팩(정품)_688,490|_정품_722,530|해외구매 | _멀티팩(정품)_688,500|_정품_723,600|해외구매 | _멀티팩(정품)_688,530|_정품_724,670|해외구매 | _멀티팩(정품)_688,540|_정품_724,670|해외구매 | _멀티팩(정품)_688,570|_정품_724,670|해외구매 | _멀티팩(정품)_688,610|_정품_724,680|해외구매 | _멀티팩(정품)_688,730|_정품_724,680|해외구매 | _멀티팩(정품)_688,760|_정품_724,670|해외구매 | _멀티팩(정품)_688,770|_정품_724,670|해외구매 | _멀티팩(정품)_688,880|_정품_724,670|해외구매 | _멀티팩(정품)_688,920|_정품_724,670|해외구매 | _멀티팩(정품)_689,000|_정품_724,680|해외구매 | _멀티팩(정품)_689,990|_정품_723,610|해외구매 | _멀티팩(정품)_698,870|_정품_722,530|해외구매 | _멀티팩(정품)_698,980|_정품_722,530|해외구매",845500,845500,845500,854050,845060,845060,836600,863300,836600,836600,836600,836600,836600,836600,836600,836600,836600,836600,836600,836600,836600,836600,836600,836600,836600,836600,836600,836600,836600,836600,836600
19174415,AMD 라이젠9-5세대 7950X3D (라파엘),AMD 라이젠9-5세대 7950X3D,라파엘,"_멀티팩(정품)_954,870|_정품_1,215,990|해외구매 | _멀티팩(정품)_955,650|_정품_1,048,450|해외구매 | _멀티팩(정품)_955,650|_정품_1,048,990|해외구매 | _멀티팩(정품)_955,650|_정품_1,203,190|해외구매 | _멀티팩(정품)_955,650|_정품_1,203,200|해외구매 | _멀티팩(정품)_955,650|_정품_1,203,890|해외구매 | _멀티팩(정품)_955,650|_정품_1,215,490|해외구매 | _멀티팩(정품)_955,650|_정품_1,215,610|해외구매 | _멀티팩(정품)_955,650|_정품_1,215,640|해외구매 | _멀티팩(정품)_955,650|_정품_1,215,650|해외구매 | _멀티팩(정품)_955,650|_정품_1,215,760|해외구매 | _멀티팩(정품)_955,650|_정품_1,215,890|해외구매 | _멀티팩(정품)_955,650|_정품_1,216,000|해외구매 | _멀티팩(정품)_955,650|_정품_1,249,990|해외구매 | _멀티팩(정품)_955,650|_정품_1,260,000|해외구매 | _멀티팩(정품)_955,650|_정품_1,279,990|해외구매 | _멀티팩(정품)_955,650|_정품_897,710|해외구매",862400,862370,862360,862330,920690,920690,864990,864990,864990,864990,864990,864990,864960,864850,864990,864990,864990,864990,864990,864990,884990,884990,884990,884990,884990,884990,884990,864990,864990,864990,864990
19627601,AMD 라이젠9-5세대 7950X3D (라파엘),AMD 라이젠9-5세대 7950X3D,라파엘,"_멀티팩(정품)_954,870|_정품_1,215,990|해외구매 | _멀티팩(정품)_955,650|_정품_1,048,450|해외구매 | _멀티팩(정품)_955,650|_정품_1,048,990|해외구매 | _멀티팩(정품)_955,650|_정품_1,203,190|해외구매 | _멀티팩(정품)_955,650|_정품_1,203,200|해외구매 | _멀티팩(정품)_955,650|_정품_1,203,890|해외구매 | _멀티팩(정품)_955,650|_정품_1,215,490|해외구매 | _멀티팩(정품)_955,650|_정품_1,215,610|해외구매 | _멀티팩(정품)_955,650|_정품_1,215,640|해외구매 | _멀티팩(정품)_955,650|_정품_1,215,650|해외구매 | _멀티팩(정품)_955,650|_정품_1,215,760|해외구매 | _멀티팩(정품)_955,650|_정품_1,215,890|해외구매 | _멀티팩(정품)_955,650|_정품_1,216,000|해외구매 | _멀티팩(정품)_955,650|_정품_1,249,990|해외구매 | _멀티팩(정품)_955,650|_정품_1,260,000|해외구매 | _멀티팩(정품)_955,650|_정품_1,279,990|해외구매 | _멀티팩(정품)_955,650|_정품_897,710|해외구매",862400,862370,862360,862330,920690,920690,864990,864990,864990,864990,864990,864990,864960,864850,864990,864990,864990,864990,864990,864990,884990,884990,884990,884990,884990,884990,884990,864990,864990,864990,864990
63140387,AMD 라이젠9-6세대 9900X (그래니트 릿지),AMD 라이젠9-6세대 9900X,그래니트 릿지,"_멀티팩(정품)_1,480,000|_정품_759,000|해외구매 | _멀티팩(정품)_1,480,000|_정품_833,990|해외구매 | _멀티팩(정품)_715,980|_정품_699,000|해외구매 | _멀티팩(정품)_715,990|_정품_758,870|해외구매 | _멀티팩(정품)_752,010|_정품_752,010|해외구매 | _멀티팩(정품)_757,440|_정품_757,440|해외구매 | _멀티팩(정품)_790,000|_정품_829,000|해외구매 | _멀티팩(정품)_790,000|_정품_829,500|해외구매 | _멀티팩(정품)_797,990|정품_758,870|_해외구매 | _멀티팩(정품)_829,490|_정품_759,000|해외구매 | _멀티팩(정품)_829,490|_정품_819,830|해외구매 | _멀티팩(정품)_829,490|_정품_819,840|해외구매 | _멀티팩(정품)_894,500|정품_759,000|_해외구매 | _멀티팩(정품)_896,400|_정품_759,000|해외구매 | _멀티팩(정품)_896,400|정품_829,000|_해외구매",595000,595000,595000,634940,634990,608610,608600,595000,629140,629020,628900,628790,628670,628550,635000,635000,635000,635000,635000,635000,635000,635000,635000,635000,634920,634800,634680,634580,634460,634340,634220
63140417,AMD 라이젠9-6세대 9950X (그래니트 릿지),AMD 라이젠9-6세대 9950X,그래니트 릿지,"_멀티팩(정품)_1,054,320|_정품 | _멀티팩(정품)_1,054,330|_정품 | _멀티팩(정품)_1,055,110|_정품 | _멀티팩(정품)_1,055,120|_정품 | _멀티팩(정품)_1,056,400|_정품 | _멀티팩(정품)_1,068,850|_정품 | _멀티팩(정품)_1,068,870|_정품 | _멀티팩(정품)_1,069,900|_정품 | _멀티팩(정품)_1,084,630|_정품 | _멀티팩(정품)_1,084,740|_정품 | _멀티팩(정품)_1,084,870|_정품 | _멀티팩(정품)_1,084,990|_정품 | _멀티팩(정품)_1,085,090|_정품 | _멀티팩(정품)_1,100,000|_정품 | _멀티팩(정품)_1,130,120|_정품 | _멀티팩(정품)_1,131,990|_정품 | _멀티팩(정품)_1,832,660|_정품 | _멀티팩(정품)_1,832,690|_정품 | _멀티팩(정품)_1,832,700|_정품 | _멀티팩(정품)_1,832,730|_정품 | _멀티팩(정품)_1,842,990|_정품",1347200,1347200,1347200,1293320,1293320,1293320,1293320,1293320,1293320,1293320,1293320,1293320,1199990,1133700,1132970,1133690,1143710,1143710,1143710,1143710,1153710,1153710,1153710,1081200,1081200,1081200,1081200,1081200,1081200,1081200,1086300
6522496,AMD 애슬론 200GE (레이븐 릿지),AMD 애슬론 200GE,레이븐 릿지,"_정품_191,860|_중고",22500,22500,22500,22500,22500,22500,22500,22500,22500,22500,22500,22500,22500,22500,22500,22500,22500,22500,22500,22500,24990,24990,24990,24990,24990,24990,24990,22500,22500,22500,22500
9968202,AMD 애슬론 3000G (레이븐 릿지),AMD 애슬론 3000G,레이븐 릿지,"_정품_125,900|벌크 + 쿨러_64,260|벌크_63,270|_중고 | _정품_125,900|벌크 + 쿨러_66,850|벌크_63,270|_중고 | _정품_125,900|벌크 + 쿨러_66,970|벌크_63,270|_중고 | _정품_125,900|벌크 + 쿨러_67,010|벌크_63,270|_중고 | _정품_125,900|벌크 + 쿨러_67,040|벌크_63,270|_중고 | _정품_125,900|벌크 + 쿨러_67,070|_벌크_63,270|중고 | _정품_125,900|벌크 + 쿨러_67,070|벌크_63,270|_중고 | 정품_125,900|_벌크 + 쿨러_64,260|벌크_63,270|_중고 | 정품_125,900|_벌크 + 쿨러_65,190|_벌크_63,270|중고 | 정품_125,900|_벌크 + 쿨러_80,550|_벌크_65,280|중고 | 정품_125,900|벌크 + 쿨러_66,730|_벌크_63,270|_중고 | 정품_125,900|벌크 + 쿨러_67,000|_벌크_63,270|_중고",40290,40290,40290,40290,40290,40290,40290,40290,40290,40290,40290,40290,40290,40290,40800,65900,65900,65900,65900,65900,65900,65900,67900,79900,79900,79900,0,0,0,0,0
16561238,AMD 애슬론 3000G (레이븐 릿지),AMD 애슬론 3000G,레이븐 릿지,"_벌크 + 쿨러_80,550|_벌크_65,280|중고 | 벌크 + 쿨러_80,550|_벌크_65,280|_중고",0,0,0,0,0,0,0,0,0,0,0,0,0,0,0,0,0,0,0,0,0,0,0,0,0,0,79900,79900,79900,79900,79900
15834872,AMD 애슬론II-X3 425 (라나),AMD 애슬론II-X3 425,라나,중고,1990,1990,1990,1990,1990,1990,1990,1990,1990,1990,1990,1990,1990,1990,1990,1990,1990,1990,1990,1990,1990,1690,1690,1690,1690,1690,1690,1690,1690,1690,1690
4477138,AMD 페넘II-X3 710 (헤카),AMD 페넘II-X3 710,헤카,중고,2850,0,0,0,0,2840,2840,0,2670,2670,2870,2840,2720,2870,2840,0,0,0,0,0,0,0,0,0,0,0,0,0,0,0,0
28158908,AMD 페넘II-X4 945 (데네브),AMD 페넘II-X4 945,데네브,중고,4610,4610,4600,4600,4610,4610,4730,4710,4710,4700,4700,4690,4690,4680,4680,4670,4670,4660,4660,4650,4650,4650,4650,4650,4650,4650,4650,4650,4650,4650,4650
4281793,AMD 페넘II-X4 955 (데네브),AMD 페넘II-X4 955,데네브,중고,6510,6510,6500,6500,6500,6500,6630,6610,6610,6600,6600,6590,6590,6580,6580,6570,6570,6560,6560,6550,6550,5970,5970,5850,5850,5730,5730,5690,5690,5680,5680
4467073,AMD 페넘II-X6 1055T (투반),AMD 페넘II-X6 1055T,투반,"중고, 95W",22500,22470,22460,22430,22490,22490,22490,22490,22460,22430,22420,22390,22270,22500,22490,22490,22490,22490,22490,22490,22990,22990,22990,24440,0,24440,24440,0,0,0,23400
6112877,인텔 셀러론 G1820 (하스웰),인텔 셀러론 G1820,하스웰,중고,0,0,0,0,0,0,0,1500,1500,1500,1500,1500,1500,1500,0,0,0,0,0,0,0,0,0,0,0,0,0,0,0,0,0
6112894,인텔 셀러론 G1830 (하스웰),인텔 셀러론 G1830,하스웰,중고,1340,1310,1300,1270,1320,1320,1320,1250,1250,1250,1240,1240,1340,1310,1250,1290,1290,1290,1290,1290,1290,1290,1290,1290,1290,1290,1290,1290,1290,1290,0
2669666,인텔 셀러론 G1840 (하스웰 리프레시),인텔 셀러론 G1840,하스웰 리프레시,"_벌크_2,170|_중고",1310,1330,1320,1290,1320,1320,1320,1250,1250,1250,1240,1240,1340,1310,1250,1290,1290,1290,1290,1290,1290,1290,1290,1290,1290,1290,1290,1290,1290,1290,1290
2783185,인텔 셀러론 G1850 (하스웰 리프레시),인텔 셀러론 G1850,하스웰 리프레시,"_벌크_3,400|_중고",1320,1290,1280,1250,1320,1320,1320,1250,1250,1250,1240,1240,1340,1310,1250,1290,1290,1290,1290,1290,1290,1290,1290,1290,1290,1290,1290,1290,1290,1290,1290
4033502,인텔 셀러론 G3900 (스카이레이크),인텔 셀러론 G3900,스카이레이크,"_벌크 + 쿨러_5,500|벌크_1,310|_중고 | _벌크 + 쿨러_5,510|벌크_1,310|_중고 | _벌크 + 쿨러_5,520|벌크_1,310|_중고 | _벌크 + 쿨러_5,570|벌크_1,310|_중고 | 벌크 + 쿨러_5,340|_벌크_1,310|_중고 | 벌크 + 쿨러_5,350|_벌크_1,310|_중고 | 벌크 + 쿨러_5,380|_벌크_1,430|_중고 | 벌크 + 쿨러_5,410|_벌크_1,430|_중고 | 벌크 + 쿨러_5,420|_벌크_1,430|_중고 | 벌크 + 쿨러_5,430|_벌크_1,310|_중고 | 벌크 + 쿨러_5,450|_벌크_1,430|_중고 | 벌크 + 쿨러_5,480|_벌크_1,310|_중고 | 벌크 + 쿨러_5,520|_벌크_1,310|_중고 | 벌크 + 쿨러_5,520|_벌크_1,430|_중고 | 벌크 + 쿨러_5,550|_벌크_1,310|_중고 | 벌크 + 쿨러_5,560|_벌크_1,310|_중고 | 벌크 + 쿨러_5,570|_벌크_1,310|_중고 | 벌크 + 쿨러_5,580|_벌크_1,310|_중고 | 벌크 + 쿨러_5,580|_벌크_1,430|_중고",1380,1370,1360,1350,1340,1400,1400,1210,1200,1200,1200,1200,1200,1200,1200,1210,1210,1210,1210,1210,1210,1210,1210,1210,1210,1210,1210,1210,1210,1210,1210
4881161,인텔 셀러론 G3930 (카비레이크),인텔 셀러론 G3930,카비레이크,"벌크 + 쿨러_5,340|_벌크_1,490|_중고 | 벌크 + 쿨러_5,380|_벌크_1,490|_중고 | 벌크 + 쿨러_5,390|_벌크_1,490|_중고 | 벌크 + 쿨러_5,410|_벌크_1,490|_중고 | 벌크 + 쿨러_5,420|_벌크_1,490|_중고 | 벌크 + 쿨러_5,430|_벌크_1,490|_중고 | 벌크 + 쿨러_5,450|_벌크_1,490|_중고 | 벌크 + 쿨러_5,490|_벌크_1,490|_중고 | 벌크 + 쿨러_5,500|_벌크_1,490|_중고 | 벌크 + 쿨러_5,510|_벌크_1,490|_중고 | 벌크 + 쿨러_5,520|_벌크_1,490|_중고 | 벌크 + 쿨러_5,570|_벌크_1,490|_중고",1330,1330,1370,1340,1370,1370,1300,1210,1200,1200,1200,1200,1200,1200,1200,1210,1210,1210,1210,1210,1210,1210,1210,1210,1210,1210,1210,1210,1210,1210,1210
7898065,인텔 셀러론 G3950 (카비레이크),인텔 셀러론 G3950,카비레이크,"_해외구매_88,000|_중고",65000,65000,65000,65000,65000,65000,65000,65000,65000,65000,65000,65000,65000,65000,65000,65000,65000,65000,65000,65000,65000,65000,65000,65000,65000,65000,65000,65000,65000,65000,65000
6060282,인텔 셀러론 G4900 (커피레이크),인텔 셀러론 G4900,커피레이크,"_벌크 + 쿨러_11,100|_벌크_6,420|중고 | _벌크 + 쿨러_11,100|_벌크_6,450|중고 | _벌크 + 쿨러_11,110|_벌크_6,340|중고 | _벌크 + 쿨러_11,140|_벌크_6,460|중고 | _벌크 + 쿨러_11,150|_벌크_6,490|중고 | _벌크 + 쿨러_11,260|_벌크_6,260|중고 | _벌크 + 쿨러_11,390|_벌크_6,390|중고 | _벌크 + 쿨러_11,470|_벌크_6,380|중고 | _벌크 + 쿨러_11,490|_벌크_6,490|중고 | _벌크 + 쿨러_11,500|_벌크_6,220|중고 | _벌크 + 쿨러_11,500|_벌크_6,410|중고 | _벌크 + 쿨러_11,950|_벌크_6,970|중고 | _벌크 + 쿨러_11,950|벌크_6,970|_중고 | _벌크 + 쿨러_12,080|_벌크_6,970|중고 | _벌크 + 쿨러_12,080|벌크_6,970|_중고 | 벌크 + 쿨러_11,470|_벌크_6,490|_중고 | 벌크 + 쿨러_11,700|_벌크_6,750|_중고",5500,5500,5500,5500,5500,5500,5500,5500,5500,5500,5500,5500,5500,5500,5500,5500,5500,5500,5500,5500,5500,5500,5500,5500,5890,5890,5890,5890,5890,5890,5890
10911789,인텔 셀러론 G4930 (커피레이크-R),인텔 셀러론 G4930,커피레이크-R,"병행수입 박스_61,090|_벌크 + 쿨러_14,400|_벌크_9,000|해외구매 | 병행수입 박스_61,100|_벌크 + 쿨러_14,400|_벌크_8,990|해외구매 | 병행수입 박스_61,100|_벌크 + 쿨러_14,400|_벌크_9,000|해외구매 | 병행수입 박스_63,220|_벌크 + 쿨러_14,500|_벌크_9,000|해외구매",15450,15790,15790,15790,15790,15790,15790,15790,15790,15790,15790,15790,15790,15790,15790,15790,15790,15790,15790,15790,17170,17170,17170,17170,0,0,0,0,0,0,0
9642015,인텔 셀러론 G4930 (커피레이크-R),인텔 셀러론 G4930,커피레이크-R,"벌크 + 쿨러_14,400|_벌크_9,000|_해외구매 | 벌크 + 쿨러_14,500|_벌크_9,000|_해외구매",0,0,0,0,0,0,0,0,0,0,0,0,0,0,0,0,0,0,0,0,0,0,0,0,17170,17170,17170,15790,15790,15790,15790
1512435,인텔 셀러론 G530 (샌디브릿지),인텔 셀러론 G530,샌디브릿지,"_벌크 + 쿨러_14,850|_중고 | _벌크 + 쿨러_16,490|_중고",1190,1190,1190,1190,1190,1190,1190,1190,1190,1800,1790,1790,1790,1790,1790,1790,1790,1790,1790,1790,1790,1790,1790,1790,1790,1790,1790,1790,1790,1790,1790
1705460,인텔 셀러론 G540 (샌디브릿지),인텔 셀러론 G540,샌디브릿지,"_벌크 + 쿨러_15,460|_중고 | _벌크 + 쿨러_15,550|_중고 | _벌크 + 쿨러_15,580|_중고 | _벌크 + 쿨러_15,590|_중고 | _벌크 + 쿨러_15,620|_중고 | _벌크 + 쿨러_15,650|_중고 | _벌크 + 쿨러_15,660|_중고 | _벌크 + 쿨러_15,990|_중고",1200,1170,1160,1160,1240,1230,1230,1190,1240,1210,1200,1170,1240,1210,1160,1200,1200,1200,1200,1200,1200,1200,1300,1800,1800,1800,1800,1800,1800,1800,1800
1779781,인텔 셀러론 G550 (샌디브릿지),인텔 셀러론 G550,샌디브릿지,중고,0,0,0,0,0,0,0,0,0,0,1800,1800,1800,1800,1800,1800,1800,0,1800,1800,1800,1800,1800,1800,1800,1800,1800,1800,1800,1800,0
11480208,인텔 셀러론 G5900 (코멧레이크S),인텔 셀러론 G5900,코멧레이크S,"_벌크 + 쿨러_37,890|_벌크_32,390|중고 | _벌크 + 쿨러_38,630|_벌크_32,990|중고 | 벌크 + 쿨러_38,010|_벌크_32,370|_중고 | 벌크 + 쿨러_38,130|_벌크_32,490|_중고 | 벌크 + 쿨러_38,250|_벌크_32,610|_중고 | 벌크 + 쿨러_38,280|_벌크_32,640|_중고 | 벌크 + 쿨러_38,290|_벌크_32,650|_중고 | 벌크 + 쿨러_38,400|_벌크_32,760|_중고 | 벌크 + 쿨러_38,450|_벌크_32,800|_중고 | 벌크 + 쿨러_38,480|_벌크_32,830|_중고 | 벌크 + 쿨러_38,490|_벌크_32,840|_중고 | 벌크 + 쿨러_38,530|_벌크_32,890|_중고 | 벌크 + 쿨러_38,610|_벌크_32,960|_중고 | 벌크 + 쿨러_38,630|_벌크_32,990|_중고 | 벌크 + 쿨러_38,990|_벌크_32,990|_중고",33000,33000,33000,33000,33000,33000,33000,33000,33000,33000,33000,33000,33000,33000,33000,32500,32500,32500,32500,32500,32500,32500,32500,32500,32960,32960,32960,32730,32730,32730,32730
12122969,인텔 셀러론 G5905 (코멧레이크S),인텔 셀러론 G5905,코멧레이크S,"_정품_65,650|벌크 + 쿨러_51,300|벌크_43,740|해외구매_72,000|_중고 | _정품_65,770|_벌크 + 쿨러_50,960|벌크_43,750|해외구매_72,000|중고 | _정품_65,830|_벌크 + 쿨러_50,660|벌크_45,460|해외구매_72,000|중고 | _정품_65,860|_벌크 + 쿨러_50,590|벌크_45,420|해외구매_72,000|중고 | _정품_65,870|_벌크 + 쿨러_50,590|벌크_45,420|해외구매_72,000|중고 | _정품_65,890|_벌크 + 쿨러_51,050|벌크_43,750|해외구매_72,000|중고 | _정품_65,900|_벌크 + 쿨러_50,590|벌크_45,420|해외구매_72,000|중고 | _정품_65,920|_벌크 + 쿨러_51,080|벌크_43,750|해외구매_72,000|중고 | _정품_65,990|_벌크 + 쿨러_50,666|벌크_45,465|해외구매_72,000|중고 | _정품_65,990|_벌크 + 쿨러_50,710|벌크_43,690|해외구매_72,000|중고 | _정품_65,990|_벌크 + 쿨러_50,710|벌크_45,520|해외구매_72,000|중고 | _정품_65,990|_벌크 + 쿨러_51,090|벌크_43,750|해외구매_72,000|중고 | _정품_65,990|_벌크 + 쿨러_51,120|벌크_43,750|해외구매_72,000|중고 | _정품_65,990|_벌크 + 쿨러_51,150|벌크_43,750|해외구매_72,000|중고 | _정품_65,990|_벌크 + 쿨러_51,150|벌크_43,760|해외구매_72,000|중고 | _정품_65,990|_벌크 + 쿨러_51,160|벌크_43,780|해외구매_72,000|중고 | _정품_65,990|벌크 + 쿨러_50,310|_벌크_44,990|해외구매_72,000|중고 | _정품_65,990|벌크 + 쿨러_50,710|_벌크_43,690|해외구매_72,000|중고 | _정품_65,990|벌크 + 쿨러_50,710|_벌크_45,520|해외구매_72,000|중고 | _정품_65,990|벌크 + 쿨러_50,830|벌크_43,710|해외구매_72,000|_중고 | _정품_65,990|벌크 + 쿨러_50,850|_벌크_43,710|해외구매_72,000|중고 | _정품_65,990|벌크 + 쿨러_50,850|벌크_43,710|해외구매_72,000|_중고 | _정품_65,990|벌크 + 쿨러_51,240|_벌크_43,700|해외구매_72,000|중고 | _정품_65,990|벌크 + 쿨러_51,290|벌크_43,710|해외구매_72,000|_중고",42590,42590,42590,42590,42590,42590,36900,36900,36900,36900,36900,36900,36900,36900,36900,36900,36900,36900,36900,36900,36900,36900,36900,36900,36900,36900,36900,36900,36900,36900,36900
12387029,인텔 셀러론 G5925 (코멧레이크S),인텔 셀러론 G5925,코멧레이크S,"_정품_63,160|병행수입 박스_76,240|벌크 + 쿨러_65,630|_벌크 | _정품_63,160|병행수입 박스_76,270|벌크 + 쿨러_65,630|_벌크 | _정품_63,160|병행수입 박스_76,280|벌크 + 쿨러_65,630|_벌크 | _정품_63,160|병행수입 박스_76,310|벌크 + 쿨러_65,630|_벌크 | _정품_63,168|병행수입 박스_76,580|벌크 + 쿨러_65,630|_벌크 | _정품_64,810|병행수입 박스_76,240|벌크 + 쿨러_68,750|_벌크 | _정품_64,930|병행수입 박스_76,360|벌크 + 쿨러_68,750|_벌크 | _정품_65,050|병행수입 박스_76,480|벌크 + 쿨러_65,630|_벌크 | _정품_65,080|병행수입 박스_76,510|벌크 + 쿨러_65,630|_벌크 | _정품_65,090|병행수입 박스_76,520|벌크 + 쿨러_65,630|_벌크 | _정품_65,120|병행수입 박스_76,550|벌크 + 쿨러_65,630|_벌크 | _정품_65,150|병행수입 박스_76,580|벌크 + 쿨러_65,630|_벌크 | _정품_65,160|병행수입 박스_76,580|벌크 + 쿨러_65,630|_벌크 | _정품_65,370|병행수입 박스_79,140|벌크 + 쿨러_65,630|_벌크",61430,61430,61430,61430,61430,61430,61430,61430,61430,61430,61430,61430,64350,64350,61430,61430,61430,61430,61430,61430,61430,61430,61430,61430,61430,61430,61430,61430,61430,61430,61430
16100840,인텔 셀러론 G6900 (엘더레이크),인텔 셀러론 G6900,엘더레이크,"_정품_103,920|벌크 + 쿨러_86,700|_벌크_77,690|해외구매 | _정품_104,040|벌크 + 쿨러_86,700|_벌크_77,690|해외구매 | _정품_104,160|벌크 + 쿨러_85,200|_벌크_77,690|해외구매 | _정품_104,280|벌크 + 쿨러_85,204|_벌크_77,690|해외구매 | _정품_104,400|_벌크 + 쿨러_86,700|벌크_77,690|해외구매 | _정품_104,520|_벌크 + 쿨러_89,770|벌크_78,740|해외구매 | _정품_104,550|_벌크 + 쿨러_89,770|벌크_78,740|해외구매 | _정품_94,500|_벌크 + 쿨러_77,990|벌크_76,410|해외구매 | _정품_94,500|_벌크 + 쿨러_78,020|벌크_76,410|해외구매 | _정품_94,500|벌크 + 쿨러_89,100|_벌크_76,410|해외구매 | _정품_94,500|벌크 + 쿨러_89,100|_벌크_76,930|해외구매 | _정품_94,500|벌크 + 쿨러_89,100|_벌크_76,940|해외구매 | _정품_94,500|벌크 + 쿨러_89,100|_벌크_78,300|해외구매 | _정품_94,500|벌크 + 쿨러_90,100|_벌크_77,510|해외구매 | _정품_94,500|벌크 + 쿨러_90,100|_벌크_77,630|해외구매 | _정품_94,500|벌크 + 쿨러_90,100|_벌크_77,900|해외구매 | _정품_94,500|벌크 + 쿨러_90,100|_벌크_78,380|해외구매 | _정품_94,500|벌크 + 쿨러_90,100|_벌크_78,400|해외구매 | _정품_94,500|벌크 + 쿨러_90,110|_벌크_77,750|해외구매 | _정품_94,500|벌크 + 쿨러_90,110|_벌크_77,870|해외구매 | _정품_94,500|벌크 + 쿨러_90,630|_벌크_78,450|해외구매 | _정품_94,500|벌크 + 쿨러_90,630|_벌크_78,550|해외구매 | _정품_95,000|_벌크 + 쿨러_88,460|벌크_77,140|해외구매 | _정품_95,000|_벌크 + 쿨러_89,590|벌크_77,140|해외구매 | _정품_95,000|벌크 + 쿨러_85,870|_벌크_76,110|해외구매 | _정품_95,000|벌크 + 쿨러_85,880|_벌크_76,120|해외구매 | _정품_95,000|벌크 + 쿨러_89,590|_벌크_77,270|해외구매 | _정품_95,000|벌크 + 쿨러_89,600|_벌크_77,150|해외구매",86580,88520,88520,88520,88520,88520,88520,88520,88520,88520,88520,88520,88520,88520,88520,88520,88520,88520,88520,88520,91000,91000,91000,91000,90950,90950,90950,88520,88520,88520,88520
7271023,인텔 제온 E 2124 (커피레이크),인텔 제온 E 2124,커피레이크,"_정품_218,000|_벌크",339450,339450,339450,339450,339450,339450,339450,339450,339450,339450,339450,339450,339450,339450,339450,339450,339450,339450,339450,339450,339450,339450,339450,339450,339450,339450,339450,339450,339450,339450,339450
12111233,인텔 제온 E 2224 (커피레이크-R),인텔 제온 E 2224,커피레이크-R,"_벌크 + 쿨러_517,000|_벌크 | _벌크 + 쿨러_522,500|_벌크 | _벌크 + 쿨러_530,000|_벌크",455000,455000,455000,455000,455000,455000,455000,455000,455000,455000,455000,455000,455000,455000,455000,455000,455000,455000,455000,455000,455000,0,0,0,0,0,0,0,0,0,0
9652455,인텔 제온 E 2224 (커피레이크-R),인텔 제온 E 2224,커피레이크-R,"_정품_499,990|_벌크 + 쿨러_517,000|벌크",0,0,0,0,0,0,0,0,0,0,0,0,0,0,0,0,0,0,0,0,0,455000,455000,455000,455000,455000,455000,455000,455000,455000,455000
9652695,인텔 제온 E 2234 (커피레이크-R),인텔 제온 E 2234,커피레이크-R,정품,476650,0,0,0,0,0,0,0,0,0,0,0,0,0,0,0,0,0,0,0,0,0,0,0,0,0,0,0,0,0,0
14186564,인텔 제온 E3-1220 (샌디브릿지),인텔 제온 E3-1220,샌디브릿지,중고,0,0,0,0,0,0,0,0,0,0,0,0,0,0,0,0,0,0,0,0,0,7000,7000,7000,0,7000,7000,7000,0,0,0
5132410,인텔 제온 E3-1225V6 (카비레이크),인텔 제온 E3-1225V6,카비레이크,정품,404330,404330,404330,404330,404330,404330,404330,404330,404330,404330,404330,404330,379200,379200,379200,379200,379200,379200,379200,379200,379200,379200,379200,379200,379200,379200,379200,379200,379200,379200,379200
13360262,인텔 제온 E3-1230V2 (아이비브릿지),인텔 제온 E3-1230V2,아이비브릿지,중고,26960,26930,26920,26890,26990,26990,26990,26990,26960,26930,26920,26890,26770,26660,26990,26990,26990,26990,26990,26990,27890,27890,27890,27890,27890,27890,27890,26990,26990,26990,26990
5132462,인텔 제온 E3-1230V6 (카비레이크),인텔 제온 E3-1230V6,카비레이크,정품,411380,411380,411380,411380,411380,411380,411380,411380,411380,411380,411380,411380,411380,411380,411380,411380,411380,411380,411380,411380,411380,411380,411380,411380,411380,411380,411380,411380,411380,411380,411380
13059194,인텔 제온 E3-1231V3 (하스웰 리프레시),인텔 제온 E3-1231V3,하스웰 리프레시,중고,28300,28300,28300,28300,28300,28300,28300,28300,28300,28300,28300,28300,28300,28300,28300,28300,28300,28300,28300,28300,29890,28890,28890,28890,28890,28890,28890,28300,28300,28300,28300
5132478,인텔 제온 E3-1240V6 (카비레이크),인텔 제온 E3-1240V6,카비레이크,정품,455000,455000,455000,455000,455000,455000,455000,455000,455000,455000,455000,455000,455000,455000,455000,455000,455000,455000,455000,455000,455000,455000,455000,455000,455000,455000,455000,455000,455000,455000,455000
5132511,인텔 제온 E3-1275V6 (카비레이크),인텔 제온 E3-1275V6,카비레이크,"_정품_736,000|_벌크_450,000|중고 | _정품_736,000|_벌크_585,900|중고",770000,770000,770000,770000,770000,770000,770000,770000,770000,770000,770000,770000,770000,770000,770000,770000,770000,770000,770000,770000,770000,450000,450000,450000,450000,450000,450000,450000,450000,450000,450000
4370096,인텔 제온 E5-2630 v4 (브로드웰-EP),인텔 제온 E5-2630 v4,브로드웰-EP,정품,1000000,1000000,1000000,1000000,1000000,1000000,1000000,1103990,1103990,1103990,1103990,1103990,1103990,1103990,1103990,1103990,1103990,1103990,1103990,1103990,1103990,770000,770000,770000,770000,770000,770000,770000,770000,770000,770000
4797960,인텔 제온 E5-2680 v4 (브로드웰-EP),인텔 제온 E5-2680 v4,브로드웰-EP,해외구매,0,0,550000,550000,550000,550000,550000,550000,550000,550000,0,0,0,0,0,0,0,0,0,0,0,0,0,0,0,0,0,0,0,0,0
16909313,인텔 제온 E5-2696 v3 (하스웰-EP),인텔 제온 E5-2696 v3,하스웰-EP,해외구매,409180,409180,409180,388730,409180,409180,409180,388730,388730,388730,409180,388730,409180,388730,388730,388730,409180,388730,388730,0,0,0,0,0,0,0,388730,388730,388730,388730,388730
13487003,인텔 제온 X5650 (웨스터미어),인텔 제온 X5650,웨스터미어,중고,6000,6000,6000,6000,6000,6000,6000,6000,6000,6000,6000,6000,6000,6000,6000,6000,6000,6000,6000,6000,6000,6000,0,6000,6000,6000,6000,6000,6000,6000,6000
13501556,인텔 제온 X5680 (웨스터미어),인텔 제온 X5680,웨스터미어,"_해외구매_49,760|_중고",57680,57680,57680,57680,57680,57680,57680,57680,57680,57680,57680,57680,57680,57680,57680,57680,57680,57680,57680,57680,57680,57680,57680,57680,57680,57680,57680,57680,57680,57680,57680
35224235,인텔 제온 w5-2465X (사파이어 래피드),인텔 제온 w5-2465X,사파이어 래피드,벌크,2266820,2266790,2266670,2266550,2268990,2268990,2268990,2268890,2268760,2268650,2268640,2268610,2268490,2268370,2268250,2268990,2268990,2268990,2268990,2268990,2268990,2268990,2268990,2268990,2268990,2268990,2268990,2268990,2268990,2268990,2268990
35224169,인텔 제온 w5-3435X (사파이어 래피드),인텔 제온 w5-3435X,사파이어 래피드,벌크,2528700,2528690,2528680,2528670,2528660,2528990,2528990,2528890,2528760,2528650,2528640,2528610,2528490,2528370,2528250,2528990,2528990,2528990,2528990,2528990,2528990,2528990,2528990,2528990,2528990,2528990,2528990,2528990,2528990,2528990,2528990
35223638,인텔 제온 w7-3465X (사파이어 래피드),인텔 제온 w7-3465X,사파이어 래피드,벌크,4926560,4926530,4926520,4926490,4928990,4928990,4928990,4928890,4928760,4928650,4928640,4928610,4928490,4928370,4928250,4928990,4928990,4928990,4928990,4928990,4928990,4928990,4928990,4928990,4928990,4928990,4928990,4928990,4928990,4928990,4928990
9308598,인텔 제온 스케일러블 골드 5220 (캐스케이드레이크),인텔 제온 스케일러블 골드 5220,캐스케이드레이크,정품,0,0,0,0,0,0,2693280,2693180,2693050,0,0,0,0,0,0,0,0,0,0,0,0,0,0,0,0,0,0,0,0,0,0
15064400,인텔 제온 스케일러블 골드 5317 (아이스레이크),인텔 제온 스케일러블 골드 5317,아이스레이크,정품,0,0,0,0,0,0,0,0,0,0,1932370,1932370,1932370,1932370,0,0,0,0,0,0,0,0,0,0,0,0,0,0,0,0,0
15064316,인텔 제온 스케일러블 골드 5320 (아이스레이크),인텔 제온 스케일러블 골드 5320,아이스레이크,정품,0,0,0,3091780,0,0,0,0,0,0,0,0,0,0,0,0,0,0,0,0,0,0,0,0,0,0,0,0,0,0,0
5448999,인텔 제온 스케일러블 골드 6152 (스카이레이크),인텔 제온 스케일러블 골드 6152,스카이레이크,"_정품_3,560,000|_벌크 | _정품_5,317,000|_벌크",4700000,4700000,4700000,4700000,4700000,4700000,4700000,4700000,4700000,4700000,4700000,4700000,4700000,4700000,4700000,4700000,4700000,4700000,4700000,4700000,4700000,2350000,2350000,2350000,2350000,2350000,2350000,2350000,2350000,2350000,2350000
9307653,인텔 제온 스케일러블 골드 6240 (캐스케이드레이크),인텔 제온 스케일러블 골드 6240,캐스케이드레이크,정품,0,0,0,0,0,0,4407000,4407000,4407000,4407000,0,0,0,0,0,0,0,0,0,0,0,0,0,0,0,0,0,0,0,0,0
9307587,인텔 제온 스케일러블 골드 6242 (캐스케이드레이크),인텔 제온 스케일러블 골드 6242,캐스케이드레이크,"_정품_4,557,190|_벌크_3,649,000|해외구매 | _정품_4,557,190|_벌크_4,930,000|해외구매",4950000,4950000,4950000,4950000,4950000,4950000,4950000,4950000,4950000,4950000,4950000,4950000,4950000,4950000,4950000,4950000,4950000,4950000,4950000,4950000,4950000,3649000,3649000,3649000,3649000,3649000,3649000,3649000,3649000,3649000,3649000
18599837,인텔 제온 스케일러블 골드 6242R (캐스케이드레이크),인텔 제온 스케일러블 골드 6242R,캐스케이드레이크,"_벌크_3,644,810|_해외구매 | _벌크_3,644,840|_해외구매 | _벌크_3,644,850|_해외구매 | _벌크_3,644,880|_해외구매 | _벌크_3,649,250|_해외구매 | _벌크_3,649,370|_해외구매 | _벌크_3,649,490|_해외구매 | _벌크_3,649,610|_해외구매 | _벌크_3,649,640|_해외구매 | _벌크_3,649,650|_해외구매 | _벌크_3,649,760|_해외구매 | _벌크_3,649,890|_해외구매 | _벌크_3,649,990|_해외구매",3876000,3876000,3876000,3876000,3876000,3876000,3876000,3876000,3876000,3876000,3876000,3876000,3876000,3876000,3876000,3876000,3876000,3876000,3876000,3876000,3876000,3876000,3876000,3876000,3876000,3876000,3876000,3876000,3876000,3876000,3876000
15322769,인텔 제온 스케일러블 골드 6338N (아이스레이크),인텔 제온 스케일러블 골드 6338N,아이스레이크,벌크,0,0,0,0,0,0,0,0,0,0,0,0,0,0,0,0,0,0,0,0,0,0,0,0,0,5142370,5142370,0,0,0,0
19830395,인텔 제온 스케일러블 골드 6346 (아이스레이크),인텔 제온 스케일러블 골드 6346,아이스레이크,벌크,0,0,0,0,0,0,0,0,0,0,0,0,0,0,0,0,0,0,0,2528990,2528990,2528990,2528990,2528990,2528990,2528990,2528990,2528990,2528990,2528990,2528990
70153370,인텔 제온 스케일러블 골드 6526Y (에메랄드 래피드),인텔 제온 스케일러블 골드 6526Y,에메랄드 래피드,벌크,2446210,2446180,2446170,2446140,2448990,2448990,2448990,2448890,2448760,2448650,2448640,2448610,2448490,2448370,2448250,2448990,2448990,2448990,2448990,2448990,2448990,2448990,2448990,2448990,2448990,2448990,2448990,2448990,2448990,2448990,2448990
5449308,인텔 제온 스케일러블 브론즈 3104 (스카이레이크),인텔 제온 스케일러블 브론즈 3104,스카이레이크,"_정품_400,000|_벌크",371990,371990,371990,371990,371990,371990,371990,371990,371990,371990,371990,371990,371990,371990,371990,371990,371990,371990,371990,371990,371990,200000,200000,200000,200000,200000,200000,200000,200000,200000,200000
14748134,인텔 제온 스케일러블 실버 4110 (스카이레이크),인텔 제온 스케일러블 실버 4110,스카이레이크,"_벌크_437,500|_중고 | _벌크_875,000|_중고",21150,21620,21620,21620,21620,21620,21620,21620,21620,21620,21620,21620,21620,21620,21620,21620,21620,21620,21620,21620,23490,23490,23490,23490,23490,23490,23490,21620,21620,21620,21620
18158993,인텔 제온 스케일러블 실버 4112 (스카이레이크),인텔 제온 스케일러블 실버 4112,스카이레이크,"_벌크_651,000|_해외구매",0,0,0,0,0,0,0,0,0,0,0,0,0,0,0,0,0,0,0,0,0,613000,613000,613000,613000,613000,613000,613000,613000,613000,613000
5449256,인텔 제온 스케일러블 실버 4114 (스카이레이크),인텔 제온 스케일러블 실버 4114,스카이레이크,"_정품_1,010,000|_벌크 | _정품_2,011,000|_벌크",995000,995000,995000,995000,995000,995000,995000,995000,995000,995000,995000,995000,995000,995000,995000,995000,995000,995000,995000,995000,995000,995000,995000,995000,995000,995000,995000,995000,995000,995000,995000
9309363,인텔 제온 스케일러블 실버 4208 (캐스케이드레이크),인텔 제온 스케일러블 실버 4208,캐스케이드레이크,정품,0,0,0,0,0,0,0,500000,500000,500000,500000,500000,500000,500000,0,0,0,0,0,0,0,0,0,0,0,0,0,0,0,0,0
9309339,인텔 제온 스케일러블 실버 4210 (캐스케이드레이크),인텔 제온 스케일러블 실버 4210,캐스케이드레이크,정품,871060,871030,0,0,873800,873800,873800,873800,873800,873800,873800,873800,873800,873770,873650,873530,873410,873290,873170,873050,872930,872810,872690,872570,0,0,872210,872110,0,0,871750
17241737,인텔 제온 스케일러블 실버 4210R (캐스케이드레이크),인텔 제온 스케일러블 실버 4210R,캐스케이드레이크,벌크,572800,572800,572800,572790,572780,572790,572790,572690,572560,572450,572440,572410,572290,572170,572050,572790,572790,572790,572790,572790,572790,572790,572790,572790,572790,572790,572790,572790,572790,572790,572790
9308790,인텔 제온 스케일러블 실버 4216 (캐스케이드레이크),인텔 제온 스케일러블 실버 4216,캐스케이드레이크,정품,1218000,1218000,1218000,1218000,1218000,1218000,1218000,1218000,1218000,1218000,1218000,1218000,1283530,1283530,1218000,1218000,1218000,1218000,1218000,1218000,1218000,1218000,1218000,1218000,1218000,1218000,1218000,1218000,1218000,1218000,0
15062594,인텔 제온 스케일러블 실버 4310 (아이스레이크),인텔 제온 스케일러블 실버 4310,아이스레이크,정품,833700,833700,833700,833700,833700,833700,833700,833700,833700,833700,833700,833700,871920,871890,833700,833700,816900,816900,816900,816900,816900,816900,816900,816900,816900,816900,816900,816900,816900,816900,816900
15062720,인텔 제온 스케일러블 실버 4314 (아이스레이크),인텔 제온 스케일러블 실버 4314,아이스레이크,정품,1335960,1335930,1335920,1335890,1341110,1341110,0,1341010,1340880,0,1340760,1340730,1340610,1340490,1340370,1340250,1340130,1340010,1339890,1339770,1339740,1339740,1339740,1339740,1339740,1339740,1339740,1339740,1339740,1339740,1339740
16276169,인텔 제온 스케일러블 플래티넘 8280L (캐스케이드레이크),인텔 제온 스케일러블 플래티넘 8280L,캐스케이드레이크,정품,0,0,17500000,17500000,17500000,17500000,17500000,17500000,17500000,0,0,0,0,0,0,0,0,0,0,0,0,0,0,0,0,0,0,0,0,0,0
15069860,인텔 제온 스케일러블 플래티넘 8352Y (아이스레이크),인텔 제온 스케일러블 플래티넘 8352Y,아이스레이크,정품,0,0,7407410,7407410,7407410,7407410,7407410,0,0,0,0,0,0,0,0,0,0,0,0,0,0,0,0,0,0,0,0,0,0,0,0
15070739,인텔 제온 스케일러블 플래티넘 8380HL (쿠퍼레이크),인텔 제온 스케일러블 플래티넘 8380HL,쿠퍼레이크,정품,21363390,21363390,21363390,21363390,21363390,21363390,21363390,21363390,21363390,21363390,21363390,21363390,21363390,21363390,21363390,21363390,21363390,21363390,21363390,21363390,21363390,21000000,21000000,21000000,21000000,21000000,21000000,21000000,21000000,21000000,21000000
70153127,인텔 제온 스케일러블 플래티넘 8568Y+ (에메랄드 래피드),인텔 제온 스케일러블 플래티넘 8568Y+,에메랄드 래피드,벌크,9854670,9854660,9854650,9854640,9854630,9854990,9854990,9854890,9854760,9854650,9854640,9854610,9854490,9854370,9854250,9854990,9854990,9854990,9854990,9854990,9854990,9854990,9854990,9854990,9854990,9854990,9854990,9854990,9854990,9854990,9854990
74123084,인텔 코어 울트라5 시리즈2 225 (애로우레이크),인텔 코어 울트라5 시리즈2 225,애로우레이크,정품,0,0,0,0,0,0,0,0,0,0,0,0,0,388620,404250,369230,390450,391990,391990,391990,391990,391990,391990,392000,391990,391990,391990,391990,391990,391990,391990
74123111,인텔 코어 울트라5 시리즈2 225F (애로우레이크),인텔 코어 울트라5 시리즈2 225F,애로우레이크,정품,0,0,0,0,0,0,0,0,0,0,0,0,0,364140,379050,367610,366690,370790,370790,370790,370790,370780,370770,368383,368380,368380,370770,370770,370770,370770,370770
74123036,인텔 코어 울트라5 시리즈2 235 (애로우레이크),인텔 코어 울트라5 시리즈2 235,애로우레이크,정품,0,0,0,0,0,0,0,0,0,0,0,0,0,404940,421050,412910,407540,411990,411990,411990,411990,411980,411980,409205,409200,409200,411980,411980,411980,411980,411980
71161229,인텔 코어 울트라5 시리즈2 245K (애로우레이크),인텔 코어 울트라5 시리즈2 245K,애로우레이크,"_정품_450,210|_벌크 | _정품_454,070|_벌크 | _정품_454,107|_벌크 | _정품_455,080|_벌크 | _정품_455,200|_벌크 | _정품_455,230|_벌크 | _정품_455,320|_벌크 | _정품_455,890|_벌크 | _정품_457,190|_벌크 | _정품_458,500|_벌크 | _정품_458,600|_벌크 | _정품_458,710|_벌크 | _정품_458,740|_벌크 | _정품_458,840|_벌크 | _정품_458,860|_벌크 | _정품_458,890|_벌크",393650,393650,423800,423790,423790,423790,423790,422770,422760,422760,422760,422760,422760,422760,421730,421730,421730,419610,419610,420620,418540,416970,416960,407677,407500,407500,407500,407500,416960,416960,416960
69059753,인텔 코어 울트라5 시리즈2 245K (애로우레이크),인텔 코어 울트라5 시리즈2 245K,애로우레이크,"_정품_450,210|_벌크 | _정품_454,070|_벌크 | _정품_454,107|_벌크 | _정품_455,080|_벌크 | _정품_455,200|_벌크 | _정품_455,230|_벌크 | _정품_455,320|_벌크 | _정품_455,890|_벌크 | _정품_457,190|_벌크 | _정품_458,500|_벌크 | _정품_458,600|_벌크 | _정품_458,710|_벌크 | _정품_458,740|_벌크 | _정품_458,840|_벌크 | _정품_458,860|_벌크 | _정품_458,890|_벌크",393650,393650,423800,423790,423790,423790,423790,422770,422760,422760,422760,422760,422760,422760,421730,421730,421730,419610,419610,420620,418540,416970,416960,407677,407500,407500,407500,407500,416960,416960,416960
71161580,인텔 코어 울트라5 시리즈2 245KF (애로우레이크),인텔 코어 울트라5 시리즈2 245KF,애로우레이크,"_정품_428,680|_벌크 | _정품_429,320|_벌크 | _정품_429,350|_벌크 | _정품_429,360|_벌크 | _정품_429,480|_벌크 | _정품_430,890|_벌크 | _정품_431,510|_벌크 | _정품_431,656|_벌크 | _정품_434,500|_벌크 | _정품_434,600|_벌크 | _정품_434,710|_벌크 | _정품_434,740|_벌크 | _정품_434,800|_벌크 | _정품_434,840|_벌크 | _정품_434,860|_벌크 | _정품_434,890|_벌크",419890,419890,419890,419890,419890,419890,419890,419890,419890,419890,419890,419890,419890,419890,418950,418900,418900,418900,418900,418900,418900,417840,417830,417830,409190,409190,409190,409190,409190,417830,416800
69059771,인텔 코어 울트라5 시리즈2 245KF (애로우레이크),인텔 코어 울트라5 시리즈2 245KF,애로우레이크,"_정품_428,680|_벌크 | _정품_429,320|_벌크 | _정품_429,350|_벌크 | _정품_429,360|_벌크 | _정품_429,480|_벌크 | _정품_430,890|_벌크 | _정품_431,510|_벌크 | _정품_431,656|_벌크 | _정품_434,500|_벌크 | _정품_434,600|_벌크 | _정품_434,710|_벌크 | _정품_434,740|_벌크 | _정품_434,800|_벌크 | _정품_434,840|_벌크 | _정품_434,860|_벌크 | _정품_434,890|_벌크",419890,419890,419890,419890,419890,419890,419890,419890,419890,419890,419890,419890,419890,419890,418950,418900,418900,418900,418900,418900,418900,417840,417830,417830,409190,409190,409190,409190,409190,417830,416800
74122856,인텔 코어 울트라7 시리즈2 265 (애로우레이크),인텔 코어 울트라7 시리즈2 265,애로우레이크,0,0,0,0,0,0,0,0,0,0,0,0,0,0,0,0,0,0,0,0,0,0,0,0,0,0,0,0,0,0,0,0
74122937,인텔 코어 울트라7 시리즈2 265F (애로우레이크),인텔 코어 울트라7 시리즈2 265F,애로우레이크,0,0,0,0,0,0,0,0,0,0,0,0,0,0,0,0,0,0,0,0,0,0,0,0,0,0,0,0,0,0,0,0
71161142,인텔 코어 울트라7 시리즈2 265K (애로우레이크),인텔 코어 울트라7 시리즈2 265K,애로우레이크,"_정품_569,000|_벌크 | _정품_571,458|_벌크 | _정품_574,890|_벌크 | _정품_574,900|_벌크 | _정품_574,990|_벌크 | _정품_575,000|_벌크 | _정품_577,000|_벌크 | _정품_577,930|_벌크 | _정품_577,940|_벌크 | _정품_578,990|_벌크 | _정품_579,000|_벌크 | _정품_586,840|_벌크 | _정품_586,870|_벌크 | _정품_586,880|_벌크 | _정품_586,890|_벌크 | _정품_586,900|_벌크 | _정품_586,910|_벌크",560210,560210,560210,560210,560210,560210,560210,560210,560210,560210,560210,560210,560210,560210,559710,559710,559710,559630,559630,559610,559510,555110,555100,555100,555100,555090,555090,555090,555090,565070,565070
69059687,인텔 코어 울트라7 시리즈2 265K (애로우레이크),인텔 코어 울트라7 시리즈2 265K,애로우레이크,"_정품_569,000|_벌크 | _정품_571,458|_벌크 | _정품_574,890|_벌크 | _정품_574,900|_벌크 | _정품_574,990|_벌크 | _정품_575,000|_벌크 | _정품_577,000|_벌크 | _정품_577,930|_벌크 | _정품_577,940|_벌크 | _정품_578,990|_벌크 | _정품_579,000|_벌크 | _정품_586,840|_벌크 | _정품_586,870|_벌크 | _정품_586,880|_벌크 | _정품_586,890|_벌크 | _정품_586,900|_벌크 | _정품_586,910|_벌크",560210,560210,560210,560210,560210,560210,560210,560210,560210,560210,560210,560210,560210,560210,559710,559710,559710,559630,559630,559610,559510,555110,555100,555100,555100,555090,555090,555090,555090,565070,565070
71161169,인텔 코어 울트라7 시리즈2 265KF (애로우레이크),인텔 코어 울트라7 시리즈2 265KF,애로우레이크,"_정품_562,070|_벌크 | _정품_562,100|_벌크 | _정품_562,110|_벌크 | _정품_562,140|_벌크 | _정품_562,270|_벌크 | _정품_562,272|_벌크 | _정품_571,370|_벌크 | _정품_571,380|_벌크 | _정품_572,700|_벌크 | _정품_572,760|_벌크 | _정품_573,280|_벌크 | _정품_573,520|_벌크 | _정품_573,620|_벌크 | _정품_573,650|_벌크 | _정품_573,770|_벌크 | _정품_573,830|_벌크 | _정품_573,860|_벌크 | _정품_573,890|_벌크",544570,544470,544440,544350,544340,544340,544340,544340,544340,544340,544340,544340,544340,544340,544340,544340,544340,541300,541300,541290,540240,540150,540140,537834,525990,525990,525990,525990,525990,540140,540140
69059723,인텔 코어 울트라7 시리즈2 265KF (애로우레이크),인텔 코어 울트라7 시리즈2 265KF,애로우레이크,"_정품_562,070|_벌크 | _정품_562,100|_벌크 | _정품_562,110|_벌크 | _정품_562,140|_벌크 | _정품_562,270|_벌크 | _정품_562,272|_벌크 | _정품_571,370|_벌크 | _정품_571,380|_벌크 | _정품_572,700|_벌크 | _정품_572,760|_벌크 | _정품_573,280|_벌크 | _정품_573,520|_벌크 | _정품_573,620|_벌크 | _정품_573,650|_벌크 | _정품_573,770|_벌크 | _정품_573,830|_벌크 | _정품_573,860|_벌크 | _정품_573,890|_벌크",544570,544470,544440,544350,544340,544340,544340,544340,544340,544340,544340,544340,544340,544340,544340,544340,544340,541300,541300,541290,540240,540150,540140,537834,525990,525990,525990,525990,525990,540140,540140
74122559,인텔 코어 울트라9 시리즈2 285 (애로우레이크),인텔 코어 울트라9 시리즈2 285,애로우레이크,0,0,0,0,0,0,0,0,0,0,0,0,0,0,0,0,0,0,0,0,0,0,0,0,0,0,0,0,0,0,0,0
71161073,인텔 코어 울트라9 시리즈2 285K (애로우레이크),인텔 코어 울트라9 시리즈2 285K,애로우레이크,"_정품_1,000,000|_벌크 | _정품_1,059,960|_벌크 | _정품_1,060,200|_벌크 | _정품_1,093,690|_벌크 | _정품_1,093,810|_벌크 | _정품_1,093,930|_벌크 | _정품_1,094,030|_벌크 | _정품_1,094,150|_벌크 | _정품_908,940|_벌크 | _정품_908,990|_벌크 | _정품_913,100|_벌크 | _정품_913,130|_벌크 | _정품_913,140|_벌크 | _정품_913,170|_벌크 | _정품_915,450|_벌크 | _정품_921,190|_벌크 | _정품_928,770|_벌크 | _정품_928,820|_벌크 | _정품_928,850|_벌크 | _정품_928,900|_벌크 | _정품_928,950|_벌크 | _정품_928,990|_벌크 | _정품_929,000|_벌크 | _정품_955,500|_벌크 | _정품_963,570|_벌크 | _정품_990,070|_벌크",893690,893660,893560,893440,897910,897910,920490,920490,920420,920310,920300,920270,920150,920060,920220,920490,920490,920000,920000,920030,915890,913550,910420,905190,892890,904930,904930,904930,904930,904940,901830
69059459,인텔 코어 울트라9 시리즈2 285K (애로우레이크),인텔 코어 울트라9 시리즈2 285K,애로우레이크,"_정품_1,000,000|_벌크 | _정품_1,059,960|_벌크 | _정품_1,060,200|_벌크 | _정품_1,093,690|_벌크 | _정품_1,093,810|_벌크 | _정품_1,093,930|_벌크 | _정품_1,094,030|_벌크 | _정품_1,094,150|_벌크 | _정품_908,940|_벌크 | _정품_908,990|_벌크 | _정품_913,100|_벌크 | _정품_913,130|_벌크 | _정품_913,140|_벌크 | _정품_913,170|_벌크 | _정품_915,450|_벌크 | _정품_921,190|_벌크 | _정품_928,770|_벌크 | _정품_928,820|_벌크 | _정품_928,850|_벌크 | _정품_928,900|_벌크 | _정품_928,950|_벌크 | _정품_928,990|_벌크 | _정품_929,000|_벌크 | _정품_955,500|_벌크 | _정품_963,570|_벌크 | _정품_990,070|_벌크",893690,893660,893560,893440,897910,897910,920490,920490,920420,920310,920300,920270,920150,920060,920220,920490,920490,920000,920000,920030,915890,913550,910420,905190,892890,904930,904930,904930,904930,904940,901830
4147168,인텔 코어2듀오 E7500 (울프데일),인텔 코어2듀오 E7500,울프데일,중고,1600,1600,1600,1600,1600,1600,1600,0,0,1600,1600,1600,1600,1600,1600,1700,1700,1700,1700,1700,1700,1700,1700,1700,1700,1700,1700,1700,1700,1700,1700
4144290,인텔 코어2듀오 E8400 (울프데일),인텔 코어2듀오 E8400,울프데일,중고,2370,2390,2360,2390,2340,2390,2360,2390,2350,2390,2360,2390,2360,2390,2360,2390,2360,2390,2360,2390,2360,2390,2360,2390,2360,2390,2360,2310,2390,2360,2390
686511,인텔 코어2쿼드 Q6600 (켄츠필드),인텔 코어2쿼드 Q6600,켄츠필드,"_벌크_3,500|_중고",3560,3560,3560,3560,3560,3560,3560,3560,3560,3560,3560,3560,3560,3560,3560,3560,3560,3560,3560,3560,3400,3400,3400,3400,3400,3400,3400,3400,3400,3400,3400
913727,인텔 코어2쿼드 Q8300 (요크필드),인텔 코어2쿼드 Q8300,요크필드,"_벌크_3,490|_중고",4330,4330,4330,4330,4330,4330,4330,4330,4330,4330,4330,4330,4330,4330,4330,4330,4330,4330,4330,4330,4330,4330,4330,4330,4330,4330,4330,4330,4330,4330,4330
4144483,인텔 코어2쿼드 Q8400 (요크필드),인텔 코어2쿼드 Q8400,요크필드,중고,0,0,0,0,3190,3190,3190,3190,3190,3190,3190,0,0,0,3190,3190,3190,3190,3190,3190,3190,3190,3190,3190,3190,3190,3190,3190,3190,3190,3190
906919,인텔 코어2쿼드 Q9400 (요크필드),인텔 코어2쿼드 Q9400,요크필드,"_벌크_6,870|_중고 | _벌크_6,890|_중고 | _벌크_6,960|_중고 | _벌크_7,100|_중고",4510,4480,4470,4450,4790,4760,4740,4640,4510,4780,4770,4740,4620,4500,4490,4640,4640,4640,4640,4640,4490,4490,4490,4490,4490,4490,4490,4490,4490,4490,4490
4485420,인텔 코어2쿼드 Q9500 (요크필드),인텔 코어2쿼드 Q9500,요크필드,중고,0,8790,0,0,8790,0,0,0,0,0,0,0,6800,6800,0,0,0,6800,6800,6800,6800,6800,6800,6800,6800,6800,0,6800,0,0,0
4144494,인텔 코어2쿼드 Q9550 (요크필드),인텔 코어2쿼드 Q9550,요크필드,중고,0,15750,15750,0,0,0,0,0,0,0,0,0,0,0,0,0,0,0,0,0,16450,16450,16450,16450,16450,0,0,0,0,0,0
10072065,인텔 코어X-시리즈 i9-10900X (캐스케이드레이크),인텔 코어X-시리즈 i9-10900X,캐스케이드레이크,"_정품_1,047,500|병행수입 박스_830,000|_벌크_788,550|해외구매 | _정품_1,047,500|병행수입 박스_830,000|_벌크_788,580|해외구매 | _정품_1,047,500|병행수입 박스_830,000|_벌크_789,630|해외구매 | _정품_1,047,500|병행수입 박스_830,000|_벌크_794,640|해외구매 | _정품_1,288,160|병행수입 박스_831,870|_벌크_794,630|해외구매 | _정품_1,288,160|병행수입 박스_831,870|_벌크_794,640|해외구매",1002800,1002800,1002800,1002800,1002800,1002800,1002800,1002800,1002800,1002800,1002800,1002800,1002800,1002800,1002800,1002800,1002800,1002800,1002800,1002800,1002800,1002800,1002800,1002800,1002800,1002800,1002800,1002800,1002800,1002800,1002800
11350773,인텔 코어X-시리즈 i9-10920X (캐스케이드레이크),인텔 코어X-시리즈 i9-10920X,캐스케이드레이크,벌크,1031870,1031870,1031870,1031870,1031870,1031870,1031870,1031870,1031870,1031870,1031870,1031870,1031870,1031870,1031870,1031870,1031870,1031870,1031870,1031870,1031870,1063500,1063500,1036020,1036020,1036020,0,0,0,0,0
10187988,인텔 코어X-시리즈 i9-10940X (캐스케이드레이크),인텔 코어X-시리즈 i9-10940X,캐스케이드레이크,"_정품_1,287,430|_벌크",1011740,1011740,1011740,1011740,1011750,1011750,1011750,1011740,1011740,1011740,1011740,1011740,1011740,1011740,1011740,1011750,1011750,1011750,1011750,1011750,1011750,1011750,1011750,1011750,1011750,1011750,1011750,1011750,1011750,1011750,1011750
10142334,인텔 코어X-시리즈 i9-10980XE Extreme Edition (캐스케이드레이크),인텔 코어X-시리즈 i9-10980XE Extreme Edition,캐스케이드레이크,"_정품_1,940,000|_벌크",1530710,1530710,1530710,1530710,1530710,1530710,1530710,1530710,1530710,1530710,1530710,1530710,1530710,1530710,1530710,1530710,1530710,1530710,1530710,1530710,1530710,1530710,1530710,1530710,1530710,1530710,1530710,1530710,1530710,1530710,1530710
6929425,인텔 코어X-시리즈 i9-9940X (스카이레이크),인텔 코어X-시리즈 i9-9940X,스카이레이크,"_정품_950,000|_해외구매",1190000,1190000,1190000,1190000,1190000,1190000,1190000,1190000,1190000,1190000,1190000,1190000,1190000,1190000,1190000,1190000,1190000,1190000,1190000,1190000,1190000,1190000,1190000,1190000,1190000,1190000,1190000,1190000,1190000,1190000,1190000
12336038,인텔 코어i3-10세대 10100 (코멧레이크S),인텔 코어i3-10세대 10100,코멧레이크S,"병행수입 박스_122,520|_벌크 + 쿨러_122,300|_벌크_105,000|해외구매 | 병행수입 박스_122,550|_벌크 + 쿨러_122,300|_벌크_110,000|해외구매 | 병행수입 박스_122,560|_벌크 + 쿨러_122,300|_벌크_107,000|해외구매 | 병행수입 박스_122,590|_벌크 + 쿨러_122,300|_벌크_107,000|해외구매 | 병행수입 박스_123,250|_벌크 + 쿨러_122,310|_벌크_105,000|해외구매 | 병행수입 박스_123,340|_벌크 + 쿨러_122,310|_벌크_105,000|해외구매 | 병행수입 박스_123,460|_벌크 + 쿨러_122,310|_벌크_105,000|해외구매 | 병행수입 박스_123,490|_벌크 + 쿨러_122,310|_벌크_105,000|해외구매 | 병행수입 박스_123,500|_벌크 + 쿨러_122,310|_벌크_105,000|해외구매 | 병행수입 박스_123,530|_벌크 + 쿨러_122,310|_벌크_105,000|해외구매 | 병행수입 박스_123,560|_벌크 + 쿨러_122,300|_벌크_105,000|해외구매 | 병행수입 박스_123,560|_벌크 + 쿨러_122,310|_벌크_105,000|해외구매 | 병행수입 박스_128,400|_벌크 + 쿨러_122,310|_벌크_105,000|해외구매 | 병행수입 박스_128,400|_벌크 + 쿨러_122,460|_벌크_105,000|해외구매 | 병행수입 박스_128,400|_벌크 + 쿨러_123,280|_벌크_105,000|해외구매 | 병행수입 박스_153,950|_벌크 + 쿨러_117,855|_벌크_110,000|해외구매 | 병행수입 박스_153,950|_벌크 + 쿨러_119,850|_벌크_110,000|해외구매 | 병행수입 박스_153,950|_벌크 + 쿨러_119,850|_벌크_114,650|해외구매 | 병행수입 박스_153,950|_벌크 + 쿨러_121,410|_벌크_105,000|해외구매",143990,143990,155270,155270,155270,155270,155270,155270,155270,155270,155270,155270,155270,155270,155270,155270,165520,165520,165520,165520,165520,165520,165520,165520,165520,165520,165520,165520,165520,165520,165520
12487424,인텔 코어i3-10세대 10100F (코멧레이크S),인텔 코어i3-10세대 10100F,코멧레이크S,"_정품_80,850|병행수입 박스_82,140|_벌크 + 쿨러_69,600|벌크_67,260|해외구매 | _정품_80,870|병행수입 박스_82,150|_벌크 + 쿨러_69,610|벌크_68,000|해외구매 | _정품_80,890|병행수입 박스_82,310|_벌크 + 쿨러_70,010|벌크_68,180|해외구매 | _정품_80,920|병행수입 박스_82,340|_벌크 + 쿨러_70,040|벌크_67,610|해외구매 | _정품_80,930|병행수입 박스_82,350|_벌크 + 쿨러_70,050|벌크_67,700|해외구매 | _정품_80,960|병행수입 박스_82,070|_벌크 + 쿨러_69,770|벌크_68,180|해외구매 | _정품_80,960|병행수입 박스_82,460|_벌크 + 쿨러_70,080|벌크_67,730|해외구매 | _정품_80,970|병행수입 박스_82,180|_벌크 + 쿨러_69,640|벌크_68,000|해외구매 | _정품_80,980|병행수입 박스_82,500|_벌크 + 쿨러_70,110|벌크_67,760|해외구매 | _정품_80,990|병행수입 박스_82,110|_벌크 + 쿨러_69,570|벌크_67,140|해외구매 | _정품_80,990|병행수입 박스_82,190|_벌크 + 쿨러_69,890|벌크_68,180|해외구매 | _정품_80,990|병행수입 박스_82,500|_벌크 + 쿨러_69,810|벌크_67,450|해외구매 | _정품_80,990|병행수입 박스_82,500|_벌크 + 쿨러_70,110|벌크_67,760|해외구매 | _정품_80,990|병행수입 박스_82,500|_벌크 + 쿨러_70,110|벌크_68,180|해외구매 | _정품_80,990|병행수입 박스_82,500|_벌크 + 쿨러_72,130|벌크_67,960|해외구매 | _정품_80,990|병행수입 박스_82,500|_벌크 + 쿨러_72,140|벌크_67,960|해외구매 | _정품_80,990|병행수입 박스_82,500|_벌크 + 쿨러_72,170|벌크_67,960|해외구매 | _정품_80,990|병행수입 박스_82,500|_벌크 + 쿨러_72,240|벌크_67,960|해외구매 | _정품_80,990|병행수입 박스_82,500|_벌크 + 쿨러_72,250|벌크_67,970|해외구매 | _정품_80,990|병행수입 박스_82,500|_벌크 + 쿨러_72,450|벌크_68,180|해외구매",130910,130910,130910,130910,130910,130910,130910,130910,130910,130910,130910,130910,130910,130910,130910,132360,135450,135450,135450,135450,141090,141090,141090,141090,141090,141090,141090,135450,135450,135450,135450
14409386,인텔 코어i3-10세대 10105 (코멧레이크S 리프레시),인텔 코어i3-10세대 10105,코멧레이크S 리프레시,"정품_139,720|병행수입 박스_128,680|_벌크 + 쿨러_124,720|_벌크 | 정품_142,600|병행수입 박스_129,250|_벌크 + 쿨러_121,240|_벌크 | 정품_142,600|병행수입 박스_129,280|_벌크 + 쿨러_121,240|_벌크 | 정품_142,600|병행수입 박스_129,290|_벌크 + 쿨러_121,240|_벌크 | 정품_142,600|병행수입 박스_129,320|_벌크 + 쿨러_121,240|_벌크 | 정품_142,600|병행수입 박스_129,750|_벌크 + 쿨러_121,240|_벌크 | 정품_143,520|병행수입 박스_129,270|_벌크 + 쿨러_121,240|_벌크 | 정품_143,540|병행수입 박스_132,840|_벌크 + 쿨러_121,240|_벌크 | 정품_143,640|병행수입 박스_129,390|_벌크 + 쿨러_121,240|_벌크 | 정품_143,760|병행수입 박스_129,510|_벌크 + 쿨러_121,240|_벌크 | 정품_143,880|병행수입 박스_129,630|_벌크 + 쿨러_121,240|_벌크 | 정품_143,910|병행수입 박스_129,660|_벌크 + 쿨러_121,240|_벌크 | 정품_143,920|병행수입 박스_133,250|_벌크 + 쿨러_124,710|_벌크 | 정품_143,930|병행수입 박스_129,750|_벌크 + 쿨러_121,240|_벌크 | 정품_143,950|병행수입 박스_129,750|_벌크 + 쿨러_121,240|_벌크 | 정품_144,780|병행수입 박스_128,690|_벌크 + 쿨러_127,130|_벌크 | 정품_144,780|병행수입 박스_133,250|_벌크 + 쿨러_124,710|_벌크 | 정품_144,780|병행수입 박스_133,250|_벌크 + 쿨러_127,120|_벌크",121800,121770,121000,121000,121000,121000,121000,121000,121000,121000,121000,121000,121000,121000,121000,121930,121930,121930,121930,121930,119640,121930,121930,121930,121930,121930,121930,121930,121930,121930,121930
13753334,인텔 코어i3-10세대 10105F (코멧레이크S 리프레시),인텔 코어i3-10세대 10105F,코멧레이크S 리프레시,"정품_91,930|병행수입 박스_90,030|_벌크 + 쿨러_76,660|_벌크_71,540|해외구매 | 정품_92,490|병행수입 박스_90,090|_벌크 + 쿨러_75,600|_벌크_69,790|해외구매 | 정품_92,520|병행수입 박스_90,120|_벌크 + 쿨러_75,040|_벌크_69,910|해외구매 | 정품_92,530|병행수입 박스_90,130|_벌크 + 쿨러_75,730|_벌크_71,020|해외구매 | 정품_92,560|병행수입 박스_90,160|_벌크 + 쿨러_75,760|_벌크_70,550|해외구매 | 정품_93,250|병행수입 박스_91,530|_벌크 + 쿨러_74,180|_벌크_70,000|해외구매 | 정품_93,370|병행수입 박스_91,650|_벌크 + 쿨러_73,760|_벌크_69,830|해외구매 | 정품_93,490|병행수입 박스_91,770|_벌크 + 쿨러_75,350|_벌크_70,190|해외구매 | 정품_93,520|병행수입 박스_91,800|_벌크 + 쿨러_75,470|_벌크_70,310|해외구매 | 정품_93,530|병행수입 박스_91,810|_벌크 + 쿨러_75,500|_벌크_70,340|해외구매 | 정품_93,560|병행수입 박스_91,840|_벌크 + 쿨러_75,590|_벌크_70,430|해외구매 | 정품_93,590|병행수입 박스_91,870|_벌크 + 쿨러_75,590|_벌크_70,430|해외구매 | 정품_93,590|병행수입 박스_91,870|_벌크 + 쿨러_76,140|_벌크_71,020|해외구매 | 정품_93,990|병행수입 박스_92,070|_벌크 + 쿨러_76,110|_벌크_70,950|해외구매 | 정품_93,990|병행수입 박스_92,070|_벌크 + 쿨러_76,110|_벌크_70,960|해외구매 | 정품_93,990|병행수입 박스_92,070|_벌크 + 쿨러_76,140|_벌크_71,020|해외구매 | 정품_94,500|병행수입 박스_92,400|_벌크 + 쿨러_76,660|_벌크_71,540|해외구매",208880,208880,208880,208880,208880,208880,208880,208880,208880,208880,208880,208880,208880,208880,208880,208880,208880,208880,208880,208880,208880,208880,208880,208880,208880,208880,208880,208880,208880,208880,208880
16101083,인텔 코어i3-12세대 12100 (엘더레이크),인텔 코어i3-12세대 12100,엘더레이크,"_정품_154,250|벌크 + 쿨러_144,190|_벌크_127,000|해외구매 | _정품_154,260|벌크 + 쿨러_144,690|_벌크_127,000|해외구매 | _정품_154,290|벌크 + 쿨러_144,720|_벌크_129,150|해외구매 | _정품_155,150|벌크 + 쿨러_144,070|_벌크_127,000|해외구매 | _정품_155,160|벌크 + 쿨러_144,700|_벌크_127,000|해외구매 | _정품_158,600|벌크 + 쿨러_145,300|_벌크_133,020|해외구매 | _정품_158,608|벌크 + 쿨러_144,700|_벌크_132,800|해외구매 | _정품_159,470|벌크 + 쿨러_144,670|_벌크_129,950|해외구매 | _정품_159,470|벌크 + 쿨러_144,670|_벌크_130,000|해외구매 | _정품_159,470|벌크 + 쿨러_144,750|_벌크_129,950|해외구매 | _정품_159,470|벌크 + 쿨러_144,750|_벌크_129,990|해외구매 | _정품_159,498|_벌크 + 쿨러_144,750|벌크_129,990|해외구매 | _정품_160,720|벌크 + 쿨러_143,960|_벌크_126,990|해외구매 | _정품_160,840|_벌크 + 쿨러_144,060|벌크_126,990|해외구매 | _정품_160,960|_벌크 + 쿨러_144,170|벌크_126,990|해외구매 | _정품_161,080|_벌크 + 쿨러_144,290|벌크_126,990|해외구매 | _정품_161,160|_벌크 + 쿨러_144,390|벌크_127,000|해외구매 | _정품_161,270|벌크 + 쿨러_144,420|_벌크_127,000|해외구매 | _정품_161,810|벌크 + 쿨러_145,000|_벌크_127,000|해외구매 | _정품_161,880|_벌크 + 쿨러_144,760|벌크_129,990|해외구매 | _정품_161,880|벌크 + 쿨러_144,660|_벌크_129,990|해외구매 | _정품_161,880|벌크 + 쿨러_144,670|_벌크_129,990|해외구매 | _정품_161,890|벌크 + 쿨러_143,660|_벌크_133,610|해외구매 | _정품_161,890|벌크 + 쿨러_145,590|_벌크_133,990|해외구매 | _정품_161,890|벌크 + 쿨러_146,190|_벌크_134,690|해외구매 | _정품_161,990|벌크 + 쿨러_145,590|_벌크_134,110|해외구매 | _정품_162,000|벌크 + 쿨러_145,590|_벌크_127,000|해외구매",156120,159590,159590,159590,159590,159590,159590,159590,159590,159590,159590,159590,159590,159590,159590,159590,159590,159590,159590,159590,173460,173460,173460,173460,173460,173460,173460,159590,159590,159590,159590
16101179,인텔 코어i3-12세대 12100F (엘더레이크),인텔 코어i3-12세대 12100F,엘더레이크,"_정품_102,990|벌크 + 쿨러_80,990|_벌크_68,060|해외구매 | _정품_102,990|벌크 + 쿨러_80,990|_벌크_68,190|해외구매 | _정품_103,840|벌크 + 쿨러_76,840|_벌크_67,950|해외구매 | _정품_103,860|벌크 + 쿨러_76,840|_벌크_68,970|해외구매 | _정품_103,860|벌크 + 쿨러_76,840|_벌크_68,990|해외구매 | _정품_106,168|벌크 + 쿨러_76,840|_벌크_68,870|해외구매 | _정품_107,310|벌크 + 쿨러_76,840|_벌크_69,460|해외구매 | _정품_107,310|벌크 + 쿨러_80,130|_벌크_68,270|해외구매 | _정품_107,310|벌크 + 쿨러_80,830|_벌크_68,970|해외구매 | _정품_109,990|벌크 + 쿨러_80,140|_벌크_68,220|해외구매 | _정품_112,330|벌크 + 쿨러_80,100|_벌크_68,180|해외구매 | _정품_112,730|벌크 + 쿨러_79,770|_벌크_67,820|해외구매 | _정품_112,740|벌크 + 쿨러_80,180|_벌크_68,340|해외구매 | _정품_112,790|벌크 + 쿨러_76,170|_벌크_67,120|해외구매 | _정품_112,804|벌크 + 쿨러_76,176|_벌크_67,142|해외구매 | _정품_113,530|벌크 + 쿨러_79,860|_벌크_67,940|해외구매 | _정품_113,560|벌크 + 쿨러_79,980|_벌크_68,060|해외구매 | _정품_114,330|벌크 + 쿨러_79,500|_벌크_67,800|해외구매 | _정품_114,330|벌크 + 쿨러_79,700|_벌크_67,300|해외구매 | _정품_114,490|벌크 + 쿨러_76,910|_벌크_66,920|해외구매 | _정품_114,490|벌크 + 쿨러_79,000|_벌크_67,110|해외구매 | _정품_114,560|벌크 + 쿨러_76,910|_벌크_66,750|해외구매 | _정품_114,560|벌크 + 쿨러_76,910|_벌크_66,920|해외구매 | _정품_114,580|벌크 + 쿨러_79,010|_벌크_67,380|해외구매 | _정품_114,830|벌크 + 쿨러_79,580|_벌크_67,670|해외구매 | _정품_114,840|벌크 + 쿨러_79,110|_벌크_67,280|해외구매 | _정품_115,990|벌크 + 쿨러_80,170|_벌크_68,220|해외구매",90200,92210,92210,92210,92210,92210,92210,92210,92210,92210,92210,92210,92210,92210,92210,92210,92210,92210,92210,92210,98000,98000,98000,98000,98000,98000,98000,92210,92210,92210,92210
16393682,인텔 코어i3-12세대 12100T (엘더레이크),인텔 코어i3-12세대 12100T,엘더레이크,벌크,228000,228000,0,228000,0,228000,228000,0,228000,0,0,0,0,0,0,0,0,0,0,0,0,0,0,228000,0,0,0,0,0,228000,228000
18702722,인텔 코어i3-13세대 13100 (랩터레이크),인텔 코어i3-13세대 13100,랩터레이크,"_정품_165,370|벌크 + 쿨러_164,370|_벌크 | _정품_165,600|벌크 + 쿨러_174,240|_벌크 | _정품_171,450|벌크 + 쿨러_162,450|_벌크 | _정품_171,950|벌크 + 쿨러_162,450|_벌크 | _정품_171,960|벌크 + 쿨러_162,450|_벌크 | _정품_171,960|벌크 + 쿨러_163,860|_벌크 | _정품_171,960|벌크 + 쿨러_164,000|_벌크 | _정품_171,960|벌크 + 쿨러_164,120|_벌크 | _정품_171,960|벌크 + 쿨러_164,240|_벌크 | _정품_171,960|벌크 + 쿨러_164,270|_벌크 | _정품_171,960|벌크 + 쿨러_164,520|_벌크 | _정품_171,960|벌크 + 쿨러_164,530|_벌크 | _정품_171,960|벌크 + 쿨러_164,540|_벌크 | _정품_171,960|벌크 + 쿨러_164,950|_벌크 | _정품_174,825|벌크 + 쿨러_174,240|_벌크 | _정품_175,020|_벌크 + 쿨러_162,450|벌크 | _정품_175,020|벌크 + 쿨러_162,440|_벌크 | _정품_175,830|_벌크 + 쿨러_162,450|벌크 | _정품_175,840|_벌크 + 쿨러_162,450|벌크 | _정품_179,240|벌크 + 쿨러_168,530|_벌크 | _정품_179,250|벌크 + 쿨러_164,610|_벌크 | _정품_179,250|벌크 + 쿨러_166,430|_벌크 | _정품_185,940|벌크 + 쿨러_164,610|_벌크",161100,161100,161100,161100,161100,146650,152900,152080,152740,152700,152680,152650,152530,152330,152290,152360,152320,152310,152310,152310,152310,152310,152310,152310,152310,152310,152310,152310,152310,152310,152310
18640205,인텔 코어i3-13세대 13100 (랩터레이크),인텔 코어i3-13세대 13100,랩터레이크,"_정품_165,370|벌크 + 쿨러_164,370|_벌크 | _정품_165,600|벌크 + 쿨러_174,240|_벌크 | _정품_171,450|벌크 + 쿨러_162,450|_벌크 | _정품_171,950|벌크 + 쿨러_162,450|_벌크 | _정품_171,960|벌크 + 쿨러_162,450|_벌크 | _정품_171,960|벌크 + 쿨러_163,860|_벌크 | _정품_171,960|벌크 + 쿨러_164,000|_벌크 | _정품_171,960|벌크 + 쿨러_164,120|_벌크 | _정품_171,960|벌크 + 쿨러_164,240|_벌크 | _정품_171,960|벌크 + 쿨러_164,270|_벌크 | _정품_171,960|벌크 + 쿨러_164,520|_벌크 | _정품_171,960|벌크 + 쿨러_164,530|_벌크 | _정품_171,960|벌크 + 쿨러_164,540|_벌크 | _정품_171,960|벌크 + 쿨러_164,950|_벌크 | _정품_174,825|벌크 + 쿨러_174,240|_벌크 | _정품_175,020|_벌크 + 쿨러_162,450|벌크 | _정품_175,020|벌크 + 쿨러_162,440|_벌크 | _정품_175,830|_벌크 + 쿨러_162,450|벌크 | _정품_175,840|_벌크 + 쿨러_162,450|벌크 | _정품_179,240|벌크 + 쿨러_168,530|_벌크 | _정품_179,250|벌크 + 쿨러_164,610|_벌크 | _정품_179,250|벌크 + 쿨러_166,430|_벌크 | _정품_185,940|벌크 + 쿨러_164,610|_벌크",161100,161100,161100,161100,161100,146650,152900,152080,152740,152700,152680,152650,152530,152330,152290,152360,152320,152310,152310,152310,152310,152310,152310,152310,152310,152310,152310,152310,152310,152310,152310
18702590,인텔 코어i3-13세대 13100F (랩터레이크),인텔 코어i3-13세대 13100F,랩터레이크,"_정품_110,060|벌크 + 쿨러_103,000|_벌크_91,700|해외구매 | _정품_110,110|벌크 + 쿨러_105,000|_벌크_91,730|해외구매 | _정품_110,230|벌크 + 쿨러_105,000|_벌크_91,760|해외구매 | _정품_111,290|벌크 + 쿨러_105,520|_벌크_92,500|해외구매 | _정품_111,430|벌크 + 쿨러_101,480|_벌크_89,670|해외구매 | _정품_111,550|벌크 + 쿨러_101,520|_벌크_89,730|해외구매 | _정품_111,640|벌크 + 쿨러_103,010|_벌크_91,640|해외구매 | _정품_111,670|벌크 + 쿨러_101,690|_벌크_89,850|해외구매 | _정품_111,680|벌크 + 쿨러_103,010|_벌크_91,630|해외구매 | _정품_111,700|벌크 + 쿨러_101,720|_벌크_89,880|해외구매 | _정품_111,710|벌크 + 쿨러_101,740|_벌크_89,900|해외구매 | _정품_111,740|벌크 + 쿨러_101,780|_벌크_89,940|해외구매 | _정품_111,750|벌크 + 쿨러_103,010|_벌크_91,650|해외구매 | _정품_111,770|벌크 + 쿨러_101,460|_벌크_89,980|해외구매 | _정품_111,770|벌크 + 쿨러_103,010|_벌크_91,780|해외구매 | _정품_114,030|벌크 + 쿨러_101,250|_벌크_88,960|해외구매 | _정품_114,030|벌크 + 쿨러_101,250|_벌크_88,970|해외구매 | _정품_114,030|벌크 + 쿨러_101,250|_벌크_89,640|해외구매 | _정품_114,030|벌크 + 쿨러_101,260|_벌크_89,410|해외구매 | _정품_114,030|벌크 + 쿨러_99,520|_벌크_89,640|해외구매 | _정품_121,040|벌크 + 쿨러_99,510|_벌크_89,640|해외구매 | _정품_121,040|벌크 + 쿨러_99,520|_벌크_88,960|해외구매 | _정품_121,040|벌크 + 쿨러_99,520|_벌크_88,970|해외구매 | _정품_121,040|벌크 + 쿨러_99,520|_벌크_89,640|해외구매 | _정품_121,050|벌크 + 쿨러_99,510|_벌크_89,640|해외구매",139770,139650,139640,139610,142280,142280,142280,142280,142280,142200,142130,142100,141980,141860,143090,145440,145440,145440,145440,145440,136040,156700,158100,158100,154280,154280,154230,147370,147370,147370,147370
18640106,인텔 코어i3-13세대 13100F (랩터레이크),인텔 코어i3-13세대 13100F,랩터레이크,"_정품_110,060|벌크 + 쿨러_103,000|_벌크_91,700|해외구매 | _정품_110,110|벌크 + 쿨러_105,000|_벌크_91,730|해외구매 | _정품_110,230|벌크 + 쿨러_105,000|_벌크_91,760|해외구매 | _정품_111,290|벌크 + 쿨러_105,520|_벌크_92,500|해외구매 | _정품_111,430|벌크 + 쿨러_101,480|_벌크_89,670|해외구매 | _정품_111,550|벌크 + 쿨러_101,520|_벌크_89,730|해외구매 | _정품_111,640|벌크 + 쿨러_103,010|_벌크_91,640|해외구매 | _정품_111,670|벌크 + 쿨러_101,690|_벌크_89,850|해외구매 | _정품_111,680|벌크 + 쿨러_103,010|_벌크_91,630|해외구매 | _정품_111,700|벌크 + 쿨러_101,720|_벌크_89,880|해외구매 | _정품_111,710|벌크 + 쿨러_101,740|_벌크_89,900|해외구매 | _정품_111,740|벌크 + 쿨러_101,780|_벌크_89,940|해외구매 | _정품_111,750|벌크 + 쿨러_103,010|_벌크_91,650|해외구매 | _정품_111,770|벌크 + 쿨러_101,460|_벌크_89,980|해외구매 | _정품_111,770|벌크 + 쿨러_103,010|_벌크_91,780|해외구매 | _정품_114,030|벌크 + 쿨러_101,250|_벌크_88,960|해외구매 | _정품_114,030|벌크 + 쿨러_101,250|_벌크_88,970|해외구매 | _정품_114,030|벌크 + 쿨러_101,250|_벌크_89,640|해외구매 | _정품_114,030|벌크 + 쿨러_101,260|_벌크_89,410|해외구매 | _정품_114,030|벌크 + 쿨러_99,520|_벌크_89,640|해외구매 | _정품_121,040|벌크 + 쿨러_99,510|_벌크_89,640|해외구매 | _정품_121,040|벌크 + 쿨러_99,520|_벌크_88,960|해외구매 | _정품_121,040|벌크 + 쿨러_99,520|_벌크_88,970|해외구매 | _정품_121,040|벌크 + 쿨러_99,520|_벌크_89,640|해외구매 | _정품_121,050|벌크 + 쿨러_99,510|_벌크_89,640|해외구매",139770,139650,139640,139610,142280,142280,142280,142280,142280,142200,142130,142100,141980,141860,143090,145440,145440,145440,145440,145440,136040,156700,158100,158100,154280,154280,154230,147370,147370,147370,147370
18665090,인텔 코어i3-13세대 13100T (랩터레이크),인텔 코어i3-13세대 13100T,랩터레이크,벌크,228000,228000,228000,228000,228000,228000,228000,228000,228000,228000,228000,228000,228000,228000,233000,237990,237990,237990,237990,237990,237990,237990,237990,0,237990,237990,237990,237990,237990,237990,237990
32102738,인텔 코어i3-14세대 14100 (랩터레이크 리프레시),인텔 코어i3-14세대 14100,랩터레이크 리프레시,"_정품_162,070|_벌크 + 쿨러_147,000|벌크_145,170|해외구매 | _정품_162,100|벌크 + 쿨러_147,000|_벌크_143,370|해외구매 | _정품_165,520|_벌크 + 쿨러_147,000|벌크_145,140|해외구매 | _정품_170,890|_벌크 + 쿨러_166,660|벌크 | _정품_170,900|_벌크 + 쿨러_163,770|벌크 | _정품_171,120|_벌크 + 쿨러_157,000|벌크_153,960|해외구매 | _정품_171,120|_벌크 + 쿨러_157,000|벌크_153,970|해외구매 | _정품_171,680|_벌크 + 쿨러_157,500|벌크_154,460|해외구매 | _정품_171,680|_벌크 + 쿨러_169,920|벌크_155,170|해외구매 | _정품_173,430|_벌크 + 쿨러_166,820|벌크 | _정품_173,980|_벌크 + 쿨러_166,660|벌크 | _정품_173,980|벌크 + 쿨러_166,660|_벌크 | _정품_174,240|벌크 + 쿨러_167,110|_벌크 | _정품_174,330|_벌크 + 쿨러_163,772|벌크 | _정품_174,330|벌크 + 쿨러_166,660|_벌크 | _정품_174,330|벌크 + 쿨러_166,670|_벌크 | _정품_174,490|_벌크 + 쿨러_166,660|벌크 | _정품_175,160|벌크 + 쿨러_167,110|_벌크 | _정품_175,170|_벌크 + 쿨러_167,120|벌크 | _정품_175,480|_벌크 + 쿨러_166,840|벌크 | _정품_175,690|_벌크 + 쿨러_166,810|벌크 | _정품_175,700|벌크 + 쿨러_166,000|_벌크 | _정품_175,830|벌크 + 쿨러_165,990|_벌크 | _정품_175,950|벌크 + 쿨러_165,990|_벌크 | _정품_176,100|벌크 + 쿨러_165,560|_벌크_152,600|해외구매 | _정품_177,430|벌크 + 쿨러_157,500|_벌크_152,710|해외구매",240000,240000,240000,240000,240000,240000,240000,240000,240000,240000,154450,154990,154990,154670,154730,154720,154950,154940,154940,154940,15540,155540,155540,152035,151990,151400,151400,151400,155990,155990,155920
32038820,인텔 코어i3-14세대 14100 (랩터레이크 리프레시),인텔 코어i3-14세대 14100,랩터레이크 리프레시,"_정품_162,070|_벌크 + 쿨러_147,000||해외구매 | _정품_162,100|벌크 + 쿨러_147,000||해외구매 | _정품_165,520|_벌크 + 쿨러_147,000||해외구매 | _정품_171,120|_벌크 + 쿨러_157,000||해외구매 | _정품_171,680|_벌크 + 쿨러_157,500||해외구매 | _정품_171,680|_벌크 + 쿨러_169,920||해외구매 | _정품_176,100|벌크 + 쿨러_165,560||해외구매 | _정품_177,430|벌크 + 쿨러_157,500||해외구매",240000,240000,240000,240000,240000,240000,240000,240000,240000,240000,-2147483648,-2147483648,-2147483648,-2147483648,-2147483648,-2147483648,-2147483648,-2147483648,-2147483648,-2147483648,-2147483648,-2147483648,-2147483648,-2147483648,-2147483648,-2147483648,-2147483648,-2147483648,-2147483648,-2147483648,-2147483648
32102672,인텔 코어i3-14세대 14100F (랩터레이크 리프레시),인텔 코어i3-14세대 14100F,랩터레이크 리프레시,"_정품_110,960|벌크 + 쿨러_115,000|_벌크_101,530|해외구매 | _정품_110,960|벌크 + 쿨러_115,000|_벌크_101,560|해외구매 | _정품_110,970|벌크 + 쿨러_115,000|_벌크_101,520|해외구매 | _정품_110,970|벌크 + 쿨러_116,990|_벌크_101,490|해외구매 | _정품_110,970|벌크 + 쿨러_116,990|_벌크_102,760|해외구매 | _정품_113,436|벌크 + 쿨러_116,990|_벌크_102,760|해외구매 | _정품_117,600|벌크 + 쿨러_121,000|_벌크_102,760|해외구매 | _정품_119,000|벌크 + 쿨러_121,800|_벌크_107,960|해외구매 | _정품_119,270|벌크 + 쿨러_114,980|_벌크_102,900|해외구매 | _정품_119,277|벌크 + 쿨러_114,980|_벌크_103,290|해외구매 | _정품_121,390|_벌크 + 쿨러_114,980|벌크_103,397|해외구매 | _정품_121,390|_벌크 + 쿨러_114,980|벌크_105,640|해외구매 | _정품_121,390|벌크 + 쿨러_114,980|_벌크_102,900|해외구매 | _정품_121,390|벌크 + 쿨러_114,980|_벌크_105,640|해외구매 | _정품_122,330|벌크 + 쿨러_118,990|_벌크_105,640|해외구매 | _정품_123,090|_벌크 + 쿨러_117,840|벌크_106,790|해외구매 | _정품_123,150|_벌크 + 쿨러_117,870|벌크_105,720|해외구매 | _정품_123,270|_벌크 + 쿨러_117,990|벌크_105,750|해외구매 | _정품_123,360|벌크 + 쿨러_118,990|_벌크_105,640|해외구매 | _정품_123,390|_벌크 + 쿨러_118,110|벌크_105,830|해외구매 | _정품_123,430|_벌크 + 쿨러_119,390|벌크_107,890|해외구매 | _정품_123,760|_벌크 + 쿨러_118,990|벌크_107,020|해외구매 | _정품_123,760|벌크 + 쿨러_118,990|_벌크_107,000|해외구매 | _정품_124,080|벌크 + 쿨러_119,390|_벌크_107,920|해외구매 | _정품_124,440|벌크 + 쿨러_118,990|_벌크_105,650|해외구매 | _정품_124,450|벌크 + 쿨러_118,990|_벌크_106,170|해외구매",179960,179960,179960,176830,179960,179960,176830,176830,179960,180500,179960,179960,179960,179960,179960,182140,185350,182680,182140,181570,181570,181570,182930,182140,182140,182140,182140,182140,182140,182140,182140
32038895,인텔 코어i3-14세대 14100F (랩터레이크 리프레시),인텔 코어i3-14세대 14100F,랩터레이크 리프레시,"_정품_110,960|벌크 + 쿨러_115,000|_벌크_101,530|해외구매 | _정품_110,960|벌크 + 쿨러_115,000|_벌크_101,560|해외구매 | _정품_110,970|벌크 + 쿨러_115,000|_벌크_101,520|해외구매 | _정품_110,970|벌크 + 쿨러_116,990|_벌크_101,490|해외구매 | _정품_110,970|벌크 + 쿨러_116,990|_벌크_102,760|해외구매 | _정품_113,436|벌크 + 쿨러_116,990|_벌크_102,760|해외구매 | _정품_117,600|벌크 + 쿨러_121,000|_벌크_102,760|해외구매 | _정품_119,000|벌크 + 쿨러_121,800|_벌크_107,960|해외구매 | _정품_119,270|벌크 + 쿨러_114,980|_벌크_102,900|해외구매 | _정품_119,277|벌크 + 쿨러_114,980|_벌크_103,290|해외구매 | _정품_121,390|_벌크 + 쿨러_114,980|벌크_103,397|해외구매 | _정품_121,390|_벌크 + 쿨러_114,980|벌크_105,640|해외구매 | _정품_121,390|벌크 + 쿨러_114,980|_벌크_102,900|해외구매 | _정품_121,390|벌크 + 쿨러_114,980|_벌크_105,640|해외구매 | _정품_122,330|벌크 + 쿨러_118,990|_벌크_105,640|해외구매 | _정품_123,090|_벌크 + 쿨러_117,840|벌크_106,790|해외구매 | _정품_123,150|_벌크 + 쿨러_117,870|벌크_105,720|해외구매 | _정품_123,270|_벌크 + 쿨러_117,990|벌크_105,750|해외구매 | _정품_123,360|벌크 + 쿨러_118,990|_벌크_105,640|해외구매 | _정품_123,390|_벌크 + 쿨러_118,110|벌크_105,830|해외구매 | _정품_123,430|_벌크 + 쿨러_119,390|벌크_107,890|해외구매 | _정품_123,760|_벌크 + 쿨러_118,990|벌크_107,020|해외구매 | _정품_123,760|벌크 + 쿨러_118,990|_벌크_107,000|해외구매 | _정품_124,080|벌크 + 쿨러_119,390|_벌크_107,920|해외구매 | _정품_124,440|벌크 + 쿨러_118,990|_벌크_105,650|해외구매 | _정품_124,450|벌크 + 쿨러_118,990|_벌크_106,170|해외구매",179960,179960,179960,176830,179960,179960,176830,176830,179960,180500,179960,179960,179960,179960,179960,182140,185350,182680,182140,181570,181570,181570,182930,182140,182140,182140,182140,182140,182140,182140,182140
32464280,인텔 코어i3-14세대 14100T (랩터레이크 리프레시),인텔 코어i3-14세대 14100T,랩터레이크 리프레시,벌크,222640,222610,222600,222570,227990,227990,227990,227890,227760,227650,227640,227610,227490,227370,227250,228150,228150,228150,228150,228150,230630,230630,230630,230630,230630,230630,230630,228150,228150,228150,228150
4625789,인텔 코어i3-1세대 530 (클락데일),인텔 코어i3-1세대 530,클락데일,중고,0,0,0,0,0,0,0,0,0,0,0,4300,4300,4300,0,0,4300,4300,0,4300,0,0,0,0,0,0,0,0,0,0,4300
4148188,인텔 코어i3-1세대 540 (클락데일),인텔 코어i3-1세대 540,클락데일,중고,1240,1340,1200,1200,1200,1200,1200,1200,1200,1200,1190,1190,1190,1190,1200,1200,1200,1200,1200,1200,1200,1200,1200,1200,1200,1200,1200,1200,1200,1200,1200
4146391,인텔 코어i3-1세대 550 (클락데일),인텔 코어i3-1세대 550,클락데일,중고,0,0,0,0,0,1290,1290,1250,1250,1290,1260,1290,1260,1290,1260,1290,1290,1290,1290,1290,0,0,0,0,1290,1290,1290,1290,1290,1290,1290
1376125,인텔 코어i3-2세대 2100 (샌디브릿지),인텔 코어i3-2세대 2100,샌디브릿지,"_벌크_16,900|_중고",2260,2230,2220,2190,2270,2270,2270,2170,2300,2270,2260,2230,2140,2300,2270,2230,2230,2230,2230,2230,2230,2230,2230,2230,2230,2230,2230,2230,2230,2230,2230
4144570,인텔 코어i3-2세대 2120 (샌디브릿지),인텔 코어i3-2세대 2120,샌디브릿지,중고,3990,3990,3990,3990,3990,3990,0,0,3690,3690,3690,3690,3690,3690,3690,1610,1610,1610,1610,1610,1610,1610,1610,1640,1640,1640,1640,1640,1640,1640,1640
1780774,인텔 코어i3-3세대 3220 (아이비브릿지),인텔 코어i3-3세대 3220,아이비브릿지,"_벌크_4,590|_중고",3300,3300,3300,3300,3300,3300,3200,3200,3200,3200,3200,3200,3200,3200,3200,3200,3200,3200,3200,3200,0,0,0,0,0,0,0,0,0,0,0
1780773,인텔 코어i3-3세대 3220 (아이비브릿지),인텔 코어i3-3세대 3220,아이비브릿지,"벌크 + 쿨러_7,800|_벌크_4,590|_중고",0,0,0,0,0,0,0,0,0,0,0,0,0,0,0,0,0,0,0,0,3200,3200,3200,3200,3200,3200,3200,3200,3200,3200,3200
1780775,인텔 코어i3-3세대 3240 (아이비브릿지),인텔 코어i3-3세대 3240,아이비브릿지,"_벌크 + 쿨러_7,980|_중고 | _벌크 + 쿨러_8,000|_중고 | _벌크 + 쿨러_8,010|_중고 | _벌크 + 쿨러_8,020|_중고 | _벌크 + 쿨러_8,030|_중고 | _벌크 + 쿨러_8,050|_중고 | _벌크 + 쿨러_8,100|_중고",3560,3560,3600,3570,3590,3590,3590,3590,3560,3560,3600,3570,3600,3570,3590,3590,3590,3590,3590,3590,3590,3590,3590,3590,3590,3590,3590,3590,3590,3590,3590
2216333,인텔 코어i3-4세대 4130 (하스웰),인텔 코어i3-4세대 4130,하스웰,"벌크 + 쿨러_7,510|_벌크_5,150|_중고 | 벌크 + 쿨러_7,510|_벌크_5,260|_중고 | 벌크 + 쿨러_7,510|_벌크_5,290|_중고 | 벌크 + 쿨러_7,560|_벌크_5,290|_중고 | 벌크 + 쿨러_7,620|_벌크_5,260|_중고 | 벌크 + 쿨러_7,620|_벌크_5,290|_중고 | 벌크 + 쿨러_7,630|_벌크_5,150|_중고 | 벌크 + 쿨러_7,630|_벌크_5,260|_중고 | 벌크 + 쿨러_7,630|_벌크_5,290|_중고 | 벌크 + 쿨러_7,640|_벌크_5,160|_중고 | 벌크 + 쿨러_7,640|_벌크_5,290|_중고 | 벌크 + 쿨러_7,650|_벌크_5,180|_중고 | 벌크 + 쿨러_7,650|_벌크_5,210|_중고 | 벌크 + 쿨러_7,650|_벌크_5,290|_중고 | 벌크 + 쿨러_7,660|_벌크_5,290|_중고 | 벌크 + 쿨러_7,670|_벌크_5,290|_중고 | 벌크 + 쿨러_7,680|_벌크_5,290|_중고 | 벌크 + 쿨러_7,690|_벌크_5,290|_중고 | 벌크 + 쿨러_7,700|_벌크_5,290|_중고",3190,3190,3190,3190,3200,3200,3200,3200,3200,3200,3190,3190,3190,3190,3370,3390,3390,3390,3390,3390,3390,3380,3380,3370,3390,3390,3390,3390,3390,3390,3390
4954420,인텔 코어i3-4세대 4150 (하스웰 리프레시),인텔 코어i3-4세대 4150,하스웰 리프레시,"_중고_3,370|벌크 + 쿨러_7,480|_벌크 | _중고_3,370|벌크 + 쿨러_7,840|_벌크 | _중고_3,380|벌크 + 쿨러_7,600|_벌크 | _중고_3,390|벌크 + 쿨러_7,450|_벌크 | _중고_3,390|벌크 + 쿨러_7,490|_벌크 | _중고_3,390|벌크 + 쿨러_7,600|_벌크 | _중고_3,390|벌크 + 쿨러_7,710|_벌크 | _중고_3,390|벌크 + 쿨러_7,720|_벌크 | _중고_3,390|벌크 + 쿨러_7,730|_벌크 | _중고_3,400|벌크 + 쿨러_7,830|_벌크 | _중고_3,480|벌크 + 쿨러_7,760|_벌크 | _중고_3,510|벌크 + 쿨러_7,790|_벌크 | _중고_3,520|벌크 + 쿨러_7,370|_벌크 | _중고_3,550|벌크 + 쿨러_7,390|_벌크 | _중고_3,590|벌크 + 쿨러_7,830|_벌크",5690,5690,5690,5690,5690,5690,5690,5690,5690,5690,5690,5690,5690,5690,5690,5690,5690,5690,5690,5690,5690,5690,5690,5690,5690,5690,5690,5690,5690,5690,5690
2783204,인텔 코어i3-4세대 4160 (하스웰 리프레시),인텔 코어i3-4세대 4160,하스웰 리프레시,"병행수입 박스_142,990|벌크 + 쿨러_7,980|_벌크_3,920|_중고 | 병행수입 박스_142,990|벌크 + 쿨러_7,980|_벌크_3,950|_중고 | 병행수입 박스_142,990|벌크 + 쿨러_7,980|_벌크_3,960|_중고 | 병행수입 박스_142,990|벌크 + 쿨러_7,980|_벌크_3,990|_중고 | 병행수입 박스_142,990|벌크 + 쿨러_8,030|_벌크_3,980|_중고 | 병행수입 박스_142,990|벌크 + 쿨러_8,040|_벌크_3,740|_중고 | 병행수입 박스_142,990|벌크 + 쿨러_8,040|_벌크_3,990|_중고 | 병행수입 박스_142,990|벌크 + 쿨러_8,060|_벌크_3,960|_중고 | 병행수입 박스_142,990|벌크 + 쿨러_8,060|_벌크_3,990|_중고 | 병행수입 박스_142,990|벌크 + 쿨러_8,080|_벌크_3,840|_중고 | 병행수입 박스_142,990|벌크 + 쿨러_8,080|_벌크_3,960|_중고 | 병행수입 박스_142,990|벌크 + 쿨러_8,090|_벌크_3,730|_중고 | 병행수입 박스_142,990|벌크 + 쿨러_8,090|_벌크_3,990|_중고 | 병행수입 박스_142,990|벌크 + 쿨러_8,100|_벌크_3,730|_중고 | 병행수입 박스_142,990|벌크 + 쿨러_8,100|_벌크_3,840|_중고 | 병행수입 박스_142,990|벌크 + 쿨러_8,100|_벌크_3,860|_중고 | 병행수입 박스_142,990|벌크 + 쿨러_8,100|_벌크_3,960|_중고 | 병행수입 박스_142,990|벌크 + 쿨러_8,110|_벌크_3,780|_중고 | 병행수입 박스_142,990|벌크 + 쿨러_8,110|_벌크_3,990|_중고 | 병행수입 박스_142,990|벌크 + 쿨러_8,120|_벌크_3,900|_중고 | 병행수입 박스_142,990|벌크 + 쿨러_8,120|_벌크_3,930|_중고 | 병행수입 박스_142,990|벌크 + 쿨러_8,130|_벌크_3,760|_중고 | 병행수입 박스_142,990|벌크 + 쿨러_8,130|_벌크_4,030|_중고 | 병행수입 박스_142,990|벌크 + 쿨러_8,140|_벌크_3,880|_중고 | 병행수입 박스_142,990|벌크 + 쿨러_8,140|_벌크_4,000|_중고 | 병행수입 박스_142,990|벌크 + 쿨러_8,150|_벌크_3,750|_중고 | 병행수입 박스_142,990|벌크 + 쿨러_8,150|_벌크_3,880|_중고 | 병행수입 박스_142,990|벌크 + 쿨러_8,150|_벌크_4,030|_중고 | 병행수입 박스_142,990|벌크 + 쿨러_8,170|_벌크_3,980|_중고",3690,3690,3690,3690,3700,3700,3500,3500,3500,3500,3490,3490,3490,3490,3500,3500,3500,3500,3500,3500,3500,3500,3500,3500,3500,3500,3500,3500,3500,3500,3500
3116506,인텔 코어i3-4세대 4170 (하스웰 리프레시),인텔 코어i3-4세대 4170,하스웰 리프레시,"_벌크 + 쿨러_8,740|벌크_5,800|_중고 | 벌크 + 쿨러_8,420|_벌크_5,800|_중고 | 벌크 + 쿨러_8,540|_벌크_5,800|_중고 | 벌크 + 쿨러_8,570|_벌크_5,800|_중고 | 벌크 + 쿨러_8,580|_벌크_5,800|_중고 | 벌크 + 쿨러_8,690|_벌크_5,800|_중고 | 벌크 + 쿨러_8,720|_벌크_5,800|_중고 | 벌크 + 쿨러_8,740|_벌크_5,800|_중고 | 벌크 + 쿨러_8,820|_벌크_5,800|_중고 | 벌크 + 쿨러_8,840|_벌크_5,800|_중고 | 벌크 + 쿨러_8,860|_벌크_5,800|_중고 | 벌크 + 쿨러_8,870|_벌크_5,800|_중고 | 벌크 + 쿨러_8,920|_벌크_5,800|_중고 | 벌크 + 쿨러_8,970|_벌크_5,800|_중고 | 벌크 + 쿨러_8,980|_벌크_5,800|_중고",4470,4370,4350,4490,4480,4490,4490,4410,4380,4360,4490,4460,4350,4490,4460,4490,4490,4490,4490,4490,4490,4490,4490,4490,4490,4490,4490,4490,4490,4490,4490
6112499,인텔 코어i3-4세대 4330 (하스웰),인텔 코어i3-4세대 4330,하스웰,중고,12970,12970,12970,12970,12970,12970,12970,12970,12970,0,0,0,0,0,0,0,12970,12970,12970,12970,13300,13300,13300,13300,13300,13300,13300,12970,12970,0,0
6112504,인텔 코어i3-4세대 4360 (하스웰 리프레시),인텔 코어i3-4세대 4360,하스웰 리프레시,중고,11500,11500,11500,11500,11500,11500,11500,11500,11500,11500,11500,11500,11500,11500,11500,11500,11500,11500,11500,11500,12490,12490,12490,12490,12490,12490,12490,11500,11500,11500,11500
6112509,인텔 코어i3-4세대 4370 (하스웰 리프레시),인텔 코어i3-4세대 4370,하스웰 리프레시,중고,11500,11500,11500,11500,11500,11500,11500,11500,11500,11500,11500,11500,11500,11500,11500,11500,11500,11500,11500,11500,12490,12490,12490,12490,12490,12490,12490,11500,11500,11500,11500
3471458,인텔 코어i3-6세대 6100 (스카이레이크),인텔 코어i3-6세대 6100,스카이레이크,"_벌크 + 쿨러_17,990|벌크_12,870|_중고 | _벌크 + 쿨러_18,590|벌크_13,010|_중고 | 벌크 + 쿨러_17,990|_벌크_12,820|_중고 | 벌크 + 쿨러_17,990|_벌크_12,870|_중고 | 벌크 + 쿨러_18,590|_벌크_13,010|_중고 | 벌크 + 쿨러_18,670|_벌크_10,000|_중고 | 벌크 + 쿨러_18,670|_벌크_9,900|_중고 | 벌크 + 쿨러_18,700|_벌크_10,000|_중고 | 벌크 + 쿨러_18,710|_벌크_13,330|_중고 | 벌크 + 쿨러_18,790|_벌크_10,000|_중고 | 벌크 + 쿨러_18,820|_벌크_10,000|_중고 | 벌크 + 쿨러_18,830|_벌크_10,000|_중고 | 벌크 + 쿨러_18,840|_벌크_13,420|_중고 | 벌크 + 쿨러_18,860|_벌크_10,000|_중고 | 벌크 + 쿨러_18,890|_벌크_10,000|_중고 | 벌크 + 쿨러_18,900|_벌크_13,430|_중고",12980,12980,12980,12980,12990,12990,12990,12990,12990,10940,10940,10940,10580,10580,10580,10580,10580,10580,10580,10580,10000,10000,10000,12500,12490,12490,12490,11500,11500,11500,11500
3493032,인텔 코어i3-6세대 6300 (스카이레이크),인텔 코어i3-6세대 6300,스카이레이크,"_벌크_16,100|_중고 | _벌크_16,110|_중고 | _벌크_16,990|_중고",13490,13800,13800,13800,19030,19030,19030,19030,19030,19030,19030,19030,19030,19030,19030,19030,19030,19030,19030,19030,19030,19030,19030,19030,19030,19030,19030,19030,19030,19030,19030
3493081,인텔 코어i3-6세대 6320 (스카이레이크),인텔 코어i3-6세대 6320,스카이레이크,"_벌크_23,500|_중고",25200,25760,25760,25760,25760,25760,25760,25760,25760,25760,25760,25760,25760,25760,25760,25760,25760,25760,25760,25760,27990,27990,27990,27990,27990,27990,27990,25760,25760,25760,25760
4880955,인텔 코어i3-7세대 7100 (카비레이크),인텔 코어i3-7세대 7100,카비레이크,"_벌크 + 쿨러_23,390|벌크_17,990|해외구매_143,400|_중고 | _벌크 + 쿨러_23,980|벌크_18,900|해외구매_143,400|_중고 | _벌크 + 쿨러_24,070|벌크_18,670|해외구매_143,400|_중고 | _벌크 + 쿨러_24,070|벌크_18,830|해외구매_143,400|_중고 | _벌크 + 쿨러_24,100|벌크_18,860|해외구매_143,400|_중고 | _벌크 + 쿨러_24,170|벌크_18,590|해외구매_143,400|_중고 | _벌크 + 쿨러_24,190|벌크_18,790|해외구매_143,400|_중고 | _벌크 + 쿨러_24,220|벌크_18,820|해외구매_143,400|_중고 | _벌크 + 쿨러_24,230|벌크_18,830|해외구매_143,400|_중고 | _벌크 + 쿨러_24,260|벌크_18,860|해외구매_143,400|_중고 | _벌크 + 쿨러_24,290|벌크_18,890|해외구매_143,400|_중고 | 벌크 + 쿨러_24,110|_벌크_18,870|해외구매_143,400|_중고 | 벌크 + 쿨러_24,230|_벌크_18,900|해외구매_143,400|_중고",18000,18000,18000,18000,18000,18000,18000,16640,16640,16640,16640,16640,16640,16640,16640,16640,16640,16640,16640,16640,16930,16930,16930,15730,15730,15730,15730,15450,15450,15450,15450
7812271,인텔 코어i3-7세대 7300 (카비레이크),인텔 코어i3-7세대 7300,카비레이크,중고,24880,24880,25200,25170,25190,25190,25190,25190,25160,25130,25120,25090,24970,24880,25190,25190,25190,25190,25190,25190,25990,25990,25990,25990,25990,25990,25990,25190,25190,25190,25190
5221454,인텔 코어i3-7세대 7320 (카비레이크),인텔 코어i3-7세대 7320,카비레이크,"_벌크_34,970|_중고",37950,37950,37950,37950,37950,37950,37950,37950,37950,37950,37950,37950,37950,37950,37950,37950,37950,37950,37950,37950,37950,37950,37950,37950,37950,37950,37950,37950,37950,37950,37950
7812097,인텔 코어i3-7세대 7350K (카비레이크),인텔 코어i3-7세대 7350K,카비레이크,"_중고_38,990|_해외구매 | _중고_39,000|_해외구매",53910,55100,55100,55100,55100,55100,55100,55100,57150,57120,57110,55100,55100,55100,55100,57150,55100,57140,57140,57140,59050,59050,59050,59050,59050,59050,59050,57140,57140,57140,57140
5569026,인텔 코어i3-8세대 8100 (커피레이크),인텔 코어i3-8세대 8100,커피레이크,"_벌크 + 쿨러_43,650|벌크_37,090|_중고 | _벌크 + 쿨러_43,740|벌크_37,090|_중고 | _벌크 + 쿨러_43,770|벌크_37,090|_중고 | _벌크 + 쿨러_43,860|벌크_37,090|_중고 | _벌크 + 쿨러_43,890|벌크_37,090|_중고 | _벌크 + 쿨러_43,920|벌크_37,090|_중고 | _벌크 + 쿨러_43,930|벌크_37,090|_중고 | _벌크 + 쿨러_43,960|벌크_37,090|_중고 | _벌크 + 쿨러_43,990|_벌크_31,770|중고 | _벌크 + 쿨러_43,990|벌크_31,770|_중고 | _벌크 + 쿨러_43,990|벌크_37,090|_중고 | 벌크 + 쿨러_41,000|_벌크_35,000|_중고 | 벌크 + 쿨러_43,970|_벌크_37,090|_중고 | 벌크 + 쿨러_43,990|_벌크_31,770|_중고",31400,31400,31400,31400,31400,31400,31400,31400,31400,31400,31400,31400,31400,31400,31400,30090,30090,30090,30090,30090,33080,33080,33080,33080,32490,32490,32490,29500,29500,29500,29500
5651734,인텔 코어i3-8세대 8350K (커피레이크),인텔 코어i3-8세대 8350K,커피레이크,"_벌크_44,430|_해외구매 | _벌크_44,540|_해외구매 | _벌크_44,650|_해외구매 | _벌크_44,660|_해외구매 | _벌크_44,690|_해외구매 | _벌크_44,770|_해외구매 | _벌크_44,890|_해외구매 | _벌크_44,920|_해외구매 | _벌크_44,930|_해외구매 | _벌크_44,960|_해외구매 | _벌크_44,990|_해외구매",64520,64520,64520,64520,64520,64520,63080,63080,63080,63080,63080,63080,63080,63800,63800,63800,64520,64520,64520,64520,66670,66670,66670,66670,66670,66670,66670,64520,64520,64520,64520
10864506,인텔 코어i3-9세대 9100 (커피레이크-R),인텔 코어i3-9세대 9100,커피레이크-R,"_벌크 + 쿨러_75,780|_벌크_57,250|해외구매_192,400|중고 | _벌크 + 쿨러_75,900|_벌크_57,370|해외구매_192,400|중고 | _벌크 + 쿨러_76,020|_벌크_57,490|해외구매_192,400|중고 | _벌크 + 쿨러_76,020|_벌크_57,590|해외구매_192,400|중고 | _벌크 + 쿨러_76,030|_벌크_57,000|해외구매_192,400|중고 | _벌크 + 쿨러_76,050|_벌크_57,520|해외구매_192,400|중고 | _벌크 + 쿨러_76,060|_벌크_57,530|해외구매_192,400|중고 | _벌크 + 쿨러_76,090|_벌크_57,560|해외구매_192,400|중고 | _벌크 + 쿨러_76,120|_벌크_57,590|해외구매_192,400|중고 | _벌크 + 쿨러_76,130|_벌크_57,030|해외구매_192,400|중고 | _벌크 + 쿨러_76,130|_벌크_57,590|해외구매_192,400|중고 | _벌크 + 쿨러_76,770|_벌크_57,040|해외구매_192,400|중고 | _벌크 + 쿨러_76,770|_벌크_57,070|해외구매_192,400|중고 | _벌크 + 쿨러_76,790|_벌크_58,990|해외구매_192,400|중고",51670,51640,51630,51600,52190,52190,52190,52190,52160,52130,52120,52090,51970,51850,52190,52190,52190,52190,52190,52190,52990,52990,52990,52990,52890,52770,52650,50670,50670,50670,50670
7914745,인텔 코어i3-9세대 9100F (커피레이크-R),인텔 코어i3-9세대 9100F,커피레이크-R,"_벌크 + 쿨러_36,650|_벌크_30,510|중고 | _벌크 + 쿨러_36,770|_벌크_30,520|중고 | _벌크 + 쿨러_38,370|_벌크_32,960|중고 | _벌크 + 쿨러_38,490|_벌크_32,990|중고 | _벌크 + 쿨러_38,610|_벌크_32,890|중고 | _벌크 + 쿨러_38,640|_벌크_32,920|중고 | _벌크 + 쿨러_38,650|_벌크_32,930|중고 | _벌크 + 쿨러_38,690|_벌크_32,990|중고 | _벌크 + 쿨러_38,760|_벌크_32,960|중고 | _벌크 + 쿨러_38,890|_벌크_32,990|중고 | _벌크 + 쿨러_38,960|_벌크_32,990|중고 | _벌크 + 쿨러_38,990|_벌크_32,920|중고 | _벌크 + 쿨러_38,990|_벌크_32,980|중고 | _벌크 + 쿨러_38,990|_벌크_32,990|중고 | _벌크 + 쿨러_38,990|벌크_32,990|_중고",30990,30990,31740,31740,31740,31740,31740,31740,31740,31740,31740,31740,31740,31740,31740,31390,31390,31390,31390,31390,31690,31580,31580,29690,29690,29690,29690,28900,28900,28900,28900
11308551,인텔 코어i5-10세대 10400 (코멧레이크S),인텔 코어i5-10세대 10400,코멧레이크S,"_정품_194,250|_벌크 + 쿨러_166,950|벌크_161,780|해외구매_197,810|중고 | _정품_194,250|_벌크 + 쿨러_166,950|벌크_161,780|해외구매_200,540|중고 | _정품_194,250|_벌크 + 쿨러_166,950|벌크_161,780|해외구매_203,180|중고 | _정품_194,250|_벌크 + 쿨러_166,960|벌크_161,790|해외구매_203,180|중고 | _정품_194,250|_벌크 + 쿨러_167,460|벌크_161,920|해외구매_200,140|중고 | _정품_194,250|_벌크 + 쿨러_167,490|벌크_161,950|해외구매_200,140|중고 | _정품_194,250|_벌크 + 쿨러_167,500|벌크_161,960|해외구매_200,140|중고 | _정품_194,250|_벌크 + 쿨러_167,620|벌크_162,250|해외구매_203,180|중고 | _정품_194,250|벌크 + 쿨러_164,620|_벌크_165,310|해외구매_203,260|중고 | _정품_194,250|벌크 + 쿨러_164,630|_벌크_165,310|해외구매_203,260|중고 | _정품_194,250|벌크 + 쿨러_165,310|_벌크_165,310|해외구매_203,020|중고 | _정품_194,250|벌크 + 쿨러_165,340|_벌크_165,310|해외구매_203,670|중고 | _정품_194,250|벌크 + 쿨러_165,420|_벌크_159,990|해외구매_190,860|중고 | _정품_194,250|벌크 + 쿨러_167,610|_벌크_163,200|해외구매_203,260|중고 | _정품_194,250|벌크 + 쿨러_167,620|_벌크_164,490|해외구매_203,260|중고 | _정품_194,250|벌크 + 쿨러_167,620|_벌크_165,310|해외구매_203,260|중고 | _정품_194,490|_벌크 + 쿨러_167,220|벌크_161,380|해외구매_203,180|중고 | _정품_194,520|_벌크 + 쿨러_167,340|벌크_161,800|해외구매_203,180|중고 | _정품_195,280|_벌크 + 쿨러_162,140|벌크_156,960|해외구매_193,450|중고 | _정품_195,280|_벌크 + 쿨러_162,140|벌크_160,600|해외구매_193,450|중고 | _정품_195,280|_벌크 + 쿨러_162,148|벌크_156,964|해외구매_194,910|중고 | _정품_195,280|_벌크 + 쿨러_164,770|벌크_160,600|해외구매_191,950|중고 | _정품_195,280|_벌크 + 쿨러_164,770|벌크_160,600|해외구매_193,450|중고 | _정품_195,280|_벌크 + 쿨러_164,780|벌크_160,610|해외구매_194,910|중고 | _정품_195,280|_벌크 + 쿨러_165,810|벌크_160,640|해외구매_197,810|중고 | _정품_195,280|_벌크 + 쿨러_166,950|벌크_161,780|해외구매_197,810|중고",161100,161100,161100,161100,161100,161100,161000,160080,160080,160080,160080,160080,160080,160080,159160,159160,159160,159160,159160,159160,172990,172990,172990,172990,172990,172990,172990,159160,159160,159160,159160
11489973,인텔 코어i5-10세대 10400F (코멧레이크S),인텔 코어i5-10세대 10400F,코멧레이크S,"_정품_115,500|병행수입 박스_120,060|벌크 + 쿨러_97,950|_벌크_92,740|해외구매_198,970|중고 | _정품_115,500|병행수입 박스_120,060|벌크 + 쿨러_98,350|_벌크_92,740|해외구매_198,970|중고 | _정품_115,500|병행수입 박스_120,060|벌크 + 쿨러_98,360|_벌크_92,740|해외구매_198,970|중고 | _정품_115,500|병행수입 박스_120,060|벌크 + 쿨러_98,550|_벌크_93,000|해외구매_198,970|중고 | _정품_115,500|병행수입 박스_120,060|벌크 + 쿨러_98,570|_벌크_93,370|해외구매_198,970|중고 | _정품_125,730|병행수입 박스_116,710|벌크 + 쿨러_97,940|_벌크_92,740|해외구매_210,690|중고 | _정품_129,450|병행수입 박스_120,060|_벌크 + 쿨러_98,350|벌크_92,740|해외구매_198,970|중고 | _정품_130,200|병행수입 박스_120,750|_벌크 + 쿨러_96,990|벌크_91,800|해외구매_198,970|중고 | _정품_130,200|병행수입 박스_120,750|_벌크 + 쿨러_98,350|벌크_92,740|해외구매_198,970|중고 | _정품_130,200|병행수입 박스_120,750|벌크 + 쿨러_96,480|_벌크_91,800|해외구매_210,690|중고 | _정품_130,200|병행수입 박스_120,750|벌크 + 쿨러_96,490|_벌크_91,800|해외구매_210,690|중고 | _정품_130,200|병행수입 박스_120,750|벌크 + 쿨러_96,990|_벌크_91,800|해외구매_198,970|중고 | _정품_130,200|병행수입 박스_120,750|벌크 + 쿨러_96,990|_벌크_91,800|해외구매_210,690|중고 | _정품_130,200|병행수입 박스_120,750|벌크 + 쿨러_97,000|_벌크_91,800|해외구매_210,690|중고 | _정품_130,200|병행수입 박스_120,750|벌크 + 쿨러_97,940|_벌크_92,740|해외구매_198,970|중고 | _정품_130,200|병행수입 박스_120,750|벌크 + 쿨러_97,940|_벌크_92,740|해외구매_210,690|중고 | _정품_130,340|병행수입 박스_120,060|벌크 + 쿨러_96,330|_벌크_91,330|해외구매_198,970|중고 | _정품_130,440|병행수입 박스_120,060|벌크 + 쿨러_96,330|_벌크_91,330|해외구매_137,830|중고 | _정품_130,500|병행수입 박스_120,060|벌크 + 쿨러_96,330|_벌크_91,330|해외구매_137,830|중고 | _정품_132,840|병행수입 박스_120,060|벌크 + 쿨러_96,330|_벌크_91,330|해외구매_198,970|중고 | _정품_132,840|병행수입 박스_120,060|벌크 + 쿨러_97,330|_벌크_91,334|해외구매_198,970|중고 | _정품_133,000|병행수입 박스_120,060|벌크 + 쿨러_99,600|_벌크_94,400|해외구매_198,970|중고",97200,99360,95680,95680,95680,103490,103490,103490,103460,103430,103420,103390,103270,103150,103490,104990,104990,104990,104990,104990,106940,106940,106940,106940,106940,106940,106940,104990,104990,104990,104990
11480766,인텔 코어i5-10세대 10500 (코멧레이크S),인텔 코어i5-10세대 10500,코멧레이크S,"_벌크 + 쿨러_185,100|_벌크_179,990|중고 | _벌크 + 쿨러_194,340|_벌크_192,420|중고 | _벌크 + 쿨러_194,340|_벌크_192,450|중고 | _벌크 + 쿨러_199,490|_벌크_194,240|중고 | _벌크 + 쿨러_275,500|_벌크_194,690|중고 | _벌크 + 쿨러_295,490|_벌크_198,190|중고 | 벌크 + 쿨러_275,500|_벌크_194,690|_중고 | 벌크 + 쿨러_275,500|_벌크_197,510|_중고 | 벌크 + 쿨러_295,490|_벌크_198,190|_중고",219650,219650,219650,219650,219650,219650,219650,219650,219650,219650,219650,219650,219650,219650,219650,219650,219650,219650,219650,219650,219650,219650,191270,191270,191270,191270,191270,191270,191270,191270,191270
11481858,인텔 코어i5-10세대 10600K (코멧레이크S),인텔 코어i5-10세대 10600K,코멧레이크S,"_벌크 + 쿨러_212,000|벌크_206,240|_중고 | _벌크 + 쿨러_212,000|벌크_266,200|_중고 | _벌크 + 쿨러_212,000|벌크_269,030|_중고 | 벌크 + 쿨러_212,000|_벌크_206,240|_중고 | 벌크 + 쿨러_212,000|_벌크_266,200|_중고",193920,193920,193920,193920,193920,193920,193920,193920,193920,193920,193920,193920,193920,193920,198920,203920,203920,203920,203920,203920,205690,205690,205690,205690,205690,205690,205690,203920,203920,203920,203920
12110750,인텔 코어i5-10세대 10600KF (코멧레이크S),인텔 코어i5-10세대 10600KF,코멧레이크S,"_벌크 + 쿨러_163,000|_벌크",155000,155000,155000,155000,155000,155000,155000,155000,155000,155000,155000,155000,155000,155000,155000,155000,155000,155000,155000,155000,155000,155000,155000,155000,155000,155000,155000,155000,155000,155000,155000
13619846,인텔 코어i5-11세대 11400 (로켓레이크S),인텔 코어i5-11세대 11400,로켓레이크S,"_정품_180,850|_벌크 + 쿨러_186,450|벌크_182,690|중고 | _정품_186,020|_벌크 + 쿨러_186,530|벌크_182,690|중고 | _정품_186,050|_벌크 + 쿨러_186,530|벌크_182,690|중고 | _정품_186,060|_벌크 + 쿨러_186,530|벌크_182,690|중고 | _정품_186,090|_벌크 + 쿨러_186,530|벌크_182,690|중고 | _정품_186,880|_벌크 + 쿨러_186,040|벌크_182,690|중고 | _정품_187,000|벌크 + 쿨러_186,050|벌크_182,690|_중고 | _정품_187,120|_벌크 + 쿨러_186,170|벌크_182,690|중고 | _정품_187,240|_벌크 + 쿨러_186,290|벌크_182,690|중고 | _정품_187,270|_벌크 + 쿨러_186,410|벌크_182,690|중고 | _정품_187,280|_벌크 + 쿨러_186,440|벌크_182,690|중고 | _정품_187,310|_벌크 + 쿨러_186,500|벌크_182,690|중고 | _정품_187,320|_벌크 + 쿨러_186,450|벌크_182,690|중고 | _정품_187,320|벌크 + 쿨러_186,450|벌크_182,690|_중고 | _정품_187,330|_벌크 + 쿨러_186,630|벌크_182,690|중고 | _정품_187,380|_벌크 + 쿨러_186,530|벌크_182,690|중고",154370,154370,154370,154370,154380,154380,154380,154380,154380,154380,154370,154370,154370,154370,154380,154380,154380,154380,154380,154380,154380,154380,174840,174840,174840,174840,174840,164680,164680,164680,164680
13753394,인텔 코어i5-11세대 11400F (로켓레이크S),인텔 코어i5-11세대 11400F,로켓레이크S,"_정품_159,050|벌크 + 쿨러_121,590|벌크_116,550|중고_142,590|_해외구매 | _정품_159,050|벌크 + 쿨러_145,850|벌크_140,180|중고_142,590|_해외구매 | _정품_159,050|벌크 + 쿨러_145,880|벌크_140,280|중고_142,580|_해외구매 | _정품_166,310|_벌크 + 쿨러_116,940|벌크_111,750|중고_133,490|해외구매 | _정품_166,310|_벌크 + 쿨러_117,030|벌크_111,870|중고_133,490|해외구매 | _정품_166,310|_벌크 + 쿨러_117,150|벌크_111,990|중고_142,590|해외구매 | _정품_166,310|벌크 + 쿨러_115,780|_벌크_110,791|중고_142,590|해외구매 | _정품_166,310|벌크 + 쿨러_115,785|_벌크_110,791|중고_142,590|해외구매 | _정품_166,310|벌크 + 쿨러_117,270|_벌크_112,110|중고_142,590|해외구매 | _정품_166,310|벌크 + 쿨러_117,390|_벌크_112,230|중고_142,590|해외구매 | _정품_166,310|벌크 + 쿨러_118,220|_벌크_113,060|중고_142,590|해외구매 | _정품_166,310|벌크 + 쿨러_118,940|_벌크_113,780|중고_142,590|해외구매 | _정품_167,530|_벌크 + 쿨러_117,390|벌크_112,230|중고_133,490|해외구매 | _정품_167,530|_벌크 + 쿨러_118,270|벌크_113,200|중고_132,990|해외구매 | _정품_167,530|_벌크 + 쿨러_118,270|벌크_113,200|중고_135,000|해외구매 | _정품_167,530|_벌크 + 쿨러_118,280|벌크_113,200|중고_124,200|해외구매 | _정품_167,530|벌크 + 쿨러_118,270|벌크_113,200|_중고_132,990|해외구매 | 정품_163,290|_벌크 + 쿨러_118,270|_벌크_113,200|중고_135,000|해외구매 | 정품_166,310|_벌크 + 쿨러_117,300|_벌크_112,140|중고_142,590|해외구매 | 정품_167,530|_벌크 + 쿨러_118,270|_벌크_113,200|중고_124,200|해외구매 | 정품_167,530|_벌크 + 쿨러_118,280|_벌크_113,200|중고_124,200|해외구매 | 정품_167,530|벌크 + 쿨러_118,270|_벌크_113,200|_중고_124,200|해외구매",112780,112780,112780,112780,112780,112780,112780,116460,116460,116460,116460,116460,116460,116460,116460,119390,119390,119390,119390,119390,129380,129380,129380,129380,129380,129380,129380,119390,119390,119390,119390
13619897,인텔 코어i5-11세대 11500 (로켓레이크S),인텔 코어i5-11세대 11500,로켓레이크S,"_정품_182,550|_벌크 + 쿨러_163,860|벌크 | _정품_182,630|_벌크 + 쿨러_164,200|벌크 | _정품_182,670|벌크 + 쿨러_163,980|_벌크 | _정품_182,710|_벌크 + 쿨러_163,170|벌크 | _정품_182,740|_벌크 + 쿨러_163,290|벌크 | _정품_182,750|_벌크 + 쿨러_163,420|벌크 | _정품_182,780|_벌크 + 쿨러_163,450|벌크 | _정품_182,790|벌크 + 쿨러_164,100|_벌크 | _정품_182,820|_벌크 + 쿨러_164,200|벌크 | _정품_182,820|벌크 + 쿨러_164,130|_벌크 | _정품_182,830|벌크 + 쿨러_164,200|_벌크 | _정품_182,940|벌크 + 쿨러_164,200|_벌크 | _정품_183,070|벌크 + 쿨러_164,200|_벌크 | _정품_183,170|_벌크 + 쿨러_164,200|벌크 | _정품_184,760|_벌크 + 쿨러_167,090|벌크 | _정품_195,670|_벌크 + 쿨러_167,090|벌크 | _정품_197,340|_벌크 + 쿨러_164,200|벌크 | _정품_197,340|_벌크 + 쿨러_167,090|벌크",161780,161780,159510,159390,160640,160640,160640,160640,160610,160580,160570,160540,160420,160300,161870,161870,161870,161870,161870,161870,161870,161870,161870,161870,161870,161870,161870,161870,161870,161870,161870
13619939,인텔 코어i5-11세대 11600K (로켓레이크S),인텔 코어i5-11세대 11600K,로켓레이크S,"_정품_220,310|병행수입 박스_221,070|_벌크 + 쿨러_222,600|벌크 | _정품_220,310|병행수입 박스_223,060|_벌크 + 쿨러_222,600|벌크 | _정품_220,310|병행수입 박스_225,970|_벌크 + 쿨러_222,600|벌크",219970,219970,219970,219970,219970,219970,219970,219970,219970,219970,219970,219970,219970,219970,219970,219970,219970,219970,219970,219970,219970,219970,219970,219970,219970,219970,219970,219970,219970,219970,219970
16101326,인텔 코어i5-12세대 12400 (엘더레이크),인텔 코어i5-12세대 12400,엘더레이크,"_정품_212,990|_벌크 + 쿨러_176,050|벌크_164,100|해외구매 | _정품_213,190|_벌크 + 쿨러_170,890|벌크_161,280|해외구매 | _정품_213,200|벌크 + 쿨러_177,900|_벌크_165,870|해외구매 | _정품_213,276|벌크 + 쿨러_170,900|_벌크_161,282|해외구매 | _정품_213,890|벌크 + 쿨러_178,020|_벌크_166,260|해외구매 | _정품_213,960|벌크 + 쿨러_178,030|_벌크_165,990|해외구매 | _정품_213,990|벌크 + 쿨러_178,020|_벌크_166,290|해외구매 | _정품_215,000|벌크 + 쿨러_177,100|_벌크_165,030|해외구매 | _정품_215,480|_벌크 + 쿨러_176,040|벌크_164,100|해외구매 | _정품_215,490|_벌크 + 쿨러_176,050|벌크_164,100|해외구매 | _정품_215,490|_벌크 + 쿨러_177,610|벌크_164,410|해외구매 | _정품_215,490|_벌크 + 쿨러_177,790|벌크_164,410|해외구매 | _정품_215,490|벌크 + 쿨러_177,510|_벌크_164,420|해외구매 | _정품_216,110|벌크 + 쿨러_177,530|_벌크_164,830|해외구매 | _정품_216,140|벌크 + 쿨러_177,640|_벌크_164,950|해외구매 | _정품_216,190|벌크 + 쿨러_177,540|_벌크_165,480|해외구매 | _정품_216,190|벌크 + 쿨러_177,540|_벌크_165,810|해외구매 | _정품_216,190|벌크 + 쿨러_178,330|_벌크_166,590|해외구매 | _정품_216,200|벌크 + 쿨러_177,530|_벌크_165,780|해외구매 | _정품_216,200|벌크 + 쿨러_177,540|_벌크_165,810|해외구매 | _정품_216,300|벌크 + 쿨러_177,110|_벌크_165,040|해외구매 | _정품_216,300|벌크 + 쿨러_177,490|_벌크_164,790|해외구매 | _정품_216,300|벌크 + 쿨러_177,520|_벌크_164,820|해외구매 | _정품_216,300|벌크 + 쿨러_177,920|_벌크_166,130|해외구매 | _정품_220,760|벌크 + 쿨러_177,270|_벌크_164,550|해외구매 | _정품_220,800|벌크 + 쿨러_177,380|_벌크_164,670|해외구매",245300,245300,245300,245300,245300,245300,245300,245300,245300,245300,245300,245300,245300,245300,245300,245300,245300,245300,245300,245300,261000,261000,261000,261000,261000,261000,261000,252300,252300,252300,252300
16101353,인텔 코어i5-12세대 12400F (엘더레이크),인텔 코어i5-12세대 12400F,엘더레이크,"_정품_144,900||_벌크_135,430|해외구매 | _정품_149,440||_벌크_134,950|해외구매 | _정품_149,440||_벌크_135,200|해외구매 | _정품_149,445||_벌크_135,300|해외구매 | _정품_149,480||_벌크_135,440|해외구매 | _정품_152,766||_벌크_135,290|해외구매 | _정품_153,000||_벌크_135,280|해외구매 | _정품_154,000||_벌크_135,280|해외구매 | _정품_156,342||_벌크_137,550|해외구매 | _정품_161,090||_벌크_136,210|해외구매 | _정품_164,390||_벌크_137,550|해외구매 | _정품_164,670||_벌크_137,550|해외구매 | _정품_164,830||_벌크_137,560|해외구매 | _정품_164,990||_벌크_135,250|해외구매 | _정품_164,990||_벌크_137,550|해외구매 | _정품_165,000||_벌크_137,550|해외구매 | _정품_165,820||_벌크_137,550|해외구매 | _정품_166,420||_벌크_135,090|해외구매 | _정품_166,420||_벌크_135,210|해외구매 | _정품_166,430||_벌크_135,240|해외구매 | _정품_166,800||_벌크_137,160|해외구매 | _정품_166,810||_벌크_137,170|해외구매 | _정품_166,880||_벌크_137,790|해외구매 | _정품_167,220||_벌크_136,870|해외구매 | _정품_167,760||_벌크_136,560|해외구매 | _정품_167,790||_벌크_136,790|해외구매",136510,137580,137580,137580,137580,128820,128820,137580,137580,137580,137580,137580,137580,137580,137860,141390,141390,139540,139540,139540,144680,151580,145480,145480,145480,151110,150990,139540,139540,139540,139540
16232900,인텔 코어i5-12세대 12500 (엘더레이크),인텔 코어i5-12세대 12500,엘더레이크,"_벌크 + 쿨러_262,250|_벌크 | _벌크 + 쿨러_262,258|_벌크 | _벌크 + 쿨러_268,610|_벌크 | _벌크 + 쿨러_269,030|_벌크 | _벌크 + 쿨러_269,640|_벌크 | _벌크 + 쿨러_269,650|_벌크 | _벌크 + 쿨러_271,690|_벌크 | _벌크 + 쿨러_271,700|_벌크 | _벌크 + 쿨러_271,730|_벌크 | _벌크 + 쿨러_272,570|_벌크 | _벌크 + 쿨러_273,290|_벌크 | _벌크 + 쿨러_274,840|_벌크",260820,260700,260660,260540,262090,262090,262090,262090,260610,261590,261590,261590,261590,261590,261590,261590,261070,261060,261060,261060,261060,259710,259700,252570,252560,257080,257080,257080,257080,257080,257080
16393835,인텔 코어i5-12세대 12500T (엘더레이크),인텔 코어i5-12세대 12500T,엘더레이크,벌크,338000,338000,338000,338000,0,0,0,0,0,0,0,0,0,338000,0,0,0,0,0,0,0,0,0,0,0,0,0,0,343670,343670,0
15594263,인텔 코어i5-12세대 12600K (엘더레이크),인텔 코어i5-12세대 12600K,엘더레이크,"_정품_265,330|벌크 + 쿨러_272,990|_벌크_258,600|해외구매 | _정품_265,340|벌크 + 쿨러_272,990|_벌크_258,610|해외구매 | _정품_266,370|벌크 + 쿨러_274,350|_벌크_258,950|해외구매 | _정품_266,380|벌크 + 쿨러_274,350|_벌크_258,950|해외구매 | _정품_266,390|벌크 + 쿨러_274,350|_벌크_258,960|해외구매 | _정품_267,410|_벌크_256,060|해외구매 | _정품_267,410|벌크 + 쿨러_271,420|_벌크_256,050|해외구매 | _정품_267,410|벌크 + 쿨러_274,350|_벌크_257,230|해외구매 | _정품_267,410|벌크 + 쿨러_274,990|_벌크_256,470|해외구매 | _정품_267,420|벌크 + 쿨러_271,420|_벌크_256,060|해외구매 | _정품_267,420|벌크 + 쿨러_271,420|_벌크_256,580|해외구매 | _정품_268,460|벌크 + 쿨러_261,970|_벌크_245,320|해외구매 | _정품_268,460|벌크 + 쿨러_261,970|_벌크_245,360|해외구매 | _정품_268,460|벌크 + 쿨러_261,970|_벌크_245,390|해외구매 | _정품_268,460|벌크 + 쿨러_261,970|_벌크_247,210|해외구매 | _정품_268,460|벌크 + 쿨러_275,090|_벌크_247,650|해외구매",271300,271300,271300,271300,271300,271300,271300,271300,271300,271300,271300,271300,271300,271300,271300,271300,271300,271300,271300,271300,291290,291290,291290,291290,291290,291290,291290,271300,271300,271300,271300
15594446,인텔 코어i5-12세대 12600KF (엘더레이크),인텔 코어i5-12세대 12600KF,엘더레이크,"_정품_236,350|_벌크 + 쿨러_215,800|벌크_204,270|해외구매 | _정품_236,350|_벌크_194,760|해외구매 | _정품_236,350|_벌크_194,790|해외구매 | _정품_236,350|벌크 + 쿨러_215,790|_벌크_204,270|해외구매 | _정품_236,350|벌크 + 쿨러_215,800|_벌크_204,270|해외구매 | _정품_236,350|벌크 + 쿨러_217,340|_벌크_204,270|해외구매 | _정품_236,350|벌크 + 쿨러_217,340|_벌크_204,280|해외구매 | _정품_236,350|벌크 + 쿨러_218,280|_벌크_204,640|해외구매 | _정품_236,350|벌크 + 쿨러_218,310|_벌크_204,640|해외구매 | _정품_236,350|벌크 + 쿨러_218,390|_벌크_204,640|해외구매 | _정품_236,350|벌크 + 쿨러_218,450|_벌크_204,640|해외구매 | _정품_236,350|벌크 + 쿨러_218,570|_벌크_204,640|해외구매 | _정품_236,350|벌크 + 쿨러_218,590|_벌크_204,640|해외구매 | _정품_236,350|벌크 + 쿨러_218,590|_벌크_204,990|해외구매 | _정품_236,350|벌크 + 쿨러_218,630|_벌크_204,640|해외구매 | _정품_236,350|벌크 + 쿨러_218,650|_벌크_198,060|해외구매 | _정품_236,350|벌크 + 쿨러_218,650|_벌크_205,360|해외구매 | _정품_236,350|벌크 + 쿨러_218,650|_벌크_205,370|해외구매 | _정품_236,350|벌크 + 쿨러_218,670|_벌크_204,640|해외구매 | _정품_236,350|벌크 + 쿨러_218,900|_벌크_204,650|해외구매 | _정품_236,350|벌크 + 쿨러_219,460|_벌크_205,360|해외구매",251090,251090,251090,251090,251090,251090,251090,251090,251090,251090,251020,250990,250910,250910,259740,259740,259740,259740,259740,259740,259740,259740,259740,259740,259740,259740,259440,259740,259740,259740,259740
18703208,인텔 코어i5-13세대 13400 (랩터레이크),인텔 코어i5-13세대 13400,랩터레이크,"_정품_268,510|벌크 + 쿨러_209,070|_벌크_195,930|해외구매 | _정품_269,370|벌크 + 쿨러_210,640|_벌크_196,970|해외구매 | _정품_269,380|벌크 + 쿨러_211,670|_벌크_198,000|해외구매 | _정품_269,410|벌크 + 쿨러_211,670|_벌크_198,000|해외구매 | _정품_269,500|벌크 + 쿨러_211,670|_벌크_198,000|해외구매 | _정품_269,620|벌크 + 쿨러_211,780|_벌크_198,010|해외구매 | _정품_269,730|벌크 + 쿨러_212,770|_벌크_199,030|해외구매 | _정품_269,840|벌크 + 쿨러_212,770|_벌크_199,030|해외구매 | _정품_271,490|_벌크 + 쿨러_203,380|벌크_193,510|해외구매 | _정품_271,490|_벌크 + 쿨러_203,390|벌크_194,340|해외구매 | _정품_271,490|벌크 + 쿨러_199,810|_벌크_190,120|해외구매 | _정품_271,490|벌크 + 쿨러_199,816|_벌크_190,128|해외구매 | _정품_271,490|벌크 + 쿨러_203,380|_벌크_193,510|해외구매 | _정품_271,490|벌크 + 쿨러_203,390|_벌크_194,340|해외구매 | _정품_271,490|벌크 + 쿨러_206,000|_벌크_194,540|해외구매 | _정품_271,500|벌크 + 쿨러_203,590|_벌크_194,550|해외구매 | _정품_271,500|벌크 + 쿨러_206,490|_벌크_195,090|해외구매 | _정품_271,500|벌크 + 쿨러_207,430|_벌크_195,090|해외구매 | _정품_271,500|벌크 + 쿨러_207,430|_벌크_195,100|해외구매 | _정품_271,500|벌크 + 쿨러_208,870|_벌크_195,610|해외구매 | _정품_271,900|벌크 + 쿨러_209,100|_벌크_195,930|해외구매 | _정품_271,940|벌크 + 쿨러_208,260|_벌크_195,940|해외구매 | _정품_271,940|벌크 + 쿨러_209,240|_벌크_195,930|해외구매 | _정품_271,940|벌크 + 쿨러_209,360|_벌크_195,930|해외구매 | _정품_271,940|벌크 + 쿨러_209,840|_벌크_196,440|해외구매 | _정품_271,950|벌크 + 쿨러_210,440|_벌크_196,970|해외구매 | _정품_273,190|벌크 + 쿨러_209,180|_벌크_195,930|해외구매",415700,415700,415700,415700,415700,415700,415700,415700,415700,415700,415700,415700,415700,415700,415700,415700,415700,415700,415700,415700,415700,415700,415700,415700,415700,415700,415700,415700,415700,415700,415700
18640286,인텔 코어i5-13세대 13400 (랩터레이크),인텔 코어i5-13세대 13400,랩터레이크,"_정품_268,510|벌크 + 쿨러_209,070|_벌크_195,930|해외구매 | _정품_269,370|벌크 + 쿨러_210,640|_벌크_196,970|해외구매 | _정품_269,380|벌크 + 쿨러_211,670|_벌크_198,000|해외구매 | _정품_269,410|벌크 + 쿨러_211,670|_벌크_198,000|해외구매 | _정품_269,500|벌크 + 쿨러_211,670|_벌크_198,000|해외구매 | _정품_269,620|벌크 + 쿨러_211,780|_벌크_198,010|해외구매 | _정품_269,730|벌크 + 쿨러_212,770|_벌크_199,030|해외구매 | _정품_269,840|벌크 + 쿨러_212,770|_벌크_199,030|해외구매 | _정품_271,490|_벌크 + 쿨러_203,380|벌크_193,510|해외구매 | _정품_271,490|_벌크 + 쿨러_203,390|벌크_194,340|해외구매 | _정품_271,490|벌크 + 쿨러_199,810|_벌크_190,120|해외구매 | _정품_271,490|벌크 + 쿨러_199,816|_벌크_190,128|해외구매 | _정품_271,490|벌크 + 쿨러_203,380|_벌크_193,510|해외구매 | _정품_271,490|벌크 + 쿨러_203,390|_벌크_194,340|해외구매 | _정품_271,490|벌크 + 쿨러_206,000|_벌크_194,540|해외구매 | _정품_271,500|벌크 + 쿨러_203,590|_벌크_194,550|해외구매 | _정품_271,500|벌크 + 쿨러_206,490|_벌크_195,090|해외구매 | _정품_271,500|벌크 + 쿨러_207,430|_벌크_195,090|해외구매 | _정품_271,500|벌크 + 쿨러_207,430|_벌크_195,100|해외구매 | _정품_271,500|벌크 + 쿨러_208,870|_벌크_195,610|해외구매 | _정품_271,900|벌크 + 쿨러_209,100|_벌크_195,930|해외구매 | _정품_271,940|벌크 + 쿨러_208,260|_벌크_195,940|해외구매 | _정품_271,940|벌크 + 쿨러_209,240|_벌크_195,930|해외구매 | _정품_271,940|벌크 + 쿨러_209,360|_벌크_195,930|해외구매 | _정품_271,940|벌크 + 쿨러_209,840|_벌크_196,440|해외구매 | _정품_271,950|벌크 + 쿨러_210,440|_벌크_196,970|해외구매 | _정품_273,190|벌크 + 쿨러_209,180|_벌크_195,930|해외구매",415700,415700,415700,415700,415700,415700,415700,415700,415700,415700,415700,415700,415700,415700,415700,415700,415700,415700,415700,415700,415700,415700,415700,415700,415700,415700,415700,415700,415700,415700,415700
18702812,인텔 코어i5-13세대 13400F (랩터레이크),인텔 코어i5-13세대 13400F,랩터레이크,"_정품_203,450|벌크 + 쿨러_165,860|_벌크_153,820|해외구매 | _정품_203,480|벌크 + 쿨러_165,980|_벌크_153,930|해외구매 | _정품_203,560|벌크 + 쿨러_166,660|_벌크_153,980|해외구매 | _정품_203,700|벌크 + 쿨러_166,790|_벌크_154,010|해외구매 | _정품_203,940|벌크 + 쿨러_165,610|_벌크_153,700|해외구매 | _정품_203,970|벌크 + 쿨러_165,120|_벌크_153,320|해외구매 | _정품_204,010|벌크 + 쿨러_165,240|_벌크_153,440|해외구매 | _정품_204,120|벌크 + 쿨러_165,360|_벌크_153,560|해외구매 | _정품_204,150|벌크 + 쿨러_165,480|_벌크_153,590|해외구매 | _정품_204,160|벌크 + 쿨러_165,520|_벌크_153,600|해외구매 | _정품_205,470|벌크 + 쿨러_159,700|_벌크_153,500|해외구매 | _정품_205,470|벌크 + 쿨러_159,701|_벌크_153,500|해외구매 | _정품_205,470|벌크 + 쿨러_162,410|_벌크_153,500|해외구매 | _정품_205,470|벌크 + 쿨러_162,420|_벌크_153,500|해외구매 | _정품_205,470|벌크 + 쿨러_163,250|_벌크_153,510|해외구매 | _정품_205,470|벌크 + 쿨러_166,180|_벌크_153,560|해외구매 | _정품_205,470|벌크 + 쿨러_166,190|_벌크_154,070|해외구매 | _정품_205,470|벌크 + 쿨러_166,190|_벌크_154,080|해외구매 | _정품_205,470|벌크 + 쿨러_166,650|_벌크_153,700|해외구매 | _정품_205,470|벌크 + 쿨러_166,650|_벌크_154,590|해외구매 | _정품_205,660|벌크 + 쿨러_166,990|_벌크_155,010|해외구매 | _정품_205,660|벌크 + 쿨러_166,990|_벌크_155,250|해외구매 | _정품_206,250|벌크 + 쿨러_165,570|_벌크_153,650|해외구매 | _정품_206,310|벌크 + 쿨러_166,090|_벌크_154,160|해외구매 | _정품_206,310|벌크 + 쿨러_166,660|_벌크_154,790|해외구매 | 정품_205,470|_벌크 + 쿨러_162,420|_벌크_153,500|해외구매",245660,245630,245620,245590,245830,245830,245830,245830,245830,245830,245760,245730,245210,245090,245830,245830,245830,245830,245830,245830,245830,245830,245830,245830,245830,245830,245830,245830,245830,245830,245830
18640280,인텔 코어i5-13세대 13400F (랩터레이크),인텔 코어i5-13세대 13400F,랩터레이크,"_정품_203,450|벌크 + 쿨러_165,860|_벌크_153,820|해외구매 | _정품_203,480|벌크 + 쿨러_165,980|_벌크_153,930|해외구매 | _정품_203,560|벌크 + 쿨러_166,660|_벌크_153,980|해외구매 | _정품_203,700|벌크 + 쿨러_166,790|_벌크_154,010|해외구매 | _정품_203,940|벌크 + 쿨러_165,610|_벌크_153,700|해외구매 | _정품_203,970|벌크 + 쿨러_165,120|_벌크_153,320|해외구매 | _정품_204,010|벌크 + 쿨러_165,240|_벌크_153,440|해외구매 | _정품_204,120|벌크 + 쿨러_165,360|_벌크_153,560|해외구매 | _정품_204,150|벌크 + 쿨러_165,480|_벌크_153,590|해외구매 | _정품_204,160|벌크 + 쿨러_165,520|_벌크_153,600|해외구매 | _정품_205,470|벌크 + 쿨러_159,700|_벌크_153,500|해외구매 | _정품_205,470|벌크 + 쿨러_159,701|_벌크_153,500|해외구매 | _정품_205,470|벌크 + 쿨러_162,410|_벌크_153,500|해외구매 | _정품_205,470|벌크 + 쿨러_162,420|_벌크_153,500|해외구매 | _정품_205,470|벌크 + 쿨러_163,250|_벌크_153,510|해외구매 | _정품_205,470|벌크 + 쿨러_166,180|_벌크_153,560|해외구매 | _정품_205,470|벌크 + 쿨러_166,190|_벌크_154,070|해외구매 | _정품_205,470|벌크 + 쿨러_166,190|_벌크_154,080|해외구매 | _정품_205,470|벌크 + 쿨러_166,650|_벌크_153,700|해외구매 | _정품_205,470|벌크 + 쿨러_166,650|_벌크_154,590|해외구매 | _정품_205,660|벌크 + 쿨러_166,990|_벌크_155,010|해외구매 | _정품_205,660|벌크 + 쿨러_166,990|_벌크_155,250|해외구매 | _정품_206,250|벌크 + 쿨러_165,570|_벌크_153,650|해외구매 | _정품_206,310|벌크 + 쿨러_166,090|_벌크_154,160|해외구매 | _정품_206,310|벌크 + 쿨러_166,660|_벌크_154,790|해외구매 | 정품_205,470|_벌크 + 쿨러_162,420|_벌크_153,500|해외구매",245660,245630,245620,245590,245830,245830,245830,245830,245830,245830,245760,245730,245210,245090,245830,245830,245830,245830,245830,245830,245830,245830,245830,245830,245830,245830,245830,245830,245830,245830,245830
18703382,인텔 코어i5-13세대 13500 (랩터레이크),인텔 코어i5-13세대 13500,랩터레이크,"_정품_331,990|벌크 + 쿨러_317,970|_벌크_289,000|해외구매 | _정품_331,990|벌크 + 쿨러_317,980|_벌크_289,000|해외구매 | _정품_331,990|벌크 + 쿨러_317,990|_벌크_289,000|해외구매 | _정품_346,490|벌크 + 쿨러_323,290|_벌크_289,000|해외구매 | _정품_346,490|벌크 + 쿨러_323,290|_벌크_297,990|해외구매 | _정품_346,490|벌크 + 쿨러_323,290|_벌크_298,000|해외구매 | _정품_346,500|벌크 + 쿨러_323,290|_벌크_297,990|해외구매 | _정품_351,150|벌크 + 쿨러_323,290|_벌크_297,990|해외구매 | _정품_353,000|벌크 + 쿨러_317,040|_벌크_287,000|해외구매 | _정품_353,000|벌크 + 쿨러_317,040|_벌크_298,000|해외구매 | _정품_353,000|벌크 + 쿨러_317,050|_벌크_298,000|해외구매 | _정품_353,000|벌크 + 쿨러_323,290|_벌크_298,000|해외구매",427860,427830,427820,427790,427780,427750,427630,427510,427380,427270,427260,427230,427110,426990,426870,426750,426630,426510,426390,426270,426180,426150,426030,425910,425810,445150,445150,445150,445150,445150,445150
18640319,인텔 코어i5-13세대 13500 (랩터레이크),인텔 코어i5-13세대 13500,랩터레이크,"_정품_331,990|벌크 + 쿨러_317,970|_벌크_289,000|해외구매 | _정품_331,990|벌크 + 쿨러_317,980|_벌크_289,000|해외구매 | _정품_331,990|벌크 + 쿨러_317,990|_벌크_289,000|해외구매 | _정품_346,490|벌크 + 쿨러_323,290|_벌크_289,000|해외구매 | _정품_346,490|벌크 + 쿨러_323,290|_벌크_297,990|해외구매 | _정품_346,490|벌크 + 쿨러_323,290|_벌크_298,000|해외구매 | _정품_346,500|벌크 + 쿨러_323,290|_벌크_297,990|해외구매 | _정품_351,150|벌크 + 쿨러_323,290|_벌크_297,990|해외구매 | _정품_353,000|벌크 + 쿨러_317,040|_벌크_287,000|해외구매 | _정품_353,000|벌크 + 쿨러_317,040|_벌크_298,000|해외구매 | _정품_353,000|벌크 + 쿨러_317,050|_벌크_298,000|해외구매 | _정품_353,000|벌크 + 쿨러_323,290|_벌크_298,000|해외구매",427860,427830,427820,427790,427780,427750,427630,427510,427380,427270,427260,427230,427110,426990,426870,426750,426630,426510,426390,426270,426180,426150,426030,425910,425810,445150,445150,445150,445150,445150,445150
18665261,인텔 코어i5-13세대 13500T (랩터레이크),인텔 코어i5-13세대 13500T,랩터레이크,벌크,382780,382750,382740,382710,387990,387990,387990,387890,387760,387650,387640,387610,387490,387370,387250,387990,387990,387990,387990,387990,387990,387990,387990,0,387990,387990,387990,387990,387990,387990,387990
18169169,인텔 코어i5-13세대 13600K (랩터레이크),인텔 코어i5-13세대 13600K,랩터레이크,"_정품_421,540|벌크 + 쿨러_353,320|_벌크_338,360|해외구매",335880,335850,335840,335810,354720,354720,354720,354620,354720,354630,354600,354480,344860,0,0,0,0,0,0,0,0,0,0,0,0,0,0,0,0,0,0
18039269,인텔 코어i5-13세대 13600K (랩터레이크),인텔 코어i5-13세대 13600K,랩터레이크,"_정품_421,540|벌크 + 쿨러_353,320|_벌크_338,360|해외구매 | _정품_426,540|벌크 + 쿨러_352,790|_벌크_337,830|해외구매 | _정품_431,540|벌크 + 쿨러_334,540|_벌크_324,850|해외구매 | _정품_431,540|벌크 + 쿨러_335,780|_벌크_326,090|해외구매 | _정품_431,540|벌크 + 쿨러_347,550|_벌크_334,640|해외구매 | _정품_431,540|벌크 + 쿨러_352,790|_벌크_337,820|해외구매 | _정품_431,540|벌크 + 쿨러_352,790|_벌크_337,830|해외구매 | _정품_441,530|벌크 + 쿨러_330,070|_벌크_320,380|해외구매 | _정품_441,530|벌크 + 쿨러_330,079|_벌크_320,390|해외구매 | _정품_441,530|벌크 + 쿨러_335,780|_벌크_326,090|해외구매 | _정품_441,530|벌크 + 쿨러_338,370|_벌크_328,680|해외구매 | _정품_441,530|벌크 + 쿨러_345,980|_벌크_333,380|해외구매",335880,335850,335840,335810,354720,354720,354720,354620,354720,354630,354600,354480,344860,344740,345960,357490,374520,374520,377380,380080,363020,374510,374510,374510,374510,374510,374510,374510,374510,374510,374510
18169268,인텔 코어i5-13세대 13600KF (랩터레이크),인텔 코어i5-13세대 13600KF,랩터레이크,"_정품_445,000||_벌크_262,220|해외구매 | _정품_445,000||_벌크_262,280|해외구매 | _정품_445,000||_벌크_262,370|해외구매 | _정품_445,000||_벌크_262,990|해외구매 | _정품_445,000||_벌크_263,190|해외구매 | _정품_445,000||_벌크_263,890|해외구매",278630,308220,308220,308220,308220,314620,317860,317860,317860,317860,317860,317360,303630,0,0,0,0,0,0,0,0,0,0,0,0,0,0,0,0,0,0
18038831,인텔 코어i5-13세대 13600KF (랩터레이크),인텔 코어i5-13세대 13600KF,랩터레이크,"_정품_445,000||_벌크_257,940|해외구매 | _정품_445,000||_벌크_257,948|해외구매 | _정품_445,000||_벌크_262,220|해외구매 | _정품_445,000||_벌크_262,280|해외구매 | _정품_445,000||_벌크_262,370|해외구매 | _정품_445,000||_벌크_262,580|해외구매 | _정품_445,000||_벌크_262,990|해외구매 | _정품_445,000||_벌크_263,080|해외구매 | _정품_445,000||_벌크_263,190|해외구매 | _정품_445,000||_벌크_263,890|해외구매 | _정품_445,000||_벌크_264,070|해외구매",278630,308220,308220,308220,308220,314620,317860,317860,317860,317860,317860,317360,303630,291430,327290,327290,327290,314900,323640,327050,310870,310860,289360,290740,290230,290810,289360,290500,290500,327290,274090
32102876,인텔 코어i5-14세대 14400 (랩터레이크 리프레시),인텔 코어i5-14세대 14400,랩터레이크 리프레시,"_정품_271,160|벌크 + 쿨러_242,870|_벌크_229,270|해외구매 | _정품_271,160|벌크 + 쿨러_243,090|_벌크_229,530|해외구매 | _정품_271,160|벌크 + 쿨러_243,210|_벌크_229,530|해외구매 | _정품_271,170|벌크 + 쿨러_242,860|_벌크_229,260|해외구매 | _정품_274,570|벌크 + 쿨러_242,860|_벌크_229,260|해외구매 | _정품_276,350|벌크 + 쿨러_241,500|_벌크_227,910|해외구매 | _정품_278,160|벌크 + 쿨러_232,150|_벌크_220,200|해외구매 | _정품_278,160|벌크 + 쿨러_232,970|_벌크_220,200|해외구매 | _정품_278,164|벌크 + 쿨러_228,070|_벌크_222,490|해외구매 | _정품_279,790|벌크 + 쿨러_240,510|_벌크_227,900|해외구매 | _정품_281,020|벌크 + 쿨러_239,750|_벌크_227,370|해외구매 | _정품_281,020|벌크 + 쿨러_239,870|_벌크_227,370|해외구매 | _정품_281,020|벌크 + 쿨러_239,900|_벌크_227,380|해외구매 | _정품_281,020|벌크 + 쿨러_239,920|_벌크_227,380|해외구매 | _정품_281,900|벌크 + 쿨러_239,690|_벌크_227,370|해외구매 | _정품_282,790|벌크 + 쿨러_232,970|_벌크_222,490|해외구매 | _정품_283,050|벌크 + 쿨러_232,970|_벌크_220,200|해외구매 | _정품_283,050|벌크 + 쿨러_232,970|_벌크_222,490|해외구매 | _정품_283,780|_벌크 + 쿨러_238,340|벌크_223,540|해외구매 | _정품_283,780|_벌크 + 쿨러_238,350|벌크_224,060|해외구매 | _정품_283,780|벌크 + 쿨러_232,980|_벌크_222,500|해외구매 | _정품_283,780|벌크 + 쿨러_238,870|_벌크_224,570|해외구매 | _정품_283,790|벌크 + 쿨러_239,400|_벌크_226,320|해외구매 | _정품_283,900|벌크 + 쿨러_239,580|_벌크_226,350|해외구매 | _정품_283,980|벌크 + 쿨러_232,460|_벌크_221,980|해외구매 | _정품_283,980|벌크 + 쿨러_232,970|_벌크_222,490|해외구매 | _정품_283,990|벌크 + 쿨러_228,079|_벌크_222,490|해외구매 | _정품_284,550|벌크 + 쿨러_239,610|_벌크_227,370|해외구매",456100,456100,456100,456100,456100,410600,410600,410600,410600,410600,410600,410600,410600,410600,415600,420600,420600,420600,420600,420600,430600,430600,430600,430600,430600,430600,430600,420600,420600,420600,420600
32038580,인텔 코어i5-14세대 14400 (랩터레이크 리프레시),인텔 코어i5-14세대 14400,랩터레이크 리프레시,"_정품_271,160|벌크 + 쿨러_242,870|_벌크_229,270|해외구매 | _정품_271,160|벌크 + 쿨러_243,090|_벌크_229,530|해외구매 | _정품_271,160|벌크 + 쿨러_243,210|_벌크_229,530|해외구매 | _정품_271,170|벌크 + 쿨러_242,860|_벌크_229,260|해외구매 | _정품_274,570|벌크 + 쿨러_242,860|_벌크_229,260|해외구매 | _정품_276,350|벌크 + 쿨러_241,500|_벌크_227,910|해외구매 | _정품_278,160|벌크 + 쿨러_232,150|_벌크_220,200|해외구매 | _정품_278,160|벌크 + 쿨러_232,970|_벌크_220,200|해외구매 | _정품_278,164|벌크 + 쿨러_228,070|_벌크_222,490|해외구매 | _정품_279,790|벌크 + 쿨러_240,510|_벌크_227,900|해외구매 | _정품_281,020|벌크 + 쿨러_239,750|_벌크_227,370|해외구매 | _정품_281,020|벌크 + 쿨러_239,870|_벌크_227,370|해외구매 | _정품_281,020|벌크 + 쿨러_239,900|_벌크_227,380|해외구매 | _정품_281,020|벌크 + 쿨러_239,920|_벌크_227,380|해외구매 | _정품_281,900|벌크 + 쿨러_239,690|_벌크_227,370|해외구매 | _정품_282,790|벌크 + 쿨러_232,970|_벌크_222,490|해외구매 | _정품_283,050|벌크 + 쿨러_232,970|_벌크_220,200|해외구매 | _정품_283,050|벌크 + 쿨러_232,970|_벌크_222,490|해외구매 | _정품_283,780|_벌크 + 쿨러_238,340|벌크_223,540|해외구매 | _정품_283,780|_벌크 + 쿨러_238,350|벌크_224,060|해외구매 | _정품_283,780|벌크 + 쿨러_232,980|_벌크_222,500|해외구매 | _정품_283,780|벌크 + 쿨러_238,870|_벌크_224,570|해외구매 | _정품_283,790|벌크 + 쿨러_239,400|_벌크_226,320|해외구매 | _정품_283,900|벌크 + 쿨러_239,580|_벌크_226,350|해외구매 | _정품_283,980|벌크 + 쿨러_232,460|_벌크_221,980|해외구매 | _정품_283,980|벌크 + 쿨러_232,970|_벌크_222,490|해외구매 | _정품_283,990|벌크 + 쿨러_228,079|_벌크_222,490|해외구매 | _정품_284,550|벌크 + 쿨러_239,610|_벌크_227,370|해외구매",456100,456100,456100,456100,456100,410600,410600,410600,410600,410600,410600,410600,410600,410600,415600,420600,420600,420600,420600,420600,430600,430600,430600,430600,430600,430600,430600,420600,420600,420600,420600
32102786,인텔 코어i5-14세대 14400F (랩터레이크 리프레시),인텔 코어i5-14세대 14400F,랩터레이크 리프레시,"_정품_192,400||_벌크_172,170|해외구매 | _정품_192,423||_벌크_172,170|해외구매 | _정품_195,200||_벌크_176,500|해외구매 | _정품_195,930||_벌크_172,170|해외구매 | _정품_198,980||_벌크_171,650|해외구매 | _정품_198,980||_벌크_172,170|해외구매 | _정품_198,990||_벌크_172,170|해외구매 | _정품_198,990||_벌크_172,180|해외구매 | _정품_198,990||_벌크_172,210|해외구매 | _정품_199,000||_벌크_172,220|해외구매 | _정품_199,000||_벌크_173,240|해외구매 | _정품_199,000||_벌크_173,250|해외구매 | _정품_203,470||_벌크_173,470|해외구매 | _정품_203,500||_벌크_173,450|해외구매 | _정품_203,980||_벌크_173,190|해외구매 | _정품_204,020||_벌크_173,310|해외구매 | _정품_204,120||_벌크_173,430|해외구매 | _정품_204,980||_벌크_173,460|해외구매 | _정품_205,770||_벌크_176,180|해외구매 | _정품_205,770||_벌크_176,460|해외구매 | _정품_205,800||_벌크_173,880|해외구매 | _정품_205,840||_벌크_174,340|해외구매 | _정품_205,890||_벌크_175,850|해외구매 | _정품_205,930||_벌크_176,600|해외구매 | _정품_205,940||_벌크_176,060|해외구매 | _정품_205,990||_벌크_176,610|해외구매 | _정품_206,000||_벌크_175,850|해외구매",309590,309590,309590,309590,317990,317990,317990,317990,317990,317990,317990,318000,318000,318000,322639,339610,339610,320302,323561,323561,323561,326967,326804,326804,326746,326746,326631,326631,324624,324624,324624
32038667,인텔 코어i5-14세대 14400F (랩터레이크 리프레시),인텔 코어i5-14세대 14400F,랩터레이크 리프레시,"_정품_192,400||_벌크_172,170|해외구매 | _정품_192,423||_벌크_172,170|해외구매 | _정품_195,200||_벌크_176,500|해외구매 | _정품_195,930||_벌크_172,170|해외구매 | _정품_198,980||_벌크_171,650|해외구매 | _정품_198,980||_벌크_172,170|해외구매 | _정품_198,990||_벌크_172,170|해외구매 | _정품_198,990||_벌크_172,180|해외구매 | _정품_198,990||_벌크_172,210|해외구매 | _정품_199,000||_벌크_172,220|해외구매 | _정품_199,000||_벌크_173,240|해외구매 | _정품_199,000||_벌크_173,250|해외구매 | _정품_203,470||_벌크_173,470|해외구매 | _정품_203,500||_벌크_173,450|해외구매 | _정품_203,980||_벌크_173,190|해외구매 | _정품_204,020||_벌크_173,310|해외구매 | _정품_204,120||_벌크_173,430|해외구매 | _정품_204,980||_벌크_173,460|해외구매 | _정품_205,770||_벌크_176,180|해외구매 | _정품_205,770||_벌크_176,460|해외구매 | _정품_205,800||_벌크_173,880|해외구매 | _정품_205,840||_벌크_174,340|해외구매 | _정품_205,890||_벌크_175,850|해외구매 | _정품_205,930||_벌크_176,600|해외구매 | _정품_205,940||_벌크_176,060|해외구매 | _정품_205,990||_벌크_176,610|해외구매 | _정품_206,000||_벌크_175,850|해외구매",309590,309590,309590,309590,317990,317990,317990,317990,317990,317990,317990,318000,318000,318000,322639,339610,339610,320302,323561,323561,323561,326967,326804,326804,326746,326746,326631,326631,324624,324624,324624
32102927,인텔 코어i5-14세대 14500 (랩터레이크 리프레시),인텔 코어i5-14세대 14500,랩터레이크 리프레시,"_정품_282,360||_벌크_309,304|해외구매 | _정품_346,590||_벌크_314,430|해외구매 | _정품_346,720||_벌크_305,650|해외구매 | _정품_346,750||_벌크_305,680|해외구매 | _정품_351,990||_벌크_314,430|해외구매 | _정품_352,000||_벌크_314,430|해외구매 | _정품_366,450||_벌크_312,750|해외구매 | _정품_366,450||_벌크_312,780|해외구매 | _정품_366,450||_벌크_312,790|해외구매 | _정품_366,450||_벌크_313,040|해외구매 | _정품_366,450||_벌크_313,780|해외구매 | _정품_366,450||_벌크_313,790|해외구매 | _정품_366,450||_벌크_314,390|해외구매 | _정품_366,450||_벌크_314,400|해외구매 | _정품_366,450||_벌크_314,490|해외구매 | _정품_366,800||_벌크_304,800|해외구매 | _정품_368,380||_벌크_309,300|해외구매 | _정품_369,930||_벌크_312,780|해외구매 | _정품_374,120||_벌크_313,210|해외구매 | _정품_374,960||_벌크_312,810|해외구매 | _정품_374,970||_벌크_304,800|해외구매 | _정품_374,970||_벌크_312,810|해외구매 | _정품_376,480||_벌크_312,810|해외구매 | _정품_376,990||_벌크_312,820|해외구매 | _정품_378,100||_벌크_313,730|해외구매",436000,436000,436000,436000,436000,436000,436000,436000,436000,436000,436000,436000,436000,436000,439400,439400,439400,439400,439400,439400,455990,455990,455990,455990,455990,455990,455990,439400,439400,439400,439400
32038256,인텔 코어i5-14세대 14500 (랩터레이크 리프레시),인텔 코어i5-14세대 14500,랩터레이크 리프레시,"_정품_282,360||_벌크_309,304|해외구매 | _정품_346,590||_벌크_314,430|해외구매 | _정품_346,720||_벌크_305,650|해외구매 | _정품_346,750||_벌크_305,680|해외구매 | _정품_351,990||_벌크_314,430|해외구매 | _정품_352,000||_벌크_314,430|해외구매 | _정품_366,450||_벌크_312,750|해외구매 | _정품_366,450||_벌크_312,780|해외구매 | _정품_366,450||_벌크_312,790|해외구매 | _정품_366,450||_벌크_313,040|해외구매 | _정품_366,450||_벌크_313,780|해외구매 | _정품_366,450||_벌크_313,790|해외구매 | _정품_366,450||_벌크_314,390|해외구매 | _정품_366,450||_벌크_314,400|해외구매 | _정품_366,450||_벌크_314,490|해외구매 | _정품_366,800||_벌크_304,800|해외구매 | _정품_368,380||_벌크_309,300|해외구매 | _정품_369,930||_벌크_312,780|해외구매 | _정품_374,120||_벌크_313,210|해외구매 | _정품_374,960||_벌크_312,810|해외구매 | _정품_374,970||_벌크_304,800|해외구매 | _정품_374,970||_벌크_312,810|해외구매 | _정품_376,480||_벌크_312,810|해외구매 | _정품_376,990||_벌크_312,820|해외구매 | _정품_378,100||_벌크_313,730|해외구매",436000,436000,436000,436000,436000,436000,436000,436000,436000,436000,436000,436000,436000,436000,439400,439400,439400,439400,439400,439400,455990,455990,455990,455990,455990,455990,455990,439400,439400,439400,439400
32463899,인텔 코어i5-14세대 14500T (랩터레이크 리프레시),인텔 코어i5-14세대 14500T,랩터레이크 리프레시,벌크,392000,391970,391850,391730,397090,397090,397090,396990,396860,396750,396740,396710,396590,396470,396350,396230,396110,395990,395870,395750,395630,395510,395390,395270,395150,395030,394910,394810,394690,394570,394450
67623731,인텔 코어i5-14세대 14600 (랩터레이크 리프레시),인텔 코어i5-14세대 14600,랩터레이크 리프레시,벌크,370010,369980,369970,369940,373010,373010,373010,372910,372780,372670,372660,372630,372510,372390,372270,375000,375000,375000,375000,375000,375000,375000,375000,375000,375000,375000,375000,375000,375000,375000,375000
28884308,인텔 코어i5-14세대 14600K (랩터레이크 리프레시),인텔 코어i5-14세대 14600K,랩터레이크 리프레시,"_정품_341,349|_벌크_305,890|해외구매 | _정품_341,349|_벌크_309,490|해외구매 | _정품_343,389|_벌크_305,941|해외구매 | _정품_346,280|_벌크_330,200|해외구매 | _정품_346,370|_벌크_330,200|해외구매 | _정품_346,390|_벌크_312,910|해외구매 | _정품_346,480|_벌크_309,480|해외구매 | _정품_346,490|_벌크_309,490|해외구매 | _정품_346,500|_벌크_309,490|해외구매 | _정품_346,500|_벌크_329,280|해외구매 | _정품_346,540|_벌크_330,660|해외구매 | _정품_346,570|_벌크_330,760|해외구매 | _정품_347,500|_벌크_313,950|해외구매 | _정품_350,100|_벌크_317,830|해외구매 | _정품_350,100|_벌크_319,410|해외구매 | _정품_350,500|_벌크_315,210|해외구매 | _정품_350,500|_벌크_316,770|해외구매 | _정품_350,500|_벌크_316,790|해외구매 | _정품_350,500|_벌크_317,820|해외구매 | _정품_353,000|_벌크_330,200|해외구매 | _정품_353,100|_벌크_328,650|해외구매 | _정품_353,100|_벌크_329,070|해외구매 | _정품_355,920|_벌크_323,590|해외구매 | _정품_356,040|_벌크_325,470|해외구매 | _정품_356,160|_벌크_325,470|해외구매 | _정품_356,190|_벌크_325,470|해외구매 | _정품_356,400|_벌크_322,020|해외구매 | _정품_360,910|_벌크_325,500|해외구매 | _정품_360,990|_벌크_326,980|해외구매",474710,474710,494490,479660,479665,454358,454358,454358,454358,440810,440810,440810,440810,450090,452894,476730,474170,450462,450462,450462,440620,445258,445258,445258,445776,445776,445776,445776,436925,436925,436925
28799654,인텔 코어i5-14세대 14600K (랩터레이크 리프레시),인텔 코어i5-14세대 14600K,랩터레이크 리프레시,"_정품_341,349|_벌크_305,890|해외구매 | _정품_341,349|_벌크_309,490|해외구매 | _정품_343,389|_벌크_305,941|해외구매 | _정품_346,280|_벌크_330,200|해외구매 | _정품_346,370|_벌크_330,200|해외구매 | _정품_346,390|_벌크_312,910|해외구매 | _정품_346,480|_벌크_309,480|해외구매 | _정품_346,490|_벌크_309,490|해외구매 | _정품_346,500|_벌크_309,490|해외구매 | _정품_346,500|_벌크_329,280|해외구매 | _정품_346,540|_벌크_330,660|해외구매 | _정품_346,570|_벌크_330,760|해외구매 | _정품_347,500|_벌크_313,950|해외구매 | _정품_350,100|_벌크_317,830|해외구매 | _정품_350,100|_벌크_319,410|해외구매 | _정품_350,500|_벌크_315,210|해외구매 | _정품_350,500|_벌크_316,770|해외구매 | _정품_350,500|_벌크_316,790|해외구매 | _정품_350,500|_벌크_317,820|해외구매 | _정품_353,000|_벌크_330,200|해외구매 | _정품_353,100|_벌크_328,650|해외구매 | _정품_353,100|_벌크_329,070|해외구매 | _정품_355,920|_벌크_323,590|해외구매 | _정품_356,040|_벌크_325,470|해외구매 | _정품_356,160|_벌크_325,470|해외구매 | _정품_356,190|_벌크_325,470|해외구매 | _정품_356,400|_벌크_322,020|해외구매 | _정품_360,910|_벌크_325,500|해외구매 | _정품_360,990|_벌크_326,980|해외구매",474710,474710,494490,479660,479665,454358,454358,454358,454358,440810,440810,440810,440810,450090,452894,476730,474170,450462,450462,450462,440620,445258,445258,445258,445776,445776,445776,445776,436925,436925,436925
28884227,인텔 코어i5-14세대 14600KF (랩터레이크 리프레시),인텔 코어i5-14세대 14600KF,랩터레이크 리프레시,"_정품_288,133|_벌크_247,690|해외구매 | _정품_288,133|_벌크_252,200|해외구매 | _정품_294,890|_벌크_253,720|해외구매 | _정품_294,900|_벌크_252,200|해외구매 | _정품_294,919|_벌크_247,774|해외구매 | _정품_297,870|_벌크_253,720|해외구매 | _정품_297,880|_벌크_253,720|해외구매 | _정품_300,100|_벌크_253,730|해외구매 | _정품_300,100|_벌크_254,770|해외구매 | _정품_300,110|_벌크_255,800|해외구매 | _정품_302,770|_벌크_256,410|해외구매 | _정품_302,780|_벌크_256,410|해외구매 | _정품_303,440|_벌크_259,280|해외구매 | _정품_303,440|_벌크_259,400|해외구매 | _정품_303,540|_벌크_256,420|해외구매 | _정품_304,650|_벌크_257,460|해외구매 | _정품_304,990|_벌크_259,020|해외구매 | _정품_305,260|_벌크_259,140|해외구매 | _정품_306,520|_벌크_259,020|해외구매 | _정품_306,630|_벌크_259,020|해외구매 | _정품_306,660|_벌크_259,020|해외구매 | _정품_306,700|_벌크_258,030|해외구매 | _정품_306,800|_벌크_259,470|해외구매 | _정품_306,840|_벌크_259,130|해외구매 | _정품_306,910|_벌크_259,480|해외구매 | _정품_306,930|_벌크_259,240|해외구매 | _정품_306,990|_벌크_259,040|해외구매 | _정품_306,990|_벌크_260,240|해외구매 | _정품_306,990|_벌크_260,690|해외구매",393690,393660,393650,393620,403990,403990,403990,403890,403760,403650,403640,403610,403490,403370,403250,403990,403990,403990,403990,403990,403990,403990,403990,403990,403990,403990,403990,403990,403990,403990,403990
28799732,인텔 코어i5-14세대 14600KF (랩터레이크 리프레시),인텔 코어i5-14세대 14600KF,랩터레이크 리프레시,"_정품_288,133|_벌크_247,690|해외구매 | _정품_288,133|_벌크_252,200|해외구매 | _정품_294,890|_벌크_253,720|해외구매 | _정품_294,900|_벌크_252,200|해외구매 | _정품_294,919|_벌크_247,774|해외구매 | _정품_297,870|_벌크_253,720|해외구매 | _정품_297,880|_벌크_253,720|해외구매 | _정품_300,100|_벌크_253,730|해외구매 | _정품_300,100|_벌크_254,770|해외구매 | _정품_300,110|_벌크_255,800|해외구매 | _정품_302,770|_벌크_256,410|해외구매 | _정품_302,780|_벌크_256,410|해외구매 | _정품_303,440|_벌크_259,280|해외구매 | _정품_303,440|_벌크_259,400|해외구매 | _정품_303,540|_벌크_256,420|해외구매 | _정품_304,650|_벌크_257,460|해외구매 | _정품_304,990|_벌크_259,020|해외구매 | _정품_305,260|_벌크_259,140|해외구매 | _정품_306,520|_벌크_259,020|해외구매 | _정품_306,630|_벌크_259,020|해외구매 | _정품_306,660|_벌크_259,020|해외구매 | _정품_306,700|_벌크_258,030|해외구매 | _정품_306,800|_벌크_259,470|해외구매 | _정품_306,840|_벌크_259,130|해외구매 | _정품_306,910|_벌크_259,480|해외구매 | _정품_306,930|_벌크_259,240|해외구매 | _정품_306,990|_벌크_259,040|해외구매 | _정품_306,990|_벌크_260,240|해외구매 | _정품_306,990|_벌크_260,690|해외구매",393690,393660,393650,393620,403990,403990,403990,403890,403760,403650,403640,403610,403490,403370,403250,403990,403990,403990,403990,403990,403990,403990,403990,403990,403990,403990,403990,403990,403990,403990,403990
4147079,인텔 코어i5-1세대 650 (클락데일),인텔 코어i5-1세대 650,클락데일,중고,0,0,0,0,0,0,0,0,0,0,0,0,0,0,0,0,0,0,0,0,0,4140,4090,4090,4090,4090,4090,4090,4090,4090,4090
4144546,인텔 코어i5-1세대 750 (린필드),인텔 코어i5-1세대 750,린필드,중고,3000,3000,0,0,3000,3090,3090,3090,3090,3070,3000,2970,2970,2970,3090,0,0,0,0,0,0,0,0,0,3090,3090,3090,3090,3090,3090,3090
1156701,인텔 코어i5-1세대 760 (린필드),인텔 코어i5-1세대 760,린필드,"벌크 + 쿨러_6,850|_벌크_3,080|_중고 | 벌크 + 쿨러_6,860|_벌크_3,080|_중고 | 벌크 + 쿨러_6,870|_벌크_3,080|_중고 | 벌크 + 쿨러_6,890|_벌크_3,080|_중고 | 벌크 + 쿨러_6,920|_벌크_3,080|_중고 | 벌크 + 쿨러_6,960|_벌크_3,080|_중고 | 벌크 + 쿨러_6,970|_벌크_3,080|_중고 | 벌크 + 쿨러_6,980|_벌크_3,080|_중고 | 벌크 + 쿨러_6,990|_벌크_3,080|_중고",2500,2500,2500,2500,2500,2500,2500,2500,2500,2500,2500,2500,2500,2500,3250,3250,3250,3250,3250,3250,3100,3100,3100,3100,3100,3100,3100,3100,3100,3100,3100
17575589,인텔 코어i5-2세대 2300 (샌디브릿지),인텔 코어i5-2세대 2300,샌디브릿지,중고,9950,9920,9910,0,0,0,0,0,0,0,0,0,0,0,0,0,0,0,0,0,0,9990,9990,8470,8470,8470,8470,8470,0,0,0
4504388,인텔 코어i5-2세대 2400 (샌디브릿지),인텔 코어i5-2세대 2400,샌디브릿지,중고,8000,8000,8000,8000,8000,8000,8000,8000,8000,8990,8990,8990,8990,8990,8990,8990,8990,8990,8990,8990,8000,8000,8000,8000,8000,8000,8000,8000,8000,8000,8000
1290175,인텔 코어i5-2세대 2500 (샌디브릿지),인텔 코어i5-2세대 2500,샌디브릿지,"_벌크_10,570|_중고 | _벌크_11,960|_중고 | _벌크_12,490|_중고 | _벌크_12,500|_중고 | _벌크_12,780|_중고 | _벌크_13,100|_중고",9200,9200,9200,9200,9200,9200,9200,9200,9200,8500,8500,8500,8500,8500,8500,8500,8500,8500,8500,8500,8500,8500,8500,8500,8500,8500,8500,8500,8500,8500,8500
4144246,인텔 코어i5-2세대 2500K (샌디브릿지),인텔 코어i5-2세대 2500K,샌디브릿지,중고,11490,11460,11450,11420,11490,11490,11490,11390,11260,11150,11140,11110,11490,11460,11340,11490,11490,11490,11490,11490,11490,11490,12490,12490,12490,12490,12490,11500,11500,11500,11500
1783749,인텔 코어i5-3세대 3330 (아이비브릿지),인텔 코어i5-3세대 3330,아이비브릿지,중고,12490,12490,12490,12490,12500,12500,12500,12500,12490,12490,12490,12490,12490,12490,12780,12780,12780,12780,12780,12780,13110,13080,13010,13010,13010,13010,13010,12780,12780,12780,12780
13395557,인텔 코어i5-3세대 3450 (아이비브릿지),인텔 코어i5-3세대 3450,아이비브릿지,중고,12470,12440,12430,12430,12490,12490,12490,12490,12460,12440,12490,12460,0,0,12500,12500,12500,12500,12500,12500,12500,12500,12500,12500,12500,12500,12500,12500,12500,12500,12500
1725177,인텔 코어i5-3세대 3470 (아이비브릿지),인텔 코어i5-3세대 3470,아이비브릿지,중고,11960,11960,11960,11960,11960,11960,10020,11960,11960,11960,11960,11960,11960,11960,11960,11960,11960,11960,10020,10020,10900,12990,12990,12990,12990,12990,12990,11960,11960,11960,11960
4274836,인텔 코어i5-3세대 3550 (아이비브릿지),인텔 코어i5-3세대 3550,아이비브릿지,중고,11860,11860,11860,11860,11860,11860,11860,11860,11860,11860,11860,11860,11860,11860,11860,11860,11860,11860,11860,11860,12900,12900,13990,13990,13990,12900,12900,11860,11860,11860,11860
1720040,인텔 코어i5-3세대 3570 (아이비브릿지),인텔 코어i5-3세대 3570,아이비브릿지,"_벌크 + 쿨러_17,330|벌크_13,500|_중고 | _벌크 + 쿨러_17,440|벌크_13,500|_중고 | _벌크 + 쿨러_17,470|벌크_13,500|_중고 | _벌크 + 쿨러_17,480|벌크_13,500|_중고 | _벌크 + 쿨러_17,510|벌크_13,500|_중고 | _벌크 + 쿨러_17,540|벌크_13,500|_중고 | _벌크 + 쿨러_17,550|벌크_13,500|_중고 | _벌크 + 쿨러_19,340|벌크_15,290|_중고 | _벌크 + 쿨러_19,990|벌크_15,800|_중고 | 벌크 + 쿨러_17,440|_벌크_13,500|_중고 | 벌크 + 쿨러_17,470|_벌크_13,500|_중고 | 벌크 + 쿨러_17,480|_벌크_13,500|_중고 | 벌크 + 쿨러_17,510|_벌크_13,500|_중고 | 벌크 + 쿨러_19,340|_벌크_15,290|_중고",11960,11960,11960,11960,10940,10940,10940,10940,10940,10940,11960,11960,11960,10940,11960,11960,11960,11960,11960,11960,12990,12990,12990,12990,12990,12990,12990,11960,11960,11960,11960
1678805,인텔 코어i5-3세대 3570K (아이비브릿지),인텔 코어i5-3세대 3570K,아이비브릿지,중고,18430,18330,18300,18210,18450,18440,18440,18440,18410,18380,18370,18340,18220,18450,18440,18440,18440,18440,18440,18440,18490,18490,18490,18490,18490,18490,18490,18440,18440,18440,18440
6112513,인텔 코어i5-4세대 4430 (하스웰),인텔 코어i5-4세대 4430,하스웰,중고,18870,18870,18870,18870,18870,18870,18870,18870,18870,18870,18870,18870,18870,18870,18870,18870,18870,18870,18870,18870,20950,20950,20950,20950,20950,20950,20960,18870,18870,18870,18870
6112514,인텔 코어i5-4세대 4440 (하스웰),인텔 코어i5-4세대 4440,하스웰,중고,17550,17940,17940,17940,17940,17940,17940,17940,17940,17940,17940,17940,17940,17940,17940,17940,17940,17940,17940,17940,19490,19490,0,19490,19490,19490,19490,17940,17940,17940,17940
2691725,인텔 코어i5-4세대 4460 (하스웰 리프레시),인텔 코어i5-4세대 4460,하스웰 리프레시,"_벌크_19,120|_중고 | _벌크_19,240|_중고 | _벌크_19,270|_중고 | _벌크_19,280|_중고 | _벌크_19,310|_중고 | _벌크_19,320|_중고 | _벌크_19,340|_중고 | _벌크_19,350|_중고 | _벌크_19,790|_중고 | _벌크_21,150|_중고 | _벌크_22,200|_중고",17010,17380,17380,17380,17380,17380,17380,17380,19350,19350,19350,19350,19350,19320,19450,19450,19450,19450,17380,17380,18900,18900,18900,18900,18900,18900,18900,17380,17380,17380,17380
2081215,인텔 코어i5-4세대 4570 (하스웰),인텔 코어i5-4세대 4570,하스웰,"_벌크 + 쿨러_24,880|_중고 | _벌크 + 쿨러_24,930|_중고 | _벌크 + 쿨러_24,970|_중고 | _벌크 + 쿨러_25,050|_중고 | _벌크 + 쿨러_25,080|_중고 | _벌크 + 쿨러_25,090|_중고 | _벌크 + 쿨러_25,120|_중고 | _벌크 + 쿨러_25,130|_중고 | _벌크 + 쿨러_25,160|_중고 | _벌크 + 쿨러_25,180|_중고 | _벌크 + 쿨러_25,190|_중고 | _벌크 + 쿨러_25,640|_중고 | _벌크 + 쿨러_26,440|_중고 | _벌크 + 쿨러_26,500|_중고 | _벌크 + 쿨러_27,490|_중고 | _벌크 + 쿨러_28,270|_중고 | _벌크 + 쿨러_28,280|_중고 | _벌크 + 쿨러_28,360|_중고",17010,17380,17380,17380,17380,17380,17380,17380,17380,17380,20240,20240,20240,20240,20240,20240,20240,20240,20240,17380,18900,18900,18900,18900,18900,18900,18900,17380,17380,17380,17380
2783216,인텔 코어i5-4세대 4590 (하스웰 리프레시),인텔 코어i5-4세대 4590,하스웰 리프레시,"_벌크 + 쿨러_24,880|벌크_21,150|_중고 | _벌크 + 쿨러_24,970|벌크_20,920|_중고 | _벌크 + 쿨러_25,010|벌크_20,880|_중고 | _벌크 + 쿨러_25,040|벌크_21,000|_중고 | _벌크 + 쿨러_25,050|벌크_21,030|_중고 | _벌크 + 쿨러_25,090|벌크_21,040|_중고 | _벌크 + 쿨러_25,120|벌크_21,070|_중고 | _벌크 + 쿨러_25,130|벌크_21,080|_중고 | _벌크 + 쿨러_25,160|벌크_21,110|_중고 | _벌크 + 쿨러_25,170|벌크_21,130|_중고 | _벌크 + 쿨러_25,190|벌크_21,140|_중고 | _벌크 + 쿨러_25,640|벌크_21,590|_중고 | _벌크 + 쿨러_26,440|벌크_22,310|_중고 | _벌크 + 쿨러_26,500|벌크_22,310|_중고 | _벌크 + 쿨러_27,490|벌크_23,390|_중고 | _벌크 + 쿨러_28,300|벌크_23,390|_중고 | _벌크 + 쿨러_28,360|벌크_23,390|_중고 | _벌크 + 쿨러_28,370|벌크_23,390|_중고",18450,18450,18450,18300,18300,16400,16400,18300,18300,18300,18300,18300,18300,18300,18300,18300,18300,20700,20700,20700,21630,21600,22390,22490,22490,22490,22490,20700,20700,20700,20700
2081212,인텔 코어i5-4세대 4670 (하스웰),인텔 코어i5-4세대 4670,하스웰,"_벌크 + 쿨러_25,760|벌크_21,410|_중고 | _벌크 + 쿨러_25,780|벌크_21,440|_중고 | 벌크 + 쿨러_25,760|_벌크_21,450|_중고 | 벌크 + 쿨러_25,790|_벌크_21,450|_중고 | 벌크 + 쿨러_25,820|_벌크_21,570|_중고 | 벌크 + 쿨러_25,870|_벌크_21,570|_중고 | 벌크 + 쿨러_25,990|_벌크_21,690|_중고 | 벌크 + 쿨러_26,020|_벌크_21,720|_중고 | 벌크 + 쿨러_26,030|_벌크_21,730|_중고 | 벌크 + 쿨러_26,060|_벌크_21,840|_중고 | 벌크 + 쿨러_26,090|_벌크_21,590|_중고 | 벌크 + 쿨러_26,090|_벌크_21,970|_중고 | 벌크 + 쿨러_26,090|_벌크_22,070|_중고 | 벌크 + 쿨러_26,100|_벌크_22,070|_중고 | 벌크 + 쿨러_26,900|_벌크_22,310|_중고 | 벌크 + 쿨러_26,960|_벌크_22,310|_중고 | 벌크 + 쿨러_27,880|_벌크_24,180|_중고 | 벌크 + 쿨러_27,900|_벌크_24,180|_중고 | 벌크 + 쿨러_27,990|_벌크_23,390|_중고 | 벌크 + 쿨러_28,110|_벌크_24,170|_중고 | 벌크 + 쿨러_28,400|_벌크_24,180|_중고",20700,20700,20700,18300,18300,18300,20700,20700,20700,20700,20700,20700,20700,20700,20700,20700,21560,21470,21590,21590,21850,21850,22980,23240,23130,23020,23490,21620,21620,21620,21620
7914022,인텔 코어i5-4세대 4670 + H81 패키지,인텔 코어i5-4세대 4670 + H81 패키지,0,중고,43700,43700,43700,43700,43700,43700,43700,43700,43700,43700,43700,43700,43700,43700,43700,43700,43700,43700,43700,43700,44650,44650,44650,44650,44650,44650,44650,43700,43700,43700,43700
6112593,인텔 코어i5-4세대 4670K (하스웰),인텔 코어i5-4세대 4670K,하스웰,중고,26980,26880,26850,26730,26990,26990,26990,26990,26960,26930,26920,26890,26770,26660,27000,27000,27000,27000,27000,27000,27810,27810,27810,27810,27920,27910,27910,27000,27000,27000,27000
2691212,인텔 코어i5-4세대 4690 (하스웰 리프레시),인텔 코어i5-4세대 4690,하스웰 리프레시,"_벌크 + 쿨러_27,550|벌크_25,800|_중고 | _벌크 + 쿨러_27,660|벌크_25,800|_중고 | _벌크 + 쿨러_27,790|벌크_25,800|_중고 | _벌크 + 쿨러_27,820|벌크_25,800|_중고 | _벌크 + 쿨러_27,830|벌크_25,800|_중고 | _벌크 + 쿨러_27,860|벌크_25,800|_중고 | _벌크 + 쿨러_27,890|벌크_25,800|_중고 | _벌크 + 쿨러_27,900|벌크_25,800|_중고 | _벌크 + 쿨러_27,930|벌크_25,800|_중고 | _벌크 + 쿨러_27,960|벌크_25,800|_중고 | _벌크 + 쿨러_27,970|벌크_25,800|_중고 | _벌크 + 쿨러_27,990|벌크_25,800|_중고 | _벌크 + 쿨러_28,000|벌크_25,800|_중고 | _벌크 + 쿨러_28,730|벌크_25,800|_중고 | _벌크 + 쿨러_28,820|벌크_25,800|_중고 | 벌크 + 쿨러_28,730|_벌크_25,800|_중고 | 벌크 + 쿨러_28,820|_벌크_25,800|_중고",22830,22710,22700,22670,22890,22890,22890,22890,22860,22830,22820,22790,22670,22890,22890,23390,23390,23390,23390,23390,23490,23490,23490,23490,23490,23490,23490,23390,23390,23390,23390
7914157,인텔 코어i5-4세대 4690 + H81 패키지,인텔 코어i5-4세대 4690 + H81 패키지,0,중고,45000,45000,45000,45000,45000,45000,45000,45000,45000,45000,45000,45000,45000,45000,45000,45000,45000,45000,45000,45000,47000,47000,47000,47000,47000,47000,47000,45000,45000,45000,45000
4143967,인텔 코어i5-4세대 4690K (데빌스캐년),인텔 코어i5-4세대 4690K,데빌스캐년,중고,0,39560,39560,39560,39560,39560,39560,39560,39560,39560,39560,39560,39560,39560,39560,39560,39560,39560,39560,39560,37000,37000,37000,37000,37000,37000,0,0,0,0,37000
3441763,인텔 코어i5-6세대 6400 (스카이레이크),인텔 코어i5-6세대 6400,스카이레이크,"_벌크 + 쿨러_44,770|_벌크_39,490|중고 | _벌크 + 쿨러_44,890|_벌크_39,610|중고 | _벌크 + 쿨러_44,920|_벌크_39,640|중고 | _벌크 + 쿨러_44,930|_벌크_39,650|중고 | _벌크 + 쿨러_44,960|_벌크_39,760|중고 | _벌크 + 쿨러_44,990|_벌크_39,890|중고 | 벌크 + 쿨러_44,650|_벌크_39,370|_중고 | 벌크 + 쿨러_44,830|_벌크_39,960|_중고 | 벌크 + 쿨러_44,860|_벌크_39,990|_중고 | 벌크 + 쿨러_44,870|_벌크_37,990|_중고 | 벌크 + 쿨러_44,980|_벌크_37,990|_중고 | 벌크 + 쿨러_44,990|_벌크_34,000|_중고 | 벌크 + 쿨러_44,990|_벌크_35,870|_중고 | 벌크 + 쿨러_44,990|_벌크_39,590|_중고 | 벌크 + 쿨러_44,990|_벌크_39,990|_중고 | 벌크 + 쿨러_45,990|_벌크_34,000|_중고 | 벌크 + 쿨러_45,990|_벌크_36,680|_중고 | 벌크 + 쿨러_45,990|_벌크_36,800|_중고 | 벌크 + 쿨러_45,990|_벌크_36,920|_중고 | 벌크 + 쿨러_45,990|_벌크_36,950|_중고",35880,35880,35880,35880,35880,35880,35880,35880,35880,35880,35880,35880,35880,35880,35880,35880,35880,35880,35880,35880,35900,35900,35900,35900,35900,35900,35900,33020,33020,33020,33020
3412420,인텔 코어i5-6세대 6500 (스카이레이크),인텔 코어i5-6세대 6500,스카이레이크,"_벌크 + 쿨러_45,440|벌크_39,850|_중고 | _벌크 + 쿨러_46,960|벌크_39,850|_중고 | 벌크 + 쿨러_44,920|_벌크_39,780|해외구매_381,060|_중고 | 벌크 + 쿨러_44,950|_벌크_16,330|해외구매_381,060|_중고 | 벌크 + 쿨러_44,960|_벌크_38,990|해외구매_381,060|_중고 | 벌크 + 쿨러_44,990|_벌크_38,990|해외구매_381,060|_중고 | 벌크 + 쿨러_45,100|_벌크_39,540|_중고 | 벌크 + 쿨러_45,220|_벌크_39,630|_중고 | 벌크 + 쿨러_45,340|_벌크_39,750|_중고 | 벌크 + 쿨러_45,370|_벌크_39,780|_중고 | 벌크 + 쿨러_45,380|_벌크_39,790|_중고 | 벌크 + 쿨러_45,410|_벌크_39,820|_중고 | 벌크 + 쿨러_45,440|_벌크_39,850|_중고 | 벌크 + 쿨러_45,440|_벌크_39,850|해외구매_381,060|_중고",34960,36800,36800,36800,36800,34960,34960,34960,34960,34960,34960,34960,34860,34860,34860,34860,34860,34860,34860,34860,37900,37900,37900,37900,37900,37900,37900,34860,34860,34860,34860
7914325,인텔 코어i5-6세대 6500 + H110 패키지,인텔 코어i5-6세대 6500 + H110 패키지,0,중고,67500,67500,67500,67500,67500,67500,67500,67500,67500,67500,67500,67500,67500,67500,67500,67500,67500,67500,67500,67500,74990,74990,74990,74990,74990,74990,74990,67500,67500,67500,67500
3412423,인텔 코어i5-6세대 6600 (스카이레이크),인텔 코어i5-6세대 6600,스카이레이크,"_벌크 + 쿨러_46,310|벌크_40,490|_중고 | _벌크 + 쿨러_46,340|벌크_40,000|_중고 | _벌크 + 쿨러_46,340|벌크_40,950|_중고 | _벌크 + 쿨러_47,350|벌크_43,240|_중고 | _벌크 + 쿨러_47,690|_벌크_43,230|중고 | _벌크 + 쿨러_47,690|벌크_43,210|_중고 | _벌크 + 쿨러_47,690|벌크_43,230|_중고 | _벌크 + 쿨러_49,280|_벌크_43,700|중고 | 벌크 + 쿨러_46,180|_벌크_39,990|_중고 | 벌크 + 쿨러_46,210|_벌크_39,990|_중고 | 벌크 + 쿨러_46,220|_벌크_39,990|_중고 | 벌크 + 쿨러_46,330|_벌크_39,990|_중고 | 벌크 + 쿨러_46,340|_벌크_40,000|_중고 | 벌크 + 쿨러_47,470|_벌크_41,760|_중고 | 벌크 + 쿨러_47,590|_벌크_41,850|_중고 | 벌크 + 쿨러_47,620|_벌크_41,880|_중고 | 벌크 + 쿨러_47,630|_벌크_41,890|_중고 | 벌크 + 쿨러_49,280|_벌크_43,700|_중고",36700,36700,36700,36700,36700,36700,36700,36700,36700,36700,38540,39100,39100,39100,39100,39100,41900,41890,41890,41890,41890,41890,41890,41890,41890,41890,41890,41890,41890,41890,41890
7914409,인텔 코어i5-6세대 6600 + H110 패키지,인텔 코어i5-6세대 6600 + H110 패키지,0,중고,69750,69750,69750,69750,69750,69750,69750,69750,69750,69750,69750,69750,69750,69750,69750,69750,69750,69750,69750,69750,72850,72850,72850,72850,72850,72850,72850,69750,69750,69750,69750
3493041,인텔 코어i5-6세대 6600K (스카이레이크),인텔 코어i5-6세대 6600K,스카이레이크,"_벌크 + 쿨러_48,290|_벌크_43,870|중고 | _벌크 + 쿨러_48,410|_벌크_43,990|중고 | _벌크 + 쿨러_48,440|_벌크_44,020|중고 | _벌크 + 쿨러_48,590|_벌크_44,150|중고 | _벌크 + 쿨러_49,230|_벌크_45,050|중고 | _벌크 + 쿨러_49,350|_벌크_45,080|중고 | _벌크 + 쿨러_49,380|_벌크_43,540|중고 | _벌크 + 쿨러_49,460|_벌크_44,840|중고 | _벌크 + 쿨러_49,480|_벌크_43,540|중고 | _벌크 + 쿨러_49,490|_벌크_44,970|중고 | _벌크 + 쿨러_49,490|_벌크_45,070|중고 | 벌크 + 쿨러_48,050|_벌크_43,630|_중고 | 벌크 + 쿨러_48,170|_벌크_43,750|_중고 | 벌크 + 쿨러_48,590|_벌크_43,510|_중고 | 벌크 + 쿨러_48,590|_벌크_44,150|_중고 | 벌크 + 쿨러_50,210|_벌크_44,630|_중고",45000,45000,45000,45000,45000,45000,45000,45000,45000,44160,44160,44160,44160,44160,44160,44160,44160,44160,44160,44160,45990,45990,45990,45990,45990,45990,45990,44160,44160,44160,44160
4881012,인텔 코어i5-7세대 7400 (카비레이크),인텔 코어i5-7세대 7400,카비레이크,"_벌크 + 쿨러_51,990|벌크_55,020|_중고 | _벌크 + 쿨러_52,030|벌크_55,060|_중고 | _벌크 + 쿨러_52,160|벌크_55,490|_중고 | _벌크 + 쿨러_52,190|벌크_55,520|_중고 | _벌크 + 쿨러_55,640|벌크_55,180|_중고 | _벌크 + 쿨러_55,760|벌크_55,300|_중고 | _벌크 + 쿨러_55,880|벌크_55,420|_중고 | _벌크 + 쿨러_55,910|벌크_55,450|_중고 | _벌크 + 쿨러_55,920|벌크_55,460|_중고 | _벌크 + 쿨러_56,240|벌크_55,520|_중고 | _벌크 + 쿨러_58,120|벌크_57,290|_중고 | 벌크 + 쿨러_52,020|_벌크_55,050|_중고 | 벌크 + 쿨러_52,150|_벌크_55,090|_중고",44430,44430,44430,44430,44430,44430,44430,44430,44430,44430,44430,44430,44430,44430,44430,44430,44430,44430,44430,44430,48000,48000,48000,48000,48000,48000,48000,44430,44430,44430,44430
4866526,인텔 코어i5-7세대 7500 (카비레이크),인텔 코어i5-7세대 7500,카비레이크,"_벌크 + 쿨러_57,470|벌크_51,760|_중고 | _벌크 + 쿨러_57,500|벌크_51,790|_중고 | _벌크 + 쿨러_57,510|벌크_51,800|_중고 | _벌크 + 쿨러_57,540|벌크_51,920|_중고 | _벌크 + 쿨러_57,590|벌크_52,190|_중고 | _벌크 + 쿨러_62,670|_벌크_54,990|중고 | _벌크 + 쿨러_62,990|벌크_55,000|_중고 | _벌크 + 쿨러_62,990|벌크_57,590|_중고 | _벌크 + 쿨러_63,990|벌크_55,000|_중고 | 벌크 + 쿨러_57,560|_벌크_52,160|_중고 | 벌크 + 쿨러_57,590|_벌크_52,190|_중고 | 벌크 + 쿨러_62,790|_벌크_54,990|_중고 | 벌크 + 쿨러_62,910|_벌크_54,990|_중고 | 벌크 + 쿨러_62,940|_벌크_54,990|_중고 | 벌크 + 쿨러_62,950|_벌크_55,000|_중고 | 벌크 + 쿨러_62,990|_벌크_55,000|_중고 | 벌크 + 쿨러_63,990|_벌크_55,000|_중고",48600,49500,49500,49500,49500,49500,49500,49500,49500,49680,49680,49680,47840,47840,47840,47840,47840,47840,47840,47840,52000,52000,52000,52000,52000,52000,52000,47840,47840,47840,47840
4820379,인텔 코어i5-7세대 7600 (카비레이크),인텔 코어i5-7세대 7600,카비레이크,"_벌크_60,750|해외구매_66,870|_중고 | _벌크_60,750|해외구매_68,350|_중고 | _벌크_62,520|해외구매_74,300|_중고",56250,56250,56250,56250,56250,56250,56250,56250,56250,56250,56250,56250,56250,56250,56250,60000,60000,60000,60000,60000,55130,55130,56560,56440,56320,56200,56080,53340,53340,53340,53340
7812139,인텔 코어i5-7세대 7600K (카비레이크),인텔 코어i5-7세대 7600K,카비레이크,중고,0,78300,78300,78300,78300,78300,78300,78300,78300,78300,60000,60000,60000,78300,0,78300,78300,78300,78300,78300,82330,82330,82330,82340,82340,82340,82340,82340,82340,82340,82340
5530356,인텔 코어i5-8세대 8400 (커피레이크),인텔 코어i5-8세대 8400,커피레이크,"_정품_343,200|_벌크 + 쿨러_66,590|벌크_62,560|중고 | _정품_343,200|_벌크 + 쿨러_68,810|벌크_67,990|중고 | _정품_343,200|벌크 + 쿨러_66,250|벌크_62,560|_중고 | _정품_343,200|벌크 + 쿨러_66,310|_벌크_62,560|중고 | _정품_343,200|벌크 + 쿨러_66,370|벌크_62,560|_중고 | _정품_343,200|벌크 + 쿨러_66,430|_벌크_62,560|중고 | _정품_343,200|벌크 + 쿨러_66,460|벌크_62,560|_중고 | _정품_343,200|벌크 + 쿨러_66,490|벌크_62,560|_중고 | _정품_343,200|벌크 + 쿨러_66,520|벌크_62,560|_중고 | _정품_343,200|벌크 + 쿨러_66,530|벌크_62,560|_중고 | _정품_343,200|벌크 + 쿨러_66,560|벌크_61,200|_중고 | _정품_343,200|벌크 + 쿨러_66,560|벌크_62,560|_중고 | _정품_343,200|벌크 + 쿨러_66,590|_벌크_62,560|중고 | _정품_343,200|벌크 + 쿨러_66,590|벌크_62,560|_중고 | _정품_343,200|벌크 + 쿨러_68,810|벌크_67,990|_중고",57840,57810,57800,57770,58230,58230,58230,58230,58200,58170,61150,61030,60910,60790,0,0,0,0,0,0,62490,62490,62990,63230,63230,63230,63230,61190,61190,61190,61190
5614322,인텔 코어i5-8세대 8400 (커피레이크),인텔 코어i5-8세대 8400,커피레이크,"_벌크 + 쿨러_66,590|벌크_62,560|_중고",0,0,0,0,0,0,0,0,0,0,0,0,0,0,61190,61190,61190,61190,61190,61190,0,0,0,0,0,0,0,0,0,0,0
6020667,인텔 코어i5-8세대 8500 (커피레이크),인텔 코어i5-8세대 8500,커피레이크,"_정품_456,800|_벌크 + 쿨러_65,970|벌크_61,200|해외구매_98,370|중고 | _정품_456,800|_벌크 + 쿨러_66,000|벌크_61,200|해외구매_98,370|중고 | _정품_456,800|_벌크 + 쿨러_66,010|벌크_61,200|해외구매_98,370|중고 | _정품_456,800|_벌크 + 쿨러_66,040|벌크_61,200|해외구매_98,370|중고 | _정품_456,800|_벌크 + 쿨러_66,370|벌크_61,200|해외구매_98,370|중고 | _정품_456,800|_벌크 + 쿨러_66,490|벌크_61,200|해외구매_98,370|중고 | _정품_456,800|_벌크 + 쿨러_66,520|벌크_61,200|해외구매_98,370|중고 | _정품_456,800|_벌크 + 쿨러_66,530|벌크_61,200|해외구매_98,370|중고 | _정품_456,800|_벌크 + 쿨러_66,560|벌크_61,200|해외구매_98,370|중고 | _정품_456,800|_벌크 + 쿨러_66,590|벌크_61,200|해외구매_98,370|중고 | _정품_456,800|_벌크 + 쿨러_68,810|벌크_67,990|해외구매_108,560|중고 | _정품_456,800|벌크 + 쿨러_66,250|벌크_61,200|해외구매_98,370|_중고 | _정품_456,800|벌크 + 쿨러_66,590|벌크_61,200|해외구매_98,370|_중고 | _정품_456,800|벌크 + 쿨러_66,590|벌크_61,200|해외구매_99,300|_중고 | _정품_456,800|벌크 + 쿨러_68,390|_벌크_67,990|해외구매_108,200|중고 | _정품_456,800|벌크 + 쿨러_68,390|_벌크_67,990|해외구매_108,320|중고 | _정품_456,800|벌크 + 쿨러_68,390|_벌크_67,990|해외구매_108,440|중고 | _정품_456,800|벌크 + 쿨러_68,810|_벌크_67,990|해외구매_107,840|중고 | _정품_456,800|벌크 + 쿨러_68,810|_벌크_67,990|해외구매_107,960|중고 | _정품_456,800|벌크 + 쿨러_68,810|_벌크_67,990|해외구매_108,080|중고",60300,60760,60660,60630,61190,61190,60300,60300,61200,61170,60490,60550,60430,60300,60300,58240,58240,60300,60300,60300,62790,62680,62560,62920,62970,62970,62970,61190,61190,61190,61190
6069606,인텔 코어i5-8세대 8600 (커피레이크),인텔 코어i5-8세대 8600,커피레이크,"_벌크 + 쿨러_78,620|_벌크",74300,74300,74300,74300,74300,74300,74300,74300,74300,74300,74300,74300,74300,74300,74300,74300,74300,74300,74300,74300,74300,74300,74300,74300,74300,74300,74300,74300,74300,74300,74300
5614286,인텔 코어i5-8세대 8600K (커피레이크),인텔 코어i5-8세대 8600K,커피레이크,"_벌크 + 쿨러_126,360|_벌크 | _벌크 + 쿨러_126,390|_벌크 | _벌크 + 쿨러_126,400|_벌크 | _벌크 + 쿨러_126,430|_벌크 | _벌크 + 쿨러_128,360|_벌크 | _벌크 + 쿨러_128,480|_벌크 | _벌크 + 쿨러_128,600|_벌크 | _벌크 + 쿨러_128,630|_벌크 | _벌크 + 쿨러_128,640|_벌크 | _벌크 + 쿨러_128,670|_벌크 | _벌크 + 쿨러_128,700|_벌크 | _벌크 + 쿨러_128,920|_벌크",73790,73790,73790,73790,73790,73790,73790,73790,73790,73790,73790,73790,73790,73790,96140,96820,96820,96820,96820,96820,106820,106820,106820,106820,106820,106820,106820,96820,96820,96820,96820
11016699,인텔 코어i5-9세대 9400 (커피레이크-R),인텔 코어i5-9세대 9400,커피레이크-R,"_벌크 + 쿨러_109,020|_벌크_94,800|해외구매 | _벌크 + 쿨러_109,140|_벌크_94,920|해외구매 | _벌크 + 쿨러_109,170|_벌크_94,950|해외구매 | _벌크 + 쿨러_109,340|_벌크_93,890|해외구매 | _벌크 + 쿨러_109,530|_벌크_93,770|해외구매 | _벌크 + 쿨러_109,700|_벌크_94,940|해외구매 | _벌크 + 쿨러_109,720|_벌크_95,490|해외구매 | _벌크 + 쿨러_109,720|_벌크_98,110|해외구매 | _벌크 + 쿨러_109,730|_벌크_98,110|해외구매 | _벌크 + 쿨러_110,250|_벌크_95,490|해외구매 | _벌크 + 쿨러_110,580|_벌크_94,950|해외구매 | _벌크 + 쿨러_111,150|_벌크_93,800|해외구매 | _벌크 + 쿨러_87,990|_벌크_83,510|해외구매 | _벌크 + 쿨러_88,020|_벌크_83,540|해외구매 | _벌크 + 쿨러_88,030|_벌크_83,550|해외구매 | _벌크 + 쿨러_88,060|_벌크_83,670|해외구매 | _벌크 + 쿨러_89,090|_벌크_83,690|해외구매",145260,148480,148480,148480,148480,148480,148480,148480,148480,148480,148480,148480,148480,148480,148480,148480,148480,148480,148480,148480,161390,161390,161390,161390,161390,161390,161390,148480,148480,148480,148480
7059166,인텔 코어i5-9세대 9400F (커피레이크-R),인텔 코어i5-9세대 9400F,커피레이크-R,"_정품_77,670|병행수입 박스_77,750|벌크 + 쿨러_64,390|벌크_59,400|해외구매_69,300|_중고 | _정품_77,670|병행수입 박스_77,750|벌크 + 쿨러_64,510|벌크_59,400|해외구매_69,300|_중고 | _정품_77,670|병행수입 박스_77,750|벌크 + 쿨러_64,630|벌크_59,400|해외구매_69,300|_중고 | _정품_77,670|병행수입 박스_77,750|벌크 + 쿨러_64,750|벌크_59,400|해외구매_69,300|_중고 | _정품_77,674|병행수입 박스_77,760|벌크 + 쿨러_64,790|_벌크_59,400|해외구매_69,300|중고 | _정품_79,930|병행수입 박스_79,120|_벌크 + 쿨러_65,310|벌크_60,300|해외구매_69,300|중고 | _정품_79,930|병행수입 박스_79,240|_벌크 + 쿨러_65,430|벌크_60,300|해외구매_69,300|중고 | _정품_79,930|병행수입 박스_79,360|_벌크 + 쿨러_65,550|벌크_60,300|해외구매_69,300|중고 | _정품_79,930|병행수입 박스_79,390|_벌크 + 쿨러_65,670|벌크_60,300|해외구매_69,300|중고 | _정품_79,930|병행수입 박스_79,400|벌크 + 쿨러_65,700|벌크_60,300|해외구매_69,140|_중고 | _정품_79,930|병행수입 박스_79,430|벌크 + 쿨러_64,760|벌크_59,400|해외구매_69,140|_중고 | _정품_79,930|병행수입 박스_79,460|_벌크 + 쿨러_65,690|벌크_60,300|해외구매_69,300|중고 | _정품_79,930|병행수입 박스_79,460|벌크 + 쿨러_64,790|벌크_59,400|해외구매_69,140|_중고 | _정품_79,930|병행수입 박스_79,460|벌크 + 쿨러_64,790|벌크_59,400|해외구매_69,300|_중고 | _정품_79,930|병행수입 박스_79,460|벌크 + 쿨러_65,690|_벌크_60,300|해외구매_69,300|중고 | _정품_79,930|병행수입 박스_79,470|벌크 + 쿨러_64,790|_벌크_59,400|해외구매_69,300|중고 | _정품_79,930|병행수입 박스_79,570|_벌크 + 쿨러_67,730|벌크_62,990|해외구매_76,990|중고 | _정품_79,930|병행수입 박스_79,570|벌크 + 쿨러_67,030|_벌크_62,990|해외구매_76,990|중고 | _정품_79,930|병행수입 박스_79,570|벌크 + 쿨러_67,730|_벌크_62,990|해외구매_76,990|중고 | _정품_79,930|병행수입 박스_79,570|벌크 + 쿨러_67,880|_벌크_62,990|해외구매_76,990|중고",58200,58100,58070,57980,58740,58730,58730,58730,58700,58670,58660,58630,58510,58390,58730,59580,59580,59580,59580,59580,62300,62300,62300,62300,62300,62300,62300,60290,60290,60290,60290
10728462,인텔 코어i5-9세대 9500 (커피레이크-R),인텔 코어i5-9세대 9500,커피레이크-R,"_벌크 + 쿨러_125,990|_벌크_111,370|해외구매_145,300|중고 | _벌크 + 쿨러_125,990|_벌크_112,980|해외구매_145,300|중고 | _벌크 + 쿨러_126,000|_벌크_112,980|해외구매_145,300|중고 | _벌크 + 쿨러_126,000|_벌크_89,000|해외구매_145,300|중고 | _벌크 + 쿨러_87,760|_벌크_82,360|해외구매_145,300|중고 | _벌크 + 쿨러_87,790|_벌크_82,390|해외구매_145,300|중고 | _벌크 + 쿨러_87,800|_벌크_82,400|해외구매_145,300|중고 | _벌크 + 쿨러_87,830|_벌크_82,430|해외구매_145,300|중고 | _벌크 + 쿨러_88,610|_벌크_83,210|해외구매_145,300|중고 | _벌크 + 쿨러_88,640|_벌크_83,240|해외구매_145,300|중고 | _벌크 + 쿨러_90,550|_벌크_88,990|해외구매_145,300|중고 | _벌크 + 쿨러_90,670|_벌크_88,990|해외구매_145,300|중고 | _벌크 + 쿨러_90,790|_벌크_88,990|해외구매_145,300|중고 | _벌크 + 쿨러_90,820|_벌크_88,990|해외구매_145,300|중고 | _벌크 + 쿨러_90,830|_벌크_85,430|해외구매_145,300|중고 | _벌크 + 쿨러_90,890|_벌크_88,990|해외구매_145,300|중고 | _벌크 + 쿨러_90,990|_벌크_88,990|해외구매_145,300|중고",83720,83720,83720,83720,83720,83720,83720,83720,83720,83720,83720,83720,83720,83720,83720,86020,103710,104610,103710,103710,104700,104700,103840,103840,103840,103840,103840,100120,100120,100120,100120
8351067,인텔 코어i5-9세대 9500F (커피레이크-R),인텔 코어i5-9세대 9500F,커피레이크-R,"_벌크 + 쿨러_106,197|_벌크_101,092|해외구매 | _벌크 + 쿨러_107,640|_벌크_102,680|해외구매 | _벌크 + 쿨러_108,020|_벌크_103,940|해외구매 | _벌크 + 쿨러_95,000|_벌크_102,650|해외구매 | _벌크 + 쿨러_95,000|_벌크_102,680|해외구매 | _벌크 + 쿨러_95,000|_벌크_102,690|해외구매 | _벌크 + 쿨러_95,000|_벌크_99,790|해외구매 | _벌크 + 쿨러_95,000|_벌크_99,792|해외구매 | _벌크 + 쿨러_96,000|_벌크_102,340|해외구매 | _벌크 + 쿨러_96,000|_벌크_102,460|해외구매 | _벌크 + 쿨러_96,000|_벌크_102,580|해외구매 | _벌크 + 쿨러_96,000|_벌크_102,610|해외구매 | _벌크 + 쿨러_96,000|_벌크_102,620|해외구매",109180,111610,111610,111610,111610,111610,111610,111610,111610,111610,111610,111610,111610,111610,111610,111610,111610,111610,111610,111610,115150,115150,115140,115140,116350,115160,115160,111610,111610,111610,111610
11171952,인텔 코어i5-9세대 9600 (커피레이크-R),인텔 코어i5-9세대 9600,커피레이크-R,"_벌크 + 쿨러_130,200|_벌크 | _벌크 + 쿨러_146,270|_벌크 | _벌크 + 쿨러_151,440|_벌크 | _벌크 + 쿨러_153,260|_벌크",105190,105180,105190,105190,105190,105190,105190,105190,105190,105190,146250,146250,146250,146250,147500,124950,124950,124950,124950,124950,124950,124940,124940,124940,124940,124940,124940,124940,124940,124940,124940
6557909,인텔 코어i5-9세대 9600K (커피레이크-R),인텔 코어i5-9세대 9600K,커피레이크-R,"병행수입 박스_287,000|_벌크 + 쿨러_100,067|_벌크_90,000|해외구매_131,190|중고 | 병행수입 박스_287,000|_벌크 + 쿨러_101,430|_벌크_89,990|해외구매_118,080|중고 | 병행수입 박스_287,000|_벌크 + 쿨러_101,430|_벌크_90,000|해외구매_118,080|중고 | 병행수입 박스_287,000|_벌크 + 쿨러_102,690|_벌크_90,000|해외구매_121,200|중고 | 병행수입 박스_287,000|_벌크 + 쿨러_102,690|벌크_90,000|해외구매_121,200|_중고 | 병행수입 박스_287,000|_벌크 + 쿨러_102,700|_벌크_90,000|해외구매_121,200|중고 | 병행수입 박스_287,000|_벌크 + 쿨러_104,810|_벌크_90,000|해외구매_131,190|중고 | 병행수입 박스_287,000|_벌크 + 쿨러_106,620|_벌크_90,000|해외구매_131,190|중고 | 병행수입 박스_287,000|벌크 + 쿨러_98,350|_벌크_89,990|해외구매_118,080|_중고 | 병행수입 박스_287,000|벌크 + 쿨러_98,359|_벌크_90,000|해외구매_118,080|_중고",83440,83320,83310,83280,83480,83480,83480,83480,83450,83420,83410,83380,83260,83140,83480,83480,85940,85940,85940,85940,87260,87260,87260,87260,87260,87260,87260,86960,86960,86960,86960
7565248,인텔 코어i5-9세대 9600KF (커피레이크-R),인텔 코어i5-9세대 9600KF,커피레이크-R,"_정품_96,760|병행수입 박스_95,900|벌크 + 쿨러_92,660|_벌크_80,370|중고_83,430|해외구매 | _정품_96,760|병행수입 박스_95,900|벌크 + 쿨러_92,690|_벌크_80,370|중고_83,430|해외구매 | _정품_96,760|병행수입 박스_95,900|벌크 + 쿨러_92,700|_벌크_80,370|중고_83,430|해외구매 | _정품_96,760|병행수입 박스_95,900|벌크 + 쿨러_92,730|_벌크_80,370|중고_83,430|해외구매 | _정품_96,768|병행수입 박스_95,904|벌크 + 쿨러_93,680|_벌크_80,370|중고_83,430|해외구매 | _정품_97,003|병행수입 박스_96,490|벌크 + 쿨러_96,810|_벌크_87,360|중고_84,990|해외구매 | _정품_97,003|병행수입 박스_96,490|벌크 + 쿨러_96,810|_벌크_87,480|중고_84,990|해외구매 | _정품_98,560|병행수입 박스_98,020|벌크 + 쿨러_93,340|_벌크_80,370|중고_83,430|해외구매 | _정품_98,680|병행수입 박스_98,140|벌크 + 쿨러_93,460|_벌크_80,370|중고_83,430|해외구매 | _정품_98,800|병행수입 박스_98,260|벌크 + 쿨러_93,580|_벌크_80,370|중고_83,430|해외구매 | _정품_98,830|병행수입 박스_98,290|벌크 + 쿨러_93,610|_벌크_80,370|중고_83,430|해외구매 | _정품_98,840|병행수입 박스_98,300|벌크 + 쿨러_93,620|_벌크_80,370|중고_83,430|해외구매 | _정품_98,870|병행수입 박스_98,330|벌크 + 쿨러_93,650|_벌크_80,370|중고_83,430|해외구매 | _정품_98,900|병행수입 박스_98,360|벌크 + 쿨러_93,680|_벌크_80,370|중고_83,430|해외구매 | _정품_98,910|병행수입 박스_98,370|벌크 + 쿨러_93,680|_벌크_80,370|중고_83,430|해외구매 | _정품_99,540|병행수입 박스_98,450|벌크 + 쿨러_94,090|_벌크_80,370|중고_78,200|해외구매 | _정품_99,540|병행수입 박스_98,450|벌크 + 쿨러_94,090|_벌크_80,370|중고_83,430|해외구매 | _정품_99,540|병행수입 박스_98,450|벌크 + 쿨러_94,090|_벌크_80,370|중고_84,510|해외구매 | _정품_99,540|병행수입 박스_98,450|벌크 + 쿨러_96,810|_벌크_87,120|중고_84,990|해외구매 | _정품_99,540|병행수입 박스_98,450|벌크 + 쿨러_96,810|_벌크_87,240|중고_84,990|해외구매 | _정품_99,540|병행수입 박스_98,450|벌크 + 쿨러_96,810|_벌크_87,600|중고_84,990|해외구매 | _정품_99,540|병행수입 박스_98,450|벌크 + 쿨러_96,810|_벌크_87,720|중고_84,990|해외구매 | _정품_99,540|병행수입 박스_98,450|벌크 + 쿨러_96,810|_벌크_87,750|중고_84,990|해외구매",87520,89470,89470,89470,89470,89470,89470,89470,89470,89470,89470,89470,89470,90820,90820,90910,90910,90910,90910,90910,100810,100690,100570,100450,100330,100210,100090,90910,90910,90910,90910
11405586,인텔 코어i7-10세대 10700 (코멧레이크S),인텔 코어i7-10세대 10700,코멧레이크S,"_정품_477,990|벌크 + 쿨러_367,500|_벌크_367,500|해외구매_349,000|중고 | _정품_477,990|벌크 + 쿨러_373,780|_벌크_368,020|해외구매_344,000|중고 | _정품_478,000|_벌크 + 쿨러_375,890|벌크_369,070|해외구매_344,000|중고 | _정품_478,000|_벌크 + 쿨러_375,890|벌크_370,650|해외구매_344,000|중고 | _정품_478,000|벌크 + 쿨러_370,000|벌크_450,000|해외구매_344,000|_중고 | _정품_478,000|벌크 + 쿨러_373,800|_벌크_368,030|해외구매_344,000|중고 | _정품_478,000|벌크 + 쿨러_374,840|_벌크_369,590|해외구매_344,000|중고 | _정품_478,000|벌크 + 쿨러_374,850|_벌크_369,600|해외구매_344,000|중고 | _정품_478,000|벌크 + 쿨러_375,890|_벌크_370,100|해외구매_344,000|중고 | _정품_519,020|벌크 + 쿨러_375,880|_벌크_363,520|해외구매_344,000|중고 | _정품_519,140|벌크 + 쿨러_368,320|_벌크_358,520|해외구매_344,000|중고 | _정품_519,260|벌크 + 쿨러_368,320|_벌크_358,520|해외구매_344,000|중고 | _정품_519,290|벌크 + 쿨러_368,320|_벌크_358,520|해외구매_344,000|중고 | _정품_519,300|벌크 + 쿨러_368,320|_벌크_358,530|해외구매_344,000|중고 | _정품_519,410|벌크 + 쿨러_368,320|_벌크_358,530|해외구매_344,000|중고 | _정품_519,460|벌크 + 쿨러_368,170|_벌크_358,020|해외구매_344,000|중고 | _정품_519,490|벌크 + 쿨러_368,290|_벌크_358,020|해외구매_344,000|중고 | _정품_519,500|벌크 + 쿨러_361,190|_벌크_338,000|해외구매_344,000|중고 | _정품_519,540|벌크 + 쿨러_368,320|_벌크_358,020|해외구매_344,000|중고 | _정품_519,620|벌크 + 쿨러_361,190|_벌크_338,000|해외구매_344,000|중고 | _정품_519,640|벌크 + 쿨러_368,320|_벌크_358,020|해외구매_344,000|중고",343490,343490,343490,343490,343490,343490,343490,343460,343330,339990,339880,339760,339640,339520,339400,339990,339990,339990,339990,339990,339990,339990,339990,339990,339990,339990,339990,339990,339990,339990,339990
11646593,인텔 코어i7-10세대 10700F (코멧레이크S),인텔 코어i7-10세대 10700F,코멧레이크S,"_정품_298,980|병행수입 박스_345,570|벌크 + 쿨러_268,800|벌크_326,930|_해외구매 | _정품_298,990|병행수입 박스_345,570|벌크 + 쿨러_268,800|벌크_326,930|_해외구매 | _정품_305,980|병행수입 박스_345,570|벌크 + 쿨러_268,800|벌크_326,930|_해외구매 | _정품_445,560|벌크 + 쿨러_268,800|_벌크_326,930|해외구매 | _정품_445,560|벌크 + 쿨러_268,800|벌크_326,930|_해외구매 | _정품_445,560|병행수입 박스_345,570|벌크 + 쿨러_268,800|벌크_326,930|_해외구매 | _정품_454,000|병행수입 박스_345,570|벌크 + 쿨러_268,800|벌크_326,930|_해외구매",290200,290200,290200,290200,290200,290200,290200,290200,290200,290200,290200,290200,290200,290200,290200,290200,290200,290200,290200,290200,310190,310190,310190,310190,310190,310190,310190,290200,290200,290200,290200
11308485,인텔 코어i7-10세대 10700K (코멧레이크S),인텔 코어i7-10세대 10700K,코멧레이크S,"_정품_498,650|_벌크 + 쿨러_398,500|벌크 | _정품_498,650|벌크 + 쿨러_360,000|_벌크 | _정품_528,040|벌크 + 쿨러_377,740|_벌크 | _정품_530,840|벌크 + 쿨러_398,500|_벌크 | _정품_556,410|벌크 + 쿨러_377,740|_벌크 | _정품_556,410|벌크 + 쿨러_398,500|_벌크",356660,356630,361310,361310,361310,361310,361310,369930,393660,393650,399000,399000,399000,399000,399000,399000,399000,377030,377030,377030,377030,377030,377030,0,0,0,0,0,0,0,0
11479833,인텔 코어i7-10세대 10700K (코멧레이크S),인텔 코어i7-10세대 10700K,코멧레이크S,"_벌크 + 쿨러_360,000|_벌크 | _벌크 + 쿨러_398,500|_벌크",0,0,0,0,0,0,0,0,0,0,0,0,0,0,0,0,0,0,0,0,0,0,0,377030,387030,387030,387030,387030,387030,387030,387030
12151730,인텔 코어i7-10세대 10700K 어벤져스 에디션 (코멧레이크S),인텔 코어i7-10세대 10700K 어벤져스 에디션,코멧레이크S,정품,538960,538960,538960,538960,538960,538960,538960,538960,538960,530840,530830,530830,530830,530830,530830,0,0,0,0,0,0,0,0,0,0,0,0,0,0,0,0
11593217,인텔 코어i7-10세대 10700KF (코멧레이크S),인텔 코어i7-10세대 10700KF,코멧레이크S,"_정품_671,500|벌크 + 쿨러_296,000|_벌크_303,700|해외구매_489,820|중고",300000,0,0,0,0,0,0,0,0,0,0,0,0,0,0,0,0,0,0,0,0,0,0,0,0,0,0,0,0,0,0
12110078,인텔 코어i7-10세대 10700KF (코멧레이크S),인텔 코어i7-10세대 10700KF,코멧레이크S,"_벌크 + 쿨러_296,000|_벌크_303,700|해외구매_489,820|중고 | _벌크 + 쿨러_296,000|_벌크_303,800|해외구매_489,820|중고 | _벌크 + 쿨러_298,200|_벌크_292,950|해외구매_489,820|중고 | _벌크 + 쿨러_299,910|_벌크_292,950|해외구매_489,820|중고 | 벌크 + 쿨러_296,000|_벌크_303,800|_해외구매_489,820|중고",0,300000,300000,300000,300000,300000,300000,300000,300000,300000,300000,300000,300000,300000,300000,300000,300000,300000,300000,300000,300000,300000,300000,300000,300000,300000,300000,300000,300000,300000,300000
13824665,인텔 코어i7-11세대 11700 (로켓레이크S),인텔 코어i7-11세대 11700,로켓레이크S,"_벌크 + 쿨러_488,800|_벌크 | _벌크 + 쿨러_488,800|_벌크_334,810|해외구매 | _벌크 + 쿨러_488,800|_벌크_334,820|해외구매 | _벌크 + 쿨러_488,800|_벌크_334,830|해외구매 | _벌크 + 쿨러_488,800|_벌크_334,840|해외구매 | _벌크 + 쿨러_488,800|_벌크_334,860|해외구매 | _벌크 + 쿨러_488,800|_벌크_334,880|해외구매 | _벌크 + 쿨러_488,800|_벌크_334,890|해외구매 | _벌크 + 쿨러_488,800|_벌크_334,900|해외구매 | _벌크 + 쿨러_488,800|_벌크_334,920|해외구매 | _벌크 + 쿨러_488,800|_벌크_344,810|해외구매 | _벌크 + 쿨러_488,800|_벌크_344,920|해외구매 | _벌크 + 쿨러_488,800|_벌크_349,800|해외구매 | _벌크 + 쿨러_488,800|_벌크_349,810|해외구매 | _벌크 + 쿨러_494,000|_벌크_344,920|해외구매 | _벌크 + 쿨러_494,000|_벌크_344,930|해외구매 | _벌크 + 쿨러_500,000|_벌크_334,890|해외구매",624000,624000,624000,624000,624000,624000,624000,624000,624000,624000,624000,624000,624000,624000,624000,624000,624000,624000,624000,624000,624000,624000,624000,624000,624000,624000,624000,624000,624000,624000,344810
13753481,인텔 코어i7-11세대 11700F (로켓레이크S),인텔 코어i7-11세대 11700F,로켓레이크S,"_정품_324,710|병행수입 박스_324,080|_벌크 + 쿨러_321,190|벌크",318040,318040,318040,318040,318040,318040,318040,318040,318040,318040,318040,318040,318040,318040,318040,318040,318040,318040,318040,318040,318040,318040,318040,318040,318040,318040,318040,318040,318040,318040,318040
13824974,인텔 코어i7-11세대 11700K (로켓레이크S),인텔 코어i7-11세대 11700K,로켓레이크S,"_벌크 + 쿨러_366,160|_벌크_374,110|해외구매 | _벌크 + 쿨러_366,160|벌크_374,110|_해외구매",442600,442600,442600,442600,442600,442600,442600,442600,442600,442600,442600,442600,442600,442600,442600,442600,442600,442600,442600,442600,442600,442600,442600,442600,442600,442600,442600,442600,442600,442600,442600
13753598,인텔 코어i7-11세대 11700KF (로켓레이크S),인텔 코어i7-11세대 11700KF,로켓레이크S,"_정품_347,420|병행수입 박스_360,210|_벌크 + 쿨러_348,780|벌크 | _정품_347,450|병행수입 박스_360,210|_벌크 + 쿨러_348,900|벌크 | _정품_347,460|병행수입 박스_360,210|_벌크 + 쿨러_348,930|벌크 | _정품_347,460|병행수입 박스_360,210|_벌크 + 쿨러_349,030|벌크 | _정품_347,460|병행수입 박스_360,210|_벌크 + 쿨러_352,400|벌크 | _정품_347,460|병행수입 박스_360,220|_벌크 + 쿨러_352,400|벌크 | _정품_353,110|병행수입 박스_360,220|_벌크 + 쿨러_354,700|벌크 | _정품_357,850|병행수입 박스_370,830|_벌크 + 쿨러_362,780|벌크",350230,350230,350230,350230,350230,350230,350230,350230,350230,350230,350230,350230,350230,350230,350230,350230,350230,350230,350230,350230,358520,358400,358400,358400,358400,358400,358400,358400,358400,358400,358400
16140809,인텔 코어i7-12세대 12700 (엘더레이크),인텔 코어i7-12세대 12700,엘더레이크,"_정품_406,810|벌크 + 쿨러_352,990|_벌크_337,730|해외구매 | _정품_428,160|벌크 + 쿨러_343,180|_벌크_331,440|해외구매 | _정품_428,160|벌크 + 쿨러_349,320|_벌크_337,370|해외구매 | _정품_428,160|벌크 + 쿨러_352,990|_벌크_337,720|해외구매 | _정품_428,250|벌크 + 쿨러_343,186|_벌크_331,448|해외구매 | _정품_428,360|_벌크 + 쿨러_352,060|벌크_336,690|해외구매 | _정품_428,400|벌크 + 쿨러_352,990|_벌크_338,120|해외구매 | _정품_433,360|벌크 + 쿨러_353,110|_벌크_336,750|해외구매 | _정품_435,000|_벌크 + 쿨러_352,990|벌크_336,690|해외구매 | _정품_435,000|_벌크 + 쿨러_352,990|벌크_338,800|해외구매 | _정품_435,000|_벌크 + 쿨러_352,990|벌크_339,300|해외구매 | _정품_435,000|벌크 + 쿨러_352,790|_벌크_336,690|해외구매 | _정품_478,630|벌크 + 쿨러_352,060|_벌크_336,690|해외구매 | _정품_478,630|벌크 + 쿨러_352,270|_벌크_336,690|해외구매 | _정품_478,630|벌크 + 쿨러_352,790|_벌크_336,690|해외구매 | _정품_479,540|_벌크 + 쿨러_352,990|벌크_338,560|해외구매 | _정품_479,540|벌크 + 쿨러_352,060|_벌크_335,720|해외구매 | _정품_479,540|벌크 + 쿨러_352,990|_벌크_338,550|해외구매 | 정품_389,620|_벌크 + 쿨러_351,640|_벌크_328,670|해외구매 | 정품_389,700|_벌크 + 쿨러_351,640|_벌크_328,690|해외구매 | 정품_399,000|_벌크 + 쿨러_351,010|_벌크_334,680|해외구매 | 정품_575,480|_벌크 + 쿨러_351,640|_벌크_335,250|해외구매 | 정품_593,460|_벌크 + 쿨러_351,640|_벌크_328,540|해외구매",443580,443550,443540,443510,449890,449890,449890,449790,449660,449550,449540,449510,449390,449270,449150,449890,449890,449890,449890,449890,451460,451460,469890,469860,469750,469650,469890,449890,449890,449890,449890
16101464,인텔 코어i7-12세대 12700F (엘더레이크),인텔 코어i7-12세대 12700F,엘더레이크,"_정품_355,190|벌크 + 쿨러_335,510|_벌크 | _정품_378,620|_벌크 + 쿨러_320,730|벌크 | _정품_378,620|_벌크 + 쿨러_320,735|벌크 | _정품_378,620|_벌크 + 쿨러_328,550|벌크 | _정품_378,620|_벌크 + 쿨러_330,190|벌크 | _정품_378,620|벌크 + 쿨러_328,550|_벌크 | _정품_378,620|벌크 + 쿨러_331,240|_벌크 | _정품_378,620|벌크 + 쿨러_333,160|_벌크 | _정품_383,240|_벌크 + 쿨러_335,090|벌크 | _정품_383,240|벌크 + 쿨러_335,100|_벌크 | _정품_384,300|벌크 + 쿨러_333,540|_벌크 | _정품_384,300|벌크 + 쿨러_334,580|_벌크 | _정품_384,300|벌크 + 쿨러_334,590|_벌크 | _정품_384,300|벌크 + 쿨러_335,420|_벌크 | _정품_388,740|벌크 + 쿨러_335,090|_벌크 | _정품_396,920|_벌크 + 쿨러_336,030|벌크 | _정품_426,200|_벌크 + 쿨러_337,280|벌크 | _정품_426,200|_벌크 + 쿨러_338,820|벌크 | _정품_426,200|벌크 + 쿨러_338,820|_벌크 | _정품_426,200|벌크 + 쿨러_338,830|_벌크 | _정품_426,200|벌크 + 쿨러_340,380|_벌크",329950,329950,328400,328400,328390,328390,328390,326830,326740,326220,325800,325790,325790,325790,325280,324130,323290,323280,323280,322240,321080,319930,318890,311038,311030,316600,316600,316600,316600,316600,316600
15594638,인텔 코어i7-12세대 12700K (엘더레이크),인텔 코어i7-12세대 12700K,엘더레이크,"_정품_402,900|벌크 + 쿨러_333,160|_벌크_323,510|해외구매 | _정품_402,900|벌크 + 쿨러_333,170|_벌크_323,517|해외구매 | _정품_402,900|벌크 + 쿨러_341,220|_벌크_329,270|해외구매 | _정품_402,900|벌크 + 쿨러_343,150|_벌크_330,370|해외구매 | _정품_402,900|벌크 + 쿨러_344,920|_벌크_331,620|해외구매 | _정품_402,900|벌크 + 쿨러_345,450|_벌크_330,650|해외구매 | _정품_402,900|벌크 + 쿨러_347,030|_벌크_332,210|해외구매 | _정품_402,900|벌크 + 쿨러_347,540|_벌크_332,220|해외구매 | _정품_402,900|벌크 + 쿨러_349,110|_벌크_333,760|해외구매 | _정품_402,900|벌크 + 쿨러_349,110|_벌크_333,770|해외구매 | _정품_515,490|벌크 + 쿨러_353,840|_벌크_337,790|해외구매 | _정품_543,000|벌크 + 쿨러_349,130|_벌크_335,240|해외구매 | _정품_543,120|벌크 + 쿨러_351,010|_벌크_335,670|해외구매 | _정품_543,240|벌크 + 쿨러_351,010|_벌크_335,670|해외구매 | _정품_543,360|벌크 + 쿨러_351,010|_벌크_335,670|해외구매 | _정품_543,390|벌크 + 쿨러_351,010|_벌크_335,680|해외구매 | _정품_543,400|벌크 + 쿨러_351,020|_벌크_336,000|해외구매 | _정품_543,510|벌크 + 쿨러_352,060|_벌크_337,050|해외구매 | _정품_543,630|벌크 + 쿨러_353,850|_벌크_337,800|해외구매 | _정품_543,640|벌크 + 쿨러_352,760|_벌크_336,750|해외구매 | _정품_543,660|벌크 + 쿨러_355,420|_벌크_333,080|해외구매 | _정품_543,670|벌크 + 쿨러_355,420|_벌크_333,090|해외구매 | _정품_543,700|벌크 + 쿨러_355,420|_벌크_333,200|해외구매 | _정품_543,740|벌크 + 쿨러_352,790|_벌크_336,760|해외구매 | _정품_543,740|벌크 + 쿨러_353,840|_벌크_337,790|해외구매",445700,445700,445700,445700,445700,445700,445700,445700,445700,445700,445700,445700,445700,445700,445700,445700,445700,445700,445700,445700,445700,445700,445700,445700,445700,445700,445700,445700,445700,445700,445700
15594701,인텔 코어i7-12세대 12700KF (엘더레이크),인텔 코어i7-12세대 12700KF,엘더레이크,"_정품_462,010|벌크 + 쿨러_310,790|_벌크_299,010|해외구매 | _정품_487,000|벌크 + 쿨러_320,660|_벌크_303,990|해외구매 | _정품_487,120|벌크 + 쿨러_318,900|_벌크_303,990|해외구매 | _정품_487,170|벌크 + 쿨러_310,790|_벌크_297,990|해외구매 | _정품_487,200|벌크 + 쿨러_310,790|_벌크_297,990|해외구매 | _정품_487,210|벌크 + 쿨러_310,790|_벌크_297,990|해외구매 | _정품_487,240|벌크 + 쿨러_318,900|_벌크_303,990|해외구매 | _정품_487,270|벌크 + 쿨러_314,440|_벌크_303,670|해외구매 | _정품_487,280|벌크 + 쿨러_314,440|_벌크_303,670|해외구매 | _정품_487,310|벌크 + 쿨러_314,440|_벌크_303,660|해외구매 | _정품_487,330|벌크 + 쿨러_310,790|_벌크_297,990|해외구매 | _정품_487,340|벌크 + 쿨러_310,790|_벌크_299,010|해외구매 | _정품_487,340|벌크 + 쿨러_314,450|_벌크_302,670|해외구매 | _정품_560,500|벌크 + 쿨러_318,900|_벌크_307,540|해외구매 | _정품_560,620|벌크 + 쿨러_318,900|_벌크_307,540|해외구매 | _정품_560,740|벌크 + 쿨러_318,900|_벌크_307,540|해외구매 | _정품_560,860|벌크 + 쿨러_318,900|_벌크_307,540|해외구매 | _정품_560,980|벌크 + 쿨러_318,900|_벌크_307,540|해외구매 | _정품_561,100|벌크 + 쿨러_318,900|_벌크_307,540|해외구매 | _정품_561,220|벌크 + 쿨러_318,900|_벌크_307,540|해외구매 | _정품_561,340|벌크 + 쿨러_318,910|_벌크_307,550|해외구매 | _정품_561,460|벌크 + 쿨러_320,040|_벌크_308,680|해외구매 | _정품_561,570|벌크 + 쿨러_320,660|_벌크_308,870|해외구매 | _정품_561,600|_벌크 + 쿨러_318,900|벌크_307,540|해외구매 | _정품_561,600|벌크 + 쿨러_317,870|_벌크_306,510|해외구매 | _정품_561,600|벌크 + 쿨러_318,900|_벌크_307,540|해외구매",332890,332890,332890,332890,332890,342990,342990,342990,342990,342990,342920,342890,342770,342650,342990,342990,342990,342990,342990,342990,311020,342990,342990,342990,342990,342990,342990,342990,342990,342990,342990
18703730,인텔 코어i7-13세대 13700 (랩터레이크),인텔 코어i7-13세대 13700,랩터레이크,"_정품_491,780|벌크 + 쿨러_481,330|_벌크_449,960|해외구매 | _정품_491,810|벌크 + 쿨러_481,360|_벌크_449,990|해외구매 | _정품_491,880|_벌크 + 쿨러_481,370|벌크_450,000|해외구매 | _정품_491,900|벌크 + 쿨러_474,930|_벌크_451,190|해외구매 | _정품_491,900|벌크 + 쿨러_481,320|_벌크_451,190|해외구매 | _정품_491,910|_벌크 + 쿨러_472,290|벌크_450,030|해외구매 | _정품_496,350|벌크 + 쿨러_474,170|_벌크_450,570|해외구매 | _정품_496,350|벌크 + 쿨러_474,290|_벌크_450,690|해외구매 | _정품_496,350|벌크 + 쿨러_474,410|_벌크_450,810|해외구매 | _정품_496,350|벌크 + 쿨러_474,440|_벌크_450,840|해외구매 | _정품_496,350|벌크 + 쿨러_474,450|_벌크_450,850|해외구매 | _정품_498,720|벌크 + 쿨러_474,560|_벌크_450,960|해외구매 | _정품_498,790|벌크 + 쿨러_474,690|_벌크_451,090|해외구매 | _정품_498,890|벌크 + 쿨러_474,810|_벌크_451,190|해외구매 | _정품_498,960|벌크 + 쿨러_473,450|_벌크_450,800|해외구매 | _정품_498,960|벌크 + 쿨러_473,570|_벌크_450,920|해외구매 | _정품_498,960|벌크 + 쿨러_473,690|_벌크_451,040|해외구매 | _정품_498,960|벌크 + 쿨러_473,810|_벌크_451,160|해외구매 | _정품_498,960|벌크 + 쿨러_473,930|_벌크_384,000|해외구매 | _정품_498,960|벌크 + 쿨러_474,050|_벌크_384,000|해외구매 | _정품_513,450|_벌크 + 쿨러_472,610|벌크_449,960|해외구매 | _정품_513,450|_벌크 + 쿨러_472,730|벌크_450,080|해외구매 | _정품_513,450|_벌크 + 쿨러_472,850|벌크_450,200|해외구매 | _정품_513,450|_벌크 + 쿨러_472,970|벌크_450,320|해외구매 | _정품_513,450|_벌크 + 쿨러_473,090|벌크_450,440|해외구매 | _정품_513,450|_벌크 + 쿨러_473,210|벌크_450,560|해외구매 | _정품_513,450|_벌크 + 쿨러_473,330|벌크_450,680|해외구매 | _정품_513,450|벌크 + 쿨러_472,150|_벌크 | _정품_513,450|벌크 + 쿨러_472,270|_벌크_449,620|해외구매 | _정품_513,450|벌크 + 쿨러_472,390|_벌크_449,740|해외구매 | _정품_513,450|벌크 + 쿨러_472,510|_벌크_449,860|해외구매",713000,713000,713000,713000,713000,713000,713000,713000,713000,713000,713000,713000,713000,713000,713000,713000,713000,713000,713000,713000,713000,713000,713000,713000,713000,713000,713000,713000,713000,713000,449500
18640397,인텔 코어i7-13세대 13700 (랩터레이크),인텔 코어i7-13세대 13700,랩터레이크,"_정품_491,780|벌크 + 쿨러_481,330|_벌크_449,960|해외구매 | _정품_491,810|벌크 + 쿨러_481,360|_벌크_449,990|해외구매 | _정품_491,880|_벌크 + 쿨러_481,370|벌크_450,000|해외구매 | _정품_491,900|벌크 + 쿨러_474,930|_벌크_451,190|해외구매 | _정품_491,900|벌크 + 쿨러_481,320|_벌크_451,190|해외구매 | _정품_491,910|_벌크 + 쿨러_472,290|벌크_450,030|해외구매 | _정품_496,350|벌크 + 쿨러_474,170|_벌크_450,570|해외구매 | _정품_496,350|벌크 + 쿨러_474,290|_벌크_450,690|해외구매 | _정품_496,350|벌크 + 쿨러_474,410|_벌크_450,810|해외구매 | _정품_496,350|벌크 + 쿨러_474,440|_벌크_450,840|해외구매 | _정품_496,350|벌크 + 쿨러_474,450|_벌크_450,850|해외구매 | _정품_498,720|벌크 + 쿨러_474,560|_벌크_450,960|해외구매 | _정품_498,790|벌크 + 쿨러_474,690|_벌크_451,090|해외구매 | _정품_498,890|벌크 + 쿨러_474,810|_벌크_451,190|해외구매 | _정품_498,960|벌크 + 쿨러_473,450|_벌크_450,800|해외구매 | _정품_498,960|벌크 + 쿨러_473,570|_벌크_450,920|해외구매 | _정품_498,960|벌크 + 쿨러_473,690|_벌크_451,040|해외구매 | _정품_498,960|벌크 + 쿨러_473,810|_벌크_451,160|해외구매 | _정품_498,960|벌크 + 쿨러_473,930|_벌크_384,000|해외구매 | _정품_498,960|벌크 + 쿨러_474,050|_벌크_384,000|해외구매 | _정품_513,450|_벌크 + 쿨러_472,610|벌크_449,960|해외구매 | _정품_513,450|_벌크 + 쿨러_472,730|벌크_450,080|해외구매 | _정품_513,450|_벌크 + 쿨러_472,850|벌크_450,200|해외구매 | _정품_513,450|_벌크 + 쿨러_472,970|벌크_450,320|해외구매 | _정품_513,450|_벌크 + 쿨러_473,090|벌크_450,440|해외구매 | _정품_513,450|_벌크 + 쿨러_473,210|벌크_450,560|해외구매 | _정품_513,450|_벌크 + 쿨러_473,330|벌크_450,680|해외구매 | _정품_513,450|벌크 + 쿨러_472,150|_벌크 | _정품_513,450|벌크 + 쿨러_472,270|_벌크_449,620|해외구매 | _정품_513,450|벌크 + 쿨러_472,390|_벌크_449,740|해외구매 | _정품_513,450|벌크 + 쿨러_472,510|_벌크_449,860|해외구매",713000,713000,713000,713000,713000,713000,713000,713000,713000,713000,713000,713000,713000,713000,713000,713000,713000,713000,713000,713000,713000,713000,713000,713000,713000,713000,713000,713000,713000,713000,449500
18703613,인텔 코어i7-13세대 13700F (랩터레이크),인텔 코어i7-13세대 13700F,랩터레이크,"_정품_439,230|벌크 + 쿨러_360,670|_벌크 | _정품_439,240|벌크 + 쿨러_360,670|_벌크 | _정품_439,330|벌크 + 쿨러_360,670|_벌크 | _정품_442,410|벌크 + 쿨러_359,100|_벌크 | _정품_442,450|벌크 + 쿨러_360,670|_벌크 | _정품_442,540|벌크 + 쿨러_360,670|_벌크 | _정품_442,900|벌크 + 쿨러_358,360|_벌크 | _정품_451,570|벌크 + 쿨러_353,840|_벌크 | _정품_453,600|벌크 + 쿨러_356,260|_벌크 | _정품_455,580|벌크 + 쿨러_353,110|_벌크 | _정품_455,700|벌크 + 쿨러_353,840|_벌크 | _정품_455,820|벌크 + 쿨러_353,840|_벌크 | _정품_456,260|벌크 + 쿨러_352,220|_벌크 | _정품_458,480|벌크 + 쿨러_336,650|_벌크 | _정품_458,480|벌크 + 쿨러_336,659|_벌크 | _정품_458,480|벌크 + 쿨러_340,340|_벌크 | _정품_458,480|벌크 + 쿨러_340,350|_벌크 | _정품_458,480|벌크 + 쿨러_340,360|_벌크 | _정품_458,480|벌크 + 쿨러_342,530|_벌크 | _정품_458,490|벌크 + 쿨러_350,680|_벌크 | _정품_458,880|벌크 + 쿨러_350,680|_벌크 | _정품_458,890|벌크 + 쿨러_350,690|_벌크 | _정품_458,890|벌크 + 쿨러_352,210|_벌크 | _정품_470,000|벌크 + 쿨러_355,420|_벌크",346730,346730,346730,346720,346720,345170,344440,343390,341510,339630,339620,339620,339620,338900,338060,338050,336960,336950,336950,336950,336950,334860,332670,324921,324920,324920,330720,330720,330720,332600,332600
18640379,인텔 코어i7-13세대 13700F (랩터레이크),인텔 코어i7-13세대 13700F,랩터레이크,"_정품_439,230|벌크 + 쿨러_360,670|_벌크 | _정품_439,240|벌크 + 쿨러_360,670|_벌크 | _정품_439,330|벌크 + 쿨러_360,670|_벌크 | _정품_442,410|벌크 + 쿨러_359,100|_벌크 | _정품_442,450|벌크 + 쿨러_360,670|_벌크 | _정품_442,540|벌크 + 쿨러_360,670|_벌크 | _정품_442,900|벌크 + 쿨러_358,360|_벌크 | _정품_451,570|벌크 + 쿨러_353,840|_벌크 | _정품_453,600|벌크 + 쿨러_356,260|_벌크 | _정품_455,580|벌크 + 쿨러_353,110|_벌크 | _정품_455,700|벌크 + 쿨러_353,840|_벌크 | _정품_455,820|벌크 + 쿨러_353,840|_벌크 | _정품_456,260|벌크 + 쿨러_352,220|_벌크 | _정품_458,480|벌크 + 쿨러_336,650|_벌크 | _정품_458,480|벌크 + 쿨러_336,659|_벌크 | _정품_458,480|벌크 + 쿨러_340,340|_벌크 | _정품_458,480|벌크 + 쿨러_340,350|_벌크 | _정품_458,480|벌크 + 쿨러_340,360|_벌크 | _정품_458,480|벌크 + 쿨러_342,530|_벌크 | _정품_458,490|벌크 + 쿨러_350,680|_벌크 | _정품_458,880|벌크 + 쿨러_350,680|_벌크 | _정품_458,890|벌크 + 쿨러_350,690|_벌크 | _정품_458,890|벌크 + 쿨러_352,210|_벌크 | _정품_470,000|벌크 + 쿨러_355,420|_벌크",346730,346730,346730,346720,346720,345170,344440,343390,341510,339630,339620,339620,339620,338900,338060,338050,336960,336950,336950,336950,336950,334860,332670,324921,324920,324920,330720,330720,330720,332600,332600
18224453,인텔 코어i7-13세대 13700K (랩터레이크),인텔 코어i7-13세대 13700K,랩터레이크,"_정품_653,000|벌크 + 쿨러_482,620|_벌크_472,920|병행수입 박스_546,670|해외구매 | _정품_653,000|벌크 + 쿨러_482,625|_벌크_472,928|병행수입 박스_546,670|해외구매 | _정품_653,000|벌크 + 쿨러_490,960|_벌크_481,450|병행수입 박스_546,670|해외구매 | _정품_653,000|벌크 + 쿨러_490,960|_벌크_486,140|병행수입 박스_546,670|해외구매 | _정품_653,000|벌크 + 쿨러_490,960|_벌크_486,200|병행수입 박스_546,670|해외구매 | _정품_653,000|벌크 + 쿨러_490,960|_벌크_486,250|병행수입 박스_546,670|해외구매 | _정품_653,000|벌크 + 쿨러_492,310|_벌크_487,200|병행수입 박스_546,670|해외구매 | _정품_653,000|벌크 + 쿨러_498,730|_벌크_486,250|병행수입 박스_546,670|해외구매 | _정품_653,000|벌크 + 쿨러_498,740|_벌크_486,260|병행수입 박스_546,670|해외구매 | _정품_653,000|벌크 + 쿨러_499,790|_벌크_486,250|병행수입 박스_546,670|해외구매 | _정품_653,000|벌크 + 쿨러_500,310|_벌크_485,340|병행수입 박스_546,670|해외구매 | _정품_653,000|벌크 + 쿨러_501,990|_벌크_487,940|병행수입 박스_547,230|해외구매 | _정품_653,000|벌크 + 쿨러_502,310|_벌크_487,000|병행수입 박스_546,670|해외구매 | _정품_653,000|벌크 + 쿨러_502,310|_벌크_487,010|병행수입 박스_546,670|해외구매 | _정품_653,000|벌크 + 쿨러_502,310|_벌크_487,320|병행수입 박스_546,670|해외구매 | _정품_653,000|벌크 + 쿨러_502,310|_벌크_487,500|병행수입 박스_546,670|해외구매 | _정품_653,000|벌크 + 쿨러_502,560|_벌크_488,190|병행수입 박스_546,180|해외구매 | _정품_653,000|벌크 + 쿨러_503,250|_벌크_488,180|병행수입 박스_546,670|해외구매 | _정품_653,000|벌크 + 쿨러_503,990|_벌크_489,820|병행수입 박스_539,890|해외구매 | _정품_653,000|벌크 + 쿨러_506,510|_벌크_489,820|병행수입 박스_545,690|해외구매 | _정품_653,000|벌크 + 쿨러_506,520|_벌크_489,820|병행수입 박스_539,890|해외구매 | _정품_653,000|벌크 + 쿨러_506,530|_벌크_489,820|병행수입 박스_539,890|해외구매 | _정품_653,000|벌크 + 쿨러_506,540|_벌크_489,820|병행수입 박스_539,890|해외구매 | _정품_653,000|벌크 + 쿨러_507,410|_벌크_489,820|병행수입 박스_539,890|해외구매",501720,501720,501720,501720,507140,509190,509190,509190,509190,509190,509120,509090,508970,508850,527930,545530,547990,547990,547990,0,497180,543860,543860,543860,528890,528890,528840,528750,528630,528510,528390
18039374,인텔 코어i7-13세대 13700K (랩터레이크),인텔 코어i7-13세대 13700K,랩터레이크,"_정품_653,000|벌크 + 쿨러_482,620|_벌크_472,920|병행수입 박스_546,670|해외구매 | _정품_653,000|벌크 + 쿨러_482,625|_벌크_472,928|병행수입 박스_546,670|해외구매 | _정품_653,000|벌크 + 쿨러_490,960|_벌크_481,450|병행수입 박스_546,670|해외구매 | _정품_653,000|벌크 + 쿨러_490,960|_벌크_486,140|병행수입 박스_546,670|해외구매 | _정품_653,000|벌크 + 쿨러_490,960|_벌크_486,200|병행수입 박스_546,670|해외구매 | _정품_653,000|벌크 + 쿨러_490,960|_벌크_486,250|병행수입 박스_546,670|해외구매 | _정품_653,000|벌크 + 쿨러_492,310|_벌크_487,200|병행수입 박스_546,670|해외구매 | _정품_653,000|벌크 + 쿨러_498,730|_벌크_486,250|병행수입 박스_546,670|해외구매 | _정품_653,000|벌크 + 쿨러_498,740|_벌크_486,260|병행수입 박스_546,670|해외구매 | _정품_653,000|벌크 + 쿨러_499,790|_벌크_486,250|병행수입 박스_546,670|해외구매 | _정품_653,000|벌크 + 쿨러_500,310|_벌크_485,340|병행수입 박스_546,670|해외구매 | _정품_653,000|벌크 + 쿨러_501,990|_벌크_487,940|병행수입 박스_547,230|해외구매 | _정품_653,000|벌크 + 쿨러_502,310|_벌크_487,000|병행수입 박스_546,670|해외구매 | _정품_653,000|벌크 + 쿨러_502,310|_벌크_487,010|병행수입 박스_546,670|해외구매 | _정품_653,000|벌크 + 쿨러_502,310|_벌크_487,320|병행수입 박스_546,670|해외구매 | _정품_653,000|벌크 + 쿨러_502,310|_벌크_487,500|병행수입 박스_546,670|해외구매 | _정품_653,000|벌크 + 쿨러_502,560|_벌크_488,190|병행수입 박스_546,180|해외구매 | _정품_653,000|벌크 + 쿨러_503,250|_벌크_488,180|병행수입 박스_546,670|해외구매 | _정품_653,000|벌크 + 쿨러_503,990|_벌크_489,820|병행수입 박스_539,890|해외구매 | _정품_653,000|벌크 + 쿨러_506,510|_벌크_489,820|병행수입 박스_545,690|해외구매 | _정품_653,000|벌크 + 쿨러_506,520|_벌크_489,820|병행수입 박스_539,890|해외구매 | _정품_653,000|벌크 + 쿨러_506,530|_벌크_489,820|병행수입 박스_539,890|해외구매 | _정품_653,000|벌크 + 쿨러_506,540|_벌크_489,820|병행수입 박스_539,890|해외구매 | _정품_653,000|벌크 + 쿨러_507,410|_벌크_489,820|병행수입 박스_539,890|해외구매",501720,501720,501720,501720,507140,509190,509190,509190,509190,509190,509120,509090,508970,508850,527930,545530,547990,547990,547990,547990,497180,543860,543860,543860,528890,528890,528840,528750,528630,528510,528390
18144521,인텔 코어i7-13세대 13700KF (랩터레이크),인텔 코어i7-13세대 13700KF,랩터레이크,"_정품_509,200|벌크 + 쿨러_413,640|_벌크_407,290|해외구매 | _정품_509,200|벌크 + 쿨러_413,740|_벌크_407,290|해외구매 | _정품_509,200|벌크 + 쿨러_413,780|_벌크_407,290|해외구매 | _정품_509,200|벌크 + 쿨러_413,810|_벌크_407,290|해외구매 | _정품_509,200|벌크 + 쿨러_416,530|_벌크_406,190|해외구매 | _정품_509,200|벌크 + 쿨러_416,530|_벌크_406,600|해외구매 | _정품_509,200|벌크 + 쿨러_416,530|_벌크_406,610|해외구매 | _정품_509,200|벌크 + 쿨러_416,530|_벌크_407,290|해외구매 | _정품_509,200|벌크 + 쿨러_418,990|_벌크_406,180|해외구매",543000,542970,542960,542960,543000,536270,536270,536270,536270,536270,536270,536270,536270,0,0,0,0,0,0,0,0,0,0,0,0,0,0,0,0,0,0
18039356,인텔 코어i7-13세대 13700KF (랩터레이크),인텔 코어i7-13세대 13700KF,랩터레이크,"_정품_507,700|_벌크 + 쿨러_418,990|벌크_404,800|해외구매 | _정품_507,700|_벌크 + 쿨러_418,990|벌크_405,950|해외구매 | _정품_507,700|벌크 + 쿨러_404,400|_벌크_394,780|해외구매 | _정품_507,700|벌크 + 쿨러_404,409|_벌크_394,783|해외구매 | _정품_507,700|벌크 + 쿨러_411,350|_벌크_401,780|해외구매 | _정품_507,700|벌크 + 쿨러_411,350|_벌크_403,990|해외구매 | _정품_507,700|벌크 + 쿨러_418,190|_벌크_404,760|해외구매 | _정품_507,700|벌크 + 쿨러_418,200|_벌크_404,760|해외구매 | _정품_507,700|벌크 + 쿨러_418,210|_벌크_404,770|해외구매 | _정품_509,200|벌크 + 쿨러_413,640|_벌크_407,290|해외구매 | _정품_509,200|벌크 + 쿨러_413,740|_벌크_407,290|해외구매 | _정품_509,200|벌크 + 쿨러_413,780|_벌크_407,290|해외구매 | _정품_509,200|벌크 + 쿨러_413,810|_벌크_407,290|해외구매 | _정품_509,200|벌크 + 쿨러_416,530|_벌크_406,190|해외구매 | _정품_509,200|벌크 + 쿨러_416,530|_벌크_406,600|해외구매 | _정품_509,200|벌크 + 쿨러_416,530|_벌크_406,610|해외구매 | _정품_509,200|벌크 + 쿨러_416,530|_벌크_407,290|해외구매 | _정품_509,200|벌크 + 쿨러_418,990|_벌크_406,180|해외구매 | _정품_509,200|벌크 + 쿨러_418,990|_벌크_406,600|해외구매",543000,542970,542960,542960,543000,536270,536270,536270,536270,536270,536270,536270,536270,536270,536270,536270,536270,536270,536270,536270,536270,536270,536270,536270,562990,562990,562990,621000,596120,596120,596130
18665336,인텔 코어i7-13세대 13700T (랩터레이크),인텔 코어i7-13세대 13700T,랩터레이크,벌크,587990,587990,587990,587990,587990,587990,587990,587990,587990,587990,587990,587990,587990,587990,587990,587990,587990,587990,587990,587990,587990,587990,587990,587990,587990,587990,587990,587990,587990,587990,587990
32103143,인텔 코어i7-14세대 14700 (랩터레이크 리프레시),인텔 코어i7-14세대 14700,랩터레이크 리프레시,"_정품_481,960|벌크 + 쿨러_476,990|_벌크_464,180|해외구매 | _정품_481,960|벌크 + 쿨러_476,990|_벌크_464,210|해외구매 | _정품_481,970|벌크 + 쿨러_476,990|_벌크_466,950|해외구매 | _정품_489,910|벌크 + 쿨러_476,990|_벌크_466,940|해외구매 | _정품_492,190|벌크 + 쿨러_489,930|_벌크_478,850|해외구매 | _정품_493,490|벌크 + 쿨러_476,990|_벌크_466,940|해외구매 | _정품_494,550|벌크 + 쿨러_480,990|_벌크_468,390|해외구매 | _정품_494,550|벌크 + 쿨러_484,990|_벌크_472,790|해외구매 | _정품_494,990|벌크 + 쿨러_489,930|_벌크_478,850|해외구매 | _정품_495,060|벌크 + 쿨러_488,380|_벌크_477,890|해외구매 | _정품_495,060|벌크 + 쿨러_489,930|_벌크_478,850|해외구매 | _정품_496,350|벌크 + 쿨러_480,120|_벌크_470,420|해외구매 | _정품_496,350|벌크 + 쿨러_489,930|_벌크_478,850|해외구매 | _정품_496,351|벌크 + 쿨러_480,126|_벌크_470,429|해외구매 | _정품_499,970|벌크 + 쿨러_496,230|_벌크_472,700|해외구매 | _정품_505,240|벌크 + 쿨러_489,930|_벌크_478,850|해외구매 | _정품_507,680|벌크 + 쿨러_499,990|_벌크_486,490|해외구매 | _정품_509,870|벌크 + 쿨러_489,940|_벌크_479,490|해외구매 | _정품_511,490|벌크 + 쿨러_498,740|_벌크_482,600|해외구매 | _정품_511,490|벌크 + 쿨러_499,990|_벌크_482,710|해외구매 | _정품_511,490|벌크 + 쿨러_499,990|_벌크_483,600|해외구매 | _정품_512,660|벌크 + 쿨러_489,950|_벌크_479,500|해외구매 | _정품_515,640|벌크 + 쿨러_499,990|_벌크_486,490|해외구매 | _정품_515,760|벌크 + 쿨러_500,000|_벌크_470,180|해외구매 | _정품_515,880|벌크 + 쿨러_503,990|_벌크_470,300|해외구매 | _정품_516,000|벌크 + 쿨러_503,990|_벌크_470,420|해외구매 | _정품_516,120|벌크 + 쿨러_503,990|_벌크_470,540|해외구매 | _정품_516,230|벌크 + 쿨러_504,000|_벌크_472,610|해외구매",626100,626100,626100,626100,626100,626100,626100,626100,626100,626100,626100,626100,626100,626100,642700,647700,647600,647600,639200,639200,649190,649190,649090,649090,649090,649090,649090,629100,619900,563110,563110
32038001,인텔 코어i7-14세대 14700 (랩터레이크 리프레시),인텔 코어i7-14세대 14700,랩터레이크 리프레시,"_정품_481,960|벌크 + 쿨러_476,990|_벌크_464,180|해외구매 | _정품_481,960|벌크 + 쿨러_476,990|_벌크_464,210|해외구매 | _정품_481,970|벌크 + 쿨러_476,990|_벌크_466,950|해외구매 | _정품_489,910|벌크 + 쿨러_476,990|_벌크_466,940|해외구매 | _정품_492,190|벌크 + 쿨러_489,930|_벌크_478,850|해외구매 | _정품_493,490|벌크 + 쿨러_476,990|_벌크_466,940|해외구매 | _정품_494,550|벌크 + 쿨러_480,990|_벌크_468,390|해외구매 | _정품_494,550|벌크 + 쿨러_484,990|_벌크_472,790|해외구매 | _정품_494,990|벌크 + 쿨러_489,930|_벌크_478,850|해외구매 | _정품_495,060|벌크 + 쿨러_488,380|_벌크_477,890|해외구매 | _정품_495,060|벌크 + 쿨러_489,930|_벌크_478,850|해외구매 | _정품_496,350|벌크 + 쿨러_480,120|_벌크_470,420|해외구매 | _정품_496,350|벌크 + 쿨러_489,930|_벌크_478,850|해외구매 | _정품_496,351|벌크 + 쿨러_480,126|_벌크_470,429|해외구매 | _정품_499,970|벌크 + 쿨러_496,230|_벌크_472,700|해외구매 | _정품_505,240|벌크 + 쿨러_489,930|_벌크_478,850|해외구매 | _정품_507,680|벌크 + 쿨러_499,990|_벌크_486,490|해외구매 | _정품_509,870|벌크 + 쿨러_489,940|_벌크_479,490|해외구매 | _정품_511,490|벌크 + 쿨러_498,740|_벌크_482,600|해외구매 | _정품_511,490|벌크 + 쿨러_499,990|_벌크_482,710|해외구매 | _정품_511,490|벌크 + 쿨러_499,990|_벌크_483,600|해외구매 | _정품_512,660|벌크 + 쿨러_489,950|_벌크_479,500|해외구매 | _정품_515,640|벌크 + 쿨러_499,990|_벌크_486,490|해외구매 | _정품_515,760|벌크 + 쿨러_500,000|_벌크_470,180|해외구매 | _정품_515,880|벌크 + 쿨러_503,990|_벌크_470,300|해외구매 | _정품_516,000|벌크 + 쿨러_503,990|_벌크_470,420|해외구매 | _정품_516,120|벌크 + 쿨러_503,990|_벌크_470,540|해외구매 | _정품_516,230|벌크 + 쿨러_504,000|_벌크_472,610|해외구매",626100,626100,626100,626100,626100,626100,626100,626100,626100,626100,626100,626100,626100,626100,642700,647700,647600,647600,639200,639200,649190,649190,649090,649090,649090,649090,649090,629100,619900,563110,563110
35230379,인텔 코어i7-14세대 14700F (랩터레이크 리프레시),인텔 코어i7-14세대 14700F,랩터레이크 리프레시,"_정품_410,000|벌크 + 쿨러_446,990|_벌크_436,640|해외구매 | _정품_430,150|벌크 + 쿨러_443,000|_벌크_431,990|해외구매 | _정품_430,260|벌크 + 쿨러_436,300|_벌크_423,760|해외구매 | _정품_430,360|벌크 + 쿨러_436,330|_벌크_423,790|해외구매 | _정품_440,000|벌크 + 쿨러_446,990|_벌크_436,640|해외구매 | _정품_445,974|벌크 + 쿨러_446,960|_벌크_437,260|해외구매 | _정품_445,974|벌크 + 쿨러_454,960|_벌크_445,090|해외구매 | _정품_455,635|벌크 + 쿨러_446,962|_벌크_437,265|해외구매 | _정품_461,890|벌크 + 쿨러_447,000|_벌크_436,650|해외구매 | _정품_463,790|벌크 + 쿨러_454,960|_벌크_445,090|해외구매 | _정품_464,290|벌크 + 쿨러_455,910|_벌크_448,490|해외구매 | _정품_464,290|벌크 + 쿨러_456,420|_벌크_449,000|해외구매 | _정품_464,310|벌크 + 쿨러_456,430|_벌크_449,010|해외구매 | _정품_466,920|벌크 + 쿨러_456,440|_벌크_449,020|해외구매 | _정품_467,000|벌크 + 쿨러_470,390|_벌크_453,380|해외구매 | _정품_468,280|벌크 + 쿨러_462,940|_벌크_449,940|해외구매 | _정품_470,550|벌크 + 쿨러_462,950|_벌크_449,960|해외구매 | _정품_471,560|벌크 + 쿨러_465,140|_벌크_452,150|해외구매 | _정품_471,590|벌크 + 쿨러_465,150|_벌크_452,570|해외구매 | _정품_472,880|벌크 + 쿨러_475,040|_벌크_452,370|해외구매 | _정품_472,890|벌크 + 쿨러_467,570|_벌크_451,590|해외구매 | _정품_474,990|벌크 + 쿨러_538,730|_벌크_461,760|해외구매 | _정품_479,100|벌크 + 쿨러_466,200|_벌크_451,230|해외구매 | _정품_480,800|벌크 + 쿨러_470,400|_벌크_453,270|해외구매 | _정품_480,800|벌크 + 쿨러_538,730|_벌크_461,760|해외구매",557900,557900,557900,557900,557900,557900,557900,557900,557900,557900,557900,557900,557900,557900,560660,567900,567900,560660,559820,559820,559820,565710,565710,566560,566560,566560,566560,566560,566560,566560,566560
32156936,인텔 코어i7-14세대 14700F (랩터레이크 리프레시),인텔 코어i7-14세대 14700F,랩터레이크 리프레시,"_정품_410,000|벌크 + 쿨러_446,990|_벌크_436,640|해외구매 | _정품_430,150|벌크 + 쿨러_443,000|_벌크_431,990|해외구매 | _정품_430,260|벌크 + 쿨러_436,300|_벌크_423,760|해외구매 | _정품_430,360|벌크 + 쿨러_436,330|_벌크_423,790|해외구매 | _정품_440,000|벌크 + 쿨러_446,990|_벌크_436,640|해외구매 | _정품_445,974|벌크 + 쿨러_446,960|_벌크_437,260|해외구매 | _정품_445,974|벌크 + 쿨러_454,960|_벌크_445,090|해외구매 | _정품_455,635|벌크 + 쿨러_446,962|_벌크_437,265|해외구매 | _정품_461,890|벌크 + 쿨러_447,000|_벌크_436,650|해외구매 | _정품_463,790|벌크 + 쿨러_454,960|_벌크_445,090|해외구매 | _정품_464,290|벌크 + 쿨러_455,910|_벌크_448,490|해외구매 | _정품_464,290|벌크 + 쿨러_456,420|_벌크_449,000|해외구매 | _정품_464,310|벌크 + 쿨러_456,430|_벌크_449,010|해외구매 | _정품_466,920|벌크 + 쿨러_456,440|_벌크_449,020|해외구매 | _정품_467,000|벌크 + 쿨러_470,390|_벌크_453,380|해외구매 | _정품_468,280|벌크 + 쿨러_462,940|_벌크_449,940|해외구매 | _정품_470,550|벌크 + 쿨러_462,950|_벌크_449,960|해외구매 | _정품_471,560|벌크 + 쿨러_465,140|_벌크_452,150|해외구매 | _정품_471,590|벌크 + 쿨러_465,150|_벌크_452,570|해외구매 | _정품_472,880|벌크 + 쿨러_475,040|_벌크_452,370|해외구매 | _정품_472,890|벌크 + 쿨러_467,570|_벌크_451,590|해외구매 | _정품_474,990|벌크 + 쿨러_538,730|_벌크_461,760|해외구매 | _정품_479,100|벌크 + 쿨러_466,200|_벌크_451,230|해외구매 | _정품_480,800|벌크 + 쿨러_470,400|_벌크_453,270|해외구매 | _정품_480,800|벌크 + 쿨러_538,730|_벌크_461,760|해외구매",557900,557900,557900,557900,557900,557900,557900,557900,557900,557900,557900,557900,557900,557900,560660,567900,567900,560660,559820,559820,559820,565710,565710,566560,566560,566560,566560,566560,566560,566560,566560
28920827,인텔 코어i7-14세대 14700K (랩터레이크 리프레시),인텔 코어i7-14세대 14700K,랩터레이크 리프레시,"_정품_461,900|_벌크_521,780|해외구매 | _정품_539,182|_벌크_523,280|해외구매 | _정품_541,685|_벌크_523,280|해외구매 | _정품_543,900|_벌크_527,760|해외구매 | _정품_543,900|_벌크_527,790|해외구매 | _정품_547,420|_벌크_534,100|해외구매 | _정품_549,400|_벌크_534,100|해외구매 | _정품_558,540|_벌크_523,280|해외구매 | _정품_559,260|_벌크_523,280|해외구매 | _정품_559,270|_벌크_521,780|해외구매 | _정품_560,380|_벌크_526,490|해외구매 | _정품_563,540|_벌크_526,510|해외구매 | _정품_564,050|_벌크_527,550|해외구매 | _정품_564,060|_벌크_528,020|해외구매 | _정품_565,070|_벌크_526,150|해외구매 | _정품_566,120|_벌크_528,030|해외구매 | _정품_566,630|_벌크_529,800|해외구매 | _정품_566,630|_벌크_530,840|해외구매 | _정품_566,630|_벌크_532,180|해외구매 | _정품_566,630|_벌크_532,190|해외구매 | _정품_566,630|_벌크_534,000|해외구매 | _정품_566,630|_벌크_535,360|해외구매 | _정품_567,150|_벌크_536,170|해외구매",536000,536000,536000,536000,536000,536000,536000,536000,536000,536000,536000,536000,536000,536000,557000,557000,557000,557000,557000,557000,557000,557000,557000,557000,557000,557000,557000,557000,557000,557000,557000
28799435,인텔 코어i7-14세대 14700K (랩터레이크 리프레시),인텔 코어i7-14세대 14700K,랩터레이크 리프레시,"_정품_461,900|_벌크_521,780|해외구매 | _정품_539,182|_벌크_523,280|해외구매 | _정품_541,685|_벌크_523,280|해외구매 | _정품_543,900|_벌크_527,760|해외구매 | _정품_543,900|_벌크_527,790|해외구매 | _정품_547,420|_벌크_534,100|해외구매 | _정품_549,400|_벌크_534,100|해외구매 | _정품_558,540|_벌크_523,280|해외구매 | _정품_559,260|_벌크_523,280|해외구매 | _정품_559,270|_벌크_521,780|해외구매 | _정품_560,380|_벌크_526,490|해외구매 | _정품_563,540|_벌크_526,510|해외구매 | _정품_564,050|_벌크_527,550|해외구매 | _정품_564,060|_벌크_528,020|해외구매 | _정품_565,070|_벌크_526,150|해외구매 | _정품_566,120|_벌크_528,030|해외구매 | _정품_566,630|_벌크_529,800|해외구매 | _정품_566,630|_벌크_530,840|해외구매 | _정품_566,630|_벌크_532,180|해외구매 | _정품_566,630|_벌크_532,190|해외구매 | _정품_566,630|_벌크_534,000|해외구매 | _정품_566,630|_벌크_535,360|해외구매 | _정품_567,150|_벌크_536,170|해외구매",536000,536000,536000,536000,536000,536000,536000,536000,536000,536000,536000,536000,536000,536000,557000,557000,557000,557000,557000,557000,557000,557000,557000,557000,557000,557000,557000,557000,557000,557000,557000
29959874,인텔 코어i7-14세대 14700KF (랩터레이크 리프레시),인텔 코어i7-14세대 14700KF,랩터레이크 리프레시,"_정품_499,870|_벌크_472,390|해외구매 | _정품_499,970|_벌크_472,390|해외구매 | _정품_503,090|_벌크_464,610|해외구매 | _정품_505,129|_벌크_464,610|해외구매 | _정품_509,700|_벌크_472,390|해외구매 | _정품_512,890|_벌크_464,100|해외구매 | _정품_512,890|_벌크_464,610|해외구매 | _정품_515,130|_벌크_464,610|해외구매 | _정품_516,060|_벌크_471,700|해외구매 | _정품_519,820|_벌크_464,620|해외구매 | _정품_522,090|_벌크_470,750|해외구매 | _정품_522,090|_벌크_470,870|해외구매 | _정품_522,100|_벌크_469,900|해외구매 | _정품_524,800|_벌크_470,550|해외구매 | _정품_524,900|_벌크_469,170|해외구매 | _정품_525,010|_벌크_469,170|해외구매 | _정품_525,130|_벌크_469,170|해외구매 | _정품_525,160|_벌크_469,180|해외구매 | _정품_526,220|_벌크_466,070|해외구매 | _정품_526,340|_벌크_466,690|해외구매 | _정품_526,350|_벌크_468,300|해외구매 | _정품_526,370|_벌크_469,960|해외구매 | _정품_526,480|_벌크_470,040|해외구매",577500,622010,622010,577500,600500,616210,616210,600500,600500,595900,595900,616390,616390,617540,617540,593000,593000,593000,593000,593000,593000,593000,593000,660150,655360,656390,653980,654040,653560,663090,640660
28799498,인텔 코어i7-14세대 14700KF (랩터레이크 리프레시),인텔 코어i7-14세대 14700KF,랩터레이크 리프레시,"_정품_499,870|_벌크_472,390|해외구매 | _정품_499,970|_벌크_472,390|해외구매 | _정품_503,090|_벌크_464,610|해외구매 | _정품_505,129|_벌크_464,610|해외구매 | _정품_509,700|_벌크_472,390|해외구매 | _정품_512,890|_벌크_464,100|해외구매 | _정품_512,890|_벌크_464,610|해외구매 | _정품_515,130|_벌크_464,610|해외구매 | _정품_516,060|_벌크_471,700|해외구매 | _정품_519,820|_벌크_464,620|해외구매 | _정품_522,090|_벌크_470,750|해외구매 | _정품_522,090|_벌크_470,870|해외구매 | _정품_522,100|_벌크_469,900|해외구매 | _정품_524,800|_벌크_470,550|해외구매 | _정품_524,900|_벌크_469,170|해외구매 | _정품_525,010|_벌크_469,170|해외구매 | _정품_525,130|_벌크_469,170|해외구매 | _정품_525,160|_벌크_469,180|해외구매 | _정품_526,220|_벌크_466,070|해외구매 | _정품_526,340|_벌크_466,690|해외구매 | _정품_526,350|_벌크_468,300|해외구매 | _정품_526,370|_벌크_469,960|해외구매 | _정품_526,480|_벌크_470,040|해외구매",577500,622010,622010,577500,600500,616210,616210,600500,600500,595900,595900,616390,616390,617540,617540,593000,593000,593000,593000,593000,593000,593000,593000,660150,655360,656390,653980,654040,653560,663090,640660
32457785,인텔 코어i7-14세대 14700T (랩터레이크 리프레시),인텔 코어i7-14세대 14700T,랩터레이크 리프레시,벌크,608440,608410,608400,608370,615590,615590,615590,615490,615360,615250,615240,615210,615090,614970,614850,614730,614610,614490,614370,614250,614130,614010,613890,613770,613650,613530,613410,613310,613190,613070,612950
1013075,인텔 코어i7-1세대 860 (린필드),인텔 코어i7-1세대 860,린필드,중고,11900,11800,11770,11650,11950,11950,9500,9500,9500,9500,9500,9500,9500,9500,9500,9500,9500,9500,9500,9500,9500,9500,9500,9500,9500,9500,9500,9500,9500,9500,9500
4144446,인텔 코어i7-1세대 870 (린필드),인텔 코어i7-1세대 870,린필드,중고,12860,12830,12710,12590,12870,12870,12870,12770,12640,12530,12520,12490,12370,12880,12850,12870,12870,12870,12870,12870,13010,13010,13010,13010,13010,13010,13010,12870,12870,12870,12870
4477154,인텔 코어i7-1세대 950 (블룸필드),인텔 코어i7-1세대 950,블룸필드,중고,7760,7640,7630,7600,7830,7830,7830,7730,7600,7830,7800,7680,7560,7830,7800,7830,7830,7830,7830,7830,7830,7820,7820,7810,7900,7830,7830,7900,7830,7830,7900
4147680,인텔 코어i7-2세대 2600 (샌디브릿지),인텔 코어i7-2세대 2600,샌디브릿지,중고,27000,27000,27000,27000,27000,27000,24300,24300,27000,27000,27000,27000,27000,27000,27000,27000,27000,27000,27000,27000,29910,29880,29770,29990,29960,29840,29980,27000,27000,27000,27000
1376231,인텔 코어i7-2세대 2600K (샌디브릿지),인텔 코어i7-2세대 2600K,샌디브릿지,"_벌크 + 쿨러_36,050|_중고 | _벌크 + 쿨러_36,170|_중고 | _벌크 + 쿨러_36,290|_중고 | _벌크 + 쿨러_36,330|_중고 | _벌크 + 쿨러_36,360|_중고 | _벌크 + 쿨러_36,370|_중고 | _벌크 + 쿨러_36,400|_중고 | _벌크 + 쿨러_36,410|_중고 | _벌크 + 쿨러_36,440|_중고 | _벌크 + 쿨러_36,450|_중고 | _벌크 + 쿨러_36,560|_중고 | _벌크 + 쿨러_36,690|_중고 | _벌크 + 쿨러_36,790|_중고 | _벌크 + 쿨러_36,990|_중고",31800,31770,31760,31730,32190,32190,32190,32090,31960,31850,31840,31810,31690,31570,32200,32190,32190,32190,32190,32190,32490,32490,32490,32490,32490,32490,32490,32190,32190,32190,32190
13395629,인텔 코어i7-2세대 2700K (샌디브릿지),인텔 코어i7-2세대 2700K,샌디브릿지,중고,0,0,0,0,0,0,0,0,0,0,0,0,0,0,0,0,0,0,0,0,0,0,0,0,0,0,0,0,72000,0,0
1678802,인텔 코어i7-3세대 3770 (아이비브릿지),인텔 코어i7-3세대 3770,아이비브릿지,"_벌크 + 쿨러_43,540|_중고 | _벌크 + 쿨러_44,840|_중고 | _벌크 + 쿨러_44,970|_중고 | _벌크 + 쿨러_45,050|_중고 | _벌크 + 쿨러_45,070|_중고 | _벌크 + 쿨러_45,080|_중고 | _벌크 + 쿨러_48,250|_중고 | _벌크 + 쿨러_48,370|_중고 | _벌크 + 쿨러_48,490|_중고 | _벌크 + 쿨러_48,520|_중고 | _벌크 + 쿨러_48,530|_중고 | _벌크 + 쿨러_48,590|_중고 | _벌크 + 쿨러_50,210|_중고",40450,40330,40320,40290,40470,40470,40470,40370,40240,40480,40480,40480,40480,40480,40480,40480,40480,40480,40480,40480,42340,42340,42340,41990,41990,41990,41990,40480,40480,40480,40480
1678803,인텔 코어i7-3세대 3770K (아이비브릿지),인텔 코어i7-3세대 3770K,아이비브릿지,"_벌크_44,840|_중고 | _벌크_46,290|_중고 | _벌크_46,370|_중고",50670,50670,50670,50670,50670,50670,50670,50670,50670,50670,50670,50670,50670,50670,50670,50670,50670,50670,50670,50670,56290,56290,56290,56290,56290,56290,56290,50670,50670,50670,50670
2081225,인텔 코어i7-4세대 4770 (하스웰),인텔 코어i7-4세대 4770,하스웰,"_벌크_46,960|_중고 | _벌크_46,990|_중고 | _벌크_47,000|_중고 | _벌크_47,030|_중고 | _벌크_48,250|_중고 | _벌크_48,360|_중고 | _벌크_48,490|_중고 | _벌크_48,520|_중고 | _벌크_48,530|_중고 | _벌크_48,560|_중고 | _벌크_48,590|_중고 | _벌크_48,600|_중고 | _벌크_50,890|_중고",45900,45900,45900,45900,45900,45900,41300,41300,41300,46000,46000,46000,46000,46000,46000,46000,46000,47520,47520,47520,48390,48390,48390,49280,49280,49280,49280,48590,48590,48590,48590
2081228,인텔 코어i7-4세대 4770K (하스웰),인텔 코어i7-4세대 4770K,하스웰,"_벌크_53,000|_중고 | _벌크_58,500|_중고 | _벌크_60,260|_중고 | _벌크_60,500|_중고 | _벌크_60,510|_중고",52420,52420,53100,53070,53090,53090,53090,53090,53060,53030,53020,52990,35780,53080,53090,53090,53090,53090,53090,53090,54720,54690,39900,39900,39900,39900,39900,36700,36700,36700,53090
2783222,인텔 코어i7-4세대 4790 (하스웰 리프레시),인텔 코어i7-4세대 4790,하스웰 리프레시,"_벌크 + 쿨러_96,030|벌크_48,600|_중고 | _벌크 + 쿨러_97,090|벌크_53,990|_중고 | 벌크 + 쿨러_93,890|_벌크_48,170|_중고 | 벌크 + 쿨러_93,920|_벌크_48,200|_중고 | 벌크 + 쿨러_93,930|_벌크_48,210|_중고 | 벌크 + 쿨러_93,960|_벌크_48,240|_중고 | 벌크 + 쿨러_95,290|_벌크_48,590|_중고 | 벌크 + 쿨러_95,410|_벌크_48,250|_중고 | 벌크 + 쿨러_95,530|_벌크_48,370|_중고 | 벌크 + 쿨러_95,650|_벌크_48,490|_중고 | 벌크 + 쿨러_95,680|_벌크_48,520|_중고 | 벌크 + 쿨러_95,690|_벌크_48,530|_중고 | 벌크 + 쿨러_95,800|_벌크_48,560|_중고 | 벌크 + 쿨러_95,930|_벌크_48,590|_중고 | 벌크 + 쿨러_96,030|_벌크_48,590|_중고 | 벌크 + 쿨러_96,030|_벌크_48,600|_중고 | 벌크 + 쿨러_97,090|_벌크_53,990|_중고",43990,43990,43990,45000,45000,46000,46000,46000,46000,46000,46000,46000,46000,47520,45000,45000,47520,47520,47520,47520,48400,48370,48270,48990,48990,48990,48990,48410,48410,48410,48410
6112865,인텔 코어i7-4세대 4790K (데빌스캐년),인텔 코어i7-4세대 4790K,데빌스캐년,중고,69990,69990,71730,71700,71720,71720,71720,71720,71720,71630,71600,71480,71360,71240,71720,71720,71720,71720,71720,71720,75600,75600,75600,75600,75600,75600,75600,71720,71720,71720,71720
3412425,인텔 코어i7-6세대 6700 (스카이레이크),인텔 코어i7-6세대 6700,스카이레이크,"_벌크 + 쿨러_80,480|벌크_74,520|_중고 | _벌크 + 쿨러_80,510|벌크_74,550|_중고 | _벌크 + 쿨러_80,520|벌크_74,560|_중고 | _벌크 + 쿨러_80,540|벌크_75,140|_중고 | _벌크 + 쿨러_80,550|벌크_74,590|_중고 | _벌크 + 쿨러_83,800|벌크_78,400|_중고 | _벌크 + 쿨러_83,920|벌크_78,520|_중고 | _벌크 + 쿨러_84,040|_벌크_78,640|중고 | _벌크 + 쿨러_84,070|_벌크_78,670|중고 | _벌크 + 쿨러_84,140|벌크_78,740|_중고 | _벌크 + 쿨러_86,950|벌크_81,370|_중고 | 벌크 + 쿨러_80,510|_벌크_75,110|_중고 | 벌크 + 쿨러_80,540|_벌크_75,140|_중고 | 벌크 + 쿨러_84,080|_벌크_78,680|_중고",70200,71760,71760,71760,71760,71760,71760,71760,71760,71760,71760,71760,69820,71760,71760,71760,71760,71760,71760,71760,77990,77990,77990,77990,77990,77990,77990,71760,71760,71760,71760
3444847,인텔 코어i7-6세대 6700K (스카이레이크),인텔 코어i7-6세대 6700K,스카이레이크,"_벌크 + 쿨러_81,430|_벌크_75,710|중고_73,500|해외구매 | _벌크 + 쿨러_81,460|_벌크_75,830|중고_76,500|해외구매 | _벌크 + 쿨러_81,470|벌크_75,950|_중고_76,500|해외구매 | _벌크 + 쿨러_81,500|_벌크_75,980|중고_76,500|해외구매 | _벌크 + 쿨러_81,890|_벌크_76,490|중고_72,580|해외구매 | 벌크 + 쿨러_81,860|_벌크_76,460|_중고_72,580|해외구매 | 벌크 + 쿨러_81,890|_벌크_76,490|_중고_72,580|해외구매 | 벌크 + 쿨러_83,780|_벌크_78,380|_중고_77,280|해외구매 | 벌크 + 쿨러_83,900|_벌크_78,500|_중고_72,580|해외구매 | 벌크 + 쿨러_84,020|_벌크_78,620|_중고_72,580|해외구매 | 벌크 + 쿨러_84,050|_벌크_78,650|_중고_72,580|해외구매 | 벌크 + 쿨러_84,060|_벌크_78,660|_중고_72,580|해외구매 | 벌크 + 쿨러_84,140|_벌크_78,740|_중고_77,280|해외구매 | 벌크 + 쿨러_86,950|_벌크_81,370|_중고_81,060|해외구매 | 벌크 + 쿨러_86,950|_벌크_81,370|_중고_83,990|해외구매",213100,214450,214450,214450,214450,231950,230600,230600,230600,230600,230600,230600,230600,230600,230600,230600,230600,230600,230600,230600,235570,235570,235570,235570,235570,235570,235570,230600,230600,230600,230600
4866420,인텔 코어i7-7세대 7700 (카비레이크),인텔 코어i7-7세대 7700,카비레이크,"_벌크 + 쿨러_146,535|벌크_117,890|해외구매_297,900|_중고 | _벌크 + 쿨러_149,076|벌크_126,390|해외구매_297,900|_중고 | _벌크 + 쿨러_149,320|벌크_117,890|해외구매_297,900|_중고 | _벌크 + 쿨러_150,910|벌크_118,990|해외구매_297,900|_중고 | _벌크 + 쿨러_155,910|벌크_118,990|해외구매_297,900|_중고 | _벌크 + 쿨러_155,910|벌크_125,220|해외구매_297,900|_중고 | _벌크 + 쿨러_158,790|벌크_126,390|해외구매_297,900|_중고 | _벌크 + 쿨러_158,800|벌크_126,390|해외구매_297,900|_중고 | 벌크 + 쿨러_128,610|_벌크_118,710|해외구매_297,900|_중고 | 벌크 + 쿨러_128,730|_벌크_118,830|해외구매_297,900|_중고 | 벌크 + 쿨러_128,760|_벌크_118,950|해외구매_297,900|_중고 | 벌크 + 쿨러_128,770|_벌크_118,980|해외구매_297,900|_중고 | 벌크 + 쿨러_144,700|_벌크_118,590|해외구매_297,900|_중고 | 벌크 + 쿨러_146,535|_벌크_117,890|해외구매_297,900|_중고 | 벌크 + 쿨러_149,320|_벌크_118,990|해외구매_297,900|_중고",92700,94760,94760,94760,104580,104580,80860,104580,104580,104580,104580,104580,104580,104580,104580,93840,93840,93840,84540,84540,91900,91900,95040,112860,112860,91900,91900,84540,84540,103960,103960
4820435,인텔 코어i7-7세대 7700K (카비레이크),인텔 코어i7-7세대 7700K,카비레이크,"_벌크_124,390|해외구매_267,500|_중고 | _벌크_124,390|해외구매_273,900|_중고 | _벌크_124,960|해외구매_273,900|_중고 | _벌크_124,990|해외구매_273,900|_중고 | _벌크_134,550|해외구매_273,900|_중고 | _벌크_139,890|해외구매_248,200|_중고 | _벌크_150,200|해외구매_273,900|_중고 | _벌크_151,890|해외구매_273,900|_중고 | _벌크_156,890|해외구매_248,200|_중고",122360,122370,122370,122370,122370,122370,122370,122370,122370,122370,122370,123380,123380,123380,123380,125080,125080,125080,125080,125080,128210,128210,128210,128210,128210,128210,128210,125080,125080,125080,125080
5530013,인텔 코어i7-8세대 8700 (커피레이크),인텔 코어i7-8세대 8700,커피레이크,"_정품_525,660|벌크 + 쿨러_154,090|벌크_127,050|해외구매_164,400|_중고 | _정품_525,660|벌크 + 쿨러_154,090|벌크_127,080|해외구매_164,400|_중고 | _정품_525,660|벌크 + 쿨러_154,090|벌크_127,090|해외구매_164,400|_중고 | _정품_525,660|벌크 + 쿨러_154,090|벌크_127,120|해외구매_160,830|_중고 | _정품_525,660|벌크 + 쿨러_154,090|벌크_127,760|해외구매_165,530|_중고 | _정품_525,660|벌크 + 쿨러_154,090|벌크_127,790|해외구매_164,400|_중고 | _정품_525,660|벌크 + 쿨러_154,090|벌크_140,050|해외구매_164,400|_중고 | _정품_525,660|벌크 + 쿨러_154,090|벌크_140,170|해외구매_164,400|_중고 | _정품_525,660|벌크 + 쿨러_154,090|벌크_140,280|해외구매_164,400|_중고 | _정품_525,660|벌크 + 쿨러_154,090|벌크_140,320|해외구매_165,530|_중고 | _정품_525,660|벌크 + 쿨러_154,090|벌크_140,330|해외구매_165,530|_중고 | _정품_525,660|벌크 + 쿨러_160,540|벌크_140,390|해외구매_164,400|_중고 | _정품_525,660|벌크 + 쿨러_160,540|벌크_143,510|해외구매_164,400|_중고 | _정품_525,660|벌크 + 쿨러_160,540|벌크_143,510|해외구매_166,120|_중고 | _정품_525,660|벌크 + 쿨러_160,540|벌크_145,070|해외구매_179,760|_중고 | _정품_525,660|벌크 + 쿨러_160,540|벌크_145,070|해외구매_179,880|_중고 | _정품_525,660|벌크 + 쿨러_160,540|벌크_145,070|해외구매_180,000|_중고 | _정품_525,660|벌크 + 쿨러_160,540|벌크_145,070|해외구매_180,120|_중고 | _정품_525,660|벌크 + 쿨러_160,540|벌크_145,070|해외구매_180,240|_중고 | _정품_525,660|벌크 + 쿨러_160,540|벌크_145,070|해외구매_180,360|_중고 | _정품_525,660|벌크 + 쿨러_160,540|벌크_145,070|해외구매_180,480|_중고",126000,128800,128800,128800,128800,128340,127000,126960,126960,126960,126960,126960,126960,126990,127000,127000,136160,136160,136160,136160,137890,137770,137650,143120,143120,143120,143120,141570,141570,141570,141570
5529981,인텔 코어i7-8세대 8700K (커피레이크),인텔 코어i7-8세대 8700K,커피레이크,"_정품_599,800|병행수입 박스_244,660|벌크 + 쿨러_184,790|벌크_136,800|해외구매_175,280|_중고 | _정품_599,800|병행수입 박스_244,690|벌크 + 쿨러_184,790|_벌크_136,800|해외구매_175,280|중고 | _정품_599,800|병행수입 박스_244,700|벌크 + 쿨러_184,790|_벌크_136,800|해외구매_162,890|중고 | _정품_599,800|병행수입 박스_244,730|벌크 + 쿨러_184,790|_벌크_136,800|해외구매_162,890|중고 | _정품_599,800|병행수입 박스_245,840|벌크 + 쿨러_176,550|_벌크_144,000|해외구매_175,280|중고 | _정품_599,800|병행수입 박스_245,960|벌크 + 쿨러_176,550|_벌크_143,100|해외구매_175,280|중고 | _정품_599,800|병행수입 박스_246,080|벌크 + 쿨러_176,550|_벌크_136,800|해외구매_175,280|중고 | _정품_599,800|병행수입 박스_246,200|벌크 + 쿨러_176,550|_벌크_136,800|해외구매_175,280|중고 | _정품_599,800|병행수입 박스_246,290|_벌크 + 쿨러_176,550|벌크_149,000|해외구매_187,620|중고 | _정품_599,800|병행수입 박스_246,290|_벌크 + 쿨러_176,550|벌크_150,490|해외구매_192,610|중고 | _정품_599,800|병행수입 박스_246,300|_벌크 + 쿨러_176,550|벌크_150,490|해외구매_192,610|중고 | _정품_599,800|병행수입 박스_246,320|벌크 + 쿨러_176,550|_벌크_136,800|해외구매_175,280|중고 | _정품_599,800|병행수입 박스_246,350|벌크 + 쿨러_176,550|_벌크_136,800|해외구매_175,280|중고 | _정품_599,800|병행수입 박스_246,360|_벌크 + 쿨러_176,550|벌크_149,000|해외구매_187,620|중고 | _정품_599,800|병행수입 박스_246,360|_벌크 + 쿨러_176,550|벌크_150,490|해외구매_192,090|중고 | _정품_599,800|병행수입 박스_246,360|_벌크 + 쿨러_176,550|벌크_150,490|해외구매_192,610|중고 | _정품_599,800|병행수입 박스_246,360|벌크 + 쿨러_176,550|_벌크_149,000|해외구매_175,280|중고 | _정품_599,800|병행수입 박스_246,360|벌크 + 쿨러_176,550|_벌크_149,000|해외구매_187,620|중고 | _정품_599,800|병행수입 박스_246,360|벌크 + 쿨러_176,550|벌크_149,000|해외구매_187,620|_중고 | _정품_599,800|병행수입 박스_246,410|벌크 + 쿨러_176,550|_벌크_136,800|해외구매_175,280|중고 | _정품_599,800|병행수입 박스_246,480|벌크 + 쿨러_176,550|_벌크_136,800|해외구매_175,280|중고 | _정품_599,800|병행수입 박스_246,580|벌크 + 쿨러_184,790|벌크_136,800|해외구매_175,280|_중고",135000,135000,135000,135000,135000,135000,135000,135000,135000,135000,135000,135000,135000,135000,135000,138000,138000,138000,138000,138000,146900,146780,146660,146540,146420,146300,146180,142130,142130,142130,142130
8650784,인텔 코어i7-9세대 9700 (커피레이크-R),인텔 코어i7-9세대 9700,커피레이크-R,"_벌크 + 쿨러_262,500|_벌크_200,990|중고 | _벌크 + 쿨러_262,500|벌크_200,990|_중고 | _벌크 + 쿨러_365,300|_벌크_192,990|중고 | _벌크 + 쿨러_365,300|_벌크_194,600|중고 | _벌크 + 쿨러_391,150|_벌크_200,990|중고 | _벌크 + 쿨러_392,360|_벌크_194,600|중고 | _벌크 + 쿨러_392,360|_벌크_200,990|중고 | _벌크 + 쿨러_392,360|벌크_200,990|_중고",175500,175470,175460,175430,177030,177030,177030,177990,177990,177990,177990,177990,180000,180000,184000,183300,179400,179400,179400,179400,188990,188990,188990,188990,188990,188990,188990,179400,179400,179400,179400
8372031,인텔 코어i7-9세대 9700F (커피레이크-R),인텔 코어i7-9세대 9700F,커피레이크-R,"_벌크 + 쿨러_187,000|_벌크",168880,168870,168880,168880,168880,168880,168880,168880,168880,168880,168880,168880,168880,168880,172620,172620,172620,172620,172620,172620,173310,173310,173310,173310,173310,173310,173310,172620,172620,172620,172620
6581257,인텔 코어i7-9세대 9700K (커피레이크-R),인텔 코어i7-9세대 9700K,커피레이크-R,"_벌크 + 쿨러_232,260|_벌크_197,510|해외구매_288,770|중고 | _벌크 + 쿨러_237,440|벌크_194,690|해외구매_236,300|_중고 | _벌크 + 쿨러_237,440|벌크_194,690|해외구매_241,610|_중고 | 벌크 + 쿨러_232,260|_벌크_197,510|해외구매_288,770|_중고 | 벌크 + 쿨러_232,260|_벌크_201,050|해외구매_308,760|_중고 | 벌크 + 쿨러_232,270|_벌크_198,050|해외구매_308,760|_중고 | 벌크 + 쿨러_232,270|_벌크_201,050|해외구매_308,760|_중고 | 벌크 + 쿨러_237,440|_벌크_194,690|해외구매_236,300|_중고 | 벌크 + 쿨러_237,440|_벌크_194,690|해외구매_241,610|_중고 | 벌크 + 쿨러_237,440|_벌크_197,510|해외구매_236,300|_중고 | 벌크 + 쿨러_237,440|_벌크_197,510|해외구매_255,500|_중고 | 벌크 + 쿨러_237,440|_벌크_197,510|해외구매_288,770|_중고 | 벌크 + 쿨러_237,440|_벌크_198,050|해외구매_308,760|_중고",172550,172450,172420,172300,172580,172580,172580,172580,172550,177990,177990,177990,177990,177990,181900,181930,181930,181930,181930,181930,184950,184950,184950,184950,184950,184950,184950,181930,181930,181930,181930
7517686,인텔 코어i7-9세대 9700KF (커피레이크-R),인텔 코어i7-9세대 9700KF,커피레이크-R,"_정품_203,190|병행수입 박스_205,420|벌크 + 쿨러_208,670|_벌크_196,850|해외구매 | _정품_203,190|병행수입 박스_205,450|벌크 + 쿨러_208,670|_벌크_196,850|해외구매 | _정품_203,190|병행수입 박스_205,460|벌크 + 쿨러_208,670|_벌크_196,850|해외구매 | _정품_203,190|병행수입 박스_205,570|벌크 + 쿨러_208,670|_벌크_196,850|해외구매 | _정품_203,200|병행수입 박스_205,590|벌크 + 쿨러_208,672|_벌크_196,850|해외구매 | _정품_204,215|병행수입 박스_203,702|_벌크 + 쿨러_208,807|벌크_202,450|해외구매 | _정품_209,980|병행수입 박스_205,590|벌크 + 쿨러_212,350|_벌크_196,850|해외구매 | _정품_209,980|병행수입 박스_209,470|_벌크 + 쿨러_214,730|벌크_199,500|해외구매 | _정품_209,980|병행수입 박스_209,470|_벌크 + 쿨러_214,730|벌크_202,450|해외구매 | _정품_209,980|병행수입 박스_209,470|벌크 + 쿨러_211,600|_벌크_199,500|해외구매 | _정품_209,980|병행수입 박스_209,470|벌크 + 쿨러_211,720|_벌크_196,510|해외구매 | _정품_209,980|병행수입 박스_209,470|벌크 + 쿨러_211,840|_벌크_196,630|해외구매 | _정품_209,980|병행수입 박스_209,470|벌크 + 쿨러_211,960|_벌크_196,750|해외구매 | _정품_209,980|병행수입 박스_209,470|벌크 + 쿨러_211,990|_벌크_196,780|해외구매 | _정품_209,980|병행수입 박스_209,470|벌크 + 쿨러_212,000|_벌크_196,850|해외구매 | _정품_209,980|병행수입 박스_209,470|벌크 + 쿨러_212,110|_벌크_196,850|해외구매 | _정품_209,980|병행수입 박스_209,470|벌크 + 쿨러_212,240|_벌크_196,850|해외구매 | _정품_209,980|병행수입 박스_209,470|벌크 + 쿨러_212,340|_벌크_196,850|해외구매 | _정품_209,980|병행수입 박스_209,470|벌크 + 쿨러_212,420|_벌크_199,500|해외구매 | _정품_209,980|병행수입 박스_209,470|벌크 + 쿨러_214,730|_벌크_199,500|해외구매 | _정품_209,980|병행수입 박스_209,470|벌크 + 쿨러_214,730|_벌크_202,450|해외구매",212870,212870,212870,212870,217650,217650,217650,212870,212870,212870,212870,212870,212870,212870,212870,212870,222440,222440,222440,222440,222440,222440,222440,222440,222440,222440,222440,222440,222440,222440,222440
12872624,인텔 코어i9-10세대 10850K (코멧레이크S),인텔 코어i9-10세대 10850K,코멧레이크S,해외구매,0,0,0,0,0,0,0,0,0,0,826600,826600,826600,0,0,0,0,0,0,0,0,0,0,0,0,0,0,0,0,0,0
13165070,인텔 코어i9-10세대 10900 (코멧레이크S),인텔 코어i9-10세대 10900,코멧레이크S,"병행수입 박스_424,480|_벌크 + 쿨러_411,960|_벌크_406,790|중고 | 병행수입 박스_424,510|_벌크 + 쿨러_411,960|_벌크_406,790|중고 | 병행수입 박스_424,520|_벌크 + 쿨러_411,960|_벌크_406,790|중고 | 병행수입 박스_424,550|_벌크 + 쿨러_411,960|_벌크_406,790|중고 | 병행수입 박스_430,610|_벌크 + 쿨러_417,180|_벌크_411,390|중고 | 병행수입 박스_430,720|_벌크 + 쿨러_417,180|_벌크_411,390|중고 | 병행수입 박스_430,850|_벌크 + 쿨러_417,180|_벌크_411,390|중고 | 병행수입 박스_430,950|_벌크 + 쿨러_415,370|_벌크_410,110|중고",424950,424950,424950,424950,424950,424950,424950,424950,424950,424950,0,0,0,0,0,0,0,0,0,0,0,0,0,0,0,0,0,0,0,0,0
11870941,인텔 코어i9-10세대 10900 (코멧레이크S),인텔 코어i9-10세대 10900,코멧레이크S,"_벌크 + 쿨러_417,180|_벌크_411,390|중고 | _벌크 + 쿨러_417,180|_벌크_416,610|중고 | _벌크 + 쿨러_422,718|_벌크_417,613|중고 | _벌크 + 쿨러_432,860|_벌크_418,300|중고",0,0,0,0,0,0,0,0,0,0,424950,424950,424950,424950,424950,424950,424950,424950,424950,424950,444950,444950,479770,479770,479770,479770,479770,459780,459780,459780,459780
11824936,인텔 코어i9-10세대 10900F (코멧레이크S),인텔 코어i9-10세대 10900F,코멧레이크S,"_벌크 + 쿨러_304,490|_벌크 | _벌크 + 쿨러_304,490|_벌크_299,240|해외구매 | _벌크 + 쿨러_320,000|_벌크_304,900|해외구매 | _벌크 + 쿨러_320,000|_벌크_311,910|해외구매 | _벌크 + 쿨러_320,000|_벌크_315,000|해외구매",299240,299240,299240,299240,299240,299240,299240,299240,299240,299240,299240,299240,299240,299240,299240,299240,299240,1317880,1317880,1315910,1315910,1307620,1307620,1277400,1305130,1318200,1319200,1291570,1291570,1314810,1460016
12309857,인텔 코어i9-10세대 10900K (코멧레이크S),인텔 코어i9-10세대 10900K,코멧레이크S,"_벌크 + 쿨러_780,000|_벌크",580000,580000,580000,580000,580000,580000,580000,580000,580000,580000,580000,580000,580000,580000,580000,580000,580000,580000,580000,580000,580000,580000,580000,580000,553200,553200,553200,553200,553200,553200,553200
15012758,인텔 코어i9-11세대 11900 (로켓레이크S),인텔 코어i9-11세대 11900,로켓레이크S,"_병행수입 박스_405,680|_벌크 + 쿨러_398,620|벌크",393390,393390,393390,393390,393390,393390,393390,393390,393390,393390,393390,393390,393390,393390,393390,393390,393390,393390,393390,393390,393390,393390,393390,393390,393390,393390,393390,393390,393390,393390,393390
13753673,인텔 코어i9-11세대 11900F (로켓레이크S),인텔 코어i9-11세대 11900F,로켓레이크S,"_정품_355,810|병행수입 박스_359,110|_벌크 + 쿨러_347,990|벌크 | _정품_355,810|병행수입 박스_359,110|_벌크 + 쿨러_348,000|벌크",353380,353380,353380,353380,353380,353380,353380,353380,353380,353380,353380,353380,353380,353380,353380,353380,353380,353380,353380,353380,353380,353380,353380,353380,353380,353380,353380,353380,353380,353380,353380
14241599,인텔 코어i9-11세대 11900K (로켓레이크S),인텔 코어i9-11세대 11900K,로켓레이크S,"_벌크 + 쿨러_403,190|_벌크 | _벌크 + 쿨러_414,190|_벌크 | _벌크 + 쿨러_415,140|_벌크 | _벌크 + 쿨러_415,140|_벌크_409,770|해외구매",361600,361600,372440,409780,409770,409770,409770,409770,409770,409770,409770,409770,409770,409770,196000,196000,196000,196000,196000,196000,196000,196000,196000,196000,196000,196000,196000,196000,196000,196000,196000
16101545,인텔 코어i9-12세대 12900 (엘더레이크),인텔 코어i9-12세대 12900,엘더레이크,"_정품_603,740|벌크 + 쿨러_601,770|_벌크_585,300|해외구매_718,000|중고 | _정품_603,740|벌크 + 쿨러_601,890|_벌크_585,300|해외구매_718,000|중고 | _정품_605,990|벌크 + 쿨러_601,730|_벌크_583,230|해외구매_718,000|중고 | _정품_612,210|벌크 + 쿨러_599,950|_벌크_569,790|해외구매_718,000|중고 | _정품_612,210|벌크 + 쿨러_601,530|_벌크_585,220|해외구매_718,000|중고 | _정품_612,210|벌크 + 쿨러_601,610|_벌크_585,230|해외구매_718,000|중고 | _정품_612,210|벌크 + 쿨러_601,760|_벌크_585,220|해외구매_718,000|중고 | _정품_612,210|벌크 + 쿨러_603,060|_벌크_569,790|해외구매_718,000|중고 | _정품_612,210|벌크 + 쿨러_603,060|_벌크_569,800|해외구매_718,000|중고 | _정품_612,210|벌크 + 쿨러_603,060|_벌크_585,220|해외구매_718,000|중고",465400,465400,465400,464120,464130,464130,464130,464120,464120,464120,464120,464120,464120,464120,464120,464120,464120,464120,464120,464120,464120,464120,464120,464120,464120,464120,464120,464120,464120,464120,464120
16101581,인텔 코어i9-12세대 12900F (엘더레이크),인텔 코어i9-12세대 12900F,엘더레이크,"_정품_520,600|_벌크 + 쿨러_622,360|벌크_554,010|해외구매 | _정품_520,630|벌크 + 쿨러_622,360|_벌크_554,010|해외구매 | _정품_520,640|벌크 + 쿨러_622,360|_벌크_443,300|해외구매 | _정품_520,670|벌크 + 쿨러_622,360|_벌크_443,300|해외구매 | _정품_521,990|_벌크 + 쿨러_622,360|벌크_554,010|해외구매 | _정품_521,990|_벌크 + 쿨러_622,370|벌크_554,010|해외구매 | _정품_521,990|벌크 + 쿨러_622,360|벌크_554,010|_해외구매 | _정품_522,000|_벌크 + 쿨러_571,190|벌크_546,930|해외구매 | _정품_522,000|_벌크 + 쿨러_622,360|벌크_554,010|해외구매 | _정품_522,000|_벌크 + 쿨러_622,370|벌크_554,010|해외구매 | _정품_522,000|벌크 + 쿨러_571,190|_벌크_546,930|해외구매 | _정품_522,000|벌크 + 쿨러_622,370|_벌크_554,010|해외구매 | _정품_522,000|벌크 + 쿨러_622,370|벌크_554,010|_해외구매",500200,500200,500200,500200,500200,500200,500200,500200,500200,500200,500200,500200,500200,500200,500200,500200,500200,500200,500200,500200,500200,500200,500200,500200,500200,500200,500200,500200,500200,500200,500200
15594887,인텔 코어i9-12세대 12900K (엘더레이크),인텔 코어i9-12세대 12900K,엘더레이크,"_정품_590,510|벌크 + 쿨러_502,450|_벌크_482,870|병행수입 박스_612,760|해외구매_463,530|중고 | _정품_590,510|벌크 + 쿨러_502,450|_벌크_482,870|병행수입 박스_612,760|해외구매_474,700|중고 | _정품_599,200|_벌크 + 쿨러_569,980|벌크_551,910|병행수입 박스_567,330|해외구매_431,230|중고 | _정품_599,200|_벌크 + 쿨러_569,980|벌크_551,910|병행수입 박스_567,330|해외구매_433,040|중고 | _정품_599,200|벌크 + 쿨러_555,110|_벌크_545,330|병행수입 박스_560,970|해외구매_404,040|중고 | _정품_599,200|벌크 + 쿨러_555,110|_벌크_545,330|병행수입 박스_560,970|해외구매_424,340|중고 | _정품_599,200|벌크 + 쿨러_555,110|_벌크_545,330|병행수입 박스_560,970|해외구매_426,940|중고 | _정품_599,200|벌크 + 쿨러_555,110|_벌크_545,330|병행수입 박스_560,970|해외구매_427,390|중고 | _정품_599,200|벌크 + 쿨러_555,120|_벌크_535,740|병행수입 박스_539,820|해외구매_427,730|중고 | _정품_599,200|벌크 + 쿨러_555,128|_벌크_535,741|병행수입 박스_539,822|해외구매_427,010|중고 | _정품_599,200|벌크 + 쿨러_563,830|_벌크_544,560|병행수입 박스_560,970|해외구매_397,070|중고 | _정품_599,200|벌크 + 쿨러_563,850|_벌크_546,640|병행수입 박스_560,970|해외구매_426,580|중고 | _정품_599,200|벌크 + 쿨러_566,470|_벌크_548,730|병행수입 박스_567,330|해외구매_430,360|중고 | _정품_599,200|벌크 + 쿨러_566,480|_벌크_549,320|병행수입 박스_567,330|해외구매_429,860|중고 | _정품_599,200|벌크 + 쿨러_569,630|_벌크_549,330|병행수입 박스_567,330|해외구매_430,930|중고 | _정품_599,200|벌크 + 쿨러_569,850|_벌크_552,430|병행수입 박스_581,680|해외구매_437,120|중고 | _정품_599,200|벌크 + 쿨러_569,880|_벌크_552,540|병행수입 박스_575,460|해외구매_436,310|중고 | _정품_599,200|벌크 + 쿨러_569,980|_벌크_552,660|병행수입 박스_589,866|해외구매 | _정품_599,200|벌크 + 쿨러_569,980|_벌크_552,800|병행수입 박스_571,580|해외구매_433,660|중고 | _정품_599,200|벌크 + 쿨러_569,990|_벌크_552,780|병행수입 박스_589,866|해외구매 | _정품_599,200|벌크 + 쿨러_569,990|_벌크_552,810|병행수입 박스_581,540|해외구매_438,810|중고 | _정품_599,200|벌크 + 쿨러_569,990|_벌크_552,810|병행수입 박스_581,650|해외구매_438,170|중고 | _정품_601,850|벌크 + 쿨러_570,000|_벌크_482,870|병행수입 박스_612,760|해외구매_474,700|중고 | _정품_601,850|벌크 + 쿨러_570,000|벌크_482,870|병행수입 박스_612,760|해외구매_433,800|_중고 | _정품_601,850|벌크 + 쿨러_570,000|벌크_482,880|병행수입 박스_612,760|해외구매_433,710|_중고 | _정품_604,490|벌크 + 쿨러_570,000|벌크_482,880|병행수입 박스_612,760|_해외구매 | _정품_604,500|벌크 + 쿨러_570,000|벌크_482,880|병행수입 박스_612,760|해외구매_433,190|_중고 | _정품_604,500|벌크 + 쿨러_570,000|벌크_482,880|병행수입 박스_612,760|해외구매_434,130|_중고 | _정품_618,620|벌크 + 쿨러_570,000|_벌크_482,880|병행수입 박스_612,760|해외구매",399000,399000,399000,399000,399000,399000,399000,399000,433190,427100,429420,436280,478460,478460,478460,486750,486750,486750,486750,486750,506750,506750,506750,506750,506750,506750,506750,486750,486750,486750,486750
15594956,인텔 코어i9-12세대 12900KF (엘더레이크),인텔 코어i9-12세대 12900KF,엘더레이크,"_정품_539,790|벌크 + 쿨러_644,430|벌크_484,830|_해외구매 | _정품_539,790|벌크 + 쿨러_646,580|벌크_484,830|_해외구매 | _정품_539,800|벌크 + 쿨러_542,840|_벌크_516,480|해외구매 | _정품_539,800|벌크 + 쿨러_542,840|_벌크_516,490|해외구매 | _정품_539,800|벌크 + 쿨러_644,430|벌크_484,830|_해외구매 | _정품_551,300|벌크 + 쿨러_523,490|_벌크_504,100|해외구매 | _정품_551,300|벌크 + 쿨러_523,500|_벌크_504,105|해외구매 | _정품_551,300|벌크 + 쿨러_532,870|_벌크_512,330|해외구매 | _정품_551,300|벌크 + 쿨러_538,640|_벌크_512,330|해외구매 | _정품_551,300|벌크 + 쿨러_542,840|_벌크_514,960|해외구매 | _정품_551,300|벌크 + 쿨러_542,840|_벌크_514,990|해외구매 | _정품_551,300|벌크 + 쿨러_542,840|_벌크_516,470|해외구매",502880,504990,502880,504990,505540,505540,505540,504990,504990,545530,546130,586580,557260,545530,545530,545530,546130,546130,545530,545530,545530,545530,546130,551400,551400,551400,551400,551400,551400,551400,551400
16846118,인텔 코어i9-12세대 12900KS (엘더레이크),인텔 코어i9-12세대 12900KS,엘더레이크,해외구매,485700,485700,485700,485700,485700,485700,485700,485700,485700,485700,485700,485700,485700,485700,485700,485700,485700,485700,485700,485700,485700,485700,485700,485700,485700,485700,485700,485700,485700,485700,485700
16394042,인텔 코어i9-12세대 12900T (엘더레이크),인텔 코어i9-12세대 12900T,엘더레이크,벌크,859990,859990,859990,859990,0,0,0,0,0,0,0,0,0,0,0,0,0,0,0,0,0,0,0,0,0,0,0,0,0,0,859990
18704012,인텔 코어i9-13세대 13900 (랩터레이크),인텔 코어i9-13세대 13900,랩터레이크,"_정품_819,930|벌크 + 쿨러_675,090|_벌크_776,560|해외구매 | _정품_819,930|벌크 + 쿨러_734,810|_벌크_776,560|해외구매 | _정품_822,960|벌크 + 쿨러_678,840|_벌크_757,410|해외구매 | _정품_822,960|벌크 + 쿨러_678,840|_벌크_757,420|해외구매 | _정품_822,960|벌크 + 쿨러_678,840|_벌크_757,450|해외구매 | _정품_822,960|벌크 + 쿨러_678,840|_벌크_777,270|해외구매 | _정품_822,960|벌크 + 쿨러_681,000|_벌크_777,270|해외구매 | _정품_822,960|벌크 + 쿨러_681,000|_벌크_794,150|해외구매 | _정품_822,960|벌크 + 쿨러_682,610|_벌크_777,270|해외구매 | _정품_822,970|벌크 + 쿨러_676,700|_벌크_772,590|해외구매 | _정품_822,970|벌크 + 쿨러_676,700|_벌크_776,560|해외구매 | _정품_822,970|벌크 + 쿨러_678,840|_벌크_777,270|해외구매 | _정품_822,970|벌크 + 쿨러_678,850|_벌크_776,250|해외구매 | _정품_822,970|벌크 + 쿨러_684,760|_벌크_777,270|해외구매 | _정품_849,900|벌크 + 쿨러_676,700|_벌크_776,560|해외구매 | _정품_849,900|벌크 + 쿨러_678,850|_벌크_776,570|해외구매 | _정품_849,900|벌크 + 쿨러_715,560|_벌크_776,560|해외구매 | _정품_849,900|벌크 + 쿨러_730,510|_벌크_776,560|해외구매",977630,977630,977630,977630,977630,977630,977630,977630,977630,977630,977630,977630,977630,977630,977630,977630,977630,977630,977630,977630,977630,977630,977630,977630,977630,977630,977630,977630,977630,977630,977630
18640472,인텔 코어i9-13세대 13900 (랩터레이크),인텔 코어i9-13세대 13900,랩터레이크,"_정품_819,930|벌크 + 쿨러_675,090|_벌크_776,560|해외구매 | _정품_819,930|벌크 + 쿨러_734,810|_벌크_776,560|해외구매 | _정품_822,960|벌크 + 쿨러_678,840|_벌크_757,410|해외구매 | _정품_822,960|벌크 + 쿨러_678,840|_벌크_757,420|해외구매 | _정품_822,960|벌크 + 쿨러_678,840|_벌크_757,450|해외구매 | _정품_822,960|벌크 + 쿨러_678,840|_벌크_777,270|해외구매 | _정품_822,960|벌크 + 쿨러_681,000|_벌크_777,270|해외구매 | _정품_822,960|벌크 + 쿨러_681,000|_벌크_794,150|해외구매 | _정품_822,960|벌크 + 쿨러_682,610|_벌크_777,270|해외구매 | _정품_822,970|벌크 + 쿨러_676,700|_벌크_772,590|해외구매 | _정품_822,970|벌크 + 쿨러_676,700|_벌크_776,560|해외구매 | _정품_822,970|벌크 + 쿨러_678,840|_벌크_777,270|해외구매 | _정품_822,970|벌크 + 쿨러_678,850|_벌크_776,250|해외구매 | _정품_822,970|벌크 + 쿨러_684,760|_벌크_777,270|해외구매 | _정품_849,900|벌크 + 쿨러_676,700|_벌크_776,560|해외구매 | _정품_849,900|벌크 + 쿨러_678,850|_벌크_776,570|해외구매 | _정품_849,900|벌크 + 쿨러_715,560|_벌크_776,560|해외구매 | _정품_849,900|벌크 + 쿨러_730,510|_벌크_776,560|해외구매",977630,977630,977630,977630,977630,977630,977630,977630,977630,977630,977630,977630,977630,977630,977630,977630,977630,977630,977630,977630,977630,977630,977630,977630,977630,977630,977630,977630,977630,977630,977630
18703970,인텔 코어i9-13세대 13900F (랩터레이크),인텔 코어i9-13세대 13900F,랩터레이크,"_정품_768,990|_벌크 + 쿨러_727,230|해외구매 | _정품_769,000|_벌크 + 쿨러_720,770|해외구매 | _정품_769,000|_벌크 + 쿨러_727,230|해외구매 | _정품_789,790|_벌크 + 쿨러_722,930|해외구매 | _정품_789,800|_벌크 + 쿨러_722,930|해외구매 | _정품_801,400|_벌크 + 쿨러_722,930|해외구매",816000,816000,816000,816000,816000,816000,816000,816000,816000,816000,816000,816000,816000,816000,816000,816000,816000,816000,816000,816000,816000,816000,816000,816000,816000,816000,816000,816000,816000,816000,816000
18640442,인텔 코어i9-13세대 13900F (랩터레이크),인텔 코어i9-13세대 13900F,랩터레이크,"_정품_768,990|_벌크 + 쿨러_727,230|해외구매 | _정품_769,000|_벌크 + 쿨러_720,770|해외구매 | _정품_769,000|_벌크 + 쿨러_727,230|해외구매 | _정품_789,790|_벌크 + 쿨러_722,930|해외구매 | _정품_789,800|_벌크 + 쿨러_722,930|해외구매 | _정품_801,400|_벌크 + 쿨러_722,930|해외구매",816000,816000,816000,816000,816000,816000,816000,816000,816000,816000,816000,816000,816000,816000,816000,816000,816000,816000,816000,816000,816000,816000,816000,816000,816000,816000,816000,816000,816000,816000,816000
18198092,인텔 코어i9-13세대 13900K (랩터레이크),인텔 코어i9-13세대 13900K,랩터레이크,"_정품_764,190|벌크 + 쿨러_729,600|벌크_855,930|_해외구매 | _정품_764,190|벌크 + 쿨러_906,260|벌크_874,130|_해외구매 | _정품_769,470|벌크 + 쿨러_729,600|벌크_764,220|_해외구매 | _정품_769,470|벌크 + 쿨러_729,600|벌크_772,350|_해외구매 | _정품_769,470|벌크 + 쿨러_906,260|벌크_874,090|_해외구매 | _정품_769,470|벌크 + 쿨러_906,260|벌크_874,130|_해외구매",699260,699230,699220,699190,699180,632990,632990,632990,632990,632990,632990,632990,632990,0,0,0,0,0,0,0,0,0,0,0,0,0,0,0,0,0,0
18039569,인텔 코어i9-13세대 13900K (랩터레이크),인텔 코어i9-13세대 13900K,랩터레이크,"_정품_705,600|벌크 + 쿨러_690,590|_벌크_669,300|해외구매 | _정품_705,600|벌크 + 쿨러_690,590|_벌크_680,040|해외구매 | _정품_705,600|벌크 + 쿨러_692,720|_벌크_677,960|해외구매 | _정품_705,600|벌크 + 쿨러_694,800|_벌크_680,040|해외구매 | _정품_713,500|벌크 + 쿨러_690,592|_벌크_669,309|해외구매 | _정품_735,490|벌크 + 쿨러_694,800|_벌크_680,040|해외구매 | _정품_735,490|벌크 + 쿨러_694,810|_벌크_680,050|해외구매 | _정품_735,490|벌크 + 쿨러_700,520|벌크_683,810|_해외구매 | _정품_764,190|벌크 + 쿨러_729,600|벌크_855,930|_해외구매 | _정품_764,190|벌크 + 쿨러_906,260|벌크_874,130|_해외구매 | _정품_769,470|벌크 + 쿨러_729,600|벌크_764,220|_해외구매 | _정품_769,470|벌크 + 쿨러_729,600|벌크_772,350|_해외구매 | _정품_769,470|벌크 + 쿨러_906,260|벌크_874,090|_해외구매 | _정품_769,470|벌크 + 쿨러_906,260|벌크_874,130|_해외구매 | _정품_774,470|벌크 + 쿨러_704,680|_벌크_683,200|해외구매 | _정품_779,470|벌크 + 쿨러_700,530|벌크_679,830|_해외구매 | _정품_779,470|벌크 + 쿨러_704,680|벌크_683,200|_해외구매 | _정품_779,470|벌크 + 쿨러_704,680|벌크_683,990|_해외구매",699260,699230,699220,699190,699180,632990,632990,632990,632990,632990,632990,632990,632990,632990,632990,632990,632990,632990,632990,632990,632990,632990,632990,632990,632990,632990,632990,632990,632990,632990,632990
18214907,인텔 코어i9-13세대 13900KF (랩터레이크),인텔 코어i9-13세대 13900KF,랩터레이크,"_정품_638,000|벌크 + 쿨러_672,490|_벌크_651,990|해외구매 | _정품_669,800|벌크 + 쿨러_672,490|_벌크_651,990|해외구매 | _정품_671,300|벌크 + 쿨러_672,490|_벌크_652,690|해외구매 | _정품_672,800|벌크 + 쿨러_672,490|_벌크_652,690|해외구매 | _정품_674,100|벌크 + 쿨러_672,490|_벌크_652,690|해외구매 | _정품_675,500|벌크 + 쿨러_672,490|_벌크_652,690|해외구매 | _정품_675,500|벌크 + 쿨러_672,540|_벌크_652,690|해외구매 | _정품_677,300|벌크 + 쿨러_672,540|_벌크_652,690|해외구매",1266700,1266700,1266700,1266700,1266700,1266700,1266700,1266700,1266700,1266700,1266700,1266700,1266700,1266700,0,0,0,0,0,0,0,0,0,0,0,0,0,0,0,0,0
18039512,인텔 코어i9-13세대 13900KF (랩터레이크),인텔 코어i9-13세대 13900KF,랩터레이크,"_정품_638,000|벌크 + 쿨러_672,490|_벌크_651,990|해외구매 | _정품_669,800|벌크 + 쿨러_672,490|_벌크_651,990|해외구매 | _정품_671,300|벌크 + 쿨러_672,490|_벌크_652,690|해외구매 | _정품_672,800|벌크 + 쿨러_672,490|_벌크_652,690|해외구매 | _정품_674,100|벌크 + 쿨러_672,490|_벌크_652,690|해외구매 | _정품_675,500|벌크 + 쿨러_672,490|_벌크_652,690|해외구매 | _정품_675,500|벌크 + 쿨러_672,540|_벌크_652,690|해외구매 | _정품_677,300|벌크 + 쿨러_672,540|_벌크_652,690|해외구매 | _정품_679,300|벌크 + 쿨러_672,540|_벌크_652,690|해외구매 | _정품_681,300|벌크 + 쿨러_672,540|_벌크_652,690|해외구매 | _정품_683,300|벌크 + 쿨러_672,540|_벌크_652,690|해외구매 | _정품_685,300|벌크 + 쿨러_668,390|_벌크_648,600|해외구매 | _정품_685,300|벌크 + 쿨러_672,540|_벌크_652,690|해외구매 | _정품_687,300|벌크 + 쿨러_664,460|_벌크_643,380|해외구매 | _정품_687,300|벌크 + 쿨러_664,461|_벌크_643,389|해외구매 | _정품_687,300|벌크 + 쿨러_668,390|_벌크_648,590|해외구매 | _정품_687,300|벌크 + 쿨러_668,390|_벌크_648,600|해외구매",1266700,1266700,1266700,1266700,1266700,1266700,1266700,1266700,1266700,1266700,1266700,1266700,1266700,1266700,1266700,1266700,1266700,1266700,1266700,1266700,1266700,1266700,1266700,1266700,1266700,1266700,1266700,1266700,1266700,1266700,1266700
18925844,인텔 코어i9-13세대 13900KS (랩터레이크),인텔 코어i9-13세대 13900KS,랩터레이크,"_정품_871,000|벌크_1,079,710|_해외구매 | _정품_879,000|_벌크_1,079,710|해외구매 | _정품_879,000|벌크_1,079,710|_해외구매 | _정품_950,000|_벌크_1,079,710|해외구매 | _정품_950,000|벌크_1,079,710|_해외구매",1403400,1403400,1403400,1403400,1403400,1403400,1403400,1403400,1403400,1403400,1403400,1403400,1403400,1403400,1403400,1403400,1403400,1403400,1403400,1403400,1403400,1403400,1403400,1403400,1403400,1403400,1403400,1403400,1403400,1403400,1403400
18725225,인텔 코어i9-13세대 13900KS (랩터레이크),인텔 코어i9-13세대 13900KS,랩터레이크,"_정품_871,000|벌크_1,079,710|_해외구매 | _정품_879,000|_벌크_1,079,710|해외구매 | _정품_879,000|벌크_1,079,710|_해외구매 | _정품_950,000|_벌크_1,079,710|해외구매 | _정품_950,000|벌크_1,079,710|_해외구매",1403400,1403400,1403400,1403400,1403400,1403400,1403400,1403400,1403400,1403400,1403400,1403400,1403400,1403400,1403400,1403400,1403400,1403400,1403400,1403400,1403400,1403400,1403400,1403400,1403400,1403400,1403400,1403400,1403400,1403400,1403400
18710705,인텔 코어i9-13세대 13900T (랩터레이크),인텔 코어i9-13세대 13900T,랩터레이크,벌크,860940,860910,860900,860870,864490,864490,864490,864390,864260,864150,864140,864110,863990,863870,863750,863630,863510,863390,863270,863150,863030,862910,862790,862670,862550,862430,862310,862210,862090,861970,861850
32103329,인텔 코어i9-14세대 14900 (랩터레이크 리프레시),인텔 코어i9-14세대 14900,랩터레이크 리프레시,"_정품_865,390|벌크 + 쿨러_866,240|_벌크 | _정품_871,280|벌크 + 쿨러_866,240|_벌크 | _정품_872,130|벌크 + 쿨러_866,240|_벌크 | _정품_875,110|벌크 + 쿨러_866,240|_벌크 | _정품_879,260|벌크 + 쿨러_859,420|_벌크 | _정품_879,270|벌크 + 쿨러_859,430|_벌크 | _정품_881,310|벌크 + 쿨러_866,240|_벌크 | _정품_881,340|벌크 + 쿨러_863,090|_벌크 | _정품_881,340|벌크 + 쿨러_863,100|_벌크 | _정품_881,340|벌크 + 쿨러_866,240|_벌크 | _정품_899,250|벌크 + 쿨러_863,090|_벌크",833260,833160,833130,833030,833060,833060,833060,833060,833060,836780,836780,836780,836780,836780,836780,833680,836670,836670,836670,836670,836670,833070,833060,833060,833060,833060,833060,833060,833060,834060,834060
32037824,인텔 코어i9-14세대 14900 (랩터레이크 리프레시),인텔 코어i9-14세대 14900,랩터레이크 리프레시,"_정품_865,390|벌크 + 쿨러_866,240|_벌크 | _정품_871,280|벌크 + 쿨러_866,240|_벌크 | _정품_872,130|벌크 + 쿨러_866,240|_벌크 | _정품_875,110|벌크 + 쿨러_866,240|_벌크 | _정품_879,260|벌크 + 쿨러_859,420|_벌크 | _정품_879,270|벌크 + 쿨러_859,430|_벌크 | _정품_881,310|벌크 + 쿨러_866,240|_벌크 | _정품_881,340|벌크 + 쿨러_863,090|_벌크 | _정품_881,340|벌크 + 쿨러_863,100|_벌크 | _정품_881,340|벌크 + 쿨러_866,240|_벌크 | _정품_899,250|벌크 + 쿨러_863,090|_벌크",833260,833160,833130,833030,833060,833060,833060,833060,833060,836780,836780,836780,836780,836780,836780,833680,836670,836670,836670,836670,836670,833070,833060,833060,833060,833060,833060,833060,833060,834060,834060
32103278,인텔 코어i9-14세대 14900F (랩터레이크 리프레시),인텔 코어i9-14세대 14900F,랩터레이크 리프레시,"_정품_790,070|벌크 + 쿨러_758,930|_벌크 | _정품_819,320|벌크 + 쿨러_755,950|_벌크 | _정품_819,320|벌크 + 쿨러_756,070|_벌크 | _정품_819,320|벌크 + 쿨러_756,110|_벌크 | _정품_819,320|벌크 + 쿨러_756,140|_벌크 | _정품_819,330|벌크 + 쿨러_758,530|_벌크 | _정품_819,330|벌크 + 쿨러_758,650|_벌크 | _정품_819,330|벌크 + 쿨러_758,770|_벌크 | _정품_819,330|벌크 + 쿨러_758,890|_벌크 | _정품_819,330|벌크 + 쿨러_758,920|_벌크 | _정품_819,330|벌크 + 쿨러_759,040|_벌크 | _정품_819,330|벌크 + 쿨러_759,170|_벌크 | _정품_819,330|벌크 + 쿨러_759,270|_벌크 | _정품_864,720|벌크 + 쿨러_759,270|_벌크 | _정품_864,730|벌크 + 쿨러_759,270|_벌크 | _정품_864,740|벌크 + 쿨러_759,270|_벌크",734070,734070,734070,734070,734070,734070,734070,734070,734070,734070,734070,734070,734070,734070,734070,734070,734070,734070,734070,734070,734070,734070,734070,734070,734070,734070,734070,734070,734070,734070,734070
32037701,인텔 코어i9-14세대 14900F (랩터레이크 리프레시),인텔 코어i9-14세대 14900F,랩터레이크 리프레시,"_정품_790,070|벌크 + 쿨러_758,930|_벌크 | _정품_819,320|벌크 + 쿨러_755,950|_벌크 | _정품_819,320|벌크 + 쿨러_756,070|_벌크 | _정품_819,320|벌크 + 쿨러_756,110|_벌크 | _정품_819,320|벌크 + 쿨러_756,140|_벌크 | _정품_819,330|벌크 + 쿨러_758,530|_벌크 | _정품_819,330|벌크 + 쿨러_758,650|_벌크 | _정품_819,330|벌크 + 쿨러_758,770|_벌크 | _정품_819,330|벌크 + 쿨러_758,890|_벌크 | _정품_819,330|벌크 + 쿨러_758,920|_벌크 | _정품_819,330|벌크 + 쿨러_759,040|_벌크 | _정품_819,330|벌크 + 쿨러_759,170|_벌크 | _정품_819,330|벌크 + 쿨러_759,270|_벌크 | _정품_864,720|벌크 + 쿨러_759,270|_벌크 | _정품_864,730|벌크 + 쿨러_759,270|_벌크 | _정품_864,740|벌크 + 쿨러_759,270|_벌크",734070,734070,734070,734070,734070,734070,734070,734070,734070,734070,734070,734070,734070,734070,734070,734070,734070,734070,734070,734070,734070,734070,734070,734070,734070,734070,734070,734070,734070,734070,734070
28920896,인텔 코어i9-14세대 14900K (랩터레이크 리프레시),인텔 코어i9-14세대 14900K,랩터레이크 리프레시,"_정품_667,980|_벌크_652,400|해외구매 | _정품_678,767|_벌크_643,380|해외구매 | _정품_680,936|_벌크_643,389|해외구매 | _정품_683,050|_벌크_651,760|해외구매 | _정품_683,120|_벌크_651,790|해외구매 | _정품_683,130|_벌크_651,860|해외구매 | _정품_683,160|_벌크_651,890|해외구매 | _정품_693,600|_벌크_655,870|해외구매 | _정품_693,790|_벌크_655,750|해외구매 | _정품_693,910|_벌크_655,750|해외구매 | _정품_693,940|_벌크_655,750|해외구매 | _정품_694,020|_벌크_655,750|해외구매 | _정품_694,030|_벌크_655,750|해외구매 | _정품_694,060|_벌크_655,250|해외구매 | _정품_694,090|_벌크_655,260|해외구매 | _정품_694,090|_벌크_656,190|해외구매 | _정품_697,930|_벌크_649,210|해외구매 | _정품_697,930|_벌크_652,400|해외구매 | _정품_697,930|_벌크_652,460|해외구매 | _정품_698,530|_벌크_657,590|해외구매 | _정품_698,540|_벌크_657,600|해외구매 | _정품_698,970|_벌크_654,520|해외구매 | _정품_699,430|_벌크_656,100|해외구매 | _정품_699,430|_벌크_656,150|해외구매",739680,739680,739680,739680,739680,795990,795990,795890,795760,795650,795640,795610,795490,795370,795250,795990,795990,795990,795990,795990,795990,795990,795990,795990,795990,795990,795990,795990,795990,795990,795990
28798964,인텔 코어i9-14세대 14900K (랩터레이크 리프레시),인텔 코어i9-14세대 14900K,랩터레이크 리프레시,"_정품_667,980|_벌크_652,400|해외구매 | _정품_678,767|_벌크_643,380|해외구매 | _정품_680,936|_벌크_643,389|해외구매 | _정품_683,050|_벌크_651,760|해외구매 | _정품_683,120|_벌크_651,790|해외구매 | _정품_683,130|_벌크_651,860|해외구매 | _정품_683,160|_벌크_651,890|해외구매 | _정품_693,600|_벌크_655,870|해외구매 | _정품_693,790|_벌크_655,750|해외구매 | _정품_693,910|_벌크_655,750|해외구매 | _정품_693,940|_벌크_655,750|해외구매 | _정품_694,020|_벌크_655,750|해외구매 | _정품_694,030|_벌크_655,750|해외구매 | _정품_694,060|_벌크_655,250|해외구매 | _정품_694,090|_벌크_655,260|해외구매 | _정품_694,090|_벌크_656,190|해외구매 | _정품_697,930|_벌크_649,210|해외구매 | _정품_697,930|_벌크_652,400|해외구매 | _정품_697,930|_벌크_652,460|해외구매 | _정품_698,530|_벌크_657,590|해외구매 | _정품_698,540|_벌크_657,600|해외구매 | _정품_698,970|_벌크_654,520|해외구매 | _정품_699,430|_벌크_656,100|해외구매 | _정품_699,430|_벌크_656,150|해외구매",739680,739680,739680,739680,739680,795990,795990,795890,795760,795650,795640,795610,795490,795370,795250,795990,795990,795990,795990,795990,795990,795990,795990,795990,795990,795990,795990,795990,795990,795990,795990
28920875,인텔 코어i9-14세대 14900KF (랩터레이크 리프레시),인텔 코어i9-14세대 14900KF,랩터레이크 리프레시,"_정품_647,169|_벌크_603,690|해외구매 | _정품_648,100|_벌크_607,990|해외구매 | _정품_648,110|_벌크_607,990|해외구매 | _정품_648,120|_벌크_607,990|해외구매 | _정품_652,622|_벌크_603,690|해외구매 | _정품_659,130|_벌크_607,990|해외구매 | _정품_659,140|_벌크_607,990|해외구매 | _정품_659,150|_벌크_607,990|해외구매 | _정품_659,160|_벌크_607,990|해외구매 | _정품_659,160|_벌크_608,190|해외구매 | _정품_659,170|_벌크_607,990|해외구매 | _정품_659,180|_벌크_607,990|해외구매 | _정품_659,190|_벌크_607,620|해외구매 | _정품_659,190|_벌크_608,190|해외구매 | _정품_659,200|_벌크_607,630|해외구매 | _정품_659,200|_벌크_608,190|해외구매 | _정품_660,210|_벌크_607,920|해외구매 | _정품_668,320|_벌크_603,690|해외구매 | _정품_668,910|_벌크_603,700|해외구매 | _정품_668,990|_벌크_603,690|해외구매 | _정품_669,920|_벌크_603,710|해외구매 | _정품_671,010|_벌크_606,310|해외구매 | _정품_673,100|_벌크_607,860|해외구매 | _정품_673,100|_벌크_607,910|해외구매",903168,903168,940800,912576,912576,912576,912576,912576,912576,912576,912576,912576,912576,912576,912576,965700,965700,965700,965700,965700,965700,965700,965700,965700,965700,965700,965700,965700,965700,965700,965700
28799180,인텔 코어i9-14세대 14900KF (랩터레이크 리프레시),인텔 코어i9-14세대 14900KF,랩터레이크 리프레시,"_정품_647,169|_벌크_603,690|해외구매 | _정품_648,100|_벌크_607,990|해외구매 | _정품_648,110|_벌크_607,990|해외구매 | _정품_648,120|_벌크_607,990|해외구매 | _정품_652,622|_벌크_603,690|해외구매 | _정품_659,130|_벌크_607,990|해외구매 | _정품_659,140|_벌크_607,990|해외구매 | _정품_659,150|_벌크_607,990|해외구매 | _정품_659,160|_벌크_607,990|해외구매 | _정품_659,160|_벌크_608,190|해외구매 | _정품_659,170|_벌크_607,990|해외구매 | _정품_659,180|_벌크_607,990|해외구매 | _정품_659,190|_벌크_607,620|해외구매 | _정품_659,190|_벌크_608,190|해외구매 | _정품_659,200|_벌크_607,630|해외구매 | _정품_659,200|_벌크_608,190|해외구매 | _정품_660,210|_벌크_607,920|해외구매 | _정품_668,320|_벌크_603,690|해외구매 | _정품_668,910|_벌크_603,700|해외구매 | _정품_668,990|_벌크_603,690|해외구매 | _정품_669,920|_벌크_603,710|해외구매 | _정품_671,010|_벌크_606,310|해외구매 | _정품_673,100|_벌크_607,860|해외구매 | _정품_673,100|_벌크_607,910|해외구매",903168,903168,940800,912576,912576,912576,912576,912576,912576,912576,912576,912576,912576,912576,912576,965700,965700,965700,965700,965700,965700,965700,965700,965700,965700,965700,965700,965700,965700,965700,965700
63032399,인텔 코어i9-14세대 14900KS (랩터레이크 리프레시),인텔 코어i9-14세대 14900KS,랩터레이크 리프레시,"_정품_1,022,400|벌크_963,270|_해외구매 | _정품_1,022,520|벌크_963,270|_해외구매 | _정품_1,041,880|벌크_963,260|_해외구매 | _정품_1,047,900|_벌크_993,600|해외구매 | _정품_1,047,900|벌크_993,600|_해외구매 | _정품_1,052,420|벌크_963,250|_해외구매 | _정품_1,055,950|벌크_963,260|_해외구매 | _정품_1,060,500|벌크_963,240|_해외구매 | _정품_1,060,500|벌크_993,600|_해외구매 | _정품_1,078,890|벌크_993,600|_해외구매 | _정품_1,078,920|벌크_993,600|_해외구매",972200,972200,972200,972200,972200,972200,972200,972200,972200,972200,972200,972200,972200,972200,1242480,1242370,1242250,1233540,1233430,1233310,1233220,1233190,1233070,1232950,1232830,1232710,1232590,1232490,1232370,1232250,1232130
40895423,인텔 코어i9-14세대 14900KS (랩터레이크 리프레시),인텔 코어i9-14세대 14900KS,랩터레이크 리프레시,"_정품_1,022,400|벌크_963,270|_해외구매 | _정품_1,022,520|벌크_963,270|_해외구매 | _정품_1,041,880|벌크_963,260|_해외구매 | _정품_1,047,900|_벌크_993,600|해외구매 | _정품_1,047,900|벌크_993,600|_해외구매 | _정품_1,052,420|벌크_963,250|_해외구매 | _정품_1,055,950|벌크_963,260|_해외구매 | _정품_1,060,500|벌크_963,240|_해외구매 | _정품_1,060,500|벌크_993,600|_해외구매 | _정품_1,078,890|벌크_993,600|_해외구매 | _정품_1,078,920|벌크_993,600|_해외구매",972200,972200,972200,972200,972200,972200,972200,972200,972200,972200,972200,972200,972200,972200,1242480,1242370,1242250,1233540,1233430,1233310,1233220,1233190,1233070,1232950,1232830,1232710,1232590,1232490,1232370,1232250,1232130
32444732,인텔 코어i9-14세대 14900T (랩터레이크 리프레시),인텔 코어i9-14세대 14900T,랩터레이크 리프레시,벌크,884600,884570,884560,884530,889990,889990,889990,889890,889760,889650,889640,889610,889490,889370,889250,889990,889990,889990,889990,889990,889990,889990,889990,889990,889990,889990,889990,889990,889990,889990,889990
9321774,인텔 코어i9-9세대 9900 (커피레이크-R),인텔 코어i9-9세대 9900,커피레이크-R,"_벌크 + 쿨러_486,520|_벌크 | _벌크 + 쿨러_496,480|_벌크 | _벌크 + 쿨러_576,910|_벌크 | _벌크 + 쿨러_606,910|_벌크",482350,482320,482310,482280,483560,483560,483560,483560,483560,483560,605090,605090,605090,605090,605090,605090,605090,605090,605090,605090,605090,605090,605090,605090,605090,605090,605090,605090,605090,605090,605090
6654427,인텔 코어i9-9세대 9900K (커피레이크-R),인텔 코어i9-9세대 9900K,커피레이크-R,"벌크 + 쿨러_770,000|벌크_750,000|_중고_346,430|_해외구매 | 벌크 + 쿨러_770,000|벌크_750,000|_중고_346,460|_해외구매 | 벌크 + 쿨러_770,000|벌크_750,000|_중고_346,470|_해외구매 | 벌크 + 쿨러_770,000|벌크_750,000|_중고_346,490|_해외구매 | 벌크 + 쿨러_770,000|벌크_750,000|_중고_346,500|_해외구매 | 벌크 + 쿨러_770,000|벌크_750,000|_중고_346,550|_해외구매 | 벌크 + 쿨러_770,000|벌크_750,000|_중고_346,610|_해외구매 | 벌크 + 쿨러_770,000|벌크_750,000|_중고_346,670|_해외구매 | 벌크 + 쿨러_770,000|벌크_750,000|_중고_346,730|_해외구매 | 벌크 + 쿨러_770,000|벌크_750,000|_중고_346,790|_해외구매 | 벌크 + 쿨러_770,000|벌크_750,000|_중고_346,850|_해외구매 | 벌크 + 쿨러_770,000|벌크_750,000|_중고_346,910|_해외구매 | 벌크 + 쿨러_770,000|벌크_750,000|_중고_346,970|_해외구매 | 벌크 + 쿨러_770,000|벌크_750,000|_중고_349,450|_해외구매 | 벌크 + 쿨러_770,000|벌크_750,000|_중고_349,570|_해외구매 | 벌크 + 쿨러_770,000|벌크_750,000|_중고_349,690|_해외구매 | 벌크 + 쿨러_770,000|벌크_750,000|_중고_349,720|_해외구매 | 벌크 + 쿨러_770,000|벌크_750,000|_중고_349,730|_해외구매 | 벌크 + 쿨러_770,000|벌크_750,000|_중고_349,840|_해외구매 | 벌크 + 쿨러_770,000|벌크_750,000|_중고_349,970|_해외구매 | 벌크 + 쿨러_770,000|벌크_750,000|_중고_351,990|_해외구매 | 벌크 + 쿨러_770,000|벌크_750,000|_중고_352,590|_해외구매 | 벌크 + 쿨러_770,000|벌크_750,000|_중고_352,710|_해외구매 | 벌크 + 쿨러_770,000|벌크_750,000|_중고_352,830|_해외구매 | 벌크 + 쿨러_770,000|벌크_750,000|_중고_352,950|_해외구매 | 벌크 + 쿨러_770,000|벌크_750,000|_중고_353,070|_해외구매 | 벌크 + 쿨러_770,000|벌크_750,000|_중고_353,190|_해외구매 | 벌크 + 쿨러_770,000|벌크_750,000|_중고_353,310|_해외구매 | 벌크 + 쿨러_770,000|벌크_750,000|_중고_353,400|_해외구매",366120,366120,366120,366120,366120,366120,366120,366120,366120,366120,366120,366120,366120,366120,371120,376120,376120,376120,376120,376120,381090,381090,381090,381090,381090,381090,381090,376120,376120,376120,376120
7559767,인텔 코어i9-9세대 9900KF (커피레이크-R),인텔 코어i9-9세대 9900KF,커피레이크-R,"_정품_539,000|_벌크",358510,358510,358510,358510,358510,358510,358510,358510,358510,358510,358510,358510,358510,358510,358510,358510,358510,358510,358510,358510,358510,358510,358510,358510,358510,358510,358510,358510,358510,358510,358510
4147789,인텔 펜티엄 E5300 (울프데일),인텔 펜티엄 E5300,울프데일,중고,0,0,0,0,0,0,0,0,0,0,0,0,990,990,990,990,0,0,0,0,0,0,0,0,0,0,0,0,0,0,0
4148123,인텔 펜티엄 E6500 (울프데일),인텔 펜티엄 E6500,울프데일,중고,1990,1990,1990,1990,1990,1990,1990,1990,1990,1990,1990,1990,1990,1990,1990,1990,0,0,1990,1990,1990,1990,1990,1990,1990,1990,0,0,0,0,0
15833633,인텔 펜티엄 G2020 (아이비브릿지),인텔 펜티엄 G2020,아이비브릿지,중고,1900,1900,0,0,0,0,0,0,0,0,0,0,0,1900,1900,1900,1900,1900,1900,1900,1900,1900,1900,1900,1900,0,0,0,0,0,0
1964344,인텔 펜티엄 G2130 (아이비브릿지),인텔 펜티엄 G2130,아이비브릿지,중고,2260,0,0,0,0,0,0,0,0,0,0,0,0,0,0,0,0,0,0,0,0,0,0,0,0,0,0,0,0,0,0
6112933,인텔 펜티엄 G3220 (하스웰),인텔 펜티엄 G3220,하스웰,"_중고_1,490|_벌크",3200,3200,3200,3200,3200,3200,3200,3200,3200,3200,3200,3200,3200,3200,3200,3200,3200,3200,3200,3200,3200,3200,3200,3200,3200,3200,3200,3200,3200,3200,3200
2783187,인텔 펜티엄 G3240 (하스웰 리프레시),인텔 펜티엄 G3240,하스웰 리프레시,"_벌크 + 쿨러_259,110|_중고",1800,1800,1800,1800,1800,1800,1800,1800,1800,1800,1800,1800,1800,1800,1800,1800,1800,1800,1800,1800,1800,1800,1800,1800,1800,1800,1800,1800,1800,1800,1800
6112998,인텔 펜티엄 G3250 (하스웰 리프레시),인텔 펜티엄 G3250,하스웰 리프레시,중고,1980,1980,1980,1980,1980,1980,1980,1980,1980,1980,1980,1980,1980,1980,1980,0,1980,1980,1980,1980,1980,1980,1980,1980,1980,1980,1980,1980,1980,1980,1980
6113009,인텔 펜티엄 G3258 (하스웰),인텔 펜티엄 G3258,하스웰,중고,0,0,0,0,0,0,0,0,0,4690,4690,4690,4690,4690,4690,4690,4690,4690,0,0,0,0,0,0,0,0,0,0,0,0,0
3169325,인텔 펜티엄 G3260 (하스웰 리프레시),인텔 펜티엄 G3260,하스웰 리프레시,"_벌크 + 쿨러_20,720|벌크_4,240|_중고 | _벌크 + 쿨러_20,730|벌크_4,240|_중고 | _벌크 + 쿨러_20,740|벌크_4,240|_중고 | 벌크 + 쿨러_20,670|_벌크_4,240|_중고 | 벌크 + 쿨러_20,680|_벌크_4,240|_중고 | 벌크 + 쿨러_20,710|_벌크_4,240|_중고 | 벌크 + 쿨러_20,720|_벌크_4,240|_중고 | 벌크 + 쿨러_20,730|_벌크_4,240|_중고 | 벌크 + 쿨러_20,740|_벌크_4,240|_중고 | 벌크 + 쿨러_20,750|_벌크_4,240|_중고 | 벌크 + 쿨러_21,390|_벌크_4,240|_중고",2490,2490,2490,2490,2490,2490,2490,2490,2490,2490,2490,2490,2490,2490,2490,2490,2490,2490,2490,2490,2490,2490,2490,2490,2490,2490,2490,2490,2490,2490,2490
2216200,인텔 펜티엄 G3420 (하스웰),인텔 펜티엄 G3420,하스웰,"_벌크_3,000|_중고",2490,2490,2490,2490,2490,2490,1600,1600,1600,1600,1600,1600,1600,1600,1600,1600,1600,1600,1600,1600,1600,1600,1600,1600,1600,1600,1600,1600,1600,1600,1600
17157887,인텔 펜티엄 G3440 (하스웰 리프레시),인텔 펜티엄 G3440,하스웰 리프레시,중고,0,0,0,0,0,0,0,0,0,2740,0,0,0,0,0,0,0,0,0,0,0,0,0,0,0,0,0,0,0,0,0
6113141,인텔 펜티엄 G3460 (하스웰 리프레시),인텔 펜티엄 G3460,하스웰 리프레시,중고,4690,4690,4690,4690,4700,0,0,0,0,0,0,0,0,0,0,4690,4690,4690,4690,4690,4690,4690,4690,0,0,0,0,0,0,0,0
3493026,인텔 펜티엄 G4400 (스카이레이크),인텔 펜티엄 G4400,스카이레이크,"벌크 + 쿨러_7,290|_벌크_3,390|_중고 | 벌크 + 쿨러_7,360|_벌크_3,390|_중고 | 벌크 + 쿨러_7,390|_벌크_3,390|_중고 | 벌크 + 쿨러_7,400|_벌크_3,390|_중고 | 벌크 + 쿨러_7,430|_벌크_3,390|_중고 | 벌크 + 쿨러_7,440|_벌크_3,390|_중고 | 벌크 + 쿨러_7,550|_벌크_3,390|_중고 | 벌크 + 쿨러_7,620|_벌크_3,400|_중고 | 벌크 + 쿨러_7,680|_벌크_3,400|_중고 | 벌크 + 쿨러_7,780|_벌크_3,400|_중고 | 벌크 + 쿨러_7,800|_벌크_3,400|_중고 | 벌크 + 쿨러_7,830|_벌크_3,390|_중고",2500,2500,2500,2500,2500,2500,2500,2500,2500,2500,2500,2500,2500,2500,2500,2500,2500,2500,2500,2500,2500,2500,2500,2500,2500,2500,2500,2500,2500,2500,2500
7467193,인텔 펜티엄 G4500 (스카이레이크),인텔 펜티엄 G4500,스카이레이크,중고,0,0,3860,3890,3880,3890,3890,3820,3960,3930,4190,4190,4190,4190,4190,4190,4190,4190,4190,0,0,0,0,0,0,4190,4190,4190,4190,4190,4190
4866397,인텔 펜티엄 G4560 (카비레이크),인텔 펜티엄 G4560,카비레이크,"_벌크 + 쿨러_7,810|벌크_4,120|_중고 | _벌크 + 쿨러_7,840|벌크_4,120|_중고 | _벌크 + 쿨러_7,880|벌크_4,020|_중고 | _벌크 + 쿨러_7,890|벌크_3,850|_중고 | _벌크 + 쿨러_7,910|벌크_4,090|_중고 | _벌크 + 쿨러_7,910|벌크_4,140|_중고 | _벌크 + 쿨러_7,920|벌크_4,170|_중고 | _벌크 + 쿨러_7,960|벌크_3,850|_중고 | _벌크 + 쿨러_8,020|벌크_3,980|_중고 | _벌크 + 쿨러_8,040|벌크_4,270|_중고 | _벌크 + 쿨러_8,080|벌크_3,970|_중고 | _벌크 + 쿨러_8,080|벌크_3,990|_중고 | _벌크 + 쿨러_8,090|벌크_3,990|_중고 | _벌크 + 쿨러_8,100|벌크_3,990|_중고 | _벌크 + 쿨러_8,100|벌크_4,080|_중고 | _벌크 + 쿨러_8,110|벌크_3,990|_중고 | _벌크 + 쿨러_8,110|벌크_4,090|_중고 | _벌크 + 쿨러_8,140|벌크_4,080|_중고 | _벌크 + 쿨러_8,160|벌크_3,990|_중고 | _벌크 + 쿨러_8,180|벌크_3,990|_중고 | 벌크 + 쿨러_8,180|_벌크_3,990|_중고",3860,3890,3860,3890,3840,3890,3800,3790,3790,3790,3790,3790,3790,3790,3790,3790,3790,3790,3790,3790,3790,3790,3790,3790,3790,3790,3790,3790,3790,3790,3790
5221428,인텔 펜티엄 G4600 (카비레이크),인텔 펜티엄 G4600,카비레이크,"_벌크 + 쿨러_9,630|벌크_8,990|해외구매_170,600|_중고 | _벌크 + 쿨러_9,660|벌크_8,990|해외구매_170,600|_중고 | 벌크 + 쿨러_9,320|_벌크_8,990|해외구매_186,300|_중고 | 벌크 + 쿨러_9,390|_벌크_8,980|해외구매_186,290|_중고 | 벌크 + 쿨러_9,420|_벌크_8,990|해외구매_186,300|_중고 | 벌크 + 쿨러_9,440|_벌크_8,990|해외구매_186,300|_중고 | 벌크 + 쿨러_9,510|_벌크_8,980|해외구매_186,290|_중고 | 벌크 + 쿨러_9,550|_벌크_8,990|해외구매_186,300|_중고 | 벌크 + 쿨러_9,590|_벌크_8,990|해외구매_170,600|_중고 | 벌크 + 쿨러_9,620|_벌크_8,990|해외구매_170,600|_중고 | 벌크 + 쿨러_9,630|_벌크_8,980|해외구매_186,290|_중고 | 벌크 + 쿨러_9,650|_벌크_8,990|해외구매_170,600|_중고 | 벌크 + 쿨러_9,650|_벌크_8,990|해외구매_186,300|_중고 | 벌크 + 쿨러_9,660|_벌크_8,980|해외구매_186,290|_중고 | 벌크 + 쿨러_9,760|_벌크_8,990|해외구매_170,600|_중고",4660,4540,4530,4500,4740,4740,4740,4640,4510,4780,4770,4740,4620,4500,4490,4640,4640,4640,4640,4640,4640,4640,4640,4640,4640,4640,4640,4640,4640,4640,4640
1376157,인텔 펜티엄 G620 (샌디브릿지),인텔 펜티엄 G620,샌디브릿지,"_벌크_1,790|_중고",2400,2400,2400,2400,2400,2400,2400,2400,2400,2400,2400,2400,2330,2330,2330,2330,2330,2330,2330,2330,2330,2330,2330,2330,2330,2330,2330,2330,2330,2330,2330
1520561,인텔 펜티엄 G630 (샌디브릿지),인텔 펜티엄 G630,샌디브릿지,"_정품_2,160|_벌크_1,790|중고 | _정품_2,160|벌크_1,790|_중고",2309,2309,2309,2309,2309,2309,900,900,900,900,900,900,900,900,900,900,900,900,900,900,900,900,900,900,900,900,900,900,900,900,900
1824690,인텔 펜티엄 G645 (샌디브릿지),인텔 펜티엄 G645,샌디브릿지,중고,4300,4300,4300,4300,4300,4300,4300,4300,4300,4300,4300,4300,4300,4300,4300,4300,4300,0,0,0,4300,4300,4300,4300,4300,4300,4300,0,4300,4300,0
1376038,인텔 펜티엄 G840 (샌디브릿지),인텔 펜티엄 G840,샌디브릿지,중고,1200,1170,1160,1160,1240,1230,0,0,0,0,0,0,0,0,0,0,0,0,0,0,0,0,0,0,0,0,0,0,0,0,0
1376176,인텔 펜티엄 G850 (샌디브릿지),인텔 펜티엄 G850,샌디브릿지,중고,1200,1170,1160,1160,1240,1230,1230,1160,1160,1160,1240,1210,1240,1210,1160,1200,1200,1200,1200,1200,1200,1200,2000,1990,1990,1990,1990,1990,1990,1990,0
1513439,인텔 펜티엄 G860 (샌디브릿지),인텔 펜티엄 G860,샌디브릿지,중고,1220,1240,1210,1240,1230,1230,1230,1160,1160,1160,1240,1210,1240,1210,1160,1200,1200,1200,1200,1200,1200,1200,2100,2090,2090,2090,2090,2090,2090,2090,2090
6060229,인텔 펜티엄 골드 G5400 (커피레이크),인텔 펜티엄 골드 G5400,커피레이크,"_벌크 + 쿨러_16,500|벌크_11,180|해외구매_183,100|_중고 | _벌크 + 쿨러_16,610|벌크_11,260|해외구매_183,100|_중고 | _벌크 + 쿨러_16,620|벌크_11,270|해외구매_183,100|_중고 | _벌크 + 쿨러_16,640|_벌크_11,260|해외구매_183,100|중고 | _벌크 + 쿨러_16,640|벌크_11,260|해외구매_183,100|_중고 | _벌크 + 쿨러_16,990|_벌크_11,550|해외구매_183,100|중고 | 벌크 + 쿨러_16,430|_벌크_11,040|해외구매_183,100|_중고 | 벌크 + 쿨러_16,490|_벌크_11,860|해외구매_183,100|_중고 | 벌크 + 쿨러_16,540|_벌크_11,160|해외구매_183,100|_중고 | 벌크 + 쿨러_16,570|_벌크_11,190|해외구매_183,100|_중고 | 벌크 + 쿨러_16,580|_벌크_11,260|해외구매_183,100|_중고 | 벌크 + 쿨러_16,640|_벌크_11,170|해외구매_183,100|_중고 | 벌크 + 쿨러_16,640|_벌크_11,260|해외구매_183,100|_중고 | 벌크 + 쿨러_16,650|_벌크_11,040|해외구매_183,100|_중고 | 벌크 + 쿨러_16,650|_벌크_11,860|해외구매_183,100|_중고 | 벌크 + 쿨러_16,990|_벌크_11,550|해외구매_183,100|_중고",9660,9660,9660,9660,9660,9660,9660,9660,9660,9660,9660,9660,9900,9900,9900,9900,9900,9900,9900,9900,9900,9900,9900,9900,9900,9900,9900,9900,9900,9900,9900
10535205,인텔 펜티엄 골드 G5420 (커피레이크-R),인텔 펜티엄 골드 G5420,커피레이크-R,"_벌크_13,440|_중고 | _벌크_14,030|_중고 | _벌크_14,070|_중고",9900,9900,9900,9900,9900,9900,9900,9900,9900,9900,9900,9900,9900,9900,9900,9900,9900,9900,9900,9900,9900,9900,9900,9900,9900,9900,9900,9900,9900,9900,9900
11405214,인텔 펜티엄 골드 G6400 (코멧레이크S),인텔 펜티엄 골드 G6400,코멧레이크S,"_정품_88,220|_벌크 + 쿨러_65,430|벌크_59,630|해외구매_107,370|중고 | _정품_88,220|_벌크 + 쿨러_65,550|벌크_59,750|해외구매_107,370|중고 | _정품_88,220|_벌크 + 쿨러_65,580|벌크_59,870|해외구매_107,370|중고 | _정품_88,220|_벌크 + 쿨러_65,680|벌크_59,900|해외구매_107,370|중고 | _정품_88,224|_벌크 + 쿨러_65,690|벌크_60,290|해외구매_107,370|중고 | _정품_90,710|_벌크 + 쿨러_65,350|벌크_59,950|해외구매_107,370|중고 | _정품_90,830|_벌크 + 쿨러_65,470|벌크_60,070|해외구매_107,370|중고 | _정품_90,860|_벌크 + 쿨러_65,590|벌크_60,190|해외구매_107,370|중고 | _정품_90,870|_벌크 + 쿨러_64,790|벌크_59,390|해외구매_107,700|중고 | _정품_90,870|_벌크 + 쿨러_65,620|벌크_60,220|해외구매_107,370|중고 | _정품_90,870|_벌크 + 쿨러_65,630|벌크_60,230|해외구매_107,370|중고 | _정품_90,870|_벌크 + 쿨러_65,660|벌크_60,190|해외구매_107,700|중고 | _정품_90,870|_벌크 + 쿨러_65,660|벌크_60,260|해외구매_107,370|중고 | _정품_90,870|_벌크 + 쿨러_65,690|벌크_60,290|해외구매_107,370|중고 | _정품_90,870|_벌크 + 쿨러_66,340|벌크_60,810|해외구매_107,700|중고 | _정품_90,870|벌크 + 쿨러_64,790|_벌크_59,390|해외구매_107,370|중고 | _정품_90,870|벌크 + 쿨러_64,790|_벌크_59,390|해외구매_107,700|중고 | _정품_90,870|벌크 + 쿨러_65,660|_벌크_60,190|해외구매_107,700|중고 | _정품_90,870|벌크 + 쿨러_65,660|_벌크_61,370|해외구매_107,700|중고 | _정품_90,870|벌크 + 쿨러_66,340|_벌크_60,810|해외구매_107,700|중고",56250,56250,56250,56250,56250,56250,56250,56250,56250,56250,56250,56250,56250,56250,56250,56250,56250,56250,56250,56250,61910,61880,61760,61640,57020,57020,57020,55130,55130,55130,55130
13620101,인텔 펜티엄 골드 G6405 (코멧레이크S 리프레시),인텔 펜티엄 골드 G6405,코멧레이크S 리프레시,"_정품_89,250|_벌크 + 쿨러_84,410|벌크_78,900|해외구매 | _정품_89,250|_벌크 + 쿨러_84,413|벌크_78,910|해외구매 | _정품_89,250|_벌크 + 쿨러_86,720|벌크_81,960|해외구매 | _정품_89,480|_벌크 + 쿨러_87,130|벌크_81,960|해외구매 | _정품_92,550|_벌크 + 쿨러_86,720|벌크_81,960|해외구매 | _정품_92,550|_벌크 + 쿨러_87,130|벌크_81,960|해외구매 | _정품_92,780|_벌크 + 쿨러_87,130|벌크_81,960|해외구매",137610,137610,137610,137610,137610,137610,137610,137610,137610,137570,137570,137570,137610,137610,137900,139660,139660,137850,137850,137850,137850,137850,137850,135880,135880,135880,135880,135880,135880,135880,135880
16100921,인텔 펜티엄 골드 G7400 (엘더레이크),인텔 펜티엄 골드 G7400,엘더레이크,"_정품_129,990|벌크 + 쿨러_106,830|_벌크_92,440|해외구매 | _정품_130,000|벌크 + 쿨러_104,540|_벌크_91,010|해외구매 | _정품_130,000|벌크 + 쿨러_104,660|_벌크_91,130|해외구매 | _정품_130,000|벌크 + 쿨러_104,690|_벌크_91,250|해외구매 | _정품_130,000|벌크 + 쿨러_104,710|_벌크_91,290|해외구매 | _정품_130,000|벌크 + 쿨러_104,770|_벌크_91,340|해외구매 | _정품_130,000|벌크 + 쿨러_105,560|_벌크_92,690|해외구매 | _정품_130,000|벌크 + 쿨러_105,570|_벌크_92,240|해외구매 | _정품_130,000|벌크 + 쿨러_105,580|_벌크_92,320|해외구매 | _정품_130,000|벌크 + 쿨러_105,680|_벌크_93,830|해외구매 | _정품_130,000|벌크 + 쿨러_106,040|_벌크_92,240|해외구매 | _정품_131,240|_벌크 + 쿨러_103,950|벌크_91,240|해외구매 | _정품_131,240|_벌크 + 쿨러_104,470|벌크_91,240|해외구매 | _정품_131,240|_벌크 + 쿨러_104,470|벌크_91,460|해외구매 | _정품_131,240|_벌크 + 쿨러_104,470|벌크_91,490|해외구매 | _정품_131,240|벌크 + 쿨러_101,300|_벌크_90,490|해외구매 | _정품_131,240|벌크 + 쿨러_101,300|_벌크_91,380|해외구매 | _정품_131,240|벌크 + 쿨러_103,940|_벌크_91,240|해외구매 | _정품_135,300|벌크 + 쿨러_104,420|_벌크_90,890|해외구매 | _정품_135,300|벌크 + 쿨러_104,470|_벌크_92,150|해외구매 | _정품_92,700|벌크 + 쿨러_105,680|_벌크_91,870|해외구매",183500,183500,183500,183500,183500,183500,183500,183500,183500,183500,183500,183500,183500,183500,188500,193500,193500,193500,193500,193500,203500,203500,203500,203500,203500,203500,203500,193500,193500,193500,193500
38452358,인텔 프로세서 300 (랩터레이크 리프레시),인텔 프로세서 300,랩터레이크 리프레시,"_정품_134,600|벌크 + 쿨러_107,350|_벌크 | _정품_134,720|벌크 + 쿨러_107,380|_벌크 | _정품_134,760|벌크 + 쿨러_107,390|_벌크 | _정품_134,870|벌크 + 쿨러_107,960|_벌크 | _정품_134,880|벌크 + 쿨러_107,420|_벌크 | _정품_134,890|벌크 + 쿨러_107,990|_벌크 | _정품_134,900|벌크 + 쿨러_107,990|_벌크 | _정품_137,500|벌크 + 쿨러_107,770|_벌크 | _정품_137,500|벌크 + 쿨러_107,890|_벌크 | _정품_137,500|벌크 + 쿨러_107,920|_벌크 | _정품_137,500|벌크 + 쿨러_107,930|_벌크 | _정품_145,710|_벌크 + 쿨러_107,650|벌크 | _정품_145,710|_벌크 + 쿨러_107,990|벌크 | _정품_162,070|_벌크 + 쿨러_109,990|벌크 | _정품_162,070|벌크 + 쿨러_104,310|_벌크 | _정품_162,070|벌크 + 쿨러_109,990|_벌크 | _정품_169,080|벌크 + 쿨러_105,930|_벌크 | _정품_169,120|벌크 + 쿨러_105,930|_벌크",90680,94500,94470,85500,85500,85500,85500,85500,85500,85500,85500,85500,85500,85500,85500,85500,85500,85500,85500,85500,89610,89610,89610,86996,86990,89610,89610,85500,85500,85500,85500
32039399,인텔 프로세서 300 (랩터레이크 리프레시),인텔 프로세서 300,랩터레이크 리프레시,"_정품_134,600|벌크 + 쿨러_107,350|_벌크 | _정품_134,720|벌크 + 쿨러_107,380|_벌크 | _정품_134,760|벌크 + 쿨러_107,390|_벌크 | _정품_134,870|벌크 + 쿨러_107,960|_벌크 | _정품_134,880|벌크 + 쿨러_107,420|_벌크 | _정품_134,890|벌크 + 쿨러_107,990|_벌크 | _정품_134,900|벌크 + 쿨러_107,990|_벌크 | _정품_137,500|벌크 + 쿨러_107,770|_벌크 | _정품_137,500|벌크 + 쿨러_107,890|_벌크 | _정품_137,500|벌크 + 쿨러_107,920|_벌크 | _정품_137,500|벌크 + 쿨러_107,930|_벌크 | _정품_145,710|_벌크 + 쿨러_107,650|벌크 | _정품_145,710|_벌크 + 쿨러_107,990|벌크 | _정품_162,070|_벌크 + 쿨러_109,990|벌크 | _정품_162,070|벌크 + 쿨러_104,310|_벌크 | _정품_162,070|벌크 + 쿨러_109,990|_벌크 | _정품_169,080|벌크 + 쿨러_105,930|_벌크 | _정품_169,120|벌크 + 쿨러_105,930|_벌크",90680,94500,94470,85500,85500,85500,85500,85500,85500,85500,85500,85500,85500,85500,85500,85500,85500,85500,85500,85500,89610,89610,89610,86996,86990,89610,89610,85500,85500,85500,85500
