Id,Name,cpu_model,cpu_codename,sale_info,2024-10-01,2024-10-02,2024-10-03,2024-10-04,2024-10-05,2024-10-06,2024-10-07,2024-10-08,2024-10-09,2024-10-10,2024-10-11,2024-10-12,2024-10-13,2024-10-14,2024-10-15,2024-10-16,2024-10-17,2024-10-18,2024-10-19,2024-10-20,2024-10-21,2024-10-22,2024-10-23,2024-10-24,2024-10-25,2024-10-26,2024-10-27,2024-10-28,2024-10-29,2024-10-30,2024-10-31
15833261,AMD A4 3300 (라노),AMD A4 3300,라노,중고,0,0,0,0,0,0,0,0,0,0,0,0,2000,2000,2000,2000,2000,2000,2000,0,0,0,0,0,0,0,0,0,0,0,0
18170813,AMD A4 7300 (리치랜드),AMD A4 7300,리치랜드,중고,2990,2990,2990,2990,2990,2990,2990,2990,0,0,2990,2990,2990,2990,2990,2990,2990,0,0,0,0,0,0,0,0,0,0,0,0,0,0
9736752,AMD EPYC 7302 (롬),AMD EPYC 7302,롬,정품,1985710,1985700,1985670,1985550,1985540,1985510,1985500,1985490,1985480,0,1985460,1985450,1985440,1985430,1985430,1985410,1985330,0,0,0,0,0,0,0,0,0,0,0,0,1984760,0
9736764,AMD EPYC 7302P (롬),AMD EPYC 7302P,롬,정품,1062620,1062590,1062560,1062530,1062520,1062490,1062480,1062470,1062460,1062450,0,0,0,1062390,1062320,1062310,1062310,1062280,1062280,1062260,1062250,1062240,1062210,1062200,1062170,1062050,1061930,1061920,1061890,1061880,1061850
16909040,AMD EPYC 7543 (밀라노),AMD EPYC 7543,밀라노,정품,1689490,1689370,1689340,1689310,1689300,1689270,1689260,1689250,1689240,1689230,1689220,1689210,1689200,1689190,1689180,1689170,1689140,1689060,1689060,1689040,1689010,1689000,1688970,1688960,1667500,1667470,1667350,1667340,1667310,1667300,1667270
9736071,AMD EPYC 7742 (롬),AMD EPYC 7742,롬,정품,0,12799910,12799910,12799910,12799910,12799910,12799910,12799910,12799910,12799910,12799910,12799910,12799910,12799910,12799910,12799910,12799910,12799910,12799910,12799910,12799910,12799910,12799910,0,0,0,0,0,0,0,0
16908977,AMD EPYC 7763 (밀라노),AMD EPYC 7763,밀라노,정품,13699990,13699990,13699990,13699990,13699990,13699990,13699990,13699990,13699990,13699990,13699990,13699990,13699990,13699990,13699990,13699990,13699990,13699990,13699990,13699990,13699990,13699990,13699990,0,0,0,13699990,13699990,13699990,13699990,13699990
28159028,AMD FX 4100 (잠베지),AMD FX 4100,잠베지,중고,0,0,0,0,0,0,5590,5590,5590,5590,5590,5750,5750,0,0,5940,5960,5960,5960,5960,5960,5960,5980,0,5960,5960,5960,0,0,0,5960
4143917,AMD FX 8300 (비쉐라),AMD FX 8300,비쉐라,중고,26600,26040,25930,25810,25800,25770,25760,25750,25740,25730,25720,25710,25700,25690,25680,25670,25590,25580,25600,25510,25390,25180,25150,25140,25110,24990,24880,25200,25170,25160,25130
5565728,AMD 라이젠 스레드리퍼 1950X (화이트헤븐),AMD 라이젠 스레드리퍼 1950X,화이트헤븐,해외구매,944890,944890,944890,944890,944890,944890,944890,944890,944890,944890,944890,944890,944890,944890,944890,944890,944890,944890,944890,944890,944890,944890,944890,944890,944890,944890,944890,944890,944890,944890,944890
11038053,AMD 라이젠 스레드리퍼 2970WX (콜팩스),AMD 라이젠 스레드리퍼 2970WX,콜팩스,해외구매,1998390,1998390,1998390,1998390,1998390,1998390,1998390,1998390,1998390,1998390,1998390,1998390,1998390,1998390,1998390,1998390,1998390,1998390,1998390,1998390,1998390,1998390,1998390,1998390,1998390,1650600,1650600,1650600,1650600,1650600,1650600
11035740,AMD 라이젠 스레드리퍼 2990WX (콜팩스),AMD 라이젠 스레드리퍼 2990WX,콜팩스,해외구매,5178440,5178440,5178440,5178440,5178440,5178440,5178440,5338590,5338590,5338590,5338590,5338590,5338590,5328590,5328590,5328590,5328590,5328590,5328590,5338590,5338600,5338600,5338600,5338600,5338600,5338600,5338600,5338600,5338600,5125056,5125056
14079716,AMD 라이젠 스레드리퍼 3970X (캐슬 픽),AMD 라이젠 스레드리퍼 3970X,캐슬 픽,해외구매,2852900,2852870,2852840,2852810,2852800,2852770,2852760,2852750,2852740,2852730,2852720,2852690,2852570,2852470,2868290,2868290,2868210,2868160,2785390,2785390,2785390,2785390,2785390,2785390,2785390,2785390,2785390,2785390,2785390,2785390,2785390
30131825,AMD 라이젠 스레드리퍼 7960X (스톰 픽),AMD 라이젠 스레드리퍼 7960X,스톰 픽,정품,2388570,2388570,2388570,2327220,2277170,2277170,2277170,2277170,2277170,2277170,2100000,2099990,2100000,2100000,2100000,2100000,2099990,2099990,2099990,2099990,2099990,2099990,2099990,2099990,2099990,2099990,2099990,2099990,2099990,2099990,2099990
30131816,AMD 라이젠 스레드리퍼 7970X (스톰 픽),AMD 라이젠 스레드리퍼 7970X,스톰 픽,정품,3656630,3656630,3656630,3656630,3656630,3656630,3656630,3656630,3656630,3656630,3656630,3656630,3656630,3656630,3656630,3656630,3656630,3656630,3656630,3656630,3656630,3656630,3656630,3656630,3656630,3656630,3656630,3656630,3656630,3656630,3656630
30131798,AMD 라이젠 스레드리퍼 7980X (스톰 픽),AMD 라이젠 스레드리퍼 7980X,스톰 픽,정품,7300790,7300790,7300790,7249990,7249880,7249760,7249750,7249660,7249650,7249630,7249110,7249090,7249060,7248960,7248950,7248940,7248900,7248870,7248870,7248850,7248820,7248810,7248930,7248930,7248930,7248930,7248930,7248930,7248930,7248930,7248930
13491257,AMD 라이젠 스레드리퍼 PRO 3955WX (캐슬 픽-W),AMD 라이젠 스레드리퍼 PRO 3955WX,캐슬 픽-W,"_정품_1,383,990|_해외구매_1,625,390|중고 | _정품_1,383,990|_해외구매_1,821,190|중고 | _정품_1,383,990|_해외구매_2,090,490|중고 | _정품_1,384,000|_해외구매_1,625,390|중고",900000,900000,900000,900000,900000,900000,900000,900000,900000,900000,900000,900000,900000,900000,900000,900000,900000,900000,900000,900000,754590,754590,754590,754590,754590,754590,754590,754590,1012250,1012250,1012250
18614342,AMD 라이젠 스레드리퍼 PRO 3975WX (캐슬 픽-W),AMD 라이젠 스레드리퍼 PRO 3975WX,캐슬 픽-W,"_벌크_3,892,480|_해외구매_2,510,100|중고 | _벌크_3,892,480|_해외구매_2,528,100|중고 | _벌크_3,892,480|_해외구매_2,533,500|중고",3204000,3204000,3204000,3204000,3204000,3204000,3169810,3169810,3169810,3169810,3169810,3267830,3267830,3267830,3403980,3267830,3267830,3267830,3267830,3267830,3267830,3233790,3403980,3199750,3199750,3199750,3199750,3199750,3199750,3199750,3233790
18000296,AMD 라이젠 스레드리퍼 PRO 3995WX (캐슬 픽-W),AMD 라이젠 스레드리퍼 PRO 3995WX,캐슬 픽-W,해외구매,10998480,10998480,10998480,10998480,10998480,10998480,10998480,10998480,10998480,10998480,10998480,10998480,10998480,10998480,10998480,10998480,10998480,10998480,10998480,10998480,10998480,10998480,10998480,10998480,10998480,10998480,10998480,10998480,10998480,10998480,10998480
18055820,AMD 라이젠 스레드리퍼 PRO 5955WX (샤갈 프로),AMD 라이젠 스레드리퍼 PRO 5955WX,샤갈 프로,"_정품_1,610,060|_해외구매 | _정품_1,611,990|_해외구매 | _정품_1,643,190|_해외구매",1590800,1590800,1590790,1590800,1590790,1590790,1590790,1590790,1474790,1474790,1474790,1491800,1491800,1491800,1491800,1491800,1491800,1507000,1507000,1507000,1507000,1507000,1507000,1507000,1522350,1522350,1522350,1522350,1522350,1522350,1522350
17570816,AMD 라이젠 스레드리퍼 PRO 5965WX (샤갈 프로),AMD 라이젠 스레드리퍼 PRO 5965WX,샤갈 프로,"_정품_2,990,960|_해외구매 | _정품_2,990,990|_해외구매 | _정품_2,991,000|_해외구매 | _정품_2,991,030|_해외구매 | _정품_2,991,040|_해외구매 | _정품_2,991,160|_해외구매 | _정품_2,991,280|_해외구매 | _정품_2,991,310|_해외구매 | _정품_2,991,320|_해외구매 | _정품_2,991,350|_해외구매 | _정품_2,991,360|_해외구매 | _정품_2,991,370|_해외구매 | _정품_2,991,390|_해외구매 | _정품_2,991,480|_해외구매 | _정품_2,991,590|_해외구매 | _정품_2,991,660|_해외구매 | _정품_2,991,670|_해외구매 | _정품_2,991,680|_해외구매 | _정품_2,991,690|_해외구매 | _정품_2,991,700|_해외구매 | _정품_2,991,710|_해외구매 | _정품_2,991,720|_해외구매 | _정품_2,991,730|_해외구매 | _정품_2,991,740|_해외구매 | _정품_2,991,750|_해외구매 | _정품_2,991,760|_해외구매 | _정품_2,991,790|_해외구매 | _정품_2,991,800|_해외구매 | _정품_2,991,830|_해외구매 | _정품_2,991,860|_해외구매 | _정품_2,991,970|_해외구매",3378790,3378790,3378790,3378790,3378790,3378790,3378790,3378790,3378790,3378790,3378790,3378790,3378790,3378790,3378790,3378790,3378790,3378790,3378790,3378790,3378790,3368800,3368800,3368800,3358800,3358800,3358800,3358800,3358800,3358800,3358800
17570807,AMD 라이젠 스레드리퍼 PRO 5975WX (샤갈 프로),AMD 라이젠 스레드리퍼 PRO 5975WX,샤갈 프로,"_정품_3,584,500|멀티팩(정품)_3,465,120|_해외구매 | _정품_3,584,500|멀티팩(정품)_3,465,140|_해외구매 | _정품_3,584,500|멀티팩(정품)_3,465,160|_해외구매 | _정품_3,584,500|멀티팩(정품)_3,465,170|_해외구매 | _정품_3,584,500|멀티팩(정품)_3,465,200|_해외구매 | _정품_3,584,500|멀티팩(정품)_3,465,210|_해외구매 | _정품_3,584,500|멀티팩(정품)_3,465,220|_해외구매 | _정품_3,584,500|멀티팩(정품)_3,465,230|_해외구매 | _정품_3,584,510|멀티팩(정품)_3,465,350|_해외구매 | _정품_3,584,510|멀티팩(정품)_3,465,390|_해외구매 | _정품_3,584,510|멀티팩(정품)_3,465,420|_해외구매 | _정품_3,584,510|멀티팩(정품)_3,465,440|_해외구매 | _정품_3,584,510|멀티팩(정품)_3,465,520|_해외구매 | _정품_3,616,600|멀티팩(정품)_3,498,970|_해외구매 | _정품_3,616,610|멀티팩(정품)_3,479,800|_해외구매 | _정품_3,616,610|멀티팩(정품)_3,498,970|_해외구매 | 멀티팩(정품)_3,465,100|_정품_3,584,500|_해외구매",3787800,3787800,3787800,3787800,3522910,3522790,3522780,3522770,3522760,3522750,3522740,3522730,3522720,3522690,3522590,3522570,3522490,3522440,3522440,3522420,3522410,3522400,3522370,3522360,3522330,3522210,3522090,3522080,3522050,3522040,3522010
20685467,AMD 라이젠 스레드리퍼 PRO 5975WX (샤갈 프로),AMD 라이젠 스레드리퍼 PRO 5975WX,샤갈 프로,"멀티팩(정품)_3,465,100|_정품_3,584,500|_해외구매",0,0,0,0,0,0,0,0,0,0,0,0,0,0,0,0,0,0,0,0,0,0,0,0,0,0,0,0,0,0,3522010
17570783,AMD 라이젠 스레드리퍼 PRO 5995WX (샤갈 프로),AMD 라이젠 스레드리퍼 PRO 5995WX,샤갈 프로,정품,8361490,8361490,8361490,8361490,8361490,8361490,8361490,8361490,8361490,8361490,8361490,8361490,8361490,8361490,8361490,8361490,8361490,8361490,8361490,8361490,8361490,8361490,8361490,8361490,8361490,8361490,8361490,8361490,8361490,8361490,8361490
30143039,AMD 라이젠 스레드리퍼 PRO 7965WX (스톰 픽),AMD 라이젠 스레드리퍼 PRO 7965WX,스톰 픽,"_멀티팩(정품)_3,648,430|_정품 | _정품_3,773,000|_멀티팩(정품)",3649670,3649660,3649630,3649510,3649500,3649470,3649460,3649450,3649440,3649430,3648970,3648880,3648870,3648840,3648990,3648990,3648910,3648860,3648860,3648840,3648830,3648820,3648790,3648780,3648750,3648630,3648510,3648500,3648470,3648460,3773000
30131762,AMD 라이젠 스레드리퍼 PRO 7965WX (스톰 픽),AMD 라이젠 스레드리퍼 PRO 7965WX,스톰 픽,"_정품_3,773,000|_멀티팩(정품)",3649670,3649660,3649630,3649510,3649500,3649470,3649460,3649450,3649440,3649430,3648970,3648880,3648870,3648840,3648990,3648990,3648910,3648860,3648860,3648840,3648830,3648820,3648790,3648780,3648750,3648630,3648510,3648500,3648470,3648460,0
30143105,AMD 라이젠 스레드리퍼 PRO 7975WX (스톰 픽),AMD 라이젠 스레드리퍼 PRO 7975WX,스톰 픽,"_멀티팩(정품)_5,297,490|_정품_5,650,000|해외구매 | _정품_5,650,000|_멀티팩(정품)_5,297,520|해외구매 | _정품_5,650,000|_멀티팩(정품)_5,297,530|해외구매 | _정품_5,650,000|_멀티팩(정품)_5,297,560|해외구매 | _정품_5,650,000|_멀티팩(정품)_5,297,570|해외구매 | _정품_5,650,000|_멀티팩(정품)_5,297,690|해외구매 | _정품_5,650,000|_멀티팩(정품)_5,297,810|해외구매 | _정품_5,650,000|_멀티팩(정품)_5,297,840|해외구매 | _정품_5,650,000|_멀티팩(정품)_5,297,850|해외구매 | _정품_5,650,000|_멀티팩(정품)_5,297,880|해외구매 | _정품_5,650,000|_멀티팩(정품)_5,297,890|해외구매 | _정품_5,650,000|_멀티팩(정품)_5,297,900|해외구매 | _정품_5,650,000|_멀티팩(정품)_5,297,920|해외구매 | _정품_5,650,000|_멀티팩(정품)_5,323,570|해외구매 | _정품_5,650,000|_멀티팩(정품)_5,324,670|해외구매",6932920,6932910,6932880,6932760,6932750,6932720,6932710,6932700,6932690,6902560,6902550,6902540,6902510,6902400,6902300,6902280,6902200,6902140,6902140,6902120,6902110,6902100,6902090,6902080,6902070,6902060,6902050,6902040,6902030,6902020,6902010
30131723,AMD 라이젠 스레드리퍼 PRO 7975WX (스톰 픽),AMD 라이젠 스레드리퍼 PRO 7975WX,스톰 픽,"_정품_5,650,000|_멀티팩(정품)_5,297,520|해외구매 | _정품_5,650,000|_멀티팩(정품)_5,297,530|해외구매 | _정품_5,650,000|_멀티팩(정품)_5,297,560|해외구매 | _정품_5,650,000|_멀티팩(정품)_5,297,570|해외구매 | _정품_5,650,000|_멀티팩(정품)_5,297,690|해외구매 | _정품_5,650,000|_멀티팩(정품)_5,297,810|해외구매 | _정품_5,650,000|_멀티팩(정품)_5,297,840|해외구매 | _정품_5,650,000|_멀티팩(정품)_5,297,850|해외구매 | _정품_5,650,000|_멀티팩(정품)_5,297,880|해외구매 | _정품_5,650,000|_멀티팩(정품)_5,297,890|해외구매 | _정품_5,650,000|_멀티팩(정품)_5,297,900|해외구매 | _정품_5,650,000|_멀티팩(정품)_5,297,920|해외구매 | _정품_5,650,000|_멀티팩(정품)_5,323,570|해외구매 | _정품_5,650,000|_멀티팩(정품)_5,324,670|해외구매",6932920,6932910,6932880,6932760,6932750,6932720,6932710,6932700,6932690,6902560,6902550,6902540,6902510,6902400,6902300,6902280,6902200,6902140,6902140,6902120,6902110,6902100,6902090,6902080,6902070,6902060,6902050,6902040,6902030,6902020,0
30143060,AMD 라이젠 스레드리퍼 PRO 7985WX (스톰 픽),AMD 라이젠 스레드리퍼 PRO 7985WX,스톰 픽,"_멀티팩(정품)_10,212,790|_정품 | _정품_10,700,000|_멀티팩(정품)",10212790,10212790,10212790,10212790,10212790,10212790,10212790,10212790,10212790,10212790,10212790,10212790,10212790,10212790,10212790,10212790,10212790,10212790,10212790,10212790,10212790,10212790,10212790,10212790,10212790,10212790,10212790,10212790,10212790,10212790,10700000
30131639,AMD 라이젠 스레드리퍼 PRO 7985WX (스톰 픽),AMD 라이젠 스레드리퍼 PRO 7985WX,스톰 픽,"_정품_10,700,000|_멀티팩(정품)",10212790,10212790,10212790,10212790,10212790,10212790,10212790,10212790,10212790,10212790,10212790,10212790,10212790,10212790,10212790,10212790,10212790,10212790,10212790,10212790,10212790,10212790,10212790,10212790,10212790,10212790,10212790,10212790,10212790,10212790,0
30142979,AMD 라이젠 스레드리퍼 PRO 7995WX (스톰 픽),AMD 라이젠 스레드리퍼 PRO 7995WX,스톰 픽,"_멀티팩(정품)_14,086,410|_정품_14,060,790|해외구매 | _정품_14,060,790|_멀티팩(정품)_14,086,410|해외구매 | _정품_14,060,800|_멀티팩(정품)_14,086,410|해외구매 | _정품_14,060,800|멀티팩(정품)_14,086,410|_해외구매 | _정품_14,247,990|_멀티팩(정품)_14,086,410|해외구매 | _정품_14,247,990|멀티팩(정품)_14,086,410|_해외구매",17969430,17969400,17969370,17969340,17969310,17969200,17969190,17969180,17969170,17969160,17921080,17920970,17920850,17920730,17920630,17920610,17920550,17920540,17920540,17920520,17920490,17920480,17920480,17920450,17920420,17920390,17920270,17920260,17920230,17920220,17920190
30131510,AMD 라이젠 스레드리퍼 PRO 7995WX (스톰 픽),AMD 라이젠 스레드리퍼 PRO 7995WX,스톰 픽,"_정품_14,060,790|_멀티팩(정품)_14,086,410|해외구매 | _정품_14,060,800|_멀티팩(정품)_14,086,410|해외구매 | _정품_14,060,800|멀티팩(정품)_14,086,410|_해외구매 | _정품_14,247,990|_멀티팩(정품)_14,086,410|해외구매 | _정품_14,247,990|멀티팩(정품)_14,086,410|_해외구매",17969430,17969400,17969370,17969340,17969310,17969200,17969190,17969180,17969170,17969160,17921080,17920970,17920850,17920730,17920630,17920610,17920550,17920540,17920540,17920520,17920490,17920480,17920480,17920450,17920420,17920390,17920270,17920260,17920230,17920220,0
11876290,AMD 라이젠3 PRO 4350G (르누아르),AMD 라이젠3 PRO 4350G,르누아르,"_멀티팩(정품)_113,400|_해외구매_178,050|중고 | _멀티팩(정품)_114,660|_해외구매_197,830|중고 | _멀티팩(정품)_116,000|_해외구매_187,840|중고 | _멀티팩(정품)_125,990|_해외구매_197,830|중고 | _멀티팩(정품)_194,000|_해외구매_194,320|중고 | _멀티팩(정품)_194,000|_해외구매_197,830|중고",81290,81290,81290,81290,82000,82000,82000,73990,81290,81290,82000,82000,82000,82000,82000,82000,82000,82000,82000,82000,82000,71540,71540,71540,73170,73170,73170,73170,73170,73170,73170
18172421,AMD 라이젠3-1세대 2200G (레이븐 릿지),AMD 라이젠3-1세대 2200G,레이븐 릿지,중고,34990,34990,34990,34990,34990,34990,34990,34990,34990,34990,34990,34990,34990,34990,33990,33990,33990,33990,33990,33990,33990,32000,32000,32000,32000,32000,32000,32000,32000,32000,32000
8460291,AMD 라이젠3-2세대 3200G (피카소),AMD 라이젠3-2세대 3200G,피카소,"_정품_82,000|_멀티팩(정품)_75,870|해외구매_140,400|중고 | _정품_82,380|_멀티팩(정품)_75,870|해외구매_140,400|중고 | _정품_83,150|_멀티팩(정품)_80,000|해외구매_140,400|중고 | _정품_83,150|_멀티팩(정품)_81,090|해외구매_140,400|중고 | _정품_85,460|_멀티팩(정품)_81,780|해외구매_140,400|중고 | _정품_85,460|_멀티팩(정품)_81,780|해외구매_141,900|중고 | _정품_85,460|_멀티팩(정품)_81,850|해외구매_141,900|중고 | _정품_85,467|_멀티팩(정품)_81,930|해외구매_141,900|중고 | _정품_86,350|_멀티팩(정품)_81,730|해외구매_140,400|중고 | _정품_86,350|_멀티팩(정품)_81,760|해외구매_140,400|중고 | _정품_86,350|_멀티팩(정품)_81,930|해외구매_141,900|중고 | _정품_92,000|_멀티팩(정품)_81,210|해외구매_141,900|중고 | _정품_92,000|_멀티팩(정품)_81,240|해외구매_141,900|중고 | _정품_92,000|_멀티팩(정품)_81,250|해외구매_141,900|중고 | _정품_92,000|_멀티팩(정품)_81,260|해외구매_141,900|중고 | _정품_92,000|_멀티팩(정품)_81,270|해외구매_141,900|중고 | _정품_92,000|_멀티팩(정품)_81,280|해외구매_141,900|중고 | _정품_92,000|_멀티팩(정품)_81,290|해외구매_141,900|중고 | _정품_92,000|_멀티팩(정품)_81,300|해외구매_141,900|중고 | _정품_92,000|_멀티팩(정품)_81,310|해외구매_141,900|중고 | _정품_92,000|_멀티팩(정품)_81,340|해외구매_141,900|중고 | _정품_92,000|_멀티팩(정품)_81,350|해외구매_141,900|중고 | _정품_92,000|_멀티팩(정품)_81,470|해외구매_151,000|중고 | _정품_92,000|_멀티팩(정품)_81,500|해외구매_151,000|중고 | _정품_92,000|_멀티팩(정품)_81,510|해외구매_151,000|중고",62490,62490,62490,62490,62490,62490,62490,62490,62490,62490,62490,62490,62490,62490,62490,62490,62490,62490,62490,62610,62610,60540,60540,60540,61920,61920,61920,61920,61920,61920,0
12401438,AMD 라이젠3-2세대 3200G (피카소),AMD 라이젠3-2세대 3200G,피카소,"_멀티팩(정품)_81,090|_정품_83,150|해외구매_140,400|중고",0,0,0,0,0,0,0,0,0,0,0,0,0,0,0,0,0,0,0,0,0,0,0,0,0,0,0,0,0,0,61920
12625094,AMD 라이젠3-3세대 3300X (마티스),AMD 라이젠3-3세대 3300X,마티스,"_멀티팩(정품)_270,000|_해외구매_341,790|중고 | _멀티팩(정품)_270,000|_해외구매_341,800|중고",58130,58130,58130,58130,56880,56880,56880,56880,62490,62490,62490,62490,62490,62490,62490,62490,62490,62490,62490,62490,62490,55000,55000,55000,56250,56250,56250,56250,56250,56250,56250
11876443,AMD 라이젠5 PRO 4650G (르누아르),AMD 라이젠5 PRO 4650G,르누아르,"_멀티팩(정품)_111,570|_해외구매 | _멀티팩(정품)_113,430|_해외구매 | _멀티팩(정품)_116,640|_해외구매 | _멀티팩(정품)_120,280|_해외구매 | _멀티팩(정품)_124,610|_해외구매 | _멀티팩(정품)_124,990|_해외구매 | _멀티팩(정품)_127,000|_해외구매 | _멀티팩(정품)_128,800|_해외구매 | _멀티팩(정품)_130,000|_해외구매 | _멀티팩(정품)_130,500|_해외구매 | _멀티팩(정품)_133,900|_해외구매 | _멀티팩(정품)_134,000|_해외구매 | _멀티팩(정품)_134,500|_해외구매 | _멀티팩(정품)_135,000|_해외구매 | _멀티팩(정품)_135,200|_해외구매 | _멀티팩(정품)_139,990|_해외구매",176300,176300,176300,176300,176300,176300,176300,176300,176300,176300,176300,176300,176300,176300,176300,176300,176300,176300,176300,176300,176300,176300,176300,176300,176300,176300,176300,176300,176300,176300,176300
8141410,AMD 라이젠5-1세대 1400 (서밋 릿지),AMD 라이젠5-1세대 1400,서밋 릿지,중고,25990,25990,25990,25990,25990,26210,26210,26210,26210,26210,26210,26210,26210,26210,26210,26210,26210,26210,26210,0,0,0,0,0,25920,0,0,0,25920,0,0
18172463,AMD 라이젠5-1세대 1500X (서밋 릿지),AMD 라이젠5-1세대 1500X,서밋 릿지,중고,31290,31290,31290,31290,31290,31290,31290,31290,31290,31290,31290,31290,31290,31290,31290,31290,31290,31290,31290,31290,31290,28300,28300,28300,28300,0,0,28300,28300,0,0
13822442,AMD 라이젠5-1세대 1600 (서밋 릿지),AMD 라이젠5-1세대 1600,서밋 릿지,중고,39990,39990,39990,39990,39990,39990,39990,34990,31900,31900,31900,31900,31900,31900,31900,31900,31900,31900,31900,31900,31900,28900,28900,28900,28900,28900,28900,28900,28900,28900,28900
6333162,AMD 라이젠5-2세대 2600 (피나클 릿지),AMD 라이젠5-2세대 2600,피나클 릿지,해외구매,263830,263800,263770,248720,248720,277890,277890,277890,277890,277890,277890,277890,277890,277890,277890,277890,277890,277890,277890,277890,277890,267900,267900,267900,257900,257900,257900,257900,257900,257900,252890
11026104,AMD 라이젠5-2세대 2600X (피나클 릿지),AMD 라이젠5-2세대 2600X,피나클 릿지,"_해외구매_101,000|_중고",51900,51900,51900,51900,51240,51240,51240,51240,51240,51240,51240,51240,51240,51240,51240,51240,51240,51240,51240,51240,51240,45670,45670,45670,46710,46710,46710,46710,46710,46710,46710
10176534,AMD 라이젠5-2세대 3400G (피카소),AMD 라이젠5-2세대 3400G,피카소,"_멀티팩(정품)_372,600|_해외구매",91620,98500,98500,98500,98500,98500,98500,98500,98500,98500,98500,98500,98500,98500,98500,102690,103680,102690,102690,103680,103680,93680,93680,93680,93320,94880,94880,94880,94880,94880,94880
12340073,AMD 라이젠5-3세대 3500 (마티스),AMD 라이젠5-3세대 3500,마티스,해외구매,186090,186080,186050,185930,185920,185890,185880,185870,185860,185850,185840,185830,185820,185790,186190,186190,186150,186030,185940,185920,185910,185900,185870,185860,185830,185710,185590,185580,185550,185540,185510
17744591,AMD 라이젠5-3세대 3500X (마티스),AMD 라이젠5-3세대 3500X,마티스,중고,68790,68790,68790,68790,68790,68790,68790,68790,68790,68790,62490,62490,62490,62490,62490,62000,61990,61990,61990,61990,61990,55000,49000,49000,49000,56250,56250,56250,56250,56250,56250
10861092,AMD 라이젠5-3세대 3600 (마티스),AMD 라이젠5-3세대 3600,마티스,"_멀티팩(정품)_173,410|_중고",72990,72990,72990,72990,72990,72990,72990,72990,69990,69990,69990,69990,69990,69990,69990,69990,69990,69990,69990,69990,69990,66000,66000,66000,67500,67500,67500,67500,67500,67500,67500
11024358,AMD 라이젠5-3세대 3600X (마티스),AMD 라이젠5-3세대 3600X,마티스,해외구매,346630,346620,346590,346470,346440,346330,346320,346310,346300,346290,346280,346270,346260,346230,346130,346110,346050,346040,346040,346020,345990,345980,345950,345940,345200,345170,345050,345040,345010,345000,344970
12339050,AMD 라이젠5-3세대 3600XT (마티스),AMD 라이젠5-3세대 3600XT,마티스,중고,93000,93000,93000,93000,91000,91000,91000,91000,91000,91000,91000,91000,91000,91000,91000,91000,91000,91000,91000,91000,91000,90000,90000,90000,90000,90000,90000,90000,90000,90000,90000
16740674,AMD 라이젠5-3세대 4500 (르누아르-X),AMD 라이젠5-3세대 4500,르누아르-X,"_멀티팩(정품)_101,290|_해외구매 | _멀티팩(정품)_101,400|_해외구매 | _멀티팩(정품)_101,980|_해외구매 | _멀티팩(정품)_102,950|_해외구매 | _멀티팩(정품)_103,050|_해외구매 | _멀티팩(정품)_103,080|_해외구매 | _멀티팩(정품)_103,290|_해외구매 | _멀티팩(정품)_103,320|_해외구매 | _멀티팩(정품)_103,330|_해외구매 | _멀티팩(정품)_103,350|_해외구매 | _멀티팩(정품)_103,450|_해외구매 | _멀티팩(정품)_103,480|_해외구매 | _멀티팩(정품)_103,490|_해외구매 | _멀티팩(정품)_103,530|_해외구매 | _멀티팩(정품)_103,570|_해외구매 | _멀티팩(정품)_103,610|_해외구매 | _멀티팩(정품)_103,650|_해외구매 | _멀티팩(정품)_103,660|_해외구매 | _멀티팩(정품)_103,670|_해외구매 | _멀티팩(정품)_103,700|_해외구매 | _멀티팩(정품)_103,720|_해외구매 | _멀티팩(정품)_103,730|_해외구매 | _멀티팩(정품)_103,740|_해외구매 | _멀티팩(정품)_98,820|_해외구매 | _멀티팩(정품)_98,850|_해외구매 | _멀티팩(정품)_98,860|_해외구매 | _멀티팩(정품)_98,890|_해외구매 | _멀티팩(정품)_98,900|_해외구매 | _멀티팩(정품)_99,020|_해외구매 | _멀티팩(정품)_99,130|_해외구매",101480,101450,101420,101390,101380,101350,101340,101330,101320,101310,101300,101290,101280,101250,101160,101150,101070,100970,100880,100860,100850,93390,93390,93390,93060,93230,97200,97200,97200,97200,97200
17214128,AMD 라이젠5-3세대 4600G (르누아르),AMD 라이젠5-3세대 4600G,르누아르,"_멀티팩(정품)_200,000|_해외구매_120,600|중고 | _멀티팩(정품)_200,000|_해외구매_124,000|중고 | _멀티팩(정품)_200,000|_해외구매_132,690|중고",104630,104630,104630,104630,108110,108110,108110,108110,108110,108110,108110,108110,108110,108110,108110,102380,108110,108110,108110,108110,108110,108110,108110,108110,106920,106920,106920,106920,106920,106920,106920
16740791,AMD 라이젠5-4세대 5500 (세잔),AMD 라이젠5-4세대 5500,세잔,"_정품_132,360|_중고 | _정품_132,390|_중고 | _정품_132,400|_중고 | _정품_132,430|_중고 | _정품_132,440|_중고 | _정품_132,560|_중고 | _정품_132,590|_중고 | _정품_133,910|_중고 | _정품_133,920|_중고 | _정품_133,950|_중고 | _정품_133,960|_중고 | _정품_134,060|_중고 | _정품_134,090|_중고 | _정품_134,910|_중고",124990,124990,124990,124990,124990,124990,124990,124990,124990,124990,124990,124990,124990,124990,124990,124990,124990,113750,124990,124990,124990,115000,115000,115000,112500,112500,112500,112500,112500,112500,112500
54218171,AMD 라이젠5-4세대 5500GT (세잔),AMD 라이젠5-4세대 5500GT,세잔,"_멀티팩(정품)_131,890|_정품 | _정품_140,000|_멀티팩(정품) | _정품_140,410|_멀티팩(정품) | _정품_140,420|_멀티팩(정품) | _정품_143,640|_멀티팩(정품) | _정품_145,220|_멀티팩(정품) | _정품_148,480|_멀티팩(정품) | _정품_151,760|_멀티팩(정품) | _정품_152,000|_멀티팩(정품) | _정품_153,480|_멀티팩(정품) | _정품_160,143|_멀티팩(정품)",137530,137500,137470,137430,137330,137300,137290,137280,137590,137490,137450,137410,137400,135150,135530,135500,135390,135310,135220,135180,135140,133260,133620,133590,129270,130500,130500,131850,131850,127620,139880
34337198,AMD 라이젠5-4세대 5500GT (세잔),AMD 라이젠5-4세대 5500GT,세잔,"_정품_140,000|_멀티팩(정품) | _정품_140,410|_멀티팩(정품) | _정품_140,420|_멀티팩(정품) | _정품_143,640|_멀티팩(정품) | _정품_145,220|_멀티팩(정품) | _정품_148,480|_멀티팩(정품) | _정품_151,760|_멀티팩(정품) | _정품_152,000|_멀티팩(정품) | _정품_153,480|_멀티팩(정품) | _정품_160,143|_멀티팩(정품)",137530,137500,137470,137430,137330,137300,137290,137280,137590,137490,137450,137410,137400,135150,135530,135500,135390,135310,135220,135180,135140,133260,133620,133590,129270,130500,130500,131850,131850,127620,0
17157083,AMD 라이젠5-4세대 5600 (버미어),AMD 라이젠5-4세대 5600,버미어,"_정품_154,990|_멀티팩(정품)_126,810|해외구매 | _정품_154,990|_멀티팩(정품)_126,820|해외구매 | _정품_154,990|_멀티팩(정품)_126,850|해외구매 | _정품_154,990|_멀티팩(정품)_126,860|해외구매 | _정품_154,990|_멀티팩(정품)_126,980|해외구매 | _정품_154,990|_멀티팩(정품)_127,010|해외구매 | _정품_154,990|_멀티팩(정품)_127,110|해외구매 | _정품_158,550|_멀티팩(정품)_124,890|해외구매 | _정품_158,550|_멀티팩(정품)_124,930|해외구매 | _정품_158,550|_멀티팩(정품)_126,050|해외구매 | _정품_158,550|_멀티팩(정품)_126,090|해외구매 | _정품_158,550|_멀티팩(정품)_126,650|해외구매 | _정품_158,550|_멀티팩(정품)_126,710|해외구매 | _정품_160,690|_멀티팩(정품)_123,390|해외구매 | _정품_161,820|_멀티팩(정품)_118,660|해외구매 | _정품_161,820|_멀티팩(정품)_121,050|해외구매 | _정품_162,170|_멀티팩(정품)_123,390|해외구매 | _정품_163,620|_멀티팩(정품)_121,900|해외구매 | _정품_164,300|_멀티팩(정품)_121,900|해외구매 | _정품_172,800|_멀티팩(정품)_121,900|해외구매 | _정품_172,800|_멀티팩(정품)_122,430|해외구매 | _정품_172,800|_멀티팩(정품)_123,240|해외구매 | _정품_172,800|_멀티팩(정품)_123,370|해외구매 | _정품_172,800|_멀티팩(정품)_123,390|해외구매 | _정품_172,800|_멀티팩(정품)_125,490|해외구매 | _정품_172,800|_멀티팩(정품)_126,720|해외구매",129780,129770,129740,129620,128750,128680,128670,128660,128650,128640,128630,128620,128610,128580,128480,128460,128380,128330,128330,128310,128300,120210,120210,120210,117180,117180,117180,117180,117180,117180,0
16741211,AMD 라이젠5-4세대 5600 (버미어),AMD 라이젠5-4세대 5600,버미어,"_멀티팩(정품)_120,960|_정품_161,820|해외구매 | _정품_172,800|_멀티팩(정품)_122,430|해외구매",0,0,0,0,0,0,0,0,128650,0,0,0,0,0,0,0,0,0,0,0,0,0,0,0,0,0,0,0,0,0,117180
14927615,AMD 라이젠5-4세대 5600G (세잔),AMD 라이젠5-4세대 5600G,세잔,"정품_280,000|_멀티팩(정품)_163,740|_해외구매 | 정품_280,000|_멀티팩(정품)_163,750|_해외구매 | 정품_280,000|_멀티팩(정품)_163,870|_해외구매 | 정품_280,000|_멀티팩(정품)_163,960|_해외구매 | 정품_280,000|_멀티팩(정품)_164,220|_해외구매 | 정품_280,000|_멀티팩(정품)_164,360|_해외구매 | 정품_280,000|_멀티팩(정품)_164,400|_해외구매 | 정품_280,000|_멀티팩(정품)_164,490|_해외구매 | 정품_280,000|_멀티팩(정품)_165,030|_해외구매 | 정품_280,000|_멀티팩(정품)_165,130|_해외구매 | 정품_280,000|_멀티팩(정품)_165,210|_해외구매 | 정품_280,000|_멀티팩(정품)_166,280|_해외구매 | 정품_280,000|_멀티팩(정품)_166,480|_해외구매 | 정품_280,000|_멀티팩(정품)_166,560|_해외구매 | 정품_280,000|_멀티팩(정품)_166,640|_해외구매 | 정품_280,000|_멀티팩(정품)_166,680|_해외구매 | 정품_280,000|_멀티팩(정품)_166,760|_해외구매 | 정품_280,000|_멀티팩(정품)_166,790|_해외구매 | 정품_280,000|_멀티팩(정품)_166,800|_해외구매 | 정품_280,000|_멀티팩(정품)_166,810|_해외구매 | 정품_280,000|_멀티팩(정품)_166,820|_해외구매 | 정품_280,000|_멀티팩(정품)_166,830|_해외구매 | 정품_280,000|_멀티팩(정품)_166,840|_해외구매 | 정품_280,000|_멀티팩(정품)_168,260|_해외구매 | 정품_280,000|_멀티팩(정품)_168,370|_해외구매 | 정품_280,000|_멀티팩(정품)_168,470|_해외구매 | 정품_280,000|_멀티팩(정품)_168,480|_해외구매 | 정품_280,000|_멀티팩(정품)_168,600|_해외구매 | 정품_280,000|_멀티팩(정품)_168,710|_해외구매 | 정품_280,000|_멀티팩(정품)_168,920|_해외구매",132910,132910,132980,132980,132980,132980,132980,132980,132980,133030,133030,133030,133030,133030,133030,132920,132910,133010,132970,132970,132960,128500,128500,128500,124650,124650,124650,124650,124650,124650,0
14927675,AMD 라이젠5-4세대 5600G (세잔),AMD 라이젠5-4세대 5600G,세잔,"_멀티팩(정품)_166,160|정품_280,000|_해외구매",0,0,0,0,0,0,0,0,0,0,0,0,0,0,0,0,0,0,0,0,0,0,0,0,0,0,0,0,0,0,124650
34337192,AMD 라이젠5-4세대 5600GT (세잔),AMD 라이젠5-4세대 5600GT,세잔,"_정품_183,560|_멀티팩(정품) | _정품_193,390|_멀티팩(정품) | _정품_193,560|_멀티팩(정품) | _정품_199,020|_멀티팩(정품) | _정품_203,560|_멀티팩(정품)",181720,181720,181720,166080,180560,180560,180560,180560,180560,175860,175850,175840,175830,175820,179340,179620,185000,186990,186990,192990,192990,192990,141000,136590,136590,147950,147950,147950,191200,191200,191200
12621851,AMD 라이젠5-4세대 5600X (버미어),AMD 라이젠5-4세대 5600X,버미어,0,-2147483648,-2147483648,-2147483648,-2147483648,-2147483648,-2147483648,-2147483648,-2147483648,-2147483648,-2147483648,-2147483648,-2147483648,-2147483648,-2147483648,-2147483648,-2147483648,-2147483648,-2147483648,-2147483648,-2147483648,-2147483648,-2147483648,-2147483648,-2147483648,-2147483648,-2147483648,-2147483648,-2147483648,-2147483648,-2147483648,0
12625265,AMD 라이젠5-4세대 5600X (버미어),AMD 라이젠5-4세대 5600X,버미어,0,0,0,0,0,0,0,0,0,0,0,0,0,0,0,0,0,0,0,0,0,0,0,0,0,0,0,0,0,0,0,-2147483648
21694499,AMD 라이젠5-5세대 7500F (라파엘),AMD 라이젠5-5세대 7500F,라파엘,"_멀티팩(정품)_177,190||해외구매 | _멀티팩(정품)_178,170||해외구매 | _멀티팩(정품)_179,960||해외구매 | _멀티팩(정품)_180,060||해외구매 | _멀티팩(정품)_180,380||해외구매 | _멀티팩(정품)_180,490||해외구매 | _멀티팩(정품)_180,700||해외구매 | _멀티팩(정품)_185,850||해외구매 | _멀티팩(정품)_186,010||해외구매 | _멀티팩(정품)_186,130||해외구매 | _멀티팩(정품)_186,180||해외구매 | _멀티팩(정품)_186,280||해외구매 | _멀티팩(정품)_186,420||해외구매 | _멀티팩(정품)_186,450||해외구매 | _멀티팩(정품)_186,480||해외구매 | _멀티팩(정품)_186,710||해외구매 | _멀티팩(정품)_186,720||해외구매 | _멀티팩(정품)_186,820||해외구매 | _멀티팩(정품)_186,870||해외구매 | _멀티팩(정품)_186,990||해외구매 | _멀티팩(정품)_187,030||해외구매 | _멀티팩(정품)_187,740||해외구매 | _멀티팩(정품)_187,870||해외구매 | _멀티팩(정품)_187,940||해외구매 | _멀티팩(정품)_187,990||해외구매 | _멀티팩(정품)_188,000||해외구매 | _멀티팩(정품)_188,080||해외구매 | _멀티팩(정품)_189,420||해외구매 | _멀티팩(정품)_190,470||해외구매 | _멀티팩(정품)_190,670||해외구매 | _멀티팩(정품)_190,970||해외구매",192560,192060,192030,191910,191900,191870,191860,191850,191840,191830,191820,191810,191800,191790,191780,191770,191690,191590,191500,191480,191470,182060,182030,182020,172880,172880,172880,172880,172880,172880,172880
18718496,AMD 라이젠5-5세대 7600 (라파엘),AMD 라이젠5-5세대 7600,라파엘,"_멀티팩(정품)_235,610|_정품_254,900||해외구매 | _정품_254,900|_멀티팩(정품)_235,650||해외구매 | _정품_254,900|_멀티팩(정품)_235,660||해외구매 | _정품_254,900|_멀티팩(정품)_235,750||해외구매 | _정품_254,900|_멀티팩(정품)_235,760||해외구매 | _정품_254,900|_멀티팩(정품)_235,880||해외구매 | _정품_254,900|_멀티팩(정품)_236,000||해외구매 | _정품_271,130|_멀티팩(정품)_235,580||해외구매 | _정품_271,130|_멀티팩(정품)_235,650||해외구매 | _정품_271,130|_멀티팩(정품)_236,020||해외구매 | _정품_271,130|_멀티팩(정품)_236,050||해외구매 | _정품_271,130|_멀티팩(정품)_236,690||해외구매 | _정품_271,130|_멀티팩(정품)_236,790||해외구매 | _정품_271,130|_멀티팩(정품)_237,030||해외구매 | _정품_271,130|_멀티팩(정품)_237,090||해외구매 | _정품_271,130|_멀티팩(정품)_237,480||해외구매 | _정품_271,130|_멀티팩(정품)_237,490||해외구매 | _정품_271,130|_멀티팩(정품)_237,510||해외구매 | _정품_271,130|_멀티팩(정품)_237,520||해외구매 | _정품_271,130|_멀티팩(정품)_237,580||해외구매 | _정품_271,130|_멀티팩(정품)_237,610||해외구매 | _정품_271,130|_멀티팩(정품)_237,620||해외구매 | _정품_271,130|_멀티팩(정품)_237,640||해외구매 | _정품_271,130|_멀티팩(정품)_237,650||해외구매 | _정품_271,130|_멀티팩(정품)_237,670||해외구매",230660,230650,230620,230500,230500,230380,230370,230360,230350,230340,230330,230320,230310,230280,230220,230200,230200,230170,230170,230150,230120,220950,220950,220950,210950,227820,227790,227780,227750,227740,227860
18718481,AMD 라이젠5-5세대 7600 (라파엘),AMD 라이젠5-5세대 7600,라파엘,"_정품_254,900|_멀티팩(정품)_235,650||해외구매 | _정품_254,900|_멀티팩(정품)_235,660||해외구매 | _정품_254,900|_멀티팩(정품)_235,750||해외구매 | _정품_254,900|_멀티팩(정품)_235,760||해외구매 | _정품_254,900|_멀티팩(정품)_235,880||해외구매 | _정품_254,900|_멀티팩(정품)_236,000||해외구매 | _정품_271,130|_멀티팩(정품)_235,580||해외구매 | _정품_271,130|_멀티팩(정품)_235,650||해외구매 | _정품_271,130|_멀티팩(정품)_236,020||해외구매 | _정품_271,130|_멀티팩(정품)_236,050||해외구매 | _정품_271,130|_멀티팩(정품)_236,690||해외구매 | _정품_271,130|_멀티팩(정품)_236,790||해외구매 | _정품_271,130|_멀티팩(정품)_237,030||해외구매 | _정품_271,130|_멀티팩(정품)_237,090||해외구매 | _정품_271,130|_멀티팩(정품)_237,480||해외구매 | _정품_271,130|_멀티팩(정품)_237,490||해외구매 | _정품_271,130|_멀티팩(정품)_237,510||해외구매 | _정품_271,130|_멀티팩(정품)_237,520||해외구매 | _정품_271,130|_멀티팩(정품)_237,580||해외구매 | _정품_271,130|_멀티팩(정품)_237,610||해외구매 | _정품_271,130|_멀티팩(정품)_237,620||해외구매 | _정품_271,130|_멀티팩(정품)_237,640||해외구매 | _정품_271,130|_멀티팩(정품)_237,650||해외구매 | _정품_271,130|_멀티팩(정품)_237,670||해외구매",230660,230650,230620,230500,230500,230380,230370,230360,230350,230340,230330,230320,230310,230280,230220,230200,230200,230170,230170,230150,230120,220950,220950,220950,210950,227820,227790,227780,227750,227740,0
27757619,AMD 라이젠5-5세대 7600X (라파엘),AMD 라이젠5-5세대 7600X,라파엘,"_정품_281,900|_멀티팩(정품)_281,990|해외구매 | _정품_281,900|_멀티팩(정품)_292,000|해외구매 | _정품_295,990|_멀티팩(정품)_268,520|해외구매 | _정품_296,020|_멀티팩(정품)_268,520|해외구매 | _정품_296,030|_멀티팩(정품)_268,520|해외구매 | _정품_296,040|_멀티팩(정품)_268,530|해외구매 | _정품_296,050|_멀티팩(정품)_268,530|해외구매 | _정품_296,060|_멀티팩(정품)_268,530|해외구매 | _정품_296,070|_멀티팩(정품)_268,540|해외구매 | _정품_296,080|_멀티팩(정품)_268,540|해외구매 | _정품_296,090|_멀티팩(정품)_268,540|해외구매 | _정품_296,200|_멀티팩(정품)_268,540|해외구매 | _정품_296,230|_멀티팩(정품)_268,550|해외구매 | _정품_296,260|_멀티팩(정품)_268,550|해외구매 | _정품_296,290|_멀티팩(정품)_268,560|해외구매 | _정품_296,410|_멀티팩(정품)_268,560|해외구매 | _정품_297,890|_멀티팩(정품)_268,520|해외구매 | _정품_297,900|_멀티팩(정품)_268,520|해외구매 | _정품_298,380|_멀티팩(정품)_268,520|해외구매 | _정품_298,380|_멀티팩(정품)_269,810|해외구매 | _정품_304,830|_멀티팩(정품)_281,990|해외구매 | _정품_304,840|_멀티팩(정품)_269,560|해외구매 | _정품_304,870|_멀티팩(정품)_269,660|해외구매 | _정품_304,880|_멀티팩(정품)_269,670|해외구매 | _정품_304,890|_멀티팩(정품)_269,700|해외구매 | _정품_304,910|_멀티팩(정품)_269,720|해외구매 | _정품_323,180|멀티팩(정품)_313,500|_해외구매 | 멀티팩(정품)_313,500|_정품_323,190|_해외구매",249430,249420,249390,249270,249260,249230,249220,249210,249200,249190,249180,249170,249160,249130,249030,249010,248930,248880,248880,248860,248850,248840,248810,248800,240810,240810,240810,240810,240810,240810,240810
17913311,AMD 라이젠5-5세대 7600X (라파엘),AMD 라이젠5-5세대 7600X,라파엘,"_정품_281,900|_멀티팩(정품)_281,990|해외구매 | _정품_281,900|_멀티팩(정품)_292,000|해외구매 | _정품_295,990|_멀티팩(정품)_268,520|해외구매 | _정품_296,020|_멀티팩(정품)_268,520|해외구매 | _정품_296,030|_멀티팩(정품)_268,520|해외구매 | _정품_296,040|_멀티팩(정품)_268,530|해외구매 | _정품_296,050|_멀티팩(정품)_268,530|해외구매 | _정품_296,060|_멀티팩(정품)_268,530|해외구매 | _정품_296,070|_멀티팩(정품)_268,540|해외구매 | _정품_296,080|_멀티팩(정품)_268,540|해외구매 | _정품_296,090|_멀티팩(정품)_268,540|해외구매 | _정품_296,200|_멀티팩(정품)_268,540|해외구매 | _정품_296,230|_멀티팩(정품)_268,550|해외구매 | _정품_296,260|_멀티팩(정품)_268,550|해외구매 | _정품_296,290|_멀티팩(정품)_268,560|해외구매 | _정품_296,410|_멀티팩(정품)_268,560|해외구매 | _정품_297,890|_멀티팩(정품)_268,520|해외구매 | _정품_297,900|_멀티팩(정품)_268,520|해외구매 | _정품_298,380|_멀티팩(정품)_268,520|해외구매 | _정품_298,380|_멀티팩(정품)_269,810|해외구매 | _정품_304,830|_멀티팩(정품)_281,990|해외구매 | _정품_304,840|_멀티팩(정품)_269,560|해외구매 | _정품_304,870|_멀티팩(정품)_269,660|해외구매 | _정품_304,880|_멀티팩(정품)_269,670|해외구매 | _정품_304,890|_멀티팩(정품)_269,700|해외구매 | _정품_304,910|_멀티팩(정품)_269,720|해외구매 | _정품_323,180|멀티팩(정품)_313,500|_해외구매",249430,249420,249390,249270,249260,249230,249220,249210,249200,249190,249180,249170,249160,249130,249030,249010,248930,248880,248880,248860,248850,248840,248810,248800,240810,240810,240810,240810,240810,240810,0
53626130,AMD 라이젠5-5세대 8400F (피닉스),AMD 라이젠5-5세대 8400F,피닉스,멀티팩(정품),199250,199250,199980,199980,199980,199980,199980,199980,199910,199810,199800,199770,199650,199550,202500,202490,202380,202270,202180,202160,202150,201850,201840,201330,196630,196630,196630,196630,196600,196590,196560
34336130,AMD 라이젠5-5세대 8500G (피닉스),AMD 라이젠5-5세대 8500G,피닉스,"_멀티팩(정품)_198,340|_정품_199,890|해외구매 | _정품_199,990|_멀티팩(정품)_198,370|해외구매 | _정품_202,500|_멀티팩(정품)_198,720|해외구매 | _정품_202,500|_멀티팩(정품)_198,750|해외구매 | _정품_202,500|_멀티팩(정품)_199,060|해외구매 | _정품_203,530|_멀티팩(정품)_199,950|해외구매 | _정품_203,550|_멀티팩(정품)_195,890|해외구매 | _정품_203,590|_멀티팩(정품)_199,940|해외구매 | _정품_203,790|_멀티팩(정품)_198,600|해외구매 | _정품_203,870|_멀티팩(정품)_199,970|해외구매 | _정품_203,890|_멀티팩(정품)_200,890|해외구매 | _정품_203,990|_멀티팩(정품)_200,890|해외구매 | _정품_203,990|_멀티팩(정품)_203,700|해외구매 | _정품_204,000|_멀티팩(정품)_200,890|해외구매 | _정품_204,000|_멀티팩(정품)_201,510|해외구매 | _정품_208,980|_멀티팩(정품)_200,920|해외구매 | _정품_208,990|_멀티팩(정품)_200,890|해외구매 | _정품_208,990|_멀티팩(정품)_200,900|해외구매 | _정품_208,990|_멀티팩(정품)_200,910|해외구매 | _정품_214,990|_멀티팩(정품)_200,890|해외구매",218860,218830,218800,230890,230860,230740,230680,230580,230570,230560,230550,230400,230390,230360,230260,230240,230160,230080,229990,229960,230840,220880,220850,220840,210900,210870,210750,210740,210740,210900,210900
60170150,AMD 라이젠5-5세대 8500G (피닉스),AMD 라이젠5-5세대 8500G,피닉스,"_멀티팩(정품)_198,340|_정품_199,890|해외구매",0,0,0,0,0,0,0,0,0,0,0,0,0,0,0,0,0,0,0,0,0,0,0,0,0,0,0,0,0,0,210900
34336475,AMD 라이젠5-5세대 8600G (피닉스),AMD 라이젠5-5세대 8600G,피닉스,"_멀티팩(정품)_261,480|_정품_265,000|해외구매 | _정품_265,000|_멀티팩(정품)_261,490|해외구매 | _정품_265,000|_멀티팩(정품)_262,510|해외구매 | _정품_269,000|_멀티팩(정품)_262,520|해외구매 | _정품_269,000|_멀티팩(정품)_263,560|해외구매 | _정품_271,290|_멀티팩(정품)_264,990|해외구매 | _정품_271,290|_멀티팩(정품)_265,000|해외구매 | _정품_272,000|_멀티팩(정품)_263,560|해외구매 | _정품_272,000|_멀티팩(정품)_263,570|해외구매 | _정품_272,500|_멀티팩(정품)_263,990|해외구매 | _정품_272,500|_멀티팩(정품)_264,450|해외구매 | _정품_272,500|_멀티팩(정품)_264,670|해외구매 | _정품_272,500|_멀티팩(정품)_264,680|해외구매 | _정품_272,500|_멀티팩(정품)_264,900|해외구매 | _정품_272,500|_멀티팩(정품)_265,640|해외구매 | _정품_272,500|_멀티팩(정품)_265,740|해외구매 | _정품_272,500|_멀티팩(정품)_265,860|해외구매 | _정품_272,500|_멀티팩(정품)_265,970|해외구매 | _정품_288,800|_멀티팩(정품)_264,930|해외구매 | _정품_292,990|_멀티팩(정품)_266,710|해외구매 | _정품_293,200|_멀티팩(정품)_264,740|해외구매 | _정품_293,200|_멀티팩(정품)_264,860|해외구매 | _정품_293,200|_멀티팩(정품)_264,900|해외구매 | _정품_293,200|_멀티팩(정품)_267,750|해외구매 | _정품_293,200|_멀티팩(정품)_268,780|해외구매 | _정품_293,200|_멀티팩(정품)_276,090|해외구매",267700,278690,278690,278690,278690,278690,278650,278640,278630,278620,278610,278580,278460,278340,278250,278240,278160,278060,277970,277950,277940,277930,277900,277890,277860,277740,277620,277610,277580,277570,277540
60170204,AMD 라이젠5-5세대 8600G (피닉스),AMD 라이젠5-5세대 8600G,피닉스,"_멀티팩(정품)_261,480|_정품_265,000|해외구매",0,0,0,0,0,0,0,0,0,0,0,0,0,0,0,0,0,0,0,0,0,0,0,0,0,0,0,0,0,0,277540
62794079,AMD 라이젠5-6세대 9600X (그래니트 릿지),AMD 라이젠5-6세대 9600X,그래니트 릿지,"_멀티팩(정품)_414,960|_정품_416,250|해외구매 | _정품_416,200|_멀티팩(정품)_417,570|해외구매 | _정품_416,210|_멀티팩(정품)_417,570|해외구매 | _정품_416,230|_멀티팩(정품)_417,580|해외구매 | _정품_416,980|_멀티팩(정품)_414,970|해외구매 | _정품_417,000|_멀티팩(정품)_415,490|해외구매 | _정품_417,090|_멀티팩(정품)_417,570|해외구매 | _정품_417,120|_멀티팩(정품)_417,570|해외구매 | _정품_418,530|_멀티팩(정품)_417,580|해외구매 | _정품_418,660|_멀티팩(정품)_418,670|해외구매 | _정품_418,700|_멀티팩(정품)_418,710|해외구매 | _정품_418,730|_멀티팩(정품)_418,740|해외구매 | _정품_418,810|_멀티팩(정품)_418,760|해외구매 | _정품_418,890|_멀티팩(정품)_418,830|해외구매 | _정품_419,460|_멀티팩(정품)_418,870|해외구매 | _정품_419,490|_멀티팩(정품)_418,890|해외구매 | _정품_419,490|_멀티팩(정품)_418,990|해외구매 | _정품_419,560|_멀티팩(정품)_419,110|해외구매 | _정품_419,680|_멀티팩(정품)_419,140|해외구매 | _정품_419,710|_멀티팩(정품)_419,160|해외구매 | _정품_419,720|_멀티팩(정품)_419,180|해외구매 | _정품_419,730|_멀티팩(정품)_419,200|해외구매 | _정품_419,740|_멀티팩(정품)_419,220|해외구매 | _정품_419,840|_멀티팩(정품)_419,870|해외구매 | _정품_419,870|_멀티팩(정품)_419,880|해외구매 | _정품_419,970|_멀티팩(정품)_419,910|해외구매 | _정품_422,690|_멀티팩(정품)_419,920|해외구매 | _정품_422,690|_멀티팩(정품)_421,720|해외구매 | _정품_422,690|_멀티팩(정품)_421,730|해외구매 | _정품_422,690|_멀티팩(정품)_422,200|해외구매",399980,429960,429930,429900,430040,429950,429920,429820,429810,429800,429790,429780,420580,420460,420390,466990,466990,466990,466990,466990,466990,443000,427490,427490,427490,427490,442890,427490,431190,431190,440500
62653718,AMD 라이젠5-6세대 9600X (그래니트 릿지),AMD 라이젠5-6세대 9600X,그래니트 릿지,"_정품_416,200|_멀티팩(정품)_417,570|해외구매 | _정품_416,210|_멀티팩(정품)_417,570|해외구매 | _정품_416,230|_멀티팩(정품)_417,580|해외구매 | _정품_416,980|_멀티팩(정품)_414,970|해외구매 | _정품_417,000|_멀티팩(정품)_415,490|해외구매 | _정품_417,090|_멀티팩(정품)_417,570|해외구매 | _정품_417,120|_멀티팩(정품)_417,570|해외구매 | _정품_418,530|_멀티팩(정품)_417,580|해외구매 | _정품_418,660|_멀티팩(정품)_418,670|해외구매 | _정품_418,700|_멀티팩(정품)_418,710|해외구매 | _정품_418,730|_멀티팩(정품)_418,740|해외구매 | _정품_418,810|_멀티팩(정품)_418,760|해외구매 | _정품_418,890|_멀티팩(정품)_418,830|해외구매 | _정품_419,460|_멀티팩(정품)_418,870|해외구매 | _정품_419,490|_멀티팩(정품)_418,890|해외구매 | _정품_419,490|_멀티팩(정품)_418,990|해외구매 | _정품_419,560|_멀티팩(정품)_419,110|해외구매 | _정품_419,680|_멀티팩(정품)_419,140|해외구매 | _정품_419,710|_멀티팩(정품)_419,160|해외구매 | _정품_419,720|_멀티팩(정품)_419,180|해외구매 | _정품_419,730|_멀티팩(정품)_419,200|해외구매 | _정품_419,740|_멀티팩(정품)_419,220|해외구매 | _정품_419,840|_멀티팩(정품)_419,870|해외구매 | _정품_419,870|_멀티팩(정품)_419,880|해외구매 | _정품_419,970|_멀티팩(정품)_419,910|해외구매 | _정품_422,690|_멀티팩(정품)_419,920|해외구매 | _정품_422,690|_멀티팩(정품)_421,720|해외구매 | _정품_422,690|_멀티팩(정품)_421,730|해외구매 | _정품_422,690|_멀티팩(정품)_422,200|해외구매",399980,429960,429930,429900,430040,429950,429920,429820,429810,429800,429790,429780,420580,420460,420390,466990,466990,466990,466990,466990,466990,443000,427490,427490,427490,427490,442890,427490,431190,431190,0
15276365,AMD 라이젠7 PRO 4750G (르누아르),AMD 라이젠7 PRO 4750G,르누아르,해외구매,235410,252250,252250,252250,252250,252250,252250,252250,252250,252250,252250,252250,252250,252250,252250,252250,252250,252250,252250,252250,252250,242260,242260,242260,232260,232260,232260,232260,232260,232260,232260
29658509,AMD 라이젠7 PRO 7745 (라파엘),AMD 라이젠7 PRO 7745,라파엘,멀티팩(정품),0,0,0,0,0,0,0,0,0,0,0,0,0,0,0,0,0,0,0,0,0,509250,0,0,0,0,0,0,0,0,0
5565805,AMD 라이젠7-1세대 1700 (서밋 릿지),AMD 라이젠7-1세대 1700,서밋 릿지,"_해외구매_215,860|_중고 | _해외구매_225,860|_중고 | _해외구매_226,790|_중고",45900,45900,45900,45900,45900,45900,45900,45900,45900,45900,45900,45900,45900,45900,45900,45490,45490,45490,45490,45490,45490,42500,42500,42500,42500,42900,42900,42900,42900,42900,42900
11036691,AMD 라이젠7-1세대 1700X (서밋 릿지),AMD 라이젠7-1세대 1700X,서밋 릿지,중고,56890,56890,56890,56890,56890,56890,56890,56890,56890,56890,56890,0,56890,56890,56890,56890,56890,56890,56890,56890,56890,53680,53680,53680,54900,54900,54900,54900,50670,50670,50670
4929101,AMD 라이젠7-1세대 1800X (서밋 릿지),AMD 라이젠7-1세대 1800X,서밋 릿지,"_정품_659,550|_중고",75610,75610,75610,75610,73990,73990,73990,73990,73990,73990,73990,73990,73990,73990,73990,73990,73990,73990,73990,73990,73990,71540,71540,71540,73170,73170,73170,73170,73170,73170,73170
11036082,AMD 라이젠7-2세대 2700 (피나클 릿지),AMD 라이젠7-2세대 2700,피나클 릿지,해외구매,75900,75900,75900,75900,74270,74270,74270,74270,74270,74270,74270,74270,74270,74270,74270,67000,67000,67000,67000,67000,67000,67000,67000,67000,67000,67000,67000,67000,67000,67000,67000
13837388,AMD 라이젠7-2세대 2700X (피나클 릿지),AMD 라이젠7-2세대 2700X,피나클 릿지,중고,72900,72900,72900,72900,72900,72900,72900,72900,72900,72900,72900,72900,72900,72900,72900,72900,72900,72900,72900,72900,72900,64150,64150,64150,65610,65610,65610,65610,65610,65610,65610
8459829,AMD 라이젠7-3세대 3700X (마티스),AMD 라이젠7-3세대 3700X,마티스,"_정품_399,000|_멀티팩(정품)_405,000|해외구매_176,440|중고 | _정품_399,000|_멀티팩(정품)_405,000|해외구매_176,560|중고 | _정품_399,000|_멀티팩(정품)_405,000|해외구매_177,380|중고 | _정품_399,000|_멀티팩(정품)_405,000|해외구매_177,810|중고 | _정품_399,000|_멀티팩(정품)_405,000|해외구매_177,860|중고 | _정품_399,000|_멀티팩(정품)_405,000|해외구매_177,880|중고 | _정품_399,000|_멀티팩(정품)_405,000|해외구매_177,890|중고 | _정품_399,000|_멀티팩(정품)_405,000|해외구매_177,990|중고 | _정품_399,000|_멀티팩(정품)_405,000|해외구매_178,140|중고 | _정품_399,000|멀티팩(정품)_405,000|_해외구매_176,390|중고 | _정품_399,000|멀티팩(정품)_405,000|_해외구매_176,400|중고 | _정품_399,000|멀티팩(정품)_405,000|_해외구매_176,430|중고 | _정품_399,000|멀티팩(정품)_405,000|_해외구매_176,590|중고 | _정품_399,000|멀티팩(정품)_405,000|_해외구매_177,390|중고 | _정품_399,000|멀티팩(정품)_405,000|_해외구매_177,420|중고 | _정품_399,000|멀티팩(정품)_405,000|_해외구매_177,430|중고 | _정품_399,000|멀티팩(정품)_405,000|_해외구매_177,530|중고 | _정품_399,000|멀티팩(정품)_405,000|_해외구매_177,600|중고 | _정품_399,000|멀티팩(정품)_405,000|_해외구매_177,610|중고 | _정품_399,000|멀티팩(정품)_405,000|_해외구매_177,620|중고 | _정품_399,000|멀티팩(정품)_405,000|_해외구매_177,690|중고 | _정품_399,000|멀티팩(정품)_405,000|_해외구매_177,710|중고 | _정품_399,000|멀티팩(정품)_405,000|_해외구매_177,840|중고 | _정품_399,000|멀티팩(정품)_405,000|_해외구매_177,850|중고 | _정품_399,000|멀티팩(정품)_405,000|_해외구매_177,870|중고 | _정품_399,000|멀티팩(정품)_405,000|_해외구매_178,100|중고 | _정품_399,000|멀티팩(정품)_405,000|_해외구매_178,150|중고 | _정품_399,000|멀티팩(정품)_405,000|_해외구매_178,180|중고 | _정품_399,000|멀티팩(정품)_405,000|_해외구매_178,210|중고 | _정품_399,000|멀티팩(정품)_405,000|_해외구매_178,240|중고",114990,114990,114990,114990,114990,114990,114990,114990,114990,114990,114990,114990,114990,114990,118170,124990,124990,124990,124990,124990,124990,121300,121300,121300,118170,118170,118170,118170,118170,118170,0
9421629,AMD 라이젠7-3세대 3700X (마티스),AMD 라이젠7-3세대 3700X,마티스,"멀티팩(정품)_405,000|_정품_399,000|_해외구매_176,360|중고",0,0,0,0,0,0,0,0,0,0,0,0,0,0,0,0,0,0,0,0,0,0,0,0,0,0,0,0,0,0,118170
8459781,AMD 라이젠7-3세대 3800X (마티스),AMD 라이젠7-3세대 3800X,마티스,"_정품_560,760|_해외구매",149230,160450,160450,160450,160450,160450,160450,160450,160450,160450,160450,160450,160450,160450,160450,169490,169490,169490,169490,169490,169490,159500,159500,159500,152550,152550,152550,152550,152550,152550,152550
11756552,AMD 라이젠7-3세대 3800XT (마티스),AMD 라이젠7-3세대 3800XT,마티스,"_정품_1,384,700|_중고",139500,139500,139500,139500,136500,136500,136500,136500,136500,136500,136500,136500,136500,136500,136500,136500,136500,136500,136500,136500,136500,136500,136500,136500,135000,135000,135000,135000,135000,135000,135000
34337090,AMD 라이젠7-4세대 5700 (세잔),AMD 라이젠7-4세대 5700,세잔,멀티팩(정품),208320,207970,207970,207970,207970,207970,207970,207970,207970,207970,207970,207970,207970,207970,207970,207970,207970,207970,207620,207590,207490,207450,207410,207400,207240,207220,207210,207200,207180,207160,207140
14927753,AMD 라이젠7-4세대 5700G (세잔),AMD 라이젠7-4세대 5700G,세잔,"_정품_274,950|멀티팩(정품)_260,810|_해외구매 | _정품_274,960|멀티팩(정품)_261,820|_해외구매 | _정품_276,990|멀티팩(정품)_258,970|_해외구매 | _정품_276,990|멀티팩(정품)_260,420|_해외구매 | _정품_276,990|멀티팩(정품)_263,840|_해외구매 | _정품_278,990|_멀티팩(정품)_259,620|해외구매 | _정품_278,990|_멀티팩(정품)_260,390|해외구매 | _정품_278,990|_멀티팩(정품)_260,620|해외구매 | _정품_278,990|_멀티팩(정품)_261,610|해외구매 | _정품_278,990|_멀티팩(정품)_262,090|해외구매 | 정품_276,990|_멀티팩(정품)_259,990|_해외구매 | 정품_276,990|_멀티팩(정품)_262,830|_해외구매 | 정품_279,990|_멀티팩(정품)_262,180|_해외구매 | 정품_279,990|_멀티팩(정품)_262,240|_해외구매 | 정품_280,000|_멀티팩(정품)_262,320|_해외구매 | 정품_280,000|_멀티팩(정품)_262,370|_해외구매 | 정품_289,990|_멀티팩(정품)_257,940|_해외구매 | 정품_289,990|_멀티팩(정품)_262,300|_해외구매 | 정품_289,990|_멀티팩(정품)_262,330|_해외구매 | 정품_298,990|_멀티팩(정품)_257,970|_해외구매 | 정품_334,360|_멀티팩(정품)_257,980|_해외구매 | 정품_334,360|_멀티팩(정품)_257,990|_해외구매 | 정품_334,360|_멀티팩(정품)_258,690|_해외구매 | 정품_334,360|_멀티팩(정품)_258,790|_해외구매 | 정품_334,360|_멀티팩(정품)_258,820|_해외구매 | 정품_334,360|_멀티팩(정품)_258,910|_해외구매 | 정품_341,710|_멀티팩(정품)_258,950|_해외구매 | 정품_341,710|_멀티팩(정품)_259,940|_해외구매 | 정품_341,710|_멀티팩(정품)_261,940|_해외구매 | 정품_341,710|_멀티팩(정품)_262,040|_해외구매",227820,227790,227760,227730,227720,227690,227680,227670,227660,221930,221900,221800,221790,221760,221670,221660,221580,221480,221390,221370,221360,218580,218550,218540,208600,217260,217230,217220,217300,217300,0
14927759,AMD 라이젠7-4세대 5700G (세잔),AMD 라이젠7-4세대 5700G,세잔,"멀티팩(정품)_264,410|_정품_274,920|_해외구매",0,0,0,0,0,0,0,0,0,0,0,0,0,0,0,0,0,0,0,0,0,0,0,0,0,0,0,0,0,0,217300
16741349,AMD 라이젠7-4세대 5700X (버미어),AMD 라이젠7-4세대 5700X,버미어,"_멀티팩(정품)_180,370||_해외구매 | _멀티팩(정품)_190,370||_해외구매 | _멀티팩(정품)_206,510||_해외구매 | _멀티팩(정품)_207,050||_해외구매 | _멀티팩(정품)_207,150||_해외구매 | _멀티팩(정품)_207,170||_해외구매 | _멀티팩(정품)_207,180||_해외구매 | _멀티팩(정품)_207,190||_해외구매 | _멀티팩(정품)_207,290||_해외구매 | _멀티팩(정품)_207,520||_해외구매 | _멀티팩(정품)_207,620||_해외구매 | _멀티팩(정품)_207,730||_해외구매 | _멀티팩(정품)_207,860||_해외구매 | _멀티팩(정품)_207,950||_해외구매 | _멀티팩(정품)_207,970||_해외구매 | _멀티팩(정품)_208,060||_해외구매 | _멀티팩(정품)_208,170||_해외구매 | _멀티팩(정품)_208,490||_해외구매 | _멀티팩(정품)_208,500||_해외구매 | _멀티팩(정품)_208,510||_해외구매 | _멀티팩(정품)_208,650||_해외구매 | _멀티팩(정품)_209,980||_해외구매 | _멀티팩(정품)_210,090||_해외구매",191980,180810,180830,180830,180830,180830,180830,180830,180830,180830,180830,180830,180830,180830,180830,180830,192300,192290,192290,192270,192240,182310,182280,182270,173070,173070,173070,173070,173070,173070,173070
34336865,AMD 라이젠7-4세대 5700X3D (버미어),AMD 라이젠7-4세대 5700X3D,버미어,"_멀티팩(정품)_274,820|_해외구매 | _멀티팩(정품)_277,090|_해외구매 | _멀티팩(정품)_277,430|_해외구매 | _멀티팩(정품)_277,480|_해외구매 | _멀티팩(정품)_278,790|_해외구매 | _멀티팩(정품)_278,800|_해외구매 | _멀티팩(정품)_278,900|_해외구매 | _멀티팩(정품)_279,030|_해외구매 | _멀티팩(정품)_279,070|_해외구매 | _멀티팩(정품)_279,080|_해외구매 | _멀티팩(정품)_279,090|_해외구매 | _멀티팩(정품)_279,100|_해외구매 | _멀티팩(정품)_279,130|_해외구매 | _멀티팩(정품)_279,180|_해외구매 | _멀티팩(정품)_279,300|_해외구매 | _멀티팩(정품)_279,330|_해외구매 | _멀티팩(정품)_279,340|_해외구매 | _멀티팩(정품)_281,200|_해외구매 | _멀티팩(정품)_281,210|_해외구매 | _멀티팩(정품)_281,700|_해외구매 | _멀티팩(정품)_281,710|_해외구매 | _멀티팩(정품)_281,780|_해외구매 | _멀티팩(정품)_281,900|_해외구매",229870,220670,220670,220670,220640,220520,220490,220610,220510,220470,220370,220340,220580,220460,220360,220320,220240,220150,220140,220110,220100,218970,218940,218930,208990,218870,218840,218830,218790,218660,218520
12621953,AMD 라이젠7-4세대 5800X (버미어),AMD 라이젠7-4세대 5800X,버미어,"_정품_505,000|_멀티팩(정품)_317,180|벌크_320,640|해외구매_284,590|중고 | _정품_505,000|_멀티팩(정품)_317,280|벌크_320,640|해외구매_284,590|중고 | _정품_505,000|_멀티팩(정품)_317,310|벌크_320,640|해외구매_284,590|중고 | _정품_505,000|_멀티팩(정품)_317,400|벌크_320,640|해외구매_284,590|중고 | _정품_505,000|_멀티팩(정품)_317,480|벌크_320,640|해외구매_284,590|중고 | _정품_505,000|_멀티팩(정품)_317,990|벌크_320,640|해외구매_284,590|중고 | _정품_505,000|_멀티팩(정품)_317,990|벌크_327,440|해외구매_284,590|중고 | _정품_505,000|_멀티팩(정품)_318,000|벌크_269,000|해외구매_284,590|중고 | _정품_505,000|_멀티팩(정품)_318,000|벌크_269,000|해외구매_284,600|중고 | 정품_505,000|_멀티팩(정품)_317,160|벌크_320,640|_해외구매_284,400|중고 | 정품_505,000|_멀티팩(정품)_317,170|벌크_320,640|_해외구매_284,500|중고 | 정품_505,000|_멀티팩(정품)_376,410|벌크_269,000|_해외구매_284,590|중고 | 정품_505,000|_멀티팩(정품)_398,800|_벌크_264,720|해외구매_284,590|중고 | 정품_505,000|_멀티팩(정품)_398,800|_벌크_264,750|해외구매_284,590|중고 | 정품_505,000|_멀티팩(정품)_408,800|벌크_264,810|_해외구매_284,590|중고 | 정품_505,000|_멀티팩(정품)_408,800|벌크_269,000|_해외구매_284,590|중고",260000,260000,260000,260000,260000,260000,260000,260000,260000,260000,260000,260000,260000,260000,260000,260000,260000,260000,260000,260000,260000,260000,260000,0,0,0,0,0,0,0,0
12836186,AMD 라이젠7-4세대 5800X (버미어),AMD 라이젠7-4세대 5800X,버미어,"_멀티팩(정품)_340,860|_벌크_264,710|해외구매_284,590|중고 | _멀티팩(정품)_388,800|_벌크_264,680|해외구매_284,590|중고 | _멀티팩(정품)_388,800|벌크_264,360|_해외구매_284,590|중고 | _멀티팩(정품)_388,800|벌크_264,390|_해외구매_284,590|중고 | _멀티팩(정품)_388,800|벌크_264,400|_해외구매_284,590|중고 | _멀티팩(정품)_388,800|벌크_264,430|_해외구매_284,590|중고 | _멀티팩(정품)_388,800|벌크_264,440|_해외구매_284,590|중고 | _멀티팩(정품)_388,800|벌크_264,560|_해외구매_284,590|중고",0,0,0,0,0,0,0,0,0,0,0,0,0,0,0,0,0,0,0,0,0,0,0,260000,260000,260000,260000,260000,260000,260000,260000
16872089,AMD 라이젠7-4세대 5800X3D (버미어),AMD 라이젠7-4세대 5800X3D,버미어,"_정품_497,420|멀티팩(정품)_504,000|_해외구매 | _정품_668,030|멀티팩(정품)_668,000|_해외구매 | _정품_668,040|멀티팩(정품)_668,000|_해외구매 | _정품_668,070|멀티팩(정품)_668,000|_해외구매 | _정품_668,080|멀티팩(정품)_668,000|_해외구매 | _정품_668,200|멀티팩(정품)_668,000|_해외구매 | _정품_668,320|멀티팩(정품)_668,000|_해외구매 | _정품_668,350|멀티팩(정품)_668,000|_해외구매 | _정품_668,360|멀티팩(정품)_668,000|_해외구매 | _정품_668,390|멀티팩(정품)_668,000|_해외구매 | _정품_668,400|멀티팩(정품)_452,930|_해외구매 | _정품_668,410|멀티팩(정품)_668,000|_해외구매 | _정품_668,430|멀티팩(정품)_668,000|_해외구매 | _정품_668,480|멀티팩(정품)_650,000|_해외구매 | _정품_668,540|멀티팩(정품)_650,000|_해외구매 | _정품_668,560|멀티팩(정품)_650,000|_해외구매 | _정품_668,660|멀티팩(정품)_650,000|_해외구매 | _정품_668,720|멀티팩(정품)_650,000|_해외구매 | _정품_668,840|멀티팩(정품)_650,000|_해외구매 | _정품_668,870|멀티팩(정품)_650,000|_해외구매 | _정품_668,880|멀티팩(정품)_650,000|_해외구매 | _정품_668,890|멀티팩(정품)_650,000|_해외구매 | _정품_668,900|멀티팩(정품)_650,000|_해외구매 | _정품_668,910|멀티팩(정품)_504,000|_해외구매 | _정품_668,920|멀티팩(정품)_504,000|_해외구매 | _정품_669,040|멀티팩(정품)_504,000|_해외구매",446870,446870,446870,446870,446870,446870,446870,446870,446870,446870,446870,446870,446870,446870,446870,446870,446870,446870,446870,446870,446870,446870,446870,446870,443700,443700,443700,443700,443700,443700,0
27521231,AMD 라이젠7-4세대 5800X3D (버미어),AMD 라이젠7-4세대 5800X3D,버미어,"멀티팩(정품)_668,000|_정품_668,030|_해외구매",0,0,0,0,0,0,0,0,0,0,0,0,0,0,0,0,0,0,0,0,0,0,0,0,0,0,0,0,0,0,443700
62164991,AMD 라이젠7-4세대 5800XT (버미어),AMD 라이젠7-4세대 5800XT,버미어,정품,383690,383570,383540,383510,383500,383470,383460,383450,383410,383370,383330,383230,383220,383210,383990,383990,383910,383830,383740,383720,383710,383670,383610,383600,383570,383450,383330,383320,383300,383280,383260
18718538,AMD 라이젠7-5세대 7700 (라파엘),AMD 라이젠7-5세대 7700,라파엘,"_멀티팩(정품)_348,890|_정품_364,830|해외구매 | _정품_359,530|_멀티팩(정품)_373,660|해외구매 | _정품_359,540|_멀티팩(정품)_373,690|해외구매 | _정품_359,570|_멀티팩(정품)_373,810|해외구매 | _정품_359,580|_멀티팩(정품)_372,930|해외구매 | _정품_359,610|_멀티팩(정품)_362,150|해외구매 | _정품_359,640|_멀티팩(정품)_362,150|해외구매 | _정품_359,670|_멀티팩(정품)_362,150|해외구매 | _정품_359,990|_멀티팩(정품)_348,990|해외구매 | _정품_364,990|_멀티팩(정품)_348,990|해외구매 | _정품_364,990|_멀티팩(정품)_349,000|해외구매 | _정품_366,660|_멀티팩(정품)_348,340|해외구매 | _정품_366,660|_멀티팩(정품)_348,910|해외구매 | _정품_366,660|_멀티팩(정품)_348,920|해외구매 | _정품_366,660|_멀티팩(정품)_348,990|해외구매 | _정품_369,360|_멀티팩(정품)_345,800|해외구매 | _정품_369,360|_멀티팩(정품)_346,110|해외구매 | _정품_370,440|_멀티팩(정품)_346,990|해외구매 | _정품_372,780|_멀티팩(정품)_373,650|해외구매 | _정품_383,990|_멀티팩(정품)_373,640|해외구매 | _정품_384,000|_멀티팩(정품)_373,630|해외구매 | _정품_404,840|_멀티팩(정품)_346,990|해외구매 | _정품_404,870|_멀티팩(정품)_346,990|해외구매 | _정품_404,880|_멀티팩(정품)_346,970|해외구매 | _정품_404,970|_멀티팩(정품)_354,880|해외구매",285240,285230,285200,285080,285070,285040,285030,285750,285650,285640,285630,285620,285610,285580,285480,285460,285380,285300,285210,285190,285180,275770,275770,275770,265770,283980,283950,283940,283910,283900,283870
18718532,AMD 라이젠7-5세대 7700 (라파엘),AMD 라이젠7-5세대 7700,라파엘,"_정품_359,530|_멀티팩(정품)_373,660|해외구매 | _정품_359,540|_멀티팩(정품)_373,690|해외구매 | _정품_359,570|_멀티팩(정품)_373,810|해외구매 | _정품_359,580|_멀티팩(정품)_372,930|해외구매 | _정품_359,610|_멀티팩(정품)_362,150|해외구매 | _정품_359,640|_멀티팩(정품)_362,150|해외구매 | _정품_359,670|_멀티팩(정품)_362,150|해외구매 | _정품_359,990|_멀티팩(정품)_348,990|해외구매 | _정품_364,990|_멀티팩(정품)_348,990|해외구매 | _정품_364,990|_멀티팩(정품)_349,000|해외구매 | _정품_366,660|_멀티팩(정품)_348,340|해외구매 | _정품_366,660|_멀티팩(정품)_348,910|해외구매 | _정품_366,660|_멀티팩(정품)_348,920|해외구매 | _정품_366,660|_멀티팩(정품)_348,990|해외구매 | _정품_369,360|_멀티팩(정품)_345,800|해외구매 | _정품_369,360|_멀티팩(정품)_346,110|해외구매 | _정품_370,440|_멀티팩(정품)_346,990|해외구매 | _정품_372,780|_멀티팩(정품)_373,650|해외구매 | _정품_383,990|_멀티팩(정품)_373,640|해외구매 | _정품_384,000|_멀티팩(정품)_373,630|해외구매 | _정품_404,840|_멀티팩(정품)_346,990|해외구매 | _정품_404,870|_멀티팩(정품)_346,990|해외구매 | _정품_404,880|_멀티팩(정품)_346,970|해외구매 | _정품_404,970|_멀티팩(정품)_354,880|해외구매",285240,285230,285200,285080,285070,285040,285030,285750,285650,285640,285630,285620,285610,285580,285480,285460,285380,285300,285210,285190,285180,275770,275770,275770,265770,283980,283950,283940,283910,283900,0
27945140,AMD 라이젠7-5세대 7700X (라파엘),AMD 라이젠7-5세대 7700X,라파엘,"_정품_490,000|멀티팩(정품)_422,810|_해외구매 | _정품_490,000|멀티팩(정품)_422,830|_해외구매 | _정품_490,000|멀티팩(정품)_422,850|_해외구매 | _정품_490,000|멀티팩(정품)_422,860|_해외구매 | _정품_490,000|멀티팩(정품)_422,870|_해외구매 | _정품_490,000|멀티팩(정품)_422,900|_해외구매 | _정품_500,000|멀티팩(정품)_422,930|_해외구매 | _정품_500,000|멀티팩(정품)_422,940|_해외구매 | _정품_510,000|멀티팩(정품)_424,590|_해외구매 | _정품_510,000|멀티팩(정품)_424,600|_해외구매 | _정품_510,000|멀티팩(정품)_424,610|_해외구매 | _정품_510,000|멀티팩(정품)_424,620|_해외구매 | _정품_510,000|멀티팩(정품)_424,630|_해외구매 | _정품_510,000|멀티팩(정품)_424,640|_해외구매 | 멀티팩(정품)_422,790|_정품_490,000|_해외구매",745930,745930,745930,745930,745930,745930,745930,745930,745930,745930,745930,745930,745930,735190,735190,735190,735190,735190,735190,745930,745930,745930,745930,745930,745930,745930,745930,745930,745930,745930,787900
17913710,AMD 라이젠7-5세대 7700X (라파엘),AMD 라이젠7-5세대 7700X,라파엘,"_정품_490,000|멀티팩(정품)_422,810|_해외구매 | _정품_490,000|멀티팩(정품)_422,830|_해외구매 | _정품_490,000|멀티팩(정품)_422,850|_해외구매 | _정품_490,000|멀티팩(정품)_422,860|_해외구매 | _정품_490,000|멀티팩(정품)_422,870|_해외구매 | _정품_490,000|멀티팩(정품)_422,900|_해외구매 | _정품_500,000|멀티팩(정품)_422,930|_해외구매 | _정품_500,000|멀티팩(정품)_422,940|_해외구매 | _정품_510,000|멀티팩(정품)_424,590|_해외구매 | _정품_510,000|멀티팩(정품)_424,600|_해외구매 | _정품_510,000|멀티팩(정품)_424,610|_해외구매 | _정품_510,000|멀티팩(정품)_424,620|_해외구매 | _정품_510,000|멀티팩(정품)_424,630|_해외구매 | _정품_510,000|멀티팩(정품)_424,640|_해외구매",745930,745930,745930,745930,745930,745930,745930,745930,745930,745930,745930,745930,745930,735190,735190,735190,735190,735190,735190,745930,745930,745930,745930,745930,745930,745930,745930,745930,745930,745930,0
19627934,AMD 라이젠7-5세대 7800X3D (라파엘),AMD 라이젠7-5세대 7800X3D,라파엘,"_멀티팩(정품)_644,470|_정품_679,990|해외구매 | _정품_628,560|_멀티팩(정품)_644,500|해외구매 | _정품_634,990|_멀티팩(정품)_633,730|해외구매 | _정품_635,000|_멀티팩(정품)_633,970|해외구매 | _정품_679,500|_멀티팩(정품)_644,000|해외구매 | _정품_680,190|_멀티팩(정품)_778,750|해외구매 | _정품_686,690|_멀티팩(정품)_633,630|해외구매 | _정품_699,920|_멀티팩(정품)_633,870|해외구매 | _정품_699,920|_멀티팩(정품)_634,900|해외구매 | _정품_699,990|_멀티팩(정품)_650,000|해외구매 | _정품_699,990|_멀티팩(정품)_653,000|해외구매 | _정품_699,990|멀티팩(정품)_671,690|_해외구매 | _정품_709,990|_멀티팩(정품)_654,000|해외구매 | _정품_715,000|멀티팩(정품)_628,810|_해외구매 | _정품_719,000|_멀티팩(정품)_648,000|해외구매 | _정품_719,990|_멀티팩(정품)_648,000|해외구매 | _정품_720,000|_멀티팩(정품)_659,000|해외구매 | _정품_720,000|멀티팩(정품)_649,000|_해외구매 | _정품_780,000|멀티팩(정품)_749,910|_해외구매 | _정품_780,000|멀티팩(정품)_778,680|_해외구매 | _정품_799,000|멀티팩(정품)_778,750|_해외구매 | _정품_803,440|멀티팩(정품)_663,350|_해외구매 | _정품_869,990|_멀티팩(정품)_778,750|해외구매 | _정품_870,000|_멀티팩(정품)_724,250|해외구매 | _정품_870,000|_멀티팩(정품)_778,750|해외구매 | _정품_870,000|멀티팩(정품)_663,350|_해외구매 | _정품_870,000|멀티팩(정품)_778,750|_해외구매",491940,497540,497510,472020,472000,502340,502330,502370,502320,502210,502180,502070,502030,501920,507260,507220,499000,504880,515000,514440,514850,514820,514780,514660,511000,511000,511000,511000,514490,514490,514490
19627808,AMD 라이젠7-5세대 7800X3D (라파엘),AMD 라이젠7-5세대 7800X3D,라파엘,"_정품_628,560|_멀티팩(정품)_644,500|해외구매 | _정품_634,990|_멀티팩(정품)_633,730|해외구매 | _정품_635,000|_멀티팩(정품)_633,970|해외구매 | _정품_679,500|_멀티팩(정품)_644,000|해외구매 | _정품_680,190|_멀티팩(정품)_778,750|해외구매 | _정품_686,690|_멀티팩(정품)_633,630|해외구매 | _정품_699,920|_멀티팩(정품)_633,870|해외구매 | _정품_699,920|_멀티팩(정품)_634,900|해외구매 | _정품_699,990|_멀티팩(정품)_650,000|해외구매 | _정품_699,990|_멀티팩(정품)_653,000|해외구매 | _정품_699,990|멀티팩(정품)_671,690|_해외구매 | _정품_709,990|_멀티팩(정품)_654,000|해외구매 | _정품_715,000|멀티팩(정품)_628,810|_해외구매 | _정품_719,000|_멀티팩(정품)_648,000|해외구매 | _정품_719,990|_멀티팩(정품)_648,000|해외구매 | _정품_720,000|_멀티팩(정품)_659,000|해외구매 | _정품_720,000|멀티팩(정품)_649,000|_해외구매 | _정품_780,000|멀티팩(정품)_749,910|_해외구매 | _정품_780,000|멀티팩(정품)_778,680|_해외구매 | _정품_799,000|멀티팩(정품)_778,750|_해외구매 | _정품_803,440|멀티팩(정품)_663,350|_해외구매 | _정품_869,990|_멀티팩(정품)_778,750|해외구매 | _정품_870,000|_멀티팩(정품)_724,250|해외구매 | _정품_870,000|_멀티팩(정품)_778,750|해외구매 | _정품_870,000|멀티팩(정품)_663,350|_해외구매 | _정품_870,000|멀티팩(정품)_778,750|_해외구매",491940,497540,497510,472020,472000,502340,502330,502370,502320,502210,502180,502070,502030,501920,507260,507220,499000,504880,515000,514440,514850,514820,514780,514660,511000,511000,511000,511000,514490,514490,0
53779649,AMD 라이젠7-5세대 8700F (피닉스),AMD 라이젠7-5세대 8700F,피닉스,멀티팩(정품),304190,304190,304250,304250,304270,304270,304270,304270,304270,304270,304190,304180,304180,303770,303650,303650,303120,303120,303120,303120,303120,303110,303110,303110,303100,303100,303100,303100,303100,302990,302990
34336664,AMD 라이젠7-5세대 8700G (피닉스),AMD 라이젠7-5세대 8700G,피닉스,"_멀티팩(정품)_390,650|_정품_398,120|해외구매 | _정품_393,080|_멀티팩(정품)_391,730|해외구매 | _정품_393,090|_멀티팩(정품)_391,740|해외구매 | _정품_393,090|_멀티팩(정품)_392,210|해외구매 | _정품_393,120|_멀티팩(정품)_391,210|해외구매 | _정품_393,130|_멀티팩(정품)_391,210|해외구매 | _정품_393,230|_멀티팩(정품)_391,220|해외구매 | _정품_393,250|_멀티팩(정품)_391,220|해외구매 | _정품_394,540|_멀티팩(정품)_391,220|해외구매 | _정품_394,660|_멀티팩(정품)_391,220|해외구매 | _정품_397,290|_멀티팩(정품)_391,190|해외구매 | _정품_397,290|_멀티팩(정품)_391,200|해외구매 | _정품_398,120|_멀티팩(정품)_390,650|해외구매 | _정품_398,120|_멀티팩(정품)_390,660|해외구매 | _정품_398,120|_멀티팩(정품)_391,170|해외구매 | _정품_399,000|_멀티팩(정품)_391,170|해외구매 | _정품_399,000|_멀티팩(정품)_391,180|해외구매 | _정품_399,990|_멀티팩(정품)_391,190|해외구매 | _정품_401,450|_멀티팩(정품)_391,180|해외구매 | _정품_404,250|_멀티팩(정품)_391,190|해외구매",392190,392070,392040,392010,392000,391970,391960,391950,391940,391930,391920,391910,391900,391890,391880,391870,391790,391710,391620,391600,391570,391560,391530,391520,391490,391370,391250,391240,391210,391200,391170
58933169,AMD 라이젠7-5세대 8700G (피닉스),AMD 라이젠7-5세대 8700G,피닉스,"_멀티팩(정품)_390,650|_정품_398,120|해외구매",0,0,0,0,0,0,0,0,0,0,0,0,0,0,0,0,0,0,0,0,0,0,0,0,0,0,0,0,0,0,391170
62794082,AMD 라이젠7-6세대 9700X (그래니트 릿지),AMD 라이젠7-6세대 9700X,그래니트 릿지,"_멀티팩(정품)_523,860|_정품 | _정품_534,090|_멀티팩(정품) | _정품_534,100|_멀티팩(정품) | _정품_534,110|_멀티팩(정품) | _정품_540,330|_멀티팩(정품) | _정품_540,340|_멀티팩(정품) | _정품_541,380|_멀티팩(정품) | _정품_542,920|_멀티팩(정품) | _정품_542,930|_멀티팩(정품) | _정품_542,940|_멀티팩(정품) | _정품_543,440|_멀티팩(정품) | _정품_543,450|_멀티팩(정품) | _정품_543,460|_멀티팩(정품) | _정품_544,470|_멀티팩(정품) | _정품_544,480|_멀티팩(정품) | _정품_544,490|_멀티팩(정품) | _정품_545,520|_멀티팩(정품) | _정품_545,530|_멀티팩(정품) | _정품_546,540|_멀티팩(정품)",538150,538140,538110,537990,537950,537830,537820,537600,537570,536940,536410,536400,536400,536400,536400,536390,535900,534860,534850,534850,534340,534330,532270,530710,526040,526040,526030,526030,525510,525500,531670
62653715,AMD 라이젠7-6세대 9700X (그래니트 릿지),AMD 라이젠7-6세대 9700X,그래니트 릿지,"_정품_534,090|_멀티팩(정품) | _정품_534,100|_멀티팩(정품) | _정품_534,110|_멀티팩(정품) | _정품_540,330|_멀티팩(정품) | _정품_540,340|_멀티팩(정품) | _정품_541,380|_멀티팩(정품) | _정품_542,920|_멀티팩(정품) | _정품_542,930|_멀티팩(정품) | _정품_542,940|_멀티팩(정품) | _정품_543,440|_멀티팩(정품) | _정품_543,450|_멀티팩(정품) | _정품_543,460|_멀티팩(정품) | _정품_544,470|_멀티팩(정품) | _정품_544,480|_멀티팩(정품) | _정품_544,490|_멀티팩(정품) | _정품_545,520|_멀티팩(정품) | _정품_545,530|_멀티팩(정품) | _정품_546,540|_멀티팩(정품)",538150,538140,538110,537990,537950,537830,537820,537600,537570,536940,536410,536400,536400,536400,536400,536390,535900,534860,534850,534850,534340,534330,532270,530710,526040,526040,526030,526030,525510,525500,0
9374721,AMD 라이젠9-3세대 3900X (마티스),AMD 라이젠9-3세대 3900X,마티스,"_멀티팩(정품)_630,000|_해외구매_1,002,580|중고 | _멀티팩(정품)_630,000|_해외구매_898,200|중고 | _멀티팩(정품)_630,000|_해외구매_899,360|중고 | _멀티팩(정품)_630,000|_해외구매_914,300|중고 | _멀티팩(정품)_630,000|_해외구매_932,420|중고 | _멀티팩(정품)_630,000|_해외구매_981,180|중고",220400,220400,220400,220400,220400,212680,220400,220400,220400,220400,220400,220400,220400,220400,212680,213380,220400,232590,220400,220400,220400,220400,220400,220400,212590,212590,212590,212590,212590,212590,212590
11026701,AMD 라이젠9-3세대 3950X (마티스),AMD 라이젠9-3세대 3950X,마티스,해외구매,699790,699790,699790,699790,699790,699790,699790,699790,699790,699790,699790,699790,699790,699790,699800,699800,699790,699790,699790,699790,699790,699790,699790,699790,699790,699790,699790,699790,699790,699790,699790
12622091,AMD 라이젠9-4세대 5900X (버미어),AMD 라이젠9-4세대 5900X,버미어,"_정품_447,530|_멀티팩(정품)_462,890|해외구매_366,800|중고 | _정품_451,660|_멀티팩(정품)_462,860|해외구매_366,800|중고 | _정품_451,660|멀티팩(정품)_462,570|_해외구매_383,400|중고 | _정품_451,660|멀티팩(정품)_462,580|_해외구매_383,400|중고 | _정품_451,660|멀티팩(정품)_462,610|_해외구매_366,800|중고 | _정품_451,660|멀티팩(정품)_462,620|_해외구매_366,800|중고 | _정품_451,660|멀티팩(정품)_462,740|_해외구매_366,800|중고 | _정품_459,590|_멀티팩(정품)_462,900|해외구매_366,800|중고 | _정품_459,620|_멀티팩(정품)_462,930|해외구매_366,800|중고 | _정품_459,630|멀티팩(정품)_462,940|_해외구매_366,800|중고 | _정품_459,640|멀티팩(정품)_463,060|_해외구매_366,800|중고 | _정품_459,660|멀티팩(정품)_463,130|_해외구매_366,800|중고 | _정품_459,660|멀티팩(정품)_463,150|_해외구매_366,800|중고 | _정품_459,710|멀티팩(정품)_463,140|_해외구매_366,800|중고 | _정품_459,790|멀티팩(정품)_463,220|_해외구매_416,250|중고 | _정품_459,810|멀티팩(정품)_463,250|_해외구매_412,400|중고 | _정품_459,910|멀티팩(정품)_463,340|_해외구매_388,770|중고 | _정품_460,030|멀티팩(정품)_463,370|_해외구매_388,770|중고 | _정품_460,110|멀티팩(정품)_463,380|_해외구매_388,770|중고 | _정품_460,140|멀티팩(정품)_463,390|_해외구매_376,600|중고 | _정품_460,150|멀티팩(정품)_463,400|_해외구매_373,200|중고 | _정품_460,160|멀티팩(정품)_463,410|_해외구매_373,200|중고 | _정품_460,260|_멀티팩(정품)_463,420|해외구매_373,200|중고 | _정품_460,280|_멀티팩(정품)_463,430|해외구매_396,900|중고 | _정품_460,290|_멀티팩(정품)_463,440|해외구매_396,900|중고 | _정품_460,410|_멀티팩(정품)_463,470|해외구매_396,900|중고 | _정품_460,480|_멀티팩(정품)_463,480|해외구매_396,900|중고 | _정품_460,500|멀티팩(정품)_463,510|_해외구매_396,900|중고 | _정품_460,530|_멀티팩(정품)_463,540|해외구매_396,890|중고 | _정품_460,560|_멀티팩(정품)_463,660|해외구매_396,890|중고",395160,395160,395160,395160,386660,386660,386660,386660,386660,386660,386660,386660,386660,386660,386660,386660,386660,386660,386660,386660,386660,386660,386660,386660,386660,386660,386660,386660,386660,386660,0
12837425,AMD 라이젠9-4세대 5900X (버미어),AMD 라이젠9-4세대 5900X,버미어,"멀티팩(정품)_462,540|_정품_450,630|_해외구매_383,400|중고",0,0,0,0,0,0,0,0,0,0,0,0,0,0,0,0,0,0,0,0,0,0,0,0,0,0,0,0,0,0,386660
62165036,AMD 라이젠9-4세대 5900XT (버미어),AMD 라이젠9-4세대 5900XT,버미어,정품,547730,542760,542750,542750,542740,542740,542740,542740,542730,542730,542720,542720,542720,542720,542720,542720,542720,542720,539850,539820,539720,539680,539620,539610,539580,539550,539540,539530,539510,539490,539470
12622319,AMD 라이젠9-4세대 5950X (버미어),AMD 라이젠9-4세대 5950X,버미어,"_정품_665,540|멀티팩(정품)_622,460|벌크_654,380|_해외구매 | _정품_665,550|멀티팩(정품)_622,470|벌크_654,390|_해외구매 | _정품_665,580|멀티팩(정품)_622,500|벌크_654,420|_해외구매 | _정품_665,590|멀티팩(정품)_622,510|벌크_654,430|_해외구매 | _정품_665,710|멀티팩(정품)_622,630|벌크_654,550|_해외구매 | _정품_665,830|멀티팩(정품)_622,750|벌크_654,670|_해외구매 | _정품_665,860|멀티팩(정품)_622,780|벌크_654,700|_해외구매 | _정품_665,870|_멀티팩(정품)_622,790|벌크_654,710|해외구매 | _정품_665,900|_멀티팩(정품)_622,820|벌크_654,740|해외구매 | _정품_665,910|_멀티팩(정품)_622,830|벌크_654,750|해외구매 | _정품_666,010|멀티팩(정품)_622,930|벌크_654,780|_해외구매 | _정품_666,040|멀티팩(정품)_633,630|벌크_654,800|_해외구매 | _정품_666,050|멀티팩(정품)_633,630|벌크_654,850|_해외구매 | _정품_666,060|멀티팩(정품)_622,960|벌크_654,800|_해외구매 | _정품_666,130|멀티팩(정품)_633,630|벌크_654,930|_해외구매 | _정품_666,140|멀티팩(정품)_633,630|벌크_654,940|_해외구매 | _정품_666,150|멀티팩(정품)_633,630|벌크_655,030|_해외구매 | _정품_666,160|멀티팩(정품)_633,630|벌크_655,060|_해외구매 | _정품_666,210|멀티팩(정품)_633,630|벌크_655,070|_해외구매 | _정품_666,240|멀티팩(정품)_633,630|벌크_655,080|_해외구매 | _정품_666,250|_멀티팩(정품)_633,630|벌크_655,090|해외구매 | _정품_666,260|_멀티팩(정품)_633,630|벌크_655,100|해외구매 | _정품_666,270|_멀티팩(정품)_633,630|벌크_655,110|해외구매 | _정품_666,280|_멀티팩(정품)_633,630|벌크_655,120|해외구매 | _정품_666,290|_멀티팩(정품)_633,630|벌크_655,130|해외구매 | _정품_666,320|_멀티팩(정품)_633,630|벌크_655,160|해외구매 | _정품_666,330|_멀티팩(정품)_633,630|벌크_655,170|해외구매 | _정품_666,360|_멀티팩(정품)_633,630|벌크_655,290|해외구매 | _정품_666,390|_멀티팩(정품)_633,630|벌크_655,320|해외구매 | _정품_666,420|_멀티팩(정품)_633,630|벌크_655,420|해외구매",610630,610620,610590,610470,610440,610330,610320,610310,610300,610290,610280,610270,610260,610230,610890,610890,610830,610750,610660,610640,610630,600880,600850,600840,590900,600770,600650,600640,600610,600600,0
18630722,AMD 라이젠9-4세대 5950X (버미어),AMD 라이젠9-4세대 5950X,버미어,"멀티팩(정품)_622,430|_정품_665,510|벌크_654,350|_해외구매",0,0,0,0,0,0,0,0,0,0,0,0,0,0,0,0,0,0,0,0,0,0,0,0,0,0,0,0,0,0,600570
18718631,AMD 라이젠9-5세대 7900 (라파엘),AMD 라이젠9-5세대 7900,라파엘,"_멀티팩(정품)_497,830|_정품 | _정품_565,720|_멀티팩(정품) | _정품_575,640|_멀티팩(정품) | _정품_585,640|_멀티팩(정품) | _정품_595,640|_멀티팩(정품) | 멀티팩(정품)",501890,501890,522720,522720,521000,521000,536010,545000,545000,545000,518700,498030,498030,498030,515000,525160,518700,492210,497680,497650,505890,497680,497680,497680,497670,500180,500180,500180,499230,496770,575640
18718592,AMD 라이젠9-5세대 7900 (라파엘),AMD 라이젠9-5세대 7900,라파엘,"_정품_565,720|_멀티팩(정품) | _정품_575,640|_멀티팩(정품) | _정품_585,640|_멀티팩(정품) | _정품_595,640|_멀티팩(정품)",501890,501890,522720,522720,521000,521000,536010,545000,545000,545000,518700,498030,498030,498030,515000,525160,518700,492210,497680,0,0,497680,497680,497680,497670,500180,500180,500180,499230,496770,0
17913863,AMD 라이젠9-5세대 7900X (라파엘),AMD 라이젠9-5세대 7900X,라파엘,"_정품_499,490|멀티팩(정품)_491,630|_해외구매 | _정품_514,470|멀티팩(정품)_495,840|_해외구매 | _정품_518,920|멀티팩(정품)_491,630|_해외구매 | _정품_518,930|_멀티팩(정품)_491,640|해외구매 | _정품_518,930|_멀티팩(정품)_491,650|해외구매 | _정품_518,930|_멀티팩(정품)_495,290|해외구매 | _정품_518,930|_멀티팩(정품)_495,300|해외구매 | _정품_518,930|_멀티팩(정품)_495,310|해외구매 | _정품_518,930|_멀티팩(정품)_495,330|해외구매 | _정품_518,930|멀티팩(정품)_491,630|_해외구매 | _정품_518,930|멀티팩(정품)_491,640|_해외구매 | _정품_518,930|멀티팩(정품)_495,320|_해외구매 | _정품_518,930|멀티팩(정품)_495,830|_해외구매 | _정품_518,940|_멀티팩(정품)_495,850|해외구매 | _정품_581,000|_멀티팩(정품)_495,850|해외구매 | 멀티팩(정품)_492,180|_정품_499,490|_해외구매",550850,550840,550810,550690,550680,550650,550640,550630,550620,550610,550600,550590,550580,550550,550450,550430,550350,550300,550300,550280,550270,541280,541280,541280,531280,553450,553420,553410,553380,553370,553340
28402418,AMD 라이젠9-5세대 7900X (라파엘),AMD 라이젠9-5세대 7900X,라파엘,"멀티팩(정품)_492,180|_정품_499,490|_해외구매",0,0,0,0,0,0,0,0,0,0,0,0,0,0,0,0,0,0,0,0,0,0,0,0,0,0,0,0,0,0,553340
19174175,AMD 라이젠9-5세대 7900X3D (라파엘),AMD 라이젠9-5세대 7900X3D,라파엘,"_멀티팩(정품)_851,900|_정품_744,790|해외구매 | _정품_744,800|_멀티팩(정품)_851,900|해외구매 | _정품_768,000|_멀티팩(정품)_679,140|해외구매 | _정품_779,990|_멀티팩(정품)_851,900|해외구매 | _정품_789,990|_멀티팩(정품)_851,900|해외구매 | _정품_800,000|_멀티팩(정품)_851,900|해외구매 | _정품_859,100|_멀티팩(정품)_810,870|해외구매 | _정품_859,100|_멀티팩(정품)_813,250|해외구매 | _정품_990,000|_멀티팩(정품)_861,900|해외구매 | _정품_990,000|_멀티팩(정품)_871,890|해외구매",640510,640480,640450,640590,640590,640590,640590,643490,643460,643360,643350,643490,643490,643490,707240,707220,707200,707190,707190,707170,707140,707130,680320,680290,680260,680230,680110,680100,680070,680060,680030
19627457,AMD 라이젠9-5세대 7900X3D (라파엘),AMD 라이젠9-5세대 7900X3D,라파엘,"_멀티팩(정품)_851,900|_정품_744,790|해외구매",0,0,0,0,0,0,0,0,0,0,0,0,0,0,0,0,0,0,0,0,0,0,0,0,0,0,0,0,0,0,680030
17913980,AMD 라이젠9-5세대 7950X (라파엘),AMD 라이젠9-5세대 7950X,라파엘,"_멀티팩(정품)_694,720|_정품_698,490|해외구매 | _정품_728,630|_멀티팩(정품)_694,840|해외구매 | _정품_728,960|_멀티팩(정품)_669,000|해외구매 | _정품_728,960|_멀티팩(정품)_694,870|해외구매 | _정품_728,960|_멀티팩(정품)_694,970|해외구매 | _정품_732,170|_멀티팩(정품)_695,030|해외구매 | _정품_732,170|_멀티팩(정품)_695,140|해외구매 | _정품_732,710|_멀티팩(정품)_689,000|해외구매 | _정품_732,710|_멀티팩(정품)_689,860|해외구매 | _정품_732,710|_멀티팩(정품)_689,990|해외구매 | _정품_732,720|_멀티팩(정품)_689,870|해외구매 | _정품_733,780|_멀티팩(정품)_697,970|해외구매 | _정품_733,780|_멀티팩(정품)_697,990|해외구매 | _정품_733,780|_멀티팩(정품)_698,470|해외구매 | _정품_733,780|_멀티팩(정품)_698,610|해외구매 | _정품_733,790|_멀티팩(정품)_653,500|해외구매 | _정품_733,790|_멀티팩(정품)_654,000|해외구매 | _정품_734,320|_멀티팩(정품)_654,000|해외구매 | _정품_736,460|_멀티팩(정품)_689,000|해외구매 | _정품_736,460|_멀티팩(정품)_697,000|해외구매 | _정품_736,460|_멀티팩(정품)_698,910|해외구매 | _정품_736,460|_멀티팩(정품)_698,970|해외구매 | _정품_736,460|_멀티팩(정품)_704,870|해외구매 | _정품_737,000|_멀티팩(정품)_690,000|해외구매 | _정품_737,530|_멀티팩(정품)_690,000|해외구매 | _정품_737,530|_멀티팩(정품)_704,940|해외구매 | _정품_737,530|_멀티팩(정품)_705,910|해외구매 | _정품_737,530|_멀티팩(정품)_705,920|해외구매",805340,805340,805340,805340,788020,788020,788020,788020,788020,788020,788020,788020,788020,788020,788020,788020,788020,788020,788020,788020,788020,788020,788020,788020,788020,788020,788020,788020,788020,788020,788020
20613197,AMD 라이젠9-5세대 7950X (라파엘),AMD 라이젠9-5세대 7950X,라파엘,"_멀티팩(정품)_694,720|_정품_698,490|해외구매",0,0,0,0,0,0,0,0,0,0,0,0,0,0,0,0,0,0,0,0,0,0,0,0,0,0,0,0,0,0,788020
19174415,AMD 라이젠9-5세대 7950X3D (라파엘),AMD 라이젠9-5세대 7950X3D,라파엘,"_멀티팩(정품)_885,750|_정품_1,043,450|해외구매 | _정품_1,034,990|_멀티팩(정품)_915,820|해외구매 | _정품_1,043,450|_멀티팩(정품)_885,760|해외구매 | _정품_1,043,450|_멀티팩(정품)_889,490|해외구매 | _정품_1,043,450|_멀티팩(정품)_889,990|해외구매 | _정품_1,043,450|_멀티팩(정품)_891,980|해외구매 | _정품_1,043,450|_멀티팩(정품)_892,480|해외구매 | _정품_1,049,620|_멀티팩(정품)_906,630|해외구매 | _정품_1,049,650|_멀티팩(정품)_907,860|해외구매 | _정품_1,049,660|_멀티팩(정품)_910,790|해외구매 | _정품_1,049,690|_멀티팩(정품)_910,890|해외구매 | _정품_1,049,710|_멀티팩(정품)_910,900|해외구매 | _정품_1,049,800|_멀티팩(정품)_912,840|해외구매 | _정품_1,049,840|_멀티팩(정품)_912,970|해외구매 | _정품_1,049,920|_멀티팩(정품)_913,000|해외구매 | _정품_1,049,940|_멀티팩(정품)_913,080|해외구매 | _정품_1,049,990|_멀티팩(정품)_914,620|해외구매 | _정품_1,049,990|_멀티팩(정품)_915,390|해외구매 | _정품_1,049,990|_멀티팩(정품)_915,490|해외구매 | _정품_1,049,990|_멀티팩(정품)_915,940|해외구매 | _정품_1,049,990|_멀티팩(정품)_916,960|해외구매 | _정품_1,049,990|_멀티팩(정품)_922,310|해외구매 | _정품_1,049,990|_멀티팩(정품)_922,320|해외구매 | _정품_1,078,670|_멀티팩(정품)_922,330|해외구매 | _정품_1,078,670|_멀티팩(정품)_922,450|해외구매 | _정품_1,078,670|_멀티팩(정품)_922,510|해외구매 | _정품_1,078,670|_멀티팩(정품)_922,630|해외구매 | _정품_1,079,870|_멀티팩(정품)_922,740|해외구매 | _정품_1,079,870|_멀티팩(정품)_922,850|해외구매 | _정품_907,680|_멀티팩(정품)_888,310|해외구매 | _정품_907,710|_멀티팩(정품)_904,550|해외구매",884820,884790,884760,884730,884720,884690,884680,848470,848340,848240,848230,848200,848080,847960,860030,880550,880480,880390,880300,880280,880250,874980,874950,874940,865000,864970,864850,864840,864810,864800,864770
19627601,AMD 라이젠9-5세대 7950X3D (라파엘),AMD 라이젠9-5세대 7950X3D,라파엘,"_멀티팩(정품)_885,750|_정품_1,043,450|해외구매",0,0,0,0,0,0,0,0,0,0,0,0,0,0,0,0,0,0,0,0,0,0,0,0,0,0,0,0,0,0,864770
63139097,AMD 라이젠9-6세대 9900X (그래니트 릿지),AMD 라이젠9-6세대 9900X,그래니트 릿지,"_정품_670,000|_멀티팩(정품)_670,000|해외구매 | _정품_700,930|_멀티팩(정품)_701,440|해외구매 | _정품_700,940|_멀티팩(정품)_701,450|해외구매 | _정품_701,450|_멀티팩(정품)_701,960|해외구매 | _정품_703,530|_멀티팩(정품)_704,060|해외구매 | _정품_703,540|_멀티팩(정품)_704,070|해외구매 | _정품_703,970|_멀티팩(정품)_704,070|해외구매 | _정품_703,990|_멀티팩(정품)_704,070|해외구매 | _정품_704,030|_멀티팩(정품)_704,070|해외구매 | _정품_704,160|_멀티팩(정품)_704,070|해외구매 | _정품_704,190|_멀티팩(정품)_704,070|해외구매 | _정품_704,790|_멀티팩(정품)_704,070|해외구매 | _정품_704,820|_멀티팩(정품)_704,070|해외구매 | _정품_704,830|_멀티팩(정품)_704,070|해외구매 | _정품_704,850|_멀티팩(정품)_704,070|해외구매 | _정품_704,950|_멀티팩(정품)_707,200|해외구매 | _정품_705,070|_멀티팩(정품)_707,200|해외구매 | _정품_705,100|_멀티팩(정품)_707,200|해외구매 | _정품_705,120|_멀티팩(정품)_707,200|해외구매 | _정품_705,140|_멀티팩(정품)_707,200|해외구매 | _정품_705,150|_멀티팩(정품)_707,200|해외구매 | _정품_705,250|_멀티팩(정품)_728,000|해외구매 | _정품_705,810|_해외구매 | _정품_706,920|_멀티팩(정품)_670,000|해외구매 | _정품_735,000|_멀티팩(정품)_670,000|해외구매",701180,701170,701140,701020,698710,698590,698580,698570,698560,698550,698540,698530,698520,698490,698390,698370,698290,698240,698240,698220,698210,698200,698170,698160,695000,694970,694850,694840,694810,694800,0
63140387,AMD 라이젠9-6세대 9900X (그래니트 릿지),AMD 라이젠9-6세대 9900X,그래니트 릿지,"_멀티팩(정품)_701,430|_정품_700,930|해외구매 | _정품_670,000|_멀티팩(정품)_670,000|해외구매 | _정품_700,930|_멀티팩(정품)_701,440|해외구매 | _정품_700,940|_멀티팩(정품)_701,450|해외구매 | _정품_701,450|_멀티팩(정품)_701,960|해외구매 | _정품_703,530|_멀티팩(정품)_704,060|해외구매 | _정품_703,540|_멀티팩(정품)_704,070|해외구매 | _정품_703,970|_멀티팩(정품)_704,070|해외구매 | _정품_703,990|_멀티팩(정품)_704,070|해외구매 | _정품_704,030|_멀티팩(정품)_704,070|해외구매 | _정품_704,160|_멀티팩(정품)_704,070|해외구매 | _정품_704,190|_멀티팩(정품)_704,070|해외구매 | _정품_704,790|_멀티팩(정품)_704,070|해외구매 | _정품_704,820|_멀티팩(정품)_704,070|해외구매 | _정품_704,830|_멀티팩(정품)_704,070|해외구매 | _정품_704,850|_멀티팩(정품)_704,070|해외구매 | _정품_704,950|_멀티팩(정품)_707,200|해외구매 | _정품_705,070|_멀티팩(정품)_707,200|해외구매 | _정품_705,100|_멀티팩(정품)_707,200|해외구매 | _정품_705,120|_멀티팩(정품)_707,200|해외구매 | _정품_705,140|_멀티팩(정품)_707,200|해외구매 | _정품_705,150|_멀티팩(정품)_707,200|해외구매 | _정품_705,250|_멀티팩(정품)_728,000|해외구매 | _정품_706,920|_멀티팩(정품)_670,000|해외구매 | _정품_735,000|_멀티팩(정품)_670,000|해외구매",0,701170,701140,701020,698710,698590,698580,698570,698560,698550,698540,698530,698520,698490,698390,698370,698290,698240,698240,698220,698210,698200,698170,698160,695000,694970,694850,694840,694810,694800,694770
63140417,AMD 라이젠9-6세대 9950X (그래니트 릿지),AMD 라이젠9-6세대 9950X,그래니트 릿지,"_멀티팩(정품)_1,046,510|_정품 | _정품_1,052,630|_멀티팩(정품) | _정품_1,057,820|_멀티팩(정품) | _정품_1,060,940|_멀티팩(정품) | _정품_1,060,950|_멀티팩(정품) | _정품_1,066,150|_멀티팩(정품) | _정품_1,069,460|_멀티팩(정품) | _정품_1,071,290|_멀티팩(정품) | _정품_1,077,150|_멀티팩(정품) | _정품_1,077,160|_멀티팩(정품) | _정품_1,077,180|_멀티팩(정품) | _정품_1,077,260|_멀티팩(정품) | _정품_1,077,360|_멀티팩(정품) | _정품_1,077,390|_멀티팩(정품) | _정품_1,077,490|_멀티팩(정품) | _정품_1,077,820|_멀티팩(정품) | _정품_1,077,920|_멀티팩(정품) | _정품_1,092,840|_멀티팩(정품) | _정품_1,095,440|_멀티팩(정품) | _정품_1,096,630|_멀티팩(정품) | _정품_1,096,750|_멀티팩(정품) | _정품_1,096,860|_멀티팩(정품) | _정품_1,096,870|_멀티팩(정품) | _정품_1,096,920|_멀티팩(정품) | _정품_1,096,930|_멀티팩(정품)",1078490,1078390,1077970,1077860,1077860,1077740,1077730,1077720,1077620,1077520,1077490,1077400,1077390,1077360,1077440,1077300,1077260,1077210,1076990,1076970,1069020,1069010,1067980,1059630,1059630,1059630,1056500,1056500,1054330,1049130,1050850
63139115,AMD 라이젠9-6세대 9950X (그래니트 릿지),AMD 라이젠9-6세대 9950X,그래니트 릿지,"_정품_1,052,630|_멀티팩(정품) | _정품_1,057,820|_멀티팩(정품) | _정품_1,060,940|_멀티팩(정품) | _정품_1,060,950|_멀티팩(정품) | _정품_1,066,150|_멀티팩(정품) | _정품_1,069,460|_멀티팩(정품) | _정품_1,071,290|_멀티팩(정품) | _정품_1,077,150|_멀티팩(정품) | _정품_1,077,160|_멀티팩(정품) | _정품_1,077,180|_멀티팩(정품) | _정품_1,077,260|_멀티팩(정품) | _정품_1,077,360|_멀티팩(정품) | _정품_1,077,390|_멀티팩(정품) | _정품_1,077,490|_멀티팩(정품) | _정품_1,077,820|_멀티팩(정품) | _정품_1,077,920|_멀티팩(정품) | _정품_1,092,840|_멀티팩(정품) | _정품_1,095,440|_멀티팩(정품) | _정품_1,096,630|_멀티팩(정품) | _정품_1,096,750|_멀티팩(정품) | _정품_1,096,860|_멀티팩(정품) | _정품_1,096,870|_멀티팩(정품) | _정품_1,096,920|_멀티팩(정품) | _정품_1,096,930|_멀티팩(정품)",1078490,1078390,1077970,1077860,1077860,1077740,1077730,1077720,1077620,1077520,1077490,1077400,1077390,1077360,1077440,1077300,1077260,1077210,1076990,1076970,1069020,1069010,1067980,1059630,1059630,1059630,1056500,1056500,1054330,1049130,0
6522496,AMD 애슬론 200GE (레이븐 릿지),AMD 애슬론 200GE,레이븐 릿지,"_정품_19,990|_중고 | _정품_191,860|_중고 | _정품_199,850|_중고 | _정품_20,000|_중고",19990,19990,19990,19990,19990,19990,19990,19990,19990,19990,19990,19990,22490,22490,22490,22490,22490,35000,35000,35000,35000,35000,22500,22500,22500,22500,22500,22500,22500,22500,22500
9968202,AMD 애슬론 3000G (레이븐 릿지),AMD 애슬론 3000G,레이븐 릿지,"_정품_125,900|_벌크 + 쿨러_47,990|벌크_47,000|중고 | _정품_125,900|_벌크 + 쿨러_48,000|벌크_47,000|중고 | _정품_125,900|_벌크 + 쿨러_49,500|벌크_51,000|중고 | _정품_125,900|_벌크 + 쿨러_51,990|벌크_51,000|중고 | 정품_125,900|_벌크 + 쿨러_47,990|_벌크_47,000|중고 | 정품_125,900|_벌크 + 쿨러_47,990|벌크_47,000|_중고 | 정품_125,900|_벌크 + 쿨러_47,990|벌크_51,000|_중고 | 정품_125,900|_벌크 + 쿨러_48,000|벌크_47,000|_중고 | 정품_125,900|_벌크 + 쿨러_48,400|_벌크_51,000|중고 | 정품_125,900|_벌크 + 쿨러_49,500|_벌크_51,000|중고 | 정품_125,900|_벌크 + 쿨러_51,990|_벌크_51,000|중고 | 정품_125,900|_벌크 + 쿨러_51,990|벌크_51,000|_중고 | 정품_125,900|벌크 + 쿨러_48,400|_벌크_51,000|_중고 | 정품_125,900|벌크 + 쿨러_49,500|_벌크_51,000|_중고",34100,34100,40740,40740,39860,39860,39860,39860,39860,39860,39860,39860,39860,39860,39860,39860,39860,39860,39860,39860,39860,34100,39860,39860,39860,39860,39860,39860,39860,39860,39860
4477138,AMD 페넘II-X3 710 (헤카),AMD 페넘II-X3 710,헤카,중고,0,0,0,0,0,0,0,0,0,5490,5490,0,0,0,0,0,0,0,0,5490,5490,5490,5490,5490,5490,5490,5490,5490,0,0,5490
28158908,AMD 페넘II-X4 945 (데네브),AMD 페넘II-X4 945,데네브,중고,11620,11620,11620,11620,11620,11620,11620,11630,11630,11630,11630,11630,11630,11630,11630,11630,11630,11630,11630,11630,11630,11630,11640,11520,11630,11630,11630,11630,11630,11630,11630
4281793,AMD 페넘II-X4 955 (데네브),AMD 페넘II-X4 955,데네브,중고,12080,12080,12080,12080,12080,12080,12080,12100,12100,12100,0,0,0,0,12100,12100,12100,12100,12100,12100,12100,12100,12100,11980,12090,12090,12090,12090,12090,12090,12090
4467073,AMD 페넘II-X6 1055T (투반),AMD 페넘II-X6 1055T,투반,"중고, 95W",24990,24990,24990,24990,24990,24990,24990,24990,24990,24990,24990,24990,24990,24990,24990,24990,24990,24990,24990,24990,24990,24300,24300,24300,24300,24300,24300,24300,24300,24300,24300
6112877,인텔 셀러론 G1820 (하스웰),인텔 셀러론 G1820,하스웰,중고,0,0,0,0,0,0,1500,1500,1500,1500,1500,1500,1500,1500,1500,1500,1500,1500,1500,1500,1500,1500,1500,0,0,0,0,0,0,0,0
6112894,인텔 셀러론 G1830 (하스웰),인텔 셀러론 G1830,하스웰,중고,1490,1490,1490,1490,0,0,0,0,0,0,0,0,0,0,0,0,0,0,1490,1490,1490,1490,1490,1490,1490,0,0,0,0,0,1490
2669666,인텔 셀러론 G1840 (하스웰 리프레시),인텔 셀러론 G1840,하스웰 리프레시,"_벌크_2,100|_중고 | _벌크_4,190|_중고 | _벌크_4,280|_중고",1490,1490,1490,1490,1490,1490,1490,1490,1490,1490,1490,1490,1490,1490,1400,1390,1390,1390,1390,1390,1390,1390,1390,1390,1390,1390,1390,1390,1390,1390,1390
2783185,인텔 셀러론 G1850 (하스웰 리프레시),인텔 셀러론 G1850,하스웰 리프레시,"_벌크_3,400|_중고",1500,1500,1500,1500,1500,1500,1500,1500,1500,1500,1500,1500,1500,1500,1500,1500,1500,1500,1500,1500,1500,1500,1500,1500,1500,1500,1500,1500,1500,1500,1500
4033502,인텔 셀러론 G3900 (스카이레이크),인텔 셀러론 G3900,스카이레이크,"벌크 + 쿨러_5,680|_벌크_1,790|_중고 | 벌크 + 쿨러_5,730|_벌크_1,690|_중고 | 벌크 + 쿨러_5,760|_벌크_1,690|_중고 | 벌크 + 쿨러_5,760|_벌크_1,760|_중고 | 벌크 + 쿨러_5,770|_벌크_1,770|_중고 | 벌크 + 쿨러_5,780|_벌크_1,680|_중고 | 벌크 + 쿨러_5,780|_벌크_1,730|_중고 | 벌크 + 쿨러_5,780|_벌크_1,740|_중고 | 벌크 + 쿨러_5,790|_벌크_1,680|_중고 | 벌크 + 쿨러_5,790|_벌크_1,690|_중고 | 벌크 + 쿨러_5,790|_벌크_1,750|_중고 | 벌크 + 쿨러_5,800|_벌크_1,690|_중고 | 벌크 + 쿨러_5,820|_벌크_1,690|_중고 | 벌크 + 쿨러_5,820|_벌크_1,710|_중고 | 벌크 + 쿨러_5,830|_벌크_1,720|_중고 | 벌크 + 쿨러_5,830|_벌크_1,800|_중고 | 벌크 + 쿨러_5,860|_벌크_1,680|_중고 | 벌크 + 쿨러_5,860|_벌크_1,750|_중고 | 벌크 + 쿨러_5,890|_벌크_1,700|_중고 | 벌크 + 쿨러_5,910|_벌크_1,760|_중고 | 벌크 + 쿨러_5,920|_벌크_1,710|_중고 | 벌크 + 쿨러_5,920|_벌크_1,750|_중고 | 벌크 + 쿨러_5,940|_벌크_1,770|_중고 | 벌크 + 쿨러_5,950|_벌크_1,760|_중고 | 벌크 + 쿨러_5,960|_벌크_1,790|_중고 | 벌크 + 쿨러_6,040|_벌크_1,710|_중고 | 벌크 + 쿨러_6,050|_벌크_1,720|_중고",1860,1850,1820,1870,1840,1860,1850,1770,1790,1780,1720,1770,1740,1770,1760,1740,1690,1740,1740,1720,1710,1700,1680,1740,1710,1740,1710,1700,1650,1640,1630
4881161,인텔 셀러론 G3930 (카비레이크),인텔 셀러론 G3930,카비레이크,"_벌크 + 쿨러_5,710|벌크_1,790|_중고 | _벌크 + 쿨러_5,730|벌크_1,790|_중고 | _벌크 + 쿨러_5,760|벌크_1,790|_중고 | _벌크 + 쿨러_5,790|벌크_1,790|_중고 | _벌크 + 쿨러_5,800|벌크_1,790|_중고 | _벌크 + 쿨러_5,850|벌크_1,790|_중고 | _벌크 + 쿨러_6,060|벌크_1,990|_중고 | _벌크 + 쿨러_6,070|벌크_1,990|_중고 | _벌크 + 쿨러_6,080|벌크_1,990|_중고 | 벌크 + 쿨러_5,680|_벌크_1,790|_중고 | 벌크 + 쿨러_5,750|_벌크_1,790|_중고 | 벌크 + 쿨러_5,760|_벌크_1,690|_중고 | 벌크 + 쿨러_5,790|_벌크_1,690|_중고 | 벌크 + 쿨러_5,800|_벌크_1,690|_중고 | 벌크 + 쿨러_5,880|_벌크_1,790|_중고 | 벌크 + 쿨러_5,890|_벌크_1,790|_중고 | 벌크 + 쿨러_5,920|_벌크_1,790|_중고 | 벌크 + 쿨러_5,930|_벌크_1,790|_중고 | 벌크 + 쿨러_5,940|_벌크_1,790|_중고 | 벌크 + 쿨러_5,950|_벌크_1,790|_중고 | 벌크 + 쿨러_5,960|_벌크_1,790|_중고 | 벌크 + 쿨러_6,090|_벌크_1,990|_중고 | 벌크 + 쿨러_6,100|_벌크_1,990|_중고 | 벌크 + 쿨러_6,130|_벌크_1,990|_중고 | 벌크 + 쿨러_6,140|_벌크_1,990|_중고 | 벌크 + 쿨러_6,170|_벌크_1,990|_중고 | 벌크 + 쿨러_6,200|_벌크_1,990|_중고 | 벌크 + 쿨러_6,230|_벌크_1,990|_중고",1870,1870,1890,1870,1870,1890,1870,1790,1790,1790,1710,1770,1740,1770,1760,1740,1690,1740,1740,1720,1690,1680,1680,1740,1710,1740,1710,1700,1640,1630,1620
7898065,인텔 셀러론 G3950 (카비레이크),인텔 셀러론 G3950,카비레이크,"_해외구매_88,000|_중고",65000,65000,65000,65000,65000,65000,65000,65000,65000,65000,65000,65000,65000,65000,65000,65000,65000,65000,65000,65000,65000,65000,65000,65000,65000,65000,65000,65000,65000,65000,65000
6060282,인텔 셀러론 G4900 (커피레이크),인텔 셀러론 G4900,커피레이크,"_벌크 + 쿨러_10,710|벌크_5,820|_중고 | _벌크 + 쿨러_10,720|_벌크_5,800|중고 | _벌크 + 쿨러_10,740|벌크_5,850|_중고 | _벌크 + 쿨러_10,750|_벌크_5,830|중고 | _벌크 + 쿨러_10,750|벌크_5,860|_중고 | _벌크 + 쿨러_10,760|_벌크_5,840|중고 | _벌크 + 쿨러_10,760|벌크_5,870|_중고 | _벌크 + 쿨러_10,770|벌크_5,880|_중고 | _벌크 + 쿨러_10,780|벌크_5,890|_중고 | _벌크 + 쿨러_10,790|_벌크_5,960|중고 | _벌크 + 쿨러_10,790|벌크_5,900|_중고 | _벌크 + 쿨러_10,800|_벌크_5,990|중고 | _벌크 + 쿨러_10,800|벌크_5,910|_중고 | _벌크 + 쿨러_10,810|벌크_5,920|_중고 | _벌크 + 쿨러_10,840|벌크_5,950|_중고 | _벌크 + 쿨러_10,850|벌크_5,960|_중고 | _벌크 + 쿨러_10,880|벌크_5,990|_중고 | _벌크 + 쿨러_10,910|벌크_5,780|_중고 | _벌크 + 쿨러_10,920|_벌크_5,840|중고 | _벌크 + 쿨러_11,030|벌크_5,780|_중고 | _벌크 + 쿨러_11,040|_벌크_5,960|중고 | _벌크 + 쿨러_11,070|벌크_5,990|_중고 | _벌크 + 쿨러_11,080|벌크_5,770|_중고 | _벌크 + 쿨러_11,110|벌크_5,770|_중고 | _벌크 + 쿨러_11,120|벌크_5,780|_중고 | _벌크 + 쿨러_11,150|벌크_5,790|_중고 | _벌크 + 쿨러_11,170|벌크_5,810|_중고 | _벌크 + 쿨러_11,260|벌크_5,810|_중고 | _벌크 + 쿨러_11,360|벌크_5,860|_중고 | _벌크 + 쿨러_11,440|벌크_5,940|_중고 | _벌크 + 쿨러_11,460|벌크_5,960|_중고",5820,5810,5780,5970,5860,5770,5990,5980,5970,5960,5950,5940,5930,5900,5800,5780,5770,5840,5840,5820,5460,5890,5780,5860,5830,5860,5830,5820,5790,5780,5780
10911789,인텔 셀러론 G4930 (커피레이크-R),인텔 셀러론 G4930,커피레이크-R,"병행수입 박스_52,710|_벌크 + 쿨러_14,850|_벌크 | 병행수입 박스_53,910|_벌크 + 쿨러_14,850|_벌크 | 병행수입 박스_54,900|_벌크 + 쿨러_14,710|_벌크 | 병행수입 박스_54,900|_벌크 + 쿨러_14,780|_벌크 | 병행수입 박스_54,900|_벌크 + 쿨러_14,840|_벌크 | 병행수입 박스_54,900|_벌크 + 쿨러_14,870|_벌크 | 병행수입 박스_54,900|_벌크 + 쿨러_14,880|_벌크 | 병행수입 박스_54,900|_벌크 + 쿨러_14,970|_벌크 | 병행수입 박스_54,900|_벌크 + 쿨러_14,990|_벌크 | 병행수입 박스_54,900|_벌크 + 쿨러_15,110|_벌크 | 병행수입 박스_54,900|_벌크 + 쿨러_15,120|_벌크 | 병행수입 박스_54,900|_벌크 + 쿨러_15,130|_벌크 | 병행수입 박스_54,900|_벌크 + 쿨러_15,140|_벌크 | 병행수입 박스_54,900|_벌크 + 쿨러_15,150|_벌크 | 병행수입 박스_54,900|_벌크 + 쿨러_15,180|_벌크 | 병행수입 박스_54,900|_벌크 + 쿨러_15,190|_벌크 | 병행수입 박스_54,900|_벌크 + 쿨러_15,220|_벌크 | 병행수입 박스_54,900|_벌크 + 쿨러_15,250|_벌크 | 병행수입 박스_54,900|_벌크 + 쿨러_15,280|_벌크",9770,9990,9960,9840,9830,9800,9790,9780,9770,9770,9490,9490,9490,9490,9500,9500,9490,9490,9490,9490,9490,9490,9490,9490,9490,9490,9490,9490,9490,9490,9490
1512435,인텔 셀러론 G530 (샌디브릿지),인텔 셀러론 G530,샌디브릿지,"_벌크 + 쿨러_14,850|_중고 | _벌크 + 쿨러_15,720|_중고 | _벌크 + 쿨러_15,820|_중고 | _벌크 + 쿨러_15,900|_중고 | _벌크 + 쿨러_15,920|_중고 | _벌크 + 쿨러_16,020|_중고 | _벌크 + 쿨러_16,050|_중고 | _벌크 + 쿨러_16,060|_중고 | _벌크 + 쿨러_16,070|_중고 | _벌크 + 쿨러_16,080|_중고 | _벌크 + 쿨러_16,090|_중고 | _벌크 + 쿨러_16,100|_중고 | _벌크 + 쿨러_16,110|_중고 | _벌크 + 쿨러_16,120|_중고 | _벌크 + 쿨러_16,150|_중고 | _벌크 + 쿨러_16,160|_중고 | _벌크 + 쿨러_16,280|_중고 | _벌크 + 쿨러_16,310|_중고 | _벌크 + 쿨러_16,320|_중고 | _벌크 + 쿨러_16,360|_중고 | _벌크 + 쿨러_16,460|_중고 | _벌크 + 쿨러_16,490|_중고",1490,1490,1490,1490,1490,1490,1490,1490,1490,1490,1490,1490,1490,1490,1490,1490,1490,1490,1490,1490,1490,1490,1490,1490,1490,1490,1490,1490,1490,1490,1490
1705460,인텔 셀러론 G540 (샌디브릿지),인텔 셀러론 G540,샌디브릿지,"_벌크 + 쿨러_15,460|_중고 | _벌크 + 쿨러_15,470|_중고 | _벌크 + 쿨러_15,480|_중고 | _벌크 + 쿨러_15,490|_중고 | _벌크 + 쿨러_15,500|_중고 | _벌크 + 쿨러_15,510|_중고 | _벌크 + 쿨러_15,520|_중고 | _벌크 + 쿨러_15,570|_중고 | _벌크 + 쿨러_15,630|_중고 | _벌크 + 쿨러_15,650|_중고 | _벌크 + 쿨러_15,660|_중고 | _벌크 + 쿨러_15,690|_중고 | _벌크 + 쿨러_15,720|_중고 | _벌크 + 쿨러_15,730|_중고 | _벌크 + 쿨러_15,740|_중고 | _벌크 + 쿨러_15,750|_중고 | _벌크 + 쿨러_15,760|_중고 | _벌크 + 쿨러_15,770|_중고 | _벌크 + 쿨러_15,780|_중고 | _벌크 + 쿨러_15,790|_중고 | _벌크 + 쿨러_15,820|_중고 | _벌크 + 쿨러_15,830|_중고 | _벌크 + 쿨러_15,860|_중고 | _벌크 + 쿨러_15,890|_중고 | _벌크 + 쿨러_15,920|_중고",1520,1510,1480,1530,1500,1530,1500,1430,1530,1520,1510,1500,1490,1460,1500,1480,1430,1530,1530,1510,1480,1470,1440,1430,1430,1530,1500,1490,1460,1450,1430
1779781,인텔 셀러론 G550 (샌디브릿지),인텔 셀러론 G550,샌디브릿지,중고,0,1610,1580,1510,1510,1570,1540,1630,1600,1510,1630,1620,1610,1600,1590,1580,1510,1630,1630,1610,1580,1570,1540,1530,1510,1630,1600,0,1560,1550,1520
11480208,인텔 셀러론 G5900 (코멧레이크S),인텔 셀러론 G5900,코멧레이크S,"_벌크 + 쿨러_42,290|_벌크_37,490|중고 | _벌크 + 쿨러_42,410|_벌크_36,420|중고 | _벌크 + 쿨러_42,530|_벌크_36,510|중고 | _벌크 + 쿨러_42,560|_벌크_36,540|중고 | _벌크 + 쿨러_42,570|_벌크_36,550|중고 | _벌크 + 쿨러_42,600|_벌크_36,580|중고 | _벌크 + 쿨러_42,610|_벌크_36,590|중고 | _벌크 + 쿨러_42,730|_벌크_36,620|중고 | _벌크 + 쿨러_42,800|_벌크_36,730|중고 | _벌크 + 쿨러_42,820|_벌크_36,640|중고 | 벌크 + 쿨러_42,010|_벌크_36,820|_중고 | 벌크 + 쿨러_42,130|_벌크_36,940|_중고 | 벌크 + 쿨러_42,250|_벌크_37,340|_중고 | 벌크 + 쿨러_42,280|_벌크_37,460|_중고 | 벌크 + 쿨러_42,810|_벌크_36,810|_중고 | 벌크 + 쿨러_42,890|_벌크_36,890|_중고 | 벌크 + 쿨러_42,910|_벌크_36,890|_중고 | 벌크 + 쿨러_43,010|_벌크_36,670|_중고 | 벌크 + 쿨러_43,040|_벌크_36,700|_중고 | 벌크 + 쿨러_43,050|_벌크_36,710|_중고 | 벌크 + 쿨러_43,150|_벌크_36,810|_중고 | 벌크 + 쿨러_44,210|_벌크_37,870|_중고 | 벌크 + 쿨러_44,220|_벌크_37,880|_중고 | 벌크 + 쿨러_44,230|_벌크_37,890|_중고 | 벌크 + 쿨러_44,240|_벌크_37,900|_중고 | 벌크 + 쿨러_44,250|_벌크_37,910|_중고 | 벌크 + 쿨러_44,280|_벌크_37,940|_중고 | 벌크 + 쿨러_44,290|_벌크_37,950|_중고 | 벌크 + 쿨러_44,320|_벌크_37,980|_중고 | 벌크 + 쿨러_44,350|_벌크_38,010|_중고 | 벌크 + 쿨러_44,380|_벌크_38,130|_중고",38690,38690,38690,38690,38690,38690,38690,38690,37490,37490,37490,37490,37490,37490,37490,37490,37490,37490,37490,37490,37490,37490,37490,37490,37490,37490,37490,37490,37490,36990,36990
12122969,인텔 셀러론 G5905 (코멧레이크S),인텔 셀러론 G5905,코멧레이크S,"_정품_62,480|벌크 + 쿨러_47,960|_벌크_44,040|해외구매_80,000|중고 | _정품_63,710|벌크 + 쿨러_49,050|_벌크_44,770|해외구매_80,000|중고 | _정품_63,740|_벌크 + 쿨러_49,050|벌크_44,800|해외구매_80,000|중고 | _정품_63,750|_벌크 + 쿨러_49,050|벌크_44,810|해외구매_80,000|중고 | _정품_63,780|_벌크 + 쿨러_49,050|벌크_44,840|해외구매_80,000|중고 | _정품_63,790|_벌크 + 쿨러_49,050|벌크_44,850|해외구매_80,000|중고 | _정품_63,900|_벌크 + 쿨러_49,050|벌크_44,610|해외구매_80,000|중고 | _정품_63,910|_벌크 + 쿨러_49,050|벌크_44,970|해외구매_80,000|중고 | _정품_64,300|벌크 + 쿨러_49,800|_벌크_44,610|해외구매_80,000|중고 | _정품_64,310|_벌크 + 쿨러_49,800|벌크_44,570|해외구매_80,000|중고 | _정품_64,310|_벌크 + 쿨러_49,800|벌크_44,620|해외구매_80,000|중고 | _정품_64,310|_벌크 + 쿨러_50,290|벌크_44,450|해외구매_80,000|중고 | _정품_64,310|_벌크 + 쿨러_50,290|벌크_44,540|해외구매_80,000|중고 | _정품_64,310|_벌크 + 쿨러_50,290|벌크_44,570|해외구매_80,000|중고 | _정품_64,310|_벌크 + 쿨러_50,290|벌크_44,580|해외구매_80,000|중고 | _정품_64,310|_벌크 + 쿨러_50,290|벌크_44,590|해외구매_80,000|중고 | _정품_64,310|_벌크 + 쿨러_50,290|벌크_44,600|해외구매_80,000|중고 | _정품_64,310|_벌크 + 쿨러_50,290|벌크_44,720|해외구매_80,000|중고 | _정품_64,310|_벌크 + 쿨러_50,290|벌크_44,970|해외구매_80,000|중고 | _정품_64,310|_벌크 + 쿨러_50,290|벌크_44,980|해외구매_80,000|중고 | _정품_64,310|_벌크 + 쿨러_50,300|벌크_44,990|해외구매_80,000|중고 | _정품_64,310|_벌크 + 쿨러_50,300|벌크_45,000|해외구매_80,000|중고 | _정품_64,310|벌크 + 쿨러_49,800|_벌크_44,570|해외구매_80,000|중고 | _정품_64,310|벌크 + 쿨러_49,800|_벌크_44,620|해외구매_80,000|중고 | _정품_64,310|벌크 + 쿨러_54,860|_벌크_45,900|해외구매_80,000|중고",35340,35340,35340,35340,34580,34580,34580,34580,34580,34580,34580,34580,34580,34580,34580,34580,34580,34580,34580,42140,42140,42140,42140,42140,42140,36400,36400,36400,36400,36400,36400
12387029,인텔 셀러론 G5925 (코멧레이크S),인텔 셀러론 G5925,코멧레이크S,"_정품_65,080|병행수입 박스_75,070|벌크 + 쿨러_67,900|_벌크 | _정품_66,380|병행수입 박스_76,560|벌크 + 쿨러_67,900|_벌크 | _정품_66,400|병행수입 박스_76,560|벌크 + 쿨러_67,900|_벌크 | _정품_66,410|병행수입 박스_76,560|벌크 + 쿨러_67,900|_벌크 | _정품_66,530|병행수입 박스_76,530|벌크 + 쿨러_67,900|_벌크 | _정품_66,530|병행수입 박스_76,560|벌크 + 쿨러_67,900|_벌크 | _정품_66,560|병행수입 박스_76,560|벌크 + 쿨러_67,900|_벌크 | _정품_67,450|병행수입 박스_79,270|벌크 + 쿨러_67,900|_벌크 | _정품_67,450|병행수입 박스_79,280|_벌크 + 쿨러_67,900|벌크 | _정품_67,450|병행수입 박스_79,300|_벌크 + 쿨러_67,900|벌크 | _정품_72,640|병행수입 박스_79,310|_벌크 + 쿨러_78,500|벌크 | _정품_72,640|병행수입 박스_79,370|_벌크 + 쿨러_78,500|벌크 | _정품_72,640|병행수입 박스_79,390|_벌크 + 쿨러_78,500|벌크 | _정품_72,640|병행수입 박스_79,490|벌크 + 쿨러_78,500|_벌크 | _정품_72,640|병행수입 박스_79,520|벌크 + 쿨러_78,500|_벌크 | _정품_72,640|병행수입 박스_79,530|벌크 + 쿨러_78,500|_벌크 | _정품_72,640|병행수입 박스_79,540|벌크 + 쿨러_78,500|_벌크 | _정품_72,640|병행수입 박스_79,550|벌크 + 쿨러_78,500|_벌크 | _정품_72,640|병행수입 박스_79,560|벌크 + 쿨러_78,500|_벌크 | _정품_72,640|병행수입 박스_79,570|벌크 + 쿨러_78,500|_벌크 | _정품_72,640|병행수입 박스_79,580|벌크 + 쿨러_78,500|_벌크 | _정품_72,640|병행수입 박스_79,590|벌크 + 쿨러_78,500|_벌크 | _정품_72,640|병행수입 박스_79,620|벌크 + 쿨러_78,500|_벌크 | _정품_72,640|병행수입 박스_79,630|벌크 + 쿨러_78,500|_벌크 | _정품_72,640|병행수입 박스_79,750|벌크 + 쿨러_78,500|_벌크 | _정품_72,640|병행수입 박스_79,780|벌크 + 쿨러_78,500|_벌크 | _정품_72,640|병행수입 박스_79,790|벌크 + 쿨러_78,500|_벌크",74200,74200,74200,74200,74200,74200,74200,74200,74200,74200,74200,74200,74200,74200,74200,74200,74200,63600,63600,63600,63600,63600,63600,63600,63600,63600,63600,63600,63600,63600,63600
16100840,인텔 셀러론 G6900 (엘더레이크),인텔 셀러론 G6900,엘더레이크,"_정품_88,960|벌크 + 쿨러_80,720|_벌크_70,770|해외구매 | _정품_88,970|벌크 + 쿨러_80,730|_벌크_70,770|해외구매 | _정품_89,090|벌크 + 쿨러_80,850|_벌크_70,770|해외구매 | _정품_89,210|벌크 + 쿨러_80,880|_벌크_70,770|해외구매 | _정품_89,240|벌크 + 쿨러_79,870|_벌크_69,200|해외구매 | _정품_89,250|벌크 + 쿨러_78,830|_벌크_69,200|해외구매 | _정품_89,280|벌크 + 쿨러_78,830|_벌크_69,200|해외구매 | _정품_89,360|벌크 + 쿨러_80,690|_벌크_70,770|해외구매 | _정품_89,360|벌크 + 쿨러_80,880|_벌크_70,770|해외구매 | _정품_90,080|_벌크 + 쿨러_80,220|벌크_71,780|해외구매 | _정품_90,080|_벌크 + 쿨러_80,220|벌크_71,810|해외구매 | _정품_90,080|_벌크 + 쿨러_80,220|벌크_71,880|해외구매 | _정품_90,080|_벌크 + 쿨러_81,790|벌크_71,980|해외구매 | _정품_90,080|_벌크 + 쿨러_81,790|벌크_72,100|해외구매 | _정품_90,080|벌크 + 쿨러_81,430|_벌크_71,670|해외구매 | _정품_90,080|벌크 + 쿨러_81,450|_벌크_71,690|해외구매 | _정품_90,080|벌크 + 쿨러_81,790|_벌크_72,130|해외구매 | _정품_90,080|벌크 + 쿨러_81,790|벌크_72,230|_해외구매 | _정품_90,090|벌크 + 쿨러_80,650|_벌크_71,130|해외구매 | _정품_90,090|벌크 + 쿨러_80,750|_벌크_71,250|해외구매 | _정품_90,090|벌크 + 쿨러_80,780|_벌크_71,280|해외구매 | _정품_90,090|벌크 + 쿨러_81,010|_벌크_71,300|해외구매 | _정품_90,090|벌크 + 쿨러_81,060|_벌크_71,350|해외구매 | _정품_90,090|벌크 + 쿨러_81,140|_벌크_71,380|해외구매 | _정품_90,090|벌크 + 쿨러_81,150|_벌크_71,390|해외구매 | _정품_90,090|벌크 + 쿨러_81,240|_벌크_71,480|해외구매 | _정품_90,090|벌크 + 쿨러_81,360|_벌크_71,600|해외구매 | _정품_90,090|벌크 + 쿨러_81,390|_벌크_71,630|해외구매 | _정품_90,090|벌크 + 쿨러_81,410|_벌크_71,650|해외구매 | _정품_90,090|벌크 + 쿨러_81,420|_벌크_71,660|해외구매",78520,78520,78520,78520,78520,78520,78520,78520,78520,78520,78520,78520,78520,78520,78520,78520,78520,78520,78520,78520,78520,69100,69100,69100,70670,76460,76460,76460,76460,76460,76460
7271023,인텔 제온 E 2124 (커피레이크),인텔 제온 E 2124,커피레이크,"_정품_338,710|_벌크",339450,339450,339450,339450,339450,339450,339450,339450,339450,339450,339450,339450,339450,339450,339450,339450,339450,339450,339450,339450,339450,339450,339450,339450,339450,339450,339450,339450,339450,339450,339450
7271803,인텔 제온 E 2146G (커피레이크),인텔 제온 E 2146G,커피레이크,정품,0,0,0,0,0,0,0,0,0,0,0,0,0,588920,588920,0,588920,588920,0,0,0,0,0,0,0,0,0,0,588920,588920,0
14186564,인텔 제온 E3-1220 (샌디브릿지),인텔 제온 E3-1220,샌디브릿지,중고,0,0,0,0,0,0,0,0,0,0,0,0,0,10000,10000,10000,10000,10000,10000,10000,0,0,0,0,0,0,0,0,0,0,0
5132410,인텔 제온 E3-1225V6 (카비레이크),인텔 제온 E3-1225V6,카비레이크,정품,404320,404320,404320,404320,404320,404320,404320,404320,404320,404320,404320,404320,404320,404320,404320,404320,404320,404320,404320,404320,404320,404320,404320,404320,404320,404320,404320,404320,404320,404320,404320
13360262,인텔 제온 E3-1230V2 (아이비브릿지),인텔 제온 E3-1230V2,아이비브릿지,중고,32300,32290,32260,32140,32130,32100,32090,32080,32070,32060,32050,32040,32030,32000,31900,31880,31800,31720,31630,31610,31600,31590,31560,31550,31520,31400,31280,31270,31240,31230,31200
5132462,인텔 제온 E3-1230V6 (카비레이크),인텔 제온 E3-1230V6,카비레이크,정품,411380,411380,411380,411380,411380,411380,411380,411380,411380,411380,411380,411380,411380,411380,411380,411380,411380,411380,411380,411380,411380,411380,411380,411380,411380,411380,411380,411380,411380,411380,411380
13059194,인텔 제온 E3-1231V3 (하스웰 리프레시),인텔 제온 E3-1231V3,하스웰 리프레시,중고,29990,29990,29990,29990,29990,29990,29990,29990,29990,33590,33560,33460,33450,33440,33440,33420,33350,33240,33150,33130,33100,31980,31950,31940,31910,31790,31670,31660,31630,31620,28300
5132478,인텔 제온 E3-1240V6 (카비레이크),인텔 제온 E3-1240V6,카비레이크,정품,455000,455000,455000,455000,455000,455000,455000,455000,455000,455000,455000,455000,455000,455000,455000,455000,455000,455000,455000,455000,455000,455000,455000,455000,455000,455000,455000,455000,455000,455000,455000
5132511,인텔 제온 E3-1275V6 (카비레이크),인텔 제온 E3-1275V6,카비레이크,"_정품_736,000|_벌크_583,230|중고 | _정품_736,000|_벌크_583,260|중고 | _정품_736,000|_벌크_583,270|중고 | _정품_736,000|_벌크_583,300|중고 | _정품_736,000|_벌크_583,310|중고 | _정품_736,000|_벌크_583,430|중고 | _정품_736,000|_벌크_583,550|중고 | _정품_736,000|_벌크_583,580|중고 | _정품_736,000|_벌크_583,590|중고 | _정품_736,000|_벌크_585,900|중고",770000,770000,770000,770000,770000,770000,770000,770000,770000,770000,770000,770000,770000,770000,770000,770000,770000,770000,770000,770000,770000,770000,770000,770000,770000,770000,770000,770000,770000,770000,770000
13431515,인텔 제온 E5-2603 (샌디브릿지-EP),인텔 제온 E5-2603,샌디브릿지-EP,중고,0,0,0,0,0,0,0,0,74990,74990,0,0,0,0,0,0,0,0,0,0,0,0,0,0,0,0,0,0,0,0,0
4370096,인텔 제온 E5-2630 v4 (브로드웰-EP),인텔 제온 E5-2630 v4,브로드웰-EP,정품,1000000,1000000,1000000,1000000,1000000,1000000,1000000,1000000,1000000,1000000,1000000,1000000,1000000,1000000,1000000,1000000,1000000,1000000,1000000,1000000,1000000,1000000,1000000,1000000,1000000,1000000,1000000,1000000,1000000,1000000,1000000
4797960,인텔 제온 E5-2680 v4 (브로드웰-EP),인텔 제온 E5-2680 v4,브로드웰-EP,"_해외구매_208,000|_중고 | 해외구매",184210,184210,184210,184210,184210,184210,184210,184210,208000,208000,208000,208000,208000,208000,208000,550000,550000,550000,550000,550000,550000,0,0,0,0,0,0,0,0,0,0
16909313,인텔 제온 E5-2696 v3 (하스웰-EP),인텔 제온 E5-2696 v3,하스웰-EP,해외구매,380560,380560,380560,380560,380560,380560,381060,381060,381060,381060,381060,392830,392830,392830,409180,392830,392830,392830,392830,392830,392830,388730,409180,384640,384640,384640,384640,384640,384640,384640,388730
13487003,인텔 제온 X5650 (웨스터미어),인텔 제온 X5650,웨스터미어,중고,13950,0,13950,13950,13650,0,13650,0,0,0,0,13650,13650,0,0,0,0,0,0,0,0,0,0,0,0,0,0,0,13500,13500,13500
13501556,인텔 제온 X5680 (웨스터미어),인텔 제온 X5680,웨스터미어,"_해외구매_49,760|_중고",57680,57680,57680,57680,57680,57680,57680,57680,57680,57680,57680,57680,57680,57680,57680,57680,57680,57680,57680,57680,57680,57680,57680,57680,57680,57680,57680,57680,57680,57680,57680
35224235,인텔 제온 w5-2465X (사파이어 래피드),인텔 제온 w5-2465X,사파이어 래피드,벌크,2622600,2622600,2622600,2622600,2566200,2566200,2566200,2566200,2566200,2566200,2566200,2566200,2566200,2566200,2566200,2566200,2566200,2566200,2566200,2566200,2566200,2566200,2438530,2438530,2438530,2438530,2438530,2438530,2438530,2438530,2438530
35224169,인텔 제온 w5-3435X (사파이어 래피드),인텔 제온 w5-3435X,사파이어 래피드,벌크,3096900,3096900,3096900,3096900,3030300,3030300,3030300,3030300,3030300,3030300,3030300,3030300,3030300,3030300,3030300,3030300,3030300,3030300,3030300,3030300,3030300,3030300,2879540,2879540,2879540,2879540,2879540,2879540,2879540,2879540,2879540
35223638,인텔 제온 w7-3465X (사파이어 래피드),인텔 제온 w7-3465X,사파이어 래피드,벌크,4754910,4754910,4754910,4754910,4652650,4636450,4636450,4636450,4633270,4633270,4633270,4633270,4633270,4633270,4633270,4633270,4633270,4633270,4633270,4633270,4633270,4633270,4633270,4900000,4900000,4900000,4900000,4900000,4900000,4900000,4900000
9308598,인텔 제온 스케일러블 골드 5220 (캐스케이드레이크),인텔 제온 스케일러블 골드 5220,캐스케이드레이크,정품,0,0,0,0,0,0,0,0,0,0,0,0,0,0,0,0,0,0,2692250,2692230,2692220,2692210,2692180,2692170,2692140,2692020,2691900,2691890,2691860,2691850,0
5449025,인텔 제온 스케일러블 골드 6140 (스카이레이크),인텔 제온 스케일러블 골드 6140,스카이레이크,정품,0,0,0,0,0,0,0,0,0,0,0,0,0,0,0,0,0,0,0,0,0,0,0,3462300,3462300,3462300,3462300,3462300,3462300,3462300,0
5448999,인텔 제온 스케일러블 골드 6152 (스카이레이크),인텔 제온 스케일러블 골드 6152,스카이레이크,"_정품_5,317,000|_벌크",4700000,4700000,4700000,4700000,4700000,4700000,4700000,4700000,4700000,4700000,4700000,4700000,4700000,4700000,4700000,4700000,4700000,4700000,4700000,4700000,4700000,4700000,4700000,4700000,4700000,4700000,4700000,4700000,4700000,4700000,4700000
9308469,인텔 제온 스케일러블 골드 6230 (캐스케이드레이크),인텔 제온 스케일러블 골드 6230,캐스케이드레이크,정품,0,0,0,0,0,0,0,0,0,0,0,0,0,0,0,0,0,0,0,0,0,0,0,0,0,0,0,3320960,3320960,3320960,3320960
9307737,인텔 제온 스케일러블 골드 6234 (캐스케이드레이크),인텔 제온 스케일러블 골드 6234,캐스케이드레이크,정품,0,0,0,0,0,0,0,3983060,3983060,3983060,0,0,0,0,0,3983060,0,0,0,0,3983060,0,0,0,0,0,0,0,0,0,0
9307653,인텔 제온 스케일러블 골드 6240 (캐스케이드레이크),인텔 제온 스케일러블 골드 6240,캐스케이드레이크,정품,0,0,0,0,0,0,0,0,0,0,0,0,0,0,0,0,0,0,0,0,4406410,4406400,4406370,4406360,4406330,4406210,4406090,4406080,4406050,4406040,4406010
9307587,인텔 제온 스케일러블 골드 6242 (캐스케이드레이크),인텔 제온 스케일러블 골드 6242,캐스케이드레이크,"_정품_4,557,180|_벌크_4,930,000|해외구매 | _정품_4,557,180|벌크_4,930,000|_해외구매 | _정품_4,557,190|_벌크_4,930,000|해외구매",4950000,4950000,4950000,4950000,4950000,4950000,4950000,4950000,4950000,4950000,4950000,4950000,4950000,4950000,4950000,4950000,4950000,4950000,4950000,4950000,4950000,4950000,4950000,4950000,4950000,4950000,4950000,4950000,4950000,4950000,4950000
18599837,인텔 제온 스케일러블 골드 6242R (캐스케이드레이크),인텔 제온 스케일러블 골드 6242R,캐스케이드레이크,"_벌크_3,648,170|_해외구매 | _벌크_3,648,200|_해외구매 | _벌크_3,648,210|_해외구매 | _벌크_3,648,240|_해외구매 | _벌크_3,648,250|_해외구매 | _벌크_3,648,370|_해외구매 | _벌크_3,648,490|_해외구매 | _벌크_3,648,520|_해외구매 | _벌크_3,648,530|_해외구매 | _벌크_3,648,560|_해외구매 | _벌크_3,648,570|_해외구매 | _벌크_3,648,600|_해외구매 | _벌크_3,648,620|_해외구매 | _벌크_3,648,710|_해외구매 | _벌크_3,648,800|_해외구매 | _벌크_3,648,870|_해외구매 | _벌크_3,648,880|_해외구매 | _벌크_3,648,970|_해외구매 | _벌크_3,649,000|_해외구매 | _벌크_3,649,010|_해외구매 | _벌크_3,649,020|_해외구매 | _벌크_3,649,030|_해외구매 | _벌크_3,649,040|_해외구매 | _벌크_3,649,050|_해외구매 | _벌크_3,649,150|_해외구매 | _벌크_3,649,180|_해외구매 | _벌크_3,649,250|_해외구매 | _벌크_3,649,370|_해외구매 | _벌크_3,649,400|_해외구매 | _벌크_3,649,410|_해외구매",3876000,3876000,3876000,3876000,3876000,3876000,3876000,3876000,3876000,3876000,3876000,3876000,3876000,3876000,3876000,3876000,3876000,3876000,3876000,3876000,3876000,3876000,3876000,3876000,3876000,3876000,3876000,3876000,3876000,3876000,3876000
9306747,인텔 제온 스케일러블 골드 6252 (캐스케이드레이크),인텔 제온 스케일러블 골드 6252,캐스케이드레이크,정품,0,0,0,0,0,0,0,0,0,0,0,0,0,0,6592000,6592000,6592000,6592000,0,6592000,6592000,0,0,0,0,0,0,0,0,0,0
19830578,인텔 제온 스케일러블 골드 6326 (아이스레이크),인텔 제온 스케일러블 골드 6326,아이스레이크,벌크,2310000,2310000,2310000,2310000,2310000,2310000,2310000,2310000,2310000,0,2310000,0,0,0,0,0,0,0,0,0,0,0,0,1790000,1790000,1790000,1790000,1790000,1790000,0,0
15066656,인텔 제온 스케일러블 골드 6330 (아이스레이크),인텔 제온 스케일러블 골드 6330,아이스레이크,정품,0,0,0,0,3290000,0,0,0,0,0,0,0,0,0,0,0,0,0,0,0,0,0,0,0,0,3290000,0,3290000,3290000,3290000,3290000
15322631,인텔 제온 스케일러블 골드 6338 (아이스레이크),인텔 제온 스케일러블 골드 6338,아이스레이크,벌크,0,0,0,0,0,0,0,4821220,4821220,4821220,4821220,4821220,4821220,4821220,0,0,0,0,0,0,0,0,0,0,0,0,0,0,0,0,0
15066179,인텔 제온 스케일러블 골드 6342 (아이스레이크),인텔 제온 스케일러블 골드 6342,아이스레이크,정품,0,0,0,0,5024150,5024150,5024150,5024150,0,0,0,0,0,0,0,0,0,0,0,0,0,5024150,5024150,5024150,5024150,5024150,5024150,5024150,0,0,0
19830395,인텔 제온 스케일러블 골드 6346 (아이스레이크),인텔 제온 스케일러블 골드 6346,아이스레이크,벌크,0,0,0,0,0,0,0,0,0,0,0,0,0,0,0,0,0,2560000,0,0,0,0,0,0,0,0,0,0,0,0,0
70153370,인텔 제온 스케일러블 골드 6526Y (에메랄드 래피드),인텔 제온 스케일러블 골드 6526Y,에메랄드 래피드,벌크,0,0,0,0,0,0,0,0,0,0,0,0,0,0,0,0,0,0,0,0,0,0,0,0,0,0,0,0,0,0,2593500
5449308,인텔 제온 스케일러블 브론즈 3104 (스카이레이크),인텔 제온 스케일러블 브론즈 3104,스카이레이크,"_정품_400,000|_벌크",371990,371990,371990,371990,371990,371990,371990,371990,371990,371990,371990,371990,371990,371990,371990,371990,371990,371990,371990,371990,371990,371990,371990,371990,371990,371990,371990,371990,371990,371990,371990
14748134,인텔 제온 스케일러블 실버 4110 (스카이레이크),인텔 제온 스케일러블 실버 4110,스카이레이크,"_벌크_875,000|_중고",23490,23490,23490,23490,23490,23490,23490,23490,23490,23490,23490,23490,23490,23490,23490,23490,23490,23490,23490,23490,23490,21150,21150,21150,21150,21150,21150,21150,21150,21150,21150
5449256,인텔 제온 스케일러블 실버 4114 (스카이레이크),인텔 제온 스케일러블 실버 4114,스카이레이크,"_정품_2,011,000|_벌크",995000,995000,995000,995000,995000,995000,995000,995000,995000,995000,995000,995000,995000,995000,995000,995000,995000,995000,995000,995000,995000,995000,995000,995000,995000,995000,995000,995000,995000,995000,995000
9309363,인텔 제온 스케일러블 실버 4208 (캐스케이드레이크),인텔 제온 스케일러블 실버 4208,캐스케이드레이크,정품,0,0,0,0,500000,500000,500000,0,500000,500000,500000,500000,500000,500000,500000,500000,500000,0,0,0,0,500000,500000,500000,500000,500000,500000,500000,0,500000,500000
9309339,인텔 제온 스케일러블 실버 4210 (캐스케이드레이크),인텔 제온 스케일러블 실버 4210,캐스케이드레이크,정품,873670,873660,873630,873510,873500,873470,0,0,0,0,873420,873410,873400,0,873380,873370,873300,873190,873100,873080,873070,873060,873030,873020,872990,872870,872750,872740,872710,872700,872670
17241737,인텔 제온 스케일러블 실버 4210R (캐스케이드레이크),인텔 제온 스케일러블 실버 4210R,캐스케이드레이크,벌크,608820,608790,608760,608730,608720,608690,608680,608670,608660,608650,608640,608630,608620,608590,608990,608990,608910,608870,608780,608760,608750,608740,608710,608700,608670,608550,608430,608420,608390,608380,608350
9308790,인텔 제온 스케일러블 실버 4216 (캐스케이드레이크),인텔 제온 스케일러블 실버 4216,캐스케이드레이크,정품,1185600,1185600,1185600,1185600,1185600,1185600,1185600,1185600,1185600,1185600,1185600,1185600,1185600,1185600,1185600,1185600,1185600,1185600,1185600,1185600,1185600,1185600,1185600,1185600,1206400,1206400,1206400,1206400,1206400,1206400,1206400
15061958,인텔 제온 스케일러블 실버 4309Y (아이스레이크),인텔 제온 스케일러블 실버 4309Y,아이스레이크,정품,0,0,0,0,0,0,0,0,960820,960820,960820,960820,960820,960820,960820,960820,960820,960820,960820,960820,960820,960820,960820,0,0,0,0,0,0,0,0
15062594,인텔 제온 스케일러블 실버 4310 (아이스레이크),인텔 제온 스케일러블 실버 4310,아이스레이크,정품,841700,841700,841700,841700,841700,841700,841700,841700,841700,841700,841700,841700,841700,841700,841700,841700,841700,841700,841700,841700,841700,841700,841700,841700,841700,841700,841700,841700,841700,841700,841700
15062720,인텔 제온 스케일러블 실버 4314 (아이스레이크),인텔 제온 스케일러블 실버 4314,아이스레이크,정품,1340720,1340690,1340660,1340630,1340620,0,0,0,0,0,0,0,0,0,0,0,0,0,0,0,0,0,0,0,0,0,0,0,0,0,0
15062825,인텔 제온 스케일러블 실버 4316 (아이스레이크),인텔 제온 스케일러블 실버 4316,아이스레이크,정품,0,0,0,0,0,0,0,0,0,0,0,0,0,0,0,0,0,0,0,0,0,0,0,0,0,0,0,0,0,1735300,1735300
16276169,인텔 제온 스케일러블 플래티넘 8280L (캐스케이드레이크),인텔 제온 스케일러블 플래티넘 8280L,캐스케이드레이크,정품,0,0,0,0,17500000,17500000,17500000,17500000,17500000,17500000,17500000,0,0,0,17500000,17500000,17500000,17500000,17500000,17500000,17500000,17500000,17500000,0,0,0,0,0,0,0,0
15069152,인텔 제온 스케일러블 플래티넘 8368Q (아이스레이크),인텔 제온 스케일러블 플래티넘 8368Q,아이스레이크,정품,0,0,0,0,0,0,0,0,0,14278050,14278050,14278050,14278050,14278050,14278050,14278050,0,0,0,0,0,0,0,0,0,0,0,0,0,0,0
15070688,인텔 제온 스케일러블 플래티넘 8376HL (쿠퍼레이크),인텔 제온 스케일러블 플래티넘 8376HL,쿠퍼레이크,정품,0,0,0,0,0,0,0,0,0,0,19860440,19860440,19860440,19860440,19860440,19860440,19860440,0,0,0,0,0,0,0,0,0,0,0,0,0,0
15069791,인텔 제온 스케일러블 플래티넘 8380 (아이스레이크),인텔 제온 스케일러블 플래티넘 8380,아이스레이크,정품,0,0,18786900,18786900,18786900,18786900,18786900,18786900,18786900,18786900,18786900,18786900,18786900,18786900,18786900,18786900,18786900,18786900,18786900,18786900,18786900,18786900,18786900,18786900,18786900,18786900,18786900,18786900,0,18786900,18786900
15070739,인텔 제온 스케일러블 플래티넘 8380HL (쿠퍼레이크),인텔 제온 스케일러블 플래티넘 8380HL,쿠퍼레이크,정품,21363390,21363390,21363390,21363390,21363390,21363390,21363390,21363390,21363390,21363390,21363390,21363390,21363390,21363390,21363390,21363390,21363390,21363390,21363390,21363390,21363390,21363390,21363390,21363390,21363390,21363390,21363390,21363390,21363390,21363390,21363390
70153127,인텔 제온 스케일러블 플래티넘 8568Y+ (에메랄드 래피드),인텔 제온 스케일러블 플래티넘 8568Y+,에메랄드 래피드,벌크,0,0,0,0,0,0,0,0,0,0,0,0,0,0,0,0,0,0,0,0,0,0,0,0,0,0,0,0,0,0,10363500
69059753,인텔 코어 울트라5 시리즈2 245K (애로우레이크),인텔 코어 울트라5 시리즈2 245K,애로우레이크,정품,0,0,0,0,0,0,0,0,0,0,0,0,0,0,0,0,0,0,0,0,0,0,0,0,472500,468190,468180,468180,468180,468180,464970
69059771,인텔 코어 울트라5 시리즈2 245KF (애로우레이크),인텔 코어 울트라5 시리즈2 245KF,애로우레이크,정품,0,0,0,0,0,0,0,0,0,0,0,0,0,0,0,0,0,0,0,0,0,0,0,0,448350,444190,444180,444180,444180,444180,439970
69059687,인텔 코어 울트라7 시리즈2 265K (애로우레이크),인텔 코어 울트라7 시리즈2 265K,애로우레이크,정품,0,0,0,0,0,0,0,0,0,0,0,0,0,0,0,0,0,0,0,0,0,0,0,0,619500,614490,614480,614480,614480,614480,614480
69059723,인텔 코어 울트라7 시리즈2 265KF (애로우레이크),인텔 코어 울트라7 시리즈2 265KF,애로우레이크,정품,0,0,0,0,0,0,0,0,0,0,0,0,0,0,0,0,0,0,0,0,0,0,0,0,595350,590490,590480,590480,590480,590480,579150
69059459,인텔 코어 울트라9 시리즈2 285K (애로우레이크),인텔 코어 울트라9 시리즈2 285K,애로우레이크,정품,0,0,0,0,0,0,0,0,0,0,0,0,0,0,0,0,0,0,0,0,0,0,0,0,913500,909200,909200,898610,901300,901300,901300
472410,인텔 코어2듀오 E6600 (콘로),인텔 코어2듀오 E6600,콘로,중고,0,0,0,0,0,0,0,0,0,0,0,0,0,0,0,0,0,9800,9800,9800,9800,0,0,0,0,0,0,0,0,0,0
4147168,인텔 코어2듀오 E7500 (울프데일),인텔 코어2듀오 E7500,울프데일,중고,1530,1500,1470,1440,1430,1430,1530,1520,1510,1500,1490,1590,1590,1590,1590,1590,1590,1590,1590,1590,1590,1590,1600,1600,1600,1600,1600,1600,1600,1600,1590
4144290,인텔 코어2듀오 E8400 (울프데일),인텔 코어2듀오 E8400,울프데일,중고,2390,2360,2330,2310,2370,2390,2360,2390,2360,2390,2360,2390,2360,2390,2380,2360,2310,2390,2390,2370,2340,2330,2310,2390,2360,2390,2360,2350,2320,2310,2310
4143989,인텔 코어2듀오 E8500 (울프데일),인텔 코어2듀오 E8500,울프데일,중고,4650,4650,4650,4650,4550,0,0,4550,4550,4550,4550,4550,4550,4550,0,0,0,0,0,0,0,0,0,0,0,0,0,0,0,0,0
686511,인텔 코어2쿼드 Q6600 (켄츠필드),인텔 코어2쿼드 Q6600,켄츠필드,"_벌크_3,500|_중고",3700,3700,3700,3700,3700,3700,3700,3700,3700,3700,3700,3700,3700,3700,3700,3700,3700,3700,3700,3700,3700,3700,3700,3700,3700,3700,3700,3700,3700,3700,3700
4148340,인텔 코어2쿼드 Q8200 (요크필드),인텔 코어2쿼드 Q8200,요크필드,중고,0,2440,2440,2440,2440,2440,2440,2440,2440,2440,2440,2440,2440,0,0,0,0,0,0,0,0,0,0,0,0,51300,51300,0,0,0,0
913727,인텔 코어2쿼드 Q8300 (요크필드),인텔 코어2쿼드 Q8300,요크필드,"_벌크_2,800|_중고 | _벌크_2,810|_중고 | _벌크_2,820|_중고 | _벌크_2,840|_중고 | _벌크_2,850|_중고 | _벌크_2,870|_중고 | _벌크_2,880|_중고 | _벌크_2,890|_중고 | _벌크_2,900|_중고 | _벌크_2,910|_중고 | _벌크_2,920|_중고 | _벌크_2,930|_중고 | _벌크_2,940|_중고 | _벌크_2,950|_중고 | _벌크_2,980|_중고 | _벌크_2,990|_중고 | _벌크_3,010|_중고 | _벌크_3,020|_중고 | _벌크_3,490|_중고 | _벌크_3,500|_중고",3140,3140,3140,3140,3140,3140,3140,3140,3140,3140,3140,3140,3140,3140,3140,3140,3140,3140,3140,3140,3140,3140,3140,3140,4330,4330,4330,4330,4330,4330,4330
4144483,인텔 코어2쿼드 Q8400 (요크필드),인텔 코어2쿼드 Q8400,요크필드,중고,3190,3190,3190,3190,3190,0,0,3190,3190,3190,3190,3190,3190,3190,0,0,0,0,3190,3190,3190,3190,3190,3190,3190,3190,3190,3190,3190,3190,3190
4148284,인텔 코어2쿼드 Q9300 (요크필드),인텔 코어2쿼드 Q9300,요크필드,중고,0,0,0,0,0,0,0,0,0,0,0,0,0,0,0,0,0,0,0,0,0,0,0,0,0,0,5290,0,5290,5290,5290
906919,인텔 코어2쿼드 Q9400 (요크필드),인텔 코어2쿼드 Q9400,요크필드,"_벌크_6,830|_중고 | _벌크_6,980|_중고",5990,5990,5990,5990,5990,5990,5990,5990,5990,5990,5990,5990,5990,5990,5990,5990,5990,5990,5990,5990,5990,5990,5990,5990,5990,5990,5990,5990,5990,5990,5990
4485420,인텔 코어2쿼드 Q9500 (요크필드),인텔 코어2쿼드 Q9500,요크필드,중고,7490,6790,6790,6790,6790,6790,6790,6790,6790,6790,6790,6790,6790,6790,6790,6790,6790,6790,6790,6790,6790,6790,6790,6790,6790,6790,6790,6790,6790,6790,6790
4144494,인텔 코어2쿼드 Q9550 (요크필드),인텔 코어2쿼드 Q9550,요크필드,중고,14030,14000,13970,13940,13930,13900,13890,15930,15930,15930,15930,15930,15930,15930,15930,15930,15930,15930,15930,15930,15930,15750,15750,15750,15750,15750,15750,15750,15750,15750,15750
10072065,인텔 코어X-시리즈 i9-10900X (캐스케이드레이크),인텔 코어X-시리즈 i9-10900X,캐스케이드레이크,"_정품_1,013,990|_벌크_804,430|해외구매 | _정품_1,013,990|_병행수입 박스_830,000|해외구매 | _정품_1,013,990|병행수입 박스_830,000|_벌크_804,430|해외구매",1002800,1002800,1002800,1002800,1002800,1002800,1002800,1002800,1002800,1002800,1002800,1002800,1002800,1002800,1002800,1002800,1002800,1002800,1002800,1002800,1002800,1002800,1002800,1002800,1002800,1002800,1002800,1002800,1002800,1002800,1002800
10032045,인텔 코어X-시리즈 i9-10920X (캐스케이드레이크),인텔 코어X-시리즈 i9-10920X,캐스케이드레이크,"_정품_1,188,740|_벌크 | _정품_1,188,740|_병행수입 박스_1,053,610|벌크 | _정품_1,188,740|_병행수입 박스_1,053,640|벌크 | _정품_1,188,740|_병행수입 박스_1,053,670|벌크 | _정품_1,214,150|_병행수입 박스_1,053,580|벌크 | _정품_1,258,800|_병행수입 박스_1,053,570|벌크 | _정품_1,506,580|_벌크 | _정품_1,506,580|_병행수입 박스_1,053,140|벌크 | _정품_1,506,580|_병행수입 박스_1,053,220|벌크 | _정품_1,506,580|_병행수입 박스_1,053,240|벌크 | _정품_1,506,580|_병행수입 박스_1,053,340|벌크 | _정품_1,506,580|_병행수입 박스_1,053,370|벌크 | _정품_1,506,580|_병행수입 박스_1,053,380|벌크 | _정품_1,506,580|_병행수입 박스_1,053,390|벌크 | _정품_1,506,580|_병행수입 박스_1,053,400|벌크 | _정품_1,506,580|_병행수입 박스_1,053,410|벌크 | _정품_1,506,580|_병행수입 박스_1,053,510|벌크 | _정품_1,506,580|_병행수입 박스_1,053,530|벌크 | _정품_1,506,580|_병행수입 박스_1,053,540|벌크",1063500,1063500,1063500,1063500,1063500,1063500,1063500,1063500,1063500,1063500,1063500,1063500,1063500,1063500,1063500,1063500,1063500,1031870,1031870,1031870,1017260,1031870,1031870,1031870,1031870,1031870,1031870,1031870,1031870,1031870,1031870
10187988,인텔 코어X-시리즈 i9-10940X (캐스케이드레이크),인텔 코어X-시리즈 i9-10940X,캐스케이드레이크,"_정품_1,328,890|_벌크 | _정품_1,328,920|_벌크 | _정품_1,328,930|_벌크 | _정품_1,328,960|_벌크 | _정품_1,328,970|_벌크 | _정품_1,329,090|_벌크 | _정품_1,329,210|_벌크 | _정품_1,329,240|_벌크 | _정품_1,329,250|_벌크 | _정품_1,329,280|_벌크 | _정품_1,329,290|_벌크 | _정품_1,329,410|_벌크 | _정품_1,329,480|_벌크 | _정품_1,329,490|_벌크 | _정품_1,329,500|_벌크 | _정품_1,329,570|_벌크 | _정품_1,329,600|_벌크 | _정품_1,329,670|_벌크 | _정품_1,329,700|_벌크 | _정품_1,329,710|_벌크 | _정품_1,329,720|_벌크 | _정품_1,329,730|_벌크 | _정품_1,329,740|_벌크 | _정품_1,329,750|_벌크 | _정품_1,329,760|_벌크 | _정품_1,329,770|_벌크 | _정품_1,329,800|_벌크 | _정품_1,329,810|_벌크 | _정품_1,329,840|_벌크 | _정품_1,329,870|_벌크 | _정품_1,329,990|_벌크",1011530,1011500,1011470,1011440,1011430,1011400,1011390,1011380,1011370,1011360,1011740,1011740,1011740,1011740,1011740,1011740,1011740,1011740,1011740,1011740,1011740,1011740,1011740,1011740,1011740,1011740,1011740,1011740,1011740,1011740,1011740
10142334,인텔 코어X-시리즈 i9-10980XE Extreme Edition (캐스케이드레이크),인텔 코어X-시리즈 i9-10980XE Extreme Edition,캐스케이드레이크,"_정품_1,648,660|_벌크",1508700,1508700,1508700,1508700,1508700,1508700,1508700,1508700,1508700,1508700,1553700,1553600,1553590,1553590,1617590,1617590,1688990,1463260,1463260,1463260,1463260,1463260,1463260,1463260,1463260,1463260,1463260,1463260,1463260,1463260,1463260
6929425,인텔 코어X-시리즈 i9-9940X (스카이레이크),인텔 코어X-시리즈 i9-9940X,스카이레이크,"_정품_970,000|_해외구매",1190000,1190000,1190000,1190000,1190000,1190000,1190000,1190000,1190000,1190000,1190000,1190000,1190000,1190000,1190000,1190000,1190000,1190000,1190000,1190000,1190000,1190000,1190000,1190000,1190000,1190000,1190000,1190000,1190000,1190000,1190000
13174118,인텔 코어X-시리즈 i9-9980XE (스카이레이크),인텔 코어X-시리즈 i9-9980XE,스카이레이크,해외구매,0,0,0,0,0,0,0,0,0,0,0,0,0,0,0,0,0,0,0,0,0,0,0,3360900,0,0,0,0,0,0,0
12336038,인텔 코어i3-10세대 10100 (코멧레이크S),인텔 코어i3-10세대 10100,코멧레이크S,"병행수입 박스_130,480|_벌크 + 쿨러_109,570|_벌크 | 병행수입 박스_130,480|_벌크 + 쿨러_109,600|_벌크 | 병행수입 박스_130,480|_벌크 + 쿨러_109,610|_벌크 | 병행수입 박스_130,480|_벌크 + 쿨러_109,640|_벌크 | 병행수입 박스_130,480|_벌크 + 쿨러_109,650|_벌크 | 병행수입 박스_130,480|_벌크 + 쿨러_109,770|_벌크 | 병행수입 박스_130,480|_벌크 + 쿨러_109,800|_벌크 | 병행수입 박스_131,800|_벌크 + 쿨러_115,580|_벌크 | 병행수입 박스_131,800|_벌크 + 쿨러_115,590|_벌크 | 병행수입 박스_131,930|_벌크 + 쿨러_111,980|_벌크 | 병행수입 박스_134,360|_벌크 + 쿨러_115,280|_벌크 | 병행수입 박스_134,370|_벌크 + 쿨러_115,290|_벌크 | 병행수입 박스_134,400|_벌크 + 쿨러_115,400|_벌크 | 병행수입 박스_134,410|_벌크 + 쿨러_115,430|_벌크 | 병행수입 박스_134,530|_벌크 + 쿨러_115,550|_벌크 | 병행수입 박스_134,840|_벌크 + 쿨러_111,940|_벌크 | 병행수입 박스_134,950|_벌크 + 쿨러_111,950|_벌크 | 병행수입 박스_153,950|_벌크 + 쿨러_114,440|_벌크 | 병행수입 박스_153,950|_벌크 + 쿨러_114,560|_벌크 | 병행수입 박스_153,950|_벌크 + 쿨러_114,630|_벌크 | 병행수입 박스_153,950|_벌크 + 쿨러_114,640|_벌크 | 병행수입 박스_153,950|_벌크 + 쿨러_114,650|_벌크 | 병행수입 박스_153,950|_벌크 + 쿨러_114,720|_벌크 | 병행수입 박스_153,950|_벌크 + 쿨러_114,740|_벌크 | 병행수입 박스_153,950|_벌크 + 쿨러_114,840|_벌크 | 병행수입 박스_153,950|_벌크 + 쿨러_114,870|_벌크 | 병행수입 박스_153,950|_벌크 + 쿨러_114,880|_벌크 | 병행수입 박스_153,950|_벌크 + 쿨러_114,970|_벌크 | 병행수입 박스_153,950|_벌크 + 쿨러_115,250|_벌크 | 병행수입 박스_153,950|_벌크 + 쿨러_115,260|_벌크 | 병행수입 박스_153,950|_벌크 + 쿨러_115,270|_벌크",109670,109550,109520,109490,109480,109450,109440,109430,108830,108820,107970,107880,107870,107840,107740,107720,107640,107590,107590,107570,107540,104980,104950,104940,103500,103470,103350,103340,103310,103300,103270
12487424,인텔 코어i3-10세대 10100F (코멧레이크S),인텔 코어i3-10세대 10100F,코멧레이크S,"_정품_90,680|병행수입 박스_85,860|_벌크 + 쿨러_75,510|벌크 | _정품_90,680|병행수입 박스_86,650|_벌크 + 쿨러_75,510|벌크 | _정품_90,760|병행수입 박스_85,400|벌크 + 쿨러_73,900|_벌크 | _정품_91,650|병행수입 박스_86,140|벌크 + 쿨러_78,990|_벌크 | _정품_92,250|병행수입 박스_86,140|_벌크 + 쿨러_78,990|벌크 | _정품_92,250|병행수입 박스_86,140|벌크 + 쿨러_78,990|_벌크 | _정품_92,350|병행수입 박스_86,140|_벌크 + 쿨러_78,460|벌크 | _정품_92,350|병행수입 박스_86,140|_벌크 + 쿨러_78,470|벌크 | _정품_92,350|병행수입 박스_86,140|_벌크 + 쿨러_78,480|벌크 | _정품_92,350|병행수입 박스_86,140|_벌크 + 쿨러_78,490|벌크 | _정품_92,350|병행수입 박스_86,140|_벌크 + 쿨러_78,500|벌크 | _정품_92,350|병행수입 박스_86,140|_벌크 + 쿨러_78,600|벌크 | _정품_92,350|병행수입 박스_86,140|_벌크 + 쿨러_78,620|벌크 | _정품_92,350|병행수입 박스_86,140|_벌크 + 쿨러_78,630|벌크 | _정품_92,350|병행수입 박스_86,140|_벌크 + 쿨러_78,750|벌크 | _정품_92,350|병행수입 박스_86,140|_벌크 + 쿨러_78,860|벌크 | _정품_92,350|병행수입 박스_86,140|_벌크 + 쿨러_78,870|벌크 | _정품_92,350|병행수입 박스_86,140|벌크 + 쿨러_78,350|_벌크 | _정품_92,350|병행수입 박스_86,140|벌크 + 쿨러_78,430|_벌크 | _정품_92,350|병행수입 박스_86,140|벌크 + 쿨러_78,450|_벌크",71990,71990,71990,71990,71990,71990,71990,71990,71990,71990,71990,71990,71990,71990,72000,72000,71990,71990,71990,72990,72990,72990,72990,72990,72990,71990,71990,71990,71990,71990,71990
14409386,인텔 코어i3-10세대 10105 (코멧레이크S 리프레시),인텔 코어i3-10세대 10105,코멧레이크S 리프레시,"_정품_144,850|병행수입 박스_129,730|_벌크 + 쿨러_127,440|벌크 | _정품_144,860|병행수입 박스_129,730|_벌크 + 쿨러_127,440|벌크 | _정품_144,970|병행수입 박스_129,730|_벌크 + 쿨러_127,440|벌크 | 정품_140,490|병행수입 박스_129,730|_벌크 + 쿨러_127,440|_벌크 | 정품_140,490|병행수입 박스_130,200|_벌크 + 쿨러_127,660|_벌크 | 정품_144,100|병행수입 박스_129,730|_벌크 + 쿨러_121,240|_벌크 | 정품_144,130|병행수입 박스_129,730|_벌크 + 쿨러_121,240|_벌크 | 정품_144,140|병행수입 박스_129,730|_벌크 + 쿨러_121,240|_벌크 | 정품_144,170|병행수입 박스_129,730|_벌크 + 쿨러_121,240|_벌크 | 정품_144,180|병행수입 박스_129,730|_벌크 + 쿨러_121,240|_벌크 | 정품_144,300|병행수입 박스_129,730|_벌크 + 쿨러_121,240|_벌크 | 정품_144,420|병행수입 박스_129,730|_벌크 + 쿨러_121,240|_벌크 | 정품_144,450|병행수입 박스_129,730|_벌크 + 쿨러_124,710|_벌크 | 정품_144,460|병행수입 박스_129,730|_벌크 + 쿨러_124,710|_벌크 | 정품_144,490|병행수입 박스_129,730|_벌크 + 쿨러_124,710|_벌크 | 정품_144,500|병행수입 박스_129,730|_벌크 + 쿨러_127,420|_벌크 | 정품_144,600|병행수입 박스_129,730|_벌크 + 쿨러_127,420|_벌크 | 정품_144,670|병행수입 박스_129,730|_벌크 + 쿨러_127,420|_벌크 | 정품_144,680|병행수입 박스_129,730|_벌크 + 쿨러_127,420|_벌크 | 정품_144,690|병행수입 박스_129,730|_벌크 + 쿨러_126,810|_벌크 | 정품_144,760|병행수입 박스_129,730|_벌크 + 쿨러_127,420|_벌크 | 정품_144,770|병행수입 박스_129,730|_벌크 + 쿨러_127,420|_벌크 | 정품_144,780|병행수입 박스_129,730|_벌크 + 쿨러_127,420|_벌크 | 정품_144,790|병행수입 박스_129,730|_벌크 + 쿨러_127,420|_벌크 | 정품_144,800|병행수입 박스_129,730|_벌크 + 쿨러_127,420|_벌크 | 정품_144,810|병행수입 박스_129,730|_벌크 + 쿨러_127,430|_벌크 | 정품_144,820|병행수입 박스_129,730|_벌크 + 쿨러_127,430|_벌크 | 정품_144,830|병행수입 박스_129,730|_벌크 + 쿨러_127,430|_벌크 | 정품_144,840|병행수입 박스_129,730|_벌크 + 쿨러_127,440|_벌크",122460,122460,122240,122240,122240,122240,122240,122240,122240,122240,122240,122240,122240,122240,122240,122240,122240,122240,121650,122240,122240,122240,122240,122240,120350,120350,120350,120350,120350,120350,120350
13753334,인텔 코어i3-10세대 10105F (코멧레이크S 리프레시),인텔 코어i3-10세대 10105F,코멧레이크S 리프레시,"_정품_92,360|병행수입 박스_84,280|벌크 + 쿨러_79,540|_벌크_74,030|해외구매 | _정품_92,360|병행수입 박스_85,100|_벌크 + 쿨러_80,890|벌크_76,750|해외구매 | _정품_92,360|병행수입 박스_85,100|_벌크 + 쿨러_81,020|벌크_75,160|해외구매 | _정품_92,360|병행수입 박스_85,100|_벌크 + 쿨러_81,030|벌크_76,750|해외구매 | _정품_92,360|병행수입 박스_85,100|_벌크 + 쿨러_81,040|벌크_75,160|해외구매 | _정품_92,360|병행수입 박스_85,100|_벌크 + 쿨러_81,150|벌크_75,180|해외구매 | _정품_92,360|병행수입 박스_85,100|벌크 + 쿨러_81,410|_벌크_76,280|해외구매 | _정품_92,360|병행수입 박스_85,100|벌크 + 쿨러_81,420|_벌크_76,380|해외구매 | _정품_92,360|병행수입 박스_85,100|벌크 + 쿨러_81,430|_벌크_76,410|해외구매 | _정품_92,650|병행수입 박스_83,890|_벌크 + 쿨러_80,510|벌크_75,960|해외구매 | _정품_92,680|병행수입 박스_83,920|_벌크 + 쿨러_80,540|벌크_75,960|해외구매 | _정품_93,090|병행수입 박스_84,250|벌크 + 쿨러_79,540|_벌크_74,030|해외구매 | 정품_92,360|병행수입 박스_85,100|_벌크 + 쿨러_79,060|_벌크 | 정품_92,360|병행수입 박스_85,100|_벌크 + 쿨러_79,060|_벌크_74,060|해외구매 | 정품_92,360|병행수입 박스_85,100|_벌크 + 쿨러_80,990|_벌크_76,750|해외구매 | 정품_92,360|병행수입 박스_85,100|_벌크 + 쿨러_81,050|_벌크_75,170|해외구매 | 정품_92,360|병행수입 박스_85,100|_벌크 + 쿨러_81,190|_벌크_75,190|해외구매 | 정품_92,360|병행수입 박스_85,100|_벌크 + 쿨러_81,200|_벌크_75,200|해외구매 | 정품_92,360|병행수입 박스_85,100|_벌크 + 쿨러_81,210|_벌크_75,210|해외구매 | 정품_92,360|병행수입 박스_85,100|_벌크 + 쿨러_81,240|_벌크_75,240|해외구매 | 정품_92,360|병행수입 박스_85,100|_벌크 + 쿨러_81,250|_벌크_75,250|해외구매 | 정품_92,360|병행수입 박스_85,100|_벌크 + 쿨러_81,370|_벌크_75,280|해외구매 | 정품_92,690|병행수입 박스_83,930|_벌크 + 쿨러_80,550|_벌크_75,430|해외구매 | 정품_92,720|병행수입 박스_83,960|_벌크 + 쿨러_80,580|_벌크_75,460|해외구매 | 정품_92,730|병행수입 박스_83,970|_벌크 + 쿨러_80,460|_벌크_75,470|해외구매 | 정품_92,850|병행수입 박스_84,090|_벌크 + 쿨러_80,550|_벌크_75,590|해외구매 | 정품_92,880|병행수입 박스_84,210|_벌크 + 쿨러_80,580|_벌크_75,620|해외구매 | 정품_93,080|병행수입 박스_84,240|_벌크 + 쿨러_79,540|_벌크_74,030|해외구매",74060,188800,188800,188800,188800,188800,188800,208000,208000,208000,208000,208000,208000,208000,208000,208000,208880,208880,208880,208880,208880,208880,208880,208880,208880,208880,208880,208880,208880,208880,208880
16101083,인텔 코어i3-12세대 12100 (엘더레이크),인텔 코어i3-12세대 12100,엘더레이크,"_정품_144,990|벌크 + 쿨러_141,080|_벌크_126,530|해외구매 | _정품_145,430|벌크 + 쿨러_140,800|_벌크_128,240|해외구매 | _정품_145,550|벌크 + 쿨러_140,830|_벌크_125,980|해외구매 | _정품_145,550|벌크 + 쿨러_140,840|_벌크_126,000|해외구매 | _정품_145,560|벌크 + 쿨러_140,960|_벌크_125,980|해외구매 | _정품_145,640|벌크 + 쿨러_141,140|_벌크_126,610|해외구매 | _정품_145,640|벌크 + 쿨러_141,170|_벌크_126,610|해외구매 | _정품_145,650|벌크 + 쿨러_140,390|_벌크_126,620|해외구매 | _정품_145,650|벌크 + 쿨러_140,390|_벌크_126,650|해외구매 | _정품_145,660|벌크 + 쿨러_140,390|_벌크_126,670|해외구매 | _정품_145,660|벌크 + 쿨러_140,390|_벌크_126,780|해외구매 | _정품_145,660|벌크 + 쿨러_140,390|_벌크_126,880|해외구매 | _정품_145,670|벌크 + 쿨러_140,390|_벌크_126,960|해외구매 | _정품_145,670|벌크 + 쿨러_140,400|_벌크_126,980|해외구매 | _정품_145,680|벌크 + 쿨러_138,780|_벌크_127,080|해외구매 | _정품_145,680|벌크 + 쿨러_138,880|_벌크_127,200|해외구매 | _정품_145,680|벌크 + 쿨러_138,910|_벌크_127,320|해외구매 | _정품_145,690|벌크 + 쿨러_137,950|_벌크_126,200|해외구매 | _정품_145,700|_벌크 + 쿨러_134,850|벌크_126,200|해외구매 | _정품_145,710|벌크 + 쿨러_134,850|_벌크_125,780|해외구매 | _정품_145,720|벌크 + 쿨러_131,590|_벌크_121,740|해외구매 | _정품_145,720|벌크 + 쿨러_131,590|_벌크_121,750|해외구매 | _정품_145,720|벌크 + 쿨러_134,950|_벌크_121,730|해외구매 | _정품_145,740|벌크 + 쿨러_131,590|_벌크_121,780|해외구매 | _정품_146,140|벌크 + 쿨러_131,590|_벌크_121,790|해외구매 | _정품_146,140|벌크 + 쿨러_131,700|_벌크_121,910|해외구매 | _정품_146,150|벌크 + 쿨러_131,730|_벌크_121,940|해외구매 | _정품_146,260|벌크 + 쿨러_131,740|_벌크_121,950|해외구매 | _정품_146,810|벌크 + 쿨러_140,150|_벌크_130,910|해외구매 | _정품_147,590|벌크 + 쿨러_140,150|_벌크_130,790|해외구매 | _정품_149,000|벌크 + 쿨러_141,110|_벌크_126,580|해외구매",162810,162810,162810,162810,162810,162810,162810,162810,162810,162810,162810,162810,162810,162810,162810,162810,162810,162810,162810,162810,162810,152810,152810,152810,146530,150360,150360,150360,150360,150360,150360
16101179,인텔 코어i3-12세대 12100F (엘더레이크),인텔 코어i3-12세대 12100F,엘더레이크,"_정품_100,080|벌크 + 쿨러_81,900|_벌크_70,310|해외구매 | _정품_100,080|벌크 + 쿨러_81,930|_벌크_70,320|해외구매 | _정품_100,080|벌크 + 쿨러_82,020|_벌크_70,440|해외구매 | _정품_100,080|벌크 + 쿨러_82,050|_벌크_70,530|해외구매 | _정품_100,080|벌크 + 쿨러_84,990|_벌크_70,280|해외구매 | _정품_100,350|벌크 + 쿨러_81,170|_벌크_68,000|해외구매 | _정품_100,380|벌크 + 쿨러_81,170|_벌크_68,000|해외구매 | _정품_100,380|벌크 + 쿨러_81,170|_벌크_68,550|해외구매 | _정품_100,710|벌크 + 쿨러_82,050|_벌크_70,470|해외구매 | _정품_101,700|벌크 + 쿨러_82,050|_벌크_70,440|해외구매 | _정품_99,045|벌크 + 쿨러_82,020|_벌크_70,840|해외구매 | _정품_99,380|벌크 + 쿨러_82,010|_벌크_71,250|해외구매 | _정품_99,380|벌크 + 쿨러_82,020|_벌크_71,280|해외구매 | _정품_99,380|벌크 + 쿨러_82,040|_벌크_71,300|해외구매 | _정품_99,480|벌크 + 쿨러_82,290|_벌크_71,520|해외구매 | _정품_99,490|벌크 + 쿨러_82,140|_벌크_72,270|해외구매 | _정품_99,490|벌크 + 쿨러_82,170|_벌크_72,270|해외구매 | _정품_99,490|벌크 + 쿨러_82,290|_벌크_71,540|해외구매 | _정품_99,500|벌크 + 쿨러_82,190|_벌크_72,270|해외구매 | _정품_99,510|벌크 + 쿨러_82,290|_벌크_72,270|해외구매 | _정품_99,510|벌크 + 쿨러_82,780|_벌크_72,270|해외구매 | _정품_99,520|벌크 + 쿨러_82,820|_벌크_72,280|해외구매 | _정품_99,520|벌크 + 쿨러_82,830|_벌크_72,280|해외구매 | _정품_99,520|벌크 + 쿨러_82,840|_벌크_72,280|해외구매 | _정품_99,520|벌크 + 쿨러_82,960|_벌크_72,280|해외구매 | _정품_99,530|벌크 + 쿨러_83,010|_벌크_72,290|해외구매 | _정품_99,530|벌크 + 쿨러_83,020|_벌크_72,290|해외구매 | _정품_99,540|벌크 + 쿨러_83,050|_벌크_72,300|해외구매 | _정품_99,550|벌크 + 쿨러_83,080|_벌크_72,310|해외구매 | _정품_99,990|벌크 + 쿨러_82,130|_벌크_71,390|해외구매 | _정품_99,990|벌크 + 쿨러_82,210|_벌크_71,490|해외구매",105240,105140,105110,104990,104980,97990,97890,97880,97870,97810,97700,97600,97590,97560,96700,96700,96630,96520,96430,96410,96380,90230,90230,90230,90200,90200,90200,90200,90200,90200,90200
16393682,인텔 코어i3-12세대 12100T (엘더레이크),인텔 코어i3-12세대 12100T,엘더레이크,벌크,0,0,0,0,0,0,228000,228000,228000,228000,228000,228000,228000,228000,228000,228000,228000,228000,228000,228000,228000,228000,228000,228000,228000,228000,228000,228000,228000,228000,0
18702722,인텔 코어i3-13세대 13100 (랩터레이크),인텔 코어i3-13세대 13100,랩터레이크,"_정품_152,410|벌크 + 쿨러_153,980|_벌크 | _정품_154,080|벌크 + 쿨러_153,820|_벌크 | _정품_154,080|벌크 + 쿨러_153,830|_벌크 | _정품_154,080|벌크 + 쿨러_153,950|_벌크 | _정품_156,650|벌크 + 쿨러_154,550|_벌크 | _정품_156,650|벌크 + 쿨러_154,560|_벌크 | _정품_156,650|벌크 + 쿨러_154,570|_벌크 | _정품_156,670|벌크 + 쿨러_154,570|_벌크 | _정품_156,680|벌크 + 쿨러_154,570|_벌크 | _정품_156,690|벌크 + 쿨러_154,570|_벌크 | _정품_157,090|벌크 + 쿨러_154,570|_벌크 | _정품_157,100|벌크 + 쿨러_154,570|_벌크 | _정품_157,200|벌크 + 쿨러_154,770|_벌크 | _정품_157,210|벌크 + 쿨러_154,770|_벌크 | _정품_157,220|벌크 + 쿨러_154,770|_벌크 | _정품_157,320|벌크 + 쿨러_154,770|_벌크 | _정품_158,040|벌크 + 쿨러_155,280|_벌크 | _정품_158,360|벌크 + 쿨러_155,290|_벌크 | _정품_158,460|벌크 + 쿨러_154,550|_벌크 | _정품_161,960|벌크 + 쿨러_153,980|_벌크 | _정품_162,000|벌크 + 쿨러_153,980|_벌크 | _정품_162,010|벌크 + 쿨러_153,790|_벌크 | _정품_180,270|벌크 + 쿨러_170,350|_벌크",161230,146340,146330,145820,145710,145700,145700,145700,145690,145690,145590,145580,145580,144470,144380,144360,144270,144190,144170,144140,144040,144030,145190,145190,141300,141300,141300,141300,141300,141300,141300
18640205,인텔 코어i3-13세대 13100 (랩터레이크),인텔 코어i3-13세대 13100,랩터레이크,"_정품_152,410|벌크 + 쿨러_153,980|_벌크 | _정품_154,080|벌크 + 쿨러_153,820|_벌크 | _정품_154,080|벌크 + 쿨러_153,830|_벌크 | _정품_154,080|벌크 + 쿨러_153,950|_벌크 | _정품_156,650|벌크 + 쿨러_154,550|_벌크 | _정품_156,650|벌크 + 쿨러_154,560|_벌크 | _정품_156,650|벌크 + 쿨러_154,570|_벌크 | _정품_156,670|벌크 + 쿨러_154,570|_벌크 | _정품_156,680|벌크 + 쿨러_154,570|_벌크 | _정품_156,690|벌크 + 쿨러_154,570|_벌크 | _정품_157,090|벌크 + 쿨러_154,570|_벌크 | _정품_157,100|벌크 + 쿨러_154,570|_벌크 | _정품_157,200|벌크 + 쿨러_154,770|_벌크 | _정품_157,210|벌크 + 쿨러_154,770|_벌크 | _정품_157,220|벌크 + 쿨러_154,770|_벌크 | _정품_157,320|벌크 + 쿨러_154,770|_벌크 | _정품_158,040|벌크 + 쿨러_155,280|_벌크 | _정품_158,360|벌크 + 쿨러_155,290|_벌크 | _정품_158,460|벌크 + 쿨러_154,550|_벌크 | _정품_161,960|벌크 + 쿨러_153,980|_벌크 | _정품_162,000|벌크 + 쿨러_153,980|_벌크 | _정품_162,010|벌크 + 쿨러_153,790|_벌크 | _정품_180,270|벌크 + 쿨러_170,350|_벌크",161230,146340,146330,145820,145710,145700,145700,145700,145690,145690,145590,145580,145580,144470,144380,144360,144270,144190,144170,144140,144040,144030,145190,145190,141300,141300,141300,141300,141300,141300,141300
18702590,인텔 코어i3-13세대 13100F (랩터레이크),인텔 코어i3-13세대 13100F,랩터레이크,"_정품_110,260|_벌크 + 쿨러_107,320|벌크_98,160|해외구매 | _정품_110,260|_벌크 + 쿨러_107,610|벌크_98,460|해외구매 | _정품_110,260|벌크 + 쿨러_107,610|_벌크_98,460|해외구매 | _정품_110,260|벌크 + 쿨러_107,910|_벌크_98,690|해외구매 | _정품_110,260|벌크 + 쿨러_107,920|_벌크_98,700|해외구매 | _정품_110,260|벌크 + 쿨러_108,040|_벌크_98,820|해외구매 | _정품_110,260|벌크 + 쿨러_108,070|_벌크_98,850|해외구매 | _정품_111,440|벌크 + 쿨러_108,310|_벌크_99,020|해외구매 | _정품_111,440|벌크 + 쿨러_109,520|_벌크_100,230|해외구매 | _정품_111,440|벌크 + 쿨러_109,550|_벌크_100,260|해외구매 | _정품_111,450|_벌크 + 쿨러_109,560|벌크_100,270|해외구매 | _정품_111,450|_벌크 + 쿨러_109,680|벌크_100,370|해외구매 | _정품_111,450|_벌크 + 쿨러_109,710|벌크_100,400|해외구매 | _정품_111,460|_벌크 + 쿨러_110,420|벌크_101,040|해외구매 | _정품_111,470|_벌크 + 쿨러_110,420|벌크_101,040|해외구매 | _정품_111,480|_벌크 + 쿨러_110,400|벌크_101,040|해외구매 | _정품_111,490|_벌크 + 쿨러_107,620|벌크_101,040|해외구매 | _정품_111,500|_벌크 + 쿨러_107,620|벌크_101,050|해외구매 | _정품_112,020|벌크 + 쿨러_107,620|_벌크_101,050|해외구매 | _정품_112,220|벌크 + 쿨러_107,620|_벌크_101,050|해외구매 | _정품_112,230|벌크 + 쿨러_107,620|_벌크_101,070|해외구매 | _정품_112,750|벌크 + 쿨러_107,630|_벌크_101,170|해외구매 | _정품_113,470|벌크 + 쿨러_111,550|_벌크_102,100|해외구매 | _정품_113,690|벌크 + 쿨러_111,560|벌크_102,320|_해외구매 | _정품_128,440|벌크 + 쿨러_118,310|_벌크_108,860|해외구매",151390,151290,134190,134090,135000,137300,137300,137170,137060,138290,138180,122730,122700,122580,130940,130940,130840,130830,129810,129790,129780,129770,129740,129730,129700,129580,129490,128930,128900,128890,128860
18640106,인텔 코어i3-13세대 13100F (랩터레이크),인텔 코어i3-13세대 13100F,랩터레이크,"_정품_110,260|_벌크 + 쿨러_107,320|벌크_98,160|해외구매 | _정품_110,260|_벌크 + 쿨러_107,610|벌크_98,460|해외구매 | _정품_110,260|벌크 + 쿨러_107,610|_벌크_98,460|해외구매 | _정품_110,260|벌크 + 쿨러_107,910|_벌크_98,690|해외구매 | _정품_110,260|벌크 + 쿨러_107,920|_벌크_98,700|해외구매 | _정품_110,260|벌크 + 쿨러_108,040|_벌크_98,820|해외구매 | _정품_110,260|벌크 + 쿨러_108,070|_벌크_98,850|해외구매 | _정품_111,440|벌크 + 쿨러_108,310|_벌크_99,020|해외구매 | _정품_111,440|벌크 + 쿨러_109,520|_벌크_100,230|해외구매 | _정품_111,440|벌크 + 쿨러_109,550|_벌크_100,260|해외구매 | _정품_111,450|_벌크 + 쿨러_109,560|벌크_100,270|해외구매 | _정품_111,450|_벌크 + 쿨러_109,680|벌크_100,370|해외구매 | _정품_111,450|_벌크 + 쿨러_109,710|벌크_100,400|해외구매 | _정품_111,460|_벌크 + 쿨러_110,420|벌크_101,040|해외구매 | _정품_111,470|_벌크 + 쿨러_110,420|벌크_101,040|해외구매 | _정품_111,480|_벌크 + 쿨러_110,400|벌크_101,040|해외구매 | _정품_111,490|_벌크 + 쿨러_107,620|벌크_101,040|해외구매 | _정품_111,500|_벌크 + 쿨러_107,620|벌크_101,050|해외구매 | _정품_112,020|벌크 + 쿨러_107,620|_벌크_101,050|해외구매 | _정품_112,220|벌크 + 쿨러_107,620|_벌크_101,050|해외구매 | _정품_112,230|벌크 + 쿨러_107,620|_벌크_101,070|해외구매 | _정품_112,750|벌크 + 쿨러_107,630|_벌크_101,170|해외구매 | _정품_113,470|벌크 + 쿨러_111,550|_벌크_102,100|해외구매 | _정품_113,690|벌크 + 쿨러_111,560|벌크_102,320|_해외구매 | _정품_128,440|벌크 + 쿨러_118,310|_벌크_108,860|해외구매",151390,151290,134190,134090,135000,137300,137300,137170,137060,138290,138180,122730,122700,122580,130940,130940,130840,130830,129810,129790,129780,129770,129740,129730,129700,129580,129490,128930,128900,128890,128860
18665090,인텔 코어i3-13세대 13100T (랩터레이크),인텔 코어i3-13세대 13100T,랩터레이크,벌크,237990,237990,237990,237990,237990,237990,237990,237990,237990,237990,237990,237990,237990,237990,237990,237990,237990,237990,237990,237990,237990,237990,237990,237990,228000,228000,228000,228000,228000,228000,228000
32102738,인텔 코어i3-14세대 14100 (랩터레이크 리프레시),인텔 코어i3-14세대 14100,랩터레이크 리프레시,"_정품_154,350|_벌크 + 쿨러_119,660|벌크 | _정품_154,350|_벌크 + 쿨러_151,990|벌크 | _정품_154,590|_벌크 + 쿨러_125,420|벌크_144,090|해외구매 | _정품_154,600|_벌크 + 쿨러_120,410|벌크_144,090|해외구매 | _정품_154,610|_벌크 + 쿨러_120,410|벌크_144,090|해외구매 | _정품_154,640|_벌크 + 쿨러_133,420|벌크_144,100|해외구매 | _정품_154,650|_벌크 + 쿨러_145,990|벌크_144,100|해외구매 | _정품_154,660|_벌크 + 쿨러_145,990|벌크_144,100|해외구매 | _정품_154,670|_벌크 + 쿨러_145,990|벌크_144,120|해외구매 | _정품_154,680|벌크 + 쿨러_146,990|_벌크_144,120|해외구매 | _정품_154,690|벌크 + 쿨러_146,990|_벌크_144,120|해외구매 | _정품_154,810|벌크 + 쿨러_146,990|_벌크_144,130|해외구매 | _정품_154,910|_벌크 + 쿨러_153,920|벌크_144,240|해외구매 | _정품_154,940|_벌크 + 쿨러_153,950|벌크_144,530|해외구매 | _정품_157,050|_벌크 + 쿨러_119,840|벌크_146,190|해외구매 | _정품_157,050|_벌크 + 쿨러_124,840|벌크 | _정품_157,060|_벌크 + 쿨러_117,120|벌크_144,080|해외구매 | _정품_157,070|_벌크 + 쿨러_119,850|벌크_144,090|해외구매 | _정품_157,350|_벌크 + 쿨러_149,990|벌크 | _정품_157,380|_벌크 + 쿨러_149,990|벌크 | _정품_157,390|_벌크 + 쿨러_151,490|벌크 | _정품_158,220|_벌크 + 쿨러_155,640|벌크_144,750|해외구매 | _정품_158,380|_벌크 + 쿨러_120,000|벌크 | _정품_158,390|_벌크 + 쿨러_119,400|벌크 | _정품_158,420|_벌크 + 쿨러_119,400|벌크 | _정품_158,890|_벌크 + 쿨러_124,840|벌크 | _정품_166,530|_벌크 + 쿨러_157,520|벌크_152,320|해외구매",279300,279300,279300,279300,279300,279300,279300,279300,279300,279300,279300,279300,279300,279300,279300,279300,279300,146190,146170,146160,146160,146670,146640,146630,142080,142080,142080,142080,142970,144730,144630
32038820,인텔 코어i3-14세대 14100 (랩터레이크 리프레시),인텔 코어i3-14세대 14100,랩터레이크 리프레시,"_정품_154,590|_벌크 + 쿨러_125,420||해외구매 | _정품_154,600|_벌크 + 쿨러_120,410||해외구매 | _정품_154,610|_벌크 + 쿨러_120,410||해외구매 | _정품_154,640|_벌크 + 쿨러_133,420||해외구매 | _정품_154,650|_벌크 + 쿨러_145,990||해외구매 | _정품_154,660|_벌크 + 쿨러_145,990||해외구매 | _정품_154,670|_벌크 + 쿨러_145,990||해외구매 | _정품_154,680|벌크 + 쿨러_146,990||해외구매 | _정품_154,690|벌크 + 쿨러_146,990||해외구매 | _정품_154,810|벌크 + 쿨러_146,990||해외구매 | _정품_154,910|_벌크 + 쿨러_153,920||해외구매 | _정품_154,940|_벌크 + 쿨러_153,950||해외구매 | _정품_157,050|_벌크 + 쿨러_119,840||해외구매 | _정품_157,060|_벌크 + 쿨러_117,120||해외구매 | _정품_157,070|_벌크 + 쿨러_119,850||해외구매 | _정품_158,220|_벌크 + 쿨러_155,640||해외구매 | _정품_166,530|_벌크 + 쿨러_157,520||해외구매",279300,279300,279300,279300,279300,279300,279300,279300,279300,279300,279300,279300,279300,279300,279300,279300,279300,-2147483648,-2147483648,-2147483648,-2147483648,-2147483648,-2147483648,-2147483648,-2147483648,-2147483648,-2147483648,-2147483648,-2147483648,-2147483648,-2147483648
32102672,인텔 코어i3-14세대 14100F (랩터레이크 리프레시),인텔 코어i3-14세대 14100F,랩터레이크 리프레시,"_정품_110,250|벌크 + 쿨러_108,850|_벌크_99,590|해외구매 | _정품_110,410|벌크 + 쿨러_112,080|_벌크_100,030|해외구매 | _정품_110,450|벌크 + 쿨러_110,000|_벌크_100,000|해외구매 | _정품_110,460|벌크 + 쿨러_110,000|_벌크_100,000|해외구매 | _정품_110,490|벌크 + 쿨러_109,120|_벌크_99,920|해외구매 | _정품_110,500|벌크 + 쿨러_108,640|_벌크_99,950|해외구매 | _정품_110,530|벌크 + 쿨러_108,730|_벌크_99,500|해외구매 | _정품_110,610|벌크 + 쿨러_108,880|_벌크_99,620|해외구매 | _정품_110,620|벌크 + 쿨러_108,890|_벌크_99,630|해외구매 | _정품_110,650|벌크 + 쿨러_108,920|_벌크_99,660|해외구매 | _정품_110,660|벌크 + 쿨러_108,930|_벌크_99,670|해외구매 | _정품_110,780|벌크 + 쿨러_109,050|_벌크_99,770|해외구매 | _정품_110,810|벌크 + 쿨러_109,080|_벌크_99,800|해외구매 | _정품_111,310|벌크 + 쿨러_109,800|_벌크_100,300|해외구매 | _정품_111,320|벌크 + 쿨러_109,800|_벌크_100,300|해외구매 | _정품_111,330|벌크 + 쿨러_109,800|_벌크_100,310|해외구매 | _정품_111,340|벌크 + 쿨러_109,800|_벌크_100,320|해외구매 | _정품_111,350|벌크 + 쿨러_109,800|_벌크_100,430|해외구매 | _정품_111,360|벌크 + 쿨러_109,800|_벌크_100,430|해외구매 | _정품_111,380|벌크 + 쿨러_109,800|_벌크_100,450|해외구매 | _정품_111,900|벌크 + 쿨러_110,320|_벌크_100,850|해외구매 | _정품_112,090|벌크 + 쿨러_110,320|_벌크_100,850|해외구매 | _정품_112,100|벌크 + 쿨러_110,320|_벌크_100,860|해외구매 | _정품_112,820|벌크 + 쿨러_110,320|_벌크_100,960|해외구매 | _정품_113,200|벌크 + 쿨러_110,510|_벌크_100,960|해외구매 | _정품_113,660|벌크 + 쿨러_110,520|_벌크_101,170|해외구매 | _정품_124,600|벌크 + 쿨러_122,980|_벌크_113,420|해외구매",173700,154100,154300,161500,161500,156900,156900,156900,156900,156200,156200,156200,158000,158000,158000,158000,163400,159800,159790,159770,159760,159750,159720,159710,159680,159560,157850,157740,157620,157610,157580
32038895,인텔 코어i3-14세대 14100F (랩터레이크 리프레시),인텔 코어i3-14세대 14100F,랩터레이크 리프레시,"_정품_110,250|벌크 + 쿨러_108,850|_벌크_99,590|해외구매 | _정품_110,410|벌크 + 쿨러_112,080|_벌크_100,030|해외구매 | _정품_110,450|벌크 + 쿨러_110,000|_벌크_100,000|해외구매 | _정품_110,460|벌크 + 쿨러_110,000|_벌크_100,000|해외구매 | _정품_110,490|벌크 + 쿨러_109,120|_벌크_99,920|해외구매 | _정품_110,500|벌크 + 쿨러_108,640|_벌크_99,950|해외구매 | _정품_110,530|벌크 + 쿨러_108,730|_벌크_99,500|해외구매 | _정품_110,610|벌크 + 쿨러_108,880|_벌크_99,620|해외구매 | _정품_110,620|벌크 + 쿨러_108,890|_벌크_99,630|해외구매 | _정품_110,650|벌크 + 쿨러_108,920|_벌크_99,660|해외구매 | _정품_110,660|벌크 + 쿨러_108,930|_벌크_99,670|해외구매 | _정품_110,780|벌크 + 쿨러_109,050|_벌크_99,770|해외구매 | _정품_110,810|벌크 + 쿨러_109,080|_벌크_99,800|해외구매 | _정품_111,310|벌크 + 쿨러_109,800|_벌크_100,300|해외구매 | _정품_111,320|벌크 + 쿨러_109,800|_벌크_100,300|해외구매 | _정품_111,330|벌크 + 쿨러_109,800|_벌크_100,310|해외구매 | _정품_111,340|벌크 + 쿨러_109,800|_벌크_100,320|해외구매 | _정품_111,350|벌크 + 쿨러_109,800|_벌크_100,430|해외구매 | _정품_111,360|벌크 + 쿨러_109,800|_벌크_100,430|해외구매 | _정품_111,380|벌크 + 쿨러_109,800|_벌크_100,450|해외구매 | _정품_111,900|벌크 + 쿨러_110,320|_벌크_100,850|해외구매 | _정품_112,090|벌크 + 쿨러_110,320|_벌크_100,850|해외구매 | _정품_112,100|벌크 + 쿨러_110,320|_벌크_100,860|해외구매 | _정품_112,820|벌크 + 쿨러_110,320|_벌크_100,960|해외구매 | _정품_113,200|벌크 + 쿨러_110,510|_벌크_100,960|해외구매 | _정품_113,660|벌크 + 쿨러_110,520|_벌크_101,170|해외구매 | _정품_124,600|벌크 + 쿨러_122,980|_벌크_113,420|해외구매",173700,154100,154300,161500,161500,156900,156900,156900,156900,156200,156200,156200,158000,158000,158000,158000,163400,159800,159790,159770,159760,159750,159720,159710,159680,159560,157850,157740,157620,157610,157580
32464280,인텔 코어i3-14세대 14100T (랩터레이크 리프레시),인텔 코어i3-14세대 14100T,랩터레이크 리프레시,벌크,236390,236360,236330,236300,236290,236260,236250,236240,236230,236220,236210,236180,236060,235960,235950,235940,235860,235760,235670,235650,235620,235610,235580,235570,228000,227970,227850,227840,227810,227800,227770
4625789,인텔 코어i3-1세대 530 (클락데일),인텔 코어i3-1세대 530,클락데일,중고,0,0,0,0,0,4300,4300,0,0,0,0,0,0,0,0,0,0,0,0,0,0,0,0,0,0,0,0,4300,4300,0,0
4148188,인텔 코어i3-1세대 540 (클락데일),인텔 코어i3-1세대 540,클락데일,중고,1400,1400,1400,1400,1400,1400,1400,1400,1400,1400,1400,1400,1400,1400,1400,1400,1400,1400,1400,1400,1400,0,0,1400,1400,1400,1400,1400,1400,1400,0
4146391,인텔 코어i3-1세대 550 (클락데일),인텔 코어i3-1세대 550,클락데일,중고,1420,1410,1380,1430,1400,1330,1330,1430,1400,1330,1430,1420,1410,1380,1400,1380,1330,1430,1430,1410,1400,1390,1360,1350,1330,1430,1400,1390,1360,1350,1330
1376125,인텔 코어i3-2세대 2100 (샌디브릿지),인텔 코어i3-2세대 2100,샌디브릿지,"_벌크_3,390|_중고",1790,1790,1790,1790,1790,1790,1790,1790,1790,1790,1790,1790,1790,1790,1800,1800,1790,1790,1800,1800,1800,1800,1800,1800,1800,1800,1800,1800,1800,1800,1800
4144570,인텔 코어i3-2세대 2120 (샌디브릿지),인텔 코어i3-2세대 2120,샌디브릿지,중고,2260,2250,2230,2320,2290,2310,2300,0,0,0,2260,2250,2240,2230,2240,2240,2380,2280,3070,3070,3070,3070,3070,3070,3070,3070,3070,3070,3070,3070,3070
1780773,인텔 코어i3-3세대 3220 (아이비브릿지),인텔 코어i3-3세대 3220,아이비브릿지,"벌크 + 쿨러_7,370|_벌크_2,990|_중고 | 벌크 + 쿨러_7,430|_벌크_2,990|_중고 | 벌크 + 쿨러_7,440|_벌크_2,990|_중고 | 벌크 + 쿨러_7,440|_벌크_3,000|_중고 | 벌크 + 쿨러_7,440|_벌크_3,350|_중고",2990,2990,2990,2990,2990,2990,2990,2990,2990,2990,2990,2990,2990,2990,3000,3000,2990,2990,2990,2990,2990,2990,2990,2990,2990,0,0,0,0,0,0
1780774,인텔 코어i3-3세대 3220 (아이비브릿지),인텔 코어i3-3세대 3220,아이비브릿지,"_벌크_3,000|_중고",0,0,0,0,0,0,0,0,0,0,0,0,0,0,0,0,0,0,0,0,0,0,0,0,0,3290,3290,3290,3290,3290,3290
1780775,인텔 코어i3-3세대 3240 (아이비브릿지),인텔 코어i3-3세대 3240,아이비브릿지,"_벌크 + 쿨러_7,560|_중고 | _벌크 + 쿨러_7,570|_중고 | _벌크 + 쿨러_7,580|_중고 | _벌크 + 쿨러_7,590|_중고 | _벌크 + 쿨러_7,600|_중고 | _벌크 + 쿨러_7,610|_중고 | _벌크 + 쿨러_7,640|_중고 | _벌크 + 쿨러_7,650|_중고 | _벌크 + 쿨러_7,690|_중고 | _벌크 + 쿨러_7,770|_중고 | _벌크 + 쿨러_7,800|_중고 | _벌크 + 쿨러_7,810|_중고 | _벌크 + 쿨러_7,840|_중고 | _벌크 + 쿨러_7,850|_중고 | _벌크 + 쿨러_7,880|_중고 | _벌크 + 쿨러_7,890|_중고 | _벌크 + 쿨러_7,900|_중고 | _벌크 + 쿨러_7,920|_중고 | _벌크 + 쿨러_7,970|_중고 | _벌크 + 쿨러_8,050|_중고 | _벌크 + 쿨러_8,060|_중고 | _벌크 + 쿨러_8,080|_중고 | _벌크 + 쿨러_8,090|_중고 | _벌크 + 쿨러_8,100|_중고",2900,2900,2900,2900,2900,2900,2900,2900,2900,2900,2900,2900,2900,3320,3610,3600,3550,3790,3790,3770,3740,3730,3700,3690,3660,3550,3790,3760,3640,3630,3600
2216333,인텔 코어i3-4세대 4130 (하스웰),인텔 코어i3-4세대 4130,하스웰,"벌크 + 쿨러_7,150|_벌크_5,160|_중고 | 벌크 + 쿨러_7,150|_벌크_5,170|_중고 | 벌크 + 쿨러_7,270|_벌크_5,290|_중고 | 벌크 + 쿨러_7,300|_벌크_5,320|_중고 | 벌크 + 쿨러_7,310|_벌크_5,330|_중고 | 벌크 + 쿨러_7,560|_벌크_5,260|_중고 | 벌크 + 쿨러_7,620|_벌크_5,160|_중고 | 벌크 + 쿨러_7,620|_벌크_5,340|_중고 | 벌크 + 쿨러_7,630|_벌크_5,160|_중고 | 벌크 + 쿨러_7,630|_벌크_5,180|_중고 | 벌크 + 쿨러_7,630|_벌크_5,190|_중고 | 벌크 + 쿨러_7,630|_벌크_5,230|_중고 | 벌크 + 쿨러_7,630|_벌크_5,270|_중고 | 벌크 + 쿨러_7,630|_벌크_5,310|_중고 | 벌크 + 쿨러_7,630|_벌크_5,340|_중고 | 벌크 + 쿨러_7,640|_벌크_5,160|_중고 | 벌크 + 쿨러_7,640|_벌크_5,210|_중고 | 벌크 + 쿨러_7,640|_벌크_5,250|_중고 | 벌크 + 쿨러_7,640|_벌크_5,280|_중고 | 벌크 + 쿨러_7,640|_벌크_5,290|_중고 | 벌크 + 쿨러_7,640|_벌크_5,300|_중고 | 벌크 + 쿨러_7,640|_벌크_5,310|_중고 | 벌크 + 쿨러_7,640|_벌크_5,320|_중고 | 벌크 + 쿨러_7,640|_벌크_5,330|_중고 | 벌크 + 쿨러_7,640|_벌크_5,340|_중고",3190,3160,3130,3110,3110,3130,3110,3090,3090,3090,3090,3090,3090,3090,3100,3100,3090,3090,3090,3090,3090,3090,3090,3090,3090,3090,3090,3090,3090,3090,3090
4954420,인텔 코어i3-4세대 4150 (하스웰 리프레시),인텔 코어i3-4세대 4150,하스웰 리프레시,"_중고_3,240|벌크 + 쿨러_7,450|_벌크 | _중고_3,270|벌크 + 쿨러_7,780|_벌크 | _중고_3,290|벌크 + 쿨러_7,870|_벌크 | _중고_3,300|벌크 + 쿨러_7,810|_벌크 | _중고_3,310|_벌크 + 쿨러_7,620|벌크 | _중고_3,310|벌크 + 쿨러_7,540|_벌크 | _중고_3,310|벌크 + 쿨러_7,820|_벌크 | _중고_3,320|벌크 + 쿨러_7,830|_벌크 | _중고_3,330|벌크 + 쿨러_7,840|_벌크 | _중고_3,340|_벌크 + 쿨러_7,740|벌크 | _중고_3,340|벌크 + 쿨러_7,850|_벌크 | _중고_3,350|_벌크 + 쿨러_7,850|벌크 | _중고_3,350|벌크 + 쿨러_7,860|_벌크 | _중고_3,360|벌크 + 쿨러_7,870|_벌크 | _중고_3,370|벌크 + 쿨러_7,290|_벌크 | _중고_3,370|벌크 + 쿨러_7,580|_벌크 | _중고_3,400|벌크 + 쿨러_7,290|_벌크 | _중고_3,410|벌크 + 쿨러_7,300|_벌크 | _중고_3,410|벌크 + 쿨러_7,320|_벌크 | _중고_3,440|벌크 + 쿨러_7,330|_벌크 | _중고_3,440|벌크 + 쿨러_7,350|_벌크 | _중고_3,450|벌크 + 쿨러_7,360|_벌크 | _중고_3,450|벌크 + 쿨러_7,660|_벌크 | _중고_3,470|벌크 + 쿨러_7,360|_벌크 | _중고_3,470|벌크 + 쿨러_7,680|_벌크 | _중고_3,470|벌크 + 쿨러_7,870|_벌크 | _중고_3,480|벌크 + 쿨러_7,390|_벌크 | _중고_3,490|벌크 + 쿨러_7,400|_벌크 | _중고_3,500|벌크 + 쿨러_7,390|_벌크 | _중고_3,500|벌크 + 쿨러_7,430|_벌크 | _중고_3,500|벌크 + 쿨러_7,870|_벌크",5690,5690,5690,5690,5690,5690,5690,5690,5690,5690,5690,5690,5690,5690,5690,5690,5690,5690,5690,5690,5690,5690,5690,5690,5690,5690,5690,5690,5690,5690,5690
2783204,인텔 코어i3-4세대 4160 (하스웰 리프레시),인텔 코어i3-4세대 4160,하스웰 리프레시,"병행수입 박스_142,990|벌크 + 쿨러_7,810|_벌크_3,890|_중고 | 병행수입 박스_142,990|벌크 + 쿨러_7,820|_벌크_3,830|_중고 | 병행수입 박스_142,990|벌크 + 쿨러_7,820|_벌크_3,930|_중고 | 병행수입 박스_142,990|벌크 + 쿨러_7,830|_벌크_4,050|_중고 | 병행수입 박스_142,990|벌크 + 쿨러_7,840|_벌크_3,930|_중고 | 병행수입 박스_142,990|벌크 + 쿨러_7,840|_벌크_4,080|_중고 | 병행수입 박스_142,990|벌크 + 쿨러_7,850|_벌크_4,090|_중고 | 병행수입 박스_142,990|벌크 + 쿨러_7,860|_벌크_4,100|_중고 | 병행수입 박스_142,990|벌크 + 쿨러_7,870|_벌크_4,110|_중고 | 병행수입 박스_142,990|벌크 + 쿨러_7,880|_벌크_4,010|_중고 | 병행수입 박스_142,990|벌크 + 쿨러_7,880|_벌크_4,120|_중고 | 병행수입 박스_142,990|벌크 + 쿨러_7,890|_벌크_3,820|_중고 | 병행수입 박스_142,990|벌크 + 쿨러_7,910|_벌크_4,040|_중고 | 병행수입 박스_142,990|벌크 + 쿨러_7,920|_벌크_3,820|_중고 | 병행수입 박스_142,990|벌크 + 쿨러_7,920|_벌크_4,050|_중고 | 병행수입 박스_142,990|벌크 + 쿨러_7,930|_벌크_3,830|_중고 | 병행수입 박스_142,990|벌크 + 쿨러_7,950|_벌크_4,080|_중고 | 병행수입 박스_142,990|벌크 + 쿨러_7,960|_벌크_3,760|_중고 | 병행수입 박스_142,990|벌크 + 쿨러_7,960|_벌크_4,090|_중고 | 병행수입 박스_142,990|벌크 + 쿨러_7,990|_벌크_4,100|_중고 | 병행수입 박스_142,990|벌크 + 쿨러_8,010|_벌크_4,120|_중고 | 병행수입 박스_142,990|벌크 + 쿨러_8,050|_벌크_3,950|_중고 | 병행수입 박스_142,990|벌크 + 쿨러_8,080|_벌크_3,980|_중고 | 병행수입 박스_142,990|벌크 + 쿨러_8,090|_벌크_3,990|_중고 | 병행수입 박스_142,990|벌크 + 쿨러_8,100|_벌크_4,120|_중고 | 병행수입 박스_142,990|벌크 + 쿨러_8,160|_벌크_3,830|_중고 | 병행수입 박스_142,990|벌크 + 쿨러_8,240|_벌크_3,860|_중고 | 병행수입 박스_142,990|벌크 + 쿨러_8,260|_벌크_3,860|_중고 | 병행수입 박스_142,990|벌크 + 쿨러_8,290|_벌크_3,820|_중고 | 병행수입 박스_142,990|벌크 + 쿨러_8,290|_벌크_4,120|_중고",3810,3810,3810,3810,3810,3810,3810,3810,3810,3810,3790,3790,3790,3790,3800,3800,3790,3790,3790,3790,3790,3790,3790,3790,3790,3790,3790,3790,3790,3690,3690
3116506,인텔 코어i3-4세대 4170 (하스웰 리프레시),인텔 코어i3-4세대 4170,하스웰 리프레시,"벌크 + 쿨러_8,350|_벌크_5,790|_중고 | 벌크 + 쿨러_8,360|_벌크_5,790|_중고 | 벌크 + 쿨러_8,360|_벌크_5,800|_중고 | 벌크 + 쿨러_8,370|_벌크_5,790|_중고 | 벌크 + 쿨러_8,380|_벌크_5,790|_중고 | 벌크 + 쿨러_8,390|_벌크_5,790|_중고 | 벌크 + 쿨러_8,400|_벌크_5,790|_중고 | 벌크 + 쿨러_8,430|_벌크_5,790|_중고 | 벌크 + 쿨러_8,440|_벌크_5,790|_중고 | 벌크 + 쿨러_8,480|_벌크_5,800|_중고 | 벌크 + 쿨러_8,510|_벌크_5,800|_중고 | 벌크 + 쿨러_8,520|_벌크_5,800|_중고 | 벌크 + 쿨러_8,550|_벌크_5,800|_중고 | 벌크 + 쿨러_8,560|_벌크_5,790|_중고 | 벌크 + 쿨러_8,560|_벌크_5,800|_중고 | 벌크 + 쿨러_8,590|_벌크_5,790|_중고 | 벌크 + 쿨러_8,590|_벌크_5,800|_중고 | 벌크 + 쿨러_8,600|_벌크_5,790|_중고 | 벌크 + 쿨러_8,610|_벌크_5,800|_중고 | 벌크 + 쿨러_8,700|_벌크_5,800|_중고 | 벌크 + 쿨러_8,760|_벌크_5,800|_중고 | 벌크 + 쿨러_8,800|_벌크_5,800|_중고 | 벌크 + 쿨러_8,830|_벌크_5,800|_중고 | 벌크 + 쿨러_8,840|_벌크_5,800|_중고 | 벌크 + 쿨러_8,860|_벌크_5,800|_중고 | 벌크 + 쿨러_8,960|_벌크_5,790|_중고 | 벌크 + 쿨러_8,960|_벌크_5,800|_중고 | 벌크 + 쿨러_8,990|_벌크_5,790|_중고 | 벌크 + 쿨러_8,990|_벌크_5,800|_중고",4480,4470,4440,4350,4350,4430,4400,4490,4460,4360,4350,4350,4490,4460,4400,4400,4350,4490,4490,4470,4440,4430,4400,4390,4360,4490,4460,4450,4420,4410,4380
6112499,인텔 코어i3-4세대 4330 (하스웰),인텔 코어i3-4세대 4330,하스웰,중고,13300,13300,13300,13300,13300,13300,13300,13300,0,0,0,13300,13300,13300,13300,13300,13300,13300,13300,13300,13300,13300,13300,13300,13300,13300,13300,13300,0,0,0
6112504,인텔 코어i3-4세대 4360 (하스웰 리프레시),인텔 코어i3-4세대 4360,하스웰 리프레시,중고,12490,12490,12490,12490,12490,12490,12490,12490,12490,0,0,0,0,0,0,0,0,0,0,0,0,12490,12490,12490,12490,12490,12490,12490,0,0,0
6112509,인텔 코어i3-4세대 4370 (하스웰 리프레시),인텔 코어i3-4세대 4370,하스웰 리프레시,중고,12490,12490,12490,12490,12490,12490,12490,12490,12490,12490,12490,12490,12490,12490,12490,12490,12490,12490,12490,12490,12490,12490,12490,12490,12490,12490,12490,12490,12490,12490,12490
3471458,인텔 코어i3-6세대 6100 (스카이레이크),인텔 코어i3-6세대 6100,스카이레이크,"_벌크 + 쿨러_18,930|벌크_13,590|_중고 | _벌크 + 쿨러_19,610|벌크_13,590|_중고 | _벌크 + 쿨러_19,620|벌크_13,590|_중고 | _벌크 + 쿨러_19,630|벌크_13,590|_중고 | _벌크 + 쿨러_19,640|벌크_13,590|_중고 | _벌크 + 쿨러_19,660|벌크_13,590|_중고 | _벌크 + 쿨러_19,670|벌크_13,590|_중고 | _벌크 + 쿨러_19,680|벌크_13,590|_중고 | _벌크 + 쿨러_19,710|벌크_13,590|_중고 | _벌크 + 쿨러_19,730|벌크_13,590|_중고 | _벌크 + 쿨러_19,820|벌크_13,590|_중고 | _벌크 + 쿨러_19,900|벌크_13,590|_중고 | _벌크 + 쿨러_19,980|벌크_13,600|_중고 | _벌크 + 쿨러_19,990|벌크_13,590|_중고 | _벌크 + 쿨러_19,990|벌크_13,600|_중고 | 벌크 + 쿨러_19,040|_벌크_13,590|_중고 | 벌크 + 쿨러_19,460|_벌크_13,590|_중고 | 벌크 + 쿨러_19,480|_벌크_13,590|_중고 | 벌크 + 쿨러_19,560|_벌크_13,590|_중고 | 벌크 + 쿨러_19,580|_벌크_13,590|_중고 | 벌크 + 쿨러_19,600|_벌크_13,590|_중고 | 벌크 + 쿨러_19,650|_벌크_13,590|_중고 | 벌크 + 쿨러_19,680|_벌크_13,590|_중고 | 벌크 + 쿨러_19,690|_벌크_13,590|_중고 | 벌크 + 쿨러_19,700|_벌크_13,590|_중고 | 벌크 + 쿨러_19,710|_벌크_13,590|_중고 | 벌크 + 쿨러_19,730|_벌크_13,590|_중고 | 벌크 + 쿨러_19,760|_벌크_13,590|_중고 | 벌크 + 쿨러_19,880|_벌크_13,590|_중고",13990,13990,13990,13990,13990,13990,13990,12990,12990,12990,12990,12990,12990,12990,12990,12990,12990,12990,12990,12990,12990,12990,12990,12990,12990,12990,12990,12990,12990,12990,12990
3493032,인텔 코어i3-6세대 6300 (스카이레이크),인텔 코어i3-6세대 6300,스카이레이크,"_벌크_16,110|_중고 | _벌크_18,400|_중고 | _벌크_22,060|_중고 | _벌크_22,090|_중고 | _벌크_22,100|_중고 | _벌크_22,110|_중고 | _벌크_22,120|_중고 | _벌크_22,130|_중고 | _벌크_22,140|_중고 | _벌크_22,150|_중고 | _벌크_22,160|_중고 | _벌크_22,190|_중고 | _벌크_22,200|_중고 | _벌크_22,220|_중고 | _벌크_22,320|_중고 | _벌크_22,350|_중고 | _벌크_22,360|_중고 | _벌크_22,450|_중고 | _벌크_22,480|_중고 | _벌크_22,490|_중고 | _벌크_22,510|_중고 | _벌크_22,600|_중고 | _벌크_22,700|_중고 | _벌크_22,730|_중고",15490,15490,15490,15490,15490,15490,15490,15490,15490,15490,15000,14990,14990,14990,14990,14990,14990,14990,14990,14990,14990,14990,14990,14990,14990,14360,14330,14320,14290,14230,14110
3493081,인텔 코어i3-6세대 6320 (스카이레이크),인텔 코어i3-6세대 6320,스카이레이크,"_벌크_22,500|_중고 | _벌크_27,730|_중고 | _벌크_28,140|_중고",27990,27990,27990,27990,27990,27990,27990,27990,27990,27990,27990,27990,27990,27990,27990,27990,27990,27990,27990,27990,27990,25200,25200,25200,25200,25200,25200,25200,25200,25200,25200
4880955,인텔 코어i3-7세대 7100 (카비레이크),인텔 코어i3-7세대 7100,카비레이크,"_벌크 + 쿨러_25,810|벌크_20,290|해외구매_143,400|_중고 | _벌크 + 쿨러_25,930|벌크_20,290|해외구매_143,400|_중고 | _벌크 + 쿨러_27,130|벌크_20,300|해외구매_143,400|_중고 | _벌크 + 쿨러_27,160|벌크_20,300|해외구매_143,400|_중고 | _벌크 + 쿨러_27,170|벌크_20,300|해외구매_143,400|_중고 | _벌크 + 쿨러_27,290|벌크_20,300|해외구매_143,400|_중고 | _벌크 + 쿨러_27,410|벌크_20,300|해외구매_143,400|_중고 | _벌크 + 쿨러_27,440|벌크_20,300|해외구매_143,400|_중고 | _벌크 + 쿨러_28,390|벌크_20,300|해외구매_143,400|_중고 | _벌크 + 쿨러_28,490|벌크_20,300|해외구매_143,400|_중고 | _벌크 + 쿨러_28,560|벌크_20,300|해외구매_143,400|_중고 | _벌크 + 쿨러_28,570|벌크_20,300|해외구매_143,400|_중고 | _벌크 + 쿨러_28,580|벌크_20,300|해외구매_143,400|_중고 | _벌크 + 쿨러_28,650|벌크_20,300|해외구매_143,400|_중고 | _벌크 + 쿨러_28,660|벌크_20,300|해외구매_143,400|_중고 | _벌크 + 쿨러_28,670|벌크_20,300|해외구매_143,400|_중고 | _벌크 + 쿨러_28,680|벌크_20,300|해외구매_143,400|_중고 | _벌크 + 쿨러_28,690|벌크_20,300|해외구매_143,400|_중고 | _벌크 + 쿨러_28,700|벌크_20,300|해외구매_143,400|_중고 | _벌크 + 쿨러_28,710|벌크_20,300|해외구매_143,400|_중고 | _벌크 + 쿨러_28,720|벌크_20,300|해외구매_143,400|_중고 | 벌크 + 쿨러_27,450|_벌크_20,300|해외구매_143,400|_중고 | 벌크 + 쿨러_27,480|_벌크_20,300|해외구매_143,400|_중고 | 벌크 + 쿨러_28,730|_벌크_20,300|해외구매_143,400|_중고 | 벌크 + 쿨러_28,740|_벌크_20,300|해외구매_143,400|_중고 | 벌크 + 쿨러_28,750|_벌크_20,300|해외구매_143,400|_중고 | 벌크 + 쿨러_28,760|_벌크_20,300|해외구매_143,400|_중고 | 벌크 + 쿨러_28,770|_벌크_20,300|해외구매_143,400|_중고 | 벌크 + 쿨러_28,780|_벌크_20,300|해외구매_143,400|_중고 | 벌크 + 쿨러_28,790|_벌크_20,300|해외구매_143,400|_중고 | 벌크 + 쿨러_28,800|_벌크_20,300|해외구매_143,400|_중고",20890,20860,20830,20800,20790,20760,20750,20740,20680,20580,20570,20560,20550,20520,20420,20400,20320,20220,20130,20110,18900,17010,17010,17010,17010,18900,18900,18900,18900,18900,18900
7812271,인텔 코어i3-7세대 7300 (카비레이크),인텔 코어i3-7세대 7300,카비레이크,중고,33660,33650,33620,33500,33490,33460,33450,33440,33430,33420,33410,33400,33390,33380,33370,33370,33990,33990,33990,33990,33990,0,0,31500,31500,31500,31500,31500,31500,31470,31350
5221454,인텔 코어i3-7세대 7320 (카비레이크),인텔 코어i3-7세대 7320,카비레이크,"_벌크_34,970|_중고",0,0,0,0,0,0,0,0,0,0,0,0,0,0,0,0,0,0,0,0,0,0,0,37950,37950,37950,37950,37950,37950,37950,37950
7812097,인텔 코어i3-7세대 7350K (카비레이크),인텔 코어i3-7세대 7350K,카비레이크,"_중고_36,810|_해외구매 | _중고_36,930|_해외구매 | _중고_37,670|_해외구매 | _중고_37,700|_해외구매 | _중고_37,710|_해외구매 | _중고_37,830|_해외구매 | _중고_37,950|_해외구매 | _중고_37,980|_해외구매 | _중고_37,990|_해외구매 | _중고_38,020|_해외구매 | _중고_38,030|_해외구매 | _중고_38,040|_해외구매 | _중고_38,060|_해외구매 | _중고_38,110|_해외구매 | _중고_38,190|_해외구매 | _중고_38,200|_해외구매 | _중고_38,210|_해외구매 | _중고_38,310|_해외구매 | _중고_38,430|_해외구매 | _중고_38,460|_해외구매 | _중고_38,470|_해외구매 | _중고_38,480|_해외구매 | _중고_38,490|_해외구매 | _중고_38,500|_해외구매 | _중고_38,510|_해외구매 | _중고_38,540|_해외구매 | _중고_38,550|_해외구매 | _중고_38,670|_해외구매 | _중고_38,700|_해외구매 | _중고_38,710|_해외구매",46250,46250,46250,46250,46250,46250,46250,46250,46250,46250,46250,46250,46250,46250,46250,46250,46250,46250,46250,46250,46250,43260,43260,43260,43260,43260,43260,43260,43260,43260,43260
5530456,인텔 코어i3-8세대 8100 (커피레이크),인텔 코어i3-8세대 8100,커피레이크,"_정품_276,800|_벌크 + 쿨러_37,980|벌크_30,690|중고 | _정품_276,800|_벌크 + 쿨러_38,010|벌크_30,690|중고 | _정품_276,800|_벌크 + 쿨러_39,470|벌크_31,290|중고 | _정품_276,800|_벌크 + 쿨러_39,620|벌크_33,090|중고 | _정품_276,800|벌크 + 쿨러_38,020|벌크_30,690|_중고 | _정품_276,800|벌크 + 쿨러_38,050|벌크_30,690|_중고 | _정품_276,800|벌크 + 쿨러_38,060|벌크_30,690|_중고 | _정품_276,800|벌크 + 쿨러_38,180|_벌크_30,690|중고 | _정품_276,800|벌크 + 쿨러_38,300|_벌크_30,690|중고 | _정품_276,800|벌크 + 쿨러_38,330|_벌크_30,690|중고 | _정품_276,800|벌크 + 쿨러_38,340|_벌크_30,690|중고 | _정품_276,800|벌크 + 쿨러_38,370|_벌크_30,690|중고 | _정품_276,800|벌크 + 쿨러_38,380|_벌크_30,690|중고 | _정품_276,800|벌크 + 쿨러_38,410|_벌크_30,690|중고 | _정품_276,800|벌크 + 쿨러_38,430|_벌크_30,690|중고 | _정품_276,800|벌크 + 쿨러_38,520|_벌크_30,690|중고 | _정품_276,800|벌크 + 쿨러_38,620|_벌크_30,690|중고 | _정품_276,800|벌크 + 쿨러_38,700|_벌크_30,700|중고 | _정품_276,800|벌크 + 쿨러_38,720|_벌크_30,700|중고 | _정품_276,800|벌크 + 쿨러_38,820|벌크_30,690|_중고 | _정품_276,800|벌크 + 쿨러_38,850|벌크_30,690|_중고 | _정품_276,800|벌크 + 쿨러_38,860|벌크_30,690|_중고 | _정품_276,800|벌크 + 쿨러_38,870|벌크_31,290|_중고 | _정품_276,800|벌크 + 쿨러_38,880|벌크_31,290|_중고 | _정품_276,800|벌크 + 쿨러_38,970|벌크_31,290|_중고 | _정품_276,800|벌크 + 쿨러_39,610|벌크_33,090|_중고 | _정품_276,800|벌크 + 쿨러_39,650|_벌크_33,090|중고 | _정품_276,800|벌크 + 쿨러_39,660|_벌크_33,090|중고 | _정품_276,800|벌크 + 쿨러_39,690|_벌크_33,090|중고 | _정품_276,800|벌크 + 쿨러_39,720|_벌크_32,990|중고 | _정품_276,800|벌크 + 쿨러_39,750|_벌크_33,000|중고",32990,32990,32990,32990,32990,32990,32990,32990,32990,32990,32990,32490,32490,32490,32490,32490,32490,32490,32490,32490,29120,29000,29000,29000,29000,29000,29000,29000,29000,29000,29000
11384856,인텔 코어i3-8세대 8300 (커피레이크),인텔 코어i3-8세대 8300,커피레이크,해외구매,0,0,0,0,0,44930,44900,44800,42920,42820,42810,42780,0,0,42440,42420,42340,42290,42290,42270,42240,42230,42200,42190,42160,42040,41920,41910,41880,41870,41840
5651734,인텔 코어i3-8세대 8350K (커피레이크),인텔 코어i3-8세대 8350K,커피레이크,"_벌크_53,480|_해외구매 | _벌크_53,510|_해외구매 | _벌크_53,520|_해외구매 | _벌크_53,550|_해외구매 | _벌크_53,560|_해외구매 | _벌크_53,680|_해외구매 | _벌크_53,800|_해외구매 | _벌크_53,830|_해외구매 | _벌크_53,840|_해외구매 | _벌크_55,440|_해외구매 | _벌크_58,300|_해외구매 | _벌크_58,310|_해외구매 | _벌크_58,330|_해외구매 | _벌크_58,410|_해외구매 | _벌크_58,440|_해외구매 | _벌크_58,450|_해외구매 | _벌크_58,540|_해외구매 | _벌크_58,660|_해외구매 | _벌크_58,780|_해외구매 | _벌크_58,810|_해외구매 | _벌크_58,820|_해외구매 | _벌크_58,920|_해외구매 | _벌크_59,720|_해외구매 | _벌크_59,730|_해외구매 | _벌크_59,740|_해외구매 | _벌크_59,770|_해외구매 | _벌크_59,780|_해외구매 | _벌크_59,810|_해외구매 | _벌크_59,840|_해외구매 | _벌크_59,870|_해외구매",66410,66300,66270,66240,66230,66200,66190,66180,64990,64980,64970,64940,64820,64700,64600,64580,64500,64400,64310,64290,64260,61530,61530,61530,62930,62930,62930,62930,62930,62930,62930
10864506,인텔 코어i3-9세대 9100 (커피레이크-R),인텔 코어i3-9세대 9100,커피레이크-R,"_벌크 + 쿨러_101,310|_벌크_72,800|해외구매_192,400|중고 | _벌크 + 쿨러_101,310|_벌크_75,760|해외구매_192,400|중고 | _벌크 + 쿨러_101,620|_벌크_75,760|해외구매_192,400|중고 | _벌크 + 쿨러_101,620|_벌크_83,540|해외구매_192,400|중고 | _벌크 + 쿨러_101,620|_벌크_83,540|해외구매_235,900|중고 | _벌크 + 쿨러_101,620|벌크_83,540|해외구매_235,900|_중고 | _벌크 + 쿨러_94,230|벌크_72,800|해외구매_192,400|_중고 | 벌크 + 쿨러_94,230|_벌크_72,800|해외구매_192,400|_중고",59800,59770,59740,59710,59700,59670,59660,59650,59640,59630,59620,59610,59600,59570,59470,59450,59380,59300,59300,59280,59250,52710,56050,56050,57330,53910,53910,53910,53910,53910,53910
7914745,인텔 코어i3-9세대 9100F (커피레이크-R),인텔 코어i3-9세대 9100F,커피레이크-R,"_벌크 + 쿨러_40,870|_벌크_36,420|중고 | _벌크 + 쿨러_40,890|_벌크_36,450|중고 | _벌크 + 쿨러_40,900|_벌크_36,460|중고 | _벌크 + 쿨러_40,930|_벌크_36,490|중고 | _벌크 + 쿨러_40,940|벌크_35,530|_중고 | _벌크 + 쿨러_41,060|벌크_35,620|_중고 | _벌크 + 쿨러_41,180|벌크_35,740|_중고 | _벌크 + 쿨러_41,210|벌크_35,770|_중고 | _벌크 + 쿨러_41,220|벌크_35,780|_중고 | _벌크 + 쿨러_41,250|벌크_35,810|_중고 | _벌크 + 쿨러_41,260|벌크_35,820|_중고 | _벌크 + 쿨러_41,290|벌크_35,850|_중고 | _벌크 + 쿨러_41,310|벌크_35,870|_중고 | _벌크 + 쿨러_41,400|벌크_35,960|_중고 | _벌크 + 쿨러_41,510|벌크_36,060|_중고 | _벌크 + 쿨러_41,580|벌크_36,140|_중고 | _벌크 + 쿨러_41,610|_벌크_36,160|중고 | _벌크 + 쿨러_41,620|벌크_36,260|_중고 | _벌크 + 쿨러_41,630|벌크_36,290|_중고 | _벌크 + 쿨러_41,640|벌크_36,300|_중고 | _벌크 + 쿨러_41,650|벌크_36,310|_중고 | _벌크 + 쿨러_41,660|벌크_36,320|_중고 | _벌크 + 쿨러_41,760|벌크_36,420|_중고 | _벌크 + 쿨러_41,840|_벌크_36,970|중고 | _벌크 + 쿨러_42,870|_벌크_37,350|중고 | _벌크 + 쿨러_42,880|_벌크_37,360|중고 | _벌크 + 쿨러_42,910|_벌크_37,470|중고 | _벌크 + 쿨러_42,920|_벌크_37,310|중고 | _벌크 + 쿨러_43,040|_벌크_37,310|중고 | _벌크 + 쿨러_43,070|_벌크_37,340|중고 | _벌크 + 쿨러_43,080|_벌크_37,460|중고",34320,34200,34170,34140,34130,32690,32680,32670,32660,32650,32640,32630,32620,32610,32610,32590,32510,32430,32340,32320,32290,31980,31950,31940,31500,31470,31350,31340,31310,31300,31270
11308551,인텔 코어i5-10세대 10400 (코멧레이크S),인텔 코어i5-10세대 10400,코멧레이크S,"_정품_184,770|_벌크 + 쿨러_158,990|벌크_151,990|해외구매_219,590|중고 | _정품_184,770|_벌크 + 쿨러_159,000|벌크_151,990|해외구매_219,590|중고 | _정품_184,770|_벌크 + 쿨러_159,000|벌크_152,000|해외구매_219,590|중고 | _정품_184,770|_벌크 + 쿨러_159,280|벌크_152,990|해외구매_219,590|중고 | _정품_184,770|_벌크 + 쿨러_159,290|벌크_152,990|해외구매_219,590|중고 | _정품_184,770|_벌크 + 쿨러_159,300|벌크_154,990|해외구매_219,590|중고 | _정품_184,770|_벌크 + 쿨러_159,310|벌크_154,990|해외구매_219,590|중고 | _정품_184,770|_벌크 + 쿨러_159,320|벌크_154,990|해외구매_219,590|중고 | _정품_184,770|_벌크 + 쿨러_159,350|벌크_154,990|해외구매_219,590|중고 | _정품_184,770|_벌크 + 쿨러_159,360|벌크_154,990|해외구매_219,590|중고 | _정품_184,770|_벌크 + 쿨러_159,990|벌크_152,990|해외구매_219,590|중고 | _정품_184,770|_벌크 + 쿨러_169,220|벌크_151,990|해외구매_219,590|중고 | _정품_184,770|_벌크 + 쿨러_169,250|벌크_151,990|해외구매_219,590|중고 | _정품_184,770|벌크 + 쿨러_159,220|_벌크_152,990|해외구매_219,590|중고 | _정품_184,770|벌크 + 쿨러_159,250|_벌크_152,990|해외구매_219,590|중고 | _정품_184,770|벌크 + 쿨러_159,260|_벌크_152,990|해외구매_219,590|중고 | _정품_184,770|벌크 + 쿨러_159,270|_벌크_152,990|해외구매_219,590|중고 | _정품_184,770|벌크 + 쿨러_159,480|벌크_154,990|해외구매_219,590|_중고 | _정품_184,770|벌크 + 쿨러_159,510|벌크_154,990|해외구매_219,590|_중고 | _정품_184,770|벌크 + 쿨러_159,520|벌크_154,990|해외구매_219,590|_중고 | _정품_184,770|벌크 + 쿨러_159,990|_벌크_153,000|해외구매_219,600|중고 | _정품_184,770|벌크 + 쿨러_160,000|_벌크_153,000|해외구매_219,600|중고 | _정품_184,920|_벌크 + 쿨러_159,000|벌크_151,990|해외구매_219,590|중고 | _정품_184,950|_벌크 + 쿨러_159,000|벌크_151,990|해외구매_219,590|중고 | _정품_184,960|_벌크 + 쿨러_159,000|벌크_151,990|해외구매_219,590|중고 | _정품_184,990|_벌크 + 쿨러_159,000|벌크_151,990|해외구매_219,590|중고 | _정품_185,000|_벌크 + 쿨러_159,000|벌크_151,990|해외구매_219,590|중고 | _정품_185,120|_벌크 + 쿨러_159,000|벌크_151,990|해외구매_219,590|중고",147830,147800,147770,147740,147730,147700,147690,147390,147380,147370,147360,147350,147340,147330,147320,147000,146970,146960,145950,145930,145900,145780,145750,145740,140220,140190,140070,140060,140030,140020,139990
11489973,인텔 코어i5-10세대 10400F (코멧레이크S),인텔 코어i5-10세대 10400F,코멧레이크S,"_정품_134,280|병행수입 박스_128,710|벌크 + 쿨러_116,300|_벌크_110,890|해외구매_196,280|중고 | _정품_134,280|병행수입 박스_128,710|벌크 + 쿨러_116,310|_벌크_111,120|해외구매_191,000|중고 | _정품_134,280|병행수입 박스_128,710|벌크 + 쿨러_116,330|벌크_110,920|해외구매_196,280|_중고 | _정품_134,280|병행수입 박스_128,710|벌크 + 쿨러_116,340|벌크_110,930|해외구매_196,280|_중고 | _정품_134,280|병행수입 박스_128,710|벌크 + 쿨러_116,370|벌크_110,960|해외구매_196,280|_중고 | _정품_134,280|병행수입 박스_128,710|벌크 + 쿨러_116,380|벌크_110,970|해외구매_196,280|_중고 | _정품_134,280|병행수입 박스_128,710|벌크 + 쿨러_116,500|벌크_111,090|해외구매_196,280|_중고 | _정품_138,810|병행수입 박스_130,200|벌크 + 쿨러_116,300|_벌크_111,500|해외구매_201,000|중고 | _정품_138,810|병행수입 박스_130,200|벌크 + 쿨러_116,300|_벌크_111,500|해외구매_210,690|중고 | _정품_138,810|병행수입 박스_130,200|벌크 + 쿨러_116,310|_벌크_111,510|해외구매_210,690|중고 | _정품_138,820|병행수입 박스_130,200|_벌크 + 쿨러_116,310|벌크_111,510|해외구매_210,690|중고 | _정품_138,820|병행수입 박스_130,200|벌크 + 쿨러_116,300|_벌크_111,080|해외구매_210,690|중고 | _정품_138,820|병행수입 박스_130,200|벌크 + 쿨러_116,310|_벌크_111,510|해외구매_210,690|중고 | _정품_138,830|병행수입 박스_130,200|_벌크 + 쿨러_116,310|벌크_111,080|해외구매_210,690|중고 | _정품_138,830|병행수입 박스_130,200|_벌크 + 쿨러_116,330|벌크_111,080|해외구매_210,690|중고 | _정품_138,830|병행수입 박스_130,200|벌크 + 쿨러_116,310|_벌크_111,080|해외구매_210,690|중고 | _정품_138,840|병행수입 박스_130,200|_벌크 + 쿨러_116,340|벌크_111,090|해외구매_193,990|중고",112990,112990,112990,112990,112990,112990,112990,112990,106990,106990,106990,106990,106990,106990,106990,106990,107000,107000,107000,107000,107000,107000,107000,107000,107000,107000,107000,107000,107000,107000,107000
11480766,인텔 코어i5-10세대 10500 (코멧레이크S),인텔 코어i5-10세대 10500,코멧레이크S,"_벌크 + 쿨러_178,350|_벌크_173,240|중고 | _벌크 + 쿨러_185,100|_벌크_152,910|중고 | _벌크 + 쿨러_185,100|_벌크_171,450|중고 | _벌크 + 쿨러_185,110|_벌크_152,910|중고 | _벌크 + 쿨러_185,110|_벌크_170,910|중고 | _벌크 + 쿨러_272,400|_벌크_187,820|중고 | 벌크 + 쿨러_261,510|_벌크_187,820|_중고 | 벌크 + 쿨러_272,400|_벌크_187,820|_중고 | 벌크 + 쿨러_289,880|_벌크_187,820|_중고",203550,203550,203550,203550,203550,203550,203550,203550,203550,203550,203550,203550,203550,203550,203550,203550,203550,203550,203550,203550,203550,203550,200100,200100,200100,200100,200100,200100,200100,200100,200100
11405469,인텔 코어i5-10세대 10600 (코멧레이크S),인텔 코어i5-10세대 10600,코멧레이크S,정품,426250,426250,426250,426250,426250,426250,426250,426250,426250,426250,426250,426250,426250,426250,426250,426250,426250,426250,426250,426250,426250,426250,426250,426250,426250,426250,426250,426250,426250,426250,426250
11430906,인텔 코어i5-10세대 10600K (코멧레이크S),인텔 코어i5-10세대 10600K,코멧레이크S,"_정품_426,250|_벌크 + 쿨러_191,000|벌크_185,830|해외구매_472,000|중고 | _정품_426,250|_벌크 + 쿨러_192,010|벌크_186,250|해외구매_452,000|중고 | _정품_426,250|_벌크 + 쿨러_192,930|벌크_187,690|해외구매_462,000|중고 | _정품_426,250|_벌크 + 쿨러_194,720|벌크_192,030|해외구매_472,000|중고 | _정품_426,250|_벌크 + 쿨러_194,840|벌크_192,030|해외구매_472,000|중고 | _정품_426,250|벌크 + 쿨러_192,010|벌크_186,250|해외구매_452,000|_중고 | _정품_426,250|벌크 + 쿨러_192,930|_벌크_187,690|해외구매_452,000|중고 | _정품_426,250|벌크 + 쿨러_194,730|_벌크_192,030|해외구매_472,000|중고 | _정품_426,250|벌크 + 쿨러_194,750|벌크_192,030|해외구매_472,000|_중고 | _정품_426,250|벌크 + 쿨러_198,940|벌크_192,030|해외구매_462,000|_중고",205690,205690,205690,205690,205690,205690,205690,205690,205690,205690,205690,205690,205690,205690,205690,205690,205690,205690,205690,205690,205690,203920,203920,203920,193920,193920,193920,193920,193920,193920,193920
12110750,인텔 코어i5-10세대 10600KF (코멧레이크S),인텔 코어i5-10세대 10600KF,코멧레이크S,"_벌크 + 쿨러_154,630|_벌크 | _벌크 + 쿨러_154,640|_벌크 | _벌크 + 쿨러_163,000|_벌크",149460,149460,149460,149460,149460,149460,149460,149460,149460,149460,149460,149460,149460,149460,149460,149460,149460,151200,151200,151190,151190,151190,151190,151190,150390,150390,150380,150380,150380,150380,150380
13619846,인텔 코어i5-11세대 11400 (로켓레이크S),인텔 코어i5-11세대 11400,로켓레이크S,"_정품_182,800|벌크 + 쿨러_166,370|_벌크_160,730|중고 | _정품_182,860|_벌크 + 쿨러_166,370|벌크_160,730|중고 | _정품_184,290|벌크 + 쿨러_166,370|_벌크_160,730|중고 | _정품_184,310|벌크 + 쿨러_166,370|_벌크_152,250|중고 | _정품_184,330|_벌크 + 쿨러_166,370|벌크_137,030|중고 | _정품_184,340|_벌크 + 쿨러_166,370|벌크_137,030|중고 | _정품_184,460|_벌크 + 쿨러_166,370|벌크_137,030|중고 | _정품_186,130|벌크 + 쿨러_166,370|_벌크_160,730|중고 | _정품_186,130|병행수입 박스_171,300|벌크 + 쿨러_166,370|_벌크_160,730|중고 | _정품_186,130|병행수입 박스_171,300|벌크 + 쿨러_168,140|_벌크_162,330|중고 | _정품_186,130|병행수입 박스_171,300|벌크 + 쿨러_168,140|_벌크_162,340|중고 | _정품_186,130|병행수입 박스_171,300|벌크 + 쿨러_168,150|_벌크_162,440|중고 | _정품_186,130|병행수입 박스_173,250|벌크 + 쿨러_166,370|_벌크_160,730|중고 | _정품_186,140|병행수입 박스_171,300|_벌크 + 쿨러_168,140|벌크_162,440|중고 | _정품_186,140|병행수입 박스_171,300|벌크 + 쿨러_168,150|_벌크_162,440|중고 | _정품_186,150|병행수입 박스_171,300|_벌크 + 쿨러_168,140|벌크_162,440|중고 | _정품_186,160|병행수입 박스_171,300|_벌크 + 쿨러_168,140|벌크_162,440|중고 | _정품_186,170|병행수입 박스_171,300|_벌크 + 쿨러_168,140|벌크_162,440|중고 | _정품_186,180|병행수입 박스_171,300|_벌크 + 쿨러_168,140|벌크_162,440|중고",156290,156290,156290,156290,156290,156290,156290,156290,156290,156290,159990,159990,159990,159990,157470,159990,159990,145600,159990,159990,159990,150000,150000,150000,144000,144000,144000,144000,144000,144000,144000
13753394,인텔 코어i5-11세대 11400F (로켓레이크S),인텔 코어i5-11세대 11400F,로켓레이크S,"_정품_163,920|벌크 + 쿨러_131,280|_벌크_126,110|중고_148,430|해외구매 | _정품_163,920|벌크 + 쿨러_132,250|벌크_127,120|중고_149,410|_해외구매 | _정품_163,920|벌크 + 쿨러_132,260|벌크_127,120|중고_145,200|_해외구매 | _정품_163,920|벌크 + 쿨러_132,260|벌크_127,120|중고_149,410|_해외구매 | _정품_163,920|벌크 + 쿨러_132,270|벌크_127,120|중고_149,410|_해외구매 | _정품_163,920|벌크 + 쿨러_132,280|벌크_127,120|중고_149,410|_해외구매 | _정품_164,200|벌크 + 쿨러_130,050|벌크_124,940|중고_142,580|_해외구매 | _정품_164,230|벌크 + 쿨러_130,050|벌크_124,940|중고_142,580|_해외구매 | _정품_164,400|벌크 + 쿨러_130,020|벌크_124,910|중고_142,580|_해외구매 | _정품_164,430|벌크 + 쿨러_130,050|_벌크_124,940|중고_142,580|해외구매 | _정품_164,970|벌크 + 쿨러_131,240|_벌크_126,070|중고_148,430|해외구매 | _정품_165,000|벌크 + 쿨러_131,250|_벌크_126,080|중고_148,430|해외구매 | 정품_163,920|_벌크 + 쿨러_131,290|_벌크_126,120|중고_149,410|해외구매 | 정품_163,920|_벌크 + 쿨러_131,390|_벌크_126,240|중고_149,410|해외구매 | 정품_163,920|_벌크 + 쿨러_131,420|_벌크_126,270|중고_149,410|해외구매 | 정품_163,920|_벌크 + 쿨러_132,240|벌크_127,120|중고_145,200|_해외구매 | 정품_163,920|_벌크 + 쿨러_132,240|벌크_127,120|중고_149,410|_해외구매 | 정품_163,920|벌크 + 쿨러_132,250|_벌크_127,120|중고_145,200|_해외구매 | 정품_163,920|벌크 + 쿨러_132,250|_벌크_127,120|중고_149,410|_해외구매 | 정품_163,920|벌크 + 쿨러_132,260|_벌크_127,120|중고_149,410|_해외구매 | 정품_164,240|_벌크 + 쿨러_129,860|벌크_124,750|중고_142,580|_해외구매 | 정품_164,270|_벌크 + 쿨러_129,890|벌크_124,780|중고_142,580|_해외구매 | 정품_164,280|_벌크 + 쿨러_129,900|벌크_124,790|중고_142,580|_해외구매",106260,106250,106220,106100,106090,106060,106050,106310,106310,106310,106310,106310,106310,106270,106310,106310,106310,106310,106310,106310,106270,96320,96320,96320,95680,95680,95680,95680,95680,95680,99960
13619897,인텔 코어i5-11세대 11500 (로켓레이크S),인텔 코어i5-11세대 11500,로켓레이크S,"_정품_275,010|_벌크 + 쿨러_183,810|벌크 | _정품_275,010|_벌크 + 쿨러_183,840|벌크 | _정품_275,010|_벌크 + 쿨러_183,850|벌크 | _정품_275,010|_벌크 + 쿨러_183,970|벌크 | _정품_275,010|_벌크 + 쿨러_184,000|벌크 | _정품_275,010|_벌크 + 쿨러_186,810|벌크 | _정품_275,010|벌크 + 쿨러_183,890|_벌크 | _정품_275,010|벌크 + 쿨러_183,920|_벌크 | _정품_275,010|벌크 + 쿨러_186,810|_벌크",171990,171990,171990,171990,171990,171990,171990,171990,171990,171990,171990,171990,171990,171990,172000,172000,171990,169990,169990,169990,169990,169990,169990,169990,169990,169990,169990,169990,169990,169990,169990
13619939,인텔 코어i5-11세대 11600K (로켓레이크S),인텔 코어i5-11세대 11600K,로켓레이크S,"_정품_351,750|병행수입 박스_358,740|_벌크 + 쿨러_311,360|벌크 | _정품_351,750|병행수입 박스_358,740|_벌크 + 쿨러_320,870|벌크 | _정품_351,750|병행수입 박스_358,740|_벌크 + 쿨러_321,360|벌크 | _정품_351,750|병행수입 박스_358,740|_벌크 + 쿨러_326,660|벌크 | _정품_351,750|병행수입 박스_358,740|_벌크 + 쿨러_331,360|벌크 | _정품_351,750|병행수입 박스_358,740|_벌크 + 쿨러_334,010|벌크 | _정품_351,750|병행수입 박스_358,740|_벌크 + 쿨러_362,890|벌크 | _정품_351,750|병행수입 박스_358,740|_벌크 + 쿨러_362,920|벌크 | _정품_351,750|병행수입 박스_358,740|_벌크 + 쿨러_362,930|벌크 | _정품_351,750|병행수입 박스_358,740|_벌크 + 쿨러_363,050|벌크 | _정품_351,750|병행수입 박스_358,740|_벌크 + 쿨러_363,080|벌크 | _정품_351,750|병행수입 박스_358,740|_벌크 + 쿨러_363,180|벌크 | _정품_351,750|병행수입 박스_358,740|_벌크 + 쿨러_363,480|벌크 | _정품_351,750|병행수입 박스_358,740|_벌크 + 쿨러_363,490|벌크 | _정품_351,750|병행수입 박스_358,740|_벌크 + 쿨러_363,520|벌크 | _정품_351,750|병행수입 박스_358,740|벌크 + 쿨러_331,360|_벌크",210000,210000,210000,210000,210000,210000,210000,344540,344530,344530,344530,344530,344530,344530,344530,344530,344530,344530,344530,344530,344530,344530,344530,344530,344530,344530,344530,344530,344530,344530,344530
13809893,인텔 코어i5-11세대 11600KF (로켓레이크S),인텔 코어i5-11세대 11600KF,로켓레이크S,벌크,177120,177120,177120,177120,0,0,173310,173310,173310,173310,173310,173310,173310,173310,173310,173310,173310,0,0,0,248950,238950,238950,0,0,0,0,0,0,0,0
16101326,인텔 코어i5-12세대 12400 (엘더레이크),인텔 코어i5-12세대 12400,엘더레이크,"_정품_177,200|벌크 + 쿨러_166,220|_벌크_153,300|해외구매 | _정품_178,560|벌크 + 쿨러_166,110|_벌크_154,290|해외구매 | _정품_178,570|벌크 + 쿨러_166,070|_벌크_154,290|해외구매 | _정품_178,580|벌크 + 쿨러_166,080|_벌크_154,290|해외구매 | _정품_178,660|벌크 + 쿨러_166,130|_벌크_153,280|해외구매 | _정품_178,660|벌크 + 쿨러_166,140|_벌크_153,280|해외구매 | _정품_178,950|벌크 + 쿨러_166,180|_벌크_153,290|해외구매 | _정품_180,450|벌크 + 쿨러_166,060|_벌크_154,290|해외구매 | _정품_181,140|벌크 + 쿨러_165,920|_벌크_154,290|해외구매 | _정품_182,200|벌크 + 쿨러_166,300|_벌크_156,420|해외구매 | _정품_182,290|벌크 + 쿨러_166,420|_벌크_156,450|해외구매 | _정품_182,940|벌크 + 쿨러_166,020|_벌크_154,290|해외구매 | _정품_183,150|벌크 + 쿨러_170,600|_벌크_156,320|해외구매 | _정품_183,480|벌크 + 쿨러_170,850|_벌크_160,730|해외구매 | _정품_183,600|벌크 + 쿨러_170,860|_벌크_160,740|해외구매 | _정품_183,710|벌크 + 쿨러_170,980|_벌크_160,860|해외구매 | _정품_183,800|벌크 + 쿨러_171,010|_벌크_160,890|해외구매 | _정품_183,910|벌크 + 쿨러_170,860|_벌크_157,590|해외구매 | _정품_184,000|벌크 + 쿨러_176,390|_벌크_160,720|해외구매 | _정품_184,020|벌크 + 쿨러_170,860|_벌크_156,320|해외구매 | _정품_184,280|벌크 + 쿨러_172,860|_벌크_161,100|해외구매 | _정품_184,390|벌크 + 쿨러_172,860|_벌크_161,100|해외구매 | _정품_184,500|벌크 + 쿨러_172,860|_벌크_159,450|해외구매 | _정품_184,610|벌크 + 쿨러_172,890|_벌크_159,600|해외구매 | _정품_184,620|벌크 + 쿨러_170,860|_벌크_156,270|해외구매 | _정품_184,720|벌크 + 쿨러_172,900|_벌크_159,610|해외구매 | _정품_184,830|벌크 + 쿨러_172,930|_벌크_159,640|해외구매 | _정품_185,000|벌크 + 쿨러_172,360|_벌크_158,610|해외구매 | _정품_185,010|벌크 + 쿨러_176,390|_벌크_163,690|해외구매 | _정품_186,610|벌크 + 쿨러_165,890|_벌크_156,560|해외구매 | _정품_187,000|벌크 + 쿨러_166,530|_벌크_156,460|해외구매",249440,249410,249380,249350,249340,249310,249300,243300,243300,243300,243300,243300,243300,243300,243300,243300,243300,243300,249700,249700,249700,239700,239700,239700,229700,231800,231800,231800,231800,231800,231800
16101353,인텔 코어i5-12세대 12400F (엘더레이크),인텔 코어i5-12세대 12400F,엘더레이크,"_정품_137,730||_벌크_125,450|해외구매 | _정품_138,320||_벌크_123,310|해외구매 | _정품_138,350||_벌크_126,330|해외구매 | _정품_138,730||_벌크_126,920|해외구매 | _정품_139,330||_벌크_126,810|해외구매 | _정품_139,440||_벌크_123,570|해외구매 | _정품_139,960||_벌크_126,340|해외구매 | _정품_140,040||_벌크_126,820|해외구매 | _정품_140,050||_벌크_123,530|해외구매 | _정품_140,260||_벌크_123,400|해외구매 | _정품_140,280||_벌크_123,180|해외구매 | _정품_140,480||_벌크_128,310|해외구매 | _정품_140,490||_벌크_123,600|해외구매 | _정품_140,820||_벌크_123,630|해외구매 | _정품_140,970||_벌크_128,400|해외구매 | _정품_140,980||_벌크_128,390|해외구매 | _정품_141,460||_벌크_123,280|해외구매 | _정품_142,850||_벌크_130,860|해외구매 | _정품_142,890||_벌크_130,100|해외구매 | _정품_142,900||_벌크_126,330|해외구매 | _정품_142,930||_벌크_130,110|해외구매 | _정품_142,980||_벌크_126,330|해외구매 | _정품_142,980||_벌크_127,380|해외구매 | _정품_142,990||_벌크_130,000|해외구매 | _정품_142,990||_벌크_130,230|해외구매 | _정품_142,990||_벌크_130,260|해외구매 | _정품_142,990||_벌크_130,650|해외구매 | _정품_143,000||_벌크_126,330|해외구매 | _정품_143,890||_벌크_130,750|해외구매 | _정품_144,400||_벌크_130,950|해외구매",150540,150420,146180,146160,146130,146010,146000,145990,145980,143830,143820,143810,143800,143770,143680,143680,150510,150430,150430,150410,150380,140570,140570,140570,135520,136510,136510,136510,136510,136510,136510
17811980,인텔 코어i5-12세대 12400T (엘더레이크),인텔 코어i5-12세대 12400T,엘더레이크,벌크,388000,388000,388000,388000,388000,388000,388000,388000,388000,388000,388000,388000,388000,388000,388000,388000,388000,388000,388000,388000,388000,388000,388000,388000,388000,388000,388000,388000,388000,388000,388000
16101398,인텔 코어i5-12세대 12500 (엘더레이크),인텔 코어i5-12세대 12500,엘더레이크,"_정품_460,200|_벌크 + 쿨러_251,580|벌크 | _정품_460,200|_벌크 + 쿨러_251,610|벌크 | _정품_460,200|_벌크 + 쿨러_251,620|벌크 | _정품_460,200|벌크 + 쿨러_250,630|_벌크 | _정품_460,200|벌크 + 쿨러_250,640|_벌크 | _정품_460,200|벌크 + 쿨러_250,650|_벌크 | _정품_460,200|벌크 + 쿨러_250,660|_벌크 | _정품_460,200|벌크 + 쿨러_250,670|_벌크 | _정품_460,200|벌크 + 쿨러_251,290|_벌크 | _정품_460,200|벌크 + 쿨러_251,300|_벌크 | _정품_460,200|벌크 + 쿨러_251,420|_벌크 | _정품_460,200|벌크 + 쿨러_251,540|_벌크 | _정품_460,200|벌크 + 쿨러_251,570|_벌크 | _정품_460,200|벌크 + 쿨러_251,630|_벌크 | _정품_460,200|벌크 + 쿨러_251,650|_벌크 | _정품_460,200|벌크 + 쿨러_251,740|_벌크 | _정품_460,200|벌크 + 쿨러_251,830|_벌크 | _정품_460,200|벌크 + 쿨러_251,920|_벌크 | _정품_460,200|벌크 + 쿨러_251,930|_벌크 | _정품_460,200|벌크 + 쿨러_251,940|_벌크 | _정품_460,200|벌크 + 쿨러_251,950|_벌크 | _정품_460,200|벌크 + 쿨러_251,960|_벌크 | _정품_460,200|벌크 + 쿨러_257,490|_벌크",237890,237880,237870,237870,237860,237860,237860,237860,237850,237850,237850,240770,240760,240750,240740,240720,240640,240630,240650,240560,240460,240450,240420,240320,237800,237770,237650,237640,237610,237600,237570
16393835,인텔 코어i5-12세대 12500T (엘더레이크),인텔 코어i5-12세대 12500T,엘더레이크,벌크,347990,347990,347990,347990,347990,347990,347990,347990,347990,347990,347990,347990,347990,347990,0,0,0,0,0,0,0,0,0,0,0,338000,338000,338000,338000,338000,338000
16156169,인텔 코어i5-12세대 12600 (엘더레이크),인텔 코어i5-12세대 12600,엘더레이크,벌크,348000,348000,0,348000,348000,348000,348000,348000,348000,348000,348000,348000,348000,0,348000,348000,348000,348000,348000,348000,348000,348000,295750,295750,305000,305000,305000,305000,305000,305000,305000
15594263,인텔 코어i5-12세대 12600K (엘더레이크),인텔 코어i5-12세대 12600K,엘더레이크,"_정품_270,500|_벌크 + 쿨러_261,440|벌크_247,190|해외구매 | _정품_270,500|_벌크 + 쿨러_261,450|벌크_247,190|해외구매 | _정품_270,500|벌크 + 쿨러_260,000|_벌크_246,150|해외구매 | _정품_270,500|벌크 + 쿨러_260,000|_벌크_247,190|해외구매 | _정품_270,500|벌크 + 쿨러_261,440|_벌크_247,190|해외구매 | _정품_270,510|_벌크 + 쿨러_261,800|벌크_247,200|해외구매 | _정품_270,680|벌크 + 쿨러_260,940|_벌크_248,230|해외구매 | _정품_270,680|벌크 + 쿨러_263,020|_벌크_248,740|해외구매 | _정품_270,680|벌크 + 쿨러_263,030|_벌크_248,750|해외구매 | _정품_270,680|벌크 + 쿨러_263,550|벌크_249,270|_해외구매 | _정품_270,680|벌크 + 쿨러_263,730|_벌크_249,770|해외구매 | _정품_270,690|벌크 + 쿨러_258,690|벌크_246,150|_해외구매 | _정품_270,690|벌크 + 쿨러_258,710|_벌크_246,150|해외구매 | _정품_270,690|벌크 + 쿨러_258,730|_벌크_246,150|해외구매 | _정품_270,690|벌크 + 쿨러_258,750|_벌크_246,150|해외구매 | _정품_270,690|벌크 + 쿨러_258,760|_벌크_246,150|해외구매 | _정품_270,690|벌크 + 쿨러_258,770|_벌크_246,150|해외구매 | _정품_270,690|벌크 + 쿨러_258,790|_벌크_246,150|해외구매 | _정품_270,690|벌크 + 쿨러_263,770|_벌크_249,780|해외구매 | _정품_270,690|벌크 + 쿨러_263,870|_벌크_249,780|해외구매 | _정품_270,690|벌크 + 쿨러_263,900|_벌크_249,780|해외구매 | _정품_270,690|벌크 + 쿨러_263,920|_벌크_249,780|해외구매 | _정품_270,690|벌크 + 쿨러_263,940|_벌크_249,780|해외구매 | _정품_270,690|벌크 + 쿨러_263,950|_벌크_249,780|해외구매 | _정품_286,840|벌크 + 쿨러_263,980|_벌크_249,790|해외구매 | _정품_286,840|벌크 + 쿨러_264,010|벌크_249,790|_해외구매",288440,288410,288380,288350,288340,288310,285360,288240,288130,269640,269610,269510,269500,269490,269480,269470,269440,269360,269360,284240,284150,281280,281250,281240,271300,271300,271300,271260,271300,271300,271300
15594446,인텔 코어i5-12세대 12600KF (엘더레이크),인텔 코어i5-12세대 12600KF,엘더레이크,"_정품_233,620|벌크 + 쿨러_235,610|_벌크_221,700|해외구매 | _정품_240,060|_벌크 + 쿨러_232,630|벌크_220,310|해외구매 | _정품_240,060|_벌크 + 쿨러_232,650|벌크_220,330|해외구매 | _정품_240,060|_벌크 + 쿨러_232,670|벌크_220,350|해외구매 | _정품_240,060|벌크 + 쿨러_232,690|_벌크_220,370|해외구매 | _정품_240,060|벌크 + 쿨러_232,700|_벌크_220,380|해외구매 | _정품_240,060|벌크 + 쿨러_232,710|_벌크_220,480|해외구매 | _정품_240,060|벌크 + 쿨러_232,730|_벌크_220,520|해외구매 | _정품_240,060|벌크 + 쿨러_234,440|_벌크_220,530|해외구매 | _정품_240,060|벌크 + 쿨러_234,450|_벌크_220,540|해외구매 | _정품_240,060|벌크 + 쿨러_235,480|_벌크_221,540|해외구매 | _정품_240,060|벌크 + 쿨러_235,520|_벌크_221,550|해외구매 | _정품_240,060|벌크 + 쿨러_235,530|_벌크_221,650|해외구매 | _정품_240,060|벌크 + 쿨러_235,570|_벌크_221,680|해외구매 | _정품_260,740|벌크 + 쿨러_238,340|_벌크_224,130|해외구매 | _정품_260,740|벌크 + 쿨러_238,350|_벌크_224,140|해외구매 | _정품_260,740|벌크 + 쿨러_240,540|_벌크_226,200|해외구매 | _정품_260,740|벌크 + 쿨러_240,570|_벌크_226,200|해외구매 | _정품_260,740|벌크 + 쿨러_240,590|_벌크_226,210|해외구매 | _정품_285,800|벌크 + 쿨러_235,790|_벌크_210,020|해외구매 | _정품_285,800|벌크 + 쿨러_235,790|_벌크_218,660|해외구매 | _정품_285,800|벌크 + 쿨러_235,790|_벌크_221,320|해외구매 | _정품_285,800|벌크 + 쿨러_235,790|_벌크_221,710|해외구매 | _정품_285,800|벌크 + 쿨러_235,790|_벌크_221,790|해외구매 | _정품_285,800|벌크 + 쿨러_235,800|_벌크_210,020|해외구매 | _정품_285,800|벌크 + 쿨러_235,800|_벌크_223,610|해외구매 | _정품_285,800|벌크 + 쿨러_237,820|_벌크_223,610|해외구매 | _정품_285,800|벌크 + 쿨러_237,830|_벌크_223,620|해외구매",231060,231440,231000,231430,231430,231430,231430,231430,231320,220170,229010,228910,228900,228890,229310,231430,231370,231370,231280,231260,231250,221440,221440,221440,211440,250840,250810,250780,250750,250740,250360
18703208,인텔 코어i5-13세대 13400 (랩터레이크),인텔 코어i5-13세대 13400,랩터레이크,"_정품_255,250|벌크 + 쿨러_239,400|_벌크_228,870|중고 + 쿨러_243,000|해외구매 | _정품_255,390|벌크 + 쿨러_233,810|_벌크_232,040|중고 + 쿨러_243,000|해외구매 | _정품_255,960|벌크 + 쿨러_233,910|_벌크_232,040|중고 + 쿨러_243,000|해외구매 | _정품_256,190|벌크 + 쿨러_233,680|_벌크_221,840|중고 + 쿨러_243,000|해외구매 | _정품_256,300|벌크 + 쿨러_233,800|_벌크_221,870|중고 + 쿨러_243,000|해외구매 | _정품_256,330|벌크 + 쿨러_233,920|_벌크_221,970|중고 + 쿨러_243,000|해외구매 | _정품_256,360|벌크 + 쿨러_233,950|_벌크_223,870|중고 + 쿨러_243,000|해외구매 | _정품_256,940|벌크 + 쿨러_233,960|_벌크_223,970|중고 + 쿨러_243,000|해외구매 | _정품_257,200|벌크 + 쿨러_239,400|_벌크_228,880|중고 + 쿨러_243,000|해외구매 | _정품_257,280|벌크 + 쿨러_239,400|_벌크_228,880|중고 + 쿨러_243,000|해외구매 | _정품_257,290|벌크 + 쿨러_236,500|_벌크_228,870|중고 + 쿨러_243,000|해외구매 | _정품_257,320|벌크 + 쿨러_239,400|_벌크_228,880|중고 + 쿨러_243,000|해외구매 | _정품_257,410|벌크 + 쿨러_239,400|_벌크_228,890|중고 + 쿨러_243,000|해외구매 | _정품_257,510|벌크 + 쿨러_239,400|_벌크_228,900|중고 + 쿨러_243,000|해외구매 | _정품_257,670|벌크 + 쿨러_233,990|_벌크_232,200|중고 + 쿨러_243,000|해외구매 | _정품_257,740|벌크 + 쿨러_233,990|_벌크_228,870|중고 + 쿨러_243,000|해외구매 | _정품_258,090|_벌크 + 쿨러_239,410|벌크_228,900|중고 + 쿨러_243,000|해외구매 | _정품_258,270|벌크 + 쿨러_233,670|_벌크_221,610|중고 + 쿨러_243,000|해외구매 | _정품_258,300|벌크 + 쿨러_233,670|_벌크_221,710|중고 + 쿨러_243,000|해외구매 | _정품_258,580|벌크 + 쿨러_233,990|_벌크_223,980|중고 + 쿨러_243,000|해외구매 | _정품_258,690|_벌크 + 쿨러_239,420|벌크_228,910|중고 + 쿨러_243,000|해외구매 | _정품_258,750|벌크 + 쿨러_233,760|_벌크_228,870|중고 + 쿨러_243,000|해외구매 | _정품_259,730|벌크 + 쿨러_233,680|_벌크_232,040|중고 + 쿨러_243,000|해외구매 | _정품_260,370|벌크 + 쿨러_233,860|_벌크_228,870|중고 + 쿨러_243,000|해외구매 | _정품_260,730|벌크 + 쿨러_239,400|_벌크_228,870|중고 + 쿨러_243,000|해외구매 | _정품_260,760|벌크 + 쿨러_233,700|_벌크_232,040|중고 + 쿨러_243,000|해외구매 | _정품_260,760|벌크 + 쿨러_233,720|_벌크_232,040|중고 + 쿨러_243,000|해외구매 | _정품_260,790|벌크 + 쿨러_233,970|_벌크_228,870|중고 + 쿨러_243,000|해외구매 | _정품_260,860|벌크 + 쿨러_233,990|_벌크_221,580|중고 + 쿨러_243,000|해외구매 | _정품_261,770|벌크 + 쿨러_233,960|_벌크_221,460|중고 + 쿨러_243,000|해외구매 | _정품_268,180|벌크 + 쿨러_239,430|_벌크_229,820|중고 + 쿨러_243,000|해외구매",415700,415700,415700,415700,415700,415700,415700,415700,415700,415700,415700,415700,415700,415700,415700,415700,415700,415700,415700,415700,415700,415700,415700,415700,415700,415700,415700,415700,415700,415700,415700
18640286,인텔 코어i5-13세대 13400 (랩터레이크),인텔 코어i5-13세대 13400,랩터레이크,"_정품_255,250|벌크 + 쿨러_239,400|_벌크_228,870|중고 + 쿨러_243,000|해외구매 | _정품_255,390|벌크 + 쿨러_233,810|_벌크_232,040|중고 + 쿨러_243,000|해외구매 | _정품_255,960|벌크 + 쿨러_233,910|_벌크_232,040|중고 + 쿨러_243,000|해외구매 | _정품_256,190|벌크 + 쿨러_233,680|_벌크_221,840|중고 + 쿨러_243,000|해외구매 | _정품_256,300|벌크 + 쿨러_233,800|_벌크_221,870|중고 + 쿨러_243,000|해외구매 | _정품_256,330|벌크 + 쿨러_233,920|_벌크_221,970|중고 + 쿨러_243,000|해외구매 | _정품_256,360|벌크 + 쿨러_233,950|_벌크_223,870|중고 + 쿨러_243,000|해외구매 | _정품_256,940|벌크 + 쿨러_233,960|_벌크_223,970|중고 + 쿨러_243,000|해외구매 | _정품_257,200|벌크 + 쿨러_239,400|_벌크_228,880|중고 + 쿨러_243,000|해외구매 | _정품_257,280|벌크 + 쿨러_239,400|_벌크_228,880|중고 + 쿨러_243,000|해외구매 | _정품_257,290|벌크 + 쿨러_236,500|_벌크_228,870|중고 + 쿨러_243,000|해외구매 | _정품_257,320|벌크 + 쿨러_239,400|_벌크_228,880|중고 + 쿨러_243,000|해외구매 | _정품_257,410|벌크 + 쿨러_239,400|_벌크_228,890|중고 + 쿨러_243,000|해외구매 | _정품_257,510|벌크 + 쿨러_239,400|_벌크_228,900|중고 + 쿨러_243,000|해외구매 | _정품_257,670|벌크 + 쿨러_233,990|_벌크_232,200|중고 + 쿨러_243,000|해외구매 | _정품_257,740|벌크 + 쿨러_233,990|_벌크_228,870|중고 + 쿨러_243,000|해외구매 | _정품_258,090|_벌크 + 쿨러_239,410|벌크_228,900|중고 + 쿨러_243,000|해외구매 | _정품_258,270|벌크 + 쿨러_233,670|_벌크_221,610|중고 + 쿨러_243,000|해외구매 | _정품_258,300|벌크 + 쿨러_233,670|_벌크_221,710|중고 + 쿨러_243,000|해외구매 | _정품_258,580|벌크 + 쿨러_233,990|_벌크_223,980|중고 + 쿨러_243,000|해외구매 | _정품_258,690|_벌크 + 쿨러_239,420|벌크_228,910|중고 + 쿨러_243,000|해외구매 | _정품_258,750|벌크 + 쿨러_233,760|_벌크_228,870|중고 + 쿨러_243,000|해외구매 | _정품_259,730|벌크 + 쿨러_233,680|_벌크_232,040|중고 + 쿨러_243,000|해외구매 | _정품_260,370|벌크 + 쿨러_233,860|_벌크_228,870|중고 + 쿨러_243,000|해외구매 | _정품_260,730|벌크 + 쿨러_239,400|_벌크_228,870|중고 + 쿨러_243,000|해외구매 | _정품_260,760|벌크 + 쿨러_233,700|_벌크_232,040|중고 + 쿨러_243,000|해외구매 | _정품_260,760|벌크 + 쿨러_233,720|_벌크_232,040|중고 + 쿨러_243,000|해외구매 | _정품_260,790|벌크 + 쿨러_233,970|_벌크_228,870|중고 + 쿨러_243,000|해외구매 | _정품_260,860|벌크 + 쿨러_233,990|_벌크_221,580|중고 + 쿨러_243,000|해외구매 | _정품_261,770|벌크 + 쿨러_233,960|_벌크_221,460|중고 + 쿨러_243,000|해외구매 | _정품_268,180|벌크 + 쿨러_239,430|_벌크_229,820|중고 + 쿨러_243,000|해외구매",415700,415700,415700,415700,415700,415700,415700,415700,415700,415700,415700,415700,415700,415700,415700,415700,415700,415700,415700,415700,415700,415700,415700,415700,415700,415700,415700,415700,415700,415700,415700
18702812,인텔 코어i5-13세대 13400F (랩터레이크),인텔 코어i5-13세대 13400F,랩터레이크,"_정품_210,710|벌크 + 쿨러_195,620|_벌크_185,470|해외구매 | _정품_210,810|벌크 + 쿨러_196,760|_벌크_186,410|해외구매 | _정품_210,820|벌크 + 쿨러_196,790|_벌크_181,670|해외구매 | _정품_210,850|벌크 + 쿨러_198,350|_벌크_182,990|해외구매 | _정품_210,860|벌크 + 쿨러_198,360|_벌크_182,990|해외구매 | _정품_210,950|벌크 + 쿨러_198,390|_벌크_182,990|해외구매 | _정품_211,580|벌크 + 쿨러_200,290|_벌크_189,650|해외구매 | _정품_211,680|벌크 + 쿨러_200,290|_벌크_189,670|해외구매 | _정품_211,790|벌크 + 쿨러_200,290|_벌크_189,770|해외구매 | _정품_211,880|벌크 + 쿨러_189,000|_벌크_182,590|해외구매 | _정품_211,890|벌크 + 쿨러_200,300|_벌크_189,800|해외구매 | _정품_211,990|벌크 + 쿨러_200,300|_벌크_189,820|해외구매 | _정품_212,100|벌크 + 쿨러_200,300|_벌크_189,900|해외구매 | _정품_212,280|벌크 + 쿨러_200,300|_벌크_189,190|해외구매 | _정품_212,300|벌크 + 쿨러_198,430|_벌크_189,200|해외구매 | _정품_212,410|벌크 + 쿨러_198,430|_벌크_187,020|해외구매 | _정품_212,450|벌크 + 쿨러_198,430|_벌크_189,200|해외구매 | _정품_212,520|벌크 + 쿨러_198,430|_벌크_187,790|해외구매 | _정품_212,560|벌크 + 쿨러_198,430|_벌크_189,210|해외구매 | _정품_212,630|벌크 + 쿨러_198,430|_벌크_187,800|해외구매 | _정품_212,740|벌크 + 쿨러_198,430|_벌크_187,900|해외구매 | _정품_212,940|벌크 + 쿨러_198,430|_벌크_187,950|해외구매 | _정품_213,200|벌크 + 쿨러_198,430|_벌크_189,210|해외구매 | _정품_214,670|벌크 + 쿨러_198,950|_벌크_189,500|해외구매 | _정품_214,990|벌크 + 쿨러_200,290|_벌크_189,550|해외구매 | _정품_215,060|벌크 + 쿨러_198,430|_벌크_189,210|해외구매 | _정품_216,230|벌크 + 쿨러_198,430|_벌크_189,220|해외구매 | _정품_216,990|벌크 + 쿨러_198,430|_벌크_189,230|해외구매 | _정품_217,420|벌크 + 쿨러_198,430|_벌크_189,230|해외구매 | _정품_217,710|벌크 + 쿨러_198,440|_벌크_189,240|해외구매 | _정품_217,920|벌크 + 쿨러_199,790|_벌크_190,590|해외구매",255640,255520,255490,255460,255450,255420,255360,255260,255250,255220,255210,240800,240790,240760,240660,240640,240560,256220,256130,256110,256100,256090,256060,256050,256020,255900,253290,253280,253250,253150,253030
18640280,인텔 코어i5-13세대 13400F (랩터레이크),인텔 코어i5-13세대 13400F,랩터레이크,"_정품_210,710|벌크 + 쿨러_195,620|_벌크_185,470|해외구매 | _정품_210,810|벌크 + 쿨러_196,760|_벌크_186,410|해외구매 | _정품_210,820|벌크 + 쿨러_196,790|_벌크_181,670|해외구매 | _정품_210,850|벌크 + 쿨러_198,350|_벌크_182,990|해외구매 | _정품_210,860|벌크 + 쿨러_198,360|_벌크_182,990|해외구매 | _정품_210,950|벌크 + 쿨러_198,390|_벌크_182,990|해외구매 | _정품_211,580|벌크 + 쿨러_200,290|_벌크_189,650|해외구매 | _정품_211,680|벌크 + 쿨러_200,290|_벌크_189,670|해외구매 | _정품_211,790|벌크 + 쿨러_200,290|_벌크_189,770|해외구매 | _정품_211,880|벌크 + 쿨러_189,000|_벌크_182,590|해외구매 | _정품_211,890|벌크 + 쿨러_200,300|_벌크_189,800|해외구매 | _정품_211,990|벌크 + 쿨러_200,300|_벌크_189,820|해외구매 | _정품_212,100|벌크 + 쿨러_200,300|_벌크_189,900|해외구매 | _정품_212,280|벌크 + 쿨러_200,300|_벌크_189,190|해외구매 | _정품_212,300|벌크 + 쿨러_198,430|_벌크_189,200|해외구매 | _정품_212,410|벌크 + 쿨러_198,430|_벌크_187,020|해외구매 | _정품_212,450|벌크 + 쿨러_198,430|_벌크_189,200|해외구매 | _정품_212,520|벌크 + 쿨러_198,430|_벌크_187,790|해외구매 | _정품_212,560|벌크 + 쿨러_198,430|_벌크_189,210|해외구매 | _정품_212,630|벌크 + 쿨러_198,430|_벌크_187,800|해외구매 | _정품_212,740|벌크 + 쿨러_198,430|_벌크_187,900|해외구매 | _정품_212,940|벌크 + 쿨러_198,430|_벌크_187,950|해외구매 | _정품_213,200|벌크 + 쿨러_198,430|_벌크_189,210|해외구매 | _정품_214,670|벌크 + 쿨러_198,950|_벌크_189,500|해외구매 | _정품_214,990|벌크 + 쿨러_200,290|_벌크_189,550|해외구매 | _정품_215,060|벌크 + 쿨러_198,430|_벌크_189,210|해외구매 | _정품_216,230|벌크 + 쿨러_198,430|_벌크_189,220|해외구매 | _정품_216,990|벌크 + 쿨러_198,430|_벌크_189,230|해외구매 | _정품_217,420|벌크 + 쿨러_198,430|_벌크_189,230|해외구매 | _정품_217,710|벌크 + 쿨러_198,440|_벌크_189,240|해외구매 | _정품_217,920|벌크 + 쿨러_199,790|_벌크_190,590|해외구매",255640,255520,255490,255460,255450,255420,255360,255260,255250,255220,255210,240800,240790,240760,240660,240640,240560,256220,256130,256110,256100,256090,256060,256050,256020,255900,253290,253280,253250,253150,253030
18703382,인텔 코어i5-13세대 13500 (랩터레이크),인텔 코어i5-13세대 13500,랩터레이크,"_정품_325,540|벌크 + 쿨러_312,370|_벌크_301,580|해외구매 | _정품_325,540|벌크 + 쿨러_312,370|_벌크_301,610|해외구매 | _정품_325,540|벌크 + 쿨러_312,370|_벌크_301,630|해외구매 | _정품_325,540|벌크 + 쿨러_312,370|_벌크_301,660|해외구매 | _정품_325,540|벌크 + 쿨러_312,380|_벌크_298,550|해외구매 | _정품_325,550|벌크 + 쿨러_308,390|_벌크_298,560|해외구매 | _정품_325,560|벌크 + 쿨러_308,400|_벌크_298,560|해외구매 | _정품_325,570|벌크 + 쿨러_308,400|_벌크_298,560|해외구매 | _정품_325,580|벌크 + 쿨러_308,410|_벌크_298,570|해외구매 | _정품_325,740|벌크 + 쿨러_308,410|_벌크_298,570|해외구매 | _정품_325,760|벌크 + 쿨러_308,420|_벌크_298,580|해외구매 | _정품_325,770|벌크 + 쿨러_308,420|_벌크_298,600|해외구매 | _정품_325,780|벌크 + 쿨러_308,430|_벌크_298,610|해외구매 | _정품_325,790|벌크 + 쿨러_308,440|_벌크_298,620|해외구매 | _정품_329,470|벌크 + 쿨러_316,110|_벌크_301,570|해외구매 | _정품_329,470|벌크 + 쿨러_318,310|_벌크_303,960|해외구매 | _정품_329,470|벌크 + 쿨러_318,310|_벌크_303,990|해외구매 | _정품_333,190|벌크 + 쿨러_316,230|_벌크_303,700|해외구매 | _정품_333,300|벌크 + 쿨러_318,290|_벌크_303,730|해외구매 | _정품_333,420|벌크 + 쿨러_318,300|_벌크_303,740|해외구매 | _정품_333,530|벌크 + 쿨러_318,300|_벌크_303,770|해외구매 | _정품_333,530|벌크 + 쿨러_318,300|_벌크_303,780|해외구매 | _정품_333,530|벌크 + 쿨러_318,300|_벌크_303,900|해외구매 | _정품_333,540|벌크 + 쿨러_318,300|_벌크_303,930|해외구매",398040,398030,398000,397880,397870,397840,397830,397820,397720,397620,397610,397600,397590,397560,397470,397460,397430,397360,397270,397250,397240,396320,396200,396190,396160,396040,395920,395910,395880,395870,395840
18640319,인텔 코어i5-13세대 13500 (랩터레이크),인텔 코어i5-13세대 13500,랩터레이크,"_정품_325,540|벌크 + 쿨러_312,370|_벌크_301,580|해외구매 | _정품_325,540|벌크 + 쿨러_312,370|_벌크_301,610|해외구매 | _정품_325,540|벌크 + 쿨러_312,370|_벌크_301,630|해외구매 | _정품_325,540|벌크 + 쿨러_312,370|_벌크_301,660|해외구매 | _정품_325,540|벌크 + 쿨러_312,380|_벌크_298,550|해외구매 | _정품_325,550|벌크 + 쿨러_308,390|_벌크_298,560|해외구매 | _정품_325,560|벌크 + 쿨러_308,400|_벌크_298,560|해외구매 | _정품_325,570|벌크 + 쿨러_308,400|_벌크_298,560|해외구매 | _정품_325,580|벌크 + 쿨러_308,410|_벌크_298,570|해외구매 | _정품_325,740|벌크 + 쿨러_308,410|_벌크_298,570|해외구매 | _정품_325,760|벌크 + 쿨러_308,420|_벌크_298,580|해외구매 | _정품_325,770|벌크 + 쿨러_308,420|_벌크_298,600|해외구매 | _정품_325,780|벌크 + 쿨러_308,430|_벌크_298,610|해외구매 | _정품_325,790|벌크 + 쿨러_308,440|_벌크_298,620|해외구매 | _정품_329,470|벌크 + 쿨러_316,110|_벌크_301,570|해외구매 | _정품_329,470|벌크 + 쿨러_318,310|_벌크_303,960|해외구매 | _정품_329,470|벌크 + 쿨러_318,310|_벌크_303,990|해외구매 | _정품_333,190|벌크 + 쿨러_316,230|_벌크_303,700|해외구매 | _정품_333,300|벌크 + 쿨러_318,290|_벌크_303,730|해외구매 | _정품_333,420|벌크 + 쿨러_318,300|_벌크_303,740|해외구매 | _정품_333,530|벌크 + 쿨러_318,300|_벌크_303,770|해외구매 | _정품_333,530|벌크 + 쿨러_318,300|_벌크_303,780|해외구매 | _정품_333,530|벌크 + 쿨러_318,300|_벌크_303,900|해외구매 | _정품_333,540|벌크 + 쿨러_318,300|_벌크_303,930|해외구매",398040,398030,398000,397880,397870,397840,397830,397820,397720,397620,397610,397600,397590,397560,397470,397460,397430,397360,397270,397250,397240,396320,396200,396190,396160,396040,395920,395910,395880,395870,395840
18665261,인텔 코어i5-13세대 13500T (랩터레이크),인텔 코어i5-13세대 13500T,랩터레이크,벌크,387650,387530,387500,387470,387470,387400,387370,387270,387260,387250,387240,387210,387090,386970,386870,386850,386790,386780,386780,386760,386750,386740,386710,386700,386670,386550,386430,386420,386390,386380,386350
18169169,인텔 코어i5-13세대 13600K (랩터레이크),인텔 코어i5-13세대 13600K,랩터레이크,"_정품_393,240|벌크 + 쿨러_356,030|_벌크_346,510|해외구매 | _정품_407,710|벌크 + 쿨러_356,020|_벌크_346,500|해외구매 | _정품_419,740|벌크 + 쿨러_356,020|_벌크_346,490|해외구매 | _정품_441,530|_벌크 + 쿨러_340,450|벌크_330,900|해외구매 | _정품_441,530|벌크 + 쿨러_340,460|_벌크_330,910|해외구매 | _정품_441,530|벌크 + 쿨러_342,540|_벌크_332,990|해외구매 | _정품_441,530|벌크 + 쿨러_346,690|_벌크_337,150|해외구매 | _정품_441,530|벌크 + 쿨러_346,690|_벌크_337,160|해외구매 | _정품_441,530|벌크 + 쿨러_346,690|_벌크_337,170|해외구매 | _정품_446,590|벌크 + 쿨러_340,440|_벌크_330,860|해외구매 | _정품_446,590|벌크 + 쿨러_340,440|_벌크_330,870|해외구매 | _정품_446,590|벌크 + 쿨러_340,440|_벌크_330,880|해외구매 | _정품_446,590|벌크 + 쿨러_340,440|_벌크_330,890|해외구매 | _정품_446,590|벌크 + 쿨러_340,440|벌크_330,880|_해외구매 | _정품_446,600|벌크 + 쿨러_340,450|_벌크_330,890|해외구매 | _정품_446,600|벌크 + 쿨러_340,450|_벌크_330,900|해외구매 | _정품_446,680|벌크 + 쿨러_340,440|_벌크_330,840|해외구매 | _정품_446,680|벌크 + 쿨러_340,440|_벌크_330,860|해외구매",384220,384100,384070,384040,384030,384000,383940,383820,360700,360610,360600,326150,326120,326020,326190,326200,326190,326190,335490,384560,384440,384430,384400,384390,384360,384240,345810,327200,327200,327200,327200
18039269,인텔 코어i5-13세대 13600K (랩터레이크),인텔 코어i5-13세대 13600K,랩터레이크,"_정품_393,240|벌크 + 쿨러_356,030|_벌크_346,510|해외구매 | _정품_407,710|벌크 + 쿨러_356,020|_벌크_346,500|해외구매 | _정품_419,740|벌크 + 쿨러_356,020|_벌크_346,490|해외구매 | _정품_441,530|_벌크 + 쿨러_340,450|벌크_330,900|해외구매 | _정품_441,530|벌크 + 쿨러_340,460|_벌크_330,910|해외구매 | _정품_441,530|벌크 + 쿨러_342,540|_벌크_332,990|해외구매 | _정품_441,530|벌크 + 쿨러_346,690|_벌크_337,150|해외구매 | _정품_441,530|벌크 + 쿨러_346,690|_벌크_337,160|해외구매 | _정품_441,530|벌크 + 쿨러_346,690|_벌크_337,170|해외구매 | _정품_446,590|벌크 + 쿨러_340,440|_벌크_330,860|해외구매 | _정품_446,590|벌크 + 쿨러_340,440|_벌크_330,870|해외구매 | _정품_446,590|벌크 + 쿨러_340,440|_벌크_330,880|해외구매 | _정품_446,590|벌크 + 쿨러_340,440|_벌크_330,890|해외구매 | _정품_446,590|벌크 + 쿨러_340,440|벌크_330,880|_해외구매 | _정품_446,600|벌크 + 쿨러_340,450|_벌크_330,890|해외구매 | _정품_446,600|벌크 + 쿨러_340,450|_벌크_330,900|해외구매 | _정품_446,680|벌크 + 쿨러_340,440|_벌크_330,840|해외구매 | _정품_446,680|벌크 + 쿨러_340,440|_벌크_330,860|해외구매",384220,384100,384070,384040,384030,384000,383940,383820,360700,360610,360600,326150,326120,326020,326190,326200,326190,326190,335490,384560,384440,384430,384400,384390,384360,384240,345810,327200,327200,327200,327200
18169268,인텔 코어i5-13세대 13600KF (랩터레이크),인텔 코어i5-13세대 13600KF,랩터레이크,"_정품_342,160||_벌크_302,380|해외구매 | _정품_342,250||_벌크_302,390|해외구매 | _정품_342,360||_벌크_303,930|해외구매 | _정품_344,490||_벌크_301,860|해외구매 | _정품_344,490||_벌크_301,870|해외구매 | _정품_344,490||_벌크_302,360|해외구매 | _정품_344,490||_벌크_302,380|해외구매 | _정품_344,850||_벌크_302,360|해외구매 | _정품_344,880||_벌크_300,830|해외구매 | _정품_344,960||_벌크_302,370|해외구매 | _정품_358,820||벌크_294,550|_해외구매 | _정품_358,920||벌크_294,960|_해외구매 | _정품_359,030||벌크_295,270|_해외구매 | _정품_359,120||벌크_295,360|_해외구매 | _정품_359,230||_벌크_295,470|해외구매 | _정품_359,430||_벌크_295,670|해외구매 | _정품_359,450||_벌크_295,700|해외구매 | _정품_359,530||_벌크_299,270|해외구매 | _정품_359,650||_벌크_300,820|해외구매 | _정품_359,780||_벌크_300,820|해외구매 | _정품_360,000||_벌크_292,920|해외구매 | _정품_360,000||_벌크_292,930|해외구매 | _정품_360,000||_벌크_292,960|해외구매 | _정품_360,000||_벌크_292,970|해외구매 | _정품_360,000||_벌크_293,090|해외구매 | _정품_360,000||_벌크_293,120|해외구매 | _정품_360,000||_벌크_293,150|해외구매 | _정품_360,000||_벌크_297,570|해외구매 | _정품_360,000||벌크_293,850|_해외구매 | _정품_360,000||벌크_294,190|_해외구매",357310,357290,357180,333130,304050,303930,303920,303910,303900,303820,303790,303680,297880,303450,242800,249740,249740,249740,249740,249740,249740,249740,249740,249740,254090,254090,254090,254090,254090,254090,254090
18038831,인텔 코어i5-13세대 13600KF (랩터레이크),인텔 코어i5-13세대 13600KF,랩터레이크,"_정품_342,160||_벌크_302,380|해외구매 | _정품_342,250||_벌크_302,390|해외구매 | _정품_342,360||_벌크_303,930|해외구매 | _정품_344,490||_벌크_301,860|해외구매 | _정품_344,490||_벌크_301,870|해외구매 | _정품_344,490||_벌크_302,360|해외구매 | _정품_344,490||_벌크_302,380|해외구매 | _정품_344,850||_벌크_302,360|해외구매 | _정품_344,880||_벌크_300,830|해외구매 | _정품_344,960||_벌크_302,370|해외구매 | _정품_358,820||벌크_294,550|_해외구매 | _정품_358,920||벌크_294,960|_해외구매 | _정품_359,030||벌크_295,270|_해외구매 | _정품_359,120||벌크_295,360|_해외구매 | _정품_359,230||_벌크_295,470|해외구매 | _정품_359,430||_벌크_295,670|해외구매 | _정품_359,450||_벌크_295,700|해외구매 | _정품_359,530||_벌크_299,270|해외구매 | _정품_359,650||_벌크_300,820|해외구매 | _정품_359,780||_벌크_300,820|해외구매 | _정품_360,000||_벌크_292,920|해외구매 | _정품_360,000||_벌크_292,930|해외구매 | _정품_360,000||_벌크_292,960|해외구매 | _정품_360,000||_벌크_292,970|해외구매 | _정품_360,000||_벌크_293,090|해외구매 | _정품_360,000||_벌크_293,120|해외구매 | _정품_360,000||_벌크_293,150|해외구매 | _정품_360,000||_벌크_297,570|해외구매 | _정품_360,000||벌크_293,850|_해외구매 | _정품_360,000||벌크_294,190|_해외구매",357310,357290,357180,333130,304050,303930,303920,303910,303900,303820,303790,303680,297880,303450,242800,249740,249740,249740,249740,249740,249740,249740,249740,249740,254090,254090,254090,254090,254090,254090,254090
32102876,인텔 코어i5-14세대 14400 (랩터레이크 리프레시),인텔 코어i5-14세대 14400,랩터레이크 리프레시,"_정품_268,100|_벌크 + 쿨러_253,260|벌크_255,140|해외구매 | _정품_268,100|_벌크 + 쿨러_266,280|벌크_255,140|해외구매 | _정품_268,110|_벌크 + 쿨러_253,330|벌크_255,150|해외구매 | _정품_268,110|벌크 + 쿨러_241,130|_벌크_255,160|해외구매 | _정품_268,110|벌크 + 쿨러_241,250|_벌크_255,160|해외구매 | _정품_268,120|벌크 + 쿨러_241,280|_벌크_255,170|해외구매 | _정품_268,130|벌크 + 쿨러_242,600|_벌크_255,180|해외구매 | _정품_268,130|벌크 + 쿨러_266,310|_벌크_255,180|해외구매 | _정품_268,140|벌크 + 쿨러_266,320|_벌크_255,180|해외구매 | _정품_268,150|벌크 + 쿨러_266,330|_벌크_255,190|해외구매 | _정품_268,160|벌크 + 쿨러_266,340|_벌크_255,200|해외구매 | _정품_268,170|벌크 + 쿨러_266,340|_벌크_255,730|해외구매 | _정품_268,180|벌크 + 쿨러_266,790|_벌크_255,990|해외구매 | _정품_268,600|벌크 + 쿨러_266,800|_벌크_256,000|해외구매 | _정품_268,700|벌크 + 쿨러_266,800|_벌크_256,000|해외구매 | _정품_268,710|벌크 + 쿨러_266,810|_벌크_256,010|해외구매 | _정품_269,730|벌크 + 쿨러_266,830|_벌크_256,020|해외구매 | _정품_270,670|벌크 + 쿨러_266,850|_벌크_256,030|해외구매 | _정품_270,680|벌크 + 쿨러_266,860|_벌크_256,040|해외구매 | _정품_271,390|_벌크 + 쿨러_253,230|벌크_257,790|해외구매 | _정품_273,370|_벌크 + 쿨러_269,470|벌크_257,780|해외구매 | _정품_273,380|_벌크 + 쿨러_267,450|벌크_257,780|해외구매 | _정품_273,450|_벌크 + 쿨러_267,450|벌크_257,780|해외구매 | _정품_273,460|_벌크 + 쿨러_267,450|벌크_257,780|해외구매 | _정품_273,560|_벌크 + 쿨러_267,450|벌크_257,790|해외구매 | _정품_275,260|_벌크 + 쿨러_268,950|벌크_257,780|해외구매",443490,443490,443490,443490,443490,443490,407200,411490,411490,411490,407200,407200,407200,401320,401320,401320,403590,403590,381930,381930,381930,381930,381930,381930,381930,381930,381930,381930,381930,381930,381930
32038580,인텔 코어i5-14세대 14400 (랩터레이크 리프레시),인텔 코어i5-14세대 14400,랩터레이크 리프레시,"_정품_268,100|_벌크 + 쿨러_253,260|벌크_255,140|해외구매 | _정품_268,100|_벌크 + 쿨러_266,280|벌크_255,140|해외구매 | _정품_268,110|_벌크 + 쿨러_253,330|벌크_255,150|해외구매 | _정품_268,110|벌크 + 쿨러_241,130|_벌크_255,160|해외구매 | _정품_268,110|벌크 + 쿨러_241,250|_벌크_255,160|해외구매 | _정품_268,120|벌크 + 쿨러_241,280|_벌크_255,170|해외구매 | _정품_268,130|벌크 + 쿨러_242,600|_벌크_255,180|해외구매 | _정품_268,130|벌크 + 쿨러_266,310|_벌크_255,180|해외구매 | _정품_268,140|벌크 + 쿨러_266,320|_벌크_255,180|해외구매 | _정품_268,150|벌크 + 쿨러_266,330|_벌크_255,190|해외구매 | _정품_268,160|벌크 + 쿨러_266,340|_벌크_255,200|해외구매 | _정품_268,170|벌크 + 쿨러_266,340|_벌크_255,730|해외구매 | _정품_268,180|벌크 + 쿨러_266,790|_벌크_255,990|해외구매 | _정품_268,600|벌크 + 쿨러_266,800|_벌크_256,000|해외구매 | _정품_268,700|벌크 + 쿨러_266,800|_벌크_256,000|해외구매 | _정품_268,710|벌크 + 쿨러_266,810|_벌크_256,010|해외구매 | _정품_269,730|벌크 + 쿨러_266,830|_벌크_256,020|해외구매 | _정품_270,670|벌크 + 쿨러_266,850|_벌크_256,030|해외구매 | _정품_270,680|벌크 + 쿨러_266,860|_벌크_256,040|해외구매 | _정품_271,390|_벌크 + 쿨러_253,230|벌크_257,790|해외구매 | _정품_273,370|_벌크 + 쿨러_269,470|벌크_257,780|해외구매 | _정품_273,380|_벌크 + 쿨러_267,450|벌크_257,780|해외구매 | _정품_273,450|_벌크 + 쿨러_267,450|벌크_257,780|해외구매 | _정품_273,460|_벌크 + 쿨러_267,450|벌크_257,780|해외구매 | _정품_273,560|_벌크 + 쿨러_267,450|벌크_257,790|해외구매 | _정품_275,260|_벌크 + 쿨러_268,950|벌크_257,780|해외구매",443490,443490,443490,443490,443490,443490,407200,411490,411490,411490,407200,407200,407200,401320,401320,401320,403590,403590,381930,381930,381930,381930,381930,381930,381930,381930,381930,381930,381930,381930,381930
32102786,인텔 코어i5-14세대 14400F (랩터레이크 리프레시),인텔 코어i5-14세대 14400F,랩터레이크 리프레시,"_정품_208,820||_벌크_210,600|해외구매 | _정품_219,860||_벌크_213,000|해외구매 | _정품_219,890||_벌크_210,580|해외구매 | _정품_219,940||_벌크_213,020|해외구매 | _정품_219,950||_벌크_213,110|해외구매 | _정품_219,980||_벌크_210,580|해외구매 | _정품_220,000||_벌크_210,580|해외구매 | _정품_220,020||_벌크_210,580|해외구매 | _정품_220,030||_벌크_210,580|해외구매 | _정품_220,080||_벌크_210,570|해외구매 | _정품_220,130||_벌크_210,590|해외구매 | _정품_220,200||_벌크_210,570|해외구매 | _정품_220,290||_벌크_210,570|해외구매 | _정품_221,430||_벌크_210,590|해외구매 | _정품_221,430||_벌크_210,600|해외구매 | _정품_221,440||_벌크_210,620|해외구매 | _정품_221,460||_벌크_213,060|해외구매 | _정품_221,800||_벌크_213,770|해외구매 | _정품_221,810||_벌크_209,100|해외구매 | _정품_221,840||_벌크_209,110|해외구매 | _정품_221,850||_벌크_209,110|해외구매 | _정품_221,970||_벌크_209,110|해외구매 | _정품_222,000||_벌크_208,790|해외구매 | _정품_223,290||_벌크_213,000|해외구매 | _정품_224,030||_벌크_210,630|해외구매 | _정품_224,950||_벌크_210,630|해외구매 | _정품_225,590||_벌크_210,650|해외구매 | _정품_238,540||_벌크_220,330|해외구매",359070,347860,347750,347630,354830,340200,279160,307990,307990,307990,307990,307990,307990,310490,310490,315600,315600,318900,318900,309481,309480,312730,312720,312610,312580,312550,309040,308930,308810,308800,308770
32038667,인텔 코어i5-14세대 14400F (랩터레이크 리프레시),인텔 코어i5-14세대 14400F,랩터레이크 리프레시,"_정품_208,820||_벌크_210,600|해외구매 | _정품_219,860||_벌크_213,000|해외구매 | _정품_219,890||_벌크_210,580|해외구매 | _정품_219,940||_벌크_213,020|해외구매 | _정품_219,950||_벌크_213,110|해외구매 | _정품_219,980||_벌크_210,580|해외구매 | _정품_220,000||_벌크_210,580|해외구매 | _정품_220,020||_벌크_210,580|해외구매 | _정품_220,030||_벌크_210,580|해외구매 | _정품_220,080||_벌크_210,570|해외구매 | _정품_220,130||_벌크_210,590|해외구매 | _정품_220,200||_벌크_210,570|해외구매 | _정품_220,290||_벌크_210,570|해외구매 | _정품_221,430||_벌크_210,590|해외구매 | _정품_221,430||_벌크_210,600|해외구매 | _정품_221,440||_벌크_210,620|해외구매 | _정품_221,460||_벌크_213,060|해외구매 | _정품_221,800||_벌크_213,770|해외구매 | _정품_221,810||_벌크_209,100|해외구매 | _정품_221,840||_벌크_209,110|해외구매 | _정품_221,850||_벌크_209,110|해외구매 | _정품_221,970||_벌크_209,110|해외구매 | _정품_222,000||_벌크_208,790|해외구매 | _정품_223,290||_벌크_213,000|해외구매 | _정품_224,030||_벌크_210,630|해외구매 | _정품_224,950||_벌크_210,630|해외구매 | _정품_225,590||_벌크_210,650|해외구매 | _정품_238,540||_벌크_220,330|해외구매",359070,347860,347750,347630,354830,340200,279160,307990,307990,307990,307990,307990,307990,310490,310490,315600,315600,318900,318900,309481,309480,312730,312720,312610,312580,312550,309040,308930,308810,308800,308770
32102927,인텔 코어i5-14세대 14500 (랩터레이크 리프레시),인텔 코어i5-14세대 14500,랩터레이크 리프레시,"_정품_320,560||_벌크_304,240|해외구매 | _정품_320,560||_벌크_304,250|해외구매 | _정품_320,570||_벌크_304,260|해외구매 | _정품_320,580||_벌크_304,260|해외구매 | _정품_320,590||_벌크_304,270|해외구매 | _정품_321,270||_벌크_304,270|해외구매 | _정품_321,280||_벌크_304,280|해외구매 | _정품_321,290||_벌크_304,290|해외구매 | _정품_321,330||_벌크_304,310|해외구매 | _정품_321,340||_벌크_304,830|해외구매 | _정품_327,380||_벌크_307,580|해외구매 | _정품_327,410||_벌크_307,600|해외구매 | _정품_327,420||_벌크_304,230|해외구매 | _정품_327,430||_벌크_304,230|해외구매 | _정품_327,450||_벌크_304,230|해외구매 | _정품_327,530||_벌크_304,240|해외구매 | _정품_327,610||_벌크_304,240|해외구매 | _정품_333,640||_벌크_306,620|해외구매 | _정품_333,680||_벌크_306,740|해외구매 | _정품_333,690||_벌크_306,770|해외구매 | _정품_333,770||_벌크_307,420|해외구매 | _정품_333,780||_벌크_307,430|해외구매 | _정품_333,900||_벌크_307,460|해외구매 | _정품_333,930||_벌크_307,480|해외구매 | _정품_333,950||_벌크_307,550|해외구매",403970,403870,403840,403720,403710,403680,403670,403660,403650,403640,403630,403620,403610,403580,403480,403460,403380,403330,403330,403310,403290,403230,403200,403190,403160,403040,402920,402910,402880,402870,402840
32038256,인텔 코어i5-14세대 14500 (랩터레이크 리프레시),인텔 코어i5-14세대 14500,랩터레이크 리프레시,"_정품_320,560||_벌크_304,240|해외구매 | _정품_320,560||_벌크_304,250|해외구매 | _정품_320,570||_벌크_304,260|해외구매 | _정품_320,580||_벌크_304,260|해외구매 | _정품_320,590||_벌크_304,270|해외구매 | _정품_321,270||_벌크_304,270|해외구매 | _정품_321,280||_벌크_304,280|해외구매 | _정품_321,290||_벌크_304,290|해외구매 | _정품_321,330||_벌크_304,310|해외구매 | _정품_321,340||_벌크_304,830|해외구매 | _정품_327,380||_벌크_307,580|해외구매 | _정품_327,410||_벌크_307,600|해외구매 | _정품_327,420||_벌크_304,230|해외구매 | _정품_327,430||_벌크_304,230|해외구매 | _정품_327,450||_벌크_304,230|해외구매 | _정품_327,530||_벌크_304,240|해외구매 | _정품_327,610||_벌크_304,240|해외구매 | _정품_333,640||_벌크_306,620|해외구매 | _정품_333,680||_벌크_306,740|해외구매 | _정품_333,690||_벌크_306,770|해외구매 | _정품_333,770||_벌크_307,420|해외구매 | _정품_333,780||_벌크_307,430|해외구매 | _정품_333,900||_벌크_307,460|해외구매 | _정품_333,930||_벌크_307,480|해외구매 | _정품_333,950||_벌크_307,550|해외구매",403970,403870,403840,403720,403710,403680,403670,403660,403650,403640,403630,403620,403610,403580,403480,403460,403380,403330,403330,403310,403290,403230,403200,403190,403160,403040,402920,402910,402880,402870,402840
32463899,인텔 코어i5-14세대 14500T (랩터레이크 리프레시),인텔 코어i5-14세대 14500T,랩터레이크 리프레시,벌크,399650,399620,399590,399560,399550,399520,399510,399500,399490,399480,399470,399440,399320,399220,399210,399180,399100,399040,398950,398930,398900,398890,398860,398850,398000,397970,397850,397840,397810,397800,397770
67623665,인텔 코어i5-14세대 14600 (랩터레이크 리프레시),인텔 코어i5-14세대 14600,랩터레이크 리프레시,"_벌크+쿨러_374,180|_벌크 | _벌크+쿨러_374,280|_벌크 | _벌크+쿨러_374,300|_벌크 | _벌크+쿨러_374,310|_벌크 | _벌크+쿨러_374,430|_벌크 | _벌크+쿨러_374,550|_벌크 | _벌크+쿨러_374,580|_벌크 | _벌크+쿨러_374,590|_벌크 | _벌크+쿨러_374,620|_벌크 | _벌크+쿨러_374,650|_벌크 | _벌크+쿨러_374,680|_벌크 | _벌크+쿨러_374,700|_벌크 | _벌크+쿨러_374,750|_벌크 | _벌크+쿨러_374,830|_벌크 | _벌크+쿨러_374,840|_벌크 | _벌크+쿨러_374,930|_벌크 | _벌크+쿨러_374,960|_벌크 | _벌크+쿨러_374,970|_벌크 | _벌크+쿨러_374,980|_벌크 | _벌크+쿨러_374,990|_벌크 | _벌크+쿨러_375,000|_벌크 | _벌크+쿨러_375,010|_벌크 | _벌크+쿨러_375,100|_벌크 | _벌크+쿨러_375,110|_벌크 | _벌크+쿨러_375,140|_벌크 | _벌크+쿨러_375,150|_벌크 | _벌크+쿨러_375,180|_벌크 | _벌크+쿨러_375,210|_벌크 | _벌크+쿨러_375,240|_벌크 | _벌크+쿨러_381,520|_벌크",365560,365440,365410,365380,365370,365340,365330,365320,365310,365300,365290,365280,365270,365260,365250,365240,365160,365060,364970,364950,364940,364900,364810,364780,364750,364720,364600,364590,364570,364470,371970
28884308,인텔 코어i5-14세대 14600K (랩터레이크 리프레시),인텔 코어i5-14세대 14600K,랩터레이크 리프레시,"_정품_332,370|_벌크_331,100|해외구매 | _정품_332,370|_벌크_331,110|해외구매 | _정품_332,380|_벌크_331,110|해외구매 | _정품_332,390|_벌크_331,110|해외구매 | _정품_332,710|_벌크_331,120|해외구매 | _정품_333,330|_벌크_331,630|해외구매 | _정품_334,150|_벌크_331,630|해외구매 | _정품_334,160|_벌크_331,640|해외구매 | _정품_335,500|_벌크_333,190|해외구매 | _정품_335,910|_벌크_335,260|해외구매 | _정품_338,590|_벌크_334,340|해외구매 | _정품_338,620|_벌크_334,350|해외구매 | _정품_338,630|_벌크_334,360|해외구매 | _정품_338,630|_벌크_335,270|해외구매 | _정품_338,640|_벌크_334,370|해외구매 | _정품_338,650|_벌크_334,390|해외구매 | _정품_338,690|_벌크_334,390|해외구매 | _정품_338,780|_벌크_334,410|해외구매 | _정품_338,870|_벌크_331,100|해외구매 | _정품_342,970|_벌크_341,390|해외구매 | _정품_345,640|_벌크_341,420|해외구매 | _정품_345,770|_벌크_342,390|해외구매 | _정품_345,800|_벌크_342,390|해외구매 | _정품_345,920|_벌크_342,390|해외구매 | _정품_345,950|_벌크_342,390|해외구매 | _정품_351,520|_벌크_340,890|해외구매 | _정품_351,520|_벌크_340,900|해외구매 | _정품_378,930|_벌크_370,560|해외구매",481380,441890,440190,440190,440190,481380,481380,481380,481380,481380,481380,481380,443790,465090,477690,468183,468180,448990,448990,452000,452000,471380,471380,471380,461380,466750,466750,466750,466750,466750,459810
28799654,인텔 코어i5-14세대 14600K (랩터레이크 리프레시),인텔 코어i5-14세대 14600K,랩터레이크 리프레시,"_정품_332,370|_벌크_331,100|해외구매 | _정품_332,370|_벌크_331,110|해외구매 | _정품_332,380|_벌크_331,110|해외구매 | _정품_332,390|_벌크_331,110|해외구매 | _정품_332,710|_벌크_331,120|해외구매 | _정품_333,330|_벌크_331,630|해외구매 | _정품_334,150|_벌크_331,630|해외구매 | _정품_334,160|_벌크_331,640|해외구매 | _정품_335,500|_벌크_333,190|해외구매 | _정품_335,910|_벌크_335,260|해외구매 | _정품_338,590|_벌크_334,340|해외구매 | _정품_338,620|_벌크_334,350|해외구매 | _정품_338,630|_벌크_334,360|해외구매 | _정품_338,630|_벌크_335,270|해외구매 | _정품_338,640|_벌크_334,370|해외구매 | _정품_338,650|_벌크_334,390|해외구매 | _정품_338,690|_벌크_334,390|해외구매 | _정품_338,780|_벌크_334,410|해외구매 | _정품_338,870|_벌크_331,100|해외구매 | _정품_342,970|_벌크_341,390|해외구매 | _정품_345,640|_벌크_341,420|해외구매 | _정품_345,770|_벌크_342,390|해외구매 | _정품_345,800|_벌크_342,390|해외구매 | _정품_345,920|_벌크_342,390|해외구매 | _정품_345,950|_벌크_342,390|해외구매 | _정품_351,520|_벌크_340,890|해외구매 | _정품_351,520|_벌크_340,900|해외구매 | _정품_378,930|_벌크_370,560|해외구매",481380,441890,440190,440190,440190,481380,481380,481380,481380,481380,481380,481380,443790,465090,477690,468183,468180,448990,448990,452000,452000,471380,471380,471380,461380,466750,466750,466750,466750,466750,459810
28884227,인텔 코어i5-14세대 14600KF (랩터레이크 리프레시),인텔 코어i5-14세대 14600KF,랩터레이크 리프레시,"_정품_297,350|_벌크_287,990|해외구매 | _정품_297,390|_벌크_287,990|해외구매 | _정품_297,400|_벌크_287,990|해외구매 | _정품_297,470|_벌크_288,000|해외구매 | _정품_297,500|_벌크_287,990|해외구매 | _정품_297,540|_벌크_296,560|해외구매 | _정품_297,640|_벌크_297,070|해외구매 | _정품_297,680|_벌크_297,080|해외구매 | _정품_297,690|_벌크_296,550|해외구매 | _정품_297,720|_벌크_296,550|해외구매 | _정품_297,750|_벌크_296,550|해외구매 | _정품_297,760|_벌크_296,560|해외구매 | _정품_297,880|_벌크_297,580|해외구매 | _정품_299,410|_벌크_287,580|해외구매 | _정품_299,490|_벌크_287,700|해외구매 | _정품_299,530|_벌크_287,730|해외구매 | _정품_299,540|_벌크_287,740|해외구매 | _정품_299,650|_벌크_287,750|해외구매 | _정품_299,660|_벌크_287,760|해외구매 | _정품_299,780|_벌크_287,770|해외구매 | _정품_299,890|_벌크_287,790|해외구매 | _정품_300,270|_벌크_287,880|해외구매 | _정품_300,370|_벌크_287,990|해외구매 | _정품_301,080|_벌크_297,590|해외구매 | _정품_309,340|_벌크_287,450|해외구매 | _정품_309,340|_벌크_287,460|해외구매 | _정품_310,910|_벌크_289,800|해외구매 | _정품_310,940|_벌크_289,810|해외구매 | _정품_310,950|_벌크_287,420|해외구매 | _정품_332,020|_벌크_327,660|해외구매",417550,417550,417550,382400,375600,375600,381600,381600,377540,381510,381400,381300,381290,381260,381160,381140,381080,355220,355140,389890,389880,389870,389840,389830,389800,389680,389560,389550,389520,389510,389480
28799732,인텔 코어i5-14세대 14600KF (랩터레이크 리프레시),인텔 코어i5-14세대 14600KF,랩터레이크 리프레시,"_정품_297,350|_벌크_287,990|해외구매 | _정품_297,390|_벌크_287,990|해외구매 | _정품_297,400|_벌크_287,990|해외구매 | _정품_297,470|_벌크_288,000|해외구매 | _정품_297,500|_벌크_287,990|해외구매 | _정품_297,540|_벌크_296,560|해외구매 | _정품_297,640|_벌크_297,070|해외구매 | _정품_297,680|_벌크_297,080|해외구매 | _정품_297,690|_벌크_296,550|해외구매 | _정품_297,720|_벌크_296,550|해외구매 | _정품_297,750|_벌크_296,550|해외구매 | _정품_297,760|_벌크_296,560|해외구매 | _정품_297,880|_벌크_297,580|해외구매 | _정품_299,410|_벌크_287,580|해외구매 | _정품_299,490|_벌크_287,700|해외구매 | _정품_299,530|_벌크_287,730|해외구매 | _정품_299,540|_벌크_287,740|해외구매 | _정품_299,650|_벌크_287,750|해외구매 | _정품_299,660|_벌크_287,760|해외구매 | _정품_299,780|_벌크_287,770|해외구매 | _정품_299,890|_벌크_287,790|해외구매 | _정품_300,270|_벌크_287,880|해외구매 | _정품_300,370|_벌크_287,990|해외구매 | _정품_301,080|_벌크_297,590|해외구매 | _정품_309,340|_벌크_287,450|해외구매 | _정품_309,340|_벌크_287,460|해외구매 | _정품_310,910|_벌크_289,800|해외구매 | _정품_310,940|_벌크_289,810|해외구매 | _정품_310,950|_벌크_287,420|해외구매 | _정품_332,020|_벌크_327,660|해외구매",417550,417550,417550,382400,375600,375600,381600,381600,377540,381510,381400,381300,381290,381260,381160,381140,381080,355220,355140,389890,389880,389870,389840,389830,389800,389680,389560,389550,389520,389510,389480
4147079,인텔 코어i5-1세대 650 (클락데일),인텔 코어i5-1세대 650,클락데일,중고,2970,2940,2990,2960,2950,2930,2990,2980,2970,2960,2950,2940,2930,2930,2960,2960,2930,2980,2990,2960,2990,2960,2990,2960,2930,2930,2990,2960,2990,2960,2990
4144546,인텔 코어i5-1세대 750 (린필드),인텔 코어i5-1세대 750,린필드,중고,2930,2930,2930,2930,2890,2890,2890,2890,2890,2890,2890,2890,2890,2890,3090,3090,3010,2960,2960,2940,2930,2920,2910,2910,2910,2920,2930,2920,2920,2920,2920
1156701,인텔 코어i5-1세대 760 (린필드),인텔 코어i5-1세대 760,린필드,"벌크 + 쿨러_7,100|_벌크_3,100|_중고 | 벌크 + 쿨러_7,120|_벌크_3,100|_중고 | 벌크 + 쿨러_7,150|_벌크_3,100|_중고 | 벌크 + 쿨러_7,160|_벌크_3,100|_중고 | 벌크 + 쿨러_7,170|_벌크_3,100|_중고 | 벌크 + 쿨러_7,180|_벌크_3,100|_중고 | 벌크 + 쿨러_7,190|_벌크_3,100|_중고 | 벌크 + 쿨러_7,200|_벌크_3,100|_중고 | 벌크 + 쿨러_7,210|_벌크_3,100|_중고 | 벌크 + 쿨러_7,220|_벌크_3,100|_중고 | 벌크 + 쿨러_7,230|_벌크_3,100|_중고 | 벌크 + 쿨러_7,250|_벌크_3,100|_중고 | 벌크 + 쿨러_7,260|_벌크_3,100|_중고 | 벌크 + 쿨러_7,270|_벌크_3,100|_중고 | 벌크 + 쿨러_7,280|_벌크_3,100|_중고 | 벌크 + 쿨러_7,290|_벌크_3,100|_중고 | 벌크 + 쿨러_7,300|_벌크_3,100|_중고 | 벌크 + 쿨러_7,320|_벌크_3,100|_중고 | 벌크 + 쿨러_7,350|_벌크_3,100|_중고 | 벌크 + 쿨러_7,380|_벌크_3,100|_중고 | 벌크 + 쿨러_7,390|_벌크_3,100|_중고 | 벌크 + 쿨러_7,410|_벌크_3,100|_중고 | 벌크 + 쿨러_7,420|_벌크_3,100|_중고 | 벌크 + 쿨러_7,440|_벌크_3,100|_중고",3200,3110,3230,3200,3190,3160,3150,3140,3130,3120,3110,3110,3230,3220,3210,3180,3110,3230,3230,3210,3180,3170,3140,3130,3110,3220,3190,3180,3150,3140,3110
17575589,인텔 코어i5-2세대 2300 (샌디브릿지),인텔 코어i5-2세대 2300,샌디브릿지,중고,8070,8040,0,0,0,8230,8200,6940,6940,6940,6940,6940,6940,6940,6940,6940,6940,6940,6940,6940,6940,6940,6940,6940,6940,6940,6940,6940,6940,6940,6940
4504388,인텔 코어i5-2세대 2400 (샌디브릿지),인텔 코어i5-2세대 2400,샌디브릿지,중고,6990,6990,6990,6990,6990,6990,6990,6990,6990,6990,6990,6990,6990,6990,6990,6990,6990,6990,6990,6990,6990,6990,6990,6990,6990,6990,6990,6990,7990,7990,7990
1290175,인텔 코어i5-2세대 2500 (샌디브릿지),인텔 코어i5-2세대 2500,샌디브릿지,"_벌크_11,490|_중고",10340,10220,10490,10460,10450,10420,10410,10400,10390,10380,10370,10360,10350,10320,10260,10330,10250,10220,10490,10460,9990,9990,9990,9990,9990,9990,9990,9990,9990,9990,9990
4144246,인텔 코어i5-2세대 2500K (샌디브릿지),인텔 코어i5-2세대 2500K,샌디브릿지,중고,12170,12160,12130,12010,12000,12000,12490,12480,12470,12460,12450,12440,12430,12400,12300,12280,12200,12150,12150,12130,12100,12030,12000,11990,11990,12490,12460,12450,12420,12410,12380
1783749,인텔 코어i5-3세대 3330 (아이비브릿지),인텔 코어i5-3세대 3330,아이비브릿지,중고,11950,11920,11890,11860,11850,11820,11810,11800,11790,11780,11770,11740,11620,11500,11400,11380,11300,11290,11310,11220,11890,11860,11740,11730,11700,11580,11460,11450,11420,11410,11380
13395557,인텔 코어i5-3세대 3450 (아이비브릿지),인텔 코어i5-3세대 3450,아이비브릿지,중고,11510,11480,11450,0,0,0,0,11360,11350,11340,11330,11320,11310,11300,0,0,0,0,0,0,0,0,0,11770,11740,11620,11500,11490,11460,11450,11420
1725177,인텔 코어i5-3세대 3470 (아이비브릿지),인텔 코어i5-3세대 3470,아이비브릿지,중고,13990,13960,13930,13900,13890,13860,13850,13840,13830,13820,13810,13800,13790,13770,13770,13880,13820,13810,13810,13790,10900,10900,10900,10900,10900,10900,10900,10900,10900,11990,11990
4274836,인텔 코어i5-3세대 3550 (아이비브릿지),인텔 코어i5-3세대 3550,아이비브릿지,중고,12990,12990,12990,12990,12990,12990,12990,12990,12990,12990,12990,12990,12990,12990,12990,12990,12990,13920,13830,13810,13780,13480,13450,13440,13410,13320,13500,13470,13350,13340,13320
1720040,인텔 코어i5-3세대 3570 (아이비브릿지),인텔 코어i5-3세대 3570,아이비브릿지,"_벌크 + 쿨러_18,220|벌크_14,250|_중고 | _벌크 + 쿨러_18,220|벌크_14,370|_중고 | _벌크 + 쿨러_18,230|벌크_14,400|_중고 | _벌크 + 쿨러_18,260|벌크_14,220|_중고 | _벌크 + 쿨러_18,310|벌크_14,330|_중고 | _벌크 + 쿨러_18,340|벌크_14,360|_중고 | _벌크 + 쿨러_18,350|벌크_14,370|_중고 | _벌크 + 쿨러_18,380|벌크_14,400|_중고 | _벌크 + 쿨러_18,400|벌크_14,650|_중고 | _벌크 + 쿨러_18,450|벌크_14,240|_중고 | _벌크 + 쿨러_18,490|벌크_14,770|_중고 | _벌크 + 쿨러_18,560|벌크_14,840|_중고 | _벌크 + 쿨러_18,570|벌크_14,850|_중고 | _벌크 + 쿨러_18,580|벌크_14,860|_중고 | _벌크 + 쿨러_18,650|벌크_14,930|_중고 | _벌크 + 쿨러_18,660|벌크_14,960|_중고 | _벌크 + 쿨러_18,670|벌크_14,970|_중고 | _벌크 + 쿨러_18,680|벌크_14,980|_중고 | _벌크 + 쿨러_18,690|벌크_14,990|_중고 | _벌크 + 쿨러_18,700|벌크_15,000|_중고 | _벌크 + 쿨러_18,710|벌크_15,010|_중고 | _벌크 + 쿨러_18,720|벌크_15,020|_중고 | _벌크 + 쿨러_18,730|벌크_15,030|_중고 | _벌크 + 쿨러_18,740|벌크_15,040|_중고 | _벌크 + 쿨러_18,750|벌크_15,050|_중고 | _벌크 + 쿨러_18,780|_벌크_15,080|중고 | _벌크 + 쿨러_18,790|_벌크_15,090|중고 | _벌크 + 쿨러_18,910|벌크_15,120|_중고 | 벌크 + 쿨러_18,420|_벌크_14,220|_중고 | 벌크 + 쿨러_18,940|_벌크_15,150|_중고 | 벌크 + 쿨러_18,950|_벌크_15,180|_중고",14190,14190,14190,14190,14190,14190,14190,14090,14090,14090,13990,13590,13590,13590,13400,13390,13390,13390,13390,13390,11900,11900,11900,11900,11900,11900,11900,11900,13390,13290,13290
1678805,인텔 코어i5-3세대 3570K (아이비브릿지),인텔 코어i5-3세대 3570K,아이비브릿지,중고,19700,19690,19660,19540,19530,19530,19990,19980,19970,19960,19950,19940,19930,19900,19800,19780,19700,19640,19550,19530,19530,19790,19760,19750,19720,19600,19790,19760,19640,19630,19600
6112513,인텔 코어i5-4세대 4430 (하스웰),인텔 코어i5-4세대 4430,하스웰,중고,19990,19990,19990,19990,19990,19990,19990,19990,19990,19990,19990,19990,19990,19990,20000,20000,19990,19930,19930,19910,19880,18880,18850,18840,18810,18690,0,0,0,0,0
6112514,인텔 코어i5-4세대 4440 (하스웰),인텔 코어i5-4세대 4440,하스웰,중고,19990,19990,19990,19990,19990,19990,19990,19990,19900,19800,19790,19780,19770,19740,19640,19620,19560,19480,19390,19370,19340,18000,18000,18000,18000,18000,18000,18000,18000,18000,18000
2691725,인텔 코어i5-4세대 4460 (하스웰 리프레시),인텔 코어i5-4세대 4460,하스웰 리프레시,"_벌크_18,870|_중고 | _벌크_18,890|_중고 | _벌크_18,920|_중고 | _벌크_18,930|_중고 | _벌크_18,990|_중고 | _벌크_19,020|_중고 | _벌크_19,030|_중고 | _벌크_19,050|_중고 | _벌크_19,060|_중고 | _벌크_19,080|_중고 | _벌크_20,480|_중고 | _벌크_20,510|_중고 | _벌크_20,530|_중고 | _벌크_20,580|_중고 | _벌크_20,640|_중고 | _벌크_20,650|_중고 | _벌크_20,740|_중고 | _벌크_20,770|_중고 | _벌크_20,780|_중고 | _벌크_20,790|_중고 | _벌크_20,800|_중고 | _벌크_20,900|_중고 | _벌크_20,980|_중고 | _벌크_20,990|_중고 | _벌크_21,000|_중고 | _벌크_21,030|_중고 | _벌크_21,040|_중고 | _벌크_21,160|_중고 | _벌크_21,190|_중고 | _벌크_21,200|_중고",19990,19990,19990,19990,19990,19990,19990,19990,19990,19990,19990,19990,19990,19990,19990,19990,19990,19920,19830,19810,15470,15300,15300,15300,15300,15300,15300,15300,19030,19020,18990
2081215,인텔 코어i5-4세대 4570 (하스웰),인텔 코어i5-4세대 4570,하스웰,"_벌크 + 쿨러_25,760|_중고 | _벌크 + 쿨러_25,770|_중고 | _벌크 + 쿨러_25,890|_중고 | _벌크 + 쿨러_26,010|_중고 | _벌크 + 쿨러_26,040|_중고 | _벌크 + 쿨러_26,050|_중고 | _벌크 + 쿨러_26,070|_중고 | _벌크 + 쿨러_26,080|_중고 | _벌크 + 쿨러_26,100|_중고 | _벌크 + 쿨러_26,310|_중고 | _벌크 + 쿨러_26,340|_중고 | _벌크 + 쿨러_26,360|_중고 | _벌크 + 쿨러_26,410|_중고 | _벌크 + 쿨러_26,490|_중고 | _벌크 + 쿨러_26,510|_중고 | _벌크 + 쿨러_26,610|_중고 | _벌크 + 쿨러_26,640|_중고 | _벌크 + 쿨러_26,650|_중고 | _벌크 + 쿨러_26,660|_중고 | _벌크 + 쿨러_26,670|_중고 | _벌크 + 쿨러_26,680|_중고 | _벌크 + 쿨러_26,690|_중고 | _벌크 + 쿨러_26,700|_중고 | _벌크 + 쿨러_26,710|_중고 | _벌크 + 쿨러_26,740|_중고 | _벌크 + 쿨러_26,750|_중고 | _벌크 + 쿨러_26,870|_중고 | _벌크 + 쿨러_26,900|_중고 | _벌크 + 쿨러_26,910|_중고",21960,21840,21810,21780,21770,21770,21990,21980,21970,21960,21950,20790,20790,20790,20790,20790,20790,20790,20790,20790,18200,18000,18000,18000,18000,18000,18000,18000,18000,18000,18000
2783216,인텔 코어i5-4세대 4590 (하스웰 리프레시),인텔 코어i5-4세대 4590,하스웰 리프레시,"_벌크 + 쿨러_25,760|벌크_22,000|_중고 | _벌크 + 쿨러_25,760|벌크_22,030|_중고 | _벌크 + 쿨러_25,770|벌크_22,040|_중고 | _벌크 + 쿨러_25,890|벌크_21,840|_중고 | _벌크 + 쿨러_26,010|벌크_21,960|_중고 | _벌크 + 쿨러_26,040|벌크_21,990|_중고 | _벌크 + 쿨러_26,050|벌크_22,000|_중고 | _벌크 + 쿨러_26,070|벌크_21,960|_중고 | _벌크 + 쿨러_26,080|벌크_22,030|_중고 | _벌크 + 쿨러_26,100|벌크_21,990|_중고 | _벌크 + 쿨러_26,590|벌크_22,520|_중고 | _벌크 + 쿨러_26,620|벌크_22,640|_중고 | _벌크 + 쿨러_26,640|벌크_22,730|_중고 | _벌크 + 쿨러_26,730|벌크_22,710|_중고 | _벌크 + 쿨러_26,830|벌크_22,720|_중고 | _벌크 + 쿨러_26,910|벌크_22,800|_중고 | _벌크 + 쿨러_26,930|벌크_22,820|_중고 | _벌크 + 쿨러_27,030|벌크_22,920|_중고 | _벌크 + 쿨러_27,060|벌크_22,950|_중고 | _벌크 + 쿨러_27,070|벌크_22,960|_중고 | _벌크 + 쿨러_27,080|벌크_22,970|_중고 | _벌크 + 쿨러_27,090|벌크_22,980|_중고 | _벌크 + 쿨러_27,100|벌크_22,990|_중고 | _벌크 + 쿨러_27,110|벌크_23,000|_중고 | _벌크 + 쿨러_27,120|벌크_23,010|_중고 | _벌크 + 쿨러_27,130|벌크_23,020|_중고 | _벌크 + 쿨러_27,240|벌크_23,050|_중고 | _벌크 + 쿨러_27,270|벌크_23,060|_중고 | _벌크 + 쿨러_27,280|벌크_23,090|_중고 | _벌크 + 쿨러_27,290|벌크_23,120|_중고 | _벌크 + 쿨러_27,300|벌크_23,150|_중고",21770,22210,22180,22060,22050,22020,22010,21490,21490,21490,21490,20790,20790,20790,20790,20790,20790,20790,20790,20790,17290,17100,17100,17100,17100,17100,17100,17100,17100,17100,17100
2081212,인텔 코어i5-4세대 4670 (하스웰),인텔 코어i5-4세대 4670,하스웰,"벌크 + 쿨러_26,210|_벌크_21,900|_중고 | 벌크 + 쿨러_26,210|_벌크_22,020|_중고 | 벌크 + 쿨러_26,220|_벌크_22,050|_중고 | 벌크 + 쿨러_26,340|_벌크_21,840|_중고 | 벌크 + 쿨러_26,460|_벌크_21,960|_중고 | 벌크 + 쿨러_26,490|_벌크_21,990|_중고 | 벌크 + 쿨러_26,500|_벌크_22,000|_중고 | 벌크 + 쿨러_26,520|_벌크_21,860|_중고 | 벌크 + 쿨러_26,530|_벌크_22,030|_중고 | 벌크 + 쿨러_26,550|_벌크_21,890|_중고 | 벌크 + 쿨러_26,800|_벌크_22,130|_중고 | 벌크 + 쿨러_27,690|_벌크_23,540|_중고 | 벌크 + 쿨러_27,810|_벌크_23,640|_중고 | 벌크 + 쿨러_27,900|_벌크_23,730|_중고 | 벌크 + 쿨러_28,350|_벌크_23,780|_중고 | 벌크 + 쿨러_28,430|_벌크_23,860|_중고 | 벌크 + 쿨러_28,450|_벌크_23,870|_중고 | 벌크 + 쿨러_28,550|_벌크_23,880|_중고 | 벌크 + 쿨러_28,580|_벌크_23,890|_중고 | 벌크 + 쿨러_28,590|_벌크_23,900|_중고 | 벌크 + 쿨러_28,600|_벌크_23,910|_중고 | 벌크 + 쿨러_28,610|_벌크_23,920|_중고 | 벌크 + 쿨러_28,620|_벌크_23,930|_중고 | 벌크 + 쿨러_28,630|_벌크_23,940|_중고 | 벌크 + 쿨러_28,640|_벌크_23,950|_중고 | 벌크 + 쿨러_28,650|_벌크_23,960|_중고 | 벌크 + 쿨러_28,680|_벌크_23,990|_중고 | 벌크 + 쿨러_28,690|_벌크_24,000|_중고 | 벌크 + 쿨러_28,720|_벌크_24,120|_중고 | 벌크 + 쿨러_28,750|_벌크_24,150|_중고 | 벌크 + 쿨러_28,780|_벌크_24,160|_중고",22690,22690,22690,22690,22690,22690,22690,22690,22690,22690,22690,22690,22690,22690,22690,22690,22690,22620,22530,22510,20000,18000,18000,18000,18000,18000,18000,18000,18000,18000,18000
7914022,인텔 코어i5-4세대 4670 + H81 패키지,인텔 코어i5-4세대 4670 + H81 패키지,0,중고,46500,46500,46500,46500,45500,45500,45500,45500,45500,45500,45500,45500,45500,45500,45500,45500,45500,45500,45500,45500,45500,44000,43230,43230,43230,43230,43230,43230,43230,43230,43230
6112593,인텔 코어i5-4세대 4670K (하스웰),인텔 코어i5-4세대 4670K,하스웰,중고,31960,31950,31940,31930,31920,31910,31900,31890,31880,0,0,31850,31840,31830,31820,31810,31780,29200,29540,29450,29330,28980,28950,28940,28910,28790,28670,28660,28630,28620,28590
2691212,인텔 코어i5-4세대 4690 (하스웰 리프레시),인텔 코어i5-4세대 4690,하스웰 리프레시,"_벌크 + 쿨러_26,660|벌크_28,000|_중고 | _벌크 + 쿨러_26,680|벌크_28,000|_중고 | _벌크 + 쿨러_26,690|벌크_28,000|_중고 | _벌크 + 쿨러_26,810|벌크_28,000|_중고 | _벌크 + 쿨러_26,930|벌크_28,000|_중고 | _벌크 + 쿨러_26,960|벌크_28,000|_중고 | _벌크 + 쿨러_26,970|벌크_28,000|_중고 | _벌크 + 쿨러_27,000|벌크_28,000|_중고 | _벌크 + 쿨러_27,940|벌크_28,000|_중고 | _벌크 + 쿨러_27,950|벌크_28,000|_중고 | _벌크 + 쿨러_27,970|벌크_28,000|_중고 | _벌크 + 쿨러_28,020|벌크_28,000|_중고 | _벌크 + 쿨러_28,100|벌크_28,000|_중고 | _벌크 + 쿨러_28,110|벌크_28,000|_중고 | _벌크 + 쿨러_28,120|벌크_28,000|_중고 | _벌크 + 쿨러_28,130|벌크_28,000|_중고 | _벌크 + 쿨러_28,140|벌크_28,000|_중고 | _벌크 + 쿨러_28,150|벌크_28,000|_중고 | _벌크 + 쿨러_28,160|벌크_28,000|_중고 | _벌크 + 쿨러_28,170|벌크_28,000|_중고 | _벌크 + 쿨러_28,180|벌크_28,000|_중고 | _벌크 + 쿨러_28,190|벌크_28,000|_중고 | _벌크 + 쿨러_28,200|벌크_28,000|_중고 | _벌크 + 쿨러_28,230|벌크_28,000|_중고 | _벌크 + 쿨러_28,240|벌크_28,000|_중고 | _벌크 + 쿨러_28,360|벌크_28,000|_중고 | _벌크 + 쿨러_28,390|벌크_28,000|_중고 | _벌크 + 쿨러_28,400|벌크_28,000|_중고",23200,23170,23140,23110,23100,23070,23060,23040,22940,22930,22920,22910,22900,22870,22780,22750,22670,23090,23090,23070,21900,19710,19710,20790,19710,19710,19710,19710,19710,19710,19710
7914157,인텔 코어i5-4세대 4690 + H81 패키지,인텔 코어i5-4세대 4690 + H81 패키지,0,중고,48830,48830,48830,48830,47780,47780,47780,47780,47780,47780,47780,47780,47780,47780,47780,47780,47780,47780,47780,47780,47780,46200,44000,44000,45000,45000,45000,45000,45000,45000,45000
4143967,인텔 코어i5-4세대 4690K (데빌스캐년),인텔 코어i5-4세대 4690K,데빌스캐년,중고,35810,35810,35810,35810,35040,35040,35040,35040,35040,35040,35040,35040,35040,35040,35040,35040,35040,35040,35040,35040,30000,35040,35040,35040,35040,39130,39130,39130,39130,39130,39130
3441763,인텔 코어i5-6세대 6400 (스카이레이크),인텔 코어i5-6세대 6400,스카이레이크,"_벌크 + 쿨러_42,110|_벌크_35,710|중고 | _벌크 + 쿨러_43,860|벌크_37,530|_중고 | _벌크 + 쿨러_43,980|벌크_37,540|_중고 | _벌크 + 쿨러_44,010|벌크_37,550|_중고 | _벌크 + 쿨러_44,020|_벌크_37,560|중고 | _벌크 + 쿨러_44,030|_벌크_37,660|중고 | 벌크 + 쿨러_42,140|_벌크_35,740|_중고 | 벌크 + 쿨러_42,150|_벌크_35,750|_중고 | 벌크 + 쿨러_42,180|_벌크_35,780|_중고 | 벌크 + 쿨러_42,190|_벌크_35,790|_중고 | 벌크 + 쿨러_42,310|_벌크_35,910|_중고 | 벌크 + 쿨러_42,430|_벌크_36,030|_중고 | 벌크 + 쿨러_42,460|_벌크_36,060|_중고 | 벌크 + 쿨러_42,470|_벌크_36,070|_중고 | 벌크 + 쿨러_42,500|_벌크_36,100|_중고 | 벌크 + 쿨러_43,110|_벌크_36,700|_중고 | 벌크 + 쿨러_43,420|_벌크_36,560|_중고 | 벌크 + 쿨러_43,540|_벌크_36,590|_중고 | 벌크 + 쿨러_43,630|_벌크_36,610|_중고 | 벌크 + 쿨러_43,660|_벌크_37,300|_중고 | 벌크 + 쿨러_43,740|_벌크_37,380|_중고 | 벌크 + 쿨러_43,750|_벌크_37,400|_중고 | 벌크 + 쿨러_43,760|_벌크_37,500|_중고 | 벌크 + 쿨러_44,040|_벌크_37,740|_중고 | 벌크 + 쿨러_44,050|_벌크_37,750|_중고 | 벌크 + 쿨러_44,060|_벌크_37,760|_중고 | 벌크 + 쿨러_44,170|_벌크_37,790|_중고 | 벌크 + 쿨러_44,200|_벌크_37,800|_중고 | 벌크 + 쿨러_44,320|_벌크_37,920|_중고 | 벌크 + 쿨러_44,350|_벌크_37,950|_중고 | 벌크 + 쿨러_44,360|_벌크_37,960|_중고",36700,36670,36640,36610,36600,36570,36560,36550,36540,36530,36520,36510,36500,36490,36480,36470,36440,36350,36260,36240,36210,33900,33900,33900,33900,33900,33900,33900,33900,33900,33900
3412420,인텔 코어i5-6세대 6500 (스카이레이크),인텔 코어i5-6세대 6500,스카이레이크,"벌크 + 쿨러_43,110|_벌크_37,110|해외구매_381,060|_중고 | 벌크 + 쿨러_43,140|_벌크_37,140|해외구매_381,060|_중고 | 벌크 + 쿨러_43,150|_벌크_37,150|해외구매_381,060|_중고 | 벌크 + 쿨러_43,180|_벌크_37,180|해외구매_381,060|_중고 | 벌크 + 쿨러_43,190|_벌크_37,190|해외구매_381,060|_중고 | 벌크 + 쿨러_43,310|_벌크_37,310|해외구매_381,060|_중고 | 벌크 + 쿨러_43,430|_벌크_37,430|해외구매_381,060|_중고 | 벌크 + 쿨러_43,460|_벌크_37,460|해외구매_381,060|_중고 | 벌크 + 쿨러_43,470|_벌크_37,470|해외구매_381,060|_중고 | 벌크 + 쿨러_43,500|_벌크_37,500|해외구매_381,060|_중고 | 벌크 + 쿨러_43,940|_벌크_38,100|해외구매_381,060|_중고 | 벌크 + 쿨러_43,970|_벌크_38,220|해외구매_381,060|_중고 | 벌크 + 쿨러_43,990|_벌크_38,310|해외구매_381,060|_중고 | 벌크 + 쿨러_44,080|_벌크_38,290|해외구매_381,060|_중고 | 벌크 + 쿨러_44,160|_벌크_38,300|해외구매_381,060|_중고 | 벌크 + 쿨러_44,240|_벌크_38,380|해외구매_381,060|_중고 | 벌크 + 쿨러_44,250|_벌크_38,400|해외구매_381,060|_중고 | 벌크 + 쿨러_44,260|_벌크_38,500|해외구매_381,060|_중고 | 벌크 + 쿨러_44,270|_벌크_38,530|해외구매_381,060|_중고 | 벌크 + 쿨러_44,280|_벌크_38,540|해외구매_381,060|_중고 | 벌크 + 쿨러_44,290|_벌크_38,550|해외구매_381,060|_중고 | 벌크 + 쿨러_44,300|_벌크_38,560|해외구매_381,060|_중고 | 벌크 + 쿨러_44,310|_벌크_38,570|해외구매_381,060|_중고 | 벌크 + 쿨러_44,320|_벌크_38,580|해외구매_381,060|_중고 | 벌크 + 쿨러_44,330|_벌크_38,590|해외구매_381,060|_중고 | 벌크 + 쿨러_44,340|_벌크_38,600|해외구매_381,060|_중고 | 벌크 + 쿨러_44,370|_벌크_38,630|해외구매_381,060|_중고 | 벌크 + 쿨러_44,380|_벌크_38,640|해외구매_381,060|_중고 | 벌크 + 쿨러_44,410|_벌크_38,670|해외구매_381,060|_중고 | 벌크 + 쿨러_44,440|_벌크_38,700|해외구매_381,060|_중고 | 벌크 + 쿨러_44,470|_벌크_38,730|해외구매_381,060|_중고",39050,39050,39050,39050,39050,39050,39050,38090,38090,38090,37490,37390,37390,37390,37000,36990,36990,36690,36490,36490,36490,35000,35000,35000,35000,35000,35000,35000,35000,35000,35000
7914325,인텔 코어i5-6세대 6500 + H110 패키지,인텔 코어i5-6세대 6500 + H110 패키지,0,중고,81380,81380,81380,81380,79630,79630,79630,79630,79630,79630,79630,79630,79630,79630,79630,79630,79630,79630,79630,79630,79630,77500,77500,0,0,78750,78750,78750,78750,78750,73170
3412423,인텔 코어i5-6세대 6600 (스카이레이크),인텔 코어i5-6세대 6600,스카이레이크,"_벌크 + 쿨러_46,320|벌크_40,120|_중고 | _벌크 + 쿨러_46,350|벌크_40,220|_중고 | _벌크 + 쿨러_46,360|벌크_40,340|_중고 | _벌크 + 쿨러_46,370|벌크_40,370|_중고 | _벌크 + 쿨러_46,380|벌크_40,380|_중고 | _벌크 + 쿨러_46,470|벌크_40,470|_중고 | _벌크 + 쿨러_46,660|벌크_40,630|_중고 | _벌크 + 쿨러_46,680|벌크_40,640|_중고 | 벌크 + 쿨러_44,000|_벌크_39,750|_중고 | 벌크 + 쿨러_44,000|_벌크_39,760|_중고 | 벌크 + 쿨러_44,000|_벌크_39,790|_중고 | 벌크 + 쿨러_44,770|_벌크_39,400|_중고 | 벌크 + 쿨러_44,800|_벌크_39,430|_중고 | 벌크 + 쿨러_44,810|_벌크_39,440|_중고 | 벌크 + 쿨러_44,840|_벌크_39,470|_중고 | 벌크 + 쿨러_44,850|_벌크_39,480|_중고 | 벌크 + 쿨러_44,970|_벌크_39,600|_중고 | 벌크 + 쿨러_45,000|_벌크_39,720|_중고 | 벌크 + 쿨러_45,900|_벌크_39,800|_중고 | 벌크 + 쿨러_45,930|_벌크_39,810|_중고 | 벌크 + 쿨러_45,950|_벌크_39,830|_중고 | 벌크 + 쿨러_46,040|_벌크_39,920|_중고 | 벌크 + 쿨러_46,120|_벌크_40,020|_중고 | 벌크 + 쿨러_46,200|_벌크_40,100|_중고 | 벌크 + 쿨러_46,220|_벌크_40,110|_중고 | 벌크 + 쿨러_46,690|_벌크_40,650|_중고 | 벌크 + 쿨러_46,720|_벌크_40,680|_중고 | 벌크 + 쿨러_46,730|_벌크_40,690|_중고 | 벌크 + 쿨러_46,760|_벌크_40,720|_중고 | 벌크 + 쿨러_46,790|_벌크_40,750|_중고 | 벌크 + 쿨러_46,820|_벌크_40,780|_중고",40980,40860,40830,40800,40790,40760,40750,38690,38690,38690,38590,38090,38090,38090,37900,37890,37890,37790,40490,40460,39990,37000,37000,38900,38900,38900,38900,38900,38900,38900,38900
7914409,인텔 코어i5-6세대 6600 + H110 패키지,인텔 코어i5-6세대 6600 + H110 패키지,0,중고,81380,81380,81380,81380,79630,79630,79630,79630,79630,79630,79630,79630,79630,79630,79630,79630,79630,79630,79630,79630,79630,77500,77500,77500,78750,78750,78750,78750,78750,78750,73170
3493041,인텔 코어i5-6세대 6600K (스카이레이크),인텔 코어i5-6세대 6600K,스카이레이크,"_벌크 + 쿨러_51,920|_벌크_46,640|중고 | _벌크 + 쿨러_52,940|_벌크_47,540|중고 | _벌크 + 쿨러_52,950|_벌크_47,550|중고 | _벌크 + 쿨러_53,070|_벌크_47,670|중고 | _벌크 + 쿨러_53,100|_벌크_47,700|중고 | _벌크 + 쿨러_56,120|_벌크_50,310|중고 | _벌크 + 쿨러_56,300|_벌크_50,490|중고 | _벌크 + 쿨러_56,380|_벌크_50,570|중고 | _벌크 + 쿨러_56,400|_벌크_50,590|중고 | _벌크 + 쿨러_56,530|_벌크_50,720|중고 | _벌크 + 쿨러_56,540|_벌크_50,730|중고 | _벌크 + 쿨러_56,550|_벌크_50,740|중고 | _벌크 + 쿨러_56,560|_벌크_50,750|중고 | 벌크 + 쿨러_52,870|_벌크_47,470|_중고 | 벌크 + 쿨러_52,900|_벌크_47,500|_중고 | 벌크 + 쿨러_52,910|_벌크_47,510|_중고 | 벌크 + 쿨러_56,150|_벌크_50,340|_중고 | 벌크 + 쿨러_56,170|_벌크_50,360|_중고 | 벌크 + 쿨러_56,260|_벌크_50,440|_중고 | 벌크 + 쿨러_56,500|_벌크_50,690|_중고 | 벌크 + 쿨러_56,570|_벌크_50,760|_중고 | 벌크 + 쿨러_56,580|_벌크_50,770|_중고 | 벌크 + 쿨러_56,590|_벌크_50,780|_중고 | 벌크 + 쿨러_56,600|_벌크_50,790|_중고 | 벌크 + 쿨러_56,630|_벌크_50,820|_중고 | 벌크 + 쿨러_56,640|_벌크_50,830|_중고 | 벌크 + 쿨러_56,670|_벌크_50,860|_중고 | 벌크 + 쿨러_56,700|_벌크_50,890|_중고 | 벌크 + 쿨러_56,730|_벌크_50,920|_중고",53990,53990,53990,53990,53990,53990,53990,53990,53990,53990,53990,53990,53990,53990,53990,53990,53990,52990,52990,52990,52990,46640,46640,46640,47700,47700,47700,47700,47700,47700,47700
4881012,인텔 코어i5-7세대 7400 (카비레이크),인텔 코어i5-7세대 7400,카비레이크,"_벌크 + 쿨러_49,720|벌크_54,320|_중고 | _벌크 + 쿨러_50,620|벌크_54,120|_중고 | _벌크 + 쿨러_50,650|벌크_53,880|_중고 | _벌크 + 쿨러_50,660|벌크_53,890|_중고 | _벌크 + 쿨러_50,690|벌크_53,920|_중고 | _벌크 + 쿨러_50,700|벌크_53,930|_중고 | _벌크 + 쿨러_50,820|벌크_54,050|_중고 | _벌크 + 쿨러_50,850|벌크_54,670|_중고 | _벌크 + 쿨러_52,690|벌크_56,500|_중고 | _벌크 + 쿨러_52,720|벌크_56,530|_중고 | _벌크 + 쿨러_52,740|벌크_56,550|_중고 | _벌크 + 쿨러_52,830|벌크_56,640|_중고 | _벌크 + 쿨러_52,890|벌크_56,740|_중고 | _벌크 + 쿨러_52,970|벌크_56,820|_중고 | _벌크 + 쿨러_52,990|벌크_56,840|_중고 | _벌크 + 쿨러_53,090|벌크_56,940|_중고 | _벌크 + 쿨러_53,210|벌크_56,970|_중고 | _벌크 + 쿨러_53,330|벌크_56,980|_중고 | _벌크 + 쿨러_53,360|벌크_56,990|_중고 | _벌크 + 쿨러_53,370|벌크_57,000|_중고 | _벌크 + 쿨러_53,380|벌크_57,010|_중고 | _벌크 + 쿨러_53,390|벌크_57,020|_중고 | _벌크 + 쿨러_53,400|벌크_57,030|_중고 | 벌크 + 쿨러_53,410|_벌크_57,040|_중고 | 벌크 + 쿨러_53,440|_벌크_57,070|_중고 | 벌크 + 쿨러_53,450|_벌크_57,080|_중고 | 벌크 + 쿨러_53,570|_벌크_57,110|_중고 | 벌크 + 쿨러_53,600|_벌크_57,140|_중고 | 벌크 + 쿨러_53,610|_벌크_57,170|_중고",44080,44070,44040,43920,43910,43880,43870,43860,43850,43840,43830,43800,43680,43560,43460,43460,43380,43370,43390,43300,43200,43190,43160,43150,43120,43000,42910,45000,44970,44960,44930
4866526,인텔 코어i5-7세대 7500 (카비레이크),인텔 코어i5-7세대 7500,카비레이크,"_벌크 + 쿨러_52,360|벌크_47,080|_중고 | _벌크 + 쿨러_53,550|벌크_48,150|_중고 | _벌크 + 쿨러_54,660|벌크_49,060|_중고 | _벌크 + 쿨러_54,690|벌크_49,070|_중고 | _벌크 + 쿨러_54,710|벌크_49,090|_중고 | _벌크 + 쿨러_54,900|벌크_49,320|_중고 | _벌크 + 쿨러_54,980|벌크_49,400|_중고 | _벌크 + 쿨러_54,990|벌크_49,410|_중고 | _벌크 + 쿨러_55,000|벌크_49,420|_중고 | _벌크 + 쿨러_55,010|벌크_49,430|_중고 | _벌크 + 쿨러_55,020|벌크_49,440|_중고 | _벌크 + 쿨러_55,120|벌크_49,540|_중고 | _벌크 + 쿨러_55,680|벌크_49,660|_중고 | _벌크 + 쿨러_55,780|벌크_49,760|_중고 | _벌크 + 쿨러_56,360|벌크_50,340|_중고 | _벌크 + 쿨러_56,370|벌크_50,350|_중고 | _벌크 + 쿨러_56,380|벌크_50,360|_중고 | _벌크 + 쿨러_56,410|벌크_50,390|_중고 | _벌크 + 쿨러_56,420|벌크_50,400|_중고 | _벌크 + 쿨러_56,540|벌크_50,520|_중고 | _벌크 + 쿨러_56,570|벌크_50,550|_중고 | _벌크 + 쿨러_56,580|벌크_50,650|_중고 | 벌크 + 쿨러_52,360|_벌크_47,080|_중고 | 벌크 + 쿨러_53,320|_벌크_47,920|_중고 | 벌크 + 쿨러_53,350|_벌크_47,950|_중고 | 벌크 + 쿨러_53,360|_벌크_47,960|_중고 | 벌크 + 쿨러_53,390|_벌크_47,990|_중고 | 벌크 + 쿨러_53,400|_벌크_48,000|_중고 | 벌크 + 쿨러_53,520|_벌크_48,120|_중고 | 벌크 + 쿨러_54,800|_벌크_49,170|_중고",49780,49780,49780,49780,49780,49780,49780,49190,49190,49190,49190,49190,49190,49190,49190,49190,49190,49190,49190,49190,49190,45760,45760,45760,46800,46800,46800,46800,46800,46800,46800
4820379,인텔 코어i5-7세대 7600 (카비레이크),인텔 코어i5-7세대 7600,카비레이크,"_벌크_54,500|해외구매_65,310|_중고 | _벌크_54,500|해외구매_66,790|_중고 | _벌크_54,500|해외구매_66,870|_중고 | _벌크_54,500|해외구매_74,210|_중고 | _벌크_55,000|해외구매_74,210|_중고 | _벌크_57,600|해외구매_66,870|_중고 | _벌크_63,050|해외구매_74,210|_중고",54510,54500,54470,54350,54340,54310,54300,54240,54210,54110,54100,51970,51860,51760,51750,51740,51660,51580,51490,51470,51460,48400,48400,48400,49500,49470,49350,49340,49310,49300,49270
7812139,인텔 코어i5-7세대 7600K (카비레이크),인텔 코어i5-7세대 7600K,카비레이크,중고,0,0,0,0,0,0,0,0,0,0,0,0,0,0,0,0,0,0,0,0,0,0,0,0,0,0,0,0,0,0,112500
5530356,인텔 코어i5-8세대 8400 (커피레이크),인텔 코어i5-8세대 8400,커피레이크,"_정품_343,200|벌크 + 쿨러_68,640|벌크_63,360|_중고 | _정품_343,200|벌크 + 쿨러_69,970|벌크_64,800|_중고 | _정품_343,200|벌크 + 쿨러_70,000|벌크_64,800|_중고 | _정품_343,200|벌크 + 쿨러_70,010|벌크_64,800|_중고 | _정품_343,200|벌크 + 쿨러_70,040|벌크_64,800|_중고 | _정품_343,200|벌크 + 쿨러_70,050|벌크_64,800|_중고 | _정품_343,200|벌크 + 쿨러_70,170|벌크_64,800|_중고 | _정품_343,200|벌크 + 쿨러_70,200|벌크_64,800|_중고 | _정품_343,200|벌크 + 쿨러_76,090|벌크_74,990|_중고 | _정품_343,200|벌크 + 쿨러_76,120|벌크_74,990|_중고 | _정품_343,200|벌크 + 쿨러_76,140|벌크_74,990|_중고 | _정품_343,200|벌크 + 쿨러_76,230|벌크_74,990|_중고 | _정품_343,200|벌크 + 쿨러_76,510|벌크_75,990|_중고 | _정품_343,200|벌크 + 쿨러_76,590|벌크_75,990|_중고 | _정품_343,200|벌크 + 쿨러_76,600|벌크_75,990|_중고 | _정품_343,200|벌크 + 쿨러_76,610|벌크_75,990|_중고 | _정품_343,200|벌크 + 쿨러_76,620|벌크_75,990|_중고 | _정품_343,200|벌크 + 쿨러_76,630|벌크_75,990|_중고 | _정품_343,200|벌크 + 쿨러_76,640|벌크_75,990|_중고 | _정품_343,200|벌크 + 쿨러_76,650|벌크_75,990|_중고 | _정품_343,200|벌크 + 쿨러_76,750|벌크_75,990|_중고 | _정품_343,200|병행수입 박스_273,810|벌크 + 쿨러_77,830|벌크_76,990|_중고 | _정품_343,200|병행수입 박스_273,810|벌크 + 쿨러_77,840|벌크_76,990|_중고 | _정품_343,200|병행수입 박스_273,810|벌크 + 쿨러_77,850|벌크_76,990|_중고 | _정품_343,200|병행수입 박스_273,810|벌크 + 쿨러_77,880|벌크_76,990|_중고 | _정품_343,200|병행수입 박스_273,810|벌크 + 쿨러_77,890|벌크_76,990|_중고 | _정품_343,200|병행수입 박스_273,810|벌크 + 쿨러_77,920|벌크_76,990|_중고 | _정품_343,200|병행수입 박스_273,810|벌크 + 쿨러_77,950|벌크_76,990|_중고 | _정품_343,200|병행수입 박스_273,810|벌크 + 쿨러_77,980|벌크_76,990|_중고",70920,70910,70880,70760,70750,70720,70710,67840,67740,67640,67630,62490,62490,62490,62490,62490,62490,62490,62490,62490,62490,58160,58160,58160,59490,59490,59490,59490,59490,59490,59490
6020667,인텔 코어i5-8세대 8500 (커피레이크),인텔 코어i5-8세대 8500,커피레이크,"_정품_420,470|_벌크 + 쿨러_71,770|벌크_66,600|해외구매_98,370|중고 | _정품_420,470|_벌크 + 쿨러_71,800|벌크_66,600|해외구매_98,370|중고 | _정품_420,470|_벌크 + 쿨러_71,810|벌크_66,600|해외구매_98,370|중고 | _정품_420,470|_벌크 + 쿨러_71,840|벌크_66,600|해외구매_98,370|중고 | _정품_420,470|_벌크 + 쿨러_71,850|벌크_66,600|해외구매_98,370|중고 | _정품_420,470|_벌크 + 쿨러_71,970|벌크_66,600|해외구매_98,370|중고 | _정품_420,480|_벌크 + 쿨러_72,000|벌크_66,600|해외구매_98,370|중고 | _정품_430,470|_벌크 + 쿨러_70,400|벌크_65,120|해외구매_99,300|중고 | _정품_440,470|벌크 + 쿨러_76,030|벌크_69,000|해외구매_107,290|_중고 | _정품_440,470|벌크 + 쿨러_76,060|벌크_74,990|해외구매_107,410|_중고 | _정품_440,470|벌크 + 쿨러_76,080|벌크_74,990|해외구매_107,500|_중고 | _정품_440,470|벌크 + 쿨러_76,170|벌크_74,990|해외구매_107,480|_중고 | _정품_440,470|벌크 + 쿨러_77,190|벌크_76,990|해외구매_107,490|_중고 | _정품_440,470|벌크 + 쿨러_77,270|벌크_76,990|해외구매_107,570|_중고 | _정품_440,470|벌크 + 쿨러_77,290|벌크_76,990|해외구매_107,590|_중고 | _정품_440,470|벌크 + 쿨러_77,390|벌크_76,990|해외구매_107,690|_중고 | _정품_440,470|벌크 + 쿨러_77,420|벌크_76,990|해외구매_107,720|_중고 | _정품_440,470|벌크 + 쿨러_77,430|벌크_76,990|해외구매_107,730|_중고 | _정품_440,470|벌크 + 쿨러_77,440|벌크_76,990|해외구매_107,740|_중고 | _정품_440,470|벌크 + 쿨러_77,450|벌크_76,990|해외구매_107,750|_중고 | _정품_440,470|벌크 + 쿨러_77,550|벌크_76,990|해외구매_107,760|_중고 | _정품_440,470|벌크 + 쿨러_78,130|벌크_77,490|해외구매_107,770|_중고 | _정품_440,470|벌크 + 쿨러_78,140|벌크_77,490|해외구매_107,870|_중고 | _정품_440,470|벌크 + 쿨러_78,150|벌크_77,490|해외구매_107,900|_중고 | _정품_440,470|벌크 + 쿨러_78,180|벌크_77,490|해외구매_101,290|_중고 | _정품_440,470|벌크 + 쿨러_78,190|벌크_77,490|해외구매_101,290|_중고 | _정품_440,470|벌크 + 쿨러_78,310|벌크_77,490|해외구매_101,290|_중고 | _정품_440,470|벌크 + 쿨러_78,340|벌크_77,490|해외구매_101,290|_중고 | _정품_440,470|벌크 + 쿨러_78,350|벌크_77,490|해외구매_101,290|_중고",67810,67810,67810,65980,65980,62970,62970,62970,62970,62970,62970,62970,62970,62970,62970,62970,62970,62970,62970,62970,62970,60360,60360,60360,61560,61560,61560,61560,61560,61560,61560
6020678,인텔 코어i5-8세대 8600 (커피레이크),인텔 코어i5-8세대 8600,커피레이크,"_정품_432,370|벌크 + 쿨러_80,770|_벌크 | _정품_432,380|벌크 + 쿨러_80,780|_벌크 | _정품_442,370|벌크 + 쿨러_100,430|_벌크 | _정품_442,370|벌크 + 쿨러_80,780|_벌크 | _정품_452,370|벌크 + 쿨러_100,430|_벌크",90930,90900,90870,90840,90830,90800,90790,90780,90770,90760,90750,90740,90730,90720,90710,90700,90620,90520,90430,90410,90380,81780,76550,76550,76550,76550,76550,76550,76550,76550,76550
5614286,인텔 코어i5-8세대 8600K (커피레이크),인텔 코어i5-8세대 8600K,커피레이크,"_벌크 + 쿨러_87,860|_벌크 | _벌크 + 쿨러_90,700|_벌크 | _벌크 + 쿨러_90,710|_벌크 | _벌크 + 쿨러_90,740|_벌크 | _벌크 + 쿨러_90,750|_벌크 | _벌크 + 쿨러_90,870|_벌크 | _벌크 + 쿨러_90,900|_벌크 | _벌크 + 쿨러_90,940|_벌크 | _벌크 + 쿨러_90,950|_벌크 | _벌크 + 쿨러_90,980|_벌크 | _벌크 + 쿨러_93,470|_벌크 | _벌크 + 쿨러_93,500|_벌크 | _벌크 + 쿨러_93,520|_벌크 | _벌크 + 쿨러_93,610|_벌크 | _벌크 + 쿨러_98,670|_벌크 | _벌크 + 쿨러_98,750|_벌크 | _벌크 + 쿨러_98,770|_벌크 | _벌크 + 쿨러_98,870|_벌크 | _벌크 + 쿨러_98,900|_벌크 | _벌크 + 쿨러_98,910|_벌크 | _벌크 + 쿨러_98,920|_벌크 | _벌크 + 쿨러_98,930|_벌크 | _벌크 + 쿨러_98,940|_벌크 | _벌크 + 쿨러_98,950|_벌크 | _벌크 + 쿨러_98,960|_벌크 | _벌크 + 쿨러_98,970|_벌크 | _벌크 + 쿨러_99,000|_벌크 | _벌크 + 쿨러_99,010|_벌크 | _벌크 + 쿨러_99,130|_벌크 | _벌크 + 쿨러_99,160|_벌크 | _벌크 + 쿨러_99,260|_벌크",93690,93680,93650,93530,93520,93490,93480,93470,93460,93450,93440,93410,93290,93190,93180,93170,93090,88010,87920,87900,87870,84980,84950,84940,84910,82730,82610,82600,82570,82560,82460
11016699,인텔 코어i5-9세대 9400 (커피레이크-R),인텔 코어i5-9세대 9400,커피레이크-R,"_벌크 + 쿨러_100,020|_벌크_92,180|해외구매 | _벌크 + 쿨러_102,080|_벌크_94,280|해외구매 | _벌크 + 쿨러_102,160|_벌크_94,360|해외구매 | _벌크 + 쿨러_102,180|_벌크_94,380|해외구매 | _벌크 + 쿨러_102,280|_벌크_94,480|해외구매 | _벌크 + 쿨러_102,310|_벌크_94,600|해외구매 | _벌크 + 쿨러_102,320|_벌크_94,630|해외구매 | _벌크 + 쿨러_102,330|_벌크_96,620|해외구매 | _벌크 + 쿨러_102,340|_벌크_96,630|해외구매 | _벌크 + 쿨러_102,350|_벌크_96,730|해외구매 | _벌크 + 쿨러_102,880|_벌크_97,320|해외구매 | _벌크 + 쿨러_102,890|_벌크_97,330|해외구매 | _벌크 + 쿨러_102,900|_벌크_97,340|해외구매 | _벌크 + 쿨러_103,020|_벌크_97,370|해외구매 | _벌크 + 쿨러_103,020|_벌크_97,380|해외구매 | _벌크 + 쿨러_103,050|_벌크_97,500|해외구매 | _벌크 + 쿨러_103,080|_벌크_97,530|해외구매 | _벌크 + 쿨러_103,110|_벌크_97,540|해외구매 | _벌크 + 쿨러_96,070|_벌크_85,230|해외구매 | _벌크 + 쿨러_96,100|_벌크_85,230|해외구매 | _벌크 + 쿨러_96,110|_벌크_85,230|해외구매 | _벌크 + 쿨러_96,140|_벌크_85,230|해외구매 | _벌크 + 쿨러_96,150|_벌크_85,230|해외구매 | _벌크 + 쿨러_96,270|_벌크_85,230|해외구매 | _벌크 + 쿨러_96,300|_벌크_85,230|해외구매 | _벌크 + 쿨러_96,940|_벌크_84,700|해외구매 | _벌크 + 쿨러_96,950|_벌크_84,700|해외구매 | _벌크 + 쿨러_96,980|_벌크_84,700|해외구매 | _벌크 + 쿨러_99,880|_벌크_92,050|해외구매 | _벌크 + 쿨러_99,910|_벌크_92,070|해외구매 | _벌크 + 쿨러_99,930|_벌크_92,090|해외구매",132560,161390,101620,101620,101620,101620,101620,101620,101620,101620,101620,101620,101620,101620,101620,101620,101620,101620,101620,101620,101620,91620,91620,91620,91460,145260,145260,145260,145260,145260,145260
7059166,인텔 코어i5-9세대 9400F (커피레이크-R),인텔 코어i5-9세대 9400F,커피레이크-R,"_정품_218,400|병행수입 박스_214,930|벌크 + 쿨러_71,100|벌크_63,590|해외구매_63,630|_중고 | _정품_218,400|병행수입 박스_214,960|벌크 + 쿨러_71,130|_벌크_63,590|해외구매_63,630|중고 | _정품_218,400|병행수입 박스_214,970|벌크 + 쿨러_71,140|_벌크_63,590|해외구매_63,630|중고 | _정품_218,400|병행수입 박스_215,000|벌크 + 쿨러_71,170|_벌크_63,590|해외구매_63,630|중고 | _정품_218,400|병행수입 박스_215,010|벌크 + 쿨러_71,180|_벌크_63,590|해외구매_63,630|중고 | _정품_218,400|병행수입 박스_215,130|벌크 + 쿨러_71,300|_벌크_63,590|해외구매_63,630|중고 | _정품_218,400|병행수입 박스_215,160|벌크 + 쿨러_71,370|_벌크_63,590|해외구매_63,630|중고 | _정품_218,400|병행수입 박스_217,880|_벌크 + 쿨러_76,290|벌크_69,570|해외구매_67,730|중고 | _정품_218,400|병행수입 박스_217,880|_벌크 + 쿨러_76,300|벌크_69,570|해외구매_67,730|중고 | _정품_218,400|병행수입 박스_217,880|_벌크 + 쿨러_76,330|벌크_69,570|해외구매_67,730|중고 | _정품_218,400|병행수입 박스_217,880|벌크 + 쿨러_69,780|_벌크_63,590|해외구매_62,210|중고 | _정품_218,400|병행수입 박스_217,880|벌크 + 쿨러_69,780|벌크_63,590|해외구매_62,210|_중고 | _정품_218,400|병행수입 박스_217,880|벌크 + 쿨러_73,420|_벌크_63,590|해외구매_70,690|중고 | _정품_218,400|병행수입 박스_217,880|벌크 + 쿨러_73,450|_벌크_63,590|해외구매_70,690|중고 | _정품_218,400|병행수입 박스_217,880|벌크 + 쿨러_73,470|_벌크_63,590|해외구매_70,690|중고 | _정품_218,400|병행수입 박스_217,880|벌크 + 쿨러_73,560|벌크_63,590|해외구매_70,690|_중고 | _정품_218,400|병행수입 박스_217,880|벌크 + 쿨러_74,620|_벌크_63,590|해외구매_70,690|중고 | _정품_218,400|병행수입 박스_217,880|벌크 + 쿨러_74,700|_벌크_63,600|해외구매_70,690|중고 | _정품_218,400|병행수입 박스_217,880|벌크 + 쿨러_74,720|_벌크_63,600|해외구매_70,690|중고 | _정품_218,400|병행수입 박스_217,880|벌크 + 쿨러_74,820|_벌크_63,590|해외구매_67,730|중고 | _정품_218,400|병행수입 박스_217,880|벌크 + 쿨러_74,850|_벌크_63,590|해외구매_67,730|중고 | _정품_218,400|병행수입 박스_217,880|벌크 + 쿨러_74,860|_벌크_63,590|해외구매_67,730|중고 | _정품_218,400|병행수입 박스_217,880|벌크 + 쿨러_74,870|_벌크_63,590|해외구매_67,730|중고 | _정품_218,400|병행수입 박스_217,880|벌크 + 쿨러_74,880|_벌크_63,590|해외구매_67,730|중고 | _정품_218,400|병행수입 박스_217,880|벌크 + 쿨러_74,970|_벌크_63,590|해외구매_67,730|중고 | _정품_218,400|병행수입 박스_217,880|벌크 + 쿨러_76,240|_벌크_63,590|해외구매_67,730|중고 | _정품_218,400|병행수입 박스_217,880|벌크 + 쿨러_76,250|_벌크_69,570|해외구매_67,730|중고 | _정품_218,400|병행수입 박스_217,880|벌크 + 쿨러_76,260|_벌크_69,570|해외구매_67,730|중고 | _정품_218,400|병행수입 박스_217,880|벌크 + 쿨러_76,360|벌크_69,390|해외구매_67,730|_중고 | _정품_218,400|병행수입 박스_217,880|벌크 + 쿨러_76,470|벌크_69,390|해외구매_67,730|_중고",63240,63210,63180,63150,63140,63110,63100,63090,63080,63070,63060,63050,63040,63010,62920,62910,62830,62780,62780,62760,62180,59130,59130,59130,60480,60450,60330,60320,60290,60280,60250
10728462,인텔 코어i5-9세대 9500 (커피레이크-R),인텔 코어i5-9세대 9500,커피레이크-R,"_벌크 + 쿨러_106,900|_벌크_101,500|해외구매_198,400|중고 | _벌크 + 쿨러_106,910|_벌크_101,510|해외구매_198,400|중고 | _벌크 + 쿨러_106,940|_벌크_101,540|해외구매_198,400|중고 | _벌크 + 쿨러_106,950|_벌크_101,550|해외구매_198,400|중고 | _벌크 + 쿨러_107,070|_벌크_101,670|해외구매_198,400|중고 | _벌크 + 쿨러_107,100|_벌크_101,700|해외구매_198,400|중고 | _벌크 + 쿨러_108,940|_벌크_101,740|해외구매_198,400|중고 | _벌크 + 쿨러_114,840|_벌크_108,600|해외구매_198,400|중고 | _벌크 + 쿨러_114,870|_벌크_108,870|해외구매_198,400|중고 | _벌크 + 쿨러_114,880|_벌크_108,880|해외구매_198,400|중고 | _벌크 + 쿨러_114,970|_벌크_108,970|해외구매_198,400|중고 | _벌크 + 쿨러_115,740|_벌크_109,330|해외구매_198,400|중고 | _벌크 + 쿨러_115,750|_벌크_109,350|해외구매_198,400|중고 | _벌크 + 쿨러_115,760|_벌크_109,360|해외구매_198,400|중고 | _벌크 + 쿨러_115,790|_벌크_109,470|해외구매_198,400|중고 | _벌크 + 쿨러_115,800|_벌크_109,500|해외구매_198,400|중고 | _벌크 + 쿨러_115,860|_벌크_109,650|해외구매_198,400|중고 | _벌크 + 쿨러_115,970|_벌크_109,750|해외구매_198,400|중고 | 벌크 + 쿨러_106,870|_벌크_101,470|해외구매_198,400|_중고 | 벌크 + 쿨러_108,950|_벌크_101,740|해외구매_198,400|_중고 | 벌크 + 쿨러_108,980|_벌크_102,980|해외구매_198,400|_중고 | 벌크 + 쿨러_110,860|_벌크_104,860|해외구매_198,400|_중고 | 벌크 + 쿨러_110,870|_벌크_104,870|해외구매_198,400|_중고 | 벌크 + 쿨러_110,890|_벌크_104,890|해외구매_198,400|_중고 | 벌크 + 쿨러_110,970|_벌크_104,970|해외구매_198,400|_중고 | 벌크 + 쿨러_114,740|_벌크_108,400|해외구매_198,400|_중고 | 벌크 + 쿨러_114,820|_벌크_108,480|해외구매_198,400|_중고 | 벌크 + 쿨러_114,830|_벌크_108,500|해외구매_198,400|_중고 | 벌크 + 쿨러_114,850|_벌크_108,720|해외구매_198,400|_중고 | 벌크 + 쿨러_114,860|_벌크_108,840|해외구매_198,400|_중고 | 벌크 + 쿨러_115,830|_벌크_109,620|해외구매_198,400|_중고",93370,93360,93330,93210,93200,93170,93160,92940,92930,92920,92910,90770,90660,90560,90550,90540,90510,90400,90310,90290,90280,85980,85950,85940,85910,85790,85670,85660,85630,85620,85590
8351067,인텔 코어i5-9세대 9500F (커피레이크-R),인텔 코어i5-9세대 9500F,커피레이크-R,"_벌크 + 쿨러_103,850|_벌크_98,090|해외구매 | _벌크 + 쿨러_105,990|_벌크_108,250|해외구매 | _벌크 + 쿨러_107,910|_벌크_102,190|해외구매 | _벌크 + 쿨러_107,990|_벌크_102,270|해외구매 | _벌크 + 쿨러_108,000|_벌크_102,280|해외구매 | _벌크 + 쿨러_108,010|_벌크_102,370|해외구매 | _벌크 + 쿨러_108,110|_벌크_102,490|해외구매 | _벌크 + 쿨러_108,230|_벌크_102,610|해외구매 | _벌크 + 쿨러_108,260|_벌크_102,640|해외구매 | _벌크 + 쿨러_108,270|_벌크_102,650|해외구매 | _벌크 + 쿨러_108,280|_벌크_102,660|해외구매 | _벌크 + 쿨러_108,290|_벌크_102,670|해외구매 | _벌크 + 쿨러_108,300|_벌크_102,680|해외구매 | _벌크 + 쿨러_108,310|_벌크_102,690|해외구매 | _벌크 + 쿨러_108,340|_벌크_102,720|해외구매 | _벌크 + 쿨러_108,350|_벌크_102,730|해외구매 | _벌크 + 쿨러_108,470|_벌크_102,850|해외구매 | _벌크 + 쿨러_108,500|_벌크_102,880|해외구매 | _벌크 + 쿨러_108,510|_벌크_102,980|해외구매 | _벌크 + 쿨러_110,990|_벌크_106,020|해외구매 | _벌크 + 쿨러_110,990|_벌크_106,030|해외구매 | _벌크 + 쿨러_110,990|_벌크_106,150|해외구매 | _벌크 + 쿨러_110,990|_벌크_106,180|해외구매 | _벌크 + 쿨러_110,990|_벌크_107,840|해외구매 | _벌크 + 쿨러_110,990|_벌크_107,850|해외구매 | _벌크 + 쿨러_110,990|_벌크_107,960|해외구매 | _벌크 + 쿨러_110,990|_벌크_108,200|해외구매 | _벌크 + 쿨러_110,990|_벌크_108,230|해외구매",142060,142060,142060,142060,142060,142060,142060,142250,142250,142250,142250,142250,142250,142250,142250,142250,142250,142250,142250,142250,142250,138550,138550,138550,133690,133690,133690,133690,133690,133690,133690
11171952,인텔 코어i5-9세대 9600 (커피레이크-R),인텔 코어i5-9세대 9600,커피레이크-R,"_벌크 + 쿨러_152,990|_벌크 | _벌크 + 쿨러_154,990|_벌크 | _벌크 + 쿨러_155,000|_벌크",117720,117720,117720,117720,117720,117720,117720,117720,117720,117720,117720,117720,117720,117720,117720,117720,117720,117720,117720,117720,117720,117720,117720,117720,117720,117720,117720,117720,117720,110250,110150
6557909,인텔 코어i5-9세대 9600K (커피레이크-R),인텔 코어i5-9세대 9600K,커피레이크-R,"병행수입 박스_287,000|_벌크 + 쿨러_109,570|벌크_96,790|해외구매_118,080|_중고 | 병행수입 박스_287,000|_벌크 + 쿨러_109,600|벌크_96,820|해외구매_118,080|_중고 | 병행수입 박스_287,000|_벌크 + 쿨러_109,610|벌크_96,830|해외구매_118,080|_중고 | 병행수입 박스_287,000|_벌크 + 쿨러_109,640|벌크_96,860|해외구매_118,080|_중고 | 병행수입 박스_287,000|_벌크 + 쿨러_109,650|벌크_96,870|해외구매_116,340|_중고 | 병행수입 박스_287,000|_벌크 + 쿨러_109,770|벌크_96,990|해외구매_116,340|_중고 | 병행수입 박스_287,000|_벌크 + 쿨러_109,800|벌크_97,020|해외구매_116,340|_중고 | 병행수입 박스_287,000|_벌크 + 쿨러_111,940|벌크_97,740|해외구매_119,270|_중고 | 병행수입 박스_287,000|_벌크 + 쿨러_117,000|벌크_102,000|해외구매_129,260|_중고 | 병행수입 박스_287,000|_벌크 + 쿨러_117,030|벌크_102,030|해외구매_129,260|_중고 | 병행수입 박스_287,000|_벌크 + 쿨러_117,060|벌크_102,060|해외구매_129,260|_중고 | 병행수입 박스_287,000|_벌크 + 쿨러_117,090|벌크_102,090|해외구매_129,260|_중고 | 병행수입 박스_287,000|벌크 + 쿨러_111,950|_벌크_97,750|해외구매_119,270|_중고 | 병행수입 박스_287,000|벌크 + 쿨러_111,980|_벌크_97,780|해외구매_119,270|_중고 | 병행수입 박스_287,000|벌크 + 쿨러_114,840|_벌크_101,520|해외구매_129,260|_중고 | 병행수입 박스_287,000|벌크 + 쿨러_114,870|_벌크_101,620|해외구매_129,260|_중고 | 병행수입 박스_287,000|벌크 + 쿨러_114,890|_벌크_101,710|해외구매_129,260|_중고 | 병행수입 박스_287,000|벌크 + 쿨러_114,980|_벌크_101,690|해외구매_129,260|_중고 | 병행수입 박스_287,000|벌크 + 쿨러_115,080|_벌크_101,700|해외구매_129,260|_중고 | 병행수입 박스_287,000|벌크 + 쿨러_115,160|_벌크_101,780|해외구매_129,260|_중고 | 병행수입 박스_287,000|벌크 + 쿨러_115,180|_벌크_101,800|해외구매_129,260|_중고 | 병행수입 박스_287,000|벌크 + 쿨러_115,280|_벌크_101,880|해외구매_129,260|_중고 | 병행수입 박스_287,000|벌크 + 쿨러_115,310|_벌크_101,890|해외구매_129,260|_중고 | 병행수입 박스_287,000|벌크 + 쿨러_115,320|_벌크_101,900|해외구매_129,260|_중고 | 병행수입 박스_287,000|벌크 + 쿨러_115,330|_벌크_101,910|해외구매_129,260|_중고 | 병행수입 박스_287,000|벌크 + 쿨러_115,340|_벌크_101,920|해외구매_129,260|_중고 | 병행수입 박스_287,000|벌크 + 쿨러_115,350|_벌크_101,930|해외구매_129,260|_중고 | 병행수입 박스_287,000|벌크 + 쿨러_116,940|_벌크_101,940|해외구매_129,260|_중고 | 병행수입 박스_287,000|벌크 + 쿨러_116,950|_벌크_101,950|해외구매_129,260|_중고 | 병행수입 박스_287,000|벌크 + 쿨러_116,960|_벌크_101,960|해외구매_129,260|_중고 | 병행수입 박스_287,000|벌크 + 쿨러_116,990|_벌크_101,990|해외구매_129,260|_중고",85430,85400,87260,87260,87260,87260,87260,87260,87260,87260,87260,87260,87260,87260,87270,87270,87260,87260,87260,87260,87260,79900,79900,79900,80910,80910,80910,80910,80910,80910,80910
7565248,인텔 코어i5-9세대 9600KF (커피레이크-R),인텔 코어i5-9세대 9600KF,커피레이크-R,"_정품_259,130|병행수입 박스_282,450|_벌크 + 쿨러_98,330|벌크_89,020|중고_89,990|해외구매 | _정품_259,160|병행수입 박스_282,450|_벌크 + 쿨러_98,340|벌크_89,020|중고_89,990|해외구매 | _정품_259,170|병행수입 박스_282,450|_벌크 + 쿨러_98,350|벌크_89,020|중고_89,990|해외구매 | _정품_259,180|병행수입 박스_282,450|_벌크 + 쿨러_98,360|벌크_89,020|중고_89,990|해외구매 | _정품_259,190|병행수입 박스_282,450|벌크 + 쿨러_98,370|_벌크_89,020|중고_89,990|해외구매 | _정품_259,200|병행수입 박스_282,450|_벌크 + 쿨러_98,380|벌크_89,020|중고_89,990|해외구매 | _정품_259,210|병행수입 박스_282,450|벌크 + 쿨러_98,390|_벌크_89,020|중고_90,990|해외구매 | _정품_259,220|병행수입 박스_282,450|벌크 + 쿨러_98,400|_벌크_89,020|중고_90,990|해외구매 | _정품_259,230|병행수입 박스_282,450|_벌크 + 쿨러_98,410|벌크_89,020|중고_89,990|해외구매 | _정품_259,260|병행수입 박스_282,450|_벌크 + 쿨러_98,440|벌크_89,020|중고_90,990|해외구매 | _정품_259,270|병행수입 박스_282,450|_벌크 + 쿨러_98,450|벌크_89,020|중고_90,990|해외구매 | _정품_259,290|병행수입 박스_282,450|_벌크 + 쿨러_93,470|벌크_84,990|중고_88,990|해외구매 | _정품_259,320|병행수입 박스_282,450|_벌크 + 쿨러_93,500|벌크_84,990|중고_88,990|해외구매 | _정품_259,330|병행수입 박스_282,450|_벌크 + 쿨러_93,510|벌크_84,990|중고_88,990|해외구매 | _정품_259,360|병행수입 박스_282,450|_벌크 + 쿨러_93,540|벌크_84,990|중고_88,990|해외구매 | _정품_259,370|병행수입 박스_282,450|_벌크 + 쿨러_93,550|벌크_84,990|중고_88,990|해외구매 | _정품_259,390|병행수입 박스_282,450|벌크 + 쿨러_98,570|벌크_89,020|_중고_90,990|해외구매 | _정품_259,420|병행수입 박스_282,450|벌크 + 쿨러_98,600|벌크_89,020|_중고_90,990|해외구매 | _정품_259,430|병행수입 박스_282,450|벌크 + 쿨러_98,610|벌크_89,020|_중고_90,990|해외구매 | _정품_259,490|병행수입 박스_282,450|_벌크 + 쿨러_93,670|벌크_84,990|중고_88,990|해외구매 | _정품_259,610|병행수입 박스_282,450|_벌크 + 쿨러_93,700|벌크_84,440|중고_88,990|해외구매 | _정품_259,640|병행수입 박스_282,450|_벌크 + 쿨러_94,060|벌크_84,440|중고_88,880|해외구매 | _정품_259,650|병행수입 박스_282,450|_벌크 + 쿨러_94,070|벌크_84,440|중고_88,880|해외구매 | _정품_259,680|병행수입 박스_282,450|_벌크 + 쿨러_94,100|벌크_84,440|중고_88,880|해외구매 | _정품_259,690|병행수입 박스_282,450|_벌크 + 쿨러_97,990|벌크_89,020|중고_89,990|해외구매 | _정품_259,720|병행수입 박스_282,450|_벌크 + 쿨러_98,020|벌크_89,020|중고_89,990|해외구매 | _정품_259,740|병행수입 박스_282,450|_벌크 + 쿨러_98,040|벌크_89,020|중고_89,990|해외구매 | _정품_259,830|병행수입 박스_282,450|_벌크 + 쿨러_98,130|벌크_89,020|중고_89,990|해외구매 | _정품_259,910|병행수입 박스_282,450|벌크 + 쿨러_98,230|_벌크_89,020|중고_89,990|해외구매 | _정품_259,990|병행수입 박스_282,450|벌크 + 쿨러_98,310|_벌크_89,020|중고_89,990|해외구매 | _정품_259,990|병행수입 박스_282,450|벌크 + 쿨러_98,320|_벌크_89,020|중고_89,990|해외구매",91430,91420,91390,91270,91260,91230,91220,91210,91200,91190,91180,91170,91160,91130,91030,91010,90930,90830,90740,90720,90710,81740,81740,81740,82570,87440,87410,87400,87370,87360,87330
11405586,인텔 코어i7-10세대 10700 (코멧레이크S),인텔 코어i7-10세대 10700,코멧레이크S,"_정품_557,140|_벌크 + 쿨러_346,280|벌크_344,390|해외구매_344,000|중고 | _정품_557,140|벌크 + 쿨러_346,280|_벌크_341,090|해외구매_344,000|중고 | _정품_557,140|벌크 + 쿨러_346,280|_벌크_344,390|해외구매_344,000|중고 | _정품_557,140|벌크 + 쿨러_346,280|_벌크_344,390|해외구매_349,000|중고 | _정품_557,140|벌크 + 쿨러_348,600|_벌크_341,090|해외구매_344,000|중고 | _정품_557,140|벌크 + 쿨러_391,170|_벌크_349,000|해외구매_344,000|중고 | _정품_557,140|벌크 + 쿨러_430,000|_벌크_348,990|해외구매_344,000|중고",390000,390000,390000,390000,390000,390000,390000,390000,390000,390000,390000,390000,390000,390000,390000,390000,390000,390000,309000,309000,309000,309000,309000,309000,379010,379010,379010,379010,379010,379010,379010
11646593,인텔 코어i7-10세대 10700F (코멧레이크S),인텔 코어i7-10세대 10700F,코멧레이크S,"_정품_305,170|병행수입 박스_326,220|_벌크 + 쿨러_268,800|벌크_291,720|해외구매 | _정품_305,170|병행수입 박스_326,220|_벌크 + 쿨러_268,800|벌크_291,730|해외구매 | _정품_305,170|병행수입 박스_326,220|_벌크 + 쿨러_268,800|벌크_291,740|해외구매 | _정품_305,170|병행수입 박스_326,220|_벌크 + 쿨러_268,800|벌크_291,750|해외구매 | _정품_305,170|병행수입 박스_326,220|_벌크 + 쿨러_268,800|벌크_291,780|해외구매 | _정품_305,170|병행수입 박스_326,220|_벌크 + 쿨러_268,800|벌크_291,790|해외구매 | _정품_305,170|병행수입 박스_326,220|_벌크 + 쿨러_268,800|벌크_291,820|해외구매 | _정품_305,170|병행수입 박스_326,220|_벌크 + 쿨러_268,800|벌크_291,850|해외구매 | _정품_305,170|병행수입 박스_326,220|_벌크 + 쿨러_268,800|벌크_291,880|해외구매 | _정품_305,170|병행수입 박스_327,730|_벌크 + 쿨러_268,800|벌크_291,660|해외구매 | _정품_305,170|병행수입 박스_327,730|_벌크 + 쿨러_268,800|벌크_291,680|해외구매 | _정품_305,170|병행수입 박스_327,730|_벌크 + 쿨러_268,800|벌크_291,690|해외구매 | _정품_305,170|병행수입 박스_327,730|_벌크 + 쿨러_268,800|벌크_291,700|해외구매 | _정품_305,170|병행수입 박스_327,730|_벌크 + 쿨러_268,800|벌크_291,710|해외구매 | _정품_305,170|병행수입 박스_327,730|_벌크 + 쿨러_268,800|벌크_295,800|해외구매 | _정품_307,770|병행수입 박스_323,440|_벌크 + 쿨러_268,800|벌크_299,250|해외구매 | _정품_307,800|병행수입 박스_323,440|_벌크 + 쿨러_268,800|벌크_299,250|해외구매 | _정품_307,810|병행수입 박스_323,440|_벌크 + 쿨러_268,800|벌크_299,250|해외구매 | _정품_307,840|병행수입 박스_323,440|_벌크 + 쿨러_268,800|벌크_299,250|해외구매 | _정품_307,850|병행수입 박스_323,440|_벌크 + 쿨러_268,800|벌크_299,250|해외구매 | _정품_307,970|병행수입 박스_323,440|_벌크 + 쿨러_268,800|벌크_299,250|해외구매 | _정품_308,000|병행수입 박스_323,440|_벌크 + 쿨러_268,800|벌크_299,250|해외구매 | _정품_308,700|병행수입 박스_327,730|_벌크 + 쿨러_268,800|벌크_299,250|해외구매",310190,310190,310190,310190,310190,310190,310190,310190,310190,310190,310190,310190,310190,310190,310190,310190,310190,310190,310190,310190,310190,300200,300200,300200,290200,290200,290200,290200,290200,290200,290200
11308485,인텔 코어i7-10세대 10700K (코멧레이크S),인텔 코어i7-10세대 10700K,코멧레이크S,"_정품_438,320|벌크 + 쿨러_345,570|_벌크 | _정품_438,350|벌크 + 쿨러_345,570|_벌크 | _정품_438,360|벌크 + 쿨러_345,570|_벌크 | _정품_438,390|벌크 + 쿨러_345,570|_벌크 | _정품_438,400|벌크 + 쿨러_345,570|_벌크 | _정품_438,520|벌크 + 쿨러_345,570|_벌크 | _정품_438,550|벌크 + 쿨러_345,570|_벌크 | _정품_438,580|벌크 + 쿨러_345,570|_벌크 | _정품_441,710|벌크 + 쿨러_391,200|_벌크 | _정품_441,720|_벌크 + 쿨러_345,540|벌크 | _정품_441,730|_벌크 + 쿨러_338,310|벌크 | _정품_441,760|_벌크 + 쿨러_338,310|벌크 | _정품_441,770|_벌크 + 쿨러_338,310|벌크 | _정품_441,800|벌크 + 쿨러_338,310|_벌크 | _정품_441,830|벌크 + 쿨러_338,300|_벌크 | _정품_441,860|벌크 + 쿨러_338,300|_벌크 | _정품_441,920|벌크 + 쿨러_345,570|_벌크 | _정품_441,950|벌크 + 쿨러_345,570|_벌크 | _정품_441,960|벌크 + 쿨러_345,570|_벌크 | _정품_442,060|벌크 + 쿨러_345,570|_벌크 | _정품_442,130|벌크 + 쿨러_345,570|_벌크 | _정품_442,140|벌크 + 쿨러_345,450|_벌크 | _정품_442,150|벌크 + 쿨러_345,570|_벌크 | _정품_442,220|벌크 + 쿨러_349,910|_벌크 | _정품_442,240|벌크 + 쿨러_342,460|_벌크 | _정품_442,330|벌크 + 쿨러_342,460|_벌크 | _정품_442,850|벌크 + 쿨러_342,460|_벌크 | _정품_442,970|벌크 + 쿨러_342,460|_벌크 | _정품_443,000|벌크 + 쿨러_391,200|_벌크 | _정품_443,010|벌크 + 쿨러_391,200|_벌크 | _정품_443,110|벌크 + 쿨러_391,200|_벌크",333250,333250,333260,333260,333260,333260,340240,343400,343400,353660,398990,337410,337410,337410,337410,399000,337410,337410,337410,337410,337410,337410,337410,337410,337410,337410,337410,337410,337410,337410,337410
12151730,인텔 코어i7-10세대 10700K 어벤져스 에디션 (코멧레이크S),인텔 코어i7-10세대 10700K 어벤져스 에디션,코멧레이크S,정품,415110,415110,415110,415110,415110,415110,415110,415110,415110,415110,415110,415110,415110,415110,415110,415110,415110,415110,415110,415110,415110,415110,415110,415110,415110,415110,415110,415110,415110,415110,415110
12110078,인텔 코어i7-10세대 10700KF (코멧레이크S),인텔 코어i7-10세대 10700KF,코멧레이크S,"_벌크 + 쿨러_299,910|_벌크_297,110|해외구매_489,820|중고",300000,0,0,0,0,0,0,0,0,0,0,0,0,0,0,0,0,0,0,0,0,0,0,0,0,0,0,0,0,0,0
11593217,인텔 코어i7-10세대 10700KF (코멧레이크S),인텔 코어i7-10세대 10700KF,코멧레이크S,"_정품_671,500|_벌크 + 쿨러_299,910|벌크_297,110|해외구매_489,820|중고 | _정품_671,500|벌크 + 쿨러_299,910|_벌크_297,110|해외구매_489,820|중고 | _정품_671,500|벌크 + 쿨러_299,910|_벌크_298,190|해외구매_489,820|중고",0,300000,300000,300000,300000,300000,300000,300000,300000,300000,300000,300000,300000,300000,300000,300000,300000,300000,300000,300000,300000,300000,300000,300000,300000,300000,300000,300000,300000,300000,300000
13824665,인텔 코어i7-11세대 11700 (로켓레이크S),인텔 코어i7-11세대 11700,로켓레이크S,"_벌크 + 쿨러_473,200|_벌크_455,000|해외구매 | _벌크 + 쿨러_483,600|_벌크_309,930|해외구매 | _벌크 + 쿨러_483,600|_벌크_465,000|해외구매",624000,624000,624000,624000,624000,624000,624000,624000,624000,624000,624000,624000,624000,624000,624000,624000,624000,624000,624000,624000,624000,624000,624000,624000,624000,624000,624000,624000,624000,624000,624000
13753481,인텔 코어i7-11세대 11700F (로켓레이크S),인텔 코어i7-11세대 11700F,로켓레이크S,"_정품_358,030|병행수입 박스_356,880|_벌크 + 쿨러_348,360|벌크 | _정품_358,030|병행수입 박스_356,880|_벌크 + 쿨러_348,370|벌크 | _정품_358,030|병행수입 박스_356,880|_벌크 + 쿨러_348,380|벌크 | _정품_358,030|병행수입 박스_356,880|_벌크 + 쿨러_348,390|벌크 | _정품_358,030|병행수입 박스_356,880|_벌크 + 쿨러_348,400|벌크 | _정품_358,030|병행수입 박스_356,880|_벌크 + 쿨러_348,410|벌크 | _정품_358,030|병행수입 박스_356,880|_벌크 + 쿨러_348,420|벌크 | _정품_358,030|병행수입 박스_356,880|_벌크 + 쿨러_348,430|벌크 | _정품_358,030|병행수입 박스_356,880|_벌크 + 쿨러_348,440|벌크 | _정품_358,030|병행수입 박스_356,880|_벌크 + 쿨러_348,470|벌크 | _정품_358,030|병행수입 박스_356,880|_벌크 + 쿨러_348,480|벌크 | _정품_358,030|병행수입 박스_356,880|_벌크 + 쿨러_348,510|벌크 | _정품_358,030|병행수입 박스_356,880|_벌크 + 쿨러_348,540|벌크 | _정품_358,030|병행수입 박스_356,880|_벌크 + 쿨러_348,650|벌크 | _정품_373,570|병행수입 박스_372,490|벌크 + 쿨러_350,840|_벌크 | _정품_375,670|병행수입 박스_376,600|_벌크 + 쿨러_330,490|벌크 | _정품_375,670|병행수입 박스_376,600|_벌크 + 쿨러_374,640|벌크 | 정품_373,570|병행수입 박스_376,600|_벌크 + 쿨러_374,640|_벌크 | 정품_375,670|병행수입 박스_372,380|_벌크 + 쿨러_374,640|_벌크 | 정품_375,670|병행수입 박스_372,410|_벌크 + 쿨러_374,640|_벌크",326010,326010,326010,326010,326010,326010,326010,326010,326010,326010,326010,326010,326010,352880,368100,368180,368100,368060,367970,367950,367920,367910,367880,367870,367840,367720,367600,367590,367570,367470,369490
13824974,인텔 코어i7-11세대 11700K (로켓레이크S),인텔 코어i7-11세대 11700K,로켓레이크S,"_벌크 + 쿨러_358,850|_벌크_347,790|해외구매 | _벌크 + 쿨러_358,880|_벌크_347,820|해외구매 | _벌크 + 쿨러_358,890|_벌크_347,830|해외구매 | _벌크 + 쿨러_358,920|_벌크_347,860|해외구매 | _벌크 + 쿨러_358,930|_벌크_347,870|해외구매 | _벌크 + 쿨러_359,050|_벌크_347,990|해외구매 | _벌크 + 쿨러_359,080|_벌크_348,020|해외구매 | _벌크 + 쿨러_359,110|_벌크_348,050|해외구매 | _벌크 + 쿨러_361,980|_벌크_350,690|해외구매 | _벌크 + 쿨러_362,010|_벌크_350,720|해외구매 | _벌크 + 쿨러_362,020|_벌크_350,730|해외구매 | _벌크 + 쿨러_362,050|_벌크_350,740|해외구매 | _벌크 + 쿨러_362,070|_벌크_350,760|해외구매 | _벌크 + 쿨러_362,070|_벌크_350,850|해외구매 | _벌크 + 쿨러_362,120|_벌크_350,910|해외구매 | _벌크 + 쿨러_362,200|_벌크_350,990|해외구매 | _벌크 + 쿨러_362,210|_벌크_350,990|해외구매 | _벌크 + 쿨러_362,220|_벌크_350,820|해외구매 | _벌크 + 쿨러_362,230|_벌크_350,850|해외구매 | _벌크 + 쿨러_362,240|_벌크_350,860|해외구매 | _벌크 + 쿨러_362,250|_벌크_350,870|해외구매 | _벌크 + 쿨러_362,260|_벌크_350,880|해외구매 | _벌크 + 쿨러_362,270|_벌크_350,890|해외구매 | _벌크 + 쿨러_362,280|_벌크_350,900|해외구매 | _벌크 + 쿨러_362,290|_벌크_350,910|해외구매 | _벌크 + 쿨러_362,300|_벌크_350,920|해외구매 | _벌크 + 쿨러_362,330|_벌크_350,950|해외구매 | _벌크 + 쿨러_362,340|_벌크_350,960|해외구매 | _벌크 + 쿨러_362,370|_벌크_350,990|해외구매 | _벌크 + 쿨러_362,400|_벌크_351,020|해외구매 | _벌크 + 쿨러_362,430|_벌크_351,050|해외구매",442590,442590,442590,442590,442590,442590,442600,442600,442600,442600,442600,442600,442600,442600,442600,442600,442600,442600,442600,442600,442600,442600,442600,442600,442600,442600,442600,442600,442600,442600,442600
13753598,인텔 코어i7-11세대 11700KF (로켓레이크S),인텔 코어i7-11세대 11700KF,로켓레이크S,"_정품_358,140|병행수입 박스_482,900|_벌크 + 쿨러_334,320|벌크 | _정품_358,600|병행수입 박스_482,900|_벌크 + 쿨러_363,600|벌크 | _정품_382,700|병행수입 박스_482,900|_벌크 + 쿨러_363,600|벌크 | _정품_392,700|병행수입 박스_482,900|_벌크 + 쿨러_363,600|벌크 | _정품_401,640|병행수입 박스_482,900|_벌크 + 쿨러_363,600|벌크 | _정품_401,650|병행수입 박스_482,900|_벌크 + 쿨러_363,600|벌크 | _정품_401,670|병행수입 박스_482,900|_벌크 + 쿨러_363,600|벌크 | _정품_401,760|병행수입 박스_482,900|_벌크 + 쿨러_363,600|벌크 | _정품_401,860|병행수입 박스_482,900|_벌크 + 쿨러_363,600|벌크 | _정품_401,940|병행수입 박스_482,900|_벌크 + 쿨러_363,600|벌크 | _정품_401,950|병행수입 박스_482,900|_벌크 + 쿨러_363,600|벌크 | _정품_402,040|병행수입 박스_482,900|_벌크 + 쿨러_363,600|벌크 | _정품_402,070|병행수입 박스_482,900|_벌크 + 쿨러_363,600|벌크 | _정품_402,080|병행수입 박스_482,900|_벌크 + 쿨러_363,600|벌크 | _정품_402,090|병행수입 박스_482,900|_벌크 + 쿨러_363,600|벌크 | _정품_402,100|병행수입 박스_482,900|_벌크 + 쿨러_363,600|벌크 | _정품_402,110|병행수입 박스_482,900|_벌크 + 쿨러_363,600|벌크 | _정품_402,120|병행수입 박스_482,900|_벌크 + 쿨러_363,600|벌크 | _정품_402,130|병행수입 박스_482,900|_벌크 + 쿨러_363,600|벌크 | _정품_402,140|병행수입 박스_482,900|_벌크 + 쿨러_363,600|벌크 | _정품_402,170|병행수입 박스_482,900|_벌크 + 쿨러_363,600|벌크 | _정품_402,180|병행수입 박스_482,900|_벌크 + 쿨러_363,600|벌크 | _정품_402,210|병행수입 박스_482,900|_벌크 + 쿨러_363,600|벌크 | _정품_402,240|병행수입 박스_482,900|_벌크 + 쿨러_363,600|벌크 | _정품_402,270|병행수입 박스_482,900|_벌크 + 쿨러_363,600|벌크",357600,357600,357600,357600,357600,357600,357600,357600,357600,357600,357600,357600,357600,357600,357600,357600,357600,357600,357600,357600,357600,357600,328640,357600,357600,357600,357600,357600,357600,357600,357600
16140809,인텔 코어i7-12세대 12700 (엘더레이크),인텔 코어i7-12세대 12700,엘더레이크,"_정품_356,680|벌크 + 쿨러_325,480|_벌크_309,710|해외구매 | _정품_356,690|벌크 + 쿨러_325,490|_벌크_309,720|해외구매 | _정품_356,800|벌크 + 쿨러_325,500|_벌크_309,730|해외구매 | _정품_357,140|벌크 + 쿨러_325,480|_벌크_309,710|해외구매 | _정품_357,150|벌크 + 쿨러_325,470|_벌크_309,710|해외구매 | _정품_357,780|_벌크 + 쿨러_325,810|벌크_309,740|해외구매 | _정품_367,930|벌크 + 쿨러_325,460|_벌크_314,690|해외구매 | _정품_374,950|벌크 + 쿨러_325,460|_벌크_314,690|해외구매 | _정품_376,330|벌크 + 쿨러_325,450|_벌크_314,690|해외구매 | _정품_376,330|벌크 + 쿨러_333,820|_벌크_316,200|해외구매 | _정품_376,340|벌크 + 쿨러_325,460|_벌크_314,690|해외구매 | _정품_379,970|벌크 + 쿨러_325,450|_벌크_314,690|해외구매 | _정품_380,320|벌크 + 쿨러_333,820|_벌크_316,190|해외구매 | _정품_380,420|_벌크 + 쿨러_338,400|벌크_316,160|해외구매 | _정품_380,420|벌크 + 쿨러_339,990|_벌크_315,840|해외구매 | _정품_380,420|벌크 + 쿨러_339,990|_벌크_315,870|해외구매 | _정품_383,250|벌크 + 쿨러_325,480|_벌크_316,220|해외구매 | _정품_383,250|벌크 + 쿨러_325,490|_벌크_316,250|해외구매 | _정품_383,250|벌크 + 쿨러_325,510|_벌크_316,270|해외구매 | _정품_383,250|벌크 + 쿨러_333,820|_벌크_316,210|해외구매 | _정품_384,940|_벌크 + 쿨러_339,990|벌크_315,910|해외구매 | _정품_384,940|_벌크 + 쿨러_339,990|벌크_315,920|해외구매 | _정품_384,940|_벌크 + 쿨러_339,990|벌크_316,040|해외구매 | _정품_384,940|벌크 + 쿨러_339,990|_벌크_315,880|해외구매",442030,434310,434280,434160,430590,430480,430470,430450,430350,430340,430330,430320,430310,430310,430300,430280,430200,430120,430030,430010,429980,429970,429940,429930,429900,429780,429660,429650,429620,429610,429580
16101464,인텔 코어i7-12세대 12700F (엘더레이크),인텔 코어i7-12세대 12700F,엘더레이크,"_정품_334,420|벌크 + 쿨러_307,560|_벌크 | _정품_334,650|벌크 + 쿨러_312,860|_벌크 | _정품_334,770|벌크 + 쿨러_307,560|_벌크 | _정품_334,800|벌크 + 쿨러_307,550|_벌크 | _정품_334,810|벌크 + 쿨러_307,550|_벌크 | _정품_335,300|벌크 + 쿨러_295,190|_벌크 | _정품_335,450|벌크 + 쿨러_293,680|_벌크_284,880|해외구매 | _정품_335,500|벌크 + 쿨러_294,890|_벌크 | _정품_335,890|벌크 + 쿨러_295,190|_벌크 | _정품_336,270|벌크 + 쿨러_312,740|_벌크 | _정품_336,400|벌크 + 쿨러_293,590|_벌크 | _정품_336,520|벌크 + 쿨러_293,600|_벌크 | _정품_336,640|_벌크 + 쿨러_293,610|벌크 | _정품_336,710|벌크 + 쿨러_295,030|_벌크 | _정품_336,710|벌크 + 쿨러_295,110|_벌크 | _정품_336,740|_벌크 + 쿨러_293,620|벌크 | _정품_336,740|벌크 + 쿨러_312,750|_벌크 | _정품_336,840|_벌크 + 쿨러_293,630|벌크 | _정품_336,940|_벌크 + 쿨러_293,640|벌크 | _정품_337,070|_벌크 + 쿨러_293,670|벌크_281,800|해외구매 | _정품_337,290|벌크 + 쿨러_293,690|_벌크_285,560|해외구매 | _정품_337,330|벌크 + 쿨러_312,750|_벌크 | _정품_337,380|벌크 + 쿨러_293,720|_벌크_285,580|해외구매 | _정품_337,460|벌크 + 쿨러_293,790|_벌크_285,590|해외구매 | _정품_337,540|벌크 + 쿨러_294,920|_벌크 | _정품_337,580|벌크 + 쿨러_293,910|_벌크_285,590|해외구매 | _정품_337,670|벌크 + 쿨러_293,940|_벌크_285,600|해외구매 | _정품_337,780|벌크 + 쿨러_293,960|_벌크_285,610|해외구매 | _정품_337,950|벌크 + 쿨러_312,760|_벌크 | _정품_338,660|벌크 + 쿨러_294,940|_벌크 | _정품_340,240|벌크 + 쿨러_312,740|_벌크",548700,548700,548700,548700,548700,548700,548700,548700,281760,281760,281720,281700,281680,281570,281470,281480,288800,288990,288990,288990,288990,289640,289590,289590,291990,291910,291910,291910,291800,294490,301390
15594638,인텔 코어i7-12세대 12700K (엘더레이크),인텔 코어i7-12세대 12700K,엘더레이크,"_정품_366,020|벌크 + 쿨러_342,820|_벌크_313,830|해외구매 | _정품_392,190|벌크 + 쿨러_321,020|_벌크_305,530|해외구매 | _정품_392,190|벌크 + 쿨러_321,030|_벌크_305,530|해외구매 | _정품_392,190|벌크 + 쿨러_321,150|_벌크_305,530|해외구매 | _정품_392,190|벌크 + 쿨러_326,020|_벌크_311,680|해외구매 | _정품_392,190|벌크 + 쿨러_326,020|_벌크_313,870|해외구매 | _정품_392,190|벌크 + 쿨러_326,020|_벌크_313,920|해외구매 | _정품_392,190|벌크 + 쿨러_328,450|_벌크_313,840|해외구매 | _정품_392,190|병행수입 박스_337,000|벌크 + 쿨러_319,720|_벌크_305,530|해외구매 | _정품_392,190|병행수입 박스_337,000|벌크 + 쿨러_321,180|_벌크_305,530|해외구매 | _정품_392,190|병행수입 박스_337,000|벌크 + 쿨러_321,280|_벌크_305,530|해외구매 | _정품_392,200|병행수입 박스_337,000|벌크 + 쿨러_319,730|_벌크_305,540|해외구매 | _정품_395,290|벌크 + 쿨러_342,820|_벌크_313,840|해외구매 | _정품_395,290|벌크 + 쿨러_342,820|_벌크_329,200|해외구매 | _정품_395,290|벌크 + 쿨러_342,820|_벌크_329,220|해외구매 | _정품_395,290|벌크 + 쿨러_342,820|_벌크_329,240|해외구매 | _정품_395,290|벌크 + 쿨러_342,820|_벌크_329,790|해외구매 | _정품_395,290|벌크 + 쿨러_342,820|_벌크_329,800|해외구매 | _정품_395,290|벌크 + 쿨러_342,820|_벌크_329,990|해외구매 | _정품_395,320|벌크 + 쿨러_347,030|_벌크_313,960|해외구매 | _정품_395,790|벌크 + 쿨러_333,950|_벌크_313,740|해외구매 | _정품_395,820|벌크 + 쿨러_333,950|_벌크_313,850|해외구매 | _정품_395,840|벌크 + 쿨러_333,950|_벌크_313,880|해외구매 | _정품_396,900|벌크 + 쿨러_328,520|_벌크_313,840|해외구매 | _정품_396,900|벌크 + 쿨러_328,560|_벌크_313,840|해외구매 | _정품_396,900|벌크 + 쿨러_328,580|_벌크_313,840|해외구매 | _정품_400,570|벌크 + 쿨러_327,100|_벌크_313,700|해외구매 | _정품_400,690|벌크 + 쿨러_328,670|_벌크_313,800|해외구매 | _정품_400,720|벌크 + 쿨러_328,680|_벌크_313,830|해외구매 | _정품_400,820|벌크 + 쿨러_326,020|_벌크_313,850|해외구매",445700,445700,445700,445700,445700,445700,445700,445700,445700,445700,445700,445700,445700,445700,445700,445700,445700,445700,445700,445700,445700,445700,445700,445700,445700,445700,445700,445700,445700,445700,445700
15594701,인텔 코어i7-12세대 12700KF (엘더레이크),인텔 코어i7-12세대 12700KF,엘더레이크,"_정품_346,670|벌크 + 쿨러_313,020|_벌크_235,390|병행수입 박스_568,480|해외구매 | _정품_346,680|벌크 + 쿨러_307,940|_벌크_293,700|병행수입 박스_568,480|해외구매 | _정품_346,680|벌크 + 쿨러_308,060|_벌크_293,800|병행수입 박스_568,480|해외구매 | _정품_346,680|벌크 + 쿨러_308,090|_벌크_293,830|병행수입 박스_568,480|해외구매 | _정품_346,680|벌크 + 쿨러_308,100|_벌크_297,070|병행수입 박스_568,480|해외구매 | _정품_346,680|벌크 + 쿨러_308,110|_벌크_293,930|병행수입 박스_568,480|해외구매 | _정품_346,690|벌크 + 쿨러_308,120|_벌크_294,040|병행수입 박스_568,480|해외구매 | _정품_346,690|벌크 + 쿨러_308,130|_벌크_294,140|병행수입 박스_568,480|해외구매 | _정품_346,700|벌크 + 쿨러_299,920|_벌크_288,740|병행수입 박스_568,480|해외구매 | _정품_346,700|벌크 + 쿨러_308,180|_벌크_294,220|병행수입 박스_568,480|해외구매 | _정품_346,710|벌크 + 쿨러_299,920|_벌크_288,740|병행수입 박스_580,980|해외구매 | _정품_346,800|벌크 + 쿨러_299,920|_벌크_288,740|병행수입 박스_580,980|해외구매 | _정품_346,810|벌크 + 쿨러_299,920|_벌크_288,740|병행수입 박스_580,980|해외구매 | _정품_346,820|벌크 + 쿨러_299,920|_벌크_288,750|병행수입 박스_580,980|해외구매 | _정품_348,120|벌크 + 쿨러_331,250|_벌크_319,910|해외구매 | _정품_348,160|벌크 + 쿨러_331,270|_벌크_319,920|해외구매 | _정품_348,170|벌크 + 쿨러_331,290|_벌크_319,930|해외구매 | _정품_348,200|벌크 + 쿨러_331,310|_벌크_319,940|해외구매 | _정품_348,210|벌크 + 쿨러_331,320|_벌크_319,940|병행수입 박스_568,480|해외구매 | _정품_348,330|벌크 + 쿨러_331,440|_벌크_319,950|병행수입 박스_568,480|해외구매 | _정품_348,450|벌크 + 쿨러_332,910|_벌크_303,980|병행수입 박스_568,480|해외구매 | _정품_348,480|벌크 + 쿨러_332,940|_벌크_304,010|병행수입 박스_568,480|해외구매 | _정품_348,490|벌크 + 쿨러_332,950|_벌크_304,120|병행수입 박스_568,480|해외구매 | _정품_348,610|벌크 + 쿨러_332,990|_벌크_304,160|병행수입 박스_568,480|해외구매 | _정품_348,650|벌크 + 쿨러_325,000|_벌크_304,170|병행수입 박스_568,480|해외구매 | _정품_348,680|벌크 + 쿨러_325,000|_벌크_304,290|병행수입 박스_568,480|해외구매 | _정품_348,700|벌크 + 쿨러_325,000|_벌크_304,320|병행수입 박스_568,480|해외구매 | _정품_348,790|벌크 + 쿨러_324,830|_벌크_304,410|병행수입 박스_568,480|해외구매 | _정품_348,890|벌크 + 쿨러_316,490|_벌크_304,520|병행수입 박스_568,480|해외구매",309000,308990,308960,308840,299700,296190,293470,293380,293370,293370,293350,293320,293200,293100,293100,293120,293040,292940,292850,292830,292820,292810,292780,292770,292740,292620,292500,292490,292460,292450,292420
16393964,인텔 코어i7-12세대 12700T (엘더레이크),인텔 코어i7-12세대 12700T,엘더레이크,벌크,0,0,0,0,0,588000,588000,588000,588000,0,0,0,0,0,0,0,0,588000,588000,588000,0,0,0,0,0,0,0,0,0,0,0
18703730,인텔 코어i7-13세대 13700 (랩터레이크),인텔 코어i7-13세대 13700,랩터레이크,"_정품_437,610|_벌크 + 쿨러_438,140|벌크_446,530|해외구매 | _정품_440,490|_벌크 + 쿨러_438,140|벌크_446,280|해외구매 | _정품_440,490|_벌크 + 쿨러_438,140|벌크_446,290|해외구매 | _정품_440,490|벌크 + 쿨러_438,140|_벌크_446,410|해외구매 | _정품_440,490|벌크 + 쿨러_448,140|_벌크_446,560|해외구매 | _정품_440,490|벌크 + 쿨러_453,540|_벌크_443,890|해외구매 | _정품_440,960|벌크 + 쿨러_448,140|_벌크_446,570|해외구매 | _정품_440,980|벌크 + 쿨러_448,380|_벌크_439,210|해외구매 | _정품_440,980|벌크 + 쿨러_451,400|_벌크_439,200|해외구매 | _정품_440,990|벌크 + 쿨러_438,140|_벌크 | _정품_440,990|벌크 + 쿨러_438,140|_벌크_446,130|해외구매 | _정품_440,990|벌크 + 쿨러_438,140|_벌크_446,250|해외구매 | _정품_440,990|벌크 + 쿨러_453,540|_벌크_443,880|해외구매 | _정품_440,990|벌크 + 쿨러_453,540|_벌크_443,890|해외구매 | _정품_441,000|벌크 + 쿨러_446,050|_벌크_446,600|해외구매 | _정품_441,000|벌크 + 쿨러_448,380|_벌크_439,210|해외구매 | _정품_446,040|벌크 + 쿨러_448,380|_벌크_439,210|해외구매 | _정품_446,040|벌크 + 쿨러_448,380|_벌크_439,220|해외구매 | _정품_455,580|벌크 + 쿨러_448,380|_벌크_439,220|해외구매 | _정품_456,400|벌크 + 쿨러_448,380|_벌크_439,220|해외구매 | _정품_456,410|벌크 + 쿨러_448,380|_벌크_439,230|해외구매 | _정품_457,660|벌크 + 쿨러_448,380|_벌크_439,230|해외구매 | _정품_465,940|벌크 + 쿨러_448,380|_벌크_439,230|해외구매 | _정품_465,950|벌크 + 쿨러_448,390|_벌크_439,230|해외구매 | _정품_465,960|벌크 + 쿨러_448,400|_벌크_430,030|해외구매 | _정품_486,710|벌크 + 쿨러_448,400|_벌크_430,150|해외구매 | _정품_497,060|벌크 + 쿨러_448,410|_벌크_435,990|해외구매 | _정품_497,200|벌크 + 쿨러_453,600|_벌크_444,440|해외구매",713000,713000,713000,713000,713000,713000,713000,713000,713000,713000,713000,713000,713000,713000,713000,713000,713000,713000,713000,713000,713000,713000,713000,713000,713000,713000,713000,713000,713000,446240,713000
18640397,인텔 코어i7-13세대 13700 (랩터레이크),인텔 코어i7-13세대 13700,랩터레이크,"_정품_437,610|_벌크 + 쿨러_438,140|벌크_446,530|해외구매 | _정품_440,490|_벌크 + 쿨러_438,140|벌크_446,280|해외구매 | _정품_440,490|_벌크 + 쿨러_438,140|벌크_446,290|해외구매 | _정품_440,490|벌크 + 쿨러_438,140|_벌크_446,410|해외구매 | _정품_440,490|벌크 + 쿨러_448,140|_벌크_446,560|해외구매 | _정품_440,490|벌크 + 쿨러_453,540|_벌크_443,890|해외구매 | _정품_440,960|벌크 + 쿨러_448,140|_벌크_446,570|해외구매 | _정품_440,980|벌크 + 쿨러_448,380|_벌크_439,210|해외구매 | _정품_440,980|벌크 + 쿨러_451,400|_벌크_439,200|해외구매 | _정품_440,990|벌크 + 쿨러_438,140|_벌크 | _정품_440,990|벌크 + 쿨러_438,140|_벌크_446,130|해외구매 | _정품_440,990|벌크 + 쿨러_438,140|_벌크_446,250|해외구매 | _정품_440,990|벌크 + 쿨러_453,540|_벌크_443,880|해외구매 | _정품_440,990|벌크 + 쿨러_453,540|_벌크_443,890|해외구매 | _정품_441,000|벌크 + 쿨러_446,050|_벌크_446,600|해외구매 | _정품_441,000|벌크 + 쿨러_448,380|_벌크_439,210|해외구매 | _정품_446,040|벌크 + 쿨러_448,380|_벌크_439,210|해외구매 | _정품_446,040|벌크 + 쿨러_448,380|_벌크_439,220|해외구매 | _정품_455,580|벌크 + 쿨러_448,380|_벌크_439,220|해외구매 | _정품_456,400|벌크 + 쿨러_448,380|_벌크_439,220|해외구매 | _정품_456,410|벌크 + 쿨러_448,380|_벌크_439,230|해외구매 | _정품_457,660|벌크 + 쿨러_448,380|_벌크_439,230|해외구매 | _정품_465,940|벌크 + 쿨러_448,380|_벌크_439,230|해외구매 | _정품_465,950|벌크 + 쿨러_448,390|_벌크_439,230|해외구매 | _정품_465,960|벌크 + 쿨러_448,400|_벌크_430,030|해외구매 | _정품_486,710|벌크 + 쿨러_448,400|_벌크_430,150|해외구매 | _정품_497,060|벌크 + 쿨러_448,410|_벌크_435,990|해외구매 | _정품_497,200|벌크 + 쿨러_453,600|_벌크_444,440|해외구매",713000,713000,713000,713000,713000,713000,713000,713000,713000,713000,713000,713000,713000,713000,713000,713000,713000,713000,713000,713000,713000,713000,713000,713000,713000,713000,713000,713000,713000,446240,713000
18703613,인텔 코어i7-13세대 13700F (랩터레이크),인텔 코어i7-13세대 13700F,랩터레이크,"_정품_415,810|벌크 + 쿨러_408,970|_벌크 | _정품_415,810|벌크 + 쿨러_412,070|_벌크 | _정품_415,810|벌크 + 쿨러_414,990|_벌크 | _정품_415,820|벌크 + 쿨러_408,970|_벌크 | _정품_415,830|벌크 + 쿨러_408,970|_벌크 | _정품_417,400|벌크 + 쿨러_410,010|_벌크 | _정품_418,430|벌크 + 쿨러_409,990|_벌크 | _정품_418,430|벌크 + 쿨러_412,070|_벌크 | _정품_418,440|벌크 + 쿨러_412,080|_벌크 | _정품_419,790|벌크 + 쿨러_411,980|_벌크 | _정품_420,550|벌크 + 쿨러_411,980|_벌크 | _정품_421,570|벌크 + 쿨러_411,980|_벌크 | _정품_422,570|벌크 + 쿨러_411,990|_벌크 | _정품_422,580|벌크 + 쿨러_411,990|_벌크 | _정품_426,490|벌크 + 쿨러_410,000|_벌크 | _정품_426,730|벌크 + 쿨러_419,330|_벌크 | _정품_426,740|벌크 + 쿨러_419,340|_벌크 | _정품_426,750|벌크 + 쿨러_419,350|_벌크 | _정품_452,180|벌크 + 쿨러_433,870|_벌크 | _정품_452,190|벌크 + 쿨러_433,880|_벌크 | _정품_466,200|벌크 + 쿨러_436,980|_벌크",422160,422150,422140,409710,409700,409690,409690,402450,402440,402440,400370,399330,399330,399330,399330,399320,399320,399320,404190,404190,404190,400360,400350,400350,402430,402430,402420,402420,402410,402410,402410
18640379,인텔 코어i7-13세대 13700F (랩터레이크),인텔 코어i7-13세대 13700F,랩터레이크,"_정품_415,810|벌크 + 쿨러_408,970|_벌크 | _정품_415,810|벌크 + 쿨러_412,070|_벌크 | _정품_415,810|벌크 + 쿨러_414,990|_벌크 | _정품_415,820|벌크 + 쿨러_408,970|_벌크 | _정품_415,830|벌크 + 쿨러_408,970|_벌크 | _정품_417,400|벌크 + 쿨러_410,010|_벌크 | _정품_418,430|벌크 + 쿨러_409,990|_벌크 | _정품_418,430|벌크 + 쿨러_412,070|_벌크 | _정품_418,440|벌크 + 쿨러_412,080|_벌크 | _정품_419,790|벌크 + 쿨러_411,980|_벌크 | _정품_420,550|벌크 + 쿨러_411,980|_벌크 | _정품_421,570|벌크 + 쿨러_411,980|_벌크 | _정품_422,570|벌크 + 쿨러_411,990|_벌크 | _정품_422,580|벌크 + 쿨러_411,990|_벌크 | _정품_426,490|벌크 + 쿨러_410,000|_벌크 | _정품_426,730|벌크 + 쿨러_419,330|_벌크 | _정품_426,740|벌크 + 쿨러_419,340|_벌크 | _정품_426,750|벌크 + 쿨러_419,350|_벌크 | _정품_452,180|벌크 + 쿨러_433,870|_벌크 | _정품_452,190|벌크 + 쿨러_433,880|_벌크 | _정품_466,200|벌크 + 쿨러_436,980|_벌크",422160,422150,422140,409710,409700,409690,409690,402450,402440,402440,400370,399330,399330,399330,399330,399320,399320,399320,404190,404190,404190,400360,400350,400350,402430,402430,402420,402420,402410,402410,402410
18224453,인텔 코어i7-13세대 13700K (랩터레이크),인텔 코어i7-13세대 13700K,랩터레이크,"_정품_481,340|벌크 + 쿨러_482,140|_벌크_472,700|병행수입 박스_540,000|해외구매 | _정품_481,340|벌크 + 쿨러_489,350|_벌크_476,870|병행수입 박스_539,900|해외구매 | _정품_481,850|벌크 + 쿨러_482,140|_벌크_472,700|병행수입 박스_540,000|해외구매 | _정품_500,590|벌크 + 쿨러_479,290|_벌크_469,850|병행수입 박스_539,300|해외구매 | _정품_500,590|벌크 + 쿨러_479,300|_벌크_469,860|병행수입 박스_539,300|해외구매 | _정품_500,590|벌크 + 쿨러_479,310|_벌크_469,870|병행수입 박스_539,300|해외구매 | _정품_500,590|벌크 + 쿨러_479,320|_벌크_469,880|병행수입 박스_539,300|해외구매 | _정품_500,590|벌크 + 쿨러_479,330|_벌크_469,890|병행수입 박스_539,300|해외구매 | _정품_522,440|벌크 + 쿨러_489,320|_벌크_476,860|병행수입 박스_539,890|해외구매 | _정품_529,200|벌크 + 쿨러_479,290|_벌크_469,850|병행수입 박스_540,000|해외구매 | _정품_532,130|벌크 + 쿨러_479,280|_벌크_469,830|병행수입 박스_540,000|해외구매 | _정품_532,130|벌크 + 쿨러_479,280|_벌크_469,840|병행수입 박스_540,000|해외구매 | _정품_532,130|벌크 + 쿨러_482,110|_벌크_406,900|병행수입 박스_540,000|해외구매 | _정품_532,130|벌크 + 쿨러_482,140|_벌크_469,820|병행수입 박스_540,000|해외구매 | _정품_534,520|벌크 + 쿨러_482,110|_벌크_472,690|병행수입 박스_540,000|해외구매 | _정품_534,520|벌크 + 쿨러_489,030|_벌크_476,570|병행수입 박스_539,650|해외구매 | _정품_534,520|벌크 + 쿨러_489,040|_벌크_476,580|병행수입 박스_539,650|해외구매 | _정품_534,520|벌크 + 쿨러_489,160|_벌크_476,700|병행수입 박스_539,650|해외구매 | _정품_534,520|벌크 + 쿨러_489,280|_벌크_476,820|병행수입 박스_539,650|해외구매 | _정품_534,520|벌크 + 쿨러_489,310|_벌크_476,850|병행수입 박스_534,100|해외구매 | _정품_590,000|벌크 + 쿨러_488,900|_벌크_479,550|병행수입 박스_539,650|해외구매 | _정품_590,000|벌크 + 쿨러_489,000|_벌크_476,550|병행수입 박스_539,650|해외구매 | _정품_617,490|벌크 + 쿨러_488,780|_벌크_479,520|병행수입 박스_539,650|해외구매",545800,545800,545800,545800,545800,545800,545800,545800,545770,542780,542770,515500,515490,515460,515360,515340,459900,459800,459710,459690,527190,517200,496090,496080,486100,486100,486100,486100,525800,525800,525800
18039374,인텔 코어i7-13세대 13700K (랩터레이크),인텔 코어i7-13세대 13700K,랩터레이크,"_정품_481,340|벌크 + 쿨러_482,140|_벌크_472,700|병행수입 박스_540,000|해외구매 | _정품_481,340|벌크 + 쿨러_489,350|_벌크_476,870|병행수입 박스_539,900|해외구매 | _정품_481,850|벌크 + 쿨러_482,140|_벌크_472,700|병행수입 박스_540,000|해외구매 | _정품_500,590|벌크 + 쿨러_479,290|_벌크_469,850|병행수입 박스_539,300|해외구매 | _정품_500,590|벌크 + 쿨러_479,300|_벌크_469,860|병행수입 박스_539,300|해외구매 | _정품_500,590|벌크 + 쿨러_479,310|_벌크_469,870|병행수입 박스_539,300|해외구매 | _정품_500,590|벌크 + 쿨러_479,320|_벌크_469,880|병행수입 박스_539,300|해외구매 | _정품_500,590|벌크 + 쿨러_479,330|_벌크_469,890|병행수입 박스_539,300|해외구매 | _정품_522,440|벌크 + 쿨러_489,320|_벌크_476,860|병행수입 박스_539,890|해외구매 | _정품_529,200|벌크 + 쿨러_479,290|_벌크_469,850|병행수입 박스_540,000|해외구매 | _정품_532,130|벌크 + 쿨러_479,280|_벌크_469,830|병행수입 박스_540,000|해외구매 | _정품_532,130|벌크 + 쿨러_479,280|_벌크_469,840|병행수입 박스_540,000|해외구매 | _정품_532,130|벌크 + 쿨러_482,110|_벌크_406,900|병행수입 박스_540,000|해외구매 | _정품_532,130|벌크 + 쿨러_482,140|_벌크_469,820|병행수입 박스_540,000|해외구매 | _정품_534,520|벌크 + 쿨러_482,110|_벌크_472,690|병행수입 박스_540,000|해외구매 | _정품_534,520|벌크 + 쿨러_489,030|_벌크_476,570|병행수입 박스_539,650|해외구매 | _정품_534,520|벌크 + 쿨러_489,040|_벌크_476,580|병행수입 박스_539,650|해외구매 | _정품_534,520|벌크 + 쿨러_489,160|_벌크_476,700|병행수입 박스_539,650|해외구매 | _정품_534,520|벌크 + 쿨러_489,280|_벌크_476,820|병행수입 박스_539,650|해외구매 | _정품_534,520|벌크 + 쿨러_489,310|_벌크_476,850|병행수입 박스_534,100|해외구매 | _정품_590,000|벌크 + 쿨러_488,900|_벌크_479,550|병행수입 박스_539,650|해외구매 | _정품_590,000|벌크 + 쿨러_489,000|_벌크_476,550|병행수입 박스_539,650|해외구매 | _정품_617,490|벌크 + 쿨러_488,780|_벌크_479,520|병행수입 박스_539,650|해외구매",545800,545800,545800,545800,545800,545800,545800,545800,545770,542780,542770,515500,515490,515460,515360,515340,459900,459800,459710,459690,527190,517200,496090,496080,486100,486100,486100,486100,525800,525800,525800
18144521,인텔 코어i7-13세대 13700KF (랩터레이크),인텔 코어i7-13세대 13700KF,랩터레이크,"_정품_451,580|벌크 + 쿨러_437,500|_벌크_427,550|해외구매 | _정품_451,580|벌크 + 쿨러_437,500|_벌크_427,560|해외구매 | _정품_452,680|벌크 + 쿨러_437,500|_벌크_427,550|해외구매 | _정품_453,790|벌크 + 쿨러_437,500|_벌크_427,550|해외구매 | _정품_454,230|벌크 + 쿨러_437,500|_벌크_427,550|해외구매 | _정품_490,500|벌크 + 쿨러_437,500|_벌크_427,550|해외구매 | _정품_509,190|벌크 + 쿨러_436,360|_벌크_426,910|해외구매 | _정품_509,190|벌크 + 쿨러_436,360|_벌크_426,930|해외구매 | _정품_509,190|벌크 + 쿨러_436,370|_벌크_426,940|해외구매 | _정품_509,190|벌크 + 쿨러_437,790|_벌크_427,890|해외구매 | _정품_509,200|벌크 + 쿨러_434,390|_벌크_424,960|해외구매 | _정품_509,200|벌크 + 쿨러_436,460|_벌크_427,030|해외구매 | _정품_509,200|벌크 + 쿨러_437,790|_벌크_427,890|해외구매",483200,470600,470590,470590,470490,454700,430370,430280,430270,430260,430250,430240,430230,430220,461690,455700,455700,455700,455700,455700,455700,455700,455700,455700,463300,463300,543000,543000,543000,543000,543000
18039356,인텔 코어i7-13세대 13700KF (랩터레이크),인텔 코어i7-13세대 13700KF,랩터레이크,"_정품_451,580|벌크 + 쿨러_437,500|_벌크_427,550|해외구매 | _정품_451,580|벌크 + 쿨러_437,500|_벌크_427,560|해외구매 | _정품_452,680|벌크 + 쿨러_437,500|_벌크_427,550|해외구매 | _정품_453,790|벌크 + 쿨러_437,500|_벌크_427,550|해외구매 | _정품_454,230|벌크 + 쿨러_437,500|_벌크_427,550|해외구매 | _정품_490,500|벌크 + 쿨러_437,500|_벌크_427,550|해외구매 | _정품_509,190|벌크 + 쿨러_436,360|_벌크_426,910|해외구매 | _정품_509,190|벌크 + 쿨러_436,360|_벌크_426,930|해외구매 | _정품_509,190|벌크 + 쿨러_436,370|_벌크_426,940|해외구매 | _정품_509,190|벌크 + 쿨러_437,790|_벌크_427,890|해외구매 | _정품_509,200|벌크 + 쿨러_434,390|_벌크_424,960|해외구매 | _정품_509,200|벌크 + 쿨러_436,460|_벌크_427,030|해외구매 | _정품_509,200|벌크 + 쿨러_437,790|_벌크_427,890|해외구매",483200,470600,470590,470590,470490,454700,430370,430280,430270,430260,430250,430240,430230,430220,461690,455700,455700,455700,455700,455700,455700,455700,455700,455700,463300,463300,543000,543000,543000,543000,543000
18665336,인텔 코어i7-13세대 13700T (랩터레이크),인텔 코어i7-13세대 13700T,랩터레이크,벌크,586550,586540,586510,586390,586360,586250,586240,586230,586220,586210,586200,586170,586050,585950,585940,585940,587990,587990,587990,587990,587990,587990,587990,587990,587990,587990,587990,587990,587990,587990,587990
32103143,인텔 코어i7-14세대 14700 (랩터레이크 리프레시),인텔 코어i7-14세대 14700,랩터레이크 리프레시,"_정품_451,130|벌크 + 쿨러_449,470|_벌크_427,950|해외구매 | _정품_451,130|벌크 + 쿨러_449,470|_벌크_427,990|해외구매 | _정품_451,140|벌크 + 쿨러_449,480|_벌크_427,990|해외구매 | _정품_451,140|벌크 + 쿨러_449,490|_벌크_427,990|해외구매 | _정품_451,150|벌크 + 쿨러_449,490|_벌크_427,990|해외구매 | _정품_451,160|벌크 + 쿨러_449,490|_벌크_427,990|해외구매 | _정품_451,170|벌크 + 쿨러_448,790|_벌크_437,920|해외구매 | _정품_451,180|벌크 + 쿨러_448,800|_벌크_437,930|해외구매 | _정품_451,600|벌크 + 쿨러_448,810|_벌크_422,390|해외구매 | _정품_451,600|벌크 + 쿨러_448,810|_벌크_437,930|해외구매 | _정품_451,610|벌크 + 쿨러_449,230|_벌크_438,360|해외구매 | _정품_451,620|벌크 + 쿨러_450,380|_벌크_439,500|해외구매 | _정품_451,630|벌크 + 쿨러_451,830|_벌크_440,730|해외구매 | _정품_451,640|벌크 + 쿨러_451,840|_벌크_440,740|해외구매 | _정품_452,580|벌크 + 쿨러_453,390|_벌크_441,900|해외구매 | _정품_454,400|벌크 + 쿨러_456,700|_벌크_427,990|해외구매 | _정품_454,520|벌크 + 쿨러_454,470|_벌크_427,990|해외구매 | _정품_454,560|벌크 + 쿨러_454,470|_벌크_427,990|해외구매 | _정품_454,580|벌크 + 쿨러_454,470|_벌크_427,990|해외구매 | _정품_454,590|벌크 + 쿨러_454,470|_벌크_427,990|해외구매 | _정품_454,690|벌크 + 쿨러_454,480|_벌크_427,990|해외구매 | _정품_454,720|벌크 + 쿨러_454,490|_벌크_427,990|해외구매 | _정품_455,490|벌크 + 쿨러_453,390|_벌크_442,390|해외구매 | _정품_455,500|벌크 + 쿨러_453,400|_벌크_442,400|해외구매 | _정품_458,320|벌크 + 쿨러_453,990|_벌크_442,920|해외구매 | _정품_459,340|벌크 + 쿨러_453,990|_벌크_443,110|해외구매 | _정품_461,140|벌크 + 쿨러_463,400|_벌크_449,480|해외구매 | _정품_479,710|벌크 + 쿨러_466,520|_벌크_455,730|해외구매",672670,598220,598170,598060,562040,561920,561910,561900,561890,561880,561870,561860,561850,561820,561730,561720,561620,561610,561610,561590,561560,561550,561520,561510,561480,561360,561240,561230,561200,561190,561160
32038001,인텔 코어i7-14세대 14700 (랩터레이크 리프레시),인텔 코어i7-14세대 14700,랩터레이크 리프레시,"_정품_451,130|벌크 + 쿨러_449,470|_벌크_427,950|해외구매 | _정품_451,130|벌크 + 쿨러_449,470|_벌크_427,990|해외구매 | _정품_451,140|벌크 + 쿨러_449,480|_벌크_427,990|해외구매 | _정품_451,140|벌크 + 쿨러_449,490|_벌크_427,990|해외구매 | _정품_451,150|벌크 + 쿨러_449,490|_벌크_427,990|해외구매 | _정품_451,160|벌크 + 쿨러_449,490|_벌크_427,990|해외구매 | _정품_451,170|벌크 + 쿨러_448,790|_벌크_437,920|해외구매 | _정품_451,180|벌크 + 쿨러_448,800|_벌크_437,930|해외구매 | _정품_451,600|벌크 + 쿨러_448,810|_벌크_422,390|해외구매 | _정품_451,600|벌크 + 쿨러_448,810|_벌크_437,930|해외구매 | _정품_451,610|벌크 + 쿨러_449,230|_벌크_438,360|해외구매 | _정품_451,620|벌크 + 쿨러_450,380|_벌크_439,500|해외구매 | _정품_451,630|벌크 + 쿨러_451,830|_벌크_440,730|해외구매 | _정품_451,640|벌크 + 쿨러_451,840|_벌크_440,740|해외구매 | _정품_452,580|벌크 + 쿨러_453,390|_벌크_441,900|해외구매 | _정품_454,400|벌크 + 쿨러_456,700|_벌크_427,990|해외구매 | _정품_454,520|벌크 + 쿨러_454,470|_벌크_427,990|해외구매 | _정품_454,560|벌크 + 쿨러_454,470|_벌크_427,990|해외구매 | _정품_454,580|벌크 + 쿨러_454,470|_벌크_427,990|해외구매 | _정품_454,590|벌크 + 쿨러_454,470|_벌크_427,990|해외구매 | _정품_454,690|벌크 + 쿨러_454,480|_벌크_427,990|해외구매 | _정품_454,720|벌크 + 쿨러_454,490|_벌크_427,990|해외구매 | _정품_455,490|벌크 + 쿨러_453,390|_벌크_442,390|해외구매 | _정품_455,500|벌크 + 쿨러_453,400|_벌크_442,400|해외구매 | _정품_458,320|벌크 + 쿨러_453,990|_벌크_442,920|해외구매 | _정품_459,340|벌크 + 쿨러_453,990|_벌크_443,110|해외구매 | _정품_461,140|벌크 + 쿨러_463,400|_벌크_449,480|해외구매 | _정품_479,710|벌크 + 쿨러_466,520|_벌크_455,730|해외구매",672670,598220,598170,598060,562040,561920,561910,561900,561890,561880,561870,561860,561850,561820,561730,561720,561620,561610,561610,561590,561560,561550,561520,561510,561480,561360,561240,561230,561200,561190,561160
35230379,인텔 코어i7-14세대 14700F (랩터레이크 리프레시),인텔 코어i7-14세대 14700F,랩터레이크 리프레시,"_정품_413,370|벌크 + 쿨러_411,700|_벌크_401,690|해외구매 | _정품_413,370|벌크 + 쿨러_411,710|_벌크_401,690|해외구매 | _정품_413,370|벌크 + 쿨러_411,710|_벌크_401,700|해외구매 | _정품_413,390|벌크 + 쿨러_412,650|_벌크_401,720|해외구매 | _정품_413,400|벌크 + 쿨러_412,660|_벌크_401,730|해외구매 | _정품_413,410|벌크 + 쿨러_412,670|_벌크_401,740|해외구매 | _정품_413,950|벌크 + 쿨러_412,670|_벌크_401,940|해외구매 | _정품_413,960|벌크 + 쿨러_413,600|_벌크_401,940|해외구매 | _정품_414,380|벌크 + 쿨러_413,610|_벌크_402,680|해외구매 | _정품_415,530|벌크 + 쿨러_415,270|_벌크_404,440|해외구매 | _정품_416,030|벌크 + 쿨러_415,270|_벌크_404,440|해외구매 | _정품_416,040|벌크 + 쿨러_415,280|_벌크_404,450|해외구매 | _정품_417,480|벌크 + 쿨러_411,700|_벌크_401,690|해외구매 | _정품_417,480|벌크 + 쿨러_415,670|_벌크_405,870|해외구매 | _정품_417,950|벌크 + 쿨러_411,700|_벌크_401,690|해외구매 | _정품_417,980|벌크 + 쿨러_417,340|_벌크_406,460|해외구매 | _정품_418,530|벌크 + 쿨러_416,320|_벌크_405,590|해외구매 | _정품_418,930|벌크 + 쿨러_417,350|_벌크_406,410|해외구매 | _정품_420,300|벌크 + 쿨러_417,360|_벌크_406,630|해외구매 | _정품_422,590|벌크 + 쿨러_417,340|_벌크_406,440|해외구매 | _정품_422,590|벌크 + 쿨러_417,340|_벌크_406,450|해외구매 | _정품_422,590|벌크 + 쿨러_417,340|_벌크_406,460|해외구매 | _정품_436,490|벌크 + 쿨러_444,980|_벌크_430,000|해외구매",596900,581380,567500,567380,567370,567340,567330,567320,567310,560760,560750,560720,560600,560510,565560,565560,565480,565470,565460,565450,565440,565430,565420,506250,506220,506100,505980,505970,505940,505930,505910
32156936,인텔 코어i7-14세대 14700F (랩터레이크 리프레시),인텔 코어i7-14세대 14700F,랩터레이크 리프레시,"_정품_413,370|벌크 + 쿨러_411,700|_벌크_401,690|해외구매 | _정품_413,370|벌크 + 쿨러_411,710|_벌크_401,690|해외구매 | _정품_413,370|벌크 + 쿨러_411,710|_벌크_401,700|해외구매 | _정품_413,390|벌크 + 쿨러_412,650|_벌크_401,720|해외구매 | _정품_413,400|벌크 + 쿨러_412,660|_벌크_401,730|해외구매 | _정품_413,410|벌크 + 쿨러_412,670|_벌크_401,740|해외구매 | _정품_413,950|벌크 + 쿨러_412,670|_벌크_401,940|해외구매 | _정품_413,960|벌크 + 쿨러_413,600|_벌크_401,940|해외구매 | _정품_414,380|벌크 + 쿨러_413,610|_벌크_402,680|해외구매 | _정품_415,530|벌크 + 쿨러_415,270|_벌크_404,440|해외구매 | _정품_416,030|벌크 + 쿨러_415,270|_벌크_404,440|해외구매 | _정품_416,040|벌크 + 쿨러_415,280|_벌크_404,450|해외구매 | _정품_417,480|벌크 + 쿨러_411,700|_벌크_401,690|해외구매 | _정품_417,480|벌크 + 쿨러_415,670|_벌크_405,870|해외구매 | _정품_417,950|벌크 + 쿨러_411,700|_벌크_401,690|해외구매 | _정품_417,980|벌크 + 쿨러_417,340|_벌크_406,460|해외구매 | _정품_418,530|벌크 + 쿨러_416,320|_벌크_405,590|해외구매 | _정품_418,930|벌크 + 쿨러_417,350|_벌크_406,410|해외구매 | _정품_420,300|벌크 + 쿨러_417,360|_벌크_406,630|해외구매 | _정품_422,590|벌크 + 쿨러_417,340|_벌크_406,440|해외구매 | _정품_422,590|벌크 + 쿨러_417,340|_벌크_406,450|해외구매 | _정품_422,590|벌크 + 쿨러_417,340|_벌크_406,460|해외구매 | _정품_436,490|벌크 + 쿨러_444,980|_벌크_430,000|해외구매",596900,581380,567500,567380,567370,567340,567330,567320,567310,560760,560750,560720,560600,560510,565560,565560,565480,565470,565460,565450,565440,565430,565420,506250,506220,506100,505980,505970,505940,505930,505910
28920827,인텔 코어i7-14세대 14700K (랩터레이크 리프레시),인텔 코어i7-14세대 14700K,랩터레이크 리프레시,"_정품_521,660|_벌크_513,730|해외구매 | _정품_521,670|_벌크_513,740|해외구매 | _정품_521,700|_벌크_513,740|해외구매 | _정품_521,710|_벌크_513,740|해외구매 | _정품_522,140|_벌크_516,350|해외구매 | _정품_522,760|_벌크_516,850|해외구매 | _정품_522,800|_벌크_520,990|해외구매 | _정품_522,810|_벌크_520,990|해외구매 | _정품_522,830|_벌크_520,990|해외구매 | _정품_522,910|_벌크_519,260|해외구매 | _정품_523,690|_벌크_516,850|해외구매 | _정품_523,700|_벌크_516,860|해외구매 | _정품_525,360|_벌크_516,870|해외구매 | _정품_525,750|_벌크_517,890|해외구매 | _정품_526,100|_벌크_521,790|해외구매 | _정품_526,920|_벌크_501,020|해외구매 | _정품_528,690|_벌크_521,790|해외구매 | _정품_533,050|_벌크_501,020|해외구매 | _정품_534,670|_벌크_520,840|해외구매 | _정품_534,730|_벌크_520,870|해외구매 | _정품_534,740|_벌크_521,990|해외구매 | _정품_534,770|_벌크_522,020|해외구매 | _정품_534,780|_벌크_522,030|해외구매 | _정품_534,900|_벌크_522,150|해외구매 | _정품_534,930|_벌크_522,180|해외구매",535990,535990,535990,535990,535990,535990,535990,535990,535990,535990,535990,535990,535990,535990,535990,535990,535990,535990,535990,535990,535990,535990,535990,535990,535990,535990,535990,535990,535990,535990,535990
28799435,인텔 코어i7-14세대 14700K (랩터레이크 리프레시),인텔 코어i7-14세대 14700K,랩터레이크 리프레시,"_정품_521,660|_벌크_513,730|해외구매 | _정품_521,670|_벌크_513,740|해외구매 | _정품_521,700|_벌크_513,740|해외구매 | _정품_521,710|_벌크_513,740|해외구매 | _정품_522,140|_벌크_516,350|해외구매 | _정품_522,760|_벌크_516,850|해외구매 | _정품_522,800|_벌크_520,990|해외구매 | _정품_522,810|_벌크_520,990|해외구매 | _정품_522,830|_벌크_520,990|해외구매 | _정품_522,910|_벌크_519,260|해외구매 | _정품_523,690|_벌크_516,850|해외구매 | _정품_523,700|_벌크_516,860|해외구매 | _정품_525,360|_벌크_516,870|해외구매 | _정품_525,750|_벌크_517,890|해외구매 | _정품_526,100|_벌크_521,790|해외구매 | _정품_526,920|_벌크_501,020|해외구매 | _정품_528,690|_벌크_521,790|해외구매 | _정품_533,050|_벌크_501,020|해외구매 | _정품_534,670|_벌크_520,840|해외구매 | _정품_534,730|_벌크_520,870|해외구매 | _정품_534,740|_벌크_521,990|해외구매 | _정품_534,770|_벌크_522,020|해외구매 | _정품_534,780|_벌크_522,030|해외구매 | _정품_534,900|_벌크_522,150|해외구매 | _정품_534,930|_벌크_522,180|해외구매",535990,535990,535990,535990,535990,535990,535990,535990,535990,535990,535990,535990,535990,535990,535990,535990,535990,535990,535990,535990,535990,535990,535990,535990,535990,535990,535990,535990,535990,535990,535990
29959874,인텔 코어i7-14세대 14700KF (랩터레이크 리프레시),인텔 코어i7-14세대 14700KF,랩터레이크 리프레시,"_정품_484,140|_벌크_481,060|해외구매 | _정품_484,150|_벌크_483,120|해외구매 | _정품_484,160|_벌크_483,420|해외구매 | _정품_484,170|_벌크_483,420|해외구매 | _정품_484,180|_벌크_483,420|해외구매 | _정품_484,710|_벌크_483,430|해외구매 | _정품_485,010|_벌크_483,430|해외구매 | _정품_485,020|_벌크_483,440|해외구매 | _정품_485,830|_벌크_481,030|해외구매 | _정품_485,960|_벌크_483,450|해외구매 | _정품_486,030|_벌크_481,040|해외구매 | _정품_486,040|_벌크_481,040|해외구매 | _정품_486,040|_벌크_483,640|해외구매 | _정품_486,680|_벌크_481,050|해외구매 | _정품_487,730|_벌크_483,650|해외구매 | _정품_488,480|_벌크_483,070|해외구매 | _정품_488,580|_벌크_483,090|해외구매 | _정품_488,610|_벌크_481,030|해외구매 | _정품_488,640|_벌크_481,050|해외구매 | _정품_488,640|_벌크_483,090|해외구매 | _정품_488,650|_벌크_483,090|해외구매 | _정품_488,660|_벌크_496,110|해외구매 | _정품_488,680|_벌크_483,090|해외구매 | _정품_488,740|_벌크_483,090|해외구매 | _정품_498,540|_벌크_482,040|해외구매",485100,485100,485100,485100,485100,485100,485100,485100,485100,485100,485100,485100,485100,485100,485100,485100,485100,485100,485100,485100,485100,485100,485100,485100,485100,607810,591440,590410,590410,585860,584970
28799498,인텔 코어i7-14세대 14700KF (랩터레이크 리프레시),인텔 코어i7-14세대 14700KF,랩터레이크 리프레시,"_정품_484,140|_벌크_481,060|해외구매 | _정품_484,150|_벌크_483,120|해외구매 | _정품_484,160|_벌크_483,420|해외구매 | _정품_484,170|_벌크_483,420|해외구매 | _정품_484,180|_벌크_483,420|해외구매 | _정품_484,710|_벌크_483,430|해외구매 | _정품_485,010|_벌크_483,430|해외구매 | _정품_485,020|_벌크_483,440|해외구매 | _정품_485,830|_벌크_481,030|해외구매 | _정품_485,960|_벌크_483,450|해외구매 | _정품_486,030|_벌크_481,040|해외구매 | _정품_486,040|_벌크_481,040|해외구매 | _정품_486,040|_벌크_483,640|해외구매 | _정품_486,680|_벌크_481,050|해외구매 | _정품_487,730|_벌크_483,650|해외구매 | _정품_488,480|_벌크_483,070|해외구매 | _정품_488,580|_벌크_483,090|해외구매 | _정품_488,610|_벌크_481,030|해외구매 | _정품_488,640|_벌크_481,050|해외구매 | _정품_488,640|_벌크_483,090|해외구매 | _정품_488,650|_벌크_483,090|해외구매 | _정품_488,660|_벌크_496,110|해외구매 | _정품_488,680|_벌크_483,090|해외구매 | _정품_488,740|_벌크_483,090|해외구매 | _정품_498,540|_벌크_482,040|해외구매",485100,485100,485100,485100,485100,485100,485100,485100,485100,485100,485100,485100,485100,485100,485100,485100,485100,485100,485100,485100,485100,485100,485100,485100,485100,607810,591440,590410,590410,585860,584970
32457785,인텔 코어i7-14세대 14700T (랩터레이크 리프레시),인텔 코어i7-14세대 14700T,랩터레이크 리프레시,벌크,615270,615260,615230,615110,615100,615070,615060,615040,614940,614930,614920,614890,614770,614650,614560,614550,614470,614370,614280,614260,614250,614240,614210,614200,614170,614050,613930,613920,613890,613880,613850
1013075,인텔 코어i7-1세대 860 (린필드),인텔 코어i7-1세대 860,린필드,중고,12780,12750,12720,12690,12680,12650,12640,12630,12620,12610,12600,12590,12580,12550,12590,12590,12510,12460,12460,12440,12440,12400,12370,12360,12330,12210,12090,12080,12050,12040,12010
4144446,인텔 코어i7-1세대 870 (린필드),인텔 코어i7-1세대 870,린필드,중고,13190,13190,13190,13190,13190,13190,13190,13190,13190,13190,13190,13190,13190,13190,13190,13190,13190,13190,13190,13190,13190,13190,13190,13190,13190,13190,13190,13190,13190,13190,13190
4147680,인텔 코어i7-2세대 2600 (샌디브릿지),인텔 코어i7-2세대 2600,샌디브릿지,중고,32990,32990,32990,32990,32990,32990,32990,32990,31970,31880,31870,31860,31850,31820,31720,31700,31620,31610,31630,31540,29990,27000,27000,27000,27000,27000,27000,27000,27000,27000,27000
1376231,인텔 코어i7-2세대 2600K (샌디브릿지),인텔 코어i7-2세대 2600K,샌디브릿지,"_벌크 + 쿨러_36,920|_중고 | _벌크 + 쿨러_36,950|_중고 | _벌크 + 쿨러_36,960|_중고 | _벌크 + 쿨러_36,990|_중고 | _벌크 + 쿨러_37,000|_중고 | _벌크 + 쿨러_37,120|_중고 | _벌크 + 쿨러_37,240|_중고 | _벌크 + 쿨러_37,270|_중고 | _벌크 + 쿨러_37,280|_중고 | _벌크 + 쿨러_37,310|_중고 | _벌크 + 쿨러_37,370|_중고 | _벌크 + 쿨러_37,390|_중고 | _벌크 + 쿨러_37,410|_중고 | _벌크 + 쿨러_37,470|_중고 | _벌크 + 쿨러_37,500|_중고 | _벌크 + 쿨러_39,280|_중고 | _벌크 + 쿨러_39,380|_중고 | _벌크 + 쿨러_39,410|_중고 | _벌크 + 쿨러_39,420|_중고 | _벌크 + 쿨러_39,430|_중고 | _벌크 + 쿨러_39,440|_중고 | _벌크 + 쿨러_39,450|_중고 | _벌크 + 쿨러_40,930|_중고 | _벌크 + 쿨러_40,940|_중고 | _벌크 + 쿨러_40,950|_중고 | _벌크 + 쿨러_40,980|_중고 | _벌크 + 쿨러_40,990|_중고 | _벌크 + 쿨러_41,020|_중고 | _벌크 + 쿨러_41,050|_중고 | _벌크 + 쿨러_41,080|_중고",35950,35850,35820,35700,35690,35660,35650,35640,35260,35250,35240,34920,34800,34700,34690,33000,32970,32860,32770,32750,29900,26910,26910,26910,26910,26910,26910,26910,26910,26910,26910
13395629,인텔 코어i7-2세대 2700K (샌디브릿지),인텔 코어i7-2세대 2700K,샌디브릿지,중고,46500,0,46500,46500,45500,45500,45500,45500,45500,45500,45500,45500,45500,0,45500,45500,45500,45500,45500,45500,45500,0,0,0,0,45000,45000,45000,45000,45000,45000
1678802,인텔 코어i7-3세대 3770 (아이비브릿지),인텔 코어i7-3세대 3770,아이비브릿지,"_벌크 + 쿨러_40,790|_중고 | _벌크 + 쿨러_40,820|_중고 | _벌크 + 쿨러_40,830|_중고 | _벌크 + 쿨러_40,860|_중고 | _벌크 + 쿨러_40,870|_중고 | _벌크 + 쿨러_40,990|_중고 | _벌크 + 쿨러_41,110|_중고 | _벌크 + 쿨러_41,140|_중고 | _벌크 + 쿨러_41,150|_중고 | _벌크 + 쿨러_41,180|_중고 | _벌크 + 쿨러_44,520|_중고 | _벌크 + 쿨러_44,530|_중고 | _벌크 + 쿨러_44,550|_중고 | _벌크 + 쿨러_44,640|_중고 | _벌크 + 쿨러_44,740|_중고 | _벌크 + 쿨러_44,820|_중고 | _벌크 + 쿨러_44,830|_중고 | _벌크 + 쿨러_44,840|_중고 | _벌크 + 쿨러_44,850|_중고 | _벌크 + 쿨러_44,860|_중고 | _벌크 + 쿨러_44,940|_중고 | _벌크 + 쿨러_44,960|_중고 | _벌크 + 쿨러_45,070|_중고 | _벌크 + 쿨러_45,490|_중고 | _벌크 + 쿨러_45,500|_중고 | _벌크 + 쿨러_45,510|_중고 | _벌크 + 쿨러_45,540|_중고 | _벌크 + 쿨러_45,550|_중고 | _벌크 + 쿨러_45,580|_중고 | _벌크 + 쿨러_45,610|_중고 | _벌크 + 쿨러_45,640|_중고",39540,39530,39500,39380,39350,39240,39230,39220,38670,39150,38870,38670,38690,38660,38500,38490,38490,38390,38290,38290,38290,37170,37140,37130,37100,36980,36860,36850,36820,36810,36780
1678803,인텔 코어i7-3세대 3770K (아이비브릿지),인텔 코어i7-3세대 3770K,아이비브릿지,"_벌크_48,400|_중고 | _벌크_49,490|_중고 | _벌크_49,500|_중고 | _벌크_52,800|_중고 | _벌크_56,040|_중고 | _벌크_56,050|_중고 | _벌크_56,070|_중고 | _벌크_56,160|_중고 | _벌크_56,200|_중고 | _벌크_56,280|_중고 | _벌크_56,290|_중고 | _벌크_56,360|_중고 | _벌크_56,390|_중고 | _벌크_56,400|_중고 | _벌크_56,410|_중고 | _벌크_56,420|_중고 | _벌크_56,430|_중고 | _벌크_56,440|_중고 | _벌크_56,450|_중고 | _벌크_56,460|_중고 | _벌크_56,490|_중고 | _벌크_56,500|_중고 | _벌크_56,620|_중고 | _벌크_56,650|_중고 | _벌크_56,660|_중고",51740,51620,51590,51560,51550,51520,51510,51500,51490,51480,51470,51460,51450,51420,51320,51280,51220,51170,51090,51070,51040,46770,46770,46770,47830,47830,47830,47830,47830,47830,47830
2081225,인텔 코어i7-4세대 4770 (하스웰),인텔 코어i7-4세대 4770,하스웰,"_벌크_41,990|_중고 | _벌크_42,690|_중고",42670,42560,42530,42500,42490,42460,42450,42440,41390,42610,42500,42400,42390,42360,42260,42240,42160,42060,41970,41950,41920,41390,41200,41190,41160,41040,40920,40910,40880,40870,40840
2081228,인텔 코어i7-4세대 4770K (하스웰),인텔 코어i7-4세대 4770K,하스웰,"_벌크_53,000|_중고 | _벌크_55,210|_중고 | _벌크_58,080|_중고 | _벌크_61,980|_중고 | _벌크_62,010|_중고 | _벌크_62,030|_중고 | _벌크_62,120|_중고 | _벌크_62,220|_중고 | _벌크_62,300|_중고 | _벌크_62,320|_중고 | _벌크_62,420|_중고 | _벌크_62,450|_중고 | _벌크_62,460|_중고 | _벌크_62,470|_중고 | _벌크_62,480|_중고 | _벌크_62,490|_중고 | _벌크_62,500|_중고 | _벌크_62,510|_중고 | _벌크_62,520|_중고 | _벌크_62,550|_중고 | _벌크_62,560|_중고 | _벌크_62,590|_중고 | _벌크_62,620|_중고 | _벌크_62,730|_중고",56970,56960,56930,56810,56800,56770,56760,56750,56740,56730,56720,56710,56700,56690,56680,56670,56590,56520,56520,56500,56490,52360,52360,52360,53550,53520,53400,53390,53360,53350,53320
2783222,인텔 코어i7-4세대 4790 (하스웰 리프레시),인텔 코어i7-4세대 4790,하스웰 리프레시,"_벌크 + 쿨러_106,230|벌크_47,490|_중고 | _벌크 + 쿨러_106,240|벌크_47,490|_중고 | _벌크 + 쿨러_106,250|벌크_47,490|_중고 | _벌크 + 쿨러_106,260|벌크_47,490|_중고 | _벌크 + 쿨러_106,270|벌크_47,490|_중고 | _벌크 + 쿨러_106,380|벌크_50,490|_중고 | 벌크 + 쿨러_100,980|_벌크_43,980|_중고 | 벌크 + 쿨러_102,140|_벌크_43,980|_중고 | 벌크 + 쿨러_102,150|_벌크_43,980|_중고 | 벌크 + 쿨러_102,180|_벌크_43,980|_중고 | 벌크 + 쿨러_106,070|_벌크_46,990|_중고 | 벌크 + 쿨러_106,080|_벌크_46,990|_중고 | 벌크 + 쿨러_106,100|_벌크_46,990|_중고 | 벌크 + 쿨러_106,110|_벌크_46,990|_중고 | 벌크 + 쿨러_106,210|_벌크_47,490|_중고 | 벌크 + 쿨러_106,220|_벌크_47,490|_중고 | 벌크 + 쿨러_106,280|_벌크_47,490|_중고 | 벌크 + 쿨러_106,290|_벌크_45,960|_중고 | 벌크 + 쿨러_106,300|_벌크_50,490|_중고 | 벌크 + 쿨러_106,310|_벌크_50,490|_중고 | 벌크 + 쿨러_106,340|_벌크_50,490|_중고 | 벌크 + 쿨러_106,350|_벌크_50,490|_중고 | 벌크 + 쿨러_106,410|_벌크_50,490|_중고 | 벌크 + 쿨러_106,520|_벌크_50,490|_중고",44870,44890,44870,44890,44870,44890,44870,42690,42640,42540,42530,42470,42370,42360,42300,42000,41970,41860,40990,40990,40990,40990,40990,40990,40990,40990,40990,40990,40990,40990,40990
6112865,인텔 코어i7-4세대 4790K (데빌스캐년),인텔 코어i7-4세대 4790K,데빌스캐년,중고,82840,82830,82800,82680,82670,82640,82630,82620,63990,63990,81040,80940,80930,80900,80800,80760,80680,80670,80650,80630,74620,72160,73980,70130,71730,69990,69990,69990,71660,71650,71620
3412425,인텔 코어i7-6세대 6700 (스카이레이크),인텔 코어i7-6세대 6700,스카이레이크,"_벌크 + 쿨러_79,500|벌크_73,500|_중고 | _벌크 + 쿨러_80,320|_벌크_74,920|중고 | _벌크 + 쿨러_80,350|_벌크_74,950|중고 | _벌크 + 쿨러_80,360|벌크_74,960|_중고 | _벌크 + 쿨러_80,390|벌크_74,990|_중고 | _벌크 + 쿨러_80,400|벌크_75,000|_중고 | _벌크 + 쿨러_80,520|벌크_75,120|_중고 | _벌크 + 쿨러_80,550|벌크_75,150|_중고 | _벌크 + 쿨러_82,640|벌크_76,760|_중고 | _벌크 + 쿨러_82,670|_벌크_76,770|중고 | _벌크 + 쿨러_82,690|_벌크_76,790|중고 | _벌크 + 쿨러_82,790|_벌크_74,790|중고 | _벌크 + 쿨러_84,800|_벌크_74,790|중고 | _벌크 + 쿨러_86,630|_벌크_74,800|중고 | _벌크 + 쿨러_86,640|_벌크_74,990|중고 | _벌크 + 쿨러_86,650|_벌크_74,990|중고 | _벌크 + 쿨러_86,660|_벌크_74,990|중고 | _벌크 + 쿨러_86,670|_벌크_80,630|중고 | _벌크 + 쿨러_86,680|_벌크_80,640|중고 | _벌크 + 쿨러_86,770|_벌크_80,740|중고 | _벌크 + 쿨러_92,580|벌크_80,790|_중고 | _벌크 + 쿨러_92,590|벌크_86,750|_중고 | _벌크 + 쿨러_92,600|벌크_86,760|_중고 | _벌크 + 쿨러_92,630|벌크_86,790|_중고 | _벌크 + 쿨러_92,640|벌크_86,800|_중고 | _벌크 + 쿨러_92,670|벌크_86,920|_중고 | _벌크 + 쿨러_92,700|벌크_86,950|_중고 | _벌크 + 쿨러_92,730|벌크_86,960|_중고",77280,84880,84850,84820,84790,84680,84670,84660,80970,80880,80870,79330,79300,79180,79080,79000,76990,76990,75990,75990,72680,68640,68640,68640,69890,69890,69890,69890,69890,69890,69890
3444847,인텔 코어i7-6세대 6700K (스카이레이크),인텔 코어i7-6세대 6700K,스카이레이크,"_벌크 + 쿨러_84,590|_벌크_73,340|중고_73,620|해외구매 | _벌크 + 쿨러_84,620|벌크_73,370|_중고_73,620|해외구매 | _벌크 + 쿨러_84,630|벌크_73,380|_중고_73,620|해외구매 | _벌크 + 쿨러_84,910|벌크_73,710|_중고_73,620|해외구매 | _벌크 + 쿨러_84,940|벌크_72,070|_중고_72,080|해외구매 | _벌크 + 쿨러_84,950|벌크_72,070|_중고_72,080|해외구매 | _벌크 + 쿨러_84,980|벌크_72,070|_중고_72,080|해외구매 | _벌크 + 쿨러_89,990|벌크_81,260|_중고_77,390|해외구매 | _벌크 + 쿨러_90,020|벌크_81,290|_중고_81,890|해외구매 | _벌크 + 쿨러_90,040|벌크_81,310|_중고_81,890|해외구매 | _벌크 + 쿨러_90,130|_벌크_81,400|중고_81,890|해외구매 | _벌크 + 쿨러_90,190|벌크_81,480|_중고_81,890|해외구매 | _벌크 + 쿨러_90,280|_벌크_81,580|중고_81,890|해외구매 | _벌크 + 쿨러_90,290|_벌크_81,680|중고_81,890|해외구매 | 벌크 + 쿨러_111,340|_벌크_87,200|_중고_96,490|해외구매 | 벌크 + 쿨러_111,350|_벌크_87,210|_중고_96,490|해외구매 | 벌크 + 쿨러_111,360|_벌크_87,220|_중고_96,490|해외구매 | 벌크 + 쿨러_111,390|_벌크_87,250|_중고_96,490|해외구매 | 벌크 + 쿨러_111,400|_벌크_87,260|_중고_96,490|해외구매 | 벌크 + 쿨러_111,520|_벌크_87,380|_중고_96,490|해외구매 | 벌크 + 쿨러_111,550|_벌크_87,410|_중고_96,490|해외구매 | 벌크 + 쿨러_111,560|_벌크_87,420|_중고_96,490|해외구매 | 벌크 + 쿨러_84,660|_벌크_73,500|_중고_73,620|해외구매 | 벌크 + 쿨러_84,670|_벌크_73,560|_중고_73,620|해외구매 | 벌크 + 쿨러_84,790|_벌크_73,680|_중고_73,620|해외구매 | 벌크 + 쿨러_90,270|_벌크_81,560|_중고_81,890|해외구매 | 벌크 + 쿨러_90,300|_벌크_81,800|_중고_81,890|해외구매 | 벌크 + 쿨러_90,310|_벌크_81,830|_중고_81,890|해외구매 | 벌크 + 쿨러_90,320|_벌크_84,270|_중고_88,990|해외구매 | 벌크 + 쿨러_90,330|_벌크_84,280|_중고_88,990|해외구매 | 벌크 + 쿨러_90,340|_벌크_84,370|_중고_88,990|해외구매",216790,216790,216790,216790,212130,212130,212130,212130,212130,212130,212130,212130,212130,212130,212130,212130,212130,212130,212130,212130,212130,212130,212130,212130,212130,212130,212130,212130,212130,212130,212130
4866420,인텔 코어i7-7세대 7700 (카비레이크),인텔 코어i7-7세대 7700,카비레이크,"_벌크 + 쿨러_110,710|벌크_105,430|해외구매_297,900|_중고 | _벌크 + 쿨러_110,830|벌크_105,430|해외구매_297,900|_중고 | _벌크 + 쿨러_110,860|벌크_105,430|해외구매_297,900|_중고 | _벌크 + 쿨러_115,660|벌크_105,440|해외구매_297,900|_중고 | _벌크 + 쿨러_115,670|벌크_105,440|해외구매_297,900|_중고 | _벌크 + 쿨러_115,790|벌크_105,440|해외구매_297,900|_중고 | _벌크 + 쿨러_115,910|벌크_105,430|해외구매_297,900|_중고 | _벌크 + 쿨러_115,940|벌크_108,110|해외구매_297,900|_중고 | _벌크 + 쿨러_115,950|벌크_108,110|해외구매_297,900|_중고 | _벌크 + 쿨러_115,980|벌크_110,000|해외구매_297,900|_중고 | _벌크 + 쿨러_118,470|벌크_115,490|해외구매_297,900|_중고 | _벌크 + 쿨러_119,140|벌크_111,590|해외구매_297,900|_중고 | _벌크 + 쿨러_119,170|벌크_111,590|해외구매_297,900|_중고 | _벌크 + 쿨러_119,190|벌크_111,590|해외구매_297,900|_중고 | _벌크 + 쿨러_119,280|벌크_111,550|해외구매_297,900|_중고 | _벌크 + 쿨러_119,400|벌크_115,490|해외구매_297,900|_중고 | _벌크 + 쿨러_119,430|벌크_115,490|해외구매_297,900|_중고 | _벌크 + 쿨러_119,500|벌크_115,490|해외구매_297,900|_중고 | _벌크 + 쿨러_119,620|벌크_115,490|해외구매_297,900|_중고 | _벌크 + 쿨러_119,740|벌크_115,490|해외구매_297,900|_중고 | _벌크 + 쿨러_119,860|벌크_115,490|해외구매_297,900|_중고 | _벌크 + 쿨러_119,970|벌크_115,490|해외구매_297,900|_중고 | _벌크 + 쿨러_120,520|벌크_115,490|해외구매_297,900|_중고 | _벌크 + 쿨러_120,530|벌크_115,490|해외구매_297,900|_중고 | _벌크 + 쿨러_120,540|벌크_115,490|해외구매_297,900|_중고 | _벌크 + 쿨러_120,570|벌크_115,490|해외구매_297,900|_중고 | _벌크 + 쿨러_120,580|벌크_115,490|해외구매_297,900|_중고 | _벌크 + 쿨러_120,610|벌크_115,490|해외구매_297,900|_중고 | _벌크 + 쿨러_120,640|벌크_115,490|해외구매_297,900|_중고 | _벌크 + 쿨러_120,760|벌크_115,490|해외구매_297,900|_중고",99890,99890,99880,99880,99880,99880,99880,98190,98190,98190,98190,98190,98180,98180,98180,98180,98180,98140,98140,98140,95900,85900,83900,89890,89890,89890,89890,89890,89890,91810,91810
4820435,인텔 코어i7-7세대 7700K (카비레이크),인텔 코어i7-7세대 7700K,카비레이크,"_벌크_126,110|해외구매_232,900|_중고 | _벌크_139,490|해외구매_232,900|_중고 | _벌크_149,490|해외구매_232,900|_중고 | _벌크_149,690|해외구매_232,900|_중고 | _벌크_149,700|해외구매_232,900|_중고 | _벌크_151,510|해외구매_232,900|_중고 | _벌크_151,520|해외구매_232,900|_중고 | _벌크_151,530|해외구매_232,900|_중고 | _벌크_151,540|해외구매_232,900|_중고 | _벌크_151,550|해외구매_232,900|_중고 | _벌크_151,560|해외구매_232,900|_중고 | _벌크_151,570|해외구매_232,900|_중고 | _벌크_151,580|해외구매_232,900|_중고 | _벌크_151,590|해외구매_232,900|_중고 | _벌크_151,620|해외구매_232,900|_중고 | _벌크_151,630|해외구매_232,900|_중고 | _벌크_151,750|해외구매_232,900|_중고 | _벌크_151,780|해외구매_232,900|_중고 | _벌크_151,790|해외구매_232,900|_중고 | _벌크_151,890|해외구매_232,900|_중고",115890,115890,115890,115890,115890,115890,115890,115890,115780,115680,115670,115640,115520,115400,115300,115260,115180,115170,115190,115100,105460,105400,105370,105360,104300,104270,104150,104140,112500,112500,112500
5530013,인텔 코어i7-8세대 8700 (커피레이크),인텔 코어i7-8세대 8700,커피레이크,"_정품_525,660|벌크 + 쿨러_202,870|벌크_130,270|해외구매_156,690|_중고 | _정품_525,660|벌크 + 쿨러_202,870|벌크_130,300|해외구매_156,690|_중고 | _정품_525,660|벌크 + 쿨러_202,870|벌크_130,310|해외구매_156,690|_중고 | _정품_525,660|벌크 + 쿨러_202,870|벌크_130,340|해외구매_156,690|_중고 | _정품_525,660|벌크 + 쿨러_202,870|벌크_130,350|해외구매_156,690|_중고 | _정품_525,660|벌크 + 쿨러_202,870|벌크_130,470|해외구매_156,690|_중고 | _정품_525,660|벌크 + 쿨러_202,870|벌크_130,500|해외구매_149,000|_중고 | _정품_525,660|벌크 + 쿨러_211,040|벌크_134,920|해외구매_155,550|_중고 | _정품_525,660|벌크 + 쿨러_211,050|벌크_134,930|해외구매_155,550|_중고 | _정품_525,660|벌크 + 쿨러_211,080|벌크_134,960|해외구매_155,550|_중고 | _정품_525,660|벌크 + 쿨러_211,090|벌크_139,990|해외구매_165,550|_중고 | _정품_525,660|벌크 + 쿨러_211,100|벌크_140,020|해외구매_165,550|_중고 | _정품_525,660|벌크 + 쿨러_211,120|벌크_140,040|해외구매_165,550|_중고 | _정품_525,660|벌크 + 쿨러_211,210|벌크_140,130|해외구매_165,550|_중고 | _정품_525,660|벌크 + 쿨러_211,320|벌크_140,240|해외구매_165,550|_중고 | _정품_525,660|벌크 + 쿨러_211,350|벌크_140,270|해외구매_165,550|_중고 | _정품_525,660|벌크 + 쿨러_211,360|벌크_140,280|해외구매_165,550|_중고 | _정품_525,660|벌크 + 쿨러_211,370|벌크_140,290|해외구매_165,550|_중고 | _정품_525,660|벌크 + 쿨러_211,380|벌크_140,300|해외구매_165,550|_중고 | _정품_525,660|벌크 + 쿨러_211,390|벌크_140,310|해외구매_165,550|_중고 | _정품_525,660|벌크 + 쿨러_211,400|벌크_140,320|해외구매_165,550|_중고 | _정품_525,660|벌크 + 쿨러_211,410|벌크_140,330|해외구매_165,550|_중고 | _정품_525,660|벌크 + 쿨러_211,420|벌크_140,340|해외구매_165,550|_중고 | _정품_525,660|벌크 + 쿨러_211,430|벌크_140,350|해외구매_165,550|_중고 | _정품_525,660|벌크 + 쿨러_211,440|벌크_140,360|해외구매_165,550|_중고 | _정품_525,660|벌크 + 쿨러_211,450|벌크_140,370|해외구매_165,550|_중고 | _정품_525,660|벌크 + 쿨러_211,480|벌크_140,400|해외구매_165,550|_중고 | _정품_525,660|벌크 + 쿨러_211,490|벌크_140,410|해외구매_165,550|_중고 | _정품_525,660|벌크 + 쿨러_211,520|벌크_140,440|해외구매_165,550|_중고 | _정품_525,660|벌크 + 쿨러_211,550|벌크_140,470|해외구매_165,550|_중고 | _정품_525,660|벌크 + 쿨러_211,670|벌크_140,590|해외구매_165,550|_중고",134810,134780,134750,134720,134710,134680,134670,131990,128970,128880,128870,128860,128850,128840,128830,128820,128740,128640,128550,128530,128520,127080,126900,126890,123390,123360,123240,123230,123200,123190,123160
5529981,인텔 코어i7-8세대 8700K (커피레이크),인텔 코어i7-8세대 8700K,커피레이크,"_정품_599,800|병행수입 박스_309,880|벌크 + 쿨러_194,350|_벌크_133,650|해외구매_202,270|중고 | _정품_599,800|병행수입 박스_309,880|벌크 + 쿨러_194,350|_벌크_139,220|해외구매_202,270|중고 | _정품_599,800|병행수입 박스_309,880|벌크 + 쿨러_194,350|벌크_133,650|해외구매_202,270|_중고 | _정품_599,800|병행수입 박스_309,880|벌크 + 쿨러_202,580|벌크_140,950|해외구매_212,210|_중고 | _정품_599,800|병행수입 박스_309,880|벌크 + 쿨러_202,590|벌크_140,950|해외구매_212,220|_중고 | _정품_599,800|병행수입 박스_309,880|벌크 + 쿨러_202,620|벌크_139,990|해외구매_212,250|_중고 | _정품_599,800|병행수입 박스_309,880|벌크 + 쿨러_202,670|벌크_139,990|해외구매_215,010|_중고 | _정품_599,800|병행수입 박스_309,880|벌크 + 쿨러_202,790|벌크_139,990|해외구매_215,020|_중고 | _정품_599,800|병행수입 박스_309,880|벌크 + 쿨러_202,820|벌크_139,990|해외구매_215,040|_중고 | _정품_599,800|병행수입 박스_309,880|벌크 + 쿨러_206,050|벌크_139,990|해외구매_215,040|_중고 | _정품_599,800|병행수입 박스_309,880|벌크 + 쿨러_206,100|벌크_139,990|해외구매_215,120|_중고 | _정품_599,800|병행수입 박스_309,880|벌크 + 쿨러_206,180|벌크_140,000|해외구매_215,190|_중고 | _정품_599,800|병행수입 박스_309,890|벌크 + 쿨러_206,200|벌크_140,000|해외구매_215,210|_중고 | _정품_599,800|병행수입 박스_309,890|벌크 + 쿨러_206,300|벌크_139,990|해외구매_215,310|_중고 | _정품_599,800|병행수입 박스_309,890|벌크 + 쿨러_206,330|벌크_139,990|해외구매_215,340|_중고 | _정품_599,800|병행수입 박스_309,890|벌크 + 쿨러_206,340|벌크_139,990|해외구매_215,350|_중고 | _정품_599,800|병행수입 박스_309,890|벌크 + 쿨러_206,350|벌크_139,990|해외구매_215,360|_중고 | _정품_599,800|병행수입 박스_309,890|벌크 + 쿨러_206,360|벌크_139,990|해외구매_215,370|_중고 | _정품_599,800|병행수입 박스_309,890|벌크 + 쿨러_206,370|벌크_139,990|해외구매_215,380|_중고 | _정품_599,800|병행수입 박스_309,900|벌크 + 쿨러_206,380|벌크_144,780|해외구매_215,390|_중고 | _정품_599,800|병행수입 박스_309,900|벌크 + 쿨러_206,390|벌크_144,790|해외구매_215,400|_중고 | _정품_599,800|병행수입 박스_309,910|벌크 + 쿨러_206,400|벌크_144,800|해외구매_215,410|_중고 | _정품_599,800|병행수입 박스_309,940|벌크 + 쿨러_206,430|벌크_144,830|해외구매_215,440|_중고 | _정품_599,800|병행수입 박스_309,950|벌크 + 쿨러_206,440|벌크_144,840|해외구매_215,450|_중고 | _정품_599,800|병행수입 박스_309,980|벌크 + 쿨러_206,470|벌크_144,870|해외구매_215,570|_중고 | _정품_599,800|병행수입 박스_310,010|벌크 + 쿨러_206,500|벌크_144,900|해외구매_215,600|_중고 | _정품_599,800|병행수입 박스_310,040|벌크 + 쿨러_206,610|벌크_145,020|해외구매_215,610|_중고",130930,130920,130890,130770,130760,130730,130720,129640,129630,129620,129610,129600,129590,129560,129460,129400,129370,129270,129150,129130,129100,127080,126900,126890,123390,123360,123240,123230,123200,123190,123160
8428929,인텔 코어i7-9세대 9700 (커피레이크-R),인텔 코어i7-9세대 9700,커피레이크-R,"_정품_353,330|_벌크 + 쿨러_355,950|벌크_229,200|중고 | _정품_353,330|_벌크 + 쿨러_355,950|벌크_229,210|중고 | _정품_353,330|_벌크 + 쿨러_355,950|벌크_229,240|중고 | _정품_353,330|_벌크 + 쿨러_355,950|벌크_229,250|중고 | _정품_353,330|_벌크 + 쿨러_355,950|벌크_229,280|중고 | _정품_353,330|_벌크 + 쿨러_355,950|벌크_229,310|중고 | _정품_353,330|_벌크 + 쿨러_355,950|벌크_229,340|중고",209760,209750,209740,209730,209720,202460,209590,0,0,0,0,0,0,0,0,0,0,0,0,0,0,0,0,0,0,0,0,0,0,0,0
8650784,인텔 코어i7-9세대 9700 (커피레이크-R),인텔 코어i7-9세대 9700,커피레이크-R,"_벌크 + 쿨러_360,100|_벌크_209,670|중고 | _벌크 + 쿨러_360,100|_벌크_209,780|중고 | _벌크 + 쿨러_360,100|_벌크_210,000|중고 | _벌크 + 쿨러_360,100|_벌크_229,190|중고 | _벌크 + 쿨러_364,650|_벌크_205,930|중고 | _벌크 + 쿨러_365,290|_벌크_205,630|중고 | _벌크 + 쿨러_365,290|_벌크_205,660|중고 | _벌크 + 쿨러_365,290|_벌크_205,670|중고 | _벌크 + 쿨러_365,290|_벌크_205,700|중고 | _벌크 + 쿨러_365,290|_벌크_205,710|중고 | _벌크 + 쿨러_365,290|_벌크_205,830|중고",0,0,0,0,0,0,0,209490,194520,194420,194410,194400,194390,194360,194260,194240,194160,194060,193970,193950,193920,193910,193880,193240,186300,186300,186300,186300,186300,186300,186300
8372031,인텔 코어i7-9세대 9700F (커피레이크-R),인텔 코어i7-9세대 9700F,커피레이크-R,"_벌크 + 쿨러_187,000|_벌크 | _벌크 + 쿨러_200,000|_벌크",185760,185760,185760,185760,185760,185760,185760,185760,185760,185760,185760,185760,185760,185760,185760,185760,185760,185760,185760,185760,185760,185760,173310,173310,168880,168870,168870,168870,168870,168870,168870
6581236,인텔 코어i7-9세대 9700K (커피레이크-R),인텔 코어i7-9세대 9700K,커피레이크-R,"_벌크_194,660|해외구매_288,770|_중고 | _벌크_194,690|해외구매_288,770|_중고 | _벌크_198,050|해외구매_298,730|_중고 | _벌크_198,050|해외구매_298,740|_중고 | _벌크_242,640|해외구매_298,770|_중고 | _벌크_242,640|해외구매_302,870|_중고 | _벌크_242,640|해외구매_302,900|_중고 | _벌크_242,640|해외구매_302,920|_중고 | _벌크_242,640|해외구매_303,000|_중고 | _벌크_242,640|해외구매_303,060|_중고 | _벌크_242,640|해외구매_303,090|_중고 | _벌크_242,640|해외구매_303,100|_중고 | _벌크_242,640|해외구매_303,110|_중고 | _벌크_242,640|해외구매_303,120|_중고 | _벌크_242,640|해외구매_303,130|_중고 | _벌크_242,640|해외구매_303,140|_중고 | _벌크_242,640|해외구매_303,150|_중고 | _벌크_242,640|해외구매_303,160|_중고 | _벌크_242,640|해외구매_303,170|_중고 | _벌크_242,640|해외구매_303,180|_중고 | _벌크_242,640|해외구매_303,190|_중고 | _벌크_242,640|해외구매_303,220|_중고 | _벌크_242,640|해외구매_303,230|_중고 | _벌크_242,640|해외구매_303,350|_중고 | _벌크_242,640|해외구매_303,380|_중고 | _벌크_242,640|해외구매_303,390|_중고",191820,191810,191780,191660,191650,191620,191610,191600,188930,188830,188820,188790,188670,188570,188550,188000,187970,187960,187970,187880,187780,187770,179990,174990,174990,174990,174990,174990,174990,172430,0
6581257,인텔 코어i7-9세대 9700K (커피레이크-R),인텔 코어i7-9세대 9700K,커피레이크-R,"벌크 + 쿨러_237,450|_벌크_194,690|해외구매_288,770|_중고",0,0,0,0,0,0,0,0,0,0,0,0,0,0,0,0,0,0,0,0,0,0,0,0,0,0,0,0,0,0,172430
7517686,인텔 코어i7-9세대 9700KF (커피레이크-R),인텔 코어i7-9세대 9700KF,커피레이크-R,"_정품_498,130|병행수입 박스_506,090|벌크 + 쿨러_410,400|_벌크 | _정품_498,130|병행수입 박스_506,100|벌크 + 쿨러_410,400|_벌크",202740,202740,202740,202740,202740,202740,202740,202740,202740,202740,202740,202740,202710,202590,206280,219110,219100,219090,219080,219080,219080,219050,219050,219040,219020,219010,219010,219010,505050,505050,505050
12872624,인텔 코어i9-10세대 10850K (코멧레이크S),인텔 코어i9-10세대 10850K,코멧레이크S,해외구매,0,0,0,0,0,0,0,0,0,0,0,0,0,0,0,826600,0,0,0,826600,826600,0,0,826600,826600,0,0,0,826600,0,0
13165070,인텔 코어i9-10세대 10900 (코멧레이크S),인텔 코어i9-10세대 10900,코멧레이크S,"병행수입 박스_447,250|_벌크 + 쿨러_431,790|_벌크_424,300|중고 | 병행수입 박스_447,350|_벌크 + 쿨러_431,800|_벌크_424,300|중고 | 병행수입 박스_459,100|_벌크 + 쿨러_452,550|_벌크_447,360|중고 | 병행수입 박스_459,180|_벌크 + 쿨러_452,550|_벌크_447,360|중고 | 병행수입 박스_459,200|_벌크 + 쿨러_452,550|_벌크_447,360|중고 | 병행수입 박스_460,100|_벌크 + 쿨러_440,100|_벌크_419,000|중고 | 병행수입 박스_460,100|_벌크 + 쿨러_440,100|_벌크_428,940|중고 | 병행수입 박스_460,100|_벌크 + 쿨러_440,100|_벌크_428,950|중고 | 병행수입 박스_460,100|_벌크 + 쿨러_440,100|_벌크_428,980|중고 | 병행수입 박스_460,100|_벌크 + 쿨러_440,100|_벌크_434,510|중고 | 병행수입 박스_460,100|_벌크 + 쿨러_440,100|_벌크_434,520|중고 | 병행수입 박스_460,100|_벌크 + 쿨러_440,110|_벌크_434,540|중고 | 병행수입 박스_460,100|_벌크 + 쿨러_452,550|_벌크_447,360|중고",450000,450000,450000,450000,450000,450000,450000,450000,450000,450000,450000,450000,450000,450000,450000,450000,450000,450000,450000,450000,450000,450000,450000,450000,450000,450000,450000,450000,450000,450000,450000
11593289,인텔 코어i9-10세대 10900F (코멧레이크S),인텔 코어i9-10세대 10900F,코멧레이크S,"_정품_600,000|_병행수입 박스_341,700|벌크 + 쿨러_500,000|벌크 | _정품_600,000|병행수입 박스_341,700|벌크 + 쿨러_305,420|_벌크 | _정품_600,000|병행수입 박스_341,700|벌크 + 쿨러_305,450|_벌크 | _정품_600,000|병행수입 박스_341,700|벌크 + 쿨러_305,460|_벌크 | _정품_600,000|병행수입 박스_341,700|벌크 + 쿨러_305,490|_벌크 | _정품_600,000|병행수입 박스_341,700|벌크 + 쿨러_305,500|_벌크 | _정품_600,000|병행수입 박스_341,700|벌크 + 쿨러_305,620|_벌크 | _정품_600,000|병행수입 박스_341,700|벌크 + 쿨러_305,650|_벌크 | _정품_600,000|병행수입 박스_341,700|벌크 + 쿨러_305,680|_벌크 | _정품_600,000|병행수입 박스_341,700|벌크 + 쿨러_305,790|_벌크 | _정품_600,000|병행수입 박스_341,700|벌크 + 쿨러_305,820|_벌크 | _정품_600,000|병행수입 박스_341,700|벌크 + 쿨러_305,830|_벌크 | _정품_600,000|병행수입 박스_341,700|벌크 + 쿨러_500,000|_벌크",573000,573000,573000,573000,573000,573000,573000,573000,573000,573000,573000,573000,573000,500000,500000,500000,500000,299250,299250,299240,299240,299240,299240,299240,299240,299240,299240,299240,299240,299240,299240
12309857,인텔 코어i9-10세대 10900K (코멧레이크S),인텔 코어i9-10세대 10900K,코멧레이크S,"_벌크 + 쿨러_716,880|_벌크 | _벌크 + 쿨러_726,880|_벌크 | _벌크 + 쿨러_780,000|_벌크",580000,580000,580000,580000,580000,580000,580000,580000,580000,580000,580000,580000,580000,580000,580000,580000,580000,580000,580000,580000,580000,580000,580000,580000,580000,580000,580000,580000,580000,580000,580000
11593361,인텔 코어i9-10세대 10900KF (코멧레이크S),인텔 코어i9-10세대 10900KF,코멧레이크S,"_정품_746,400|_벌크 | 정품",746400,345000,345000,345000,345000,345000,345000,746400,746400,746400,746400,746400,746400,746400,746400,0,0,0,0,0,0,0,0,0,0,0,0,0,0,0,0
13620002,인텔 코어i9-11세대 11900 (로켓레이크S),인텔 코어i9-11세대 11900,로켓레이크S,"_정품_456,000|_병행수입 박스_405,690|벌크 + 쿨러_398,630|벌크 | _정품_456,000|_병행수입 박스_411,790|벌크 + 쿨러_412,640|벌크 | _정품_469,700|_병행수입 박스_411,790|벌크 + 쿨러_412,640|벌크 | _정품_483,790|_병행수입 박스_411,790|벌크 + 쿨러_412,640|벌크 | _정품_511,050|_병행수입 박스_411,790|벌크 + 쿨러_412,640|벌크",399990,399990,399990,399990,399990,399990,399990,399990,399980,399980,399980,399980,399980,399980,399980,399980,399980,399980,399990,399990,399990,399990,399990,399990,399990,399990,399990,399990,399990,399990,393400
13753673,인텔 코어i9-11세대 11900F (로켓레이크S),인텔 코어i9-11세대 11900F,로켓레이크S,"_정품_350,360|병행수입 박스_365,480|_벌크 + 쿨러_351,810|벌크 | _정품_350,360|병행수입 박스_365,570|_벌크 + 쿨러_351,810|벌크 | _정품_350,360|병행수입 박스_365,600|_벌크 + 쿨러_351,810|벌크 | _정품_350,360|병행수입 박스_365,610|_벌크 + 쿨러_351,810|벌크 | _정품_350,360|병행수입 박스_365,620|_벌크 + 쿨러_351,810|벌크 | _정품_350,360|병행수입 박스_365,630|_벌크 + 쿨러_351,810|벌크 | _정품_350,360|병행수입 박스_365,640|_벌크 + 쿨러_351,810|벌크 | _정품_350,360|병행수입 박스_365,650|_벌크 + 쿨러_351,810|벌크 | _정품_350,360|병행수입 박스_365,660|_벌크 + 쿨러_351,810|벌크 | _정품_350,360|병행수입 박스_365,670|_벌크 + 쿨러_351,810|벌크 | _정품_350,360|병행수입 박스_365,700|_벌크 + 쿨러_351,810|벌크 | _정품_350,360|병행수입 박스_365,710|_벌크 + 쿨러_351,810|벌크 | _정품_350,360|병행수입 박스_365,740|_벌크 + 쿨러_351,810|벌크 | _정품_350,370|병행수입 박스_365,770|_벌크 + 쿨러_351,810|벌크 | _정품_350,390|병행수입 박스_365,880|_벌크 + 쿨러_351,810|벌크 | _정품_350,410|병행수입 박스_365,190|_벌크 + 쿨러_351,810|벌크 | _정품_350,410|병행수입 박스_365,220|_벌크 + 쿨러_351,810|벌크 | _정품_350,410|병행수입 박스_365,240|_벌크 + 쿨러_351,810|벌크 | _정품_350,410|병행수입 박스_365,330|_벌크 + 쿨러_351,810|벌크 | _정품_350,410|병행수입 박스_365,440|_벌크 + 쿨러_351,810|벌크 | _정품_350,410|병행수입 박스_365,470|_벌크 + 쿨러_351,810|벌크 | _정품_355,810|병행수입 박스_361,520|_벌크 + 쿨러_355,440|벌크 | _정품_355,810|병행수입 박스_361,640|_벌크 + 쿨러_355,440|벌크 | _정품_355,810|병행수입 박스_361,670|_벌크 + 쿨러_355,440|벌크 | _정품_355,810|병행수입 박스_364,860|_벌크 + 쿨러_355,440|벌크 | _정품_355,810|병행수입 박스_364,870|_벌크 + 쿨러_355,440|벌크 | _정품_355,810|병행수입 박스_364,990|_벌크 + 쿨러_355,440|벌크 | _정품_355,810|병행수입 박스_365,110|_벌크 + 쿨러_355,440|벌크 | _정품_355,810|병행수입 박스_365,140|_벌크 + 쿨러_355,440|벌크 | _정품_355,810|병행수입 박스_365,150|_벌크 + 쿨러_288,870|벌크 | _정품_355,810|병행수입 박스_365,180|_벌크 + 쿨러_355,440|벌크",349210,349210,349210,349210,349210,349210,349210,349210,349210,349210,349210,349210,349210,349210,349210,349210,349210,349210,349210,349210,349210,346010,345890,345880,345850,345730,345610,345600,345570,345560,345530
13620026,인텔 코어i9-11세대 11900K (로켓레이크S),인텔 코어i9-11세대 11900K,로켓레이크S,"_정품_575,000|_벌크 + 쿨러_415,060|해외구매 | _정품_575,000|벌크 + 쿨러_332,120|_벌크 | _정품_575,000|벌크 + 쿨러_332,120|_벌크_326,930|해외구매 | _정품_575,000|벌크 + 쿨러_332,120|_벌크_329,700|해외구매 | _정품_637,050|_벌크_347,160|해외구매 | _정품_637,050|벌크 + 쿨러_415,060|_벌크_347,040|해외구매",1091360,1091360,1091360,1091360,1067890,1067890,1067890,1067890,1067890,1067890,1067890,1067890,1067890,1067890,1067890,1067890,1067890,1067890,1067890,1067890,1067890,1067890,1067890,1067890,329700,329700,329700,329700,329700,329700,329700
13753718,인텔 코어i9-11세대 11900KF (로켓레이크S),인텔 코어i9-11세대 11900KF,로켓레이크S,정품,579000,579000,579000,579000,579000,579000,0,0,0,579000,579000,579000,579000,579000,579000,0,579000,579000,579000,579000,579000,0,0,0,0,0,0,0,0,0,0
16101545,인텔 코어i9-12세대 12900 (엘더레이크),인텔 코어i9-12세대 12900,엘더레이크,"_정품_483,000|벌크 + 쿨러_562,790|_벌크_544,870|해외구매_714,300|중고 | _정품_483,000|벌크 + 쿨러_562,790|_벌크_546,190|해외구매_714,300|중고 | _정품_483,000|벌크 + 쿨러_562,790|_벌크_546,190|해외구매_718,000|중고 | _정품_483,000|벌크 + 쿨러_562,800|_벌크_544,870|해외구매_714,300|중고 | _정품_483,000|벌크 + 쿨러_563,840|_벌크_544,870|해외구매_714,300|중고 | _정품_483,000|벌크 + 쿨러_563,840|_벌크_544,870|해외구매_714,400|중고 | _정품_483,000|벌크 + 쿨러_563,850|_벌크_544,880|해외구매_714,300|중고 | _정품_483,000|벌크 + 쿨러_563,850|_벌크_544,880|해외구매_718,000|중고 | _정품_483,000|벌크 + 쿨러_564,660|_벌크_544,880|해외구매_666,900|중고 | _정품_483,000|벌크 + 쿨러_564,660|_벌크_544,880|해외구매_673,000|중고 | _정품_483,000|벌크 + 쿨러_564,660|_벌크_544,880|해외구매_701,600|중고 | _정품_483,000|벌크 + 쿨러_564,660|_벌크_544,880|해외구매_714,290|중고 | _정품_483,000|벌크 + 쿨러_564,660|_벌크_544,880|해외구매_714,300|중고 | _정품_483,000|벌크 + 쿨러_571,130|_벌크_552,130|해외구매_683,500|중고",608820,608790,608760,608730,608720,608690,608680,608660,608560,608550,608540,608530,608520,608510,608500,608490,608460,608380,608380,608360,464120,464120,464120,464120,464120,464120,464120,464120,464120,464120,464120
16101581,인텔 코어i9-12세대 12900F (엘더레이크),인텔 코어i9-12세대 12900F,엘더레이크,"_정품_472,500|병행수입 박스_522,200|벌크 + 쿨러_496,640|_벌크_472,240|해외구매 | _정품_472,500|병행수입 박스_522,200|벌크 + 쿨러_496,640|_벌크_472,250|해외구매 | _정품_472,500|병행수입 박스_522,200|벌크 + 쿨러_496,640|_벌크_472,260|해외구매 | _정품_472,500|병행수입 박스_522,200|벌크 + 쿨러_496,640|_벌크_472,270|해외구매 | _정품_472,500|병행수입 박스_522,200|벌크 + 쿨러_496,640|_벌크_472,280|해외구매",500200,500200,500200,500200,500200,500200,500200,500200,500200,500200,500200,500200,500200,500200,500200,500200,500200,500200,500200,500200,500200,500200,500200,500200,500200,500200,500200,500200,500200,500200,500200
15594887,인텔 코어i9-12세대 12900K (엘더레이크),인텔 코어i9-12세대 12900K,엘더레이크,"_정품_536,520|벌크 + 쿨러_442,100|_벌크_430,840|병행수입 박스_612,760|해외구매_415,130|중고 | _정품_536,520|벌크 + 쿨러_442,100|_벌크_430,840|병행수입 박스_612,760|해외구매_415,370|중고 | _정품_536,520|벌크 + 쿨러_442,110|_벌크_430,840|병행수입 박스_612,760|해외구매_415,550|중고 | _정품_536,520|벌크 + 쿨러_442,130|_벌크_430,840|병행수입 박스_612,760|해외구매_415,580|중고 | _정품_536,520|벌크 + 쿨러_442,140|_벌크_430,840|병행수입 박스_612,760|해외구매_416,390|중고 | _정품_536,520|벌크 + 쿨러_442,240|_벌크_430,840|병행수입 박스_612,760|해외구매_416,260|중고 | _정품_536,520|벌크 + 쿨러_442,280|_벌크_430,840|병행수입 박스_612,760|해외구매_416,060|중고 | _정품_536,530|벌크 + 쿨러_442,290|_벌크_430,840|병행수입 박스_612,760|해외구매_406,930|중고 | _정품_536,530|벌크 + 쿨러_443,610|_벌크_430,840|병행수입 박스_612,760|해외구매_406,910|중고 | _정품_536,650|벌크 + 쿨러_443,770|벌크_427,370|병행수입 박스_612,760|_해외구매_407,580|중고 | _정품_536,650|벌크 + 쿨러_443,800|벌크_427,370|병행수입 박스_612,760|_해외구매 | _정품_536,650|벌크 + 쿨러_443,820|벌크_427,370|병행수입 박스_612,760|_해외구매 | _정품_536,650|벌크 + 쿨러_443,850|벌크_427,370|병행수입 박스_612,760|_해외구매 | _정품_536,650|벌크 + 쿨러_443,950|벌크_427,370|병행수입 박스_612,760|_해외구매 | _정품_536,660|벌크 + 쿨러_443,980|벌크_427,370|병행수입 박스_612,760|_해외구매 | _정품_536,670|벌크 + 쿨러_443,630|_벌크_427,370|병행수입 박스_612,760|해외구매 | _정품_536,670|벌크 + 쿨러_443,660|_벌크_427,370|병행수입 박스_612,760|해외구매 | _정품_536,670|벌크 + 쿨러_443,670|_벌크_427,370|병행수입 박스_612,760|해외구매 | _정품_536,670|벌크 + 쿨러_443,680|_벌크_427,370|병행수입 박스_612,760|해외구매 | _정품_536,670|벌크 + 쿨러_443,690|_벌크_427,370|병행수입 박스_612,760|해외구매 | _정품_536,670|벌크 + 쿨러_443,700|_벌크_427,370|병행수입 박스_612,760|해외구매 | _정품_536,670|벌크 + 쿨러_443,990|_벌크_427,370|병행수입 박스_612,760|해외구매 | _정품_536,680|벌크 + 쿨러_443,710|_벌크_427,370|병행수입 박스_612,760|해외구매 | _정품_536,680|벌크 + 쿨러_443,720|_벌크_427,370|병행수입 박스_612,760|해외구매 | _정품_536,680|벌크 + 쿨러_443,730|_벌크_427,370|병행수입 박스_612,760|해외구매 | _정품_536,680|벌크 + 쿨러_443,850|_벌크_427,370|병행수입 박스_612,760|해외구매 | _정품_536,690|벌크 + 쿨러_440,990|_벌크_427,380|병행수입 박스_612,760|해외구매 | _정품_536,700|벌크 + 쿨러_441,000|_벌크_427,390|병행수입 박스_612,760|해외구매 | _정품_536,710|벌크 + 쿨러_442,050|_벌크_428,440|병행수입 박스_612,760|해외구매 | _정품_537,030|벌크 + 쿨러_443,730|_벌크_431,350|병행수입 박스_612,760|해외구매_407,320|중고",479410,479290,479260,479230,479200,479090,479080,479070,479060,448620,448590,448490,448480,448450,379850,379360,406880,406960,409030,407150,425000,425000,424990,418990,418990,418990,418990,418990,418990,418990,418990
15594956,인텔 코어i9-12세대 12900KF (엘더레이크),인텔 코어i9-12세대 12900KF,엘더레이크,"_정품_493,490|병행수입 박스_422,320|벌크 + 쿨러_416,320|_벌크_399,350|해외구매 | _정품_493,490|병행수입 박스_422,330|벌크 + 쿨러_416,320|_벌크_399,350|해외구매 | _정품_493,490|병행수입 박스_422,360|벌크 + 쿨러_416,320|_벌크_399,350|해외구매 | _정품_493,500|병행수입 박스_418,320|벌크 + 쿨러_416,320|_벌크_399,350|해외구매 | _정품_493,500|병행수입 박스_422,020|벌크 + 쿨러_416,320|_벌크_399,350|해외구매 | _정품_493,500|병행수입 박스_422,040|벌크 + 쿨러_416,320|_벌크_399,350|해외구매 | _정품_493,500|병행수입 박스_422,050|벌크 + 쿨러_416,320|_벌크_399,350|해외구매 | _정품_493,500|병행수입 박스_422,170|벌크 + 쿨러_416,320|_벌크_399,350|해외구매 | _정품_493,500|병행수입 박스_422,290|벌크 + 쿨러_416,320|_벌크_399,350|해외구매 | _정품_493,500|병행수입 박스_422,370|벌크 + 쿨러_416,330|_벌크_399,360|해외구매 | _정품_493,500|병행수입 박스_422,470|벌크 + 쿨러_416,840|_벌크_399,360|해외구매 | _정품_493,500|병행수입 박스_422,560|벌크 + 쿨러_416,840|_벌크_399,360|해외구매 | _정품_493,500|병행수입 박스_422,600|벌크 + 쿨러_416,840|_벌크_399,370|해외구매 | _정품_493,500|병행수입 박스_422,610|벌크 + 쿨러_416,840|_벌크_399,370|해외구매 | _정품_493,500|병행수입 박스_422,690|벌크 + 쿨러_416,850|_벌크_399,380|해외구매 | _정품_493,500|병행수입 박스_422,700|벌크 + 쿨러_422,090|_벌크_399,380|해외구매 | _정품_493,500|병행수입 박스_422,790|벌크 + 쿨러_422,090|_벌크_399,380|해외구매 | _정품_493,500|병행수입 박스_422,820|벌크 + 쿨러_422,090|_벌크_399,380|해외구매 | _정품_493,500|병행수입 박스_422,830|벌크 + 쿨러_422,090|_벌크_399,380|해외구매 | _정품_493,500|병행수입 박스_422,840|벌크 + 쿨러_422,090|_벌크_399,390|해외구매 | _정품_493,500|병행수입 박스_422,850|벌크 + 쿨러_422,090|_벌크_399,390|해외구매 | _정품_493,500|병행수입 박스_422,860|벌크 + 쿨러_422,090|_벌크_399,390|해외구매 | _정품_493,500|병행수입 박스_422,870|벌크 + 쿨러_422,090|_벌크_399,400|해외구매 | _정품_493,500|병행수입 박스_422,880|벌크 + 쿨러_422,090|_벌크_399,400|해외구매 | _정품_493,500|병행수입 박스_422,890|벌크 + 쿨러_422,090|_벌크_399,400|해외구매 | _정품_493,500|병행수입 박스_422,920|벌크 + 쿨러_422,090|_벌크_399,400|해외구매 | _정품_493,500|병행수입 박스_422,930|벌크 + 쿨러_422,090|_벌크_399,410|해외구매 | _정품_493,500|병행수입 박스_423,010|벌크 + 쿨러_416,320|_벌크_399,350|해외구매 | _정품_493,500|병행수입 박스_423,050|벌크 + 쿨러_422,090|_벌크_399,410|해외구매 | _정품_501,280|병행수입 박스_422,800|벌크 + 쿨러_420,050|_벌크_399,420|해외구매 | _정품_501,290|병행수입 박스_429,170|벌크 + 쿨러_424,190|_벌크_403,570|해외구매",631270,631150,631120,631090,631080,631050,631040,631020,630920,511860,511310,549780,549780,549780,549780,549780,549780,549780,549780,496880,496880,496880,496880,496880,496880,496880,496880,496880,496880,496880,496880
16846118,인텔 코어i9-12세대 12900KS (엘더레이크),인텔 코어i9-12세대 12900KS,엘더레이크,해외구매,494470,494350,494300,494200,494170,494050,494040,494030,494020,494010,494000,493970,493850,493730,493670,494690,494610,494580,494500,494480,494470,494460,494430,494420,494390,494270,494150,494140,494110,494080,494540
16394042,인텔 코어i9-12세대 12900T (엘더레이크),인텔 코어i9-12세대 12900T,엘더레이크,벌크,859990,859990,859990,859990,859990,859990,0,0,0,859990,859990,859990,859990,859990,859990,0,0,859990,859990,0,0,0,0,0,0,0,0,0,0,0,0
18704012,인텔 코어i9-13세대 13900 (랩터레이크),인텔 코어i9-13세대 13900,랩터레이크,"_정품_773,970|벌크 + 쿨러_708,990|_벌크_730,550|해외구매 | _정품_773,970|벌크 + 쿨러_750,220|_벌크_730,550|해외구매 | _정품_773,970|벌크 + 쿨러_750,220|_벌크_730,560|해외구매 | _정품_773,970|벌크 + 쿨러_750,220|_벌크_730,570|해외구매 | _정품_773,970|벌크 + 쿨러_750,220|_벌크_730,580|해외구매 | _정품_773,970|벌크 + 쿨러_750,230|_벌크_730,590|해외구매 | _정품_777,000|벌크 + 쿨러_707,040|_벌크_730,540|해외구매 | _정품_777,000|벌크 + 쿨러_708,990|_벌크_730,550|해외구매 | _정품_778,110|벌크 + 쿨러_707,040|_벌크_730,530|해외구매 | _정품_778,110|벌크 + 쿨러_707,040|_벌크_730,540|해외구매 | _정품_778,110|벌크 + 쿨러_750,220|_벌크_730,530|해외구매 | _정품_781,860|벌크 + 쿨러_771,100|_벌크_745,960|해외구매 | _정품_781,880|벌크 + 쿨러_771,120|_벌크_745,990|해외구매 | _정품_781,890|벌크 + 쿨러_771,130|_벌크_746,000|해외구매 | _정품_782,010|벌크 + 쿨러_771,140|_벌크_746,120|해외구매 | _정품_782,130|벌크 + 쿨러_771,160|_벌크_746,150|해외구매 | _정품_782,160|벌크 + 쿨러_767,300|_벌크_745,090|해외구매 | _정품_782,170|벌크 + 쿨러_762,400|_벌크_745,090|해외구매 | _정품_782,200|벌크 + 쿨러_766,920|_벌크_746,210|해외구매 | _정품_782,210|벌크 + 쿨러_753,760|_벌크_731,590|해외구매 | _정품_782,240|벌크 + 쿨러_753,760|_벌크_731,590|해외구매 | _정품_782,260|벌크 + 쿨러_753,760|_벌크_731,580|해외구매 | _정품_782,350|벌크 + 쿨러_753,760|_벌크_731,590|해외구매 | _정품_782,430|벌크 + 쿨러_753,760|_벌크_731,590|해외구매 | _정품_786,690|벌크 + 쿨러_722,620|_벌크_745,920|해외구매 | _정품_786,770|벌크 + 쿨러_724,230|_벌크_745,950|해외구매 | _정품_787,400|벌크 + 쿨러_750,220|_벌크_730,530|해외구매",977630,977630,977630,977630,977630,977630,977630,977630,977630,977630,977630,977630,977630,977630,977630,977630,977630,977630,977630,977630,977630,977630,977630,977630,977630,977630,977630,977630,977630,977630,977630
18640472,인텔 코어i9-13세대 13900 (랩터레이크),인텔 코어i9-13세대 13900,랩터레이크,"_정품_773,970|벌크 + 쿨러_708,990|_벌크_730,550|해외구매 | _정품_773,970|벌크 + 쿨러_750,220|_벌크_730,550|해외구매 | _정품_773,970|벌크 + 쿨러_750,220|_벌크_730,560|해외구매 | _정품_773,970|벌크 + 쿨러_750,220|_벌크_730,570|해외구매 | _정품_773,970|벌크 + 쿨러_750,220|_벌크_730,580|해외구매 | _정품_773,970|벌크 + 쿨러_750,230|_벌크_730,590|해외구매 | _정품_777,000|벌크 + 쿨러_707,040|_벌크_730,540|해외구매 | _정품_777,000|벌크 + 쿨러_708,990|_벌크_730,550|해외구매 | _정품_778,110|벌크 + 쿨러_707,040|_벌크_730,530|해외구매 | _정품_778,110|벌크 + 쿨러_707,040|_벌크_730,540|해외구매 | _정품_778,110|벌크 + 쿨러_750,220|_벌크_730,530|해외구매 | _정품_781,860|벌크 + 쿨러_771,100|_벌크_745,960|해외구매 | _정품_781,880|벌크 + 쿨러_771,120|_벌크_745,990|해외구매 | _정품_781,890|벌크 + 쿨러_771,130|_벌크_746,000|해외구매 | _정품_782,010|벌크 + 쿨러_771,140|_벌크_746,120|해외구매 | _정품_782,130|벌크 + 쿨러_771,160|_벌크_746,150|해외구매 | _정품_782,160|벌크 + 쿨러_767,300|_벌크_745,090|해외구매 | _정품_782,170|벌크 + 쿨러_762,400|_벌크_745,090|해외구매 | _정품_782,200|벌크 + 쿨러_766,920|_벌크_746,210|해외구매 | _정품_782,210|벌크 + 쿨러_753,760|_벌크_731,590|해외구매 | _정품_782,240|벌크 + 쿨러_753,760|_벌크_731,590|해외구매 | _정품_782,260|벌크 + 쿨러_753,760|_벌크_731,580|해외구매 | _정품_782,350|벌크 + 쿨러_753,760|_벌크_731,590|해외구매 | _정품_782,430|벌크 + 쿨러_753,760|_벌크_731,590|해외구매 | _정품_786,690|벌크 + 쿨러_722,620|_벌크_745,920|해외구매 | _정품_786,770|벌크 + 쿨러_724,230|_벌크_745,950|해외구매 | _정품_787,400|벌크 + 쿨러_750,220|_벌크_730,530|해외구매",977630,977630,977630,977630,977630,977630,977630,977630,977630,977630,977630,977630,977630,977630,977630,977630,977630,977630,977630,977630,977630,977630,977630,977630,977630,977630,977630,977630,977630,977630,977630
18703961,인텔 코어i9-13세대 13900F (랩터레이크),인텔 코어i9-13세대 13900F,랩터레이크,"_정품_768,800|벌크 + 쿨러_647,840|_벌크_627,930|병행수입 박스_666,690|해외구매 | _정품_768,810|벌크 + 쿨러_647,840|_벌크_627,930|병행수입 박스_666,700|해외구매 | _정품_768,820|벌크 + 쿨러_647,840|_벌크_627,940|병행수입 박스_666,710|해외구매 | _정품_768,830|벌크 + 쿨러_647,840|_벌크_627,940|병행수입 박스_666,720|해외구매 | _정품_768,840|벌크 + 쿨러_647,840|_벌크_627,940|병행수입 박스_666,730|해외구매 | _정품_768,900|벌크 + 쿨러_647,840|_벌크_627,920|병행수입 박스_666,190|해외구매 | _정품_768,930|벌크 + 쿨러_647,840|_벌크_627,920|병행수입 박스_666,220|해외구매 | _정품_768,940|벌크 + 쿨러_647,840|_벌크_627,920|병행수입 박스_666,230|해외구매 | _정품_768,960|벌크 + 쿨러_647,840|_벌크_627,950|병행수입 박스_666,760|해외구매 | _정품_768,970|벌크 + 쿨러_647,840|_벌크_627,920|병행수입 박스_666,240|해외구매 | _정품_768,990|벌크 + 쿨러_647,840|_벌크_627,920|병행수입 박스_665,880|해외구매 | _정품_768,990|벌크 + 쿨러_647,840|_벌크_627,920|병행수입 박스_665,900|해외구매 | _정품_768,990|벌크 + 쿨러_647,840|_벌크_627,920|병행수입 박스_665,910|해외구매 | _정품_768,990|벌크 + 쿨러_647,840|_벌크_627,920|병행수입 박스_666,030|해외구매 | _정품_768,990|벌크 + 쿨러_647,840|_벌크_627,920|병행수입 박스_666,150|해외구매 | _정품_768,990|벌크 + 쿨러_647,840|_벌크_627,920|병행수입 박스_666,180|해외구매 | _정품_768,990|벌크 + 쿨러_647,840|_벌크_627,920|병행수입 박스_666,260|해외구매 | _정품_768,990|벌크 + 쿨러_647,840|_벌크_627,920|병행수입 박스_666,310|해외구매 | _정품_768,990|벌크 + 쿨러_647,840|_벌크_627,920|병행수입 박스_666,430|해외구매 | _정품_768,990|벌크 + 쿨러_647,840|_벌크_627,920|병행수입 박스_666,530|해외구매 | _정품_768,990|벌크 + 쿨러_647,840|_벌크_627,920|병행수입 박스_666,650|해외구매 | _정품_768,990|벌크 + 쿨러_647,840|_벌크_627,920|병행수입 박스_666,790|해외구매 | _정품_768,990|벌크 + 쿨러_647,840|_벌크_627,920|병행수입 박스_666,910|해외구매 | _정품_768,990|벌크 + 쿨러_647,840|_벌크_627,930|병행수입 박스_666,680|해외구매 | _정품_768,990|벌크 + 쿨러_647,840|_벌크_627,950|병행수입 박스_666,770|해외구매 | _정품_768,990|벌크 + 쿨러_647,840|_벌크_627,950|병행수입 박스_666,800|해외구매 | _정품_768,990|벌크 + 쿨러_647,840|_벌크_627,960|병행수입 박스_666,830|해외구매 | _정품_768,990|벌크 + 쿨러_647,840|_벌크_627,970|병행수입 박스_666,860|해외구매 | _정품_769,000|벌크 + 쿨러_647,840|_벌크_627,920|병행수입 박스_666,390|해외구매 | _정품_769,000|벌크 + 쿨러_647,840|_벌크_627,920|병행수입 박스_666,420|해외구매",850600,850600,850600,850600,850600,850600,850600,850600,850600,850600,850600,850600,850600,850600,850600,850600,850600,850600,808700,808700,808700,808700,808700,808700,808700,808700,808700,808700,808700,808700,808700
18640442,인텔 코어i9-13세대 13900F (랩터레이크),인텔 코어i9-13세대 13900F,랩터레이크,"_정품_768,800|벌크 + 쿨러_647,840|_벌크_627,930|병행수입 박스_666,690|해외구매 | _정품_768,810|벌크 + 쿨러_647,840|_벌크_627,930|병행수입 박스_666,700|해외구매 | _정품_768,820|벌크 + 쿨러_647,840|_벌크_627,940|병행수입 박스_666,710|해외구매 | _정품_768,830|벌크 + 쿨러_647,840|_벌크_627,940|병행수입 박스_666,720|해외구매 | _정품_768,840|벌크 + 쿨러_647,840|_벌크_627,940|병행수입 박스_666,730|해외구매 | _정품_768,900|벌크 + 쿨러_647,840|_벌크_627,920|병행수입 박스_666,190|해외구매 | _정품_768,930|벌크 + 쿨러_647,840|_벌크_627,920|병행수입 박스_666,220|해외구매 | _정품_768,940|벌크 + 쿨러_647,840|_벌크_627,920|병행수입 박스_666,230|해외구매 | _정품_768,960|벌크 + 쿨러_647,840|_벌크_627,950|병행수입 박스_666,760|해외구매 | _정품_768,970|벌크 + 쿨러_647,840|_벌크_627,920|병행수입 박스_666,240|해외구매 | _정품_768,990|벌크 + 쿨러_647,840|_벌크_627,920|병행수입 박스_665,880|해외구매 | _정품_768,990|벌크 + 쿨러_647,840|_벌크_627,920|병행수입 박스_665,900|해외구매 | _정품_768,990|벌크 + 쿨러_647,840|_벌크_627,920|병행수입 박스_665,910|해외구매 | _정품_768,990|벌크 + 쿨러_647,840|_벌크_627,920|병행수입 박스_666,030|해외구매 | _정품_768,990|벌크 + 쿨러_647,840|_벌크_627,920|병행수입 박스_666,150|해외구매 | _정품_768,990|벌크 + 쿨러_647,840|_벌크_627,920|병행수입 박스_666,180|해외구매 | _정품_768,990|벌크 + 쿨러_647,840|_벌크_627,920|병행수입 박스_666,260|해외구매 | _정품_768,990|벌크 + 쿨러_647,840|_벌크_627,920|병행수입 박스_666,310|해외구매 | _정품_768,990|벌크 + 쿨러_647,840|_벌크_627,920|병행수입 박스_666,430|해외구매 | _정품_768,990|벌크 + 쿨러_647,840|_벌크_627,920|병행수입 박스_666,530|해외구매 | _정품_768,990|벌크 + 쿨러_647,840|_벌크_627,920|병행수입 박스_666,650|해외구매 | _정품_768,990|벌크 + 쿨러_647,840|_벌크_627,920|병행수입 박스_666,790|해외구매 | _정품_768,990|벌크 + 쿨러_647,840|_벌크_627,920|병행수입 박스_666,910|해외구매 | _정품_768,990|벌크 + 쿨러_647,840|_벌크_627,930|병행수입 박스_666,680|해외구매 | _정품_768,990|벌크 + 쿨러_647,840|_벌크_627,950|병행수입 박스_666,770|해외구매 | _정품_768,990|벌크 + 쿨러_647,840|_벌크_627,950|병행수입 박스_666,800|해외구매 | _정품_768,990|벌크 + 쿨러_647,840|_벌크_627,960|병행수입 박스_666,830|해외구매 | _정품_768,990|벌크 + 쿨러_647,840|_벌크_627,970|병행수입 박스_666,860|해외구매 | _정품_769,000|벌크 + 쿨러_647,840|_벌크_627,920|병행수입 박스_666,390|해외구매 | _정품_769,000|벌크 + 쿨러_647,840|_벌크_627,920|병행수입 박스_666,420|해외구매",850600,850600,850600,850600,850600,850600,850600,850600,850600,850600,850600,850600,850600,850600,850600,850600,850600,850600,808700,808700,808700,808700,808700,808700,808700,808700,808700,808700,808700,808700,808700
18198092,인텔 코어i9-13세대 13900K (랩터레이크),인텔 코어i9-13세대 13900K,랩터레이크,"_정품_681,810|벌크 + 쿨러_695,090|_벌크_676,440|해외구매 | _정품_717,090|벌크 + 쿨러_695,090|_벌크_676,440|해외구매 | _정품_717,100|벌크 + 쿨러_695,090|_벌크_676,440|해외구매 | _정품_717,130|벌크 + 쿨러_695,090|벌크_676,440|_해외구매 | _정품_717,140|벌크 + 쿨러_695,090|벌크_676,440|_해외구매 | _정품_717,260|벌크 + 쿨러_695,090|벌크_676,440|_해외구매 | _정품_717,380|벌크 + 쿨러_695,090|벌크_676,440|_해외구매 | _정품_717,410|벌크 + 쿨러_691,420|벌크_671,290|_해외구매 | _정품_717,420|벌크 + 쿨러_691,420|_벌크_671,290|해외구매 | _정품_717,450|벌크 + 쿨러_691,420|_벌크_671,290|해외구매 | _정품_717,460|벌크 + 쿨러_691,430|_벌크_671,300|해외구매 | _정품_717,470|벌크 + 쿨러_691,940|_벌크_673,370|해외구매 | _정품_717,490|벌크 + 쿨러_690,890|벌크_672,330|_해외구매 | _정품_717,490|벌크 + 쿨러_691,940|_벌크_673,370|해외구매 | _정품_717,570|벌크 + 쿨러_690,890|벌크_671,090|_해외구매 | _정품_717,660|벌크 + 쿨러_679,340|벌크_671,290|_해외구매 | _정품_717,670|벌크 + 쿨러_679,340|벌크_660,920|_해외구매 | _정품_717,740|벌크 + 쿨러_679,340|벌크_660,920|_해외구매 | _정품_717,770|벌크 + 쿨러_906,260|벌크_667,150|_해외구매 | _정품_717,780|벌크 + 쿨러_906,260|벌크_667,150|_해외구매 | _정품_717,790|벌크 + 쿨러_906,260|벌크_667,150|_해외구매 | _정품_717,800|벌크 + 쿨러_679,340|벌크_660,920|_해외구매 | _정품_717,810|벌크 + 쿨러_679,340|벌크_660,920|_해외구매 | _정품_717,820|벌크 + 쿨러_679,340|벌크_660,920|_해외구매 | _정품_717,910|벌크 + 쿨러_679,340|벌크_660,920|_해외구매 | _정품_717,920|벌크 + 쿨러_679,340|벌크_660,920|_해외구매 | _정품_717,950|벌크 + 쿨러_679,340|벌크_660,920|_해외구매 | _정품_717,960|벌크 + 쿨러_679,350|벌크_660,930|_해외구매 | _정품_718,080|벌크 + 쿨러_686,990|벌크_665,070|_해외구매 | _정품_718,110|벌크 + 쿨러_686,990|벌크_665,070|_해외구매 | _정품_718,120|벌크 + 쿨러_687,000|벌크_665,080|_해외구매",641090,641090,641090,641090,641090,640970,640960,640950,640940,640930,640920,640910,640900,640870,640810,641090,629570,629460,629370,629350,629340,629330,629300,629290,629260,629140,629020,629010,628990,628880,628760
18039569,인텔 코어i9-13세대 13900K (랩터레이크),인텔 코어i9-13세대 13900K,랩터레이크,"_정품_681,810|벌크 + 쿨러_695,090|_벌크_676,440|해외구매 | _정품_717,090|벌크 + 쿨러_695,090|_벌크_676,440|해외구매 | _정품_717,100|벌크 + 쿨러_695,090|_벌크_676,440|해외구매 | _정품_717,130|벌크 + 쿨러_695,090|벌크_676,440|_해외구매 | _정품_717,140|벌크 + 쿨러_695,090|벌크_676,440|_해외구매 | _정품_717,260|벌크 + 쿨러_695,090|벌크_676,440|_해외구매 | _정품_717,380|벌크 + 쿨러_695,090|벌크_676,440|_해외구매 | _정품_717,410|벌크 + 쿨러_691,420|벌크_671,290|_해외구매 | _정품_717,420|벌크 + 쿨러_691,420|_벌크_671,290|해외구매 | _정품_717,450|벌크 + 쿨러_691,420|_벌크_671,290|해외구매 | _정품_717,460|벌크 + 쿨러_691,430|_벌크_671,300|해외구매 | _정품_717,470|벌크 + 쿨러_691,940|_벌크_673,370|해외구매 | _정품_717,490|벌크 + 쿨러_690,890|벌크_672,330|_해외구매 | _정품_717,490|벌크 + 쿨러_691,940|_벌크_673,370|해외구매 | _정품_717,570|벌크 + 쿨러_690,890|벌크_671,090|_해외구매 | _정품_717,660|벌크 + 쿨러_679,340|벌크_671,290|_해외구매 | _정품_717,670|벌크 + 쿨러_679,340|벌크_660,920|_해외구매 | _정품_717,740|벌크 + 쿨러_679,340|벌크_660,920|_해외구매 | _정품_717,770|벌크 + 쿨러_906,260|벌크_667,150|_해외구매 | _정품_717,780|벌크 + 쿨러_906,260|벌크_667,150|_해외구매 | _정품_717,790|벌크 + 쿨러_906,260|벌크_667,150|_해외구매 | _정품_717,800|벌크 + 쿨러_679,340|벌크_660,920|_해외구매 | _정품_717,810|벌크 + 쿨러_679,340|벌크_660,920|_해외구매 | _정품_717,820|벌크 + 쿨러_679,340|벌크_660,920|_해외구매 | _정품_717,910|벌크 + 쿨러_679,340|벌크_660,920|_해외구매 | _정품_717,920|벌크 + 쿨러_679,340|벌크_660,920|_해외구매 | _정품_717,950|벌크 + 쿨러_679,340|벌크_660,920|_해외구매 | _정품_717,960|벌크 + 쿨러_679,350|벌크_660,930|_해외구매 | _정품_718,080|벌크 + 쿨러_686,990|벌크_665,070|_해외구매 | _정품_718,110|벌크 + 쿨러_686,990|벌크_665,070|_해외구매 | _정품_718,120|벌크 + 쿨러_687,000|벌크_665,080|_해외구매",641090,641090,641090,641090,641090,640970,640960,640950,640940,640930,640920,640910,640900,640870,640810,641090,629570,629460,629370,629350,629340,629330,629300,629290,629260,629140,629020,629010,628990,628880,628760
18214907,인텔 코어i9-13세대 13900KF (랩터레이크),인텔 코어i9-13세대 13900KF,랩터레이크,"_정품_629,960|벌크 + 쿨러_647,320|_벌크_627,740|해외구매 | _정품_629,990|벌크 + 쿨러_647,320|_벌크_627,740|해외구매 | _정품_630,000|벌크 + 쿨러_647,320|_벌크_627,740|해외구매 | _정품_630,070|벌크 + 쿨러_647,110|_벌크_627,260|해외구매 | _정품_630,070|벌크 + 쿨러_647,120|_벌크_627,270|해외구매 | _정품_630,100|벌크 + 쿨러_647,320|_벌크_627,750|해외구매 | _정품_630,140|벌크 + 쿨러_647,320|_벌크_627,750|해외구매 | _정품_630,240|벌크 + 쿨러_647,320|_벌크_627,750|해외구매 | _정품_631,930|벌크 + 쿨러_647,110|_벌크_627,260|해외구매 | _정품_631,930|벌크 + 쿨러_648,370|_벌크_627,250|해외구매 | _정품_631,930|벌크 + 쿨러_690,630|_벌크_627,260|해외구매 | _정품_634,300|벌크 + 쿨러_647,320|_벌크_627,760|해외구매 | _정품_634,310|벌크 + 쿨러_647,320|_벌크_627,760|해외구매 | _정품_634,320|벌크 + 쿨러_647,320|_벌크_627,760|해외구매 | _정품_634,380|벌크 + 쿨러_647,320|_벌크_627,770|해외구매 | _정품_634,420|벌크 + 쿨러_647,320|_벌크_627,770|해외구매 | _정품_634,450|벌크 + 쿨러_647,320|_벌크_627,770|해외구매 | _정품_634,480|벌크 + 쿨러_647,320|_벌크_627,780|해외구매 | _정품_634,600|벌크 + 쿨러_647,330|_벌크_627,790|해외구매 | _정품_636,350|벌크 + 쿨러_863,160|_벌크_652,860|해외구매 | _정품_636,380|벌크 + 쿨러_863,160|_벌크_652,890|해외구매 | _정품_636,390|벌크 + 쿨러_863,160|_벌크_652,900|해외구매 | _정품_636,420|벌크 + 쿨러_863,160|_벌크_646,800|해외구매 | _정품_636,430|벌크 + 쿨러_863,160|_벌크_646,800|해외구매 | _정품_636,550|벌크 + 쿨러_863,160|_벌크_646,800|해외구매 | _정품_636,670|벌크 + 쿨러_863,160|_벌크_646,800|해외구매 | _정품_636,700|벌크 + 쿨러_863,160|_벌크_637,350|해외구매 | _정품_636,710|벌크 + 쿨러_863,160|_벌크_637,350|해외구매 | _정품_636,740|벌크 + 쿨러_863,160|_벌크_637,350|해외구매",1028190,1028190,1028190,1028190,1028190,1028190,1028190,1028190,1028190,1028190,1028190,1028190,1028190,1028190,1028190,1028190,1028190,1028190,1028190,1028190,1028190,1018200,1018200,1018200,1008200,1008200,1008200,1008200,1008200,1008200,1008200
18039512,인텔 코어i9-13세대 13900KF (랩터레이크),인텔 코어i9-13세대 13900KF,랩터레이크,"_정품_629,960|벌크 + 쿨러_647,320|_벌크_627,740|해외구매 | _정품_629,990|벌크 + 쿨러_647,320|_벌크_627,740|해외구매 | _정품_630,000|벌크 + 쿨러_647,320|_벌크_627,740|해외구매 | _정품_630,070|벌크 + 쿨러_647,110|_벌크_627,260|해외구매 | _정품_630,070|벌크 + 쿨러_647,120|_벌크_627,270|해외구매 | _정품_630,100|벌크 + 쿨러_647,320|_벌크_627,750|해외구매 | _정품_630,140|벌크 + 쿨러_647,320|_벌크_627,750|해외구매 | _정품_630,240|벌크 + 쿨러_647,320|_벌크_627,750|해외구매 | _정품_631,930|벌크 + 쿨러_647,110|_벌크_627,260|해외구매 | _정품_631,930|벌크 + 쿨러_648,370|_벌크_627,250|해외구매 | _정품_631,930|벌크 + 쿨러_690,630|_벌크_627,260|해외구매 | _정품_634,300|벌크 + 쿨러_647,320|_벌크_627,760|해외구매 | _정품_634,310|벌크 + 쿨러_647,320|_벌크_627,760|해외구매 | _정품_634,320|벌크 + 쿨러_647,320|_벌크_627,760|해외구매 | _정품_634,380|벌크 + 쿨러_647,320|_벌크_627,770|해외구매 | _정품_634,420|벌크 + 쿨러_647,320|_벌크_627,770|해외구매 | _정품_634,450|벌크 + 쿨러_647,320|_벌크_627,770|해외구매 | _정품_634,480|벌크 + 쿨러_647,320|_벌크_627,780|해외구매 | _정품_634,600|벌크 + 쿨러_647,330|_벌크_627,790|해외구매 | _정품_636,350|벌크 + 쿨러_863,160|_벌크_652,860|해외구매 | _정품_636,380|벌크 + 쿨러_863,160|_벌크_652,890|해외구매 | _정품_636,390|벌크 + 쿨러_863,160|_벌크_652,900|해외구매 | _정품_636,420|벌크 + 쿨러_863,160|_벌크_646,800|해외구매 | _정품_636,430|벌크 + 쿨러_863,160|_벌크_646,800|해외구매 | _정품_636,550|벌크 + 쿨러_863,160|_벌크_646,800|해외구매 | _정품_636,670|벌크 + 쿨러_863,160|_벌크_646,800|해외구매 | _정품_636,700|벌크 + 쿨러_863,160|_벌크_637,350|해외구매 | _정품_636,710|벌크 + 쿨러_863,160|_벌크_637,350|해외구매 | _정품_636,740|벌크 + 쿨러_863,160|_벌크_637,350|해외구매",1028190,1028190,1028190,1028190,1028190,1028190,1028190,1028190,1028190,1028190,1028190,1028190,1028190,1028190,1028190,1028190,1028190,1028190,1028190,1028190,1028190,1018200,1018200,1018200,1008200,1008200,1008200,1008200,1008200,1008200,1008200
18925844,인텔 코어i9-13세대 13900KS (랩터레이크),인텔 코어i9-13세대 13900KS,랩터레이크,"_정품_949,690|벌크_1,079,710|_해외구매 | _정품_949,700|벌크_1,079,710|_해외구매 | _정품_949,710|벌크_1,079,710|_해외구매 | _정품_949,720|벌크_1,079,710|_해외구매 | _정품_949,730|벌크_1,079,710|_해외구매 | _정품_949,740|_벌크_1,079,710|해외구매 | _정품_949,740|벌크_1,079,710|_해외구매 | _정품_949,750|_벌크_1,079,710|해외구매 | _정품_949,760|벌크_1,079,710|_해외구매 | _정품_986,070|벌크_1,079,710|_해외구매",1332140,1332140,1332140,1332140,1332140,1332140,1333860,1333860,1333860,1012450,1090380,1090380,1090380,1090380,1090380,1090380,1090380,1090380,1090380,1114180,1114180,1036210,1114180,1114180,1114180,1114180,1114180,1114180,1114180,1114180,1114180
18725225,인텔 코어i9-13세대 13900KS (랩터레이크),인텔 코어i9-13세대 13900KS,랩터레이크,"_정품_949,690|벌크_1,079,710|_해외구매 | _정품_949,700|벌크_1,079,710|_해외구매 | _정품_949,710|벌크_1,079,710|_해외구매 | _정품_949,720|벌크_1,079,710|_해외구매 | _정품_949,730|벌크_1,079,710|_해외구매 | _정품_949,740|_벌크_1,079,710|해외구매 | _정품_949,740|벌크_1,079,710|_해외구매 | _정품_949,750|_벌크_1,079,710|해외구매 | _정품_949,760|벌크_1,079,710|_해외구매 | _정품_986,070|벌크_1,079,710|_해외구매",1332140,1332140,1332140,1332140,1332140,1332140,1333860,1333860,1333860,1012450,1090380,1090380,1090380,1090380,1090380,1090380,1090380,1090380,1090380,1114180,1114180,1036210,1114180,1114180,1114180,1114180,1114180,1114180,1114180,1114180,1114180
18710705,인텔 코어i9-13세대 13900T (랩터레이크),인텔 코어i9-13세대 13900T,랩터레이크,벌크,864270,864150,864120,864090,864090,864020,863990,863880,863780,863770,863760,863730,863610,863490,863390,863370,863310,863300,863300,863280,863270,863260,863230,863220,863190,863070,862950,862940,862910,862900,862870
32103329,인텔 코어i9-14세대 14900 (랩터레이크 리프레시),인텔 코어i9-14세대 14900,랩터레이크 리프레시,"_정품_751,400|벌크 + 쿨러_839,880|_벌크 | _정품_751,400|벌크 + 쿨러_839,890|_벌크 | _정품_751,400|벌크 + 쿨러_839,920|_벌크 | _정품_754,250|벌크 + 쿨러_839,870|_벌크 | _정품_754,820|벌크 + 쿨러_839,930|_벌크 | _정품_755,390|벌크 + 쿨러_840,050|_벌크 | _정품_758,950|벌크 + 쿨러_839,640|_벌크 | _정품_758,950|벌크 + 쿨러_839,650|_벌크 | _정품_758,950|벌크 + 쿨러_839,750|_벌크 | _정품_758,970|벌크 + 쿨러_839,850|_벌크 | _정품_759,000|벌크 + 쿨러_839,860|_벌크 | _정품_776,990|벌크 + 쿨러_843,910|_벌크 | _정품_782,490|벌크 + 쿨러_843,820|_벌크 | _정품_782,570|벌크 + 쿨러_843,900|_벌크 | _정품_782,600|벌크 + 쿨러_843,770|_벌크 | _정품_784,870|벌크 + 쿨러_843,680|_벌크 | _정품_784,880|벌크 + 쿨러_843,710|_벌크 | _정품_784,900|벌크 + 쿨러_843,730|_벌크 | _정품_787,160|_벌크 | _정품_790,630|벌크 + 쿨러_850,060|_벌크 | _정품_791,200|벌크 + 쿨러_850,090|_벌크 | _정품_799,510|벌크 + 쿨러_849,850|_벌크 | _정품_799,540|벌크 + 쿨러_849,880|_벌크 | _정품_799,550|벌크 + 쿨러_849,890|_벌크 | _정품_799,670|벌크 + 쿨러_850,010|_벌크 | _정품_799,700|벌크 + 쿨러_850,040|_벌크 | _정품_805,150|벌크 + 쿨러_840,080|_벌크 | _정품_805,270|벌크 + 쿨러_840,090|_벌크 | _정품_854,890|벌크 + 쿨러_849,810|_벌크 | _정품_854,890|벌크 + 쿨러_849,840|_벌크",794660,794660,795410,795410,795410,795410,795410,795410,795410,795410,795410,795410,795410,798540,802710,802710,802710,802710,832400,832400,832400,832400,807930,813970,813970,813970,813970,813970,813970,813970,813970
32037824,인텔 코어i9-14세대 14900 (랩터레이크 리프레시),인텔 코어i9-14세대 14900,랩터레이크 리프레시,"_정품_751,400|벌크 + 쿨러_839,880|_벌크 | _정품_751,400|벌크 + 쿨러_839,890|_벌크 | _정품_751,400|벌크 + 쿨러_839,920|_벌크 | _정품_754,250|벌크 + 쿨러_839,870|_벌크 | _정품_754,820|벌크 + 쿨러_839,930|_벌크 | _정품_755,390|벌크 + 쿨러_840,050|_벌크 | _정품_758,950|벌크 + 쿨러_839,640|_벌크 | _정품_758,950|벌크 + 쿨러_839,650|_벌크 | _정품_758,950|벌크 + 쿨러_839,750|_벌크 | _정품_758,970|벌크 + 쿨러_839,850|_벌크 | _정품_759,000|벌크 + 쿨러_839,860|_벌크 | _정품_776,990|벌크 + 쿨러_843,910|_벌크 | _정품_782,490|벌크 + 쿨러_843,820|_벌크 | _정품_782,570|벌크 + 쿨러_843,900|_벌크 | _정품_782,600|벌크 + 쿨러_843,770|_벌크 | _정품_784,870|벌크 + 쿨러_843,680|_벌크 | _정품_784,880|벌크 + 쿨러_843,710|_벌크 | _정품_784,900|벌크 + 쿨러_843,730|_벌크 | _정품_787,160|_벌크 | _정품_790,630|벌크 + 쿨러_850,060|_벌크 | _정품_791,200|벌크 + 쿨러_850,090|_벌크 | _정품_799,510|벌크 + 쿨러_849,850|_벌크 | _정품_799,540|벌크 + 쿨러_849,880|_벌크 | _정품_799,550|벌크 + 쿨러_849,890|_벌크 | _정품_799,670|벌크 + 쿨러_850,010|_벌크 | _정품_799,700|벌크 + 쿨러_850,040|_벌크 | _정품_805,150|벌크 + 쿨러_840,080|_벌크 | _정품_805,270|벌크 + 쿨러_840,090|_벌크 | _정품_854,890|벌크 + 쿨러_849,810|_벌크 | _정품_854,890|벌크 + 쿨러_849,840|_벌크",794660,794660,795410,795410,795410,795410,795410,795410,795410,795410,795410,795410,795410,798540,802710,802710,802710,802710,832400,832400,832400,832400,807930,813970,813970,813970,813970,813970,813970,813970,813970
32103278,인텔 코어i9-14세대 14900F (랩터레이크 리프레시),인텔 코어i9-14세대 14900F,랩터레이크 리프레시,"_정품_740,970|벌크 + 쿨러_763,360|_벌크 | _정품_741,000|벌크 + 쿨러_763,370|_벌크 | _정품_741,010|벌크 + 쿨러_763,380|_벌크 | _정품_741,020|벌크 + 쿨러_763,480|_벌크 | _정품_741,030|벌크 + 쿨러_760,720|_벌크 | _정품_741,040|벌크 + 쿨러_760,730|_벌크 | _정품_741,050|벌크 + 쿨러_760,740|_벌크 | _정품_741,060|벌크 + 쿨러_760,750|_벌크 | _정품_741,070|벌크 + 쿨러_760,760|_벌크 | _정품_741,180|벌크 + 쿨러_760,870|_벌크 | _정품_741,210|벌크 + 쿨러_760,900|_벌크 | _정품_741,220|벌크 + 쿨러_760,930|_벌크 | _정품_741,230|벌크 + 쿨러_760,960|_벌크 | _정품_741,240|벌크 + 쿨러_761,080|_벌크 | _정품_752,540|_벌크 + 쿨러_817,790|벌크 | _정품_752,550|벌크 + 쿨러_773,110|_벌크 | _정품_760,720|_벌크 + 쿨러_805,870|벌크 | _정품_760,720|_벌크 + 쿨러_805,880|벌크 | _정품_760,720|벌크 + 쿨러_793,750|_벌크 | _정품_776,140|벌크 + 쿨러_809,060|_벌크 | _정품_776,150|벌크 + 쿨러_793,320|_벌크 | _정품_776,180|벌크 + 쿨러_793,350|_벌크 | _정품_776,190|벌크 + 쿨러_793,360|_벌크 | _정품_776,310|벌크 + 쿨러_793,480|_벌크 | _정품_776,430|벌크 + 쿨러_793,600|_벌크 | _정품_776,460|벌크 + 쿨러_793,630|_벌크 | _정품_776,470|벌크 + 쿨러_793,640|_벌크 | _정품_776,500|벌크 + 쿨러_793,670|_벌크 | _정품_776,510|벌크 + 쿨러_793,720|_벌크 | _정품_776,630|벌크 + 쿨러_793,730|_벌크 | _정품_789,990|벌크 + 쿨러_808,940|_벌크",731810,731810,731810,731810,731810,731810,731810,731810,731810,731810,741200,741200,741200,741200,743310,743290,743200,743090,755820,755820,756860,776140,776030,776000,775970,775940,775820,775810,775790,775690,779990
32037701,인텔 코어i9-14세대 14900F (랩터레이크 리프레시),인텔 코어i9-14세대 14900F,랩터레이크 리프레시,"_정품_740,970|벌크 + 쿨러_763,360|_벌크 | _정품_741,000|벌크 + 쿨러_763,370|_벌크 | _정품_741,010|벌크 + 쿨러_763,380|_벌크 | _정품_741,020|벌크 + 쿨러_763,480|_벌크 | _정품_741,030|벌크 + 쿨러_760,720|_벌크 | _정품_741,040|벌크 + 쿨러_760,730|_벌크 | _정품_741,050|벌크 + 쿨러_760,740|_벌크 | _정품_741,060|벌크 + 쿨러_760,750|_벌크 | _정품_741,070|벌크 + 쿨러_760,760|_벌크 | _정품_741,180|벌크 + 쿨러_760,870|_벌크 | _정품_741,210|벌크 + 쿨러_760,900|_벌크 | _정품_741,220|벌크 + 쿨러_760,930|_벌크 | _정품_741,230|벌크 + 쿨러_760,960|_벌크 | _정품_741,240|벌크 + 쿨러_761,080|_벌크 | _정품_752,540|_벌크 + 쿨러_817,790|벌크 | _정품_752,550|벌크 + 쿨러_773,110|_벌크 | _정품_760,720|_벌크 + 쿨러_805,870|벌크 | _정품_760,720|_벌크 + 쿨러_805,880|벌크 | _정품_760,720|벌크 + 쿨러_793,750|_벌크 | _정품_776,140|벌크 + 쿨러_809,060|_벌크 | _정품_776,150|벌크 + 쿨러_793,320|_벌크 | _정품_776,180|벌크 + 쿨러_793,350|_벌크 | _정품_776,190|벌크 + 쿨러_793,360|_벌크 | _정품_776,310|벌크 + 쿨러_793,480|_벌크 | _정품_776,430|벌크 + 쿨러_793,600|_벌크 | _정품_776,460|벌크 + 쿨러_793,630|_벌크 | _정품_776,470|벌크 + 쿨러_793,640|_벌크 | _정품_776,500|벌크 + 쿨러_793,670|_벌크 | _정품_776,510|벌크 + 쿨러_793,720|_벌크 | _정품_776,630|벌크 + 쿨러_793,730|_벌크 | _정품_789,990|벌크 + 쿨러_808,940|_벌크",731810,731810,731810,731810,731810,731810,731810,731810,731810,731810,741200,741200,741200,741200,743310,743290,743200,743090,755820,755820,756860,776140,776030,776000,775970,775940,775820,775810,775790,775690,779990
28920896,인텔 코어i9-14세대 14900K (랩터레이크 리프레시),인텔 코어i9-14세대 14900K,랩터레이크 리프레시,"_정품_634,960|_벌크_653,230|해외구매 | _정품_634,970|_벌크_653,230|해외구매 | _정품_634,980|_벌크_650,670|해외구매 | _정품_634,980|_벌크_650,680|해외구매 | _정품_634,980|_벌크_652,750|해외구매 | _정품_634,980|_벌크_652,760|해외구매 | _정품_634,980|_벌크_653,250|해외구매 | _정품_634,980|_벌크_657,930|해외구매 | _정품_634,980|_벌크_657,940|해외구매 | _정품_634,980|_벌크_657,950|해외구매 | _정품_634,980|_벌크_660,140|해외구매 | _정품_636,400|_벌크_653,220|해외구매 | _정품_650,390|_벌크_653,220|해외구매 | _정품_654,420|_벌크_650,670|해외구매 | _정품_661,200|_벌크_661,050|해외구매 | _정품_665,020|_벌크_657,590|해외구매 | _정품_675,000|_벌크_650,660|해외구매 | _정품_688,690|_벌크_692,200|해외구매 | _정품_693,990|_벌크_653,220|해외구매 | _정품_696,600|_벌크_655,530|해외구매 | _정품_696,600|_벌크_657,590|해외구매 | _정품_714,850|_벌크_654,490|해외구매",740590,740590,740590,740590,740580,740550,740540,740530,740520,740510,740500,740490,740480,740450,740360,740350,727790,740480,740390,740370,740360,740350,740320,740250,740220,740100,739980,739970,739940,739820,739700
28798964,인텔 코어i9-14세대 14900K (랩터레이크 리프레시),인텔 코어i9-14세대 14900K,랩터레이크 리프레시,"_정품_634,960|_벌크_653,230|해외구매 | _정품_634,970|_벌크_653,230|해외구매 | _정품_634,980|_벌크_650,670|해외구매 | _정품_634,980|_벌크_650,680|해외구매 | _정품_634,980|_벌크_652,750|해외구매 | _정품_634,980|_벌크_652,760|해외구매 | _정품_634,980|_벌크_653,250|해외구매 | _정품_634,980|_벌크_657,930|해외구매 | _정품_634,980|_벌크_657,940|해외구매 | _정품_634,980|_벌크_657,950|해외구매 | _정품_634,980|_벌크_660,140|해외구매 | _정품_636,400|_벌크_653,220|해외구매 | _정품_650,390|_벌크_653,220|해외구매 | _정품_654,420|_벌크_650,670|해외구매 | _정품_661,200|_벌크_661,050|해외구매 | _정품_665,020|_벌크_657,590|해외구매 | _정품_675,000|_벌크_650,660|해외구매 | _정품_688,690|_벌크_692,200|해외구매 | _정품_693,990|_벌크_653,220|해외구매 | _정품_696,600|_벌크_655,530|해외구매 | _정품_696,600|_벌크_657,590|해외구매 | _정품_714,850|_벌크_654,490|해외구매",740590,740590,740590,740590,740580,740550,740540,740530,740520,740510,740500,740490,740480,740450,740360,740350,727790,740480,740390,740370,740360,740350,740320,740250,740220,740100,739980,739970,739940,739820,739700
28920875,인텔 코어i9-14세대 14900KF (랩터레이크 리프레시),인텔 코어i9-14세대 14900KF,랩터레이크 리프레시,"_정품_609,660|_벌크_609,480|해외구매 | _정품_609,670|_벌크_609,480|해외구매 | _정품_609,680|_벌크_609,480|해외구매 | _정품_609,690|_벌크_609,490|해외구매 | _정품_609,700|_벌크_609,490|해외구매 | _정품_609,790|_벌크_609,490|해외구매 | _정품_609,820|_벌크_611,570|해외구매 | _정품_609,830|_벌크_613,620|해외구매 | _정품_609,840|_벌크_613,620|해외구매 | _정품_609,960|_벌크_613,630|해외구매 | _정품_614,810|_벌크_609,450|해외구매 | _정품_614,810|_벌크_609,460|해외구매 | _정품_614,810|_벌크_609,470|해외구매 | _정품_614,910|_벌크_609,480|해외구매 | _정품_617,010|_벌크_619,850|해외구매 | _정품_617,070|_벌크_619,810|해외구매 | _정품_618,130|_벌크_613,640|해외구매 | _정품_619,750|_벌크_610,150|해외구매 | _정품_619,760|_벌크_610,160|해외구매 | _정품_619,880|_벌크_610,280|해외구매 | _정품_619,910|_벌크_610,400|해외구매 | _정품_619,930|_벌크_610,430|해외구매 | _정품_621,000|_벌크_619,850|해외구매 | _정품_622,150|_벌크_617,790|해외구매 | _정품_622,280|_벌크_617,800|해외구매 | _정품_649,910|_벌크_610,000|해외구매 | _정품_649,930|_벌크_610,110|해외구매 | _정품_649,970|_벌크_610,120|해외구매 | _정품_658,470|_벌크_682,170|해외구매",899810,905770,854470,854470,854470,863090,838380,838380,838380,839360,827990,827990,827990,838380,837400,837400,837390,844880,844880,845880,845880,848050,848050,851020,851020,857730,845570,837420,837420,837420,836330
28799180,인텔 코어i9-14세대 14900KF (랩터레이크 리프레시),인텔 코어i9-14세대 14900KF,랩터레이크 리프레시,"_정품_609,660|_벌크_609,480|해외구매 | _정품_609,670|_벌크_609,480|해외구매 | _정품_609,680|_벌크_609,480|해외구매 | _정품_609,690|_벌크_609,490|해외구매 | _정품_609,700|_벌크_609,490|해외구매 | _정품_609,790|_벌크_609,490|해외구매 | _정품_609,820|_벌크_611,570|해외구매 | _정품_609,830|_벌크_613,620|해외구매 | _정품_609,840|_벌크_613,620|해외구매 | _정품_609,960|_벌크_613,630|해외구매 | _정품_614,810|_벌크_609,450|해외구매 | _정품_614,810|_벌크_609,460|해외구매 | _정품_614,810|_벌크_609,470|해외구매 | _정품_614,910|_벌크_609,480|해외구매 | _정품_617,010|_벌크_619,850|해외구매 | _정품_617,070|_벌크_619,810|해외구매 | _정품_618,130|_벌크_613,640|해외구매 | _정품_619,750|_벌크_610,150|해외구매 | _정품_619,760|_벌크_610,160|해외구매 | _정품_619,880|_벌크_610,280|해외구매 | _정품_619,910|_벌크_610,400|해외구매 | _정품_619,930|_벌크_610,430|해외구매 | _정품_621,000|_벌크_619,850|해외구매 | _정품_622,150|_벌크_617,790|해외구매 | _정품_622,280|_벌크_617,800|해외구매 | _정품_649,910|_벌크_610,000|해외구매 | _정품_649,930|_벌크_610,110|해외구매 | _정품_649,970|_벌크_610,120|해외구매 | _정품_658,470|_벌크_682,170|해외구매",899810,905770,854470,854470,854470,863090,838380,838380,838380,839360,827990,827990,827990,838380,837400,837400,837390,844880,844880,845880,845880,848050,848050,851020,851020,857730,845570,837420,837420,837420,836330
63032399,인텔 코어i9-14세대 14900KS (랩터레이크 리프레시),인텔 코어i9-14세대 14900KS,랩터레이크 리프레시,"_정품_1,009,990|_벌크_727,090|해외구매 | _정품_1,015,960|_벌크_728,170|해외구매 | _정품_1,015,960|_벌크_730,320|해외구매 | _정품_955,790|_벌크_724,940|해외구매 | _정품_955,800|_벌크_724,940|해외구매 | _정품_955,800|_벌크_730,320|해외구매 | _정품_955,820|_벌크_730,320|해외구매 | _정품_955,830|_벌크_746,450|해외구매 | _정품_955,840|_벌크_746,450|해외구매 | _정품_955,880|_벌크_778,710|해외구매 | _정품_955,900|_벌크_778,710|해외구매 | _정품_965,560|_벌크_722,790|해외구매 | _정품_965,560|_벌크_725,480|해외구매 | _정품_965,560|_벌크_725,800|해외구매 | _정품_965,590|_벌크_724,940|해외구매 | _정품_965,630|_벌크_724,940|해외구매 | _정품_974,750|_벌크_725,480|해외구매 | _정품_980,700|_벌크_725,800|해외구매 | _정품_989,510|_벌크_730,320|해외구매 | _정품_989,540|_벌크_730,320|해외구매 | _정품_989,660|_벌크_730,320|해외구매 | _정품_989,690|_벌크_730,320|해외구매 | _정품_989,720|_벌크_730,320|해외구매 | _정품_989,750|_벌크_730,320|해외구매 | _정품_989,850|_벌크_725,800|해외구매",1135930,1135830,1135800,1135680,1087860,1087740,1087730,1086010,1085900,1081400,1081290,1081190,1081180,1081150,1081060,1081050,1100490,1100410,1100410,1100390,1100380,1100370,1100340,1100330,1100300,1100180,1033140,1033110,1033020,1070680,1070650
40895423,인텔 코어i9-14세대 14900KS (랩터레이크 리프레시),인텔 코어i9-14세대 14900KS,랩터레이크 리프레시,"_정품_1,009,990|_벌크_727,090|해외구매 | _정품_1,015,960|_벌크_728,170|해외구매 | _정품_1,015,960|_벌크_730,320|해외구매 | _정품_955,790|_벌크_724,940|해외구매 | _정품_955,800|_벌크_724,940|해외구매 | _정품_955,800|_벌크_730,320|해외구매 | _정품_955,820|_벌크_730,320|해외구매 | _정품_955,830|_벌크_746,450|해외구매 | _정품_955,840|_벌크_746,450|해외구매 | _정품_955,880|_벌크_778,710|해외구매 | _정품_955,900|_벌크_778,710|해외구매 | _정품_965,560|_벌크_722,790|해외구매 | _정품_965,560|_벌크_725,480|해외구매 | _정품_965,560|_벌크_725,800|해외구매 | _정품_965,590|_벌크_724,940|해외구매 | _정품_965,630|_벌크_724,940|해외구매 | _정품_974,750|_벌크_725,480|해외구매 | _정품_980,700|_벌크_725,800|해외구매 | _정품_989,510|_벌크_730,320|해외구매 | _정품_989,540|_벌크_730,320|해외구매 | _정품_989,660|_벌크_730,320|해외구매 | _정품_989,690|_벌크_730,320|해외구매 | _정품_989,720|_벌크_730,320|해외구매 | _정품_989,750|_벌크_730,320|해외구매 | _정품_989,850|_벌크_725,800|해외구매",1135930,1135830,1135800,1135680,1087860,1087740,1087730,1086010,1085900,1081400,1081290,1081190,1081180,1081150,1081060,1081050,1100490,1100410,1100410,1100390,1100380,1100370,1100340,1100330,1100300,1100180,1033140,1033110,1033020,1070680,1070650
32444732,인텔 코어i9-14세대 14900T (랩터레이크 리프레시),인텔 코어i9-14세대 14900T,랩터레이크 리프레시,벌크,889780,889750,889720,889690,889660,889550,889540,889530,889520,889510,889500,889490,889480,889470,889460,889450,889380,889270,889180,889160,889130,889120,889090,889080,889050,888930,888810,888800,888770,888760,888730
9321774,인텔 코어i9-9세대 9900 (커피레이크-R),인텔 코어i9-9세대 9900,커피레이크-R,"_벌크 + 쿨러_485,750|_벌크",480320,480320,480320,480320,480320,480320,480320,480320,480320,480320,480320,480320,480320,480320,480320,480320,480320,480320,480320,480320,480320,480320,480320,480320,480320,480320,480320,480320,480320,480320,480320
6654427,인텔 코어i9-9세대 9900K (커피레이크-R),인텔 코어i9-9세대 9900K,커피레이크-R,"_벌크 + 쿨러_770,000|벌크_750,000|_중고_370,920|해외구매 | _벌크 + 쿨러_770,000|벌크_750,000|_중고_370,970|해외구매 | _벌크 + 쿨러_770,000|벌크_750,000|_중고_371,050|해외구매 | _벌크 + 쿨러_770,000|벌크_750,000|중고_367,880|_해외구매 | _벌크 + 쿨러_770,000|벌크_750,000|중고_370,900|_해외구매 | _벌크 + 쿨러_770,000|벌크_750,000|중고_402,660|_해외구매 | 벌크 + 쿨러_770,000|벌크_750,000|_중고_359,610|_해외구매 | 벌크 + 쿨러_770,000|벌크_750,000|_중고_359,640|_해외구매 | 벌크 + 쿨러_770,000|벌크_750,000|_중고_359,650|_해외구매 | 벌크 + 쿨러_770,000|벌크_750,000|_중고_359,680|_해외구매 | 벌크 + 쿨러_770,000|벌크_750,000|_중고_359,690|_해외구매 | 벌크 + 쿨러_770,000|벌크_750,000|_중고_359,810|_해외구매 | 벌크 + 쿨러_770,000|벌크_750,000|_중고_359,930|_해외구매 | 벌크 + 쿨러_770,000|벌크_750,000|_중고_359,940|_해외구매 | 벌크 + 쿨러_770,000|벌크_750,000|_중고_359,950|_해외구매 | 벌크 + 쿨러_770,000|벌크_750,000|_중고_359,980|_해외구매 | 벌크 + 쿨러_770,000|벌크_750,000|_중고_371,080|_해외구매 | 벌크 + 쿨러_770,000|벌크_750,000|_중고_371,090|_해외구매 | 벌크 + 쿨러_770,000|벌크_750,000|_중고_371,190|_해외구매 | 벌크 + 쿨러_770,000|벌크_750,000|_중고_371,310|_해외구매 | 벌크 + 쿨러_770,000|벌크_750,000|_중고_371,420|_해외구매 | 벌크 + 쿨러_770,000|벌크_750,000|_중고_371,900|_해외구매 | 벌크 + 쿨러_770,000|벌크_750,000|_중고_372,160|_해외구매 | 벌크 + 쿨러_770,000|벌크_750,000|_중고_372,260|_해외구매 | 벌크 + 쿨러_770,000|벌크_750,000|_중고_372,370|_해외구매",381020,380900,380870,380840,380830,380800,380790,380780,380770,380760,380750,380740,380730,380700,380600,380580,380500,380400,380310,380290,380280,376100,376070,376060,366120,366120,366120,366120,366120,366110,365990
7559767,인텔 코어i9-9세대 9900KF (커피레이크-R),인텔 코어i9-9세대 9900KF,커피레이크-R,"_정품_639,000|벌크 + 쿨러_381,920|_벌크 | _정품_639,000|벌크 + 쿨러_391,920|_벌크 | _정품_639,000|벌크 + 쿨러_401,920|_벌크",371900,371900,371900,371900,371900,371900,371900,372390,372390,372390,372390,372390,372390,372390,372390,372390,372390,372390,372390,372390,372390,372320,372310,368320,359900,359890,359850,358720,357100,357080,357080
977018,인텔 펜티엄 E6300 (울프데일),인텔 펜티엄 E6300,울프데일,중고,1200,1200,1200,1200,1200,1180,1180,1180,1180,1180,0,0,0,0,0,1180,1180,1180,1180,1180,1180,1180,1180,1180,0,0,0,0,0,1180,1180
4148123,인텔 펜티엄 E6500 (울프데일),인텔 펜티엄 E6500,울프데일,중고,1990,1990,1990,1990,1990,1990,0,0,0,0,0,0,0,0,0,0,0,0,1990,1990,1990,1990,1990,1990,1990,1990,1990,1990,1990,1990,1990
1205754,인텔 펜티엄 E6700 (울프데일),인텔 펜티엄 E6700,울프데일,벌크 + 쿨러,21660,21660,21660,21660,0,0,0,21660,21660,21660,21660,21660,21660,21660,0,0,0,0,0,0,0,0,0,0,0,0,0,0,21420,21420,21420
1917905,인텔 펜티엄 G2020 (아이비브릿지),인텔 펜티엄 G2020,아이비브릿지,_벌크_890|_중고,850,850,850,850,850,850,850,850,850,850,850,890,850,850,850,850,850,850,850,850,860,860,860,840,840,840,840,860,860,850,850
1964344,인텔 펜티엄 G2130 (아이비브릿지),인텔 펜티엄 G2130,아이비브릿지,중고,2290,2280,0,0,2140,2190,2180,0,0,0,0,0,0,0,0,2270,2240,2180,2300,2270,2170,2160,2140,2300,2270,2150,2300,2270,0,0,0
6112933,인텔 펜티엄 G3220 (하스웰),인텔 펜티엄 G3220,하스웰,"_중고_1,490|_벌크",2390,2390,2390,2390,2390,2390,2390,2390,2390,2390,2390,2390,2390,2390,2390,2390,2390,2390,2390,2390,3200,3200,3200,3200,3200,3200,3200,3200,3200,3200,3200
2783187,인텔 펜티엄 G3240 (하스웰 리프레시),인텔 펜티엄 G3240,하스웰 리프레시,"_벌크 + 쿨러_269,900|_중고",1800,1800,1800,1800,1800,1800,1800,1800,1800,1800,1800,1800,1800,1800,1800,1800,1800,1800,1800,1800,1800,1800,1800,1800,1800,1800,1800,1800,1800,1800,1800
6112998,인텔 펜티엄 G3250 (하스웰 리프레시),인텔 펜티엄 G3250,하스웰 리프레시,중고,1980,1980,1980,1980,1980,1980,1980,1980,1980,1980,1980,1980,1980,1980,1980,1980,1980,1980,1980,1980,1980,1980,1980,1980,1980,1980,1980,1980,1980,1980,1980
6113009,인텔 펜티엄 G3258 (하스웰),인텔 펜티엄 G3258,하스웰,중고,4690,0,0,0,0,0,0,0,0,0,0,0,0,0,0,0,0,4690,4690,4690,4690,4690,4690,4690,4690,4690,4690,4690,4690,4690,4690
3169325,인텔 펜티엄 G3260 (하스웰 리프레시),인텔 펜티엄 G3260,하스웰 리프레시,"벌크 + 쿨러_21,390|_벌크_4,240|_중고",2490,2490,2490,2490,2490,2490,2490,2490,2490,2490,2490,2490,2490,2490,2490,2490,2490,2490,2490,2490,2490,2490,2490,2490,2490,2490,2490,2490,2490,2490,2490
2216200,인텔 펜티엄 G3420 (하스웰),인텔 펜티엄 G3420,하스웰,"_벌크_3,000|_중고",2490,2490,2490,2490,2490,2490,2490,2490,2490,2490,2490,2490,2490,2490,2490,2490,2490,2490,2490,2490,2490,2490,2490,2490,2490,2490,2490,2490,2490,2490,2490
6113141,인텔 펜티엄 G3460 (하스웰 리프레시),인텔 펜티엄 G3460,하스웰 리프레시,중고,4690,4690,4690,4690,4690,4690,4690,4690,4690,4690,0,4690,4690,4690,4690,4690,4690,4690,4690,4690,4690,4690,4690,0,0,0,0,0,0,0,0
3493026,인텔 펜티엄 G4400 (스카이레이크),인텔 펜티엄 G4400,스카이레이크,"벌크 + 쿨러_7,340|_벌크_3,000|_중고 | 벌크 + 쿨러_7,370|_벌크_3,000|_중고 | 벌크 + 쿨러_7,390|_벌크_3,000|_중고 | 벌크 + 쿨러_7,420|_벌크_3,000|_중고 | 벌크 + 쿨러_7,440|_벌크_3,000|_중고 | 벌크 + 쿨러_7,450|_벌크_3,000|_중고 | 벌크 + 쿨러_7,460|_벌크_3,000|_중고 | 벌크 + 쿨러_7,490|_벌크_3,000|_중고 | 벌크 + 쿨러_7,500|_벌크_3,000|_중고 | 벌크 + 쿨러_7,540|_벌크_3,000|_중고 | 벌크 + 쿨러_7,570|_벌크_3,000|_중고 | 벌크 + 쿨러_7,580|_벌크_3,000|_중고 | 벌크 + 쿨러_7,590|_벌크_3,000|_중고 | 벌크 + 쿨러_7,620|_벌크_3,000|_중고 | 벌크 + 쿨러_7,740|_벌크_3,000|_중고 | 벌크 + 쿨러_7,750|_벌크_3,000|_중고 | 벌크 + 쿨러_7,760|_벌크_3,000|_중고 | 벌크 + 쿨러_7,770|_벌크_3,000|_중고 | 벌크 + 쿨러_7,780|_벌크_3,000|_중고 | 벌크 + 쿨러_7,810|_벌크_3,000|_중고 | 벌크 + 쿨러_7,820|_벌크_3,000|_중고 | 벌크 + 쿨러_7,850|_벌크_3,000|_중고 | 벌크 + 쿨러_7,870|_벌크_3,000|_중고 | 벌크 + 쿨러_7,890|_벌크_3,000|_중고",3000,3000,3000,3000,3000,3000,3000,3000,3000,3000,2900,2900,2900,2900,2900,2900,2900,2900,2900,2900,2900,2900,2900,2900,2900,2900,2900,2900,2900,2900,2900
7467193,인텔 펜티엄 G4500 (스카이레이크),인텔 펜티엄 G4500,스카이레이크,중고,4990,4960,4930,4900,4890,4890,4990,4980,4970,4960,4500,4500,4500,4500,4500,4500,4500,0,4500,4500,4500,4500,4500,4500,4500,0,4500,4500,4000,4000,4000
7485922,인텔 펜티엄 G4520 (스카이레이크),인텔 펜티엄 G4520,스카이레이크,중고,0,0,0,0,4890,4890,4990,4980,4970,0,0,0,0,0,0,0,0,0,0,0,0,0,0,0,0,0,0,0,0,0,0
4866397,인텔 펜티엄 G4560 (카비레이크),인텔 펜티엄 G4560,카비레이크,"_벌크 + 쿨러_5,920|벌크_3,990|_중고 | _벌크 + 쿨러_5,920|벌크_4,000|_중고 | _벌크 + 쿨러_5,920|벌크_4,020|_중고 | _벌크 + 쿨러_5,920|벌크_4,030|_중고 | _벌크 + 쿨러_5,920|벌크_4,040|_중고 | _벌크 + 쿨러_5,920|벌크_4,070|_중고 | _벌크 + 쿨러_5,920|벌크_4,080|_중고 | _벌크 + 쿨러_5,920|벌크_4,090|_중고 | _벌크 + 쿨러_5,920|벌크_4,100|_중고 | _벌크 + 쿨러_5,920|벌크_4,110|_중고 | _벌크 + 쿨러_5,920|벌크_4,130|_중고 | _벌크 + 쿨러_5,920|벌크_4,140|_중고 | _벌크 + 쿨러_5,920|벌크_4,150|_중고 | _벌크 + 쿨러_5,920|벌크_4,160|_중고 | _벌크 + 쿨러_5,920|벌크_4,170|_중고 | _벌크 + 쿨러_5,920|벌크_4,180|_중고 | _벌크 + 쿨러_5,920|벌크_4,190|_중고 | _벌크 + 쿨러_5,920|벌크_4,200|_중고 | _벌크 + 쿨러_5,920|벌크_4,230|_중고 | _벌크 + 쿨러_5,920|벌크_4,240|_중고 | _벌크 + 쿨러_5,920|벌크_4,270|_중고 | _벌크 + 쿨러_5,920|벌크_4,280|_중고 | _벌크 + 쿨러_5,920|벌크_4,310|_중고 | 벌크 + 쿨러_5,920|_벌크_4,000|_중고 | 벌크 + 쿨러_5,920|_벌크_4,020|_중고 | 벌크 + 쿨러_5,920|_벌크_4,050|_중고 | 벌크 + 쿨러_5,920|_벌크_4,080|_중고",4180,4170,4140,4020,4010,3990,4190,4040,4030,4020,3990,3990,3990,3990,3990,3990,3990,3990,3990,3990,3640,3990,3990,3990,3990,3990,3990,3990,3990,3900,3990
5221428,인텔 펜티엄 G4600 (카비레이크),인텔 펜티엄 G4600,카비레이크,"_벌크 + 쿨러_11,440|벌크_8,990|_중고 | _벌크 + 쿨러_11,470|벌크_8,990|_중고 | 벌크 + 쿨러_10,660|_벌크_8,990|_중고 | 벌크 + 쿨러_10,710|_벌크_8,990|_중고 | 벌크 + 쿨러_10,790|_벌크_8,880|_중고 | 벌크 + 쿨러_10,790|_벌크_8,990|_중고 | 벌크 + 쿨러_10,910|_벌크_8,880|_중고 | 벌크 + 쿨러_11,030|_벌크_8,880|_중고 | 벌크 + 쿨러_11,060|_벌크_8,880|_중고 | 벌크 + 쿨러_11,070|_벌크_8,880|_중고 | 벌크 + 쿨러_11,080|_벌크_8,880|_중고 | 벌크 + 쿨러_11,090|_벌크_8,880|_중고 | 벌크 + 쿨러_11,100|_벌크_8,880|_중고 | 벌크 + 쿨러_11,110|_벌크_8,880|_중고 | 벌크 + 쿨러_11,120|_벌크_8,990|_중고 | 벌크 + 쿨러_11,140|_벌크_8,880|_중고 | 벌크 + 쿨러_11,150|_벌크_8,880|_중고 | 벌크 + 쿨러_11,150|_벌크_8,990|_중고 | 벌크 + 쿨러_11,160|_벌크_8,990|_중고 | 벌크 + 쿨러_11,180|_벌크_8,880|_중고 | 벌크 + 쿨러_11,210|_벌크_8,890|_중고 | 벌크 + 쿨러_11,240|_벌크_8,890|_중고 | 벌크 + 쿨러_11,280|_벌크_8,990|_중고 | 벌크 + 쿨러_11,400|_벌크_8,990|_중고 | 벌크 + 쿨러_11,430|_벌크_8,990|_중고 | 벌크 + 쿨러_11,480|_벌크_8,990|_중고 | 벌크 + 쿨러_11,490|_벌크_8,990|_중고 | 벌크 + 쿨러_9,420|_벌크_8,990|_중고 | 벌크 + 쿨러_9,540|_벌크_8,990|_중고",4990,4990,4990,4990,4990,4990,4990,4990,4990,4990,4990,4990,4990,4990,4990,4990,4990,4990,4990,4990,4990,4990,4990,4990,4990,4990,4990,4990,4990,4660,4490
1376157,인텔 펜티엄 G620 (샌디브릿지),인텔 펜티엄 G620,샌디브릿지,"_벌크_1,330|_중고 | _벌크_1,340|_중고 | _벌크_1,350|_중고 | _벌크_1,370|_중고 | _벌크_1,380|_중고 | _벌크_1,400|_중고 | _벌크_1,410|_중고 | _벌크_1,420|_중고 | _벌크_1,430|_중고 | _벌크_1,790|_중고",3180,3180,3180,3180,3180,3180,3180,3180,3180,3180,3180,3180,3180,3180,3180,3180,3180,3180,3180,3180,3180,3180,3180,3180,3180,2400,2400,2400,2400,2400,2400
1520561,인텔 펜티엄 G630 (샌디브릿지),인텔 펜티엄 G630,샌디브릿지,"_정품_2,120|_벌크_1,330|중고 | _정품_2,120|_벌크_1,400|중고 | _정품_2,120|_벌크_1,790|중고 | _정품_2,130|_벌크_1,370|중고 | _정품_2,130|_벌크_1,390|중고 | _정품_2,130|_벌크_1,410|중고 | _정품_2,130|_벌크_1,430|중고 | _정품_2,160|_벌크_1,330|중고 | _정품_2,160|_벌크_1,340|중고 | _정품_2,160|_벌크_1,380|중고 | _정품_2,160|_벌크_1,400|중고 | _정품_2,160|_벌크_1,420|중고",2406,2406,2406,2406,2406,2406,2406,2406,2406,2406,2406,2406,2406,2406,2406,2406,2406,2406,2406,2406,2406,2406,2406,2406,2406,2406,2406,2406,2406,2406,2406
1824690,인텔 펜티엄 G645 (샌디브릿지),인텔 펜티엄 G645,샌디브릿지,중고,1490,1490,1490,1490,0,0,0,0,0,0,0,1490,1490,1490,1490,1490,4300,4300,0,0,0,0,0,0,0,0,0,0,0,0,0
1376038,인텔 펜티엄 G840 (샌디브릿지),인텔 펜티엄 G840,샌디브릿지,중고,1490,1490,1490,1490,1490,0,0,1490,1490,1490,1490,1490,1490,1490,1490,1490,1490,1490,1490,1490,1490,1490,1490,1490,1490,1490,0,0,0,0,0
1376176,인텔 펜티엄 G850 (샌디브릿지),인텔 펜티엄 G850,샌디브릿지,중고,1500,1500,1500,1500,0,0,0,0,0,0,0,0,0,1500,1500,1500,1500,1500,1500,1500,1500,1500,1500,1500,1500,1500,1500,1500,1500,1500,1500
1513439,인텔 펜티엄 G860 (샌디브릿지),인텔 펜티엄 G860,샌디브릿지,중고,1590,1590,1590,1590,1590,1590,1590,0,0,0,0,0,0,0,0,0,0,1590,1590,1590,1590,1590,1590,1590,1590,1590,1590,1590,1590,1590,1590
6060229,인텔 펜티엄 골드 G5400 (커피레이크),인텔 펜티엄 골드 G5400,커피레이크,"벌크 + 쿨러_18,260|_벌크_13,500|해외구매_183,100|_중고 | 벌크 + 쿨러_18,340|_벌크_13,500|해외구매_183,100|_중고 | 벌크 + 쿨러_18,690|_벌크_13,950|해외구매_183,100|_중고 | 벌크 + 쿨러_18,750|_벌크_13,950|해외구매_183,100|_중고 | 벌크 + 쿨러_18,810|_벌크_13,950|해외구매_183,100|_중고 | 벌크 + 쿨러_18,840|_벌크_13,950|해외구매_183,100|_중고 | 벌크 + 쿨러_18,850|_벌크_13,950|해외구매_183,100|_중고 | 벌크 + 쿨러_18,870|_벌크_13,950|해외구매_183,100|_중고 | 벌크 + 쿨러_18,880|_벌크_13,950|해외구매_183,100|_중고 | 벌크 + 쿨러_18,900|_벌크_13,950|해외구매_183,100|_중고 | 벌크 + 쿨러_18,960|_벌크_14,400|해외구매_183,100|_중고 | 벌크 + 쿨러_19,080|_벌크_14,400|해외구매_183,100|_중고 | 벌크 + 쿨러_19,150|_벌크_14,400|해외구매_183,100|_중고 | 벌크 + 쿨러_19,160|_벌크_14,400|해외구매_183,100|_중고 | 벌크 + 쿨러_19,170|_벌크_14,400|해외구매_183,100|_중고 | 벌크 + 쿨러_19,240|_벌크_14,400|해외구매_183,100|_중고 | 벌크 + 쿨러_19,250|_벌크_14,400|해외구매_183,100|_중고 | 벌크 + 쿨러_19,340|_벌크_14,400|해외구매_183,100|_중고 | 벌크 + 쿨러_19,370|_벌크_14,400|해외구매_183,100|_중고 | 벌크 + 쿨러_19,380|_벌크_14,400|해외구매_183,100|_중고 | 벌크 + 쿨러_19,470|_벌크_14,400|해외구매_183,100|_중고 | 벌크 + 쿨러_19,670|_벌크_14,400|해외구매_183,100|_중고 | 벌크 + 쿨러_19,680|_벌크_14,400|해외구매_183,100|_중고 | 벌크 + 쿨러_19,690|_벌크_14,400|해외구매_183,100|_중고 | 벌크 + 쿨러_19,700|_벌크_14,400|해외구매_183,100|_중고 | 벌크 + 쿨러_19,710|_벌크_14,400|해외구매_183,100|_중고 | 벌크 + 쿨러_19,740|_벌크_14,400|해외구매_183,100|_중고 | 벌크 + 쿨러_19,750|_벌크_14,400|해외구매_183,100|_중고 | 벌크 + 쿨러_19,780|_벌크_14,400|해외구매_183,100|_중고 | 벌크 + 쿨러_19,810|_벌크_14,400|해외구매_183,100|_중고 | 벌크 + 쿨러_19,840|_벌크_14,400|해외구매_183,100|_중고",10990,10990,10990,10990,10990,10990,10990,10990,10990,10990,10990,10990,10980,10980,10980,10980,10980,10980,10980,10980,9920,10890,10890,10890,10890,10890,10890,10890,10890,10890,10890
10535205,인텔 펜티엄 골드 G5420 (커피레이크-R),인텔 펜티엄 골드 G5420,커피레이크-R,"_벌크_15,570|_중고 | _벌크_15,580|_중고 | _벌크_16,160|_중고 | _벌크_16,170|_중고 | _벌크_16,180|_중고 | _벌크_16,190|_중고 | _벌크_16,200|_중고 | _벌크_16,210|_중고 | _벌크_16,220|_중고 | _벌크_16,240|_중고",14990,14990,14990,14990,14990,14990,14990,14990,14990,14990,14950,14920,14800,14680,12900,12900,12890,12890,12890,12890,12890,12890,12890,12890,12890,12890,12890,12890,12890,12890,12890
11405214,인텔 펜티엄 골드 G6400 (코멧레이크S),인텔 펜티엄 골드 G6400,코멧레이크S,"_정품_89,920|_벌크 + 쿨러_74,510|벌크_68,830|해외구매_100,790|중고 | _정품_89,950|벌크 + 쿨러_74,440|벌크_68,860|해외구매_100,790|_중고 | _정품_89,960|벌크 + 쿨러_76,310|벌크_70,910|해외구매_100,790|_중고 | _정품_89,990|벌크 + 쿨러_76,340|벌크_70,940|해외구매_100,790|_중고 | _정품_90,000|벌크 + 쿨러_76,350|벌크_70,950|해외구매_100,790|_중고 | _정품_90,120|벌크 + 쿨러_76,470|벌크_71,070|해외구매_100,790|_중고 | _정품_90,240|벌크 + 쿨러_76,500|벌크_71,100|해외구매_100,790|_중고 | _정품_90,270|벌크 + 쿨러_75,000|_벌크_69,520|해외구매_100,790|중고 | _정품_90,280|벌크 + 쿨러_75,000|벌크_69,520|해외구매_100,790|_중고 | _정품_90,310|벌크 + 쿨러_75,000|벌크_69,520|해외구매_100,790|_중고 | _정품_92,050|_벌크 + 쿨러_79,770|벌크_72,520|해외구매_100,790|중고 | _정품_92,050|_벌크 + 쿨러_79,780|벌크_72,640|해외구매_100,790|중고 | _정품_92,050|_벌크 + 쿨러_79,880|벌크_72,760|해외구매_100,790|중고 | _정품_92,050|벌크 + 쿨러_78,590|벌크_72,000|해외구매_100,790|_중고 | _정품_92,050|벌크 + 쿨러_78,600|벌크_72,120|해외구매_100,790|_중고 | _정품_92,050|벌크 + 쿨러_78,620|벌크_72,190|해외구매_100,790|_중고 | _정품_92,050|벌크 + 쿨러_78,630|벌크_72,200|해외구매_100,790|_중고 | _정품_92,050|벌크 + 쿨러_78,690|_벌크_72,280|해외구매_100,800|중고 | _정품_92,050|벌크 + 쿨러_78,710|_벌크_72,300|해외구매_100,800|중고 | _정품_92,050|벌크 + 쿨러_79,760|_벌크_72,400|해외구매_100,790|중고 | _정품_92,060|벌크 + 쿨러_78,620|벌크_72,210|해외구매_100,790|_중고 | _정품_92,060|벌크 + 쿨러_81,940|_벌크_74,820|해외구매_100,790|중고 | _정품_92,680|_벌크 + 쿨러_81,950|벌크_74,830|해외구매_100,790|중고 | _정품_92,680|_벌크 + 쿨러_81,960|벌크_74,840|해외구매_100,790|중고 | _정품_92,680|_벌크 + 쿨러_82,310|벌크_75,050|해외구매_100,790|중고 | _정품_92,680|벌크 + 쿨러_82,060|_벌크_74,850|해외구매_100,790|중고 | _정품_92,680|벌크 + 쿨러_82,090|_벌크_74,860|해외구매_100,790|중고 | _정품_92,680|벌크 + 쿨러_82,160|_벌크_74,890|해외구매_100,790|중고 | _정품_92,680|벌크 + 쿨러_82,160|_벌크_74,900|해외구매_100,790|중고 | _정품_92,680|벌크 + 쿨러_82,280|_벌크_75,020|해외구매_100,790|중고 | _정품_92,680|벌크 + 쿨러_82,320|_벌크_75,060|해외구매_100,790|중고",73860,73850,73820,73700,73690,73660,73650,73640,62990,62990,62990,62990,62990,62990,62990,62990,62990,62990,62990,62990,62990,59840,59840,59840,61200,61200,61200,61200,61200,61200,61200
13620101,인텔 펜티엄 골드 G6405 (코멧레이크S 리프레시),인텔 펜티엄 골드 G6405,코멧레이크S 리프레시,"_정품_91,780|_벌크 + 쿨러_84,620|벌크_79,610|해외구매 | _정품_91,790|_벌크 + 쿨러_84,620|벌크_79,610|해외구매 | _정품_91,800|_벌크 + 쿨러_84,620|벌크_79,610|해외구매 | _정품_92,000|_벌크 + 쿨러_84,030|벌크_78,460|해외구매 | _정품_92,000|_벌크 + 쿨러_84,030|벌크_79,190|해외구매 | _정품_92,000|벌크 + 쿨러_84,030|_벌크_78,460|해외구매 | _정품_92,980|_벌크 + 쿨러_87,130|벌크_81,960|해외구매 | _정품_92,980|_벌크 + 쿨러_87,140|벌크_81,970|해외구매 | _정품_92,980|_벌크 + 쿨러_88,920|벌크_82,000|해외구매 | _정품_92,980|벌크 + 쿨러_86,550|_벌크_81,960|해외구매 | _정품_92,980|벌크 + 쿨러_86,650|_벌크_81,960|해외구매 | _정품_92,980|벌크 + 쿨러_86,680|_벌크_81,960|해외구매 | _정품_93,050|_벌크 + 쿨러_87,650|벌크_82,470|해외구매 | _정품_93,050|_벌크 + 쿨러_89,450|벌크_82,480|해외구매 | _정품_93,050|벌크 + 쿨러_89,450|_벌크_82,480|해외구매",139380,139380,139380,139380,139380,139380,139380,139380,139380,139380,139380,152890,152890,152890,152890,152890,152890,152890,152890,152890,152890,142900,142900,142900,137610,134100,134100,134100,134100,134100,134100
16100921,인텔 펜티엄 골드 G7400 (엘더레이크),인텔 펜티엄 골드 G7400,엘더레이크,"_정품_122,970|벌크 + 쿨러_94,500|_벌크_83,790|해외구매 | _정품_123,000|벌크 + 쿨러_94,500|_벌크_83,790|해외구매 | _정품_123,010|벌크 + 쿨러_94,500|_벌크_83,790|해외구매 | _정품_123,040|벌크 + 쿨러_94,500|_벌크_83,790|해외구매 | _정품_123,050|벌크 + 쿨러_94,500|_벌크_83,790|해외구매 | _정품_123,170|벌크 + 쿨러_94,500|_벌크_83,790|해외구매 | _정품_123,200|벌크 + 쿨러_94,500|_벌크_83,790|해외구매 | _정품_124,370|_벌크 + 쿨러_96,620|벌크_87,240|해외구매 | _정품_124,370|벌크 + 쿨러_95,000|_벌크_83,100|해외구매 | _정품_124,370|벌크 + 쿨러_96,620|_벌크_87,240|해외구매 | _정품_124,370|벌크 + 쿨러_98,100|_벌크_87,840|해외구매 | _정품_124,370|벌크 + 쿨러_98,130|_벌크_87,870|해외구매 | _정품_124,370|벌크 + 쿨러_98,150|_벌크_87,890|해외구매 | _정품_124,370|벌크 + 쿨러_98,240|_벌크_87,240|해외구매 | _정품_124,370|벌크 + 쿨러_98,320|_벌크_87,240|해외구매 | _정품_124,370|벌크 + 쿨러_98,400|_벌크_87,240|해외구매",203500,203500,203500,203500,203500,203500,203500,203500,203500,203500,203500,203500,203500,203500,203500,203500,203500,203500,203500,203500,203500,193500,193500,193500,183500,183500,183500,183500,183500,183500,183500
38452358,인텔 프로세서 300 (랩터레이크 리프레시),인텔 프로세서 300,랩터레이크 리프레시,"_정품_126,280|_벌크 + 쿨러_110,510|벌크 | _정품_126,310|벌크 + 쿨러_110,540|_벌크 | _정품_126,320|벌크 + 쿨러_110,550|_벌크 | _정품_126,440|벌크 + 쿨러_110,670|_벌크 | _정품_126,470|벌크 + 쿨러_110,700|_벌크 | _정품_127,260|_벌크 + 쿨러_110,470|벌크 | _정품_127,260|_벌크 + 쿨러_110,500|벌크 | _정품_127,640|벌크 + 쿨러_112,750|_벌크 | _정품_127,650|벌크 + 쿨러_112,760|_벌크 | _정품_127,680|벌크 + 쿨러_112,790|_벌크 | _정품_127,690|벌크 + 쿨러_112,800|_벌크 | _정품_127,790|벌크 + 쿨러_112,830|_벌크 | _정품_127,820|벌크 + 쿨러_112,850|_벌크 | _정품_129,200|_벌크 + 쿨러_112,850|벌크 | _정품_129,210|_벌크 + 쿨러_112,860|벌크 | _정품_129,250|_벌크 + 쿨러_112,920|벌크 | _정품_129,270|_벌크 + 쿨러_112,940|벌크 | _정품_129,370|벌크 + 쿨러_113,040|_벌크 | _정품_129,490|벌크 + 쿨러_113,070|_벌크 | _정품_129,520|벌크 + 쿨러_113,080|_벌크 | _정품_129,540|벌크 + 쿨러_113,090|_벌크 | _정품_129,550|벌크 + 쿨러_113,100|_벌크 | _정품_129,650|벌크 + 쿨러_113,110|_벌크 | _정품_129,690|벌크 + 쿨러_113,120|_벌크 | _정품_129,700|벌크 + 쿨러_113,130|_벌크 | _정품_129,710|벌크 + 쿨러_113,140|_벌크 | _정품_129,830|벌크 + 쿨러_113,250|_벌크 | _정품_129,870|벌크 + 쿨러_116,370|_벌크 | _정품_129,990|벌크 + 쿨러_116,480|_벌크 | _정품_130,020|벌크 + 쿨러_116,510|_벌크 | _정품_130,040|벌크 + 쿨러_116,520|_벌크",105990,105980,105950,105840,102740,102710,102700,102690,102680,102670,102660,102650,102640,102630,102620,102610,102530,102430,102340,102320,102290,101980,101950,101940,100800,100770,100650,100640,100610,100600,100570
32039399,인텔 프로세서 300 (랩터레이크 리프레시),인텔 프로세서 300,랩터레이크 리프레시,"_정품_126,280|_벌크 + 쿨러_110,510|벌크 | _정품_126,310|벌크 + 쿨러_110,540|_벌크 | _정품_126,320|벌크 + 쿨러_110,550|_벌크 | _정품_126,440|벌크 + 쿨러_110,670|_벌크 | _정품_126,470|벌크 + 쿨러_110,700|_벌크 | _정품_127,260|_벌크 + 쿨러_110,470|벌크 | _정품_127,260|_벌크 + 쿨러_110,500|벌크 | _정품_127,640|벌크 + 쿨러_112,750|_벌크 | _정품_127,650|벌크 + 쿨러_112,760|_벌크 | _정품_127,680|벌크 + 쿨러_112,790|_벌크 | _정품_127,690|벌크 + 쿨러_112,800|_벌크 | _정품_127,790|벌크 + 쿨러_112,830|_벌크 | _정품_127,820|벌크 + 쿨러_112,850|_벌크 | _정품_129,200|_벌크 + 쿨러_112,850|벌크 | _정품_129,210|_벌크 + 쿨러_112,860|벌크 | _정품_129,250|_벌크 + 쿨러_112,920|벌크 | _정품_129,270|_벌크 + 쿨러_112,940|벌크 | _정품_129,370|벌크 + 쿨러_113,040|_벌크 | _정품_129,490|벌크 + 쿨러_113,070|_벌크 | _정품_129,520|벌크 + 쿨러_113,080|_벌크 | _정품_129,540|벌크 + 쿨러_113,090|_벌크 | _정품_129,550|벌크 + 쿨러_113,100|_벌크 | _정품_129,650|벌크 + 쿨러_113,110|_벌크 | _정품_129,690|벌크 + 쿨러_113,120|_벌크 | _정품_129,700|벌크 + 쿨러_113,130|_벌크 | _정품_129,710|벌크 + 쿨러_113,140|_벌크 | _정품_129,830|벌크 + 쿨러_113,250|_벌크 | _정품_129,870|벌크 + 쿨러_116,370|_벌크 | _정품_129,990|벌크 + 쿨러_116,480|_벌크 | _정품_130,020|벌크 + 쿨러_116,510|_벌크 | _정품_130,040|벌크 + 쿨러_116,520|_벌크",105990,105980,105950,105840,102740,102710,102700,102690,102680,102670,102660,102650,102640,102630,102620,102610,102530,102430,102340,102320,102290,101980,101950,101940,100800,100770,100650,100640,100610,100600,100570
