Id,Name,cpu_model,cpu_codename,sale_info,2024-07-01,2024-07-02,2024-07-03,2024-07-04,2024-07-05,2024-07-06,2024-07-07,2024-07-08,2024-07-09,2024-07-10,2024-07-11,2024-07-12,2024-07-13,2024-07-14,2024-07-15,2024-07-16,2024-07-17,2024-07-18,2024-07-19,2024-07-20,2024-07-21,2024-07-22,2024-07-23,2024-07-24,2024-07-25,2024-07-26,2024-07-27,2024-07-28,2024-07-29,2024-07-30,2024-07-31
15833261,AMD A4 3300 (라노),AMD A4 3300,라노,중고,0,0,2500,2500,2500,2500,2500,2500,2500,2500,0,0,2500,2500,2500,2500,2500,2500,0,0,0,0,0,0,0,0,0,0,0,2500,2500
15834833,AMD A4 3400 (라노),AMD A4 3400,라노,중고,0,0,0,0,0,0,0,0,0,0,0,0,0,0,2500,2500,2500,2500,2500,2500,2500,0,0,0,0,0,0,0,0,2500,2500
18170813,AMD A4 7300 (리치랜드),AMD A4 7300,리치랜드,중고,4390,4390,4000,4000,4000,4000,4000,4000,4000,4000,4000,4000,4000,4000,4000,4000,4000,4000,4000,4000,4000,4000,4000,0,0,4000,0,0,4000,4000,4000
9736854,AMD EPYC 7232P (롬),AMD EPYC 7232P,롬,정품,924000,924000,924000,924000,924000,924000,0,0,0,0,0,924000,924000,924000,924000,924000,924000,924000,924000,924000,924000,924000,924000,924000,924000,924000,924000,924000,924000,924000,924000
9736833,AMD EPYC 7262 (롬),AMD EPYC 7262,롬,정품,0,0,0,0,0,0,0,0,0,0,0,0,0,0,0,0,0,0,1177000,1177000,0,1177000,1177000,1177000,1177000,1177000,1177000,1177000,0,0,1177000
9736752,AMD EPYC 7302 (롬),AMD EPYC 7302,롬,정품,2193000,2193000,2193000,2193000,2193000,2193000,2193000,2193000,0,0,0,0,2193000,2193000,2193000,2193000,2193000,2193000,2193000,2193000,0,0,0,0,2193000,0,0,2193000,2193000,2193000,2193000
9736764,AMD EPYC 7302P (롬),AMD EPYC 7302P,롬,정품,1062790,1062790,1062790,1062790,1062790,1062790,1062790,1062790,1062790,1062790,1062790,1062790,1062790,1062790,1062790,1062790,1062790,1062790,1062790,1062790,1062790,1062790,1062790,1062790,1062790,1062790,1062790,1062790,1062790,1062790,1062790
16909040,AMD EPYC 7543 (밀라노),AMD EPYC 7543,밀라노,정품,5400000,5400000,5400000,5400000,5400000,5400000,5400000,5400000,5400000,5400000,5400000,5400000,5400000,5400000,5400000,5400000,5400000,5400000,5400000,5400000,5400000,5400000,5400000,5400000,5400000,5400000,5400000,5400000,5400000,5400000,5400000
9736071,AMD EPYC 7742 (롬),AMD EPYC 7742,롬,정품,0,0,0,0,0,0,0,0,0,0,0,0,0,0,12799910,12799910,12799910,12799910,12799910,12799910,12799910,12799910,12799910,12799910,12799910,12799910,12799910,12799910,12799910,12799910,12799910
16908977,AMD EPYC 7763 (밀라노),AMD EPYC 7763,밀라노,정품,13699990,13699990,13699990,13699990,13699990,13699990,13699990,13699990,13699990,13699990,13699990,13699990,13699990,13699990,13699990,13699990,13699990,13699990,13699990,13699990,13699990,13699990,13699990,13699990,13699990,13699990,13699990,13699990,13699990,13699990,13699990
28159028,AMD FX 4100 (잠베지),AMD FX 4100,잠베지,중고,7900,7900,7500,7500,7500,7500,7500,7500,7500,7500,7500,7500,7500,7500,7500,7500,7500,7500,7500,7500,7500,7500,7500,7500,7500,7500,7500,7500,7500,7500,7500
4143917,AMD FX 8300 (비쉐라),AMD FX 8300,비쉐라,중고,46000,46000,46000,46000,46000,46000,46000,46000,46000,46000,46000,46000,46000,46000,46000,46000,46000,46000,41000,41000,41000,41000,41000,41000,41000,41000,41000,41000,41000,41000,41000
5565728,AMD 라이젠 스레드리퍼 1950X (화이트헤븐),AMD 라이젠 스레드리퍼 1950X,화이트헤븐,해외구매,1110500,1110500,1110500,1110500,1110500,1110500,1110500,1110500,1110500,1110500,1110500,1110500,1110500,1110500,1110500,1110500,1110500,1110500,1110500,1110500,958500,958500,944900,944900,944900,944900,944900,930000,930000,930000,930000
11038053,AMD 라이젠 스레드리퍼 2970WX (콜팩스),AMD 라이젠 스레드리퍼 2970WX,콜팩스,해외구매,2151590,2151580,2008610,2159770,2159770,2159660,2159540,2159420,1978610,1978500,1978380,1978260,1978140,1978020,1977900,1977780,1977660,1977540,1977350,1977300,1977180,1977060,1976940,1976820,1976810,1976780,1976710,1976600,1976480,1976360,1976350
11035740,AMD 라이젠 스레드리퍼 2990WX (콜팩스),AMD 라이젠 스레드리퍼 2990WX,콜팩스,해외구매,5400000,5400000,5400000,5400000,5400000,5400000,5400000,5400000,5400000,5400000,5400000,5400000,5400000,5400000,5400000,5400000,5400000,5400000,5400000,5400000,5400000,5400000,5400000,5400000,5400000,5400000,5400000,5400000,5400000,5400000,5400000
14079716,AMD 라이젠 스레드리퍼 3970X (캐슬 픽),AMD 라이젠 스레드리퍼 3970X,캐슬 픽,해외구매,2869780,2869770,2869760,2869730,2869640,2869560,2869480,2869450,2869330,2869210,2869090,2868970,2868850,2868730,2868610,2868520,2868510,2868510,3311100,3311100,3309200,3309200,3309200,3309200,3309200,3309200,3309200,3309200,3309200,3309200,3309200
30131825,AMD 라이젠 스레드리퍼 7960X (스톰 픽),AMD 라이젠 스레드리퍼 7960X,스톰 픽,정품,2296410,2293670,2288210,2285480,2282740,2282740,2307200,2304600,2301860,2293680,2288210,2282750,2307200,2307200,2318250,2312790,2307330,2301870,2296400,2319950,2319950,2318250,2312790,2307330,2307320,2319950,2319950,2319950,2319950,2319950,2319950
30131816,AMD 라이젠 스레드리퍼 7970X (스톰 픽),AMD 라이젠 스레드리퍼 7970X,스톰 픽,정품,3695870,3695860,3695780,3695770,3695760,3695650,3695620,3695500,3695380,3695260,3695140,3695020,3694900,3694780,3694660,3694540,3694420,3694300,3694110,3694060,3693940,3693820,3693700,3693580,3693570,3693540,3693490,3693460,3693340,3693220,3693210
30131798,AMD 라이젠 스레드리퍼 7980X (스톰 픽),AMD 라이젠 스레드리퍼 7980X,스톰 픽,정품,7291260,7291250,7291250,7291250,7291250,7291250,7291250,7291250,7291250,7291250,7291250,7291250,7291250,7291250,7291250,7291250,7291250,7291250,7291250,7291250,7291250,7291250,7291250,7291250,7291250,7291250,7291250,7291250,7291250,7291250,7291250
13491257,AMD 라이젠 스레드리퍼 PRO 3955WX (캐슬 픽-W),AMD 라이젠 스레드리퍼 PRO 3955WX,캐슬 픽-W,"_정품_1,369,210|_해외구매_1,860,700|중고 | _정품_1,369,220|_해외구매_1,860,700|중고 | _정품_1,372,440|_해외구매_1,860,700|중고 | _정품_1,375,660|_해외구매_1,890,690|중고 | _정품_1,377,260|_해외구매_1,890,690|중고 | _정품_1,382,090|_해외구매_1,890,690|중고 | _정품_1,383,700|_해외구매_1,758,350|중고 | _정품_1,383,700|_해외구매_1,796,160|중고 | _정품_1,383,990|_해외구매_1,860,700|중고 | _정품_1,385,310|_해외구매_1,796,160|중고 | _정품_1,385,310|_해외구매_1,890,690|중고 | _정품_1,386,910|_해외구매_1,796,160|중고 | _정품_1,386,910|_해외구매_1,890,690|중고 | _정품_1,388,530|_해외구매_1,796,160|중고 | _정품_1,388,530|_해외구매_1,890,690|중고",900000,900000,900000,900000,900000,900000,900000,900000,900000,900000,900000,900000,900000,900000,900000,900000,900000,900000,900000,900000,900000,900000,900000,900000,900000,900000,900000,900000,900000,900000,900000
18614342,AMD 라이젠 스레드리퍼 PRO 3975WX (캐슬 픽-W),AMD 라이젠 스레드리퍼 PRO 3975WX,캐슬 픽-W,"_벌크_3,869,990|_해외구매 | _벌크_3,892,480|_해외구매",4481700,4481700,4204620,4481700,4481700,4481700,4481700,4481700,4481700,4481700,4481700,4481700,5219490,5219390,2632200,2632200,2632200,2632200,2632200,2632200,2632200,2632200,2632200,2632200,2632200,2515400,2515400,2515400,2515400,2515400,2515400
18000296,AMD 라이젠 스레드리퍼 PRO 3995WX (캐슬 픽-W),AMD 라이젠 스레드리퍼 PRO 3995WX,캐슬 픽-W,해외구매,10998480,10998480,10998480,10998480,10998480,10998480,10998480,10998480,10998480,10998480,10998480,10998480,10998480,10998480,10998480,10998480,10998480,10998480,10998480,10998480,10998480,10998480,10998480,10998480,10998480,10998480,10998480,10998480,10998480,10998480,10998480
18055820,AMD 라이젠 스레드리퍼 PRO 5955WX (샤갈 프로),AMD 라이젠 스레드리퍼 PRO 5955WX,샤갈 프로,정품,1612400,1612400,1608670,1606780,1603000,1601110,1601110,1633200,1638870,1633210,1629440,1625660,1623760,1623760,1621880,1618110,1614330,1610550,1648310,1648310,1648310,1648310,1648310,1648310,1648310,1653250,1694840,1694840,1694840,1669280,1669270
17570816,AMD 라이젠 스레드리퍼 PRO 5965WX (샤갈 프로),AMD 라이젠 스레드리퍼 PRO 5965WX,샤갈 프로,"_정품_2,878,390|_해외구매 | _정품_2,878,400|_해외구매 | _정품_2,878,520|_해외구매 | _정품_2,878,640|_해외구매 | _정품_2,878,760|_해외구매 | _정품_2,878,880|_해외구매 | _정품_2,878,930|_해외구매 | _정품_2,879,120|_해외구매 | _정품_2,879,240|_해외구매 | _정품_2,879,360|_해외구매 | _정품_2,879,480|_해외구매 | _정품_2,879,600|_해외구매 | _정품_2,879,720|_해외구매 | _정품_2,879,840|_해외구매 | _정품_2,879,960|_해외구매 | _정품_2,880,080|_해외구매 | _정품_2,880,200|_해외구매 | _정품_2,880,320|_해외구매 | _정품_2,880,440|_해외구매 | _정품_2,880,570|_해외구매 | _정품_2,880,670|_해외구매 | _정품_2,880,780|_해외구매 | _정품_2,880,890|_해외구매 | _정품_2,902,960|_해외구매 | _정품_2,902,990|_해외구매 | _정품_3,010,160|_해외구매",2479790,2479790,2306210,2479790,2479790,2479790,2479790,2996800,2993900,3006400,3006400,2991900,2991900,3045900,3045900,2982814,2999670,2991732,3018388,3018388,3018388,3023974,3021622,3021622,3029658,3042790,3703100,3703100,3703100,3395326,3395326
17570807,AMD 라이젠 스레드리퍼 PRO 5975WX (샤갈 프로),AMD 라이젠 스레드리퍼 PRO 5975WX,샤갈 프로,"_정품_3,500,000|멀티팩(정품)_3,543,800|_해외구매 | _정품_3,500,000|멀티팩(정품)_3,543,810|_해외구매 | _정품_3,500,000|멀티팩(정품)_3,543,930|_해외구매 | _정품_3,500,000|멀티팩(정품)_3,544,050|_해외구매 | _정품_3,500,000|멀티팩(정품)_3,544,170|_해외구매 | _정품_3,500,000|멀티팩(정품)_3,544,200|_해외구매 | _정품_3,500,000|멀티팩(정품)_3,544,290|_해외구매 | _정품_3,500,000|멀티팩(정품)_3,544,310|_해외구매 | _정품_3,500,000|멀티팩(정품)_3,544,430|_해외구매 | _정품_3,500,000|멀티팩(정품)_3,544,550|_해외구매 | _정품_3,500,000|멀티팩(정품)_3,544,670|_해외구매 | _정품_3,500,000|멀티팩(정품)_3,544,790|_해외구매 | _정품_3,500,000|멀티팩(정품)_3,544,840|_해외구매 | _정품_3,500,000|멀티팩(정품)_3,545,030|_해외구매 | _정품_3,500,000|멀티팩(정품)_3,545,150|_해외구매 | _정품_3,500,000|멀티팩(정품)_3,545,270|_해외구매 | _정품_3,500,000|멀티팩(정품)_3,545,390|_해외구매 | _정품_3,500,000|멀티팩(정품)_3,545,510|_해외구매 | _정품_3,500,000|멀티팩(정품)_3,545,630|_해외구매 | _정품_3,500,000|멀티팩(정품)_3,545,750|_해외구매 | _정품_3,500,000|멀티팩(정품)_3,545,870|_해외구매 | _정품_3,500,000|멀티팩(정품)_3,545,990|_해외구매 | _정품_3,500,000|멀티팩(정품)_3,546,110|_해외구매 | _정품_3,500,000|멀티팩(정품)_3,546,230|_해외구매 | _정품_3,500,000|멀티팩(정품)_3,546,350|_해외구매 | _정품_3,500,000|멀티팩(정품)_3,546,380|_해외구매 | _정품_3,500,000|멀티팩(정품)_3,546,480|_해외구매 | _정품_3,500,000|멀티팩(정품)_3,546,570|_해외구매 | _정품_3,500,000|멀티팩(정품)_3,546,600|_해외구매 | _정품_3,500,000|멀티팩(정품)_3,617,110|_해외구매",4462000,4462000,4186660,4359650,4359650,4359650,4359650,4359650,4359650,4359650,4359650,4359650,4359650,4209400,4209390,4209390,4209390,4209390,4209390,4209390,4209390,4209390,4209390,4209390,4209390,4209390,4209390,4209390,4209390,4209390,4209390
17570783,AMD 라이젠 스레드리퍼 PRO 5995WX (샤갈 프로),AMD 라이젠 스레드리퍼 PRO 5995WX,샤갈 프로,정품,8254990,8254990,8254990,8254990,8254990,8254990,8254990,8254990,8254990,8254990,8254990,8254990,8254990,8254990,8300600,8300600,8300600,8300600,8300600,8300600,8300600,8300600,8300600,8300600,8300600,8300600,8300600,8300600,8300600,8300600,8300600
30143039,AMD 라이젠 스레드리퍼 PRO 7965WX (스톰 픽),AMD 라이젠 스레드리퍼 PRO 7965WX,스톰 픽,"_정품_3,773,000|_멀티팩(정품)",3652970,3650000,3649920,3649830,3649820,3649750,3649670,3649640,3649520,3649400,3649350,3649320,3649200,3649080,3649350,3649350,3649350,3649350,3649350,3649350,3649350,3649350,3649350,3649350,3649350,3649350,3649350,3649350,3649350,3649350,3649350
30131762,AMD 라이젠 스레드리퍼 PRO 7965WX (스톰 픽),AMD 라이젠 스레드리퍼 PRO 7965WX,스톰 픽,"_정품_3,773,000|_멀티팩(정품)",3652970,3650000,3649920,3649830,3649820,3649750,3649670,3649640,3649520,3649400,3649350,3649320,3649200,3649080,3649350,3649350,3649350,3649350,3649350,3649350,3649350,3649350,3649350,3649350,3649350,3649350,3649350,3649350,3649350,3649350,3649350
30143105,AMD 라이젠 스레드리퍼 PRO 7975WX (스톰 픽),AMD 라이젠 스레드리퍼 PRO 7975WX,스톰 픽,"_정품_5,650,000|_멀티팩(정품)",5324670,5324670,5310060,5324670,5324670,5324670,5324670,5324670,5324670,5324670,5324670,5324670,5324670,5324670,5324670,5324670,5324670,5324670,5324670,5324670,5324670,5324670,5324670,5324670,5324670,5324670,5324670,5324670,5324670,5324670,5324670
30131723,AMD 라이젠 스레드리퍼 PRO 7975WX (스톰 픽),AMD 라이젠 스레드리퍼 PRO 7975WX,스톰 픽,"_정품_5,650,000|_멀티팩(정품)",5324670,5324670,5310060,5324670,5324670,5324670,5324670,5324670,5324670,5324670,5324670,5324670,5324670,5324670,5324670,5324670,5324670,5324670,5324670,5324670,5324670,5324670,5324670,5324670,5324670,5324670,5324670,5324670,5324670,5324670,5324670
30143060,AMD 라이젠 스레드리퍼 PRO 7985WX (스톰 픽),AMD 라이젠 스레드리퍼 PRO 7985WX,스톰 픽,"_정품_10,700,000|_멀티팩(정품)",10221240,10221240,10221240,10221240,10221240,10221240,10221240,10221240,10221240,10221240,10221240,10221240,10221240,10221240,10221240,10221240,10221240,10221240,10221240,10221240,10221240,10221240,10221240,10221240,10221240,10221240,10221240,10221240,10221240,10221240,10221240
30131639,AMD 라이젠 스레드리퍼 PRO 7985WX (스톰 픽),AMD 라이젠 스레드리퍼 PRO 7985WX,스톰 픽,"_정품_10,700,000|_멀티팩(정품)",10221240,10221240,10221240,10221240,10221240,10221240,10221240,10221240,10221240,10221240,10221240,10221240,10221240,10221240,10221240,10221240,10221240,10221240,10221240,10221240,10221240,10221240,10221240,10221240,10221240,10221240,10221240,10221240,10221240,10221240,10221240
30142979,AMD 라이젠 스레드리퍼 PRO 7995WX (스톰 픽),AMD 라이젠 스레드리퍼 PRO 7995WX,스톰 픽,"_정품_14,800,000|_멀티팩(정품)",14089340,14089340,14089340,14089340,14089340,14089340,14089340,14089340,14089340,14089340,14089340,14089340,14089340,14089340,14089340,14089340,14089340,14089340,14089340,14089340,14089340,14089340,14089340,14089340,14089340,14089340,14089340,14089340,14089340,14089340,14089340
30131510,AMD 라이젠 스레드리퍼 PRO 7995WX (스톰 픽),AMD 라이젠 스레드리퍼 PRO 7995WX,스톰 픽,"_정품_14,800,000|_멀티팩(정품)",14089340,14089340,14089340,14089340,14089340,14089340,14089340,14089340,14089340,14089340,14089340,14089340,14089340,14089340,14089340,14089340,14089340,14089340,14089340,14089340,14089340,14089340,14089340,14089340,14089340,14089340,14089340,14089340,14089340,14089340,14089340
11876290,AMD 라이젠3 PRO 4350G (르누아르),AMD 라이젠3 PRO 4350G,르누아르,"_멀티팩(정품)_168,710|_해외구매_180,500|중고 | _멀티팩(정품)_168,710|_해외구매_180,510|중고 | _멀티팩(정품)_168,710|_해외구매_182,500|중고 | _멀티팩(정품)_175,940|_해외구매_180,500|중고 | _멀티팩(정품)_176,000|_해외구매_180,500|중고 | _멀티팩(정품)_194,000|_해외구매_174,900|중고 | _멀티팩(정품)_194,000|_해외구매_180,500|중고",83690,83690,81370,81990,81990,81990,81990,81990,81290,81290,81290,81290,81290,81290,81290,74990,74990,69750,82000,82000,82000,82000,82000,82000,82000,82000,82000,82000,82000,82000,82000
18172421,AMD 라이젠3-1세대 2200G (레이븐 릿지),AMD 라이젠3-1세대 2200G,레이븐 릿지,중고,38430,38420,29900,29900,29900,29900,29900,29900,29900,29900,29900,29900,29900,29900,37470,37370,37340,37220,37030,36980,36860,36740,36620,36500,36490,36460,36410,36380,37490,37460,37450
8460291,AMD 라이젠3-2세대 3200G (피카소),AMD 라이젠3-2세대 3200G,피카소,"_정품_88,250|_멀티팩(정품)_83,960|해외구매_155,500|중고 | _정품_88,350|_멀티팩(정품)_84,050|해외구매_149,900|중고 | _정품_88,350|_멀티팩(정품)_84,050|해외구매_155,500|중고 | _정품_88,460|_멀티팩(정품)_84,150|해외구매_153,700|중고 | _정품_88,630|_멀티팩(정품)_82,670|해외구매_155,500|중고 | _정품_88,880|_멀티팩(정품)_82,870|해외구매_155,500|중고 | _정품_88,880|_멀티팩(정품)_83,460|해외구매_155,500|중고 | _정품_88,880|_멀티팩(정품)_83,470|해외구매_151,000|중고 | _정품_88,880|_멀티팩(정품)_83,990|해외구매_151,000|중고 | _정품_88,910|_멀티팩(정품)_82,000|해외구매_151,000|중고 | _정품_88,910|_멀티팩(정품)_83,460|해외구매_151,000|중고 | _정품_89,090|_멀티팩(정품)_83,470|해외구매_155,500|중고 | _정품_89,290|_멀티팩(정품)_83,090|해외구매_155,500|중고 | _정품_89,400|_멀티팩(정품)_83,290|해외구매_155,500|중고 | _정품_89,400|_멀티팩(정품)_83,380|해외구매_136,000|중고 | _정품_89,400|_멀티팩(정품)_83,380|해외구매_155,500|중고 | _정품_89,400|_멀티팩(정품)_83,490|해외구매_136,000|중고 | _정품_89,400|_멀티팩(정품)_83,690|해외구매_136,000|중고 | _정품_89,400|_멀티팩(정품)_83,890|해외구매_136,000|중고 | _정품_89,440|_멀티팩(정품)_84,150|해외구매_155,500|중고 | 정품_89,920|_멀티팩(정품)_82,680|해외구매_155,500|_중고 | 정품_89,920|_멀티팩(정품)_82,860|해외구매_155,500|_중고 | 정품_89,920|_멀티팩(정품)_82,970|해외구매_155,500|_중고",62610,62610,62610,62610,62610,62610,62610,62610,62610,62610,62610,62610,62610,62610,62610,62490,62490,62490,59990,59990,59990,59990,57990,57990,57990,57990,57990,57990,57990,57990,57990
12625094,AMD 라이젠3-3세대 3300X (마티스),AMD 라이젠3-3세대 3300X,마티스,"_멀티팩(정품)_270,000|_해외구매_341,800|중고",62610,62610,62610,62610,62610,49000,49000,49000,62610,62610,62610,62610,62610,62610,62610,63990,63990,63990,63990,63990,63990,49000,49000,49000,49000,49000,49000,63990,63990,62990,62990
11876443,AMD 라이젠5 PRO 4650G (르누아르),AMD 라이젠5 PRO 4650G,르누아르,"_멀티팩(정품)_100,580|_해외구매 | _멀티팩(정품)_100,670|_해외구매 | _멀티팩(정품)_100,690|_해외구매 | _멀티팩(정품)_100,790|_해외구매 | _멀티팩(정품)_100,800|_해외구매 | _멀티팩(정품)_100,910|_해외구매 | _멀티팩(정품)_100,920|_해외구매 | _멀티팩(정품)_100,930|_해외구매 | _멀티팩(정품)_101,200|_해외구매 | _멀티팩(정품)_101,610|_해외구매 | _멀티팩(정품)_101,620|_해외구매 | _멀티팩(정품)_101,630|_해외구매 | _멀티팩(정품)_101,640|_해외구매 | _멀티팩(정품)_101,770|_해외구매 | _멀티팩(정품)_101,920|_해외구매 | _멀티팩(정품)_101,970|_해외구매 | _멀티팩(정품)_96,980|_해외구매 | _멀티팩(정품)_97,200|_해외구매 | _멀티팩(정품)_99,710|_해외구매 | _멀티팩(정품)_99,750|_해외구매 | _멀티팩(정품)_99,870|_해외구매",220700,220700,220700,220700,205700,205700,205700,205700,205700,205700,205700,205700,205700,205700,205700,205700,205700,205700,205700,205700,205700,205700,182000,182000,182000,182000,182000,182000,182000,182000,167870
29658575,AMD 라이젠5 PRO 7645 (라파엘),AMD 라이젠5 PRO 7645,라파엘,멀티팩(정품),346500,346500,346500,346500,346500,346500,346500,346500,346500,346500,346500,346500,346500,346500,346500,0,0,0,0,0,0,0,0,0,0,0,0,0,0,0,0
8141410,AMD 라이젠5-1세대 1400 (서밋 릿지),AMD 라이젠5-1세대 1400,서밋 릿지,중고,26210,26210,26210,26210,26210,24000,24000,24000,24000,24000,26210,26210,26210,26210,26210,26790,26790,26790,26790,26790,26790,26790,26790,26790,26790,26790,26790,26790,26790,26790,26790
18172463,AMD 라이젠5-1세대 1500X (서밋 릿지),AMD 라이젠5-1세대 1500X,서밋 릿지,중고,28490,28490,28490,28490,28490,28490,28490,28490,28490,28490,28490,28490,28490,28490,28490,29110,29110,29110,29110,29110,29110,29110,29110,29110,29110,29110,29110,29110,29110,29110,29110
13822442,AMD 라이젠5-1세대 1600 (서밋 릿지),AMD 라이젠5-1세대 1600,서밋 릿지,중고,45500,45500,45500,45500,45500,45500,45500,45500,45500,39860,39860,39860,39860,39860,39860,40740,40740,40740,40740,40740,40740,40740,33900,33900,33900,33900,33900,33900,33900,40740,40740
6333162,AMD 라이젠5-2세대 2600 (피나클 릿지),AMD 라이젠5-2세대 2600,피나클 릿지,해외구매,250870,250860,250850,250820,250730,250690,250610,250500,250380,250260,250140,250020,249900,249780,249660,249540,249420,249300,249110,249060,248940,248820,248700,248580,248570,248550,248520,248400,248280,248160,248150
11026104,AMD 라이젠5-2세대 2600X (피나클 릿지),AMD 라이젠5-2세대 2600X,피나클 릿지,"_해외구매_398,130|_중고 | _해외구매_398,990|_중고 | _해외구매_412,500|_중고",68250,68250,68250,68250,68250,68250,68250,68250,68250,62610,62610,62610,62610,62610,62610,63990,63990,63990,63990,63990,63990,63990,63990,63990,63990,63990,63990,63990,63990,58130,58130
10176534,AMD 라이젠5-2세대 3400G (피카소),AMD 라이젠5-2세대 3400G,피카소,멀티팩(정품),372600,372600,372600,372600,372600,372600,372600,372600,372600,372600,372600,372600,372600,372600,372600,372600,372600,372600,372600,372600,372600,372600,372600,372600,372600,372600,372600,372600,372600,372600,372600
12340073,AMD 라이젠5-3세대 3500 (마티스),AMD 라이젠5-3세대 3500,마티스,해외구매,186200,186200,186200,186200,186200,186200,186200,186200,186200,186200,186200,186200,186200,186200,186200,186200,186200,186200,186200,186200,186200,186200,186200,186200,186200,186200,186200,186200,186200,186200,186200
17744591,AMD 라이젠5-3세대 3500X (마티스),AMD 라이젠5-3세대 3500X,마티스,중고,68790,68790,68790,68790,68790,68790,68790,68790,68790,68790,68790,68790,68790,68790,68790,68790,68790,68790,68790,68790,68790,68790,68790,68790,68790,63990,63990,63990,63990,63990,63990
10861092,AMD 라이젠5-3세대 3600 (마티스),AMD 라이젠5-3세대 3600,마티스,"_멀티팩(정품)_173,410|_중고",75990,75990,75990,75990,73990,73990,73990,73990,73990,73990,73990,73990,73990,73990,73990,74400,73290,73290,73990,73990,72990,72990,72990,72990,72990,72990,72990,72990,72990,72990,72990
11024358,AMD 라이젠5-3세대 3600X (마티스),AMD 라이젠5-3세대 3600X,마티스,해외구매,293490,293490,293490,293490,293490,293490,293490,293490,293490,293490,293490,293490,293490,293490,293490,293490,293490,293490,293490,293490,293490,293490,293490,293490,293490,293490,293490,293490,293490,293490,293490
12339050,AMD 라이젠5-3세대 3600XT (마티스),AMD 라이젠5-3세대 3600XT,마티스,중고,96740,96740,96740,96740,96740,96740,96740,96740,96740,96740,96740,96740,96740,96740,96740,93000,93000,93000,93000,93000,93000,93000,93000,93000,93000,93000,93000,93000,93000,93000,93000
16740674,AMD 라이젠5-3세대 4500 (르누아르-X),AMD 라이젠5-3세대 4500,르누아르-X,멀티팩(정품),100150,100150,101110,101110,102900,102770,102770,102760,102650,102300,102060,102540,102410,102180,102060,102060,101820,101580,101330,103050,103050,103020,102780,102540,102530,103100,103090,103090,103090,103090,103090
17214128,AMD 라이젠5-3세대 4600G (르누아르),AMD 라이젠5-3세대 4600G,르누아르,"_멀티팩(정품)_108,140|_중고 | _멀티팩(정품)_108,240|_중고 | _멀티팩(정품)_108,360|_중고 | _멀티팩(정품)_108,480|_중고 | _멀티팩(정품)_108,600|_중고 | _멀티팩(정품)_108,630|_중고 | _멀티팩(정품)_108,740|_중고 | _멀티팩(정품)_108,750|_중고 | _멀티팩(정품)_108,760|_중고 | _멀티팩(정품)_108,830|_중고 | _멀티팩(정품)_121,250|_중고 | _멀티팩(정품)_121,260|_중고 | _멀티팩(정품)_121,380|_중고 | _멀티팩(정품)_121,500|_중고 | _멀티팩(정품)_121,530|_중고 | _멀티팩(정품)_121,580|_중고 | _멀티팩(정품)_121,610|_중고 | _멀티팩(정품)_121,620|_중고 | _멀티팩(정품)_121,650|_중고 | _멀티팩(정품)_121,750|_중고 | _멀티팩(정품)_121,860|_중고 | _멀티팩(정품)_121,980|_중고 | _멀티팩(정품)_122,030|_중고 | _멀티팩(정품)_122,220|_중고 | _멀티팩(정품)_122,340|_중고 | _멀티팩(정품)_122,460|_중고",108110,108110,108110,108110,108110,108110,108110,108110,108110,108110,108110,108110,108110,108110,108110,104630,104630,104630,104630,104630,104630,104630,104630,104630,104630,104630,104630,104630,104630,104630,104630
16740791,AMD 라이젠5-4세대 5500 (세잔),AMD 라이젠5-4세대 5500,세잔,"_정품_130,940|_해외구매 | _정품_131,560|_해외구매 | _정품_133,770|_해외구매 | _정품_134,820|_해외구매 | _정품_134,830|_해외구매 | 정품",99000,99000,99000,99000,99000,99000,99000,99000,134670,134210,133900,134830,134670,132830,132830,132830,134680,134360,133890,133890,133890,133740,134830,134520,134510,134890,134890,134890,134890,134890,134890
54218171,AMD 라이젠5-4세대 5500GT (세잔),AMD 라이젠5-4세대 5500GT,세잔,"_정품_139,710|_멀티팩(정품) | _정품_141,530|_멀티팩(정품) | _정품_142,710|_멀티팩(정품) | _정품_145,820|_멀티팩(정품) | _정품_147,030|_멀티팩(정품) | _정품_148,410|_멀티팩(정품) | _정품_148,500|_멀티팩(정품) | _정품_148,970|_멀티팩(정품) | _정품_152,370|_멀티팩(정품)",142200,138700,142390,142390,142230,142060,142060,137490,139800,142230,142140,141980,132930,132930,142560,142560,142550,139790,143150,143150,143140,143140,142120,142110,143090,143090,143090,143090,143090,143090,143090
34337198,AMD 라이젠5-4세대 5500GT (세잔),AMD 라이젠5-4세대 5500GT,세잔,"_정품_139,710|_멀티팩(정품) | _정품_141,530|_멀티팩(정품) | _정품_142,710|_멀티팩(정품) | _정품_145,820|_멀티팩(정품) | _정품_147,030|_멀티팩(정품) | _정품_148,410|_멀티팩(정품) | _정품_148,500|_멀티팩(정품) | _정품_148,970|_멀티팩(정품) | _정품_152,370|_멀티팩(정품)",142200,138700,142390,142390,142230,142060,142060,137490,139800,142230,142140,141980,132930,132930,142560,142560,142550,139790,143150,143150,143140,143140,142120,142110,143090,143090,143090,143090,143090,143090,143090
16741211,AMD 라이젠5-4세대 5600 (버미어),AMD 라이젠5-4세대 5600,버미어,"_정품_135,000|_멀티팩(정품)_121,970|해외구매 | _정품_135,000|_멀티팩(정품)_122,480|해외구매 | _정품_135,000|_멀티팩(정품)_123,810|해외구매 | _정품_135,000|_멀티팩(정품)_126,330|해외구매 | _정품_135,000|_멀티팩(정품)_126,610|해외구매 | _정품_135,000|_멀티팩(정품)_126,670|해외구매 | _정품_135,000|_멀티팩(정품)_127,310|해외구매 | _정품_135,000|_멀티팩(정품)_127,320|해외구매 | _정품_135,000|_멀티팩(정품)_127,330|해외구매 | _정품_135,000|_멀티팩(정품)_127,720|해외구매 | _정품_135,000|_멀티팩(정품)_128,780|해외구매 | _정품_135,000|_멀티팩(정품)_129,500|해외구매 | _정품_136,530|_멀티팩(정품)_124,500|해외구매 | _정품_136,610|_멀티팩(정품)_124,500|해외구매 | _정품_137,990|_멀티팩(정품)_132,750|해외구매 | _정품_138,000|_멀티팩(정품)_128,210|해외구매 | _정품_138,000|_멀티팩(정품)_130,240|해외구매 | _정품_138,000|_멀티팩(정품)_131,790|해외구매 | _정품_138,000|_멀티팩(정품)_131,940|해외구매 | _정품_138,000|_멀티팩(정품)_132,130|해외구매 | _정품_139,900|_멀티팩(정품)_132,740|해외구매 | _정품_141,150|_멀티팩(정품)_124,940|해외구매 | _정품_141,200|_멀티팩(정품)_125,840|해외구매 | _정품_142,000|_멀티팩(정품)_131,890|해외구매 | _정품_142,000|_멀티팩(정품)_132,840|해외구매",156940,156940,156940,156940,156940,156940,156940,156940,156940,156940,156940,156940,156940,156940,156940,157410,157410,157410,157410,157410,157410,157410,157260,157100,157100,163090,163060,162940,162850,162840,162780
17157083,AMD 라이젠5-4세대 5600 (버미어),AMD 라이젠5-4세대 5600,버미어,"_정품_135,000|_멀티팩(정품)_121,970|해외구매 | _정품_135,000|_멀티팩(정품)_122,480|해외구매 | _정품_135,000|_멀티팩(정품)_123,810|해외구매 | _정품_135,000|_멀티팩(정품)_126,330|해외구매 | _정품_135,000|_멀티팩(정품)_126,610|해외구매 | _정품_135,000|_멀티팩(정품)_126,670|해외구매 | _정품_135,000|_멀티팩(정품)_127,310|해외구매 | _정품_135,000|_멀티팩(정품)_127,320|해외구매 | _정품_135,000|_멀티팩(정품)_127,330|해외구매 | _정품_135,000|_멀티팩(정품)_127,720|해외구매 | _정품_135,000|_멀티팩(정품)_128,780|해외구매 | _정품_135,000|_멀티팩(정품)_129,500|해외구매 | _정품_136,530|_멀티팩(정품)_124,500|해외구매 | _정품_136,610|_멀티팩(정품)_124,500|해외구매 | _정품_137,990|_멀티팩(정품)_132,750|해외구매 | _정품_138,000|_멀티팩(정품)_128,210|해외구매 | _정품_138,000|_멀티팩(정품)_130,240|해외구매 | _정품_138,000|_멀티팩(정품)_131,790|해외구매 | _정품_138,000|_멀티팩(정품)_131,940|해외구매 | _정품_138,000|_멀티팩(정품)_132,130|해외구매 | _정품_139,900|_멀티팩(정품)_132,740|해외구매 | _정품_141,150|_멀티팩(정품)_124,940|해외구매 | _정품_141,200|_멀티팩(정품)_125,840|해외구매 | _정품_142,000|_멀티팩(정품)_131,890|해외구매 | _정품_142,000|_멀티팩(정품)_132,840|해외구매",156940,156940,156940,156940,156940,156940,156940,156940,156940,156940,156940,156940,156940,156940,156940,157410,157410,157410,157410,157410,157410,157410,157260,157100,157100,163090,163060,162940,162850,162840,162780
14927615,AMD 라이젠5-4세대 5600G (세잔),AMD 라이젠5-4세대 5600G,세잔,"_정품_169,310|_멀티팩(정품)_155,220|해외구매 | _정품_169,310|_멀티팩(정품)_164,250|해외구매 | _정품_169,310|_멀티팩(정품)_164,420|해외구매 | _정품_169,310|_멀티팩(정품)_164,580|해외구매 | _정품_169,310|_멀티팩(정품)_164,730|해외구매 | _정품_169,310|_멀티팩(정품)_168,560|해외구매 | _정품_169,310|_멀티팩(정품)_168,590|해외구매 | _정품_169,310|_멀티팩(정품)_168,610|해외구매 | _정품_169,310|_멀티팩(정품)_168,800|해외구매 | _정품_169,310|_멀티팩(정품)_170,830|해외구매 | _정품_169,310|_멀티팩(정품)_170,990|해외구매 | _정품_176,000|_멀티팩(정품)_171,990|해외구매 | _정품_178,500|_멀티팩(정품)_168,990|해외구매 | _정품_235,000|_멀티팩(정품)_169,000|해외구매 | _정품_235,000|_멀티팩(정품)_169,890|해외구매 | _정품_235,000|_멀티팩(정품)_171,360|해외구매 | _정품_235,000|_멀티팩(정품)_171,480|해외구매 | _정품_235,000|_멀티팩(정품)_171,490|해외구매 | _정품_251,690|_멀티팩(정품)_169,730|해외구매 | _정품_251,690|_멀티팩(정품)_169,800|해외구매 | _정품_251,690|_멀티팩(정품)_169,890|해외구매",161960,161880,156620,156590,158740,158640,158610,158490,158370,158250,158130,158010,157890,157770,157640,157540,157510,157390,157200,157150,157060,157030,156860,156380,156270,156230,156120,156090,155970,123290,123290
34337192,AMD 라이젠5-4세대 5600GT (세잔),AMD 라이젠5-4세대 5600GT,세잔,"_정품_169,980|_멀티팩(정품) | _정품_169,990|_멀티팩(정품) | _정품_170,000|_멀티팩(정품) | _정품_170,900|_멀티팩(정품) | 정품",166900,166690,166680,170030,168850,168140,168140,164260,168990,168230,167230,167050,167870,167870,169180,170000,171150,170100,168530,168530,168520,168520,168520,168510,168510,168500,167470,167460,167460,166810,166800
12621851,AMD 라이젠5-4세대 5600X (버미어),AMD 라이젠5-4세대 5600X,버미어,"_정품_173,480|_멀티팩(정품)_173,500|멀티팩(프리즘팩)_252,000|벌크_173,690|해외구매_147,870|중고 | _정품_174,510|_멀티팩(정품)_177,120|멀티팩(프리즘팩)_252,000|벌크_180,710|해외구매_147,870|중고 | _정품_174,510|_멀티팩(정품)_177,320|멀티팩(프리즘팩)_252,000|벌크_173,690|해외구매_147,870|중고 | _정품_174,930|_멀티팩(정품)_168,400|멀티팩(프리즘팩)_252,000|벌크_173,900|해외구매_147,870|중고 | _정품_175,330|_멀티팩(정품)_155,020|멀티팩(프리즘팩)_252,000|벌크_174,310|해외구매_147,870|중고 | _정품_175,340|_멀티팩(정품)_177,300|멀티팩(프리즘팩)_252,000|벌크_177,030|해외구매_147,870|중고 | _정품_175,540|_멀티팩(정품)_173,900|멀티팩(프리즘팩)_252,000|벌크_177,320|해외구매_147,870|중고 | _정품_175,540|_멀티팩(정품)_173,900|멀티팩(프리즘팩)_252,000|벌크_179,670|해외구매_147,870|중고 | _정품_175,550|_멀티팩(정품)_175,660|멀티팩(프리즘팩)_252,000|벌크_174,520|해외구매_147,870|중고 | _정품_175,760|_멀티팩(정품)_177,040|멀티팩(프리즘팩)_252,000|벌크_179,960|해외구매_147,870|중고 | _정품_176,170|_멀티팩(정품)_177,320|멀티팩(프리즘팩)_252,000|벌크_180,000|해외구매_147,870|중고 | _정품_176,590|_멀티팩(정품)_176,910|멀티팩(프리즘팩)_252,000|벌크_180,000|해외구매_147,870|중고 | _정품_176,790|_멀티팩(정품)_177,040|멀티팩(프리즘팩)_252,000|벌크_176,190|해외구매_147,870|중고 | _정품_176,900|_멀티팩(정품)_177,790|멀티팩(프리즘팩)_256,800|벌크_179,650|해외구매_146,220|중고 | _정품_176,990|_멀티팩(정품)_177,790|멀티팩(프리즘팩)_252,000|벌크_179,650|해외구매_146,220|중고 | _정품_177,000|_멀티팩(정품)_177,830|멀티팩(프리즘팩)_252,000|벌크_179,650|해외구매_135,470|중고 | _정품_177,200|_멀티팩(정품)_176,910|멀티팩(프리즘팩)_252,000|벌크_180,000|해외구매_147,870|중고 | _정품_177,210|_멀티팩(정품)_177,310|멀티팩(프리즘팩)_252,000|벌크_176,610|해외구매_147,870|중고 | _정품_177,300|_멀티팩(정품)_176,910|멀티팩(프리즘팩)_252,000|벌크_180,000|해외구매_147,870|중고 | _정품_177,330|_멀티팩(정품)_176,910|멀티팩(프리즘팩)_252,000|벌크_180,710|해외구매_147,870|중고 | _정품_177,420|_멀티팩(정품)_177,830|멀티팩(프리즘팩)_252,000|벌크_179,650|해외구매_135,790|중고 | _정품_177,830|_멀티팩(정품)_177,990|멀티팩(프리즘팩)_252,000|벌크_179,650|해외구매_147,870|중고 | _정품_178,030|_멀티팩(정품)_176,910|멀티팩(프리즘팩)_252,000|벌크_179,960|해외구매_147,870|중고 | _정품_178,030|_멀티팩(정품)_177,990|멀티팩(프리즘팩)_252,000|벌크_175,560|해외구매_147,870|중고 | _정품_178,030|_멀티팩(정품)_177,990|멀티팩(프리즘팩)_252,000|벌크_179,960|해외구매_147,870|중고 | _정품_178,570|_멀티팩(정품)_177,790|멀티팩(프리즘팩)_256,800|벌크_179,650|해외구매_146,220|중고 | _정품_178,660|_멀티팩(정품)_176,820|멀티팩(프리즘팩)_252,000|벌크_175,770|해외구매_147,870|중고 | _정품_178,680|_멀티팩(정품)_177,790|멀티팩(프리즘팩)_252,000|벌크_179,650|해외구매_146,220|중고 | _정품_178,710|_멀티팩(정품)_177,790|멀티팩(프리즘팩)_252,000|벌크_179,650|해외구매_146,220|중고 | _정품_178,720|_멀티팩(정품)_177,790|멀티팩(프리즘팩)_252,000|벌크_179,650|해외구매_146,220|중고",149000,149000,149000,149000,149000,149000,174990,174990,149000,149000,149000,149000,149000,174990,174990,174990,174990,174990,174990,174990,174990,174990,174990,174990,174990,162750,162750,162750,162750,144990,144990
21694499,AMD 라이젠5-5세대 7500F (라파엘),AMD 라이젠5-5세대 7500F,라파엘,"_멀티팩(정품)_179,740|_벌크_193,010|해외구매 | _멀티팩(정품)_185,500|_벌크_190,070|해외구매 | _멀티팩(정품)_186,540|_벌크_194,190|해외구매 | _멀티팩(정품)_187,930|_벌크_194,190|해외구매 | _멀티팩(정품)_188,980|_벌크_187,880|해외구매 | _멀티팩(정품)_189,380|_벌크_192,770|해외구매 | _멀티팩(정품)_189,400|_벌크_194,190|해외구매 | _멀티팩(정품)_189,410|_벌크_186,980|해외구매 | _멀티팩(정품)_189,490|_벌크_194,190|해외구매 | _멀티팩(정품)_189,510|_벌크_192,770|해외구매 | _멀티팩(정품)_189,620|_벌크_194,190|해외구매 | _멀티팩(정품)_189,680|_벌크_189,450|해외구매 | _멀티팩(정품)_189,890|_벌크_194,190|해외구매 | _멀티팩(정품)_189,930|_벌크_189,230|해외구매 | _멀티팩(정품)_189,980|_벌크_189,270|해외구매 | _멀티팩(정품)_189,990|_벌크_194,190|해외구매 | _멀티팩(정품)_190,020|_벌크_193,130|해외구매 | _멀티팩(정품)_190,400|_벌크_194,190|해외구매 | _멀티팩(정품)_190,530|_벌크_194,200|해외구매 | _멀티팩(정품)_190,840|_벌크_192,670|해외구매 | _멀티팩(정품)_190,890|_벌크_189,280|해외구매 | _멀티팩(정품)_190,920|_벌크_192,540|해외구매 | _멀티팩(정품)_191,240|_벌크_193,020|해외구매 | _멀티팩(정품)_191,890|_벌크_194,190|해외구매 | _멀티팩(정품)_193,190|_벌크_193,950|해외구매 | _멀티팩(정품)_193,530|_벌크_194,190|해외구매",200090,200090,198000,200090,200090,207790,207760,207420,207100,206430,205930,205430,205100,204980,204680,204350,204230,204110,203920,203870,203750,203630,203510,203390,196890,196890,196860,196740,196620,196500,196490
18718496,AMD 라이젠5-5세대 7600 (라파엘),AMD 라이젠5-5세대 7600,라파엘,"_정품_247,020|_멀티팩(정품)_243,960|벌크_243,840|해외구매 | _정품_247,310|_멀티팩(정품)_239,400|벌크_244,410|해외구매 | _정품_247,610|_멀티팩(정품)_239,400|벌크_245,210|해외구매 | _정품_248,190|_멀티팩(정품)_239,400|벌크_246,300|해외구매 | _정품_248,780|_멀티팩(정품)_239,400|벌크_246,880|해외구매 | _정품_249,640|_멀티팩(정품)_239,400|벌크_247,240|해외구매 | _정품_249,950|_멀티팩(정품)_239,400|벌크_241,580|해외구매 | _정품_250,230|_멀티팩(정품)_238,830|벌크_244,540|해외구매 | _정품_250,530|_멀티팩(정품)_238,830|벌크_244,850|해외구매 | _정품_251,120|_멀티팩(정품)_238,830|벌크_243,380|해외구매 | _정품_251,410|_멀티팩(정품)_238,830|벌크_241,370|해외구매 | _정품_251,970|_멀티팩(정품)_245,380|벌크_244,970|해외구매 | _정품_252,290|_멀티팩(정품)_243,960|벌크_249,410|해외구매 | _정품_252,290|_멀티팩(정품)_245,670|벌크_245,270|해외구매 | _정품_252,870|_멀티팩(정품)_243,960|벌크_242,090|해외구매 | _정품_252,970|_멀티팩(정품)_240,400|벌크_247,600|해외구매 | _정품_252,970|_멀티팩(정품)_241,000|벌크_247,600|해외구매 | _정품_252,970|_멀티팩(정품)_243,390|벌크_248,430|해외구매 | _정품_252,970|_멀티팩(정품)_243,670|벌크_248,430|해외구매 | _정품_252,970|_멀티팩(정품)_243,670|벌크_248,440|해외구매 | _정품_252,970|_멀티팩(정품)_243,680|벌크_243,100|해외구매 | _정품_252,970|_멀티팩(정품)_243,680|벌크_247,090|해외구매 | _정품_252,970|_멀티팩(정품)_243,680|벌크_248,210|해외구매 | _정품_252,970|_멀티팩(정품)_243,700|벌크_247,900|해외구매 | _정품_252,970|_멀티팩(정품)_243,760|벌크_248,200|해외구매 | _정품_253,950|_멀티팩(정품)_243,000|벌크_246,020|해외구매 | _정품_253,960|_멀티팩(정품)_240,000|벌크_247,090|해외구매",234870,234860,229730,229660,229660,229620,229560,229530,229410,229290,229170,229050,229010,228890,228770,228650,228530,228410,228220,228170,228050,227930,227810,227690,227680,227650,227600,227570,227450,227330,227320
18718481,AMD 라이젠5-5세대 7600 (라파엘),AMD 라이젠5-5세대 7600,라파엘,"_정품_247,020|_멀티팩(정품)_243,960|벌크_243,840|해외구매 | _정품_247,310|_멀티팩(정품)_239,400|벌크_244,410|해외구매 | _정품_247,610|_멀티팩(정품)_239,400|벌크_245,210|해외구매 | _정품_248,190|_멀티팩(정품)_239,400|벌크_246,300|해외구매 | _정품_248,780|_멀티팩(정품)_239,400|벌크_246,880|해외구매 | _정품_249,640|_멀티팩(정품)_239,400|벌크_247,240|해외구매 | _정품_249,950|_멀티팩(정품)_239,400|벌크_241,580|해외구매 | _정품_250,230|_멀티팩(정품)_238,830|벌크_244,540|해외구매 | _정품_250,530|_멀티팩(정품)_238,830|벌크_244,850|해외구매 | _정품_251,120|_멀티팩(정품)_238,830|벌크_243,380|해외구매 | _정품_251,410|_멀티팩(정품)_238,830|벌크_241,370|해외구매 | _정품_251,970|_멀티팩(정품)_245,380|벌크_244,970|해외구매 | _정품_252,290|_멀티팩(정품)_243,960|벌크_249,410|해외구매 | _정품_252,290|_멀티팩(정품)_245,670|벌크_245,270|해외구매 | _정품_252,870|_멀티팩(정품)_243,960|벌크_242,090|해외구매 | _정품_252,970|_멀티팩(정품)_240,400|벌크_247,600|해외구매 | _정품_252,970|_멀티팩(정품)_241,000|벌크_247,600|해외구매 | _정품_252,970|_멀티팩(정품)_243,390|벌크_248,430|해외구매 | _정품_252,970|_멀티팩(정품)_243,670|벌크_248,430|해외구매 | _정품_252,970|_멀티팩(정품)_243,670|벌크_248,440|해외구매 | _정품_252,970|_멀티팩(정품)_243,680|벌크_243,100|해외구매 | _정품_252,970|_멀티팩(정품)_243,680|벌크_247,090|해외구매 | _정품_252,970|_멀티팩(정품)_243,680|벌크_248,210|해외구매 | _정품_252,970|_멀티팩(정품)_243,700|벌크_247,900|해외구매 | _정품_252,970|_멀티팩(정품)_243,760|벌크_248,200|해외구매 | _정품_253,950|_멀티팩(정품)_243,000|벌크_246,020|해외구매 | _정품_253,960|_멀티팩(정품)_240,000|벌크_247,090|해외구매",234870,234860,229730,229660,229660,229620,229560,229530,229410,229290,229170,229050,229010,228890,228770,228650,228530,228410,228220,228170,228050,227930,227810,227690,227680,227650,227600,227570,227450,227330,227320
27757619,AMD 라이젠5-5세대 7600X (라파엘),AMD 라이젠5-5세대 7600X,라파엘,"_정품_288,690|멀티팩(정품)_277,820|_해외구매 | _정품_294,300|멀티팩(정품)_266,940|_해외구매 | _정품_294,300|멀티팩(정품)_278,730|_해외구매 | _정품_300,700|멀티팩(정품)_266,940|_해외구매 | _정품_300,700|멀티팩(정품)_267,250|_해외구매 | _정품_300,700|멀티팩(정품)_267,260|_해외구매 | _정품_300,700|멀티팩(정품)_267,270|_해외구매 | _정품_300,700|멀티팩(정품)_278,740|_해외구매 | _정품_300,700|멀티팩(정품)_278,840|_해외구매 | _정품_300,700|멀티팩(정품)_279,050|_해외구매 | _정품_302,380|멀티팩(정품)_272,630|_해외구매 | _정품_302,380|멀티팩(정품)_272,640|_해외구매 | _정품_304,100|멀티팩(정품)_273,650|_해외구매 | _정품_304,100|멀티팩(정품)_273,660|_해외구매 | _정품_304,670|멀티팩(정품)_275,440|_해외구매 | _정품_305,240|멀티팩(정품)_269,500|_해외구매 | _정품_305,240|멀티팩(정품)_271,090|_해외구매 | _정품_305,810|멀티팩(정품)_266,940|_해외구매 | _정품_305,810|멀티팩(정품)_275,910|_해외구매 | _정품_305,810|멀티팩(정품)_276,480|_해외구매 | _정품_305,810|멀티팩(정품)_276,990|_해외구매",269310,269300,265960,265880,265880,265840,265760,265650,265530,265410,265290,265170,265050,264930,264810,264690,264570,264450,264260,264210,264090,263970,263850,222670,222670,222670,222670,222670,222670,222670,222670
17913311,AMD 라이젠5-5세대 7600X (라파엘),AMD 라이젠5-5세대 7600X,라파엘,"_정품_288,690|멀티팩(정품)_277,820|_해외구매 | _정품_294,300|멀티팩(정품)_266,940|_해외구매 | _정품_294,300|멀티팩(정품)_278,730|_해외구매 | _정품_300,700|멀티팩(정품)_266,940|_해외구매 | _정품_300,700|멀티팩(정품)_267,250|_해외구매 | _정품_300,700|멀티팩(정품)_267,260|_해외구매 | _정품_300,700|멀티팩(정품)_267,270|_해외구매 | _정품_300,700|멀티팩(정품)_278,740|_해외구매 | _정품_300,700|멀티팩(정품)_278,840|_해외구매 | _정품_300,700|멀티팩(정품)_279,050|_해외구매 | _정품_302,380|멀티팩(정품)_272,630|_해외구매 | _정품_302,380|멀티팩(정품)_272,640|_해외구매 | _정품_304,100|멀티팩(정품)_273,650|_해외구매 | _정품_304,100|멀티팩(정품)_273,660|_해외구매 | _정품_304,670|멀티팩(정품)_275,440|_해외구매 | _정품_305,240|멀티팩(정품)_269,500|_해외구매 | _정품_305,240|멀티팩(정품)_271,090|_해외구매 | _정품_305,810|멀티팩(정품)_266,940|_해외구매 | _정품_305,810|멀티팩(정품)_275,910|_해외구매 | _정품_305,810|멀티팩(정품)_276,480|_해외구매 | _정품_305,810|멀티팩(정품)_276,990|_해외구매",269310,269300,265960,265880,265880,265840,265760,265650,265530,265410,265290,265170,265050,264930,264810,264690,264570,264450,264260,264210,264090,263970,263850,222670,222670,222670,222670,222670,222670,222670,222670
53626130,AMD 라이젠5-5세대 8400F (피닉스),AMD 라이젠5-5세대 8400F,피닉스,멀티팩(정품),209180,208800,209050,209050,209050,199000,199000,199000,199000,199000,197000,197000,197000,215620,215380,215620,218590,218580,218090,218090,218080,217880,217030,217020,215990,215980,215970,215970,215970,215970,215970
34336130,AMD 라이젠5-5세대 8500G (피닉스),AMD 라이젠5-5세대 8500G,피닉스,"_정품_200,320|_멀티팩(정품)_201,210|해외구매 | _정품_202,400|_멀티팩(정품)_201,210|해외구매 | 정품",190780,190310,198050,200820,190310,190310,190310,190310,190310,194860,200760,200330,191200,191200,195990,195990,198840,198510,200350,200350,200340,191860,200110,200090,200320,200310,200310,200310,200310,213340,213340
34336475,AMD 라이젠5-5세대 8600G (피닉스),AMD 라이젠5-5세대 8600G,피닉스,"_정품_246,620|_해외구매 | _정품_246,630|_해외구매 | _정품_250,570|멀티팩(정품)_가격비교예정|_해외구매 | _정품_253,530|_해외구매 | _정품_253,640|_해외구매 | _정품_254,150|_해외구매 | _정품_254,820|멀티팩(정품)_가격비교예정|_해외구매 | _정품_255,740|_해외구매 | _정품_255,950|_해외구매 | _정품_256,930|멀티팩(정품)_가격비교예정|_해외구매 | _정품_257,990|멀티팩(정품)_가격비교예정|_해외구매 | _정품_258,380|_해외구매 | _정품_262,890|멀티팩(정품)_가격비교예정|_해외구매 | _정품_262,990|멀티팩(정품)_가격비교예정|_해외구매 | _정품_263,450|멀티팩(정품)_264,800|_해외구매 | _정품_263,450|멀티팩(정품)_가격비교예정|_해외구매 | _정품_264,910|_해외구매 | _정품_265,500|_해외구매 | _정품_266,110|_해외구매 | _정품_266,160|_해외구매 | _정품_266,250|_해외구매",300980,300980,300900,300820,300810,301530,301530,301530,301530,301530,301530,301530,301530,301530,301530,301530,301530,301540,301540,301540,301540,301540,301540,301540,301540,269990,269990,269990,269990,269990,269990
15276365,AMD 라이젠7 PRO 4750G (르누아르),AMD 라이젠7 PRO 4750G,르누아르,해외구매,230460,230460,230460,230460,230460,230460,230460,230460,230460,230460,230460,230460,230460,230460,230460,230460,230460,230460,230460,230460,230460,230460,230460,230460,230460,230460,230460,230460,230460,230460,230460
29658509,AMD 라이젠7 PRO 7745 (라파엘),AMD 라이젠7 PRO 7745,라파엘,멀티팩(정품),509250,509250,509250,509250,509250,509250,509250,509250,509250,509250,509250,509250,509250,509250,509250,509250,509250,509250,509250,509250,509250,509250,509250,509250,509250,0,0,0,0,0,0
5565805,AMD 라이젠7-1세대 1700 (서밋 릿지),AMD 라이젠7-1세대 1700,서밋 릿지,"_해외구매_205,950|_중고",47900,47900,47900,47900,47900,47900,47900,47900,47900,47900,47900,47900,47900,47900,47900,47900,47900,46990,46990,46990,46990,46990,46990,46990,46990,46990,46990,46990,46990,46990,46990
11036691,AMD 라이젠7-1세대 1700X (서밋 릿지),AMD 라이젠7-1세대 1700X,서밋 릿지,중고,0,68250,68250,68250,68250,68250,68250,68250,68250,62610,62610,62610,62610,62610,0,0,63990,63990,63990,63990,63990,63990,66790,66790,66790,66790,66790,66790,66790,66790,66790
4929101,AMD 라이젠7-1세대 1800X (서밋 릿지),AMD 라이젠7-1세대 1800X,서밋 릿지,"_정품_659,550|_중고",91000,91000,91000,91000,91000,91000,91000,91000,85360,85360,85360,85360,85360,85360,85360,87240,87240,87240,87240,87240,87240,87240,87240,87240,87240,87240,87240,87240,87240,75610,75610
13837388,AMD 라이젠7-2세대 2700X (피나클 릿지),AMD 라이젠7-2세대 2700X,피나클 릿지,중고,85360,85360,85360,85360,85360,85360,85360,85360,73990,73990,73990,73990,73990,73990,73990,75610,75610,75610,75610,75610,75610,75610,75610,75610,75610,75610,75610,75610,75610,70680,70680
8459829,AMD 라이젠7-3세대 3700X (마티스),AMD 라이젠7-3세대 3700X,마티스,"_정품_399,000|_멀티팩(정품)_405,000|중고",125000,125000,125000,125000,125000,125000,125000,125000,125000,0,120000,120000,120000,120000,120000,143790,143790,143790,118000,118000,118000,118000,118000,118000,118000,118000,118000,118000,118000,118000,118000
9421629,AMD 라이젠7-3세대 3700X (마티스),AMD 라이젠7-3세대 3700X,마티스,"_멀티팩(정품)_405,000|_중고",0,0,0,0,0,0,0,0,0,120000,0,0,0,0,0,0,0,0,0,0,0,0,0,0,0,0,0,0,0,0,0
8459781,AMD 라이젠7-3세대 3800X (마티스),AMD 라이젠7-3세대 3800X,마티스,"_정품_560,760|_해외구매",496420,496420,496420,496420,496420,136000,136000,136000,136000,136000,136000,136000,136000,136000,136000,496420,496420,496420,136000,136000,136000,136000,136000,136000,136000,136000,136000,136000,136000,136000,136000
11756552,AMD 라이젠7-3세대 3800XT (마티스),AMD 라이젠7-3세대 3800XT,마티스,"_정품_1,384,700|_중고",182000,182000,182000,182000,182000,182000,182000,182000,170630,170630,170630,170630,170630,170630,170630,151130,151130,151130,151130,151130,151130,151130,151130,151130,151130,151130,151130,151130,151130,151130,151130
34337090,AMD 라이젠7-4세대 5700 (세잔),AMD 라이젠7-4세대 5700,세잔,멀티팩(정품),198920,198000,204400,204870,201300,209040,209040,198920,206080,204960,204480,204240,200890,200890,200910,200890,204960,204960,204990,204990,204990,196680,204960,204480,204470,204990,204990,204990,204990,204990,204990
14927753,AMD 라이젠7-4세대 5700G (세잔),AMD 라이젠7-4세대 5700G,세잔,"_정품_290,390|_멀티팩(정품)_256,300|해외구매 | _정품_290,390|_멀티팩(정품)_261,190|해외구매 | _정품_290,390|_멀티팩(정품)_261,500|해외구매 | _정품_290,390|_멀티팩(정품)_262,110|해외구매 | _정품_290,390|_멀티팩(정품)_262,720|해외구매 | _정품_290,390|_멀티팩(정품)_263,630|해외구매 | _정품_290,390|_멀티팩(정품)_263,930|해외구매 | _정품_290,390|_멀티팩(정품)_263,940|해외구매 | _정품_290,390|_멀티팩(정품)_264,250|해외구매 | _정품_290,390|_멀티팩(정품)_264,860|해외구매 | _정품_290,390|_멀티팩(정품)_265,170|해외구매 | _정품_290,390|_멀티팩(정품)_266,870|해외구매 | _정품_340,330|_멀티팩(정품)_266,870|해외구매",277630,277630,277630,277630,277630,277630,277630,277630,277630,277630,277630,277630,277630,277630,279250,279250,279250,279250,279250,279250,279250,279250,279250,279250,279250,306890,306890,306890,306890,306890,306890
16741349,AMD 라이젠7-4세대 5700X (버미어),AMD 라이젠7-4세대 5700X,버미어,"_멀티팩(정품)_207,500|_벌크 | _멀티팩(정품)_210,850|_벌크 | _멀티팩(정품)_211,970|_벌크 | _멀티팩(정품)_214,680|_벌크 | _멀티팩(정품)_214,930|_벌크 | _멀티팩(정품)_215,160|_벌크 | _멀티팩(정품)_215,940|_벌크 | _멀티팩(정품)_216,390|_벌크 | _멀티팩(정품)_216,400|_벌크 | _멀티팩(정품)_216,460|_벌크 | _멀티팩(정품)_216,990|_벌크 | _멀티팩(정품)_217,020|_벌크 | _멀티팩(정품)_217,720|_벌크 | _멀티팩(정품)_218,640|_벌크 | _멀티팩(정품)_219,000|_벌크 | _멀티팩(정품)_219,070|_벌크 | _멀티팩(정품)_219,160|_벌크 | _멀티팩(정품)_219,420|_벌크 | _멀티팩(정품)_219,510|_벌크 | _멀티팩(정품)_219,780|_벌크",220740,220740,218880,221390,221650,221390,221400,222500,222420,221380,221380,221380,221310,216920,216530,216020,220100,218570,219310,219310,219310,219310,219310,218310,218300,218300,218300,218300,218300,218300,218300
34336865,AMD 라이젠7-4세대 5700X3D (버미어),AMD 라이젠7-4세대 5700X3D,버미어,"_멀티팩(정품)_273,400|_해외구매 | _멀티팩(정품)_279,160|_해외구매 | _멀티팩(정품)_282,400|_해외구매 | _멀티팩(정품)_283,070|_해외구매 | _멀티팩(정품)_283,310|_해외구매 | _멀티팩(정품)_283,320|_해외구매 | _멀티팩(정품)_283,400|_해외구매 | _멀티팩(정품)_283,590|_해외구매 | _멀티팩(정품)_283,710|_해외구매 | _멀티팩(정품)_284,140|_해외구매 | _멀티팩(정품)_284,800|_해외구매 | _멀티팩(정품)_284,890|_해외구매 | _멀티팩(정품)_285,390|_해외구매 | _멀티팩(정품)_285,830|_해외구매 | _멀티팩(정품)_286,410|_해외구매 | _멀티팩(정품)_286,710|_해외구매 | _멀티팩(정품)_287,270|_해외구매 | _멀티팩(정품)_287,510|_해외구매 | _멀티팩(정품)_288,500|_해외구매",233940,233860,230600,234280,234280,194400,194400,224710,234280,234280,234280,234280,234280,234280,234280,234280,234280,234280,234280,234280,234280,234280,239070,219330,219300,219210,219180,219070,219040,219320,219310
12621953,AMD 라이젠7-4세대 5800X (버미어),AMD 라이젠7-4세대 5800X,버미어,"_정품_480,000|_멀티팩(정품)_320,910|벌크_320,640|해외구매_283,140|중고 | _정품_480,000|_멀티팩(정품)_320,910|벌크_320,640|해외구매_317,610|중고 | _정품_572,000|_멀티팩(정품)_320,510|벌크_320,640|해외구매_317,610|중고 | _정품_572,000|_멀티팩(정품)_320,630|벌크_320,640|해외구매_317,610|중고 | _정품_572,000|_멀티팩(정품)_320,750|벌크_320,640|해외구매_289,360|중고 | _정품_572,000|_멀티팩(정품)_320,910|벌크_320,640|해외구매_283,140|중고 | _정품_611,000|_멀티팩(정품)_318,170|벌크_320,640|해외구매_317,610|중고 | _정품_611,000|_멀티팩(정품)_318,910|벌크_320,640|해외구매_317,610|중고 | _정품_611,000|_멀티팩(정품)_319,640|벌크_320,640|해외구매_317,610|중고 | _정품_611,000|_멀티팩(정품)_319,810|벌크_320,640|해외구매_317,610|중고 | _정품_611,000|_멀티팩(정품)_319,930|벌크_320,640|해외구매_317,610|중고 | _정품_611,000|_멀티팩(정품)_319,970|벌크_320,640|해외구매_317,610|중고 | _정품_618,170|_멀티팩(정품)_318,160|벌크_320,640|해외구매_317,610|중고 | _정품_631,750|_멀티팩(정품)_306,130|벌크_320,640|해외구매_317,610|중고 | _정품_631,750|_멀티팩(정품)_320,910|벌크_320,640|해외구매_317,610|중고",510000,510000,510000,510000,510000,510000,510000,510000,510000,510000,295000,295000,295000,295000,295000,295000,295000,295000,239000,239000,239000,239000,239000,239000,239000,280000,280000,280000,280000,280000,280000
16872089,AMD 라이젠7-4세대 5800X3D (버미어),AMD 라이젠7-4세대 5800X3D,버미어,"_정품_483,980|멀티팩(정품)_497,390|_해외구매 | _정품_483,980|멀티팩(정품)_497,400|_해외구매 | _정품_483,980|멀티팩(정품)_497,640|_해외구매 | _정품_483,980|멀티팩(정품)_497,670|_해외구매 | _정품_483,980|멀티팩(정품)_497,720|_해외구매 | _정품_483,980|멀티팩(정품)_497,750|_해외구매 | _정품_483,980|멀티팩(정품)_497,760|_해외구매 | _정품_483,980|멀티팩(정품)_497,880|_해외구매 | _정품_483,990|멀티팩(정품)_497,520|_해외구매 | _정품_492,310|멀티팩(정품)_498,960|_해외구매 | _정품_492,310|멀티팩(정품)_499,080|_해외구매 | _정품_492,310|멀티팩(정품)_499,200|_해외구매 | _정품_492,310|멀티팩(정품)_499,320|_해외구매 | _정품_492,340|멀티팩(정품)_499,440|_해외구매 | _정품_492,390|멀티팩(정품)_499,560|_해외구매 | _정품_492,390|멀티팩(정품)_499,680|_해외구매 | _정품_492,390|멀티팩(정품)_499,800|_해외구매 | _정품_492,390|멀티팩(정품)_499,830|_해외구매 | _정품_492,390|멀티팩(정품)_514,680|_해외구매 | _정품_492,390|멀티팩(정품)_514,690|_해외구매 | _정품_492,400|멀티팩(정품)_499,940|_해외구매 | _정품_492,400|멀티팩(정품)_514,590|_해외구매 | _정품_495,030|멀티팩(정품)_498,000|_해외구매 | _정품_495,030|멀티팩(정품)_498,120|_해외구매 | _정품_495,030|멀티팩(정품)_498,240|_해외구매 | _정품_495,030|멀티팩(정품)_498,290|_해외구매 | _정품_495,030|멀티팩(정품)_498,480|_해외구매 | _정품_495,030|멀티팩(정품)_498,600|_해외구매 | _정품_495,030|멀티팩(정품)_498,720|_해외구매 | _정품_495,030|멀티팩(정품)_498,840|_해외구매 | _정품_497,650|멀티팩(정품)_514,610|_해외구매",572100,572100,572100,572100,572100,572100,572100,572100,572100,572100,572100,572100,572100,572100,572100,572100,572100,572100,572100,572100,572100,572100,572100,572100,572100,572100,572100,572100,572100,572100,572100
18718538,AMD 라이젠7-5세대 7700 (라파엘),AMD 라이젠7-5세대 7700,라파엘,"_정품_359,090|_멀티팩(정품)_352,770|해외구매 | _정품_359,100|_멀티팩(정품)_352,770|해외구매 | _정품_364,160|_멀티팩(정품)_352,240|해외구매 | _정품_366,240|_멀티팩(정품)_336,680|해외구매 | _정품_366,240|_멀티팩(정품)_352,780|해외구매 | _정품_366,240|_멀티팩(정품)_353,020|해외구매 | _정품_366,250|_멀티팩(정품)_352,700|해외구매 | _정품_366,250|_멀티팩(정품)_353,030|해외구매 | _정품_366,760|_멀티팩(정품)_342,200|해외구매 | _정품_366,760|_멀티팩(정품)_343,840|해외구매 | _정품_366,760|_멀티팩(정품)_343,910|해외구매 | _정품_366,760|_멀티팩(정품)_349,980|해외구매 | _정품_366,760|_멀티팩(정품)_350,400|해외구매 | _정품_366,760|_멀티팩(정품)_352,440|해외구매 | _정품_370,130|_멀티팩(정품)_343,820|해외구매 | _정품_370,130|_멀티팩(정품)_348,230|해외구매 | _정품_370,650|_멀티팩(정품)_342,910|해외구매 | _정품_370,650|_멀티팩(정품)_348,240|해외구매 | _정품_370,650|_멀티팩(정품)_351,220|해외구매 | _정품_370,650|_멀티팩(정품)_351,930|해외구매",284810,284810,284750,284670,284660,284550,284520,284400,284280,284160,284040,283920,283800,283680,283560,283440,283320,283200,283010,282960,282840,282750,282720,282620,282520,282460,282430,282310,282180,282050,282040
18718532,AMD 라이젠7-5세대 7700 (라파엘),AMD 라이젠7-5세대 7700,라파엘,"_정품_359,090|_멀티팩(정품)_352,770|해외구매 | _정품_359,100|_멀티팩(정품)_352,770|해외구매 | _정품_364,160|_멀티팩(정품)_352,240|해외구매 | _정품_366,240|_멀티팩(정품)_336,680|해외구매 | _정품_366,240|_멀티팩(정품)_352,780|해외구매 | _정품_366,240|_멀티팩(정품)_353,020|해외구매 | _정품_366,250|_멀티팩(정품)_352,700|해외구매 | _정품_366,250|_멀티팩(정품)_353,030|해외구매 | _정품_366,760|_멀티팩(정품)_342,200|해외구매 | _정품_366,760|_멀티팩(정품)_343,840|해외구매 | _정품_366,760|_멀티팩(정품)_343,910|해외구매 | _정품_366,760|_멀티팩(정품)_349,980|해외구매 | _정품_366,760|_멀티팩(정품)_350,400|해외구매 | _정품_366,760|_멀티팩(정품)_352,440|해외구매 | _정품_370,130|_멀티팩(정품)_343,820|해외구매 | _정품_370,130|_멀티팩(정품)_348,230|해외구매 | _정품_370,650|_멀티팩(정품)_342,910|해외구매 | _정품_370,650|_멀티팩(정품)_348,240|해외구매 | _정품_370,650|_멀티팩(정품)_351,220|해외구매 | _정품_370,650|_멀티팩(정품)_351,930|해외구매",284810,284810,284750,284670,284660,284550,284520,284400,284280,284160,284040,283920,283800,283680,283560,283440,283320,283200,283010,282960,282840,282750,282720,282620,282520,282460,282430,282310,282180,282050,282040
27945140,AMD 라이젠7-5세대 7700X (라파엘),AMD 라이젠7-5세대 7700X,라파엘,"_정품_474,300|멀티팩(정품)_418,510|_해외구매 | _정품_510,000|_멀티팩(정품) | _정품_510,000|멀티팩(정품)_408,300|_해외구매 | _정품_510,000|멀티팩(정품)_414,980|_해외구매 | _정품_510,000|멀티팩(정품)_414,990|_해외구매 | _정품_510,000|멀티팩(정품)_416,480|_해외구매 | _정품_510,000|멀티팩(정품)_417,050|_해외구매 | _정품_510,000|멀티팩(정품)_418,020|_해외구매 | _정품_510,000|멀티팩(정품)_419,460|_해외구매 | _정품_510,000|멀티팩(정품)_419,960|_해외구매",552000,552000,552000,710000,710000,710000,416360,416080,415580,414140,413170,412190,411710,411710,414620,413650,412680,411710,410240,410240,410240,409770,408800,653010,653010,733890,733890,733890,733890,733890,733890
17913710,AMD 라이젠7-5세대 7700X (라파엘),AMD 라이젠7-5세대 7700X,라파엘,"_정품_474,300|멀티팩(정품)_418,510|_해외구매 | _정품_510,000|_멀티팩(정품) | _정품_510,000|멀티팩(정품)_408,300|_해외구매 | _정품_510,000|멀티팩(정품)_414,980|_해외구매 | _정품_510,000|멀티팩(정품)_414,990|_해외구매 | _정품_510,000|멀티팩(정품)_416,480|_해외구매 | _정품_510,000|멀티팩(정품)_417,050|_해외구매 | _정품_510,000|멀티팩(정품)_418,020|_해외구매 | _정품_510,000|멀티팩(정품)_419,460|_해외구매 | _정품_510,000|멀티팩(정품)_419,960|_해외구매",552000,552000,552000,710000,710000,710000,416360,416080,415580,414140,413170,412190,411710,411710,414620,413650,412680,411710,410240,410240,410240,409770,408800,653010,653010,733890,733890,733890,733890,733890,733890
19627934,AMD 라이젠7-5세대 7800X3D (라파엘),AMD 라이젠7-5세대 7800X3D,라파엘,"_정품_495,750|_멀티팩(정품)_511,500|해외구매 | _정품_506,710|_멀티팩(정품)_496,510|해외구매 | _정품_507,900|_멀티팩(정품)_507,820|해외구매 | _정품_510,350|_멀티팩(정품)_505,960|해외구매 | _정품_513,280|_멀티팩(정품)_513,900|해외구매 | _정품_513,630|_멀티팩(정품)_501,750|해외구매 | _정품_515,600|_멀티팩(정품)_487,390|해외구매 | _정품_516,250|_멀티팩(정품)_496,930|해외구매 | _정품_517,590|_멀티팩(정품)_497,640|해외구매 | _정품_517,600|_멀티팩(정품)_510,300|해외구매 | _정품_517,800|_멀티팩(정품)_509,990|해외구매 | _정품_517,800|_멀티팩(정품)_510,100|해외구매 | _정품_518,000|_멀티팩(정품)_509,990|해외구매 | _정품_519,600|_멀티팩(정품)_498,260|해외구매 | _정품_519,600|_멀티팩(정품)_507,820|해외구매 | _정품_519,610|_멀티팩(정품)_507,820|해외구매 | _정품_519,670|_멀티팩(정품)_520,670|해외구매 | _정품_519,800|_멀티팩(정품)_507,820|해외구매 | _정품_519,830|_멀티팩(정품)_520,880|해외구매 | _정품_521,500|_멀티팩(정품)_520,980|해외구매 | _정품_523,620|_멀티팩(정품)_516,040|해외구매 | _정품_523,620|_멀티팩(정품)_517,700|해외구매 | _정품_523,990|_멀티팩(정품)_511,410|해외구매 | _정품_524,890|_멀티팩(정품)_507,820|해외구매 | _정품_524,900|_멀티팩(정품)_507,820|해외구매 | _정품_525,010|_멀티팩(정품)_505,950|해외구매 | _정품_527,710|_멀티팩(정품)_500,640|해외구매 | _정품_527,850|_멀티팩(정품)_500,640|해외구매 | _정품_527,900|_멀티팩(정품)_500,640|해외구매 | _정품_529,550|_멀티팩(정품)_519,100|해외구매 | _정품_530,900|_멀티팩(정품)_519,990|해외구매",442320,442320,442320,442320,442320,442320,442320,442320,442320,448430,448400,448280,448210,448110,448080,447970,447940,447830,447720,447690,447650,447520,447410,447380,447370,447340,447230,447200,447070,446940,446930
19627808,AMD 라이젠7-5세대 7800X3D (라파엘),AMD 라이젠7-5세대 7800X3D,라파엘,"_정품_495,750|_멀티팩(정품)_511,500|해외구매 | _정품_506,710|_멀티팩(정품)_496,510|해외구매 | _정품_507,900|_멀티팩(정품)_507,820|해외구매 | _정품_510,350|_멀티팩(정품)_505,960|해외구매 | _정품_513,280|_멀티팩(정품)_513,900|해외구매 | _정품_513,630|_멀티팩(정품)_501,750|해외구매 | _정품_515,600|_멀티팩(정품)_487,390|해외구매 | _정품_516,250|_멀티팩(정품)_496,930|해외구매 | _정품_517,590|_멀티팩(정품)_497,640|해외구매 | _정품_517,600|_멀티팩(정품)_510,300|해외구매 | _정품_517,800|_멀티팩(정품)_509,990|해외구매 | _정품_517,800|_멀티팩(정품)_510,100|해외구매 | _정품_518,000|_멀티팩(정품)_509,990|해외구매 | _정품_519,600|_멀티팩(정품)_498,260|해외구매 | _정품_519,600|_멀티팩(정품)_507,820|해외구매 | _정품_519,610|_멀티팩(정품)_507,820|해외구매 | _정품_519,670|_멀티팩(정품)_520,670|해외구매 | _정품_519,800|_멀티팩(정품)_507,820|해외구매 | _정품_519,830|_멀티팩(정품)_520,880|해외구매 | _정품_521,500|_멀티팩(정품)_520,980|해외구매 | _정품_523,620|_멀티팩(정품)_516,040|해외구매 | _정품_523,620|_멀티팩(정품)_517,700|해외구매 | _정품_523,990|_멀티팩(정품)_511,410|해외구매 | _정품_524,890|_멀티팩(정품)_507,820|해외구매 | _정품_524,900|_멀티팩(정품)_507,820|해외구매 | _정품_525,010|_멀티팩(정품)_505,950|해외구매 | _정품_527,710|_멀티팩(정품)_500,640|해외구매 | _정품_527,850|_멀티팩(정품)_500,640|해외구매 | _정품_527,900|_멀티팩(정품)_500,640|해외구매 | _정품_529,550|_멀티팩(정품)_519,100|해외구매 | _정품_530,900|_멀티팩(정품)_519,990|해외구매",442320,442320,442320,442320,442320,442320,442320,442320,442320,448430,448400,448280,448210,448110,448080,447970,447940,447830,447720,447690,447650,447520,447410,447380,447370,447340,447230,447200,447070,446940,446930
53779649,AMD 라이젠7-5세대 8700F (피닉스),AMD 라이젠7-5세대 8700F,피닉스,멀티팩(정품),306900,290000,304910,306650,306650,290000,290000,297970,290000,298670,298670,298670,292040,292040,306360,306360,306360,306360,297170,297170,297170,304000,303990,303980,303980,303980,303980,303980,303980,303980,303980
34336664,AMD 라이젠7-5세대 8700G (피닉스),AMD 라이젠7-5세대 8700G,피닉스,"_정품_373,560|_멀티팩(정품) | _정품_377,810|_멀티팩(정품) | _정품_379,570|_멀티팩(정품) | _정품_381,380|_멀티팩(정품) | _정품_381,590|_멀티팩(정품) | _정품_391,380|_멀티팩(정품) | _정품_391,990|_멀티팩(정품)_399,690|해외구매 | _정품_392,000|_멀티팩(정품) | _정품_392,000|_멀티팩(정품)_395,110|해외구매 | _정품_392,000|_멀티팩(정품)_395,120|해외구매 | _정품_392,000|_멀티팩(정품)_399,450|해외구매 | _정품_392,000|_멀티팩(정품)_399,570|해외구매 | _정품_392,000|_멀티팩(정품)_399,790|해외구매 | _정품_392,010|_멀티팩(정품) | _정품_392,270|_멀티팩(정품) | _정품_393,180|_멀티팩(정품) | 정품",381940,377810,377150,390460,390010,377810,377810,381940,413360,400050,400000,400000,400000,400000,400000,400000,400000,400000,400000,399990,399980,399970,399940,399920,399820,423990,423990,423990,423990,423990,423990
29658350,AMD 라이젠9 PRO 7945 (라파엘),AMD 라이젠9 PRO 7945,라파엘,멀티팩(정품),598500,598500,598500,598500,598500,598500,598500,598500,598500,598500,598500,598500,598500,598500,598500,598500,598500,598500,598500,598500,598500,598500,598500,598500,598500,0,0,0,0,0,0
9374721,AMD 라이젠9-3세대 3900X (마티스),AMD 라이젠9-3세대 3900X,마티스,"_멀티팩(정품)_630,000|_중고",199000,199000,199000,199000,199000,199000,199000,199000,199000,199000,199000,199000,199000,199000,199000,232590,232590,232590,199000,199000,199000,199000,199000,199000,199000,199000,199000,199000,199000,199000,199000
11026701,AMD 라이젠9-3세대 3950X (마티스),AMD 라이젠9-3세대 3950X,마티스,해외구매,699800,699800,699800,699800,699800,699800,699800,699800,699800,699800,699800,699800,699800,699800,699800,699800,699800,699800,699800,699800,699800,699800,699800,699800,699800,699800,699800,699800,699800,699800,699800
12622091,AMD 라이젠9-4세대 5900X (버미어),AMD 라이젠9-4세대 5900X,버미어,"_정품_457,970|_멀티팩(정품)_458,650|해외구매_508,000|중고 | _정품_457,970|_멀티팩(정품)_458,650|해외구매_512,960|중고 | _정품_457,970|_멀티팩(정품)_458,650|해외구매_518,450|중고 | _정품_457,970|_멀티팩(정품)_458,650|해외구매_518,540|중고 | _정품_457,970|_멀티팩(정품)_458,650|해외구매_518,870|중고 | _정품_457,980|_멀티팩(정품)_458,650|해외구매_508,000|중고 | _정품_459,020|_멀티팩(정품)_458,650|해외구매_506,650|중고 | _정품_459,030|_멀티팩(정품)_458,650|해외구매_506,650|중고 | _정품_459,850|_멀티팩(정품)_459,480|해외구매_523,100|중고 | _정품_459,850|_멀티팩(정품)_459,480|해외구매_554,500|중고 | _정품_459,860|_멀티팩(정품)_459,480|해외구매_512,960|중고 | _정품_460,060|_멀티팩(정품)_459,690|해외구매_512,960|중고 | _정품_460,070|_멀티팩(정품)_459,690|해외구매_512,960|중고 | _정품_461,100|_멀티팩(정품)_458,150|해외구매_493,320|중고 | _정품_461,100|_멀티팩(정품)_465,910|해외구매_512,960|중고 | _정품_463,160|_멀티팩(정품)_458,690|해외구매_493,780|중고 | _정품_463,160|_멀티팩(정품)_459,760|해외구매_493,780|중고 | _정품_463,160|_멀티팩(정품)_460,840|해외구매_493,650|중고 | _정품_463,170|_멀티팩(정품)_462,450|해외구매_493,650|중고 | _정품_463,170|_멀티팩(정품)_462,990|해외구매_494,120|중고 | _정품_463,170|_멀티팩(정품)_463,520|해외구매_484,710|중고 | _정품_463,170|_멀티팩(정품)_463,520|해외구매_485,170|중고 | _정품_463,180|_멀티팩(정품)_464,070|해외구매_485,250|중고 | _정품_463,180|_멀티팩(정품)_465,150|해외구매_485,250|중고 | _정품_465,250|_멀티팩(정품)_465,690|해외구매_493,060|중고 | _정품_465,250|_멀티팩(정품)_465,910|해외구매_487,360|중고",451000,451000,451000,451000,451000,451000,451000,451000,451000,451000,451000,451000,451000,451000,451000,451000,451000,451000,451000,451000,451000,451000,395160,395160,395160,395160,395160,395160,395160,395160,395160
12622319,AMD 라이젠9-4세대 5950X (버미어),AMD 라이젠9-4세대 5950X,버미어,"_정품_657,150|_멀티팩(정품)_624,750|벌크_640,780|해외구매 | _정품_657,160|_멀티팩(정품)_624,750|벌크_640,780|해외구매 | _정품_657,280|_멀티팩(정품)_624,750|벌크_640,780|해외구매 | _정품_657,400|_멀티팩(정품)_624,750|벌크_640,800|해외구매 | _정품_657,430|_멀티팩(정품)_624,750|벌크_640,830|해외구매 | _정품_657,480|_멀티팩(정품)_624,750|벌크_640,880|해외구매 | _정품_657,510|_멀티팩(정품)_624,750|벌크_640,910|해외구매 | _정품_657,610|_멀티팩(정품)_624,750|벌크_640,920|해외구매 | _정품_657,730|_멀티팩(정품)_624,750|벌크_641,040|해외구매 | _정품_657,840|_멀티팩(정품)_624,740|벌크_641,160|해외구매 | _정품_657,960|_멀티팩(정품)_624,740|벌크_641,280|해외구매 | _정품_658,080|_멀티팩(정품)_624,750|벌크_641,400|해외구매 | _정품_658,110|_멀티팩(정품)_624,750|벌크_641,450|해외구매 | _정품_658,870|_멀티팩(정품)_624,750|벌크_641,880|해외구매 | _정품_658,900|_멀티팩(정품)_624,750|벌크_642,000|해외구매 | _정품_659,010|_멀티팩(정품)_624,750|벌크_642,120|해외구매 | _정품_659,130|_멀티팩(정품)_624,750|벌크_642,240|해외구매 | _정품_659,250|_멀티팩(정품)_624,750|벌크_642,360|해외구매 | _정품_659,370|_멀티팩(정품)_624,750|벌크_642,480|해외구매 | _정품_659,490|_멀티팩(정품)_624,750|벌크_642,600|해외구매 | _정품_659,610|_멀티팩(정품)_630,000|벌크_642,720|해외구매 | _정품_659,730|_멀티팩(정품)_630,000|벌크_642,840|해외구매 | _정품_659,850|_멀티팩(정품)_630,000|벌크_642,960|해외구매 | _정품_659,960|_멀티팩(정품)_629,990|벌크_643,080|해외구매 | _정품_659,980|_멀티팩(정품)_629,990|벌크_643,200|해외구매 | _정품_660,090|_멀티팩(정품)_629,990|벌크_647,860|해외구매 | _정품_660,120|_멀티팩(정품)_629,990|벌크_647,890|해외구매 | _정품_663,000|_멀티팩(정품)_630,000|벌크_647,900|해외구매 | _정품_663,000|_멀티팩(정품)_630,000|벌크_647,910|해외구매 | _정품_664,280|_멀티팩(정품)_624,750|벌크_641,640|해외구매 | _정품_664,290|_멀티팩(정품)_624,750|벌크_641,760|해외구매",653430,653430,653420,653410,653410,653400,696990,696990,696990,664680,664670,664670,696990,696990,696990,696990,696990,696990,656200,656170,656140,656020,655900,655790,655730,655630,655600,668450,681450,681330,681320
18718631,AMD 라이젠9-5세대 7900 (라파엘),AMD 라이젠9-5세대 7900,라파엘,"_정품_503,130|_멀티팩(정품) | _정품_503,900|_멀티팩(정품) | _정품_504,320|_멀티팩(정품) | _정품_506,090|_멀티팩(정품) | _정품_506,270|_멀티팩(정품) | _정품_506,700|_멀티팩(정품) | _정품_506,870|_멀티팩(정품) | _정품_507,280|_멀티팩(정품) | _정품_507,890|_멀티팩(정품) | _정품_508,490|_멀티팩(정품) | _정품_508,650|_멀티팩(정품) | _정품_509,080|_멀티팩(정품) | _정품_509,240|_멀티팩(정품) | _정품_510,260|_멀티팩(정품) | _정품_510,870|_멀티팩(정품) | _정품_511,450|_멀티팩(정품) | _정품_511,620|_멀티팩(정품) | _정품_512,060|_멀티팩(정품) | _정품_512,800|_멀티팩(정품) | _정품_514,950|_멀티팩(정품)",501440,496900,501560,495850,498210,490000,490000,490000,501140,500550,499380,498210,490000,490000,490000,502310,490000,501140,490580,490580,502030,501720,500550,499890,504510,504190,504190,504190,504190,504190,499900
18718592,AMD 라이젠9-5세대 7900 (라파엘),AMD 라이젠9-5세대 7900,라파엘,"_정품_503,130|_멀티팩(정품) | _정품_503,900|_멀티팩(정품) | _정품_504,320|_멀티팩(정품) | _정품_506,090|_멀티팩(정품) | _정품_506,270|_멀티팩(정품) | _정품_506,700|_멀티팩(정품) | _정품_506,870|_멀티팩(정품) | _정품_507,280|_멀티팩(정품) | _정품_507,890|_멀티팩(정품) | _정품_508,490|_멀티팩(정품) | _정품_508,650|_멀티팩(정품) | _정품_509,080|_멀티팩(정품) | _정품_509,240|_멀티팩(정품) | _정품_510,260|_멀티팩(정품) | _정품_510,870|_멀티팩(정품) | _정품_511,450|_멀티팩(정품) | _정품_511,620|_멀티팩(정품) | _정품_512,060|_멀티팩(정품) | _정품_512,800|_멀티팩(정품) | _정품_514,950|_멀티팩(정품)",501440,496900,501560,495850,498210,490000,490000,490000,501140,500550,499380,498210,490000,490000,490000,502310,490000,501140,490580,490580,502030,501720,500550,499890,504510,504190,504190,504190,504190,504190,499900
17913863,AMD 라이젠9-5세대 7900X (라파엘),AMD 라이젠9-5세대 7900X,라파엘,"_정품_513,000|멀티팩(정품)_489,250|_해외구매 | _정품_513,000|멀티팩(정품)_504,460|_해외구매 | _정품_515,000|멀티팩(정품)_499,200|_해외구매 | _정품_522,900|멀티팩(정품)_489,830|_해외구매 | _정품_542,810|멀티팩(정품)_498,160|_해외구매 | _정품_542,810|멀티팩(정품)_503,480|_해외구매 | _정품_546,960|멀티팩(정품)_492,690|_해외구매 | _정품_546,960|멀티팩(정품)_501,690|_해외구매 | _정품_546,960|멀티팩(정품)_503,510|_해외구매 | _정품_546,960|멀티팩(정품)_508,400|_해외구매 | _정품_548,100|멀티팩(정품)_503,480|_해외구매 | _정품_550,200|_멀티팩(정품)_505,080|해외구매 | _정품_554,270|멀티팩(정품)_500,950|_해외구매 | _정품_554,270|멀티팩(정품)_502,120|_해외구매 | _정품_554,270|멀티팩(정품)_503,290|_해외구매 | _정품_580,740|_멀티팩(정품)_473,010|해외구매",459000,459000,687890,747700,747700,747700,747700,747700,747700,747700,747700,747700,747700,747700,747700,747700,747700,747700,747700,747700,747700,747700,530170,551280,551280,551280,551280,551280,551280,551280,551280
19174175,AMD 라이젠9-5세대 7900X3D (라파엘),AMD 라이젠9-5세대 7900X3D,라파엘,"_정품_634,410|_멀티팩(정품)_612,480|해외구매 | _정품_634,410|_멀티팩(정품)_613,210|해외구매 | _정품_636,000|_멀티팩(정품)_608,800|해외구매 | _정품_636,000|_멀티팩(정품)_609,900|해외구매 | _정품_636,000|_멀티팩(정품)_614,620|해외구매 | _정품_636,000|_멀티팩(정품)_614,800|해외구매 | _정품_636,000|_멀티팩(정품)_615,600|해외구매 | _정품_636,000|_멀티팩(정품)_624,990|해외구매 | _정품_636,000|_멀티팩(정품)_625,400|해외구매 | _정품_636,000|_멀티팩(정품)_626,390|해외구매 | _정품_646,060|_멀티팩(정품)_630,530|해외구매 | _정품_647,570|_멀티팩(정품)_630,640|해외구매 | _정품_660,650|_멀티팩(정품)_629,190|해외구매 | _정품_667,090|_멀티팩(정품)_608,800|해외구매 | _정품_667,090|_멀티팩(정품)_632,100|해외구매 | _정품_667,100|_멀티팩(정품)_632,100|해외구매 | _정품_668,600|_멀티팩(정품)_631,990|해외구매",611010,611010,612420,615920,614520,614520,614510,614510,614510,614510,614510,614510,614510,614510,614510,625020,625010,625010,625010,625010,625010,625010,625010,625000,624980,624870,624820,624790,624670,565090,565090
17913980,AMD 라이젠9-5세대 7950X (라파엘),AMD 라이젠9-5세대 7950X,라파엘,"_정품_719,000|_멀티팩(정품)_709,710|해외구매 | _정품_719,000|_멀티팩(정품)_714,760|해외구매 | _정품_719,000|_멀티팩(정품)_715,610|해외구매 | _정품_719,000|_멀티팩(정품)_716,440|해외구매 | _정품_724,990|_멀티팩(정품)_719,180|해외구매 | _정품_725,170|_멀티팩(정품)_710,570|해외구매 | _정품_725,170|_멀티팩(정품)_716,790|해외구매 | _정품_725,980|_멀티팩(정품)_709,630|해외구매 | _정품_725,980|_멀티팩(정품)_709,720|해외구매 | _정품_726,000|_멀티팩(정품)_695,810|해외구매 | _정품_726,000|_멀티팩(정품)_697,480|해외구매 | _정품_726,000|_멀티팩(정품)_699,980|해외구매 | _정품_726,000|_멀티팩(정품)_701,440|해외구매 | _정품_726,000|_멀티팩(정품)_713,280|해외구매 | _정품_728,610|_멀티팩(정품)_703,840|해외구매 | _정품_729,000|_멀티팩(정품)_697,480|해외구매 | _정품_733,820|_멀티팩(정품)_705,520|해외구매 | _정품_745,270|_멀티팩(정품) | _정품_750,250|_멀티팩(정품)_708,600|해외구매 | _정품_750,260|_멀티팩(정품)_708,610|해외구매 | _정품_750,370|_멀티팩(정품)_710,920|해외구매 | _정품_750,380|_멀티팩(정품)_701,950|해외구매 | _정품_755,430|_멀티팩(정품) | _정품_755,460|_멀티팩(정품) | _정품_764,430|_멀티팩(정품)_708,610|해외구매 | _정품_764,660|_멀티팩(정품)_701,950|해외구매 | _정품_764,660|_멀티팩(정품)_715,250|해외구매 | _정품_764,660|_멀티팩(정품)_715,340|해외구매",823050,823050,823050,823050,823050,823050,823050,823050,823050,823050,823050,823050,823050,823050,823050,823050,823050,823050,823050,823050,823050,823050,823050,823050,823050,823050,710920,710920,710920,710870,710870
19174415,AMD 라이젠9-5세대 7950X3D (라파엘),AMD 라이젠9-5세대 7950X3D,라파엘,"_정품_814,730|_멀티팩(정품)_809,510|해외구매 | _정품_818,610|_멀티팩(정품)_789,820|해외구매 | _정품_821,850|_멀티팩(정품)_809,510|해외구매 | _정품_824,780|_멀티팩(정품)_787,000|해외구매 | _정품_824,780|_멀티팩(정품)_809,510|해외구매 | _정품_825,000|_멀티팩(정품)_787,000|해외구매 | _정품_825,770|_멀티팩(정품)_809,510|해외구매 | _정품_825,770|_멀티팩(정품)_811,470|해외구매 | _정품_826,740|_멀티팩(정품)_787,000|해외구매 | _정품_826,740|_멀티팩(정품)_809,510|해외구매 | _정품_826,750|_멀티팩(정품)_787,000|해외구매 | _정품_826,750|_멀티팩(정품)_808,650|해외구매 | _정품_826,750|_멀티팩(정품)_809,510|해외구매 | _정품_826,750|_멀티팩(정품)_811,470|해외구매 | _정품_827,000|_멀티팩(정품)_787,000|해외구매 | _정품_827,000|_멀티팩(정품)_812,420|해외구매 | _정품_827,000|_멀티팩(정품)_812,800|해외구매 | _정품_827,000|_멀티팩(정품)_813,500|해외구매 | _정품_829,000|_멀티팩(정품)_790,000|해외구매 | _정품_839,990|_멀티팩(정품)_791,780|해외구매 | _정품_840,000|_멀티팩(정품)_809,900|해외구매 | _정품_841,860|_멀티팩(정품)_809,900|해외구매 | _정품_841,870|_멀티팩(정품)_809,900|해외구매 | _정품_841,880|_멀티팩(정품)_809,900|해외구매 | _정품_841,880|_멀티팩(정품)_817,590|해외구매",779710,779700,775870,775840,775740,775630,863070,803710,862840,862720,862600,862480,862360,862240,862120,819260,819140,819020,818830,818780,818660,818540,794600,794480,794460,794420,794350,794250,794220,794100,794090
18171785,AMD 애슬론 200GE (레이븐 릿지),AMD 애슬론 200GE,레이븐 릿지,중고,34000,34000,33000,33000,33000,33000,33000,33000,33000,33000,33000,33000,33000,33000,33000,20930,0,0,0,0,22490,22490,22490,22490,22490,22490,22490,22490,22490,22490,22490
9968202,AMD 애슬론 3000G (레이븐 릿지),AMD 애슬론 3000G,레이븐 릿지,"정품_125,900|_벌크 + 쿨러_46,320|_벌크_43,600|해외구매_122,200|중고 | 정품_125,900|_벌크 + 쿨러_46,350|_벌크_43,600|해외구매_122,200|중고 | 정품_125,900|_벌크 + 쿨러_46,360|벌크_43,600|해외구매_122,200|_중고 | 정품_125,900|_벌크 + 쿨러_46,390|벌크_43,600|해외구매_122,200|_중고 | 정품_125,900|_벌크 + 쿨러_46,450|_벌크_43,600|해외구매_122,200|중고 | 정품_125,900|_벌크 + 쿨러_46,890|_벌크_45,000|해외구매_122,200|중고 | 정품_125,900|_벌크 + 쿨러_46,890|벌크_45,000|해외구매_122,200|_중고 | 정품_125,900|_벌크 + 쿨러_46,900|_벌크_45,000|해외구매_122,200|중고 | 정품_125,900|_벌크 + 쿨러_46,900|_벌크_46,900|해외구매_122,200|중고",29580,29580,29580,29580,29580,29580,29580,29580,29580,29580,29580,29580,29580,29580,29580,32490,32990,29790,29790,29790,29790,29790,29800,34880,34880,34880,34880,34880,34880,34880,34880
15834872,AMD 애슬론II-X3 425 (라나),AMD 애슬론II-X3 425,라나,중고,0,0,0,0,0,0,0,0,0,3000,0,3000,3000,3000,3000,3000,3000,3000,0,0,0,0,0,0,0,0,0,3000,3000,3000,3000
15834887,AMD 애슬론II-X4 630 (프로푸스),AMD 애슬론II-X4 630,프로푸스,중고,8000,8000,8000,0,0,0,0,0,0,0,0,8000,0,0,8000,8000,8000,8000,8000,8000,8000,0,0,0,0,0,0,0,0,0,0
4477138,AMD 페넘II-X3 710 (헤카),AMD 페넘II-X3 710,헤카,중고,0,0,0,5500,5500,0,5500,5500,5500,5500,5500,5500,5500,5500,5500,0,5500,5500,0,0,0,5500,5500,0,0,0,5500,5500,5500,5500,5500
28158908,AMD 페넘II-X4 945 (데네브),AMD 페넘II-X4 945,데네브,중고,17990,17990,16000,15990,15990,15990,15990,0,0,0,0,0,15990,15990,15990,15990,15990,15990,15990,15990,0,0,0,0,0,0,0,0,0,0,0
4281793,AMD 페넘II-X4 955 (데네브),AMD 페넘II-X4 955,데네브,중고,18200,18200,18200,18200,18200,18200,18200,0,0,0,0,0,0,0,18200,18600,18600,18600,18600,18600,18600,18600,18600,0,18600,18600,18600,18600,18600,18600,18600
4467073,AMD 페넘II-X6 1055T (투반),AMD 페넘II-X6 1055T,투반,"중고, 95W",28490,28490,28490,28490,28490,28490,28490,28490,28490,28490,28490,28490,28490,28490,28490,28490,28490,28490,28490,28490,28490,28490,28490,28490,28490,28490,28490,28490,28490,28490,28490
1917902,인텔 셀러론 G1610 (아이비브릿지),인텔 셀러론 G1610,아이비브릿지,중고,0,0,0,0,0,0,0,0,0,0,0,0,0,0,0,0,0,0,0,0,0,0,0,6780,6780,6780,6780,6780,6780,6780,6780
4507171,인텔 셀러론 G1620 (아이비브릿지),인텔 셀러론 G1620,아이비브릿지,중고,1800,1800,1800,0,0,0,0,0,0,0,0,0,0,0,0,0,0,0,0,0,0,0,0,0,0,0,0,0,0,0,0
6112894,인텔 셀러론 G1830 (하스웰),인텔 셀러론 G1830,하스웰,중고,1990,1990,1990,1990,1990,1990,1990,1990,1990,1990,0,0,0,0,0,0,0,0,0,0,0,0,0,1990,1990,1990,1990,0,1990,1990,1990
2669666,인텔 셀러론 G1840 (하스웰 리프레시),인텔 셀러론 G1840,하스웰 리프레시,"_벌크_3,400|_중고",1810,1810,1810,1810,1810,1810,1810,1810,1810,1810,1810,1810,1800,1800,1800,1990,1990,1990,1800,1800,1800,1800,1800,1800,1800,1800,1800,1800,1800,1800,1800
2783185,인텔 셀러론 G1850 (하스웰 리프레시),인텔 셀러론 G1850,하스웰 리프레시,"_벌크_3,400|_중고",2000,2000,2000,2000,2000,1900,1780,1800,1800,1800,1800,1800,1800,1800,1810,1810,1810,1810,1810,1810,1810,1810,1810,1810,1810,1810,1810,1810,1810,1810,1810
4033502,인텔 셀러론 G3900 (스카이레이크),인텔 셀러론 G3900,스카이레이크,"_벌크 + 쿨러_5,880|벌크_1,990|_중고 | _벌크 + 쿨러_5,910|벌크_1,990|_중고 | _벌크 + 쿨러_5,930|벌크_1,990|_중고 | _벌크 + 쿨러_6,040|벌크_4,520|_중고 | _벌크 + 쿨러_6,910|벌크_2,490|_중고 | _벌크 + 쿨러_7,030|벌크_2,490|_중고 | _벌크 + 쿨러_7,150|벌크_2,490|_중고 | _벌크 + 쿨러_7,270|벌크_2,490|_중고 | _벌크 + 쿨러_7,390|벌크_2,490|_중고 | _벌크 + 쿨러_7,960|벌크_2,490|_중고 | _벌크 + 쿨러_7,970|벌크_2,490|_중고 | _벌크 + 쿨러_8,040|벌크_2,490|_중고",2090,2090,2090,2090,2090,2090,2090,2090,2090,2090,1840,1800,1800,1800,1810,1810,1810,1810,1810,1810,1810,1810,1810,1810,1810,1810,1810,1810,1810,1810,1810
4881161,인텔 셀러론 G3930 (카비레이크),인텔 셀러론 G3930,카비레이크,"_벌크 + 쿨러_6,290|벌크_2,000|해외구매_83,900|_중고 | _벌크 + 쿨러_6,290|벌크_2,490|해외구매_83,900|_중고 | _벌크 + 쿨러_6,360|벌크_2,000|해외구매_83,900|_중고 | _벌크 + 쿨러_7,040|벌크_2,490|해외구매_83,900|_중고 | _벌크 + 쿨러_8,490|벌크_2,490|해외구매_83,900|_중고 | 벌크 + 쿨러_6,290|_벌크_2,000|해외구매_83,900|_중고 | 벌크 + 쿨러_6,360|_벌크_2,000|해외구매_83,900|_중고 | 벌크 + 쿨러_8,490|_벌크_2,490|해외구매_83,900|_중고",2090,2090,2090,2090,2090,2090,2090,2090,2090,2090,2090,1980,1980,1980,1980,1980,2000,2000,2000,2000,2000,2000,2000,2000,2000,2000,2000,2000,2000,2000,2000
7898065,인텔 셀러론 G3950 (카비레이크),인텔 셀러론 G3950,카비레이크,"_해외구매_88,000|_중고",65000,65000,65000,65000,65000,65000,65000,65000,65000,65000,65000,65000,65000,65000,65000,65000,65000,65000,65000,65000,65000,65000,65000,65000,65000,65000,65000,65000,65000,65000,65000
6060282,인텔 셀러론 G4900 (커피레이크),인텔 셀러론 G4900,커피레이크,"_벌크 + 쿨러_15,830|벌크_10,400|_중고 | _벌크 + 쿨러_15,830|벌크_10,410|_중고 | _벌크 + 쿨러_15,830|벌크_10,910|_중고 | _벌크 + 쿨러_15,920|벌크_10,460|_중고 | _벌크 + 쿨러_16,990|벌크_11,000|_중고 | _벌크 + 쿨러_17,990|벌크_12,000|_중고",7490,7490,7490,7490,7490,7490,7480,7480,7480,7480,7480,7480,7480,7480,7480,7490,7490,7490,7480,7480,7480,7480,7480,7480,7480,7480,7480,7480,7480,7480,7480
9642015,인텔 셀러론 G4930 (커피레이크-R),인텔 셀러론 G4930,커피레이크-R,"_벌크 + 쿨러_21,990|_벌크 | _벌크 + 쿨러_22,450|_벌크 | _벌크 + 쿨러_24,880|_벌크 | _벌크 + 쿨러_24,940|_벌크 | _벌크 + 쿨러_24,970|_벌크 | _벌크 + 쿨러_25,470|_벌크 | _벌크 + 쿨러_26,240|_벌크",21400,21390,21320,21240,21240,19660,19630,19510,19450,19450,19450,17800,17680,17560,17440,17320,17200,17080,16890,16840,16830,16830,16830,16830,16830,16830,16830,16830,16830,16830,16830
1512435,인텔 셀러론 G530 (샌디브릿지),인텔 셀러론 G530,샌디브릿지,"_벌크 + 쿨러_15,900|_중고 | _벌크 + 쿨러_16,100|_중고 | _벌크 + 쿨러_16,130|_중고 | _벌크 + 쿨러_16,190|_중고 | _벌크 + 쿨러_16,230|_중고 | _벌크 + 쿨러_16,280|_중고 | _벌크 + 쿨러_16,310|_중고 | _벌크 + 쿨러_16,320|_중고 | _벌크 + 쿨러_16,350|_중고",1500,1500,1500,1500,1500,1500,1500,1500,1500,1500,1500,1500,1500,1500,1500,1500,1500,1500,1500,1500,1500,1500,1500,1500,1500,1500,1500,1500,1500,1500,1500
1705460,인텔 셀러론 G540 (샌디브릿지),인텔 셀러론 G540,샌디브릿지,"_벌크 + 쿨러_16,070|_중고 | _벌크 + 쿨러_16,230|_중고",1600,1600,1600,1600,1600,1600,1600,1600,1600,1600,1600,1600,1600,1600,1600,1600,1600,1600,1600,1600,1600,1600,1600,1600,1600,1600,1600,1600,1600,1600,1600
1779781,인텔 셀러론 G550 (샌디브릿지),인텔 셀러론 G550,샌디브릿지,중고,1690,1690,1690,1690,1690,1690,1690,1690,1690,1690,1690,1690,1690,1690,1690,1690,1690,1690,1690,1690,1690,1690,1690,1690,1690,1690,1690,1690,1690,1690,1690
11480208,인텔 셀러론 G5900 (코멧레이크S),인텔 셀러론 G5900,코멧레이크S,"_벌크 + 쿨러_46,420|벌크_41,880|_중고 | _벌크 + 쿨러_46,430|벌크_41,990|_중고 | _벌크 + 쿨러_46,430|벌크_42,020|_중고 | _벌크 + 쿨러_46,440|벌크_41,410|_중고 | _벌크 + 쿨러_46,440|벌크_42,030|_중고 | _벌크 + 쿨러_46,440|벌크_42,060|_중고 | _벌크 + 쿨러_46,520|벌크_40,450|_중고 | _벌크 + 쿨러_46,520|벌크_40,570|_중고 | _벌크 + 쿨러_46,520|벌크_40,690|_중고 | _벌크 + 쿨러_46,520|벌크_40,810|_중고 | _벌크 + 쿨러_46,520|벌크_40,930|_중고 | _벌크 + 쿨러_46,520|벌크_41,050|_중고 | _벌크 + 쿨러_46,520|벌크_41,170|_중고 | _벌크 + 쿨러_46,520|벌크_41,290|_중고 | _벌크 + 쿨러_46,520|벌크_41,530|_중고 | _벌크 + 쿨러_46,520|벌크_41,650|_중고 | _벌크 + 쿨러_46,520|벌크_41,780|_중고 | _벌크 + 쿨러_47,020|벌크_39,470|_중고 | _벌크 + 쿨러_47,020|벌크_39,500|_중고 | _벌크 + 쿨러_47,020|벌크_39,550|_중고 | _벌크 + 쿨러_47,020|벌크_39,590|_중고 | _벌크 + 쿨러_47,020|벌크_39,610|_중고 | _벌크 + 쿨러_47,020|벌크_39,730|_중고 | _벌크 + 쿨러_47,020|벌크_39,850|_중고 | _벌크 + 쿨러_47,020|벌크_39,970|_중고 | _벌크 + 쿨러_47,020|벌크_40,090|_중고 | _벌크 + 쿨러_47,020|벌크_40,140|_중고 | _벌크 + 쿨러_47,020|벌크_40,330|_중고 | 벌크 + 쿨러_47,020|_벌크_39,220|_중고 | 벌크 + 쿨러_47,020|_벌크_39,230|_중고 | 벌크 + 쿨러_47,020|_벌크_39,350|_중고",38990,38990,38990,38990,37990,37990,37990,37990,37990,37990,37990,37990,37990,37990,37990,37990,37990,37990,37990,37990,37990,37990,37990,37990,37990,37990,37990,37990,37990,37990,37990
12122969,인텔 셀러론 G5905 (코멧레이크S),인텔 셀러론 G5905,코멧레이크S,"_정품_43,620|_벌크 + 쿨러_52,890|벌크_44,940|해외구매_80,000|중고 | _정품_43,650|_벌크 + 쿨러_52,890|벌크_45,020|해외구매_80,000|중고 | _정품_47,000|_벌크 + 쿨러_52,830|벌크_44,100|해외구매_80,000|중고 | _정품_47,000|_벌크 + 쿨러_52,830|벌크_45,520|해외구매_80,000|중고 | _정품_47,000|_벌크 + 쿨러_52,890|벌크_44,840|해외구매_80,000|중고 | _정품_47,000|_벌크 + 쿨러_52,890|벌크_45,140|해외구매_80,000|중고 | _정품_47,000|_벌크 + 쿨러_52,890|벌크_45,260|해외구매_80,000|중고 | _정품_47,000|_벌크 + 쿨러_52,890|벌크_45,290|해외구매_80,000|중고 | _정품_47,000|_벌크 + 쿨러_52,890|벌크_45,320|해외구매_80,000|중고 | _정품_47,000|_벌크 + 쿨러_52,890|벌크_45,420|해외구매_80,000|중고 | _정품_56,260|_벌크 + 쿨러_51,620|벌크_43,950|해외구매_80,000|중고 | _정품_56,260|_벌크 + 쿨러_52,890|벌크_44,700|해외구매_80,000|중고 | _정품_56,260|_벌크 + 쿨러_52,890|벌크_44,810|해외구매_80,000|중고 | _정품_58,590|_벌크 + 쿨러_52,910|벌크_45,010|해외구매_80,000|중고 | _정품_58,590|_벌크 + 쿨러_52,910|벌크_45,110|해외구매_80,000|중고 | _정품_58,600|_벌크 + 쿨러_52,890|벌크_44,100|해외구매_80,000|중고 | _정품_58,600|_벌크 + 쿨러_52,890|벌크_44,170|해외구매_80,000|중고 | _정품_58,600|_벌크 + 쿨러_52,890|벌크_44,290|해외구매_80,000|중고 | _정품_58,600|_벌크 + 쿨러_52,890|벌크_44,370|해외구매_80,000|중고 | _정품_58,600|_벌크 + 쿨러_52,890|벌크_44,410|해외구매_80,000|중고 | _정품_58,600|_벌크 + 쿨러_52,890|벌크_44,460|해외구매_80,000|중고 | _정품_58,600|_벌크 + 쿨러_52,890|벌크_44,580|해외구매_80,000|중고 | _정품_58,600|벌크 + 쿨러_52,890|_벌크_44,540|해외구매_80,000|중고 | _정품_58,600|벌크 + 쿨러_52,890|_벌크_44,570|해외구매_80,000|중고 | _정품_58,600|벌크 + 쿨러_52,890|_벌크_44,660|해외구매_80,000|중고 | _정품_58,600|벌크 + 쿨러_52,900|_벌크_44,780|해외구매_80,000|중고 | _정품_58,600|벌크 + 쿨러_52,910|_벌크_44,900|해외구매_80,000|중고 | _정품_58,600|벌크 + 쿨러_52,910|_벌크_45,010|해외구매_80,000|중고 | _정품_62,550|_벌크 + 쿨러_51,620|벌크_43,970|해외구매_80,000|중고 | _정품_62,550|_벌크 + 쿨러_51,630|벌크_44,000|해외구매_80,000|중고",36400,36400,36400,36400,36400,36400,36400,36400,36400,36400,36400,36400,36400,36400,36400,37200,37200,37200,36890,36890,36890,36890,36890,36890,36890,36890,36890,36890,36890,36890,36890
12387029,인텔 셀러론 G5925 (코멧레이크S),인텔 셀러론 G5925,코멧레이크S,"_정품_71,260|병행수입 박스_79,860|벌크 + 쿨러_77,700|_벌크 | _정품_71,270|병행수입 박스_79,850|벌크 + 쿨러_77,700|_벌크 | _정품_71,440|병행수입 박스_79,860|벌크 + 쿨러_77,700|_벌크 | _정품_71,520|병행수입 박스_80,160|벌크 + 쿨러_77,700|_벌크 | _정품_71,690|병행수입 박스_80,170|벌크 + 쿨러_77,700|_벌크 | _정품_71,860|병행수입 박스_80,170|벌크 + 쿨러_77,640|_벌크 | _정품_71,940|병행수입 박스_77,646|벌크 + 쿨러_77,640|_벌크 | _정품_72,030|병행수입 박스_77,663|벌크 + 쿨러_77,640|_벌크 | _정품_72,200|병행수입 박스_77,663|벌크 + 쿨러_77,640|_벌크 | _정품_72,370|병행수입 박스_77,663|벌크 + 쿨러_77,640|_벌크 | _정품_72,620|병행수입 박스_77,663|벌크 + 쿨러_77,640|_벌크 | _정품_72,640|병행수입 박스_77,663|벌크 + 쿨러_77,663|_벌크 | _정품_72,640|병행수입 박스_80,160|벌크 + 쿨러_77,700|_벌크 | _정품_72,640|병행수입 박스_80,160|벌크 + 쿨러_79,920|_벌크 | _정품_72,640|병행수입 박스_80,170|_벌크 + 쿨러_77,700|벌크 | _정품_72,640|병행수입 박스_80,170|벌크 + 쿨러_77,700|_벌크",72710,72620,72460,73500,73500,73500,73500,73465,73390,73390,73390,73390,73390,73390,73390,73500,73500,73500,73500,73500,73500,73500,73500,73500,73500,73500,75600,75600,75600,75600,75600
16100840,인텔 셀러론 G6900 (엘더레이크),인텔 셀러론 G6900,엘더레이크,"_정품_75,650|벌크 + 쿨러_79,970|_벌크_70,600|해외구매 | _정품_78,800|벌크 + 쿨러_87,390|_벌크_77,260|해외구매 | _정품_78,800|벌크 + 쿨러_87,390|_벌크_77,270|해외구매 | _정품_78,800|벌크 + 쿨러_87,400|_벌크_74,140|해외구매 | _정품_78,800|벌크 + 쿨러_87,400|_벌크_77,210|해외구매 | _정품_78,800|벌크 + 쿨러_87,400|_벌크_77,270|해외구매 | _정품_78,800|벌크 + 쿨러_87,900|_벌크_74,140|해외구매 | _정품_86,860|벌크 + 쿨러_78,160|_벌크_69,040|해외구매 | _정품_87,180|벌크 + 쿨러_78,160|_벌크_69,050|해외구매 | _정품_89,140|벌크 + 쿨러_81,610|_벌크_71,460|해외구매 | _정품_89,150|벌크 + 쿨러_86,370|_벌크_74,140|해외구매 | _정품_89,250|벌크 + 쿨러_79,970|_벌크_70,600|해외구매 | _정품_89,250|벌크 + 쿨러_81,610|_벌크_71,460|해외구매 | _정품_89,250|벌크 + 쿨러_86,370|_벌크_74,140|해외구매 | _정품_89,370|벌크 + 쿨러_79,970|_벌크_70,600|해외구매 | _정품_89,370|벌크 + 쿨러_86,380|_벌크_74,130|해외구매 | _정품_89,580|벌크 + 쿨러_79,970|_벌크_70,600|해외구매 | _정품_89,580|벌크 + 쿨러_86,480|_벌크_71,470|해외구매 | _정품_89,790|벌크 + 쿨러_81,610|_벌크_71,470|해외구매 | _정품_90,080|벌크 + 쿨러_86,870|_벌크_77,020|해외구매 | _정품_90,080|벌크 + 쿨러_86,870|_벌크_77,050|해외구매 | _정품_90,080|벌크 + 쿨러_86,870|_벌크_77,090|해외구매 | _정품_90,080|벌크 + 쿨러_86,870|_벌크_77,210|해외구매 | _정품_90,080|벌크 + 쿨러_86,870|_벌크_77,240|해외구매 | _정품_90,080|벌크 + 쿨러_86,880|_벌크_77,260|해외구매",91290,91290,91290,91290,91290,91290,91290,91290,91290,91290,91290,91290,91290,91290,91290,91290,91290,91290,91300,91300,91300,91300,84950,84950,84950,84950,84950,84950,84950,84950,84950
7271023,인텔 제온 E 2124 (커피레이크),인텔 제온 E 2124,커피레이크,"_정품_338,710|_벌크",339450,339450,339450,339450,339450,339450,339450,339450,339450,339450,339450,339450,339450,339450,339450,339450,339450,339450,339450,339450,339450,339450,339450,339450,339450,339450,339450,339450,339450,339450,339450
7271803,인텔 제온 E 2146G (커피레이크),인텔 제온 E 2146G,커피레이크,정품,588920,0,0,0,0,0,0,0,0,0,0,0,0,0,0,0,588920,588920,588920,588920,0,588920,0,588920,588920,588920,588920,588920,588920,588920,588920
15280721,인텔 제온 E 2176G (커피레이크),인텔 제온 E 2176G,커피레이크,벌크,0,0,0,0,0,0,0,0,0,0,0,0,0,0,0,0,0,0,705000,705000,705000,705000,705000,705000,705000,0,0,0,0,0,0
9652455,인텔 제온 E 2224 (커피레이크-R),인텔 제온 E 2224,커피레이크-R,"_정품_455,000|_벌크 | _정품_465,000|_벌크 | _정품_500,500|_벌크",455000,455000,455000,455000,455000,455000,455000,455000,455000,455000,455000,455000,455000,455000,455000,455000,455000,455000,455000,455000,455000,455000,455000,455000,455000,0,0,0,0,0,0
12111215,인텔 제온 E 2224 (커피레이크-R),인텔 제온 E 2224,커피레이크-R,벌크,0,0,0,0,0,0,0,0,0,0,0,0,0,0,0,0,0,0,0,0,0,0,0,0,0,455000,455000,455000,455000,455000,455000
9652536,인텔 제온 E 2224G (커피레이크-R),인텔 제온 E 2224G,커피레이크-R,정품,0,0,0,0,0,0,0,0,0,0,0,0,0,0,0,0,0,0,0,0,0,0,0,0,0,0,544050,544050,544050,544050,544050
9652695,인텔 제온 E 2234 (커피레이크-R),인텔 제온 E 2234,커피레이크-R,정품,0,0,0,476650,476650,476650,476650,476650,0,0,0,0,0,0,0,0,0,0,0,0,476650,476650,476650,476650,0,0,0,0,476650,476650,476650
14186564,인텔 제온 E3-1220 (샌디브릿지),인텔 제온 E3-1220,샌디브릿지,중고,0,0,0,0,0,0,0,0,0,0,0,0,0,0,0,0,0,0,0,0,0,0,0,0,0,52000,52000,52000,52000,52000,52000
5132410,인텔 제온 E3-1225V6 (카비레이크),인텔 제온 E3-1225V6,카비레이크,정품,404320,404320,404060,404320,404320,404320,404320,404320,404320,404320,404320,404320,404320,404320,404320,404320,404320,404320,404320,404320,404320,404320,404320,404320,404320,404320,404320,404320,404320,404320,404320
13360262,인텔 제온 E3-1230V2 (아이비브릿지),인텔 제온 E3-1230V2,아이비브릿지,중고,54890,54890,54890,54890,54890,54890,54890,54890,54890,54890,54890,54890,54890,54890,54890,54890,54890,54890,54890,54890,54890,54890,54890,54890,54890,54890,54890,54890,54890,54890,54890
5132462,인텔 제온 E3-1230V6 (카비레이크),인텔 제온 E3-1230V6,카비레이크,정품,411380,411380,411380,411380,411380,411380,411380,411380,411380,411380,411380,411380,411380,411380,411380,411380,411380,411380,411380,411380,411380,411380,411380,411380,411380,411380,411380,411380,411380,411380,411380
13059194,인텔 제온 E3-1231V3 (하스웰 리프레시),인텔 제온 E3-1231V3,하스웰 리프레시,중고,43790,43790,43790,43790,43790,43790,43790,43790,43790,43790,43790,43790,43790,43790,43790,43790,43790,43790,43790,43790,43790,43790,43790,43790,43790,43790,43790,43790,43790,43790,43790
5132478,인텔 제온 E3-1240V6 (카비레이크),인텔 제온 E3-1240V6,카비레이크,정품,455000,455000,455000,455000,455000,455000,455000,455000,455000,455000,455000,455000,455000,455000,455000,455000,455000,455000,455000,455000,455000,455000,455000,455000,455000,455000,455000,455000,455000,455000,455000
5132511,인텔 제온 E3-1275V6 (카비레이크),인텔 제온 E3-1275V6,카비레이크,"_정품_736,000|_벌크_553,480|중고 | _정품_736,000|_벌크_554,790|중고 | _정품_736,000|_벌크_555,460|중고 | _정품_736,000|_벌크_580,440|중고 | _정품_736,000|_벌크_580,450|중고 | _정품_736,000|_벌크_580,580|중고 | _정품_736,000|_벌크_583,650|중고",770000,770000,770000,770000,770000,770000,770000,770000,770000,770000,770000,770000,770000,770000,770000,770000,770000,770000,770000,770000,770000,770000,770000,770000,770000,770000,770000,770000,770000,770000,770000
13431515,인텔 제온 E5-2603 (샌디브릿지-EP),인텔 제온 E5-2603,샌디브릿지-EP,중고,0,0,0,0,0,0,0,0,0,0,0,0,0,0,0,74990,0,74990,74990,74990,74990,74990,74990,0,0,0,0,0,0,0,0
4370096,인텔 제온 E5-2630 v4 (브로드웰-EP),인텔 제온 E5-2630 v4,브로드웰-EP,정품,1000000,1000000,1000000,1000000,1000000,1000000,1000000,1000000,1000000,1000000,1000000,1000000,1000000,1000000,1000000,1000000,1000000,1000000,1000000,1000000,1000000,1000000,1000000,1000000,1000000,1000000,1000000,1000000,1000000,1000000,1000000
4797960,인텔 제온 E5-2680 v4 (브로드웰-EP),인텔 제온 E5-2680 v4,브로드웰-EP,"_해외구매_121,390|_중고",184480,184470,184450,184430,184410,184400,184400,184400,184380,184370,184360,184350,184350,184350,184350,184350,184340,184330,184300,184300,184300,184300,184290,184280,184270,184240,184230,184230,184230,184220,184210
1068763,인텔 제온 X5570 (네할렘),인텔 제온 X5570,네할렘,정품,0,0,0,0,0,0,0,0,0,0,0,0,0,0,0,0,0,0,0,0,0,0,322060,0,322060,0,0,0,0,0,0
13487003,인텔 제온 X5650 (웨스터미어),인텔 제온 X5650,웨스터미어,중고,13650,13650,13650,13650,13650,13650,13650,13650,13650,13650,13650,13650,13650,13650,13650,13950,13950,13950,13950,13950,13950,13950,13950,13950,13950,13950,13950,13950,13950,13950,13950
13501556,인텔 제온 X5680 (웨스터미어),인텔 제온 X5680,웨스터미어,"_해외구매_49,760|_중고",54600,54600,54600,54600,54600,54600,54600,54600,54600,54600,54600,54600,54600,54600,54600,55800,55800,55800,55800,55800,55800,55800,55800,55800,55800,55800,55800,55800,55800,55800,55800
35224235,인텔 제온 w5-2465X (사파이어 래피드),인텔 제온 w5-2465X,사파이어 래피드,벌크,2566200,2566200,2566200,2566200,2566200,2566200,2566200,2566200,2566200,2566200,2566200,2566200,2566200,2566200,2566200,2570000,2570000,2570000,2570000,2570000,2570000,2570000,2570000,2570000,2570000,2570000,2570000,2570000,2570000,2622600,2622600
35224169,인텔 제온 w5-3435X (사파이어 래피드),인텔 제온 w5-3435X,사파이어 래피드,벌크,3030300,3030300,3030300,3030300,3030300,3030300,3030300,3030300,3030300,3030300,3030300,3030300,3030300,3030300,3030300,3033000,3033000,3033000,3033000,3033000,3033000,3033000,3033000,3033000,3033000,3033000,3033000,3033000,3033000,3096900,3096900
35223638,인텔 제온 w7-3465X (사파이어 래피드),인텔 제온 w7-3465X,사파이어 래피드,벌크,4759300,4759300,4759300,4759300,4759300,4759300,4759300,4759300,4759300,4759300,4759300,4759300,4759300,4759300,4759300,4816000,4816000,4816000,4816000,4816000,4816000,4816000,4816000,4816000,4816000,4770900,4770900,4770900,4770900,4770900,4756950
9308598,인텔 제온 스케일러블 골드 5220 (캐스케이드레이크),인텔 제온 스케일러블 골드 5220,캐스케이드레이크,정품,0,2693280,2693280,2693280,2693280,2693280,2693280,2693280,2693280,0,0,0,0,0,0,0,0,0,2693280,2693280,2693280,2693280,2693280,2693280,2693280,0,0,0,0,0,0
9308574,인텔 제온 스케일러블 골드 5222 (캐스케이드레이크),인텔 제온 스케일러블 골드 5222,캐스케이드레이크,정품,0,0,0,0,0,0,0,0,0,0,0,0,0,0,0,0,0,0,0,0,0,0,0,0,0,2524130,0,0,0,0,0
15064370,인텔 제온 스케일러블 골드 5315Y (아이스레이크),인텔 제온 스케일러블 골드 5315Y,아이스레이크,정품,1846480,1846480,0,0,0,1846480,1846480,1846480,1846480,1846480,1846480,1846480,0,0,0,0,0,0,0,0,0,0,0,0,0,0,0,0,0,0,0
5449089,인텔 제온 스케일러블 골드 6128 (스카이레이크),인텔 제온 스케일러블 골드 6128,스카이레이크,정품,0,0,0,0,0,0,0,0,0,0,4253580,4253580,4253580,4253580,0,0,0,0,0,0,0,0,0,0,0,0,0,0,0,0,0
5448999,인텔 제온 스케일러블 골드 6152 (스카이레이크),인텔 제온 스케일러블 골드 6152,스카이레이크,"_정품_5,317,000|_벌크",4700000,4700000,4700000,4700000,4700000,4700000,4700000,4700000,4700000,4700000,4700000,4700000,4700000,4700000,4700000,4700000,4700000,4700000,4700000,4700000,4700000,4700000,4700000,4700000,4700000,4700000,4700000,4700000,4700000,4700000,4700000
9308469,인텔 제온 스케일러블 골드 6230 (캐스케이드레이크),인텔 제온 스케일러블 골드 6230,캐스케이드레이크,정품,0,0,0,0,0,0,0,0,0,0,0,0,0,0,3320960,3320960,3320960,3320960,3320960,3320960,3320960,0,0,0,0,0,0,0,0,0,0
9307710,인텔 제온 스케일러블 골드 6238 (캐스케이드레이크),인텔 제온 스케일러블 골드 6238,캐스케이드레이크,정품,0,0,0,0,0,0,0,0,0,0,5000000,5000000,5000000,5000000,5000000,5000000,0,0,0,0,0,0,0,0,0,0,5000000,5000000,5000000,5000000,5000000
9307653,인텔 제온 스케일러블 골드 6240 (캐스케이드레이크),인텔 제온 스케일러블 골드 6240,캐스케이드레이크,정품,4407130,4407130,0,0,0,0,0,0,0,0,4407130,4407130,4407130,4407130,4407130,4407130,4407130,4407130,0,0,0,4407130,0,0,0,0,0,0,0,0,0
9307587,인텔 제온 스케일러블 골드 6242 (캐스케이드레이크),인텔 제온 스케일러블 골드 6242,캐스케이드레이크,"_정품_4,557,190|_벌크_4,930,000|해외구매 | _정품_4,557,190|벌크_4,930,000|_해외구매",4950000,4950000,4950000,4950000,4950000,4950000,4950000,4950000,4950000,4950000,4950000,4950000,4950000,4950000,4950000,4950000,4950000,4950000,4950000,4950000,4950000,4950000,4950000,4950000,4950000,4950000,4950000,4950000,4950000,4950000,4950000
18599837,인텔 제온 스케일러블 골드 6242R (캐스케이드레이크),인텔 제온 스케일러블 골드 6242R,캐스케이드레이크,"_벌크_3,649,990|_해외구매",3876000,3876000,3876000,3876000,3876000,3876000,3876000,3876000,3876000,3876000,3876000,3876000,3876000,3876000,3876000,3876000,3876000,3876000,3876000,3876000,3876000,3876000,3876000,3876000,3876000,3876000,3876000,3876000,3876000,3876000,3876000
9307443,인텔 제온 스케일러블 골드 6248 (캐스케이드레이크),인텔 제온 스케일러블 골드 6248,캐스케이드레이크,정품,5518020,5518020,5518020,5518020,5518020,5518020,5518020,5518020,0,5518020,5518020,5518020,5518020,5518020,5518020,5518020,5518020,5518020,5518020,5518020,5518020,5518020,5518020,5518020,5518020,5518020,5518020,0,5518020,5518020,0
15066893,인텔 제온 스케일러블 골드 6314U (아이스레이크),인텔 제온 스케일러블 골드 6314U,아이스레이크,정품,0,0,0,0,0,0,5260330,5260330,5260330,5260330,5260330,5260330,0,0,0,0,0,0,0,0,0,0,5260330,5260330,0,5260330,5260330,5260330,0,0,0
19830578,인텔 제온 스케일러블 골드 6326 (아이스레이크),인텔 제온 스케일러블 골드 6326,아이스레이크,벌크,2310000,2310000,2310000,0,0,0,0,0,0,0,2310000,2310000,2310000,2310000,2310000,2310000,2310000,2310000,2310000,2310000,2310000,2310000,2310000,2310000,2310000,2310000,2310000,2310000,2310000,2310000,2310000
15066656,인텔 제온 스케일러블 골드 6330 (아이스레이크),인텔 제온 스케일러블 골드 6330,아이스레이크,정품,0,0,0,0,0,0,0,0,0,3290000,3290000,3290000,3290000,3290000,3290000,3290000,3290000,3290000,3290000,3290000,3290000,3290000,3290000,3290000,3290000,3290000,3290000,3290000,3290000,3290000,3290000
15066728,인텔 제온 스케일러블 골드 6336Y (아이스레이크),인텔 제온 스케일러블 골드 6336Y,아이스레이크,정품,3827400,3827400,3827400,3827400,3827400,3827400,3827400,3827400,3827400,0,0,0,0,0,0,0,0,0,0,0,0,0,0,3827400,0,0,0,0,0,0,0
15322631,인텔 제온 스케일러블 골드 6338 (아이스레이크),인텔 제온 스케일러블 골드 6338,아이스레이크,벌크,0,0,0,0,0,0,0,0,0,0,0,0,0,0,0,0,0,0,0,0,0,4821220,0,0,0,0,0,0,0,0,0
15322769,인텔 제온 스케일러블 골드 6338N (아이스레이크),인텔 제온 스케일러블 골드 6338N,아이스레이크,벌크,0,0,0,0,0,0,0,0,0,0,0,0,0,0,0,0,0,0,0,0,0,0,0,0,0,0,0,0,0,0,5142370
15066179,인텔 제온 스케일러블 골드 6342 (아이스레이크),인텔 제온 스케일러블 골드 6342,아이스레이크,정품,0,0,5024150,5024150,5024150,5024150,5024150,5024150,5024150,5024150,0,5024150,0,0,0,0,5024150,5024150,5024150,5024150,5024150,5024150,5024150,5024150,5024150,5024150,5024150,5024150,5024150,5024150,5024150
19830395,인텔 제온 스케일러블 골드 6346 (아이스레이크),인텔 제온 스케일러블 골드 6346,아이스레이크,벌크,0,0,0,0,0,0,0,0,0,3270000,3270000,3270000,0,0,0,0,0,0,0,0,0,0,0,0,0,0,0,0,3270000,3270000,3270000
5449308,인텔 제온 스케일러블 브론즈 3104 (스카이레이크),인텔 제온 스케일러블 브론즈 3104,스카이레이크,"_정품_400,000|_벌크",371990,371990,371990,371990,371990,371990,371990,371990,371990,371990,371990,371990,371990,371990,371990,371990,371990,371990,371990,371990,371990,371990,371990,371990,371990,371990,371990,371990,371990,371990,371990
9309411,인텔 제온 스케일러블 브론즈 3204 (캐스케이드레이크),인텔 제온 스케일러블 브론즈 3204,캐스케이드레이크,정품,0,0,0,0,0,0,0,0,0,0,0,0,470000,470000,470000,470000,470000,470000,0,0,0,0,0,0,0,0,0,0,0,0,0
5449256,인텔 제온 스케일러블 실버 4114 (스카이레이크),인텔 제온 스케일러블 실버 4114,스카이레이크,"_정품_2,011,000|_벌크",995000,995000,995000,995000,995000,995000,995000,995000,995000,995000,995000,995000,995000,995000,995000,995000,995000,995000,995000,995000,995000,995000,995000,995000,995000,995000,995000,995000,995000,995000,995000
9309363,인텔 제온 스케일러블 실버 4208 (캐스케이드레이크),인텔 제온 스케일러블 실버 4208,캐스케이드레이크,정품,500000,500000,500000,500000,500000,500000,500000,500000,500000,500000,500000,500000,500000,500000,500000,500000,500000,500000,500000,500000,500000,500000,500000,500000,500000,500000,500000,500000,500000,500000,500000
9309339,인텔 제온 스케일러블 실버 4210 (캐스케이드레이크),인텔 제온 스케일러블 실버 4210,캐스케이드레이크,정품,873800,0,0,873800,873800,0,873800,873800,873800,873800,873800,873800,873800,873800,873800,873800,0,0,873800,873800,873800,873800,873800,872380,872370,872340,872290,872260,872140,872020,872010
17241737,인텔 제온 스케일러블 실버 4210R (캐스케이드레이크),인텔 제온 스케일러블 실버 4210R,캐스케이드레이크,벌크,618300,618300,618300,618300,618300,618300,618300,618300,618300,618300,618300,618300,618300,618300,618300,618300,618300,618300,618300,618300,618300,618300,618300,608990,608990,608980,608860,608990,608990,608990,608990
9309312,인텔 제온 스케일러블 실버 4214 (캐스케이드레이크),인텔 제온 스케일러블 실버 4214,캐스케이드레이크,정품,0,0,1204690,1204690,1204690,1204690,1204690,1204690,1204690,1204690,0,0,0,0,0,0,0,0,0,0,0,1204690,1204690,1204380,1204690,1204690,1204690,1204690,0,0,0
9309276,인텔 제온 스케일러블 실버 4215 (캐스케이드레이크),인텔 제온 스케일러블 실버 4215,캐스케이드레이크,정품,0,0,0,0,0,0,0,0,0,0,0,0,0,0,0,0,0,0,0,0,0,1266770,1266770,1266770,1266770,1266770,1266770,1266770,0,0,0
9308790,인텔 제온 스케일러블 실버 4216 (캐스케이드레이크),인텔 제온 스케일러블 실버 4216,캐스케이드레이크,정품,1185600,1185600,1185600,1185600,1185600,1185600,1185600,1185600,1185600,1185600,1185600,1185600,1185600,1185600,1185600,1185600,1185600,1185600,1185600,1185600,1185600,1185600,1185600,1185600,1185600,1185600,1185600,1185600,1185600,1185600,1185600
15061958,인텔 제온 스케일러블 실버 4309Y (아이스레이크),인텔 제온 스케일러블 실버 4309Y,아이스레이크,정품,0,0,0,0,0,0,960820,960820,960820,960820,960820,0,0,0,0,0,0,0,0,0,0,0,0,0,960810,960810,960810,960820,960820,960820,960820
15062594,인텔 제온 스케일러블 실버 4310 (아이스레이크),인텔 제온 스케일러블 실버 4310,아이스레이크,정품,833700,833700,833700,833700,833700,833700,833700,833700,833700,833700,833700,833700,833700,833700,833700,833700,833700,833700,833700,833700,833700,833700,833700,833700,833700,833700,857520,857520,857520,857520,857520
15062720,인텔 제온 스케일러블 실버 4314 (아이스레이크),인텔 제온 스케일러블 실버 4314,아이스레이크,정품,0,0,0,0,0,0,0,0,0,0,0,0,0,0,0,0,0,0,0,0,0,1341110,1341110,1339740,1339730,1339620,1339570,1339540,0,0,0
15062825,인텔 제온 스케일러블 실버 4316 (아이스레이크),인텔 제온 스케일러블 실버 4316,아이스레이크,정품,0,0,0,0,0,0,0,0,0,0,1735300,0,0,0,0,0,1735300,0,1735300,1735300,1735300,1735300,1735300,1730960,1735300,1735300,1735300,1735300,1735300,1735300,1735300
16276169,인텔 제온 스케일러블 플래티넘 8280L (캐스케이드레이크),인텔 제온 스케일러블 플래티넘 8280L,캐스케이드레이크,정품,0,17500000,17500000,17500000,17500000,17500000,17500000,17500000,17500000,17500000,17500000,17500000,17500000,17500000,17500000,17500000,0,17500000,0,0,0,0,0,0,0,0,0,17500000,17500000,17500000,17500000
15068132,인텔 제온 스케일러블 플래티넘 8351N (아이스레이크),인텔 제온 스케일러블 플래티넘 8351N,아이스레이크,정품,0,0,0,0,0,6548580,6548580,6548580,6548580,6548580,6548580,6548580,0,0,0,0,0,0,0,0,0,0,0,0,0,0,0,0,0,0,0
15069860,인텔 제온 스케일러블 플래티넘 8352Y (아이스레이크),인텔 제온 스케일러블 플래티넘 8352Y,아이스레이크,정품,7407410,7407410,7407410,7407410,7407410,7407410,7407410,7407410,7407410,0,0,0,0,0,0,0,0,0,0,0,0,0,0,0,0,0,0,0,0,0,0
15070211,인텔 제온 스케일러블 플래티넘 8353H (쿠퍼레이크),인텔 제온 스케일러블 플래티넘 8353H,쿠퍼레이크,정품,0,0,0,0,0,0,0,0,0,0,0,0,0,0,0,0,0,0,0,0,0,5689750,0,5689750,0,0,0,0,0,0,0
15070607,인텔 제온 스케일러블 플래티넘 8360H (쿠퍼레이크),인텔 제온 스케일러블 플래티넘 8360H,쿠퍼레이크,정품,0,0,0,0,0,0,0,0,0,0,0,0,0,0,0,0,0,0,0,0,0,0,0,0,0,0,0,0,0,0,7246380
15070616,인텔 제온 스케일러블 플래티넘 8360HL (쿠퍼레이크),인텔 제온 스케일러블 플래티넘 8360HL,쿠퍼레이크,정품,0,0,0,0,0,0,0,0,0,12560390,0,0,0,0,0,0,0,0,0,0,0,0,0,0,0,0,0,0,0,0,0
15070088,인텔 제온 스케일러블 플래티넘 8360Y (아이스레이크),인텔 제온 스케일러블 플래티넘 8360Y,아이스레이크,정품,0,0,0,0,0,0,0,0,0,0,0,0,0,0,0,0,9608160,9608160,9608160,9608160,9608160,9608160,9608160,0,0,0,0,0,0,0,0
15069791,인텔 제온 스케일러블 플래티넘 8380 (아이스레이크),인텔 제온 스케일러블 플래티넘 8380,아이스레이크,정품,18786900,18786900,18786900,18786900,18786900,18786900,18786900,18786900,18786900,18786900,18786900,18786900,18786900,18786900,18786900,18786900,18786900,18786900,18786900,18786900,18786900,18786900,18786900,18786900,18786900,18786900,18786900,18786900,18786900,18786900,18786900
15070712,인텔 제온 스케일러블 플래티넘 8380H (쿠퍼레이크),인텔 제온 스케일러블 플래티넘 8380H,쿠퍼레이크,정품,0,0,0,0,0,0,0,0,0,0,0,0,0,0,0,0,0,0,0,0,0,0,0,16961890,0,16961890,16961890,0,0,0,0
15070739,인텔 제온 스케일러블 플래티넘 8380HL (쿠퍼레이크),인텔 제온 스케일러블 플래티넘 8380HL,쿠퍼레이크,정품,21363390,21363390,21363390,21363390,21363390,21363390,21363390,21363390,21363390,21363390,21363390,21363390,21363390,21363390,21363390,21363390,21363390,21363390,21363390,21363390,21363390,21363390,21363390,21363390,21363390,21363390,21363390,21363390,21363390,21363390,21363390
4147269,인텔 코어2듀오 E7400 (울프데일),인텔 코어2듀오 E7400,울프데일,중고,0,0,0,0,0,0,0,0,0,0,0,1900,1900,1900,0,1900,1900,1900,0,0,1900,1900,0,0,1900,0,0,0,0,0,0
4147168,인텔 코어2듀오 E7500 (울프데일),인텔 코어2듀오 E7500,울프데일,중고,0,1773,1790,1790,1790,1790,1790,1790,1790,1790,1790,1790,1790,1790,1790,1790,1790,1790,1790,1790,1790,1790,1790,1790,1790,1790,1790,1790,1790,1790,1790
4144290,인텔 코어2듀오 E8400 (울프데일),인텔 코어2듀오 E8400,울프데일,중고,2330,2330,2310,2390,2390,2310,2390,2360,2380,2310,2380,2380,2310,2370,2380,2310,2390,2360,2390,2360,2390,2360,2380,2310,2390,2370,2340,2390,2360,2390,2390
686511,인텔 코어2쿼드 Q6600 (켄츠필드),인텔 코어2쿼드 Q6600,켄츠필드,"_벌크_4,650|_중고",3700,3700,3700,3700,3700,3700,3700,3700,3700,3700,3700,3700,3700,3700,3700,3700,3700,3700,3700,3700,3700,3700,3700,3700,3700,3700,3700,3700,3700,3700,3700
4148340,인텔 코어2쿼드 Q8200 (요크필드),인텔 코어2쿼드 Q8200,요크필드,중고,2440,2440,2440,2440,2440,2440,2440,2440,2440,2440,2440,2440,2440,2440,2440,2440,0,0,0,0,0,2440,2440,2440,2440,2440,2440,2440,0,2440,2440
913727,인텔 코어2쿼드 Q8300 (요크필드),인텔 코어2쿼드 Q8300,요크필드,"_벌크_2,850|_중고 | _벌크_2,860|_중고 | _벌크_2,880|_중고 | _벌크_2,890|_중고 | _벌크_2,900|_중고",3140,3140,3140,3140,3140,3140,3140,3140,3140,3140,3140,3140,3140,3140,3140,3140,3140,3140,3140,3140,3140,3140,3140,3140,3140,3140,3140,3140,3140,3140,3140
4144483,인텔 코어2쿼드 Q8400 (요크필드),인텔 코어2쿼드 Q8400,요크필드,중고,4290,4280,4270,4240,4170,4290,4260,4170,4270,4170,4290,4260,4170,4270,4170,0,0,0,4290,4260,4170,4290,4260,4170,4290,4270,0,0,0,4170,4290
906919,인텔 코어2쿼드 Q9400 (요크필드),인텔 코어2쿼드 Q9400,요크필드,"_벌크_6,670|_중고 | _벌크_6,810|_중고 | _벌크_6,980|_중고",6470,6470,6490,6490,6490,5990,5990,5990,5990,5990,5990,5990,5990,5990,5990,5990,5990,5990,5990,5990,5990,5990,5990,5990,5990,5990,5990,5990,5990,5990,5990
4485420,인텔 코어2쿼드 Q9500 (요크필드),인텔 코어2쿼드 Q9500,요크필드,중고,8790,8790,8790,8790,8790,8790,8790,0,8790,0,0,0,0,0,7490,7490,7490,7490,7490,7490,7490,7490,7490,7490,7490,7490,7490,7490,7490,7490,7490
4144494,인텔 코어2쿼드 Q9550 (요크필드),인텔 코어2쿼드 Q9550,요크필드,중고,15930,15930,15930,15930,15930,15930,15930,15930,15930,15930,15930,15930,15930,15930,15930,16280,16280,16280,16280,16280,16280,16280,16280,16280,16280,16280,16280,16280,16280,16280,16280
10072065,인텔 코어X-시리즈 i9-10900X (캐스케이드레이크),인텔 코어X-시리즈 i9-10900X,캐스케이드레이크,"_정품_1,016,180|_벌크_790,750|해외구매 | _정품_1,016,180|_벌크_793,010|해외구매 | _정품_1,016,180|_벌크_810,990|해외구매 | _정품_1,016,180|_벌크_811,000|해외구매",1002800,1002800,1002800,1002800,1002800,1002800,1002800,1002800,1002800,1002800,1002800,1002800,1002800,1002800,1002800,1002800,1002800,1002800,1002800,1002800,1002800,1002800,1002800,1002800,1002800,1002800,1002800,1002800,1002800,1002800,1002800
10032045,인텔 코어X-시리즈 i9-10920X (캐스케이드레이크),인텔 코어X-시리즈 i9-10920X,캐스케이드레이크,"_정품_1,188,740|_벌크_1,040,310|해외구매 | _정품_1,188,740|_벌크_1,040,390|해외구매 | _정품_1,188,740|_벌크_1,040,500|해외구매 | _정품_1,188,740|_벌크_1,040,620|해외구매 | _정품_1,188,740|_벌크_1,040,740|해외구매 | _정품_1,188,740|_벌크_1,040,860|해외구매 | _정품_1,188,740|_벌크_1,040,910|해외구매 | _정품_1,188,740|_벌크_1,041,100|해외구매 | _정품_1,188,740|_벌크_1,041,220|해외구매 | _정품_1,188,740|_벌크_1,041,340|해외구매 | _정품_1,188,740|_벌크_1,041,460|해외구매 | _정품_1,188,740|_벌크_1,041,580|해외구매 | _정품_1,188,740|_벌크_1,041,700|해외구매 | _정품_1,188,740|_벌크_1,041,820|해외구매 | _정품_1,188,740|_벌크_1,041,940|해외구매 | _정품_1,188,740|_벌크_1,042,060|해외구매 | _정품_1,188,740|_벌크_1,042,180|해외구매 | _정품_1,188,740|_벌크_1,042,300|해외구매 | _정품_1,188,740|_벌크_1,042,420|해외구매 | _정품_1,188,740|_벌크_1,042,540|해외구매 | _정품_1,188,740|_벌크_1,042,660|해외구매 | _정품_1,188,740|_벌크_1,042,670|해외구매 | _정품_1,188,740|_벌크_1,042,750|해외구매 | _정품_1,188,740|_벌크_1,042,820|해외구매 | _정품_1,188,740|_벌크_1,042,830|해외구매 | _정품_1,188,740|_벌크_1,063,500|해외구매",1488400,1488400,1488400,1488400,1488400,1488400,1488400,1488400,1488400,1488400,1488400,1488400,1488400,1488400,1488400,1488400,1488400,1488400,1488400,1488400,1488400,1488400,1488400,1488400,1488400,1488400,1488400,1488400,1488400,1488400,1488400
10187988,인텔 코어X-시리즈 i9-10940X (캐스케이드레이크),인텔 코어X-시리즈 i9-10940X,캐스케이드레이크,"_정품_1,067,100|_벌크_1,063,410|해외구매 | _정품_1,326,950|_벌크 | _정품_1,326,960|_벌크 | _정품_1,327,080|_벌크 | _정품_1,327,200|_벌크 | _정품_1,327,230|_벌크 | _정품_1,327,280|_벌크 | _정품_1,327,310|_벌크 | _정품_1,327,320|_벌크 | _정품_1,327,440|_벌크 | _정품_1,327,560|_벌크 | _정품_1,327,680|_벌크 | _정품_1,327,800|_벌크 | _정품_1,327,850|_벌크 | _정품_1,328,040|_벌크 | _정품_1,328,160|_벌크 | _정품_1,328,280|_벌크 | _정품_1,328,400|_벌크 | _정품_1,328,520|_벌크 | _정품_1,328,640|_벌크 | _정품_1,328,760|_벌크 | _정품_1,328,880|_벌크_1,063,410|해외구매 | _정품_1,329,000|_벌크_1,063,410|해외구매 | _정품_1,329,120|_벌크_1,113,170|해외구매 | _정품_1,329,240|_벌크_1,114,320|해외구매 | _정품_1,329,360|_벌크_1,115,440|해외구매 | _정품_1,329,450|_벌크_1,115,440|해외구매 | _정품_1,329,530|_벌크_1,116,580|해외구매 | _정품_1,329,620|_벌크_1,118,840|해외구매 | _정품_1,329,650|_벌크_1,119,970|해외구매 | _정품_1,329,670|_벌크_1,063,410|해외구매",1685200,1685200,1567230,1685200,1685200,1685200,1685200,1685200,1685200,1685200,1685200,1063410,1063410,1063410,1063410,1063410,1063410,1063410,1063410,1063410,1063410,1063410,1063410,1063410,1063410,1121250,1121250,1121250,1121250,1121250,1121250
10142334,인텔 코어X-시리즈 i9-10980XE Extreme Edition (캐스케이드레이크),인텔 코어X-시리즈 i9-10980XE Extreme Edition,캐스케이드레이크,"_정품_1,642,510|_벌크_1,446,940|해외구매 | _정품_1,642,540|_벌크_1,446,850|해외구매 | _정품_1,642,540|_벌크_1,446,970|해외구매 | _정품_1,642,560|_벌크_1,446,730|해외구매 | _정품_1,642,560|_벌크_1,446,810|해외구매 | _정품_1,648,660|_벌크_1,446,980|해외구매 | _정품_1,648,660|_벌크_1,447,050|해외구매 | _정품_1,653,350|_벌크_1,446,500|해외구매 | _정품_1,653,350|_벌크_1,446,620|해외구매 | _정품_1,691,130|_벌크_1,443,320|해외구매 | _정품_1,691,130|_벌크_1,443,340|해외구매 | _정품_1,691,130|_벌크_1,443,460|해외구매 | _정품_1,691,130|_벌크_1,443,580|해외구매 | _정품_1,691,130|_벌크_1,443,700|해외구매 | _정품_1,691,130|_벌크_1,443,820|해외구매 | _정품_1,691,130|_벌크_1,443,870|해외구매 | _정품_1,691,130|_벌크_1,444,060|해외구매 | _정품_1,691,130|_벌크_1,445,660|해외구매 | _정품_1,691,130|_벌크_1,445,690|해외구매 | _정품_1,691,130|_벌크_1,445,780|해외구매 | _정품_1,691,130|_벌크_1,445,900|해외구매 | _정품_1,691,130|_벌크_1,446,020|해외구매 | _정품_1,691,130|_벌크_1,446,140|해외구매 | _정품_1,691,130|_벌크_1,446,260|해외구매 | _정품_1,691,130|_벌크_1,446,380|해외구매 | _정품_1,899,000|_벌크_1,443,230|해외구매 | _정품_1,899,000|_벌크_1,443,280|해외구매 | _정품_1,899,000|_벌크_1,463,250|해외구매",2852460,2852460,2852460,2852460,2852460,2852460,2852460,2852460,2852460,2943030,2943000,2942880,2942760,2942640,2942520,2942400,2942280,2942160,2941970,2941920,2941800,2941680,2941560,2941440,2941420,2941380,2941330,2941300,2941180,2941060,2941050
13174088,인텔 코어X-시리즈 i9-7920X (스카이레이크),인텔 코어X-시리즈 i9-7920X,스카이레이크,해외구매,0,0,0,0,0,0,0,0,0,0,0,0,0,0,0,0,0,0,0,0,0,0,0,0,0,0,0,0,0,0,1300500
14738312,인텔 코어X-시리즈 i9-9900X (스카이레이크),인텔 코어X-시리즈 i9-9900X,스카이레이크,해외구매,877000,877000,877000,877000,877000,877000,877000,877000,877000,0,0,0,0,0,0,0,877000,877000,877000,877000,877000,877000,877000,877000,877000,877000,877000,877000,877000,0,0
6929425,인텔 코어X-시리즈 i9-9940X (스카이레이크),인텔 코어X-시리즈 i9-9940X,스카이레이크,"_정품_970,000|_해외구매",1190000,1190000,1190000,1190000,1190000,1190000,1190000,1190000,1190000,1190000,1190000,1190000,1190000,1190000,1190000,1190000,1190000,1190000,1190000,1190000,1190000,1190000,1190000,1190000,1190000,1190000,1190000,1190000,1190000,1190000,1190000
13174118,인텔 코어X-시리즈 i9-9980XE (스카이레이크),인텔 코어X-시리즈 i9-9980XE,스카이레이크,해외구매,0,0,0,0,0,0,0,0,0,0,0,0,0,0,0,0,0,0,3360900,3360900,3360900,3360900,3360900,0,0,0,0,0,0,0,0
11405337,인텔 코어i3-10세대 10100 (코멧레이크S),인텔 코어i3-10세대 10100,코멧레이크S,"_정품_119,540|병행수입 박스_118,850|벌크 + 쿨러_115,000|_벌크_99,000|해외구매 | _정품_119,540|병행수입 박스_118,860|벌크 + 쿨러_115,000|_벌크_99,000|해외구매 | _정품_122,380|병행수입 박스_120,900|벌크 + 쿨러_118,680|_벌크_113,450|해외구매 | _정품_122,380|병행수입 박스_120,900|벌크 + 쿨러_118,690|_벌크_113,520|해외구매 | _정품_122,380|병행수입 박스_140,760|벌크 + 쿨러_122,620|_벌크_113,190|해외구매 | _정품_122,380|병행수입 박스_148,430|벌크 + 쿨러_118,710|_벌크_113,040|해외구매 | _정품_122,380|병행수입 박스_148,430|벌크 + 쿨러_120,620|_벌크_113,040|해외구매 | _정품_122,380|병행수입 박스_157,890|_벌크 + 쿨러_120,620|벌크_113,040|해외구매 | _정품_156,690|병행수입 박스_146,850|벌크 + 쿨러_118,310|_벌크_111,310|해외구매 | _정품_156,690|병행수입 박스_157,890|벌크 + 쿨러_121,490|_벌크_112,520|해외구매 | _정품_156,790|병행수입 박스_157,890|_벌크 + 쿨러_123,810|벌크_112,910|해외구매 | _정품_169,300|병행수입 박스_119,360|_벌크 + 쿨러_116,760|벌크_111,860|해외구매 | _정품_169,300|병행수입 박스_119,360|_벌크 + 쿨러_116,940|벌크_111,310|해외구매 | _정품_169,300|병행수입 박스_119,360|_벌크 + 쿨러_117,060|벌크_111,310|해외구매 | _정품_169,300|병행수입 박스_119,360|_벌크 + 쿨러_118,310|벌크_111,310|해외구매 | _정품_221,890|병행수입 박스_119,350|_벌크 + 쿨러_115,930|벌크_111,070|해외구매 | _정품_221,890|병행수입 박스_119,350|_벌크 + 쿨러_116,210|벌크_111,330|해외구매 | _정품_221,890|병행수입 박스_119,360|_벌크 + 쿨러_116,480|벌크_111,600|해외구매 | _정품_316,800|병행수입 박스_119,350|_벌크 + 쿨러_117,290|벌크 | _정품_316,800|병행수입 박스_119,350|_벌크 + 쿨러_117,300|벌크 | _정품_316,800|병행수입 박스_119,350|_벌크 + 쿨러_117,380|벌크 | _정품_316,800|병행수입 박스_121,420|_벌크 + 쿨러_116,940|벌크 | _정품_316,800|병행수입 박스_121,420|_벌크 + 쿨러_117,060|벌크 | _정품_316,800|병행수입 박스_121,420|_벌크 + 쿨러_117,180|벌크 | _정품_316,800|병행수입 박스_121,420|_벌크 + 쿨러_117,210|벌크 | _정품_316,800|병행수입 박스_121,420|_벌크 + 쿨러_117,260|벌크 | _정품_316,800|병행수입 박스_123,500|_벌크 + 쿨러_116,930|벌크",221200,221200,221200,221200,221200,221200,221200,221200,221200,221200,221200,221200,221200,221200,221200,221200,221200,221200,111920,111920,111920,111920,111920,111840,111830,111800,111750,111720,111600,111480,111470
12487424,인텔 코어i3-10세대 10100F (코멧레이크S),인텔 코어i3-10세대 10100F,코멧레이크S,"_정품_93,420|병행수입 박스_95,490|벌크 + 쿨러_85,920|_벌크 | _정품_93,540|병행수입 박스_95,490|벌크 + 쿨러_85,920|_벌크 | _정품_93,660|병행수입 박스_95,490|벌크 + 쿨러_85,920|_벌크 | _정품_93,690|병행수입 박스_95,490|벌크 + 쿨러_85,920|_벌크 | _정품_93,750|병행수입 박스_95,490|벌크 + 쿨러_85,920|_벌크 | _정품_93,790|병행수입 박스_95,490|벌크 + 쿨러_85,920|_벌크_88,210|해외구매 | _정품_93,870|병행수입 박스_95,490|벌크 + 쿨러_85,920|_벌크_88,210|해외구매 | _정품_93,940|병행수입 박스_95,490|벌크 + 쿨러_85,920|_벌크_87,960|해외구매 | _정품_93,950|병행수입 박스_95,490|벌크 + 쿨러_85,920|_벌크_87,960|해외구매 | _정품_94,990|병행수입 박스_95,490|벌크 + 쿨러_85,920|_벌크 | _정품_95,020|병행수입 박스_95,490|벌크 + 쿨러_85,920|_벌크 | _정품_95,050|병행수입 박스_95,060|벌크 + 쿨러_85,920|_벌크 | _정품_95,050|병행수입 박스_95,490|벌크 + 쿨러_85,920|_벌크 | _정품_95,070|병행수입 박스_95,490|벌크 + 쿨러_85,920|_벌크 | _정품_95,080|병행수입 박스_95,490|벌크 + 쿨러_85,920|_벌크 | _정품_95,390|병행수입 박스_95,490|벌크 + 쿨러_78,990|_벌크 | _정품_95,390|병행수입 박스_99,080|_벌크 + 쿨러_78,910|벌크",147060,147060,147060,147060,147060,88210,88210,88210,88210,88210,88210,88210,88210,88210,88210,88210,88210,88210,88210,88210,88210,88210,88210,88210,88210,88210,88210,88210,88210,75550,75550
14409386,인텔 코어i3-10세대 10105 (코멧레이크S 리프레시),인텔 코어i3-10세대 10105,코멧레이크S 리프레시,"정품_141,090|병행수입 박스_131,460|_벌크 + 쿨러_114,940|_벌크 | 정품_141,360|병행수입 박스_129,740|_벌크 + 쿨러_118,620|_벌크 | 정품_141,360|병행수입 박스_129,740|_벌크 + 쿨러_118,630|_벌크 | 정품_141,360|병행수입 박스_129,740|_벌크 + 쿨러_120,000|_벌크 | 정품_141,360|병행수입 박스_129,740|_벌크 + 쿨러_120,010|_벌크 | 정품_144,870|병행수입 박스_131,250|_벌크 + 쿨러_120,000|_벌크 | 정품_145,550|병행수입 박스_133,700|_벌크 + 쿨러_118,620|_벌크",110860,110860,112620,112620,112620,112620,112620,112620,112620,113420,113420,113310,113170,113170,113040,105000,105000,105000,105000,105000,105000,105000,105000,105000,105000,105000,105000,105000,105000,105000,105000
13753334,인텔 코어i3-10세대 10105F (코멧레이크S 리프레시),인텔 코어i3-10세대 10105F,코멧레이크S 리프레시,"_정품_92,360|병행수입 박스_85,100|벌크 + 쿨러_74,340|_벌크_69,810|해외구매 | _정품_92,360|병행수입 박스_85,100|벌크 + 쿨러_74,420|_벌크_69,810|해외구매 | _정품_92,360|병행수입 박스_85,100|벌크 + 쿨러_74,460|_벌크_69,810|해외구매 | _정품_92,360|병행수입 박스_85,100|벌크 + 쿨러_74,580|_벌크_69,810|해외구매 | _정품_92,360|병행수입 박스_85,100|벌크 + 쿨러_74,630|_벌크_69,810|해외구매 | _정품_92,360|병행수입 박스_85,100|벌크 + 쿨러_74,830|_벌크_69,610|해외구매 | _정품_92,360|병행수입 박스_85,100|벌크 + 쿨러_74,900|_벌크_69,680|해외구매 | _정품_92,360|병행수입 박스_85,100|벌크 + 쿨러_74,900|_벌크_69,770|해외구매 | _정품_92,360|병행수입 박스_85,100|벌크 + 쿨러_74,900|_벌크_69,810|해외구매 | _정품_92,360|병행수입 박스_85,100|벌크 + 쿨러_76,360|_벌크_70,460|해외구매 | _정품_92,360|병행수입 박스_85,100|벌크 + 쿨러_76,360|_벌크_70,470|해외구매 | _정품_92,360|병행수입 박스_85,100|벌크 + 쿨러_76,360|_벌크_71,130|해외구매 | _정품_92,360|병행수입 박스_85,100|벌크 + 쿨러_76,360|_벌크_71,380|해외구매 | _정품_92,360|병행수입 박스_85,100|벌크 + 쿨러_80,190|_벌크_73,600|해외구매 | _정품_92,360|병행수입 박스_85,100|벌크 + 쿨러_80,200|_벌크_75,230|해외구매 | _정품_93,090|병행수입 박스_87,560|벌크 + 쿨러_80,890|_벌크_75,760|해외구매 | 정품_92,360|병행수입 박스_85,100|_벌크 + 쿨러_74,480|_벌크_69,350|해외구매 | 정품_92,360|병행수입 박스_85,100|_벌크 + 쿨러_74,490|_벌크_69,250|해외구매 | 정품_92,360|병행수입 박스_85,100|_벌크 + 쿨러_74,900|_벌크_69,810|해외구매 | 정품_93,390|병행수입 박스_103,760|_벌크 + 쿨러_72,290|_벌크_67,270|해외구매 | 정품_93,390|병행수입 박스_103,760|_벌크 + 쿨러_72,290|_벌크_67,840|해외구매 | 정품_96,410|병행수입 박스_103,760|_벌크 + 쿨러_74,490|_벌크_69,250|해외구매",210820,210820,210820,210820,210820,210820,210820,210820,210880,210880,210880,210880,210880,210880,210880,210880,210880,219700,219700,219700,219700,219700,219700,219700,219700,219700,219700,219700,219700,183000,183000
16101083,인텔 코어i3-12세대 12100 (엘더레이크),인텔 코어i3-12세대 12100,엘더레이크,"_정품_141,900|_벌크 + 쿨러_134,910|벌크_123,600|해외구매 | _정품_142,990|_벌크 + 쿨러_134,910|벌크_123,210|해외구매 | _정품_143,100|_벌크 + 쿨러_138,310|벌크_123,024|해외구매 | _정품_143,300|_벌크 + 쿨러_138,310|벌크_127,780|해외구매 | _정품_143,300|_벌크 + 쿨러_138,320|벌크_128,080|해외구매 | _정품_143,300|벌크 + 쿨러_138,290|_벌크_127,480|해외구매 | _정품_145,990|_벌크 + 쿨러_138,310|벌크_128,410|해외구매 | _정품_146,140|_벌크 + 쿨러_137,130|벌크_127,820|해외구매 | _정품_146,710|_벌크 + 쿨러_137,140|벌크_127,820|해외구매 | _정품_147,120|벌크 + 쿨러_137,790|_벌크_126,130|해외구매 | _정품_147,120|벌크 + 쿨러_137,800|_벌크_126,110|해외구매 | _정품_147,120|벌크 + 쿨러_137,800|_벌크_128,110|해외구매 | _정품_147,480|_벌크 + 쿨러_137,130|벌크_127,990|해외구매 | _정품_147,480|_벌크 + 쿨러_138,310|벌크_124,490|해외구매 | _정품_147,480|_벌크 + 쿨러_138,310|벌크_124,500|해외구매 | _정품_147,910|벌크 + 쿨러_137,790|_벌크_124,870|해외구매 | _정품_147,910|벌크 + 쿨러_137,860|_벌크_127,090|해외구매 | _정품_147,910|벌크 + 쿨러_137,900|_벌크_124,730|해외구매 | _정품_149,240|벌크 + 쿨러_137,900|_벌크_127,830|해외구매 | _정품_151,170|_벌크 + 쿨러_137,280|벌크_127,590|해외구매 | _정품_151,170|벌크 + 쿨러_137,900|_벌크_127,830|해외구매 | _정품_151,170|벌크 + 쿨러_137,900|_벌크_128,210|해외구매 | _정품_151,170|벌크 + 쿨러_138,850|_벌크_128,210|해외구매 | _정품_152,520|_벌크 + 쿨러_137,270|벌크_127,590|해외구매 | _정품_152,990|_벌크 + 쿨러_138,770|벌크_127,590|해외구매",172400,183620,182360,183620,170960,170960,170960,170960,170960,172940,172940,172940,172940,172940,172940,172940,166320,167440,167450,175530,175530,175530,175530,175530,179900,179900,179910,179910,179910,179910,179900
16101179,인텔 코어i3-12세대 12100F (엘더레이크),인텔 코어i3-12세대 12100F,엘더레이크,"_정품_100,550|벌크 + 쿨러_93,840|_벌크_84,000|해외구매 | _정품_100,690|벌크 + 쿨러_94,300|_벌크_85,770|해외구매 | _정품_102,150|벌크 + 쿨러_95,900|_벌크_84,900|해외구매 | _정품_102,220|벌크 + 쿨러_95,900|_벌크_84,910|해외구매 | _정품_102,410|벌크 + 쿨러_96,420|_벌크_86,630|해외구매 | _정품_102,410|벌크 + 쿨러_96,930|_벌크_84,500|해외구매 | _정품_102,720|벌크 + 쿨러_96,930|_벌크_87,010|해외구매 | _정품_103,120|벌크 + 쿨러_96,930|_벌크_87,010|해외구매 | _정품_103,300|벌크 + 쿨러_95,390|_벌크_85,550|해외구매 | _정품_103,550|벌크 + 쿨러_90,300|_벌크_84,500|해외구매 | _정품_103,560|벌크 + 쿨러_95,260|_벌크_85,900|해외구매 | _정품_103,560|벌크 + 쿨러_95,900|_벌크_85,900|해외구매 | _정품_103,570|벌크 + 쿨러_96,410|_벌크_85,910|해외구매 | _정품_103,610|벌크 + 쿨러_96,930|_벌크_86,810|해외구매 | _정품_103,660|벌크 + 쿨러_96,420|_벌크_86,120|해외구매 | _정품_103,680|벌크 + 쿨러_96,390|_벌크_86,310|해외구매 | _정품_103,740|벌크 + 쿨러_94,690|_벌크_84,200|해외구매 | _정품_103,740|벌크 + 쿨러_95,470|_벌크_84,600|해외구매 | _정품_103,740|벌크 + 쿨러_95,470|_벌크_85,390|해외구매 | _정품_103,740|벌크 + 쿨러_95,470|_벌크_85,550|해외구매 | _정품_104,240|벌크 + 쿨러_95,480|_벌크_85,380|해외구매 | _정품_105,790|벌크 + 쿨러_95,480|_벌크_85,370|해외구매 | _정품_105,900|벌크 + 쿨러_95,390|_벌크_85,550|해외구매",120700,120700,120700,120700,120700,120700,120700,120700,120700,120700,125490,125370,125260,125140,125020,122330,122230,122130,121960,121930,121830,121730,117300,101650,101640,101610,101560,101540,101440,101410,101400
16393682,인텔 코어i3-12세대 12100T (엘더레이크),인텔 코어i3-12세대 12100T,엘더레이크,벌크,228000,228000,228000,228000,228000,228000,228000,228000,228000,228000,228000,228000,228000,228000,228000,228000,228000,228000,228000,228000,228000,228000,228000,228000,228000,228000,228000,228000,228000,228000,228000
18702722,인텔 코어i3-13세대 13100 (랩터레이크),인텔 코어i3-13세대 13100,랩터레이크,"_정품_160,790|벌크 + 쿨러_188,760|_벌크 | _정품_189,900|벌크 + 쿨러_179,000|_벌크 | _정품_192,000|벌크 + 쿨러_187,900|_벌크 | _정품_193,000|벌크 + 쿨러_179,000|_벌크 | _정품_193,760|벌크 + 쿨러_179,000|_벌크 | _정품_195,760|벌크 + 쿨러_187,060|_벌크 | _정품_195,760|벌크 + 쿨러_187,180|_벌크 | _정품_195,760|벌크 + 쿨러_187,300|_벌크 | _정품_195,760|벌크 + 쿨러_188,040|_벌크 | _정품_195,770|벌크 + 쿨러_184,730|_벌크 | _정품_195,770|벌크 + 쿨러_186,940|_벌크 | _정품_195,770|벌크 + 쿨러_188,230|_벌크 | _정품_196,410|벌크 + 쿨러_188,640|_벌크 | _정품_197,070|벌크 + 쿨러_187,270|_벌크 | _정품_197,070|벌크 + 쿨러_188,880|_벌크 | _정품_197,290|벌크 + 쿨러_179,000|_벌크 | _정품_197,630|벌크 + 쿨러_179,000|_벌크 | _정품_198,990|벌크 + 쿨러_184,720|_벌크 | _정품_198,990|벌크 + 쿨러_184,780|_벌크 | _정품_199,190|_벌크 + 쿨러_184,180|벌크 | _정품_199,190|_벌크 + 쿨러_184,210|벌크 | _정품_199,190|_벌크 + 쿨러_187,490|벌크 | _정품_199,880|_벌크 + 쿨러_187,870|벌크 | _정품_199,890|_벌크 + 쿨러_187,870|벌크 | _정품_200,000|벌크 + 쿨러_187,910|_벌크 | _정품_201,250|벌크 + 쿨러_187,880|_벌크 | _정품_201,260|벌크 + 쿨러_187,900|_벌크 | _정품_201,990|벌크 + 쿨러_187,900|_벌크",159470,159470,159470,159470,159470,159470,159470,159470,159470,159470,159470,159470,162000,162000,162000,162000,162000,162000,162000,162000,162000,162000,162000,162000,162000,162000,162000,162000,162000,162000,162000
18640205,인텔 코어i3-13세대 13100 (랩터레이크),인텔 코어i3-13세대 13100,랩터레이크,"_정품_160,790|벌크 + 쿨러_188,760|_벌크 | _정품_189,900|벌크 + 쿨러_179,000|_벌크 | _정품_192,000|벌크 + 쿨러_187,900|_벌크 | _정품_193,000|벌크 + 쿨러_179,000|_벌크 | _정품_193,760|벌크 + 쿨러_179,000|_벌크 | _정품_195,760|벌크 + 쿨러_187,060|_벌크 | _정품_195,760|벌크 + 쿨러_187,180|_벌크 | _정품_195,760|벌크 + 쿨러_187,300|_벌크 | _정품_195,760|벌크 + 쿨러_188,040|_벌크 | _정품_195,770|벌크 + 쿨러_184,730|_벌크 | _정품_195,770|벌크 + 쿨러_186,940|_벌크 | _정품_195,770|벌크 + 쿨러_188,230|_벌크 | _정품_196,410|벌크 + 쿨러_188,640|_벌크 | _정품_197,070|벌크 + 쿨러_187,270|_벌크 | _정품_197,070|벌크 + 쿨러_188,880|_벌크 | _정품_197,290|벌크 + 쿨러_179,000|_벌크 | _정품_197,630|벌크 + 쿨러_179,000|_벌크 | _정품_198,990|벌크 + 쿨러_184,720|_벌크 | _정품_198,990|벌크 + 쿨러_184,780|_벌크 | _정품_199,190|_벌크 + 쿨러_184,180|벌크 | _정품_199,190|_벌크 + 쿨러_184,210|벌크 | _정품_199,190|_벌크 + 쿨러_187,490|벌크 | _정품_199,880|_벌크 + 쿨러_187,870|벌크 | _정품_199,890|_벌크 + 쿨러_187,870|벌크 | _정품_200,000|벌크 + 쿨러_187,910|_벌크 | _정품_201,250|벌크 + 쿨러_187,880|_벌크 | _정품_201,260|벌크 + 쿨러_187,900|_벌크 | _정품_201,990|벌크 + 쿨러_187,900|_벌크",159470,159470,159470,159470,159470,159470,159470,159470,159470,159470,159470,159470,162000,162000,162000,162000,162000,162000,162000,162000,162000,162000,162000,162000,162000,162000,162000,162000,162000,162000,162000
18702590,인텔 코어i3-13세대 13100F (랩터레이크),인텔 코어i3-13세대 13100F,랩터레이크,"_정품_142,120|벌크 + 쿨러_146,210|_벌크_130,000|해외구매 | _정품_142,120|벌크 + 쿨러_146,210|_벌크_137,010|해외구매 | _정품_143,290|벌크 + 쿨러_146,180|_벌크_136,490|해외구매 | _정품_143,620|벌크 + 쿨러_146,710|_벌크_136,490|해외구매 | _정품_143,740|벌크 + 쿨러_146,710|_벌크_136,490|해외구매 | _정품_143,750|벌크 + 쿨러_146,710|_벌크_136,490|해외구매 | _정품_143,780|벌크 + 쿨러_146,710|_벌크_136,490|해외구매 | _정품_144,010|벌크 + 쿨러_142,260|_벌크_130,400|해외구매 | _정품_144,190|벌크 + 쿨러_142,260|_벌크_133,150|해외구매 | _정품_144,290|벌크 + 쿨러_146,710|_벌크_136,380|해외구매 | _정품_144,630|벌크 + 쿨러_144,440|_벌크_136,500|해외구매 | _정품_144,960|벌크 + 쿨러_144,440|_벌크_134,360|해외구매 | _정품_145,460|벌크 + 쿨러_143,450|_벌크_134,270|해외구매 | _정품_145,500|벌크 + 쿨러_143,460|_벌크_132,000|해외구매 | _정품_146,300|벌크 + 쿨러_145,680|_벌크_136,480|해외구매 | _정품_146,620|벌크 + 쿨러_145,680|_벌크_136,480|해외구매 | _정품_146,620|벌크 + 쿨러_145,700|_벌크_132,000|해외구매 | _정품_146,620|벌크 + 쿨러_145,990|_벌크_136,990|해외구매 | _정품_146,620|벌크 + 쿨러_146,210|_벌크_132,920|해외구매 | _정품_146,620|벌크 + 쿨러_146,210|_벌크_137,000|해외구매 | _정품_146,800|벌크 + 쿨러_145,680|_벌크_136,480|해외구매 | _정품_146,800|벌크 + 쿨러_146,210|_벌크_137,000|해외구매 | _정품_146,960|벌크 + 쿨러_146,700|_벌크_136,900|해외구매 | _정품_146,980|벌크 + 쿨러_146,710|_벌크_136,880|해외구매 | _정품_146,990|벌크 + 쿨러_146,710|_벌크_136,880|해외구매 | _정품_146,990|벌크 + 쿨러_146,710|_벌크_136,890|해외구매 | _정품_147,690|벌크 + 쿨러_146,710|_벌크_137,510|해외구매",204790,204790,204790,204790,204790,204790,204790,204790,204790,204790,204790,204790,204790,204790,204790,204790,204790,204790,204790,204790,224640,224640,206360,206350,206250,206230,206200,206080,205960,171940,171940
18640106,인텔 코어i3-13세대 13100F (랩터레이크),인텔 코어i3-13세대 13100F,랩터레이크,"_정품_142,120|벌크 + 쿨러_146,210|_벌크_130,000|해외구매 | _정품_142,120|벌크 + 쿨러_146,210|_벌크_137,010|해외구매 | _정품_143,290|벌크 + 쿨러_146,180|_벌크_136,490|해외구매 | _정품_143,620|벌크 + 쿨러_146,710|_벌크_136,490|해외구매 | _정품_143,740|벌크 + 쿨러_146,710|_벌크_136,490|해외구매 | _정품_143,750|벌크 + 쿨러_146,710|_벌크_136,490|해외구매 | _정품_143,780|벌크 + 쿨러_146,710|_벌크_136,490|해외구매 | _정품_144,010|벌크 + 쿨러_142,260|_벌크_130,400|해외구매 | _정품_144,190|벌크 + 쿨러_142,260|_벌크_133,150|해외구매 | _정품_144,290|벌크 + 쿨러_146,710|_벌크_136,380|해외구매 | _정품_144,630|벌크 + 쿨러_144,440|_벌크_136,500|해외구매 | _정품_144,960|벌크 + 쿨러_144,440|_벌크_134,360|해외구매 | _정품_145,460|벌크 + 쿨러_143,450|_벌크_134,270|해외구매 | _정품_145,500|벌크 + 쿨러_143,460|_벌크_132,000|해외구매 | _정품_146,300|벌크 + 쿨러_145,680|_벌크_136,480|해외구매 | _정품_146,620|벌크 + 쿨러_145,680|_벌크_136,480|해외구매 | _정품_146,620|벌크 + 쿨러_145,700|_벌크_132,000|해외구매 | _정품_146,620|벌크 + 쿨러_145,990|_벌크_136,990|해외구매 | _정품_146,620|벌크 + 쿨러_146,210|_벌크_132,920|해외구매 | _정품_146,620|벌크 + 쿨러_146,210|_벌크_137,000|해외구매 | _정품_146,800|벌크 + 쿨러_145,680|_벌크_136,480|해외구매 | _정품_146,800|벌크 + 쿨러_146,210|_벌크_137,000|해외구매 | _정품_146,960|벌크 + 쿨러_146,700|_벌크_136,900|해외구매 | _정품_146,980|벌크 + 쿨러_146,710|_벌크_136,880|해외구매 | _정품_146,990|벌크 + 쿨러_146,710|_벌크_136,880|해외구매 | _정품_146,990|벌크 + 쿨러_146,710|_벌크_136,890|해외구매 | _정품_147,690|벌크 + 쿨러_146,710|_벌크_137,510|해외구매",204790,204790,204790,204790,204790,204790,204790,204790,204790,204790,204790,204790,204790,204790,204790,204790,204790,204790,204790,204790,224640,224640,206360,206350,206250,206230,206200,206080,205960,171940,171940
18665090,인텔 코어i3-13세대 13100T (랩터레이크),인텔 코어i3-13세대 13100T,랩터레이크,벌크,237990,237990,237990,237990,237990,237990,237990,237990,237990,237990,237990,237990,237990,237990,237990,237990,237990,237990,237990,237990,237990,237990,237990,237990,237990,237990,237990,237990,237990,237990,237990
32102738,인텔 코어i3-14세대 14100 (랩터레이크 리프레시),인텔 코어i3-14세대 14100,랩터레이크 리프레시,"_정품_193,800|벌크 + 쿨러_193,950|_벌크 | _정품_195,410|벌크 + 쿨러_193,940|_벌크 | _정품_195,710|벌크 + 쿨러_198,470|_벌크 | _정품_195,890|벌크 + 쿨러_198,470|_벌크 | _정품_195,910|벌크 + 쿨러_198,470|_벌크 | _정품_195,950|벌크 + 쿨러_193,940|_벌크 | _정품_198,000|벌크 + 쿨러_200,680|_벌크 | _정품_198,030|벌크 + 쿨러_201,340|_벌크 | _정품_198,320|벌크 + 쿨러_200,790|_벌크 | _정품_198,500|벌크 + 쿨러_201,460|_벌크 | _정품_198,970|벌크 + 쿨러_200,880|_벌크 | _정품_199,070|벌크 + 쿨러_200,300|_벌크 | _정품_200,990|벌크 + 쿨러_206,620|_벌크 | _정품_200,990|벌크 + 쿨러_206,840|_벌크 | _정품_203,990|벌크 + 쿨러_171,850|_벌크 | _정품_203,990|벌크 + 쿨러_172,280|_벌크 | _정품_204,000|벌크 + 쿨러_171,850|_벌크 | _정품_205,990|벌크 + 쿨러_171,850|_벌크 | _정품_206,000|벌크 + 쿨러_171,850|_벌크 | _정품_207,800|_벌크 + 쿨러_174,110|벌크 | _정품_207,920|벌크 + 쿨러_174,110|_벌크 | _정품_207,930|_벌크 + 쿨러_174,970|벌크_194,560|해외구매 | _정품_207,950|_벌크 + 쿨러_174,110|벌크 | _정품_207,980|벌크 + 쿨러_174,110|_벌크 | _정품_208,030|벌크 + 쿨러_174,110|_벌크 | _정품_208,040|_벌크 + 쿨러_174,970|벌크_194,560|해외구매 | _정품_208,040|벌크 + 쿨러_172,390|_벌크",183900,179900,186570,187730,187730,187730,190210,190210,189940,189940,190270,190070,188990,188990,188990,191480,191700,193490,191700,193490,193490,193490,193500,193490,195100,194560,194560,194560,194560,257890,257890
32038820,인텔 코어i3-14세대 14100 (랩터레이크 리프레시),인텔 코어i3-14세대 14100,랩터레이크 리프레시,"_정품_193,800|벌크 + 쿨러_193,950|_벌크 | _정품_195,410|벌크 + 쿨러_193,940|_벌크 | _정품_195,710|벌크 + 쿨러_198,470|_벌크 | _정품_195,890|벌크 + 쿨러_198,470|_벌크 | _정품_195,910|벌크 + 쿨러_198,470|_벌크 | _정품_195,950|벌크 + 쿨러_193,940|_벌크 | _정품_198,000|벌크 + 쿨러_200,680|_벌크 | _정품_198,030|벌크 + 쿨러_201,340|_벌크 | _정품_198,320|벌크 + 쿨러_200,790|_벌크 | _정품_198,500|벌크 + 쿨러_201,460|_벌크 | _정품_198,970|벌크 + 쿨러_200,880|_벌크 | _정품_199,070|벌크 + 쿨러_200,300|_벌크 | _정품_200,990|벌크 + 쿨러_206,620|_벌크 | _정품_200,990|벌크 + 쿨러_206,840|_벌크 | _정품_203,990|벌크 + 쿨러_171,850|_벌크 | _정품_203,990|벌크 + 쿨러_172,280|_벌크 | _정품_204,000|벌크 + 쿨러_171,850|_벌크 | _정품_205,990|벌크 + 쿨러_171,850|_벌크 | _정품_206,000|벌크 + 쿨러_171,850|_벌크 | _정품_207,800|_벌크 + 쿨러_174,110|벌크 | _정품_207,920|벌크 + 쿨러_174,110|_벌크 | _정품_207,930|_벌크 + 쿨러_174,970|벌크_194,560|해외구매 | _정품_207,950|_벌크 + 쿨러_174,110|벌크 | _정품_207,980|벌크 + 쿨러_174,110|_벌크 | _정품_208,030|벌크 + 쿨러_174,110|_벌크 | _정품_208,040|_벌크 + 쿨러_174,970|벌크_194,560|해외구매 | _정품_208,040|벌크 + 쿨러_172,390|_벌크",183900,179900,186570,187730,187730,187730,190210,190210,189940,189940,190270,190070,188990,188990,188990,191480,191700,193490,191700,193490,193490,193490,193500,193490,195100,194560,194560,194560,194560,257890,257890
32102672,인텔 코어i3-14세대 14100F (랩터레이크 리프레시),인텔 코어i3-14세대 14100F,랩터레이크 리프레시,"_정품_151,860|벌크 + 쿨러_154,650|_벌크 | _정품_152,010|벌크 + 쿨러_154,650|_벌크 | _정품_155,000|벌크 + 쿨러_156,830|_벌크 | _정품_157,780|벌크 + 쿨러_156,830|_벌크 | _정품_157,970|벌크 + 쿨러_158,190|_벌크 | _정품_158,060|벌크 + 쿨러_158,580|_벌크 | _정품_158,070|벌크 + 쿨러_158,190|_벌크 | _정품_158,150|벌크 + 쿨러_156,840|_벌크 | _정품_158,420|벌크 + 쿨러_156,830|_벌크 | _정품_158,440|벌크 + 쿨러_156,830|_벌크 | _정품_158,680|벌크 + 쿨러_157,260|_벌크 | _정품_158,720|벌크 + 쿨러_156,830|_벌크 | _정품_159,620|벌크 + 쿨러_159,480|_벌크 | _정품_159,820|벌크 + 쿨러_157,480|_벌크 | _정품_159,940|벌크 + 쿨러_157,270|_벌크 | _정품_159,990|벌크 + 쿨러_159,480|_벌크 | _정품_161,320|벌크 + 쿨러_159,480|_벌크 | _정품_161,330|벌크 + 쿨러_159,480|_벌크 | _정품_161,350|벌크 + 쿨러_159,480|_벌크 | _정품_161,890|벌크 + 쿨러_160,010|_벌크 | _정품_162,320|벌크 + 쿨러_160,010|_벌크 | _정품_162,990|벌크 + 쿨러_161,170|_벌크 | _정품_162,990|벌크 + 쿨러_161,170|_벌크_152,890|해외구매 | _정품_162,990|벌크 + 쿨러_162,020|_벌크_152,890|해외구매",140220,145540,149090,149090,148690,144800,144800,143880,148680,148680,148680,148680,144800,144800,149010,149400,150120,151260,147900,147900,147900,151260,151260,151770,151770,152890,152890,152890,152890,202270,202270
32038895,인텔 코어i3-14세대 14100F (랩터레이크 리프레시),인텔 코어i3-14세대 14100F,랩터레이크 리프레시,"_정품_151,860|벌크 + 쿨러_154,650|_벌크 | _정품_152,010|벌크 + 쿨러_154,650|_벌크 | _정품_155,000|벌크 + 쿨러_156,830|_벌크 | _정품_157,780|벌크 + 쿨러_156,830|_벌크 | _정품_157,970|벌크 + 쿨러_158,190|_벌크 | _정품_158,060|벌크 + 쿨러_158,580|_벌크 | _정품_158,070|벌크 + 쿨러_158,190|_벌크 | _정품_158,150|벌크 + 쿨러_156,840|_벌크 | _정품_158,420|벌크 + 쿨러_156,830|_벌크 | _정품_158,440|벌크 + 쿨러_156,830|_벌크 | _정품_158,680|벌크 + 쿨러_157,260|_벌크 | _정품_158,720|벌크 + 쿨러_156,830|_벌크 | _정품_159,620|벌크 + 쿨러_159,480|_벌크 | _정품_159,820|벌크 + 쿨러_157,480|_벌크 | _정품_159,940|벌크 + 쿨러_157,270|_벌크 | _정품_159,990|벌크 + 쿨러_159,480|_벌크 | _정품_161,320|벌크 + 쿨러_159,480|_벌크 | _정품_161,330|벌크 + 쿨러_159,480|_벌크 | _정품_161,350|벌크 + 쿨러_159,480|_벌크 | _정품_161,890|벌크 + 쿨러_160,010|_벌크 | _정품_162,320|벌크 + 쿨러_160,010|_벌크 | _정품_162,990|벌크 + 쿨러_161,170|_벌크 | _정품_162,990|벌크 + 쿨러_161,170|_벌크_152,890|해외구매 | _정품_162,990|벌크 + 쿨러_162,020|_벌크_152,890|해외구매",140220,145540,149090,149090,148690,144800,144800,143880,148680,148680,148680,148680,144800,144800,149010,149400,150120,151260,147900,147900,147900,151260,151260,151770,151770,152890,152890,152890,152890,202270,202270
32464280,인텔 코어i3-14세대 14100T (랩터레이크 리프레시),인텔 코어i3-14세대 14100T,랩터레이크 리프레시,벌크,236730,236730,230560,230530,230430,230320,230290,230170,230050,229930,229810,229690,229570,229450,229330,229210,229090,228970,228780,228730,228610,228490,228370,228250,228240,228210,228160,228130,228010,227890,227880
4625789,인텔 코어i3-1세대 530 (클락데일),인텔 코어i3-1세대 530,클락데일,중고,4300,4300,4300,4300,4300,4300,4300,0,0,4300,4300,4300,4300,4300,0,4300,4300,4300,4300,4300,4300,4300,4300,4300,0,0,0,0,0,4300,0
4148188,인텔 코어i3-1세대 540 (클락데일),인텔 코어i3-1세대 540,클락데일,중고,1400,1400,1400,1400,1400,1400,1400,1400,1400,1400,1400,1400,1400,1400,1400,1400,1400,1400,1400,1400,1400,1400,1400,1400,1400,1400,1400,1400,1400,1400,1400
4146391,인텔 코어i3-1세대 550 (클락데일),인텔 코어i3-1세대 550,클락데일,중고,2000,1500,1500,1500,1500,1500,1500,1500,1500,1500,1500,1500,1500,1500,1500,1500,1500,1500,1500,1500,1500,1500,1500,1500,1500,1500,0,0,0,0,0
1376125,인텔 코어i3-2세대 2100 (샌디브릿지),인텔 코어i3-2세대 2100,샌디브릿지,"_벌크_3,590|_중고",2190,2190,2090,2090,2090,2090,2000,2000,2000,2000,2000,2000,2000,2000,2000,2000,2000,1800,1800,1800,1800,1800,1800,1800,1800,1800,1800,1800,1800,1800,1800
4144570,인텔 코어i3-2세대 2120 (샌디브릿지),인텔 코어i3-2세대 2120,샌디브릿지,중고,2750,2750,2750,2750,2750,2750,2750,2750,2750,2750,2750,2750,2750,2750,2750,3990,3990,3990,2750,2750,2750,2750,2750,2750,2750,2750,2750,2750,2750,2750,2750
1780773,인텔 코어i3-3세대 3220 (아이비브릿지),인텔 코어i3-3세대 3220,아이비브릿지,"_벌크 + 쿨러_8,520|벌크_3,590|_중고 | _벌크 + 쿨러_8,590|벌크_3,590|_중고 | _벌크 + 쿨러_8,920|벌크_3,990|_중고 | 벌크 + 쿨러_8,520|_벌크_3,590|_중고 | 벌크 + 쿨러_8,590|_벌크_3,590|_중고 | 벌크 + 쿨러_8,920|_벌크_3,990|_중고 | 벌크 + 쿨러_8,990|_벌크_4,190|_중고",3340,3340,3340,3340,3340,3340,3340,3340,3340,3340,3340,3340,3340,3340,3360,3360,3360,3290,3290,3290,3290,3290,3290,3290,3290,3290,3290,3290,3290,3290,3290
1780775,인텔 코어i3-3세대 3240 (아이비브릿지),인텔 코어i3-3세대 3240,아이비브릿지,"_벌크 + 쿨러_10,220|_중고 | _벌크 + 쿨러_10,230|_중고 | _벌크 + 쿨러_9,440|_중고 | _벌크 + 쿨러_9,450|_중고 | _벌크 + 쿨러_9,460|_중고 | _벌크 + 쿨러_9,470|_중고 | _벌크 + 쿨러_9,480|_중고 | _벌크 + 쿨러_9,490|_중고 | _벌크 + 쿨러_9,980|_중고",4250,3860,3860,3890,3890,3890,3890,3890,3890,3890,3890,3890,3890,3890,3890,3890,3890,3890,3890,3890,3890,3890,3890,3890,3890,3890,3890,3890,3890,3890,3890
17870279,인텔 코어i3-3세대 3250 (아이비브릿지),인텔 코어i3-3세대 3250,아이비브릿지,중고,0,0,0,0,0,0,0,0,0,0,5420,0,5420,5420,5450,5450,5450,5450,0,0,0,0,0,0,5450,5450,5450,5450,5450,5450,5450
2216333,인텔 코어i3-4세대 4130 (하스웰),인텔 코어i3-4세대 4130,하스웰,"_벌크 + 쿨러_8,490|벌크_5,270|_중고 | 벌크 + 쿨러_8,490|_벌크_5,270|_중고 | 벌크 + 쿨러_8,860|_벌크_5,270|_중고 | 벌크 + 쿨러_9,490|_벌크_5,240|_중고 | 벌크 + 쿨러_9,490|_벌크_5,270|_중고 | 벌크 + 쿨러_9,860|_벌크_5,240|_중고 | 벌크 + 쿨러_9,990|_벌크_5,240|_중고",3590,3590,3590,3590,3590,3590,3590,3590,3590,3590,3490,3490,3490,3490,3490,3490,3380,3200,3200,3200,3200,3200,3200,3200,3200,3200,3200,3200,3200,3200,3200
4954420,인텔 코어i3-4세대 4150 (하스웰 리프레시),인텔 코어i3-4세대 4150,하스웰 리프레시,"_중고_3,900|벌크 + 쿨러_10,490|_벌크 | _중고_3,900|벌크 + 쿨러_10,990|_벌크 | _중고_3,910|벌크 + 쿨러_9,570|_벌크 | _중고_3,910|벌크 + 쿨러_9,780|_벌크 | _중고_3,930|벌크 + 쿨러_10,490|_벌크",6090,6090,6090,6090,6090,6090,6090,6090,6090,6090,6090,6090,6090,6090,6090,6090,6090,6090,6090,6090,6090,6090,6090,6090,6090,6090,6090,6090,6090,6090,6090
2783204,인텔 코어i3-4세대 4160 (하스웰 리프레시),인텔 코어i3-4세대 4160,하스웰 리프레시,"병행수입 박스_142,990|벌크 + 쿨러_10,230|_벌크_4,180|_중고 | 병행수입 박스_142,990|벌크 + 쿨러_11,430|_벌크_5,000|_중고 | 병행수입 박스_142,990|벌크 + 쿨러_11,440|_벌크_4,970|_중고 | 병행수입 박스_142,990|벌크 + 쿨러_11,450|_벌크_4,970|_중고 | 병행수입 박스_142,990|벌크 + 쿨러_11,460|_벌크_4,970|_중고 | 병행수입 박스_142,990|벌크 + 쿨러_11,460|_벌크_5,060|_중고 | 병행수입 박스_142,990|벌크 + 쿨러_11,470|_벌크_5,180|_중고 | 병행수입 박스_142,990|벌크 + 쿨러_11,470|_벌크_5,300|_중고 | 병행수입 박스_142,990|벌크 + 쿨러_11,480|_벌크_4,970|_중고 | 병행수입 박스_142,990|벌크 + 쿨러_11,590|_벌크_5,700|_중고 | 병행수입 박스_142,990|벌크 + 쿨러_9,760|_벌크_3,910|_중고 | 병행수입 박스_142,990|벌크 + 쿨러_9,780|_벌크_3,910|_중고 | 병행수입 박스_142,990|벌크 + 쿨러_9,780|_벌크_3,920|_중고 | 병행수입 박스_142,990|벌크 + 쿨러_9,780|_벌크_4,060|_중고",4310,4310,4310,4310,4310,4310,4310,4310,4310,4310,4310,4310,4310,4310,4310,4310,4190,4190,4190,4190,4190,4190,4190,4190,4190,4190,4190,4190,4190,4190,4190
3116506,인텔 코어i3-4세대 4170 (하스웰 리프레시),인텔 코어i3-4세대 4170,하스웰 리프레시,"_벌크 + 쿨러_10,390|벌크_4,900|_중고 | _벌크 + 쿨러_11,990|벌크_6,990|_중고 | _벌크 + 쿨러_11,990|벌크_7,000|_중고 | 벌크 + 쿨러_9,890|_벌크_4,900|_중고 | 벌크 + 쿨러_9,900|_벌크_4,900|_중고",4970,4970,4970,4970,4970,4970,4970,4970,4970,4970,4970,4970,4970,4970,4970,4970,4450,4450,4450,4450,4450,4450,4450,4450,4450,4450,4450,4450,4450,4450,4450
6112499,인텔 코어i3-4세대 4330 (하스웰),인텔 코어i3-4세대 4330,하스웰,중고,15450,15450,15450,15450,15300,15520,15300,15300,0,0,0,0,15150,15150,15000,15000,15297,15297,0,0,0,0,15290,15460,15460,15520,14040,14040,14040,0,0
6112504,인텔 코어i3-4세대 4360 (하스웰 리프레시),인텔 코어i3-4세대 4360,하스웰 리프레시,중고,11380,11380,11380,11380,11380,11380,0,11380,11380,11380,11380,11380,11380,11380,0,11630,0,0,0,0,11630,11630,11630,11630,11630,11630,11630,11630,11630,11630,11630
6112509,인텔 코어i3-4세대 4370 (하스웰 리프레시),인텔 코어i3-4세대 4370,하스웰 리프레시,중고,14200,0,0,0,0,0,0,0,0,0,14200,14200,14200,14200,14200,14200,14200,14200,14200,14200,14200,0,0,14200,14200,14200,14200,0,0,14200,0
3471458,인텔 코어i3-6세대 6100 (스카이레이크),인텔 코어i3-6세대 6100,스카이레이크,"_벌크 + 쿨러_19,920|벌크_14,460|_중고 | _벌크 + 쿨러_19,930|벌크_14,470|_중고 | _벌크 + 쿨러_20,200|벌크_14,740|_중고 | _벌크 + 쿨러_20,280|벌크_14,740|_중고 | _벌크 + 쿨러_20,400|벌크_14,860|_중고 | _벌크 + 쿨러_20,520|벌크_14,980|_중고 | _벌크 + 쿨러_20,570|벌크_15,030|_중고 | _벌크 + 쿨러_20,670|벌크_15,220|_중고 | _벌크 + 쿨러_20,800|벌크_15,340|_중고 | _벌크 + 쿨러_20,810|벌크_15,380|_중고 | _벌크 + 쿨러_20,810|벌크_15,410|_중고 | _벌크 + 쿨러_20,840|벌크_15,530|_중고 | _벌크 + 쿨러_20,920|벌크_15,460|_중고 | _벌크 + 쿨러_20,960|벌크_15,650|_중고 | _벌크 + 쿨러_21,080|벌크_15,390|_중고 | _벌크 + 쿨러_21,670|벌크_15,830|_중고 | _벌크 + 쿨러_21,690|벌크_15,830|_중고 | _벌크 + 쿨러_21,790|벌크_15,830|_중고 | _벌크 + 쿨러_21,840|벌크_15,830|_중고 | _벌크 + 쿨러_21,870|벌크_15,830|_중고",14990,14990,14990,14990,14990,14990,14990,14990,14990,14990,14990,14990,14890,14890,14890,14890,14690,14550,14390,14590,14560,14440,14480,14360,14340,14300,14250,14220,14130,12990,12990
3493032,인텔 코어i3-6세대 6300 (스카이레이크),인텔 코어i3-6세대 6300,스카이레이크,"_벌크_16,500|_중고 | _벌크_20,000|_중고 | _벌크_20,500|_중고 | _벌크_23,290|_중고",24160,24160,24160,24160,24160,24160,24160,24160,24160,24160,24160,24160,24160,24160,24160,24160,24160,24160,24160,24160,24160,24160,24160,24160,24160,24160,24160,24160,24160,24160,24160
3493081,인텔 코어i3-6세대 6320 (스카이레이크),인텔 코어i3-6세대 6320,스카이레이크,"_벌크_28,230|_중고 | _벌크_28,770|_중고 | _벌크_28,800|_중고 | _벌크_28,830|_중고 | _벌크_28,940|_중고 | _벌크_29,060|_중고 | _벌크_29,180|_중고 | _벌크_29,300|_중고 | _벌크_29,350|_중고 | _벌크_29,540|_중고 | _벌크_29,660|_중고 | _벌크_29,780|_중고 | _벌크_29,900|_중고 | _벌크_30,020|_중고 | _벌크_30,140|_중고 | _벌크_30,260|_중고 | _벌크_30,290|_중고 | _벌크_30,300|_중고 | _벌크_30,310|_중고",32820,32820,32820,32820,32490,15000,15000,15000,15000,15000,15000,33360,32610,32820,32820,32820,32825,32825,31850,32825,32670,33502,33570,33200,33200,33430,30240,30240,30240,30240,32490
4880955,인텔 코어i3-7세대 7100 (카비레이크),인텔 코어i3-7세대 7100,카비레이크,"_벌크 + 쿨러_23,060|벌크_19,810|해외구매_143,400|_중고 | _벌크 + 쿨러_23,390|벌크_18,100|해외구매_143,400|_중고 | _벌크 + 쿨러_23,390|벌크_18,160|해외구매_143,400|_중고 | _벌크 + 쿨러_23,390|벌크_18,280|해외구매_143,400|_중고 | _벌크 + 쿨러_23,390|벌크_18,330|해외구매_143,400|_중고 | _벌크 + 쿨러_23,390|벌크_19,780|해외구매_143,400|_중고 | _벌크 + 쿨러_24,890|벌크_21,380|해외구매_143,400|_중고 | _벌크 + 쿨러_24,890|벌크_21,440|해외구매_143,400|_중고 | _벌크 + 쿨러_24,890|벌크_21,560|해외구매_143,400|_중고 | _벌크 + 쿨러_24,890|벌크_21,680|해외구매_143,400|_중고 | _벌크 + 쿨러_24,890|벌크_21,800|해외구매_143,400|_중고 | _벌크 + 쿨러_24,890|벌크_21,920|해외구매_143,400|_중고 | _벌크 + 쿨러_24,890|벌크_22,040|해외구매_143,400|_중고 | _벌크 + 쿨러_24,890|벌크_22,160|해외구매_143,400|_중고 | _벌크 + 쿨러_24,890|벌크_22,280|해외구매_143,400|_중고 | _벌크 + 쿨러_24,890|벌크_22,400|해외구매_143,400|_중고 | _벌크 + 쿨러_27,150|벌크_22,520|해외구매_143,400|_중고 | _벌크 + 쿨러_27,240|벌크_22,630|해외구매_143,400|_중고 | _벌크 + 쿨러_27,250|벌크_22,630|해외구매_143,400|_중고 | _벌크 + 쿨러_27,330|벌크_22,710|해외구매_143,400|_중고 | _벌크 + 쿨러_27,410|벌크_22,780|해외구매_143,400|_중고 | _벌크 + 쿨러_27,410|벌크_22,790|해외구매_143,400|_중고",18800,18800,18800,18690,18600,18560,18500,18470,18350,18230,18110,18090,18090,18090,18190,18190,18110,18100,18100,18100,18100,18100,18100,18100,18100,18100,18100,18100,18100,18100,17990
7812055,인텔 코어i3-7세대 7320 (카비레이크),인텔 코어i3-7세대 7320,카비레이크,중고,55500,55500,55500,55500,55500,55500,55500,55500,55500,55500,55500,0,0,0,0,0,0,0,0,0,0,0,0,0,0,0,0,0,0,0,0
5569026,인텔 코어i3-8세대 8100 (커피레이크),인텔 코어i3-8세대 8100,커피레이크,"_벌크 + 쿨러_41,200|벌크_36,650|_중고 | _벌크 + 쿨러_41,210|벌크_36,660|_중고 | _벌크 + 쿨러_41,830|벌크_37,280|_중고 | _벌크 + 쿨러_41,950|벌크_37,400|_중고 | _벌크 + 쿨러_41,980|벌크_37,430|_중고 | _벌크 + 쿨러_42,030|벌크_37,480|_중고 | _벌크 + 쿨러_42,060|벌크_37,510|_중고 | _벌크 + 쿨러_42,070|벌크_37,520|_중고 | _벌크 + 쿨러_42,190|벌크_37,060|_중고 | _벌크 + 쿨러_42,310|벌크_37,180|_중고 | _벌크 + 쿨러_42,430|벌크_37,300|_중고 | _벌크 + 쿨러_42,550|벌크_37,420|_중고 | _벌크 + 쿨러_42,600|벌크_37,470|_중고 | _벌크 + 쿨러_42,790|벌크_37,570|_중고 | _벌크 + 쿨러_42,820|벌크_37,790|_중고 | _벌크 + 쿨러_44,990|벌크_38,690|_중고 | _벌크 + 쿨러_44,990|벌크_38,700|_중고 | _벌크 + 쿨러_44,990|벌크_38,890|_중고 | _벌크 + 쿨러_49,440|벌크_38,900|_중고 | _벌크 + 쿨러_49,490|벌크_41,500|_중고 | _벌크 + 쿨러_49,490|벌크_43,490|_중고 | _벌크 + 쿨러_50,560|벌크_38,890|_중고 | _벌크 + 쿨러_50,680|벌크_38,900|_중고 | _벌크 + 쿨러_50,800|벌크_38,990|_중고 | _벌크 + 쿨러_50,920|벌크_38,990|_중고 | _벌크 + 쿨러_50,950|벌크_39,000|_중고",43490,43490,43490,43490,38310,37990,37990,37990,37990,37990,37990,37990,37990,37990,37990,37990,37000,37000,37000,37000,37000,37000,37000,37000,37000,37000,37000,37000,37000,36990,36990
7893865,인텔 코어i3-8세대 8350K (커피레이크),인텔 코어i3-8세대 8350K,커피레이크,해외구매,328100,328100,328100,328100,328100,0,0,0,0,0,0,0,0,0,0,0,0,0,0,0,0,0,0,0,328100,328100,328100,328100,328100,328100,0
10864506,인텔 코어i3-9세대 9100 (커피레이크-R),인텔 코어i3-9세대 9100,커피레이크-R,"_벌크 + 쿨러_110,990|_벌크_90,290|해외구매_270,100|중고 | _벌크 + 쿨러_111,030|_벌크_90,290|해외구매_270,100|중고 | _벌크 + 쿨러_111,150|_벌크_90,290|해외구매_270,100|중고 | _벌크 + 쿨러_111,180|_벌크_90,290|해외구매_125,800|중고 | _벌크 + 쿨러_111,180|_벌크_90,290|해외구매_270,100|중고 | _벌크 + 쿨러_94,660|_벌크_90,290|해외구매_125,800|중고 | _벌크 + 쿨러_94,780|_벌크_90,290|해외구매_125,800|중고 | _벌크 + 쿨러_94,900|_벌크_90,290|해외구매_125,800|중고 | _벌크 + 쿨러_94,950|_벌크_90,290|해외구매_125,800|중고 | _벌크 + 쿨러_95,140|_벌크_90,290|해외구매_125,800|중고 | _벌크 + 쿨러_95,260|_벌크_85,000|해외구매_125,800|중고 | _벌크 + 쿨러_95,380|_벌크_85,000|해외구매_125,800|중고 | _벌크 + 쿨러_95,500|_벌크_85,000|해외구매_125,800|중고 | _벌크 + 쿨러_95,620|_벌크_85,000|해외구매_125,800|중고 | _벌크 + 쿨러_95,740|_벌크_85,000|해외구매_125,800|중고 | _벌크 + 쿨러_95,860|_벌크_85,000|해외구매_251,690|중고 | _벌크 + 쿨러_95,970|_벌크_85,000|해외구매_251,690|중고 | _벌크 + 쿨러_96,990|_벌크_85,000|해외구매_125,800|중고 | _벌크 + 쿨러_96,990|_벌크_85,000|해외구매_234,070|중고 | _벌크 + 쿨러_96,990|_벌크_85,000|해외구매_251,690|중고 | _벌크 + 쿨러_96,990|_벌크_90,290|해외구매_125,800|중고",67900,67900,64990,64990,64950,64950,64850,64820,64700,64580,64990,64990,64990,64990,64990,64990,64990,64990,64990,64990,64990,64990,64990,64990,64990,64990,64990,64990,64990,64990,64910
7914736,인텔 코어i3-9세대 9100F (커피레이크-R),인텔 코어i3-9세대 9100F,커피레이크-R,"_정품_138,730|_벌크 + 쿨러_50,490|벌크_44,490|중고 | _정품_138,730|_벌크 + 쿨러_50,500|벌크_44,490|중고 | _정품_138,730|벌크 + 쿨러_48,990|벌크_42,990|_중고 | _정품_259,700|_벌크 + 쿨러_50,500|벌크_44,490|중고 | _정품_259,700|_벌크 + 쿨러_50,990|벌크_44,990|중고 | _정품_259,700|_벌크 + 쿨러_52,480|벌크_46,840|중고 | _정품_259,700|_벌크 + 쿨러_52,720|벌크_45,000|중고 | _정품_259,700|_벌크 + 쿨러_52,770|벌크_46,840|중고 | _정품_259,700|_벌크 + 쿨러_53,320|벌크_46,840|중고 | _정품_259,700|_벌크 + 쿨러_53,390|벌크_46,840|중고",39140,39060,38980,38950,36820,36730,36630,36600,36480,39400,39280,39160,39040,39000,38880,38760,38640,38520,38330,38280,38160,38040,37920,37800,37720,37610,37560,37540,39490,39460,39450
11308551,인텔 코어i5-10세대 10400 (코멧레이크S),인텔 코어i5-10세대 10400,코멧레이크S,"_정품_178,410|병행수입 박스_159,120|_벌크 + 쿨러_153,080|벌크_148,220|해외구매_237,200|중고 | _정품_184,770|병행수입 박스_161,690|_벌크 + 쿨러_153,370|벌크_148,160|해외구매_237,200|중고 | _정품_184,770|병행수입 박스_161,700|_벌크 + 쿨러_154,400|벌크_149,230|해외구매_237,200|중고 | _정품_184,770|병행수입 박스_161,700|_벌크 + 쿨러_156,270|벌크_151,100|해외구매_237,200|중고 | _정품_184,770|병행수입 박스_161,900|_벌크 + 쿨러_150,700|벌크_145,040|해외구매_237,200|중고 | _정품_184,770|병행수입 박스_161,900|_벌크 + 쿨러_151,230|벌크_148,060|해외구매_237,090|중고 | _정품_184,770|병행수입 박스_161,900|_벌크 + 쿨러_151,580|벌크_146,250|해외구매_237,200|중고 | _정품_184,770|병행수입 박스_161,900|_벌크 + 쿨러_151,590|벌크_145,560|해외구매_237,200|중고 | _정품_184,770|병행수입 박스_161,900|_벌크 + 쿨러_151,670|벌크_146,420|해외구매_237,200|중고 | _정품_184,770|병행수입 박스_161,900|_벌크 + 쿨러_151,750|벌크_146,410|해외구매_237,200|중고 | _정품_184,770|병행수입 박스_161,900|_벌크 + 쿨러_151,850|벌크_146,370|해외구매_237,200|중고 | _정품_184,770|병행수입 박스_161,900|_벌크 + 쿨러_152,110|벌크_146,230|해외구매_237,200|중고 | _정품_184,770|병행수입 박스_161,900|_벌크 + 쿨러_152,240|벌크_148,060|해외구매_236,560|중고 | _정품_184,770|병행수입 박스_161,900|_벌크 + 쿨러_152,800|벌크_147,630|해외구매_237,200|중고 | _정품_184,770|병행수입 박스_161,900|_벌크 + 쿨러_152,950|벌크_147,750|해외구매_237,200|중고 | _정품_184,770|병행수입 박스_161,900|_벌크 + 쿨러_153,130|벌크_148,060|해외구매_236,550|중고 | _정품_184,770|병행수입 박스_161,900|_벌크 + 쿨러_153,190|벌크_147,620|해외구매_237,200|중고 | _정품_184,770|병행수입 박스_161,900|_벌크 + 쿨러_153,260|벌크_148,060|해외구매_237,190|중고 | _정품_184,770|병행수입 박스_161,900|_벌크 + 쿨러_156,900|벌크_151,720|해외구매_237,200|중고 | _정품_184,770|병행수입 박스_161,900|벌크 + 쿨러_153,250|_벌크_148,050|해외구매_237,190|중고 | _정품_186,600|병행수입 박스_161,900|벌크 + 쿨러_153,250|_벌크_148,050|해외구매_237,190|중고",148950,148940,142080,142050,141960,138280,138280,138280,138280,138280,138280,138280,138280,138280,139040,139040,139040,139040,139040,139040,139040,139040,139040,139040,139040,139040,139040,139040,139040,139040,139040
11489973,인텔 코어i5-10세대 10400F (코멧레이크S),인텔 코어i5-10세대 10400F,코멧레이크S,"_정품_128,680|병행수입 박스_113,120|_벌크 + 쿨러_105,320|벌크_100,190|해외구매_202,200|중고 | _정품_128,680|병행수입 박스_113,120|벌크 + 쿨러_105,070|_벌크_99,950|해외구매_204,880|중고 | _정품_128,680|병행수입 박스_113,120|벌크 + 쿨러_105,190|_벌크_100,060|해외구매_201,950|중고 | _정품_128,680|병행수입 박스_113,120|벌크 + 쿨러_105,560|_벌크_100,410|해외구매_202,850|중고 | _정품_128,680|병행수입 박스_113,120|벌크 + 쿨러_105,740|_벌크_100,640|해외구매_204,900|중고 | _정품_128,680|병행수입 박스_113,130|_벌크 + 쿨러_105,740|벌크_100,640|해외구매_204,900|중고 | _정품_128,680|병행수입 박스_113,130|벌크 + 쿨러_105,420|_벌크_100,250|해외구매_204,900|중고 | _정품_128,680|병행수입 박스_113,130|벌크 + 쿨러_105,750|_벌크_100,650|해외구매_203,340|중고 | _정품_128,680|병행수입 박스_118,110|_벌크 + 쿨러_105,740|벌크_100,640|해외구매_204,860|중고 | _정품_128,680|병행수입 박스_118,110|_벌크 + 쿨러_105,740|벌크_100,640|해외구매_204,900|중고 | _정품_128,680|병행수입 박스_118,110|벌크 + 쿨러_105,740|_벌크_100,640|해외구매_204,900|중고 | _정품_128,680|병행수입 박스_118,110|벌크 + 쿨러_106,190|_벌크_100,640|해외구매_204,230|중고 | _정품_128,680|병행수입 박스_118,110|벌크 + 쿨러_106,190|_벌크_100,640|해외구매_204,350|중고 | _정품_128,680|병행수입 박스_118,110|벌크 + 쿨러_106,190|_벌크_100,640|해외구매_204,470|중고 | _정품_128,680|병행수입 박스_118,110|벌크 + 쿨러_106,190|_벌크_100,640|해외구매_204,580|중고 | _정품_128,680|병행수입 박스_118,110|벌크 + 쿨러_106,190|_벌크_100,640|해외구매_204,650|중고 | _정품_128,680|병행수입 박스_118,110|벌크 + 쿨러_106,190|_벌크_100,640|해외구매_204,760|중고 | _정품_130,200|병행수입 박스_119,300|벌크 + 쿨러_106,190|_벌크_100,640|해외구매_204,220|중고 | _정품_130,760|병행수입 박스_113,950|벌크 + 쿨러_106,270|_벌크_101,170|해외구매_203,680|중고 | _정품_130,760|병행수입 박스_113,960|벌크 + 쿨러_105,590|_벌크_100,370|해외구매_203,840|중고 | _정품_130,760|병행수입 박스_113,960|벌크 + 쿨러_105,590|_벌크_100,370|해외구매_203,990|중고 | _정품_130,760|병행수입 박스_113,960|벌크 + 쿨러_105,590|_벌크_100,370|해외구매_204,230|중고 | _정품_133,870|병행수입 박스_113,960|_벌크 + 쿨러_106,730|벌크_101,450|해외구매_204,640|중고 | _정품_137,230|병행수입 박스_115,000|_벌크 + 쿨러_107,280|벌크_102,160|해외구매_184,200|중고 | _정품_138,020|병행수입 박스_117,070|_벌크 + 쿨러_108,140|벌크_103,100|해외구매_184,200|중고 | _정품_139,630|병행수입 박스_117,280|_벌크 + 쿨러_108,540|벌크_103,250|해외구매_184,200|중고",128790,128790,128790,128790,112990,112990,112990,112990,112990,112990,112990,112990,112990,112990,112990,112990,112990,112990,112990,112990,112990,112990,106990,106990,106990,106990,106990,106990,106990,106990,106990
11480766,인텔 코어i5-10세대 10500 (코멧레이크S),인텔 코어i5-10세대 10500,코멧레이크S,"_벌크 + 쿨러_188,580|_벌크_180,970|중고 | _벌크 + 쿨러_190,880|_벌크_180,980|중고 | _벌크 + 쿨러_191,080|_벌크_180,970|중고 | _벌크 + 쿨러_191,100|_벌크_180,980|중고 | _벌크 + 쿨러_191,310|_벌크_180,970|중고 | _벌크 + 쿨러_191,330|_벌크_180,980|중고 | _벌크 + 쿨러_192,520|_벌크_180,970|중고 | _벌크 + 쿨러_192,520|_벌크_180,980|중고 | _벌크 + 쿨러_195,630|_벌크_180,980|중고 | _벌크 + 쿨러_204,350|_벌크_180,980|중고 | _벌크 + 쿨러_204,350|_벌크_193,100|중고",183150,183150,170330,183150,183150,183140,183140,183140,183140,183140,183140,183140,183140,183140,183140,183140,183140,183140,183140,183140,183140,183140,183140,183140,183140,183140,183140,183140,183140,183140,183140
11405469,인텔 코어i5-10세대 10600 (코멧레이크S),인텔 코어i5-10세대 10600,코멧레이크S,정품,426250,426250,426250,426250,426250,426250,426250,426250,426250,426250,426250,426250,426250,426250,426250,426250,426250,426250,426250,426250,426250,426250,426250,426250,426250,426250,426250,426250,426250,426250,426250
11430906,인텔 코어i5-10세대 10600K (코멧레이크S),인텔 코어i5-10세대 10600K,코멧레이크S,"_정품_426,250|_벌크 + 쿨러_191,000|벌크_185,480|해외구매_373,600|중고 | _정품_426,250|_벌크 + 쿨러_191,000|벌크_185,830|해외구매_369,100|중고 | _정품_426,250|_벌크 + 쿨러_191,000|벌크_185,830|해외구매_373,600|중고 | _정품_426,250|_벌크 + 쿨러_191,000|벌크_185,830|해외구매_406,590|중고 | _정품_426,250|벌크 + 쿨러_186,750|_벌크_179,500|해외구매_373,600|중고 | _정품_426,250|벌크 + 쿨러_186,750|_벌크_179,500|해외구매_406,590|중고",199950,199950,198940,205660,205570,205530,205450,205340,205220,205100,204980,204860,204740,204620,204500,204380,204260,204140,203950,203900,203780,203660,203540,203420,203410,203380,203330,203300,203180,203060,203050
12110750,인텔 코어i5-10세대 10600KF (코멧레이크S),인텔 코어i5-10세대 10600KF,코멧레이크S,"_벌크 + 쿨러_149,490|_벌크_144,490|해외구매 | _벌크 + 쿨러_154,470|_벌크_149,300|해외구매 | _벌크 + 쿨러_154,630|_벌크_149,460|해외구매",230160,230160,230160,230160,230160,230160,230160,230160,230160,230160,230160,230160,230160,230160,230160,240860,240860,240860,240860,240860,240860,240860,240860,240860,240860,240860,240860,240860,240860,240860,240860
13619846,인텔 코어i5-11세대 11400 (로켓레이크S),인텔 코어i5-11세대 11400,로켓레이크S,"_정품_175,780|_벌크 + 쿨러_112,010|벌크_107,670|해외구매_289,900|중고 | _정품_175,780|_벌크 + 쿨러_114,060|벌크_108,980|해외구매_289,900|중고 | _정품_178,560|벌크 + 쿨러_110,390|_벌크_105,400|해외구매_289,900|중고 | _정품_181,100|벌크 + 쿨러_119,790|_벌크_116,060|중고 | _정품_181,310|벌크 + 쿨러_114,060|_벌크_108,890|해외구매_289,900|중고 | _정품_181,530|_벌크 + 쿨러_112,680|벌크_108,440|해외구매_289,900|중고 | _정품_181,530|벌크 + 쿨러_119,390|_벌크_114,140|중고 | _정품_181,730|벌크 + 쿨러_119,520|_벌크_114,270|중고 | _정품_181,950|벌크 + 쿨러_119,670|_벌크_114,280|해외구매_325,780|중고 | _정품_182,150|_벌크 + 쿨러_131,710|벌크_126,530|중고 | _정품_182,150|_벌크 + 쿨러_132,290|벌크_127,970|중고 | _정품_182,150|_벌크 + 쿨러_132,300|벌크_127,980|중고 | _정품_182,150|벌크 + 쿨러_108,770|_벌크_103,590|해외구매_289,900|중고 | _정품_182,150|벌크 + 쿨러_110,270|_벌크_105,290|해외구매_289,900|중고 | _정품_182,150|벌크 + 쿨러_110,380|_벌크_105,390|해외구매_289,900|중고 | _정품_182,150|벌크 + 쿨러_110,390|_벌크_105,400|해외구매_289,900|중고 | _정품_182,150|벌크 + 쿨러_114,270|_벌크_112,350|해외구매_289,900|중고 | _정품_182,150|벌크 + 쿨러_122,430|_벌크_117,720|중고 | _정품_182,150|벌크 + 쿨러_122,430|_벌크_117,840|중고 | _정품_182,150|벌크 + 쿨러_122,700|_벌크_117,540|중고 | _정품_182,150|벌크 + 쿨러_122,700|_벌크_126,530|중고 | _정품_182,150|벌크 + 쿨러_131,710|_벌크_126,530|중고 | _정품_183,600|_벌크 + 쿨러_132,290|벌크_127,970|중고",194380,194380,180780,194380,194380,194380,194380,194380,194380,194380,194380,194380,194380,194380,194380,194380,194380,194380,194380,194380,194380,194380,194380,194380,194380,194380,194380,194380,194380,194380,194380
13753394,인텔 코어i5-11세대 11400F (로켓레이크S),인텔 코어i5-11세대 11400F,로켓레이크S,"_정품_151,030|벌크 + 쿨러_105,630|_벌크_100,380|해외구매 | _정품_151,390|벌크 + 쿨러_104,570|_벌크_97,580|해외구매 | _정품_151,750|벌크 + 쿨러_94,210|_벌크_87,470|해외구매 | _정품_152,210|벌크 + 쿨러_93,260|_벌크_87,370|해외구매 | _정품_152,460|벌크 + 쿨러_89,970|_벌크_85,370|해외구매 | _정품_152,560|벌크 + 쿨러_90,680|_벌크_85,450|해외구매 | _정품_152,600|벌크 + 쿨러_90,680|_벌크_85,450|해외구매 | _정품_152,830|벌크 + 쿨러_90,680|_벌크_85,450|해외구매 | _정품_153,200|벌크 + 쿨러_90,590|_벌크_85,360|해외구매 | _정품_153,330|벌크 + 쿨러_109,880|_벌크_104,800|해외구매 | _정품_153,330|벌크 + 쿨러_113,000|_벌크_106,660|해외구매 | _정품_153,330|벌크 + 쿨러_113,000|_벌크_107,630|해외구매 | _정품_153,450|벌크 + 쿨러_90,680|_벌크_85,450|해외구매 | 정품_142,840|_벌크 + 쿨러_87,620|_벌크_82,620|해외구매 | 정품_142,840|_벌크 + 쿨러_89,030|_벌크_83,800|해외구매 | 정품_151,090|_벌크 + 쿨러_109,890|_벌크_104,810|해외구매 | 정품_152,150|_벌크 + 쿨러_109,890|_벌크_104,810|해외구매 | 정품_153,330|_벌크 + 쿨러_109,880|_벌크_104,800|해외구매 | 정품_153,340|_벌크 + 쿨러_108,220|_벌크_103,140|해외구매 | 정품_153,340|_벌크 + 쿨러_109,460|_벌크_104,080|해외구매 | 정품_153,340|_벌크 + 쿨러_109,890|_벌크_104,810|해외구매 | 정품_153,340|_벌크 + 쿨러_110,230|_벌크_105,730|해외구매 | 정품_153,340|_벌크 + 쿨러_110,510|_벌크_105,430|해외구매 | 정품_154,360|_벌크 + 쿨러_105,510|_벌크_100,580|해외구매",215000,215000,200870,200870,215000,215000,215000,215000,215000,215000,215000,215000,215000,215000,215000,226300,226300,226300,226300,226300,226300,226300,226300,226300,226300,226300,226300,215600,226300,226300,226300
13619897,인텔 코어i5-11세대 11500 (로켓레이크S),인텔 코어i5-11세대 11500,로켓레이크S,"_정품_291,370|_벌크 + 쿨러_201,340|벌크 | _정품_300,950|_벌크 + 쿨러_169,310|벌크 | _정품_300,950|_벌크 + 쿨러_193,050|벌크 | _정품_300,950|_벌크 + 쿨러_199,820|벌크 | _정품_300,950|_벌크 + 쿨러_201,340|벌크",194150,194150,196170,196170,190000,190000,190000,190000,190000,190000,187880,187880,187880,187880,187880,162710,162710,162710,162710,162710,162710,162710,162710,162710,162710,162710,162710,162710,162710,162710,162710
13619939,인텔 코어i5-11세대 11600K (로켓레이크S),인텔 코어i5-11세대 11600K,로켓레이크S,"_정품_352,590|병행수입 박스_188,400|_벌크 + 쿨러_186,690|벌크_181,500|해외구매 | _정품_352,600|병행수입 박스_188,400|_벌크 + 쿨러_186,690|벌크_181,500|해외구매 | _정품_352,770|_병행수입 박스_184,790|벌크 + 쿨러_182,120|벌크_178,380|해외구매 | _정품_352,770|_병행수입 박스_184,800|벌크 + 쿨러_182,120|벌크_178,390|해외구매 | _정품_352,770|병행수입 박스_186,220|_벌크 + 쿨러_186,690|벌크_181,500|해외구매 | _정품_352,770|병행수입 박스_188,400|_벌크 + 쿨러_186,690|벌크_181,500|해외구매",264000,264000,264000,264000,264000,264000,264000,264000,264000,264000,264000,264000,264000,264000,264000,269800,269800,269800,269800,269800,269800,269800,269800,269800,269800,269800,269800,269800,269800,269800,269800
13809869,인텔 코어i5-11세대 11600KF (로켓레이크S),인텔 코어i5-11세대 11600KF,로켓레이크S,"_벌크 + 쿨러_158,770|_벌크",153580,153580,153580,153580,153580,153580,153580,153580,153580,153580,153580,153580,153580,153580,153580,153580,153580,153580,153580,153580,153580,153580,153580,153580,153580,153580,153580,153580,153580,153580,153580
16101326,인텔 코어i5-12세대 12400 (엘더레이크),인텔 코어i5-12세대 12400,엘더레이크,"_정품_184,500|벌크 + 쿨러_171,990|_벌크_161,000|해외구매 | _정품_184,700|벌크 + 쿨러_171,990|_벌크_161,510|해외구매 | _정품_189,000|벌크 + 쿨러_175,290|_벌크_165,350|해외구매 | _정품_189,000|벌크 + 쿨러_175,440|_벌크_165,350|해외구매 | _정품_189,800|벌크 + 쿨러_177,100|_벌크_161,000|해외구매 | _정품_190,680|벌크 + 쿨러_176,670|_벌크_162,490|해외구매 | _정품_190,760|벌크 + 쿨러_175,950|_벌크_166,760|해외구매 | _정품_190,810|벌크 + 쿨러_176,570|_벌크_166,410|해외구매 | _정품_191,200|벌크 + 쿨러_176,580|_벌크_166,410|해외구매 | _정품_191,570|벌크 + 쿨러_176,670|_벌크_164,050|해외구매 | _정품_191,620|벌크 + 쿨러_176,670|_벌크_161,900|해외구매 | _정품_191,620|벌크 + 쿨러_176,670|_벌크_166,520|해외구매 | _정품_193,480|_벌크 + 쿨러_175,740|벌크_165,560|해외구매 | _정품_193,480|벌크 + 쿨러_175,240|_벌크_165,540|해외구매 | _정품_196,910|벌크 + 쿨러_175,020|_벌크_165,440|해외구매 | _정품_196,910|벌크 + 쿨러_175,940|_벌크_164,210|해외구매 | _정품_196,910|벌크 + 쿨러_175,940|_벌크_165,250|해외구매 | _정품_201,050|_벌크 + 쿨러_175,940|벌크_165,870|해외구매 | _정품_201,050|벌크 + 쿨러_175,940|_벌크_165,870|해외구매 | _정품_201,260|_벌크 + 쿨러_175,430|벌크_165,230|해외구매 | _정품_201,260|_벌크 + 쿨러_175,430|벌크_165,240|해외구매 | _정품_201,260|_벌크 + 쿨러_175,920|벌크_165,220|해외구매 | _정품_201,260|_벌크 + 쿨러_175,920|벌크_165,230|해외구매 | _정품_201,260|벌크 + 쿨러_175,430|_벌크_165,230|해외구매 | _정품_201,260|벌크 + 쿨러_175,650|_벌크_165,460|해외구매 | _정품_201,270|_벌크 + 쿨러_175,940|벌크_165,860|해외구매 | _정품_201,270|벌크 + 쿨러_175,940|_벌크_165,860|해외구매",293280,293280,293280,293280,293280,293280,293280,293280,293280,293280,320790,320790,320790,320790,320790,320790,320790,320790,320790,320790,320790,300590,300590,300590,300590,300590,300590,300590,283300,283300,283300
16101353,인텔 코어i5-12세대 12400F (엘더레이크),인텔 코어i5-12세대 12400F,엘더레이크,"_정품_137,670|벌크 + 쿨러_131,640|_벌크_120,000|해외구매 | _정품_138,910|벌크 + 쿨러_134,150|_벌크_123,330|해외구매 | _정품_143,340|벌크 + 쿨러_135,910|_벌크_122,440|해외구매 | _정품_143,580|벌크 + 쿨러_131,040|_벌크_121,950|해외구매 | _정품_143,950|벌크 + 쿨러_134,260|_벌크_123,210|해외구매 | _정품_143,990|벌크 + 쿨러_134,930|_벌크_123,810|해외구매 | _정품_144,160|벌크 + 쿨러_135,000|_벌크_123,330|해외구매 | _정품_144,310|벌크 + 쿨러_134,180|_벌크_123,330|해외구매 | _정품_144,310|벌크 + 쿨러_134,290|_벌크_123,330|해외구매 | _정품_144,490|벌크 + 쿨러_134,510|_벌크_123,340|해외구매 | _정품_144,520|벌크 + 쿨러_135,000|_벌크_120,500|해외구매 | _정품_144,520|벌크 + 쿨러_135,010|_벌크_123,200|해외구매 | _정품_144,640|벌크 + 쿨러_136,020|_벌크_124,990|해외구매 | _정품_144,690|벌크 + 쿨러_134,410|_벌크_123,200|해외구매 | _정품_144,820|벌크 + 쿨러_135,010|_벌크_123,200|해외구매 | _정품_144,840|벌크 + 쿨러_134,100|_벌크_122,900|해외구매 | _정품_144,850|벌크 + 쿨러_135,010|_벌크_123,200|해외구매 | _정품_146,290|벌크 + 쿨러_134,100|_벌크_122,900|해외구매 | _정품_146,300|벌크 + 쿨러_134,100|_벌크_122,900|해외구매 | _정품_147,600|벌크 + 쿨러_133,890|_벌크_122,170|해외구매 | _정품_147,600|벌크 + 쿨러_134,100|_벌크_122,890|해외구매 | _정품_147,600|벌크 + 쿨러_135,420|_벌크_123,420|해외구매 | _정품_147,700|벌크 + 쿨러_133,870|_벌크_122,100|해외구매 | _정품_147,990|벌크 + 쿨러_133,870|_벌크_122,090|해외구매 | _정품_147,990|벌크 + 쿨러_133,870|_벌크_122,160|해외구매 | _정품_148,000|벌크 + 쿨러_134,510|_벌크_122,800|해외구매",151680,151680,141060,151680,151680,151680,151680,151680,151680,151680,151680,151680,151680,151680,151680,151680,151680,151680,151680,151680,151680,151680,151680,151680,151680,151680,151680,151680,151680,151680,151680
17811980,인텔 코어i5-12세대 12400T (엘더레이크),인텔 코어i5-12세대 12400T,엘더레이크,벌크,387990,387990,387990,387990,387990,387990,387990,387990,387990,387990,387990,387990,387990,387990,387990,387990,387990,387990,387990,387990,387990,387990,387990,387990,387990,387990,387990,387990,387990,387990,387990
16101398,인텔 코어i5-12세대 12500 (엘더레이크),인텔 코어i5-12세대 12500,엘더레이크,"_정품_364,250|벌크 + 쿨러_248,610|_벌크_238,280|해외구매 | _정품_376,000|_벌크 + 쿨러_258,100|벌크_245,260|해외구매 | _정품_376,000|_벌크 + 쿨러_258,100|벌크_245,530|해외구매 | _정품_376,000|_벌크 + 쿨러_258,100|벌크_245,690|해외구매 | _정품_376,000|_벌크 + 쿨러_258,100|벌크_246,010|해외구매 | _정품_376,000|_벌크 + 쿨러_260,080|벌크_245,980|해외구매 | _정품_376,000|벌크 + 쿨러_248,610|_벌크_238,010|해외구매 | _정품_376,000|벌크 + 쿨러_258,100|_벌크_247,990|해외구매 | _정품_376,000|벌크 + 쿨러_258,100|_벌크_248,000|해외구매 | _정품_376,000|벌크 + 쿨러_258,110|_벌크_247,730|해외구매 | _정품_376,000|벌크 + 쿨러_259,250|_벌크_240,740|해외구매 | _정품_376,000|벌크 + 쿨러_259,250|_벌크_241,530|해외구매 | _정품_376,000|벌크 + 쿨러_260,080|_벌크_245,700|해외구매 | _정품_376,000|벌크 + 쿨러_260,080|_벌크_245,740|해외구매 | _정품_376,000|벌크 + 쿨러_260,080|_벌크_245,790|해외구매 | _정품_376,000|벌크 + 쿨러_260,080|_벌크_246,730|해외구매 | _정품_376,000|벌크 + 쿨러_260,080|_벌크_246,820|해외구매 | _정품_376,000|벌크 + 쿨러_260,080|_벌크_246,850|해외구매 | _정품_376,000|벌크 + 쿨러_260,180|_벌크_246,710|해외구매 | _정품_383,630|벌크 + 쿨러_245,440|_벌크_235,900|해외구매 | _정품_383,630|벌크 + 쿨러_245,740|_벌크_236,180|해외구매 | _정품_383,630|벌크 + 쿨러_248,380|_벌크_238,280|해외구매 | _정품_396,000|벌크 + 쿨러_259,370|_벌크_246,230|해외구매 | _정품_396,000|벌크 + 쿨러_259,380|_벌크_246,240|해외구매 | _정품_396,000|벌크 + 쿨러_259,450|_벌크_246,360|해외구매 | _정품_396,000|벌크 + 쿨러_259,450|_벌크_246,480|해외구매 | _정품_396,000|벌크 + 쿨러_259,450|_벌크_246,510|해외구매 | _정품_396,000|벌크 + 쿨러_259,450|_벌크_246,600|해외구매",404680,404680,404680,404680,404680,404680,404680,404680,404680,404680,404680,404680,404680,404680,404680,413580,413580,413580,413580,413580,413580,413580,413580,413580,413580,413580,413580,413580,413580,413580,413580
16393835,인텔 코어i5-12세대 12500T (엘더레이크),인텔 코어i5-12세대 12500T,엘더레이크,벌크,347990,347990,347990,347990,347990,347990,347990,347990,347990,347990,347990,347990,347990,347990,347990,347990,347990,347990,347990,347990,347990,347990,347990,347990,347990,347990,347990,347990,347990,347990,347990
16101431,인텔 코어i5-12세대 12600 (엘더레이크),인텔 코어i5-12세대 12600,엘더레이크,"_정품_411,410|벌크 + 쿨러_411,410|_벌크",347990,347990,347990,347990,347990,348000,348000,348000,348000,348000,348000,348000,348000,348000,348000,348000,348000,348000,348000,348000,348000,348000,348000,348000,348000,348000,0,0,0,0,0
16156169,인텔 코어i5-12세대 12600 (엘더레이크),인텔 코어i5-12세대 12600,엘더레이크,벌크,0,0,0,0,0,0,0,0,0,0,0,0,0,0,0,0,0,0,0,0,0,0,0,0,0,0,348000,348000,348000,348000,348000
15594263,인텔 코어i5-12세대 12600K (엘더레이크),인텔 코어i5-12세대 12600K,엘더레이크,"_정품_259,990|병행수입 박스_334,520|벌크 + 쿨러_264,920|_벌크_254,380|해외구매 | _정품_260,000|병행수입 박스_324,050|_벌크 + 쿨러_265,230|벌크_254,380|해외구매 | _정품_260,000|병행수입 박스_334,520|_벌크 + 쿨러_265,840|벌크_254,380|해외구매 | _정품_260,000|병행수입 박스_334,520|_벌크 + 쿨러_266,670|벌크_254,380|해외구매 | _정품_267,170|병행수입 박스_334,520|벌크 + 쿨러_272,880|_벌크_259,940|해외구매 | _정품_267,470|병행수입 박스_334,520|벌크 + 쿨러_273,020|_벌크_260,200|해외구매 | _정품_267,470|병행수입 박스_334,520|벌크 + 쿨러_273,110|_벌크_260,200|해외구매 | _정품_267,790|병행수입 박스_334,520|벌크 + 쿨러_274,350|_벌크_260,200|해외구매 | _정품_270,610|벌크 + 쿨러_271,860|_벌크_262,690|해외구매 | _정품_270,610|병행수입 박스_327,540|벌크 + 쿨러_268,460|_벌크_261,750|해외구매 | _정품_270,610|병행수입 박스_327,540|벌크 + 쿨러_270,420|_벌크_261,750|해외구매 | _정품_270,610|병행수입 박스_327,540|벌크 + 쿨러_271,860|_벌크_262,690|해외구매 | _정품_270,610|병행수입 박스_327,540|벌크 + 쿨러_271,870|_벌크_262,700|해외구매 | _정품_270,620|병행수입 박스_327,540|벌크 + 쿨러_269,090|_벌크_257,840|해외구매 | _정품_270,620|병행수입 박스_327,540|벌크 + 쿨러_269,310|_벌크_258,130|해외구매 | _정품_270,620|병행수입 박스_327,540|벌크 + 쿨러_269,340|_벌크_258,130|해외구매 | _정품_270,620|병행수입 박스_327,540|벌크 + 쿨러_269,370|_벌크_258,130|해외구매 | _정품_270,620|병행수입 박스_334,520|벌크 + 쿨러_270,360|_벌크_259,050|해외구매 | _정품_270,830|병행수입 박스_334,520|벌크 + 쿨러_263,990|_벌크_254,380|해외구매 | _정품_270,830|병행수입 박스_334,520|벌크 + 쿨러_264,300|_벌크_254,380|해외구매 | _정품_270,830|병행수입 박스_334,520|벌크 + 쿨러_267,020|_벌크_256,040|해외구매 | _정품_270,830|병행수입 박스_334,520|벌크 + 쿨러_271,100|_벌크_260,200|해외구매 | _정품_270,830|병행수입 박스_334,520|벌크 + 쿨러_272,570|_벌크_259,650|해외구매 | _정품_270,830|병행수입 박스_334,520|벌크 + 쿨러_272,880|_벌크_259,940|해외구매 | _정품_270,830|병행수입 박스_334,520|벌크 + 쿨러_274,990|_벌크_260,200|해외구매",310960,310960,310960,310960,310960,310960,310960,310960,310840,310720,309110,309080,308960,308840,308720,308600,308480,308360,308170,308120,308000,307880,291480,291360,291350,291250,291140,291020,290900,290810,305600
15594446,인텔 코어i5-12세대 12600KF (엘더레이크),인텔 코어i5-12세대 12600KF,엘더레이크,"_정품_227,220|벌크 + 쿨러_204,180|_벌크_215,310|해외구매 | _정품_227,760|벌크 + 쿨러_202,490|_벌크_212,030|해외구매 | _정품_227,820|벌크 + 쿨러_202,490|_벌크_212,030|해외구매 | _정품_227,820|벌크 + 쿨러_202,940|_벌크_212,030|해외구매 | _정품_227,960|벌크 + 쿨러_203,730|_벌크_213,060|해외구매 | _정품_228,240|벌크 + 쿨러_203,730|_벌크_213,060|해외구매 | _정품_229,390|벌크 + 쿨러_204,740|_벌크_213,320|해외구매 | _정품_229,930|_벌크 + 쿨러_203,050|벌크_214,280|해외구매 | _정품_230,190|_벌크 + 쿨러_203,050|벌크_215,310|해외구매 | _정품_230,400|벌크 + 쿨러_201,200|_벌크_215,310|해외구매 | _정품_230,400|벌크 + 쿨러_203,620|_벌크_215,310|해외구매 | _정품_230,400|벌크 + 쿨러_204,180|_벌크_215,310|해외구매 | _정품_230,500|벌크 + 쿨러_203,730|_벌크_208,170|해외구매 | _정품_230,500|벌크 + 쿨러_205,190|_벌크_213,410|해외구매 | _정품_230,590|_벌크 + 쿨러_203,050|벌크_212,720|해외구매 | _정품_230,590|벌크 + 쿨러_203,050|_벌크_211,680|해외구매 | _정품_230,700|_벌크 + 쿨러_203,050|벌크_215,310|해외구매 | _정품_230,700|벌크 + 쿨러_197,100|_벌크_215,310|해외구매 | _정품_230,700|벌크 + 쿨러_201,200|_벌크_215,310|해외구매 | _정품_230,700|벌크 + 쿨러_203,610|_벌크_215,310|해외구매 | _정품_234,140|벌크 + 쿨러_202,380|_벌크_211,470|해외구매 | _정품_234,140|벌크 + 쿨러_203,500|_벌크_211,470|해외구매 | _정품_234,150|벌크 + 쿨러_202,600|_벌크_211,480|해외구매",233330,233330,233310,233280,233190,251390,251360,251080,249220,248470,233900,233780,233660,226250,222790,222790,230590,229970,229800,229770,224290,228780,228780,231260,231160,231050,224290,224290,224290,224290,224290
18703208,인텔 코어i5-13세대 13400 (랩터레이크),인텔 코어i5-13세대 13400,랩터레이크,"_정품_276,160|벌크 + 쿨러_259,820|_벌크_242,010|해외구매 | _정품_276,800|벌크 + 쿨러_260,140|_벌크_242,180|해외구매 | _정품_277,480|벌크 + 쿨러_259,990|_벌크_242,550|중고 + 쿨러_243,000|해외구매 | _정품_280,000|벌크 + 쿨러_259,820|_벌크_242,000|해외구매 | _정품_280,050|벌크 + 쿨러_259,990|_벌크_241,630|해외구매 | _정품_280,050|벌크 + 쿨러_259,990|_벌크_241,750|해외구매 | _정품_280,050|벌크 + 쿨러_259,990|_벌크_241,860|해외구매 | _정품_280,050|벌크 + 쿨러_259,990|_벌크_241,970|해외구매 | _정품_281,820|벌크 + 쿨러_259,990|_벌크_241,630|해외구매 | _정품_281,830|벌크 + 쿨러_259,990|_벌크_241,630|해외구매 | _정품_281,830|벌크 + 쿨러_259,990|_벌크_242,450|중고 + 쿨러_243,000|해외구매 | _정품_281,830|벌크 + 쿨러_259,990|_벌크_242,740|해외구매 | _정품_281,840|벌크 + 쿨러_259,990|_벌크_241,630|해외구매 | _정품_281,870|벌크 + 쿨러_259,990|_벌크_241,630|해외구매 | _정품_282,390|벌크 + 쿨러_259,990|_벌크_242,440|중고 + 쿨러_243,000|해외구매 | _정품_282,390|벌크 + 쿨러_259,990|_벌크_242,640|중고 + 쿨러_243,000|해외구매 | _정품_282,390|벌크 + 쿨러_259,990|_벌크_242,760|중고 + 쿨러_243,000|해외구매 | _정품_282,390|벌크 + 쿨러_259,990|_벌크_242,880|중고 + 쿨러_243,000|해외구매 | _정품_282,390|벌크 + 쿨러_259,990|_벌크_242,910|중고 + 쿨러_243,000|해외구매 | _정품_282,390|벌크 + 쿨러_259,990|_벌크_242,960|중고 + 쿨러_243,000|해외구매 | _정품_292,000|벌크 + 쿨러_259,990|_벌크_242,150|중고 + 쿨러_243,000|해외구매 | _정품_292,000|벌크 + 쿨러_259,990|_벌크_242,160|중고 + 쿨러_243,000|해외구매 | _정품_299,060|벌크 + 쿨러_259,990|_벌크_242,280|중고 + 쿨러_243,000|해외구매 | _정품_299,060|벌크 + 쿨러_259,990|_벌크_242,400|중고 + 쿨러_243,000|해외구매 | _정품_299,060|벌크 + 쿨러_259,990|_벌크_242,430|중고 + 쿨러_243,000|해외구매 | _정품_299,060|벌크 + 쿨러_259,990|_벌크_242,480|중고 + 쿨러_243,000|해외구매 | _정품_299,070|벌크 + 쿨러_259,990|_벌크_242,510|중고 + 쿨러_243,000|해외구매 | _정품_299,490|벌크 + 쿨러_259,990|_벌크_242,520|중고 + 쿨러_243,000|해외구매",335090,335090,335090,335090,335090,335090,335090,335090,335090,335090,335090,335090,326990,326990,326990,326990,326990,326990,326990,326990,421190,421190,415690,415690,415690,415690,415690,415690,322000,322000,322000
18640286,인텔 코어i5-13세대 13400 (랩터레이크),인텔 코어i5-13세대 13400,랩터레이크,"_정품_276,160|벌크 + 쿨러_259,820|_벌크_242,010|해외구매 | _정품_276,800|벌크 + 쿨러_260,140|_벌크_242,180|해외구매 | _정품_277,480|벌크 + 쿨러_259,990|_벌크_242,550|중고 + 쿨러_243,000|해외구매 | _정품_280,000|벌크 + 쿨러_259,820|_벌크_242,000|해외구매 | _정품_280,050|벌크 + 쿨러_259,990|_벌크_241,630|해외구매 | _정품_280,050|벌크 + 쿨러_259,990|_벌크_241,750|해외구매 | _정품_280,050|벌크 + 쿨러_259,990|_벌크_241,860|해외구매 | _정품_280,050|벌크 + 쿨러_259,990|_벌크_241,970|해외구매 | _정품_281,820|벌크 + 쿨러_259,990|_벌크_241,630|해외구매 | _정품_281,830|벌크 + 쿨러_259,990|_벌크_241,630|해외구매 | _정품_281,830|벌크 + 쿨러_259,990|_벌크_242,450|중고 + 쿨러_243,000|해외구매 | _정품_281,830|벌크 + 쿨러_259,990|_벌크_242,740|해외구매 | _정품_281,840|벌크 + 쿨러_259,990|_벌크_241,630|해외구매 | _정품_281,870|벌크 + 쿨러_259,990|_벌크_241,630|해외구매 | _정품_282,390|벌크 + 쿨러_259,990|_벌크_242,440|중고 + 쿨러_243,000|해외구매 | _정품_282,390|벌크 + 쿨러_259,990|_벌크_242,640|중고 + 쿨러_243,000|해외구매 | _정품_282,390|벌크 + 쿨러_259,990|_벌크_242,760|중고 + 쿨러_243,000|해외구매 | _정품_282,390|벌크 + 쿨러_259,990|_벌크_242,880|중고 + 쿨러_243,000|해외구매 | _정품_282,390|벌크 + 쿨러_259,990|_벌크_242,910|중고 + 쿨러_243,000|해외구매 | _정품_282,390|벌크 + 쿨러_259,990|_벌크_242,960|중고 + 쿨러_243,000|해외구매 | _정품_292,000|벌크 + 쿨러_259,990|_벌크_242,150|중고 + 쿨러_243,000|해외구매 | _정품_292,000|벌크 + 쿨러_259,990|_벌크_242,160|중고 + 쿨러_243,000|해외구매 | _정품_299,060|벌크 + 쿨러_259,990|_벌크_242,280|중고 + 쿨러_243,000|해외구매 | _정품_299,060|벌크 + 쿨러_259,990|_벌크_242,400|중고 + 쿨러_243,000|해외구매 | _정품_299,060|벌크 + 쿨러_259,990|_벌크_242,430|중고 + 쿨러_243,000|해외구매 | _정품_299,060|벌크 + 쿨러_259,990|_벌크_242,480|중고 + 쿨러_243,000|해외구매 | _정품_299,070|벌크 + 쿨러_259,990|_벌크_242,510|중고 + 쿨러_243,000|해외구매 | _정품_299,490|벌크 + 쿨러_259,990|_벌크_242,520|중고 + 쿨러_243,000|해외구매",335090,335090,335090,335090,335090,335090,335090,335090,335090,335090,335090,335090,326990,326990,326990,326990,326990,326990,326990,326990,421190,421190,415690,415690,415690,415690,415690,415690,322000,322000,322000
18702812,인텔 코어i5-13세대 13400F (랩터레이크),인텔 코어i5-13세대 13400F,랩터레이크,"_정품_226,380|벌크 + 쿨러_220,840|_벌크_211,460|해외구매 | _정품_227,000|벌크 + 쿨러_220,200|_벌크_203,900|해외구매 | _정품_227,000|벌크 + 쿨러_221,590|_벌크_203,900|해외구매 | _정품_228,190|벌크 + 쿨러_219,850|_벌크_208,290|해외구매 | _정품_229,680|벌크 + 쿨러_218,250|_벌크_210,530|해외구매 | _정품_229,680|벌크 + 쿨러_220,060|_벌크_209,490|해외구매 | _정품_229,680|벌크 + 쿨러_220,440|_벌크_202,400|해외구매 | _정품_229,680|벌크 + 쿨러_220,440|_벌크_211,050|해외구매 | _정품_229,680|벌크 + 쿨러_220,840|_벌크_204,000|해외구매 | _정품_229,680|벌크 + 쿨러_221,900|_벌크_211,460|해외구매 | _정품_229,680|벌크 + 쿨러_223,030|_벌크_211,050|해외구매 | _정품_230,110|벌크 + 쿨러_221,900|_벌크_206,220|해외구매 | _정품_230,110|벌크 + 쿨러_222,510|_벌크_207,200|해외구매 | _정품_230,120|벌크 + 쿨러_220,750|_벌크_209,690|해외구매 | _정품_230,430|벌크 + 쿨러_219,810|_벌크_202,000|해외구매 | _정품_230,470|벌크 + 쿨러_218,590|_벌크_207,800|해외구매 | _정품_235,550|벌크 + 쿨러_218,770|_벌크_210,530|해외구매 | _정품_235,550|벌크 + 쿨러_222,000|_벌크_204,990|해외구매 | _정품_235,590|벌크 + 쿨러_222,000|_벌크_205,000|해외구매 | _정품_235,590|벌크 + 쿨러_222,490|_벌크_212,720|해외구매 | _정품_235,590|벌크 + 쿨러_222,490|_벌크_212,730|해외구매 | _정품_235,600|벌크 + 쿨러_222,000|_벌크_212,570|해외구매 | _정품_237,990|벌크 + 쿨러_223,980|_벌크_212,650|해외구매 | _정품_237,990|벌크 + 쿨러_224,490|_벌크_212,650|해외구매 | _정품_238,480|벌크 + 쿨러_221,900|_벌크_212,460|해외구매 | _정품_238,480|벌크 + 쿨러_222,800|_벌크_212,460|해외구매 | _정품_238,480|벌크 + 쿨러_222,800|_벌크_212,660|해외구매 | _정품_238,490|벌크 + 쿨러_221,900|_벌크_212,470|해외구매",280250,280250,280250,280250,287400,287400,323450,324260,324370,325710,324460,324150,327600,321180,323340,323340,326310,329700,329700,329700,329700,329700,328900,248280,248180,248150,248100,248070,247950,247830,247580
18640280,인텔 코어i5-13세대 13400F (랩터레이크),인텔 코어i5-13세대 13400F,랩터레이크,"_정품_226,380|벌크 + 쿨러_220,840|_벌크_211,460|해외구매 | _정품_227,000|벌크 + 쿨러_220,200|_벌크_203,900|해외구매 | _정품_227,000|벌크 + 쿨러_221,590|_벌크_203,900|해외구매 | _정품_228,190|벌크 + 쿨러_219,850|_벌크_208,290|해외구매 | _정품_229,680|벌크 + 쿨러_218,250|_벌크_210,530|해외구매 | _정품_229,680|벌크 + 쿨러_220,060|_벌크_209,490|해외구매 | _정품_229,680|벌크 + 쿨러_220,440|_벌크_202,400|해외구매 | _정품_229,680|벌크 + 쿨러_220,440|_벌크_211,050|해외구매 | _정품_229,680|벌크 + 쿨러_220,840|_벌크_204,000|해외구매 | _정품_229,680|벌크 + 쿨러_221,900|_벌크_211,460|해외구매 | _정품_229,680|벌크 + 쿨러_223,030|_벌크_211,050|해외구매 | _정품_230,110|벌크 + 쿨러_221,900|_벌크_206,220|해외구매 | _정품_230,110|벌크 + 쿨러_222,510|_벌크_207,200|해외구매 | _정품_230,120|벌크 + 쿨러_220,750|_벌크_209,690|해외구매 | _정품_230,430|벌크 + 쿨러_219,810|_벌크_202,000|해외구매 | _정품_230,470|벌크 + 쿨러_218,590|_벌크_207,800|해외구매 | _정품_235,550|벌크 + 쿨러_218,770|_벌크_210,530|해외구매 | _정품_235,550|벌크 + 쿨러_222,000|_벌크_204,990|해외구매 | _정품_235,590|벌크 + 쿨러_222,000|_벌크_205,000|해외구매 | _정품_235,590|벌크 + 쿨러_222,490|_벌크_212,720|해외구매 | _정품_235,590|벌크 + 쿨러_222,490|_벌크_212,730|해외구매 | _정품_235,600|벌크 + 쿨러_222,000|_벌크_212,570|해외구매 | _정품_237,990|벌크 + 쿨러_223,980|_벌크_212,650|해외구매 | _정품_237,990|벌크 + 쿨러_224,490|_벌크_212,650|해외구매 | _정품_238,480|벌크 + 쿨러_221,900|_벌크_212,460|해외구매 | _정품_238,480|벌크 + 쿨러_222,800|_벌크_212,460|해외구매 | _정품_238,480|벌크 + 쿨러_222,800|_벌크_212,660|해외구매 | _정품_238,490|벌크 + 쿨러_221,900|_벌크_212,470|해외구매",280250,280250,280250,280250,287400,287400,323450,324260,324370,325710,324460,324150,327600,321180,323340,323340,326310,329700,329700,329700,329700,329700,328900,248280,248180,248150,248100,248070,247950,247830,247580
18703382,인텔 코어i5-13세대 13500 (랩터레이크),인텔 코어i5-13세대 13500,랩터레이크,"_정품_256,900|벌크 + 쿨러_314,300|_벌크_272,510|해외구매 | _정품_330,310|벌크 + 쿨러_317,570|_벌크_272,580|해외구매 | _정품_331,080|벌크 + 쿨러_317,570|_벌크_272,580|해외구매 | _정품_331,850|벌크 + 쿨러_317,570|_벌크_272,590|해외구매 | _정품_331,950|벌크 + 쿨러_318,600|_벌크_272,600|해외구매 | _정품_332,220|벌크 + 쿨러_317,580|_벌크_272,590|해외구매 | _정품_332,230|벌크 + 쿨러_317,580|_벌크_272,600|해외구매 | _정품_332,320|벌크 + 쿨러_316,100|_벌크_272,620|해외구매 | _정품_332,610|벌크 + 쿨러_317,260|_벌크_272,640|해외구매 | _정품_332,700|벌크 + 쿨러_321,890|_벌크_272,620|해외구매 | _정품_332,710|벌크 + 쿨러_318,600|_벌크_272,610|해외구매 | _정품_332,990|벌크 + 쿨러_311,710|_벌크_272,640|해외구매 | _정품_333,010|벌크 + 쿨러_318,010|_벌크_272,620|해외구매 | _정품_333,200|벌크 + 쿨러_314,990|_벌크_272,610|해외구매 | _정품_333,940|벌크 + 쿨러_321,670|_벌크_272,630|해외구매 | _정품_334,060|벌크 + 쿨러_318,800|_벌크_272,640|해외구매 | _정품_334,150|벌크 + 쿨러_315,420|_벌크_272,640|해외구매 | _정품_334,260|벌크 + 쿨러_318,800|_벌크_308,070|해외구매 | _정품_334,350|벌크 + 쿨러_318,800|_벌크_308,070|해외구매 | _정품_334,370|벌크 + 쿨러_311,550|_벌크_301,800|해외구매 | _정품_334,390|벌크 + 쿨러_312,210|_벌크_300,050|해외구매 | _정품_334,990|벌크 + 쿨러_319,620|_벌크_272,470|해외구매 | _정품_334,990|벌크 + 쿨러_319,630|_벌크_272,500|해외구매 | _정품_339,980|벌크 + 쿨러_325,040|_벌크_272,150|해외구매 | _정품_339,980|벌크 + 쿨러_330,750|_벌크_272,140|해외구매 | _정품_339,990|벌크 + 쿨러_325,050|_벌크_272,270|해외구매 | _정품_339,990|벌크 + 쿨러_325,050|_벌크_272,390|해외구매 | _정품_339,990|벌크 + 쿨러_325,050|_벌크_272,420|해외구매",398380,398380,398380,398380,398380,398380,398380,398380,398380,398380,398380,402910,402910,402910,402910,402910,402910,402910,402910,402910,402910,402910,402900,402900,402900,402900,402900,402900,402900,402900,402900
18640319,인텔 코어i5-13세대 13500 (랩터레이크),인텔 코어i5-13세대 13500,랩터레이크,"_정품_256,900|벌크 + 쿨러_314,300|_벌크_272,510|해외구매 | _정품_330,310|벌크 + 쿨러_317,570|_벌크_272,580|해외구매 | _정품_331,080|벌크 + 쿨러_317,570|_벌크_272,580|해외구매 | _정품_331,850|벌크 + 쿨러_317,570|_벌크_272,590|해외구매 | _정품_331,950|벌크 + 쿨러_318,600|_벌크_272,600|해외구매 | _정품_332,220|벌크 + 쿨러_317,580|_벌크_272,590|해외구매 | _정품_332,230|벌크 + 쿨러_317,580|_벌크_272,600|해외구매 | _정품_332,320|벌크 + 쿨러_316,100|_벌크_272,620|해외구매 | _정품_332,610|벌크 + 쿨러_317,260|_벌크_272,640|해외구매 | _정품_332,700|벌크 + 쿨러_321,890|_벌크_272,620|해외구매 | _정품_332,710|벌크 + 쿨러_318,600|_벌크_272,610|해외구매 | _정품_332,990|벌크 + 쿨러_311,710|_벌크_272,640|해외구매 | _정품_333,010|벌크 + 쿨러_318,010|_벌크_272,620|해외구매 | _정품_333,200|벌크 + 쿨러_314,990|_벌크_272,610|해외구매 | _정품_333,940|벌크 + 쿨러_321,670|_벌크_272,630|해외구매 | _정품_334,060|벌크 + 쿨러_318,800|_벌크_272,640|해외구매 | _정품_334,150|벌크 + 쿨러_315,420|_벌크_272,640|해외구매 | _정품_334,260|벌크 + 쿨러_318,800|_벌크_308,070|해외구매 | _정품_334,350|벌크 + 쿨러_318,800|_벌크_308,070|해외구매 | _정품_334,370|벌크 + 쿨러_311,550|_벌크_301,800|해외구매 | _정품_334,390|벌크 + 쿨러_312,210|_벌크_300,050|해외구매 | _정품_334,990|벌크 + 쿨러_319,620|_벌크_272,470|해외구매 | _정품_334,990|벌크 + 쿨러_319,630|_벌크_272,500|해외구매 | _정품_339,980|벌크 + 쿨러_325,040|_벌크_272,150|해외구매 | _정품_339,980|벌크 + 쿨러_330,750|_벌크_272,140|해외구매 | _정품_339,990|벌크 + 쿨러_325,050|_벌크_272,270|해외구매 | _정품_339,990|벌크 + 쿨러_325,050|_벌크_272,390|해외구매 | _정품_339,990|벌크 + 쿨러_325,050|_벌크_272,420|해외구매",398380,398380,398380,398380,398380,398380,398380,398380,398380,398380,398380,402910,402910,402910,402910,402910,402910,402910,402910,402910,402910,402910,402900,402900,402900,402900,402900,402900,402900,402900,402900
18665261,인텔 코어i5-13세대 13500T (랩터레이크),인텔 코어i5-13세대 13500T,랩터레이크,벌크,381950,381890,381880,381870,381860,381770,381690,381660,381540,381420,381300,381180,381060,380940,380820,380700,380580,380460,380370,380370,380370,380370,380370,380370,380370,380370,380370,380370,380370,380370,380370
18169169,인텔 코어i5-13세대 13600K (랩터레이크),인텔 코어i5-13세대 13600K,랩터레이크,"_정품_344,080|_벌크 + 쿨러_393,180|벌크_366,900|해외구매 | _정품_344,080|_벌크 + 쿨러_393,180|벌크_368,900|해외구매 | _정품_344,080|_벌크 + 쿨러_393,180|벌크_383,640|해외구매 | _정품_344,080|벌크 + 쿨러_393,190|_벌크_383,650|해외구매 | _정품_344,080|벌크 + 쿨러_394,950|_벌크_368,900|해외구매 | _정품_344,080|벌크 + 쿨러_394,950|_벌크_385,390|해외구매 | _정품_379,000|벌크 + 쿨러_394,320|_벌크_384,780|해외구매 | _정품_383,540|벌크 + 쿨러_397,960|_벌크_387,990|해외구매 | _정품_383,900|벌크 + 쿨러_395,980|_벌크_375,000|해외구매 | _정품_383,900|벌크 + 쿨러_395,980|_벌크_386,430|해외구매 | _정품_383,900|벌크 + 쿨러_397,960|_벌크_387,990|해외구매 | _정품_384,700|벌크 + 쿨러_394,320|_벌크_384,780|해외구매 | _정품_384,700|벌크 + 쿨러_395,980|_벌크_386,430|해외구매 | _정품_388,990|벌크 + 쿨러_397,440|_벌크_387,890|해외구매 | _정품_388,990|벌크 + 쿨러_397,440|벌크_387,890|_해외구매 | _정품_388,990|벌크 + 쿨러_397,450|_벌크_387,900|해외구매 | _정품_389,000|벌크 + 쿨러_398,480|_벌크_387,990|해외구매 | _정품_390,940|벌크 + 쿨러_394,330|_벌크_368,900|해외구매 | _정품_390,940|벌크 + 쿨러_396,920|_벌크_387,370|해외구매",415930,415930,415930,415940,484680,463500,463390,463270,463150,463030,462910,462790,462670,462550,462430,462310,462190,462070,480200,480200,480200,485210,454890,405790,390850,390840,420170,420050,419930,420170,420160
18039269,인텔 코어i5-13세대 13600K (랩터레이크),인텔 코어i5-13세대 13600K,랩터레이크,"_정품_344,080|_벌크 + 쿨러_393,180|벌크_366,900|해외구매 | _정품_344,080|_벌크 + 쿨러_393,180|벌크_368,900|해외구매 | _정품_344,080|_벌크 + 쿨러_393,180|벌크_383,640|해외구매 | _정품_344,080|벌크 + 쿨러_393,190|_벌크_383,650|해외구매 | _정품_344,080|벌크 + 쿨러_394,950|_벌크_368,900|해외구매 | _정품_344,080|벌크 + 쿨러_394,950|_벌크_385,390|해외구매 | _정품_379,000|벌크 + 쿨러_394,320|_벌크_384,780|해외구매 | _정품_383,540|벌크 + 쿨러_397,960|_벌크_387,990|해외구매 | _정품_383,900|벌크 + 쿨러_395,980|_벌크_375,000|해외구매 | _정품_383,900|벌크 + 쿨러_395,980|_벌크_386,430|해외구매 | _정품_383,900|벌크 + 쿨러_397,960|_벌크_387,990|해외구매 | _정품_384,700|벌크 + 쿨러_394,320|_벌크_384,780|해외구매 | _정품_384,700|벌크 + 쿨러_395,980|_벌크_386,430|해외구매 | _정품_388,990|벌크 + 쿨러_397,440|_벌크_387,890|해외구매 | _정품_388,990|벌크 + 쿨러_397,440|벌크_387,890|_해외구매 | _정품_388,990|벌크 + 쿨러_397,450|_벌크_387,900|해외구매 | _정품_389,000|벌크 + 쿨러_398,480|_벌크_387,990|해외구매 | _정품_390,940|벌크 + 쿨러_394,330|_벌크_368,900|해외구매 | _정품_390,940|벌크 + 쿨러_396,920|_벌크_387,370|해외구매",415930,415930,415930,415940,484680,463500,463390,463270,463150,463030,462910,462790,462670,462550,462430,462310,462190,462070,480200,480200,480200,485210,454890,405790,390850,390840,420170,420050,419930,420170,420160
18169268,인텔 코어i5-13세대 13600KF (랩터레이크),인텔 코어i5-13세대 13600KF,랩터레이크,"_정품_323,580|벌크 + 쿨러_322,310|_벌크_319,350|해외구매 | _정품_323,580|벌크 + 쿨러_323,710|_벌크_323,720|해외구매 | _정품_323,580|벌크 + 쿨러_324,550|_벌크_319,360|해외구매 | _정품_323,580|벌크 + 쿨러_324,840|_벌크_319,350|해외구매 | _정품_323,580|벌크 + 쿨러_327,490|_벌크_323,710|해외구매 | _정품_323,580|벌크 + 쿨러_328,790|_벌크_319,350|해외구매 | _정품_323,580|벌크 + 쿨러_328,790|_벌크_323,710|해외구매 | _정품_323,580|벌크 + 쿨러_328,790|_벌크_324,970|해외구매 | _정품_323,580|벌크 + 쿨러_332,110|_벌크_322,670|해외구매 | _정품_323,580|벌크 + 쿨러_333,150|_벌크_323,710|해외구매 | _정품_323,580|벌크 + 쿨러_335,620|_벌크_323,700|해외구매 | _정품_368,990|벌크 + 쿨러_335,120|_벌크_325,670|해외구매 | _정품_368,990|벌크 + 쿨러_335,120|_벌크_325,680|해외구매 | _정품_368,990|벌크 + 쿨러_335,130|_벌크_325,690|해외구매 | _정품_368,990|벌크 + 쿨러_336,360|_벌크_327,250|해외구매 | _정품_371,110|벌크 + 쿨러_332,950|_벌크_323,510|해외구매 | _정품_371,110|벌크 + 쿨러_334,730|_벌크_311,000|해외구매 | _정품_371,110|벌크 + 쿨러_335,000|_벌크_323,700|해외구매 | _정품_371,110|벌크 + 쿨러_335,010|_벌크_323,700|해외구매 | _정품_371,110|벌크 + 쿨러_335,240|_벌크_323,700|해외구매 | _정품_371,110|벌크 + 쿨러_335,500|_벌크_322,670|해외구매 | _정품_371,110|벌크 + 쿨러_335,890|_벌크_322,670|해외구매 | _정품_371,110|벌크 + 쿨러_336,370|_벌크_327,840|해외구매 | _정품_371,110|벌크 + 쿨러_338,930|_벌크_325,760|해외구매 | _정품_371,110|벌크 + 쿨러_351,750|_벌크_322,670|해외구매",380990,389600,389600,389600,396620,396590,396470,396350,396230,394950,372510,372520,372500,372400,372370,372250,372130,372010,374350,374350,374350,374350,379270,387450,387440,387410,387360,387330,387210,387090,387080
18038831,인텔 코어i5-13세대 13600KF (랩터레이크),인텔 코어i5-13세대 13600KF,랩터레이크,"_정품_323,580|벌크 + 쿨러_322,310|_벌크_319,350|해외구매 | _정품_323,580|벌크 + 쿨러_323,710|_벌크_323,720|해외구매 | _정품_323,580|벌크 + 쿨러_324,550|_벌크_319,360|해외구매 | _정품_323,580|벌크 + 쿨러_324,840|_벌크_319,350|해외구매 | _정품_323,580|벌크 + 쿨러_327,490|_벌크_323,710|해외구매 | _정품_323,580|벌크 + 쿨러_328,790|_벌크_319,350|해외구매 | _정품_323,580|벌크 + 쿨러_328,790|_벌크_323,710|해외구매 | _정품_323,580|벌크 + 쿨러_328,790|_벌크_324,970|해외구매 | _정품_323,580|벌크 + 쿨러_332,110|_벌크_322,670|해외구매 | _정품_323,580|벌크 + 쿨러_333,150|_벌크_323,710|해외구매 | _정품_323,580|벌크 + 쿨러_335,620|_벌크_323,700|해외구매 | _정품_368,990|벌크 + 쿨러_335,120|_벌크_325,670|해외구매 | _정품_368,990|벌크 + 쿨러_335,120|_벌크_325,680|해외구매 | _정품_368,990|벌크 + 쿨러_335,130|_벌크_325,690|해외구매 | _정품_368,990|벌크 + 쿨러_336,360|_벌크_327,250|해외구매 | _정품_371,110|벌크 + 쿨러_332,950|_벌크_323,510|해외구매 | _정품_371,110|벌크 + 쿨러_334,730|_벌크_311,000|해외구매 | _정품_371,110|벌크 + 쿨러_335,000|_벌크_323,700|해외구매 | _정품_371,110|벌크 + 쿨러_335,010|_벌크_323,700|해외구매 | _정품_371,110|벌크 + 쿨러_335,240|_벌크_323,700|해외구매 | _정품_371,110|벌크 + 쿨러_335,500|_벌크_322,670|해외구매 | _정품_371,110|벌크 + 쿨러_335,890|_벌크_322,670|해외구매 | _정품_371,110|벌크 + 쿨러_336,370|_벌크_327,840|해외구매 | _정품_371,110|벌크 + 쿨러_338,930|_벌크_325,760|해외구매 | _정품_371,110|벌크 + 쿨러_351,750|_벌크_322,670|해외구매",380990,389600,389600,389600,396620,396590,396470,396350,396230,394950,372510,372520,372500,372400,372370,372250,372130,372010,374350,374350,374350,374350,379270,387450,387440,387410,387360,387330,387210,387090,387080
32102876,인텔 코어i5-14세대 14400 (랩터레이크 리프레시),인텔 코어i5-14세대 14400,랩터레이크 리프레시,"_정품_310,080|_벌크 + 쿨러_283,840|벌크 | _정품_310,090|벌크 + 쿨러_283,720|_벌크 | _정품_310,450|벌크 + 쿨러_283,960|_벌크 | _정품_310,790|벌크 + 쿨러_284,080|_벌크 | _정품_311,080|벌크 + 쿨러_284,460|_벌크 | _정품_311,440|벌크 + 쿨러_284,030|_벌크 | _정품_312,230|벌크 + 쿨러_285,730|_벌크 | _정품_312,580|_벌크 + 쿨러_284,160|벌크 | _정품_312,580|_벌크 + 쿨러_285,730|벌크 | _정품_313,900|벌크 + 쿨러_283,680|_벌크 | _정품_313,900|벌크 + 쿨러_283,820|_벌크 | _정품_314,500|벌크 + 쿨러_284,200|_벌크 | _정품_315,430|벌크 + 쿨러_284,320|_벌크 | _정품_315,430|벌크 + 쿨러_284,430|_벌크 | _정품_315,910|벌크 + 쿨러_284,450|_벌크 | _정품_318,190|벌크 + 쿨러_285,730|_벌크 | _정품_319,950|벌크 + 쿨러_285,730|_벌크 | _정품_323,590|벌크 + 쿨러_285,730|_벌크 | _정품_324,920|벌크 + 쿨러_285,730|_벌크_272,080|해외구매 | _정품_324,930|벌크 + 쿨러_285,730|_벌크_272,080|해외구매",271340,263800,271380,271380,263790,267990,267980,267880,267850,267730,267620,267320,266930,266900,266780,266660,266540,272080,272080,272080,272080,272080,272080,272080,272080,272080,272080,272080,272080,365340,365340
32038580,인텔 코어i5-14세대 14400 (랩터레이크 리프레시),인텔 코어i5-14세대 14400,랩터레이크 리프레시,"_정품_310,080|_벌크 + 쿨러_283,840|벌크 | _정품_310,090|벌크 + 쿨러_283,720|_벌크 | _정품_310,450|벌크 + 쿨러_283,960|_벌크 | _정품_310,790|벌크 + 쿨러_284,080|_벌크 | _정품_311,080|벌크 + 쿨러_284,460|_벌크 | _정품_311,440|벌크 + 쿨러_284,030|_벌크 | _정품_312,230|벌크 + 쿨러_285,730|_벌크 | _정품_312,580|_벌크 + 쿨러_284,160|벌크 | _정품_312,580|_벌크 + 쿨러_285,730|벌크 | _정품_313,900|벌크 + 쿨러_283,680|_벌크 | _정품_313,900|벌크 + 쿨러_283,820|_벌크 | _정품_314,500|벌크 + 쿨러_284,200|_벌크 | _정품_315,430|벌크 + 쿨러_284,320|_벌크 | _정품_315,430|벌크 + 쿨러_284,430|_벌크 | _정품_315,910|벌크 + 쿨러_284,450|_벌크 | _정품_318,190|벌크 + 쿨러_285,730|_벌크 | _정품_319,950|벌크 + 쿨러_285,730|_벌크 | _정품_323,590|벌크 + 쿨러_285,730|_벌크 | _정품_324,920|벌크 + 쿨러_285,730|_벌크_272,080|해외구매 | _정품_324,930|벌크 + 쿨러_285,730|_벌크_272,080|해외구매",271340,263800,271380,271380,263790,267990,267980,267880,267850,267730,267620,267320,266930,266900,266780,266660,266540,272080,272080,272080,272080,272080,272080,272080,272080,272080,272080,272080,272080,365340,365340
32102786,인텔 코어i5-14세대 14400F (랩터레이크 리프레시),인텔 코어i5-14세대 14400F,랩터레이크 리프레시,"_정품_272,180|벌크 + 쿨러_275,360|_벌크_264,070|해외구매 | _정품_272,800|벌크 + 쿨러_275,050|_벌크_255,100|해외구매 | _정품_273,760|벌크 + 쿨러_275,350|_벌크_265,650|해외구매 | _정품_273,990|벌크 + 쿨러_277,010|_벌크_259,830|해외구매 | _정품_274,340|벌크 + 쿨러_275,350|_벌크_264,050|해외구매 | _정품_274,370|벌크 + 쿨러_276,590|_벌크_264,070|해외구매 | _정품_274,460|벌크 + 쿨러_276,600|_벌크_264,680|해외구매 | _정품_274,600|벌크 + 쿨러_275,350|_벌크_261,000|해외구매 | _정품_274,600|벌크 + 쿨러_275,350|_벌크_265,650|해외구매 | _정품_275,210|벌크 + 쿨러_274,890|_벌크_265,220|해외구매 | _정품_275,550|벌크 + 쿨러_274,530|_벌크_264,720|해외구매 | _정품_275,580|벌크 + 쿨러_274,010|_벌크_264,720|해외구매 | _정품_275,680|벌크 + 쿨러_274,010|_벌크_264,720|해외구매 | _정품_275,730|벌크 + 쿨러_274,010|_벌크_264,720|해외구매 | _정품_275,880|벌크 + 쿨러_274,630|_벌크_265,340|해외구매 | _정품_276,190|벌크 + 쿨러_276,600|_벌크_256,400|해외구매 | _정품_277,020|벌크 + 쿨러_274,100|_벌크_264,820|해외구매 | _정품_277,160|벌크 + 쿨러_274,100|_벌크_264,820|해외구매 | _정품_277,250|벌크 + 쿨러_274,100|_벌크_264,820|해외구매 | _정품_277,370|벌크 + 쿨러_275,350|_벌크_257,900|해외구매 | _정품_277,370|벌크 + 쿨러_277,010|_벌크_257,900|해외구매 | _정품_278,930|벌크 + 쿨러_276,090|_벌크_263,750|해외구매 | _정품_279,070|벌크 + 쿨러_275,040|_벌크_265,300|해외구매 | _정품_281,470|벌크 + 쿨러_274,010|_벌크_264,690|해외구매 | _정품_282,050|벌크 + 쿨러_273,990|_벌크_264,680|해외구매 | _정품_282,920|벌크 + 쿨러_273,990|_벌크_264,680|해외구매 | _정품_282,920|벌크 + 쿨러_274,600|_벌크_264,680|해외구매 | _정품_283,730|벌크 + 쿨러_274,590|_벌크_264,680|해외구매 | _정품_283,990|벌크 + 쿨러_275,000|_벌크_264,680|해외구매",348220,348220,348220,348220,343620,341980,343880,343880,343500,343880,343880,343760,343760,344140,342330,342330,342330,343350,343350,343350,343950,343950,343950,344200,344200,343820,300480,300360,300240,300150,313790
32038667,인텔 코어i5-14세대 14400F (랩터레이크 리프레시),인텔 코어i5-14세대 14400F,랩터레이크 리프레시,"_정품_272,180|벌크 + 쿨러_275,360|_벌크_264,070|해외구매 | _정품_272,800|벌크 + 쿨러_275,050|_벌크_255,100|해외구매 | _정품_273,760|벌크 + 쿨러_275,350|_벌크_265,650|해외구매 | _정품_273,990|벌크 + 쿨러_277,010|_벌크_259,830|해외구매 | _정품_274,340|벌크 + 쿨러_275,350|_벌크_264,050|해외구매 | _정품_274,370|벌크 + 쿨러_276,590|_벌크_264,070|해외구매 | _정품_274,460|벌크 + 쿨러_276,600|_벌크_264,680|해외구매 | _정품_274,600|벌크 + 쿨러_275,350|_벌크_261,000|해외구매 | _정품_274,600|벌크 + 쿨러_275,350|_벌크_265,650|해외구매 | _정품_275,210|벌크 + 쿨러_274,890|_벌크_265,220|해외구매 | _정품_275,550|벌크 + 쿨러_274,530|_벌크_264,720|해외구매 | _정품_275,580|벌크 + 쿨러_274,010|_벌크_264,720|해외구매 | _정품_275,680|벌크 + 쿨러_274,010|_벌크_264,720|해외구매 | _정품_275,730|벌크 + 쿨러_274,010|_벌크_264,720|해외구매 | _정품_275,880|벌크 + 쿨러_274,630|_벌크_265,340|해외구매 | _정품_276,190|벌크 + 쿨러_276,600|_벌크_256,400|해외구매 | _정품_277,020|벌크 + 쿨러_274,100|_벌크_264,820|해외구매 | _정품_277,160|벌크 + 쿨러_274,100|_벌크_264,820|해외구매 | _정품_277,250|벌크 + 쿨러_274,100|_벌크_264,820|해외구매 | _정품_277,370|벌크 + 쿨러_275,350|_벌크_257,900|해외구매 | _정품_277,370|벌크 + 쿨러_277,010|_벌크_257,900|해외구매 | _정품_278,930|벌크 + 쿨러_276,090|_벌크_263,750|해외구매 | _정품_279,070|벌크 + 쿨러_275,040|_벌크_265,300|해외구매 | _정품_281,470|벌크 + 쿨러_274,010|_벌크_264,690|해외구매 | _정품_282,050|벌크 + 쿨러_273,990|_벌크_264,680|해외구매 | _정품_282,920|벌크 + 쿨러_273,990|_벌크_264,680|해외구매 | _정품_282,920|벌크 + 쿨러_274,600|_벌크_264,680|해외구매 | _정품_283,730|벌크 + 쿨러_274,590|_벌크_264,680|해외구매 | _정품_283,990|벌크 + 쿨러_275,000|_벌크_264,680|해외구매",348220,348220,348220,348220,343620,341980,343880,343880,343500,343880,343880,343760,343760,344140,342330,342330,342330,343350,343350,343350,343950,343950,343950,344200,344200,343820,300480,300360,300240,300150,313790
32102927,인텔 코어i5-14세대 14500 (랩터레이크 리프레시),인텔 코어i5-14세대 14500,랩터레이크 리프레시,"_정품_324,640|벌크 + 쿨러_335,030|_벌크_311,900|해외구매 | _정품_328,500|벌크 + 쿨러_339,790|_벌크_318,000|해외구매 | _정품_332,800|벌크 + 쿨러_335,040|_벌크_324,270|해외구매 | _정품_332,900|벌크 + 쿨러_335,030|_벌크_324,260|해외구매 | _정품_332,990|벌크 + 쿨러_335,040|_벌크_315,500|해외구매 | _정품_333,000|벌크 + 쿨러_335,650|_벌크_324,850|해외구매 | _정품_334,400|벌크 + 쿨러_339,790|_벌크_329,010|해외구매 | _정품_334,500|벌크 + 쿨러_335,030|_벌크_318,900|해외구매 | _정품_334,600|벌크 + 쿨러_335,650|_벌크_324,850|해외구매 | _정품_334,610|벌크 + 쿨러_335,040|_벌크_315,500|해외구매 | _정품_336,360|벌크 + 쿨러_335,650|_벌크_324,850|해외구매 | _정품_336,790|벌크 + 쿨러_335,650|_벌크_309,900|해외구매 | _정품_338,200|벌크 + 쿨러_339,000|_벌크_326,080|해외구매 | _정품_339,800|벌크 + 쿨러_338,990|_벌크_325,690|해외구매 | _정품_341,000|벌크 + 쿨러_344,790|_벌크_334,990|해외구매 | _정품_341,000|벌크 + 쿨러_344,790|_벌크_335,000|해외구매 | _정품_341,000|벌크 + 쿨러_346,720|_벌크_334,990|해외구매 | _정품_341,000|벌크 + 쿨러_346,720|_벌크_335,240|해외구매 | _정품_341,450|벌크 + 쿨러_339,790|_벌크_328,310|해외구매 | _정품_341,450|벌크 + 쿨러_342,000|_벌크_328,310|해외구매 | _정품_341,990|벌크 + 쿨러_344,790|_벌크_335,240|해외구매 | _정품_342,000|벌크 + 쿨러_347,000|_벌크_337,740|해외구매 | _정품_342,000|벌크 + 쿨러_348,570|_벌크_337,740|해외구매 | _정품_346,700|벌크 + 쿨러_348,990|_벌크_341,790|해외구매 | _정품_346,700|벌크 + 쿨러_348,990|_벌크_341,800|해외구매 | _정품_346,700|벌크 + 쿨러_349,000|_벌크_341,790|해외구매",397790,397710,396840,396810,396710,396600,396570,396450,396330,396220,396110,395990,395870,395750,397760,399030,399030,399030,399030,399030,399030,410090,406070,399710,399600,399500,399470,399350,399230,399110,399100
32038256,인텔 코어i5-14세대 14500 (랩터레이크 리프레시),인텔 코어i5-14세대 14500,랩터레이크 리프레시,"_정품_324,640|벌크 + 쿨러_335,030|_벌크_311,900|해외구매 | _정품_328,500|벌크 + 쿨러_339,790|_벌크_318,000|해외구매 | _정품_332,800|벌크 + 쿨러_335,040|_벌크_324,270|해외구매 | _정품_332,900|벌크 + 쿨러_335,030|_벌크_324,260|해외구매 | _정품_332,990|벌크 + 쿨러_335,040|_벌크_315,500|해외구매 | _정품_333,000|벌크 + 쿨러_335,650|_벌크_324,850|해외구매 | _정품_334,400|벌크 + 쿨러_339,790|_벌크_329,010|해외구매 | _정품_334,500|벌크 + 쿨러_335,030|_벌크_318,900|해외구매 | _정품_334,600|벌크 + 쿨러_335,650|_벌크_324,850|해외구매 | _정품_334,610|벌크 + 쿨러_335,040|_벌크_315,500|해외구매 | _정품_336,360|벌크 + 쿨러_335,650|_벌크_324,850|해외구매 | _정품_336,790|벌크 + 쿨러_335,650|_벌크_309,900|해외구매 | _정품_338,200|벌크 + 쿨러_339,000|_벌크_326,080|해외구매 | _정품_339,800|벌크 + 쿨러_338,990|_벌크_325,690|해외구매 | _정품_341,000|벌크 + 쿨러_344,790|_벌크_334,990|해외구매 | _정품_341,000|벌크 + 쿨러_344,790|_벌크_335,000|해외구매 | _정품_341,000|벌크 + 쿨러_346,720|_벌크_334,990|해외구매 | _정품_341,000|벌크 + 쿨러_346,720|_벌크_335,240|해외구매 | _정품_341,450|벌크 + 쿨러_339,790|_벌크_328,310|해외구매 | _정품_341,450|벌크 + 쿨러_342,000|_벌크_328,310|해외구매 | _정품_341,990|벌크 + 쿨러_344,790|_벌크_335,240|해외구매 | _정품_342,000|벌크 + 쿨러_347,000|_벌크_337,740|해외구매 | _정품_342,000|벌크 + 쿨러_348,570|_벌크_337,740|해외구매 | _정품_346,700|벌크 + 쿨러_348,990|_벌크_341,790|해외구매 | _정품_346,700|벌크 + 쿨러_348,990|_벌크_341,800|해외구매 | _정품_346,700|벌크 + 쿨러_349,000|_벌크_341,790|해외구매",397790,397710,396840,396810,396710,396600,396570,396450,396330,396220,396110,395990,395870,395750,397760,399030,399030,399030,399030,399030,399030,410090,406070,399710,399600,399500,399470,399350,399230,399110,399100
32463899,인텔 코어i5-14세대 14500T (랩터레이크 리프레시),인텔 코어i5-14세대 14500T,랩터레이크 리프레시,벌크,381890,381880,381810,381730,381730,381620,381500,381380,381260,381140,381020,380900,380780,380660,380540,380420,380370,380370,380370,380370,380370,380370,380370,380370,380370,380370,380370,380370,380370,380370,380370
28884308,인텔 코어i5-14세대 14600K (랩터레이크 리프레시),인텔 코어i5-14세대 14600K,랩터레이크 리프레시,"_정품_421,380|_벌크_412,620|해외구매 | _정품_422,270|_벌크_404,000|해외구매 | _정품_423,270|_벌크_412,620|해외구매 | _정품_424,780|_벌크_412,620|해외구매 | _정품_427,550|_벌크_414,720|해외구매 | _정품_427,550|_벌크_422,000|해외구매 | _정품_427,790|_벌크_414,600|해외구매 | _정품_428,500|_벌크_412,620|해외구매 | _정품_429,120|_벌크_394,800|해외구매 | _정품_429,430|_벌크_412,620|해외구매 | _정품_429,640|_벌크_394,800|해외구매 | _정품_429,640|_벌크_412,630|해외구매 | _정품_429,990|_벌크_417,660|해외구매 | _정품_430,000|_벌크_422,000|해외구매 | _정품_430,160|_벌크_414,600|해외구매 | _정품_430,370|_벌크_394,800|해외구매 | _정품_430,570|_벌크_415,550|해외구매 | _정품_432,230|_벌크_417,660|해외구매 | _정품_432,230|_벌크_422,000|해외구매 | _정품_432,490|_벌크_422,000|해외구매 | _정품_432,490|_벌크_424,900|해외구매 | _정품_436,790|_벌크_430,830|해외구매 | _정품_439,690|_벌크_428,240|해외구매 | _정품_439,690|_벌크_428,250|해외구매 | _정품_443,720|_벌크_428,240|해외구매 | _정품_445,790|_벌크_428,240|해외구매 | _정품_445,800|_벌크_428,240|해외구매",548530,548530,553070,560910,562590,557640,557610,557490,556750,556720,556600,538200,538200,538200,541170,541170,541170,541170,541170,541170,533310,533310,533310,541170,541170,541170,541170,541170,541170,541170,481380
28799654,인텔 코어i5-14세대 14600K (랩터레이크 리프레시),인텔 코어i5-14세대 14600K,랩터레이크 리프레시,"_정품_421,380|_벌크_412,620|해외구매 | _정품_422,270|_벌크_404,000|해외구매 | _정품_423,270|_벌크_412,620|해외구매 | _정품_424,780|_벌크_412,620|해외구매 | _정품_427,550|_벌크_414,720|해외구매 | _정품_427,550|_벌크_422,000|해외구매 | _정품_427,790|_벌크_414,600|해외구매 | _정품_428,500|_벌크_412,620|해외구매 | _정품_429,120|_벌크_394,800|해외구매 | _정품_429,430|_벌크_412,620|해외구매 | _정품_429,640|_벌크_394,800|해외구매 | _정품_429,640|_벌크_412,630|해외구매 | _정품_429,990|_벌크_417,660|해외구매 | _정품_430,000|_벌크_422,000|해외구매 | _정품_430,160|_벌크_414,600|해외구매 | _정품_430,370|_벌크_394,800|해외구매 | _정품_430,570|_벌크_415,550|해외구매 | _정품_432,230|_벌크_417,660|해외구매 | _정품_432,230|_벌크_422,000|해외구매 | _정품_432,490|_벌크_422,000|해외구매 | _정품_432,490|_벌크_424,900|해외구매 | _정품_436,790|_벌크_430,830|해외구매 | _정품_439,690|_벌크_428,240|해외구매 | _정품_439,690|_벌크_428,250|해외구매 | _정품_443,720|_벌크_428,240|해외구매 | _정품_445,790|_벌크_428,240|해외구매 | _정품_445,800|_벌크_428,240|해외구매",548530,548530,553070,560910,562590,557640,557610,557490,556750,556720,556600,538200,538200,538200,541170,541170,541170,541170,541170,541170,533310,533310,533310,541170,541170,541170,541170,541170,541170,541170,481380
28884227,인텔 코어i5-14세대 14600KF (랩터레이크 리프레시),인텔 코어i5-14세대 14600KF,랩터레이크 리프레시,"_정품_394,630|_벌크_374,970|해외구매 | _정품_394,630|_벌크_377,450|해외구매 | _정품_394,980|_벌크_372,330|해외구매 | _정품_394,990|_벌크_358,000|해외구매 | _정품_394,990|_벌크_361,400|해외구매 | _정품_394,990|_벌크_361,900|해외구매 | _정품_394,990|_벌크_373,900|해외구매 | _정품_394,990|_벌크_374,440|해외구매 | _정품_394,990|_벌크_374,960|해외구매 | _정품_394,990|_벌크_377,450|해외구매 | _정품_394,990|_벌크_377,460|해외구매 | _정품_395,290|_벌크_371,290|해외구매 | _정품_395,990|_벌크_371,300|해외구매 | _정품_396,100|_벌크_372,330|해외구매 | _정품_397,580|_벌크_372,320|해외구매 | _정품_397,590|_벌크_372,320|해외구매 | _정품_399,370|_벌크_372,320|해외구매",442690,442690,442690,442690,442690,442690,442690,442690,442690,442690,442690,442690,442690,442690,442690,442690,442690,442690,442690,442690,442690,442690,442690,442690,442690,466500,466500,466500,466500,417550,417550
28799732,인텔 코어i5-14세대 14600KF (랩터레이크 리프레시),인텔 코어i5-14세대 14600KF,랩터레이크 리프레시,"_정품_394,630|_벌크_374,970|해외구매 | _정품_394,630|_벌크_377,450|해외구매 | _정품_394,980|_벌크_372,330|해외구매 | _정품_394,990|_벌크_358,000|해외구매 | _정품_394,990|_벌크_361,400|해외구매 | _정품_394,990|_벌크_361,900|해외구매 | _정품_394,990|_벌크_373,900|해외구매 | _정품_394,990|_벌크_374,440|해외구매 | _정품_394,990|_벌크_374,960|해외구매 | _정품_394,990|_벌크_377,450|해외구매 | _정품_394,990|_벌크_377,460|해외구매 | _정품_395,290|_벌크_371,290|해외구매 | _정품_395,990|_벌크_371,300|해외구매 | _정품_396,100|_벌크_372,330|해외구매 | _정품_397,580|_벌크_372,320|해외구매 | _정품_397,590|_벌크_372,320|해외구매 | _정품_399,370|_벌크_372,320|해외구매",442690,442690,442690,442690,442690,442690,442690,442690,442690,442690,442690,442690,442690,442690,442690,442690,442690,442690,442690,442690,442690,442690,442690,442690,442690,466500,466500,466500,466500,417550,417550
4147079,인텔 코어i5-1세대 650 (클락데일),인텔 코어i5-1세대 650,클락데일,중고,3490,3490,3500,3500,3500,3500,3500,3500,3500,3500,0,0,0,0,3500,3500,3500,3500,3350,3000,3000,3000,3000,3000,3000,3000,3000,3000,0,0,0
4144546,인텔 코어i5-1세대 750 (린필드),인텔 코어i5-1세대 750,린필드,중고,3000,3000,3000,2890,2890,2890,3000,3000,3000,3000,3000,3000,3000,3000,0,0,0,0,3000,3000,3000,3000,3000,3000,3000,3000,3000,3000,3000,3000,3000
1156701,인텔 코어i5-1세대 760 (린필드),인텔 코어i5-1세대 760,린필드,"_벌크 + 쿨러_8,060|벌크_3,200|_중고 | _벌크 + 쿨러_8,060|벌크_3,440|_중고 | _벌크 + 쿨러_9,190|벌크_3,200|_중고 | 벌크 + 쿨러_8,060|_벌크_3,440|_중고 | 벌크 + 쿨러_9,190|_벌크_3,200|_중고",3260,3260,3260,3260,3260,3260,3260,3260,3260,3260,3260,3260,3260,3260,3260,3260,3260,3260,3240,3210,3180,3170,3170,3170,3170,3170,3170,3170,3170,3170,3170
17575589,인텔 코어i5-2세대 2300 (샌디브릿지),인텔 코어i5-2세대 2300,샌디브릿지,중고,7050,7020,6930,6870,6780,8600,8600,8600,8600,8600,8600,8600,8600,8610,8610,8610,8610,8610,8610,8610,8610,0,0,0,0,0,0,0,0,0,0
4504388,인텔 코어i5-2세대 2400 (샌디브릿지),인텔 코어i5-2세대 2400,샌디브릿지,중고,8590,8590,8590,8590,8520,9000,9000,9000,9000,9000,9000,9000,9000,9000,9000,9000,9000,9000,9000,9000,9000,9000,9000,9000,9000,9000,9000,9000,9000,9000,9000
1290175,인텔 코어i5-2세대 2500 (샌디브릿지),인텔 코어i5-2세대 2500,샌디브릿지,"_벌크_11,490|_중고",8800,8800,8800,8800,8800,9000,9000,9000,9990,9990,9990,9990,9990,9990,9990,9990,9990,9990,10000,10000,10000,10000,10000,10000,10000,10000,10000,10000,10000,8000,8000
4144246,인텔 코어i5-2세대 2500K (샌디브릿지),인텔 코어i5-2세대 2500K,샌디브릿지,중고,10000,10000,13490,13490,13490,13490,13490,13490,13490,13490,13490,13490,13490,13490,13490,13490,13490,13490,13490,13490,13490,13490,13490,12990,0,0,12990,12990,12990,12990,12990
1783749,인텔 코어i5-3세대 3330 (아이비브릿지),인텔 코어i5-3세대 3330,아이비브릿지,중고,11990,11990,11990,11990,11990,11990,11990,11990,11990,11990,11990,11990,11990,11990,11990,11990,11990,11990,11990,11990,11990,11990,11990,10700,10700,10700,10700,10700,10700,10700,10700
13395557,인텔 코어i5-3세대 3450 (아이비브릿지),인텔 코어i5-3세대 3450,아이비브릿지,중고,0,0,0,0,0,0,0,12400,12400,0,0,0,0,0,0,0,0,0,0,0,0,0,0,0,0,0,0,0,0,0,0
1725177,인텔 코어i5-3세대 3470 (아이비브릿지),인텔 코어i5-3세대 3470,아이비브릿지,중고,12990,12990,12990,12990,12990,12990,12990,12990,12990,12990,12990,12990,12990,12990,12990,12990,12990,12990,12990,12990,12990,12990,12990,12980,12990,12990,12990,12990,12990,11990,11990
4274836,인텔 코어i5-3세대 3550 (아이비브릿지),인텔 코어i5-3세대 3550,아이비브릿지,중고,14790,14790,14790,14790,14790,14790,14790,14790,14790,14790,14790,14790,14790,14790,14790,14790,14790,14790,14790,14790,14790,14790,14790,14790,14790,14790,14790,14790,14790,14790,14790
1720040,인텔 코어i5-3세대 3570 (아이비브릿지),인텔 코어i5-3세대 3570,아이비브릿지,"_벌크 + 쿨러_19,510|벌크_17,870|_중고 | _벌크 + 쿨러_19,520|벌크_17,870|_중고 | _벌크 + 쿨러_33,640|벌크_17,870|_중고 | 벌크 + 쿨러_33,640|_벌크_17,870|_중고",14470,14470,14980,14980,14980,14190,14190,14190,14190,14190,14190,14190,14190,14190,14190,14190,14190,14190,14190,14190,14190,14190,14190,14180,14180,14180,14180,14180,14180,14180,14180
1678805,인텔 코어i5-3세대 3570K (아이비브릿지),인텔 코어i5-3세대 3570K,아이비브릿지,중고,24310,24310,24310,24990,24980,24890,24810,24780,24660,24540,24430,24970,24850,24740,24620,24500,24430,24970,24790,24740,24620,0,24980,23990,23990,23990,23990,23990,23990,20000,20000
6112513,인텔 코어i5-4세대 4430 (하스웰),인텔 코어i5-4세대 4430,하스웰,중고,22590,21390,20990,20990,20990,20990,20990,20990,20990,20990,20990,20990,20990,20990,20990,20990,20990,20990,20990,20990,20990,20990,20990,20990,20990,20990,20990,20990,20990,20990,20990
6112514,인텔 코어i5-4세대 4440 (하스웰),인텔 코어i5-4세대 4440,하스웰,중고,23490,23490,23490,23490,23490,23490,23490,23490,23490,23490,23490,23490,23490,23490,23490,23490,23490,23490,23490,23490,23490,23490,22790,22790,22790,22790,22790,22790,22790,22790,22790
2691725,인텔 코어i5-4세대 4460 (하스웰 리프레시),인텔 코어i5-4세대 4460,하스웰 리프레시,"_벌크_24,270|_중고",20500,20500,20500,20500,20500,20500,20500,20500,20500,20500,20500,20500,20500,20500,20500,20500,20500,20500,20500,20500,20500,20500,20500,20500,20500,20500,20500,20500,20500,20500,20500
2081215,인텔 코어i5-4세대 4570 (하스웰),인텔 코어i5-4세대 4570,하스웰,"_벌크 + 쿨러_30,490|_중고",21980,21980,21980,21980,21980,20790,20790,20790,20790,20790,20790,20790,20790,20790,20790,20790,20790,20790,20790,20790,20790,20790,20790,20790,20780,20780,20780,20780,20780,18900,18900
2783216,인텔 코어i5-4세대 4590 (하스웰 리프레시),인텔 코어i5-4세대 4590,하스웰 리프레시,"_벌크 + 쿨러_29,990|벌크_23,670|_중고 | _벌크 + 쿨러_30,000|벌크_23,670|_중고",21980,21980,21980,21980,21980,20790,20790,20790,20790,20790,20790,20790,20790,20790,20790,20790,20790,20790,20790,20790,20790,20790,20790,20790,20780,20780,20780,20780,20780,20780,20780
2081212,인텔 코어i5-4세대 4670 (하스웰),인텔 코어i5-4세대 4670,하스웰,"_벌크 + 쿨러_30,500|벌크_28,000|_중고 | 벌크 + 쿨러_30,490|_벌크_27,000|_중고 | 벌크 + 쿨러_30,500|_벌크_28,000|_중고 | 벌크 + 쿨러_30,990|_벌크_27,000|_중고",23990,23990,22290,22290,22290,23990,23990,23990,23990,23990,23990,23990,23990,23990,23990,23990,23990,23990,24960,24920,24990,24960,24870,24800,24790,24760,24710,24680,24560,24440,24430
7914022,인텔 코어i5-4세대 4670 + H81 패키지,인텔 코어i5-4세대 4670 + H81 패키지,0,중고,46690,46690,46690,46690,46690,46690,46690,46690,46690,46690,46690,46690,46690,46690,46690,47710,47710,47710,47710,47710,47710,47710,47710,47710,46500,46500,46500,46500,46500,46500,46500
6112593,인텔 코어i5-4세대 4670K (하스웰),인텔 코어i5-4세대 4670K,하스웰,중고,33990,33990,33990,33990,33990,33990,33990,33990,33990,33990,33990,33990,33990,33990,33990,33990,33990,33990,33990,33990,33990,33990,33990,33990,33990,33990,33990,33990,33990,33990,33990
2691212,인텔 코어i5-4세대 4690 (하스웰 리프레시),인텔 코어i5-4세대 4690,하스웰 리프레시,"_벌크 + 쿨러_29,140|벌크_29,680|_중고 | _벌크 + 쿨러_29,150|벌크_29,680|_중고 | _벌크 + 쿨러_29,270|벌크_29,680|_중고 | _벌크 + 쿨러_29,390|벌크_29,680|_중고 | _벌크 + 쿨러_29,420|벌크_29,680|_중고 | _벌크 + 쿨러_29,470|벌크_29,680|_중고 | _벌크 + 쿨러_29,500|벌크_29,680|_중고 | _벌크 + 쿨러_29,510|벌크_29,680|_중고 | _벌크 + 쿨러_29,630|벌크_29,680|_중고 | _벌크 + 쿨러_29,750|벌크_29,680|_중고 | _벌크 + 쿨러_29,870|벌크_29,680|_중고 | _벌크 + 쿨러_29,990|벌크_29,680|_중고 | _벌크 + 쿨러_30,040|벌크_29,680|_중고 | _벌크 + 쿨러_30,230|벌크_29,680|_중고 | _벌크 + 쿨러_30,350|벌크_29,680|_중고 | _벌크 + 쿨러_30,470|벌크_29,680|_중고 | _벌크 + 쿨러_30,590|벌크_29,680|_중고 | _벌크 + 쿨러_30,710|벌크_29,680|_중고 | _벌크 + 쿨러_30,830|벌크_29,680|_중고 | _벌크 + 쿨러_31,170|벌크_29,680|_중고 | _벌크 + 쿨러_31,220|벌크_29,680|_중고 | _벌크 + 쿨러_31,220|벌크_29,700|_중고",22900,22900,22290,22290,22300,22300,22300,22300,22300,22290,22290,22290,22290,22290,22290,22290,22290,22290,22290,22290,22290,22290,22290,22290,22290,22290,22290,22290,22290,22290,23490
7914157,인텔 코어i5-4세대 4690 + H81 패키지,인텔 코어i5-4세대 4690 + H81 패키지,0,중고,47780,47780,47780,47780,47780,47780,47780,47780,47780,47780,47780,47780,47780,47780,47780,48830,48830,48830,48830,48830,48830,48830,48830,48830,48830,48830,48830,48830,48830,48830,48830
4143967,인텔 코어i5-4세대 4690K (데빌스캐년),인텔 코어i5-4세대 4690K,데빌스캐년,중고,43200,43200,43200,43200,43200,43200,43200,43200,43200,43200,43200,43200,43200,43200,43200,43200,43200,43200,43200,43200,43200,0,0,0,0,0,0,0,0,0,0
3441763,인텔 코어i5-6세대 6400 (스카이레이크),인텔 코어i5-6세대 6400,스카이레이크,"_벌크 + 쿨러_47,150|벌크_40,940|_중고 | _벌크 + 쿨러_47,160|벌크_40,940|_중고 | _벌크 + 쿨러_47,280|벌크_40,940|_중고 | _벌크 + 쿨러_47,400|벌크_40,940|_중고 | _벌크 + 쿨러_47,420|벌크_41,990|_중고 | _벌크 + 쿨러_47,420|벌크_42,110|_중고 | _벌크 + 쿨러_47,420|벌크_42,230|_중고 | _벌크 + 쿨러_47,420|벌크_42,350|_중고 | _벌크 + 쿨러_47,430|벌크_40,940|_중고 | _벌크 + 쿨러_47,480|벌크_40,940|_중고 | _벌크 + 쿨러_47,510|벌크_40,940|_중고 | _벌크 + 쿨러_47,610|벌크_40,940|_중고 | _벌크 + 쿨러_47,680|벌크_42,220|_중고 | _벌크 + 쿨러_49,680|벌크_44,970|_중고 | _벌크 + 쿨러_49,680|벌크_45,090|_중고 | _벌크 + 쿨러_49,680|벌크_45,210|_중고 | _벌크 + 쿨러_49,710|벌크_45,330|_중고 | _벌크 + 쿨러_49,750|벌크_45,460|_중고 | _벌크 + 쿨러_49,830|벌크_45,560|_중고 | _벌크 + 쿨러_49,830|벌크_45,670|_중고 | _벌크 + 쿨러_49,910|벌크_45,770|_중고 | _벌크 + 쿨러_50,000|벌크_45,840|_중고 | _벌크 + 쿨러_50,030|벌크_45,840|_중고",41500,41500,41440,41360,41350,39290,39290,39290,39290,39290,39290,39290,39290,39290,39290,39290,39170,39050,38860,38810,38760,38760,38750,39290,39290,39290,39290,39290,39290,38790,38790
3412420,인텔 코어i5-6세대 6500 (스카이레이크),인텔 코어i5-6세대 6500,스카이레이크,"_벌크 + 쿨러_46,380|벌크_41,870|해외구매_134,390|_중고 | _벌크 + 쿨러_50,180|벌크_44,520|해외구매_134,390|_중고 | _벌크 + 쿨러_50,300|벌크_44,640|해외구매_134,390|_중고 | _벌크 + 쿨러_50,420|벌크_44,760|해외구매_134,390|_중고 | _벌크 + 쿨러_50,540|벌크_44,880|해외구매_134,390|_중고 | _벌크 + 쿨러_50,660|벌크_45,000|해외구매_134,390|_중고 | _벌크 + 쿨러_50,780|벌크_45,120|해외구매_134,390|_중고 | _벌크 + 쿨러_50,810|벌크_45,240|해외구매_134,390|_중고 | _벌크 + 쿨러_50,910|벌크_45,360|해외구매_134,390|_중고 | _벌크 + 쿨러_51,000|벌크_45,480|해외구매_134,390|_중고 | _벌크 + 쿨러_51,120|벌크_45,600|해외구매_134,390|_중고 | _벌크 + 쿨러_51,240|벌크_45,720|해외구매_134,390|_중고 | _벌크 + 쿨러_51,360|벌크_45,750|해외구매_134,390|_중고 | _벌크 + 쿨러_51,490|벌크_45,940|해외구매_134,390|_중고 | _벌크 + 쿨러_51,600|벌크_45,950|해외구매_134,390|_중고 | 벌크 + 쿨러_46,480|_벌크_41,880|해외구매_134,390|_중고 | 벌크 + 쿨러_46,480|_벌크_42,000|해외구매_134,390|_중고 | 벌크 + 쿨러_46,480|_벌크_42,120|해외구매_134,390|_중고 | 벌크 + 쿨러_46,480|_벌크_42,150|해외구매_134,390|_중고 | 벌크 + 쿨러_46,480|_벌크_42,200|해외구매_134,390|_중고 | 벌크 + 쿨러_46,490|_벌크_43,290|해외구매_134,390|_중고 | 벌크 + 쿨러_48,970|_벌크_43,300|해외구매_134,390|_중고 | 벌크 + 쿨러_49,580|_벌크_43,920|해외구매_134,390|_중고 | 벌크 + 쿨러_49,700|_벌크_44,040|해외구매_134,390|_중고 | 벌크 + 쿨러_49,820|_벌크_44,160|해외구매_134,390|_중고 | 벌크 + 쿨러_49,940|_벌크_44,280|해외구매_134,390|_중고 | 벌크 + 쿨러_49,990|_벌크_44,330|해외구매_134,390|_중고 | 벌크 + 쿨러_51,390|_벌크_45,850|해외구매_134,390|_중고 | 벌크 + 쿨러_51,630|_벌크_46,020|해외구매_124,990|_중고 | 벌크 + 쿨러_51,710|_벌크_46,100|해외구매_134,390|_중고 | 벌크 + 쿨러_51,710|_벌크_46,110|해외구매_134,390|_중고",41560,41560,41560,41560,41560,39900,39900,39900,39900,39900,39900,39900,39900,39900,39900,39900,39900,39900,39900,39900,39900,39900,38790,38790,38790,38790,38790,38790,38790,38790,38790
7914325,인텔 코어i5-6세대 6500 + H110 패키지,인텔 코어i5-6세대 6500 + H110 패키지,0,중고,79630,79630,79630,79630,79630,79630,79630,79630,79630,79630,79630,79630,79630,79630,79630,81380,81380,81380,81380,81380,81380,81380,81380,81380,81380,81380,81380,81380,81380,81380,81380
3412423,인텔 코어i5-6세대 6600 (스카이레이크),인텔 코어i5-6세대 6600,스카이레이크,"_벌크 + 쿨러_47,690|_벌크_41,700|중고 | _벌크 + 쿨러_47,690|벌크_41,700|_중고 | _벌크 + 쿨러_47,830|벌크_41,830|_중고 | _벌크 + 쿨러_47,860|벌크_41,870|_중고 | _벌크 + 쿨러_48,650|벌크_46,490|_중고 | _벌크 + 쿨러_48,720|벌크_46,990|_중고 | _벌크 + 쿨러_48,840|벌크_46,990|_중고 | _벌크 + 쿨러_48,960|벌크_46,990|_중고 | _벌크 + 쿨러_49,080|벌크_46,990|_중고 | _벌크 + 쿨러_49,120|벌크_46,990|_중고 | _벌크 + 쿨러_49,320|벌크_46,990|_중고 | _벌크 + 쿨러_49,440|벌크_46,990|_중고 | _벌크 + 쿨러_49,560|벌크_46,990|_중고 | _벌크 + 쿨러_49,680|벌크_46,990|_중고 | _벌크 + 쿨러_49,800|벌크_46,990|_중고 | _벌크 + 쿨러_49,920|벌크_46,990|_중고 | _벌크 + 쿨러_50,040|벌크_46,990|_중고 | _벌크 + 쿨러_50,160|벌크_46,990|_중고 | _벌크 + 쿨러_50,220|벌크_48,740|_중고 | _벌크 + 쿨러_50,220|벌크_48,860|_중고 | _벌크 + 쿨러_50,240|벌크_48,980|_중고 | _벌크 + 쿨러_50,360|벌크_49,010|_중고 | _벌크 + 쿨러_50,480|벌크_49,110|_중고 | _벌크 + 쿨러_50,590|벌크_49,200|_중고 | _벌크 + 쿨러_50,700|벌크_49,210|_중고 | _벌크 + 쿨러_50,800|벌크_49,290|_중고 | _벌크 + 쿨러_50,880|벌크_49,360|_중고 | _벌크 + 쿨러_50,910|벌크_49,370|_중고 | 벌크 + 쿨러_47,550|_벌크_41,590|_중고 | 벌크 + 쿨러_47,690|_벌크_41,700|_중고",42790,42790,42790,42790,42790,41990,40890,40890,40890,40890,40890,40890,40890,40890,40890,40890,40890,40890,40890,40890,40890,40890,40890,40890,40890,40890,40890,40890,40890,40890,40890
7914409,인텔 코어i5-6세대 6600 + H110 패키지,인텔 코어i5-6세대 6600 + H110 패키지,0,중고,79630,79630,79630,79630,79630,79630,79630,79630,79630,79630,79630,79630,79630,79630,79630,81380,81380,81380,81380,81380,81380,81380,81380,81380,81380,81380,81380,81380,81380,81380,81380
3493041,인텔 코어i5-6세대 6600K (스카이레이크),인텔 코어i5-6세대 6600K,스카이레이크,"_벌크 + 쿨러_63,160|_벌크_57,930|중고 | _벌크 + 쿨러_63,280|_벌크_57,930|중고 | _벌크 + 쿨러_63,400|_벌크_57,930|중고 | _벌크 + 쿨러_63,490|_벌크_57,930|중고 | 벌크 + 쿨러_62,730|_벌크_57,410|_중고 | 벌크 + 쿨러_62,920|_벌크_57,420|_중고 | 벌크 + 쿨러_63,040|_벌크_57,930|_중고 | 벌크 + 쿨러_63,340|_벌크_57,930|_중고 | 벌크 + 쿨러_63,390|_벌크_57,930|_중고 | 벌크 + 쿨러_63,490|_벌크_57,930|_중고",56290,56290,56290,56290,56290,56290,56290,56290,56290,56290,56290,56290,56290,56290,56290,56290,56290,56290,56290,56290,56290,56290,56290,56290,56290,56290,56290,56290,56290,56290,56290
4881012,인텔 코어i5-7세대 7400 (카비레이크),인텔 코어i5-7세대 7400,카비레이크,"_벌크 + 쿨러_61,950|벌크_51,000|_중고 | _벌크 + 쿨러_64,320|벌크_51,000|_중고 | _벌크 + 쿨러_64,440|벌크_51,000|_중고 | _벌크 + 쿨러_64,470|벌크_51,000|_중고 | _벌크 + 쿨러_64,520|벌크_51,000|_중고 | _벌크 + 쿨러_65,150|벌크_51,000|_중고 | _벌크 + 쿨러_65,150|벌크_64,930|_중고 | _벌크 + 쿨러_65,200|벌크_64,940|_중고 | _벌크 + 쿨러_65,260|벌크_64,940|_중고 | _벌크 + 쿨러_65,510|벌크_51,000|_중고 | 벌크 + 쿨러_60,990|_벌크_51,000|_중고 | 벌크 + 쿨러_65,150|_벌크_51,000|_중고 | 벌크 + 쿨러_65,150|_벌크_52,000|_중고 | 벌크 + 쿨러_65,150|_벌크_65,500|_중고 | 벌크 + 쿨러_65,510|_벌크_51,000|_중고 | 벌크 + 쿨러_65,510|_벌크_65,500|_중고",54990,54990,54990,52990,48990,48990,48990,48990,48990,48990,48990,48990,48990,48990,48990,48990,48990,48990,48990,48990,48990,48990,48990,48990,48990,48990,48990,48990,48990,48990,48990
4866526,인텔 코어i5-7세대 7500 (카비레이크),인텔 코어i5-7세대 7500,카비레이크,"_벌크 + 쿨러_59,380|벌크_59,490|_중고 | _벌크 + 쿨러_59,490|벌크_61,490|_중고 | _벌크 + 쿨러_59,490|벌크_64,620|_중고 | _벌크 + 쿨러_59,490|벌크_64,740|_중고 | _벌크 + 쿨러_59,490|벌크_64,770|_중고 | _벌크 + 쿨러_66,860|벌크_64,820|_중고 | _벌크 + 쿨러_66,890|벌크_64,860|_중고 | _벌크 + 쿨러_66,990|벌크_64,890|_중고 | _벌크 + 쿨러_67,120|벌크_65,000|_중고 | _벌크 + 쿨러_67,240|벌크_65,120|_중고 | _벌크 + 쿨러_67,360|벌크_65,240|_중고 | _벌크 + 쿨러_67,480|벌크_65,360|_중고 | _벌크 + 쿨러_67,530|벌크_65,410|_중고 | _벌크 + 쿨러_67,720|벌크_65,600|_중고 | _벌크 + 쿨러_67,840|벌크_65,720|_중고 | _벌크 + 쿨러_67,960|벌크_65,840|_중고 | _벌크 + 쿨러_68,080|벌크_65,960|_중고 | _벌크 + 쿨러_68,200|벌크_66,080|_중고 | _벌크 + 쿨러_68,320|벌크_66,200|_중고 | _벌크 + 쿨러_68,440|벌크_66,320|_중고 | _벌크 + 쿨러_68,560|벌크_66,440|_중고 | _벌크 + 쿨러_68,680|벌크_67,120|_중고 | _벌크 + 쿨러_68,800|벌크_67,120|_중고 | _벌크 + 쿨러_68,920|벌크_67,120|_중고 | _벌크 + 쿨러_68,950|벌크_67,120|_중고 | _벌크 + 쿨러_69,030|벌크_67,120|_중고 | _벌크 + 쿨러_69,070|벌크_67,120|_중고 | _벌크 + 쿨러_69,080|벌크_67,120|_중고 | _벌크 + 쿨러_69,160|벌크_67,120|_중고 | _벌크 + 쿨러_69,170|벌크_67,120|_중고",51030,51030,51030,51030,51030,51000,51000,51000,50990,50990,50990,50990,50990,50990,50990,51020,51020,51020,50990,50990,49900,49900,49900,49900,51020,51020,51020,51020,51020,51020,51020
4820379,인텔 코어i5-7세대 7600 (카비레이크),인텔 코어i5-7세대 7600,카비레이크,"_벌크_55,000|_중고 | _벌크_66,300|_중고",56830,56740,56670,56660,51130,51130,53960,51140,53730,53610,52990,52880,52760,52640,52520,52410,52310,52280,52090,52040,51920,51800,51680,51560,51550,51520,51470,51440,51410,51410,51410
7812139,인텔 코어i5-7세대 7600K (카비레이크),인텔 코어i5-7세대 7600K,카비레이크,중고,112500,112500,112500,112500,112500,112500,112500,0,0,0,0,0,0,0,0,0,0,0,0,0,0,0,0,0,0,0,0,0,0,0,0
5530356,인텔 코어i5-8세대 8400 (커피레이크),인텔 코어i5-8세대 8400,커피레이크,"_정품_343,200|병행수입 박스_273,810|_벌크 + 쿨러_84,680|벌크_87,860|중고 | _정품_343,200|병행수입 박스_273,810|_벌크 + 쿨러_84,680|벌크_88,500|중고 | _정품_343,200|병행수입 박스_273,810|벌크 + 쿨러_80,080|벌크_88,500|_중고 | _정품_343,200|병행수입 박스_273,810|벌크 + 쿨러_80,090|벌크_88,500|_중고 | _정품_343,200|병행수입 박스_273,810|벌크 + 쿨러_80,210|벌크_88,500|_중고 | _정품_343,200|병행수입 박스_273,810|벌크 + 쿨러_80,330|벌크_88,500|_중고 | _정품_343,200|병행수입 박스_273,810|벌크 + 쿨러_80,450|벌크_88,500|_중고 | _정품_343,200|병행수입 박스_273,810|벌크 + 쿨러_84,500|벌크_88,500|_중고 | _정품_343,200|병행수입 박스_273,810|벌크 + 쿨러_84,680|벌크_88,500|_중고",77910,77900,76200,76120,76120,74430,74400,74280,74160,74040,73920,73800,73680,73560,73440,73320,73200,73100,72910,72860,72740,72620,72530,72500,72490,72460,72410,72380,72260,72140,72130
6020667,인텔 코어i5-8세대 8500 (커피레이크),인텔 코어i5-8세대 8500,커피레이크,"_정품_440,470|_벌크 + 쿨러_81,890|벌크_83,990|중고 | _정품_440,470|_벌크 + 쿨러_81,900|벌크_83,990|중고 | _정품_440,470|_벌크 + 쿨러_84,080|벌크_81,840|중고 | _정품_440,470|_벌크 + 쿨러_84,080|벌크_87,330|중고 | _정품_440,470|_벌크 + 쿨러_84,080|벌크_87,360|중고 | _정품_440,470|_벌크 + 쿨러_84,080|벌크_87,390|중고 | _정품_440,470|_벌크 + 쿨러_84,080|벌크_87,870|중고 | _정품_440,470|_벌크 + 쿨러_84,080|벌크_87,970|중고 | _정품_440,470|벌크 + 쿨러_84,080|벌크_87,360|_중고 | _정품_440,470|벌크 + 쿨러_84,080|벌크_87,480|_중고 | _정품_440,470|벌크 + 쿨러_84,080|벌크_87,600|_중고 | _정품_440,470|벌크 + 쿨러_84,080|벌크_87,720|_중고 | _정품_440,470|벌크 + 쿨러_84,080|벌크_87,750|_중고 | _정품_440,470|벌크 + 쿨러_84,080|벌크_87,770|_중고 | _정품_440,470|벌크 + 쿨러_84,080|벌크_87,840|_중고 | _정품_440,470|벌크 + 쿨러_84,080|벌크_87,850|_중고 | _정품_440,470|벌크 + 쿨러_84,080|벌크_87,940|_중고 | _정품_440,470|벌크 + 쿨러_84,080|벌크_87,960|_중고 | _정품_440,470|벌크 + 쿨러_84,080|벌크_87,970|_중고 | _정품_440,470|벌크 + 쿨러_84,080|벌크_87,990|_중고",77990,77990,77990,77990,77990,76990,75990,75990,75990,75990,75990,75990,75990,75990,75990,75990,75990,75990,75990,75990,75990,75990,75980,75980,75980,75980,75980,75980,75980,75980,75980
6020678,인텔 코어i5-8세대 8600 (커피레이크),인텔 코어i5-8세대 8600,커피레이크,"_정품_452,370|_벌크 + 쿨러_101,630|벌크 | _정품_452,370|_벌크 + 쿨러_101,640|벌크 | _정품_452,370|_벌크 + 쿨러_101,740|벌크 | _정품_452,370|_벌크 + 쿨러_101,750|벌크 | _정품_452,370|_벌크 + 쿨러_101,770|벌크 | _정품_452,370|_벌크 + 쿨러_102,800|벌크 | _정품_452,370|_벌크 + 쿨러_95,710|벌크 | _정품_452,370|_벌크 + 쿨러_95,720|벌크 | _정품_452,370|벌크 + 쿨러_102,800|_벌크",99620,99620,99620,99620,99620,99620,99620,99620,99620,99620,99620,99620,99620,99620,99620,99620,99620,99620,99620,99620,99620,99620,99620,99620,99620,99620,99620,99620,99620,99620,99620
5614286,인텔 코어i5-8세대 8600K (커피레이크),인텔 코어i5-8세대 8600K,커피레이크,"_벌크 + 쿨러_120,340|_벌크_98,530|해외구매 | _벌크 + 쿨러_120,340|_벌크_98,540|해외구매 | _벌크 + 쿨러_124,350|_벌크_98,530|해외구매 | _벌크 + 쿨러_125,610|_벌크 | _벌크 + 쿨러_125,690|_벌크 | _벌크 + 쿨러_125,810|_벌크_103,860|해외구매 | _벌크 + 쿨러_125,930|_벌크_103,860|해외구매 | _벌크 + 쿨러_126,050|_벌크_103,860|해외구매 | _벌크 + 쿨러_126,100|_벌크_103,860|해외구매 | _벌크 + 쿨러_126,290|_벌크_103,860|해외구매 | _벌크 + 쿨러_126,410|_벌크_103,860|해외구매 | _벌크 + 쿨러_126,530|_벌크_103,860|해외구매 | _벌크 + 쿨러_126,650|_벌크_103,860|해외구매 | _벌크 + 쿨러_126,770|_벌크_103,860|해외구매 | _벌크 + 쿨러_126,890|_벌크_103,860|해외구매 | _벌크 + 쿨러_127,010|_벌크_103,860|해외구매 | _벌크 + 쿨러_127,130|_벌크_103,860|해외구매 | _벌크 + 쿨러_127,250|_벌크_103,860|해외구매 | _벌크 + 쿨러_127,370|_벌크_103,860|해외구매 | _벌크 + 쿨러_127,490|_벌크_103,860|해외구매 | _벌크 + 쿨러_127,600|_벌크_103,860|해외구매 | _벌크 + 쿨러_127,680|_벌크_103,860|해외구매 | _벌크 + 쿨러_127,720|_벌크_103,860|해외구매 | _벌크 + 쿨러_127,810|_벌크_103,860|해외구매",341040,341040,341040,341040,341040,341040,341040,341040,341040,341040,341040,341040,341040,341040,341040,341040,341040,341040,341040,341040,341040,341040,103860,103860,103860,103860,103860,103860,103860,101990,101990
11016699,인텔 코어i5-9세대 9400 (커피레이크-R),인텔 코어i5-9세대 9400,커피레이크-R,"_벌크 + 쿨러_132,810|_벌크 | _벌크 + 쿨러_132,820|_벌크 | _벌크 + 쿨러_135,150|_벌크 | _벌크 + 쿨러_138,600|_벌크 | _벌크 + 쿨러_139,250|_벌크",128170,128160,128160,131820,131820,131820,131820,131820,131820,131820,131820,131820,131820,131820,131820,131820,131820,131820,127470,127470,127470,127470,127470,127470,127470,127470,127460,127460,127460,127460,127460
7059166,인텔 코어i5-9세대 9400F (커피레이크-R),인텔 코어i5-9세대 9400F,커피레이크-R,"_정품_216,450|병행수입 박스_212,950|벌크 + 쿨러_77,820|벌크_69,900|_중고 | _정품_216,450|병행수입 박스_213,210|벌크 + 쿨러_77,820|벌크_69,900|_중고 | _정품_216,450|병행수입 박스_213,450|벌크 + 쿨러_77,820|벌크_69,900|_중고 | _정품_216,450|병행수입 박스_213,710|벌크 + 쿨러_77,940|벌크_69,900|_중고 | _정품_216,450|병행수입 박스_215,920|_벌크 + 쿨러_77,340|벌크_69,900|중고 | _정품_216,450|병행수입 박스_215,920|벌크 + 쿨러_77,340|_벌크_69,900|중고 | _정품_216,450|병행수입 박스_215,920|벌크 + 쿨러_77,340|벌크_69,900|_중고 | _정품_216,450|병행수입 박스_215,920|벌크 + 쿨러_77,400|_벌크_69,900|중고 | _정품_216,450|병행수입 박스_215,920|벌크 + 쿨러_77,520|_벌크_69,900|중고 | _정품_216,450|병행수입 박스_215,920|벌크 + 쿨러_77,640|_벌크_69,900|중고 | _정품_216,450|병행수입 박스_215,930|벌크 + 쿨러_76,930|_벌크_69,900|중고 | _정품_216,450|병행수입 박스_216,430|_벌크 + 쿨러_77,820|벌크_69,900|중고 | _정품_216,700|병행수입 박스_214,200|벌크 + 쿨러_78,040|벌크_69,900|_중고 | _정품_216,720|병행수입 박스_214,450|벌크 + 쿨러_78,070|벌크_69,900|_중고 | _정품_218,130|병행수입 박스_217,610|벌크 + 쿨러_73,890|벌크_69,890|_중고 | _정품_218,130|병행수입 박스_217,610|벌크 + 쿨러_73,900|벌크_69,890|_중고 | _정품_218,130|병행수입 박스_217,610|벌크 + 쿨러_74,020|벌크_69,890|_중고 | _정품_218,130|병행수입 박스_217,610|벌크 + 쿨러_74,140|벌크_69,890|_중고 | _정품_218,130|병행수입 박스_217,610|벌크 + 쿨러_74,260|벌크_69,890|_중고 | _정품_218,130|병행수입 박스_217,610|벌크 + 쿨러_74,290|벌크_69,890|_중고 | _정품_218,400|병행수입 박스_214,930|벌크 + 쿨러_78,150|벌크_69,900|_중고 | _정품_218,400|병행수입 박스_215,190|벌크 + 쿨러_78,150|벌크_70,900|_중고",64580,64580,64500,64470,64370,64260,64230,64110,63990,63870,63750,63630,63520,63490,63370,63250,63130,63010,62820,62770,62650,62530,62410,62290,62280,61970,61920,61890,61770,61650,61640
10728462,인텔 코어i5-9세대 9500 (커피레이크-R),인텔 코어i5-9세대 9500,커피레이크-R,"_벌크 + 쿨러_131,470|벌크_131,360|_중고 | _벌크 + 쿨러_131,480|벌크_131,360|_중고 | _벌크 + 쿨러_131,600|벌크_130,810|_중고 | _벌크 + 쿨러_131,720|벌크_130,810|_중고 | _벌크 + 쿨러_131,750|벌크_130,810|_중고 | _벌크 + 쿨러_131,800|벌크_130,810|_중고 | _벌크 + 쿨러_131,830|벌크_130,810|_중고 | _벌크 + 쿨러_131,840|_벌크_130,810|중고 | _벌크 + 쿨러_131,960|_벌크_130,810|중고 | _벌크 + 쿨러_132,000|벌크_130,810|_중고 | _벌크 + 쿨러_132,070|벌크_130,810|_중고 | _벌크 + 쿨러_132,080|_벌크_130,810|중고 | _벌크 + 쿨러_132,150|벌크_130,810|_중고 | _벌크 + 쿨러_132,160|벌크_130,810|_중고 | _벌크 + 쿨러_132,200|벌크_130,810|_중고 | _벌크 + 쿨러_132,320|벌크_130,810|_중고 | _벌크 + 쿨러_132,370|벌크_130,810|_중고 | _벌크 + 쿨러_132,560|벌크_130,810|_중고 | _벌크 + 쿨러_132,680|벌크_130,810|_중고 | _벌크 + 쿨러_132,800|벌크_130,810|_중고 | _벌크 + 쿨러_132,920|벌크_130,810|_중고 | _벌크 + 쿨러_133,040|벌크_130,810|_중고 | _벌크 + 쿨러_133,160|벌크_130,810|_중고 | _벌크 + 쿨러_133,280|벌크_130,810|_중고 | _벌크 + 쿨러_133,400|벌크_130,810|_중고 | _벌크 + 쿨러_133,520|벌크_130,810|_중고 | _벌크 + 쿨러_133,640|벌크_130,810|_중고 | _벌크 + 쿨러_133,760|벌크_130,810|_중고 | _벌크 + 쿨러_133,880|벌크_130,810|_중고 | _벌크 + 쿨러_133,970|벌크_130,810|_중고 | _벌크 + 쿨러_133,990|벌크_130,810|_중고",111730,111720,110030,110000,105450,98990,97990,97990,97990,97990,96990,96990,96990,96990,96990,99890,99890,99890,96990,96990,99890,99890,99880,99760,99750,99720,99670,99640,99520,99400,99390
8351067,인텔 코어i5-9세대 9500F (커피레이크-R),인텔 코어i5-9세대 9500F,커피레이크-R,"_벌크 + 쿨러_112,110|_벌크 | _벌크 + 쿨러_112,120|_벌크 | _벌크 + 쿨러_112,210|_벌크 | _벌크 + 쿨러_112,420|_벌크 | _벌크 + 쿨러_112,450|_벌크 | _벌크 + 쿨러_112,570|_벌크 | _벌크 + 쿨러_112,690|_벌크 | _벌크 + 쿨러_112,720|_벌크 | _벌크 + 쿨러_112,770|_벌크 | _벌크 + 쿨러_112,830|_벌크",107130,107050,109180,109180,109180,109180,109180,109180,109180,109180,109180,109180,109180,109180,109180,109180,109180,109180,109180,109180,109180,109180,109180,109180,109180,109180,109180,109180,109180,109180,109180
11171952,인텔 코어i5-9세대 9600 (커피레이크-R),인텔 코어i5-9세대 9600,커피레이크-R,"_벌크 + 쿨러_171,670|_벌크 | _벌크 + 쿨러_173,130|_벌크 | _벌크 + 쿨러_176,020|_벌크 | _벌크 + 쿨러_177,950|_벌크 | _벌크 + 쿨러_192,530|_벌크",166660,166660,172200,173240,173240,173240,173240,173240,173240,167510,166950,166950,166950,166950,166950,166950,166950,166950,166950,166950,166950,166950,168990,176500,0,0,0,0,0,0,0
11171871,인텔 코어i5-9세대 9600 (커피레이크-R),인텔 코어i5-9세대 9600,커피레이크-R,벌크,0,0,0,0,0,0,0,0,0,0,0,0,0,0,0,0,0,0,0,0,0,0,0,0,176500,176500,176500,176500,176500,176500,176500
6515620,인텔 코어i5-9세대 9600K (커피레이크-R),인텔 코어i5-9세대 9600K,커피레이크-R,"_정품_458,800|병행수입 박스_287,000|벌크 + 쿨러_123,280|벌크_115,660|_중고 | _정품_458,800|병행수입 박스_287,000|벌크 + 쿨러_123,290|벌크_115,670|_중고 | _정품_458,800|병행수입 박스_287,000|벌크 + 쿨러_123,410|벌크_115,790|_중고 | _정품_458,800|병행수입 박스_287,000|벌크 + 쿨러_123,530|벌크_115,910|_중고 | _정품_458,800|병행수입 박스_287,000|벌크 + 쿨러_123,650|벌크_116,030|_중고 | _정품_458,800|병행수입 박스_287,000|벌크 + 쿨러_123,770|벌크_116,150|_중고 | _정품_458,800|병행수입 박스_287,000|벌크 + 쿨러_123,820|벌크_116,200|_중고 | _정품_458,800|병행수입 박스_287,000|벌크 + 쿨러_124,010|벌크_116,390|_중고 | _정품_458,800|병행수입 박스_287,000|벌크 + 쿨러_124,130|벌크_116,510|_중고 | _정품_458,800|병행수입 박스_287,000|벌크 + 쿨러_124,250|벌크_116,630|_중고 | _정품_458,800|병행수입 박스_287,000|벌크 + 쿨러_124,370|벌크_116,750|_중고 | _정품_458,800|병행수입 박스_287,000|벌크 + 쿨러_124,400|벌크_116,870|_중고 | _정품_458,800|병행수입 박스_287,000|벌크 + 쿨러_124,500|벌크_116,900|_중고 | _정품_458,800|병행수입 박스_287,000|벌크 + 쿨러_136,610|벌크_114,380|_중고 | _정품_458,800|병행수입 박스_287,000|벌크 + 쿨러_136,610|벌크_116,990|_중고 | _정품_458,800|병행수입 박스_287,000|벌크 + 쿨러_136,620|벌크_116,990|_중고 | _정품_458,800|병행수입 박스_287,000|벌크 + 쿨러_138,080|벌크_116,990|_중고",85480,85480,87470,87670,86850,86830,85980,85970,85940,85820,85000,84990,84880,84850,84730,84610,84490,84370,84180,84130,83970,83940,83830,83810,83770,0,0,0,0,0,0
6557909,인텔 코어i5-9세대 9600K (커피레이크-R),인텔 코어i5-9세대 9600K,커피레이크-R,"병행수입 박스_287,000|_벌크 + 쿨러_120,930|벌크_113,640|_중고 | 병행수입 박스_287,000|_벌크 + 쿨러_123,050|벌크_115,430|_중고 | 병행수입 박스_287,000|_벌크 + 쿨러_123,170|벌크_115,550|_중고 | 병행수입 박스_287,000|_벌크 + 쿨러_123,200|벌크_115,580|_중고 | 병행수입 박스_287,000|_벌크 + 쿨러_123,250|벌크_115,630|_중고 | 병행수입 박스_287,000|벌크 + 쿨러_120,930|_벌크_113,640|_중고",0,0,0,0,0,0,0,0,0,0,0,0,0,0,0,0,0,0,0,0,0,0,0,0,0,83740,83690,83660,83540,83420,83410
7565248,인텔 코어i5-9세대 9600KF (커피레이크-R),인텔 코어i5-9세대 9600KF,커피레이크-R,"_정품_259,990|병행수입 박스_282,450|_벌크 + 쿨러_131,530|벌크 | _정품_259,990|병행수입 박스_282,450|_벌크 + 쿨러_131,540|벌크 | _정품_259,990|병행수입 박스_282,450|_벌크 + 쿨러_131,550|벌크 | _정품_259,990|병행수입 박스_282,450|_벌크 + 쿨러_131,560|벌크 | _정품_259,990|병행수입 박스_282,450|_벌크 + 쿨러_131,570|벌크 | _정품_259,990|병행수입 박스_282,450|_벌크 + 쿨러_131,580|벌크 | _정품_260,000|병행수입 박스_282,430|벌크 + 쿨러_132,900|_벌크 | _정품_260,000|병행수입 박스_282,440|벌크 + 쿨러_132,900|_벌크 | _정품_260,000|병행수입 박스_282,450|_벌크 + 쿨러_131,500|벌크 | _정품_260,000|병행수입 박스_282,450|_벌크 + 쿨러_131,510|벌크 | _정품_260,000|병행수입 박스_282,450|_벌크 + 쿨러_131,520|벌크 | _정품_260,000|병행수입 박스_282,450|_벌크 + 쿨러_132,900|벌크 | _정품_260,000|병행수입 박스_282,450|벌크 + 쿨러_132,900|_벌크",91140,91140,91140,91140,91140,91140,91140,91140,91140,91140,91140,91140,91140,91140,91140,91140,91140,91140,91140,91140,91140,91140,91140,91140,91140,91140,90300,90300,90300,89660,89660
11405586,인텔 코어i7-10세대 10700 (코멧레이크S),인텔 코어i7-10세대 10700,코멧레이크S,"_정품_381,120|_벌크 + 쿨러_343,890|벌크_341,090|해외구매_399,000|중고 | _정품_381,120|_벌크 + 쿨러_345,890|벌크_341,090|해외구매_399,000|중고 | _정품_381,120|_벌크 + 쿨러_346,300|벌크_341,100|해외구매_399,000|중고 | _정품_381,120|_벌크 + 쿨러_346,680|벌크_341,470|해외구매_399,000|중고 | _정품_381,120|_벌크 + 쿨러_350,460|벌크_370,400|해외구매_399,000|중고 | _정품_381,120|_벌크 + 쿨러_353,260|벌크_370,400|해외구매_349,000|중고 | _정품_381,120|_벌크 + 쿨러_353,260|벌크_370,400|해외구매_399,000|중고 | _정품_381,120|벌크 + 쿨러_339,660|_벌크_341,090|해외구매_399,000|중고 | _정품_381,120|벌크 + 쿨러_340,460|_벌크_338,090|해외구매_399,000|중고 | _정품_381,120|벌크 + 쿨러_340,850|_벌크_338,480|해외구매_399,000|중고 | _정품_381,120|벌크 + 쿨러_341,260|_벌크_338,880|해외구매_399,000|중고 | _정품_381,120|벌크 + 쿨러_343,660|_벌크_350,310|해외구매_399,000|중고 | _정품_381,120|벌크 + 쿨러_344,700|_벌크_341,090|해외구매_399,000|중고 | _정품_381,120|벌크 + 쿨러_346,700|벌크_341,490|해외구매_399,000|_중고 | _정품_381,120|벌크 + 쿨러_346,770|벌크_341,980|해외구매_399,000|_중고 | _정품_381,120|벌크 + 쿨러_347,140|벌크_342,350|해외구매_399,000|_중고 | _정품_381,120|벌크 + 쿨러_347,570|벌크_342,780|해외구매_399,000|_중고 | _정품_381,120|벌크 + 쿨러_350,460|_벌크_370,400|해외구매_399,000|중고 | _정품_381,120|벌크 + 쿨러_350,460|벌크_370,400|해외구매_399,000|_중고 | _정품_381,120|벌크 + 쿨러_350,780|벌크_345,620|해외구매_399,000|_중고 | _정품_381,120|벌크 + 쿨러_353,550|벌크_400,000|해외구매_349,000|_중고 | _정품_381,120|벌크 + 쿨러_354,110|벌크_376,580|해외구매_399,000|_중고 | _정품_420,000|벌크 + 쿨러_353,550|벌크_400,000|해외구매_344,000|_중고 | _정품_420,000|벌크 + 쿨러_353,550|벌크_400,000|해외구매_349,000|_중고 | _정품_420,000|벌크 + 쿨러_359,730|벌크_400,000|해외구매_344,000|_중고 | _정품_420,000|벌크 + 쿨러_361,980|벌크_400,000|해외구매_344,000|_중고",300300,295000,300300,300300,300300,300300,300300,300300,289380,289380,289380,289380,289380,289380,289380,295740,295740,295740,295740,295740,295740,295740,295000,295000,295000,295000,295000,295000,295000,295000,295000
11646593,인텔 코어i7-10세대 10700F (코멧레이크S),인텔 코어i7-10세대 10700F,코멧레이크S,"_정품_301,390|병행수입 박스_304,990|_벌크 + 쿨러_285,750|벌크 | _정품_302,440|병행수입 박스_304,990|_벌크 + 쿨러_285,750|벌크 | _정품_302,810|병행수입 박스_304,990|_벌크 + 쿨러_285,750|벌크 | _정품_303,150|병행수입 박스_304,990|_벌크 + 쿨러_285,750|벌크 | _정품_303,520|병행수입 박스_304,990|_벌크 + 쿨러_285,750|벌크 | _정품_304,230|병행수입 박스_304,990|_벌크 + 쿨러_285,750|벌크 | _정품_304,580|병행수입 박스_304,990|벌크 + 쿨러_265,750|_벌크 | _정품_304,930|병행수입 박스_306,730|_벌크 + 쿨러_285,750|벌크 | _정품_304,940|병행수입 박스_306,730|_벌크 + 쿨러_285,750|벌크 | _정품_305,170|_벌크 + 쿨러_285,750|벌크 | _정품_305,170|병행수입 박스_304,900|_벌크 + 쿨러_285,750|벌크 | _정품_305,170|병행수입 박스_304,990|벌크 + 쿨러_285,750|_벌크 | _정품_305,170|병행수입 박스_306,730|_벌크 + 쿨러_285,750|벌크 | _정품_305,170|병행수입 박스_308,180|_벌크 + 쿨러_285,750|벌크 | _정품_305,170|병행수입 박스_314,740|_벌크 + 쿨러_285,750|벌크 | _정품_308,700|_벌크 + 쿨러_285,750|벌크",284580,284250,289570,289570,289570,289570,289570,289570,289570,289570,289570,289570,289570,289570,289270,288600,287930,287260,286250,286250,286250,285920,289570,289570,289570,289570,289570,289570,289570,289570,292950
11308485,인텔 코어i7-10세대 10700K (코멧레이크S),인텔 코어i7-10세대 10700K,코멧레이크S,"_정품_429,270|_벌크 + 쿨러_309,250|벌크 | _정품_429,280|_벌크 + 쿨러_303,540|벌크 | _정품_505,610|_벌크 + 쿨러_294,520|벌크 | _정품_505,610|_벌크 + 쿨러_295,770|벌크 | _정품_505,610|_벌크 + 쿨러_300,790|벌크 | _정품_505,610|_벌크 + 쿨러_300,800|벌크 | _정품_505,610|_벌크 + 쿨러_300,940|벌크 | _정품_505,610|_벌크 + 쿨러_300,950|벌크 | _정품_505,610|_벌크 + 쿨러_303,540|벌크 | _정품_505,610|_벌크 + 쿨러_304,070|벌크 | _정품_505,610|_벌크 + 쿨러_305,610|벌크 | _정품_505,610|벌크 + 쿨러_294,520|_벌크 | _정품_505,610|벌크 + 쿨러_295,770|_벌크 | _정품_505,610|벌크 + 쿨러_300,300|_벌크 | _정품_505,610|벌크 + 쿨러_300,420|_벌크",300550,299000,299000,299000,298870,295890,295890,295890,295880,295880,295180,295170,290700,290700,290700,289450,289450,295880,295880,295880,295880,295880,295880,295880,298470,298470,298470,298470,298470,298470,304180
12151730,인텔 코어i7-10세대 10700K 어벤져스 에디션 (코멧레이크S),인텔 코어i7-10세대 10700K 어벤져스 에디션,코멧레이크S,정품,415110,415110,415110,415110,415110,415110,415110,415110,415110,415110,415110,415110,415110,415110,415110,415110,415110,415110,415110,415110,415110,415110,415110,415110,415110,415110,415110,415110,415110,415110,415110
12110078,인텔 코어i7-10세대 10700KF (코멧레이크S),인텔 코어i7-10세대 10700KF,코멧레이크S,"_벌크 + 쿨러_296,790|_벌크_291,730|해외구매_433,010|중고 | _벌크 + 쿨러_296,790|_벌크_291,730|해외구매_433,380|중고",280000,280000,280000,280000,0,0,0,0,0,0,0,0,0,0,0,0,0,0,0,0,0,0,0,0,0,0,0,0,0,0,0
11593217,인텔 코어i7-10세대 10700KF (코멧레이크S),인텔 코어i7-10세대 10700KF,코멧레이크S,"_정품_309,750|_벌크 + 쿨러_296,790|벌크_291,730|해외구매_439,540|중고 | _정품_309,750|_벌크 + 쿨러_296,790|벌크_291,730|해외구매_446,790|중고 | _정품_309,750|_벌크 + 쿨러_296,790|벌크_291,730|해외구매_447,430|중고 | _정품_309,750|_벌크 + 쿨러_296,790|벌크_291,730|해외구매_451,850|중고 | _정품_309,750|_벌크 + 쿨러_296,790|벌크_291,730|해외구매_460,400|중고 | _정품_309,750|_벌크 + 쿨러_296,790|벌크_291,730|해외구매_460,890|중고 | _정품_309,750|_벌크 + 쿨러_296,790|벌크_291,730|해외구매_468,880|중고 | _정품_309,750|_벌크 + 쿨러_296,790|벌크_291,730|해외구매_470,210|중고 | _정품_309,750|_벌크 + 쿨러_296,790|벌크_291,730|해외구매_470,290|중고 | _정품_309,750|_벌크 + 쿨러_296,790|벌크_291,730|해외구매_471,140|중고 | _정품_309,750|_벌크 + 쿨러_296,790|벌크_291,730|해외구매_476,210|중고 | _정품_309,750|_벌크 + 쿨러_296,790|벌크_291,730|해외구매_484,090|중고 | _정품_309,750|_벌크 + 쿨러_296,790|벌크_291,730|해외구매_484,100|중고 | _정품_309,750|벌크 + 쿨러_296,790|_벌크_291,730|해외구매_433,010|중고 | _정품_309,750|벌크 + 쿨러_296,790|_벌크_291,730|해외구매_433,480|중고 | _정품_309,750|벌크 + 쿨러_296,790|_벌크_291,730|해외구매_446,990|중고 | _정품_309,750|벌크 + 쿨러_296,790|_벌크_291,730|해외구매_447,430|중고",0,0,0,0,280000,280000,280000,280000,280000,280000,280000,280000,280000,280000,280000,280000,280000,280000,280000,280000,280000,280000,280000,280000,280000,280000,280000,280000,280000,280000,280000
13619981,인텔 코어i7-11세대 11700 (로켓레이크S),인텔 코어i7-11세대 11700,로켓레이크S,"_정품_373,060|벌크 + 쿨러_354,730|_벌크_352,820|해외구매 | _정품_373,100|벌크 + 쿨러_330,750|_벌크_300,900|해외구매 | _정품_373,100|벌크 + 쿨러_334,450|_벌크_300,900|해외구매 | _정품_373,100|벌크 + 쿨러_335,060|_벌크_300,900|해외구매 | _정품_373,100|벌크 + 쿨러_335,490|_벌크_300,900|해외구매 | _정품_373,100|벌크 + 쿨러_354,730|_벌크_352,820|해외구매 | _정품_373,100|벌크 + 쿨러_356,000|_벌크_325,800|해외구매 | _정품_373,100|벌크 + 쿨러_356,000|벌크_348,730|_해외구매 | _정품_373,100|벌크 + 쿨러_356,240|_벌크_348,730|해외구매",624000,624000,624000,624000,624000,624000,624000,624000,624000,624000,624000,624000,624000,624000,624000,624000,624000,624000,624000,624000,624000,624000,624000,624000,624000,0,0,0,0,0,0
13824665,인텔 코어i7-11세대 11700 (로켓레이크S),인텔 코어i7-11세대 11700,로켓레이크S,"벌크 + 쿨러_404,550|_벌크_390,600|_해외구매",0,0,0,0,0,0,0,0,0,0,0,0,0,0,0,0,0,0,0,0,0,0,0,0,0,624000,624000,624000,624000,624000,624000
13753481,인텔 코어i7-11세대 11700F (로켓레이크S),인텔 코어i7-11세대 11700F,로켓레이크S,"_정품_358,030|병행수입 박스_356,880|_벌크 + 쿨러_323,220|벌크 | _정품_358,030|병행수입 박스_356,880|_벌크 + 쿨러_341,530|벌크 | _정품_358,030|병행수입 박스_356,880|_벌크 + 쿨러_347,240|벌크 | _정품_358,030|병행수입 박스_356,880|_벌크 + 쿨러_350,810|벌크 | _정품_358,030|병행수입 박스_356,880|_벌크 + 쿨러_350,830|벌크 | 정품_358,030|병행수입 박스_356,880|_벌크 + 쿨러_348,990|_벌크",253660,253650,253570,253480,253470,253360,253330,253210,253090,252970,252850,252730,282910,282810,282780,282660,282540,282420,282220,282190,282160,282040,281920,281800,281790,281760,281710,281680,281560,281440,281430
15327047,인텔 코어i7-11세대 11700K (로켓레이크S),인텔 코어i7-11세대 11700K,로켓레이크S,"병행수입 박스_397,490|_벌크 + 쿨러_303,580|_벌크_295,900|해외구매 | 병행수입 박스_397,490|_벌크 + 쿨러_304,120|_벌크_298,180|해외구매 | 병행수입 박스_397,490|_벌크 + 쿨러_304,120|_벌크_298,640|해외구매 | 병행수입 박스_397,490|_벌크 + 쿨러_304,120|벌크_298,630|_해외구매 | 병행수입 박스_397,490|_벌크 + 쿨러_304,120|벌크_298,640|_해외구매 | 병행수입 박스_397,490|_벌크 + 쿨러_304,130|_벌크_288,400|해외구매 | 병행수입 박스_397,490|_벌크 + 쿨러_304,130|_벌크_298,940|해외구매 | 병행수입 박스_397,490|_벌크 + 쿨러_304,130|벌크_298,640|_해외구매 | 병행수입 박스_397,490|_벌크 + 쿨러_314,120|_벌크_308,720|해외구매 | 병행수입 박스_397,490|벌크 + 쿨러_304,130|_벌크_298,640|_해외구매 | 병행수입 박스_397,490|벌크 + 쿨러_343,830|_벌크_308,600|_해외구매 | 병행수입 박스_397,490|벌크 + 쿨러_371,380|_벌크_307,880|_해외구매 | 병행수입 박스_397,490|벌크 + 쿨러_371,500|_벌크_308,000|_해외구매 | 병행수입 박스_397,490|벌크 + 쿨러_371,620|_벌크_308,120|_해외구매 | 병행수입 박스_397,490|벌크 + 쿨러_371,740|_벌크_308,240|_해외구매 | 병행수입 박스_397,490|벌크 + 쿨러_371,860|_벌크_308,360|_해외구매 | 병행수입 박스_397,490|벌크 + 쿨러_371,900|_벌크_308,410|_해외구매 | 병행수입 박스_413,590|_벌크 + 쿨러_304,120|_벌크_298,190|해외구매 | 병행수입 박스_413,590|벌크 + 쿨러_371,370|_벌크_307,870|_해외구매",376400,376400,376400,376400,376400,407840,407830,407830,407830,407830,407830,407840,407840,407840,407840,407840,407840,407840,407840,407840,407840,407840,407840,407840,407840,0,0,0,0,0,0
13824974,인텔 코어i7-11세대 11700K (로켓레이크S),인텔 코어i7-11세대 11700K,로켓레이크S,"벌크 + 쿨러_371,010|_벌크_369,470|_해외구매 | 벌크 + 쿨러_371,020|_벌크_369,480|_해외구매 | 벌크 + 쿨러_371,140|_벌크_329,990|_해외구매 | 벌크 + 쿨러_371,260|_벌크_307,790|_해외구매 | 벌크 + 쿨러_371,290|_벌크_307,790|_해외구매 | 벌크 + 쿨러_371,340|_벌크_307,840|_해외구매",0,0,0,0,0,0,0,0,0,0,0,0,0,0,0,0,0,0,0,0,0,0,0,0,0,407840,405200,405200,405200,407840,407840
13753598,인텔 코어i7-11세대 11700KF (로켓레이크S),인텔 코어i7-11세대 11700KF,로켓레이크S,"_정품_369,100|병행수입 박스_482,300|_벌크 + 쿨러_329,690|벌크 | _정품_369,100|병행수입 박스_482,890|_벌크 + 쿨러_329,690|벌크 | _정품_369,100|병행수입 박스_482,890|_벌크 + 쿨러_339,120|벌크 | _정품_369,100|병행수입 박스_482,890|_벌크 + 쿨러_422,460|벌크 | _정품_403,190|병행수입 박스_482,890|_벌크 + 쿨러_422,460|벌크",324440,324440,324440,324440,324440,324440,324440,324440,324440,324440,324440,324440,324440,324440,324440,324440,324440,324440,333710,333710,369990,369990,369990,369990,369990,369990,369990,369990,369990,369990,369990
16140809,인텔 코어i7-12세대 12700 (엘더레이크),인텔 코어i7-12세대 12700,엘더레이크,"_정품_284,000|벌크 + 쿨러_318,060|_벌크_336,570|해외구매 | _정품_358,040|벌크 + 쿨러_314,820|_벌크_336,510|해외구매 | _정품_358,050|_벌크 + 쿨러_314,820|벌크_337,540|해외구매 | _정품_368,280|벌크 + 쿨러_317,020|_벌크_336,500|해외구매 | _정품_376,450|벌크 + 쿨러_318,060|_벌크_299,000|해외구매 | _정품_376,450|벌크 + 쿨러_318,060|_벌크_329,400|해외구매 | _정품_376,450|벌크 + 쿨러_318,060|_벌크_336,570|해외구매 | _정품_380,570|벌크 + 쿨러_315,770|_벌크_336,500|해외구매 | _정품_380,570|벌크 + 쿨러_315,780|_벌크_299,000|해외구매 | _정품_380,570|벌크 + 쿨러_317,020|_벌크_336,500|해외구매 | _정품_380,580|_벌크 + 쿨러_315,870|벌크_337,550|해외구매 | _정품_382,140|_벌크 + 쿨러_315,870|벌크_337,970|해외구매 | _정품_382,140|_벌크 + 쿨러_315,880|벌크_337,960|해외구매 | _정품_383,080|_벌크 + 쿨러_315,870|벌크_337,970|해외구매 | _정품_383,090|_벌크 + 쿨러_315,870|벌크_337,970|해외구매 | _정품_383,400|벌크 + 쿨러_316,810|_벌크_338,640|해외구매 | _정품_383,720|벌크 + 쿨러_315,350|_벌크_337,340|해외구매 | _정품_383,720|벌크 + 쿨러_315,350|_벌크_338,160|해외구매 | _정품_383,720|벌크 + 쿨러_315,870|_벌크_338,130|해외구매 | _정품_383,720|벌크 + 쿨러_331,890|_벌크_338,160|해외구매 | _정품_383,730|벌크 + 쿨러_316,810|_벌크_332,740|해외구매 | _정품_383,740|벌크 + 쿨러_318,060|_벌크_336,570|해외구매 | _정품_384,050|_벌크 + 쿨러_319,100|벌크_335,920|해외구매 | _정품_384,050|벌크 + 쿨러_305,540|_벌크_334,340|해외구매 | _정품_384,050|벌크 + 쿨러_319,100|_벌크_338,000|해외구매 | _정품_384,220|벌크 + 쿨러_315,770|_벌크_323,500|해외구매 | _정품_384,230|벌크 + 쿨러_316,810|_벌크_326,800|해외구매",442090,442090,442080,442070,442070,442030,441970,441940,441820,441700,441580,441460,441340,441220,441110,441000,440880,440760,440570,440520,440400,440280,440160,440050,440020,439980,439930,439900,439780,439660,439630
16101464,인텔 코어i7-12세대 12700F (엘더레이크),인텔 코어i7-12세대 12700F,엘더레이크,"_정품_346,000|벌크 + 쿨러_289,750|_벌크_268,600|해외구매 | _정품_346,370|벌크 + 쿨러_296,750|_벌크_271,200|해외구매 | _정품_346,480|벌크 + 쿨러_296,750|_벌크_271,200|해외구매 | _정품_346,500|벌크 + 쿨러_292,720|_벌크_282,040|해외구매 | _정품_346,600|벌크 + 쿨러_290,900|_벌크_282,040|해외구매 | _정품_346,610|벌크 + 쿨러_296,750|_벌크_273,440|해외구매 | _정품_346,620|벌크 + 쿨러_296,750|_벌크_275,970|해외구매 | _정품_347,820|벌크 + 쿨러_290,900|_벌크_281,130|해외구매 | _정품_349,000|벌크 + 쿨러_296,750|_벌크_286,170|해외구매 | _정품_353,310|벌크 + 쿨러_300,220|_벌크_288,210|해외구매 | _정품_353,320|벌크 + 쿨러_298,970|_벌크_287,720|해외구매 | _정품_353,320|벌크 + 쿨러_298,970|_벌크_288,210|해외구매 | _정품_353,330|벌크 + 쿨러_298,970|_벌크_287,720|해외구매 | _정품_355,290|벌크 + 쿨러_298,450|_벌크_287,720|해외구매 | _정품_355,300|벌크 + 쿨러_298,460|_벌크_287,730|해외구매 | _정품_356,740|벌크 + 쿨러_299,040|_벌크_285,470|해외구매 | _정품_356,750|벌크 + 쿨러_298,870|_벌크_281,810|해외구매 | _정품_358,030|벌크 + 쿨러_296,780|_벌크_286,150|해외구매 | _정품_359,290|벌크 + 쿨러_296,370|_벌크_285,660|해외구매 | _정품_359,820|벌크 + 쿨러_296,360|_벌크_274,000|해외구매 | _정품_359,850|벌크 + 쿨러_296,360|_벌크_274,000|해외구매 | _정품_360,110|벌크 + 쿨러_297,170|_벌크_283,260|해외구매 | _정품_360,110|벌크 + 쿨러_297,170|_벌크_285,650|해외구매 | _정품_360,590|벌크 + 쿨러_299,050|_벌크_288,320|해외구매 | _정품_360,610|벌크 + 쿨러_296,090|_벌크_285,650|해외구매 | _정품_361,140|벌크 + 쿨러_290,100|_벌크_282,040|해외구매",474700,474700,474700,474700,474700,474700,474700,474700,474700,474700,474700,474700,474700,474700,474700,474700,474700,474700,474700,474700,474700,474700,474700,474700,474700,548700,548700,548700,548700,548700,548700
15594638,인텔 코어i7-12세대 12700K (엘더레이크),인텔 코어i7-12세대 12700K,엘더레이크,"_정품_402,960|벌크 + 쿨러_351,110|_벌크_325,730|해외구매 | _정품_402,990|벌크 + 쿨러_339,770|_벌크_325,730|해외구매 | _정품_403,090|벌크 + 쿨러_335,090|_벌크_316,000|해외구매 | _정품_403,630|벌크 + 쿨러_335,100|_벌크_312,850|해외구매 | _정품_403,900|벌크 + 쿨러_335,960|_벌크_310,910|해외구매 | _정품_404,020|벌크 + 쿨러_335,970|_벌크_310,910|해외구매 | _정품_404,300|벌크 + 쿨러_342,260|_벌크_325,960|해외구매 | _정품_404,570|벌크 + 쿨러_331,850|_벌크_320,470|해외구매 | _정품_407,820|벌크 + 쿨러_331,850|_벌크_320,470|해외구매 | _정품_407,830|벌크 + 쿨러_331,100|_벌크_318,530|해외구매 | _정품_407,830|벌크 + 쿨러_331,500|_벌크_305,730|해외구매 | _정품_407,830|벌크 + 쿨러_332,920|_벌크_320,300|해외구매 | _정품_411,930|병행수입 박스_333,260|_벌크 + 쿨러_340,900|벌크_327,920|해외구매 | _정품_411,930|병행수입 박스_333,260|벌크 + 쿨러_340,910|_벌크_327,930|해외구매 | _정품_411,930|병행수입 박스_333,260|벌크 + 쿨러_343,330|_벌크_327,930|해외구매 | _정품_411,930|병행수입 박스_333,260|벌크 + 쿨러_343,340|_벌크_327,940|해외구매 | _정품_411,940|병행수입 박스_333,260|벌크 + 쿨러_342,260|_벌크_328,580|해외구매 | _정품_411,950|병행수입 박스_333,260|벌크 + 쿨러_342,260|_벌크_328,590|해외구매 | _정품_413,810|병행수입 박스_344,300|벌크 + 쿨러_342,260|_벌크_328,600|해외구매 | _정품_413,810|병행수입 박스_346,610|벌크 + 쿨러_342,260|_벌크_327,520|해외구매 | _정품_413,810|병행수입 박스_346,610|벌크 + 쿨러_342,260|_벌크_328,600|해외구매 | _정품_413,820|벌크 + 쿨러_346,810|_벌크_325,960|해외구매 | _정품_413,820|병행수입 박스_344,300|벌크 + 쿨러_342,260|_벌크_325,960|해외구매 | _정품_414,020|벌크 + 쿨러_343,300|_벌크_313,000|해외구매 | _정품_414,020|벌크 + 쿨러_343,690|_벌크_322,400|해외구매",445450,445450,445450,445450,445450,445450,445450,445450,445700,445700,445700,445700,445700,445700,445700,445700,445700,445700,445700,445700,445700,445700,445700,445700,445700,445700,445700,445700,445700,445700,445700
15594701,인텔 코어i7-12세대 12700KF (엘더레이크),인텔 코어i7-12세대 12700KF,엘더레이크,"_정품_353,950|벌크 + 쿨러_302,720|_벌크_286,720|해외구매 | _정품_358,310|벌크 + 쿨러_297,560|_벌크_286,720|해외구매 | _정품_358,720|벌크 + 쿨러_297,560|_벌크_286,720|해외구매 | _정품_359,150|벌크 + 쿨러_297,560|_벌크_286,730|해외구매 | _정품_360,000|벌크 + 쿨러_297,570|_벌크_286,750|해외구매 | _정품_360,060|벌크 + 쿨러_297,950|_벌크_286,790|해외구매 | _정품_360,070|벌크 + 쿨러_297,960|_벌크_286,790|해외구매 | _정품_360,110|벌크 + 쿨러_297,040|_벌크_286,180|해외구매 | _정품_360,140|벌크 + 쿨러_297,040|_벌크_286,180|해외구매 | _정품_360,150|벌크 + 쿨러_297,040|_벌크_286,190|해외구매 | _정품_360,260|벌크 + 쿨러_298,080|_벌크_287,230|해외구매 | _정품_360,270|벌크 + 쿨러_298,090|_벌크_287,240|해외구매 | _정품_360,270|벌크 + 쿨러_299,800|_벌크_288,760|해외구매 | _정품_360,270|벌크 + 쿨러_299,810|_벌크_286,720|해외구매 | _정품_360,320|벌크 + 쿨러_298,090|_벌크_287,300|해외구매 | _정품_360,410|벌크 + 쿨러_299,020|_벌크_281,340|해외구매 | _정품_360,410|벌크 + 쿨러_300,270|_벌크_276,200|해외구매 | _정품_360,410|벌크 + 쿨러_300,270|_벌크_278,700|해외구매 | _정품_360,420|벌크 + 쿨러_297,980|_벌크_276,200|해외구매 | _정품_360,420|벌크 + 쿨러_297,980|_벌크_287,710|해외구매 | _정품_360,420|벌크 + 쿨러_298,140|_벌크_286,770|해외구매 | _정품_360,500|벌크 + 쿨러_297,990|_벌크_287,230|해외구매",379010,379010,379010,379010,379010,379010,379010,379010,379010,379010,379010,379010,379010,379010,379010,379010,379010,379010,379010,379010,379010,379010,379010,379010,513340,513340,513340,513340,513340,300230,300230
16393964,인텔 코어i7-12세대 12700T (엘더레이크),인텔 코어i7-12세대 12700T,엘더레이크,벌크,0,0,0,0,0,0,0,0,587990,587990,587990,587990,587990,587990,0,0,587990,587990,587990,587990,0,0,587990,0,0,587990,587990,587990,587990,587990,587990
18703730,인텔 코어i7-13세대 13700 (랩터레이크),인텔 코어i7-13세대 13700,랩터레이크,"_정품_539,870|벌크 + 쿨러_493,450|_벌크_464,300|해외구매 | _정품_539,980|벌크 + 쿨러_491,890|_벌크_464,300|해외구매 | _정품_539,990|벌크 + 쿨러_491,890|_벌크_464,300|해외구매 | _정품_543,830|벌크 + 쿨러_491,890|_벌크_480,510|해외구매 | _정품_543,840|벌크 + 쿨러_491,890|_벌크_457,000|해외구매 | _정품_544,830|벌크 + 쿨러_491,370|_벌크_481,830|해외구매 | _정품_544,940|벌크 + 쿨러_491,890|_벌크_482,340|해외구매 | _정품_545,060|벌크 + 쿨러_491,890|_벌크_482,350|해외구매 | _정품_545,070|벌크 + 쿨러_490,330|_벌크_481,790|해외구매 | _정품_545,070|벌크 + 쿨러_490,340|_벌크_480,800|해외구매 | _정품_545,070|벌크 + 쿨러_490,350|_벌크_480,810|해외구매 | _정품_545,070|벌크 + 쿨러_491,890|_벌크_457,000|해외구매 | _정품_545,070|벌크 + 쿨러_491,890|_벌크_472,080|해외구매 | _정품_545,070|벌크 + 쿨러_491,890|_벌크_482,380|해외구매 | _정품_545,080|벌크 + 쿨러_491,890|_벌크_457,000|해외구매 | _정품_545,880|_벌크 + 쿨러_490,300|벌크_481,180|해외구매 | _정품_545,890|_벌크 + 쿨러_488,780|벌크_479,190|해외구매 | _정품_545,890|_벌크 + 쿨러_489,820|벌크_480,230|해외구매 | _정품_545,890|벌크 + 쿨러_488,770|_벌크_479,190|해외구매 | _정품_545,890|벌크 + 쿨러_489,830|_벌크_480,240|해외구매 | _정품_545,890|벌크 + 쿨러_490,300|_벌크_481,180|해외구매 | _정품_545,890|벌크 + 쿨러_490,310|_벌크_481,190|해외구매 | _정품_545,890|벌크 + 쿨러_490,320|_벌크_481,200|해외구매",712810,712810,712810,712810,712810,712810,712810,712810,712810,712810,712810,712810,712810,712810,712810,712810,712810,712810,712810,712810,712810,712810,712810,712810,712810,712810,713000,713000,713000,713000,713000
18640397,인텔 코어i7-13세대 13700 (랩터레이크),인텔 코어i7-13세대 13700,랩터레이크,"_정품_539,870|벌크 + 쿨러_493,450|_벌크_464,300|해외구매 | _정품_539,980|벌크 + 쿨러_491,890|_벌크_464,300|해외구매 | _정품_539,990|벌크 + 쿨러_491,890|_벌크_464,300|해외구매 | _정품_543,830|벌크 + 쿨러_491,890|_벌크_480,510|해외구매 | _정품_543,840|벌크 + 쿨러_491,890|_벌크_457,000|해외구매 | _정품_544,830|벌크 + 쿨러_491,370|_벌크_481,830|해외구매 | _정품_544,940|벌크 + 쿨러_491,890|_벌크_482,340|해외구매 | _정품_545,060|벌크 + 쿨러_491,890|_벌크_482,350|해외구매 | _정품_545,070|벌크 + 쿨러_490,330|_벌크_481,790|해외구매 | _정품_545,070|벌크 + 쿨러_490,340|_벌크_480,800|해외구매 | _정품_545,070|벌크 + 쿨러_490,350|_벌크_480,810|해외구매 | _정품_545,070|벌크 + 쿨러_491,890|_벌크_457,000|해외구매 | _정품_545,070|벌크 + 쿨러_491,890|_벌크_472,080|해외구매 | _정품_545,070|벌크 + 쿨러_491,890|_벌크_482,380|해외구매 | _정품_545,080|벌크 + 쿨러_491,890|_벌크_457,000|해외구매 | _정품_545,880|_벌크 + 쿨러_490,300|벌크_481,180|해외구매 | _정품_545,890|_벌크 + 쿨러_488,780|벌크_479,190|해외구매 | _정품_545,890|_벌크 + 쿨러_489,820|벌크_480,230|해외구매 | _정품_545,890|벌크 + 쿨러_488,770|_벌크_479,190|해외구매 | _정품_545,890|벌크 + 쿨러_489,830|_벌크_480,240|해외구매 | _정품_545,890|벌크 + 쿨러_490,300|_벌크_481,180|해외구매 | _정품_545,890|벌크 + 쿨러_490,310|_벌크_481,190|해외구매 | _정품_545,890|벌크 + 쿨러_490,320|_벌크_481,200|해외구매",712810,712810,712810,712810,712810,712810,712810,712810,712810,712810,712810,712810,712810,712810,712810,712810,712810,712810,712810,712810,712810,712810,712810,712810,712810,712810,713000,713000,713000,713000,713000
18703613,인텔 코어i7-13세대 13700F (랩터레이크),인텔 코어i7-13세대 13700F,랩터레이크,"_정품_496,950|벌크 + 쿨러_502,290|_벌크 | _정품_497,540|벌크 + 쿨러_503,480|_벌크 | _정품_497,640|벌크 + 쿨러_504,670|_벌크_493,190|해외구매 | _정품_498,110|벌크 + 쿨러_504,060|_벌크 | _정품_498,800|벌크 + 쿨러_505,860|_벌크_494,900|해외구매 | _정품_499,490|벌크 + 쿨러_500,190|_벌크_494,820|해외구매 | _정품_500,660|벌크 + 쿨러_502,530|_벌크_495,040|해외구매 | _정품_500,760|벌크 + 쿨러_501,930|_벌크_495,250|해외구매 | _정품_501,180|벌크 + 쿨러_503,100|_벌크_474,380|해외구매 | _정품_501,310|벌크 + 쿨러_503,090|_벌크_474,380|해외구매 | _정품_501,430|벌크 + 쿨러_502,790|_벌크_493,250|해외구매 | _정품_501,630|벌크 + 쿨러_503,690|_벌크_470,590|해외구매 | _정품_502,310|벌크 + 쿨러_502,790|_벌크_470,590|해외구매 | _정품_502,900|벌크 + 쿨러_502,790|_벌크_470,590|해외구매 | _정품_504,060|벌크 + 쿨러_502,790|_벌크_493,250|해외구매 | _정품_508,100|벌크 + 쿨러_499,910|_벌크 | _정품_508,100|벌크 + 쿨러_500,310|_벌크 | _정품_508,100|벌크 + 쿨러_500,900|_벌크 | _정품_508,100|벌크 + 쿨러_501,100|_벌크 | _정품_508,100|벌크 + 쿨러_501,500|_벌크 | _정품_508,190|벌크 + 쿨러_501,590|_벌크 | _정품_508,200|벌크 + 쿨러_501,590|_벌크 | _정품_509,990|벌크 + 쿨러_508,680|_벌크 | _정품_515,800|벌크 + 쿨러_508,680|_벌크",703980,703980,703980,703980,703980,703980,703980,703980,703980,703980,703980,703980,483350,483350,483350,497240,496080,494930,483350,497760,497760,497240,496080,497760,497760,497760,497760,497760,497760,497760,497760
18640379,인텔 코어i7-13세대 13700F (랩터레이크),인텔 코어i7-13세대 13700F,랩터레이크,"_정품_496,950|벌크 + 쿨러_502,290|_벌크 | _정품_497,540|벌크 + 쿨러_503,480|_벌크 | _정품_497,640|벌크 + 쿨러_504,670|_벌크_493,190|해외구매 | _정품_498,110|벌크 + 쿨러_504,060|_벌크 | _정품_498,800|벌크 + 쿨러_505,860|_벌크_494,900|해외구매 | _정품_499,490|벌크 + 쿨러_500,190|_벌크_494,820|해외구매 | _정품_500,660|벌크 + 쿨러_502,530|_벌크_495,040|해외구매 | _정품_500,760|벌크 + 쿨러_501,930|_벌크_495,250|해외구매 | _정품_501,180|벌크 + 쿨러_503,100|_벌크_474,380|해외구매 | _정품_501,310|벌크 + 쿨러_503,090|_벌크_474,380|해외구매 | _정품_501,430|벌크 + 쿨러_502,790|_벌크_493,250|해외구매 | _정품_501,630|벌크 + 쿨러_503,690|_벌크_470,590|해외구매 | _정품_502,310|벌크 + 쿨러_502,790|_벌크_470,590|해외구매 | _정품_502,900|벌크 + 쿨러_502,790|_벌크_470,590|해외구매 | _정품_504,060|벌크 + 쿨러_502,790|_벌크_493,250|해외구매 | _정품_508,100|벌크 + 쿨러_499,910|_벌크 | _정품_508,100|벌크 + 쿨러_500,310|_벌크 | _정품_508,100|벌크 + 쿨러_500,900|_벌크 | _정품_508,100|벌크 + 쿨러_501,100|_벌크 | _정품_508,100|벌크 + 쿨러_501,500|_벌크 | _정품_508,190|벌크 + 쿨러_501,590|_벌크 | _정품_508,200|벌크 + 쿨러_501,590|_벌크 | _정품_509,990|벌크 + 쿨러_508,680|_벌크 | _정품_515,800|벌크 + 쿨러_508,680|_벌크",703980,703980,703980,703980,703980,703980,703980,703980,703980,703980,703980,703980,483350,483350,483350,497240,496080,494930,483350,497760,497760,497240,496080,497760,497760,497760,497760,497760,497760,497760,497760
18224453,인텔 코어i7-13세대 13700K (랩터레이크),인텔 코어i7-13세대 13700K,랩터레이크,"_정품_504,290|벌크 + 쿨러_507,460|_벌크_497,920|해외구매 | _정품_504,290|벌크 + 쿨러_507,460|_벌크_498,020|해외구매 | _정품_504,290|벌크 + 쿨러_508,500|_벌크_499,060|해외구매 | _정품_504,300|벌크 + 쿨러_508,500|_벌크_499,060|해외구매 | _정품_505,330|벌크 + 쿨러_509,440|_벌크_499,270|해외구매 | _정품_507,090|벌크 + 쿨러_508,980|_벌크_501,490|해외구매 | _정품_507,090|벌크 + 쿨러_510,680|_벌크_500,510|해외구매 | _정품_507,100|벌크 + 쿨러_510,590|_벌크_500,520|해외구매 | _정품_507,100|벌크 + 쿨러_511,100|_벌크_500,520|해외구매 | _정품_507,100|벌크 + 쿨러_511,100|_벌크_501,540|해외구매 | _정품_507,110|벌크 + 쿨러_510,060|_벌크_499,890|해외구매 | _정품_507,200|벌크 + 쿨러_510,060|_벌크_499,890|해외구매 | _정품_507,200|벌크 + 쿨러_510,070|_벌크_499,890|해외구매 | _정품_507,210|벌크 + 쿨러_511,510|_벌크_499,890|해외구매 | _정품_507,440|벌크 + 쿨러_511,510|_벌크_499,890|해외구매 | _정품_507,830|벌크 + 쿨러_507,550|_벌크_480,890|해외구매 | _정품_508,400|벌크 + 쿨러_501,440|_벌크_479,000|해외구매 | _정품_508,400|벌크 + 쿨러_510,350|_벌크_480,900|해외구매 | _정품_508,410|벌크 + 쿨러_508,150|_벌크_502,060|해외구매 | _정품_508,410|벌크 + 쿨러_512,560|_벌크_503,010|해외구매 | _정품_513,690|벌크 + 쿨러_511,510|_벌크_499,890|해외구매 | _정품_515,540|벌크 + 쿨러_511,510|_벌크_499,890|해외구매 | _정품_517,930|벌크 + 쿨러_503,810|_벌크_499,900|해외구매",578290,578290,578290,578290,578290,578260,578420,578300,578180,578060,577940,577820,577700,577580,580480,580480,580480,580480,580480,581480,581480,638360,636910,636790,636780,636750,636700,636670,636550,636430,636420
18039374,인텔 코어i7-13세대 13700K (랩터레이크),인텔 코어i7-13세대 13700K,랩터레이크,"_정품_504,290|벌크 + 쿨러_507,460|_벌크_497,920|해외구매 | _정품_504,290|벌크 + 쿨러_507,460|_벌크_498,020|해외구매 | _정품_504,290|벌크 + 쿨러_508,500|_벌크_499,060|해외구매 | _정품_504,300|벌크 + 쿨러_508,500|_벌크_499,060|해외구매 | _정품_505,330|벌크 + 쿨러_509,440|_벌크_499,270|해외구매 | _정품_507,090|벌크 + 쿨러_508,980|_벌크_501,490|해외구매 | _정품_507,090|벌크 + 쿨러_510,680|_벌크_500,510|해외구매 | _정품_507,100|벌크 + 쿨러_510,590|_벌크_500,520|해외구매 | _정품_507,100|벌크 + 쿨러_511,100|_벌크_500,520|해외구매 | _정품_507,100|벌크 + 쿨러_511,100|_벌크_501,540|해외구매 | _정품_507,110|벌크 + 쿨러_510,060|_벌크_499,890|해외구매 | _정품_507,200|벌크 + 쿨러_510,060|_벌크_499,890|해외구매 | _정품_507,200|벌크 + 쿨러_510,070|_벌크_499,890|해외구매 | _정품_507,210|벌크 + 쿨러_511,510|_벌크_499,890|해외구매 | _정품_507,440|벌크 + 쿨러_511,510|_벌크_499,890|해외구매 | _정품_507,830|벌크 + 쿨러_507,550|_벌크_480,890|해외구매 | _정품_508,400|벌크 + 쿨러_501,440|_벌크_479,000|해외구매 | _정품_508,400|벌크 + 쿨러_510,350|_벌크_480,900|해외구매 | _정품_508,410|벌크 + 쿨러_508,150|_벌크_502,060|해외구매 | _정품_508,410|벌크 + 쿨러_512,560|_벌크_503,010|해외구매 | _정품_513,690|벌크 + 쿨러_511,510|_벌크_499,890|해외구매 | _정품_515,540|벌크 + 쿨러_511,510|_벌크_499,890|해외구매 | _정품_517,930|벌크 + 쿨러_503,810|_벌크_499,900|해외구매",578290,578290,578290,578290,578290,578260,578420,578300,578180,578060,577940,577820,577700,577580,580480,580480,580480,580480,580480,581480,581480,638360,636910,636790,636780,636750,636700,636670,636550,636430,636420
18144521,인텔 코어i7-13세대 13700KF (랩터레이크),인텔 코어i7-13세대 13700KF,랩터레이크,"_정품_448,890|벌크 + 쿨러_459,200|_벌크_449,720|해외구매 | _정품_448,900|벌크 + 쿨러_459,200|_벌크_430,100|해외구매 | _정품_448,900|벌크 + 쿨러_460,350|_벌크_450,870|해외구매 | _정품_449,000|벌크 + 쿨러_459,610|_벌크_450,220|해외구매 | _정품_449,000|벌크 + 쿨러_462,320|_벌크_450,220|해외구매 | _정품_453,200|벌크 + 쿨러_459,200|_벌크_447,590|해외구매 | _정품_453,410|벌크 + 쿨러_460,750|_벌크_451,310|해외구매 | _정품_453,410|벌크 + 쿨러_460,750|_벌크_451,320|해외구매 | _정품_453,410|벌크 + 쿨러_461,790|_벌크_452,360|해외구매 | _정품_453,410|벌크 + 쿨러_462,310|_벌크_452,870|해외구매 | _정품_457,000|벌크 + 쿨러_458,470|_벌크_449,260|해외구매 | _정품_457,000|벌크 + 쿨러_458,480|_벌크_449,280|해외구매 | _정품_457,460|벌크 + 쿨러_458,580|_벌크_431,470|해외구매 | _정품_458,820|벌크 + 쿨러_460,750|_벌크_451,310|해외구매 | _정품_465,750|벌크 + 쿨러_458,570|_벌크_429,900|해외구매 | _정품_467,390|벌크 + 쿨러_458,470|_벌크_449,250|해외구매 | _정품_473,380|벌크 + 쿨러_462,240|_벌크_450,300|해외구매 | _정품_473,380|벌크 + 쿨러_510,650|_벌크_450,300|해외구매 | _정품_473,390|벌크 + 쿨러_456,190|_벌크_446,800|해외구매 | _정품_473,390|벌크 + 쿨러_459,610|_벌크_446,800|해외구매 | _정품_473,940|벌크 + 쿨러_456,200|_벌크_446,810|해외구매 | _정품_473,950|벌크 + 쿨러_457,640|_벌크_448,260|해외구매 | _정품_474,120|벌크 + 쿨러_458,470|_벌크_449,250|해외구매",634840,631120,614470,614440,614340,614230,614150,614040,613920,613800,613680,613560,613450,613350,613250,613150,613050,612950,612780,612750,612650,612550,584510,584390,584380,584350,584300,584270,584150,584030,584020
18039356,인텔 코어i7-13세대 13700KF (랩터레이크),인텔 코어i7-13세대 13700KF,랩터레이크,"_정품_448,890|벌크 + 쿨러_459,200|_벌크_449,720|해외구매 | _정품_448,900|벌크 + 쿨러_459,200|_벌크_430,100|해외구매 | _정품_448,900|벌크 + 쿨러_460,350|_벌크_450,870|해외구매 | _정품_449,000|벌크 + 쿨러_459,610|_벌크_450,220|해외구매 | _정품_449,000|벌크 + 쿨러_462,320|_벌크_450,220|해외구매 | _정품_453,200|벌크 + 쿨러_459,200|_벌크_447,590|해외구매 | _정품_453,410|벌크 + 쿨러_460,750|_벌크_451,310|해외구매 | _정품_453,410|벌크 + 쿨러_460,750|_벌크_451,320|해외구매 | _정품_453,410|벌크 + 쿨러_461,790|_벌크_452,360|해외구매 | _정품_453,410|벌크 + 쿨러_462,310|_벌크_452,870|해외구매 | _정품_457,000|벌크 + 쿨러_458,470|_벌크_449,260|해외구매 | _정품_457,000|벌크 + 쿨러_458,480|_벌크_449,280|해외구매 | _정품_457,460|벌크 + 쿨러_458,580|_벌크_431,470|해외구매 | _정품_458,820|벌크 + 쿨러_460,750|_벌크_451,310|해외구매 | _정품_465,750|벌크 + 쿨러_458,570|_벌크_429,900|해외구매 | _정품_467,390|벌크 + 쿨러_458,470|_벌크_449,250|해외구매 | _정품_473,380|벌크 + 쿨러_462,240|_벌크_450,300|해외구매 | _정품_473,380|벌크 + 쿨러_510,650|_벌크_450,300|해외구매 | _정품_473,390|벌크 + 쿨러_456,190|_벌크_446,800|해외구매 | _정품_473,390|벌크 + 쿨러_459,610|_벌크_446,800|해외구매 | _정품_473,940|벌크 + 쿨러_456,200|_벌크_446,810|해외구매 | _정품_473,950|벌크 + 쿨러_457,640|_벌크_448,260|해외구매 | _정품_474,120|벌크 + 쿨러_458,470|_벌크_449,250|해외구매",634840,631120,614470,614440,614340,614230,614150,614040,613920,613800,613680,613560,613450,613350,613250,613150,613050,612950,612780,612750,612650,612550,584510,584390,584380,584350,584300,584270,584150,584030,584020
18665336,인텔 코어i7-13세대 13700T (랩터레이크),인텔 코어i7-13세대 13700T,랩터레이크,벌크,564990,564990,564950,564920,564810,564710,564580,564460,564340,564220,564100,563980,563860,563740,563620,563500,563380,563260,563070,563020,562900,562780,562660,562540,562520,562480,562430,562400,562370,562370,562370
32103143,인텔 코어i7-14세대 14700 (랩터레이크 리프레시),인텔 코어i7-14세대 14700,랩터레이크 리프레시,"_정품_514,450|벌크 + 쿨러_547,110|_벌크 | _정품_515,040|벌크 + 쿨러_550,650|_벌크 | _정품_543,480|벌크 + 쿨러_547,110|_벌크 | _정품_543,960|벌크 + 쿨러_547,110|_벌크 | _정품_547,100|벌크 + 쿨러_552,780|_벌크 | _정품_547,310|벌크 + 쿨러_550,650|_벌크 | _정품_547,820|벌크 + 쿨러_547,110|_벌크 | _정품_549,200|벌크 + 쿨러_564,400|_벌크 | _정품_549,200|벌크 + 쿨러_582,510|_벌크 | _정품_551,540|벌크 + 쿨러_568,460|_벌크_539,000|해외구매 | _정품_553,350|벌크 + 쿨러_562,310|_벌크 | _정품_553,440|벌크 + 쿨러_563,260|_벌크 | _정품_553,440|벌크 + 쿨러_564,400|_벌크 | _정품_558,000|벌크 + 쿨러_562,310|_벌크 | _정품_558,460|벌크 + 쿨러_562,310|_벌크 | _정품_569,300|벌크 + 쿨러_563,770|_벌크_538,730|해외구매 | _정품_569,300|벌크 + 쿨러_563,770|_벌크_539,000|해외구매 | _정품_569,300|벌크 + 쿨러_568,460|_벌크_539,000|해외구매 | _정품_569,300|벌크 + 쿨러_569,080|_벌크_539,000|해외구매",534920,514600,524450,524450,514600,524450,524450,524450,525000,524780,524780,524780,525000,525000,525000,539000,538730,538730,538730,538730,538730,538730,705870,705870,758990,758990,758990,758990,758990,758990,758990
32038001,인텔 코어i7-14세대 14700 (랩터레이크 리프레시),인텔 코어i7-14세대 14700,랩터레이크 리프레시,"_정품_514,450|벌크 + 쿨러_547,110|_벌크 | _정품_515,040|벌크 + 쿨러_550,650|_벌크 | _정품_543,480|벌크 + 쿨러_547,110|_벌크 | _정품_543,960|벌크 + 쿨러_547,110|_벌크 | _정품_547,100|벌크 + 쿨러_552,780|_벌크 | _정품_547,310|벌크 + 쿨러_550,650|_벌크 | _정품_547,820|벌크 + 쿨러_547,110|_벌크 | _정품_549,200|벌크 + 쿨러_564,400|_벌크 | _정품_549,200|벌크 + 쿨러_582,510|_벌크 | _정품_551,540|벌크 + 쿨러_568,460|_벌크_539,000|해외구매 | _정품_553,350|벌크 + 쿨러_562,310|_벌크 | _정품_553,440|벌크 + 쿨러_563,260|_벌크 | _정품_553,440|벌크 + 쿨러_564,400|_벌크 | _정품_558,000|벌크 + 쿨러_562,310|_벌크 | _정품_558,460|벌크 + 쿨러_562,310|_벌크 | _정품_569,300|벌크 + 쿨러_563,770|_벌크_538,730|해외구매 | _정품_569,300|벌크 + 쿨러_563,770|_벌크_539,000|해외구매 | _정품_569,300|벌크 + 쿨러_568,460|_벌크_539,000|해외구매 | _정품_569,300|벌크 + 쿨러_569,080|_벌크_539,000|해외구매",534920,514600,524450,524450,514600,524450,524450,524450,525000,524780,524780,524780,525000,525000,525000,539000,538730,538730,538730,538730,538730,538730,705870,705870,758990,758990,758990,758990,758990,758990,758990
35230379,인텔 코어i7-14세대 14700F (랩터레이크 리프레시),인텔 코어i7-14세대 14700F,랩터레이크 리프레시,"_정품_496,550|벌크 + 쿨러_523,940|_벌크_506,790|해외구매 | _정품_496,650|벌크 + 쿨러_523,950|_벌크_506,800|해외구매 | _정품_504,050|벌크 + 쿨러_522,990|_벌크_505,990|해외구매 | _정품_510,400|벌크 + 쿨러_523,950|_벌크_484,500|해외구매 | _정품_517,110|벌크 + 쿨러_500,000|_벌크_480,000|해외구매 | _정품_517,120|벌크 + 쿨러_500,000|_벌크_480,000|해외구매 | _정품_517,130|벌크 + 쿨러_500,000|_벌크_480,000|해외구매 | _정품_517,440|벌크 + 쿨러_500,000|_벌크_480,000|해외구매 | _정품_517,440|벌크 + 쿨러_522,990|_벌크_506,000|해외구매 | _정품_517,520|벌크 + 쿨러_500,000|_벌크_510,870|해외구매 | _정품_517,960|벌크 + 쿨러_523,000|_벌크_505,990|해외구매 | _정품_519,400|벌크 + 쿨러_523,000|_벌크_505,990|해외구매 | _정품_519,410|벌크 + 쿨러_522,990|_벌크_505,990|해외구매 | _정품_520,090|벌크 + 쿨러_523,000|_벌크_506,000|해외구매 | _정품_521,150|벌크 + 쿨러_500,000|_벌크_511,170|해외구매 | _정품_522,000|벌크 + 쿨러_523,940|_벌크_506,790|해외구매 | _정품_522,460|벌크 + 쿨러_500,000|_벌크_511,760|해외구매 | _정품_522,460|벌크 + 쿨러_500,000|_벌크_511,770|해외구매 | _정품_523,000|벌크 + 쿨러_523,940|_벌크_506,790|해외구매 | _정품_523,110|벌크 + 쿨러_521,920|_벌크_507,720|해외구매 | _정품_523,300|벌크 + 쿨러_520,680|_벌크_504,200|해외구매 | _정품_523,300|벌크 + 쿨러_524,890|_벌크_507,720|해외구매 | _정품_523,300|벌크 + 쿨러_524,900|_벌크_507,730|해외구매",619350,619340,619330,619300,619200,619090,619010,617860,617740,617650,617620,617500,617380,617260,617140,617020,616900,616780,616590,616540,617520,617520,617520,585740,585720,601690,601690,601680,601650,601530,601520
32156936,인텔 코어i7-14세대 14700F (랩터레이크 리프레시),인텔 코어i7-14세대 14700F,랩터레이크 리프레시,"_정품_496,550|벌크 + 쿨러_523,940|_벌크_506,790|해외구매 | _정품_496,650|벌크 + 쿨러_523,950|_벌크_506,800|해외구매 | _정품_504,050|벌크 + 쿨러_522,990|_벌크_505,990|해외구매 | _정품_510,400|벌크 + 쿨러_523,950|_벌크_484,500|해외구매 | _정품_517,110|벌크 + 쿨러_500,000|_벌크_480,000|해외구매 | _정품_517,120|벌크 + 쿨러_500,000|_벌크_480,000|해외구매 | _정품_517,130|벌크 + 쿨러_500,000|_벌크_480,000|해외구매 | _정품_517,440|벌크 + 쿨러_500,000|_벌크_480,000|해외구매 | _정품_517,440|벌크 + 쿨러_522,990|_벌크_506,000|해외구매 | _정품_517,520|벌크 + 쿨러_500,000|_벌크_510,870|해외구매 | _정품_517,960|벌크 + 쿨러_523,000|_벌크_505,990|해외구매 | _정품_519,400|벌크 + 쿨러_523,000|_벌크_505,990|해외구매 | _정품_519,410|벌크 + 쿨러_522,990|_벌크_505,990|해외구매 | _정품_520,090|벌크 + 쿨러_523,000|_벌크_506,000|해외구매 | _정품_521,150|벌크 + 쿨러_500,000|_벌크_511,170|해외구매 | _정품_522,000|벌크 + 쿨러_523,940|_벌크_506,790|해외구매 | _정품_522,460|벌크 + 쿨러_500,000|_벌크_511,760|해외구매 | _정품_522,460|벌크 + 쿨러_500,000|_벌크_511,770|해외구매 | _정품_523,000|벌크 + 쿨러_523,940|_벌크_506,790|해외구매 | _정품_523,110|벌크 + 쿨러_521,920|_벌크_507,720|해외구매 | _정품_523,300|벌크 + 쿨러_520,680|_벌크_504,200|해외구매 | _정품_523,300|벌크 + 쿨러_524,890|_벌크_507,720|해외구매 | _정품_523,300|벌크 + 쿨러_524,900|_벌크_507,730|해외구매",619350,619340,619330,619300,619200,619090,619010,617860,617740,617650,617620,617500,617380,617260,617140,617020,616900,616780,616590,616540,617520,617520,617520,585740,585720,601690,601690,601680,601650,601530,601520
28920827,인텔 코어i7-14세대 14700K (랩터레이크 리프레시),인텔 코어i7-14세대 14700K,랩터레이크 리프레시,"_정품_552,550|_벌크_569,270|해외구매 | _정품_552,640|_벌크_569,280|해외구매 | _정품_558,790|_벌크_568,730|해외구매 | _정품_560,160|_벌크_568,690|해외구매 | _정품_560,170|_벌크_568,700|해외구매 | _정품_570,690|_벌크_545,350|해외구매 | _정품_570,690|_벌크_566,850|해외구매 | _정품_571,360|_벌크_570,190|해외구매 | _정품_573,750|_벌크_544,700|해외구매 | _정품_574,390|_벌크_568,690|해외구매 | _정품_574,990|_벌크_567,040|해외구매 | _정품_575,440|_벌크_570,190|해외구매 | _정품_577,920|_벌크_567,980|해외구매 | _정품_577,930|_벌크_567,970|해외구매 | _정품_577,930|_벌크_567,980|해외구매 | _정품_577,930|_벌크_568,070|해외구매 | _정품_578,120|_벌크_568,140|해외구매 | _정품_578,130|_벌크_567,030|해외구매 | _정품_582,680|_벌크_567,970|해외구매 | _정품_587,970|_벌크_568,160|해외구매 | _정품_587,970|_벌크_568,170|해외구매 | _정품_588,390|_벌크_568,160|해외구매",656830,656830,652650,657560,657560,658810,658810,661710,661710,661710,661710,661710,661710,661710,661690,661710,661710,661710,536000,536000,536000,536000,536000,536000,536000,536000,536000,536000,536000,535990,535990
28799435,인텔 코어i7-14세대 14700K (랩터레이크 리프레시),인텔 코어i7-14세대 14700K,랩터레이크 리프레시,"_정품_552,550|_벌크_569,270|해외구매 | _정품_552,640|_벌크_569,280|해외구매 | _정품_558,790|_벌크_568,730|해외구매 | _정품_560,160|_벌크_568,690|해외구매 | _정품_560,170|_벌크_568,700|해외구매 | _정품_570,690|_벌크_545,350|해외구매 | _정품_570,690|_벌크_566,850|해외구매 | _정품_571,360|_벌크_570,190|해외구매 | _정품_573,750|_벌크_544,700|해외구매 | _정품_574,390|_벌크_568,690|해외구매 | _정품_574,990|_벌크_567,040|해외구매 | _정품_575,440|_벌크_570,190|해외구매 | _정품_577,920|_벌크_567,980|해외구매 | _정품_577,930|_벌크_567,970|해외구매 | _정품_577,930|_벌크_567,980|해외구매 | _정품_577,930|_벌크_568,070|해외구매 | _정품_578,120|_벌크_568,140|해외구매 | _정품_578,130|_벌크_567,030|해외구매 | _정품_582,680|_벌크_567,970|해외구매 | _정품_587,970|_벌크_568,160|해외구매 | _정품_587,970|_벌크_568,170|해외구매 | _정품_588,390|_벌크_568,160|해외구매",656830,656830,652650,657560,657560,658810,658810,661710,661710,661710,661710,661710,661710,661710,661690,661710,661710,661710,536000,536000,536000,536000,536000,536000,536000,536000,536000,536000,536000,535990,535990
29959874,인텔 코어i7-14세대 14700KF (랩터레이크 리프레시),인텔 코어i7-14세대 14700KF,랩터레이크 리프레시,"_정품_495,540|_벌크_512,810|해외구매 | _정품_495,550|_벌크_512,820|해외구매 | _정품_527,800|_벌크_511,060|해외구매 | _정품_531,570|_벌크_511,040|해외구매 | _정품_531,570|_벌크_511,050|해외구매 | _정품_531,570|_벌크_512,490|해외구매 | _정품_535,770|_벌크_511,050|해외구매 | _정품_535,780|_벌크_511,050|해외구매 | _정품_535,780|_벌크_512,300|해외구매 | _정품_535,790|_벌크_512,350|해외구매 | _정품_535,800|_벌크_512,760|해외구매 | _정품_536,940|_벌크_512,780|해외구매 | _정품_539,530|_벌크_491,800|해외구매 | _정품_541,500|_벌크_515,820|해외구매 | _정품_543,190|_벌크_514,610|해외구매 | _정품_543,560|_벌크_493,390|해외구매 | _정품_543,570|_벌크_516,870|해외구매 | _정품_544,800|_벌크_512,490|해외구매 | _정품_546,990|_벌크_513,510|해외구매 | _정품_549,090|_벌크_512,080|해외구매 | _정품_550,040|_벌크_512,070|해외구매 | _정품_551,400|_벌크_511,560|해외구매 | _정품_551,430|_벌크_511,570|해외구매",609280,608550,569990,612880,611440,610710,610710,610000,609270,607120,605680,604240,603510,603510,602800,602070,612880,611440,609270,609270,609270,608560,607120,605680,605670,605680,612890,612890,612890,612890,612850
28799498,인텔 코어i7-14세대 14700KF (랩터레이크 리프레시),인텔 코어i7-14세대 14700KF,랩터레이크 리프레시,"_정품_495,540|_벌크_512,810|해외구매 | _정품_495,550|_벌크_512,820|해외구매 | _정품_527,800|_벌크_511,060|해외구매 | _정품_531,570|_벌크_511,040|해외구매 | _정품_531,570|_벌크_511,050|해외구매 | _정품_531,570|_벌크_512,490|해외구매 | _정품_535,770|_벌크_511,050|해외구매 | _정품_535,780|_벌크_511,050|해외구매 | _정품_535,780|_벌크_512,300|해외구매 | _정품_535,790|_벌크_512,350|해외구매 | _정품_535,800|_벌크_512,760|해외구매 | _정품_536,940|_벌크_512,780|해외구매 | _정품_539,530|_벌크_491,800|해외구매 | _정품_541,500|_벌크_515,820|해외구매 | _정품_543,190|_벌크_514,610|해외구매 | _정품_543,560|_벌크_493,390|해외구매 | _정품_543,570|_벌크_516,870|해외구매 | _정품_544,800|_벌크_512,490|해외구매 | _정품_546,990|_벌크_513,510|해외구매 | _정품_549,090|_벌크_512,080|해외구매 | _정품_550,040|_벌크_512,070|해외구매 | _정품_551,400|_벌크_511,560|해외구매 | _정품_551,430|_벌크_511,570|해외구매",609280,608550,569990,612880,611440,610710,610710,610000,609270,607120,605680,604240,603510,603510,602800,602070,612880,611440,609270,609270,609270,608560,607120,605680,605670,605680,612890,612890,612890,612890,612850
32457785,인텔 코어i7-14세대 14700T (랩터레이크 리프레시),인텔 코어i7-14세대 14700T,랩터레이크 리프레시,벌크,592440,592440,592360,592330,592230,592120,592090,591970,591850,591730,591610,591490,591370,591250,591120,591010,590890,590770,590580,590530,590410,590290,590170,590060,590000,589890,589840,589810,589690,589670,589670
1013075,인텔 코어i7-1세대 860 (린필드),인텔 코어i7-1세대 860,린필드,중고,11700,11700,11700,11700,11700,11700,11700,11700,11700,11700,11700,11700,11700,11700,11700,14960,14840,14720,14560,14550,14550,14550,14550,14550,14550,14550,14550,14550,14550,14550,14550
4144446,인텔 코어i7-1세대 870 (린필드),인텔 코어i7-1세대 870,린필드,중고,16200,16200,16200,16200,16200,16200,16200,16200,16200,16200,16200,16200,16200,16200,16200,16200,16200,16200,16200,16200,16200,16200,16200,16200,16200,16200,14580,14580,14580,14580,16200
4147680,인텔 코어i7-2세대 2600 (샌디브릿지),인텔 코어i7-2세대 2600,샌디브릿지,중고,35740,35740,35740,35740,35670,35640,35520,36490,36460,36340,36220,36100,35980,35860,35740,35620,35510,36470,36490,36490,36490,36490,36490,36370,36270,36240,36190,36160,36040,35920,35910
1376231,인텔 코어i7-2세대 2600K (샌디브릿지),인텔 코어i7-2세대 2600K,샌디브릿지,"_벌크 + 쿨러_45,240|_중고 | _벌크 + 쿨러_45,280|_중고 | _벌크 + 쿨러_45,400|_중고 | _벌크 + 쿨러_45,490|_중고 | _벌크 + 쿨러_45,520|_중고 | _벌크 + 쿨러_45,640|_중고 | _벌크 + 쿨러_45,760|_중고 | _벌크 + 쿨러_45,880|_중고 | _벌크 + 쿨러_46,000|_중고 | _벌크 + 쿨러_46,110|_중고 | _벌크 + 쿨러_46,120|_중고 | _벌크 + 쿨러_46,200|_중고 | _벌크 + 쿨러_46,210|_중고 | _벌크 + 쿨러_46,990|_중고",40710,40710,40690,40610,40610,40530,40450,40420,40300,40180,40060,39940,39820,39700,39580,39460,39340,39220,39090,40990,40960,40840,40720,40600,40590,40560,40510,40480,40360,39930,39930
1678802,인텔 코어i7-3세대 3770 (아이비브릿지),인텔 코어i7-3세대 3770,아이비브릿지,"_벌크 + 쿨러_49,690|_중고 | _벌크 + 쿨러_52,400|_중고 | _벌크 + 쿨러_52,480|_중고 | _벌크 + 쿨러_53,840|_중고",47750,45500,48290,48260,46190,43690,43690,43690,43690,43690,43690,43590,43590,43590,43590,43590,43590,43590,43590,43590,43590,43590,43590,41990,41990,41990,41990,41990,41990,41990,41990
1678803,인텔 코어i7-3세대 3770K (아이비브릿지),인텔 코어i7-3세대 3770K,아이비브릿지,"_벌크_59,410|_중고 | _벌크_59,420|_중고 | _벌크_63,190|_중고 | _벌크_63,270|_중고 | _벌크_63,280|_중고 | _벌크_63,350|_중고 | _벌크_63,370|_중고 | _벌크_63,880|_중고",57990,57990,56990,56990,56990,56990,55990,55990,55990,55990,54990,54990,54990,54990,54990,56990,56990,56990,54990,54990,54990,54990,54990,54990,54990,54990,54990,54000,54000,56990,56990
2081225,인텔 코어i7-4세대 4770 (하스웰),인텔 코어i7-4세대 4770,하스웰,"_벌크_50,980|_중고 | _벌크_51,080|_중고 | _벌크_51,180|_중고 | _벌크_51,380|_중고 | _벌크_51,480|_중고 | _벌크_51,580|_중고 | _벌크_51,780|_중고 | _벌크_55,000|_중고 | _벌크_56,850|_중고",47410,47410,48410,48410,48410,48410,48410,48410,48410,48410,48410,48410,48410,48410,48410,48410,48410,48410,48410,48410,48410,48410,48400,48400,48400,48400,48400,48400,48400,48400,48400
2081228,인텔 코어i7-4세대 4770K (하스웰),인텔 코어i7-4세대 4770K,하스웰,"_벌크_70,580|_중고 | _벌크_70,620|_중고 | _벌크_75,240|_중고",69990,69990,69750,69990,69990,69990,66990,66990,66990,66990,66990,66990,66990,66990,66990,66990,66990,66990,66990,66990,66990,66990,66990,66990,66990,66990,66990,66990,66990,66990,66990
2783222,인텔 코어i7-4세대 4790 (하스웰 리프레시),인텔 코어i7-4세대 4790,하스웰 리프레시,"_벌크 + 쿨러_105,770|벌크_56,490|_중고 | _벌크 + 쿨러_105,800|벌크_56,490|_중고 | _벌크 + 쿨러_105,920|벌크_56,490|_중고 | _벌크 + 쿨러_106,040|벌크_56,490|_중고 | _벌크 + 쿨러_106,150|벌크_56,490|_중고 | _벌크 + 쿨러_106,220|벌크_56,490|_중고 | _벌크 + 쿨러_106,250|벌크_56,490|_중고 | _벌크 + 쿨러_106,260|벌크_56,490|_중고 | _벌크 + 쿨러_106,380|벌크_56,490|_중고 | _벌크 + 쿨러_106,500|벌크_56,490|_중고 | _벌크 + 쿨러_106,620|벌크_56,490|_중고 | _벌크 + 쿨러_106,740|벌크_56,490|_중고 | _벌크 + 쿨러_106,790|벌크_56,490|_중고 | _벌크 + 쿨러_107,170|벌크_56,490|_중고 | _벌크 + 쿨러_107,170|벌크_56,990|_중고 | 벌크 + 쿨러_100,780|_벌크_57,990|_중고 | 벌크 + 쿨러_101,000|_벌크_59,590|_중고 | 벌크 + 쿨러_101,890|_벌크_57,990|_중고 | 벌크 + 쿨러_106,980|_벌크_56,490|_중고 | 벌크 + 쿨러_107,010|_벌크_56,490|_중고 | 벌크 + 쿨러_107,110|_벌크_56,490|_중고 | 벌크 + 쿨러_107,170|_벌크_56,490|_중고 | 벌크 + 쿨러_107,170|_벌크_56,990|_중고 | 벌크 + 쿨러_107,170|_벌크_57,990|_중고",50990,50990,50990,50990,50990,51790,51570,51540,51500,51490,51390,51390,51190,51190,51190,51190,51190,51090,51090,51090,50990,50990,50990,48990,48990,48990,48990,48990,48990,48990,48990
6112865,인텔 코어i7-4세대 4790K (데빌스캐년),인텔 코어i7-4세대 4790K,데빌스캐년,중고,79630,79630,79630,79630,79630,79630,79630,79630,79630,79630,79630,79630,79630,79630,79630,81380,81380,81380,81380,81380,81380,81380,81380,81380,81380,81380,81380,81380,81380,81380,81380
3412425,인텔 코어i7-6세대 6700 (스카이레이크),인텔 코어i7-6세대 6700,스카이레이크,"_벌크 + 쿨러_100,180|벌크_94,180|_중고 | _벌크 + 쿨러_100,280|벌크_94,280|_중고 | _벌크 + 쿨러_100,480|벌크_94,290|_중고 | _벌크 + 쿨러_100,490|_벌크_94,290|중고 | _벌크 + 쿨러_100,490|_벌크_94,480|중고 | _벌크 + 쿨러_100,490|벌크_94,290|_중고 | _벌크 + 쿨러_100,680|_벌크_94,490|중고 | _벌크 + 쿨러_100,880|벌크_94,790|_중고 | _벌크 + 쿨러_100,890|벌크_94,880|_중고 | _벌크 + 쿨러_100,990|벌크_94,890|_중고 | _벌크 + 쿨러_100,990|벌크_94,980|_중고 | _벌크 + 쿨러_104,290|벌크_98,280|_중고 | _벌크 + 쿨러_104,290|벌크_98,290|_중고 | _벌크 + 쿨러_104,990|벌크_94,990|_중고 | _벌크 + 쿨러_109,810|벌크_98,290|_중고 | 벌크 + 쿨러_100,680|_벌크_94,680|_중고",87900,91800,85370,91800,91800,86900,86900,86900,86900,86900,86900,86900,86900,86900,86900,86900,86900,86900,91800,91800,91800,91800,91800,91800,91800,91800,91800,91800,91800,91800,83900
3444847,인텔 코어i7-6세대 6700K (스카이레이크),인텔 코어i7-6세대 6700K,스카이레이크,"_벌크 + 쿨러_120,910|벌크_115,780|_중고_100,990|해외구매 | _벌크 + 쿨러_120,990|벌크_115,780|_중고_103,310|해외구매 | _벌크 + 쿨러_121,000|벌크_115,780|_중고_100,990|해외구매 | _벌크 + 쿨러_163,230|벌크_115,780|_중고_100,990|해외구매 | _벌크 + 쿨러_168,660|벌크_115,780|_중고_99,670|해외구매 | _벌크 + 쿨러_171,420|벌크_115,780|_중고_100,990|해외구매 | 벌크 + 쿨러_121,000|_벌크_115,780|_중고_100,990|해외구매 | 벌크 + 쿨러_163,230|_벌크_115,780|_중고_100,990|해외구매 | 벌크 + 쿨러_171,420|_벌크_115,780|_중고_100,990|해외구매 | 벌크 + 쿨러_171,430|_벌크_115,780|_중고_100,990|해외구매 | 벌크 + 쿨러_173,210|_벌크_115,780|_중고_100,990|해외구매",345990,345990,345990,345990,345990,345990,345990,345990,345990,345990,345990,345990,345990,345990,345990,353590,353590,353590,353590,353590,353590,216790,216790,216790,216790,216790,216790,216790,216790,216790,216790
4866420,인텔 코어i7-7세대 7700 (카비레이크),인텔 코어i7-7세대 7700,카비레이크,"_벌크 + 쿨러_122,460|벌크_127,990|해외구매_297,900|_중고 | _벌크 + 쿨러_122,470|벌크_127,990|해외구매_297,900|_중고 | _벌크 + 쿨러_122,590|벌크_137,580|해외구매_297,900|_중고 | _벌크 + 쿨러_122,710|벌크_137,580|해외구매_297,900|_중고 | _벌크 + 쿨러_122,830|벌크_137,580|해외구매_297,900|_중고 | _벌크 + 쿨러_122,890|벌크_137,580|해외구매_297,900|_중고 | _벌크 + 쿨러_122,930|벌크_137,580|해외구매_297,900|_중고 | _벌크 + 쿨러_122,950|벌크_137,580|해외구매_297,900|_중고 | _벌크 + 쿨러_123,070|벌크_137,580|해외구매_297,900|_중고 | _벌크 + 쿨러_123,190|벌크_137,580|해외구매_297,900|_중고 | _벌크 + 쿨러_123,310|벌크_137,580|해외구매_297,900|_중고 | _벌크 + 쿨러_123,430|벌크_137,580|해외구매_297,900|_중고 | _벌크 + 쿨러_123,480|벌크_137,580|해외구매_297,900|_중고 | _벌크 + 쿨러_123,670|벌크_137,580|해외구매_297,900|_중고 | _벌크 + 쿨러_123,790|벌크_137,580|해외구매_297,900|_중고 | _벌크 + 쿨러_123,910|벌크_137,580|해외구매_297,900|_중고 | _벌크 + 쿨러_153,330|벌크_137,580|해외구매_297,900|_중고 | _벌크 + 쿨러_155,430|벌크_131,920|해외구매_297,900|_중고 | _벌크 + 쿨러_155,430|벌크_137,580|해외구매_297,900|_중고 | _벌크 + 쿨러_175,020|벌크_131,920|해외구매_297,900|_중고 | _벌크 + 쿨러_175,020|벌크_131,930|해외구매_297,900|_중고",113990,113990,113990,113990,113990,99900,99900,99900,108990,108990,107990,107990,107990,107990,107990,115990,115990,115990,107990,107990,105990,105990,105990,105990,105990,105990,105990,104990,104990,104990,104990
4820435,인텔 코어i7-7세대 7700K (카비레이크),인텔 코어i7-7세대 7700K,카비레이크,"_벌크_149,890|해외구매_292,700|_중고 | _벌크_149,890|해외구매_293,900|_중고 | _벌크_149,900|해외구매_293,900|_중고 | _벌크_159,890|해외구매_293,900|_중고",152800,143790,133730,143790,143790,143790,143790,143790,143790,143790,143790,143790,143790,143790,143790,143790,143790,143790,143790,143790,143790,143790,143790,143790,143790,143790,143790,143790,143790,143770,143730
5530013,인텔 코어i7-8세대 8700 (커피레이크),인텔 코어i7-8세대 8700,커피레이크,"_정품_525,660|벌크 + 쿨러_202,830|벌크_175,000|_중고 | _정품_525,660|벌크 + 쿨러_207,230|벌크_175,000|_중고 | _정품_525,660|벌크 + 쿨러_207,290|벌크_175,000|_중고 | _정품_525,660|벌크 + 쿨러_207,960|벌크_175,000|_중고 | _정품_525,660|벌크 + 쿨러_208,510|벌크_139,020|_중고 | _정품_525,660|벌크 + 쿨러_208,510|벌크_139,030|_중고 | _정품_525,660|벌크 + 쿨러_208,870|벌크_175,000|_중고 | _정품_525,660|벌크 + 쿨러_210,020|벌크_136,500|_중고 | _정품_525,660|벌크 + 쿨러_210,020|벌크_139,150|_중고 | _정품_525,660|벌크 + 쿨러_210,020|벌크_139,270|_중고 | _정품_525,660|벌크 + 쿨러_210,020|벌크_139,390|_중고 | _정품_525,660|벌크 + 쿨러_210,020|벌크_139,420|_중고 | _정품_525,660|벌크 + 쿨러_210,020|벌크_140,920|_중고 | _정품_525,660|벌크 + 쿨러_210,020|벌크_140,930|_중고 | _정품_525,660|벌크 + 쿨러_210,020|벌크_141,050|_중고 | _정품_525,660|벌크 + 쿨러_210,020|벌크_141,170|_중고 | _정품_525,660|벌크 + 쿨러_210,020|벌크_141,290|_중고 | _정품_525,660|벌크 + 쿨러_210,020|벌크_141,410|_중고 | _정품_525,660|벌크 + 쿨러_210,020|벌크_141,460|_중고 | _정품_525,660|벌크 + 쿨러_210,020|벌크_141,880|_중고 | _정품_525,660|벌크 + 쿨러_210,020|벌크_175,000|_중고",139720,139720,135700,135670,135570,135450,135380,135380,135370,135260,135140,135020,134900,134780,134660,134540,134420,134300,134110,134060,133500,133380,133280,133180,133070,133030,132980,132950,141290,132860,141040
5529981,인텔 코어i7-8세대 8700K (커피레이크),인텔 코어i7-8세대 8700K,커피레이크,"_정품_599,800|_벌크 + 쿨러_199,750|벌크_175,860|해외구매_207,500|중고 | _정품_599,800|_벌크 + 쿨러_199,850|벌크_175,860|해외구매_207,500|중고 | _정품_599,800|_벌크 + 쿨러_199,970|벌크_175,860|해외구매_207,500|중고 | _정품_599,800|_벌크 + 쿨러_200,080|벌크_175,860|해외구매_207,500|중고 | _정품_599,800|_벌크 + 쿨러_200,190|벌크_175,860|해외구매_207,500|중고 | _정품_599,800|_벌크 + 쿨러_200,200|벌크_175,860|해외구매_207,490|중고 | _정품_599,800|_벌크 + 쿨러_200,850|벌크_175,860|해외구매_207,500|중고 | _정품_599,800|벌크 + 쿨러_194,290|벌크_173,730|해외구매_207,500|_중고 | _정품_599,800|벌크 + 쿨러_194,290|벌크_173,740|해외구매_216,840|_중고 | _정품_599,800|벌크 + 쿨러_199,290|벌크_173,730|해외구매_207,490|_중고 | _정품_599,800|벌크 + 쿨러_199,750|벌크_175,860|해외구매_207,500|_중고 | _정품_599,800|벌크 + 쿨러_200,850|벌크_175,860|해외구매_207,500|_중고 | _정품_599,800|병행수입 박스_363,800|_벌크 + 쿨러_200,850|벌크_175,860|해외구매_207,500|중고 | _정품_599,800|병행수입 박스_363,800|벌크 + 쿨러_200,850|벌크_175,860|해외구매_207,500|_중고",158310,158310,156350,156340,156330,155910,155800,155680,155560,155440,155320,155200,155080,154960,154840,154720,154600,154480,154290,154240,154120,154000,153880,153760,153750,153720,153670,153640,153520,153400,153390
8428929,인텔 코어i7-9세대 9700 (커피레이크-R),인텔 코어i7-9세대 9700,커피레이크-R,"_정품_1,154,100|_벌크 + 쿨러_366,330|벌크_246,990|중고 | _정품_1,154,100|_벌크 + 쿨러_372,550|벌크_246,990|중고 | _정품_1,154,100|벌크 + 쿨러_366,330|벌크_246,990|_중고 | _정품_1,154,100|벌크 + 쿨러_370,650|벌크_246,990|_중고 | _정품_1,154,100|벌크 + 쿨러_372,550|벌크_246,990|_중고",218250,218230,218210,218190,209390,198000,198000,201600,201580,201570,201560,201550,201550,201550,202680,202680,202660,202650,202630,202630,202630,202620,202620,217960,217960,0,0,0,0,0,0
8650784,인텔 코어i7-9세대 9700 (커피레이크-R),인텔 코어i7-9세대 9700,커피레이크-R,"_벌크 + 쿨러_366,330|벌크_246,990|_중고",0,0,0,0,0,0,0,0,0,0,0,0,0,0,0,0,0,0,0,0,0,0,0,0,0,217960,217960,217960,217960,217960,217960
8062711,인텔 코어i7-9세대 9700F (커피레이크-R),인텔 코어i7-9세대 9700F,커피레이크-R,"_정품_1,069,400|병행수입 박스_562,100|벌크 + 쿨러_367,860|_벌크 | _정품_1,069,400|병행수입 박스_562,100|벌크 + 쿨러_413,110|_벌크",197990,197980,197980,0,202370,202370,202370,202370,202370,202370,202370,202370,202370,202370,202370,202370,202370,202370,202370,202370,202370,202370,202370,202370,202370,0,0,0,0,0,0
8371947,인텔 코어i7-9세대 9700F (커피레이크-R),인텔 코어i7-9세대 9700F,커피레이크-R,"병행수입 박스_562,100|_벌크 + 쿨러_367,860|_벌크",0,0,0,202370,0,0,0,0,0,0,0,0,0,0,0,0,0,0,0,0,0,0,0,0,0,0,0,0,0,0,0
8372031,인텔 코어i7-9세대 9700F (커피레이크-R),인텔 코어i7-9세대 9700F,커피레이크-R,"_벌크 + 쿨러_413,110|_벌크",0,0,0,0,0,0,0,0,0,0,0,0,0,0,0,0,0,0,0,0,0,0,0,0,0,202370,202370,202370,202370,202370,202370
6581257,인텔 코어i7-9세대 9700K (커피레이크-R),인텔 코어i7-9세대 9700K,커피레이크-R,"벌크 + 쿨러_436,510|_벌크_260,270|해외구매_297,080|_중고 | 벌크 + 쿨러_436,510|_벌크_260,270|해외구매_297,210|_중고 | 벌크 + 쿨러_436,510|_벌크_260,270|해외구매_297,330|_중고 | 벌크 + 쿨러_436,510|_벌크_260,270|해외구매_297,410|_중고 | 벌크 + 쿨러_436,510|벌크_260,270|_해외구매_297,090|_중고 | 벌크 + 쿨러_436,510|벌크_260,270|_해외구매_297,360|_중고 | 벌크 + 쿨러_436,510|벌크_260,270|_해외구매_297,440|_중고 | 벌크 + 쿨러_436,510|벌크_260,270|_해외구매_297,450|_중고 | 벌크 + 쿨러_436,510|벌크_260,270|_해외구매_297,570|_중고 | 벌크 + 쿨러_436,510|벌크_260,270|_해외구매_297,690|_중고 | 벌크 + 쿨러_436,510|벌크_260,270|_해외구매_297,810|_중고 | 벌크 + 쿨러_436,510|벌크_260,270|_해외구매_297,930|_중고 | 벌크 + 쿨러_436,510|벌크_260,270|_해외구매_297,980|_중고 | 벌크 + 쿨러_436,510|벌크_260,270|_해외구매_298,170|_중고 | 벌크 + 쿨러_436,510|벌크_260,270|_해외구매_298,290|_중고 | 벌크 + 쿨러_436,510|벌크_260,270|_해외구매_298,410|_중고 | 벌크 + 쿨러_436,510|벌크_260,270|_해외구매_298,530|_중고 | 벌크 + 쿨러_436,510|벌크_260,270|_해외구매_298,650|_중고 | 벌크 + 쿨러_436,510|벌크_260,270|_해외구매_298,770|_중고 | 벌크 + 쿨러_436,510|벌크_260,270|_해외구매_298,890|_중고 | 벌크 + 쿨러_436,510|벌크_260,270|_해외구매_299,010|_중고 | 벌크 + 쿨러_436,510|벌크_260,270|_해외구매_299,130|_중고 | 벌크 + 쿨러_436,510|벌크_260,270|_해외구매_299,250|_중고 | 벌크 + 쿨러_436,510|벌크_260,270|_해외구매_299,370|_중고 | 벌크 + 쿨러_436,510|벌크_260,270|_해외구매_299,480|_중고 | 벌크 + 쿨러_436,510|벌크_260,270|_해외구매_299,560|_중고 | 벌크 + 쿨러_436,510|벌크_260,270|_해외구매_299,600|_중고 | 벌크 + 쿨러_436,510|벌크_260,270|_해외구매_299,680|_중고 | 벌크 + 쿨러_436,510|벌크_260,270|_해외구매_299,750|_중고 | 벌크 + 쿨러_436,510|벌크_260,270|_해외구매_299,760|_중고",219990,219990,219990,219990,219990,219990,219990,219990,219990,219990,219990,219990,219990,219990,219990,219990,219990,219990,219990,219990,219990,219990,219990,219990,219990,219990,219990,219990,219990,219990,219990
7517686,인텔 코어i7-9세대 9700KF (커피레이크-R),인텔 코어i7-9세대 9700KF,커피레이크-R,"_정품_498,130|병행수입 박스_506,100|벌크 + 쿨러_410,400|_벌크",225030,225030,221600,225030,225030,225030,225030,225030,225030,225030,225030,225030,225030,225030,225030,225030,225030,225030,225030,225030,225030,225030,225030,225030,225030,225030,222600,222600,222600,221020,221020
12872624,인텔 코어i9-10세대 10850K (코멧레이크S),인텔 코어i9-10세대 10850K,코멧레이크S,해외구매,0,0,0,0,0,0,0,0,0,0,0,0,0,0,0,0,0,0,0,0,0,0,0,0,0,0,0,826600,826600,826600,826600
13165070,인텔 코어i9-10세대 10900 (코멧레이크S),인텔 코어i9-10세대 10900,코멧레이크S,"병행수입 박스_460,100|_벌크 + 쿨러_450,200|_벌크_441,390|중고 | 병행수입 박스_460,100|_벌크 + 쿨러_450,200|_벌크_447,360|중고 | 병행수입 박스_460,100|_벌크 + 쿨러_450,210|_벌크_441,390|중고 | 병행수입 박스_460,100|_벌크 + 쿨러_450,220|_벌크_441,390|중고 | 병행수입 박스_460,100|_벌크 + 쿨러_450,480|_벌크_441,390|중고",450000,450000,450000,450000,450000,450000,450000,450000,450000,450000,450000,450000,450000,450000,450000,450000,450000,450000,450000,450000,450000,450000,450000,450000,450000,450000,450000,450000,450000,450000,450000
11593289,인텔 코어i9-10세대 10900F (코멧레이크S),인텔 코어i9-10세대 10900F,코멧레이크S,"_정품_599,990|_병행수입 박스_341,700|벌크 + 쿨러_529,340|벌크 | _정품_599,990|병행수입 박스_341,560|_벌크 + 쿨러_336,230|벌크 | _정품_599,990|병행수입 박스_341,700|벌크 + 쿨러_529,340|_벌크 | _정품_599,990|병행수입 박스_343,770|_벌크 + 쿨러_336,240|벌크 | _정품_599,990|병행수입 박스_372,130|_벌크 + 쿨러_336,240|벌크 | _정품_599,990|병행수입 박스_821,100|_벌크 + 쿨러_336,240|벌크 | _정품_599,990|병행수입 박스_821,100|벌크 + 쿨러_336,240|_벌크 | _정품_599,990|병행수입 박스_821,100|벌크 + 쿨러_347,010|_벌크 | _정품_599,990|병행수입 박스_821,100|벌크 + 쿨러_387,660|_벌크 | _정품_599,990|병행수입 박스_821,100|벌크 + 쿨러_529,340|_벌크",331040,331040,331040,331040,331050,331050,331050,331050,331050,331050,331050,331050,331050,331050,331050,331050,335210,335110,334940,334910,335570,335450,335350,335350,345600,345600,345600,345600,345600,573000,573000
11305233,인텔 코어i9-10세대 10900K (코멧레이크S),인텔 코어i9-10세대 10900K,코멧레이크S,"_정품_1,146,900|벌크 + 쿨러_635,000|_벌크 | _정품_1,146,900|벌크 + 쿨러_805,990|_벌크 | _정품_1,146,900|병행수입 박스_1,028,000|벌크 + 쿨러_749,580|_벌크 | _정품_1,146,900|병행수입 박스_1,028,000|벌크 + 쿨러_755,690|_벌크 | _정품_1,146,900|병행수입 박스_1,028,000|벌크 + 쿨러_785,990|_벌크 | _정품_1,146,900|병행수입 박스_1,028,000|벌크 + 쿨러_786,000|_벌크 | _정품_1,146,900|병행수입 박스_1,028,000|벌크 + 쿨러_805,990|_벌크",596000,596000,596000,596000,596000,596000,596000,596000,596000,596000,596000,596000,596000,596000,596000,596000,596000,596000,596000,596000,596000,596000,596000,596000,596000,596000,596000,596000,596000,596000,0
12309857,인텔 코어i9-10세대 10900K (코멧레이크S),인텔 코어i9-10세대 10900K,코멧레이크S,"_벌크 + 쿨러_635,000|_벌크",0,0,0,0,0,0,0,0,0,0,0,0,0,0,0,0,0,0,0,0,0,0,0,0,0,0,0,0,0,0,596000
11593361,인텔 코어i9-10세대 10900KF (코멧레이크S),인텔 코어i9-10세대 10900KF,코멧레이크S,"_정품_713,300|_병행수입 박스_515,480|벌크 + 쿨러_521,430|벌크 | _정품_713,300|_병행수입 박스_580,770|벌크 | _정품_713,300|병행수입 박스_515,480|_벌크 + 쿨러_521,430|벌크 | _정품_713,300|병행수입 박스_515,480|벌크 + 쿨러_521,430|_벌크",515480,515480,515480,515480,515480,515480,515480,515480,515480,515480,515480,515480,515480,515480,515480,515480,515480,515480,515480,515480,515480,515480,515480,515480,515480,566250,566250,566250,566250,566250,580770
13620002,인텔 코어i9-11세대 11900 (로켓레이크S),인텔 코어i9-11세대 11900,로켓레이크S,"_정품_455,480|_병행수입 박스_410,080|벌크 + 쿨러_412,640|벌크 | _정품_455,490|_병행수입 박스_410,080|벌크 + 쿨러_412,640|벌크 | _정품_465,800|_병행수입 박스_409,260|벌크 + 쿨러_412,640|벌크 | _정품_465,850|_병행수입 박스_410,080|벌크 + 쿨러_412,640|벌크",407390,407390,407390,407390,407390,407390,407390,407390,407390,407390,407390,407390,407390,407390,407390,407390,407390,407390,407390,407390,407390,407390,407390,407390,407390,407390,407390,407390,407390,407390,407390
13753673,인텔 코어i9-11세대 11900F (로켓레이크S),인텔 코어i9-11세대 11900F,로켓레이크S,"정품_402,560|병행수입 박스_422,600|_벌크 + 쿨러_253,340|_벌크 | 정품_402,560|병행수입 박스_422,600|_벌크 + 쿨러_255,140|_벌크 | 정품_402,570|병행수입 박스_422,600|_벌크 + 쿨러_255,140|_벌크 | 정품_412,730|병행수입 박스_281,000|_벌크 + 쿨러_253,250|_벌크 | 정품_412,730|병행수입 박스_281,000|_벌크 + 쿨러_253,260|_벌크 | 정품_412,730|병행수입 박스_281,000|_벌크 + 쿨러_255,140|_벌크",247690,247680,247680,248270,248270,248270,248270,248270,248270,248270,248270,248270,248270,248270,248270,248270,248270,248270,248270,248270,248270,248270,248270,248270,248270,248270,248270,248270,248270,248120,248120
13620026,인텔 코어i9-11세대 11900K (로켓레이크S),인텔 코어i9-11세대 11900K,로켓레이크S,"_정품_623,350|벌크 + 쿨러_324,850|_벌크_319,120|해외구매 | _정품_623,350|벌크 + 쿨러_324,850|_벌크_319,660|해외구매 | _정품_637,050|_벌크 + 쿨러_331,070|벌크_323,410|해외구매 | _정품_637,050|_벌크 + 쿨러_331,070|벌크_325,890|해외구매 | _정품_637,050|벌크 + 쿨러_324,850|_벌크_319,660|해외구매 | _정품_637,050|벌크 + 쿨러_331,070|_벌크_323,410|해외구매 | _정품_637,050|벌크 + 쿨러_331,070|_벌크_325,890|해외구매",641290,641290,596400,641290,641290,641290,641290,641290,641290,641290,641290,641290,1084790,1084790,1084790,1084790,1084790,1084790,1084790,1084790,1084790,1084790,1084790,1084790,1084790,1084790,1084790,1084790,1084790,1084790,1084790
13753718,인텔 코어i9-11세대 11900KF (로켓레이크S),인텔 코어i9-11세대 11900KF,로켓레이크S,"_정품_430,480|_벌크 + 쿨러_772,070|벌크 | _정품_430,480|벌크 + 쿨러_772,070|_벌크 | _정품_579,000|_벌크 + 쿨러_772,070|벌크 | _정품_579,000|벌크 + 쿨러_772,070|_벌크 | 정품_430,480|_벌크 + 쿨러_293,770|_벌크 | 정품_430,480|_벌크 + 쿨러_331,410|_벌크 | 정품_430,480|_벌크 + 쿨러_772,070|_벌크",288550,288550,288270,288550,288550,288550,288550,288550,288550,288550,294120,294120,768780,768780,768780,768780,768780,768780,768780,768780,768780,768780,768780,768780,768780,768780,768780,768780,768780,768780,768780
16101545,인텔 코어i9-12세대 12900 (엘더레이크),인텔 코어i9-12세대 12900,엘더레이크,"_정품_561,710|병행수입 박스_566,000|벌크 + 쿨러_570,880|_벌크_551,800|해외구매_662,560|중고 | _정품_586,270|벌크 + 쿨러_563,630|_벌크_545,710|해외구매_717,990|중고 | _정품_586,270|벌크 + 쿨러_566,530|_벌크_547,780|해외구매_717,990|중고 | _정품_586,270|벌크 + 쿨러_566,540|_벌크_547,790|해외구매_717,990|중고 | _정품_586,270|병행수입 박스_574,490|벌크 + 쿨러_568,810|_벌크_550,070|해외구매_717,990|중고 | _정품_586,280|병행수입 박스_566,000|벌크 + 쿨러_570,140|_벌크_552,140|해외구매_717,990|중고 | _정품_588,000|병행수입 박스_566,000|벌크 + 쿨러_570,140|_벌크_552,140|해외구매_717,990|중고 | _정품_588,000|병행수입 박스_566,000|벌크 + 쿨러_570,150|_벌크_552,150|해외구매_717,990|중고 | _정품_588,000|병행수입 박스_566,000|벌크 + 쿨러_570,250|_벌크_532,000|해외구매_717,990|중고 | _정품_588,000|병행수입 박스_566,000|벌크 + 쿨러_570,250|_벌크_552,170|해외구매_717,990|중고 | _정품_588,000|병행수입 박스_566,000|벌크 + 쿨러_570,880|_벌크_552,170|해외구매_717,990|중고 | _정품_589,400|병행수입 박스_566,000|벌크 + 쿨러_570,140|_벌크_552,140|해외구매_717,990|중고 | _정품_599,760|병행수입 박스_566,000|벌크 + 쿨러_570,880|_벌크_526,600|해외구매_662,560|중고 | _정품_599,760|병행수입 박스_566,000|벌크 + 쿨러_570,880|_벌크_526,600|해외구매_717,990|중고 | _정품_599,760|병행수입 박스_566,000|벌크 + 쿨러_570,880|_벌크_552,170|해외구매_662,560|중고 | _정품_599,760|병행수입 박스_566,000|벌크 + 쿨러_570,880|_벌크_552,170|해외구매_717,990|중고",614460,614380,596100,596090,596080,595960,595840,595720,595600,595480,595360,595240,595120,595000,594880,594760,594640,594520,594330,594280,594160,594040,593920,593800,593790,593760,593710,593680,593560,593440,593430
16101581,인텔 코어i9-12세대 12900F (엘더레이크),인텔 코어i9-12세대 12900F,엘더레이크,"_정품_537,590|병행수입 박스_509,390|벌크 + 쿨러_496,640|_벌크_472,280|해외구매 | _정품_537,600|병행수입 박스_509,400|벌크 + 쿨러_496,640|_벌크_472,280|해외구매 | _정품_538,710|병행수입 박스_509,520|벌크 + 쿨러_496,640|_벌크_472,280|해외구매 | _정품_538,710|병행수입 박스_509,640|벌크 + 쿨러_496,640|_벌크_472,280|해외구매 | _정품_538,710|병행수입 박스_509,750|벌크 + 쿨러_496,640|_벌크_472,280|해외구매 | _정품_538,720|병행수입 박스_522,200|벌크 + 쿨러_496,640|_벌크_472,290|해외구매 | _정품_542,390|병행수입 박스_522,770|벌크 + 쿨러_504,820|_벌크_485,770|해외구매 | _정품_542,390|병행수입 박스_522,890|벌크 + 쿨러_504,820|_벌크_485,770|해외구매 | _정품_542,390|병행수입 박스_522,940|벌크 + 쿨러_504,820|_벌크_485,770|해외구매 | _정품_546,240|병행수입 박스_523,240|벌크 + 쿨러_504,820|_벌크_485,770|해외구매 | _정품_546,880|병행수입 박스_522,530|벌크 + 쿨러_504,820|_벌크_485,770|해외구매 | _정품_547,740|병행수입 박스_533,900|벌크 + 쿨러_507,670|_벌크_493,010|해외구매 | _정품_549,090|병행수입 박스_522,200|벌크 + 쿨러_504,820|_벌크_485,770|해외구매 | _정품_549,090|병행수입 박스_522,410|벌크 + 쿨러_504,820|_벌크_485,770|해외구매 | _정품_549,090|병행수입 박스_523,260|벌크 + 쿨러_504,820|_벌크_485,770|해외구매 | _정품_549,090|병행수입 박스_533,900|벌크 + 쿨러_504,820|_벌크_485,770|해외구매 | _정품_549,100|병행수입 박스_522,650|벌크 + 쿨러_504,820|_벌크_485,770|해외구매 | _정품_549,100|병행수입 박스_523,120|벌크 + 쿨러_504,820|_벌크_485,770|해외구매 | _정품_549,100|병행수입 박스_533,900|벌크 + 쿨러_504,830|_벌크_475,000|해외구매 | _정품_553,240|병행수입 박스_533,900|벌크 + 쿨러_506,470|_벌크_493,010|해외구매 | _정품_553,240|병행수입 박스_533,900|벌크 + 쿨러_509,470|_벌크_493,010|해외구매 | _정품_553,240|병행수입 박스_533,900|벌크 + 쿨러_509,480|_벌크_493,010|해외구매 | _정품_553,240|병행수입 박스_533,900|벌크 + 쿨러_510,070|_벌크_470,200|해외구매 | _정품_553,240|병행수입 박스_533,900|벌크 + 쿨러_510,680|_벌크_489,330|해외구매 | _정품_553,240|병행수입 박스_533,900|벌크 + 쿨러_511,880|_벌크_493,010|해외구매 | _정품_553,240|병행수입 박스_533,900|벌크 + 쿨러_512,480|_벌크_489,330|해외구매 | _정품_553,240|병행수입 박스_533,900|벌크 + 쿨러_517,640|_벌크_470,200|해외구매 | _정품_553,240|병행수입 박스_533,900|벌크 + 쿨러_517,640|_벌크_493,010|해외구매",500200,500200,500200,500200,500200,500200,500200,500200,500200,500200,500200,500200,500200,500200,500200,500200,500200,500200,500200,500200,500200,500200,500200,500200,500200,500200,500200,500200,500200,500200,500200
15594887,인텔 코어i9-12세대 12900K (엘더레이크),인텔 코어i9-12세대 12900K,엘더레이크,"_정품_542,000|벌크 + 쿨러_483,120|_벌크_474,490|병행수입 박스_512,500|해외구매 | _정품_542,000|벌크 + 쿨러_483,120|_벌크_479,190|병행수입 박스_512,500|해외구매 | _정품_542,000|벌크 + 쿨러_495,480|_벌크_476,090|병행수입 박스_512,500|해외구매 | _정품_542,000|벌크 + 쿨러_496,640|_벌크_479,190|병행수입 박스_512,500|해외구매 | _정품_542,000|벌크 + 쿨러_496,650|_벌크_479,200|병행수입 박스_512,500|해외구매 | _정품_542,000|벌크 + 쿨러_506,690|_벌크_487,280|병행수입 박스_512,500|해외구매 | _정품_543,730|벌크 + 쿨러_478,350|_벌크_476,090|병행수입 박스_501,800|해외구매 | _정품_543,730|벌크 + 쿨러_488,770|_벌크_468,610|병행수입 박스_497,500|해외구매 | _정품_543,730|벌크 + 쿨러_488,770|_벌크_468,620|병행수입 박스_497,500|해외구매 | _정품_543,730|벌크 + 쿨러_488,770|_벌크_470,900|병행수입 박스_501,800|해외구매 | _정품_543,730|벌크 + 쿨러_488,780|_벌크_470,900|병행수입 박스_501,800|해외구매 | _정품_543,730|벌크 + 쿨러_490,290|_벌크_470,910|병행수입 박스_501,800|해외구매 | _정품_543,840|벌크 + 쿨러_506,690|_벌크_487,280|병행수입 박스_512,500|해외구매 | _정품_547,250|벌크 + 쿨러_510,300|_벌크_474,500|병행수입 박스_512,500|해외구매 | _정품_547,250|벌크 + 쿨러_510,430|_벌크_491,030|병행수입 박스_512,500|해외구매 | _정품_547,250|벌크 + 쿨러_510,440|_벌크_491,080|병행수입 박스_540,300|해외구매 | _정품_547,250|벌크 + 쿨러_511,350|_벌크_492,210|병행수입 박스_540,300|해외구매 | _정품_547,250|벌크 + 쿨러_511,680|_벌크_492,210|병행수입 박스_540,300|해외구매 | _정품_547,260|벌크 + 쿨러_511,680|_벌크_492,210|병행수입 박스_540,300|해외구매 | _정품_547,890|벌크 + 쿨러_500,840|_벌크_469,700|병행수입 박스_540,300|해외구매 | _정품_548,540|벌크 + 쿨러_500,840|_벌크_492,210|병행수입 박스_540,300|해외구매 | _정품_549,030|벌크 + 쿨러_503,560|_벌크_492,210|병행수입 박스_540,300|해외구매 | _정품_549,030|벌크 + 쿨러_504,150|_벌크_492,180|병행수입 박스_540,300|해외구매 | _정품_549,030|벌크 + 쿨러_509,440|_벌크_469,700|병행수입 박스_540,300|해외구매 | _정품_549,030|벌크 + 쿨러_510,030|_벌크_492,210|병행수입 박스_540,300|해외구매",552590,552590,552580,552570,565810,588370,577020,576930,576890,576810,574520,574400,574280,520890,520890,520890,520890,520860,520680,520630,520510,520390,491820,491820,491820,491820,491820,491820,491820,487630,487630
15594956,인텔 코어i9-12세대 12900KF (엘더레이크),인텔 코어i9-12세대 12900KF,엘더레이크,"_정품_509,710|병행수입 박스_474,720|벌크 + 쿨러_475,640|_벌크_458,590|해외구매 | _정품_513,640|병행수입 박스_474,850|벌크 + 쿨러_477,600|_벌크_444,000|해외구매 | _정품_513,640|병행수입 박스_474,850|벌크 + 쿨러_479,260|_벌크_463,320|해외구매 | _정품_513,640|병행수입 박스_475,060|벌크 + 쿨러_480,800|_벌크_464,070|해외구매 | _정품_513,640|병행수입 박스_478,990|벌크 + 쿨러_480,800|_벌크_465,380|해외구매 | _정품_513,640|병행수입 박스_488,770|벌크 + 쿨러_480,800|_벌크_443,900|해외구매 | _정품_513,640|병행수입 박스_488,770|벌크 + 쿨러_480,810|_벌크_465,380|해외구매 | _정품_517,600|병행수입 박스_473,860|벌크 + 쿨러_466,480|_벌크_455,490|해외구매 | _정품_517,600|병행수입 박스_473,860|벌크 + 쿨러_467,250|_벌크_449,260|해외구매 | _정품_517,610|병행수입 박스_473,860|벌크 + 쿨러_463,240|_벌크_455,490|해외구매 | _정품_517,610|병행수입 박스_473,860|벌크 + 쿨러_469,350|_벌크_451,340|해외구매 | _정품_517,610|병행수입 박스_473,860|벌크 + 쿨러_470,550|_벌크_451,340|해외구매 | _정품_517,870|병행수입 박스_474,850|벌크 + 쿨러_477,060|_벌크_461,540|해외구매 | _정품_517,870|병행수입 박스_474,850|벌크 + 쿨러_477,600|_벌크_444,000|해외구매 | _정품_517,880|병행수입 박스_474,850|벌크 + 쿨러_477,050|_벌크_461,540|해외구매 | _정품_518,710|병행수입 박스_463,930|벌크 + 쿨러_465,140|_벌크_447,180|해외구매 | _정품_518,720|병행수입 박스_463,930|벌크 + 쿨러_465,150|_벌크_447,180|해외구매 | _정품_518,720|병행수입 박스_473,860|벌크 + 쿨러_467,240|_벌크_447,180|해외구매 | _정품_518,730|병행수입 박스_473,860|벌크 + 쿨러_466,400|_벌크_447,190|해외구매 | _정품_519,640|병행수입 박스_473,860|벌크 + 쿨러_466,480|_벌크_455,490|해외구매 | _정품_519,650|병행수입 박스_468,590|벌크 + 쿨러_464,020|_벌크_458,650|해외구매 | _정품_519,650|병행수입 박스_468,590|벌크 + 쿨러_475,650|_벌크_458,590|해외구매 | _정품_519,650|병행수입 박스_468,590|벌크 + 쿨러_477,810|_벌크_448,500|해외구매 | _정품_519,650|병행수입 박스_468,590|벌크 + 쿨러_477,810|_벌크_458,590|해외구매 | _정품_519,650|병행수입 박스_468,590|벌크 + 쿨러_477,810|_벌크_458,600|해외구매 | _정품_519,650|병행수입 박스_473,860|벌크 + 쿨러_466,480|_벌크_455,490|해외구매 | _정품_519,650|병행수입 박스_474,850|벌크 + 쿨러_476,510|_벌크_461,540|해외구매",556950,556950,556950,556950,556950,556950,556950,556950,646280,646470,649220,646660,646090,652930,657580,657300,657300,660910,659200,665470,664990,666230,665750,665750,667460,670310,679150,678670,679810,678960,679530
16756757,인텔 코어i9-12세대 12900KS (엘더레이크),인텔 코어i9-12세대 12900KS,엘더레이크,"_정품_973,350|_해외구매",538090,538080,538070,538040,537950,537910,537830,537210,536510,412190,412090,390690,390570,390450,390330,390220,439160,435590,435590,435590,435560,435590,485390,478270,478260,0,0,0,0,0,0
16846118,인텔 코어i9-12세대 12900KS (엘더레이크),인텔 코어i9-12세대 12900KS,엘더레이크,해외구매,0,0,0,0,0,0,0,0,0,0,0,0,0,0,0,0,0,0,0,0,0,0,0,0,0,477170,477200,477200,477200,477200,477200
16394042,인텔 코어i9-12세대 12900T (엘더레이크),인텔 코어i9-12세대 12900T,엘더레이크,벌크,807990,0,0,0,0,0,0,807990,807990,807990,807990,807990,807990,807990,807990,807990,807990,807990,807990,807990,807990,807990,807990,807990,807990,807990,807990,807990,807990,807990,807990
18704012,인텔 코어i9-13세대 13900 (랩터레이크),인텔 코어i9-13세대 13900,랩터레이크,"_정품_797,800|벌크 + 쿨러_764,520|_벌크 | _정품_797,820|벌크 + 쿨러_764,520|_벌크 | _정품_799,700|벌크 + 쿨러_765,000|_벌크 | _정품_803,080|벌크 + 쿨러_740,000|_벌크 | _정품_803,090|벌크 + 쿨러_740,000|_벌크 | _정품_803,100|벌크 + 쿨러_740,000|_벌크 | _정품_803,870|벌크 + 쿨러_740,000|_벌크 | _정품_803,870|벌크 + 쿨러_758,020|_벌크 | _정품_803,870|벌크 + 쿨러_760,550|_벌크 | _정품_803,870|벌크 + 쿨러_765,000|_벌크 | _정품_803,880|벌크 + 쿨러_765,000|_벌크 | _정품_803,890|벌크 + 쿨러_765,000|_벌크 | _정품_804,240|벌크 + 쿨러_740,000|_벌크 | _정품_804,250|벌크 + 쿨러_761,860|_벌크 | _정품_804,260|벌크 + 쿨러_761,860|_벌크 | _정품_804,260|벌크 + 쿨러_764,570|_벌크",750000,750000,750000,750000,736500,750000,750000,750000,750000,750000,750000,750000,750000,750000,750000,750000,750000,750000,730000,730000,730000,730000,730000,730000,730000,730000,730000,730000,730000,730000,730000
18640472,인텔 코어i9-13세대 13900 (랩터레이크),인텔 코어i9-13세대 13900,랩터레이크,"_정품_797,800|벌크 + 쿨러_764,520|_벌크 | _정품_797,820|벌크 + 쿨러_764,520|_벌크 | _정품_799,700|벌크 + 쿨러_765,000|_벌크 | _정품_803,080|벌크 + 쿨러_740,000|_벌크 | _정품_803,090|벌크 + 쿨러_740,000|_벌크 | _정품_803,100|벌크 + 쿨러_740,000|_벌크 | _정품_803,870|벌크 + 쿨러_740,000|_벌크 | _정품_803,870|벌크 + 쿨러_758,020|_벌크 | _정품_803,870|벌크 + 쿨러_760,550|_벌크 | _정품_803,870|벌크 + 쿨러_765,000|_벌크 | _정품_803,880|벌크 + 쿨러_765,000|_벌크 | _정품_803,890|벌크 + 쿨러_765,000|_벌크 | _정품_804,240|벌크 + 쿨러_740,000|_벌크 | _정품_804,250|벌크 + 쿨러_761,860|_벌크 | _정품_804,260|벌크 + 쿨러_761,860|_벌크 | _정품_804,260|벌크 + 쿨러_764,570|_벌크",750000,750000,750000,750000,736500,750000,750000,750000,750000,750000,750000,750000,750000,750000,750000,750000,750000,750000,730000,730000,730000,730000,730000,730000,730000,730000,730000,730000,730000,730000,730000
18703961,인텔 코어i9-13세대 13900F (랩터레이크),인텔 코어i9-13세대 13900F,랩터레이크,"_정품_765,850|벌크 + 쿨러_721,220|_벌크_716,700|해외구매 | _정품_765,850|벌크 + 쿨러_721,220|_벌크_751,500|해외구매 | _정품_766,540|벌크 + 쿨러_721,220|_벌크_751,500|해외구매 | _정품_768,330|벌크 + 쿨러_721,220|_벌크_724,000|해외구매 | _정품_768,330|벌크 + 쿨러_721,220|_벌크_746,310|해외구매 | _정품_768,330|벌크 + 쿨러_721,220|_벌크_751,500|해외구매 | _정품_768,550|벌크 + 쿨러_721,220|_벌크_716,700|해외구매 | _정품_768,550|벌크 + 쿨러_721,220|_벌크_749,280|해외구매 | _정품_768,550|벌크 + 쿨러_721,220|_벌크_751,500|해외구매 | _정품_769,000|벌크 + 쿨러_721,220|_벌크_734,890|해외구매 | _정품_769,000|벌크 + 쿨러_721,220|_벌크_734,900|해외구매 | _정품_769,000|벌크 + 쿨러_721,220|_벌크_739,040|해외구매 | _정품_769,000|벌크 + 쿨러_721,220|_벌크_739,050|해외구매 | _정품_769,000|벌크 + 쿨러_721,220|_벌크_746,310|해외구매",850600,850600,798120,850600,850600,850600,850600,850600,850600,850600,850600,850600,850600,859200,859200,859200,928600,928600,928600,928600,928600,928600,928600,928600,928600,928600,928600,928600,928600,928600,928600
18640442,인텔 코어i9-13세대 13900F (랩터레이크),인텔 코어i9-13세대 13900F,랩터레이크,"_정품_765,850|벌크 + 쿨러_721,220|_벌크_716,700|해외구매 | _정품_765,850|벌크 + 쿨러_721,220|_벌크_751,500|해외구매 | _정품_766,540|벌크 + 쿨러_721,220|_벌크_751,500|해외구매 | _정품_768,330|벌크 + 쿨러_721,220|_벌크_724,000|해외구매 | _정품_768,330|벌크 + 쿨러_721,220|_벌크_746,310|해외구매 | _정품_768,330|벌크 + 쿨러_721,220|_벌크_751,500|해외구매 | _정품_768,550|벌크 + 쿨러_721,220|_벌크_716,700|해외구매 | _정품_768,550|벌크 + 쿨러_721,220|_벌크_749,280|해외구매 | _정품_768,550|벌크 + 쿨러_721,220|_벌크_751,500|해외구매 | _정품_769,000|벌크 + 쿨러_721,220|_벌크_734,890|해외구매 | _정품_769,000|벌크 + 쿨러_721,220|_벌크_734,900|해외구매 | _정품_769,000|벌크 + 쿨러_721,220|_벌크_739,040|해외구매 | _정품_769,000|벌크 + 쿨러_721,220|_벌크_739,050|해외구매 | _정품_769,000|벌크 + 쿨러_721,220|_벌크_746,310|해외구매",850600,850600,798120,850600,850600,850600,850600,850600,850600,850600,850600,850600,850600,859200,859200,859200,928600,928600,928600,928600,928600,928600,928600,928600,928600,928600,928600,928600,928600,928600,928600
18198092,인텔 코어i9-13세대 13900K (랩터레이크),인텔 코어i9-13세대 13900K,랩터레이크,"_정품_679,980|벌크 + 쿨러_710,150|_벌크_671,200|병행수입 박스_729,700|해외구매 | _정품_680,790|벌크 + 쿨러_715,070|_벌크_700,350|병행수입 박스_729,700|해외구매 | _정품_695,680|벌크 + 쿨러_709,340|_벌크_700,340|병행수입 박스_729,700|해외구매 | _정품_704,190|벌크 + 쿨러_718,100|_벌크_699,310|병행수입 박스_729,700|해외구매 | _정품_704,200|벌크 + 쿨러_716,650|_벌크_695,670|병행수입 박스_748,080|해외구매 | _정품_704,200|벌크 + 쿨러_716,660|_벌크_695,680|병행수입 박스_748,080|해외구매 | _정품_704,200|벌크 + 쿨러_718,090|_벌크_697,230|해외구매 | _정품_704,200|벌크 + 쿨러_718,090|_벌크_698,270|해외구매 | _정품_704,200|벌크 + 쿨러_718,090|_벌크_700,340|해외구매 | _정품_704,200|벌크 + 쿨러_718,090|_벌크_700,350|병행수입 박스_729,700|해외구매 | _정품_704,200|벌크 + 쿨러_718,100|_벌크_699,310|병행수입 박스_729,700|해외구매 | _정품_704,200|벌크 + 쿨러_718,110|_벌크_699,310|병행수입 박스_729,700|해외구매 | _정품_704,200|벌크 + 쿨러_718,800|_벌크_699,310|병행수입 박스_729,700|해외구매 | _정품_704,210|벌크 + 쿨러_718,090|_벌크_697,230|해외구매 | _정품_704,210|벌크 + 쿨러_718,800|_벌크_699,310|병행수입 박스_729,700|해외구매 | _정품_704,370|벌크 + 쿨러_722,390|_벌크_702,430|병행수입 박스_729,700|해외구매 | _정품_704,420|벌크 + 쿨러_718,800|_벌크_670,790|병행수입 박스_729,700|해외구매 | _정품_704,430|벌크 + 쿨러_718,810|_벌크_699,320|병행수입 박스_729,700|해외구매 | _정품_705,200|벌크 + 쿨러_722,390|_벌크_702,430|병행수입 박스_729,700|해외구매 | _정품_706,010|벌크 + 쿨러_719,220|_벌크_703,460|병행수입 박스_729,700|해외구매 | _정품_706,820|벌크 + 쿨러_723,350|_벌크_703,460|병행수입 박스_729,700|해외구매 | _정품_707,230|벌크 + 쿨러_709,330|_벌크_700,340|병행수입 박스_729,700|해외구매 | _정품_707,420|벌크 + 쿨러_724,460|_벌크_671,200|병행수입 박스_729,700|해외구매 | _정품_707,430|벌크 + 쿨러_724,460|_벌크_703,460|병행수입 박스_729,700|해외구매",760600,758500,758500,758500,697000,697000,697000,697000,697000,697000,697000,697000,697000,697000,697000,697000,697000,697000,697000,697000,697000,697000,697000,696990,696990,692400,692400,692400,692400,692400,692400
18039569,인텔 코어i9-13세대 13900K (랩터레이크),인텔 코어i9-13세대 13900K,랩터레이크,"_정품_679,980|벌크 + 쿨러_710,150|_벌크_671,200|병행수입 박스_729,700|해외구매 | _정품_680,790|벌크 + 쿨러_715,070|_벌크_700,350|병행수입 박스_729,700|해외구매 | _정품_695,680|벌크 + 쿨러_709,340|_벌크_700,340|병행수입 박스_729,700|해외구매 | _정품_704,190|벌크 + 쿨러_718,100|_벌크_699,310|병행수입 박스_729,700|해외구매 | _정품_704,200|벌크 + 쿨러_716,650|_벌크_695,670|병행수입 박스_748,080|해외구매 | _정품_704,200|벌크 + 쿨러_716,660|_벌크_695,680|병행수입 박스_748,080|해외구매 | _정품_704,200|벌크 + 쿨러_718,090|_벌크_697,230|해외구매 | _정품_704,200|벌크 + 쿨러_718,090|_벌크_698,270|해외구매 | _정품_704,200|벌크 + 쿨러_718,090|_벌크_700,340|해외구매 | _정품_704,200|벌크 + 쿨러_718,090|_벌크_700,350|병행수입 박스_729,700|해외구매 | _정품_704,200|벌크 + 쿨러_718,100|_벌크_699,310|병행수입 박스_729,700|해외구매 | _정품_704,200|벌크 + 쿨러_718,110|_벌크_699,310|병행수입 박스_729,700|해외구매 | _정품_704,200|벌크 + 쿨러_718,800|_벌크_699,310|병행수입 박스_729,700|해외구매 | _정품_704,210|벌크 + 쿨러_718,090|_벌크_697,230|해외구매 | _정품_704,210|벌크 + 쿨러_718,800|_벌크_699,310|병행수입 박스_729,700|해외구매 | _정품_704,370|벌크 + 쿨러_722,390|_벌크_702,430|병행수입 박스_729,700|해외구매 | _정품_704,420|벌크 + 쿨러_718,800|_벌크_670,790|병행수입 박스_729,700|해외구매 | _정품_704,430|벌크 + 쿨러_718,810|_벌크_699,320|병행수입 박스_729,700|해외구매 | _정품_705,200|벌크 + 쿨러_722,390|_벌크_702,430|병행수입 박스_729,700|해외구매 | _정품_706,010|벌크 + 쿨러_719,220|_벌크_703,460|병행수입 박스_729,700|해외구매 | _정품_706,820|벌크 + 쿨러_723,350|_벌크_703,460|병행수입 박스_729,700|해외구매 | _정품_707,230|벌크 + 쿨러_709,330|_벌크_700,340|병행수입 박스_729,700|해외구매 | _정품_707,420|벌크 + 쿨러_724,460|_벌크_671,200|병행수입 박스_729,700|해외구매 | _정품_707,430|벌크 + 쿨러_724,460|_벌크_703,460|병행수입 박스_729,700|해외구매",760600,758500,758500,758500,697000,697000,697000,697000,697000,697000,697000,697000,697000,697000,697000,697000,697000,697000,697000,697000,697000,697000,697000,696990,696990,692400,692400,692400,692400,692400,692400
18214907,인텔 코어i9-13세대 13900KF (랩터레이크),인텔 코어i9-13세대 13900KF,랩터레이크,"_정품_639,970|벌크 + 쿨러_680,840|_벌크_631,600|해외구매 | _정품_640,740|벌크 + 쿨러_680,840|_벌크_633,110|해외구매 | _정품_640,740|벌크 + 쿨러_680,840|_벌크_661,990|해외구매 | _정품_655,800|벌크 + 쿨러_680,650|_벌크_662,020|해외구매 | _정품_665,730|벌크 + 쿨러_680,650|_벌크_662,020|해외구매 | _정품_665,830|벌크 + 쿨러_680,650|_벌크_662,020|해외구매 | _정품_666,600|벌크 + 쿨러_680,650|_벌크_661,990|해외구매 | _정품_666,990|벌크 + 쿨러_680,650|_벌크_638,000|해외구매 | _정품_666,990|벌크 + 쿨러_680,650|_벌크_661,990|해외구매 | _정품_666,990|벌크 + 쿨러_680,650|_벌크_662,010|해외구매 | _정품_666,990|벌크 + 쿨러_680,670|_벌크_661,990|해외구매 | _정품_666,990|벌크 + 쿨러_680,840|_벌크_662,010|해외구매 | _정품_667,000|벌크 + 쿨러_680,840|_벌크_661,990|해외구매 | _정품_667,010|벌크 + 쿨러_680,840|_벌크_633,440|해외구매 | _정품_667,210|벌크 + 쿨러_680,840|_벌크_631,600|해외구매 | _정품_667,210|벌크 + 쿨러_680,840|_벌크_658,050|해외구매 | _정품_667,210|벌크 + 쿨러_680,850|_벌크_662,020|해외구매",880000,879920,855000,854970,854870,854780,854740,854630,854510,854390,854270,854150,854040,853940,853840,853740,853640,853540,853370,853340,853240,853140,890580,905880,905870,905880,924460,924380,925460,925390,925390
18039512,인텔 코어i9-13세대 13900KF (랩터레이크),인텔 코어i9-13세대 13900KF,랩터레이크,"_정품_639,970|벌크 + 쿨러_680,840|_벌크_631,600|해외구매 | _정품_640,740|벌크 + 쿨러_680,840|_벌크_633,110|해외구매 | _정품_640,740|벌크 + 쿨러_680,840|_벌크_661,990|해외구매 | _정품_655,800|벌크 + 쿨러_680,650|_벌크_662,020|해외구매 | _정품_665,730|벌크 + 쿨러_680,650|_벌크_662,020|해외구매 | _정품_665,830|벌크 + 쿨러_680,650|_벌크_662,020|해외구매 | _정품_666,600|벌크 + 쿨러_680,650|_벌크_661,990|해외구매 | _정품_666,990|벌크 + 쿨러_680,650|_벌크_638,000|해외구매 | _정품_666,990|벌크 + 쿨러_680,650|_벌크_661,990|해외구매 | _정품_666,990|벌크 + 쿨러_680,650|_벌크_662,010|해외구매 | _정품_666,990|벌크 + 쿨러_680,670|_벌크_661,990|해외구매 | _정품_666,990|벌크 + 쿨러_680,840|_벌크_662,010|해외구매 | _정품_667,000|벌크 + 쿨러_680,840|_벌크_661,990|해외구매 | _정품_667,010|벌크 + 쿨러_680,840|_벌크_633,440|해외구매 | _정품_667,210|벌크 + 쿨러_680,840|_벌크_631,600|해외구매 | _정품_667,210|벌크 + 쿨러_680,840|_벌크_658,050|해외구매 | _정품_667,210|벌크 + 쿨러_680,850|_벌크_662,020|해외구매",885000,879920,855000,854970,854870,854780,854740,854630,854510,854390,854270,854150,854040,853940,853840,853740,853640,853540,853370,853340,853240,853140,890580,905880,905870,905880,924460,924380,925460,925390,925390
18925844,인텔 코어i9-13세대 13900KS (랩터레이크),인텔 코어i9-13세대 13900KS,랩터레이크,"_정품_928,850|벌크 + 쿨러_1,056,090|_벌크_1,036,640|해외구매 | _정품_975,490|벌크 + 쿨러_1,056,090|_벌크_1,036,640|해외구매 | _정품_975,490|벌크 + 쿨러_1,056,090|벌크_1,036,640|_해외구매 | _정품_975,490|벌크 + 쿨러_1,056,090|벌크_1,036,670|_해외구매",1563500,1563500,1466880,1563500,1563500,1563500,1563500,1563500,1563500,1563500,1563500,1563500,1563500,1563500,1563500,1563500,1563500,1563500,1563500,1563500,1563500,1563500,1563500,1563500,1563500,1563500,1563500,1563500,1563500,1553400,1553400
18725225,인텔 코어i9-13세대 13900KS (랩터레이크),인텔 코어i9-13세대 13900KS,랩터레이크,"_정품_928,850|벌크 + 쿨러_1,056,090|_벌크_1,036,640|해외구매 | _정품_975,490|벌크 + 쿨러_1,056,090|_벌크_1,036,640|해외구매 | _정품_975,490|벌크 + 쿨러_1,056,090|벌크_1,036,640|_해외구매 | _정품_975,490|벌크 + 쿨러_1,056,090|벌크_1,036,670|_해외구매",1563500,1563500,1466880,1563500,1563500,1563500,1563500,1563500,1563500,1563500,1563500,1563500,1563500,1563500,1563500,1563500,1563500,1563500,1563500,1563500,1563500,1563500,1563500,1563500,1563500,1563500,1563500,1563500,1563500,1553400,1553400
18710705,인텔 코어i9-13세대 13900T (랩터레이크),인텔 코어i9-13세대 13900T,랩터레이크,벌크,839660,839650,839580,839500,839500,839420,839340,839310,839190,839070,838950,838830,838710,838590,838470,838350,838230,838110,837920,837870,837750,837630,837510,837390,837380,837350,837300,837270,837150,837030,837020
32103329,인텔 코어i9-14세대 14900 (랩터레이크 리프레시),인텔 코어i9-14세대 14900,랩터레이크 리프레시,"_정품_807,870|벌크 + 쿨러_828,820|_벌크 | _정품_807,970|벌크 + 쿨러_828,820|_벌크 | _정품_808,060|벌크 + 쿨러_828,820|_벌크 | _정품_808,070|벌크 + 쿨러_828,820|_벌크 | _정품_808,990|벌크 + 쿨러_830,900|_벌크 | _정품_809,910|벌크 + 쿨러_828,820|_벌크 | _정품_814,380|벌크 + 쿨러_828,820|_벌크 | _정품_823,690|벌크 + 쿨러_832,000|_벌크 | _정품_823,800|벌크 + 쿨러_832,000|_벌크 | _정품_823,920|벌크 + 쿨러_832,000|_벌크 | _정품_823,950|벌크 + 쿨러_832,000|_벌크 | _정품_824,000|벌크 + 쿨러_857,610|_벌크 | _정품_824,040|벌크 + 쿨러_835,070|_벌크 | _정품_824,060|벌크 + 쿨러_835,070|_벌크 | _정품_824,180|벌크 + 쿨러_835,070|_벌크 | _정품_826,140|벌크 + 쿨러_835,070|_벌크 | _정품_827,020|벌크 + 쿨러_835,070|_벌크 | _정품_827,050|벌크 + 쿨러_831,990|_벌크 | _정품_827,080|벌크 + 쿨러_832,000|_벌크 | _정품_828,960|벌크 + 쿨러_828,820|_벌크 | _정품_828,960|벌크 + 쿨러_851,260|_벌크 | _정품_830,060|벌크 + 쿨러_832,000|_벌크",778580,771200,777660,788730,788730,771200,771200,788730,794650,799310,797450,795590,777000,777000,777000,792800,792800,799310,799990,799990,799990,799310,797450,799990,799990,799990,799990,799990,799990,817770,817770
32037824,인텔 코어i9-14세대 14900 (랩터레이크 리프레시),인텔 코어i9-14세대 14900,랩터레이크 리프레시,"_정품_807,870|벌크 + 쿨러_828,820|_벌크 | _정품_807,970|벌크 + 쿨러_828,820|_벌크 | _정품_808,060|벌크 + 쿨러_828,820|_벌크 | _정품_808,070|벌크 + 쿨러_828,820|_벌크 | _정품_808,990|벌크 + 쿨러_830,900|_벌크 | _정품_809,910|벌크 + 쿨러_828,820|_벌크 | _정품_814,380|벌크 + 쿨러_828,820|_벌크 | _정품_823,690|벌크 + 쿨러_832,000|_벌크 | _정품_823,800|벌크 + 쿨러_832,000|_벌크 | _정품_823,920|벌크 + 쿨러_832,000|_벌크 | _정품_823,950|벌크 + 쿨러_832,000|_벌크 | _정품_824,000|벌크 + 쿨러_857,610|_벌크 | _정품_824,040|벌크 + 쿨러_835,070|_벌크 | _정품_824,060|벌크 + 쿨러_835,070|_벌크 | _정품_824,180|벌크 + 쿨러_835,070|_벌크 | _정품_826,140|벌크 + 쿨러_835,070|_벌크 | _정품_827,020|벌크 + 쿨러_835,070|_벌크 | _정품_827,050|벌크 + 쿨러_831,990|_벌크 | _정품_827,080|벌크 + 쿨러_832,000|_벌크 | _정품_828,960|벌크 + 쿨러_828,820|_벌크 | _정품_828,960|벌크 + 쿨러_851,260|_벌크 | _정품_830,060|벌크 + 쿨러_832,000|_벌크",778580,771200,777660,788730,788730,771200,771200,788730,794650,799310,797450,795590,777000,777000,777000,792800,792800,799310,799990,799990,799990,799310,797450,799990,799990,799990,799990,799990,799990,817770,817770
32103278,인텔 코어i9-14세대 14900F (랩터레이크 리프레시),인텔 코어i9-14세대 14900F,랩터레이크 리프레시,"_정품_763,680|벌크 + 쿨러_779,300|_벌크 | _정품_765,420|벌크 + 쿨러_779,300|_벌크 | _정품_765,430|벌크 + 쿨러_779,300|_벌크 | _정품_772,450|벌크 + 쿨러_779,300|_벌크 | _정품_773,660|벌크 + 쿨러_779,300|_벌크 | _정품_781,040|벌크 + 쿨러_800,670|_벌크 | _정품_792,500|벌크 + 쿨러_802,480|_벌크 | _정품_793,970|벌크 + 쿨러_802,480|_벌크 | _정품_795,800|벌크 + 쿨러_802,480|_벌크 | _정품_795,900|벌크 + 쿨러_818,770|_벌크 | _정품_796,710|벌크 + 쿨러_802,480|_벌크 | _정품_798,430|벌크 + 쿨러_811,920|_벌크 | _정품_798,480|벌크 + 쿨러_818,770|_벌크 | _정품_798,550|벌크 + 쿨러_802,480|_벌크 | _정품_798,560|벌크 + 쿨러_802,480|_벌크 | _정품_798,600|벌크 + 쿨러_805,660|_벌크 | _정품_798,720|벌크 + 쿨러_805,660|_벌크 | _정품_798,750|벌크 + 쿨러_805,660|_벌크 | _정품_798,850|벌크 + 쿨러_802,480|_벌크",754110,722200,742070,757060,757060,722200,722200,757060,757060,757060,757060,757060,729500,729500,757060,759650,759650,759650,759650,759650,759650,759650,759650,759650,759650,759650,762760,762760,764770,780500,780500
32037701,인텔 코어i9-14세대 14900F (랩터레이크 리프레시),인텔 코어i9-14세대 14900F,랩터레이크 리프레시,"_정품_763,680|벌크 + 쿨러_779,300|_벌크 | _정품_765,420|벌크 + 쿨러_779,300|_벌크 | _정품_765,430|벌크 + 쿨러_779,300|_벌크 | _정품_772,450|벌크 + 쿨러_779,300|_벌크 | _정품_773,660|벌크 + 쿨러_779,300|_벌크 | _정품_781,040|벌크 + 쿨러_800,670|_벌크 | _정품_792,500|벌크 + 쿨러_802,480|_벌크 | _정품_793,970|벌크 + 쿨러_802,480|_벌크 | _정품_795,800|벌크 + 쿨러_802,480|_벌크 | _정품_795,900|벌크 + 쿨러_818,770|_벌크 | _정품_796,710|벌크 + 쿨러_802,480|_벌크 | _정품_798,430|벌크 + 쿨러_811,920|_벌크 | _정품_798,480|벌크 + 쿨러_818,770|_벌크 | _정품_798,550|벌크 + 쿨러_802,480|_벌크 | _정품_798,560|벌크 + 쿨러_802,480|_벌크 | _정품_798,600|벌크 + 쿨러_805,660|_벌크 | _정품_798,720|벌크 + 쿨러_805,660|_벌크 | _정품_798,750|벌크 + 쿨러_805,660|_벌크 | _정품_798,850|벌크 + 쿨러_802,480|_벌크",754110,722200,742070,757060,757060,722200,722200,757060,757060,757060,757060,757060,729500,729500,757060,759650,759650,759650,759650,759650,759650,759650,759650,759650,759650,759650,762760,762760,764770,780500,780500
28920896,인텔 코어i9-14세대 14900K (랩터레이크 리프레시),인텔 코어i9-14세대 14900K,랩터레이크 리프레시,"_정품_764,760|벌크_794,430|_해외구매 | _정품_769,110|벌크_796,800|_해외구매 | _정품_769,910|벌크_797,520|_해외구매 | _정품_769,990|벌크_767,200|_해외구매 | _정품_769,990|벌크_798,570|_해외구매 | _정품_770,030|벌크_787,510|_해외구매 | _정품_770,340|벌크_788,930|_해외구매 | _정품_776,400|벌크_767,200|_해외구매 | _정품_777,890|벌크_792,600|_해외구매 | _정품_778,250|벌크_800,100|_해외구매 | _정품_789,430|벌크_769,960|_해외구매 | _정품_789,590|벌크_800,100|_해외구매 | _정품_793,830|벌크_790,760|_해외구매 | _정품_793,940|벌크_794,290|_해외구매 | _정품_794,150|벌크_794,440|_해외구매 | _정품_794,870|벌크_796,790|_해외구매 | _정품_796,640|벌크_796,790|_해외구매 | _정품_798,810|_벌크_787,090|해외구매 | _정품_798,810|_벌크_787,510|해외구매 | _정품_798,810|벌크_786,930|_해외구매 | _정품_804,010|벌크_767,200|_해외구매 | _정품_804,390|_벌크_788,010|해외구매 | _정품_807,640|_벌크_788,660|해외구매 | _정품_808,750|벌크_799,390|_해외구매 | _정품_813,660|벌크_797,530|_해외구매 | _정품_813,660|벌크_798,450|_해외구매 | _정품_813,660|벌크_799,380|_해외구매 | _정품_813,680|벌크_797,520|_해외구매",595490,595490,595490,595490,595490,595490,595490,595490,595490,595490,595490,595490,595490,595490,595490,626390,626390,626390,623790,623790,623790,623790,623790,625490,625490,625490,646290,646290,646290,646300,646290
28798964,인텔 코어i9-14세대 14900K (랩터레이크 리프레시),인텔 코어i9-14세대 14900K,랩터레이크 리프레시,"_정품_764,760|벌크_794,430|_해외구매 | _정품_769,110|벌크_796,800|_해외구매 | _정품_769,910|벌크_797,520|_해외구매 | _정품_769,990|벌크_767,200|_해외구매 | _정품_769,990|벌크_798,570|_해외구매 | _정품_770,030|벌크_787,510|_해외구매 | _정품_770,340|벌크_788,930|_해외구매 | _정품_776,400|벌크_767,200|_해외구매 | _정품_777,890|벌크_792,600|_해외구매 | _정품_778,250|벌크_800,100|_해외구매 | _정품_789,430|벌크_769,960|_해외구매 | _정품_789,590|벌크_800,100|_해외구매 | _정품_793,830|벌크_790,760|_해외구매 | _정품_793,940|벌크_794,290|_해외구매 | _정품_794,150|벌크_794,440|_해외구매 | _정품_794,870|벌크_796,790|_해외구매 | _정품_796,640|벌크_796,790|_해외구매 | _정품_798,810|_벌크_787,090|해외구매 | _정품_798,810|_벌크_787,510|해외구매 | _정품_798,810|벌크_786,930|_해외구매 | _정품_804,010|벌크_767,200|_해외구매 | _정품_804,390|_벌크_788,010|해외구매 | _정품_807,640|_벌크_788,660|해외구매 | _정품_808,750|벌크_799,390|_해외구매 | _정품_813,660|벌크_797,530|_해외구매 | _정품_813,660|벌크_798,450|_해외구매 | _정품_813,660|벌크_799,380|_해외구매 | _정품_813,680|벌크_797,520|_해외구매",595490,595490,595490,595490,595490,595490,595490,595490,595490,595490,595490,595490,595490,595490,595490,626390,626390,626390,623790,623790,623790,623790,623790,625490,625490,625490,646290,646290,646290,646300,646290
28920875,인텔 코어i9-14세대 14900KF (랩터레이크 리프레시),인텔 코어i9-14세대 14900KF,랩터레이크 리프레시,"_정품_736,050|_벌크_768,240|해외구매 | _정품_736,150|_벌크_764,530|해외구매 | _정품_749,000|_벌크_767,110|해외구매 | _정품_759,790|_벌크_767,100|해외구매 | _정품_767,090|_벌크_765,250|해외구매 | _정품_770,230|_벌크_767,100|해외구매 | _정품_770,240|_벌크_767,100|해외구매 | _정품_770,240|_벌크_768,240|해외구매 | _정품_770,760|_벌크_768,240|해외구매 | _정품_771,680|_벌크_767,100|해외구매 | _정품_772,000|_벌크_768,240|해외구매 | _정품_772,640|_벌크_767,090|해외구매 | _정품_772,650|_벌크_767,090|해외구매 | _정품_772,660|_벌크_767,090|해외구매 | _정품_772,700|_벌크_735,500|해외구매 | _정품_772,700|_벌크_768,240|해외구매 | _정품_772,880|_벌크_767,100|해외구매 | _정품_772,990|_벌크_767,100|해외구매 | _정품_773,000|_벌크_767,100|해외구매 | _정품_773,030|_벌크_767,100|해외구매 | _정품_773,060|_벌크_767,100|해외구매 | _정품_773,090|_벌크_760,130|해외구매 | _정품_773,090|_벌크_770,210|해외구매 | _정품_773,100|_벌크_735,500|해외구매",850770,850770,850770,850770,850770,850770,850770,850770,850770,849830,850770,850770,850770,850770,850770,863060,863060,863060,863060,863060,863060,863060,863060,863060,863060,921680,921650,921680,921650,904290,904290
28799180,인텔 코어i9-14세대 14900KF (랩터레이크 리프레시),인텔 코어i9-14세대 14900KF,랩터레이크 리프레시,"_정품_736,050|_벌크_768,240|해외구매 | _정품_736,150|_벌크_764,530|해외구매 | _정품_749,000|_벌크_767,110|해외구매 | _정품_759,790|_벌크_767,100|해외구매 | _정품_767,090|_벌크_765,250|해외구매 | _정품_770,230|_벌크_767,100|해외구매 | _정품_770,240|_벌크_767,100|해외구매 | _정품_770,240|_벌크_768,240|해외구매 | _정품_770,760|_벌크_768,240|해외구매 | _정품_771,680|_벌크_767,100|해외구매 | _정품_772,000|_벌크_768,240|해외구매 | _정품_772,640|_벌크_767,090|해외구매 | _정품_772,650|_벌크_767,090|해외구매 | _정품_772,660|_벌크_767,090|해외구매 | _정품_772,700|_벌크_735,500|해외구매 | _정품_772,700|_벌크_768,240|해외구매 | _정품_772,880|_벌크_767,100|해외구매 | _정품_772,990|_벌크_767,100|해외구매 | _정품_773,000|_벌크_767,100|해외구매 | _정품_773,030|_벌크_767,100|해외구매 | _정품_773,060|_벌크_767,100|해외구매 | _정품_773,090|_벌크_760,130|해외구매 | _정품_773,090|_벌크_770,210|해외구매 | _정품_773,100|_벌크_735,500|해외구매",850770,850770,850770,850770,850770,850770,850770,850770,850770,849830,850770,850770,850770,850770,850770,863060,863060,863060,863060,863060,863060,863060,863060,863060,863060,921680,921650,921680,921650,904290,904290
40895423,인텔 코어i9-14세대 14900KS (랩터레이크 리프레시),인텔 코어i9-14세대 14900KS,랩터레이크 리프레시,정품,920000,920000,946000,946000,946000,946000,946000,946000,951760,970090,970090,970090,970090,970090,970090,969590,969590,969580,969390,969390,969390,969390,969380,969380,969380,969380,969380,969380,969380,969380,969380
32444732,인텔 코어i9-14세대 14900T (랩터레이크 리프레시),인텔 코어i9-14세대 14900T,랩터레이크 리프레시,벌크,887910,887910,887870,887790,887780,887690,887610,887580,887460,887340,887220,887100,886980,886860,886740,886620,886500,886380,886190,886140,886020,885900,885780,885660,885650,885620,885570,885540,885420,885300,885290
6654427,인텔 코어i9-9세대 9900K (커피레이크-R),인텔 코어i9-9세대 9900K,커피레이크-R,"_벌크 + 쿨러_770,000|벌크_750,000|중고_404,490|_해외구매 | 벌크 + 쿨러_770,000|벌크_750,000|_중고_376,180|_해외구매 | 벌크 + 쿨러_770,000|벌크_750,000|_중고_404,490|_해외구매",366990,366990,366990,366990,366990,366990,366990,366990,366990,366990,366990,366990,366990,366990,366990,366990,366990,366990,366990,366990,366990,366990,366990,366990,366990,366990,366990,366990,366990,366990,366990
7559767,인텔 코어i9-9세대 9900KF (커피레이크-R),인텔 코어i9-9세대 9900KF,커피레이크-R,"_정품_639,000|벌크 + 쿨러_401,920|_벌크",376280,376270,376250,376250,376250,376240,376240,376230,376230,376220,376220,376210,376210,376200,376200,376190,376190,376190,376190,379900,379900,379900,379900,379900,379900,379900,379900,379900,379900,379900,379900
4148444,인텔 펜티엄 E2140 (콘로),인텔 펜티엄 E2140,콘로,중고,0,0,0,0,0,0,0,5370,5370,5370,5370,5370,5370,5370,0,0,0,0,0,0,0,0,0,0,0,0,0,0,0,0,0
4148123,인텔 펜티엄 E6500 (울프데일),인텔 펜티엄 E6500,울프데일,중고,0,0,0,0,0,0,0,0,0,0,0,0,0,0,0,0,0,0,0,0,2490,2490,2490,2490,2490,2490,3220,3220,1860,0,0
1205754,인텔 펜티엄 E6700 (울프데일),인텔 펜티엄 E6700,울프데일,벌크 + 쿨러,20280,20280,0,0,0,0,0,0,0,0,0,0,21540,21540,21630,21630,21630,21630,21630,21630,21630,0,0,0,0,0,0,0,0,0,0
1917905,인텔 펜티엄 G2020 (아이비브릿지),인텔 펜티엄 G2020,아이비브릿지,_벌크_890|_중고,891,891,900,900,870,870,870,870,870,870,870,860,860,900,900,900,900,900,850,900,870,900,860,860,860,860,860,860,860,840,850
2099732,인텔 펜티엄 G2030 (아이비브릿지),인텔 펜티엄 G2030,아이비브릿지,중고,0,0,5500,5500,5500,5500,5500,5500,5500,5500,0,0,0,0,0,0,0,0,0,0,0,0,0,0,0,0,0,0,0,0,0
1964344,인텔 펜티엄 G2130 (아이비브릿지),인텔 펜티엄 G2130,아이비브릿지,중고,5180,5180,5180,5180,5180,5180,0,5180,5180,5180,5180,5180,5180,5180,0,0,0,0,5180,5180,5180,5180,5180,5180,0,5180,0,0,0,0,0
6112933,인텔 펜티엄 G3220 (하스웰),인텔 펜티엄 G3220,하스웰,"_중고_1,700|_벌크 + 쿨러_6,650|벌크 | _중고_1,700|_벌크 + 쿨러_6,990|벌크 | _중고_1,700|벌크 + 쿨러_6,990|_벌크 | _중고_1,780|_벌크 + 쿨러_6,990|벌크 | _중고_1,780|_벌크 + 쿨러_7,400|벌크",2390,2390,2390,2390,2390,2390,2390,2390,2390,2390,2390,2390,2390,2390,2390,2390,2390,2390,2390,2390,2390,2390,2390,2390,2390,2390,2390,2390,2390,2390,2390
2783187,인텔 펜티엄 G3240 (하스웰 리프레시),인텔 펜티엄 G3240,하스웰 리프레시,"_벌크 + 쿨러_6,330|_중고 | _벌크 + 쿨러_6,340|_중고 | _벌크 + 쿨러_6,360|_중고 | _벌크 + 쿨러_6,440|_중고 | _벌크 + 쿨러_6,560|_중고 | _벌크 + 쿨러_6,680|_중고 | _벌크 + 쿨러_6,780|_중고",1800,1800,1800,1800,1800,1790,1790,1790,1790,1790,1790,1790,1790,1790,1790,1790,1790,1790,1790,1790,1790,1790,1790,1790,1790,1790,1790,1790,1790,1790,1790
6112998,인텔 펜티엄 G3250 (하스웰 리프레시),인텔 펜티엄 G3250,하스웰 리프레시,중고,2310,2310,2290,2260,2310,2000,1990,1990,1990,1990,1990,1990,1980,1980,1980,1990,1990,1990,1980,1980,1980,1980,1980,1980,1980,1980,1980,1980,1980,1980,1980
6113009,인텔 펜티엄 G3258 (하스웰),인텔 펜티엄 G3258,하스웰,중고,4900,0,0,0,0,0,0,0,0,0,4900,0,0,0,0,0,0,0,0,0,0,0,0,0,0,0,0,0,0,0,0
3169325,인텔 펜티엄 G3260 (하스웰 리프레시),인텔 펜티엄 G3260,하스웰 리프레시,"벌크 + 쿨러_7,120|_벌크_4,500|_중고 | 벌크 + 쿨러_7,430|_벌크_4,500|_중고 | 벌크 + 쿨러_7,440|_벌크_4,500|_중고 | 벌크 + 쿨러_7,450|_벌크_4,500|_중고 | 벌크 + 쿨러_7,460|_벌크_4,500|_중고 | 벌크 + 쿨러_7,470|_벌크_4,500|_중고 | 벌크 + 쿨러_7,480|_벌크_4,500|_중고 | 벌크 + 쿨러_7,690|_벌크_4,500|_중고",2570,2570,2570,2570,2570,2340,2340,2340,2340,2340,2340,2340,2340,2340,2340,2270,2240,2370,2370,2370,2370,2370,2370,2370,2370,2370,2370,2370,2370,2370,2370
2216199,인텔 펜티엄 G3420 (하스웰),인텔 펜티엄 G3420,하스웰,"벌크 + 쿨러_7,500|_벌크_3,000|_중고 | 벌크 + 쿨러_8,200|_벌크_3,000|_중고",2690,2690,2690,2690,2690,2490,2490,2490,2490,2490,2490,2490,2490,2490,2490,2490,2490,2490,2490,2490,2490,2490,2490,2490,2490,2490,2490,2490,2490,2490,2490
17157887,인텔 펜티엄 G3440 (하스웰 리프레시),인텔 펜티엄 G3440,하스웰 리프레시,중고,0,0,0,0,0,0,0,0,0,0,0,0,3000,3000,3000,3000,3000,3000,0,0,0,0,0,0,0,0,0,0,0,0,0
6113075,인텔 펜티엄 G3450 (하스웰 리프레시),인텔 펜티엄 G3450,하스웰 리프레시,중고,0,0,0,0,0,0,0,0,0,0,0,0,0,0,3000,3000,3000,3000,3000,3000,3000,0,0,3000,0,3000,3000,3000,3000,3000,3000
3493026,인텔 펜티엄 G4400 (스카이레이크),인텔 펜티엄 G4400,스카이레이크,"_벌크 + 쿨러_9,090|벌크_3,700|_중고 | _벌크 + 쿨러_9,320|벌크_4,000|_중고 | _벌크 + 쿨러_9,380|벌크_4,000|_중고 | _벌크 + 쿨러_9,410|벌크_4,000|_중고 | _벌크 + 쿨러_9,500|벌크_4,200|_중고 | _벌크 + 쿨러_9,530|벌크_4,200|_중고 | 벌크 + 쿨러_9,040|_벌크_3,700|_중고 | 벌크 + 쿨러_9,040|_벌크_4,000|_중고 | 벌크 + 쿨러_9,090|_벌크_3,700|_중고 | 벌크 + 쿨러_9,320|_벌크_4,000|_중고",3980,3980,3980,3980,3980,3890,3980,3950,3830,3970,3850,3730,3630,3620,3630,3630,3630,3630,3630,3630,3630,3630,3630,3630,3630,3630,3630,3630,3630,3630,3630
7467193,인텔 펜티엄 G4500 (스카이레이크),인텔 펜티엄 G4500,스카이레이크,중고,6930,6930,6920,6910,6910,5990,5990,5990,5990,5990,5990,5990,5990,5990,5990,5990,5990,5990,5990,5990,5990,5990,5990,5990,5990,5990,5990,5990,5990,5990,5990
4866397,인텔 펜티엄 G4560 (카비레이크),인텔 펜티엄 G4560,카비레이크,"_벌크 + 쿨러_10,700|벌크_4,840|_중고 | _벌크 + 쿨러_10,820|벌크_4,960|_중고 | _벌크 + 쿨러_10,940|벌크_5,080|_중고 | _벌크 + 쿨러_10,970|벌크_5,200|_중고 | _벌크 + 쿨러_11,550|벌크_5,880|_중고 | _벌크 + 쿨러_11,670|벌크_5,880|_중고 | _벌크 + 쿨러_11,790|벌크_5,970|_중고 | _벌크 + 쿨러_11,910|벌크_6,090|_중고 | _벌크 + 쿨러_12,030|벌크_6,210|_중고 | _벌크 + 쿨러_12,060|벌크_6,240|_중고 | _벌크 + 쿨러_12,400|벌크_6,340|_중고 | _벌크 + 쿨러_12,430|벌크_6,340|_중고 | _벌크 + 쿨러_12,480|벌크_6,330|_중고 | _벌크 + 쿨러_12,490|벌크_6,330|_중고 | _벌크 + 쿨러_5,920|벌크_4,820|_중고 | _벌크 + 쿨러_8,070|벌크_4,820|_중고",4990,4990,4490,4490,4490,4490,4490,4490,4490,4490,4490,4490,4490,4490,4490,4490,4490,4490,4490,4490,4490,4490,4490,4490,4490,4490,4490,4490,4490,4490,4490
5221428,인텔 펜티엄 G4600 (카비레이크),인텔 펜티엄 G4600,카비레이크,"벌크 + 쿨러_13,570|_벌크_8,590|_중고 | 벌크 + 쿨러_13,640|_벌크_8,640|_중고 | 벌크 + 쿨러_13,640|_벌크_8,690|_중고 | 벌크 + 쿨러_13,640|_벌크_8,720|_중고 | 벌크 + 쿨러_13,640|_벌크_8,770|_중고 | 벌크 + 쿨러_13,640|_벌크_8,800|_중고 | 벌크 + 쿨러_13,640|_벌크_8,810|_중고 | 벌크 + 쿨러_13,640|_벌크_8,930|_중고 | 벌크 + 쿨러_13,640|_벌크_9,050|_중고 | 벌크 + 쿨러_13,640|_벌크_9,170|_중고 | 벌크 + 쿨러_13,640|_벌크_9,290|_중고 | 벌크 + 쿨러_13,640|_벌크_9,340|_중고 | 벌크 + 쿨러_13,640|_벌크_9,440|_중고 | 벌크 + 쿨러_13,640|_벌크_9,490|_중고 | 벌크 + 쿨러_13,690|_벌크_8,590|_중고 | 벌크 + 쿨러_13,810|_벌크_8,590|_중고 | 벌크 + 쿨러_14,930|_벌크_8,590|_중고 | 벌크 + 쿨러_15,050|_벌크_8,590|_중고 | 벌크 + 쿨러_15,170|_벌크_8,590|_중고 | 벌크 + 쿨러_15,290|_벌크_8,590|_중고 | 벌크 + 쿨러_15,410|_벌크_8,590|_중고 | 벌크 + 쿨러_15,440|_벌크_8,590|_중고 | 벌크 + 쿨러_15,580|_벌크_8,590|_중고 | 벌크 + 쿨러_15,590|_벌크_8,590|_중고 | 벌크 + 쿨러_15,670|_벌크_8,590|_중고 | 벌크 + 쿨러_15,740|_벌크_8,590|_중고 | 벌크 + 쿨러_15,750|_벌크_8,590|_중고",6490,6490,6490,6490,6490,6490,6490,6490,6490,6490,6490,6290,6290,6290,6290,6290,6290,6290,6290,6290,6290,6290,6290,6290,6290,6290,6290,6290,6290,6290,6290
1376157,인텔 펜티엄 G620 (샌디브릿지),인텔 펜티엄 G620,샌디브릿지,"_벌크_1,790|_중고",700,700,700,700,700,700,700,700,700,700,2400,2400,2400,2400,2400,2370,2370,2370,2370,2370,2370,2370,2370,2370,2370,2370,2160,2160,2160,2160,2370
1520561,인텔 펜티엄 G630 (샌디브릿지),인텔 펜티엄 G630,샌디브릿지,"_정품_2,160|_벌크_2,700|중고 | _정품_2,160|벌크_2,700|_중고",2200,2200,2200,2200,2200,2200,2200,2200,2200,2200,2200,2200,2200,2200,2200,2200,2200,2200,2200,2200,2200,2200,2200,2200,2200,2200,2200,2200,2200,2200,2200
1824690,인텔 펜티엄 G645 (샌디브릿지),인텔 펜티엄 G645,샌디브릿지,중고,0,0,0,4300,4300,4300,4300,4300,4300,4300,4300,4300,4300,4300,4300,4300,4300,4300,4300,4300,4300,4300,4300,4300,4300,4300,4300,4300,4300,0,0
1376038,인텔 펜티엄 G840 (샌디브릿지),인텔 펜티엄 G840,샌디브릿지,중고,1500,1500,1500,1500,1500,1500,1500,1500,1500,1500,1500,1500,1500,1500,1500,1500,0,0,0,0,0,0,0,1500,1500,1500,1500,1500,1500,1500,1500
1376176,인텔 펜티엄 G850 (샌디브릿지),인텔 펜티엄 G850,샌디브릿지,중고,1500,1500,1500,1500,1500,1500,0,0,0,0,0,0,0,0,0,0,0,0,0,0,0,0,0,0,0,0,1500,1500,1500,1500,1500
1513439,인텔 펜티엄 G860 (샌디브릿지),인텔 펜티엄 G860,샌디브릿지,중고,1200,1188,1200,1200,1200,1200,1200,1200,1200,1200,1200,1200,1600,1600,1600,1600,1600,1600,1600,1600,1600,0,0,0,0,0,0,0,0,0,1600
6060229,인텔 펜티엄 골드 G5400 (커피레이크),인텔 펜티엄 골드 G5400,커피레이크,"_벌크 + 쿨러_22,470|벌크_14,680|해외구매_183,100|_중고 | _벌크 + 쿨러_23,000|벌크_14,680|해외구매_183,100|_중고 | 벌크 + 쿨러_21,380|_벌크_14,680|해외구매_183,100|_중고 | 벌크 + 쿨러_21,380|_벌크_14,680|해외구매_250,800|_중고 | 벌크 + 쿨러_21,380|_벌크_15,160|해외구매_250,800|_중고 | 벌크 + 쿨러_21,420|_벌크_14,680|해외구매_183,100|_중고 | 벌크 + 쿨러_21,540|_벌크_14,680|해외구매_183,100|_중고 | 벌크 + 쿨러_21,660|_벌크_14,680|해외구매_183,100|_중고 | 벌크 + 쿨러_21,780|_벌크_14,680|해외구매_183,100|_중고 | 벌크 + 쿨러_21,900|_벌크_14,680|해외구매_183,100|_중고 | 벌크 + 쿨러_21,930|_벌크_14,680|해외구매_183,100|_중고 | 벌크 + 쿨러_23,000|_벌크_14,680|해외구매_183,100|_중고",12990,12990,12990,12990,12990,12990,12990,12990,12990,12990,12990,12490,12490,12490,12490,12490,12490,12490,12490,12490,12390,12390,12390,12390,12390,12390,12390,12390,12390,12390,12390
10535205,인텔 펜티엄 골드 G5420 (커피레이크-R),인텔 펜티엄 골드 G5420,커피레이크-R,"_벌크_17,340|_중고 | _벌크_17,800|_중고",16990,16990,16990,16990,16990,16990,16990,16990,16990,16990,16990,14990,14990,14990,14990,14990,14990,14990,14990,14990,14990,14990,14990,14990,14990,14990,14990,14990,14990,14990,14990
14737589,인텔 펜티엄 골드 G5620 (커피레이크-R),인텔 펜티엄 골드 G5620,커피레이크-R,해외구매,237000,237000,237000,0,0,0,237000,0,237000,237000,237000,237000,0,0,0,0,0,0,0,0,0,0,0,0,0,0,237000,237000,237000,237000,0
11405214,인텔 펜티엄 골드 G6400 (코멧레이크S),인텔 펜티엄 골드 G6400,코멧레이크S,"_정품_83,990|_벌크 + 쿨러_86,850|벌크_79,160|해외구매_108,800|중고 | _정품_83,990|_벌크 + 쿨러_86,970|벌크_79,280|해외구매_108,800|중고 | _정품_83,990|_벌크 + 쿨러_87,090|벌크_79,400|해외구매_108,800|중고 | _정품_83,990|_벌크 + 쿨러_87,210|벌크_79,520|해외구매_108,800|중고 | _정품_83,990|_벌크 + 쿨러_87,330|벌크_79,640|해외구매_108,800|중고 | _정품_83,990|_벌크 + 쿨러_87,380|벌크_79,690|해외구매_108,800|중고 | _정품_83,990|_벌크 + 쿨러_87,570|벌크_79,880|해외구매_108,800|중고 | _정품_83,990|_벌크 + 쿨러_87,690|벌크_79,910|해외구매_108,800|중고 | _정품_83,990|_벌크 + 쿨러_87,810|벌크_80,400|해외구매_108,790|중고 | _정품_87,240|_벌크 + 쿨러_89,740|벌크_83,600|해외구매_108,790|중고 | _정품_87,240|_벌크 + 쿨러_90,800|벌크_83,610|해외구매_108,790|중고 | _정품_89,400|_벌크 + 쿨러_92,180|벌크_81,730|해외구매_108,790|중고 | _정품_89,400|_벌크 + 쿨러_92,180|벌크_81,760|해외구매_108,530|중고 | _정품_89,400|_벌크 + 쿨러_92,730|벌크_81,630|해외구매_108,790|중고 | _정품_91,810|_벌크 + 쿨러_84,390|벌크_80,840|해외구매_108,790|중고 | _정품_92,040|_벌크 + 쿨러_92,730|벌크_81,290|해외구매_108,790|중고 | _정품_92,040|_벌크 + 쿨러_92,730|벌크_81,410|해외구매_108,790|중고 | _정품_92,040|_벌크 + 쿨러_92,730|벌크_81,520|해외구매_108,790|중고 | _정품_92,340|_벌크 + 쿨러_84,390|벌크_80,930|해외구매_108,790|중고 | _정품_92,560|_벌크 + 쿨러_92,720|벌크_81,050|해외구매_108,790|중고 | _정품_92,710|_벌크 + 쿨러_87,890|벌크_80,610|해외구매_108,790|중고 | _정품_92,710|_벌크 + 쿨러_87,890|벌크_80,730|해외구매_108,790|중고 | _정품_92,880|_벌크 + 쿨러_92,720|벌크_81,170|해외구매_108,790|중고 | _정품_92,890|_벌크 + 쿨러_87,890|벌크_79,070|해외구매_108,800|중고 | _정품_92,890|_벌크 + 쿨러_87,890|벌크_79,120|해외구매_108,800|중고 | _정품_92,890|_벌크 + 쿨러_87,890|벌크_79,150|해외구매_108,800|중고 | _정품_92,890|_벌크 + 쿨러_87,890|벌크_80,490|해외구매_108,790|중고 | _정품_92,890|_벌크 + 쿨러_87,900|벌크_78,790|해외구매_108,800|중고 | _정품_92,890|_벌크 + 쿨러_87,900|벌크_78,800|해외구매_108,800|중고 | _정품_92,890|_벌크 + 쿨러_87,900|벌크_78,920|해외구매_108,800|중고 | _정품_92,890|_벌크 + 쿨러_87,900|벌크_79,040|해외구매_108,800|중고",74990,67990,67990,67990,74990,74990,74990,74990,74990,74990,74990,74990,74990,74990,74990,74990,74880,74760,74630,74990,74960,74840,74720,74630,74990,74970,74940,74820,74700,74630,74630
13620101,인텔 펜티엄 골드 G6405 (코멧레이크S 리프레시),인텔 펜티엄 골드 G6405,코멧레이크S 리프레시,"_정품_90,600|_벌크 + 쿨러_85,330|벌크_80,840|해외구매 | _정품_90,600|_벌크 + 쿨러_85,330|벌크_80,850|해외구매 | _정품_92,300|_벌크 + 쿨러_87,120|벌크_59,000|해외구매 | _정품_92,420|_벌크 + 쿨러_87,120|벌크_59,000|해외구매 | _정품_92,640|_벌크 + 쿨러_87,120|벌크_59,000|해외구매 | _정품_92,860|_벌크 + 쿨러_87,120|벌크_59,000|해외구매 | _정품_92,880|_벌크 + 쿨러_87,120|벌크_59,000|해외구매 | _정품_92,880|_벌크 + 쿨러_87,120|벌크_81,890|해외구매 | _정품_92,880|벌크 + 쿨러_87,120|_벌크_59,000|해외구매 | _정품_92,880|벌크 + 쿨러_87,120|_벌크_81,890|해외구매 | _정품_92,890|_벌크 + 쿨러_87,130|벌크_59,000|해외구매 | _정품_92,890|_벌크 + 쿨러_87,130|벌크_81,890|해외구매",168460,168460,159120,171070,171060,170950,170870,170850,170750,170720,170600,170480,170360,170240,170120,170000,169880,158300,158110,158060,157940,157820,157700,157580,157570,156740,156710,156590,156470,156380,156800
16100921,인텔 펜티엄 골드 G7400 (엘더레이크),인텔 펜티엄 골드 G7400,엘더레이크,"_정품_108,010|벌크 + 쿨러_97,880|_벌크_79,000|해외구매 | _정품_113,690|벌크 + 쿨러_98,340|_벌크_79,000|해외구매 | _정품_113,690|벌크 + 쿨러_98,350|_벌크_79,000|해외구매 | _정품_113,700|벌크 + 쿨러_98,340|_벌크_79,000|해외구매 | _정품_120,790|벌크 + 쿨러_95,160|_벌크_79,000|해외구매 | _정품_121,810|벌크 + 쿨러_95,170|_벌크_79,000|해외구매 | _정품_123,970|벌크 + 쿨러_97,880|_벌크_79,000|해외구매 | _정품_124,100|벌크 + 쿨러_97,880|_벌크_79,000|해외구매 | _정품_124,990|_벌크 + 쿨러_98,340|벌크_79,000|해외구매 | _정품_124,990|_벌크 + 쿨러_98,340|벌크_88,930|해외구매 | _정품_124,990|벌크 + 쿨러_97,820|_벌크_79,000|해외구매 | _정품_124,990|벌크 + 쿨러_97,880|_벌크_79,000|해외구매 | _정품_124,990|벌크 + 쿨러_98,160|_벌크_79,000|해외구매 | _정품_124,990|벌크 + 쿨러_98,340|_벌크_79,000|해외구매 | _정품_124,990|벌크 + 쿨러_98,350|_벌크_79,000|해외구매",203500,203500,203500,203500,203500,203500,203500,203500,203500,203500,203500,203500,203500,203500,203500,203500,203500,203500,203500,203500,203500,203500,203500,203500,203500,203500,203500,203500,203500,203500,203500
38452358,인텔 프로세서 300 (랩터레이크 리프레시),인텔 프로세서 300,랩터레이크 리프레시,"_정품_128,150|벌크 + 쿨러_109,990|_벌크 | _정품_128,270|벌크 + 쿨러_109,990|_벌크 | _정품_129,890|벌크 + 쿨러_109,990|_벌크 | _정품_129,900|벌크 + 쿨러_109,990|_벌크 | _정품_131,190|벌크 + 쿨러_109,990|_벌크 | _정품_131,210|벌크 + 쿨러_109,990|_벌크 | _정품_131,620|벌크 + 쿨러_109,990|_벌크 | _정품_131,630|벌크 + 쿨러_109,990|_벌크 | _정품_131,890|벌크 + 쿨러_109,990|_벌크",99990,99990,99990,99990,99990,99990,99990,99990,99990,99990,99990,99990,99990,99990,99990,99990,99990,99990,99990,99990,99990,99990,99990,99990,99990,99990,99990,99990,99990,99990,99990
32039399,인텔 프로세서 300 (랩터레이크 리프레시),인텔 프로세서 300,랩터레이크 리프레시,"_정품_128,150|벌크 + 쿨러_109,990|_벌크 | _정품_128,270|벌크 + 쿨러_109,990|_벌크 | _정품_129,890|벌크 + 쿨러_109,990|_벌크 | _정품_129,900|벌크 + 쿨러_109,990|_벌크 | _정품_131,190|벌크 + 쿨러_109,990|_벌크 | _정품_131,210|벌크 + 쿨러_109,990|_벌크 | _정품_131,620|벌크 + 쿨러_109,990|_벌크 | _정품_131,630|벌크 + 쿨러_109,990|_벌크 | _정품_131,890|벌크 + 쿨러_109,990|_벌크",99990,99990,99990,99990,99990,99990,99990,99990,99990,99990,99990,99990,99990,99990,99990,99990,99990,99990,99990,99990,99990,99990,99990,99990,99990,99990,99990,99990,99990,99990,99990
