date,group,gpu_ret,btc_krw_ret,fx_ret,nvda_ret,btc_krw_ret_l0,btc_krw_ret_l1,btc_krw_ret_l2,btc_krw_ret_l3,btc_krw_ret_l4,btc_krw_ret_l5,btc_krw_ret_l6,btc_krw_ret_l7,btc_krw_ret_l8,gpu_ret_l1,is_high,is_mid,high_btc_l0,mid_btc_l0,high_btc_l1,mid_btc_l1,high_btc_l2,mid_btc_l2,high_btc_l3,mid_btc_l3,high_btc_l4,mid_btc_l4,high_btc_l5,mid_btc_l5,high_btc_l6,mid_btc_l6,high_btc_l7,mid_btc_l7,high_btc_l8,mid_btc_l8,high_nvda_ret,mid_nvda_ret,high_fx_ret,mid_fx_ret,block
2024-03-10,high,0.0004383137624631,0.0665051516717909,-0.0051799591509471,0.0670450809528739,0.0665051516717909,,,,,,,,,,1,0,0.0665051516717909,0.0,,,,,,,,,,,,,,,,,0.0670450809528739,0.0,-0.0051799591509471,-0.0,chip_main
2024-03-17,high,0.0028099728910531,0.0401569606203544,-0.0103370278611638,0.009759894058547,0.0401569606203544,0.0665051516717909,,,,,,,,0.0004383137624631,1,0,0.0401569606203544,0.0,0.0665051516717909,0.0,,,,,,,,,,,,,,,0.009759894058547,0.0,-0.0103370278611638,-0.0,chip_main
2024-03-24,high,0.000612663851565,-0.0569468050812602,0.0142012250804377,0.0214300056756719,-0.0569468050812602,0.0401569606203544,0.0665051516717909,,,,,,,0.0028099728910531,1,0,-0.0569468050812602,-0.0,0.0401569606203544,0.0,0.0665051516717909,0.0,,,,,,,,,,,,,0.0214300056756719,0.0,0.0142012250804377,0.0,chip_main
2024-03-31,high,-0.0003185334101329,0.0755508876923585,0.0086819629117096,0.0137228200376018,0.0755508876923585,-0.0569468050812602,0.0401569606203544,0.0665051516717909,,,,,,0.000612663851565,1,0,0.0755508876923585,0.0,-0.0569468050812602,-0.0,0.0401569606203544,0.0,0.0665051516717909,0.0,,,,,,,,,,,0.0137228200376018,0.0,0.0086819629117096,0.0,chip_main
2024-04-07,high,-0.0010855743235212,-0.028034704955079,0.0033224887569618,-0.0387390183926612,-0.028034704955079,0.0755508876923585,-0.0569468050812602,0.0401569606203544,0.0665051516717909,,,,,-0.0003185334101329,1,0,-0.028034704955079,-0.0,0.0755508876923585,0.0,-0.0569468050812602,-0.0,0.0401569606203544,0.0,0.0665051516717909,0.0,,,,,,,,,-0.0387390183926612,-0.0,0.0033224887569618,0.0,chip_main
2024-04-14,high,0.0008079512684095,0.0172796131203298,0.0054364912979831,-0.0099520319220074,0.0172796131203298,-0.028034704955079,0.0755508876923585,-0.0569468050812602,0.0401569606203544,0.0665051516717909,,,,-0.0010855743235212,1,0,0.0172796131203298,0.0,-0.028034704955079,-0.0,0.0755508876923585,0.0,-0.0569468050812602,-0.0,0.0401569606203544,0.0,0.0665051516717909,0.0,,,,,,,-0.0099520319220074,-0.0,0.0054364912979831,0.0,chip_main
2024-04-21,high,0.0016530594467005,-0.0611719552353982,0.018836552484017,-0.0476569439750518,-0.0611719552353982,0.0172796131203298,-0.028034704955079,0.0755508876923585,-0.0569468050812602,0.0401569606203544,0.0665051516717909,,,0.0008079512684095,1,0,-0.0611719552353982,-0.0,0.0172796131203298,0.0,-0.028034704955079,-0.0,0.0755508876923585,0.0,-0.0569468050812602,-0.0,0.0401569606203544,0.0,0.0665051516717909,0.0,,,,,-0.0476569439750518,-0.0,0.018836552484017,0.0,chip_main
2024-04-28,high,-0.0007923410113443,0.0118979756416237,-0.0060397746201443,-0.0147693499312566,0.0118979756416237,-0.0611719552353982,0.0172796131203298,-0.028034704955079,0.0755508876923585,-0.0569468050812602,0.0401569606203544,0.0665051516717909,,0.0016530594467005,1,0,0.0118979756416237,0.0,-0.0611719552353982,-0.0,0.0172796131203298,0.0,-0.028034704955079,-0.0,0.0755508876923585,0.0,-0.0569468050812602,-0.0,0.0401569606203544,0.0,0.0665051516717909,0.0,,,-0.0147693499312566,-0.0,-0.0060397746201443,-0.0,chip_main
2024-05-05,high,-0.0020429574849603,-0.0513084427149692,0.0007051897630061,0.0473699656050587,-0.0513084427149692,0.0118979756416237,-0.0611719552353982,0.0172796131203298,-0.028034704955079,0.0755508876923585,-0.0569468050812602,0.0401569606203544,0.0665051516717909,-0.0007923410113443,1,0,-0.0513084427149692,-0.0,0.0118979756416237,0.0,-0.0611719552353982,-0.0,0.0172796131203298,0.0,-0.028034704955079,-0.0,0.0755508876923585,0.0,-0.0569468050812602,-0.0,0.0401569606203544,0.0,0.0665051516717909,0.0,0.0473699656050587,0.0,0.0007051897630061,0.0,chip_main
2024-05-12,high,0.0010447785002834,-0.0013754683318119,-0.0123640334863042,0.0452957657756458,-0.0013754683318119,-0.0513084427149692,0.0118979756416237,-0.0611719552353982,0.0172796131203298,-0.028034704955079,0.0755508876923585,-0.0569468050812602,0.0401569606203544,-0.0020429574849603,1,0,-0.0013754683318119,-0.0,-0.0513084427149692,-0.0,0.0118979756416237,0.0,-0.0611719552353982,-0.0,0.0172796131203298,0.0,-0.028034704955079,-0.0,0.0755508876923585,0.0,-0.0569468050812602,-0.0,0.0401569606203544,0.0,0.0452957657756458,0.0,-0.0123640334863042,-0.0,chip_main
2024-05-19,high,-0.0015462900612988,0.0461135501063978,0.0005460849178717,0.0250369591982257,0.0461135501063978,-0.0013754683318119,-0.0513084427149692,0.0118979756416237,-0.0611719552353982,0.0172796131203298,-0.028034704955079,0.0755508876923585,-0.0569468050812602,0.0010447785002834,1,0,0.0461135501063978,0.0,-0.0013754683318119,-0.0,-0.0513084427149692,-0.0,0.0118979756416237,0.0,-0.0611719552353982,-0.0,0.0172796131203298,0.0,-0.028034704955079,-0.0,0.0755508876923585,0.0,-0.0569468050812602,-0.0,0.0250369591982257,0.0,0.0005460849178717,0.0,chip_main
2024-05-26,high,-0.0011233937207412,0.0686495804135489,0.0021159260128156,0.0660181433449045,0.0686495804135489,0.0461135501063978,-0.0013754683318119,-0.0513084427149692,0.0118979756416237,-0.0611719552353982,0.0172796131203298,-0.028034704955079,0.0755508876923585,-0.0015462900612988,1,0,0.0686495804135489,0.0,0.0461135501063978,0.0,-0.0013754683318119,-0.0,-0.0513084427149692,-0.0,0.0118979756416237,0.0,-0.0611719552353982,-0.0,0.0172796131203298,0.0,-0.028034704955079,-0.0,0.0755508876923585,0.0,0.0660181433449045,0.0,0.0021159260128156,0.0,chip_main
2024-06-02,high,-0.0012349179550861,-0.010917812308282,0.0036881155703794,0.1255929760953567,-0.010917812308282,0.0686495804135489,0.0461135501063978,-0.0013754683318119,-0.0513084427149692,0.0118979756416237,-0.0611719552353982,0.0172796131203298,-0.028034704955079,-0.0011233937207412,1,0,-0.010917812308282,-0.0,0.0686495804135489,0.0,0.0461135501063978,0.0,-0.0013754683318119,-0.0,-0.0513084427149692,-0.0,0.0118979756416237,0.0,-0.0611719552353982,-0.0,0.0172796131203298,0.0,-0.028034704955079,-0.0,0.1255929760953567,0.0,0.0036881155703794,0.0,chip_main
2024-06-09,high,-0.0028314081740126,0.0266188741577551,0.0036540693502828,0.0598852585744715,0.0266188741577551,-0.010917812308282,0.0686495804135489,0.0461135501063978,-0.0013754683318119,-0.0513084427149692,0.0118979756416237,-0.0611719552353982,0.0172796131203298,-0.0012349179550861,1,0,0.0266188741577551,0.0,-0.010917812308282,-0.0,0.0686495804135489,0.0,0.0461135501063978,0.0,-0.0013754683318119,-0.0,-0.0513084427149692,-0.0,0.0118979756416237,0.0,-0.0611719552353982,-0.0,0.0172796131203298,0.0,0.0598852585744715,0.0,0.0036540693502828,0.0,chip_main
2024-06-16,high,-0.0009931148360484,-0.0362491072510273,0.0020331297318341,0.0546931927071829,-0.0362491072510273,0.0266188741577551,-0.010917812308282,0.0686495804135489,0.0461135501063978,-0.0013754683318119,-0.0513084427149692,0.0118979756416237,-0.0611719552353982,-0.0028314081740126,1,0,-0.0362491072510273,-0.0,0.0266188741577551,0.0,-0.010917812308282,-0.0,0.0686495804135489,0.0,0.0461135501063978,0.0,-0.0013754683318119,-0.0,-0.0513084427149692,-0.0,0.0118979756416237,0.0,-0.0611719552353982,-0.0,0.0546931927071829,0.0,0.0020331297318341,0.0,chip_main
2024-06-23,high,0.001679212065542,-0.0330116898989452,0.0055666871256603,0.0400101372321159,-0.0330116898989452,-0.0362491072510273,0.0266188741577551,-0.010917812308282,0.0686495804135489,0.0461135501063978,-0.0013754683318119,-0.0513084427149692,0.0118979756416237,-0.0009931148360484,1,0,-0.0330116898989452,-0.0,-0.0362491072510273,-0.0,0.0266188741577551,0.0,-0.010917812308282,-0.0,0.0686495804135489,0.0,0.0461135501063978,0.0,-0.0013754683318119,-0.0,-0.0513084427149692,-0.0,0.0118979756416237,0.0,0.0400101372321159,0.0,0.0055666871256603,0.0,chip_main
2024-06-30,high,-0.0006452835045944,-0.0555696556243319,0.0047376984715796,-0.0577636982531899,-0.0555696556243319,-0.0330116898989452,-0.0362491072510273,0.0266188741577551,-0.010917812308282,0.0686495804135489,0.0461135501063978,-0.0013754683318119,-0.0513084427149692,0.001679212065542,1,0,-0.0555696556243319,-0.0,-0.0330116898989452,-0.0,-0.0362491072510273,-0.0,0.0266188741577551,0.0,-0.010917812308282,-0.0,0.0686495804135489,0.0,0.0461135501063978,0.0,-0.0013754683318119,-0.0,-0.0513084427149692,-0.0,-0.0577636982531899,-0.0,0.0047376984715796,0.0,chip_main
2024-07-07,high,-0.0024869608530912,-0.0410669813095161,-0.0046995430741088,0.013369771145518,-0.0410669813095161,-0.0555696556243319,-0.0330116898989452,-0.0362491072510273,0.0266188741577551,-0.010917812308282,0.0686495804135489,0.0461135501063978,-0.0013754683318119,-0.0006452835045944,1,0,-0.0410669813095161,-0.0,-0.0555696556243319,-0.0,-0.0330116898989452,-0.0,-0.0362491072510273,-0.0,0.0266188741577551,0.0,-0.010917812308282,-0.0,0.0686495804135489,0.0,0.0461135501063978,0.0,-0.0013754683318119,-0.0,0.013369771145518,0.0,-0.0046995430741088,-0.0,chip_main
2024-07-14,high,0.0009581357949737,-0.0142703479999255,-0.0024883612665496,0.0387235555754088,-0.0142703479999255,-0.0410669813095161,-0.0555696556243319,-0.0330116898989452,-0.0362491072510273,0.0266188741577551,-0.010917812308282,0.0686495804135489,0.0461135501063978,-0.0024869608530912,1,0,-0.0142703479999255,-0.0,-0.0410669813095161,-0.0,-0.0555696556243319,-0.0,-0.0330116898989452,-0.0,-0.0362491072510273,-0.0,0.0266188741577551,0.0,-0.010917812308282,-0.0,0.0686495804135489,0.0,0.0461135501063978,0.0,0.0387235555754088,0.0,-0.0024883612665496,-0.0,chip_main
2024-07-21,high,0.0002256809711285,0.1265158981861844,0.0012086102210622,-0.0626948935936528,0.1265158981861844,-0.0142703479999255,-0.0410669813095161,-0.0555696556243319,-0.0330116898989452,-0.0362491072510273,0.0266188741577551,-0.010917812308282,0.0686495804135489,0.0009581357949737,1,0,0.1265158981861844,0.0,-0.0142703479999255,-0.0,-0.0410669813095161,-0.0,-0.0555696556243319,-0.0,-0.0330116898989452,-0.0,-0.0362491072510273,-0.0,0.0266188741577551,0.0,-0.010917812308282,-0.0,0.0686495804135489,0.0,-0.0626948935936528,-0.0,0.0012086102210622,0.0,chip_main
2024-07-28,high,0.0027090649473888,0.0176335745640834,0.0029280727201124,-0.0438215995218671,0.0176335745640834,0.1265158981861844,-0.0142703479999255,-0.0410669813095161,-0.0555696556243319,-0.0330116898989452,-0.0362491072510273,0.0266188741577551,-0.010917812308282,0.0002256809711285,1,0,0.0176335745640834,0.0,0.1265158981861844,0.0,-0.0142703479999255,-0.0,-0.0410669813095161,-0.0,-0.0555696556243319,-0.0,-0.0330116898989452,-0.0,-0.0362491072510273,-0.0,0.0266188741577551,0.0,-0.010917812308282,-0.0,-0.0438215995218671,-0.0,0.0029280727201124,0.0,chip_main
2024-08-04,high,0.0018852747358023,-0.0687766374006173,-0.0059082951098963,-0.0650249637229656,-0.0687766374006173,0.0176335745640834,0.1265158981861844,-0.0142703479999255,-0.0410669813095161,-0.0555696556243319,-0.0330116898989452,-0.0362491072510273,0.0266188741577551,0.0027090649473888,1,0,-0.0687766374006173,-0.0,0.0176335745640834,0.0,0.1265158981861844,0.0,-0.0142703479999255,-0.0,-0.0410669813095161,-0.0,-0.0555696556243319,-0.0,-0.0330116898989452,-0.0,-0.0362491072510273,-0.0,0.0266188741577551,0.0,-0.0650249637229656,-0.0,-0.0059082951098963,-0.0,chip_main
2024-08-11,high,0.0005153406534047,-0.0836901213506138,-0.0058073578438992,-0.0663350971682019,-0.0836901213506138,-0.0687766374006173,0.0176335745640834,0.1265158981861844,-0.0142703479999255,-0.0410669813095161,-0.0555696556243319,-0.0330116898989452,-0.0362491072510273,0.0018852747358023,1,0,-0.0836901213506138,-0.0,-0.0687766374006173,-0.0,0.0176335745640834,0.0,0.1265158981861844,0.0,-0.0142703479999255,-0.0,-0.0410669813095161,-0.0,-0.0555696556243319,-0.0,-0.0330116898989452,-0.0,-0.0362491072510273,-0.0,-0.0663350971682019,-0.0,-0.0058073578438992,-0.0,chip_main
2024-08-18,high,0.0003661353680746,0.006822322947773,-0.0042698572661006,0.1395540321672008,0.006822322947773,-0.0836901213506138,-0.0687766374006173,0.0176335745640834,0.1265158981861844,-0.0142703479999255,-0.0410669813095161,-0.0555696556243319,-0.0330116898989452,0.0005153406534047,1,0,0.006822322947773,0.0,-0.0836901213506138,-0.0,-0.0687766374006173,-0.0,0.0176335745640834,0.0,0.1265158981861844,0.0,-0.0142703479999255,-0.0,-0.0410669813095161,-0.0,-0.0555696556243319,-0.0,-0.0330116898989452,-0.0,0.1395540321672008,0.0,-0.0042698572661006,-0.0,chip_main
2024-08-25,high,0.0015603125850234,0.0251732607552135,-0.0198891136060641,0.0793584371728437,0.0251732607552135,0.006822322947773,-0.0836901213506138,-0.0687766374006173,0.0176335745640834,0.1265158981861844,-0.0142703479999255,-0.0410669813095161,-0.0555696556243319,0.0003661353680746,1,0,0.0251732607552135,0.0,0.006822322947773,0.0,-0.0836901213506138,-0.0,-0.0687766374006173,-0.0,0.0176335745640834,0.0,0.1265158981861844,0.0,-0.0142703479999255,-0.0,-0.0410669813095161,-0.0,-0.0555696556243319,-0.0,0.0793584371728437,0.0,-0.0198891136060641,-0.0,chip_main
2024-09-01,high,-0.0037105452906187,-0.0356453117592288,-0.0051214411203828,-0.0347129769763085,-0.0356453117592288,0.0251732607552135,0.006822322947773,-0.0836901213506138,-0.0687766374006173,0.0176335745640834,0.1265158981861844,-0.0142703479999255,-0.0410669813095161,0.0015603125850234,1,0,-0.0356453117592288,-0.0,0.0251732607552135,0.0,0.006822322947773,0.0,-0.0836901213506138,-0.0,-0.0687766374006173,-0.0,0.0176335745640834,0.0,0.1265158981861844,0.0,-0.0142703479999255,-0.0,-0.0410669813095161,-0.0,-0.0347129769763085,-0.0,-0.0051214411203828,-0.0,chip_main
2024-09-08,high,-0.0003108174803126,-0.0537272286200334,0.0047897711799551,-0.1515281043384728,-0.0537272286200334,-0.0356453117592288,0.0251732607552135,0.006822322947773,-0.0836901213506138,-0.0687766374006173,0.0176335745640834,0.1265158981861844,-0.0142703479999255,-0.0037105452906187,1,0,-0.0537272286200334,-0.0,-0.0356453117592288,-0.0,0.0251732607552135,0.0,0.006822322947773,0.0,-0.0836901213506138,-0.0,-0.0687766374006173,-0.0,0.0176335745640834,0.0,0.1265158981861844,0.0,-0.0142703479999255,-0.0,-0.1515281043384728,-0.0,0.0047897711799551,0.0,chip_main
2024-09-15,high,0.0021649159023033,0.0399645800118513,0.0028287367178547,0.0706975217517733,0.0399645800118513,-0.0537272286200334,-0.0356453117592288,0.0251732607552135,0.006822322947773,-0.0836901213506138,-0.0687766374006173,0.0176335745640834,0.1265158981861844,-0.0003108174803126,1,0,0.0399645800118513,0.0,-0.0537272286200334,-0.0,-0.0356453117592288,-0.0,0.0251732607552135,0.0,0.006822322947773,0.0,-0.0836901213506138,-0.0,-0.0687766374006173,-0.0,0.0176335745640834,0.0,0.1265158981861844,0.0,0.0706975217517733,0.0,0.0028287367178547,0.0,chip_main
2024-09-22,high,0.0028153259092772,0.048899243263051,-0.0113892139102658,0.018368039096944,0.048899243263051,0.0399645800118513,-0.0537272286200334,-0.0356453117592288,0.0251732607552135,0.006822322947773,-0.0836901213506138,-0.0687766374006173,0.0176335745640834,0.0021649159023033,1,0,0.048899243263051,0.0,0.0399645800118513,0.0,-0.0537272286200334,-0.0,-0.0356453117592288,-0.0,0.0251732607552135,0.0,0.006822322947773,0.0,-0.0836901213506138,-0.0,-0.0687766374006173,-0.0,0.0176335745640834,0.0,0.018368039096944,0.0,-0.0113892139102658,-0.0,chip_main
2024-09-29,high,3.394253648121066e-05,0.0397115795300244,0.0025410075728213,0.0444782394093152,0.0397115795300244,0.048899243263051,0.0399645800118513,-0.0537272286200334,-0.0356453117592288,0.0251732607552135,0.006822322947773,-0.0836901213506138,-0.0687766374006173,0.0028153259092772,1,0,0.0397115795300244,0.0,0.048899243263051,0.0,0.0399645800118513,0.0,-0.0537272286200334,-0.0,-0.0356453117592288,-0.0,0.0251732607552135,0.0,0.006822322947773,0.0,-0.0836901213506138,-0.0,-0.0687766374006173,-0.0,0.0444782394093152,0.0,0.0025410075728213,0.0,chip_main
2024-10-06,high,-0.0007450335546018,-0.0357942264543424,-0.0046006356278596,-0.0016935679830254,-0.0357942264543424,0.0397115795300244,0.048899243263051,0.0399645800118513,-0.0537272286200334,-0.0356453117592288,0.0251732607552135,0.006822322947773,-0.0836901213506138,3.394253648121066e-05,1,0,-0.0357942264543424,-0.0,0.0397115795300244,0.0,0.048899243263051,0.0,0.0399645800118513,0.0,-0.0537272286200334,-0.0,-0.0356453117592288,-0.0,0.0251732607552135,0.0,0.006822322947773,0.0,-0.0836901213506138,-0.0,-0.0016935679830254,-0.0,-0.0046006356278596,-0.0,chip_main
2024-10-13,high,-0.0010669518134273,0.0116335308128299,0.0171846118129623,0.0913281414747668,0.0116335308128299,-0.0357942264543424,0.0397115795300244,0.048899243263051,0.0399645800118513,-0.0537272286200334,-0.0356453117592288,0.0251732607552135,0.006822322947773,-0.0007450335546018,1,0,0.0116335308128299,0.0,-0.0357942264543424,-0.0,0.0397115795300244,0.0,0.048899243263051,0.0,0.0399645800118513,0.0,-0.0537272286200334,-0.0,-0.0356453117592288,-0.0,0.0251732607552135,0.0,0.006822322947773,0.0,0.0913281414747668,0.0,0.0171846118129623,0.0,chip_main
2024-10-20,high,-0.0007212564883559,0.1034553031643703,0.0119226769403439,0.0260221247294669,0.1034553031643703,0.0116335308128299,-0.0357942264543424,0.0397115795300244,0.048899243263051,0.0399645800118513,-0.0537272286200334,-0.0356453117592288,0.0251732607552135,-0.0010669518134273,1,0,0.1034553031643703,0.0,0.0116335308128299,0.0,-0.0357942264543424,-0.0,0.0397115795300244,0.0,0.048899243263051,0.0,0.0399645800118513,0.0,-0.0537272286200334,-0.0,-0.0356453117592288,-0.0,0.0251732607552135,0.0,0.0260221247294669,0.0,0.0119226769403439,0.0,chip_main
2024-10-27,high,-0.0004101855188865,0.0050535153150264,0.0106519885786431,0.0411115485845634,0.0050535153150264,0.1034553031643703,0.0116335308128299,-0.0357942264543424,0.0397115795300244,0.048899243263051,0.0399645800118513,-0.0537272286200334,-0.0356453117592288,-0.0007212564883559,1,0,0.0050535153150264,0.0,0.1034553031643703,0.0,0.0116335308128299,0.0,-0.0357942264543424,-0.0,0.0397115795300244,0.0,0.048899243263051,0.0,0.0399645800118513,0.0,-0.0537272286200334,-0.0,-0.0356453117592288,-0.0,0.0411115485845634,0.0,0.0106519885786431,0.0,chip_main
2024-11-03,high,-0.0001663291388744,0.0432470721497075,0.0041340606276918,-0.0281656937875887,0.0432470721497075,0.0050535153150264,0.1034553031643703,0.0116335308128299,-0.0357942264543424,0.0397115795300244,0.048899243263051,0.0399645800118513,-0.0537272286200334,-0.0004101855188865,1,0,0.0432470721497075,0.0,0.0050535153150264,0.0,0.1034553031643703,0.0,0.0116335308128299,0.0,-0.0357942264543424,-0.0,0.0397115795300244,0.0,0.048899243263051,0.0,0.0399645800118513,0.0,-0.0537272286200334,-0.0,-0.0281656937875887,-0.0,0.0041340606276918,0.0,chip_main
2024-11-10,high,0.0015698218971745,0.0646987969477272,-0.0003432757184542,0.0406458223432713,0.0646987969477272,0.0432470721497075,0.0050535153150264,0.1034553031643703,0.0116335308128299,-0.0357942264543424,0.0397115795300244,0.048899243263051,0.0399645800118513,-0.0001663291388744,1,0,0.0646987969477272,0.0,0.0432470721497075,0.0,0.0050535153150264,0.0,0.1034553031643703,0.0,0.0116335308128299,0.0,-0.0357942264543424,-0.0,0.0397115795300244,0.0,0.048899243263051,0.0,0.0399645800118513,0.0,0.0406458223432713,0.0,-0.0003432757184542,-0.0,chip_main
2024-11-17,high,0.0007365709173316,0.1897681283424255,0.014715443263273,0.0149660107367672,0.1897681283424255,0.0646987969477272,0.0432470721497075,0.0050535153150264,0.1034553031643703,0.0116335308128299,-0.0357942264543424,0.0397115795300244,0.048899243263051,0.0015698218971745,1,0,0.1897681283424255,0.0,0.0646987969477272,0.0,0.0432470721497075,0.0,0.0050535153150264,0.0,0.1034553031643703,0.0,0.0116335308128299,0.0,-0.0357942264543424,-0.0,0.0397115795300244,0.0,0.048899243263051,0.0,0.0149660107367672,0.0,0.014715443263273,0.0,chip_main
2024-11-24,high,0.0041113398521545,0.0677434983068003,-0.0044365517431002,-0.0095814275133845,0.0677434983068003,0.1897681283424255,0.0646987969477272,0.0432470721497075,0.0050535153150264,0.1034553031643703,0.0116335308128299,-0.0357942264543424,0.0397115795300244,0.0007365709173316,1,0,0.0677434983068003,0.0,0.1897681283424255,0.0,0.0646987969477272,0.0,0.0432470721497075,0.0,0.0050535153150264,0.0,0.1034553031643703,0.0,0.0116335308128299,0.0,-0.0357942264543424,-0.0,0.0397115795300244,0.0,-0.0095814275133845,-0.0,-0.0044365517431002,-0.0,chip_main
2024-12-01,high,0.0015895943395237,-0.0071312245327597,0.0004102810382518,-0.054682200851893,-0.0071312245327597,0.0677434983068003,0.1897681283424255,0.0646987969477272,0.0432470721497075,0.0050535153150264,0.1034553031643703,0.0116335308128299,-0.0357942264543424,0.0041113398521545,1,0,-0.0071312245327597,-0.0,0.0677434983068003,0.0,0.1897681283424255,0.0,0.0646987969477272,0.0,0.0432470721497075,0.0,0.0050535153150264,0.0,0.1034553031643703,0.0,0.0116335308128299,0.0,-0.0357942264543424,-0.0,-0.054682200851893,-0.0,0.0004102810382518,0.0,chip_main
2024-12-08,high,-2.340298854054645e-05,0.0462672790698128,0.0067518681739908,0.040579165665501,0.0462672790698128,-0.0071312245327597,0.0677434983068003,0.1897681283424255,0.0646987969477272,0.0432470721497075,0.0050535153150264,0.1034553031643703,0.0116335308128299,0.0015895943395237,1,0,0.0462672790698128,0.0,-0.0071312245327597,-0.0,0.0677434983068003,0.0,0.1897681283424255,0.0,0.0646987969477272,0.0,0.0432470721497075,0.0,0.0050535153150264,0.0,0.1034553031643703,0.0,0.0116335308128299,0.0,0.040579165665501,0.0,0.0067518681739908,0.0,chip_main
2024-12-15,high,0.0075941390547318,0.0307560313734285,0.0167221897479565,-0.0382205913657927,0.0307560313734285,0.0462672790698128,-0.0071312245327597,0.0677434983068003,0.1897681283424255,0.0646987969477272,0.0432470721497075,0.0050535153150264,0.1034553031643703,-2.340298854054645e-05,1,0,0.0307560313734285,0.0,0.0462672790698128,0.0,-0.0071312245327597,-0.0,0.0677434983068003,0.0,0.1897681283424255,0.0,0.0646987969477272,0.0,0.0432470721497075,0.0,0.0050535153150264,0.0,0.1034553031643703,0.0,-0.0382205913657927,-0.0,0.0167221897479565,0.0,chip_main
2024-12-22,high,0.0026747995408164,0.0038157699591856,0.0068827691031714,-0.0419032359274469,0.0038157699591856,0.0307560313734285,0.0462672790698128,-0.0071312245327597,0.0677434983068003,0.1897681283424255,0.0646987969477272,0.0432470721497075,0.0050535153150264,0.0075941390547318,1,0,0.0038157699591856,0.0,0.0307560313734285,0.0,0.0462672790698128,0.0,-0.0071312245327597,-0.0,0.0677434983068003,0.0,0.1897681283424255,0.0,0.0646987969477272,0.0,0.0432470721497075,0.0,0.0050535153150264,0.0,-0.0419032359274469,-0.0,0.0068827691031714,0.0,chip_main
2024-12-29,high,0.0028512666372602,-0.0267282623878237,0.0103649745106926,0.058273274908565,-0.0267282623878237,0.0038157699591856,0.0307560313734285,0.0462672790698128,-0.0071312245327597,0.0677434983068003,0.1897681283424255,0.0646987969477272,0.0432470721497075,0.0026747995408164,1,0,-0.0267282623878237,-0.0,0.0038157699591856,0.0,0.0307560313734285,0.0,0.0462672790698128,0.0,-0.0071312245327597,-0.0,0.0677434983068003,0.0,0.1897681283424255,0.0,0.0646987969477272,0.0,0.0432470721497075,0.0,0.058273274908565,0.0,0.0103649745106926,0.0,chip_main
2025-01-05,high,0.006063983473688,0.0050274225344075,0.0124029641616356,-0.0043922991029869,0.0050274225344075,-0.0267282623878237,0.0038157699591856,0.0307560313734285,0.0462672790698128,-0.0071312245327597,0.0677434983068003,0.1897681283424255,0.0646987969477272,0.0028512666372602,1,0,0.0050274225344075,0.0,-0.0267282623878237,-0.0,0.0038157699591856,0.0,0.0307560313734285,0.0,0.0462672790698128,0.0,-0.0071312245327597,-0.0,0.0677434983068003,0.0,0.1897681283424255,0.0,0.0646987969477272,0.0,-0.0043922991029869,-0.0,0.0124029641616356,0.0,chip_main
2025-01-12,high,0.0193442056658885,-0.0068580297478497,-0.0091032932509191,0.0194421377172906,-0.0068580297478497,0.0050274225344075,-0.0267282623878237,0.0038157699591856,0.0307560313734285,0.0462672790698128,-0.0071312245327597,0.0677434983068003,0.1897681283424255,0.006063983473688,1,0,-0.0068580297478497,-0.0,0.0050274225344075,0.0,-0.0267282623878237,-0.0,0.0038157699591856,0.0,0.0307560313734285,0.0,0.0462672790698128,0.0,-0.0071312245327597,-0.0,0.0677434983068003,0.0,0.1897681283424255,0.0,0.0194421377172906,0.0,-0.0091032932509191,-0.0,chip_main
2025-01-19,high,0.0012199754224303,0.0414024115023998,-0.0011156350561654,-0.049522074438558,0.0414024115023998,-0.0068580297478497,0.0050274225344075,-0.0267282623878237,0.0038157699591856,0.0307560313734285,0.0462672790698128,-0.0071312245327597,0.0677434983068003,0.0193442056658885,1,0,0.0414024115023998,0.0,-0.0068580297478497,-0.0,0.0050274225344075,0.0,-0.0267282623878237,-0.0,0.0038157699591856,0.0,0.0307560313734285,0.0,0.0462672790698128,0.0,-0.0071312245327597,-0.0,0.0677434983068003,0.0,-0.049522074438558,-0.0,-0.0011156350561654,-0.0,chip_main
2025-01-26,high,0.004038088039949,0.0203205768237566,-0.0131484804229877,0.0711929243165299,0.0203205768237566,0.0414024115023998,-0.0068580297478497,0.0050274225344075,-0.0267282623878237,0.0038157699591856,0.0307560313734285,0.0462672790698128,-0.0071312245327597,0.0012199754224303,1,0,0.0203205768237566,0.0,0.0414024115023998,0.0,-0.0068580297478497,-0.0,0.0050274225344075,0.0,-0.0267282623878237,-0.0,0.0038157699591856,0.0,0.0307560313734285,0.0,0.0462672790698128,0.0,-0.0071312245327597,-0.0,0.0711929243165299,0.0,-0.0131484804229877,-0.0,chip_main
2025-02-02,high,-0.0009465573481185,-0.011270472861252,-0.0018343645045177,-0.1595602079695544,-0.011270472861252,0.0203205768237566,0.0414024115023998,-0.0068580297478497,0.0050274225344075,-0.0267282623878237,0.0038157699591856,0.0307560313734285,0.0462672790698128,0.004038088039949,1,0,-0.011270472861252,-0.0,0.0203205768237566,0.0,0.0414024115023998,0.0,-0.0068580297478497,-0.0,0.0050274225344075,0.0,-0.0267282623878237,-0.0,0.0038157699591856,0.0,0.0307560313734285,0.0,0.0462672790698128,0.0,-0.1595602079695544,-0.0,-0.0018343645045177,-0.0,chip_main
2025-02-09,high,0.0122854360045331,-0.0409746480380235,0.0108623049869702,0.0041218770943363,-0.0409746480380235,-0.011270472861252,0.0203205768237566,0.0414024115023998,-0.0068580297478497,0.0050274225344075,-0.0267282623878237,0.0038157699591856,0.0307560313734285,-0.0009465573481185,1,0,-0.0409746480380235,-0.0,-0.011270472861252,-0.0,0.0203205768237566,0.0,0.0414024115023998,0.0,-0.0068580297478497,-0.0,0.0050274225344075,0.0,-0.0267282623878237,-0.0,0.0038157699591856,0.0,0.0307560313734285,0.0,0.0041218770943363,0.0,0.0108623049869702,0.0,chip_main
2025-02-16,high,0.0262991653331438,-0.0091607328626679,-0.0009050218242947,0.0829048353265946,-0.0091607328626679,-0.0409746480380235,-0.011270472861252,0.0203205768237566,0.0414024115023998,-0.0068580297478497,0.0050274225344075,-0.0267282623878237,0.0038157699591856,0.0122854360045331,1,0,-0.0091607328626679,-0.0,-0.0409746480380235,-0.0,-0.011270472861252,-0.0,0.0203205768237566,0.0,0.0414024115023998,0.0,-0.0068580297478497,-0.0,0.0050274225344075,0.0,-0.0267282623878237,-0.0,0.0038157699591856,0.0,0.0829048353265946,0.0,-0.0009050218242947,-0.0,chip_main
2025-02-23,high,0.0096403173018167,-0.0109043615146369,-0.0082837942506914,0.0291265260613,-0.0109043615146369,-0.0091607328626679,-0.0409746480380235,-0.011270472861252,0.0203205768237566,0.0414024115023998,-0.0068580297478497,0.0050274225344075,-0.0267282623878237,0.0262991653331438,1,0,-0.0109043615146369,-0.0,-0.0091607328626679,-0.0,-0.0409746480380235,-0.0,-0.011270472861252,-0.0,0.0203205768237566,0.0,0.0414024115023998,0.0,-0.0068580297478497,-0.0,0.0050274225344075,0.0,-0.0267282623878237,-0.0,0.0291265260613,0.0,-0.0082837942506914,-0.0,chip_main
2025-03-02,high,0.0063314200319886,-0.0898429512681602,-0.001253522975638,-0.0882960609908058,-0.0898429512681602,-0.0109043615146369,-0.0091607328626679,-0.0409746480380235,-0.011270472861252,0.0203205768237566,0.0414024115023998,-0.0068580297478497,0.0050274225344075,0.0096403173018167,1,0,-0.0898429512681602,-0.0,-0.0109043615146369,-0.0,-0.0091607328626679,-0.0,-0.0409746480380235,-0.0,-0.011270472861252,-0.0,0.0203205768237566,0.0,0.0414024115023998,0.0,-0.0068580297478497,-0.0,0.0050274225344075,0.0,-0.0882960609908058,-0.0,-0.001253522975638,-0.0,chip_main
2025-03-09,high,7.998753079277999e-05,-0.0088169128031019,0.0115567830399703,-0.1038899002100492,-0.0088169128031019,-0.0898429512681602,-0.0109043615146369,-0.0091607328626679,-0.0409746480380235,-0.011270472861252,0.0203205768237566,0.0414024115023998,-0.0068580297478497,0.0063314200319886,1,0,-0.0088169128031019,-0.0,-0.0898429512681602,-0.0,-0.0109043615146369,-0.0,-0.0091607328626679,-0.0,-0.0409746480380235,-0.0,-0.011270472861252,-0.0,0.0203205768237566,0.0,0.0414024115023998,0.0,-0.0068580297478497,-0.0,-0.1038899002100492,-0.0,0.0115567830399703,0.0,chip_main
2025-03-16,high,-0.0215472801623906,-0.0489238811333372,-0.0005197196980688,-0.0041139515743138,-0.0489238811333372,-0.0088169128031019,-0.0898429512681602,-0.0109043615146369,-0.0091607328626679,-0.0409746480380235,-0.011270472861252,0.0203205768237566,0.0414024115023998,7.998753079277999e-05,1,0,-0.0489238811333372,-0.0,-0.0088169128031019,-0.0,-0.0898429512681602,-0.0,-0.0109043615146369,-0.0,-0.0091607328626679,-0.0,-0.0409746480380235,-0.0,-0.011270472861252,-0.0,0.0203205768237566,0.0,0.0414024115023998,0.0,-0.0041139515743138,-0.0,-0.0005197196980688,-0.0,chip_main
2025-03-23,high,-0.0198428348129184,0.0298958795022947,-0.000923419826444,0.0355843758943503,0.0298958795022947,-0.0489238811333372,-0.0088169128031019,-0.0898429512681602,-0.0109043615146369,-0.0091607328626679,-0.0409746480380235,-0.011270472861252,0.0203205768237566,-0.0215472801623906,1,0,0.0298958795022947,0.0,-0.0489238811333372,-0.0,-0.0088169128031019,-0.0,-0.0898429512681602,-0.0,-0.0109043615146369,-0.0,-0.0091607328626679,-0.0,-0.0409746480380235,-0.0,-0.011270472861252,-0.0,0.0203205768237566,0.0,0.0355843758943503,0.0,-0.000923419826444,-0.0,chip_main
2025-03-30,high,-0.0144749384742874,0.0164440130822178,0.0097645435324951,-0.0209566479834153,0.0164440130822178,0.0298958795022947,-0.0489238811333372,-0.0088169128031019,-0.0898429512681602,-0.0109043615146369,-0.0091607328626679,-0.0409746480380235,-0.011270472861252,-0.0198428348129184,1,0,0.0164440130822178,0.0,0.0298958795022947,0.0,-0.0489238811333372,-0.0,-0.0088169128031019,-0.0,-0.0898429512681602,-0.0,-0.0109043615146369,-0.0,-0.0091607328626679,-0.0,-0.0409746480380235,-0.0,-0.011270472861252,-0.0,-0.0209566479834153,-0.0,0.0097645435324951,0.0,chip_main
2025-04-06,high,-0.0108525558666681,-0.0359751097917282,0.0009903847804366,-0.0951973327257498,-0.0359751097917282,0.0164440130822178,0.0298958795022947,-0.0489238811333372,-0.0088169128031019,-0.0898429512681602,-0.0109043615146369,-0.0091607328626679,-0.0409746480380235,-0.0144749384742874,1,0,-0.0359751097917282,-0.0,0.0164440130822178,0.0,0.0298958795022947,0.0,-0.0489238811333372,-0.0,-0.0088169128031019,-0.0,-0.0898429512681602,-0.0,-0.0109043615146369,-0.0,-0.0091607328626679,-0.0,-0.0409746480380235,-0.0,-0.0951973327257498,-0.0,0.0009903847804366,0.0,chip_main
2025-04-13,high,-0.0071729243734397,-0.0274894381207495,-0.0024234498029418,0.0027020897879888,-0.0274894381207495,-0.0359751097917282,0.0164440130822178,0.0298958795022947,-0.0489238811333372,-0.0088169128031019,-0.0898429512681602,-0.0109043615146369,-0.0091607328626679,-0.0108525558666681,1,0,-0.0274894381207495,-0.0,-0.0359751097917282,-0.0,0.0164440130822178,0.0,0.0298958795022947,0.0,-0.0489238811333372,-0.0,-0.0088169128031019,-0.0,-0.0898429512681602,-0.0,-0.0109043615146369,-0.0,-0.0091607328626679,-0.0,0.0027020897879888,0.0,-0.0024234498029418,-0.0,chip_main
2025-04-20,high,-0.011551798199578,0.0197854212178967,-0.0292331770780824,0.0190850352333367,0.0197854212178967,-0.0274894381207495,-0.0359751097917282,0.0164440130822178,0.0298958795022947,-0.0489238811333372,-0.0088169128031019,-0.0898429512681602,-0.0109043615146369,-0.0071729243734397,1,0,0.0197854212178967,0.0,-0.0274894381207495,-0.0,-0.0359751097917282,-0.0,0.0164440130822178,0.0,0.0298958795022947,0.0,-0.0489238811333372,-0.0,-0.0088169128031019,-0.0,-0.0898429512681602,-0.0,-0.0109043615146369,-0.0,0.0190850352333367,0.0,-0.0292331770780824,-0.0,chip_main
2025-04-27,high,-0.0038594622364792,0.1050409413770196,0.0048589025903797,-0.0387005625266141,0.1050409413770196,0.0197854212178967,-0.0274894381207495,-0.0359751097917282,0.0164440130822178,0.0298958795022947,-0.0489238811333372,-0.0088169128031019,-0.0898429512681602,-0.011551798199578,1,0,0.1050409413770196,0.0,0.0197854212178967,0.0,-0.0274894381207495,-0.0,-0.0359751097917282,-0.0,0.0164440130822178,0.0,0.0298958795022947,0.0,-0.0489238811333372,-0.0,-0.0088169128031019,-0.0,-0.0898429512681602,-0.0,-0.0387005625266141,-0.0,0.0048589025903797,0.0,chip_main
2025-05-04,high,-0.0074032230657679,0.0137679229098601,0.004058711048744,0.0699580356832454,0.0137679229098601,0.1050409413770196,0.0197854212178967,-0.0274894381207495,-0.0359751097917282,0.0164440130822178,0.0298958795022947,-0.0489238811333372,-0.0088169128031019,-0.0038594622364792,1,0,0.0137679229098601,0.0,0.1050409413770196,0.0,0.0197854212178967,0.0,-0.0274894381207495,-0.0,-0.0359751097917282,-0.0,0.0164440130822178,0.0,0.0298958795022947,0.0,-0.0489238811333372,-0.0,-0.0088169128031019,-0.0,0.0699580356832454,0.0,0.004058711048744,0.0,chip_main
2025-05-11,high,-0.0071004991820975,0.0336588283818208,-0.0303757646069389,0.0454742721964978,0.0336588283818208,0.0137679229098601,0.1050409413770196,0.0197854212178967,-0.0274894381207495,-0.0359751097917282,0.0164440130822178,0.0298958795022947,-0.0489238811333372,-0.0074032230657679,1,0,0.0336588283818208,0.0,0.0137679229098601,0.0,0.1050409413770196,0.0,0.0197854212178967,0.0,-0.0274894381207495,-0.0,-0.0359751097917282,-0.0,0.0164440130822178,0.0,0.0298958795022947,0.0,-0.0489238811333372,-0.0,0.0454742721964978,0.0,-0.0303757646069389,-0.0,chip_main
2025-05-18,high,-0.0102553867205142,0.0436888910885038,0.0118047845080857,0.129049771789532,0.0436888910885038,0.0336588283818208,0.0137679229098601,0.1050409413770196,0.0197854212178967,-0.0274894381207495,-0.0359751097917282,0.0164440130822178,0.0298958795022947,-0.0071004991820975,1,0,0.0436888910885038,0.0,0.0336588283818208,0.0,0.0137679229098601,0.0,0.1050409413770196,0.0,0.0197854212178967,0.0,-0.0274894381207495,-0.0,-0.0359751097917282,-0.0,0.0164440130822178,0.0,0.0298958795022947,0.0,0.129049771789532,0.0,0.0118047845080857,0.0,chip_main
2025-05-25,high,-0.0037548820693619,0.0203618825011595,-0.0138810655260943,0.0117411071374835,0.0203618825011595,0.0436888910885038,0.0336588283818208,0.0137679229098601,0.1050409413770196,0.0197854212178967,-0.0274894381207495,-0.0359751097917282,0.0164440130822178,-0.0102553867205142,1,0,0.0203618825011595,0.0,0.0436888910885038,0.0,0.0336588283818208,0.0,0.0137679229098601,0.0,0.1050409413770196,0.0,0.0197854212178967,0.0,-0.0274894381207495,-0.0,-0.0359751097917282,-0.0,0.0164440130822178,0.0,0.0117411071374835,0.0,-0.0138810655260943,-0.0,chip_main
2025-06-01,high,-0.0078052928204413,-0.0153010938519457,-0.0120214098825552,0.0221440042501281,-0.0153010938519457,0.0203618825011595,0.0436888910885038,0.0336588283818208,0.0137679229098601,0.1050409413770196,0.0197854212178967,-0.0274894381207495,-0.0359751097917282,-0.0037548820693619,1,0,-0.0153010938519457,-0.0,0.0203618825011595,0.0,0.0436888910885038,0.0,0.0336588283818208,0.0,0.0137679229098601,0.0,0.1050409413770196,0.0,0.0197854212178967,0.0,-0.0274894381207495,-0.0,-0.0359751097917282,-0.0,0.0221440042501281,0.0,-0.0120214098825552,-0.0,chip_main
2025-06-08,high,-0.0041265525388372,-0.0261309421581614,-5.8329534925682935e-05,0.0310227026767808,-0.0261309421581614,-0.0153010938519457,0.0203618825011595,0.0436888910885038,0.0336588283818208,0.0137679229098601,0.1050409413770196,0.0197854212178967,-0.0274894381207495,-0.0078052928204413,1,0,-0.0261309421581614,-0.0,-0.0153010938519457,-0.0,0.0203618825011595,0.0,0.0436888910885038,0.0,0.0336588283818208,0.0,0.0137679229098601,0.0,0.1050409413770196,0.0,0.0197854212178967,0.0,-0.0274894381207495,-0.0,0.0310227026767808,0.0,-5.8329534925682935e-05,-0.0,chip_main
2025-06-15,high,-0.0037072258947316,0.0238044773816206,-0.008631500027163,0.0200489528858023,0.0238044773816206,-0.0261309421581614,-0.0153010938519457,0.0203618825011595,0.0436888910885038,0.0336588283818208,0.0137679229098601,0.1050409413770196,0.0197854212178967,-0.0041265525388372,1,0,0.0238044773816206,0.0,-0.0261309421581614,-0.0,-0.0153010938519457,-0.0,0.0203618825011595,0.0,0.0436888910885038,0.0,0.0336588283818208,0.0,0.0137679229098601,0.0,0.1050409413770196,0.0,0.0197854212178967,0.0,0.0200489528858023,0.0,-0.008631500027163,-0.0,chip_main
2025-06-22,high,-0.0060264753461947,-0.0263153788466325,0.0083003823695113,0.0087812978977801,-0.0263153788466325,0.0238044773816206,-0.0261309421581614,-0.0153010938519457,0.0203618825011595,0.0436888910885038,0.0336588283818208,0.0137679229098601,0.1050409413770196,-0.0037072258947316,1,0,-0.0263153788466325,-0.0,0.0238044773816206,0.0,-0.0261309421581614,-0.0,-0.0153010938519457,-0.0,0.0203618825011595,0.0,0.0436888910885038,0.0,0.0336588283818208,0.0,0.0137679229098601,0.0,0.1050409413770196,0.0,0.0087812978977801,0.0,0.0083003823695113,0.0,chip_main
2025-07-20,high,-0.0008226386094115,0.0472094144153949,0.0102135071925486,0.0497911421614061,0.0472094144153949,0.0655528402704384,0.0097553365982818,0.0199698540942101,-0.0263153788466325,0.0238044773816206,-0.0261309421581614,-0.0153010938519457,0.0203618825011595,-0.0060264753461947,1,0,0.0472094144153949,0.0,0.0655528402704384,0.0,0.0097553365982818,0.0,0.0199698540942101,0.0,-0.0263153788466325,-0.0,0.0238044773816206,0.0,-0.0261309421581614,-0.0,-0.0153010938519457,-0.0,0.0203618825011595,0.0,0.0497911421614061,0.0,0.0102135071925486,0.0,chip_main
2025-07-27,high,-0.0081382283585458,-0.0054272587653976,-0.0036586153878488,0.0057955749527538,-0.0054272587653976,0.0472094144153949,0.0655528402704384,0.0097553365982818,0.0199698540942101,-0.0263153788466325,0.0238044773816206,-0.0261309421581614,-0.0153010938519457,-0.0008226386094115,1,0,-0.0054272587653976,-0.0,0.0472094144153949,0.0,0.0655528402704384,0.0,0.0097553365982818,0.0,0.0199698540942101,0.0,-0.0263153788466325,-0.0,0.0238044773816206,0.0,-0.0261309421581614,-0.0,-0.0153010938519457,-0.0,0.0057955749527538,0.0,-0.0036586153878488,-0.0,chip_main
2025-08-03,high,-0.0019721952317112,-0.0172198949752946,0.0066650995419106,0.030730495307413,-0.0172198949752946,-0.0054272587653976,0.0472094144153949,0.0655528402704384,0.0097553365982818,0.0199698540942101,-0.0263153788466325,0.0238044773816206,-0.0261309421581614,-0.0081382283585458,1,0,-0.0172198949752946,-0.0,-0.0054272587653976,-0.0,0.0472094144153949,0.0,0.0655528402704384,0.0,0.0097553365982818,0.0,0.0199698540942101,0.0,-0.0263153788466325,-0.0,0.0238044773816206,0.0,-0.0261309421581614,-0.0,0.030730495307413,0.0,0.0066650995419106,0.0,chip_main
2025-08-10,high,-0.0040308756013876,0.0033958111333447,-0.0020526921508841,0.02023545968893,0.0033958111333447,-0.0172198949752946,-0.0054272587653976,0.0472094144153949,0.0655528402704384,0.0097553365982818,0.0199698540942101,-0.0263153788466325,0.0238044773816206,-0.0019721952317112,1,0,0.0033958111333447,0.0,-0.0172198949752946,-0.0,-0.0054272587653976,-0.0,0.0472094144153949,0.0,0.0655528402704384,0.0,0.0097553365982818,0.0,0.0199698540942101,0.0,-0.0263153788466325,-0.0,0.0238044773816206,0.0,0.02023545968893,0.0,-0.0020526921508841,-0.0,chip_main
2025-08-17,high,0.0001173432789996,0.022744695735323,-0.0003448179398874,0.0090035182619612,0.022744695735323,0.0033958111333447,-0.0172198949752946,-0.0054272587653976,0.0472094144153949,0.0655528402704384,0.0097553365982818,0.0199698540942101,-0.0263153788466325,-0.0040308756013876,1,0,0.022744695735323,0.0,0.0033958111333447,0.0,-0.0172198949752946,-0.0,-0.0054272587653976,-0.0,0.0472094144153949,0.0,0.0655528402704384,0.0,0.0097553365982818,0.0,0.0199698540942101,0.0,-0.0263153788466325,-0.0,0.0090035182619612,0.0,-0.0003448179398874,-0.0,chip_main
2025-08-24,high,-0.0016438708396143,-0.036364343164351,0.0050964473265846,-0.0260103766233044,-0.036364343164351,0.022744695735323,0.0033958111333447,-0.0172198949752946,-0.0054272587653976,0.0472094144153949,0.0655528402704384,0.0097553365982818,0.0199698540942101,0.0001173432789996,1,0,-0.036364343164351,-0.0,0.022744695735323,0.0,0.0033958111333447,0.0,-0.0172198949752946,-0.0,-0.0054272587653976,-0.0,0.0472094144153949,0.0,0.0655528402704384,0.0,0.0097553365982818,0.0,0.0199698540942101,0.0,-0.0260103766233044,-0.0,0.0050964473265846,0.0,chip_main
2025-08-31,high,-0.0028206073852226,-0.038492375794501,-0.0028319956939633,0.0128946489721242,-0.038492375794501,-0.036364343164351,0.022744695735323,0.0033958111333447,-0.0172198949752946,-0.0054272587653976,0.0472094144153949,0.0655528402704384,0.0097553365982818,-0.0016438708396143,1,0,-0.038492375794501,-0.0,-0.036364343164351,-0.0,0.022744695735323,0.0,0.0033958111333447,0.0,-0.0172198949752946,-0.0,-0.0054272587653976,-0.0,0.0472094144153949,0.0,0.0655528402704384,0.0,0.0097553365982818,0.0,0.0128946489721242,0.0,-0.0028319956939633,-0.0,chip_main
2025-09-07,high,-0.0017586975931657,0.0050728600367051,0.0021604847226752,-0.0542267286216917,0.0050728600367051,-0.038492375794501,-0.036364343164351,0.022744695735323,0.0033958111333447,-0.0172198949752946,-0.0054272587653976,0.0472094144153949,0.0655528402704384,-0.0028206073852226,1,0,0.0050728600367051,0.0,-0.038492375794501,-0.0,-0.036364343164351,-0.0,0.022744695735323,0.0,0.0033958111333447,0.0,-0.0172198949752946,-0.0,-0.0054272587653976,-0.0,0.0472094144153949,0.0,0.0655528402704384,0.0,-0.0542267286216917,-0.0,0.0021604847226752,0.0,chip_main
2025-09-14,high,-0.0010886379496746,0.03239089067781,-0.0032901920026109,0.0245535066551383,0.03239089067781,0.0050728600367051,-0.038492375794501,-0.036364343164351,0.022744695735323,0.0033958111333447,-0.0172198949752946,-0.0054272587653976,0.0472094144153949,-0.0017586975931657,1,0,0.03239089067781,0.0,0.0050728600367051,0.0,-0.038492375794501,-0.0,-0.036364343164351,-0.0,0.022744695735323,0.0,0.0033958111333447,0.0,-0.0172198949752946,-0.0,-0.0054272587653976,-0.0,0.0472094144153949,0.0,0.0245535066551383,0.0,-0.0032901920026109,-0.0,chip_main
2025-09-21,high,-5.618341206526994e-05,0.0141465433649408,-0.0019409713857196,0.0052639819522584,0.0141465433649408,0.03239089067781,0.0050728600367051,-0.038492375794501,-0.036364343164351,0.022744695735323,0.0033958111333447,-0.0172198949752946,-0.0054272587653976,-0.0010886379496746,1,0,0.0141465433649408,0.0,0.03239089067781,0.0,0.0050728600367051,0.0,-0.038492375794501,-0.0,-0.036364343164351,-0.0,0.022744695735323,0.0,0.0033958111333447,0.0,-0.0172198949752946,-0.0,-0.0054272587653976,-0.0,0.0052639819522584,0.0,-0.0019409713857196,-0.0,chip_main
2025-09-28,high,-0.000599564032589,-0.0322120044107876,0.0098071780227524,0.0215540286581044,-0.0322120044107876,0.0141465433649408,0.03239089067781,0.0050728600367051,-0.038492375794501,-0.036364343164351,0.022744695735323,0.0033958111333447,-0.0172198949752946,-5.618341206526994e-05,1,0,-0.0322120044107876,-0.0,0.0141465433649408,0.0,0.03239089067781,0.0,0.0050728600367051,0.0,-0.038492375794501,-0.0,-0.036364343164351,-0.0,0.022744695735323,0.0,0.0033958111333447,0.0,-0.0172198949752946,-0.0,0.0215540286581044,0.0,0.0098071780227524,0.0,chip_main
2025-10-05,high,-0.0013062355358254,0.0716441604951256,0.0040941508040033,0.0408271292345112,0.0716441604951256,-0.0322120044107876,0.0141465433649408,0.03239089067781,0.0050728600367051,-0.038492375794501,-0.036364343164351,0.022744695735323,0.0033958111333447,-0.000599564032589,1,0,0.0716441604951256,0.0,-0.0322120044107876,-0.0,0.0141465433649408,0.0,0.03239089067781,0.0,0.0050728600367051,0.0,-0.038492375794501,-0.0,-0.036364343164351,-0.0,0.022744695735323,0.0,0.0033958111333447,0.0,0.0408271292345112,0.0,0.0040941508040033,0.0,chip_main
2025-10-12,high,-0.0010261418913521,0.0055570409023602,0.0079310301033608,0.0033948205814464,0.0055570409023602,0.0716441604951256,-0.0322120044107876,0.0141465433649408,0.03239089067781,0.0050728600367051,-0.038492375794501,-0.036364343164351,0.022744695735323,-0.0013062355358254,1,0,0.0055570409023602,0.0,0.0716441604951256,0.0,-0.0322120044107876,-0.0,0.0141465433649408,0.0,0.03239089067781,0.0,0.0050728600367051,0.0,-0.038492375794501,-0.0,-0.036364343164351,-0.0,0.022744695735323,0.0,0.0033948205814464,0.0,0.0079310301033608,0.0,chip_main
2025-10-19,high,0.0050103867127941,-0.0755263303703337,0.0064505614335113,-0.0240126417634165,-0.0755263303703337,0.0055570409023602,0.0716441604951256,-0.0322120044107876,0.0141465433649408,0.03239089067781,0.0050728600367051,-0.038492375794501,-0.036364343164351,-0.0010261418913521,1,0,-0.0755263303703337,-0.0,0.0055570409023602,0.0,0.0716441604951256,0.0,-0.0322120044107876,-0.0,0.0141465433649408,0.0,0.03239089067781,0.0,0.0050728600367051,0.0,-0.038492375794501,-0.0,-0.036364343164351,-0.0,-0.0240126417634165,-0.0,0.0064505614335113,0.0,chip_main
2025-10-26,high,0.0011086992823998,0.0134425332865646,0.0022581842501727,-0.0006980495096158,0.0134425332865646,-0.0755263303703337,0.0055570409023602,0.0716441604951256,-0.0322120044107876,0.0141465433649408,0.03239089067781,0.0050728600367051,-0.038492375794501,0.0050103867127941,1,0,0.0134425332865646,0.0,-0.0755263303703337,-0.0,0.0055570409023602,0.0,0.0716441604951256,0.0,-0.0322120044107876,-0.0,0.0141465433649408,0.0,0.03239089067781,0.0,0.0050728600367051,0.0,-0.038492375794501,-0.0,-0.0006980495096158,-0.0,0.0022581842501727,0.0,chip_main
2025-11-02,high,0.0025334295485411,-0.001811716167456,0.000771751001757,0.096223721479582,-0.001811716167456,0.0134425332865646,-0.0755263303703337,0.0055570409023602,0.0716441604951256,-0.0322120044107876,0.0141465433649408,0.03239089067781,0.0050728600367051,0.0011086992823998,1,0,-0.001811716167456,-0.0,0.0134425332865646,0.0,-0.0755263303703337,-0.0,0.0055570409023602,0.0,0.0716441604951256,0.0,-0.0322120044107876,-0.0,0.0141465433649408,0.0,0.03239089067781,0.0,0.0050728600367051,0.0,0.096223721479582,0.0,0.000771751001757,0.0,chip_main
2025-11-09,high,0.0078451242449248,-0.0563115455769072,0.005806631823745,-0.028497721490325,-0.0563115455769072,-0.001811716167456,0.0134425332865646,-0.0755263303703337,0.0055570409023602,0.0716441604951256,-0.0322120044107876,0.0141465433649408,0.03239089067781,0.0025334295485411,1,0,-0.0563115455769072,-0.0,-0.001811716167456,-0.0,0.0134425332865646,0.0,-0.0755263303703337,-0.0,0.0055570409023602,0.0,0.0716441604951256,0.0,-0.0322120044107876,-0.0,0.0141465433649408,0.0,0.03239089067781,0.0,-0.028497721490325,-0.0,0.005806631823745,0.0,chip_main
2025-11-16,high,0.0050485413868575,-0.0345212217962505,0.0169927155450935,-0.0139775837347322,-0.0345212217962505,-0.0563115455769072,-0.001811716167456,0.0134425332865646,-0.0755263303703337,0.0055570409023602,0.0716441604951256,-0.0322120044107876,0.0141465433649408,0.0078451242449248,1,0,-0.0345212217962505,-0.0,-0.0563115455769072,-0.0,-0.001811716167456,-0.0,0.0134425332865646,0.0,-0.0755263303703337,-0.0,0.0055570409023602,0.0,0.0716441604951256,0.0,-0.0322120044107876,-0.0,0.0141465433649408,0.0,-0.0139775837347322,-0.0,0.0169927155450935,0.0,chip_main
2025-11-23,high,-0.0057063291718762,-0.1071778177182594,-0.0003540580193082,-0.052193749191522,-0.1071778177182594,-0.0345212217962505,-0.0563115455769072,-0.001811716167456,0.0134425332865646,-0.0755263303703337,0.0055570409023602,0.0716441604951256,-0.0322120044107876,0.0050485413868575,1,0,-0.1071778177182594,-0.0,-0.0345212217962505,-0.0,-0.0563115455769072,-0.0,-0.001811716167456,-0.0,0.0134425332865646,0.0,-0.0755263303703337,-0.0,0.0055570409023602,0.0,0.0716441604951256,0.0,-0.0322120044107876,-0.0,-0.052193749191522,-0.0,-0.0003540580193082,-0.0,chip_main
2025-11-30,high,-0.001052620802921,0.0171511784751103,0.0048421210693554,-0.0186557321208393,0.0171511784751103,-0.1071778177182594,-0.0345212217962505,-0.0563115455769072,-0.001811716167456,0.0134425332865646,-0.0755263303703337,0.0055570409023602,0.0716441604951256,-0.0057063291718762,1,0,0.0171511784751103,0.0,-0.1071778177182594,-0.0,-0.0345212217962505,-0.0,-0.0563115455769072,-0.0,-0.001811716167456,-0.0,0.0134425332865646,0.0,-0.0755263303703337,-0.0,0.0055570409023602,0.0,0.0716441604951256,0.0,-0.0186557321208393,-0.0,0.0048421210693554,0.0,chip_main
2025-12-07,high,-0.0002833823404221,0.0064348011781767,0.000147582794522,0.0108441097286409,0.0064348011781767,0.0171511784751103,-0.1071778177182594,-0.0345212217962505,-0.0563115455769072,-0.001811716167456,0.0134425332865646,-0.0755263303703337,0.0055570409023602,-0.001052620802921,1,0,0.0064348011781767,0.0,0.0171511784751103,0.0,-0.1071778177182594,-0.0,-0.0345212217962505,-0.0,-0.0563115455769072,-0.0,-0.001811716167456,-0.0,0.0134425332865646,0.0,-0.0755263303703337,-0.0,0.0055570409023602,0.0,0.0108441097286409,0.0,0.000147582794522,0.0,chip_main
2025-12-14,high,-0.000762644367272,0.0071725055032452,0.0010333956223185,0.0036786656116278,0.0071725055032452,0.0064348011781767,0.0171511784751103,-0.1071778177182594,-0.0345212217962505,-0.0563115455769072,-0.001811716167456,0.0134425332865646,-0.0755263303703337,-0.0002833823404221,1,0,0.0071725055032452,0.0,0.0064348011781767,0.0,0.0171511784751103,0.0,-0.1071778177182594,-0.0,-0.0345212217962505,-0.0,-0.0563115455769072,-0.0,-0.001811716167456,-0.0,0.0134425332865646,0.0,-0.0755263303703337,-0.0,0.0036786656116278,0.0,0.0010333956223185,0.0,chip_main
2025-12-21,high,0.0005229647065171,-0.0397561868882512,0.0016783383894543,-0.0336628368992188,-0.0397561868882512,0.0071725055032452,0.0064348011781767,0.0171511784751103,-0.1071778177182594,-0.0345212217962505,-0.0563115455769072,-0.001811716167456,0.0134425332865646,-0.000762644367272,1,0,-0.0397561868882512,-0.0,0.0071725055032452,0.0,0.0064348011781767,0.0,0.0171511784751103,0.0,-0.1071778177182594,-0.0,-0.0345212217962505,-0.0,-0.0563115455769072,-0.0,-0.001811716167456,-0.0,0.0134425332865646,0.0,-0.0336628368992188,-0.0,0.0016783383894543,0.0,chip_main
2025-12-28,high,0.0033849059455572,-0.0090119081009447,-0.0021876193193568,0.0660087935314077,-0.0090119081009447,-0.0397561868882512,0.0071725055032452,0.0064348011781767,0.0171511784751103,-0.1071778177182594,-0.0345212217962505,-0.0563115455769072,-0.001811716167456,0.0005229647065171,1,0,-0.0090119081009447,-0.0,-0.0397561868882512,-0.0,0.0071725055032452,0.0,0.0064348011781767,0.0,0.0171511784751103,0.0,-0.1071778177182594,-0.0,-0.0345212217962505,-0.0,-0.0563115455769072,-0.0,-0.001811716167456,-0.0,0.0660087935314077,0.0,-0.0021876193193568,-0.0,chip_main
2026-01-04,high,0.0028868745849248,0.007358043232049,-0.020277702095087,-0.0011525414680413,0.007358043232049,-0.0090119081009447,-0.0397561868882512,0.0071725055032452,0.0064348011781767,0.0171511784751103,-0.1071778177182594,-0.0345212217962505,-0.0563115455769072,0.0033849059455572,1,0,0.007358043232049,0.0,-0.0090119081009447,-0.0,-0.0397561868882512,-0.0,0.0071725055032452,0.0,0.0064348011781767,0.0,0.0171511784751103,0.0,-0.1071778177182594,-0.0,-0.0345212217962505,-0.0,-0.0563115455769072,-0.0,-0.0011525414680413,-0.0,-0.020277702095087,-0.0,chip_main
2026-01-11,high,0.0081698811352432,0.0355168662132534,0.004192446829669,-0.004852804487907,0.0355168662132534,0.007358043232049,-0.0090119081009447,-0.0397561868882512,0.0071725055032452,0.0064348011781767,0.0171511784751103,-0.1071778177182594,-0.0345212217962505,0.0028868745849248,1,0,0.0355168662132534,0.0,0.007358043232049,0.0,-0.0090119081009447,-0.0,-0.0397561868882512,-0.0,0.0071725055032452,0.0,0.0064348011781767,0.0,0.0171511784751103,0.0,-0.1071778177182594,-0.0,-0.0345212217962505,-0.0,-0.004852804487907,-0.0,0.004192446829669,0.0,chip_main
2026-01-18,high,0.0388727591079962,0.0458962692496243,0.0134217053198453,-0.007721109231686,0.0458962692496243,0.0355168662132534,0.007358043232049,-0.0090119081009447,-0.0397561868882512,0.0071725055032452,0.0064348011781767,0.0171511784751103,-0.1071778177182594,0.0081698811352432,1,0,0.0458962692496243,0.0,0.0355168662132534,0.0,0.007358043232049,0.0,-0.0090119081009447,-0.0,-0.0397561868882512,-0.0,0.0071725055032452,0.0,0.0064348011781767,0.0,0.0171511784751103,0.0,-0.1071778177182594,-0.0,-0.007721109231686,-0.0,0.0134217053198453,0.0,chip_main
2026-01-25,high,0.0505677162532321,-0.0668182954928369,0.0032799002192831,-0.0107766602331462,-0.0668182954928369,0.0458962692496243,0.0355168662132534,0.007358043232049,-0.0090119081009447,-0.0397561868882512,0.0071725055032452,0.0064348011781767,0.0171511784751103,0.0388727591079962,1,0,-0.0668182954928369,-0.0,0.0458962692496243,0.0,0.0355168662132534,0.0,0.007358043232049,0.0,-0.0090119081009447,-0.0,-0.0397561868882512,-0.0,0.0071725055032452,0.0,0.0064348011781767,0.0,0.0171511784751103,0.0,-0.0107766602331462,-0.0,0.0032799002192831,0.0,chip_main
2026-02-01,high,0.047135542357873,-0.0704483743410051,-0.0237758532474421,0.0352173255506409,-0.0704483743410051,-0.0668182954928369,0.0458962692496243,0.0355168662132534,0.007358043232049,-0.0090119081009447,-0.0397561868882512,0.0071725055032452,0.0064348011781767,0.0505677162532321,1,0,-0.0704483743410051,-0.0,-0.0668182954928369,-0.0,0.0458962692496243,0.0,0.0355168662132534,0.0,0.007358043232049,0.0,-0.0090119081009447,-0.0,-0.0397561868882512,-0.0,0.0071725055032452,0.0,0.0064348011781767,0.0,0.0352173255506409,0.0,-0.0237758532474421,-0.0,chip_main
2026-02-08,high,0.0119833701891408,-0.1538003768060711,0.014171440609096,-0.0575128529796256,-0.1538003768060711,-0.0704483743410051,-0.0668182954928369,0.0458962692496243,0.0355168662132534,0.007358043232049,-0.0090119081009447,-0.0397561868882512,0.0071725055032452,0.047135542357873,1,0,-0.1538003768060711,-0.0,-0.0704483743410051,-0.0,-0.0668182954928369,-0.0,0.0458962692496243,0.0,0.0355168662132534,0.0,0.007358043232049,0.0,-0.0090119081009447,-0.0,-0.0397561868882512,-0.0,0.0071725055032452,0.0,-0.0575128529796256,-0.0,0.014171440609096,0.0,chip_main
2026-02-15,high,0.003418431978599,-0.049875634380438,-0.0023986750374609,0.045012514909688,-0.049875634380438,-0.1538003768060711,-0.0704483743410051,-0.0668182954928369,0.0458962692496243,0.0355168662132534,0.007358043232049,-0.0090119081009447,-0.0397561868882512,0.0119833701891408,1,0,-0.049875634380438,-0.0,-0.1538003768060711,-0.0,-0.0704483743410051,-0.0,-0.0668182954928369,-0.0,0.0458962692496243,0.0,0.0355168662132534,0.0,0.007358043232049,0.0,-0.0090119081009447,-0.0,-0.0397561868882512,-0.0,0.045012514909688,0.0,-0.0023986750374609,-0.0,chip_main
2026-02-22,high,-0.003393069804806,-0.0144671433327907,-0.0074128756162608,1.545434299554671e-05,-0.0144671433327907,-0.049875634380438,-0.1538003768060711,-0.0704483743410051,-0.0668182954928369,0.0458962692496243,0.0355168662132534,0.007358043232049,-0.0090119081009447,0.003418431978599,1,0,-0.0144671433327907,-0.0,-0.049875634380438,-0.0,-0.1538003768060711,-0.0,-0.0704483743410051,-0.0,-0.0668182954928369,-0.0,0.0458962692496243,0.0,0.0355168662132534,0.0,0.007358043232049,0.0,-0.0090119081009447,-0.0,1.545434299554671e-05,0.0,-0.0074128756162608,-0.0,chip_main
2026-03-01,high,0.0004329870962442,-0.0272142344734547,-0.0031687838167311,0.0033536499868498,-0.0272142344734547,-0.0144671433327907,-0.049875634380438,-0.1538003768060711,-0.0704483743410051,-0.0668182954928369,0.0458962692496243,0.0355168662132534,0.007358043232049,-0.003393069804806,1,0,-0.0272142344734547,-0.0,-0.0144671433327907,-0.0,-0.049875634380438,-0.0,-0.1538003768060711,-0.0,-0.0704483743410051,-0.0,-0.0668182954928369,-0.0,0.0458962692496243,0.0,0.0355168662132534,0.0,0.007358043232049,0.0,0.0033536499868498,0.0,-0.0031687838167311,-0.0,chip_main
2026-03-08,high,-0.0089799328280045,0.0668538830049527,0.0177696395237418,-0.037643701901266,0.0668538830049527,-0.0272142344734547,-0.0144671433327907,-0.049875634380438,-0.1538003768060711,-0.0704483743410051,-0.0668182954928369,0.0458962692496243,0.0355168662132534,0.0004329870962442,1,0,0.0668538830049527,0.0,-0.0272142344734547,-0.0,-0.0144671433327907,-0.0,-0.049875634380438,-0.0,-0.1538003768060711,-0.0,-0.0704483743410051,-0.0,-0.0668182954928369,-0.0,0.0458962692496243,0.0,0.0355168662132534,0.0,-0.037643701901266,-0.0,0.0177696395237418,0.0,chip_main
2026-03-15,high,-0.009132771400727,0.0313233387449294,0.0072707090787345,0.0111311052699436,0.0313233387449294,0.0668538830049527,-0.0272142344734547,-0.0144671433327907,-0.049875634380438,-0.1538003768060711,-0.0704483743410051,-0.0668182954928369,0.0458962692496243,-0.0089799328280045,1,0,0.0313233387449294,0.0,0.0668538830049527,0.0,-0.0272142344734547,-0.0,-0.0144671433327907,-0.0,-0.049875634380438,-0.0,-0.1538003768060711,-0.0,-0.0704483743410051,-0.0,-0.0668182954928369,-0.0,0.0458962692496243,0.0,0.0111311052699436,0.0,0.0072707090787345,0.0,chip_main
2026-03-22,high,-0.0024728916422866,0.0143440464751876,0.0139545709367183,-0.0222224279201119,0.0143440464751876,0.0313233387449294,0.0668538830049527,-0.0272142344734547,-0.0144671433327907,-0.049875634380438,-0.1538003768060711,-0.0704483743410051,-0.0668182954928369,-0.009132771400727,1,0,0.0143440464751876,0.0,0.0313233387449294,0.0,0.0668538830049527,0.0,-0.0272142344734547,-0.0,-0.0144671433327907,-0.0,-0.049875634380438,-0.0,-0.1538003768060711,-0.0,-0.0704483743410051,-0.0,-0.0668182954928369,-0.0,-0.0222224279201119,-0.0,0.0139545709367183,0.0,chip_main
2026-03-29,high,-0.0006108971600333,-0.0316186735962418,0.0034198655361867,-0.0323673685439773,-0.0316186735962418,0.0143440464751876,0.0313233387449294,0.0668538830049527,-0.0272142344734547,-0.0144671433327907,-0.049875634380438,-0.1538003768060711,-0.0704483743410051,-0.0024728916422866,1,0,-0.0316186735962418,-0.0,0.0143440464751876,0.0,0.0313233387449294,0.0,0.0668538830049527,0.0,-0.0272142344734547,-0.0,-0.0144671433327907,-0.0,-0.049875634380438,-0.0,-0.1538003768060711,-0.0,-0.0704483743410051,-0.0,-0.0323673685439773,-0.0,0.0034198655361867,0.0,chip_main
2024-03-10,low,0.0026347105436011,0.0665051516717909,-0.0051799591509471,0.0670450809528739,0.0665051516717909,,,,,,,,,,0,0,0.0,0.0,,,,,,,,,,,,,,,,,0.0,0.0,-0.0,-0.0,chip_main
2024-03-17,low,-0.0019315032580388,0.0401569606203544,-0.0103370278611638,0.009759894058547,0.0401569606203544,0.0665051516717909,,,,,,,,0.0026347105436011,0,0,0.0,0.0,0.0,0.0,,,,,,,,,,,,,,,0.0,0.0,-0.0,-0.0,chip_main
2024-03-24,low,0.0067863591002077,-0.0569468050812602,0.0142012250804377,0.0214300056756719,-0.0569468050812602,0.0401569606203544,0.0665051516717909,,,,,,,-0.0019315032580388,0,0,-0.0,-0.0,0.0,0.0,0.0,0.0,,,,,,,,,,,,,0.0,0.0,0.0,0.0,chip_main
2024-03-31,low,0.0036111992689454,0.0755508876923585,0.0086819629117096,0.0137228200376018,0.0755508876923585,-0.0569468050812602,0.0401569606203544,0.0665051516717909,,,,,,0.0067863591002077,0,0,0.0,0.0,-0.0,-0.0,0.0,0.0,0.0,0.0,,,,,,,,,,,0.0,0.0,0.0,0.0,chip_main
2024-04-07,low,0.0030225242013908,-0.028034704955079,0.0033224887569618,-0.0387390183926612,-0.028034704955079,0.0755508876923585,-0.0569468050812602,0.0401569606203544,0.0665051516717909,,,,,0.0036111992689454,0,0,-0.0,-0.0,0.0,0.0,-0.0,-0.0,0.0,0.0,0.0,0.0,,,,,,,,,-0.0,-0.0,0.0,0.0,chip_main
2024-04-14,low,-0.0016650990929861,0.0172796131203298,0.0054364912979831,-0.0099520319220074,0.0172796131203298,-0.028034704955079,0.0755508876923585,-0.0569468050812602,0.0401569606203544,0.0665051516717909,,,,0.0030225242013908,0,0,0.0,0.0,-0.0,-0.0,0.0,0.0,-0.0,-0.0,0.0,0.0,0.0,0.0,,,,,,,-0.0,-0.0,0.0,0.0,chip_main
2024-04-21,low,0.0011607548850704,-0.0611719552353982,0.018836552484017,-0.0476569439750518,-0.0611719552353982,0.0172796131203298,-0.028034704955079,0.0755508876923585,-0.0569468050812602,0.0401569606203544,0.0665051516717909,,,-0.0016650990929861,0,0,-0.0,-0.0,0.0,0.0,-0.0,-0.0,0.0,0.0,-0.0,-0.0,0.0,0.0,0.0,0.0,,,,,-0.0,-0.0,0.0,0.0,chip_main
2024-04-28,low,0.0001925874361103,0.0118979756416237,-0.0060397746201443,-0.0147693499312566,0.0118979756416237,-0.0611719552353982,0.0172796131203298,-0.028034704955079,0.0755508876923585,-0.0569468050812602,0.0401569606203544,0.0665051516717909,,0.0011607548850704,0,0,0.0,0.0,-0.0,-0.0,0.0,0.0,-0.0,-0.0,0.0,0.0,-0.0,-0.0,0.0,0.0,0.0,0.0,,,-0.0,-0.0,-0.0,-0.0,chip_main
2024-05-05,low,-0.0005381291617149,-0.0513084427149692,0.0007051897630061,0.0473699656050587,-0.0513084427149692,0.0118979756416237,-0.0611719552353982,0.0172796131203298,-0.028034704955079,0.0755508876923585,-0.0569468050812602,0.0401569606203544,0.0665051516717909,0.0001925874361103,0,0,-0.0,-0.0,0.0,0.0,-0.0,-0.0,0.0,0.0,-0.0,-0.0,0.0,0.0,-0.0,-0.0,0.0,0.0,0.0,0.0,0.0,0.0,0.0,0.0,chip_main
2024-05-12,low,0.0018499775499492,-0.0013754683318119,-0.0123640334863042,0.0452957657756458,-0.0013754683318119,-0.0513084427149692,0.0118979756416237,-0.0611719552353982,0.0172796131203298,-0.028034704955079,0.0755508876923585,-0.0569468050812602,0.0401569606203544,-0.0005381291617149,0,0,-0.0,-0.0,-0.0,-0.0,0.0,0.0,-0.0,-0.0,0.0,0.0,-0.0,-0.0,0.0,0.0,-0.0,-0.0,0.0,0.0,0.0,0.0,-0.0,-0.0,chip_main
2024-05-19,low,-0.0001418185282267,0.0461135501063978,0.0005460849178717,0.0250369591982257,0.0461135501063978,-0.0013754683318119,-0.0513084427149692,0.0118979756416237,-0.0611719552353982,0.0172796131203298,-0.028034704955079,0.0755508876923585,-0.0569468050812602,0.0018499775499492,0,0,0.0,0.0,-0.0,-0.0,-0.0,-0.0,0.0,0.0,-0.0,-0.0,0.0,0.0,-0.0,-0.0,0.0,0.0,-0.0,-0.0,0.0,0.0,0.0,0.0,chip_main
2024-05-26,low,-0.0006364510748798,0.0686495804135489,0.0021159260128156,0.0660181433449045,0.0686495804135489,0.0461135501063978,-0.0013754683318119,-0.0513084427149692,0.0118979756416237,-0.0611719552353982,0.0172796131203298,-0.028034704955079,0.0755508876923585,-0.0001418185282267,0,0,0.0,0.0,0.0,0.0,-0.0,-0.0,-0.0,-0.0,0.0,0.0,-0.0,-0.0,0.0,0.0,-0.0,-0.0,0.0,0.0,0.0,0.0,0.0,0.0,chip_main
2024-06-02,low,-0.0011941768019945,-0.010917812308282,0.0036881155703794,0.1255929760953567,-0.010917812308282,0.0686495804135489,0.0461135501063978,-0.0013754683318119,-0.0513084427149692,0.0118979756416237,-0.0611719552353982,0.0172796131203298,-0.028034704955079,-0.0006364510748798,0,0,-0.0,-0.0,0.0,0.0,0.0,0.0,-0.0,-0.0,-0.0,-0.0,0.0,0.0,-0.0,-0.0,0.0,0.0,-0.0,-0.0,0.0,0.0,0.0,0.0,chip_main
2024-06-09,low,-0.0021389913377435,0.0266188741577551,0.0036540693502828,0.0598852585744715,0.0266188741577551,-0.010917812308282,0.0686495804135489,0.0461135501063978,-0.0013754683318119,-0.0513084427149692,0.0118979756416237,-0.0611719552353982,0.0172796131203298,-0.0011941768019945,0,0,0.0,0.0,-0.0,-0.0,0.0,0.0,0.0,0.0,-0.0,-0.0,-0.0,-0.0,0.0,0.0,-0.0,-0.0,0.0,0.0,0.0,0.0,0.0,0.0,chip_main
2024-06-16,low,-8.590953235940383e-05,-0.0362491072510273,0.0020331297318341,0.0546931927071829,-0.0362491072510273,0.0266188741577551,-0.010917812308282,0.0686495804135489,0.0461135501063978,-0.0013754683318119,-0.0513084427149692,0.0118979756416237,-0.0611719552353982,-0.0021389913377435,0,0,-0.0,-0.0,0.0,0.0,-0.0,-0.0,0.0,0.0,0.0,0.0,-0.0,-0.0,-0.0,-0.0,0.0,0.0,-0.0,-0.0,0.0,0.0,0.0,0.0,chip_main
2024-06-23,low,0.0038461543290208,-0.0330116898989452,0.0055666871256603,0.0400101372321159,-0.0330116898989452,-0.0362491072510273,0.0266188741577551,-0.010917812308282,0.0686495804135489,0.0461135501063978,-0.0013754683318119,-0.0513084427149692,0.0118979756416237,-8.590953235940383e-05,0,0,-0.0,-0.0,-0.0,-0.0,0.0,0.0,-0.0,-0.0,0.0,0.0,0.0,0.0,-0.0,-0.0,-0.0,-0.0,0.0,0.0,0.0,0.0,0.0,0.0,chip_main
2024-06-30,low,0.0004016268866228,-0.0555696556243319,0.0047376984715796,-0.0577636982531899,-0.0555696556243319,-0.0330116898989452,-0.0362491072510273,0.0266188741577551,-0.010917812308282,0.0686495804135489,0.0461135501063978,-0.0013754683318119,-0.0513084427149692,0.0038461543290208,0,0,-0.0,-0.0,-0.0,-0.0,-0.0,-0.0,0.0,0.0,-0.0,-0.0,0.0,0.0,0.0,0.0,-0.0,-0.0,-0.0,-0.0,-0.0,-0.0,0.0,0.0,chip_main
2024-07-07,low,-0.002408854835338,-0.0410669813095161,-0.0046995430741088,0.013369771145518,-0.0410669813095161,-0.0555696556243319,-0.0330116898989452,-0.0362491072510273,0.0266188741577551,-0.010917812308282,0.0686495804135489,0.0461135501063978,-0.0013754683318119,0.0004016268866228,0,0,-0.0,-0.0,-0.0,-0.0,-0.0,-0.0,-0.0,-0.0,0.0,0.0,-0.0,-0.0,0.0,0.0,0.0,0.0,-0.0,-0.0,0.0,0.0,-0.0,-0.0,chip_main
2024-07-14,low,0.0018120687831508,-0.0142703479999255,-0.0024883612665496,0.0387235555754088,-0.0142703479999255,-0.0410669813095161,-0.0555696556243319,-0.0330116898989452,-0.0362491072510273,0.0266188741577551,-0.010917812308282,0.0686495804135489,0.0461135501063978,-0.002408854835338,0,0,-0.0,-0.0,-0.0,-0.0,-0.0,-0.0,-0.0,-0.0,-0.0,-0.0,0.0,0.0,-0.0,-0.0,0.0,0.0,0.0,0.0,0.0,0.0,-0.0,-0.0,chip_main
2024-07-21,low,0.0051470434739054,0.1265158981861844,0.0012086102210622,-0.0626948935936528,0.1265158981861844,-0.0142703479999255,-0.0410669813095161,-0.0555696556243319,-0.0330116898989452,-0.0362491072510273,0.0266188741577551,-0.010917812308282,0.0686495804135489,0.0018120687831508,0,0,0.0,0.0,-0.0,-0.0,-0.0,-0.0,-0.0,-0.0,-0.0,-0.0,-0.0,-0.0,0.0,0.0,-0.0,-0.0,0.0,0.0,-0.0,-0.0,0.0,0.0,chip_main
2024-07-28,low,0.0012216167534931,0.0176335745640834,0.0029280727201124,-0.0438215995218671,0.0176335745640834,0.1265158981861844,-0.0142703479999255,-0.0410669813095161,-0.0555696556243319,-0.0330116898989452,-0.0362491072510273,0.0266188741577551,-0.010917812308282,0.0051470434739054,0,0,0.0,0.0,0.0,0.0,-0.0,-0.0,-0.0,-0.0,-0.0,-0.0,-0.0,-0.0,-0.0,-0.0,0.0,0.0,-0.0,-0.0,-0.0,-0.0,0.0,0.0,chip_main
2024-08-04,low,0.002647456449715,-0.0687766374006173,-0.0059082951098963,-0.0650249637229656,-0.0687766374006173,0.0176335745640834,0.1265158981861844,-0.0142703479999255,-0.0410669813095161,-0.0555696556243319,-0.0330116898989452,-0.0362491072510273,0.0266188741577551,0.0012216167534931,0,0,-0.0,-0.0,0.0,0.0,0.0,0.0,-0.0,-0.0,-0.0,-0.0,-0.0,-0.0,-0.0,-0.0,-0.0,-0.0,0.0,0.0,-0.0,-0.0,-0.0,-0.0,chip_main
2024-08-11,low,-0.0007609582579282,-0.0836901213506138,-0.0058073578438992,-0.0663350971682019,-0.0836901213506138,-0.0687766374006173,0.0176335745640834,0.1265158981861844,-0.0142703479999255,-0.0410669813095161,-0.0555696556243319,-0.0330116898989452,-0.0362491072510273,0.002647456449715,0,0,-0.0,-0.0,-0.0,-0.0,0.0,0.0,0.0,0.0,-0.0,-0.0,-0.0,-0.0,-0.0,-0.0,-0.0,-0.0,-0.0,-0.0,-0.0,-0.0,-0.0,-0.0,chip_main
2024-08-18,low,0.0002803409119578,0.006822322947773,-0.0042698572661006,0.1395540321672008,0.006822322947773,-0.0836901213506138,-0.0687766374006173,0.0176335745640834,0.1265158981861844,-0.0142703479999255,-0.0410669813095161,-0.0555696556243319,-0.0330116898989452,-0.0007609582579282,0,0,0.0,0.0,-0.0,-0.0,-0.0,-0.0,0.0,0.0,0.0,0.0,-0.0,-0.0,-0.0,-0.0,-0.0,-0.0,-0.0,-0.0,0.0,0.0,-0.0,-0.0,chip_main
2024-08-25,low,0.0032615615836461,0.0251732607552135,-0.0198891136060641,0.0793584371728437,0.0251732607552135,0.006822322947773,-0.0836901213506138,-0.0687766374006173,0.0176335745640834,0.1265158981861844,-0.0142703479999255,-0.0410669813095161,-0.0555696556243319,0.0002803409119578,0,0,0.0,0.0,0.0,0.0,-0.0,-0.0,-0.0,-0.0,0.0,0.0,0.0,0.0,-0.0,-0.0,-0.0,-0.0,-0.0,-0.0,0.0,0.0,-0.0,-0.0,chip_main
2024-09-01,low,-0.0024722160546795,-0.0356453117592288,-0.0051214411203828,-0.0347129769763085,-0.0356453117592288,0.0251732607552135,0.006822322947773,-0.0836901213506138,-0.0687766374006173,0.0176335745640834,0.1265158981861844,-0.0142703479999255,-0.0410669813095161,0.0032615615836461,0,0,-0.0,-0.0,0.0,0.0,0.0,0.0,-0.0,-0.0,-0.0,-0.0,0.0,0.0,0.0,0.0,-0.0,-0.0,-0.0,-0.0,-0.0,-0.0,-0.0,-0.0,chip_main
2024-09-08,low,0.0019959026743786,-0.0537272286200334,0.0047897711799551,-0.1515281043384728,-0.0537272286200334,-0.0356453117592288,0.0251732607552135,0.006822322947773,-0.0836901213506138,-0.0687766374006173,0.0176335745640834,0.1265158981861844,-0.0142703479999255,-0.0024722160546795,0,0,-0.0,-0.0,-0.0,-0.0,0.0,0.0,0.0,0.0,-0.0,-0.0,-0.0,-0.0,0.0,0.0,0.0,0.0,-0.0,-0.0,-0.0,-0.0,0.0,0.0,chip_main
2024-09-15,low,0.0006507208244209,0.0399645800118513,0.0028287367178547,0.0706975217517733,0.0399645800118513,-0.0537272286200334,-0.0356453117592288,0.0251732607552135,0.006822322947773,-0.0836901213506138,-0.0687766374006173,0.0176335745640834,0.1265158981861844,0.0019959026743786,0,0,0.0,0.0,-0.0,-0.0,-0.0,-0.0,0.0,0.0,0.0,0.0,-0.0,-0.0,-0.0,-0.0,0.0,0.0,0.0,0.0,0.0,0.0,0.0,0.0,chip_main
2024-09-22,low,0.0059786377276984,0.048899243263051,-0.0113892139102658,0.018368039096944,0.048899243263051,0.0399645800118513,-0.0537272286200334,-0.0356453117592288,0.0251732607552135,0.006822322947773,-0.0836901213506138,-0.0687766374006173,0.0176335745640834,0.0006507208244209,0,0,0.0,0.0,0.0,0.0,-0.0,-0.0,-0.0,-0.0,0.0,0.0,0.0,0.0,-0.0,-0.0,-0.0,-0.0,0.0,0.0,0.0,0.0,-0.0,-0.0,chip_main
2024-09-29,low,-0.0026576833256892,0.0397115795300244,0.0025410075728213,0.0444782394093152,0.0397115795300244,0.048899243263051,0.0399645800118513,-0.0537272286200334,-0.0356453117592288,0.0251732607552135,0.006822322947773,-0.0836901213506138,-0.0687766374006173,0.0059786377276984,0,0,0.0,0.0,0.0,0.0,0.0,0.0,-0.0,-0.0,-0.0,-0.0,0.0,0.0,0.0,0.0,-0.0,-0.0,-0.0,-0.0,0.0,0.0,0.0,0.0,chip_main
2024-10-06,low,-0.0008494807394811,-0.0357942264543424,-0.0046006356278596,-0.0016935679830254,-0.0357942264543424,0.0397115795300244,0.048899243263051,0.0399645800118513,-0.0537272286200334,-0.0356453117592288,0.0251732607552135,0.006822322947773,-0.0836901213506138,-0.0026576833256892,0,0,-0.0,-0.0,0.0,0.0,0.0,0.0,0.0,0.0,-0.0,-0.0,-0.0,-0.0,0.0,0.0,0.0,0.0,-0.0,-0.0,-0.0,-0.0,-0.0,-0.0,chip_main
2024-10-13,low,-0.002211430498814,0.0116335308128299,0.0171846118129623,0.0913281414747668,0.0116335308128299,-0.0357942264543424,0.0397115795300244,0.048899243263051,0.0399645800118513,-0.0537272286200334,-0.0356453117592288,0.0251732607552135,0.006822322947773,-0.0008494807394811,0,0,0.0,0.0,-0.0,-0.0,0.0,0.0,0.0,0.0,0.0,0.0,-0.0,-0.0,-0.0,-0.0,0.0,0.0,0.0,0.0,0.0,0.0,0.0,0.0,chip_main
2024-10-20,low,0.0030246318468902,0.1034553031643703,0.0119226769403439,0.0260221247294669,0.1034553031643703,0.0116335308128299,-0.0357942264543424,0.0397115795300244,0.048899243263051,0.0399645800118513,-0.0537272286200334,-0.0356453117592288,0.0251732607552135,-0.002211430498814,0,0,0.0,0.0,0.0,0.0,-0.0,-0.0,0.0,0.0,0.0,0.0,0.0,0.0,-0.0,-0.0,-0.0,-0.0,0.0,0.0,0.0,0.0,0.0,0.0,chip_main
2024-10-27,low,-0.0022934177775798,0.0050535153150264,0.0106519885786431,0.0411115485845634,0.0050535153150264,0.1034553031643703,0.0116335308128299,-0.0357942264543424,0.0397115795300244,0.048899243263051,0.0399645800118513,-0.0537272286200334,-0.0356453117592288,0.0030246318468902,0,0,0.0,0.0,0.0,0.0,0.0,0.0,-0.0,-0.0,0.0,0.0,0.0,0.0,0.0,0.0,-0.0,-0.0,-0.0,-0.0,0.0,0.0,0.0,0.0,chip_main
2024-11-03,low,-0.0040111173694038,0.0432470721497075,0.0041340606276918,-0.0281656937875887,0.0432470721497075,0.0050535153150264,0.1034553031643703,0.0116335308128299,-0.0357942264543424,0.0397115795300244,0.048899243263051,0.0399645800118513,-0.0537272286200334,-0.0022934177775798,0,0,0.0,0.0,0.0,0.0,0.0,0.0,0.0,0.0,-0.0,-0.0,0.0,0.0,0.0,0.0,0.0,0.0,-0.0,-0.0,-0.0,-0.0,0.0,0.0,chip_main
2024-11-10,low,0.0030989176148647,0.0646987969477272,-0.0003432757184542,0.0406458223432713,0.0646987969477272,0.0432470721497075,0.0050535153150264,0.1034553031643703,0.0116335308128299,-0.0357942264543424,0.0397115795300244,0.048899243263051,0.0399645800118513,-0.0040111173694038,0,0,0.0,0.0,0.0,0.0,0.0,0.0,0.0,0.0,0.0,0.0,-0.0,-0.0,0.0,0.0,0.0,0.0,0.0,0.0,0.0,0.0,-0.0,-0.0,chip_main
2024-11-17,low,0.000151655559204,0.1897681283424255,0.014715443263273,0.0149660107367672,0.1897681283424255,0.0646987969477272,0.0432470721497075,0.0050535153150264,0.1034553031643703,0.0116335308128299,-0.0357942264543424,0.0397115795300244,0.048899243263051,0.0030989176148647,0,0,0.0,0.0,0.0,0.0,0.0,0.0,0.0,0.0,0.0,0.0,0.0,0.0,-0.0,-0.0,0.0,0.0,0.0,0.0,0.0,0.0,0.0,0.0,chip_main
2024-11-24,low,0.0046705663719001,0.0677434983068003,-0.0044365517431002,-0.0095814275133845,0.0677434983068003,0.1897681283424255,0.0646987969477272,0.0432470721497075,0.0050535153150264,0.1034553031643703,0.0116335308128299,-0.0357942264543424,0.0397115795300244,0.000151655559204,0,0,0.0,0.0,0.0,0.0,0.0,0.0,0.0,0.0,0.0,0.0,0.0,0.0,0.0,0.0,-0.0,-0.0,0.0,0.0,-0.0,-0.0,-0.0,-0.0,chip_main
2024-12-01,low,0.0011881655420953,-0.0071312245327597,0.0004102810382518,-0.054682200851893,-0.0071312245327597,0.0677434983068003,0.1897681283424255,0.0646987969477272,0.0432470721497075,0.0050535153150264,0.1034553031643703,0.0116335308128299,-0.0357942264543424,0.0046705663719001,0,0,-0.0,-0.0,0.0,0.0,0.0,0.0,0.0,0.0,0.0,0.0,0.0,0.0,0.0,0.0,0.0,0.0,-0.0,-0.0,-0.0,-0.0,0.0,0.0,chip_main
2024-12-08,low,-0.0006592110595565,0.0462672790698128,0.0067518681739908,0.040579165665501,0.0462672790698128,-0.0071312245327597,0.0677434983068003,0.1897681283424255,0.0646987969477272,0.0432470721497075,0.0050535153150264,0.1034553031643703,0.0116335308128299,0.0011881655420953,0,0,0.0,0.0,-0.0,-0.0,0.0,0.0,0.0,0.0,0.0,0.0,0.0,0.0,0.0,0.0,0.0,0.0,0.0,0.0,0.0,0.0,0.0,0.0,chip_main
2024-12-15,low,0.0116343971233989,0.0307560313734285,0.0167221897479565,-0.0382205913657927,0.0307560313734285,0.0462672790698128,-0.0071312245327597,0.0677434983068003,0.1897681283424255,0.0646987969477272,0.0432470721497075,0.0050535153150264,0.1034553031643703,-0.0006592110595565,0,0,0.0,0.0,0.0,0.0,-0.0,-0.0,0.0,0.0,0.0,0.0,0.0,0.0,0.0,0.0,0.0,0.0,0.0,0.0,-0.0,-0.0,0.0,0.0,chip_main
2024-12-22,low,0.000360373422632,0.0038157699591856,0.0068827691031714,-0.0419032359274469,0.0038157699591856,0.0307560313734285,0.0462672790698128,-0.0071312245327597,0.0677434983068003,0.1897681283424255,0.0646987969477272,0.0432470721497075,0.0050535153150264,0.0116343971233989,0,0,0.0,0.0,0.0,0.0,0.0,0.0,-0.0,-0.0,0.0,0.0,0.0,0.0,0.0,0.0,0.0,0.0,0.0,0.0,-0.0,-0.0,0.0,0.0,chip_main
2024-12-29,low,0.0020063660292923,-0.0267282623878237,0.0103649745106926,0.058273274908565,-0.0267282623878237,0.0038157699591856,0.0307560313734285,0.0462672790698128,-0.0071312245327597,0.0677434983068003,0.1897681283424255,0.0646987969477272,0.0432470721497075,0.000360373422632,0,0,-0.0,-0.0,0.0,0.0,0.0,0.0,0.0,0.0,-0.0,-0.0,0.0,0.0,0.0,0.0,0.0,0.0,0.0,0.0,0.0,0.0,0.0,0.0,chip_main
2025-01-05,low,0.0017312945846965,0.0050274225344075,0.0124029641616356,-0.0043922991029869,0.0050274225344075,-0.0267282623878237,0.0038157699591856,0.0307560313734285,0.0462672790698128,-0.0071312245327597,0.0677434983068003,0.1897681283424255,0.0646987969477272,0.0020063660292923,0,0,0.0,0.0,-0.0,-0.0,0.0,0.0,0.0,0.0,0.0,0.0,-0.0,-0.0,0.0,0.0,0.0,0.0,0.0,0.0,-0.0,-0.0,0.0,0.0,chip_main
2025-01-12,low,0.0058796483008652,-0.0068580297478497,-0.0091032932509191,0.0194421377172906,-0.0068580297478497,0.0050274225344075,-0.0267282623878237,0.0038157699591856,0.0307560313734285,0.0462672790698128,-0.0071312245327597,0.0677434983068003,0.1897681283424255,0.0017312945846965,0,0,-0.0,-0.0,0.0,0.0,-0.0,-0.0,0.0,0.0,0.0,0.0,0.0,0.0,-0.0,-0.0,0.0,0.0,0.0,0.0,0.0,0.0,-0.0,-0.0,chip_main
2025-01-19,low,0.0022679401261212,0.0414024115023998,-0.0011156350561654,-0.049522074438558,0.0414024115023998,-0.0068580297478497,0.0050274225344075,-0.0267282623878237,0.0038157699591856,0.0307560313734285,0.0462672790698128,-0.0071312245327597,0.0677434983068003,0.0058796483008652,0,0,0.0,0.0,-0.0,-0.0,0.0,0.0,-0.0,-0.0,0.0,0.0,0.0,0.0,0.0,0.0,-0.0,-0.0,0.0,0.0,-0.0,-0.0,-0.0,-0.0,chip_main
2025-01-26,low,0.0088656996252175,0.0203205768237566,-0.0131484804229877,0.0711929243165299,0.0203205768237566,0.0414024115023998,-0.0068580297478497,0.0050274225344075,-0.0267282623878237,0.0038157699591856,0.0307560313734285,0.0462672790698128,-0.0071312245327597,0.0022679401261212,0,0,0.0,0.0,0.0,0.0,-0.0,-0.0,0.0,0.0,-0.0,-0.0,0.0,0.0,0.0,0.0,0.0,0.0,-0.0,-0.0,0.0,0.0,-0.0,-0.0,chip_main
2025-02-02,low,-0.0059859720842041,-0.011270472861252,-0.0018343645045177,-0.1595602079695544,-0.011270472861252,0.0203205768237566,0.0414024115023998,-0.0068580297478497,0.0050274225344075,-0.0267282623878237,0.0038157699591856,0.0307560313734285,0.0462672790698128,0.0088656996252175,0,0,-0.0,-0.0,0.0,0.0,0.0,0.0,-0.0,-0.0,0.0,0.0,-0.0,-0.0,0.0,0.0,0.0,0.0,0.0,0.0,-0.0,-0.0,-0.0,-0.0,chip_main
2025-02-09,low,-0.0003550147108569,-0.0409746480380235,0.0108623049869702,0.0041218770943363,-0.0409746480380235,-0.011270472861252,0.0203205768237566,0.0414024115023998,-0.0068580297478497,0.0050274225344075,-0.0267282623878237,0.0038157699591856,0.0307560313734285,-0.0059859720842041,0,0,-0.0,-0.0,-0.0,-0.0,0.0,0.0,0.0,0.0,-0.0,-0.0,0.0,0.0,-0.0,-0.0,0.0,0.0,0.0,0.0,0.0,0.0,0.0,0.0,chip_main
2025-02-16,low,0.0012689928229232,-0.0091607328626679,-0.0009050218242947,0.0829048353265946,-0.0091607328626679,-0.0409746480380235,-0.011270472861252,0.0203205768237566,0.0414024115023998,-0.0068580297478497,0.0050274225344075,-0.0267282623878237,0.0038157699591856,-0.0003550147108569,0,0,-0.0,-0.0,-0.0,-0.0,-0.0,-0.0,0.0,0.0,0.0,0.0,-0.0,-0.0,0.0,0.0,-0.0,-0.0,0.0,0.0,0.0,0.0,-0.0,-0.0,chip_main
2025-02-23,low,0.0140641063020916,-0.0109043615146369,-0.0082837942506914,0.0291265260613,-0.0109043615146369,-0.0091607328626679,-0.0409746480380235,-0.011270472861252,0.0203205768237566,0.0414024115023998,-0.0068580297478497,0.0050274225344075,-0.0267282623878237,0.0012689928229232,0,0,-0.0,-0.0,-0.0,-0.0,-0.0,-0.0,-0.0,-0.0,0.0,0.0,0.0,0.0,-0.0,-0.0,0.0,0.0,-0.0,-0.0,0.0,0.0,-0.0,-0.0,chip_main
2025-03-02,low,0.0021624053703031,-0.0898429512681602,-0.001253522975638,-0.0882960609908058,-0.0898429512681602,-0.0109043615146369,-0.0091607328626679,-0.0409746480380235,-0.011270472861252,0.0203205768237566,0.0414024115023998,-0.0068580297478497,0.0050274225344075,0.0140641063020916,0,0,-0.0,-0.0,-0.0,-0.0,-0.0,-0.0,-0.0,-0.0,-0.0,-0.0,0.0,0.0,0.0,0.0,-0.0,-0.0,0.0,0.0,-0.0,-0.0,-0.0,-0.0,chip_main
2025-03-09,low,-0.0021291447511876,-0.0088169128031019,0.0115567830399703,-0.1038899002100492,-0.0088169128031019,-0.0898429512681602,-0.0109043615146369,-0.0091607328626679,-0.0409746480380235,-0.011270472861252,0.0203205768237566,0.0414024115023998,-0.0068580297478497,0.0021624053703031,0,0,-0.0,-0.0,-0.0,-0.0,-0.0,-0.0,-0.0,-0.0,-0.0,-0.0,-0.0,-0.0,0.0,0.0,0.0,0.0,-0.0,-0.0,-0.0,-0.0,0.0,0.0,chip_main
2025-03-16,low,0.0016988734751254,-0.0489238811333372,-0.0005197196980688,-0.0041139515743138,-0.0489238811333372,-0.0088169128031019,-0.0898429512681602,-0.0109043615146369,-0.0091607328626679,-0.0409746480380235,-0.011270472861252,0.0203205768237566,0.0414024115023998,-0.0021291447511876,0,0,-0.0,-0.0,-0.0,-0.0,-0.0,-0.0,-0.0,-0.0,-0.0,-0.0,-0.0,-0.0,-0.0,-0.0,0.0,0.0,0.0,0.0,-0.0,-0.0,-0.0,-0.0,chip_main
2025-03-23,low,0.0026587951911636,0.0298958795022947,-0.000923419826444,0.0355843758943503,0.0298958795022947,-0.0489238811333372,-0.0088169128031019,-0.0898429512681602,-0.0109043615146369,-0.0091607328626679,-0.0409746480380235,-0.011270472861252,0.0203205768237566,0.0016988734751254,0,0,0.0,0.0,-0.0,-0.0,-0.0,-0.0,-0.0,-0.0,-0.0,-0.0,-0.0,-0.0,-0.0,-0.0,-0.0,-0.0,0.0,0.0,0.0,0.0,-0.0,-0.0,chip_main
2025-03-30,low,0.0085088943056605,0.0164440130822178,0.0097645435324951,-0.0209566479834153,0.0164440130822178,0.0298958795022947,-0.0489238811333372,-0.0088169128031019,-0.0898429512681602,-0.0109043615146369,-0.0091607328626679,-0.0409746480380235,-0.011270472861252,0.0026587951911636,0,0,0.0,0.0,0.0,0.0,-0.0,-0.0,-0.0,-0.0,-0.0,-0.0,-0.0,-0.0,-0.0,-0.0,-0.0,-0.0,-0.0,-0.0,-0.0,-0.0,0.0,0.0,chip_main
2025-04-06,low,0.0010752607533219,-0.0359751097917282,0.0009903847804366,-0.0951973327257498,-0.0359751097917282,0.0164440130822178,0.0298958795022947,-0.0489238811333372,-0.0088169128031019,-0.0898429512681602,-0.0109043615146369,-0.0091607328626679,-0.0409746480380235,0.0085088943056605,0,0,-0.0,-0.0,0.0,0.0,0.0,0.0,-0.0,-0.0,-0.0,-0.0,-0.0,-0.0,-0.0,-0.0,-0.0,-0.0,-0.0,-0.0,-0.0,-0.0,0.0,0.0,chip_main
2025-04-13,low,-0.0067972444115537,-0.0274894381207495,-0.0024234498029418,0.0027020897879888,-0.0274894381207495,-0.0359751097917282,0.0164440130822178,0.0298958795022947,-0.0489238811333372,-0.0088169128031019,-0.0898429512681602,-0.0109043615146369,-0.0091607328626679,0.0010752607533219,0,0,-0.0,-0.0,-0.0,-0.0,0.0,0.0,0.0,0.0,-0.0,-0.0,-0.0,-0.0,-0.0,-0.0,-0.0,-0.0,-0.0,-0.0,0.0,0.0,-0.0,-0.0,chip_main
2025-04-20,low,0.0107833837996884,0.0197854212178967,-0.0292331770780824,0.0190850352333367,0.0197854212178967,-0.0274894381207495,-0.0359751097917282,0.0164440130822178,0.0298958795022947,-0.0489238811333372,-0.0088169128031019,-0.0898429512681602,-0.0109043615146369,-0.0067972444115537,0,0,0.0,0.0,-0.0,-0.0,-0.0,-0.0,0.0,0.0,0.0,0.0,-0.0,-0.0,-0.0,-0.0,-0.0,-0.0,-0.0,-0.0,0.0,0.0,-0.0,-0.0,chip_main
2025-04-27,low,0.0007072639081779,0.1050409413770196,0.0048589025903797,-0.0387005625266141,0.1050409413770196,0.0197854212178967,-0.0274894381207495,-0.0359751097917282,0.0164440130822178,0.0298958795022947,-0.0489238811333372,-0.0088169128031019,-0.0898429512681602,0.0107833837996884,0,0,0.0,0.0,0.0,0.0,-0.0,-0.0,-0.0,-0.0,0.0,0.0,0.0,0.0,-0.0,-0.0,-0.0,-0.0,-0.0,-0.0,-0.0,-0.0,0.0,0.0,chip_main
2025-05-04,low,-0.007406123822273,0.0137679229098601,0.004058711048744,0.0699580356832454,0.0137679229098601,0.1050409413770196,0.0197854212178967,-0.0274894381207495,-0.0359751097917282,0.0164440130822178,0.0298958795022947,-0.0489238811333372,-0.0088169128031019,0.0007072639081779,0,0,0.0,0.0,0.0,0.0,0.0,0.0,-0.0,-0.0,-0.0,-0.0,0.0,0.0,0.0,0.0,-0.0,-0.0,-0.0,-0.0,0.0,0.0,0.0,0.0,chip_main
2025-05-11,low,0.005536306343044,0.0336588283818208,-0.0303757646069389,0.0454742721964978,0.0336588283818208,0.0137679229098601,0.1050409413770196,0.0197854212178967,-0.0274894381207495,-0.0359751097917282,0.0164440130822178,0.0298958795022947,-0.0489238811333372,-0.007406123822273,0,0,0.0,0.0,0.0,0.0,0.0,0.0,0.0,0.0,-0.0,-0.0,-0.0,-0.0,0.0,0.0,0.0,0.0,-0.0,-0.0,0.0,0.0,-0.0,-0.0,chip_main
2025-05-18,low,-0.0015300183204682,0.0436888910885038,0.0118047845080857,0.129049771789532,0.0436888910885038,0.0336588283818208,0.0137679229098601,0.1050409413770196,0.0197854212178967,-0.0274894381207495,-0.0359751097917282,0.0164440130822178,0.0298958795022947,0.005536306343044,0,0,0.0,0.0,0.0,0.0,0.0,0.0,0.0,0.0,0.0,0.0,-0.0,-0.0,-0.0,-0.0,0.0,0.0,0.0,0.0,0.0,0.0,0.0,0.0,chip_main
2025-05-25,low,0.0024823209540382,0.0203618825011595,-0.0138810655260943,0.0117411071374835,0.0203618825011595,0.0436888910885038,0.0336588283818208,0.0137679229098601,0.1050409413770196,0.0197854212178967,-0.0274894381207495,-0.0359751097917282,0.0164440130822178,-0.0015300183204682,0,0,0.0,0.0,0.0,0.0,0.0,0.0,0.0,0.0,0.0,0.0,0.0,0.0,-0.0,-0.0,-0.0,-0.0,0.0,0.0,0.0,0.0,-0.0,-0.0,chip_main
2025-06-01,low,0.0003103773497704,-0.0153010938519457,-0.0120214098825552,0.0221440042501281,-0.0153010938519457,0.0203618825011595,0.0436888910885038,0.0336588283818208,0.0137679229098601,0.1050409413770196,0.0197854212178967,-0.0274894381207495,-0.0359751097917282,0.0024823209540382,0,0,-0.0,-0.0,0.0,0.0,0.0,0.0,0.0,0.0,0.0,0.0,0.0,0.0,0.0,0.0,-0.0,-0.0,-0.0,-0.0,0.0,0.0,-0.0,-0.0,chip_main
2025-06-08,low,0.0003373743513072,-0.0261309421581614,-5.8329534925682935e-05,0.0310227026767808,-0.0261309421581614,-0.0153010938519457,0.0203618825011595,0.0436888910885038,0.0336588283818208,0.0137679229098601,0.1050409413770196,0.0197854212178967,-0.0274894381207495,0.0003103773497704,0,0,-0.0,-0.0,-0.0,-0.0,0.0,0.0,0.0,0.0,0.0,0.0,0.0,0.0,0.0,0.0,0.0,0.0,-0.0,-0.0,0.0,0.0,-0.0,-0.0,chip_main
2025-06-15,low,-0.0042940255031747,0.0238044773816206,-0.008631500027163,0.0200489528858023,0.0238044773816206,-0.0261309421581614,-0.0153010938519457,0.0203618825011595,0.0436888910885038,0.0336588283818208,0.0137679229098601,0.1050409413770196,0.0197854212178967,0.0003373743513072,0,0,0.0,0.0,-0.0,-0.0,-0.0,-0.0,0.0,0.0,0.0,0.0,0.0,0.0,0.0,0.0,0.0,0.0,0.0,0.0,0.0,0.0,-0.0,-0.0,chip_main
2025-06-22,low,-0.0003547469950295,-0.0263153788466325,0.0083003823695113,0.0087812978977801,-0.0263153788466325,0.0238044773816206,-0.0261309421581614,-0.0153010938519457,0.0203618825011595,0.0436888910885038,0.0336588283818208,0.0137679229098601,0.1050409413770196,-0.0042940255031747,0,0,-0.0,-0.0,0.0,0.0,-0.0,-0.0,-0.0,-0.0,0.0,0.0,0.0,0.0,0.0,0.0,0.0,0.0,0.0,0.0,0.0,0.0,0.0,0.0,chip_main
2025-07-20,low,-0.0061351587619228,0.0472094144153949,0.0102135071925486,0.0497911421614061,0.0472094144153949,0.0655528402704384,0.0097553365982818,0.0199698540942101,-0.0263153788466325,0.0238044773816206,-0.0261309421581614,-0.0153010938519457,0.0203618825011595,-0.0003547469950295,0,0,0.0,0.0,0.0,0.0,0.0,0.0,0.0,0.0,-0.0,-0.0,0.0,0.0,-0.0,-0.0,-0.0,-0.0,0.0,0.0,0.0,0.0,0.0,0.0,chip_main
2025-07-27,low,0.0007995973082795,-0.0054272587653976,-0.0036586153878488,0.0057955749527538,-0.0054272587653976,0.0472094144153949,0.0655528402704384,0.0097553365982818,0.0199698540942101,-0.0263153788466325,0.0238044773816206,-0.0261309421581614,-0.0153010938519457,-0.0061351587619228,0,0,-0.0,-0.0,0.0,0.0,0.0,0.0,0.0,0.0,0.0,0.0,-0.0,-0.0,0.0,0.0,-0.0,-0.0,-0.0,-0.0,0.0,0.0,-0.0,-0.0,chip_main
2025-08-03,low,-0.0008446270384934,-0.0172198949752946,0.0066650995419106,0.030730495307413,-0.0172198949752946,-0.0054272587653976,0.0472094144153949,0.0655528402704384,0.0097553365982818,0.0199698540942101,-0.0263153788466325,0.0238044773816206,-0.0261309421581614,0.0007995973082795,0,0,-0.0,-0.0,-0.0,-0.0,0.0,0.0,0.0,0.0,0.0,0.0,0.0,0.0,-0.0,-0.0,0.0,0.0,-0.0,-0.0,0.0,0.0,0.0,0.0,chip_main
2025-08-10,low,-0.0067719780662666,0.0033958111333447,-0.0020526921508841,0.02023545968893,0.0033958111333447,-0.0172198949752946,-0.0054272587653976,0.0472094144153949,0.0655528402704384,0.0097553365982818,0.0199698540942101,-0.0263153788466325,0.0238044773816206,-0.0008446270384934,0,0,0.0,0.0,-0.0,-0.0,-0.0,-0.0,0.0,0.0,0.0,0.0,0.0,0.0,0.0,0.0,-0.0,-0.0,0.0,0.0,0.0,0.0,-0.0,-0.0,chip_main
2025-08-17,low,0.0026446100246825,0.022744695735323,-0.0003448179398874,0.0090035182619612,0.022744695735323,0.0033958111333447,-0.0172198949752946,-0.0054272587653976,0.0472094144153949,0.0655528402704384,0.0097553365982818,0.0199698540942101,-0.0263153788466325,-0.0067719780662666,0,0,0.0,0.0,0.0,0.0,-0.0,-0.0,-0.0,-0.0,0.0,0.0,0.0,0.0,0.0,0.0,0.0,0.0,-0.0,-0.0,0.0,0.0,-0.0,-0.0,chip_main
2025-08-24,low,0.0005322856874377,-0.036364343164351,0.0050964473265846,-0.0260103766233044,-0.036364343164351,0.022744695735323,0.0033958111333447,-0.0172198949752946,-0.0054272587653976,0.0472094144153949,0.0655528402704384,0.0097553365982818,0.0199698540942101,0.0026446100246825,0,0,-0.0,-0.0,0.0,0.0,0.0,0.0,-0.0,-0.0,-0.0,-0.0,0.0,0.0,0.0,0.0,0.0,0.0,0.0,0.0,-0.0,-0.0,0.0,0.0,chip_main
2025-08-31,low,-0.0029311605970872,-0.038492375794501,-0.0028319956939633,0.0128946489721242,-0.038492375794501,-0.036364343164351,0.022744695735323,0.0033958111333447,-0.0172198949752946,-0.0054272587653976,0.0472094144153949,0.0655528402704384,0.0097553365982818,0.0005322856874377,0,0,-0.0,-0.0,-0.0,-0.0,0.0,0.0,0.0,0.0,-0.0,-0.0,-0.0,-0.0,0.0,0.0,0.0,0.0,0.0,0.0,0.0,0.0,-0.0,-0.0,chip_main
2025-09-07,low,-0.0006700111654182,0.0050728600367051,0.0021604847226752,-0.0542267286216917,0.0050728600367051,-0.038492375794501,-0.036364343164351,0.022744695735323,0.0033958111333447,-0.0172198949752946,-0.0054272587653976,0.0472094144153949,0.0655528402704384,-0.0029311605970872,0,0,0.0,0.0,-0.0,-0.0,-0.0,-0.0,0.0,0.0,0.0,0.0,-0.0,-0.0,-0.0,-0.0,0.0,0.0,0.0,0.0,-0.0,-0.0,0.0,0.0,chip_main
2025-09-14,low,0.0009313164124782,0.03239089067781,-0.0032901920026109,0.0245535066551383,0.03239089067781,0.0050728600367051,-0.038492375794501,-0.036364343164351,0.022744695735323,0.0033958111333447,-0.0172198949752946,-0.0054272587653976,0.0472094144153949,-0.0006700111654182,0,0,0.0,0.0,0.0,0.0,-0.0,-0.0,-0.0,-0.0,0.0,0.0,0.0,0.0,-0.0,-0.0,-0.0,-0.0,0.0,0.0,0.0,0.0,-0.0,-0.0,chip_main
2025-09-21,low,0.0001642922496528,0.0141465433649408,-0.0019409713857196,0.0052639819522584,0.0141465433649408,0.03239089067781,0.0050728600367051,-0.038492375794501,-0.036364343164351,0.022744695735323,0.0033958111333447,-0.0172198949752946,-0.0054272587653976,0.0009313164124782,0,0,0.0,0.0,0.0,0.0,0.0,0.0,-0.0,-0.0,-0.0,-0.0,0.0,0.0,0.0,0.0,-0.0,-0.0,-0.0,-0.0,0.0,0.0,-0.0,-0.0,chip_main
2025-09-28,low,-0.0005264560900616,-0.0322120044107876,0.0098071780227524,0.0215540286581044,-0.0322120044107876,0.0141465433649408,0.03239089067781,0.0050728600367051,-0.038492375794501,-0.036364343164351,0.022744695735323,0.0033958111333447,-0.0172198949752946,0.0001642922496528,0,0,-0.0,-0.0,0.0,0.0,0.0,0.0,0.0,0.0,-0.0,-0.0,-0.0,-0.0,0.0,0.0,0.0,0.0,-0.0,-0.0,0.0,0.0,0.0,0.0,chip_main
2025-10-05,low,-0.0039299772280874,0.0716441604951256,0.0040941508040033,0.0408271292345112,0.0716441604951256,-0.0322120044107876,0.0141465433649408,0.03239089067781,0.0050728600367051,-0.038492375794501,-0.036364343164351,0.022744695735323,0.0033958111333447,-0.0005264560900616,0,0,0.0,0.0,-0.0,-0.0,0.0,0.0,0.0,0.0,0.0,0.0,-0.0,-0.0,-0.0,-0.0,0.0,0.0,0.0,0.0,0.0,0.0,0.0,0.0,chip_main
2025-10-12,low,-0.0005310683773872,0.0055570409023602,0.0079310301033608,0.0033948205814464,0.0055570409023602,0.0716441604951256,-0.0322120044107876,0.0141465433649408,0.03239089067781,0.0050728600367051,-0.038492375794501,-0.036364343164351,0.022744695735323,-0.0039299772280874,0,0,0.0,0.0,0.0,0.0,-0.0,-0.0,0.0,0.0,0.0,0.0,0.0,0.0,-0.0,-0.0,-0.0,-0.0,0.0,0.0,0.0,0.0,0.0,0.0,chip_main
2025-10-19,low,0.0060579929381354,-0.0755263303703337,0.0064505614335113,-0.0240126417634165,-0.0755263303703337,0.0055570409023602,0.0716441604951256,-0.0322120044107876,0.0141465433649408,0.03239089067781,0.0050728600367051,-0.038492375794501,-0.036364343164351,-0.0005310683773872,0,0,-0.0,-0.0,0.0,0.0,0.0,0.0,-0.0,-0.0,0.0,0.0,0.0,0.0,0.0,0.0,-0.0,-0.0,-0.0,-0.0,-0.0,-0.0,0.0,0.0,chip_main
2025-10-26,low,-0.0024623266671188,0.0134425332865646,0.0022581842501727,-0.0006980495096158,0.0134425332865646,-0.0755263303703337,0.0055570409023602,0.0716441604951256,-0.0322120044107876,0.0141465433649408,0.03239089067781,0.0050728600367051,-0.038492375794501,0.0060579929381354,0,0,0.0,0.0,-0.0,-0.0,0.0,0.0,0.0,0.0,-0.0,-0.0,0.0,0.0,0.0,0.0,0.0,0.0,-0.0,-0.0,-0.0,-0.0,0.0,0.0,chip_main
2025-11-02,low,-0.0068110406090726,-0.001811716167456,0.000771751001757,0.096223721479582,-0.001811716167456,0.0134425332865646,-0.0755263303703337,0.0055570409023602,0.0716441604951256,-0.0322120044107876,0.0141465433649408,0.03239089067781,0.0050728600367051,-0.0024623266671188,0,0,-0.0,-0.0,0.0,0.0,-0.0,-0.0,0.0,0.0,0.0,0.0,-0.0,-0.0,0.0,0.0,0.0,0.0,0.0,0.0,0.0,0.0,0.0,0.0,chip_main
2025-11-09,low,0.0076036048257683,-0.0563115455769072,0.005806631823745,-0.028497721490325,-0.0563115455769072,-0.001811716167456,0.0134425332865646,-0.0755263303703337,0.0055570409023602,0.0716441604951256,-0.0322120044107876,0.0141465433649408,0.03239089067781,-0.0068110406090726,0,0,-0.0,-0.0,-0.0,-0.0,0.0,0.0,-0.0,-0.0,0.0,0.0,0.0,0.0,-0.0,-0.0,0.0,0.0,0.0,0.0,-0.0,-0.0,0.0,0.0,chip_main
2025-11-16,low,0.018142143262261,-0.0345212217962505,0.0169927155450935,-0.0139775837347322,-0.0345212217962505,-0.0563115455769072,-0.001811716167456,0.0134425332865646,-0.0755263303703337,0.0055570409023602,0.0716441604951256,-0.0322120044107876,0.0141465433649408,0.0076036048257683,0,0,-0.0,-0.0,-0.0,-0.0,-0.0,-0.0,0.0,0.0,-0.0,-0.0,0.0,0.0,0.0,0.0,-0.0,-0.0,0.0,0.0,-0.0,-0.0,0.0,0.0,chip_main
2025-11-23,low,0.002331772975159,-0.1071778177182594,-0.0003540580193082,-0.052193749191522,-0.1071778177182594,-0.0345212217962505,-0.0563115455769072,-0.001811716167456,0.0134425332865646,-0.0755263303703337,0.0055570409023602,0.0716441604951256,-0.0322120044107876,0.018142143262261,0,0,-0.0,-0.0,-0.0,-0.0,-0.0,-0.0,-0.0,-0.0,0.0,0.0,-0.0,-0.0,0.0,0.0,0.0,0.0,-0.0,-0.0,-0.0,-0.0,-0.0,-0.0,chip_main
2025-11-30,low,0.0003591969697757,0.0171511784751103,0.0048421210693554,-0.0186557321208393,0.0171511784751103,-0.1071778177182594,-0.0345212217962505,-0.0563115455769072,-0.001811716167456,0.0134425332865646,-0.0755263303703337,0.0055570409023602,0.0716441604951256,0.002331772975159,0,0,0.0,0.0,-0.0,-0.0,-0.0,-0.0,-0.0,-0.0,-0.0,-0.0,0.0,0.0,-0.0,-0.0,0.0,0.0,0.0,0.0,-0.0,-0.0,0.0,0.0,chip_main
2025-12-07,low,-0.000824823513262,0.0064348011781767,0.000147582794522,0.0108441097286409,0.0064348011781767,0.0171511784751103,-0.1071778177182594,-0.0345212217962505,-0.0563115455769072,-0.001811716167456,0.0134425332865646,-0.0755263303703337,0.0055570409023602,0.0003591969697757,0,0,0.0,0.0,0.0,0.0,-0.0,-0.0,-0.0,-0.0,-0.0,-0.0,-0.0,-0.0,0.0,0.0,-0.0,-0.0,0.0,0.0,0.0,0.0,0.0,0.0,chip_main
2025-12-14,low,0.0003034346895279,0.0071725055032452,0.0010333956223185,0.0036786656116278,0.0071725055032452,0.0064348011781767,0.0171511784751103,-0.1071778177182594,-0.0345212217962505,-0.0563115455769072,-0.001811716167456,0.0134425332865646,-0.0755263303703337,-0.000824823513262,0,0,0.0,0.0,0.0,0.0,0.0,0.0,-0.0,-0.0,-0.0,-0.0,-0.0,-0.0,-0.0,-0.0,0.0,0.0,-0.0,-0.0,0.0,0.0,0.0,0.0,chip_main
2025-12-21,low,0.0025470075675169,-0.0397561868882512,0.0016783383894543,-0.0336628368992188,-0.0397561868882512,0.0071725055032452,0.0064348011781767,0.0171511784751103,-0.1071778177182594,-0.0345212217962505,-0.0563115455769072,-0.001811716167456,0.0134425332865646,0.0003034346895279,0,0,-0.0,-0.0,0.0,0.0,0.0,0.0,0.0,0.0,-0.0,-0.0,-0.0,-0.0,-0.0,-0.0,-0.0,-0.0,0.0,0.0,-0.0,-0.0,0.0,0.0,chip_main
2025-12-28,low,0.0008150488755921,-0.0090119081009447,-0.0021876193193568,0.0660087935314077,-0.0090119081009447,-0.0397561868882512,0.0071725055032452,0.0064348011781767,0.0171511784751103,-0.1071778177182594,-0.0345212217962505,-0.0563115455769072,-0.001811716167456,0.0025470075675169,0,0,-0.0,-0.0,-0.0,-0.0,0.0,0.0,0.0,0.0,0.0,0.0,-0.0,-0.0,-0.0,-0.0,-0.0,-0.0,-0.0,-0.0,0.0,0.0,-0.0,-0.0,chip_main
2026-01-04,low,0.00327381702715,0.007358043232049,-0.020277702095087,-0.0011525414680413,0.007358043232049,-0.0090119081009447,-0.0397561868882512,0.0071725055032452,0.0064348011781767,0.0171511784751103,-0.1071778177182594,-0.0345212217962505,-0.0563115455769072,0.0008150488755921,0,0,0.0,0.0,-0.0,-0.0,-0.0,-0.0,0.0,0.0,0.0,0.0,0.0,0.0,-0.0,-0.0,-0.0,-0.0,-0.0,-0.0,-0.0,-0.0,-0.0,-0.0,chip_main
2026-01-11,low,0.0042697234249846,0.0355168662132534,0.004192446829669,-0.004852804487907,0.0355168662132534,0.007358043232049,-0.0090119081009447,-0.0397561868882512,0.0071725055032452,0.0064348011781767,0.0171511784751103,-0.1071778177182594,-0.0345212217962505,0.00327381702715,0,0,0.0,0.0,0.0,0.0,-0.0,-0.0,-0.0,-0.0,0.0,0.0,0.0,0.0,0.0,0.0,-0.0,-0.0,-0.0,-0.0,-0.0,-0.0,0.0,0.0,chip_main
2026-01-18,low,0.0117939835653557,0.0458962692496243,0.0134217053198453,-0.007721109231686,0.0458962692496243,0.0355168662132534,0.007358043232049,-0.0090119081009447,-0.0397561868882512,0.0071725055032452,0.0064348011781767,0.0171511784751103,-0.1071778177182594,0.0042697234249846,0,0,0.0,0.0,0.0,0.0,0.0,0.0,-0.0,-0.0,-0.0,-0.0,0.0,0.0,0.0,0.0,0.0,0.0,-0.0,-0.0,-0.0,-0.0,0.0,0.0,chip_main
2026-01-25,low,0.0305575241989678,-0.0668182954928369,0.0032799002192831,-0.0107766602331462,-0.0668182954928369,0.0458962692496243,0.0355168662132534,0.007358043232049,-0.0090119081009447,-0.0397561868882512,0.0071725055032452,0.0064348011781767,0.0171511784751103,0.0117939835653557,0,0,-0.0,-0.0,0.0,0.0,0.0,0.0,0.0,0.0,-0.0,-0.0,-0.0,-0.0,0.0,0.0,0.0,0.0,0.0,0.0,-0.0,-0.0,0.0,0.0,chip_main
2026-02-01,low,0.0823005587286143,-0.0704483743410051,-0.0237758532474421,0.0352173255506409,-0.0704483743410051,-0.0668182954928369,0.0458962692496243,0.0355168662132534,0.007358043232049,-0.0090119081009447,-0.0397561868882512,0.0071725055032452,0.0064348011781767,0.0305575241989678,0,0,-0.0,-0.0,-0.0,-0.0,0.0,0.0,0.0,0.0,0.0,0.0,-0.0,-0.0,-0.0,-0.0,0.0,0.0,0.0,0.0,0.0,0.0,-0.0,-0.0,chip_main
2026-02-08,low,0.0106203796128869,-0.1538003768060711,0.014171440609096,-0.0575128529796256,-0.1538003768060711,-0.0704483743410051,-0.0668182954928369,0.0458962692496243,0.0355168662132534,0.007358043232049,-0.0090119081009447,-0.0397561868882512,0.0071725055032452,0.0823005587286143,0,0,-0.0,-0.0,-0.0,-0.0,-0.0,-0.0,0.0,0.0,0.0,0.0,0.0,0.0,-0.0,-0.0,-0.0,-0.0,0.0,0.0,-0.0,-0.0,0.0,0.0,chip_main
2026-02-15,low,0.0052975144027148,-0.049875634380438,-0.0023986750374609,0.045012514909688,-0.049875634380438,-0.1538003768060711,-0.0704483743410051,-0.0668182954928369,0.0458962692496243,0.0355168662132534,0.007358043232049,-0.0090119081009447,-0.0397561868882512,0.0106203796128869,0,0,-0.0,-0.0,-0.0,-0.0,-0.0,-0.0,-0.0,-0.0,0.0,0.0,0.0,0.0,0.0,0.0,-0.0,-0.0,-0.0,-0.0,0.0,0.0,-0.0,-0.0,chip_main
2026-02-22,low,-0.0041661906065944,-0.0144671433327907,-0.0074128756162608,1.545434299554671e-05,-0.0144671433327907,-0.049875634380438,-0.1538003768060711,-0.0704483743410051,-0.0668182954928369,0.0458962692496243,0.0355168662132534,0.007358043232049,-0.0090119081009447,0.0052975144027148,0,0,-0.0,-0.0,-0.0,-0.0,-0.0,-0.0,-0.0,-0.0,-0.0,-0.0,0.0,0.0,0.0,0.0,0.0,0.0,-0.0,-0.0,0.0,0.0,-0.0,-0.0,chip_main
2026-03-01,low,0.0099230912062309,-0.0272142344734547,-0.0031687838167311,0.0033536499868498,-0.0272142344734547,-0.0144671433327907,-0.049875634380438,-0.1538003768060711,-0.0704483743410051,-0.0668182954928369,0.0458962692496243,0.0355168662132534,0.007358043232049,-0.0041661906065944,0,0,-0.0,-0.0,-0.0,-0.0,-0.0,-0.0,-0.0,-0.0,-0.0,-0.0,-0.0,-0.0,0.0,0.0,0.0,0.0,0.0,0.0,0.0,0.0,-0.0,-0.0,chip_main
2026-03-08,low,-0.0028479595881472,0.0668538830049527,0.0177696395237418,-0.037643701901266,0.0668538830049527,-0.0272142344734547,-0.0144671433327907,-0.049875634380438,-0.1538003768060711,-0.0704483743410051,-0.0668182954928369,0.0458962692496243,0.0355168662132534,0.0099230912062309,0,0,0.0,0.0,-0.0,-0.0,-0.0,-0.0,-0.0,-0.0,-0.0,-0.0,-0.0,-0.0,-0.0,-0.0,0.0,0.0,0.0,0.0,-0.0,-0.0,0.0,0.0,chip_main
2026-03-15,low,-0.0047787903421788,0.0313233387449294,0.0072707090787345,0.0111311052699436,0.0313233387449294,0.0668538830049527,-0.0272142344734547,-0.0144671433327907,-0.049875634380438,-0.1538003768060711,-0.0704483743410051,-0.0668182954928369,0.0458962692496243,-0.0028479595881472,0,0,0.0,0.0,0.0,0.0,-0.0,-0.0,-0.0,-0.0,-0.0,-0.0,-0.0,-0.0,-0.0,-0.0,-0.0,-0.0,0.0,0.0,0.0,0.0,0.0,0.0,chip_main
2026-03-22,low,2.28890744728398e-05,0.0143440464751876,0.0139545709367183,-0.0222224279201119,0.0143440464751876,0.0313233387449294,0.0668538830049527,-0.0272142344734547,-0.0144671433327907,-0.049875634380438,-0.1538003768060711,-0.0704483743410051,-0.0668182954928369,-0.0047787903421788,0,0,0.0,0.0,0.0,0.0,0.0,0.0,-0.0,-0.0,-0.0,-0.0,-0.0,-0.0,-0.0,-0.0,-0.0,-0.0,-0.0,-0.0,-0.0,-0.0,0.0,0.0,chip_main
2026-03-29,low,-0.0096474908127896,-0.0316186735962418,0.0034198655361867,-0.0323673685439773,-0.0316186735962418,0.0143440464751876,0.0313233387449294,0.0668538830049527,-0.0272142344734547,-0.0144671433327907,-0.049875634380438,-0.1538003768060711,-0.0704483743410051,2.28890744728398e-05,0,0,-0.0,-0.0,0.0,0.0,0.0,0.0,0.0,0.0,-0.0,-0.0,-0.0,-0.0,-0.0,-0.0,-0.0,-0.0,-0.0,-0.0,-0.0,-0.0,0.0,0.0,chip_main
2024-03-10,mid,0.0041888084959557,0.0665051516717909,-0.0051799591509471,0.0670450809528739,0.0665051516717909,,,,,,,,,,0,1,0.0,0.0665051516717909,,,,,,,,,,,,,,,,,0.0,0.0670450809528739,-0.0,-0.0051799591509471,chip_main
2024-03-17,mid,0.0046792892862341,0.0401569606203544,-0.0103370278611638,0.009759894058547,0.0401569606203544,0.0665051516717909,,,,,,,,0.0041888084959557,0,1,0.0,0.0401569606203544,0.0,0.0665051516717909,,,,,,,,,,,,,,,0.0,0.009759894058547,-0.0,-0.0103370278611638,chip_main
2024-03-24,mid,0.003026315775931,-0.0569468050812602,0.0142012250804377,0.0214300056756719,-0.0569468050812602,0.0401569606203544,0.0665051516717909,,,,,,,0.0046792892862341,0,1,-0.0,-0.0569468050812602,0.0,0.0401569606203544,0.0,0.0665051516717909,,,,,,,,,,,,,0.0,0.0214300056756719,0.0,0.0142012250804377,chip_main
2024-03-31,mid,0.0024202214436968,0.0755508876923585,0.0086819629117096,0.0137228200376018,0.0755508876923585,-0.0569468050812602,0.0401569606203544,0.0665051516717909,,,,,,0.003026315775931,0,1,0.0,0.0755508876923585,-0.0,-0.0569468050812602,0.0,0.0401569606203544,0.0,0.0665051516717909,,,,,,,,,,,0.0,0.0137228200376018,0.0,0.0086819629117096,chip_main
2024-04-07,mid,0.0001530546823699,-0.028034704955079,0.0033224887569618,-0.0387390183926612,-0.028034704955079,0.0755508876923585,-0.0569468050812602,0.0401569606203544,0.0665051516717909,,,,,0.0024202214436968,0,1,-0.0,-0.028034704955079,0.0,0.0755508876923585,-0.0,-0.0569468050812602,0.0,0.0401569606203544,0.0,0.0665051516717909,,,,,,,,,-0.0,-0.0387390183926612,0.0,0.0033224887569618,chip_main
2024-04-14,mid,0.0003858671804176,0.0172796131203298,0.0054364912979831,-0.0099520319220074,0.0172796131203298,-0.028034704955079,0.0755508876923585,-0.0569468050812602,0.0401569606203544,0.0665051516717909,,,,0.0001530546823699,0,1,0.0,0.0172796131203298,-0.0,-0.028034704955079,0.0,0.0755508876923585,-0.0,-0.0569468050812602,0.0,0.0401569606203544,0.0,0.0665051516717909,,,,,,,-0.0,-0.0099520319220074,0.0,0.0054364912979831,chip_main
2024-04-21,mid,0.0038959962744759,-0.0611719552353982,0.018836552484017,-0.0476569439750518,-0.0611719552353982,0.0172796131203298,-0.028034704955079,0.0755508876923585,-0.0569468050812602,0.0401569606203544,0.0665051516717909,,,0.0003858671804176,0,1,-0.0,-0.0611719552353982,0.0,0.0172796131203298,-0.0,-0.028034704955079,0.0,0.0755508876923585,-0.0,-0.0569468050812602,0.0,0.0401569606203544,0.0,0.0665051516717909,,,,,-0.0,-0.0476569439750518,0.0,0.018836552484017,chip_main
2024-04-28,mid,-0.0013964548236408,0.0118979756416237,-0.0060397746201443,-0.0147693499312566,0.0118979756416237,-0.0611719552353982,0.0172796131203298,-0.028034704955079,0.0755508876923585,-0.0569468050812602,0.0401569606203544,0.0665051516717909,,0.0038959962744759,0,1,0.0,0.0118979756416237,-0.0,-0.0611719552353982,0.0,0.0172796131203298,-0.0,-0.028034704955079,0.0,0.0755508876923585,-0.0,-0.0569468050812602,0.0,0.0401569606203544,0.0,0.0665051516717909,,,-0.0,-0.0147693499312566,-0.0,-0.0060397746201443,chip_main
2024-05-05,mid,0.0010266267892772,-0.0513084427149692,0.0007051897630061,0.0473699656050587,-0.0513084427149692,0.0118979756416237,-0.0611719552353982,0.0172796131203298,-0.028034704955079,0.0755508876923585,-0.0569468050812602,0.0401569606203544,0.0665051516717909,-0.0013964548236408,0,1,-0.0,-0.0513084427149692,0.0,0.0118979756416237,-0.0,-0.0611719552353982,0.0,0.0172796131203298,-0.0,-0.028034704955079,0.0,0.0755508876923585,-0.0,-0.0569468050812602,0.0,0.0401569606203544,0.0,0.0665051516717909,0.0,0.0473699656050587,0.0,0.0007051897630061,chip_main
2024-05-12,mid,-0.0005481033221215,-0.0013754683318119,-0.0123640334863042,0.0452957657756458,-0.0013754683318119,-0.0513084427149692,0.0118979756416237,-0.0611719552353982,0.0172796131203298,-0.028034704955079,0.0755508876923585,-0.0569468050812602,0.0401569606203544,0.0010266267892772,0,1,-0.0,-0.0013754683318119,-0.0,-0.0513084427149692,0.0,0.0118979756416237,-0.0,-0.0611719552353982,0.0,0.0172796131203298,-0.0,-0.028034704955079,0.0,0.0755508876923585,-0.0,-0.0569468050812602,0.0,0.0401569606203544,0.0,0.0452957657756458,-0.0,-0.0123640334863042,chip_main
2024-05-19,mid,-0.0007417548366314,0.0461135501063978,0.0005460849178717,0.0250369591982257,0.0461135501063978,-0.0013754683318119,-0.0513084427149692,0.0118979756416237,-0.0611719552353982,0.0172796131203298,-0.028034704955079,0.0755508876923585,-0.0569468050812602,-0.0005481033221215,0,1,0.0,0.0461135501063978,-0.0,-0.0013754683318119,-0.0,-0.0513084427149692,0.0,0.0118979756416237,-0.0,-0.0611719552353982,0.0,0.0172796131203298,-0.0,-0.028034704955079,0.0,0.0755508876923585,-0.0,-0.0569468050812602,0.0,0.0250369591982257,0.0,0.0005460849178717,chip_main
2024-05-26,mid,-0.0022983031216631,0.0686495804135489,0.0021159260128156,0.0660181433449045,0.0686495804135489,0.0461135501063978,-0.0013754683318119,-0.0513084427149692,0.0118979756416237,-0.0611719552353982,0.0172796131203298,-0.028034704955079,0.0755508876923585,-0.0007417548366314,0,1,0.0,0.0686495804135489,0.0,0.0461135501063978,-0.0,-0.0013754683318119,-0.0,-0.0513084427149692,0.0,0.0118979756416237,-0.0,-0.0611719552353982,0.0,0.0172796131203298,-0.0,-0.028034704955079,0.0,0.0755508876923585,0.0,0.0660181433449045,0.0,0.0021159260128156,chip_main
2024-06-02,mid,-0.0022281899826885,-0.010917812308282,0.0036881155703794,0.1255929760953567,-0.010917812308282,0.0686495804135489,0.0461135501063978,-0.0013754683318119,-0.0513084427149692,0.0118979756416237,-0.0611719552353982,0.0172796131203298,-0.028034704955079,-0.0022983031216631,0,1,-0.0,-0.010917812308282,0.0,0.0686495804135489,0.0,0.0461135501063978,-0.0,-0.0013754683318119,-0.0,-0.0513084427149692,0.0,0.0118979756416237,-0.0,-0.0611719552353982,0.0,0.0172796131203298,-0.0,-0.028034704955079,0.0,0.1255929760953567,0.0,0.0036881155703794,chip_main
2024-06-09,mid,-0.0009865092815316,0.0266188741577551,0.0036540693502828,0.0598852585744715,0.0266188741577551,-0.010917812308282,0.0686495804135489,0.0461135501063978,-0.0013754683318119,-0.0513084427149692,0.0118979756416237,-0.0611719552353982,0.0172796131203298,-0.0022281899826885,0,1,0.0,0.0266188741577551,-0.0,-0.010917812308282,0.0,0.0686495804135489,0.0,0.0461135501063978,-0.0,-0.0013754683318119,-0.0,-0.0513084427149692,0.0,0.0118979756416237,-0.0,-0.0611719552353982,0.0,0.0172796131203298,0.0,0.0598852585744715,0.0,0.0036540693502828,chip_main
2024-06-16,mid,0.0003231259565481,-0.0362491072510273,0.0020331297318341,0.0546931927071829,-0.0362491072510273,0.0266188741577551,-0.010917812308282,0.0686495804135489,0.0461135501063978,-0.0013754683318119,-0.0513084427149692,0.0118979756416237,-0.0611719552353982,-0.0009865092815316,0,1,-0.0,-0.0362491072510273,0.0,0.0266188741577551,-0.0,-0.010917812308282,0.0,0.0686495804135489,0.0,0.0461135501063978,-0.0,-0.0013754683318119,-0.0,-0.0513084427149692,0.0,0.0118979756416237,-0.0,-0.0611719552353982,0.0,0.0546931927071829,0.0,0.0020331297318341,chip_main
2024-06-23,mid,0.0008622687548133,-0.0330116898989452,0.0055666871256603,0.0400101372321159,-0.0330116898989452,-0.0362491072510273,0.0266188741577551,-0.010917812308282,0.0686495804135489,0.0461135501063978,-0.0013754683318119,-0.0513084427149692,0.0118979756416237,0.0003231259565481,0,1,-0.0,-0.0330116898989452,-0.0,-0.0362491072510273,0.0,0.0266188741577551,-0.0,-0.010917812308282,0.0,0.0686495804135489,0.0,0.0461135501063978,-0.0,-0.0013754683318119,-0.0,-0.0513084427149692,0.0,0.0118979756416237,0.0,0.0400101372321159,0.0,0.0055666871256603,chip_main
2024-06-30,mid,0.0010951021862943,-0.0555696556243319,0.0047376984715796,-0.0577636982531899,-0.0555696556243319,-0.0330116898989452,-0.0362491072510273,0.0266188741577551,-0.010917812308282,0.0686495804135489,0.0461135501063978,-0.0013754683318119,-0.0513084427149692,0.0008622687548133,0,1,-0.0,-0.0555696556243319,-0.0,-0.0330116898989452,-0.0,-0.0362491072510273,0.0,0.0266188741577551,-0.0,-0.010917812308282,0.0,0.0686495804135489,0.0,0.0461135501063978,-0.0,-0.0013754683318119,-0.0,-0.0513084427149692,-0.0,-0.0577636982531899,0.0,0.0047376984715796,chip_main
2024-07-07,mid,-0.0024947692435671,-0.0410669813095161,-0.0046995430741088,0.013369771145518,-0.0410669813095161,-0.0555696556243319,-0.0330116898989452,-0.0362491072510273,0.0266188741577551,-0.010917812308282,0.0686495804135489,0.0461135501063978,-0.0013754683318119,0.0010951021862943,0,1,-0.0,-0.0410669813095161,-0.0,-0.0555696556243319,-0.0,-0.0330116898989452,-0.0,-0.0362491072510273,0.0,0.0266188741577551,-0.0,-0.010917812308282,0.0,0.0686495804135489,0.0,0.0461135501063978,-0.0,-0.0013754683318119,0.0,0.013369771145518,-0.0,-0.0046995430741088,chip_main
2024-07-14,mid,-0.0001186578521166,-0.0142703479999255,-0.0024883612665496,0.0387235555754088,-0.0142703479999255,-0.0410669813095161,-0.0555696556243319,-0.0330116898989452,-0.0362491072510273,0.0266188741577551,-0.010917812308282,0.0686495804135489,0.0461135501063978,-0.0024947692435671,0,1,-0.0,-0.0142703479999255,-0.0,-0.0410669813095161,-0.0,-0.0555696556243319,-0.0,-0.0330116898989452,-0.0,-0.0362491072510273,0.0,0.0266188741577551,-0.0,-0.010917812308282,0.0,0.0686495804135489,0.0,0.0461135501063978,0.0,0.0387235555754088,-0.0,-0.0024883612665496,chip_main
2024-07-21,mid,-0.0001619457658655,0.1265158981861844,0.0012086102210622,-0.0626948935936528,0.1265158981861844,-0.0142703479999255,-0.0410669813095161,-0.0555696556243319,-0.0330116898989452,-0.0362491072510273,0.0266188741577551,-0.010917812308282,0.0686495804135489,-0.0001186578521166,0,1,0.0,0.1265158981861844,-0.0,-0.0142703479999255,-0.0,-0.0410669813095161,-0.0,-0.0555696556243319,-0.0,-0.0330116898989452,-0.0,-0.0362491072510273,0.0,0.0266188741577551,-0.0,-0.010917812308282,0.0,0.0686495804135489,-0.0,-0.0626948935936528,0.0,0.0012086102210622,chip_main
2024-07-28,mid,0.0024679366852344,0.0176335745640834,0.0029280727201124,-0.0438215995218671,0.0176335745640834,0.1265158981861844,-0.0142703479999255,-0.0410669813095161,-0.0555696556243319,-0.0330116898989452,-0.0362491072510273,0.0266188741577551,-0.010917812308282,-0.0001619457658655,0,1,0.0,0.0176335745640834,0.0,0.1265158981861844,-0.0,-0.0142703479999255,-0.0,-0.0410669813095161,-0.0,-0.0555696556243319,-0.0,-0.0330116898989452,-0.0,-0.0362491072510273,0.0,0.0266188741577551,-0.0,-0.010917812308282,-0.0,-0.0438215995218671,0.0,0.0029280727201124,chip_main
2024-08-04,mid,0.0022146927237978,-0.0687766374006173,-0.0059082951098963,-0.0650249637229656,-0.0687766374006173,0.0176335745640834,0.1265158981861844,-0.0142703479999255,-0.0410669813095161,-0.0555696556243319,-0.0330116898989452,-0.0362491072510273,0.0266188741577551,0.0024679366852344,0,1,-0.0,-0.0687766374006173,0.0,0.0176335745640834,0.0,0.1265158981861844,-0.0,-0.0142703479999255,-0.0,-0.0410669813095161,-0.0,-0.0555696556243319,-0.0,-0.0330116898989452,-0.0,-0.0362491072510273,0.0,0.0266188741577551,-0.0,-0.0650249637229656,-0.0,-0.0059082951098963,chip_main
2024-08-11,mid,0.0003439738290393,-0.0836901213506138,-0.0058073578438992,-0.0663350971682019,-0.0836901213506138,-0.0687766374006173,0.0176335745640834,0.1265158981861844,-0.0142703479999255,-0.0410669813095161,-0.0555696556243319,-0.0330116898989452,-0.0362491072510273,0.0022146927237978,0,1,-0.0,-0.0836901213506138,-0.0,-0.0687766374006173,0.0,0.0176335745640834,0.0,0.1265158981861844,-0.0,-0.0142703479999255,-0.0,-0.0410669813095161,-0.0,-0.0555696556243319,-0.0,-0.0330116898989452,-0.0,-0.0362491072510273,-0.0,-0.0663350971682019,-0.0,-0.0058073578438992,chip_main
2024-08-18,mid,0.0002763570386996,0.006822322947773,-0.0042698572661006,0.1395540321672008,0.006822322947773,-0.0836901213506138,-0.0687766374006173,0.0176335745640834,0.1265158981861844,-0.0142703479999255,-0.0410669813095161,-0.0555696556243319,-0.0330116898989452,0.0003439738290393,0,1,0.0,0.006822322947773,-0.0,-0.0836901213506138,-0.0,-0.0687766374006173,0.0,0.0176335745640834,0.0,0.1265158981861844,-0.0,-0.0142703479999255,-0.0,-0.0410669813095161,-0.0,-0.0555696556243319,-0.0,-0.0330116898989452,0.0,0.1395540321672008,-0.0,-0.0042698572661006,chip_main
2024-08-25,mid,0.0007314084719916,0.0251732607552135,-0.0198891136060641,0.0793584371728437,0.0251732607552135,0.006822322947773,-0.0836901213506138,-0.0687766374006173,0.0176335745640834,0.1265158981861844,-0.0142703479999255,-0.0410669813095161,-0.0555696556243319,0.0002763570386996,0,1,0.0,0.0251732607552135,0.0,0.006822322947773,-0.0,-0.0836901213506138,-0.0,-0.0687766374006173,0.0,0.0176335745640834,0.0,0.1265158981861844,-0.0,-0.0142703479999255,-0.0,-0.0410669813095161,-0.0,-0.0555696556243319,0.0,0.0793584371728437,-0.0,-0.0198891136060641,chip_main
2024-09-01,mid,-0.0034030735738109,-0.0356453117592288,-0.0051214411203828,-0.0347129769763085,-0.0356453117592288,0.0251732607552135,0.006822322947773,-0.0836901213506138,-0.0687766374006173,0.0176335745640834,0.1265158981861844,-0.0142703479999255,-0.0410669813095161,0.0007314084719916,0,1,-0.0,-0.0356453117592288,0.0,0.0251732607552135,0.0,0.006822322947773,-0.0,-0.0836901213506138,-0.0,-0.0687766374006173,0.0,0.0176335745640834,0.0,0.1265158981861844,-0.0,-0.0142703479999255,-0.0,-0.0410669813095161,-0.0,-0.0347129769763085,-0.0,-0.0051214411203828,chip_main
2024-09-08,mid,-0.0009702664757571,-0.0537272286200334,0.0047897711799551,-0.1515281043384728,-0.0537272286200334,-0.0356453117592288,0.0251732607552135,0.006822322947773,-0.0836901213506138,-0.0687766374006173,0.0176335745640834,0.1265158981861844,-0.0142703479999255,-0.0034030735738109,0,1,-0.0,-0.0537272286200334,-0.0,-0.0356453117592288,0.0,0.0251732607552135,0.0,0.006822322947773,-0.0,-0.0836901213506138,-0.0,-0.0687766374006173,0.0,0.0176335745640834,0.0,0.1265158981861844,-0.0,-0.0142703479999255,-0.0,-0.1515281043384728,0.0,0.0047897711799551,chip_main
2024-09-15,mid,0.000130852241806,0.0399645800118513,0.0028287367178547,0.0706975217517733,0.0399645800118513,-0.0537272286200334,-0.0356453117592288,0.0251732607552135,0.006822322947773,-0.0836901213506138,-0.0687766374006173,0.0176335745640834,0.1265158981861844,-0.0009702664757571,0,1,0.0,0.0399645800118513,-0.0,-0.0537272286200334,-0.0,-0.0356453117592288,0.0,0.0251732607552135,0.0,0.006822322947773,-0.0,-0.0836901213506138,-0.0,-0.0687766374006173,0.0,0.0176335745640834,0.0,0.1265158981861844,0.0,0.0706975217517733,0.0,0.0028287367178547,chip_main
2024-09-22,mid,0.0014227951785214,0.048899243263051,-0.0113892139102658,0.018368039096944,0.048899243263051,0.0399645800118513,-0.0537272286200334,-0.0356453117592288,0.0251732607552135,0.006822322947773,-0.0836901213506138,-0.0687766374006173,0.0176335745640834,0.000130852241806,0,1,0.0,0.048899243263051,0.0,0.0399645800118513,-0.0,-0.0537272286200334,-0.0,-0.0356453117592288,0.0,0.0251732607552135,0.0,0.006822322947773,-0.0,-0.0836901213506138,-0.0,-0.0687766374006173,0.0,0.0176335745640834,0.0,0.018368039096944,-0.0,-0.0113892139102658,chip_main
2024-09-29,mid,0.0002366051471047,0.0397115795300244,0.0025410075728213,0.0444782394093152,0.0397115795300244,0.048899243263051,0.0399645800118513,-0.0537272286200334,-0.0356453117592288,0.0251732607552135,0.006822322947773,-0.0836901213506138,-0.0687766374006173,0.0014227951785214,0,1,0.0,0.0397115795300244,0.0,0.048899243263051,0.0,0.0399645800118513,-0.0,-0.0537272286200334,-0.0,-0.0356453117592288,0.0,0.0251732607552135,0.0,0.006822322947773,-0.0,-0.0836901213506138,-0.0,-0.0687766374006173,0.0,0.0444782394093152,0.0,0.0025410075728213,chip_main
2024-10-06,mid,-0.0016877898298677,-0.0357942264543424,-0.0046006356278596,-0.0016935679830254,-0.0357942264543424,0.0397115795300244,0.048899243263051,0.0399645800118513,-0.0537272286200334,-0.0356453117592288,0.0251732607552135,0.006822322947773,-0.0836901213506138,0.0002366051471047,0,1,-0.0,-0.0357942264543424,0.0,0.0397115795300244,0.0,0.048899243263051,0.0,0.0399645800118513,-0.0,-0.0537272286200334,-0.0,-0.0356453117592288,0.0,0.0251732607552135,0.0,0.006822322947773,-0.0,-0.0836901213506138,-0.0,-0.0016935679830254,-0.0,-0.0046006356278596,chip_main
2024-10-13,mid,0.0007030645705451,0.0116335308128299,0.0171846118129623,0.0913281414747668,0.0116335308128299,-0.0357942264543424,0.0397115795300244,0.048899243263051,0.0399645800118513,-0.0537272286200334,-0.0356453117592288,0.0251732607552135,0.006822322947773,-0.0016877898298677,0,1,0.0,0.0116335308128299,-0.0,-0.0357942264543424,0.0,0.0397115795300244,0.0,0.048899243263051,0.0,0.0399645800118513,-0.0,-0.0537272286200334,-0.0,-0.0356453117592288,0.0,0.0251732607552135,0.0,0.006822322947773,0.0,0.0913281414747668,0.0,0.0171846118129623,chip_main
2024-10-20,mid,-8.24441365183882e-05,0.1034553031643703,0.0119226769403439,0.0260221247294669,0.1034553031643703,0.0116335308128299,-0.0357942264543424,0.0397115795300244,0.048899243263051,0.0399645800118513,-0.0537272286200334,-0.0356453117592288,0.0251732607552135,0.0007030645705451,0,1,0.0,0.1034553031643703,0.0,0.0116335308128299,-0.0,-0.0357942264543424,0.0,0.0397115795300244,0.0,0.048899243263051,0.0,0.0399645800118513,-0.0,-0.0537272286200334,-0.0,-0.0356453117592288,0.0,0.0251732607552135,0.0,0.0260221247294669,0.0,0.0119226769403439,chip_main
2024-10-27,mid,-0.0003245122628511,0.0050535153150264,0.0106519885786431,0.0411115485845634,0.0050535153150264,0.1034553031643703,0.0116335308128299,-0.0357942264543424,0.0397115795300244,0.048899243263051,0.0399645800118513,-0.0537272286200334,-0.0356453117592288,-8.24441365183882e-05,0,1,0.0,0.0050535153150264,0.0,0.1034553031643703,0.0,0.0116335308128299,-0.0,-0.0357942264543424,0.0,0.0397115795300244,0.0,0.048899243263051,0.0,0.0399645800118513,-0.0,-0.0537272286200334,-0.0,-0.0356453117592288,0.0,0.0411115485845634,0.0,0.0106519885786431,chip_main
2024-11-03,mid,-0.0014686597049234,0.0432470721497075,0.0041340606276918,-0.0281656937875887,0.0432470721497075,0.0050535153150264,0.1034553031643703,0.0116335308128299,-0.0357942264543424,0.0397115795300244,0.048899243263051,0.0399645800118513,-0.0537272286200334,-0.0003245122628511,0,1,0.0,0.0432470721497075,0.0,0.0050535153150264,0.0,0.1034553031643703,0.0,0.0116335308128299,-0.0,-0.0357942264543424,0.0,0.0397115795300244,0.0,0.048899243263051,0.0,0.0399645800118513,-0.0,-0.0537272286200334,-0.0,-0.0281656937875887,0.0,0.0041340606276918,chip_main
2024-11-10,mid,0.0001464814770561,0.0646987969477272,-0.0003432757184542,0.0406458223432713,0.0646987969477272,0.0432470721497075,0.0050535153150264,0.1034553031643703,0.0116335308128299,-0.0357942264543424,0.0397115795300244,0.048899243263051,0.0399645800118513,-0.0014686597049234,0,1,0.0,0.0646987969477272,0.0,0.0432470721497075,0.0,0.0050535153150264,0.0,0.1034553031643703,0.0,0.0116335308128299,-0.0,-0.0357942264543424,0.0,0.0397115795300244,0.0,0.048899243263051,0.0,0.0399645800118513,0.0,0.0406458223432713,-0.0,-0.0003432757184542,chip_main
2024-11-17,mid,-0.0006823949555043,0.1897681283424255,0.014715443263273,0.0149660107367672,0.1897681283424255,0.0646987969477272,0.0432470721497075,0.0050535153150264,0.1034553031643703,0.0116335308128299,-0.0357942264543424,0.0397115795300244,0.048899243263051,0.0001464814770561,0,1,0.0,0.1897681283424255,0.0,0.0646987969477272,0.0,0.0432470721497075,0.0,0.0050535153150264,0.0,0.1034553031643703,0.0,0.0116335308128299,-0.0,-0.0357942264543424,0.0,0.0397115795300244,0.0,0.048899243263051,0.0,0.0149660107367672,0.0,0.014715443263273,chip_main
2024-11-24,mid,0.0034246251188115,0.0677434983068003,-0.0044365517431002,-0.0095814275133845,0.0677434983068003,0.1897681283424255,0.0646987969477272,0.0432470721497075,0.0050535153150264,0.1034553031643703,0.0116335308128299,-0.0357942264543424,0.0397115795300244,-0.0006823949555043,0,1,0.0,0.0677434983068003,0.0,0.1897681283424255,0.0,0.0646987969477272,0.0,0.0432470721497075,0.0,0.0050535153150264,0.0,0.1034553031643703,0.0,0.0116335308128299,-0.0,-0.0357942264543424,0.0,0.0397115795300244,-0.0,-0.0095814275133845,-0.0,-0.0044365517431002,chip_main
2024-12-01,mid,0.0013349598081031,-0.0071312245327597,0.0004102810382518,-0.054682200851893,-0.0071312245327597,0.0677434983068003,0.1897681283424255,0.0646987969477272,0.0432470721497075,0.0050535153150264,0.1034553031643703,0.0116335308128299,-0.0357942264543424,0.0034246251188115,0,1,-0.0,-0.0071312245327597,0.0,0.0677434983068003,0.0,0.1897681283424255,0.0,0.0646987969477272,0.0,0.0432470721497075,0.0,0.0050535153150264,0.0,0.1034553031643703,0.0,0.0116335308128299,-0.0,-0.0357942264543424,-0.0,-0.054682200851893,0.0,0.0004102810382518,chip_main
2024-12-08,mid,0.0003616475299567,0.0462672790698128,0.0067518681739908,0.040579165665501,0.0462672790698128,-0.0071312245327597,0.0677434983068003,0.1897681283424255,0.0646987969477272,0.0432470721497075,0.0050535153150264,0.1034553031643703,0.0116335308128299,0.0013349598081031,0,1,0.0,0.0462672790698128,-0.0,-0.0071312245327597,0.0,0.0677434983068003,0.0,0.1897681283424255,0.0,0.0646987969477272,0.0,0.0432470721497075,0.0,0.0050535153150264,0.0,0.1034553031643703,0.0,0.0116335308128299,0.0,0.040579165665501,0.0,0.0067518681739908,chip_main
2024-12-15,mid,0.0057556021626341,0.0307560313734285,0.0167221897479565,-0.0382205913657927,0.0307560313734285,0.0462672790698128,-0.0071312245327597,0.0677434983068003,0.1897681283424255,0.0646987969477272,0.0432470721497075,0.0050535153150264,0.1034553031643703,0.0003616475299567,0,1,0.0,0.0307560313734285,0.0,0.0462672790698128,-0.0,-0.0071312245327597,0.0,0.0677434983068003,0.0,0.1897681283424255,0.0,0.0646987969477272,0.0,0.0432470721497075,0.0,0.0050535153150264,0.0,0.1034553031643703,-0.0,-0.0382205913657927,0.0,0.0167221897479565,chip_main
2024-12-22,mid,0.0083842484660975,0.0038157699591856,0.0068827691031714,-0.0419032359274469,0.0038157699591856,0.0307560313734285,0.0462672790698128,-0.0071312245327597,0.0677434983068003,0.1897681283424255,0.0646987969477272,0.0432470721497075,0.0050535153150264,0.0057556021626341,0,1,0.0,0.0038157699591856,0.0,0.0307560313734285,0.0,0.0462672790698128,-0.0,-0.0071312245327597,0.0,0.0677434983068003,0.0,0.1897681283424255,0.0,0.0646987969477272,0.0,0.0432470721497075,0.0,0.0050535153150264,-0.0,-0.0419032359274469,0.0,0.0068827691031714,chip_main
2024-12-29,mid,0.0040254334136586,-0.0267282623878237,0.0103649745106926,0.058273274908565,-0.0267282623878237,0.0038157699591856,0.0307560313734285,0.0462672790698128,-0.0071312245327597,0.0677434983068003,0.1897681283424255,0.0646987969477272,0.0432470721497075,0.0083842484660975,0,1,-0.0,-0.0267282623878237,0.0,0.0038157699591856,0.0,0.0307560313734285,0.0,0.0462672790698128,-0.0,-0.0071312245327597,0.0,0.0677434983068003,0.0,0.1897681283424255,0.0,0.0646987969477272,0.0,0.0432470721497075,0.0,0.058273274908565,0.0,0.0103649745106926,chip_main
2025-01-05,mid,0.0064305214164313,0.0050274225344075,0.0124029641616356,-0.0043922991029869,0.0050274225344075,-0.0267282623878237,0.0038157699591856,0.0307560313734285,0.0462672790698128,-0.0071312245327597,0.0677434983068003,0.1897681283424255,0.0646987969477272,0.0040254334136586,0,1,0.0,0.0050274225344075,-0.0,-0.0267282623878237,0.0,0.0038157699591856,0.0,0.0307560313734285,0.0,0.0462672790698128,-0.0,-0.0071312245327597,0.0,0.0677434983068003,0.0,0.1897681283424255,0.0,0.0646987969477272,-0.0,-0.0043922991029869,0.0,0.0124029641616356,chip_main
2025-01-12,mid,0.0110873277094431,-0.0068580297478497,-0.0091032932509191,0.0194421377172906,-0.0068580297478497,0.0050274225344075,-0.0267282623878237,0.0038157699591856,0.0307560313734285,0.0462672790698128,-0.0071312245327597,0.0677434983068003,0.1897681283424255,0.0064305214164313,0,1,-0.0,-0.0068580297478497,0.0,0.0050274225344075,-0.0,-0.0267282623878237,0.0,0.0038157699591856,0.0,0.0307560313734285,0.0,0.0462672790698128,-0.0,-0.0071312245327597,0.0,0.0677434983068003,0.0,0.1897681283424255,0.0,0.0194421377172906,-0.0,-0.0091032932509191,chip_main
2025-01-19,mid,0.0043069060448892,0.0414024115023998,-0.0011156350561654,-0.049522074438558,0.0414024115023998,-0.0068580297478497,0.0050274225344075,-0.0267282623878237,0.0038157699591856,0.0307560313734285,0.0462672790698128,-0.0071312245327597,0.0677434983068003,0.0110873277094431,0,1,0.0,0.0414024115023998,-0.0,-0.0068580297478497,0.0,0.0050274225344075,-0.0,-0.0267282623878237,0.0,0.0038157699591856,0.0,0.0307560313734285,0.0,0.0462672790698128,-0.0,-0.0071312245327597,0.0,0.0677434983068003,-0.0,-0.049522074438558,-0.0,-0.0011156350561654,chip_main
2025-01-26,mid,0.0049562337574297,0.0203205768237566,-0.0131484804229877,0.0711929243165299,0.0203205768237566,0.0414024115023998,-0.0068580297478497,0.0050274225344075,-0.0267282623878237,0.0038157699591856,0.0307560313734285,0.0462672790698128,-0.0071312245327597,0.0043069060448892,0,1,0.0,0.0203205768237566,0.0,0.0414024115023998,-0.0,-0.0068580297478497,0.0,0.0050274225344075,-0.0,-0.0267282623878237,0.0,0.0038157699591856,0.0,0.0307560313734285,0.0,0.0462672790698128,-0.0,-0.0071312245327597,0.0,0.0711929243165299,-0.0,-0.0131484804229877,chip_main
2025-02-02,mid,-0.0021180253162709,-0.011270472861252,-0.0018343645045177,-0.1595602079695544,-0.011270472861252,0.0203205768237566,0.0414024115023998,-0.0068580297478497,0.0050274225344075,-0.0267282623878237,0.0038157699591856,0.0307560313734285,0.0462672790698128,0.0049562337574297,0,1,-0.0,-0.011270472861252,0.0,0.0203205768237566,0.0,0.0414024115023998,-0.0,-0.0068580297478497,0.0,0.0050274225344075,-0.0,-0.0267282623878237,0.0,0.0038157699591856,0.0,0.0307560313734285,0.0,0.0462672790698128,-0.0,-0.1595602079695544,-0.0,-0.0018343645045177,chip_main
2025-02-09,mid,0.0045806379376893,-0.0409746480380235,0.0108623049869702,0.0041218770943363,-0.0409746480380235,-0.011270472861252,0.0203205768237566,0.0414024115023998,-0.0068580297478497,0.0050274225344075,-0.0267282623878237,0.0038157699591856,0.0307560313734285,-0.0021180253162709,0,1,-0.0,-0.0409746480380235,-0.0,-0.011270472861252,0.0,0.0203205768237566,0.0,0.0414024115023998,-0.0,-0.0068580297478497,0.0,0.0050274225344075,-0.0,-0.0267282623878237,0.0,0.0038157699591856,0.0,0.0307560313734285,0.0,0.0041218770943363,0.0,0.0108623049869702,chip_main
2025-02-16,mid,0.0045570625935688,-0.0091607328626679,-0.0009050218242947,0.0829048353265946,-0.0091607328626679,-0.0409746480380235,-0.011270472861252,0.0203205768237566,0.0414024115023998,-0.0068580297478497,0.0050274225344075,-0.0267282623878237,0.0038157699591856,0.0045806379376893,0,1,-0.0,-0.0091607328626679,-0.0,-0.0409746480380235,-0.0,-0.011270472861252,0.0,0.0203205768237566,0.0,0.0414024115023998,-0.0,-0.0068580297478497,0.0,0.0050274225344075,-0.0,-0.0267282623878237,0.0,0.0038157699591856,0.0,0.0829048353265946,-0.0,-0.0009050218242947,chip_main
2025-02-23,mid,0.0035182781954163,-0.0109043615146369,-0.0082837942506914,0.0291265260613,-0.0109043615146369,-0.0091607328626679,-0.0409746480380235,-0.011270472861252,0.0203205768237566,0.0414024115023998,-0.0068580297478497,0.0050274225344075,-0.0267282623878237,0.0045570625935688,0,1,-0.0,-0.0109043615146369,-0.0,-0.0091607328626679,-0.0,-0.0409746480380235,-0.0,-0.011270472861252,0.0,0.0203205768237566,0.0,0.0414024115023998,-0.0,-0.0068580297478497,0.0,0.0050274225344075,-0.0,-0.0267282623878237,0.0,0.0291265260613,-0.0,-0.0082837942506914,chip_main
2025-03-02,mid,0.0046526544211788,-0.0898429512681602,-0.001253522975638,-0.0882960609908058,-0.0898429512681602,-0.0109043615146369,-0.0091607328626679,-0.0409746480380235,-0.011270472861252,0.0203205768237566,0.0414024115023998,-0.0068580297478497,0.0050274225344075,0.0035182781954163,0,1,-0.0,-0.0898429512681602,-0.0,-0.0109043615146369,-0.0,-0.0091607328626679,-0.0,-0.0409746480380235,-0.0,-0.011270472861252,0.0,0.0203205768237566,0.0,0.0414024115023998,-0.0,-0.0068580297478497,0.0,0.0050274225344075,-0.0,-0.0882960609908058,-0.0,-0.001253522975638,chip_main
2025-03-09,mid,0.0038287650425383,-0.0088169128031019,0.0115567830399703,-0.1038899002100492,-0.0088169128031019,-0.0898429512681602,-0.0109043615146369,-0.0091607328626679,-0.0409746480380235,-0.011270472861252,0.0203205768237566,0.0414024115023998,-0.0068580297478497,0.0046526544211788,0,1,-0.0,-0.0088169128031019,-0.0,-0.0898429512681602,-0.0,-0.0109043615146369,-0.0,-0.0091607328626679,-0.0,-0.0409746480380235,-0.0,-0.011270472861252,0.0,0.0203205768237566,0.0,0.0414024115023998,-0.0,-0.0068580297478497,-0.0,-0.1038899002100492,0.0,0.0115567830399703,chip_main
2025-03-16,mid,0.0007336001086638,-0.0489238811333372,-0.0005197196980688,-0.0041139515743138,-0.0489238811333372,-0.0088169128031019,-0.0898429512681602,-0.0109043615146369,-0.0091607328626679,-0.0409746480380235,-0.011270472861252,0.0203205768237566,0.0414024115023998,0.0038287650425383,0,1,-0.0,-0.0489238811333372,-0.0,-0.0088169128031019,-0.0,-0.0898429512681602,-0.0,-0.0109043615146369,-0.0,-0.0091607328626679,-0.0,-0.0409746480380235,-0.0,-0.011270472861252,0.0,0.0203205768237566,0.0,0.0414024115023998,-0.0,-0.0041139515743138,-0.0,-0.0005197196980688,chip_main
2025-03-23,mid,-0.0001365344730055,0.0298958795022947,-0.000923419826444,0.0355843758943503,0.0298958795022947,-0.0489238811333372,-0.0088169128031019,-0.0898429512681602,-0.0109043615146369,-0.0091607328626679,-0.0409746480380235,-0.011270472861252,0.0203205768237566,0.0007336001086638,0,1,0.0,0.0298958795022947,-0.0,-0.0489238811333372,-0.0,-0.0088169128031019,-0.0,-0.0898429512681602,-0.0,-0.0109043615146369,-0.0,-0.0091607328626679,-0.0,-0.0409746480380235,-0.0,-0.011270472861252,0.0,0.0203205768237566,0.0,0.0355843758943503,-0.0,-0.000923419826444,chip_main
2025-03-30,mid,0.0004677101412376,0.0164440130822178,0.0097645435324951,-0.0209566479834153,0.0164440130822178,0.0298958795022947,-0.0489238811333372,-0.0088169128031019,-0.0898429512681602,-0.0109043615146369,-0.0091607328626679,-0.0409746480380235,-0.011270472861252,-0.0001365344730055,0,1,0.0,0.0164440130822178,0.0,0.0298958795022947,-0.0,-0.0489238811333372,-0.0,-0.0088169128031019,-0.0,-0.0898429512681602,-0.0,-0.0109043615146369,-0.0,-0.0091607328626679,-0.0,-0.0409746480380235,-0.0,-0.011270472861252,-0.0,-0.0209566479834153,0.0,0.0097645435324951,chip_main
2025-04-06,mid,-0.0021392707898931,-0.0359751097917282,0.0009903847804366,-0.0951973327257498,-0.0359751097917282,0.0164440130822178,0.0298958795022947,-0.0489238811333372,-0.0088169128031019,-0.0898429512681602,-0.0109043615146369,-0.0091607328626679,-0.0409746480380235,0.0004677101412376,0,1,-0.0,-0.0359751097917282,0.0,0.0164440130822178,0.0,0.0298958795022947,-0.0,-0.0489238811333372,-0.0,-0.0088169128031019,-0.0,-0.0898429512681602,-0.0,-0.0109043615146369,-0.0,-0.0091607328626679,-0.0,-0.0409746480380235,-0.0,-0.0951973327257498,0.0,0.0009903847804366,chip_main
2025-04-13,mid,0.0017454496472481,-0.0274894381207495,-0.0024234498029418,0.0027020897879888,-0.0274894381207495,-0.0359751097917282,0.0164440130822178,0.0298958795022947,-0.0489238811333372,-0.0088169128031019,-0.0898429512681602,-0.0109043615146369,-0.0091607328626679,-0.0021392707898931,0,1,-0.0,-0.0274894381207495,-0.0,-0.0359751097917282,0.0,0.0164440130822178,0.0,0.0298958795022947,-0.0,-0.0489238811333372,-0.0,-0.0088169128031019,-0.0,-0.0898429512681602,-0.0,-0.0109043615146369,-0.0,-0.0091607328626679,0.0,0.0027020897879888,-0.0,-0.0024234498029418,chip_main
2025-04-20,mid,-0.0012350585274019,0.0197854212178967,-0.0292331770780824,0.0190850352333367,0.0197854212178967,-0.0274894381207495,-0.0359751097917282,0.0164440130822178,0.0298958795022947,-0.0489238811333372,-0.0088169128031019,-0.0898429512681602,-0.0109043615146369,0.0017454496472481,0,1,0.0,0.0197854212178967,-0.0,-0.0274894381207495,-0.0,-0.0359751097917282,0.0,0.0164440130822178,0.0,0.0298958795022947,-0.0,-0.0489238811333372,-0.0,-0.0088169128031019,-0.0,-0.0898429512681602,-0.0,-0.0109043615146369,0.0,0.0190850352333367,-0.0,-0.0292331770780824,chip_main
2025-04-27,mid,-0.0012253839496796,0.1050409413770196,0.0048589025903797,-0.0387005625266141,0.1050409413770196,0.0197854212178967,-0.0274894381207495,-0.0359751097917282,0.0164440130822178,0.0298958795022947,-0.0489238811333372,-0.0088169128031019,-0.0898429512681602,-0.0012350585274019,0,1,0.0,0.1050409413770196,0.0,0.0197854212178967,-0.0,-0.0274894381207495,-0.0,-0.0359751097917282,0.0,0.0164440130822178,0.0,0.0298958795022947,-0.0,-0.0489238811333372,-0.0,-0.0088169128031019,-0.0,-0.0898429512681602,-0.0,-0.0387005625266141,0.0,0.0048589025903797,chip_main
2025-05-04,mid,-0.0036048320776957,0.0137679229098601,0.004058711048744,0.0699580356832454,0.0137679229098601,0.1050409413770196,0.0197854212178967,-0.0274894381207495,-0.0359751097917282,0.0164440130822178,0.0298958795022947,-0.0489238811333372,-0.0088169128031019,-0.0012253839496796,0,1,0.0,0.0137679229098601,0.0,0.1050409413770196,0.0,0.0197854212178967,-0.0,-0.0274894381207495,-0.0,-0.0359751097917282,0.0,0.0164440130822178,0.0,0.0298958795022947,-0.0,-0.0489238811333372,-0.0,-0.0088169128031019,0.0,0.0699580356832454,0.0,0.004058711048744,chip_main
2025-05-11,mid,-0.0051436059850491,0.0336588283818208,-0.0303757646069389,0.0454742721964978,0.0336588283818208,0.0137679229098601,0.1050409413770196,0.0197854212178967,-0.0274894381207495,-0.0359751097917282,0.0164440130822178,0.0298958795022947,-0.0489238811333372,-0.0036048320776957,0,1,0.0,0.0336588283818208,0.0,0.0137679229098601,0.0,0.1050409413770196,0.0,0.0197854212178967,-0.0,-0.0274894381207495,-0.0,-0.0359751097917282,0.0,0.0164440130822178,0.0,0.0298958795022947,-0.0,-0.0489238811333372,0.0,0.0454742721964978,-0.0,-0.0303757646069389,chip_main
2025-05-18,mid,-0.0030144776434369,0.0436888910885038,0.0118047845080857,0.129049771789532,0.0436888910885038,0.0336588283818208,0.0137679229098601,0.1050409413770196,0.0197854212178967,-0.0274894381207495,-0.0359751097917282,0.0164440130822178,0.0298958795022947,-0.0051436059850491,0,1,0.0,0.0436888910885038,0.0,0.0336588283818208,0.0,0.0137679229098601,0.0,0.1050409413770196,0.0,0.0197854212178967,-0.0,-0.0274894381207495,-0.0,-0.0359751097917282,0.0,0.0164440130822178,0.0,0.0298958795022947,0.0,0.129049771789532,0.0,0.0118047845080857,chip_main
2025-05-25,mid,-0.0020237080538708,0.0203618825011595,-0.0138810655260943,0.0117411071374835,0.0203618825011595,0.0436888910885038,0.0336588283818208,0.0137679229098601,0.1050409413770196,0.0197854212178967,-0.0274894381207495,-0.0359751097917282,0.0164440130822178,-0.0030144776434369,0,1,0.0,0.0203618825011595,0.0,0.0436888910885038,0.0,0.0336588283818208,0.0,0.0137679229098601,0.0,0.1050409413770196,0.0,0.0197854212178967,-0.0,-0.0274894381207495,-0.0,-0.0359751097917282,0.0,0.0164440130822178,0.0,0.0117411071374835,-0.0,-0.0138810655260943,chip_main
2025-06-01,mid,-0.0080301425472147,-0.0153010938519457,-0.0120214098825552,0.0221440042501281,-0.0153010938519457,0.0203618825011595,0.0436888910885038,0.0336588283818208,0.0137679229098601,0.1050409413770196,0.0197854212178967,-0.0274894381207495,-0.0359751097917282,-0.0020237080538708,0,1,-0.0,-0.0153010938519457,0.0,0.0203618825011595,0.0,0.0436888910885038,0.0,0.0336588283818208,0.0,0.0137679229098601,0.0,0.1050409413770196,0.0,0.0197854212178967,-0.0,-0.0274894381207495,-0.0,-0.0359751097917282,0.0,0.0221440042501281,-0.0,-0.0120214098825552,chip_main
2025-06-08,mid,-0.0063870897016936,-0.0261309421581614,-5.8329534925682935e-05,0.0310227026767808,-0.0261309421581614,-0.0153010938519457,0.0203618825011595,0.0436888910885038,0.0336588283818208,0.0137679229098601,0.1050409413770196,0.0197854212178967,-0.0274894381207495,-0.0080301425472147,0,1,-0.0,-0.0261309421581614,-0.0,-0.0153010938519457,0.0,0.0203618825011595,0.0,0.0436888910885038,0.0,0.0336588283818208,0.0,0.0137679229098601,0.0,0.1050409413770196,0.0,0.0197854212178967,-0.0,-0.0274894381207495,0.0,0.0310227026767808,-0.0,-5.8329534925682935e-05,chip_main
2025-06-15,mid,-0.0038285279858197,0.0238044773816206,-0.008631500027163,0.0200489528858023,0.0238044773816206,-0.0261309421581614,-0.0153010938519457,0.0203618825011595,0.0436888910885038,0.0336588283818208,0.0137679229098601,0.1050409413770196,0.0197854212178967,-0.0063870897016936,0,1,0.0,0.0238044773816206,-0.0,-0.0261309421581614,-0.0,-0.0153010938519457,0.0,0.0203618825011595,0.0,0.0436888910885038,0.0,0.0336588283818208,0.0,0.0137679229098601,0.0,0.1050409413770196,0.0,0.0197854212178967,0.0,0.0200489528858023,-0.0,-0.008631500027163,chip_main
2025-06-22,mid,-0.0061231941183733,-0.0263153788466325,0.0083003823695113,0.0087812978977801,-0.0263153788466325,0.0238044773816206,-0.0261309421581614,-0.0153010938519457,0.0203618825011595,0.0436888910885038,0.0336588283818208,0.0137679229098601,0.1050409413770196,-0.0038285279858197,0,1,-0.0,-0.0263153788466325,0.0,0.0238044773816206,-0.0,-0.0261309421581614,-0.0,-0.0153010938519457,0.0,0.0203618825011595,0.0,0.0436888910885038,0.0,0.0336588283818208,0.0,0.0137679229098601,0.0,0.1050409413770196,0.0,0.0087812978977801,0.0,0.0083003823695113,chip_main
2025-07-20,mid,-0.0008601997146734,0.0472094144153949,0.0102135071925486,0.0497911421614061,0.0472094144153949,0.0655528402704384,0.0097553365982818,0.0199698540942101,-0.0263153788466325,0.0238044773816206,-0.0261309421581614,-0.0153010938519457,0.0203618825011595,-0.0061231941183733,0,1,0.0,0.0472094144153949,0.0,0.0655528402704384,0.0,0.0097553365982818,0.0,0.0199698540942101,-0.0,-0.0263153788466325,0.0,0.0238044773816206,-0.0,-0.0261309421581614,-0.0,-0.0153010938519457,0.0,0.0203618825011595,0.0,0.0497911421614061,0.0,0.0102135071925486,chip_main
2025-07-27,mid,-0.0055257360990913,-0.0054272587653976,-0.0036586153878488,0.0057955749527538,-0.0054272587653976,0.0472094144153949,0.0655528402704384,0.0097553365982818,0.0199698540942101,-0.0263153788466325,0.0238044773816206,-0.0261309421581614,-0.0153010938519457,-0.0008601997146734,0,1,-0.0,-0.0054272587653976,0.0,0.0472094144153949,0.0,0.0655528402704384,0.0,0.0097553365982818,0.0,0.0199698540942101,-0.0,-0.0263153788466325,0.0,0.0238044773816206,-0.0,-0.0261309421581614,-0.0,-0.0153010938519457,0.0,0.0057955749527538,-0.0,-0.0036586153878488,chip_main
2025-08-03,mid,-0.002482096540057,-0.0172198949752946,0.0066650995419106,0.030730495307413,-0.0172198949752946,-0.0054272587653976,0.0472094144153949,0.0655528402704384,0.0097553365982818,0.0199698540942101,-0.0263153788466325,0.0238044773816206,-0.0261309421581614,-0.0055257360990913,0,1,-0.0,-0.0172198949752946,-0.0,-0.0054272587653976,0.0,0.0472094144153949,0.0,0.0655528402704384,0.0,0.0097553365982818,0.0,0.0199698540942101,-0.0,-0.0263153788466325,0.0,0.0238044773816206,-0.0,-0.0261309421581614,0.0,0.030730495307413,0.0,0.0066650995419106,chip_main
2025-08-10,mid,-0.0043706648045014,0.0033958111333447,-0.0020526921508841,0.02023545968893,0.0033958111333447,-0.0172198949752946,-0.0054272587653976,0.0472094144153949,0.0655528402704384,0.0097553365982818,0.0199698540942101,-0.0263153788466325,0.0238044773816206,-0.002482096540057,0,1,0.0,0.0033958111333447,-0.0,-0.0172198949752946,-0.0,-0.0054272587653976,0.0,0.0472094144153949,0.0,0.0655528402704384,0.0,0.0097553365982818,0.0,0.0199698540942101,-0.0,-0.0263153788466325,0.0,0.0238044773816206,0.0,0.02023545968893,-0.0,-0.0020526921508841,chip_main
2025-08-17,mid,0.001124693692338,0.022744695735323,-0.0003448179398874,0.0090035182619612,0.022744695735323,0.0033958111333447,-0.0172198949752946,-0.0054272587653976,0.0472094144153949,0.0655528402704384,0.0097553365982818,0.0199698540942101,-0.0263153788466325,-0.0043706648045014,0,1,0.0,0.022744695735323,0.0,0.0033958111333447,-0.0,-0.0172198949752946,-0.0,-0.0054272587653976,0.0,0.0472094144153949,0.0,0.0655528402704384,0.0,0.0097553365982818,0.0,0.0199698540942101,-0.0,-0.0263153788466325,0.0,0.0090035182619612,-0.0,-0.0003448179398874,chip_main
2025-08-24,mid,-0.0025315182937155,-0.036364343164351,0.0050964473265846,-0.0260103766233044,-0.036364343164351,0.022744695735323,0.0033958111333447,-0.0172198949752946,-0.0054272587653976,0.0472094144153949,0.0655528402704384,0.0097553365982818,0.0199698540942101,0.001124693692338,0,1,-0.0,-0.036364343164351,0.0,0.022744695735323,0.0,0.0033958111333447,-0.0,-0.0172198949752946,-0.0,-0.0054272587653976,0.0,0.0472094144153949,0.0,0.0655528402704384,0.0,0.0097553365982818,0.0,0.0199698540942101,-0.0,-0.0260103766233044,0.0,0.0050964473265846,chip_main
2025-08-31,mid,-0.0045687222158408,-0.038492375794501,-0.0028319956939633,0.0128946489721242,-0.038492375794501,-0.036364343164351,0.022744695735323,0.0033958111333447,-0.0172198949752946,-0.0054272587653976,0.0472094144153949,0.0655528402704384,0.0097553365982818,-0.0025315182937155,0,1,-0.0,-0.038492375794501,-0.0,-0.036364343164351,0.0,0.022744695735323,0.0,0.0033958111333447,-0.0,-0.0172198949752946,-0.0,-0.0054272587653976,0.0,0.0472094144153949,0.0,0.0655528402704384,0.0,0.0097553365982818,0.0,0.0128946489721242,-0.0,-0.0028319956939633,chip_main
2025-09-07,mid,-0.0019065694481642,0.0050728600367051,0.0021604847226752,-0.0542267286216917,0.0050728600367051,-0.038492375794501,-0.036364343164351,0.022744695735323,0.0033958111333447,-0.0172198949752946,-0.0054272587653976,0.0472094144153949,0.0655528402704384,-0.0045687222158408,0,1,0.0,0.0050728600367051,-0.0,-0.038492375794501,-0.0,-0.036364343164351,0.0,0.022744695735323,0.0,0.0033958111333447,-0.0,-0.0172198949752946,-0.0,-0.0054272587653976,0.0,0.0472094144153949,0.0,0.0655528402704384,-0.0,-0.0542267286216917,0.0,0.0021604847226752,chip_main
2025-09-14,mid,-0.0013465947577303,0.03239089067781,-0.0032901920026109,0.0245535066551383,0.03239089067781,0.0050728600367051,-0.038492375794501,-0.036364343164351,0.022744695735323,0.0033958111333447,-0.0172198949752946,-0.0054272587653976,0.0472094144153949,-0.0019065694481642,0,1,0.0,0.03239089067781,0.0,0.0050728600367051,-0.0,-0.038492375794501,-0.0,-0.036364343164351,0.0,0.022744695735323,0.0,0.0033958111333447,-0.0,-0.0172198949752946,-0.0,-0.0054272587653976,0.0,0.0472094144153949,0.0,0.0245535066551383,-0.0,-0.0032901920026109,chip_main
2025-09-21,mid,-0.0009942477667894,0.0141465433649408,-0.0019409713857196,0.0052639819522584,0.0141465433649408,0.03239089067781,0.0050728600367051,-0.038492375794501,-0.036364343164351,0.022744695735323,0.0033958111333447,-0.0172198949752946,-0.0054272587653976,-0.0013465947577303,0,1,0.0,0.0141465433649408,0.0,0.03239089067781,0.0,0.0050728600367051,-0.0,-0.038492375794501,-0.0,-0.036364343164351,0.0,0.022744695735323,0.0,0.0033958111333447,-0.0,-0.0172198949752946,-0.0,-0.0054272587653976,0.0,0.0052639819522584,-0.0,-0.0019409713857196,chip_main
2025-09-28,mid,-0.0013150055949195,-0.0322120044107876,0.0098071780227524,0.0215540286581044,-0.0322120044107876,0.0141465433649408,0.03239089067781,0.0050728600367051,-0.038492375794501,-0.036364343164351,0.022744695735323,0.0033958111333447,-0.0172198949752946,-0.0009942477667894,0,1,-0.0,-0.0322120044107876,0.0,0.0141465433649408,0.0,0.03239089067781,0.0,0.0050728600367051,-0.0,-0.038492375794501,-0.0,-0.036364343164351,0.0,0.022744695735323,0.0,0.0033958111333447,-0.0,-0.0172198949752946,0.0,0.0215540286581044,0.0,0.0098071780227524,chip_main
2025-10-05,mid,-0.0032533156985485,0.0716441604951256,0.0040941508040033,0.0408271292345112,0.0716441604951256,-0.0322120044107876,0.0141465433649408,0.03239089067781,0.0050728600367051,-0.038492375794501,-0.036364343164351,0.022744695735323,0.0033958111333447,-0.0013150055949195,0,1,0.0,0.0716441604951256,-0.0,-0.0322120044107876,0.0,0.0141465433649408,0.0,0.03239089067781,0.0,0.0050728600367051,-0.0,-0.038492375794501,-0.0,-0.036364343164351,0.0,0.022744695735323,0.0,0.0033958111333447,0.0,0.0408271292345112,0.0,0.0040941508040033,chip_main
2025-10-12,mid,-0.0016774347451734,0.0055570409023602,0.0079310301033608,0.0033948205814464,0.0055570409023602,0.0716441604951256,-0.0322120044107876,0.0141465433649408,0.03239089067781,0.0050728600367051,-0.038492375794501,-0.036364343164351,0.022744695735323,-0.0032533156985485,0,1,0.0,0.0055570409023602,0.0,0.0716441604951256,-0.0,-0.0322120044107876,0.0,0.0141465433649408,0.0,0.03239089067781,0.0,0.0050728600367051,-0.0,-0.038492375794501,-0.0,-0.036364343164351,0.0,0.022744695735323,0.0,0.0033948205814464,0.0,0.0079310301033608,chip_main
2025-10-19,mid,0.005122057937543,-0.0755263303703337,0.0064505614335113,-0.0240126417634165,-0.0755263303703337,0.0055570409023602,0.0716441604951256,-0.0322120044107876,0.0141465433649408,0.03239089067781,0.0050728600367051,-0.038492375794501,-0.036364343164351,-0.0016774347451734,0,1,-0.0,-0.0755263303703337,0.0,0.0055570409023602,0.0,0.0716441604951256,-0.0,-0.0322120044107876,0.0,0.0141465433649408,0.0,0.03239089067781,0.0,0.0050728600367051,-0.0,-0.038492375794501,-0.0,-0.036364343164351,-0.0,-0.0240126417634165,0.0,0.0064505614335113,chip_main
2025-10-26,mid,-0.0017939938319047,0.0134425332865646,0.0022581842501727,-0.0006980495096158,0.0134425332865646,-0.0755263303703337,0.0055570409023602,0.0716441604951256,-0.0322120044107876,0.0141465433649408,0.03239089067781,0.0050728600367051,-0.038492375794501,0.005122057937543,0,1,0.0,0.0134425332865646,-0.0,-0.0755263303703337,0.0,0.0055570409023602,0.0,0.0716441604951256,-0.0,-0.0322120044107876,0.0,0.0141465433649408,0.0,0.03239089067781,0.0,0.0050728600367051,-0.0,-0.038492375794501,-0.0,-0.0006980495096158,0.0,0.0022581842501727,chip_main
2025-11-02,mid,-0.0035263129399603,-0.001811716167456,0.000771751001757,0.096223721479582,-0.001811716167456,0.0134425332865646,-0.0755263303703337,0.0055570409023602,0.0716441604951256,-0.0322120044107876,0.0141465433649408,0.03239089067781,0.0050728600367051,-0.0017939938319047,0,1,-0.0,-0.001811716167456,0.0,0.0134425332865646,-0.0,-0.0755263303703337,0.0,0.0055570409023602,0.0,0.0716441604951256,-0.0,-0.0322120044107876,0.0,0.0141465433649408,0.0,0.03239089067781,0.0,0.0050728600367051,0.0,0.096223721479582,0.0,0.000771751001757,chip_main
2025-11-09,mid,0.0049191950548529,-0.0563115455769072,0.005806631823745,-0.028497721490325,-0.0563115455769072,-0.001811716167456,0.0134425332865646,-0.0755263303703337,0.0055570409023602,0.0716441604951256,-0.0322120044107876,0.0141465433649408,0.03239089067781,-0.0035263129399603,0,1,-0.0,-0.0563115455769072,-0.0,-0.001811716167456,0.0,0.0134425332865646,-0.0,-0.0755263303703337,0.0,0.0055570409023602,0.0,0.0716441604951256,-0.0,-0.0322120044107876,0.0,0.0141465433649408,0.0,0.03239089067781,-0.0,-0.028497721490325,0.0,0.005806631823745,chip_main
2025-11-16,mid,0.0032149425529194,-0.0345212217962505,0.0169927155450935,-0.0139775837347322,-0.0345212217962505,-0.0563115455769072,-0.001811716167456,0.0134425332865646,-0.0755263303703337,0.0055570409023602,0.0716441604951256,-0.0322120044107876,0.0141465433649408,0.0049191950548529,0,1,-0.0,-0.0345212217962505,-0.0,-0.0563115455769072,-0.0,-0.001811716167456,0.0,0.0134425332865646,-0.0,-0.0755263303703337,0.0,0.0055570409023602,0.0,0.0716441604951256,-0.0,-0.0322120044107876,0.0,0.0141465433649408,-0.0,-0.0139775837347322,0.0,0.0169927155450935,chip_main
2025-11-23,mid,0.0011597214632579,-0.1071778177182594,-0.0003540580193082,-0.052193749191522,-0.1071778177182594,-0.0345212217962505,-0.0563115455769072,-0.001811716167456,0.0134425332865646,-0.0755263303703337,0.0055570409023602,0.0716441604951256,-0.0322120044107876,0.0032149425529194,0,1,-0.0,-0.1071778177182594,-0.0,-0.0345212217962505,-0.0,-0.0563115455769072,-0.0,-0.001811716167456,0.0,0.0134425332865646,-0.0,-0.0755263303703337,0.0,0.0055570409023602,0.0,0.0716441604951256,-0.0,-0.0322120044107876,-0.0,-0.052193749191522,-0.0,-0.0003540580193082,chip_main
2025-11-30,mid,0.0010003432615732,0.0171511784751103,0.0048421210693554,-0.0186557321208393,0.0171511784751103,-0.1071778177182594,-0.0345212217962505,-0.0563115455769072,-0.001811716167456,0.0134425332865646,-0.0755263303703337,0.0055570409023602,0.0716441604951256,0.0011597214632579,0,1,0.0,0.0171511784751103,-0.0,-0.1071778177182594,-0.0,-0.0345212217962505,-0.0,-0.0563115455769072,-0.0,-0.001811716167456,0.0,0.0134425332865646,-0.0,-0.0755263303703337,0.0,0.0055570409023602,0.0,0.0716441604951256,-0.0,-0.0186557321208393,0.0,0.0048421210693554,chip_main
2025-12-07,mid,0.000868529109144,0.0064348011781767,0.000147582794522,0.0108441097286409,0.0064348011781767,0.0171511784751103,-0.1071778177182594,-0.0345212217962505,-0.0563115455769072,-0.001811716167456,0.0134425332865646,-0.0755263303703337,0.0055570409023602,0.0010003432615732,0,1,0.0,0.0064348011781767,0.0,0.0171511784751103,-0.0,-0.1071778177182594,-0.0,-0.0345212217962505,-0.0,-0.0563115455769072,-0.0,-0.001811716167456,0.0,0.0134425332865646,-0.0,-0.0755263303703337,0.0,0.0055570409023602,0.0,0.0108441097286409,0.0,0.000147582794522,chip_main
2025-12-14,mid,0.0009639496169771,0.0071725055032452,0.0010333956223185,0.0036786656116278,0.0071725055032452,0.0064348011781767,0.0171511784751103,-0.1071778177182594,-0.0345212217962505,-0.0563115455769072,-0.001811716167456,0.0134425332865646,-0.0755263303703337,0.000868529109144,0,1,0.0,0.0071725055032452,0.0,0.0064348011781767,0.0,0.0171511784751103,-0.0,-0.1071778177182594,-0.0,-0.0345212217962505,-0.0,-0.0563115455769072,-0.0,-0.001811716167456,0.0,0.0134425332865646,-0.0,-0.0755263303703337,0.0,0.0036786656116278,0.0,0.0010333956223185,chip_main
2025-12-21,mid,0.0037285463911734,-0.0397561868882512,0.0016783383894543,-0.0336628368992188,-0.0397561868882512,0.0071725055032452,0.0064348011781767,0.0171511784751103,-0.1071778177182594,-0.0345212217962505,-0.0563115455769072,-0.001811716167456,0.0134425332865646,0.0009639496169771,0,1,-0.0,-0.0397561868882512,0.0,0.0071725055032452,0.0,0.0064348011781767,0.0,0.0171511784751103,-0.0,-0.1071778177182594,-0.0,-0.0345212217962505,-0.0,-0.0563115455769072,-0.0,-0.001811716167456,0.0,0.0134425332865646,-0.0,-0.0336628368992188,0.0,0.0016783383894543,chip_main
2025-12-28,mid,0.003559557250236,-0.0090119081009447,-0.0021876193193568,0.0660087935314077,-0.0090119081009447,-0.0397561868882512,0.0071725055032452,0.0064348011781767,0.0171511784751103,-0.1071778177182594,-0.0345212217962505,-0.0563115455769072,-0.001811716167456,0.0037285463911734,0,1,-0.0,-0.0090119081009447,-0.0,-0.0397561868882512,0.0,0.0071725055032452,0.0,0.0064348011781767,0.0,0.0171511784751103,-0.0,-0.1071778177182594,-0.0,-0.0345212217962505,-0.0,-0.0563115455769072,-0.0,-0.001811716167456,0.0,0.0660087935314077,-0.0,-0.0021876193193568,chip_main
2026-01-04,mid,0.0033864400969734,0.007358043232049,-0.020277702095087,-0.0011525414680413,0.007358043232049,-0.0090119081009447,-0.0397561868882512,0.0071725055032452,0.0064348011781767,0.0171511784751103,-0.1071778177182594,-0.0345212217962505,-0.0563115455769072,0.003559557250236,0,1,0.0,0.007358043232049,-0.0,-0.0090119081009447,-0.0,-0.0397561868882512,0.0,0.0071725055032452,0.0,0.0064348011781767,0.0,0.0171511784751103,-0.0,-0.1071778177182594,-0.0,-0.0345212217962505,-0.0,-0.0563115455769072,-0.0,-0.0011525414680413,-0.0,-0.020277702095087,chip_main
2026-01-11,mid,0.0053276677404093,0.0355168662132534,0.004192446829669,-0.004852804487907,0.0355168662132534,0.007358043232049,-0.0090119081009447,-0.0397561868882512,0.0071725055032452,0.0064348011781767,0.0171511784751103,-0.1071778177182594,-0.0345212217962505,0.0033864400969734,0,1,0.0,0.0355168662132534,0.0,0.007358043232049,-0.0,-0.0090119081009447,-0.0,-0.0397561868882512,0.0,0.0071725055032452,0.0,0.0064348011781767,0.0,0.0171511784751103,-0.0,-0.1071778177182594,-0.0,-0.0345212217962505,-0.0,-0.004852804487907,0.0,0.004192446829669,chip_main
2026-01-18,mid,0.0224926014914947,0.0458962692496243,0.0134217053198453,-0.007721109231686,0.0458962692496243,0.0355168662132534,0.007358043232049,-0.0090119081009447,-0.0397561868882512,0.0071725055032452,0.0064348011781767,0.0171511784751103,-0.1071778177182594,0.0053276677404093,0,1,0.0,0.0458962692496243,0.0,0.0355168662132534,0.0,0.007358043232049,-0.0,-0.0090119081009447,-0.0,-0.0397561868882512,0.0,0.0071725055032452,0.0,0.0064348011781767,0.0,0.0171511784751103,-0.0,-0.1071778177182594,-0.0,-0.007721109231686,0.0,0.0134217053198453,chip_main
2026-01-25,mid,0.0499667688360211,-0.0668182954928369,0.0032799002192831,-0.0107766602331462,-0.0668182954928369,0.0458962692496243,0.0355168662132534,0.007358043232049,-0.0090119081009447,-0.0397561868882512,0.0071725055032452,0.0064348011781767,0.0171511784751103,0.0224926014914947,0,1,-0.0,-0.0668182954928369,0.0,0.0458962692496243,0.0,0.0355168662132534,0.0,0.007358043232049,-0.0,-0.0090119081009447,-0.0,-0.0397561868882512,0.0,0.0071725055032452,0.0,0.0064348011781767,0.0,0.0171511784751103,-0.0,-0.0107766602331462,0.0,0.0032799002192831,chip_main
2026-02-01,mid,0.0710361726326668,-0.0704483743410051,-0.0237758532474421,0.0352173255506409,-0.0704483743410051,-0.0668182954928369,0.0458962692496243,0.0355168662132534,0.007358043232049,-0.0090119081009447,-0.0397561868882512,0.0071725055032452,0.0064348011781767,0.0499667688360211,0,1,-0.0,-0.0704483743410051,-0.0,-0.0668182954928369,0.0,0.0458962692496243,0.0,0.0355168662132534,0.0,0.007358043232049,-0.0,-0.0090119081009447,-0.0,-0.0397561868882512,0.0,0.0071725055032452,0.0,0.0064348011781767,0.0,0.0352173255506409,-0.0,-0.0237758532474421,chip_main
2026-02-08,mid,0.0128505224170458,-0.1538003768060711,0.014171440609096,-0.0575128529796256,-0.1538003768060711,-0.0704483743410051,-0.0668182954928369,0.0458962692496243,0.0355168662132534,0.007358043232049,-0.0090119081009447,-0.0397561868882512,0.0071725055032452,0.0710361726326668,0,1,-0.0,-0.1538003768060711,-0.0,-0.0704483743410051,-0.0,-0.0668182954928369,0.0,0.0458962692496243,0.0,0.0355168662132534,0.0,0.007358043232049,-0.0,-0.0090119081009447,-0.0,-0.0397561868882512,0.0,0.0071725055032452,-0.0,-0.0575128529796256,0.0,0.014171440609096,chip_main
2026-02-15,mid,0.0006485650144498,-0.049875634380438,-0.0023986750374609,0.045012514909688,-0.049875634380438,-0.1538003768060711,-0.0704483743410051,-0.0668182954928369,0.0458962692496243,0.0355168662132534,0.007358043232049,-0.0090119081009447,-0.0397561868882512,0.0128505224170458,0,1,-0.0,-0.049875634380438,-0.0,-0.1538003768060711,-0.0,-0.0704483743410051,-0.0,-0.0668182954928369,0.0,0.0458962692496243,0.0,0.0355168662132534,0.0,0.007358043232049,-0.0,-0.0090119081009447,-0.0,-0.0397561868882512,0.0,0.045012514909688,-0.0,-0.0023986750374609,chip_main
2026-02-22,mid,-0.0040975104896715,-0.0144671433327907,-0.0074128756162608,1.545434299554671e-05,-0.0144671433327907,-0.049875634380438,-0.1538003768060711,-0.0704483743410051,-0.0668182954928369,0.0458962692496243,0.0355168662132534,0.007358043232049,-0.0090119081009447,0.0006485650144498,0,1,-0.0,-0.0144671433327907,-0.0,-0.049875634380438,-0.0,-0.1538003768060711,-0.0,-0.0704483743410051,-0.0,-0.0668182954928369,0.0,0.0458962692496243,0.0,0.0355168662132534,0.0,0.007358043232049,-0.0,-0.0090119081009447,0.0,1.545434299554671e-05,-0.0,-0.0074128756162608,chip_main
2026-03-01,mid,0.0027873902835146,-0.0272142344734547,-0.0031687838167311,0.0033536499868498,-0.0272142344734547,-0.0144671433327907,-0.049875634380438,-0.1538003768060711,-0.0704483743410051,-0.0668182954928369,0.0458962692496243,0.0355168662132534,0.007358043232049,-0.0040975104896715,0,1,-0.0,-0.0272142344734547,-0.0,-0.0144671433327907,-0.0,-0.049875634380438,-0.0,-0.1538003768060711,-0.0,-0.0704483743410051,-0.0,-0.0668182954928369,0.0,0.0458962692496243,0.0,0.0355168662132534,0.0,0.007358043232049,0.0,0.0033536499868498,-0.0,-0.0031687838167311,chip_main
2026-03-08,mid,-0.0095140300659183,0.0668538830049527,0.0177696395237418,-0.037643701901266,0.0668538830049527,-0.0272142344734547,-0.0144671433327907,-0.049875634380438,-0.1538003768060711,-0.0704483743410051,-0.0668182954928369,0.0458962692496243,0.0355168662132534,0.0027873902835146,0,1,0.0,0.0668538830049527,-0.0,-0.0272142344734547,-0.0,-0.0144671433327907,-0.0,-0.049875634380438,-0.0,-0.1538003768060711,-0.0,-0.0704483743410051,-0.0,-0.0668182954928369,0.0,0.0458962692496243,0.0,0.0355168662132534,-0.0,-0.037643701901266,0.0,0.0177696395237418,chip_main
2026-03-15,mid,-0.0066515772360374,0.0313233387449294,0.0072707090787345,0.0111311052699436,0.0313233387449294,0.0668538830049527,-0.0272142344734547,-0.0144671433327907,-0.049875634380438,-0.1538003768060711,-0.0704483743410051,-0.0668182954928369,0.0458962692496243,-0.0095140300659183,0,1,0.0,0.0313233387449294,0.0,0.0668538830049527,-0.0,-0.0272142344734547,-0.0,-0.0144671433327907,-0.0,-0.049875634380438,-0.0,-0.1538003768060711,-0.0,-0.0704483743410051,-0.0,-0.0668182954928369,0.0,0.0458962692496243,0.0,0.0111311052699436,0.0,0.0072707090787345,chip_main
2026-03-22,mid,-0.0067183891214477,0.0143440464751876,0.0139545709367183,-0.0222224279201119,0.0143440464751876,0.0313233387449294,0.0668538830049527,-0.0272142344734547,-0.0144671433327907,-0.049875634380438,-0.1538003768060711,-0.0704483743410051,-0.0668182954928369,-0.0066515772360374,0,1,0.0,0.0143440464751876,0.0,0.0313233387449294,0.0,0.0668538830049527,-0.0,-0.0272142344734547,-0.0,-0.0144671433327907,-0.0,-0.049875634380438,-0.0,-0.1538003768060711,-0.0,-0.0704483743410051,-0.0,-0.0668182954928369,-0.0,-0.0222224279201119,0.0,0.0139545709367183,chip_main
2026-03-29,mid,-0.0127227990875927,-0.0316186735962418,0.0034198655361867,-0.0323673685439773,-0.0316186735962418,0.0143440464751876,0.0313233387449294,0.0668538830049527,-0.0272142344734547,-0.0144671433327907,-0.049875634380438,-0.1538003768060711,-0.0704483743410051,-0.0067183891214477,0,1,-0.0,-0.0316186735962418,0.0,0.0143440464751876,0.0,0.0313233387449294,0.0,0.0668538830049527,-0.0,-0.0272142344734547,-0.0,-0.0144671433327907,-0.0,-0.049875634380438,-0.0,-0.1538003768060711,-0.0,-0.0704483743410051,-0.0,-0.0323673685439773,0.0,0.0034198655361867,chip_main
