Id,Name,ram_model,memory_gen,memory_speed,cl_value,capacity,capacity_gb,2025-07-01,2025-07-02,2025-07-03,2025-07-04,2025-07-08,2025-07-09,2025-07-10,2025-07-11,2025-07-12,2025-07-13,2025-07-14,2025-07-15,2025-07-16,2025-07-17,2025-07-18,2025-07-19,2025-07-20,2025-07-21,2025-07-22,2025-07-23,2025-07-24,2025-07-25,2025-07-26,2025-07-27,2025-07-28,2025-07-29,2025-07-30,2025-07-31
21593129,ADATA DDR4-3200 CL16 GAMMIX D35 블랙 패키지,ADATA GAMMIX D35 블랙 패키지,DDR4,3200,CL16,16GB(8GX2),16,0,0,0,0,0,71960,71960,71960,71960,71960,71960,71960,71960,71960,71960,71960,71960,71960,71960,71960,71960,71960,71960,71960,71960,71960,71960,71960
20754074,ADATA DDR4-3200 CL16 SPECTRIX D35G RGB 화이트 패키지,ADATA SPECTRIX D35G RGB 화이트 패키지,DDR4,3200,CL16,32GB(16GX2),32,0,0,0,0,0,109890,109890,109890,109890,109890,109890,109890,109890,109890,109890,109880,109880,109870,106300,119890,119880,119880,118570,118560,118560,118550,118550,115990
20754074,ADATA DDR4-3200 CL16 SPECTRIX D35G RGB 화이트 패키지,ADATA SPECTRIX D35G RGB 화이트 패키지,DDR4,3200,CL16,16GB(8GX2),16,0,0,0,0,0,71900,71900,75100,73490,73490,73490,72690,72690,72690,72690,72690,72690,72690,70300,72690,72690,75100,79900,0,0,0,0,0
11868160,ADATA DDR4-3200 CL22 코잇,ADATA 코잇,DDR4,3200,CL22,32GB,32,0,0,0,0,0,91000,91000,91000,91000,91000,91000,91000,91000,94720,94720,94720,94720,94720,94720,94720,94720,94720,94720,94720,94720,94720,94720,94720
11868160,ADATA DDR4-3200 CL22 코잇,ADATA 코잇,DDR4,3200,CL22,16GB,16,0,0,0,0,0,43000,43000,43000,43000,43000,43000,43000,43000,43000,43000,43000,43000,43000,43000,43000,43000,43000,43000,43000,43000,43000,43000,43000
11868160,ADATA DDR4-3200 CL22 코잇,ADATA 코잇,DDR4,3200,CL22,8GB,8,0,0,0,0,0,76300,76300,76300,76300,76300,76300,76300,76300,76300,76300,76300,76300,76300,76300,76300,76300,76300,76300,76300,76300,76300,76300,76300
94450319,ADATA DDR4-3200 CL22 파인인포,ADATA 파인인포,DDR4,3200,CL22,16GB,16,0,0,0,0,0,0,0,0,0,0,0,0,0,0,0,0,0,0,66780,66510,68300,68300,68290,68280,68270,68240,68200,65730
94450319,ADATA DDR4-3200 CL22 파인인포,ADATA 파인인포,DDR4,3200,CL22,8GB,8,0,0,0,0,0,0,0,0,0,0,0,0,0,0,0,0,0,0,35690,34950,35900,35900,35890,35880,35870,35840,35800,35020
94450340,ADATA DDR4-3200 CL22 파인인포,ADATA 파인인포,DDR4,3200,CL22,16GB,16,0,0,0,0,0,0,0,0,0,0,0,0,0,0,0,0,0,0,0,66510,0,0,0,0,0,0,0,0
94450340,ADATA DDR4-3200 CL22 파인인포,ADATA 파인인포,DDR4,3200,CL22,8GB,8,0,0,0,0,0,0,0,0,0,0,0,0,0,0,0,0,0,0,0,34950,0,0,0,0,0,0,0,0
21592844,ADATA DDR4-3600 CL18 GAMMIX D35 블랙 패키지,ADATA GAMMIX D35 블랙 패키지,DDR4,3600,CL18,16GB(8GX2),16,0,0,0,0,0,74620,74620,74620,74620,74620,74620,74620,74620,74620,74620,74620,74620,74620,74620,74620,74620,74620,0,74620,74620,74620,74620,74620
20754176,ADATA DDR4-3600 CL18 SPECTRIX D35G RGB 화이트 패키지 코잇,ADATA SPECTRIX D35G RGB 화이트 패키지 코잇,DDR4,3600,CL18,32GB(16GX2),32,0,0,0,0,0,105500,105500,110050,143210,143210,143210,143210,143210,144520,144520,159230,159230,0,0,0,0,0,0,0,0,0,0,0
20754176,ADATA DDR4-3600 CL18 SPECTRIX D35G RGB 화이트 패키지 코잇,ADATA SPECTRIX D35G RGB 화이트 패키지 코잇,DDR4,3600,CL18,16GB(8GX2),16,0,0,0,0,0,64970,64970,64970,64970,64970,64970,64980,65000,65000,65000,65000,65000,0,0,0,0,0,0,0,0,0,0,0
20754203,ADATA DDR4-3600 CL18 SPECTRIX D35G RGB 화이트 패키지 코잇,ADATA SPECTRIX D35G RGB 화이트 패키지 코잇,DDR4,3600,CL18,32GB(16GX2),32,0,0,0,0,0,0,0,0,0,0,0,0,0,0,0,0,0,159230,154300,119900,119900,119890,123000,122980,122980,122170,122150,115990
20754203,ADATA DDR4-3600 CL18 SPECTRIX D35G RGB 화이트 패키지 코잇,ADATA SPECTRIX D35G RGB 화이트 패키지 코잇,DDR4,3600,CL18,16GB(8GX2),16,0,0,0,0,0,0,0,0,0,0,0,0,0,0,0,0,0,65000,65000,65000,73710,80990,80990,80990,80990,80990,79540,72160
93804950,ADATA DDR5-4800 CL40 서린,ADATA 서린,DDR5,4800,CL40,16GB,16,0,0,0,0,0,0,51680,53000,53000,53000,53000,53000,53000,53000,53000,53000,53000,53000,53000,53000,53000,53000,53000,53000,53000,53000,57000,57000
93804950,ADATA DDR5-4800 CL40 서린,ADATA 서린,DDR5,4800,CL40,32GB,32,0,0,0,0,0,0,98390,101000,101000,101000,101000,101000,101000,101000,101000,101000,101000,101000,101000,101000,101000,101000,101000,101000,101000,101000,112000,112000
93804974,ADATA DDR5-4800 CL40 서린,ADATA 서린,DDR5,4800,CL40,16GB,16,0,0,0,0,0,0,51680,53000,0,0,0,0,0,0,0,0,0,0,0,0,0,0,0,0,0,0,0,0
93804974,ADATA DDR5-4800 CL40 서린,ADATA 서린,DDR5,4800,CL40,32GB,32,0,0,0,0,0,0,98390,101000,0,0,0,0,0,0,0,0,0,0,0,0,0,0,0,0,0,0,0,0
15598844,ADATA DDR5-5200 CL38 LANCER RGB 블랙 패키지,ADATA LANCER RGB 블랙 패키지,DDR5,5200,CL38,32GB(16GX2),32,0,0,0,0,0,200000,200000,200000,200000,200000,200000,200000,200000,200000,200000,200000,200000,200000,200000,200000,200000,200000,200000,200000,200000,200000,200000,200000
15598841,ADATA DDR5-5200 CL38 LANCER 블랙 패키지,ADATA LANCER 블랙 패키지,DDR5,5200,CL38,32GB(16GX2),32,0,0,0,0,0,789760,789760,789760,789760,790980,790980,790980,790980,790980,790980,790980,790980,790980,790980,790980,790980,790980,790980,790980,790980,790980,790890,790850
76071389,ADATA DDR5-5600 CL46 ECC/REG,ADATA ECC/REG,DDR5,5600,CL46,32GB,32,0,0,0,0,0,0,0,0,0,0,0,0,0,0,0,276630,276630,276630,276630,276630,260000,270000,270000,270000,270000,270000,261900,261900
81036575,ADATA DDR5-5600 CL46 LANCER BLADE 블랙 서린,ADATA LANCER BLADE 블랙 서린,DDR5,5600,CL46,16GB,16,0,0,0,0,0,63000,63000,63000,63000,63000,63000,63000,63000,63000,63000,63000,63000,63000,63000,63000,60700,63000,63000,63000,63000,63000,63000,63000
81036575,ADATA DDR5-5600 CL46 LANCER BLADE 블랙 서린,ADATA LANCER BLADE 블랙 서린,DDR5,5600,CL46,32GB,32,0,0,0,0,0,118000,118000,118000,118000,118000,118000,118000,118000,118000,118000,118000,118000,118000,118000,118000,114900,118000,118000,118000,118000,118000,117990,118000
81036614,ADATA DDR5-5600 CL46 LANCER BLADE 블랙 서린,ADATA LANCER BLADE 블랙 서린,DDR5,5600,CL46,16GB,16,0,0,0,0,0,63000,63000,63000,63000,63000,63000,63000,0,0,0,0,0,63000,63000,63000,60700,63000,63000,63000,63000,63000,63000,63000
81036614,ADATA DDR5-5600 CL46 LANCER BLADE 블랙 서린,ADATA LANCER BLADE 블랙 서린,DDR5,5600,CL46,32GB,32,0,0,0,0,0,118000,118000,118000,118000,118000,118000,118000,0,0,0,0,0,118000,118000,118000,114900,118000,118000,118000,118000,118000,117990,118000
81036653,ADATA DDR5-5600 CL46 LANCER BLADE 화이트 서린,ADATA LANCER BLADE 화이트 서린,DDR5,5600,CL46,16GB,16,0,0,0,0,0,63000,63000,63000,63000,63000,63000,63000,63000,63000,63000,63000,63000,63000,63000,63000,60700,62900,62900,62900,62900,62900,62900,63000
81036653,ADATA DDR5-5600 CL46 LANCER BLADE 화이트 서린,ADATA LANCER BLADE 화이트 서린,DDR5,5600,CL46,32GB,32,0,0,0,0,0,118000,118000,118000,118000,118000,118000,118000,118000,118000,118000,118000,118000,118000,118000,118000,114900,117900,117900,117900,117900,117900,117890,117900
81036776,ADATA DDR5-5600 CL46 LANCER BLADE 화이트 서린,ADATA LANCER BLADE 화이트 서린,DDR5,5600,CL46,16GB,16,0,0,0,0,0,63000,63000,63000,63000,0,0,0,0,0,0,0,0,0,0,0,0,0,0,0,0,0,62900,63000
81036776,ADATA DDR5-5600 CL46 LANCER BLADE 화이트 서린,ADATA LANCER BLADE 화이트 서린,DDR5,5600,CL46,32GB,32,0,0,0,0,0,118000,118000,118000,118000,0,0,0,0,0,0,0,0,0,0,0,0,0,0,0,0,0,117890,117900
51553754,ADATA DDR5-5600 CL46 PMIC락 코잇,ADATA PMIC락 코잇,DDR5,5600,CL46,16GB,16,0,0,0,0,0,66900,66900,66900,66900,66900,66900,66900,66900,66900,66900,66900,66900,66900,66900,66900,66900,66900,66900,66900,66900,66900,66900,66900
27940799,ADATA DDR5-5600 CL46 코잇,ADATA 코잇,DDR5,5600,CL46,32GB,32,0,0,0,0,0,112510,112510,112510,112510,112510,112510,0,0,0,0,113120,113120,113120,110370,113130,112690,161000,161000,161000,131850,121250,121240,119980
27940799,ADATA DDR5-5600 CL46 코잇,ADATA 코잇,DDR5,5600,CL46,16GB,16,0,0,0,0,0,57110,57110,57110,57110,57110,57110,0,0,0,0,57000,57000,57000,57000,57000,57000,57000,57000,57000,57000,57000,58700,58320
27940781,ADATA DDR5-5600 CL46 코잇,ADATA 코잇,DDR5,5600,CL46,32GB,32,0,0,0,0,0,0,0,0,0,0,0,112510,112510,113120,113120,0,0,0,0,0,0,0,0,0,0,0,0,0
27940781,ADATA DDR5-5600 CL46 코잇,ADATA 코잇,DDR5,5600,CL46,16GB,16,0,0,0,0,0,0,0,0,0,0,0,57110,57110,57110,57110,0,0,0,0,0,0,0,0,0,0,0,0,0
28395059,ADATA DDR5-5600 CL46 패키지 코잇,ADATA 패키지 코잇,DDR5,5600,CL46,32GB(16GX2),32,0,0,0,0,0,152000,152000,153900,152000,152000,152000,152000,152000,152000,152000,152000,152000,152000,147140,152000,152000,162000,162000,162000,162000,162000,157140,147140
68918885,ADATA DDR5-5600 CL46-45-45 서린,ADATA -45-45 서린,DDR5,5600,CL46,32GB,32,0,0,0,0,0,114000,114000,114000,113990,113990,114000,114000,113990,114000,114000,114000,114000,114000,0,0,0,0,0,113980,113990,113980,113890,113980
68918885,ADATA DDR5-5600 CL46-45-45 서린,ADATA -45-45 서린,DDR5,5600,CL46,16GB,16,0,0,0,0,0,59000,59000,59000,58990,58990,59000,59000,58990,59000,59000,59000,59000,59000,0,0,0,0,0,58990,59000,58990,58860,57120
68918912,ADATA DDR5-5600 CL46-45-45 서린,ADATA -45-45 서린,DDR5,5600,CL46,32GB,32,0,0,0,0,0,0,0,0,0,0,0,0,0,0,0,0,0,0,114000,113990,113990,113980,113980,0,0,0,0,0
68918912,ADATA DDR5-5600 CL46-45-45 서린,ADATA -45-45 서린,DDR5,5600,CL46,16GB,16,0,0,0,0,0,0,0,0,0,0,0,0,0,0,0,0,0,0,59000,59000,59000,58990,58990,0,0,0,0,0
29822102,ADATA DDR5-5600 CL46-45-45 코잇,ADATA -45-45 코잇,DDR5,5600,CL46,32GB,32,0,0,0,0,0,108710,108710,108710,108710,108710,108710,108710,0,0,0,0,0,109900,109900,109900,109900,109900,0,0,0,0,0,0
29822102,ADATA DDR5-5600 CL46-45-45 코잇,ADATA -45-45 코잇,DDR5,5600,CL46,16GB,16,0,0,0,0,0,55260,55260,55260,55260,55260,55260,55260,0,0,0,0,0,55260,54030,55260,55260,55260,0,0,0,0,0,0
29822126,ADATA DDR5-5600 CL46-45-45 코잇,ADATA -45-45 코잇,DDR5,5600,CL46,32GB,32,0,0,0,0,0,0,0,0,0,0,0,0,108710,108710,108710,108710,108710,0,0,0,0,0,109900,109900,109900,109900,109900,109900
29822126,ADATA DDR5-5600 CL46-45-45 코잇,ADATA -45-45 코잇,DDR5,5600,CL46,16GB,16,0,0,0,0,0,0,0,0,0,0,0,0,55260,55260,55260,55260,55260,0,0,0,0,0,55260,55260,55260,58045,58670,54030
79397219,ADATA DDR5-5600 CL46-45-45 파인인포,ADATA -45-45 파인인포,DDR5,5600,CL46,32GB,32,0,0,0,0,0,104800,104800,104800,104800,104800,104800,104800,107350,107340,107340,107340,107340,107350,108340,109800,109800,109800,109830,0,0,122900,122240,122230
79397219,ADATA DDR5-5600 CL46-45-45 파인인포,ADATA -45-45 파인인포,DDR5,5600,CL46,16GB,16,0,0,0,0,0,55260,55260,55260,55260,55260,55260,55260,55900,55890,55890,55890,55890,55900,54050,55900,55900,55890,55890,55890,55890,55890,55890,54050
79397198,ADATA DDR5-5600 CL46-45-45 파인인포,ADATA -45-45 파인인포,DDR5,5600,CL46,32GB,32,0,0,0,0,0,104800,104800,104800,104800,104800,104800,0,107350,107340,107340,107340,107340,0,0,0,0,0,0,0,0,0,0,0
79397198,ADATA DDR5-5600 CL46-45-45 파인인포,ADATA -45-45 파인인포,DDR5,5600,CL46,16GB,16,0,0,0,0,0,55260,55260,55260,55260,55260,55260,0,55900,55890,55890,55890,55890,0,0,0,0,0,0,0,0,0,0,0
19229168,ADATA DDR5-6000 CL30 CASTER RGB 패키지 코잇,ADATA CASTER RGB 패키지 코잇,DDR5,6000,CL30,32GB(16GX2),32,0,0,0,0,0,179000,179000,179000,179000,179000,179000,179000,179000,179000,179000,179000,179000,179000,179000,179000,179000,179000,179000,179000,179000,179000,179000,179000
68902697,ADATA DDR5-6000 CL30 CASTER 패키지 서린,ADATA CASTER 패키지 서린,DDR5,6000,CL30,32GB(16GX2),32,0,0,0,0,0,184500,184500,184500,184500,184500,184500,184500,184500,184500,184500,184500,184500,184500,184500,184500,184500,184500,184500,184500,184500,184500,184500,184500
68788067,ADATA DDR5-6000 CL30 LANCER BLADE RGB 블랙 패키지 서린,ADATA LANCER BLADE RGB 블랙 패키지 서린,DDR5,6000,CL30,64GB(32GX2),64,0,0,0,0,0,350000,350000,349990,349940,349990,0,0,0,0,0,0,0,352500,352500,352500,352500,352500,334870,334870,352500,334870,350000,350000
68788067,ADATA DDR5-6000 CL30 LANCER BLADE RGB 블랙 패키지 서린,ADATA LANCER BLADE RGB 블랙 패키지 서린,DDR5,6000,CL30,48GB(24GX2),48,0,0,0,0,0,232980,232980,232980,232980,232980,0,0,0,0,0,0,0,235000,235000,235000,237500,237500,237500,237500,237500,237500,250000,250000
68788067,ADATA DDR5-6000 CL30 LANCER BLADE RGB 블랙 패키지 서린,ADATA LANCER BLADE RGB 블랙 패키지 서린,DDR5,6000,CL30,32GB(16GX2),32,0,0,0,0,0,156500,180000,179990,180000,180000,0,0,0,0,0,0,0,180000,180000,141500,141500,141500,180000,180000,180000,180000,180000,180000
68788052,ADATA DDR5-6000 CL30 LANCER BLADE RGB 블랙 패키지 서린,ADATA LANCER BLADE RGB 블랙 패키지 서린,DDR5,6000,CL30,64GB(32GX2),64,0,0,0,0,0,0,0,0,0,0,350000,350000,349990,350000,350000,352500,352500,0,0,0,0,0,0,0,0,0,0,0
68788052,ADATA DDR5-6000 CL30 LANCER BLADE RGB 블랙 패키지 서린,ADATA LANCER BLADE RGB 블랙 패키지 서린,DDR5,6000,CL30,48GB(24GX2),48,0,0,0,0,0,0,0,0,0,0,232980,232980,232980,232980,232980,232980,232980,0,0,0,0,0,0,0,0,0,0,0
68788052,ADATA DDR5-6000 CL30 LANCER BLADE RGB 블랙 패키지 서린,ADATA LANCER BLADE RGB 블랙 패키지 서린,DDR5,6000,CL30,32GB(16GX2),32,0,0,0,0,0,0,0,0,0,0,180000,180000,180000,180000,180000,180000,180000,0,0,0,0,0,0,0,0,0,0,0
46365512,ADATA DDR5-6000 CL30 LANCER BLADE RGB 블랙 패키지 코잇,ADATA LANCER BLADE RGB 블랙 패키지 코잇,DDR5,6000,CL30,64GB(32GX2),64,0,0,0,0,0,353980,353980,353980,353980,353980,353980,353980,353980,353980,353980,353980,353980,354000,354000,354000,354000,354000,354000,354000,354000,354000,354000,354000
46365512,ADATA DDR5-6000 CL30 LANCER BLADE RGB 블랙 패키지 코잇,ADATA LANCER BLADE RGB 블랙 패키지 코잇,DDR5,6000,CL30,32GB(16GX2),32,0,0,0,0,0,174000,174000,174000,174000,174000,174000,174000,174000,174000,174000,174000,174000,174000,174000,174000,174000,174000,174000,174000,174000,174000,174000,174000
93179096,ADATA DDR5-6000 CL30 LANCER BLADE RGB 블랙 패키지 파인인포,ADATA LANCER BLADE RGB 블랙 패키지 파인인포,DDR5,6000,CL30,64GB(32GX2),64,0,0,0,0,0,334720,334720,334720,334720,334720,334720,334720,334720,338090,338090,338090,338090,349990,349980,349980,339500,339500,349980,349970,339500,339490,339490,339490
93179096,ADATA DDR5-6000 CL30 LANCER BLADE RGB 블랙 패키지 파인인포,ADATA LANCER BLADE RGB 블랙 패키지 파인인포,DDR5,6000,CL30,48GB(24GX2),48,0,0,0,0,0,231710,231710,231710,231710,231710,231710,231710,231710,234050,234050,234050,234050,235000,234990,234990,234990,234990,234990,234990,234990,234990,234990,234990
93179096,ADATA DDR5-6000 CL30 LANCER BLADE RGB 블랙 패키지 파인인포,ADATA LANCER BLADE RGB 블랙 패키지 파인인포,DDR5,6000,CL30,32GB(16GX2),32,0,0,0,0,0,179990,179990,179990,179990,179990,179990,179990,179990,179990,179990,179990,179990,180000,180000,180000,180000,180000,180000,180000,180000,179990,179990,179990
93179111,ADATA DDR5-6000 CL30 LANCER BLADE RGB 블랙 패키지 파인인포,ADATA LANCER BLADE RGB 블랙 패키지 파인인포,DDR5,6000,CL30,64GB(32GX2),64,0,0,0,0,0,334720,334720,334720,334720,334720,334720,334720,334720,338090,338090,338090,338090,349990,349980,349980,339500,339500,349980,349970,339500,339490,339490,339490
93179111,ADATA DDR5-6000 CL30 LANCER BLADE RGB 블랙 패키지 파인인포,ADATA LANCER BLADE RGB 블랙 패키지 파인인포,DDR5,6000,CL30,48GB(24GX2),48,0,0,0,0,0,231710,231710,231710,231710,231710,231710,231710,231710,234050,234050,234050,234050,235000,234990,234990,234990,234990,234990,234990,234990,234990,234990,234990
93179111,ADATA DDR5-6000 CL30 LANCER BLADE RGB 블랙 패키지 파인인포,ADATA LANCER BLADE RGB 블랙 패키지 파인인포,DDR5,6000,CL30,32GB(16GX2),32,0,0,0,0,0,179990,179990,179990,179990,179990,179990,179990,179990,179990,179990,179990,179990,180000,180000,180000,180000,180000,180000,180000,180000,179990,179990,179990
68788100,ADATA DDR5-6000 CL30 LANCER BLADE RGB 화이트 패키지 서린,ADATA LANCER BLADE RGB 화이트 패키지 서린,DDR5,6000,CL30,64GB(32GX2),64,0,0,0,0,0,350000,350000,349990,349940,349990,350000,350000,0,0,0,0,0,350000,350000,350000,350000,349990,317250,317250,350000,317250,368000,368000
68788100,ADATA DDR5-6000 CL30 LANCER BLADE RGB 화이트 패키지 서린,ADATA LANCER BLADE RGB 화이트 패키지 서린,DDR5,6000,CL30,48GB(24GX2),48,0,0,0,0,0,232980,232980,232980,232980,232980,232980,232980,0,0,0,0,0,232980,232980,232980,232980,232980,235000,235000,235000,234880,234880,234880
68788100,ADATA DDR5-6000 CL30 LANCER BLADE RGB 화이트 패키지 서린,ADATA LANCER BLADE RGB 화이트 패키지 서린,DDR5,6000,CL30,32GB(16GX2),32,0,0,0,0,0,180000,180000,179990,180000,180000,180000,180000,0,0,0,0,0,180000,180000,180000,180000,180000,173370,173370,180000,173370,193000,193000
68788121,ADATA DDR5-6000 CL30 LANCER BLADE RGB 화이트 패키지 서린,ADATA LANCER BLADE RGB 화이트 패키지 서린,DDR5,6000,CL30,64GB(32GX2),64,0,0,0,0,0,0,0,0,0,0,0,0,349990,350000,350000,350000,350000,0,0,0,0,0,0,0,0,0,0,0
68788121,ADATA DDR5-6000 CL30 LANCER BLADE RGB 화이트 패키지 서린,ADATA LANCER BLADE RGB 화이트 패키지 서린,DDR5,6000,CL30,48GB(24GX2),48,0,0,0,0,0,0,0,0,0,0,0,0,232980,232980,232980,232980,232980,0,0,0,0,0,0,0,0,0,0,0
68788121,ADATA DDR5-6000 CL30 LANCER BLADE RGB 화이트 패키지 서린,ADATA LANCER BLADE RGB 화이트 패키지 서린,DDR5,6000,CL30,32GB(16GX2),32,0,0,0,0,0,0,0,0,0,0,0,0,180000,180000,180000,180000,180000,0,0,0,0,0,0,0,0,0,0,0
46390997,ADATA DDR5-6000 CL30 LANCER BLADE RGB 화이트 패키지 코잇,ADATA LANCER BLADE RGB 화이트 패키지 코잇,DDR5,6000,CL30,64GB(32GX2),64,0,0,0,0,0,353990,353990,354000,354000,354000,354000,354000,354000,354000,354000,0,0,0,354000,0,0,0,0,0,0,0,0,0
46390997,ADATA DDR5-6000 CL30 LANCER BLADE RGB 화이트 패키지 코잇,ADATA LANCER BLADE RGB 화이트 패키지 코잇,DDR5,6000,CL30,32GB(16GX2),32,0,0,0,0,0,174000,174000,174000,174000,174000,174000,174000,174000,174000,174000,0,0,0,174000,0,0,0,0,0,0,0,0,0
27785618,ADATA DDR5-6000 CL30 LANCER BLADE RGB 화이트 패키지 코잇,ADATA LANCER BLADE RGB 화이트 패키지 코잇,DDR5,6000,CL30,64GB(32GX2),64,0,0,0,0,0,0,0,0,0,0,0,0,0,0,0,354000,354000,354000,0,354000,354000,354000,354000,354000,354000,354000,353990,353990
27785618,ADATA DDR5-6000 CL30 LANCER BLADE RGB 화이트 패키지 코잇,ADATA LANCER BLADE RGB 화이트 패키지 코잇,DDR5,6000,CL30,32GB(16GX2),32,0,0,0,0,0,0,0,0,0,0,0,0,0,0,0,174000,174000,174000,0,177920,179400,174000,174000,174000,174000,174000,174000,174000
93179012,ADATA DDR5-6000 CL30 LANCER BLADE RGB 화이트 패키지 파인인포,ADATA LANCER BLADE RGB 화이트 패키지 파인인포,DDR5,6000,CL30,64GB(32GX2),64,0,0,0,0,0,349990,349990,349990,349990,349990,349990,338090,338090,338090,338090,338000,338000,338000,337990,337990,337990,337990,337990,337990,337990,337990,337990,337990
93179012,ADATA DDR5-6000 CL30 LANCER BLADE RGB 화이트 패키지 파인인포,ADATA LANCER BLADE RGB 화이트 패키지 파인인포,DDR5,6000,CL30,48GB(24GX2),48,0,0,0,0,0,234990,234990,234990,234990,234990,234990,234990,234990,234990,234990,234900,234900,234900,234890,234890,234890,234890,234890,234890,234890,234890,234890,234890
93179012,ADATA DDR5-6000 CL30 LANCER BLADE RGB 화이트 패키지 파인인포,ADATA LANCER BLADE RGB 화이트 패키지 파인인포,DDR5,6000,CL30,32GB(16GX2),32,0,0,0,0,0,179990,179990,179990,179990,179990,179990,179270,179270,179270,179270,179260,179260,179260,179250,179250,179250,179250,179250,179250,179250,179250,179250,179250
57504575,ADATA DDR5-6000 CL30 LANCER BLADE 블랙 코잇,ADATA LANCER BLADE 블랙 코잇,DDR5,6000,CL30,16GB,16,0,0,0,0,0,79780,79780,79780,79780,79780,79900,79900,79900,79900,79900,79900,79900,79900,79900,79900,79900,79900,79900,79900,79900,79900,79900,79900
68787806,ADATA DDR5-6000 CL30 LANCER BLADE 블랙 패키지 서린,ADATA LANCER BLADE 블랙 패키지 서린,DDR5,6000,CL30,64GB(32GX2),64,0,0,0,0,0,335000,0,0,0,0,0,0,0,0,0,0,0,0,0,0,342500,342500,325370,325370,342500,325370,340000,340000
68787806,ADATA DDR5-6000 CL30 LANCER BLADE 블랙 패키지 서린,ADATA LANCER BLADE 블랙 패키지 서린,DDR5,6000,CL30,32GB(16GX2),32,0,0,0,0,0,147500,0,0,0,0,0,0,0,0,0,0,0,0,0,0,134500,134500,134500,134500,175000,175000,183840,183840
68787917,ADATA DDR5-6000 CL30 LANCER BLADE 블랙 패키지 서린,ADATA LANCER BLADE 블랙 패키지 서린,DDR5,6000,CL30,64GB(32GX2),64,0,0,0,0,0,0,340000,335000,335000,335000,335000,335000,335000,335000,335000,342500,342500,342500,342500,342500,0,0,0,0,0,0,0,0
68787917,ADATA DDR5-6000 CL30 LANCER BLADE 블랙 패키지 서린,ADATA LANCER BLADE 블랙 패키지 서린,DDR5,6000,CL30,32GB(16GX2),32,0,0,0,0,0,0,147500,147500,147500,147500,147500,147500,147500,147500,147500,175000,175000,175000,175000,134500,0,0,0,0,0,0,0,0
93178988,ADATA DDR5-6000 CL30 LANCER BLADE 블랙 패키지 파인인포,ADATA LANCER BLADE 블랙 패키지 파인인포,DDR5,6000,CL30,64GB(32GX2),64,0,0,0,0,0,339990,339990,339990,339990,339990,339990,339990,339990,339990,339990,339990,339990,340000,339990,339990,339990,339990,339990,339990,339990,339990,0,0
93178988,ADATA DDR5-6000 CL30 LANCER BLADE 블랙 패키지 파인인포,ADATA LANCER BLADE 블랙 패키지 파인인포,DDR5,6000,CL30,32GB(16GX2),32,0,0,0,0,0,164990,164990,164990,164990,164990,164990,164990,164990,164990,164990,164990,164990,165000,175000,175000,175000,175000,175000,175000,175000,175000,0,0
93178967,ADATA DDR5-6000 CL30 LANCER BLADE 블랙 패키지 파인인포,ADATA LANCER BLADE 블랙 패키지 파인인포,DDR5,6000,CL30,64GB(32GX2),64,0,0,0,0,0,0,339990,339990,339990,0,0,0,0,0,0,0,0,0,0,0,0,0,0,0,0,339990,339990,339990
93178967,ADATA DDR5-6000 CL30 LANCER BLADE 블랙 패키지 파인인포,ADATA LANCER BLADE 블랙 패키지 파인인포,DDR5,6000,CL30,32GB(16GX2),32,0,0,0,0,0,0,164990,164990,164990,0,0,0,0,0,0,0,0,0,0,0,0,0,0,0,0,175000,0,0
60247529,ADATA DDR5-6000 CL30 LANCER BLADE 화이트 코잇,ADATA LANCER BLADE 화이트 코잇,DDR5,6000,CL30,16GB,16,0,0,0,0,0,79900,79900,79900,79900,79900,79900,79900,69000,69000,69000,69000,69000,69000,69000,69000,69000,69000,69000,69000,69000,69000,69000,69000
68787956,ADATA DDR5-6000 CL30 LANCER BLADE 화이트 패키지 서린,ADATA LANCER BLADE 화이트 패키지 서린,DDR5,6000,CL30,64GB(32GX2),64,0,0,0,0,0,340000,340000,339990,339940,339990,340000,340000,339990,340000,340000,340000,340000,340000,340000,340000,340000,339990,325370,325370,340000,325370,360000,360000
68787956,ADATA DDR5-6000 CL30 LANCER BLADE 화이트 패키지 서린,ADATA LANCER BLADE 화이트 패키지 서린,DDR5,6000,CL30,32GB(16GX2),32,0,0,0,0,0,134500,134500,134500,134500,134500,134500,134500,134500,134500,134500,134500,134500,134500,134500,134500,134500,134500,134500,134500,134500,134500,183840,183840
93178919,ADATA DDR5-6000 CL30 LANCER BLADE 화이트 패키지 파인인포,ADATA LANCER BLADE 화이트 패키지 파인인포,DDR5,6000,CL30,64GB(32GX2),64,0,0,0,0,0,339990,339990,339990,339990,339990,339990,339990,339990,339990,339990,339990,339990,340000,339990,339990,339990,339990,339990,339990,339990,339990,339990,339990
93178919,ADATA DDR5-6000 CL30 LANCER BLADE 화이트 패키지 파인인포,ADATA LANCER BLADE 화이트 패키지 파인인포,DDR5,6000,CL30,32GB(16GX2),32,0,0,0,0,0,164990,164990,164990,164990,164990,164990,164990,164990,164990,164990,164990,164990,165000,175000,175000,165000,165000,165000,165000,165000,164990,164990,164980
93178940,ADATA DDR5-6000 CL30 LANCER BLADE 화이트 패키지 파인인포,ADATA LANCER BLADE 화이트 패키지 파인인포,DDR5,6000,CL30,64GB(32GX2),64,0,0,0,0,0,0,0,0,0,0,339990,339990,339990,339990,339990,339990,339990,340000,339990,339990,339990,339990,339990,339990,339990,339990,339990,339990
93178940,ADATA DDR5-6000 CL30 LANCER BLADE 화이트 패키지 파인인포,ADATA LANCER BLADE 화이트 패키지 파인인포,DDR5,6000,CL30,32GB(16GX2),32,0,0,0,0,0,0,0,0,0,0,164990,164990,164990,164990,164990,164990,164990,165000,175000,175000,165000,165000,165000,165000,165000,164990,164990,164980
68914628,ADATA DDR5-6000 CL30 LANCER RGB 블랙 패키지 서린,ADATA LANCER RGB 블랙 패키지 서린,DDR5,6000,CL30,64GB(32GX2),64,0,0,0,0,0,359900,0,0,0,0,0,359900,0,0,0,0,0,359900,0,0,0,0,0,0,0,0,0,0
68914628,ADATA DDR5-6000 CL30 LANCER RGB 블랙 패키지 서린,ADATA LANCER RGB 블랙 패키지 서린,DDR5,6000,CL30,32GB(16GX2),32,0,0,0,0,0,196000,0,0,0,0,0,196000,0,0,0,0,0,196000,0,0,0,0,0,0,0,0,0,0
68914589,ADATA DDR5-6000 CL30 LANCER RGB 블랙 패키지 서린,ADATA LANCER RGB 블랙 패키지 서린,DDR5,6000,CL30,64GB(32GX2),64,0,0,0,0,0,0,359900,359890,359840,359890,359900,0,359890,359900,359900,359890,359890,0,359900,359900,359900,359890,359890,359890,359900,359900,359900,359900
68914589,ADATA DDR5-6000 CL30 LANCER RGB 블랙 패키지 서린,ADATA LANCER RGB 블랙 패키지 서린,DDR5,6000,CL30,32GB(16GX2),32,0,0,0,0,0,0,196000,196000,196000,196000,196000,0,196000,196000,196000,178650,178650,0,198500,198500,198500,198500,178650,178650,198500,178650,196000,196000
19235489,ADATA DDR5-6000 CL30 LANCER RGB 블랙 패키지 코잇,ADATA LANCER RGB 블랙 패키지 코잇,DDR5,6000,CL30,64GB(32GX2),64,0,0,0,0,0,328000,328000,328000,328000,328000,328000,328000,328000,328000,335000,335000,335000,335000,335000,335000,335000,335000,335000,335000,335000,335000,334990,334990
19235489,ADATA DDR5-6000 CL30 LANCER RGB 블랙 패키지 코잇,ADATA LANCER RGB 블랙 패키지 코잇,DDR5,6000,CL30,32GB(16GX2),32,0,0,0,0,0,176420,176420,176420,176420,176420,176420,176420,176420,176420,176420,176420,176420,176420,176420,176420,176420,176420,176420,176420,176420,176420,176420,176420
93629063,ADATA DDR5-6000 CL30 LANCER RGB 블랙 패키지 파인인포,ADATA LANCER RGB 블랙 패키지 파인인포,DDR5,6000,CL30,64GB(32GX2),64,0,0,0,0,0,366830,366830,366830,366830,366830,366830,355000,355000,355000,355000,354990,354990,354990,354990,354990,355000,355000,355000,355000,355000,355000,354990,354990
93629063,ADATA DDR5-6000 CL30 LANCER RGB 블랙 패키지 파인인포,ADATA LANCER RGB 블랙 패키지 파인인포,DDR5,6000,CL30,32GB(16GX2),32,0,0,0,0,0,185000,185000,185000,185000,185000,185000,180250,180250,184990,184990,184990,184990,185000,184990,184990,184990,184990,184990,184990,184990,184990,184990,184980
93502490,ADATA DDR5-6000 CL30 LANCER RGB 블랙 패키지 파인인포,ADATA LANCER RGB 블랙 패키지 파인인포,DDR5,6000,CL30,64GB(32GX2),64,0,0,0,0,0,366830,366830,366830,0,0,0,0,0,0,0,0,0,354990,0,354990,355000,355000,355000,355000,355000,355000,354990,354990
93502490,ADATA DDR5-6000 CL30 LANCER RGB 블랙 패키지 파인인포,ADATA LANCER RGB 블랙 패키지 파인인포,DDR5,6000,CL30,32GB(16GX2),32,0,0,0,0,0,185000,185000,185000,0,0,0,0,0,0,0,0,0,185000,0,184990,184990,184990,184990,184990,184990,184990,184990,184980
68915270,ADATA DDR5-6000 CL30 LANCER RGB 화이트 패키지 서린,ADATA LANCER RGB 화이트 패키지 서린,DDR5,6000,CL30,64GB(32GX2),64,0,0,0,0,0,360000,360000,359990,359940,359990,360000,360000,0,0,0,0,0,360000,360000,360000,360000,359990,359990,359990,360000,360000,370000,370000
68915270,ADATA DDR5-6000 CL30 LANCER RGB 화이트 패키지 서린,ADATA LANCER RGB 화이트 패키지 서린,DDR5,6000,CL30,32GB(16GX2),32,0,0,0,0,0,196000,196000,196000,196000,196000,196000,196000,0,0,0,0,0,196000,196000,196000,196000,196000,196000,196000,196000,196000,205000,205000
68915192,ADATA DDR5-6000 CL30 LANCER RGB 화이트 패키지 서린,ADATA LANCER RGB 화이트 패키지 서린,DDR5,6000,CL30,64GB(32GX2),64,0,0,0,0,0,0,0,0,0,0,0,0,359990,360000,360000,359990,359990,0,0,0,0,0,0,0,0,0,0,0
68915192,ADATA DDR5-6000 CL30 LANCER RGB 화이트 패키지 서린,ADATA LANCER RGB 화이트 패키지 서린,DDR5,6000,CL30,32GB(16GX2),32,0,0,0,0,0,0,0,0,0,0,0,0,196000,196000,196000,196000,196000,0,0,0,0,0,0,0,0,0,0,0
19235582,ADATA DDR5-6000 CL30 LANCER RGB 화이트 패키지 코잇,ADATA LANCER RGB 화이트 패키지 코잇,DDR5,6000,CL30,64GB(32GX2),64,0,0,0,0,0,366040,366040,366040,366040,366040,366040,366040,0,0,366040,366040,366040,366040,366040,366040,366040,366040,0,366040,366040,366040,366040,366040
19235582,ADATA DDR5-6000 CL30 LANCER RGB 화이트 패키지 코잇,ADATA LANCER RGB 화이트 패키지 코잇,DDR5,6000,CL30,32GB(16GX2),32,0,0,0,0,0,176410,176410,176410,176410,176410,176410,176410,0,0,176410,176410,176410,178630,178630,178630,178630,178630,0,178630,178630,178630,178630,178630
19235594,ADATA DDR5-6000 CL30 LANCER RGB 화이트 패키지 코잇,ADATA LANCER RGB 화이트 패키지 코잇,DDR5,6000,CL30,64GB(32GX2),64,0,0,0,0,0,0,0,0,0,0,0,0,366040,366040,0,0,0,0,0,0,0,0,366040,0,0,0,0,0
19235594,ADATA DDR5-6000 CL30 LANCER RGB 화이트 패키지 코잇,ADATA LANCER RGB 화이트 패키지 코잇,DDR5,6000,CL30,32GB(16GX2),32,0,0,0,0,0,0,0,0,0,0,0,0,176410,176410,0,0,0,0,0,0,0,0,178630,0,0,0,0,0
93629033,ADATA DDR5-6000 CL30 LANCER RGB 화이트 패키지 파인인포,ADATA LANCER RGB 화이트 패키지 파인인포,DDR5,6000,CL30,64GB(32GX2),64,0,0,0,0,0,366830,366830,366830,366830,366830,366830,345870,345870,354990,354990,354990,354990,354990,354980,354980,354980,354980,354980,354980,354980,354980,354980,354980
93629033,ADATA DDR5-6000 CL30 LANCER RGB 화이트 패키지 파인인포,ADATA LANCER RGB 화이트 패키지 파인인포,DDR5,6000,CL30,32GB(16GX2),32,0,0,0,0,0,185000,185000,185000,185000,185000,185000,180250,180250,184990,184990,184990,184990,185000,184990,184990,184990,184990,184990,184990,184990,184990,184990,184990
93502517,ADATA DDR5-6000 CL30 LANCER RGB 화이트 패키지 파인인포,ADATA LANCER RGB 화이트 패키지 파인인포,DDR5,6000,CL30,64GB(32GX2),64,0,0,0,0,0,366830,366830,366830,366830,0,0,345870,345870,354990,0,0,354990,354990,354980,354980,354980,354980,354980,354980,354980,354980,0,0
93502517,ADATA DDR5-6000 CL30 LANCER RGB 화이트 패키지 파인인포,ADATA LANCER RGB 화이트 패키지 파인인포,DDR5,6000,CL30,32GB(16GX2),32,0,0,0,0,0,185000,185000,185000,185000,0,0,180250,180250,184990,0,0,184990,185000,184990,184990,184990,184990,184990,184990,184990,184990,0,0
68914226,ADATA DDR5-6000 CL30 LANCER 블랙 패키지 서린,ADATA LANCER 블랙 패키지 서린,DDR5,6000,CL30,64GB(32GX2),64,0,0,0,0,0,345000,345000,344990,344940,344990,345000,345000,344990,345000,345000,345000,345000,345000,345000,345000,345000,345000,0,0,0,0,0,0
68914226,ADATA DDR5-6000 CL30 LANCER 블랙 패키지 서린,ADATA LANCER 블랙 패키지 서린,DDR5,6000,CL30,32GB(16GX2),32,0,0,0,0,0,179000,186870,179000,179000,179000,179000,179000,179000,179000,179000,189000,189000,189000,189000,189000,189000,189000,0,0,0,0,0,0
68914400,ADATA DDR5-6000 CL30 LANCER 블랙 패키지 서린,ADATA LANCER 블랙 패키지 서린,DDR5,6000,CL30,64GB(32GX2),64,0,0,0,0,0,0,0,0,0,0,0,0,0,0,0,0,0,0,0,0,0,0,330120,330120,347500,330120,347500,347500
68914400,ADATA DDR5-6000 CL30 LANCER 블랙 패키지 서린,ADATA LANCER 블랙 패키지 서린,DDR5,6000,CL30,32GB(16GX2),32,0,0,0,0,0,0,0,0,0,0,0,0,0,0,0,0,0,0,0,0,0,0,189000,189000,189000,189000,193000,189500
68914484,ADATA DDR5-6000 CL30 LANCER 화이트 패키지 서린,ADATA LANCER 화이트 패키지 서린,DDR5,6000,CL30,64GB(32GX2),64,0,0,0,0,0,345000,345000,345000,344990,344990,345000,345000,344990,345000,345000,345000,345000,345000,345000,345000,345000,345000,330120,330120,345000,330120,344990,344990
68914484,ADATA DDR5-6000 CL30 LANCER 화이트 패키지 서린,ADATA LANCER 화이트 패키지 서린,DDR5,6000,CL30,32GB(16GX2),32,0,0,0,0,0,189000,189000,188990,189000,189000,189000,189000,189000,189000,189000,189000,189000,189000,189000,189000,189000,189000,172350,172350,189000,172350,193000,193000
81036917,ADATA DDR5-6000 CL34 LANCER BLADE RGB 블랙 패키지 서린,ADATA LANCER BLADE RGB 블랙 패키지 서린,DDR5,6000,CL34,32GB(16GX2),32,0,0,0,0,0,154000,154000,154000,154000,154000,154000,154000,154000,154000,154000,154000,154000,154000,154000,154000,153000,154000,154000,154000,154000,154000,169000,169000
81036980,ADATA DDR5-6000 CL34 LANCER BLADE RGB 화이트 패키지 서린,ADATA LANCER BLADE RGB 화이트 패키지 서린,DDR5,6000,CL34,32GB(16GX2),32,0,0,0,0,0,154000,154000,154000,154000,154000,154000,154000,154000,154000,154000,154000,154000,154000,156500,156500,156500,156500,156500,156500,156500,156500,171500,171500
81037013,ADATA DDR5-6000 CL34 LANCER BLADE 블랙 패키지 서린,ADATA LANCER BLADE 블랙 패키지 서린,DDR5,6000,CL34,32GB(16GX2),32,0,0,0,0,0,145000,145000,145000,145000,145000,145000,145000,145000,145000,145000,145000,145000,145000,145000,145000,143400,145000,145000,145000,145000,145000,144990,145000
81037046,ADATA DDR5-6000 CL34 LANCER BLADE 화이트 패키지 서린,ADATA LANCER BLADE 화이트 패키지 서린,DDR5,6000,CL34,32GB(16GX2),32,0,0,0,0,0,145000,145000,145000,145000,145000,145000,145000,145000,145000,145000,145000,145000,145000,145000,145000,143400,145000,145000,145000,145000,145000,144990,145000
81037256,ADATA DDR5-6000 CL36 LANCER BLADE RGB 블랙 패키지 서린,ADATA LANCER BLADE RGB 블랙 패키지 서린,DDR5,6000,CL36,32GB(16GX2),32,0,0,0,0,0,139000,139000,139000,139000,139000,139000,139000,139000,139000,139000,158990,158990,158990,158990,158990,158290,158990,158880,158760,139000,139000,134830,124830
81037301,ADATA DDR5-6000 CL36 LANCER BLADE RGB 화이트 패키지 서린,ADATA LANCER BLADE RGB 화이트 패키지 서린,DDR5,6000,CL36,32GB(16GX2),32,0,0,0,0,0,139000,139000,139000,139000,139000,139000,239240,239240,239240,239240,239240,239240,239240,141500,141500,161500,161500,161500,161500,161500,161500,159000,159000
81037100,ADATA DDR5-6000 CL36 LANCER BLADE 블랙 패키지 서린,ADATA LANCER BLADE 블랙 패키지 서린,DDR5,6000,CL36,32GB(16GX2),32,0,0,0,0,0,0,0,0,0,0,0,0,0,0,0,151990,151990,151990,151990,151990,150790,151990,151880,151760,132000,132000,128040,118040
81037184,ADATA DDR5-6000 CL36 LANCER BLADE 화이트 패키지 서린,ADATA LANCER BLADE 화이트 패키지 서린,DDR5,6000,CL36,32GB(16GX2),32,0,0,0,0,0,131520,131520,131990,131520,131520,131520,131520,131520,131520,131520,131520,131520,131520,127270,131520,131520,131990,131990,131990,131990,131990,132000,132000
16047602,ADATA DDR5-6000 CL40 LANCER RGB 블랙 패키지,ADATA LANCER RGB 블랙 패키지,DDR5,6000,CL40,32GB(16GX2),32,0,0,0,0,0,589140,589140,589140,589140,589140,589140,589140,589140,589140,589140,589140,589140,589140,589140,589140,589140,589140,589140,589140,589140,589140,589140,589140
75938450,ADATA DDR5-6400 CL32 LANCER BLADE RGB 블랙 패키지 서린,ADATA LANCER BLADE RGB 블랙 패키지 서린,DDR5,6400,CL32,48GB(24GX2),48,0,0,0,0,0,232020,232020,232020,232020,232020,232020,232020,232020,233690,233690,233690,233690,233690,233690,233690,233690,233690,233580,233460,233340,233230,233220,233180
75938450,ADATA DDR5-6400 CL32 LANCER BLADE RGB 블랙 패키지 서린,ADATA LANCER BLADE RGB 블랙 패키지 서린,DDR5,6400,CL32,32GB(16GX2),32,0,0,0,0,0,183000,183000,182990,183000,183000,183000,183000,183000,183000,183000,183000,183000,183000,183000,183000,183000,183000,183000,183000,183000,183000,196000,196000
68788169,ADATA DDR5-6400 CL32 LANCER BLADE RGB 블랙 패키지 서린,ADATA LANCER BLADE RGB 블랙 패키지 서린,DDR5,6400,CL32,48GB(24GX2),48,0,0,0,0,0,0,232020,0,0,0,0,0,0,0,0,0,0,0,0,0,0,0,0,0,0,0,0,0
68788169,ADATA DDR5-6400 CL32 LANCER BLADE RGB 블랙 패키지 서린,ADATA LANCER BLADE RGB 블랙 패키지 서린,DDR5,6400,CL32,32GB(16GX2),32,0,0,0,0,0,0,183000,0,0,0,0,0,0,0,0,0,0,0,0,0,0,0,0,0,0,0,0,0
27785819,ADATA DDR5-6400 CL32 LANCER BLADE RGB 블랙 패키지 코잇,ADATA LANCER BLADE RGB 블랙 패키지 코잇,DDR5,6400,CL32,32GB(16GX2),32,0,0,0,0,0,169900,169900,169900,169900,169900,169900,169900,169900,169900,169900,169900,169900,169900,169900,169900,169900,169900,169900,169900,169900,169900,169900,169900
68788211,ADATA DDR5-6400 CL32 LANCER BLADE RGB 화이트 패키지 서린,ADATA LANCER BLADE RGB 화이트 패키지 서린,DDR5,6400,CL32,48GB(24GX2),48,0,0,0,0,0,231790,231790,231790,231790,231790,231790,231790,231790,231790,231790,231790,231790,231790,0,0,0,0,0,0,0,0,0,0
68788211,ADATA DDR5-6400 CL32 LANCER BLADE RGB 화이트 패키지 서린,ADATA LANCER BLADE RGB 화이트 패키지 서린,DDR5,6400,CL32,32GB(16GX2),32,0,0,0,0,0,141500,141500,141500,141500,141500,148670,148670,183000,183000,183000,183000,183000,183000,0,0,0,0,0,0,0,0,0,0
75938468,ADATA DDR5-6400 CL32 LANCER BLADE RGB 화이트 패키지 서린,ADATA LANCER BLADE RGB 화이트 패키지 서린,DDR5,6400,CL32,48GB(24GX2),48,0,0,0,0,0,0,0,0,0,0,0,0,0,0,0,0,0,0,231790,231790,231790,231790,231790,232020,232020,232020,231930,231890
75938468,ADATA DDR5-6400 CL32 LANCER BLADE RGB 화이트 패키지 서린,ADATA LANCER BLADE RGB 화이트 패키지 서린,DDR5,6400,CL32,32GB(16GX2),32,0,0,0,0,0,0,0,0,0,0,0,0,0,0,0,0,0,0,183000,183000,183000,183000,183000,183000,183000,183000,196000,196000
27785843,ADATA DDR5-6400 CL32 LANCER BLADE RGB 화이트 패키지 코잇,ADATA LANCER BLADE RGB 화이트 패키지 코잇,DDR5,6400,CL32,32GB(16GX2),32,0,0,0,0,0,179890,179890,186390,186390,186390,186390,186390,186390,186390,186390,186390,186390,186390,186390,186390,186390,186390,186390,186390,186390,186390,186390,186390
68915114,ADATA DDR5-6400 CL32 LANCER RGB 블랙 패키지 서린,ADATA LANCER RGB 블랙 패키지 서린,DDR5,6400,CL32,64GB(32GX2),64,0,0,0,0,0,365000,365000,364990,364940,364990,365000,365000,0,365000,365000,364990,364990,365000,365000,365000,365000,364990,364990,364990,365000,365000,380000,380000
68915114,ADATA DDR5-6400 CL32 LANCER RGB 블랙 패키지 서린,ADATA LANCER RGB 블랙 패키지 서린,DDR5,6400,CL32,32GB(16GX2),32,0,0,0,0,0,187000,187000,187000,187000,187000,187000,187000,0,187000,187000,187000,187000,187000,187000,187000,187000,187000,187000,187000,187000,187000,186990,187000
68915141,ADATA DDR5-6400 CL32 LANCER RGB 블랙 패키지 서린,ADATA LANCER RGB 블랙 패키지 서린,DDR5,6400,CL32,64GB(32GX2),64,0,0,0,0,0,0,0,0,0,0,0,0,364990,0,0,0,0,0,0,0,0,0,0,0,0,0,0,0
68915141,ADATA DDR5-6400 CL32 LANCER RGB 블랙 패키지 서린,ADATA LANCER RGB 블랙 패키지 서린,DDR5,6400,CL32,32GB(16GX2),32,0,0,0,0,0,0,0,0,0,0,0,0,187000,0,0,0,0,0,0,0,0,0,0,0,0,0,0,0
68915306,ADATA DDR5-6400 CL32 LANCER RGB 화이트 패키지 서린,ADATA LANCER RGB 화이트 패키지 서린,DDR5,6400,CL32,64GB(32GX2),64,0,0,0,0,0,364970,364970,364960,364910,364960,364970,364970,364960,364970,364970,364960,364960,364970,364970,364970,364970,364960,364960,364960,364970,364970,379910,379910
68915306,ADATA DDR5-6400 CL32 LANCER RGB 화이트 패키지 서린,ADATA LANCER RGB 화이트 패키지 서린,DDR5,6400,CL32,32GB(16GX2),32,0,0,0,0,0,186950,186950,186950,186950,186950,186950,186950,186950,186950,186950,186950,186950,186950,186950,186950,186950,186950,186950,186950,186950,186950,186940,186950
68915360,ADATA DDR5-8000 CL40 LANCER RGB 화이트 패키지 서린,ADATA LANCER RGB 화이트 패키지 서린,DDR5,8000,CL40,48GB(24GX2),48,0,0,0,0,0,380000,380000,380000,380000,380000,380000,380000,380000,380000,380000,380000,380000,380000,380000,380000,380000,380000,380000,380000,380000,380000,379990,379990
94450280,ADATA 노트북 DDR4-3200 CL22 파인인포,ADATA 노트북 파인인포,DDR4,3200,CL22,16GB,16,0,0,0,0,0,0,0,0,0,0,0,0,0,0,0,0,0,0,72110,66720,68500,68500,68490,68480,68440,68400,68360,66000
94450280,ADATA 노트북 DDR4-3200 CL22 파인인포,ADATA 노트북 파인인포,DDR4,3200,CL22,8GB,8,0,0,0,0,0,0,0,0,0,0,0,0,0,0,0,0,0,0,35690,34950,34950,35900,35900,35900,35900,35890,35890,35690
68918960,ADATA 노트북 DDR5-5600 CL46 서린,ADATA 노트북 서린,DDR5,5600,CL46,32GB,32,0,0,0,0,0,111990,111990,111990,111990,111990,111990,111990,0,0,0,0,0,114500,114500,130000,130000,140000,140000,140000,140000,140000,135800,125800
68918960,ADATA 노트북 DDR5-5600 CL46 서린,ADATA 노트북 서린,DDR5,5600,CL46,16GB,16,0,0,0,0,0,57000,57000,57000,57000,57000,57000,57000,0,0,0,0,0,59500,59500,57000,57000,57000,57000,57000,57000,57000,57000,77160
68918936,ADATA 노트북 DDR5-5600 CL46 서린,ADATA 노트북 서린,DDR5,5600,CL46,32GB,32,0,0,0,0,0,0,0,0,0,0,0,0,111990,111990,114500,114500,114500,0,0,0,0,0,0,0,0,0,0,0
68918936,ADATA 노트북 DDR5-5600 CL46 서린,ADATA 노트북 서린,DDR5,5600,CL46,16GB,16,0,0,0,0,0,0,0,0,0,0,0,0,57000,57000,57000,59500,59500,0,0,0,0,0,0,0,0,0,0,0
75467477,ADATA 노트북 DDR5-5600 CL46 코잇,ADATA 노트북 코잇,DDR5,5600,CL46,32GB,32,0,0,0,0,0,109990,109990,109990,109990,109990,109990,109990,109990,109990,109990,109990,109990,110000,0,110000,112990,129000,129000,129000,129000,129000,129000,129000
75467477,ADATA 노트북 DDR5-5600 CL46 코잇,ADATA 노트북 코잇,DDR5,5600,CL46,16GB,16,0,0,0,0,0,56000,56000,56000,56000,56000,56000,56000,56000,56000,56000,56000,56000,56000,0,59400,59400,59400,59400,59400,59400,59400,59400,59370
75993269,ADATA 노트북 DDR5-5600 CL46 코잇,ADATA 노트북 코잇,DDR5,5600,CL46,32GB,32,0,0,0,0,0,0,0,0,0,0,0,0,0,109990,109990,109990,109990,110000,109310,0,0,0,0,0,0,0,0,0
75993269,ADATA 노트북 DDR5-5600 CL46 코잇,ADATA 노트북 코잇,DDR5,5600,CL46,16GB,16,0,0,0,0,0,0,0,0,0,0,0,0,0,56000,56000,56000,56000,56000,59370,0,0,0,0,0,0,0,0,0
79397039,ADATA 노트북 DDR5-5600 CL46 파인인포,ADATA 노트북 파인인포,DDR5,5600,CL46,32GB,32,0,0,0,0,0,109800,109800,109710,109690,109650,109530,109800,109800,112800,112800,112800,112800,112800,112800,109800,109800,109800,0,0,0,122900,122900,122890
79397039,ADATA 노트북 DDR5-5600 CL46 파인인포,ADATA 노트북 파인인포,DDR5,5600,CL46,16GB,16,0,0,0,0,0,57990,57990,57990,57990,57990,57990,57990,58000,57990,57990,57990,57990,58000,58000,58000,58000,57990,57990,57990,57990,57990,57990,57990
79397126,ADATA 노트북 DDR5-5600 CL46 파인인포,ADATA 노트북 파인인포,DDR5,5600,CL46,32GB,32,0,0,0,0,0,109800,109800,109710,109690,109650,109530,109800,109800,112800,112800,112800,112800,112800,0,0,0,0,0,0,0,0,0,0
79397126,ADATA 노트북 DDR5-5600 CL46 파인인포,ADATA 노트북 파인인포,DDR5,5600,CL46,16GB,16,0,0,0,0,0,57990,57990,57990,57990,57990,57990,57990,58000,57990,57990,57990,57990,58000,0,0,0,0,0,0,0,0,0,0
15414239,ANACOMDA DDR4-3200 CL22,ANACOMDA,DDR4,3200,CL22,16GB,16,0,0,0,0,0,42360,67030,67030,67030,67030,67030,67030,67030,67030,67030,67030,67030,67030,67030,67030,67030,67030,67030,67030,0,0,0,0
91496405,ANACOMDA DDR5-5600 CL46,ANACOMDA,DDR5,5600,CL46,16GB,16,0,0,0,0,0,54000,54000,55490,60000,60000,60000,60000,58702,58702,60000,55000,55000,55000,55000,55000,54410,55000,55000,55000,55000,55000,55000,54990
67581491,ANACOMDA DDR5-6000 CL36 G5 파이썬 ARGB White 패키지,ANACOMDA G5 파이썬 ARGB White 패키지,DDR5,6000,CL36,32GB(16GX2),32,0,0,0,0,0,139000,139000,139000,139000,139000,139000,139000,139000,139000,139000,139000,139000,139000,139000,139000,139000,139000,139000,139000,139000,139000,139000,139000
21758186,ANACOMDA DDR5-6000 CL40 ET RGB Black 패키지,ANACOMDA ET RGB Black 패키지,DDR5,6000,CL40,32GB(16GX2),32,0,0,0,0,0,143500,143500,143500,143500,143500,143500,143500,143500,143500,143500,143500,143500,143500,143500,143500,143500,143500,143500,143500,143500,143500,143500,143500
2430601,AVEXIR DDR3-1600 CL10 Blitz 1.1 Original 패키지 대양케이스,AVEXIR Blitz 1.1 Original 패키지 대양케이스,DDR3,1600,CL10,16GB(8GX2),16,0,0,0,0,0,150000,150000,150000,150000,150000,150000,150000,150000,150000,150000,150000,150000,150000,150000,150000,150000,150000,150000,150000,150000,150000,150000,150000
14091533,ArchMemory DDR4-2666 ECC for Synology,ArchMemory ECC for Synology,DDR4,2666,0,16GB,16,0,0,0,0,0,564000,564000,564000,564000,564000,564000,564000,564000,564000,564000,564000,564000,564000,564000,564000,564000,564000,564000,564000,564000,564000,564000,564000
4017369,CORSAIR DDR4-2666 CL15 Dominator Platinum 패키지,CORSAIR Dominator Platinum 패키지,DDR4,2666,CL15,64GB(16GX4),64,0,0,0,0,0,736410,736410,736410,736410,1187760,0,0,737500,737500,737500,737500,737500,737570,737570,737570,737570,737570,737570,737570,738050,737570,738050,738050
4466172,CORSAIR DDR4-2666 CL16 VENGEANCE LED 레드 패키지,CORSAIR VENGEANCE LED 레드 패키지,DDR4,2666,CL16,32GB(8GX4),32,0,0,0,0,0,102350,102350,103000,102990,102990,102990,102350,102350,102350,102350,102350,102350,102350,98990,102350,102350,102990,102980,102980,102980,102980,102940,98990
17708504,CORSAIR DDR4-2666 CL16 VENGEANCE LPX BLACK,CORSAIR VENGEANCE LPX BLACK,DDR4,2666,CL16,8GB,8,0,0,0,0,0,43000,43000,0,42990,42990,42990,42990,42990,42990,42990,42990,42990,42990,42990,42990,42990,42990,42990,42990,42990,42990,42990,42990
6259453,CORSAIR DDR4-2666 CL16 VENGEANCE PRO RGB BLACK 패키지,CORSAIR VENGEANCE PRO RGB BLACK 패키지,DDR4,2666,CL16,64GB(8GX8),64,0,0,0,0,0,683000,683000,683000,683000,683000,683000,683000,683000,683000,683000,683000,683000,683000,683000,683000,683000,683000,683000,683000,683000,683000,683000,683000
6259605,CORSAIR DDR4-2666 CL16 VENGEANCE PRO RGB WHITE 패키지,CORSAIR VENGEANCE PRO RGB WHITE 패키지,DDR4,2666,CL16,64GB(8GX8),64,0,0,0,0,0,209900,209900,209900,209880,209880,209880,209880,209880,209880,209880,209860,209840,209840,207960,207940,207940,207940,207920,207920,207920,207900,207900,207900
5137261,CORSAIR DDR4-2666 CL16 VENGEANCE RGB 패키지,CORSAIR VENGEANCE RGB 패키지,DDR4,2666,CL16,32GB(8GX4),32,0,0,0,0,0,115200,115200,115200,115200,115200,115200,115200,115200,115200,115200,115200,115200,115200,115200,115200,115200,115200,115200,115200,115200,115200,115200,115200
6259482,CORSAIR DDR4-3000 CL15 VENGEANCE PRO RGB BLACK 패키지,CORSAIR VENGEANCE PRO RGB BLACK 패키지,DDR4,3000,CL15,64GB(8GX8),64,0,0,0,0,0,251900,251900,251900,251880,251880,251880,251880,251880,251880,251880,251860,251840,251840,251570,251550,251550,251550,251530,251530,251530,251510,251510,251510
5041720,CORSAIR DDR4-3000 CL15 VENGEANCE RGB 패키지,CORSAIR VENGEANCE RGB 패키지,DDR4,3000,CL15,16GB(8GX2),16,0,0,0,0,0,497970,497970,497970,497970,497970,497970,497970,497970,497970,497970,497970,497970,497970,497970,497970,497970,497970,497970,497970,497970,497970,497970,497970
11459691,CORSAIR DDR4-3200 CL16 Dominator Platinum RGB WHITE INTEL 패키지,CORSAIR Dominator Platinum RGB WHITE INTEL 패키지,DDR4,3200,CL16,16GB(8GX2),16,0,0,0,0,0,206280,206280,206280,0,206280,206280,206280,206280,206280,206280,206280,206280,206280,206280,206280,206280,206280,206280,206280,206280,206280,206280,206280
4017368,CORSAIR DDR4-3200 CL16 Dominator Platinum 패키지,CORSAIR Dominator Platinum 패키지,DDR4,3200,CL16,32GB(8GX4),32,0,0,0,0,0,597730,597730,597730,597730,597730,597730,597730,597730,597730,597730,597730,597730,597730,597730,597730,597730,597730,597730,597730,597730,597730,597730,597730
13244873,CORSAIR DDR4-3200 CL16 VENGEANCE RGB PRO SL BLACK AMD 패키지,CORSAIR VENGEANCE RGB PRO SL BLACK AMD 패키지,DDR4,3200,CL16,16GB(8GX2),16,0,0,0,0,0,121828,121828,121828,121828,121828,121828,121828,121828,121828,121828,121828,121828,121828,121828,121828,121828,121828,121828,121828,121828,121828,121828,121828
13245098,CORSAIR DDR4-3200 CL16 VENGEANCE RGB PRO SL BLACK 패키지,CORSAIR VENGEANCE RGB PRO SL BLACK 패키지,DDR4,3200,CL16,32GB(8GX4),32,0,0,0,0,0,354750,354750,354750,354750,354750,354750,354750,354750,354750,354750,354750,354750,354750,354750,354750,354750,354750,354750,354750,354750,354750,354750,354750
5151011,CORSAIR DDR4-3200 CL16 VENGEANCE RGB 패키지,CORSAIR VENGEANCE RGB 패키지,DDR4,3200,CL16,16GB(8GX2),16,0,0,0,0,0,343000,343000,343000,343000,343000,343000,343000,343000,343000,343000,343000,343000,343000,343000,343000,343000,343000,343000,343000,343000,343000,343000,343000
5815419,CORSAIR DDR4-3200 CL16 VENGEANCE WHITE RGB 패키지,CORSAIR VENGEANCE WHITE RGB 패키지,DDR4,3200,CL16,32GB(16GX2),32,0,0,0,0,0,676630,676630,676630,676630,676630,676630,676630,676630,676630,676630,676630,676630,676630,676630,676630,676630,676630,676630,676630,676630,676630,676630,676630
13244726,CORSAIR DDR4-3600 CL18 VENGEANCE RGB PRO SL BLACK AMD 패키지,CORSAIR VENGEANCE RGB PRO SL BLACK AMD 패키지,DDR4,3600,CL18,16GB(8GX2),16,0,0,0,0,0,126660,126660,126660,126660,126660,126660,126660,126660,126660,126660,126660,126660,126660,126660,126660,126660,126660,126660,126660,126660,126660,126660,126660
13244459,CORSAIR DDR4-3600 CL18 VENGEANCE RGB PRO SL BLACK 패키지,CORSAIR VENGEANCE RGB PRO SL BLACK 패키지,DDR4,3600,CL18,16GB(8GX2),16,0,0,0,0,0,149000,149000,149000,149000,149000,149000,149000,149000,149000,149000,149000,149000,149000,149000,149000,149000,149000,149000,149000,149000,149000,149000,149000
19453883,CORSAIR DDR5-5200 CL38 VENGEANCE BLACK 패키지,CORSAIR VENGEANCE BLACK 패키지,DDR5,5200,CL38,192GB(48GX4),192,0,0,0,0,0,1350000,1350000,1243210,1243190,1243190,1243190,1243190,1243190,1243190,1243190,1243170,1243170,1243170,1243170,1243140,1243130,1243110,1243110,1243110,1243110,1243070,1243030,1243030
19453433,CORSAIR DDR5-5200 CL38 VENGEANCE RGB BLACK 패키지,CORSAIR VENGEANCE RGB BLACK 패키지,DDR5,5200,CL38,192GB(48GX4),192,0,0,0,0,0,1304640,1304640,1350000,1350000,1350000,1350000,1350000,1290000,1290000,1290000,1289990,1289990,1289990,1268980,1268860,1268740,1268620,1268500,1268380,1268260,1268150,1268120,1268000
16829447,CORSAIR DDR5-5200 CL40 Dominator Platinum RGB WHITE 패키지,CORSAIR Dominator Platinum RGB WHITE 패키지,DDR5,5200,CL40,64GB(32GX2),64,0,0,0,0,0,898500,898500,898500,898500,898500,898500,898500,898500,899000,899000,899000,899000,899000,899000,899000,899000,899000,899000,899000,899000,899000,899000,899000
16239491,CORSAIR DDR5-5200 CL40 Dominator Platinum RGB 패키지,CORSAIR Dominator Platinum RGB 패키지,DDR5,5200,CL40,64GB(32GX2),64,0,0,0,0,0,817360,817360,817360,817360,817360,817360,817360,817360,817360,817360,817360,817360,817360,817360,817360,817360,817360,817360,817360,817360,817360,817360,817360
15933323,CORSAIR DDR5-5600 CL36 Dominator Platinum RGB Extreme 패키지,CORSAIR Dominator Platinum RGB Extreme 패키지,DDR5,5600,CL36,32GB(16GX2),32,0,0,0,0,0,417250,417250,417250,417230,417230,417230,417230,417230,417230,417230,417210,417210,417210,417210,417190,417190,417190,417190,417190,417190,417170,417170,417170
16239410,CORSAIR DDR5-5600 CL36 Dominator Platinum RGB WHITE 패키지,CORSAIR Dominator Platinum RGB WHITE 패키지,DDR5,5600,CL36,32GB(16GX2),32,0,0,0,0,0,228870,228870,228870,228870,228870,228870,228870,228870,228870,228870,228870,228870,228870,228870,228870,228870,228870,228870,228870,228870,228870,228870,228870
16864895,CORSAIR DDR5-5600 CL36 Dominator Platinum RGB 패키지,CORSAIR Dominator Platinum RGB 패키지,DDR5,5600,CL36,32GB(16GX2),32,0,0,0,0,0,229380,229380,229380,229360,229360,229360,229360,229360,229360,229360,229340,229340,229340,229340,229320,229320,229320,229300,229300,229300,229280,229280,229280
15932435,CORSAIR DDR5-5600 CL36 VENGEANCE BLACK 패키지,CORSAIR VENGEANCE BLACK 패키지,DDR5,5600,CL36,32GB(16GX2),32,0,0,0,0,0,389000,389000,389000,389000,389000,389000,389000,389000,389000,389000,389000,389000,389000,389000,389000,389000,389000,389000,389000,389000,389000,389000,389000
17543522,CORSAIR DDR5-5600 CL36 VENGEANCE RGB BLACK 패키지,CORSAIR VENGEANCE RGB BLACK 패키지,DDR5,5600,CL36,32GB(16GX2),32,0,0,0,0,0,350000,0,0,350000,350000,350000,350000,350000,350000,350000,350000,350000,350000,350000,350000,350000,350000,350000,350000,350000,350000,0,0
19229531,CORSAIR DDR5-5600 CL40 Dominator Platinum RGB INTEL 패키지,CORSAIR Dominator Platinum RGB INTEL 패키지,DDR5,5600,CL40,64GB(32GX2),64,0,0,0,0,0,481500,481500,481500,481500,481500,481500,481500,481500,481500,481500,481500,481500,481500,481500,0,0,481500,481500,481500,481500,481500,481500,481500
19229648,CORSAIR DDR5-5600 CL40 Dominator Platinum RGB WHITE INTEL 패키지,CORSAIR Dominator Platinum RGB WHITE INTEL 패키지,DDR5,5600,CL40,64GB(32GX2),64,0,0,0,0,0,385000,385000,385000,385000,385000,385000,385000,385000,385000,385000,385000,385000,385000,385000,0,0,385000,385000,385000,385000,385000,385000,385000
19107998,CORSAIR DDR5-5600 CL40 VENGEANCE BLACK 패키지,CORSAIR VENGEANCE BLACK 패키지,DDR5,5600,CL40,128GB(32GX4),128,0,0,0,0,0,830000,830000,799540,799520,799520,799520,799520,799520,799520,799520,799500,799480,799480,799480,799450,799440,799420,799420,799420,799420,799380,799340,799340
19107998,CORSAIR DDR5-5600 CL40 VENGEANCE BLACK 패키지,CORSAIR VENGEANCE BLACK 패키지,DDR5,5600,CL40,96GB(48GX2),96,0,0,0,0,0,467740,467740,467740,467720,467720,467720,467720,467720,467720,467720,467700,467700,467700,467700,467670,467660,467640,467640,467640,467640,467600,454930,444930
71221964,CORSAIR DDR5-5600 CL40 VENGEANCE RGB BLACK,CORSAIR VENGEANCE RGB BLACK,DDR5,5600,CL40,16GB,16,0,0,0,0,0,81960,81960,81960,81960,81960,81960,81960,81960,81960,81960,81960,81960,81960,81960,81960,81960,81960,81960,81960,81960,81960,84120,0
27788273,CORSAIR DDR5-5600 CL40 VENGEANCE RGB BLACK 패키지,CORSAIR VENGEANCE RGB BLACK 패키지,DDR5,5600,CL40,128GB(32GX4),128,0,0,0,0,0,930000,930000,915450,915430,915430,915430,915430,915430,915430,915430,915410,915390,902100,902100,902070,902070,902050,902050,902050,902050,902030,901990,930000
27788273,CORSAIR DDR5-5600 CL40 VENGEANCE RGB BLACK 패키지,CORSAIR VENGEANCE RGB BLACK 패키지,DDR5,5600,CL40,96GB(48GX2),96,0,0,0,0,0,484660,484660,484660,484660,484660,484660,484660,484660,484660,484660,484660,484660,484660,484660,484660,484660,484660,484660,484660,484660,484660,484660,484660
28442654,CORSAIR DDR5-6000 CL30 Dominator Titanium BLACK 패키지,CORSAIR Dominator Titanium BLACK 패키지,DDR5,6000,CL30,64GB(32GX2),64,0,0,0,0,0,499990,0,0,499990,0,0,0,0,0,0,0,0,0,0,0,0,0,0,0,0,0,0,455600
28442654,CORSAIR DDR5-6000 CL30 Dominator Titanium BLACK 패키지,CORSAIR Dominator Titanium BLACK 패키지,DDR5,6000,CL30,32GB(16GX2),32,0,0,0,0,0,299000,0,0,299000,0,0,0,0,0,0,0,0,0,0,0,0,0,0,0,0,0,0,299000
28443977,CORSAIR DDR5-6000 CL30 Dominator Titanium BLACK 패키지,CORSAIR Dominator Titanium BLACK 패키지,DDR5,6000,CL30,64GB(32GX2),64,0,0,0,0,0,0,499990,499990,0,499990,499990,499990,499990,499990,499990,499990,499980,499980,494400,494390,498990,498990,498990,498990,498990,498990,465600,0
28443977,CORSAIR DDR5-6000 CL30 Dominator Titanium BLACK 패키지,CORSAIR Dominator Titanium BLACK 패키지,DDR5,6000,CL30,32GB(16GX2),32,0,0,0,0,0,0,299000,299000,0,299000,299000,299000,299000,299000,299000,299000,299000,299000,299000,299000,299000,299000,299000,299000,299000,299000,299000,0
89534804,CORSAIR DDR5-6000 CL30 Dominator Titanium GRAY 패키지,CORSAIR Dominator Titanium GRAY 패키지,DDR5,6000,CL30,32GB(16GX2),32,0,0,0,0,0,313040,313040,313040,313020,313020,313020,313020,313020,313020,313020,313000,312980,312980,305250,312950,312940,312920,312920,312920,312920,312880,312840,305250
89534804,CORSAIR DDR5-6000 CL30 Dominator Titanium GRAY 패키지,CORSAIR Dominator Titanium GRAY 패키지,DDR5,6000,CL30,96GB(48GX2),96,0,0,0,0,0,719320,719320,719320,719320,719320,719320,719320,719320,719320,719320,733350,733350,722650,712650,733350,733350,733350,733350,733350,733350,733350,722650,712650
89534804,CORSAIR DDR5-6000 CL30 Dominator Titanium GRAY 패키지,CORSAIR Dominator Titanium GRAY 패키지,DDR5,6000,CL30,64GB(32GX2),64,0,0,0,0,0,0,0,511990,511990,511990,511990,511990,483600,488800,510000,509990,509990,504400,494400,509990,509990,509990,509990,509990,509990,509990,504400,494400
92886095,CORSAIR DDR5-6000 CL30 Dominator Titanium GRAY 패키지,CORSAIR Dominator Titanium GRAY 패키지,DDR5,6000,CL30,32GB(16GX2),32,0,0,0,0,0,313040,313040,313040,313020,313020,313020,313020,313020,313020,0,313000,0,0,305250,312950,0,0,0,0,0,0,0,0
92886095,CORSAIR DDR5-6000 CL30 Dominator Titanium GRAY 패키지,CORSAIR Dominator Titanium GRAY 패키지,DDR5,6000,CL30,96GB(48GX2),96,0,0,0,0,0,719320,719320,719320,719320,719320,719320,719320,719320,719320,0,733350,0,0,712650,733350,0,0,0,0,0,0,0,0
92886095,CORSAIR DDR5-6000 CL30 Dominator Titanium GRAY 패키지,CORSAIR Dominator Titanium GRAY 패키지,DDR5,6000,CL30,64GB(32GX2),64,0,0,0,0,0,0,0,511990,511990,511990,511990,511990,483600,488800,0,509990,0,0,494400,509990,0,0,0,0,0,0,0,0
89534852,CORSAIR DDR5-6000 CL30 Dominator Titanium GRAY 패키지,CORSAIR Dominator Titanium GRAY 패키지,DDR5,6000,CL30,64GB(32GX2),64,0,0,0,0,0,0,0,0,0,0,0,0,0,0,510000,0,509990,504400,0,0,509990,509990,509990,509990,509990,509990,504400,494400
89534852,CORSAIR DDR5-6000 CL30 Dominator Titanium GRAY 패키지,CORSAIR Dominator Titanium GRAY 패키지,DDR5,6000,CL30,32GB(16GX2),32,0,0,0,0,0,0,0,0,0,0,0,0,0,0,313020,0,312980,312980,0,0,312940,312920,312920,312920,312920,312880,312840,305250
89534852,CORSAIR DDR5-6000 CL30 Dominator Titanium GRAY 패키지,CORSAIR Dominator Titanium GRAY 패키지,DDR5,6000,CL30,96GB(48GX2),96,0,0,0,0,0,0,0,0,0,0,0,0,0,0,719320,0,733350,722650,0,0,733350,733350,733350,733350,733350,733350,722650,712650
28443416,CORSAIR DDR5-6000 CL30 Dominator Titanium WHITE 패키지,CORSAIR Dominator Titanium WHITE 패키지,DDR5,6000,CL30,64GB(32GX2),64,0,0,0,0,0,498990,498990,0,0,0,0,0,498990,498990,498990,498990,498980,498980,0,0,0,0,0,0,0,0,498990,0
28443416,CORSAIR DDR5-6000 CL30 Dominator Titanium WHITE 패키지,CORSAIR Dominator Titanium WHITE 패키지,DDR5,6000,CL30,96GB(48GX2),96,0,0,0,0,0,719320,719320,0,0,0,0,0,719320,719320,719320,733350,733350,722650,0,0,0,0,0,0,0,0,722650,0
28443416,CORSAIR DDR5-6000 CL30 Dominator Titanium WHITE 패키지,CORSAIR Dominator Titanium WHITE 패키지,DDR5,6000,CL30,32GB(16GX2),32,0,0,0,0,0,299000,299000,0,0,0,0,0,307440,299000,299000,299000,299000,299000,0,0,0,0,0,0,0,0,299000,0
28443989,CORSAIR DDR5-6000 CL30 Dominator Titanium WHITE 패키지,CORSAIR Dominator Titanium WHITE 패키지,DDR5,6000,CL30,64GB(32GX2),64,0,0,0,0,0,498990,498990,498990,498990,498990,498990,498990,0,0,0,0,0,0,494990,494990,498990,498990,498990,498990,499000,498990,498990,498990
28443989,CORSAIR DDR5-6000 CL30 Dominator Titanium WHITE 패키지,CORSAIR Dominator Titanium WHITE 패키지,DDR5,6000,CL30,96GB(48GX2),96,0,0,0,0,0,719320,719320,719320,719320,719320,719320,719320,0,0,0,0,0,0,712650,733350,733350,733350,733350,733350,733350,733350,722650,712650
28443989,CORSAIR DDR5-6000 CL30 Dominator Titanium WHITE 패키지,CORSAIR Dominator Titanium WHITE 패키지,DDR5,6000,CL30,32GB(16GX2),32,0,0,0,0,0,299000,299000,299000,299000,299000,299000,307440,0,0,0,0,0,0,299000,299000,299000,299000,299000,299000,299000,299000,299000,299000
72471092,CORSAIR DDR5-6000 CL30 VENGEANCE RGB DP WHITE 패키지,CORSAIR VENGEANCE RGB DP WHITE 패키지,DDR5,6000,CL30,64GB(32GX2),64,0,0,0,0,0,378980,378980,378980,378980,378980,378980,378980,378980,378980,378980,378980,378980,378980,378980,378980,378980,378980,378980,378980,378980,378980,367630,357630
72471092,CORSAIR DDR5-6000 CL30 VENGEANCE RGB DP WHITE 패키지,CORSAIR VENGEANCE RGB DP WHITE 패키지,DDR5,6000,CL30,32GB(16GX2),32,0,0,0,0,0,188300,188300,188300,188290,188290,187760,187750,187750,187750,187750,187740,187740,187740,179000,178990,178990,178990,178990,178990,178990,178990,178990,178990
93698090,CORSAIR DDR5-6000 CL30 VENGEANCE RGB WHITE 체리블라썸 에디션 패키지,CORSAIR VENGEANCE RGB WHITE 체리블라썸 에디션 패키지,DDR5,6000,CL30,32GB(16GX2),32,0,0,0,0,0,0,0,0,0,0,0,0,0,0,231400,231390,231390,231390,217950,225000,224990,231390,231390,231390,231390,231390,227950,217950
27666047,CORSAIR DDR5-6000 CL30 VENGEANCE RGB WHITE 패키지,CORSAIR VENGEANCE RGB WHITE 패키지,DDR5,6000,CL30,32GB(16GX2),32,0,0,0,0,0,189000,189000,189000,189000,189000,189000,189000,189000,189000,189000,189000,189000,189000,189000,179000,179000,179000,179000,179000,179000,179000,179000,173330
93698048,CORSAIR DDR5-6000 CL30 VENGEANCE RGB 체리블라썸 에디션 패키지,CORSAIR VENGEANCE RGB 체리블라썸 에디션 패키지,DDR5,6000,CL30,32GB(16GX2),32,0,0,0,0,0,0,0,0,0,0,0,0,0,0,231400,231390,231390,231390,217950,225000,224990,231390,231390,231390,231390,231390,227950,217950
59829371,CORSAIR DDR5-6000 CL30 VENGEANCE RGB 패키지,CORSAIR VENGEANCE RGB 패키지,DDR5,6000,CL30,64GB(32GX2),64,0,0,0,0,0,373840,373840,373840,373820,373820,373820,373820,373820,373820,373820,373800,373780,367620,367620,367590,367580,367560,367560,367560,367560,367520,367480,367480
59829371,CORSAIR DDR5-6000 CL30 VENGEANCE RGB 패키지,CORSAIR VENGEANCE RGB 패키지,DDR5,6000,CL30,32GB(16GX2),32,0,0,0,0,0,185500,185500,185500,185480,185480,185480,185480,185480,185480,185480,185460,185440,185440,178990,178990,174530,184520,184500,184500,184500,184460,179000,178990
59829446,CORSAIR DDR5-6000 CL30 VENGEANCE 패키지,CORSAIR VENGEANCE 패키지,DDR5,6000,CL30,64GB(32GX2),64,0,0,0,0,0,369010,369010,369010,368990,368990,368990,368990,368990,368990,368990,368970,368950,368950,368950,368920,368910,368890,368890,368890,368890,368850,368810,368810
16605326,CORSAIR DDR5-6000 CL36 Dominator Platinum RGB 패키지,CORSAIR Dominator Platinum RGB 패키지,DDR5,6000,CL36,32GB(16GX2),32,0,0,0,0,0,649000,0,0,0,0,0,0,0,0,0,0,0,0,0,0,0,0,0,0,0,0,0,0
17544278,CORSAIR DDR5-6000 CL36 VENGEANCE RGB BLACK 패키지,CORSAIR VENGEANCE RGB BLACK 패키지,DDR5,6000,CL36,32GB(16GX2),32,0,0,0,0,0,560000,560000,560000,560000,560000,560000,560000,560000,560000,560000,560000,560000,560000,560000,560000,560000,560000,560000,560000,560000,560000,560000,560000
38455229,CORSAIR DDR5-6000 CL36 VENGEANCE RGB 패키지,CORSAIR VENGEANCE RGB 패키지,DDR5,6000,CL36,32GB(16GX2),32,0,0,0,0,0,0,0,0,0,0,0,0,0,0,174740,174730,174730,174730,174730,174730,174730,174730,174730,174730,174730,174730,174730,174730
17544449,CORSAIR DDR5-6200 CL36 VENGEANCE RGB BLACK 패키지,CORSAIR VENGEANCE RGB BLACK 패키지,DDR5,6200,CL36,32GB(16GX2),32,0,0,0,0,0,418510,418510,418510,418490,418490,418490,418490,418490,418490,418490,418470,418450,418450,418450,418430,418430,418430,418430,418430,418430,418410,418410,418410
17544497,CORSAIR DDR5-6200 CL36 VENGEANCE RGB WHITE 패키지,CORSAIR VENGEANCE RGB WHITE 패키지,DDR5,6200,CL36,32GB(16GX2),32,0,0,0,0,0,531690,531690,531690,531690,531690,531690,531690,531690,531690,531690,531690,531690,531690,531690,531690,531690,531690,531690,531690,531690,531690,531690,531690
80548025,CORSAIR DDR5-6400 CL32 Dominator Titanium BLACK 패키지,CORSAIR Dominator Titanium BLACK 패키지,DDR5,6400,CL32,96GB(48GX2),96,0,0,0,0,0,789990,789990,800000,0,0,0,800000,800000,800000,800000,789990,789990,775990,766000,0,789990,790080,790080,790080,790080,790040,776000,0
80548025,CORSAIR DDR5-6400 CL32 Dominator Titanium BLACK 패키지,CORSAIR Dominator Titanium BLACK 패키지,DDR5,6400,CL32,64GB(32GX2),64,0,0,0,0,0,536900,536900,536900,0,0,0,535090,534610,534130,533650,533370,533350,533360,533360,0,533360,533360,533350,533350,533350,533330,533330,0
80548025,CORSAIR DDR5-6400 CL32 Dominator Titanium BLACK 패키지,CORSAIR Dominator Titanium BLACK 패키지,DDR5,6400,CL32,32GB(16GX2),32,0,0,0,0,0,320000,320000,320000,0,0,0,326570,326570,326570,326570,319990,319990,319990,310100,0,319990,326460,326460,326460,326460,326420,320100,0
28443896,CORSAIR DDR5-6400 CL32 Dominator Titanium BLACK 패키지,CORSAIR Dominator Titanium BLACK 패키지,DDR5,6400,CL32,96GB(48GX2),96,0,0,0,0,0,0,0,0,800000,800000,800000,0,0,0,0,0,0,0,0,0,0,0,0,0,0,0,0,0
28443896,CORSAIR DDR5-6400 CL32 Dominator Titanium BLACK 패키지,CORSAIR Dominator Titanium BLACK 패키지,DDR5,6400,CL32,64GB(32GX2),64,0,0,0,0,0,0,0,0,536530,536050,535570,0,0,0,0,0,0,0,0,0,0,0,0,0,0,0,0,0
28443896,CORSAIR DDR5-6400 CL32 Dominator Titanium BLACK 패키지,CORSAIR Dominator Titanium BLACK 패키지,DDR5,6400,CL32,32GB(16GX2),32,0,0,0,0,0,0,0,0,320000,320000,320000,0,0,0,0,0,0,0,0,0,0,0,0,0,0,0,0,0
28444052,CORSAIR DDR5-6400 CL32 Dominator Titanium BLACK 패키지,CORSAIR Dominator Titanium BLACK 패키지,DDR5,6400,CL32,96GB(48GX2),96,0,0,0,0,0,0,0,0,0,0,0,0,0,0,0,0,0,0,0,789990,0,0,0,0,0,0,0,765990
28444052,CORSAIR DDR5-6400 CL32 Dominator Titanium BLACK 패키지,CORSAIR Dominator Titanium BLACK 패키지,DDR5,6400,CL32,64GB(32GX2),64,0,0,0,0,0,0,0,0,0,0,0,0,0,0,0,0,0,0,0,533360,0,0,0,0,0,0,0,533330
28444052,CORSAIR DDR5-6400 CL32 Dominator Titanium BLACK 패키지,CORSAIR Dominator Titanium BLACK 패키지,DDR5,6400,CL32,32GB(16GX2),32,0,0,0,0,0,0,0,0,0,0,0,0,0,0,0,0,0,0,0,319990,0,0,0,0,0,0,0,310090
28443917,CORSAIR DDR5-6400 CL32 Dominator Titanium WHITE 패키지,CORSAIR Dominator Titanium WHITE 패키지,DDR5,6400,CL32,96GB(48GX2),96,0,0,0,0,0,819900,819780,819670,819660,819620,819500,819380,819260,819140,819020,798340,798340,798340,791670,0,0,0,0,0,0,0,0,0
28443917,CORSAIR DDR5-6400 CL32 Dominator Titanium WHITE 패키지,CORSAIR Dominator Titanium WHITE 패키지,DDR5,6400,CL32,64GB(32GX2),64,0,0,0,0,0,549990,549990,549990,549990,549990,549990,549990,549990,549990,549990,549990,549990,533490,533190,0,0,0,0,0,0,0,0,0
28443917,CORSAIR DDR5-6400 CL32 Dominator Titanium WHITE 패키지,CORSAIR Dominator Titanium WHITE 패키지,DDR5,6400,CL32,32GB(16GX2),32,0,0,0,0,0,329960,329960,329960,329940,329940,329940,330000,330000,330000,330000,329940,329920,329920,329920,0,0,0,0,0,0,0,0,0
28444091,CORSAIR DDR5-6400 CL32 Dominator Titanium WHITE 패키지,CORSAIR Dominator Titanium WHITE 패키지,DDR5,6400,CL32,96GB(48GX2),96,0,0,0,0,0,0,0,0,0,0,0,0,0,0,0,0,0,0,0,791660,791660,791660,791660,791660,791660,791660,776000,766000
28444091,CORSAIR DDR5-6400 CL32 Dominator Titanium WHITE 패키지,CORSAIR Dominator Titanium WHITE 패키지,DDR5,6400,CL32,64GB(32GX2),64,0,0,0,0,0,0,0,0,0,0,0,0,0,0,0,0,0,0,0,549990,549990,549990,549990,549990,549990,549990,549990,542890
28444091,CORSAIR DDR5-6400 CL32 Dominator Titanium WHITE 패키지,CORSAIR Dominator Titanium WHITE 패키지,DDR5,6400,CL32,32GB(16GX2),32,0,0,0,0,0,0,0,0,0,0,0,0,0,0,0,0,0,0,0,329890,329880,329860,329860,329860,329860,329820,320100,310100
91426655,CORSAIR DDR5-6400 CL42 VENGEANCE BLACK 패키지,CORSAIR VENGEANCE BLACK 패키지,DDR5,6400,CL42,128GB(64GX2),128,0,0,0,0,0,728590,728590,728590,740000,740000,740000,740000,740000,740000,0,0,0,0,0,0,0,0,0,0,0,0,0,728590
91426649,CORSAIR DDR5-6400 CL42 VENGEANCE RGB BLACK 패키지,CORSAIR VENGEANCE RGB BLACK 패키지,DDR5,6400,CL42,128GB(64GX2),128,0,0,0,0,0,735000,735000,735000,734980,734980,734980,734980,734980,734980,734980,734960,734940,734940,734940,734910,750000,750000,750000,750000,750000,750000,750000,750000
18318530,CORSAIR DDR5-7000 CL34 Dominator Platinum RGB 패키지,CORSAIR Dominator Platinum RGB 패키지,DDR5,7000,CL34,32GB(16GX2),32,0,0,0,0,0,384000,384000,384000,384000,384000,384000,384000,384000,384000,384000,384000,384000,384000,384000,384000,384000,384000,384000,384000,384000,384000,384000,384000
18367115,CORSAIR DDR5-7200 CL34 VENGEANCE BLACK 패키지,CORSAIR VENGEANCE BLACK 패키지,DDR5,7200,CL34,32GB(16GX2),32,0,0,0,0,0,319700,319700,319700,319700,319700,319700,319700,319700,319700,319700,319700,319700,319700,319700,319700,319700,319700,319700,319700,319700,319700,0,0
18490316,CORSAIR DDR5-7200 CL34 VENGEANCE RGB BLACK 패키지,CORSAIR VENGEANCE RGB BLACK 패키지,DDR5,7200,CL34,32GB(16GX2),32,0,0,0,0,0,0,0,0,0,0,0,0,0,0,236240,238270,238270,238270,238270,238270,238270,238270,238270,238270,238270,238270,238270,238270
48647324,CORSAIR WS DDR5-5600 CL40 ECC/REG 패키지,CORSAIR WS ECC/REG 패키지,DDR5,5600,CL40,256GB(32GX8),256,0,0,0,0,0,3189930,3189930,3189930,3189910,3189910,3189910,3189910,3189910,3189910,3189910,3189890,3189870,3189870,3189870,3189840,3189830,3189810,3189810,3189810,3189810,3189750,3160000,3150000
48647324,CORSAIR WS DDR5-5600 CL40 ECC/REG 패키지,CORSAIR WS ECC/REG 패키지,DDR5,5600,CL40,128GB(32GX4),128,0,0,0,0,0,1582390,1582390,1582390,1582390,1582390,1582390,1582390,1582390,1582390,1582390,1582390,1582390,1582390,1582390,1582390,1582390,1582390,1582390,1582390,1582390,1582390,1582390,1582390
17258714,CORSAIR 노트북 DDR5-4800 CL40 VENGEANCE,CORSAIR 노트북 VENGEANCE,DDR5,4800,CL40,32GB,32,0,0,0,0,0,199000,199000,199000,199000,199000,199000,199000,199000,199000,199000,199000,199000,199000,199000,199000,199000,199000,199000,199000,199000,199000,199000,199000
17258714,CORSAIR 노트북 DDR5-4800 CL40 VENGEANCE,CORSAIR 노트북 VENGEANCE,DDR5,4800,CL40,16GB,16,0,0,0,0,0,99000,99000,99000,99000,99000,99000,99000,99000,99000,99000,99000,99000,99000,99000,99000,99000,99000,99000,99000,99000,99000,99000,99000
17258714,CORSAIR 노트북 DDR5-4800 CL40 VENGEANCE,CORSAIR 노트북 VENGEANCE,DDR5,4800,CL40,8GB,8,0,0,0,0,0,49000,49000,49000,49000,49000,49000,49000,49000,49000,49000,49000,49000,49000,49000,49000,49000,49000,49000,49000,49000,49000,49000,49000
16891514,CORSAIR 노트북 DDR5-4800 CL40 VENGEANCE 패키지,CORSAIR 노트북 VENGEANCE 패키지,DDR5,4800,CL40,64GB(32GX2),64,0,0,0,0,0,397990,397990,397990,397990,397990,397990,397990,397990,397990,397990,397990,397990,397990,397990,397990,397990,397990,397990,397990,397990,397990,397990,397990
16891514,CORSAIR 노트북 DDR5-4800 CL40 VENGEANCE 패키지,CORSAIR 노트북 VENGEANCE 패키지,DDR5,4800,CL40,32GB(16GX2),32,0,0,0,0,0,197990,197990,197990,197990,197990,197990,197990,197990,197990,197990,197990,197990,197990,197990,197990,197990,197990,197990,197990,197990,197990,197990,197990
16891514,CORSAIR 노트북 DDR5-4800 CL40 VENGEANCE 패키지,CORSAIR 노트북 VENGEANCE 패키지,DDR5,4800,CL40,16GB(8GX2),16,0,0,0,0,0,98000,98000,98000,98000,98000,98000,98000,98000,98000,98000,98000,98000,98000,98000,98000,98000,98000,98000,98000,98000,98000,98000,98000
44178593,CORSAIR 노트북 DDR5-5600 CL48 VENGEANCE,CORSAIR 노트북 VENGEANCE,DDR5,5600,CL48,16GB,16,0,0,0,0,0,109000,109000,0,109000,109000,109000,109000,109000,109000,109000,109000,109000,109000,109000,109000,109000,109000,109000,109000,109000,109000,109000,109000
44183498,CORSAIR 노트북 DDR5-5600 CL48 VENGEANCE 패키지,CORSAIR 노트북 VENGEANCE 패키지,DDR5,5600,CL48,32GB(16GX2),32,0,0,0,0,0,218000,218000,218000,218000,218000,218000,218000,218000,218000,218000,218000,218000,218000,218000,218000,218000,218000,218000,218000,218000,218000,218000,218000
5800438,CYNEX DDR2-667 엠트란 중고,CYNEX DDR2-667 엠트란 중고,0,0,0,2GB,2,0,0,0,0,0,35950,0,0,0,0,0,0,0,0,0,0,0,0,0,0,0,0,0,0,0,0,0,0
5800481,CYNEX DDR2-667 중고,CYNEX DDR2-667 중고,0,0,0,2GB,2,0,0,0,0,0,32580,32580,32580,32580,32580,32580,32580,32580,32580,32580,32580,32580,32580,32580,32580,32580,32580,32580,32580,32580,32580,32580,32580
5800481,CYNEX DDR2-667 중고,CYNEX DDR2-667 중고,0,0,0,1GB,1,0,0,0,0,0,50000,50000,50000,50000,50000,50000,50000,50000,50000,50000,50000,50000,50000,50000,50000,50000,50000,50000,50000,50000,50000,50000,50000
5800415,CYNEX DDR2-800 엠트란 중고,CYNEX DDR2-800 엠트란 중고,0,0,0,2GB,2,0,0,0,0,0,35000,0,0,0,0,0,0,0,0,0,0,0,0,0,0,0,0,0,0,0,0,0,0
5800464,CYNEX DDR2-800 중고,CYNEX DDR2-800 중고,0,0,0,2GB,2,0,0,0,0,0,29360,29360,29360,29360,29360,29360,29360,29360,29360,29360,29360,29360,29360,29360,29360,29360,29360,29360,29360,29360,29360,29360,29360
793959,CYNEX DDR3-1066,CYNEX,DDR3,1066,0,2GB,2,0,0,0,0,0,25440,25440,25440,25440,25440,25440,25440,0,0,0,0,0,0,0,0,0,0,0,0,0,25440,25440,25440
793964,CYNEX DDR3-1066 멜론,CYNEX 멜론,DDR3,1066,0,2GB,2,0,0,0,0,0,24000,24000,24000,24000,24000,24000,24000,0,0,0,0,0,0,24000,24000,24000,24000,24000,24000,24000,0,0,0
793961,CYNEX DDR3-1066 엠트란,CYNEX 엠트란,DDR3,1066,0,2GB,2,0,0,0,0,0,26000,26000,26000,26000,26000,26000,26000,0,0,0,0,0,0,0,0,0,0,0,0,0,0,0,0
1220709,CYNEX DDR3-1333,CYNEX,DDR3,1333,0,4GB,4,0,0,0,0,0,43850,43850,43850,43850,43850,43850,43850,43850,43850,43850,43850,43850,43850,43850,43850,43850,43850,43850,43850,43850,43850,43850,43850
1220709,CYNEX DDR3-1333,CYNEX,DDR3,1333,0,2GB,2,0,0,0,0,0,25440,25440,25440,25440,25440,25440,25440,25440,25440,25440,25440,25440,25440,25440,25440,25440,25440,25440,25440,25440,25440,25440,25440
1220712,CYNEX DDR3-1333 멜론,CYNEX 멜론,DDR3,1333,0,4GB,4,0,0,0,0,0,41210,41210,41210,41210,41210,41210,41210,41210,41210,41210,41210,41210,41210,41210,41210,41210,41210,41210,41210,41210,41210,41210,41210
1220712,CYNEX DDR3-1333 멜론,CYNEX 멜론,DDR3,1333,0,2GB,2,0,0,0,0,0,24680,24680,24680,24680,24680,24680,24680,24680,24680,24680,24680,24680,24680,24680,24680,24680,24680,24680,24680,24680,24680,24680,24680
794443,CYNEX DDR3-1333 엠트란,CYNEX 엠트란,DDR3,1333,0,2GB,2,0,0,0,0,0,26150,26150,26150,26150,26150,26150,26150,0,0,0,0,0,0,0,0,0,0,0,0,0,0,0,0
2030360,CYNEX DDR3-1600,CYNEX,DDR3,1600,0,8GB,8,0,0,0,0,0,41010,41010,41010,41010,0,0,0,0,0,0,0,0,0,0,0,0,0,0,0,0,0,0,0
2030360,CYNEX DDR3-1600,CYNEX,DDR3,1600,0,4GB,4,0,0,0,0,0,11000,11000,11000,11000,0,0,0,0,0,0,0,0,0,0,0,0,0,0,0,0,0,0,0
1676882,CYNEX DDR3-1600,CYNEX,DDR3,1600,0,4GB,4,0,0,0,0,0,0,0,0,0,11000,11000,11000,11000,11000,11000,11000,11000,11000,11000,11000,11000,11000,11000,11000,11000,11000,11000,11000
2030389,CYNEX DDR3-1600 멜론,CYNEX 멜론,DDR3,1600,0,8GB,8,0,0,0,0,0,36000,36000,36000,36000,36000,36000,36000,36000,36000,36000,36000,36000,36000,36000,36000,36000,36000,36000,36000,36000,36000,36000,36000
2030389,CYNEX DDR3-1600 멜론,CYNEX 멜론,DDR3,1600,0,4GB,4,0,0,0,0,0,26000,26000,26000,26000,26000,26000,26000,26000,26000,26000,26000,26000,26000,26000,26000,26000,26000,26000,26000,26000,26000,26000,26000
2030384,CYNEX DDR3-1600 엠트란 매직,CYNEX 엠트란 매직,DDR3,1600,0,8GB,8,0,0,0,0,0,36000,36000,36000,36000,36000,36000,36000,36000,36000,36000,36000,36000,36000,36000,36000,36000,36000,36000,36000,36000,36000,36000,36000
2030384,CYNEX DDR3-1600 엠트란 매직,CYNEX 엠트란 매직,DDR3,1600,0,4GB,4,0,0,0,0,0,26000,26000,26000,26000,26000,26000,26000,26000,26000,26000,26000,26000,26000,26000,26000,26000,26000,26000,26000,26000,26000,26000,26000
2852624,CYNEX DDR4-2133,CYNEX,DDR4,2133,0,16GB,16,0,0,0,0,0,191620,191620,191620,191620,191620,191620,191620,191620,191620,191620,191620,191620,191620,191620,191620,191620,191620,191620,191620,191620,191620,191620,191620
2852624,CYNEX DDR4-2133,CYNEX,DDR4,2133,0,8GB,8,0,0,0,0,0,82280,82280,82280,82280,82280,82280,82280,82280,82280,82280,82280,82280,82280,82280,82280,82280,82280,82280,82280,82280,82280,82280,82280
2852640,CYNEX DDR4-2133 엠트란,CYNEX 엠트란,DDR4,2133,0,16GB,16,0,0,0,0,0,197030,197030,197030,197030,197030,197030,197030,197030,197030,197030,197030,197030,0,0,0,0,0,0,0,197030,197030,197030,197030
2852640,CYNEX DDR4-2133 엠트란,CYNEX 엠트란,DDR4,2133,0,8GB,8,0,0,0,0,0,87690,87690,87690,87690,87690,87690,87690,87690,87690,87690,87690,87690,0,0,0,0,0,0,0,87690,87690,87690,87690
5330538,CYNEX DDR4-2133 엠트란,CYNEX 엠트란,DDR4,2133,0,16GB,16,0,0,0,0,0,0,0,0,0,0,0,0,0,0,0,0,0,197030,197030,197030,197030,197030,197030,197030,0,0,0,0
5330538,CYNEX DDR4-2133 엠트란,CYNEX 엠트란,DDR4,2133,0,8GB,8,0,0,0,0,0,0,0,0,0,0,0,0,0,0,0,0,0,87690,87690,87690,87690,87690,87690,87690,0,0,0,0
5330612,CYNEX DDR4-2400,CYNEX,DDR4,2400,0,16GB,16,0,0,0,0,0,194870,194870,194870,194870,194870,194870,194870,194870,194870,194870,194870,194870,194870,194870,194870,194870,194870,194870,194870,194870,194870,194870,194870
5587481,CYNEX DDR4-2400 CL17 엠트란,CYNEX 엠트란,DDR4,2400,CL17,16GB,16,0,0,0,0,0,196140,0,0,0,0,0,0,0,0,0,0,0,0,0,0,0,0,0,0,0,0,0,0
5800505,CYNEX 노트북 DDR2-667 중고,CYNEX 노트북 DDR2-667 중고,0,0,0,2GB,2,0,0,0,0,0,27500,27500,27500,27500,27500,27500,27500,27500,27500,27500,27500,27500,27500,27500,27500,27500,27500,27500,27500,27500,27500,27500,27500
5800385,CYNEX 노트북 DDR2-800 중고,CYNEX 노트북 DDR2-800 중고,0,0,0,2GB,2,0,0,0,0,0,27500,27500,27500,27500,27500,27500,27500,27500,27500,27500,27500,27500,27500,27500,27500,27500,27500,27500,27500,27500,27500,27500,27500
1525073,CYNEX 노트북 DDR3-1066,CYNEX 노트북,DDR3,1066,0,2GB,2,0,0,0,0,0,24500,24500,24500,24500,24500,24500,24500,24500,24500,24500,24500,24500,24500,24500,24500,24500,24500,24500,24500,24500,24500,24500,24500
1307819,CYNEX 노트북 DDR3-1333,CYNEX 노트북,DDR3,1333,0,2GB,2,0,0,0,0,0,25800,25800,25800,25800,25800,25800,25800,25800,25800,25800,25800,25800,25800,25800,25800,25800,25800,25800,25800,25800,25800,25800,25800
2464556,CYNEX 노트북 DDR3-1600,CYNEX 노트북,DDR3,1600,0,8GB,8,0,0,0,0,0,73410,73410,73410,73410,73410,73410,73410,73410,73410,73410,73410,73410,73410,73410,73410,73410,73410,73410,73410,73410,73410,73410,73410
636450,Dreamware DDR2-800 FB For APPLE,Dreamware DDR2-800 FB For APPLE,0,0,0,1GB,1,0,0,0,0,0,90000,90000,90000,90000,90000,0,0,0,90000,90000,90000,90000,90000,90000,90000,0,0,0,0,0,0,0,90000
876470,Dreamware DDR3-1066 ECC Mac Pro,Dreamware ECC Mac Pro,DDR3,1066,0,4GB,4,0,0,0,0,0,220000,220000,220000,220000,220000,220000,220000,220000,220000,220000,220000,220000,220000,220000,220000,220000,220000,220000,220000,220000,220000,220000,220000
876470,Dreamware DDR3-1066 ECC Mac Pro,Dreamware ECC Mac Pro,DDR3,1066,0,2GB,2,0,0,0,0,0,100000,100000,100000,100000,100000,100000,100000,100000,100000,100000,100000,100000,100000,100000,100000,100000,100000,100000,100000,100000,100000,100000,100000
1177359,Dreamware DDR3-1333 ECC Mac Pro,Dreamware ECC Mac Pro,DDR3,1333,0,4GB,4,0,0,0,0,0,200000,200000,200000,200000,200000,200000,200000,200000,200000,200000,200000,200000,200000,200000,200000,200000,200000,200000,200000,200000,200000,200000,200000
1177359,Dreamware DDR3-1333 ECC Mac Pro,Dreamware ECC Mac Pro,DDR3,1333,0,2GB,2,0,0,0,0,0,100000,100000,100000,100000,100000,100000,100000,100000,100000,100000,100000,100000,100000,100000,100000,100000,100000,100000,100000,100000,100000,100000,100000
2672598,Dreamware DDR3-1866 ECC Mac Pro,Dreamware ECC Mac Pro,DDR3,1866,0,16GB,16,0,0,0,0,0,438581,438581,438581,438581,438581,438581,438581,438581,438581,438581,438581,438581,438581,438581,438581,438581,438581,438581,438581,438581,438581,438581,438581
2672598,Dreamware DDR3-1866 ECC Mac Pro,Dreamware ECC Mac Pro,DDR3,1866,0,8GB,8,0,0,0,0,0,232581,232581,232581,232581,232581,232581,232581,232581,232581,232581,232581,232581,232581,232581,232581,232581,232581,232581,232581,232581,232581,232581,232581
2672598,Dreamware DDR3-1866 ECC Mac Pro,Dreamware ECC Mac Pro,DDR3,1866,0,4GB,4,0,0,0,0,0,116955,116955,116955,116955,116955,116955,116955,116955,116955,116955,116955,116955,116955,116955,116955,116955,116955,116955,116955,116955,116955,116955,116955
5800315,EKMEMORY DDR2-800 중고,EKMEMORY DDR2-800 중고,0,0,0,2GB,2,0,0,0,0,0,27840,27840,27840,27840,27840,27840,27840,27840,27840,27840,27840,27840,27840,27840,27840,27840,27840,27840,27840,27840,27840,27840,27840
928282,EKMEMORY DDR3-1333,EKMEMORY,DDR3,1333,0,4GB,4,0,0,0,0,0,37220,37220,37220,37220,37220,37220,37220,37220,37220,37220,37220,37220,37220,37220,37220,37220,37220,37220,37220,37220,37220,37220,37220
928282,EKMEMORY DDR3-1333,EKMEMORY,DDR3,1333,0,2GB,2,0,0,0,0,0,21650,21650,21650,21650,21650,21650,21650,21650,21650,21650,21650,21650,21650,21650,21650,21650,21650,21650,21650,21650,21650,21650,21650
1741833,EKMEMORY DDR3-1600,EKMEMORY,DDR3,1600,0,8GB,8,0,0,0,0,0,38000,38000,38000,38000,38000,38000,38000,38000,38000,38000,38000,38000,38000,38000,38000,38000,38000,38000,38000,0,0,0,0
1741833,EKMEMORY DDR3-1600,EKMEMORY,DDR3,1600,0,4GB,4,0,0,0,0,0,38490,38490,38960,38490,38490,38490,38490,38490,38490,38490,38490,38490,38490,37240,38490,38490,38960,38960,38960,0,0,0,0
1885748,EKMEMORY DDR3-1600,EKMEMORY,DDR3,1600,0,8GB,8,0,0,0,0,0,0,0,0,0,0,0,0,0,0,0,0,0,0,0,0,0,0,0,0,38000,38000,38000,38000
1885748,EKMEMORY DDR3-1600,EKMEMORY,DDR3,1600,0,4GB,4,0,0,0,0,0,0,0,0,0,0,0,0,0,0,0,0,0,0,0,0,0,0,0,0,38960,38960,38960,37240
1622142,EKMEMORY DDR3-1600 인디핑크,EKMEMORY 인디핑크,DDR3,1600,0,4GB,4,0,0,0,0,0,26000,0,0,0,0,0,0,0,0,0,0,0,0,0,0,0,0,0,0,0,0,0,0
5389323,EKMEMORY DDR4-2400 CL16,EKMEMORY,DDR4,2400,CL16,8GB,8,0,0,0,0,0,49310,49310,49310,49310,49310,49310,49310,49310,49310,49310,49310,0,49310,49310,49310,49310,49310,49310,49310,49310,49310,49310,0
4152022,ESSENCORE KLEVV DDR3-1600 CL9 URBANE 패키지,ESSENCORE KLEVV URBANE 패키지,DDR3,1600,CL9,16GB(8GX2),16,0,0,0,0,0,200000,200000,200000,200000,200000,200000,200000,200000,200000,200000,200000,200000,200000,200000,200000,200000,200000,200000,200000,200000,200000,200000,200000
4152022,ESSENCORE KLEVV DDR3-1600 CL9 URBANE 패키지,ESSENCORE KLEVV URBANE 패키지,DDR3,1600,CL9,8GB(4GX2),8,0,0,0,0,0,70000,70000,70000,70000,70000,70000,70000,70000,70000,70000,70000,70000,70000,70000,70000,70000,70000,70000,70000,70000,70000,70000,70000
5547487,ESSENCORE KLEVV DDR3-1866 CL9 NEO,ESSENCORE KLEVV NEO,DDR3,1866,CL9,4GB,4,0,0,0,0,0,27070,0,0,0,0,0,0,0,0,27070,27070,27070,27070,27070,27070,27070,27070,0,27070,27070,27070,27070,27070
4152056,ESSENCORE KLEVV DDR3-1866 CL9 URBANE 패키지,ESSENCORE KLEVV URBANE 패키지,DDR3,1866,CL9,16GB(8GX2),16,0,0,0,0,0,250000,250000,250000,0,0,0,0,0,0,0,0,0,0,0,0,0,0,0,0,0,0,0,0
5276544,ESSENCORE KLEVV DDR4-2400 CL15,ESSENCORE KLEVV,DDR4,2400,CL15,4GB,4,0,0,0,0,0,16000,16000,16000,16000,16000,16000,16000,16000,16000,16000,16000,16000,16000,16000,16000,16000,16000,16000,16000,16000,16000,16000,16000
9390954,ESSENCORE KLEVV DDR4-2666 CL19 파인인포,ESSENCORE KLEVV 파인인포,DDR4,2666,CL19,16GB,16,0,0,0,0,0,76020,76020,0,0,76020,76020,76020,0,76020,76020,76020,76020,0,0,76020,76020,76020,76020,76020,76020,76020,0,0
9390954,ESSENCORE KLEVV DDR4-2666 CL19 파인인포,ESSENCORE KLEVV 파인인포,DDR4,2666,CL19,8GB,8,0,0,0,0,0,53560,53560,0,0,54750,54750,54160,0,54160,54160,54160,54160,0,0,54160,54160,55950,55360,55360,55360,55360,0,0
9390954,ESSENCORE KLEVV DDR4-2666 CL19 파인인포,ESSENCORE KLEVV 파인인포,DDR4,2666,CL19,4GB,4,0,0,0,0,0,8740,8740,0,0,8740,8740,8740,0,10700,10700,10700,10700,0,0,10700,10700,10700,10700,10700,10700,10700,0,0
9390900,ESSENCORE KLEVV DDR4-2666 CL19 파인인포,ESSENCORE KLEVV 파인인포,DDR4,2666,CL19,16GB,16,0,0,0,0,0,0,0,76020,76020,0,0,0,0,0,0,0,0,0,0,0,0,0,0,0,0,0,0,0
9390900,ESSENCORE KLEVV DDR4-2666 CL19 파인인포,ESSENCORE KLEVV 파인인포,DDR4,2666,CL19,8GB,8,0,0,0,0,0,0,0,55360,54750,0,0,0,0,0,0,0,0,0,0,0,0,0,0,0,0,0,0,0
9390900,ESSENCORE KLEVV DDR4-2666 CL19 파인인포,ESSENCORE KLEVV 파인인포,DDR4,2666,CL19,4GB,4,0,0,0,0,0,0,0,8740,8740,0,0,0,0,0,0,0,0,0,0,0,0,0,0,0,0,0,0,0
9390978,ESSENCORE KLEVV DDR4-2666 CL19 파인인포,ESSENCORE KLEVV 파인인포,DDR4,2666,CL19,16GB,16,0,0,0,0,0,0,0,0,0,0,0,0,76020,0,0,0,0,76020,76020,0,0,0,0,0,0,0,76020,76020
9390978,ESSENCORE KLEVV DDR4-2666 CL19 파인인포,ESSENCORE KLEVV 파인인포,DDR4,2666,CL19,8GB,8,0,0,0,0,0,0,0,0,0,0,0,0,54160,0,0,0,0,54160,52370,0,0,0,0,0,0,0,55360,52370
9390978,ESSENCORE KLEVV DDR4-2666 CL19 파인인포,ESSENCORE KLEVV 파인인포,DDR4,2666,CL19,4GB,4,0,0,0,0,0,0,0,0,0,0,0,0,10240,0,0,0,0,10700,10700,0,0,0,0,0,0,0,10700,10700
7516891,ESSENCORE KLEVV DDR4-3200 CL16 BOLT X,ESSENCORE KLEVV BOLT X,DDR4,3200,CL16,8GB,8,0,0,0,0,0,29900,29900,29900,29900,29900,29900,29900,29900,29900,29900,29900,29900,29900,29900,29900,29900,29900,0,0,0,0,0,0
27867158,ESSENCORE KLEVV DDR4-3200 CL16 BOLT X 서린,ESSENCORE KLEVV BOLT X 서린,DDR4,3200,CL16,16GB,16,0,0,0,0,0,58430,58300,57030,59000,59000,59000,59000,59000,59000,59000,61500,67140,67140,0,0,0,0,0,0,0,0,0,0
27867158,ESSENCORE KLEVV DDR4-3200 CL16 BOLT X 서린,ESSENCORE KLEVV BOLT X 서린,DDR4,3200,CL16,8GB,8,0,0,0,0,0,29000,29000,29000,29000,29000,29000,29000,29000,29000,29000,29000,29000,29000,0,0,0,0,0,0,0,0,0,0
27867110,ESSENCORE KLEVV DDR4-3200 CL16 BOLT X 서린,ESSENCORE KLEVV BOLT X 서린,DDR4,3200,CL16,8GB,8,0,0,0,0,0,0,0,0,0,0,0,0,0,0,0,0,0,0,29000,34000,34000,34000,34000,0,0,0,0,34000
27884993,ESSENCORE KLEVV DDR4-3200 CL16 CRAS X RGB 패키지 서린,ESSENCORE KLEVV CRAS X RGB 패키지 서린,DDR4,3200,CL16,32GB(16GX2),32,0,0,0,0,0,139940,139940,139940,139940,139940,139940,139940,0,0,0,0,0,500000,500000,500000,500000,500000,500000,500000,500000,500000,500000,500000
27884993,ESSENCORE KLEVV DDR4-3200 CL16 CRAS X RGB 패키지 서린,ESSENCORE KLEVV CRAS X RGB 패키지 서린,DDR4,3200,CL16,16GB(8GX2),16,0,0,0,0,0,78570,78570,79320,79310,79310,79320,79320,0,0,0,0,0,79320,80000,80000,79450,80000,80000,80000,80000,80000,80000,80000
27885068,ESSENCORE KLEVV DDR4-3200 CL16 CRAS X RGB 패키지 서린,ESSENCORE KLEVV CRAS X RGB 패키지 서린,DDR4,3200,CL16,32GB(16GX2),32,0,0,0,0,0,0,0,0,0,0,0,0,500000,500000,500000,500000,500000,0,0,0,0,0,0,0,0,0,0,0
27885068,ESSENCORE KLEVV DDR4-3200 CL16 CRAS X RGB 패키지 서린,ESSENCORE KLEVV CRAS X RGB 패키지 서린,DDR4,3200,CL16,16GB(8GX2),16,0,0,0,0,0,0,0,0,0,0,0,0,79320,79320,79320,79310,79310,0,0,0,0,0,0,0,0,0,0,0
11787091,ESSENCORE KLEVV DDR4-3200 CL22 파인인포,ESSENCORE KLEVV 파인인포,DDR4,3200,CL22,32GB,32,0,0,0,0,0,127580,127550,127210,127120,126990,126980,126950,0,0,0,0,0,126790,124820,123480,127590,127990,129090,129070,129050,129110,129040,130000
11787091,ESSENCORE KLEVV DDR4-3200 CL22 파인인포,ESSENCORE KLEVV 파인인포,DDR4,3200,CL22,16GB,16,0,0,0,0,0,54130,55390,56410,56290,56270,56260,56590,0,0,0,0,0,57500,56110,57090,57490,57490,57320,57200,57170,57500,58040,57120
11787091,ESSENCORE KLEVV DDR4-3200 CL22 파인인포,ESSENCORE KLEVV 파인인포,DDR4,3200,CL22,8GB,8,0,0,0,0,0,28750,28770,28650,28650,28630,28000,29920,0,0,0,0,0,28290,28270,27650,29190,28990,28900,28390,28360,28410,29950,29430
14858474,ESSENCORE KLEVV DDR4-3200 CL22 파인인포,ESSENCORE KLEVV 파인인포,DDR4,3200,CL22,32GB,32,0,0,0,0,0,0,0,0,0,0,0,0,126850,127620,127610,126790,126790,0,0,0,0,0,0,0,0,0,0,0
14858474,ESSENCORE KLEVV DDR4-3200 CL22 파인인포,ESSENCORE KLEVV 파인인포,DDR4,3200,CL22,16GB,16,0,0,0,0,0,0,0,0,0,0,0,0,56330,56580,56560,54600,55680,0,0,0,0,0,0,0,0,0,0,0
14858474,ESSENCORE KLEVV DDR4-3200 CL22 파인인포,ESSENCORE KLEVV 파인인포,DDR4,3200,CL22,8GB,8,0,0,0,0,0,0,0,0,0,0,0,0,28750,28760,28360,28290,28290,0,0,0,0,0,0,0,0,0,0,0
11113323,ESSENCORE KLEVV DDR4-3600 CL18 BOLT X,ESSENCORE KLEVV BOLT X,DDR4,3600,CL18,8GB,8,0,0,0,0,0,33740,33740,33740,33740,33740,33740,33740,33740,33740,33740,33740,33740,0,0,0,0,0,0,0,0,0,0,0
27867308,ESSENCORE KLEVV DDR4-3600 CL18 BOLT X 서린,ESSENCORE KLEVV BOLT X 서린,DDR4,3600,CL18,8GB,8,0,0,0,0,0,34000,34000,34000,33990,33990,34000,34000,34000,34000,34000,33340,33340,34000,34000,34000,34000,34000,34000,34000,34000,34000,34000,36380
27895421,ESSENCORE KLEVV DDR4-3600 CL18 BOLT XR 패키지 서린,ESSENCORE KLEVV BOLT XR 패키지 서린,DDR4,3600,CL18,16GB(8GX2),16,0,0,0,0,0,59950,59950,59950,59950,65000,65000,64540,64540,65000,65000,65000,65000,65000,500000,59950,500000,500000,500000,500000,500000,500000,500000,500000
27885311,ESSENCORE KLEVV DDR4-3600 CL18 CRAS X RGB 패키지 서린,ESSENCORE KLEVV CRAS X RGB 패키지 서린,DDR4,3600,CL18,32GB(16GX2),32,0,0,0,0,0,138000,138000,138000,138000,138000,138000,0,138000,138000,138000,0,0,0,0,0,0,0,0,0,0,0,0,0
27885311,ESSENCORE KLEVV DDR4-3600 CL18 CRAS X RGB 패키지 서린,ESSENCORE KLEVV CRAS X RGB 패키지 서린,DDR4,3600,CL18,16GB(8GX2),16,0,0,0,0,0,82530,82530,84000,83990,83990,84000,0,83450,83450,83450,0,0,0,0,0,0,0,0,0,0,0,0,0
27885218,ESSENCORE KLEVV DDR4-3600 CL18 CRAS X RGB 패키지 서린,ESSENCORE KLEVV CRAS X RGB 패키지 서린,DDR4,3600,CL18,32GB(16GX2),32,0,0,0,0,0,0,0,0,0,0,0,138000,0,0,0,0,0,0,0,0,0,0,0,0,0,0,0,0
27885218,ESSENCORE KLEVV DDR4-3600 CL18 CRAS X RGB 패키지 서린,ESSENCORE KLEVV CRAS X RGB 패키지 서린,DDR4,3600,CL18,16GB(8GX2),16,0,0,0,0,0,0,0,0,0,0,0,83450,0,0,0,83440,83440,83450,84000,84000,83460,84000,83990,83990,84000,84000,84000,84000
29821856,ESSENCORE KLEVV DDR4-3600 CL18 CRAS XR RGB 서린,ESSENCORE KLEVV CRAS XR RGB 서린,DDR4,3600,CL18,16GB,16,0,0,0,0,0,84000,84000,84000,84000,84000,84000,84000,84000,84000,84000,84000,84000,84000,84000,84000,84000,84000,84000,84000,84000,84000,84000,84000
27885758,ESSENCORE KLEVV DDR4-3600 CL18 CRAS XR RGB 패키지 서린,ESSENCORE KLEVV CRAS XR RGB 패키지 서린,DDR4,3600,CL18,32GB(16GX2),32,0,0,0,0,0,500000,500000,500000,500000,500000,500000,500000,0,0,0,0,0,500000,500000,500000,500000,500000,500000,500000,500000,500000,500000,500000
27885758,ESSENCORE KLEVV DDR4-3600 CL18 CRAS XR RGB 패키지 서린,ESSENCORE KLEVV CRAS XR RGB 패키지 서린,DDR4,3600,CL18,16GB(8GX2),16,0,0,0,0,0,82530,82530,84000,83990,83990,84000,83450,0,0,0,0,0,83450,84000,80900,80900,80900,73520,73520,80900,73520,80900,80900
27885863,ESSENCORE KLEVV DDR4-3600 CL18 CRAS XR RGB 패키지 서린,ESSENCORE KLEVV CRAS XR RGB 패키지 서린,DDR4,3600,CL18,32GB(16GX2),32,0,0,0,0,0,0,0,0,0,0,0,0,500000,500000,500000,500000,500000,0,0,0,0,0,0,0,0,0,0,0
27885863,ESSENCORE KLEVV DDR4-3600 CL18 CRAS XR RGB 패키지 서린,ESSENCORE KLEVV CRAS XR RGB 패키지 서린,DDR4,3600,CL18,16GB(8GX2),16,0,0,0,0,0,0,0,0,0,0,0,0,83450,83450,83450,83440,83440,0,0,0,0,0,0,0,0,0,0,0
58107197,ESSENCORE KLEVV DDR5-5600 CL30 FIT V WHITE 서린,ESSENCORE KLEVV FIT V WHITE 서린,DDR5,5600,CL30,16GB,16,0,0,0,0,0,69990,69990,69990,69890,69890,69990,69990,69990,69990,70000,69990,69990,70000,70000,70000,69520,70000,70000,70000,70000,70000,70000,70000
92152220,ESSENCORE KLEVV DDR5-5600 CL30 FIT V 서린,ESSENCORE KLEVV FIT V 서린,DDR5,5600,CL30,16GB,16,0,0,0,0,0,70000,70000,70000,69990,69990,70000,70000,70000,70000,70000,69990,69990,70000,70000,70000,70000,72000,71690,71690,71700,71700,71700,71700
94638185,ESSENCORE KLEVV DDR5-5600 CL46 AMD 파인인포,ESSENCORE KLEVV AMD 파인인포,DDR5,5600,CL46,16GB,16,0,0,0,0,0,0,0,0,0,0,0,0,0,0,0,0,0,0,0,0,0,56440,56440,56440,56440,56450,56450,56050
94638185,ESSENCORE KLEVV DDR5-5600 CL46 AMD 파인인포,ESSENCORE KLEVV AMD 파인인포,DDR5,5600,CL46,8GB,8,0,0,0,0,0,0,0,0,0,0,0,0,0,0,0,0,0,0,0,0,0,32610,32610,32590,32570,32620,32620,32500
71216363,ESSENCORE KLEVV DDR5-5600 CL46 NEO 파인인포,ESSENCORE KLEVV NEO 파인인포,DDR5,5600,CL46,16GB,16,0,0,0,0,0,53320,53320,53310,53790,54100,54090,53920,53910,53910,53910,55800,55800,55800,54940,55990,55800,57040,57850,56900,56870,57740,57640,54800
71216363,ESSENCORE KLEVV DDR5-5600 CL46 NEO 파인인포,ESSENCORE KLEVV NEO 파인인포,DDR5,5600,CL46,8GB,8,0,0,0,0,0,33990,33970,33930,33910,33910,33910,33840,33810,33770,33750,33710,33710,33720,32420,31370,32420,32960,32900,32800,32720,32720,32630,31920
18965774,ESSENCORE KLEVV DDR5-5600 CL46 파인인포,ESSENCORE KLEVV 파인인포,DDR5,5600,CL46,32GB,32,0,0,0,0,0,125990,125990,123060,124180,124160,122990,126240,0,0,0,0,0,129000,128960,127960,132910,132920,132030,131990,131870,134090,134950,135000
18965774,ESSENCORE KLEVV DDR5-5600 CL46 파인인포,ESSENCORE KLEVV 파인인포,DDR5,5600,CL46,16GB,16,0,0,0,0,0,64700,64660,64460,65140,65130,65090,64830,0,0,0,0,0,65910,66370,66650,66660,66650,66650,66610,66570,67840,69950,64263
27913391,ESSENCORE KLEVV DDR5-5600 CL46 파인인포,ESSENCORE KLEVV 파인인포,DDR5,5600,CL46,32GB,32,0,0,0,0,0,0,0,0,0,0,0,0,126450,125890,125850,127990,127980,0,0,0,0,0,0,0,0,0,0,0
27913391,ESSENCORE KLEVV DDR5-5600 CL46 파인인포,ESSENCORE KLEVV 파인인포,DDR5,5600,CL46,16GB,16,0,0,0,0,0,0,0,0,0,0,0,0,64830,64830,64780,65910,65910,0,0,0,0,0,0,0,0,0,0,0
91188350,ESSENCORE KLEVV DDR5-6000 CL28 BOLT V WHITE 패키지 서린,ESSENCORE KLEVV BOLT V WHITE 패키지 서린,DDR5,6000,CL28,32GB(16GX2),32,0,0,0,0,0,179000,179000,179000,178990,178990,179000,179000,179000,179000,179000,178990,178990,179000,179000,179000,179000,179000,178990,178970,179000,179000,179000,179000
91188290,ESSENCORE KLEVV DDR5-6000 CL28 BOLT V 패키지 서린,ESSENCORE KLEVV BOLT V 패키지 서린,DDR5,6000,CL28,32GB(16GX2),32,0,0,0,0,0,179000,170900,170900,0,0,0,0,0,0,0,0,0,0,0,179000,179000,179000,178990,178990,179000,179000,179000,179000
91188470,ESSENCORE KLEVV DDR5-6000 CL28 CRAS V RGB WHITE 패키지 서린,ESSENCORE KLEVV CRAS V RGB WHITE 패키지 서린,DDR5,6000,CL28,32GB(16GX2),32,0,0,0,0,0,208990,208990,208990,208980,208980,208990,208990,208990,208990,208990,208990,208990,209000,207970,207970,207970,207970,207960,207470,207470,207470,207960,207460
91188443,ESSENCORE KLEVV DDR5-6000 CL28 CRAS V RGB 패키지 서린,ESSENCORE KLEVV CRAS V RGB 패키지 서린,DDR5,6000,CL28,32GB(16GX2),32,0,0,0,0,0,208990,208990,208990,207450,207450,207460,208990,207460,207460,207460,208980,208980,208990,208990,208990,207960,207960,204990,204990,207960,207960,207870,207850
79000574,ESSENCORE KLEVV DDR5-6000 CL30 BOLT V AMD 패키지 서린,ESSENCORE KLEVV BOLT V AMD 패키지 서린,DDR5,6000,CL30,32GB(16GX2),32,0,0,0,0,0,163720,163720,163720,167990,167800,168000,168000,168000,168000,168000,167660,167660,168000,168000,168000,168000,168000,168000,168000,168000,168000,168000,168000
92152256,ESSENCORE KLEVV DDR5-6000 CL30 BOLT V WHITE 패키지 서린,ESSENCORE KLEVV BOLT V WHITE 패키지 서린,DDR5,6000,CL30,32GB(16GX2),32,0,0,0,0,0,168000,168000,168000,167990,167990,168000,168000,168000,168000,167200,167190,167190,167200,167200,167200,167200,167200,167190,167190,167200,167200,167990,167990
92152256,ESSENCORE KLEVV DDR5-6000 CL30 BOLT V WHITE 패키지 서린,ESSENCORE KLEVV BOLT V WHITE 패키지 서린,DDR5,6000,CL30,64GB(16GX2),64,0,0,0,0,0,0,0,0,0,0,0,0,0,0,0,0,0,0,0,0,310820,0,0,0,0,0,0,0
92152256,ESSENCORE KLEVV DDR5-6000 CL30 BOLT V WHITE 패키지 서린,ESSENCORE KLEVV BOLT V WHITE 패키지 서린,DDR5,6000,CL30,64GB(32GX2),64,0,0,0,0,0,0,0,0,0,0,0,0,0,0,0,0,0,0,0,0,0,310820,310810,310790,310820,310820,310820,310820
27894470,ESSENCORE KLEVV DDR5-6000 CL30 BOLT V 패키지 서린,ESSENCORE KLEVV BOLT V 패키지 서린,DDR5,6000,CL30,32GB(16GX2),32,0,0,0,0,0,168000,168000,168000,167980,167980,167990,168000,167990,168000,168000,166790,166790,168000,168000,168000,168000,168000,165890,165870,167990,167990,167990,167990
27894470,ESSENCORE KLEVV DDR5-6000 CL30 BOLT V 패키지 서린,ESSENCORE KLEVV BOLT V 패키지 서린,DDR5,6000,CL30,64GB(32GX2),64,0,0,0,0,0,0,0,0,0,0,0,0,0,0,0,0,0,0,0,0,310820,310820,310810,310790,310820,310820,310820,310820
79002878,ESSENCORE KLEVV DDR5-6000 CL30 CRAS V RGB AMD 패키지 서린,ESSENCORE KLEVV CRAS V RGB AMD 패키지 서린,DDR5,6000,CL30,32GB(16GX2),32,0,0,0,0,0,203000,203000,203000,202990,202990,203000,203000,203000,203000,203000,203000,203000,203000,203000,203000,203000,203000,202990,202990,203000,203000,203000,203000
79010636,ESSENCORE KLEVV DDR5-6000 CL30 CRAS V RGB WHITE AMD 패키지 서린,ESSENCORE KLEVV CRAS V RGB WHITE AMD 패키지 서린,DDR5,6000,CL30,32GB(16GX2),32,0,0,0,0,0,203000,203000,203000,202990,202020,203000,203000,203000,203000,203000,203000,203000,203000,203000,203000,203000,203000,202990,201890,203000,203000,203000,203000
37989017,ESSENCORE KLEVV DDR5-6000 CL30 CRAS V RGB WHITE 패키지 서린,ESSENCORE KLEVV CRAS V RGB WHITE 패키지 서린,DDR5,6000,CL30,64GB(32GX2),64,0,0,0,0,0,365000,363970,365000,363960,363960,363960,365000,363970,365000,365000,363970,363970,365000,365000,365000,365000,363970,364990,362980,365000,365000,365000,365000
37989017,ESSENCORE KLEVV DDR5-6000 CL30 CRAS V RGB WHITE 패키지 서린,ESSENCORE KLEVV CRAS V RGB WHITE 패키지 서린,DDR5,6000,CL30,48GB(24GX2),48,0,0,0,0,0,247000,247000,247000,246980,246980,246990,247000,246990,247000,247000,246990,246990,247000,247000,247000,247000,247000,246980,246960,246990,246990,246990,246990
37989017,ESSENCORE KLEVV DDR5-6000 CL30 CRAS V RGB WHITE 패키지 서린,ESSENCORE KLEVV CRAS V RGB WHITE 패키지 서린,DDR5,6000,CL30,32GB(16GX2),32,0,0,0,0,0,203000,203000,203000,202980,201890,202990,203000,203000,203000,203000,201770,201770,203000,202540,202540,202540,202540,202090,202040,192800,198630,203000,203000
93864794,ESSENCORE KLEVV DDR5-6000 CL30 CRAS V RGB WHITE 패키지 중고,ESSENCORE KLEVV CRAS V RGB WHITE 패키지 중고,DDR5,6000,CL30,48GB(24GX2),48,0,0,0,0,0,0,0,224550,224550,224550,224550,224550,224550,0,0,0,0,0,0,0,0,0,0,0,0,0,0,0
30002663,ESSENCORE KLEVV DDR5-6000 CL30 CRAS V RGB 패키지 서린,ESSENCORE KLEVV CRAS V RGB 패키지 서린,DDR5,6000,CL30,64GB(32GX2),64,0,0,0,0,0,365000,365000,365000,365000,365000,365000,365000,365000,365000,365000,365000,365000,365000,365000,365000,365000,365000,364990,363950,365000,365000,365000,365000
30002663,ESSENCORE KLEVV DDR5-6000 CL30 CRAS V RGB 패키지 서린,ESSENCORE KLEVV CRAS V RGB 패키지 서린,DDR5,6000,CL30,48GB(24GX2),48,0,0,0,0,0,242270,244850,244850,246980,246960,246990,247000,246990,247000,247000,246990,246990,247000,247000,247000,247000,247000,246980,246960,246990,246990,246990,246990
30002663,ESSENCORE KLEVV DDR5-6000 CL30 CRAS V RGB 패키지 서린,ESSENCORE KLEVV CRAS V RGB 패키지 서린,DDR5,6000,CL30,32GB(16GX2),32,0,0,0,0,0,192850,192850,192850,192830,192830,192850,192850,192850,192850,203000,202990,202990,203000,202540,202540,202540,202540,202520,202520,202990,202990,202990,202990
91188674,ESSENCORE KLEVV DDR5-6000 CL30 FIT V WHITE 서린,ESSENCORE KLEVV FIT V WHITE 서린,DDR5,6000,CL30,16GB,16,0,0,0,0,0,73990,73990,73990,73980,73980,73990,73990,73990,73990,73990,73980,73980,73990,73990,73990,71260,77980,77970,77970,77980,77980,77980,77980
91188716,ESSENCORE KLEVV DDR5-6000 CL30 FIT V WHITE 패키지 서린,ESSENCORE KLEVV FIT V WHITE 패키지 서린,DDR5,6000,CL30,32GB(16GX2),32,0,0,0,0,0,145000,145000,144990,144980,144960,145000,145000,145000,145000,225610,225610,225610,225610,225610,145000,143400,153860,153850,152990,78000,153860,153860,153860
91188617,ESSENCORE KLEVV DDR5-6000 CL30 FIT V 서린,ESSENCORE KLEVV FIT V 서린,DDR5,6000,CL30,16GB,16,0,0,0,0,0,73990,73990,73990,73980,73980,73990,73990,73990,73990,73990,73980,73980,73990,73990,73990,71260,77980,77970,77890,77980,77980,77980,77980
91188656,ESSENCORE KLEVV DDR5-6000 CL30 FIT V 패키지 서린,ESSENCORE KLEVV FIT V 패키지 서린,DDR5,6000,CL30,32GB(16GX2),32,0,0,0,0,0,0,0,145070,145070,145070,0,0,145070,0,0,0,0,0,0,144570,143400,153860,148580,148580,148580,148580,148580,148580
72587681,ESSENCORE KLEVV DDR5-6000 CL30 URBANE V RGB 패키지 서린,ESSENCORE KLEVV URBANE V RGB 패키지 서린,DDR5,6000,CL30,48GB(24GX2),48,0,0,0,0,0,229900,229900,229900,234980,234980,234990,234990,0,0,0,0,0,234990,234990,234990,234990,234990,213750,213750,234990,234990,234990,234990
72587681,ESSENCORE KLEVV DDR5-6000 CL30 URBANE V RGB 패키지 서린,ESSENCORE KLEVV URBANE V RGB 패키지 서린,DDR5,6000,CL30,32GB(16GX2),32,0,0,0,0,0,178990,178990,178990,178980,177990,178990,178990,0,0,0,0,0,178880,173330,178900,178900,178900,163350,178850,178900,178900,178900,178900
78849281,ESSENCORE KLEVV DDR5-6000 CL30 URBANE V RGB 패키지 서린,ESSENCORE KLEVV URBANE V RGB 패키지 서린,DDR5,6000,CL30,48GB(24GX2),48,0,0,0,0,0,0,0,0,0,0,0,0,234990,234990,234990,234980,234980,0,0,0,0,0,0,0,0,0,0,0
78849281,ESSENCORE KLEVV DDR5-6000 CL30 URBANE V RGB 패키지 서린,ESSENCORE KLEVV URBANE V RGB 패키지 서린,DDR5,6000,CL30,32GB(16GX2),32,0,0,0,0,0,0,0,0,0,0,0,0,179000,179000,178900,177940,177930,0,0,0,0,0,0,0,0,0,0,0
72421319,ESSENCORE KLEVV DDR5-6000 CL32 FIT V WHITE 서린,ESSENCORE KLEVV FIT V WHITE 서린,DDR5,6000,CL32,16GB,16,0,0,0,0,0,74000,74000,74000,74000,74000,74000,74000,74000,74000,74000,74000,74000,74000,74000,74000,74000,78000,78000,78000,78000,78000,78000,78000
58107284,ESSENCORE KLEVV DDR5-6000 CL32 FIT V WHITE 패키지 서린,ESSENCORE KLEVV FIT V WHITE 패키지 서린,DDR5,6000,CL32,32GB(16GX2),32,0,0,0,0,0,152500,152170,152500,147670,147670,148000,148000,147670,152500,152500,152170,147670,152500,152500,152500,152170,152500,147670,147670,148000,148000,152170,152500
93805103,ESSENCORE KLEVV DDR5-6400 CL30 BOLT V WHITE 패키지 서린,ESSENCORE KLEVV BOLT V WHITE 패키지 서린,DDR5,6400,CL30,32GB(16GX2),32,0,0,0,0,0,0,0,0,172000,172000,172000,172000,199950,172000,172000,172000,172000,172000,172000,172000,172000,172000,172000,172000,172000,172000,172000,172000
93805016,ESSENCORE KLEVV DDR5-6400 CL30 BOLT V 패키지 서린,ESSENCORE KLEVV BOLT V 패키지 서린,DDR5,6400,CL30,32GB(16GX2),32,0,0,0,0,0,0,0,0,172000,172000,172000,172000,172000,172000,172000,172000,172000,172000,172000,172000,172000,172000,172000,172000,172000,172000,172000,172000
93805253,ESSENCORE KLEVV DDR5-6400 CL30 FIT V WHITE 서린,ESSENCORE KLEVV FIT V WHITE 서린,DDR5,6400,CL30,16GB,16,0,0,0,0,0,0,0,0,78000,78000,78000,78000,78000,78000,78000,78000,78000,78000,78000,78000,75080,77950,77940,77920,77950,77950,80000,80000
93805283,ESSENCORE KLEVV DDR5-6400 CL30 FIT V WHITE 패키지 서린,ESSENCORE KLEVV FIT V WHITE 패키지 서린,DDR5,6400,CL30,32GB(16GX2),32,0,0,0,0,0,0,0,149000,149000,149000,149000,149000,149000,149000,149000,149000,149000,149000,149000,149000,147700,153980,153970,153950,153980,153980,158000,158000
93805268,ESSENCORE KLEVV DDR5-6400 CL30 FIT V 서린,ESSENCORE KLEVV FIT V 서린,DDR5,6400,CL30,16GB,16,0,0,0,0,0,0,0,78000,78000,78000,78000,78000,78000,78000,78000,78000,78000,78000,78000,78000,75080,77950,77940,77920,77950,77950,80000,80000
93805295,ESSENCORE KLEVV DDR5-6400 CL30 FIT V 패키지 서린,ESSENCORE KLEVV FIT V 패키지 서린,DDR5,6400,CL30,32GB(16GX2),32,0,0,0,0,0,0,0,0,149000,149000,149000,149000,173250,149000,149000,149000,149000,149000,149000,149000,147700,153980,153970,153950,153980,153980,158000,158000
79000616,ESSENCORE KLEVV DDR5-6400 CL32 BOLT V AMD 패키지 서린,ESSENCORE KLEVV BOLT V AMD 패키지 서린,DDR5,6400,CL32,32GB(16GX2),32,0,0,0,0,0,166250,166250,166250,169980,169980,169990,169990,170000,170000,170000,169990,169990,170000,170000,170000,169700,169700,169690,169690,169700,169700,169700,169700
92152277,ESSENCORE KLEVV DDR5-6400 CL32 BOLT V WHITE 패키지 서린,ESSENCORE KLEVV BOLT V WHITE 패키지 서린,DDR5,6400,CL32,32GB(16GX2),32,0,0,0,0,0,169990,169990,169990,169980,169980,169990,169990,169990,169990,169990,169980,169980,169990,169990,169990,169990,169990,169980,169960,169990,169990,169900,169890
27894644,ESSENCORE KLEVV DDR5-6400 CL32 BOLT V 패키지 서린,ESSENCORE KLEVV BOLT V 패키지 서린,DDR5,6400,CL32,32GB(16GX2),32,0,0,0,0,0,209580,214200,214200,213590,211500,209420,208260,198260,208260,198260,208260,208260,207880,207880,199010,207880,207880,207880,207880,207880,207880,207880,207880
79014581,ESSENCORE KLEVV DDR5-6400 CL32 CRAS V RGB AMD 패키지 서린,ESSENCORE KLEVV CRAS V RGB AMD 패키지 서린,DDR5,6400,CL32,32GB(16GX2),32,0,0,0,0,0,201400,201400,201400,202990,202990,205000,205000,205000,205000,205000,204990,204990,205000,205000,205000,205000,205000,204990,204990,205000,205000,204990,204990
79017092,ESSENCORE KLEVV DDR5-6400 CL32 CRAS V RGB WHITE AMD 패키지 서린,ESSENCORE KLEVV CRAS V RGB WHITE AMD 패키지 서린,DDR5,6400,CL32,32GB(16GX2),32,0,0,0,0,0,205000,205000,205000,204990,204990,205000,205000,205000,205000,205000,204990,204990,205000,205000,205000,205000,205000,205000,205000,205000,205000,204990,204990
37989125,ESSENCORE KLEVV DDR5-6400 CL32 CRAS V RGB WHITE 패키지 서린,ESSENCORE KLEVV CRAS V RGB WHITE 패키지 서린,DDR5,6400,CL32,64GB(32GX2),64,0,0,0,0,0,361000,361000,361000,368980,368960,368990,369000,368990,369000,369000,365890,365880,369000,369000,369000,369000,579620,579620,579620,579620,579620,369000,369000
37989125,ESSENCORE KLEVV DDR5-6400 CL32 CRAS V RGB WHITE 패키지 서린,ESSENCORE KLEVV CRAS V RGB WHITE 패키지 서린,DDR5,6400,CL32,48GB(24GX2),48,0,0,0,0,0,249810,249810,249810,251980,251980,251990,252000,251990,252000,252000,251990,251990,252000,252000,252000,252000,252000,251980,251980,251990,251990,251990,251990
37989125,ESSENCORE KLEVV DDR5-6400 CL32 CRAS V RGB WHITE 패키지 서린,ESSENCORE KLEVV CRAS V RGB WHITE 패키지 서린,DDR5,6400,CL32,32GB(16GX2),32,0,0,0,0,0,205000,205000,205000,204980,203780,204990,205000,204990,205000,205000,203770,203770,205000,205000,205000,205000,205000,204190,204190,204990,204990,204990,204990
30002912,ESSENCORE KLEVV DDR5-6400 CL32 CRAS V RGB 패키지 서린,ESSENCORE KLEVV CRAS V RGB 패키지 서린,DDR5,6400,CL32,64GB(32GX2),64,0,0,0,0,0,369000,369000,369000,368980,368960,368990,369000,368990,369000,369000,368990,368990,369000,369000,369000,369000,369000,369000,369000,369000,369000,369000,369000
30002912,ESSENCORE KLEVV DDR5-6400 CL32 CRAS V RGB 패키지 서린,ESSENCORE KLEVV CRAS V RGB 패키지 서린,DDR5,6400,CL32,48GB(24GX2),48,0,0,0,0,0,249810,249810,249810,251980,251980,251990,252000,251990,252000,252000,251990,251990,252000,252000,252000,252000,252000,251980,251980,251990,251990,251990,251990
30002912,ESSENCORE KLEVV DDR5-6400 CL32 CRAS V RGB 패키지 서린,ESSENCORE KLEVV CRAS V RGB 패키지 서린,DDR5,6400,CL32,32GB(16GX2),32,0,0,0,0,0,200450,200450,200450,200440,200440,200450,200450,200450,200450,200450,200440,200440,200450,205000,205000,205000,205000,204980,204980,204990,204990,204990,204990
92152316,ESSENCORE KLEVV DDR5-6400 CL32 FIT V WHITE 서린,ESSENCORE KLEVV FIT V WHITE 서린,DDR5,6400,CL32,16GB,16,0,0,0,0,0,76000,76000,75990,75980,75980,76000,76000,76000,76000,76000,76000,76000,76000,76000,76000,76000,77900,77890,77870,77900,77900,78000,78000
92152298,ESSENCORE KLEVV DDR5-6400 CL32 FIT V WHITE 패키지 서린,ESSENCORE KLEVV FIT V WHITE 패키지 서린,DDR5,6400,CL32,32GB(16GX2),32,0,0,0,0,0,147000,147000,146990,146980,146980,147000,147000,147000,147000,147000,146990,146990,147000,147000,147000,147000,154000,153990,153970,154000,154000,154000,154000
91188779,ESSENCORE KLEVV DDR5-6400 CL32 FIT V 서린,ESSENCORE KLEVV FIT V 서린,DDR5,6400,CL32,16GB,16,0,0,0,0,0,75990,75990,75990,75980,75980,75990,75990,75990,75990,75990,75980,75980,75990,75990,75990,73170,77900,77890,77890,77900,77900,77900,77900
91188836,ESSENCORE KLEVV DDR5-6400 CL32 FIT V 패키지 서린,ESSENCORE KLEVV FIT V 패키지 서린,DDR5,6400,CL32,32GB(16GX2),32,0,0,0,0,0,147000,147000,147000,146990,146990,147000,147000,147000,147000,147000,146990,146990,147000,147000,147000,147000,154000,153990,153990,154000,154000,154000,154000
78849305,ESSENCORE KLEVV DDR5-6400 CL32 URBANE V RGB 패키지 서린,ESSENCORE KLEVV URBANE V RGB 패키지 서린,DDR5,6400,CL32,32GB(16GX2),32,0,0,0,0,0,181000,0,0,0,0,0,181000,181000,181000,181000,180990,180990,181000,181000,181000,181000,0,180990,180990,181000,0,0,0
78849305,ESSENCORE KLEVV DDR5-6400 CL32 URBANE V RGB 패키지 서린,ESSENCORE KLEVV URBANE V RGB 패키지 서린,DDR5,6400,CL32,48GB(24GX2),48,0,0,0,0,0,232220,0,0,0,0,0,232220,238000,238000,238000,237990,237990,238000,238000,238000,238000,0,237990,237990,238000,0,0,0
72587687,ESSENCORE KLEVV DDR5-6400 CL32 URBANE V RGB 패키지 서린,ESSENCORE KLEVV URBANE V RGB 패키지 서린,DDR5,6400,CL32,32GB(16GX2),32,0,0,0,0,0,0,181000,180990,180980,180980,181000,0,0,0,0,0,0,0,0,0,0,181000,0,0,0,181000,180990,180990
72587687,ESSENCORE KLEVV DDR5-6400 CL32 URBANE V RGB 패키지 서린,ESSENCORE KLEVV URBANE V RGB 패키지 서린,DDR5,6400,CL32,48GB(24GX2),48,0,0,0,0,0,0,232220,232220,232210,232210,232220,0,0,0,0,0,0,0,0,0,0,238000,0,0,0,238000,238000,238000
27894749,ESSENCORE KLEVV DDR5-6800 CL34 BOLT V 패키지 서린,ESSENCORE KLEVV BOLT V 패키지 서린,DDR5,6800,CL34,32GB(16GX2),32,0,0,0,0,0,178000,178000,177990,177930,177930,177990,178000,177990,178000,178000,177990,177990,178000,178000,178000,178000,178000,177890,177890,177990,177990,177990,177990
64376690,ESSENCORE KLEVV DDR5-7200 CL34 CRAS V RGB ROG 패키지 서린,ESSENCORE KLEVV CRAS V RGB ROG 패키지 서린,DDR5,7200,CL34,48GB(24GX2),48,0,0,0,0,0,343800,343800,343800,343800,343800,343800,343800,343800,343800,343800,343800,343800,343800,343800,343800,343800,343800,343800,343800,343800,343800,343800,343800
64376690,ESSENCORE KLEVV DDR5-7200 CL34 CRAS V RGB ROG 패키지 서린,ESSENCORE KLEVV CRAS V RGB ROG 패키지 서린,DDR5,7200,CL34,32GB(16GX2),32,0,0,0,0,0,210000,210000,209990,209980,209980,209990,210000,209990,210000,210000,210000,210000,210000,210000,210000,210000,210000,209980,209980,209990,209990,209990,209990
37989224,ESSENCORE KLEVV DDR5-7200 CL34 CRAS V RGB White 패키지 서린,ESSENCORE KLEVV CRAS V RGB White 패키지 서린,DDR5,7200,CL34,48GB(24GX2),48,0,0,0,0,0,270000,270000,270000,269980,269980,269990,270000,269990,270000,270000,269990,269990,270000,270000,270000,270000,270000,269980,269980,269990,269990,0,269990
37989224,ESSENCORE KLEVV DDR5-7200 CL34 CRAS V RGB White 패키지 서린,ESSENCORE KLEVV CRAS V RGB White 패키지 서린,DDR5,7200,CL34,32GB(16GX2),32,0,0,0,0,0,208000,208000,207990,207980,207980,207990,208000,207990,208000,208000,207990,207990,208000,208000,208000,208000,208000,207980,207980,207990,207990,0,207990
37989197,ESSENCORE KLEVV DDR5-7200 CL34 CRAS V RGB White 패키지 서린,ESSENCORE KLEVV CRAS V RGB White 패키지 서린,DDR5,7200,CL34,48GB(24GX2),48,0,0,0,0,0,0,0,0,0,0,0,0,0,0,0,0,0,0,0,0,0,0,0,0,0,0,269990,0
37989197,ESSENCORE KLEVV DDR5-7200 CL34 CRAS V RGB White 패키지 서린,ESSENCORE KLEVV CRAS V RGB White 패키지 서린,DDR5,7200,CL34,32GB(16GX2),32,0,0,0,0,0,0,0,0,0,0,0,0,0,0,0,0,0,0,0,0,0,0,0,0,0,0,207990,0
27886676,ESSENCORE KLEVV DDR5-7200 CL34 CRAS V RGB 패키지 서린,ESSENCORE KLEVV CRAS V RGB 패키지 서린,DDR5,7200,CL34,48GB(24GX2),48,0,0,0,0,0,270000,0,270000,0,0,0,0,0,0,0,0,0,0,476000,0,270000,0,0,0,0,0,0,0
27886676,ESSENCORE KLEVV DDR5-7200 CL34 CRAS V RGB 패키지 서린,ESSENCORE KLEVV CRAS V RGB 패키지 서린,DDR5,7200,CL34,32GB(16GX2),32,0,0,0,0,0,208000,0,208000,0,0,0,0,0,0,0,0,0,0,208000,0,208000,0,0,0,0,0,0,0
30002993,ESSENCORE KLEVV DDR5-7200 CL34 CRAS V RGB 패키지 서린,ESSENCORE KLEVV CRAS V RGB 패키지 서린,DDR5,7200,CL34,48GB(24GX2),48,0,0,0,0,0,0,270000,0,269980,269980,269990,270000,269990,270000,270000,476000,476000,476000,0,270000,0,270000,270000,270000,270000,270000,270000,270000
30002993,ESSENCORE KLEVV DDR5-7200 CL34 CRAS V RGB 패키지 서린,ESSENCORE KLEVV CRAS V RGB 패키지 서린,DDR5,7200,CL34,32GB(16GX2),32,0,0,0,0,0,0,208000,0,207980,207980,207990,208000,207990,208000,208000,207990,207990,208000,0,208000,0,208000,207980,207980,207990,207990,207990,207990
27892502,ESSENCORE KLEVV DDR5-7200 CL36 CRAS XR5 RGB 패키지 서린,ESSENCORE KLEVV CRAS XR5 RGB 패키지 서린,DDR5,7200,CL36,32GB(16GX2),32,0,0,0,0,0,309370,309370,309370,309370,309370,309370,309370,309370,309370,309370,309370,309370,309370,309370,309370,309370,309370,309370,309370,309370,309370,309370,309370
37989251,ESSENCORE KLEVV DDR5-7600 CL36 CRAS V RGB White 패키지 서린,ESSENCORE KLEVV CRAS V RGB White 패키지 서린,DDR5,7600,CL36,32GB(16GX2),32,0,0,0,0,0,244990,244990,244990,244930,244900,244780,244980,244900,244990,244990,257350,257350,234900,0,0,0,0,0,0,0,0,0,0
30268556,ESSENCORE KLEVV DDR5-7600 CL36 CRAS V RGB 패키지 서린,ESSENCORE KLEVV CRAS V RGB 패키지 서린,DDR5,7600,CL36,48GB(24GX2),48,0,0,0,0,0,310590,310590,310600,310600,310600,310600,310590,310590,310590,310590,310590,310590,310590,310590,310590,310590,310590,310590,310590,310590,320000,388000,388000
30268556,ESSENCORE KLEVV DDR5-7600 CL36 CRAS V RGB 패키지 서린,ESSENCORE KLEVV CRAS V RGB 패키지 서린,DDR5,7600,CL36,32GB(16GX2),32,0,0,0,0,0,352620,360400,352820,359320,355820,352310,350370,350370,350370,350370,350370,350370,352620,352620,352620,352620,352620,352620,352620,352620,352620,352620,352620
19240181,ESSENCORE KLEVV 노트북 DDR4-2666 CL19 중고,ESSENCORE KLEVV 노트북 중고,DDR4,2666,CL19,4GB,4,0,0,0,0,0,9210,9210,0,9210,13700,13700,13550,13550,13550,13550,13550,13550,13550,13550,0,0,0,0,0,0,13860,13860,0
9391317,ESSENCORE KLEVV 노트북 DDR4-2666 CL19 파인인포,ESSENCORE KLEVV 노트북 파인인포,DDR4,2666,CL19,16GB,16,0,0,0,0,0,49090,49090,49090,49090,49090,49090,49090,49090,49090,49090,60600,65930,65920,63750,65920,65440,66880,66770,66650,66530,66420,66410,63750
9391317,ESSENCORE KLEVV 노트북 DDR4-2666 CL19 파인인포,ESSENCORE KLEVV 노트북 파인인포,DDR4,2666,CL19,8GB,8,0,0,0,0,0,79000,79000,79000,79000,79000,79000,79000,79000,79000,79000,79000,79000,79000,79000,79000,79000,79000,79000,79000,79000,79000,79000,79000
9391317,ESSENCORE KLEVV 노트북 DDR4-2666 CL19 파인인포,ESSENCORE KLEVV 노트북 파인인포,DDR4,2666,CL19,4GB,4,0,0,0,0,0,17300,17300,17300,17300,17300,17300,17300,17300,17300,17300,17300,17300,17300,17300,17300,17300,17300,17300,17300,17300,17300,17300,17300
11787154,ESSENCORE KLEVV 노트북 DDR4-3200 CL22 파인인포,ESSENCORE KLEVV 노트북 파인인포,DDR4,3200,CL22,32GB,32,0,0,0,0,0,109900,0,0,0,0,0,0,0,0,0,0,0,0,0,0,0,0,0,0,0,0,0,0
11787154,ESSENCORE KLEVV 노트북 DDR4-3200 CL22 파인인포,ESSENCORE KLEVV 노트북 파인인포,DDR4,3200,CL22,16GB,16,0,0,0,0,0,71500,0,0,0,0,0,0,0,0,0,0,0,0,0,0,0,0,0,0,0,0,0,0
11787154,ESSENCORE KLEVV 노트북 DDR4-3200 CL22 파인인포,ESSENCORE KLEVV 노트북 파인인포,DDR4,3200,CL22,8GB,8,0,0,0,0,0,28900,0,0,0,0,0,0,0,0,0,0,0,0,0,0,0,0,0,0,0,0,0,0
14205968,ESSENCORE KLEVV 노트북 DDR4-3200 CL22 파인인포,ESSENCORE KLEVV 노트북 파인인포,DDR4,3200,CL22,32GB,32,0,0,0,0,0,0,133920,133890,133870,133860,133840,133790,133750,133750,133750,133750,133750,133750,0,0,0,0,0,0,0,0,135230,136000
14205968,ESSENCORE KLEVV 노트북 DDR4-3200 CL22 파인인포,ESSENCORE KLEVV 노트북 파인인포,DDR4,3200,CL22,16GB,16,0,0,0,0,0,0,71500,71500,71500,71500,71500,71500,71500,71500,71500,71500,71500,71490,0,0,0,0,0,0,0,0,68140,68500
14205968,ESSENCORE KLEVV 노트북 DDR4-3200 CL22 파인인포,ESSENCORE KLEVV 노트북 파인인포,DDR4,3200,CL22,8GB,8,0,0,0,0,0,0,34500,34500,34500,34500,34500,34500,34500,34500,34500,34500,34500,34500,0,0,0,0,0,0,0,0,34500,34500
11787178,ESSENCORE KLEVV 노트북 DDR4-3200 CL22 파인인포,ESSENCORE KLEVV 노트북 파인인포,DDR4,3200,CL22,32GB,32,0,0,0,0,0,0,0,0,0,0,0,0,0,0,0,0,0,0,131800,129630,133930,135100,134100,134670,134550,134510,0,0
11787178,ESSENCORE KLEVV 노트북 DDR4-3200 CL22 파인인포,ESSENCORE KLEVV 노트북 파인인포,DDR4,3200,CL22,16GB,16,0,0,0,0,0,0,0,0,0,0,0,0,0,0,0,0,0,0,65960,64950,64950,67420,67500,68290,68180,68150,0,0
11787178,ESSENCORE KLEVV 노트북 DDR4-3200 CL22 파인인포,ESSENCORE KLEVV 노트북 파인인포,DDR4,3200,CL22,8GB,8,0,0,0,0,0,0,0,0,0,0,0,0,0,0,0,0,0,0,34500,34500,34500,34500,34500,34500,34500,34500,0,0
28208825,ESSENCORE KLEVV 노트북 DDR5-5600 CL46 파인인포,ESSENCORE KLEVV 노트북 파인인포,DDR5,5600,CL46,32GB,32,0,0,0,0,0,126440,129000,129000,129000,129000,133600,147880,147880,147880,135000,134340,134340,134340,134340,134340,132900,132900,132860,132740,132640,132620,132580,132540
28208825,ESSENCORE KLEVV 노트북 DDR5-5600 CL46 파인인포,ESSENCORE KLEVV 노트북 파인인포,DDR5,5600,CL46,16GB,16,0,0,0,0,0,62840,62860,62850,62850,62850,62850,64980,63540,63040,63040,63540,63540,63540,62580,64990,64980,64960,65880,65840,65730,65700,65680,62840
6540147,G.SKILL DDR4-2666 CL19 AEGIS,G.SKILL AEGIS,DDR4,2666,CL19,16GB,16,0,0,0,0,0,57150,57150,57960,58420,58420,58420,60000,60000,60000,60000,60000,60000,60000,60000,60000,60000,60000,60000,60000,60000,60000,60000,60000
6540147,G.SKILL DDR4-2666 CL19 AEGIS,G.SKILL AEGIS,DDR4,2666,CL19,8GB,8,0,0,0,0,0,32580,32580,32580,32580,32580,32580,32580,32580,32580,32580,30150,30150,32580,32580,32580,32580,32580,30150,30150,32580,29880,29880,32580
7029922,G.SKILL DDR4-3000 CL16 TRIDENT Z ROYAL 실버 패키지,G.SKILL TRIDENT Z ROYAL 실버 패키지,DDR4,3000,CL16,16GB(8GX2),16,0,0,0,0,0,179340,179340,179340,179340,179340,179340,179340,179340,179340,179340,179340,179340,179340,179340,179340,179340,179340,179340,179340,179340,179340,179340,179340
4905041,G.SKILL DDR4-3200 CL14 TRIDENT Z RGB 패키지,G.SKILL TRIDENT Z RGB 패키지,DDR4,3200,CL14,16GB(8GX2),16,0,0,0,0,0,242730,242730,242730,242730,242730,242730,0,0,0,0,0,0,0,0,0,0,0,0,0,0,0,0,0
9593742,G.SKILL DDR4-3200 CL16 AEGIS,G.SKILL AEGIS,DDR4,3200,CL16,16GB,16,0,0,0,0,0,61000,60010,60010,60010,60010,60010,61000,60010,60010,61000,60990,60990,0,0,0,0,0,60990,60990,60990,60990,60990,60990
9593742,G.SKILL DDR4-3200 CL16 AEGIS,G.SKILL AEGIS,DDR4,3200,CL16,8GB,8,0,0,0,0,0,32000,32000,31990,31980,31980,31980,31980,32000,32000,32000,31990,31990,0,0,0,0,0,31900,31900,31910,31900,31890,31890
9593730,G.SKILL DDR4-3200 CL16 AEGIS,G.SKILL AEGIS,DDR4,3200,CL16,16GB,16,0,0,0,0,0,0,0,0,0,0,0,0,0,0,0,0,0,61000,61000,61000,61000,60990,0,0,0,0,0,0
9593730,G.SKILL DDR4-3200 CL16 AEGIS,G.SKILL AEGIS,DDR4,3200,CL16,8GB,8,0,0,0,0,0,0,0,0,0,0,0,0,0,0,0,0,0,32000,32000,31920,31920,31910,0,0,0,0,0,0
4571593,G.SKILL DDR4-3200 CL16 RIPJAWS V VK,G.SKILL RIPJAWS V VK,DDR4,3200,CL16,32GB,32,0,0,0,0,0,123990,123990,123990,123990,123990,123990,124000,0,0,0,0,0,124000,124000,124000,124000,124000,124000,124000,124000,124000,123990,123990
4571593,G.SKILL DDR4-3200 CL16 RIPJAWS V VK,G.SKILL RIPJAWS V VK,DDR4,3200,CL16,16GB,16,0,0,0,0,0,65000,65000,65000,65000,65000,65000,65000,0,0,0,0,0,65000,65000,65000,65000,65000,65000,65000,65000,65000,67500,67500
10019379,G.SKILL DDR4-3200 CL16 RIPJAWS V VK,G.SKILL RIPJAWS V VK,DDR4,3200,CL16,32GB,32,0,0,0,0,0,0,0,0,0,0,0,0,124000,124000,124000,124000,124000,0,0,0,0,0,0,0,0,0,0,0
10019379,G.SKILL DDR4-3200 CL16 RIPJAWS V VK,G.SKILL RIPJAWS V VK,DDR4,3200,CL16,16GB,16,0,0,0,0,0,0,0,0,0,0,0,0,65000,65000,65000,65000,65000,0,0,0,0,0,0,0,0,0,0,0
10019382,G.SKILL DDR4-3200 CL16 RIPJAWS V VK 패키지,G.SKILL RIPJAWS V VK 패키지,DDR4,3200,CL16,128GB(32GX4),128,0,0,0,0,0,496000,496000,496000,496000,496000,496000,496000,496000,496000,496000,496000,496000,496000,496000,0,0,0,0,0,0,0,496000,496000
10019382,G.SKILL DDR4-3200 CL16 RIPJAWS V VK 패키지,G.SKILL RIPJAWS V VK 패키지,DDR4,3200,CL16,64GB(32GX2),64,0,0,0,0,0,247990,247990,247990,247990,247990,247990,247990,247990,247990,247990,247990,247990,247990,247990,0,0,0,0,0,0,0,247900,247860
10019388,G.SKILL DDR4-3200 CL16 RIPJAWS V VK 패키지,G.SKILL RIPJAWS V VK 패키지,DDR4,3200,CL16,128GB(32GX4),128,0,0,0,0,0,0,0,0,0,0,0,0,0,0,0,0,0,0,0,496000,496000,496000,496000,496000,496000,496000,0,0
10019388,G.SKILL DDR4-3200 CL16 RIPJAWS V VK 패키지,G.SKILL RIPJAWS V VK 패키지,DDR4,3200,CL16,64GB(32GX2),64,0,0,0,0,0,0,0,0,0,0,0,0,0,0,0,0,0,0,0,248000,247990,247990,247990,247990,248000,247990,0,0
4571613,G.SKILL DDR4-3200 CL16 RIPJAWS V VKB 패키지,G.SKILL RIPJAWS V VKB 패키지,DDR4,3200,CL16,16GB(8GX2),16,0,0,0,0,0,66440,66440,66440,66440,66440,66440,70000,66440,66440,66440,66440,66440,66440,66440,66440,66440,66440,66440,66440,66440,66440,70000,70000
10391016,G.SKILL DDR4-3200 CL16 TRIDENT Z NEO 패키지,G.SKILL TRIDENT Z NEO 패키지,DDR4,3200,CL16,128GB(32GX4),128,0,0,0,0,0,520000,520000,520000,520000,520000,520000,520000,0,0,0,520000,520000,520000,520000,520000,520000,520000,0,0,0,0,0,0
10391016,G.SKILL DDR4-3200 CL16 TRIDENT Z NEO 패키지,G.SKILL TRIDENT Z NEO 패키지,DDR4,3200,CL16,64GB(32GX2),64,0,0,0,0,0,259000,259000,259000,259000,259000,259000,259000,0,0,0,258990,258990,259000,259000,259000,279000,278990,0,0,0,0,0,0
10391016,G.SKILL DDR4-3200 CL16 TRIDENT Z NEO 패키지,G.SKILL TRIDENT Z NEO 패키지,DDR4,3200,CL16,32GB(16GX2),32,0,0,0,0,0,139000,139000,139000,139000,139000,139000,139000,0,0,0,138990,138990,139000,139000,152000,152000,151990,0,0,0,0,0,0
10391016,G.SKILL DDR4-3200 CL16 TRIDENT Z NEO 패키지,G.SKILL TRIDENT Z NEO 패키지,DDR4,3200,CL16,32GB(8GX4),32,0,0,0,0,0,211890,211890,211890,211890,211890,211890,211890,0,0,0,211890,211890,211890,211890,539000,539000,539000,0,0,0,0,0,0
10391016,G.SKILL DDR4-3200 CL16 TRIDENT Z NEO 패키지,G.SKILL TRIDENT Z NEO 패키지,DDR4,3200,CL16,16GB(8GX2),16,0,0,0,0,0,85000,85000,85000,85000,85000,85000,85000,0,0,0,85000,85000,85000,85000,92000,92000,92000,0,0,0,0,0,0
10391202,G.SKILL DDR4-3200 CL16 TRIDENT Z NEO 패키지,G.SKILL TRIDENT Z NEO 패키지,DDR4,3200,CL16,128GB(32GX4),128,0,0,0,0,0,0,0,0,0,0,0,0,520000,520000,520000,0,0,0,0,0,0,0,0,0,0,0,0,0
10391202,G.SKILL DDR4-3200 CL16 TRIDENT Z NEO 패키지,G.SKILL TRIDENT Z NEO 패키지,DDR4,3200,CL16,64GB(32GX2),64,0,0,0,0,0,0,0,0,0,0,0,0,259000,259000,259000,0,0,0,0,0,0,0,0,0,0,0,0,0
10391202,G.SKILL DDR4-3200 CL16 TRIDENT Z NEO 패키지,G.SKILL TRIDENT Z NEO 패키지,DDR4,3200,CL16,32GB(16GX2),32,0,0,0,0,0,0,0,0,0,0,0,0,139000,139000,139000,0,0,0,0,0,0,0,0,0,0,0,0,0
10391202,G.SKILL DDR4-3200 CL16 TRIDENT Z NEO 패키지,G.SKILL TRIDENT Z NEO 패키지,DDR4,3200,CL16,32GB(8GX4),32,0,0,0,0,0,0,0,0,0,0,0,0,211890,211890,211890,0,0,0,0,0,0,0,0,0,0,0,0,0
10391202,G.SKILL DDR4-3200 CL16 TRIDENT Z NEO 패키지,G.SKILL TRIDENT Z NEO 패키지,DDR4,3200,CL16,16GB(8GX2),16,0,0,0,0,0,0,0,0,0,0,0,0,85000,85000,85000,0,0,0,0,0,0,0,0,0,0,0,0,0
9480315,G.SKILL DDR4-3200 CL16 TRIDENT Z NEO 패키지,G.SKILL TRIDENT Z NEO 패키지,DDR4,3200,CL16,128GB(32GX4),128,0,0,0,0,0,0,0,0,0,0,0,0,0,0,0,0,0,0,0,0,0,0,520000,520000,520000,520000,519990,519990
9480315,G.SKILL DDR4-3200 CL16 TRIDENT Z NEO 패키지,G.SKILL TRIDENT Z NEO 패키지,DDR4,3200,CL16,64GB(32GX2),64,0,0,0,0,0,0,0,0,0,0,0,0,0,0,0,0,0,0,0,0,0,0,278990,278990,279000,278990,278900,278860
9480315,G.SKILL DDR4-3200 CL16 TRIDENT Z NEO 패키지,G.SKILL TRIDENT Z NEO 패키지,DDR4,3200,CL16,32GB(16GX2),32,0,0,0,0,0,0,0,0,0,0,0,0,0,0,0,0,0,0,0,0,0,0,151990,151990,152000,151990,151990,151990
9480315,G.SKILL DDR4-3200 CL16 TRIDENT Z NEO 패키지,G.SKILL TRIDENT Z NEO 패키지,DDR4,3200,CL16,32GB(8GX4),32,0,0,0,0,0,0,0,0,0,0,0,0,0,0,0,0,0,0,0,0,0,0,539000,539000,539000,539000,539000,539000
9480315,G.SKILL DDR4-3200 CL16 TRIDENT Z NEO 패키지,G.SKILL TRIDENT Z NEO 패키지,DDR4,3200,CL16,16GB(8GX2),16,0,0,0,0,0,0,0,0,0,0,0,0,0,0,0,0,0,0,0,0,0,0,92000,92000,92000,92000,92000,92000
10019547,G.SKILL DDR4-3200 CL16 TRIDENT Z RGB 패키지,G.SKILL TRIDENT Z RGB 패키지,DDR4,3200,CL16,64GB(16GX4),64,0,0,0,0,0,270000,270000,270000,270000,270000,270000,270000,0,0,0,0,0,270000,270000,297850,298000,297990,297990,297990,298000,297990,297990,297990
10019547,G.SKILL DDR4-3200 CL16 TRIDENT Z RGB 패키지,G.SKILL TRIDENT Z RGB 패키지,DDR4,3200,CL16,32GB(16GX2),32,0,0,0,0,0,130820,130820,129430,134000,134000,134000,134000,0,0,0,0,0,134000,134000,134000,145000,145000,145000,145000,145000,145000,145000,145000
10019547,G.SKILL DDR4-3200 CL16 TRIDENT Z RGB 패키지,G.SKILL TRIDENT Z RGB 패키지,DDR4,3200,CL16,32GB(8GX4),32,0,0,0,0,0,186000,186000,186000,186000,186000,186000,186000,0,0,0,0,0,186000,186000,0,0,0,0,0,0,0,0,0
10019547,G.SKILL DDR4-3200 CL16 TRIDENT Z RGB 패키지,G.SKILL TRIDENT Z RGB 패키지,DDR4,3200,CL16,16GB(8GX2),16,0,0,0,0,0,78570,78570,78820,78820,78820,78820,79440,0,0,0,0,0,79440,80000,80000,86420,87000,87000,87000,87000,87000,87000,87000
10019562,G.SKILL DDR4-3200 CL16 TRIDENT Z RGB 패키지,G.SKILL TRIDENT Z RGB 패키지,DDR4,3200,CL16,64GB(16GX4),64,0,0,0,0,0,0,0,0,0,0,0,0,270000,270000,270000,269990,269990,0,0,0,0,0,0,0,0,0,0,0
10019562,G.SKILL DDR4-3200 CL16 TRIDENT Z RGB 패키지,G.SKILL TRIDENT Z RGB 패키지,DDR4,3200,CL16,32GB(16GX2),32,0,0,0,0,0,0,0,0,0,0,0,0,134000,134000,134000,134000,134000,0,0,0,0,0,0,0,0,0,0,0
10019562,G.SKILL DDR4-3200 CL16 TRIDENT Z RGB 패키지,G.SKILL TRIDENT Z RGB 패키지,DDR4,3200,CL16,32GB(8GX4),32,0,0,0,0,0,0,0,0,0,0,0,0,186000,186000,186000,186000,186000,0,0,0,0,0,0,0,0,0,0,0
10019562,G.SKILL DDR4-3200 CL16 TRIDENT Z RGB 패키지,G.SKILL TRIDENT Z RGB 패키지,DDR4,3200,CL16,16GB(8GX2),16,0,0,0,0,0,0,0,0,0,0,0,0,79440,79440,79440,79440,79440,0,0,0,0,0,0,0,0,0,0,0
7351231,G.SKILL DDR4-3200 CL16 TRIDENT Z ROYAL 골드 패키지,G.SKILL TRIDENT Z ROYAL 골드 패키지,DDR4,3200,CL16,32GB(16GX2),32,0,0,0,0,0,132370,132370,132370,132370,132370,132370,132370,132370,132370,132370,132370,0,132370,132370,139000,0,0,0,0,0,0,0,0
7351231,G.SKILL DDR4-3200 CL16 TRIDENT Z ROYAL 골드 패키지,G.SKILL TRIDENT Z ROYAL 골드 패키지,DDR4,3200,CL16,16GB(8GX2),16,0,0,0,0,0,167190,167190,167190,167190,167190,167190,167190,167190,167190,167190,167190,0,167190,167190,167190,0,0,0,0,0,0,0,0
7029724,G.SKILL DDR4-3200 CL16 TRIDENT Z ROYAL 골드 패키지,G.SKILL TRIDENT Z ROYAL 골드 패키지,DDR4,3200,CL16,32GB(16GX2),32,0,0,0,0,0,0,0,0,0,0,0,0,0,0,0,0,132370,0,0,0,0,0,0,0,0,0,0,0
7029724,G.SKILL DDR4-3200 CL16 TRIDENT Z ROYAL 골드 패키지,G.SKILL TRIDENT Z ROYAL 골드 패키지,DDR4,3200,CL16,16GB(8GX2),16,0,0,0,0,0,0,0,0,0,0,0,0,0,0,0,0,167190,0,0,0,167190,0,0,0,0,0,0,0
7030408,G.SKILL DDR4-3200 CL16 TRIDENT Z ROYAL 실버 패키지,G.SKILL TRIDENT Z ROYAL 실버 패키지,DDR4,3200,CL16,64GB(32GX2),64,0,0,0,0,0,299000,299000,299000,299000,299000,299000,299000,0,0,0,0,0,299000,299000,305000,305000,304990,304990,304990,305000,304990,304990,304990
7030408,G.SKILL DDR4-3200 CL16 TRIDENT Z ROYAL 실버 패키지,G.SKILL TRIDENT Z ROYAL 실버 패키지,DDR4,3200,CL16,32GB(16GX2),32,0,0,0,0,0,168000,168000,168000,168000,168000,168000,168000,0,0,0,0,0,167990,168000,180000,180000,180000,180000,180000,180000,180000,180000,180000
7030408,G.SKILL DDR4-3200 CL16 TRIDENT Z ROYAL 실버 패키지,G.SKILL TRIDENT Z ROYAL 실버 패키지,DDR4,3200,CL16,16GB(8GX2),16,0,0,0,0,0,97910,97910,201590,201590,201590,201590,201590,0,0,0,0,0,203760,200250,203760,203760,203760,201590,201590,201590,201590,201590,200250
10391094,G.SKILL DDR4-3200 CL16 TRIDENT Z ROYAL 실버 패키지,G.SKILL TRIDENT Z ROYAL 실버 패키지,DDR4,3200,CL16,64GB(32GX2),64,0,0,0,0,0,0,0,0,0,0,0,0,299000,299000,299000,298990,298990,0,0,0,0,0,0,0,0,0,0,0
10391094,G.SKILL DDR4-3200 CL16 TRIDENT Z ROYAL 실버 패키지,G.SKILL TRIDENT Z ROYAL 실버 패키지,DDR4,3200,CL16,32GB(16GX2),32,0,0,0,0,0,0,0,0,0,0,0,0,168000,168000,168000,168000,167990,0,0,0,0,0,0,0,0,0,0,0
10391094,G.SKILL DDR4-3200 CL16 TRIDENT Z ROYAL 실버 패키지,G.SKILL TRIDENT Z ROYAL 실버 패키지,DDR4,3200,CL16,16GB(8GX2),16,0,0,0,0,0,0,0,0,0,0,0,0,201590,203760,203760,203760,203760,0,0,0,0,0,0,0,0,0,0,0
3717286,G.SKILL DDR4-3200 CL16 TRIDENT Z 패키지,G.SKILL TRIDENT Z 패키지,DDR4,3200,CL16,32GB(16GX2),32,0,0,0,0,0,129000,129000,139000,139000,139000,139000,139000,0,0,0,0,0,0,129000,129000,129000,129000,129000,129000,129000,129000,129000,129000
3717286,G.SKILL DDR4-3200 CL16 TRIDENT Z 패키지,G.SKILL TRIDENT Z 패키지,DDR4,3200,CL16,16GB(8GX2),16,0,0,0,0,0,75000,75000,74970,75000,75000,75000,75000,0,0,0,0,0,0,75000,75000,75000,75000,75000,75000,75000,75000,74990,74990
3439724,G.SKILL DDR4-3200 CL16 TRIDENT Z 패키지,G.SKILL TRIDENT Z 패키지,DDR4,3200,CL16,32GB(16GX2),32,0,0,0,0,0,0,0,0,0,0,0,0,139000,129000,129000,129000,129000,129000,0,0,0,0,0,0,0,0,0,0
3439724,G.SKILL DDR4-3200 CL16 TRIDENT Z 패키지,G.SKILL TRIDENT Z 패키지,DDR4,3200,CL16,16GB(8GX2),16,0,0,0,0,0,0,0,0,0,0,0,0,75000,75000,75000,75000,75000,75000,0,0,0,0,0,0,0,0,0,0
4589367,G.SKILL DDR4-3200 CL16 TRIDENT ZKW 패키지,G.SKILL TRIDENT ZKW 패키지,DDR4,3200,CL16,32GB(16GX2),32,0,0,0,0,0,129000,129000,128990,128990,129000,129000,129000,129000,129000,129000,129000,129000,129000,129540,139500,139500,139500,139500,139500,139500,139500,139500,0
4589367,G.SKILL DDR4-3200 CL16 TRIDENT ZKW 패키지,G.SKILL TRIDENT ZKW 패키지,DDR4,3200,CL16,16GB(8GX2),16,0,0,0,0,0,75000,75000,74970,75000,75000,75000,75000,75000,75000,75000,75000,75000,75000,75000,75000,75000,75000,75000,75000,75000,75000,75000,0
4589107,G.SKILL DDR4-3200 CL16 TRIDENT ZKW 패키지,G.SKILL TRIDENT ZKW 패키지,DDR4,3200,CL16,16GB(8GX2),16,0,0,0,0,0,0,0,0,0,0,0,0,0,0,0,0,0,0,0,0,0,0,0,0,0,0,0,75000
4589170,G.SKILL DDR4-3200 CL16 TRIDENT ZSK 패키지,G.SKILL TRIDENT ZSK 패키지,DDR4,3200,CL16,16GB(8GX2),16,0,0,0,0,0,75000,75000,75000,75000,75000,75000,75000,75000,75000,75000,75000,75000,75000,75000,75000,75000,75000,75000,75000,75000,75000,75000,75000
4244267,G.SKILL DDR4-3200 CL16 TRIDENT ZSW 패키지,G.SKILL TRIDENT ZSW 패키지,DDR4,3200,CL16,32GB(16GX2),32,0,0,0,0,0,129000,129000,129000,129000,129000,129000,129000,129000,129000,129000,129000,129000,129000,129000,129000,129000,129000,129000,129000,129000,129000,129000,129000
4244267,G.SKILL DDR4-3200 CL16 TRIDENT ZSW 패키지,G.SKILL TRIDENT ZSW 패키지,DDR4,3200,CL16,16GB(8GX2),16,0,0,0,0,0,75000,75000,75000,75000,75000,75000,75000,75000,75000,75000,75000,75000,75000,75000,75000,75000,75000,75000,75000,75000,75000,75000,75000
12952874,G.SKILL DDR4-3600 CL14 RIPJAWS V VK 패키지,G.SKILL RIPJAWS V VK 패키지,DDR4,3600,CL14,64GB(16GX4),64,0,0,0,0,0,815510,815510,815510,815510,815510,815510,815510,815510,815510,815510,815510,815510,815510,815510,815510,815510,815510,815510,815510,815510,815510,815510,815510
12947324,G.SKILL DDR4-3600 CL14 TRIDENT Z ROYAL 골드 패키지,G.SKILL TRIDENT Z ROYAL 골드 패키지,DDR4,3600,CL14,64GB(16GX4),64,0,0,0,0,0,1113000,1113000,1113000,1113000,1113000,1113000,1113000,1113000,1113000,1113000,1113000,1113000,1113000,1113000,1113000,1113000,1113000,1113000,1113000,1113000,1113000,1113000,1113000
9480405,G.SKILL DDR4-3600 CL16 TRIDENT Z NEO C 패키지,G.SKILL TRIDENT Z NEO C 패키지,DDR4,3600,CL16,32GB(16GX2),32,0,0,0,0,0,160050,164000,174000,174000,174000,174000,174000,174000,174000,174000,174000,174000,174000,171470,174000,174000,174000,174000,174000,174000,174000,174000,174000
9480405,G.SKILL DDR4-3600 CL16 TRIDENT Z NEO C 패키지,G.SKILL TRIDENT Z NEO C 패키지,DDR4,3600,CL16,16GB(8GX2),16,0,0,0,0,0,92000,92000,92000,92000,92000,92000,92000,92000,92000,92000,92000,92000,92000,92000,92000,92000,92000,92000,92000,92000,92000,92000,92000
9470802,G.SKILL DDR4-3600 CL16 TRIDENT Z NEO 패키지,G.SKILL TRIDENT Z NEO 패키지,DDR4,3600,CL16,16GB(8GX2),16,0,0,0,0,0,158520,158520,155800,158520,158520,158520,158520,158520,158520,158520,158520,158520,158520,153480,158520,158520,158520,158520,158520,158520,158520,158520,153470
9595962,G.SKILL DDR4-3600 CL16 TRIDENT Z ROYAL C 골드 패키지,G.SKILL TRIDENT Z ROYAL C 골드 패키지,DDR4,3600,CL16,32GB(16GX2),32,0,0,0,0,0,158840,158840,158840,158840,158840,158840,577200,577200,577200,577200,0,0,0,0,0,0,0,0,0,0,0,0,0
9595962,G.SKILL DDR4-3600 CL16 TRIDENT Z ROYAL C 골드 패키지,G.SKILL TRIDENT Z ROYAL C 골드 패키지,DDR4,3600,CL16,16GB(8GX2),16,0,0,0,0,0,102360,102360,103860,103370,103370,103370,102360,102360,102360,102360,102360,102360,102360,98990,102360,102360,103860,103860,103860,103860,103860,103860,98990
9595998,G.SKILL DDR4-3600 CL16 TRIDENT Z ROYAL C 실버 패키지,G.SKILL TRIDENT Z ROYAL C 실버 패키지,DDR4,3600,CL16,32GB(16GX2),32,0,0,0,0,0,193980,193980,193980,193980,193980,193980,193980,193980,0,0,0,0,0,0,0,0,193980,193980,193980,193980,193980,193980,193980
9595998,G.SKILL DDR4-3600 CL16 TRIDENT Z ROYAL C 실버 패키지,G.SKILL TRIDENT Z ROYAL C 실버 패키지,DDR4,3600,CL16,16GB(8GX2),16,0,0,0,0,0,102360,102360,103860,103370,103370,103370,102360,102360,0,0,0,0,0,0,0,0,103860,103860,103860,103860,103860,103860,98990
9596238,G.SKILL DDR4-3600 CL16 TRIDENT Z ROYAL C 실버 패키지,G.SKILL TRIDENT Z ROYAL C 실버 패키지,DDR4,3600,CL16,32GB(16GX2),32,0,0,0,0,0,0,0,0,0,0,0,0,0,193980,193980,193980,193980,193980,193980,193980,193980,0,0,0,0,0,0,0
9596238,G.SKILL DDR4-3600 CL16 TRIDENT Z ROYAL C 실버 패키지,G.SKILL TRIDENT Z ROYAL C 실버 패키지,DDR4,3600,CL16,16GB(8GX2),16,0,0,0,0,0,0,0,0,0,0,0,0,0,102360,102360,102360,102360,102360,98990,102360,102360,0,0,0,0,0,0,0
14601365,G.SKILL DDR4-3600 CL16 TRIDENT Z ROYAL ELITE 골드 패키지,G.SKILL TRIDENT Z ROYAL ELITE 골드 패키지,DDR4,3600,CL16,16GB(8GX2),16,0,0,0,0,0,113600,113600,114150,113710,113710,113710,113600,113600,113600,113600,113600,113600,113600,109890,113600,113600,114150,114150,114150,114150,114150,114150,109890
7351492,G.SKILL DDR4-3600 CL16 TRIDENT Z ROYAL 실버 패키지,G.SKILL TRIDENT Z ROYAL 실버 패키지,DDR4,3600,CL16,32GB(8GX4),32,0,0,0,0,0,737800,737800,737800,737800,737800,737800,737800,737800,737800,737800,737800,737800,737800,737800,737800,737800,737800,737800,737800,737800,737800,737800,737800
4905177,G.SKILL DDR4-3600 CL17 TRIDENT Z RGB 패키지,G.SKILL TRIDENT Z RGB 패키지,DDR4,3600,CL17,16GB(8GX2),16,0,0,0,0,0,221500,221500,221500,221500,221500,221500,221500,221500,221500,221500,221500,221500,221500,221500,221500,221500,221500,221500,221500,221500,221500,221500,221500
7030165,G.SKILL DDR4-3600 CL17 TRIDENT Z ROYAL 실버 패키지,G.SKILL TRIDENT Z ROYAL 실버 패키지,DDR4,3600,CL17,16GB(8GX2),16,0,0,0,0,0,175400,175400,175400,175400,175400,175400,175400,175400,175400,175400,175400,175400,175400,175400,175400,175400,175400,175400,175400,175400,175400,175400,175400
11044452,G.SKILL DDR4-3600 CL18 TRIDENT Z NEO 패키지,G.SKILL TRIDENT Z NEO 패키지,DDR4,3600,CL18,128GB(32GX4),128,0,0,0,0,0,539650,539650,539650,539650,539650,539650,539650,0,0,0,0,0,539650,539650,539650,0,0,0,0,0,0,0,0
11044452,G.SKILL DDR4-3600 CL18 TRIDENT Z NEO 패키지,G.SKILL TRIDENT Z NEO 패키지,DDR4,3600,CL18,64GB(32GX2),64,0,0,0,0,0,269000,269000,269000,269000,269000,269000,269000,0,0,0,0,0,269000,269000,269000,0,0,0,0,0,0,0,0
11044452,G.SKILL DDR4-3600 CL18 TRIDENT Z NEO 패키지,G.SKILL TRIDENT Z NEO 패키지,DDR4,3600,CL18,32GB(16GX2),32,0,0,0,0,0,140000,140000,140000,140000,140000,140000,140000,0,0,0,0,0,140000,140000,140000,0,0,0,0,0,0,0,0
11044452,G.SKILL DDR4-3600 CL18 TRIDENT Z NEO 패키지,G.SKILL TRIDENT Z NEO 패키지,DDR4,3600,CL18,16GB(8GX2),16,0,0,0,0,0,86000,86000,86000,86000,86000,86000,86000,0,0,0,0,0,86000,86000,86000,0,0,0,0,0,0,0,0
11044479,G.SKILL DDR4-3600 CL18 TRIDENT Z NEO 패키지,G.SKILL TRIDENT Z NEO 패키지,DDR4,3600,CL18,128GB(32GX4),128,0,0,0,0,0,0,0,0,0,0,0,0,539650,539650,539650,539650,539650,0,0,0,0,539650,539650,539650,0,0,0,539650
11044479,G.SKILL DDR4-3600 CL18 TRIDENT Z NEO 패키지,G.SKILL TRIDENT Z NEO 패키지,DDR4,3600,CL18,64GB(32GX2),64,0,0,0,0,0,0,0,0,0,0,0,0,269000,269000,269000,268990,268990,0,0,0,0,0,0,0,0,0,0,0
11044479,G.SKILL DDR4-3600 CL18 TRIDENT Z NEO 패키지,G.SKILL TRIDENT Z NEO 패키지,DDR4,3600,CL18,32GB(16GX2),32,0,0,0,0,0,0,0,0,0,0,0,0,140000,140000,140000,139990,139990,0,0,0,0,152990,152990,152990,0,0,0,152860
11044479,G.SKILL DDR4-3600 CL18 TRIDENT Z NEO 패키지,G.SKILL TRIDENT Z NEO 패키지,DDR4,3600,CL18,16GB(8GX2),16,0,0,0,0,0,0,0,0,0,0,0,0,86000,86000,86000,86000,86000,0,0,0,0,93000,93000,93000,0,0,0,93000
11431392,G.SKILL DDR4-3600 CL18 TRIDENT Z NEO 패키지,G.SKILL TRIDENT Z NEO 패키지,DDR4,3600,CL18,128GB(32GX4),128,0,0,0,0,0,0,0,0,0,0,0,0,0,0,0,0,0,0,0,0,539650,0,0,0,539650,539650,539650,0
11431392,G.SKILL DDR4-3600 CL18 TRIDENT Z NEO 패키지,G.SKILL TRIDENT Z NEO 패키지,DDR4,3600,CL18,32GB(16GX2),32,0,0,0,0,0,0,0,0,0,0,0,0,0,0,0,0,0,0,0,0,153000,0,0,0,153000,152990,152900,0
11431392,G.SKILL DDR4-3600 CL18 TRIDENT Z NEO 패키지,G.SKILL TRIDENT Z NEO 패키지,DDR4,3600,CL18,16GB(8GX2),16,0,0,0,0,0,0,0,0,0,0,0,0,0,0,0,0,0,0,0,0,93000,0,0,0,93000,93000,93000,0
11431083,G.SKILL DDR4-3600 CL18 TRIDENT Z RGB 패키지,G.SKILL TRIDENT Z RGB 패키지,DDR4,3600,CL18,64GB(32GX2),64,0,0,0,0,0,270000,270000,269990,268190,268190,270000,270000,0,0,0,0,0,270000,270000,278000,278000,277990,276900,276900,277990,277990,277900,277800
11431083,G.SKILL DDR4-3600 CL18 TRIDENT Z RGB 패키지,G.SKILL TRIDENT Z RGB 패키지,DDR4,3600,CL18,32GB(16GX2),32,0,0,0,0,0,125480,135000,125480,125480,125480,130470,135000,0,0,0,0,0,135000,135000,135000,147000,147000,146100,146100,147000,147000,147000,147000
11431083,G.SKILL DDR4-3600 CL18 TRIDENT Z RGB 패키지,G.SKILL TRIDENT Z RGB 패키지,DDR4,3600,CL18,16GB(8GX2),16,0,0,0,0,0,79510,79510,79510,81000,81000,81000,80390,0,0,0,0,0,80390,81000,81000,87370,88000,88000,88000,88000,88000,88000,88000
11431116,G.SKILL DDR4-3600 CL18 TRIDENT Z RGB 패키지,G.SKILL TRIDENT Z RGB 패키지,DDR4,3600,CL18,64GB(32GX2),64,0,0,0,0,0,0,0,0,0,0,0,0,270000,270000,270000,268190,268190,0,0,0,0,0,0,0,0,0,0,0
11431116,G.SKILL DDR4-3600 CL18 TRIDENT Z RGB 패키지,G.SKILL TRIDENT Z RGB 패키지,DDR4,3600,CL18,32GB(16GX2),32,0,0,0,0,0,0,0,0,0,0,0,0,135000,135000,135000,134100,134100,0,0,0,0,0,0,0,0,0,0,0
11431116,G.SKILL DDR4-3600 CL18 TRIDENT Z RGB 패키지,G.SKILL TRIDENT Z RGB 패키지,DDR4,3600,CL18,16GB(8GX2),16,0,0,0,0,0,0,0,0,0,0,0,0,80390,80390,80390,80390,80390,0,0,0,0,0,0,0,0,0,0,0
18271148,G.SKILL DDR4-3600 CL18 TRIDENT Z RGB 패키지 (해외구매),G.SKILL TRIDENT Z RGB 패키지 (해외구매),DDR4,3600,CL18,32GB(16GX2),32,0,0,0,0,0,103100,103100,103100,103100,103100,103100,103100,103100,103100,103100,103100,103100,103100,103100,103100,103100,103100,103100,103100,103100,103100,103100,103100
18271148,G.SKILL DDR4-3600 CL18 TRIDENT Z RGB 패키지 (해외구매),G.SKILL TRIDENT Z RGB 패키지 (해외구매),DDR4,3600,CL18,16GB(8GX2),16,0,0,0,0,0,100800,100800,105260,101930,101930,101930,100820,100820,100820,100820,100820,100820,100820,97490,100820,99650,109500,109500,109500,109500,109500,106220,97490
7029817,G.SKILL DDR4-3600 CL18 TRIDENT Z ROYAL 골드 패키지,G.SKILL TRIDENT Z ROYAL 골드 패키지,DDR4,3600,CL18,16GB(8GX2),16,0,0,0,0,0,91130,91130,93480,93040,93040,93040,92020,92020,92020,92020,92020,92020,92020,88980,92020,92020,93480,93480,93480,93480,93480,93480,88980
11431746,G.SKILL DDR4-3600 CL18 TRIDENT Z ROYAL 실버 패키지,G.SKILL TRIDENT Z ROYAL 실버 패키지,DDR4,3600,CL18,64GB(32GX2),64,0,0,0,0,0,303000,0,0,0,0,0,0,0,0,0,0,0,0,0,0,310990,310990,310990,310990,310990,0,0,0
11431746,G.SKILL DDR4-3600 CL18 TRIDENT Z ROYAL 실버 패키지,G.SKILL TRIDENT Z ROYAL 실버 패키지,DDR4,3600,CL18,32GB(16GX2),32,0,0,0,0,0,169000,0,0,0,0,0,0,0,0,0,0,0,0,0,0,181000,181000,181000,181000,181000,0,0,0
11431746,G.SKILL DDR4-3600 CL18 TRIDENT Z ROYAL 실버 패키지,G.SKILL TRIDENT Z ROYAL 실버 패키지,DDR4,3600,CL18,16GB(8GX2),16,0,0,0,0,0,91130,0,0,0,0,0,0,0,0,0,0,0,0,0,0,92020,93480,93480,93480,93480,0,0,0
11431767,G.SKILL DDR4-3600 CL18 TRIDENT Z ROYAL 실버 패키지,G.SKILL TRIDENT Z ROYAL 실버 패키지,DDR4,3600,CL18,64GB(32GX2),64,0,0,0,0,0,0,303000,303000,303000,303000,303000,303000,303000,303000,303000,303000,303000,303000,303000,311000,0,0,0,0,0,310990,310900,310860
11431767,G.SKILL DDR4-3600 CL18 TRIDENT Z ROYAL 실버 패키지,G.SKILL TRIDENT Z ROYAL 실버 패키지,DDR4,3600,CL18,32GB(16GX2),32,0,0,0,0,0,0,169000,169000,169000,169000,169000,169000,169000,169000,169000,169000,169000,169000,169000,181000,0,0,0,0,0,181000,181000,181000
11431767,G.SKILL DDR4-3600 CL18 TRIDENT Z ROYAL 실버 패키지,G.SKILL TRIDENT Z ROYAL 실버 패키지,DDR4,3600,CL18,16GB(8GX2),16,0,0,0,0,0,0,91130,93480,93040,93040,93040,92020,92020,92020,92020,92020,92020,92020,88980,92020,0,0,0,0,0,93480,93480,88980
14601827,G.SKILL DDR4-4000 CL16 TRIDENT Z ROYAL ELITE 실버 패키지,G.SKILL TRIDENT Z ROYAL ELITE 실버 패키지,DDR4,4000,CL16,32GB(16GX2),32,0,0,0,0,0,599390,599390,599390,599390,599390,599390,599390,599390,599390,599390,599390,599390,599390,599390,599390,599390,599390,599390,599390,599390,599390,599390,599390
15792911,G.SKILL DDR4-4000 CL18 TRIDENT Z RGB 패키지,G.SKILL TRIDENT Z RGB 패키지,DDR4,4000,CL18,32GB(16GX2),32,0,0,0,0,0,169000,169000,168990,169000,169000,169000,169000,169000,169000,169000,168990,168990,169000,169000,169000,169000,168990,168990,168990,169000,168990,168900,168860
15792911,G.SKILL DDR4-4000 CL18 TRIDENT Z RGB 패키지,G.SKILL TRIDENT Z RGB 패키지,DDR4,4000,CL18,16GB(8GX2),16,0,0,0,0,0,70730,70730,70730,70730,70730,70730,70730,70730,70730,70730,70730,70730,70730,70730,70730,70730,0,0,0,0,0,0,0
15794468,G.SKILL DDR4-4000 CL18 TRIDENT Z ROYAL 실버 패키지,G.SKILL TRIDENT Z ROYAL 실버 패키지,DDR4,4000,CL18,32GB(16GX2),32,0,0,0,0,0,199000,199000,199000,199000,199000,199000,199000,199000,199000,199000,198990,198990,199000,199000,199000,199000,198990,198990,198990,199000,198990,198990,198990
15794468,G.SKILL DDR4-4000 CL18 TRIDENT Z ROYAL 실버 패키지,G.SKILL TRIDENT Z ROYAL 실버 패키지,DDR4,4000,CL18,16GB(8GX2),16,0,0,0,0,0,110750,110750,110750,110750,110750,110750,110750,110750,110750,110750,110750,110750,110750,110750,110750,110750,110750,110750,110750,110750,110750,110750,110750
7938031,G.SKILL DDR4-4000 CL19 TRIDENT Z ROYAL 골드 패키지,G.SKILL TRIDENT Z ROYAL 골드 패키지,DDR4,4000,CL19,32GB(16GX2),32,0,0,0,0,0,604090,604090,604090,604090,604090,604090,604090,604090,604090,604090,604090,604090,604090,604090,604090,604090,604090,604090,604090,604090,604090,604090,604090
40022612,G.SKILL DDR5-5200 CL36 FLARE X5 J 패키지,G.SKILL FLARE X5 J 패키지,DDR5,5200,CL36,64GB(32GX2),64,0,0,0,0,0,251290,0,0,0,0,0,0,0,0,0,0,0,0,0,0,0,0,0,0,0,0,0,0
40022612,G.SKILL DDR5-5200 CL36 FLARE X5 J 패키지,G.SKILL FLARE X5 J 패키지,DDR5,5200,CL36,32GB(16GX2),32,0,0,0,0,0,134000,134000,134000,134000,134000,134000,134000,134000,134000,134000,134000,134000,134000,134000,134000,134000,134000,134000,134000,134000,134000,134000,134000
40545854,G.SKILL DDR5-5200 CL36 RIPJAWS S5 J 화이트 패키지,G.SKILL RIPJAWS S5 J 화이트 패키지,DDR5,5200,CL36,64GB(32GX2),64,0,0,0,0,0,249000,249000,0,0,0,0,0,249000,249000,249000,249000,249000,0,0,0,0,0,0,0,0,249000,249000,0
40545854,G.SKILL DDR5-5200 CL36 RIPJAWS S5 J 화이트 패키지,G.SKILL RIPJAWS S5 J 화이트 패키지,DDR5,5200,CL36,32GB(16GX2),32,0,0,0,0,0,124840,124840,0,0,0,0,0,124840,124840,124840,124840,124840,0,0,0,0,0,0,0,0,124830,124830,0
16272563,G.SKILL DDR5-5200 CL36 RIPJAWS S5 J 화이트 패키지,G.SKILL RIPJAWS S5 J 화이트 패키지,DDR5,5200,CL36,64GB(32GX2),64,0,0,0,0,0,0,0,249000,249000,249000,249000,249000,0,0,0,0,0,249000,249000,249000,249000,249000,249000,249000,249000,0,0,249000
16272563,G.SKILL DDR5-5200 CL36 RIPJAWS S5 J 화이트 패키지,G.SKILL RIPJAWS S5 J 화이트 패키지,DDR5,5200,CL36,32GB(16GX2),32,0,0,0,0,0,0,0,124650,124840,124840,124840,124840,0,0,0,0,0,124840,120790,124840,124840,124840,124830,124830,124830,0,0,120790
54102995,G.SKILL DDR5-5200 CL40 FLARE X5 J 패키지,G.SKILL FLARE X5 J 패키지,DDR5,5200,CL40,96GB(48GX2),96,0,0,0,0,0,319000,319000,318990,318990,319000,319000,319000,319000,319000,319000,319000,319000,319000,319000,319000,319000,319000,319000,319000,319000,319000,318990,318990
56151416,G.SKILL DDR5-5200 CL40 RIPJAWS M5 RGB 블랙 패키지,G.SKILL RIPJAWS M5 RGB 블랙 패키지,DDR5,5200,CL40,64GB(32GX2),64,0,0,0,0,0,258000,258000,258000,258000,258000,0,0,258000,249000,249000,249000,249000,0,0,0,0,0,0,0,0,0,0,0
56151416,G.SKILL DDR5-5200 CL40 RIPJAWS M5 RGB 블랙 패키지,G.SKILL RIPJAWS M5 RGB 블랙 패키지,DDR5,5200,CL40,32GB(16GX2),32,0,0,0,0,0,144000,144000,139320,144000,144000,0,0,144000,144000,144000,131850,131850,0,0,0,0,0,0,0,0,0,0,0
56151461,G.SKILL DDR5-5200 CL40 RIPJAWS M5 RGB 블랙 패키지,G.SKILL RIPJAWS M5 RGB 블랙 패키지,DDR5,5200,CL40,64GB(32GX2),64,0,0,0,0,0,0,0,0,0,0,258000,258000,0,0,0,0,0,249000,241230,249000,249000,258000,258000,258000,258000,258000,251230,241230
56151461,G.SKILL DDR5-5200 CL40 RIPJAWS M5 RGB 블랙 패키지,G.SKILL RIPJAWS M5 RGB 블랙 패키지,DDR5,5200,CL40,32GB(16GX2),32,0,0,0,0,0,0,0,0,0,0,144000,144000,0,0,0,0,0,143990,143990,143990,143990,143990,131850,131850,143990,131850,143980,143980
56151509,G.SKILL DDR5-5200 CL40 RIPJAWS M5 RGB 화이트 패키지,G.SKILL RIPJAWS M5 RGB 화이트 패키지,DDR5,5200,CL40,64GB(32GX2),64,0,0,0,0,0,259000,259000,259000,259000,259000,259000,0,259000,259000,259000,259000,259000,0,0,259000,259000,259000,235350,235350,259000,259000,261500,261500
56151509,G.SKILL DDR5-5200 CL40 RIPJAWS M5 RGB 화이트 패키지,G.SKILL RIPJAWS M5 RGB 화이트 패키지,DDR5,5200,CL40,32GB(16GX2),32,0,0,0,0,0,144000,144000,144000,144000,144000,144000,0,144000,144000,144000,144000,144000,0,0,144000,144000,144000,131850,131850,144000,131850,143990,143990
56151521,G.SKILL DDR5-5200 CL40 RIPJAWS M5 RGB 화이트 패키지,G.SKILL RIPJAWS M5 RGB 화이트 패키지,DDR5,5200,CL40,64GB(32GX2),64,0,0,0,0,0,0,0,0,0,0,0,259000,0,0,0,0,0,259000,259000,0,0,0,0,0,0,0,0,0
56151521,G.SKILL DDR5-5200 CL40 RIPJAWS M5 RGB 화이트 패키지,G.SKILL RIPJAWS M5 RGB 화이트 패키지,DDR5,5200,CL40,32GB(16GX2),32,0,0,0,0,0,0,0,0,0,0,0,144000,0,0,0,0,0,144000,144000,0,0,0,0,0,0,0,0,0
54103163,G.SKILL DDR5-5200 CL40 RIPJAWS S5 J 블랙 패키지,G.SKILL RIPJAWS S5 J 블랙 패키지,DDR5,5200,CL40,96GB(48GX2),96,0,0,0,0,0,319000,319000,319000,319000,319000,319000,319000,0,319000,319000,0,0,0,0,0,0,0,0,0,0,0,0,0
54103163,G.SKILL DDR5-5200 CL40 RIPJAWS S5 J 블랙 패키지,G.SKILL RIPJAWS S5 J 블랙 패키지,DDR5,5200,CL40,64GB(32GX2),64,0,0,0,0,0,239000,239000,239000,239000,239000,239000,239000,0,239000,239000,0,0,0,0,0,0,0,0,0,0,0,0,0
54103163,G.SKILL DDR5-5200 CL40 RIPJAWS S5 J 블랙 패키지,G.SKILL RIPJAWS S5 J 블랙 패키지,DDR5,5200,CL40,32GB(16GX2),32,0,0,0,0,0,129000,129000,129000,129000,129000,129000,129000,0,129000,129000,0,0,0,0,0,0,0,0,0,0,0,0,0
54103169,G.SKILL DDR5-5200 CL40 RIPJAWS S5 J 블랙 패키지,G.SKILL RIPJAWS S5 J 블랙 패키지,DDR5,5200,CL40,96GB(48GX2),96,0,0,0,0,0,0,0,0,0,0,0,0,319000,0,0,319000,319000,0,0,0,0,0,0,0,0,319000,319000,319000
54103169,G.SKILL DDR5-5200 CL40 RIPJAWS S5 J 블랙 패키지,G.SKILL RIPJAWS S5 J 블랙 패키지,DDR5,5200,CL40,64GB(32GX2),64,0,0,0,0,0,0,0,0,0,0,0,0,239000,0,0,239000,239000,0,0,0,0,0,0,0,0,259000,259000,259000
54103169,G.SKILL DDR5-5200 CL40 RIPJAWS S5 J 블랙 패키지,G.SKILL RIPJAWS S5 J 블랙 패키지,DDR5,5200,CL40,32GB(16GX2),32,0,0,0,0,0,0,0,0,0,0,0,0,129000,0,0,129000,129000,0,0,0,0,0,0,0,0,138000,138000,138000
54103109,G.SKILL DDR5-5200 CL40 RIPJAWS S5 J 블랙 패키지,G.SKILL RIPJAWS S5 J 블랙 패키지,DDR5,5200,CL40,96GB(48GX2),96,0,0,0,0,0,0,0,0,0,0,0,0,0,0,0,0,0,319000,319000,319000,319000,319000,319000,319000,319000,0,0,0
54103109,G.SKILL DDR5-5200 CL40 RIPJAWS S5 J 블랙 패키지,G.SKILL RIPJAWS S5 J 블랙 패키지,DDR5,5200,CL40,64GB(32GX2),64,0,0,0,0,0,0,0,0,0,0,0,0,0,0,0,0,0,239000,239000,255100,259000,259000,259000,259000,259000,0,0,0
54103109,G.SKILL DDR5-5200 CL40 RIPJAWS S5 J 블랙 패키지,G.SKILL RIPJAWS S5 J 블랙 패키지,DDR5,5200,CL40,32GB(16GX2),32,0,0,0,0,0,0,0,0,0,0,0,0,0,0,0,0,0,129000,129000,129200,138000,138000,138000,138000,138000,0,0,0
54103232,G.SKILL DDR5-5200 CL40 RIPJAWS S5 J 화이트 패키지,G.SKILL RIPJAWS S5 J 화이트 패키지,DDR5,5200,CL40,96GB(48GX2),96,0,0,0,0,0,319000,319000,0,0,0,0,319000,0,0,0,0,0,319000,0,0,0,0,0,0,0,0,0,0
54103232,G.SKILL DDR5-5200 CL40 RIPJAWS S5 J 화이트 패키지,G.SKILL RIPJAWS S5 J 화이트 패키지,DDR5,5200,CL40,32GB(16GX2),32,0,0,0,0,0,129000,129000,0,0,0,0,129000,0,0,0,0,0,129000,0,0,0,0,0,0,0,0,0,0
54103175,G.SKILL DDR5-5200 CL40 RIPJAWS S5 J 화이트 패키지,G.SKILL RIPJAWS S5 J 화이트 패키지,DDR5,5200,CL40,96GB(48GX2),96,0,0,0,0,0,0,0,319000,319000,319000,319000,0,319000,319000,319000,319000,319000,0,319000,319000,319000,319000,319000,319000,319000,319000,319000,319000
54103175,G.SKILL DDR5-5200 CL40 RIPJAWS S5 J 화이트 패키지,G.SKILL RIPJAWS S5 J 화이트 패키지,DDR5,5200,CL40,32GB(16GX2),32,0,0,0,0,0,0,0,129000,129000,129000,129000,0,129000,129000,129000,129000,129000,0,129000,134100,138000,138000,133470,133470,138000,133470,138000,138000
54103295,G.SKILL DDR5-5200 CL40 TRIDENT Z5 RGB J 실버 패키지,G.SKILL TRIDENT Z5 RGB J 실버 패키지,DDR5,5200,CL40,32GB(16GX2),32,0,0,0,0,0,154000,154000,154000,154000,154000,154000,154000,154000,154000,154000,154000,154000,154000,154000,154000,154000,154000,148670,148670,154000,148670,153990,153990
54103277,G.SKILL DDR5-5200 CL40 TRIDENT Z5 RGB J 패키지,G.SKILL TRIDENT Z5 RGB J 패키지,DDR5,5200,CL40,32GB(16GX2),32,0,0,0,0,0,154000,154000,154000,154000,154000,154000,154000,154000,154000,154000,154000,154000,154000,154000,154000,154000,154000,154000,154000,154000,154000,153990,153990
56151560,G.SKILL DDR5-5600 CL30 RIPJAWS M5 RGB 블랙 패키지,G.SKILL RIPJAWS M5 RGB 블랙 패키지,DDR5,5600,CL30,64GB(32GX2),64,0,0,0,0,0,339000,339000,0,0,0,339000,339000,0,0,0,0,0,0,0,0,0,0,0,0,0,0,0,0
56151560,G.SKILL DDR5-5600 CL30 RIPJAWS M5 RGB 블랙 패키지,G.SKILL RIPJAWS M5 RGB 블랙 패키지,DDR5,5600,CL30,32GB(16GX2),32,0,0,0,0,0,176000,176000,0,0,0,176000,176000,0,0,0,0,0,0,0,0,0,0,0,0,0,0,0,0
56151557,G.SKILL DDR5-5600 CL30 RIPJAWS M5 RGB 블랙 패키지,G.SKILL RIPJAWS M5 RGB 블랙 패키지,DDR5,5600,CL30,64GB(32GX2),64,0,0,0,0,0,0,0,339000,339000,339000,0,0,339000,339000,339000,339000,339000,339000,339000,339000,338950,338950,324420,324420,338950,324420,338940,338940
56151557,G.SKILL DDR5-5600 CL30 RIPJAWS M5 RGB 블랙 패키지,G.SKILL RIPJAWS M5 RGB 블랙 패키지,DDR5,5600,CL30,32GB(16GX2),32,0,0,0,0,0,0,0,176000,176000,176000,0,0,176000,176000,176000,176000,176000,176000,176000,176000,176000,176000,172420,172420,176000,172420,176000,176000
56151722,G.SKILL DDR5-5600 CL30 RIPJAWS M5 RGB 화이트 패키지,G.SKILL RIPJAWS M5 RGB 화이트 패키지,DDR5,5600,CL30,64GB(32GX2),64,0,0,0,0,0,339000,339000,339000,339000,339000,339000,339000,0,0,0,0,0,339000,339000,339000,339000,339000,324420,324420,339000,0,0,0
56151722,G.SKILL DDR5-5600 CL30 RIPJAWS M5 RGB 화이트 패키지,G.SKILL RIPJAWS M5 RGB 화이트 패키지,DDR5,5600,CL30,32GB(16GX2),32,0,0,0,0,0,174000,174000,174000,174000,174000,174000,174000,0,0,0,0,0,174000,174000,174000,174000,174000,172420,172420,174000,0,0,0
56151710,G.SKILL DDR5-5600 CL30 RIPJAWS M5 RGB 화이트 패키지,G.SKILL RIPJAWS M5 RGB 화이트 패키지,DDR5,5600,CL30,64GB(32GX2),64,0,0,0,0,0,0,0,0,0,0,0,0,339000,339000,339000,339000,339000,0,0,0,0,0,0,0,0,324420,338990,338990
56151710,G.SKILL DDR5-5600 CL30 RIPJAWS M5 RGB 화이트 패키지,G.SKILL RIPJAWS M5 RGB 화이트 패키지,DDR5,5600,CL30,32GB(16GX2),32,0,0,0,0,0,0,0,0,0,0,0,0,174000,174000,174000,174000,174000,0,0,0,0,0,0,0,0,172420,174000,174000
93864896,G.SKILL DDR5-5600 CL30 RIPJAWS M5 RGB 화이트 패키지 중고,G.SKILL RIPJAWS M5 RGB 화이트 패키지 중고,DDR5,5600,CL30,64GB(32GX2),64,0,0,0,0,0,0,0,290280,261250,261250,261250,290280,290280,290280,290280,290280,290280,290280,290280,290280,290280,290280,290280,290280,290280,290280,290280,290280
17138720,G.SKILL DDR5-5600 CL30 RIPJAWS S5 J 블랙 패키지,G.SKILL RIPJAWS S5 J 블랙 패키지,DDR5,5600,CL30,64GB(32GX2),64,0,0,0,0,0,303480,0,0,0,0,0,0,0,0,0,0,0,0,0,0,0,0,0,0,0,0,0,0
17138720,G.SKILL DDR5-5600 CL30 RIPJAWS S5 J 블랙 패키지,G.SKILL RIPJAWS S5 J 블랙 패키지,DDR5,5600,CL30,32GB(16GX2),32,0,0,0,0,0,202590,0,0,0,0,0,0,0,0,0,0,0,0,0,0,0,0,0,0,0,0,0,0
16875566,G.SKILL DDR5-5600 CL30 RIPJAWS S5 J 블랙 패키지,G.SKILL RIPJAWS S5 J 블랙 패키지,DDR5,5600,CL30,64GB(32GX2),64,0,0,0,0,0,0,303480,303480,303480,303480,303480,303480,306450,306450,306450,298350,298350,306450,306450,306450,306450,306450,298350,298350,331500,298350,331500,331500
16875566,G.SKILL DDR5-5600 CL30 RIPJAWS S5 J 블랙 패키지,G.SKILL RIPJAWS S5 J 블랙 패키지,DDR5,5600,CL30,32GB(16GX2),32,0,0,0,0,0,0,202590,202590,202590,202590,202590,196190,202590,202590,202590,202590,202590,202590,202590,202590,202590,202590,202590,202590,202590,202590,202590,202590
16875797,G.SKILL DDR5-5600 CL30 RIPJAWS S5 J 화이트 패키지,G.SKILL RIPJAWS S5 J 화이트 패키지,DDR5,5600,CL30,64GB(32GX2),64,0,0,0,0,0,296990,296990,294610,294500,294500,294500,294500,294500,294500,294500,294500,294500,294500,294500,294500,294500,294500,297490,297490,328990,298340,0,0
16875797,G.SKILL DDR5-5600 CL30 RIPJAWS S5 J 화이트 패키지,G.SKILL RIPJAWS S5 J 화이트 패키지,DDR5,5600,CL30,32GB(16GX2),32,0,0,0,0,0,167130,167130,167130,167130,167130,167130,167130,167130,167130,167130,167130,167130,167130,167130,167130,167130,167130,167130,167130,167130,167130,0,0
17138798,G.SKILL DDR5-5600 CL30 RIPJAWS S5 J 화이트 패키지,G.SKILL RIPJAWS S5 J 화이트 패키지,DDR5,5600,CL30,64GB(32GX2),64,0,0,0,0,0,0,0,0,0,0,0,0,0,0,0,0,0,0,0,0,0,0,0,0,0,0,328990,328990
17138798,G.SKILL DDR5-5600 CL30 RIPJAWS S5 J 화이트 패키지,G.SKILL RIPJAWS S5 J 화이트 패키지,DDR5,5600,CL30,32GB(16GX2),32,0,0,0,0,0,0,0,0,0,0,0,0,0,0,0,0,0,0,0,0,0,0,0,0,0,0,167130,167130
17139173,G.SKILL DDR5-5600 CL30 TRIDENT Z5 RGB J 실버 패키지,G.SKILL TRIDENT Z5 RGB J 실버 패키지,DDR5,5600,CL30,32GB(16GX2),32,0,0,0,0,0,184000,184000,184000,184000,184000,184000,184000,184000,184000,184000,184000,184000,184000,184000,184000,184000,184000,177170,177170,184000,177170,184000,186500
16875008,G.SKILL DDR5-5600 CL30 TRIDENT Z5 RGB J 패키지,G.SKILL TRIDENT Z5 RGB J 패키지,DDR5,5600,CL30,64GB(32GX2),64,0,0,0,0,0,349000,0,349000,349000,349000,349000,0,331500,331500,376760,376760,376760,0,0,0,0,0,0,0,0,0,0,0
16875008,G.SKILL DDR5-5600 CL30 TRIDENT Z5 RGB J 패키지,G.SKILL TRIDENT Z5 RGB J 패키지,DDR5,5600,CL30,32GB(16GX2),32,0,0,0,0,0,184000,0,184000,184000,184000,184000,0,184000,184000,184000,184000,184000,0,0,0,0,0,0,0,0,0,0,0
17139083,G.SKILL DDR5-5600 CL30 TRIDENT Z5 RGB J 패키지,G.SKILL TRIDENT Z5 RGB J 패키지,DDR5,5600,CL30,64GB(32GX2),64,0,0,0,0,0,0,351500,0,0,0,0,349000,0,0,0,0,0,376760,376760,376760,376760,376760,376760,376760,376760,376760,376760,376760
17139083,G.SKILL DDR5-5600 CL30 TRIDENT Z5 RGB J 패키지,G.SKILL TRIDENT Z5 RGB J 패키지,DDR5,5600,CL30,32GB(16GX2),32,0,0,0,0,0,0,184000,0,0,0,0,184000,0,0,0,0,0,184000,184000,184000,184000,184000,167850,167850,184000,184000,183990,183990
28241219,G.SKILL DDR5-5600 CL36 AEGIS 5,G.SKILL AEGIS 5,DDR5,5600,CL36,32GB,32,0,0,0,0,0,122000,122000,122000,122000,122000,122000,122000,0,0,0,0,0,122000,122000,122000,0,122000,122000,0,0,0,0,122000
28241219,G.SKILL DDR5-5600 CL36 AEGIS 5,G.SKILL AEGIS 5,DDR5,5600,CL36,16GB,16,0,0,0,0,0,64780,64780,63780,64500,64500,64500,64500,0,0,0,0,0,66000,66000,66000,0,65860,66000,0,0,0,0,66000
75656471,G.SKILL DDR5-5600 CL36 AEGIS 5,G.SKILL AEGIS 5,DDR5,5600,CL36,32GB,32,0,0,0,0,0,122000,0,0,0,0,0,0,122000,122000,122000,122000,122000,0,0,0,122000,0,0,122000,122000,122000,122000,0
75656471,G.SKILL DDR5-5600 CL36 AEGIS 5,G.SKILL AEGIS 5,DDR5,5600,CL36,16GB,16,0,0,0,0,0,64780,0,0,0,0,0,0,65500,65500,65500,65900,65900,0,0,0,65860,0,0,66000,66000,66000,66000,0
56151749,G.SKILL DDR5-5600 CL40 RIPJAWS M5 RGB 블랙 패키지,G.SKILL RIPJAWS M5 RGB 블랙 패키지,DDR5,5600,CL40,96GB(48GX2),96,0,0,0,0,0,459000,459000,459000,459000,459000,459000,459000,459000,459000,459000,459000,459000,459000,459000,459000,459000,459000,459000,459000,459000,459000,458990,458990
56151770,G.SKILL DDR5-5600 CL40 RIPJAWS M5 RGB 화이트 패키지,G.SKILL RIPJAWS M5 RGB 화이트 패키지,DDR5,5600,CL40,96GB(48GX2),96,0,0,0,0,0,458000,458000,458000,458000,458000,458000,458000,458000,458000,458000,458000,458000,458000,458000,458000,458000,458000,458000,458000,458000,458000,458000,458000
40551086,G.SKILL DDR5-5600 CL40 RIPJAWS S5 J 블랙 패키지,G.SKILL RIPJAWS S5 J 블랙 패키지,DDR5,5600,CL40,96GB(48GX2),96,0,0,0,0,0,439000,439000,439000,439000,439000,439000,439000,439000,439000,439000,439000,439000,439000,439000,439000,439000,439000,439000,439000,439000,439000,438990,438990
40551086,G.SKILL DDR5-5600 CL40 RIPJAWS S5 J 블랙 패키지,G.SKILL RIPJAWS S5 J 블랙 패키지,DDR5,5600,CL40,48GB(24GX2),48,0,0,0,0,0,220530,220530,220530,220530,220530,220530,220530,220530,220530,220530,220530,220530,220530,220530,220530,220530,220530,220530,220530,220530,220530,220530,220530
20339087,G.SKILL DDR5-5600 CL40 TRIDENT Z5 RGB J 패키지,G.SKILL TRIDENT Z5 RGB J 패키지,DDR5,5600,CL40,48GB(24GX2),48,0,0,0,0,0,230590,230590,230590,230590,230590,230590,230590,230590,230590,230590,230590,230590,230590,230590,230590,230590,230590,230590,230590,230590,230590,230590,230590
80151290,G.SKILL DDR5-6000 CL26 TRIDENT Z5 NEO RGB H 패키지,G.SKILL TRIDENT Z5 NEO RGB H 패키지,DDR5,6000,CL26,64GB(32GX2),64,0,0,0,0,0,599000,599000,599000,599000,599000,599000,599000,599000,599000,599000,599000,599000,599000,0,0,0,0,0,0,0,0,0,0
80151290,G.SKILL DDR5-6000 CL26 TRIDENT Z5 NEO RGB H 패키지,G.SKILL TRIDENT Z5 NEO RGB H 패키지,DDR5,6000,CL26,32GB(16GX2),32,0,0,0,0,0,319000,319000,319000,319000,319000,319000,319000,319000,319000,319000,299900,299900,303000,0,0,0,0,0,0,0,0,0,0
80151257,G.SKILL DDR5-6000 CL26 TRIDENT Z5 NEO RGB H 패키지,G.SKILL TRIDENT Z5 NEO RGB H 패키지,DDR5,6000,CL26,64GB(32GX2),64,0,0,0,0,0,599000,599000,599000,599000,599000,599000,599000,599000,599000,599000,0,0,0,599000,599000,599000,599000,599000,599000,599000,0,0,0
80151257,G.SKILL DDR5-6000 CL26 TRIDENT Z5 NEO RGB H 패키지,G.SKILL TRIDENT Z5 NEO RGB H 패키지,DDR5,6000,CL26,32GB(16GX2),32,0,0,0,0,0,319000,319000,319000,319000,319000,319000,319000,319000,319000,319000,0,0,0,0,0,0,0,0,0,0,0,0,0
80151371,G.SKILL DDR5-6000 CL26 TRIDENT Z5 NEO RGB H 화이트 패키지,G.SKILL TRIDENT Z5 NEO RGB H 화이트 패키지,DDR5,6000,CL26,64GB(32GX2),64,0,0,0,0,0,598990,598990,598990,598990,598990,598990,598990,598990,598990,598990,598990,598990,598990,598990,598990,598990,599000,599000,595000,599000,599000,598990,598990
80151371,G.SKILL DDR5-6000 CL26 TRIDENT Z5 NEO RGB H 화이트 패키지,G.SKILL TRIDENT Z5 NEO RGB H 화이트 패키지,DDR5,6000,CL26,32GB(16GX2),32,0,0,0,0,0,319000,319000,319000,319000,319000,319000,319000,319000,319000,319000,319000,319000,319000,326120,344200,344200,354200,354200,354200,354200,354200,343570,333570
80151368,G.SKILL DDR5-6000 CL26 TRIDENT Z5 NEO RGB H 화이트 패키지,G.SKILL TRIDENT Z5 NEO RGB H 화이트 패키지,DDR5,6000,CL26,64GB(32GX2),64,0,0,0,0,0,598990,598990,598990,0,0,0,0,0,598990,598990,598990,598990,598990,598990,598990,598990,599000,599000,595000,599000,599000,598990,598990
80151368,G.SKILL DDR5-6000 CL26 TRIDENT Z5 NEO RGB H 화이트 패키지,G.SKILL TRIDENT Z5 NEO RGB H 화이트 패키지,DDR5,6000,CL26,32GB(16GX2),32,0,0,0,0,0,319000,319000,319000,0,0,0,0,0,319000,319000,319000,319000,319000,326120,344200,344200,354200,354200,354200,354200,354200,343570,333570
72913436,G.SKILL DDR5-6000 CL28 FLARE X5 J 패키지,G.SKILL FLARE X5 J 패키지,DDR5,6000,CL28,64GB(32GX2),64,0,0,0,0,0,389000,0,0,0,0,0,0,0,0,0,0,0,0,0,0,0,0,0,0,0,0,0,0
72913436,G.SKILL DDR5-6000 CL28 FLARE X5 J 패키지,G.SKILL FLARE X5 J 패키지,DDR5,6000,CL28,32GB(16GX2),32,0,0,0,0,0,209000,0,0,0,0,0,0,0,0,0,0,0,0,0,0,0,0,0,0,0,0,0,0
75656702,G.SKILL DDR5-6000 CL28 FLARE X5 J 패키지,G.SKILL FLARE X5 J 패키지,DDR5,6000,CL28,64GB(32GX2),64,0,0,0,0,0,389000,389000,388990,388990,389000,389000,389000,389000,389000,389000,389000,389000,389000,389000,389000,389000,389000,389000,389000,389000,389000,389000,389000
75656702,G.SKILL DDR5-6000 CL28 FLARE X5 J 패키지,G.SKILL FLARE X5 J 패키지,DDR5,6000,CL28,32GB(16GX2),32,0,0,0,0,0,209000,209000,208990,208990,209000,209000,209000,209000,209000,209000,209000,209000,209000,209000,209000,209000,209000,209000,209000,209000,209000,209000,209000
72913478,G.SKILL DDR5-6000 CL28 FLARE X5 J 화이트 패키지,G.SKILL FLARE X5 J 화이트 패키지,DDR5,6000,CL28,64GB(32GX2),64,0,0,0,0,0,389000,0,0,0,0,0,0,0,389000,389000,389000,389000,389000,389000,389000,0,0,0,0,0,0,0,0
72913478,G.SKILL DDR5-6000 CL28 FLARE X5 J 화이트 패키지,G.SKILL FLARE X5 J 화이트 패키지,DDR5,6000,CL28,32GB(16GX2),32,0,0,0,0,0,209000,0,0,0,0,0,0,0,209000,209000,209000,209000,209000,209000,209000,0,0,0,0,0,0,0,0
75656726,G.SKILL DDR5-6000 CL28 FLARE X5 J 화이트 패키지,G.SKILL FLARE X5 J 화이트 패키지,DDR5,6000,CL28,64GB(32GX2),64,0,0,0,0,0,389000,389000,388990,388990,389000,389000,389000,389000,0,0,0,0,0,0,0,389000,389000,389000,389000,389000,389000,389000,389000
75656726,G.SKILL DDR5-6000 CL28 FLARE X5 J 화이트 패키지,G.SKILL FLARE X5 J 화이트 패키지,DDR5,6000,CL28,32GB(16GX2),32,0,0,0,0,0,209000,209000,208990,208990,209000,209000,209000,209000,0,0,0,0,0,0,0,209000,209000,209000,209000,209000,209000,209000,209000
75724346,G.SKILL DDR5-6000 CL28 RIPJAWS M5 NEO RGB 블랙 패키지,G.SKILL RIPJAWS M5 NEO RGB 블랙 패키지,DDR5,6000,CL28,32GB(16GX2),32,0,0,0,0,0,219000,219000,218990,218990,219000,219000,0,0,0,0,0,0,219000,219000,219000,219000,219000,219000,219000,219000,219000,218990,218990
75724346,G.SKILL DDR5-6000 CL28 RIPJAWS M5 NEO RGB 블랙 패키지,G.SKILL RIPJAWS M5 NEO RGB 블랙 패키지,DDR5,6000,CL28,64GB(32GX2),64,0,0,0,0,0,409000,409000,409000,409000,409000,409000,0,0,0,0,0,0,409000,409000,409000,409000,409000,370350,370350,409000,370350,409000,409000
72913520,G.SKILL DDR5-6000 CL28 RIPJAWS M5 NEO RGB 블랙 패키지,G.SKILL RIPJAWS M5 NEO RGB 블랙 패키지,DDR5,6000,CL28,32GB(16GX2),32,0,0,0,0,0,0,0,0,0,0,0,219000,219000,219000,219000,219000,219000,0,0,0,0,0,0,0,0,0,0,0
72913520,G.SKILL DDR5-6000 CL28 RIPJAWS M5 NEO RGB 블랙 패키지,G.SKILL RIPJAWS M5 NEO RGB 블랙 패키지,DDR5,6000,CL28,64GB(32GX2),64,0,0,0,0,0,0,0,0,0,0,0,409000,409000,409000,409000,409000,409000,0,0,0,0,0,0,0,0,0,0,0
72913541,G.SKILL DDR5-6000 CL28 RIPJAWS M5 NEO RGB 화이트 패키지,G.SKILL RIPJAWS M5 NEO RGB 화이트 패키지,DDR5,6000,CL28,32GB(16GX2),32,0,0,0,0,0,219000,0,0,0,0,0,0,219000,219000,219000,219000,219000,0,0,0,0,0,0,0,0,0,218990,218990
72913541,G.SKILL DDR5-6000 CL28 RIPJAWS M5 NEO RGB 화이트 패키지,G.SKILL RIPJAWS M5 NEO RGB 화이트 패키지,DDR5,6000,CL28,64GB(32GX2),64,0,0,0,0,0,409000,0,0,0,0,0,0,409000,409000,409000,409000,409000,0,0,0,0,0,0,0,0,0,409000,409000
75724397,G.SKILL DDR5-6000 CL28 RIPJAWS M5 NEO RGB 화이트 패키지,G.SKILL RIPJAWS M5 NEO RGB 화이트 패키지,DDR5,6000,CL28,32GB(16GX2),32,0,0,0,0,0,219000,219000,218990,218990,219000,219000,219000,0,0,0,0,0,219000,219000,219000,219000,219000,199350,199350,219000,199350,0,0
75724397,G.SKILL DDR5-6000 CL28 RIPJAWS M5 NEO RGB 화이트 패키지,G.SKILL RIPJAWS M5 NEO RGB 화이트 패키지,DDR5,6000,CL28,64GB(32GX2),64,0,0,0,0,0,409000,409000,409000,409000,409000,409000,409000,0,0,0,0,0,409000,409000,409000,409000,409000,409000,409000,409000,409000,0,0
93385487,G.SKILL DDR5-6000 CL28 TRIDENT Z5 NEO RGB J 패키지,G.SKILL TRIDENT Z5 NEO RGB J 패키지,DDR5,6000,CL28,32GB(16GX2),32,0,0,0,0,0,229000,229000,229000,229000,229000,229000,229000,229000,229000,229000,229000,229000,229000,229000,229000,229000,229000,229000,229000,229000,229000,229000,229000
67980524,G.SKILL DDR5-6000 CL28 TRIDENT Z5 NEO RGB J 화이트 패키지,G.SKILL TRIDENT Z5 NEO RGB J 화이트 패키지,DDR5,6000,CL28,32GB(16GX2),32,0,0,0,0,0,229000,229000,229000,229000,229000,229000,229000,229000,229000,229000,229000,229000,229000,229000,229000,229000,229000,229000,229000,229000,229000,228990,228990
67847312,G.SKILL DDR5-6000 CL28 TRIDENT Z5 ROYAL NEO 골드 패키지,G.SKILL TRIDENT Z5 ROYAL NEO 골드 패키지,DDR5,6000,CL28,32GB(16GX2),32,0,0,0,0,0,299000,299000,299000,299000,299000,299000,299000,299000,299000,299000,299000,299000,298990,298990,298990,298990,298990,298990,298990,298990,298990,298990,298990
67847363,G.SKILL DDR5-6000 CL28 TRIDENT Z5 ROYAL NEO 실버 패키지,G.SKILL TRIDENT Z5 ROYAL NEO 실버 패키지,DDR5,6000,CL28,32GB(16GX2),32,0,0,0,0,0,259000,259000,259000,259000,259000,259000,259000,259000,246000,0,0,0,0,0,0,0,0,0,0,0,0,0,0
40022774,G.SKILL DDR5-6000 CL30 FLARE X5 J 패키지,G.SKILL FLARE X5 J 패키지,DDR5,6000,CL30,64GB(32GX2),64,0,0,0,0,0,339000,339000,339000,336500,336500,0,0,0,0,0,0,0,0,0,0,0,0,0,0,0,0,0,0
40022774,G.SKILL DDR5-6000 CL30 FLARE X5 J 패키지,G.SKILL FLARE X5 J 패키지,DDR5,6000,CL30,32GB(16GX2),32,0,0,0,0,0,179000,179000,179000,179000,179000,0,0,0,0,0,0,0,0,0,0,0,0,0,0,0,0,0,0
40022765,G.SKILL DDR5-6000 CL30 FLARE X5 J 패키지,G.SKILL FLARE X5 J 패키지,DDR5,6000,CL30,64GB(32GX2),64,0,0,0,0,0,0,0,0,0,0,339000,339000,339000,339000,339000,337900,337900,339000,339000,0,0,339000,0,0,0,0,0,0
40022765,G.SKILL DDR5-6000 CL30 FLARE X5 J 패키지,G.SKILL FLARE X5 J 패키지,DDR5,6000,CL30,32GB(16GX2),32,0,0,0,0,0,0,0,0,0,0,179000,179000,179000,179000,179000,179000,179000,179000,179000,0,0,179000,0,0,0,179000,0,0
40022765,G.SKILL DDR5-6000 CL30 FLARE X5 J 패키지,G.SKILL FLARE X5 J 패키지,DDR5,6000,CL30,96GB(48GX2),96,0,0,0,0,0,0,0,0,0,0,0,589000,589000,589000,589000,589000,589000,589000,589000,0,0,589000,0,0,0,589000,0,0
75656753,G.SKILL DDR5-6000 CL30 FLARE X5 J 패키지,G.SKILL FLARE X5 J 패키지,DDR5,6000,CL30,64GB(32GX2),64,0,0,0,0,0,0,0,0,0,0,0,0,0,0,0,0,0,0,0,339000,339000,0,339000,339000,0,0,0,0
75656753,G.SKILL DDR5-6000 CL30 FLARE X5 J 패키지,G.SKILL FLARE X5 J 패키지,DDR5,6000,CL30,96GB(48GX2),96,0,0,0,0,0,0,0,0,0,0,0,0,0,0,0,0,0,0,0,589000,589000,0,589000,589000,589000,0,589000,589000
75656753,G.SKILL DDR5-6000 CL30 FLARE X5 J 패키지,G.SKILL FLARE X5 J 패키지,DDR5,6000,CL30,32GB(16GX2),32,0,0,0,0,0,0,0,0,0,0,0,0,0,0,0,0,0,0,0,179000,179000,0,179000,179000,179000,0,0,0
75656765,G.SKILL DDR5-6000 CL30 FLARE X5 J 화이트 패키지,G.SKILL FLARE X5 J 화이트 패키지,DDR5,6000,CL30,96GB(48GX2),96,0,0,0,0,0,0,0,0,0,0,0,588890,588890,588890,588890,588890,588890,588890,588890,588890,588890,588890,588890,588890,588890,588890,588890,588890
75724463,G.SKILL DDR5-6000 CL30 RIPJAWS M5 NEO RGB 블랙 패키지,G.SKILL RIPJAWS M5 NEO RGB 블랙 패키지,DDR5,6000,CL30,32GB(16GX2),32,0,0,0,0,0,188450,188490,188490,188490,188490,186960,188490,188490,188490,188490,188490,186950,186950,183030,0,0,0,0,0,0,0,188480,0
75724463,G.SKILL DDR5-6000 CL30 RIPJAWS M5 NEO RGB 블랙 패키지,G.SKILL RIPJAWS M5 NEO RGB 블랙 패키지,DDR5,6000,CL30,64GB(32GX2),64,0,0,0,0,0,359000,359000,359000,359000,359000,359000,359000,359000,359000,359000,359000,359000,359000,359000,0,0,0,0,0,0,0,358990,0
75724463,G.SKILL DDR5-6000 CL30 RIPJAWS M5 NEO RGB 블랙 패키지,G.SKILL RIPJAWS M5 NEO RGB 블랙 패키지,DDR5,6000,CL30,96GB(48GX2),96,0,0,0,0,0,0,0,608880,608880,608880,608880,608880,608880,608880,608880,608880,608880,608880,608880,0,0,0,0,0,0,0,608880,0
75724418,G.SKILL DDR5-6000 CL30 RIPJAWS M5 NEO RGB 블랙 패키지,G.SKILL RIPJAWS M5 NEO RGB 블랙 패키지,DDR5,6000,CL30,96GB(48GX2),96,0,0,0,0,0,0,0,0,608880,608880,608880,608880,0,0,608880,608880,608880,0,0,0,0,0,0,0,0,0,0,0
75724418,G.SKILL DDR5-6000 CL30 RIPJAWS M5 NEO RGB 블랙 패키지,G.SKILL RIPJAWS M5 NEO RGB 블랙 패키지,DDR5,6000,CL30,32GB(16GX2),32,0,0,0,0,0,0,0,0,188490,188490,186960,188490,0,0,188490,188490,186950,0,0,0,0,0,0,0,0,0,0,0
75724418,G.SKILL DDR5-6000 CL30 RIPJAWS M5 NEO RGB 블랙 패키지,G.SKILL RIPJAWS M5 NEO RGB 블랙 패키지,DDR5,6000,CL30,64GB(32GX2),64,0,0,0,0,0,0,0,0,359000,359000,359000,359000,0,0,359000,359000,359000,0,0,0,0,0,0,0,0,0,0,0
75724439,G.SKILL DDR5-6000 CL30 RIPJAWS M5 NEO RGB 블랙 패키지,G.SKILL RIPJAWS M5 NEO RGB 블랙 패키지,DDR5,6000,CL30,96GB(48GX2),96,0,0,0,0,0,0,0,0,0,0,0,0,608880,608880,0,0,0,608880,608880,608880,608880,608880,608880,608880,608880,608880,0,608880
75724439,G.SKILL DDR5-6000 CL30 RIPJAWS M5 NEO RGB 블랙 패키지,G.SKILL RIPJAWS M5 NEO RGB 블랙 패키지,DDR5,6000,CL30,32GB(16GX2),32,0,0,0,0,0,0,0,0,0,0,0,0,188490,188490,0,0,0,186950,183030,188490,184340,184320,172350,172350,184320,172350,0,184320
75724439,G.SKILL DDR5-6000 CL30 RIPJAWS M5 NEO RGB 블랙 패키지,G.SKILL RIPJAWS M5 NEO RGB 블랙 패키지,DDR5,6000,CL30,64GB(32GX2),64,0,0,0,0,0,0,0,0,0,0,0,0,359000,359000,0,0,0,359000,359000,359000,359000,359000,359000,359000,359000,359000,0,358990
75724553,G.SKILL DDR5-6000 CL30 RIPJAWS M5 NEO RGB 화이트 패키지,G.SKILL RIPJAWS M5 NEO RGB 화이트 패키지,DDR5,6000,CL30,32GB(16GX2),32,0,0,0,0,0,189000,0,182610,189000,189000,189000,189000,189000,189000,189000,189000,188990,189000,183030,0,0,189000,189000,188990,189000,189000,188990,188990
75724553,G.SKILL DDR5-6000 CL30 RIPJAWS M5 NEO RGB 화이트 패키지,G.SKILL RIPJAWS M5 NEO RGB 화이트 패키지,DDR5,6000,CL30,64GB(32GX2),64,0,0,0,0,0,359000,0,359000,359000,359000,359000,359000,359000,359000,359000,359000,359000,359000,359000,0,0,359000,359000,359000,359000,359000,358990,358990
75724553,G.SKILL DDR5-6000 CL30 RIPJAWS M5 NEO RGB 화이트 패키지,G.SKILL RIPJAWS M5 NEO RGB 화이트 패키지,DDR5,6000,CL30,96GB(48GX2),96,0,0,0,0,0,0,0,608880,609000,609000,609000,609000,609000,609000,609000,609000,609000,609000,609000,0,0,609000,609000,609000,609000,609000,608990,608990
75724526,G.SKILL DDR5-6000 CL30 RIPJAWS M5 NEO RGB 화이트 패키지,G.SKILL RIPJAWS M5 NEO RGB 화이트 패키지,DDR5,6000,CL30,32GB(16GX2),32,0,0,0,0,0,189000,189000,0,189000,189000,189000,0,0,0,0,0,0,189000,183030,189000,189000,0,0,0,0,0,0,0
75724526,G.SKILL DDR5-6000 CL30 RIPJAWS M5 NEO RGB 화이트 패키지,G.SKILL RIPJAWS M5 NEO RGB 화이트 패키지,DDR5,6000,CL30,64GB(32GX2),64,0,0,0,0,0,359000,359000,0,359000,359000,359000,0,0,0,0,0,0,359000,359000,359000,359000,0,0,0,0,0,0,0
75724526,G.SKILL DDR5-6000 CL30 RIPJAWS M5 NEO RGB 화이트 패키지,G.SKILL RIPJAWS M5 NEO RGB 화이트 패키지,DDR5,6000,CL30,96GB(48GX2),96,0,0,0,0,0,0,0,0,609000,609000,609000,0,0,0,0,0,0,609000,609000,609000,609000,0,0,0,0,0,0,0
75724505,G.SKILL DDR5-6000 CL30 RIPJAWS M5 NEO RGB 화이트 패키지,G.SKILL RIPJAWS M5 NEO RGB 화이트 패키지,DDR5,6000,CL30,96GB(48GX2),96,0,0,0,0,0,0,0,608880,0,0,0,609000,609000,609000,609000,609000,609000,0,0,0,0,0,0,0,0,0,0,0
75724505,G.SKILL DDR5-6000 CL30 RIPJAWS M5 NEO RGB 화이트 패키지,G.SKILL RIPJAWS M5 NEO RGB 화이트 패키지,DDR5,6000,CL30,32GB(16GX2),32,0,0,0,0,0,0,0,182610,0,0,0,189000,189000,189000,189000,189000,188990,0,0,0,0,0,0,0,0,0,0,0
75724505,G.SKILL DDR5-6000 CL30 RIPJAWS M5 NEO RGB 화이트 패키지,G.SKILL RIPJAWS M5 NEO RGB 화이트 패키지,DDR5,6000,CL30,64GB(32GX2),64,0,0,0,0,0,0,0,359000,0,0,0,359000,359000,359000,359000,359000,359000,0,0,0,0,0,0,0,0,0,0,0
56151878,G.SKILL DDR5-6000 CL30 RIPJAWS M5 RGB 블랙 패키지,G.SKILL RIPJAWS M5 RGB 블랙 패키지,DDR5,6000,CL30,64GB(32GX2),64,0,0,0,0,0,359000,359000,359000,359000,359000,359000,359000,0,0,0,0,0,0,0,0,0,0,0,0,0,0,0,358990
56151878,G.SKILL DDR5-6000 CL30 RIPJAWS M5 RGB 블랙 패키지,G.SKILL RIPJAWS M5 RGB 블랙 패키지,DDR5,6000,CL30,32GB(16GX2),32,0,0,0,0,0,189000,189000,189000,189000,189000,189000,189000,0,0,0,0,0,0,0,0,0,0,0,0,0,0,0,188990
56151800,G.SKILL DDR5-6000 CL30 RIPJAWS M5 RGB 블랙 패키지,G.SKILL RIPJAWS M5 RGB 블랙 패키지,DDR5,6000,CL30,64GB(32GX2),64,0,0,0,0,0,0,0,0,0,0,0,0,359000,359000,359000,359000,359000,359000,359000,359000,359000,359000,359000,359000,359000,359000,358990,0
56151800,G.SKILL DDR5-6000 CL30 RIPJAWS M5 RGB 블랙 패키지,G.SKILL RIPJAWS M5 RGB 블랙 패키지,DDR5,6000,CL30,32GB(16GX2),32,0,0,0,0,0,0,0,0,0,0,0,0,189000,189000,189000,189000,189000,189000,189000,189000,189000,189000,181920,181920,189000,181920,188990,0
56151998,G.SKILL DDR5-6000 CL30 RIPJAWS M5 RGB 화이트 패키지,G.SKILL RIPJAWS M5 RGB 화이트 패키지,DDR5,6000,CL30,64GB(32GX2),64,0,0,0,0,0,359000,359000,359000,359000,359000,359000,359000,0,0,0,0,0,359000,359000,359000,359000,359000,359000,359000,359000,359000,358990,358990
56151998,G.SKILL DDR5-6000 CL30 RIPJAWS M5 RGB 화이트 패키지,G.SKILL RIPJAWS M5 RGB 화이트 패키지,DDR5,6000,CL30,32GB(16GX2),32,0,0,0,0,0,189000,189000,189000,187500,187500,189000,189000,0,0,0,0,0,189000,189000,189000,189000,189000,181920,181920,189000,189000,188990,188990
56151980,G.SKILL DDR5-6000 CL30 RIPJAWS M5 RGB 화이트 패키지,G.SKILL RIPJAWS M5 RGB 화이트 패키지,DDR5,6000,CL30,64GB(32GX2),64,0,0,0,0,0,0,0,0,0,0,0,0,359000,359000,359000,359000,359000,0,0,0,0,0,0,0,0,0,0,0
56151980,G.SKILL DDR5-6000 CL30 RIPJAWS M5 RGB 화이트 패키지,G.SKILL RIPJAWS M5 RGB 화이트 패키지,DDR5,6000,CL30,32GB(16GX2),32,0,0,0,0,0,0,0,0,0,0,0,0,189000,189000,189000,187500,187500,0,0,0,0,0,0,0,0,0,0,0
17000666,G.SKILL DDR5-6000 CL30 RIPJAWS S5 J 블랙 패키지,G.SKILL RIPJAWS S5 J 블랙 패키지,DDR5,6000,CL30,64GB(32GX2),64,0,0,0,0,0,344000,344000,344000,344000,344000,344000,344000,344000,344000,344000,343990,343990,0,0,0,0,0,0,0,0,343930,343890,342990
17000666,G.SKILL DDR5-6000 CL30 RIPJAWS S5 J 블랙 패키지,G.SKILL RIPJAWS S5 J 블랙 패키지,DDR5,6000,CL30,32GB(16GX2),32,0,0,0,0,0,179000,179000,179000,179000,179000,179000,179000,179000,179000,179000,178990,178990,0,0,0,0,0,0,0,0,178990,178900,173710
16875872,G.SKILL DDR5-6000 CL30 RIPJAWS S5 J 블랙 패키지,G.SKILL RIPJAWS S5 J 블랙 패키지,DDR5,6000,CL30,64GB(32GX2),64,0,0,0,0,0,0,0,0,0,0,0,0,0,0,0,0,0,344000,343080,339410,343990,343870,343750,343630,343510,0,0,0
16875872,G.SKILL DDR5-6000 CL30 RIPJAWS S5 J 블랙 패키지,G.SKILL RIPJAWS S5 J 블랙 패키지,DDR5,6000,CL30,32GB(16GX2),32,0,0,0,0,0,0,0,0,0,0,0,0,0,0,0,0,0,179000,173710,178990,178990,178980,178980,178990,179000,0,0,0
16875908,G.SKILL DDR5-6000 CL30 RIPJAWS S5 J 화이트 패키지,G.SKILL RIPJAWS S5 J 화이트 패키지,DDR5,6000,CL30,64GB(32GX2),64,0,0,0,0,0,344000,344000,344000,344000,344000,0,0,0,0,0,0,0,0,0,0,0,0,0,0,0,311850,343070,342950
16875908,G.SKILL DDR5-6000 CL30 RIPJAWS S5 J 화이트 패키지,G.SKILL RIPJAWS S5 J 화이트 패키지,DDR5,6000,CL30,32GB(16GX2),32,0,0,0,0,0,179000,179000,179000,179000,179000,0,0,0,0,0,0,0,0,0,0,0,0,0,0,0,179000,178990,178990
17000741,G.SKILL DDR5-6000 CL30 RIPJAWS S5 J 화이트 패키지,G.SKILL RIPJAWS S5 J 화이트 패키지,DDR5,6000,CL30,64GB(32GX2),64,0,0,0,0,0,0,0,0,0,0,344000,344000,344000,344000,344000,344000,344000,344000,343100,343100,343100,343090,311850,311850,343100,0,0,0
17000741,G.SKILL DDR5-6000 CL30 RIPJAWS S5 J 화이트 패키지,G.SKILL RIPJAWS S5 J 화이트 패키지,DDR5,6000,CL30,32GB(16GX2),32,0,0,0,0,0,0,0,0,0,0,179000,179000,179000,179000,179000,179000,179000,179000,179000,179000,179000,179000,179000,179000,179000,0,0,0
17139398,G.SKILL DDR5-6000 CL30 TRIDENT Z5 J 실버 패키지,G.SKILL TRIDENT Z5 J 실버 패키지,DDR5,6000,CL30,32GB(16GX2),32,0,0,0,0,0,189000,189000,189000,189000,189000,189000,189000,189000,189000,189000,189000,189000,189000,189000,189000,189000,188990,188990,188990,189000,188990,188900,188860
17139356,G.SKILL DDR5-6000 CL30 TRIDENT Z5 J 패키지,G.SKILL TRIDENT Z5 J 패키지,DDR5,6000,CL30,64GB(32GX2),64,0,0,0,0,0,349000,349000,349000,349000,349000,349000,349000,0,0,0,0,0,349000,349000,0,0,0,0,0,0,0,0,0
17139356,G.SKILL DDR5-6000 CL30 TRIDENT Z5 J 패키지,G.SKILL TRIDENT Z5 J 패키지,DDR5,6000,CL30,32GB(16GX2),32,0,0,0,0,0,189000,189000,189000,189000,189000,189000,189000,0,0,0,0,0,189000,189000,0,0,0,0,0,0,0,0,0
17139326,G.SKILL DDR5-6000 CL30 TRIDENT Z5 J 패키지,G.SKILL TRIDENT Z5 J 패키지,DDR5,6000,CL30,64GB(32GX2),64,0,0,0,0,0,0,0,0,0,0,0,0,349000,349000,349000,349000,349000,0,0,349000,349000,349000,349000,349000,349000,349000,348990,348990
17139326,G.SKILL DDR5-6000 CL30 TRIDENT Z5 J 패키지,G.SKILL TRIDENT Z5 J 패키지,DDR5,6000,CL30,32GB(16GX2),32,0,0,0,0,0,0,0,0,0,0,0,0,189000,189000,189000,172350,172350,0,0,189000,189000,189000,172350,172350,189000,172350,188990,188990
40559801,G.SKILL DDR5-6000 CL30 TRIDENT Z5 NEO J 패키지,G.SKILL TRIDENT Z5 NEO J 패키지,DDR5,6000,CL30,64GB(32GX2),64,0,0,0,0,0,354000,354000,353990,354000,354000,354000,354000,354000,356500,356500,356500,356500,0,0,0,0,0,0,0,0,0,0,0
40559801,G.SKILL DDR5-6000 CL30 TRIDENT Z5 NEO J 패키지,G.SKILL TRIDENT Z5 NEO J 패키지,DDR5,6000,CL30,32GB(16GX2),32,0,0,0,0,0,189000,189000,188990,189000,189000,189000,189000,189000,189000,189000,189000,189000,0,0,0,0,0,0,0,0,0,0,0
17932031,G.SKILL DDR5-6000 CL30 TRIDENT Z5 NEO J 패키지,G.SKILL TRIDENT Z5 NEO J 패키지,DDR5,6000,CL30,64GB(32GX2),64,0,0,0,0,0,0,0,0,0,0,0,0,0,0,0,0,0,356500,356500,356500,356500,356500,356500,356500,356500,356500,356500,356500
17932031,G.SKILL DDR5-6000 CL30 TRIDENT Z5 NEO J 패키지,G.SKILL TRIDENT Z5 NEO J 패키지,DDR5,6000,CL30,32GB(16GX2),32,0,0,0,0,0,0,0,0,0,0,0,0,0,0,0,0,0,189000,189000,189000,189000,189000,189000,189000,189000,189000,188990,191500
17931836,G.SKILL DDR5-6000 CL30 TRIDENT Z5 NEO RGB J 패키지,G.SKILL TRIDENT Z5 NEO RGB J 패키지,DDR5,6000,CL30,64GB(32GX2),64,0,0,0,0,0,369000,369000,369000,366900,366900,369000,369000,0,0,0,0,0,369000,369000,369000,369000,369000,369000,369000,369000,369000,369000,369000
17931836,G.SKILL DDR5-6000 CL30 TRIDENT Z5 NEO RGB J 패키지,G.SKILL TRIDENT Z5 NEO RGB J 패키지,DDR5,6000,CL30,32GB(16GX2),32,0,0,0,0,0,204000,204000,204000,203310,203310,204000,204000,0,0,0,0,0,204000,204000,204000,204000,204000,203310,203310,204000,204000,204000,204000
17931836,G.SKILL DDR5-6000 CL30 TRIDENT Z5 NEO RGB J 패키지,G.SKILL TRIDENT Z5 NEO RGB J 패키지,DDR5,6000,CL30,96GB(48GX2),96,0,0,0,0,0,0,0,619000,619000,619000,619000,619000,0,0,0,0,0,619000,619000,619000,619000,619000,619000,619000,619000,619000,618990,618990
90114077,G.SKILL DDR5-6000 CL30 TRIDENT Z5 NEO RGB J 패키지,G.SKILL TRIDENT Z5 NEO RGB J 패키지,DDR5,6000,CL30,96GB(48GX2),96,0,0,0,0,0,0,0,0,0,0,0,0,619000,619000,619000,619000,619000,0,0,0,0,0,0,0,0,0,0,0
90114077,G.SKILL DDR5-6000 CL30 TRIDENT Z5 NEO RGB J 패키지,G.SKILL TRIDENT Z5 NEO RGB J 패키지,DDR5,6000,CL30,64GB(32GX2),64,0,0,0,0,0,0,0,0,0,0,0,0,369000,369000,369000,367890,367890,0,0,0,0,0,0,0,0,0,0,0
90114077,G.SKILL DDR5-6000 CL30 TRIDENT Z5 NEO RGB J 패키지,G.SKILL TRIDENT Z5 NEO RGB J 패키지,DDR5,6000,CL30,32GB(16GX2),32,0,0,0,0,0,0,0,0,0,0,0,0,204000,204000,204000,203310,203310,0,0,0,0,0,0,0,0,0,0,0
40578827,G.SKILL DDR5-6000 CL30 TRIDENT Z5 NEO RGB J 화이트 패키지,G.SKILL TRIDENT Z5 NEO RGB J 화이트 패키지,DDR5,6000,CL30,64GB(32GX2),64,0,0,0,0,0,399000,0,0,417500,417500,417500,417500,0,0,0,0,0,376040,364000,364000,417500,417500,379350,379350,417500,417500,417490,417490
40578827,G.SKILL DDR5-6000 CL30 TRIDENT Z5 NEO RGB J 화이트 패키지,G.SKILL TRIDENT Z5 NEO RGB J 화이트 패키지,DDR5,6000,CL30,32GB(16GX2),32,0,0,0,0,0,224000,0,0,223100,223100,224000,224000,0,0,0,0,0,224000,224000,224000,224000,224000,203850,203850,224000,203850,223990,223990
40578827,G.SKILL DDR5-6000 CL30 TRIDENT Z5 NEO RGB J 화이트 패키지,G.SKILL TRIDENT Z5 NEO RGB J 화이트 패키지,DDR5,6000,CL30,96GB(48GX2),96,0,0,0,0,0,0,0,0,619000,619000,619000,619000,0,0,0,0,0,619000,619000,619000,619000,619000,619000,619000,619000,619000,619000,619000
40579721,G.SKILL DDR5-6000 CL30 TRIDENT Z5 NEO RGB J 화이트 패키지,G.SKILL TRIDENT Z5 NEO RGB J 화이트 패키지,DDR5,6000,CL30,64GB(32GX2),64,0,0,0,0,0,0,417500,399000,0,0,0,0,0,0,0,0,0,0,0,0,0,0,0,0,0,0,417490,0
40579721,G.SKILL DDR5-6000 CL30 TRIDENT Z5 NEO RGB J 화이트 패키지,G.SKILL TRIDENT Z5 NEO RGB J 화이트 패키지,DDR5,6000,CL30,32GB(16GX2),32,0,0,0,0,0,0,224000,224000,0,0,0,0,0,0,0,0,0,0,0,0,0,0,0,0,0,0,223990,0
40579721,G.SKILL DDR5-6000 CL30 TRIDENT Z5 NEO RGB J 화이트 패키지,G.SKILL TRIDENT Z5 NEO RGB J 화이트 패키지,DDR5,6000,CL30,96GB(48GX2),96,0,0,0,0,0,0,0,619000,0,0,0,0,0,0,0,0,0,0,0,0,0,0,0,0,0,0,619000,0
90114119,G.SKILL DDR5-6000 CL30 TRIDENT Z5 NEO RGB J 화이트 패키지,G.SKILL TRIDENT Z5 NEO RGB J 화이트 패키지,DDR5,6000,CL30,96GB(48GX2),96,0,0,0,0,0,0,0,0,0,0,0,0,619000,619000,619000,619000,619000,0,0,0,0,0,0,0,0,0,0,0
90114119,G.SKILL DDR5-6000 CL30 TRIDENT Z5 NEO RGB J 화이트 패키지,G.SKILL TRIDENT Z5 NEO RGB J 화이트 패키지,DDR5,6000,CL30,64GB(32GX2),64,0,0,0,0,0,0,0,0,0,0,0,0,417500,417500,417500,376040,376040,0,0,0,0,0,0,0,0,0,0,0
90114119,G.SKILL DDR5-6000 CL30 TRIDENT Z5 NEO RGB J 화이트 패키지,G.SKILL TRIDENT Z5 NEO RGB J 화이트 패키지,DDR5,6000,CL30,32GB(16GX2),32,0,0,0,0,0,0,0,0,0,0,0,0,224000,224000,224000,223100,223100,0,0,0,0,0,0,0,0,0,0,0
16875464,G.SKILL DDR5-6000 CL30 TRIDENT Z5 RGB J 실버 패키지,G.SKILL TRIDENT Z5 RGB J 실버 패키지,DDR5,6000,CL30,64GB(32GX2),64,0,0,0,0,0,429000,429000,429000,429000,429000,429000,429000,0,0,0,0,0,433620,0,0,0,0,0,0,0,429000,429000,429000
16875464,G.SKILL DDR5-6000 CL30 TRIDENT Z5 RGB J 실버 패키지,G.SKILL TRIDENT Z5 RGB J 실버 패키지,DDR5,6000,CL30,32GB(16GX2),32,0,0,0,0,0,193720,193720,193720,193720,193720,193720,193720,0,0,0,0,0,179980,0,0,0,0,0,0,0,193720,193720,193720
17001281,G.SKILL DDR5-6000 CL30 TRIDENT Z5 RGB J 실버 패키지,G.SKILL TRIDENT Z5 RGB J 실버 패키지,DDR5,6000,CL30,64GB(32GX2),64,0,0,0,0,0,0,0,0,0,0,0,0,429000,433620,433620,433620,433620,0,433620,433620,433620,433620,429000,429000,429000,0,0,0
17001281,G.SKILL DDR5-6000 CL30 TRIDENT Z5 RGB J 실버 패키지,G.SKILL TRIDENT Z5 RGB J 실버 패키지,DDR5,6000,CL30,32GB(16GX2),32,0,0,0,0,0,0,0,0,0,0,0,0,193720,193720,179990,179980,179980,0,179980,179980,179980,193720,186660,193720,193720,0,0,0
17001209,G.SKILL DDR5-6000 CL30 TRIDENT Z5 RGB J 패키지,G.SKILL TRIDENT Z5 RGB J 패키지,DDR5,6000,CL30,64GB(32GX2),64,0,0,0,0,0,369000,369000,368990,369000,369000,369000,0,369000,369000,369000,368990,368990,369000,369000,369000,369000,368990,368990,368990,369000,368990,368990,0
17001209,G.SKILL DDR5-6000 CL30 TRIDENT Z5 RGB J 패키지,G.SKILL TRIDENT Z5 RGB J 패키지,DDR5,6000,CL30,32GB(16GX2),32,0,0,0,0,0,204000,204000,204000,204000,204000,204000,0,204000,204000,204000,204000,204000,204000,204000,204000,204000,204000,204000,204000,204000,204000,203990,0
16873946,G.SKILL DDR5-6000 CL30 TRIDENT Z5 RGB J 패키지,G.SKILL TRIDENT Z5 RGB J 패키지,DDR5,6000,CL30,64GB(32GX2),64,0,0,0,0,0,0,0,0,0,0,0,369000,0,0,0,0,0,0,0,0,0,0,0,0,0,0,0,368990
16873946,G.SKILL DDR5-6000 CL30 TRIDENT Z5 RGB J 패키지,G.SKILL TRIDENT Z5 RGB J 패키지,DDR5,6000,CL30,32GB(16GX2),32,0,0,0,0,0,0,0,0,0,0,0,204000,0,0,0,0,0,0,0,0,0,0,0,0,0,0,0,203990
21639437,G.SKILL DDR5-6000 CL30 TRIDENT Z5 RGB 화이트 패키지,G.SKILL TRIDENT Z5 RGB 화이트 패키지,DDR5,6000,CL30,64GB(32GX2),64,0,0,0,0,0,369000,369000,369000,369000,369000,369000,369000,369000,369000,369000,369000,369000,369000,364000,364000,364000,369000,369000,369000,369000,369000,369000,369000
17931401,G.SKILL DDR5-6000 CL32 FLARE X5 J 패키지,G.SKILL FLARE X5 J 패키지,DDR5,6000,CL32,32GB(16GX2),32,0,0,0,0,0,213670,213670,213670,213670,213670,213670,213670,213670,213670,213680,209000,209000,209000,209000,209000,209000,209000,209000,209000,209000,209000,209000,209000
18610958,G.SKILL DDR5-6000 CL32 TRIDENT Z5 NEO RGB J 패키지,G.SKILL TRIDENT Z5 NEO RGB J 패키지,DDR5,6000,CL32,64GB(32GX2),64,0,0,0,0,0,364000,364000,364000,364000,364000,364000,364000,364000,364000,364000,364000,364000,364000,364000,364000,364000,364000,364000,364000,364000,364000,363990,363990
93385544,G.SKILL DDR5-6000 CL32 TRIDENT Z5 NEO RGB J 화이트 패키지,G.SKILL TRIDENT Z5 NEO RGB J 화이트 패키지,DDR5,6000,CL32,64GB(32GX2),64,0,0,0,0,0,364000,364000,364000,364000,364000,364000,364000,364000,364000,364000,364000,364000,364000,364000,364000,364000,364000,364000,364000,364000,364000,364000,364000
51541061,G.SKILL DDR5-6000 CL32 TRIDENT Z5 RGB J 화이트 패키지,G.SKILL TRIDENT Z5 RGB J 화이트 패키지,DDR5,6000,CL32,32GB(16GX2),32,0,0,0,0,0,192000,192000,192000,192000,192000,192000,192000,192000,192000,192000,192000,192000,192000,192000,192000,192000,192000,192000,192000,192000,192000,191990,191990
93803003,G.SKILL DDR5-6000 CL34 FLARE X5 J 패키지,G.SKILL FLARE X5 J 패키지,DDR5,6000,CL34,128GB(64GX2),128,0,0,0,0,0,0,0,699000,699000,699000,699000,699000,699000,699000,699000,699000,699000,699000,699000,699000,699000,699000,699000,699000,699000,699000,699000,699000
93803096,G.SKILL DDR5-6000 CL34 RIPJAWS S5 J 블랙 패키지,G.SKILL RIPJAWS S5 J 블랙 패키지,DDR5,6000,CL34,128GB(64GX2),128,0,0,0,0,0,0,0,699000,699000,699000,699000,699000,699000,699000,699000,699000,699000,699000,699000,699000,699000,699000,699000,699000,699000,699000,699000,699000
93803243,G.SKILL DDR5-6000 CL34 TRIDENT Z5 NEO RGB J 패키지,G.SKILL TRIDENT Z5 NEO RGB J 패키지,DDR5,6000,CL34,128GB(64GX2),128,0,0,0,0,0,0,0,739000,739000,739000,739000,739000,739000,739000,739000,739000,739000,739000,739000,739000,739000,739000,739000,739000,739000,739000,739000,739000
93803210,G.SKILL DDR5-6000 CL34 TRIDENT Z5 RGB J 패키지,G.SKILL TRIDENT Z5 RGB J 패키지,DDR5,6000,CL34,128GB(64GX2),128,0,0,0,0,0,0,0,739000,739000,739000,739000,739000,739000,739000,739000,739000,739000,739000,739000,739000,739000,739000,739000,739000,739000,739000,739000,739000
72913406,G.SKILL DDR5-6000 CL36 AEGIS 5,G.SKILL AEGIS 5,DDR5,6000,CL36,32GB,32,0,0,0,0,0,125330,125330,121740,124900,124900,125340,126000,0,0,0,0,0,126000,0,0,0,0,0,0,0,0,0,124150
72913406,G.SKILL DDR5-6000 CL36 AEGIS 5,G.SKILL AEGIS 5,DDR5,6000,CL36,16GB,16,0,0,0,0,0,67490,67490,65650,67490,67490,65960,66760,0,0,0,0,0,66580,0,0,0,0,0,0,0,0,0,66590
75656486,G.SKILL DDR5-6000 CL36 AEGIS 5,G.SKILL AEGIS 5,DDR5,6000,CL36,32GB,32,0,0,0,0,0,0,0,0,0,0,0,0,126000,126000,126000,124900,124900,0,124150,126000,123300,126000,126000,126000,126000,126000,125990,0
75656486,G.SKILL DDR5-6000 CL36 AEGIS 5,G.SKILL AEGIS 5,DDR5,6000,CL36,16GB,16,0,0,0,0,0,0,0,0,0,0,0,0,66760,67490,67490,67490,66580,0,65750,66590,66590,66590,66590,67480,67490,67490,66980,0
72913559,G.SKILL DDR5-6000 CL36 FLARE X5 J 패키지,G.SKILL FLARE X5 J 패키지,DDR5,6000,CL36,32GB(16GX2),32,0,0,0,0,0,149000,149000,144500,148500,148500,149000,149000,0,0,0,0,0,149000,149000,149000,149000,148990,136350,0,0,0,0,0
72913559,G.SKILL DDR5-6000 CL36 FLARE X5 J 패키지,G.SKILL FLARE X5 J 패키지,DDR5,6000,CL36,64GB(32GX2),64,0,0,0,0,0,279000,279000,279000,279000,279000,279000,279000,0,0,0,0,0,281500,281500,281500,281500,281500,253350,0,0,0,0,0
17931533,G.SKILL DDR5-6000 CL36 FLARE X5 J 패키지,G.SKILL FLARE X5 J 패키지,DDR5,6000,CL36,32GB(16GX2),32,0,0,0,0,0,0,0,0,0,0,0,0,149000,149000,149000,148500,148500,0,0,0,0,0,0,136350,148990,136350,148990,148990
17931533,G.SKILL DDR5-6000 CL36 FLARE X5 J 패키지,G.SKILL FLARE X5 J 패키지,DDR5,6000,CL36,64GB(32GX2),64,0,0,0,0,0,0,0,0,0,0,0,0,279000,279000,279000,281500,281500,0,0,0,0,0,0,0,0,0,0,0
72913568,G.SKILL DDR5-6000 CL36 FLARE X5 J 화이트 패키지,G.SKILL FLARE X5 J 화이트 패키지,DDR5,6000,CL36,64GB(32GX2),64,0,0,0,0,0,279000,279000,279000,279000,279000,279000,279000,279000,279000,279000,279000,279000,279000,279000,279000,279000,279000,279000,279000,279000,279000,281500,281500
72913592,G.SKILL DDR5-6000 CL36 RIPJAWS M5 NEO RGB 블랙 패키지,G.SKILL RIPJAWS M5 NEO RGB 블랙 패키지,DDR5,6000,CL36,64GB(32GX2),64,0,0,0,0,0,299000,0,0,0,0,0,0,299000,299000,299000,299000,299000,0,0,0,0,299000,299000,299000,299000,299000,298990,298990
72913592,G.SKILL DDR5-6000 CL36 RIPJAWS M5 NEO RGB 블랙 패키지,G.SKILL RIPJAWS M5 NEO RGB 블랙 패키지,DDR5,6000,CL36,32GB(16GX2),32,0,0,0,0,0,159000,0,0,0,0,0,0,159000,159000,159000,161500,161500,0,0,0,0,161500,161500,161500,161500,161500,161500,161500
78983834,G.SKILL DDR5-6000 CL36 RIPJAWS M5 NEO RGB 블랙 패키지,G.SKILL RIPJAWS M5 NEO RGB 블랙 패키지,DDR5,6000,CL36,64GB(32GX2),64,0,0,0,0,0,299000,299000,299000,299000,299000,299000,299000,0,0,0,0,0,299000,299000,299000,299000,0,0,0,0,0,0,0
78983834,G.SKILL DDR5-6000 CL36 RIPJAWS M5 NEO RGB 블랙 패키지,G.SKILL RIPJAWS M5 NEO RGB 블랙 패키지,DDR5,6000,CL36,32GB(16GX2),32,0,0,0,0,0,159000,159000,159000,159000,159000,159000,159000,0,0,0,0,0,161500,161500,161500,161500,0,0,0,0,0,0,0
72913613,G.SKILL DDR5-6000 CL36 RIPJAWS M5 NEO RGB 화이트 패키지,G.SKILL RIPJAWS M5 NEO RGB 화이트 패키지,DDR5,6000,CL36,64GB(32GX2),64,0,0,0,0,0,299000,299000,0,0,0,0,0,299000,299000,299000,299000,299000,0,299000,299000,299000,299000,271350,271350,299000,299000,298990,298990
72913613,G.SKILL DDR5-6000 CL36 RIPJAWS M5 NEO RGB 화이트 패키지,G.SKILL RIPJAWS M5 NEO RGB 화이트 패키지,DDR5,6000,CL36,32GB(16GX2),32,0,0,0,0,0,159000,159000,0,0,0,0,0,159000,159000,159000,159000,159000,0,159000,159000,159000,159000,145350,145350,159000,145350,158990,158990
78983882,G.SKILL DDR5-6000 CL36 RIPJAWS M5 NEO RGB 화이트 패키지,G.SKILL RIPJAWS M5 NEO RGB 화이트 패키지,DDR5,6000,CL36,64GB(32GX2),64,0,0,0,0,0,0,0,299000,299000,299000,299000,299000,0,0,0,0,0,299000,0,0,0,0,0,0,0,0,0,0
78983882,G.SKILL DDR5-6000 CL36 RIPJAWS M5 NEO RGB 화이트 패키지,G.SKILL RIPJAWS M5 NEO RGB 화이트 패키지,DDR5,6000,CL36,32GB(16GX2),32,0,0,0,0,0,0,0,159000,159000,159000,159000,159000,0,0,0,0,0,159000,0,0,0,0,0,0,0,0,0,0
71218634,G.SKILL DDR5-6000 CL36 RIPJAWS M5 RGB 블랙 패키지,G.SKILL RIPJAWS M5 RGB 블랙 패키지,DDR5,6000,CL36,32GB(16GX2),32,0,0,0,0,0,156960,156960,153630,155930,157460,158480,158490,159000,159000,159000,158990,158990,159000,153930,159000,158990,158990,145350,145350,159000,159000,158880,158970
71218667,G.SKILL DDR5-6000 CL36 RIPJAWS M5 RGB 화이트 패키지,G.SKILL RIPJAWS M5 RGB 화이트 패키지,DDR5,6000,CL36,32GB(16GX2),32,0,0,0,0,0,159000,159000,159000,159000,159000,159000,159000,159000,159000,159000,159000,159000,159000,159000,159000,159000,158990,158990,158990,159000,158990,158880,158760
16192574,G.SKILL DDR5-6000 CL36 TRIDENT Z5 J 실버 패키지,G.SKILL TRIDENT Z5 J 실버 패키지,DDR5,6000,CL36,32GB(16GX2),32,0,0,0,0,0,154000,154000,154000,154000,154000,154000,154000,154000,154000,154000,153990,153990,154000,154000,154000,159000,159000,159000,159000,159000,159000,159000,159000
16192424,G.SKILL DDR5-6000 CL36 TRIDENT Z5 J 패키지,G.SKILL TRIDENT Z5 J 패키지,DDR5,6000,CL36,32GB(16GX2),32,0,0,0,0,0,154000,154000,154000,154000,154000,154000,154000,152000,152000,154000,153990,153990,154000,154000,152000,159000,158300,158280,158280,158290,158280,158270,158270
17932061,G.SKILL DDR5-6000 CL36 TRIDENT Z5 NEO J 패키지,G.SKILL TRIDENT Z5 NEO J 패키지,DDR5,6000,CL36,32GB(16GX2),32,0,0,0,0,0,159000,159000,154870,159000,159000,159000,159000,159000,159000,159000,158990,158990,159000,159000,159000,159000,158990,158990,158990,159000,158990,158880,158760
72913664,G.SKILL DDR5-6000 CL36 TRIDENT Z5 NEO RGB J 패키지,G.SKILL TRIDENT Z5 NEO RGB J 패키지,DDR5,6000,CL36,32GB(16GX2),32,0,0,0,0,0,169000,169000,163290,0,0,0,169000,0,0,0,0,0,0,0,0,0,0,0,0,0,0,0,0
72913664,G.SKILL DDR5-6000 CL36 TRIDENT Z5 NEO RGB J 패키지,G.SKILL TRIDENT Z5 NEO RGB J 패키지,DDR5,6000,CL36,64GB(32GX2),64,0,0,0,0,0,309000,309000,309000,0,0,0,309000,0,0,0,0,0,0,0,0,0,0,0,0,0,0,0,0
17931893,G.SKILL DDR5-6000 CL36 TRIDENT Z5 NEO RGB J 패키지,G.SKILL TRIDENT Z5 NEO RGB J 패키지,DDR5,6000,CL36,32GB(16GX2),32,0,0,0,0,0,0,169000,0,169000,169000,169000,0,169000,169000,169000,169000,169000,169000,169000,169000,169000,169000,169000,169000,169000,169000,168990,168990
17931893,G.SKILL DDR5-6000 CL36 TRIDENT Z5 NEO RGB J 패키지,G.SKILL TRIDENT Z5 NEO RGB J 패키지,DDR5,6000,CL36,64GB(32GX2),64,0,0,0,0,0,0,309000,0,309000,309000,309000,0,309000,309000,309000,309000,309000,309000,309000,309000,309000,309000,309000,309000,309000,309000,308990,308990
72913682,G.SKILL DDR5-6000 CL36 TRIDENT Z5 NEO RGB J 화이트 패키지,G.SKILL TRIDENT Z5 NEO RGB J 화이트 패키지,DDR5,6000,CL36,64GB(32GX2),64,0,0,0,0,0,309000,309000,309000,0,0,0,0,0,0,309000,309000,309000,309000,309000,309000,309000,0,0,309000,309000,309000,308990,308990
72913682,G.SKILL DDR5-6000 CL36 TRIDENT Z5 NEO RGB J 화이트 패키지,G.SKILL TRIDENT Z5 NEO RGB J 화이트 패키지,DDR5,6000,CL36,32GB(16GX2),32,0,0,0,0,0,169000,169000,169000,0,0,0,0,0,0,169000,169000,169000,169000,169000,169000,169000,0,0,169000,169000,169000,169000,169000
93385616,G.SKILL DDR5-6000 CL36 TRIDENT Z5 NEO RGB J 화이트 패키지,G.SKILL TRIDENT Z5 NEO RGB J 화이트 패키지,DDR5,6000,CL36,64GB(32GX2),64,0,0,0,0,0,0,0,0,309000,309000,309000,309000,309000,309000,0,0,0,0,0,0,0,309000,309000,0,0,0,0,0
93385616,G.SKILL DDR5-6000 CL36 TRIDENT Z5 NEO RGB J 화이트 패키지,G.SKILL TRIDENT Z5 NEO RGB J 화이트 패키지,DDR5,6000,CL36,32GB(16GX2),32,0,0,0,0,0,0,0,0,169000,169000,169000,169000,169000,169000,0,0,0,0,0,0,0,169000,169000,0,0,0,0,0
16193702,G.SKILL DDR5-6000 CL36 TRIDENT Z5 RGB J 실버 패키지,G.SKILL TRIDENT Z5 RGB J 실버 패키지,DDR5,6000,CL36,32GB(16GX2),32,0,0,0,0,0,159000,0,159000,159000,159000,159000,159000,159000,159000,0,0,0,0,0,0,0,0,0,0,0,0,0,0
16193474,G.SKILL DDR5-6000 CL36 TRIDENT Z5 RGB J 패키지,G.SKILL TRIDENT Z5 RGB J 패키지,DDR5,6000,CL36,32GB(16GX2),32,0,0,0,0,0,169000,169000,165230,167990,167990,169000,169000,169000,169000,169000,167990,167990,169000,169000,169000,169000,169000,154350,154350,169000,154350,168990,168990
15980600,G.SKILL DDR5-6000 CL36 TRIDENT Z5 RGB 실버 패키지,G.SKILL TRIDENT Z5 RGB 실버 패키지,DDR5,6000,CL36,32GB(16GX2),32,0,0,0,0,0,232500,232500,232500,232500,232500,232500,232500,232500,232500,232500,232500,232500,232500,232500,232500,232500,232500,232500,232500,232500,232500,232500,232500
15980393,G.SKILL DDR5-6000 CL36 TRIDENT Z5 RGB 패키지,G.SKILL TRIDENT Z5 RGB 패키지,DDR5,6000,CL36,32GB(16GX2),32,0,0,0,0,0,169000,169000,169000,169000,169000,169000,169000,169000,169000,169000,233460,233460,233460,233460,169000,169000,169000,169000,169000,169000,169000,169000,169000
21639443,G.SKILL DDR5-6000 CL36 TRIDENT Z5 RGB 화이트 패키지,G.SKILL TRIDENT Z5 RGB 화이트 패키지,DDR5,6000,CL36,32GB(16GX2),32,0,0,0,0,0,159000,159000,159000,159000,159000,159000,159000,159000,159000,159000,159000,159000,169000,169000,169000,169000,169000,169000,169000,169000,169000,168990,168990
16192616,G.SKILL DDR5-6000 CL40 TRIDENT Z5 J 실버 패키지,G.SKILL TRIDENT Z5 J 실버 패키지,DDR5,6000,CL40,32GB(16GX2),32,0,0,0,0,0,359700,359700,359700,359700,359700,359700,359700,359700,359700,359700,359700,359700,359700,359700,359700,359700,359700,359700,359700,359700,359700,359700,359700
20339144,G.SKILL DDR5-6000 CL40 TRIDENT Z5 RGB J 패키지,G.SKILL TRIDENT Z5 RGB J 패키지,DDR5,6000,CL40,48GB(24GX2),48,0,0,0,0,0,235560,235560,235560,235560,235560,235560,235560,235560,235560,235560,235560,235560,235560,235560,235560,235560,235560,224660,224660,235560,224660,235560,235560
67847120,G.SKILL DDR5-6400 CL30 TRIDENT Z5 NEO RGB J 패키지,G.SKILL TRIDENT Z5 NEO RGB J 패키지,DDR5,6400,CL30,32GB(16GX2),32,0,0,0,0,0,229000,229000,228990,229000,229000,229000,229000,229000,229000,229000,229000,229000,229000,228990,228990,228990,228990,228990,228990,228990,228990,228980,228980
67847150,G.SKILL DDR5-6400 CL30 TRIDENT Z5 NEO RGB J 화이트 패키지,G.SKILL TRIDENT Z5 NEO RGB J 화이트 패키지,DDR5,6400,CL30,32GB(16GX2),32,0,0,0,0,0,229000,229000,229000,229000,229000,229000,229000,229000,229000,229000,229000,229000,229000,228980,228980,228980,228980,228980,228980,228980,228980,228970,228970
67847384,G.SKILL DDR5-6400 CL30 TRIDENT Z5 ROYAL NEO 골드 패키지,G.SKILL TRIDENT Z5 ROYAL NEO 골드 패키지,DDR5,6400,CL30,32GB(16GX2),32,0,0,0,0,0,299000,299000,299000,299000,299000,299000,299000,299000,299000,299000,299000,299000,299000,299000,299000,299000,299000,299000,299000,299000,299000,298990,298990
67847408,G.SKILL DDR5-6400 CL30 TRIDENT Z5 ROYAL NEO 실버 패키지,G.SKILL TRIDENT Z5 ROYAL NEO 실버 패키지,DDR5,6400,CL30,32GB(16GX2),32,0,0,0,0,0,249000,249000,248990,249000,249000,249000,249000,249000,249000,249000,249000,249000,249000,249000,249000,249000,249000,249000,249000,249000,249000,248990,248990
56152034,G.SKILL DDR5-6400 CL32 RIPJAWS M5 RGB 블랙 패키지,G.SKILL RIPJAWS M5 RGB 블랙 패키지,DDR5,6400,CL32,96GB(48GX2),96,0,0,0,0,0,529000,608990,609000,609000,609000,609000,609000,609000,609000,609000,609000,609000,609000,609000,609000,609000,609000,609000,609000,609000,609000,608990,608990
56152034,G.SKILL DDR5-6400 CL32 RIPJAWS M5 RGB 블랙 패키지,G.SKILL RIPJAWS M5 RGB 블랙 패키지,DDR5,6400,CL32,64GB(32GX2),64,0,0,0,0,0,399000,399000,399000,399000,399000,399000,399000,399000,399000,399000,399000,399000,399000,399000,399000,399000,399000,399000,399000,399000,399000,398990,398990
56152034,G.SKILL DDR5-6400 CL32 RIPJAWS M5 RGB 블랙 패키지,G.SKILL RIPJAWS M5 RGB 블랙 패키지,DDR5,6400,CL32,32GB(16GX2),32,0,0,0,0,0,189000,189000,187330,189000,189000,189000,189000,189000,189000,189000,189000,189000,189000,189000,189000,189000,189000,189000,189000,189000,189000,188990,188990
56152124,G.SKILL DDR5-6400 CL32 RIPJAWS M5 RGB 화이트 패키지,G.SKILL RIPJAWS M5 RGB 화이트 패키지,DDR5,6400,CL32,96GB(48GX2),96,0,0,0,0,0,529000,574100,609000,609000,609000,609000,0,0,0,609000,0,0,0,0,609000,609000,609000,609000,609000,609000,0,608990,608990
56152124,G.SKILL DDR5-6400 CL32 RIPJAWS M5 RGB 화이트 패키지,G.SKILL RIPJAWS M5 RGB 화이트 패키지,DDR5,6400,CL32,64GB(32GX2),64,0,0,0,0,0,399000,399000,399000,399000,399000,399000,0,0,0,399000,0,0,0,0,399000,399000,399000,399000,399000,399000,0,398990,398990
56152124,G.SKILL DDR5-6400 CL32 RIPJAWS M5 RGB 화이트 패키지,G.SKILL RIPJAWS M5 RGB 화이트 패키지,DDR5,6400,CL32,32GB(16GX2),32,0,0,0,0,0,190000,190000,187330,190000,190000,190000,0,0,0,190000,0,0,0,0,190000,190000,190000,190000,190000,190000,0,189990,189990
56152106,G.SKILL DDR5-6400 CL32 RIPJAWS M5 RGB 화이트 패키지,G.SKILL RIPJAWS M5 RGB 화이트 패키지,DDR5,6400,CL32,96GB(48GX2),96,0,0,0,0,0,0,0,0,0,0,0,609000,609000,609000,0,609000,609000,609000,609000,0,0,0,0,0,0,609000,0,0
56152106,G.SKILL DDR5-6400 CL32 RIPJAWS M5 RGB 화이트 패키지,G.SKILL RIPJAWS M5 RGB 화이트 패키지,DDR5,6400,CL32,64GB(32GX2),64,0,0,0,0,0,0,0,0,0,0,0,399000,399000,399000,0,399000,399000,399000,399000,0,0,0,0,0,0,399000,0,0
56152106,G.SKILL DDR5-6400 CL32 RIPJAWS M5 RGB 화이트 패키지,G.SKILL RIPJAWS M5 RGB 화이트 패키지,DDR5,6400,CL32,32GB(16GX2),32,0,0,0,0,0,0,0,0,0,0,0,190000,190000,190000,0,190000,190000,190000,190000,0,0,0,0,0,0,190000,0,0
16272947,G.SKILL DDR5-6400 CL32 TRIDENT Z5 J 실버 패키지,G.SKILL TRIDENT Z5 J 실버 패키지,DDR5,6400,CL32,32GB(16GX2),32,0,0,0,0,0,190000,190000,190000,190000,190000,190000,190000,190000,190000,190000,190000,190000,190000,190000,190000,190000,190000,190000,190000,190000,190000,189990,189990
16272770,G.SKILL DDR5-6400 CL32 TRIDENT Z5 J 패키지,G.SKILL TRIDENT Z5 J 패키지,DDR5,6400,CL32,32GB(16GX2),32,0,0,0,0,0,195000,195000,195000,195000,195000,195000,195000,195000,195000,195000,195000,195000,195000,195000,195000,195000,195000,195000,195000,195000,195000,194990,194990
18036599,G.SKILL DDR5-6400 CL32 TRIDENT Z5 RGB J 실버 패키지,G.SKILL TRIDENT Z5 RGB J 실버 패키지,DDR5,6400,CL32,96GB(48GX2),96,0,0,0,0,0,539000,539000,629000,0,0,0,0,0,0,0,0,0,0,0,0,0,0,0,0,0,0,0,0
18036599,G.SKILL DDR5-6400 CL32 TRIDENT Z5 RGB J 실버 패키지,G.SKILL TRIDENT Z5 RGB J 실버 패키지,DDR5,6400,CL32,64GB(32GX2),64,0,0,0,0,0,344500,344500,449700,0,0,0,0,0,0,0,0,0,0,0,0,0,0,0,0,0,0,0,0
18036599,G.SKILL DDR5-6400 CL32 TRIDENT Z5 RGB J 실버 패키지,G.SKILL TRIDENT Z5 RGB J 실버 패키지,DDR5,6400,CL32,32GB(16GX2),32,0,0,0,0,0,175050,175050,171380,0,0,0,0,0,0,0,0,0,0,0,0,0,0,0,0,0,0,0,0
20019728,G.SKILL DDR5-6400 CL32 TRIDENT Z5 RGB J 실버 패키지,G.SKILL TRIDENT Z5 RGB J 실버 패키지,DDR5,6400,CL32,96GB(48GX2),96,0,0,0,0,0,0,0,0,629000,629000,629000,629000,629000,0,629000,629000,629000,629000,629000,629000,629000,629000,629000,629000,629000,629000,628990,628990
20019728,G.SKILL DDR5-6400 CL32 TRIDENT Z5 RGB J 실버 패키지,G.SKILL TRIDENT Z5 RGB J 실버 패키지,DDR5,6400,CL32,64GB(32GX2),64,0,0,0,0,0,0,0,0,449700,449700,429820,449700,439760,0,439830,449770,439830,449770,439830,449770,439830,449770,439830,449770,439830,449770,439830,449770
20019728,G.SKILL DDR5-6400 CL32 TRIDENT Z5 RGB J 실버 패키지,G.SKILL TRIDENT Z5 RGB J 실버 패키지,DDR5,6400,CL32,32GB(16GX2),32,0,0,0,0,0,0,0,0,175050,175050,175050,175050,175050,0,175050,175050,175050,175050,183500,211100,211100,221100,221100,221100,221100,221100,214460,204460
16272884,G.SKILL DDR5-6400 CL32 TRIDENT Z5 RGB J 실버 패키지,G.SKILL TRIDENT Z5 RGB J 실버 패키지,DDR5,6400,CL32,96GB(48GX2),96,0,0,0,0,0,0,0,0,0,0,0,0,0,629000,0,0,0,0,0,0,0,0,0,0,0,0,0,0
16272884,G.SKILL DDR5-6400 CL32 TRIDENT Z5 RGB J 실버 패키지,G.SKILL TRIDENT Z5 RGB J 실버 패키지,DDR5,6400,CL32,64GB(32GX2),64,0,0,0,0,0,0,0,0,0,0,0,0,0,449770,0,0,0,0,0,0,0,0,0,0,0,0,0,0
16272884,G.SKILL DDR5-6400 CL32 TRIDENT Z5 RGB J 실버 패키지,G.SKILL TRIDENT Z5 RGB J 실버 패키지,DDR5,6400,CL32,32GB(16GX2),32,0,0,0,0,0,0,0,0,0,0,0,0,0,175050,0,0,0,0,0,0,0,0,0,0,0,0,0,0
18036602,G.SKILL DDR5-6400 CL32 TRIDENT Z5 RGB J 패키지,G.SKILL TRIDENT Z5 RGB J 패키지,DDR5,6400,CL32,96GB(48GX2),96,0,0,0,0,0,538650,539000,629000,0,0,0,0,0,0,0,629000,629000,0,629000,629000,629000,0,0,0,0,0,0,0
18036602,G.SKILL DDR5-6400 CL32 TRIDENT Z5 RGB J 패키지,G.SKILL TRIDENT Z5 RGB J 패키지,DDR5,6400,CL32,64GB(32GX2),64,0,0,0,0,0,409000,409000,409000,0,0,0,0,0,0,0,408990,408990,0,409000,409000,409000,0,0,0,0,0,0,0
18036602,G.SKILL DDR5-6400 CL32 TRIDENT Z5 RGB J 패키지,G.SKILL TRIDENT Z5 RGB J 패키지,DDR5,6400,CL32,32GB(16GX2),32,0,0,0,0,0,199000,199000,199000,0,0,0,0,0,0,0,199000,199000,0,199000,199000,199000,0,0,0,0,0,0,0
20019680,G.SKILL DDR5-6400 CL32 TRIDENT Z5 RGB J 패키지,G.SKILL TRIDENT Z5 RGB J 패키지,DDR5,6400,CL32,96GB(48GX2),96,0,0,0,0,0,0,0,0,629000,629000,629000,629000,629000,629000,629000,0,0,629000,0,0,0,629000,629000,629000,629000,629000,628990,628990
20019680,G.SKILL DDR5-6400 CL32 TRIDENT Z5 RGB J 패키지,G.SKILL TRIDENT Z5 RGB J 패키지,DDR5,6400,CL32,64GB(32GX2),64,0,0,0,0,0,0,0,0,409000,409000,409000,409000,409000,409000,409000,0,0,409000,0,0,0,408990,408990,408990,409000,408990,408900,408860
20019680,G.SKILL DDR5-6400 CL32 TRIDENT Z5 RGB J 패키지,G.SKILL TRIDENT Z5 RGB J 패키지,DDR5,6400,CL32,32GB(16GX2),32,0,0,0,0,0,0,0,0,199000,199000,199000,199000,199000,199000,199000,0,0,199000,0,0,0,199000,199000,199000,199000,199000,198990,198990
21639452,G.SKILL DDR5-6400 CL32 TRIDENT Z5 RGB 화이트 패키지,G.SKILL TRIDENT Z5 RGB 화이트 패키지,DDR5,6400,CL32,64GB(32GX2),64,0,0,0,0,0,409000,409000,409000,0,0,0,0,409000,409000,409000,407990,407990,409000,0,0,0,0,0,0,0,0,0,0
21639452,G.SKILL DDR5-6400 CL32 TRIDENT Z5 RGB 화이트 패키지,G.SKILL TRIDENT Z5 RGB 화이트 패키지,DDR5,6400,CL32,32GB(16GX2),32,0,0,0,0,0,198880,198880,199000,0,0,0,0,199000,199000,199000,199000,199000,199000,0,0,0,0,0,0,0,0,0,0
21639455,G.SKILL DDR5-6400 CL32 TRIDENT Z5 RGB 화이트 패키지,G.SKILL TRIDENT Z5 RGB 화이트 패키지,DDR5,6400,CL32,64GB(32GX2),64,0,0,0,0,0,0,0,0,407990,407990,409000,409000,0,0,0,0,0,0,409000,409000,409000,409000,407990,407990,409000,409000,409000,409000
21639455,G.SKILL DDR5-6400 CL32 TRIDENT Z5 RGB 화이트 패키지,G.SKILL TRIDENT Z5 RGB 화이트 패키지,DDR5,6400,CL32,32GB(16GX2),32,0,0,0,0,0,0,0,0,199000,199000,199000,199000,0,0,0,0,0,0,204460,211100,211100,221100,221100,221100,221100,221100,214460,204460
58666502,G.SKILL DDR5-6400 CL32 TRIDENT Z5 ROYAL 실버 패키지,G.SKILL TRIDENT Z5 ROYAL 실버 패키지,DDR5,6400,CL32,64GB(32GX2),64,0,0,0,0,0,223900,439000,439000,439000,439000,439000,439000,439000,439000,439000,439000,439000,439000,439000,439000,439000,439000,438990,438990,438990,438990,438990,438990
58666502,G.SKILL DDR5-6400 CL32 TRIDENT Z5 ROYAL 실버 패키지,G.SKILL TRIDENT Z5 ROYAL 실버 패키지,DDR5,6400,CL32,32GB(16GX2),32,0,0,0,0,0,219000,219000,219000,219000,219000,219000,219000,219000,219000,219000,219000,219000,219000,219000,219000,219000,219000,219000,219000,219000,219000,218990,218990
46101689,G.SKILL DDR5-6400 CL32 ZETA R5 ECC/REG 패키지,G.SKILL ZETA R5 ECC/REG 패키지,DDR5,6400,CL32,192GB(48GX4),192,0,0,0,0,0,2390000,2390000,2390000,2390000,2390000,2390000,2390000,2390000,2390000,2390000,2390000,0,0,0,0,0,0,0,0,0,0,0,0
46101689,G.SKILL DDR5-6400 CL32 ZETA R5 ECC/REG 패키지,G.SKILL ZETA R5 ECC/REG 패키지,DDR5,6400,CL32,128GB(32GX4),128,0,0,0,0,0,1590000,1590000,1590000,1590000,1590000,1590000,1590000,1590000,1590000,1590000,1590000,0,0,0,0,0,0,0,0,0,0,0,0
46101689,G.SKILL DDR5-6400 CL32 ZETA R5 ECC/REG 패키지,G.SKILL ZETA R5 ECC/REG 패키지,DDR5,6400,CL32,64GB(16GX4),64,0,0,0,0,0,880000,880000,880000,880000,880000,880000,880000,880000,880000,880000,880000,0,0,0,0,0,0,0,0,0,0,0,0
63144164,G.SKILL DDR5-6400 CL32 ZETA R5 ECC/REG 패키지,G.SKILL ZETA R5 ECC/REG 패키지,DDR5,6400,CL32,192GB(48GX4),192,0,0,0,0,0,0,0,0,0,0,0,0,0,0,0,0,2390000,2390000,2390000,2390000,2390000,2390000,2390000,2390000,2390000,2390000,0,0
63144164,G.SKILL DDR5-6400 CL32 ZETA R5 ECC/REG 패키지,G.SKILL ZETA R5 ECC/REG 패키지,DDR5,6400,CL32,128GB(32GX4),128,0,0,0,0,0,0,0,0,0,0,0,0,0,0,0,0,1590000,1590000,1590000,1590000,1590000,1590000,1590000,1590000,1590000,1590000,0,0
63144164,G.SKILL DDR5-6400 CL32 ZETA R5 ECC/REG 패키지,G.SKILL ZETA R5 ECC/REG 패키지,DDR5,6400,CL32,64GB(16GX4),64,0,0,0,0,0,0,0,0,0,0,0,0,0,0,0,0,880000,880000,880000,880000,880000,880000,880000,880000,880000,880000,0,0
63144167,G.SKILL DDR5-6400 CL32 ZETA R5 ECC/REG 패키지,G.SKILL ZETA R5 ECC/REG 패키지,DDR5,6400,CL32,192GB(48GX4),192,0,0,0,0,0,0,0,0,0,0,0,0,0,0,0,0,0,0,0,0,0,0,0,0,0,0,2389990,2389990
63144167,G.SKILL DDR5-6400 CL32 ZETA R5 ECC/REG 패키지,G.SKILL ZETA R5 ECC/REG 패키지,DDR5,6400,CL32,128GB(32GX4),128,0,0,0,0,0,0,0,0,0,0,0,0,0,0,0,0,0,0,0,0,0,0,0,0,0,0,1589990,1589990
63144167,G.SKILL DDR5-6400 CL32 ZETA R5 ECC/REG 패키지,G.SKILL ZETA R5 ECC/REG 패키지,DDR5,6400,CL32,64GB(16GX4),64,0,0,0,0,0,0,0,0,0,0,0,0,0,0,0,0,0,0,0,0,0,0,0,0,0,0,879990,879990
46101749,G.SKILL DDR5-6400 CL32 ZETA R5 NEO ECC/REG 패키지,G.SKILL ZETA R5 NEO ECC/REG 패키지,DDR5,6400,CL32,128GB(32GX4),128,0,0,0,0,0,1590000,1590000,1590000,1590000,1590000,1590000,1590000,1590000,1590000,1590000,1590000,1590000,1590000,1590000,1590000,1590000,1590000,0,0,0,0,0,0
46101749,G.SKILL DDR5-6400 CL32 ZETA R5 NEO ECC/REG 패키지,G.SKILL ZETA R5 NEO ECC/REG 패키지,DDR5,6400,CL32,192GB(48GX4),192,0,0,0,0,0,0,0,2383060,2383060,2383060,2383060,2383060,2383060,2383060,2383060,2383060,2383060,2383060,2383060,2383060,2383060,2383060,0,0,0,0,0,0
46101803,G.SKILL DDR5-6400 CL32 ZETA R5 NEO ECC/REG 패키지,G.SKILL ZETA R5 NEO ECC/REG 패키지,DDR5,6400,CL32,128GB(32GX4),128,0,0,0,0,0,0,0,0,0,0,0,0,0,0,0,0,0,0,0,0,0,0,1590000,1590000,1590000,1590000,1590000,1590000
46101803,G.SKILL DDR5-6400 CL32 ZETA R5 NEO ECC/REG 패키지,G.SKILL ZETA R5 NEO ECC/REG 패키지,DDR5,6400,CL32,192GB(48GX4),192,0,0,0,0,0,0,0,0,0,0,0,0,0,0,0,0,0,0,0,0,0,0,2383060,2383060,2383060,2383060,2383060,2383060
17001053,G.SKILL DDR5-6600 CL34 TRIDENT Z5 RGB 실버 패키지,G.SKILL TRIDENT Z5 RGB 실버 패키지,DDR5,6600,CL34,32GB(16GX2),32,0,0,0,0,0,209000,209000,208110,209000,209000,209000,209000,209000,209000,209000,209000,209000,209000,209000,209000,209000,209000,209000,209000,209000,209000,208990,208990
17000948,G.SKILL DDR5-6600 CL34 TRIDENT Z5 RGB 패키지,G.SKILL TRIDENT Z5 RGB 패키지,DDR5,6600,CL34,32GB(16GX2),32,0,0,0,0,0,209000,209000,209000,209000,209000,209000,209000,209000,209000,209000,209000,209000,209000,209000,209000,209000,209000,209000,209000,209000,209000,208990,208990
18036605,G.SKILL DDR5-6800 CL34 TRIDENT Z5 RGB J 실버 패키지,G.SKILL TRIDENT Z5 RGB J 실버 패키지,DDR5,6800,CL34,32GB(16GX2),32,0,0,0,0,0,219000,219000,219000,219000,219000,219000,219000,219000,219000,219000,219000,219000,219000,219000,219000,219000,219000,219000,219000,219000,219000,218990,218990
18036608,G.SKILL DDR5-6800 CL34 TRIDENT Z5 RGB J 패키지,G.SKILL TRIDENT Z5 RGB J 패키지,DDR5,6800,CL34,32GB(16GX2),32,0,0,0,0,0,219000,219000,219000,219000,219000,219000,219000,219000,219000,219000,218990,218990,219000,219000,219000,219000,218990,218990,218990,219000,218990,218900,218860
18036644,G.SKILL DDR5-7200 CL34 TRIDENT Z5 RGB J 실버 패키지,G.SKILL TRIDENT Z5 RGB J 실버 패키지,DDR5,7200,CL34,32GB(16GX2),32,0,0,0,0,0,229000,229000,229000,229000,229000,229000,229000,229000,229000,229000,229000,229000,229000,229000,229000,229000,228990,228990,228990,229000,228990,228990,228990
18036653,G.SKILL DDR5-7200 CL34 TRIDENT Z5 RGB J 패키지,G.SKILL TRIDENT Z5 RGB J 패키지,DDR5,7200,CL34,32GB(16GX2),32,0,0,0,0,0,229000,229000,229000,229000,229000,229000,229000,229000,229000,229000,229000,229000,229000,229000,229000,229000,229000,229000,229000,229000,229000,228990,228990
63271535,G.SKILL DDR5-7200 CL34 TRIDENT Z5 ROYAL 골드 패키지,G.SKILL TRIDENT Z5 ROYAL 골드 패키지,DDR5,7200,CL34,32GB(16GX2),32,0,0,0,0,0,309000,309000,309000,309000,309000,309000,309000,309000,309000,309000,309000,309000,309000,309000,309000,309000,309000,309000,309000,309000,309000,309000,309000
58666550,G.SKILL DDR5-7200 CL34 TRIDENT Z5 ROYAL 실버 패키지,G.SKILL TRIDENT Z5 ROYAL 실버 패키지,DDR5,7200,CL34,32GB(16GX2),32,0,0,0,0,0,259000,259000,259000,259000,259000,259000,259000,259000,259000,259000,259000,259000,259000,259000,259000,259000,259000,259000,259000,259000,259000,258990,258990
20019989,G.SKILL DDR5-7200 CL36 TRIDENT Z5 RGB J 실버 패키지,G.SKILL TRIDENT Z5 RGB J 실버 패키지,DDR5,7200,CL36,48GB(24GX2),48,0,0,0,0,0,319000,319000,319000,319000,319000,319000,319000,319000,319000,319000,319000,319000,319000,319000,319000,319000,319000,319000,319000,319000,319000,318990,318990
20019920,G.SKILL DDR5-7200 CL36 TRIDENT Z5 RGB J 패키지,G.SKILL TRIDENT Z5 RGB J 패키지,DDR5,7200,CL36,48GB(24GX2),48,0,0,0,0,0,319000,319000,302800,0,0,0,319000,319000,319000,319000,319000,319000,319000,319000,319000,319000,319000,319000,319000,319000,319000,318990,318990
63271547,G.SKILL DDR5-7200 CL36 TRIDENT Z5 ROYAL 골드 패키지,G.SKILL TRIDENT Z5 ROYAL 골드 패키지,DDR5,7200,CL36,48GB(24GX2),48,0,0,0,0,0,389000,389000,389000,389000,389000,389000,389000,389000,389000,389000,389000,389000,389000,389000,389000,389000,389000,389000,389000,389000,389000,388990,388990
58666538,G.SKILL DDR5-7200 CL36 TRIDENT Z5 ROYAL 실버 패키지,G.SKILL TRIDENT Z5 ROYAL 실버 패키지,DDR5,7200,CL36,48GB(24GX2),48,0,0,0,0,0,359000,359000,359000,359000,359000,359000,359000,359000,359000,359000,359000,359000,359000,359000,359000,359000,359000,359000,359000,359000,359000,358990,358990
18036659,G.SKILL DDR5-7600 CL36 TRIDENT Z5 RGB J 실버 패키지,G.SKILL TRIDENT Z5 RGB J 실버 패키지,DDR5,7600,CL36,32GB(16GX2),32,0,0,0,0,0,248990,248990,248990,248990,248990,248990,248990,248990,248990,248990,248990,248990,248980,248980,248980,248980,248980,248980,248980,248980,248980,248970,248970
18036662,G.SKILL DDR5-7600 CL36 TRIDENT Z5 RGB J 패키지,G.SKILL TRIDENT Z5 RGB J 패키지,DDR5,7600,CL36,32GB(16GX2),32,0,0,0,0,0,249000,249000,248990,249000,249000,249000,249000,249000,249000,249000,249000,249000,249000,249000,249000,249000,249000,249000,249000,249000,249000,248990,248990
18419804,G.SKILL DDR5-7800 CL36 TRIDENT Z5 RGB J 실버 패키지,G.SKILL TRIDENT Z5 RGB J 실버 패키지,DDR5,7800,CL36,32GB(16GX2),32,0,0,0,0,0,269000,269000,269000,269000,269000,269000,269000,269000,269000,269000,269000,269000,269000,269000,259000,259000,259000,0,0,0,0,0,0
18419807,G.SKILL DDR5-7800 CL36 TRIDENT Z5 RGB J 패키지,G.SKILL TRIDENT Z5 RGB J 패키지,DDR5,7800,CL36,32GB(16GX2),32,0,0,0,0,0,269000,269000,269000,269000,269000,269000,269000,269000,269000,269000,269000,269000,269000,269000,270870,270870,270870,270870,270870,270870,270870,270870,270870
20020085,G.SKILL DDR5-8000 CL40 TRIDENT Z5 RGB J 실버 패키지,G.SKILL TRIDENT Z5 RGB J 실버 패키지,DDR5,8000,CL40,48GB(24GX2),48,0,0,0,0,0,419000,419000,419000,419000,419000,419000,419000,419000,419000,419000,419000,419000,419000,419000,419000,419000,419000,419000,419000,419000,419000,418990,418990
20020046,G.SKILL DDR5-8000 CL40 TRIDENT Z5 RGB J 패키지,G.SKILL TRIDENT Z5 RGB J 패키지,DDR5,8000,CL40,48GB(24GX2),48,0,0,0,0,0,419000,419000,419000,419000,419000,419000,419000,419000,419000,419000,419000,419000,419000,419000,419000,419000,419000,419000,419000,419000,419000,418990,418990
72720587,G.SKILL DDR5-8200 CL40 TRIDENT Z5 CK RGB 패키지,G.SKILL TRIDENT Z5 CK RGB 패키지,DDR5,8200,CL40,48GB(24GX2),48,0,0,0,0,0,429000,429000,429000,429000,429000,429000,429000,429000,429000,429000,429000,429000,429000,429000,429000,429000,429000,429000,429000,429000,429000,429000,429000
72720323,G.SKILL DDR5-8200 CL40 TRIDENT Z5 CK 패키지,G.SKILL TRIDENT Z5 CK 패키지,DDR5,8200,CL40,48GB(24GX2),48,0,0,0,0,0,0,0,399000,399000,399000,399000,399000,399000,399000,399000,399000,399000,399000,399000,399000,399000,399000,399000,399000,399000,399000,399000,399000
72720620,G.SKILL DDR5-8400 CL40 TRIDENT Z5 CK RGB 패키지,G.SKILL TRIDENT Z5 CK RGB 패키지,DDR5,8400,CL40,48GB(24GX2),48,0,0,0,0,0,529000,529000,529000,529000,529000,529000,529000,529000,529000,529000,529000,529000,529000,529000,529000,529000,529000,529000,529000,529000,529000,529000,529000
72720398,G.SKILL DDR5-8400 CL40 TRIDENT Z5 CK 패키지,G.SKILL TRIDENT Z5 CK 패키지,DDR5,8400,CL40,48GB(24GX2),48,0,0,0,0,0,499000,499000,499000,499000,499000,499000,499000,499000,499000,499000,499000,499000,499000,499000,499000,499000,499000,499000,499000,499000,499000,499000,499000
72720644,G.SKILL DDR5-8800 CL42 TRIDENT Z5 CK RGB 패키지,G.SKILL TRIDENT Z5 CK RGB 패키지,DDR5,8800,CL42,48GB(24GX2),48,0,0,0,0,0,579000,579000,579000,578350,578350,578350,578350,578350,578350,578350,578350,578350,578350,578350,578350,578350,578350,578350,578350,578350,578350,578350,578350
72720434,G.SKILL DDR5-8800 CL42 TRIDENT Z5 CK 패키지,G.SKILL TRIDENT Z5 CK 패키지,DDR5,8800,CL42,48GB(24GX2),48,0,0,0,0,0,549000,549000,549000,549000,549000,549000,549000,549000,549000,549000,549000,549000,549000,549000,549000,549000,549000,549000,549000,549000,549000,549000,549000
7954897,G.SKILL 노트북 DDR4-2666 CL19 RIPJAWS,G.SKILL 노트북 RIPJAWS,DDR4,2666,CL19,16GB,16,0,0,0,0,0,58380,58380,58380,58380,58380,58380,59640,0,0,0,0,0,59640,58730,60200,0,0,0,0,0,0,60200,60200
7954897,G.SKILL 노트북 DDR4-2666 CL19 RIPJAWS,G.SKILL 노트북 RIPJAWS,DDR4,2666,CL19,8GB,8,0,0,0,0,0,24260,24260,24260,24260,24260,24260,24260,0,0,0,0,0,26950,26950,26950,0,0,0,0,0,0,31000,31000
7954927,G.SKILL 노트북 DDR4-2666 CL19 RIPJAWS,G.SKILL 노트북 RIPJAWS,DDR4,2666,CL19,16GB,16,0,0,0,0,0,0,0,0,0,0,0,0,59640,59640,59640,59640,59640,0,0,0,60200,60200,57150,57150,60200,57150,0,0
7954927,G.SKILL 노트북 DDR4-2666 CL19 RIPJAWS,G.SKILL 노트북 RIPJAWS,DDR4,2666,CL19,8GB,8,0,0,0,0,0,0,0,0,0,0,0,0,26950,26950,26950,26950,26950,0,0,0,26950,26950,31000,31000,26950,31000,0,0
12247271,G.SKILL 노트북 DDR4-3200 CL22 RIPJAWS,G.SKILL 노트북 RIPJAWS,DDR4,3200,CL22,32GB,32,0,0,0,0,0,103080,103080,103080,103080,103080,103080,120000,0,0,0,0,0,120000,120000,0,120000,120000,119990,119990,119990,119990,120000,120000
12247271,G.SKILL 노트북 DDR4-3200 CL22 RIPJAWS,G.SKILL 노트북 RIPJAWS,DDR4,3200,CL22,16GB,16,0,0,0,0,0,61000,61000,61000,61000,61000,61000,61000,0,0,0,0,0,61000,61000,0,61000,61000,60990,60990,60990,61000,63500,63500
12247271,G.SKILL 노트북 DDR4-3200 CL22 RIPJAWS,G.SKILL 노트북 RIPJAWS,DDR4,3200,CL22,8GB,8,0,0,0,0,0,32000,32000,32000,32000,32000,32000,32000,0,0,0,0,0,32000,32000,0,32000,32000,31050,31050,31990,31050,32000,32000
12247292,G.SKILL 노트북 DDR4-3200 CL22 RIPJAWS,G.SKILL 노트북 RIPJAWS,DDR4,3200,CL22,32GB,32,0,0,0,0,0,0,0,0,0,0,0,0,120000,120000,120000,120000,120000,0,0,120000,0,0,0,0,0,0,0,0
12247292,G.SKILL 노트북 DDR4-3200 CL22 RIPJAWS,G.SKILL 노트북 RIPJAWS,DDR4,3200,CL22,16GB,16,0,0,0,0,0,0,0,0,0,0,0,0,61000,61000,61000,61000,61000,0,0,61000,0,0,0,0,0,0,0,0
12247292,G.SKILL 노트북 DDR4-3200 CL22 RIPJAWS,G.SKILL 노트북 RIPJAWS,DDR4,3200,CL22,8GB,8,0,0,0,0,0,0,0,0,0,0,0,0,32000,32000,32000,32000,32000,0,0,32000,0,0,0,0,0,0,0,0
31050695,G.SKILL 노트북 DDR5-4800 CL40 RIPJAWS,G.SKILL 노트북 RIPJAWS,DDR5,4800,CL40,32GB,32,0,0,0,0,0,127000,127000,127000,127000,0,0,0,0,0,0,0,0,0,129500,129500,129500,129500,0,0,0,0,0,0
31050695,G.SKILL 노트북 DDR5-4800 CL40 RIPJAWS,G.SKILL 노트북 RIPJAWS,DDR5,4800,CL40,16GB,16,0,0,0,0,0,63660,63660,63660,63660,0,0,0,0,0,0,0,0,0,0,0,0,0,0,0,0,0,0,0
31050617,G.SKILL 노트북 DDR5-4800 CL40 RIPJAWS,G.SKILL 노트북 RIPJAWS,DDR5,4800,CL40,32GB,32,0,0,0,0,0,0,0,0,0,127000,127000,127000,127000,127000,127000,129500,129500,129500,0,0,0,0,0,0,0,0,0,0
31050617,G.SKILL 노트북 DDR5-4800 CL40 RIPJAWS,G.SKILL 노트북 RIPJAWS,DDR5,4800,CL40,16GB,16,0,0,0,0,0,0,0,0,0,63660,63660,65000,65000,65000,65000,65000,65000,65000,0,0,0,0,0,0,0,0,0,0
15910004,GIGABYTE AORUS DDR5-5200 CL40 패키지 제이씨현,GIGABYTE AORUS 패키지 제이씨현,DDR5,5200,CL40,32GB(16GX2),32,0,0,0,0,0,360580,360580,360580,360580,360580,360580,360580,360580,360580,360580,360580,360580,360580,360580,360580,360580,360580,360580,360580,360580,360580,360580,360580
6233439,GSMS 노트북 DDR3-1600 CL11 1.35V,GSMS 노트북 1.35V,DDR3,1600,CL11,4GB,4,0,0,0,0,0,6890,6890,6900,6900,6900,6900,6900,6900,6900,6900,6900,6900,6900,6900,6900,6900,6900,6900,6900,6900,6900,6890,6890
5528834,GeIL DDR4-2400 CL17 PRISTINE,GeIL PRISTINE,DDR4,2400,CL17,8GB,8,0,0,0,0,0,20200,20200,20200,20200,20200,20200,20200,20200,20200,20200,20200,20200,20200,20200,20200,20200,20200,20200,20200,20200,20200,20200,20200
13150982,GeIL DDR4-2666 CL19 ORION RGB Gray,GeIL ORION RGB Gray,DDR4,2666,CL19,16GB,16,0,0,0,0,0,0,0,0,0,0,0,0,0,0,0,0,0,0,0,54010,54010,50840,50840,50840,50840,50840,50840,50840
13150982,GeIL DDR4-2666 CL19 ORION RGB Gray,GeIL ORION RGB Gray,DDR4,2666,CL19,8GB,8,0,0,0,0,0,0,0,0,0,0,0,0,0,0,0,0,0,0,0,27600,27600,25000,25000,25000,25000,25000,25000,25000
13150856,GeIL DDR4-2666 CL19 ORION RGB Red,GeIL ORION RGB Red,DDR4,2666,CL19,8GB,8,0,0,0,0,0,0,0,0,0,0,0,0,0,0,0,0,0,0,0,27600,27600,25000,25000,25000,25000,25000,25000,25000
6168329,GeIL DDR4-2666 CL19 PRISTINE,GeIL PRISTINE,DDR4,2666,CL19,16GB,16,0,0,0,0,0,50000,50000,50000,50000,50000,50000,50000,50000,50000,50000,50000,50000,50000,50000,50000,50000,50000,50000,50000,50000,50000,50000,0
6168329,GeIL DDR4-2666 CL19 PRISTINE,GeIL PRISTINE,DDR4,2666,CL19,8GB,8,0,0,0,0,0,25000,25000,25000,25000,25000,25000,25000,25000,25000,25000,25000,25000,25000,24810,25000,25000,25000,25000,25000,25000,25000,25000,0
6168329,GeIL DDR4-2666 CL19 PRISTINE,GeIL PRISTINE,DDR4,2666,CL19,4GB,4,0,0,0,0,0,11500,11500,11500,11500,11500,11500,11500,11500,11500,11500,11500,11500,11500,11500,11500,11500,11500,11500,11500,11500,11500,11500,0
6168351,GeIL DDR4-2666 CL19 PRISTINE,GeIL PRISTINE,DDR4,2666,CL19,16GB,16,0,0,0,0,0,0,0,0,0,0,0,0,0,0,0,0,0,0,0,0,0,0,0,0,0,0,0,50000
6168351,GeIL DDR4-2666 CL19 PRISTINE,GeIL PRISTINE,DDR4,2666,CL19,8GB,8,0,0,0,0,0,0,0,0,0,0,0,0,0,0,0,0,0,0,0,0,0,0,0,0,0,0,0,24810
6168351,GeIL DDR4-2666 CL19 PRISTINE,GeIL PRISTINE,DDR4,2666,CL19,4GB,4,0,0,0,0,0,0,0,0,0,0,0,0,0,0,0,0,0,0,0,0,0,0,0,0,0,0,0,11500
6171958,GeIL DDR4-2666 CL19 SUPER LUCE RGB Sync 블랙,GeIL SUPER LUCE RGB Sync 블랙,DDR4,2666,CL19,8GB,8,0,0,0,0,0,0,0,0,0,0,0,0,0,0,0,0,0,0,0,0,27540,0,0,0,0,0,0,0
8443245,GeIL DDR4-2666 CL19 SUPER LUCE RGB Sync 블랙,GeIL SUPER LUCE RGB Sync 블랙,DDR4,2666,CL19,16GB,16,0,0,0,0,0,0,0,0,0,0,0,0,0,0,0,0,0,0,0,0,0,49780,49780,49780,49780,49780,49780,49780
8443245,GeIL DDR4-2666 CL19 SUPER LUCE RGB Sync 블랙,GeIL SUPER LUCE RGB Sync 블랙,DDR4,2666,CL19,8GB,8,0,0,0,0,0,0,0,0,0,0,0,0,0,0,0,0,0,0,0,0,0,25000,25000,25000,25000,25000,25000,25000
8444481,GeIL DDR4-2666 CL19 SUPER LUCE RGB Sync 화이트,GeIL SUPER LUCE RGB Sync 화이트,DDR4,2666,CL19,16GB,16,0,0,0,0,0,169090,169090,169090,169090,169090,169090,169090,169090,169090,169090,169090,169090,169090,169090,57010,57010,53590,53590,53590,53590,53590,53590,53590
8443041,GeIL DDR4-3200 CL16 EVO SPEAR,GeIL EVO SPEAR,DDR4,3200,CL16,8GB,8,0,0,0,0,0,30000,30000,30000,30000,30000,30000,30000,30000,30000,30000,30000,30000,30000,30000,30000,30000,30000,30000,30000,30000,30000,30000,30000
13121861,GeIL DDR4-3200 CL16 ORION RGB Red 패키지,GeIL ORION RGB Red 패키지,DDR4,3200,CL16,16GB(8GX2),16,0,0,0,0,0,79110,79110,79110,79110,79110,79110,79110,79110,79110,79110,79110,79110,79110,79110,79110,79110,0,0,0,0,0,0,0
6062576,GeIL DDR4-3200 CL16 SUPER LUCE RGB Sync 화이트 패키지,GeIL SUPER LUCE RGB Sync 화이트 패키지,DDR4,3200,CL16,16GB(8GX2),16,0,0,0,0,0,221100,221100,221100,221100,221100,221100,221100,221100,221100,221100,221100,221100,221100,221100,221100,221100,221100,221100,221100,221100,221100,221100,221100
12586376,GeIL DDR4-3200 CL16-20-20 ORION Gray 패키지,GeIL -20-20 ORION Gray 패키지,DDR4,3200,CL16,32GB(16GX2),32,0,0,0,0,0,136400,136400,136400,136400,136400,136400,136400,0,0,0,0,0,0,0,136400,136400,136400,136400,136400,136400,136400,136400,136400
12586376,GeIL DDR4-3200 CL16-20-20 ORION Gray 패키지,GeIL -20-20 ORION Gray 패키지,DDR4,3200,CL16,16GB(8GX2),16,0,0,0,0,0,67200,67200,67200,67200,67200,67200,67200,0,0,0,0,0,0,0,67200,67200,67200,67200,67200,67200,67200,67200,67200
12586484,GeIL DDR4-3200 CL16-20-20 ORION Gray 패키지,GeIL -20-20 ORION Gray 패키지,DDR4,3200,CL16,32GB(16GX2),32,0,0,0,0,0,0,0,0,0,0,0,0,136400,136400,136400,136400,136400,136400,136400,0,0,0,0,0,0,0,0,0
12586484,GeIL DDR4-3200 CL16-20-20 ORION Gray 패키지,GeIL -20-20 ORION Gray 패키지,DDR4,3200,CL16,16GB(8GX2),16,0,0,0,0,0,0,0,0,0,0,0,0,67200,67200,67200,67200,67200,67200,67200,0,0,0,0,0,0,0,0,0
12595928,GeIL DDR4-3200 CL16-20-20 ORION Red 패키지,GeIL -20-20 ORION Red 패키지,DDR4,3200,CL16,16GB(8GX2),16,0,0,0,0,0,67200,67200,67200,67200,67200,67200,67200,67200,67200,67200,67200,67200,67200,67200,67200,67200,67200,67200,67200,67200,67200,67200,67200
11020071,GeIL DDR4-3200 CL22 EVO SPEAR,GeIL EVO SPEAR,DDR4,3200,CL22,16GB,16,0,0,0,0,0,58000,58000,58000,58000,58000,58000,58000,58000,58000,58000,58000,58000,58000,58000,58000,58000,58000,58000,58000,58000,58000,58000,58000
11020071,GeIL DDR4-3200 CL22 EVO SPEAR,GeIL EVO SPEAR,DDR4,3200,CL22,8GB,8,0,0,0,0,0,30000,30000,30000,30000,30000,30000,30000,30000,30000,30000,29990,29990,30000,29390,30000,30000,30000,30000,30000,30000,30000,30000,29390
11277615,GeIL DDR4-3200 CL22 EVO X II AMD Gray RGB,GeIL EVO X II AMD Gray RGB,DDR4,3200,CL22,16GB,16,0,0,0,0,0,65000,65000,65000,65000,65000,65000,65000,0,65000,65000,65000,65000,65000,65000,65000,65000,65000,0,0,65000,65000,65000,65000
11277615,GeIL DDR4-3200 CL22 EVO X II AMD Gray RGB,GeIL EVO X II AMD Gray RGB,DDR4,3200,CL22,8GB,8,0,0,0,0,0,36000,36000,36000,36000,36000,36000,36000,0,36000,36000,36000,36000,36000,36000,36000,36000,36000,0,0,36000,36000,36000,36000
11277699,GeIL DDR4-3200 CL22 EVO X II AMD Gray RGB,GeIL EVO X II AMD Gray RGB,DDR4,3200,CL22,16GB,16,0,0,0,0,0,0,0,0,0,0,0,0,65000,0,0,0,0,0,0,0,0,0,65000,65000,0,0,0,0
11277699,GeIL DDR4-3200 CL22 EVO X II AMD Gray RGB,GeIL EVO X II AMD Gray RGB,DDR4,3200,CL22,8GB,8,0,0,0,0,0,0,0,0,0,0,0,0,36000,0,0,0,0,0,0,0,0,0,36000,36000,0,0,0,0
13151036,GeIL DDR4-3200 CL22 ORION RGB Gray,GeIL ORION RGB Gray,DDR4,3200,CL22,8GB,8,0,0,0,0,0,32500,32500,32500,32500,32500,0,0,0,0,0,0,0,0,0,0,0,0,0,0,0,0,32500,32500
13150892,GeIL DDR4-3200 CL22 ORION RGB Red,GeIL ORION RGB Red,DDR4,3200,CL22,8GB,8,0,0,0,0,0,0,0,0,0,0,0,0,0,0,0,0,0,0,0,0,0,28600,28600,28600,28600,28600,28600,28600
10859097,GeIL DDR4-3200 CL22 PRISTINE,GeIL PRISTINE,DDR4,3200,CL22,16GB,16,0,0,0,0,0,56000,56000,56000,55990,55990,56000,56000,56000,56000,56000,56000,56000,56000,54900,56000,56000,56000,52650,52650,52700,52650,56000,54900
10859097,GeIL DDR4-3200 CL22 PRISTINE,GeIL PRISTINE,DDR4,3200,CL22,8GB,8,0,0,0,0,0,26000,26000,26000,26000,26000,26000,26000,26000,26000,28000,27990,27990,28000,27970,28000,28000,28000,27990,27990,27990,28000,27980,27970
11220735,GeIL DDR4-3200 CL22 SUPER LUCE RGB Sync 블랙,GeIL SUPER LUCE RGB Sync 블랙,DDR4,3200,CL22,16GB,16,0,0,0,0,0,0,0,0,0,0,0,0,0,0,0,0,0,0,0,58250,58250,55070,55070,55070,55070,0,0,0
11220735,GeIL DDR4-3200 CL22 SUPER LUCE RGB Sync 블랙,GeIL SUPER LUCE RGB Sync 블랙,DDR4,3200,CL22,8GB,8,0,0,0,0,0,0,0,0,0,0,0,0,0,0,0,0,0,0,0,30720,30720,28600,28600,28600,28600,0,0,0
11220675,GeIL DDR4-3200 CL22 SUPER LUCE RGB Sync 블랙,GeIL SUPER LUCE RGB Sync 블랙,DDR4,3200,CL22,16GB,16,0,0,0,0,0,0,0,0,0,0,0,0,0,0,0,0,0,0,0,0,0,0,0,0,0,55070,55070,55070
11220675,GeIL DDR4-3200 CL22 SUPER LUCE RGB Sync 블랙,GeIL SUPER LUCE RGB Sync 블랙,DDR4,3200,CL22,8GB,8,0,0,0,0,0,0,0,0,0,0,0,0,0,0,0,0,0,0,0,0,0,0,0,0,0,28600,28600,28600
11220810,GeIL DDR4-3200 CL22 SUPER LUCE RGB Sync 화이트,GeIL SUPER LUCE RGB Sync 화이트,DDR4,3200,CL22,8GB,8,0,0,0,0,0,0,0,0,0,0,0,0,0,0,0,0,0,0,0,30720,30720,28600,28600,28600,28600,28600,28600,28600
12586583,GeIL DDR4-3600 CL18 ORION Gray 패키지,GeIL ORION Gray 패키지,DDR4,3600,CL18,16GB(8GX2),16,0,0,0,0,0,56000,56000,56000,56000,56000,56000,56000,56000,56000,56000,56000,56000,56000,55850,56000,56000,56000,56000,56000,56000,56000,56000,55850
13122017,GeIL DDR4-3600 CL18 ORION RGB Gray 패키지,GeIL ORION RGB Gray 패키지,DDR4,3600,CL18,16GB(8GX2),16,0,0,0,0,0,98100,98100,100540,99450,99450,99450,98370,98370,98370,98370,98370,98370,98370,95120,98370,98370,101620,100540,100540,100540,100540,100540,95120
13121945,GeIL DDR4-3600 CL18 ORION RGB Red 패키지,GeIL ORION RGB Red 패키지,DDR4,3600,CL18,16GB(8GX2),16,0,0,0,0,0,149800,149800,149800,149800,149800,149800,149800,149800,149800,149800,149800,149800,149800,149800,149800,149800,149800,149800,149800,149800,149800,149800,149800
12595988,GeIL DDR4-3600 CL18 ORION Red 패키지,GeIL ORION Red 패키지,DDR4,3600,CL18,16GB(8GX2),16,0,0,0,0,0,56000,56000,56000,56000,56000,56000,56000,56000,56000,56000,56000,56000,56000,55850,56000,56000,56000,56000,56000,56000,56000,56000,55850
8534438,GeIL DDR4-3600 CL18 SUPER LUCE RGB Sync 블랙 패키지,GeIL SUPER LUCE RGB Sync 블랙 패키지,DDR4,3600,CL18,16GB(8GX2),16,0,0,0,0,0,0,0,0,0,0,0,0,0,0,0,0,0,0,0,57200,57200,55200,55200,55200,55200,55200,58300,0
14613242,GeIL DDR4-3600 CL18-22-22 SUPER LUCE RGB Sync 블랙 패키지,GeIL -22-22 SUPER LUCE RGB Sync 블랙 패키지,DDR4,3600,CL18,16GB(8GX2),16,0,0,0,0,0,89000,89000,88990,89000,89000,89000,89000,89000,89000,89000,89000,89000,89000,88000,89000,89000,89000,89000,89000,89000,89000,89000,88000
14613404,GeIL DDR4-3600 CL18-22-22 SUPER LUCE RGB Sync 화이트 패키지,GeIL -22-22 SUPER LUCE RGB Sync 화이트 패키지,DDR4,3600,CL18,16GB(8GX2),16,0,0,0,0,0,89000,89000,88990,89000,89000,89000,89000,89000,89000,89000,89000,89000,89000,88000,61600,61600,60430,60430,60430,60430,60430,60430,60430
6781921,GeIL DDR4-4133 CL19 SUPER LUCE RGB Sync 화이트 패키지,GeIL SUPER LUCE RGB Sync 화이트 패키지,DDR4,4133,CL19,16GB(8GX2),16,0,0,0,0,0,156740,156740,156220,156740,156740,156740,156740,156740,156740,156740,156740,156740,156740,153920,156740,156740,156740,156740,156740,156740,156740,156740,153920
21695018,GeIL DDR5-4800 CL40 PRISTINE V,GeIL PRISTINE V,DDR5,4800,CL40,16GB,16,0,0,0,0,0,57980,57980,58990,58990,58990,58990,58620,58620,58620,58620,58620,58620,58620,57670,59000,58630,58990,58990,58990,58990,58990,58900,57670
22167116,GeIL DDR5-5200 CL34 ORION V RGB 패키지,GeIL ORION V RGB 패키지,DDR5,5200,CL34,32GB(16GX2),32,0,0,0,0,0,139000,139000,139000,139000,139000,139000,139000,138990,139000,139000,139000,139000,139000,139000,139000,139000,139000,139000,139000,139000,139000,138990,138990
18490574,GeIL DDR5-5200 CL34 POLARIS Gray 패키지,GeIL POLARIS Gray 패키지,DDR5,5200,CL34,32GB(16GX2),32,0,0,0,0,0,130500,130500,130500,130500,130500,130500,130500,130500,130500,130500,130500,130500,130500,130500,130500,130500,130500,123970,123970,130500,123970,130500,130500
15630422,GeIL DDR5-5200 CL34 POLARIS RGB Gray 패키지,GeIL POLARIS RGB Gray 패키지,DDR5,5200,CL34,32GB(16GX2),32,0,0,0,0,0,143000,143000,143000,143000,143000,143000,143000,142990,143000,143000,143000,143000,143000,139150,143000,143000,143000,138220,138220,142990,138220,143000,143000
15630473,GeIL DDR5-5200 CL34 POLARIS RGB White 패키지,GeIL POLARIS RGB White 패키지,DDR5,5200,CL34,32GB(16GX2),32,0,0,0,0,0,146000,146000,146000,146000,146000,146000,146000,145990,146000,146000,146000,146000,146000,142280,146000,146000,146000,141070,141070,145990,141070,146000,146000
63144077,GeIL DDR5-5600 CL38 ORION V Gray 패키지,GeIL ORION V Gray 패키지,DDR5,5600,CL38,32GB(16GX2),32,0,0,0,0,0,132000,132000,132000,132000,132000,132000,132000,131990,132000,132000,132000,132000,132000,132000,132000,132000,132000,132000,132000,132000,132000,132000,132000
63144134,GeIL DDR5-5600 CL38 ORION V RGB White 패키지,GeIL ORION V RGB White 패키지,DDR5,5600,CL38,32GB(16GX2),32,0,0,0,0,0,142000,142000,142000,142000,142000,142000,142000,141990,142000,142000,142000,142000,142000,142000,142000,142000,142000,142000,142000,142000,142000,142000,142000
22169387,GeIL DDR5-5600 CL38 ORION V RGB 패키지,GeIL ORION V RGB 패키지,DDR5,5600,CL38,32GB(16GX2),32,0,0,0,0,0,142000,142000,142000,142000,142000,142000,142000,141990,142000,142000,142000,142000,142000,142000,142000,142000,142000,142000,142000,142000,142000,142000,142000
15630869,GeIL DDR5-5600 CL38 POLARIS RGB Gray 패키지,GeIL POLARIS RGB Gray 패키지,DDR5,5600,CL38,32GB(16GX2),32,0,0,0,0,0,148000,147990,147990,147990,147990,147990,147990,147980,147990,147990,147990,147990,147990,147990,147990,147990,147990,142970,142970,148000,142970,148000,148000
15630920,GeIL DDR5-5600 CL38 POLARIS RGB White 패키지,GeIL POLARIS RGB White 패키지,DDR5,5600,CL38,32GB(16GX2),32,0,0,0,0,0,147650,147530,146590,146500,146460,146360,147990,147950,147830,147710,147590,147480,147470,143820,147970,147850,147730,135450,135450,147970,135450,147970,143820
19539497,GeIL DDR5-5600 CL38 POLARIS White 패키지,GeIL POLARIS White 패키지,DDR5,5600,CL38,32GB(16GX2),32,0,0,0,0,0,137500,137500,137500,137500,137500,137500,137500,137500,137500,137500,137500,137500,137500,137500,137500,137500,137500,130620,130620,137500,130620,137500,137500
21695174,GeIL DDR5-5600 CL46 PRISTINE V,GeIL PRISTINE V,DDR5,5600,CL46,16GB,16,0,0,0,0,0,58900,58900,58900,58900,58900,58900,58900,59990,60000,60000,60000,60000,60000,54000,54000,54000,54000,54000,54000,54000,54000,54000,54000
79117424,GeIL DDR5-5600 CL46 PRISTINE V AMD,GeIL PRISTINE V AMD,DDR5,5600,CL46,16GB,16,0,0,0,0,0,54000,54000,54000,54000,54000,54000,54000,54000,54000,54000,54000,53990,54000,52220,54000,54000,54000,54000,53990,54000,54000,54000,54000
93446816,GeIL DDR5-6000 CL30 GEMINI RGB Gray 패키지,GeIL GEMINI RGB Gray 패키지,DDR5,6000,CL30,32GB(16GX2),32,0,0,0,0,0,149000,149000,149000,149000,149000,149000,149000,149000,149000,149000,149000,149000,149000,149000,149000,149000,149000,149000,149000,149000,149000,149000,149000
93446834,GeIL DDR5-6000 CL30 GEMINI RGB White 패키지,GeIL GEMINI RGB White 패키지,DDR5,6000,CL30,32GB(16GX2),32,0,0,0,0,0,149000,149000,149000,149000,149000,149000,149000,149000,149000,149000,149000,149000,149000,149000,149000,149000,149000,149000,149000,149000,149000,149000,149000
64378892,GeIL DDR5-6000 CL38 ORION V RGB White 패키지,GeIL ORION V RGB White 패키지,DDR5,6000,CL38,32GB(16GX2),32,0,0,0,0,0,145000,145000,145000,145000,145000,145000,145000,144990,145000,145000,145000,145000,145000,145000,145000,145000,145000,145000,145000,145000,145000,145000,145000
22170725,GeIL DDR5-6000 CL38 ORION V RGB 패키지,GeIL ORION V RGB 패키지,DDR5,6000,CL38,32GB(16GX2),32,0,0,0,0,0,145000,145000,145000,145000,145000,145000,145000,145000,145000,145000,145000,145000,145000,145000,145000,145000,145000,145000,145000,145000,145000,145000,145000
19539911,GeIL DDR5-6000 CL38 POLARIS RGB White 패키지,GeIL POLARIS RGB White 패키지,DDR5,6000,CL38,32GB(16GX2),32,0,0,0,0,0,170050,170050,170050,170050,170050,170050,170050,170050,170050,170050,170050,170050,170050,170050,170050,170050,170050,179000,179000,179000,179000,179000,179000
19539965,GeIL DDR5-6000 CL38 POLARIS White 패키지,GeIL POLARIS White 패키지,DDR5,6000,CL38,32GB(16GX2),32,0,0,0,0,0,151500,151500,151500,151500,151500,151500,151500,151500,151500,151500,151500,151500,151500,151500,151500,151500,151500,143920,143920,151500,143920,151500,151500
18419999,GeIL DDR5-6400 CL38 EVO V RGB Gray 패키지,GeIL EVO V RGB Gray 패키지,DDR5,6400,CL38,32GB(16GX2),32,0,0,0,0,0,186500,186500,186500,186500,186500,186500,186500,186500,186500,186500,186500,186500,186500,186500,186500,186500,186500,186500,186500,186500,186500,186500,186500
18420014,GeIL DDR5-6400 CL38 EVO V RGB White 패키지,GeIL EVO V RGB White 패키지,DDR5,6400,CL38,32GB(16GX2),32,0,0,0,0,0,186500,186500,186500,186500,186500,186500,186500,186500,186500,186500,186500,186500,186500,186500,186500,186500,186500,186500,186500,186500,186500,186500,186500
19540025,GeIL DDR5-6400 CL38 POLARIS RGB Gray 패키지,GeIL POLARIS RGB Gray 패키지,DDR5,6400,CL38,32GB(16GX2),32,0,0,0,0,0,161000,160990,160990,160990,160990,160990,160990,160980,160990,160990,160990,160990,160990,160990,160990,160990,160990,160990,160990,161000,161000,161000,161000
19176542,GeIL DDR5-6400 CL38 POLARIS RGB White 패키지,GeIL POLARIS RGB White 패키지,DDR5,6400,CL38,32GB(16GX2),32,0,0,0,0,0,158000,158000,158000,158000,158000,158000,158000,158000,158000,158000,158000,158000,158000,158000,157160,157160,157160,157160,157160,157160,157160,157160,157160
19176791,GeIL DDR5-7200 CL36 EVO V RGB White 패키지,GeIL EVO V RGB White 패키지,DDR5,7200,CL36,32GB(16GX2),32,0,0,0,0,0,269990,269990,269990,269990,269990,269990,269990,269980,269990,269990,269990,269990,269990,270000,270000,270000,270000,270000,270000,270000,270000,269990,269990
19176827,GeIL DDR5-8000 CL38 EVO V RGB Gray 패키지,GeIL EVO V RGB Gray 패키지,DDR5,8000,CL38,32GB(16GX2),32,0,0,0,0,0,500000,500000,500000,500000,500000,499990,499990,499980,499990,499990,499990,499990,499990,499990,499990,499990,499990,499990,499990,499990,499990,499900,499860
34373126,GeIL 노트북 DDR3-1600 CL11 1.35V,GeIL 노트북 1.35V,DDR3,1600,CL11,8GB,8,0,0,0,0,0,17100,17100,17100,17100,17100,17100,17100,17100,17100,17100,17100,17100,17100,17100,17100,17100,17100,17100,17100,17100,17100,17100,17100
11682767,GeIL 노트북 DDR4-3200 CL22,GeIL 노트북,DDR4,3200,CL22,16GB,16,0,0,0,0,0,56900,56900,56900,56900,56900,56900,56900,56900,56900,56900,56900,56900,56900,56840,56900,56900,56900,56900,56900,43850,56900,56900,56840
11682767,GeIL 노트북 DDR4-3200 CL22,GeIL 노트북,DDR4,3200,CL22,8GB,8,0,0,0,0,0,30000,30000,30000,30000,30000,30000,30000,30000,30000,30000,30000,30000,30000,29390,30000,30000,30000,29250,29250,30000,29250,30000,29390
65364635,HIKSEMI DDR4-3200 CL18 FUTURE RGB BLACK 패키지,HIKSEMI FUTURE RGB BLACK 패키지,DDR4,3200,CL18,16GB(8GX2),16,0,0,0,0,0,65000,65000,65000,65000,65000,65000,65000,0,0,0,0,65000,65000,65000,0,0,0,0,0,0,0,0,0
65364635,HIKSEMI DDR4-3200 CL18 FUTURE RGB BLACK 패키지,HIKSEMI FUTURE RGB BLACK 패키지,DDR4,3200,CL18,32GB(16GX2),32,0,0,0,0,0,0,0,0,0,0,0,142980,0,0,0,0,149400,149400,149400,0,0,0,0,0,0,0,0,0
65364641,HIKSEMI DDR4-3200 CL18 FUTURE RGB BLACK 패키지,HIKSEMI FUTURE RGB BLACK 패키지,DDR4,3200,CL18,32GB(16GX2),32,0,0,0,0,0,0,0,0,0,0,0,0,149400,149400,149400,149400,0,0,0,115440,115440,115440,115440,115440,115440,115440,115440,115440
65364641,HIKSEMI DDR4-3200 CL18 FUTURE RGB BLACK 패키지,HIKSEMI FUTURE RGB BLACK 패키지,DDR4,3200,CL18,16GB(8GX2),16,0,0,0,0,0,0,0,0,0,0,0,0,65000,65000,65000,65000,0,0,0,65000,65000,65000,65000,65000,65000,65000,65000,65000
28775711,HIKSEMI DDR4-3200 CL18 HIKER,HIKSEMI HIKER,DDR4,3200,CL18,8GB,8,0,0,0,0,0,21770,21770,21770,22000,22000,21467,0,0,0,0,0,0,0,0,0,0,0,0,0,0,0,0,0
28775711,HIKSEMI DDR4-3200 CL18 HIKER,HIKSEMI HIKER,DDR4,3200,CL18,16GB,16,0,0,0,0,0,57990,57990,57990,55000,55000,55000,0,0,0,0,0,0,0,0,0,0,0,0,0,0,0,0,0
28775612,HIKSEMI DDR4-3200 CL18 HIKER,HIKSEMI HIKER,DDR4,3200,CL18,8GB,8,0,0,0,0,0,0,0,0,0,0,0,21467,17740,17740,17740,17740,17740,17740,18920,19500,22000,23000,23000,23000,24000,24000,23990,23220
28775612,HIKSEMI DDR4-3200 CL18 HIKER,HIKSEMI HIKER,DDR4,3200,CL18,16GB,16,0,0,0,0,0,0,0,0,0,0,0,55000,53940,53401,53401,55000,55000,55000,54150,55000,55000,55000,54500,54500,54500,54500,55000,55000
67580735,HIKSEMI DDR5-6000 CL36 FUTURE RGB BLACK 패키지,HIKSEMI FUTURE RGB BLACK 패키지,DDR5,6000,CL36,32GB(16GX2),32,0,0,0,0,0,169490,169490,169490,169490,169490,169490,169490,169490,169490,169490,169490,169490,169490,169490,169490,169490,168990,168990,168990,168990,168990,168990,169000
67580837,HIKSEMI DDR5-6400 CL32 FUTURE RGB BLACK 패키지,HIKSEMI FUTURE RGB BLACK 패키지,DDR5,6400,CL32,64GB(32GX2),64,0,0,0,0,0,329500,329500,329500,329500,329500,329500,329500,329500,329500,329500,329500,329500,329500,329500,329500,329500,329500,329500,329500,329500,329500,329500,329500
13050284,KINGMAX DDR4-2666 CL19,KINGMAX,DDR4,2666,CL19,16GB,16,0,0,0,0,0,78900,78900,78900,78900,78900,78900,78900,78900,78900,78900,78900,78900,78900,78900,78900,78900,78900,78900,78900,78900,78900,78900,78900
13050284,KINGMAX DDR4-2666 CL19,KINGMAX,DDR4,2666,CL19,8GB,8,0,0,0,0,0,30900,30900,30900,30900,30900,30900,30900,30900,30900,30900,30900,30900,30900,30900,30900,30900,30900,30900,30900,30900,30900,30900,30900
15794261,KINGMAX DDR4-3200 CL16 Zeus Dragon RGB 패키지,KINGMAX Zeus Dragon RGB 패키지,DDR4,3200,CL16,16GB(8GX2),16,0,0,0,0,0,59800,59800,59800,59800,59800,59800,59800,59800,59800,59800,59800,59800,59800,59800,59800,59800,59800,59800,59800,59800,59800,0,0
13303526,KINGMAX DDR4-3200 CL22,KINGMAX,DDR4,3200,CL22,16GB,16,0,0,0,0,0,73900,73900,73900,73900,73900,73900,73900,73900,73900,73900,73900,73900,73900,73900,73900,73900,73900,73900,73900,73900,73900,73900,73900
13303526,KINGMAX DDR4-3200 CL22,KINGMAX,DDR4,3200,CL22,8GB,8,0,0,0,0,0,34500,34500,34500,34500,34500,34500,34500,34500,34500,34500,34500,34500,34500,34500,34500,34500,34500,34500,34500,34500,34500,34500,34500
16412666,KINGMAX DDR5-4800 CL40,KINGMAX,DDR5,4800,CL40,16GB,16,0,0,0,0,0,55000,55000,55000,55000,55000,55000,55000,55000,55000,55000,59800,59800,59800,59800,59800,59800,59800,59800,59800,59800,59800,59800,59800
2595983,KINGMAX 노트북 DDR3-1600 1.35V,KINGMAX 노트북 1.35V,DDR3,1600,0,8GB,8,0,0,0,0,0,51900,51900,51900,51900,51900,51900,51900,51900,51900,51900,51900,51900,51900,51900,51900,51900,51900,51900,51900,51900,51900,51900,51900
62637338,KingBank DDR5-6400 CL32 패키지,KingBank 패키지,DDR5,6400,CL32,32GB(16GX2),32,0,0,0,0,0,149460,151050,149910,151050,151050,151050,151050,151050,151050,151050,151050,151050,151050,151050,151050,151050,151050,151050,151050,151050,151050,151050,151050
62637152,KingBank DDR5-6800 CL34 패키지,KingBank 패키지,DDR5,6800,CL34,32GB(16GX2),32,0,0,0,0,0,151340,152950,152950,152950,152950,152950,152950,152950,152950,152950,152950,152950,152950,152950,152950,152950,152950,152950,152950,152950,152950,152950,152950
63143180,KingSpec 노트북 DDR4-3200 CL17,KingSpec 노트북,DDR4,3200,CL17,16GB,16,0,0,0,0,0,41500,41500,41500,41500,41500,41500,41500,41500,41500,41500,41500,41500,41500,41500,41500,41500,41500,41500,41500,41500,41500,41500,41500
63143180,KingSpec 노트북 DDR4-3200 CL17,KingSpec 노트북,DDR4,3200,CL17,8GB,8,0,0,0,0,0,23900,23900,23900,23900,23900,23900,23900,23900,23900,23900,23900,23900,23900,23900,23900,23900,23900,23900,23900,23900,23900,23900,23900
13098071,OLOy DDR4-3200 CL16 WarHawk Black RGB 패키지 올로코리아,OLOy WarHawk Black RGB 패키지 올로코리아,DDR4,3200,CL16,16GB(8GX2),16,0,0,0,0,0,137920,137920,140520,137920,137920,137920,137920,137920,137920,137920,137920,137920,137920,133480,137920,137920,147920,147920,147920,143480,143480,143480,133480
16745570,OLOy DDR4-3600 CL14 BLADE RGB AL 패키지 올로코리아,OLOy BLADE RGB AL 패키지 올로코리아,DDR4,3600,CL14,16GB(8GX2),16,0,0,0,0,0,270910,270910,270910,270910,0,0,0,0,0,0,0,0,0,0,0,0,0,0,0,0,0,0,0
13723130,OLOy DDR4-3600 CL18 BLADE RGB Black 패키지 올로코리아,OLOy BLADE RGB Black 패키지 올로코리아,DDR4,3600,CL18,16GB(8GX2),16,0,0,0,0,0,68590,68590,68590,68590,68590,68337,68330,68330,68337,68337,68590,68590,68590,67590,68590,68000,68590,68590,68590,68590,68590,68590,66900
13723295,OLOy DDR4-3600 CL18 BLADE RGB White 패키지 올로코리아,OLOy BLADE RGB White 패키지 올로코리아,DDR4,3600,CL18,16GB(8GX2),16,0,0,0,0,0,70370,70370,70370,70370,70370,70370,70370,70370,70370,70370,70370,70370,70370,70370,70370,70370,70370,70370,70370,70370,70370,70370,70370
16072955,OLOy DDR5-5600 CL36 BLADE RGB MIRROR 패키지 올로코리아,OLOy BLADE RGB MIRROR 패키지 올로코리아,DDR5,5600,CL36,16GB(8GX2),16,0,0,0,0,0,330000,330000,330000,330000,330000,330000,330000,330000,330000,330000,330000,330000,330000,330000,330000,330000,330000,330000,330000,330000,330000,330000,330000
68692604,OLOy DDR5-6000 CL28 BLADE RGB MPOWER SILVER 패키지 올로코리아,OLOy BLADE RGB MPOWER SILVER 패키지 올로코리아,DDR5,6000,CL28,32GB(16GX2),32,0,0,0,0,0,209990,209990,209990,209990,209990,209990,209990,209990,209990,209990,209990,209990,209990,210000,210000,210000,210000,210000,210000,210000,210000,210000,209100
33368270,OLOy DDR5-6000 CL32 BLADE RGB Black 패키지,OLOy BLADE RGB Black 패키지,DDR5,6000,CL32,32GB(16GX2),32,0,0,0,0,0,209390,209390,206460,210300,210300,210300,210300,210300,210870,210870,210870,210870,210870,210870,210870,210870,210870,210870,210870,210870,210870,210870,210870
17770829,OLOy DDR5-6000 CL32 BLADE RGB MIRROR 패키지 올로코리아,OLOy BLADE RGB MIRROR 패키지 올로코리아,DDR5,6000,CL32,64GB(32GX2),64,0,0,0,0,0,376730,376730,376730,376730,376730,376730,376730,0,0,0,0,0,376730,376730,376730,376730,376730,376730,376730,376730,376730,360990,349550
17770829,OLOy DDR5-6000 CL32 BLADE RGB MIRROR 패키지 올로코리아,OLOy BLADE RGB MIRROR 패키지 올로코리아,DDR5,6000,CL32,32GB(16GX2),32,0,0,0,0,0,198990,198990,198990,198990,198990,198990,198990,0,0,0,0,0,199000,200000,200000,200000,200000,200000,200000,200000,200000,198960,196260
18252176,OLOy DDR5-6000 CL32 BLADE RGB MIRROR 패키지 올로코리아,OLOy BLADE RGB MIRROR 패키지 올로코리아,DDR5,6000,CL32,64GB(32GX2),64,0,0,0,0,0,0,0,0,0,0,0,0,376730,376730,376730,376730,376730,0,0,0,0,0,0,0,0,0,0,0
18252176,OLOy DDR5-6000 CL32 BLADE RGB MIRROR 패키지 올로코리아,OLOy BLADE RGB MIRROR 패키지 올로코리아,DDR5,6000,CL32,32GB(16GX2),32,0,0,0,0,0,0,0,0,0,0,0,0,198990,198990,200000,199000,199000,0,0,0,0,0,0,0,0,0,0,0
33368330,OLOy DDR5-6000 CL32 BLADE RGB White 패키지,OLOy BLADE RGB White 패키지,DDR5,6000,CL32,64GB(32GX2),64,0,0,0,0,0,378000,378000,378000,378000,378000,378000,378000,378000,378000,378000,378000,378000,378000,378000,378000,378000,378000,378000,378000,378000,378000,378000,378000
33368330,OLOy DDR5-6000 CL32 BLADE RGB White 패키지,OLOy BLADE RGB White 패키지,DDR5,6000,CL32,32GB(16GX2),32,0,0,0,0,0,209390,209390,206460,210300,210300,206000,205990,205990,205990,205990,205990,210660,210660,210660,210660,210660,210660,210660,210660,210660,210660,210650,210650
32494769,OLOy DDR5-6000 CL32 Lighting,OLOy Lighting,DDR5,6000,CL32,16GB,16,0,0,0,0,0,68670,68670,71090,70180,70180,70180,69430,69430,69430,69430,69430,69430,69430,67140,69430,69430,71090,71090,71090,71090,71090,71040,67140
65308367,OLOy DDR5-6000 CL52,OLOy,DDR5,6000,CL52,16GB,16,0,0,0,0,0,73440,73440,73440,73440,73440,73440,73440,73440,73440,73440,73440,73440,73440,73440,73440,73440,73440,73440,73440,73440,73440,73440,73440
17769701,OLOy DDR5-6200 CL36 BLADE RGB MIRROR 패키지 올로코리아,OLOy BLADE RGB MIRROR 패키지 올로코리아,DDR5,6200,CL36,32GB(16GX2),32,0,0,0,0,0,277500,277500,277500,277500,277500,277500,277500,277500,277500,277500,277500,277500,277500,268870,277500,277500,287500,287500,287500,287500,287500,278870,268870
33368429,OLOy DDR5-6400 CL32 BLADE RGB Black 패키지,OLOy BLADE RGB Black 패키지,DDR5,6400,CL32,64GB(32GX2),64,0,0,0,0,0,400500,400500,400500,413920,413880,413760,413640,413520,414980,414980,414980,414980,414980,414980,414980,414980,414980,414980,414980,414980,414980,414980,414980
33368429,OLOy DDR5-6400 CL32 BLADE RGB Black 패키지,OLOy BLADE RGB Black 패키지,DDR5,6400,CL32,32GB(16GX2),32,0,0,0,0,0,240810,240810,224700,224700,224700,224700,224700,224700,224700,224700,224700,224700,224700,224700,224700,224700,224700,224700,224700,224700,224700,224700,224700
19649867,OLOy DDR5-6400 CL32 BLADE RGB MIRROR 패키지 올로코리아,OLOy BLADE RGB MIRROR 패키지 올로코리아,DDR5,6400,CL32,64GB(32GX2),64,0,0,0,0,0,391190,391190,391190,391190,391190,391190,391190,0,0,0,0,0,0,0,0,394590,0,394590,0,0,0,0,0
19649867,OLOy DDR5-6400 CL32 BLADE RGB MIRROR 패키지 올로코리아,OLOy BLADE RGB MIRROR 패키지 올로코리아,DDR5,6400,CL32,32GB(16GX2),32,0,0,0,0,0,214990,214990,214990,214990,214990,214990,214990,0,0,0,0,0,0,0,0,215000,0,215000,0,0,0,0,0
50129501,OLOy DDR5-6400 CL32 BLADE RGB MIRROR 패키지 올로코리아,OLOy BLADE RGB MIRROR 패키지 올로코리아,DDR5,6400,CL32,64GB(32GX2),64,0,0,0,0,0,0,0,0,0,0,0,0,391190,394590,394590,394590,394590,394590,394590,394590,0,394590,0,394590,394590,394590,383970,376600
50129501,OLOy DDR5-6400 CL32 BLADE RGB MIRROR 패키지 올로코리아,OLOy BLADE RGB MIRROR 패키지 올로코리아,DDR5,6400,CL32,32GB(16GX2),32,0,0,0,0,0,0,0,0,0,0,0,0,214990,214990,214990,214990,214990,214990,215000,215000,0,215000,0,215000,215000,215000,215000,209100
33368492,OLOy DDR5-6400 CL32 BLADE RGB White 패키지,OLOy BLADE RGB White 패키지,DDR5,6400,CL32,64GB(32GX2),64,0,0,0,0,0,399000,399000,399000,399000,399000,399000,399000,399000,399000,399000,399000,399000,399000,399000,399000,399000,399000,399000,399000,399000,399000,399000,399000
33368492,OLOy DDR5-6400 CL32 BLADE RGB White 패키지,OLOy BLADE RGB White 패키지,DDR5,6400,CL32,32GB(16GX2),32,0,0,0,0,0,220600,220600,220600,220600,220600,220600,220600,220600,220600,220600,220600,220600,220600,220600,220600,220600,220600,220600,220600,220600,220600,220600,220600
39341669,OLOy DDR5-7000 CL36 BLADE RGB MIRROR 패키지 올로코리아,OLOy BLADE RGB MIRROR 패키지 올로코리아,DDR5,7000,CL36,48GB(24GX2),48,0,0,0,0,0,365000,365000,365000,365000,365000,365000,365000,365000,365000,365000,365000,365000,363750,353750,365000,365000,375000,375000,375000,375000,375000,363750,353750
52371644,OLOy DDR5-7600 CL36 BLADE RGB Black 패키지,OLOy BLADE RGB Black 패키지,DDR5,7600,CL36,32GB(16GX2),32,0,0,0,0,0,281440,281440,281440,281440,281440,277000,276990,276990,276990,276990,276990,280250,280250,280250,280250,280250,280250,280250,280250,280250,280250,280220,280220
52371647,OLOy DDR5-7600 CL36 BLADE RGB White 패키지,OLOy BLADE RGB White 패키지,DDR5,7600,CL36,32GB(16GX2),32,0,0,0,0,0,313240,313240,313240,313240,313240,313240,313240,313240,313240,313240,313240,313240,313240,313240,313240,313240,313240,287000,287000,287000,287000,287000,287000
30331787,OWC 노트북 DDR4-3200 CL22 해외구매,OWC 노트북 해외구매,DDR4,3200,CL22,16GB,16,0,0,0,0,0,48600,48600,48600,48600,48600,48600,48600,51100,51100,51100,51100,51100,51100,51100,51100,51100,51100,51100,51100,51100,51100,51100,51500
18452129,PATRIOT DDR3-1600 CL11 SIGNATURE,PATRIOT SIGNATURE,DDR3,1600,CL11,8GB,8,0,0,0,0,0,18990,18990,18990,0,0,0,0,18990,18990,18990,18990,18990,0,0,0,0,0,0,0,0,0,0,0
18452129,PATRIOT DDR3-1600 CL11 SIGNATURE,PATRIOT SIGNATURE,DDR3,1600,CL11,4GB,4,0,0,0,0,0,10540,10600,10560,0,0,0,0,10530,10530,10530,10530,10530,0,0,0,0,0,0,0,0,0,0,0
18452165,PATRIOT DDR3-1600 CL11 SIGNATURE,PATRIOT SIGNATURE,DDR3,1600,CL11,8GB,8,0,0,0,0,0,0,0,0,18990,18990,18990,18990,0,0,0,0,0,18990,18990,18990,18990,18990,18990,18990,18990,18990,18990,18990
18452165,PATRIOT DDR3-1600 CL11 SIGNATURE,PATRIOT SIGNATURE,DDR3,1600,CL11,4GB,4,0,0,0,0,0,0,0,0,10600,10600,10600,10530,0,0,0,0,0,10530,10530,10530,10530,10610,10600,10600,10600,10600,10600,10530
8607056,PATRIOT DDR4-2666 CL19 SIGNATURE,PATRIOT SIGNATURE,DDR4,2666,CL19,8GB,8,0,0,0,0,0,20970,20970,20970,20970,20970,20970,20970,0,0,0,0,0,0,0,0,0,0,0,0,0,0,0,0
8607056,PATRIOT DDR4-2666 CL19 SIGNATURE,PATRIOT SIGNATURE,DDR4,2666,CL19,4GB,4,0,0,0,0,0,11800,11800,11800,11800,11800,11800,11800,0,0,0,11800,11800,11800,11800,11800,11800,11800,0,0,0,11800,11800,11800
8607164,PATRIOT DDR4-2666 CL19 SIGNATURE,PATRIOT SIGNATURE,DDR4,2666,CL19,8GB,8,0,0,0,0,0,0,0,0,0,0,0,0,20970,20970,20970,0,0,0,0,0,0,0,0,0,0,0,0,0
8607164,PATRIOT DDR4-2666 CL19 SIGNATURE,PATRIOT SIGNATURE,DDR4,2666,CL19,4GB,4,0,0,0,0,0,0,0,0,0,0,0,0,11800,11800,11800,0,0,0,0,0,0,0,0,0,0,0,0,0
11445180,PATRIOT DDR4-2666 CL19 SIGNATURE,PATRIOT SIGNATURE,DDR4,2666,CL19,32GB,32,0,0,0,0,0,0,0,0,0,0,0,0,0,0,0,0,0,0,0,0,0,0,83600,83600,83600,0,0,0
11445180,PATRIOT DDR4-2666 CL19 SIGNATURE,PATRIOT SIGNATURE,DDR4,2666,CL19,4GB,4,0,0,0,0,0,0,0,0,0,0,0,0,0,0,0,0,0,0,0,0,0,0,11800,11800,11800,0,0,0
11116698,PATRIOT DDR4-3200 CL16 VIPER STEEL,PATRIOT VIPER STEEL,DDR4,3200,CL16,32GB,32,0,0,0,0,0,100000,100000,100000,100000,100000,100000,100000,100000,100000,104850,104850,104850,104850,104850,104850,113950,113950,113950,113950,113950,113950,114380,114380
11116698,PATRIOT DDR4-3200 CL16 VIPER STEEL,PATRIOT VIPER STEEL,DDR4,3200,CL16,16GB,16,0,0,0,0,0,55600,55180,55600,55600,55600,55600,55600,55600,55600,55600,55600,55600,55600,56300,59000,59000,59000,59000,59000,59000,59000,59000,59000
11116698,PATRIOT DDR4-3200 CL16 VIPER STEEL,PATRIOT VIPER STEEL,DDR4,3200,CL16,8GB,8,0,0,0,0,0,27540,27540,27540,27540,27540,35000,35000,35000,35000,35000,35000,35000,35000,35000,35000,35000,35000,35000,35000,35000,35000,35000,35000
20631710,PATRIOT DDR4-3200 CL16 VIPER STEEL 패키지,PATRIOT VIPER STEEL 패키지,DDR4,3200,CL16,16GB(8GX2),16,0,0,0,0,0,59000,0,0,0,0,0,0,0,0,0,0,0,0,0,0,0,0,0,0,0,0,0,0
20631710,PATRIOT DDR4-3200 CL16 VIPER STEEL 패키지,PATRIOT VIPER STEEL 패키지,DDR4,3200,CL16,32GB(16GX2),32,0,0,0,0,0,116120,0,0,0,0,0,0,0,0,0,0,0,0,0,0,0,0,0,0,0,0,0,0
20631710,PATRIOT DDR4-3200 CL16 VIPER STEEL 패키지,PATRIOT VIPER STEEL 패키지,DDR4,3200,CL16,64GB(32GX2),64,0,0,0,0,0,205640,0,0,0,0,0,0,0,0,0,0,0,0,0,0,0,0,0,0,0,0,0,0
20631782,PATRIOT DDR4-3200 CL16 VIPER STEEL 패키지,PATRIOT VIPER STEEL 패키지,DDR4,3200,CL16,16GB(8GX2),16,0,0,0,0,0,0,55180,59000,57330,56750,56750,56750,0,0,0,0,0,58980,57050,58800,58980,58980,58970,58960,58980,58980,58980,58980
20631782,PATRIOT DDR4-3200 CL16 VIPER STEEL 패키지,PATRIOT VIPER STEEL 패키지,DDR4,3200,CL16,32GB(16GX2),32,0,0,0,0,0,0,117000,117000,117000,117000,117000,117000,0,0,0,0,0,117200,117200,117200,117200,117200,117200,117200,117200,117200,183790,173790
20631782,PATRIOT DDR4-3200 CL16 VIPER STEEL 패키지,PATRIOT VIPER STEEL 패키지,DDR4,3200,CL16,64GB(32GX2),64,0,0,0,0,0,0,205640,205640,205640,205640,205640,205640,0,0,0,0,0,205640,205640,205640,239410,239410,239340,239220,239410,239410,239410,239410
20631608,PATRIOT DDR4-3200 CL16 VIPER STEEL 패키지,PATRIOT VIPER STEEL 패키지,DDR4,3200,CL16,16GB(8GX2),16,0,0,0,0,0,0,0,0,0,0,0,0,56750,56750,56750,56750,56750,0,0,0,0,0,0,0,0,0,0,0
20631608,PATRIOT DDR4-3200 CL16 VIPER STEEL 패키지,PATRIOT VIPER STEEL 패키지,DDR4,3200,CL16,32GB(16GX2),32,0,0,0,0,0,0,0,0,0,0,0,0,117000,117000,118170,117200,117200,0,0,0,0,0,0,0,0,0,0,0
20631608,PATRIOT DDR4-3200 CL16 VIPER STEEL 패키지,PATRIOT VIPER STEEL 패키지,DDR4,3200,CL16,64GB(32GX2),64,0,0,0,0,0,0,0,0,0,0,0,0,205640,205640,205640,205640,205640,0,0,0,0,0,0,0,0,0,0,0
11445219,PATRIOT DDR4-3200 CL22 SIGNATURE,PATRIOT SIGNATURE,DDR4,3200,CL22,32GB,32,0,0,0,0,0,122100,122100,122100,122100,122100,0,0,122100,122100,122100,122090,122090,0,0,122090,122090,0,0,0,0,0,0,0
11445219,PATRIOT DDR4-3200 CL22 SIGNATURE,PATRIOT SIGNATURE,DDR4,3200,CL22,16GB,16,0,0,0,0,0,58780,58780,58780,58710,58590,0,0,58780,58780,58780,58710,58590,0,0,58780,58780,0,0,0,0,0,0,0
11445219,PATRIOT DDR4-3200 CL22 SIGNATURE,PATRIOT SIGNATURE,DDR4,3200,CL22,8GB,8,0,0,0,0,0,28000,28000,28000,27940,27820,0,0,28000,28000,28000,27940,27820,0,0,27790,27780,0,0,0,0,0,0,0
11445204,PATRIOT DDR4-3200 CL22 SIGNATURE,PATRIOT SIGNATURE,DDR4,3200,CL22,32GB,32,0,0,0,0,0,0,0,0,0,0,122100,122100,0,0,0,0,0,122090,122090,0,0,0,0,0,0,0,0,122090
11445204,PATRIOT DDR4-3200 CL22 SIGNATURE,PATRIOT SIGNATURE,DDR4,3200,CL22,16GB,16,0,0,0,0,0,0,0,0,0,0,58780,58780,0,0,0,0,0,58780,57050,0,0,0,0,0,0,0,0,58780
11445204,PATRIOT DDR4-3200 CL22 SIGNATURE,PATRIOT SIGNATURE,DDR4,3200,CL22,8GB,8,0,0,0,0,0,0,0,0,0,0,28000,28000,0,0,0,0,0,28000,27070,0,0,0,0,0,0,0,0,26670
11445216,PATRIOT DDR4-3200 CL22 SIGNATURE,PATRIOT SIGNATURE,DDR4,3200,CL22,32GB,32,0,0,0,0,0,0,0,0,0,0,0,0,0,0,0,0,0,0,0,0,0,122090,122090,122090,122090,122090,122090,0
11445216,PATRIOT DDR4-3200 CL22 SIGNATURE,PATRIOT SIGNATURE,DDR4,3200,CL22,16GB,16,0,0,0,0,0,0,0,0,0,0,0,0,0,0,0,0,0,0,0,0,0,58780,58710,58590,58780,58780,58780,0
11445216,PATRIOT DDR4-3200 CL22 SIGNATURE,PATRIOT SIGNATURE,DDR4,3200,CL22,8GB,8,0,0,0,0,0,0,0,0,0,0,0,0,0,0,0,0,0,0,0,0,0,27770,27700,26690,26690,26690,26680,0
11116674,PATRIOT DDR4-3600 CL18 VIPER STEEL,PATRIOT VIPER STEEL,DDR4,3600,CL18,32GB,32,0,0,0,0,0,102730,102730,0,0,0,0,0,102730,121790,121790,121790,121790,0,0,0,0,0,0,0,0,121790,121790,121790
11116674,PATRIOT DDR4-3600 CL18 VIPER STEEL,PATRIOT VIPER STEEL,DDR4,3600,CL18,16GB,16,0,0,0,0,0,57720,57720,0,0,0,0,0,57720,57720,57720,57720,57720,0,0,0,0,0,0,0,0,57720,57720,57720
11116674,PATRIOT DDR4-3600 CL18 VIPER STEEL,PATRIOT VIPER STEEL,DDR4,3600,CL18,8GB,8,0,0,0,0,0,34200,34200,0,0,0,0,0,34140,34140,34140,34190,34190,0,0,0,0,0,0,0,0,34190,34190,34190
12147785,PATRIOT DDR4-3600 CL18 VIPER STEEL,PATRIOT VIPER STEEL,DDR4,3600,CL18,32GB,32,0,0,0,0,0,0,0,102730,102730,102730,102730,102730,0,0,0,0,0,121790,121790,121790,121790,121790,121790,121790,121790,0,0,0
12147785,PATRIOT DDR4-3600 CL18 VIPER STEEL,PATRIOT VIPER STEEL,DDR4,3600,CL18,16GB,16,0,0,0,0,0,0,0,57720,57720,57720,57720,57720,0,0,0,0,0,57720,57720,57720,57720,57720,57720,57720,57720,0,0,0
12147785,PATRIOT DDR4-3600 CL18 VIPER STEEL,PATRIOT VIPER STEEL,DDR4,3600,CL18,8GB,8,0,0,0,0,0,0,0,34190,34160,34100,34140,34140,0,0,0,0,0,34190,34190,34190,34190,34190,34140,34020,34190,0,0,0
20635190,PATRIOT DDR4-3600 CL18 VIPER STEEL 패키지,PATRIOT VIPER STEEL 패키지,DDR4,3600,CL18,16GB(8GX2),16,0,0,0,0,0,59300,59300,0,0,59300,59300,59300,0,0,0,0,0,59300,59300,59300,59300,59300,59300,0,59300,59300,0,0
20635190,PATRIOT DDR4-3600 CL18 VIPER STEEL 패키지,PATRIOT VIPER STEEL 패키지,DDR4,3600,CL18,32GB(16GX2),32,0,0,0,0,0,95750,95750,0,0,95750,95750,95750,0,0,0,0,0,124550,126000,126000,129000,129000,129000,0,129000,129000,0,0
20635190,PATRIOT DDR4-3600 CL18 VIPER STEEL 패키지,PATRIOT VIPER STEEL 패키지,DDR4,3600,CL18,64GB(32GX2),64,0,0,0,0,0,258250,258200,0,0,258080,258120,258120,0,0,0,0,0,258240,258240,258240,258240,258240,258230,0,258240,258240,0,0
20635229,PATRIOT DDR4-3600 CL18 VIPER STEEL 패키지,PATRIOT VIPER STEEL 패키지,DDR4,3600,CL18,16GB(8GX2),16,0,0,0,0,0,0,0,59300,59300,0,0,0,0,0,0,0,0,0,0,0,0,0,0,59300,0,0,0,59300
20635229,PATRIOT DDR4-3600 CL18 VIPER STEEL 패키지,PATRIOT VIPER STEEL 패키지,DDR4,3600,CL18,32GB(16GX2),32,0,0,0,0,0,0,0,95750,95750,0,0,0,0,0,0,0,0,0,0,0,0,0,0,129000,0,0,0,129000
20635229,PATRIOT DDR4-3600 CL18 VIPER STEEL 패키지,PATRIOT VIPER STEEL 패키지,DDR4,3600,CL18,64GB(32GX2),64,0,0,0,0,0,0,0,258190,258180,0,0,0,0,0,0,0,0,0,0,0,0,0,0,258220,0,0,0,258240
12147836,PATRIOT DDR4-3600 CL18 VIPER STEEL 패키지,PATRIOT VIPER STEEL 패키지,DDR4,3600,CL18,16GB(8GX2),16,0,0,0,0,0,0,0,0,0,0,0,0,59300,59300,59300,59300,59300,0,0,0,0,0,0,0,0,0,59300,0
12147836,PATRIOT DDR4-3600 CL18 VIPER STEEL 패키지,PATRIOT VIPER STEEL 패키지,DDR4,3600,CL18,32GB(16GX2),32,0,0,0,0,0,0,0,0,0,0,0,0,95750,95750,95750,123370,123370,0,0,0,0,0,0,0,0,0,129000,0
12147836,PATRIOT DDR4-3600 CL18 VIPER STEEL 패키지,PATRIOT VIPER STEEL 패키지,DDR4,3600,CL18,64GB(32GX2),64,0,0,0,0,0,0,0,0,0,0,0,0,258120,258120,258120,258230,258220,0,0,0,0,0,0,0,0,0,258240,0
32041928,PATRIOT DDR5-4800 CL40 SIGNATURE,PATRIOT SIGNATURE,DDR5,4800,CL40,32GB,32,0,0,0,0,0,117900,117900,117900,117900,117900,117900,117900,117900,117900,117000,117000,117000,117000,117900,117900,117900,117900,117900,117900,117900,117900,117900,117900
30341150,PATRIOT DDR5-5200 CL36 VIPER VENOM 패키지,PATRIOT VIPER VENOM 패키지,DDR5,5200,CL36,16GB(8GX2),16,0,0,0,0,0,74100,71170,74100,74000,73990,73990,73990,73990,73990,73990,73190,73190,74090,73490,74090,74090,74090,74040,73920,74090,74090,74090,74090
30350876,PATRIOT DDR5-5200 CL40 VIPER VENOM RGB 패키지,PATRIOT VIPER VENOM RGB 패키지,DDR5,5200,CL40,64GB(32GX2),64,0,0,0,0,0,258980,258970,258960,258960,258960,258960,258960,258960,258960,258960,258980,258980,258980,258980,258980,258980,258980,258980,258980,258980,258980,258980,258980
30341201,PATRIOT DDR5-5200 CL40 VIPER VENOM 패키지,PATRIOT VIPER VENOM 패키지,DDR5,5200,CL40,64GB(32GX2),64,0,0,0,0,0,240000,239990,240000,239990,239990,240000,240000,240000,240000,240000,239990,239990,240000,240000,240000,240000,240000,239990,239990,240000,240000,240000,240000
42860249,PATRIOT DDR5-5200 CL42 SIGNATURE,PATRIOT SIGNATURE,DDR5,5200,CL42,32GB,32,0,0,0,0,0,115970,112750,112740,112740,112740,112740,112740,112740,112740,112740,112780,112780,0,0,63200,115980,115980,115970,115960,115980,115980,115980,115980
42860249,PATRIOT DDR5-5200 CL42 SIGNATURE,PATRIOT SIGNATURE,DDR5,5200,CL42,16GB,16,0,0,0,0,0,61980,58030,61980,60290,59680,59680,59680,59680,59680,59680,59680,59680,0,0,61790,61980,61980,61970,61960,61980,61980,61980,61980
42860249,PATRIOT DDR5-5200 CL42 SIGNATURE,PATRIOT SIGNATURE,DDR5,5200,CL42,8GB,8,0,0,0,0,0,32600,32600,32600,32600,32600,32600,32600,32600,32600,34550,0,0,0,0,0,0,0,0,0,0,0,0,0
42860339,PATRIOT DDR5-5200 CL42 SIGNATURE,PATRIOT SIGNATURE,DDR5,5200,CL42,32GB,32,0,0,0,0,0,0,0,0,0,0,0,0,0,0,0,0,0,115980,113650,0,0,0,0,0,0,0,0,0
42860339,PATRIOT DDR5-5200 CL42 SIGNATURE,PATRIOT SIGNATURE,DDR5,5200,CL42,16GB,16,0,0,0,0,0,0,0,0,0,0,0,0,0,0,0,0,0,61980,59950,0,0,0,0,0,0,0,0,0
71501129,PATRIOT DDR5-5600 CL36 VIPER Elite 5 RGB,PATRIOT VIPER Elite 5 RGB,DDR5,5600,CL36,16GB,16,0,0,0,0,0,72980,71270,0,0,72990,0,0,0,0,0,0,0,0,72980,72980,72980,0,72980,72980,72980,72980,72980,72980
71501129,PATRIOT DDR5-5600 CL36 VIPER Elite 5 RGB,PATRIOT VIPER Elite 5 RGB,DDR5,5600,CL36,32GB,32,0,0,0,0,0,137970,136680,0,0,136560,0,0,0,0,0,0,0,0,136300,136300,136300,0,136290,136290,136300,136300,136300,136300
71501081,PATRIOT DDR5-5600 CL36 VIPER Elite 5 RGB,PATRIOT VIPER Elite 5 RGB,DDR5,5600,CL36,16GB,16,0,0,0,0,0,0,0,71260,71260,0,72990,72990,72990,72990,72990,72980,72980,72980,0,0,0,72980,0,0,0,0,0,0
71501081,PATRIOT DDR5-5600 CL36 VIPER Elite 5 RGB,PATRIOT VIPER Elite 5 RGB,DDR5,5600,CL36,32GB,32,0,0,0,0,0,0,0,136670,136660,0,136600,136600,136600,136600,136600,136300,136300,136300,0,0,0,136300,0,0,0,0,0,0
30350927,PATRIOT DDR5-5600 CL36 VIPER VENOM RGB 패키지,PATRIOT VIPER VENOM RGB 패키지,DDR5,5600,CL36,32GB(16GX2),32,0,0,0,0,0,143450,143410,143400,143400,143400,143400,143400,143400,143400,143400,143440,143440,143440,143440,143440,143440,143440,143390,143270,143440,143440,143440,143440
30341243,PATRIOT DDR5-5600 CL36 VIPER VENOM 패키지,PATRIOT VIPER VENOM 패키지,DDR5,5600,CL36,32GB(16GX2),32,0,0,0,0,0,126980,124410,124400,124400,124400,124400,124400,124400,124400,124400,124410,124410,126980,125370,126980,126980,126980,126980,126980,126980,126980,126960,126960
30499496,PATRIOT DDR5-5600 CL38 VIPER Elite 5 RGB,PATRIOT VIPER Elite 5 RGB,DDR5,5600,CL38,32GB,32,0,0,0,0,0,135980,133960,133950,133950,133950,133950,133950,0,0,0,0,0,135980,134970,135980,135980,135980,135980,135980,135980,135980,135960,135960
30499496,PATRIOT DDR5-5600 CL38 VIPER Elite 5 RGB,PATRIOT VIPER Elite 5 RGB,DDR5,5600,CL38,16GB,16,0,0,0,0,0,70110,68310,72980,70980,70250,70250,70250,0,0,0,0,0,70870,70590,70870,70870,70870,70870,70870,70870,70870,70870,70870
30499769,PATRIOT DDR5-5600 CL38 VIPER Elite 5 RGB,PATRIOT VIPER Elite 5 RGB,DDR5,5600,CL38,32GB,32,0,0,0,0,0,0,0,0,0,0,0,0,133950,133950,133950,133960,133960,0,0,0,0,0,0,0,0,0,0,0
30499769,PATRIOT DDR5-5600 CL38 VIPER Elite 5 RGB,PATRIOT VIPER Elite 5 RGB,DDR5,5600,CL38,16GB,16,0,0,0,0,0,0,0,0,0,0,0,0,70250,70250,70250,70260,70260,0,0,0,0,0,0,0,0,0,0,0
30350966,PATRIOT DDR5-5600 CL40 VIPER VENOM RGB 패키지,PATRIOT VIPER VENOM RGB 패키지,DDR5,5600,CL40,64GB(32GX2),64,0,0,0,0,0,269980,269980,269980,269980,269980,269980,269980,269980,269980,269980,269980,269980,269980,269980,269980,269980,269980,269980,269980,269980,269980,269980,269980
30341174,PATRIOT DDR5-5600 CL40 VIPER VENOM 패키지,PATRIOT VIPER VENOM 패키지,DDR5,5600,CL40,64GB(32GX2),64,0,0,0,0,0,250500,250500,250500,250500,250500,250500,250500,0,0,0,0,0,0,0,0,0,0,0,0,0,0,0,0
30341174,PATRIOT DDR5-5600 CL40 VIPER VENOM 패키지,PATRIOT VIPER VENOM 패키지,DDR5,5600,CL40,16GB(8GX2),16,0,0,0,0,0,76980,72080,76980,74960,74950,74950,74950,0,0,0,0,0,0,0,0,0,0,0,0,0,0,0,0
30341267,PATRIOT DDR5-5600 CL40 VIPER VENOM 패키지,PATRIOT VIPER VENOM 패키지,DDR5,5600,CL40,64GB(32GX2),64,0,0,0,0,0,0,0,0,0,0,0,0,250500,250500,250500,241550,241550,241550,241550,241550,241550,241550,241550,241550,241550,241550,241510,241510
30341267,PATRIOT DDR5-5600 CL40 VIPER VENOM 패키지,PATRIOT VIPER VENOM 패키지,DDR5,5600,CL40,16GB(8GX2),16,0,0,0,0,0,0,0,0,0,0,0,0,74950,74950,74950,74130,74130,76980,74460,76980,76980,76980,76970,76960,76980,76980,76980,76980
57709748,PATRIOT DDR5-5600 CL46 EVO,PATRIOT EVO,DDR5,5600,CL46,32GB,32,0,0,0,0,0,115970,112750,112740,112740,112630,112670,112670,0,0,0,0,0,115980,113650,115980,115980,115980,115970,115960,115980,115980,115980,115980
57709748,PATRIOT DDR5-5600 CL46 EVO,PATRIOT EVO,DDR5,5600,CL46,16GB,16,0,0,0,0,0,52360,52360,52360,52360,52360,52360,52360,0,0,0,0,0,53990,52970,53990,53990,53990,53990,53990,53990,53990,56000,56000
57709748,PATRIOT DDR5-5600 CL46 EVO,PATRIOT EVO,DDR5,5600,CL46,8GB,8,0,0,0,0,0,30980,30980,30980,30980,30980,30980,30980,0,0,0,0,0,30980,30040,30980,30980,30980,30980,30980,30980,30980,30980,30980
57709712,PATRIOT DDR5-5600 CL46 EVO,PATRIOT EVO,DDR5,5600,CL46,32GB,32,0,0,0,0,0,0,0,0,0,0,0,0,112670,112670,112670,112780,112780,0,0,0,0,0,0,0,0,0,0,0
57709712,PATRIOT DDR5-5600 CL46 EVO,PATRIOT EVO,DDR5,5600,CL46,16GB,16,0,0,0,0,0,0,0,0,0,0,0,0,52360,52360,52360,53990,53990,0,0,0,0,0,0,0,0,0,0,0
57709712,PATRIOT DDR5-5600 CL46 EVO,PATRIOT EVO,DDR5,5600,CL46,8GB,8,0,0,0,0,0,0,0,0,0,0,0,0,30980,30980,30980,30980,30980,0,0,0,0,0,0,0,0,0,0,0
19391135,PATRIOT DDR5-5600 CL46 SIGNATURE,PATRIOT SIGNATURE,DDR5,5600,CL46,32GB,32,0,0,0,0,0,123000,120110,120100,120100,120100,120100,120100,120100,120100,120100,122480,122470,122470,118910,122480,122480,122990,122470,122470,122470,0,0,0
19391135,PATRIOT DDR5-5600 CL46 SIGNATURE,PATRIOT SIGNATURE,DDR5,5600,CL46,16GB,16,0,0,0,0,0,65090,62710,65090,65090,64490,63840,64490,64490,64490,64490,66380,65420,65420,66990,66990,65000,65000,65000,65000,65000,0,0,0
19390859,PATRIOT DDR5-5600 CL46 SIGNATURE,PATRIOT SIGNATURE,DDR5,5600,CL46,32GB,32,0,0,0,0,0,0,0,0,0,0,0,0,0,0,0,0,0,0,0,0,0,0,0,0,0,122460,122440,118910
19390859,PATRIOT DDR5-5600 CL46 SIGNATURE,PATRIOT SIGNATURE,DDR5,5600,CL46,16GB,16,0,0,0,0,0,0,0,0,0,0,0,0,0,0,0,0,0,0,0,0,0,0,0,0,0,65000,66990,66990
75465935,PATRIOT DDR5-6000 CL30 VIPER Elite 5,PATRIOT VIPER Elite 5,DDR5,6000,CL30,16GB,16,0,0,0,0,0,65970,63230,65970,65690,65020,65020,65020,65020,65020,65020,65020,65020,66010,65270,66010,64980,66010,65960,65840,66010,66010,66010,66010
71501804,PATRIOT DDR5-6000 CL30 VIPER Elite 5 RGB,PATRIOT VIPER Elite 5 RGB,DDR5,6000,CL30,32GB,32,0,0,0,0,0,147990,147990,147990,147990,147990,147990,147990,147990,147990,147990,147990,147990,147990,147990,147990,147990,147990,147990,147990,147990,147990,147990,147990
71501804,PATRIOT DDR5-6000 CL30 VIPER Elite 5 RGB,PATRIOT VIPER Elite 5 RGB,DDR5,6000,CL30,16GB,16,0,0,0,0,0,75330,75330,75330,75330,75330,75330,75330,75330,75330,75330,75330,75330,75330,75330,75330,75330,75330,75330,75330,75330,75330,75330,75330
77785742,PATRIOT DDR5-6000 CL30 VIPER Elite 5 RGB 패키지,PATRIOT VIPER Elite 5 RGB 패키지,DDR5,6000,CL30,48GB(24GX2),48,0,0,0,0,0,227890,227890,227890,227890,227890,227890,227890,227890,227890,227890,227870,227750,227910,227910,227910,227910,227910,227910,227910,227910,227910,227910,227910
77785742,PATRIOT DDR5-6000 CL30 VIPER Elite 5 RGB 패키지,PATRIOT VIPER Elite 5 RGB 패키지,DDR5,6000,CL30,32GB(16GX2),32,0,0,0,0,0,145300,145300,145300,145300,145250,145290,145290,145290,145290,145290,145340,145340,145340,145340,145340,145340,145340,145290,145170,145340,145340,145340,145340
71501267,PATRIOT DDR5-6000 CL30 VIPER Elite 5 RGB 패키지,PATRIOT VIPER Elite 5 RGB 패키지,DDR5,6000,CL30,48GB(24GX2),48,0,0,0,0,0,0,227890,0,0,0,0,0,0,0,0,0,0,0,0,0,0,0,0,0,0,0,0,0
71501267,PATRIOT DDR5-6000 CL30 VIPER Elite 5 RGB 패키지,PATRIOT VIPER Elite 5 RGB 패키지,DDR5,6000,CL30,32GB(16GX2),32,0,0,0,0,0,0,145300,0,0,0,0,0,0,0,0,0,0,0,0,0,0,0,0,0,0,0,0,0
75466037,PATRIOT DDR5-6000 CL30 VIPER Elite 5 패키지,PATRIOT VIPER Elite 5 패키지,DDR5,6000,CL30,64GB(32GX2),64,0,0,0,0,0,269620,0,269460,269420,269400,269360,269240,269120,269410,269410,272630,272630,272630,272630,272630,0,0,0,0,0,0,0,0
75466037,PATRIOT DDR5-6000 CL30 VIPER Elite 5 패키지,PATRIOT VIPER Elite 5 패키지,DDR5,6000,CL30,32GB(16GX2),32,0,0,0,0,0,127250,0,127250,127250,127200,127240,127240,127240,127240,127240,127290,127290,127290,127290,127290,0,0,0,0,0,0,0,0
75466088,PATRIOT DDR5-6000 CL30 VIPER Elite 5 패키지,PATRIOT VIPER Elite 5 패키지,DDR5,6000,CL30,64GB(32GX2),64,0,0,0,0,0,0,269500,269460,0,0,0,0,0,0,0,0,0,0,0,0,272630,272630,272590,272470,272350,272240,272210,272170
75466088,PATRIOT DDR5-6000 CL30 VIPER Elite 5 패키지,PATRIOT VIPER Elite 5 패키지,DDR5,6000,CL30,32GB(16GX2),32,0,0,0,0,0,0,127250,127250,0,0,0,0,0,0,0,0,0,0,0,0,127290,127290,127240,127130,127290,127290,127290,127290
56144432,PATRIOT DDR5-6000 CL30 VIPER VENOM RGB 패키지,PATRIOT VIPER VENOM RGB 패키지,DDR5,6000,CL30,64GB(32GX2),64,0,0,0,0,0,288970,288970,288960,0,0,0,0,0,0,0,0,0,0,0,0,0,0,0,0,0,0,0,0
56144432,PATRIOT DDR5-6000 CL30 VIPER VENOM RGB 패키지,PATRIOT VIPER VENOM RGB 패키지,DDR5,6000,CL30,32GB(16GX2),32,0,0,0,0,0,147980,147980,147980,0,0,0,0,0,0,0,0,0,0,0,0,0,0,0,0,0,0,0,0
56144441,PATRIOT DDR5-6000 CL30 VIPER VENOM RGB 패키지,PATRIOT VIPER VENOM RGB 패키지,DDR5,6000,CL30,64GB(32GX2),64,0,0,0,0,0,0,0,0,288960,288960,288960,288960,288960,288960,288960,288980,288970,288980,288980,288980,288980,288980,288980,288970,288980,288980,288940,288940
56144441,PATRIOT DDR5-6000 CL30 VIPER VENOM RGB 패키지,PATRIOT VIPER VENOM RGB 패키지,DDR5,6000,CL30,32GB(16GX2),32,0,0,0,0,0,0,0,0,147980,147980,147980,147980,147980,147980,147980,147980,147980,147980,147620,147980,147980,147980,147980,147980,147980,147980,147940,147620
56144513,PATRIOT DDR5-6000 CL30 VIPER VENOM 패키지,PATRIOT VIPER VENOM 패키지,DDR5,6000,CL30,64GB(32GX2),64,0,0,0,0,0,270360,270360,270360,270360,270360,270360,270360,0,0,0,0,0,270360,270360,270360,277500,277500,277500,277500,277500,277500,277500,277500
56144513,PATRIOT DDR5-6000 CL30 VIPER VENOM 패키지,PATRIOT VIPER VENOM 패키지,DDR5,6000,CL30,32GB(16GX2),32,0,0,0,0,0,125390,125390,125390,125390,125390,125390,125390,0,0,0,0,0,125390,125390,125390,125390,125390,125390,125390,125390,125390,125370,125370
56144501,PATRIOT DDR5-6000 CL30 VIPER VENOM 패키지,PATRIOT VIPER VENOM 패키지,DDR5,6000,CL30,64GB(32GX2),64,0,0,0,0,0,0,0,0,0,0,0,0,270360,270360,270360,270360,270360,0,0,0,0,0,0,0,0,0,0,0
56144501,PATRIOT DDR5-6000 CL30 VIPER VENOM 패키지,PATRIOT VIPER VENOM 패키지,DDR5,6000,CL30,32GB(16GX2),32,0,0,0,0,0,0,0,0,0,0,0,0,125390,125390,125390,125390,125390,0,0,0,0,0,0,0,0,0,0,0
30350996,PATRIOT DDR5-6000 CL36 VIPER VENOM RGB 패키지,PATRIOT VIPER VENOM RGB 패키지,DDR5,6000,CL36,32GB(16GX2),32,0,0,0,0,0,147990,146580,146550,146560,146440,147990,147990,147990,147990,147990,146560,146440,147990,147990,147990,147990,147990,147920,147800,147990,147990,147990,147990
30341372,PATRIOT DDR5-6000 CL36 VIPER VENOM 패키지,PATRIOT VIPER VENOM 패키지,DDR5,6000,CL36,32GB(16GX2),32,0,0,0,0,0,128840,127590,130000,127570,127450,128840,128840,128840,128840,128840,127620,127620,128840,128570,130000,130000,130000,129930,129810,130000,130000,130000,130000
30499808,PATRIOT DDR5-6000 CL42 VIPER Elite 5 RGB,PATRIOT VIPER Elite 5 RGB,DDR5,6000,CL42,32GB,32,0,0,0,0,0,138690,138690,138690,138690,138690,138690,138690,0,0,0,0,0,138690,138690,138690,138690,138690,138690,138690,138690,138690,138690,138690
30499808,PATRIOT DDR5-6000 CL42 VIPER Elite 5 RGB,PATRIOT VIPER Elite 5 RGB,DDR5,6000,CL42,16GB,16,0,0,0,0,0,76000,71170,76000,73940,73820,76000,76000,0,0,0,0,0,76000,73490,76000,76000,76000,75930,75810,76000,76000,76000,76000
30499826,PATRIOT DDR5-6000 CL42 VIPER Elite 5 RGB,PATRIOT VIPER Elite 5 RGB,DDR5,6000,CL42,32GB,32,0,0,0,0,0,0,0,0,0,0,0,0,138690,138690,138690,138690,138690,0,0,0,0,0,0,0,0,0,0,0
30499826,PATRIOT DDR5-6000 CL42 VIPER Elite 5 RGB,PATRIOT VIPER Elite 5 RGB,DDR5,6000,CL42,16GB,16,0,0,0,0,0,0,0,0,0,0,0,0,76000,76000,76000,72080,73190,0,0,0,0,0,0,0,0,0,0,0
30500066,PATRIOT DDR5-6000 CL42 VIPER Elite 5 RGB 패키지,PATRIOT VIPER Elite 5 RGB 패키지,DDR5,6000,CL42,96GB(48GX2),96,0,0,0,0,0,433870,433870,433850,433840,433830,433830,433830,433820,433820,433820,433810,433810,433810,433810,433810,433800,433800,433800,433800,433800,433800,433770,433700
30500066,PATRIOT DDR5-6000 CL42 VIPER Elite 5 RGB 패키지,PATRIOT VIPER Elite 5 RGB 패키지,DDR5,6000,CL42,48GB(24GX2),48,0,0,0,0,0,226990,226990,226990,226990,226990,226990,226990,226990,226990,226990,226990,226990,226990,226990,226990,226990,226990,226990,226990,226990,226990,226990,226990
30351029,PATRIOT DDR5-6200 CL40 VIPER VENOM RGB 패키지,PATRIOT VIPER VENOM RGB 패키지,DDR5,6200,CL40,32GB(16GX2),32,0,0,0,0,0,149980,148810,148800,148800,148800,148800,148800,148800,148800,148800,148810,148810,149980,149890,149980,149980,149980,149980,149980,149980,149980,149980,149980
30341402,PATRIOT DDR5-6200 CL40 VIPER VENOM 패키지,PATRIOT VIPER VENOM 패키지,DDR5,6200,CL40,32GB(16GX2),32,0,0,0,0,0,133000,132960,132950,132940,132840,132880,132880,132880,132880,132880,132990,132990,132990,132990,132990,132990,132990,132940,132820,132990,132990,132990,132990
30500108,PATRIOT DDR5-6200 CL42 VIPER Elite 5 RGB 패키지,PATRIOT VIPER Elite 5 RGB 패키지,DDR5,6200,CL42,64GB(32GX2),64,0,0,0,0,0,285000,285000,285000,285000,285000,285000,285000,0,0,0,0,0,285000,285000,285000,285000,285000,285000,285000,285000,285000,285000,285000
30500108,PATRIOT DDR5-6200 CL42 VIPER Elite 5 RGB 패키지,PATRIOT VIPER Elite 5 RGB 패키지,DDR5,6200,CL42,32GB(16GX2),32,0,0,0,0,0,148990,148810,148800,148800,148800,148800,148800,0,0,0,0,0,148990,148990,148990,148990,148990,148990,148990,148990,148990,148990,148990
30500144,PATRIOT DDR5-6200 CL42 VIPER Elite 5 RGB 패키지,PATRIOT VIPER Elite 5 RGB 패키지,DDR5,6200,CL42,64GB(32GX2),64,0,0,0,0,0,0,0,0,0,0,0,0,285000,285000,285000,285000,285000,0,0,0,0,0,0,0,0,0,0,0
30500144,PATRIOT DDR5-6200 CL42 VIPER Elite 5 RGB 패키지,PATRIOT VIPER Elite 5 RGB 패키지,DDR5,6200,CL42,32GB(16GX2),32,0,0,0,0,0,0,0,0,0,0,0,0,148800,148800,148800,148810,148810,0,0,0,0,0,0,0,0,0,0,0
75466202,PATRIOT DDR5-6400 CL32 VIPER Elite 5 패키지,PATRIOT VIPER Elite 5 패키지,DDR5,6400,CL32,64GB(32GX2),64,0,0,0,0,0,299720,299720,299720,299720,299720,299720,299720,299720,299720,299720,299720,299720,299720,332480,332480,285000,285000,290000,290000,290000,290000,290000,290000
75466202,PATRIOT DDR5-6400 CL32 VIPER Elite 5 패키지,PATRIOT VIPER Elite 5 패키지,DDR5,6400,CL32,32GB(16GX2),32,0,0,0,0,0,142500,142500,142500,142500,142500,142500,142500,142500,142500,142500,142500,142500,142500,142500,142500,142500,142500,145990,145990,145990,145990,145990,145990
30351056,PATRIOT DDR5-6400 CL32 VIPER VENOM RGB 패키지,PATRIOT VIPER VENOM RGB 패키지,DDR5,6400,CL32,32GB(16GX2),32,0,0,0,0,0,155480,155470,155460,155430,155350,155390,155390,155390,155390,155390,155480,155470,155480,155480,155480,155480,155480,155480,155470,155480,155480,155480,155480
30341426,PATRIOT DDR5-6400 CL32 VIPER VENOM 패키지,PATRIOT VIPER VENOM 패키지,DDR5,6400,CL32,64GB(32GX2),64,0,0,0,0,0,290000,289950,290000,289930,289810,290000,290000,0,0,0,0,0,290000,290000,290000,290000,290000,289930,289810,0,0,0,0
30341426,PATRIOT DDR5-6400 CL32 VIPER VENOM 패키지,PATRIOT VIPER VENOM 패키지,DDR5,6400,CL32,32GB(16GX2),32,0,0,0,0,0,145970,144510,144500,144490,144390,144430,144430,0,0,0,0,0,145980,145620,145980,145980,145980,145970,145960,0,0,0,0
30341450,PATRIOT DDR5-6400 CL32 VIPER VENOM 패키지,PATRIOT VIPER VENOM 패키지,DDR5,6400,CL32,64GB(32GX2),64,0,0,0,0,0,0,0,0,0,0,0,0,290000,290000,290000,289930,289810,0,0,0,0,0,0,0,290000,290000,290000,290000
30341450,PATRIOT DDR5-6400 CL32 VIPER VENOM 패키지,PATRIOT VIPER VENOM 패키지,DDR5,6400,CL32,32GB(16GX2),32,0,0,0,0,0,0,0,0,0,0,0,0,144430,144430,144430,144490,144370,0,0,0,0,0,0,0,145980,145980,145980,145980
93501587,PATRIOT DDR5-6400 CL52 SIGNATURE CUDIMM,PATRIOT SIGNATURE CUDIMM,DDR5,6400,CL52,32GB,32,0,0,0,0,0,150000,150000,150000,150000,150000,150000,150000,150000,150000,150000,148750,148630,150000,149890,150000,150000,150000,149930,149810,150000,150000,150000,150000
93501587,PATRIOT DDR5-6400 CL52 SIGNATURE CUDIMM,PATRIOT SIGNATURE CUDIMM,DDR5,6400,CL52,16GB,16,0,0,0,0,0,75000,75000,75000,75000,75000,75000,75000,75000,75000,75000,72250,72250,75000,72520,75000,75000,75000,74930,74810,75000,75000,75000,75000
93501548,PATRIOT DDR5-6400 CL52 SIGNATURE CUDIMM,PATRIOT SIGNATURE CUDIMM,DDR5,6400,CL52,32GB,32,0,0,0,0,0,0,0,150000,150000,0,0,0,0,0,0,0,0,0,0,0,0,0,0,0,0,0,0,150000
93501548,PATRIOT DDR5-6400 CL52 SIGNATURE CUDIMM,PATRIOT SIGNATURE CUDIMM,DDR5,6400,CL52,16GB,16,0,0,0,0,0,0,0,75000,75000,0,0,0,0,0,0,0,0,0,0,0,0,0,0,0,0,0,0,75000
30351077,PATRIOT DDR5-6600 CL34 VIPER VENOM RGB 패키지,PATRIOT VIPER VENOM RGB 패키지,DDR5,6600,CL34,32GB(16GX2),32,0,0,0,0,0,161980,161470,161460,161460,161460,161460,161460,161460,161460,161460,161470,161470,161980,161980,161980,161980,161980,161980,161980,161980,161980,161980,161980
30341480,PATRIOT DDR5-6600 CL34 VIPER VENOM 패키지,PATRIOT VIPER VENOM 패키지,DDR5,6600,CL34,32GB(16GX2),32,0,0,0,0,0,146980,145590,145580,145580,145580,145580,145580,145580,145580,145580,145590,145590,146980,146690,146980,146980,146980,146980,146980,146980,146980,146980,146980
30612317,PATRIOT DDR5-6600 CL36 VIPER Elite 5 RGB 패키지,PATRIOT VIPER Elite 5 RGB 패키지,DDR5,6600,CL36,32GB(16GX2),32,0,0,0,0,0,156640,156640,158640,158640,158640,158640,158640,158640,158640,158640,158640,158640,158640,158640,158640,158640,158640,158640,158640,158640,158640,158640,158640
30351110,PATRIOT DDR5-6800 CL34 VIPER VENOM RGB 패키지,PATRIOT VIPER VENOM RGB 패키지,DDR5,6800,CL34,32GB(16GX2),32,0,0,0,0,0,165980,165720,165710,165710,165710,165710,165710,165710,165710,165710,165720,165720,165980,165980,165980,165980,165980,165980,165980,165980,165980,165980,165980
30341495,PATRIOT DDR5-6800 CL34 VIPER VENOM 패키지,PATRIOT VIPER VENOM 패키지,DDR5,6800,CL34,32GB(16GX2),32,0,0,0,0,0,146990,146980,146970,146970,146970,146970,146970,146970,146970,146970,146990,146990,146990,146990,146990,146990,146990,146930,146810,146990,146990,146990,146990
71501885,PATRIOT DDR5-7000 CL32 VIPER Elite 5 RGB 패키지,PATRIOT VIPER Elite 5 RGB 패키지,DDR5,7000,CL32,32GB(16GX2),32,0,0,0,0,0,187960,187960,187950,187950,187950,187950,187950,187950,187950,187950,187980,187970,187980,187980,187980,187980,187980,187980,187980,187980,187980,187980,187980
30351131,PATRIOT DDR5-7000 CL32 VIPER VENOM RGB 패키지,PATRIOT VIPER VENOM RGB 패키지,DDR5,7000,CL32,32GB(16GX2),32,0,0,0,0,0,184980,184970,184960,184960,184960,184960,184960,184960,184960,184960,184980,184980,184980,184980,184980,184980,184980,184980,184980,184980,184980,184980,182930
30341504,PATRIOT DDR5-7000 CL32 VIPER VENOM 패키지,PATRIOT VIPER VENOM 패키지,DDR5,7000,CL32,32GB(16GX2),32,0,0,0,0,0,164980,164690,164680,164680,164680,164680,164680,164680,164680,164680,164690,164690,164980,164980,164980,164980,164980,164980,164980,164980,164980,164980,164980
30500216,PATRIOT DDR5-7000 CL38 VIPER Elite 5 RGB 패키지,PATRIOT VIPER Elite 5 RGB 패키지,DDR5,7000,CL38,32GB(16GX2),32,0,0,0,0,0,184980,184980,184980,184980,184980,184980,184980,184980,184980,184980,184980,184980,184980,184980,184980,184980,184980,184980,184980,184980,184980,184980,184980
30351218,PATRIOT DDR5-7200 CL34 VIPER VENOM RGB 패키지,PATRIOT VIPER VENOM RGB 패키지,DDR5,7200,CL34,32GB(16GX2),32,0,0,0,0,0,186980,186980,186980,186980,186980,186980,186980,186980,186980,186980,186980,186980,186980,186980,186980,186980,186980,186980,186980,186980,186980,186980,186980
30341510,PATRIOT DDR5-7200 CL34 VIPER VENOM 패키지,PATRIOT VIPER VENOM 패키지,DDR5,7200,CL34,32GB(16GX2),32,0,0,0,0,0,169980,169980,169970,169970,169970,169970,169970,169970,169970,169970,169980,169980,169980,169980,169980,169980,169980,169980,169980,169980,169980,169980,169980
30351236,PATRIOT DDR5-7400 CL36 VIPER VENOM RGB 패키지,PATRIOT VIPER VENOM RGB 패키지,DDR5,7400,CL36,32GB(16GX2),32,0,0,0,0,0,194980,194980,194980,194980,194980,194980,194980,194980,194980,194980,194980,194980,194980,194980,194980,191580,194980,194980,194980,194980,194980,194980,194980
30341525,PATRIOT DDR5-7400 CL36 VIPER VENOM 패키지,PATRIOT VIPER VENOM 패키지,DDR5,7400,CL36,32GB(16GX2),32,0,0,0,0,0,171980,171970,171960,171930,171850,171890,171890,171890,171890,171890,171980,171970,171980,171980,171980,171980,171980,171980,171970,171980,171980,171980,171980
18419801,PATRIOT 노트북 DDR3-1600 CL11,PATRIOT 노트북,DDR3,1600,CL11,8GB,8,0,0,0,0,0,16110,16110,16990,16460,16460,16460,16280,0,0,0,0,0,0,15740,16280,16280,16990,16990,16990,16990,16990,16990,15740
18419801,PATRIOT 노트북 DDR3-1600 CL11,PATRIOT 노트북,DDR3,1600,CL11,4GB,4,0,0,0,0,0,10860,10820,10820,10650,10650,10650,10530,0,0,0,0,0,0,10530,10530,10530,10880,10760,10760,10760,10760,10760,10530
18419798,PATRIOT 노트북 DDR3-1600 CL11,PATRIOT 노트북,DDR3,1600,CL11,8GB,8,0,0,0,0,0,0,0,0,0,0,0,0,16280,16280,16280,16280,16280,16280,0,0,0,0,0,0,0,0,0,0
18419798,PATRIOT 노트북 DDR3-1600 CL11,PATRIOT 노트북,DDR3,1600,CL11,4GB,4,0,0,0,0,0,0,0,0,0,0,0,0,10530,10530,10530,10530,10530,10530,0,0,0,0,0,0,0,0,0,0
27609935,PATRIOT 노트북 DDR4-2666 CL19 SIGNATURE,PATRIOT 노트북 SIGNATURE,DDR4,2666,CL19,32GB,32,0,0,0,0,0,85510,85510,0,0,0,0,0,0,0,0,0,0,0,0,0,0,0,0,0,0,0,0,0
27609935,PATRIOT 노트북 DDR4-2666 CL19 SIGNATURE,PATRIOT 노트북 SIGNATURE,DDR4,2666,CL19,16GB,16,0,0,0,0,0,40040,40040,0,0,0,0,0,0,0,0,0,0,0,0,0,0,0,0,0,0,0,0,0
27609935,PATRIOT 노트북 DDR4-2666 CL19 SIGNATURE,PATRIOT 노트북 SIGNATURE,DDR4,2666,CL19,8GB,8,0,0,0,0,0,67270,67270,0,0,0,0,0,0,0,0,0,0,0,0,0,0,0,0,0,0,0,0,0
27609935,PATRIOT 노트북 DDR4-2666 CL19 SIGNATURE,PATRIOT 노트북 SIGNATURE,DDR4,2666,CL19,4GB,4,0,0,0,0,0,14900,14900,0,0,0,0,0,0,0,0,0,0,0,0,0,0,0,0,0,0,0,0,0
8160415,PATRIOT 노트북 DDR4-2666 CL19 SIGNATURE,PATRIOT 노트북 SIGNATURE,DDR4,2666,CL19,8GB,8,0,0,0,0,0,0,0,67270,67270,67270,67270,67270,67270,67270,67270,0,0,0,0,0,0,0,0,0,0,0,0,0
11445393,PATRIOT 노트북 DDR4-3200 CL22 SIGNATURE,PATRIOT 노트북 SIGNATURE,DDR4,3200,CL22,32GB,32,0,0,0,0,0,74000,74000,0,0,0,0,0,0,0,0,0,0,0,0,0,0,0,0,0,0,0,0,0
11445393,PATRIOT 노트북 DDR4-3200 CL22 SIGNATURE,PATRIOT 노트북 SIGNATURE,DDR4,3200,CL22,16GB,16,0,0,0,0,0,64710,62140,64710,64630,64510,64710,64710,0,0,0,0,63980,64710,64300,64710,64710,64710,64710,64710,64710,64710,64710,64710
11445393,PATRIOT 노트북 DDR4-3200 CL22 SIGNATURE,PATRIOT 노트북 SIGNATURE,DDR4,3200,CL22,8GB,8,0,0,0,0,0,30950,30950,30950,30950,30950,30950,30950,0,0,0,0,30950,30950,30950,30950,30950,30950,30950,30950,30950,30950,30950,30950
11445399,PATRIOT 노트북 DDR4-3200 CL22 SIGNATURE,PATRIOT 노트북 SIGNATURE,DDR4,3200,CL22,32GB,32,0,0,0,0,0,0,0,0,0,0,0,0,135000,135000,135000,135000,0,0,0,0,0,0,0,0,0,0,0,0
11445399,PATRIOT 노트북 DDR4-3200 CL22 SIGNATURE,PATRIOT 노트북 SIGNATURE,DDR4,3200,CL22,16GB,16,0,0,0,0,0,0,0,0,0,0,0,0,64710,64710,64710,63980,0,0,0,0,0,0,0,0,0,0,0,0
11445399,PATRIOT 노트북 DDR4-3200 CL22 SIGNATURE,PATRIOT 노트북 SIGNATURE,DDR4,3200,CL22,8GB,8,0,0,0,0,0,0,0,0,0,0,0,0,30950,30950,30950,30950,0,0,0,0,0,0,0,0,0,0,0,0
71425031,PATRIOT 노트북 DDR5-5600 CL46 SIGNATURE,PATRIOT 노트북 SIGNATURE,DDR5,5600,CL46,32GB,32,0,0,0,0,0,119680,119630,119620,119620,119620,119620,119620,119620,119620,119620,120130,120130,120130,117560,0,0,0,0,0,0,119740,119730,117570
71425031,PATRIOT 노트북 DDR5-5600 CL46 SIGNATURE,PATRIOT 노트북 SIGNATURE,DDR5,5600,CL46,16GB,16,0,0,0,0,0,61980,58030,61980,60290,59680,59680,64980,64980,64980,64980,62610,62610,64980,62850,0,0,0,0,0,0,64980,64980,64980
71425031,PATRIOT 노트북 DDR5-5600 CL46 SIGNATURE,PATRIOT 노트북 SIGNATURE,DDR5,5600,CL46,8GB,8,0,0,0,0,0,34970,34020,34010,34010,33900,33940,33940,33940,33940,33940,34050,34050,34980,34310,0,0,0,0,0,0,34980,34940,34940
70677074,PATRIOT 노트북 DDR5-5600 CL46 SIGNATURE,PATRIOT 노트북 SIGNATURE,DDR5,5600,CL46,32GB,32,0,0,0,0,0,0,0,0,0,0,0,0,0,0,0,0,0,0,0,120130,120130,120130,120090,119970,119850,0,0,0
70677074,PATRIOT 노트북 DDR5-5600 CL46 SIGNATURE,PATRIOT 노트북 SIGNATURE,DDR5,5600,CL46,16GB,16,0,0,0,0,0,0,0,0,0,0,0,0,0,0,0,0,0,0,0,64780,62610,64980,64980,64970,64980,0,0,0
70677074,PATRIOT 노트북 DDR5-5600 CL46 SIGNATURE,PATRIOT 노트북 SIGNATURE,DDR5,5600,CL46,8GB,8,0,0,0,0,0,0,0,0,0,0,0,0,0,0,0,0,0,0,0,34980,34000,34980,34980,34970,34980,0,0,0
92510588,PATRIOT 노트북 DDR5-6400 CL52 SIGNATURE,PATRIOT 노트북 SIGNATURE,DDR5,6400,CL52,32GB,32,0,0,0,0,0,146140,146140,146140,146140,146140,146140,146140,146140,146140,146140,146140,146140,146140,144250,146140,146140,146140,146140,146140,146140,146140,146140,143980
92510588,PATRIOT 노트북 DDR5-6400 CL52 SIGNATURE,PATRIOT 노트북 SIGNATURE,DDR5,6400,CL52,16GB,16,0,0,0,0,0,74020,87360,87360,87360,87360,87360,87360,87360,87360,87360,87360,87360,87360,87360,87360,87360,87360,87360,87360,87360,87360,87360,87360
92512613,PATRIOT 노트북 DDR5-6400 CL52 SIGNATURE,PATRIOT 노트북 SIGNATURE,DDR5,6400,CL52,32GB,32,0,0,0,0,0,146140,146140,146140,146140,146140,146140,146140,146140,146140,146140,146140,146140,146140,144250,146140,146140,146140,146140,146140,146140,146140,146140,143980
92512613,PATRIOT 노트북 DDR5-6400 CL52 SIGNATURE,PATRIOT 노트북 SIGNATURE,DDR5,6400,CL52,16GB,16,0,0,0,0,0,74020,87360,87360,87360,87360,87360,87360,87360,87360,87360,87360,87360,87360,87360,87360,87360,87360,87360,87360,87360,87360,87360,87360
13472621,PNY DDR4-2666 CL19,PNY,DDR4,2666,CL19,8GB,8,0,0,0,0,0,33560,33560,33560,33560,33560,33560,33560,33560,33560,33560,33560,33560,33560,33560,0,0,0,0,0,0,0,0,0
80164502,PNY DDR5-5600 CL40 Performance STCOM,PNY Performance STCOM,DDR5,5600,CL40,16GB,16,0,0,0,0,0,65990,65990,66000,66000,66000,65166,65166,65166,65166,65166,66000,66000,66000,63820,65780,66000,66000,66000,66000,66000,66000,66000,66000
12716882,PNY XLR8 DDR4-3600 Gaming EPIC-X RGB 화이트 패키지,PNY XLR8 Gaming EPIC-X RGB 화이트 패키지,DDR4,3600,0,16GB(8GX2),16,0,0,0,0,0,58410,58410,59890,59700,59700,59700,59050,59050,59050,59050,59050,59050,59050,57100,59050,59050,59900,59890,59890,59890,59890,59890,57100
15152999,PNY XLR8 DDR4-3600 Gaming 화이트 패키지,PNY XLR8 Gaming 화이트 패키지,DDR4,3600,0,16GB(8GX2),16,0,0,0,0,0,76860,76860,76860,76860,76860,76860,76860,76860,76860,76860,76860,76860,76860,76860,76860,76860,76860,76860,76860,76860,76860,76860,76860
78307850,PNY XLR8 DDR5-6000 CL36 Heatsink 패키지,PNY XLR8 Heatsink 패키지,DDR5,6000,CL36,32GB(16GX2),32,0,0,0,0,0,129310,129310,129300,129300,129300,129300,129300,129300,129300,131240,131240,131240,131240,129630,131240,131240,131240,131240,131240,131240,131240,131240,129630
16344323,PNY XLR8 DDR5-6000 CL36 MAKO,PNY XLR8 MAKO,DDR5,6000,CL36,16GB,16,0,0,0,0,0,72000,72000,72000,72000,72000,72000,72000,72000,72000,72000,72000,72000,72000,72000,72000,72000,72000,72000,72000,72000,72000,72000,72000
16839320,PNY XLR8 DDR5-6000 CL38 MAKO RGB 패키지 제이씨현,PNY XLR8 MAKO RGB 패키지 제이씨현,DDR5,6000,CL38,32GB(16GX2),32,0,0,0,0,0,155000,155000,155000,155000,155000,155000,155000,155000,155000,155000,155000,155000,155000,155000,155000,155000,155000,155000,155000,155000,155000,155000,155000
16344395,PNY XLR8 DDR5-6200 CL42 MAKO,PNY XLR8 MAKO,DDR5,6200,CL42,16GB,16,0,0,0,0,0,80910,80910,83700,83700,83700,83700,83700,83700,83700,83700,83700,83700,83700,81840,83700,83700,83700,83700,83700,83700,83700,83700,81840
78307799,PNY XLR8 DDR5-6400 CL32 Heatsink 패키지,PNY XLR8 Heatsink 패키지,DDR5,6400,CL32,64GB(32GX2),64,0,0,0,0,0,330000,330000,330000,330000,330000,330000,330000,330000,330000,330000,330000,330000,330000,330000,330000,330000,330000,330000,330000,330000,330000,330000,330000
5800064,SK하이닉스 DDR2-667 중고,SK하이닉스 DDR2-667 중고,0,0,0,2GB,2,0,0,0,0,0,9800,9800,9800,9800,9800,9800,9800,9800,9800,9800,9800,9800,9800,9800,9800,9800,9800,9800,9800,9800,9800,9800,9800
17241983,SK하이닉스 DDR2-800 중고,SK하이닉스 DDR2-800 중고,0,0,0,2GB,2,0,0,0,0,0,30310,30310,30310,30310,30310,30310,30310,30310,30310,30310,30310,30310,30310,30310,30310,30310,30310,30310,30310,30310,30310,30310,30310
17241983,SK하이닉스 DDR2-800 중고,SK하이닉스 DDR2-800 중고,0,0,0,4GB,4,0,0,0,0,0,76430,76430,80680,78130,78130,78130,77280,77280,77280,77280,77280,77280,77280,74730,77280,77280,84930,84930,84930,84930,84930,82380,74730
5728455,SK하이닉스 DDR3-1333 중고,SK하이닉스 중고,DDR3,1333,0,4GB,4,0,0,0,0,0,3390,3390,3390,3390,3390,3390,3390,3390,3390,3390,3390,3390,3390,3390,3390,3390,3390,3390,3390,3390,3390,3390,3390
5947795,SK하이닉스 DDR3-1600,SK하이닉스,DDR3,1600,0,2GB,2,0,0,0,0,0,18000,18000,18000,18000,18000,18000,18000,18000,18000,18000,18000,18000,18000,18000,18000,18000,18000,18000,18000,18000,18000,18000,18000
5547988,SK하이닉스 DDR3-1600 중고,SK하이닉스 중고,DDR3,1600,0,8GB,8,0,0,0,0,0,10500,10500,11380,10500,10500,10500,10500,10500,10500,10500,10500,10500,10500,10500,10500,0,10500,10500,10500,10500,10500,10500,10500
5547988,SK하이닉스 DDR3-1600 중고,SK하이닉스 중고,DDR3,1600,0,4GB,4,0,0,0,0,0,3790,3790,3790,3790,3790,3790,3790,3790,3790,3790,3790,3790,3790,3790,3790,0,3790,3790,3790,3790,3790,3790,3790
5547675,SK하이닉스 DDR3-1600 중고,SK하이닉스 중고,DDR3,1600,0,8GB,8,0,0,0,0,0,0,0,0,0,0,0,0,0,0,0,0,0,0,0,0,10500,0,0,0,0,0,0,0
5547675,SK하이닉스 DDR3-1600 중고,SK하이닉스 중고,DDR3,1600,0,4GB,4,0,0,0,0,0,0,0,0,0,0,0,0,0,0,0,0,0,0,0,0,3790,0,0,0,0,0,0,0
4340385,SK하이닉스 DDR4-2133,SK하이닉스,DDR4,2133,0,4GB,4,0,0,0,0,0,32000,32000,32000,32000,32000,32000,32000,32000,32000,32000,32000,32000,32000,32000,32000,32000,32000,32000,32000,32000,32000,32000,32000
18782606,SK하이닉스 DDR4-2133 ECC/REG 중고,SK하이닉스 ECC/REG 중고,DDR4,2133,0,16GB,16,0,0,0,0,0,36800,36800,37810,36800,36800,36800,36800,36800,36800,36800,36800,36800,36800,35600,36800,36800,39800,39800,39800,39800,39800,39800,36800
19266941,SK하이닉스 DDR4-2133 중고,SK하이닉스 중고,DDR4,2133,0,4GB,4,0,0,0,0,0,5000,5000,5000,5000,5000,5000,5000,5000,5000,5000,5000,5000,5000,5000,5000,5000,5000,5000,5000,5000,5000,5000,5000
5718625,SK하이닉스 DDR4-2400,SK하이닉스,DDR4,2400,0,4GB,4,0,0,0,0,0,13090,13090,13090,13090,13090,13090,13090,13090,13090,13090,13090,13090,13090,13090,13090,13090,13090,13090,13090,13090,13090,13090,13090
19266986,SK하이닉스 DDR4-2400 중고,SK하이닉스 중고,DDR4,2400,0,4GB,4,0,0,0,0,0,5500,5500,5500,5500,5500,5500,5500,5500,5500,5500,5500,5500,5500,5500,5500,5500,5500,5500,5500,5500,5500,5500,5500
10376565,SK하이닉스 DDR4-2666 중고,SK하이닉스 중고,DDR4,2666,0,16GB,16,0,0,0,0,0,44440,44500,45120,44500,44500,44500,44500,44500,44500,44500,44500,44500,44500,43070,44500,44500,47490,47490,47490,47490,47490,46070,43070
10376565,SK하이닉스 DDR4-2666 중고,SK하이닉스 중고,DDR4,2666,0,8GB,8,0,0,0,0,0,15200,15200,15200,15370,15370,15370,15360,15360,15360,15360,15360,15360,15360,14860,15360,15360,15710,15600,15480,15370,15370,15280,14860
15577976,SK하이닉스 DDR4-3200 중고,SK하이닉스 중고,DDR4,3200,0,16GB,16,0,0,0,0,0,45000,45000,0,0,0,0,45500,72690,72690,72690,72690,72690,72690,70300,72690,72690,73500,75150,73480,73480,73460,75070,70300
15577976,SK하이닉스 DDR4-3200 중고,SK하이닉스 중고,DDR4,3200,0,8GB,8,0,0,0,0,0,18500,18500,0,0,0,0,18500,18500,18500,18500,24460,17200,24470,23660,24460,20820,21980,20780,20780,20780,20780,20770,20140
15577976,SK하이닉스 DDR4-3200 중고,SK하이닉스 중고,DDR4,3200,0,4GB,4,0,0,0,0,0,8500,8500,0,0,0,0,8500,8500,8500,8500,8500,8500,8500,8500,8500,8500,8000,8000,8000,8000,8000,8000,8000
17030762,SK하이닉스 DDR4-3200 중고,SK하이닉스 중고,DDR4,3200,0,16GB,16,0,0,0,0,0,0,0,47500,46000,46000,46000,0,0,0,0,0,0,0,0,0,0,0,0,0,0,0,0,0
17030762,SK하이닉스 DDR4-3200 중고,SK하이닉스 중고,DDR4,3200,0,8GB,8,0,0,0,0,0,0,0,18500,18500,18500,18500,0,0,0,0,0,0,0,0,0,0,0,0,0,0,0,0,0
17030762,SK하이닉스 DDR4-3200 중고,SK하이닉스 중고,DDR4,3200,0,4GB,4,0,0,0,0,0,0,0,8500,8500,8500,8500,0,0,0,0,0,0,0,0,0,0,0,0,0,0,0,0,0
16507634,SK하이닉스 DDR5-4800,SK하이닉스,DDR5,4800,0,32GB,32,0,0,0,0,0,184500,184500,184770,184500,184500,184500,184500,180890,184500,0,0,0,0,0,0,0,0,0,0,0,0,0,0
16507634,SK하이닉스 DDR5-4800,SK하이닉스,DDR5,4800,0,16GB,16,0,0,0,0,0,81980,81980,81990,83030,83030,83030,83030,83030,83030,83030,83030,83030,83030,80690,83030,82530,82520,82520,82520,82520,82520,82440,81120
16507634,SK하이닉스 DDR5-4800,SK하이닉스,DDR5,4800,0,8GB,8,0,0,0,0,0,0,0,0,0,30000,30000,30000,30000,30000,30000,30000,30000,30000,30000,30000,30000,30000,30000,30000,30000,30000,30000,30000
18883523,SK하이닉스 DDR5-5600,SK하이닉스,DDR5,5600,0,48GB,48,0,0,0,0,0,249990,249920,249910,249910,249910,249910,249900,249860,249830,249830,249830,249830,249830,249830,249910,249910,249910,249900,249900,249900,249900,249900,247670
18883523,SK하이닉스 DDR5-5600,SK하이닉스,DDR5,5600,0,32GB,32,0,0,0,0,0,171250,171250,171240,171240,171240,171240,171240,171240,171130,170890,170880,170880,170880,169610,170880,170880,170880,170880,170880,170880,170880,170880,170300
18883523,SK하이닉스 DDR5-5600,SK하이닉스,DDR5,5600,0,16GB,16,0,0,0,0,0,83950,83950,83910,85640,85640,85640,84840,84840,84830,84530,84530,84530,84530,81750,84530,84530,85760,85760,85760,85760,85760,85760,82340
18883523,SK하이닉스 DDR5-5600,SK하이닉스,DDR5,5600,0,12GB,12,0,0,0,0,0,43530,43090,43080,43080,43080,42860,43080,43080,43080,43080,43080,43080,43080,42990,42970,42970,42970,42350,42350,42350,42350,42350,42350
18883523,SK하이닉스 DDR5-5600,SK하이닉스,DDR5,5600,0,8GB,8,0,0,0,0,0,51500,51500,42200,42200,42200,42200,42200,42200,42200,42200,42200,42200,42200,42200,42200,42200,42200,42200,42200,42200,42200,42200,42200
18512915,SK하이닉스 DDR5-5600,SK하이닉스,DDR5,5600,0,48GB,48,0,0,0,0,0,0,0,0,0,0,0,0,0,0,0,0,0,0,0,0,0,0,0,0,0,0,249900,0
18512915,SK하이닉스 DDR5-5600,SK하이닉스,DDR5,5600,0,32GB,32,0,0,0,0,0,0,0,0,0,0,0,0,0,0,0,0,0,0,0,0,0,0,0,0,0,0,170880,0
18512915,SK하이닉스 DDR5-5600,SK하이닉스,DDR5,5600,0,16GB,16,0,0,0,0,0,0,0,0,0,0,0,0,0,0,0,0,0,0,0,0,0,0,0,0,0,0,85760,0
18512915,SK하이닉스 DDR5-5600,SK하이닉스,DDR5,5600,0,12GB,12,0,0,0,0,0,0,0,0,0,0,0,0,0,0,0,0,0,0,0,0,0,0,0,0,0,0,42350,0
18512915,SK하이닉스 DDR5-5600,SK하이닉스,DDR5,5600,0,8GB,8,0,0,0,0,0,0,0,0,0,0,0,0,0,0,0,0,0,0,0,0,0,0,0,0,0,0,42200,0
18698351,SK하이닉스 DDR5-5600 병행수입,SK하이닉스 병행수입,DDR5,5600,0,16GB,16,0,0,0,0,0,90110,89680,89680,0,0,86686,86680,86680,86680,86680,86680,89690,89690,89690,89690,89690,89690,89690,90410,90410,90410,90380,90340
68686664,SK하이닉스 DDR5-5600 중고,SK하이닉스 중고,DDR5,5600,0,8GB,8,0,0,0,0,0,32000,31990,31990,32190,32190,32190,31990,31990,31990,31990,31990,31990,31990,30950,31990,31990,34990,34990,34990,34990,34990,33950,30950
1001342,SK하이닉스 노트북 DDR2-667 병행수입,SK하이닉스 노트북 DDR2-667 병행수입,0,0,0,2GB,2,0,0,0,0,0,15900,15900,15900,15900,15900,15900,15900,15900,15900,15900,15900,15900,15900,15900,15900,15900,15900,15900,15900,15900,15900,15900,15900
929549,SK하이닉스 노트북 DDR2-800 병행수입,SK하이닉스 노트북 DDR2-800 병행수입,0,0,0,1GB,1,0,0,0,0,0,8900,8900,8900,8900,8900,8900,8900,8900,8900,8900,8900,8900,8900,8900,8900,8900,8900,8900,8900,8900,8900,8900,8900
929549,SK하이닉스 노트북 DDR2-800 병행수입,SK하이닉스 노트북 DDR2-800 병행수입,0,0,0,2GB,2,0,0,0,0,0,16000,16000,16000,16000,16000,16000,16000,16000,16000,16000,16000,16000,16000,16000,16000,16000,16000,16000,16000,16000,16000,16000,16000
5799891,SK하이닉스 노트북 DDR2-800 중고,SK하이닉스 노트북 DDR2-800 중고,0,0,0,4GB,4,0,0,0,0,0,96800,96800,96800,96800,96800,96800,96800,96800,96800,96800,96800,96800,96800,96800,96800,96800,96800,96800,96800,96800,96800,96800,96800
5799891,SK하이닉스 노트북 DDR2-800 중고,SK하이닉스 노트북 DDR2-800 중고,0,0,0,2GB,2,0,0,0,0,0,25000,25000,25000,25000,25000,25000,25000,25000,25000,25000,25000,25000,25000,25000,25000,25000,25000,25000,25000,25000,25000,25000,25000
5799891,SK하이닉스 노트북 DDR2-800 중고,SK하이닉스 노트북 DDR2-800 중고,0,0,0,1GB,1,0,0,0,0,0,16000,16000,16000,16000,16000,16000,16000,16000,16000,16000,16000,16000,16000,16000,16000,16000,16000,16000,16000,16000,16000,16000,16000
693427,SK하이닉스 노트북 DDR3-1066,SK하이닉스 노트북,DDR3,1066,0,4GB,4,0,0,0,0,0,50000,50000,50000,50000,50000,50000,50000,50000,50000,50000,50000,50000,50000,50000,50000,50000,50000,50000,50000,50000,0,0,0
693427,SK하이닉스 노트북 DDR3-1066,SK하이닉스 노트북,DDR3,1066,0,2GB,2,0,0,0,0,0,16900,16900,16900,16900,16900,16900,16900,16900,16900,16900,16900,16900,16900,16900,16900,16900,16900,16900,16900,16900,0,0,0
693427,SK하이닉스 노트북 DDR3-1066,SK하이닉스 노트북,DDR3,1066,0,1GB,1,0,0,0,0,0,3630,3630,3630,3630,3630,3630,3630,3630,3630,3630,3570,3570,3590,3590,3590,3590,3680,3510,3540,3540,0,0,0
695062,SK하이닉스 노트북 DDR3-1066,SK하이닉스 노트북,DDR3,1066,0,4GB,4,0,0,0,0,0,0,0,0,0,0,0,0,0,0,0,0,0,0,0,0,0,0,0,0,0,50000,50000,50000
695062,SK하이닉스 노트북 DDR3-1066,SK하이닉스 노트북,DDR3,1066,0,2GB,2,0,0,0,0,0,0,0,0,0,0,0,0,0,0,0,0,0,0,0,0,0,0,0,0,0,16900,16900,16900
695062,SK하이닉스 노트북 DDR3-1066,SK하이닉스 노트북,DDR3,1066,0,1GB,1,0,0,0,0,0,0,0,0,0,0,0,0,0,0,0,0,0,0,0,0,0,0,0,0,0,3680,3680,3560
5728643,SK하이닉스 노트북 DDR3-1066 병행수입,SK하이닉스 노트북 병행수입,DDR3,1066,0,2GB,2,0,0,0,0,0,16800,16800,16800,16800,16800,16800,16800,16800,16800,16800,16800,16800,16800,16800,16800,16800,16800,16800,16800,16800,16800,16800,16800
5728635,SK하이닉스 노트북 DDR3-1066 중고,SK하이닉스 노트북 중고,DDR3,1066,0,4GB,4,0,0,0,0,0,59500,59500,59500,59500,59500,59500,59500,59500,59500,59500,59500,59500,59500,59500,59500,59500,59500,59500,59500,59500,59500,59500,59500
5728635,SK하이닉스 노트북 DDR3-1066 중고,SK하이닉스 노트북 중고,DDR3,1066,0,2GB,2,0,0,0,0,0,1810,1810,1810,1810,1810,1810,1810,1810,1850,1850,1850,1850,1850,1850,1850,1850,1850,1810,1810,1810,1810,1910,1870
1331603,SK하이닉스 노트북 DDR3-1333,SK하이닉스 노트북,DDR3,1333,0,4GB,4,0,0,0,0,0,25000,25000,25000,25000,25000,25000,25000,25000,25000,25000,25000,25000,25000,25000,25000,25000,25000,25000,25000,25000,25000,25000,25000
1331603,SK하이닉스 노트북 DDR3-1333,SK하이닉스 노트북,DDR3,1333,0,2GB,2,0,0,0,0,0,10000,10000,10000,10000,10000,10000,10000,10000,10000,10000,10000,10000,10000,10000,10000,10000,10000,10000,10000,10000,10000,10000,10000
1331603,SK하이닉스 노트북 DDR3-1333,SK하이닉스 노트북,DDR3,1333,0,1GB,1,0,0,0,0,0,23000,23000,23000,23000,23000,23000,23000,23000,23000,23000,23000,23000,23000,23000,23000,23000,23000,23000,23000,23000,23000,23000,23000
5728737,SK하이닉스 노트북 DDR3-1333 병행수입,SK하이닉스 노트북 병행수입,DDR3,1333,0,1GB,1,0,0,0,0,0,15800,15800,15800,15800,15800,15800,15800,15800,15800,15800,15800,15800,15800,15800,15800,15800,15800,15800,15800,15800,15800,15800,15800
5728737,SK하이닉스 노트북 DDR3-1333 병행수입,SK하이닉스 노트북 병행수입,DDR3,1333,0,4GB,4,0,0,0,0,0,29500,29500,29500,29500,29500,29500,29500,29500,29500,29500,29500,29500,29500,29500,29500,29500,29500,29500,29500,29500,29500,29500,29500
5728592,SK하이닉스 노트북 DDR3-1333 중고,SK하이닉스 노트북 중고,DDR3,1333,0,8GB,8,0,0,0,0,0,89500,89500,89500,89500,89500,89500,89500,89500,89500,89500,89500,89500,89500,89500,89500,89500,89500,89500,89500,89500,89500,89500,89500
5728592,SK하이닉스 노트북 DDR3-1333 중고,SK하이닉스 노트북 중고,DDR3,1333,0,4GB,4,0,0,0,0,0,3500,3500,3500,3500,3500,3500,3500,3500,3500,3500,3500,3500,3500,3500,3500,3500,3500,3500,3500,3500,3500,3500,3500
5728592,SK하이닉스 노트북 DDR3-1333 중고,SK하이닉스 노트북 중고,DDR3,1333,0,2GB,2,0,0,0,0,0,1990,1990,1990,1990,1990,1990,1990,1990,1990,1990,1990,1990,1990,1990,1990,1990,1990,1990,1990,1990,1990,1990,1990
5728592,SK하이닉스 노트북 DDR3-1333 중고,SK하이닉스 노트북 중고,DDR3,1333,0,1GB,1,0,0,0,0,0,5300,5300,5300,5300,5300,5300,5300,5300,5300,5300,5300,5300,5300,5300,5300,5300,5300,5300,5300,5300,5300,5300,5300
3380679,SK하이닉스 노트북 DDR3-1600 1.35V 병행수입,SK하이닉스 노트북 1.35V 병행수입,DDR3,1600,0,4GB,4,0,0,0,0,0,27900,27900,27900,27900,27900,27900,27900,27900,27900,27900,27900,27900,27900,27900,27900,27900,27900,27900,27900,27900,27900,27900,27900
17811926,SK하이닉스 노트북 DDR3-1600 1.35V 중고,SK하이닉스 노트북 1.35V 중고,DDR3,1600,0,4GB,4,0,0,0,0,0,3900,3900,3900,3900,3900,3900,3900,3900,3900,3900,3900,3900,3900,4000,4000,4000,4000,4000,4000,4000,4000,4000,4000
1883084,SK하이닉스 노트북 DDR3-1600 병행수입,SK하이닉스 노트북 병행수입,DDR3,1600,0,8GB,8,0,0,0,0,0,58000,58000,58000,58000,58000,58000,58000,58000,58000,58000,58000,58000,58000,58000,58000,58000,58000,58000,58000,58000,58000,58000,58000
5547968,SK하이닉스 노트북 DDR3-1600 중고,SK하이닉스 노트북 중고,DDR3,1600,0,8GB,8,0,0,0,0,0,14000,14000,14000,0,0,0,0,13500,13500,13500,13500,0,0,0,0,0,15000,15000,15000,15000,15000,13500,13500
5547968,SK하이닉스 노트북 DDR3-1600 중고,SK하이닉스 노트북 중고,DDR3,1600,0,4GB,4,0,0,0,0,0,3500,3500,3500,0,0,0,0,3500,3500,3500,3500,0,0,0,0,0,3500,3500,3500,3500,3500,3500,3500
5547968,SK하이닉스 노트북 DDR3-1600 중고,SK하이닉스 노트북 중고,DDR3,1600,0,2GB,2,0,0,0,0,0,1990,1990,1990,0,0,0,0,1990,1990,1990,1990,0,0,0,0,0,1990,1990,1990,1990,1990,1990,1990
5547576,SK하이닉스 노트북 DDR3-1600 중고,SK하이닉스 노트북 중고,DDR3,1600,0,8GB,8,0,0,0,0,0,0,0,0,14000,14000,14000,14000,0,0,0,0,13500,13500,13500,13500,15000,0,0,0,0,0,0,0
5547576,SK하이닉스 노트북 DDR3-1600 중고,SK하이닉스 노트북 중고,DDR3,1600,0,4GB,4,0,0,0,0,0,0,0,0,3500,3500,3500,3500,0,0,0,0,3500,3500,3500,3500,3500,0,0,0,0,0,0,0
5547576,SK하이닉스 노트북 DDR3-1600 중고,SK하이닉스 노트북 중고,DDR3,1600,0,2GB,2,0,0,0,0,0,0,0,0,1990,1990,1990,1990,0,0,0,0,1990,1990,1990,1990,1990,0,0,0,0,0,0,0
5706778,SK하이닉스 노트북 DDR4-2133,SK하이닉스 노트북,DDR4,2133,0,8GB,8,0,0,0,0,0,20700,20700,21390,21160,21160,21160,20930,20930,20930,29200,29200,29200,28330,28330,29200,26580,29200,29200,29200,29200,29200,29200,29200
5706426,SK하이닉스 노트북 DDR4-2133 중고,SK하이닉스 노트북 중고,DDR4,2133,0,8GB,8,0,0,0,0,0,23090,23090,23090,23090,23090,23090,23090,23090,23090,23090,23090,0,0,0,0,23090,23090,23090,23090,23090,23090,23090,23090
5706426,SK하이닉스 노트북 DDR4-2133 중고,SK하이닉스 노트북 중고,DDR4,2133,0,4GB,4,0,0,0,0,0,8990,8990,8990,8990,8990,8990,8990,8990,8990,8990,8990,0,0,0,0,8990,8990,8990,8990,8990,8990,8970,8970
15778361,SK하이닉스 노트북 DDR4-2133 중고,SK하이닉스 노트북 중고,DDR4,2133,0,8GB,8,0,0,0,0,0,0,0,0,0,0,0,0,0,0,0,0,23090,23090,23090,23090,0,0,0,0,0,0,0,0
15778361,SK하이닉스 노트북 DDR4-2133 중고,SK하이닉스 노트북 중고,DDR4,2133,0,4GB,4,0,0,0,0,0,0,0,0,0,0,0,0,0,0,0,0,8990,8990,8990,8990,0,0,0,0,0,0,0,0
16946459,SK하이닉스 노트북 DDR4-2400 중고,SK하이닉스 노트북 중고,DDR4,2400,0,8GB,8,0,0,0,0,0,17010,17000,17000,17370,17370,17370,0,0,0,0,0,0,17180,16620,17180,17180,17380,17470,17950,17950,18430,17940,16620
16946459,SK하이닉스 노트북 DDR4-2400 중고,SK하이닉스 노트북 중고,DDR4,2400,0,4GB,4,0,0,0,0,0,9090,9090,9090,9090,9090,9090,0,0,0,0,0,0,9090,9090,9090,9090,9190,9090,9090,9090,9090,9000,8960
16946459,SK하이닉스 노트북 DDR4-2400 중고,SK하이닉스 노트북 중고,DDR4,2400,0,2GB,2,0,0,0,0,0,16000,16000,16000,16000,16000,16000,0,0,0,0,0,0,16000,16000,16000,16000,16000,16000,16000,16000,16000,16000,16000
16946420,SK하이닉스 노트북 DDR4-2400 중고,SK하이닉스 노트북 중고,DDR4,2400,0,8GB,8,0,0,0,0,0,0,0,0,0,0,0,17180,17180,17180,17180,17180,17180,0,0,0,0,0,0,0,0,0,0,0
16946420,SK하이닉스 노트북 DDR4-2400 중고,SK하이닉스 노트북 중고,DDR4,2400,0,4GB,4,0,0,0,0,0,0,0,0,0,0,0,9090,9090,9090,9090,9090,9090,0,0,0,0,0,0,0,0,0,0,0
16946420,SK하이닉스 노트북 DDR4-2400 중고,SK하이닉스 노트북 중고,DDR4,2400,0,2GB,2,0,0,0,0,0,0,0,0,0,0,0,16000,16000,16000,16000,16000,16000,0,0,0,0,0,0,0,0,0,0,0
17242046,SK하이닉스 노트북 DDR4-2666 중고,SK하이닉스 노트북 중고,DDR4,2666,0,4GB,4,0,0,0,0,0,9300,9300,9300,9300,9300,9300,9300,9300,0,0,0,0,0,0,9300,9300,0,9300,0,0,9300,9300,9300
17242046,SK하이닉스 노트북 DDR4-2666 중고,SK하이닉스 노트북 중고,DDR4,2666,0,16GB,16,0,0,0,0,0,36990,36990,36990,36990,36990,36990,37000,37000,0,0,0,0,0,0,36000,36000,0,40000,0,0,40000,40000,38900
17242046,SK하이닉스 노트북 DDR4-2666 중고,SK하이닉스 노트북 중고,DDR4,2666,0,8GB,8,0,0,0,0,0,20800,20800,20800,20800,20800,20800,22000,22000,0,0,0,0,0,0,22000,22000,0,22000,0,0,22000,22000,22000
17341415,SK하이닉스 노트북 DDR4-2666 중고,SK하이닉스 노트북 중고,DDR4,2666,0,4GB,4,0,0,0,0,0,0,0,0,0,0,0,0,0,9300,9300,9300,9300,9300,9300,0,0,9300,0,9300,9300,0,0,0
17341415,SK하이닉스 노트북 DDR4-2666 중고,SK하이닉스 노트북 중고,DDR4,2666,0,16GB,16,0,0,0,0,0,0,0,0,0,0,0,0,0,37000,37000,37000,37000,37000,37000,0,0,40000,0,40000,40000,0,0,0
17341415,SK하이닉스 노트북 DDR4-2666 중고,SK하이닉스 노트북 중고,DDR4,2666,0,8GB,8,0,0,0,0,0,0,0,0,0,0,0,0,0,22000,22000,22000,22000,22000,22000,0,0,22000,0,22000,22000,0,0,0
16121639,SK하이닉스 노트북 DDR4-3200 중고,SK하이닉스 노트북 중고,DDR4,3200,0,8GB,8,0,0,0,0,0,20790,20790,20000,20000,20000,20000,20000,20930,22110,22110,23100,23100,23100,22780,22750,22120,23760,23640,23520,23400,23290,23280,22000
16121639,SK하이닉스 노트북 DDR4-3200 중고,SK하이닉스 노트북 중고,DDR4,3200,0,4GB,4,0,0,0,0,0,7960,7950,7950,7940,7940,7930,7930,7930,7920,7920,7910,7910,7910,7910,7910,7980,7980,7890,7890,7870,7870,7860,7860
17390087,SK하이닉스 노트북 DDR5-4800 중고,SK하이닉스 노트북 중고,DDR5,4800,0,8GB,8,0,0,0,0,0,14790,14790,16150,15640,15640,15640,15470,15470,15470,15470,21740,21730,21730,21020,21730,21730,21980,21710,21710,21700,21700,21700,21020
20199452,SK하이닉스 노트북 DDR5-5600 중고,SK하이닉스 노트북 중고,DDR5,5600,0,16GB,16,0,0,0,0,0,109900,109900,113900,110300,110300,110300,109900,109900,109900,109900,109900,109900,109900,106300,109900,109900,119900,119900,119900,119900,119900,116300,106300
20199452,SK하이닉스 노트북 DDR5-5600 중고,SK하이닉스 노트북 중고,DDR5,5600,0,8GB,8,0,0,0,0,0,16500,16500,16500,16500,16500,16500,16500,16500,16500,16500,16500,16500,16500,16450,16500,16500,16500,16500,16500,16500,16500,16500,16450
13603805,SOUTH BRIDGE DDR3-1600,SOUTH BRIDGE,DDR3,1600,0,8GB,8,0,0,0,0,0,9800,9800,9800,9800,9800,9800,9800,9800,9800,9800,9800,9800,9800,9800,9800,9800,9800,9800,9800,9800,9800,9800,9800
39768083,SOUTH BRIDGE 노트북 DDR4-2133,SOUTH BRIDGE 노트북,DDR4,2133,0,8GB,8,0,0,0,0,0,21800,21800,21800,21800,21800,21800,21800,21800,21800,21800,21800,21800,21800,21800,21800,21800,21800,21800,21800,21800,21800,21800,21800
13568831,SOUTH BRIDGE 노트북 DDR4-2666,SOUTH BRIDGE 노트북,DDR4,2666,0,16GB,16,0,0,0,0,0,41800,38800,41800,41800,41800,41800,41800,41800,41800,41800,41800,41800,41800,41800,41800,41800,41800,41800,41800,41800,41800,41800,41800
14205473,SOUTH BRIDGE 노트북용 DDR3L-1600 1.35V,SOUTH BRIDGE 노트북용 DDR3L-1600 1.35V,0,0,0,8GB,8,0,0,0,0,0,12700,12700,12700,12700,12700,12700,12700,12700,12700,12700,12700,12700,12700,12700,12700,12700,12700,12700,12700,12700,12700,12700,12700
1699045,TeamGroup DDR3-1600 Elite,TeamGroup Elite,DDR3,1600,0,8GB,8,0,0,0,0,0,14140,14140,14140,14140,14140,14140,14140,14140,14140,14140,14140,14140,14140,14140,14140,14140,14140,14140,14140,14140,14140,14140,14140
5680228,TeamGroup DDR4-2666 Elite,TeamGroup Elite,DDR4,2666,0,8GB,8,0,0,0,0,0,42220,42220,42210,42220,42220,42220,42220,42220,42220,42220,42220,42220,42220,42220,42220,42220,42220,42220,42220,42220,42220,42220,42220
10188141,TeamGroup DDR4-3200 Elite,TeamGroup Elite,DDR4,3200,0,16GB,16,0,0,0,0,0,59870,59860,61990,61100,60980,60860,60530,60530,60530,60530,60530,60530,60530,58540,60530,60530,60990,60880,60760,60640,60990,60950,58540
10188141,TeamGroup DDR4-3200 Elite,TeamGroup Elite,DDR4,3200,0,8GB,8,0,0,0,0,0,26220,26260,26280,26560,26560,26710,26980,26980,26980,26980,26980,26980,26980,28760,27940,26990,27940,27940,27940,27940,27940,27940,27170
14907467,TeamGroup DDR4-3200 Elite 서린,TeamGroup Elite 서린,DDR4,3200,0,16GB,16,0,0,0,0,0,62900,62900,65000,64290,64290,64290,63590,63590,63590,63590,63590,63590,63590,61500,63590,63590,64300,63550,63550,63530,63530,63510,61500
52062398,TeamGroup DDR5-4800 CL40 Elite,TeamGroup Elite,DDR5,4800,CL40,32GB,32,0,0,0,0,0,126720,126720,126720,0,0,0,0,0,0,0,0,0,0,0,0,0,0,0,126720,126720,126720,126720,126720
52062398,TeamGroup DDR5-4800 CL40 Elite,TeamGroup Elite,DDR5,4800,CL40,16GB,16,0,0,0,0,0,74640,74640,74640,0,0,0,0,0,0,0,0,0,0,0,0,0,0,0,74640,74640,74640,74640,74640
56061014,TeamGroup DDR5-4800 CL40 Elite,TeamGroup Elite,DDR5,4800,CL40,32GB,32,0,0,0,0,0,0,0,0,126720,126720,126720,126720,126720,126720,126720,126720,126720,126720,126720,126720,126720,126720,126720,0,0,0,0,0
56061014,TeamGroup DDR5-4800 CL40 Elite,TeamGroup Elite,DDR5,4800,CL40,16GB,16,0,0,0,0,0,0,0,0,74640,74640,74640,74640,74640,74640,74640,74640,74640,74640,74630,74630,74640,74640,74640,0,0,0,0,0
18767543,TeamGroup DDR5-4800 CL40 Elite Plus 블랙 서린,TeamGroup Elite Plus 블랙 서린,DDR5,4800,CL40,32GB,32,0,0,0,0,0,124000,124000,124000,124000,124000,124000,124000,124000,0,124000,124000,124000,124000,124000,0,124000,124000,113850,113850,124000,113850,124000,124000
18767543,TeamGroup DDR5-4800 CL40 Elite Plus 블랙 서린,TeamGroup Elite Plus 블랙 서린,DDR5,4800,CL40,16GB,16,0,0,0,0,0,65000,65000,65000,65000,65000,65000,65000,65000,0,65000,65000,65000,65000,65000,0,65000,65000,65000,65000,65000,65000,65000,65000
18767543,TeamGroup DDR5-4800 CL40 Elite Plus 블랙 서린,TeamGroup Elite Plus 블랙 서린,DDR5,4800,CL40,8GB,8,0,0,0,0,0,0,0,0,0,0,0,0,0,0,0,0,0,0,0,0,0,26000,26000,26000,26000,26000,26000,26000
17845094,TeamGroup DDR5-4800 CL40 Elite Plus 블랙 서린,TeamGroup Elite Plus 블랙 서린,DDR5,4800,CL40,32GB,32,0,0,0,0,0,0,0,0,0,0,0,0,0,124000,0,0,0,0,0,124000,0,0,0,0,0,0,0,0
17845094,TeamGroup DDR5-4800 CL40 Elite Plus 블랙 서린,TeamGroup Elite Plus 블랙 서린,DDR5,4800,CL40,16GB,16,0,0,0,0,0,0,0,0,0,0,0,0,0,65000,0,0,0,0,0,65000,0,0,0,0,0,0,0,0
17845256,TeamGroup DDR5-4800 CL40 Elite Plus 실버 서린,TeamGroup Elite Plus 실버 서린,DDR5,4800,CL40,32GB,32,0,0,0,0,0,126500,126500,126500,126500,0,0,126500,0,0,0,0,0,0,0,126500,0,0,0,0,0,0,0,0
17845256,TeamGroup DDR5-4800 CL40 Elite Plus 실버 서린,TeamGroup Elite Plus 실버 서린,DDR5,4800,CL40,16GB,16,0,0,0,0,0,67500,67500,67500,67500,0,0,67500,0,0,0,0,0,0,0,67500,0,0,0,0,0,0,0,0
18767579,TeamGroup DDR5-4800 CL40 Elite Plus 실버 서린,TeamGroup Elite Plus 실버 서린,DDR5,4800,CL40,32GB,32,0,0,0,0,0,0,0,0,0,126500,126500,0,126500,126500,126500,126500,126500,126500,126500,0,126500,0,0,0,0,0,0,0
18767579,TeamGroup DDR5-4800 CL40 Elite Plus 실버 서린,TeamGroup Elite Plus 실버 서린,DDR5,4800,CL40,16GB,16,0,0,0,0,0,0,0,0,0,67500,67500,0,67500,67500,67500,67500,67500,67500,67500,0,67500,0,0,0,0,0,0,0
17845277,TeamGroup DDR5-4800 CL40 Elite Plus 실버 서린,TeamGroup Elite Plus 실버 서린,DDR5,4800,CL40,32GB,32,0,0,0,0,0,0,0,0,0,0,0,0,0,0,0,0,0,0,0,0,0,126500,120170,120170,152000,152000,152000,152000
17845277,TeamGroup DDR5-4800 CL40 Elite Plus 실버 서린,TeamGroup Elite Plus 실버 서린,DDR5,4800,CL40,16GB,16,0,0,0,0,0,0,0,0,0,0,0,0,0,0,0,0,0,0,0,0,0,67500,64120,64120,67500,64120,67500,67500
17845277,TeamGroup DDR5-4800 CL40 Elite Plus 실버 서린,TeamGroup Elite Plus 실버 서린,DDR5,4800,CL40,8GB,8,0,0,0,0,0,0,0,0,0,0,0,0,0,0,0,0,0,0,0,0,0,26000,26000,26000,26000,26000,26000,26000
17535233,TeamGroup DDR5-4800 CL40 Elite 서린,TeamGroup Elite 서린,DDR5,4800,CL40,32GB,32,0,0,0,0,0,114470,114470,114470,114470,114470,114470,114470,0,0,0,0,0,114470,114470,114470,114470,114470,114470,114470,114470,114470,114470,114470
17535233,TeamGroup DDR5-4800 CL40 Elite 서린,TeamGroup Elite 서린,DDR5,4800,CL40,16GB,16,0,0,0,0,0,60910,60910,62000,61980,61980,62000,61580,0,0,0,0,0,61580,62000,62000,61590,62000,61990,61990,61990,61990,61990,61990
17535647,TeamGroup DDR5-4800 CL40 Elite 서린,TeamGroup Elite 서린,DDR5,4800,CL40,32GB,32,0,0,0,0,0,0,0,0,0,0,0,0,114470,114470,114470,114470,114470,0,0,0,0,0,0,0,0,0,0,0
17535647,TeamGroup DDR5-4800 CL40 Elite 서린,TeamGroup Elite 서린,DDR5,4800,CL40,16GB,16,0,0,0,0,0,0,0,0,0,0,0,0,61580,61580,61580,61580,61580,0,0,0,0,0,0,0,0,0,0,0
18767630,TeamGroup DDR5-5200 CL42 Elite Plus 블랙 서린,TeamGroup Elite Plus 블랙 서린,DDR5,5200,CL42,16GB,16,0,0,0,0,0,0,0,0,0,0,0,0,0,0,0,0,0,0,0,68500,68500,68500,68500,68500,68500,68500,68500,68500
18767360,TeamGroup DDR5-5200 CL42 Elite 서린,TeamGroup Elite 서린,DDR5,5200,CL42,16GB,16,0,0,0,0,0,106300,106300,106300,106300,106300,106300,106300,65500,65500,65500,65500,65500,65500,65500,65500,65500,65500,106300,106300,106300,106300,63000,63000
30333851,TeamGroup DDR5-5600 CL46 Elite,TeamGroup Elite,DDR5,5600,CL46,16GB,16,0,0,0,0,0,60580,0,0,61930,61930,61940,61270,0,0,0,0,0,0,0,61270,61270,0,62500,62490,0,62490,0,59250
30333851,TeamGroup DDR5-5600 CL46 Elite,TeamGroup Elite,DDR5,5600,CL46,32GB,32,0,0,0,0,0,120190,0,0,120190,120190,120190,120190,0,0,0,0,0,0,0,121170,121160,0,119990,119980,0,119980,0,117240
30333851,TeamGroup DDR5-5600 CL46 Elite,TeamGroup Elite,DDR5,5600,CL46,8GB,8,0,0,0,0,0,32150,0,0,32150,32130,32130,32130,0,0,0,0,0,0,0,32160,32160,0,32490,32480,0,32480,0,31660
23563973,TeamGroup DDR5-5600 CL46 Elite,TeamGroup Elite,DDR5,5600,CL46,16GB,16,0,0,0,0,0,0,60580,60580,0,0,0,0,61270,61270,61270,61270,61270,61270,59250,0,0,62500,0,0,62490,0,62480,0
23563973,TeamGroup DDR5-5600 CL46 Elite,TeamGroup Elite,DDR5,5600,CL46,32GB,32,0,0,0,0,0,0,120190,120190,0,0,0,0,120190,120190,121160,121160,121160,121160,117240,0,0,120000,0,0,119980,0,119960,0
23563973,TeamGroup DDR5-5600 CL46 Elite,TeamGroup Elite,DDR5,5600,CL46,8GB,8,0,0,0,0,0,0,32150,32150,0,0,0,0,32130,32130,32130,32130,32130,32130,31100,0,0,32490,0,0,32480,0,32460,0
74421758,TeamGroup DDR5-5600 CL46 Elite Plus 블랙,TeamGroup Elite Plus 블랙,DDR5,5600,CL46,32GB,32,0,0,0,0,0,124950,0,0,0,0,0,0,0,0,0,0,0,0,0,0,0,0,0,0,0,0,0,0
74421758,TeamGroup DDR5-5600 CL46 Elite Plus 블랙,TeamGroup Elite Plus 블랙,DDR5,5600,CL46,16GB,16,0,0,0,0,0,74000,0,0,0,0,0,0,0,0,0,0,0,0,0,0,0,0,0,0,0,0,0,0
74421758,TeamGroup DDR5-5600 CL46 Elite Plus 블랙,TeamGroup Elite Plus 블랙,DDR5,5600,CL46,8GB,8,0,0,0,0,0,35000,0,0,0,0,0,0,0,0,0,0,0,0,0,0,0,0,0,0,0,0,0,0
74421821,TeamGroup DDR5-5600 CL46 Elite Plus 블랙,TeamGroup Elite Plus 블랙,DDR5,5600,CL46,32GB,32,0,0,0,0,0,124950,124950,124950,124950,0,124930,124930,124930,124930,124930,124930,124930,124930,0,124930,124930,124930,124930,124910,124910,0,0,0
74421821,TeamGroup DDR5-5600 CL46 Elite Plus 블랙,TeamGroup Elite Plus 블랙,DDR5,5600,CL46,16GB,16,0,0,0,0,0,74000,71500,71490,71490,0,71470,71470,70000,69990,69990,69990,69990,69990,0,68250,68230,68230,68230,69970,69970,0,0,0
74421821,TeamGroup DDR5-5600 CL46 Elite Plus 블랙,TeamGroup Elite Plus 블랙,DDR5,5600,CL46,8GB,8,0,0,0,0,0,35000,35000,35000,35000,0,35000,35000,35000,35000,35000,35000,35000,35000,0,35000,35000,35000,35000,37000,37000,0,0,0
75536282,TeamGroup DDR5-5600 CL46 Elite Plus 블랙,TeamGroup Elite Plus 블랙,DDR5,5600,CL46,32GB,32,0,0,0,0,0,0,0,0,0,124930,0,0,0,0,0,0,0,0,124930,0,0,0,0,0,0,124890,124890,124890
75536282,TeamGroup DDR5-5600 CL46 Elite Plus 블랙,TeamGroup Elite Plus 블랙,DDR5,5600,CL46,16GB,16,0,0,0,0,0,0,0,0,0,71470,0,0,0,0,0,0,0,0,66000,0,0,0,0,0,0,69950,69950,66000
75536282,TeamGroup DDR5-5600 CL46 Elite Plus 블랙,TeamGroup Elite Plus 블랙,DDR5,5600,CL46,8GB,8,0,0,0,0,0,0,0,0,0,35000,0,0,0,0,0,0,0,0,35000,0,0,0,0,0,0,37000,35000,35000
27545675,TeamGroup DDR5-5600 CL46 Elite Plus 블랙 서린,TeamGroup Elite Plus 블랙 서린,DDR5,5600,CL46,16GB,16,0,0,0,0,0,94040,94040,94040,94040,94040,94040,94040,0,0,0,0,0,71500,71500,71500,68700,68700,68700,68690,68700,69000,69000,69000
27545675,TeamGroup DDR5-5600 CL46 Elite Plus 블랙 서린,TeamGroup Elite Plus 블랙 서린,DDR5,5600,CL46,32GB,32,0,0,0,0,0,125000,125000,125000,124980,124960,125000,125000,0,0,0,0,0,125000,125000,125000,125000,125000,121120,121120,121220,121120,124990,125000
18768413,TeamGroup DDR5-5600 CL46 Elite Plus 블랙 서린,TeamGroup Elite Plus 블랙 서린,DDR5,5600,CL46,16GB,16,0,0,0,0,0,0,0,0,0,0,0,0,71500,71500,71500,71500,71500,0,0,0,0,0,0,0,0,0,0,0
18768413,TeamGroup DDR5-5600 CL46 Elite Plus 블랙 서린,TeamGroup Elite Plus 블랙 서린,DDR5,5600,CL46,32GB,32,0,0,0,0,0,0,0,0,0,0,0,0,125000,124990,125000,124980,124980,0,0,0,0,0,0,0,0,0,0,0
27545711,TeamGroup DDR5-5600 CL46 Elite Plus 실버 서린,TeamGroup Elite Plus 실버 서린,DDR5,5600,CL46,32GB,32,0,0,0,0,0,125000,125000,125000,125000,125000,125000,125000,125000,125000,125000,125000,125000,125000,125000,125000,125000,125000,125000,125000,125000,125000,125000,125000
27545711,TeamGroup DDR5-5600 CL46 Elite Plus 실버 서린,TeamGroup Elite Plus 실버 서린,DDR5,5600,CL46,16GB,16,0,0,0,0,0,96300,96300,96300,96300,96300,96300,96300,96300,96300,96300,96300,96300,96300,96300,96300,96300,96300,96300,96300,96300,96300,96300,96300
17535839,TeamGroup DDR5-5600 CL46 Elite 서린,TeamGroup Elite 서린,DDR5,5600,CL46,32GB,32,0,0,0,0,0,123000,123000,123000,122080,122060,123000,123000,0,0,0,0,0,122980,119010,122740,122740,122740,119800,119760,122990,122990,122990,121150
17535839,TeamGroup DDR5-5600 CL46 Elite 서린,TeamGroup Elite 서린,DDR5,5600,CL46,16GB,16,0,0,0,0,0,67000,67000,67000,66460,66420,67000,67000,0,0,0,0,0,66990,64790,67000,66780,66780,66120,66120,66780,66780,66770,66770
17535839,TeamGroup DDR5-5600 CL46 Elite 서린,TeamGroup Elite 서린,DDR5,5600,CL46,8GB,8,0,0,0,0,0,33500,33500,33500,33040,33020,33500,33500,0,0,0,0,0,33500,33500,33500,33500,33490,33100,33050,33360,33330,33240,32740
27545627,TeamGroup DDR5-5600 CL46 Elite 서린,TeamGroup Elite 서린,DDR5,5600,CL46,32GB,32,0,0,0,0,0,0,0,0,0,0,0,0,123000,122990,123000,121950,121940,0,0,0,0,0,0,0,0,0,0,0
27545627,TeamGroup DDR5-5600 CL46 Elite 서린,TeamGroup Elite 서린,DDR5,5600,CL46,16GB,16,0,0,0,0,0,0,0,0,0,0,0,0,67000,67000,67000,66070,66060,0,0,0,0,0,0,0,0,0,0,0
27545627,TeamGroup DDR5-5600 CL46 Elite 서린,TeamGroup Elite 서린,DDR5,5600,CL46,8GB,8,0,0,0,0,0,0,0,0,0,0,0,0,33500,33490,33500,33250,33240,0,0,0,0,0,0,0,0,0,0,0
28265831,TeamGroup DDR5-5600 CL46 Elite 패키지,TeamGroup Elite 패키지,DDR5,5600,CL46,32GB(16GX2),32,0,0,0,0,0,126730,126730,126730,126730,126730,126730,126730,126730,126730,126730,124000,124000,124000,124000,124000,124000,124000,124000,124000,124000,124000,124000,124000
31424177,TeamGroup DDR5-6000 CL48 Elite 서린,TeamGroup Elite 서린,DDR5,6000,CL48,32GB,32,0,0,0,0,0,130580,130580,130580,130580,130580,130580,130580,0,0,0,0,0,130580,130580,130580,130580,0,0,0,0,0,0,130580
31424177,TeamGroup DDR5-6000 CL48 Elite 서린,TeamGroup Elite 서린,DDR5,6000,CL48,16GB,16,0,0,0,0,0,67800,67800,69000,68950,68830,68720,68550,0,0,0,0,0,68550,67460,68940,68550,0,0,0,0,0,0,66790
31424087,TeamGroup DDR5-6000 CL48 Elite 서린,TeamGroup Elite 서린,DDR5,6000,CL48,32GB,32,0,0,0,0,0,0,0,0,0,0,0,0,130580,130580,130580,130580,130580,0,0,0,0,130580,130580,130570,130580,130580,130580,0
31424087,TeamGroup DDR5-6000 CL48 Elite 서린,TeamGroup Elite 서린,DDR5,6000,CL48,16GB,16,0,0,0,0,0,0,0,0,0,0,0,0,68550,68550,68550,68550,68550,0,0,0,0,68930,68820,68700,68680,68670,68710,0
54100718,TeamGroup DDR5-6400 CL52 Elite 서린,TeamGroup Elite 서린,DDR5,6400,CL52,32GB,32,0,0,0,0,0,138000,138000,138000,137980,137960,138000,138000,138000,138000,138000,137990,137990,138000,137990,137990,137990,137980,0,0,0,0,0,0
54100718,TeamGroup DDR5-6400 CL52 Elite 서린,TeamGroup Elite 서린,DDR5,6400,CL52,16GB,16,0,0,0,0,0,71000,71000,71000,70990,70970,71000,71000,71000,71000,71000,70990,70990,71000,71000,71000,71000,71000,0,0,0,0,0,0
54100754,TeamGroup DDR5-6400 CL52 Elite 서린,TeamGroup Elite 서린,DDR5,6400,CL52,32GB,32,0,0,0,0,0,0,0,0,0,0,0,0,0,0,0,0,0,0,0,0,0,0,137870,137750,137630,137910,137800,137070
54100754,TeamGroup DDR5-6400 CL52 Elite 서린,TeamGroup Elite 서린,DDR5,6400,CL52,16GB,16,0,0,0,0,0,0,0,0,0,0,0,0,0,0,0,0,0,0,0,0,0,0,71000,70970,71000,71000,71000,71000
15803102,TeamGroup T-CREATE DDR4-3200 CL14 EXPERT OC10L 패키지,TeamGroup T-CREATE EXPERT OC10L 패키지,DDR4,3200,CL14,32GB(16GX2),32,0,0,0,0,0,290000,289900,289900,289900,289900,289900,289900,289900,289900,289900,289900,289900,289900,289900,289900,289900,289900,289900,289900,289900,289900,289900,289900
15803102,TeamGroup T-CREATE DDR4-3200 CL14 EXPERT OC10L 패키지,TeamGroup T-CREATE EXPERT OC10L 패키지,DDR4,3200,CL14,16GB(8GX2),16,0,0,0,0,0,186980,191100,191100,190510,188650,186800,185760,186980,186980,186980,186980,186980,186980,186980,186980,186980,186980,186980,186980,186980,186980,186980,186980
15803147,TeamGroup T-CREATE DDR4-3600 CL14 EXPERT OC10L 패키지,TeamGroup T-CREATE EXPERT OC10L 패키지,DDR4,3600,CL14,16GB(8GX2),16,0,0,0,0,0,156250,156250,156250,156250,156250,156250,156250,156250,156250,156250,156250,156250,156250,156250,156250,156250,156250,156250,156250,156250,156250,156250,156250
13943138,TeamGroup T-CREATE DDR4-3600 CL18 EXPERT OC10L 패키지,TeamGroup T-CREATE EXPERT OC10L 패키지,DDR4,3600,CL18,32GB(16GX2),32,0,0,0,0,0,231080,231080,231080,231080,0,0,0,0,0,0,231080,231080,231080,0,231080,231080,241080,241080,241080,241080,241080,233840,223840
13981106,TeamGroup T-CREATE DDR4-3600 CL18 EXPERT OC10L 패키지 서린,TeamGroup T-CREATE EXPERT OC10L 패키지 서린,DDR4,3600,CL18,64GB(32GX2),64,0,0,0,0,0,362230,362230,362230,362230,362230,362230,362230,0,0,0,0,0,362230,351060,362230,362230,372230,372230,372230,372230,372230,361060,351060
13981106,TeamGroup T-CREATE DDR4-3600 CL18 EXPERT OC10L 패키지 서린,TeamGroup T-CREATE EXPERT OC10L 패키지 서린,DDR4,3600,CL18,32GB(16GX2),32,0,0,0,0,0,130000,130000,130000,129990,129990,130000,130000,0,0,0,0,0,130000,130000,130000,130000,130000,130000,130000,130000,130000,130000,130000
13981106,TeamGroup T-CREATE DDR4-3600 CL18 EXPERT OC10L 패키지 서린,TeamGroup T-CREATE EXPERT OC10L 패키지 서린,DDR4,3600,CL18,16GB(8GX2),16,0,0,0,0,0,62000,62000,62000,62000,62000,62000,62000,0,0,0,0,0,62000,62000,62000,62000,62000,58050,58050,62000,58050,62000,62000
13981142,TeamGroup T-CREATE DDR4-3600 CL18 EXPERT OC10L 패키지 서린,TeamGroup T-CREATE EXPERT OC10L 패키지 서린,DDR4,3600,CL18,64GB(32GX2),64,0,0,0,0,0,0,0,0,0,0,0,0,362230,362230,362230,362230,362230,0,0,0,0,0,0,0,0,0,0,0
13981142,TeamGroup T-CREATE DDR4-3600 CL18 EXPERT OC10L 패키지 서린,TeamGroup T-CREATE EXPERT OC10L 패키지 서린,DDR4,3600,CL18,32GB(16GX2),32,0,0,0,0,0,0,0,0,0,0,0,0,130000,130000,130000,130000,130000,0,0,0,0,0,0,0,0,0,0,0
13981142,TeamGroup T-CREATE DDR4-3600 CL18 EXPERT OC10L 패키지 서린,TeamGroup T-CREATE EXPERT OC10L 패키지 서린,DDR4,3600,CL18,16GB(8GX2),16,0,0,0,0,0,0,0,0,0,0,0,0,62000,62000,62000,62000,62000,0,0,0,0,0,0,0,0,0,0,0
19566122,TeamGroup T-CREATE DDR5-5600 CL46 CLASSIC 패키지 서린,TeamGroup T-CREATE CLASSIC 패키지 서린,DDR5,5600,CL46,64GB(32GX2),64,0,0,0,0,0,290000,290000,290000,289980,289980,290000,290000,0,0,0,0,0,290000,285960,285960,285960,285960,285950,285940,285960,285950,285860,285820
19566122,TeamGroup T-CREATE DDR5-5600 CL46 CLASSIC 패키지 서린,TeamGroup T-CREATE CLASSIC 패키지 서린,DDR5,5600,CL46,32GB(16GX2),32,0,0,0,0,0,137990,137990,137280,137200,133750,137880,137930,0,0,0,0,0,137990,137990,137990,137990,137990,133590,133070,137860,137760,137640,136180
19566335,TeamGroup T-CREATE DDR5-5600 CL46 CLASSIC 패키지 서린,TeamGroup T-CREATE CLASSIC 패키지 서린,DDR5,5600,CL46,64GB(32GX2),64,0,0,0,0,0,0,0,0,0,0,0,0,290000,289990,290000,289980,289980,0,0,0,0,0,0,0,0,0,0,0
19566335,TeamGroup T-CREATE DDR5-5600 CL46 CLASSIC 패키지 서린,TeamGroup T-CREATE CLASSIC 패키지 서린,DDR5,5600,CL46,32GB(16GX2),32,0,0,0,0,0,0,0,0,0,0,0,0,137990,137990,137990,136080,135910,0,0,0,0,0,0,0,0,0,0,0
20546438,TeamGroup T-CREATE DDR5-6000 CL30 EXPERT 패키지 서린,TeamGroup T-CREATE EXPERT 패키지 서린,DDR5,6000,CL30,32GB(16GX2),32,0,0,0,0,0,158000,158000,158000,157980,157960,158000,158000,158000,157990,158000,155750,155740,158000,158000,156360,156360,156350,156350,155970,156360,156350,156260,156160
20546684,TeamGroup T-CREATE DDR5-6000 CL30 EXPERT 화이트 패키지 서린,TeamGroup T-CREATE EXPERT 화이트 패키지 서린,DDR5,6000,CL30,32GB(16GX2),32,0,0,0,0,0,158000,158000,158000,157980,157980,158000,158000,158000,157990,158000,157270,157260,158000,158000,157170,157170,157160,157130,157120,157140,157130,157040,157000
19566788,TeamGroup T-CREATE DDR5-6000 CL34 EXPERT 패키지 서린,TeamGroup T-CREATE EXPERT 패키지 서린,DDR5,6000,CL34,64GB(32GX2),64,0,0,0,0,0,328750,328750,328750,328740,328740,328750,328750,328750,328750,328750,328750,328750,328750,328750,328750,328750,328750,310190,310190,329990,329990,329990,329990
20546735,TeamGroup T-CREATE DDR5-6000 CL34 EXPERT 화이트 패키지 서린,TeamGroup T-CREATE EXPERT 화이트 패키지 서린,DDR5,6000,CL34,64GB(32GX2),64,0,0,0,0,0,330000,330000,330000,329990,329990,330000,330000,330000,330000,330000,329990,329990,330000,329920,329920,329920,329920,329920,329910,329920,329920,329920,329920
19567022,TeamGroup T-CREATE DDR5-6000 CL38 EXPERT 패키지 서린,TeamGroup T-CREATE EXPERT 패키지 서린,DDR5,6000,CL38,32GB(16GX2),32,0,0,0,0,0,158000,158000,158000,157980,157980,158000,158000,158000,158000,158000,157990,157990,158000,193000,192940,192940,192940,192940,192940,192940,192940,192940,192940
20546912,TeamGroup T-CREATE DDR5-6000 CL38 EXPERT 화이트 패키지 서린,TeamGroup T-CREATE EXPERT 화이트 패키지 서린,DDR5,6000,CL38,32GB(16GX2),32,0,0,0,0,0,160500,160500,160500,160500,160500,160500,160500,160500,160500,160500,144450,144450,160500,160500,160500,160500,160500,144450,144450,160500,144450,160500,160500
19567433,TeamGroup T-CREATE DDR5-6000 CL48 CLASSIC 패키지 서린,TeamGroup T-CREATE CLASSIC 패키지 서린,DDR5,6000,CL48,64GB(32GX2),64,0,0,0,0,0,300000,300000,300000,299980,299980,300000,300000,0,0,0,0,0,300000,300000,300000,300000,299990,272250,272250,298400,272250,299970,299850
19567433,TeamGroup T-CREATE DDR5-6000 CL48 CLASSIC 패키지 서린,TeamGroup T-CREATE CLASSIC 패키지 서린,DDR5,6000,CL48,32GB(16GX2),32,0,0,0,0,0,149990,149990,149990,149930,149920,149910,149910,0,0,0,0,0,149990,149990,149990,149990,149990,137250,137250,149210,149210,149130,149090
19567628,TeamGroup T-CREATE DDR5-6000 CL48 CLASSIC 패키지 서린,TeamGroup T-CREATE CLASSIC 패키지 서린,DDR5,6000,CL48,64GB(32GX2),64,0,0,0,0,0,0,0,0,0,0,0,0,300000,300000,300000,299900,299900,0,0,0,0,0,0,0,0,0,0,0
19567628,TeamGroup T-CREATE DDR5-6000 CL48 CLASSIC 패키지 서린,TeamGroup T-CREATE CLASSIC 패키지 서린,DDR5,6000,CL48,32GB(16GX2),32,0,0,0,0,0,0,0,0,0,0,0,0,149830,149990,149990,137250,137250,0,0,0,0,0,0,0,0,0,0,0
20546819,TeamGroup T-CREATE DDR5-6400 CL32 EXPERT 패키지 서린,TeamGroup T-CREATE EXPERT 패키지 서린,DDR5,6400,CL32,32GB(16GX2),32,0,0,0,0,0,216470,175000,175000,174990,174990,175000,175000,175000,175000,175000,174990,174990,175000,175000,175000,175000,175000,175000,174990,175000,175000,175000,175000
20546987,TeamGroup T-CREATE DDR5-6400 CL32 EXPERT 화이트 패키지 서린,TeamGroup T-CREATE EXPERT 화이트 패키지 서린,DDR5,6400,CL32,32GB(16GX2),32,0,0,0,0,0,219220,169910,175000,174980,174980,175000,175000,175000,174990,175000,174980,174980,175000,160000,160000,160000,160000,160000,160000,160000,160000,160000,160000
19567934,TeamGroup T-CREATE DDR5-6400 CL34 EXPERT 패키지 서린,TeamGroup T-CREATE EXPERT 패키지 서린,DDR5,6400,CL34,64GB(32GX2),64,0,0,0,0,0,350000,350000,350000,349990,349990,350000,350000,350000,350000,350000,350000,350000,350000,350000,350000,350000,350000,350000,349990,350000,350000,350000,350000
20547080,TeamGroup T-CREATE DDR5-6400 CL34 EXPERT 화이트 패키지 서린,TeamGroup T-CREATE EXPERT 화이트 패키지 서린,DDR5,6400,CL34,64GB(32GX2),64,0,0,0,0,0,350000,350000,350000,349980,349980,350000,350000,350000,350000,350000,350000,350000,350000,341000,340990,340990,341000,341000,340990,341000,341000,347790,347780
19568183,TeamGroup T-CREATE DDR5-6400 CL40 EXPERT 패키지 서린,TeamGroup T-CREATE EXPERT 패키지 서린,DDR5,6400,CL40,32GB(16GX2),32,0,0,0,0,0,160000,160000,160000,159980,159980,160000,160000,160000,159990,160000,159980,159980,160000,160000,160000,160000,205290,205290,205290,205290,205290,205290,205290
20547134,TeamGroup T-CREATE DDR5-6400 CL40 EXPERT 화이트 패키지 서린,TeamGroup T-CREATE EXPERT 화이트 패키지 서린,DDR5,6400,CL40,32GB(16GX2),32,0,0,0,0,0,160000,160000,160000,159980,159980,160000,160000,160000,159990,160000,159980,159980,160000,160000,160000,160000,159990,159880,159760,159640,159930,159910,159870
20547176,TeamGroup T-CREATE DDR5-7200 CL34 EXPERT 패키지 서린,TeamGroup T-CREATE EXPERT 패키지 서린,DDR5,7200,CL34,48GB(24GX2),48,0,0,0,0,0,315000,0,315000,314980,314980,315000,315000,315000,0,0,0,0,0,0,0,0,0,0,0,0,0,0,0
20547176,TeamGroup T-CREATE DDR5-7200 CL34 EXPERT 패키지 서린,TeamGroup T-CREATE EXPERT 패키지 서린,DDR5,7200,CL34,32GB(16GX2),32,0,0,0,0,0,203000,0,241400,241400,241400,241400,241400,241400,0,0,0,0,0,0,0,0,0,0,0,0,0,0,0
31424498,TeamGroup T-CREATE DDR5-7200 CL34 EXPERT 패키지 서린,TeamGroup T-CREATE EXPERT 패키지 서린,DDR5,7200,CL34,48GB(24GX2),48,0,0,0,0,0,0,315000,0,0,0,0,0,0,315000,315000,311490,311490,311500,315000,315000,315000,314990,314880,314760,314640,314930,314910,314870
31424498,TeamGroup T-CREATE DDR5-7200 CL34 EXPERT 패키지 서린,TeamGroup T-CREATE EXPERT 패키지 서린,DDR5,7200,CL34,32GB(16GX2),32,0,0,0,0,0,0,241400,0,0,0,0,0,0,241400,241400,241400,241400,241400,241400,241400,241400,241400,241400,241400,241400,241400,241400,241400
20547212,TeamGroup T-CREATE DDR5-7200 CL34 EXPERT 화이트 패키지 서린,TeamGroup T-CREATE EXPERT 화이트 패키지 서린,DDR5,7200,CL34,48GB(24GX2),48,0,0,0,0,0,315000,315000,315000,314980,314960,315000,315000,315000,315000,315000,314990,314990,315000,315000,315000,315000,314990,314880,314760,314640,314920,314810,314690
20547212,TeamGroup T-CREATE DDR5-7200 CL34 EXPERT 화이트 패키지 서린,TeamGroup T-CREATE EXPERT 화이트 패키지 서린,DDR5,7200,CL34,32GB(16GX2),32,0,0,0,0,0,203000,203000,203000,202980,202980,203000,203000,203000,203000,203000,203000,203000,203000,203000,203000,203000,202990,202880,202760,202640,202930,202910,202870
28806848,TeamGroup T-CREATE 노트북 DDR5-5600 CL46-45-45 CLASSIC 서린,TeamGroup T-CREATE 노트북 -45-45 CLASSIC 서린,DDR5,5600,CL46,32GB,32,0,0,0,0,0,128000,128000,128000,127990,127990,128000,128000,128000,128000,128000,127990,127990,128000,128000,128000,128000,128000,128000,0,0,128000,128000,128000
28806848,TeamGroup T-CREATE 노트북 DDR5-5600 CL46-45-45 CLASSIC 서린,TeamGroup T-CREATE 노트북 -45-45 CLASSIC 서린,DDR5,5600,CL46,16GB,16,0,0,0,0,0,65000,65000,65000,64990,64990,65000,65000,65000,65000,65000,64990,64990,65000,64970,64970,64970,64970,64970,0,0,64970,64970,64970
28806803,TeamGroup T-CREATE 노트북 DDR5-5600 CL46-45-45 CLASSIC 서린,TeamGroup T-CREATE 노트북 -45-45 CLASSIC 서린,DDR5,5600,CL46,32GB,32,0,0,0,0,0,0,0,0,0,0,0,0,0,0,0,0,0,0,0,0,0,0,0,127990,128000,0,0,0
28806803,TeamGroup T-CREATE 노트북 DDR5-5600 CL46-45-45 CLASSIC 서린,TeamGroup T-CREATE 노트북 -45-45 CLASSIC 서린,DDR5,5600,CL46,16GB,16,0,0,0,0,0,0,0,0,0,0,0,0,0,0,0,0,0,0,0,0,0,0,0,64960,64970,0,0,0
10667601,TeamGroup T-Force DDR4-2666 CL16 Delta RGB 서린,TeamGroup T-Force Delta RGB 서린,DDR4,2666,CL16,8GB,8,0,0,0,0,0,68800,68800,68800,68800,68800,68800,68800,68800,68800,68800,68800,68800,68800,68800,68800,68800,68800,68800,68800,68800,68800,68800,68800
8714552,TeamGroup T-Force DDR4-2666 CL18 T1 GAMING,TeamGroup T-Force T1 GAMING,DDR4,2666,CL18,4GB,4,0,0,0,0,0,11000,11000,11000,11000,11000,11000,11000,11000,11000,11000,11000,11000,11000,11000,11000,11000,11000,11000,11000,11000,11000,11000,11000
12784001,TeamGroup T-Force DDR4-2666 CL19 ZEUS,TeamGroup T-Force ZEUS,DDR4,2666,CL19,16GB,16,0,0,0,0,0,0,0,0,0,0,0,0,0,0,0,0,0,0,0,0,0,41310,41310,41310,41310,41310,41310,41310
12784001,TeamGroup T-Force DDR4-2666 CL19 ZEUS,TeamGroup T-Force ZEUS,DDR4,2666,CL19,8GB,8,0,0,0,0,0,0,0,0,0,0,0,0,0,0,0,0,0,0,0,0,0,20800,20800,20800,20800,20800,20800,20800
9268803,TeamGroup T-Force DDR4-3000 CL16 Vulcan Z Gray,TeamGroup T-Force Vulcan Z Gray,DDR4,3000,CL16,4GB,4,0,0,0,0,0,11000,0,0,0,0,0,0,0,0,0,0,0,0,0,0,0,0,0,0,0,0,0,0
12362669,TeamGroup T-Force DDR4-3200 CL14 XTREEM ARGB 패키지 서린,TeamGroup T-Force XTREEM ARGB 패키지 서린,DDR4,3200,CL14,32GB(16GX2),32,0,0,0,0,0,282800,282800,282800,282800,282800,282800,282800,282800,282800,282800,282800,282800,282800,282800,282800,282800,282800,282800,282800,282800,282800,282800,282800
13460609,TeamGroup T-Force DDR4-3200 CL14 XTREEM ARGB 화이트 패키지 서린,TeamGroup T-Force XTREEM ARGB 화이트 패키지 서린,DDR4,3200,CL14,32GB(16GX2),32,0,0,0,0,0,350000,350000,350000,350000,350000,350000,350000,350000,350000,350000,350000,350000,350000,350000,350000,350000,350000,350000,350000,350000,350000,350000,350000
11379459,TeamGroup T-Force DDR4-3200 CL16 Delta RGB,TeamGroup T-Force Delta RGB,DDR4,3200,CL16,32GB,32,0,0,0,0,0,350240,350240,350240,350240,350240,350240,350240,350240,350240,350240,0,0,0,0,0,0,0,0,0,0,0,0,0
6935809,TeamGroup T-Force DDR4-3200 CL16 Delta RGB 패키지,TeamGroup T-Force Delta RGB 패키지,DDR4,3200,CL16,32GB(16GX2),32,0,0,0,0,0,170000,170000,170000,170000,170000,170000,170000,170000,170000,170000,170000,170000,170000,170000,170000,170000,170000,170000,170000,170000,0,0,0
6935809,TeamGroup T-Force DDR4-3200 CL16 Delta RGB 패키지,TeamGroup T-Force Delta RGB 패키지,DDR4,3200,CL16,16GB(8GX2),16,0,0,0,0,0,68310,68310,72100,69820,69820,69820,73150,73150,73150,73150,73150,73150,73150,73150,73150,73150,73150,73150,73150,73150,0,0,0
6935872,TeamGroup T-Force DDR4-3200 CL16 Delta RGB 패키지,TeamGroup T-Force Delta RGB 패키지,DDR4,3200,CL16,32GB(16GX2),32,0,0,0,0,0,0,0,0,0,0,0,0,0,0,0,0,0,0,0,0,0,0,0,0,0,170000,170000,170000
6935872,TeamGroup T-Force DDR4-3200 CL16 Delta RGB 패키지,TeamGroup T-Force Delta RGB 패키지,DDR4,3200,CL16,16GB(8GX2),16,0,0,0,0,0,0,0,0,0,0,0,0,0,0,0,0,0,0,0,0,0,0,0,0,0,73150,73150,73150
7320400,TeamGroup T-Force DDR4-3200 CL16 Delta RGB 패키지 서린,TeamGroup T-Force Delta RGB 패키지 서린,DDR4,3200,CL16,64GB(32GX2),64,0,0,0,0,0,337500,337500,337500,337500,337500,337500,337500,0,0,0,0,0,337500,327070,337500,337500,347500,347500,347500,347500,347500,337070,327070
7320400,TeamGroup T-Force DDR4-3200 CL16 Delta RGB 패키지 서린,TeamGroup T-Force Delta RGB 패키지 서린,DDR4,3200,CL16,32GB(16GX2),32,0,0,0,0,0,1950000,1950000,1950000,1950000,1950000,1950000,1950000,0,0,0,0,0,1950000,1920000,1950000,1950000,1960000,1960000,1960000,1960000,1960000,1930000,1920000
7320400,TeamGroup T-Force DDR4-3200 CL16 Delta RGB 패키지 서린,TeamGroup T-Force Delta RGB 패키지 서린,DDR4,3200,CL16,16GB(8GX2),16,0,0,0,0,0,68750,68750,67620,69990,69990,70000,69510,0,0,0,0,0,69510,70000,70000,69520,70000,70000,70000,70000,70000,70000,70000
11380365,TeamGroup T-Force DDR4-3200 CL16 Delta RGB 패키지 서린,TeamGroup T-Force Delta RGB 패키지 서린,DDR4,3200,CL16,64GB(32GX2),64,0,0,0,0,0,0,0,0,0,0,0,0,337500,337500,337500,337500,337500,0,0,0,0,0,0,0,0,0,0,0
11380365,TeamGroup T-Force DDR4-3200 CL16 Delta RGB 패키지 서린,TeamGroup T-Force Delta RGB 패키지 서린,DDR4,3200,CL16,32GB(16GX2),32,0,0,0,0,0,0,0,0,0,0,0,0,1950000,1950000,1950000,1950000,1950000,0,0,0,0,0,0,0,0,0,0,0
11380365,TeamGroup T-Force DDR4-3200 CL16 Delta RGB 패키지 서린,TeamGroup T-Force Delta RGB 패키지 서린,DDR4,3200,CL16,16GB(8GX2),16,0,0,0,0,0,0,0,0,0,0,0,0,69510,69510,69510,69510,69510,0,0,0,0,0,0,0,0,0,0,0
6935857,TeamGroup T-Force DDR4-3200 CL16 Delta RGB 화이트 패키지,TeamGroup T-Force Delta RGB 화이트 패키지,DDR4,3200,CL16,16GB(8GX2),16,0,0,0,0,0,60470,57180,57180,57180,57180,57180,57180,57180,57180,57180,57180,57180,57180,57180,57180,57180,57180,57180,57180,57180,57180,57180,57180
7320475,TeamGroup T-Force DDR4-3200 CL16 Delta RGB 화이트 패키지 서린,TeamGroup T-Force Delta RGB 화이트 패키지 서린,DDR4,3200,CL16,16GB(8GX2),16,0,0,0,0,0,70000,70000,70000,69990,69990,70000,70000,70000,70000,70000,70000,70000,70000,70000,70000,70000,70000,70000,70000,70000,70000,70000,70000
7323604,TeamGroup T-Force DDR4-3200 CL16 Delta TUF Gaming RGB 패키지 서린,TeamGroup T-Force Delta TUF Gaming RGB 패키지 서린,DDR4,3200,CL16,16GB(8GX2),16,0,0,0,0,0,114080,114080,115400,114150,114150,114150,114080,114080,114080,114080,114080,114080,114080,110350,114080,114080,116640,115400,115400,115400,115400,115400,110350
10421118,TeamGroup T-Force DDR4-3200 CL16 Vulcan Z Gray,TeamGroup T-Force Vulcan Z Gray,DDR4,3200,CL16,32GB,32,0,0,0,0,0,148000,148000,148000,148000,148000,148000,0,0,0,0,0,0,0,147760,148000,148000,148000,148000,148000,148000,148000,0,0
10421118,TeamGroup T-Force DDR4-3200 CL16 Vulcan Z Gray,TeamGroup T-Force Vulcan Z Gray,DDR4,3200,CL16,8GB,8,0,0,0,0,0,41900,41900,41900,41900,41900,41900,0,0,0,0,0,0,0,41770,41900,41900,41900,41900,41900,41900,41900,0,0
11576393,TeamGroup T-Force DDR4-3200 CL16 Vulcan Z Gray,TeamGroup T-Force Vulcan Z Gray,DDR4,3200,CL16,32GB,32,0,0,0,0,0,0,0,0,0,0,0,148000,148000,148000,148000,148000,148000,148000,0,0,0,0,0,0,0,0,148000,148000
11576393,TeamGroup T-Force DDR4-3200 CL16 Vulcan Z Gray,TeamGroup T-Force Vulcan Z Gray,DDR4,3200,CL16,8GB,8,0,0,0,0,0,0,0,0,0,0,0,41900,41900,41900,41900,41900,41900,41900,0,0,0,0,0,0,0,0,41900,41900
13658441,TeamGroup T-Force DDR4-3200 CL16 Vulcan Z Gray 패키지,TeamGroup T-Force Vulcan Z Gray 패키지,DDR4,3200,CL16,32GB(16GX2),32,0,0,0,0,0,148500,148500,148500,148500,148500,0,0,0,148500,148500,148500,148500,148500,148500,148500,148500,148500,148500,148500,148500,148500,148500,148500
11576405,TeamGroup T-Force DDR4-3200 CL16 Vulcan Z Red,TeamGroup T-Force Vulcan Z Red,DDR4,3200,CL16,32GB,32,0,0,0,0,0,147000,147000,147000,147000,147000,147000,147000,147000,147000,147000,147000,147000,147000,147000,147000,147000,147000,147000,147000,147000,147000,147000,147000
11576405,TeamGroup T-Force DDR4-3200 CL16 Vulcan Z Red,TeamGroup T-Force Vulcan Z Red,DDR4,3200,CL16,16GB,16,0,0,0,0,0,86100,86100,86100,86100,86100,85951,85951,85951,85951,85951,86100,86100,86100,83260,86100,86100,86100,86100,86100,86100,86100,86100,86100
13658552,TeamGroup T-Force DDR4-3200 CL16 Vulcan Z Red 패키지,TeamGroup T-Force Vulcan Z Red 패키지,DDR4,3200,CL16,32GB(16GX2),32,0,0,0,0,0,148500,148500,0,0,0,0,0,0,0,0,0,0,148500,148500,148500,148500,0,0,0,0,0,0,0
13658552,TeamGroup T-Force DDR4-3200 CL16 Vulcan Z Red 패키지,TeamGroup T-Force Vulcan Z Red 패키지,DDR4,3200,CL16,16GB(8GX2),16,0,0,0,0,0,72300,72300,0,0,0,0,0,0,0,0,0,0,72300,70590,72300,72300,0,0,0,0,0,0,0
13658525,TeamGroup T-Force DDR4-3200 CL16 Vulcan Z Red 패키지,TeamGroup T-Force Vulcan Z Red 패키지,DDR4,3200,CL16,32GB(16GX2),32,0,0,0,0,0,0,0,148500,148500,148500,148500,148500,148500,148500,148500,148500,148500,0,0,0,0,148500,148500,148500,148500,148500,148500,148500
13658525,TeamGroup T-Force DDR4-3200 CL16 Vulcan Z Red 패키지,TeamGroup T-Force Vulcan Z Red 패키지,DDR4,3200,CL16,16GB(8GX2),16,0,0,0,0,0,0,0,72300,72300,72300,72300,72300,72300,72300,72300,72300,72300,0,0,0,0,72300,72300,72300,72300,72300,72300,72300
10419324,TeamGroup T-Force DDR4-3200 CL16 XTREEM ARGB 패키지 서린,TeamGroup T-Force XTREEM ARGB 패키지 서린,DDR4,3200,CL16,32GB(16GX2),32,0,0,0,0,0,192000,191990,191990,191990,191990,191990,191990,191990,191990,191990,191990,191990,191990,191990,191990,191990,191990,191990,191990,191990,191990,191990,191990
10419324,TeamGroup T-Force DDR4-3200 CL16 XTREEM ARGB 패키지 서린,TeamGroup T-Force XTREEM ARGB 패키지 서린,DDR4,3200,CL16,16GB(8GX2),16,0,0,0,0,0,121460,121460,121460,121450,121450,121460,121460,121460,121460,121460,124000,124000,124000,124000,124000,124000,124000,124000,124000,124000,124000,124000,124000
13275800,TeamGroup T-Force DDR4-3200 CL16-20-20 DARK Z RED 패키지,TeamGroup T-Force -20-20 DARK Z RED 패키지,DDR4,3200,CL16,32GB(16GX2),32,0,0,0,0,0,213590,213590,213590,213590,213590,213590,213590,213590,213590,213590,213590,213590,213590,213590,213590,213590,213590,213590,213590,213590,213590,213590,213590
12876455,TeamGroup T-Force DDR4-3200 CL16-20-20 Delta RGB 패키지 서린,TeamGroup T-Force -20-20 Delta RGB 패키지 서린,DDR4,3200,CL16,32GB(16GX2),32,0,0,0,0,0,169000,169000,169000,169000,169000,169000,169000,169000,169000,169000,169000,169000,169000,169000,169000,169000,169000,169000,169000,169000,169000,169000,169000
12958241,TeamGroup T-Force DDR4-3200 CL16-20-20 Delta RGB 화이트 패키지,TeamGroup T-Force -20-20 Delta RGB 화이트 패키지,DDR4,3200,CL16,32GB(16GX2),32,0,0,0,0,0,188800,188800,188800,188800,188800,188800,188800,188800,188800,188800,188800,188800,188800,188800,188800,188800,188800,188800,188800,188800,188800,188800,188800
12876503,TeamGroup T-Force DDR4-3200 CL16-20-20 Delta RGB 화이트 패키지 서린,TeamGroup T-Force -20-20 Delta RGB 화이트 패키지 서린,DDR4,3200,CL16,32GB(16GX2),32,0,0,0,0,0,169000,169000,0,0,0,0,0,0,0,0,0,0,0,0,0,0,0,0,0,0,0,0,0
12775196,TeamGroup T-Force DDR4-3200 CL20 ZEUS,TeamGroup T-Force ZEUS,DDR4,3200,CL20,32GB,32,0,0,0,0,0,0,0,0,0,0,0,0,0,0,0,0,0,0,0,0,0,94700,94700,94700,100600,100600,100600,100600
16876037,TeamGroup T-Force DDR4-3600 CL14 Delta RGB 패키지 서린,TeamGroup T-Force Delta RGB 패키지 서린,DDR4,3600,CL14,32GB(16GX2),32,0,0,0,0,0,369990,369870,369780,369770,369730,369610,369490,369370,369250,369130,369010,369010,372510,365870,372510,372510,372510,372510,372510,372510,372510,372510,365870
11858833,TeamGroup T-Force DDR4-3600 CL18 Delta RGB 패키지,TeamGroup T-Force Delta RGB 패키지,DDR4,3600,CL18,16GB(8GX2),16,0,0,0,0,0,97000,0,0,0,0,0,0,0,0,0,0,97000,0,0,0,97000,97000,97000,97000,97000,97000,97000,0
11380119,TeamGroup T-Force DDR4-3600 CL18 Delta RGB 패키지 서린,TeamGroup T-Force Delta RGB 패키지 서린,DDR4,3600,CL18,32GB(16GX2),32,0,0,0,0,0,185000,185000,185000,185000,185000,185000,185000,0,0,0,0,0,185000,185000,0,0,0,0,0,0,0,0,0
11380119,TeamGroup T-Force DDR4-3600 CL18 Delta RGB 패키지 서린,TeamGroup T-Force Delta RGB 패키지 서린,DDR4,3600,CL18,16GB(8GX2),16,0,0,0,0,0,70730,70730,72000,70970,70970,72000,71510,0,0,0,0,0,72000,72000,72000,71520,72000,72000,72000,72000,72000,72000,72000
11380332,TeamGroup T-Force DDR4-3600 CL18 Delta RGB 패키지 서린,TeamGroup T-Force Delta RGB 패키지 서린,DDR4,3600,CL18,32GB(16GX2),32,0,0,0,0,0,0,0,0,0,0,0,0,185000,185000,185000,185000,185000,0,0,0,0,0,0,0,0,0,0,0
11380332,TeamGroup T-Force DDR4-3600 CL18 Delta RGB 패키지 서린,TeamGroup T-Force Delta RGB 패키지 서린,DDR4,3600,CL18,16GB(8GX2),16,0,0,0,0,0,0,0,0,0,0,0,0,71510,71510,72000,72000,72000,0,0,0,0,0,0,0,0,0,0,0
11858875,TeamGroup T-Force DDR4-3600 CL18 Delta RGB 화이트 패키지,TeamGroup T-Force Delta RGB 화이트 패키지,DDR4,3600,CL18,32GB(16GX2),32,0,0,0,0,0,198000,198000,198000,198000,198000,198000,198000,198000,198000,198000,198000,198000,198000,198000,198000,198000,198000,198000,198000,198000,198000,198000,198000
11858875,TeamGroup T-Force DDR4-3600 CL18 Delta RGB 화이트 패키지,TeamGroup T-Force Delta RGB 화이트 패키지,DDR4,3600,CL18,16GB(8GX2),16,0,0,0,0,0,72000,72000,72000,72000,72000,72000,72000,72000,72000,72000,72000,72000,72000,72000,72000,72000,72000,72000,72000,72000,72000,72000,72000
11380437,TeamGroup T-Force DDR4-3600 CL18 Delta RGB 화이트 패키지 서린,TeamGroup T-Force Delta RGB 화이트 패키지 서린,DDR4,3600,CL18,64GB(32GX2),64,0,0,0,0,0,336000,336000,336000,336000,336000,336000,336000,0,0,0,0,0,336000,336000,336000,336000,336000,336000,336000,336000,336000,336000,336000
11380437,TeamGroup T-Force DDR4-3600 CL18 Delta RGB 화이트 패키지 서린,TeamGroup T-Force Delta RGB 화이트 패키지 서린,DDR4,3600,CL18,16GB(8GX2),16,0,0,0,0,0,72000,72000,72000,70960,70960,72000,72000,0,0,0,0,0,72000,72000,72000,72000,72000,71300,71300,72000,72000,72000,72000
13410311,TeamGroup T-Force DDR4-3600 CL18 Delta RGB 화이트 패키지 서린,TeamGroup T-Force Delta RGB 화이트 패키지 서린,DDR4,3600,CL18,64GB(32GX2),64,0,0,0,0,0,0,0,0,0,0,0,0,336000,336000,336000,336000,336000,0,0,0,0,0,0,0,0,0,0,0
13410311,TeamGroup T-Force DDR4-3600 CL18 Delta RGB 화이트 패키지 서린,TeamGroup T-Force Delta RGB 화이트 패키지 서린,DDR4,3600,CL18,16GB(8GX2),16,0,0,0,0,0,0,0,0,0,0,0,0,72000,72000,72000,71300,71300,0,0,0,0,0,0,0,0,0,0,0
7305265,TeamGroup T-Force DDR4-3600 CL18 Night Hawk RGB 패키지 서린,TeamGroup T-Force Night Hawk RGB 패키지 서린,DDR4,3600,CL18,16GB(8GX2),16,0,0,0,0,0,134200,134200,134200,134200,134200,134200,134200,134200,134200,134200,134200,134200,134200,134200,134200,134200,134200,134200,134200,134200,134200,134200,134200
13696217,TeamGroup T-Force DDR4-3600 CL18 Vulcan Z Red 패키지,TeamGroup T-Force Vulcan Z Red 패키지,DDR4,3600,CL18,32GB(16GX2),32,0,0,0,0,0,148500,0,0,148500,148500,148500,148500,148500,148500,148500,148500,148500,148500,0,0,0,0,0,0,148500,148500,148500,148500
7269598,TeamGroup T-Force DDR4-3600 CL18 XCALIBUR RGB 패키지 서린,TeamGroup T-Force XCALIBUR RGB 패키지 서린,DDR4,3600,CL18,16GB(8GX2),16,0,0,0,0,0,118190,118190,118190,118190,118190,118190,118190,118190,118190,118190,118190,118190,118190,118190,118190,118190,118190,118190,118190,118190,118190,118190,118190
10419333,TeamGroup T-Force DDR4-3600 CL18 XTREEM ARGB 패키지 서린,TeamGroup T-Force XTREEM ARGB 패키지 서린,DDR4,3600,CL18,16GB(8GX2),16,0,0,0,0,0,130000,130000,130000,129990,129990,130000,130000,130000,130000,130000,130000,130000,130000,130000,130000,130000,130000,130000,130000,130000,130000,130000,130000
13460960,TeamGroup T-Force DDR4-3600 CL18 XTREEM ARGB 화이트 패키지 서린,TeamGroup T-Force XTREEM ARGB 화이트 패키지 서린,DDR4,3600,CL18,32GB(16GX2),32,0,0,0,0,0,496330,496330,496330,496330,496330,496330,496330,496330,496330,496330,496330,496330,496330,496330,496330,496330,496330,496330,496330,496330,496330,496330,496330
7659601,TeamGroup T-Force DDR4-4000 CL18 XCALIBUR PG RGB 패키지 서린,TeamGroup T-Force XCALIBUR PG RGB 패키지 서린,DDR4,4000,CL18,16GB(8GX2),16,0,0,0,0,0,198000,198000,198000,198000,198000,198000,198000,198000,198000,198000,198000,198000,198000,198000,198000,198000,198000,198000,198000,198000,198000,198000,198000
10419339,TeamGroup T-Force DDR4-4000 CL18 XTREEM ARGB 패키지 서린,TeamGroup T-Force XTREEM ARGB 패키지 서린,DDR4,4000,CL18,16GB(8GX2),16,0,0,0,0,0,147000,146990,146990,146990,146990,146990,146990,146990,146990,146990,146990,146990,146990,146990,146990,146990,146990,146990,146990,146990,146990,146990,146990
13885601,TeamGroup T-Force DDR4-4000 CL18 XTREEM ARGB 화이트 패키지,TeamGroup T-Force XTREEM ARGB 화이트 패키지,DDR4,4000,CL18,16GB(8GX2),16,0,0,0,0,0,203300,203300,203300,0,0,0,0,203300,203300,203300,203300,203300,203300,203300,0,0,0,0,0,0,0,0,0
13461056,TeamGroup T-Force DDR4-4000 CL18 XTREEM ARGB 화이트 패키지 서린,TeamGroup T-Force XTREEM ARGB 화이트 패키지 서린,DDR4,4000,CL18,16GB(8GX2),16,0,0,0,0,0,147990,147990,147990,147990,147990,147990,147990,147990,147990,147990,147990,147990,147990,147990,147990,147990,147990,147990,147990,147990,147990,147990,147990
7545454,TeamGroup T-Force DDR4-4300 CL18 XTREEM 블랙 패키지,TeamGroup T-Force XTREEM 블랙 패키지,DDR4,4300,CL18,16GB(8GX2),16,0,0,0,0,0,205630,205630,205630,205630,205630,205630,205630,205630,205630,205630,205630,205630,205630,205630,205630,205630,205630,205630,205630,205630,205630,205630,205630
18134786,TeamGroup T-Force DDR5-5600 CL32 Delta RGB 패키지,TeamGroup T-Force Delta RGB 패키지,DDR5,5600,CL32,32GB(16GX2),32,0,0,0,0,0,180000,179990,179990,179990,179990,179990,179990,179990,179990,179990,179990,179990,179990,179990,179990,179990,179990,179990,179990,179990,179990,179990,179990
18612917,TeamGroup T-Force DDR5-5600 CL32 Vulcan Black 패키지,TeamGroup T-Force Vulcan Black 패키지,DDR5,5600,CL32,32GB(16GX2),32,0,0,0,0,0,214200,214200,214200,214200,214200,214200,214200,154830,154830,154830,154830,154830,154830,154830,154830,154830,154830,154830,154830,154830,154830,154830,154830
18612974,TeamGroup T-Force DDR5-5600 CL32 Vulcan Red 패키지,TeamGroup T-Force Vulcan Red 패키지,DDR5,5600,CL32,32GB(16GX2),32,0,0,0,0,0,164000,164000,163990,163980,163980,164000,164000,164000,164000,164000,164000,164000,164000,164000,164000,164000,163990,163990,163990,164000,163990,163890,163800
18597488,TeamGroup T-Force DDR5-5600 CL36 Delta RGB TUF 패키지 서린,TeamGroup T-Force Delta RGB TUF 패키지 서린,DDR5,5600,CL36,32GB(16GX2),32,0,0,0,0,0,155000,155000,155000,154980,154980,155000,155000,155000,155000,155000,155000,155000,155000,152500,152500,152500,152500,152490,152490,152500,152490,152400,152360
18497117,TeamGroup T-Force DDR5-5600 CL36 Delta RGB 패키지,TeamGroup T-Force Delta RGB 패키지,DDR5,5600,CL36,32GB(16GX2),32,0,0,0,0,0,144980,144980,147220,144980,144980,144980,144980,144980,143890,143900,141700,143900,144970,144970,144630,149300,149300,149300,149300,149300,149300,149300,149300
19552202,TeamGroup T-Force DDR5-5600 CL36 Delta RGB 패키지 서린,TeamGroup T-Force Delta RGB 패키지 서린,DDR5,5600,CL36,64GB(32GX2),64,0,0,0,0,0,300000,300000,300000,299980,0,0,0,0,0,0,0,0,0,0,0,0,0,0,0,0,0,0,0
19552202,TeamGroup T-Force DDR5-5600 CL36 Delta RGB 패키지 서린,TeamGroup T-Force Delta RGB 패키지 서린,DDR5,5600,CL36,32GB(16GX2),32,0,0,0,0,0,150000,150000,150000,149990,0,0,0,0,0,0,0,0,0,0,0,0,0,0,0,0,0,0,0
18134900,TeamGroup T-Force DDR5-5600 CL36 Delta RGB 패키지 서린,TeamGroup T-Force Delta RGB 패키지 서린,DDR5,5600,CL36,64GB(32GX2),64,0,0,0,0,0,0,0,0,0,299980,300000,300000,300000,300000,300000,299990,299990,300000,300000,300000,300000,299990,299880,299760,299640,299930,299900,299810
18134900,TeamGroup T-Force DDR5-5600 CL36 Delta RGB 패키지 서린,TeamGroup T-Force Delta RGB 패키지 서린,DDR5,5600,CL36,32GB(16GX2),32,0,0,0,0,0,0,0,0,0,149990,150000,150000,150000,150000,150000,150000,150000,150000,150000,150000,150000,150000,149990,149990,149990,149990,149990,149990
18497126,TeamGroup T-Force DDR5-5600 CL36 Delta RGB 화이트 패키지,TeamGroup T-Force Delta RGB 화이트 패키지,DDR5,5600,CL36,32GB(16GX2),32,0,0,0,0,0,146140,146140,148320,146140,146140,146140,146140,146140,146130,146130,146130,146130,146130,141450,146140,146140,148310,136940,136940,148310,136940,148310,141450
19552541,TeamGroup T-Force DDR5-5600 CL36 Delta RGB 화이트 패키지 서린,TeamGroup T-Force Delta RGB 화이트 패키지 서린,DDR5,5600,CL36,64GB(32GX2),64,0,0,0,0,0,300000,300000,300000,299990,0,0,300000,300000,300000,300000,299900,299900,300000,0,0,0,0,0,0,0,0,0,0
19552541,TeamGroup T-Force DDR5-5600 CL36 Delta RGB 화이트 패키지 서린,TeamGroup T-Force Delta RGB 화이트 패키지 서린,DDR5,5600,CL36,32GB(16GX2),32,0,0,0,0,0,150000,150000,150000,150000,0,0,150000,150000,150000,150000,150000,150000,150000,0,0,0,0,0,0,0,0,0,0
18134924,TeamGroup T-Force DDR5-5600 CL36 Delta RGB 화이트 패키지 서린,TeamGroup T-Force Delta RGB 화이트 패키지 서린,DDR5,5600,CL36,64GB(32GX2),64,0,0,0,0,0,0,0,0,0,299990,300000,0,0,0,0,0,0,0,300000,300000,300000,299990,299880,299760,299640,299930,299900,299810
18134924,TeamGroup T-Force DDR5-5600 CL36 Delta RGB 화이트 패키지 서린,TeamGroup T-Force Delta RGB 화이트 패키지 서린,DDR5,5600,CL36,32GB(16GX2),32,0,0,0,0,0,0,0,0,0,150000,150000,0,0,0,0,0,0,0,150000,150000,150000,150000,150000,150000,150000,150000,150000,150000
18613076,TeamGroup T-Force DDR5-5600 CL36 Vulcan Black 패키지 서린,TeamGroup T-Force Vulcan Black 패키지 서린,DDR5,5600,CL36,32GB(16GX2),32,0,0,0,0,0,183650,141050,145000,144990,144990,145000,145000,145000,145000,145000,145000,145000,145000,145000,145000,145000,145000,145000,145000,145000,145000,145000,145000
18613076,TeamGroup T-Force DDR5-5600 CL36 Vulcan Black 패키지 서린,TeamGroup T-Force Vulcan Black 패키지 서린,DDR5,5600,CL36,64GB(32GX2),64,0,0,0,0,0,0,290000,290000,289990,289990,290000,290000,290000,290000,290000,290000,290000,290000,290000,290000,290000,290000,290000,289990,290000,290000,290000,290000
20547320,TeamGroup T-Force DDR5-5600 CL36 Vulcan Red 패키지,TeamGroup T-Force Vulcan Red 패키지,DDR5,5600,CL36,32GB(16GX2),32,0,0,0,0,0,145000,145000,145000,144990,144990,0,145000,145000,145000,145000,145000,145000,145000,145000,145000,145000,144990,144990,144990,0,0,144900,144860
20547320,TeamGroup T-Force DDR5-5600 CL36 Vulcan Red 패키지,TeamGroup T-Force Vulcan Red 패키지,DDR5,5600,CL36,64GB(32GX2),64,0,0,0,0,0,290000,290000,290000,289990,289990,0,290000,290000,290000,290000,290000,290000,290000,290000,290000,290000,289990,289990,289980,0,0,289900,289860
18613103,TeamGroup T-Force DDR5-5600 CL36 Vulcan Red 패키지,TeamGroup T-Force Vulcan Red 패키지,DDR5,5600,CL36,32GB(16GX2),32,0,0,0,0,0,0,0,0,0,0,145000,0,0,0,0,0,0,0,0,0,0,0,0,0,145000,144990,0,0
18613103,TeamGroup T-Force DDR5-5600 CL36 Vulcan Red 패키지,TeamGroup T-Force Vulcan Red 패키지,DDR5,5600,CL36,64GB(32GX2),64,0,0,0,0,0,0,0,0,0,0,290000,0,0,0,0,0,0,0,0,0,0,0,0,0,290000,289990,0,0
74341889,TeamGroup T-Force DDR5-6000 CL28 Delta RGB 블랙 패키지 서린,TeamGroup T-Force Delta RGB 블랙 패키지 서린,DDR5,6000,CL28,32GB(16GX2),32,0,0,0,0,0,199000,199000,199000,198990,198970,199000,199000,199000,199000,199000,198990,198990,199000,194280,199000,199000,199000,199000,198970,199000,199000,199000,194280
74341892,TeamGroup T-Force DDR5-6000 CL28 Delta RGB 화이트 패키지 서린,TeamGroup T-Force Delta RGB 화이트 패키지 서린,DDR5,6000,CL28,32GB(16GX2),32,0,0,0,0,0,199000,199000,199000,198990,198970,199000,199000,199000,199000,199000,198990,198990,199000,194280,199000,199000,199000,199000,197880,199000,199000,199000,194280
18134999,TeamGroup T-Force DDR5-6000 CL30 Delta RGB 패키지,TeamGroup T-Force Delta RGB 패키지,DDR5,6000,CL30,32GB(16GX2),32,0,0,0,0,0,167950,167950,167950,167940,167940,167950,167950,167950,167950,167950,155250,155250,155250,167950,167950,167950,167950,155250,155250,167950,155250,167950,167950
18135029,TeamGroup T-Force DDR5-6000 CL30 Delta RGB 화이트 패키지,TeamGroup T-Force Delta RGB 화이트 패키지,DDR5,6000,CL30,32GB(16GX2),32,0,0,0,0,0,169990,169990,169990,167680,167680,169990,169990,169990,169990,169990,167680,167680,169990,164600,169990,169990,169990,155250,155250,169990,155250,169990,169990
67693589,TeamGroup T-Force DDR5-6000 CL30 XTREEM 패키지 서린,TeamGroup T-Force XTREEM 패키지 서린,DDR5,6000,CL30,32GB(16GX2),32,0,0,0,0,0,172000,172000,172000,172000,172000,172000,172000,172000,172000,172000,172000,172000,172000,172000,172000,172000,172000,172000,172000,172000,172000,172000,172000
18597491,TeamGroup T-Force DDR5-6000 CL38 Delta RGB TUF 패키지 서린,TeamGroup T-Force Delta RGB TUF 패키지 서린,DDR5,6000,CL38,32GB(16GX2),32,0,0,0,0,0,157000,157000,157000,156980,156980,157000,157000,157000,156990,157000,156990,156990,157000,157000,157000,157000,156990,151520,151520,156970,151520,156910,156790
29482883,TeamGroup T-Force DDR5-6000 CL38 Delta RGB 패키지,TeamGroup T-Force Delta RGB 패키지,DDR5,6000,CL38,64GB(32GX2),64,0,0,0,0,0,305990,305990,305990,305990,305970,305970,0,0,0,0,0,0,0,0,0,0,0,0,0,0,0,0,0
29482883,TeamGroup T-Force DDR5-6000 CL38 Delta RGB 패키지,TeamGroup T-Force Delta RGB 패키지,DDR5,6000,CL38,32GB(16GX2),32,0,0,0,0,0,160990,160990,160990,160990,160990,161000,0,0,0,0,0,0,0,0,0,0,0,0,0,0,0,0,0
29483051,TeamGroup T-Force DDR5-6000 CL38 Delta RGB 패키지,TeamGroup T-Force Delta RGB 패키지,DDR5,6000,CL38,64GB(32GX2),64,0,0,0,0,0,0,0,0,0,0,0,307110,307110,307110,307110,307110,307110,307110,307110,305970,307100,307100,307100,307100,307100,307100,307100,307100
29483051,TeamGroup T-Force DDR5-6000 CL38 Delta RGB 패키지,TeamGroup T-Force Delta RGB 패키지,DDR5,6000,CL38,32GB(16GX2),32,0,0,0,0,0,0,0,0,0,0,0,161000,161000,161000,161000,161000,161000,161000,161000,161000,161000,161000,161000,161000,161000,161000,161000,161000
16034945,TeamGroup T-Force DDR5-6000 CL38 Delta RGB 패키지 서린,TeamGroup T-Force Delta RGB 패키지 서린,DDR5,6000,CL38,64GB(32GX2),64,0,0,0,0,0,304990,304990,304990,304930,304920,305000,305000,0,0,0,0,0,305000,305000,305000,305000,304990,304880,304760,304640,304930,304900,304810
16034945,TeamGroup T-Force DDR5-6000 CL38 Delta RGB 패키지 서린,TeamGroup T-Force Delta RGB 패키지 서린,DDR5,6000,CL38,32GB(16GX2),32,0,0,0,0,0,152000,152000,152000,151980,151980,152000,152000,0,0,0,0,0,152000,147140,152000,152000,152000,151990,151950,151870,151990,151990,151990
19552994,TeamGroup T-Force DDR5-6000 CL38 Delta RGB 패키지 서린,TeamGroup T-Force Delta RGB 패키지 서린,DDR5,6000,CL38,64GB(32GX2),64,0,0,0,0,0,0,0,0,0,0,0,0,305000,305000,305000,305000,305000,0,0,0,0,0,0,0,0,0,0,0
19552994,TeamGroup T-Force DDR5-6000 CL38 Delta RGB 패키지 서린,TeamGroup T-Force Delta RGB 패키지 서린,DDR5,6000,CL38,32GB(16GX2),32,0,0,0,0,0,0,0,0,0,0,0,0,152000,152000,152000,152000,151990,0,0,0,0,0,0,0,0,0,0,0
29482967,TeamGroup T-Force DDR5-6000 CL38 Delta RGB 화이트 패키지,TeamGroup T-Force Delta RGB 화이트 패키지,DDR5,6000,CL38,64GB(32GX2),64,0,0,0,0,0,306630,306620,306580,306510,306390,306270,307500,307500,307500,307500,307500,307500,307500,307500,307500,307500,307500,0,0,0,0,0,0
29482967,TeamGroup T-Force DDR5-6000 CL38 Delta RGB 화이트 패키지,TeamGroup T-Force Delta RGB 화이트 패키지,DDR5,6000,CL38,32GB(16GX2),32,0,0,0,0,0,167000,167000,167000,167990,167990,167990,167990,167990,168000,168000,168000,168000,168000,168000,159820,167000,167000,0,0,0,0,0,0
29483009,TeamGroup T-Force DDR5-6000 CL38 Delta RGB 화이트 패키지,TeamGroup T-Force Delta RGB 화이트 패키지,DDR5,6000,CL38,64GB(32GX2),64,0,0,0,0,0,0,0,0,0,0,0,0,0,0,0,0,0,0,0,0,0,0,307500,307500,307500,307500,337000,337000
29483009,TeamGroup T-Force DDR5-6000 CL38 Delta RGB 화이트 패키지,TeamGroup T-Force Delta RGB 화이트 패키지,DDR5,6000,CL38,32GB(16GX2),32,0,0,0,0,0,0,0,0,0,0,0,0,0,0,0,0,0,0,0,0,0,0,165000,165000,165000,165000,165000,165000
16443341,TeamGroup T-Force DDR5-6000 CL38 Delta RGB 화이트 패키지 서린,TeamGroup T-Force Delta RGB 화이트 패키지 서린,DDR5,6000,CL38,64GB(32GX2),64,0,0,0,0,0,305000,305000,305000,304980,304980,305000,305000,0,0,0,0,0,0,305000,0,305000,304990,304880,304760,304640,304930,304900,304810
16443341,TeamGroup T-Force DDR5-6000 CL38 Delta RGB 화이트 패키지 서린,TeamGroup T-Force Delta RGB 화이트 패키지 서린,DDR5,6000,CL38,32GB(16GX2),32,0,0,0,0,0,152000,152000,152000,152000,152000,152000,152000,0,0,0,0,0,0,147140,0,152000,152000,152000,151990,152000,152000,152000,152000
19553282,TeamGroup T-Force DDR5-6000 CL38 Delta RGB 화이트 패키지 서린,TeamGroup T-Force Delta RGB 화이트 패키지 서린,DDR5,6000,CL38,64GB(32GX2),64,0,0,0,0,0,0,0,0,0,0,0,0,305000,304990,305000,304980,304980,305000,0,305000,0,0,0,0,0,0,0,0
19553282,TeamGroup T-Force DDR5-6000 CL38 Delta RGB 화이트 패키지 서린,TeamGroup T-Force Delta RGB 화이트 패키지 서린,DDR5,6000,CL38,32GB(16GX2),32,0,0,0,0,0,0,0,0,0,0,0,0,152000,152000,152000,151990,151990,152000,0,152000,0,0,0,0,0,0,0,0
19553681,TeamGroup T-Force DDR5-6000 CL38 Vulcan Black 패키지 서린,TeamGroup T-Force Vulcan Black 패키지 서린,DDR5,6000,CL38,64GB(32GX2),64,0,0,0,0,0,300000,300000,300000,0,0,0,0,0,0,0,0,0,0,0,0,300000,300000,300000,299990,300000,300000,300000,300000
19553681,TeamGroup T-Force DDR5-6000 CL38 Vulcan Black 패키지 서린,TeamGroup T-Force Vulcan Black 패키지 서린,DDR5,6000,CL38,32GB(16GX2),32,0,0,0,0,0,158000,158000,158000,0,0,0,0,0,0,0,0,0,0,0,0,158000,158000,158000,158000,158000,158000,158000,158000
18613178,TeamGroup T-Force DDR5-6000 CL38 Vulcan Black 패키지 서린,TeamGroup T-Force Vulcan Black 패키지 서린,DDR5,6000,CL38,64GB(32GX2),64,0,0,0,0,0,0,0,0,299990,299990,300000,300000,300000,300000,300000,300000,300000,300000,300000,300000,0,0,0,0,0,0,0,0
18613178,TeamGroup T-Force DDR5-6000 CL38 Vulcan Black 패키지 서린,TeamGroup T-Force Vulcan Black 패키지 서린,DDR5,6000,CL38,32GB(16GX2),32,0,0,0,0,0,0,0,0,157990,157990,158000,158000,158000,158000,158000,158000,158000,158000,158000,158000,0,0,0,0,0,0,0,0
54100964,TeamGroup T-Force DDR5-6000 CL38 Vulcan ECO 패키지 서린,TeamGroup T-Force Vulcan ECO 패키지 서린,DDR5,6000,CL38,32GB(16GX2),32,0,0,0,0,0,158000,158000,158000,158000,158000,158000,158000,158000,158000,158000,157990,157990,158000,158000,158000,158000,157990,157990,157580,158000,157990,157880,157760
18613220,TeamGroup T-Force DDR5-6000 CL38 Vulcan Red 패키지,TeamGroup T-Force Vulcan Red 패키지,DDR5,6000,CL38,64GB(32GX2),64,0,0,0,0,0,300000,300000,300000,300000,300000,300000,0,0,0,0,0,0,0,0,300000,300000,299990,299990,299980,300000,299990,299900,299860
18613220,TeamGroup T-Force DDR5-6000 CL38 Vulcan Red 패키지,TeamGroup T-Force Vulcan Red 패키지,DDR5,6000,CL38,32GB(16GX2),32,0,0,0,0,0,158000,158000,158000,157990,157990,158000,0,0,0,0,0,0,0,0,154670,154670,154670,154670,154670,154670,154670,154670,154670
19553936,TeamGroup T-Force DDR5-6000 CL38 Vulcan Red 패키지,TeamGroup T-Force Vulcan Red 패키지,DDR5,6000,CL38,64GB(32GX2),64,0,0,0,0,0,0,0,0,0,0,0,300000,300000,300000,300000,300000,300000,300000,300000,0,0,0,0,0,0,0,0,0
19553936,TeamGroup T-Force DDR5-6000 CL38 Vulcan Red 패키지,TeamGroup T-Force Vulcan Red 패키지,DDR5,6000,CL38,32GB(16GX2),32,0,0,0,0,0,0,0,0,0,0,0,158000,158000,158000,158000,158000,158000,158000,158000,0,0,0,0,0,0,0,0,0
77088722,TeamGroup T-Force DDR5-6400 CL32 Delta RGB 패키지,TeamGroup T-Force Delta RGB 패키지,DDR5,6400,CL32,32GB(16GX2),32,0,0,0,0,0,162600,162600,162600,162600,160390,160850,160850,160850,160850,160850,160390,160390,162600,162600,162600,162600,162600,162600,162590,162600,162600,162600,164960
67693646,TeamGroup T-Force DDR5-6400 CL32 XTREEM ARGB 패키지 서린,TeamGroup T-Force XTREEM ARGB 패키지 서린,DDR5,6400,CL32,32GB(16GX2),32,0,0,0,0,0,187000,187000,187000,186980,186960,187000,187000,187000,186990,187000,186980,186980,187000,187000,187000,187000,186990,186990,186960,187000,186990,186880,186760
20547332,TeamGroup T-Force DDR5-6400 CL34 Vulcan Black 패키지 서린,TeamGroup T-Force Vulcan Black 패키지 서린,DDR5,6400,CL34,64GB(32GX2),64,0,0,0,0,0,405000,405000,405000,405000,405000,405000,405000,405000,405000,405000,405000,405000,405000,405000,405000,405000,405000,405000,405000,405000,405000,405000,405000
20547335,TeamGroup T-Force DDR5-6400 CL34 Vulcan Red 패키지,TeamGroup T-Force Vulcan Red 패키지,DDR5,6400,CL34,64GB(32GX2),64,0,0,0,0,0,405000,405000,405000,405000,405000,405000,405000,405000,405000,405000,405000,405000,405000,405000,405000,405000,405000,405000,405000,405000,405000,405000,405000
18497150,TeamGroup T-Force DDR5-6400 CL40 Delta RGB 패키지,TeamGroup T-Force Delta RGB 패키지,DDR5,6400,CL40,32GB(16GX2),32,0,0,0,0,0,178900,178900,178900,178900,177490,178900,178900,178900,178900,178900,177500,177500,178900,178900,178900,178900,178900,178900,178900,178900,0,0,0
16035029,TeamGroup T-Force DDR5-6400 CL40 Delta RGB 패키지 서린,TeamGroup T-Force Delta RGB 패키지 서린,DDR5,6400,CL40,32GB(16GX2),32,0,0,0,0,0,159000,159000,159000,158980,158980,159000,159000,159000,159000,159000,159000,159000,159000,159000,159000,159000,159000,158990,158990,158990,158990,158990,158990
18497159,TeamGroup T-Force DDR5-6400 CL40 Delta RGB 화이트 패키지,TeamGroup T-Force Delta RGB 화이트 패키지,DDR5,6400,CL40,32GB(16GX2),32,0,0,0,0,0,178900,178900,178900,0,0,178900,178900,178900,178900,178900,177500,177500,178900,0,0,0,0,0,0,0,0,0,0
16443404,TeamGroup T-Force DDR5-6400 CL40 Delta RGB 화이트 패키지 서린,TeamGroup T-Force Delta RGB 화이트 패키지 서린,DDR5,6400,CL40,32GB(16GX2),32,0,0,0,0,0,159000,158990,158990,158990,158990,158990,158990,158990,158990,158990,158990,158990,158990,158990,158990,158990,158990,158990,158990,158990,158990,158990,158990
20547347,TeamGroup T-Force DDR5-6400 CL40 Vulcan Black 패키지,TeamGroup T-Force Vulcan Black 패키지,DDR5,6400,CL40,32GB(16GX2),32,0,0,0,0,0,156640,156640,156640,156640,156640,156640,156640,156640,156640,156640,156640,156640,156640,160000,160000,160000,159990,159990,159980,160000,159990,159890,159800
20547356,TeamGroup T-Force DDR5-6400 CL40 Vulcan Red 패키지,TeamGroup T-Force Vulcan Red 패키지,DDR5,6400,CL40,32GB(16GX2),32,0,0,0,0,0,159300,159300,160000,159290,159290,159300,159300,159300,159290,159300,159280,159280,159300,154220,159300,159300,159970,159970,159960,159980,159970,159880,154220
18135068,TeamGroup T-Force DDR5-6800 CL34 Delta RGB 패키지,TeamGroup T-Force Delta RGB 패키지,DDR5,6800,CL34,32GB(16GX2),32,0,0,0,0,0,199000,198990,198990,198990,198990,198990,198990,198990,198990,198990,198990,198990,198990,198990,198990,198990,198990,198990,198990,198990,198990,198990,198990
18135098,TeamGroup T-Force DDR5-6800 CL34 Delta RGB 화이트 패키지,TeamGroup T-Force Delta RGB 화이트 패키지,DDR5,6800,CL34,32GB(16GX2),32,0,0,0,0,0,198980,198970,198970,198970,198970,198970,198970,198970,198970,198970,198970,198970,198970,198970,198970,198970,198970,198970,198970,198970,198970,198970,198970
18135167,TeamGroup T-Force DDR5-7200 CL34 Delta RGB 패키지,TeamGroup T-Force Delta RGB 패키지,DDR5,7200,CL34,32GB(16GX2),32,0,0,0,0,0,209000,209000,209000,208980,208980,209000,209000,209000,209000,209000,209000,209000,209000,209000,209000,209000,209000,209000,209000,209000,209000,209000,209000
18135173,TeamGroup T-Force DDR5-7200 CL34 Delta RGB 화이트 패키지,TeamGroup T-Force Delta RGB 화이트 패키지,DDR5,7200,CL34,32GB(16GX2),32,0,0,0,0,0,209000,209000,209000,209000,209000,209000,209000,209000,209000,209000,209000,209000,209000,209000,209000,209000,209000,209000,209000,209000,209000,209000,209000
67693703,TeamGroup T-Force DDR5-7200 CL34 XTREEM ARGB 패키지 서린,TeamGroup T-Force XTREEM ARGB 패키지 서린,DDR5,7200,CL34,48GB(24GX2),48,0,0,0,0,0,330000,330000,330000,329980,329960,330000,0,0,0,0,0,0,0,0,0,0,0,0,0,0,0,0,0
67693703,TeamGroup T-Force DDR5-7200 CL34 XTREEM ARGB 패키지 서린,TeamGroup T-Force XTREEM ARGB 패키지 서린,DDR5,7200,CL34,32GB(16GX2),32,0,0,0,0,0,209870,209870,209870,209870,209850,209830,0,0,0,0,0,0,0,0,0,0,0,0,0,0,0,0,0
67693715,TeamGroup T-Force DDR5-7200 CL34 XTREEM ARGB 패키지 서린,TeamGroup T-Force XTREEM ARGB 패키지 서린,DDR5,7200,CL34,48GB(24GX2),48,0,0,0,0,0,0,0,0,0,0,0,330000,330000,330000,330000,330000,330000,330000,330000,330000,330000,330000,330000,330000,330000,330000,330000,330000
67693715,TeamGroup T-Force DDR5-7200 CL34 XTREEM ARGB 패키지 서린,TeamGroup T-Force XTREEM ARGB 패키지 서린,DDR5,7200,CL34,32GB(16GX2),32,0,0,0,0,0,0,0,0,0,0,0,209830,209830,209830,209830,209830,209830,209830,209830,209830,209830,209830,209830,209810,209810,209790,209790,209790
74341913,TeamGroup T-Force DDR5-7200 CL34 XTREEM ARGB 화이트 패키지 서린,TeamGroup T-Force XTREEM ARGB 화이트 패키지 서린,DDR5,7200,CL34,32GB(16GX2),32,0,0,0,0,0,210000,210000,210000,210000,210000,210000,210000,210000,210000,210000,210000,210000,210000,205530,210000,210000,210000,210000,210000,210000,210000,210000,205530
67693685,TeamGroup T-Force DDR5-7200 CL34 XTREEM 패키지 서린,TeamGroup T-Force XTREEM 패키지 서린,DDR5,7200,CL34,48GB(24GX2),48,0,0,0,0,0,320000,320000,320000,319980,319960,320000,320000,320000,320000,320000,320000,320000,320000,320000,320000,320000,320000,320000,320000,320000,320000,320000,320000
68538647,TeamGroup T-Force DDR5-7200 CL34 XTREEM 핑크 패키지 서린,TeamGroup T-Force XTREEM 핑크 패키지 서린,DDR5,7200,CL34,48GB(24GX2),48,0,0,0,0,0,320000,320000,320000,319980,319960,320000,320000,320000,320000,320000,320000,320000,320000,320000,319990,319990,319980,319870,319750,319630,319910,319820,319780
68538647,TeamGroup T-Force DDR5-7200 CL34 XTREEM 핑크 패키지 서린,TeamGroup T-Force XTREEM 핑크 패키지 서린,DDR5,7200,CL34,32GB(16GX2),32,0,0,0,0,0,199000,199000,199000,198990,198970,199000,199000,199000,199000,199000,198990,198990,199000,199000,199000,199000,199000,199000,198970,199000,199000,199000,199000
68538683,TeamGroup T-Force DDR5-7200 CL34 XTREEM 화이트 패키지 서린,TeamGroup T-Force XTREEM 화이트 패키지 서린,DDR5,7200,CL34,48GB(24GX2),48,0,0,0,0,0,320000,320000,320000,319980,319960,320000,320000,320000,320000,320000,319990,319990,320000,320000,320000,320000,319990,319880,318260,319840,319770,319660,319540
68538683,TeamGroup T-Force DDR5-7200 CL34 XTREEM 화이트 패키지 서린,TeamGroup T-Force XTREEM 화이트 패키지 서린,DDR5,7200,CL34,32GB(16GX2),32,0,0,0,0,0,199000,199000,199000,198980,198960,199000,199000,199000,199000,199000,198990,198990,199000,198980,198980,198980,198970,198860,197940,198820,198750,198670,198660
18207233,TeamGroup T-Force DDR5-7600 CL36 Delta RGB 화이트 패키지,TeamGroup T-Force Delta RGB 화이트 패키지,DDR5,7600,CL36,32GB(16GX2),32,0,0,0,0,0,248000,247990,247990,247980,247980,248000,248000,217160,217160,217160,217160,217160,217160,217160,217160,217160,217160,217160,217160,217160,217160,217160,217160
20547275,TeamGroup T-Force DDR5-8000 CL38 Delta RGB 패키지 서린,TeamGroup T-Force Delta RGB 패키지 서린,DDR5,8000,CL38,32GB(16GX2),32,0,0,0,0,0,382000,382000,382000,382000,382000,382000,382000,382000,382000,382000,382000,382000,382000,382000,382000,382000,382000,382000,382000,382000,382000,382000,382000
20547287,TeamGroup T-Force DDR5-8000 CL38 Delta RGB 화이트 패키지,TeamGroup T-Force Delta RGB 화이트 패키지,DDR5,8000,CL38,32GB(16GX2),32,0,0,0,0,0,390000,390000,390000,389980,389980,390000,390000,390000,389990,390000,389980,389980,390000,390000,390000,390000,389990,389990,389980,390000,389990,389890,389800
54101039,TeamGroup T-Force DDR5-8000 CL38 XTREEM ARGB 패키지 서린,TeamGroup T-Force XTREEM ARGB 패키지 서린,DDR5,8000,CL38,32GB(16GX2),32,0,0,0,0,0,456000,456000,456000,456000,456000,456000,456000,456000,456000,456000,456000,456000,456000,456000,456000,456000,465500,465500,465500,465500,465500,465500,465500
54101039,TeamGroup T-Force DDR5-8000 CL38 XTREEM ARGB 패키지 서린,TeamGroup T-Force XTREEM ARGB 패키지 서린,DDR5,8000,CL38,48GB(24GX2),48,0,0,0,0,0,405000,405000,405000,404990,404970,405000,405000,405000,405000,405000,404990,404990,405000,405000,405000,405000,405000,405000,405000,405000,405000,405000,405000
74341904,TeamGroup T-Force DDR5-8000 CL38 XTREEM ARGB 화이트 패키지 서린,TeamGroup T-Force XTREEM ARGB 화이트 패키지 서린,DDR5,8000,CL38,48GB(24GX2),48,0,0,0,0,0,405000,0,0,0,0,0,0,0,0,0,0,0,0,0,0,0,405000,0,0,0,0,0,0
74341904,TeamGroup T-Force DDR5-8000 CL38 XTREEM ARGB 화이트 패키지 서린,TeamGroup T-Force XTREEM ARGB 화이트 패키지 서린,DDR5,8000,CL38,32GB(16GX2),32,0,0,0,0,0,371140,0,0,0,0,0,0,0,0,0,0,0,0,0,0,0,379990,0,0,0,0,0,379990
74341898,TeamGroup T-Force DDR5-8000 CL38 XTREEM ARGB 화이트 패키지 서린,TeamGroup T-Force XTREEM ARGB 화이트 패키지 서린,DDR5,8000,CL38,48GB(24GX2),48,0,0,0,0,0,405000,405000,405000,404990,404970,405000,405000,405000,405000,405000,405000,405000,405000,405000,405000,405000,0,405000,404970,405000,405000,405000,0
74341898,TeamGroup T-Force DDR5-8000 CL38 XTREEM ARGB 화이트 패키지 서린,TeamGroup T-Force XTREEM ARGB 화이트 패키지 서린,DDR5,8000,CL38,32GB(16GX2),32,0,0,0,0,0,371140,371020,370910,370900,370860,370740,370630,370620,378760,378760,378750,378750,378760,378760,378760,378760,0,379990,379960,379990,379990,379990,0
74052965,TeamGroup T-Force DDR5-8400 CL42 XTREEM CKD 패키지 서린,TeamGroup T-Force XTREEM CKD 패키지 서린,DDR5,8400,CL42,48GB(24GX2),48,0,0,0,0,0,444900,444900,444900,444890,444870,444900,444900,444900,444900,444900,444890,444890,444900,444900,444900,444900,444900,444900,444870,444900,444900,444900,444900
74053055,TeamGroup T-Force DDR5-8800 CL42 XTREEM CKD 패키지 서린,TeamGroup T-Force XTREEM CKD 패키지 서린,DDR5,8800,CL42,48GB(24GX2),48,0,0,0,0,0,511050,511050,511050,511040,511020,511050,511050,511050,522280,522280,522270,522270,522280,522280,522280,522280,522280,522170,522140,522130,522110,521990,521870
13965674,TeamGroup T-Force 노트북 DDR4-3200 CL22 ZEUS,TeamGroup T-Force 노트북 ZEUS,DDR4,3200,CL22,8GB,8,0,0,0,0,0,85670,85670,85670,85670,85670,85670,85670,85670,85670,85670,85670,85670,85670,85670,85670,85670,0,0,0,0,85670,85670,85670
13965689,TeamGroup T-Force 노트북 DDR4-3200 CL22 ZEUS,TeamGroup T-Force 노트북 ZEUS,DDR4,3200,CL22,16GB,16,0,0,0,0,0,0,0,0,0,0,0,0,0,0,0,0,0,0,0,0,0,46600,46600,46600,46600,0,0,0
13965689,TeamGroup T-Force 노트북 DDR4-3200 CL22 ZEUS,TeamGroup T-Force 노트북 ZEUS,DDR4,3200,CL22,8GB,8,0,0,0,0,0,0,0,0,0,0,0,0,0,0,0,0,0,0,0,0,0,85670,85670,85670,85670,0,0,0
17712185,TeamGroup T-Force 노트북 DDR4-3200 CL22 ZEUS 해외구매,TeamGroup T-Force 노트북 ZEUS 해외구매,DDR4,3200,CL22,16GB,16,0,0,0,0,0,64470,64470,64470,64470,64470,64470,64470,64470,0,0,0,0,0,0,0,0,0,0,0,0,0,0,0
17712185,TeamGroup T-Force 노트북 DDR4-3200 CL22 ZEUS 해외구매,TeamGroup T-Force 노트북 ZEUS 해외구매,DDR4,3200,CL22,8GB,8,0,0,0,0,0,53740,53740,56730,54940,54940,54940,54340,54340,54340,54340,54340,54340,54340,52540,0,0,0,0,0,0,0,0,0
11419113,TeamGroup 노트북 DDR4-3200 Elite,TeamGroup 노트북 Elite,DDR4,3200,0,32GB,32,0,0,0,0,0,88000,88000,0,0,0,0,0,0,0,0,0,0,0,0,0,0,0,0,0,0,0,0,0
6502718,Terabyte Ramonster DDR4-2666 CL19 BLACK,Terabyte Ramonster BLACK,DDR4,2666,CL19,8GB,8,0,0,0,0,0,21000,21000,25900,25900,25900,25900,25900,25900,25900,25900,25900,25900,25900,25900,25900,25900,25900,25900,25900,25900,25900,25900,25900
6502718,Terabyte Ramonster DDR4-2666 CL19 BLACK,Terabyte Ramonster BLACK,DDR4,2666,CL19,4GB,4,0,0,0,0,0,21000,21000,21000,21000,21000,21000,21000,21000,21000,21000,21000,21000,21000,21000,21000,21000,21000,21000,21000,21000,21000,21000,21000
18274718,Terabyte Ramonster DDR4-3200 CL22,Terabyte Ramonster,DDR4,3200,CL22,32GB,32,0,0,0,0,0,92070,92070,92070,92070,92070,92070,92070,92070,93060,93060,93060,93060,93060,93060,93060,90090,93060,92070,92070,92070,92070,92070,92070
18274718,Terabyte Ramonster DDR4-3200 CL22,Terabyte Ramonster,DDR4,3200,CL22,16GB,16,0,0,0,0,0,42700,42700,42090,42560,42700,42700,42700,42700,42700,42700,42700,42700,42700,41900,39820,40420,40500,40900,40900,40900,40900,44000,44000
18274718,Terabyte Ramonster DDR4-3200 CL22,Terabyte Ramonster,DDR4,3200,CL22,8GB,8,0,0,0,0,0,21000,22570,22570,22570,22570,22570,22570,22570,22570,22570,22570,22570,22570,22520,22100,23570,25070,25060,25030,24940,24910,24810,23400
10558731,Terabyte Ramonster DDR4-3200 CL22 BLACK,Terabyte Ramonster BLACK,DDR4,3200,CL22,8GB,8,0,0,0,0,0,25900,25900,25900,25900,25900,25900,25900,25900,25900,25900,25900,25900,25900,25900,25900,25900,25900,25900,0,0,0,25900,25900
7643122,Terabyte Ramonster 노트북 DDR4-2666 CL19,Terabyte Ramonster 노트북,DDR4,2666,CL19,4GB,4,0,0,0,0,0,29000,29000,29000,29000,29000,29000,29000,29000,29000,29000,29000,29000,29000,29000,29000,29000,29000,29000,29000,29000,29000,29000,29000
18273281,Terabyte Ramonster 노트북 DDR4-3200 CL22,Terabyte Ramonster 노트북,DDR4,3200,CL22,16GB,16,0,0,0,0,0,50570,50570,50490,50490,50490,46965,46965,46965,51120,51120,51120,51120,51120,49440,51120,51120,52980,52910,52880,52860,52860,50830,47460
18273281,Terabyte Ramonster 노트북 DDR4-3200 CL22,Terabyte Ramonster 노트북,DDR4,3200,CL22,8GB,8,0,0,0,0,0,23400,23400,23400,23400,23400,23400,23400,23400,41800,41800,41800,41800,41800,41800,41800,41800,41800,41800,41800,41800,41800,41800,41800
18273281,Terabyte Ramonster 노트북 DDR4-3200 CL22,Terabyte Ramonster 노트북,DDR4,3200,CL22,4GB,4,0,0,0,0,0,50000,50000,50000,50000,50000,50000,50000,50000,50000,50000,50000,50000,50000,50000,50000,50000,50000,50000,50000,50000,50000,50000,50000
7175608,V-Color BLACK DDR4-2666,V-Color BLACK,DDR4,2666,0,8GB,8,0,0,0,0,0,0,0,0,0,0,0,0,0,0,0,0,0,0,0,0,0,0,0,0,0,0,18700,18700
10720701,V-Color BLACK DDR4-3200,V-Color BLACK,DDR4,3200,0,8GB,8,0,0,0,0,0,0,0,0,0,0,0,0,0,0,0,0,0,0,0,0,0,24360,24360,24360,24360,24360,24360,24360
16664129,V-Color BLACK DDR4-3200 벌크,V-Color BLACK 벌크,DDR4,3200,0,8GB,8,0,0,0,0,0,23290,23290,23290,23290,23290,23290,23290,23290,23290,23290,23290,23290,23290,23290,23290,23290,23000,23000,23000,23000,23000,23000,23000
31998203,V-Color BLACK DDR5-5200 CL42 STANDARD 벌크,V-Color BLACK STANDARD 벌크,DDR5,5200,CL42,8GB,8,0,0,0,0,0,27810,27810,27810,27810,27810,27810,27810,27810,27810,27810,27810,27810,27810,27810,27810,30000,30000,30000,30000,30000,30000,30000,30000
27953468,V-Color BLACK DDR5-5600 CL46 STANDARD 벌크,V-Color BLACK STANDARD 벌크,DDR5,5600,CL46,16GB,16,0,0,0,0,0,73000,73000,73000,73000,73000,73000,73000,73000,73000,73000,73000,73000,73000,73000,73000,73000,73000,73000,73000,73000,73000,73000,73000
19018217,V-Color DDR4-2666 CL19 ECC 패키지,V-Color ECC 패키지,DDR4,2666,CL19,32GB(16GX2),32,0,0,0,0,0,340380,340380,340380,340380,340380,340380,0,0,344040,344040,344040,344040,344040,344040,0,0,0,0,0,0,340380,340380,0
11587076,V-Color DDR4-4000 CL19 PRISM PRO RGB SILVER 패키지,V-Color PRISM PRO RGB SILVER 패키지,DDR4,4000,CL19,16GB(8GX2),16,0,0,0,0,0,160000,160000,160000,160000,160000,160000,160000,160000,160000,160000,160000,160000,160000,160000,160000,160000,160000,160000,160000,160000,160000,160000,160000
93862529,V-Color DDR5-6000 CL32 ECC/REG 패키지,V-Color ECC/REG 패키지,DDR5,6000,CL32,128GB(32GX4),128,0,0,0,0,0,0,0,0,0,0,0,1440000,1339190,1353560,1353440,1353320,1353200,1353080,1352960,1352840,1352720,1352600,1352480,1352360,1352240,1352130,1352120,1352080
93862529,V-Color DDR5-6000 CL32 ECC/REG 패키지,V-Color ECC/REG 패키지,DDR5,6000,CL32,64GB(16GX4),64,0,0,0,0,0,0,0,0,0,0,0,850000,790490,798960,798840,798720,798600,798480,798360,798240,798120,798000,797880,797760,797640,797530,797520,797480
93862643,V-Color DDR5-6000 CL34 ECC/REG 패키지,V-Color ECC/REG 패키지,DDR5,6000,CL34,256GB(64GX4),256,0,0,0,0,0,0,0,0,0,0,0,0,2594690,2622560,2622440,2622320,2622200,2622080,2621960,2621840,2621720,2621600,2621480,2621360,2621240,2621130,2621120,2621080
93862913,V-Color DDR5-6400 CL32 ECC/REG 패키지,V-Color ECC/REG 패키지,DDR5,6400,CL32,128GB(32GX4),128,0,0,0,0,0,0,0,0,0,0,0,0,1441490,1456960,1456840,1456720,1456600,1456480,1456360,1456240,1456120,1456000,1455880,1455760,1455640,1455530,1455520,1455480
93862913,V-Color DDR5-6400 CL32 ECC/REG 패키지,V-Color ECC/REG 패키지,DDR5,6400,CL32,96GB(24GX4),96,0,0,0,0,0,0,0,0,0,0,0,0,1199690,1212560,1212440,1212320,1212200,1212080,1211960,1211840,1211720,1211600,1211480,1211360,1211240,1211130,1211120,1211080
93862976,V-Color DDR5-6400 CL32 ECC/REG 패키지,V-Color ECC/REG 패키지,DDR5,6400,CL32,96GB(24GX4),96,0,0,0,0,0,0,0,0,0,0,0,1290000,0,0,0,0,0,0,0,0,0,0,0,0,0,0,0,0
16025549,V-Color Manta DDR5-5600 CL40 RGB 골든아미스 패키지,V-Color Manta RGB 골든아미스 패키지,DDR5,5600,CL40,32GB(16GX2),32,0,0,0,0,0,548000,548000,548000,548000,548000,548000,548000,548000,0,548000,548000,548000,548000,0,0,0,0,548000,548000,548000,548000,548000,548000
33386756,V-Color Manta DDR5-6000 CL36 XFinity RGB 블랙 패키지,V-Color Manta XFinity RGB 블랙 패키지,DDR5,6000,CL36,32GB(16GX2),32,0,0,0,0,0,169000,169000,169000,169000,169000,169000,169000,169000,169000,169000,169000,169000,169000,169000,169000,169000,169000,169000,169000,169000,169000,169000,169000
33386759,V-Color Manta DDR5-6000 CL36 XFinity RGB 화이트 패키지,V-Color Manta XFinity RGB 화이트 패키지,DDR5,6000,CL36,32GB(16GX2),32,0,0,0,0,0,169000,169000,169000,169000,169000,169000,169000,169000,169000,169000,169000,169000,169000,169000,169000,169000,169000,169000,169000,169000,169000,169000,169000
18371552,V-Color Manta DDR5-6000 CL36 XSKY RGB 패키지,V-Color Manta XSKY RGB 패키지,DDR5,6000,CL36,32GB(16GX2),32,0,0,0,0,0,284170,284170,284170,284170,284170,284170,284170,284170,284170,284170,284170,284170,284170,284170,284170,284170,284170,284170,284170,284170,284170,284170,284170
16025600,V-Color Manta DDR5-6200 CL40 RGB 골든아미스 패키지,V-Color Manta RGB 골든아미스 패키지,DDR5,6200,CL40,32GB(16GX2),32,0,0,0,0,0,688000,688000,688000,688000,688000,0,0,0,688000,688000,688000,688000,688000,688000,688000,0,0,0,0,0,0,0,688000
20591087,V-Color Manta DDR5-6400 CL36 XPrism RGB 블랙 패키지,V-Color Manta XPrism RGB 블랙 패키지,DDR5,6400,CL36,48GB(24GX2),48,0,0,0,0,0,278300,278300,278300,278300,278300,278300,278300,278300,278300,278300,278300,278300,278300,278300,278300,278300,278300,278300,278300,278300,278300,278300,278300
20591198,V-Color Manta DDR5-7200 CL36 XPrism RGB 블랙 패키지,V-Color Manta XPrism RGB 블랙 패키지,DDR5,7200,CL36,48GB(24GX2),48,0,0,0,0,0,328900,328900,328900,328900,328900,328900,328900,328900,328900,328900,328900,328900,328900,328900,328900,328900,328900,328900,328900,328900,328900,328900,328900
5514214,V-Color 컬러풀 DDR3-1600,V-Color 컬러풀,DDR3,1600,0,8GB,8,0,0,0,0,0,16000,16000,16000,16000,16000,16000,16000,16000,16000,16000,16000,16000,16000,16000,16000,16000,16000,16000,16000,16000,16000,16000,16000
6154666,V-Color 컬러풀 DDR4-2666,V-Color 컬러풀,DDR4,2666,0,8GB,8,0,0,0,0,0,21000,21000,21000,21000,21000,21000,21000,21000,21000,21000,21000,21000,21000,21000,21000,21000,21000,21000,21000,21000,21000,21000,21000
15176300,골든메모리 DDR3-1600,골든메모리,DDR3,1600,0,8GB,8,0,0,0,0,0,9600,9600,9600,9600,9600,9600,9600,9600,9600,9600,9600,9600,9600,9600,9600,9600,9600,9600,9600,9600,9600,9600,9600
15176405,골든메모리 노트북 DDR3-1600,골든메모리 노트북,DDR3,1600,0,8GB,8,0,0,0,0,0,14900,14900,14900,14900,14900,14900,14900,14900,14900,14900,14900,14900,14900,14900,14900,14900,14900,14900,14900,14900,14900,14900,14900
33366212,마이크로 DDR3-1600 ECC/REG 1.35V 중고,마이크로 ECC/REG 1.35V 중고,DDR3,1600,0,16GB,16,0,0,0,0,0,8990,8990,8990,8990,8990,8990,8990,8990,8990,8990,8990,8990,8990,8990,8990,8990,8990,8990,8990,8990,8990,8990,8990
5850743,마이크론 Crucial DDR3-1600 중고,마이크론 Crucial 중고,DDR3,1600,0,8GB,8,0,0,0,0,0,11630,0,0,0,0,0,0,0,0,0,0,0,0,0,0,0,0,0,0,0,0,0,0
5850743,마이크론 Crucial DDR3-1600 중고,마이크론 Crucial 중고,DDR3,1600,0,4GB,4,0,0,0,0,0,8000,0,0,0,0,0,0,0,0,0,0,0,0,0,0,0,0,0,0,0,0,0,0
5850669,마이크론 Crucial DDR3-1600 중고,마이크론 Crucial 중고,DDR3,1600,0,8GB,8,0,0,0,0,0,0,11630,11630,11500,11500,11500,11370,11370,11370,11370,11370,11370,11370,11370,11370,11370,11750,11630,11630,11630,11630,11630,11370
5850669,마이크론 Crucial DDR3-1600 중고,마이크론 Crucial 중고,DDR3,1600,0,4GB,4,0,0,0,0,0,0,8000,8000,8000,8000,8000,8000,8000,8000,8000,8000,8000,8000,8000,8000,8000,8000,8000,8000,8000,8000,8000,8000
10294017,마이크론 Crucial DDR4-3200 CL22,마이크론 Crucial,DDR4,3200,CL22,32GB,32,0,0,0,0,0,120000,120000,120000,120000,120000,120000,119990,117700,0,109600,109600,109600,109600,120000,120000,120000,120000,0,0,0,0,0,0
10294017,마이크론 Crucial DDR4-3200 CL22,마이크론 Crucial,DDR4,3200,CL22,16GB,16,0,0,0,0,0,54810,56000,56000,56000,57900,59000,59000,61040,0,62390,62390,62390,62390,60340,62390,62380,62380,0,0,0,0,0,0
10294017,마이크론 Crucial DDR4-3200 CL22,마이크론 Crucial,DDR4,3200,CL22,8GB,8,0,0,0,0,0,27510,29330,29720,29890,29890,29890,29890,29000,0,29920,29920,29920,29920,28940,30000,30000,30000,0,0,0,0,0,0
10294092,마이크론 Crucial DDR4-3200 CL22,마이크론 Crucial,DDR4,3200,CL22,32GB,32,0,0,0,0,0,0,0,0,0,0,0,0,0,117700,0,0,0,0,0,0,0,0,120000,120000,120000,120000,120000,130000
10294092,마이크론 Crucial DDR4-3200 CL22,마이크론 Crucial,DDR4,3200,CL22,16GB,16,0,0,0,0,0,0,0,0,0,0,0,0,0,62140,0,0,0,0,0,0,0,0,62380,62380,63000,63000,63910,62740
10294092,마이크론 Crucial DDR4-3200 CL22,마이크론 Crucial,DDR4,3200,CL22,8GB,8,0,0,0,0,0,0,0,0,0,0,0,0,0,29890,0,0,0,0,0,0,0,0,30000,31000,31000,31000,30990,30850
28064576,마이크론 Crucial DDR4-3200 CL22 PRO 패키지 아스크텍,마이크론 Crucial PRO 패키지 아스크텍,DDR4,3200,CL22,32GB(16GX2),32,0,0,0,0,0,0,0,0,0,0,0,0,120840,120840,120840,120840,120840,120840,0,0,0,0,0,0,0,0,0,0
35805935,마이크론 Crucial DDR4-3200 CL22 대원씨티에스,마이크론 Crucial 대원씨티에스,DDR4,3200,CL22,16GB,16,0,0,0,0,0,56000,56000,57900,57900,57900,58000,58000,60830,61000,61760,61760,61760,61760,60840,61760,60840,63000,63000,63000,63000,63000,64000,64000
35805935,마이크론 Crucial DDR4-3200 CL22 대원씨티에스,마이크론 Crucial 대원씨티에스,DDR4,3200,CL22,8GB,8,0,0,0,0,0,29890,29580,30000,29990,29990,29990,29920,29920,29920,29920,29990,29990,29990,30000,30000,30000,30000,30000,30000,30000,30000,30000,30000
18146438,마이크론 Crucial DDR5-4800 CL40,마이크론 Crucial,DDR5,4800,CL40,32GB,32,0,0,0,0,0,125000,125000,125000,125000,125000,125000,125000,125000,125000,125000,125000,125000,125000,125000,125000,125000,140000,140000,140000,140000,140000,0,0
18146438,마이크론 Crucial DDR5-4800 CL40,마이크론 Crucial,DDR5,4800,CL40,8GB,8,0,0,0,0,0,69890,69890,69890,69890,69890,69890,69890,69890,69890,69890,69890,69890,69890,69890,69890,69890,69890,67400,67400,69880,69880,0,0
15988694,마이크론 Crucial DDR5-4800 CL40,마이크론 Crucial,DDR5,4800,CL40,32GB,32,0,0,0,0,0,0,0,0,0,0,0,0,0,0,0,0,0,0,0,0,0,0,0,0,0,0,140000,140000
15988694,마이크론 Crucial DDR5-4800 CL40,마이크론 Crucial,DDR5,4800,CL40,8GB,8,0,0,0,0,0,0,0,0,0,0,0,0,0,0,0,0,0,0,0,0,0,0,0,0,0,0,69880,67400
20369114,마이크론 Crucial DDR5-4800 CL40 대원씨티에스,마이크론 Crucial 대원씨티에스,DDR5,4800,CL40,8GB,8,0,0,0,0,0,65660,65630,65630,65620,65620,65610,65610,65700,65560,65550,65550,65540,65540,65530,65530,65520,65520,64810,64800,64800,64790,64790,64780
18486506,마이크론 Crucial DDR5-5600 CL46,마이크론 Crucial,DDR5,5600,CL46,32GB,32,0,0,0,0,0,122000,0,0,122000,122000,122000,0,123154,123154,0,0,0,0,0,0,0,0,124540,124540,128490,128490,132890,0
18486506,마이크론 Crucial DDR5-5600 CL46,마이크론 Crucial,DDR5,5600,CL46,16GB,16,0,0,0,0,0,61480,0,0,62490,62490,62490,0,62500,62500,0,0,0,0,0,0,0,0,62490,62490,62490,62490,62490,0
18486506,마이크론 Crucial DDR5-5600 CL46,마이크론 Crucial,DDR5,5600,CL46,8GB,8,0,0,0,0,0,36800,0,0,36560,36520,36400,0,36300,36440,0,0,0,0,0,0,0,0,36850,36850,37780,37780,37780,0
18486506,마이크론 Crucial DDR5-5600 CL46,마이크론 Crucial,DDR5,5600,CL46,64GB,64,0,0,0,0,0,0,0,0,0,0,0,0,0,0,0,0,0,0,0,0,0,0,0,0,0,0,316800,0
18486497,마이크론 Crucial DDR5-5600 CL46,마이크론 Crucial,DDR5,5600,CL46,32GB,32,0,0,0,0,0,0,122000,122000,0,0,0,122000,0,0,123154,124540,124540,124540,122300,124540,124000,124540,0,0,0,0,0,122890
18486497,마이크론 Crucial DDR5-5600 CL46,마이크론 Crucial,DDR5,5600,CL46,16GB,16,0,0,0,0,0,0,61480,62490,0,0,0,62500,0,0,62490,62490,62490,62490,62490,62490,62490,62490,0,0,0,0,0,62490
18486497,마이크론 Crucial DDR5-5600 CL46,마이크론 Crucial,DDR5,5600,CL46,8GB,8,0,0,0,0,0,0,36680,36580,0,0,0,36310,0,0,36440,36440,36850,36850,36310,36850,36672,37790,0,0,0,0,0,37170
18486497,마이크론 Crucial DDR5-5600 CL46,마이크론 Crucial,DDR5,5600,CL46,64GB,64,0,0,0,0,0,0,0,0,0,0,0,0,0,0,0,0,0,0,0,0,0,0,0,0,0,0,0,316800
28640519,마이크론 Crucial DDR5-5600 CL46 PRO 대원씨티에스,마이크론 Crucial PRO 대원씨티에스,DDR5,5600,CL46,16GB,16,0,0,0,0,0,62750,62750,62750,63460,63460,63460,63450,63450,63450,63450,63450,63450,63450,61360,69060,69060,69810,70120,69610,69610,69610,69610,66780
33386738,마이크론 Crucial DDR5-5600 CL46 PRO 아스크텍,마이크론 Crucial PRO 아스크텍,DDR5,5600,CL46,16GB,16,0,0,0,0,0,61240,61110,61020,61010,60970,60960,62990,62990,62990,62990,62990,62990,62990,61780,64500,64500,64500,64500,64500,64500,64500,0,0
33386738,마이크론 Crucial DDR5-5600 CL46 PRO 아스크텍,마이크론 Crucial PRO 아스크텍,DDR5,5600,CL46,32GB,32,0,0,0,0,0,126790,125230,125100,125230,125230,125198,125190,125190,125190,125190,125190,126730,126730,126250,126730,125390,128000,126720,126720,128000,128000,0,0
74549789,마이크론 Crucial DDR5-5600 CL46 PRO 아스크텍,마이크론 Crucial PRO 아스크텍,DDR5,5600,CL46,16GB,16,0,0,0,0,0,0,0,0,0,0,0,0,0,0,0,0,0,0,0,0,0,0,0,0,0,0,69890,67400
74549789,마이크론 Crucial DDR5-5600 CL46 PRO 아스크텍,마이크론 Crucial PRO 아스크텍,DDR5,5600,CL46,32GB,32,0,0,0,0,0,0,0,0,0,0,0,0,0,0,0,0,0,0,0,0,0,0,0,0,0,0,128000,126490
20369066,마이크론 Crucial DDR5-5600 CL46 PRO 패키지 대원씨티에스,마이크론 Crucial PRO 패키지 대원씨티에스,DDR5,5600,CL46,96GB(48GX2),96,0,0,0,0,0,387820,393040,393030,393030,393030,393030,393030,0,0,0,0,0,393030,393040,393040,393040,393040,393040,393040,393040,393040,393040,393040
20369066,마이크론 Crucial DDR5-5600 CL46 PRO 패키지 대원씨티에스,마이크론 Crucial PRO 패키지 대원씨티에스,DDR5,5600,CL46,64GB(32GX2),64,0,0,0,0,0,253960,253830,253780,253670,253550,253430,253800,0,0,0,0,0,256000,256360,256320,256200,281210,281090,280970,280850,280740,280730,280380
20369066,마이크론 Crucial DDR5-5600 CL46 PRO 패키지 대원씨티에스,마이크론 Crucial PRO 패키지 대원씨티에스,DDR5,5600,CL46,32GB(16GX2),32,0,0,0,0,0,125950,125870,128200,128210,128210,128210,128000,0,0,0,0,0,129890,125690,129880,129880,128420,128420,128420,128420,131940,132990,136490
28640573,마이크론 Crucial DDR5-5600 CL46 PRO 패키지 대원씨티에스,마이크론 Crucial PRO 패키지 대원씨티에스,DDR5,5600,CL46,96GB(48GX2),96,0,0,0,0,0,0,0,0,0,0,0,0,393030,393030,393030,393030,393030,0,0,0,0,0,0,0,0,0,0,0
28640573,마이크론 Crucial DDR5-5600 CL46 PRO 패키지 대원씨티에스,마이크론 Crucial PRO 패키지 대원씨티에스,DDR5,5600,CL46,64GB(32GX2),64,0,0,0,0,0,0,0,0,0,0,0,0,253800,256000,256000,256000,256000,0,0,0,0,0,0,0,0,0,0,0
28640573,마이크론 Crucial DDR5-5600 CL46 PRO 패키지 대원씨티에스,마이크론 Crucial PRO 패키지 대원씨티에스,DDR5,5600,CL46,32GB(16GX2),32,0,0,0,0,0,0,0,0,0,0,0,0,128000,130180,130180,130490,130490,0,0,0,0,0,0,0,0,0,0,0
28553522,마이크론 Crucial DDR5-5600 CL46 PRO 패키지 아스크텍,마이크론 Crucial PRO 패키지 아스크텍,DDR5,5600,CL46,64GB(32GX2),64,0,0,0,0,0,254750,254730,0,0,0,0,254720,254720,254720,0,0,0,0,254720,254720,254720,256000,254720,254720,261380,263950,0,269910
28553522,마이크론 Crucial DDR5-5600 CL46 PRO 패키지 아스크텍,마이크론 Crucial PRO 패키지 아스크텍,DDR5,5600,CL46,32GB(16GX2),32,0,0,0,0,0,129990,129990,0,0,0,0,127216,127216,127216,0,0,0,0,130990,130990,130990,130990,131160,132400,132400,132490,0,134380
20356421,마이크론 Crucial DDR5-5600 CL46 PRO 패키지 아스크텍,마이크론 Crucial PRO 패키지 아스크텍,DDR5,5600,CL46,64GB(32GX2),64,0,0,0,0,0,0,0,254710,254710,254710,254710,0,0,0,254720,254720,254720,254720,0,0,0,0,0,0,0,0,265220,0
20356421,마이크론 Crucial DDR5-5600 CL46 PRO 패키지 아스크텍,마이크론 Crucial PRO 패키지 아스크텍,DDR5,5600,CL46,32GB(16GX2),32,0,0,0,0,0,0,0,129990,129990,129990,127216,0,0,0,127216,131000,130990,130990,0,0,0,0,0,0,0,0,132500,0
75991769,마이크론 Crucial DDR5-5600 CL46 대원씨티에스,마이크론 Crucial 대원씨티에스,DDR5,5600,CL46,64GB,64,0,0,0,0,0,292290,0,0,0,0,0,0,292290,292290,292290,292290,292290,0,0,0,0,0,0,0,0,0,0,0
75991769,마이크론 Crucial DDR5-5600 CL46 대원씨티에스,마이크론 Crucial 대원씨티에스,DDR5,5600,CL46,32GB,32,0,0,0,0,0,118000,0,0,0,0,0,0,124240,122580,122580,122580,122580,0,0,0,0,0,0,0,0,0,0,0
75991769,마이크론 Crucial DDR5-5600 CL46 대원씨티에스,마이크론 Crucial 대원씨티에스,DDR5,5600,CL46,16GB,16,0,0,0,0,0,60070,0,0,0,0,0,0,60330,60320,60320,60320,60320,0,0,0,0,0,0,0,0,0,0,0
75991769,마이크론 Crucial DDR5-5600 CL46 대원씨티에스,마이크론 Crucial 대원씨티에스,DDR5,5600,CL46,8GB,8,0,0,0,0,0,35760,0,0,0,0,0,0,37990,37990,34990,37990,37990,0,0,0,0,0,0,0,0,0,0,0
20369126,마이크론 Crucial DDR5-5600 CL46 대원씨티에스,마이크론 Crucial 대원씨티에스,DDR5,5600,CL46,64GB,64,0,0,0,0,0,0,292290,292290,292290,292290,292290,292290,0,0,0,0,0,292290,292290,292290,292290,292290,292290,292290,292290,292290,292290,292290
20369126,마이크론 Crucial DDR5-5600 CL46 대원씨티에스,마이크론 Crucial 대원씨티에스,DDR5,5600,CL46,32GB,32,0,0,0,0,0,0,118000,121990,124410,124380,124340,124300,0,0,0,0,0,122580,118610,122580,122580,125900,127390,127390,127390,127390,126470,125760
20369126,마이크론 Crucial DDR5-5600 CL46 대원씨티에스,마이크론 Crucial 대원씨티에스,DDR5,5600,CL46,16GB,16,0,0,0,0,0,0,59670,62790,60980,60980,60990,60330,0,0,0,0,0,60320,58340,60330,60330,62090,61980,61860,61740,61630,61630,58740
20369126,마이크론 Crucial DDR5-5600 CL46 대원씨티에스,마이크론 Crucial 대원씨티에스,DDR5,5600,CL46,8GB,8,0,0,0,0,0,0,35760,36820,37990,37990,37990,37990,0,0,0,0,0,37610,36980,37600,35770,38000,38000,38000,38000,38000,37930,37260
93806003,마이크론 Crucial DDR5-5600 CL46 패키지 대원씨티에스,마이크론 Crucial 패키지 대원씨티에스,DDR5,5600,CL46,128GB(64GX2),128,0,0,0,0,0,0,0,0,0,0,0,0,688350,670780,612220,612220,612220,612220,612220,612220,612220,612220,589990,589990,589990,589990,604990,604990
75719906,마이크론 Crucial DDR5-5600 CL46 패키지 아스크텍,마이크론 Crucial 패키지 아스크텍,DDR5,5600,CL46,128GB(64GX2),128,0,0,0,0,0,643800,643800,643800,643800,643800,643800,643800,643800,643800,643800,643800,643800,643800,643800,643800,643800,643800,643800,643800,643800,643800,643800,0
75719906,마이크론 Crucial DDR5-5600 CL46 패키지 아스크텍,마이크론 Crucial 패키지 아스크텍,DDR5,5600,CL46,64GB(32GX2),64,0,0,0,0,0,249970,249950,249930,249930,249930,249930,249930,249930,249930,249910,249910,249910,249910,249910,249910,249890,252000,249900,249900,252000,252000,252000,0
75719906,마이크론 Crucial DDR5-5600 CL46 패키지 아스크텍,마이크론 Crucial 패키지 아스크텍,DDR5,5600,CL46,32GB(16GX2),32,0,0,0,0,0,128000,128000,128000,128000,128000,128000,128000,128000,128000,128000,128000,128000,128000,128000,128000,127600,128000,128000,128000,128000,128000,128000,0
91040711,마이크론 Crucial DDR5-5600 CL46 패키지 아스크텍,마이크론 Crucial 패키지 아스크텍,DDR5,5600,CL46,128GB(64GX2),128,0,0,0,0,0,0,0,0,0,0,0,0,0,0,0,0,0,0,0,0,0,0,0,0,0,0,643800,643800
91040711,마이크론 Crucial DDR5-5600 CL46 패키지 아스크텍,마이크론 Crucial 패키지 아스크텍,DDR5,5600,CL46,64GB(32GX2),64,0,0,0,0,0,0,0,0,0,0,0,0,0,0,0,0,0,0,0,0,0,0,0,0,0,0,252000,252000
91040711,마이크론 Crucial DDR5-5600 CL46 패키지 아스크텍,마이크론 Crucial 패키지 아스크텍,DDR5,5600,CL46,32GB(16GX2),32,0,0,0,0,0,0,0,0,0,0,0,0,0,0,0,0,0,0,0,0,0,0,0,0,0,0,128000,130000
54100055,마이크론 Crucial DDR5-6000 CL36 PRO Overclocking White 패키지 대원씨티에스,마이크론 Crucial PRO Overclocking White 패키지 대원씨티에스,DDR5,6000,CL36,32GB(16GX2),32,0,0,0,0,0,141690,141690,141690,141950,141950,141950,141950,141950,141950,141950,141950,141950,141950,137400,141950,141950,144480,144480,144480,144480,144480,144480,141630
54214406,마이크론 Crucial DDR5-6000 CL36 PRO Overclocking White 패키지 아스크텍,마이크론 Crucial PRO Overclocking White 패키지 아스크텍,DDR5,6000,CL36,32GB(16GX2),32,0,0,0,0,0,144290,144270,144240,144220,144180,141181,141180,141180,141180,141180,141180,144230,144230,141120,144230,144110,144110,144000,143880,143760,143650,143640,143180
39767633,마이크론 Crucial DDR5-6000 CL36 PRO Overclocking 아스크텍,마이크론 Crucial PRO Overclocking 아스크텍,DDR5,6000,CL36,16GB,16,0,0,0,0,0,77310,77310,79890,79020,79020,79020,78160,78160,78160,78160,78160,78160,78160,75580,78160,78160,85390,82900,82900,85390,85390,81600,75580
39102770,마이크론 Crucial DDR5-6000 CL36 PRO Overclocking 패키지 대원씨티에스,마이크론 Crucial PRO Overclocking 패키지 대원씨티에스,DDR5,6000,CL36,32GB(16GX2),32,0,0,0,0,0,141700,141700,142110,142090,142090,142090,142090,142090,142090,142090,142090,142090,142090,137530,142090,142090,144990,144880,144760,144640,144530,144520,141630
39767693,마이크론 Crucial DDR5-6000 CL36 PRO Overclocking 패키지 아스크텍,마이크론 Crucial PRO Overclocking 패키지 아스크텍,DDR5,6000,CL36,32GB(16GX2),32,0,0,0,0,0,141560,141440,141350,141340,141300,141180,141060,141040,144140,144120,144120,144120,144120,140350,144120,144100,138780,141040,141040,141040,141040,140950,140270
28480007,마이크론 Crucial DDR5-6000 CL48 PRO 패키지 대원씨티에스,마이크론 Crucial PRO 패키지 대원씨티에스,DDR5,6000,CL48,48GB(24GX2),48,0,0,0,0,0,989990,989990,989990,989990,989990,989990,989990,989990,989990,989990,989990,989990,0,0,0,989990,999990,999990,999990,999990,999990,970000,959990
28480007,마이크론 Crucial DDR5-6000 CL48 PRO 패키지 대원씨티에스,마이크론 Crucial PRO 패키지 대원씨티에스,DDR5,6000,CL48,32GB(16GX2),32,0,0,0,0,0,990000,990000,990000,990000,990000,990000,990000,990000,990000,990000,990000,990000,0,0,0,990000,1000000,1000000,1000000,1000000,1000000,970000,960000
56156210,마이크론 Crucial DDR5-6000 CL48 PRO 패키지 대원씨티에스,마이크론 Crucial PRO 패키지 대원씨티에스,DDR5,6000,CL48,48GB(24GX2),48,0,0,0,0,0,0,0,0,0,0,0,0,0,0,0,0,0,970000,960000,989990,0,0,0,0,0,0,0,0
56156210,마이크론 Crucial DDR5-6000 CL48 PRO 패키지 대원씨티에스,마이크론 Crucial PRO 패키지 대원씨티에스,DDR5,6000,CL48,32GB(16GX2),32,0,0,0,0,0,0,0,0,0,0,0,0,0,0,0,0,0,970000,960000,990000,0,0,0,0,0,0,0,0
71158334,마이크론 Crucial DDR5-6400 CL38 PRO Overclocking White 패키지 대원씨티에스,마이크론 Crucial PRO Overclocking White 패키지 대원씨티에스,DDR5,6400,CL38,32GB(16GX2),32,0,0,0,0,0,141140,141140,143580,144970,144970,144970,144970,144970,144970,144970,144970,144970,144970,140330,143000,143000,143000,143000,143000,143000,143000,143000,141700
69567002,마이크론 Crucial DDR5-6400 CL38 PRO Overclocking White 패키지 아스크텍,마이크론 Crucial PRO Overclocking White 패키지 아스크텍,DDR5,6400,CL38,32GB(16GX2),32,0,0,0,0,0,149500,149480,148160,149390,149390,146692,146690,146690,146690,146690,146690,149440,149440,149240,149440,149420,144330,144330,144330,144330,144330,144330,144330
71061959,마이크론 Crucial DDR5-6400 CL38 PRO Overclocking 패키지 대원씨티에스,마이크론 Crucial PRO Overclocking 패키지 대원씨티에스,DDR5,6400,CL38,32GB(16GX2),32,0,0,0,0,0,141140,141140,143570,146420,146420,146420,146420,146420,146420,146420,146420,146420,146420,143220,146420,146420,144820,144820,144820,144820,144820,144820,141710
69566999,마이크론 Crucial DDR5-6400 CL38 PRO Overclocking 패키지 아스크텍,마이크론 Crucial PRO Overclocking 패키지 아스크텍,DDR5,6400,CL38,32GB(16GX2),32,0,0,0,0,0,149500,149480,148070,149390,149390,146692,146690,146690,146690,146690,146690,149440,149440,149240,149440,149420,144330,144330,144330,144330,144330,144330,144330
76331027,마이크론 Crucial DDR5-6400 CL40 PRO OC Gaming Edition White 대원씨티에스,마이크론 Crucial PRO OC Gaming Edition White 대원씨티에스,DDR5,6400,CL40,32GB,32,0,0,0,0,0,149990,149990,149990,149990,149990,149990,149990,149990,149990,149990,149990,149990,149990,149890,149990,149990,144820,144820,144820,144820,144820,144820,144820
76330991,마이크론 Crucial DDR5-6400 CL40 PRO OC Gaming Edition 대원씨티에스,마이크론 Crucial PRO OC Gaming Edition 대원씨티에스,DDR5,6400,CL40,32GB,32,0,0,0,0,0,149990,149990,149990,149990,149990,149990,149990,149990,149990,149990,149990,149990,149990,149990,149990,149990,145000,145000,145000,145000,145000,145000,145000
77791223,마이크론 Crucial DDR5-6400 CL52 CUDIMM 대원씨티에스,마이크론 Crucial CUDIMM 대원씨티에스,DDR5,6400,CL52,64GB,64,0,0,0,0,0,360000,360000,360000,402420,402420,402420,402420,402400,402400,390760,390760,390760,390760,389990,390760,390760,395950,456000,456000,456000,488840,0,512360
77791223,마이크론 Crucial DDR5-6400 CL52 CUDIMM 대원씨티에스,마이크론 Crucial CUDIMM 대원씨티에스,DDR5,6400,CL52,32GB,32,0,0,0,0,0,189990,189990,189990,190000,190000,190000,190000,190000,190000,189990,189990,189990,189990,188360,189990,189990,192910,192800,192680,192560,192450,0,191130
77791223,마이크론 Crucial DDR5-6400 CL52 CUDIMM 대원씨티에스,마이크론 Crucial CUDIMM 대원씨티에스,DDR5,6400,CL52,16GB,16,0,0,0,0,0,93370,93370,89750,95000,95000,95000,94060,94060,94060,94050,94050,94050,94050,90950,94050,94050,95000,95000,95000,95000,95000,0,95000
77791211,마이크론 Crucial DDR5-6400 CL52 CUDIMM 대원씨티에스,마이크론 Crucial CUDIMM 대원씨티에스,DDR5,6400,CL52,64GB,64,0,0,0,0,0,360000,360000,360000,402420,402420,402420,402420,402400,402400,390760,390760,390760,390760,389990,390760,390760,395950,456000,456000,456000,488840,512360,512360
77791211,마이크론 Crucial DDR5-6400 CL52 CUDIMM 대원씨티에스,마이크론 Crucial CUDIMM 대원씨티에스,DDR5,6400,CL52,32GB,32,0,0,0,0,0,189990,189990,189990,190000,190000,190000,190000,190000,190000,189990,189990,189990,189990,188360,189990,189990,192910,192800,192680,192560,192450,192440,191130
77791211,마이크론 Crucial DDR5-6400 CL52 CUDIMM 대원씨티에스,마이크론 Crucial CUDIMM 대원씨티에스,DDR5,6400,CL52,16GB,16,0,0,0,0,0,93370,93370,89750,95000,95000,95000,94060,94060,94060,94050,94050,94050,94050,90950,94050,94050,95000,95000,95000,95000,95000,95000,95000
76946702,마이크론 Crucial DDR5-6400 CL52 CUDIMM 아스크텍,마이크론 Crucial CUDIMM 아스크텍,DDR5,6400,CL52,64GB,64,0,0,0,0,0,380000,380000,380000,380000,380000,380000,380000,380000,380000,380000,380000,380000,380000,380000,380000,380000,394710,394710,394710,473660,473660,0,473660
76946702,마이크론 Crucial DDR5-6400 CL52 CUDIMM 아스크텍,마이크론 Crucial CUDIMM 아스크텍,DDR5,6400,CL52,32GB,32,0,0,0,0,0,190000,190000,190000,190000,190000,190000,190000,190000,190000,190000,189500,189500,189500,189500,189500,189500,192740,192630,192510,192390,192280,0,192230
76946702,마이크론 Crucial DDR5-6400 CL52 CUDIMM 아스크텍,마이크론 Crucial CUDIMM 아스크텍,DDR5,6400,CL52,16GB,16,0,0,0,0,0,95000,95000,95000,95000,95000,95000,95000,95000,94500,94500,95000,95000,95000,95000,95000,95000,98610,98610,98610,100600,100600,0,100600
76946672,마이크론 Crucial DDR5-6400 CL52 CUDIMM 아스크텍,마이크론 Crucial CUDIMM 아스크텍,DDR5,6400,CL52,64GB,64,0,0,0,0,0,380000,380000,380000,380000,380000,380000,380000,380000,380000,380000,380000,380000,380000,380000,380000,380000,394710,394710,394710,473660,473660,473660,473660
76946672,마이크론 Crucial DDR5-6400 CL52 CUDIMM 아스크텍,마이크론 Crucial CUDIMM 아스크텍,DDR5,6400,CL52,32GB,32,0,0,0,0,0,190000,190000,190000,190000,190000,190000,190000,190000,190000,190000,189500,189500,189500,189500,189500,189500,192740,192630,192510,192390,192280,192270,192230
76946672,마이크론 Crucial DDR5-6400 CL52 CUDIMM 아스크텍,마이크론 Crucial CUDIMM 아스크텍,DDR5,6400,CL52,16GB,16,0,0,0,0,0,95000,95000,95000,95000,95000,95000,95000,95000,94500,94500,95000,95000,95000,95000,95000,95000,98610,98610,98610,100600,100600,100600,100600
10610796,마이크론 Crucial 노트북 DDR4-3200 CL22,마이크론 Crucial 노트북,DDR4,3200,CL22,32GB,32,0,0,0,0,0,102900,102820,101290,102820,102820,102820,102820,0,0,0,0,0,119210,116840,119210,119210,119220,119210,119210,119220,119220,119220,117570
10610796,마이크론 Crucial 노트북 DDR4-3200 CL22,마이크론 Crucial 노트북,DDR4,3200,CL22,16GB,16,0,0,0,0,0,52730,55030,55030,55590,55590,55113,55110,0,0,0,0,0,63580,63580,65000,65000,65000,65000,65000,65000,65000,65000,65000
10610796,마이크론 Crucial 노트북 DDR4-3200 CL22,마이크론 Crucial 노트북,DDR4,3200,CL22,8GB,8,0,0,0,0,0,28260,28260,28450,28450,28450,28450,28440,0,0,0,0,0,28440,28160,29110,29700,29990,29880,29760,29750,29750,29620,29120
67850504,마이크론 Crucial 노트북 DDR4-3200 CL22,마이크론 Crucial 노트북,DDR4,3200,CL22,32GB,32,0,0,0,0,0,0,0,0,0,0,0,0,105000,105000,117350,117350,119210,0,0,0,0,0,0,0,0,0,0,0
67850504,마이크론 Crucial 노트북 DDR4-3200 CL22,마이크론 Crucial 노트북,DDR4,3200,CL22,16GB,16,0,0,0,0,0,0,0,0,0,0,0,0,55590,59000,63580,63580,63580,0,0,0,0,0,0,0,0,0,0,0
67850504,마이크론 Crucial 노트북 DDR4-3200 CL22,마이크론 Crucial 노트북,DDR4,3200,CL22,8GB,8,0,0,0,0,0,0,0,0,0,0,0,0,27900,27900,27900,28450,28440,0,0,0,0,0,0,0,0,0,0,0
54218168,마이크론 Crucial 노트북 DDR4-3200 CL22 대원씨티에스,마이크론 Crucial 노트북 대원씨티에스,DDR4,3200,CL22,32GB,32,0,0,0,0,0,106550,106450,106350,106330,106290,106170,106150,106340,0,106340,106340,106340,106340,0,0,0,0,0,0,0,0,0,0
54218168,마이크론 Crucial 노트북 DDR4-3200 CL22 대원씨티에스,마이크론 Crucial 노트북 대원씨티에스,DDR4,3200,CL22,16GB,16,0,0,0,0,0,55990,55990,54360,55970,55970,55970,51120,58660,0,59000,59000,59000,59000,0,0,0,0,0,0,0,0,0,0
54218168,마이크론 Crucial 노트북 DDR4-3200 CL22 대원씨티에스,마이크론 Crucial 노트북 대원씨티에스,DDR4,3200,CL22,8GB,8,0,0,0,0,0,28850,28850,29000,29210,29090,29000,28980,28980,0,28980,28980,28980,28980,0,0,0,0,0,0,0,0,0,0
74884730,마이크론 Crucial 노트북 DDR4-3200 CL22 대원씨티에스,마이크론 Crucial 노트북 대원씨티에스,DDR4,3200,CL22,32GB,32,0,0,0,0,0,0,0,0,0,0,0,0,0,106340,0,0,0,0,106340,0,0,0,106340,106340,106340,106340,106340,106340
74884730,마이크론 Crucial 노트북 DDR4-3200 CL22 대원씨티에스,마이크론 Crucial 노트북 대원씨티에스,DDR4,3200,CL22,16GB,16,0,0,0,0,0,0,0,0,0,0,0,0,0,59000,0,0,0,0,59000,0,0,0,89000,89000,89000,89000,89000,89000
74884730,마이크론 Crucial 노트북 DDR4-3200 CL22 대원씨티에스,마이크론 Crucial 노트북 대원씨티에스,DDR4,3200,CL22,8GB,8,0,0,0,0,0,0,0,0,0,0,0,0,0,28980,0,0,0,0,30070,0,0,0,31600,31480,31360,31250,31240,29160
54218165,마이크론 Crucial 노트북 DDR4-3200 CL22 대원씨티에스,마이크론 Crucial 노트북 대원씨티에스,DDR4,3200,CL22,32GB,32,0,0,0,0,0,0,0,0,0,0,0,0,0,0,0,0,0,0,0,106340,106340,106340,0,0,0,0,0,0
54218165,마이크론 Crucial 노트북 DDR4-3200 CL22 대원씨티에스,마이크론 Crucial 노트북 대원씨티에스,DDR4,3200,CL22,16GB,16,0,0,0,0,0,0,0,0,0,0,0,0,0,0,0,0,0,0,0,89000,89000,89000,0,0,0,0,0,0
54218165,마이크론 Crucial 노트북 DDR4-3200 CL22 대원씨티에스,마이크론 Crucial 노트북 대원씨티에스,DDR4,3200,CL22,8GB,8,0,0,0,0,0,0,0,0,0,0,0,0,0,0,0,0,0,0,0,31090,31090,31710,0,0,0,0,0,0
16411766,마이크론 Crucial 노트북 DDR4-3200 CL22 중고,마이크론 Crucial 노트북 중고,DDR4,3200,CL22,8GB,8,0,0,0,0,0,22730,0,0,0,0,0,22730,0,22730,22730,22730,22730,22730,22730,22730,22730,22730,0,0,0,0,22730,22730
16411766,마이크론 Crucial 노트북 DDR4-3200 CL22 중고,마이크론 Crucial 노트북 중고,DDR4,3200,CL22,4GB,4,0,0,0,0,0,7940,0,0,0,0,0,7940,0,7940,7940,7940,7940,7940,7940,7940,7940,7940,0,0,0,0,7940,7940
16524281,마이크론 Crucial 노트북 DDR4-3200 CL22 중고,마이크론 Crucial 노트북 중고,DDR4,3200,CL22,8GB,8,0,0,0,0,0,0,22730,22730,22730,22730,22730,0,22730,0,0,0,0,0,0,0,0,0,22730,22730,22730,22730,0,0
16524281,마이크론 Crucial 노트북 DDR4-3200 CL22 중고,마이크론 Crucial 노트북 중고,DDR4,3200,CL22,4GB,4,0,0,0,0,0,0,7940,7940,7940,7940,7940,0,7940,0,0,0,0,0,0,0,0,0,7940,7940,7940,7940,0,0
17871047,마이크론 Crucial 노트북 DDR4-3200 CL22 해외구매,마이크론 Crucial 노트북 해외구매,DDR4,3200,CL22,16GB,16,0,0,0,0,0,49580,49580,49580,50280,50280,44490,44490,44490,43200,43200,43200,53990,54000,48700,48700,48700,48700,54000,54000,54000,54000,54000,54000
17871047,마이크론 Crucial 노트북 DDR4-3200 CL22 해외구매,마이크론 Crucial 노트북 해외구매,DDR4,3200,CL22,8GB,8,0,0,0,0,0,26300,27450,27600,27600,27600,27600,27600,27600,27600,27600,24620,24620,32120,32120,31290,32120,32120,32120,32120,32120,31400,31400,31400
17285078,마이크론 Crucial 노트북 DDR5-4800 CL40,마이크론 Crucial 노트북,DDR5,4800,CL40,8GB,8,0,0,0,0,0,22040,22900,22900,22900,22900,22900,22900,22900,22900,22900,22900,22900,22900,22900,22900,22900,22900,22900,22900,22900,22900,22900,22900
17447072,마이크론 Crucial 노트북 DDR5-4800 CL40 중고,마이크론 Crucial 노트북 중고,DDR5,4800,CL40,8GB,8,0,0,0,0,0,16200,16200,16200,16200,16200,16200,16200,16200,16200,16200,16200,16200,16200,16490,16490,16490,16490,16490,16490,16490,16490,16490,45500
30268274,마이크론 Crucial 노트북 DDR5-5600 CL46,마이크론 Crucial 노트북,DDR5,5600,CL46,32GB,32,0,0,0,0,0,118860,118860,0,0,118860,118860,0,118860,118860,118860,118860,118860,125080,121020,125070,125070,129840,127240,127240,129990,129990,129900,128630
30268274,마이크론 Crucial 노트북 DDR5-5600 CL46,마이크론 Crucial 노트북,DDR5,5600,CL46,16GB,16,0,0,0,0,0,60000,59960,0,0,59960,59960,0,63700,63700,63700,63700,63960,63960,61860,63960,63960,64950,64840,64720,64600,64490,65500,64760
30268256,마이크론 Crucial 노트북 DDR5-5600 CL46,마이크론 Crucial 노트북,DDR5,5600,CL46,32GB,32,0,0,0,0,0,0,0,122400,118860,0,0,118860,0,0,0,0,0,0,0,0,0,0,0,0,0,0,0,0
30268256,마이크론 Crucial 노트북 DDR5-5600 CL46,마이크론 Crucial 노트북,DDR5,5600,CL46,16GB,16,0,0,0,0,0,0,0,59960,59960,0,0,62500,0,0,0,0,0,0,0,0,0,0,0,0,0,0,0,0
54966680,마이크론 Crucial 노트북 DDR5-5600 CL46 대원씨티에스,마이크론 Crucial 노트북 대원씨티에스,DDR5,5600,CL46,32GB,32,0,0,0,0,0,127750,127630,127530,127510,127470,127350,127230,0,0,0,0,0,128190,121260,121260,128190,129550,129430,129350,129350,134020,133910,132150
54966680,마이크론 Crucial 노트북 DDR5-5600 CL46 대원씨티에스,마이크론 Crucial 노트북 대원씨티에스,DDR5,5600,CL46,16GB,16,0,0,0,0,0,59930,59930,60600,62010,62010,62010,61340,0,0,0,0,0,61340,59320,61340,61340,64070,63960,63840,63720,65810,65720,61300
54966680,마이크론 Crucial 노트북 DDR5-5600 CL46 대원씨티에스,마이크론 Crucial 노트북 대원씨티에스,DDR5,5600,CL46,64GB,64,0,0,0,0,0,0,0,0,0,0,0,0,0,0,0,0,0,0,0,0,0,312410,312410,312410,312410,312410,312410,312410
54966677,마이크론 Crucial 노트북 DDR5-5600 CL46 대원씨티에스,마이크론 Crucial 노트북 대원씨티에스,DDR5,5600,CL46,32GB,32,0,0,0,0,0,0,0,0,0,0,0,0,127110,128190,128190,128190,128190,0,0,0,0,0,0,0,0,0,0,0
54966677,마이크론 Crucial 노트북 DDR5-5600 CL46 대원씨티에스,마이크론 Crucial 노트북 대원씨티에스,DDR5,5600,CL46,16GB,16,0,0,0,0,0,0,0,0,0,0,0,0,61340,61340,61340,61340,61340,0,0,0,0,0,0,0,0,0,0,0
18782588,마이크론 DDR4-2133 ECC/REG 중고,마이크론 ECC/REG 중고,DDR4,2133,0,16GB,16,0,0,0,0,0,35800,35800,36860,35800,35800,35800,35800,0,0,0,0,0,0,0,0,0,0,0,0,0,0,0,0
18782588,마이크론 DDR4-2133 ECC/REG 중고,마이크론 ECC/REG 중고,DDR4,2133,0,8GB,8,0,0,0,0,0,14800,14800,14060,13610,13610,13610,13460,0,0,0,0,0,0,0,0,0,0,0,0,0,0,0,0
33387032,마이크론 DDR4-2133 ECC/REG 중고,마이크론 ECC/REG 중고,DDR4,2133,0,16GB,16,0,0,0,0,0,0,0,0,0,0,0,0,35800,35800,35800,35800,35800,35800,34630,35800,35800,38800,38800,38800,38800,38800,38800,35800
33387032,마이크론 DDR4-2133 ECC/REG 중고,마이크론 ECC/REG 중고,DDR4,2133,0,8GB,8,0,0,0,0,0,0,0,0,0,0,0,0,13460,13460,13460,13460,13460,13460,13460,13460,13460,14800,14800,14800,14800,14800,14800,13460
17443334,마이크론 DDR4-2400 중고,마이크론 중고,DDR4,2400,0,8GB,8,0,0,0,0,0,20000,20000,20000,20000,20000,20000,20000,20000,20000,20000,20000,20000,20000,20000,20000,20000,20000,20000,20000,20000,20000,20000,20000
71502218,마이크론 노트북 DDR5-5600 중고,마이크론 노트북 중고,DDR5,5600,0,8GB,8,0,0,0,0,0,16730,16730,16730,16920,16920,16920,16910,16910,16910,16910,16910,16910,16910,16360,16910,16910,16990,16890,16910,16870,16870,16780,16360
65303801,비즈텍 TREAVE DDR4-2666 CL19,비즈텍 TREAVE,DDR4,2666,CL19,16GB,16,0,0,0,0,0,41990,41990,42740,41990,0,0,0,0,0,45730,45730,45730,45740,41690,41690,41690,41690,41690,41690,41690,41690,45730,44300
65303801,비즈텍 TREAVE DDR4-2666 CL19,비즈텍 TREAVE,DDR4,2666,CL19,8GB,8,0,0,0,0,0,18610,18600,19500,19500,0,0,0,0,0,21580,21580,21580,21580,20860,21580,22990,23000,23000,23000,23000,23000,23000,21950
65303801,비즈텍 TREAVE DDR4-2666 CL19,비즈텍 TREAVE,DDR4,2666,CL19,4GB,4,0,0,0,0,0,10170,10160,10160,10160,0,0,0,0,0,10170,10170,10170,10170,10170,10170,10170,10170,10170,10170,10170,10170,10130,10010
65303783,비즈텍 TREAVE DDR4-2666 CL19,비즈텍 TREAVE,DDR4,2666,CL19,16GB,16,0,0,0,0,0,0,0,0,0,41990,41990,59100,59100,45750,0,0,0,0,0,0,0,0,0,0,0,0,0,0
65303783,비즈텍 TREAVE DDR4-2666 CL19,비즈텍 TREAVE,DDR4,2666,CL19,8GB,8,0,0,0,0,0,0,0,0,0,19500,19500,19500,20240,20230,0,0,0,0,0,0,0,0,0,0,0,0,0,0
65303783,비즈텍 TREAVE DDR4-2666 CL19,비즈텍 TREAVE,DDR4,2666,CL19,4GB,4,0,0,0,0,0,0,0,0,0,10160,10160,10160,10160,10170,0,0,0,0,0,0,0,0,0,0,0,0,0,0
65303720,비즈텍 TREAVE DDR4-3200 CL22,비즈텍 TREAVE,DDR4,3200,CL22,32GB,32,0,0,0,0,0,80910,80910,85400,82700,82700,82700,81800,81800,81800,81800,81800,81800,81800,104000,104000,104000,104000,104000,104000,104000,104000,104000,104000
65303720,비즈텍 TREAVE DDR4-3200 CL22,비즈텍 TREAVE,DDR4,3200,CL22,16GB,16,0,0,0,0,0,45810,45810,45800,46810,46810,46810,46300,47630,48240,48240,48240,48240,48240,46660,48230,48220,49010,49010,49010,49010,49010,49010,46640
65303720,비즈텍 TREAVE DDR4-3200 CL22,비즈텍 TREAVE,DDR4,3200,CL22,8GB,8,0,0,0,0,0,21850,21890,21890,21890,22410,22410,22180,22410,23510,23510,23510,23510,23510,22740,23510,23510,23880,23880,23880,23880,23880,23880,22780
64379654,비즈텍 TREAVE DDR5-5600 CL46,비즈텍 TREAVE,DDR5,5600,CL46,32GB,32,0,0,0,0,0,104770,106570,103360,104290,104280,104280,103360,104280,105490,105490,105490,105490,105490,102030,105490,105490,106740,106740,106740,106740,106740,106740,102030
64379654,비즈텍 TREAVE DDR5-5600 CL46,비즈텍 TREAVE,DDR5,5600,CL46,16GB,16,0,0,0,0,0,50560,50560,52550,51670,51660,51660,51120,51660,52560,52560,52560,52560,52560,51210,52560,52560,52560,52560,52560,54440,54390,54390,51210
64379516,비즈텍 TREAVE 노트북 DDR4-2666 CL19,비즈텍 TREAVE 노트북,DDR4,2666,CL19,16GB,16,0,0,0,0,0,39140,39140,0,0,0,0,0,0,0,0,0,0,0,0,0,0,0,0,0,0,0,0,0
64379516,비즈텍 TREAVE 노트북 DDR4-2666 CL19,비즈텍 TREAVE 노트북,DDR4,2666,CL19,8GB,8,0,0,0,0,0,20730,20730,0,0,0,0,0,0,0,0,0,0,0,0,0,0,0,0,0,0,0,0,0
64379516,비즈텍 TREAVE 노트북 DDR4-2666 CL19,비즈텍 TREAVE 노트북,DDR4,2666,CL19,4GB,4,0,0,0,0,0,12870,12870,0,0,0,0,0,0,0,0,0,0,0,0,0,0,0,0,0,0,0,0,0
65303750,비즈텍 TREAVE 노트북 DDR4-2666 CL19,비즈텍 TREAVE 노트북,DDR4,2666,CL19,16GB,16,0,0,0,0,0,0,0,39140,39140,39140,39140,39140,44020,48280,48280,48280,48280,0,0,0,0,0,0,0,0,0,0,0
65303750,비즈텍 TREAVE 노트북 DDR4-2666 CL19,비즈텍 TREAVE 노트북,DDR4,2666,CL19,8GB,8,0,0,0,0,0,0,0,21500,21690,21690,21690,21690,21690,21740,21740,21740,21740,0,0,0,0,0,0,0,0,0,0,0
65303750,비즈텍 TREAVE 노트북 DDR4-2666 CL19,비즈텍 TREAVE 노트북,DDR4,2666,CL19,4GB,4,0,0,0,0,0,0,0,12870,12810,12800,12800,12670,12670,12670,13090,13090,13090,0,0,0,0,0,0,0,0,0,0,0
65303753,비즈텍 TREAVE 노트북 DDR4-2666 CL19,비즈텍 TREAVE 노트북,DDR4,2666,CL19,16GB,16,0,0,0,0,0,0,0,0,0,0,0,0,0,0,0,0,0,48280,46690,48280,48250,49010,49010,49010,49010,49010,49010,46690
65303753,비즈텍 TREAVE 노트북 DDR4-2666 CL19,비즈텍 TREAVE 노트북,DDR4,2666,CL19,8GB,8,0,0,0,0,0,0,0,0,0,0,0,0,0,0,0,0,0,21740,21030,21740,21740,22230,22120,22000,21880,21770,21760,24220
65303753,비즈텍 TREAVE 노트북 DDR4-2666 CL19,비즈텍 TREAVE 노트북,DDR4,2666,CL19,4GB,4,0,0,0,0,0,0,0,0,0,0,0,0,0,0,0,0,0,13090,13090,13090,13090,13090,13090,13090,13090,13090,13090,13090
65303675,비즈텍 TREAVE 노트북 DDR4-3200 CL22,비즈텍 TREAVE 노트북,DDR4,3200,CL22,32GB,32,0,0,0,0,0,99480,99490,99490,0,0,0,0,0,0,0,0,0,0,0,0,0,0,0,0,0,0,0,0
65303675,비즈텍 TREAVE 노트북 DDR4-3200 CL22,비즈텍 TREAVE 노트북,DDR4,3200,CL22,16GB,16,0,0,0,0,0,46490,46490,46490,0,0,0,0,0,0,0,0,0,0,0,0,0,0,0,0,0,0,0,0
65303675,비즈텍 TREAVE 노트북 DDR4-3200 CL22,비즈텍 TREAVE 노트북,DDR4,3200,CL22,8GB,8,0,0,0,0,0,22450,22440,22440,0,0,0,0,0,0,0,0,0,0,0,0,0,0,0,0,0,0,0,0
64379612,비즈텍 TREAVE 노트북 DDR4-3200 CL22,비즈텍 TREAVE 노트북,DDR4,3200,CL22,32GB,32,0,0,0,0,0,0,0,0,99490,99490,99490,99490,102390,123290,0,123290,0,0,0,0,0,0,0,0,0,0,0,0
64379612,비즈텍 TREAVE 노트북 DDR4-3200 CL22,비즈텍 TREAVE 노트북,DDR4,3200,CL22,16GB,16,0,0,0,0,0,0,0,0,46490,46490,46490,46490,46490,52950,0,52950,0,0,0,0,0,0,0,0,0,0,0,0
64379612,비즈텍 TREAVE 노트북 DDR4-3200 CL22,비즈텍 TREAVE 노트북,DDR4,3200,CL22,8GB,8,0,0,0,0,0,0,0,0,22440,22930,22930,22690,23600,23600,0,23600,0,0,0,0,0,0,0,0,0,0,0,0
65303678,비즈텍 TREAVE 노트북 DDR4-3200 CL22,비즈텍 TREAVE 노트북,DDR4,3200,CL22,32GB,32,0,0,0,0,0,0,0,0,0,0,0,0,0,0,123290,0,123290,123290,119290,123290,123290,125300,99470,110690,110690,110690,110690,106180
65303678,비즈텍 TREAVE 노트북 DDR4-3200 CL22,비즈텍 TREAVE 노트북,DDR4,3200,CL22,16GB,16,0,0,0,0,0,0,0,0,0,0,0,0,0,0,52950,0,52950,52950,48560,48560,48560,48560,48560,48560,48560,48560,48560,48560
65303678,비즈텍 TREAVE 노트북 DDR4-3200 CL22,비즈텍 TREAVE 노트북,DDR4,3200,CL22,8GB,8,0,0,0,0,0,0,0,0,0,0,0,0,0,0,23600,0,23600,23600,23600,23600,23600,23600,23600,23600,23600,23600,23600,23600
65303624,비즈텍 TREAVE 노트북 DDR5-5600 CL46,비즈텍 TREAVE 노트북,DDR5,5600,CL46,32GB,32,0,0,0,0,0,107780,109710,0,0,0,0,0,0,0,0,0,0,0,0,0,0,0,0,0,0,0,110000,110000
65303624,비즈텍 TREAVE 노트북 DDR5-5600 CL46,비즈텍 TREAVE 노트북,DDR5,5600,CL46,16GB,16,0,0,0,0,0,55310,55310,0,0,0,0,0,0,0,0,0,0,0,0,0,0,0,0,0,0,0,56800,54070
64379729,비즈텍 TREAVE 노트북 DDR5-5600 CL46,비즈텍 TREAVE 노트북,DDR5,5600,CL46,32GB,32,0,0,0,0,0,0,0,109990,109990,109990,109990,109990,109990,106620,106620,106620,106620,106620,108430,109990,109990,109990,109990,109990,110000,110000,0,0
64379729,비즈텍 TREAVE 노트북 DDR5-5600 CL46,비즈텍 TREAVE 노트북,DDR5,5600,CL46,16GB,16,0,0,0,0,0,0,0,56800,56530,56520,56520,55910,55910,55910,55910,55910,55910,55910,54070,55910,55360,56800,56800,56800,56800,56800,0,0
5580667,삼성전자 DDR2-667 중고,삼성전자 DDR2-667 중고,0,0,0,2GB,2,0,0,0,0,0,4000,4000,4000,4000,4000,4000,3260,3260,3490,3490,3490,3490,3490,3490,3490,0,0,0,0,0,0,0,0
5580667,삼성전자 DDR2-667 중고,삼성전자 DDR2-667 중고,0,0,0,1GB,1,0,0,0,0,0,1800,1800,1800,1800,1800,1800,1800,1800,1800,1800,1800,1800,1800,1800,1800,0,0,0,0,0,0,0,0
5580669,삼성전자 DDR2-667 중고,삼성전자 DDR2-667 중고,0,0,0,2GB,2,0,0,0,0,0,0,0,0,0,0,0,0,0,0,0,0,0,0,0,0,3490,3490,3490,3490,3490,3490,3490,3490
5580669,삼성전자 DDR2-667 중고,삼성전자 DDR2-667 중고,0,0,0,1GB,1,0,0,0,0,0,0,0,0,0,0,0,0,0,0,0,0,0,0,0,0,1800,1800,1800,1800,1800,1800,1800,1800
744616,삼성전자 DDR2-800 중고,삼성전자 DDR2-800 중고,0,0,0,2GB,2,0,0,0,0,0,3190,3190,3190,3190,3190,3190,3190,3190,0,0,0,0,0,3190,3190,3190,3190,3190,3190,3190,3490,3490,3490
744616,삼성전자 DDR2-800 중고,삼성전자 DDR2-800 중고,0,0,0,1GB,1,0,0,0,0,0,1490,1490,1490,1490,1490,1490,1400,1370,0,0,0,0,0,1390,1390,1390,1390,1360,1360,1360,1360,1340,1430
863373,삼성전자 DDR2-800 중고,삼성전자 DDR2-800 중고,0,0,0,2GB,2,0,0,0,0,0,0,0,0,0,0,0,0,0,3190,3190,3190,3190,3190,0,0,0,0,0,0,0,0,0,0
863373,삼성전자 DDR2-800 중고,삼성전자 DDR2-800 중고,0,0,0,1GB,1,0,0,0,0,0,0,0,0,0,0,0,0,0,1390,1390,1390,1390,1390,0,0,0,0,0,0,0,0,0,0
5579844,삼성전자 DDR3-1066 중고,삼성전자 중고,DDR3,1066,0,4GB,4,0,0,0,0,0,15600,15600,15600,15600,15600,0,15600,15600,15600,0,0,0,0,0,0,0,15600,15600,15600,15600,15600,15600,15600
5579844,삼성전자 DDR3-1066 중고,삼성전자 중고,DDR3,1066,0,2GB,2,0,0,0,0,0,2490,2490,2490,2490,2490,0,2490,2490,2490,0,0,0,0,0,0,0,2490,2490,2490,2490,2490,2490,2490
5579844,삼성전자 DDR3-1066 중고,삼성전자 중고,DDR3,1066,0,1GB,1,0,0,0,0,0,1500,1500,1500,1500,1500,0,1500,1500,1500,0,0,0,0,0,0,0,1500,1500,1500,1500,1500,1500,1500
5579604,삼성전자 DDR3-1066 중고,삼성전자 중고,DDR3,1066,0,4GB,4,0,0,0,0,0,0,0,0,0,0,15600,0,0,0,15600,15600,15600,15600,15600,15600,15600,0,0,0,0,0,0,0
5579604,삼성전자 DDR3-1066 중고,삼성전자 중고,DDR3,1066,0,2GB,2,0,0,0,0,0,0,0,0,0,0,2490,0,0,0,2490,2490,2490,2490,2490,2490,2490,0,0,0,0,0,0,0
5579604,삼성전자 DDR3-1066 중고,삼성전자 중고,DDR3,1066,0,1GB,1,0,0,0,0,0,0,0,0,0,0,1500,0,0,0,1500,1500,1500,1500,1500,1500,1500,0,0,0,0,0,0,0
12823511,삼성전자 DDR3-1333 ECC/REG 중고,삼성전자 ECC/REG 중고,DDR3,1333,0,8GB,8,0,0,0,0,0,9800,0,0,0,0,0,9800,9800,0,9800,9800,9800,9800,9800,9800,9800,0,0,0,0,0,0,0
12823511,삼성전자 DDR3-1333 ECC/REG 중고,삼성전자 ECC/REG 중고,DDR3,1333,0,4GB,4,0,0,0,0,0,5450,0,0,0,0,0,5450,5450,0,5570,5570,5570,5570,5570,5570,5570,0,0,0,0,0,0,0
17528609,삼성전자 DDR3-1333 ECC/REG 중고,삼성전자 ECC/REG 중고,DDR3,1333,0,8GB,8,0,0,0,0,0,0,9800,9800,9800,9800,9800,0,0,9800,0,0,0,0,0,0,0,9800,9800,9800,9800,8990,8990,8990
17528609,삼성전자 DDR3-1333 ECC/REG 중고,삼성전자 ECC/REG 중고,DDR3,1333,0,4GB,4,0,0,0,0,0,0,5450,5450,5450,5450,5450,0,0,5570,0,0,0,0,0,0,0,5570,5460,5450,5450,5450,5790,5750
1228209,삼성전자 DDR3-1333 방열판,삼성전자 방열판,DDR3,1333,0,4GB,4,0,0,0,0,0,35000,0,35000,35000,35000,35000,35000,35000,35000,35000,35000,35000,35000,35000,35000,35000,0,0,0,0,0,0,35000
843710,삼성전자 DDR3-1333 병행수입,삼성전자 병행수입,DDR3,1333,0,2GB,2,0,0,0,0,0,11800,11800,11800,11800,11800,11800,11800,11800,11800,11800,11800,11800,11800,0,0,0,0,0,11800,11800,11800,11800,11800
5441273,삼성전자 DDR3-1333 중고,삼성전자 중고,DDR3,1333,0,8GB,8,0,0,0,0,0,16910,16910,17110,17190,17100,17100,17090,17090,17090,17090,0,0,0,0,0,0,17480,17370,17250,17130,17100,17010,16530
5441273,삼성전자 DDR3-1333 중고,삼성전자 중고,DDR3,1333,0,4GB,4,0,0,0,0,0,2900,2900,2900,2930,2950,2900,2900,2900,2900,2900,0,0,0,0,0,0,2900,2900,2900,2900,2900,2900,2900
5441273,삼성전자 DDR3-1333 중고,삼성전자 중고,DDR3,1333,0,2GB,2,0,0,0,0,0,1890,1890,1890,1890,1890,1890,1890,1890,1890,1890,0,0,0,0,0,0,1890,1890,1890,1890,1890,1890,1890
5441273,삼성전자 DDR3-1333 중고,삼성전자 중고,DDR3,1333,0,1GB,1,0,0,0,0,0,1100,1100,1100,1100,1100,1100,1100,1100,1100,1100,0,0,0,0,0,0,1100,1100,1100,1100,1100,1100,1100
5655416,삼성전자 DDR3-1333 중고,삼성전자 중고,DDR3,1333,0,8GB,8,0,0,0,0,0,0,0,0,0,0,0,0,0,0,0,17090,17090,17090,16530,0,17090,0,0,0,0,0,0,0
5655416,삼성전자 DDR3-1333 중고,삼성전자 중고,DDR3,1333,0,4GB,4,0,0,0,0,0,0,0,0,0,0,0,0,0,0,0,2900,2900,2900,2900,0,2900,0,0,0,0,0,0,0
5655416,삼성전자 DDR3-1333 중고,삼성전자 중고,DDR3,1333,0,2GB,2,0,0,0,0,0,0,0,0,0,0,0,0,0,0,0,1890,1890,1890,1890,0,1890,0,0,0,0,0,0,0
5655416,삼성전자 DDR3-1333 중고,삼성전자 중고,DDR3,1333,0,1GB,1,0,0,0,0,0,0,0,0,0,0,0,0,0,0,0,1100,1100,1100,1100,0,1100,0,0,0,0,0,0,0
5546083,삼성전자 DDR3-1333 중고,삼성전자 중고,DDR3,1333,0,8GB,8,0,0,0,0,0,0,0,0,0,0,0,0,0,0,0,0,0,0,0,17090,0,0,0,0,0,0,0,0
5546083,삼성전자 DDR3-1333 중고,삼성전자 중고,DDR3,1333,0,4GB,4,0,0,0,0,0,0,0,0,0,0,0,0,0,0,0,0,0,0,0,2900,0,0,0,0,0,0,0,0
5546083,삼성전자 DDR3-1333 중고,삼성전자 중고,DDR3,1333,0,2GB,2,0,0,0,0,0,0,0,0,0,0,0,0,0,0,0,0,0,0,0,1890,0,0,0,0,0,0,0,0
5546083,삼성전자 DDR3-1333 중고,삼성전자 중고,DDR3,1333,0,1GB,1,0,0,0,0,0,0,0,0,0,0,0,0,0,0,0,0,0,0,0,1100,0,0,0,0,0,0,0,0
1144692,삼성전자 DDR3-1333U 중고,삼성전자 -1333U 중고,DDR3,0,0,4GB,4,0,0,0,0,0,0,0,3700,3700,3700,3700,3700,3700,3700,3700,3700,3700,3700,3700,3700,3700,3700,3700,3700,3700,3700,3700,3700
1304396,삼성전자 DDR3-1600,삼성전자,DDR3,1600,0,4GB,4,0,0,0,0,0,3300,3300,3300,3300,3300,3300,3300,3300,3300,3300,3300,3300,3300,3300,3300,3300,3300,3300,3300,3300,3300,3300,3300
15253352,삼성전자 DDR3-1600 ECC/REG 중고,삼성전자 ECC/REG 중고,DDR3,1600,0,16GB,16,0,0,0,0,0,9990,9990,9500,9200,9200,9200,9100,9100,9100,9100,9100,9100,9100,9100,9100,9100,9990,9990,9990,9990,9990,9990,9100
15253352,삼성전자 DDR3-1600 ECC/REG 중고,삼성전자 ECC/REG 중고,DDR3,1600,0,8GB,8,0,0,0,0,0,11000,11000,11000,11000,11000,11000,11000,11000,11000,11000,11000,11000,11000,11000,11000,11000,11000,11000,11000,11000,11000,11000,11000
12823325,삼성전자 DDR3-1600 ECC/Unbuffered 중고,삼성전자 ECC/Unbuffered 중고,DDR3,1600,0,8GB,8,0,0,0,0,0,31000,31000,31190,31190,31190,31190,31000,31000,31000,31000,31000,31000,31000,29980,31000,31000,31200,31190,31190,31190,31190,31190,29980
12823325,삼성전자 DDR3-1600 ECC/Unbuffered 중고,삼성전자 ECC/Unbuffered 중고,DDR3,1600,0,4GB,4,0,0,0,0,0,17820,17820,18500,18210,18210,18210,18010,18010,18010,18010,18010,18010,18010,17410,18010,18010,18500,18500,18500,18500,18500,18500,17410
1772613,삼성전자 DDR3-1600 방열판,삼성전자 방열판,DDR3,1600,0,8GB,8,0,0,0,0,0,80000,80000,80000,80000,80000,80000,80000,80000,80000,80000,80000,80000,80000,80000,80000,80000,80000,80000,80000,80000,80000,80000,80000
1772613,삼성전자 DDR3-1600 방열판,삼성전자 방열판,DDR3,1600,0,4GB,4,0,0,0,0,0,21000,21000,21000,21000,21000,21000,21000,21000,21000,21000,21000,21000,21000,21000,21000,21000,21000,21000,21000,21000,21000,21000,21000
1772613,삼성전자 DDR3-1600 방열판,삼성전자 방열판,DDR3,1600,0,2GB,2,0,0,0,0,0,24700,24700,24700,24700,24700,24700,24700,24700,24700,24700,24700,24700,24700,24700,24700,24700,24700,24700,24700,24700,24700,24700,24700
1792298,삼성전자 DDR3-1600 병행수입,삼성전자 병행수입,DDR3,1600,0,8GB,8,0,0,0,0,0,11350,11350,10780,10440,10440,10440,10320,10320,10320,10320,10320,10320,10320,10320,10320,10320,11350,11350,11350,11350,11350,11350,10320
1792298,삼성전자 DDR3-1600 병행수입,삼성전자 병행수입,DDR3,1600,0,4GB,4,0,0,0,0,0,30000,30000,30000,30000,30000,30000,30000,30000,30000,30000,30000,30000,30000,30000,30000,30000,30000,30000,30000,30000,30000,30000,30000
1792298,삼성전자 DDR3-1600 병행수입,삼성전자 병행수입,DDR3,1600,0,2GB,2,0,0,0,0,0,15000,15000,15000,15000,15000,15000,15000,15000,15000,15000,15000,15000,15000,15000,15000,15000,15000,15000,15000,15000,15000,15000,15000
5549101,삼성전자 DDR3-1600 중고,삼성전자 중고,DDR3,1600,0,8GB,8,0,0,0,0,0,8500,8500,8500,8500,8500,8500,8400,8400,8400,8300,8300,8300,8300,8300,8300,8300,8400,8400,8400,8400,8400,8400,8400
5549101,삼성전자 DDR3-1600 중고,삼성전자 중고,DDR3,1600,0,4GB,4,0,0,0,0,0,2730,2730,2730,2730,2730,2730,2730,2730,2740,2740,2740,2740,2740,2740,2740,2740,2740,2730,2730,2730,2730,2730,2730
5549101,삼성전자 DDR3-1600 중고,삼성전자 중고,DDR3,1600,0,2GB,2,0,0,0,0,0,1890,1890,1890,1890,1890,1890,1890,1890,1890,1890,1890,1890,1890,1890,1890,1890,1890,1890,1890,1890,1890,1890,1890
5383117,삼성전자 DDR4-2133 ECC/REG,삼성전자 ECC/REG,DDR4,2133,0,32GB,32,0,0,0,0,0,165000,165000,165000,165000,165000,165000,165000,165000,165000,0,165000,0,0,0,0,0,165000,165000,165000,165000,0,0,0
5383117,삼성전자 DDR4-2133 ECC/REG,삼성전자 ECC/REG,DDR4,2133,0,16GB,16,0,0,0,0,0,145800,145800,145800,145800,145800,145800,145800,145800,145800,0,145800,0,0,0,0,0,145800,145000,145000,145000,0,0,0
5383117,삼성전자 DDR4-2133 ECC/REG,삼성전자 ECC/REG,DDR4,2133,0,8GB,8,0,0,0,0,0,84720,84720,84720,84720,84720,84720,84720,84720,84720,0,84720,0,0,0,0,0,84720,84720,84720,84720,0,0,0
3201268,삼성전자 DDR4-2133 ECC/REG,삼성전자 ECC/REG,DDR4,2133,0,32GB,32,0,0,0,0,0,0,0,0,0,0,0,0,0,0,165000,0,165000,165000,165000,165000,165000,0,0,0,0,0,0,0
3201268,삼성전자 DDR4-2133 ECC/REG,삼성전자 ECC/REG,DDR4,2133,0,16GB,16,0,0,0,0,0,0,0,0,0,0,0,0,0,0,145800,0,145800,145800,145800,145800,145800,0,0,0,0,0,0,0
3201268,삼성전자 DDR4-2133 ECC/REG,삼성전자 ECC/REG,DDR4,2133,0,8GB,8,0,0,0,0,0,0,0,0,0,0,0,0,0,0,84720,0,84720,84720,84720,84720,84720,0,0,0,0,0,0,0
3201319,삼성전자 DDR4-2133 ECC/REG,삼성전자 ECC/REG,DDR4,2133,0,32GB,32,0,0,0,0,0,0,0,0,0,0,0,0,0,0,0,0,0,0,0,0,0,0,0,0,0,165000,165000,165000
3201319,삼성전자 DDR4-2133 ECC/REG,삼성전자 ECC/REG,DDR4,2133,0,16GB,16,0,0,0,0,0,0,0,0,0,0,0,0,0,0,0,0,0,0,0,0,0,0,0,0,0,145000,145000,145000
3201319,삼성전자 DDR4-2133 ECC/REG,삼성전자 ECC/REG,DDR4,2133,0,8GB,8,0,0,0,0,0,0,0,0,0,0,0,0,0,0,0,0,0,0,0,0,0,0,0,0,0,84720,84720,84720
17190479,삼성전자 DDR4-2133 ECC/REG 중고,삼성전자 ECC/REG 중고,DDR4,2133,0,16GB,16,0,0,0,0,0,75420,75420,79610,77090,77090,77090,76250,34700,34700,34700,34700,34700,34700,34700,34700,34700,34700,34700,34700,34700,34700,34700,34700
17288240,삼성전자 DDR4-2133 ECC/Unbuffered 중고,삼성전자 ECC/Unbuffered 중고,DDR4,2133,0,16GB,16,0,0,0,0,0,90990,90990,91900,91900,91900,91900,91900,91900,91900,91900,91900,91900,91900,88880,91900,91900,92390,92280,92160,92040,91930,91920,88870
5676841,삼성전자 DDR4-2133 중고,삼성전자 중고,DDR4,2133,0,16GB,16,0,0,0,0,0,45000,45000,45000,45000,45000,45000,45000,0,0,0,0,0,47000,46190,47000,47000,47000,47000,47000,47000,46990,46900,45750
5676841,삼성전자 DDR4-2133 중고,삼성전자 중고,DDR4,2133,0,8GB,8,0,0,0,0,0,13950,13950,14720,14260,14260,14260,14100,0,0,0,0,0,14100,13630,14100,14100,14100,14100,14100,14100,14100,14090,13630
5676841,삼성전자 DDR4-2133 중고,삼성전자 중고,DDR4,2133,0,4GB,4,0,0,0,0,0,5190,5190,5190,5190,5190,5190,5190,0,0,0,0,0,5190,5190,5190,4990,4990,4990,4990,4990,4990,4990,4690
12823709,삼성전자 DDR4-2133 중고,삼성전자 중고,DDR4,2133,0,16GB,16,0,0,0,0,0,0,0,0,0,0,0,0,45000,45000,47000,47000,47000,0,0,0,0,0,0,0,0,0,0,0
12823709,삼성전자 DDR4-2133 중고,삼성전자 중고,DDR4,2133,0,8GB,8,0,0,0,0,0,0,0,0,0,0,0,0,14100,14100,14100,14100,14100,0,0,0,0,0,0,0,0,0,0,0
12823709,삼성전자 DDR4-2133 중고,삼성전자 중고,DDR4,2133,0,4GB,4,0,0,0,0,0,0,0,0,0,0,0,0,5190,5190,5190,5190,5190,0,0,0,0,0,0,0,0,0,0,0
4343051,삼성전자 DDR4-2400,삼성전자,DDR4,2400,0,16GB,16,0,0,0,0,0,44890,45090,45090,45090,45090,45090,49030,49030,49030,49030,49030,49030,49030,47420,49030,49030,51140,51030,50910,50790,50680,50670,47420
4343051,삼성전자 DDR4-2400,삼성전자,DDR4,2400,0,8GB,8,0,0,0,0,0,13370,13370,13370,13370,13370,13370,13360,13360,13360,13360,13360,13360,13360,13360,13360,13360,13670,13560,13440,13370,13370,13280,13240
4343051,삼성전자 DDR4-2400,삼성전자,DDR4,2400,0,4GB,4,0,0,0,0,0,5600,5600,5600,5600,5600,5600,5600,5600,5600,5600,5600,5600,5600,5600,5600,5600,5600,5600,5600,5600,5600,5600,5600
5448638,삼성전자 DDR4-2400 ECC/REG,삼성전자 ECC/REG,DDR4,2400,0,32GB,32,0,0,0,0,0,94210,94210,94230,94230,94230,94230,0,0,0,0,0,0,0,0,0,0,0,0,0,0,0,100170,96880
5448638,삼성전자 DDR4-2400 ECC/REG,삼성전자 ECC/REG,DDR4,2400,0,16GB,16,0,0,0,0,0,53340,53350,58500,58490,58490,58490,0,0,0,0,0,0,0,0,0,0,0,0,0,0,0,58400,56490
5448638,삼성전자 DDR4-2400 ECC/REG,삼성전자 ECC/REG,DDR4,2400,0,8GB,8,0,0,0,0,0,80900,80900,80900,82690,82690,82690,0,0,0,0,0,0,0,0,0,0,0,0,0,0,0,81750,79100
5721713,삼성전자 DDR4-2400 ECC/REG,삼성전자 ECC/REG,DDR4,2400,0,32GB,32,0,0,0,0,0,0,0,0,0,0,0,94230,94230,94230,94230,100270,100270,100270,96970,100180,100170,100170,100170,100170,100170,100170,0,0
5721713,삼성전자 DDR4-2400 ECC/REG,삼성전자 ECC/REG,DDR4,2400,0,16GB,16,0,0,0,0,0,0,0,0,0,0,0,58480,58480,58480,58480,58480,58480,58480,56750,58390,58410,58400,58400,58400,58400,58400,0,0
5721713,삼성전자 DDR4-2400 ECC/REG,삼성전자 ECC/REG,DDR4,2400,0,8GB,8,0,0,0,0,0,0,0,0,0,0,0,81790,81790,81790,81790,81790,81790,81790,79100,81790,81790,82700,81770,81770,81760,81760,0,0
17899715,삼성전자 DDR4-2400 ECC/REG 중고,삼성전자 ECC/REG 중고,DDR4,2400,0,32GB,32,0,0,0,0,0,78990,87000,87000,87000,87000,87000,87000,87000,87000,87000,0,0,0,0,0,0,0,0,0,0,0,0,0
17899715,삼성전자 DDR4-2400 ECC/REG 중고,삼성전자 ECC/REG 중고,DDR4,2400,0,16GB,16,0,0,0,0,0,30800,30800,32110,31090,31090,31090,30800,30800,30800,30800,0,0,0,0,0,0,0,0,0,0,0,0,0
17899709,삼성전자 DDR4-2400 ECC/REG 중고,삼성전자 ECC/REG 중고,DDR4,2400,0,32GB,32,0,0,0,0,0,0,0,0,0,0,0,0,0,0,0,87000,87000,87000,87000,87000,87000,87000,87000,87000,87000,87000,87000,87000
17899709,삼성전자 DDR4-2400 ECC/REG 중고,삼성전자 ECC/REG 중고,DDR4,2400,0,16GB,16,0,0,0,0,0,0,0,0,0,0,0,0,0,0,0,30800,30800,30800,29780,30800,30800,33800,33800,33800,33800,33800,33800,30800
11236449,삼성전자 DDR4-2400 중고,삼성전자 중고,DDR4,2400,0,16GB,16,0,0,0,0,0,44890,34900,36000,44890,44890,44800,44680,46300,46300,0,46280,46280,46260,0,0,0,0,0,0,0,0,0,0
11236449,삼성전자 DDR4-2400 중고,삼성전자 중고,DDR4,2400,0,8GB,8,0,0,0,0,0,14310,14310,14690,14520,14620,14580,14500,14690,14650,0,14690,14650,14530,0,0,0,0,0,0,0,0,0,0
11236449,삼성전자 DDR4-2400 중고,삼성전자 중고,DDR4,2400,0,4GB,4,0,0,0,0,0,5470,5350,5310,5490,5450,5330,5470,5350,5490,0,5330,5490,5450,0,0,0,0,0,0,0,0,0,0
11298180,삼성전자 DDR4-2400 중고,삼성전자 중고,DDR4,2400,0,16GB,16,0,0,0,0,0,0,0,0,0,0,0,0,0,0,46400,0,0,0,45400,46250,0,0,37900,37900,37900,37900,36760,33760
11298180,삼성전자 DDR4-2400 중고,삼성전자 중고,DDR4,2400,0,8GB,8,0,0,0,0,0,0,0,0,0,0,0,0,0,0,14530,0,0,0,14340,14690,0,0,14610,14670,14550,14490,14490,14340
11298180,삼성전자 DDR4-2400 중고,삼성전자 중고,DDR4,2400,0,4GB,4,0,0,0,0,0,0,0,0,0,0,0,0,0,0,5450,0,0,0,5330,5470,0,0,5350,5490,5450,5340,5330,5330
11644949,삼성전자 DDR4-2400 중고,삼성전자 중고,DDR4,2400,0,16GB,16,0,0,0,0,0,0,0,0,0,0,0,0,0,0,0,0,0,0,0,0,46180,37900,0,0,0,0,0,0
11644949,삼성전자 DDR4-2400 중고,삼성전자 중고,DDR4,2400,0,8GB,8,0,0,0,0,0,0,0,0,0,0,0,0,0,0,0,0,0,0,0,0,13380,14650,0,0,0,0,0,0
11644949,삼성전자 DDR4-2400 중고,삼성전자 중고,DDR4,2400,0,4GB,4,0,0,0,0,0,0,0,0,0,0,0,0,0,0,0,0,0,0,0,0,5350,5470,0,0,0,0,0,0
5937666,삼성전자 DDR4-2666,삼성전자,DDR4,2666,0,16GB,16,0,0,0,0,0,52100,0,55000,0,0,53260,52680,55500,55500,55500,55500,55500,55500,53680,55500,54500,55210,54400,54390,54390,53190,53190,50060
5937666,삼성전자 DDR4-2666,삼성전자,DDR4,2666,0,8GB,8,0,0,0,0,0,16640,0,16640,0,0,16690,16690,16690,16690,16690,16690,16690,16690,16270,16690,16690,16690,16500,16500,16500,16500,16500,16270
5941995,삼성전자 DDR4-2666,삼성전자,DDR4,2666,0,16GB,16,0,0,0,0,0,0,52100,0,53260,53260,0,0,0,0,0,0,0,0,0,0,0,0,0,0,0,0,0,0
5941995,삼성전자 DDR4-2666,삼성전자,DDR4,2666,0,8GB,8,0,0,0,0,0,0,16640,0,16690,16690,0,0,0,0,0,0,0,0,0,0,0,0,0,0,0,0,0,0
6393108,삼성전자 DDR4-2666 ECC/REG,삼성전자 ECC/REG,DDR4,2666,0,32GB,32,0,0,0,0,0,67990,67990,67990,67990,67990,67990,67990,67990,67990,67990,67990,0,65960,65960,67990,61880,67990,67990,67990,67990,67990,0,0
6393108,삼성전자 DDR4-2666 ECC/REG,삼성전자 ECC/REG,DDR4,2666,0,16GB,16,0,0,0,0,0,31000,31000,32300,31280,31280,31280,31000,31000,31000,31000,31000,0,31000,29980,31000,31000,33990,33990,33990,33990,33990,0,0
6393108,삼성전자 DDR4-2666 ECC/REG,삼성전자 ECC/REG,DDR4,2666,0,8GB,8,0,0,0,0,0,30570,30570,30570,30570,30570,30570,30570,30570,30590,30590,30590,0,30590,29590,30590,30890,31490,31380,31260,31140,31030,0,0
10824564,삼성전자 DDR4-2666 ECC/REG,삼성전자 ECC/REG,DDR4,2666,0,32GB,32,0,0,0,0,0,0,0,0,0,0,0,0,0,0,0,0,67990,0,0,0,0,0,0,0,0,0,65960,65960
10824564,삼성전자 DDR4-2666 ECC/REG,삼성전자 ECC/REG,DDR4,2666,0,16GB,16,0,0,0,0,0,0,0,0,0,0,0,0,0,0,0,0,31000,0,0,0,0,0,0,0,0,0,32980,29980
10824564,삼성전자 DDR4-2666 ECC/REG,삼성전자 ECC/REG,DDR4,2666,0,8GB,8,0,0,0,0,0,0,0,0,0,0,0,0,0,0,0,0,30590,0,0,0,0,0,0,0,0,0,31020,29880
11633126,삼성전자 DDR4-2666 ECC/Unbuffered,삼성전자 ECC/Unbuffered,DDR4,2666,0,32GB,32,0,0,0,0,0,300000,300000,300000,300000,0,0,300000,300000,300000,300000,300000,300000,300000,300000,300000,300000,300000,300000,300000,300000,300000,300000,0
11633126,삼성전자 DDR4-2666 ECC/Unbuffered,삼성전자 ECC/Unbuffered,DDR4,2666,0,16GB,16,0,0,0,0,0,190000,190000,190000,190000,0,0,190000,190000,190000,190000,190000,190000,190000,190000,190000,190000,190000,190000,190000,190000,190000,190000,0
11633126,삼성전자 DDR4-2666 ECC/Unbuffered,삼성전자 ECC/Unbuffered,DDR4,2666,0,8GB,8,0,0,0,0,0,90000,90000,90000,90000,0,0,90000,90000,90000,90000,90000,90000,90000,90000,90000,90000,90000,90000,90000,90000,90000,90000,0
17814587,삼성전자 DDR4-2666 ECC/Unbuffered,삼성전자 ECC/Unbuffered,DDR4,2666,0,32GB,32,0,0,0,0,0,0,0,0,0,300000,300000,0,0,0,0,0,0,0,0,0,0,0,0,0,0,0,0,0
17814587,삼성전자 DDR4-2666 ECC/Unbuffered,삼성전자 ECC/Unbuffered,DDR4,2666,0,16GB,16,0,0,0,0,0,0,0,0,0,190000,190000,0,0,0,0,0,0,0,0,0,0,0,0,0,0,0,0,0
17814587,삼성전자 DDR4-2666 ECC/Unbuffered,삼성전자 ECC/Unbuffered,DDR4,2666,0,8GB,8,0,0,0,0,0,0,0,0,0,90000,90000,0,0,0,0,0,0,0,0,0,0,0,0,0,0,0,0,0
11631995,삼성전자 DDR4-2666 ECC/Unbuffered,삼성전자 ECC/Unbuffered,DDR4,2666,0,32GB,32,0,0,0,0,0,0,0,0,0,0,0,0,0,0,0,0,0,0,0,0,0,0,0,0,0,0,0,300000
11631995,삼성전자 DDR4-2666 ECC/Unbuffered,삼성전자 ECC/Unbuffered,DDR4,2666,0,16GB,16,0,0,0,0,0,0,0,0,0,0,0,0,0,0,0,0,0,0,0,0,0,0,0,0,0,0,0,190000
11631995,삼성전자 DDR4-2666 ECC/Unbuffered,삼성전자 ECC/Unbuffered,DDR4,2666,0,8GB,8,0,0,0,0,0,0,0,0,0,0,0,0,0,0,0,0,0,0,0,0,0,0,0,0,0,0,0,90000
8158972,삼성전자 DDR4-2666 중고,삼성전자 중고,DDR4,2666,0,32GB,32,0,0,0,0,0,90000,90000,95000,92000,92000,0,0,0,0,91000,0,91000,91000,0,0,0,0,0,0,0,95310,0,0
8158972,삼성전자 DDR4-2666 중고,삼성전자 중고,DDR4,2666,0,16GB,16,0,0,0,0,0,40000,34900,39980,39990,39990,0,0,0,0,39990,0,39990,39990,0,0,0,0,0,0,0,39990,0,0
8158972,삼성전자 DDR4-2666 중고,삼성전자 중고,DDR4,2666,0,8GB,8,0,0,0,0,0,14850,14850,15670,15180,15180,0,0,0,0,15010,0,15010,15010,0,0,0,0,0,0,0,15920,0,0
8158972,삼성전자 DDR4-2666 중고,삼성전자 중고,DDR4,2666,0,4GB,4,0,0,0,0,0,6170,5900,5900,5900,5900,0,0,0,0,5900,0,6290,6170,0,0,0,0,0,0,0,6160,0,0
8165329,삼성전자 DDR4-2666 중고,삼성전자 중고,DDR4,2666,0,32GB,32,0,0,0,0,0,0,0,0,0,0,92000,91000,0,0,0,0,0,0,88000,91000,91000,96850,96020,95900,95780,0,95300,82530
8165329,삼성전자 DDR4-2666 중고,삼성전자 중고,DDR4,2666,0,16GB,16,0,0,0,0,0,0,0,0,0,0,39990,39990,0,0,0,0,0,0,39990,39990,39990,37900,37890,39990,39990,0,39990,39990
8165329,삼성전자 DDR4-2666 중고,삼성전자 중고,DDR4,2666,0,8GB,8,0,0,0,0,0,0,0,0,0,0,15180,15010,0,0,0,0,0,0,14510,15010,15010,16000,15920,15920,15920,0,15790,13200
8165329,삼성전자 DDR4-2666 중고,삼성전자 중고,DDR4,2666,0,4GB,4,0,0,0,0,0,0,0,0,0,0,5900,5900,0,0,0,0,0,0,6050,5970,6290,6250,6130,6010,6270,0,6150,6110
16493414,삼성전자 DDR4-2666 중고,삼성전자 중고,DDR4,2666,0,32GB,32,0,0,0,0,0,0,0,0,0,0,0,0,91000,91000,0,91000,0,0,0,0,0,0,0,0,0,0,0,0
16493414,삼성전자 DDR4-2666 중고,삼성전자 중고,DDR4,2666,0,16GB,16,0,0,0,0,0,0,0,0,0,0,0,0,39990,39990,0,39990,0,0,0,0,0,0,0,0,0,0,0,0
16493414,삼성전자 DDR4-2666 중고,삼성전자 중고,DDR4,2666,0,8GB,8,0,0,0,0,0,0,0,0,0,0,0,0,15010,15010,0,15010,0,0,0,0,0,0,0,0,0,0,0,0
16493414,삼성전자 DDR4-2666 중고,삼성전자 중고,DDR4,2666,0,4GB,4,0,0,0,0,0,0,0,0,0,0,0,0,5900,5900,0,5900,0,0,0,0,0,0,0,0,0,0,0,0
11541992,삼성전자 DDR4-2933,삼성전자,DDR4,2933,0,32GB,32,0,0,0,0,0,116890,116890,118010,116890,116890,116890,116890,0,0,0,0,0,0,0,0,0,136780,135310,135300,135300,135300,135290,0
11541992,삼성전자 DDR4-2933,삼성전자,DDR4,2933,0,16GB,16,0,0,0,0,0,74000,74000,74000,74000,74000,74000,74000,0,0,0,0,0,0,0,0,0,74000,74000,74000,74000,74000,74000,0
11541992,삼성전자 DDR4-2933,삼성전자,DDR4,2933,0,8GB,8,0,0,0,0,0,39000,39000,39000,39000,39000,39000,39000,0,0,0,0,0,0,0,0,0,39000,39000,39000,39000,39000,39000,0
12513242,삼성전자 DDR4-2933,삼성전자,DDR4,2933,0,32GB,32,0,0,0,0,0,0,0,0,0,0,0,0,116890,116890,116890,116880,116880,116880,113090,116870,136800,0,0,0,0,0,0,0
12513242,삼성전자 DDR4-2933,삼성전자,DDR4,2933,0,16GB,16,0,0,0,0,0,0,0,0,0,0,0,0,74000,74000,74000,74000,74000,74000,74000,74000,74000,0,0,0,0,0,0,0
12513242,삼성전자 DDR4-2933,삼성전자,DDR4,2933,0,8GB,8,0,0,0,0,0,0,0,0,0,0,0,0,39000,39000,39000,39000,39000,39000,39000,39000,39000,0,0,0,0,0,0,0
10376427,삼성전자 DDR4-2933,삼성전자,DDR4,2933,0,32GB,32,0,0,0,0,0,0,0,0,0,0,0,0,0,0,0,0,0,0,0,0,0,0,0,0,0,0,0,132480
10376427,삼성전자 DDR4-2933,삼성전자,DDR4,2933,0,16GB,16,0,0,0,0,0,0,0,0,0,0,0,0,0,0,0,0,0,0,0,0,0,0,0,0,0,0,0,74000
10376427,삼성전자 DDR4-2933,삼성전자,DDR4,2933,0,8GB,8,0,0,0,0,0,0,0,0,0,0,0,0,0,0,0,0,0,0,0,0,0,0,0,0,0,0,0,39000
12509051,삼성전자 DDR4-2933 ECC/REG,삼성전자 ECC/REG,DDR4,2933,0,128GB,128,0,0,0,0,0,1013100,1012980,0,0,0,0,0,0,0,0,0,0,0,0,0,0,0,0,0,0,0,0,989480
12509051,삼성전자 DDR4-2933 ECC/REG,삼성전자 ECC/REG,DDR4,2933,0,64GB,64,0,0,0,0,0,201430,201430,0,0,0,0,0,0,0,0,0,0,0,0,0,0,0,0,0,0,0,0,223200
12509051,삼성전자 DDR4-2933 ECC/REG,삼성전자 ECC/REG,DDR4,2933,0,32GB,32,0,0,0,0,0,67770,67770,0,0,0,0,0,0,0,0,0,0,0,0,0,0,0,0,0,0,0,0,105910
12509051,삼성전자 DDR4-2933 ECC/REG,삼성전자 ECC/REG,DDR4,2933,0,16GB,16,0,0,0,0,0,58050,58050,0,0,0,0,0,0,0,0,0,0,0,0,0,0,0,0,0,0,0,0,58080
11541977,삼성전자 DDR4-2933 ECC/REG,삼성전자 ECC/REG,DDR4,2933,0,128GB,128,0,0,0,0,0,0,0,1012940,0,0,0,0,0,1012530,1015080,1015080,1015080,1015080,1015080,989990,989990,989990,989880,989760,989640,989530,989520,0
11541977,삼성전자 DDR4-2933 ECC/REG,삼성전자 ECC/REG,DDR4,2933,0,64GB,64,0,0,0,0,0,0,0,221860,0,0,0,0,0,224910,224890,224870,224830,224710,223280,223660,223660,223660,223650,223610,223490,223450,223410,0
11541977,삼성전자 DDR4-2933 ECC/REG,삼성전자 ECC/REG,DDR4,2933,0,32GB,32,0,0,0,0,0,0,0,67770,0,0,0,0,0,67770,67770,67770,67770,67770,67770,67770,109490,109480,109440,109320,109200,109160,109120,0
11541977,삼성전자 DDR4-2933 ECC/REG,삼성전자 ECC/REG,DDR4,2933,0,16GB,16,0,0,0,0,0,0,0,62700,0,0,0,0,0,60060,60060,60060,60060,60060,58080,60060,60060,65950,65910,65790,65670,65630,64020,0
11541968,삼성전자 DDR4-2933 ECC/REG,삼성전자 ECC/REG,DDR4,2933,0,128GB,128,0,0,0,0,0,0,0,0,1012920,1012880,1012760,1012640,1012560,0,0,0,0,0,0,0,0,0,0,0,0,0,0,0
11541968,삼성전자 DDR4-2933 ECC/REG,삼성전자 ECC/REG,DDR4,2933,0,64GB,64,0,0,0,0,0,0,0,0,221860,221860,221860,221860,221860,0,0,0,0,0,0,0,0,0,0,0,0,0,0,0
11541968,삼성전자 DDR4-2933 ECC/REG,삼성전자 ECC/REG,DDR4,2933,0,32GB,32,0,0,0,0,0,0,0,0,67770,67770,67770,67770,67770,0,0,0,0,0,0,0,0,0,0,0,0,0,0,0
11541968,삼성전자 DDR4-2933 ECC/REG,삼성전자 ECC/REG,DDR4,2933,0,16GB,16,0,0,0,0,0,0,0,0,60720,60720,60720,60060,60060,0,0,0,0,0,0,0,0,0,0,0,0,0,0,0
19282769,삼성전자 DDR4-2933 ECC/REG 중고,삼성전자 ECC/REG 중고,DDR4,2933,0,32GB,32,0,0,0,0,0,71190,71190,71190,71190,71190,71190,71190,108510,108510,108510,108510,108510,108510,104950,108510,108120,111010,111010,111010,111010,111010,111010,104950
13826867,삼성전자 DDR4-2933 ECC/Unbuffered,삼성전자 ECC/Unbuffered,DDR4,2933,0,32GB,32,0,0,0,0,0,225000,225000,225000,225000,225000,225000,225000,225000,225000,225000,225000,225000,225000,225000,225000,225000,225000,225000,225000,225000,225000,225000,225000
13826867,삼성전자 DDR4-2933 ECC/Unbuffered,삼성전자 ECC/Unbuffered,DDR4,2933,0,16GB,16,0,0,0,0,0,165000,165000,165000,165000,165000,165000,165000,165000,165000,165000,165000,165000,165000,165000,165000,165000,165000,165000,165000,165000,165000,165000,165000
13826867,삼성전자 DDR4-2933 ECC/Unbuffered,삼성전자 ECC/Unbuffered,DDR4,2933,0,8GB,8,0,0,0,0,0,48540,48540,50530,49610,49610,49610,49070,49070,49070,49070,49070,49070,49070,47460,49070,49070,50530,50530,50530,50530,50530,50500,47460
17844794,삼성전자 DDR4-2933 중고,삼성전자 중고,DDR4,2933,0,8GB,8,0,0,0,0,0,26500,26500,26500,26500,26500,26500,26500,26500,26500,26500,26500,26500,26500,26500,26500,26500,26500,26500,26500,26500,26500,26500,26000
11541857,삼성전자 DDR4-3200,삼성전자,DDR4,3200,0,32GB,32,0,0,0,0,0,126000,126000,129670,130170,130170,130170,130170,0,0,0,0,0,132860,0,132750,0,0,0,0,0,0,0,0
11541857,삼성전자 DDR4-3200,삼성전자,DDR4,3200,0,16GB,16,0,0,0,0,0,69880,69880,90000,89230,89230,89230,82880,0,0,0,0,0,87230,0,88990,0,0,0,0,0,0,0,0
11541857,삼성전자 DDR4-3200,삼성전자,DDR4,3200,0,8GB,8,0,0,0,0,0,32000,35890,36380,35900,35900,35900,35900,0,0,0,0,0,36970,0,36960,0,0,0,0,0,0,0,0
11541857,삼성전자 DDR4-3200,삼성전자,DDR4,3200,0,4GB,4,0,0,0,0,0,12000,12000,12000,12000,12000,12000,12000,0,0,0,0,0,12000,0,12000,0,0,0,0,0,0,0,0
11028636,삼성전자 DDR4-3200,삼성전자,DDR4,3200,0,32GB,32,0,0,0,0,0,0,0,0,0,0,0,0,130560,131240,132450,132880,132870,0,0,0,0,0,0,0,0,0,0,0
11028636,삼성전자 DDR4-3200,삼성전자,DDR4,3200,0,16GB,16,0,0,0,0,0,0,0,0,0,0,0,0,88260,90000,90900,86500,86500,0,0,0,0,0,0,0,0,0,0,0
11028636,삼성전자 DDR4-3200,삼성전자,DDR4,3200,0,8GB,8,0,0,0,0,0,0,0,0,0,0,0,0,37570,37570,36970,36970,36970,0,0,0,0,0,0,0,0,0,0,0
11028636,삼성전자 DDR4-3200,삼성전자,DDR4,3200,0,4GB,4,0,0,0,0,0,0,0,0,0,0,0,0,12000,12000,12000,12000,12000,0,0,0,0,0,0,0,0,0,0,0
11790199,삼성전자 DDR4-3200,삼성전자,DDR4,3200,0,32GB,32,0,0,0,0,0,0,0,0,0,0,0,0,0,0,0,0,0,0,128510,0,132740,126760,128750,128630,128510,128450,128360,122780
11790199,삼성전자 DDR4-3200,삼성전자,DDR4,3200,0,16GB,16,0,0,0,0,0,0,0,0,0,0,0,0,0,0,0,0,0,0,87890,0,88990,91500,88020,92330,92330,92330,92240,86140
11790199,삼성전자 DDR4-3200,삼성전자,DDR4,3200,0,8GB,8,0,0,0,0,0,0,0,0,0,0,0,0,0,0,0,0,0,0,36970,0,36890,36890,36890,36210,26700,26700,25900,35690
11790199,삼성전자 DDR4-3200,삼성전자,DDR4,3200,0,4GB,4,0,0,0,0,0,0,0,0,0,0,0,0,0,0,0,0,0,0,12000,0,12000,12000,12000,12000,12000,12000,12000,12000
13432970,삼성전자 DDR4-3200 ECC/REG,삼성전자 ECC/REG,DDR4,3200,0,128GB,128,0,0,0,0,0,1060000,0,0,1060000,0,1060000,0,0,0,0,0,0,0,0,0,0,0,0,0,0,0,0,0
13432970,삼성전자 DDR4-3200 ECC/REG,삼성전자 ECC/REG,DDR4,3200,0,64GB,64,0,0,0,0,0,278990,0,0,278950,0,278950,0,0,0,0,0,0,0,0,0,0,0,0,0,0,0,0,0
13432970,삼성전자 DDR4-3200 ECC/REG,삼성전자 ECC/REG,DDR4,3200,0,32GB,32,0,0,0,0,0,108000,0,0,108560,0,108560,0,0,0,0,0,0,0,0,0,0,0,0,0,0,0,0,0
13432970,삼성전자 DDR4-3200 ECC/REG,삼성전자 ECC/REG,DDR4,3200,0,16GB,16,0,0,0,0,0,45500,0,0,45500,0,45500,0,0,0,0,0,0,0,0,0,0,0,0,0,0,0,0,0
13432970,삼성전자 DDR4-3200 ECC/REG,삼성전자 ECC/REG,DDR4,3200,0,8GB,8,0,0,0,0,0,48540,0,0,49090,0,49090,0,0,0,0,0,0,0,0,0,0,0,0,0,0,0,0,0
13433147,삼성전자 DDR4-3200 ECC/REG,삼성전자 ECC/REG,DDR4,3200,0,128GB,128,0,0,0,0,0,0,1060000,1060000,0,0,0,0,0,1060000,1060000,1060000,1060000,1060000,1060000,0,0,0,0,0,0,1060000,0,0
13433147,삼성전자 DDR4-3200 ECC/REG,삼성전자 ECC/REG,DDR4,3200,0,64GB,64,0,0,0,0,0,0,278990,278970,0,0,0,0,0,278890,278870,278880,278880,278880,281000,0,0,0,0,0,0,290570,0,0
13433147,삼성전자 DDR4-3200 ECC/REG,삼성전자 ECC/REG,DDR4,3200,0,32GB,32,0,0,0,0,0,0,108000,112100,0,0,0,0,0,118000,118000,118000,118000,114460,114460,0,0,0,0,0,0,118000,0,0
13433147,삼성전자 DDR4-3200 ECC/REG,삼성전자 ECC/REG,DDR4,3200,0,16GB,16,0,0,0,0,0,0,45500,45500,0,0,0,0,0,47310,47310,47310,49500,49500,51040,0,0,0,0,0,0,45970,0,0
13433147,삼성전자 DDR4-3200 ECC/REG,삼성전자 ECC/REG,DDR4,3200,0,8GB,8,0,0,0,0,0,0,48540,48530,0,0,0,0,0,49070,49070,49070,49070,49070,47460,0,0,0,0,0,0,49090,0,0
13432766,삼성전자 DDR4-3200 ECC/REG,삼성전자 ECC/REG,DDR4,3200,0,128GB,128,0,0,0,0,0,0,0,0,0,1060000,0,1060000,1060000,0,0,0,0,0,0,1060000,1060000,1060000,1060000,1060000,1060000,0,1059990,1059990
13432766,삼성전자 DDR4-3200 ECC/REG,삼성전자 ECC/REG,DDR4,3200,0,64GB,64,0,0,0,0,0,0,0,0,0,278950,0,278930,278910,0,0,0,0,0,0,285720,285680,290570,290570,290570,290570,0,290570,281000
13432766,삼성전자 DDR4-3200 ECC/REG,삼성전자 ECC/REG,DDR4,3200,0,32GB,32,0,0,0,0,0,0,0,0,0,108560,0,108000,108000,0,0,0,0,0,0,118000,108000,118000,118000,118000,118000,0,118000,108000
13432766,삼성전자 DDR4-3200 ECC/REG,삼성전자 ECC/REG,DDR4,3200,0,16GB,16,0,0,0,0,0,0,0,0,0,45500,0,47310,47310,0,0,0,0,0,0,52770,55700,55700,55700,55700,42780,0,44620,41620
13432766,삼성전자 DDR4-3200 ECC/REG,삼성전자 ECC/REG,DDR4,3200,0,8GB,8,0,0,0,0,0,0,0,0,0,49090,0,49070,49070,0,0,0,0,0,0,49070,49070,49090,49090,49090,49090,0,48980,47460
37693463,삼성전자 DDR4-3200 ECC/Unbuffered,삼성전자 ECC/Unbuffered,DDR4,3200,0,32GB,32,0,0,0,0,0,185000,185000,185000,185000,185000,185000,185000,185000,185000,185000,185000,185000,185000,184000,185000,185000,185000,185000,185000,185000,185000,184990,184990
15578048,삼성전자 DDR4-3200 중고,삼성전자 중고,DDR4,3200,0,32GB,32,0,0,0,0,0,95900,95900,95900,95900,95900,95900,95900,0,0,0,0,0,95900,99120,101010,101010,103950,103830,103710,103590,95890,95890,92400
15578048,삼성전자 DDR4-3200 중고,삼성전자 중고,DDR4,3200,0,16GB,16,0,0,0,0,0,56250,56250,59370,65320,69000,69000,69000,0,0,0,0,0,67000,67000,56870,56870,64990,66290,66290,66290,64990,63050,57200
15578048,삼성전자 DDR4-3200 중고,삼성전자 중고,DDR4,3200,0,8GB,8,0,0,0,0,0,19170,16900,20600,20490,20490,20490,20460,0,0,0,0,0,19380,18740,19380,19380,19500,19790,19790,19790,19790,19790,19790
15578048,삼성전자 DDR4-3200 중고,삼성전자 중고,DDR4,3200,0,4GB,4,0,0,0,0,0,12990,12990,12350,11960,11960,11960,11830,0,0,0,0,0,11830,11830,11830,11830,12990,12990,12990,12990,12990,12990,11830
16379045,삼성전자 DDR4-3200 중고,삼성전자 중고,DDR4,3200,0,32GB,32,0,0,0,0,0,0,0,0,0,0,0,0,95550,95550,95550,95550,95900,0,0,0,0,0,0,0,0,0,0,0
16379045,삼성전자 DDR4-3200 중고,삼성전자 중고,DDR4,3200,0,16GB,16,0,0,0,0,0,0,0,0,0,0,0,0,67000,67000,67000,67000,67000,0,0,0,0,0,0,0,0,0,0,0
16379045,삼성전자 DDR4-3200 중고,삼성전자 중고,DDR4,3200,0,8GB,8,0,0,0,0,0,0,0,0,0,0,0,0,20460,20460,19500,19380,19380,0,0,0,0,0,0,0,0,0,0,0
16379045,삼성전자 DDR4-3200 중고,삼성전자 중고,DDR4,3200,0,4GB,4,0,0,0,0,0,0,0,0,0,0,0,0,11830,11830,11830,11830,11830,0,0,0,0,0,0,0,0,0,0,0
15759071,삼성전자 DDR5-4800,삼성전자,DDR5,4800,0,32GB,32,0,0,0,0,0,152020,151520,151510,0,0,0,0,0,0,0,0,0,0,0,0,0,0,0,0,0,0,0,150750
15759071,삼성전자 DDR5-4800,삼성전자,DDR5,4800,0,16GB,16,0,0,0,0,0,99180,99180,99180,0,0,0,0,0,0,0,0,0,0,0,0,0,0,0,0,0,0,0,96700
15759071,삼성전자 DDR5-4800,삼성전자,DDR5,4800,0,8GB,8,0,0,0,0,0,53900,53900,53900,0,0,0,0,0,0,0,0,0,0,0,0,0,0,0,0,0,0,0,52700
15764342,삼성전자 DDR5-4800,삼성전자,DDR5,4800,0,32GB,32,0,0,0,0,0,0,0,0,149900,149890,149890,149890,149890,149890,149890,149890,149890,151410,150920,151410,151410,151410,150950,150870,150860,150860,150770,0
15764342,삼성전자 DDR5-4800,삼성전자,DDR5,4800,0,16GB,16,0,0,0,0,0,0,0,0,99180,99180,99180,99180,99180,99990,99990,99990,99990,99990,96700,99990,99180,101360,101250,101130,101010,100900,100890,0
15764342,삼성전자 DDR5-4800,삼성전자,DDR5,4800,0,8GB,8,0,0,0,0,0,0,0,0,55090,55090,55090,54490,54490,54490,54490,54490,54490,54490,52700,54490,54490,55100,54470,55060,55060,55040,55040,0
21678716,삼성전자 DDR5-4800 ECC/REG,삼성전자 ECC/REG,DDR5,4800,0,128GB,128,0,0,0,0,0,1785200,1785080,1784970,1784960,1784920,1784800,1784680,1784560,1785590,1785590,1785590,1785590,1785590,1785590,0,0,0,0,0,0,0,0,0
21678716,삼성전자 DDR5-4800 ECC/REG,삼성전자 ECC/REG,DDR5,4800,0,64GB,64,0,0,0,0,0,438520,438520,438500,438480,438480,438480,438460,438440,438420,438400,438380,438380,438380,438360,149040,434060,434060,434060,434060,252520,431890,431770,431710
21678716,삼성전자 DDR5-4800 ECC/REG,삼성전자 ECC/REG,DDR5,4800,0,32GB,32,0,0,0,0,0,234990,234990,234980,234980,234980,234980,234990,234990,234980,234980,234980,234980,234980,234980,234980,234980,234980,234980,234980,234980,234980,234940,234880
21678716,삼성전자 DDR5-4800 ECC/REG,삼성전자 ECC/REG,DDR5,4800,0,16GB,16,0,0,0,0,0,139050,139050,136760,139050,139050,139050,139050,139050,139050,139050,139050,139050,139050,136050,139050,139050,139050,139050,139050,139050,139050,139050,136050
16390268,삼성전자 DDR5-4800 병행수입,삼성전자 병행수입,DDR5,4800,0,32GB,32,0,0,0,0,0,179900,179900,179900,0,0,0,169900,169900,169900,169900,169900,169900,169900,169900,169900,169900,0,0,0,0,0,0,0
18911780,삼성전자 DDR5-5600,삼성전자,DDR5,5600,0,32GB,32,0,0,0,0,0,148500,148500,152000,0,0,0,0,0,0,0,0,0,154630,159000,165900,165900,165900,165890,165890,165890,165890,165890,165890
18911780,삼성전자 DDR5-5600,삼성전자,DDR5,5600,0,16GB,16,0,0,0,0,0,75510,75500,76900,0,0,0,0,0,0,0,0,0,75420,72940,75420,75060,76810,75790,75670,75550,76880,76770,73470
18911780,삼성전자 DDR5-5600,삼성전자,DDR5,5600,0,8GB,8,0,0,0,0,0,40190,40190,40190,0,0,0,0,0,0,0,0,0,39900,39900,39900,41150,41140,41140,41140,41140,41140,41140,41140
20644043,삼성전자 DDR5-5600,삼성전자,DDR5,5600,0,32GB,32,0,0,0,0,0,0,0,0,154990,154990,154620,154620,154630,154630,154630,154630,154630,0,0,0,0,0,0,0,0,0,0,0
20644043,삼성전자 DDR5-5600,삼성전자,DDR5,5600,0,16GB,16,0,0,0,0,0,0,0,0,77080,76960,76810,75970,75970,75970,75970,75970,75970,0,0,0,0,0,0,0,0,0,0,0
20644043,삼성전자 DDR5-5600,삼성전자,DDR5,5600,0,8GB,8,0,0,0,0,0,0,0,0,40190,40190,40190,40190,40190,40190,40200,39900,39900,0,0,0,0,0,0,0,0,0,0,0
76509239,삼성전자 DDR5-5600 ECC/REG,삼성전자 ECC/REG,DDR5,5600,0,128GB,128,0,0,0,0,0,1871790,1871670,1871560,1871550,1871510,1871390,1871270,1871150,1871030,1870910,1870790,1870670,1870550,1870440,1870350,1870310,1870220,1870110,1869990,1869870,1869760,0,1869710
76509239,삼성전자 DDR5-5600 ECC/REG,삼성전자 ECC/REG,DDR5,5600,0,64GB,64,0,0,0,0,0,442130,442130,442130,442130,442130,442130,437800,437710,437700,437700,437700,437700,437700,442660,438850,438850,438850,438850,438850,438850,438850,0,438850
76509239,삼성전자 DDR5-5600 ECC/REG,삼성전자 ECC/REG,DDR5,5600,0,32GB,32,0,0,0,0,0,238850,238850,238830,238810,238810,238810,238790,238770,238750,238730,238710,238710,238710,238480,238680,238650,238630,238630,238630,238630,238610,0,238410
76509239,삼성전자 DDR5-5600 ECC/REG,삼성전자 ECC/REG,DDR5,5600,0,16GB,16,0,0,0,0,0,141650,141530,141440,141430,141390,141270,141150,141030,143310,143310,143310,143310,143310,139730,139750,143590,143590,143480,143360,143240,143130,0,139680
79408823,삼성전자 DDR5-5600 ECC/REG,삼성전자 ECC/REG,DDR5,5600,0,128GB,128,0,0,0,0,0,0,0,0,1871550,1871510,1871390,1871270,1871150,1871030,1870910,1870790,1870670,1870550,1870440,1870350,1870310,1870220,1870110,1869990,1869870,1869760,1869750,1869710
79408823,삼성전자 DDR5-5600 ECC/REG,삼성전자 ECC/REG,DDR5,5600,0,64GB,64,0,0,0,0,0,0,0,0,442130,442130,442130,437800,437710,437700,437700,437700,437700,437700,442660,438850,438850,438850,438850,438850,438850,438850,438850,438850
79408823,삼성전자 DDR5-5600 ECC/REG,삼성전자 ECC/REG,DDR5,5600,0,32GB,32,0,0,0,0,0,0,0,0,238810,238810,238810,238790,238770,238750,238730,238710,238710,238710,238480,238680,238650,238630,238630,238630,238630,238610,238610,238410
79408823,삼성전자 DDR5-5600 ECC/REG,삼성전자 ECC/REG,DDR5,5600,0,16GB,16,0,0,0,0,0,0,0,0,141430,141390,141270,141150,141030,143310,143310,143310,143310,143310,139730,139750,143590,143590,143480,143360,143240,143130,143120,139680
5580681,삼성전자 노트북 DDR2-533 중고,삼성전자 노트북 DDR2-533 중고,0,0,0,1GB,1,0,0,0,0,0,6440,6440,6440,6440,6440,6440,6440,6440,6440,6440,6440,6440,6440,6440,6440,6440,6440,6440,6440,6440,6440,6440,6440
5580847,삼성전자 노트북 DDR2-667 병행수입,삼성전자 노트북 DDR2-667 병행수입,0,0,0,2GB,2,0,0,0,0,0,18000,18000,18000,18000,18000,18000,18000,18000,18000,18000,18000,18000,18000,18000,18000,18000,18000,18000,18000,18000,18000,18000,18000
863361,삼성전자 노트북 DDR2-667 중고,삼성전자 노트북 DDR2-667 중고,0,0,0,2GB,2,0,0,0,0,0,6500,6500,6500,6500,6500,6500,5000,5000,5000,5000,5000,5000,5000,5000,5000,5000,5000,5000,5000,5000,5000,5000,5000
863361,삼성전자 노트북 DDR2-667 중고,삼성전자 노트북 DDR2-667 중고,0,0,0,1GB,1,0,0,0,0,0,4560,4560,4560,4560,4560,4560,4560,4560,4560,4560,4560,4560,4560,4560,4560,4560,4560,4560,4560,4560,4560,4560,4560
863346,삼성전자 노트북 DDR2-800 중고,삼성전자 노트북 DDR2-800 중고,0,0,0,2GB,2,0,0,0,0,0,2900,2900,2900,2900,2900,2900,2590,2590,2590,2590,2590,2590,2590,2590,2590,2590,2590,0,0,0,0,0,0
863346,삼성전자 노트북 DDR2-800 중고,삼성전자 노트북 DDR2-800 중고,0,0,0,1GB,1,0,0,0,0,0,2900,2900,2900,2900,2900,2900,2900,2900,2900,2900,2900,2900,2900,2900,2900,2900,2900,0,0,0,0,0,0
5580674,삼성전자 노트북 DDR2-800 중고,삼성전자 노트북 DDR2-800 중고,0,0,0,2GB,2,0,0,0,0,0,0,0,0,0,0,0,0,0,0,0,0,0,0,0,0,0,0,2590,2590,2590,2900,2900,2900
5580674,삼성전자 노트북 DDR2-800 중고,삼성전자 노트북 DDR2-800 중고,0,0,0,1GB,1,0,0,0,0,0,0,0,0,0,0,0,0,0,0,0,0,0,0,0,0,0,0,2900,2900,2900,2900,2900,2900
1522397,삼성전자 노트북 DDR3-1066 병행수입,삼성전자 노트북 병행수입,DDR3,1066,0,4GB,4,0,0,0,0,0,14140,14140,14140,14140,14140,14140,22940,22440,22440,22440,22440,22440,22440,22440,22440,22440,22440,22440,22440,22440,22440,22440,22440
1522397,삼성전자 노트북 DDR3-1066 병행수입,삼성전자 노트북 병행수입,DDR3,1066,0,2GB,2,0,0,0,0,0,7560,7560,7560,7560,7560,7560,7560,7560,7560,7560,7560,7560,7560,7560,7560,7560,7560,7560,7560,7560,7560,7560,7560
1522397,삼성전자 노트북 DDR3-1066 병행수입,삼성전자 노트북 병행수입,DDR3,1066,0,1GB,1,0,0,0,0,0,12900,12900,12900,12900,12900,12900,12900,12900,12900,12900,12900,12900,12900,12900,12900,12900,12900,12900,12900,12900,12900,12900,12900
5579854,삼성전자 노트북 DDR3-1066 중고,삼성전자 노트북 중고,DDR3,1066,0,4GB,4,0,0,0,0,0,23020,23020,22870,23020,23020,0,16000,16000,16000,16000,16000,16000,16000,16000,16000,16000,16000,16000,16000,16000,16000,16000,16000
5579854,삼성전자 노트북 DDR3-1066 중고,삼성전자 노트북 중고,DDR3,1066,0,2GB,2,0,0,0,0,0,1990,1990,1990,1990,1990,0,1990,1990,1990,1990,1990,1990,1990,1990,1990,1990,1990,1990,1990,1990,1990,1990,1970
5579854,삼성전자 노트북 DDR3-1066 중고,삼성전자 노트북 중고,DDR3,1066,0,1GB,1,0,0,0,0,0,1490,1490,1490,1490,1490,0,1390,1370,1390,1390,1390,1390,1390,1390,1390,1390,1390,1360,1360,1360,1360,1340,1340
5579615,삼성전자 노트북 DDR3-1066 중고,삼성전자 노트북 중고,DDR3,1066,0,4GB,4,0,0,0,0,0,0,0,0,0,0,23020,0,0,0,0,0,0,0,0,0,0,0,0,0,0,0,0,0
5579615,삼성전자 노트북 DDR3-1066 중고,삼성전자 노트북 중고,DDR3,1066,0,2GB,2,0,0,0,0,0,0,0,0,0,0,1990,0,0,0,0,0,0,0,0,0,0,0,0,0,0,0,0,0
5579615,삼성전자 노트북 DDR3-1066 중고,삼성전자 노트북 중고,DDR3,1066,0,1GB,1,0,0,0,0,0,0,0,0,0,0,1490,0,0,0,0,0,0,0,0,0,0,0,0,0,0,0,0,0
1719949,삼성전자 노트북 DDR3-1333 병행수입,삼성전자 노트북 병행수입,DDR3,1333,0,8GB,8,0,0,0,0,0,99000,99000,99000,99000,99000,99000,99000,99000,0,0,0,0,0,0,0,99000,99000,99000,99000,99000,99000,99000,99000
1719949,삼성전자 노트북 DDR3-1333 병행수입,삼성전자 노트북 병행수입,DDR3,1333,0,4GB,4,0,0,0,0,0,25000,25000,25000,25000,25000,25000,25000,25000,0,0,0,0,0,0,0,25000,25000,25000,25000,25000,25000,25000,25000
1719949,삼성전자 노트북 DDR3-1333 병행수입,삼성전자 노트북 병행수입,DDR3,1333,0,2GB,2,0,0,0,0,0,13400,13400,13400,13400,13400,13400,13400,13400,0,0,0,0,0,0,0,13400,13400,13400,13400,13400,13400,13400,13400
1719949,삼성전자 노트북 DDR3-1333 병행수입,삼성전자 노트북 병행수입,DDR3,1333,0,1GB,1,0,0,0,0,0,26000,26000,26000,26000,26000,26000,26000,26000,0,0,0,0,0,0,0,26000,26000,26000,26000,26000,26000,26000,26000
982482,삼성전자 노트북 DDR3-1333 병행수입,삼성전자 노트북 병행수입,DDR3,1333,0,8GB,8,0,0,0,0,0,0,0,0,0,0,0,0,0,99000,99000,99000,99000,99000,99000,99000,0,0,0,0,0,0,0,0
982482,삼성전자 노트북 DDR3-1333 병행수입,삼성전자 노트북 병행수입,DDR3,1333,0,4GB,4,0,0,0,0,0,0,0,0,0,0,0,0,0,25000,25000,25000,25000,25000,25000,25000,0,0,0,0,0,0,0,0
982482,삼성전자 노트북 DDR3-1333 병행수입,삼성전자 노트북 병행수입,DDR3,1333,0,2GB,2,0,0,0,0,0,0,0,0,0,0,0,0,0,13400,13400,13400,13400,13400,13400,13400,0,0,0,0,0,0,0,0
982482,삼성전자 노트북 DDR3-1333 병행수입,삼성전자 노트북 병행수입,DDR3,1333,0,1GB,1,0,0,0,0,0,0,0,0,0,0,0,0,0,26000,26000,26000,26000,26000,26000,26000,0,0,0,0,0,0,0,0
5546469,삼성전자 노트북 DDR3-1333 중고,삼성전자 노트북 중고,DDR3,1333,0,8GB,8,0,0,0,0,0,51270,51270,51270,51270,51270,51270,51270,51270,51270,51270,51270,51270,49750,49740,49740,46660,51270,51270,51270,51270,51270,49740,49740
5546469,삼성전자 노트북 DDR3-1333 중고,삼성전자 노트북 중고,DDR3,1333,0,4GB,4,0,0,0,0,0,2780,2780,2780,2780,2780,2780,2780,2780,2790,2990,2990,2990,2990,2990,2990,2990,2990,2990,2990,2990,2990,2990,2990
5546469,삼성전자 노트북 DDR3-1333 중고,삼성전자 노트북 중고,DDR3,1333,0,2GB,2,0,0,0,0,0,2320,2340,2310,2300,2340,2320,2340,2320,2320,2320,2320,2320,2320,2320,2320,2320,2330,2340,2320,2340,2320,2320,2320
5546469,삼성전자 노트북 DDR3-1333 중고,삼성전자 노트북 중고,DDR3,1333,0,1GB,1,0,0,0,0,0,1520,1520,1520,1520,1520,1520,4000,4000,4000,4000,4000,4000,4000,4000,4000,4000,4000,4000,4000,4000,4000,4000,4000
2568994,삼성전자 노트북 DDR3-1600 1.35V,삼성전자 노트북 1.35V,DDR3,1600,0,4GB,4,0,0,0,0,0,6460,6460,6460,6460,6460,6460,6460,6460,6460,6460,6460,6460,6460,6460,6460,6460,4890,4890,4890,4890,4890,4890,4890
2747282,삼성전자 노트북 DDR3-1600 1.35V 병행수입,삼성전자 노트북 1.35V 병행수입,DDR3,1600,0,8GB,8,0,0,0,0,0,57000,57000,57000,57000,57000,57000,57000,57000,57000,57000,57000,57000,57000,57000,57000,57000,57000,57000,57000,57000,57000,57000,57000
14183372,삼성전자 노트북 DDR3-1600 1.35V 중고,삼성전자 노트북 1.35V 중고,DDR3,1600,0,8GB,8,0,0,0,0,0,13860,13860,14630,14160,14160,14160,14010,14010,14010,14010,14010,14010,14010,13540,14010,14010,14800,14800,14800,14800,14800,14800,13540
14183372,삼성전자 노트북 DDR3-1600 1.35V 중고,삼성전자 노트북 1.35V 중고,DDR3,1600,0,4GB,4,0,0,0,0,0,3990,3990,3990,3990,3990,3990,3990,3990,3990,3990,3990,3990,3990,3990,3990,3990,3990,3990,3990,3990,3990,3990,3990
1719958,삼성전자 노트북 DDR3-1600 병행수입,삼성전자 노트북 병행수입,DDR3,1600,0,8GB,8,0,0,0,0,0,48000,48000,48000,48000,48000,48000,48000,48000,48000,48000,48000,48000,48000,48000,48000,48000,48000,48000,48000,48000,48000,48000,48000
1719958,삼성전자 노트북 DDR3-1600 병행수입,삼성전자 노트북 병행수입,DDR3,1600,0,4GB,4,0,0,0,0,0,25900,25900,25900,25900,25900,25900,25900,25900,25900,25900,25900,25900,25900,25900,25900,25900,25900,25900,25900,25900,25900,25900,25900
1719958,삼성전자 노트북 DDR3-1600 병행수입,삼성전자 노트북 병행수입,DDR3,1600,0,2GB,2,0,0,0,0,0,19700,19700,19700,19700,19700,19700,19700,19700,19700,19700,19700,19700,19700,19700,19700,19700,19700,19700,19700,19700,19700,19700,19700
5548947,삼성전자 노트북 DDR3-1600 중고,삼성전자 노트북 중고,DDR3,1600,0,8GB,8,0,0,0,0,0,15400,15400,15400,15400,15400,15400,15400,15400,15400,15400,15000,15000,15000,15000,15000,15000,15400,15400,15400,15400,15400,15400,15400
5548947,삼성전자 노트북 DDR3-1600 중고,삼성전자 노트북 중고,DDR3,1600,0,4GB,4,0,0,0,0,0,3750,3870,3760,3750,3730,3890,3850,3730,3890,3850,3730,3890,3850,3730,3890,3850,3750,3870,3750,3870,3760,3750,3750
5548947,삼성전자 노트북 DDR3-1600 중고,삼성전자 노트북 중고,DDR3,1600,0,2GB,2,0,0,0,0,0,2440,2320,2300,2490,2480,2470,2460,2450,2440,2430,2420,2410,2400,2390,2380,2370,2360,2350,2340,2330,2320,2480,2440
3493083,삼성전자 노트북 DDR4-2133,삼성전자 노트북,DDR4,2133,0,16GB,16,0,0,0,0,0,47500,48720,49040,0,0,49560,0,0,49260,49260,49260,49260,49260,47640,49260,49030,49790,49680,49560,49440,49330,49320,47640
3493083,삼성전자 노트북 DDR4-2133,삼성전자 노트북,DDR4,2133,0,8GB,8,0,0,0,0,0,19900,19900,19900,0,0,19900,0,0,19900,19900,19900,19900,19900,19570,19900,19900,19900,19900,19900,19900,19900,19900,19570
4001196,삼성전자 노트북 DDR4-2133,삼성전자 노트북,DDR4,2133,0,16GB,16,0,0,0,0,0,0,0,0,49720,49680,0,49210,49170,0,0,0,0,0,0,0,0,0,0,0,0,0,0,0
4001196,삼성전자 노트북 DDR4-2133,삼성전자 노트북,DDR4,2133,0,8GB,8,0,0,0,0,0,0,0,0,19900,19900,0,19900,19900,0,0,0,0,0,0,0,0,0,0,0,0,0,0,0
12970748,삼성전자 노트북 DDR4-2133 중고,삼성전자 노트북 중고,DDR4,2133,0,16GB,16,0,0,0,0,0,43420,0,0,0,49240,0,0,0,0,0,0,0,0,0,0,0,49240,0,49240,49240,49240,49240,47210
12970748,삼성전자 노트북 DDR4-2133 중고,삼성전자 노트북 중고,DDR4,2133,0,8GB,8,0,0,0,0,0,17990,0,0,0,17990,0,0,0,0,0,0,0,0,0,0,0,19800,0,19800,19800,19800,19800,18010
12970748,삼성전자 노트북 DDR4-2133 중고,삼성전자 노트북 중고,DDR4,2133,0,4GB,4,0,0,0,0,0,8920,0,0,0,8920,0,0,0,0,0,0,0,0,0,0,0,8830,0,8710,8710,8670,8660,8750
14130377,삼성전자 노트북 DDR4-2133 중고,삼성전자 노트북 중고,DDR4,2133,0,16GB,16,0,0,0,0,0,0,48280,48280,49240,0,49240,48820,0,0,0,0,48820,48820,47220,48820,48820,0,49240,0,0,0,0,0
14130377,삼성전자 노트북 DDR4-2133 중고,삼성전자 노트북 중고,DDR4,2133,0,8GB,8,0,0,0,0,0,0,17990,17990,17990,0,18580,18010,0,0,0,0,18010,18010,17410,18010,18010,0,19800,0,0,0,0,0
14130377,삼성전자 노트북 DDR4-2133 중고,삼성전자 노트북 중고,DDR4,2133,0,4GB,4,0,0,0,0,0,0,8920,8920,8920,0,8920,8920,0,0,0,0,8780,8780,8830,8830,8830,0,8710,0,0,0,0,0
16972373,삼성전자 노트북 DDR4-2133 중고,삼성전자 노트북 중고,DDR4,2133,0,16GB,16,0,0,0,0,0,0,0,0,0,0,0,0,48820,48820,48820,48820,0,0,0,0,0,0,0,0,0,0,0,0
16972373,삼성전자 노트북 DDR4-2133 중고,삼성전자 노트북 중고,DDR4,2133,0,8GB,8,0,0,0,0,0,0,0,0,0,0,0,0,18010,18010,18010,18010,0,0,0,0,0,0,0,0,0,0,0,0
16972373,삼성전자 노트북 DDR4-2133 중고,삼성전자 노트북 중고,DDR4,2133,0,4GB,4,0,0,0,0,0,0,0,0,0,0,0,0,8920,8920,8920,8780,0,0,0,0,0,0,0,0,0,0,0,0
5202063,삼성전자 노트북 DDR4-2400,삼성전자 노트북,DDR4,2400,0,16GB,16,0,0,0,0,0,39990,39990,40490,40490,40490,40490,40490,0,40390,40390,40160,40160,0,0,0,0,40000,39840,39830,39830,0,0,0
5202063,삼성전자 노트북 DDR4-2400,삼성전자 노트북,DDR4,2400,0,8GB,8,0,0,0,0,0,18450,18180,19190,18580,18580,18580,18380,0,18380,18380,18380,18380,0,0,0,0,19710,19890,19660,19890,0,0,0
5202063,삼성전자 노트북 DDR4-2400,삼성전자 노트북,DDR4,2400,0,4GB,4,0,0,0,0,0,9300,9300,9300,9300,9300,9300,9300,0,9300,9300,9300,9300,0,0,0,0,9300,9300,9300,9300,0,0,0
5202059,삼성전자 노트북 DDR4-2400,삼성전자 노트북,DDR4,2400,0,16GB,16,0,0,0,0,0,0,0,0,0,0,0,0,40390,0,0,0,0,40160,39580,40290,39000,0,0,0,0,39830,39820,39570
5202059,삼성전자 노트북 DDR4-2400,삼성전자 노트북,DDR4,2400,0,8GB,8,0,0,0,0,0,0,0,0,0,0,0,0,18380,0,0,0,0,18380,17770,18380,18380,0,0,0,0,19890,19590,17770
5202059,삼성전자 노트북 DDR4-2400,삼성전자 노트북,DDR4,2400,0,4GB,4,0,0,0,0,0,0,0,0,0,0,0,0,9300,0,0,0,0,9300,9300,9300,9300,0,0,0,0,9300,9300,9300
16844816,삼성전자 노트북 DDR4-2400 중고,삼성전자 노트북 중고,DDR4,2400,0,16GB,16,0,0,0,0,0,34000,0,0,34000,34000,34000,34000,34000,34000,34000,34000,34000,34000,0,34000,34000,34000,34000,34000,34000,34000,34000,34000
16844816,삼성전자 노트북 DDR4-2400 중고,삼성전자 노트북 중고,DDR4,2400,0,8GB,8,0,0,0,0,0,15300,0,0,17020,17020,17020,16830,16830,16830,16830,16830,16830,16830,0,17230,17230,18850,18810,18690,18370,18370,18370,16660
16844816,삼성전자 노트북 DDR4-2400 중고,삼성전자 노트북 중고,DDR4,2400,0,4GB,4,0,0,0,0,0,9970,0,0,9200,9200,9200,9100,9100,9100,9100,9100,9100,9100,0,9100,9100,9950,9910,9790,9990,9960,9950,9100
15481538,삼성전자 노트북 DDR4-2400 중고,삼성전자 노트북 중고,DDR4,2400,0,16GB,16,0,0,0,0,0,0,34000,34000,0,0,0,0,0,0,0,0,0,0,34000,0,0,0,0,0,0,0,0,0
15481538,삼성전자 노트북 DDR4-2400 중고,삼성전자 노트북 중고,DDR4,2400,0,8GB,8,0,0,0,0,0,0,16470,17570,0,0,0,0,0,0,0,0,0,0,16660,0,0,0,0,0,0,0,0,0
15481538,삼성전자 노트북 DDR4-2400 중고,삼성전자 노트북 중고,DDR4,2400,0,4GB,4,0,0,0,0,0,0,9850,9500,0,0,0,0,0,0,0,0,0,0,9100,0,0,0,0,0,0,0,0,0
6393068,삼성전자 노트북 DDR4-2666,삼성전자 노트북,DDR4,2666,0,32GB,32,0,0,0,0,0,187890,187390,179890,185510,186010,187380,187380,187380,187380,187380,187380,186020,186500,181960,186980,187380,187380,0,186360,186360,186120,186600,181390
6393068,삼성전자 노트북 DDR4-2666,삼성전자 노트북,DDR4,2666,0,16GB,16,0,0,0,0,0,40490,40490,40490,40490,40490,40490,40490,40490,40490,40490,40490,40490,40490,39970,36000,36890,39460,0,38560,38560,40390,40390,38710
6393068,삼성전자 노트북 DDR4-2666,삼성전자 노트북,DDR4,2666,0,8GB,8,0,0,0,0,0,20240,20240,20600,20970,20930,20920,20920,20920,22280,22280,22740,22740,22740,22000,22740,22740,23000,0,23000,23000,22880,22310,20240
6393068,삼성전자 노트북 DDR4-2666,삼성전자 노트북,DDR4,2666,0,4GB,4,0,0,0,0,0,9900,9900,9900,9900,9900,9900,9900,9900,9900,9900,9900,9900,9900,9900,9900,9900,9900,0,9900,9900,9900,9900,9900
6274195,삼성전자 노트북 DDR4-2666,삼성전자 노트북,DDR4,2666,0,32GB,32,0,0,0,0,0,0,0,0,0,0,0,0,0,0,0,0,0,0,0,0,0,0,185880,0,0,0,0,0
6274195,삼성전자 노트북 DDR4-2666,삼성전자 노트북,DDR4,2666,0,16GB,16,0,0,0,0,0,0,0,0,0,0,0,0,0,0,0,0,0,0,0,0,0,0,38550,0,0,0,0,0
6274195,삼성전자 노트북 DDR4-2666,삼성전자 노트북,DDR4,2666,0,8GB,8,0,0,0,0,0,0,0,0,0,0,0,0,0,0,0,0,0,0,0,0,0,0,23000,0,0,0,0,0
6274195,삼성전자 노트북 DDR4-2666,삼성전자 노트북,DDR4,2666,0,4GB,4,0,0,0,0,0,0,0,0,0,0,0,0,0,0,0,0,0,0,0,0,0,0,9900,0,0,0,0,0
16834745,삼성전자 노트북 DDR4-2666 중고,삼성전자 노트북 중고,DDR4,2666,0,16GB,16,0,0,0,0,0,36000,36000,36000,36000,36000,36000,36000,36000,36000,36000,36000,36000,0,36000,0,36000,36000,36000,36000,36000,36000,36000,36000
16834745,삼성전자 노트북 DDR4-2666 중고,삼성전자 노트북 중고,DDR4,2666,0,8GB,8,0,0,0,0,0,17800,18500,18500,18500,18500,18500,18500,18500,18500,18500,18500,18500,0,18290,0,18480,20300,20300,20300,20300,20300,19700,18290
16834745,삼성전자 노트북 DDR4-2666 중고,삼성전자 노트북 중고,DDR4,2666,0,4GB,4,0,0,0,0,0,9910,9910,9910,9910,9910,9910,9900,9900,9900,9900,9900,9900,0,9900,0,9900,9990,9910,9910,9910,9910,9820,9780
16316135,삼성전자 노트북 DDR4-2666 중고,삼성전자 노트북 중고,DDR4,2666,0,16GB,16,0,0,0,0,0,0,0,0,0,0,0,0,0,0,0,0,0,36000,0,35690,0,0,0,0,0,0,0,0
16316135,삼성전자 노트북 DDR4-2666 중고,삼성전자 노트북 중고,DDR4,2666,0,8GB,8,0,0,0,0,0,0,0,0,0,0,0,0,0,0,0,0,0,18500,0,18920,0,0,0,0,0,0,0,0
16316135,삼성전자 노트북 DDR4-2666 중고,삼성전자 노트북 중고,DDR4,2666,0,4GB,4,0,0,0,0,0,0,0,0,0,0,0,0,0,0,0,0,0,9900,0,9900,0,0,0,0,0,0,0,0
11397141,삼성전자 노트북 DDR4-3200,삼성전자 노트북,DDR4,3200,0,32GB,32,0,0,0,0,0,124380,0,0,0,0,0,0,0,0,0,0,0,125990,125990,125990,125990,125990,125990,125990,125990,148990,148890,0
11397141,삼성전자 노트북 DDR4-3200,삼성전자 노트북,DDR4,3200,0,16GB,16,0,0,0,0,0,52800,0,0,0,0,0,0,0,0,0,0,0,60000,68000,64610,64610,67990,67990,67990,67990,64690,63050,0
11397141,삼성전자 노트북 DDR4-3200,삼성전자 노트북,DDR4,3200,0,8GB,8,0,0,0,0,0,25160,0,0,0,0,0,0,0,0,0,0,0,26570,26400,25350,25380,25840,25720,25600,25480,24550,24430,0
11397141,삼성전자 노트북 DDR4-3200,삼성전자 노트북,DDR4,3200,0,4GB,4,0,0,0,0,0,8900,0,0,0,0,0,0,0,0,0,0,0,8910,8910,8910,8910,8910,9300,9300,9300,9300,9300,0
10853625,삼성전자 노트북 DDR4-3200,삼성전자 노트북,DDR4,3200,0,32GB,32,0,0,0,0,0,0,124380,125990,125950,125950,125950,125990,0,0,0,0,0,0,0,0,0,0,0,0,0,0,0,148850
10853625,삼성전자 노트북 DDR4-3200,삼성전자 노트북,DDR4,3200,0,16GB,16,0,0,0,0,0,0,57500,57000,57960,57960,57960,58240,0,0,0,0,0,0,0,0,0,0,0,0,0,0,0,57200
10853625,삼성전자 노트북 DDR4-3200,삼성전자 노트북,DDR4,3200,0,8GB,8,0,0,0,0,0,0,25160,25150,24990,24980,24980,24970,0,0,0,0,0,0,0,0,0,0,0,0,0,0,0,23570
10853625,삼성전자 노트북 DDR4-3200,삼성전자 노트북,DDR4,3200,0,4GB,4,0,0,0,0,0,0,8910,8910,8910,8910,8910,8910,0,0,0,0,0,0,0,0,0,0,0,0,0,0,0,9300
10881360,삼성전자 노트북 DDR4-3200,삼성전자 노트북,DDR4,3200,0,32GB,32,0,0,0,0,0,0,0,0,0,0,0,0,125990,125990,125990,125990,125990,0,0,0,0,0,0,0,0,0,0,0
10881360,삼성전자 노트북 DDR4-3200,삼성전자 노트북,DDR4,3200,0,16GB,16,0,0,0,0,0,0,0,0,0,0,0,0,58240,58240,58240,59150,60000,0,0,0,0,0,0,0,0,0,0,0
10881360,삼성전자 노트북 DDR4-3200,삼성전자 노트북,DDR4,3200,0,8GB,8,0,0,0,0,0,0,0,0,0,0,0,0,24960,24960,24960,26570,26570,0,0,0,0,0,0,0,0,0,0,0
10881360,삼성전자 노트북 DDR4-3200,삼성전자 노트북,DDR4,3200,0,4GB,4,0,0,0,0,0,0,0,0,0,0,0,0,8910,8910,8910,8910,8910,0,0,0,0,0,0,0,0,0,0,0
17009480,삼성전자 노트북 DDR4-3200 중고,삼성전자 노트북 중고,DDR4,3200,0,16GB,16,0,0,0,0,0,47430,0,0,0,0,0,0,0,0,0,0,0,0,0,0,66990,49000,49000,49000,49000,49000,66500,61490
17009480,삼성전자 노트북 DDR4-3200 중고,삼성전자 노트북 중고,DDR4,3200,0,8GB,8,0,0,0,0,0,19000,0,0,0,0,0,0,0,0,0,0,0,0,0,0,23110,25000,25000,25000,19000,19000,19000,22340
17009480,삼성전자 노트북 DDR4-3200 중고,삼성전자 노트북 중고,DDR4,3200,0,4GB,4,0,0,0,0,0,4900,0,0,0,0,0,0,0,0,0,0,0,0,0,0,6900,6900,7000,7000,7000,7000,7000,7000
17009480,삼성전자 노트북 DDR4-3200 중고,삼성전자 노트북 중고,DDR4,3200,0,32GB,32,0,0,0,0,0,0,0,0,0,0,0,0,0,0,0,0,0,0,0,0,178770,178650,178530,178410,178290,178180,178170,173160
16524044,삼성전자 노트북 DDR4-3200 중고,삼성전자 노트북 중고,DDR4,3200,0,16GB,16,0,0,0,0,0,0,43230,53990,54290,54590,54590,58970,58970,58970,58970,58970,58970,58970,57020,58970,0,0,0,0,0,0,0,0
16524044,삼성전자 노트북 DDR4-3200 중고,삼성전자 노트북 중고,DDR4,3200,0,8GB,8,0,0,0,0,0,0,19000,19000,19000,19000,19000,19000,19000,19000,19000,19000,19000,19000,19000,19000,0,0,0,0,0,0,0,0
16524044,삼성전자 노트북 DDR4-3200 중고,삼성전자 노트북 중고,DDR4,3200,0,4GB,4,0,0,0,0,0,0,6900,6900,6900,6900,6900,6900,6900,6900,6900,6900,6900,6900,6900,6900,0,0,0,0,0,0,0,0
16524044,삼성전자 노트북 DDR4-3200 중고,삼성전자 노트북 중고,DDR4,3200,0,32GB,32,0,0,0,0,0,0,0,0,0,0,0,0,0,149900,149900,149900,149900,149900,149900,178890,0,0,0,0,0,0,0,0
17666243,삼성전자 노트북 DDR5-4800,삼성전자 노트북,DDR5,4800,0,32GB,32,0,0,0,0,0,124830,0,0,0,0,0,0,0,0,0,0,0,0,0,0,0,0,0,0,0,0,0,0
17666243,삼성전자 노트북 DDR5-4800,삼성전자 노트북,DDR5,4800,0,16GB,16,0,0,0,0,0,86680,0,0,0,0,0,0,0,0,0,0,0,0,0,0,0,0,0,0,0,0,0,0
17666243,삼성전자 노트북 DDR5-4800,삼성전자 노트북,DDR5,4800,0,8GB,8,0,0,0,0,0,21490,0,0,0,0,0,0,0,0,0,0,0,0,0,0,0,0,0,0,0,0,0,0
17666252,삼성전자 노트북 DDR5-4800,삼성전자 노트북,DDR5,4800,0,32GB,32,0,0,0,0,0,0,124830,140980,140890,140880,140880,132990,132990,132990,132990,132990,132990,132990,132990,132990,126790,126790,126790,126790,126790,126790,126790,126790
17666252,삼성전자 노트북 DDR5-4800,삼성전자 노트북,DDR5,4800,0,16GB,16,0,0,0,0,0,0,86680,92200,92200,92200,92200,92200,92200,92200,92200,92200,92200,92200,92200,92200,92200,92200,92200,92200,92200,92200,92200,92200
17666252,삼성전자 노트북 DDR5-4800,삼성전자 노트북,DDR5,4800,0,8GB,8,0,0,0,0,0,0,21490,18700,18700,18700,18700,21490,21490,21490,21490,21490,21490,21490,21020,21490,21400,21400,21400,21400,21400,21400,21400,21020
16633067,삼성전자 노트북 DDR5-4800 중고,삼성전자 노트북 중고,DDR5,4800,0,16GB,16,0,0,0,0,0,69930,69930,72270,0,0,0,0,0,0,0,0,0,0,0,0,0,0,0,0,0,0,0,0
16633067,삼성전자 노트북 DDR5-4800 중고,삼성전자 노트북 중고,DDR5,4800,0,8GB,8,0,0,0,0,0,14790,14790,14900,14900,14900,14900,14900,14900,14900,14900,14900,14900,14900,14900,14900,14900,14900,14900,14900,14900,14900,14900,14900
19952972,삼성전자 노트북 DDR5-5600,삼성전자 노트북,DDR5,5600,0,32GB,32,0,0,0,0,0,137990,137990,134970,137270,137270,137170,137170,136230,136220,136220,136220,136220,136220,133160,133060,136220,136220,136220,136220,136220,136220,136220,132980
19952972,삼성전자 노트북 DDR5-5600,삼성전자 노트북,DDR5,5600,0,16GB,16,0,0,0,0,0,64790,64700,64690,66790,66790,66790,66410,66410,65960,65960,66400,66400,66400,64220,66390,65960,66090,66030,66030,66020,66020,65910,64260
19952972,삼성전자 노트북 DDR5-5600,삼성전자 노트북,DDR5,5600,0,8GB,8,0,0,0,0,0,23930,23930,23700,24000,24000,23810,23550,23550,23400,23450,23450,23450,23400,22690,23400,23300,23300,23300,23300,23300,23300,23300,22680
28609379,삼성전자 노트북 DDR5-5600 중고,삼성전자 노트북 중고,DDR5,5600,0,8GB,8,0,0,0,0,0,15290,15290,18410,18110,18020,18010,18000,18000,18000,18000,18000,18000,18000,17410,18000,18000,18210,17960,17960,17960,17960,17780,17410
28609379,삼성전자 노트북 DDR5-5600 중고,삼성전자 노트북 중고,DDR5,5600,0,16GB,16,0,0,0,0,0,64380,67000,67000,67000,67000,67000,67000,67000,67000,67000,67000,67000,67000,67000,67000,67000,67000,67000,67000,67000,67000,66990,66990
40715429,실리콘파워 DDR3-1333 1.35V 패키지 해외구매,실리콘파워 1.35V 패키지 해외구매,DDR3,1333,0,16GB(8GX2),16,0,0,0,0,0,31300,31300,31900,31900,31900,31900,31900,31900,31900,31900,31900,31900,31900,32900,32900,32900,32900,31400,0,0,0,0,0
72724139,실리콘파워 DDR3-1333 CL9 패키지,실리콘파워 패키지,DDR3,1333,CL9,8GB(4GX2),8,0,0,0,0,0,23200,23200,23900,23000,23000,23000,23100,23100,24000,24000,24000,24000,24000,25300,25300,25300,25300,25300,25300,25300,25300,25300,25300
40715567,실리콘파워 DDR3-1600 1.35V 해외구매,실리콘파워 1.35V 해외구매,DDR3,1600,0,8GB,8,0,0,0,0,0,17800,17800,17900,0,0,17900,17900,17900,17900,17900,17900,17900,17900,18600,0,18600,0,18600,18600,18600,18600,18600,18600
5747131,실리콘파워 DDR3-1600 중고,실리콘파워 중고,DDR3,1600,0,8GB,8,0,0,0,0,0,11630,11630,11630,11500,11500,11500,11370,11370,11370,11370,11370,11370,11370,11370,11370,11370,11750,11630,11630,11630,11630,11630,11370
54482270,실리콘파워 DDR3-1600 패키지 해외구매,실리콘파워 패키지 해외구매,DDR3,1600,0,16GB(8GX2),16,0,0,0,0,0,50500,50500,50500,50500,50500,50500,50500,50500,50500,50500,50500,50500,50500,50500,50500,50500,50500,50500,50500,50500,50500,50500,50500
39768542,실리콘파워 DDR3-1600 해외구매,실리콘파워 해외구매,DDR3,1600,0,8GB,8,0,0,0,0,0,17900,17900,0,0,0,18300,0,18300,18300,18300,17200,17200,17200,17900,0,0,0,18600,18600,18600,18600,18600,18600
14198336,실리콘파워 DDR4-2666 CL19,실리콘파워,DDR4,2666,CL19,16GB,16,0,0,0,0,0,38200,0,0,0,0,0,0,0,0,0,0,0,38200,0,0,0,0,0,0,0,0,0,0
14198336,실리콘파워 DDR4-2666 CL19,실리콘파워,DDR4,2666,CL19,8GB,8,0,0,0,0,0,25200,25200,25200,25200,25200,25200,25200,25200,25200,25200,25200,0,25200,0,0,0,27000,27000,27000,27000,27000,27000,27000
14198336,실리콘파워 DDR4-2666 CL19,실리콘파워,DDR4,2666,CL19,4GB,4,0,0,0,0,0,25000,25000,25000,25000,25000,25000,25000,25000,25000,25000,25000,0,25000,0,0,0,25000,25000,25000,25000,25000,25000,25000
72969449,실리콘파워 DDR4-2666 CL19,실리콘파워,DDR4,2666,CL19,16GB,16,0,0,0,0,0,0,0,0,0,0,0,0,0,0,0,0,38200,0,41500,41500,41500,0,0,0,0,0,0,0
72969449,실리콘파워 DDR4-2666 CL19,실리콘파워,DDR4,2666,CL19,8GB,8,0,0,0,0,0,0,0,0,0,0,0,0,0,0,0,0,25200,0,27000,27000,27000,0,0,0,0,0,0,0
72969449,실리콘파워 DDR4-2666 CL19,실리콘파워,DDR4,2666,CL19,4GB,4,0,0,0,0,0,0,0,0,0,0,0,0,0,0,0,0,25000,0,25000,25000,25000,0,0,0,0,0,0,0
72969497,실리콘파워 DDR4-2666 CL19 패키지,실리콘파워 패키지,DDR4,2666,CL19,32GB(16GX2),32,0,0,0,0,0,89900,0,0,0,0,0,0,0,0,0,0,0,0,0,0,0,0,0,0,0,0,0,0
72969497,실리콘파워 DDR4-2666 CL19 패키지,실리콘파워 패키지,DDR4,2666,CL19,16GB(8GX2),16,0,0,0,0,0,45900,0,0,0,0,0,0,0,47900,47900,0,0,0,0,0,0,0,0,0,0,0,53900,53900
72969482,실리콘파워 DDR4-2666 CL19 패키지,실리콘파워 패키지,DDR4,2666,CL19,32GB(16GX2),32,0,0,0,0,0,0,89900,89900,89900,89900,89900,89900,89900,0,0,89900,89900,89900,89000,89000,88900,88900,88900,88900,88900,88900,0,0
72969482,실리콘파워 DDR4-2666 CL19 패키지,실리콘파워 패키지,DDR4,2666,CL19,16GB(8GX2),16,0,0,0,0,0,0,45900,45900,45900,45900,45900,47900,47900,0,0,47900,47900,47900,53900,53900,53900,53900,53900,53900,53900,53900,0,0
9805785,실리콘파워 DDR4-3200 CL16 Xpower Turbine RGB 패키지,실리콘파워 Xpower Turbine RGB 패키지,DDR4,3200,CL16,32GB(16GX2),32,0,0,0,0,0,121710,128990,128990,128990,128990,128990,128990,128990,128990,128990,128990,128990,128990,128990,128990,125790,128990,128990,128990,128990,128990,128990,128990
9805785,실리콘파워 DDR4-3200 CL16 Xpower Turbine RGB 패키지,실리콘파워 Xpower Turbine RGB 패키지,DDR4,3200,CL16,16GB(8GX2),16,0,0,0,0,0,0,0,0,0,70900,70900,71000,71000,71000,71000,71000,71000,71000,75300,75300,75300,75300,75300,75300,75300,75300,75300,75300
40719185,실리콘파워 DDR4-3200 CL16 Xpower Turbine RGB 패키지 해외구매,실리콘파워 Xpower Turbine RGB 패키지 해외구매,DDR4,3200,CL16,16GB(8GX2),16,0,0,0,0,0,106000,106000,0,106720,0,106720,106000,106000,106000,106000,106000,106000,104760,102520,106000,98280,108000,108000,108000,108000,108000,104760,102520
16047395,실리콘파워 DDR4-3200 CL16 Xpower Zenith RGB 패키지,실리콘파워 Xpower Zenith RGB 패키지,DDR4,3200,CL16,32GB(16GX2),32,0,0,0,0,0,96700,96700,96700,96700,96700,96700,96700,96700,0,0,0,96700,96700,100800,96700,96700,96700,96700,96700,96700,96700,99700,99700
16047395,실리콘파워 DDR4-3200 CL16 Xpower Zenith RGB 패키지,실리콘파워 Xpower Zenith RGB 패키지,DDR4,3200,CL16,16GB(8GX2),16,0,0,0,0,0,73000,73000,73000,76000,76000,76000,76000,76000,0,0,0,76000,76000,79000,79000,79000,78900,78900,78900,78900,78900,78900,0
16047350,실리콘파워 DDR4-3200 CL16 Xpower Zenith RGB 패키지,실리콘파워 Xpower Zenith RGB 패키지,DDR4,3200,CL16,16GB(8GX2),16,0,0,0,0,0,0,0,0,0,0,0,0,0,76000,76000,76000,0,0,0,0,0,0,0,0,0,0,0,0
73697936,실리콘파워 DDR4-3200 CL16 Xpower Zenith 패키지,실리콘파워 Xpower Zenith 패키지,DDR4,3200,CL16,16GB(8GX2),16,0,0,0,0,0,66900,66900,66900,66900,66900,66900,66900,66900,66900,66900,66900,66900,66900,67300,67300,67300,67300,67300,67300,67300,67300,66900,66900
14240648,실리콘파워 DDR4-3200 CL22,실리콘파워,DDR4,3200,CL22,32GB,32,0,0,0,0,0,77400,144000,144000,144000,144000,144000,144000,144000,144000,0,0,0,0,0,0,80990,144000,144000,144000,144000,144000,144000,144000
14240648,실리콘파워 DDR4-3200 CL22,실리콘파워,DDR4,3200,CL22,16GB,16,0,0,0,0,0,69500,69500,69500,69500,69500,69500,69500,38310,69500,0,0,0,0,0,0,69500,69500,69500,69500,69500,69500,69500,69500
14240648,실리콘파워 DDR4-3200 CL22,실리콘파워,DDR4,3200,CL22,8GB,8,0,0,0,0,0,36500,36500,36500,36500,36500,36500,36500,36500,36500,0,0,0,0,0,0,36500,36500,36500,36500,36500,36500,36500,36500
13574633,실리콘파워 DDR4-3200 CL22,실리콘파워,DDR4,3200,CL22,32GB,32,0,0,0,0,0,0,0,0,0,0,0,0,0,0,144000,144000,144000,144000,144000,80990,0,0,0,0,0,0,0,0
13574633,실리콘파워 DDR4-3200 CL22,실리콘파워,DDR4,3200,CL22,16GB,16,0,0,0,0,0,0,0,0,0,0,0,0,0,0,69500,69500,69500,69500,69500,69500,0,0,0,0,0,0,0,0
13574633,실리콘파워 DDR4-3200 CL22,실리콘파워,DDR4,3200,CL22,8GB,8,0,0,0,0,0,0,0,0,0,0,0,0,0,0,36500,36500,36500,36500,36500,36500,0,0,0,0,0,0,0,0
40719371,실리콘파워 DDR4-3200 CL22 패키지 해외구매,실리콘파워 패키지 해외구매,DDR4,3200,CL22,16GB(8GX2),16,0,0,0,0,0,61290,61290,0,61490,61490,61490,61490,61490,61490,61490,61490,61490,60240,59920,61490,56520,61490,61490,61490,61490,61490,60240,59920
40715864,실리콘파워 DDR4-3200 해외구매,실리콘파워 해외구매,DDR4,3200,0,8GB,8,0,0,0,0,0,26900,26900,0,0,0,25900,25900,25900,25900,25900,25900,25900,25900,26700,26700,0,0,0,0,0,0,0,0
73697915,실리콘파워 DDR4-3600 CL16 Xpower Turbine 패키지,실리콘파워 Xpower Turbine 패키지,DDR4,3600,CL16,16GB(8GX2),16,0,0,0,0,0,62800,62800,63500,63500,63500,63500,63500,62500,62500,62500,62500,62500,62500,65500,64900,64900,64900,64900,64900,64900,64900,62900,62900
73697921,실리콘파워 DDR4-3600 CL18 Xpower Turbine RGB 패키지,실리콘파워 Xpower Turbine RGB 패키지,DDR4,3600,CL18,32GB(16GX2),32,0,0,0,0,0,127000,127000,127000,127000,127000,127000,127000,127000,0,0,0,127000,127000,133300,133300,133300,133300,133300,133300,133300,133300,129900,129900
73697921,실리콘파워 DDR4-3600 CL18 Xpower Turbine RGB 패키지,실리콘파워 Xpower Turbine RGB 패키지,DDR4,3600,CL18,16GB(8GX2),16,0,0,0,0,0,84900,85900,86900,86900,86900,86900,86900,86900,0,0,0,86900,86900,90900,90900,90900,90900,90900,90900,90900,90900,88900,88900
73697924,실리콘파워 DDR4-3600 CL18 Xpower Turbine RGB 패키지,실리콘파워 Xpower Turbine RGB 패키지,DDR4,3600,CL18,16GB(8GX2),16,0,0,0,0,0,0,0,0,0,0,0,0,0,86900,86900,86900,0,0,0,0,0,0,0,0,0,0,0,0
16047473,실리콘파워 DDR4-3600 CL18 Xpower Zenith RGB 패키지,실리콘파워 Xpower Zenith RGB 패키지,DDR4,3600,CL18,32GB(16GX2),32,0,0,0,0,0,116900,116900,116900,116900,116900,116900,116900,0,0,0,0,116900,116900,129900,129900,129900,129990,129990,129990,129990,129990,0,129990
16047473,실리콘파워 DDR4-3600 CL18 Xpower Zenith RGB 패키지,실리콘파워 Xpower Zenith RGB 패키지,DDR4,3600,CL18,16GB(8GX2),16,0,0,0,0,0,68500,68900,68900,68900,68900,68900,68900,0,0,0,0,68900,68900,0,57690,57690,57690,57690,57690,57690,57690,0,57690
16047449,실리콘파워 DDR4-3600 CL18 Xpower Zenith RGB 패키지,실리콘파워 Xpower Zenith RGB 패키지,DDR4,3600,CL18,16GB(8GX2),16,0,0,0,0,0,0,0,0,0,0,0,0,68900,68900,68900,68900,0,0,0,0,0,0,0,0,0,0,57690,0
16047449,실리콘파워 DDR4-3600 CL18 Xpower Zenith RGB 패키지,실리콘파워 Xpower Zenith RGB 패키지,DDR4,3600,CL18,32GB(16GX2),32,0,0,0,0,0,0,0,0,0,0,0,0,0,0,0,0,0,0,0,0,0,0,0,0,0,0,129990,0
73698065,실리콘파워 DDR4-3600 CL18 Xpower Zenith 패키지,실리콘파워 Xpower Zenith 패키지,DDR4,3600,CL18,32GB(16GX2),32,0,0,0,0,0,0,0,0,0,115900,115900,115800,115800,115800,115800,115800,115800,115800,0,0,0,0,0,0,0,0,0,0
40718189,실리콘파워 DDR4-3600 CL18 Xpower Zenith 패키지 해외구매,실리콘파워 Xpower Zenith 패키지 해외구매,DDR4,3600,CL18,16GB(8GX2),16,0,0,0,0,0,63900,63900,63900,63900,63900,63900,63800,63800,63800,63800,63800,63800,63800,66300,66300,66300,0,66300,66300,66300,66300,63900,63900
74115305,실리콘파워 DDR5-5600 CL40 Xpower Zenith RGB 블랙 패키지,실리콘파워 Xpower Zenith RGB 블랙 패키지,DDR5,5600,CL40,32GB(16GX2),32,0,0,0,0,0,145900,145900,146900,146900,146900,146900,146800,146800,146800,146800,146800,146800,146800,152300,152300,152300,152300,152300,152300,152300,152300,152300,152300
77015891,실리콘파워 DDR5-5600 CL40 Xpower Zenith RGB 화이트 패키지,실리콘파워 Xpower Zenith RGB 화이트 패키지,DDR5,5600,CL40,32GB(16GX2),32,0,0,0,0,0,145900,145900,145900,145900,145900,145900,145900,0,0,0,0,0,0,0,0,0,0,0,0,0,0,0,0
77015891,실리콘파워 DDR5-5600 CL40 Xpower Zenith RGB 화이트 패키지,실리콘파워 Xpower Zenith RGB 화이트 패키지,DDR5,5600,CL40,64GB(32GX2),64,0,0,0,0,0,293000,293000,293000,293000,293000,293000,292900,0,0,0,0,0,0,0,0,0,0,0,0,0,0,0,0
74115320,실리콘파워 DDR5-5600 CL40 Xpower Zenith RGB 화이트 패키지,실리콘파워 Xpower Zenith RGB 화이트 패키지,DDR5,5600,CL40,32GB(16GX2),32,0,0,0,0,0,0,0,0,0,0,0,0,148900,148900,148900,148900,148900,148900,156900,148900,148900,148900,148900,148900,148900,148900,148900,148900
74115320,실리콘파워 DDR5-5600 CL40 Xpower Zenith RGB 화이트 패키지,실리콘파워 Xpower Zenith RGB 화이트 패키지,DDR5,5600,CL40,64GB(32GX2),64,0,0,0,0,0,0,0,0,0,0,0,0,292900,292900,292900,279900,279900,279900,279000,279000,279000,279000,279000,279000,279000,279000,269000,269000
74115374,실리콘파워 DDR5-5600 CL40 Xpower Zenith 블랙 패키지,실리콘파워 Xpower Zenith 블랙 패키지,DDR5,5600,CL40,64GB(32GX2),64,0,0,0,0,0,287000,287000,287000,287000,287000,287000,286900,286900,286900,286900,284900,284900,284900,283000,283000,283000,283000,283000,283000,283000,283000,269000,269000
77015942,실리콘파워 DDR5-5600 CL46,실리콘파워,DDR5,5600,CL46,16GB,16,0,0,0,0,0,66900,66900,67900,67900,67900,67900,67900,67900,67900,67900,67900,67900,67900,71500,71500,71500,71500,71500,71500,71500,71500,71500,71500
77015954,실리콘파워 DDR5-5600 CL46 패키지,실리콘파워 패키지,DDR5,5600,CL46,32GB(16GX2),32,0,0,0,0,0,120500,120500,120500,120500,120500,120500,137500,137500,137500,137500,137500,137500,137500,145000,145000,145000,145000,145000,145000,145000,145000,145000,145000
74115269,실리콘파워 DDR5-6000 CL30 Xpower Zenith RGB 블랙 패키지,실리콘파워 Xpower Zenith RGB 블랙 패키지,DDR5,6000,CL30,32GB(16GX2),32,0,0,0,0,0,183500,183500,186500,186500,186500,186500,186400,186400,186400,186400,186400,186400,186400,197000,197000,197000,197000,197000,197000,197000,197000,197000,197000
55044746,실리콘파워 DDR5-6000 CL30 Xpower Zenith RGB 블랙 패키지 해외구매,실리콘파워 Xpower Zenith RGB 블랙 패키지 해외구매,DDR5,6000,CL30,32GB(16GX2),32,0,0,0,0,0,579490,579490,0,579490,579490,579490,579490,579490,585720,585720,585720,585720,585720,585720,585720,585720,585720,579490,579490,579490,579490,579490,579490
72592736,실리콘파워 DDR5-6000 CL30 Xpower Zenith RGB 화이트,실리콘파워 Xpower Zenith RGB 화이트,DDR5,6000,CL30,16GB,16,0,0,0,0,0,101000,101000,102900,102900,102900,102900,102800,102800,102800,0,0,0,0,0,0,0,0,106300,106300,106300,106300,106300,106300
74999333,실리콘파워 DDR5-6000 CL30 Xpower Zenith 블랙 패키지,실리콘파워 Xpower Zenith 블랙 패키지,DDR5,6000,CL30,32GB(16GX2),32,0,0,0,0,0,180700,180700,182900,182900,182900,182900,182800,182800,182800,182800,182800,182800,182800,187000,187000,187000,187000,187000,187000,187000,187000,187000,187000
74999420,실리콘파워 DDR5-6000 CL30 Xpower Zenith 화이트 패키지,실리콘파워 Xpower Zenith 화이트 패키지,DDR5,6000,CL30,32GB(16GX2),32,0,0,0,0,0,179500,179500,182900,182900,182900,182900,182800,182800,182800,182800,182800,182800,182800,187500,187500,187500,187500,187500,187500,187500,187500,192900,192900
55044851,실리콘파워 DDR5-6000 CL30 Xpower Zenith 화이트 패키지 해외구매,실리콘파워 Xpower Zenith 화이트 패키지 해외구매,DDR5,6000,CL30,32GB(16GX2),32,0,0,0,0,0,191500,191500,192000,192000,192000,192000,191900,191900,191900,191900,191900,191900,191900,202900,202900,202900,202900,202900,202900,202900,202900,202900,202900
72913295,실리콘파워 노트북 DDR4-2400 CL17 패키지,실리콘파워 노트북 패키지,DDR4,2400,CL17,16GB(8GX2),16,0,0,0,0,0,47500,47500,47500,47500,47500,47500,47500,47500,47500,47500,47500,47500,47500,49500,49500,49500,49500,49500,49500,49500,49500,49500,49500
15173828,실리콘파워 노트북 DDR4-2666 CL19,실리콘파워 노트북,DDR4,2666,CL19,8GB,8,0,0,0,0,0,28500,28500,28500,28500,28500,28500,28500,28500,28500,28500,28500,28500,28500,28500,28500,28500,28500,28500,28500,28500,28500,28500,28500
78715949,실리콘파워 노트북 DDR4-2666 CL19 패키지,실리콘파워 노트북 패키지,DDR4,2666,CL19,16GB(8GX2),16,0,0,0,0,0,54000,54000,54000,54000,54000,54000,54000,54000,54000,54000,54000,54000,54000,54000,54000,54000,54000,54000,54000,54000,54000,54000,54000
39768890,실리콘파워 노트북 DDR4-2666 해외구매,실리콘파워 노트북 해외구매,DDR4,2666,0,16GB,16,0,0,0,0,0,41000,0,0,0,0,0,0,0,0,0,0,0,41000,42900,42900,42900,42900,42900,42900,42900,42900,42900,42900
13574648,실리콘파워 노트북 DDR4-3200 CL22,실리콘파워 노트북,DDR4,3200,CL22,32GB,32,0,0,0,0,0,145900,145900,145900,145900,145900,145900,145900,145900,145900,0,0,0,0,0,0,0,0,0,145900,145900,145900,145900,0
13574648,실리콘파워 노트북 DDR4-3200 CL22,실리콘파워 노트북,DDR4,3200,CL22,16GB,16,0,0,0,0,0,71000,71000,71000,71000,71000,71000,71000,71000,71000,0,0,0,0,0,0,0,0,0,71000,71000,71000,71000,0
13574648,실리콘파워 노트북 DDR4-3200 CL22,실리콘파워 노트북,DDR4,3200,CL22,8GB,8,0,0,0,0,0,37200,37200,37200,37200,37200,37200,37200,37200,37200,0,0,0,0,0,0,0,0,0,37200,37200,37200,37200,0
13304306,실리콘파워 노트북 DDR4-3200 CL22,실리콘파워 노트북,DDR4,3200,CL22,32GB,32,0,0,0,0,0,0,0,0,0,0,0,0,0,0,145900,145900,145900,145900,145900,145900,145900,145900,145900,0,0,0,0,0
13304306,실리콘파워 노트북 DDR4-3200 CL22,실리콘파워 노트북,DDR4,3200,CL22,16GB,16,0,0,0,0,0,0,0,0,0,0,0,0,0,0,71000,71000,71000,71000,71000,71000,71000,71000,71000,0,0,0,0,0
13304306,실리콘파워 노트북 DDR4-3200 CL22,실리콘파워 노트북,DDR4,3200,CL22,8GB,8,0,0,0,0,0,0,0,0,0,0,0,0,0,0,37200,37200,37200,37200,37200,37200,37200,37200,37200,0,0,0,0,0
13304330,실리콘파워 노트북 DDR4-3200 CL22,실리콘파워 노트북,DDR4,3200,CL22,32GB,32,0,0,0,0,0,0,0,0,0,0,0,0,0,0,0,0,0,0,0,0,0,0,0,0,0,0,0,145900
13304330,실리콘파워 노트북 DDR4-3200 CL22,실리콘파워 노트북,DDR4,3200,CL22,16GB,16,0,0,0,0,0,0,0,0,0,0,0,0,0,0,0,0,0,0,0,0,0,0,0,0,0,0,0,71000
13304330,실리콘파워 노트북 DDR4-3200 CL22,실리콘파워 노트북,DDR4,3200,CL22,8GB,8,0,0,0,0,0,0,0,0,0,0,0,0,0,0,0,0,0,0,0,0,0,0,0,0,0,0,0,37200
78714443,실리콘파워 노트북 DDR4-3200 CL22 패키지,실리콘파워 노트북 패키지,DDR4,3200,CL22,16GB(8GX2),16,0,0,0,0,0,0,0,0,0,47900,47900,47500,47500,47500,47500,45200,0,0,0,0,0,0,0,0,0,0,0,49100
40717424,실리콘파워 노트북 DDR4-3200 CL22 패키지 해외구매,실리콘파워 노트북 패키지 해외구매,DDR4,3200,CL22,16GB(8GX2),16,0,0,0,0,0,59760,59760,61760,61080,61080,61080,60420,60420,60420,60420,60420,60420,60420,58420,60420,60420,62420,61760,61760,61760,61760,61760,58420
40717352,실리콘파워 노트북 DDR4-3200 CL22 해외구매,실리콘파워 노트북 해외구매,DDR4,3200,CL22,8GB,8,0,0,0,0,0,51900,51900,51900,51900,51900,51900,51900,51900,51900,51900,51900,0,51900,51900,51900,51900,51900,51900,51900,51900,51900,51900,51900
40717352,실리콘파워 노트북 DDR4-3200 CL22 해외구매,실리콘파워 노트북 해외구매,DDR4,3200,CL22,32GB,32,0,0,0,0,0,77890,106500,108990,107180,107180,101370,101370,101370,102460,102460,102460,0,80300,84000,84000,81480,81480,81480,101370,101370,101370,101370,101370
17712500,실리콘파워 노트북 DDR4-3200 CL22 해외구매,실리콘파워 노트북 해외구매,DDR4,3200,CL22,8GB,8,0,0,0,0,0,0,0,0,0,0,0,0,0,0,0,0,51900,0,0,0,0,0,0,0,0,0,0,0
17712500,실리콘파워 노트북 DDR4-3200 CL22 해외구매,실리콘파워 노트북 해외구매,DDR4,3200,CL22,32GB,32,0,0,0,0,0,0,0,0,0,0,0,0,0,0,0,0,80300,0,0,0,0,0,0,0,0,0,0,0
10190553,써멀테이크 DDR4-3200 CL16 TOUGHRAM RGB 블랙 패키지,써멀테이크 TOUGHRAM RGB 블랙 패키지,DDR4,3200,CL16,16GB(8GX2),16,0,0,0,0,0,361000,361000,361000,361000,361000,361000,361000,361000,361000,361000,361000,361000,361000,361000,361000,361000,361000,361000,361000,361000,361000,361000,361000
10641063,써멀테이크 DDR4-3200 CL16 TOUGHRAM Z-ONE RGB 패키지,써멀테이크 TOUGHRAM Z-ONE RGB 패키지,DDR4,3200,CL16,16GB(8GX2),16,0,0,0,0,0,56830,56830,57130,57130,57130,57130,57130,57130,57130,0,0,0,0,0,0,0,0,0,0,0,0,0,0
10190727,써멀테이크 DDR4-3600 CL18 TOUGHRAM RGB 블랙 패키지,써멀테이크 TOUGHRAM RGB 블랙 패키지,DDR4,3600,CL18,16GB(8GX2),16,0,0,0,0,0,68210,68210,68210,68210,68210,68210,68210,68210,0,0,0,68210,68210,68210,65960,65960,65960,65960,65960,65960,65960,65960,65960
13498103,써멀테이크 DDR4-3600 CL18 TOUGHRAM 블랙 패키지,써멀테이크 TOUGHRAM 블랙 패키지,DDR4,3600,CL18,16GB(8GX2),16,0,0,0,0,0,62000,62000,62310,62310,62310,62310,62310,62310,62310,62310,62310,62310,62310,0,62310,62310,62310,62310,62310,62310,62310,62310,61500
13511324,써멀테이크 DDR4-4000 CL19 TOUGHRAM 블랙 패키지,써멀테이크 TOUGHRAM 블랙 패키지,DDR4,4000,CL19,16GB(8GX2),16,0,0,0,0,0,82660,82660,83090,83090,83090,83090,83090,83090,83090,83090,83090,83090,83090,80820,83090,0,0,0,0,0,0,0,0
58914080,써멀테이크 DDR5-6000 CL36 TOUGHRAM XG RGB 블랙 패키지,써멀테이크 TOUGHRAM XG RGB 블랙 패키지,DDR5,6000,CL36,32GB(16GX2),32,0,0,0,0,0,186000,186000,186000,186000,186000,186000,186000,186000,186000,186000,186000,186000,186000,185930,186000,186000,186000,186000,186000,186000,186000,186000,185930
58914110,써멀테이크 DDR5-6000 CL36 TOUGHRAM XG RGB 화이트 패키지,써멀테이크 TOUGHRAM XG RGB 화이트 패키지,DDR5,6000,CL36,32GB(16GX2),32,0,0,0,0,0,186000,186000,186000,186000,186000,186000,186000,186000,186000,186000,186000,186000,186000,185930,186000,186000,186000,186000,186000,186000,186000,185990,185930
58939463,써멀테이크 DDR5-6400 CL32 TOUGHRAM RGB 블랙 패키지,써멀테이크 TOUGHRAM RGB 블랙 패키지,DDR5,6400,CL32,32GB(16GX2),32,0,0,0,0,0,209000,209000,209000,209000,209000,209000,209000,209000,208990,208990,208990,208990,208990,208990,208990,208990,208990,208990,208990,208990,208990,208990,208990
58939466,써멀테이크 DDR5-6400 CL32 TOUGHRAM RGB 화이트 패키지,써멀테이크 TOUGHRAM RGB 화이트 패키지,DDR5,6400,CL32,32GB(16GX2),32,0,0,0,0,0,209000,209000,209000,209000,209000,209000,209000,209000,208990,208990,208990,208990,208990,208990,208990,208990,208990,208990,208990,208990,208990,208990,208990
58916537,써멀테이크 DDR5-6600 CL32 TOUGHRAM XG RGB 블랙 패키지,써멀테이크 TOUGHRAM XG RGB 블랙 패키지,DDR5,6600,CL32,32GB(16GX2),32,0,0,0,0,0,219000,219000,219000,219000,219000,219000,219000,219000,219000,219000,219000,219000,219000,219000,219000,219000,219000,219000,219000,219000,219000,218990,218950
58916591,써멀테이크 DDR5-6600 CL32 TOUGHRAM XG RGB 화이트 패키지,써멀테이크 TOUGHRAM XG RGB 화이트 패키지,DDR5,6600,CL32,32GB(16GX2),32,0,0,0,0,0,219000,219000,219000,219000,219000,219000,218990,218990,218990,218990,218990,218990,218990,218990,218990,218990,218990,218990,218990,218990,218990,218900,218860
48480317,아이티젠 DDR3-1333,아이티젠,DDR3,1333,0,8GB,8,0,0,0,0,0,9090,9090,9090,9090,9090,9090,9090,9090,9090,9090,9090,9090,9090,9090,9090,9090,9290,9180,9090,9090,9090,9000,8960
47840942,아이티젠 DDR3-1600,아이티젠,DDR3,1600,0,8GB,8,0,0,0,0,0,9090,9090,9090,9090,9090,9090,9090,9090,9090,9090,9090,9090,9090,9090,9090,9090,9290,9180,9090,9090,9090,8960,9080
54481355,아이티젠 DDR3-1600 1.35V,아이티젠 1.35V,DDR3,1600,0,8GB,8,0,0,0,0,0,9290,9290,9290,9200,9200,9200,9100,9100,9100,9100,9100,9100,9100,9100,9100,9100,9290,9350,9340,9340,9330,9330,9100
68537399,아이티젠 DDR4-2133,아이티젠,DDR4,2133,0,8GB,8,0,0,0,0,0,17900,17900,17900,17900,17900,17900,17900,0,0,0,0,0,17500,17500,17500,17500,17900,17900,17900,17900,17900,17900,17900
68537399,아이티젠 DDR4-2133,아이티젠,DDR4,2133,0,16GB,16,0,0,0,0,0,39700,39700,39700,39700,39700,39700,39700,0,0,0,0,0,39600,39500,39500,39500,39400,39400,39400,39400,39400,39400,39400
54482123,아이티젠 DDR4-2133,아이티젠,DDR4,2133,0,8GB,8,0,0,0,0,0,0,0,0,0,0,0,0,17700,17700,17500,17500,17500,0,0,0,0,0,0,0,0,0,0,0
54482123,아이티젠 DDR4-2133,아이티젠,DDR4,2133,0,16GB,16,0,0,0,0,0,0,0,0,0,0,0,0,39700,39700,39700,39600,39600,0,0,0,0,0,0,0,0,0,0,0
54481793,아이티젠 DDR4-2400,아이티젠,DDR4,2400,0,8GB,8,0,0,0,0,0,17900,17900,17900,17900,17900,17900,17900,17700,17700,17500,17500,17500,17500,17900,17900,17900,17900,17900,17900,17900,17900,17900,17900
54481793,아이티젠 DDR4-2400,아이티젠,DDR4,2400,0,16GB,16,0,0,0,0,0,39800,39800,39800,39800,39800,39800,39800,39700,39700,39700,39600,39600,39600,39500,39500,39500,39400,39400,39400,39400,39400,39400,39400
54481835,아이티젠 DDR4-2666,아이티젠,DDR4,2666,0,32GB,32,0,0,0,0,0,89990,0,0,0,0,0,0,0,0,0,0,0,95540,92400,0,0,0,0,0,0,0,0,92400
54481835,아이티젠 DDR4-2666,아이티젠,DDR4,2666,0,16GB,16,0,0,0,0,0,39800,0,0,0,0,0,0,0,0,0,0,0,39600,39500,0,0,0,0,0,0,0,0,39400
54481835,아이티젠 DDR4-2666,아이티젠,DDR4,2666,0,8GB,8,0,0,0,0,0,17900,0,0,0,0,0,0,0,0,0,0,0,17500,17500,0,0,0,0,0,0,0,0,17900
54481856,아이티젠 DDR4-2666,아이티젠,DDR4,2666,0,32GB,32,0,0,0,0,0,0,89990,90990,90990,90990,90990,90990,0,0,0,0,0,0,0,95540,95540,96590,96480,96360,96240,96130,96120,0
54481856,아이티젠 DDR4-2666,아이티젠,DDR4,2666,0,16GB,16,0,0,0,0,0,0,39800,39800,39800,39800,39800,39800,0,0,0,0,0,0,0,39500,39500,39400,39400,39400,39400,39400,39400,0
54481856,아이티젠 DDR4-2666,아이티젠,DDR4,2666,0,8GB,8,0,0,0,0,0,0,17900,17900,17900,17900,17900,17900,0,0,0,0,0,0,0,17500,17500,17900,17900,17900,17900,17900,17900,0
92679104,아이티젠 DDR4-2666,아이티젠,DDR4,2666,0,32GB,32,0,0,0,0,0,0,0,0,0,0,0,0,94990,95540,95540,95540,95540,0,0,0,0,0,0,0,0,0,0,0
92679104,아이티젠 DDR4-2666,아이티젠,DDR4,2666,0,16GB,16,0,0,0,0,0,0,0,0,0,0,0,0,39700,39700,39700,39600,39600,0,0,0,0,0,0,0,0,0,0,0
92679104,아이티젠 DDR4-2666,아이티젠,DDR4,2666,0,8GB,8,0,0,0,0,0,0,0,0,0,0,0,0,17700,17700,17500,17500,17500,0,0,0,0,0,0,0,0,0,0,0
54482183,아이티젠 DDR4-3200,아이티젠,DDR4,3200,0,32GB,32,0,0,0,0,0,94990,94990,88000,95540,95540,95540,95540,0,0,0,0,0,100090,96800,100090,100090,101190,0,0,0,100730,100720,96800
54482183,아이티젠 DDR4-3200,아이티젠,DDR4,3200,0,16GB,16,0,0,0,0,0,45000,45000,45000,45000,45000,45000,45000,0,0,0,0,0,44000,43500,43500,43500,43000,0,0,0,42500,42500,42500
54482183,아이티젠 DDR4-3200,아이티젠,DDR4,3200,0,8GB,8,0,0,0,0,0,20000,20000,20000,20000,20000,20000,20000,0,0,0,0,0,20000,20000,20000,20000,20000,0,0,0,20000,20000,20000
92679131,아이티젠 DDR4-3200,아이티젠,DDR4,3200,0,32GB,32,0,0,0,0,0,0,0,0,0,0,0,0,99990,100090,100090,100090,100090,0,0,0,0,0,0,0,0,0,0,0
92679131,아이티젠 DDR4-3200,아이티젠,DDR4,3200,0,16GB,16,0,0,0,0,0,0,0,0,0,0,0,0,45000,45000,44500,44000,44000,0,0,0,0,0,0,0,0,0,0,0
92679131,아이티젠 DDR4-3200,아이티젠,DDR4,3200,0,8GB,8,0,0,0,0,0,0,0,0,0,0,0,0,20000,20000,20000,20000,20000,0,0,0,0,0,0,0,0,0,0,0
54482201,아이티젠 DDR4-3200,아이티젠,DDR4,3200,0,32GB,32,0,0,0,0,0,0,0,0,0,0,0,0,0,0,0,0,0,0,0,0,0,0,101080,100960,100840,0,0,0
54482201,아이티젠 DDR4-3200,아이티젠,DDR4,3200,0,16GB,16,0,0,0,0,0,0,0,0,0,0,0,0,0,0,0,0,0,0,0,0,0,0,43000,43000,43000,0,0,0
54482201,아이티젠 DDR4-3200,아이티젠,DDR4,3200,0,8GB,8,0,0,0,0,0,0,0,0,0,0,0,0,0,0,0,0,0,0,0,0,0,0,20000,20000,20000,0,0,0
92523398,아이티젠 DDR5-5600,아이티젠,DDR5,5600,0,16GB,16,0,0,0,0,0,51000,51000,51000,51000,51000,51000,51000,53000,53000,53000,55000,55000,55000,55440,56990,56990,59000,58430,58980,58980,58980,58890,57200
54481535,아이티젠 노트북 DDR3-1333 1.5V,아이티젠 노트북 1.5V,DDR3,1333,0,8GB,8,0,0,0,0,0,8400,8400,8400,8400,8400,8400,8400,8800,8800,8800,9090,9090,9090,9090,9090,9090,9190,9070,9070,9070,9070,8980,8940
54481385,아이티젠 노트북 DDR3-1600 1.35V,아이티젠 노트북 1.35V,DDR3,1600,0,8GB,8,0,0,0,0,0,8400,8400,8400,8400,8400,8400,8400,9100,9090,9090,9090,9090,9090,9090,9090,9090,9190,9070,9080,9070,9070,8980,8940
54481580,아이티젠 노트북 DDR3-1600 1.5V,아이티젠 노트북 1.5V,DDR3,1600,0,8GB,8,0,0,0,0,0,8400,8400,8400,8400,8400,8400,8400,8900,8900,8900,9090,9090,9090,9090,9090,9090,9190,9070,9070,9070,9070,8980,8940
54482150,아이티젠 노트북 DDR4-2133,아이티젠 노트북,DDR4,2133,0,8GB,8,0,0,0,0,0,18690,18690,18690,18690,18690,18690,18690,18690,18500,18500,17900,17890,17890,17600,17890,17890,17700,17700,17700,17700,17700,17700,17600
68538869,아이티젠 노트북 DDR4-2400,아이티젠 노트북,DDR4,2400,0,8GB,8,0,0,0,0,0,18690,18690,18690,18690,18690,18690,18690,0,0,0,0,0,18190,0,0,0,0,17700,0,0,0,0,0
68538869,아이티젠 노트북 DDR4-2400,아이티젠 노트북,DDR4,2400,0,16GB,16,0,0,0,0,0,38700,38700,38700,38700,38700,38700,38700,0,0,0,0,0,37900,0,0,0,0,37400,0,0,0,0,0
54481820,아이티젠 노트북 DDR4-2400,아이티젠 노트북,DDR4,2400,0,8GB,8,0,0,0,0,0,0,0,0,0,0,0,0,18690,18500,18500,18190,18190,0,17600,17900,17890,17700,0,17700,17700,17700,17700,17600
54481820,아이티젠 노트북 DDR4-2400,아이티젠 노트북,DDR4,2400,0,16GB,16,0,0,0,0,0,0,0,0,0,0,0,0,38700,38500,38500,37900,37900,0,37700,37700,37700,37400,0,37400,37400,37300,37300,37300
54481916,아이티젠 노트북 DDR4-2666,아이티젠 노트북,DDR4,2666,0,16GB,16,0,0,0,0,0,38700,38700,38700,38700,0,0,0,38700,38500,38500,37900,37900,0,37700,0,37700,37600,37600,0,0,0,0,0
54481916,아이티젠 노트북 DDR4-2666,아이티젠 노트북,DDR4,2666,0,8GB,8,0,0,0,0,0,18690,18690,18690,18690,0,0,0,18690,18500,18500,18190,18190,0,17600,0,17890,17700,17700,0,0,0,0,0
54481937,아이티젠 노트북 DDR4-2666,아이티젠 노트북,DDR4,2666,0,16GB,16,0,0,0,0,0,0,0,0,0,38700,38700,38700,0,0,0,0,0,37900,0,37700,0,0,0,37600,37600,37600,37600,37600
54481937,아이티젠 노트북 DDR4-2666,아이티젠 노트북,DDR4,2666,0,8GB,8,0,0,0,0,0,0,0,0,0,18690,18690,18690,0,0,0,0,0,18190,0,17900,0,0,0,17700,17700,17700,17700,17600
54482195,아이티젠 노트북 DDR4-3200,아이티젠 노트북,DDR4,3200,0,16GB,16,0,0,0,0,0,42000,42000,42000,42000,0,0,42000,0,0,0,0,0,42000,0,0,0,0,0,0,0,0,43000,43000
54482195,아이티젠 노트북 DDR4-3200,아이티젠 노트북,DDR4,3200,0,8GB,8,0,0,0,0,0,20000,20000,20000,20000,0,0,20000,0,0,0,0,0,19500,0,0,0,0,0,0,0,0,20000,20000
54482174,아이티젠 노트북 DDR4-3200,아이티젠 노트북,DDR4,3200,0,16GB,16,0,0,0,0,0,0,0,0,0,42000,42000,0,42000,42000,42000,42000,42000,0,42000,42000,42000,43000,43000,43000,43000,43000,0,0
54482174,아이티젠 노트북 DDR4-3200,아이티젠 노트북,DDR4,3200,0,8GB,8,0,0,0,0,0,0,0,0,0,20000,20000,0,20000,20000,20000,19500,19500,0,19000,19000,19000,19000,19000,19000,19000,19000,0,0
15852416,앱코 DDR4-3200 CL14 AGM R30RH 화이트 패키지,앱코 AGM R30RH 화이트 패키지,DDR4,3200,CL14,32GB(16GX2),32,0,0,0,0,0,320000,320000,320000,320000,320000,320000,320000,320000,320000,320000,320000,320000,320000,320000,320000,320000,320000,320000,320000,320000,320000,320000,320000
16992575,에이서 프레데터 DDR4-3200 CL14 VESTA 패키지,에이서 프레데터 VESTA 패키지,DDR4,3200,CL14,16GB(8GX2),16,0,0,0,0,0,80500,80500,80500,80500,80500,80500,80500,80500,80500,80500,80500,80500,80500,80500,80500,80500,80500,80500,80500,80500,80500,80500,80500
14207501,에이서 프레데터 DDR4-3600 CL16 APOLLO 패키지,에이서 프레데터 APOLLO 패키지,DDR4,3600,CL16,32GB(16GX2),32,0,0,0,0,0,161780,161780,161780,161780,161780,161780,161780,161780,161780,161780,161780,161780,161780,161780,161780,161780,161780,161780,161780,161780,161780,161780,161780
8540462,이메이션 DDR3-1600 CL11,이메이션,DDR3,1600,CL11,8GB,8,0,0,0,0,0,16900,16900,0,0,0,0,0,0,0,0,0,0,0,0,0,0,0,0,0,0,16900,16900,16900
8540462,이메이션 DDR3-1600 CL11,이메이션,DDR3,1600,CL11,4GB,4,0,0,0,0,0,9900,9900,0,0,0,0,0,0,0,0,0,0,0,0,0,0,0,0,0,0,9900,9900,9900
8540480,이메이션 DDR3-1600 CL11,이메이션,DDR3,1600,CL11,8GB,8,0,0,0,0,0,0,0,16900,16900,16900,16900,16900,16900,16900,16900,16900,16900,16900,16900,16900,16900,16900,16900,16900,16900,0,0,0
8540480,이메이션 DDR3-1600 CL11,이메이션,DDR3,1600,CL11,4GB,4,0,0,0,0,0,0,0,9900,9900,9900,9900,9900,9900,9900,9900,9900,9900,9900,9900,9900,9900,9900,9900,9900,9900,0,0,0
7868572,이메이션 DDR4-2666,이메이션,DDR4,2666,0,4GB,4,0,0,0,0,0,8900,8900,8900,8900,8900,8900,8900,0,0,0,0,0,0,7950,7900,7900,7900,7900,7900,7900,7900,7900,7900
10495707,이메이션 DDR4-3200 CL22,이메이션,DDR4,3200,CL22,16GB,16,0,0,0,0,0,48030,48030,49320,49090,49090,49090,48550,48550,48550,48550,48550,48550,48550,46950,48550,48550,49320,49320,49320,49320,49320,49320,46950
10495707,이메이션 DDR4-3200 CL22,이메이션,DDR4,3200,CL22,8GB,8,0,0,0,0,0,23980,23980,23980,23980,23980,23980,23980,23980,23980,23980,23980,23980,23980,23980,23980,23980,23980,23980,23980,23980,23980,23980,23980
94450646,이메이션 DDR4-3200 CL22-22-22-52,이메이션 -22-22-52,DDR4,3200,CL22,32GB,32,0,0,0,0,0,0,0,0,0,0,0,0,0,0,0,0,0,0,106300,109900,109900,113900,113900,113900,113900,113900,110300,106300
94450646,이메이션 DDR4-3200 CL22-22-22-52,이메이션 -22-22-52,DDR4,3200,CL22,16GB,16,0,0,0,0,0,0,0,0,0,0,0,0,0,0,0,0,0,0,48080,49720,49720,51900,51900,51900,51900,51900,50260,48080
94450646,이메이션 DDR4-3200 CL22-22-22-52,이메이션 -22-22-52,DDR4,3200,CL22,8GB,8,0,0,0,0,0,0,0,0,0,0,0,0,0,0,0,0,0,0,24920,25770,0,0,0,0,0,0,0,0
94450658,이메이션 DDR4-3200 CL22-22-22-52,이메이션 -22-22-52,DDR4,3200,CL22,32GB,32,0,0,0,0,0,0,0,0,0,0,0,0,0,0,0,0,0,0,106300,0,0,0,0,0,0,0,0,0
94450658,이메이션 DDR4-3200 CL22-22-22-52,이메이션 -22-22-52,DDR4,3200,CL22,16GB,16,0,0,0,0,0,0,0,0,0,0,0,0,0,0,0,0,0,0,48080,0,0,0,0,0,0,0,0,0
94450658,이메이션 DDR4-3200 CL22-22-22-52,이메이션 -22-22-52,DDR4,3200,CL22,8GB,8,0,0,0,0,0,0,0,0,0,0,0,0,0,0,0,0,0,0,24920,0,0,0,0,0,0,0,0,0
94450610,이메이션 DDR4-3200 CL22-22-22-52,이메이션 -22-22-52,DDR4,3200,CL22,32GB,32,0,0,0,0,0,0,0,0,0,0,0,0,0,0,0,0,0,0,0,109900,109900,113900,113900,113900,113900,0,0,0
94450610,이메이션 DDR4-3200 CL22-22-22-52,이메이션 -22-22-52,DDR4,3200,CL22,16GB,16,0,0,0,0,0,0,0,0,0,0,0,0,0,0,0,0,0,0,0,49720,49720,51900,51900,51900,51900,0,0,0
94450610,이메이션 DDR4-3200 CL22-22-22-52,이메이션 -22-22-52,DDR4,3200,CL22,8GB,8,0,0,0,0,0,0,0,0,0,0,0,0,0,0,0,0,0,0,0,25770,0,0,0,0,0,0,0,0
61544039,이메이션 DDR5-5600 CL46,이메이션,DDR5,5600,CL46,32GB,32,0,0,0,0,0,111900,111900,111900,111900,111900,111900,111900,111900,111900,111900,0,0,0,0,0,0,0,0,0,0,0,0,0
61544039,이메이션 DDR5-5600 CL46,이메이션,DDR5,5600,CL46,8GB,8,0,0,0,0,0,29450,31900,31900,31900,31900,31900,31900,31900,31900,31900,31900,31900,31010,31010,0,0,0,31010,31010,31010,31010,28810,28810
61544039,이메이션 DDR5-5600 CL46,이메이션,DDR5,5600,CL46,16GB,16,0,0,0,0,0,0,0,57900,57900,57900,57900,55460,55460,55460,55460,55460,55460,55460,53630,0,0,0,57900,57900,57900,57900,56070,53630
61544036,이메이션 DDR5-5600 CL46,이메이션,DDR5,5600,CL46,16GB,16,0,0,0,0,0,0,0,0,0,0,0,0,0,0,0,0,0,0,0,55460,55460,57900,0,0,0,0,0,0
61544036,이메이션 DDR5-5600 CL46,이메이션,DDR5,5600,CL46,8GB,8,0,0,0,0,0,0,0,0,0,0,0,0,0,0,0,0,0,0,0,31010,31010,31010,0,0,0,0,0,0
94450400,이메이션 DDR5-5600 CL46-46-46,이메이션 -46-46,DDR5,5600,CL46,32GB,32,0,0,0,0,0,0,0,0,0,0,0,0,0,0,0,0,0,0,106300,109900,109900,113900,113900,113900,113900,113900,110300,106300
94450400,이메이션 DDR5-5600 CL46-46-46,이메이션 -46-46,DDR5,5600,CL46,16GB,16,0,0,0,0,0,0,0,0,0,0,0,0,0,0,0,0,0,0,53630,55460,55460,57900,57900,57900,57900,57900,56070,53630
8540354,이메이션 노트북 DDR3-1600 CL11,이메이션 노트북,DDR3,1600,CL11,8GB,8,0,0,0,0,0,39000,39000,39000,39000,39000,39000,39000,39000,39000,39000,39000,39000,39000,39000,39000,39000,39000,39000,39000,39000,39000,39000,39000
8109544,이메이션 노트북 DDR4-2666,이메이션 노트북,DDR4,2666,0,8GB,8,0,0,0,0,0,50000,50000,50000,50000,50000,50000,50000,50000,50000,50000,50000,50000,50000,50000,50000,50000,50000,50000,50000,50000,50000,50000,50000
10630377,이메이션 노트북 DDR4-3200 CL22,이메이션 노트북,DDR4,3200,CL22,8GB,8,0,0,0,0,0,55000,55000,55000,0,0,0,0,0,0,0,0,0,0,0,0,0,0,0,0,0,0,0,0
10630377,이메이션 노트북 DDR4-3200 CL22,이메이션 노트북,DDR4,3200,CL22,16GB,16,0,0,0,0,0,0,0,46000,0,0,0,0,0,0,0,0,0,0,0,0,0,0,0,0,0,0,0,0
15476621,이메이션 노트북 DDR4-3200 CL22,이메이션 노트북,DDR4,3200,CL22,16GB,16,0,0,0,0,0,0,0,0,46000,46000,46000,46000,49000,49000,49000,49000,49000,49000,49000,49000,49000,49000,49000,49000,49000,49000,49000,49000
15476621,이메이션 노트북 DDR4-3200 CL22,이메이션 노트북,DDR4,3200,CL22,8GB,8,0,0,0,0,0,0,0,0,55000,55000,55000,55000,55000,55000,55000,55000,55000,55000,55000,55000,55000,55000,55000,55000,55000,55000,55000,55000
94450724,이메이션 노트북 DDR4-3200 CL22-22-22-52,이메이션 노트북 -22-22-52,DDR4,3200,CL22,32GB,32,0,0,0,0,0,0,0,0,0,0,0,0,0,0,0,0,0,0,106300,109900,109900,113900,113900,113900,113900,113900,110300,106300
94450724,이메이션 노트북 DDR4-3200 CL22-22-22-52,이메이션 노트북 -22-22-52,DDR4,3200,CL22,16GB,16,0,0,0,0,0,0,0,0,0,0,0,0,0,0,0,0,0,0,54560,56420,56420,58900,58900,58900,58900,58900,57040,54560
94450712,이메이션 노트북 DDR4-3200 CL22-22-22-52,이메이션 노트북 -22-22-52,DDR4,3200,CL22,32GB,32,0,0,0,0,0,0,0,0,0,0,0,0,0,0,0,0,0,0,106300,109900,0,0,113900,113900,113900,113900,110300,106300
94450712,이메이션 노트북 DDR4-3200 CL22-22-22-52,이메이션 노트북 -22-22-52,DDR4,3200,CL22,16GB,16,0,0,0,0,0,0,0,0,0,0,0,0,0,0,0,0,0,0,54560,56420,0,0,58900,58900,58900,58900,57040,54560
61442432,이메이션 노트북 DDR5-4800 CL40,이메이션 노트북,DDR5,4800,CL40,32GB,32,0,0,0,0,0,104210,109900,109900,109900,109900,109900,105690,105690,0,0,0,0,0,0,0,0,103260,103260,103260,103260,103260,95870,91710
61442432,이메이션 노트북 DDR5-4800 CL40,이메이션 노트북,DDR5,4800,CL40,16GB,16,0,0,0,0,0,55900,55900,55900,55900,55900,55900,53550,53550,0,0,0,0,0,0,0,0,0,0,0,55900,55900,55900,65900
61442432,이메이션 노트북 DDR5-4800 CL40,이메이션 노트북,DDR5,4800,CL40,8GB,8,0,0,0,0,0,23460,23460,23470,23970,23970,23970,23710,23710,0,0,0,0,0,0,0,0,24850,24850,24850,24850,24850,24760,22930
61420334,이메이션 노트북 DDR5-4800 CL40,이메이션 노트북,DDR5,4800,CL40,32GB,32,0,0,0,0,0,0,0,0,0,0,0,0,0,105690,105690,105690,105690,105690,102220,103260,103260,0,0,0,0,0,0,0
61420334,이메이션 노트북 DDR5-4800 CL40,이메이션 노트북,DDR5,4800,CL40,16GB,16,0,0,0,0,0,0,0,0,0,0,0,0,0,53550,55900,55900,55900,55900,55900,55900,65900,0,0,0,0,0,0,0
61420334,이메이션 노트북 DDR5-4800 CL40,이메이션 노트북,DDR5,4800,CL40,8GB,8,0,0,0,0,0,0,0,0,0,0,0,0,0,23710,23710,23710,23710,23710,22930,23710,23710,0,0,0,0,0,0,0
61442447,이메이션 노트북 DDR5-5600 CL46,이메이션 노트북,DDR5,5600,CL46,32GB,32,0,0,0,0,0,121900,121900,121900,121900,121900,121900,118320,118320,118320,118320,118320,118320,118320,114470,118320,118320,121900,121900,121900,121900,121900,121900,121900
94450436,이메이션 노트북 DDR5-5600 CL46-46-46,이메이션 노트북 -46-46,DDR5,5600,CL46,32GB,32,0,0,0,0,0,0,0,0,0,0,0,0,0,0,0,0,0,0,114470,118320,118320,121900,121900,121900,121900,121900,118050,114470
94450436,이메이션 노트북 DDR5-5600 CL46-46-46,이메이션 노트북 -46-46,DDR5,5600,CL46,16GB,16,0,0,0,0,0,0,0,0,0,0,0,0,0,0,0,0,0,0,55480,57380,57380,59900,59900,59900,59900,59900,58000,55480
94450418,이메이션 노트북 DDR5-5600 CL46-46-46,이메이션 노트북 -46-46,DDR5,5600,CL46,32GB,32,0,0,0,0,0,0,0,0,0,0,0,0,0,0,0,0,0,0,114470,118320,118320,0,0,0,0,0,0,0
94450418,이메이션 노트북 DDR5-5600 CL46-46-46,이메이션 노트북 -46-46,DDR5,5600,CL46,16GB,16,0,0,0,0,0,0,0,0,0,0,0,0,0,0,0,0,0,0,55480,57380,57380,0,0,0,0,0,0,0
79510673,커널앤코어 DDR4-3200 CL22,커널앤코어,DDR4,3200,CL22,16GB,16,0,0,0,0,0,45540,45540,47500,46550,46550,46550,46040,46040,46040,46040,46040,46040,46040,44520,46040,46040,47490,47490,47490,47490,47490,47400,44520
79510673,커널앤코어 DDR4-3200 CL22,커널앤코어,DDR4,3200,CL22,8GB,8,0,0,0,0,0,22900,22900,22900,22900,22900,22900,22900,22200,22200,23160,23160,23160,23160,22390,23160,23160,23900,23900,23900,23900,23900,23900,22390
79550513,커널앤코어 DDR4-3200 CL22,커널앤코어,DDR4,3200,CL22,16GB,16,0,0,0,0,0,0,0,0,0,0,0,0,46040,46040,46040,46040,0,0,0,0,46040,47490,47490,47490,47490,47490,47400,0
79550513,커널앤코어 DDR4-3200 CL22,커널앤코어,DDR4,3200,CL22,8GB,8,0,0,0,0,0,0,0,0,0,0,0,0,22200,22200,23160,23160,0,0,0,0,23160,23900,23900,23900,23900,23900,23900,0
79408817,커널앤코어 DDR5-5600 CL46,커널앤코어,DDR5,5600,CL46,32GB,32,0,0,0,0,0,101760,101760,105900,102820,102820,102820,101760,101760,101760,103870,103870,103870,103870,100450,103870,103870,105900,105900,107900,105900,105900,105900,100450
79408817,커널앤코어 DDR5-5600 CL46,커널앤코어,DDR5,5600,CL46,16GB,16,0,0,0,0,0,53140,53140,54900,54320,54320,54320,53730,53730,53730,53730,53730,53730,53730,51950,53730,53730,54900,54900,54900,54900,54900,54900,50850
79408805,커널앤코어 DDR5-5600 CL46,커널앤코어,DDR5,5600,CL46,32GB,32,0,0,0,0,0,101760,101760,105900,102820,102820,102820,0,0,0,0,0,0,0,100450,103870,0,0,0,0,0,0,105900,100450
79408805,커널앤코어 DDR5-5600 CL46,커널앤코어,DDR5,5600,CL46,16GB,16,0,0,0,0,0,53140,53140,54900,54320,54320,54320,0,0,0,0,0,0,0,51950,53730,0,0,0,0,0,0,54900,50850
88136900,커널앤코어 노트북용 DDR4-3200 CL22,커널앤코어 노트북용,DDR4,3200,CL22,8GB,8,0,0,0,0,0,22530,22530,23500,23030,23030,23030,22780,22780,23200,23200,23200,23200,23200,22430,23200,24620,25400,25400,25400,25400,25400,0,0
88136900,커널앤코어 노트북용 DDR4-3200 CL22,커널앤코어 노트북용,DDR4,3200,CL22,4GB,4,0,0,0,0,0,14310,14310,14600,14600,14600,14600,14460,14460,14460,14460,14460,14460,14600,14530,14600,14600,14600,14600,14600,14600,14600,14600,14530
88136876,커널앤코어 노트북용 DDR4-3200 CL22,커널앤코어 노트북용,DDR4,3200,CL22,8GB,8,0,0,0,0,0,22530,22530,23500,23030,23030,23030,22780,22780,23200,23200,23200,23200,23200,22430,23200,24620,25400,25400,25400,25400,25400,0,0
88136876,커널앤코어 노트북용 DDR4-3200 CL22,커널앤코어 노트북용,DDR4,3200,CL22,4GB,4,0,0,0,0,0,14310,14310,14600,14600,14600,14600,14460,14460,14460,14460,14460,14460,14600,14530,14600,14600,14600,14600,14600,14600,14600,0,0
59085248,컴이지 DDR4-2666,컴이지,DDR4,2666,0,16GB,16,0,0,0,0,0,42710,42620,42610,42960,42920,42800,38500,38500,38490,38490,38490,38490,38490,42900,42900,42900,42900,39900,39900,39900,39900,39900,39900
2375179,킹스톤 DDR3-1600,킹스톤,DDR3,1600,0,8GB,8,0,0,0,0,0,55900,55900,55900,55900,55900,55900,55900,55900,55900,55900,55900,55900,55900,55900,55900,55900,55900,55900,55900,55900,55900,55900,55900
7013641,킹스톤 DDR4-2666,킹스톤,DDR4,2666,0,8GB,8,0,0,0,0,0,29800,29800,29800,29800,29800,29800,29800,29800,29800,29800,29800,29800,29800,31500,31500,31500,31500,31500,31500,31500,31500,31500,31500
7013641,킹스톤 DDR4-2666,킹스톤,DDR4,2666,0,4GB,4,0,0,0,0,0,29800,29800,29800,29800,29800,29800,29800,29800,29800,29800,29800,29800,29800,29800,29800,29800,29800,29800,29800,29800,29800,29800,29800
3233702,킹스톤 노트북 DDR3-1600,킹스톤 노트북,DDR3,1600,0,8GB,8,0,0,0,0,0,50000,50000,50000,50000,50000,50000,50000,50000,50000,50000,50000,50000,50000,50000,50000,50000,50000,50000,50000,50000,50000,50000,50000
4838666,타무즈 DDR3-1600 CL11,타무즈,DDR3,1600,CL11,8GB,8,0,0,0,0,0,16500,16500,16500,16500,16500,16500,16500,16500,16500,16500,16500,16500,16500,16270,16830,16830,16500,16500,16500,16500,16500,16500,16270
4838666,타무즈 DDR3-1600 CL11,타무즈,DDR3,1600,CL11,4GB,4,0,0,0,0,0,11000,11000,11000,11000,11000,11000,11000,11000,11000,11000,11000,11000,11000,11000,11000,11000,11000,11000,11000,11000,11000,11000,11000
4525099,타무즈 DDR4-2133 CL15,타무즈,DDR4,2133,CL15,8GB,8,0,0,0,0,0,24000,24000,24000,24000,24000,24000,24000,24000,24000,24000,24000,24000,24000,23760,24240,24240,24240,24240,24240,24240,24240,24240,23760
5722053,타무즈 DDR4-2400 CL15,타무즈,DDR4,2400,CL15,8GB,8,0,0,0,0,0,24800,24800,25510,25350,25350,25350,25080,25080,25080,25080,25080,25080,25080,24250,25080,25080,25520,25510,25510,25510,25510,25510,24250
5093440,타무즈 DDR4-2400 CL17,타무즈,DDR4,2400,CL17,8GB,8,0,0,0,0,0,23040,23040,23040,23040,23040,23040,23040,23040,23040,23040,23040,23040,23040,23040,23040,23040,23040,23040,23040,23040,23040,23040,23040
6018770,타무즈 DDR4-2666 CL19,타무즈,DDR4,2666,CL19,16GB,16,0,0,0,0,0,40050,40050,40050,40050,40050,40050,58810,58700,40230,46820,46820,46820,46820,45280,46820,0,0,0,0,0,0,46980,45280
6018770,타무즈 DDR4-2666 CL19,타무즈,DDR4,2666,CL19,8GB,8,0,0,0,0,0,21640,21640,21920,21910,21910,21910,21870,24330,24330,24330,24330,24330,24330,23530,24330,0,0,0,0,0,0,24230,23530
6018770,타무즈 DDR4-2666 CL19,타무즈,DDR4,2666,CL19,4GB,4,0,0,0,0,0,10900,10900,10900,10900,10900,10900,10900,10900,13200,13190,13190,13190,13190,13190,13190,0,0,0,0,0,0,13200,13200
6018766,타무즈 DDR4-2666 CL19,타무즈,DDR4,2666,CL19,16GB,16,0,0,0,0,0,0,0,0,0,0,0,0,0,0,0,0,0,0,0,0,46820,47090,47090,47090,47090,47090,0,0
6018766,타무즈 DDR4-2666 CL19,타무즈,DDR4,2666,CL19,8GB,8,0,0,0,0,0,0,0,0,0,0,0,0,0,0,0,0,0,0,0,0,24330,24340,24340,24340,24340,24340,0,0
6018766,타무즈 DDR4-2666 CL19,타무즈,DDR4,2666,CL19,4GB,4,0,0,0,0,0,0,0,0,0,0,0,0,0,0,0,0,0,0,0,0,13190,13190,13190,13190,13200,13200,0,0
13137290,타무즈 DDR4-3200 CL22,타무즈,DDR4,3200,CL22,32GB,32,0,0,0,0,0,98730,98730,103290,100030,100030,100030,98940,98940,83380,121990,122090,122090,122090,119240,0,0,0,0,0,0,121690,121600,119240
13137290,타무즈 DDR4-3200 CL22,타무즈,DDR4,3200,CL22,16GB,16,0,0,0,0,0,47600,47600,47600,48650,48650,48650,48120,49120,49030,49030,49580,49580,49580,47950,0,0,0,0,0,0,49880,49840,47950
13137290,타무즈 DDR4-3200 CL22,타무즈,DDR4,3200,CL22,8GB,8,0,0,0,0,0,24760,24760,24760,24990,24990,24990,24990,24990,24990,24990,24990,24990,24990,24440,0,0,0,0,0,0,26810,26720,26000
13137290,타무즈 DDR4-3200 CL22,타무즈,DDR4,3200,CL22,4GB,4,0,0,0,0,0,13490,13490,13490,13490,13420,13420,13270,13270,16380,16370,16370,16370,16370,15840,0,0,0,0,0,0,16610,18040,17520
13137278,타무즈 DDR4-3200 CL22,타무즈,DDR4,3200,CL22,32GB,32,0,0,0,0,0,0,0,0,0,0,0,0,0,0,0,0,0,0,0,122080,122080,122080,122040,121920,121800,0,0,0
13137278,타무즈 DDR4-3200 CL22,타무즈,DDR4,3200,CL22,16GB,16,0,0,0,0,0,0,0,0,0,0,0,0,0,0,0,0,0,0,0,49580,49330,49890,46840,46840,49860,0,0,0
13137278,타무즈 DDR4-3200 CL22,타무즈,DDR4,3200,CL22,8GB,8,0,0,0,0,0,0,0,0,0,0,0,0,0,0,0,0,0,0,0,25270,25200,26580,26810,26810,26810,0,0,0
13137278,타무즈 DDR4-3200 CL22,타무즈,DDR4,3200,CL22,4GB,4,0,0,0,0,0,0,0,0,0,0,0,0,0,0,0,0,0,0,0,16370,16370,16610,16610,16610,16610,0,0,0
31998278,타무즈 DDR5-5600 CL46,타무즈,DDR5,5600,CL46,32GB,32,0,0,0,0,0,105720,105720,107800,110600,110590,110590,110680,110680,112890,112890,112890,112890,112890,112890,112890,112890,112890,112890,112890,112890,112890,112890,112890
31998278,타무즈 DDR5-5600 CL46,타무즈,DDR5,5600,CL46,16GB,16,0,0,0,0,0,53090,53090,54490,54260,54260,54260,53670,53670,53670,53670,53670,53670,53670,53390,55200,55200,56050,55800,55690,55690,55690,55580,53390
4545912,타무즈 노트북 DDR3-1333 CL9,타무즈 노트북,DDR3,1333,CL9,4GB,4,0,0,0,0,0,10800,10800,10800,10800,10800,10800,10800,10800,10800,10800,10800,10800,10800,10800,10800,10800,10800,10800,10800,10800,10800,10800,10800
5215088,타무즈 노트북 DDR3L-1600 CL11 1.35V,타무즈 노트북 DDR3L-1600 1.35V,0,0,CL11,8GB,8,0,0,0,0,0,16500,16500,16500,16500,16500,16500,16500,16500,16500,16500,16500,16500,16500,16270,16500,16500,16500,16500,16500,16500,16500,16490,16270
5215088,타무즈 노트북 DDR3L-1600 CL11 1.35V,타무즈 노트북 DDR3L-1600 1.35V,0,0,CL11,4GB,4,0,0,0,0,0,10490,10490,11000,11000,11000,11000,11000,11000,11000,11000,11000,11000,11000,11000,11000,11000,11000,11000,11000,11000,11000,11000,11000
4546081,타무즈 노트북 DDR4-2133 CL15,타무즈 노트북,DDR4,2133,CL15,8GB,8,0,0,0,0,0,27300,27300,27300,27300,27300,27300,27300,27300,27300,27300,27300,27300,27300,26660,27300,27300,27300,27300,27300,27300,27300,27290,26660
5971453,타무즈 노트북 DDR4-2400 CL17,타무즈 노트북,DDR4,2400,CL17,8GB,8,0,0,0,0,0,27300,27300,27300,27300,27300,27300,27300,27300,27300,27300,27300,27300,27300,26660,27300,27300,27300,27300,27300,27300,27300,27290,26660
11655968,타무즈 노트북 DDR4-2666 CL19,타무즈 노트북,DDR4,2666,CL19,16GB,16,0,0,0,0,0,39490,39490,39490,39490,39490,39490,39490,39490,0,0,0,0,0,0,0,0,0,0,0,0,0,0,0
11655968,타무즈 노트북 DDR4-2666 CL19,타무즈 노트북,DDR4,2666,CL19,8GB,8,0,0,0,0,0,22600,22600,22600,22600,22600,22600,22600,22600,0,0,0,0,0,0,0,0,0,0,0,0,0,0,0
11655968,타무즈 노트북 DDR4-2666 CL19,타무즈 노트북,DDR4,2666,CL19,4GB,4,0,0,0,0,0,13490,13490,13490,13420,13420,13420,13270,13270,0,0,0,0,0,0,0,0,0,0,0,0,0,0,0
7004512,타무즈 노트북 DDR4-2666 CL19,타무즈 노트북,DDR4,2666,CL19,16GB,16,0,0,0,0,0,0,0,0,0,0,0,0,0,39500,39500,39500,39500,39500,39500,39500,39500,39500,39500,39500,39500,39500,39500,39500
7004512,타무즈 노트북 DDR4-2666 CL19,타무즈 노트북,DDR4,2666,CL19,8GB,8,0,0,0,0,0,0,0,0,0,0,0,0,0,22200,23100,23100,23100,23100,22340,23100,22840,23340,23230,23110,22990,22880,22870,22340
7004512,타무즈 노트북 DDR4-2666 CL19,타무즈 노트북,DDR4,2666,CL19,4GB,4,0,0,0,0,0,0,0,0,0,0,0,0,0,14820,14820,14820,14820,14820,14340,14820,14820,15050,15050,15050,15050,15050,15050,14340
13137374,타무즈 노트북 DDR4-3200 CL22,타무즈 노트북,DDR4,3200,CL22,32GB,32,0,0,0,0,0,96360,0,96360,0,0,0,96360,100200,100200,100200,100200,100200,100200,96900,105040,106590,0,114650,114650,114650,114650,114540,110430
13137374,타무즈 노트북 DDR4-3200 CL22,타무즈 노트북,DDR4,3200,CL22,16GB,16,0,0,0,0,0,51000,0,51000,0,0,0,51000,51000,51000,55200,55200,55200,55200,53390,55210,55200,0,56070,56070,56070,56070,56070,53390
13137374,타무즈 노트북 DDR4-3200 CL22,타무즈 노트북,DDR4,3200,CL22,8GB,8,0,0,0,0,0,24750,0,25600,0,0,0,25600,25600,25600,25600,25600,25600,25600,27360,28300,28290,0,28300,28300,28300,28300,28290,27360
13137374,타무즈 노트북 DDR4-3200 CL22,타무즈 노트북,DDR4,3200,CL22,4GB,4,0,0,0,0,0,14670,0,14700,0,0,0,14700,14700,15050,15700,15700,15700,15700,15300,15700,15700,0,15700,15700,15700,15700,15690,15300
13137365,타무즈 노트북 DDR4-3200 CL22,타무즈 노트북,DDR4,3200,CL22,32GB,32,0,0,0,0,0,0,96360,0,96360,96360,96360,0,0,0,0,0,0,0,0,0,0,114700,0,0,0,0,0,0
13137365,타무즈 노트북 DDR4-3200 CL22,타무즈 노트북,DDR4,3200,CL22,16GB,16,0,0,0,0,0,0,51000,0,51000,51000,51000,0,0,0,0,0,0,0,0,0,0,56070,0,0,0,0,0,0
13137365,타무즈 노트북 DDR4-3200 CL22,타무즈 노트북,DDR4,3200,CL22,8GB,8,0,0,0,0,0,0,24750,0,25600,25600,25600,0,0,0,0,0,0,0,0,0,0,28300,0,0,0,0,0,0
13137365,타무즈 노트북 DDR4-3200 CL22,타무즈 노트북,DDR4,3200,CL22,4GB,4,0,0,0,0,0,0,14670,0,14700,14700,14700,0,0,0,0,0,0,0,0,0,0,15700,0,0,0,0,0,0
43488485,타무즈 노트북 DDR5-5600 CL46,타무즈 노트북,DDR5,5600,CL46,32GB,32,0,0,0,0,0,109990,109990,110710,110390,110390,110390,109990,109990,109990,0,109990,109990,109990,114790,118410,118640,118400,118400,118400,118400,118400,118310,114790
43488485,타무즈 노트북 DDR5-5600 CL46,타무즈 노트북,DDR5,5600,CL46,16GB,16,0,0,0,0,0,56790,56790,58350,58040,58040,58040,57410,57410,57410,0,57410,57410,57410,55520,57410,57410,58350,58350,58350,58350,58350,58350,55520
43488509,타무즈 노트북 DDR5-5600 CL46,타무즈 노트북,DDR5,5600,CL46,32GB,32,0,0,0,0,0,0,0,0,0,0,0,0,0,0,109990,0,0,0,0,0,0,0,0,0,0,0,0,0
43488509,타무즈 노트북 DDR5-5600 CL46,타무즈 노트북,DDR5,5600,CL46,16GB,16,0,0,0,0,0,0,0,0,0,0,0,0,0,0,57410,0,0,0,0,0,0,0,0,0,0,0,0,0
8111455,트랜센드 DDR3-1600,트랜센드,DDR3,1600,0,4GB,4,0,0,0,0,0,10000,10000,10000,10000,10000,10000,10000,10000,10000,10000,10000,10000,10000,10000,10000,10000,10000,10000,10000,10000,10000,10000,10000
11272557,트랜센드 DDR4-2666 CL19,트랜센드,DDR4,2666,CL19,16GB,16,0,0,0,0,0,83000,83000,83000,83000,83000,83000,83000,83000,83000,83000,83000,83000,83000,83000,83000,83000,83000,83000,83000,83000,83000,83000,83000
11272557,트랜센드 DDR4-2666 CL19,트랜센드,DDR4,2666,CL19,8GB,8,0,0,0,0,0,50000,50000,50000,50000,50000,50000,50000,50000,50000,50000,50000,50000,50000,50000,50000,50000,50000,50000,50000,50000,50000,50000,50000
11272557,트랜센드 DDR4-2666 CL19,트랜센드,DDR4,2666,CL19,4GB,4,0,0,0,0,0,14370,14370,14370,14370,14370,14370,14370,14370,14370,14370,14370,14370,14370,14370,14370,14370,14370,14370,14370,14370,14370,14370,14370
12076652,트랜센드 DDR4-3200 CL22,트랜센드,DDR4,3200,CL22,32GB,32,0,0,0,0,0,117200,117200,117200,117200,117200,117200,0,0,0,0,0,0,0,0,0,0,0,0,0,0,0,0,145000
12076652,트랜센드 DDR4-3200 CL22,트랜센드,DDR4,3200,CL22,16GB,16,0,0,0,0,0,64200,64200,74940,75660,75660,75660,0,0,0,0,0,0,0,0,0,0,0,0,0,0,0,0,74800
12076652,트랜센드 DDR4-3200 CL22,트랜센드,DDR4,3200,CL22,8GB,8,0,0,0,0,0,34030,34200,34200,34200,34200,34200,0,0,0,0,0,0,0,0,0,0,0,0,0,0,0,0,34200
12076652,트랜센드 DDR4-3200 CL22,트랜센드,DDR4,3200,CL22,4GB,4,0,0,0,0,0,18590,19820,19530,20270,20270,20270,0,0,0,0,0,0,0,0,0,0,0,0,0,0,0,0,20500
12076634,트랜센드 DDR4-3200 CL22,트랜센드,DDR4,3200,CL22,32GB,32,0,0,0,0,0,0,0,0,0,0,0,147850,147850,147850,147850,147850,147850,147850,147850,147850,147850,147850,147850,147850,0,0,0,0
12076634,트랜센드 DDR4-3200 CL22,트랜센드,DDR4,3200,CL22,16GB,16,0,0,0,0,0,0,0,0,0,0,0,75660,75660,75660,75660,75660,75660,75660,73300,75660,75660,75660,75660,75660,0,0,0,0
12076634,트랜센드 DDR4-3200 CL22,트랜센드,DDR4,3200,CL22,8GB,8,0,0,0,0,0,0,0,0,0,0,0,34200,34200,34200,34200,34200,34200,34200,34200,34200,34200,34200,34200,34200,0,0,0,0
12076634,트랜센드 DDR4-3200 CL22,트랜센드,DDR4,3200,CL22,4GB,4,0,0,0,0,0,0,0,0,0,0,0,20270,20270,20500,20500,20500,20500,20500,19820,20430,20500,20500,20500,20500,0,0,0,0
15446396,트랜센드 DDR4-3200 CL22,트랜센드,DDR4,3200,CL22,32GB,32,0,0,0,0,0,0,0,0,0,0,0,0,0,0,0,0,0,0,0,0,0,0,0,0,147850,147850,147850,0
15446396,트랜센드 DDR4-3200 CL22,트랜센드,DDR4,3200,CL22,16GB,16,0,0,0,0,0,0,0,0,0,0,0,0,0,0,0,0,0,0,0,0,0,0,0,0,75660,75660,75650,0
15446396,트랜센드 DDR4-3200 CL22,트랜센드,DDR4,3200,CL22,8GB,8,0,0,0,0,0,0,0,0,0,0,0,0,0,0,0,0,0,0,0,0,0,0,0,0,34200,34200,34200,0
15446396,트랜센드 DDR4-3200 CL22,트랜센드,DDR4,3200,CL22,4GB,4,0,0,0,0,0,0,0,0,0,0,0,0,0,0,0,0,0,0,0,0,0,0,0,0,20500,20500,20500,0
16867085,트랜센드 DDR5-4800 CL40,트랜센드,DDR5,4800,CL40,32GB,32,0,0,0,0,0,99750,102000,108290,108300,108300,108300,108300,108300,109920,109350,109300,109250,109200,106830,109100,109050,109040,109040,109040,109040,109040,108950,109050
16867085,트랜센드 DDR5-4800 CL40,트랜센드,DDR5,4800,CL40,16GB,16,0,0,0,0,0,54990,58850,57600,57600,57600,57600,57600,57600,57600,57600,57600,57600,57600,57600,57600,57600,57600,57600,57600,57600,57600,58830,57640
17170637,트랜센드 DDR5-4800 CL40 Jetram,트랜센드 Jetram,DDR5,4800,CL40,16GB,16,0,0,0,0,0,0,0,0,59000,59000,59000,59000,57000,58690,58690,58690,58690,58690,56760,58690,58690,58990,58880,58760,58700,0,0,0
28469759,트랜센드 DDR5-5600 CL46 Jetram,트랜센드 Jetram,DDR5,5600,CL46,32GB,32,0,0,0,0,0,116000,116000,120650,0,0,0,0,0,0,123820,123820,123820,123820,123820,123820,123820,123810,123810,123810,123810,123810,123810,123810
28469759,트랜센드 DDR5-5600 CL46 Jetram,트랜센드 Jetram,DDR5,5600,CL46,16GB,16,0,0,0,0,0,62000,62940,63050,0,0,0,0,0,0,66000,66000,66000,66000,63820,65780,66000,66000,66000,66000,66000,66000,66000,66000
74054723,트랜센드 DDR5-5600 CL46 Jetram,트랜센드 Jetram,DDR5,5600,CL46,32GB,32,0,0,0,0,0,0,0,0,116000,116000,116000,120650,120650,123820,0,0,0,0,0,0,0,0,0,0,0,0,0,0
74054723,트랜센드 DDR5-5600 CL46 Jetram,트랜센드 Jetram,DDR5,5600,CL46,16GB,16,0,0,0,0,0,0,0,0,65960,65960,65960,65960,65960,66000,0,0,0,0,0,0,0,0,0,0,0,0,0,0
74421911,트랜센드 DDR5-6400 CL52 CUDIMM,트랜센드 CUDIMM,DDR5,6400,CL52,32GB,32,0,0,0,0,0,136830,136830,136830,136830,136830,136830,136830,140500,140500,140500,140500,140500,140500,136470,140420,140420,140420,0,0,0,0,139950,0
74421911,트랜센드 DDR5-6400 CL52 CUDIMM,트랜센드 CUDIMM,DDR5,6400,CL52,16GB,16,0,0,0,0,0,70090,69520,75530,75530,75530,75530,75530,75530,77300,77300,77300,77300,77300,74750,77300,74440,77300,0,0,0,0,77290,0
74421911,트랜센드 DDR5-6400 CL52 CUDIMM,트랜센드 CUDIMM,DDR5,6400,CL52,48GB,48,0,0,0,0,0,0,204070,204070,204070,204070,204070,204070,209500,209490,209490,209490,209490,209490,208440,209430,209430,209430,0,0,0,0,208960,0
93564845,트랜센드 DDR5-6400 CL52 CUDIMM,트랜센드 CUDIMM,DDR5,6400,CL52,48GB,48,0,0,0,0,0,0,0,0,0,0,0,0,0,0,0,0,0,0,0,0,0,0,209320,209200,209080,208970,0,208360
93564845,트랜센드 DDR5-6400 CL52 CUDIMM,트랜센드 CUDIMM,DDR5,6400,CL52,32GB,32,0,0,0,0,0,0,0,0,0,0,0,0,0,0,0,0,0,0,0,0,0,0,140310,140190,140070,139960,0,136390
93564845,트랜센드 DDR5-6400 CL52 CUDIMM,트랜센드 CUDIMM,DDR5,6400,CL52,16GB,16,0,0,0,0,0,0,0,0,0,0,0,0,0,0,0,0,0,0,0,0,0,0,77290,77290,77250,77290,0,76560
5800819,트랜센드 노트북 DDR2-667 중고,트랜센드 노트북 DDR2-667 중고,0,0,0,2GB,2,0,0,0,0,0,13000,13000,13000,13000,13000,13000,13000,13000,13000,13000,13000,13000,13000,13000,13000,13000,13000,13000,13000,13000,13000,13000,13000
5800754,트랜센드 노트북 DDR2-800 중고,트랜센드 노트북 DDR2-800 중고,0,0,0,2GB,2,0,0,0,0,0,16000,16000,16000,16000,16000,16000,16000,16000,16000,16000,16000,16000,16000,16000,16000,16000,16000,16000,16000,16000,16000,16000,16000
12076664,트랜센드 노트북 DDR4-3200 CL22,트랜센드 노트북,DDR4,3200,CL22,32GB,32,0,0,0,0,0,123970,123850,123760,123750,123710,123590,123470,123350,124590,124590,124590,124590,124590,120560,124590,124590,125170,125060,124940,124820,124710,124700,120480
12076664,트랜센드 노트북 DDR4-3200 CL22,트랜센드 노트북,DDR4,3200,CL22,16GB,16,0,0,0,0,0,61100,66730,66730,66730,66730,66740,66740,66740,66740,66740,66740,66740,66740,66740,66740,66740,67000,67000,67000,67000,67000,67000,67000
12076664,트랜센드 노트북 DDR4-3200 CL22,트랜센드 노트북,DDR4,3200,CL22,8GB,8,0,0,0,0,0,33450,33900,33900,33900,33900,33900,33900,33900,33900,33900,33900,33900,33900,33900,33900,33900,34900,34900,34900,34900,34900,34900,34900
12076664,트랜센드 노트북 DDR4-3200 CL22,트랜센드 노트북,DDR4,3200,CL22,4GB,4,0,0,0,0,0,18100,18100,18100,18100,18100,18100,18100,18100,18100,18100,18100,18100,18100,18100,18100,18100,18100,18100,18100,18100,18100,18100,18100
74056274,트랜센드 노트북 DDR5-4800 CL40,트랜센드 노트북,DDR5,4800,CL40,32GB,32,0,0,0,0,0,102520,102520,0,0,0,0,0,0,0,0,0,101500,101500,0,0,0,0,101500,101500,101500,0,0,0
74056274,트랜센드 노트북 DDR5-4800 CL40,트랜센드 노트북,DDR5,4800,CL40,16GB,16,0,0,0,0,0,54640,54830,0,0,0,0,0,0,0,0,0,54890,54890,0,0,0,0,56100,56100,56100,0,0,0
74056247,트랜센드 노트북 DDR5-4800 CL40,트랜센드 노트북,DDR5,4800,CL40,32GB,32,0,0,0,0,0,0,0,102520,102520,102520,102520,102520,102520,102520,102520,101500,0,0,101500,101500,101500,101500,0,0,0,109710,109990,102420
74056247,트랜센드 노트북 DDR5-4800 CL40,트랜센드 노트북,DDR5,4800,CL40,16GB,16,0,0,0,0,0,0,0,53500,54900,54900,54900,54900,54900,54900,54890,54890,0,0,53980,55820,54500,54400,0,0,0,56100,55550,52700
17587577,트랜센드 노트북 DDR5-4800 CL40 Jetram,트랜센드 노트북 Jetram,DDR5,4800,CL40,32GB,32,0,0,0,0,0,0,110000,110000,110000,110000,110000,110000,110000,110000,110000,110000,110000,110000,110000,110000,105160,106620,105340,105340,105320,109500,109480,102420
74056385,트랜센드 노트북 DDR5-5600 CL46,트랜센드 노트북,DDR5,5600,CL46,32GB,32,0,0,0,0,0,115800,115800,120880,0,0,0,124000,124000,124000,124000,124000,124000,124000,0,0,0,0,0,0,0,0,0,0
74056385,트랜센드 노트북 DDR5-5600 CL46,트랜센드 노트북,DDR5,5600,CL46,16GB,16,0,0,0,0,0,62000,62000,63050,0,0,0,65700,65700,65700,65700,65700,65700,65700,0,0,0,0,0,0,0,0,0,0
74056385,트랜센드 노트북 DDR5-5600 CL46,트랜센드 노트북,DDR5,5600,CL46,8GB,8,0,0,0,0,0,36200,36200,36200,0,0,0,36200,36200,36200,36200,36200,36200,36200,0,0,0,0,0,0,0,0,0,0
74056361,트랜센드 노트북 DDR5-5600 CL46,트랜센드 노트북,DDR5,5600,CL46,32GB,32,0,0,0,0,0,0,0,0,123990,123990,124000,0,0,0,0,0,0,0,122180,124000,121200,124000,124000,124000,124000,124000,124000,124000
74056361,트랜센드 노트북 DDR5-5600 CL46,트랜센드 노트북,DDR5,5600,CL46,16GB,16,0,0,0,0,0,0,0,0,63560,63480,63400,0,0,0,0,0,0,0,63820,65780,63520,66000,66000,66000,66000,66000,66000,66000
74056361,트랜센드 노트북 DDR5-5600 CL46,트랜센드 노트북,DDR5,5600,CL46,8GB,8,0,0,0,0,0,0,0,0,36200,36200,36200,0,0,0,0,0,0,0,36200,36200,36200,36200,36200,36200,36200,36200,36200,36200
