Id,Name,ram_model,memory_gen,memory_speed,cl_value,capacity,capacity_gb,2024-05-01,2024-05-02,2024-05-03,2024-05-04,2024-05-05,2024-05-06,2024-05-07,2024-05-08,2024-05-09,2024-05-10,2024-05-11,2024-05-12,2024-05-13,2024-05-14,2024-05-15,2024-05-16,2024-05-17,2024-05-18,2024-05-19,2024-05-20,2024-05-21,2024-05-22,2024-05-23,2024-05-24,2024-05-25,2024-05-26,2024-05-27,2024-05-28,2024-05-29,2024-05-30,2024-05-31
11830747,ADATA DDR4-3200 CL22,ADATA,DDR4,3200,CL22,32GB,32,90940,90840,90750,91000,90300,90300,91000,91000,91000,90970,90990,90990,90990,90990,0,0,78000,78000,0,0,0,0,0,0,0,0,0,0,0,0,0
11830747,ADATA DDR4-3200 CL22,ADATA,DDR4,3200,CL22,16GB,16,44200,44200,44200,44200,44200,44200,44200,44200,44200,44200,44200,44200,44200,44200,0,0,32000,32000,0,0,0,0,0,0,0,0,0,0,0,0,0
11830747,ADATA DDR4-3200 CL22,ADATA,DDR4,3200,CL22,8GB,8,23000,23000,22930,22910,22790,22690,22610,22600,22490,22420,23000,23000,23000,23000,0,0,19900,22410,0,0,0,0,0,0,0,0,0,0,0,0,0
12091751,ADATA DDR4-3200 CL22,ADATA,DDR4,3200,CL22,32GB,32,0,0,0,0,0,0,0,0,0,0,0,0,0,0,90990,90980,0,0,0,0,0,0,0,0,0,0,0,0,0,0,0
12091751,ADATA DDR4-3200 CL22,ADATA,DDR4,3200,CL22,16GB,16,0,0,0,0,0,0,0,0,0,0,0,0,0,0,44200,44200,0,0,0,0,0,0,0,0,0,0,0,0,0,0,0
12091751,ADATA DDR4-3200 CL22,ADATA,DDR4,3200,CL22,8GB,8,0,0,0,0,0,0,0,0,0,0,0,0,0,0,23000,23000,0,0,0,0,0,0,0,0,0,0,0,0,0,0,0
11868160,ADATA DDR4-3200 CL22,ADATA,DDR4,3200,CL22,32GB,32,0,0,0,0,0,0,0,0,0,0,0,0,0,0,0,0,0,0,78000,78000,78000,78000,78000,78000,78000,78000,78000,78000,78000,78000,78000
11868160,ADATA DDR4-3200 CL22,ADATA,DDR4,3200,CL22,16GB,16,0,0,0,0,0,0,0,0,0,0,0,0,0,0,0,0,0,0,32000,32000,32000,32000,32000,32000,32000,32000,32000,32000,32000,32000,32000
11868160,ADATA DDR4-3200 CL22,ADATA,DDR4,3200,CL22,8GB,8,0,0,0,0,0,0,0,0,0,0,0,0,0,0,0,0,0,0,23000,23000,23000,19900,19900,19900,19900,19900,19900,19900,19900,19900,19900
27940799,ADATA DDR5-5600 CL46,ADATA,DDR5,5600,CL46,32GB,32,141420,0,143930,143930,143930,143930,143930,143930,145510,145510,145510,145510,145510,145510,145510,145510,145510,145510,145510,145510,145510,145510,145510,145510,145510,145510,145510,145510,145510,145510,145510
27940799,ADATA DDR5-5600 CL46,ADATA,DDR5,5600,CL46,16GB,16,76300,0,76300,76300,76300,76300,76300,72000,72000,65000,65000,65000,65000,65000,65000,65000,72000,72000,72000,72000,72000,72000,72000,72000,72000,72000,72000,72000,72000,72000,72000
27940781,ADATA DDR5-5600 CL46,ADATA,DDR5,5600,CL46,32GB,32,0,143930,0,0,0,0,0,0,0,0,0,0,0,0,0,0,0,0,0,0,0,0,0,0,0,0,0,0,0,0,0
27940781,ADATA DDR5-5600 CL46,ADATA,DDR5,5600,CL46,16GB,16,0,76300,0,0,0,0,0,0,0,0,0,0,0,0,0,0,0,0,0,0,0,0,0,0,0,0,0,0,0,0,0
28395059,ADATA DDR5-5600 CL46 패키지,ADATA 패키지,DDR5,5600,CL46,32GB(16GX2),32,113480,113400,113320,113200,112700,112700,113120,113050,112960,112940,113450,113450,113450,113450,113450,0,0,113260,113240,113140,113120,113020,113000,112960,112930,112880,112850,112820,112800,112700,112590
28395059,ADATA DDR5-5600 CL46 패키지,ADATA 패키지,DDR5,5600,CL46,64GB(32GX2),64,237830,237830,237830,237830,236300,236300,237830,237830,237830,237830,237830,237830,237830,237830,237830,0,0,237830,237830,237830,237830,228100,237830,237830,237830,237830,237830,237830,237830,237830,237830
29822126,ADATA DDR5-5600 CL46-45-45,ADATA -45-45,DDR5,5600,CL46,16GB,16,64990,64970,64970,64970,64700,64700,0,0,0,0,0,0,0,0,0,0,0,0,0,0,0,0,0,0,0,0,0,0,0,0,0
29822126,ADATA DDR5-5600 CL46-45-45,ADATA -45-45,DDR5,5600,CL46,32GB,32,119490,119460,119450,119450,118400,118400,0,0,0,0,0,0,0,0,0,0,0,0,0,0,0,0,0,0,0,0,0,0,0,0,0
29822102,ADATA DDR5-5600 CL46-45-45,ADATA -45-45,DDR5,5600,CL46,16GB,16,0,0,0,0,0,0,64970,64970,64990,64990,65000,65000,65000,65000,65000,64990,64990,64990,64990,65000,64990,64990,64990,64200,64140,64100,64070,64030,63960,64980,64970
29822102,ADATA DDR5-5600 CL46-45-45,ADATA -45-45,DDR5,5600,CL46,32GB,32,0,0,0,0,0,0,119450,119450,119490,119480,119440,119500,119500,119500,119500,119490,119490,119490,119490,119500,119490,119490,119490,119470,119380,119270,119170,119140,119030,118930,118820
21593129,ADATA XPG DDR4-3200 CL16 GAMMIX D35 블랙 패키지,ADATA XPG GAMMIX D35 블랙 패키지,DDR4,3200,CL16,32GB(16GX2),32,96820,96820,96820,96820,96820,96820,87550,87550,0,0,0,0,0,0,0,0,0,0,0,0,0,0,0,0,0,0,0,0,0,0,0
21593129,ADATA XPG DDR4-3200 CL16 GAMMIX D35 블랙 패키지,ADATA XPG GAMMIX D35 블랙 패키지,DDR4,3200,CL16,16GB(8GX2),16,55670,55670,55670,55670,55670,55200,55180,55180,0,0,0,0,0,0,0,0,0,0,0,0,0,0,0,0,0,0,0,0,0,0,0
21593018,ADATA XPG DDR4-3200 CL16 GAMMIX D35 블랙 패키지,ADATA XPG GAMMIX D35 블랙 패키지,DDR4,3200,CL16,32GB(16GX2),32,0,0,0,0,0,0,0,0,96820,96820,92700,92700,92700,96820,96820,0,0,96820,95000,96820,96820,96820,96820,96820,96820,96820,92700,92700,96820,96820,96820
21593018,ADATA XPG DDR4-3200 CL16 GAMMIX D35 블랙 패키지,ADATA XPG GAMMIX D35 블랙 패키지,DDR4,3200,CL16,16GB(8GX2),16,0,0,0,0,0,0,0,0,55180,55180,55800,55800,55800,58280,55800,0,0,57040,57040,58280,58280,58280,58280,58280,58280,58280,55800,55800,58280,58280,58280
21593303,ADATA XPG DDR4-3200 CL16 GAMMIX D35 화이트 패키지,ADATA XPG GAMMIX D35 화이트 패키지,DDR4,3200,CL16,32GB(16GX2),32,96820,96820,96820,96820,96820,96820,87550,87550,96820,96820,96820,92700,92700,96820,92700,0,0,95000,95000,96820,96820,96820,96820,96820,96820,96820,92700,96820,96820,96820,96820
21593303,ADATA XPG DDR4-3200 CL16 GAMMIX D35 화이트 패키지,ADATA XPG GAMMIX D35 화이트 패키지,DDR4,3200,CL16,16GB(8GX2),16,58280,58280,58280,58280,58280,58280,52700,58280,58280,58280,55800,55800,55800,58280,55800,0,0,57040,57040,58280,58280,58280,58280,58280,58280,58280,55800,55800,58280,58280,58280
20754032,ADATA XPG DDR4-3200 CL16 SPECTRIX D35G RGB 블랙 패키지,ADATA XPG SPECTRIX D35G RGB 블랙 패키지,DDR4,3200,CL16,32GB(16GX2),32,114000,114000,114000,114000,114000,114000,114000,114000,114000,114000,114000,114000,114000,114000,114000,0,0,0,0,0,0,0,0,0,0,0,0,0,0,0,0
20754032,ADATA XPG DDR4-3200 CL16 SPECTRIX D35G RGB 블랙 패키지,ADATA XPG SPECTRIX D35G RGB 블랙 패키지,DDR4,3200,CL16,16GB(8GX2),16,62500,62500,62500,62500,62500,62500,62500,62500,62500,62500,62500,62500,62500,62500,62500,0,0,0,0,0,0,0,0,0,0,0,0,0,0,0,0
20754014,ADATA XPG DDR4-3200 CL16 SPECTRIX D35G RGB 블랙 패키지,ADATA XPG SPECTRIX D35G RGB 블랙 패키지,DDR4,3200,CL16,32GB(16GX2),32,0,0,0,0,0,0,0,0,0,0,0,0,0,0,0,0,0,0,0,0,0,0,0,114000,114000,114000,0,0,0,0,0
20754014,ADATA XPG DDR4-3200 CL16 SPECTRIX D35G RGB 블랙 패키지,ADATA XPG SPECTRIX D35G RGB 블랙 패키지,DDR4,3200,CL16,16GB(8GX2),16,0,0,0,0,0,0,0,0,0,0,0,0,0,0,0,0,0,0,0,0,0,0,0,62500,62500,62500,0,0,0,0,0
20754074,ADATA XPG DDR4-3200 CL16 SPECTRIX D35G RGB 화이트 패키지,ADATA XPG SPECTRIX D35G RGB 화이트 패키지,DDR4,3200,CL16,32GB(16GX2),32,101650,101570,101480,101770,101770,100685,100680,100680,100680,101900,101900,101900,101900,101900,101900,0,0,0,0,0,101890,0,0,0,0,0,0,0,0,0,0
20754074,ADATA XPG DDR4-3200 CL16 SPECTRIX D35G RGB 화이트 패키지,ADATA XPG SPECTRIX D35G RGB 화이트 패키지,DDR4,3200,CL16,16GB(8GX2),16,57170,57070,57010,56990,56870,56570,56560,56560,56580,56870,57180,57180,57180,57180,57180,0,0,0,0,0,55990,0,0,0,0,0,0,0,0,0,0
20754092,ADATA XPG DDR4-3200 CL16 SPECTRIX D35G RGB 화이트 패키지,ADATA XPG SPECTRIX D35G RGB 화이트 패키지,DDR4,3200,CL16,32GB(16GX2),32,0,0,0,0,0,0,0,0,0,0,0,0,0,0,0,0,0,101890,101890,101890,0,101890,101890,101900,101890,101880,101860,101830,101720,101620,101510
20754092,ADATA XPG DDR4-3200 CL16 SPECTRIX D35G RGB 화이트 패키지,ADATA XPG SPECTRIX D35G RGB 화이트 패키지,DDR4,3200,CL16,16GB(8GX2),16,0,0,0,0,0,0,0,0,0,0,0,0,0,0,0,0,0,57020,55930,55930,0,55970,55880,56920,56830,56720,56620,56600,56580,56480,56370
21592844,ADATA XPG DDR4-3600 CL18 GAMMIX D35 블랙 패키지,ADATA XPG GAMMIX D35 블랙 패키지,DDR4,3600,CL18,32GB(16GX2),32,117500,117500,117500,117500,117500,117500,117500,117500,117500,117500,117500,117500,117500,117500,117500,0,0,0,0,0,0,0,0,0,0,0,0,0,117500,117500,0
21592844,ADATA XPG DDR4-3600 CL18 GAMMIX D35 블랙 패키지,ADATA XPG GAMMIX D35 블랙 패키지,DDR4,3600,CL18,16GB(8GX2),16,58660,58660,58660,58660,58660,58660,53040,53040,58660,58660,56160,56160,56160,58660,56160,0,0,0,0,0,0,0,0,0,0,0,0,0,58660,58660,0
21592682,ADATA XPG DDR4-3600 CL18 GAMMIX D35 블랙 패키지,ADATA XPG GAMMIX D35 블랙 패키지,DDR4,3600,CL18,32GB(16GX2),32,0,0,0,0,0,0,0,0,0,0,0,0,0,0,0,0,0,117500,117500,117500,117500,117500,117500,117500,117500,117500,117500,117500,0,0,0
21592682,ADATA XPG DDR4-3600 CL18 GAMMIX D35 블랙 패키지,ADATA XPG GAMMIX D35 블랙 패키지,DDR4,3600,CL18,16GB(8GX2),16,0,0,0,0,0,0,0,0,0,0,0,0,0,0,0,0,0,57410,57410,58660,58660,58660,58660,58660,58660,58660,56160,56160,0,0,0
20754203,ADATA XPG DDR4-3600 CL18 SPECTRIX D35G RGB 화이트 패키지,ADATA XPG SPECTRIX D35G RGB 화이트 패키지,DDR4,3600,CL18,32GB(16GX2),32,113470,113450,113370,113270,112700,112700,113190,0,113490,113490,113500,113500,0,0,0,0,0,0,0,0,0,0,0,0,0,0,0,0,121910,121890,121780
20754203,ADATA XPG DDR4-3600 CL18 SPECTRIX D35G RGB 화이트 패키지,ADATA XPG SPECTRIX D35G RGB 화이트 패키지,DDR4,3600,CL18,16GB(8GX2),16,61770,61740,61760,61760,61590,61590,61800,0,64890,64850,65000,74000,0,0,0,0,0,0,0,0,0,0,0,0,0,0,0,0,73880,73810,73700
20754176,ADATA XPG DDR4-3600 CL18 SPECTRIX D35G RGB 화이트 패키지,ADATA XPG SPECTRIX D35G RGB 화이트 패키지,DDR4,3600,CL18,32GB(16GX2),32,0,0,0,0,0,0,0,113490,0,0,0,0,113500,113500,115560,115560,115560,115560,115560,115560,122440,115320,122230,122150,122130,122050,122030,122000,0,0,0
20754176,ADATA XPG DDR4-3600 CL18 SPECTRIX D35G RGB 화이트 패키지,ADATA XPG SPECTRIX D35G RGB 화이트 패키지,DDR4,3600,CL18,16GB(8GX2),16,0,0,0,0,0,0,0,61800,0,0,0,0,74000,74000,73600,73990,74000,74000,74000,74000,74000,74000,74000,74000,74000,74000,74000,73970,0,0,0
20102375,ADATA XPG DDR4-3600 CL18 SPECTRIX D45G RGB 화이트 패키지,ADATA XPG SPECTRIX D45G RGB 화이트 패키지,DDR4,3600,CL18,16GB(8GX2),16,0,0,0,0,0,0,0,0,0,74000,74000,74000,74000,74000,74000,0,0,0,0,0,0,0,112000,112000,112000,112000,112000,112000,0,0,0
20102375,ADATA XPG DDR4-3600 CL18 SPECTRIX D45G RGB 화이트 패키지,ADATA XPG SPECTRIX D45G RGB 화이트 패키지,DDR4,3600,CL18,32GB(16GX2),32,0,0,0,0,0,0,0,0,0,122500,122500,122500,122500,122500,122500,0,0,0,0,0,0,0,122500,122500,122500,122500,122500,122500,0,0,0
46365512,ADATA XPG DDR5-6000 CL30 LANCER BLADE RGB 블랙 패키지,ADATA XPG LANCER BLADE RGB 블랙 패키지,DDR5,6000,CL30,64GB(32GX2),64,328470,328390,328370,328280,325500,325500,328210,328150,0,0,0,0,0,0,0,0,0,328280,328190,328170,0,0,0,0,0,0,0,0,0,0,0
46365512,ADATA XPG DDR5-6000 CL30 LANCER BLADE RGB 블랙 패키지,ADATA XPG LANCER BLADE RGB 블랙 패키지,DDR5,6000,CL30,32GB(16GX2),32,172980,172900,172800,172780,171600,171600,172700,172630,0,0,0,0,0,0,0,0,0,172770,172680,172660,0,0,0,0,0,0,0,0,0,0,0
27785552,ADATA XPG DDR5-6000 CL30 LANCER BLADE RGB 블랙 패키지,ADATA XPG LANCER BLADE RGB 블랙 패키지,DDR5,6000,CL30,64GB(32GX2),64,0,0,0,0,0,0,0,0,328130,328010,328480,328480,328480,328480,328480,328470,328380,0,0,0,328070,327980,327870,327790,327780,327760,327650,327620,327510,328390,328280
27785552,ADATA XPG DDR5-6000 CL30 LANCER BLADE RGB 블랙 패키지,ADATA XPG LANCER BLADE RGB 블랙 패키지,DDR5,6000,CL30,32GB(16GX2),32,0,0,0,0,0,0,0,0,172540,172520,172990,172990,172990,172990,172990,172980,172880,0,0,0,172560,172470,172360,172280,172060,172050,172030,172010,171900,172030,171920
46390997,ADATA XPG DDR5-6000 CL30 LANCER BLADE RGB 화이트 패키지,ADATA XPG LANCER BLADE RGB 화이트 패키지,DDR5,6000,CL30,64GB(32GX2),64,328480,328400,328310,328200,325500,325500,328120,328040,327940,327820,0,328490,328490,328490,0,0,0,0,0,0,328410,328490,328490,328450,328440,328430,328410,328390,328370,328270,328490
46390997,ADATA XPG DDR5-6000 CL30 LANCER BLADE RGB 화이트 패키지,ADATA XPG LANCER BLADE RGB 화이트 패키지,DDR5,6000,CL30,32GB(16GX2),32,172980,172900,172810,172700,171600,171600,172620,172540,172440,172340,0,172990,172990,172990,0,0,0,0,0,0,172660,172570,172460,172380,172370,170910,170810,170780,170680,170660,170650
27785618,ADATA XPG DDR5-6000 CL30 LANCER BLADE RGB 화이트 패키지,ADATA XPG LANCER BLADE RGB 화이트 패키지,DDR5,6000,CL30,64GB(32GX2),64,0,0,0,0,0,0,0,0,0,0,328490,0,0,0,328490,328480,328390,328300,328280,328490,0,0,0,0,0,0,0,0,0,0,0
27785618,ADATA XPG DDR5-6000 CL30 LANCER BLADE RGB 화이트 패키지,ADATA XPG LANCER BLADE RGB 화이트 패키지,DDR5,6000,CL30,32GB(16GX2),32,0,0,0,0,0,0,0,0,0,0,172990,0,0,0,172990,172980,172900,172880,172760,172680,0,0,0,0,0,0,0,0,0,0,0
19235489,ADATA XPG DDR5-6000 CL30 LANCER RGB 블랙 패키지,ADATA XPG LANCER RGB 블랙 패키지,DDR5,6000,CL30,64GB(32GX2),64,335570,0,335580,0,0,0,0,0,335580,335580,335580,335580,335580,335580,335580,335570,0,0,0,0,0,335570,335570,335570,334970,334960,334940,334910,334830,334810,334800
19235489,ADATA XPG DDR5-6000 CL30 LANCER RGB 블랙 패키지,ADATA XPG LANCER RGB 블랙 패키지,DDR5,6000,CL30,32GB(16GX2),32,172900,0,172900,0,0,0,0,0,173000,173000,172900,172900,173000,173000,172900,173000,0,0,0,0,0,173000,173000,173000,173000,173000,173000,172990,172990,172990,172990
19235519,ADATA XPG DDR5-6000 CL30 LANCER RGB 블랙 패키지,ADATA XPG LANCER RGB 블랙 패키지,DDR5,6000,CL30,64GB(32GX2),64,0,335570,0,335580,335400,335400,335580,335580,0,0,0,0,0,0,0,0,335570,335570,335570,335580,335570,0,0,0,0,0,0,0,0,0,0
19235519,ADATA XPG DDR5-6000 CL30 LANCER RGB 블랙 패키지,ADATA XPG LANCER RGB 블랙 패키지,DDR5,6000,CL30,32GB(16GX2),32,0,172900,0,172990,172990,172990,173000,173000,0,0,0,0,0,0,0,0,173000,173000,173000,173000,173000,0,0,0,0,0,0,0,0,0,0
19235594,ADATA XPG DDR5-6000 CL30 LANCER RGB 화이트 패키지,ADATA XPG LANCER RGB 화이트 패키지,DDR5,6000,CL30,64GB(32GX2),64,335570,335570,335580,335580,335400,335400,335580,335580,338000,338000,338000,338000,338000,338000,336500,338000,338000,0,0,0,0,0,0,0,0,0,0,0,338000,338000,338000
19235594,ADATA XPG DDR5-6000 CL30 LANCER RGB 화이트 패키지,ADATA XPG LANCER RGB 화이트 패키지,DDR5,6000,CL30,32GB(16GX2),32,179000,179000,179000,179000,177400,177400,179000,179000,179000,179000,179000,179000,179000,179000,179000,178990,178990,0,0,0,0,0,0,0,0,0,0,0,178200,178180,178170
19235582,ADATA XPG DDR5-6000 CL30 LANCER RGB 화이트 패키지,ADATA XPG LANCER RGB 화이트 패키지,DDR5,6000,CL30,64GB(32GX2),64,0,0,0,0,0,0,0,0,0,0,0,0,0,0,0,0,0,338000,338000,338000,338000,338000,338000,338000,338000,338000,338000,337180,0,0,0
19235582,ADATA XPG DDR5-6000 CL30 LANCER RGB 화이트 패키지,ADATA XPG LANCER RGB 화이트 패키지,DDR5,6000,CL30,32GB(16GX2),32,0,0,0,0,0,0,0,0,0,0,0,0,0,0,0,0,0,178990,178990,179000,178990,178990,178990,178970,178960,178950,178930,178280,0,0,0
11196249,ADATA 노트북 DDR4-3200 CL22,ADATA 노트북,DDR4,3200,CL22,16GB,16,39500,39500,39500,39500,39500,39500,39500,39500,39500,39500,39500,39500,39500,39500,39500,39500,0,39500,39500,39500,39500,39500,39500,39500,39500,39500,39500,39500,39500,39500,39500
11196249,ADATA 노트북 DDR4-3200 CL22,ADATA 노트북,DDR4,3200,CL22,8GB,8,40000,40000,40000,40000,40000,40000,40000,40000,40000,40000,40000,40000,40000,40000,40000,40000,0,40000,40000,40000,40000,40000,40000,40000,40000,40000,40000,40000,40000,40000,40000
14218607,ANACOMDA DDR4-3200 CL16 ET RGB White 패키지,ANACOMDA ET RGB White 패키지,DDR4,3200,CL16,32GB(16GX2),32,129000,129000,129000,129000,129000,129000,129000,129000,129000,129000,129000,129000,129000,129000,129000,0,0,129000,129000,129000,129000,129000,129000,129000,129000,129000,129000,129000,129000,129000,129000
14218607,ANACOMDA DDR4-3200 CL16 ET RGB White 패키지,ANACOMDA ET RGB White 패키지,DDR4,3200,CL16,16GB(8GX2),16,57660,57660,57660,57660,57660,57660,57660,57660,57660,57660,57660,57660,57660,57660,57660,0,0,57660,57660,57660,57660,57660,58350,96810,96810,96810,96810,96810,96810,96810,96810
4017369,CORSAIR DDR4-2666 CL15 Dominator Platinum 패키지,CORSAIR Dominator Platinum 패키지,DDR4,2666,CL15,64GB(16GX4),64,928340,928340,928340,919100,919100,900720,900720,899640,899640,899640,899640,899640,899640,899640,899640,0,0,403970,403970,403970,403720,403720,403720,403720,403720,403720,1633260,1633710,1633710,1633710,1633710
4017369,CORSAIR DDR4-2666 CL15 Dominator Platinum 패키지,CORSAIR Dominator Platinum 패키지,DDR4,2666,CL15,32GB(8GX4),32,399800,399800,399800,399800,399800,399800,399800,399800,399800,399800,399800,399800,399800,399800,399800,0,0,399800,399800,399800,399800,399800,399800,399800,399800,399800,399800,399800,399800,399800,399800
17708504,CORSAIR DDR4-2666 CL16 VENGEANCE LPX BLACK,CORSAIR VENGEANCE LPX BLACK,DDR4,2666,CL16,16GB,16,98770,98770,98770,98770,98770,98770,98770,98770,98770,98770,98770,98770,98770,98770,98770,0,0,98770,98770,98770,98770,98770,98770,98770,98770,98770,98770,98770,98770,98770,98770
17708504,CORSAIR DDR4-2666 CL16 VENGEANCE LPX BLACK,CORSAIR VENGEANCE LPX BLACK,DDR4,2666,CL16,8GB,8,42680,42680,42680,42680,42680,42680,42680,42680,42680,42680,42680,42680,42680,42680,42680,0,0,42680,42680,42680,42680,42680,42680,42680,42680,42680,42680,42680,42680,42680,42680
5137261,CORSAIR DDR4-2666 CL16 VENGEANCE RGB 패키지,CORSAIR VENGEANCE RGB 패키지,DDR4,2666,CL16,32GB(16GX2),32,577690,577690,577690,577690,577690,577690,577690,577690,577690,577690,577670,577580,577480,577380,577300,0,0,577700,577700,577700,577700,577700,577700,577700,577700,577700,577700,577700,577700,577700,577700
5137261,CORSAIR DDR4-2666 CL16 VENGEANCE RGB 패키지,CORSAIR VENGEANCE RGB 패키지,DDR4,2666,CL16,32GB(8GX4),32,340130,340130,340130,340130,340130,340130,340130,340130,340130,340130,340120,340120,340120,340130,340130,0,0,340130,340130,340130,340130,340130,340120,340130,340130,340130,340130,340120,340130,340130,340130
7331836,CORSAIR DDR4-3000 CL15 Dominator Platinum RGB 패키지,CORSAIR Dominator Platinum RGB 패키지,DDR4,3000,CL15,32GB(8GX4),32,370170,375850,375840,375840,0,0,0,0,0,0,0,0,375840,0,375840,0,0,375850,375850,375850,375850,375850,375850,375850,0,375850,0,375850,375850,375850,0
7331836,CORSAIR DDR4-3000 CL15 Dominator Platinum RGB 패키지,CORSAIR Dominator Platinum RGB 패키지,DDR4,3000,CL15,16GB(8GX2),16,187400,187400,187390,187390,0,0,0,0,0,0,0,0,187390,0,187390,0,0,187400,187400,187400,187400,187400,187400,187400,0,187400,0,187400,187400,187400,0
7308643,CORSAIR DDR4-3000 CL15 Dominator Platinum RGB 패키지,CORSAIR Dominator Platinum RGB 패키지,DDR4,3000,CL15,32GB(8GX4),32,0,0,0,0,375840,375840,375840,375840,375840,375840,375840,375840,0,375840,0,0,0,0,0,0,0,0,0,0,375850,0,375850,0,0,0,375850
7308643,CORSAIR DDR4-3000 CL15 Dominator Platinum RGB 패키지,CORSAIR Dominator Platinum RGB 패키지,DDR4,3000,CL15,16GB(8GX2),16,0,0,0,0,187390,187390,187390,178850,187390,187390,187390,187390,0,187390,0,0,0,0,0,0,0,0,0,0,187400,0,187400,0,0,0,187400
5041720,CORSAIR DDR4-3000 CL15 VENGEANCE RGB 패키지,CORSAIR VENGEANCE RGB 패키지,DDR4,3000,CL15,32GB(16GX2),32,634000,639870,639820,639790,639680,639580,639480,639440,639400,639290,639200,639180,639080,638980,638880,638780,0,638600,638480,638400,638380,638300,638220,638160,638120,638040,637940,637920,637900,637800,637690
5041720,CORSAIR DDR4-3000 CL15 VENGEANCE RGB 패키지,CORSAIR VENGEANCE RGB 패키지,DDR4,3000,CL15,16GB(8GX2),16,315450,315450,315450,315450,315450,315430,315320,315280,315240,315140,315120,315020,314920,314890,314820,314790,0,314620,314500,316260,316210,316190,316140,316090,316080,316070,316050,316020,315910,315810,315700
7332097,CORSAIR DDR4-3200 CL16 Dominator Platinum RGB AMD 패키지,CORSAIR Dominator Platinum RGB AMD 패키지,DDR4,3200,CL16,32GB(8GX4),32,414220,414950,414950,414950,410100,410100,410100,410100,410100,0,0,0,0,0,0,0,0,0,0,412120,412020,411910,411810,411730,411720,411710,0,411660,411570,411470,411360
7332097,CORSAIR DDR4-3200 CL16 Dominator Platinum RGB AMD 패키지,CORSAIR Dominator Platinum RGB AMD 패키지,DDR4,3200,CL16,16GB(8GX2),16,197280,197210,197150,197150,197120,197040,196980,196370,196380,0,0,0,0,0,0,0,0,0,0,197100,197000,196930,196820,196780,196710,196620,0,196550,196470,196450,196430
7331068,CORSAIR DDR4-3200 CL16 Dominator Platinum RGB AMD 패키지,CORSAIR Dominator Platinum RGB AMD 패키지,DDR4,3200,CL16,32GB(8GX4),32,0,0,0,0,0,0,0,0,0,410100,410100,410100,410100,410100,410100,0,0,414950,412210,0,0,0,0,0,0,0,411690,0,0,0,0
7331068,CORSAIR DDR4-3200 CL16 Dominator Platinum RGB AMD 패키지,CORSAIR Dominator Platinum RGB AMD 패키지,DDR4,3200,CL16,16GB(8GX2),16,0,0,0,0,0,0,0,0,0,196400,197150,197150,197150,197150,197150,0,0,197220,197120,0,0,0,0,0,0,0,196600,0,0,0,0
11518640,CORSAIR DDR4-3200 CL16 Dominator Platinum RGB WHITE INTEL 패키지,CORSAIR Dominator Platinum RGB WHITE INTEL 패키지,DDR4,3200,CL16,32GB(8GX4),32,410800,410800,410800,410800,410100,410100,410100,410100,410100,410100,410100,410100,410100,410100,410100,0,0,410800,410800,410800,410800,410800,410800,410800,410800,410800,410800,410800,410800,410800,410800
11518640,CORSAIR DDR4-3200 CL16 Dominator Platinum RGB WHITE INTEL 패키지,CORSAIR Dominator Platinum RGB WHITE INTEL 패키지,DDR4,3200,CL16,16GB(8GX2),16,205050,205050,205050,205050,205050,205050,205050,205050,205050,205050,205050,205050,205050,205050,205050,0,0,205050,205050,205050,205050,205050,205050,205050,205050,205050,205050,205050,205050,205050,205050
13245053,CORSAIR DDR4-3200 CL16 VENGEANCE RGB PRO SL BLACK AMD 패키지,CORSAIR VENGEANCE RGB PRO SL BLACK AMD 패키지,DDR4,3200,CL16,32GB(16GX2),32,205400,205400,205400,205400,205400,205400,205400,205400,205400,201350,201340,201280,201280,201180,201110,0,0,202360,202250,202170,202150,202060,201950,201870,201860,201840,201730,201710,201610,201530,201530
13245053,CORSAIR DDR4-3200 CL16 VENGEANCE RGB PRO SL BLACK AMD 패키지,CORSAIR VENGEANCE RGB PRO SL BLACK AMD 패키지,DDR4,3200,CL16,16GB(8GX2),16,123010,123010,123010,123010,123010,123010,123010,123010,123010,115370,123000,123000,123000,123000,123000,0,0,123010,123010,123010,123010,123010,123010,123010,123010,123010,123010,123010,123010,123010,123010
13245026,CORSAIR DDR4-3200 CL16 VENGEANCE RGB PRO SL BLACK 패키지,CORSAIR VENGEANCE RGB PRO SL BLACK 패키지,DDR4,3200,CL16,32GB(8GX4),32,354750,0,0,0,0,0,0,0,0,0,0,0,0,0,0,0,0,354750,354750,354750,354750,354750,354750,354750,354750,354750,354750,354750,354750,354750,354750
13245026,CORSAIR DDR4-3200 CL16 VENGEANCE RGB PRO SL BLACK 패키지,CORSAIR VENGEANCE RGB PRO SL BLACK 패키지,DDR4,3200,CL16,32GB(16GX2),32,206120,0,0,0,0,0,0,0,0,0,0,0,0,0,0,0,0,206120,206120,206120,206120,206120,206120,206120,206120,206120,206120,206120,206120,206120,206120
13245026,CORSAIR DDR4-3200 CL16 VENGEANCE RGB PRO SL BLACK 패키지,CORSAIR VENGEANCE RGB PRO SL BLACK 패키지,DDR4,3200,CL16,16GB(8GX2),16,118080,0,0,0,0,0,0,0,0,0,0,0,0,0,0,0,0,0,0,0,0,0,0,0,0,0,0,0,0,0,0
13244816,CORSAIR DDR4-3200 CL16 VENGEANCE RGB PRO SL BLACK 패키지,CORSAIR VENGEANCE RGB PRO SL BLACK 패키지,DDR4,3200,CL16,32GB(8GX4),32,0,354750,354750,354750,354750,354750,354750,354750,354750,354750,354750,354750,354750,354750,354750,0,0,0,0,0,0,0,0,0,0,0,0,0,0,0,0
13244816,CORSAIR DDR4-3200 CL16 VENGEANCE RGB PRO SL BLACK 패키지,CORSAIR VENGEANCE RGB PRO SL BLACK 패키지,DDR4,3200,CL16,32GB(16GX2),32,0,206120,206120,206120,206120,206120,206120,206120,206120,206120,206120,206120,206120,206120,206120,0,0,0,0,0,0,0,0,0,0,0,0,0,0,0,0
13244816,CORSAIR DDR4-3200 CL16 VENGEANCE RGB PRO SL BLACK 패키지,CORSAIR VENGEANCE RGB PRO SL BLACK 패키지,DDR4,3200,CL16,16GB(8GX2),16,0,118080,118080,118080,118080,118080,118080,118080,118080,118080,118080,118080,118080,118080,118080,0,0,0,0,0,0,0,0,0,0,0,0,0,0,0,0
13245047,CORSAIR DDR4-3200 CL16 VENGEANCE RGB PRO SL WHITE 패키지,CORSAIR VENGEANCE RGB PRO SL WHITE 패키지,DDR4,3200,CL16,32GB(8GX4),32,0,0,0,0,0,0,0,0,0,225480,225480,225480,225480,225480,225480,0,0,225480,225480,225480,225480,225480,223010,223010,223010,223010,223010,223010,223010,223010,223010
13245047,CORSAIR DDR4-3200 CL16 VENGEANCE RGB PRO SL WHITE 패키지,CORSAIR VENGEANCE RGB PRO SL WHITE 패키지,DDR4,3200,CL16,32GB(16GX2),32,0,0,0,0,0,0,0,0,0,206120,206120,206120,206120,206120,206120,0,0,206120,206120,206120,206120,206120,206120,206120,206120,206120,206120,206120,206120,206120,206120
16864430,CORSAIR DDR4-3600 CL16 VENGEANCE LPX BLACK 패키지,CORSAIR VENGEANCE LPX BLACK 패키지,DDR4,3600,CL16,32GB(16GX2),32,143800,143800,143800,143800,143800,143800,143800,143800,143800,143800,143800,143800,143800,143800,135060,0,0,142970,142870,142990,142990,142920,142870,142820,142810,142800,142780,140700,140620,140600,140580
16864430,CORSAIR DDR4-3600 CL16 VENGEANCE LPX BLACK 패키지,CORSAIR VENGEANCE LPX BLACK 패키지,DDR4,3600,CL16,16GB(8GX2),16,84800,84800,84800,84800,84800,84800,84800,84800,84800,82990,82990,82990,82990,82990,82990,0,0,82990,82990,82990,82990,82990,82990,77150,82410,82410,82410,82410,82410,77320,78590
11519006,CORSAIR DDR4-3600 CL18 Dominator Platinum RGB WHITE 패키지,CORSAIR Dominator Platinum RGB WHITE 패키지,DDR4,3600,CL18,32GB(8GX4),32,462230,462230,462230,462230,462000,462000,462000,462000,462000,462000,0,0,0,0,0,0,0,462240,462240,462240,462240,462240,462240,462240,462240,462240,462240,462240,462240,462240,0
11519006,CORSAIR DDR4-3600 CL18 Dominator Platinum RGB WHITE 패키지,CORSAIR Dominator Platinum RGB WHITE 패키지,DDR4,3600,CL18,16GB(8GX2),16,199000,199000,199000,199000,199000,199000,199000,199000,199000,199000,0,0,0,0,0,0,0,199000,199000,199000,199000,199000,199000,199000,199000,199000,199000,199000,199000,199000,0
11518127,CORSAIR DDR4-3600 CL18 Dominator Platinum RGB WHITE 패키지,CORSAIR Dominator Platinum RGB WHITE 패키지,DDR4,3600,CL18,32GB(8GX4),32,0,0,0,0,0,0,0,0,0,0,462000,462000,462000,462000,462000,0,0,0,0,0,0,0,0,0,0,0,0,0,0,0,462240
11518127,CORSAIR DDR4-3600 CL18 Dominator Platinum RGB WHITE 패키지,CORSAIR Dominator Platinum RGB WHITE 패키지,DDR4,3600,CL18,16GB(8GX2),16,0,0,0,0,0,0,0,0,0,0,199000,199000,199000,199000,199000,0,0,0,0,0,0,0,0,0,0,0,0,0,0,0,199000
7331332,CORSAIR DDR4-3600 CL18 Dominator Platinum RGB 패키지,CORSAIR Dominator Platinum RGB 패키지,DDR4,3600,CL18,64GB(16GX4),64,1499800,1499800,1499800,1499800,1499800,0,0,0,0,0,0,0,1499800,1499800,1499800,0,0,1499800,1499800,1499800,1499800,1499800,0,0,0,0,0,0,0,0,0
7331332,CORSAIR DDR4-3600 CL18 Dominator Platinum RGB 패키지,CORSAIR Dominator Platinum RGB 패키지,DDR4,3600,CL18,16GB(8GX2),16,238330,238330,238330,238330,238330,0,0,0,0,0,0,0,238330,238330,238330,0,0,238330,238330,238330,238330,238330,0,0,0,0,0,0,0,0,0
7332907,CORSAIR DDR4-3600 CL18 Dominator Platinum RGB 패키지,CORSAIR Dominator Platinum RGB 패키지,DDR4,3600,CL18,64GB(16GX4),64,0,0,0,0,0,1499800,1499800,1499800,1499800,1499800,1499800,1499800,0,0,0,0,0,0,0,0,0,0,1499800,1499800,1499800,1499800,1499800,1499800,1499800,1499800,1499800
7332907,CORSAIR DDR4-3600 CL18 Dominator Platinum RGB 패키지,CORSAIR Dominator Platinum RGB 패키지,DDR4,3600,CL18,16GB(8GX2),16,0,0,0,0,0,238330,238330,238330,238330,238330,238330,238330,0,0,0,0,0,0,0,0,0,0,238320,238320,238320,238320,238320,238320,238320,238330,238330
12617069,CORSAIR DDR4-3600 CL18 VENGEANCE LPX BLACK 패키지,CORSAIR VENGEANCE LPX BLACK 패키지,DDR4,3600,CL18,32GB(16GX2),32,127160,127160,127160,127160,127160,127150,127150,0,0,0,0,0,0,0,0,0,0,0,0,0,0,0,0,0,0,134270,134270,134270,134270,134270,134270
12617069,CORSAIR DDR4-3600 CL18 VENGEANCE LPX BLACK 패키지,CORSAIR VENGEANCE LPX BLACK 패키지,DDR4,3600,CL18,16GB(8GX2),16,70810,70730,70670,70650,70530,70340,70230,0,0,0,0,0,0,0,0,0,0,0,0,0,0,0,0,0,0,71400,71400,71400,71400,71400,71400
13406237,CORSAIR DDR4-3600 CL18 VENGEANCE LPX BLACK 패키지,CORSAIR VENGEANCE LPX BLACK 패키지,DDR4,3600,CL18,32GB(16GX2),32,0,0,0,0,0,0,0,135000,135000,135000,135000,135000,135000,135000,122850,127160,127160,130710,130710,130710,130710,130710,130710,130710,134270,0,0,0,0,0,0
13406237,CORSAIR DDR4-3600 CL18 VENGEANCE LPX BLACK 패키지,CORSAIR VENGEANCE LPX BLACK 패키지,DDR4,3600,CL18,16GB(8GX2),16,0,0,0,0,0,0,0,70160,70050,69960,69860,69790,69790,69700,69700,70670,70670,70640,70520,70440,70420,70330,70220,70180,70180,0,0,0,0,0,0
6259527,CORSAIR DDR4-3600 CL18 VENGEANCE PRO RGB BLACK 패키지,CORSAIR VENGEANCE PRO RGB BLACK 패키지,DDR4,3600,CL18,64GB(8GX8),64,1046190,1080280,1080280,1080280,1080280,1080280,1080280,1080280,1080280,1080280,1080250,1080190,1080100,1080080,1080020,0,0,1079750,1079660,1079560,1079540,1079470,1072080,1072080,1072080,1072080,1072080,1072080,1072080,1072080,1072080
6259527,CORSAIR DDR4-3600 CL18 VENGEANCE PRO RGB BLACK 패키지,CORSAIR VENGEANCE PRO RGB BLACK 패키지,DDR4,3600,CL18,32GB(8GX4),32,717580,717580,717580,717580,717580,717580,717580,717580,717580,717580,717580,717580,717580,717580,717580,0,0,717580,717580,717580,717580,717580,717580,717580,717580,717580,717580,717580,717580,717580,717580
6476150,CORSAIR DDR4-3600 CL18 VENGEANCE PRO RGB WHITE 패키지,CORSAIR VENGEANCE PRO RGB WHITE 패키지,DDR4,3600,CL18,64GB(16GX4),64,717570,717570,717570,717570,717570,717570,717570,717570,717570,717570,717570,717570,717570,717570,717570,0,0,0,0,0,0,0,0,0,0,0,716860,716840,716820,716720,716610
6476150,CORSAIR DDR4-3600 CL18 VENGEANCE PRO RGB WHITE 패키지,CORSAIR VENGEANCE PRO RGB WHITE 패키지,DDR4,3600,CL18,32GB(8GX4),32,301030,301030,301030,301030,290700,290700,290700,290700,290700,290700,290700,290700,290700,290700,290700,0,0,0,0,0,0,0,0,0,0,0,301030,301030,301030,301030,301030
6259424,CORSAIR DDR4-3600 CL18 VENGEANCE PRO RGB WHITE 패키지,CORSAIR VENGEANCE PRO RGB WHITE 패키지,DDR4,3600,CL18,64GB(16GX4),64,0,0,0,0,0,0,0,0,0,0,0,0,0,0,0,0,0,717370,717280,717180,717160,717080,716980,716900,716890,716880,0,0,0,0,0
6259424,CORSAIR DDR4-3600 CL18 VENGEANCE PRO RGB WHITE 패키지,CORSAIR VENGEANCE PRO RGB WHITE 패키지,DDR4,3600,CL18,32GB(8GX4),32,0,0,0,0,0,0,0,0,0,0,0,0,0,0,0,0,0,301030,301030,301030,301030,301030,301030,301030,301030,301030,0,0,0,0,0
13244726,CORSAIR DDR4-3600 CL18 VENGEANCE RGB PRO SL BLACK AMD 패키지,CORSAIR VENGEANCE RGB PRO SL BLACK AMD 패키지,DDR4,3600,CL18,32GB(16GX2),32,227000,227000,227000,227000,227000,227000,227000,227000,227000,212890,212880,212810,212800,212790,212770,214050,0,213960,213850,213770,213750,213660,213550,213470,213460,213450,213430,213410,213390,213290,213180
13244726,CORSAIR DDR4-3600 CL18 VENGEANCE RGB PRO SL BLACK AMD 패키지,CORSAIR VENGEANCE RGB PRO SL BLACK AMD 패키지,DDR4,3600,CL18,16GB(8GX2),16,119930,119930,119930,119930,119930,119930,119930,119930,119930,119930,119930,120590,120590,122590,122590,122580,0,122380,122260,122170,122080,122060,121970,121930,121880,121860,121770,121720,121700,121600,121490
13244459,CORSAIR DDR4-3600 CL18 VENGEANCE RGB PRO SL BLACK 패키지,CORSAIR VENGEANCE RGB PRO SL BLACK 패키지,DDR4,3600,CL18,64GB(16GX4),64,438540,438540,438540,438540,425600,425600,425600,425600,425600,425600,425600,425600,425600,425600,425600,425600,425600,438540,438540,438540,438540,438540,438540,438540,438540,438540,438540,438540,438540,438540,438540
13244459,CORSAIR DDR4-3600 CL18 VENGEANCE RGB PRO SL BLACK 패키지,CORSAIR VENGEANCE RGB PRO SL BLACK 패키지,DDR4,3600,CL18,32GB(8GX4),32,250440,250440,250440,250440,250200,250200,250200,250200,250200,250200,250200,250200,250200,250200,250200,250200,250200,250440,250440,250440,250440,250440,250440,250440,250440,250440,250440,250440,250440,250440,250440
13244459,CORSAIR DDR4-3600 CL18 VENGEANCE RGB PRO SL BLACK 패키지,CORSAIR VENGEANCE RGB PRO SL BLACK 패키지,DDR4,3600,CL18,16GB(8GX2),16,112890,112890,112890,112890,111100,111100,111100,111100,111100,111100,111100,111100,111100,111100,111100,111100,111100,112880,112880,112880,112880,112880,112880,112880,112880,112880,112880,112880,112880,112880,112880
14243645,CORSAIR DDR4-3600 CL18 VENGEANCE RGB PRO SL WHITE 패키지,CORSAIR VENGEANCE RGB PRO SL WHITE 패키지,DDR4,3600,CL18,64GB(16GX4),64,427040,427020,426960,426940,425600,425600,425600,425600,425600,425600,425600,425600,425600,425600,425600,425600,0,0,0,439930,0,439930,439930,439930,439930,439930,439930,439930,439930,439930,439930
14243645,CORSAIR DDR4-3600 CL18 VENGEANCE RGB PRO SL WHITE 패키지,CORSAIR VENGEANCE RGB PRO SL WHITE 패키지,DDR4,3600,CL18,32GB(8GX4),32,258720,258720,258720,258720,258720,258720,258720,258720,258720,252750,252740,252680,252680,252580,252510,254130,0,0,0,253850,0,253740,253630,253550,253540,253530,253410,253390,253370,253270,253160
14243645,CORSAIR DDR4-3600 CL18 VENGEANCE RGB PRO SL WHITE 패키지,CORSAIR VENGEANCE RGB PRO SL WHITE 패키지,DDR4,3600,CL18,16GB(8GX2),16,109250,109250,109250,109250,109250,109250,109250,109250,109250,109250,109250,109250,109250,109250,109250,109250,0,0,0,109250,0,109250,109250,109250,109250,109250,109250,109250,109250,109250,109250
14243645,CORSAIR DDR4-3600 CL18 VENGEANCE RGB PRO SL WHITE 패키지,CORSAIR VENGEANCE RGB PRO SL WHITE 패키지,DDR4,3600,CL18,32GB(16GX2),32,0,0,0,0,0,0,0,0,0,231000,231000,231000,231000,231000,231000,231000,0,0,0,231000,0,231000,231000,231000,231000,231000,231000,231000,231000,231000,231000
13245239,CORSAIR DDR4-3600 CL18 VENGEANCE RGB PRO SL WHITE 패키지,CORSAIR VENGEANCE RGB PRO SL WHITE 패키지,DDR4,3600,CL18,64GB(16GX4),64,0,0,0,0,0,0,0,0,0,0,0,0,0,0,0,0,0,439930,439930,0,439930,0,0,0,0,0,0,0,0,0,0
13245239,CORSAIR DDR4-3600 CL18 VENGEANCE RGB PRO SL WHITE 패키지,CORSAIR VENGEANCE RGB PRO SL WHITE 패키지,DDR4,3600,CL18,32GB(8GX4),32,0,0,0,0,0,0,0,0,0,0,0,0,0,0,0,0,0,254040,253930,0,253830,0,0,0,0,0,0,0,0,0,0
13245239,CORSAIR DDR4-3600 CL18 VENGEANCE RGB PRO SL WHITE 패키지,CORSAIR VENGEANCE RGB PRO SL WHITE 패키지,DDR4,3600,CL18,32GB(16GX2),32,0,0,0,0,0,0,0,0,0,0,0,0,0,0,0,0,0,231000,231000,0,231000,0,0,0,0,0,0,0,0,0,0
13245239,CORSAIR DDR4-3600 CL18 VENGEANCE RGB PRO SL WHITE 패키지,CORSAIR VENGEANCE RGB PRO SL WHITE 패키지,DDR4,3600,CL18,16GB(8GX2),16,0,0,0,0,0,0,0,0,0,0,0,0,0,0,0,0,0,109250,109250,0,109250,0,0,0,0,0,0,0,0,0,0
15098390,CORSAIR DDR4-3600 CL18 VENGEANCE RGB RS 패키지,CORSAIR VENGEANCE RGB RS 패키지,DDR4,3600,CL18,32GB(16GX2),32,285430,285430,285430,285430,277200,277200,277200,277200,277200,277200,277200,277200,277200,277200,277200,0,0,285430,285430,285430,285430,285430,285430,285430,285430,285430,285430,285430,285430,0,0
15098390,CORSAIR DDR4-3600 CL18 VENGEANCE RGB RS 패키지,CORSAIR VENGEANCE RGB RS 패키지,DDR4,3600,CL18,16GB(8GX2),16,139650,139650,139650,139650,138600,138600,138600,138600,138600,138600,138600,138600,138600,138600,138600,0,0,139640,139640,139640,139640,139640,139640,139640,139640,139640,139640,139640,139640,0,0
15098285,CORSAIR DDR4-3600 CL18 VENGEANCE RGB RS 패키지,CORSAIR VENGEANCE RGB RS 패키지,DDR4,3600,CL18,32GB(16GX2),32,0,0,0,0,0,0,0,0,0,0,0,0,0,0,0,0,0,0,0,0,0,0,0,0,0,0,0,0,0,285430,285430
15098285,CORSAIR DDR4-3600 CL18 VENGEANCE RGB RS 패키지,CORSAIR VENGEANCE RGB RS 패키지,DDR4,3600,CL18,16GB(8GX2),16,0,0,0,0,0,0,0,0,0,0,0,0,0,0,0,0,0,0,0,0,0,0,0,0,0,0,0,0,0,139640,139640
19453883,CORSAIR DDR5-5200 CL38 VENGEANCE BLACK 패키지,CORSAIR VENGEANCE BLACK 패키지,DDR5,5200,CL38,96GB(48GX2),96,0,0,580000,580000,580000,580000,580000,580000,579990,579990,579990,579990,579990,579990,579990,0,0,578560,578460,580000,580000,580000,573170,573170,573170,573170,573170,573170,573170,573170,573170
19453883,CORSAIR DDR5-5200 CL38 VENGEANCE BLACK 패키지,CORSAIR VENGEANCE BLACK 패키지,DDR5,5200,CL38,192GB(48GX4),192,0,0,1217870,1217780,1217760,1217660,1217560,1217500,1217490,1217910,1217900,1217900,1217900,1222130,1222130,0,0,1230970,1230870,1230850,1230750,1230660,1230550,1230470,1230460,1230440,1230330,1230310,1222130,1222130,1222130
19453433,CORSAIR DDR5-5200 CL38 VENGEANCE RGB BLACK 패키지,CORSAIR VENGEANCE RGB BLACK 패키지,DDR5,5200,CL38,192GB(48GX4),192,1287560,1287560,1287560,1287560,1287560,1287540,0,0,0,0,0,0,0,0,0,0,0,0,0,0,0,0,0,0,0,0,0,0,0,0,0
19453433,CORSAIR DDR5-5200 CL38 VENGEANCE RGB BLACK 패키지,CORSAIR VENGEANCE RGB BLACK 패키지,DDR5,5200,CL38,96GB(48GX2),96,454090,454090,454090,454090,454090,454090,0,0,0,0,0,0,0,0,0,0,0,0,0,0,0,0,0,0,0,0,0,0,0,0,0
16829447,CORSAIR DDR5-5200 CL40 Dominator Platinum RGB WHITE 패키지,CORSAIR Dominator Platinum RGB WHITE 패키지,DDR5,5200,CL40,64GB(32GX2),64,519410,519410,519410,519410,513900,513900,513900,513900,513900,513900,513900,513900,513900,513900,513900,0,0,519410,519410,519410,519410,519410,519410,519410,519410,519410,519410,519410,519410,519410,519410
16829447,CORSAIR DDR5-5200 CL40 Dominator Platinum RGB WHITE 패키지,CORSAIR Dominator Platinum RGB WHITE 패키지,DDR5,5200,CL40,32GB(16GX2),32,428000,428000,428000,428000,428000,428000,428000,428000,428000,428000,428000,428000,428000,428000,428000,0,0,428000,428000,428000,428000,428000,428000,428000,428000,428000,428000,428000,428000,428000,428000
16239491,CORSAIR DDR5-5200 CL40 Dominator Platinum RGB 패키지,CORSAIR Dominator Platinum RGB 패키지,DDR5,5200,CL40,64GB(32GX2),64,0,0,0,0,0,0,0,0,0,0,0,0,0,0,0,0,0,0,0,0,0,0,533110,533110,533110,533110,533110,533110,533110,533110,533110
16239491,CORSAIR DDR5-5200 CL40 Dominator Platinum RGB 패키지,CORSAIR Dominator Platinum RGB 패키지,DDR5,5200,CL40,32GB(16GX2),32,0,0,0,0,0,0,0,0,0,0,0,0,0,0,0,0,0,0,0,0,0,0,310000,310000,310000,310000,310000,310000,310000,310000,310000
16864895,CORSAIR DDR5-5600 CL36 Dominator Platinum RGB 패키지,CORSAIR Dominator Platinum RGB 패키지,DDR5,5600,CL36,64GB(16GX4),64,660000,660000,660000,660000,660000,0,0,0,0,0,0,0,0,0,0,0,0,0,0,0,0,0,0,0,0,0,0,0,0,0,0
16864895,CORSAIR DDR5-5600 CL36 Dominator Platinum RGB 패키지,CORSAIR Dominator Platinum RGB 패키지,DDR5,5600,CL36,32GB(16GX2),32,252700,252700,252700,252700,252700,0,0,0,0,0,0,0,0,0,0,0,0,0,0,0,0,0,0,0,0,0,0,0,0,0,0
18438785,CORSAIR DDR5-5600 CL36 VENGEANCE BLACK 패키지,CORSAIR VENGEANCE BLACK 패키지,DDR5,5600,CL36,64GB(16GX4),64,349000,349000,349000,349000,349000,349000,349000,349000,349000,349000,349000,349000,349000,349000,349000,0,0,409840,409840,409840,409840,349000,349000,349000,349000,349000,349000,349000,349000,349000,349000
18438785,CORSAIR DDR5-5600 CL36 VENGEANCE BLACK 패키지,CORSAIR VENGEANCE BLACK 패키지,DDR5,5600,CL36,32GB(16GX2),32,202100,202100,202100,202100,202100,202100,202100,185000,202100,202100,202100,202100,193500,202100,193500,0,0,202100,202100,202100,202100,202100,202100,202100,202100,202100,202100,193500,202100,202100,202100
19107998,CORSAIR DDR5-5600 CL40 VENGEANCE BLACK 패키지,CORSAIR VENGEANCE BLACK 패키지,DDR5,5600,CL40,128GB(32GX4),128,762010,761990,761910,761910,761890,761790,761690,761630,761610,761520,761490,761490,761490,761490,761490,761490,761490,761970,761850,761750,761650,761550,787500,787440,0,0,0,810000,810000,810000,809990
19107998,CORSAIR DDR5-5600 CL40 VENGEANCE BLACK 패키지,CORSAIR VENGEANCE BLACK 패키지,DDR5,5600,CL40,32GB(16GX2),32,164980,164980,164980,164980,164980,164980,164980,164980,164980,164980,164980,160000,160000,159990,159990,159990,159990,159980,159980,159980,159980,159980,159980,159980,0,0,0,159920,159820,159720,159610
19107998,CORSAIR DDR5-5600 CL40 VENGEANCE BLACK 패키지,CORSAIR VENGEANCE BLACK 패키지,DDR5,5600,CL40,96GB(48GX2),96,423730,423650,423590,423570,423450,423350,423250,423170,423150,423050,423030,422940,422850,422810,438990,438980,438890,438780,438660,438580,438480,438390,438280,438200,0,0,0,438030,437930,437910,437900
19107998,CORSAIR DDR5-5600 CL40 VENGEANCE BLACK 패키지,CORSAIR VENGEANCE BLACK 패키지,DDR5,5600,CL40,64GB(32GX2),64,299990,299990,299980,299980,299980,299980,299980,299980,299980,299980,299960,299890,299880,299870,299980,299980,299960,299100,298980,298900,299940,299920,299820,299780,0,0,0,299840,299980,299960,299950
19107998,CORSAIR DDR5-5600 CL40 VENGEANCE BLACK 패키지,CORSAIR VENGEANCE BLACK 패키지,DDR5,5600,CL40,48GB(24GX2),48,262450,262450,262450,262450,262450,262450,262450,262450,262450,262450,262450,262450,262450,262450,262450,262450,262450,262450,262450,262450,262450,300000,299980,299980,0,0,0,299980,299980,299980,299980
27790565,CORSAIR DDR5-5600 CL40 VENGEANCE BLACK 패키지,CORSAIR VENGEANCE BLACK 패키지,DDR5,5600,CL40,128GB(32GX4),128,0,0,0,0,0,0,0,0,0,0,0,0,0,0,0,0,0,0,0,0,0,0,0,0,810000,810000,810000,0,0,0,0
27790565,CORSAIR DDR5-5600 CL40 VENGEANCE BLACK 패키지,CORSAIR VENGEANCE BLACK 패키지,DDR5,5600,CL40,32GB(16GX2),32,0,0,0,0,0,0,0,0,0,0,0,0,0,0,0,0,0,0,0,0,0,0,0,0,159970,159960,159940,0,0,0,0
27790565,CORSAIR DDR5-5600 CL40 VENGEANCE BLACK 패키지,CORSAIR VENGEANCE BLACK 패키지,DDR5,5600,CL40,96GB(48GX2),96,0,0,0,0,0,0,0,0,0,0,0,0,0,0,0,0,0,0,0,0,0,0,0,0,438190,438170,438060,0,0,0,0
27790565,CORSAIR DDR5-5600 CL40 VENGEANCE BLACK 패키지,CORSAIR VENGEANCE BLACK 패키지,DDR5,5600,CL40,64GB(32GX2),64,0,0,0,0,0,0,0,0,0,0,0,0,0,0,0,0,0,0,0,0,0,0,0,0,299780,299980,299870,0,0,0,0
27790565,CORSAIR DDR5-5600 CL40 VENGEANCE BLACK 패키지,CORSAIR VENGEANCE BLACK 패키지,DDR5,5600,CL40,48GB(24GX2),48,0,0,0,0,0,0,0,0,0,0,0,0,0,0,0,0,0,0,0,0,0,0,0,0,299980,299980,299980,0,0,0,0
19104119,CORSAIR DDR5-5600 CL40 VENGEANCE RGB BLACK 패키지,CORSAIR VENGEANCE RGB BLACK 패키지,DDR5,5600,CL40,128GB(32GX4),128,820730,820730,820730,795390,795380,795280,795180,795120,795100,795010,0,0,0,0,0,0,0,0,0,0,0,0,0,0,0,0,0,0,0,0,0
19104119,CORSAIR DDR5-5600 CL40 VENGEANCE RGB BLACK 패키지,CORSAIR VENGEANCE RGB BLACK 패키지,DDR5,5600,CL40,96GB(48GX2),96,498870,498850,498800,498780,498690,498610,498570,498570,498530,498450,0,0,0,0,0,0,0,0,0,0,0,0,0,0,0,0,0,0,0,0,0
19104119,CORSAIR DDR5-5600 CL40 VENGEANCE RGB BLACK 패키지,CORSAIR VENGEANCE RGB BLACK 패키지,DDR5,5600,CL40,48GB(24GX2),48,364250,364250,364250,364250,364250,364250,364250,364250,364250,364250,0,0,0,0,0,0,0,0,0,0,0,0,0,0,0,0,0,0,0,0,0
27788273,CORSAIR DDR5-5600 CL40 VENGEANCE RGB BLACK 패키지,CORSAIR VENGEANCE RGB BLACK 패키지,DDR5,5600,CL40,128GB(32GX4),128,0,0,0,0,0,0,0,0,0,0,794910,794840,803990,803930,803870,0,0,803670,803570,803550,803460,803370,809990,809990,829880,829870,829850,829750,829650,829550,829440
27788273,CORSAIR DDR5-5600 CL40 VENGEANCE RGB BLACK 패키지,CORSAIR VENGEANCE RGB BLACK 패키지,DDR5,5600,CL40,96GB(48GX2),96,0,0,0,0,0,0,0,0,0,0,498430,498430,498430,498430,498430,0,0,498830,498730,498710,498660,498580,498470,498430,498410,498380,498270,498250,498230,498130,498020
27788273,CORSAIR DDR5-5600 CL40 VENGEANCE RGB BLACK 패키지,CORSAIR VENGEANCE RGB BLACK 패키지,DDR5,5600,CL40,48GB(24GX2),48,0,0,0,0,0,0,0,0,0,0,357500,357500,364250,364250,364250,0,0,364250,364250,364250,364250,310000,310000,310000,310000,310000,310000,310000,310000,310000,310000
28443977,CORSAIR DDR5-6000 CL30 Dominator Titanium BLACK 패키지,CORSAIR Dominator Titanium BLACK 패키지,DDR5,6000,CL30,32GB(16GX2),32,299920,299920,299920,299920,299900,299800,299700,299620,0,0,0,0,0,0,0,303470,303470,305100,304980,304880,304780,304680,304580,304500,305120,305120,305120,319000,319000,319000,319000
28443977,CORSAIR DDR5-6000 CL30 Dominator Titanium BLACK 패키지,CORSAIR Dominator Titanium BLACK 패키지,DDR5,6000,CL30,64GB(32GX2),64,477650,477540,477470,477450,477360,477340,477240,477150,0,0,0,0,0,0,0,477020,477020,477750,477750,477750,477750,477750,477750,477760,477760,477760,477760,477760,482940,482840,482730
28443977,CORSAIR DDR5-6000 CL30 Dominator Titanium BLACK 패키지,CORSAIR Dominator Titanium BLACK 패키지,DDR5,6000,CL30,96GB(24GX4),96,0,0,0,0,0,0,0,0,0,0,0,0,0,0,0,0,0,0,0,0,0,0,0,850500,850500,850500,850500,850500,850500,850500,850500
28442654,CORSAIR DDR5-6000 CL30 Dominator Titanium BLACK 패키지,CORSAIR Dominator Titanium BLACK 패키지,DDR5,6000,CL30,32GB(16GX2),32,0,0,0,0,0,0,0,0,299920,299920,303470,303470,303470,303470,303470,0,0,0,0,0,0,0,0,0,0,0,0,0,0,0,0
28442654,CORSAIR DDR5-6000 CL30 Dominator Titanium BLACK 패키지,CORSAIR Dominator Titanium BLACK 패키지,DDR5,6000,CL30,64GB(32GX2),64,0,0,0,0,0,0,0,0,477060,477040,477000,477020,477020,477020,477020,0,0,0,0,0,0,0,0,0,0,0,0,0,0,0,0
28443989,CORSAIR DDR5-6000 CL30 Dominator Titanium WHITE 패키지,CORSAIR Dominator Titanium WHITE 패키지,DDR5,6000,CL30,64GB(32GX2),64,484500,484480,484380,484260,484140,484040,483940,483850,484400,484400,484400,484400,484400,484400,484400,487480,487380,487270,487160,487060,487040,486940,486840,487490,487490,501740,507580,0,509990,525000,509990
28443989,CORSAIR DDR5-6000 CL30 Dominator Titanium WHITE 패키지,CORSAIR Dominator Titanium WHITE 패키지,DDR5,6000,CL30,32GB(16GX2),32,301590,301590,301590,301590,301590,301590,301590,301590,301590,301590,301590,301590,301590,301590,301590,301590,301590,301590,301590,301590,301590,301590,301590,308940,318970,318920,318890,0,318840,318740,316440
28443416,CORSAIR DDR5-6000 CL30 Dominator Titanium WHITE 패키지,CORSAIR Dominator Titanium WHITE 패키지,DDR5,6000,CL30,64GB(32GX2),64,0,0,0,0,0,0,0,0,0,0,0,0,0,0,0,0,0,0,0,0,0,0,0,0,0,0,0,507510,0,0,0
28443416,CORSAIR DDR5-6000 CL30 Dominator Titanium WHITE 패키지,CORSAIR Dominator Titanium WHITE 패키지,DDR5,6000,CL30,32GB(16GX2),32,0,0,0,0,0,0,0,0,0,0,0,0,0,0,0,0,0,0,0,0,0,0,0,0,0,0,0,318860,0,0,0
28443896,CORSAIR DDR5-6400 CL32 Dominator Titanium BLACK 패키지,CORSAIR Dominator Titanium BLACK 패키지,DDR5,6400,CL32,96GB(48GX2),96,773570,773490,0,0,0,0,773170,0,0,0,0,0,772770,772670,772590,772570,772470,772390,772270,772170,772070,771980,0,0,0,771610,771590,771510,771410,771310,771200
28443896,CORSAIR DDR5-6400 CL32 Dominator Titanium BLACK 패키지,CORSAIR Dominator Titanium BLACK 패키지,DDR5,6400,CL32,64GB(16GX4),64,670270,670170,0,0,0,0,669750,0,0,0,0,0,670090,670090,670090,670090,670090,670190,670090,670070,669970,669870,0,0,0,669660,669550,669520,669420,669350,669240
28443896,CORSAIR DDR5-6400 CL32 Dominator Titanium BLACK 패키지,CORSAIR Dominator Titanium BLACK 패키지,DDR5,6400,CL32,32GB(16GX2),32,300390,300390,0,0,0,0,300390,0,0,0,0,0,300390,300390,300390,300390,300390,300430,300430,300430,300430,300430,0,0,0,300430,300430,300430,300430,300430,300430
28444052,CORSAIR DDR5-6400 CL32 Dominator Titanium BLACK 패키지,CORSAIR Dominator Titanium BLACK 패키지,DDR5,6400,CL32,96GB(48GX2),96,0,0,773490,773390,773370,773270,0,773080,772990,772970,772890,772870,0,0,0,0,0,0,0,0,0,0,771870,771790,771700,0,0,0,0,0,0
28444052,CORSAIR DDR5-6400 CL32 Dominator Titanium BLACK 패키지,CORSAIR Dominator Titanium BLACK 패키지,DDR5,6400,CL32,64GB(16GX4),64,0,0,670070,669970,669950,669850,0,669660,669550,669450,670090,670090,0,0,0,0,0,0,0,0,0,0,669770,669690,669680,0,0,0,0,0,0
28444052,CORSAIR DDR5-6400 CL32 Dominator Titanium BLACK 패키지,CORSAIR Dominator Titanium BLACK 패키지,DDR5,6400,CL32,32GB(16GX2),32,0,0,300390,300390,300390,300390,0,300390,300390,300390,300390,300390,0,0,0,0,0,0,0,0,0,0,300430,300430,300430,0,0,0,0,0,0
28444091,CORSAIR DDR5-6400 CL32 Dominator Titanium WHITE 패키지,CORSAIR Dominator Titanium WHITE 패키지,DDR5,6400,CL32,96GB(48GX2),96,771420,771310,771210,771110,771010,770990,770890,770800,770710,770690,770650,770570,770570,770470,770370,770270,770170,770070,0,0,0,769740,769630,0,769470,769370,769270,769230,769210,769110,769000
28444091,CORSAIR DDR5-6400 CL32 Dominator Titanium WHITE 패키지,CORSAIR Dominator Titanium WHITE 패키지,DDR5,6400,CL32,64GB(16GX4),64,670270,670250,670150,670050,669930,669850,669830,682990,683690,683690,683690,683690,683690,683690,666560,666540,666440,666380,0,0,0,666060,665960,0,665800,665700,665600,665570,665470,665450,665440
28444091,CORSAIR DDR5-6400 CL32 Dominator Titanium WHITE 패키지,CORSAIR Dominator Titanium WHITE 패키지,DDR5,6400,CL32,32GB(16GX2),32,303820,303710,303630,303610,303510,303490,303390,303300,303210,303190,303170,303170,303170,303170,303170,303170,303170,303330,0,0,0,303040,302930,0,312240,312790,312790,312790,312790,312790,312790
28443917,CORSAIR DDR5-6400 CL32 Dominator Titanium WHITE 패키지,CORSAIR Dominator Titanium WHITE 패키지,DDR5,6400,CL32,96GB(48GX2),96,0,0,0,0,0,0,0,0,0,0,0,0,0,0,0,0,0,0,770050,769940,769840,0,0,769550,0,0,0,0,0,0,0
28443917,CORSAIR DDR5-6400 CL32 Dominator Titanium WHITE 패키지,CORSAIR Dominator Titanium WHITE 패키지,DDR5,6400,CL32,64GB(16GX4),64,0,0,0,0,0,0,0,0,0,0,0,0,0,0,0,0,0,0,666280,666260,666160,0,0,665880,0,0,0,0,0,0,0
28443917,CORSAIR DDR5-6400 CL32 Dominator Titanium WHITE 패키지,CORSAIR Dominator Titanium WHITE 패키지,DDR5,6400,CL32,32GB(16GX2),32,0,0,0,0,0,0,0,0,0,0,0,0,0,0,0,0,0,0,303230,303210,303110,0,0,302890,0,0,0,0,0,0,0
48647324,CORSAIR WS DDR5-5600 CL40 ECC/REG 패키지,CORSAIR WS ECC/REG 패키지,DDR5,5600,CL40,128GB(32GX4),128,0,0,0,0,0,0,0,0,0,0,1564500,1564500,1564500,1564500,1564500,1564500,1564500,1564490,1564490,0,0,0,0,0,0,0,0,0,0,0,0
52259417,CORSAIR WS DDR5-5600 CL40 ECC/REG 패키지,CORSAIR WS ECC/REG 패키지,DDR5,5600,CL40,128GB(32GX4),128,0,0,0,0,0,0,0,0,0,0,1564500,1564500,1564500,1564500,1564500,0,0,1564490,1564490,0,0,0,0,0,0,0,0,0,0,0,0
17258537,CORSAIR 노트북 DDR5-4800 CL40 VENGEANCE,CORSAIR 노트북 VENGEANCE,DDR5,4800,CL40,32GB,32,198990,198990,198990,198990,198990,198990,198990,198990,198990,198990,198990,0,0,0,0,0,0,0,0,0,0,0,0,0,0,0,0,0,0,0,0
17258537,CORSAIR 노트북 DDR5-4800 CL40 VENGEANCE,CORSAIR 노트북 VENGEANCE,DDR5,4800,CL40,16GB,16,98990,98990,98990,98990,98990,98990,98990,98990,98990,98990,98990,0,0,0,0,0,0,0,0,0,0,0,0,0,0,0,0,0,0,0,0
17258537,CORSAIR 노트북 DDR5-4800 CL40 VENGEANCE,CORSAIR 노트북 VENGEANCE,DDR5,4800,CL40,8GB,8,48990,48990,48990,48990,48990,48990,48990,48990,48990,48990,48990,0,0,0,0,0,0,0,0,0,0,0,0,0,0,0,0,0,0,0,0
17258714,CORSAIR 노트북 DDR5-4800 CL40 VENGEANCE,CORSAIR 노트북 VENGEANCE,DDR5,4800,CL40,32GB,32,0,0,0,0,0,0,0,0,0,0,0,198990,198990,198990,192430,0,0,192420,198990,198990,198990,192430,192420,198990,198990,198990,198990,198990,198990,198990,198990
17258714,CORSAIR 노트북 DDR5-4800 CL40 VENGEANCE,CORSAIR 노트북 VENGEANCE,DDR5,4800,CL40,16GB,16,0,0,0,0,0,0,0,0,0,0,0,98990,98990,98990,98990,0,0,98990,98990,98990,98990,98990,98990,98990,98990,98990,98990,98990,98990,98990,98990
17258714,CORSAIR 노트북 DDR5-4800 CL40 VENGEANCE,CORSAIR 노트북 VENGEANCE,DDR5,4800,CL40,8GB,8,0,0,0,0,0,0,0,0,0,0,0,48990,48990,48990,48990,0,0,48990,48990,48990,48990,48990,48990,48990,48990,48990,48990,48990,48990,48990,48990
17190410,CORSAIR 노트북 DDR5-4800 CL40 VENGEANCE 패키지,CORSAIR 노트북 VENGEANCE 패키지,DDR5,4800,CL40,64GB(32GX2),64,397990,397990,0,0,0,0,0,0,0,0,0,0,0,0,0,0,0,0,0,0,0,0,0,0,0,0,0,0,0,0,0
17190410,CORSAIR 노트북 DDR5-4800 CL40 VENGEANCE 패키지,CORSAIR 노트북 VENGEANCE 패키지,DDR5,4800,CL40,32GB(16GX2),32,197990,197990,0,0,0,0,0,0,0,0,0,0,0,0,0,0,0,0,0,0,0,0,0,0,0,0,0,0,0,0,0
17190410,CORSAIR 노트북 DDR5-4800 CL40 VENGEANCE 패키지,CORSAIR 노트북 VENGEANCE 패키지,DDR5,4800,CL40,16GB(8GX2),16,97990,97990,0,0,0,0,0,0,0,0,0,0,0,0,0,0,0,0,0,0,0,0,0,0,0,0,0,0,0,0,0
16891514,CORSAIR 노트북 DDR5-4800 CL40 VENGEANCE 패키지,CORSAIR 노트북 VENGEANCE 패키지,DDR5,4800,CL40,64GB(32GX2),64,0,0,397990,397990,397990,397990,397990,397990,0,0,397990,397990,397990,397990,391020,0,0,384840,397990,397990,397990,384850,397990,397990,397990,397990,384840,384840,397990,397990,397990
16891514,CORSAIR 노트북 DDR5-4800 CL40 VENGEANCE 패키지,CORSAIR 노트북 VENGEANCE 패키지,DDR5,4800,CL40,32GB(16GX2),32,0,0,197990,197990,197990,197990,197990,197990,0,0,197990,197990,197990,197990,197990,0,0,197990,197990,197990,197990,197990,197990,197990,197990,197990,197990,197990,197990,197990,197990
16891514,CORSAIR 노트북 DDR5-4800 CL40 VENGEANCE 패키지,CORSAIR 노트북 VENGEANCE 패키지,DDR5,4800,CL40,16GB(8GX2),16,0,0,97990,97990,97990,97990,97990,97990,0,0,97990,97990,97990,97990,97990,0,0,97990,97990,97990,97990,97990,97990,97990,97990,97990,97990,97990,97990,97990,97990
16891499,CORSAIR 노트북 DDR5-4800 CL40 VENGEANCE 패키지,CORSAIR 노트북 VENGEANCE 패키지,DDR5,4800,CL40,64GB(32GX2),64,0,0,0,0,0,0,0,0,397990,397990,0,0,0,0,0,0,0,0,0,0,0,0,0,0,0,0,0,0,0,0,0
16891499,CORSAIR 노트북 DDR5-4800 CL40 VENGEANCE 패키지,CORSAIR 노트북 VENGEANCE 패키지,DDR5,4800,CL40,32GB(16GX2),32,0,0,0,0,0,0,0,0,197990,197990,0,0,0,0,0,0,0,0,0,0,0,0,0,0,0,0,0,0,0,0,0
16891499,CORSAIR 노트북 DDR5-4800 CL40 VENGEANCE 패키지,CORSAIR 노트북 VENGEANCE 패키지,DDR5,4800,CL40,16GB(8GX2),16,0,0,0,0,0,0,0,0,97990,97990,0,0,0,0,0,0,0,0,0,0,0,0,0,0,0,0,0,0,0,0,0
5800481,CYNEX DDR2-667 중고,CYNEX DDR2-667 중고,0,0,0,2GB,2,32580,32580,32580,32580,32580,32580,32580,32580,32580,32580,32580,32580,32580,32580,32580,0,0,32580,32580,32580,32580,32580,32580,32580,0,0,0,0,0,0,0
5800481,CYNEX DDR2-667 중고,CYNEX DDR2-667 중고,0,0,0,1GB,1,50000,50000,50000,50000,50000,50000,50000,50000,50000,50000,50000,50000,50000,50000,50000,0,0,50000,50000,50000,50000,50000,50000,50000,0,0,0,0,0,0,0
1220709,CYNEX DDR3-1333,CYNEX,DDR3,1333,0,4GB,4,43480,43480,43480,43480,43480,43480,43480,43480,43480,43480,43480,43480,43480,43480,43480,0,0,43480,43480,43480,43480,43480,43480,43480,43480,43480,43480,43480,43480,43480,0
1220709,CYNEX DDR3-1333,CYNEX,DDR3,1333,0,2GB,2,25230,25230,25230,25230,25230,25230,25230,25230,25230,25230,25230,25230,25230,25230,25230,0,0,25230,25230,25230,25230,25230,25230,25230,25230,25230,25230,25230,25230,25230,0
2030360,CYNEX DDR3-1600,CYNEX,DDR3,1600,0,8GB,8,41010,41010,41010,41010,41010,41010,41010,41010,41010,41010,41010,41010,41010,41010,41010,0,0,41010,41010,41010,41010,41010,41010,41010,41010,41010,41010,41010,41010,41010,41010
2030360,CYNEX DDR3-1600,CYNEX,DDR3,1600,0,4GB,4,11000,11000,11000,11000,11000,11000,11000,11000,11000,11000,11000,11000,11000,11000,11000,0,0,11000,11000,11000,11000,11000,11000,11000,11000,11000,11000,11000,11000,11000,11000
2030384,CYNEX DDR3-1600 엠트란 매직,CYNEX 엠트란 매직,DDR3,1600,0,8GB,8,0,0,36000,36000,36000,36000,36000,36000,36000,0,0,0,36000,36000,36000,0,0,36000,36000,0,0,0,36000,36000,36000,36000,36000,36000,36000,0,0
2030384,CYNEX DDR3-1600 엠트란 매직,CYNEX 엠트란 매직,DDR3,1600,0,4GB,4,0,0,26000,26000,26000,26000,26000,26000,26000,0,0,0,26000,26000,26000,0,0,26000,26000,0,0,0,26000,26000,26000,26000,26000,26000,26000,0,0
1676907,CYNEX DDR3-1600 엠트란 매직,CYNEX 엠트란 매직,DDR3,1600,0,8GB,8,0,0,0,0,0,0,0,0,0,0,0,0,0,0,0,0,0,0,0,0,0,0,0,0,0,0,0,0,0,36000,36000
1676907,CYNEX DDR3-1600 엠트란 매직,CYNEX 엠트란 매직,DDR3,1600,0,4GB,4,0,0,0,0,0,0,0,0,0,0,0,0,0,0,0,0,0,0,0,0,0,0,0,0,0,0,0,0,0,26000,26000
5330538,CYNEX DDR4-2133 엠트란,CYNEX 엠트란,DDR4,2133,0,16GB,16,0,0,0,0,0,0,0,0,0,190880,195370,195370,195370,195370,195370,0,0,195370,195370,195370,195370,195370,195370,195370,0,0,0,0,0,0,0
5330538,CYNEX DDR4-2133 엠트란,CYNEX 엠트란,DDR4,2133,0,8GB,8,0,0,0,0,0,0,0,0,0,95650,95650,95650,95650,95650,95650,0,0,95650,95650,95650,95650,95650,95650,95650,0,0,0,0,0,0,0
857349,Dreamware DDR3-1066 ECC Mac Pro,Dreamware ECC Mac Pro,DDR3,1066,0,4GB,4,0,220000,220000,220000,0,0,220000,220000,220000,220000,0,0,0,0,0,0,0,0,220000,220000,0,0,0,0,0,0,0,0,0,0,0
857349,Dreamware DDR3-1066 ECC Mac Pro,Dreamware ECC Mac Pro,DDR3,1066,0,2GB,2,0,110710,110710,110710,0,0,110710,110710,110710,110710,0,0,0,0,0,0,0,0,110710,110710,0,0,0,0,0,0,0,0,0,0,0
1177359,Dreamware DDR3-1333 ECC Mac Pro,Dreamware ECC Mac Pro,DDR3,1333,0,4GB,4,212470,212470,212470,212470,212470,0,212470,212470,212470,212470,0,0,0,0,0,0,0,0,212470,212470,0,0,0,0,0,0,0,0,0,0,0
1177359,Dreamware DDR3-1333 ECC Mac Pro,Dreamware ECC Mac Pro,DDR3,1333,0,2GB,2,100000,100000,100000,100000,100000,0,100000,100000,100000,100000,0,0,0,0,0,0,0,0,100000,100000,0,0,0,0,0,0,0,0,0,0,0
2672598,Dreamware DDR3-1866 ECC Mac Pro,Dreamware ECC Mac Pro,DDR3,1866,0,16GB,16,430000,430000,430000,430000,430000,430000,430000,430000,430000,430000,0,0,0,0,0,0,0,430000,430000,430000,430000,430000,430000,430000,430000,430000,430000,430000,0,430000,0
2672598,Dreamware DDR3-1866 ECC Mac Pro,Dreamware ECC Mac Pro,DDR3,1866,0,8GB,8,220000,220000,220000,220000,220000,220000,220000,220000,220000,220000,0,0,0,0,0,0,0,220000,220000,220000,220000,220000,220000,220000,220000,220000,220000,220000,0,220000,0
2672598,Dreamware DDR3-1866 ECC Mac Pro,Dreamware ECC Mac Pro,DDR3,1866,0,4GB,4,110000,110000,110000,110000,110000,110000,110000,110000,110000,110000,0,0,0,0,0,0,0,110000,110000,110000,110000,110000,110000,110000,110000,110000,110000,110000,0,110000,0
1129219,EKMEMORY DDR3-1333,EKMEMORY,DDR3,1333,0,4GB,4,40790,40790,40790,40790,40790,40790,40790,40790,40790,40790,40790,40790,40790,40790,40790,0,0,40790,40790,0,0,0,0,0,0,0,0,0,0,0,0
1129219,EKMEMORY DDR3-1333,EKMEMORY,DDR3,1333,0,2GB,2,21470,21470,21470,21470,21470,21470,21470,21470,21470,21470,21470,21470,21470,21470,21470,0,0,21470,21470,0,0,0,0,0,0,0,0,0,0,0,0
928282,EKMEMORY DDR3-1333,EKMEMORY,DDR3,1333,0,4GB,4,0,0,0,0,0,0,0,0,0,0,0,0,0,0,0,0,0,0,0,40790,40790,40790,40790,40790,40790,40790,40790,40790,40790,0,40790
928282,EKMEMORY DDR3-1333,EKMEMORY,DDR3,1333,0,2GB,2,0,0,0,0,0,0,0,0,0,0,0,0,0,0,0,0,0,0,0,21470,21470,21470,21470,21470,21470,21470,21470,21470,21470,0,21470
1183678,EKMEMORY DDR3-1333 인디핑크,EKMEMORY 인디핑크,DDR3,1333,0,4GB,4,42940,42940,42940,42940,42940,42940,42940,42940,42940,42940,42940,42940,42940,42940,42940,0,0,42940,42940,42940,42940,42940,42940,42940,42940,42940,42940,42940,42940,42940,42940
1183678,EKMEMORY DDR3-1333 인디핑크,EKMEMORY 인디핑크,DDR3,1333,0,2GB,2,23620,23620,23620,23620,23620,23620,23620,23620,23620,23620,23620,23620,23620,23620,23620,0,0,23620,23620,23620,23620,23620,23620,23620,23620,23620,23620,23620,23620,23620,23620
1885748,EKMEMORY DDR3-1600,EKMEMORY,DDR3,1600,0,8GB,8,50420,50420,50420,50420,50420,50420,50420,50420,50420,50420,50420,0,0,0,0,0,0,0,0,0,0,0,0,0,0,0,0,0,0,0,0
1885748,EKMEMORY DDR3-1600,EKMEMORY,DDR3,1600,0,4GB,4,38650,38650,38650,38650,38650,38650,38650,38650,38650,38650,38650,0,0,0,0,0,0,0,0,0,0,0,0,0,0,0,0,0,0,0,0
1741833,EKMEMORY DDR3-1600,EKMEMORY,DDR3,1600,0,8GB,8,0,0,0,0,0,0,0,0,0,0,0,50420,50420,50420,50420,0,0,50420,50420,50420,50420,50420,50420,50420,50420,50420,50420,50420,50420,50420,50420
1741833,EKMEMORY DDR3-1600,EKMEMORY,DDR3,1600,0,4GB,4,0,0,0,0,0,0,0,0,0,0,0,38650,38650,38650,38650,0,0,38650,38650,38650,38650,38650,38650,38650,38650,38650,38650,38650,38650,38650,38650
1885750,EKMEMORY DDR3-1600 인디핑크,EKMEMORY 인디핑크,DDR3,1600,0,8GB,8,70000,70000,70000,70000,70000,70000,70000,70000,70000,70000,70000,0,0,0,0,0,0,0,0,0,0,0,0,0,0,0,0,0,0,0,0
1885750,EKMEMORY DDR3-1600 인디핑크,EKMEMORY 인디핑크,DDR3,1600,0,4GB,4,26000,26000,26000,26000,26000,26000,26000,26000,26000,26000,26000,0,0,0,0,0,0,0,0,0,0,0,0,0,0,0,0,0,0,0,0
1622142,EKMEMORY DDR3-1600 인디핑크,EKMEMORY 인디핑크,DDR3,1600,0,8GB,8,0,0,0,0,0,0,0,0,0,0,0,0,0,0,0,0,0,0,0,0,0,0,70000,70000,0,0,0,0,0,0,0
1622142,EKMEMORY DDR3-1600 인디핑크,EKMEMORY 인디핑크,DDR3,1600,0,4GB,4,0,0,0,0,0,0,0,0,0,0,0,0,0,0,0,0,0,0,0,0,0,0,26000,26000,0,0,0,0,0,0,0
4152022,ESSENCORE KLEVV DDR3-1600 CL9 URBANE 패키지,ESSENCORE KLEVV URBANE 패키지,DDR3,1600,CL9,16GB(8GX2),16,200000,200000,200000,200000,200000,200000,200000,0,0,0,0,0,0,0,0,0,0,0,0,0,0,0,0,200000,200000,200000,200000,200000,200000,200000,0
4152022,ESSENCORE KLEVV DDR3-1600 CL9 URBANE 패키지,ESSENCORE KLEVV URBANE 패키지,DDR3,1600,CL9,8GB(4GX2),8,70000,70000,70000,70000,70000,70000,70000,0,0,0,0,0,0,0,0,0,0,0,0,0,0,0,0,70000,70000,70000,70000,70000,70000,70000,0
9390978,ESSENCORE KLEVV DDR4-2666 CL19,ESSENCORE KLEVV,DDR4,2666,CL19,16GB,16,39030,38950,39710,39600,39300,39300,39540,39450,39720,39620,39100,39100,39730,0,0,0,0,0,0,0,0,0,0,0,0,0,0,0,0,40360,39700
9390978,ESSENCORE KLEVV DDR4-2666 CL19,ESSENCORE KLEVV,DDR4,2666,CL19,8GB,8,20240,20160,20260,20260,20260,20260,20260,20260,20960,20860,20300,20300,20960,0,0,0,0,0,0,0,0,0,0,0,0,0,0,0,0,20750,20640
9390978,ESSENCORE KLEVV DDR4-2666 CL19,ESSENCORE KLEVV,DDR4,2666,CL19,4GB,4,12700,12700,12590,12590,12590,12590,12590,12590,12590,12590,12500,12500,12590,0,0,0,0,0,0,0,0,0,0,0,0,0,0,0,0,12980,12590
9390954,ESSENCORE KLEVV DDR4-2666 CL19,ESSENCORE KLEVV,DDR4,2666,CL19,16GB,16,0,0,0,0,0,0,0,0,0,0,0,0,0,39710,39740,0,0,39560,39460,39440,39340,39240,39140,39040,38530,37870,37540,37540,40460,0,0
9390954,ESSENCORE KLEVV DDR4-2666 CL19,ESSENCORE KLEVV,DDR4,2666,CL19,8GB,8,0,0,0,0,0,0,0,0,0,0,0,0,0,20950,20960,0,0,20700,20580,20490,20380,20300,20280,20200,20110,20000,19900,20950,20850,0,0
9390954,ESSENCORE KLEVV DDR4-2666 CL19,ESSENCORE KLEVV,DDR4,2666,CL19,4GB,4,0,0,0,0,0,0,0,0,0,0,0,0,0,12600,12590,0,0,12580,12580,12580,12580,12580,12580,12570,12570,12570,12570,12590,12990,0,0
27867158,ESSENCORE KLEVV DDR4-3200 CL16 BOLT X 서린,ESSENCORE KLEVV BOLT X 서린,DDR4,3200,CL16,16GB,16,44900,44900,45000,45000,44600,44600,44790,44800,45000,45000,43470,43470,45000,45000,43890,45000,45000,44800,45000,45000,45000,44790,44770,44730,45000,45000,45000,47470,47470,52080,45000
27867158,ESSENCORE KLEVV DDR4-3200 CL16 BOLT X 서린,ESSENCORE KLEVV BOLT X 서린,DDR4,3200,CL16,8GB,8,25900,25900,26000,28500,28500,28500,28470,28470,28470,26000,26000,26000,26000,26000,25800,25800,25800,25800,25800,25800,25800,25800,25800,25800,25800,25100,25800,25990,25990,25990,25990
27885068,ESSENCORE KLEVV DDR4-3200 CL16 CRAS X RGB 패키지 서린,ESSENCORE KLEVV CRAS X RGB 패키지 서린,DDR4,3200,CL16,32GB(16GX2),32,108700,108700,109000,108990,108100,108100,108990,109000,108990,109000,105320,105320,109000,109000,109000,108990,0,0,0,0,109000,0,108500,108450,108440,105320,108400,108370,0,0,0
27885068,ESSENCORE KLEVV DDR4-3200 CL16 CRAS X RGB 패키지 서린,ESSENCORE KLEVV CRAS X RGB 패키지 서린,DDR4,3200,CL16,16GB(8GX2),16,57330,57960,57960,57960,57930,57830,57740,57740,58970,58940,58910,58910,58980,58990,58990,58990,0,0,0,0,61000,0,60710,60670,60660,58910,60620,60910,0,0,0
27884993,ESSENCORE KLEVV DDR4-3200 CL16 CRAS X RGB 패키지 서린,ESSENCORE KLEVV CRAS X RGB 패키지 서린,DDR4,3200,CL16,32GB(16GX2),32,0,0,0,0,0,0,0,0,0,0,0,0,0,0,0,0,108990,108500,109000,109000,0,108490,0,0,0,0,0,0,108350,108250,108140
27884993,ESSENCORE KLEVV DDR4-3200 CL16 CRAS X RGB 패키지 서린,ESSENCORE KLEVV CRAS X RGB 패키지 서린,DDR4,3200,CL16,16GB(8GX2),16,0,0,0,0,0,0,0,0,0,0,0,0,0,0,0,0,58990,58980,61000,61000,0,60790,0,0,0,0,0,0,60860,60790,60680
11787091,ESSENCORE KLEVV DDR4-3200 CL22,ESSENCORE KLEVV,DDR4,3200,CL22,32GB,32,75990,76000,79940,79440,79350,78590,78480,78390,78600,78670,79200,79200,81670,81620,81540,81520,81440,81410,81320,81300,81200,81100,81000,80920,80910,80900,78690,78610,78520,78500,78480
11787091,ESSENCORE KLEVV DDR4-3200 CL22,ESSENCORE KLEVV,DDR4,3200,CL22,16GB,16,30500,32480,32050,32010,31990,31990,31990,32000,32000,32000,31990,31990,32000,33000,33000,33290,33180,33130,31780,32290,31790,32200,32110,31680,31630,31630,31630,31620,31600,31550,31550
11787091,ESSENCORE KLEVV DDR4-3200 CL22,ESSENCORE KLEVV,DDR4,3200,CL22,8GB,8,19700,20460,20510,20510,20510,20510,20510,20510,21020,20900,20700,20700,21040,21030,21040,20940,20840,20780,20680,20660,20540,20460,20440,20390,20290,20260,19940,18300,18300,18300,18300
27867344,ESSENCORE KLEVV DDR4-3600 CL18 BOLT X 서린,ESSENCORE KLEVV BOLT X 서린,DDR4,3600,CL18,16GB,16,50800,50800,50990,50900,50490,50490,50990,0,0,0,0,0,0,0,0,0,0,0,0,50990,0,0,0,0,50900,49240,50870,0,50970,50790,50790
27867344,ESSENCORE KLEVV DDR4-3600 CL18 BOLT X 서린,ESSENCORE KLEVV BOLT X 서린,DDR4,3600,CL18,8GB,8,27900,27900,28000,27800,27790,27790,28000,0,0,0,0,0,0,0,0,0,0,0,0,28000,0,0,0,0,27700,27080,27660,0,28000,27790,27790
27867308,ESSENCORE KLEVV DDR4-3600 CL18 BOLT X 서린,ESSENCORE KLEVV BOLT X 서린,DDR4,3600,CL18,16GB,16,0,0,0,0,0,0,0,50990,50990,50990,49240,49240,51000,51000,50500,50990,50980,50990,50500,0,51000,50990,50960,50910,0,0,0,50810,0,0,0
27867308,ESSENCORE KLEVV DDR4-3600 CL18 BOLT X 서린,ESSENCORE KLEVV BOLT X 서린,DDR4,3600,CL18,8GB,8,0,0,0,0,0,0,0,28000,28000,28000,27080,27080,28000,28000,27940,28000,28000,28000,27900,0,28000,27800,27760,27710,0,0,0,28000,0,0,0
27895484,ESSENCORE KLEVV DDR4-3600 CL18 BOLT XR 패키지 서린,ESSENCORE KLEVV BOLT XR 패키지 서린,DDR4,3600,CL18,32GB(16GX2),32,100600,99000,101000,101000,98990,98990,98990,101000,101000,101000,97550,97550,99000,100800,98170,98180,100990,99900,98180,99000,101000,98370,98360,98220,98220,97550,98220,101000,100030,99900,99000
27895484,ESSENCORE KLEVV DDR4-3600 CL18 BOLT XR 패키지 서린,ESSENCORE KLEVV BOLT XR 패키지 서린,DDR4,3600,CL18,16GB(8GX2),16,56900,56900,57000,56500,56490,56490,57000,57000,57000,57000,55010,55010,57000,57000,55550,56990,56990,56900,56800,57000,57000,56500,56450,56390,56300,55010,56270,56970,56950,56490,56490
11113095,ESSENCORE KLEVV DDR4-3600 CL18 CRAS X RGB 패키지,ESSENCORE KLEVV CRAS X RGB 패키지,DDR4,3600,CL18,32GB(16GX2),32,143940,143940,143940,143940,143940,143940,143940,143940,143940,143940,143940,143940,143940,143940,143940,0,0,143940,143940,143940,143940,143940,143940,143940,143940,0,0,0,0,0,0
11113095,ESSENCORE KLEVV DDR4-3600 CL18 CRAS X RGB 패키지,ESSENCORE KLEVV CRAS X RGB 패키지,DDR4,3600,CL18,16GB(8GX2),16,73960,73960,73960,73960,73960,73960,73960,73960,73960,73960,73960,73960,73960,73960,73960,0,0,73960,73960,73960,73960,73960,73960,73960,73960,0,0,0,0,0,0
11113101,ESSENCORE KLEVV DDR4-3600 CL18 CRAS X RGB 패키지,ESSENCORE KLEVV CRAS X RGB 패키지,DDR4,3600,CL18,32GB(16GX2),32,0,0,0,0,0,0,0,0,0,0,0,0,0,0,0,0,0,0,0,0,0,0,0,0,0,143940,143940,143940,143940,142730,142730
11113101,ESSENCORE KLEVV DDR4-3600 CL18 CRAS X RGB 패키지,ESSENCORE KLEVV CRAS X RGB 패키지,DDR4,3600,CL18,16GB(8GX2),16,0,0,0,0,0,0,0,0,0,0,0,0,0,0,0,0,0,0,0,0,0,0,0,0,0,73960,73960,73960,73960,73960,73960
27885218,ESSENCORE KLEVV DDR4-3600 CL18 CRAS X RGB 패키지 서린,ESSENCORE KLEVV CRAS X RGB 패키지 서린,DDR4,3600,CL18,32GB(16GX2),32,112600,110990,110990,112990,110980,110960,110910,110990,0,0,0,0,0,0,110240,111000,113000,113000,111000,0,0,0,0,0,0,0,0,0,0,0,0
27885218,ESSENCORE KLEVV DDR4-3600 CL18 CRAS X RGB 패키지 서린,ESSENCORE KLEVV CRAS X RGB 패키지 서린,DDR4,3600,CL18,16GB(8GX2),16,63900,63900,64000,64000,63500,63500,63990,64000,0,0,0,0,0,0,64000,63990,63990,64000,64000,0,0,0,0,0,0,0,0,0,0,0,0
27885311,ESSENCORE KLEVV DDR4-3600 CL18 CRAS X RGB 패키지 서린,ESSENCORE KLEVV CRAS X RGB 패키지 서린,DDR4,3600,CL18,32GB(16GX2),32,0,0,0,0,0,0,0,0,110980,110990,109200,109200,110990,113000,0,0,0,0,0,111000,113000,113000,113000,113000,113000,109200,110990,111710,112990,112990,111000
27885311,ESSENCORE KLEVV DDR4-3600 CL18 CRAS X RGB 패키지 서린,ESSENCORE KLEVV CRAS X RGB 패키지 서린,DDR4,3600,CL18,16GB(8GX2),16,0,0,0,0,0,0,0,0,64000,64000,61850,61850,64000,64000,0,0,0,0,0,64000,64000,63790,63770,63730,63720,61850,63680,63650,63620,63600,63580
12122072,ESSENCORE KLEVV DDR4-3600 CL18 CRAS XR RGB,ESSENCORE KLEVV CRAS XR RGB,DDR4,3600,CL18,16GB,16,72870,72870,72870,72870,72870,72870,72870,72870,72870,72870,72870,72870,72870,72870,72870,0,0,72870,72870,72870,72870,72870,72870,72870,72870,72870,72870,72870,72870,0,0
12122072,ESSENCORE KLEVV DDR4-3600 CL18 CRAS XR RGB,ESSENCORE KLEVV CRAS XR RGB,DDR4,3600,CL18,8GB,8,276830,276830,276830,276830,276830,276830,276830,271530,276830,276830,265050,276830,276830,276830,265050,0,0,276830,276830,276830,276830,276830,276830,276830,276830,276830,276830,271380,283440,0,0
27885863,ESSENCORE KLEVV DDR4-3600 CL18 CRAS XR RGB 패키지 서린,ESSENCORE KLEVV CRAS XR RGB 패키지 서린,DDR4,3600,CL18,32GB(16GX2),32,114600,114600,115000,114400,113990,113990,115000,0,0,0,0,0,0,0,0,0,0,0,0,115000,115000,115000,114950,114910,0,0,0,0,114750,114690,114600
27885863,ESSENCORE KLEVV DDR4-3600 CL18 CRAS XR RGB 패키지 서린,ESSENCORE KLEVV CRAS XR RGB 패키지 서린,DDR4,3600,CL18,16GB(8GX2),16,63900,63900,64000,63990,63500,63500,63990,0,0,0,0,0,0,0,0,0,0,0,0,64000,64000,63990,63860,63820,0,0,0,0,63660,63560,63450
27885758,ESSENCORE KLEVV DDR4-3600 CL18 CRAS XR RGB 패키지 서린,ESSENCORE KLEVV CRAS XR RGB 패키지 서린,DDR4,3600,CL18,32GB(16GX2),32,0,0,0,0,0,0,0,115000,114990,114990,111080,111080,114990,114990,114590,114990,114990,115000,113000,0,0,0,0,0,114900,111090,114860,114820,0,0,0
27885758,ESSENCORE KLEVV DDR4-3600 CL18 CRAS XR RGB 패키지 서린,ESSENCORE KLEVV CRAS XR RGB 패키지 서린,DDR4,3600,CL18,16GB(8GX2),16,0,0,0,0,0,0,0,64000,63990,64000,61850,61850,64000,64000,64000,63990,63990,64000,64000,0,0,0,0,0,63790,61850,63710,63680,0,0,0
27913391,ESSENCORE KLEVV DDR5-5600 CL46,ESSENCORE KLEVV,DDR5,5600,CL46,32GB,32,124790,124710,124940,124830,124710,0,0,0,0,0,0,0,0,0,0,0,0,0,0,0,0,0,0,0,0,0,0,0,0,0,0
27913391,ESSENCORE KLEVV DDR5-5600 CL46,ESSENCORE KLEVV,DDR5,5600,CL46,16GB,16,65300,66970,65770,65630,65000,0,0,0,0,0,0,0,0,0,0,0,0,0,0,0,0,0,0,0,0,0,0,0,0,0,0
18965774,ESSENCORE KLEVV DDR5-5600 CL46,ESSENCORE KLEVV,DDR5,5600,CL46,32GB,32,0,0,0,0,0,124630,124610,124520,124750,124660,124600,124600,126760,126740,126770,126750,126670,126620,126530,126430,126320,126200,126200,126120,125950,125900,125800,125760,125460,124720,124500
18965774,ESSENCORE KLEVV DDR5-5600 CL46,ESSENCORE KLEVV,DDR5,5600,CL46,16GB,16,0,0,0,0,0,65000,65550,63591,63500,63390,64700,64700,64670,65500,65500,65500,65500,65480,65480,65450,65440,65440,65430,65430,65420,65420,65420,65270,65260,65250,65240
32076077,ESSENCORE KLEVV DDR5-6000 CL30 CRAS V RGB WHITE 패키지 서린,ESSENCORE KLEVV CRAS V RGB WHITE 패키지 서린,DDR5,6000,CL30,32GB(16GX2),32,189400,188000,190000,190000,188300,188300,190000,190000,190000,190000,190000,188000,188000,190000,185290,189990,189990,190000,190000,190000,190000,190000,190000,190000,190000,183540,187990,189990,187990,187990,187990
32076077,ESSENCORE KLEVV DDR5-6000 CL30 CRAS V RGB WHITE 패키지 서린,ESSENCORE KLEVV CRAS V RGB WHITE 패키지 서린,DDR5,6000,CL30,48GB(24GX2),48,249100,249100,250000,250000,247700,247700,250000,250000,250000,250000,241500,241500,250000,250000,243800,249990,249990,249990,249990,249990,250000,250000,249990,249990,249990,241500,249990,249990,249990,249990,249990
32076077,ESSENCORE KLEVV DDR5-6000 CL30 CRAS V RGB WHITE 패키지 서린,ESSENCORE KLEVV CRAS V RGB WHITE 패키지 서린,DDR5,6000,CL30,64GB(32GX2),64,350000,350000,350000,350000,350000,350000,350000,0,0,0,0,0,0,0,341320,340000,340000,339990,339990,340000,340000,340000,339990,339990,339990,338100,340000,345980,346800,346800,346800
27886268,ESSENCORE KLEVV DDR5-6000 CL30 CRAS V RGB 패키지 서린,ESSENCORE KLEVV CRAS V RGB 패키지 서린,DDR5,6000,CL30,64GB(32GX2),64,348800,348000,350000,350000,346800,346800,347990,348000,350000,350000,338100,338100,348000,350000,341320,347990,347990,350000,348000,348000,350000,349990,349160,347970,347940,338100,347860,347780,347700,347680,347660
27886268,ESSENCORE KLEVV DDR5-6000 CL30 CRAS V RGB 패키지 서린,ESSENCORE KLEVV CRAS V RGB 패키지 서린,DDR5,6000,CL30,48GB(24GX2),48,249100,249100,250000,250000,247700,247700,250000,250000,250000,250000,241500,241500,250000,250000,250000,250000,250000,250000,250000,250000,250000,250000,250000,250000,250000,241500,250000,250000,250000,250000,250000
27886268,ESSENCORE KLEVV DDR5-6000 CL30 CRAS V RGB 패키지 서린,ESSENCORE KLEVV CRAS V RGB 패키지 서린,DDR5,6000,CL30,32GB(16GX2),32,189400,188000,190000,190000,187990,187990,187990,190000,190000,190000,183530,183530,188000,190000,185290,187990,187990,190000,188000,188000,190000,188990,189000,190000,190000,183540,187990,187040,187040,187040,187040
27888203,ESSENCORE KLEVV DDR5-6000 CL32 CRAS XR5 RGB 패키지 서린,ESSENCORE KLEVV CRAS XR5 RGB 패키지 서린,DDR5,6000,CL32,64GB(32GX2),64,396640,396640,396640,396640,396640,396640,396640,396640,396640,396640,396640,396640,396640,396640,396640,396640,396640,396640,396640,396640,396640,396640,392020,392020,392020,392020,392020,392020,392020,392020,392020
27888203,ESSENCORE KLEVV DDR5-6000 CL32 CRAS XR5 RGB 패키지 서린,ESSENCORE KLEVV CRAS XR5 RGB 패키지 서린,DDR5,6000,CL32,32GB(16GX2),32,179400,178000,179880,179880,177990,177990,177990,178000,179880,179880,173880,173880,178000,180000,180000,178000,172800,180000,178000,178000,180000,180000,179990,177950,177940,173880,177900,177870,177850,177750,177640
32075993,ESSENCORE KLEVV DDR5-6400 CL32 CRAS V RGB WHITE 패키지 서린,ESSENCORE KLEVV CRAS V RGB WHITE 패키지 서린,DDR5,6400,CL32,32GB(16GX2),32,193400,193400,194000,194000,192300,192300,193990,194000,194000,194000,187430,187430,194000,194000,194000,193990,193990,194000,194000,194000,194000,193990,193990,193990,193990,187430,193990,193990,193990,193990,193990
32075993,ESSENCORE KLEVV DDR5-6400 CL32 CRAS V RGB WHITE 패키지 서린,ESSENCORE KLEVV CRAS V RGB WHITE 패키지 서린,DDR5,6400,CL32,48GB(24GX2),48,269100,269100,270000,270000,267600,267600,270000,270000,270000,270000,270000,270000,270000,270000,270000,269990,270000,270000,270000,270000,270000,270000,270000,270000,270000,260820,270000,270000,270000,270000,270000
32075993,ESSENCORE KLEVV DDR5-6400 CL32 CRAS V RGB WHITE 패키지 서린,ESSENCORE KLEVV CRAS V RGB WHITE 패키지 서린,DDR5,6400,CL32,64GB(32GX2),64,358800,358800,360000,359000,356690,356690,360000,360000,360000,360000,347760,347760,360000,360000,351080,360000,360000,360000,355000,360000,360000,360000,360000,360000,358000,347760,360000,360000,360000,360000,360000
37989125,ESSENCORE KLEVV DDR5-6400 CL32 CRAS V RGB WHITE 패키지 서린,ESSENCORE KLEVV CRAS V RGB WHITE 패키지 서린,DDR5,6400,CL32,32GB(16GX2),32,193400,193400,194000,194000,192300,192300,193990,194000,194000,194000,187430,187430,194000,194000,194000,193990,193990,194000,194000,194000,194000,193990,0,0,0,0,0,193990,193990,193990,0
37989125,ESSENCORE KLEVV DDR5-6400 CL32 CRAS V RGB WHITE 패키지 서린,ESSENCORE KLEVV CRAS V RGB WHITE 패키지 서린,DDR5,6400,CL32,48GB(24GX2),48,269100,269100,270000,270000,267600,267600,270000,270000,270000,270000,270000,270000,270000,270000,270000,269990,270000,270000,270000,270000,270000,270000,0,0,0,0,0,270000,270000,270000,0
37989125,ESSENCORE KLEVV DDR5-6400 CL32 CRAS V RGB WHITE 패키지 서린,ESSENCORE KLEVV CRAS V RGB WHITE 패키지 서린,DDR5,6400,CL32,64GB(32GX2),64,358800,358800,360000,359000,356690,356690,360000,360000,360000,360000,347760,347760,360000,360000,351080,360000,360000,360000,355000,360000,360000,360000,0,0,0,0,0,360000,360000,360000,0
30002912,ESSENCORE KLEVV DDR5-6400 CL32 CRAS V RGB 패키지 서린,ESSENCORE KLEVV CRAS V RGB 패키지 서린,DDR5,6400,CL32,64GB(32GX2),64,358800,358000,360000,360000,356700,356700,357990,358000,360000,360000,347760,0,0,0,0,0,0,0,0,0,0,0,0,0,0,0,0,0,357990,357990,357990
30002912,ESSENCORE KLEVV DDR5-6400 CL32 CRAS V RGB 패키지 서린,ESSENCORE KLEVV CRAS V RGB 패키지 서린,DDR5,6400,CL32,48GB(24GX2),48,269100,269100,269950,269990,267600,267600,269960,269990,269990,269990,260820,0,0,0,0,0,0,0,0,0,0,0,0,0,0,0,0,0,270000,270000,270000
30002912,ESSENCORE KLEVV DDR5-6400 CL32 CRAS V RGB 패키지 서린,ESSENCORE KLEVV CRAS V RGB 패키지 서린,DDR5,6400,CL32,32GB(16GX2),32,189000,189000,189000,189000,188990,188990,188990,189000,189000,189000,187430,0,0,0,0,0,0,0,0,0,0,0,0,0,0,0,0,0,189000,189000,189000
27886454,ESSENCORE KLEVV DDR5-6400 CL32 CRAS V RGB 패키지 서린,ESSENCORE KLEVV CRAS V RGB 패키지 서린,DDR5,6400,CL32,64GB(32GX2),64,0,0,0,0,0,0,0,0,0,0,0,347760,358000,360000,360000,357990,357990,360000,358000,357990,360000,359990,359990,359990,359990,347760,357990,357990,0,0,0
27886454,ESSENCORE KLEVV DDR5-6400 CL32 CRAS V RGB 패키지 서린,ESSENCORE KLEVV CRAS V RGB 패키지 서린,DDR5,6400,CL32,48GB(24GX2),48,0,0,0,0,0,0,0,0,0,0,0,260820,269990,269990,269990,269980,269930,270000,270000,270000,270000,270000,270000,270000,270000,260820,270000,270000,0,0,0
27886454,ESSENCORE KLEVV DDR5-6400 CL32 CRAS V RGB 패키지 서린,ESSENCORE KLEVV CRAS V RGB 패키지 서린,DDR5,6400,CL32,32GB(16GX2),32,0,0,0,0,0,0,0,0,0,0,0,187430,189000,189000,189000,189000,189000,189000,189000,189000,189000,189000,189000,189000,189000,187430,189000,189000,0,0,0
37989197,ESSENCORE KLEVV DDR5-7200 CL34 CRAS V RGB White 패키지 서린,ESSENCORE KLEVV CRAS V RGB White 패키지 서린,DDR5,7200,CL34,32GB(16GX2),32,179400,194300,194990,194990,193200,193200,194990,194990,194990,194990,188370,188370,194990,194990,195000,195000,195000,195000,195000,195000,195000,195000,195000,195000,195000,188370,195000,195000,195000,195000,195000
37989197,ESSENCORE KLEVV DDR5-7200 CL34 CRAS V RGB White 패키지 서린,ESSENCORE KLEVV CRAS V RGB White 패키지 서린,DDR5,7200,CL34,48GB(24GX2),48,248400,269100,270000,270000,267600,267600,270000,270000,270000,270000,260820,260820,270000,270000,270000,270000,270000,270000,270000,270000,270000,270000,270000,270000,270000,260820,270000,270000,270000,270000,270000
37989224,ESSENCORE KLEVV DDR5-7200 CL34 CRAS V RGB White 패키지 서린,ESSENCORE KLEVV CRAS V RGB White 패키지 서린,DDR5,7200,CL34,32GB(16GX2),32,0,0,0,0,0,0,0,0,194990,194990,0,0,0,0,0,0,0,0,0,0,195000,195000,195000,195000,195000,188370,195000,195000,195000,195000,195000
37989224,ESSENCORE KLEVV DDR5-7200 CL34 CRAS V RGB White 패키지 서린,ESSENCORE KLEVV CRAS V RGB White 패키지 서린,DDR5,7200,CL34,48GB(24GX2),48,0,0,0,0,0,0,0,0,270000,270000,0,0,0,0,0,0,0,0,0,0,270000,270000,270000,270000,270000,260820,270000,270000,270000,270000,270000
30002993,ESSENCORE KLEVV DDR5-7200 CL34 CRAS V RGB 패키지 서린,ESSENCORE KLEVV CRAS V RGB 패키지 서린,DDR5,7200,CL34,48GB(24GX2),48,248400,0,0,0,0,0,0,0,0,0,0,0,0,0,0,0,0,0,0,0,0,0,0,0,0,0,0,270000,270000,270000,270000
30002993,ESSENCORE KLEVV DDR5-7200 CL34 CRAS V RGB 패키지 서린,ESSENCORE KLEVV CRAS V RGB 패키지 서린,DDR5,7200,CL34,32GB(16GX2),32,179400,0,0,0,0,0,0,0,0,0,0,0,0,0,0,0,0,0,0,0,0,0,0,0,0,0,0,195000,195000,195000,195000
27886676,ESSENCORE KLEVV DDR5-7200 CL34 CRAS V RGB 패키지 서린,ESSENCORE KLEVV CRAS V RGB 패키지 서린,DDR5,7200,CL34,48GB(24GX2),48,0,269100,270000,270000,267600,267600,270000,270000,270000,270000,260820,260820,270000,270000,270000,270000,270000,270000,270000,270000,270000,270000,270000,270000,270000,260820,270000,0,0,0,0
27886676,ESSENCORE KLEVV DDR5-7200 CL34 CRAS V RGB 패키지 서린,ESSENCORE KLEVV CRAS V RGB 패키지 서린,DDR5,7200,CL34,32GB(16GX2),32,0,194300,195000,195000,193200,193200,195000,195000,195000,195000,188370,188370,195000,195000,195000,195000,195000,195000,195000,195000,195000,195000,195000,195000,195000,188370,195000,0,0,0,0
37989251,ESSENCORE KLEVV DDR5-7600 CL36 CRAS V RGB White 패키지 서린,ESSENCORE KLEVV CRAS V RGB White 패키지 서린,DDR5,7600,CL36,32GB(16GX2),32,268160,268160,268160,268160,268160,268160,268160,268160,268160,268160,268160,268160,268160,268160,268160,268160,263550,263540,263420,263340,263240,263190,268160,289610,289610,289610,289610,289610,289610,289610,289610
37989251,ESSENCORE KLEVV DDR5-7600 CL36 CRAS V RGB White 패키지 서린,ESSENCORE KLEVV CRAS V RGB White 패키지 서린,DDR5,7600,CL36,48GB(24GX2),48,294400,318900,320000,320000,317100,317100,320000,320000,320000,320000,320000,320000,320000,320000,320000,320000,320000,320000,320000,320000,320000,320000,320000,320000,320000,320000,320000,320000,320000,320000,320000
37989272,ESSENCORE KLEVV DDR5-7600 CL36 CRAS V RGB White 패키지 서린,ESSENCORE KLEVV CRAS V RGB White 패키지 서린,DDR5,7600,CL36,32GB(16GX2),32,268160,268160,268160,268160,268160,268160,268160,268160,268160,268160,268160,268160,268160,268160,268160,0,0,0,0,0,0,0,0,0,0,0,0,0,0,0,0
37989272,ESSENCORE KLEVV DDR5-7600 CL36 CRAS V RGB White 패키지 서린,ESSENCORE KLEVV CRAS V RGB White 패키지 서린,DDR5,7600,CL36,48GB(24GX2),48,294400,318900,320000,320000,317100,317100,320000,320000,320000,320000,320000,320000,320000,320000,320000,0,0,0,0,0,0,0,0,0,0,0,0,0,0,0,0
27886853,ESSENCORE KLEVV DDR5-7600 CL36 CRAS V RGB 패키지 서린,ESSENCORE KLEVV CRAS V RGB 패키지 서린,DDR5,7600,CL36,48GB(24GX2),48,294400,318900,319990,320000,317100,317100,319990,320000,320000,320000,309120,309120,320000,320000,320000,319990,319990,320000,320000,320000,320000,320000,319990,319990,319990,309120,319990,319990,319990,319990,319990
27886853,ESSENCORE KLEVV DDR5-7600 CL36 CRAS V RGB 패키지 서린,ESSENCORE KLEVV CRAS V RGB 패키지 서린,DDR5,7600,CL36,32GB(16GX2),32,225400,244200,245000,245000,242800,242800,245000,245000,245000,245000,236670,236670,245000,245000,245000,245000,245000,245000,245000,245000,245000,245000,245000,245000,245000,236670,245000,245000,245000,245000,245000
49274867,ESSENCORE KLEVV DDR5-8000 CL38 CRAS V RGB 패키지 서린,ESSENCORE KLEVV CRAS V RGB 패키지 서린,DDR5,8000,CL38,48GB(24GX2),48,404800,438500,439990,439980,436000,0,0,0,0,0,0,0,0,0,0,0,0,0,0,0,0,0,0,0,0,0,0,0,0,0,0
49274867,ESSENCORE KLEVV DDR5-8000 CL38 CRAS V RGB 패키지 서린,ESSENCORE KLEVV CRAS V RGB 패키지 서린,DDR5,8000,CL38,32GB(16GX2),32,322000,348800,349990,350000,346800,0,0,0,0,0,0,0,0,0,0,0,0,0,0,0,0,0,0,0,0,0,0,0,0,0,0
27886973,ESSENCORE KLEVV DDR5-8000 CL38 CRAS V RGB 패키지 서린,ESSENCORE KLEVV CRAS V RGB 패키지 서린,DDR5,8000,CL38,48GB(24GX2),48,0,0,0,0,0,436000,439910,439850,439810,439740,425040,425040,439990,439990,439990,439980,439900,439790,439680,439600,439530,439430,439320,439260,439170,425040,439130,439090,438980,438880,438770
27886973,ESSENCORE KLEVV DDR5-8000 CL38 CRAS V RGB 패키지 서린,ESSENCORE KLEVV CRAS V RGB 패키지 서린,DDR5,8000,CL38,32GB(16GX2),32,0,0,0,0,0,346800,350000,350000,350000,350000,338100,338100,350000,350000,341320,349990,349990,350000,350000,350000,350000,349990,349990,349990,349990,338100,349990,349990,349990,349990,349990
9391317,ESSENCORE KLEVV 노트북 DDR4-2666 CL19,ESSENCORE KLEVV 노트북,DDR4,2666,CL19,16GB,16,38830,38830,39650,39650,39300,39300,39650,0,0,39630,39100,39100,39620,39570,39540,0,0,39650,39650,39650,39650,39650,39650,39050,38990,38990,38990,40470,40500,41160,41160
9391317,ESSENCORE KLEVV 노트북 DDR4-2666 CL19,ESSENCORE KLEVV 노트북,DDR4,2666,CL19,8GB,8,20140,20050,20940,20730,20400,20400,20670,0,0,20570,20300,20300,20500,20580,20500,0,0,20310,20200,20100,20040,19940,19840,19800,20340,20340,20340,21000,21000,20350,20650
9391317,ESSENCORE KLEVV 노트북 DDR4-2666 CL19,ESSENCORE KLEVV 노트북,DDR4,2666,CL19,4GB,4,17660,17660,17110,17110,17110,17110,17110,0,0,17110,17110,17110,17110,17110,13900,0,0,13900,13900,13900,13900,13900,16460,16460,17110,17110,17110,17660,17660,17660,17110
9391296,ESSENCORE KLEVV 노트북 DDR4-2666 CL19,ESSENCORE KLEVV 노트북,DDR4,2666,CL19,16GB,16,0,0,0,0,0,0,0,39650,39650,0,0,0,0,0,0,0,0,0,0,0,0,0,0,0,0,0,0,0,0,0,0
9391296,ESSENCORE KLEVV 노트북 DDR4-2666 CL19,ESSENCORE KLEVV 노트북,DDR4,2666,CL19,8GB,8,0,0,0,0,0,0,0,20600,20700,0,0,0,0,0,0,0,0,0,0,0,0,0,0,0,0,0,0,0,0,0,0
9391296,ESSENCORE KLEVV 노트북 DDR4-2666 CL19,ESSENCORE KLEVV 노트북,DDR4,2666,CL19,4GB,4,0,0,0,0,0,0,0,17110,17110,0,0,0,0,0,0,0,0,0,0,0,0,0,0,0,0,0,0,0,0,0,0
14205968,ESSENCORE KLEVV 노트북 DDR4-3200 CL22,ESSENCORE KLEVV 노트북,DDR4,3200,CL22,32GB,32,80000,80000,0,0,0,0,0,0,0,0,0,0,0,0,0,0,0,80590,80590,80590,0,0,0,80520,80430,80430,80430,80560,81990,82000,82000
14205968,ESSENCORE KLEVV 노트북 DDR4-3200 CL22,ESSENCORE KLEVV 노트북,DDR4,3200,CL22,16GB,16,41050,40990,0,0,0,0,0,0,0,0,0,0,0,0,0,0,0,42020,41920,41900,0,0,0,44880,44880,44880,44880,44900,45040,45040,45040
14205968,ESSENCORE KLEVV 노트북 DDR4-3200 CL22,ESSENCORE KLEVV 노트북,DDR4,3200,CL22,8GB,8,21500,21500,0,0,0,0,0,0,0,0,0,0,0,0,0,0,0,21400,21370,21330,0,0,0,21960,21950,22090,21160,23010,23010,23010,23010
11787154,ESSENCORE KLEVV 노트북 DDR4-3200 CL22,ESSENCORE KLEVV 노트북,DDR4,3200,CL22,32GB,32,0,0,80600,0,0,0,0,0,0,0,0,0,0,0,0,0,0,0,0,0,80590,0,80590,0,0,0,0,0,0,0,0
11787154,ESSENCORE KLEVV 노트북 DDR4-3200 CL22,ESSENCORE KLEVV 노트북,DDR4,3200,CL22,16GB,16,0,0,41000,0,0,0,0,0,0,0,0,0,0,0,0,0,0,0,0,0,41780,0,42760,0,0,0,0,0,0,0,0
11787154,ESSENCORE KLEVV 노트북 DDR4-3200 CL22,ESSENCORE KLEVV 노트북,DDR4,3200,CL22,8GB,8,0,0,21540,0,0,0,0,0,0,0,0,0,0,0,0,0,0,0,0,0,21960,0,21940,0,0,0,0,0,0,0,0
11787178,ESSENCORE KLEVV 노트북 DDR4-3200 CL22,ESSENCORE KLEVV 노트북,DDR4,3200,CL22,32GB,32,0,0,0,80600,79500,79500,80600,80600,80600,80600,79200,79200,80600,80610,80600,0,0,0,0,0,0,80590,0,0,0,0,0,0,0,0,0
11787178,ESSENCORE KLEVV 노트북 DDR4-3200 CL22,ESSENCORE KLEVV 노트북,DDR4,3200,CL22,16GB,16,0,0,0,40950,40950,40628,40620,40620,40620,41220,41500,41500,42200,42190,42200,0,0,0,0,0,0,41700,0,0,0,0,0,0,0,0,0
11787178,ESSENCORE KLEVV 노트북 DDR4-3200 CL22,ESSENCORE KLEVV 노트북,DDR4,3200,CL22,8GB,8,0,0,0,21430,21300,21300,21360,21310,21520,21400,20500,21300,21550,21500,21470,0,0,0,0,0,0,22000,0,0,0,0,0,0,0,0,0
6540147,G.SKILL DDR4-2666 CL19 AEGIS,G.SKILL AEGIS,DDR4,2666,CL19,16GB,16,43990,44000,44000,44000,0,0,0,0,44000,44000,43900,43900,43990,44000,44000,43990,44000,44000,44000,44000,43990,44000,43990,44000,43990,43990,43990,44000,44000,45980,45980
6540147,G.SKILL DDR4-2666 CL19 AEGIS,G.SKILL AEGIS,DDR4,2666,CL19,8GB,8,23990,24000,24000,24000,0,0,0,0,24000,24000,23990,23990,23990,23990,24000,23990,23990,23990,24000,24000,23990,24000,23990,24000,23990,23990,23990,24000,24000,24000,24000
6002268,G.SKILL DDR4-2666 CL19 AEGIS,G.SKILL AEGIS,DDR4,2666,CL19,16GB,16,0,0,0,0,44000,44000,44000,44000,0,0,0,0,0,0,0,0,0,0,0,0,0,0,0,0,0,0,0,0,0,0,0
6002268,G.SKILL DDR4-2666 CL19 AEGIS,G.SKILL AEGIS,DDR4,2666,CL19,8GB,8,0,0,0,0,24000,24000,24000,24000,0,0,0,0,0,0,0,0,0,0,0,0,0,0,0,0,0,0,0,0,0,0,0
7029922,G.SKILL DDR4-3000 CL16 TRIDENT Z ROYAL 실버 패키지,G.SKILL TRIDENT Z ROYAL 실버 패키지,DDR4,3000,CL16,32GB(16GX2),32,413600,413600,413600,413600,413600,413600,0,0,0,0,0,413600,413600,413600,413600,0,0,413600,0,0,0,0,0,0,0,0,0,0,0,0,0
7029922,G.SKILL DDR4-3000 CL16 TRIDENT Z ROYAL 실버 패키지,G.SKILL TRIDENT Z ROYAL 실버 패키지,DDR4,3000,CL16,16GB(8GX2),16,173850,173850,173850,173850,173850,173850,0,0,0,0,0,173850,173850,173850,173850,0,0,173850,0,0,0,0,0,0,0,0,0,0,0,0,0
7030399,G.SKILL DDR4-3000 CL16 TRIDENT Z ROYAL 실버 패키지,G.SKILL TRIDENT Z ROYAL 실버 패키지,DDR4,3000,CL16,32GB(16GX2),32,0,0,0,0,0,0,413600,413600,413600,413600,413600,0,0,0,0,0,0,0,413600,413600,413600,413600,413600,413600,413600,413600,413600,413600,413600,413600,413600
7030399,G.SKILL DDR4-3000 CL16 TRIDENT Z ROYAL 실버 패키지,G.SKILL TRIDENT Z ROYAL 실버 패키지,DDR4,3000,CL16,16GB(8GX2),16,0,0,0,0,0,0,173850,173850,173850,173850,173850,0,0,0,0,0,0,0,173850,173850,173850,173850,173850,173850,173850,173850,173850,173850,173850,173850,173850
5107193,G.SKILL DDR4-3200 CL14 FLARE X 블랙 DUAL 패키지,G.SKILL FLARE X 블랙 DUAL 패키지,DDR4,3200,CL14,32GB(16GX2),32,218300,218300,218880,218880,216900,216900,218880,218880,0,0,0,0,218870,218870,204280,0,0,0,0,0,0,0,0,0,0,0,0,0,0,0,0
5107193,G.SKILL DDR4-3200 CL14 FLARE X 블랙 DUAL 패키지,G.SKILL FLARE X 블랙 DUAL 패키지,DDR4,3200,CL14,16GB(8GX2),16,108700,108700,109000,109000,108000,108000,109000,109000,0,0,0,0,108990,109000,109000,0,0,0,0,0,0,0,0,0,0,0,0,0,0,0,0
11421180,G.SKILL DDR4-3200 CL14 FLARE X 블랙 DUAL 패키지,G.SKILL FLARE X 블랙 DUAL 패키지,DDR4,3200,CL14,32GB(16GX2),32,0,0,0,0,0,0,0,0,218880,218880,216200,216200,0,0,0,0,0,202090,202090,202090,202090,202090,202090,202090,202090,202090,202090,202090,202090,202090,202090
11421180,G.SKILL DDR4-3200 CL14 FLARE X 블랙 DUAL 패키지,G.SKILL FLARE X 블랙 DUAL 패키지,DDR4,3200,CL14,16GB(8GX2),16,0,0,0,0,0,0,0,0,109000,109000,104420,108990,0,0,0,0,0,109000,109000,109000,109000,109000,109000,109000,109000,109000,109000,109000,109000,109000,109000
6419514,G.SKILL DDR4-3200 CL14 RIPJAWS V VK 패키지,G.SKILL RIPJAWS V VK 패키지,DDR4,3200,CL14,32GB(16GX2),32,208300,208300,209000,208990,207000,207000,208990,208990,209000,209000,206400,206400,208990,208990,208940,208990,208930,208820,208700,208610,208520,208500,198670,198590,198510,198430,198410,198390,198370,198270,198160
6419514,G.SKILL DDR4-3200 CL14 RIPJAWS V VK 패키지,G.SKILL RIPJAWS V VK 패키지,DDR4,3200,CL14,16GB(8GX2),16,107570,107560,107560,107570,107570,107560,107570,109000,109000,109000,107700,107700,109000,107560,102120,101040,100980,100900,100810,100700,100610,100540,99300,99260,99250,99230,99230,99210,99150,99130,99120
9480261,G.SKILL DDR4-3200 CL14 TRIDENT Z NEO 패키지,G.SKILL TRIDENT Z NEO 패키지,DDR4,3200,CL14,32GB(16GX2),32,256750,256760,256760,256760,256500,256500,256760,256760,256760,256760,255700,255700,256750,253660,0,0,0,0,0,0,228140,0,0,0,0,0,0,0,0,0,0
9480261,G.SKILL DDR4-3200 CL14 TRIDENT Z NEO 패키지,G.SKILL TRIDENT Z NEO 패키지,DDR4,3200,CL14,32GB(8GX4),32,244140,244140,244140,244140,238800,238800,238800,238800,238800,238800,241490,241490,241490,179000,0,0,0,0,0,0,179000,0,0,0,0,0,0,0,0,0,0
9480261,G.SKILL DDR4-3200 CL14 TRIDENT Z NEO 패키지,G.SKILL TRIDENT Z NEO 패키지,DDR4,3200,CL14,16GB(8GX2),16,144000,144000,144000,144000,144000,144000,144000,144000,144000,144000,137940,143990,143990,144000,0,0,0,0,0,0,108800,0,0,0,0,0,0,0,0,0,0
9470907,G.SKILL DDR4-3200 CL14 TRIDENT Z NEO 패키지,G.SKILL TRIDENT Z NEO 패키지,DDR4,3200,CL14,32GB(16GX2),32,0,0,0,0,0,0,0,0,0,0,0,0,0,0,228150,228150,0,228140,228140,228140,0,228140,226760,226720,226710,226690,226580,226380,226380,226380,226380
9470907,G.SKILL DDR4-3200 CL14 TRIDENT Z NEO 패키지,G.SKILL TRIDENT Z NEO 패키지,DDR4,3200,CL14,32GB(8GX4),32,0,0,0,0,0,0,0,0,0,0,0,0,0,0,179000,179000,0,179000,179000,179000,0,179000,179000,179000,179000,179000,179000,179000,179000,179000,179000
9470907,G.SKILL DDR4-3200 CL14 TRIDENT Z NEO 패키지,G.SKILL TRIDENT Z NEO 패키지,DDR4,3200,CL14,16GB(8GX2),16,0,0,0,0,0,0,0,0,0,0,0,0,0,0,144000,144000,0,144000,144000,144000,0,108800,108800,108800,108800,108800,108800,108800,108800,108800,108800
4905041,G.SKILL DDR4-3200 CL14 TRIDENT Z RGB 패키지,G.SKILL TRIDENT Z RGB 패키지,DDR4,3200,CL14,32GB(16GX2),32,248200,248200,249000,249000,246600,246600,249000,249000,249000,249000,245900,245900,249000,249000,225780,223400,223390,223390,223390,223390,223390,223390,223380,223330,223320,223310,223290,223260,223180,223160,223140
4905041,G.SKILL DDR4-3200 CL14 TRIDENT Z RGB 패키지,G.SKILL TRIDENT Z RGB 패키지,DDR4,3200,CL14,32GB(8GX4),32,230330,230330,230330,230330,228400,228400,228400,228400,228400,228400,230330,230330,230330,219870,219860,219860,219860,219840,219840,219830,219830,219830,189000,189000,189000,189000,189000,189000,189000,189000,189000
4905041,G.SKILL DDR4-3200 CL14 TRIDENT Z RGB 패키지,G.SKILL TRIDENT Z RGB 패키지,DDR4,3200,CL14,16GB(8GX2),16,133860,133780,133720,133700,133580,133500,133480,133420,133400,133310,137370,136920,136830,136730,128880,127620,127560,127450,127330,127250,127230,127150,125450,125370,125360,125350,125330,125310,125290,125190,125080
7937980,G.SKILL DDR4-3200 CL14 TRIDENT Z ROYAL 골드 패키지,G.SKILL TRIDENT Z ROYAL 골드 패키지,DDR4,3200,CL14,128GB(16GX8),128,717930,717930,717930,0,0,0,0,0,0,717930,717930,717930,717930,717930,717930,0,0,717930,717930,717930,717930,717930,717930,717930,717930,717930,717930,713750,717930,717930,717930
7937980,G.SKILL DDR4-3200 CL14 TRIDENT Z ROYAL 골드 패키지,G.SKILL TRIDENT Z ROYAL 골드 패키지,DDR4,3200,CL14,64GB(16GX4),64,722790,722790,722790,0,0,0,0,0,0,722790,722790,722790,722790,722790,722790,0,0,722790,722790,722790,722790,722790,722790,722790,722790,722790,722790,722790,722790,722790,722790
7937980,G.SKILL DDR4-3200 CL14 TRIDENT Z ROYAL 골드 패키지,G.SKILL TRIDENT Z ROYAL 골드 패키지,DDR4,3200,CL14,32GB(16GX2),32,288100,288100,289000,0,0,0,0,0,0,289000,285300,285300,289000,289000,279510,0,0,276540,276540,276540,276540,276540,271890,271810,271800,271790,271770,271740,271630,271530,271420
7937980,G.SKILL DDR4-3200 CL14 TRIDENT Z ROYAL 골드 패키지,G.SKILL TRIDENT Z ROYAL 골드 패키지,DDR4,3200,CL14,32GB(8GX4),32,293150,293150,293150,0,0,0,0,0,0,290690,293150,293150,293150,219000,219000,0,0,219000,219000,219000,219000,219000,219000,219000,219000,219000,219000,219000,219000,219000,219000
7937980,G.SKILL DDR4-3200 CL14 TRIDENT Z ROYAL 골드 패키지,G.SKILL TRIDENT Z ROYAL 골드 패키지,DDR4,3200,CL14,16GB(8GX2),16,178400,178400,179000,0,0,0,0,0,0,179000,176800,176800,179000,179000,171410,0,0,169930,169830,169810,152500,152500,152500,152500,152500,152500,152500,152500,152500,152500,152500
7029706,G.SKILL DDR4-3200 CL14 TRIDENT Z ROYAL 골드 패키지,G.SKILL TRIDENT Z ROYAL 골드 패키지,DDR4,3200,CL14,128GB(16GX8),128,0,0,0,717930,717930,717930,717930,717930,717930,0,0,0,0,0,0,0,0,0,0,0,0,0,0,0,0,0,0,0,0,0,0
7029706,G.SKILL DDR4-3200 CL14 TRIDENT Z ROYAL 골드 패키지,G.SKILL TRIDENT Z ROYAL 골드 패키지,DDR4,3200,CL14,64GB(16GX4),64,0,0,0,722790,722790,722790,722790,722790,722790,0,0,0,0,0,0,0,0,0,0,0,0,0,0,0,0,0,0,0,0,0,0
7029706,G.SKILL DDR4-3200 CL14 TRIDENT Z ROYAL 골드 패키지,G.SKILL TRIDENT Z ROYAL 골드 패키지,DDR4,3200,CL14,32GB(16GX2),32,0,0,0,289000,286200,286200,289000,289000,289000,0,0,0,0,0,0,0,0,0,0,0,0,0,0,0,0,0,0,0,0,0,0
7029706,G.SKILL DDR4-3200 CL14 TRIDENT Z ROYAL 골드 패키지,G.SKILL TRIDENT Z ROYAL 골드 패키지,DDR4,3200,CL14,32GB(8GX4),32,0,0,0,293150,290690,290690,290690,290690,290690,0,0,0,0,0,0,0,0,0,0,0,0,0,0,0,0,0,0,0,0,0,0
7029706,G.SKILL DDR4-3200 CL14 TRIDENT Z ROYAL 골드 패키지,G.SKILL TRIDENT Z ROYAL 골드 패키지,DDR4,3200,CL14,16GB(8GX2),16,0,0,0,179000,177300,177300,179000,179000,179000,0,0,0,0,0,0,0,0,0,0,0,0,0,0,0,0,0,0,0,0,0,0
7351123,G.SKILL DDR4-3200 CL14 TRIDENT Z ROYAL 실버 패키지,G.SKILL TRIDENT Z ROYAL 실버 패키지,DDR4,3200,CL14,128GB(16GX8),128,674990,674990,674990,674990,674000,674000,674000,674000,0,0,0,0,0,0,0,0,0,0,0,0,0,0,0,0,0,0,0,0,0,0,0
7351123,G.SKILL DDR4-3200 CL14 TRIDENT Z ROYAL 실버 패키지,G.SKILL TRIDENT Z ROYAL 실버 패키지,DDR4,3200,CL14,64GB(16GX4),64,722790,722790,722790,722790,722790,722790,722790,722790,0,0,0,0,0,0,0,0,0,0,0,0,0,0,0,0,0,0,0,0,0,0,0
7351123,G.SKILL DDR4-3200 CL14 TRIDENT Z ROYAL 실버 패키지,G.SKILL TRIDENT Z ROYAL 실버 패키지,DDR4,3200,CL14,32GB(16GX2),32,286780,286790,286790,286790,286200,286200,286790,286790,0,0,0,0,0,0,0,0,0,0,0,0,0,0,0,0,0,0,0,0,0,0,0
7351123,G.SKILL DDR4-3200 CL14 TRIDENT Z ROYAL 실버 패키지,G.SKILL TRIDENT Z ROYAL 실버 패키지,DDR4,3200,CL14,32GB(8GX4),32,297180,297110,297010,296580,290690,290690,290690,290690,0,0,0,0,0,0,0,0,0,0,0,0,0,0,0,0,0,0,0,0,0,0,0
7351123,G.SKILL DDR4-3200 CL14 TRIDENT Z ROYAL 실버 패키지,G.SKILL TRIDENT Z ROYAL 실버 패키지,DDR4,3200,CL14,16GB(8GX2),16,178400,178400,179000,179000,177300,177300,179000,179000,0,0,0,0,0,0,0,0,0,0,0,0,0,0,0,0,0,0,0,0,0,0,0
7388998,G.SKILL DDR4-3200 CL14 TRIDENT Z ROYAL 실버 패키지,G.SKILL TRIDENT Z ROYAL 실버 패키지,DDR4,3200,CL14,128GB(16GX8),128,0,0,0,0,0,0,0,0,674000,674000,674990,674990,674990,674990,674990,674990,0,0,0,0,0,0,0,0,0,674000,674000,674000,0,0,0
7388998,G.SKILL DDR4-3200 CL14 TRIDENT Z ROYAL 실버 패키지,G.SKILL TRIDENT Z ROYAL 실버 패키지,DDR4,3200,CL14,64GB(16GX4),64,0,0,0,0,0,0,0,0,722790,722790,722790,722790,722790,722790,722790,722790,0,0,0,0,0,0,0,0,0,722790,722790,718920,0,0,0
7388998,G.SKILL DDR4-3200 CL14 TRIDENT Z ROYAL 실버 패키지,G.SKILL TRIDENT Z ROYAL 실버 패키지,DDR4,3200,CL14,32GB(16GX2),32,0,0,0,0,0,0,0,0,286790,286790,285300,285300,286780,286780,279510,276620,0,0,0,0,0,0,0,0,0,271770,271740,271700,0,0,0
7388998,G.SKILL DDR4-3200 CL14 TRIDENT Z ROYAL 실버 패키지,G.SKILL TRIDENT Z ROYAL 실버 패키지,DDR4,3200,CL14,32GB(8GX4),32,0,0,0,0,0,0,0,0,290690,290690,293990,293990,293990,199000,199000,199000,0,0,0,0,0,0,0,0,0,199000,199000,199000,0,0,0
7388998,G.SKILL DDR4-3200 CL14 TRIDENT Z ROYAL 실버 패키지,G.SKILL TRIDENT Z ROYAL 실버 패키지,DDR4,3200,CL14,16GB(8GX2),16,0,0,0,0,0,0,0,0,179000,179000,176800,176800,179000,179000,172010,170170,0,0,0,0,0,0,0,0,0,170030,170010,169990,0,0,0
7030135,G.SKILL DDR4-3200 CL14 TRIDENT Z ROYAL 실버 패키지,G.SKILL TRIDENT Z ROYAL 실버 패키지,DDR4,3200,CL14,128GB(16GX8),128,0,0,0,0,0,0,0,0,0,0,0,0,0,0,0,0,0,674000,674000,674000,674000,674000,674000,674000,674000,0,0,0,0,0,0
7030135,G.SKILL DDR4-3200 CL14 TRIDENT Z ROYAL 실버 패키지,G.SKILL TRIDENT Z ROYAL 실버 패키지,DDR4,3200,CL14,64GB(16GX4),64,0,0,0,0,0,0,0,0,0,0,0,0,0,0,0,0,0,722790,722790,722790,722790,722790,722790,722790,722790,0,0,0,0,0,0
7030135,G.SKILL DDR4-3200 CL14 TRIDENT Z ROYAL 실버 패키지,G.SKILL TRIDENT Z ROYAL 실버 패키지,DDR4,3200,CL14,32GB(16GX2),32,0,0,0,0,0,0,0,0,0,0,0,0,0,0,0,0,0,276610,276610,276610,276610,276610,271890,271850,271820,0,0,0,0,0,0
7030135,G.SKILL DDR4-3200 CL14 TRIDENT Z ROYAL 실버 패키지,G.SKILL TRIDENT Z ROYAL 실버 패키지,DDR4,3200,CL14,32GB(8GX4),32,0,0,0,0,0,0,0,0,0,0,0,0,0,0,0,0,0,199000,199000,199000,199000,199000,199000,199000,199000,0,0,0,0,0,0
7030135,G.SKILL DDR4-3200 CL14 TRIDENT Z ROYAL 실버 패키지,G.SKILL TRIDENT Z ROYAL 실버 패키지,DDR4,3200,CL14,16GB(8GX2),16,0,0,0,0,0,0,0,0,0,0,0,0,0,0,0,0,0,170170,170170,170170,170170,170170,170100,170050,170040,0,0,0,0,0,0
7939030,G.SKILL DDR4-3200 CL14 TRIDENT Z ROYAL 실버 패키지,G.SKILL TRIDENT Z ROYAL 실버 패키지,DDR4,3200,CL14,128GB(16GX8),128,0,0,0,0,0,0,0,0,0,0,0,0,0,0,0,0,0,0,0,0,0,0,0,0,0,0,0,0,674000,674000,674480
7939030,G.SKILL DDR4-3200 CL14 TRIDENT Z ROYAL 실버 패키지,G.SKILL TRIDENT Z ROYAL 실버 패키지,DDR4,3200,CL14,64GB(16GX4),64,0,0,0,0,0,0,0,0,0,0,0,0,0,0,0,0,0,0,0,0,0,0,0,0,0,0,0,0,722790,722790,722790
7939030,G.SKILL DDR4-3200 CL14 TRIDENT Z ROYAL 실버 패키지,G.SKILL TRIDENT Z ROYAL 실버 패키지,DDR4,3200,CL14,32GB(16GX2),32,0,0,0,0,0,0,0,0,0,0,0,0,0,0,0,0,0,0,0,0,0,0,0,0,0,0,0,0,271620,271600,271580
7939030,G.SKILL DDR4-3200 CL14 TRIDENT Z ROYAL 실버 패키지,G.SKILL TRIDENT Z ROYAL 실버 패키지,DDR4,3200,CL14,32GB(8GX4),32,0,0,0,0,0,0,0,0,0,0,0,0,0,0,0,0,0,0,0,0,0,0,0,0,0,0,0,0,199000,199000,199000
7939030,G.SKILL DDR4-3200 CL14 TRIDENT Z ROYAL 실버 패키지,G.SKILL TRIDENT Z ROYAL 실버 패키지,DDR4,3200,CL14,16GB(8GX2),16,0,0,0,0,0,0,0,0,0,0,0,0,0,0,0,0,0,0,0,0,0,0,0,0,0,0,0,0,169910,169890,169780
6419864,G.SKILL DDR4-3200 CL14 TRIDENT Z 패키지,G.SKILL TRIDENT Z 패키지,DDR4,3200,CL14,32GB(16GX2),32,238200,238200,239000,239000,236700,236700,239000,0,0,0,236000,0,239000,239000,225780,223380,0,223370,223370,223370,0,0,0,0,0,0,0,0,0,0,0
6419864,G.SKILL DDR4-3200 CL14 TRIDENT Z 패키지,G.SKILL TRIDENT Z 패키지,DDR4,3200,CL14,16GB(8GX2),16,128600,128600,129000,129000,127800,127800,129000,0,0,0,127400,0,129000,129000,123630,122300,0,122290,122290,122290,0,0,0,0,0,0,0,0,0,0,0
6419623,G.SKILL DDR4-3200 CL14 TRIDENT Z 패키지,G.SKILL TRIDENT Z 패키지,DDR4,3200,CL14,32GB(16GX2),32,0,0,0,0,0,0,0,239000,239000,239000,0,236000,0,0,0,0,0,0,0,0,223370,223370,219580,219500,219490,219480,219460,219430,219340,219240,219130
6419623,G.SKILL DDR4-3200 CL14 TRIDENT Z 패키지,G.SKILL TRIDENT Z 패키지,DDR4,3200,CL14,16GB(8GX2),16,0,0,0,0,0,0,0,129000,129000,129000,0,127400,0,0,0,0,0,0,0,0,122290,122290,122270,122220,122210,122200,122180,122160,122140,122040,121930
9593730,G.SKILL DDR4-3200 CL16 AEGIS,G.SKILL AEGIS,DDR4,3200,CL16,16GB,16,47990,48000,48000,0,0,0,0,0,0,47990,47900,47900,47990,47990,47990,47990,47990,47990,47990,47990,47990,47990,0,0,0,0,0,0,41600,40800,0
9593730,G.SKILL DDR4-3200 CL16 AEGIS,G.SKILL AEGIS,DDR4,3200,CL16,8GB,8,24990,25000,25000,0,0,0,0,0,0,25000,24990,24990,24990,24990,24990,24990,24990,24990,24990,24990,24990,24990,0,0,0,0,0,0,23940,23920,0
9593742,G.SKILL DDR4-3200 CL16 AEGIS,G.SKILL AEGIS,DDR4,3200,CL16,16GB,16,0,0,0,48000,48000,47990,47990,47990,47990,0,0,0,0,0,0,0,0,0,0,0,0,0,47660,47620,47590,47540,47510,47480,0,0,40800
9593742,G.SKILL DDR4-3200 CL16 AEGIS,G.SKILL AEGIS,DDR4,3200,CL16,8GB,8,0,0,0,25000,25000,25000,25000,25000,25000,0,0,0,0,0,0,0,0,0,0,0,0,0,24710,24630,24620,24610,24590,24560,0,0,23910
10019379,G.SKILL DDR4-3200 CL16 RIPJAWS V VK,G.SKILL RIPJAWS V VK,DDR4,3200,CL16,32GB,32,104700,104700,105000,105000,104000,104000,105000,105000,105000,105000,103700,103700,105000,105000,105000,105000,105000,105000,105000,105000,105000,105000,105000,105000,105000,105000,105000,105000,103940,104000,104000
10019379,G.SKILL DDR4-3200 CL16 RIPJAWS V VK,G.SKILL RIPJAWS V VK,DDR4,3200,CL16,16GB,16,53900,53900,54000,54000,53500,53500,54000,54000,54000,54000,53400,53400,54000,54000,54000,54000,54000,54000,54000,54000,54000,54000,54000,54000,54000,54000,54000,54000,51990,52000,52000
10019388,G.SKILL DDR4-3200 CL16 RIPJAWS V VK 패키지,G.SKILL RIPJAWS V VK 패키지,DDR4,3200,CL16,128GB(32GX4),128,418500,0,419790,419790,415800,415800,419790,419790,419790,419790,414600,414600,419780,0,419790,0,0,419790,0,0,0,0,0,0,0,0,0,0,0,0,0
10019388,G.SKILL DDR4-3200 CL16 RIPJAWS V VK 패키지,G.SKILL RIPJAWS V VK 패키지,DDR4,3200,CL16,64GB(32GX2),64,209300,0,209900,209900,207900,207900,209900,209900,209900,209900,207300,207300,209900,0,209900,0,0,209900,0,0,0,0,0,0,0,0,0,0,0,0,0
10019388,G.SKILL DDR4-3200 CL16 RIPJAWS V VK 패키지,G.SKILL RIPJAWS V VK 패키지,DDR4,3200,CL16,16GB(8GX2),16,58990,0,58990,58990,58990,58990,58990,58990,58990,58990,58990,58990,58990,0,58990,0,0,58990,0,0,0,0,0,0,0,0,0,0,0,0,0
10019382,G.SKILL DDR4-3200 CL16 RIPJAWS V VK 패키지,G.SKILL RIPJAWS V VK 패키지,DDR4,3200,CL16,128GB(32GX4),128,0,418500,0,0,0,0,0,0,0,0,0,0,0,419790,0,419780,0,0,419790,419790,419780,419780,419780,419790,419780,419780,419780,419250,415340,415530,416000
10019382,G.SKILL DDR4-3200 CL16 RIPJAWS V VK 패키지,G.SKILL RIPJAWS V VK 패키지,DDR4,3200,CL16,64GB(32GX2),64,0,209300,0,0,0,0,0,0,0,0,0,0,0,209900,0,209890,0,0,209900,209900,209890,209890,209890,209890,209890,209890,209890,209890,207760,208000,208000
10019382,G.SKILL DDR4-3200 CL16 RIPJAWS V VK 패키지,G.SKILL RIPJAWS V VK 패키지,DDR4,3200,CL16,16GB(8GX2),16,0,58990,0,0,0,0,0,0,0,0,0,0,0,58990,0,58990,0,0,58990,58990,58990,58990,58990,58990,58990,58990,58990,58990,56970,57000,57000
5931645,G.SKILL DDR4-3200 CL16 SNIPER X SXF 패키지,G.SKILL SNIPER X SXF 패키지,DDR4,3200,CL16,32GB(16GX2),32,117500,110000,117500,117500,117500,117500,117500,106250,117500,117500,117500,112500,112500,117500,112500,112500,0,117500,117000,117000,117500,117500,117500,117500,117500,117500,117500,112500,117500,117500,117500
5931645,G.SKILL DDR4-3200 CL16 SNIPER X SXF 패키지,G.SKILL SNIPER X SXF 패키지,DDR4,3200,CL16,16GB(8GX2),16,47250,47250,47250,47250,47250,47250,47250,47250,47250,47250,47250,47250,47250,47250,47250,47250,0,47250,47250,47250,47250,47250,47250,47250,47250,47250,47290,60000,60000,60000,60000
5933915,G.SKILL DDR4-3200 CL16 SNIPER X SXK 패키지,G.SKILL SNIPER X SXK 패키지,DDR4,3200,CL16,32GB(16GX2),32,117500,117500,117500,117500,117500,117500,0,117500,117500,117500,117500,117500,112500,117500,117500,0,0,117000,117500,117500,0,0,0,0,0,117500,117500,117500,117500,117500,117500
5933915,G.SKILL DDR4-3200 CL16 SNIPER X SXK 패키지,G.SKILL SNIPER X SXK 패키지,DDR4,3200,CL16,16GB(8GX2),16,60000,60000,60000,60000,60000,60000,0,60000,60000,60000,59990,59990,59990,60000,60000,0,0,60000,60000,60000,0,0,0,0,0,60000,60000,60000,60000,59990,59990
5934009,G.SKILL DDR4-3200 CL16 SNIPER X SXK 패키지,G.SKILL SNIPER X SXK 패키지,DDR4,3200,CL16,32GB(16GX2),32,0,0,0,0,0,0,117500,0,0,0,0,0,0,0,0,0,0,0,0,0,117500,117500,117500,117500,117500,0,0,0,0,0,0
5934009,G.SKILL DDR4-3200 CL16 SNIPER X SXK 패키지,G.SKILL SNIPER X SXK 패키지,DDR4,3200,CL16,16GB(8GX2),16,0,0,0,0,0,0,60000,0,0,0,0,0,0,0,0,0,0,0,0,0,60000,60000,60000,60000,60000,0,0,0,0,0,0
5935131,G.SKILL DDR4-3200 CL16 SNIPER X SXW 패키지,G.SKILL SNIPER X SXW 패키지,DDR4,3200,CL16,32GB(16GX2),32,117500,110000,117500,117500,117500,117500,117500,106250,117500,117500,117500,112500,112500,117500,112500,0,0,117500,117500,117000,117500,117500,117500,117500,117500,117500,117500,117500,117500,117500,0
5935131,G.SKILL DDR4-3200 CL16 SNIPER X SXW 패키지,G.SKILL SNIPER X SXW 패키지,DDR4,3200,CL16,16GB(8GX2),16,47320,47270,60000,60000,60000,60000,60000,60000,60000,60000,59990,59990,59990,60000,60000,0,0,60000,60000,60000,60000,60000,60000,60000,60000,60000,60000,60000,60000,60000,0
5935160,G.SKILL DDR4-3200 CL16 SNIPER X SXW 패키지,G.SKILL SNIPER X SXW 패키지,DDR4,3200,CL16,32GB(16GX2),32,0,0,0,0,0,0,0,0,0,0,0,0,0,0,0,0,0,0,0,0,0,0,0,0,0,0,0,0,0,0,117500
5935160,G.SKILL DDR4-3200 CL16 SNIPER X SXW 패키지,G.SKILL SNIPER X SXW 패키지,DDR4,3200,CL16,16GB(8GX2),16,0,0,0,0,0,0,0,0,0,0,0,0,0,0,0,0,0,0,0,0,0,0,0,0,0,0,0,0,0,0,60000
9470745,G.SKILL DDR4-3200 CL16 TRIDENT Z NEO 패키지,G.SKILL TRIDENT Z NEO 패키지,DDR4,3200,CL16,128GB(32GX4),128,486600,486600,488000,488000,483400,0,0,0,0,0,0,0,0,0,0,0,0,0,0,0,0,0,0,0,488000,488000,488000,488000,0,0,0
9470745,G.SKILL DDR4-3200 CL16 TRIDENT Z NEO 패키지,G.SKILL TRIDENT Z NEO 패키지,DDR4,3200,CL16,64GB(32GX2),64,243200,243200,244000,244000,241600,0,0,0,0,0,0,0,0,0,0,0,0,0,0,0,0,0,0,0,244000,244000,244000,244000,0,0,0
9470745,G.SKILL DDR4-3200 CL16 TRIDENT Z NEO 패키지,G.SKILL TRIDENT Z NEO 패키지,DDR4,3200,CL16,32GB(16GX2),32,134000,134000,134000,136990,135700,0,0,0,0,0,0,0,0,0,0,0,0,0,0,0,0,0,0,0,134000,134000,134000,134000,0,0,0
9470745,G.SKILL DDR4-3200 CL16 TRIDENT Z NEO 패키지,G.SKILL TRIDENT Z NEO 패키지,DDR4,3200,CL16,32GB(8GX4),32,136710,136640,136570,136520,135000,0,0,0,0,0,0,0,0,0,0,0,0,0,0,0,0,0,0,0,136470,136470,136470,136470,0,0,0
9470745,G.SKILL DDR4-3200 CL16 TRIDENT Z NEO 패키지,G.SKILL TRIDENT Z NEO 패키지,DDR4,3200,CL16,16GB(8GX2),16,86800,86800,86880,86880,86200,0,0,0,0,0,0,0,0,0,0,0,0,0,0,0,0,0,0,0,86760,86740,86630,86610,0,0,0
9480315,G.SKILL DDR4-3200 CL16 TRIDENT Z NEO 패키지,G.SKILL TRIDENT Z NEO 패키지,DDR4,3200,CL16,128GB(32GX4),128,0,0,0,0,0,483400,488000,488000,0,0,0,0,0,0,0,0,0,0,0,0,0,0,0,0,0,0,0,0,0,0,0
9480315,G.SKILL DDR4-3200 CL16 TRIDENT Z NEO 패키지,G.SKILL TRIDENT Z NEO 패키지,DDR4,3200,CL16,64GB(32GX2),64,0,0,0,0,0,241600,244000,244000,0,0,0,0,0,0,0,0,0,0,0,0,0,0,0,0,0,0,0,0,0,0,0
9480315,G.SKILL DDR4-3200 CL16 TRIDENT Z NEO 패키지,G.SKILL TRIDENT Z NEO 패키지,DDR4,3200,CL16,32GB(16GX2),32,0,0,0,0,0,135700,136990,136990,0,0,0,0,0,0,0,0,0,0,0,0,0,0,0,0,0,0,0,0,0,0,0
9480315,G.SKILL DDR4-3200 CL16 TRIDENT Z NEO 패키지,G.SKILL TRIDENT Z NEO 패키지,DDR4,3200,CL16,32GB(8GX4),32,0,0,0,0,0,135000,135000,135000,0,0,0,0,0,0,0,0,0,0,0,0,0,0,0,0,0,0,0,0,0,0,0
9480315,G.SKILL DDR4-3200 CL16 TRIDENT Z NEO 패키지,G.SKILL TRIDENT Z NEO 패키지,DDR4,3200,CL16,16GB(8GX2),16,0,0,0,0,0,86200,86880,86880,0,0,0,0,0,0,0,0,0,0,0,0,0,0,0,0,0,0,0,0,0,0,0
10391016,G.SKILL DDR4-3200 CL16 TRIDENT Z NEO 패키지,G.SKILL TRIDENT Z NEO 패키지,DDR4,3200,CL16,128GB(32GX4),128,0,0,0,0,0,0,0,0,488000,488000,482000,0,0,0,0,0,0,0,0,0,0,0,0,0,0,0,0,0,0,0,0
10391016,G.SKILL DDR4-3200 CL16 TRIDENT Z NEO 패키지,G.SKILL TRIDENT Z NEO 패키지,DDR4,3200,CL16,64GB(32GX2),64,0,0,0,0,0,0,0,0,244000,244000,240900,0,0,0,0,0,0,0,0,0,0,0,0,0,0,0,0,0,0,0,0
10391016,G.SKILL DDR4-3200 CL16 TRIDENT Z NEO 패키지,G.SKILL TRIDENT Z NEO 패키지,DDR4,3200,CL16,32GB(16GX2),32,0,0,0,0,0,0,0,0,136990,136990,135300,0,0,0,0,0,0,0,0,0,0,0,0,0,0,0,0,0,0,0,0
10391016,G.SKILL DDR4-3200 CL16 TRIDENT Z NEO 패키지,G.SKILL TRIDENT Z NEO 패키지,DDR4,3200,CL16,32GB(8GX4),32,0,0,0,0,0,0,0,0,135000,135000,136490,0,0,0,0,0,0,0,0,0,0,0,0,0,0,0,0,0,0,0,0
10391016,G.SKILL DDR4-3200 CL16 TRIDENT Z NEO 패키지,G.SKILL TRIDENT Z NEO 패키지,DDR4,3200,CL16,16GB(8GX2),16,0,0,0,0,0,0,0,0,86880,86880,85900,0,0,0,0,0,0,0,0,0,0,0,0,0,0,0,0,0,0,0,0
9480291,G.SKILL DDR4-3200 CL16 TRIDENT Z NEO 패키지,G.SKILL TRIDENT Z NEO 패키지,DDR4,3200,CL16,128GB(32GX4),128,0,0,0,0,0,0,0,0,0,0,0,482000,488000,488000,488000,488000,488000,488000,488000,488000,488000,488000,488000,488000,0,0,0,0,0,0,0
9480291,G.SKILL DDR4-3200 CL16 TRIDENT Z NEO 패키지,G.SKILL TRIDENT Z NEO 패키지,DDR4,3200,CL16,64GB(32GX2),64,0,0,0,0,0,0,0,0,0,0,0,240900,244000,244000,244000,244000,244000,244000,244000,244000,244000,244000,244000,244000,0,0,0,0,0,0,0
9480291,G.SKILL DDR4-3200 CL16 TRIDENT Z NEO 패키지,G.SKILL TRIDENT Z NEO 패키지,DDR4,3200,CL16,32GB(16GX2),32,0,0,0,0,0,0,0,0,0,0,0,135300,136990,136990,137000,136990,136990,136990,137000,137000,136990,134000,134000,134000,0,0,0,0,0,0,0
9480291,G.SKILL DDR4-3200 CL16 TRIDENT Z NEO 패키지,G.SKILL TRIDENT Z NEO 패키지,DDR4,3200,CL16,32GB(8GX4),32,0,0,0,0,0,0,0,0,0,0,0,136490,136490,136490,136490,136490,136490,136470,136470,136470,136470,136470,136470,136470,0,0,0,0,0,0,0
9480291,G.SKILL DDR4-3200 CL16 TRIDENT Z NEO 패키지,G.SKILL TRIDENT Z NEO 패키지,DDR4,3200,CL16,16GB(8GX2),16,0,0,0,0,0,0,0,0,0,0,0,85900,86880,86880,86880,86880,86880,87000,87000,87000,87000,87000,86810,86770,0,0,0,0,0,0,0
10391202,G.SKILL DDR4-3200 CL16 TRIDENT Z NEO 패키지,G.SKILL TRIDENT Z NEO 패키지,DDR4,3200,CL16,128GB(32GX4),128,0,0,0,0,0,0,0,0,0,0,0,0,0,0,0,0,0,0,0,0,0,0,0,0,0,0,0,0,476000,475990,476000
10391202,G.SKILL DDR4-3200 CL16 TRIDENT Z NEO 패키지,G.SKILL TRIDENT Z NEO 패키지,DDR4,3200,CL16,64GB(32GX2),64,0,0,0,0,0,0,0,0,0,0,0,0,0,0,0,0,0,0,0,0,0,0,0,0,0,0,0,0,237990,237990,238000
10391202,G.SKILL DDR4-3200 CL16 TRIDENT Z NEO 패키지,G.SKILL TRIDENT Z NEO 패키지,DDR4,3200,CL16,32GB(16GX2),32,0,0,0,0,0,0,0,0,0,0,0,0,0,0,0,0,0,0,0,0,0,0,0,0,0,0,0,0,133990,133990,134000
10391202,G.SKILL DDR4-3200 CL16 TRIDENT Z NEO 패키지,G.SKILL TRIDENT Z NEO 패키지,DDR4,3200,CL16,32GB(8GX4),32,0,0,0,0,0,0,0,0,0,0,0,0,0,0,0,0,0,0,0,0,0,0,0,0,0,0,0,0,136470,136470,136470
10391202,G.SKILL DDR4-3200 CL16 TRIDENT Z NEO 패키지,G.SKILL TRIDENT Z NEO 패키지,DDR4,3200,CL16,16GB(8GX2),16,0,0,0,0,0,0,0,0,0,0,0,0,0,0,0,0,0,0,0,0,0,0,0,0,0,0,0,0,86590,86490,86380
4905070,G.SKILL DDR4-3200 CL16 TRIDENT Z RGB 패키지,G.SKILL TRIDENT Z RGB 패키지,DDR4,3200,CL16,64GB(16GX4),64,255760,255760,255760,255760,0,0,0,0,0,0,0,0,0,0,0,0,0,0,0,0,0,0,0,0,0,0,0,0,0,0,0
4905070,G.SKILL DDR4-3200 CL16 TRIDENT Z RGB 패키지,G.SKILL TRIDENT Z RGB 패키지,DDR4,3200,CL16,32GB(16GX2),32,124000,123880,123880,123880,0,0,0,0,0,0,0,0,0,0,0,0,0,0,0,0,0,0,0,0,0,0,0,0,0,0,0
4905070,G.SKILL DDR4-3200 CL16 TRIDENT Z RGB 패키지,G.SKILL TRIDENT Z RGB 패키지,DDR4,3200,CL16,32GB(8GX4),32,167400,167400,168000,168000,0,0,0,0,0,0,0,0,0,0,0,0,0,0,0,0,0,0,0,0,0,0,0,0,0,0,0
4905070,G.SKILL DDR4-3200 CL16 TRIDENT Z RGB 패키지,G.SKILL TRIDENT Z RGB 패키지,DDR4,3200,CL16,16GB(8GX2),16,77000,77000,77000,77000,0,0,0,0,0,0,0,0,0,0,0,0,0,0,0,0,0,0,0,0,0,0,0,0,0,0,0
10019547,G.SKILL DDR4-3200 CL16 TRIDENT Z RGB 패키지,G.SKILL TRIDENT Z RGB 패키지,DDR4,3200,CL16,64GB(16GX4),64,0,0,0,0,255760,255760,255760,255760,255760,255760,255750,255750,255750,255760,255760,0,0,0,0,0,0,0,0,0,0,0,0,0,0,0,0
10019547,G.SKILL DDR4-3200 CL16 TRIDENT Z RGB 패키지,G.SKILL TRIDENT Z RGB 패키지,DDR4,3200,CL16,32GB(16GX2),32,0,0,0,0,129980,129960,129900,129850,128030,128040,128030,128030,128030,129350,129340,0,0,0,0,0,0,0,0,0,0,0,0,0,0,0,0
10019547,G.SKILL DDR4-3200 CL16 TRIDENT Z RGB 패키지,G.SKILL TRIDENT Z RGB 패키지,DDR4,3200,CL16,32GB(8GX4),32,0,0,0,0,166300,166300,168000,168000,168000,168000,165800,165800,168000,168000,168000,0,0,0,0,0,0,0,0,0,0,0,0,0,0,0,0
10019547,G.SKILL DDR4-3200 CL16 TRIDENT Z RGB 패키지,G.SKILL TRIDENT Z RGB 패키지,DDR4,3200,CL16,16GB(8GX2),16,0,0,0,0,77000,77000,77000,77000,77000,77000,76990,76990,76990,77000,77000,0,0,0,0,0,0,0,0,0,0,0,0,0,0,0,0
10019562,G.SKILL DDR4-3200 CL16 TRIDENT Z RGB 패키지,G.SKILL TRIDENT Z RGB 패키지,DDR4,3200,CL16,64GB(16GX4),64,0,0,0,0,0,0,0,0,0,0,0,0,0,0,0,255760,255760,255760,255760,255760,255760,255750,255760,255760,255760,255750,255760,254100,254100,254100,254100
10019562,G.SKILL DDR4-3200 CL16 TRIDENT Z RGB 패키지,G.SKILL TRIDENT Z RGB 패키지,DDR4,3200,CL16,32GB(16GX2),32,0,0,0,0,0,0,0,0,0,0,0,0,0,0,0,129230,129350,129340,129220,129150,129090,129010,128990,128940,128930,128910,128800,128080,126180,126180,127590
10019562,G.SKILL DDR4-3200 CL16 TRIDENT Z RGB 패키지,G.SKILL TRIDENT Z RGB 패키지,DDR4,3200,CL16,32GB(8GX4),32,0,0,0,0,0,0,0,0,0,0,0,0,0,0,0,168000,168000,168000,168000,168000,168000,168000,168000,168000,168000,168000,168000,168000,168000,168000,168000
10019562,G.SKILL DDR4-3200 CL16 TRIDENT Z RGB 패키지,G.SKILL TRIDENT Z RGB 패키지,DDR4,3200,CL16,16GB(8GX2),16,0,0,0,0,0,0,0,0,0,0,0,0,0,0,0,77000,77000,81500,81980,81980,81970,81490,81490,81490,81490,81490,81490,81490,81490,81490,81490
7938331,G.SKILL DDR4-3200 CL16 TRIDENT Z ROYAL 골드 패키지,G.SKILL TRIDENT Z ROYAL 골드 패키지,DDR4,3200,CL16,128GB(32GX4),128,570990,570990,570990,570990,569890,569890,569890,0,0,0,0,0,0,0,0,0,0,0,0,0,0,0,0,0,0,0,0,0,0,0,0
7938331,G.SKILL DDR4-3200 CL16 TRIDENT Z ROYAL 골드 패키지,G.SKILL TRIDENT Z ROYAL 골드 패키지,DDR4,3200,CL16,64GB(32GX2),64,267100,267100,268000,268000,265300,265300,268000,0,0,0,0,0,0,0,0,0,0,0,0,0,0,0,0,0,0,0,0,0,0,0,0
7938331,G.SKILL DDR4-3200 CL16 TRIDENT Z ROYAL 골드 패키지,G.SKILL TRIDENT Z ROYAL 골드 패키지,DDR4,3200,CL16,64GB(16GX4),64,427870,427870,427870,427870,427870,427870,427870,0,0,0,0,0,0,0,0,0,0,0,0,0,0,0,0,0,0,0,0,0,0,0,0
7938331,G.SKILL DDR4-3200 CL16 TRIDENT Z ROYAL 골드 패키지,G.SKILL TRIDENT Z ROYAL 골드 패키지,DDR4,3200,CL16,32GB(16GX2),32,163500,163500,164000,164000,162400,162400,164000,0,0,0,0,0,0,0,0,0,0,0,0,0,0,0,0,0,0,0,0,0,0,0,0
7938331,G.SKILL DDR4-3200 CL16 TRIDENT Z ROYAL 골드 패키지,G.SKILL TRIDENT Z ROYAL 골드 패키지,DDR4,3200,CL16,32GB(8GX4),32,176970,176970,176970,176970,176500,176500,176500,0,0,0,0,0,0,0,0,0,0,0,0,0,0,0,0,0,0,0,0,0,0,0,0
7029724,G.SKILL DDR4-3200 CL16 TRIDENT Z ROYAL 골드 패키지,G.SKILL TRIDENT Z ROYAL 골드 패키지,DDR4,3200,CL16,128GB(32GX4),128,0,0,0,0,0,0,0,569890,569890,569890,0,0,570990,570990,570990,570990,0,569970,569970,569970,569970,569970,569970,569970,569970,569970,0,0,0,0,0
7029724,G.SKILL DDR4-3200 CL16 TRIDENT Z ROYAL 골드 패키지,G.SKILL TRIDENT Z ROYAL 골드 패키지,DDR4,3200,CL16,64GB(32GX2),64,0,0,0,0,0,0,0,268000,268000,268000,0,0,268000,268000,268000,268000,0,268000,268000,268000,268000,268000,268000,268000,268000,268000,0,0,0,0,0
7029724,G.SKILL DDR4-3200 CL16 TRIDENT Z ROYAL 골드 패키지,G.SKILL TRIDENT Z ROYAL 골드 패키지,DDR4,3200,CL16,64GB(16GX4),64,0,0,0,0,0,0,0,427870,427870,427870,0,0,427870,427870,425180,427870,0,427870,427870,427870,427870,427870,427870,427870,427870,427870,0,0,0,0,0
7029724,G.SKILL DDR4-3200 CL16 TRIDENT Z ROYAL 골드 패키지,G.SKILL TRIDENT Z ROYAL 골드 패키지,DDR4,3200,CL16,32GB(16GX2),32,0,0,0,0,0,0,0,164000,164000,164000,0,0,163990,163990,164000,163990,0,163990,164000,164000,163990,164000,163990,164000,163990,163990,0,0,0,0,0
7029724,G.SKILL DDR4-3200 CL16 TRIDENT Z ROYAL 골드 패키지,G.SKILL TRIDENT Z ROYAL 골드 패키지,DDR4,3200,CL16,32GB(8GX4),32,0,0,0,0,0,0,0,176500,176500,176500,0,0,176970,176970,176970,176970,0,176960,176960,176960,176960,176960,176960,176960,176960,176960,0,0,0,0,0
10391061,G.SKILL DDR4-3200 CL16 TRIDENT Z ROYAL 골드 패키지,G.SKILL TRIDENT Z ROYAL 골드 패키지,DDR4,3200,CL16,128GB(32GX4),128,0,0,0,0,0,0,0,0,0,0,570990,570990,0,0,0,0,0,0,0,0,0,0,0,0,0,0,0,0,0,0,0
10391061,G.SKILL DDR4-3200 CL16 TRIDENT Z ROYAL 골드 패키지,G.SKILL TRIDENT Z ROYAL 골드 패키지,DDR4,3200,CL16,64GB(32GX2),64,0,0,0,0,0,0,0,0,0,0,264500,264500,0,0,0,0,0,0,0,0,0,0,0,0,0,0,0,0,0,0,0
10391061,G.SKILL DDR4-3200 CL16 TRIDENT Z ROYAL 골드 패키지,G.SKILL TRIDENT Z ROYAL 골드 패키지,DDR4,3200,CL16,64GB(16GX4),64,0,0,0,0,0,0,0,0,0,0,427870,425180,0,0,0,0,0,0,0,0,0,0,0,0,0,0,0,0,0,0,0
10391061,G.SKILL DDR4-3200 CL16 TRIDENT Z ROYAL 골드 패키지,G.SKILL TRIDENT Z ROYAL 골드 패키지,DDR4,3200,CL16,32GB(16GX2),32,0,0,0,0,0,0,0,0,0,0,162000,162000,0,0,0,0,0,0,0,0,0,0,0,0,0,0,0,0,0,0,0
10391061,G.SKILL DDR4-3200 CL16 TRIDENT Z ROYAL 골드 패키지,G.SKILL TRIDENT Z ROYAL 골드 패키지,DDR4,3200,CL16,32GB(8GX4),32,0,0,0,0,0,0,0,0,0,0,176970,176970,0,0,0,0,0,0,0,0,0,0,0,0,0,0,0,0,0,0,0
7351231,G.SKILL DDR4-3200 CL16 TRIDENT Z ROYAL 골드 패키지,G.SKILL TRIDENT Z ROYAL 골드 패키지,DDR4,3200,CL16,128GB(32GX4),128,0,0,0,0,0,0,0,0,0,0,0,0,0,0,0,0,0,0,0,0,0,0,0,0,0,0,569970,569970,569970,569970,569970
7351231,G.SKILL DDR4-3200 CL16 TRIDENT Z ROYAL 골드 패키지,G.SKILL TRIDENT Z ROYAL 골드 패키지,DDR4,3200,CL16,64GB(32GX2),64,0,0,0,0,0,0,0,0,0,0,0,0,0,0,0,0,0,0,0,0,0,0,0,0,0,0,268000,268000,268000,268000,268000
7351231,G.SKILL DDR4-3200 CL16 TRIDENT Z ROYAL 골드 패키지,G.SKILL TRIDENT Z ROYAL 골드 패키지,DDR4,3200,CL16,64GB(16GX4),64,0,0,0,0,0,0,0,0,0,0,0,0,0,0,0,0,0,0,0,0,0,0,0,0,0,0,427870,427870,427870,427870,427870
7351231,G.SKILL DDR4-3200 CL16 TRIDENT Z ROYAL 골드 패키지,G.SKILL TRIDENT Z ROYAL 골드 패키지,DDR4,3200,CL16,32GB(16GX2),32,0,0,0,0,0,0,0,0,0,0,0,0,0,0,0,0,0,0,0,0,0,0,0,0,0,0,163990,164000,164000,164000,164000
7351231,G.SKILL DDR4-3200 CL16 TRIDENT Z ROYAL 골드 패키지,G.SKILL TRIDENT Z ROYAL 골드 패키지,DDR4,3200,CL16,32GB(8GX4),32,0,0,0,0,0,0,0,0,0,0,0,0,0,0,0,0,0,0,0,0,0,0,0,0,0,0,176960,176960,176960,176960,176960
7030150,G.SKILL DDR4-3200 CL16 TRIDENT Z ROYAL 실버 패키지,G.SKILL TRIDENT Z ROYAL 실버 패키지,DDR4,3200,CL16,64GB(32GX2),64,267100,267100,268000,268000,265300,265300,268000,268000,268000,0,0,0,0,0,0,0,0,0,0,0,0,268000,268000,268000,0,268000,268000,268000,268000,268000,265770
7030150,G.SKILL DDR4-3200 CL16 TRIDENT Z ROYAL 실버 패키지,G.SKILL TRIDENT Z ROYAL 실버 패키지,DDR4,3200,CL16,32GB(16GX2),32,154000,154000,154000,154000,154000,154000,154000,154000,154000,0,0,0,0,0,0,0,0,0,0,0,0,154000,154000,154000,0,154000,154000,154000,154000,154000,154000
7030150,G.SKILL DDR4-3200 CL16 TRIDENT Z ROYAL 실버 패키지,G.SKILL TRIDENT Z ROYAL 실버 패키지,DDR4,3200,CL16,32GB(8GX4),32,237990,237990,237990,237990,237990,237990,237990,237990,237990,0,0,0,0,0,0,0,0,0,0,0,0,237990,237990,237990,0,237990,237990,237990,237990,237990,237990
7030150,G.SKILL DDR4-3200 CL16 TRIDENT Z ROYAL 실버 패키지,G.SKILL TRIDENT Z ROYAL 실버 패키지,DDR4,3200,CL16,16GB(8GX2),16,121600,121600,122000,122000,120800,120800,122000,122000,122000,0,0,0,0,0,0,0,0,0,0,0,0,122000,122000,122000,0,122000,122000,122000,122000,122000,122000
7030408,G.SKILL DDR4-3200 CL16 TRIDENT Z ROYAL 실버 패키지,G.SKILL TRIDENT Z ROYAL 실버 패키지,DDR4,3200,CL16,64GB(32GX2),64,0,0,0,0,0,0,0,0,0,268000,264500,264500,268000,268000,268000,268000,0,268000,268000,268000,268000,0,0,0,268000,0,0,0,0,0,0
7030408,G.SKILL DDR4-3200 CL16 TRIDENT Z ROYAL 실버 패키지,G.SKILL TRIDENT Z ROYAL 실버 패키지,DDR4,3200,CL16,32GB(16GX2),32,0,0,0,0,0,0,0,0,0,154000,154000,154000,154000,154000,154000,154000,0,154000,154000,154000,154000,0,0,0,154000,0,0,0,0,0,0
7030408,G.SKILL DDR4-3200 CL16 TRIDENT Z ROYAL 실버 패키지,G.SKILL TRIDENT Z ROYAL 실버 패키지,DDR4,3200,CL16,32GB(8GX4),32,0,0,0,0,0,0,0,0,0,237990,237990,237990,237990,237990,237990,237990,0,237990,237990,237990,237990,0,0,0,237990,0,0,0,0,0,0
7030408,G.SKILL DDR4-3200 CL16 TRIDENT Z ROYAL 실버 패키지,G.SKILL TRIDENT Z ROYAL 실버 패키지,DDR4,3200,CL16,16GB(8GX2),16,0,0,0,0,0,0,0,0,0,122000,120500,120500,122000,122000,122000,122000,0,122000,122000,122000,122000,0,0,0,122000,0,0,0,0,0,0
3717286,G.SKILL DDR4-3200 CL16 TRIDENT Z 패키지,G.SKILL TRIDENT Z 패키지,DDR4,3200,CL16,32GB(16GX2),32,118700,118700,118880,118880,117900,117900,118880,118880,118880,118870,117500,117500,118870,118870,118880,118870,0,118870,118880,118880,118870,118880,118870,118880,118870,118870,118870,118880,118880,118880,119000
3717286,G.SKILL DDR4-3200 CL16 TRIDENT Z 패키지,G.SKILL TRIDENT Z 패키지,DDR4,3200,CL16,16GB(8GX2),16,73800,73800,73880,73880,73300,73300,73880,73880,73880,73890,73100,73100,73880,73880,73890,73880,0,73880,73890,73890,73880,73890,73880,73890,73880,73880,73880,73890,71980,71980,72000
4589367,G.SKILL DDR4-3200 CL16 TRIDENT ZKW 패키지,G.SKILL TRIDENT ZKW 패키지,DDR4,3200,CL16,32GB(16GX2),32,118700,118700,118880,118880,117900,117900,118880,118880,118880,118880,117500,117500,118870,118870,118880,0,0,118870,118880,118880,118870,118880,118870,118880,0,0,118870,118880,0,0,0
4589367,G.SKILL DDR4-3200 CL16 TRIDENT ZKW 패키지,G.SKILL TRIDENT ZKW 패키지,DDR4,3200,CL16,16GB(8GX2),16,73800,73800,74000,74000,73300,73300,74000,74000,74000,74000,73100,73100,74000,74000,74000,0,0,74000,74000,74000,74000,74000,74000,74000,0,0,74000,74000,0,0,0
4589107,G.SKILL DDR4-3200 CL16 TRIDENT ZKW 패키지,G.SKILL TRIDENT ZKW 패키지,DDR4,3200,CL16,32GB(16GX2),32,0,0,0,0,0,0,0,0,0,0,0,0,0,0,0,0,0,0,0,0,0,0,0,0,118870,118870,0,0,118880,118880,119000
4589107,G.SKILL DDR4-3200 CL16 TRIDENT ZKW 패키지,G.SKILL TRIDENT ZKW 패키지,DDR4,3200,CL16,16GB(8GX2),16,0,0,0,0,0,0,0,0,0,0,0,0,0,0,0,0,0,0,0,0,0,0,0,0,74000,74000,0,0,71990,71990,72000
4589425,G.SKILL DDR4-3200 CL16 TRIDENT ZSK 패키지,G.SKILL TRIDENT ZSK 패키지,DDR4,3200,CL16,32GB(16GX2),32,118700,118700,118880,118880,117900,117900,118880,118880,118880,118880,117500,117500,118870,118880,118870,118870,0,118880,118880,118880,118870,118880,118870,118880,118870,118870,118870,118880,118880,0,0
4589425,G.SKILL DDR4-3200 CL16 TRIDENT ZSK 패키지,G.SKILL TRIDENT ZSK 패키지,DDR4,3200,CL16,16GB(8GX2),16,73800,73800,73890,73890,73300,73300,73890,73890,73890,73890,73100,73100,73880,73880,73890,73880,0,73880,73890,73890,73880,73890,73880,73890,73880,73880,73880,73890,71980,0,0
4589170,G.SKILL DDR4-3200 CL16 TRIDENT ZSK 패키지,G.SKILL TRIDENT ZSK 패키지,DDR4,3200,CL16,32GB(16GX2),32,0,0,0,0,0,0,0,0,0,0,0,0,0,0,0,0,0,0,0,0,0,0,0,0,0,0,0,0,0,118880,119000
4589170,G.SKILL DDR4-3200 CL16 TRIDENT ZSK 패키지,G.SKILL TRIDENT ZSK 패키지,DDR4,3200,CL16,16GB(8GX2),16,0,0,0,0,0,0,0,0,0,0,0,0,0,0,0,0,0,0,0,0,0,0,0,0,0,0,0,0,0,71970,72000
4244267,G.SKILL DDR4-3200 CL16 TRIDENT ZSW 패키지,G.SKILL TRIDENT ZSW 패키지,DDR4,3200,CL16,32GB(16GX2),32,118700,118700,118880,0,0,117900,118880,118880,118880,0,117500,117500,118870,118870,118880,0,0,0,0,118880,118870,118870,118870,118880,118870,118870,0,0,118880,118880,119000
4244267,G.SKILL DDR4-3200 CL16 TRIDENT ZSW 패키지,G.SKILL TRIDENT ZSW 패키지,DDR4,3200,CL16,16GB(8GX2),16,73800,73800,73890,0,0,73300,73890,73890,73890,0,73100,73100,73880,73880,73890,0,0,0,0,73890,73880,73890,73880,73890,73880,73880,0,0,71980,71970,72000
4589455,G.SKILL DDR4-3200 CL16 TRIDENT ZSW 패키지,G.SKILL TRIDENT ZSW 패키지,DDR4,3200,CL16,32GB(16GX2),32,0,0,0,118880,117900,0,0,0,0,118880,0,0,0,0,0,0,0,118870,118880,0,0,0,0,0,0,0,118870,118880,0,0,0
4589455,G.SKILL DDR4-3200 CL16 TRIDENT ZSW 패키지,G.SKILL TRIDENT ZSW 패키지,DDR4,3200,CL16,16GB(8GX2),16,0,0,0,73890,73300,0,0,0,0,73890,0,0,0,0,0,0,0,73880,73890,0,0,0,0,0,0,0,73880,73890,0,0,0
12952847,G.SKILL DDR4-3600 CL14 RIPJAWS V VK 패키지,G.SKILL RIPJAWS V VK 패키지,DDR4,3600,CL14,64GB(16GX4),64,810000,810000,810000,810000,810000,810000,810000,810000,810000,790030,809990,809990,809990,809990,809990,0,0,809990,809990,809990,809990,809990,809990,809990,809990,809990,809990,809990,809990,809990,809990
12952847,G.SKILL DDR4-3600 CL14 RIPJAWS V VK 패키지,G.SKILL RIPJAWS V VK 패키지,DDR4,3600,CL14,32GB(16GX2),32,241880,241810,241710,241600,238800,238800,238800,238800,238800,238800,241500,241500,241500,241500,241500,0,0,240550,240460,240440,240340,240270,240160,240120,240090,240040,240010,239970,239890,239870,239860
14765372,G.SKILL DDR4-3600 CL14 TRIDENT Z NEO NA 패키지,G.SKILL TRIDENT Z NEO NA 패키지,DDR4,3600,CL14,32GB(16GX2),32,337900,337900,339000,339000,335600,335600,339000,339000,339000,339000,334700,334700,339000,339000,311790,0,0,308500,308500,308500,308500,308500,308500,308500,308500,308500,308500,308500,308500,308500,308500
14765372,G.SKILL DDR4-3600 CL14 TRIDENT Z NEO NA 패키지,G.SKILL TRIDENT Z NEO NA 패키지,DDR4,3600,CL14,16GB(8GX2),16,228300,228300,229000,229000,226800,226800,229000,229000,229000,229000,226100,226100,229000,229000,215030,0,0,212730,212730,212730,212730,212730,212730,212730,212730,212730,212730,212730,212730,212730,212730
17389595,G.SKILL DDR4-3600 CL14 TRIDENT Z RGB A 패키지,G.SKILL TRIDENT Z RGB A 패키지,DDR4,3600,CL14,32GB(16GX2),32,327900,327900,329000,326000,325690,325690,329000,329000,329000,329000,324790,324790,329000,329000,301030,297870,0,297800,297800,297800,297800,297800,297800,297800,297750,297750,297800,297800,297750,297750,297730
17389595,G.SKILL DDR4-3600 CL14 TRIDENT Z RGB A 패키지,G.SKILL TRIDENT Z RGB A 패키지,DDR4,3600,CL14,16GB(8GX2),16,218300,218300,218890,218890,216900,216900,218890,218890,218890,218900,216200,216200,218890,218890,204260,202110,0,202090,202090,202090,202090,202090,202090,202090,202090,202090,202090,202090,202090,202090,202090
17389904,G.SKILL DDR4-3600 CL14 TRIDENT Z ROYAL A 골드 패키지,G.SKILL TRIDENT Z ROYAL A 골드 패키지,DDR4,3600,CL14,32GB(16GX2),32,370140,370140,370140,370140,370140,370140,370140,370140,370140,370140,370140,370140,370140,370140,370140,370140,370140,370140,370140,370140,370140,658420,658420,658420,658420,658420,658420,658420,658420,658420,658420
17389904,G.SKILL DDR4-3600 CL14 TRIDENT Z ROYAL A 골드 패키지,G.SKILL TRIDENT Z ROYAL A 골드 패키지,DDR4,3600,CL14,16GB(8GX2),16,134780,134780,134780,134780,134780,134780,134780,134780,134780,134790,134790,134790,134790,109000,109000,109000,109000,109000,109000,109000,109000,109000,109000,109000,109000,109000,109000,109000,109000,157460,157460
17389985,G.SKILL DDR4-3600 CL14 TRIDENT Z ROYAL A 실버 패키지,G.SKILL TRIDENT Z ROYAL A 실버 패키지,DDR4,3600,CL14,32GB(16GX2),32,695520,695520,695520,695520,695520,695520,695520,695520,695520,695520,695520,695520,695520,695520,695520,695520,695520,695520,695520,695520,695520,695520,695520,695520,0,0,695520,695520,695520,0,695520
17389985,G.SKILL DDR4-3600 CL14 TRIDENT Z ROYAL A 실버 패키지,G.SKILL TRIDENT Z ROYAL A 실버 패키지,DDR4,3600,CL14,16GB(8GX2),16,159140,159140,159140,159140,155700,155700,155700,155700,155700,155700,157500,157500,157500,157500,157490,157490,157490,159690,218740,218740,304380,304380,304380,304380,0,0,304380,291420,304380,0,304380
17390012,G.SKILL DDR4-3600 CL14 TRIDENT Z ROYAL A 실버 패키지,G.SKILL TRIDENT Z ROYAL A 실버 패키지,DDR4,3600,CL14,32GB(16GX2),32,0,0,0,0,0,0,0,0,0,0,0,0,0,0,0,0,0,0,0,0,0,0,0,0,695520,695520,0,0,0,695520,0
17390012,G.SKILL DDR4-3600 CL14 TRIDENT Z ROYAL A 실버 패키지,G.SKILL TRIDENT Z ROYAL A 실버 패키지,DDR4,3600,CL14,16GB(8GX2),16,0,0,0,0,0,0,0,0,0,0,0,0,0,0,0,0,0,0,0,0,0,0,0,0,304380,304380,0,0,0,304380,0
14586686,G.SKILL DDR4-3600 CL14 TRIDENT Z ROYAL ELITE 골드 패키지,G.SKILL TRIDENT Z ROYAL ELITE 골드 패키지,DDR4,3600,CL14,32GB(16GX2),32,410260,410260,410260,410260,410260,410260,410260,410260,410260,410260,410260,410260,410260,410260,410260,410260,0,410260,410260,410260,410260,410260,410260,410260,410260,410260,410260,410260,410260,410260,410260
14586686,G.SKILL DDR4-3600 CL14 TRIDENT Z ROYAL ELITE 골드 패키지,G.SKILL TRIDENT Z ROYAL ELITE 골드 패키지,DDR4,3600,CL14,16GB(8GX2),16,218500,218500,218500,218500,218000,218000,218000,218000,218000,218000,218500,218500,218500,149000,149000,149000,0,149000,149000,149000,149000,149000,149000,149000,149000,149000,149000,208070,208060,208060,208060
14586857,G.SKILL DDR4-3600 CL14 TRIDENT Z ROYAL ELITE 실버 패키지,G.SKILL TRIDENT Z ROYAL ELITE 실버 패키지,DDR4,3600,CL14,32GB(16GX2),32,4527610,4527610,4527610,4527610,4527610,4527610,410260,410260,410260,410260,410260,410260,410260,410260,410260,410260,0,410260,410260,410260,410260,410260,410260,410260,410260,410260,410260,410260,410260,410260,410260
14586857,G.SKILL DDR4-3600 CL14 TRIDENT Z ROYAL ELITE 실버 패키지,G.SKILL TRIDENT Z ROYAL ELITE 실버 패키지,DDR4,3600,CL14,16GB(8GX2),16,223120,223120,223120,223120,218000,218000,218000,218000,218000,218000,220500,220500,220500,139000,139000,139000,0,139000,139000,139000,139000,139000,139000,139000,139000,139000,139000,209970,209960,209960,209960
12947324,G.SKILL DDR4-3600 CL14 TRIDENT Z ROYAL 골드 패키지,G.SKILL TRIDENT Z ROYAL 골드 패키지,DDR4,3600,CL14,64GB(16GX4),64,1125430,1125430,1126440,1126440,1125430,1125430,1125430,1125430,1125430,1126440,1126440,1126440,1126440,1126440,1126440,0,0,1126440,1126440,1126440,1126440,1126440,1126440,1126440,1126440,1126440,1126440,1126440,1126440,1126440,1126440
12947324,G.SKILL DDR4-3600 CL14 TRIDENT Z ROYAL 골드 패키지,G.SKILL TRIDENT Z ROYAL 골드 패키지,DDR4,3600,CL14,32GB(16GX2),32,562500,562500,562500,562500,562500,562500,562500,562500,562500,562500,562500,562500,562500,562500,562500,0,0,562490,562490,562490,562490,562490,562490,562490,562490,562490,562490,562490,562490,562490,562490
12947276,G.SKILL DDR4-3600 CL14 TRIDENT Z ROYAL 실버 패키지,G.SKILL TRIDENT Z ROYAL 실버 패키지,DDR4,3600,CL14,64GB(16GX4),64,1148880,1148880,1148880,1148880,1148880,1148880,1148880,1148880,0,0,0,0,0,0,0,0,0,0,0,0,0,0,0,0,1136250,1136250,1136250,1136250,1136250,1136250,1136250
12947276,G.SKILL DDR4-3600 CL14 TRIDENT Z ROYAL 실버 패키지,G.SKILL TRIDENT Z ROYAL 실버 패키지,DDR4,3600,CL14,32GB(16GX2),32,844940,844940,844940,844940,844940,844940,844940,844940,0,0,0,0,0,0,0,0,0,0,0,0,0,0,0,0,844940,844940,844940,844940,844940,844940,844940
12947351,G.SKILL DDR4-3600 CL14 TRIDENT Z ROYAL 실버 패키지,G.SKILL TRIDENT Z ROYAL 실버 패키지,DDR4,3600,CL14,64GB(16GX4),64,0,0,0,0,0,0,0,0,1148880,1148880,1148880,1148880,1148880,1148880,1148880,0,0,1148880,1148880,1148880,1148880,1148880,1136250,1136250,0,0,0,0,0,0,0
12947351,G.SKILL DDR4-3600 CL14 TRIDENT Z ROYAL 실버 패키지,G.SKILL TRIDENT Z ROYAL 실버 패키지,DDR4,3600,CL14,32GB(16GX2),32,0,0,0,0,0,0,0,0,844940,844940,844940,844940,844940,844940,844940,0,0,844940,844940,844940,844940,844940,844940,844940,0,0,0,0,0,0,0
9480405,G.SKILL DDR4-3600 CL16 TRIDENT Z NEO C 패키지,G.SKILL TRIDENT Z NEO C 패키지,DDR4,3600,CL16,32GB(16GX2),32,153000,152950,154220,155400,155280,155180,155010,154800,153860,153360,155970,153930,153930,153890,153840,153990,153900,153860,153740,153660,153560,154990,154640,153790,153700,153680,153600,153570,153980,153960,153950
9480405,G.SKILL DDR4-3600 CL16 TRIDENT Z NEO C 패키지,G.SKILL TRIDENT Z NEO C 패키지,DDR4,3600,CL16,32GB(8GX4),32,201300,201300,199700,199700,199700,199700,199700,199700,199700,199700,199400,199400,199690,199690,199690,199690,199690,199690,199690,199690,199690,199690,199680,199690,199690,199670,199680,199690,199670,199690,199690
9480405,G.SKILL DDR4-3600 CL16 TRIDENT Z NEO C 패키지,G.SKILL TRIDENT Z NEO C 패키지,DDR4,3600,CL16,16GB(8GX2),16,97290,97290,97290,97290,97290,97290,97290,97290,97290,97290,97260,97180,97170,97070,96980,97280,97270,97160,97060,97280,97270,97200,97180,97130,97120,97110,97090,96840,96840,96840,96840
9480351,G.SKILL DDR4-3600 CL16 TRIDENT Z NEO 패키지,G.SKILL TRIDENT Z NEO 패키지,DDR4,3600,CL16,32GB(16GX2),32,380000,380000,380000,380000,380000,380000,380000,380000,380000,380000,380000,380000,380000,380000,380000,0,0,380000,380000,380000,380000,380000,380000,380000,380000,380000,380000,380000,380000,380000,380000
9480351,G.SKILL DDR4-3600 CL16 TRIDENT Z NEO 패키지,G.SKILL TRIDENT Z NEO 패키지,DDR4,3600,CL16,32GB(8GX4),32,262240,262240,262240,262240,262240,262240,262240,262240,262240,262240,262240,262240,262240,262240,262240,0,0,262240,262240,262240,262240,262240,262240,262240,262240,262240,262240,262240,262230,262230,262230
9596208,G.SKILL DDR4-3600 CL16 TRIDENT Z ROYAL C 골드 패키지,G.SKILL TRIDENT Z ROYAL C 골드 패키지,DDR4,3600,CL16,32GB(16GX2),32,92400,162400,162400,162400,162400,162400,162400,162400,162400,162400,162400,162400,162400,162400,162400,162400,0,192400,192400,192400,192400,192400,192400,192400,192400,192400,192400,191810,191810,191810,191810
9596208,G.SKILL DDR4-3600 CL16 TRIDENT Z ROYAL C 골드 패키지,G.SKILL TRIDENT Z ROYAL C 골드 패키지,DDR4,3600,CL16,16GB(8GX2),16,132810,132820,132820,132820,132700,132700,132820,132820,132820,132820,132300,132300,132810,132810,132820,132810,0,132810,132820,132820,132810,132820,132810,132820,132820,132820,132820,132550,132550,132550,132550
9596238,G.SKILL DDR4-3600 CL16 TRIDENT Z ROYAL C 실버 패키지,G.SKILL TRIDENT Z ROYAL C 실버 패키지,DDR4,3600,CL16,32GB(16GX2),32,192300,192300,192700,192700,191100,191100,192700,192700,192700,192700,190500,190500,192700,192700,192700,192700,0,192700,192700,192700,192700,192700,192700,192700,192700,192700,192700,192700,192700,192700,192410
9596238,G.SKILL DDR4-3600 CL16 TRIDENT Z ROYAL C 실버 패키지,G.SKILL TRIDENT Z ROYAL C 실버 패키지,DDR4,3600,CL16,32GB(8GX4),32,241220,241220,241220,241220,241220,241220,241220,241220,241220,241220,241220,241220,241220,241220,241220,241220,0,241220,241220,241220,241220,241220,241220,241220,241220,241220,241220,241220,241220,241220,241220
9596238,G.SKILL DDR4-3600 CL16 TRIDENT Z ROYAL C 실버 패키지,G.SKILL TRIDENT Z ROYAL C 실버 패키지,DDR4,3600,CL16,16GB(8GX2),16,126270,126270,126270,126270,126270,126270,126270,126270,126270,126270,126270,126260,126260,126270,126270,126270,0,128760,133790,133790,133790,126270,126270,126270,126270,126270,126270,126270,125250,125250,125250
14601416,G.SKILL DDR4-3600 CL16 TRIDENT Z ROYAL ELITE 골드 패키지,G.SKILL TRIDENT Z ROYAL ELITE 골드 패키지,DDR4,3600,CL16,32GB(16GX2),32,228300,228300,229000,229000,226800,226800,229000,229000,229000,229000,226100,226100,229000,229000,229000,229000,0,229000,229000,229000,229000,229000,229000,229000,229000,229000,229000,229000,229000,229000,229000
14601416,G.SKILL DDR4-3600 CL16 TRIDENT Z ROYAL ELITE 골드 패키지,G.SKILL TRIDENT Z ROYAL ELITE 골드 패키지,DDR4,3600,CL16,16GB(8GX2),16,166810,166810,166810,166810,166810,166810,166810,166810,166810,169000,166900,166900,169000,169000,169000,169000,0,169000,169000,169000,169000,169000,169000,169000,169000,169000,169000,169000,169000,169000,169000
14601734,G.SKILL DDR4-3600 CL16 TRIDENT Z ROYAL ELITE 실버 패키지,G.SKILL TRIDENT Z ROYAL ELITE 실버 패키지,DDR4,3600,CL16,32GB(16GX2),32,228300,228300,228870,228870,226800,0,0,0,228870,228870,226100,0,228870,228870,228870,228870,0,228870,228870,228870,228870,228870,228870,228870,228870,228870,228870,228870,228870,228870,228870
14601734,G.SKILL DDR4-3600 CL16 TRIDENT Z ROYAL ELITE 실버 패키지,G.SKILL TRIDENT Z ROYAL ELITE 실버 패키지,DDR4,3600,CL16,16GB(8GX2),16,166230,166230,166230,166230,166230,0,0,0,166230,166230,166230,0,166230,166230,166230,166230,0,166230,166230,166230,166230,166230,166230,166230,166230,166230,166230,166230,166230,166230,166230
14601761,G.SKILL DDR4-3600 CL16 TRIDENT Z ROYAL ELITE 실버 패키지,G.SKILL TRIDENT Z ROYAL ELITE 실버 패키지,DDR4,3600,CL16,32GB(16GX2),32,0,0,0,0,0,226800,228870,228870,0,0,0,226100,0,0,0,0,0,0,0,0,0,0,0,0,0,0,0,0,0,0,0
14601761,G.SKILL DDR4-3600 CL16 TRIDENT Z ROYAL ELITE 실버 패키지,G.SKILL TRIDENT Z ROYAL ELITE 실버 패키지,DDR4,3600,CL16,16GB(8GX2),16,0,0,0,0,0,166230,166230,166230,0,0,0,166230,0,0,0,0,0,0,0,0,0,0,0,0,0,0,0,0,0,0,0
7351492,G.SKILL DDR4-3600 CL16 TRIDENT Z ROYAL 실버 패키지,G.SKILL TRIDENT Z ROYAL 실버 패키지,DDR4,3600,CL16,32GB(8GX4),32,366620,366620,366620,366620,363300,363300,363300,363300,363300,363300,366620,366620,366620,366620,366620,0,0,366620,366620,366620,366620,366620,366620,366620,366620,366620,366620,366620,366620,366620,366620
7351492,G.SKILL DDR4-3600 CL16 TRIDENT Z ROYAL 실버 패키지,G.SKILL TRIDENT Z ROYAL 실버 패키지,DDR4,3600,CL16,16GB(8GX2),16,312500,312500,312500,312500,312500,312500,312500,312500,312500,312500,312500,312500,312500,312500,312500,0,0,312500,312500,312500,312500,312500,312500,312500,312500,312500,312500,312500,312500,312500,312500
6169428,G.SKILL DDR4-3600 CL17 TRIDENT Z RGB 패키지,G.SKILL TRIDENT Z RGB 패키지,DDR4,3600,CL17,128GB(16GX8),128,466990,466990,466990,466990,466090,466090,466090,466090,466090,466090,465980,465980,465980,465980,465980,0,0,465000,465000,465000,465000,465000,465000,465000,465000,465000,465000,465000,0,0,0
6169428,G.SKILL DDR4-3600 CL17 TRIDENT Z RGB 패키지,G.SKILL TRIDENT Z RGB 패키지,DDR4,3600,CL17,32GB(16GX2),32,264000,264000,264000,264000,264000,264000,264000,264000,264000,264000,264000,264000,264000,264000,264000,0,0,264000,264000,264000,264000,264000,264000,264000,264000,264000,264000,264000,0,0,0
6169428,G.SKILL DDR4-3600 CL17 TRIDENT Z RGB 패키지,G.SKILL TRIDENT Z RGB 패키지,DDR4,3600,CL17,16GB(8GX2),16,220000,220000,220000,220000,220000,220000,220000,220000,220000,214580,219990,219990,219990,219990,219990,0,0,219990,219990,219990,219990,219990,219990,219990,219990,219990,219990,219990,0,0,0
4905394,G.SKILL DDR4-3600 CL17 TRIDENT Z RGB 패키지,G.SKILL TRIDENT Z RGB 패키지,DDR4,3600,CL17,128GB(16GX8),128,0,0,0,0,0,0,0,0,0,0,0,0,0,0,0,0,0,0,0,0,0,0,0,0,0,0,0,0,465000,465000,465470
4905394,G.SKILL DDR4-3600 CL17 TRIDENT Z RGB 패키지,G.SKILL TRIDENT Z RGB 패키지,DDR4,3600,CL17,32GB(16GX2),32,0,0,0,0,0,0,0,0,0,0,0,0,0,0,0,0,0,0,0,0,0,0,0,0,0,0,0,0,264000,264000,264000
4905394,G.SKILL DDR4-3600 CL17 TRIDENT Z RGB 패키지,G.SKILL TRIDENT Z RGB 패키지,DDR4,3600,CL17,16GB(8GX2),16,0,0,0,0,0,0,0,0,0,0,0,0,0,0,0,0,0,0,0,0,0,0,0,0,0,0,0,0,219990,219990,219990
7351543,G.SKILL DDR4-3600 CL17 TRIDENT Z ROYAL 실버 패키지,G.SKILL TRIDENT Z ROYAL 실버 패키지,DDR4,3600,CL17,32GB(8GX4),32,460000,460000,460000,460000,460000,0,0,0,460000,460000,460000,460000,460000,460000,460000,0,0,460000,460000,460000,460000,460000,460000,460000,460000,460000,460000,460000,460000,460000,460000
7351543,G.SKILL DDR4-3600 CL17 TRIDENT Z ROYAL 실버 패키지,G.SKILL TRIDENT Z ROYAL 실버 패키지,DDR4,3600,CL17,16GB(8GX2),16,175400,175400,175400,175400,175400,0,0,0,175400,175400,175400,175400,175400,175400,175400,0,0,175400,175400,175400,175400,175400,175400,175400,175400,175400,175400,175400,175400,175400,175400
7030165,G.SKILL DDR4-3600 CL17 TRIDENT Z ROYAL 실버 패키지,G.SKILL TRIDENT Z ROYAL 실버 패키지,DDR4,3600,CL17,32GB(8GX4),32,0,0,0,0,0,460000,460000,460000,0,0,0,0,0,0,0,0,0,0,0,0,0,0,0,0,0,0,0,0,0,0,0
7030165,G.SKILL DDR4-3600 CL17 TRIDENT Z ROYAL 실버 패키지,G.SKILL TRIDENT Z ROYAL 실버 패키지,DDR4,3600,CL17,16GB(8GX2),16,0,0,0,0,0,175400,175400,175400,0,0,0,0,0,0,0,0,0,0,0,0,0,0,0,0,0,0,0,0,0,0,0
4848401,G.SKILL DDR4-3600 CL17 TRIDENT Z 패키지,G.SKILL TRIDENT Z 패키지,DDR4,3600,CL17,64GB(16GX4),64,240800,240800,240800,240800,238800,238800,238800,238800,238800,238800,240800,240800,240800,240800,240800,0,0,240780,240780,199000,199000,199000,199000,199000,199000,199000,199000,199000,199000,199000,199000
4848401,G.SKILL DDR4-3600 CL17 TRIDENT Z 패키지,G.SKILL TRIDENT Z 패키지,DDR4,3600,CL17,16GB(8GX2),16,165000,165000,165000,165000,165000,165000,165000,165000,165000,165000,165000,165000,165000,165000,165000,0,0,165000,165000,165000,165000,165000,165000,165000,165000,165000,165000,165000,165000,165000,165000
11044452,G.SKILL DDR4-3600 CL18 TRIDENT Z NEO 패키지,G.SKILL TRIDENT Z NEO 패키지,DDR4,3600,CL18,128GB(32GX4),128,496100,496100,0,0,492900,492900,0,0,498000,0,0,0,0,491790,491800,491800,491790,0,0,0,0,0,0,0,0,0,0,0,0,0,0
11044452,G.SKILL DDR4-3600 CL18 TRIDENT Z NEO 패키지,G.SKILL TRIDENT Z NEO 패키지,DDR4,3600,CL18,64GB(32GX2),64,248200,248200,0,0,246600,246600,0,0,249000,0,0,0,0,248990,248990,248990,248990,0,0,0,0,0,0,0,0,0,0,0,0,0,0
11044452,G.SKILL DDR4-3600 CL18 TRIDENT Z NEO 패키지,G.SKILL TRIDENT Z NEO 패키지,DDR4,3600,CL18,32GB(16GX2),32,137500,137500,0,0,136600,136600,0,0,138000,0,0,0,0,138000,138000,138000,138000,0,0,0,0,0,0,0,0,0,0,0,0,0,0
11044452,G.SKILL DDR4-3600 CL18 TRIDENT Z NEO 패키지,G.SKILL TRIDENT Z NEO 패키지,DDR4,3600,CL18,16GB(8GX2),16,88800,88800,0,0,88200,88200,0,0,89000,0,0,0,0,89000,89000,89000,89000,0,0,0,0,0,0,0,0,0,0,0,0,0,0
11044479,G.SKILL DDR4-3600 CL18 TRIDENT Z NEO 패키지,G.SKILL TRIDENT Z NEO 패키지,DDR4,3600,CL18,128GB(32GX4),128,0,0,496930,496920,0,0,496920,491790,0,498000,491400,491400,498000,0,0,0,0,491790,491800,491800,491790,491800,491790,491790,491790,491790,0,0,0,0,0
11044479,G.SKILL DDR4-3600 CL18 TRIDENT Z NEO 패키지,G.SKILL TRIDENT Z NEO 패키지,DDR4,3600,CL18,64GB(32GX2),64,0,0,249000,249000,0,0,249000,249000,0,249000,245900,245900,248990,0,0,0,0,248990,248990,248990,248990,248990,248990,248990,248990,248990,0,0,0,0,0
11044479,G.SKILL DDR4-3600 CL18 TRIDENT Z NEO 패키지,G.SKILL TRIDENT Z NEO 패키지,DDR4,3600,CL18,32GB(16GX2),32,0,0,138000,138000,0,0,138000,138000,0,138000,136200,136200,138000,0,0,0,0,138000,138000,138000,138000,138000,138000,138000,138000,138000,0,0,0,0,0
11044479,G.SKILL DDR4-3600 CL18 TRIDENT Z NEO 패키지,G.SKILL TRIDENT Z NEO 패키지,DDR4,3600,CL18,16GB(8GX2),16,0,0,89000,89000,0,0,89000,89000,0,89000,87900,87900,89000,0,0,0,0,89000,89000,89000,89000,89000,89000,89000,89000,89000,0,0,0,0,0
11431392,G.SKILL DDR4-3600 CL18 TRIDENT Z NEO 패키지,G.SKILL TRIDENT Z NEO 패키지,DDR4,3600,CL18,128GB(32GX4),128,0,0,0,0,0,0,0,0,0,0,0,0,0,0,0,0,0,0,0,0,0,0,0,0,0,0,491790,491790,484000,484000,484000
11431392,G.SKILL DDR4-3600 CL18 TRIDENT Z NEO 패키지,G.SKILL TRIDENT Z NEO 패키지,DDR4,3600,CL18,64GB(32GX2),64,0,0,0,0,0,0,0,0,0,0,0,0,0,0,0,0,0,0,0,0,0,0,0,0,0,0,248990,248990,241990,242000,242000
11431392,G.SKILL DDR4-3600 CL18 TRIDENT Z NEO 패키지,G.SKILL TRIDENT Z NEO 패키지,DDR4,3600,CL18,32GB(16GX2),32,0,0,0,0,0,0,0,0,0,0,0,0,0,0,0,0,0,0,0,0,0,0,0,0,0,0,138000,138000,135990,136000,136000
11431392,G.SKILL DDR4-3600 CL18 TRIDENT Z NEO 패키지,G.SKILL TRIDENT Z NEO 패키지,DDR4,3600,CL18,16GB(8GX2),16,0,0,0,0,0,0,0,0,0,0,0,0,0,0,0,0,0,0,0,0,0,0,0,0,0,0,89000,89000,87940,87940,88000
11431083,G.SKILL DDR4-3600 CL18 TRIDENT Z RGB 패키지,G.SKILL TRIDENT Z RGB 패키지,DDR4,3600,CL18,64GB(32GX2),64,235200,235200,235750,235700,233600,233600,236000,236000,236000,236000,232900,232900,236000,235920,235820,0,0,0,0,0,0,236000,235930,235880,232900,232900,235840,236000,232990,232990,233000
11431083,G.SKILL DDR4-3600 CL18 TRIDENT Z RGB 패키지,G.SKILL TRIDENT Z RGB 패키지,DDR4,3600,CL18,32GB(16GX2),32,127600,125990,125860,127000,125990,125990,125920,127880,127880,125920,126350,125990,126000,125990,128000,0,0,0,0,0,0,132000,132000,132000,131400,130000,130000,132000,130000,130000,130000
11431083,G.SKILL DDR4-3600 CL18 TRIDENT Z RGB 패키지,G.SKILL TRIDENT Z RGB 패키지,DDR4,3600,CL18,16GB(8GX2),16,83800,83800,84000,84000,83200,83200,84000,84000,84000,84000,83000,83000,84000,84000,84000,0,0,0,0,0,0,84000,84000,84000,84000,84000,84000,84000,81990,82000,82000
11431116,G.SKILL DDR4-3600 CL18 TRIDENT Z RGB 패키지,G.SKILL TRIDENT Z RGB 패키지,DDR4,3600,CL18,64GB(32GX2),64,0,0,0,0,0,0,0,0,0,0,0,0,0,0,0,235720,235640,236000,236000,236000,236000,0,0,0,0,0,0,0,0,0,0
11431116,G.SKILL DDR4-3600 CL18 TRIDENT Z RGB 패키지,G.SKILL TRIDENT Z RGB 패키지,DDR4,3600,CL18,32GB(16GX2),32,0,0,0,0,0,0,0,0,0,0,0,0,0,0,0,126000,128000,128000,130000,130000,132000,0,0,0,0,0,0,0,0,0,0
11431116,G.SKILL DDR4-3600 CL18 TRIDENT Z RGB 패키지,G.SKILL TRIDENT Z RGB 패키지,DDR4,3600,CL18,16GB(8GX2),16,0,0,0,0,0,0,0,0,0,0,0,0,0,0,0,84000,84000,84000,84000,84000,84000,0,0,0,0,0,0,0,0,0,0
18643175,G.SKILL DDR4-3600 CL18 TRIDENT Z RGB 패키지 (해외구매),G.SKILL TRIDENT Z RGB 패키지 (해외구매),DDR4,3600,CL18,32GB(16GX2),32,128600,128600,128600,128600,128600,128600,128600,128600,128600,128600,128600,128600,128600,128600,128600,0,0,136230,148740,148650,148550,148470,148360,148280,148270,148260,148240,148210,148100,148000,147890
18643175,G.SKILL DDR4-3600 CL18 TRIDENT Z RGB 패키지 (해외구매),G.SKILL TRIDENT Z RGB 패키지 (해외구매),DDR4,3600,CL18,16GB(8GX2),16,90840,90720,90720,90720,90720,90720,90720,84660,84650,84650,84650,84650,84650,84650,84650,0,0,84650,84650,84650,84650,84650,84650,84650,84650,84650,84650,84650,84650,84650,84650
7029817,G.SKILL DDR4-3600 CL18 TRIDENT Z ROYAL 골드 패키지,G.SKILL TRIDENT Z ROYAL 골드 패키지,DDR4,3600,CL18,64GB(32GX2),64,275000,275000,276000,276000,273200,0,0,0,0,0,0,0,0,0,0,0,0,0,0,0,0,0,0,0,0,0,0,0,0,0,269760
7029817,G.SKILL DDR4-3600 CL18 TRIDENT Z ROYAL 골드 패키지,G.SKILL TRIDENT Z ROYAL 골드 패키지,DDR4,3600,CL18,32GB(16GX2),32,167400,167400,168000,168000,166300,0,0,0,0,0,0,0,0,0,0,0,0,0,0,0,0,0,0,0,0,0,0,0,0,0,166000
7029817,G.SKILL DDR4-3600 CL18 TRIDENT Z ROYAL 골드 패키지,G.SKILL TRIDENT Z ROYAL 골드 패키지,DDR4,3600,CL18,16GB(8GX2),16,123600,123600,122720,122720,122720,0,0,0,0,0,0,0,0,0,0,0,0,0,0,0,0,0,0,0,0,0,0,0,0,0,122720
11431626,G.SKILL DDR4-3600 CL18 TRIDENT Z ROYAL 골드 패키지,G.SKILL TRIDENT Z ROYAL 골드 패키지,DDR4,3600,CL18,64GB(32GX2),64,0,0,0,0,0,273200,276000,276000,0,0,272400,272400,276000,0,0,0,0,0,0,0,0,276000,276000,276000,276000,0,0,276000,272000,271990,0
11431626,G.SKILL DDR4-3600 CL18 TRIDENT Z ROYAL 골드 패키지,G.SKILL TRIDENT Z ROYAL 골드 패키지,DDR4,3600,CL18,32GB(16GX2),32,0,0,0,0,0,166300,168000,168000,0,0,165800,165800,168000,0,0,0,0,0,0,0,0,168000,168000,168000,168000,0,0,168000,165990,166000,0
11431626,G.SKILL DDR4-3600 CL18 TRIDENT Z ROYAL 골드 패키지,G.SKILL TRIDENT Z ROYAL 골드 패키지,DDR4,3600,CL18,16GB(8GX2),16,0,0,0,0,0,122720,122720,122720,0,0,122500,122500,122710,0,0,0,0,0,0,0,0,122720,122710,122720,122720,0,0,122720,122720,122720,0
11431659,G.SKILL DDR4-3600 CL18 TRIDENT Z ROYAL 골드 패키지,G.SKILL TRIDENT Z ROYAL 골드 패키지,DDR4,3600,CL18,64GB(32GX2),64,0,0,0,0,0,0,0,0,276000,276000,0,0,0,276000,276000,276000,0,276000,276000,276000,276000,0,0,0,0,276000,276000,0,0,0,0
11431659,G.SKILL DDR4-3600 CL18 TRIDENT Z ROYAL 골드 패키지,G.SKILL TRIDENT Z ROYAL 골드 패키지,DDR4,3600,CL18,32GB(16GX2),32,0,0,0,0,0,0,0,0,168000,168000,0,0,0,168000,168000,168000,0,168000,168000,168000,168000,0,0,0,0,168000,168000,0,0,0,0
11431659,G.SKILL DDR4-3600 CL18 TRIDENT Z ROYAL 골드 패키지,G.SKILL TRIDENT Z ROYAL 골드 패키지,DDR4,3600,CL18,16GB(8GX2),16,0,0,0,0,0,0,0,0,122720,122720,0,0,0,122710,122720,122710,0,122710,122720,122720,122710,0,0,0,0,122720,122720,0,0,0,0
11431746,G.SKILL DDR4-3600 CL18 TRIDENT Z ROYAL 실버 패키지,G.SKILL TRIDENT Z ROYAL 실버 패키지,DDR4,3600,CL18,64GB(32GX2),64,275000,275000,276000,276000,273200,273200,276000,276000,276000,276000,272400,272400,276000,276000,276000,0,0,0,0,0,0,0,270330,270330,270330,270330,270330,270330,270330,271780,0
11431746,G.SKILL DDR4-3600 CL18 TRIDENT Z ROYAL 실버 패키지,G.SKILL TRIDENT Z ROYAL 실버 패키지,DDR4,3600,CL18,32GB(16GX2),32,167400,167400,168000,168000,166300,166300,168000,168000,168000,168000,165800,165800,168000,168000,168000,0,0,0,0,0,0,0,168000,168000,168000,168000,168000,168000,165990,166000,0
11431746,G.SKILL DDR4-3600 CL18 TRIDENT Z ROYAL 실버 패키지,G.SKILL TRIDENT Z ROYAL 실버 패키지,DDR4,3600,CL18,16GB(8GX2),16,123600,123600,123800,123800,122800,122800,123800,123800,123800,123800,122500,122500,123800,123800,123800,0,0,0,0,0,0,0,123800,123800,123800,123800,123800,123800,122830,122830,0
11431767,G.SKILL DDR4-3600 CL18 TRIDENT Z ROYAL 실버 패키지,G.SKILL TRIDENT Z ROYAL 실버 패키지,DDR4,3600,CL18,64GB(32GX2),64,0,0,0,0,0,0,0,0,0,0,0,0,0,0,0,270620,0,270330,270330,270330,270330,270330,0,0,0,0,0,0,0,0,269770
11431767,G.SKILL DDR4-3600 CL18 TRIDENT Z ROYAL 실버 패키지,G.SKILL TRIDENT Z ROYAL 실버 패키지,DDR4,3600,CL18,32GB(16GX2),32,0,0,0,0,0,0,0,0,0,0,0,0,0,0,0,168000,0,168000,168000,168000,168000,168000,0,0,0,0,0,0,0,0,166000
11431767,G.SKILL DDR4-3600 CL18 TRIDENT Z ROYAL 실버 패키지,G.SKILL TRIDENT Z ROYAL 실버 패키지,DDR4,3600,CL18,16GB(8GX2),16,0,0,0,0,0,0,0,0,0,0,0,0,0,0,0,123800,0,123800,123800,123800,123800,123800,0,0,0,0,0,0,0,0,123000
11420604,G.SKILL DDR4-3600 CL19 SNIPER X SXKB 패키지,G.SKILL SNIPER X SXKB 패키지,DDR4,3600,CL19,32GB(16GX2),32,110000,110000,110000,110000,110000,110000,0,0,0,0,0,0,0,0,0,0,0,0,0,0,0,0,0,0,0,0,0,0,0,0,0
11420604,G.SKILL DDR4-3600 CL19 SNIPER X SXKB 패키지,G.SKILL SNIPER X SXKB 패키지,DDR4,3600,CL19,16GB(8GX2),16,66580,69110,76430,76430,76430,76430,0,0,0,0,0,0,0,0,0,0,0,0,0,0,0,0,0,0,0,0,0,0,0,0,0
11420658,G.SKILL DDR4-3600 CL19 SNIPER X SXKB 패키지,G.SKILL SNIPER X SXKB 패키지,DDR4,3600,CL19,32GB(16GX2),32,0,0,0,0,0,0,110000,110000,110000,110000,105370,109990,109990,110000,110000,0,0,110000,110000,110000,110000,110000,110000,110000,110000,110000,110000,110000,110000,110000,110000
11420658,G.SKILL DDR4-3600 CL19 SNIPER X SXKB 패키지,G.SKILL SNIPER X SXKB 패키지,DDR4,3600,CL19,16GB(8GX2),16,0,0,0,0,0,0,76430,69110,76430,76430,76430,73170,76430,76430,73170,0,0,74800,74800,74800,76430,76430,76430,76430,76430,76430,76430,73170,76430,76430,76430
11420745,G.SKILL DDR4-3600 CL19 SNIPER X SXWB 패키지,G.SKILL SNIPER X SXWB 패키지,DDR4,3600,CL19,32GB(16GX2),32,110000,0,0,0,0,0,0,0,0,0,0,0,0,0,0,0,0,0,0,0,0,0,0,0,0,0,0,0,0,0,0
11420745,G.SKILL DDR4-3600 CL19 SNIPER X SXWB 패키지,G.SKILL SNIPER X SXWB 패키지,DDR4,3600,CL19,16GB(8GX2),16,61180,0,0,0,0,0,0,0,0,0,0,0,0,0,0,0,0,0,0,0,0,0,0,0,0,0,0,0,0,0,0
11420769,G.SKILL DDR4-3600 CL19 SNIPER X SXWB 패키지,G.SKILL SNIPER X SXWB 패키지,DDR4,3600,CL19,32GB(16GX2),32,0,110000,110000,110000,110000,110000,110000,110000,110000,110000,105370,109990,109990,110000,110000,0,0,110000,110000,110000,110000,110000,110000,110000,110000,110000,110000,110000,110000,110000,110000
11420769,G.SKILL DDR4-3600 CL19 SNIPER X SXWB 패키지,G.SKILL SNIPER X SXWB 패키지,DDR4,3600,CL19,16GB(8GX2),16,0,61180,66480,66480,66480,66480,66480,66480,66480,66490,73170,76430,76430,76430,73170,0,0,74800,76430,74800,76430,76430,76430,76430,76430,76430,76430,73170,76430,76430,76430
12956147,G.SKILL DDR4-3800 CL14 TRIDENT Z NEO 패키지,G.SKILL TRIDENT Z NEO 패키지,DDR4,3800,CL14,32GB(16GX2),32,942250,942250,942250,942250,942250,942250,942250,942250,0,942250,942250,0,0,0,0,0,0,0,0,0,0,0,942250,942250,942250,942250,942250,0,0,0,0
12956147,G.SKILL DDR4-3800 CL14 TRIDENT Z NEO 패키지,G.SKILL TRIDENT Z NEO 패키지,DDR4,3800,CL14,16GB(8GX2),16,532570,532570,532570,532570,532570,532570,532570,532570,0,532570,532570,0,0,0,0,0,0,0,0,0,0,0,532570,532570,532570,532570,532570,0,0,0,0
12956228,G.SKILL DDR4-3800 CL14 TRIDENT Z NEO 패키지,G.SKILL TRIDENT Z NEO 패키지,DDR4,3800,CL14,32GB(16GX2),32,0,0,0,0,0,0,0,0,942250,0,0,942250,942250,942250,942250,0,0,942250,942250,942250,942250,942250,0,0,0,0,0,942250,942250,942250,942250
12956228,G.SKILL DDR4-3800 CL14 TRIDENT Z NEO 패키지,G.SKILL TRIDENT Z NEO 패키지,DDR4,3800,CL14,16GB(8GX2),16,0,0,0,0,0,0,0,0,532570,0,0,532570,532570,532570,532570,0,0,532570,532570,532570,532570,532570,0,0,0,0,0,532570,532570,532570,532570
15792911,G.SKILL DDR4-4000 CL18 TRIDENT Z RGB 패키지,G.SKILL TRIDENT Z RGB 패키지,DDR4,4000,CL18,32GB(16GX2),32,148400,148400,148790,148790,147500,147500,148790,148790,148790,148790,147000,147000,148790,148790,148790,148790,148790,149000,149000,149000,148990,149000,148990,149000,149000,149000,149000,149000,149000,149000,149000
15792911,G.SKILL DDR4-4000 CL18 TRIDENT Z RGB 패키지,G.SKILL TRIDENT Z RGB 패키지,DDR4,4000,CL18,16GB(8GX2),16,93240,93240,93240,93240,93240,93240,93240,93240,93240,93250,92400,92400,93250,93250,93250,93240,93250,93250,93250,93250,93240,94000,94000,94000,93990,93990,93990,94000,94000,94000,94000
15794468,G.SKILL DDR4-4000 CL18 TRIDENT Z ROYAL 실버 패키지,G.SKILL TRIDENT Z ROYAL 실버 패키지,DDR4,4000,CL18,32GB(16GX2),32,188400,188400,189000,189000,187200,187200,189000,189000,189000,189000,186600,186600,189000,189000,189000,188990,189000,189000,189000,189000,188990,189000,188990,189000,186600,186600,188990,189000,189000,189000,189000
15794468,G.SKILL DDR4-4000 CL18 TRIDENT Z ROYAL 실버 패키지,G.SKILL TRIDENT Z ROYAL 실버 패키지,DDR4,4000,CL18,16GB(8GX2),16,133600,133600,134000,134000,132700,132700,134000,134000,134000,134000,132300,132300,134000,134000,134000,134000,134000,134000,134000,134000,134000,134000,134000,134000,134000,134000,134000,134000,134000,134000,134000
40022612,G.SKILL DDR5-5200 CL36 FLARE X5 J 패키지,G.SKILL FLARE X5 J 패키지,DDR5,5200,CL36,64GB(32GX2),64,303000,302000,304000,304000,301000,301000,302000,302000,304000,304000,300100,300100,302000,304000,304000,301990,304000,304000,302000,302000,301990,304000,304000,304000,304000,302000,302000,304000,304000,301960,301940
40022612,G.SKILL DDR5-5200 CL36 FLARE X5 J 패키지,G.SKILL FLARE X5 J 패키지,DDR5,5200,CL36,32GB(16GX2),32,163500,162000,164000,163000,161990,161990,162000,162000,164000,164000,161590,161590,162000,164000,162900,162000,164000,161990,161990,164000,164000,164000,164000,164000,164000,162000,162000,164000,164000,161990,161990
40022714,G.SKILL DDR5-5200 CL36 FLARE X5 J 패키지,G.SKILL FLARE X5 J 패키지,DDR5,5200,CL36,64GB(32GX2),64,0,0,0,0,0,0,0,0,0,0,0,0,0,0,0,0,0,0,0,0,0,0,304000,304000,304000,302000,302000,304000,304000,301960,0
40022714,G.SKILL DDR5-5200 CL36 FLARE X5 J 패키지,G.SKILL FLARE X5 J 패키지,DDR5,5200,CL36,32GB(16GX2),32,0,0,0,0,0,0,0,0,0,0,0,0,0,0,0,0,0,0,0,0,0,0,164000,164000,164000,162000,162000,164000,164000,161990,0
16272563,G.SKILL DDR5-5200 CL36 RIPJAWS S5 J 화이트 패키지,G.SKILL RIPJAWS S5 J 화이트 패키지,DDR5,5200,CL36,64GB(32GX2),64,294400,294400,294400,294400,294400,294400,294400,294404,294884,294884,294884,294884,297924,297924,297924,297924,0,297924,297924,297924,300600,300964,300960,300964,300964,300964,300964,300964,300964,300950,300930
16272563,G.SKILL DDR5-5200 CL36 RIPJAWS S5 J 화이트 패키지,G.SKILL RIPJAWS S5 J 화이트 패키지,DDR5,5200,CL36,32GB(16GX2),32,154407,154407,154407,154407,154407,154407,154407,154407,159087,159087,159087,159087,160728,160728,160728,160728,0,160728,160728,160728,162360,162367,162360,162367,162367,162000,162000,162367,162367,162367,162000
54102935,G.SKILL DDR5-5200 CL40 FLARE X5 J 패키지,G.SKILL FLARE X5 J 패키지,DDR5,5200,CL40,96GB(48GX2),96,0,0,0,0,0,0,0,0,0,0,0,0,0,0,0,0,0,0,0,0,341990,354000,353990,353990,353990,353990,353990,354000,354000,353330,353220
54102935,G.SKILL DDR5-5200 CL40 FLARE X5 J 패키지,G.SKILL FLARE X5 J 패키지,DDR5,5200,CL40,48GB(24GX2),48,0,0,0,0,0,0,0,0,0,0,0,0,0,0,0,0,0,0,0,0,182600,189000,186930,188990,188990,188990,188990,189000,189000,188930,188820
54102995,G.SKILL DDR5-5200 CL40 FLARE X5 J 패키지,G.SKILL FLARE X5 J 패키지,DDR5,5200,CL40,96GB(48GX2),96,0,0,0,0,0,0,0,0,0,0,0,0,0,0,0,0,0,0,0,0,341990,354000,353990,353990,353990,353990,353990,0,0,0,0
54102995,G.SKILL DDR5-5200 CL40 FLARE X5 J 패키지,G.SKILL FLARE X5 J 패키지,DDR5,5200,CL40,48GB(24GX2),48,0,0,0,0,0,0,0,0,0,0,0,0,0,0,0,0,0,0,0,0,182600,189000,186930,188990,188990,188990,188990,0,0,0,0
54103109,G.SKILL DDR5-5200 CL40 RIPJAWS S5 J 블랙 패키지,G.SKILL RIPJAWS S5 J 블랙 패키지,DDR5,5200,CL40,96GB(48GX2),96,0,0,0,0,0,0,0,0,0,0,0,0,0,0,0,0,0,0,0,0,341990,354000,353990,353990,353900,353900,353990,354000,354000,353930,353820
54103109,G.SKILL DDR5-5200 CL40 RIPJAWS S5 J 블랙 패키지,G.SKILL RIPJAWS S5 J 블랙 패키지,DDR5,5200,CL40,64GB(32GX2),64,0,0,0,0,0,0,0,0,0,0,0,0,0,0,0,0,0,0,0,0,255050,264000,263990,264000,264000,264000,264000,264000,264000,263930,263820
54103109,G.SKILL DDR5-5200 CL40 RIPJAWS S5 J 블랙 패키지,G.SKILL RIPJAWS S5 J 블랙 패키지,DDR5,5200,CL40,48GB(24GX2),48,0,0,0,0,0,0,0,0,0,0,0,0,0,0,0,0,0,0,0,0,182600,189000,188990,188990,188990,188990,188990,189000,189000,188930,188820
54103109,G.SKILL DDR5-5200 CL40 RIPJAWS S5 J 블랙 패키지,G.SKILL RIPJAWS S5 J 블랙 패키지,DDR5,5200,CL40,32GB(16GX2),32,0,0,0,0,0,0,0,0,0,0,0,0,0,0,0,0,0,0,0,0,139130,144000,143990,143990,143990,143990,143990,144000,144000,143930,143820
54103163,G.SKILL DDR5-5200 CL40 RIPJAWS S5 J 블랙 패키지,G.SKILL RIPJAWS S5 J 블랙 패키지,DDR5,5200,CL40,96GB(48GX2),96,0,0,0,0,0,0,0,0,0,0,0,0,0,0,0,0,0,0,0,0,341990,0,0,353990,353900,353900,353990,354000,354000,0,0
54103163,G.SKILL DDR5-5200 CL40 RIPJAWS S5 J 블랙 패키지,G.SKILL RIPJAWS S5 J 블랙 패키지,DDR5,5200,CL40,64GB(32GX2),64,0,0,0,0,0,0,0,0,0,0,0,0,0,0,0,0,0,0,0,0,255050,0,0,264000,264000,264000,264000,264000,264000,0,0
54103163,G.SKILL DDR5-5200 CL40 RIPJAWS S5 J 블랙 패키지,G.SKILL RIPJAWS S5 J 블랙 패키지,DDR5,5200,CL40,48GB(24GX2),48,0,0,0,0,0,0,0,0,0,0,0,0,0,0,0,0,0,0,0,0,182600,0,0,188990,188990,188990,188990,189000,189000,0,0
54103163,G.SKILL DDR5-5200 CL40 RIPJAWS S5 J 블랙 패키지,G.SKILL RIPJAWS S5 J 블랙 패키지,DDR5,5200,CL40,32GB(16GX2),32,0,0,0,0,0,0,0,0,0,0,0,0,0,0,0,0,0,0,0,0,139130,0,0,143990,143990,143990,143990,144000,144000,0,0
54103169,G.SKILL DDR5-5200 CL40 RIPJAWS S5 J 블랙 패키지,G.SKILL RIPJAWS S5 J 블랙 패키지,DDR5,5200,CL40,96GB(48GX2),96,0,0,0,0,0,0,0,0,0,0,0,0,0,0,0,0,0,0,0,0,0,0,0,0,0,0,0,0,0,353930,353820
54103169,G.SKILL DDR5-5200 CL40 RIPJAWS S5 J 블랙 패키지,G.SKILL RIPJAWS S5 J 블랙 패키지,DDR5,5200,CL40,64GB(32GX2),64,0,0,0,0,0,0,0,0,0,0,0,0,0,0,0,0,0,0,0,0,0,0,0,0,0,0,0,0,0,263930,263820
54103169,G.SKILL DDR5-5200 CL40 RIPJAWS S5 J 블랙 패키지,G.SKILL RIPJAWS S5 J 블랙 패키지,DDR5,5200,CL40,48GB(24GX2),48,0,0,0,0,0,0,0,0,0,0,0,0,0,0,0,0,0,0,0,0,0,0,0,0,0,0,0,0,0,188930,188820
54103169,G.SKILL DDR5-5200 CL40 RIPJAWS S5 J 블랙 패키지,G.SKILL RIPJAWS S5 J 블랙 패키지,DDR5,5200,CL40,32GB(16GX2),32,0,0,0,0,0,0,0,0,0,0,0,0,0,0,0,0,0,0,0,0,0,0,0,0,0,0,0,0,0,143930,143820
54103175,G.SKILL DDR5-5200 CL40 RIPJAWS S5 J 화이트 패키지,G.SKILL RIPJAWS S5 J 화이트 패키지,DDR5,5200,CL40,96GB(48GX2),96,0,0,0,0,0,0,0,0,0,0,0,0,0,0,0,0,0,0,0,0,341990,354000,353990,353990,353990,353990,353990,354000,354000,353930,353820
54103175,G.SKILL DDR5-5200 CL40 RIPJAWS S5 J 화이트 패키지,G.SKILL RIPJAWS S5 J 화이트 패키지,DDR5,5200,CL40,48GB(24GX2),48,0,0,0,0,0,0,0,0,0,0,0,0,0,0,0,0,0,0,0,0,182600,189000,186930,188990,188990,188990,188990,189000,189000,188930,188820
54103175,G.SKILL DDR5-5200 CL40 RIPJAWS S5 J 화이트 패키지,G.SKILL RIPJAWS S5 J 화이트 패키지,DDR5,5200,CL40,32GB(16GX2),32,0,0,0,0,0,0,0,0,0,0,0,0,0,0,0,0,0,0,0,0,139130,144000,142420,143990,143990,143990,143990,144000,144000,143930,143820
17138720,G.SKILL DDR5-5600 CL30 RIPJAWS S5 J 블랙 패키지,G.SKILL RIPJAWS S5 J 블랙 패키지,DDR5,5600,CL30,64GB(32GX2),64,308400,0,0,0,0,0,0,308400,0,0,308460,308460,308460,311620,311540,311630,311620,311620,311630,311630,311580,311560,311460,0,0,0,0,0,0,314820,314820
17138720,G.SKILL DDR5-5600 CL30 RIPJAWS S5 J 블랙 패키지,G.SKILL RIPJAWS S5 J 블랙 패키지,DDR5,5600,CL30,32GB(16GX2),32,168500,0,0,0,0,0,0,168740,0,0,166900,166900,168540,168440,168380,168280,168190,168000,167890,167790,167770,166990,166930,0,0,0,0,0,0,166990,166990
16875566,G.SKILL DDR5-5600 CL30 RIPJAWS S5 J 블랙 패키지,G.SKILL RIPJAWS S5 J 블랙 패키지,DDR5,5600,CL30,64GB(32GX2),64,0,308400,308390,308400,308400,308390,308390,0,308461,308460,0,0,0,0,0,0,0,0,0,0,0,0,0,311380,311290,311200,311180,314820,314820,0,0
16875566,G.SKILL DDR5-5600 CL30 RIPJAWS S5 J 블랙 패키지,G.SKILL RIPJAWS S5 J 블랙 패키지,DDR5,5600,CL30,32GB(16GX2),32,0,168500,168880,168860,167400,167400,168800,0,168720,168630,0,0,0,0,0,0,0,0,0,0,0,0,0,166890,166860,166810,166780,168950,168870,0,0
17138798,G.SKILL DDR5-5600 CL30 RIPJAWS S5 J 화이트 패키지,G.SKILL RIPJAWS S5 J 화이트 패키지,DDR5,5600,CL30,64GB(32GX2),64,316900,316900,317490,0,0,0,0,0,0,0,0,0,0,0,317270,317480,317400,317310,317220,317120,0,316990,316890,0,0,0,0,316750,0,0,0
17138798,G.SKILL DDR5-5600 CL30 RIPJAWS S5 J 화이트 패키지,G.SKILL RIPJAWS S5 J 화이트 패키지,DDR5,5600,CL30,32GB(16GX2),32,168500,168500,169000,0,0,0,0,0,0,0,0,0,0,0,169000,168990,169000,168000,169000,169000,0,167990,167360,0,0,0,0,167130,0,0,0
16875797,G.SKILL DDR5-5600 CL30 RIPJAWS S5 J 화이트 패키지,G.SKILL RIPJAWS S5 J 화이트 패키지,DDR5,5600,CL30,64GB(32GX2),64,0,0,0,317490,314800,314800,317460,317480,317390,317490,313900,313900,317460,317360,0,0,0,0,0,0,317100,0,0,316810,316800,316790,316770,0,316730,316630,316530
16875797,G.SKILL DDR5-5600 CL30 RIPJAWS S5 J 화이트 패키지,G.SKILL RIPJAWS S5 J 화이트 패키지,DDR5,5600,CL30,32GB(16GX2),32,0,0,0,169000,167400,167400,169000,169000,169000,169000,166900,166900,169000,169000,0,0,0,0,0,0,168990,0,0,167320,167300,167270,167160,0,167050,167030,166980
16875008,G.SKILL DDR5-5600 CL30 TRIDENT Z5 RGB J 패키지,G.SKILL TRIDENT Z5 RGB J 패키지,DDR5,5600,CL30,64GB(32GX2),64,336800,0,0,337760,334600,334600,337750,337750,337760,337760,333600,333600,337750,337750,337760,337750,337750,337750,337760,337760,337750,337760,337750,337760,337750,337750,337750,337760,337760,337760,337760
16875008,G.SKILL DDR5-5600 CL30 TRIDENT Z5 RGB J 패키지,G.SKILL TRIDENT Z5 RGB J 패키지,DDR5,5600,CL30,32GB(16GX2),32,183400,0,0,183770,182200,182200,183760,183770,183770,183770,181700,181700,183760,183760,183770,183760,183760,183760,183770,183770,183760,183770,183760,183770,183760,183760,183760,183760,183760,183760,183760
17139083,G.SKILL DDR5-5600 CL30 TRIDENT Z5 RGB J 패키지,G.SKILL TRIDENT Z5 RGB J 패키지,DDR5,5600,CL30,64GB(32GX2),64,0,336800,337760,0,0,0,0,0,0,0,0,0,0,0,0,0,0,0,0,0,0,0,0,0,0,0,0,0,0,0,0
17139083,G.SKILL DDR5-5600 CL30 TRIDENT Z5 RGB J 패키지,G.SKILL TRIDENT Z5 RGB J 패키지,DDR5,5600,CL30,32GB(16GX2),32,0,183400,183770,0,0,0,0,0,0,0,0,0,0,0,0,0,0,0,0,0,0,0,0,0,0,0,0,0,0,0,0
20339063,G.SKILL DDR5-5600 CL40 RIPJAWS S5 J 블랙 패키지,G.SKILL RIPJAWS S5 J 블랙 패키지,DDR5,5600,CL40,96GB(48GX2),96,463664,463664,463664,463664,463664,463664,463664,463664,463664,463664,463664,463664,468444,468444,0,0,0,0,0,0,0,473224,473220,473224,473224,473224,473224,473224,473224,473210,473200
20339063,G.SKILL DDR5-5600 CL40 RIPJAWS S5 J 블랙 패키지,G.SKILL RIPJAWS S5 J 블랙 패키지,DDR5,5600,CL40,48GB(24GX2),48,229402,229402,229402,229402,229402,229400,229400,229402,231833,231833,231830,231830,231830,234220,0,0,0,0,0,0,0,236610,236610,236613,236613,236613,236613,236613,236613,236613,236613
40551086,G.SKILL DDR5-5600 CL40 RIPJAWS S5 J 블랙 패키지,G.SKILL RIPJAWS S5 J 블랙 패키지,DDR5,5600,CL40,96GB(48GX2),96,0,0,0,0,0,0,0,0,0,0,0,0,0,0,468444,468444,468444,468444,468444,468444,472670,0,0,0,0,0,0,0,0,0,0
40551086,G.SKILL DDR5-5600 CL40 RIPJAWS S5 J 블랙 패키지,G.SKILL RIPJAWS S5 J 블랙 패키지,DDR5,5600,CL40,48GB(24GX2),48,0,0,0,0,0,0,0,0,0,0,0,0,0,0,234222,234222,234220,234220,234222,234222,236610,0,0,0,0,0,0,0,0,0,0
40022765,G.SKILL DDR5-6000 CL30 FLARE X5 J 패키지,G.SKILL FLARE X5 J 패키지,DDR5,6000,CL30,64GB(32GX2),64,327900,327900,329000,329000,325700,325700,329000,329000,329000,329000,324800,324800,329000,329000,329000,329000,329000,329000,329000,329000,329000,325712,325710,325712,325700,325700,325712,325712,325712,325690,325660
40022765,G.SKILL DDR5-6000 CL30 FLARE X5 J 패키지,G.SKILL FLARE X5 J 패키지,DDR5,6000,CL30,32GB(16GX2),32,168500,168500,169000,169000,167400,167400,169000,169000,169000,169000,166900,166900,169000,169000,169000,169000,169000,169000,169000,169000,169000,167319,167310,167319,166900,166900,167319,167170,167170,167170,167170
17000666,G.SKILL DDR5-6000 CL30 RIPJAWS S5 J 블랙 패키지,G.SKILL RIPJAWS S5 J 블랙 패키지,DDR5,6000,CL30,64GB(32GX2),64,323016,323016,323016,323016,323016,323016,323016,323016,323016,323016,323016,323016,326346,326346,326340,326330,326260,326340,326300,0,326340,328990,328910,328870,0,0,0,0,0,0,0
17000666,G.SKILL DDR5-6000 CL30 RIPJAWS S5 J 블랙 패키지,G.SKILL RIPJAWS S5 J 블랙 패키지,DDR5,6000,CL30,32GB(16GX2),32,169000,169000,169000,173750,172300,172300,173720,173750,173750,173750,171800,171800,173720,173620,173570,173740,173680,172900,172790,0,172670,169000,169000,169000,0,0,0,0,0,0,0
16875872,G.SKILL DDR5-6000 CL30 RIPJAWS S5 J 블랙 패키지,G.SKILL RIPJAWS S5 J 블랙 패키지,DDR5,6000,CL30,64GB(32GX2),64,0,0,0,0,0,0,0,0,0,0,0,0,0,0,0,0,0,0,0,326340,0,0,0,0,328850,328750,328670,328570,328520,328500,328490
16875872,G.SKILL DDR5-6000 CL30 RIPJAWS S5 J 블랙 패키지,G.SKILL RIPJAWS S5 J 블랙 패키지,DDR5,6000,CL30,32GB(16GX2),32,0,0,0,0,0,0,0,0,0,0,0,0,0,0,0,0,0,0,0,172690,0,0,0,0,169000,169000,169000,169000,169000,169000,172890
16875908,G.SKILL DDR5-6000 CL30 RIPJAWS S5 J 화이트 패키지,G.SKILL RIPJAWS S5 J 화이트 패키지,DDR5,6000,CL30,64GB(32GX2),64,328000,328000,328000,332980,329600,329600,332950,332990,332990,332990,328700,328700,332960,332990,332990,332980,332880,332770,332660,332550,332480,327980,327890,327840,327830,327820,327800,327780,327760,327660,327550
16875908,G.SKILL DDR5-6000 CL30 RIPJAWS S5 J 화이트 패키지,G.SKILL RIPJAWS S5 J 화이트 패키지,DDR5,6000,CL30,32GB(16GX2),32,169000,169000,169000,169000,168990,168990,168990,169000,169000,169000,168990,168990,168990,168990,169000,169000,168990,169000,169000,169000,169000,169000,168990,168990,168990,168990,168990,168990,168990,168990,170020
17139326,G.SKILL DDR5-6000 CL30 TRIDENT Z5 J 패키지,G.SKILL TRIDENT Z5 J 패키지,DDR5,6000,CL30,64GB(32GX2),64,336800,0,0,0,0,0,0,0,0,0,0,0,0,0,0,0,0,0,0,0,0,337320,337270,337220,337130,337020,336920,336890,336780,336680,336570
17139326,G.SKILL DDR5-6000 CL30 TRIDENT Z5 J 패키지,G.SKILL TRIDENT Z5 J 패키지,DDR5,6000,CL30,32GB(16GX2),32,174404,0,0,0,0,0,0,0,0,0,0,0,0,0,0,0,0,0,0,0,0,181070,180990,180940,180870,180820,180790,180760,180750,180730,180710
17139356,G.SKILL DDR5-6000 CL30 TRIDENT Z5 J 패키지,G.SKILL TRIDENT Z5 J 패키지,DDR5,6000,CL30,64GB(32GX2),64,0,336800,337750,337750,334600,334600,337720,337750,337750,337750,333600,333600,337720,337620,337530,337740,337640,337570,337480,337450,337400,0,0,0,0,0,0,0,0,0,0
17139356,G.SKILL DDR5-6000 CL30 TRIDENT Z5 J 패키지,G.SKILL TRIDENT Z5 J 패키지,DDR5,6000,CL30,32GB(16GX2),32,0,174404,174404,174404,174404,174404,174404,174404,178484,178484,178480,178480,178480,180310,180250,180320,180310,180200,180320,180320,180320,0,0,0,0,0,0,0,0,0,0
17932031,G.SKILL DDR5-6000 CL30 TRIDENT Z5 NEO J 패키지,G.SKILL TRIDENT Z5 NEO J 패키지,DDR5,6000,CL30,64GB(32GX2),64,338539,338539,338539,338539,338539,338539,338539,338539,338539,0,0,0,0,0,0,342028,342028,342028,342028,342028,345100,345519,345510,345519,345519,345519,345519,345519,345519,345500,345490
17932031,G.SKILL DDR5-6000 CL30 TRIDENT Z5 NEO J 패키지,G.SKILL TRIDENT Z5 NEO J 패키지,DDR5,6000,CL30,32GB(16GX2),32,179328,179328,179328,179328,179328,179328,179328,179328,183261,0,0,0,0,0,0,185150,185150,185150,185150,185150,186890,187039,187030,187039,187039,187039,187039,187039,187039,187039,187039
40559801,G.SKILL DDR5-6000 CL30 TRIDENT Z5 NEO J 패키지,G.SKILL TRIDENT Z5 NEO J 패키지,DDR5,6000,CL30,64GB(32GX2),64,0,0,0,0,0,0,0,0,0,338539,338539,338539,342028,342028,342028,0,0,0,0,0,0,0,0,0,0,0,0,0,0,0,0
40559801,G.SKILL DDR5-6000 CL30 TRIDENT Z5 NEO J 패키지,G.SKILL TRIDENT Z5 NEO J 패키지,DDR5,6000,CL30,32GB(16GX2),32,0,0,0,0,0,0,0,0,0,183261,183261,183261,185150,185150,185150,0,0,0,0,0,0,0,0,0,0,0,0,0,0,0,0
40572260,G.SKILL DDR5-6000 CL30 TRIDENT Z5 NEO RGB J 패키지,G.SKILL TRIDENT Z5 NEO RGB J 패키지,DDR5,6000,CL30,64GB(32GX2),64,357800,357800,359000,0,0,0,0,0,0,0,354390,354390,359000,359000,356510,359000,359000,356510,356510,0,0,0,0,0,0,0,355413,355413,355413,355390,355360
40572260,G.SKILL DDR5-6000 CL30 TRIDENT Z5 NEO RGB J 패키지,G.SKILL TRIDENT Z5 NEO RGB J 패키지,DDR5,6000,CL30,32GB(16GX2),32,193400,193400,194000,0,0,0,0,0,0,0,191590,191590,194000,194000,192110,194000,194000,192110,192110,0,0,0,0,0,0,0,192068,192068,192068,192040,191970
17931836,G.SKILL DDR5-6000 CL30 TRIDENT Z5 NEO RGB J 패키지,G.SKILL TRIDENT Z5 NEO RGB J 패키지,DDR5,6000,CL30,64GB(32GX2),64,0,0,0,358100,355390,355390,359000,359000,359000,359000,0,0,0,0,0,0,0,0,0,351822,355000,355413,355410,355413,355000,355000,0,0,0,0,0
17931836,G.SKILL DDR5-6000 CL30 TRIDENT Z5 NEO RGB J 패키지,G.SKILL TRIDENT Z5 NEO RGB J 패키지,DDR5,6000,CL30,32GB(16GX2),32,0,0,0,193000,192090,192090,194000,194000,194000,194000,0,0,0,0,0,0,0,0,0,190128,192060,192068,192060,192068,192000,192000,0,0,0,0,0
40578827,G.SKILL DDR5-6000 CL30 TRIDENT Z5 NEO RGB J 화이트 패키지,G.SKILL TRIDENT Z5 NEO RGB J 화이트 패키지,DDR5,6000,CL30,64GB(32GX2),64,367800,367000,369000,369000,365300,365300,367000,367000,369000,369000,364300,364300,367000,369000,369000,366990,369000,369000,367000,361626,364880,365316,365310,365316,364300,364300,365316,365316,365316,365300,365290
40578827,G.SKILL DDR5-6000 CL30 TRIDENT Z5 NEO RGB J 화이트 패키지,G.SKILL TRIDENT Z5 NEO RGB J 화이트 패키지,DDR5,6000,CL30,32GB(16GX2),32,198400,197000,199000,198000,196990,196990,197000,197000,199000,199000,196450,196450,197000,199000,197800,196990,199000,196990,196990,197000,199000,199000,199000,199000,197890,197000,197000,199000,198990,196970,196990
40579721,G.SKILL DDR5-6000 CL30 TRIDENT Z5 NEO RGB J 화이트 패키지,G.SKILL TRIDENT Z5 NEO RGB J 화이트 패키지,DDR5,6000,CL30,64GB(32GX2),64,367800,367000,369000,369000,365300,365300,367000,367000,369000,369000,364300,364300,367000,369000,369000,366990,369000,369000,367000,361626,364880,365316,365310,365316,364300,364300,365316,365316,365316,365300,365290
40579721,G.SKILL DDR5-6000 CL30 TRIDENT Z5 NEO RGB J 화이트 패키지,G.SKILL TRIDENT Z5 NEO RGB J 화이트 패키지,DDR5,6000,CL30,32GB(16GX2),32,198400,197000,199000,198000,196990,196990,197000,197000,199000,199000,196450,196450,197000,199000,197800,196990,199000,196990,196990,197000,199000,199000,199000,199000,197890,197000,197000,199000,198990,196970,196990
16875464,G.SKILL DDR5-6000 CL30 TRIDENT Z5 RGB J 실버 패키지,G.SKILL TRIDENT Z5 RGB J 실버 패키지,DDR5,6000,CL30,64GB(32GX2),64,345820,345820,345820,345820,344500,344500,345820,0,0,0,0,0,0,0,0,0,0,0,0,0,0,348000,346460,346380,346290,346280,346260,346240,346140,346040,345930
16875464,G.SKILL DDR5-6000 CL30 TRIDENT Z5 RGB J 실버 패키지,G.SKILL TRIDENT Z5 RGB J 실버 패키지,DDR5,6000,CL30,32GB(16GX2),32,182600,182600,182600,182600,182600,182600,182600,0,0,0,0,0,0,0,0,0,0,0,0,0,0,184190,184180,184130,184120,184110,184090,184060,183950,183850,183740
17001281,G.SKILL DDR5-6000 CL30 TRIDENT Z5 RGB J 실버 패키지,G.SKILL TRIDENT Z5 RGB J 실버 패키지,DDR5,6000,CL30,64GB(32GX2),64,0,0,0,0,0,0,0,345820,345820,348000,343500,343500,348000,348000,348000,348000,348000,348000,348000,348000,348000,0,0,0,0,0,0,0,0,0,0
17001281,G.SKILL DDR5-6000 CL30 TRIDENT Z5 RGB J 실버 패키지,G.SKILL TRIDENT Z5 RGB J 실버 패키지,DDR5,6000,CL30,32GB(16GX2),32,0,0,0,0,0,0,0,182600,182600,189000,186600,186600,189000,189000,189000,188990,184000,184000,184000,184000,184190,0,0,0,0,0,0,0,0,0,0
17001209,G.SKILL DDR5-6000 CL30 TRIDENT Z5 RGB J 패키지,G.SKILL TRIDENT Z5 RGB J 패키지,DDR5,6000,CL30,64GB(32GX2),64,346800,0,0,0,0,0,0,0,344700,344790,0,0,0,0,0,0,0,341880,0,0,0,0,0,0,0,0,0,0,0,341250,341150
17001209,G.SKILL DDR5-6000 CL30 TRIDENT Z5 RGB J 패키지,G.SKILL TRIDENT Z5 RGB J 패키지,DDR5,6000,CL30,32GB(16GX2),32,179400,0,0,0,0,0,0,0,183330,183336,0,0,0,0,0,0,0,185220,0,0,0,0,0,0,0,0,0,0,0,186390,186280
16873946,G.SKILL DDR5-6000 CL30 TRIDENT Z5 RGB J 패키지,G.SKILL TRIDENT Z5 RGB J 패키지,DDR5,6000,CL30,64GB(32GX2),64,0,344790,345700,344790,344500,344500,344760,345690,0,0,343500,343500,344780,345990,345990,344780,339840,0,341880,341880,341820,341730,341710,341630,341620,341600,341490,341460,341350,0,0
16873946,G.SKILL DDR5-6000 CL30 TRIDENT Z5 RGB J 패키지,G.SKILL TRIDENT Z5 RGB J 패키지,DDR5,6000,CL30,32GB(16GX2),32,0,179405,179405,179405,179405,179405,179400,179405,0,0,183330,183330,183330,185220,185226,185226,185220,0,185226,185226,187110,186550,187010,186930,186840,186730,186630,186600,186490,0,0
18610958,G.SKILL DDR5-6000 CL32 TRIDENT Z5 NEO RGB J 패키지,G.SKILL TRIDENT Z5 NEO RGB J 패키지,DDR5,6000,CL32,64GB(32GX2),64,338539,338539,338539,338539,338539,338530,338530,338539,338539,338539,338530,338530,338530,342028,342028,342028,342028,342028,342000,342028,345100,345519,345510,345519,342000,342000,345519,345190,329010,329010,329010
18610958,G.SKILL DDR5-6000 CL32 TRIDENT Z5 NEO RGB J 패키지,G.SKILL TRIDENT Z5 NEO RGB J 패키지,DDR5,6000,CL32,32GB(16GX2),32,191400,191400,192000,192000,190100,190100,192000,192000,192000,192000,189600,189600,192000,192000,192000,192000,192000,188160,188160,188160,189860,190080,190070,190080,190080,190080,190080,190080,190080,190080,190080
16272884,G.SKILL DDR5-6400 CL32 TRIDENT Z5 RGB J 실버 패키지,G.SKILL TRIDENT Z5 RGB J 실버 패키지,DDR5,6400,CL32,96GB(48GX2),96,561636,561636,561636,561636,561636,561636,561636,561636,0,0,561630,561630,561630,567420,0,0,0,0,0,0,0,573210,573210,573216,573210,573210,573210,573210,573210,573210,573210
16272884,G.SKILL DDR5-6400 CL32 TRIDENT Z5 RGB J 실버 패키지,G.SKILL TRIDENT Z5 RGB J 실버 패키지,DDR5,6400,CL32,64GB(32GX2),64,337560,337550,337550,337550,337550,337540,337520,337550,0,0,337560,337560,341040,341040,0,0,0,0,0,0,0,354420,354420,354420,354420,354420,354420,354420,354420,354420,358000
16272884,G.SKILL DDR5-6400 CL32 TRIDENT Z5 RGB J 실버 패키지,G.SKILL TRIDENT Z5 RGB J 실버 패키지,DDR5,6400,CL32,32GB(16GX2),32,179405,179405,179405,179405,179405,179405,179405,179405,0,0,183336,183336,185226,185220,0,0,0,0,0,0,0,187116,187110,187110,187110,187110,187110,187110,187110,187110,187110
18036599,G.SKILL DDR5-6400 CL32 TRIDENT Z5 RGB J 실버 패키지,G.SKILL TRIDENT Z5 RGB J 실버 패키지,DDR5,6400,CL32,96GB(48GX2),96,0,0,0,0,0,0,0,0,561630,561630,0,0,0,0,0,0,0,0,0,0,573210,0,0,0,0,0,0,0,0,0,0
18036599,G.SKILL DDR5-6400 CL32 TRIDENT Z5 RGB J 실버 패키지,G.SKILL TRIDENT Z5 RGB J 실버 패키지,DDR5,6400,CL32,64GB(32GX2),64,0,0,0,0,0,0,0,0,337550,337540,0,0,0,0,0,0,0,0,0,0,354000,0,0,0,0,0,0,0,0,0,0
18036599,G.SKILL DDR5-6400 CL32 TRIDENT Z5 RGB J 실버 패키지,G.SKILL TRIDENT Z5 RGB J 실버 패키지,DDR5,6400,CL32,32GB(16GX2),32,0,0,0,0,0,0,0,0,183336,183336,0,0,0,0,0,0,0,0,0,0,186890,0,0,0,0,0,0,0,0,0,0
20019728,G.SKILL DDR5-6400 CL32 TRIDENT Z5 RGB J 실버 패키지,G.SKILL TRIDENT Z5 RGB J 실버 패키지,DDR5,6400,CL32,96GB(48GX2),96,0,0,0,0,0,0,0,0,0,0,0,0,0,0,567426,567420,567410,567420,567426,567426,0,0,0,0,0,0,0,0,0,0,0
20019728,G.SKILL DDR5-6400 CL32 TRIDENT Z5 RGB J 실버 패키지,G.SKILL TRIDENT Z5 RGB J 실버 패키지,DDR5,6400,CL32,64GB(32GX2),64,0,0,0,0,0,0,0,0,0,0,0,0,0,0,341040,341040,341030,350844,350844,350844,0,0,0,0,0,0,0,0,0,0,0
20019728,G.SKILL DDR5-6400 CL32 TRIDENT Z5 RGB J 실버 패키지,G.SKILL TRIDENT Z5 RGB J 실버 패키지,DDR5,6400,CL32,32GB(16GX2),32,0,0,0,0,0,0,0,0,0,0,0,0,0,0,185220,185220,185220,185226,185226,185226,0,0,0,0,0,0,0,0,0,0,0
18036602,G.SKILL DDR5-6400 CL32 TRIDENT Z5 RGB J 패키지,G.SKILL TRIDENT Z5 RGB J 패키지,DDR5,6400,CL32,64GB(32GX2),64,337560,337550,337550,337550,337550,337530,337420,0,0,0,337550,337550,337550,341040,341040,341040,341030,350844,350844,350844,354000,354420,354420,354424,353400,353400,0,0,0,354424,0
18036602,G.SKILL DDR5-6400 CL32 TRIDENT Z5 RGB J 패키지,G.SKILL TRIDENT Z5 RGB J 패키지,DDR5,6400,CL32,32GB(16GX2),32,179400,179400,179400,179400,179400,179400,179400,0,0,0,183330,183330,183330,185226,185226,185226,185226,185220,185220,185220,186890,187116,187110,187110,187110,186990,0,0,0,186990,0
18036602,G.SKILL DDR5-6400 CL32 TRIDENT Z5 RGB J 패키지,G.SKILL TRIDENT Z5 RGB J 패키지,DDR5,6400,CL32,96GB(48GX2),96,561636,561636,561630,561630,561636,561630,561630,0,0,0,561636,561636,567426,567426,567426,567426,567426,567426,567426,567426,572540,573210,573210,573216,573216,573216,0,0,0,573216,0
20019680,G.SKILL DDR5-6400 CL32 TRIDENT Z5 RGB J 패키지,G.SKILL TRIDENT Z5 RGB J 패키지,DDR5,6400,CL32,64GB(32GX2),64,0,0,0,0,0,0,0,337550,337550,337550,0,0,0,0,0,0,0,0,0,0,0,0,0,0,0,0,0,0,0,0,0
20019680,G.SKILL DDR5-6400 CL32 TRIDENT Z5 RGB J 패키지,G.SKILL TRIDENT Z5 RGB J 패키지,DDR5,6400,CL32,32GB(16GX2),32,0,0,0,0,0,0,0,179400,179400,181030,0,0,0,0,0,0,0,0,0,0,0,0,0,0,0,0,0,0,0,0,0
20019680,G.SKILL DDR5-6400 CL32 TRIDENT Z5 RGB J 패키지,G.SKILL TRIDENT Z5 RGB J 패키지,DDR5,6400,CL32,96GB(48GX2),96,0,0,0,0,0,0,0,561636,561636,561636,0,0,0,0,0,0,0,0,0,0,0,0,0,0,0,0,0,0,0,0,0
16272698,G.SKILL DDR5-6400 CL32 TRIDENT Z5 RGB J 패키지,G.SKILL TRIDENT Z5 RGB J 패키지,DDR5,6400,CL32,64GB(32GX2),64,0,0,0,0,0,0,0,0,0,0,0,0,0,0,0,0,0,0,0,0,0,0,0,0,0,0,354424,354424,354424,0,354424
16272698,G.SKILL DDR5-6400 CL32 TRIDENT Z5 RGB J 패키지,G.SKILL TRIDENT Z5 RGB J 패키지,DDR5,6400,CL32,32GB(16GX2),32,0,0,0,0,0,0,0,0,0,0,0,0,0,0,0,0,0,0,0,0,0,0,0,0,0,0,186990,187110,186990,0,186990
16272698,G.SKILL DDR5-6400 CL32 TRIDENT Z5 RGB J 패키지,G.SKILL TRIDENT Z5 RGB J 패키지,DDR5,6400,CL32,96GB(48GX2),96,0,0,0,0,0,0,0,0,0,0,0,0,0,0,0,0,0,0,0,0,0,0,0,0,0,0,573216,573216,573216,0,573216
21639455,G.SKILL DDR5-6400 CL32 TRIDENT Z5 RGB 화이트 패키지,G.SKILL TRIDENT Z5 RGB 화이트 패키지,DDR5,6400,CL32,64GB(32GX2),64,346800,346000,348000,347000,344490,344490,345990,346000,348000,348000,343490,343490,346000,348000,343490,345990,348000,348000,356000,356000,358000,357940,357880,358000,354900,354900,355900,357980,355990,355960,355870
21639455,G.SKILL DDR5-6400 CL32 TRIDENT Z5 RGB 화이트 패키지,G.SKILL TRIDENT Z5 RGB 화이트 패키지,DDR5,6400,CL32,32GB(16GX2),32,188400,188400,189000,189000,187200,187200,188990,189000,189000,189000,186600,186600,189000,189000,189000,188990,189000,189000,189000,189000,188990,189000,188990,188990,188990,188990,188990,188990,188990,188990,188990
46101749,G.SKILL DDR5-6400 CL32 ZETA R5 NEO ECC/REG 패키지,G.SKILL ZETA R5 NEO ECC/REG 패키지,DDR5,6400,CL32,128GB(32GX4),128,1873100,1873100,1880000,1880000,1860700,1860700,1880000,1880000,1880000,1880000,1855400,1855400,1880000,1880000,1880000,1879990,1880000,1880000,1880000,1880000,1879990,1880000,1879990,1880000,1879990,1879990,1879990,1878780,1878780,1878780,1878780
46101749,G.SKILL DDR5-6400 CL32 ZETA R5 NEO ECC/REG 패키지,G.SKILL ZETA R5 NEO ECC/REG 패키지,DDR5,6400,CL32,192GB(48GX4),192,2670200,2670200,2680000,2680000,2652600,2652600,2680000,2680000,2680000,2680000,2645000,2645000,2680000,2680000,2680000,2679990,2680000,2680000,2680000,2680000,2679990,2680000,2679990,2680000,2679990,2679990,2679990,2679990,2679990,2679990,2679990
7954927,G.SKILL 노트북 DDR4-2666 CL19 RIPJAWS,G.SKILL 노트북 RIPJAWS,DDR4,2666,CL19,16GB,16,45800,45800,45800,45800,45800,45800,45800,45800,45800,45800,45800,45800,45800,45800,45800,45800,0,45800,45800,45800,45800,45800,45800,45800,45800,45800,45800,45800,44000,44000,44000
7954927,G.SKILL 노트북 DDR4-2666 CL19 RIPJAWS,G.SKILL 노트북 RIPJAWS,DDR4,2666,CL19,8GB,8,23990,23990,24000,24000,24000,24000,24000,24000,24000,24000,23990,23990,23990,23990,24000,23990,0,23990,24000,24000,23990,24000,23990,24000,23990,23990,23990,24000,22990,22970,22860
12247271,G.SKILL 노트북 DDR4-3200 CL22 RIPJAWS,G.SKILL 노트북 RIPJAWS,DDR4,3200,CL22,32GB,32,93990,93990,94000,94000,94000,94000,94000,94000,94000,94000,93800,93800,94000,94000,0,0,0,0,0,0,0,0,0,0,0,0,0,0,0,0,91990
12247271,G.SKILL 노트북 DDR4-3200 CL22 RIPJAWS,G.SKILL 노트북 RIPJAWS,DDR4,3200,CL22,16GB,16,45900,45910,45910,45910,45910,45910,45910,45910,45910,45910,45900,45900,45910,45910,0,0,0,0,0,0,0,0,0,0,0,0,0,0,0,0,44950
12247271,G.SKILL 노트북 DDR4-3200 CL22 RIPJAWS,G.SKILL 노트북 RIPJAWS,DDR4,3200,CL22,8GB,8,23990,24000,24000,24000,24000,24000,24000,24000,24000,24000,23990,23990,23990,24000,0,0,0,0,0,0,0,0,0,0,0,0,0,0,0,0,23000
12247292,G.SKILL 노트북 DDR4-3200 CL22 RIPJAWS,G.SKILL 노트북 RIPJAWS,DDR4,3200,CL22,32GB,32,0,0,0,0,0,0,0,0,0,0,0,0,0,0,94000,93990,0,93990,93990,93990,93990,93990,93990,93990,93990,93990,93990,93990,91990,0,0
12247292,G.SKILL 노트북 DDR4-3200 CL22 RIPJAWS,G.SKILL 노트북 RIPJAWS,DDR4,3200,CL22,16GB,16,0,0,0,0,0,0,0,0,0,0,0,0,0,0,45910,45900,0,45910,45910,45910,45900,45900,45900,45910,45900,45900,45900,45910,44950,0,0
12247292,G.SKILL 노트북 DDR4-3200 CL22 RIPJAWS,G.SKILL 노트북 RIPJAWS,DDR4,3200,CL22,8GB,8,0,0,0,0,0,0,0,0,0,0,0,0,0,0,24000,23990,0,24000,24000,24000,23990,24000,23990,24000,23990,23990,23990,24000,22990,0,0
12247244,G.SKILL 노트북 DDR4-3200 CL22 RIPJAWS,G.SKILL 노트북 RIPJAWS,DDR4,3200,CL22,32GB,32,0,0,0,0,0,0,0,0,0,0,0,0,0,0,0,0,0,0,0,0,0,0,0,0,0,0,0,0,0,91990,0
12247244,G.SKILL 노트북 DDR4-3200 CL22 RIPJAWS,G.SKILL 노트북 RIPJAWS,DDR4,3200,CL22,16GB,16,0,0,0,0,0,0,0,0,0,0,0,0,0,0,0,0,0,0,0,0,0,0,0,0,0,0,0,0,0,44950,0
12247244,G.SKILL 노트북 DDR4-3200 CL22 RIPJAWS,G.SKILL 노트북 RIPJAWS,DDR4,3200,CL22,8GB,8,0,0,0,0,0,0,0,0,0,0,0,0,0,0,0,0,0,0,0,0,0,0,0,0,0,0,0,0,0,23000,0
31050617,G.SKILL 노트북 DDR5-4800 CL40 RIPJAWS,G.SKILL 노트북 RIPJAWS,DDR5,4800,CL40,32GB,32,143390,143400,144000,144000,142600,142600,143990,143400,144000,143400,142200,142200,143400,143400,143400,143390,144000,143400,144000,143400,143990,143390,143390,144000,143390,143390,143390,144000,143400,143970,143360
31050617,G.SKILL 노트북 DDR5-4800 CL40 RIPJAWS,G.SKILL 노트북 RIPJAWS,DDR5,4800,CL40,16GB,16,71730,71670,71670,71580,71300,71300,71670,71670,71990,71990,71100,71100,71710,71680,71670,71660,71570,71470,71380,71360,71260,71170,71060,70980,70890,70880,70860,70840,70820,70720,70610
31050695,G.SKILL 노트북 DDR5-4800 CL40 RIPJAWS,G.SKILL 노트북 RIPJAWS,DDR5,4800,CL40,32GB,32,143390,143400,0,144000,142600,142600,143990,143400,144000,143400,142200,142200,143400,143400,143400,143390,144000,143400,144000,143400,143990,0,0,0,0,0,0,144000,143400,143970,143360
31050695,G.SKILL 노트북 DDR5-4800 CL40 RIPJAWS,G.SKILL 노트북 RIPJAWS,DDR5,4800,CL40,16GB,16,71730,71670,0,71580,71300,71300,71670,71670,71990,71990,71100,71100,71710,71680,71670,71660,71570,71470,71380,71360,71260,0,0,0,0,0,0,70840,70820,70720,70610
5528834,GeIL DDR4-2400 CL17 PRISTINE,GeIL PRISTINE,DDR4,2400,CL17,8GB,8,21940,21840,21780,21760,21720,21710,21710,21710,21830,21820,21730,21650,21640,21610,21510,21940,0,21740,21620,21520,21440,21420,21330,21280,21270,21260,21240,21220,21180,21080,20970
5528834,GeIL DDR4-2400 CL17 PRISTINE,GeIL PRISTINE,DDR4,2400,CL17,4GB,4,20900,20900,20900,20900,20900,20900,20900,20900,20900,20900,20900,20900,20900,20900,20900,20900,0,20900,20900,20900,20900,20900,20900,20900,20900,20900,20900,20900,20900,20900,20900
6168351,GeIL DDR4-2666 CL19 PRISTINE,GeIL PRISTINE,DDR4,2666,CL19,16GB,16,38490,38500,38500,38500,38500,38500,0,0,0,0,0,0,0,0,0,0,0,0,0,0,0,0,0,0,38490,38490,38490,38500,0,0,38500
6168351,GeIL DDR4-2666 CL19 PRISTINE,GeIL PRISTINE,DDR4,2666,CL19,8GB,8,21490,21500,21500,21500,21500,21500,0,0,0,0,0,0,0,0,0,0,0,0,0,0,0,0,0,0,21490,21490,21490,21490,0,0,21490
6168351,GeIL DDR4-2666 CL19 PRISTINE,GeIL PRISTINE,DDR4,2666,CL19,4GB,4,13980,13990,13990,13990,13990,13990,0,0,0,0,0,0,0,0,0,0,0,0,0,0,0,0,0,0,13990,13990,13990,14000,0,0,14000
6168329,GeIL DDR4-2666 CL19 PRISTINE,GeIL PRISTINE,DDR4,2666,CL19,16GB,16,0,0,0,0,0,0,38500,38500,38500,38500,38500,38500,38500,38500,38500,38490,38500,38500,38500,38500,38490,38500,38490,38500,0,0,0,0,38500,38500,0
6168329,GeIL DDR4-2666 CL19 PRISTINE,GeIL PRISTINE,DDR4,2666,CL19,8GB,8,0,0,0,0,0,0,21500,21500,21500,21500,21500,21500,21500,21500,21500,21490,21490,21500,21500,21500,21490,21500,21490,21490,0,0,0,0,21490,21490,0
6168329,GeIL DDR4-2666 CL19 PRISTINE,GeIL PRISTINE,DDR4,2666,CL19,4GB,4,0,0,0,0,0,0,13990,13990,13990,13990,13990,13990,13990,13990,13990,13980,13990,13990,13990,13990,13990,14000,13990,14000,0,0,0,0,14000,14000,0
8444481,GeIL DDR4-2666 CL19 SUPER LUCE RGB Sync 화이트,GeIL SUPER LUCE RGB Sync 화이트,DDR4,2666,CL19,16GB,16,92700,92700,91800,92990,92700,92700,92990,92990,92990,93000,91800,91800,93000,93000,93000,0,0,93000,93000,93000,92990,93000,92990,93000,92990,92990,92990,93000,93000,93000,93000
8444481,GeIL DDR4-2666 CL19 SUPER LUCE RGB Sync 화이트,GeIL SUPER LUCE RGB Sync 화이트,DDR4,2666,CL19,8GB,8,93000,93000,93000,93000,93000,93000,93000,93000,93000,93000,93000,93000,93000,93000,93000,0,0,93000,93000,93000,93000,93000,93000,93000,93000,93000,93000,93000,93000,93000,93000
12586484,GeIL DDR4-3200 CL16-20-20 ORION Gray 패키지,GeIL -20-20 ORION Gray 패키지,DDR4,3200,CL16,32GB(16GX2),32,101700,101700,100700,102000,101700,101700,102000,102000,119850,119850,119850,114750,114750,119850,114750,0,0,119850,119850,119500,119850,119850,119850,119850,119850,119850,119850,114750,102000,0,0
12586484,GeIL DDR4-3200 CL16-20-20 ORION Gray 패키지,GeIL -20-20 ORION Gray 패키지,DDR4,3200,CL16,16GB(8GX2),16,53900,53900,53400,54000,53900,53900,54000,54000,54000,54000,53400,53400,54000,54000,54000,0,0,53990,53990,53990,53990,54000,53990,53990,53990,53990,53990,53990,53990,0,0
12586376,GeIL DDR4-3200 CL16-20-20 ORION Gray 패키지,GeIL -20-20 ORION Gray 패키지,DDR4,3200,CL16,32GB(16GX2),32,0,0,0,0,0,0,0,0,0,0,0,0,0,0,0,0,0,0,0,0,0,0,0,0,0,0,0,0,0,101990,101990
12586376,GeIL DDR4-3200 CL16-20-20 ORION Gray 패키지,GeIL -20-20 ORION Gray 패키지,DDR4,3200,CL16,16GB(8GX2),16,0,0,0,0,0,0,0,0,0,0,0,0,0,0,0,0,0,0,0,0,0,0,0,0,0,0,0,0,0,54000,54000
12595877,GeIL DDR4-3200 CL16-20-20 ORION Red 패키지,GeIL -20-20 ORION Red 패키지,DDR4,3200,CL16,32GB(16GX2),32,101700,101700,100700,102000,101700,101700,102000,102000,102000,102000,100700,100700,102000,102000,102000,0,0,102000,102000,102000,101990,102000,101990,102000,101990,101990,101990,102000,102000,102000,102000
12595877,GeIL DDR4-3200 CL16-20-20 ORION Red 패키지,GeIL -20-20 ORION Red 패키지,DDR4,3200,CL16,16GB(8GX2),16,53900,53900,53400,54000,53900,53900,54000,54000,54000,54000,53400,53400,54000,54000,54000,0,0,53990,53990,53990,53990,53990,53990,53990,53990,53990,53990,53990,53990,54000,54000
11183601,GeIL DDR4-3200 CL22 EVO SPEAR,GeIL EVO SPEAR,DDR4,3200,CL22,16GB,16,41900,41900,41500,41990,41900,41900,41990,41990,41990,41990,41500,41500,42000,42000,42000,41990,41990,41990,41990,41990,41990,41990,41990,0,0,0,0,0,0,0,41990
11183601,GeIL DDR4-3200 CL22 EVO SPEAR,GeIL EVO SPEAR,DDR4,3200,CL22,8GB,8,23990,24000,23800,23990,23990,23990,23990,23990,23990,24000,23800,23800,24000,24000,24000,23990,24000,24000,24000,24000,24000,24000,23920,0,0,0,0,0,0,0,23990
11020071,GeIL DDR4-3200 CL22 EVO SPEAR,GeIL EVO SPEAR,DDR4,3200,CL22,16GB,16,0,0,0,0,0,0,0,0,0,0,0,0,0,0,0,0,0,0,0,0,0,0,0,41990,41990,41990,41990,41990,41990,41990,0
11020071,GeIL DDR4-3200 CL22 EVO SPEAR,GeIL EVO SPEAR,DDR4,3200,CL22,8GB,8,0,0,0,0,0,0,0,0,0,0,0,0,0,0,0,0,0,0,0,0,0,0,0,23880,23930,23920,23900,23990,23990,23970,0
11277699,GeIL DDR4-3200 CL22 EVO X II AMD Gray RGB,GeIL EVO X II AMD Gray RGB,DDR4,3200,CL22,16GB,16,54390,54340,54300,54250,0,0,0,0,0,0,0,0,0,0,0,0,0,0,0,0,0,0,0,0,0,0,0,0,0,0,0
11277699,GeIL DDR4-3200 CL22 EVO X II AMD Gray RGB,GeIL EVO X II AMD Gray RGB,DDR4,3200,CL22,8GB,8,29900,29900,29700,29990,0,0,0,0,0,0,0,0,0,0,0,0,0,0,0,0,0,0,0,0,0,0,0,0,0,0,0
11277615,GeIL DDR4-3200 CL22 EVO X II AMD Gray RGB,GeIL EVO X II AMD Gray RGB,DDR4,3200,CL22,16GB,16,0,0,0,0,54240,54380,54380,54380,54690,54690,54300,54300,54990,54990,54990,54980,0,54800,54680,54600,54500,54430,54320,54280,54250,54200,54170,54140,54120,54020,53910
11277615,GeIL DDR4-3200 CL22 EVO X II AMD Gray RGB,GeIL EVO X II AMD Gray RGB,DDR4,3200,CL22,8GB,8,0,0,0,0,29900,29900,29990,29990,29990,29990,29700,29700,30000,30000,30000,29990,0,29990,29990,29990,29990,29990,29990,29990,29990,29990,29990,29990,29990,29990,29990
10859073,GeIL DDR4-3200 CL22 PRISTINE,GeIL PRISTINE,DDR4,3200,CL22,16GB,16,38990,39000,39000,39000,38990,38990,38990,38800,38700,38650,38560,38560,38560,38410,38310,38310,38240,38230,38230,38230,38220,38220,38920,38870,38860,38850,38830,38750,38670,38610,38500
10859073,GeIL DDR4-3200 CL22 PRISTINE,GeIL PRISTINE,DDR4,3200,CL22,8GB,8,20930,20980,20980,20980,20970,20950,20850,20800,20690,20590,20980,20990,20990,20990,20990,20980,20990,20990,20990,20990,20930,20990,20910,20860,20850,20830,20720,20690,20580,20480,20370
11220675,GeIL DDR4-3200 CL22 SUPER LUCE RGB Sync 블랙,GeIL SUPER LUCE RGB Sync 블랙,DDR4,3200,CL22,16GB,16,99930,99930,99930,99930,99930,99930,90360,90360,99930,99930,99930,95670,99930,99930,99930,0,0,98300,99930,99930,99930,99930,99930,99930,99930,99930,95670,95670,99930,99930,99930
11220675,GeIL DDR4-3200 CL22 SUPER LUCE RGB Sync 블랙,GeIL SUPER LUCE RGB Sync 블랙,DDR4,3200,CL22,8GB,8,41000,41000,41000,41000,41000,41000,41000,41000,41000,41000,41000,41000,41000,41000,41000,0,0,41000,41000,41000,41000,41000,41000,41000,41000,41000,41000,41000,49600,49600,49600
11220810,GeIL DDR4-3200 CL22 SUPER LUCE RGB Sync 화이트,GeIL SUPER LUCE RGB Sync 화이트,DDR4,3200,CL22,16GB,16,85500,85500,85500,85500,85500,85500,85500,85500,85500,85500,85500,85500,85500,0,0,0,0,0,0,0,0,0,0,0,0,0,0,85500,0,0,0
11220810,GeIL DDR4-3200 CL22 SUPER LUCE RGB Sync 화이트,GeIL SUPER LUCE RGB Sync 화이트,DDR4,3200,CL22,8GB,8,42300,42300,42300,42300,42300,42300,42300,42300,42300,42300,42300,42300,42300,0,0,0,0,0,0,0,0,0,0,0,0,0,0,42300,0,0,0
11220822,GeIL DDR4-3200 CL22 SUPER LUCE RGB Sync 화이트,GeIL SUPER LUCE RGB Sync 화이트,DDR4,3200,CL22,16GB,16,0,0,0,0,0,0,0,0,0,0,0,0,0,85500,85500,0,0,85500,85500,85500,85500,85500,85500,85500,85500,85500,85500,0,143030,143030,143030
11220822,GeIL DDR4-3200 CL22 SUPER LUCE RGB Sync 화이트,GeIL SUPER LUCE RGB Sync 화이트,DDR4,3200,CL22,8GB,8,0,0,0,0,0,0,0,0,0,0,0,0,0,42300,42300,0,0,42300,42300,42300,42300,42300,42300,42300,42300,42300,42300,0,42300,42300,42300
12586634,GeIL DDR4-3600 CL18 ORION Gray 패키지,GeIL ORION Gray 패키지,DDR4,3600,CL18,32GB(16GX2),32,104700,104700,103700,105000,104700,104700,105000,105000,105000,105000,103700,103700,105000,105000,105000,104990,0,104990,104990,104940,104890,104810,104760,104710,0,104690,104670,0,0,0,0
12586634,GeIL DDR4-3600 CL18 ORION Gray 패키지,GeIL ORION Gray 패키지,DDR4,3600,CL18,16GB(8GX2),16,56900,56900,56300,57000,56900,56900,57000,57000,57000,57000,56300,56300,57000,57000,57000,56990,0,57000,57000,57000,56990,57000,56990,57000,0,56990,56990,0,0,0,0
12586583,GeIL DDR4-3600 CL18 ORION Gray 패키지,GeIL ORION Gray 패키지,DDR4,3600,CL18,32GB(16GX2),32,0,0,0,0,0,0,0,0,0,0,0,0,0,0,0,0,0,0,0,0,0,0,0,0,104700,0,0,104640,104560,104990,104990
12586583,GeIL DDR4-3600 CL18 ORION Gray 패키지,GeIL ORION Gray 패키지,DDR4,3600,CL18,16GB(8GX2),16,0,0,0,0,0,0,0,0,0,0,0,0,0,0,0,0,0,0,0,0,0,0,0,0,56990,0,0,57000,57000,57000,57000
13131923,GeIL DDR4-3600 CL18 ORION RGB Gray 패키지,GeIL ORION RGB Gray 패키지,DDR4,3600,CL18,32GB(16GX2),32,109700,109700,0,0,0,0,0,0,0,0,0,0,0,0,0,0,0,0,0,0,0,0,0,0,0,0,0,0,0,0,0
13131923,GeIL DDR4-3600 CL18 ORION RGB Gray 패키지,GeIL ORION RGB Gray 패키지,DDR4,3600,CL18,16GB(8GX2),16,61800,61800,0,0,0,0,0,0,0,0,0,0,0,0,0,0,0,0,0,0,0,0,0,0,0,0,0,0,0,0,0
13122017,GeIL DDR4-3600 CL18 ORION RGB Gray 패키지,GeIL ORION RGB Gray 패키지,DDR4,3600,CL18,32GB(16GX2),32,0,0,108600,109990,109700,109700,109990,109990,109990,109990,108600,108600,109990,109990,109990,109990,0,109990,109990,109990,110000,110000,110000,110000,110000,110000,110000,110000,110000,110000,110000
13122017,GeIL DDR4-3600 CL18 ORION RGB Gray 패키지,GeIL ORION RGB Gray 패키지,DDR4,3600,CL18,16GB(8GX2),16,0,0,61300,61990,61800,61800,61990,61990,61990,61990,61300,61300,61990,61990,61990,61990,0,61990,61990,61990,61990,61990,61780,61740,61710,61660,61630,61600,61580,61480,61370
13131803,GeIL DDR4-3600 CL18 ORION RGB Red 패키지,GeIL ORION RGB Red 패키지,DDR4,3600,CL18,32GB(16GX2),32,107600,107600,106600,108000,107600,107600,108000,108000,108000,108000,106600,106600,108000,108000,108000,0,0,108000,108000,108000,108000,108000,107990,108000,107990,107990,107990,108000,108000,108000,108000
13131803,GeIL DDR4-3600 CL18 ORION RGB Red 패키지,GeIL ORION RGB Red 패키지,DDR4,3600,CL18,16GB(8GX2),16,72530,72530,72530,72530,72530,72530,72530,72530,72530,72530,72530,72530,72530,72530,72530,0,0,72530,72530,72530,72530,72530,72530,72530,72530,72530,72530,72530,72530,72530,72530
12596012,GeIL DDR4-3600 CL18 ORION Red 패키지,GeIL ORION Red 패키지,DDR4,3600,CL18,32GB(16GX2),32,104700,104700,103700,105000,104700,104700,105000,105000,105000,105000,103700,103700,105000,105000,105000,0,0,105000,105000,105000,105000,105000,104990,105000,104990,104990,104990,105000,105000,105000,105000
12596012,GeIL DDR4-3600 CL18 ORION Red 패키지,GeIL ORION Red 패키지,DDR4,3600,CL18,16GB(8GX2),16,74400,74400,74400,74400,74400,74400,74400,74400,74400,74400,74400,74400,74400,74400,74400,0,0,74400,74400,74400,74400,74400,74400,74400,74400,74400,74400,74400,74400,74400,74400
13585094,GeIL DDR4-4000 CL18 ORION Red 패키지,GeIL ORION Red 패키지,DDR4,4000,CL18,32GB(16GX2),32,163380,163330,163310,163200,163080,163040,163030,163010,162900,162820,162730,162660,162570,162550,162460,162360,0,162300,162180,162140,162120,162050,130000,130000,130000,130000,130000,130000,130000,130000,130000
13585094,GeIL DDR4-4000 CL18 ORION Red 패키지,GeIL ORION Red 패키지,DDR4,4000,CL18,16GB(8GX2),16,95700,95700,94800,95990,95700,95700,96000,96000,96000,96000,94800,94800,96000,96000,96000,95990,0,96000,96000,96000,95990,96000,69000,69000,69000,69000,69000,69000,69000,69000,69000
11682767,GeIL 노트북 DDR4-3200 CL22,GeIL 노트북,DDR4,3200,CL22,16GB,16,41480,41410,41340,41220,41170,41170,41170,41170,41400,41400,41400,41400,41490,41490,41490,41490,48790,49000,49000,49000,49000,49000,0,0,0,0,0,0,41490,41490,41490
11682767,GeIL 노트북 DDR4-3200 CL22,GeIL 노트북,DDR4,3200,CL22,8GB,8,21990,22000,22000,22000,22000,22000,22000,22000,22000,22000,22000,22000,22000,22000,22000,21990,22000,22000,22000,22000,21990,22000,0,0,0,0,0,0,22000,22000,22000
11682743,GeIL 노트북 DDR4-3200 CL22,GeIL 노트북,DDR4,3200,CL22,16GB,16,0,0,0,0,0,0,0,0,0,0,0,0,0,0,0,0,0,0,0,0,0,0,49000,49000,49000,49000,49000,49000,0,0,0
11682743,GeIL 노트북 DDR4-3200 CL22,GeIL 노트북,DDR4,3200,CL22,8GB,8,0,0,0,0,0,0,0,0,0,0,0,0,0,0,0,0,0,0,0,0,0,0,21990,22000,21990,21990,21990,22000,0,0,0
28775711,HIKSEMI DDR4-3200 CL18 HIKER,HIKSEMI HIKER,DDR4,3200,CL18,8GB,8,20500,20500,20500,20500,20500,20500,20500,20500,20500,20500,22900,22900,22900,22900,22900,0,0,22900,22900,22900,22900,22900,22900,22900,22900,22900,22900,22900,22900,22900,22900
28775711,HIKSEMI DDR4-3200 CL18 HIKER,HIKSEMI HIKER,DDR4,3200,CL18,16GB,16,39500,39500,39500,39500,39500,39500,39500,39500,39500,39500,39500,39500,39500,39500,39500,0,0,39500,39500,39500,39500,39500,39500,39500,39500,39500,39500,39490,39490,39490,39490
16982231,HP DDR4-3200 CL14 V10 RGB 패키지,HP V10 RGB 패키지,DDR4,3200,CL14,32GB(16GX2),32,146720,146720,146720,146720,145400,145400,145400,145400,145400,145400,145400,145400,145400,145400,145400,145400,145400,145400,145400,145400,145400,145400,155400,167790,167790,167790,167790,171480,0,0,0
16982231,HP DDR4-3200 CL14 V10 RGB 패키지,HP V10 RGB 패키지,DDR4,3200,CL14,16GB(8GX2),16,106000,106000,106000,106000,106000,106000,106000,106000,106000,106000,106000,106000,106000,106000,106000,106000,106000,106000,106000,106000,106000,106000,106000,106000,106000,106000,106000,106000,0,0,0
13050284,KINGMAX DDR4-2666 CL19,KINGMAX,DDR4,2666,CL19,16GB,16,39900,39900,39900,39900,39900,39900,39900,38900,38900,0,38900,38900,38900,38900,38900,0,0,38900,38900,38900,38900,38900,38900,78900,78900,78900,78900,78900,78900,78900,78900
13050284,KINGMAX DDR4-2666 CL19,KINGMAX,DDR4,2666,CL19,8GB,8,22300,22300,22300,22300,22300,22300,22300,22300,22300,0,22300,22300,22300,22300,22300,0,0,22300,22300,22300,22300,22300,22300,22300,22300,22300,22300,22300,22300,22300,22300
13050317,KINGMAX DDR4-2666 CL19,KINGMAX,DDR4,2666,CL19,16GB,16,0,0,0,0,0,0,0,0,0,38900,0,0,0,0,0,0,0,0,0,0,0,0,0,0,0,0,0,0,0,0,0
13050317,KINGMAX DDR4-2666 CL19,KINGMAX,DDR4,2666,CL19,8GB,8,0,0,0,0,0,0,0,0,0,22300,0,0,0,0,0,0,0,0,0,0,0,0,0,0,0,0,0,0,0,0,0
13303526,KINGMAX DDR4-3200 CL22,KINGMAX,DDR4,3200,CL22,16GB,16,73900,73900,0,0,0,0,0,0,0,0,0,0,0,0,0,0,0,73900,73900,73900,73900,73900,73900,73900,73900,73900,73900,73900,73900,73900,73900
13303526,KINGMAX DDR4-3200 CL22,KINGMAX,DDR4,3200,CL22,8GB,8,22300,22300,0,0,0,0,0,0,0,0,0,0,0,0,0,0,0,22300,22300,22300,22300,22300,22300,22300,22300,22300,22300,22300,22300,22300,22300
13050362,KINGMAX DDR4-3200 CL22,KINGMAX,DDR4,3200,CL22,16GB,16,0,0,73900,73900,73900,73900,73900,73900,73900,73900,73900,73900,73900,73900,73900,0,0,0,0,0,0,0,0,0,0,0,0,0,0,0,0
13050362,KINGMAX DDR4-3200 CL22,KINGMAX,DDR4,3200,CL22,8GB,8,0,0,22300,22300,22300,22300,22300,22300,22300,22300,22300,22300,22300,22300,22300,0,0,0,0,0,0,0,0,0,0,0,0,0,0,0,0
13612172,OCPC DDR4-3200 CL16-20-20 XT II BLACK,OCPC -20-20 XT II BLACK,DDR4,3200,CL16,16GB,16,0,0,0,0,0,0,0,0,0,0,0,0,0,0,0,0,0,0,0,0,0,0,0,0,0,0,0,0,0,0,45910
13612172,OCPC DDR4-3200 CL16-20-20 XT II BLACK,OCPC -20-20 XT II BLACK,DDR4,3200,CL16,8GB,8,0,0,0,0,0,0,0,0,0,0,0,0,0,0,0,0,0,0,0,0,0,0,0,0,0,0,0,0,0,0,18670
13612244,OCPC DDR4-3200 CL16-20-20 XT II WHITE,OCPC -20-20 XT II WHITE,DDR4,3200,CL16,16GB,16,0,0,0,0,0,0,0,0,0,0,0,0,0,0,0,0,0,0,0,0,0,0,0,0,0,0,0,0,0,0,239500
13612244,OCPC DDR4-3200 CL16-20-20 XT II WHITE,OCPC -20-20 XT II WHITE,DDR4,3200,CL16,8GB,8,0,0,0,0,0,0,0,0,0,0,0,0,0,0,0,0,0,0,0,0,0,0,0,0,0,0,0,0,0,0,23520
12709256,OCPC DDR4-3600 CL18 X3TREME BLACK LABEL 패키지,OCPC X3TREME BLACK LABEL 패키지,DDR4,3600,CL18,32GB(16GX2),32,0,0,0,0,0,0,0,0,0,0,0,0,0,0,0,0,0,0,0,0,0,0,0,0,0,0,0,0,0,0,115300
12709256,OCPC DDR4-3600 CL18 X3TREME BLACK LABEL 패키지,OCPC X3TREME BLACK LABEL 패키지,DDR4,3600,CL18,16GB(8GX2),16,0,0,0,0,0,0,0,0,0,0,0,0,0,0,0,0,0,0,0,0,0,0,0,0,0,0,0,0,0,0,56000
12709319,OCPC DDR4-4000 CL19 X3TREME BLACK LABEL 패키지,OCPC X3TREME BLACK LABEL 패키지,DDR4,4000,CL19,32GB(16GX2),32,132410,125860,132410,132410,132410,132410,132410,132410,132410,132410,132410,126780,0,0,0,0,0,0,0,0,0,0,0,0,0,0,0,126780,132410,132410,132410
12709319,OCPC DDR4-4000 CL19 X3TREME BLACK LABEL 패키지,OCPC X3TREME BLACK LABEL 패키지,DDR4,4000,CL19,16GB(8GX2),16,67800,67800,67800,67800,67500,67500,67500,67500,67500,67500,67500,67500,0,0,0,0,0,0,0,0,0,0,0,0,0,0,0,67500,67500,67500,67500
12709334,OCPC DDR4-4000 CL19 X3TREME BLACK LABEL 패키지,OCPC X3TREME BLACK LABEL 패키지,DDR4,4000,CL19,32GB(16GX2),32,0,0,0,0,0,0,0,0,0,0,0,0,126780,132410,126780,0,0,132410,132410,132410,132410,132410,132410,132410,132410,132410,132410,0,0,0,0
12709334,OCPC DDR4-4000 CL19 X3TREME BLACK LABEL 패키지,OCPC X3TREME BLACK LABEL 패키지,DDR4,4000,CL19,16GB(8GX2),16,0,0,0,0,0,0,0,0,0,0,0,0,67500,67500,67500,0,0,67500,67500,67500,67500,67500,67500,67500,67500,67500,67500,0,0,0,0
33368099,OLOy DDR5-6000 CL32 BLADE RGB Black 패키지,OLOy BLADE RGB Black 패키지,DDR5,6000,CL32,64GB(32GX2),64,350060,349980,349900,349820,349800,349700,349600,349520,349480,349380,350070,350070,350070,350070,350070,350060,349970,349860,349740,349640,349540,349450,349340,349260,349250,349240,349220,349190,349080,348980,348870
33368099,OLOy DDR5-6000 CL32 BLADE RGB Black 패키지,OLOy BLADE RGB Black 패키지,DDR5,6000,CL32,32GB(16GX2),32,199680,199680,199670,199670,199670,199670,199670,199670,199670,199670,199670,199670,199670,199670,199670,199670,199670,199670,199670,199670,199670,199670,199670,199670,199670,199670,199670,199670,199670,199670,199670
33368099,OLOy DDR5-6000 CL32 BLADE RGB Black 패키지,OLOy BLADE RGB Black 패키지,DDR5,6000,CL32,16GB(8GX2),16,101910,101910,101910,101910,101910,101910,101910,101910,101910,101910,101910,101910,101910,101910,101910,101910,101910,101910,101910,101910,101910,101910,100790,100790,100790,100790,100790,100790,100790,100790,100790
33368270,OLOy DDR5-6000 CL32 BLADE RGB Black 패키지,OLOy BLADE RGB Black 패키지,DDR5,6000,CL32,64GB(32GX2),64,0,0,0,0,0,0,0,0,0,0,0,0,0,0,350070,0,0,0,0,349640,349540,349450,349340,349260,349250,349240,349220,349190,349080,348980,348870
33368270,OLOy DDR5-6000 CL32 BLADE RGB Black 패키지,OLOy BLADE RGB Black 패키지,DDR5,6000,CL32,32GB(16GX2),32,0,0,0,0,0,0,0,0,0,0,0,0,0,0,199670,0,0,0,0,199670,199670,199670,199670,199670,199670,199670,199670,199670,199670,199670,199670
33368270,OLOy DDR5-6000 CL32 BLADE RGB Black 패키지,OLOy BLADE RGB Black 패키지,DDR5,6000,CL32,16GB(8GX2),16,0,0,0,0,0,0,0,0,0,0,0,0,0,0,101910,0,0,0,0,101910,101910,101910,100790,100790,100790,100790,100790,100790,100790,100790,100790
33368330,OLOy DDR5-6000 CL32 BLADE RGB White 패키지,OLOy BLADE RGB White 패키지,DDR5,6000,CL32,64GB(32GX2),64,353000,353000,355680,355680,355680,355680,355680,355680,355680,355680,355680,355680,355680,355680,355680,355680,355680,355680,355680,355680,355680,355680,355680,355680,355680,355680,355680,355680,355680,355680,355680
33368330,OLOy DDR5-6000 CL32 BLADE RGB White 패키지,OLOy BLADE RGB White 패키지,DDR5,6000,CL32,32GB(16GX2),32,199680,199680,199670,199670,199670,199670,199670,199670,199670,199670,199670,199670,199670,199670,199670,199670,199670,199670,199670,199670,199670,199670,199670,199670,199670,199670,199670,199670,199670,199670,199670
33368330,OLOy DDR5-6000 CL32 BLADE RGB White 패키지,OLOy BLADE RGB White 패키지,DDR5,6000,CL32,16GB(8GX2),16,116390,116390,116390,116390,116390,116390,116390,0,0,0,0,0,0,0,0,0,0,0,0,0,0,0,0,0,0,0,0,0,0,0,0
33368342,OLOy DDR5-6000 CL32 BLADE RGB White 패키지,OLOy BLADE RGB White 패키지,DDR5,6000,CL32,64GB(32GX2),64,0,0,0,0,0,0,0,0,0,0,0,0,0,0,355680,0,0,355680,355680,355680,355680,355680,355680,355680,355680,355680,355680,355680,355680,355680,355680
33368342,OLOy DDR5-6000 CL32 BLADE RGB White 패키지,OLOy BLADE RGB White 패키지,DDR5,6000,CL32,32GB(16GX2),32,0,0,0,0,0,0,0,0,0,0,0,0,0,0,199670,0,0,199670,199670,199670,199670,199670,199670,199670,199670,199670,199670,199670,199670,199670,199670
32494760,OLOy DDR5-6000 CL32 Lighting,OLOy Lighting,DDR5,6000,CL32,32GB,32,133850,133750,133680,133660,133570,133550,133450,133370,133330,133280,133680,133680,133680,133680,133680,133680,133680,133680,133680,133680,133680,133680,133680,133680,133680,133680,133680,133680,133680,133680,133680
32494760,OLOy DDR5-6000 CL32 Lighting,OLOy Lighting,DDR5,6000,CL32,16GB,16,70100,70100,71410,71330,71310,71210,71110,71050,71070,71070,71430,71430,71430,71430,71430,71430,71430,71430,71410,71310,71290,71220,71110,71070,71040,70990,70960,70920,70840,70820,70810
32494760,OLOy DDR5-6000 CL32 Lighting,OLOy Lighting,DDR5,6000,CL32,8GB,8,47800,47800,47800,47800,47800,47800,47800,47800,47800,47800,47800,47800,47800,47800,47800,47800,50500,53100,53100,53100,53100,53100,52730,52690,52630,52580,52470,52450,52430,50490,53100
32494769,OLOy DDR5-6000 CL32 Lighting,OLOy Lighting,DDR5,6000,CL32,32GB,32,0,0,0,0,0,0,0,133370,133330,0,0,0,0,0,0,0,0,0,133680,0,0,0,0,0,0,0,0,0,0,0,0
32494769,OLOy DDR5-6000 CL32 Lighting,OLOy Lighting,DDR5,6000,CL32,16GB,16,0,0,0,0,0,0,0,71050,71070,0,0,0,0,0,0,0,0,0,71410,0,0,0,0,0,0,0,0,0,0,0,0
32494769,OLOy DDR5-6000 CL32 Lighting,OLOy Lighting,DDR5,6000,CL32,8GB,8,0,0,0,0,0,0,0,47800,47800,0,0,0,0,0,0,0,0,0,53100,0,0,0,0,0,0,0,0,0,0,0,0
33368420,OLOy DDR5-6400 CL32 BLADE RGB Black 패키지,OLOy BLADE RGB Black 패키지,DDR5,6400,CL32,64GB(32GX2),64,375200,375200,378000,378000,378000,378000,378000,378000,378000,378000,378000,378000,378000,377250,377250,377250,377250,377250,377250,377250,377250,377250,377250,377250,377250,377250,377250,377250,377250,377250,377250
33368420,OLOy DDR5-6400 CL32 BLADE RGB Black 패키지,OLOy BLADE RGB Black 패키지,DDR5,6400,CL32,32GB(16GX2),32,207160,207050,206970,206870,206770,206750,206650,206570,206530,206410,206330,206310,206210,206180,206110,206080,205970,205890,205870,205760,205670,205650,205550,205470,205460,205450,205430,205410,205380,205360,205350
33368429,OLOy DDR5-6400 CL32 BLADE RGB Black 패키지,OLOy BLADE RGB Black 패키지,DDR5,6400,CL32,64GB(32GX2),64,0,0,0,0,0,0,0,0,0,0,0,0,0,0,0,0,0,0,0,0,377250,377250,377250,0,377250,377250,377250,0,0,0,0
33368429,OLOy DDR5-6400 CL32 BLADE RGB Black 패키지,OLOy BLADE RGB Black 패키지,DDR5,6400,CL32,32GB(16GX2),32,0,0,0,0,0,0,0,0,0,0,0,0,0,0,0,0,0,0,0,0,205670,205650,205550,0,205460,205450,205430,0,0,0,0
19649867,OLOy DDR5-6400 CL32 BLADE RGB MIRROR 패키지 올로이앤코,OLOy BLADE RGB MIRROR 패키지 올로이앤코,DDR5,6400,CL32,32GB(16GX2),32,221250,221250,221240,221240,221240,221240,221240,221240,221240,221240,221240,221240,221240,221230,221230,221230,221230,221200,221200,221170,221080,220990,220440,219950,219900,219800,219690,218990,218490,217980,217480
19649867,OLOy DDR5-6400 CL32 BLADE RGB MIRROR 패키지 올로이앤코,OLOy BLADE RGB MIRROR 패키지 올로이앤코,DDR5,6400,CL32,64GB(32GX2),64,0,0,0,0,0,0,0,0,0,393750,390600,390600,390600,390590,390590,390500,390500,390500,390500,390500,390500,390500,390500,390500,390500,390500,390500,390500,390500,390500,390500
33368474,OLOy DDR5-6400 CL32 BLADE RGB White 패키지,OLOy BLADE RGB White 패키지,DDR5,6400,CL32,64GB(32GX2),64,375200,375200,378000,378000,378000,378000,378000,378000,378000,378000,378000,378000,378000,377250,377250,377250,377250,377250,377250,377250,377250,377250,377250,377250,377250,377250,377250,377250,377250,377250,377250
33368474,OLOy DDR5-6400 CL32 BLADE RGB White 패키지,OLOy BLADE RGB White 패키지,DDR5,6400,CL32,32GB(16GX2),32,214250,214170,214150,214070,214050,213950,213850,213770,213730,213620,213530,213510,213410,213310,213250,213230,213140,213050,213030,212920,212830,212810,212710,212630,212620,212610,212590,212560,212470,212450,212340
33368492,OLOy DDR5-6400 CL32 BLADE RGB White 패키지,OLOy BLADE RGB White 패키지,DDR5,6400,CL32,64GB(32GX2),64,0,0,0,0,0,0,0,0,0,0,378000,378000,0,0,0,0,0,0,0,0,0,377250,377250,377250,377250,377250,377250,377250,377250,377250,377250
33368492,OLOy DDR5-6400 CL32 BLADE RGB White 패키지,OLOy BLADE RGB White 패키지,DDR5,6400,CL32,32GB(16GX2),32,0,0,0,0,0,0,0,0,0,0,213530,213510,0,0,0,0,0,0,0,0,0,212810,212710,212630,212620,212610,212590,212560,212470,212450,212340
39341669,OLOy DDR5-7000 CL36 BLADE RGB MIRROR 패키지 올로이앤코,OLOy BLADE RGB MIRROR 패키지 올로이앤코,DDR5,7000,CL36,48GB(24GX2),48,312000,312000,314500,314480,314370,314270,314170,314090,314050,313930,314500,314500,314500,314500,314500,314500,314500,314500,314500,314500,314500,314500,314500,314500,314500,314500,314500,314500,314500,314500,314500
39341669,OLOy DDR5-7000 CL36 BLADE RGB MIRROR 패키지 올로이앤코,OLOy BLADE RGB MIRROR 패키지 올로이앤코,DDR5,7000,CL36,32GB(16GX2),32,243400,243400,245300,245300,245300,245300,245300,245300,245280,245190,245300,245300,245300,245300,245300,245300,245300,245300,245300,245300,245300,245300,245300,245300,245300,245300,245300,245100,245100,245100,245100
39341735,OLOy DDR5-7000 CL36 BLADE RGB MIRROR 패키지 올로이앤코,OLOy BLADE RGB MIRROR 패키지 올로이앤코,DDR5,7000,CL36,48GB(24GX2),48,0,0,0,0,0,0,0,0,314050,313930,314500,0,0,0,0,0,0,0,0,0,0,0,0,0,0,0,0,0,0,0,0
39341735,OLOy DDR5-7000 CL36 BLADE RGB MIRROR 패키지 올로이앤코,OLOy BLADE RGB MIRROR 패키지 올로이앤코,DDR5,7000,CL36,32GB(16GX2),32,0,0,0,0,0,0,0,0,245280,245190,245300,0,0,0,0,0,0,0,0,0,0,0,0,0,0,0,0,0,0,0,0
18452129,PATRIOT DDR3-1600 CL11 SIGNATURE,PATRIOT SIGNATURE,DDR3,1600,CL11,8GB,8,20980,20940,20880,20840,20500,20500,20770,20730,20950,20930,20100,20100,20960,20900,20880,0,0,20970,20880,20780,20720,20780,20960,20960,20940,20830,20880,20930,20880,20830,20750
18452129,PATRIOT DDR3-1600 CL11 SIGNATURE,PATRIOT SIGNATURE,DDR3,1600,CL11,4GB,4,12480,12450,12390,12470,12200,12200,12400,12400,12450,12430,12000,12000,12400,12340,12310,0,0,12220,12130,12040,12430,12490,12420,12450,12420,12330,12440,12450,12400,12350,12240
11445180,PATRIOT DDR4-2666 CL19 SIGNATURE,PATRIOT SIGNATURE,DDR4,2666,CL19,32GB,32,79600,79600,79810,79790,78100,78100,79710,79710,79860,79810,76400,76400,79710,79620,79590,0,0,79870,79760,79620,79850,79900,78580,76270,78580,78490,78470,78430,78390,78330,78220
11445180,PATRIOT DDR4-2666 CL19 SIGNATURE,PATRIOT SIGNATURE,DDR4,2666,CL19,16GB,16,40850,40850,40850,40850,40850,40850,40850,40850,39000,38890,37200,37200,38810,38780,38760,0,0,38950,38950,38950,40850,40850,40850,40390,40390,40390,40390,40390,40390,40390,40390
11445180,PATRIOT DDR4-2666 CL19 SIGNATURE,PATRIOT SIGNATURE,DDR4,2666,CL19,8GB,8,20500,20470,20450,20490,20000,20000,20430,20500,20470,20450,19600,19600,20470,20450,20480,0,0,20380,20360,20320,20450,20400,20460,20500,20180,20070,19970,19930,19870,19810,20500
11445180,PATRIOT DDR4-2666 CL19 SIGNATURE,PATRIOT SIGNATURE,DDR4,2666,CL19,4GB,4,12500,12500,12500,12500,12500,12500,12500,12500,12490,12450,12000,12000,12400,12370,12040,0,0,12320,12300,12200,12160,12140,12100,12490,12450,12340,12240,12200,12160,12100,11990
11116698,PATRIOT DDR4-3200 CL16 VIPER STEEL,PATRIOT VIPER STEEL,DDR4,3200,CL16,32GB,32,102000,101880,101750,101730,99500,99500,101630,101630,0,0,97400,0,101750,0,0,0,0,0,99880,99760,99960,100000,0,0,0,0,0,0,0,0,0
11116698,PATRIOT DDR4-3200 CL16 VIPER STEEL,PATRIOT VIPER STEEL,DDR4,3200,CL16,16GB,16,54000,54000,53940,53860,52600,52600,53810,53740,0,0,51500,0,54000,0,0,0,0,0,48710,48610,48590,48540,0,0,0,0,0,0,0,0,0
11116698,PATRIOT DDR4-3200 CL16 VIPER STEEL,PATRIOT VIPER STEEL,DDR4,3200,CL16,8GB,8,26990,27000,27000,27000,26300,26300,27000,27000,0,0,25800,0,26910,0,0,0,0,0,26450,26440,26450,26430,0,0,0,0,0,0,0,0,0
7908337,PATRIOT DDR4-3200 CL16 VIPER STEEL,PATRIOT VIPER STEEL,DDR4,3200,CL16,32GB,32,0,0,0,0,0,0,0,0,101970,101880,0,97400,0,101630,101600,0,0,99990,0,0,0,0,0,0,0,99500,99400,99070,98950,98830,98600
7908337,PATRIOT DDR4-3200 CL16 VIPER STEEL,PATRIOT VIPER STEEL,DDR4,3200,CL16,16GB,16,0,0,0,0,0,0,0,0,53740,54000,0,51500,0,54000,54000,0,0,48820,0,0,0,0,0,0,0,48350,48250,48210,48170,48110,48000
7908337,PATRIOT DDR4-3200 CL16 VIPER STEEL,PATRIOT VIPER STEEL,DDR4,3200,CL16,8GB,8,0,0,0,0,0,0,0,0,26960,26940,0,25800,0,26850,26880,0,0,26450,0,0,0,0,0,0,0,26140,26040,25890,25840,25780,25670
7908502,PATRIOT DDR4-3200 CL16 VIPER STEEL,PATRIOT VIPER STEEL,DDR4,3200,CL16,32GB,32,0,0,0,0,0,0,0,0,0,0,0,0,0,0,0,0,0,0,0,0,0,0,99840,99770,99610,0,0,0,0,0,0
7908502,PATRIOT DDR4-3200 CL16 VIPER STEEL,PATRIOT VIPER STEEL,DDR4,3200,CL16,16GB,16,0,0,0,0,0,0,0,0,0,0,0,0,0,0,0,0,0,0,0,0,0,0,48490,51000,48460,0,0,0,0,0,0
7908502,PATRIOT DDR4-3200 CL16 VIPER STEEL,PATRIOT VIPER STEEL,DDR4,3200,CL16,8GB,8,0,0,0,0,0,0,0,0,0,0,0,0,0,0,0,0,0,0,0,0,0,0,26350,26320,26250,0,0,0,0,0,0
20631782,PATRIOT DDR4-3200 CL16 VIPER STEEL 패키지,PATRIOT VIPER STEEL 패키지,DDR4,3200,CL16,16GB(8GX2),16,53930,53870,53810,53720,52600,52600,53650,53710,53900,53870,51500,51500,53810,53740,53710,0,0,50910,50820,50760,50950,51000,50960,50940,50420,50310,50210,49570,49520,49460,49350
20631782,PATRIOT DDR4-3200 CL16 VIPER STEEL 패키지,PATRIOT VIPER STEEL 패키지,DDR4,3200,CL16,32GB(16GX2),32,101990,101880,101880,101730,99500,99500,101630,101500,101960,101880,97400,97400,101750,101630,101600,0,0,99850,99760,99640,99940,100000,99850,97650,99520,99470,99450,97430,97380,97340,97340
20631782,PATRIOT DDR4-3200 CL16 VIPER STEEL 패키지,PATRIOT VIPER STEEL 패키지,DDR4,3200,CL16,64GB(32GX2),64,195000,194770,194540,194290,190200,190200,194070,194030,194970,194770,186300,186300,194540,194310,194280,0,0,194980,194960,194770,194960,195000,192450,192030,191760,191710,191690,191650,191610,191570,191460
11445219,PATRIOT DDR4-3200 CL22 SIGNATURE,PATRIOT SIGNATURE,DDR4,3200,CL22,32GB,32,79990,79970,79970,0,78100,78100,0,0,0,0,76400,76400,79970,79970,0,0,0,0,0,0,80000,80000,0,0,0,0,0,0,0,0,78760
11445219,PATRIOT DDR4-3200 CL22 SIGNATURE,PATRIOT SIGNATURE,DDR4,3200,CL22,16GB,16,38990,38950,38900,0,38000,38000,0,0,0,0,37200,37200,38950,38890,0,0,0,0,0,0,38750,38710,0,0,0,0,0,0,0,0,37350
11445219,PATRIOT DDR4-3200 CL22 SIGNATURE,PATRIOT SIGNATURE,DDR4,3200,CL22,8GB,8,20990,20970,20970,0,20500,20500,0,0,0,0,20100,20100,20970,20970,0,0,0,0,0,0,20990,20990,0,0,0,0,0,0,0,0,20690
11445204,PATRIOT DDR4-3200 CL22 SIGNATURE,PATRIOT SIGNATURE,DDR4,3200,CL22,32GB,32,0,0,0,79990,0,0,79940,79900,79990,79970,0,0,0,0,79960,0,0,80000,80000,80000,0,0,0,0,0,0,0,0,0,0,0
11445204,PATRIOT DDR4-3200 CL22 SIGNATURE,PATRIOT SIGNATURE,DDR4,3200,CL22,16GB,16,0,0,0,37360,0,0,38750,38710,38910,38940,0,0,0,0,38870,0,0,38980,38870,38770,0,0,0,0,0,0,0,0,0,0,0
11445204,PATRIOT DDR4-3200 CL22 SIGNATURE,PATRIOT SIGNATURE,DDR4,3200,CL22,8GB,8,0,0,0,20990,0,0,20970,21000,21000,20970,0,0,0,0,20960,0,0,20890,20890,20890,0,0,0,0,0,0,0,0,0,0,0
11445216,PATRIOT DDR4-3200 CL22 SIGNATURE,PATRIOT SIGNATURE,DDR4,3200,CL22,32GB,32,0,0,0,0,0,0,0,0,0,0,0,0,0,0,0,0,0,0,0,0,0,0,80000,82480,82480,82480,82480,82480,78760,78760,0
11445216,PATRIOT DDR4-3200 CL22 SIGNATURE,PATRIOT SIGNATURE,DDR4,3200,CL22,16GB,16,0,0,0,0,0,0,0,0,0,0,0,0,0,0,0,0,0,0,0,0,0,0,38220,38260,38190,38080,37980,37580,37520,37460,0
11445216,PATRIOT DDR4-3200 CL22 SIGNATURE,PATRIOT SIGNATURE,DDR4,3200,CL22,8GB,8,0,0,0,0,0,0,0,0,0,0,0,0,0,0,0,0,0,0,0,0,0,0,20710,20690,20650,20650,20650,20260,20260,20710,0
20634959,PATRIOT DDR4-3600 CL18 VIPER STEEL,PATRIOT VIPER STEEL,DDR4,3600,CL18,32GB,32,100000,100000,100000,99990,97600,97600,99880,0,0,0,0,0,0,0,0,0,0,99990,99900,0,0,0,0,0,98560,98450,0,98310,98250,98210,98210
20634959,PATRIOT DDR4-3600 CL18 VIPER STEEL,PATRIOT VIPER STEEL,DDR4,3600,CL18,16GB,16,56000,55930,55870,55850,54600,54600,55730,0,0,0,0,0,0,0,0,0,0,54910,54820,0,0,0,0,0,54780,54670,0,54430,54300,54230,54100
20634959,PATRIOT DDR4-3600 CL18 VIPER STEEL,PATRIOT VIPER STEEL,DDR4,3600,CL18,8GB,8,28890,28860,28800,28910,28200,28200,28850,0,0,0,0,0,0,0,0,0,0,26480,26450,0,0,0,0,0,25590,25480,0,25030,24980,24920,24810
11116674,PATRIOT DDR4-3600 CL18 VIPER STEEL,PATRIOT VIPER STEEL,DDR4,3600,CL18,32GB,32,0,0,0,0,0,0,0,99880,99970,99880,95500,95500,99760,99640,99590,0,0,0,0,99760,99950,99900,98580,95680,0,0,98350,0,0,0,0
11116674,PATRIOT DDR4-3600 CL18 VIPER STEEL,PATRIOT VIPER STEEL,DDR4,3600,CL18,16GB,16,0,0,0,0,0,0,0,55730,55970,55930,53500,53500,55870,55800,55750,0,0,0,0,54930,54880,54930,54820,53380,0,0,54570,0,0,0,0
11116674,PATRIOT DDR4-3600 CL18 VIPER STEEL,PATRIOT VIPER STEEL,DDR4,3600,CL18,8GB,8,0,0,0,0,0,0,0,28890,28890,28860,27700,27700,28830,28860,28830,0,0,0,0,26380,26480,26480,25570,25600,0,0,25380,0,0,0,0
20635229,PATRIOT DDR4-3600 CL18 VIPER STEEL 패키지,PATRIOT VIPER STEEL 패키지,DDR4,3600,CL18,16GB(8GX2),16,55990,55930,55990,55980,54600,54600,55870,0,0,55930,53500,53500,55870,55800,55770,0,0,54910,54800,54930,54880,54930,54890,54880,54340,54250,54230,53410,53360,53320,53320
20635229,PATRIOT DDR4-3600 CL18 VIPER STEEL 패키지,PATRIOT VIPER STEEL 패키지,DDR4,3600,CL18,32GB(16GX2),32,99740,99740,97990,98030,97600,97600,97970,0,0,97990,95500,95500,98020,97990,99980,0,0,99990,99900,100000,99960,100000,98570,95670,98340,98290,98270,96560,96500,96440,96330
20635229,PATRIOT DDR4-3600 CL18 VIPER STEEL 패키지,PATRIOT VIPER STEEL 패키지,DDR4,3600,CL18,64GB(32GX2),64,204490,204270,203970,203950,200000,200000,203880,0,0,204500,195800,195800,204270,204020,203980,0,0,204720,204630,204750,204930,205000,201160,201120,201100,201070,200960,200930,200840,200810,200790
12147836,PATRIOT DDR4-3600 CL18 VIPER STEEL 패키지,PATRIOT VIPER STEEL 패키지,DDR4,3600,CL18,16GB(8GX2),16,0,0,0,0,0,0,0,55790,0,0,0,0,0,0,0,0,0,0,0,0,0,0,0,0,0,0,0,0,0,0,0
12147836,PATRIOT DDR4-3600 CL18 VIPER STEEL 패키지,PATRIOT VIPER STEEL 패키지,DDR4,3600,CL18,32GB(16GX2),32,0,0,0,0,0,0,0,98050,0,0,0,0,0,0,0,0,0,0,0,0,0,0,0,0,0,0,0,0,0,0,0
12147836,PATRIOT DDR4-3600 CL18 VIPER STEEL 패키지,PATRIOT VIPER STEEL 패키지,DDR4,3600,CL18,64GB(32GX2),64,0,0,0,0,0,0,0,204500,0,0,0,0,0,0,0,0,0,0,0,0,0,0,0,0,0,0,0,0,0,0,0
20635190,PATRIOT DDR4-3600 CL18 VIPER STEEL 패키지,PATRIOT VIPER STEEL 패키지,DDR4,3600,CL18,16GB(8GX2),16,0,0,0,0,0,0,0,0,55960,0,0,0,0,0,0,0,0,0,0,0,0,0,0,0,0,0,0,0,0,0,0
20635190,PATRIOT DDR4-3600 CL18 VIPER STEEL 패키지,PATRIOT VIPER STEEL 패키지,DDR4,3600,CL18,32GB(16GX2),32,0,0,0,0,0,0,0,0,98010,0,0,0,0,0,0,0,0,0,0,0,0,0,0,0,0,0,0,0,0,0,0
20635190,PATRIOT DDR4-3600 CL18 VIPER STEEL 패키지,PATRIOT VIPER STEEL 패키지,DDR4,3600,CL18,64GB(32GX2),64,0,0,0,0,0,0,0,0,204500,0,0,0,0,0,0,0,0,0,0,0,0,0,0,0,0,0,0,0,0,0,0
32041928,PATRIOT DDR5-4800 CL40 SIGNATURE,PATRIOT SIGNATURE,DDR5,4800,CL40,32GB,32,115060,115050,121860,121840,119000,119000,121390,121300,121550,121450,116500,116500,121310,121170,121120,121030,121530,121420,121330,121320,121440,121300,120290,118350,118340,118240,118130,117750,117690,117630,117520
32041928,PATRIOT DDR5-4800 CL40 SIGNATURE,PATRIOT SIGNATURE,DDR5,4800,CL40,16GB,16,64000,63960,63900,63880,63770,63670,63600,63580,65960,65930,63100,63100,65500,65400,65370,65320,65260,65220,65130,65120,65510,65550,64750,62910,64830,64720,64620,66000,65850,65460,64450
32041928,PATRIOT DDR5-4800 CL40 SIGNATURE,PATRIOT SIGNATURE,DDR5,4800,CL40,8GB,8,35950,35920,35880,35940,35100,35100,35880,35880,35920,35880,34400,34400,35840,36000,36000,36000,34540,34520,34400,34330,35910,35960,35840,35930,35950,35860,35840,35800,35880,35800,35690
32041955,PATRIOT DDR5-4800 CL40 SIGNATURE,PATRIOT SIGNATURE,DDR5,4800,CL40,32GB,32,0,0,0,121840,119000,119000,121390,121300,121550,121450,116500,116500,121310,121170,121120,0,0,121420,121330,121320,121440,121300,0,118350,118340,118240,118130,117750,117690,117630,117520
32041955,PATRIOT DDR5-4800 CL40 SIGNATURE,PATRIOT SIGNATURE,DDR5,4800,CL40,16GB,16,0,0,0,63880,63770,63670,63600,63580,65960,65930,63100,63100,65500,65400,65370,0,0,65220,65130,65120,65510,65550,0,62910,64830,64720,64620,66000,65850,65460,64450
32041955,PATRIOT DDR5-4800 CL40 SIGNATURE,PATRIOT SIGNATURE,DDR5,4800,CL40,8GB,8,0,0,0,35940,35100,35100,35880,35880,35920,35880,34400,34400,35840,36000,36000,0,0,34520,34400,34330,35910,35960,0,35930,35950,35860,35840,35800,35880,35800,35690
42860249,PATRIOT DDR5-5200 CL42 SIGNATURE,PATRIOT SIGNATURE,DDR5,5200,CL42,32GB,32,115540,115420,117350,117330,117250,117330,117230,117300,117300,117250,117210,117120,116970,116710,116710,123000,114390,122990,122890,122870,122700,123000,122960,122720,121400,121310,121290,118810,118810,121460,121460
42860249,PATRIOT DDR5-5200 CL42 SIGNATURE,PATRIOT SIGNATURE,DDR5,5200,CL42,16GB,16,62930,62860,62850,63960,63930,63930,63910,63910,64120,64120,64000,64000,62440,62430,64640,64610,64480,64450,64360,64260,64220,67000,66920,66850,66020,65910,66040,64890,66040,64800,64690
42860249,PATRIOT DDR5-5200 CL42 SIGNATURE,PATRIOT SIGNATURE,DDR5,5200,CL42,8GB,8,34780,35320,35320,35320,35320,35320,35320,35320,35390,35390,35300,35300,35390,35390,35590,35570,35490,35390,35390,35460,35450,37000,36960,36960,36860,36760,36660,36060,36010,35950,35840
42860339,PATRIOT DDR5-5200 CL42 SIGNATURE,PATRIOT SIGNATURE,DDR5,5200,CL42,32GB,32,115540,0,0,117330,117250,117330,117230,117300,0,0,0,0,0,0,116710,0,0,0,0,0,0,123000,122960,122720,121400,121310,121290,118810,118810,121460,121460
42860339,PATRIOT DDR5-5200 CL42 SIGNATURE,PATRIOT SIGNATURE,DDR5,5200,CL42,16GB,16,62930,0,0,63960,63930,63930,63910,63910,0,0,0,0,0,0,64640,0,0,0,0,0,0,67000,66920,66850,66020,65910,66040,64890,66040,64800,64690
42860339,PATRIOT DDR5-5200 CL42 SIGNATURE,PATRIOT SIGNATURE,DDR5,5200,CL42,8GB,8,34780,0,0,35320,35320,35320,35320,35320,0,0,0,0,0,0,35590,0,0,0,0,0,0,37000,36960,36960,36860,36760,36660,36060,36010,35950,35840
30499496,PATRIOT DDR5-5600 CL38 VIPER Elite 5 RGB,PATRIOT VIPER Elite 5 RGB,DDR5,5600,CL38,32GB,32,143040,143000,142980,143020,141500,141500,142950,142910,143000,144650,138500,138500,144650,144480,144450,144310,144250,144220,144200,144110,144950,144900,143090,142190,141980,141870,141770,141350,141020,140850,140510
30499496,PATRIOT DDR5-5600 CL38 VIPER Elite 5 RGB,PATRIOT VIPER Elite 5 RGB,DDR5,5600,CL38,16GB,16,82420,82420,82450,82450,80500,80500,82430,82450,82450,82450,78800,78800,82450,82430,82460,82440,82340,82500,82500,82500,82500,85000,77630,77630,77540,77450,81220,81220,81220,80890,80690
30499769,PATRIOT DDR5-5600 CL38 VIPER Elite 5 RGB,PATRIOT VIPER Elite 5 RGB,DDR5,5600,CL38,32GB,32,143040,0,0,0,0,0,0,142910,143000,0,0,0,144650,0,144450,0,0,144220,144200,144110,144950,144900,0,0,0,0,0,0,0,0,0
30499769,PATRIOT DDR5-5600 CL38 VIPER Elite 5 RGB,PATRIOT VIPER Elite 5 RGB,DDR5,5600,CL38,16GB,16,82420,0,0,0,0,0,0,82450,82450,0,0,0,82450,0,82460,0,0,82500,82500,82500,82500,85000,0,0,0,0,0,0,0,0,0
30341174,PATRIOT DDR5-5600 CL40 VIPER VENOM 패키지,PATRIOT VIPER VENOM 패키지,DDR5,5600,CL40,64GB(32GX2),64,283620,283630,283630,283630,278000,278000,283630,283630,283630,283630,272200,272200,283630,283630,283600,283580,283480,284630,284540,284320,283920,283980,279640,278980,278580,278500,278480,275030,274650,274560,274450
30341174,PATRIOT DDR5-5600 CL40 VIPER VENOM 패키지,PATRIOT VIPER VENOM 패키지,DDR5,5600,CL40,16GB(8GX2),16,93890,94000,94000,94000,94000,94000,94000,94000,90040,94000,89700,89700,93890,93670,93520,93420,93370,93340,93320,93220,93200,93160,92270,89540,89530,89440,89420,89380,89340,89290,89280
19390859,PATRIOT DDR5-5600 CL46 SIGNATURE,PATRIOT SIGNATURE,DDR5,5600,CL46,32GB,32,116490,116350,117600,117440,117340,117450,117320,117320,117730,118960,118400,118400,123860,123810,123760,123660,123610,123990,123880,123800,124000,124000,124000,124000,124000,124000,124000,124000,124000,123980,123980
19390859,PATRIOT DDR5-5600 CL46 SIGNATURE,PATRIOT SIGNATURE,DDR5,5600,CL46,16GB,16,64600,64530,64550,64560,64460,64440,64330,64550,64550,64550,64900,64900,67920,67840,67810,67760,67620,67980,67890,67760,67620,67680,66730,64770,66750,66640,66760,65590,65540,65480,65370
30341372,PATRIOT DDR5-6000 CL36 VIPER VENOM 패키지,PATRIOT VIPER VENOM 패키지,DDR5,6000,CL36,64GB(32GX2),64,284620,284620,285660,285660,285660,285660,286000,286000,273960,286000,273100,273100,285660,285660,285630,285320,284920,285990,285880,285660,285950,286000,0,281600,281230,281140,0,0,0,0,0
30341372,PATRIOT DDR5-6000 CL36 VIPER VENOM 패키지,PATRIOT VIPER VENOM 패키지,DDR5,6000,CL36,32GB(16GX2),32,154610,154610,154820,154610,151200,151200,154450,154260,154250,154820,148100,148100,154630,154450,154420,154260,154200,154990,154880,154810,154960,155000,0,152480,152260,152170,0,0,0,0,0
30341384,PATRIOT DDR5-6000 CL36 VIPER VENOM 패키지,PATRIOT VIPER VENOM 패키지,DDR5,6000,CL36,64GB(32GX2),64,0,0,0,285660,285660,285660,286000,286000,273960,286000,273100,273100,285660,285660,285630,0,0,285990,285880,285660,0,0,282190,0,0,0,281120,280280,279620,279290,278640
30341384,PATRIOT DDR5-6000 CL36 VIPER VENOM 패키지,PATRIOT VIPER VENOM 패키지,DDR5,6000,CL36,32GB(16GX2),32,0,0,0,154610,151200,151200,154450,154260,154250,154820,148100,148100,154630,154450,154420,0,0,154990,154880,154810,0,0,152930,0,0,0,152150,149650,149590,149530,149420
30499808,PATRIOT DDR5-6000 CL42 VIPER Elite 5 RGB,PATRIOT VIPER Elite 5 RGB,DDR5,6000,CL42,32GB,32,150000,149830,149650,149450,146300,146300,149290,149240,149970,149830,143300,143300,149650,149470,149420,149290,149230,149980,149960,150000,149960,150000,148000,147240,147030,146940,146920,144820,144760,144700,0
30499808,PATRIOT DDR5-6000 CL42 VIPER Elite 5 RGB,PATRIOT VIPER Elite 5 RGB,DDR5,6000,CL42,16GB,16,83000,82900,82800,82790,80900,80900,82700,82700,82970,82900,79200,79200,82800,82700,82650,82550,82500,82980,82960,82800,82960,83000,81460,79070,81430,81340,81320,80070,80010,79970,0
30499826,PATRIOT DDR5-6000 CL42 VIPER Elite 5 RGB,PATRIOT VIPER Elite 5 RGB,DDR5,6000,CL42,32GB,32,150000,149830,149650,149450,146300,146300,149290,149240,149970,149830,143300,143300,149650,149470,149420,0,0,149980,149960,150000,149960,0,0,0,147030,146940,146920,144820,144760,144700,144590
30499826,PATRIOT DDR5-6000 CL42 VIPER Elite 5 RGB,PATRIOT VIPER Elite 5 RGB,DDR5,6000,CL42,16GB,16,83000,82900,82800,82790,80900,80900,82700,82700,82970,82900,79200,79200,82800,82700,82650,0,0,82980,82960,82800,82960,0,0,0,81430,81340,81320,80070,80010,79970,79970
30499889,PATRIOT DDR5-6000 CL42 VIPER Elite 5 RGB 패키지,PATRIOT VIPER Elite 5 RGB 패키지,DDR5,6000,CL42,96GB(48GX2),96,436050,436020,436000,440510,440510,440510,440510,440510,436020,436000,436020,435940,435940,436020,436010,435920,436000,436040,435950,435940,436020,436050,436020,436050,436020,435910,436050,436010,436010,435990,435880
30499889,PATRIOT DDR5-6000 CL42 VIPER Elite 5 RGB 패키지,PATRIOT VIPER Elite 5 RGB 패키지,DDR5,6000,CL42,48GB(24GX2),48,239000,238720,238430,238130,233000,233000,237860,237810,238970,238720,228200,228200,238430,238150,238120,237860,237800,238990,238900,238890,238960,239000,235750,235470,235150,235050,234940,234370,233820,233540,232990
30500066,PATRIOT DDR5-6000 CL42 VIPER Elite 5 RGB 패키지,PATRIOT VIPER Elite 5 RGB 패키지,DDR5,6000,CL42,96GB(48GX2),96,436050,436020,436000,440510,440510,440510,440510,440510,436020,436000,436020,435940,435940,436020,436010,0,0,436040,435950,435940,436020,436050,436020,436050,436020,435910,436050,436010,436050,435990,435880
30500066,PATRIOT DDR5-6000 CL42 VIPER Elite 5 RGB 패키지,PATRIOT VIPER Elite 5 RGB 패키지,DDR5,6000,CL42,48GB(24GX2),48,239000,238720,238430,238130,233000,233000,237860,237810,238970,238720,228200,228200,238430,238150,238120,0,0,238990,238900,238890,238960,239000,235750,235470,235150,235050,234940,234370,233820,233540,232990
30500108,PATRIOT DDR5-6200 CL42 VIPER Elite 5 RGB 패키지,PATRIOT VIPER Elite 5 RGB 패키지,DDR5,6200,CL42,64GB(32GX2),64,295000,294650,293950,293580,287700,287700,293510,293470,294960,293950,281800,281800,293600,293540,294960,294650,294240,294970,294860,294650,294950,295000,291110,290440,290060,289950,289850,284660,284270,284210,284100
30500108,PATRIOT DDR5-6200 CL42 VIPER Elite 5 RGB 패키지,PATRIOT VIPER Elite 5 RGB 패키지,DDR5,6200,CL42,32GB(16GX2),32,164190,164190,164800,164580,161000,161000,164410,164160,164970,164800,157600,157600,164600,164410,164380,164210,164150,164980,164960,164800,164750,164800,162800,162450,162260,162260,162260,164930,164930,164880,164880
30500144,PATRIOT DDR5-6200 CL42 VIPER Elite 5 RGB 패키지,PATRIOT VIPER Elite 5 RGB 패키지,DDR5,6200,CL42,64GB(32GX2),64,295000,294650,0,0,0,0,293510,293470,294960,293950,281800,281800,0,293540,0,0,0,294970,0,0,0,295000,291110,0,290060,289950,289850,284660,284270,284210,284100
30500144,PATRIOT DDR5-6200 CL42 VIPER Elite 5 RGB 패키지,PATRIOT VIPER Elite 5 RGB 패키지,DDR5,6200,CL42,32GB(16GX2),32,164190,164190,0,0,0,0,164410,164160,164970,164800,157600,157600,0,164410,0,0,0,164980,0,0,0,164800,162800,0,162260,162260,162260,164930,164930,164880,164880
30341426,PATRIOT DDR5-6400 CL32 VIPER VENOM 패키지,PATRIOT VIPER VENOM 패키지,DDR5,6400,CL32,64GB(32GX2),64,310780,310780,310730,310800,307200,307200,310800,310800,310800,310800,300900,300900,310800,310800,313470,313370,310980,310980,310960,310860,0,0,0,0,0,0,0,0,0,0,0
30341426,PATRIOT DDR5-6400 CL32 VIPER VENOM 패키지,PATRIOT VIPER VENOM 패키지,DDR5,6400,CL32,32GB(16GX2),32,162200,162200,162800,162590,158900,158900,162420,162210,162970,162800,155600,155600,162610,162420,162370,162220,162160,162980,162960,162800,0,0,0,0,0,0,0,0,0,0,0
30341450,PATRIOT DDR5-6400 CL32 VIPER VENOM 패키지,PATRIOT VIPER VENOM 패키지,DDR5,6400,CL32,64GB(32GX2),64,310780,310780,310730,310800,307200,307200,310800,310800,310800,310800,300900,300900,310800,310800,313470,0,0,310980,310960,310860,310200,310150,309470,309010,308260,308170,308150,301490,300770,300410,299690
30341450,PATRIOT DDR5-6400 CL32 VIPER VENOM 패키지,PATRIOT VIPER VENOM 패키지,DDR5,6400,CL32,32GB(16GX2),32,162200,162200,162800,162590,158900,158900,162420,162210,162970,162800,155600,155600,162610,162420,162370,0,0,162980,162960,162800,162960,163000,160760,160490,160260,160150,160050,157310,157250,157190,157080
18419798,PATRIOT 노트북 DDR3-1600 CL11,PATRIOT 노트북,DDR3,1600,CL11,8GB,8,20980,20940,20880,20840,20500,20500,20770,20730,20680,20930,20100,20100,20960,20900,20960,0,0,20960,20850,20740,20940,20990,20950,20960,20940,20850,20880,20790,20740,20700,20650
18419798,PATRIOT 노트북 DDR3-1600 CL11,PATRIOT 노트북,DDR3,1600,CL11,4GB,4,12490,12460,12470,12480,12200,12200,12410,12370,12480,12470,12000,12000,12470,12470,12470,0,0,12470,12360,12500,12440,12500,12460,12500,12460,12370,12440,12460,12500,12450,12500
27609935,PATRIOT 노트북 DDR4-2666 CL19 SIGNATURE,PATRIOT 노트북 SIGNATURE,DDR4,2666,CL19,32GB,32,77040,77020,76930,76820,76700,76660,76630,77050,77050,77050,76400,76400,77050,77050,79960,0,0,79960,79860,79850,79940,80000,78450,76270,78360,78260,78150,0,0,0,0
27609935,PATRIOT 노트북 DDR4-2666 CL19 SIGNATURE,PATRIOT 노트북 SIGNATURE,DDR4,2666,CL19,16GB,16,38730,38690,38640,38730,38000,38000,38730,38730,38730,38730,37200,37200,38730,38730,38970,0,0,38970,38880,39000,38950,39000,38960,39000,38960,38910,38890,0,0,0,0
27609935,PATRIOT 노트북 DDR4-2666 CL19 SIGNATURE,PATRIOT 노트북 SIGNATURE,DDR4,2666,CL19,8GB,8,20790,20750,20700,20790,20500,20500,20790,20790,20790,20790,20100,20100,20790,20790,20970,0,0,20970,20860,21000,20940,21000,20960,21000,20960,20850,20880,0,0,0,0
27609935,PATRIOT 노트북 DDR4-2666 CL19 SIGNATURE,PATRIOT 노트북 SIGNATURE,DDR4,2666,CL19,4GB,4,14470,14430,14380,14470,14100,14100,14440,14470,14470,14450,13900,13900,14470,14410,14470,0,0,14470,14360,14500,14450,14500,14460,14470,14450,14340,14430,0,0,0,0
27609998,PATRIOT 노트북 DDR4-2666 CL19 SIGNATURE,PATRIOT 노트북 SIGNATURE,DDR4,2666,CL19,32GB,32,0,0,0,0,0,0,0,0,0,0,0,0,0,0,0,0,0,0,0,0,0,0,0,0,0,0,0,80000,80000,80000,80000
27609998,PATRIOT 노트북 DDR4-2666 CL19 SIGNATURE,PATRIOT 노트북 SIGNATURE,DDR4,2666,CL19,16GB,16,0,0,0,0,0,0,0,0,0,0,0,0,0,0,0,0,0,0,0,0,0,0,0,0,0,0,0,38960,38950,38990,38880
27609998,PATRIOT 노트북 DDR4-2666 CL19 SIGNATURE,PATRIOT 노트북 SIGNATURE,DDR4,2666,CL19,8GB,8,0,0,0,0,0,0,0,0,0,0,0,0,0,0,0,0,0,0,0,0,0,0,0,0,0,0,0,21000,21000,20930,20820
27609998,PATRIOT 노트북 DDR4-2666 CL19 SIGNATURE,PATRIOT 노트북 SIGNATURE,DDR4,2666,CL19,4GB,4,0,0,0,0,0,0,0,0,0,0,0,0,0,0,0,0,0,0,0,0,0,0,0,0,0,0,0,14420,14370,14320,14210
11445399,PATRIOT 노트북 DDR4-3200 CL22 SIGNATURE,PATRIOT 노트북 SIGNATURE,DDR4,3200,CL22,32GB,32,82500,82480,82480,82480,82480,82480,82480,0,0,79520,76400,76400,79470,79420,79970,0,0,79980,79870,79790,79740,79690,78610,76290,78620,78530,78510,78470,78430,78370,78260
11445399,PATRIOT 노트북 DDR4-3200 CL22 SIGNATURE,PATRIOT 노트북 SIGNATURE,DDR4,3200,CL22,16GB,16,43630,43590,43540,43630,42900,42900,43630,0,0,43630,42000,42000,43630,43630,43850,0,0,43840,43730,43880,43820,43880,43130,43170,43140,43050,43030,43880,43880,43880,43880
11445399,PATRIOT 노트북 DDR4-3200 CL22 SIGNATURE,PATRIOT 노트북 SIGNATURE,DDR4,3200,CL22,8GB,8,21570,21530,21480,21570,21500,21500,21570,0,0,21570,21000,21000,21570,21570,21970,0,0,21970,21880,21790,21950,22000,21640,21680,21610,21520,21500,21210,21150,21090,20980
11445372,PATRIOT 노트북 DDR4-3200 CL22 SIGNATURE,PATRIOT 노트북 SIGNATURE,DDR4,3200,CL22,32GB,32,0,0,0,0,0,0,0,82480,79990,0,0,0,0,0,0,0,0,0,0,0,0,0,0,0,0,0,0,0,0,0,0
11445372,PATRIOT 노트북 DDR4-3200 CL22 SIGNATURE,PATRIOT 노트북 SIGNATURE,DDR4,3200,CL22,16GB,16,0,0,0,0,0,0,0,43630,43630,0,0,0,0,0,0,0,0,0,0,0,0,0,0,0,0,0,0,0,0,0,0
11445372,PATRIOT 노트북 DDR4-3200 CL22 SIGNATURE,PATRIOT 노트북 SIGNATURE,DDR4,3200,CL22,8GB,8,0,0,0,0,0,0,0,21570,21570,0,0,0,0,0,0,0,0,0,0,0,0,0,0,0,0,0,0,0,0,0,0
13472621,PNY DDR4-2666 CL19,PNY,DDR4,2666,CL19,16GB,16,72930,72930,72930,72930,72930,72930,72930,72930,72930,72930,35000,35000,0,0,0,0,0,0,0,0,35000,35000,0,0,0,0,0,0,0,0,0
13472621,PNY DDR4-2666 CL19,PNY,DDR4,2666,CL19,8GB,8,21990,21990,21990,21990,21990,21990,21990,21990,21990,21990,21990,21990,0,0,0,0,0,0,0,0,21700,21700,0,0,0,0,0,0,0,0,0
13472654,PNY DDR4-2666 CL19,PNY,DDR4,2666,CL19,16GB,16,0,0,0,0,0,0,0,0,0,0,0,0,35000,35000,35000,0,0,35000,35000,35000,0,0,30000,30000,30000,30000,30000,30000,30000,30000,30000
13472654,PNY DDR4-2666 CL19,PNY,DDR4,2666,CL19,8GB,8,0,0,0,0,0,0,0,0,0,0,0,0,21990,21990,21990,0,0,21700,21700,21700,0,0,21500,21500,21500,21500,21500,21500,21500,21500,21500
16272530,PNY DDR5-4800 Performance 제이씨현,PNY Performance 제이씨현,DDR5,4800,0,16GB,16,52000,52000,52000,52000,52000,52000,52000,52000,52000,52000,52000,52000,52000,52000,52000,0,0,52000,52000,52000,52000,52000,52000,52000,52000,52000,52000,52000,52000,52000,52000
16272530,PNY DDR5-4800 Performance 제이씨현,PNY Performance 제이씨현,DDR5,4800,0,8GB,8,58960,58960,58960,58960,58960,58960,58960,58960,58960,58960,58960,58960,58960,58960,58960,0,0,58960,58960,58960,58960,58960,58960,58960,58960,58960,58960,58960,58960,58960,58960
15161591,PNY XLR8 DDR4-2666 LP,PNY XLR8 LP,DDR4,2666,0,16GB,16,64000,64000,64000,64000,64000,64000,64000,64000,64000,64000,64000,64000,64000,64000,64000,64000,0,64000,64000,64000,64000,64000,64000,64000,64000,64000,64000,64000,64000,64000,64000
15161591,PNY XLR8 DDR4-2666 LP,PNY XLR8 LP,DDR4,2666,0,8GB,8,22900,22900,22900,22900,22900,22880,22850,22830,22740,22720,22630,22590,22580,22570,22540,22440,0,22390,22330,22630,22570,22490,22380,22340,22310,22260,22230,22190,22110,22090,22080
16355684,PNY XLR8 DDR4-3200 Gaming 화이트 패키지,PNY XLR8 Gaming 화이트 패키지,DDR4,3200,0,32GB(16GX2),32,126000,126000,126000,126000,126000,126000,126000,126000,126000,126000,126000,126000,126000,126000,126000,0,0,126000,126000,126000,126000,126000,126000,126000,126000,126000,126000,126000,126000,126000,126000
16355684,PNY XLR8 DDR4-3200 Gaming 화이트 패키지,PNY XLR8 Gaming 화이트 패키지,DDR4,3200,0,16GB(8GX2),16,65980,65980,65980,65980,65980,65980,65980,65980,65980,65980,65980,65980,65980,65980,65980,0,0,68130,68130,69610,69610,69610,69610,69610,69610,69610,69610,66650,69610,69610,69610
15297035,PNY XLR8 DDR4-3200 LP,PNY XLR8 LP,DDR4,3200,0,16GB,16,44000,44000,44000,44000,44000,44000,44000,44000,44000,44000,44000,44000,44000,44000,44000,44000,0,44000,44000,44000,44000,44000,44000,44000,44000,44000,44000,44000,44000,44000,44000
15297035,PNY XLR8 DDR4-3200 LP,PNY XLR8 LP,DDR4,3200,0,8GB,8,26990,26990,26990,26990,27000,27000,27000,26990,26930,26870,26980,26910,26910,26870,26970,26870,0,26890,26870,26920,26980,26870,26980,26890,26990,26890,26980,26890,26880,26870,26970
19946780,PNY XLR8 DDR4-3200 히트싱크 마이크로닉스,PNY XLR8 히트싱크 마이크로닉스,DDR4,3200,0,16GB,16,46270,46270,46270,46270,46270,46270,46270,46270,45700,45700,45700,45700,45700,45700,45700,45700,0,45700,45700,45700,45700,0,45700,45700,45700,45700,45700,45700,45700,45700,45700
19946780,PNY XLR8 DDR4-3200 히트싱크 마이크로닉스,PNY XLR8 히트싱크 마이크로닉스,DDR4,3200,0,8GB,8,27100,27100,27100,27100,27100,27100,27100,26000,26000,26000,26000,26000,26000,26000,26000,26000,0,26000,26000,26000,26000,0,26000,26000,26000,26000,26000,26000,26000,26000,26000
19946810,PNY XLR8 DDR4-3200 히트싱크 마이크로닉스,PNY XLR8 히트싱크 마이크로닉스,DDR4,3200,0,16GB,16,0,0,0,0,0,0,0,0,0,0,0,0,0,0,0,0,0,0,0,0,0,45700,0,0,0,0,0,0,0,0,0
19946810,PNY XLR8 DDR4-3200 히트싱크 마이크로닉스,PNY XLR8 히트싱크 마이크로닉스,DDR4,3200,0,8GB,8,0,0,0,0,0,0,0,0,0,0,0,0,0,0,0,0,0,0,0,0,0,26000,0,0,0,0,0,0,0,0,0
17241983,SK하이닉스 DDR2-800 중고,SK하이닉스 DDR2-800 중고,0,0,0,2GB,2,8000,8000,8000,8000,8000,8000,8000,8000,8000,8000,8000,8000,8000,8000,8000,0,0,0,0,0,0,0,0,0,8000,8000,8000,8000,8000,8000,8000
17241983,SK하이닉스 DDR2-800 중고,SK하이닉스 DDR2-800 중고,0,0,0,4GB,4,84930,72190,72190,72190,72190,72190,72190,72190,72190,72190,72190,72190,72190,72190,72190,0,0,0,0,0,0,0,0,0,72190,72190,72190,72190,72190,72190,72190
5800016,SK하이닉스 DDR2-800 중고,SK하이닉스 DDR2-800 중고,0,0,0,2GB,2,0,0,0,0,0,0,0,0,0,0,0,0,0,0,0,0,0,8000,8000,8000,8000,8000,8000,8000,0,0,0,0,0,0,0
5800016,SK하이닉스 DDR2-800 중고,SK하이닉스 DDR2-800 중고,0,0,0,4GB,4,0,0,0,0,0,0,0,0,0,0,0,0,0,0,0,0,0,72190,72190,72190,72190,72190,72190,72190,0,0,0,0,0,0,0
5547988,SK하이닉스 DDR3-1600 중고,SK하이닉스 중고,DDR3,1600,0,8GB,8,14990,14990,14990,14990,14990,14990,14990,14990,14990,14990,14990,14990,14990,14990,14990,0,0,14990,14990,14990,14990,14990,14990,0,0,0,14990,14990,0,0,0
5547988,SK하이닉스 DDR3-1600 중고,SK하이닉스 중고,DDR3,1600,0,4GB,4,3990,3990,3990,3990,3990,3990,3990,3990,3990,3990,3990,3990,3990,3990,3990,0,0,3990,3990,3990,3990,3990,3990,0,0,0,3990,3990,0,0,0
5547675,SK하이닉스 DDR3-1600 중고,SK하이닉스 중고,DDR3,1600,0,8GB,8,0,0,0,0,0,0,0,0,0,0,0,0,0,0,0,0,0,0,0,0,0,0,0,14990,14990,14990,0,0,14990,14990,14990
5547675,SK하이닉스 DDR3-1600 중고,SK하이닉스 중고,DDR3,1600,0,4GB,4,0,0,0,0,0,0,0,0,0,0,0,0,0,0,0,0,0,0,0,0,0,0,0,3990,3990,3990,0,0,3990,3990,3990
10376565,SK하이닉스 DDR4-2666 중고,SK하이닉스 중고,DDR4,2666,0,16GB,16,58000,58000,58000,58000,58000,58000,58000,58000,0,0,0,0,0,0,0,0,0,0,58000,0,58000,58000,58000,58000,58000,58000,58000,58000,0,0,0
10376565,SK하이닉스 DDR4-2666 중고,SK하이닉스 중고,DDR4,2666,0,8GB,8,25000,25000,25000,25000,25000,25000,25000,25000,0,0,0,0,0,0,0,0,0,0,25000,0,25000,25000,25000,25000,25000,25000,25000,25000,0,0,0
10376604,SK하이닉스 DDR4-2666 중고,SK하이닉스 중고,DDR4,2666,0,16GB,16,0,0,0,0,0,0,0,0,58000,58000,58000,58000,58000,58000,58000,0,0,58000,0,58000,0,0,0,0,0,0,0,0,58000,58000,58000
10376604,SK하이닉스 DDR4-2666 중고,SK하이닉스 중고,DDR4,2666,0,8GB,8,0,0,0,0,0,0,0,0,25000,25000,25000,25000,25000,25000,25000,0,0,25000,0,25000,0,0,0,0,0,0,0,0,25000,25000,25000
15577976,SK하이닉스 DDR4-3200 중고,SK하이닉스 중고,DDR4,3200,0,8GB,8,19500,19500,19500,19500,19500,19500,19500,19500,19500,19500,19500,19500,19500,19500,19500,0,0,19500,19500,19500,19500,19500,19500,19500,19500,19500,19500,19500,19500,19500,19500
15577976,SK하이닉스 DDR4-3200 중고,SK하이닉스 중고,DDR4,3200,0,4GB,4,14000,14000,14000,14000,14000,14000,14000,14000,14000,14000,14000,14000,14000,14000,14000,0,0,14000,14000,14000,14000,14000,14000,14000,14000,14000,14000,14000,14000,14000,14000
16507634,SK하이닉스 DDR5-4800,SK하이닉스,DDR5,4800,0,32GB,32,124050,124050,124060,124050,124050,124050,124050,122700,124050,124040,124040,124040,124040,124040,124040,0,0,0,0,0,0,0,0,0,0,0,0,124340,124060,124050,124050
16507634,SK하이닉스 DDR5-4800,SK하이닉스,DDR5,4800,0,16GB,16,68470,68470,66000,66000,66000,66000,66000,66000,69080,69080,69080,69080,69080,69080,69080,0,0,0,0,0,0,0,0,0,0,0,0,69080,69080,69080,69080
16867427,SK하이닉스 DDR5-4800,SK하이닉스,DDR5,4800,0,32GB,32,0,0,0,0,0,0,0,0,0,0,0,0,0,0,0,0,0,124000,123960,123900,123900,123900,123900,123490,123340,123340,123350,0,0,0,0
16867427,SK하이닉스 DDR5-4800,SK하이닉스,DDR5,4800,0,16GB,16,0,0,0,0,0,0,0,0,0,0,0,0,0,0,0,0,0,69080,69080,69080,69080,69080,69080,69080,69080,69080,69080,0,0,0,0
18883523,SK하이닉스 DDR5-5600,SK하이닉스,DDR5,5600,0,32GB,32,135090,135090,135080,135080,135080,135080,135080,133510,133320,133010,133010,133010,135100,135100,135090,135090,135090,135090,135090,135100,137290,137230,0,0,0,0,0,0,0,0,0
18883523,SK하이닉스 DDR5-5600,SK하이닉스,DDR5,5600,0,16GB,16,70870,70070,70060,70060,70060,70060,70060,70060,70060,70060,70060,70060,70060,70560,70880,70880,70880,70870,70870,70880,71980,71970,0,0,0,0,0,0,0,0,0
18883523,SK하이닉스 DDR5-5600,SK하이닉스,DDR5,5600,0,8GB,8,39990,39950,40040,40030,40030,40030,40000,39950,39990,40040,39990,39990,39950,39940,39940,39940,39940,40040,40030,40000,39910,39910,0,0,0,0,0,0,0,0,0
18700841,SK하이닉스 DDR5-5600,SK하이닉스,DDR5,5600,0,32GB,32,0,0,0,0,0,0,0,0,0,0,0,0,0,0,0,0,0,0,0,0,0,0,137150,137940,138420,138420,138420,139400,139400,139400,139400
18700841,SK하이닉스 DDR5-5600,SK하이닉스,DDR5,5600,0,16GB,16,0,0,0,0,0,0,0,0,0,0,0,0,0,0,0,0,0,0,0,0,0,0,71810,73240,73080,73090,72990,72970,72980,72980,72980
18700841,SK하이닉스 DDR5-5600,SK하이닉스,DDR5,5600,0,8GB,8,0,0,0,0,0,0,0,0,0,0,0,0,0,0,0,0,0,0,0,0,0,0,39830,39730,39720,39720,39720,39720,39720,39720,39720
5800734,SK하이닉스 노트북 DDR2-667 중고,SK하이닉스 노트북 DDR2-667 중고,0,0,0,1GB,1,4900,4900,4900,4900,4900,4900,4900,4900,4900,0,0,0,0,0,0,0,0,0,0,0,0,0,0,0,0,0,0,0,0,0,0
5800144,SK하이닉스 노트북 DDR2-667 중고,SK하이닉스 노트북 DDR2-667 중고,0,0,0,1GB,1,0,0,0,0,0,0,0,0,0,4900,4900,4900,4900,4900,4900,0,0,4900,4900,4900,4900,4900,4900,4900,4900,4900,4900,4900,4900,4900,4900
5799891,SK하이닉스 노트북 DDR2-800 중고,SK하이닉스 노트북 DDR2-800 중고,0,0,0,4GB,4,96800,96800,96800,96800,96800,96800,96800,96800,96800,96800,96800,96800,96800,96800,96800,0,0,96800,96800,96800,96800,96800,96800,96800,96800,96800,96800,96800,96800,96800,96800
5799891,SK하이닉스 노트북 DDR2-800 중고,SK하이닉스 노트북 DDR2-800 중고,0,0,0,2GB,2,25000,25000,25000,25000,25000,25000,25000,25000,25000,25000,25000,25000,25000,25000,25000,0,0,25000,25000,25000,25000,25000,25000,25000,25000,25000,25000,25000,25000,25000,25000
5799891,SK하이닉스 노트북 DDR2-800 중고,SK하이닉스 노트북 DDR2-800 중고,0,0,0,1GB,1,16900,16900,16900,16900,16900,16900,16900,16900,16900,16900,16900,16900,16900,16900,16900,0,0,16900,16900,16900,16900,16900,16900,16900,16900,16900,16900,16900,16900,16900,16900
1678154,SK하이닉스 노트북 DDR3-1066,SK하이닉스 노트북,DDR3,1066,0,4GB,4,29900,29900,29900,29900,29900,29900,29900,29900,29900,29900,29900,29900,29900,29900,29900,0,0,29900,29900,29900,29900,29900,29900,29900,29900,29900,29900,29900,29900,29900,29900
1678154,SK하이닉스 노트북 DDR3-1066,SK하이닉스 노트북,DDR3,1066,0,2GB,2,19900,19900,19900,19900,19900,19900,19900,19900,19900,19900,19900,19900,19900,19900,19900,0,0,19900,19900,19900,19900,19900,19900,19900,19900,19900,19900,19900,19900,19900,19900
1678154,SK하이닉스 노트북 DDR3-1066,SK하이닉스 노트북,DDR3,1066,0,1GB,1,4700,4700,4700,4700,4700,4700,4700,4700,4700,4700,4700,4700,4700,4700,4700,0,0,4700,4700,4700,4700,4700,4700,4700,4700,4700,4700,4700,4700,4700,4700
870764,SK하이닉스 노트북 DDR3-1066 병행수입,SK하이닉스 노트북 병행수입,DDR3,1066,0,1GB,1,8900,8900,8900,8900,8900,8900,8900,8900,8900,8900,8900,8900,8900,8900,8900,0,0,8900,8900,8900,8900,8900,8900,8900,0,0,0,0,0,0,0
870764,SK하이닉스 노트북 DDR3-1066 병행수입,SK하이닉스 노트북 병행수입,DDR3,1066,0,2GB,2,16800,16800,16800,16800,16800,16800,16800,16800,16800,16800,16800,16800,16800,16800,16800,0,0,16800,16800,16800,16800,16800,16800,16800,0,0,0,0,0,0,0
5728672,SK하이닉스 노트북 DDR3-1066 중고,SK하이닉스 노트북 중고,DDR3,1066,0,4GB,4,59500,59500,59500,59500,59500,59500,59500,59500,59500,59500,59500,59500,59500,59500,59500,0,0,59500,59500,59500,59500,59500,59500,59500,0,0,0,0,0,0,0
5728672,SK하이닉스 노트북 DDR3-1066 중고,SK하이닉스 노트북 중고,DDR3,1066,0,2GB,2,7450,7450,7450,7450,7450,7450,7450,7450,7450,7450,7450,7450,7450,7450,7450,0,0,7450,7450,7450,7450,7450,7450,7450,0,0,0,0,0,0,0
1331603,SK하이닉스 노트북 DDR3-1333,SK하이닉스 노트북,DDR3,1333,0,4GB,4,32900,32900,32900,32900,32900,32900,32900,32900,32900,32900,32900,32900,32900,32900,32900,0,0,32900,32900,32900,32900,32900,32900,32900,32900,32900,32900,32900,0,0,0
1331603,SK하이닉스 노트북 DDR3-1333,SK하이닉스 노트북,DDR3,1333,0,2GB,2,10000,10000,10000,10000,10000,10000,10000,10000,10000,10000,10000,10000,10000,10000,10000,0,0,10000,10000,10000,10000,10000,10000,10000,10000,10000,10000,10000,0,0,0
1331603,SK하이닉스 노트북 DDR3-1333,SK하이닉스 노트북,DDR3,1333,0,1GB,1,23000,23000,23000,23000,23000,23000,23000,23000,23000,23000,23000,23000,23000,23000,23000,0,0,23000,23000,23000,23000,23000,23000,23000,23000,23000,23000,23000,0,0,0
5728737,SK하이닉스 노트북 DDR3-1333 병행수입,SK하이닉스 노트북 병행수입,DDR3,1333,0,1GB,1,15800,0,0,0,0,0,0,0,0,0,0,0,0,0,15800,0,0,15800,15800,15800,15800,15800,15800,15800,15800,15800,15800,0,0,0,0
5728737,SK하이닉스 노트북 DDR3-1333 병행수입,SK하이닉스 노트북 병행수입,DDR3,1333,0,2GB,2,16500,0,0,0,0,0,0,0,0,0,0,0,0,0,16500,0,0,16500,16500,16500,16500,16500,16500,16500,16500,16500,16500,0,0,0,0
5728737,SK하이닉스 노트북 DDR3-1333 병행수입,SK하이닉스 노트북 병행수입,DDR3,1333,0,4GB,4,29500,0,0,0,0,0,0,0,0,0,0,0,0,0,29500,0,0,29500,29500,29500,29500,29500,29500,29500,29500,29500,29500,0,0,0,0
1745206,SK하이닉스 노트북 DDR3-1333 병행수입,SK하이닉스 노트북 병행수입,DDR3,1333,0,1GB,1,0,15800,15800,15800,15800,15800,15800,15800,15800,15800,15800,15800,15800,15800,0,0,0,0,0,0,0,0,0,0,0,0,0,15800,15800,15800,15800
1745206,SK하이닉스 노트북 DDR3-1333 병행수입,SK하이닉스 노트북 병행수입,DDR3,1333,0,2GB,2,0,16500,16500,16500,16500,16500,16500,16500,16500,16500,16500,16500,16500,16500,0,0,0,0,0,0,0,0,0,0,0,0,0,16500,16500,16500,16500
1745206,SK하이닉스 노트북 DDR3-1333 병행수입,SK하이닉스 노트북 병행수입,DDR3,1333,0,4GB,4,0,29500,29500,29500,29500,29500,29500,29500,29500,29500,29500,29500,29500,29500,0,0,0,0,0,0,0,0,0,0,0,0,0,29500,29500,29500,29500
5728592,SK하이닉스 노트북 DDR3-1333 중고,SK하이닉스 노트북 중고,DDR3,1333,0,8GB,8,89500,89500,89500,89500,89500,89500,89500,89500,89500,89500,89500,89500,89500,89500,89500,0,0,89500,89500,89500,89500,89500,89500,89500,89500,89500,89500,89500,89500,89500,89500
5728592,SK하이닉스 노트북 DDR3-1333 중고,SK하이닉스 노트북 중고,DDR3,1333,0,4GB,4,5490,5490,5490,5490,5490,5490,5490,5490,5490,5490,5490,5490,5490,5490,5490,0,0,5490,5490,5490,5490,5490,5490,5490,5490,5490,5490,5480,5480,5480,5480
5728592,SK하이닉스 노트북 DDR3-1333 중고,SK하이닉스 노트북 중고,DDR3,1333,0,2GB,2,7290,7290,7290,7290,7290,7290,7290,7290,7290,7290,7290,7290,7290,7290,7290,0,0,7290,7290,7290,7290,7290,7290,7290,7290,7290,7290,7290,7290,7290,7290
5728592,SK하이닉스 노트북 DDR3-1333 중고,SK하이닉스 노트북 중고,DDR3,1333,0,1GB,1,5300,5300,5300,5300,5300,5300,5300,5300,5300,5300,5300,5300,5300,5300,5300,0,0,5300,5300,5300,5300,5300,5300,5300,5300,5300,5300,5300,5300,5300,5300
5547576,SK하이닉스 노트북 DDR3-1600 중고,SK하이닉스 노트북 중고,DDR3,1600,0,8GB,8,57700,57700,57700,57700,57700,57700,57700,57700,57700,57700,57700,57700,57700,57700,57700,0,0,57700,57700,57700,57700,57700,57700,57700,57700,57700,57700,57700,57700,57700,57700
5547576,SK하이닉스 노트북 DDR3-1600 중고,SK하이닉스 노트북 중고,DDR3,1600,0,4GB,4,5800,5800,5800,5800,5800,5800,5800,5800,5800,5800,5800,5800,5800,5800,5800,0,0,5800,5800,5800,5790,5790,5790,5790,5790,5790,5790,5790,5690,5690,5690
5547576,SK하이닉스 노트북 DDR3-1600 중고,SK하이닉스 노트북 중고,DDR3,1600,0,2GB,2,19000,19000,19000,19000,19000,19000,19000,19000,19000,19000,19000,19000,19000,19000,19000,0,0,19000,19000,19000,19000,19000,19000,19000,19000,19000,19000,19000,19000,19000,19000
5706778,SK하이닉스 노트북 DDR4-2133,SK하이닉스 노트북,DDR4,2133,0,8GB,8,26990,26990,26990,26990,26990,26990,26990,26990,26990,26990,26990,26990,26990,26990,26990,0,0,26990,26990,26990,26990,26990,26990,26990,26990,24990,24990,24990,24990,24990,24990
5706778,SK하이닉스 노트북 DDR4-2133,SK하이닉스 노트북,DDR4,2133,0,4GB,4,38900,38900,38900,38900,38900,38900,38900,38900,38900,38900,38900,38900,38900,38900,38900,0,0,38900,38900,38900,38900,38900,38900,38900,38900,38900,38900,38900,38900,38900,38900
15778361,SK하이닉스 노트북 DDR4-2133 중고,SK하이닉스 노트북 중고,DDR4,2133,0,8GB,8,19000,19000,19000,19000,19000,19000,19000,19000,19000,19000,19000,19000,19000,19000,19000,0,0,19000,19000,19000,19000,19000,18990,18860,18490,18490,18490,18490,18490,18490,18490
15778361,SK하이닉스 노트북 DDR4-2133 중고,SK하이닉스 노트북 중고,DDR4,2133,0,4GB,4,45570,38740,38740,38740,38740,38740,38740,38740,38740,38740,38740,38740,38740,38740,38740,0,0,38740,38740,38740,38740,38740,38740,38740,38740,38740,38740,38740,38740,38740,38740
16946459,SK하이닉스 노트북 DDR4-2400 중고,SK하이닉스 노트북 중고,DDR4,2400,0,8GB,8,19400,19400,19400,19400,19000,19000,19000,19000,19000,19000,19000,19000,19000,19000,19000,0,0,19000,19000,19000,19000,19000,19000,19000,18500,18500,18500,18500,18500,18500,18500
16946459,SK하이닉스 노트북 DDR4-2400 중고,SK하이닉스 노트북 중고,DDR4,2400,0,4GB,4,41000,36550,36550,36550,36550,36550,36550,36550,36550,36550,36550,36550,36550,36550,36550,0,0,36550,36550,36550,36550,36550,36550,36550,36550,36550,36550,36550,36550,36550,36550
16946459,SK하이닉스 노트북 DDR4-2400 중고,SK하이닉스 노트북 중고,DDR4,2400,0,2GB,2,5370,5370,5370,5370,5370,5370,5370,5370,5370,5370,5370,5370,5370,5370,5370,0,0,5370,5370,5370,5370,5370,5370,5370,5370,5370,5370,5370,5370,5370,5370
17341415,SK하이닉스 노트북 DDR4-2666 중고,SK하이닉스 노트북 중고,DDR4,2666,0,4GB,4,54210,46080,0,0,46080,0,46080,0,0,0,0,0,0,0,0,0,0,0,0,0,0,0,0,0,0,0,0,0,0,0,0
17341415,SK하이닉스 노트북 DDR4-2666 중고,SK하이닉스 노트북 중고,DDR4,2666,0,16GB,16,49990,49990,0,0,49990,0,49990,0,0,0,0,0,0,0,0,0,0,0,0,0,0,0,0,0,0,0,0,0,0,0,0
17341415,SK하이닉스 노트북 DDR4-2666 중고,SK하이닉스 노트북 중고,DDR4,2666,0,8GB,8,52900,52900,0,0,52900,0,52900,0,0,0,0,0,0,0,0,0,0,0,0,0,0,0,0,0,0,0,0,0,0,0,0
17242046,SK하이닉스 노트북 DDR4-2666 중고,SK하이닉스 노트북 중고,DDR4,2666,0,4GB,4,0,0,46080,46080,0,46080,0,46080,46080,46080,46080,46080,46080,46080,46080,0,0,46080,46080,46080,46080,46080,46080,46080,46080,46080,46080,46080,46080,46080,46080
17242046,SK하이닉스 노트북 DDR4-2666 중고,SK하이닉스 노트북 중고,DDR4,2666,0,16GB,16,0,0,49990,49990,0,49990,0,49990,49990,49990,49990,49990,49990,49990,49990,0,0,49990,49990,49990,49990,49990,49990,49990,49990,49990,49990,49990,49990,49990,49990
17242046,SK하이닉스 노트북 DDR4-2666 중고,SK하이닉스 노트북 중고,DDR4,2666,0,8GB,8,0,0,52900,52900,0,52900,0,52900,52900,52900,52900,52900,52900,52900,52900,0,0,52900,52900,52900,52900,52900,52900,52900,52900,52900,52900,52900,52900,52900,52900
16121639,SK하이닉스 노트북 DDR4-3200 중고,SK하이닉스 노트북 중고,DDR4,3200,0,8GB,8,22000,22000,21990,21990,21990,22000,22000,22000,22000,22000,22000,22000,22000,22000,22000,0,0,22000,22000,22000,22000,22000,21990,21990,21990,21990,21990,21990,21990,21990,21990
16121639,SK하이닉스 노트북 DDR4-3200 중고,SK하이닉스 노트북 중고,DDR4,3200,0,4GB,4,14000,14000,14000,14000,14000,14000,14000,14000,14000,14000,14000,14000,14000,14000,14000,0,0,14000,14000,14000,14000,14000,14000,14000,14000,14000,14000,14000,14000,14000,14000
20199452,SK하이닉스 노트북 DDR5-5600 중고,SK하이닉스 노트북 중고,DDR5,5600,0,8GB,8,0,0,0,0,0,0,0,0,0,0,0,0,0,0,0,0,13890,13850,13780,13780,13500,13500,13500,13500,13500,13500,13500,13500,13500,13500,13500
20199452,SK하이닉스 노트북 DDR5-5600 중고,SK하이닉스 노트북 중고,DDR5,5600,0,16GB,16,0,0,0,0,0,0,0,0,0,0,0,0,0,0,0,0,84610,84610,84610,84610,84610,84610,84610,84610,84610,84610,84610,84610,84610,84610,84610
20199452,SK하이닉스 노트북 DDR5-5600 중고,SK하이닉스 노트북 중고,DDR5,5600,0,32GB,32,0,0,0,0,0,0,0,0,0,0,0,0,0,0,0,0,139230,141950,141830,141740,141490,141390,141310,138950,141950,141870,141850,141830,141730,141630,141520
1699045,TeamGroup DDR3-1600 Elite,TeamGroup Elite,DDR3,1600,0,8GB,8,38690,38690,38690,38690,38690,38690,38690,38690,38690,38690,0,0,0,38690,38690,0,0,38690,38690,38690,20600,20600,20600,20600,20600,20600,20600,20600,20600,0,0
1699045,TeamGroup DDR3-1600 Elite,TeamGroup Elite,DDR3,1600,0,4GB,4,55500,55500,55500,55500,55500,55500,55500,55500,55500,55500,0,0,0,55500,55500,0,0,55500,55500,55500,55500,55500,55500,55500,55500,55500,55500,55500,55500,0,0
1561877,TeamGroup DDR3-1600 Elite,TeamGroup Elite,DDR3,1600,0,8GB,8,0,0,0,0,0,0,0,0,0,0,38690,38690,0,0,0,0,0,0,0,0,0,0,0,0,0,0,0,0,0,0,0
1561877,TeamGroup DDR3-1600 Elite,TeamGroup Elite,DDR3,1600,0,4GB,4,0,0,0,0,0,0,0,0,0,0,55500,55500,0,0,0,0,0,0,0,0,0,0,0,0,0,0,0,0,0,0,0
10759749,TeamGroup DDR4-3200 Elite,TeamGroup Elite,DDR4,3200,0,32GB,32,78000,78000,79730,79790,77200,77200,79790,79790,79790,79790,77200,77200,79790,79790,0,0,0,0,0,0,0,0,0,0,0,0,0,0,0,0,0
10759749,TeamGroup DDR4-3200 Elite,TeamGroup Elite,DDR4,3200,0,16GB,16,39030,39030,39030,39030,39030,39030,39030,39030,39030,39030,39030,39030,39030,39030,0,0,0,0,0,0,0,0,0,0,0,0,0,0,0,0,0
10759749,TeamGroup DDR4-3200 Elite,TeamGroup Elite,DDR4,3200,0,4GB,4,13970,13970,13970,13970,13970,13970,13970,13970,13970,13970,13970,13970,13970,13970,0,0,0,0,0,0,0,0,0,0,0,0,0,0,0,0,0
10759749,TeamGroup DDR4-3200 Elite,TeamGroup Elite,DDR4,3200,0,8GB,8,21650,21650,21650,21650,21650,21650,21650,21650,21650,21650,21650,21650,21650,21650,0,0,0,0,0,0,0,0,0,0,0,0,0,0,0,0,0
10188141,TeamGroup DDR4-3200 Elite,TeamGroup Elite,DDR4,3200,0,32GB,32,0,0,0,0,0,0,0,0,0,0,0,0,0,0,79790,0,0,79280,79280,79280,0,0,0,0,0,0,0,79060,79060,79060,79060
10188141,TeamGroup DDR4-3200 Elite,TeamGroup Elite,DDR4,3200,0,16GB,16,0,0,0,0,0,0,0,0,0,0,0,0,0,0,39030,0,0,39000,39000,39000,0,0,0,0,0,0,0,37790,37790,37630,36950
10188141,TeamGroup DDR4-3200 Elite,TeamGroup Elite,DDR4,3200,0,4GB,4,0,0,0,0,0,0,0,0,0,0,0,0,0,0,13970,0,0,13970,13970,13970,0,0,0,0,0,0,0,13550,13550,13020,13020
10188141,TeamGroup DDR4-3200 Elite,TeamGroup Elite,DDR4,3200,0,8GB,8,0,0,0,0,0,0,0,0,0,0,0,0,0,0,21650,0,0,21650,21650,21650,0,0,0,0,0,0,0,19950,19930,19780,19780
10188159,TeamGroup DDR4-3200 Elite,TeamGroup Elite,DDR4,3200,0,32GB,32,0,0,0,0,0,0,0,0,0,0,0,0,0,0,0,0,0,0,0,0,79650,79570,79460,79230,79210,79170,79070,0,0,0,0
10188159,TeamGroup DDR4-3200 Elite,TeamGroup Elite,DDR4,3200,0,16GB,16,0,0,0,0,0,0,0,0,0,0,0,0,0,0,0,0,0,0,0,0,39000,38640,38540,36700,37700,37690,37670,0,0,0,0
10188159,TeamGroup DDR4-3200 Elite,TeamGroup Elite,DDR4,3200,0,4GB,4,0,0,0,0,0,0,0,0,0,0,0,0,0,0,0,0,0,0,0,0,13970,13970,13550,13550,13550,13550,13550,0,0,0,0
10188159,TeamGroup DDR4-3200 Elite,TeamGroup Elite,DDR4,3200,0,8GB,8,0,0,0,0,0,0,0,0,0,0,0,0,0,0,0,0,0,0,0,0,21650,21260,20820,20670,20120,20080,19970,0,0,0,0
14907467,TeamGroup DDR4-3200 Elite 서린,TeamGroup Elite 서린,DDR4,3200,0,16GB,16,40770,40770,40770,41200,41100,41100,41200,41200,41200,41200,40990,40990,41190,41190,38480,39000,0,0,0,0,0,39000,38990,39000,38500,38110,38990,39000,39000,39000,39000
14907467,TeamGroup DDR4-3200 Elite 서린,TeamGroup Elite 서린,DDR4,3200,0,8GB,8,22180,22190,22190,22200,22200,22200,22200,22200,22200,22200,22200,22200,22200,22200,21200,21500,0,0,0,0,0,21490,21490,21500,21490,21000,21490,21500,21500,21500,21500
14907443,TeamGroup DDR4-3200 Elite 서린,TeamGroup Elite 서린,DDR4,3200,0,16GB,16,0,0,0,0,0,0,0,0,0,0,0,0,0,0,0,0,39000,39000,39000,39000,39000,0,0,0,0,0,0,0,0,0,0
14907443,TeamGroup DDR4-3200 Elite 서린,TeamGroup Elite 서린,DDR4,3200,0,8GB,8,0,0,0,0,0,0,0,0,0,0,0,0,0,0,0,0,21500,21500,21500,21500,21500,0,0,0,0,0,0,0,0,0,0
18767543,TeamGroup DDR5-4800 CL40 Elite Plus 블랙 서린,TeamGroup Elite Plus 블랙 서린,DDR5,4800,CL40,32GB,32,126600,125000,0,0,0,0,0,124990,127000,127000,0,0,0,0,0,0,0,0,0,0,0,0,0,0,0,0,0,0,0,0,0
18767543,TeamGroup DDR5-4800 CL40 Elite Plus 블랙 서린,TeamGroup Elite Plus 블랙 서린,DDR5,4800,CL40,16GB,16,69800,69800,0,0,0,0,0,70000,70000,70000,0,0,0,0,0,0,0,0,0,0,0,0,0,0,0,0,0,0,0,0,0
17845094,TeamGroup DDR5-4800 CL40 Elite Plus 블랙 서린,TeamGroup Elite Plus 블랙 서린,DDR5,4800,CL40,32GB,32,0,0,127000,127000,124990,124990,124990,0,0,0,122640,122640,124990,124990,126990,124990,124990,126270,124910,124890,124800,124720,126980,124950,124940,122640,124900,124870,124850,124750,124670
17845094,TeamGroup DDR5-4800 CL40 Elite Plus 블랙 서린,TeamGroup Elite Plus 블랙 서린,DDR5,4800,CL40,16GB,16,0,0,70000,70000,69100,69100,70000,0,0,0,67620,67620,70000,69990,69990,69980,69890,69860,69870,69790,69980,69890,69810,69890,69860,67620,69790,69990,69910,69890,69880
18767579,TeamGroup DDR5-4800 CL40 Elite Plus 실버 서린,TeamGroup Elite Plus 실버 서린,DDR5,4800,CL40,32GB,32,126600,126600,126990,0,0,0,0,0,0,0,0,0,0,0,0,0,0,0,126990,126990,126990,126990,126990,126990,126990,122640,126990,126990,0,0,0
18767579,TeamGroup DDR5-4800 CL40 Elite Plus 실버 서린,TeamGroup Elite Plus 실버 서린,DDR5,4800,CL40,16GB,16,69800,69800,70000,0,0,0,0,0,0,0,0,0,0,0,0,0,0,0,69990,69990,69950,69990,69910,69990,69930,67620,69890,69990,0,0,0
17845256,TeamGroup DDR5-4800 CL40 Elite Plus 실버 서린,TeamGroup Elite Plus 실버 서린,DDR5,4800,CL40,32GB,32,0,0,0,126990,125400,125400,126990,126990,126990,126990,122640,122640,126990,126990,126990,126990,126990,126990,0,0,0,0,0,0,0,0,0,0,126990,126990,126990
17845256,TeamGroup DDR5-4800 CL40 Elite Plus 실버 서린,TeamGroup Elite Plus 실버 서린,DDR5,4800,CL40,16GB,16,0,0,0,70000,69100,69100,70000,70000,70000,70000,67620,67620,70000,70000,70000,69990,70000,69990,0,0,0,0,0,0,0,0,0,0,69990,70000,69990
17535233,TeamGroup DDR5-4800 CL40 Elite 서린,TeamGroup Elite 서린,DDR5,4800,CL40,32GB,32,116253,116253,116253,116253,116253,115402,115402,115402,121252,121252,120750,120750,121250,122500,122500,122500,122480,122500,122500,122500,122490,122660,122580,122530,122500,120750,123740,123750,123750,123750,123750
17535233,TeamGroup DDR5-4800 CL40 Elite 서린,TeamGroup Elite 서린,DDR5,4800,CL40,16GB,16,62783,62783,62783,62783,62783,62108,62108,62108,65483,65483,65200,65200,66158,66158,65830,66158,66150,66158,66100,66158,66830,66830,66830,66830,66790,65200,66830,66450,66450,66450,66450
17535233,TeamGroup DDR5-4800 CL40 Elite 서린,TeamGroup Elite 서린,DDR5,4800,CL40,8GB,8,51500,51500,51500,51500,51500,51500,51500,51500,51500,51500,51500,51500,51500,51500,51500,51500,51500,51500,51500,51500,51500,51500,51500,51500,51500,51500,51500,51500,51500,51500,51500
23563973,TeamGroup DDR5-5600 CL46 Elite,TeamGroup Elite,DDR5,5600,CL46,16GB,16,63970,63970,63970,64280,63980,63980,64280,64280,64280,64280,63980,63980,64280,64280,0,0,0,63880,63790,63760,63720,63640,62700,62700,62570,62560,62450,0,62320,60290,60290
23563973,TeamGroup DDR5-5600 CL46 Elite,TeamGroup Elite,DDR5,5600,CL46,32GB,32,117700,116900,116900,116500,116300,116300,115500,115500,115500,115500,120200,120190,120190,120190,0,0,0,123460,123460,123460,122930,122930,122930,122930,121890,121890,121890,0,121890,118230,118230
23563973,TeamGroup DDR5-5600 CL46 Elite,TeamGroup Elite,DDR5,5600,CL46,8GB,8,36330,36330,36330,36330,36330,36330,36330,36330,36330,36330,36330,36330,36330,36330,0,0,0,36020,36000,35900,35800,35750,34630,35180,35000,35000,35000,0,35000,33600,33600
37345886,TeamGroup DDR5-5600 CL46 Elite,TeamGroup Elite,DDR5,5600,CL46,16GB,16,0,0,0,0,0,0,0,0,0,0,0,0,0,0,64280,0,0,0,0,0,0,0,0,0,0,0,0,62370,0,0,0
37345886,TeamGroup DDR5-5600 CL46 Elite,TeamGroup Elite,DDR5,5600,CL46,32GB,32,0,0,0,0,0,0,0,0,0,0,0,0,0,0,120190,0,0,0,0,0,0,0,0,0,0,0,0,121890,0,0,0
37345886,TeamGroup DDR5-5600 CL46 Elite,TeamGroup Elite,DDR5,5600,CL46,8GB,8,0,0,0,0,0,0,0,0,0,0,0,0,0,0,36330,0,0,0,0,0,0,0,0,0,0,0,0,35000,0,0,0
27545675,TeamGroup DDR5-5600 CL46 Elite Plus 블랙 서린,TeamGroup Elite Plus 블랙 서린,DDR5,5600,CL46,16GB,16,66960,66960,66960,66960,66960,66240,66240,66240,69840,69840,69510,69510,70560,70560,70560,70560,0,0,0,0,0,0,0,0,0,0,0,0,0,0,0
27545675,TeamGroup DDR5-5600 CL46 Elite Plus 블랙 서린,TeamGroup Elite Plus 블랙 서린,DDR5,5600,CL46,32GB,32,130500,130500,130850,130850,129300,129300,130840,130850,130850,130850,126530,126530,130850,130850,130850,130840,0,0,0,0,0,0,0,0,0,0,0,0,0,0,0
18768413,TeamGroup DDR5-5600 CL46 Elite Plus 블랙 서린,TeamGroup Elite Plus 블랙 서린,DDR5,5600,CL46,16GB,16,0,0,0,0,0,0,0,0,0,0,0,0,0,0,0,0,70560,70560,70560,70560,71280,71280,71270,71280,71280,69510,71280,71280,71280,71280,71280
18768413,TeamGroup DDR5-5600 CL46 Elite Plus 블랙 서린,TeamGroup Elite Plus 블랙 서린,DDR5,5600,CL46,32GB,32,0,0,0,0,0,0,0,0,0,0,0,0,0,0,0,0,130850,130850,130850,130850,130850,130850,130840,130850,130840,126530,130840,130840,130840,130840,130840
18768470,TeamGroup DDR5-5600 CL46 Elite Plus 실버 서린,TeamGroup Elite Plus 실버 서린,DDR5,5600,CL46,32GB,32,127900,127890,127890,127890,127880,127860,127810,127890,127890,127890,126530,126530,127890,127890,0,0,0,0,0,0,0,0,0,127680,127650,126530,127570,127540,127520,126860,126850
18768470,TeamGroup DDR5-5600 CL46 Elite Plus 실버 서린,TeamGroup Elite Plus 실버 서린,DDR5,5600,CL46,16GB,16,66960,66960,66960,66960,66960,66240,66240,66240,69840,69840,69510,69510,70560,70560,0,0,0,0,0,0,0,0,0,71270,71270,69510,71270,71270,71270,71270,71270
27545711,TeamGroup DDR5-5600 CL46 Elite Plus 실버 서린,TeamGroup Elite Plus 실버 서린,DDR5,5600,CL46,32GB,32,0,0,0,0,0,0,0,0,0,0,0,0,0,0,127890,127890,127890,127890,127890,127890,127850,127780,127730,0,0,0,0,0,0,0,0
27545711,TeamGroup DDR5-5600 CL46 Elite Plus 실버 서린,TeamGroup Elite Plus 실버 서린,DDR5,5600,CL46,16GB,16,0,0,0,0,0,0,0,0,0,0,0,0,0,0,70560,70560,70560,70560,70560,70560,71270,71270,71270,0,0,0,0,0,0,0,0
17535839,TeamGroup DDR5-5600 CL46 Elite 서린,TeamGroup Elite 서린,DDR5,5600,CL46,32GB,32,117680,116890,116770,116490,116290,115890,115490,115380,115290,115500,120200,120200,120200,120200,120200,120200,125990,127900,126000,126000,128000,128000,127990,128000,127990,123690,126000,128000,128000,125610,126000
17535839,TeamGroup DDR5-5600 CL46 Elite 서린,TeamGroup Elite 서린,DDR5,5600,CL46,16GB,16,64990,64990,66000,65090,64490,64480,64490,66000,66000,66000,64340,64340,66000,66000,64350,66000,66000,65900,63990,64000,66000,65890,65900,65870,64990,63730,65790,65560,65560,65560,65900
17535839,TeamGroup DDR5-5600 CL46 Elite 서린,TeamGroup Elite 서린,DDR5,5600,CL46,8GB,8,38400,38400,38500,38300,38090,38090,38490,38500,38500,38500,37870,37870,38500,38500,37530,38490,38500,38500,38400,38500,38490,38490,38490,38490,38390,37160,38490,38500,38500,38500,38500
54100718,TeamGroup DDR5-6400 CL52 Elite 서린,TeamGroup Elite 서린,DDR5,6400,CL52,16GB,16,0,0,0,0,0,0,0,0,0,0,0,0,0,0,0,0,0,0,0,0,72000,72000,72000,71990,71990,69510,71990,72000,72000,72000,72000
54100718,TeamGroup DDR5-6400 CL52 Elite 서린,TeamGroup Elite 서린,DDR5,6400,CL52,32GB,32,0,0,0,0,0,0,0,0,0,0,0,0,0,0,0,0,0,0,0,0,133000,133000,133000,132990,132990,128520,132990,133000,133000,133000,133000
54100754,TeamGroup DDR5-6400 CL52 Elite 서린,TeamGroup Elite 서린,DDR5,6400,CL52,16GB,16,0,0,0,0,0,0,0,0,0,0,0,0,0,0,0,0,0,0,0,0,0,0,72000,71990,71990,69510,71990,72000,0,0,0
54100754,TeamGroup DDR5-6400 CL52 Elite 서린,TeamGroup Elite 서린,DDR5,6400,CL52,32GB,32,0,0,0,0,0,0,0,0,0,0,0,0,0,0,0,0,0,0,0,0,0,0,133000,132990,132990,128520,132990,133000,0,0,0
15803078,TeamGroup T-CREATE DDR4-3200 CL14 EXPERT OC10L 패키지,TeamGroup T-CREATE EXPERT OC10L 패키지,DDR4,3200,CL14,32GB(16GX2),32,285900,285900,289480,289480,283200,283200,289480,289480,289480,289480,283200,283200,289480,289480,289480,289480,0,289480,289480,289480,289480,289480,289480,289480,289480,289480,289480,289480,289480,289480,289480
15803078,TeamGroup T-CREATE DDR4-3200 CL14 EXPERT OC10L 패키지,TeamGroup T-CREATE EXPERT OC10L 패키지,DDR4,3200,CL14,16GB(8GX2),16,137500,137500,137800,137800,136200,136200,137800,137800,137800,137800,136200,136200,137800,137800,137800,137800,0,137800,137800,137800,137800,137800,137800,137800,137800,137800,137800,137800,137800,137800,137800
13232318,TeamGroup T-CREATE DDR4-3200 CL22 CLASSIC 10L 패키지 서린,TeamGroup T-CREATE CLASSIC 10L 패키지 서린,DDR4,3200,CL22,64GB(32GX2),64,234600,234600,234600,234600,234600,234600,234600,234600,0,234600,234600,234600,234600,0,0,0,0,0,0,0,234600,234600,234600,234600,234600,234600,234600,234600,234600,234600,234600
13232318,TeamGroup T-CREATE DDR4-3200 CL22 CLASSIC 10L 패키지 서린,TeamGroup T-CREATE CLASSIC 10L 패키지 서린,DDR4,3200,CL22,32GB(16GX2),32,134640,134640,134640,134640,134640,134640,134640,134640,0,134640,134640,134640,134640,0,0,0,0,0,0,0,134640,134640,134640,134640,134640,134640,134640,134640,134640,134640,134640
13232294,TeamGroup T-CREATE DDR4-3200 CL22 CLASSIC 10L 패키지 서린,TeamGroup T-CREATE CLASSIC 10L 패키지 서린,DDR4,3200,CL22,64GB(32GX2),64,0,0,0,0,0,0,0,0,234600,0,0,0,0,234600,234600,0,0,234600,234600,234600,0,0,0,0,0,0,0,0,0,0,0
13232294,TeamGroup T-CREATE DDR4-3200 CL22 CLASSIC 10L 패키지 서린,TeamGroup T-CREATE CLASSIC 10L 패키지 서린,DDR4,3200,CL22,32GB(16GX2),32,0,0,0,0,0,0,0,0,134640,0,0,0,0,134640,134640,0,0,134640,134640,134640,0,0,0,0,0,0,0,0,0,0,0
15803147,TeamGroup T-CREATE DDR4-3600 CL14 EXPERT OC10L 패키지,TeamGroup T-CREATE EXPERT OC10L 패키지,DDR4,3600,CL14,32GB(16GX2),32,298000,298000,298000,298000,298000,298000,298000,298000,298000,298000,285460,297990,297990,298000,298000,298000,0,298000,298000,298000,298000,298000,298000,298000,298000,298000,298000,298000,298000,298000,298000
15803147,TeamGroup T-CREATE DDR4-3600 CL14 EXPERT OC10L 패키지,TeamGroup T-CREATE EXPERT OC10L 패키지,DDR4,3600,CL14,16GB(8GX2),16,132030,131940,131920,131830,131720,131620,131520,131460,131440,131350,131460,131460,131460,99000,99000,99000,0,99000,99000,99000,99000,99000,99000,99000,99000,99000,99000,99000,99000,99000,99000
13943096,TeamGroup T-CREATE DDR4-3600 CL18 EXPERT OC10L 패키지,TeamGroup T-CREATE EXPERT OC10L 패키지,DDR4,3600,CL18,32GB(16GX2),32,208320,208320,208320,208320,208320,208320,208320,208320,218320,218320,218320,218320,218320,218320,218320,0,0,218320,218320,218320,218320,218320,218320,218320,218320,0,0,0,0,0,0
13943096,TeamGroup T-CREATE DDR4-3600 CL18 EXPERT OC10L 패키지,TeamGroup T-CREATE EXPERT OC10L 패키지,DDR4,3600,CL18,16GB(8GX2),16,118083,118083,118083,118083,118083,116970,116970,116970,123600,123600,123600,123600,123600,123600,123600,0,0,123600,123600,123600,123600,123600,123600,123600,123600,0,0,0,0,0,0
13981106,TeamGroup T-CREATE DDR4-3600 CL18 EXPERT OC10L 패키지 서린,TeamGroup T-CREATE EXPERT OC10L 패키지 서린,DDR4,3600,CL18,64GB(32GX2),64,207300,0,0,0,0,0,0,0,208000,208000,200970,200970,208000,208000,208000,207990,208000,208000,208000,208000,207970,208000,207980,208000,207980,200970,207950,208000,208000,208000,208000
13981106,TeamGroup T-CREATE DDR4-3600 CL18 EXPERT OC10L 패키지 서린,TeamGroup T-CREATE EXPERT OC10L 패키지 서린,DDR4,3600,CL18,32GB(16GX2),32,97700,0,0,0,0,0,0,0,97990,97990,94710,94710,97970,97990,97990,97980,97950,98000,98000,98000,98000,98000,97990,98000,97990,94710,97990,98000,98000,98000,98000
13981106,TeamGroup T-CREATE DDR4-3600 CL18 EXPERT OC10L 패키지 서린,TeamGroup T-CREATE EXPERT OC10L 패키지 서린,DDR4,3600,CL18,16GB(8GX2),16,56900,0,0,0,0,0,0,0,57000,57000,55020,55020,57000,57000,57000,56990,57000,57000,57000,57000,57000,57000,56990,57000,56990,55020,56990,57000,57000,57000,57000
13981142,TeamGroup T-CREATE DDR4-3600 CL18 EXPERT OC10L 패키지 서린,TeamGroup T-CREATE EXPERT OC10L 패키지 서린,DDR4,3600,CL18,64GB(32GX2),64,0,207300,0,0,0,0,208000,208000,0,0,0,0,0,0,0,0,0,0,0,0,0,0,0,0,0,0,0,0,0,0,0
13981142,TeamGroup T-CREATE DDR4-3600 CL18 EXPERT OC10L 패키지 서린,TeamGroup T-CREATE EXPERT OC10L 패키지 서린,DDR4,3600,CL18,32GB(16GX2),32,0,97700,0,0,0,0,97990,97990,0,0,0,0,0,0,0,0,0,0,0,0,0,0,0,0,0,0,0,0,0,0,0
13981142,TeamGroup T-CREATE DDR4-3600 CL18 EXPERT OC10L 패키지 서린,TeamGroup T-CREATE EXPERT OC10L 패키지 서린,DDR4,3600,CL18,16GB(8GX2),16,0,56900,0,0,0,0,57000,57000,0,0,0,0,0,0,0,0,0,0,0,0,0,0,0,0,0,0,0,0,0,0,0
13981076,TeamGroup T-CREATE DDR4-3600 CL18 EXPERT OC10L 패키지 서린,TeamGroup T-CREATE EXPERT OC10L 패키지 서린,DDR4,3600,CL18,64GB(32GX2),64,0,0,208000,208000,205300,205300,0,0,0,0,0,0,0,0,0,0,0,0,0,0,0,0,0,0,0,0,0,0,0,0,0
13981076,TeamGroup T-CREATE DDR4-3600 CL18 EXPERT OC10L 패키지 서린,TeamGroup T-CREATE EXPERT OC10L 패키지 서린,DDR4,3600,CL18,32GB(16GX2),32,0,0,97990,97990,96800,96800,0,0,0,0,0,0,0,0,0,0,0,0,0,0,0,0,0,0,0,0,0,0,0,0,0
13981076,TeamGroup T-CREATE DDR4-3600 CL18 EXPERT OC10L 패키지 서린,TeamGroup T-CREATE EXPERT OC10L 패키지 서린,DDR4,3600,CL18,16GB(8GX2),16,0,0,57000,57000,56300,56300,0,0,0,0,0,0,0,0,0,0,0,0,0,0,0,0,0,0,0,0,0,0,0,0,0
19566122,TeamGroup T-CREATE DDR5-5600 CL46 CLASSIC 패키지 서린,TeamGroup T-CREATE CLASSIC 패키지 서린,DDR5,5600,CL46,64GB(32GX2),64,289000,288000,290000,290000,286300,286300,287990,290000,290000,290000,280140,280140,288000,290000,289990,287990,290000,289990,288000,288000,290000,289990,289910,289990,289990,280140,287990,287990,287990,287990,287990
19566122,TeamGroup T-CREATE DDR5-5600 CL46 CLASSIC 패키지 서린,TeamGroup T-CREATE CLASSIC 패키지 서린,DDR5,5600,CL46,32GB(16GX2),32,143600,142000,144000,144000,142000,142000,142000,142000,144000,144000,139120,139120,142000,144000,144000,142000,144000,144000,142000,142000,144000,144000,143990,144000,143990,139130,142000,144000,143990,144000,142000
19567628,TeamGroup T-CREATE DDR5-6000 CL48 CLASSIC 패키지 서린,TeamGroup T-CREATE CLASSIC 패키지 서린,DDR5,6000,CL48,64GB(32GX2),64,299000,299000,300000,300000,296100,0,300000,300000,300000,0,0,0,0,0,0,0,0,0,0,0,0,300000,299990,300000,299990,289800,299990,300000,0,0,300000
19567628,TeamGroup T-CREATE DDR5-6000 CL48 CLASSIC 패키지 서린,TeamGroup T-CREATE CLASSIC 패키지 서린,DDR5,6000,CL48,32GB(16X2),32,149500,149500,149890,149890,148100,0,149880,149890,149890,0,0,0,0,0,0,0,0,0,0,0,0,149890,149880,149890,149880,144900,149880,149890,0,0,149890
19567433,TeamGroup T-CREATE DDR5-6000 CL48 CLASSIC 패키지 서린,TeamGroup T-CREATE CLASSIC 패키지 서린,DDR5,6000,CL48,64GB(32GX2),64,0,0,0,0,0,296100,0,0,0,300000,289800,289800,300000,300000,300000,299990,300000,300000,300000,300000,300000,0,0,0,0,0,0,0,300000,300000,0
19567433,TeamGroup T-CREATE DDR5-6000 CL48 CLASSIC 패키지 서린,TeamGroup T-CREATE CLASSIC 패키지 서린,DDR5,6000,CL48,32GB(16X2),32,0,0,0,0,0,148100,0,0,0,149890,144900,144900,149890,149890,149890,149880,149890,149890,149890,149890,149890,0,0,0,0,0,0,0,149890,149890,0
20547176,TeamGroup T-CREATE DDR5-7200 CL34 EXPERT 패키지 서린,TeamGroup T-CREATE EXPERT 패키지 서린,DDR5,7200,CL34,48GB(24GX2),48,313900,313900,314940,314910,311000,311000,314840,314800,314990,314990,304290,304290,314990,314990,314990,314980,314920,314900,314800,314780,314730,0,0,0,0,0,0,0,314300,0,0
20547176,TeamGroup T-CREATE DDR5-7200 CL34 EXPERT 패키지 서린,TeamGroup T-CREATE EXPERT 패키지 서린,DDR5,7200,CL34,32GB(16GX2),32,219300,219300,219990,219990,217200,217200,219990,219990,219990,219980,212520,212520,219880,219990,219990,219980,219890,219810,219720,219690,219650,0,0,0,0,0,0,0,219210,0,0
31424498,TeamGroup T-CREATE DDR5-7200 CL34 EXPERT 패키지 서린,TeamGroup T-CREATE EXPERT 패키지 서린,DDR5,7200,CL34,48GB(24GX2),48,0,0,0,0,0,0,0,0,0,0,0,0,0,0,0,0,0,0,0,0,0,314650,314540,314480,314470,304290,314430,314390,0,314200,314090
31424498,TeamGroup T-CREATE DDR5-7200 CL34 EXPERT 패키지 서린,TeamGroup T-CREATE EXPERT 패키지 서린,DDR5,7200,CL34,32GB(16GX2),32,0,0,0,0,0,0,0,0,0,0,0,0,0,0,0,0,0,0,0,0,0,219570,219460,219400,219390,212520,219350,219310,0,219190,219180
20547212,TeamGroup T-CREATE DDR5-7200 CL34 EXPERT 화이트 패키지 서린,TeamGroup T-CREATE EXPERT 화이트 패키지 서린,DDR5,7200,CL34,48GB(24GX2),48,313900,313900,314900,314850,311000,311000,314780,314730,314620,314530,304290,304290,314420,314320,314260,314240,0,314040,313920,313840,313810,0,0,0,313550,304290,313510,0,313360,313260,313150
20547212,TeamGroup T-CREATE DDR5-7200 CL34 EXPERT 화이트 패키지 서린,TeamGroup T-CREATE EXPERT 화이트 패키지 서린,DDR5,7200,CL34,32GB(16GX2),32,218230,218140,218120,218070,217200,217200,218000,217960,217860,217770,212520,212520,219990,219990,219990,219980,0,219900,219800,219780,219730,0,0,0,219490,212520,219450,0,219310,219290,219280
31424435,TeamGroup T-CREATE DDR5-7200 CL34 EXPERT 화이트 패키지 서린,TeamGroup T-CREATE EXPERT 화이트 패키지 서린,DDR5,7200,CL34,48GB(24GX2),48,0,0,0,0,0,0,0,0,0,0,0,0,0,0,0,0,0,0,0,0,0,313730,313620,313560,0,0,0,313470,0,0,0
31424435,TeamGroup T-CREATE DDR5-7200 CL34 EXPERT 화이트 패키지 서린,TeamGroup T-CREATE EXPERT 화이트 패키지 서린,DDR5,7200,CL34,32GB(16GX2),32,0,0,0,0,0,0,0,0,0,0,0,0,0,0,0,0,0,0,0,0,0,219650,219540,219500,0,0,0,219410,0,0,0
28806803,TeamGroup T-CREATE 노트북 DDR5-5600 CL46-45-45 CLASSIC 서린,TeamGroup T-CREATE 노트북 -45-45 CLASSIC 서린,DDR5,5600,CL46,32GB,32,126000,126000,126000,0,0,0,0,0,0,0,0,0,0,0,128160,0,0,0,130000,130000,130000,130000,129990,129990,129990,126950,129990,130000,130000,130000,130000
28806803,TeamGroup T-CREATE 노트북 DDR5-5600 CL46-45-45 CLASSIC 서린,TeamGroup T-CREATE 노트북 -45-45 CLASSIC 서린,DDR5,5600,CL46,16GB,16,68990,69000,69000,0,0,0,0,0,0,0,0,0,0,0,68060,0,0,0,68990,68990,69000,68990,68990,68990,68990,67410,68990,69000,69000,69000,69000
28806848,TeamGroup T-CREATE 노트북 DDR5-5600 CL46-45-45 CLASSIC 서린,TeamGroup T-CREATE 노트북 -45-45 CLASSIC 서린,DDR5,5600,CL46,32GB,32,0,0,0,130000,129700,129700,129990,130000,130000,130000,126950,126950,130000,130000,0,129990,129990,130000,0,0,0,0,0,0,0,0,0,0,0,0,0
28806848,TeamGroup T-CREATE 노트북 DDR5-5600 CL46-45-45 CLASSIC 서린,TeamGroup T-CREATE 노트북 -45-45 CLASSIC 서린,DDR5,5600,CL46,16GB,16,0,0,0,69000,68900,68900,68990,69000,69000,69000,68060,68060,68990,68990,0,68990,68990,68990,0,0,0,0,0,0,0,0,0,0,0,0,0
10419321,TeamGroup T-Force DDR4-3200 CL14 XTREEM ARGB 패키지 서린,TeamGroup T-Force XTREEM ARGB 패키지 서린,DDR4,3200,CL14,32GB(16GX2),32,279000,279000,280000,280000,276400,276400,280000,280000,280000,280000,276400,276400,280000,280000,280000,279990,0,280000,280000,280000,279990,279990,279990,280000,279990,279990,279990,280000,280000,280000,280000
10419321,TeamGroup T-Force DDR4-3200 CL14 XTREEM ARGB 패키지 서린,TeamGroup T-Force XTREEM ARGB 패키지 서린,DDR4,3200,CL14,16GB(8GX2),16,167670,167670,167670,167670,167670,167670,167670,167670,167670,167670,167670,167670,167670,167670,167670,167670,0,167670,167670,167670,167670,167670,167670,167670,167670,167670,167670,167670,167670,167670,167670
6935809,TeamGroup T-Force DDR4-3200 CL16 Delta RGB 패키지,TeamGroup T-Force Delta RGB 패키지,DDR4,3200,CL16,32GB(16GX2),32,114500,0,0,0,0,0,0,0,0,0,0,0,0,0,0,0,0,0,0,0,0,0,0,0,0,0,0,0,0,0,0
6935809,TeamGroup T-Force DDR4-3200 CL16 Delta RGB 패키지,TeamGroup T-Force Delta RGB 패키지,DDR4,3200,CL16,16GB(8GX2),16,64790,0,0,0,0,0,0,0,0,0,0,0,0,0,0,0,0,0,0,0,0,0,0,0,0,0,0,0,0,0,0
6935872,TeamGroup T-Force DDR4-3200 CL16 Delta RGB 패키지,TeamGroup T-Force Delta RGB 패키지,DDR4,3200,CL16,32GB(16GX2),32,0,114500,114800,114780,113400,113400,114720,114650,114540,113070,112970,112900,112900,112890,112860,0,0,112580,112560,112460,112440,112350,112240,112160,112020,111930,111910,111890,111870,111770,110700
6935872,TeamGroup T-Force DDR4-3200 CL16 Delta RGB 패키지,TeamGroup T-Force Delta RGB 패키지,DDR4,3200,CL16,16GB(8GX2),16,0,64790,64770,64790,64790,64790,64790,64790,64790,64780,64690,64600,64510,64490,64380,0,0,62270,62270,62270,62270,62270,62270,62270,62230,62230,62270,62270,62270,62270,62270
7320400,TeamGroup T-Force DDR4-3200 CL16 Delta RGB 패키지 서린,TeamGroup T-Force Delta RGB 패키지 서린,DDR4,3200,CL16,64GB(32GX2),64,234200,234200,235000,235000,232000,232000,235000,235000,235000,235000,232000,232000,234990,235000,235000,234990,235000,235000,235000,235000,234990,235000,234990,235000,234990,234990,234990,0,0,0,0
7320400,TeamGroup T-Force DDR4-3200 CL16 Delta RGB 패키지 서린,TeamGroup T-Force Delta RGB 패키지 서린,DDR4,3200,CL16,32GB(16GX2),32,116250,116250,116250,116250,116250,115400,115400,115402,121252,121252,121252,121252,122502,122502,122502,122502,122502,122502,122502,122502,123752,123752,123752,123752,123752,123752,123752,0,0,0,0
7320400,TeamGroup T-Force DDR4-3200 CL16 Delta RGB 패키지 서린,TeamGroup T-Force Delta RGB 패키지 서린,DDR4,3200,CL16,16GB(8GX2),16,63247,63247,63247,63247,63247,62567,62567,62567,65967,65960,65730,65730,66648,66640,66630,66600,66520,66420,66310,66230,66150,66070,65920,65920,65920,65730,65920,0,0,0,0
7320805,TeamGroup T-Force DDR4-3200 CL16 Delta RGB 패키지 서린,TeamGroup T-Force Delta RGB 패키지 서린,DDR4,3200,CL16,64GB(32GX2),64,0,0,0,0,0,0,0,0,0,0,0,0,0,0,0,0,0,0,0,0,0,0,0,0,0,0,0,235000,235000,235000,235000
7320805,TeamGroup T-Force DDR4-3200 CL16 Delta RGB 패키지 서린,TeamGroup T-Force Delta RGB 패키지 서린,DDR4,3200,CL16,32GB(16GX2),32,0,0,0,0,0,0,0,0,0,0,0,0,0,0,0,0,0,0,0,0,0,0,0,0,0,0,0,123752,123752,123752,123752
7320805,TeamGroup T-Force DDR4-3200 CL16 Delta RGB 패키지 서린,TeamGroup T-Force Delta RGB 패키지 서린,DDR4,3200,CL16,16GB(8GX2),16,0,0,0,0,0,0,0,0,0,0,0,0,0,0,0,0,0,0,0,0,0,0,0,0,0,0,0,65920,65930,65830,65730
6935896,TeamGroup T-Force DDR4-3200 CL16 Delta RGB 화이트 패키지,TeamGroup T-Force Delta RGB 화이트 패키지,DDR4,3200,CL16,32GB(16GX2),32,114500,114500,0,0,0,0,0,114610,114520,113080,113140,113140,113140,113140,113140,0,0,112950,0,0,112730,112640,112530,112450,112030,111950,111850,111820,111730,111680,111660
6935896,TeamGroup T-Force DDR4-3200 CL16 Delta RGB 화이트 패키지,TeamGroup T-Force Delta RGB 화이트 패키지,DDR4,3200,CL16,16GB(8GX2),16,64790,64790,0,0,0,0,0,64790,64790,64790,64790,64790,64790,64790,64790,0,0,62280,0,0,62280,62280,62210,62270,62160,62270,62270,62270,62270,62270,62270
6935857,TeamGroup T-Force DDR4-3200 CL16 Delta RGB 화이트 패키지,TeamGroup T-Force Delta RGB 화이트 패키지,DDR4,3200,CL16,32GB(16GX2),32,0,0,114800,114720,113400,113400,114680,0,0,0,0,0,0,0,0,0,0,0,112850,112830,0,0,0,0,0,0,0,0,0,0,0
6935857,TeamGroup T-Force DDR4-3200 CL16 Delta RGB 화이트 패키지,TeamGroup T-Force Delta RGB 화이트 패키지,DDR4,3200,CL16,16GB(8GX2),16,0,0,64790,64790,64790,64790,64790,0,0,0,0,0,0,0,0,0,0,0,62280,62280,0,0,0,0,0,0,0,0,0,0,0
11380485,TeamGroup T-Force DDR4-3200 CL16 Delta RGB 화이트 패키지 서린,TeamGroup T-Force Delta RGB 화이트 패키지 서린,DDR4,3200,CL16,64GB(32GX2),64,234200,0,0,0,0,0,0,0,0,0,0,0,0,0,0,0,0,0,0,0,0,0,0,0,0,0,0,0,0,0,0
11380485,TeamGroup T-Force DDR4-3200 CL16 Delta RGB 화이트 패키지 서린,TeamGroup T-Force Delta RGB 화이트 패키지 서린,DDR4,3200,CL16,32GB(16GX2),32,125000,0,0,0,0,0,0,0,0,0,0,0,0,0,0,0,0,0,0,0,0,0,0,0,0,0,0,0,0,0,0
11380485,TeamGroup T-Force DDR4-3200 CL16 Delta RGB 화이트 패키지 서린,TeamGroup T-Force Delta RGB 화이트 패키지 서린,DDR4,3200,CL16,16GB(8GX2),16,63247,0,0,0,0,0,0,0,0,0,0,0,0,0,0,0,0,0,0,0,0,0,0,0,0,0,0,0,0,0,0
7320475,TeamGroup T-Force DDR4-3200 CL16 Delta RGB 화이트 패키지 서린,TeamGroup T-Force Delta RGB 화이트 패키지 서린,DDR4,3200,CL16,64GB(32GX2),64,0,234200,235000,235000,232000,232000,235000,235000,235000,235000,232000,232000,235000,235000,235000,234990,235000,235000,235000,235000,235000,235000,234990,235000,234990,234990,234990,235000,235000,235000,235000
7320475,TeamGroup T-Force DDR4-3200 CL16 Delta RGB 화이트 패키지 서린,TeamGroup T-Force Delta RGB 화이트 패키지 서린,DDR4,3200,CL16,32GB(16GX2),32,0,125000,125000,125000,125000,125000,125000,125000,125000,125000,125000,125000,125000,125000,125000,125000,125000,125000,125000,125000,125000,125000,125000,125000,125000,125000,125000,125000,125000,125000,125000
7320475,TeamGroup T-Force DDR4-3200 CL16 Delta RGB 화이트 패키지 서린,TeamGroup T-Force Delta RGB 화이트 패키지 서린,DDR4,3200,CL16,16GB(8GX2),16,0,63247,63247,63247,63247,62567,62567,62567,65967,65967,65730,65730,66648,66640,66640,66630,66550,66160,66160,66160,66150,67300,67210,67320,67230,65730,67140,67120,67100,67000,66890
7824628,TeamGroup T-Force DDR4-3200 CL16 Delta TUF Gaming RGB 패키지,TeamGroup T-Force Delta TUF Gaming RGB 패키지,DDR4,3200,CL16,32GB(16GX2),32,258300,258300,258300,258300,258300,258300,258300,258300,258300,258300,0,0,0,0,0,0,0,0,0,0,0,0,0,0,0,0,0,0,0,0,0
7824628,TeamGroup T-Force DDR4-3200 CL16 Delta TUF Gaming RGB 패키지,TeamGroup T-Force Delta TUF Gaming RGB 패키지,DDR4,3200,CL16,16GB(8GX2),16,80490,80490,80490,80490,80490,80490,80490,80490,77850,77850,0,0,0,0,0,0,0,0,0,0,0,0,0,0,0,0,0,0,0,0,0
7323604,TeamGroup T-Force DDR4-3200 CL16 Delta TUF Gaming RGB 패키지 서린,TeamGroup T-Force Delta TUF Gaming RGB 패키지 서린,DDR4,3200,CL16,32GB(16GX2),32,113190,113190,113190,113190,109000,109000,109000,109000,109000,109000,110300,110300,110300,110300,110300,0,0,110300,110300,110300,110300,110300,110300,110300,110300,110300,110300,110300,110300,110300,110300
7323604,TeamGroup T-Force DDR4-3200 CL16 Delta TUF Gaming RGB 패키지 서린,TeamGroup T-Force Delta TUF Gaming RGB 패키지 서린,DDR4,3200,CL16,16GB(8GX2),16,69800,69800,69920,69870,69100,69100,69800,69750,69970,69970,67620,67620,69990,69990,69990,0,0,69850,69760,69730,69700,69640,69590,69540,69510,67700,69450,69440,69420,69320,69210
11576393,TeamGroup T-Force DDR4-3200 CL16 Vulcan Z Gray,TeamGroup T-Force Vulcan Z Gray,DDR4,3200,CL16,32GB,32,147980,147900,147820,147720,147600,147510,147510,142630,147510,147990,147990,147990,147990,147990,147990,0,0,147900,147800,147780,147720,148000,147920,147870,147860,147850,0,147810,147740,147720,147710
11576393,TeamGroup T-Force DDR4-3200 CL16 Vulcan Z Gray,TeamGroup T-Force Vulcan Z Gray,DDR4,3200,CL16,16GB,16,153230,153230,153230,153230,153230,153230,153230,153230,153230,153230,153230,153230,153230,153230,153230,0,0,153230,153230,153230,153230,153230,153230,153230,153230,153230,0,153230,153230,153230,153230
11576393,TeamGroup T-Force DDR4-3200 CL16 Vulcan Z Gray,TeamGroup T-Force Vulcan Z Gray,DDR4,3200,CL16,8GB,8,41890,41810,41790,41700,41610,41590,41510,41510,41670,41670,41900,41900,41900,41900,41900,0,0,41690,41590,41570,41470,41900,41900,41900,41900,41900,0,41900,41900,41900,41900
10421118,TeamGroup T-Force DDR4-3200 CL16 Vulcan Z Gray,TeamGroup T-Force Vulcan Z Gray,DDR4,3200,CL16,32GB,32,0,0,0,0,0,0,0,0,0,0,0,0,0,0,0,0,0,0,0,0,0,0,0,0,0,0,147830,0,0,0,0
10421118,TeamGroup T-Force DDR4-3200 CL16 Vulcan Z Gray,TeamGroup T-Force Vulcan Z Gray,DDR4,3200,CL16,16GB,16,0,0,0,0,0,0,0,0,0,0,0,0,0,0,0,0,0,0,0,0,0,0,0,0,0,0,153230,0,0,0,0
10421118,TeamGroup T-Force DDR4-3200 CL16 Vulcan Z Gray,TeamGroup T-Force Vulcan Z Gray,DDR4,3200,CL16,8GB,8,0,0,0,0,0,0,0,0,0,0,0,0,0,0,0,0,0,0,0,0,0,0,0,0,0,0,41900,0,0,0,0
11576414,TeamGroup T-Force DDR4-3200 CL16 Vulcan Z Red,TeamGroup T-Force Vulcan Z Red,DDR4,3200,CL16,32GB,32,147000,147000,147000,147000,147000,147000,147000,147000,147000,147000,147000,147000,147000,147000,147000,0,0,147000,147000,147000,147000,147000,147000,147000,147000,147000,147000,147000,147000,147000,147000
11576414,TeamGroup T-Force DDR4-3200 CL16 Vulcan Z Red,TeamGroup T-Force Vulcan Z Red,DDR4,3200,CL16,16GB,16,86080,85980,85890,85880,85880,85880,85880,85880,86050,86090,86090,86090,86090,86090,86090,0,0,85920,85900,85800,85780,86100,86020,84990,85920,85870,85840,85810,85790,85690,85580
11576414,TeamGroup T-Force DDR4-3200 CL16 Vulcan Z Red,TeamGroup T-Force Vulcan Z Red,DDR4,3200,CL16,8GB,8,57032,57032,57800,57032,57800,56419,56419,56419,57800,57800,57800,57800,57800,57800,57800,0,0,57800,57800,57800,57800,57800,57800,57800,57800,57800,57800,57800,57800,57800,57800
13658525,TeamGroup T-Force DDR4-3200 CL16 Vulcan Z Red 패키지,TeamGroup T-Force Vulcan Z Red 패키지,DDR4,3200,CL16,32GB(16GX2),32,148500,148500,148500,148500,148500,148500,148500,144520,0,0,0,0,148500,148500,148500,0,0,148500,148500,148500,148500,0,0,0,0,0,0,0,0,0,0
13658525,TeamGroup T-Force DDR4-3200 CL16 Vulcan Z Red 패키지,TeamGroup T-Force Vulcan Z Red 패키지,DDR4,3200,CL16,16GB(8GX2),16,72300,72000,71990,72300,72300,72300,72300,72000,0,0,0,0,72300,72300,72300,0,0,72300,72300,72300,72300,0,0,0,0,0,0,0,0,0,0
13658552,TeamGroup T-Force DDR4-3200 CL16 Vulcan Z Red 패키지,TeamGroup T-Force Vulcan Z Red 패키지,DDR4,3200,CL16,32GB(16GX2),32,0,0,0,0,0,0,0,0,148500,148500,148500,148500,0,0,0,0,0,0,0,0,0,148500,148500,148500,148500,148500,148500,148500,148500,148500,148500
13658552,TeamGroup T-Force DDR4-3200 CL16 Vulcan Z Red 패키지,TeamGroup T-Force Vulcan Z Red 패키지,DDR4,3200,CL16,16GB(8GX2),16,0,0,0,0,0,0,0,0,71990,72300,72300,72300,0,0,0,0,0,0,0,0,0,72300,72300,72030,72300,72300,72300,72300,72300,72300,72300
13886378,TeamGroup T-Force DDR4-3200 CL16 XTREEM ARGB 패키지,TeamGroup T-Force XTREEM ARGB 패키지,DDR4,3200,CL16,32GB(16GX2),32,143290,143290,143290,143290,143290,143290,143290,143290,143290,143290,143290,143290,143290,143290,143290,0,0,143290,143290,143290,143290,143290,143290,143290,143290,143290,143290,143290,143290,143290,143290
13886378,TeamGroup T-Force DDR4-3200 CL16 XTREEM ARGB 패키지,TeamGroup T-Force XTREEM ARGB 패키지,DDR4,3200,CL16,16GB(8GX2),16,106690,106690,106690,106700,106690,106690,106690,106690,106690,106690,106690,106690,106690,106690,106690,0,0,106690,106690,106690,106690,106690,106690,106690,106690,106690,106690,106690,106690,106700,106700
10419324,TeamGroup T-Force DDR4-3200 CL16 XTREEM ARGB 패키지 서린,TeamGroup T-Force XTREEM ARGB 패키지 서린,DDR4,3200,CL16,64GB(32GX2),64,294000,294000,295000,295000,291200,291200,294990,294990,294990,294990,284970,284970,294990,295000,295000,0,0,295000,295000,295000,295000,295000,295000,295000,295000,284970,295000,295000,295000,295000,295000
10419324,TeamGroup T-Force DDR4-3200 CL16 XTREEM ARGB 패키지 서린,TeamGroup T-Force XTREEM ARGB 패키지 서린,DDR4,3200,CL16,16GB(8GX2),16,123600,123600,124000,124000,122500,122500,124000,124000,124000,124000,119810,119810,124000,124000,124000,0,0,124000,124000,124000,123990,124000,123990,124000,123990,119810,123990,124000,124000,124000,124000
10419324,TeamGroup T-Force DDR4-3200 CL16 XTREEM ARGB 패키지 서린,TeamGroup T-Force XTREEM ARGB 패키지 서린,DDR4,3200,CL16,32GB(16GX2),32,0,0,0,0,0,0,0,0,0,192000,189600,189600,192000,192000,192000,0,0,192000,192000,192000,192000,192000,192000,192000,192000,192000,192000,192000,192000,192000,192000
13886147,TeamGroup T-Force DDR4-3200 CL16 XTREEM ARGB 화이트 패키지,TeamGroup T-Force XTREEM ARGB 화이트 패키지,DDR4,3200,CL16,32GB(16GX2),32,238700,238700,238700,238700,238700,238700,238700,238700,238700,238700,238700,238700,238700,238700,238700,0,0,238700,238700,238700,238700,238700,238700,238700,238700,238700,238700,238700,238700,238700,238700
13886147,TeamGroup T-Force DDR4-3200 CL16 XTREEM ARGB 화이트 패키지,TeamGroup T-Force XTREEM ARGB 화이트 패키지,DDR4,3200,CL16,16GB(8GX2),16,106690,106690,106690,106690,106690,106690,106690,106700,106700,106700,106700,106700,106700,106700,106700,0,0,106700,106700,106700,106700,106700,106700,106700,106700,106700,106700,106700,106700,106700,106700
14534297,TeamGroup T-Force DDR4-3200 CL16 XTREEM ARGB 화이트 패키지 서린,TeamGroup T-Force XTREEM ARGB 화이트 패키지 서린,DDR4,3200,CL16,64GB(32GX2),64,294000,294000,294990,295000,291200,291200,295000,295000,294990,294990,284970,284970,294990,294990,294990,0,0,295000,295000,295000,295000,295000,294990,295000,294990,284970,294990,295000,295000,295000,295000
14534297,TeamGroup T-Force DDR4-3200 CL16 XTREEM ARGB 화이트 패키지 서린,TeamGroup T-Force XTREEM ARGB 화이트 패키지 서린,DDR4,3200,CL16,32GB(16GX2),32,143300,143300,143300,143300,143300,143300,143300,143300,143300,143300,143300,143300,143300,143300,143300,0,0,143300,143300,143300,143300,143300,143300,143300,143300,143300,143300,143300,143300,143300,143300
14534297,TeamGroup T-Force DDR4-3200 CL16 XTREEM ARGB 화이트 패키지 서린,TeamGroup T-Force XTREEM ARGB 화이트 패키지 서린,DDR4,3200,CL16,16GB(8GX2),16,103080,103080,103080,103080,103080,103080,103080,103080,103080,103080,103080,103080,103080,103080,103080,0,0,103080,103080,103080,103080,103080,103080,103080,103080,103080,103080,103080,103080,103080,103080
12775160,TeamGroup T-Force DDR4-3200 CL20 ZEUS,TeamGroup T-Force ZEUS,DDR4,3200,CL20,32GB,32,146130,146130,146130,146130,146130,146130,146130,146130,146130,0,0,0,0,0,0,0,0,0,0,0,0,0,0,0,0,0,0,0,0,0,0
12775160,TeamGroup T-Force DDR4-3200 CL20 ZEUS,TeamGroup T-Force ZEUS,DDR4,3200,CL20,16GB,16,48790,48790,48790,48790,48790,48790,48790,48790,48790,0,0,0,0,0,0,0,0,0,0,0,0,0,0,0,0,0,0,0,0,0,0
12775160,TeamGroup T-Force DDR4-3200 CL20 ZEUS,TeamGroup T-Force ZEUS,DDR4,3200,CL20,8GB,8,24990,25000,25000,25000,25000,25000,25000,25000,24990,0,0,0,0,0,0,0,0,0,0,0,0,0,0,0,0,0,0,0,0,0,0
16876037,TeamGroup T-Force DDR4-3600 CL14 Delta RGB 패키지 서린,TeamGroup T-Force Delta RGB 패키지 서린,DDR4,3600,CL14,32GB(16GX2),32,282000,282000,282000,282000,282000,282000,282000,282000,282000,282000,280640,270000,280500,282000,282000,0,0,282000,282000,282000,282000,282000,282000,282000,282000,282000,282000,282000,282000,282000,282000
16876037,TeamGroup T-Force DDR4-3600 CL14 Delta RGB 패키지 서린,TeamGroup T-Force Delta RGB 패키지 서린,DDR4,3600,CL14,16GB(8GX2),16,207350,207350,207350,207350,207350,207350,207350,207350,207350,207350,207350,207350,207350,207350,207350,0,0,207350,207350,207350,207350,207350,207350,207350,207350,207350,207350,207350,207350,207350,207350
11858860,TeamGroup T-Force DDR4-3600 CL18 Delta RGB 패키지,TeamGroup T-Force Delta RGB 패키지,DDR4,3600,CL18,32GB(16GX2),32,110250,110250,115640,115520,109150,109150,115440,115350,115240,0,0,0,115060,0,0,0,0,110700,110680,110580,110560,110460,110760,110240,109990,109980,109960,109930,109910,0,106950
11858860,TeamGroup T-Force DDR4-3600 CL18 Delta RGB 패키지,TeamGroup T-Force Delta RGB 패키지,DDR4,3600,CL18,16GB(8GX2),16,66080,66080,66080,66080,66060,66060,66080,66080,66080,0,0,0,66080,0,0,0,0,65490,65490,65490,65440,65420,65320,65240,64870,64760,64660,64630,64530,0,64210
11858833,TeamGroup T-Force DDR4-3600 CL18 Delta RGB 패키지,TeamGroup T-Force Delta RGB 패키지,DDR4,3600,CL18,32GB(16GX2),32,0,0,0,0,0,0,0,0,0,115140,109150,109150,0,114630,114530,0,0,0,0,0,0,0,0,0,0,0,0,0,0,109850,0
11858833,TeamGroup T-Force DDR4-3600 CL18 Delta RGB 패키지,TeamGroup T-Force Delta RGB 패키지,DDR4,3600,CL18,16GB(8GX2),16,0,0,0,0,0,0,0,0,0,66080,66060,66060,0,66080,66080,0,0,0,0,0,0,0,0,0,0,0,0,0,0,64460,0
11380332,TeamGroup T-Force DDR4-3600 CL18 Delta RGB 패키지 서린,TeamGroup T-Force Delta RGB 패키지 서린,DDR4,3600,CL18,64GB(32GX2),64,239200,239200,240000,240000,236900,236900,240000,240000,240000,239990,0,0,0,0,0,0,240000,240000,240000,240000,239990,239990,239990,240000,239990,239990,239990,240000,240000,0,0
11380332,TeamGroup T-Force DDR4-3600 CL18 Delta RGB 패키지 서린,TeamGroup T-Force Delta RGB 패키지 서린,DDR4,3600,CL18,32GB(16GX2),32,126000,126000,126000,126000,125990,125990,125910,125910,114130,125910,0,0,0,0,0,0,125970,125990,126000,126000,122000,122000,121990,121990,121990,122000,122000,121800,110000,0,0
11380332,TeamGroup T-Force DDR4-3600 CL18 Delta RGB 패키지 서린,TeamGroup T-Force Delta RGB 패키지 서린,DDR4,3600,CL18,16GB(8GX2),16,68800,68800,69000,69000,68200,68200,69000,69000,68990,68980,0,0,0,0,0,0,68890,68780,68680,68660,68560,68460,68360,68280,68190,68080,67980,67950,67840,0,0
11380119,TeamGroup T-Force DDR4-3600 CL18 Delta RGB 패키지 서린,TeamGroup T-Force Delta RGB 패키지 서린,DDR4,3600,CL18,64GB(32GX2),64,0,0,0,0,0,0,0,0,0,0,236900,236900,240000,239990,240000,239990,0,0,0,0,0,0,0,0,0,0,0,0,0,240000,240000
11380119,TeamGroup T-Force DDR4-3600 CL18 Delta RGB 패키지 서린,TeamGroup T-Force Delta RGB 패키지 서린,DDR4,3600,CL18,32GB(16GX2),32,0,0,0,0,0,0,0,0,0,0,125990,125990,125990,125970,125900,125980,0,0,0,0,0,0,0,0,0,0,0,0,0,110000,110000
11380119,TeamGroup T-Force DDR4-3600 CL18 Delta RGB 패키지 서린,TeamGroup T-Force Delta RGB 패키지 서린,DDR4,3600,CL18,16GB(8GX2),16,0,0,0,0,0,0,0,0,0,0,68200,68200,68900,68800,68730,68980,0,0,0,0,0,0,0,0,0,0,0,0,0,67740,67630
11858869,TeamGroup T-Force DDR4-3600 CL18 Delta RGB 화이트 패키지,TeamGroup T-Force Delta RGB 화이트 패키지,DDR4,3600,CL18,32GB(16GX2),32,111300,111300,115440,115440,0,110300,115440,114650,114630,114530,0,0,0,0,0,0,0,0,0,0,0,0,0,0,0,0,0,0,0,109760,0
11858869,TeamGroup T-Force DDR4-3600 CL18 Delta RGB 화이트 패키지,TeamGroup T-Force Delta RGB 화이트 패키지,DDR4,3600,CL18,16GB(8GX2),16,66210,66210,66210,66210,0,66210,66210,66210,66210,66210,0,0,0,0,0,0,0,0,0,0,0,0,0,0,0,0,0,0,0,64910,0
11858875,TeamGroup T-Force DDR4-3600 CL18 Delta RGB 화이트 패키지,TeamGroup T-Force Delta RGB 화이트 패키지,DDR4,3600,CL18,32GB(16GX2),32,0,0,0,0,110300,0,0,0,0,0,110300,110300,114450,114350,114270,0,0,110690,110600,110500,110480,110380,110300,108400,108390,109920,109900,109880,109860,0,108380
11858875,TeamGroup T-Force DDR4-3600 CL18 Delta RGB 화이트 패키지,TeamGroup T-Force Delta RGB 화이트 패키지,DDR4,3600,CL18,16GB(8GX2),16,0,0,0,0,66210,0,0,0,0,0,66210,66210,66210,66210,66210,0,0,65490,65490,65490,65490,65420,65280,65190,65180,65160,65050,65030,65010,0,64030
11380437,TeamGroup T-Force DDR4-3600 CL18 Delta RGB 화이트 패키지 서린,TeamGroup T-Force Delta RGB 화이트 패키지 서린,DDR4,3600,CL18,64GB(32GX2),64,239200,239200,0,0,0,236900,0,0,0,0,0,0,0,0,0,0,0,0,0,0,0,0,0,0,0,0,0,0,0,0,0
11380437,TeamGroup T-Force DDR4-3600 CL18 Delta RGB 화이트 패키지 서린,TeamGroup T-Force Delta RGB 화이트 패키지 서린,DDR4,3600,CL18,32GB(16GX2),32,127600,126000,0,0,0,125990,0,0,0,0,0,0,0,0,0,0,0,0,0,0,0,0,0,0,0,0,0,0,0,0,0
11380437,TeamGroup T-Force DDR4-3600 CL18 Delta RGB 화이트 패키지 서린,TeamGroup T-Force Delta RGB 화이트 패키지 서린,DDR4,3600,CL18,16GB(8GX2),16,68800,68800,0,0,0,68200,0,0,0,0,0,0,0,0,0,0,0,0,0,0,0,0,0,0,0,0,0,0,0,0,0
11380467,TeamGroup T-Force DDR4-3600 CL18 Delta RGB 화이트 패키지 서린,TeamGroup T-Force Delta RGB 화이트 패키지 서린,DDR4,3600,CL18,64GB(32GX2),64,0,0,240000,240000,236900,0,240000,240000,240000,239990,236900,236900,240000,239990,240000,0,240000,240000,240000,240000,239990,239990,239990,239990,239990,239990,239990,239990,239990,239990,239990
11380467,TeamGroup T-Force DDR4-3600 CL18 Delta RGB 화이트 패키지 서린,TeamGroup T-Force Delta RGB 화이트 패키지 서린,DDR4,3600,CL18,32GB(16GX2),32,0,0,128000,128000,125990,0,125990,126000,127990,128000,123690,123690,125990,125990,124870,0,125990,127990,126000,126000,125990,127990,127690,125760,127840,123690,125990,125990,125990,125990,125990
11380467,TeamGroup T-Force DDR4-3600 CL18 Delta RGB 화이트 패키지 서린,TeamGroup T-Force Delta RGB 화이트 패키지 서린,DDR4,3600,CL18,16GB(8GX2),16,0,0,69000,69000,68200,0,68990,69000,69000,69000,66680,66680,69000,68990,68990,0,68890,68860,68740,68730,68690,68620,68570,68520,68500,66680,68470,68440,68420,68320,68210
13410311,TeamGroup T-Force DDR4-3600 CL18 Delta RGB 화이트 패키지 서린,TeamGroup T-Force Delta RGB 화이트 패키지 서린,DDR4,3600,CL18,64GB(32GX2),64,0,0,0,0,0,0,0,0,0,0,0,0,0,0,0,239990,0,0,0,0,0,0,0,0,0,0,0,0,0,0,0
13410311,TeamGroup T-Force DDR4-3600 CL18 Delta RGB 화이트 패키지 서린,TeamGroup T-Force Delta RGB 화이트 패키지 서린,DDR4,3600,CL18,32GB(16GX2),32,0,0,0,0,0,0,0,0,0,0,0,0,0,0,0,125990,0,0,0,0,0,0,0,0,0,0,0,0,0,0,0
13410311,TeamGroup T-Force DDR4-3600 CL18 Delta RGB 화이트 패키지 서린,TeamGroup T-Force Delta RGB 화이트 패키지 서린,DDR4,3600,CL18,16GB(8GX2),16,0,0,0,0,0,0,0,0,0,0,0,0,0,0,0,68980,0,0,0,0,0,0,0,0,0,0,0,0,0,0,0
13696217,TeamGroup T-Force DDR4-3600 CL18 Vulcan Z Red 패키지,TeamGroup T-Force Vulcan Z Red 패키지,DDR4,3600,CL18,32GB(16GX2),32,148500,148500,148500,148500,148500,148500,148500,144520,148500,148500,148500,148500,148500,148500,148500,0,0,148500,148500,148500,148500,148500,148500,148500,148500,148500,148500,148500,148500,148500,148500
13696217,TeamGroup T-Force DDR4-3600 CL18 Vulcan Z Red 패키지,TeamGroup T-Force Vulcan Z Red 패키지,DDR4,3600,CL18,16GB(8GX2),16,97970,97970,97970,97970,97970,97970,97970,97970,97970,97970,97970,97970,97970,97970,97970,0,0,97970,97970,97970,97970,97970,97970,97970,97970,97970,97970,97970,97970,97970,97970
11462265,TeamGroup T-Force DDR4-3600 CL18 XTREEM ARGB 패키지,TeamGroup T-Force XTREEM ARGB 패키지,DDR4,3600,CL18,32GB(16GX2),32,162400,162400,162400,162400,162390,162390,162390,162390,162390,162390,162390,162390,162390,162390,162390,0,0,162390,162390,0,0,0,0,0,0,0,162390,162390,162390,162390,162390
11462265,TeamGroup T-Force DDR4-3600 CL18 XTREEM ARGB 패키지,TeamGroup T-Force XTREEM ARGB 패키지,DDR4,3600,CL18,16GB(8GX2),16,109240,109240,109240,109240,109200,109180,109180,109180,109240,109240,109240,109240,109240,109240,109240,0,0,109240,109240,0,0,0,0,0,0,0,109240,109240,109240,109250,109250
13886261,TeamGroup T-Force DDR4-3600 CL18 XTREEM ARGB 패키지,TeamGroup T-Force XTREEM ARGB 패키지,DDR4,3600,CL18,32GB(16GX2),32,0,0,0,0,0,0,0,0,0,0,0,0,0,0,0,0,0,0,0,162390,162390,162390,162390,162390,162390,162390,0,0,0,0,0
13886261,TeamGroup T-Force DDR4-3600 CL18 XTREEM ARGB 패키지,TeamGroup T-Force XTREEM ARGB 패키지,DDR4,3600,CL18,16GB(8GX2),16,0,0,0,0,0,0,0,0,0,0,0,0,0,0,0,0,0,0,0,109240,109240,109240,109240,109240,109240,109240,0,0,0,0,0
12362786,TeamGroup T-Force DDR4-3600 CL18 XTREEM ARGB 패키지 서린,TeamGroup T-Force XTREEM ARGB 패키지 서린,DDR4,3600,CL18,64GB(32GX2),64,299000,299000,0,300000,296100,296100,300000,300000,299990,299990,289800,289800,299990,299990,299990,299980,0,299990,299990,299990,299950,299990,299910,299990,299940,289800,299900,299990,299990,300000,300000
12362786,TeamGroup T-Force DDR4-3600 CL18 XTREEM ARGB 패키지 서린,TeamGroup T-Force XTREEM ARGB 패키지 서린,DDR4,3600,CL18,32GB(16GX2),32,189400,189400,0,189980,187600,187600,189910,189830,189990,189990,187600,187600,189990,189990,189990,189980,0,189800,189700,189680,189620,189540,189460,189460,189430,189340,189250,189220,189160,189060,188950
12362786,TeamGroup T-Force DDR4-3600 CL18 XTREEM ARGB 패키지 서린,TeamGroup T-Force XTREEM ARGB 패키지 서린,DDR4,3600,CL18,16GB(8GX2),16,128770,128780,0,128780,128400,128400,128780,128780,128770,128770,125580,125580,128770,128770,128770,128760,0,128780,128780,128780,128770,128780,128770,128770,128770,125580,128770,128770,128770,128770,128770
10419333,TeamGroup T-Force DDR4-3600 CL18 XTREEM ARGB 패키지 서린,TeamGroup T-Force XTREEM ARGB 패키지 서린,DDR4,3600,CL18,64GB(32GX2),64,0,0,300000,0,0,0,0,0,0,0,0,0,0,0,0,0,0,0,0,0,0,0,0,0,0,0,0,0,0,0,0
10419333,TeamGroup T-Force DDR4-3600 CL18 XTREEM ARGB 패키지 서린,TeamGroup T-Force XTREEM ARGB 패키지 서린,DDR4,3600,CL18,32GB(16GX2),32,0,0,189990,0,0,0,0,0,0,0,0,0,0,0,0,0,0,0,0,0,0,0,0,0,0,0,0,0,0,0,0
10419333,TeamGroup T-Force DDR4-3600 CL18 XTREEM ARGB 패키지 서린,TeamGroup T-Force XTREEM ARGB 패키지 서린,DDR4,3600,CL18,16GB(8GX2),16,0,0,128780,0,0,0,0,0,0,0,0,0,0,0,0,0,0,0,0,0,0,0,0,0,0,0,0,0,0,0,0
13885781,TeamGroup T-Force DDR4-3600 CL18 XTREEM ARGB 화이트 패키지,TeamGroup T-Force XTREEM ARGB 화이트 패키지,DDR4,3600,CL18,32GB(16GX2),32,0,292130,0,0,292130,292130,292130,292130,292130,292130,292130,0,0,0,0,0,0,0,292130,292130,0,0,0,0,0,0,0,292130,292130,292130,292130
13885781,TeamGroup T-Force DDR4-3600 CL18 XTREEM ARGB 화이트 패키지,TeamGroup T-Force XTREEM ARGB 화이트 패키지,DDR4,3600,CL18,16GB(8GX2),16,0,198280,0,0,198280,198280,198280,198280,198280,198280,198280,0,0,0,0,0,0,0,198280,198280,0,0,0,0,0,0,0,198280,198280,198280,198280
13460972,TeamGroup T-Force DDR4-3600 CL18 XTREEM ARGB 화이트 패키지 서린,TeamGroup T-Force XTREEM ARGB 화이트 패키지 서린,DDR4,3600,CL18,64GB(32GX2),64,299000,299000,300000,300000,296100,296100,300000,300000,299990,299990,296100,296100,299990,299990,299990,299980,0,299990,299990,299990,299930,299990,299910,299860,299800,299770,299660,299640,299620,299520,299410
13460972,TeamGroup T-Force DDR4-3600 CL18 XTREEM ARGB 화이트 패키지 서린,TeamGroup T-Force XTREEM ARGB 화이트 패키지 서린,DDR4,3600,CL18,32GB(16GX2),32,229840,229840,229840,229840,229840,229840,229840,229840,229840,229840,229840,229840,229840,229840,229840,229840,0,229840,229840,229840,229840,229840,229760,229710,229700,229690,229670,229640,229550,229530,229420
13460972,TeamGroup T-Force DDR4-3600 CL18 XTREEM ARGB 화이트 패키지 서린,TeamGroup T-Force XTREEM ARGB 화이트 패키지 서린,DDR4,3600,CL18,16GB(8GX2),16,162200,155240,162190,162190,162190,162190,162190,162190,162190,162190,162190,156880,162190,162190,162190,162190,0,162190,162190,158510,158510,158510,162190,162190,162130,162110,162000,161980,130000,130000,130000
18134900,TeamGroup T-Force DDR5-5600 CL36 Delta RGB 패키지 서린,TeamGroup T-Force Delta RGB 패키지 서린,DDR5,5600,CL36,64GB(32GX2),64,315000,315000,315000,315000,315000,315000,315000,315000,315000,315000,313010,313010,315000,315000,315000,315000,315000,315000,315000,315000,315000,315000,315000,315000,315000,313010,315000,315000,315000,315000,315000
18134900,TeamGroup T-Force DDR5-5600 CL36 Delta RGB 패키지 서린,TeamGroup T-Force Delta RGB 패키지 서린,DDR5,5600,CL36,32GB(16GX2),32,158390,158390,158390,158390,158390,158390,158390,158390,159140,162950,162950,162950,162950,163490,163490,163480,163450,163500,163490,163490,163490,163490,163440,163490,163450,163480,163480,163450,163450,162950,166310
18134924,TeamGroup T-Force DDR5-5600 CL36 Delta RGB 화이트 패키지 서린,TeamGroup T-Force Delta RGB 화이트 패키지 서린,DDR5,5600,CL36,64GB(32GX2),64,322900,322900,323810,0,319900,319900,323810,0,0,0,313010,313010,323810,323810,323810,0,323810,323810,323810,323810,323810,323810,323800,323810,323800,313010,323800,323810,323810,323810,323810
18134924,TeamGroup T-Force DDR5-5600 CL36 Delta RGB 화이트 패키지 서린,TeamGroup T-Force Delta RGB 화이트 패키지 서린,DDR5,5600,CL36,32GB(16GX2),32,158400,158400,158400,0,158400,158400,158400,0,0,0,162960,162960,164640,164630,164630,0,164630,167480,166000,166000,167480,167480,167470,167480,164430,164430,164430,164430,164430,162000,162000
19552541,TeamGroup T-Force DDR5-5600 CL36 Delta RGB 화이트 패키지 서린,TeamGroup T-Force Delta RGB 화이트 패키지 서린,DDR5,5600,CL36,64GB(32GX2),64,0,0,0,323810,0,0,0,323810,323810,323810,0,0,0,0,0,323800,0,0,0,0,0,0,0,0,0,0,0,0,0,0,0
19552541,TeamGroup T-Force DDR5-5600 CL36 Delta RGB 화이트 패키지 서린,TeamGroup T-Force Delta RGB 화이트 패키지 서린,DDR5,5600,CL36,32GB(16GX2),32,0,0,0,158400,0,0,0,158400,162960,162960,0,0,0,0,0,164630,0,0,0,0,0,0,0,0,0,0,0,0,0,0,0
20547308,TeamGroup T-Force DDR5-5600 CL36 Vulcan Black 패키지 서린,TeamGroup T-Force Vulcan Black 패키지 서린,DDR5,5600,CL36,64GB(32GX2),64,289970,289980,380790,380790,380750,380710,0,0,0,0,0,0,0,0,0,0,0,0,289970,0,0,289970,0,0,0,0,0,0,0,0,0
20547308,TeamGroup T-Force DDR5-5600 CL36 Vulcan Black 패키지 서린,TeamGroup T-Force Vulcan Black 패키지 서린,DDR5,5600,CL36,32GB(16GX2),32,144990,145000,145000,145000,144700,144700,0,0,0,0,0,0,0,0,0,0,0,0,145000,0,0,145000,0,0,0,0,0,0,0,0,0
18613076,TeamGroup T-Force DDR5-5600 CL36 Vulcan Black 패키지 서린,TeamGroup T-Force Vulcan Black 패키지 서린,DDR5,5600,CL36,64GB(32GX2),64,0,0,0,0,0,0,380680,290000,289980,289980,289300,289300,289970,289980,289980,289970,289970,289980,0,289970,289970,0,289970,289970,289970,289970,289970,289970,289970,289970,289970
18613076,TeamGroup T-Force DDR5-5600 CL36 Vulcan Black 패키지 서린,TeamGroup T-Force Vulcan Black 패키지 서린,DDR5,5600,CL36,32GB(16GX2),32,0,0,0,0,0,0,145000,145000,145000,145000,144700,144700,145000,145000,145000,144990,145000,145000,0,145000,144990,0,144990,147400,147400,147400,147400,144990,144990,144990,144990
20547320,TeamGroup T-Force DDR5-5600 CL36 Vulcan Red 패키지,TeamGroup T-Force Vulcan Red 패키지,DDR5,5600,CL36,32GB(16GX2),32,144990,144990,0,0,0,0,0,0,0,145000,144700,144700,144990,145000,145000,144990,0,0,0,0,0,0,0,145000,144990,144990,144990,145000,145000,145000,145000
20547320,TeamGroup T-Force DDR5-5600 CL36 Vulcan Red 패키지,TeamGroup T-Force Vulcan Red 패키지,DDR5,5600,CL36,64GB(32GX2),64,279990,279990,0,0,0,0,0,0,0,280000,279990,279990,279990,279990,280000,280000,0,0,0,0,0,0,0,280000,280000,280000,280000,280000,280000,280000,280000
18613103,TeamGroup T-Force DDR5-5600 CL36 Vulcan Red 패키지,TeamGroup T-Force Vulcan Red 패키지,DDR5,5600,CL36,32GB(16GX2),32,0,0,144990,144990,144700,144700,144990,144990,144990,0,0,0,0,0,0,0,0,145000,145000,145000,144990,145000,144990,0,0,0,0,0,0,0,0
18613103,TeamGroup T-Force DDR5-5600 CL36 Vulcan Red 패키지,TeamGroup T-Force Vulcan Red 패키지,DDR5,5600,CL36,64GB(32GX2),64,0,0,279990,279990,279990,279990,279990,279990,279990,0,0,0,0,0,0,0,0,280000,280000,280000,280000,280000,280000,0,0,0,0,0,0,0,0
29483051,TeamGroup T-Force DDR5-6000 CL38 Delta RGB 패키지,TeamGroup T-Force Delta RGB 패키지,DDR5,6000,CL38,64GB(32GX2),64,318000,318000,320870,320790,315000,315000,320750,320670,320630,320510,315000,315000,320430,320330,320230,0,0,302380,302380,302380,302380,302380,0,0,0,0,0,0,0,0,0
29483051,TeamGroup T-Force DDR5-6000 CL38 Delta RGB 패키지,TeamGroup T-Force Delta RGB 패키지,DDR5,6000,CL38,32GB(16GX2),32,162850,162750,162670,162570,162470,162450,162350,162280,164460,164460,164460,164460,164460,164460,167160,0,0,166970,166870,166850,166750,166660,0,0,0,0,0,0,0,0,0
29482883,TeamGroup T-Force DDR5-6000 CL38 Delta RGB 패키지,TeamGroup T-Force Delta RGB 패키지,DDR5,6000,CL38,64GB(32GX2),64,0,0,0,0,0,0,0,0,0,0,0,0,0,0,0,0,0,0,0,0,0,0,302380,302380,302320,302370,302370,302370,302370,302370,302370
29482883,TeamGroup T-Force DDR5-6000 CL38 Delta RGB 패키지,TeamGroup T-Force Delta RGB 패키지,DDR5,6000,CL38,32GB(16GX2),32,0,0,0,0,0,0,0,0,0,0,0,0,0,0,0,0,0,0,0,0,0,0,165920,165870,164990,164970,164860,164830,164720,164620,161990
16034945,TeamGroup T-Force DDR5-6000 CL38 Delta RGB 패키지 서린,TeamGroup T-Force Delta RGB 패키지 서린,DDR5,6000,CL38,64GB(32GX2),64,335000,335000,335000,335000,335000,335000,335000,335000,335000,335000,334990,334990,334990,334990,335000,335000,334990,334990,335000,335000,334990,335000,334990,334990,334990,334990,334990,334990,334990,317740,312970
16034945,TeamGroup T-Force DDR5-6000 CL38 Delta RGB 패키지 서린,TeamGroup T-Force Delta RGB 패키지 서린,DDR5,6000,CL38,32GB(16GX2),32,164400,164400,164400,164400,164400,164390,164400,164400,168781,168781,168780,168780,168780,168720,168640,168620,168540,168530,168500,168410,167990,167910,167980,167930,167920,167900,167980,167950,164990,164580,164580
29483009,TeamGroup T-Force DDR5-6000 CL38 Delta RGB 화이트 패키지,TeamGroup T-Force Delta RGB 화이트 패키지,DDR5,6000,CL38,64GB(32GX2),64,318000,318000,320950,320950,315000,315000,320950,320950,320920,320830,315000,315000,320740,320640,320540,0,0,302370,302370,302370,302370,302370,302370,302370,0,0,0,0,0,0,302370
29483009,TeamGroup T-Force DDR5-6000 CL38 Delta RGB 화이트 패키지,TeamGroup T-Force Delta RGB 화이트 패키지,DDR5,6000,CL38,32GB(16GX2),32,167500,167500,167750,167650,165900,165900,167570,167490,167410,167310,165900,165900,167230,167160,167160,0,0,166970,166870,166850,166750,166660,165950,165950,0,0,0,0,0,0,161990
29482967,TeamGroup T-Force DDR5-6000 CL38 Delta RGB 화이트 패키지,TeamGroup T-Force Delta RGB 화이트 패키지,DDR5,6000,CL38,64GB(32GX2),64,0,0,0,0,0,0,0,0,0,0,0,0,0,0,0,0,0,0,0,0,0,0,0,0,302370,302370,302370,302370,302370,302370,0
29482967,TeamGroup T-Force DDR5-6000 CL38 Delta RGB 화이트 패키지,TeamGroup T-Force Delta RGB 화이트 패키지,DDR5,6000,CL38,32GB(16GX2),32,0,0,0,0,0,0,0,0,0,0,0,0,0,0,0,0,0,0,0,0,0,0,0,0,165000,165000,165000,165000,165000,165000,0
16443341,TeamGroup T-Force DDR5-6000 CL38 Delta RGB 화이트 패키지 서린,TeamGroup T-Force Delta RGB 화이트 패키지 서린,DDR5,6000,CL38,64GB(32GX2),64,338800,338800,340000,340000,335600,335600,340000,340000,340000,340000,335600,335600,340000,340000,340000,339990,340000,340000,340000,340000,339990,340000,339990,340000,339990,339990,339990,340000,310000,317740,312970
16443341,TeamGroup T-Force DDR5-6000 CL38 Delta RGB 화이트 패키지 서린,TeamGroup T-Force Delta RGB 화이트 패키지 서린,DDR5,6000,CL38,32GB(16GX2),32,164400,164400,164400,164400,164400,164400,164400,164400,168781,168781,168781,168781,170520,170520,170520,170520,170520,170520,170520,170520,168000,166000,168000,172261,172261,172261,172261,172261,165000,164590,164590
18613178,TeamGroup T-Force DDR5-6000 CL38 Vulcan Black 패키지 서린,TeamGroup T-Force Vulcan Black 패키지 서린,DDR5,6000,CL38,64GB(32GX2),64,308000,308000,308000,308000,308000,308000,308000,299990,0,0,0,0,299990,299990,299990,299990,299990,299990,299990,0,299990,299990,299990,299990,299990,0,0,299990,299990,299990,299990
18613178,TeamGroup T-Force DDR5-6000 CL38 Vulcan Black 패키지 서린,TeamGroup T-Force Vulcan Black 패키지 서린,DDR5,6000,CL38,32GB(16GX2),32,157940,157940,157940,157940,157700,157700,157940,157940,0,0,0,0,157940,157950,157950,157940,157950,157950,157950,0,157940,157950,157940,157950,157940,0,0,157950,157950,157950,157950
19553681,TeamGroup T-Force DDR5-6000 CL38 Vulcan Black 패키지 서린,TeamGroup T-Force Vulcan Black 패키지 서린,DDR5,6000,CL38,64GB(32GX2),64,0,0,0,0,0,0,0,0,299990,299990,299300,299300,0,0,0,0,0,0,0,299990,0,0,0,0,0,299990,299990,0,0,0,0
19553681,TeamGroup T-Force DDR5-6000 CL38 Vulcan Black 패키지 서린,TeamGroup T-Force Vulcan Black 패키지 서린,DDR5,6000,CL38,32GB(16GX2),32,0,0,0,0,0,0,0,0,157940,157940,157700,157700,0,0,0,0,0,0,0,157950,0,0,0,0,0,157940,157940,0,0,0,0
18613220,TeamGroup T-Force DDR5-6000 CL38 Vulcan Red 패키지,TeamGroup T-Force Vulcan Red 패키지,DDR5,6000,CL38,64GB(32GX2),64,299990,299990,299990,299990,299300,299300,299990,299990,299990,300000,299300,299300,299990,299990,300000,299990,0,0,0,0,0,0,0,300000,299990,299990,299990,300000,300000,300000,300000
18613220,TeamGroup T-Force DDR5-6000 CL38 Vulcan Red 패키지,TeamGroup T-Force Vulcan Red 패키지,DDR5,6000,CL38,32GB(16GX2),32,157940,157940,157940,157940,157700,157700,157940,157940,157940,157950,157700,157700,157940,157950,157950,157940,0,0,0,0,0,0,0,157940,157940,157940,157940,157940,157940,157940,157940
19553936,TeamGroup T-Force DDR5-6000 CL38 Vulcan Red 패키지,TeamGroup T-Force Vulcan Red 패키지,DDR5,6000,CL38,64GB(32GX2),64,0,0,0,0,0,0,0,0,0,0,0,0,0,0,0,0,0,299990,300000,300000,299990,300000,299990,0,0,0,0,0,0,0,0
19553936,TeamGroup T-Force DDR5-6000 CL38 Vulcan Red 패키지,TeamGroup T-Force Vulcan Red 패키지,DDR5,6000,CL38,32GB(16GX2),32,0,0,0,0,0,0,0,0,0,0,0,0,0,0,0,0,0,157950,157950,157950,157940,157940,157940,0,0,0,0,0,0,0,0
32076167,TeamGroup T-Force DDR5-8000 CL38 Delta RGB 패키지 서린,TeamGroup T-Force Delta RGB 패키지 서린,DDR5,8000,CL38,32GB(16GX2),32,360000,360000,360000,360000,360000,360000,360000,360000,360000,360000,426800,426800,426800,431200,431208,431208,0,0,0,431208,431200,435600,435600,435580,435570,435560,435540,435520,435500,435400,435600
32076167,TeamGroup T-Force DDR5-8000 CL38 Delta RGB 패키지 서린,TeamGroup T-Force Delta RGB 패키지 서린,DDR5,8000,CL38,48GB(24GX2),48,398600,398600,399990,399990,394800,394800,399960,399990,399990,399990,386400,386400,399990,399990,390080,399980,0,0,0,399700,399610,399530,399420,399360,399000,386400,399310,399270,399190,399170,399140
20547275,TeamGroup T-Force DDR5-8000 CL38 Delta RGB 패키지 서린,TeamGroup T-Force Delta RGB 패키지 서린,DDR5,8000,CL38,32GB(16GX2),32,0,0,0,0,0,0,0,0,0,0,0,0,0,0,0,0,0,431208,431208,0,0,0,0,0,0,0,0,0,0,0,0
20547275,TeamGroup T-Force DDR5-8000 CL38 Delta RGB 패키지 서린,TeamGroup T-Force Delta RGB 패키지 서린,DDR5,8000,CL38,48GB(24GX2),48,0,0,0,0,0,0,0,0,0,0,0,0,0,0,0,0,0,399810,399720,0,0,0,0,0,0,0,0,0,0,0,0
54101006,TeamGroup T-Force DDR5-8000 CL38 XTREEM ARGB 패키지 서린,TeamGroup T-Force XTREEM ARGB 패키지 서린,DDR5,8000,CL38,32GB(16GX2),32,0,0,0,0,0,0,0,0,0,0,0,0,0,0,0,0,0,0,0,0,380000,380000,380000,379990,379990,371070,379990,380000,380000,380000,380000
54101006,TeamGroup T-Force DDR5-8000 CL38 XTREEM ARGB 패키지 서린,TeamGroup T-Force XTREEM ARGB 패키지 서린,DDR5,8000,CL38,48GB(24GX2),48,0,0,0,0,0,0,0,0,0,0,0,0,0,0,0,0,0,0,0,0,405000,405000,405000,404990,404990,395540,404990,405000,405000,405000,405000
32076326,TeamGroup T-Force DDR5-8000 CL38 XTREEM 패키지 서린,TeamGroup T-Force XTREEM 패키지 서린,DDR5,8000,CL38,48GB(24GX2),48,379990,380000,380000,380000,379100,379100,379990,380000,380000,380000,371070,371070,375840,375840,375840,375830,375840,375840,375840,375840,375840,375840,375830,375840,375840,371070,375840,375840,375840,375840,375840
32076326,TeamGroup T-Force DDR5-8000 CL38 XTREEM 패키지 서린,TeamGroup T-Force XTREEM 패키지 서린,DDR5,8000,CL38,32GB(16GX2),32,359990,360000,360000,360000,359100,359100,359990,360000,360000,360000,351540,351540,360000,360000,354890,359990,360000,360000,360000,360000,360000,360000,359990,360000,359990,351540,359990,360000,360000,360000,360000
32076365,TeamGroup T-Force DDR5-8000 CL38 XTREEM 패키지 서린,TeamGroup T-Force XTREEM 패키지 서린,DDR5,8000,CL38,48GB(24GX2),48,0,0,0,380000,379100,379100,379990,380000,380000,0,0,0,0,0,0,0,0,0,0,0,0,0,0,375840,375840,0,0,375840,375840,375840,0
32076365,TeamGroup T-Force DDR5-8000 CL38 XTREEM 패키지 서린,TeamGroup T-Force XTREEM 패키지 서린,DDR5,8000,CL38,32GB(16GX2),32,0,0,0,360000,359100,359100,359990,360000,360000,0,0,0,0,0,0,0,0,0,0,0,0,0,0,360000,359990,0,0,360000,360000,360000,0
13979858,TeamGroup T-Force 노트북 DDR4-3200 CL22 ZEUS,TeamGroup T-Force 노트북 ZEUS,DDR4,3200,CL22,32GB,32,98210,98210,98210,98210,98210,98210,0,0,0,98210,0,0,0,98210,98210,0,0,98210,98210,98210,98210,98210,98210,98210,0,98210,98210,98210,0,0,98210
13979858,TeamGroup T-Force 노트북 DDR4-3200 CL22 ZEUS,TeamGroup T-Force 노트북 ZEUS,DDR4,3200,CL22,16GB,16,49710,49710,49710,49710,49710,49710,0,0,0,45000,0,0,0,45000,45000,0,0,45000,45000,45000,45000,45000,45000,45000,0,45000,45000,45000,0,0,45000
13979858,TeamGroup T-Force 노트북 DDR4-3200 CL22 ZEUS,TeamGroup T-Force 노트북 ZEUS,DDR4,3200,CL22,8GB,8,24990,24990,24990,24990,24990,24990,0,0,0,24990,0,0,0,24990,24990,0,0,24990,24990,24990,24990,24990,24990,24990,0,24990,24990,24990,0,0,24990
13965674,TeamGroup T-Force 노트북 DDR4-3200 CL22 ZEUS,TeamGroup T-Force 노트북 ZEUS,DDR4,3200,CL22,32GB,32,0,0,0,0,0,0,98210,98210,98210,0,98210,98210,98210,0,0,0,0,0,0,0,0,0,0,0,0,0,0,0,0,0,0
13965674,TeamGroup T-Force 노트북 DDR4-3200 CL22 ZEUS,TeamGroup T-Force 노트북 ZEUS,DDR4,3200,CL22,16GB,16,0,0,0,0,0,0,49710,49710,45000,0,45000,45000,45000,0,0,0,0,0,0,0,0,0,0,0,0,0,0,0,0,0,0
13965674,TeamGroup T-Force 노트북 DDR4-3200 CL22 ZEUS,TeamGroup T-Force 노트북 ZEUS,DDR4,3200,CL22,8GB,8,0,0,0,0,0,0,24990,24990,24990,0,24990,24990,24990,0,0,0,0,0,0,0,0,0,0,0,0,0,0,0,0,0,0
13965689,TeamGroup T-Force 노트북 DDR4-3200 CL22 ZEUS,TeamGroup T-Force 노트북 ZEUS,DDR4,3200,CL22,32GB,32,0,0,0,0,0,0,0,0,0,0,0,0,0,0,0,0,0,0,0,0,0,0,0,0,98210,0,0,0,98210,98210,0
13965689,TeamGroup T-Force 노트북 DDR4-3200 CL22 ZEUS,TeamGroup T-Force 노트북 ZEUS,DDR4,3200,CL22,16GB,16,0,0,0,0,0,0,0,0,0,0,0,0,0,0,0,0,0,0,0,0,0,0,0,0,45000,0,0,0,45000,45000,0
13965689,TeamGroup T-Force 노트북 DDR4-3200 CL22 ZEUS,TeamGroup T-Force 노트북 ZEUS,DDR4,3200,CL22,8GB,8,0,0,0,0,0,0,0,0,0,0,0,0,0,0,0,0,0,0,0,0,0,0,0,0,24990,0,0,0,24990,24990,0
17712194,TeamGroup T-Force 노트북 DDR4-3200 CL22 ZEUS 해외구매,TeamGroup T-Force 노트북 ZEUS 해외구매,DDR4,3200,CL22,16GB,16,47930,47930,47930,47930,49760,49390,49290,0,0,0,0,0,0,0,0,0,0,0,0,0,0,0,0,0,0,0,0,51080,51080,51080,51080
17712194,TeamGroup T-Force 노트북 DDR4-3200 CL22 ZEUS 해외구매,TeamGroup T-Force 노트북 ZEUS 해외구매,DDR4,3200,CL22,8GB,8,27760,27760,27760,27760,27630,27620,27620,0,0,0,0,0,0,0,0,0,0,0,0,0,0,0,0,0,0,0,0,23170,23170,23170,23170
17712185,TeamGroup T-Force 노트북 DDR4-3200 CL22 ZEUS 해외구매,TeamGroup T-Force 노트북 ZEUS 해외구매,DDR4,3200,CL22,16GB,16,0,0,0,0,0,0,0,47300,47290,47290,48360,48360,48360,48360,50300,0,0,50950,50860,50750,50660,50580,50480,50400,50390,50380,51080,0,0,0,0
17712185,TeamGroup T-Force 노트북 DDR4-3200 CL22 ZEUS 해외구매,TeamGroup T-Force 노트북 ZEUS 해외구매,DDR4,3200,CL22,8GB,8,0,0,0,0,0,0,0,23590,23450,23710,23710,23710,23710,23710,23710,0,0,23710,23710,23710,23710,23170,23170,23170,23170,23170,23170,0,0,0,0
13965620,TeamGroup 노트북 DDR4-2666 CL19 ZEUS,TeamGroup 노트북 ZEUS,DDR4,2666,CL19,16GB,16,40480,40490,40490,40490,40490,40490,40490,40490,40490,40490,40490,40490,40490,40490,40490,40480,40430,40350,40260,40230,40180,40490,40410,40360,40350,40340,40320,40300,40290,40270,40260
13965620,TeamGroup 노트북 DDR4-2666 CL19 ZEUS,TeamGroup 노트북 ZEUS,DDR4,2666,CL19,8GB,8,25220,25220,25220,25220,25220,25220,25220,25220,25220,25220,25220,25220,25220,25220,25220,25220,25220,25220,25220,25220,25220,25220,25220,25220,25220,25220,25220,25220,21000,21000,21000
11419101,TeamGroup 노트북 DDR4-3200 Elite,TeamGroup 노트북 Elite,DDR4,3200,0,16GB,16,0,0,0,41900,0,0,42000,0,42000,0,0,0,0,0,0,0,0,0,0,0,0,0,0,0,0,0,0,0,0,0,0
11419101,TeamGroup 노트북 DDR4-3200 Elite,TeamGroup 노트북 Elite,DDR4,3200,0,8GB,8,0,0,0,21900,0,0,21900,0,21900,0,0,0,0,0,0,0,0,0,0,0,0,0,0,0,0,0,0,0,0,0,0
11419110,TeamGroup 노트북 DDR4-3200 Elite,TeamGroup 노트북 Elite,DDR4,3200,0,16GB,16,0,0,0,0,42000,42000,0,42000,0,42000,42000,42000,42000,42000,42000,0,0,42000,42000,42000,42000,42000,42000,41990,41990,41990,41990,41980,41880,41580,41580
11419110,TeamGroup 노트북 DDR4-3200 Elite,TeamGroup 노트북 Elite,DDR4,3200,0,8GB,8,0,0,0,0,21900,21900,0,21900,0,21900,21900,21900,21900,21900,21900,0,0,21900,21900,21900,21900,21900,21890,21890,21890,21900,21900,21880,21780,21760,21750
16209566,Terabyte Ramonster DDR4-2666 CL19,Terabyte Ramonster,DDR4,2666,CL19,8GB,8,21929,21929,21929,21929,21929,21929,21929,21929,21929,21929,21929,21929,21929,21929,21929,0,0,21929,21929,21929,21929,21929,21929,21929,21929,21929,21929,21929,21929,21929,21929
16209566,Terabyte Ramonster DDR4-2666 CL19,Terabyte Ramonster,DDR4,2666,CL19,4GB,4,50000,50000,50000,50000,50000,50000,50000,50000,50000,50000,50000,50000,50000,50000,50000,0,0,50000,50000,50000,50000,50000,50000,50000,50000,50000,50000,50000,50000,50000,50000
6502718,Terabyte Ramonster DDR4-2666 CL19 BLACK,Terabyte Ramonster BLACK,DDR4,2666,CL19,8GB,8,21000,21000,21000,21000,21000,21000,21000,21000,21000,21000,21000,21000,21000,21000,21000,0,0,20990,20990,20990,20990,20940,20940,20940,20940,20940,20940,20940,20940,20940,20940
6502718,Terabyte Ramonster DDR4-2666 CL19 BLACK,Terabyte Ramonster BLACK,DDR4,2666,CL19,4GB,4,21000,21000,21000,21000,21000,21000,21000,21000,21000,21000,21000,21000,21000,21000,21000,0,0,21000,21000,21000,21000,21000,21000,21000,21000,21000,21000,21000,21000,21000,21000
18274718,Terabyte Ramonster DDR4-3200 CL22,Terabyte Ramonster,DDR4,3200,CL22,32GB,32,90090,90090,90090,90090,90090,90090,0,0,90090,90090,90090,90090,90090,90090,90090,0,0,90090,90090,90090,90090,90090,89100,89100,89100,89100,89100,89100,89100,89100,89100
18274718,Terabyte Ramonster DDR4-3200 CL22,Terabyte Ramonster,DDR4,3200,CL22,16GB,16,32350,32350,32350,32350,32350,32330,0,0,32120,32120,32290,32290,32290,32290,32350,0,0,32350,32350,32350,32350,32350,32300,32270,32250,32220,32110,32080,32000,31980,31520
18274718,Terabyte Ramonster DDR4-3200 CL22,Terabyte Ramonster,DDR4,3200,CL22,8GB,8,20000,19980,19920,19870,19790,19790,0,0,19900,19900,20000,20000,20000,20000,20000,0,0,19960,19940,19840,19820,19760,19650,19600,19590,19580,19560,19480,19470,19450,19440
18274718,Terabyte Ramonster DDR4-3200 CL22,Terabyte Ramonster,DDR4,3200,CL22,4GB,4,50000,50000,50000,50000,50000,50000,0,0,50000,50000,50000,50000,50000,50000,50000,0,0,50000,50000,50000,50000,50000,50000,50000,50000,50000,50000,50000,50000,50000,50000
18274754,Terabyte Ramonster DDR4-3200 CL22,Terabyte Ramonster,DDR4,3200,CL22,32GB,32,0,0,0,0,0,0,90090,90090,0,0,0,0,0,0,0,0,0,0,0,0,0,0,0,0,0,0,0,0,0,0,0
18274754,Terabyte Ramonster DDR4-3200 CL22,Terabyte Ramonster,DDR4,3200,CL22,16GB,16,0,0,0,0,0,0,32220,32170,0,0,0,0,0,0,0,0,0,0,0,0,0,0,0,0,0,0,0,0,0,0,0
18274754,Terabyte Ramonster DDR4-3200 CL22,Terabyte Ramonster,DDR4,3200,CL22,8GB,8,0,0,0,0,0,0,19790,19790,0,0,0,0,0,0,0,0,0,0,0,0,0,0,0,0,0,0,0,0,0,0,0
18274754,Terabyte Ramonster DDR4-3200 CL22,Terabyte Ramonster,DDR4,3200,CL22,4GB,4,0,0,0,0,0,0,50000,50000,0,0,0,0,0,0,0,0,0,0,0,0,0,0,0,0,0,0,0,0,0,0,0
11055783,Terabyte Ramonster DDR4-3200 CL22 BLACK,Terabyte Ramonster BLACK,DDR4,3200,CL22,16GB,16,38900,38900,38900,38900,38900,38900,38900,0,0,0,0,0,0,0,0,0,0,0,0,0,0,0,38900,38900,38900,38900,38900,38900,38900,38900,38900
11055783,Terabyte Ramonster DDR4-3200 CL22 BLACK,Terabyte Ramonster BLACK,DDR4,3200,CL22,8GB,8,22790,22790,22790,22790,22790,22790,22790,0,0,0,0,0,0,0,0,0,0,0,0,0,0,0,22550,22550,22550,22550,22550,22550,22550,22550,22550
10558731,Terabyte Ramonster DDR4-3200 CL22 BLACK,Terabyte Ramonster BLACK,DDR4,3200,CL22,16GB,16,0,0,0,0,0,0,0,38900,38900,38900,38900,38900,38900,38900,0,0,0,0,38900,0,0,38900,0,0,0,0,0,0,0,0,0
10558731,Terabyte Ramonster DDR4-3200 CL22 BLACK,Terabyte Ramonster BLACK,DDR4,3200,CL22,8GB,8,0,0,0,0,0,0,0,22790,22790,22790,22790,22790,22590,22590,0,0,0,0,22590,0,0,22550,0,0,0,0,0,0,0,0,0
7643122,Terabyte Ramonster 노트북 DDR4-2666 CL19,Terabyte Ramonster 노트북,DDR4,2666,CL19,8GB,8,34000,34000,34000,34000,34000,34000,34000,34000,34000,34000,34000,34000,34000,34000,34000,0,0,34000,34000,34000,34000,34000,34000,34000,34000,34000,34000,34000,34000,34000,34000
7643122,Terabyte Ramonster 노트북 DDR4-2666 CL19,Terabyte Ramonster 노트북,DDR4,2666,CL19,4GB,4,29000,29000,29000,29000,29000,29000,29000,29000,29000,29000,29000,29000,29000,29000,29000,0,0,29000,29000,29000,29000,29000,29000,29000,29000,29000,29000,29000,29000,29000,29000
18273281,Terabyte Ramonster 노트북 DDR4-3200 CL22,Terabyte Ramonster 노트북,DDR4,3200,CL22,16GB,16,38110,38090,38110,38090,37970,37700,37590,37520,37430,37410,37330,37310,37210,37170,37090,0,0,38320,38320,38320,0,0,0,37620,37610,0,37520,40650,40650,0,0
18273281,Terabyte Ramonster 노트북 DDR4-3200 CL22,Terabyte Ramonster 노트북,DDR4,3200,CL22,8GB,8,21190,21190,21190,21190,21160,21040,20940,20910,21020,21020,21130,21130,21130,21040,20960,0,0,20770,20680,20650,0,0,0,20360,20350,0,20320,20300,20270,0,0
18273281,Terabyte Ramonster 노트북 DDR4-3200 CL22,Terabyte Ramonster 노트북,DDR4,3200,CL22,4GB,4,50000,50000,50000,50000,50000,50000,50000,50000,50000,50000,50000,50000,50000,50000,50000,0,0,50000,50000,50000,0,0,0,50000,50000,0,50000,50000,50000,0,0
18273290,Terabyte Ramonster 노트북 DDR4-3200 CL22,Terabyte Ramonster 노트북,DDR4,3200,CL22,8GB,8,0,0,0,0,0,0,0,0,0,0,0,0,0,0,0,0,0,0,0,0,20610,20530,20410,0,0,20340,0,0,0,20250,20240
18273290,Terabyte Ramonster 노트북 DDR4-3200 CL22,Terabyte Ramonster 노트북,DDR4,3200,CL22,4GB,4,0,0,0,0,0,0,0,0,0,0,0,0,0,0,0,0,0,0,0,0,50000,50000,50000,0,0,50000,0,0,0,50000,50000
18273290,Terabyte Ramonster 노트북 DDR4-3200 CL22,Terabyte Ramonster 노트북,DDR4,3200,CL22,16GB,16,0,0,0,0,0,0,0,0,0,0,0,0,0,0,0,0,0,0,0,0,0,0,38110,0,0,37540,0,0,0,46670,51020
5850669,마이크론 Crucial DDR3-1600 중고,마이크론 Crucial 중고,DDR3,1600,0,8GB,8,12560,12560,12560,12560,0,0,0,12560,12560,12560,12560,12560,12560,12560,12560,0,0,12560,12560,12560,12560,12560,12420,12420,12420,12420,12420,12420,12420,12420,12420
5850669,마이크론 Crucial DDR3-1600 중고,마이크론 Crucial 중고,DDR3,1600,0,4GB,4,8000,8000,8000,8000,0,0,0,8000,8000,8000,8000,8000,8000,8000,8000,0,0,8000,8000,8000,8000,8000,8000,8000,8000,8000,8000,8000,8000,8000,8000
5850743,마이크론 Crucial DDR3-1600 중고,마이크론 Crucial 중고,DDR3,1600,0,8GB,8,0,0,0,0,12560,12560,12560,0,0,0,0,0,0,0,0,0,0,0,0,0,0,0,0,0,0,0,0,0,0,0,0
5850743,마이크론 Crucial DDR3-1600 중고,마이크론 Crucial 중고,DDR3,1600,0,4GB,4,0,0,0,0,8000,8000,8000,0,0,0,0,0,0,0,0,0,0,0,0,0,0,0,0,0,0,0,0,0,0,0,0
10294092,마이크론 Crucial DDR4-3200 CL22,마이크론 Crucial,DDR4,3200,CL22,32GB,32,81850,79820,81790,83040,82970,82165,82080,81980,81880,81690,80160,80160,83090,83090,83090,83090,83090,83090,83090,83040,82910,82890,82690,82460,82320,82300,82220,81980,81790,0,81500
10294092,마이크론 Crucial DDR4-3200 CL22,마이크론 Crucial,DDR4,3200,CL22,16GB,16,39680,41850,41830,41250,41250,41250,41940,41890,41800,41760,41250,41250,42550,42460,41840,41800,41690,41200,41200,41620,41510,41340,41240,41240,41240,41240,41240,41240,41240,0,41240
10294092,마이크론 Crucial DDR4-3200 CL22,마이크론 Crucial,DDR4,3200,CL22,8GB,8,21720,21710,21710,21710,22040,21940,21840,21780,21730,21710,21000,21000,21860,21850,21850,21840,21750,20800,20800,21380,21370,21370,21320,21250,20840,20840,20840,20790,22230,0,21330
10294017,마이크론 Crucial DDR4-3200 CL22,마이크론 Crucial,DDR4,3200,CL22,32GB,32,0,0,0,0,0,0,0,0,0,0,0,0,0,0,0,0,0,0,0,0,0,0,0,0,0,0,0,0,0,81690,0
10294017,마이크론 Crucial DDR4-3200 CL22,마이크론 Crucial,DDR4,3200,CL22,16GB,16,0,0,0,0,0,0,0,0,0,0,0,0,0,0,0,0,0,0,0,0,0,0,0,0,0,0,0,0,0,41240,0
10294017,마이크론 Crucial DDR4-3200 CL22,마이크론 Crucial,DDR4,3200,CL22,8GB,8,0,0,0,0,0,0,0,0,0,0,0,0,0,0,0,0,0,0,0,0,0,0,0,0,0,0,0,0,0,21380,0
20369102,마이크론 Crucial DDR4-3200 CL22 대원씨티에스,마이크론 Crucial 대원씨티에스,DDR4,3200,CL22,16GB,16,42680,42680,42680,42680,42600,42600,42600,42600,42600,42600,42680,42680,42680,42680,42680,42680,42680,42680,42680,42680,42680,42680,42680,42680,42680,42680,42680,42680,42680,42680,42680
20369102,마이크론 Crucial DDR4-3200 CL22 대원씨티에스,마이크론 Crucial 대원씨티에스,DDR4,3200,CL22,8GB,8,21480,21480,21480,21480,21480,21480,21480,21500,21500,21490,21490,21490,21490,21490,21480,21480,21470,21450,21450,21450,21450,21400,21400,21400,21400,21400,21400,21400,21400,21400,21400
15879230,마이크론 Crucial DDR5-4800 CL40,마이크론 Crucial,DDR5,4800,CL40,32GB,32,113040,112980,112720,112530,112510,112430,112320,112190,112180,111790,111620,111600,111400,111130,111000,110870,110730,110460,110460,110340,110340,110340,110520,110330,115220,115220,115220,115220,115220,115220,115220
15879230,마이크론 Crucial DDR5-4800 CL40,마이크론 Crucial,DDR5,4800,CL40,16GB,16,55930,55740,55660,55560,55560,55560,55560,55560,55870,55870,55940,55940,55940,55940,55940,55930,55830,55730,55710,55610,55590,55520,55410,55370,55350,55320,55210,55190,55170,55070,54960
15879230,마이크론 Crucial DDR5-4800 CL40,마이크론 Crucial,DDR5,4800,CL40,8GB,8,33500,33500,33500,33500,33500,33500,33500,33500,31900,31900,31900,31900,31900,31900,31900,29900,29900,33500,33500,33500,33500,33500,33500,33500,33500,33500,33500,33500,33500,33500,33500
18486497,마이크론 Crucial DDR5-5600 CL46,마이크론 Crucial,DDR5,5600,CL46,32GB,32,116260,116260,116260,0,0,0,0,0,114790,114610,111600,111590,111590,116260,110890,0,0,110600,110600,104990,104990,104990,104990,116260,110600,110600,110600,110590,110730,0,0
18486497,마이크론 Crucial DDR5-5600 CL46,마이크론 Crucial,DDR5,5600,CL46,16GB,16,55260,55260,55260,0,0,0,0,0,55110,54990,56180,56180,56130,56000,54200,0,0,54200,54200,54920,54790,54650,54630,54460,52500,52500,52500,52620,52490,0,0
18486497,마이크론 Crucial DDR5-5600 CL46,마이크론 Crucial,DDR5,5600,CL46,8GB,8,33480,33410,33340,0,0,0,0,0,33380,33390,33570,33570,33570,33570,33570,0,0,33380,33280,33260,33160,33090,32980,32940,32920,32890,32780,32760,32730,0,0
20609090,마이크론 Crucial DDR5-5600 CL46,마이크론 Crucial,DDR5,5600,CL46,32GB,32,0,0,0,110900,110900,110900,115600,114800,0,0,0,0,0,0,0,0,0,0,0,0,0,0,0,0,0,0,0,0,0,116260,116260
20609090,마이크론 Crucial DDR5-5600 CL46,마이크론 Crucial,DDR5,5600,CL46,16GB,16,0,0,0,53900,53900,53900,55270,55240,0,0,0,0,0,0,0,0,0,0,0,0,0,0,0,0,0,0,0,0,0,56570,56570
20609090,마이크론 Crucial DDR5-5600 CL46,마이크론 Crucial,DDR5,5600,CL46,8GB,8,0,0,0,33290,33240,33210,33210,33210,0,0,0,0,0,0,0,0,0,0,0,0,0,0,0,0,0,0,0,0,0,32710,32700
20369066,마이크론 Crucial DDR5-5600 CL46 PRO 패키지 대원씨티에스,마이크론 Crucial PRO 패키지 대원씨티에스,DDR5,5600,CL46,96GB(48GX2),96,370160,370070,370050,369930,369830,369810,369710,369620,369510,369410,370180,370180,370180,370180,370180,370170,370070,369970,369870,369850,369750,369650,369550,369470,369460,369440,369330,369300,369190,369090,368980
20369066,마이크론 Crucial DDR5-5600 CL46 PRO 패키지 대원씨티에스,마이크론 Crucial PRO 패키지 대원씨티에스,DDR5,5600,CL46,64GB(32GX2),64,265320,265240,265150,265040,264920,264820,264720,264710,264600,264520,265330,265330,265330,265330,265240,265180,264930,264910,264810,264790,264710,264690,264590,264510,264500,264490,264470,264440,259310,259290,259280
20369066,마이크론 Crucial DDR5-5600 CL46 PRO 패키지 대원씨티에스,마이크론 Crucial PRO 패키지 대원씨티에스,DDR5,5600,CL46,48GB(24GX2),48,177820,177720,177630,177520,177400,177320,177220,177130,177040,177020,177770,177770,177770,177770,177770,177760,177670,177580,177560,177450,177350,177240,177140,177060,177050,177040,177020,176990,176880,176780,176670
20369066,마이크론 Crucial DDR5-5600 CL46 PRO 패키지 대원씨티에스,마이크론 Crucial PRO 패키지 대원씨티에스,DDR5,5600,CL46,32GB(16GX2),32,126640,126510,126360,126350,126350,126350,126210,126050,125910,127100,126940,126940,126800,126510,126350,126210,126050,125750,125750,125750,125560,125540,125370,125020,124860,124860,124860,124560,126320,126170,124870
20356421,마이크론 Crucial DDR5-5600 CL46 PRO 패키지 아스크텍,마이크론 Crucial PRO 패키지 아스크텍,DDR5,5600,CL46,32GB(16GX2),32,126500,126500,126500,126500,122500,122500,122500,122500,122500,122500,127590,127590,127590,127590,127590,0,0,127380,127280,127260,127160,127070,126870,126830,126800,126750,126720,126680,126600,126580,126570
20356421,마이크론 Crucial DDR5-5600 CL46 PRO 패키지 아스크텍,마이크론 Crucial PRO 패키지 아스크텍,DDR5,5600,CL46,64GB(32GX2),64,265000,265000,265000,265000,265000,265000,265000,265000,265000,265000,265000,265000,265000,265000,265000,0,0,277440,277430,277350,261370,261350,260790,260520,260490,260440,251790,251000,251000,250700,250700
20369126,마이크론 Crucial DDR5-5600 CL46 대원씨티에스,마이크론 Crucial 대원씨티에스,DDR5,5600,CL46,16GB,16,0,0,0,0,0,0,0,0,0,0,0,0,0,0,0,0,55170,54200,54200,55180,55050,55030,54860,54720,52500,52500,52500,52940,52940,52940,52940
20369126,마이크론 Crucial DDR5-5600 CL46 대원씨티에스,마이크론 Crucial 대원씨티에스,DDR5,5600,CL46,8GB,8,0,0,0,0,0,0,0,0,0,0,0,0,0,0,0,0,33600,33600,33600,33590,33590,33590,33590,33590,33590,33590,33590,33590,33490,33490,33490
28329554,마이크론 Crucial DDR5-6000 CL48 PRO 패키지 아스크텍,마이크론 Crucial PRO 패키지 아스크텍,DDR5,6000,CL48,48GB(24GX2),48,186150,185940,185500,185270,185270,185270,185270,185270,185900,185900,186310,186310,186310,186310,186310,0,0,184570,184480,184460,184400,184380,184310,184260,184250,185750,185750,185750,185750,177110,177000
28329554,마이크론 Crucial DDR5-6000 CL48 PRO 패키지 아스크텍,마이크론 Crucial PRO 패키지 아스크텍,DDR5,6000,CL48,32GB(16GX2),32,159770,159750,159670,159580,159480,159900,159900,159900,159900,159900,160290,160290,160290,160290,160290,0,0,160290,160290,160290,160290,160290,160200,160120,160110,160100,160080,160050,159960,152330,152220
10610796,마이크론 Crucial 노트북 DDR4-3200 CL22,마이크론 Crucial 노트북,DDR4,3200,CL22,16GB,16,46900,45760,46850,45550,45550,45550,46890,46820,46770,46760,44500,44500,47420,47320,47250,47240,47170,43900,43900,46370,46310,46290,46220,46070,44400,44400,44400,45040,44560,44560,44560
10610796,마이크론 Crucial 노트북 DDR4-3200 CL22,마이크론 Crucial 노트북,DDR4,3200,CL22,8GB,8,23030,23010,22960,22600,22600,22600,22790,22790,22790,22900,22530,22530,23040,22990,22500,22560,22980,22470,22470,22550,22540,22540,22490,22990,23350,23350,23350,23350,23350,23350,23350
54218165,마이크론 Crucial 노트북 DDR4-3200 CL22 대원씨티에스,마이크론 Crucial 노트북 대원씨티에스,DDR4,3200,CL22,8GB,8,0,0,0,0,0,0,0,0,0,0,0,0,0,0,0,0,0,0,0,0,0,23900,23900,23900,23900,23900,23900,23900,23900,23900,23900
16524281,마이크론 Crucial 노트북 DDR4-3200 CL22 중고,마이크론 Crucial 노트북 중고,DDR4,3200,CL22,8GB,8,23530,23510,23430,0,23230,0,0,0,0,0,0,0,0,0,0,0,0,23870,23850,23750,23730,22450,22430,22350,22340,22320,22210,22180,22090,23980,23760
16524281,마이크론 Crucial 노트북 DDR4-3200 CL22 중고,마이크론 Crucial 노트북 중고,DDR4,3200,CL22,4GB,4,8890,8890,8890,0,8890,0,0,0,0,0,0,0,0,0,0,0,0,8800,8800,8800,8800,8800,8800,8800,8800,8800,8800,8800,8800,8800,8800
16411766,마이크론 Crucial 노트북 DDR4-3200 CL22 중고,마이크론 Crucial 노트북 중고,DDR4,3200,CL22,8GB,8,0,0,0,23340,0,23130,23030,22950,24470,24370,24350,24240,24150,24130,24070,0,0,0,0,0,0,0,0,0,0,0,0,0,0,0,0
16411766,마이크론 Crucial 노트북 DDR4-3200 CL22 중고,마이크론 Crucial 노트북 중고,DDR4,3200,CL22,4GB,4,0,0,0,8890,0,8890,8890,8890,8800,8800,8800,8800,8800,8800,8800,0,0,0,0,0,0,0,0,0,0,0,0,0,0,0,0
17292047,마이크론 Crucial 노트북 DDR4-3200 CL22 해외구매,마이크론 Crucial 노트북 해외구매,DDR4,3200,CL22,16GB,16,87900,87900,90200,90200,90200,90200,90200,90200,90200,90200,0,0,0,0,0,0,0,0,0,0,0,0,0,0,0,0,0,0,0,0,0
17292047,마이크론 Crucial 노트북 DDR4-3200 CL22 해외구매,마이크론 Crucial 노트북 해외구매,DDR4,3200,CL22,8GB,8,72400,72400,72400,72400,72400,72400,72400,72400,72400,72400,0,0,0,0,0,0,0,0,0,0,0,0,0,0,0,0,0,0,0,0,0
17285126,마이크론 Crucial 노트북 DDR5-4800 CL40,마이크론 Crucial 노트북,DDR5,4800,CL40,32GB,32,122570,122500,122210,122060,122060,122050,121930,121790,121780,121360,121180,121160,121080,120800,120660,0,0,120220,120220,120090,120090,120090,120440,120090,119940,119940,119940,119520,119240,119100,118820
17285126,마이크론 Crucial 노트북 DDR5-4800 CL40,마이크론 Crucial 노트북,DDR5,4800,CL40,16GB,16,57630,55720,56490,57010,57010,57010,57010,57010,57320,57320,57640,57640,57640,57640,57640,0,0,57430,57310,57210,57340,57230,57120,57080,57050,57000,56970,56930,56850,56830,56810
17285126,마이크론 Crucial 노트북 DDR5-4800 CL40,마이크론 Crucial 노트북,DDR5,4800,CL40,8GB,8,26040,26040,26040,26040,26040,26040,26040,26040,23000,23000,23000,23000,23000,23000,23000,0,0,23000,23000,23000,23000,23000,23000,23000,23000,23000,23000,23000,23000,23000,23000
18782588,마이크론 DDR4-2133 ECC/REG 중고,마이크론 ECC/REG 중고,DDR4,2133,0,16GB,16,34800,34800,34800,34800,34800,34800,34800,34800,34800,34800,34800,34800,34800,34800,34800,0,0,34800,34800,34800,34800,34800,34800,34800,34800,34800,34800,34800,0,0,34800
18782588,마이크론 DDR4-2133 ECC/REG 중고,마이크론 ECC/REG 중고,DDR4,2133,0,8GB,8,29800,29800,29800,29800,29800,29800,29800,29800,29800,29800,29800,29800,29800,29800,29800,0,0,29800,29800,29800,29800,29800,29800,29800,29800,29800,29800,29800,0,0,29800
33387032,마이크론 DDR4-2133 ECC/REG 중고,마이크론 ECC/REG 중고,DDR4,2133,0,16GB,16,0,0,0,0,0,0,0,0,0,0,0,0,0,0,0,0,0,0,0,0,0,0,0,0,0,0,0,0,34800,34800,0
33387032,마이크론 DDR4-2133 ECC/REG 중고,마이크론 ECC/REG 중고,DDR4,2133,0,8GB,8,0,0,0,0,0,0,0,0,0,0,0,0,0,0,0,0,0,0,0,0,0,0,0,0,0,0,0,0,29800,29800,0
18241526,마이크론 DDR4-3200 CL22 ECC/REG 대원씨티에스,마이크론 ECC/REG 대원씨티에스,DDR4,3200,CL22,64GB,64,187730,187710,187630,187550,187530,187450,188990,188990,188990,188920,188820,188730,188640,188620,188510,0,0,188890,188790,188750,188990,188990,0,0,0,0,0,0,188990,188990,188990
18241526,마이크론 DDR4-3200 CL22 ECC/REG 대원씨티에스,마이크론 ECC/REG 대원씨티에스,DDR4,3200,CL22,32GB,32,92560,92490,92440,92410,92360,92330,92220,92170,92070,92070,92570,92570,92570,92570,92570,0,0,92430,92340,92310,92270,92190,0,0,0,0,0,0,91880,91780,91670
18241616,마이크론 DDR4-3200 CL22 ECC/REG 대원씨티에스,마이크론 ECC/REG 대원씨티에스,DDR4,3200,CL22,64GB,64,0,0,0,0,0,0,0,0,0,0,0,0,0,0,0,0,0,0,0,0,0,0,188990,188990,188990,188990,188970,188990,0,0,0
18241616,마이크론 DDR4-3200 CL22 ECC/REG 대원씨티에스,마이크론 ECC/REG 대원씨티에스,DDR4,3200,CL22,32GB,32,0,0,0,0,0,0,0,0,0,0,0,0,0,0,0,0,0,0,0,0,0,0,92080,92040,92010,91960,91930,91900,0,0,0
5580669,삼성전자 DDR2-667 중고,삼성전자 DDR2-667 중고,0,0,0,2GB,2,3750,3750,3750,3750,3750,3750,3750,3750,3750,3750,3750,3750,3750,0,0,0,0,0,0,0,3750,3750,3750,3750,3750,3750,0,0,0,0,0
5580669,삼성전자 DDR2-667 중고,삼성전자 DDR2-667 중고,0,0,0,1GB,1,1580,1580,1580,1580,1580,1580,1580,1580,1580,1580,1580,1580,1580,0,0,0,0,0,0,0,1580,1800,1800,1800,1800,1800,0,0,0,0,0
5580667,삼성전자 DDR2-667 중고,삼성전자 DDR2-667 중고,0,0,0,2GB,2,0,0,0,0,0,0,0,0,0,0,0,0,0,3750,3750,0,0,3750,3750,3750,0,0,0,0,0,0,3750,3750,3750,3750,3750
5580667,삼성전자 DDR2-667 중고,삼성전자 DDR2-667 중고,0,0,0,1GB,1,0,0,0,0,0,0,0,0,0,0,0,0,0,1580,1580,0,0,1580,1580,1580,0,0,0,0,0,0,1800,1800,1800,1800,1800
744616,삼성전자 DDR2-800 중고,삼성전자 DDR2-800 중고,0,0,0,2GB,2,2290,2290,2290,2290,2290,2290,2290,2290,2290,2290,2290,2290,2290,2290,2290,0,0,2290,2290,2290,2290,2290,2290,2290,2290,2290,2290,2290,2290,2290,2290
744616,삼성전자 DDR2-800 중고,삼성전자 DDR2-800 중고,0,0,0,1GB,1,1500,1520,1520,1520,1520,1520,1520,1520,1550,1550,1550,1550,1550,1550,1550,0,0,1490,1490,1490,1470,1470,1460,1460,1450,1450,1450,1420,1430,1430,1430
5579844,삼성전자 DDR3-1066 중고,삼성전자 중고,DDR3,1066,0,4GB,4,9100,9100,9100,9100,9100,9100,9100,9100,9100,9100,9100,9100,9100,9100,9100,0,0,9100,9100,9100,10340,10340,10340,10340,10340,10340,10340,10340,10340,10340,10340
5579844,삼성전자 DDR3-1066 중고,삼성전자 중고,DDR3,1066,0,2GB,2,1910,1980,1890,1980,1890,1870,1980,1890,1990,1870,1980,1910,1910,1980,1890,0,0,1870,1970,1890,1870,1980,1870,1990,1980,1970,1950,1930,1910,1980,1970
5579844,삼성전자 DDR3-1066 중고,삼성전자 중고,DDR3,1066,0,1GB,1,1500,1500,1500,1500,1500,1500,1500,1500,1500,1500,1500,1500,1500,1500,1500,0,0,1500,1500,1500,1500,1500,1500,1500,1500,1500,1500,1500,1500,1500,1500
5580571,삼성전자 DDR3-1333 ECC/REG LP 중고,삼성전자 ECC/REG LP 중고,DDR3,1333,0,8GB,8,0,0,0,0,0,0,0,0,0,0,0,0,0,0,0,0,0,0,0,0,44300,44300,44300,44300,44300,44300,44300,0,0,0,0
5580571,삼성전자 DDR3-1333 ECC/REG LP 중고,삼성전자 ECC/REG LP 중고,DDR3,1333,0,4GB,4,0,0,0,0,0,0,0,0,0,0,0,0,0,0,0,0,0,0,0,0,16800,16800,16800,16800,16800,16800,16800,0,0,0,0
5441273,삼성전자 DDR3-1333 중고,삼성전자 중고,DDR3,1333,0,8GB,8,22910,22910,22910,22910,22910,22910,22910,22910,22910,22910,22910,22910,22910,22910,22910,0,0,22910,22910,22910,22910,22910,22910,22910,22910,22910,22910,22910,22910,22910,22910
5441273,삼성전자 DDR3-1333 중고,삼성전자 중고,DDR3,1333,0,4GB,4,3550,3540,3530,3520,3520,3520,3520,3520,3540,3440,3470,3470,3480,3470,3460,0,0,3470,3460,3470,3470,3470,3470,3480,3440,3470,3470,3440,3470,3450,3420
5441273,삼성전자 DDR3-1333 중고,삼성전자 중고,DDR3,1333,0,2GB,2,2000,1990,1990,1990,1990,1990,1990,1990,1990,1980,1980,1980,1990,1970,1970,0,0,1980,1970,1980,1980,1980,1980,1990,1980,1970,1970,1990,1970,1980,1970
5441273,삼성전자 DDR3-1333 중고,삼성전자 중고,DDR3,1333,0,1GB,1,1910,1910,1910,1910,1910,1910,1910,1910,1910,1910,1910,1910,1910,1910,1910,0,0,1910,1910,1910,1910,1910,1910,1910,1910,1910,1910,1910,1910,1910,1910
15253352,삼성전자 DDR3-1600 ECC/REG 중고,삼성전자 ECC/REG 중고,DDR3,1600,0,16GB,16,12740,12740,12740,12740,12740,12740,12740,12740,12740,12740,12740,12740,12740,12740,12740,0,0,12740,12740,12740,12740,12740,12600,12600,12600,12600,12600,12600,12600,12600,12600
15253352,삼성전자 DDR3-1600 ECC/REG 중고,삼성전자 ECC/REG 중고,DDR3,1600,0,8GB,8,14500,14500,14500,14500,14500,14500,14500,14500,14500,14500,14500,14500,14500,14500,14500,0,0,14500,14500,14500,14500,14500,14500,14500,14000,14000,14000,14000,14000,14000,14000
15253352,삼성전자 DDR3-1600 ECC/REG 중고,삼성전자 ECC/REG 중고,DDR3,1600,0,4GB,4,5460,5460,5460,5460,5460,5460,5460,5460,5460,5460,5460,5460,5460,5460,5460,0,0,5460,5460,5460,5460,5460,5400,5400,5400,5400,5400,5400,5400,5400,5400
12823325,삼성전자 DDR3-1600 ECC/Unbuffered 중고,삼성전자 ECC/Unbuffered 중고,DDR3,1600,0,8GB,8,31090,31040,31020,30930,30910,30830,30800,30760,30930,30930,31100,31100,31100,31100,31100,0,0,30960,30900,30880,30830,30750,30700,30650,30640,30620,0,30480,30390,30290,30180
12823325,삼성전자 DDR3-1600 ECC/Unbuffered 중고,삼성전자 ECC/Unbuffered 중고,DDR3,1600,0,4GB,4,50000,50000,50000,50000,50000,50000,50000,50000,50000,50000,50000,50000,50000,50000,50000,0,0,50000,50000,50000,50000,50000,50000,50000,50000,50000,0,50000,50000,50000,50000
1772613,삼성전자 DDR3-1600 방열판,삼성전자 방열판,DDR3,1600,0,8GB,8,120430,120430,120430,120430,120430,120430,120430,120430,120430,120430,120430,120430,120430,120430,120430,0,0,120430,120430,120430,120430,120430,120430,120430,120430,0,120430,120430,120430,120430,120430
1772613,삼성전자 DDR3-1600 방열판,삼성전자 방열판,DDR3,1600,0,4GB,4,21000,21000,21000,21000,21000,21000,21000,21000,21000,21000,21000,21000,21000,21000,21000,0,0,21000,21000,21000,21000,21000,21000,21000,21000,0,21000,21000,21000,21000,21000
1772613,삼성전자 DDR3-1600 방열판,삼성전자 방열판,DDR3,1600,0,2GB,2,24700,24700,24700,24700,24700,24700,24700,24700,24700,24700,24700,24700,24700,24700,24700,0,0,24700,24700,24700,24700,24700,24700,24700,24700,0,24700,24700,24700,24700,24700
1577930,삼성전자 DDR3-1600 방열판,삼성전자 방열판,DDR3,1600,0,8GB,8,0,0,0,0,0,0,0,0,0,0,0,0,0,0,0,0,0,0,0,0,0,0,0,0,0,120430,0,0,0,0,0
1577930,삼성전자 DDR3-1600 방열판,삼성전자 방열판,DDR3,1600,0,4GB,4,0,0,0,0,0,0,0,0,0,0,0,0,0,0,0,0,0,0,0,0,0,0,0,0,0,21000,0,0,0,0,0
1577930,삼성전자 DDR3-1600 방열판,삼성전자 방열판,DDR3,1600,0,2GB,2,0,0,0,0,0,0,0,0,0,0,0,0,0,0,0,0,0,0,0,0,0,0,0,0,0,24700,0,0,0,0,0
1792298,삼성전자 DDR3-1600 병행수입,삼성전자 병행수입,DDR3,1600,0,8GB,8,0,0,0,0,0,0,0,0,0,0,0,0,0,0,0,0,0,0,0,0,0,0,0,0,0,0,0,0,14190,14190,14190
1792298,삼성전자 DDR3-1600 병행수입,삼성전자 병행수입,DDR3,1600,0,4GB,4,0,0,0,0,0,0,0,0,0,0,0,0,0,0,0,0,0,0,0,0,0,0,0,0,0,0,0,0,30000,30000,30000
1792298,삼성전자 DDR3-1600 병행수입,삼성전자 병행수입,DDR3,1600,0,2GB,2,0,0,0,0,0,0,0,0,0,0,0,0,0,0,0,0,0,0,0,0,0,0,0,0,0,0,0,0,15000,15000,15000
5549101,삼성전자 DDR3-1600 중고,삼성전자 중고,DDR3,1600,0,8GB,8,10390,10390,10390,10390,10390,10390,10390,10390,10390,10390,10390,11890,11890,11890,11890,11890,11890,11890,11390,11390,11390,11890,11890,11890,11390,11380,11380,11370,11280,10390,10390
5549101,삼성전자 DDR3-1600 중고,삼성전자 중고,DDR3,1600,0,4GB,4,2590,2590,2590,2590,2590,2590,2590,2590,2590,2590,2590,2590,2590,2590,2590,2590,2590,2590,2590,2590,2590,2590,2590,2590,2590,2590,2590,2590,2590,2590,2550
5549101,삼성전자 DDR3-1600 중고,삼성전자 중고,DDR3,1600,0,2GB,2,1500,1500,1500,1500,1500,1500,1500,1500,1500,1500,1500,1500,1500,1500,1500,1500,1500,1500,1500,1500,1500,1500,1500,1500,1500,1500,1500,1500,1500,1500,1500
3201319,삼성전자 DDR4-2133 ECC/REG,삼성전자 ECC/REG,DDR4,2133,0,32GB,32,165490,165490,165490,165490,165490,165490,165490,165490,165490,165490,165490,165490,165490,165490,165490,0,0,165490,165490,165490,165490,165490,165490,165490,165490,165490,165490,165490,165490,165490,165490
3201319,삼성전자 DDR4-2133 ECC/REG,삼성전자 ECC/REG,DDR4,2133,0,16GB,16,145800,145800,145800,145800,145800,145800,145800,145800,145800,145800,145800,145800,145800,145800,145800,0,0,145800,145800,145800,145800,145800,145800,145800,145800,145800,145800,145800,145800,145800,145800
3201319,삼성전자 DDR4-2133 ECC/REG,삼성전자 ECC/REG,DDR4,2133,0,8GB,8,91800,91800,91800,91800,91800,91800,91800,91800,91800,91800,91800,91800,91800,91800,91800,0,0,91800,91800,91800,91800,91800,91800,91800,91800,91800,91800,91800,91800,91800,91800
8165383,삼성전자 DDR4-2133 중고,삼성전자 중고,DDR4,2133,0,16GB,16,43060,0,0,0,42920,42820,42720,0,0,42480,0,0,0,0,0,0,0,0,0,0,0,0,45010,45890,0,0,0,0,0,0,0
8165383,삼성전자 DDR4-2133 중고,삼성전자 중고,DDR4,2133,0,8GB,8,18210,0,0,0,18370,18330,18310,0,0,17990,0,0,0,0,0,0,0,0,0,0,0,0,16960,16750,0,0,0,0,0,0,0
8165383,삼성전자 DDR4-2133 중고,삼성전자 중고,DDR4,2133,0,4GB,4,5190,0,0,0,5190,5180,5190,0,0,5180,0,0,0,0,0,0,0,0,0,0,0,0,5430,5170,0,0,0,0,0,0,0
12823709,삼성전자 DDR4-2133 중고,삼성전자 중고,DDR4,2133,0,16GB,16,0,43170,43110,0,0,0,0,0,0,0,0,0,0,0,0,0,0,0,0,0,0,0,0,0,0,0,0,0,0,44630,0
12823709,삼성전자 DDR4-2133 중고,삼성전자 중고,DDR4,2133,0,8GB,8,0,18380,18270,0,0,0,0,0,0,0,0,0,0,0,0,0,0,0,0,0,0,0,0,0,0,0,0,0,0,16430,0
12823709,삼성전자 DDR4-2133 중고,삼성전자 중고,DDR4,2133,0,4GB,4,0,4990,5200,0,0,0,0,0,0,0,0,0,0,0,0,0,0,0,0,0,0,0,0,0,0,0,0,0,0,5150,0
5676841,삼성전자 DDR4-2133 중고,삼성전자 중고,DDR4,2133,0,16GB,16,0,0,0,43000,0,0,0,42700,42360,0,42600,42600,42600,46710,46610,46510,0,46300,46210,46190,46090,45990,0,0,44930,44850,44830,44750,44730,0,44520
5676841,삼성전자 DDR4-2133 중고,삼성전자 중고,DDR4,2133,0,8GB,8,0,0,0,18230,0,0,0,18310,17990,0,17990,17990,17990,17930,17830,17730,0,17870,17770,17750,17670,17310,0,0,16640,16740,16630,16610,16610,0,16350
5676841,삼성전자 DDR4-2133 중고,삼성전자 중고,DDR4,2133,0,4GB,4,0,0,0,5180,0,0,0,5180,5440,0,5430,5180,5440,5180,5420,5180,0,5180,5420,5190,5400,5180,0,0,5150,5130,5110,5440,5170,0,5130
4343051,삼성전자 DDR4-2400,삼성전자,DDR4,2400,0,16GB,16,34040,34040,34040,44170,44050,43950,43830,43740,43670,0,43910,43910,0,43910,43910,0,0,43800,43700,43680,43580,0,0,0,43310,0,0,0,0,0,43040
4343051,삼성전자 DDR4-2400,삼성전자,DDR4,2400,0,8GB,8,18900,18900,18900,18890,18890,18890,18890,18890,18890,0,18890,18890,0,18890,18890,0,0,18710,18700,18700,18650,0,0,0,18480,0,0,0,0,0,18450
4343051,삼성전자 DDR4-2400,삼성전자,DDR4,2400,0,4GB,4,6300,6300,7410,7410,7410,7410,6300,6300,7410,0,6300,6300,0,7380,6300,0,0,7310,6300,6560,7310,0,0,0,7210,0,0,0,0,0,7170
4519874,삼성전자 DDR4-2400,삼성전자,DDR4,2400,0,16GB,16,0,0,0,0,0,0,0,0,0,43670,0,0,43910,0,0,0,0,0,0,0,0,43500,43480,43400,0,43200,43100,43080,43070,43050,0
4519874,삼성전자 DDR4-2400,삼성전자,DDR4,2400,0,8GB,8,0,0,0,0,0,0,0,0,0,18890,0,0,18890,0,0,0,0,0,0,0,0,18630,18590,18580,0,18860,18750,18730,18650,18550,0
4519874,삼성전자 DDR4-2400,삼성전자,DDR4,2400,0,4GB,4,0,0,0,0,0,0,0,0,0,7400,0,0,7380,0,0,0,0,0,0,0,0,7270,7220,7220,0,7210,6290,6290,6290,7190,0
5721713,삼성전자 DDR4-2400 ECC/REG,삼성전자 ECC/REG,DDR4,2400,0,32GB,32,74460,74460,73580,0,0,0,0,0,0,0,0,0,0,0,0,0,71700,71700,71700,71700,73080,73060,72950,72870,72810,0,0,0,0,0,0
5721713,삼성전자 DDR4-2400 ECC/REG,삼성전자 ECC/REG,DDR4,2400,0,16GB,16,39010,38960,40260,0,0,0,0,0,0,0,0,0,0,0,0,0,43600,43600,43600,43600,43600,43600,43600,43600,43600,0,0,0,0,0,0
5721713,삼성전자 DDR4-2400 ECC/REG,삼성전자 ECC/REG,DDR4,2400,0,8GB,8,83130,83130,83130,0,0,0,0,0,0,0,0,0,0,0,0,0,83130,83130,83130,83130,83130,83130,83130,83130,83130,0,0,0,0,0,0
5721454,삼성전자 DDR4-2400 ECC/REG,삼성전자 ECC/REG,DDR4,2400,0,32GB,32,0,0,0,73570,71700,71700,71700,71700,0,71700,71700,71700,71700,71700,71700,0,0,0,0,0,0,0,0,0,0,74140,74140,74140,74140,73080,72970
5721454,삼성전자 DDR4-2400 ECC/REG,삼성전자 ECC/REG,DDR4,2400,0,16GB,16,0,0,0,42800,42800,42800,42800,42800,0,42800,42800,42800,42800,42800,43600,0,0,0,0,0,0,0,0,0,0,43600,43600,42690,42610,42510,42400
5721454,삼성전자 DDR4-2400 ECC/REG,삼성전자 ECC/REG,DDR4,2400,0,8GB,8,0,0,0,83130,83130,83130,83130,83130,0,83130,83130,83130,83130,83130,83130,0,0,0,0,0,0,0,0,0,0,83130,83130,83130,83130,83130,83130
5448638,삼성전자 DDR4-2400 ECC/REG,삼성전자 ECC/REG,DDR4,2400,0,32GB,32,0,0,0,0,0,0,0,0,71700,0,0,0,0,0,0,0,0,0,0,0,0,0,0,0,0,0,0,0,0,0,0
5448638,삼성전자 DDR4-2400 ECC/REG,삼성전자 ECC/REG,DDR4,2400,0,16GB,16,0,0,0,0,0,0,0,0,42800,0,0,0,0,0,0,0,0,0,0,0,0,0,0,0,0,0,0,0,0,0,0
5448638,삼성전자 DDR4-2400 ECC/REG,삼성전자 ECC/REG,DDR4,2400,0,8GB,8,0,0,0,0,0,0,0,0,83130,0,0,0,0,0,0,0,0,0,0,0,0,0,0,0,0,0,0,0,0,0,0
17899715,삼성전자 DDR4-2400 ECC/REG 중고,삼성전자 ECC/REG 중고,DDR4,2400,0,32GB,32,0,0,0,0,0,0,0,0,0,99800,0,0,0,99800,99800,0,0,99800,99800,99800,99800,0,0,0,0,0,0,0,0,0,0
17899715,삼성전자 DDR4-2400 ECC/REG 중고,삼성전자 ECC/REG 중고,DDR4,2400,0,16GB,16,0,0,0,0,0,0,0,0,0,48800,0,0,0,48800,48800,0,0,48800,48800,48800,48800,0,0,0,0,0,0,0,0,0,0
17899709,삼성전자 DDR4-2400 ECC/REG 중고,삼성전자 ECC/REG 중고,DDR4,2400,0,32GB,32,0,99800,99800,99800,99800,99800,99800,99800,99800,0,0,0,0,0,0,0,0,0,0,0,0,0,0,0,99800,99800,0,0,0,0,0
17899709,삼성전자 DDR4-2400 ECC/REG 중고,삼성전자 ECC/REG 중고,DDR4,2400,0,16GB,16,0,48800,48800,48800,48800,48800,48800,48800,48800,0,0,0,0,0,0,0,0,0,0,0,0,0,0,0,48800,48800,0,0,0,0,0
11236449,삼성전자 DDR4-2400 중고,삼성전자 중고,DDR4,2400,0,16GB,16,43090,43020,42910,42860,42790,42690,43180,43080,42990,42970,0,0,0,42670,42570,0,0,43100,43010,42910,42830,42730,42630,42550,42540,42530,42510,42490,42470,43180,43170
11236449,삼성전자 DDR4-2400 중고,삼성전자 중고,DDR4,2400,0,8GB,8,16580,16580,16580,16580,16580,16580,16580,16580,16580,16580,0,0,0,16580,16580,0,0,16580,16560,16560,16560,16560,16560,16560,16560,16560,16560,16560,16560,17120,17090
11236449,삼성전자 DDR4-2400 중고,삼성전자 중고,DDR4,2400,0,4GB,4,6110,5580,6250,6120,6240,6120,6250,6120,6250,6110,0,0,0,6140,6090,0,0,6100,6100,6090,6160,6130,6080,6080,6070,6040,6020,6000,5980,6230,6200
11644949,삼성전자 DDR4-2400 중고,삼성전자 중고,DDR4,2400,0,16GB,16,0,0,0,0,0,0,0,0,0,0,42890,0,0,0,0,0,0,0,0,0,0,0,0,0,0,0,0,0,0,0,0
11644949,삼성전자 DDR4-2400 중고,삼성전자 중고,DDR4,2400,0,8GB,8,0,0,0,0,0,0,0,0,0,0,16580,0,0,0,0,0,0,0,0,0,0,0,0,0,0,0,0,0,0,0,0
11644949,삼성전자 DDR4-2400 중고,삼성전자 중고,DDR4,2400,0,4GB,4,0,0,0,0,0,0,0,0,0,0,6080,0,0,0,0,0,0,0,0,0,0,0,0,0,0,0,0,0,0,0,0
11298180,삼성전자 DDR4-2400 중고,삼성전자 중고,DDR4,2400,0,16GB,16,0,0,0,0,0,0,0,0,0,0,0,42870,42770,0,0,0,0,0,0,0,0,0,0,0,0,0,0,0,0,0,0
11298180,삼성전자 DDR4-2400 중고,삼성전자 중고,DDR4,2400,0,8GB,8,0,0,0,0,0,0,0,0,0,0,0,16580,17190,0,0,0,0,0,0,0,0,0,0,0,0,0,0,0,0,0,0
11298180,삼성전자 DDR4-2400 중고,삼성전자 중고,DDR4,2400,0,4GB,4,0,0,0,0,0,0,0,0,0,0,0,6240,6110,0,0,0,0,0,0,0,0,0,0,0,0,0,0,0,0,0,0
5941995,삼성전자 DDR4-2666,삼성전자,DDR4,2666,0,16GB,16,44830,44880,44820,44780,44750,44750,44720,44700,44640,44550,44500,44500,44500,44640,44640,44640,44640,44610,44570,44530,44510,45200,45200,45200,45170,45150,45130,45110,45080,45050,45050
5941995,삼성전자 DDR4-2666,삼성전자,DDR4,2666,0,8GB,8,21820,21820,21820,21820,21820,21820,21820,21820,21820,21820,21820,21820,21820,21820,21820,21820,21820,21810,21810,21810,21810,21810,21810,21810,21810,21810,21810,21810,21810,21810,21810
11631620,삼성전자 DDR4-2666 ECC/REG,삼성전자 ECC/REG,DDR4,2666,0,32GB,32,78030,77950,77930,77830,76900,76900,0,0,0,0,0,0,0,0,0,0,0,0,77080,77060,76960,76850,76740,76660,76570,76480,76460,76380,76280,76180,76070
11631620,삼성전자 DDR4-2666 ECC/REG,삼성전자 ECC/REG,DDR4,2666,0,16GB,16,44560,44480,44460,44360,44260,44240,0,0,0,0,0,0,0,0,0,0,0,0,43400,43290,43200,43180,43120,43120,43030,42930,42820,42790,42660,42560,42460
11631620,삼성전자 DDR4-2666 ECC/REG,삼성전자 ECC/REG,DDR4,2666,0,8GB,8,33840,33770,33700,33650,33540,33480,0,0,0,0,0,0,0,0,0,0,0,0,33680,33570,33460,33390,33280,33240,33170,33120,33090,33050,32970,32950,32940
6393108,삼성전자 DDR4-2666 ECC/REG,삼성전자 ECC/REG,DDR4,2666,0,32GB,32,0,0,0,0,0,0,76900,0,0,0,0,0,0,0,0,0,0,0,0,0,0,0,0,0,0,0,0,0,0,0,0
6393108,삼성전자 DDR4-2666 ECC/REG,삼성전자 ECC/REG,DDR4,2666,0,16GB,16,0,0,0,0,0,0,44150,0,0,0,0,0,0,0,0,0,0,0,0,0,0,0,0,0,0,0,0,0,0,0,0
6393108,삼성전자 DDR4-2666 ECC/REG,삼성전자 ECC/REG,DDR4,2666,0,8GB,8,0,0,0,0,0,0,33480,0,0,0,0,0,0,0,0,0,0,0,0,0,0,0,0,0,0,0,0,0,0,0,0
10824564,삼성전자 DDR4-2666 ECC/REG,삼성전자 ECC/REG,DDR4,2666,0,32GB,32,0,0,0,0,0,0,0,76300,76300,76070,76490,76490,76490,77320,77310,0,0,77180,0,0,0,0,0,0,0,0,0,0,0,0,0
10824564,삼성전자 DDR4-2666 ECC/REG,삼성전자 ECC/REG,DDR4,2666,0,16GB,16,0,0,0,0,0,0,0,44060,44130,44130,44180,44180,44180,43550,43600,0,0,43420,0,0,0,0,0,0,0,0,0,0,0,0,0
10824564,삼성전자 DDR4-2666 ECC/REG,삼성전자 ECC/REG,DDR4,2666,0,8GB,8,0,0,0,0,0,0,0,33480,33660,33660,33850,33850,33850,33850,33850,0,0,33700,0,0,0,0,0,0,0,0,0,0,0,0,0
11631995,삼성전자 DDR4-2666 ECC/Unbuffered,삼성전자 ECC/Unbuffered,DDR4,2666,0,32GB,32,190000,190000,190000,190000,190000,190000,190000,190000,190000,190000,190000,190000,190000,190000,190000,0,0,190000,190000,190000,190000,190000,190000,190000,190000,190000,190000,190000,190000,190000,190000
11631995,삼성전자 DDR4-2666 ECC/Unbuffered,삼성전자 ECC/Unbuffered,DDR4,2666,0,16GB,16,160000,160000,160000,160000,160000,160000,160000,160000,160000,160000,160000,160000,160000,160000,160000,0,0,160000,160000,160000,160000,160000,160000,160000,160000,160000,160000,160000,160000,160000,160000
11631995,삼성전자 DDR4-2666 ECC/Unbuffered,삼성전자 ECC/Unbuffered,DDR4,2666,0,8GB,8,68000,68000,68000,68000,68000,68000,68000,68000,68000,68000,68000,68000,68000,68000,68000,0,0,68000,68000,68000,68000,68000,68000,68000,68000,68000,68000,68000,68000,68000,68000
12744536,삼성전자 DDR4-2666 중고,삼성전자 중고,DDR4,2666,0,32GB,32,118610,118590,118500,0,0,0,0,0,0,117890,0,0,0,0,0,0,0,0,0,0,0,0,0,0,0,0,0,0,0,0,0
12744536,삼성전자 DDR4-2666 중고,삼성전자 중고,DDR4,2666,0,16GB,16,43450,43430,43350,0,0,0,0,0,0,42620,0,0,0,0,0,0,0,0,0,0,0,0,0,0,0,0,0,0,0,0,0
12744536,삼성전자 DDR4-2666 중고,삼성전자 중고,DDR4,2666,0,8GB,8,18390,18390,18390,0,0,0,0,0,0,18290,0,0,0,0,0,0,0,0,0,0,0,0,0,0,0,0,0,0,0,0,0
12744536,삼성전자 DDR4-2666 중고,삼성전자 중고,DDR4,2666,0,4GB,4,6900,6950,6950,0,0,0,0,0,0,6950,0,0,0,0,0,0,0,0,0,0,0,0,0,0,0,0,0,0,0,0,0
8158972,삼성전자 DDR4-2666 중고,삼성전자 중고,DDR4,2666,0,32GB,32,0,0,0,118390,118270,118190,0,118000,117910,0,117800,117710,117620,117600,117510,0,0,117290,117170,117080,116980,116890,116870,116790,116700,116590,116490,116470,116450,116350,116240
8158972,삼성전자 DDR4-2666 중고,삼성전자 중고,DDR4,2666,0,16GB,16,0,0,0,43220,43100,43060,0,42880,42780,0,42560,42560,42520,42390,42330,0,0,42110,42110,42070,42000,41970,41840,41690,41630,41630,41630,41490,41380,41370,41260
8158972,삼성전자 DDR4-2666 중고,삼성전자 중고,DDR4,2666,0,8GB,8,0,0,0,18390,18390,18390,0,18390,18290,0,18290,17990,17990,17940,17470,0,0,17360,17360,17360,17320,17190,17110,17190,17180,17180,17180,16970,16980,16960,16480
8158972,삼성전자 DDR4-2666 중고,삼성전자 중고,DDR4,2666,0,4GB,4,0,0,0,6950,6950,6950,0,6950,6950,0,6950,6950,6950,6950,6950,0,0,6950,6950,6950,6950,6950,6950,6950,6950,6950,6950,6950,6950,6950,6950
8165329,삼성전자 DDR4-2666 중고,삼성전자 중고,DDR4,2666,0,32GB,32,0,0,0,0,0,0,118090,0,0,0,0,0,0,0,0,0,0,0,0,0,0,0,0,0,0,0,0,0,0,0,0
8165329,삼성전자 DDR4-2666 중고,삼성전자 중고,DDR4,2666,0,16GB,16,0,0,0,0,0,0,42940,0,0,0,0,0,0,0,0,0,0,0,0,0,0,0,0,0,0,0,0,0,0,0,0
8165329,삼성전자 DDR4-2666 중고,삼성전자 중고,DDR4,2666,0,8GB,8,0,0,0,0,0,0,18390,0,0,0,0,0,0,0,0,0,0,0,0,0,0,0,0,0,0,0,0,0,0,0,0
8165329,삼성전자 DDR4-2666 중고,삼성전자 중고,DDR4,2666,0,4GB,4,0,0,0,0,0,0,6950,0,0,0,0,0,0,0,0,0,0,0,0,0,0,0,0,0,0,0,0,0,0,0,0
10376427,삼성전자 DDR4-2933,삼성전자,DDR4,2933,0,32GB,32,101200,101200,101200,101200,101200,101200,101200,101200,101200,101200,101200,101200,101200,101200,101200,0,0,101200,101200,101200,101200,101200,100080,100080,100080,100080,100080,100080,100080,100080,100080
10376427,삼성전자 DDR4-2933,삼성전자,DDR4,2933,0,16GB,16,74000,74000,74000,74000,74000,74000,74000,74000,74000,74000,74000,74000,74000,74000,74000,0,0,74000,74000,74000,74000,74000,74000,74000,74000,74000,74000,74000,74000,74000,74000
10376427,삼성전자 DDR4-2933,삼성전자,DDR4,2933,0,8GB,8,39000,39000,39000,39000,39000,39000,39000,39000,39000,39000,39000,39000,39000,39000,39000,0,0,39000,39000,39000,39000,39000,39000,39000,39000,39000,39000,39000,39000,39000,39000
11541968,삼성전자 DDR4-2933 ECC/REG,삼성전자 ECC/REG,DDR4,2933,0,64GB,64,224980,0,0,0,0,0,0,0,0,222700,222700,222700,221700,223970,0,0,0,0,0,0,0,0,0,0,0,0,0,0,0,0,0
11541968,삼성전자 DDR4-2933 ECC/REG,삼성전자 ECC/REG,DDR4,2933,0,32GB,32,92680,0,0,0,0,0,0,0,0,89840,90300,90300,90300,90300,0,0,0,0,0,0,0,0,0,0,0,0,0,0,0,0,0
11541968,삼성전자 DDR4-2933 ECC/REG,삼성전자 ECC/REG,DDR4,2933,0,16GB,16,51900,0,0,0,0,0,0,0,0,51890,51890,51890,51890,51890,0,0,0,0,0,0,0,0,0,0,0,0,0,0,0,0,0
11541977,삼성전자 DDR4-2933 ECC/REG,삼성전자 ECC/REG,DDR4,2933,0,64GB,64,0,224980,224980,224430,225300,225300,225300,223200,222700,0,0,0,0,0,0,0,0,0,0,0,0,0,0,0,0,0,223190,223070,0,0,0
11541977,삼성전자 DDR4-2933 ECC/REG,삼성전자 ECC/REG,DDR4,2933,0,32GB,32,0,92600,92500,92480,90400,90400,90400,89330,89920,0,0,0,0,0,0,0,0,0,0,0,0,0,0,0,0,0,89290,89170,0,0,0
11541977,삼성전자 DDR4-2933 ECC/REG,삼성전자 ECC/REG,DDR4,2933,0,16GB,16,0,51900,51890,51890,51890,51890,51890,51890,51890,0,0,0,0,0,0,0,0,0,0,0,0,0,0,0,0,0,51550,51810,0,0,0
12509051,삼성전자 DDR4-2933 ECC/REG,삼성전자 ECC/REG,DDR4,2933,0,64GB,64,0,0,0,0,0,0,0,0,0,0,0,0,0,0,223890,0,0,223630,223530,223510,223430,223410,223310,223230,223220,223210,0,0,220500,220100,220060
12509051,삼성전자 DDR4-2933 ECC/REG,삼성전자 ECC/REG,DDR4,2933,0,32GB,32,0,0,0,0,0,0,0,0,0,0,0,0,0,0,90300,0,0,90100,89990,89880,89780,89690,89670,89590,89500,89390,0,0,89080,89060,89040
12509051,삼성전자 DDR4-2933 ECC/REG,삼성전자 ECC/REG,DDR4,2933,0,16GB,16,0,0,0,0,0,0,0,0,0,0,0,0,0,0,51890,0,0,51890,51890,51890,51810,51780,51670,51590,51580,51570,0,0,51710,51610,51580
13826867,삼성전자 DDR4-2933 ECC/Unbuffered,삼성전자 ECC/Unbuffered,DDR4,2933,0,32GB,32,190000,190000,190000,190000,190000,190000,190000,190000,190000,190000,190000,190000,190000,190000,190000,0,0,190000,190000,190000,190000,190000,190000,190000,190000,190000,190000,190000,190000,190000,190000
13826867,삼성전자 DDR4-2933 ECC/Unbuffered,삼성전자 ECC/Unbuffered,DDR4,2933,0,16GB,16,72820,72720,72640,72560,72540,72440,72340,72250,72430,72430,72830,72830,72830,75550,75460,0,0,75260,75140,75040,76640,76530,76430,76350,76340,76320,76210,76190,76170,76070,75960
13826867,삼성전자 DDR4-2933 ECC/Unbuffered,삼성전자 ECC/Unbuffered,DDR4,2933,0,8GB,8,40000,40000,40000,40000,40000,40000,40000,40000,40000,40000,40000,40000,40000,40000,40000,0,0,40000,40000,40000,40000,40000,40000,40000,40000,40000,40000,40000,40000,40000,40000
11541857,삼성전자 DDR4-3200,삼성전자,DDR4,3200,0,32GB,32,89750,89660,89690,89630,89610,89570,89490,86530,89390,89380,89580,89570,89490,89490,89480,89430,89270,88000,88290,88280,0,0,0,0,0,0,0,0,0,0,0
11541857,삼성전자 DDR4-3200,삼성전자,DDR4,3200,0,16GB,16,43470,43540,43520,43420,43410,43310,42500,43250,43200,42860,43020,43020,42970,42970,42970,42960,42720,42750,42750,42710,0,0,0,0,0,0,0,0,0,0,0
11541857,삼성전자 DDR4-3200,삼성전자,DDR4,3200,0,8GB,8,21460,21460,21010,20960,20850,20750,20740,21340,21250,21200,21310,21310,21310,21650,21590,21590,21900,21480,21480,21860,0,0,0,0,0,0,0,0,0,0,0
11541857,삼성전자 DDR4-3200,삼성전자,DDR4,3200,0,4GB,4,15700,15700,15700,15700,15700,15700,15700,15700,15700,15700,15700,15700,15700,15700,15700,15700,15700,15700,15700,15700,0,0,0,0,0,0,0,0,0,0,0
11790199,삼성전자 DDR4-3200,삼성전자,DDR4,3200,0,32GB,32,0,0,0,0,0,0,0,0,0,0,0,0,0,0,0,0,0,0,0,0,88290,88280,88270,88230,89710,89750,89750,89460,89250,89000,88590
11790199,삼성전자 DDR4-3200,삼성전자,DDR4,3200,0,16GB,16,0,0,0,0,0,0,0,0,0,0,0,0,0,0,0,0,0,0,0,0,42240,42230,42600,42640,42630,42630,42630,42630,42630,42560,42430
11790199,삼성전자 DDR4-3200,삼성전자,DDR4,3200,0,8GB,8,0,0,0,0,0,0,0,0,0,0,0,0,0,0,0,0,0,0,0,0,21790,21830,21570,21570,21600,21600,21560,21480,21360,21300,21260
11790199,삼성전자 DDR4-3200,삼성전자,DDR4,3200,0,4GB,4,0,0,0,0,0,0,0,0,0,0,0,0,0,0,0,0,0,0,0,0,15700,15700,18990,18970,18960,18960,18960,18960,18960,18960,18960
13433147,삼성전자 DDR4-3200 ECC/REG,삼성전자 ECC/REG,DDR4,3200,0,128GB,128,861980,860960,859920,899610,899610,899610,0,0,0,0,0,0,0,0,904770,0,0,0,0,0,0,0,0,0,0,0,0,0,0,891460,891350
13433147,삼성전자 DDR4-3200 ECC/REG,삼성전자 ECC/REG,DDR4,3200,0,64GB,64,213190,213190,215040,216310,216000,216000,0,0,0,0,0,0,0,0,214900,0,0,0,0,0,0,0,0,0,0,0,0,0,0,211220,210720
13433147,삼성전자 DDR4-3200 ECC/REG,삼성전자 ECC/REG,DDR4,3200,0,32GB,32,108570,108570,117570,117390,117370,117100,0,0,0,0,0,0,0,0,114370,0,0,0,0,0,0,0,0,0,0,0,0,0,0,116660,116440
13433147,삼성전자 DDR4-3200 ECC/REG,삼성전자 ECC/REG,DDR4,3200,0,16GB,16,64470,64470,64470,64470,65400,64801,0,0,0,0,0,0,0,0,64390,0,0,0,0,0,0,0,0,0,0,0,0,0,0,62700,62500
13433147,삼성전자 DDR4-3200 ECC/REG,삼성전자 ECC/REG,DDR4,3200,0,8GB,8,47290,47190,47100,47010,46990,46890,0,0,0,0,0,0,0,0,47300,0,0,0,0,0,0,0,0,0,0,0,0,0,0,46290,46180
13432970,삼성전자 DDR4-3200 ECC/REG,삼성전자 ECC/REG,DDR4,3200,0,128GB,128,0,0,0,0,0,0,899610,899610,899610,899610,899610,899610,899610,904870,0,0,0,892200,892180,892070,891970,891880,891860,891780,891700,891620,891600,891580,891560,0,0
13432970,삼성전자 DDR4-3200 ECC/REG,삼성전자 ECC/REG,DDR4,3200,0,64GB,64,0,0,0,0,0,0,216000,216000,215400,215400,215400,215400,215400,214900,0,0,0,216680,216580,216500,216190,216170,215680,214970,214560,214540,213700,212840,211930,0,0
13432970,삼성전자 DDR4-3200 ECC/REG,삼성전자 ECC/REG,DDR4,3200,0,32GB,32,0,0,0,0,0,0,116890,115280,115070,114710,114510,114450,114370,114370,0,0,0,114230,114140,114110,114030,113960,117560,117560,117560,117560,117560,117180,117040,0,0
13432970,삼성전자 DDR4-3200 ECC/REG,삼성전자 ECC/REG,DDR4,3200,0,16GB,16,0,0,0,0,0,0,64800,64780,64790,64690,64610,64540,64530,64490,0,0,0,64170,64070,64050,63950,63860,63750,63670,63580,63570,63550,63300,63300,0,0
13432970,삼성전자 DDR4-3200 ECC/REG,삼성전자 ECC/REG,DDR4,3200,0,8GB,8,0,0,0,0,0,0,46790,46780,47040,47040,47300,47300,47300,47300,0,0,0,47110,47090,46990,46970,46870,46770,46730,46640,46530,46430,46410,46390,0,0
16126766,삼성전자 DDR4-3200 중고,삼성전자 중고,DDR4,3200,0,32GB,32,87640,87640,87640,87640,87640,87640,87640,87640,87640,87620,92550,92530,92430,92330,92270,0,0,92070,0,0,81990,81990,0,0,81990,0,81990,0,0,0,0
16126766,삼성전자 DDR4-3200 중고,삼성전자 중고,DDR4,3200,0,16GB,16,39900,39900,39900,39900,39900,39900,39900,39900,39900,39900,39900,39900,39900,39900,39900,0,0,39900,0,0,39900,39900,0,0,39900,0,39900,0,0,0,0
16126766,삼성전자 DDR4-3200 중고,삼성전자 중고,DDR4,3200,0,8GB,8,20590,20590,20590,18900,18900,18900,18900,20590,19900,19900,19900,19900,19900,19900,19900,0,0,19900,0,0,18900,19900,0,0,19900,0,19900,0,0,0,0
16126766,삼성전자 DDR4-3200 중고,삼성전자 중고,DDR4,3200,0,4GB,4,10000,10000,10000,10000,10000,10000,10000,12000,12000,12000,12000,12000,12000,12000,12000,0,0,18180,0,0,18000,17920,0,0,17730,0,17660,0,0,0,0
15578048,삼성전자 DDR4-3200 중고,삼성전자 중고,DDR4,3200,0,32GB,32,0,0,0,0,0,0,0,0,0,0,0,0,0,0,0,0,0,0,91970,81990,0,0,81990,81990,0,81990,0,81990,84990,88700,88690
15578048,삼성전자 DDR4-3200 중고,삼성전자 중고,DDR4,3200,0,16GB,16,0,0,0,0,0,0,0,0,0,0,0,0,0,0,0,0,0,0,39900,39900,0,0,39900,39900,0,39900,0,39900,39900,39900,39900
15578048,삼성전자 DDR4-3200 중고,삼성전자 중고,DDR4,3200,0,8GB,8,0,0,0,0,0,0,0,0,0,0,0,0,0,0,0,0,0,0,18900,18900,0,0,19900,19900,0,19900,0,19900,19900,19900,19900
15578048,삼성전자 DDR4-3200 중고,삼성전자 중고,DDR4,3200,0,4GB,4,0,0,0,0,0,0,0,0,0,0,0,0,0,0,0,0,0,0,18080,18060,0,0,17820,17740,0,17710,0,19190,19090,18990,18880
15759071,삼성전자 DDR5-4800,삼성전자,DDR5,4800,0,32GB,32,111480,111480,111760,111760,111760,111760,111760,108180,111610,111810,111680,111680,111680,111940,112420,112420,112320,112140,112140,112140,112110,112110,111830,111830,112090,112090,112090,111830,111750,111970,111830
15759071,삼성전자 DDR5-4800,삼성전자,DDR5,4800,0,16GB,16,56320,56260,56170,56240,56240,56240,56240,57290,57150,57150,57130,57130,57130,57130,56850,56830,56830,57140,57140,57140,57140,57120,56240,57080,56980,56960,56830,56740,56600,56570,56550
15759071,삼성전자 DDR5-4800,삼성전자,DDR5,4800,0,8GB,8,31000,31000,32650,31000,31000,31000,31000,31000,31000,31000,31000,31000,31000,31000,31000,31000,31000,31000,31000,31000,31000,31000,31000,31000,31000,31000,31000,31000,31000,31000,31000
21678638,삼성전자 DDR5-4800 ECC/REG,삼성전자 ECC/REG,DDR5,4800,0,64GB,64,338660,338590,343350,351280,352940,0,0,0,0,0,0,0,0,0,0,0,0,0,0,0,0,0,0,0,0,0,0,0,0,0,0
21678638,삼성전자 DDR5-4800 ECC/REG,삼성전자 ECC/REG,DDR5,4800,0,32GB,32,182090,182090,182090,181990,181200,0,0,0,0,0,0,0,0,0,0,0,0,0,0,0,0,0,0,0,0,0,0,0,0,0,0
21678638,삼성전자 DDR5-4800 ECC/REG,삼성전자 ECC/REG,DDR5,4800,0,16GB,16,95960,95960,98770,98770,98770,0,0,0,0,0,0,0,0,0,0,0,0,0,0,0,0,0,0,0,0,0,0,0,0,0,0
21678716,삼성전자 DDR5-4800 ECC/REG,삼성전자 ECC/REG,DDR5,4800,0,64GB,64,0,0,0,0,0,352940,352940,352940,314167,360200,361140,361140,361140,360880,360880,0,0,360870,360870,360870,360870,360870,360870,360870,360870,360870,360870,360870,359840,358280,358270
21678716,삼성전자 DDR5-4800 ECC/REG,삼성전자 ECC/REG,DDR5,4800,0,32GB,32,0,0,0,0,0,181200,166990,166990,179400,179400,179300,179210,179100,178970,178970,0,0,178960,178960,178960,178960,178960,178960,178960,178960,178960,178960,178960,178960,178960,178960
21678716,삼성전자 DDR5-4800 ECC/REG,삼성전자 ECC/REG,DDR5,4800,0,16GB,16,0,0,0,0,0,98770,98770,98770,98770,98770,98770,98770,98770,98770,98770,0,0,98770,98770,98770,98770,98770,98770,98770,98770,98770,98770,98770,98770,98770,98770
16390262,삼성전자 DDR5-4800 병행수입,삼성전자 병행수입,DDR5,4800,0,32GB,32,115140,115050,114900,115140,0,0,0,0,0,113320,113320,113320,113320,113320,113320,0,0,113320,113320,113320,115610,115500,115410,0,115350,0,0,0,0,0,114970
16390262,삼성전자 DDR5-4800 병행수입,삼성전자 병행수입,DDR5,4800,0,16GB,16,57510,57510,57510,57730,0,0,0,0,0,58260,58580,58580,58580,58580,58580,0,0,56990,56990,56990,56940,57000,57000,0,56990,0,0,0,0,0,56990
16390262,삼성전자 DDR5-4800 병행수입,삼성전자 병행수입,DDR5,4800,0,8GB,8,33700,33700,33700,33700,0,0,0,0,0,34650,34650,34650,34650,34650,34650,0,0,34650,34650,34650,34650,34650,34650,0,34650,0,0,0,0,0,34650
16390268,삼성전자 DDR5-4800 병행수입,삼성전자 병행수입,DDR5,4800,0,32GB,32,0,0,0,0,115140,114212,114210,113320,113320,0,0,0,0,0,0,0,0,0,0,0,0,0,0,115360,0,115330,115220,115200,115180,115080,0
16390268,삼성전자 DDR5-4800 병행수입,삼성전자 병행수입,DDR5,4800,0,16GB,16,0,0,0,0,57730,57391,57390,57390,57390,0,0,0,0,0,0,0,0,0,0,0,0,0,0,56990,0,56990,56990,56990,56990,56990,0
16390268,삼성전자 DDR5-4800 병행수입,삼성전자 병행수입,DDR5,4800,0,8GB,8,0,0,0,0,33700,33700,33700,33700,34720,0,0,0,0,0,0,0,0,0,0,0,0,0,0,34650,0,34650,34650,34650,34650,34650,0
18911780,삼성전자 DDR5-5600,삼성전자,DDR5,5600,0,32GB,32,111050,110930,109520,109880,109870,109870,110880,110890,110870,110870,111750,111740,111640,111480,111570,111470,111310,110890,110880,110880,110890,110880,110610,110270,110510,110500,110500,110110,109980,109880,109630
18911780,삼성전자 DDR5-5600,삼성전자,DDR5,5600,0,16GB,16,55090,55060,55600,54890,54880,54870,54090,54080,54900,54790,54170,54170,54160,54500,54200,54090,54580,53970,53960,53940,54380,54370,54300,54750,55480,55480,55450,55290,53530,53480,53330
18911780,삼성전자 DDR5-5600,삼성전자,DDR5,5600,0,8GB,8,31870,31870,31950,31950,31950,31950,31950,31950,32380,32320,32280,32280,32280,32290,32280,32280,32270,32250,32250,32260,32310,32300,32280,32270,32190,32120,32090,32060,31910,31800,31730
863361,삼성전자 노트북 DDR2-667 중고,삼성전자 노트북 DDR2-667 중고,0,0,0,2GB,2,4040,4000,4000,0,4000,4000,4000,4000,4030,4500,4500,4500,0,0,0,0,0,0,0,0,0,4500,4500,4500,4500,4500,4500,4500,4500,4500,4500
863361,삼성전자 노트북 DDR2-667 중고,삼성전자 노트북 DDR2-667 중고,0,0,0,1GB,1,1650,1650,1650,0,1650,1650,1650,1650,1650,1650,1650,1650,0,0,0,0,0,0,0,0,0,6180,6180,6180,6180,6180,6180,6180,6180,6180,6180
5580673,삼성전자 노트북 DDR2-667 중고,삼성전자 노트북 DDR2-667 중고,0,0,0,2GB,2,0,0,0,4000,0,0,0,0,0,0,0,0,4500,4500,4500,0,0,4500,4500,4500,4500,0,0,0,0,0,0,0,0,0,0
5580673,삼성전자 노트북 DDR2-667 중고,삼성전자 노트북 DDR2-667 중고,0,0,0,1GB,1,0,0,0,1650,0,0,0,0,0,0,0,0,1650,1650,1650,0,0,1650,1650,1650,1650,0,0,0,0,0,0,0,0,0,0
863346,삼성전자 노트북 DDR2-800 중고,삼성전자 노트북 DDR2-800 중고,0,0,0,2GB,2,4000,4000,4000,0,4000,4000,4000,4000,4000,4000,4000,4000,4000,4000,4000,0,0,0,0,0,0,0,0,0,0,0,4000,4000,4000,4000,4000
863346,삼성전자 노트북 DDR2-800 중고,삼성전자 노트북 DDR2-800 중고,0,0,0,1GB,1,1720,1720,1720,0,1720,1720,1720,1720,1720,1720,1720,1720,1720,1720,1720,0,0,0,0,0,0,0,0,0,0,0,1720,1720,1720,1720,1720
5580674,삼성전자 노트북 DDR2-800 중고,삼성전자 노트북 DDR2-800 중고,0,0,0,2GB,2,0,0,0,4000,0,0,0,0,0,0,0,0,0,0,0,0,0,4000,4000,4000,4000,4000,4000,4000,4000,4000,0,0,0,0,0
5580674,삼성전자 노트북 DDR2-800 중고,삼성전자 노트북 DDR2-800 중고,0,0,0,1GB,1,0,0,0,1720,0,0,0,0,0,0,0,0,0,0,0,0,0,1720,1720,1720,1720,1720,1720,1720,1720,1720,0,0,0,0,0
1522397,삼성전자 노트북 DDR3-1066 병행수입,삼성전자 노트북 병행수입,DDR3,1066,0,4GB,4,40000,40000,40000,40000,40000,0,0,0,0,0,0,0,0,0,0,0,0,0,0,0,0,0,0,0,0,0,0,40000,40000,40000,40000
1522397,삼성전자 노트북 DDR3-1066 병행수입,삼성전자 노트북 병행수입,DDR3,1066,0,2GB,2,7560,7560,7560,7560,7560,0,0,0,0,0,0,0,0,0,0,0,0,0,0,0,0,0,0,0,0,0,0,7560,7560,7560,7560
1522397,삼성전자 노트북 DDR3-1066 병행수입,삼성전자 노트북 병행수입,DDR3,1066,0,1GB,1,12900,12900,12900,12900,12900,0,0,0,0,0,0,0,0,0,0,0,0,0,0,0,0,0,0,0,0,0,0,12900,12900,12900,12900
863339,삼성전자 노트북 DDR3-1066 병행수입,삼성전자 노트북 병행수입,DDR3,1066,0,4GB,4,0,0,0,0,0,40000,40000,40000,40000,40000,40000,40000,40000,40000,40000,0,0,40000,40000,40000,40000,40000,40000,40000,40000,40000,40000,0,0,0,0
863339,삼성전자 노트북 DDR3-1066 병행수입,삼성전자 노트북 병행수입,DDR3,1066,0,2GB,2,0,0,0,0,0,7560,7560,7560,7560,7560,7560,7560,7560,7560,7560,0,0,7560,7560,7560,7560,7560,7560,7560,7560,7560,7560,0,0,0,0
863339,삼성전자 노트북 DDR3-1066 병행수입,삼성전자 노트북 병행수입,DDR3,1066,0,1GB,1,0,0,0,0,0,12900,12900,12900,12900,12900,12900,12900,12900,12900,12900,0,0,12900,12900,12900,12900,12900,12900,12900,12900,12900,12900,0,0,0,0
5580447,삼성전자 노트북 DDR3-1066 중고,삼성전자 노트북 중고,DDR3,1066,0,4GB,4,18990,18990,18990,18990,0,0,0,0,0,0,0,0,0,0,0,0,0,0,0,0,0,0,0,0,0,0,0,0,0,0,0
5580447,삼성전자 노트북 DDR3-1066 중고,삼성전자 노트북 중고,DDR3,1066,0,2GB,2,2270,2260,2260,2260,0,0,0,0,0,0,0,0,0,0,0,0,0,0,0,0,0,0,0,0,0,0,0,0,0,0,0
5580447,삼성전자 노트북 DDR3-1066 중고,삼성전자 노트북 중고,DDR3,1066,0,1GB,1,1500,1500,1500,1500,0,0,0,0,0,0,0,0,0,0,0,0,0,0,0,0,0,0,0,0,0,0,0,0,0,0,0
5579854,삼성전자 노트북 DDR3-1066 중고,삼성전자 노트북 중고,DDR3,1066,0,4GB,4,0,0,0,0,18990,18990,18990,18990,18990,18990,18990,18990,18990,18990,18990,0,0,18990,18990,18990,18990,18990,18990,18990,18990,18990,18990,18990,18990,18990,18990
5579854,삼성전자 노트북 DDR3-1066 중고,삼성전자 노트북 중고,DDR3,1066,0,2GB,2,0,0,0,0,2260,2260,2260,2260,2270,2270,2280,2280,2280,2280,2280,0,0,2270,2370,2290,2380,2290,2270,2390,2320,2270,2250,2390,2310,2290,2250
5579854,삼성전자 노트북 DDR3-1066 중고,삼성전자 노트북 중고,DDR3,1066,0,1GB,1,0,0,0,0,1500,1500,1500,1500,1500,1500,1500,1500,1500,1500,1500,0,0,1500,1500,1500,1500,1500,1500,1500,1500,1500,1500,1500,1500,1500,1500
1719949,삼성전자 노트북 DDR3-1333 병행수입,삼성전자 노트북 병행수입,DDR3,1333,0,8GB,8,99000,99000,99000,99000,99000,99000,99000,99000,99000,99000,99000,99000,99000,99000,99000,0,0,99000,99000,99000,99000,99000,99000,99000,99000,99000,99000,99000,99000,99000,99000
1719949,삼성전자 노트북 DDR3-1333 병행수입,삼성전자 노트북 병행수입,DDR3,1333,0,4GB,4,25000,25000,25000,25000,25000,25000,25000,25000,25000,25000,25000,25000,25000,25000,25000,0,0,25000,25000,25000,25000,25000,25000,25000,25000,25000,25000,25000,25000,25000,25000
1719949,삼성전자 노트북 DDR3-1333 병행수입,삼성전자 노트북 병행수입,DDR3,1333,0,2GB,2,13400,13400,13400,13400,13400,13400,13400,13400,13400,13400,13400,13400,13400,13400,13400,0,0,13400,13400,13400,13400,13400,13400,13400,13400,13400,13400,13400,13400,13400,13400
1719949,삼성전자 노트북 DDR3-1333 병행수입,삼성전자 노트북 병행수입,DDR3,1333,0,1GB,1,26000,26000,26000,26000,26000,26000,26000,26000,26000,26000,26000,26000,26000,26000,26000,0,0,26000,26000,26000,26000,26000,26000,26000,26000,26000,26000,26000,26000,26000,26000
5546469,삼성전자 노트북 DDR3-1333 중고,삼성전자 노트북 중고,DDR3,1333,0,8GB,8,119800,119800,119800,119800,119800,119800,119800,119800,119800,119800,119800,119800,119800,119800,119800,0,0,119800,119800,119800,119800,119800,119800,119800,119800,119800,119800,119800,119800,119800,119800
5546469,삼성전자 노트북 DDR3-1333 중고,삼성전자 노트북 중고,DDR3,1333,0,4GB,4,4820,4800,4800,4800,4800,4800,4800,4800,4800,4800,4780,4780,4780,4780,4740,0,0,4700,4700,4700,4700,4670,4620,4620,4610,4610,4610,4610,4610,4580,4560
5546469,삼성전자 노트북 DDR3-1333 중고,삼성전자 노트북 중고,DDR3,1333,0,2GB,2,2190,2170,2150,2130,2110,2530,2230,2210,2190,2170,2150,2130,2110,2560,2230,0,0,2500,2500,2500,2170,2150,2130,2110,2430,2430,2210,2190,2170,2410,2230
5546469,삼성전자 노트북 DDR3-1333 중고,삼성전자 노트북 중고,DDR3,1333,0,1GB,1,1580,1580,1580,1580,1580,1580,1580,1580,1580,1580,1580,1580,1580,1580,1580,0,0,1580,1580,1580,1580,1580,1500,1500,1500,1500,1500,1500,1500,1500,1500
2568994,삼성전자 노트북 DDR3-1600 1.35V,삼성전자 노트북 1.35V,DDR3,1600,0,4GB,4,6340,0,6340,6340,6340,6340,6340,6340,6340,6340,6340,6340,6340,6340,6340,0,0,6340,6340,6340,6310,6280,6200,6160,6120,6120,6120,6340,6260,6150,6330
3175169,삼성전자 노트북 DDR3-1600 1.35V,삼성전자 노트북 1.35V,DDR3,1600,0,4GB,4,0,6340,0,0,0,0,0,0,0,0,0,0,0,0,0,0,0,0,0,0,0,0,0,0,0,0,0,0,0,0,0
14183372,삼성전자 노트북 DDR3-1600 1.35V 중고,삼성전자 노트북 1.35V 중고,DDR3,1600,0,8GB,8,16750,16750,16750,16650,16650,16650,16650,16650,16650,16650,16640,16640,16640,16640,16640,0,0,16650,16550,16450,16440,16050,16790,16490,16490,16490,16490,16490,16490,16490,16490
14183372,삼성전자 노트북 DDR3-1600 1.35V 중고,삼성전자 노트북 1.35V 중고,DDR3,1600,0,4GB,4,4790,4790,4790,4790,4790,4790,4790,4790,4790,4790,4790,4790,4790,4790,4790,0,0,4790,4790,4790,4790,4790,4790,4790,4890,4890,4890,4890,4890,4890,5290
1962928,삼성전자 노트북 DDR3-1600 병행수입,삼성전자 노트북 병행수입,DDR3,1600,0,8GB,8,48000,48000,48000,0,0,0,0,0,0,0,0,0,0,0,0,0,0,0,0,0,0,0,0,0,0,0,0,0,0,0,0
1962928,삼성전자 노트북 DDR3-1600 병행수입,삼성전자 노트북 병행수입,DDR3,1600,0,4GB,4,26970,26970,26970,0,0,0,0,0,0,0,0,0,0,0,0,0,0,0,0,0,0,0,0,0,0,0,0,0,0,0,0
1962928,삼성전자 노트북 DDR3-1600 병행수입,삼성전자 노트북 병행수입,DDR3,1600,0,2GB,2,19700,19700,19700,0,0,0,0,0,0,0,0,0,0,0,0,0,0,0,0,0,0,0,0,0,0,0,0,0,0,0,0
1719958,삼성전자 노트북 DDR3-1600 병행수입,삼성전자 노트북 병행수입,DDR3,1600,0,8GB,8,0,0,0,48000,48000,48000,48000,48000,48000,48000,48000,48000,48000,48000,48000,0,0,0,0,0,0,0,0,0,0,0,0,0,48000,48000,48000
1719958,삼성전자 노트북 DDR3-1600 병행수입,삼성전자 노트북 병행수입,DDR3,1600,0,4GB,4,0,0,0,26970,26820,26820,26820,26820,26820,27110,27110,27110,27110,27110,27110,0,0,0,0,0,0,0,0,0,0,0,0,0,26520,26520,26520
1719958,삼성전자 노트북 DDR3-1600 병행수입,삼성전자 노트북 병행수입,DDR3,1600,0,2GB,2,0,0,0,19700,19700,19700,19700,19700,19700,19700,19700,19700,19700,19700,19700,0,0,0,0,0,0,0,0,0,0,0,0,0,19700,19700,19700
1601504,삼성전자 노트북 DDR3-1600 병행수입,삼성전자 노트북 병행수입,DDR3,1600,0,8GB,8,0,0,0,0,0,0,0,0,0,0,0,0,0,0,0,0,0,48000,48000,48000,48000,48000,48000,48000,48000,48000,48000,48000,0,0,0
1601504,삼성전자 노트북 DDR3-1600 병행수입,삼성전자 노트북 병행수입,DDR3,1600,0,4GB,4,0,0,0,0,0,0,0,0,0,0,0,0,0,0,0,0,0,26520,26520,26520,26520,26520,26520,26520,26520,26520,26520,26520,0,0,0
1601504,삼성전자 노트북 DDR3-1600 병행수입,삼성전자 노트북 병행수입,DDR3,1600,0,2GB,2,0,0,0,0,0,0,0,0,0,0,0,0,0,0,0,0,0,19700,19700,19700,19700,19700,19700,19700,19700,19700,19700,19700,0,0,0
5548947,삼성전자 노트북 DDR3-1600 중고,삼성전자 노트북 중고,DDR3,1600,0,8GB,8,18680,18680,0,0,0,0,0,0,0,0,18680,18680,18680,18680,18680,0,0,18680,18680,18680,18680,18680,18680,18680,18680,18680,18680,18680,18680,18680,18680
5548947,삼성전자 노트북 DDR3-1600 중고,삼성전자 노트북 중고,DDR3,1600,0,4GB,4,4870,4860,0,0,0,0,0,0,0,0,4850,4850,4850,4850,4850,0,0,4850,4850,4850,4850,4840,4840,4840,4840,4840,4840,4840,4840,4840,4840
5548947,삼성전자 노트북 DDR3-1600 중고,삼성전자 노트북 중고,DDR3,1600,0,2GB,2,2640,2620,0,0,0,0,0,0,0,0,2650,2650,2650,2650,2650,0,0,2590,2590,2590,2570,2770,2560,2560,2600,2570,2590,2560,2600,2560,2560
5549011,삼성전자 노트북 DDR3-1600 중고,삼성전자 노트북 중고,DDR3,1600,0,8GB,8,0,0,18680,18680,18680,18680,18680,18680,18680,18680,0,0,0,0,0,0,0,0,0,0,0,0,0,0,0,0,0,0,0,0,0
5549011,삼성전자 노트북 DDR3-1600 중고,삼성전자 노트북 중고,DDR3,1600,0,4GB,4,0,0,4860,4860,4850,4850,4850,4850,4850,4850,0,0,0,0,0,0,0,0,0,0,0,0,0,0,0,0,0,0,0,0,0
5549011,삼성전자 노트북 DDR3-1600 중고,삼성전자 노트북 중고,DDR3,1600,0,2GB,2,0,0,2620,2620,2620,2620,2620,2620,2630,2630,0,0,0,0,0,0,0,0,0,0,0,0,0,0,0,0,0,0,0,0,0
3493083,삼성전자 노트북 DDR4-2133,삼성전자 노트북,DDR4,2133,0,16GB,16,0,0,0,0,0,0,0,0,91530,94120,94120,0,0,0,94130,0,0,0,0,0,70000,70000,70000,0,0,0,0,0,70000,70000,70000
3493083,삼성전자 노트북 DDR4-2133,삼성전자 노트북,DDR4,2133,0,8GB,8,0,0,0,0,0,0,0,0,22000,22000,22000,0,0,0,22000,0,0,0,0,0,21990,21940,21830,0,0,0,0,0,21590,21490,21960
4001196,삼성전자 노트북 DDR4-2133,삼성전자 노트북,DDR4,2133,0,16GB,16,0,0,0,0,0,0,0,0,0,0,0,94120,94120,94120,0,0,0,0,0,0,0,0,0,70000,70000,70000,70000,70000,0,0,0
4001196,삼성전자 노트북 DDR4-2133,삼성전자 노트북,DDR4,2133,0,8GB,8,0,0,0,0,0,0,0,0,0,0,0,22000,22000,22000,0,0,0,0,0,0,0,0,0,21790,21770,21740,21630,21610,0,0,0
12970748,삼성전자 노트북 DDR4-2133 중고,삼성전자 노트북 중고,DDR4,2133,0,16GB,16,94130,94130,94130,94130,94130,94130,94130,94130,94130,94130,94130,94130,94130,94130,94130,0,0,215640,215640,215640,215640,215640,215640,215640,215640,215640,215640,215640,215640,215640,215640
12970748,삼성전자 노트북 DDR4-2133 중고,삼성전자 노트북 중고,DDR4,2133,0,8GB,8,19580,19580,19580,19580,19580,19580,19580,19580,19580,19580,19580,19580,19580,19580,19580,0,0,19580,19280,19280,19270,19270,19230,19170,18980,18980,18980,18920,18490,18400,18390
12970748,삼성전자 노트북 DDR4-2133 중고,삼성전자 노트북 중고,DDR4,2133,0,4GB,4,11990,11910,11830,11740,11970,11890,11810,11800,11690,11610,11980,11910,11910,11810,11750,0,0,11980,11890,11790,11770,11670,11980,11930,11840,11730,11650,11610,11810,11890,11780
5202059,삼성전자 노트북 DDR4-2400,삼성전자 노트북,DDR4,2400,0,16GB,16,41900,41900,0,0,0,0,0,0,0,42650,42540,42440,42800,42720,42600,0,0,42790,42680,42580,42560,42480,42420,42800,42790,42780,42760,42730,42640,42540,42430
5202059,삼성전자 노트북 DDR4-2400,삼성전자 노트북,DDR4,2400,0,8GB,8,21730,21710,0,0,0,0,0,0,0,21630,21790,21750,21740,21680,21650,0,0,21620,21620,21660,21790,21710,21620,21800,21710,21690,21650,21630,21630,21790,21760
5202059,삼성전자 노트북 DDR4-2400,삼성전자 노트북,DDR4,2400,0,4GB,4,12190,12190,0,0,0,0,0,0,0,12180,12090,12000,11910,12190,12190,0,0,12080,12080,12080,12030,12010,11910,11830,11820,11810,11790,11770,11750,11650,11600
5040079,삼성전자 노트북 DDR4-2400,삼성전자 노트북,DDR4,2400,0,16GB,16,0,0,42780,0,0,0,0,0,0,0,0,0,0,0,0,0,0,0,0,0,0,0,0,0,0,0,0,0,0,0,0
5040079,삼성전자 노트북 DDR4-2400,삼성전자 노트북,DDR4,2400,0,8GB,8,0,0,21660,0,0,0,0,0,0,0,0,0,0,0,0,0,0,0,0,0,0,0,0,0,0,0,0,0,0,0,0
5040079,삼성전자 노트북 DDR4-2400,삼성전자 노트북,DDR4,2400,0,4GB,4,0,0,12190,0,0,0,0,0,0,0,0,0,0,0,0,0,0,0,0,0,0,0,0,0,0,0,0,0,0,0,0
5202063,삼성전자 노트북 DDR4-2400,삼성전자 노트북,DDR4,2400,0,16GB,16,0,0,0,42690,42640,42790,42670,42790,42700,0,0,0,0,0,0,0,0,0,0,0,0,0,0,0,0,0,0,0,0,0,0
5202063,삼성전자 노트북 DDR4-2400,삼성전자 노트북,DDR4,2400,0,8GB,8,0,0,0,21800,21800,21800,21790,21750,21700,0,0,0,0,0,0,0,0,0,0,0,0,0,0,0,0,0,0,0,0,0,0
5202063,삼성전자 노트북 DDR4-2400,삼성전자 노트북,DDR4,2400,0,4GB,4,0,0,0,12190,12190,12190,12190,12190,12190,0,0,0,0,0,0,0,0,0,0,0,0,0,0,0,0,0,0,0,0,0,0
15481538,삼성전자 노트북 DDR4-2400 중고,삼성전자 노트북 중고,DDR4,2400,0,16GB,16,41870,41770,0,0,0,0,0,0,41990,41980,41980,41980,41990,41980,41970,0,0,0,0,0,0,41980,41980,41990,41970,41980,37890,41990,41970,41980,41970
15481538,삼성전자 노트북 DDR4-2400 중고,삼성전자 노트북 중고,DDR4,2400,0,8GB,8,19110,19110,0,0,0,0,0,0,19250,19190,19160,19160,19160,19340,19310,0,0,0,0,0,0,19310,19240,19170,18960,18960,18960,18910,18850,18810,18760
15481538,삼성전자 노트북 DDR4-2400 중고,삼성전자 노트북 중고,DDR4,2400,0,4GB,4,11880,11800,0,0,0,0,0,0,12220,12220,12220,12220,12220,12220,12220,0,0,0,0,0,0,11960,11770,11690,11680,11660,11550,11530,11510,12210,12200
16844816,삼성전자 노트북 DDR4-2400 중고,삼성전자 노트북 중고,DDR4,2400,0,16GB,16,0,0,41670,41570,41450,41350,41980,41880,0,0,0,0,0,0,0,0,0,41980,41970,41980,41980,0,0,0,0,0,0,0,0,0,0
16844816,삼성전자 노트북 DDR4-2400 중고,삼성전자 노트북 중고,DDR4,2400,0,8GB,8,0,0,19380,19340,19340,19340,19330,19300,0,0,0,0,0,0,0,0,0,19200,19030,19200,19340,0,0,0,0,0,0,0,0,0,0
16844816,삼성전자 노트북 DDR4-2400 중고,삼성전자 노트북 중고,DDR4,2400,0,4GB,4,0,0,11760,11760,12220,12220,12220,12220,0,0,0,0,0,0,0,0,0,12090,12090,12090,12030,0,0,0,0,0,0,0,0,0,0
6393068,삼성전자 노트북 DDR4-2666,삼성전자 노트북,DDR4,2666,0,32GB,32,170910,170910,169110,187910,183910,187910,0,0,187910,0,187910,187910,187910,185910,185900,185900,185890,185890,185880,185880,185870,185870,185860,185860,185850,185850,185840,185840,185830,185830,185820
6393068,삼성전자 노트북 DDR4-2666,삼성전자 노트북,DDR4,2666,0,16GB,16,45280,45210,45120,45100,44980,44880,0,0,45040,0,45290,45290,45290,45290,45290,45280,45170,45100,44680,44660,44560,44480,44430,44340,44330,44310,44200,44180,44160,44060,43960
6393068,삼성전자 노트북 DDR4-2666,삼성전자 노트북,DDR4,2666,0,8GB,8,22770,22670,22980,22870,22750,22650,0,0,22990,0,22990,22990,22990,22790,22750,22980,22880,22820,22820,22820,22770,22750,22650,22650,22570,22550,22880,22850,22760,22740,22720
6393068,삼성전자 노트북 DDR4-2666,삼성전자 노트북,DDR4,2666,0,4GB,4,12970,12970,12970,12970,12970,12970,0,0,13030,0,13030,13030,13030,13030,13030,13030,13030,13030,13030,13030,13030,13030,13030,13030,13030,13030,13030,13030,13030,13030,13030
6274195,삼성전자 노트북 DDR4-2666,삼성전자 노트북,DDR4,2666,0,32GB,32,0,0,0,0,0,0,187910,187910,0,187910,0,0,0,0,0,0,0,0,0,0,0,0,0,0,0,0,0,0,0,0,0
6274195,삼성전자 노트북 DDR4-2666,삼성전자 노트북,DDR4,2666,0,16GB,16,0,0,0,0,0,0,44800,44790,0,45040,0,0,0,0,0,0,0,0,0,0,0,0,0,0,0,0,0,0,0,0,0
6274195,삼성전자 노트북 DDR4-2666,삼성전자 노트북,DDR4,2666,0,8GB,8,0,0,0,0,0,0,22540,22530,0,22990,0,0,0,0,0,0,0,0,0,0,0,0,0,0,0,0,0,0,0,0,0
6274195,삼성전자 노트북 DDR4-2666,삼성전자 노트북,DDR4,2666,0,4GB,4,0,0,0,0,0,0,12970,13030,0,13030,0,0,0,0,0,0,0,0,0,0,0,0,0,0,0,0,0,0,0,0,0
16316135,삼성전자 노트북 DDR4-2666 중고,삼성전자 노트북 중고,DDR4,2666,0,16GB,16,41990,41990,41990,41990,41990,41990,41990,41990,41990,0,0,0,0,0,43790,0,0,43790,43790,43790,43790,43790,43790,0,42890,42890,42890,42890,42890,42890,0
16316135,삼성전자 노트북 DDR4-2666 중고,삼성전자 노트북 중고,DDR4,2666,0,8GB,8,21120,21120,21120,21120,21120,21120,21120,21120,21120,0,0,0,0,0,19860,0,0,21530,21510,20970,20930,20800,20680,0,20580,20380,20380,20380,20290,20290,0
16316135,삼성전자 노트북 DDR4-2666 중고,삼성전자 노트북 중고,DDR4,2666,0,4GB,4,10890,10890,10890,10890,10890,10890,10890,10890,10890,0,0,0,0,0,10890,0,0,10890,10890,10890,10890,10890,10890,0,10290,10290,10290,10290,10290,10290,0
16834745,삼성전자 노트북 DDR4-2666 중고,삼성전자 노트북 중고,DDR4,2666,0,16GB,16,0,0,0,0,0,0,0,0,0,43790,43790,43790,43790,43790,0,0,0,0,0,0,0,0,0,43790,0,0,0,0,0,0,42900
16834745,삼성전자 노트북 DDR4-2666 중고,삼성전자 노트북 중고,DDR4,2666,0,8GB,8,0,0,0,0,0,0,0,0,0,21120,21120,21120,19900,19870,0,0,0,0,0,0,0,0,0,20660,0,0,0,0,0,0,20290
16834745,삼성전자 노트북 DDR4-2666 중고,삼성전자 노트북 중고,DDR4,2666,0,4GB,4,0,0,0,0,0,0,0,0,0,10890,10890,10890,10890,10890,0,0,0,0,0,0,0,0,0,10890,0,0,0,0,0,0,10290
10853625,삼성전자 노트북 DDR4-3200,삼성전자 노트북,DDR4,3200,0,32GB,32,89410,0,0,0,0,0,0,89940,89940,89940,89940,89940,89940,90980,90970,91230,91220,91220,91220,91220,91120,90990,90780,90560,90450,0,0,0,0,0,0
10853625,삼성전자 노트북 DDR4-3200,삼성전자 노트북,DDR4,3200,0,16GB,16,46410,0,0,0,0,0,0,45160,45170,45170,45170,45170,45170,45790,45730,45690,45570,46090,46090,46070,45990,45860,45720,45600,45540,0,0,0,0,0,0
10853625,삼성전자 노트북 DDR4-3200,삼성전자 노트북,DDR4,3200,0,8GB,8,23110,0,0,0,0,0,0,22800,23180,23160,23060,23050,23050,23050,23050,24450,24370,24340,24340,24330,24220,24100,24100,24030,24030,0,0,0,0,0,0
10853625,삼성전자 노트북 DDR4-3200,삼성전자 노트북,DDR4,3200,0,4GB,4,13480,0,0,0,0,0,0,12810,12700,12620,12600,12520,12470,12460,12460,13230,13120,13030,13010,12970,12910,12830,12750,12700,9900,0,0,0,0,0,0
11397141,삼성전자 노트북 DDR4-3200,삼성전자 노트북,DDR4,3200,0,32GB,32,0,89410,89940,89940,0,0,89940,0,0,0,0,0,0,0,0,0,0,0,0,0,0,0,0,0,0,90450,90450,90150,89940,89830,89620
11397141,삼성전자 노트북 DDR4-3200,삼성전자 노트북,DDR4,3200,0,16GB,16,0,46420,46360,46290,0,0,44710,0,0,0,0,0,0,0,0,0,0,0,0,0,0,0,0,0,0,45540,45540,45130,45030,45010,44990
11397141,삼성전자 노트북 DDR4-3200,삼성전자 노트북,DDR4,3200,0,8GB,8,0,23000,23050,22950,0,0,22800,0,0,0,0,0,0,0,0,0,0,0,0,0,0,0,0,0,0,23740,23700,23670,23600,23600,23560
11397141,삼성전자 노트북 DDR4-3200,삼성전자 노트북,DDR4,3200,0,4GB,4,0,13400,13340,13220,0,0,12900,0,0,0,0,0,0,0,0,0,0,0,0,0,0,0,0,0,0,9900,9900,9900,9900,9890,9890
10881360,삼성전자 노트북 DDR4-3200,삼성전자 노트북,DDR4,3200,0,32GB,32,0,0,0,0,89940,89940,0,0,0,0,0,0,0,0,0,0,0,0,0,0,0,0,0,0,0,0,0,0,0,0,0
10881360,삼성전자 노트북 DDR4-3200,삼성전자 노트북,DDR4,3200,0,16GB,16,0,0,0,0,46280,46280,0,0,0,0,0,0,0,0,0,0,0,0,0,0,0,0,0,0,0,0,0,0,0,0,0
10881360,삼성전자 노트북 DDR4-3200,삼성전자 노트북,DDR4,3200,0,8GB,8,0,0,0,0,22920,22810,0,0,0,0,0,0,0,0,0,0,0,0,0,0,0,0,0,0,0,0,0,0,0,0,0
10881360,삼성전자 노트북 DDR4-3200,삼성전자 노트북,DDR4,3200,0,4GB,4,0,0,0,0,13100,13000,0,0,0,0,0,0,0,0,0,0,0,0,0,0,0,0,0,0,0,0,0,0,0,0,0
17009480,삼성전자 노트북 DDR4-3200 중고,삼성전자 노트북 중고,DDR4,3200,0,16GB,16,45490,45490,45490,0,0,0,0,0,0,0,0,0,0,0,0,0,0,0,0,0,0,0,0,0,0,0,0,43260,43260,43260,43260
17009480,삼성전자 노트북 DDR4-3200 중고,삼성전자 노트북 중고,DDR4,3200,0,8GB,8,23120,23040,22990,0,0,0,0,0,0,0,0,0,0,0,0,0,0,0,0,0,0,0,0,0,0,0,0,22880,22820,22780,22710
17009480,삼성전자 노트북 DDR4-3200 중고,삼성전자 노트북 중고,DDR4,3200,0,4GB,4,11000,11000,11000,0,0,0,0,0,0,0,0,0,0,0,0,0,0,0,0,0,0,0,0,0,0,0,0,11000,11000,11000,11000
14679644,삼성전자 노트북 DDR4-3200 중고,삼성전자 노트북 중고,DDR4,3200,0,16GB,16,0,0,0,41410,45490,45490,45490,45490,45490,0,0,0,0,0,0,0,0,0,0,0,0,0,0,0,0,0,0,0,0,0,0
14679644,삼성전자 노트북 DDR4-3200 중고,삼성전자 노트북 중고,DDR4,3200,0,8GB,8,0,0,0,22990,22990,22990,22990,22990,22990,0,0,0,0,0,0,0,0,0,0,0,0,0,0,0,0,0,0,0,0,0,0
14679644,삼성전자 노트북 DDR4-3200 중고,삼성전자 노트북 중고,DDR4,3200,0,4GB,4,0,0,0,11000,11000,11000,11000,11000,11000,0,0,0,0,0,0,0,0,0,0,0,0,0,0,0,0,0,0,0,0,0,0
16524044,삼성전자 노트북 DDR4-3200 중고,삼성전자 노트북 중고,DDR4,3200,0,16GB,16,0,0,0,0,0,0,0,0,0,45490,45490,45490,45490,45490,45490,0,0,45490,45490,45490,45490,45490,45490,45490,45490,43260,43260,0,0,0,0
16524044,삼성전자 노트북 DDR4-3200 중고,삼성전자 노트북 중고,DDR4,3200,0,8GB,8,0,0,0,0,0,0,0,0,0,22900,22880,22880,22880,23150,23140,0,0,23870,23870,23000,22980,22950,22920,22990,22950,22910,22940,0,0,0,0
16524044,삼성전자 노트북 DDR4-3200 중고,삼성전자 노트북 중고,DDR4,3200,0,4GB,4,0,0,0,0,0,0,0,0,0,11000,11000,11000,11000,11000,11000,0,0,11000,11000,11000,11000,11000,11000,11000,11000,11000,11000,0,0,0,0
17666249,삼성전자 노트북 DDR5-4800,삼성전자 노트북,DDR5,4800,0,32GB,32,118830,118830,118830,0,0,0,0,117900,117900,117900,116910,116910,116910,116910,116910,116910,115010,114750,115010,114890,113270,113270,0,113050,113040,113040,113040,113040,113040,113040,113040
17666249,삼성전자 노트북 DDR5-4800,삼성전자 노트북,DDR5,4800,0,16GB,16,58800,58690,58550,0,0,0,0,58270,58130,58010,57930,57930,57930,59010,58960,58940,58840,58730,58700,58650,56500,56490,0,56360,56360,56360,56360,56360,56360,56320,56280
17666249,삼성전자 노트북 DDR5-4800,삼성전자 노트북,DDR5,4800,0,8GB,8,10810,10790,10670,0,0,0,0,10980,8480,10990,10890,10870,10770,10750,10660,10960,10840,10490,10490,10490,10460,10370,0,10320,10320,10320,10320,10320,10320,10320,10800
17666252,삼성전자 노트북 DDR5-4800,삼성전자 노트북,DDR5,4800,0,32GB,32,0,0,0,118830,117900,0,0,0,0,0,0,0,0,0,0,0,0,0,0,0,0,0,0,0,0,0,0,0,0,0,0
17666252,삼성전자 노트북 DDR5-4800,삼성전자 노트북,DDR5,4800,0,16GB,16,0,0,0,58410,58370,0,0,0,0,0,0,0,0,0,0,0,0,0,0,0,0,0,0,0,0,0,0,0,0,0,0
17666252,삼성전자 노트북 DDR5-4800,삼성전자 노트북,DDR5,4800,0,8GB,8,0,0,0,10940,10840,0,0,0,0,0,0,0,0,0,0,0,0,0,0,0,0,0,0,0,0,0,0,0,0,0,0
17666243,삼성전자 노트북 DDR5-4800,삼성전자 노트북,DDR5,4800,0,32GB,32,0,0,0,0,0,117900,117900,0,0,0,0,0,0,0,0,0,0,0,0,0,0,0,113430,0,0,0,0,0,0,0,0
17666243,삼성전자 노트북 DDR5-4800,삼성전자 노트북,DDR5,4800,0,16GB,16,0,0,0,0,0,58370,58350,0,0,0,0,0,0,0,0,0,0,0,0,0,0,0,56360,0,0,0,0,0,0,0,0
17666243,삼성전자 노트북 DDR5-4800,삼성전자 노트북,DDR5,4800,0,8GB,8,0,0,0,0,0,10730,10980,0,0,0,0,0,0,0,0,0,0,0,0,0,0,0,10320,0,0,0,0,0,0,0,0
16891118,삼성전자 노트북 DDR5-4800 병행수입,삼성전자 노트북 병행수입,DDR5,4800,0,32GB,32,128050,121220,128050,128050,128050,128050,128050,143900,143900,143900,143900,143900,143900,143900,143900,0,0,143900,143900,143900,143900,143900,143900,143900,143900,143900,143900,143900,143900,143900,143900
16891118,삼성전자 노트북 DDR5-4800 병행수입,삼성전자 노트북 병행수입,DDR5,4800,0,16GB,16,58120,58120,58120,58120,58120,58120,58120,58120,58120,58120,58120,58120,58120,58120,58120,0,0,58120,58120,58120,58120,58120,58120,58120,58120,58120,58120,58120,58120,58120,58120
16891118,삼성전자 노트북 DDR5-4800 병행수입,삼성전자 노트북 병행수입,DDR5,4800,0,8GB,8,23180,23180,23180,23180,23180,23180,23180,23180,23180,23180,23180,23180,23180,23180,26290,0,0,26290,26290,26290,26290,26290,26290,26290,26290,26290,26290,26290,26290,26290,26290
19952972,삼성전자 노트북 DDR5-5600,삼성전자 노트북,DDR5,5600,0,32GB,32,110430,110320,110060,110010,110010,110010,0,110020,109860,109690,109570,109570,109320,109310,109290,0,0,109270,109270,109160,108970,108950,108420,0,0,0,0,0,108350,108410,108390
19952972,삼성전자 노트북 DDR5-5600,삼성전자 노트북,DDR5,5600,0,16GB,16,53130,53130,55380,55320,55310,55310,0,55310,54900,54820,54740,54740,54690,55430,56240,0,0,55750,55680,55590,55450,55330,55300,0,0,0,0,0,54550,54430,54300
19952972,삼성전자 노트북 DDR5-5600,삼성전자 노트북,DDR5,5600,0,8GB,8,20810,20810,20810,21190,21180,21180,0,21150,21140,20490,13730,13730,13730,13730,13730,0,0,19410,19290,19190,21050,20250,20170,0,0,0,0,0,21190,21160,21150
20629313,삼성전자 노트북 DDR5-5600,삼성전자 노트북,DDR5,5600,0,32GB,32,0,0,0,0,0,0,110010,0,0,0,0,0,0,0,0,109290,109290,0,0,0,0,0,0,108420,108360,108400,108400,108370,0,0,0
20629313,삼성전자 노트북 DDR5-5600,삼성전자 노트북,DDR5,5600,0,16GB,16,0,0,0,0,0,0,55310,0,0,0,0,0,0,0,0,56200,56000,0,0,0,0,0,0,55050,54910,54770,54800,54680,0,0,0
20629313,삼성전자 노트북 DDR5-5600,삼성전자 노트북,DDR5,5600,0,8GB,8,0,0,0,0,0,0,21170,0,0,0,0,0,0,0,0,13730,19550,0,0,0,0,0,0,20130,20100,20050,19930,19900,0,0,0
40715429,실리콘파워 DDR3-1333 1.35V 패키지 해외구매,실리콘파워 1.35V 패키지 해외구매,DDR3,1333,0,8GB(4GX2),8,24500,24500,0,0,0,0,0,0,0,0,0,0,0,0,22800,0,0,0,0,0,22890,22890,22890,0,0,0,24100,24100,24100,24100,24100
40715429,실리콘파워 DDR3-1333 1.35V 패키지 해외구매,실리콘파워 1.35V 패키지 해외구매,DDR3,1333,0,16GB(8GX2),16,33100,33100,0,0,0,0,0,0,0,0,0,0,0,0,35100,0,0,0,0,0,32500,32500,32500,0,0,0,29250,32500,32500,32500,27620
40715384,실리콘파워 DDR3-1333 패키지 해외구매,실리콘파워 패키지 해외구매,DDR3,1333,0,16GB(8GX2),16,0,0,0,0,0,0,0,0,0,0,0,0,0,0,33300,0,0,0,0,0,0,0,0,0,0,0,0,0,0,0,0
40715384,실리콘파워 DDR3-1333 패키지 해외구매,실리콘파워 패키지 해외구매,DDR3,1333,0,8GB(4GX2),8,0,0,0,0,0,0,0,0,0,0,0,0,0,0,23270,0,0,0,0,0,0,0,0,0,0,0,0,0,0,0,0
40715315,실리콘파워 DDR3-1333 패키지 해외구매,실리콘파워 패키지 해외구매,DDR3,1333,0,16GB(8GX2),16,0,0,0,0,0,0,0,0,0,0,0,0,0,0,0,0,0,32900,32900,32900,32400,32600,32600,32600,32600,32600,32600,32600,32600,32600,32600
40715315,실리콘파워 DDR3-1333 패키지 해외구매,실리콘파워 패키지 해외구매,DDR3,1333,0,8GB(4GX2),8,0,0,0,0,0,0,0,0,0,0,0,0,0,0,0,0,0,23080,23080,23080,23080,23080,23080,23080,24300,24300,24300,24300,24300,24300,24300
44405579,실리콘파워 DDR4-2666 CL19 패키지 해외구매,실리콘파워 패키지 해외구매,DDR4,2666,CL19,32GB(16GX2),32,0,91200,0,0,0,0,0,93900,90500,90500,0,0,0,0,0,0,0,0,87900,87900,87900,87900,87900,87900,0,0,0,0,88900,88900,75560
44405579,실리콘파워 DDR4-2666 CL19 패키지 해외구매,실리콘파워 패키지 해외구매,DDR4,2666,CL19,16GB(8GX2),16,0,50800,0,0,0,0,0,50800,50800,50800,0,0,0,0,0,0,0,0,45790,45790,45790,45790,45790,45790,0,0,0,0,48200,48200,41140
44405591,실리콘파워 DDR4-2666 CL19 패키지 해외구매,실리콘파워 패키지 해외구매,DDR4,2666,CL19,32GB(16GX2),32,0,0,0,0,0,0,92200,0,0,0,90600,90600,90600,89500,89200,0,0,0,0,0,0,0,0,0,0,0,0,0,0,0,0
44405591,실리콘파워 DDR4-2666 CL19 패키지 해외구매,실리콘파워 패키지 해외구매,DDR4,2666,CL19,16GB(8GX2),16,0,0,0,0,0,0,50800,0,0,0,47970,47970,47970,46450,46450,0,0,0,0,0,0,0,0,0,0,0,0,0,0,0,0
9805785,실리콘파워 DDR4-3200 CL16 Xpower Turbine RGB 패키지,실리콘파워 Xpower Turbine RGB 패키지,DDR4,3200,CL16,32GB(16GX2),32,247680,247680,247680,247680,0,0,0,0,0,0,0,0,0,0,0,0,0,0,0,0,0,0,129000,129000,129000,129000,129000,129000,129000,0,0
9805785,실리콘파워 DDR4-3200 CL16 Xpower Turbine RGB 패키지,실리콘파워 Xpower Turbine RGB 패키지,DDR4,3200,CL16,16GB(8GX2),16,68400,68400,68400,68400,0,0,0,0,0,0,0,0,0,0,0,0,0,0,0,0,0,0,59900,59900,53910,53910,53910,59900,59600,0,0
9805746,실리콘파워 DDR4-3200 CL16 Xpower Turbine RGB 패키지,실리콘파워 Xpower Turbine RGB 패키지,DDR4,3200,CL16,32GB(16GX2),32,0,0,0,0,247680,247680,247680,247680,247680,247680,247680,247680,247680,247680,247680,0,0,247680,247680,247680,0,0,0,0,0,0,0,0,0,129000,129000
9805746,실리콘파워 DDR4-3200 CL16 Xpower Turbine RGB 패키지,실리콘파워 Xpower Turbine RGB 패키지,DDR4,3200,CL16,16GB(8GX2),16,0,0,0,0,68400,68400,68400,68200,68200,68200,64500,64500,64500,66500,66500,0,0,59900,59900,59900,0,0,0,0,0,0,0,0,0,59600,59900
40717631,실리콘파워 DDR4-3200 CL16 Xpower Turbine 패키지 해외구매,실리콘파워 Xpower Turbine 패키지 해외구매,DDR4,3200,CL16,32GB(16GX2),32,101900,101900,101900,101900,101900,101900,101900,101900,101900,101900,101800,101800,0,0,0,0,0,0,0,0,0,0,98900,98900,0,0,89010,98900,89990,89990,0
40717631,실리콘파워 DDR4-3200 CL16 Xpower Turbine 패키지 해외구매,실리콘파워 Xpower Turbine 패키지 해외구매,DDR4,3200,CL16,16GB(8GX2),16,61400,61400,61400,61400,61400,61400,61400,61400,61400,61400,58230,58230,0,0,0,0,0,0,0,0,0,0,50250,50250,0,0,52900,52900,52900,52900,0
40717688,실리콘파워 DDR4-3200 CL16 Xpower Turbine 패키지 해외구매,실리콘파워 Xpower Turbine 패키지 해외구매,DDR4,3200,CL16,32GB(16GX2),32,0,0,0,0,0,0,0,0,0,0,0,101800,0,0,0,0,0,0,0,0,0,0,98900,98900,0,0,89010,0,0,0,0
40717688,실리콘파워 DDR4-3200 CL16 Xpower Turbine 패키지 해외구매,실리콘파워 Xpower Turbine 패키지 해외구매,DDR4,3200,CL16,16GB(8GX2),16,0,0,0,0,0,0,0,0,0,0,0,58230,0,0,0,0,0,0,0,0,0,0,50250,50250,0,0,52900,0,0,0,0
40718048,실리콘파워 DDR4-3200 CL16 Xpower Zenith 패키지 해외구매,실리콘파워 Xpower Zenith 패키지 해외구매,DDR4,3200,CL16,16GB(8GX2),16,61300,61300,61300,61300,61300,61300,60500,60500,57470,57470,57660,57660,57660,56330,56330,56330,55570,0,0,0,49300,49590,52200,52200,0,0,46980,52200,52200,52200,52900
40718048,실리콘파워 DDR4-3200 CL16 Xpower Zenith 패키지 해외구매,실리콘파워 Xpower Zenith 패키지 해외구매,DDR4,3200,CL16,32GB(16GX2),32,118860,118830,118830,118830,118830,118830,121190,134460,134030,133780,133920,134000,134260,134260,136500,135970,136120,0,0,0,135550,135760,127350,127350,0,0,126820,126840,126560,126170,126170
13304231,실리콘파워 DDR4-3200 CL22,실리콘파워,DDR4,3200,CL22,32GB,32,144000,144000,144000,0,0,144000,0,0,0,0,0,0,0,0,0,0,0,0,0,0,0,0,0,0,0,0,0,0,0,0,0
13304231,실리콘파워 DDR4-3200 CL22,실리콘파워,DDR4,3200,CL22,16GB,16,69500,69500,69500,0,0,69500,0,0,0,0,0,0,0,0,0,0,0,0,0,0,0,0,0,0,0,0,0,0,0,0,0
13304231,실리콘파워 DDR4-3200 CL22,실리콘파워,DDR4,3200,CL22,8GB,8,36500,36500,36500,0,0,36500,0,0,0,0,0,0,0,0,0,0,0,0,0,0,0,0,0,0,0,0,0,0,0,0,0
13574633,실리콘파워 DDR4-3200 CL22,실리콘파워,DDR4,3200,CL22,32GB,32,0,0,0,144000,144000,0,0,0,0,0,0,0,0,144000,144000,0,0,144000,144000,144000,144000,144000,144000,144000,144000,144000,144000,144000,144000,144000,144000
13574633,실리콘파워 DDR4-3200 CL22,실리콘파워,DDR4,3200,CL22,16GB,16,0,0,0,69500,69500,0,0,0,0,0,0,0,0,69500,69500,0,0,69500,69500,69500,69500,69500,69500,69500,69500,69500,69500,69500,69500,69500,69500
13574633,실리콘파워 DDR4-3200 CL22,실리콘파워,DDR4,3200,CL22,8GB,8,0,0,0,36500,36500,0,0,0,0,0,0,0,0,36500,36500,0,0,36500,36500,36500,36500,36500,36500,36500,36500,36500,36500,36500,36500,36500,36500
14240648,실리콘파워 DDR4-3200 CL22,실리콘파워,DDR4,3200,CL22,32GB,32,0,0,0,0,0,0,144000,144000,144000,144000,144000,144000,144000,0,0,0,0,0,0,0,0,0,0,0,0,0,0,0,0,0,0
14240648,실리콘파워 DDR4-3200 CL22,실리콘파워,DDR4,3200,CL22,16GB,16,0,0,0,0,0,0,69500,69500,69500,69500,69500,69500,69500,0,0,0,0,0,0,0,0,0,0,0,0,0,0,0,0,0,0
14240648,실리콘파워 DDR4-3200 CL22,실리콘파워,DDR4,3200,CL22,8GB,8,0,0,0,0,0,0,36500,36500,36500,36500,36500,36500,36500,0,0,0,0,0,0,0,0,0,0,0,0,0,0,0,0,0,0
40719371,실리콘파워 DDR4-3200 CL22 패키지 해외구매,실리콘파워 패키지 해외구매,DDR4,3200,CL22,32GB(16GX2),32,0,0,0,0,0,91200,91200,91200,91200,91200,86640,86640,0,0,0,0,0,0,0,0,0,0,0,0,0,0,0,0,0,0,0
40719371,실리콘파워 DDR4-3200 CL22 패키지 해외구매,실리콘파워 패키지 해외구매,DDR4,3200,CL22,16GB(8GX2),16,0,0,0,0,0,51500,51500,51980,51550,51550,51550,51550,0,0,0,0,0,0,0,0,0,0,0,0,0,0,0,0,0,0,0
40719320,실리콘파워 DDR4-3200 CL22 패키지 해외구매,실리콘파워 패키지 해외구매,DDR4,3200,CL22,32GB(16GX2),32,0,0,0,0,0,0,0,0,0,0,0,0,86640,86640,86350,0,0,85400,85400,85400,85400,85400,85400,0,0,0,89900,89900,89600,89600,76160
40719320,실리콘파워 DDR4-3200 CL22 패키지 해외구매,실리콘파워 패키지 해외구매,DDR4,3200,CL22,16GB(8GX2),16,0,0,0,0,0,0,0,0,0,0,0,0,51550,50950,50500,0,0,49900,49900,49900,50300,50300,50300,0,0,0,46170,49900,49900,49900,49900
40715864,실리콘파워 DDR4-3200 해외구매,실리콘파워 해외구매,DDR4,3200,0,32GB,32,104500,104500,104500,103000,103000,103000,103000,103000,103000,103000,97850,97850,97850,97850,97850,0,0,97850,97850,97850,97850,97850,97850,97850,103000,103000,103000,103000,103000,103000,88310
40715864,실리콘파워 DDR4-3200 해외구매,실리콘파워 해외구매,DDR4,3200,0,16GB,16,48900,48900,48900,48100,48100,48100,48100,47800,47800,47800,45410,45410,45410,45500,45500,0,0,45030,45030,45030,45120,45120,45120,45120,47500,47500,47500,47500,47500,47500,47500
40715864,실리콘파워 DDR4-3200 해외구매,실리콘파워 해외구매,DDR4,3200,0,8GB,8,28500,28500,28500,28300,28300,28300,28300,21200,21200,21200,20140,20140,28500,29500,29500,0,0,29500,29500,29500,29500,29500,29500,29500,29500,29500,29500,29500,29500,29500,29500
40718354,실리콘파워 DDR4-3600 CL18 Xpower Turbine 패키지 해외구매,실리콘파워 Xpower Turbine 패키지 해외구매,DDR4,3600,CL18,32GB(16GX2),32,109300,109300,109300,109300,109300,109300,109300,107200,107200,0,0,0,0,0,0,0,0,0,0,0,0,107200,107200,0,0,0,96480,107200,107200,107200,108200
40718354,실리콘파워 DDR4-3600 CL18 Xpower Turbine 패키지 해외구매,실리콘파워 Xpower Turbine 패키지 해외구매,DDR4,3600,CL18,16GB(8GX2),16,60200,60200,60200,60200,60200,60200,60200,60200,59500,0,0,0,0,0,0,0,0,0,0,0,0,59500,59500,0,0,0,53550,59500,59500,59500,60200
44405627,실리콘파워 DDR4-3600 CL18 Xpower Turbine 패키지 해외구매,실리콘파워 Xpower Turbine 패키지 해외구매,DDR4,3600,CL18,32GB(16GX2),32,109300,109300,109300,109300,109300,109300,109300,107200,107200,0,0,0,0,0,0,0,0,0,0,0,0,0,0,0,0,0,96480,107200,107200,107200,108200
44405627,실리콘파워 DDR4-3600 CL18 Xpower Turbine 패키지 해외구매,실리콘파워 Xpower Turbine 패키지 해외구매,DDR4,3600,CL18,16GB(8GX2),16,60200,60200,60200,60200,60200,60200,60200,60200,59500,0,0,0,0,0,0,0,0,0,0,0,0,0,0,0,0,0,53550,59500,59500,59500,60200
16047473,실리콘파워 DDR4-3600 CL18 Xpower Zenith RGB,실리콘파워 Xpower Zenith RGB,DDR4,3600,CL18,32GB(16GX2),32,0,0,0,0,0,0,0,0,0,0,0,0,0,0,0,0,0,0,0,0,0,0,0,0,0,0,0,0,113900,0,0
16047473,실리콘파워 DDR4-3600 CL18 Xpower Zenith RGB,실리콘파워 Xpower Zenith RGB,DDR4,3600,CL18,16GB(8GX2),16,0,0,0,0,0,0,0,0,0,0,0,0,0,0,0,0,0,0,0,0,0,0,0,0,0,0,0,0,73600,0,0
40718189,실리콘파워 DDR4-3600 CL18 Xpower Zenith 패키지 해외구매,실리콘파워 Xpower Zenith 패키지 해외구매,DDR4,3600,CL18,16GB(8GX2),16,0,0,0,0,0,0,0,0,0,0,0,0,0,0,0,0,0,0,0,0,0,0,0,0,69600,69600,69600,69600,69600,69600,69600
40718189,실리콘파워 DDR4-3600 CL18 Xpower Zenith 패키지 해외구매,실리콘파워 Xpower Zenith 패키지 해외구매,DDR4,3600,CL18,32GB(16GX2),32,0,0,0,0,0,0,0,0,0,0,0,0,0,0,0,0,0,0,0,0,0,0,0,0,107900,107900,107900,107900,107700,107700,108200
55044782,실리콘파워 DDR5-6000 CL30 Xpower Zenith 화이트 패키지 해외구매,실리콘파워 Xpower Zenith 화이트 패키지 해외구매,DDR5,6000,CL30,64GB(32GX2),64,0,0,0,0,0,0,0,0,0,0,0,0,0,0,0,0,0,0,0,0,0,0,0,0,0,0,0,0,0,0,400600
55044782,실리콘파워 DDR5-6000 CL30 Xpower Zenith 화이트 패키지 해외구매,실리콘파워 Xpower Zenith 화이트 패키지 해외구매,DDR5,6000,CL30,32GB(16GX2),32,0,0,0,0,0,0,0,0,0,0,0,0,0,0,0,0,0,0,0,0,0,0,0,0,0,0,0,0,0,0,170000
55044851,실리콘파워 DDR5-6000 CL30 Xpower Zenith 화이트 패키지 해외구매,실리콘파워 Xpower Zenith 화이트 패키지 해외구매,DDR5,6000,CL30,64GB(32GX2),64,0,0,0,0,0,0,0,0,0,0,0,0,0,0,0,0,0,0,0,0,0,0,0,0,0,0,0,0,0,0,400600
55044851,실리콘파워 DDR5-6000 CL30 Xpower Zenith 화이트 패키지 해외구매,실리콘파워 Xpower Zenith 화이트 패키지 해외구매,DDR5,6000,CL30,32GB(16GX2),32,0,0,0,0,0,0,0,0,0,0,0,0,0,0,0,0,0,0,0,0,0,0,0,0,0,0,0,0,0,0,170000
39768677,실리콘파워 노트북 DDR4-2400 패키지 해외구매,실리콘파워 노트북 패키지 해외구매,DDR4,2400,0,8GB(4GX2),8,31900,0,0,0,0,0,0,0,0,0,0,0,0,0,0,0,0,29920,29920,0,0,0,0,0,0,0,0,0,0,0,0
39768677,실리콘파워 노트북 DDR4-2400 패키지 해외구매,실리콘파워 노트북 패키지 해외구매,DDR4,2400,0,16GB(8GX2),16,50200,0,0,0,0,0,0,0,0,0,0,0,0,0,0,0,0,45500,45500,0,0,0,0,0,0,0,0,0,0,0,0
39768677,실리콘파워 노트북 DDR4-2400 패키지 해외구매,실리콘파워 노트북 패키지 해외구매,DDR4,2400,0,32GB(16GX2),32,91900,0,0,0,0,0,0,0,0,0,0,0,0,0,0,0,0,84450,84450,0,0,0,0,0,0,0,0,0,0,0,0
39768698,실리콘파워 노트북 DDR4-2400 패키지 해외구매,실리콘파워 노트북 패키지 해외구매,DDR4,2400,0,8GB(4GX2),8,0,31900,31900,30000,30000,30000,30000,30000,30000,30000,28500,28500,28500,29920,29920,0,0,0,0,0,0,0,0,0,0,0,0,0,0,0,0
39768698,실리콘파워 노트북 DDR4-2400 패키지 해외구매,실리콘파워 노트북 패키지 해외구매,DDR4,2400,0,16GB(8GX2),16,0,50200,50200,49900,49900,49900,49900,49700,49700,49700,47210,47210,47210,47210,46450,0,0,0,0,0,0,0,0,0,0,0,0,0,0,0,0
39768698,실리콘파워 노트북 DDR4-2400 패키지 해외구매,실리콘파워 노트북 패키지 해외구매,DDR4,2400,0,32GB(16GX2),32,0,91900,91900,91100,91100,91100,91100,91100,91100,91100,86540,86540,86540,86540,85970,0,0,0,0,0,0,0,0,0,0,0,0,0,0,0,0
39768716,실리콘파워 노트북 DDR4-2400 패키지 해외구매,실리콘파워 노트북 패키지 해외구매,DDR4,2400,0,8GB(4GX2),8,0,0,0,0,0,0,0,0,0,0,0,0,0,0,0,0,0,0,0,29920,29920,29920,29920,29920,31500,31500,0,0,0,0,0
39768716,실리콘파워 노트북 DDR4-2400 패키지 해외구매,실리콘파워 노트북 패키지 해외구매,DDR4,2400,0,16GB(8GX2),16,0,0,0,0,0,0,0,0,0,0,0,0,0,0,0,0,0,0,0,45500,45500,47400,45500,45500,49900,49900,0,0,0,0,0
39768716,실리콘파워 노트북 DDR4-2400 패키지 해외구매,실리콘파워 노트북 패키지 해외구매,DDR4,2400,0,32GB(16GX2),32,0,0,0,0,0,0,0,0,0,0,0,0,0,0,0,0,0,0,0,84450,84450,84450,84450,84450,90900,90900,0,0,0,0,0
39768689,실리콘파워 노트북 DDR4-2400 해외구매,실리콘파워 노트북 해외구매,DDR4,2400,0,4GB,4,18400,18400,18400,18300,18300,18300,18300,18300,18300,18300,17380,0,0,18300,17380,0,0,17290,17290,17290,17290,17290,17290,17290,18200,18200,18200,18200,18200,18200,18200
39768689,실리콘파워 노트북 DDR4-2400 해외구매,실리콘파워 노트북 해외구매,DDR4,2400,0,16GB,16,49000,49000,49000,49000,49000,49000,47900,47900,47900,47900,47900,0,0,47900,47500,0,0,65700,65700,65700,46900,46900,46900,46900,65700,65700,42210,46900,46900,46900,47100
39768689,실리콘파워 노트북 DDR4-2400 해외구매,실리콘파워 노트북 해외구매,DDR4,2400,0,8GB,8,27600,27600,27600,27400,27400,27400,27400,27400,27400,27400,26120,0,0,26120,25550,0,0,25270,25270,25270,25270,25270,25270,25270,26600,26600,26600,26600,26600,26600,22780
39768710,실리콘파워 노트북 DDR4-2400 해외구매,실리콘파워 노트북 해외구매,DDR4,2400,0,4GB,4,0,0,0,0,0,0,0,0,0,0,0,17380,17380,0,0,0,0,0,0,0,0,0,0,0,0,0,0,0,0,0,0
39768710,실리콘파워 노트북 DDR4-2400 해외구매,실리콘파워 노트북 해외구매,DDR4,2400,0,16GB,16,0,0,0,0,0,0,0,0,0,0,0,47900,47900,0,0,0,0,0,0,0,0,0,0,0,0,0,0,0,0,0,0
39768710,실리콘파워 노트북 DDR4-2400 해외구매,실리콘파워 노트북 해외구매,DDR4,2400,0,8GB,8,0,0,0,0,0,0,0,0,0,0,0,26120,26120,0,0,0,0,0,0,0,0,0,0,0,0,0,0,0,0,0,0
39768977,실리콘파워 노트북 DDR4-2666 패키지 해외구매,실리콘파워 노트북 패키지 해외구매,DDR4,2666,0,16GB(8GX2),16,52500,52500,52500,52500,52500,52500,52500,52300,51900,51900,51800,51800,51800,50900,47500,0,0,47400,47400,0,0,0,0,47500,50000,50000,50000,0,0,0,0
39768977,실리콘파워 노트북 DDR4-2666 패키지 해외구매,실리콘파워 노트북 패키지 해외구매,DDR4,2666,0,32GB(16GX2),32,99900,99900,99900,99900,99900,99900,99900,98500,98500,98500,98500,98500,98500,98900,97900,0,0,96800,96800,0,0,0,0,126200,126200,126200,87210,0,0,0,0
39768989,실리콘파워 노트북 DDR4-2666 패키지 해외구매,실리콘파워 노트북 패키지 해외구매,DDR4,2666,0,16GB(8GX2),16,0,0,0,0,0,0,0,0,0,0,0,0,0,0,0,0,0,0,0,47400,47500,47500,47500,0,0,0,0,0,0,0,0
39768989,실리콘파워 노트북 DDR4-2666 패키지 해외구매,실리콘파워 노트북 패키지 해외구매,DDR4,2666,0,32GB(16GX2),32,0,0,0,0,0,0,0,0,0,0,0,0,0,0,0,0,0,0,0,96800,96900,96900,96900,0,0,0,0,0,0,0,0
39768890,실리콘파워 노트북 DDR4-2666 해외구매,실리콘파워 노트북 해외구매,DDR4,2666,0,4GB,4,18400,18400,18400,18300,18300,18300,18300,18300,18300,18300,0,0,0,18300,18300,0,0,18300,18300,18300,18300,18300,18300,0,0,0,0,0,0,0,0
39768890,실리콘파워 노트북 DDR4-2666 해외구매,실리콘파워 노트북 해외구매,DDR4,2666,0,16GB,16,52900,52900,52900,52500,52500,52500,52500,52500,52500,52500,0,0,0,51900,51400,0,0,50900,50900,50900,50900,50900,50900,0,0,0,0,0,0,0,0
39768890,실리콘파워 노트북 DDR4-2666 해외구매,실리콘파워 노트북 해외구매,DDR4,2666,0,32GB,32,171270,171270,171270,171270,171270,171270,171270,171270,171270,171270,0,0,0,171270,171270,0,0,171270,171270,171270,171270,171270,169380,0,0,0,0,0,0,0,0
39768890,실리콘파워 노트북 DDR4-2666 해외구매,실리콘파워 노트북 해외구매,DDR4,2666,0,8GB,8,28500,28500,28500,28500,28500,28500,28500,28400,28400,28400,0,0,0,26410,26410,0,0,25930,25930,25930,25930,26500,26120,0,0,0,0,0,0,0,0
39768971,실리콘파워 노트북 DDR4-2666 해외구매,실리콘파워 노트북 해외구매,DDR4,2666,0,4GB,4,0,0,0,0,0,0,0,0,0,0,18300,18300,18300,0,0,0,0,0,0,0,0,0,0,0,17380,17380,0,0,0,0,0
39768971,실리콘파워 노트북 DDR4-2666 해외구매,실리콘파워 노트북 해외구매,DDR4,2666,0,16GB,16,0,0,0,0,0,0,0,0,0,0,52500,52500,52500,0,0,0,0,0,0,0,0,0,0,76500,76500,76500,0,0,0,0,0
39768971,실리콘파워 노트북 DDR4-2666 해외구매,실리콘파워 노트북 해외구매,DDR4,2666,0,32GB,32,0,0,0,0,0,0,0,0,0,0,171270,171270,171270,0,0,0,0,0,0,0,0,0,0,169380,169380,169380,0,0,0,0,0
39768971,실리콘파워 노트북 DDR4-2666 해외구매,실리콘파워 노트북 해외구매,DDR4,2666,0,8GB,8,0,0,0,0,0,0,0,0,0,0,27070,27070,27070,0,0,0,0,0,0,0,0,0,0,26120,27500,27500,0,0,0,0,0
13304306,실리콘파워 노트북 DDR4-3200 CL22,실리콘파워 노트북,DDR4,3200,CL22,32GB,32,145900,145900,145900,145900,145900,145900,145900,0,0,0,0,0,0,0,145900,0,0,0,0,0,0,0,0,0,0,0,0,0,145900,145900,145900
13304306,실리콘파워 노트북 DDR4-3200 CL22,실리콘파워 노트북,DDR4,3200,CL22,16GB,16,71000,71000,71000,71000,71000,71000,71000,0,0,0,0,0,0,0,71000,0,0,0,0,0,0,0,0,0,0,0,0,0,71000,71000,71000
13304306,실리콘파워 노트북 DDR4-3200 CL22,실리콘파워 노트북,DDR4,3200,CL22,8GB,8,37200,37200,37200,37200,37200,37200,37200,0,0,0,0,0,0,0,37200,0,0,0,0,0,0,0,0,0,0,0,0,0,37200,37200,37200
13574648,실리콘파워 노트북 DDR4-3200 CL22,실리콘파워 노트북,DDR4,3200,CL22,32GB,32,0,0,0,0,0,0,0,145900,145900,145900,145900,145900,145900,145900,0,0,0,145900,145900,145900,145900,145900,145900,145900,0,0,0,0,0,0,0
13574648,실리콘파워 노트북 DDR4-3200 CL22,실리콘파워 노트북,DDR4,3200,CL22,16GB,16,0,0,0,0,0,0,0,71000,71000,71000,71000,71000,71000,71000,0,0,0,71000,71000,71000,71000,71000,71000,71000,0,0,0,0,0,0,0
13574648,실리콘파워 노트북 DDR4-3200 CL22,실리콘파워 노트북,DDR4,3200,CL22,8GB,8,0,0,0,0,0,0,0,37200,37200,37200,37200,37200,37200,37200,0,0,0,37200,37200,37200,37200,37200,37200,37200,0,0,0,0,0,0,0
13304330,실리콘파워 노트북 DDR4-3200 CL22,실리콘파워 노트북,DDR4,3200,CL22,32GB,32,0,0,0,0,0,0,0,0,0,0,0,0,0,0,0,0,0,0,0,0,0,0,0,0,145900,145900,145900,145900,0,0,0
13304330,실리콘파워 노트북 DDR4-3200 CL22,실리콘파워 노트북,DDR4,3200,CL22,16GB,16,0,0,0,0,0,0,0,0,0,0,0,0,0,0,0,0,0,0,0,0,0,0,0,0,71000,71000,71000,71000,0,0,0
13304330,실리콘파워 노트북 DDR4-3200 CL22,실리콘파워 노트북,DDR4,3200,CL22,8GB,8,0,0,0,0,0,0,0,0,0,0,0,0,0,0,0,0,0,0,0,0,0,0,0,0,37200,37200,37200,37200,0,0,0
54481835,아이티젠 DDR4-2666,아이티젠,DDR4,2666,0,16GB,16,0,0,0,0,0,0,0,0,0,0,0,0,0,0,0,0,0,0,0,0,0,0,0,0,38600,38590,38490,35890,35840,35820,35810
54481835,아이티젠 DDR4-2666,아이티젠,DDR4,2666,0,8GB,8,0,0,0,0,0,0,0,0,0,0,0,0,0,0,0,0,0,0,0,0,0,0,0,0,17900,17890,17790,17750,17650,17550,17440
54481856,아이티젠 DDR4-2666,아이티젠,DDR4,2666,0,16GB,16,0,0,0,0,0,0,0,0,0,0,0,0,0,0,0,0,0,0,0,0,0,0,0,0,0,0,0,35890,0,0,0
54481856,아이티젠 DDR4-2666,아이티젠,DDR4,2666,0,8GB,8,0,0,0,0,0,0,0,0,0,0,0,0,0,0,0,0,0,0,0,0,0,0,0,0,0,0,0,17750,0,0,0
54482183,아이티젠 DDR4-3200,아이티젠,DDR4,3200,0,16GB,16,0,0,0,0,0,0,0,0,0,0,0,0,0,0,0,0,0,0,0,0,0,0,0,0,38800,38790,38780,42140,42060,41960,41850
54482183,아이티젠 DDR4-3200,아이티젠,DDR4,3200,0,8GB,8,0,0,0,0,0,0,0,0,0,0,0,0,0,0,0,0,0,0,0,0,0,0,0,0,19800,19780,19680,19690,18870,18770,18660
54482201,아이티젠 DDR4-3200,아이티젠,DDR4,3200,0,16GB,16,0,0,0,0,0,0,0,0,0,0,0,0,0,0,0,0,0,0,0,0,0,0,0,0,38800,38790,38780,42140,42060,41960,41850
54482201,아이티젠 DDR4-3200,아이티젠,DDR4,3200,0,8GB,8,0,0,0,0,0,0,0,0,0,0,0,0,0,0,0,0,0,0,0,0,0,0,0,0,19800,19780,19680,19690,18870,18770,18660
54481916,아이티젠 노트북 DDR4-2666,아이티젠 노트북,DDR4,2666,0,16GB,16,0,0,0,0,0,0,0,0,0,0,0,0,0,0,0,0,0,0,0,0,0,0,0,0,36800,36800,36800,34120,34040,34020,33910
54481916,아이티젠 노트북 DDR4-2666,아이티젠 노트북,DDR4,2666,0,8GB,8,0,0,0,0,0,0,0,0,0,0,0,0,0,0,0,0,0,0,0,0,0,0,0,0,20700,20700,20700,20700,16650,18490,18490
54482174,아이티젠 노트북 DDR4-3200,아이티젠 노트북,DDR4,3200,0,16GB,16,0,0,0,0,0,0,0,0,0,0,0,0,0,0,0,0,0,0,0,0,0,0,0,0,37500,37500,37500,36080,35980,35880,35770
54482174,아이티젠 노트북 DDR4-3200,아이티젠 노트북,DDR4,3200,0,8GB,8,0,0,0,0,0,0,0,0,0,0,0,0,0,0,0,0,0,0,0,0,0,0,0,0,21900,21890,21890,21900,17730,19690,19690
8540480,이메이션 DDR3-1600 CL11,이메이션,DDR3,1600,CL11,8GB,8,31800,31800,31800,31800,31800,31800,31800,31800,31800,31800,31800,31800,31800,31800,31800,0,0,31800,31800,31800,31800,31800,31800,31800,31800,31800,31800,31800,31800,31800,31800
8540480,이메이션 DDR3-1600 CL11,이메이션,DDR3,1600,CL11,4GB,4,14900,14900,14900,14900,14900,14900,14900,14900,14900,14900,14900,14900,14900,14900,14900,0,0,14900,14900,14900,14900,14900,14900,14900,14900,14900,14900,14900,14900,14900,14900
7868572,이메이션 DDR4-2666,이메이션,DDR4,2666,0,8GB,8,25080,25080,25080,25080,25080,0,0,0,0,0,25080,25080,25080,25080,25080,0,0,25070,25070,25070,25070,25070,25070,25070,25070,25070,25070,25070,25070,25070,25070
7868572,이메이션 DDR4-2666,이메이션,DDR4,2666,0,4GB,4,14500,14500,14500,14500,14500,0,0,0,0,0,14500,14500,14500,14500,14500,0,0,14500,14500,14500,14500,14500,14500,14500,14500,14500,14500,14500,14500,14500,14500
7829710,이메이션 DDR4-2666,이메이션,DDR4,2666,0,8GB,8,0,0,0,0,0,25080,25080,25080,25080,25080,0,0,0,0,0,0,0,0,0,0,0,0,0,0,0,0,0,0,0,0,0
7829710,이메이션 DDR4-2666,이메이션,DDR4,2666,0,4GB,4,0,0,0,0,0,14500,14500,14500,14500,14500,0,0,0,0,0,0,0,0,0,0,0,0,0,0,0,0,0,0,0,0,0
10495707,이메이션 DDR4-3200 CL22,이메이션,DDR4,3200,CL22,32GB,32,86400,86400,0,0,0,86400,0,86400,86400,86400,86400,86400,86400,86400,86400,0,0,86400,86400,86400,86400,86400,86400,0,0,0,0,86400,86400,0,86400
10495707,이메이션 DDR4-3200 CL22,이메이션,DDR4,3200,CL22,16GB,16,43790,43790,0,0,0,43790,0,43790,43790,43790,43790,43790,43790,43790,43790,0,0,43790,43790,43790,43790,43790,43790,0,0,0,0,43790,43790,0,43790
10495707,이메이션 DDR4-3200 CL22,이메이션,DDR4,3200,CL22,8GB,8,25000,25000,0,0,0,25000,0,25000,25000,25000,25000,25000,25000,25000,25000,0,0,25000,25000,25000,25000,25000,25000,0,0,0,0,25000,25000,0,25000
15860627,이메이션 DDR4-3200 CL22,이메이션,DDR4,3200,CL22,32GB,32,0,0,86400,86400,86400,0,86400,0,0,0,0,0,0,0,0,0,0,0,0,0,0,0,0,86400,86400,86400,86400,0,0,86400,0
15860627,이메이션 DDR4-3200 CL22,이메이션,DDR4,3200,CL22,16GB,16,0,0,43790,43790,43790,0,43790,0,0,0,0,0,0,0,0,0,0,0,0,0,0,0,0,43790,43790,43790,43790,0,0,43790,0
15860627,이메이션 DDR4-3200 CL22,이메이션,DDR4,3200,CL22,8GB,8,0,0,25000,25000,25000,0,25000,0,0,0,0,0,0,0,0,0,0,0,0,0,0,0,0,25000,25000,25000,25000,0,0,25000,0
8540342,이메이션 노트북 DDR3-1600 CL11,이메이션 노트북,DDR3,1600,CL11,8GB,8,35000,35000,35000,35000,35000,35000,35000,35000,35000,0,0,35000,0,35000,0,0,0,35000,35000,35000,35000,35000,0,0,0,0,0,0,0,35000,35000
8540342,이메이션 노트북 DDR3-1600 CL11,이메이션 노트북,DDR3,1600,CL11,4GB,4,23500,23500,23500,23500,23500,23500,23500,23500,23500,0,0,23500,0,23500,0,0,0,23500,23500,23500,23490,23490,0,0,0,0,0,0,0,23490,23490
8540354,이메이션 노트북 DDR3-1600 CL11,이메이션 노트북,DDR3,1600,CL11,8GB,8,0,0,0,0,0,0,0,0,0,35000,35000,0,35000,0,35000,0,0,0,0,0,0,0,35000,35000,35000,35000,35000,35000,35000,0,0
8540354,이메이션 노트북 DDR3-1600 CL11,이메이션 노트북,DDR3,1600,CL11,4GB,4,0,0,0,0,0,0,0,0,0,23500,23500,0,23500,0,23500,0,0,0,0,0,0,0,23490,23490,23490,23490,23490,23490,23490,0,0
8109544,이메이션 노트북 DDR4-2666,이메이션 노트북,DDR4,2666,0,16GB,16,61500,61500,61500,61500,61500,61500,61500,61500,61500,61500,61500,61500,61500,61500,61500,0,0,61500,61500,61500,61500,61500,61500,61500,61500,61500,61500,61500,61500,61500,61500
8109544,이메이션 노트북 DDR4-2666,이메이션 노트북,DDR4,2666,0,8GB,8,22800,22800,22800,22800,22800,22800,22800,22800,22800,22800,22800,22800,22800,22800,22800,0,0,22800,22800,22800,22800,22800,22800,22800,22800,22800,22800,22800,22800,22800,22800
8109544,이메이션 노트북 DDR4-2666,이메이션 노트북,DDR4,2666,0,4GB,4,15400,15400,15400,15400,15400,15400,15400,15400,15400,15400,15400,15400,15400,15400,15400,0,0,15400,15400,15400,15400,15400,15400,15400,15400,15400,15400,15400,15400,15400,15400
15851600,이메이션 노트북 DDR4-3200 CL22,이메이션 노트북,DDR4,3200,CL22,32GB,32,85900,85900,0,0,85900,85900,0,85900,85900,85900,85900,85900,85900,85900,85900,0,0,85900,85900,85900,85900,85900,85900,85900,85900,85900,85900,85900,85900,85900,85900
15851600,이메이션 노트북 DDR4-3200 CL22,이메이션 노트북,DDR4,3200,CL22,16GB,16,45600,45600,0,0,45600,45600,0,45600,45600,45600,45600,45600,45600,45600,45600,0,0,45600,45600,45600,45600,45600,45600,45600,45600,45600,45600,45600,45600,45600,45600
15851600,이메이션 노트북 DDR4-3200 CL22,이메이션 노트북,DDR4,3200,CL22,8GB,8,25000,25000,0,0,25000,25000,0,25000,25000,25000,25000,25000,25000,25000,25000,0,0,25000,25000,25000,25000,25000,25000,25000,25000,25000,25000,25000,25000,25000,25000
15476621,이메이션 노트북 DDR4-3200 CL22,이메이션 노트북,DDR4,3200,CL22,32GB,32,0,0,85900,85900,0,0,85900,0,0,0,0,0,0,0,0,0,0,0,0,0,0,0,0,0,0,0,0,0,0,0,0
15476621,이메이션 노트북 DDR4-3200 CL22,이메이션 노트북,DDR4,3200,CL22,16GB,16,0,0,45600,45600,0,0,45600,0,0,0,0,0,0,0,0,0,0,0,0,0,0,0,0,0,0,0,0,0,0,0,0
15476621,이메이션 노트북 DDR4-3200 CL22,이메이션 노트북,DDR4,3200,CL22,8GB,8,0,0,25000,25000,0,0,25000,0,0,0,0,0,0,0,0,0,0,0,0,0,0,0,0,0,0,0,0,0,0,0,0
7013641,킹스톤 DDR4-2666,킹스톤,DDR4,2666,0,8GB,8,37800,37800,37800,37800,37800,37800,37800,37800,37800,37800,37800,37800,37800,37800,37800,0,0,37800,37800,37800,37800,37800,37800,37800,37800,37800,37800,37800,37800,37800,37800
7013641,킹스톤 DDR4-2666,킹스톤,DDR4,2666,0,4GB,4,29800,29800,29800,29800,29800,29800,29800,29800,29800,29800,29800,29800,29800,29800,29800,0,0,29790,29790,29790,29790,29790,29790,29790,29790,29790,29790,29790,29790,29790,29790
4838666,타무즈 DDR3-1600 CL11,타무즈,DDR3,1600,CL11,8GB,8,18980,18980,18980,18980,18990,18910,18800,18740,18830,18830,18930,18930,18930,18930,18930,0,0,18730,18640,18990,18990,18990,18990,18990,18990,18990,18990,18990,18990,18990,18990
4838666,타무즈 DDR3-1600 CL11,타무즈,DDR3,1600,CL11,4GB,4,15420,15380,15380,15380,15380,15380,15380,15380,15430,15430,15430,15430,15430,15430,15430,0,0,15240,15210,15210,15160,15140,15090,15040,15030,15020,15020,15430,15380,15360,15350
6925651,타무즈 DDR4-2666 CL19,타무즈,DDR4,2666,CL19,16GB,16,38390,38390,0,37880,37790,0,0,0,0,0,0,0,0,0,0,0,0,0,0,0,0,0,0,0,0,0,0,0,0,0,0
6925651,타무즈 DDR4-2666 CL19,타무즈,DDR4,2666,CL19,8GB,8,21790,21790,0,21790,21800,0,0,0,0,0,0,0,0,0,0,0,0,0,0,0,0,0,0,0,0,0,0,0,0,0,0
6925651,타무즈 DDR4-2666 CL19,타무즈,DDR4,2666,CL19,4GB,4,13700,13700,0,13700,13700,0,0,0,0,0,0,0,0,0,0,0,0,0,0,0,0,0,0,0,0,0,0,0,0,0,0
6018766,타무즈 DDR4-2666 CL19,타무즈,DDR4,2666,CL19,16GB,16,0,0,38390,0,0,0,0,0,0,0,37100,37080,37900,0,0,0,0,37900,37900,37900,37900,37900,37850,0,0,0,0,0,0,0,0
6018766,타무즈 DDR4-2666 CL19,타무즈,DDR4,2666,CL19,8GB,8,0,0,21790,0,0,0,0,0,0,0,21800,21800,21800,0,0,0,0,21800,21800,21800,21800,21800,21800,0,0,0,0,0,0,0,0
6018766,타무즈 DDR4-2666 CL19,타무즈,DDR4,2666,CL19,4GB,4,0,0,13700,0,0,0,0,0,0,0,13700,13700,13700,0,0,0,0,13600,13600,13600,13550,13530,13480,0,0,0,0,0,0,0,0
6018770,타무즈 DDR4-2666 CL19,타무즈,DDR4,2666,CL19,16GB,16,0,0,0,0,0,37492,37480,37380,37270,37170,0,0,0,37900,37900,0,0,0,0,0,0,0,0,37900,37760,37670,37650,37630,37610,37510,37400
6018770,타무즈 DDR4-2666 CL19,타무즈,DDR4,2666,CL19,8GB,8,0,0,0,0,0,21569,21569,21569,21800,21800,0,0,0,21800,21800,0,0,0,0,0,0,0,0,21800,21800,21800,21780,21760,21740,21640,21600
6018770,타무즈 DDR4-2666 CL19,타무즈,DDR4,2666,CL19,4GB,4,0,0,0,0,0,13664,13660,13660,13660,13700,0,0,0,13700,13700,0,0,0,0,0,0,0,0,13430,13430,13690,13580,13560,13530,13510,13500
13137302,타무즈 DDR4-3200 CL22,타무즈,DDR4,3200,CL22,32GB,32,77240,77240,77240,77240,78400,78016,0,0,78000,0,77730,0,0,77470,77380,0,0,77100,77100,77010,76860,76840,76680,76470,76370,76370,76370,76110,75930,75840,75740
13137302,타무즈 DDR4-3200 CL22,타무즈,DDR4,3200,CL22,16GB,16,38920,38850,38840,38840,38840,38518,0,0,38510,0,39000,0,0,39000,39000,0,0,39000,39000,39000,39000,39000,39000,39000,39000,39000,39000,39000,39000,39000,39000
13137302,타무즈 DDR4-3200 CL22,타무즈,DDR4,3200,CL22,8GB,8,20950,20880,20810,20760,20720,20720,0,0,20740,0,20950,0,0,20950,20950,0,0,20810,20720,20690,20650,20570,20460,20420,20400,20400,20980,20980,20980,20980,20980
13137302,타무즈 DDR4-3200 CL22,타무즈,DDR4,3200,CL22,4GB,4,17090,17020,16950,16920,16920,16920,0,0,16940,0,17100,0,0,17100,17100,0,0,16920,16830,16740,16690,16670,16620,16570,16560,16540,17140,17140,17140,17140,17140
13137290,타무즈 DDR4-3200 CL22,타무즈,DDR4,3200,CL22,32GB,32,0,0,0,0,0,0,78010,78010,0,77830,0,77730,77650,0,0,0,0,0,0,0,0,0,0,0,0,0,0,0,0,0,0
13137290,타무즈 DDR4-3200 CL22,타무즈,DDR4,3200,CL22,16GB,16,0,0,0,0,0,0,38510,38510,0,39000,0,39000,39000,0,0,0,0,0,0,0,0,0,0,0,0,0,0,0,0,0,0
13137290,타무즈 DDR4-3200 CL22,타무즈,DDR4,3200,CL22,8GB,8,0,0,0,0,0,0,20720,20720,0,20830,0,20950,20950,0,0,0,0,0,0,0,0,0,0,0,0,0,0,0,0,0,0
13137290,타무즈 DDR4-3200 CL22,타무즈,DDR4,3200,CL22,4GB,4,0,0,0,0,0,0,16920,16920,0,17010,0,17100,17100,0,0,0,0,0,0,0,0,0,0,0,0,0,0,0,0,0,0
31998278,타무즈 DDR5-5600 CL46,타무즈,DDR5,5600,CL46,32GB,32,113680,113680,113680,113680,113680,112637,112630,112630,112630,114470,115100,115100,115100,115100,115100,115090,115040,114960,114870,114840,114790,114720,114610,114570,114540,114490,114460,114430,111600,111600,111600
31998278,타무즈 DDR5-5600 CL46,타무즈,DDR5,5600,CL46,16GB,16,58640,58570,58500,58470,58460,58027,58020,58020,58020,58700,58700,58700,58700,58700,58700,58700,58700,58700,58700,58700,58700,58700,58700,58520,58510,58700,58700,58700,56100,56100,56100
31998326,타무즈 DDR5-5600 CL46,타무즈,DDR5,5600,CL46,32GB,32,113680,113680,113680,113680,113680,112637,112630,112630,112630,114470,115100,115100,115100,115100,115100,0,0,0,0,0,0,0,114610,114570,114540,114490,0,0,0,0,0
31998326,타무즈 DDR5-5600 CL46,타무즈,DDR5,5600,CL46,16GB,16,58640,58570,58500,58470,58460,58027,58020,58020,58020,58700,58700,58700,58700,58700,58700,0,0,0,0,0,0,0,58700,58520,58510,58700,0,0,0,0,0
5215088,타무즈 노트북 DDR3L-1600 CL11 1.35V,타무즈 노트북 DDR3L-1600 1.35V,0,0,CL11,8GB,8,19240,19240,19240,19240,19240,19110,19090,19090,19120,19200,19240,19240,19240,19240,19240,0,0,19240,19240,19240,19240,19220,19110,19070,19040,18940,18830,18810,18810,19240,19240
5215088,타무즈 노트북 DDR3L-1600 CL11 1.35V,타무즈 노트북 DDR3L-1600 1.35V,0,0,CL11,4GB,4,16090,16090,16090,15920,15910,15910,15910,15910,15910,15910,15910,16100,16100,16100,16100,0,0,16100,16100,16100,16100,15900,15790,15750,15730,15660,15900,15870,15850,15750,15640
7004512,타무즈 노트북 DDR4-2666 CL19,타무즈 노트북,DDR4,2666,CL19,16GB,16,37870,37870,37870,37870,37870,37466,37466,37466,37910,37910,37910,37910,37910,37910,37910,0,0,37910,37910,37910,37910,37910,38430,38430,38430,38430,38430,38430,38430,38430,38430
7004512,타무즈 노트북 DDR4-2666 CL19,타무즈 노트북,DDR4,2666,CL19,8GB,8,22730,22730,22730,22730,22730,22488,22480,22480,22480,22870,23000,23000,23000,23000,23000,0,0,22810,22790,22680,22600,22490,22390,22310,22300,22290,22270,22250,22230,22800,22800
7004512,타무즈 노트북 DDR4-2666 CL19,타무즈 노트북,DDR4,2666,CL19,4GB,4,16550,16450,16380,16370,16370,16370,16370,16370,16430,16470,16560,16560,16560,16550,16480,0,0,16370,16350,16250,16230,16160,16050,16010,15990,16200,16090,16070,16050,16590,16580
13137365,타무즈 노트북 DDR4-3200 CL22,타무즈 노트북,DDR4,3200,CL22,32GB,32,81480,77880,81410,81320,81300,80619,80610,77880,81500,81500,81500,81500,81500,81500,81500,0,0,81260,81240,81140,0,0,80940,0,80880,80850,80740,80710,80630,80610,80600
13137365,타무즈 노트북 DDR4-3200 CL22,타무즈 노트북,DDR4,3200,CL22,16GB,16,40470,40390,40350,40350,40350,40054,40050,40050,40050,40500,40500,40500,40500,40500,40500,0,0,40020,40020,40020,0,0,40020,0,40020,40020,40020,40020,40020,40020,40290
13137365,타무즈 노트북 DDR4-3200 CL22,타무즈 노트북,DDR4,3200,CL22,8GB,8,22830,22760,22690,22660,22660,22602,22600,22600,22600,22840,22870,22870,22870,22870,22870,0,0,22870,22870,22870,0,0,22870,0,21800,21800,21800,21800,21800,21800,21800
13137365,타무즈 노트북 DDR4-3200 CL22,타무즈 노트북,DDR4,3200,CL22,4GB,4,17120,17050,17010,17010,17010,16949,16940,16940,16940,17100,17160,17160,17160,17160,17160,0,0,17030,16930,16910,0,0,16630,0,17160,17160,17160,17160,17160,17160,17160
13137344,타무즈 노트북 DDR4-3200 CL22,타무즈 노트북,DDR4,3200,CL22,32GB,32,0,0,0,0,0,0,0,0,0,0,0,0,0,0,0,0,0,0,0,0,81120,81050,0,80900,0,0,0,0,0,0,0
13137344,타무즈 노트북 DDR4-3200 CL22,타무즈 노트북,DDR4,3200,CL22,16GB,16,0,0,0,0,0,0,0,0,0,0,0,0,0,0,0,0,0,0,0,0,40020,40020,0,40020,0,0,0,0,0,0,0
13137344,타무즈 노트북 DDR4-3200 CL22,타무즈 노트북,DDR4,3200,CL22,8GB,8,0,0,0,0,0,0,0,0,0,0,0,0,0,0,0,0,0,0,0,0,22870,22870,0,22870,0,0,0,0,0,0,0
13137344,타무즈 노트북 DDR4-3200 CL22,타무즈 노트북,DDR4,3200,CL22,4GB,4,0,0,0,0,0,0,0,0,0,0,0,0,0,0,0,0,0,0,0,0,16810,16740,0,17160,0,0,0,0,0,0,0
43488485,타무즈 노트북 DDR5-5600 CL46,타무즈 노트북,DDR5,5600,CL46,32GB,32,118990,118990,122580,122560,121500,121500,121500,121500,121500,121500,121500,121500,121500,121500,121500,121500,121500,121500,121500,121500,121500,121500,121500,121500,121500,121500,121500,121500,121500,121500,121500
43488485,타무즈 노트북 DDR5-5600 CL46,타무즈 노트북,DDR5,5600,CL46,16GB,16,61340,61320,61260,61240,61120,61020,60920,60840,60800,60710,60610,60540,60540,60440,61800,61800,61800,61800,61800,61800,61800,61800,61800,61580,59440,59420,59320,59290,59180,59080,59060
43488509,타무즈 노트북 DDR5-5600 CL46,타무즈 노트북,DDR5,5600,CL46,32GB,32,0,0,0,122560,121500,121500,121500,121500,121500,121500,121500,121500,121500,121500,121500,0,0,0,0,0,0,0,0,0,121500,0,121500,121500,121500,0,0
43488509,타무즈 노트북 DDR5-5600 CL46,타무즈 노트북,DDR5,5600,CL46,16GB,16,0,0,0,61240,61120,61020,60920,60840,60800,60710,60610,60540,60540,60440,61800,0,0,0,0,0,0,0,0,0,59440,0,59320,59290,59180,0,0
8111281,트랜센드 DDR4-2666 CL19,트랜센드,DDR4,2666,CL19,16GB,16,79680,79680,77190,77190,77190,77190,77190,77190,77190,77190,77190,77190,77190,77190,77190,0,0,77190,77190,77190,77190,77190,77190,77190,77190,77190,77190,79680,79680,79680,77190
8111281,트랜센드 DDR4-2666 CL19,트랜센드,DDR4,2666,CL19,8GB,8,24470,24360,24320,24290,24240,24210,24100,24050,24090,24090,24220,24220,24220,24220,24220,0,0,24080,23990,23960,23900,23820,23710,23630,23620,23610,23590,23570,23540,23530,23530
8111281,트랜센드 DDR4-2666 CL19,트랜센드,DDR4,2666,CL19,4GB,4,14270,14270,14500,25250,24470,24470,24470,24470,24470,24470,24470,24470,24470,24470,24470,0,0,24470,24470,24470,24470,24470,24470,24470,24470,24470,24470,25250,25250,25250,24470
12076634,트랜센드 DDR4-3200 CL22,트랜센드,DDR4,3200,CL22,32GB,32,80120,72450,80120,80120,80120,80120,80120,72450,80120,80120,80120,76710,80120,80120,76710,0,0,78420,80120,78420,80120,80120,80120,80120,80120,80120,80120,76710,80120,80120,80120
12076634,트랜센드 DDR4-3200 CL22,트랜센드,DDR4,3200,CL22,16GB,16,43840,41540,43670,43610,43610,43610,43610,41540,43710,43620,43610,43610,43990,44200,43990,0,0,43850,43850,43850,43850,43850,43850,43850,43850,43850,43850,43850,43890,43880,43880
12076634,트랜센드 DDR4-3200 CL22,트랜센드,DDR4,3200,CL22,8GB,8,23330,23250,23160,23110,23110,23110,23090,23080,23080,23080,23080,23080,23080,23080,23080,0,0,22890,22880,22860,22770,22670,22580,22570,22570,22570,22570,24460,24370,24320,24290
12076634,트랜센드 DDR4-3200 CL22,트랜센드,DDR4,3200,CL22,4GB,4,15820,15820,15820,15820,15820,15820,15820,15820,15820,15820,15820,15820,15820,15820,15820,0,0,15760,15760,15770,15760,15760,15750,15730,15730,15730,15730,15730,15730,15730,15730
16867106,트랜센드 DDR5-4800 CL40,트랜센드,DDR5,4800,CL40,32GB,32,104080,104080,104080,104080,104080,104080,104080,104080,104080,104080,104080,104080,104080,104080,104080,0,0,103790,103730,103630,103440,103350,103100,102880,102790,102780,102760,102470,102340,102340,102340
16867106,트랜센드 DDR5-4800 CL40,트랜센드,DDR5,4800,CL40,16GB,16,52040,52040,52040,52040,52040,52040,52040,52040,52040,52040,52040,52040,52040,52040,52040,0,0,52040,52040,52040,52040,52040,52040,52040,52040,52040,52040,52040,52040,52040,52040
17170637,트랜센드 DDR5-4800 CL40 Jetram,트랜센드 Jetram,DDR5,4800,CL40,16GB,16,55500,55500,55500,55500,55500,55500,0,0,0,0,0,0,0,0,0,0,0,0,0,55500,55500,55500,55500,55500,55500,55500,55500,55500,55500,55500,55500
17170637,트랜센드 DDR5-4800 CL40 Jetram,트랜센드 Jetram,DDR5,4800,CL40,8GB,8,44990,44990,44990,44990,44990,44990,0,0,0,0,0,0,0,0,0,0,0,0,0,44990,44990,44990,44990,44990,44990,44990,44990,44990,44990,44990,44990
17170646,트랜센드 DDR5-4800 CL40 Jetram,트랜센드 Jetram,DDR5,4800,CL40,16GB,16,0,0,0,0,0,0,55500,55500,55500,55500,55500,55500,55500,55500,0,0,0,55500,55500,0,0,0,0,0,0,0,0,0,0,0,0
17170646,트랜센드 DDR5-4800 CL40 Jetram,트랜센드 Jetram,DDR5,4800,CL40,8GB,8,0,0,0,0,0,0,44990,44990,44990,44990,44990,44990,44990,44990,0,0,0,44990,44990,0,0,0,0,0,0,0,0,0,0,0,0
11272692,트랜센드 노트북 DDR4-2666 CL19,트랜센드 노트북,DDR4,2666,CL19,16GB,16,51210,0,0,0,0,0,0,0,0,0,0,0,0,0,0,0,0,0,0,0,0,0,0,0,0,0,0,0,0,0,0
11272692,트랜센드 노트북 DDR4-2666 CL19,트랜센드 노트북,DDR4,2666,CL19,8GB,8,45500,0,0,0,0,0,0,0,0,0,0,0,0,0,0,0,0,0,0,0,0,0,0,0,0,0,0,0,0,0,0
11272713,트랜센드 노트북 DDR4-2666 CL19,트랜센드 노트북,DDR4,2666,CL19,16GB,16,0,51210,51210,51210,51210,51210,51210,51210,51210,51210,51210,51210,51210,51210,51210,0,0,51210,51210,51210,51210,51210,51210,51210,51210,51210,51210,51210,51210,51210,51210
11272713,트랜센드 노트북 DDR4-2666 CL19,트랜센드 노트북,DDR4,2666,CL19,8GB,8,0,45500,45500,45500,45500,45500,45500,45500,45500,45500,45500,45500,45500,45500,45500,0,0,45500,45500,45500,45500,45500,45000,45000,45000,45000,45000,45000,45000,45000,45000
12076664,트랜센드 노트북 DDR4-3200 CL22,트랜센드 노트북,DDR4,3200,CL22,32GB,32,182080,181890,181680,181680,181680,181680,181680,181680,181680,181680,181690,181690,182090,182090,182090,0,0,181680,181680,181680,181680,181680,181680,181680,181680,181680,181680,181680,181680,181680,181680
12076664,트랜센드 노트북 DDR4-3200 CL22,트랜센드 노트북,DDR4,3200,CL22,16GB,16,43600,43600,43600,43600,43600,43600,43600,43600,43590,43580,43490,43410,43410,43590,43590,0,0,43590,43590,43590,43530,43440,43340,43260,43250,43240,43220,43200,43100,43580,43570
12076664,트랜센드 노트북 DDR4-3200 CL22,트랜센드 노트북,DDR4,3200,CL22,8GB,8,22990,22990,22990,22990,22990,22990,22990,22990,22990,22990,22990,22990,22990,22990,22990,0,0,22990,22990,22990,22990,22990,22990,22990,22990,22990,22990,22990,22900,22900,22900
12076664,트랜센드 노트북 DDR4-3200 CL22,트랜센드 노트북,DDR4,3200,CL22,4GB,4,15820,15820,15820,15820,15820,15820,15820,15820,15830,16040,16040,16040,16130,16130,16130,0,0,16080,16080,16080,16080,16080,16080,16080,16080,16080,16080,16080,16080,16080,16080
