Id,Name,ram_model,memory_gen,memory_speed,cl_value,capacity,capacity_gb,2025-10-01,2025-10-02,2025-10-03,2025-10-04,2025-10-05,2025-10-06,2025-10-07,2025-10-08,2025-10-09,2025-10-10,2025-10-11,2025-10-12,2025-10-13,2025-10-14,2025-10-15,2025-10-16,2025-10-17,2025-10-18,2025-10-19,2025-10-20,2025-10-21,2025-10-22,2025-10-23,2025-10-24,2025-10-25,2025-10-26,2025-10-27,2025-10-28,2025-10-29,2025-10-30,2025-10-31
11868160,ADATA DDR4-3200 CL22 코잇,ADATA 코잇,DDR4,3200,CL22,16GB,16,43000,43000,43000,43000,43000,43000,43000,43000,43000,43000,43000,43000,43000,43000,43000,43000,43000,43000,43000,43000,43000,43000,43000,43000,43000,43000,43000,43000,43000,43000,43000
11868160,ADATA DDR4-3200 CL22 코잇,ADATA 코잇,DDR4,3200,CL22,8GB,8,76300,76300,76300,76300,76300,76300,76300,76300,76300,76300,76300,76300,76300,76300,76300,76300,76300,76300,76300,76300,76300,76300,76300,76300,76300,76300,76300,76300,76300,76300,76300
94450319,ADATA DDR4-3200 CL22 파인인포,ADATA 파인인포,DDR4,3200,CL22,16GB,16,55022,55020,55010,54980,54890,54860,54740,54620,54620,54620,54620,54620,54620,58000,75000,71230,71210,71090,70970,55450,79840,79840,85960,85960,89000,87000,105000,104980,104980,104980,104980
94450319,ADATA DDR4-3200 CL22 파인인포,ADATA 파인인포,DDR4,3200,CL22,8GB,8,30295,30290,30280,30250,30160,30130,30080,30080,30080,30080,30080,30080,30080,31870,38000,37480,37460,37340,37220,37100,43840,43840,49000,49000,49000,49000,49000,49000,49000,49000,49000
94450340,ADATA DDR4-3200 CL22 파인인포,ADATA 파인인포,DDR4,3200,CL22,16GB,16,0,0,0,0,0,0,0,0,0,0,0,0,0,0,0,0,0,0,0,0,0,0,0,0,89000,87000,105000,104980,104980,104980,104980
94450340,ADATA DDR4-3200 CL22 파인인포,ADATA 파인인포,DDR4,3200,CL22,8GB,8,0,0,0,0,0,0,0,0,0,0,0,0,0,0,0,0,0,0,0,0,0,0,0,0,49000,49000,49000,49000,49000,49000,49000
21592844,ADATA DDR4-3600 CL18 GAMMIX D35 블랙 패키지,ADATA GAMMIX D35 블랙 패키지,DDR4,3600,CL18,16GB(8GX2),16,74620,74620,74620,74620,74620,74620,74620,74620,74620,74620,74620,74620,74620,74620,74620,74620,74620,74620,74620,74620,74620,74620,74620,74620,74620,74620,74620,0,0,0,0
20754203,ADATA DDR4-3600 CL18 SPECTRIX D35G RGB 화이트 패키지 코잇,ADATA SPECTRIX D35G RGB 화이트 패키지 코잇,DDR4,3600,CL18,16GB(8GX2),16,84240,84460,84460,84460,84460,84460,84460,84460,84460,84460,84460,84460,84460,84420,84350,84320,84200,0,0,0,0,0,0,0,0,0,0,0,0,0,0
20754203,ADATA DDR4-3600 CL18 SPECTRIX D35G RGB 화이트 패키지 코잇,ADATA SPECTRIX D35G RGB 화이트 패키지 코잇,DDR4,3600,CL18,32GB(16GX2),32,0,0,0,0,0,0,0,0,0,0,0,0,0,0,0,0,127000,0,0,0,0,0,0,0,0,0,0,0,0,0,0
20754176,ADATA DDR4-3600 CL18 SPECTRIX D35G RGB 화이트 패키지 코잇,ADATA SPECTRIX D35G RGB 화이트 패키지 코잇,DDR4,3600,CL18,32GB(16GX2),32,0,0,0,0,0,0,0,0,0,0,0,0,0,0,0,0,0,159540,159540,159540,159540,163900,166140,196320,197300,197300,197300,197300,197300,197300,197300
20754176,ADATA DDR4-3600 CL18 SPECTRIX D35G RGB 화이트 패키지 코잇,ADATA SPECTRIX D35G RGB 화이트 패키지 코잇,DDR4,3600,CL18,16GB(8GX2),16,0,0,0,0,0,0,0,0,0,0,0,0,0,0,0,0,0,84080,83990,85150,85150,85150,85150,86500,86500,86500,86500,86500,86500,86500,109480
93804950,ADATA DDR5-4800 CL40 서린,ADATA 서린,DDR5,4800,CL40,16GB,16,59500,0,0,0,0,0,0,0,0,0,59500,0,0,0,0,0,0,0,0,0,0,0,0,0,0,0,0,0,0,0,0
15598844,ADATA DDR5-5200 CL38 LANCER RGB 블랙 패키지,ADATA LANCER RGB 블랙 패키지,DDR5,5200,CL38,32GB(16GX2),32,200000,200000,200000,200000,200000,200000,200000,200000,200000,200000,200000,200000,200000,200000,200000,200000,200000,200000,250000,250000,250000,250000,0,0,0,0,0,0,0,0,0
15598841,ADATA DDR5-5200 CL38 LANCER 블랙 패키지,ADATA LANCER 블랙 패키지,DDR5,5200,CL38,32GB(16GX2),32,785770,795480,774680,774680,774680,774680,778863,778863,778863,778863,781380,781380,781380,781380,781380,781380,781380,781380,781380,781380,781384,724032,780346,791570,806180,791560,791560,791560,791560,740122,740122
76071389,ADATA DDR5-5600 CL46 ECC/REG,ADATA ECC/REG,DDR5,5600,CL46,32GB,32,279150,296450,325410,327160,327160,327160,327160,327160,327160,327160,327160,327160,327160,327160,327160,327160,327170,345130,346980,346980,346980,389500,391600,391600,419080,421350,421350,421350,421350,421350,413530
81036614,ADATA DDR5-5600 CL46 LANCER BLADE 블랙 서린,ADATA LANCER BLADE 블랙 서린,DDR5,5600,CL46,16GB,16,74000,74000,77450,77450,77450,77450,77450,77450,77450,77450,77450,0,0,0,0,0,0,0,0,0,0,0,0,0,0,0,0,0,0,170000,170000
81036614,ADATA DDR5-5600 CL46 LANCER BLADE 블랙 서린,ADATA LANCER BLADE 블랙 서린,DDR5,5600,CL46,32GB,32,141990,142000,152760,152760,152760,152760,152760,152760,152760,152760,152760,0,0,0,0,0,0,0,0,0,0,0,0,0,0,0,0,0,0,352000,352000
81036575,ADATA DDR5-5600 CL46 LANCER BLADE 블랙 서린,ADATA LANCER BLADE 블랙 서린,DDR5,5600,CL46,16GB,16,0,0,0,0,0,0,0,0,0,0,0,77450,77450,81000,86990,86990,87000,87000,87000,97080,110990,121000,121000,121000,172500,172500,172500,172500,170000,0,0
81036575,ADATA DDR5-5600 CL46 LANCER BLADE 블랙 서린,ADATA LANCER BLADE 블랙 서린,DDR5,5600,CL46,32GB,32,0,0,0,0,0,0,0,0,0,0,0,152760,152760,152760,171990,171990,172000,172000,172000,192000,221990,242000,242000,242000,352000,352000,352000,352000,352000,0,0
95202428,ADATA DDR5-5600 CL46 LANCER BLADE 블랙 파인인포,ADATA LANCER BLADE 블랙 파인인포,DDR5,5600,CL46,32GB,32,144740,144740,144740,144740,144740,144740,144740,144740,144740,144740,144740,144740,144740,0,0,0,0,0,0,0,0,0,233830,233830,0,0,0,0,0,0,0
95202428,ADATA DDR5-5600 CL46 LANCER BLADE 블랙 파인인포,ADATA LANCER BLADE 블랙 파인인포,DDR5,5600,CL46,16GB,16,69660,69660,69660,69660,69660,69660,69660,69660,69660,69660,69660,69660,69660,74000,82110,82110,0,0,0,0,0,0,116920,116920,124390,125860,125860,163940,163930,163930,163930
95205869,ADATA DDR5-5600 CL46 LANCER BLADE 블랙 파인인포,ADATA LANCER BLADE 블랙 파인인포,DDR5,5600,CL46,32GB,32,144740,0,0,0,0,0,0,0,0,0,0,0,0,0,0,0,0,0,0,0,0,0,0,0,0,0,0,0,0,0,0
95205869,ADATA DDR5-5600 CL46 LANCER BLADE 블랙 파인인포,ADATA LANCER BLADE 블랙 파인인포,DDR5,5600,CL46,16GB,16,69660,0,0,0,0,0,0,0,0,0,0,0,0,0,0,0,0,0,0,0,0,0,0,0,0,0,0,0,0,0,0
81036653,ADATA DDR5-5600 CL46 LANCER BLADE 화이트 서린,ADATA LANCER BLADE 화이트 서린,DDR5,5600,CL46,16GB,16,74000,74000,78220,0,0,0,0,0,0,0,78220,78220,78220,78220,86950,86920,87000,87000,87000,97080,0,0,0,0,170000,170000,170000,170000,170000,170000,170000
81036653,ADATA DDR5-5600 CL46 LANCER BLADE 화이트 서린,ADATA LANCER BLADE 화이트 서린,DDR5,5600,CL46,32GB,32,141990,142000,152500,0,0,0,0,0,0,0,152500,152500,152500,152500,171980,171930,172000,172000,172000,192000,0,0,0,0,352000,352000,352000,352000,352000,352000,352000
81036776,ADATA DDR5-5600 CL46 LANCER BLADE 화이트 서린,ADATA LANCER BLADE 화이트 서린,DDR5,5600,CL46,16GB,16,0,0,0,78220,78220,78220,78220,78220,78220,78220,0,0,0,0,0,0,0,0,0,0,110880,120990,120990,121000,0,0,0,0,0,0,0
81036776,ADATA DDR5-5600 CL46 LANCER BLADE 화이트 서린,ADATA LANCER BLADE 화이트 서린,DDR5,5600,CL46,32GB,32,0,0,0,152500,152500,152500,152500,152500,152500,152500,0,0,0,0,0,0,0,0,0,0,221880,241990,241990,242000,0,0,0,0,0,0,0
95202470,ADATA DDR5-5600 CL46 LANCER BLADE 화이트 파인인포,ADATA LANCER BLADE 화이트 파인인포,DDR5,5600,CL46,32GB,32,134940,134910,134790,134670,134580,134550,134430,134310,134190,134070,133950,133830,133710,139000,157890,201180,203140,203990,214730,214730,198770,201160,233830,233830,0,0,240000,0,340990,340990,340990
95202470,ADATA DDR5-5600 CL46 LANCER BLADE 화이트 파인인포,ADATA LANCER BLADE 화이트 파인인포,DDR5,5600,CL46,16GB,16,70110,70110,70100,70100,70100,70100,70100,70100,70100,70100,70100,70100,70110,74000,82110,102520,102520,104990,110520,110520,104550,104450,120000,116920,124390,124390,120000,125860,168450,168450,168450
95205893,ADATA DDR5-5600 CL46 LANCER BLADE 화이트 파인인포,ADATA LANCER BLADE 화이트 파인인포,DDR5,5600,CL46,32GB,32,134940,134910,134790,134670,134580,134550,134430,134310,134190,134070,133950,0,0,0,157890,201180,203140,203990,0,0,0,0,0,0,0,0,0,0,0,0,0
95205893,ADATA DDR5-5600 CL46 LANCER BLADE 화이트 파인인포,ADATA LANCER BLADE 화이트 파인인포,DDR5,5600,CL46,16GB,16,70110,70110,70100,70100,70100,70100,70100,70100,70100,70100,70100,0,0,0,82110,102520,102520,104990,0,0,0,0,0,0,0,0,0,0,0,0,0
51553754,ADATA DDR5-5600 CL46 PMIC락 코잇,ADATA PMIC락 코잇,DDR5,5600,CL46,16GB,16,66900,66900,66900,66900,66900,66900,66900,66900,66900,66900,66900,66900,66900,0,0,0,0,0,0,0,0,0,0,0,0,0,0,0,0,0,0
27940799,ADATA DDR5-5600 CL46 코잇,ADATA 코잇,DDR5,5600,CL46,32GB,32,161000,161000,161000,161000,0,0,161000,0,0,0,0,0,0,0,0,0,161000,161000,161000,161000,161000,161000,0,0,0,0,0,0,0,0,0
27940799,ADATA DDR5-5600 CL46 코잇,ADATA 코잇,DDR5,5600,CL46,16GB,16,74510,74510,80500,80500,0,0,80500,0,0,0,0,0,0,0,0,0,80500,80500,80500,80500,111200,121400,121400,121400,0,0,0,0,0,0,0
27940781,ADATA DDR5-5600 CL46 코잇,ADATA 코잇,DDR5,5600,CL46,32GB,32,0,0,0,0,161000,161000,0,161000,161000,161000,161000,161000,161000,161000,161000,161000,0,0,0,0,0,0,0,0,0,0,0,0,0,0,0
27940781,ADATA DDR5-5600 CL46 코잇,ADATA 코잇,DDR5,5600,CL46,16GB,16,0,0,0,0,80500,80500,0,80500,80500,80500,80500,80500,80500,80500,80500,80500,0,0,0,0,0,0,0,0,0,0,0,0,0,0,0
28395059,ADATA DDR5-5600 CL46 패키지 코잇,ADATA 패키지 코잇,DDR5,5600,CL46,32GB(16GX2),32,0,0,0,0,0,0,0,0,0,0,0,0,0,209190,216600,0,0,0,0,0,0,0,0,0,0,0,0,0,0,0,0
68918912,ADATA DDR5-5600 CL46-45-45 서린,ADATA -45-45 서린,DDR5,5600,CL46,32GB,32,140000,140000,140000,140000,140000,140000,140000,140000,140000,140000,139990,139990,139990,158000,158000,169990,169990,169990,169990,189720,219990,222000,240000,240000,350000,350000,350000,350000,350000,350000,350000
68918912,ADATA DDR5-5600 CL46-45-45 서린,ADATA -45-45 서린,DDR5,5600,CL46,16GB,16,73000,73000,73000,73000,73000,73000,73000,73000,73000,73000,79000,79000,79000,79000,79000,79000,79000,79000,79000,94920,109000,109000,119000,119000,168000,168000,168000,168000,168000,168000,168000
29822102,ADATA DDR5-5600 CL46-45-45 코잇,ADATA -45-45 코잇,DDR5,5600,CL46,32GB,32,125900,125900,125900,125900,0,0,0,0,0,0,0,0,0,0,0,0,0,0,0,0,0,0,0,0,0,0,0,0,0,0,0
29822102,ADATA DDR5-5600 CL46-45-45 코잇,ADATA -45-45 코잇,DDR5,5600,CL46,16GB,16,66900,66900,66900,66900,0,0,0,0,0,0,0,0,0,0,0,0,0,0,0,0,0,0,0,0,0,0,0,0,0,0,0
29822126,ADATA DDR5-5600 CL46-45-45 코잇,ADATA -45-45 코잇,DDR5,5600,CL46,32GB,32,0,0,0,0,125900,125900,125900,125900,125900,125900,125900,125900,163290,175740,166000,166000,166000,227430,227430,227430,227430,248110,248110,248110,0,0,0,0,361830,361830,0
79397219,ADATA DDR5-5600 CL46-45-45 파인인포,ADATA -45-45 파인인포,DDR5,5600,CL46,32GB,32,133000,134880,134880,134880,134880,134880,134880,134880,0,0,0,0,0,152850,175000,172000,172000,0,0,0,0,0,264090,269990,269990,269990,269990,0,0,0,0
79397219,ADATA DDR5-5600 CL46-45-45 파인인포,ADATA -45-45 파인인포,DDR5,5600,CL46,16GB,16,68990,71750,71693,71693,71693,71693,71693,71693,0,0,0,0,0,79850,85250,85750,90340,104880,104880,104880,104880,110000,120050,128760,150570,150570,150570,0,0,0,0
79397198,ADATA DDR5-5600 CL46-45-45 파인인포,ADATA -45-45 파인인포,DDR5,5600,CL46,32GB,32,0,0,0,0,0,0,0,0,134880,134880,134880,134880,134880,0,0,0,0,0,0,0,0,0,0,0,0,0,0,311590,311590,311590,305030
79397198,ADATA DDR5-5600 CL46-45-45 파인인포,ADATA -45-45 파인인포,DDR5,5600,CL46,16GB,16,0,0,0,0,0,0,0,0,71693,71693,72280,72280,72280,0,0,0,0,0,0,0,0,0,0,0,0,0,0,150570,150570,150570,151590
99289193,ADATA DDR5-6000 CL28 LANCER BLADE RGB 블랙 패키지 파인인포,ADATA LANCER BLADE RGB 블랙 패키지 파인인포,DDR5,6000,CL28,32GB(16GX2),32,0,0,0,0,0,0,0,0,0,0,0,0,0,0,0,0,0,0,0,0,0,0,0,0,0,0,0,0,336840,0,0
19229168,ADATA DDR5-6000 CL30 CASTER RGB 패키지 코잇,ADATA CASTER RGB 패키지 코잇,DDR5,6000,CL30,32GB(16GX2),32,212800,212800,212800,212800,212800,212800,212800,212800,212800,212800,212800,212800,212800,212800,212800,212800,212800,212800,212800,212800,212800,212800,0,0,0,0,0,0,0,0,0
68902697,ADATA DDR5-6000 CL30 CASTER 패키지 서린,ADATA CASTER 패키지 서린,DDR5,6000,CL30,32GB(16GX2),32,184500,184500,184500,184500,184500,184500,184500,184500,184500,184500,184500,184500,184500,184500,0,0,0,0,0,0,0,0,0,0,0,0,0,0,0,0,0
68788052,ADATA DDR5-6000 CL30 LANCER BLADE RGB 블랙 패키지 서린,ADATA LANCER BLADE RGB 블랙 패키지 서린,DDR5,6000,CL30,64GB(32GX2),64,389890,389900,390000,390000,390000,390000,390000,390000,390000,390000,429990,429990,429990,429890,429810,429690,429570,0,0,0,539950,539990,539990,539990,565860,565860,565860,565860,565860,565860,769990
68788052,ADATA DDR5-6000 CL30 LANCER BLADE RGB 블랙 패키지 서린,ADATA LANCER BLADE RGB 블랙 패키지 서린,DDR5,6000,CL30,48GB(24GX2),48,267500,332500,332500,332500,332500,332500,332500,332500,332500,332500,332500,332500,332500,332500,332500,332500,392500,0,0,0,392500,392500,392500,392500,482500,482500,482500,482500,482500,482500,482500
68788052,ADATA DDR5-6000 CL30 LANCER BLADE RGB 블랙 패키지 서린,ADATA LANCER BLADE RGB 블랙 패키지 서린,DDR5,6000,CL30,32GB(16GX2),32,209990,210000,210000,210000,210000,210000,210000,210000,210000,210000,230990,230990,230990,230950,230870,230750,230630,0,0,0,309950,309990,309990,310000,377500,377500,377500,377500,375000,375000,375000
68788067,ADATA DDR5-6000 CL30 LANCER BLADE RGB 블랙 패키지 서린,ADATA LANCER BLADE RGB 블랙 패키지 서린,DDR5,6000,CL30,64GB(32GX2),64,0,0,0,0,0,0,0,0,0,0,0,0,0,0,0,0,0,430000,430000,430000,0,0,0,0,0,0,0,0,0,0,0
68788067,ADATA DDR5-6000 CL30 LANCER BLADE RGB 블랙 패키지 서린,ADATA LANCER BLADE RGB 블랙 패키지 서린,DDR5,6000,CL30,48GB(24GX2),48,0,0,0,0,0,0,0,0,0,0,0,0,0,0,0,0,0,392500,392500,392500,0,0,0,0,0,0,0,0,0,0,0
68788067,ADATA DDR5-6000 CL30 LANCER BLADE RGB 블랙 패키지 서린,ADATA LANCER BLADE RGB 블랙 패키지 서린,DDR5,6000,CL30,32GB(16GX2),32,0,0,0,0,0,0,0,0,0,0,0,0,0,0,0,0,0,231000,231000,231000,0,0,0,0,0,0,0,0,0,0,0
27785552,ADATA DDR5-6000 CL30 LANCER BLADE RGB 블랙 패키지 코잇,ADATA LANCER BLADE RGB 블랙 패키지 코잇,DDR5,6000,CL30,64GB(32GX2),64,359000,359000,359430,359430,359430,359430,359430,359430,0,0,0,0,390000,0,0,0,0,0,0,435000,0,0,0,0,0,0,0,0,0,0,0
27785552,ADATA DDR5-6000 CL30 LANCER BLADE RGB 블랙 패키지 코잇,ADATA LANCER BLADE RGB 블랙 패키지 코잇,DDR5,6000,CL30,32GB(16GX2),32,183860,183750,183630,183510,183420,183390,183270,183150,0,0,0,0,182550,0,0,0,0,0,0,0,0,0,0,0,0,0,0,0,0,0,0
46365512,ADATA DDR5-6000 CL30 LANCER BLADE RGB 블랙 패키지 코잇,ADATA LANCER BLADE RGB 블랙 패키지 코잇,DDR5,6000,CL30,64GB(32GX2),64,0,0,0,0,0,0,0,0,359430,359430,390000,390000,0,435000,435000,435000,435000,435000,435000,0,499000,499000,499000,499000,499000,499000,499000,559000,699000,699000,699000
46365512,ADATA DDR5-6000 CL30 LANCER BLADE RGB 블랙 패키지 코잇,ADATA LANCER BLADE RGB 블랙 패키지 코잇,DDR5,6000,CL30,32GB(16GX2),32,0,0,0,0,0,0,0,0,183030,182910,182790,182670,0,182490,0,0,0,0,0,0,0,0,0,0,0,0,0,0,0,0,0
93179096,ADATA DDR5-6000 CL30 LANCER BLADE RGB 블랙 패키지 파인인포,ADATA LANCER BLADE RGB 블랙 패키지 파인인포,DDR5,6000,CL30,64GB(32GX2),64,377330,377330,377310,377310,377310,377310,377310,377310,377310,377310,377310,377310,384380,384570,450530,525260,525260,0,0,0,377320,499000,499000,499000,499000,499000,511500,0,657630,657630,657630
93179096,ADATA DDR5-6000 CL30 LANCER BLADE RGB 블랙 패키지 파인인포,ADATA LANCER BLADE RGB 블랙 패키지 파인인포,DDR5,6000,CL30,48GB(24GX2),48,255020,255020,255000,255000,255000,255000,255000,255000,255000,255000,255000,255000,261110,261310,0,340200,344990,344990,344990,344990,344940,344840,374870,375000,375000,375000,375000,0,474990,474950,474930
93179096,ADATA DDR5-6000 CL30 LANCER BLADE RGB 블랙 패키지 파인인포,ADATA LANCER BLADE RGB 블랙 패키지 파인인포,DDR5,6000,CL30,32GB(16GX2),32,202860,202760,202740,202740,202710,202600,202490,202400,202380,202270,202180,202160,202050,207080,241050,256380,259990,259960,259920,259880,259830,259740,294700,295000,295000,295000,295000,0,364990,364950,364930
93179111,ADATA DDR5-6000 CL30 LANCER BLADE RGB 블랙 패키지 파인인포,ADATA LANCER BLADE RGB 블랙 패키지 파인인포,DDR5,6000,CL30,64GB(32GX2),64,377330,377330,377310,377310,377310,377310,377310,377310,377310,377310,377310,377310,384380,384570,0,525260,525260,0,0,0,377320,499000,0,0,0,0,0,0,0,0,0
93179111,ADATA DDR5-6000 CL30 LANCER BLADE RGB 블랙 패키지 파인인포,ADATA LANCER BLADE RGB 블랙 패키지 파인인포,DDR5,6000,CL30,48GB(24GX2),48,255020,255020,255000,255000,255000,255000,255000,255000,255000,255000,255000,255000,261110,261310,0,340200,344990,344990,344990,344990,344940,344840,0,0,0,0,0,0,0,0,0
93179111,ADATA DDR5-6000 CL30 LANCER BLADE RGB 블랙 패키지 파인인포,ADATA LANCER BLADE RGB 블랙 패키지 파인인포,DDR5,6000,CL30,32GB(16GX2),32,202860,202760,202740,202740,202710,202600,202490,202400,202380,202270,202180,202160,202050,207080,0,256380,259990,259960,259920,259880,259830,259740,0,0,0,0,0,0,0,0,0
93179114,ADATA DDR5-6000 CL30 LANCER BLADE RGB 블랙 패키지 파인인포,ADATA LANCER BLADE RGB 블랙 패키지 파인인포,DDR5,6000,CL30,64GB(32GX2),64,0,0,0,0,0,0,0,0,0,0,0,0,0,0,450530,0,0,0,0,0,0,0,0,0,0,0,0,0,0,0,0
93179114,ADATA DDR5-6000 CL30 LANCER BLADE RGB 블랙 패키지 파인인포,ADATA LANCER BLADE RGB 블랙 패키지 파인인포,DDR5,6000,CL30,32GB(16GX2),32,0,0,0,0,0,0,0,0,0,0,0,0,0,0,241050,0,0,0,0,0,0,0,0,0,0,0,0,0,0,0,0
68788100,ADATA DDR5-6000 CL30 LANCER BLADE RGB 화이트 패키지 서린,ADATA LANCER BLADE RGB 화이트 패키지 서린,DDR5,6000,CL30,64GB(32GX2),64,389900,389900,390000,390000,390000,390000,390000,390000,390000,390000,430000,430000,430000,429990,429990,429990,429990,430000,430000,430000,539990,540000,540000,540000,565860,565860,565860,585660,585660,585660,769990
68788100,ADATA DDR5-6000 CL30 LANCER BLADE RGB 화이트 패키지 서린,ADATA LANCER BLADE RGB 화이트 패키지 서린,DDR5,6000,CL30,48GB(24GX2),48,262730,262730,327170,327170,327170,327170,327170,327170,327170,327170,327170,327170,327170,327170,327170,332500,350090,350090,350090,350090,350090,350090,350090,350090,482500,482500,482500,482500,482500,482500,482500
68788100,ADATA DDR5-6000 CL30 LANCER BLADE RGB 화이트 패키지 서린,ADATA LANCER BLADE RGB 화이트 패키지 서린,DDR5,6000,CL30,32GB(16GX2),32,197000,197000,197000,197000,197000,197000,197000,197000,197000,197000,197000,197000,197000,197000,230990,230990,230990,231000,231000,231000,309990,310000,310000,310000,375000,374990,375000,375000,375000,375000,375000
46390997,ADATA DDR5-6000 CL30 LANCER BLADE RGB 화이트 패키지 코잇,ADATA LANCER BLADE RGB 화이트 패키지 코잇,DDR5,6000,CL30,64GB(32GX2),64,359000,0,0,0,0,0,0,0,0,0,0,0,359000,0,0,0,0,0,0,0,0,0,498990,498990,498990,498990,498990,498990,498990,524400,0
46390997,ADATA DDR5-6000 CL30 LANCER BLADE RGB 화이트 패키지 코잇,ADATA LANCER BLADE RGB 화이트 패키지 코잇,DDR5,6000,CL30,32GB(16GX2),32,182790,0,0,0,0,0,0,0,0,0,0,0,184210,0,0,0,0,0,0,0,0,0,309750,309750,309750,309750,309750,366450,379000,379000,0
27785618,ADATA DDR5-6000 CL30 LANCER BLADE RGB 화이트 패키지 코잇,ADATA LANCER BLADE RGB 화이트 패키지 코잇,DDR5,6000,CL30,64GB(32GX2),64,0,359000,359000,359000,359000,359000,359000,359000,359000,359000,359000,359000,0,359430,435000,435000,435000,435000,435000,435000,498990,498990,0,0,0,0,0,0,0,0,0
27785618,ADATA DDR5-6000 CL30 LANCER BLADE RGB 화이트 패키지 코잇,ADATA LANCER BLADE RGB 화이트 패키지 코잇,DDR5,6000,CL30,32GB(16GX2),32,0,182790,182790,182790,182790,182790,182790,182790,182790,182790,184210,184210,0,184210,229950,229950,233500,299000,299000,299000,309750,309750,0,0,0,0,0,0,0,0,379000
93179012,ADATA DDR5-6000 CL30 LANCER BLADE RGB 화이트 패키지 파인인포,ADATA LANCER BLADE RGB 화이트 패키지 파인인포,DDR5,6000,CL30,64GB(32GX2),64,377330,377330,377310,377310,377310,377310,377310,377310,377310,377310,377310,377310,377330,384570,450530,498990,498990,498990,498990,498990,498940,498840,517690,525000,0,0,595430,0,670670,670670,670670
93179012,ADATA DDR5-6000 CL30 LANCER BLADE RGB 화이트 패키지 파인인포,ADATA LANCER BLADE RGB 화이트 패키지 파인인포,DDR5,6000,CL30,48GB(24GX2),48,246470,246470,246470,246470,246470,246470,246470,246470,246470,246470,246470,246470,246470,261310,265000,344990,344990,344990,344990,344990,344940,344840,374830,375000,375000,375000,375000,0,394740,474990,474970
93179012,ADATA DDR5-6000 CL30 LANCER BLADE RGB 화이트 패키지 파인인포,ADATA LANCER BLADE RGB 화이트 패키지 파인인포,DDR5,6000,CL30,32GB(16GX2),32,201660,201660,201640,201640,201640,201640,201640,201640,201640,201640,201640,201640,201680,207080,241050,273680,273680,268660,273670,273670,201650,260000,295000,295000,295000,295000,295000,0,361990,361970,361950
93179039,ADATA DDR5-6000 CL30 LANCER BLADE RGB 화이트 패키지 파인인포,ADATA LANCER BLADE RGB 화이트 패키지 파인인포,DDR5,6000,CL30,48GB(24GX2),48,0,0,0,0,0,0,0,0,0,0,0,0,0,0,0,0,0,0,0,0,0,0,0,0,0,0,0,375000,0,0,0
57504575,ADATA DDR5-6000 CL30 LANCER BLADE 블랙 코잇,ADATA LANCER BLADE 블랙 코잇,DDR5,6000,CL30,16GB,16,89000,89000,89000,89000,89000,89000,89000,89000,89000,89000,89000,89000,89000,0,0,0,0,0,0,0,0,0,0,0,0,0,0,0,0,0,0
68787806,ADATA DDR5-6000 CL30 LANCER BLADE 블랙 패키지 서린,ADATA LANCER BLADE 블랙 패키지 서린,DDR5,6000,CL30,64GB(32GX2),64,379990,387610,420000,420000,420000,420000,420000,420000,420000,420000,0,419990,419990,419950,419880,422500,522500,522500,522500,522500,522500,522500,522500,522500,0,0,0,0,750000,750000,750000
68787806,ADATA DDR5-6000 CL30 LANCER BLADE 블랙 패키지 서린,ADATA LANCER BLADE 블랙 패키지 서린,DDR5,6000,CL30,32GB(16GX2),32,199990,200000,200000,200000,200000,200000,200000,200000,200000,200000,0,200000,200000,200000,200000,219950,219830,220000,220000,220000,289950,289990,289990,289990,354990,354990,354990,354990,354990,354990,355000
68787917,ADATA DDR5-6000 CL30 LANCER BLADE 블랙 패키지 서린,ADATA LANCER BLADE 블랙 패키지 서린,DDR5,6000,CL30,64GB(32GX2),64,0,0,0,0,0,0,0,0,0,0,419990,0,0,0,0,0,0,0,0,0,0,0,0,0,0,0,0,0,0,0,0
68787917,ADATA DDR5-6000 CL30 LANCER BLADE 블랙 패키지 서린,ADATA LANCER BLADE 블랙 패키지 서린,DDR5,6000,CL30,32GB(16GX2),32,0,0,0,0,0,0,0,0,0,0,200000,0,0,0,0,0,0,0,0,0,0,0,0,0,0,0,0,0,0,0,0
93178988,ADATA DDR5-6000 CL30 LANCER BLADE 블랙 패키지 파인인포,ADATA LANCER BLADE 블랙 패키지 파인인포,DDR5,6000,CL30,64GB(32GX2),64,376930,376930,376920,376920,376920,376920,376920,376920,376920,376920,376920,376920,376930,380000,440000,492000,492000,491990,491990,491990,479800,479800,495000,495000,0,0,495000,0,674990,674990,674990
93178988,ADATA DDR5-6000 CL30 LANCER BLADE 블랙 패키지 파인인포,ADATA LANCER BLADE 블랙 패키지 파인인포,DDR5,6000,CL30,32GB(16GX2),32,188930,188930,188920,188920,188920,188920,188920,188920,188920,188920,188920,188920,188920,190000,221000,254000,254000,253990,253990,253990,253960,253860,280000,280000,280000,280000,280000,0,355000,354990,354990
93178967,ADATA DDR5-6000 CL30 LANCER BLADE 블랙 패키지 파인인포,ADATA LANCER BLADE 블랙 패키지 파인인포,DDR5,6000,CL30,64GB(32GX2),64,376930,376930,376920,376920,376920,376920,376920,376920,376920,376920,376920,376920,376930,380000,440000,492000,492000,491990,491990,491990,479800,479800,495000,495000,0,0,495000,0,674990,674990,674990
93178967,ADATA DDR5-6000 CL30 LANCER BLADE 블랙 패키지 파인인포,ADATA LANCER BLADE 블랙 패키지 파인인포,DDR5,6000,CL30,32GB(16GX2),32,188930,188930,188920,188920,188920,188920,188920,188920,188920,188920,188920,188920,188920,190000,221000,254000,254000,253990,253990,253990,253960,253860,280000,280000,0,0,280000,0,355000,354990,354990
68787977,ADATA DDR5-6000 CL30 LANCER BLADE 화이트 패키지 서린,ADATA LANCER BLADE 화이트 패키지 서린,DDR5,6000,CL30,64GB(32GX2),64,379990,0,0,0,0,0,0,0,0,420000,419990,419990,0,0,0,419750,419630,0,0,420000,0,0,0,0,0,0,0,0,0,0,0
68787977,ADATA DDR5-6000 CL30 LANCER BLADE 화이트 패키지 서린,ADATA LANCER BLADE 화이트 패키지 서린,DDR5,6000,CL30,32GB(16GX2),32,199990,0,0,0,0,0,0,0,0,220000,219990,219990,0,0,0,219690,219570,0,0,220000,0,0,0,0,0,0,0,0,0,0,0
68787956,ADATA DDR5-6000 CL30 LANCER BLADE 화이트 패키지 서린,ADATA LANCER BLADE 화이트 패키지 서린,DDR5,6000,CL30,64GB(32GX2),64,0,379900,420000,420000,420000,420000,420000,420000,420000,0,0,0,419990,419950,419870,0,0,420000,420000,0,519950,519990,519990,519990,544900,544900,544900,544900,544900,544900,749990
68787956,ADATA DDR5-6000 CL30 LANCER BLADE 화이트 패키지 서린,ADATA LANCER BLADE 화이트 패키지 서린,DDR5,6000,CL30,32GB(16GX2),32,0,200000,220000,220000,220000,220000,220000,220000,220000,0,0,0,219990,219890,219810,0,0,220000,220000,0,289950,289990,289990,289990,354990,354990,354990,354990,354990,354990,354990
93178919,ADATA DDR5-6000 CL30 LANCER BLADE 화이트 패키지 파인인포,ADATA LANCER BLADE 화이트 패키지 파인인포,DDR5,6000,CL30,64GB(32GX2),64,376720,376720,376710,376710,376710,376710,376710,376710,376710,376710,376710,376710,376720,380000,440000,492000,492000,492000,492000,492000,491960,491840,495000,495000,0,0,495000,0,674990,674990,674990
93178919,ADATA DDR5-6000 CL30 LANCER BLADE 화이트 패키지 파인인포,ADATA LANCER BLADE 화이트 패키지 파인인포,DDR5,6000,CL30,32GB(16GX2),32,182830,182830,182820,182820,182820,182820,182820,182820,182820,182820,182820,182820,182820,190000,221000,254000,254000,253990,253990,253990,253960,253840,280000,280000,283000,283000,280000,0,280000,354990,354990
93178940,ADATA DDR5-6000 CL30 LANCER BLADE 화이트 패키지 파인인포,ADATA LANCER BLADE 화이트 패키지 파인인포,DDR5,6000,CL30,64GB(32GX2),64,0,0,0,0,0,0,0,0,0,0,0,0,0,0,0,0,0,0,0,0,0,0,0,0,0,0,495000,0,0,0,0
93178940,ADATA DDR5-6000 CL30 LANCER BLADE 화이트 패키지 파인인포,ADATA LANCER BLADE 화이트 패키지 파인인포,DDR5,6000,CL30,32GB(16GX2),32,0,0,0,0,0,0,0,0,0,0,0,0,0,0,0,0,0,0,0,0,0,0,0,0,0,0,280000,0,0,0,0
68914628,ADATA DDR5-6000 CL30 LANCER RGB 블랙 패키지 서린,ADATA LANCER RGB 블랙 패키지 서린,DDR5,6000,CL30,64GB(32GX2),64,376750,389900,0,0,0,390000,0,0,0,0,0,0,0,0,0,434990,0,0,0,0,0,0,0,0,0,0,0,576340,576340,576340,0
68914628,ADATA DDR5-6000 CL30 LANCER RGB 블랙 패키지 서린,ADATA LANCER RGB 블랙 패키지 서린,DDR5,6000,CL30,32GB(16GX2),32,220000,220000,0,0,0,220000,0,0,0,0,0,0,0,0,0,241990,0,0,0,0,0,0,0,0,0,0,0,385000,385000,384990,0
68914589,ADATA DDR5-6000 CL30 LANCER RGB 블랙 패키지 서린,ADATA LANCER RGB 블랙 패키지 서린,DDR5,6000,CL30,64GB(32GX2),64,0,0,390000,390000,390000,0,390000,390000,390000,390000,435000,435000,435000,434990,434990,0,434990,435000,435000,435000,549990,550000,550000,550000,576340,576340,576340,0,0,0,779990
68914589,ADATA DDR5-6000 CL30 LANCER RGB 블랙 패키지 서린,ADATA LANCER RGB 블랙 패키지 서린,DDR5,6000,CL30,32GB(16GX2),32,0,0,220000,220000,220000,0,220000,220000,220000,220000,242000,242000,242000,241990,241990,0,241990,242000,242000,242000,319990,320000,320000,320000,385000,385000,385000,0,0,0,384990
19235519,ADATA DDR5-6000 CL30 LANCER RGB 블랙 패키지 코잇,ADATA LANCER RGB 블랙 패키지 코잇,DDR5,6000,CL30,64GB(32GX2),64,384980,384890,384860,384770,384990,384990,0,0,0,0,0,0,0,0,0,0,0,0,0,0,506000,506000,499000,499000,0,0,0,0,0,685000,685000
19235519,ADATA DDR5-6000 CL30 LANCER RGB 블랙 패키지 코잇,ADATA LANCER RGB 블랙 패키지 코잇,DDR5,6000,CL30,32GB(16GX2),32,183120,169000,169000,169000,169000,169000,0,0,0,0,0,0,0,0,0,0,0,0,0,0,0,0,0,0,0,0,0,0,0,0,0
19235489,ADATA DDR5-6000 CL30 LANCER RGB 블랙 패키지 코잇,ADATA LANCER RGB 블랙 패키지 코잇,DDR5,6000,CL30,64GB(32GX2),64,0,0,0,0,0,0,384990,384990,384990,384990,384990,384990,384990,384990,381300,393600,393600,0,0,0,0,0,0,0,0,0,0,0,0,0,0
19235489,ADATA DDR5-6000 CL30 LANCER RGB 블랙 패키지 코잇,ADATA LANCER RGB 블랙 패키지 코잇,DDR5,6000,CL30,32GB(16GX2),32,0,0,0,0,0,0,169000,169000,169000,169000,169000,169000,186990,188970,225000,189000,225000,225000,225000,0,0,0,0,0,0,0,0,0,0,0,0
93629063,ADATA DDR5-6000 CL30 LANCER RGB 블랙 패키지 파인인포,ADATA LANCER RGB 블랙 패키지 파인인포,DDR5,6000,CL30,64GB(32GX2),64,377010,377010,377010,377010,377010,377010,377010,377010,377010,377010,377010,377010,377010,399000,438000,452530,506000,508990,508990,508990,505970,492970,526120,526120,543000,543000,540000,0,667390,667390,667390
93629063,ADATA DDR5-6000 CL30 LANCER RGB 블랙 패키지 파인인포,ADATA LANCER RGB 블랙 패키지 파인인포,DDR5,6000,CL30,32GB(16GX2),32,203440,206680,217850,206690,217650,217620,217500,217380,217260,217140,217020,216900,216780,218000,243000,264710,264690,271990,271990,271990,268990,268990,312530,315000,318000,318000,318000,0,331580,367990,367870
93502490,ADATA DDR5-6000 CL30 LANCER RGB 블랙 패키지 파인인포,ADATA LANCER RGB 블랙 패키지 파인인포,DDR5,6000,CL30,64GB(32GX2),64,377010,377010,377010,377010,377010,377010,377010,377010,377010,377010,377010,377010,377010,399000,438000,452530,506000,508990,508990,508990,505970,492970,526120,526120,0,0,0,0,0,0,667390
93502490,ADATA DDR5-6000 CL30 LANCER RGB 블랙 패키지 파인인포,ADATA LANCER RGB 블랙 패키지 파인인포,DDR5,6000,CL30,32GB(16GX2),32,203440,206680,217850,206690,217650,217620,217500,217380,217260,217140,217020,216900,216790,218000,243000,264710,264690,271990,271990,271990,268990,268990,312530,315000,0,0,0,0,0,0,367870
68915192,ADATA DDR5-6000 CL30 LANCER RGB 화이트 패키지 서린,ADATA LANCER RGB 화이트 패키지 서린,DDR5,6000,CL30,64GB(32GX2),64,365000,365000,376300,376300,376300,376300,376300,376300,376300,376300,397960,397960,411500,411500,411500,411500,411500,411500,411500,411500,411500,531500,531500,531500,531500,531500,531500,576340,576340,576340,701500
68915192,ADATA DDR5-6000 CL30 LANCER RGB 화이트 패키지 서린,ADATA LANCER RGB 화이트 패키지 서린,DDR5,6000,CL30,32GB(16GX2),32,220000,220000,220000,220000,220000,220000,220000,220000,220000,220000,242000,242000,242000,241990,241990,241990,241990,242000,242000,242000,319990,320000,320000,320000,385000,385000,385000,385000,385000,385000,385000
19235582,ADATA DDR5-6000 CL30 LANCER RGB 화이트 패키지 코잇,ADATA LANCER RGB 화이트 패키지 코잇,DDR5,6000,CL30,64GB(32GX2),64,364880,365430,365430,365430,365430,365430,365430,365430,365430,365430,365430,365430,365430,365430,376300,385610,418200,418200,418200,418200,490000,490000,490000,490000,490000,490000,490000,490000,0,0,1327900
19235582,ADATA DDR5-6000 CL30 LANCER RGB 화이트 패키지 코잇,ADATA LANCER RGB 화이트 패키지 코잇,DDR5,6000,CL30,32GB(16GX2),32,183620,183590,183470,183350,183260,183230,183110,182990,182870,182750,184500,184500,184500,188990,189000,189000,224200,224200,224200,224200,223000,223000,259590,299000,313950,313950,313950,366450,0,0,396900
19235594,ADATA DDR5-6000 CL30 LANCER RGB 화이트 패키지 코잇,ADATA LANCER RGB 화이트 패키지 코잇,DDR5,6000,CL30,64GB(32GX2),64,0,0,0,0,0,0,0,0,0,0,0,0,0,0,0,0,0,0,0,0,0,0,0,0,0,0,0,0,490000,1327900,0
19235594,ADATA DDR5-6000 CL30 LANCER RGB 화이트 패키지 코잇,ADATA LANCER RGB 화이트 패키지 코잇,DDR5,6000,CL30,32GB(16GX2),32,0,0,0,0,0,0,0,0,0,0,0,0,0,0,0,0,0,0,0,0,0,0,0,0,0,0,0,0,396900,396900,0
93629033,ADATA DDR5-6000 CL30 LANCER RGB 화이트 패키지 파인인포,ADATA LANCER RGB 화이트 패키지 파인인포,DDR5,6000,CL30,64GB(32GX2),64,383270,383270,383260,383260,383260,383260,383260,383260,383260,383260,383260,383260,383260,399000,438000,399000,506000,509000,509000,509000,505990,505970,540000,540000,540000,540000,540000,0,685000,684990,684990
93629033,ADATA DDR5-6000 CL30 LANCER RGB 화이트 패키지 파인인포,ADATA LANCER RGB 화이트 패키지 파인인포,DDR5,6000,CL30,32GB(16GX2),32,209420,209420,209410,209410,209410,209410,209410,209410,209410,209410,209410,209410,209410,219000,243000,219000,269000,272000,272000,272000,268990,268970,315000,315000,318000,318000,315000,0,375000,374990,374990
93502517,ADATA DDR5-6000 CL30 LANCER RGB 화이트 패키지 파인인포,ADATA LANCER RGB 화이트 패키지 파인인포,DDR5,6000,CL30,64GB(32GX2),64,383270,383270,383260,383260,383260,383260,383260,383260,383260,383260,383260,383260,383260,399000,438000,399000,506000,509000,509000,509000,505990,505970,540000,540000,0,0,0,0,0,0,0
93502517,ADATA DDR5-6000 CL30 LANCER RGB 화이트 패키지 파인인포,ADATA LANCER RGB 화이트 패키지 파인인포,DDR5,6000,CL30,32GB(16GX2),32,209420,209420,209410,209410,209410,209410,209410,209410,209410,209410,209410,209410,209410,219000,243000,219000,269000,272000,272000,272000,268990,268970,315000,315000,0,0,0,0,0,0,0
68914226,ADATA DDR5-6000 CL30 LANCER 블랙 패키지 서린,ADATA LANCER 블랙 패키지 서린,DDR5,6000,CL30,64GB(32GX2),64,380000,420000,420000,420000,420000,420000,0,420000,420000,420000,420000,420000,420000,420000,420000,422500,0,0,0,0,0,0,0,0,0,0,0,0,0,0,0
68914226,ADATA DDR5-6000 CL30 LANCER 블랙 패키지 서린,ADATA LANCER 블랙 패키지 서린,DDR5,6000,CL30,32GB(16GX2),32,210000,210000,210000,210000,210000,210000,0,210000,210000,210000,223280,223280,223280,223280,223280,223280,0,0,0,0,0,0,0,0,0,0,0,0,0,0,0
68914400,ADATA DDR5-6000 CL30 LANCER 블랙 패키지 서린,ADATA LANCER 블랙 패키지 서린,DDR5,6000,CL30,64GB(32GX2),64,0,0,0,0,0,0,420000,0,0,0,0,0,0,0,0,0,532500,530000,530000,530000,530000,530000,530000,530000,759500,759500,759500,760000,760000,760000,760000
68914400,ADATA DDR5-6000 CL30 LANCER 블랙 패키지 서린,ADATA LANCER 블랙 패키지 서린,DDR5,6000,CL30,32GB(16GX2),32,0,0,0,0,0,0,210000,0,0,0,0,0,0,0,0,0,223280,231000,231000,231000,299990,300000,300000,300000,365000,365000,365000,364990,364990,364990,364990
68914484,ADATA DDR5-6000 CL30 LANCER 화이트 패키지 서린,ADATA LANCER 화이트 패키지 서린,DDR5,6000,CL30,64GB(32GX2),64,380000,380000,380000,380000,380000,380000,380000,380000,380000,0,420000,0,0,0,0,0,0,420000,420000,420000,529990,530000,530000,530000,0,0,0,574810,574810,574810,759990
68914484,ADATA DDR5-6000 CL30 LANCER 화이트 패키지 서린,ADATA LANCER 화이트 패키지 서린,DDR5,6000,CL30,32GB(16GX2),32,210000,210000,210000,210000,210000,210000,210000,210000,210000,0,231000,0,0,0,0,0,0,231000,231000,231000,299990,300000,300000,300000,0,0,0,364990,364990,364990,364990
68914514,ADATA DDR5-6000 CL30 LANCER 화이트 패키지 서린,ADATA LANCER 화이트 패키지 서린,DDR5,6000,CL30,64GB(32GX2),64,0,0,0,0,0,0,0,0,0,380000,0,420000,420000,419990,419990,419990,419990,0,0,0,0,0,0,0,555380,555380,555380,0,0,0,0
68914514,ADATA DDR5-6000 CL30 LANCER 화이트 패키지 서린,ADATA LANCER 화이트 패키지 서린,DDR5,6000,CL30,32GB(16GX2),32,0,0,0,0,0,0,0,0,0,210000,0,231000,231000,230990,230990,230990,230990,0,0,0,0,0,0,0,365000,365000,364990,0,0,0,0
81036917,ADATA DDR5-6000 CL34 LANCER BLADE RGB 블랙 패키지 서린,ADATA LANCER BLADE RGB 블랙 패키지 서린,DDR5,6000,CL34,32GB(16GX2),32,180250,185000,199730,199730,199730,199730,199730,199730,199730,199730,199730,199730,199730,199730,199730,199730,199730,205000,205000,215010,215010,282550,282550,288600,358300,358300,358300,358300,358300,358300,358300
81036980,ADATA DDR5-6000 CL34 LANCER BLADE RGB 화이트 패키지 서린,ADATA LANCER BLADE RGB 화이트 패키지 서린,DDR5,6000,CL34,32GB(16GX2),32,185000,185000,205000,205000,205000,205000,205000,205000,205000,205000,205000,205000,205000,204990,204990,204990,204990,214870,214870,215010,289990,290000,290000,290000,362500,362500,362500,362500,362500,362500,362500
81037013,ADATA DDR5-6000 CL34 LANCER BLADE 블랙 패키지 서린,ADATA LANCER BLADE 블랙 패키지 서린,DDR5,6000,CL34,32GB(16GX2),32,172000,175210,194000,194000,194000,194000,194000,194000,194000,194000,194000,194000,194000,193990,193990,193990,193990,194000,194000,203500,203500,280000,280000,280000,350000,350000,350000,350000,350000,350000,350000
81037046,ADATA DDR5-6000 CL34 LANCER BLADE 화이트 패키지 서린,ADATA LANCER BLADE 화이트 패키지 서린,DDR5,6000,CL34,32GB(16GX2),32,171990,172000,194000,194000,194000,194000,194000,194000,194000,194000,193990,193990,193990,193950,193870,193750,193660,203270,203270,203500,279870,279990,279990,279990,349990,349990,349990,349990,349990,349990,349990
81037256,ADATA DDR5-6000 CL36 LANCER BLADE RGB 블랙 패키지 서린,ADATA LANCER BLADE RGB 블랙 패키지 서린,DDR5,6000,CL36,32GB(16GX2),32,175000,183350,195500,195500,195500,195500,183350,183350,183350,183350,183350,183350,183350,183350,193000,193000,193000,193000,193000,280000,280000,280000,280000,280000,352000,352000,352000,352000,352000,352000,352000
81037301,ADATA DDR5-6000 CL36 LANCER BLADE RGB 화이트 패키지 서린,ADATA LANCER BLADE RGB 화이트 패키지 서린,DDR5,6000,CL36,32GB(16GX2),32,174990,175000,193000,193000,193000,193000,193000,193000,193000,193000,192990,192990,192990,192950,192880,192850,192760,193000,193000,202470,279880,279990,279990,279990,351990,351990,351990,351990,351990,351990,351990
81037100,ADATA DDR5-6000 CL36 LANCER BLADE 블랙 패키지 서린,ADATA LANCER BLADE 블랙 패키지 서린,DDR5,6000,CL36,32GB(16GX2),32,152000,152000,180000,180000,180000,180000,180000,180000,180000,180000,180000,180000,180000,179990,179990,179990,179990,180000,180000,269990,269990,270000,270000,270000,342000,342000,342000,342000,342000,342000,342000
81037184,ADATA DDR5-6000 CL36 LANCER BLADE 화이트 패키지 서린,ADATA LANCER BLADE 화이트 패키지 서린,DDR5,6000,CL36,32GB(16GX2),32,132000,152000,180000,180000,180000,180000,180000,180000,180000,180000,180000,180000,180000,179990,179990,179990,179990,180000,180000,188790,269990,270000,270000,270000,342000,342000,342000,341990,341990,341990,341990
16047602,ADATA DDR5-6000 CL40 LANCER RGB 블랙 패키지,ADATA LANCER RGB 블랙 패키지,DDR5,6000,CL40,32GB(16GX2),32,589140,589140,589140,589140,589140,589140,589140,589140,589140,589140,589140,589140,589140,589140,589140,589140,589140,589140,589140,589140,589140,589140,589140,589140,589140,589140,589140,589140,589140,589140,589140
68788169,ADATA DDR5-6400 CL32 LANCER BLADE RGB 블랙 패키지 서린,ADATA LANCER BLADE RGB 블랙 패키지 서린,DDR5,6400,CL32,48GB(24GX2),48,264100,264100,328700,0,0,0,0,0,0,328700,328700,328700,328700,328700,328700,328700,328700,0,0,0,0,0,0,0,0,0,0,0,0,0,475000
68788169,ADATA DDR5-6400 CL32 LANCER BLADE RGB 블랙 패키지 서린,ADATA LANCER BLADE RGB 블랙 패키지 서린,DDR5,6400,CL32,32GB(16GX2),32,210000,210000,210000,0,0,0,0,0,0,210000,231000,231000,231000,230990,230990,230990,230990,0,0,0,0,0,0,0,0,0,0,0,0,0,375000
75938450,ADATA DDR5-6400 CL32 LANCER BLADE RGB 블랙 패키지 서린,ADATA LANCER BLADE RGB 블랙 패키지 서린,DDR5,6400,CL32,48GB(24GX2),48,0,0,0,328700,328700,328700,328700,328700,328700,0,0,0,0,0,0,0,0,335000,335000,335000,335000,335000,393300,393300,479750,479750,479750,479750,479750,479750,0
75938450,ADATA DDR5-6400 CL32 LANCER BLADE RGB 블랙 패키지 서린,ADATA LANCER BLADE RGB 블랙 패키지 서린,DDR5,6400,CL32,32GB(16GX2),32,0,0,0,210000,210000,210000,210000,210000,210000,0,0,0,0,0,0,0,0,231000,231000,231000,309990,310000,310000,310000,375000,375000,375000,375000,375000,375000,0
27785819,ADATA DDR5-6400 CL32 LANCER BLADE RGB 블랙 패키지 코잇,ADATA LANCER BLADE RGB 블랙 패키지 코잇,DDR5,6400,CL32,32GB(16GX2),32,0,0,0,0,0,0,0,0,0,0,0,0,0,0,0,0,0,0,0,0,0,0,0,0,0,0,0,0,0,356400,356400
68788211,ADATA DDR5-6400 CL32 LANCER BLADE RGB 화이트 패키지 서린,ADATA LANCER BLADE RGB 화이트 패키지 서린,DDR5,6400,CL32,48GB(24GX2),48,270000,318250,0,0,0,0,0,0,0,0,0,0,0,0,0,0,0,0,0,0,0,0,0,0,0,0,0,0,0,0,0
68788211,ADATA DDR5-6400 CL32 LANCER BLADE RGB 화이트 패키지 서린,ADATA LANCER BLADE RGB 화이트 패키지 서린,DDR5,6400,CL32,32GB(16GX2),32,210000,210000,210000,210000,210000,210000,210000,210000,210000,210000,223200,223200,223200,223200,223200,223200,223200,231000,231000,231000,309990,310000,310000,310000,375000,375000,375000,375000,375000,375000,375000
27785843,ADATA DDR5-6400 CL32 LANCER BLADE RGB 화이트 패키지 코잇,ADATA LANCER BLADE RGB 화이트 패키지 코잇,DDR5,6400,CL32,32GB(16GX2),32,186390,186390,186390,186390,186390,186390,186390,186390,186390,186390,0,0,0,0,0,0,0,0,0,0,0,0,0,0,0,0,0,0,0,359700,359700
68915114,ADATA DDR5-6400 CL32 LANCER RGB 블랙 패키지 서린,ADATA LANCER RGB 블랙 패키지 서린,DDR5,6400,CL32,64GB(32GX2),64,387610,387610,400000,400000,0,0,400000,400000,400000,400000,440000,440000,440000,439990,439990,439990,439990,440000,440000,0,559990,560000,560000,560000,586820,586820,586820,586820,586820,586820,789990
68915114,ADATA DDR5-6400 CL32 LANCER RGB 블랙 패키지 서린,ADATA LANCER RGB 블랙 패키지 서린,DDR5,6400,CL32,32GB(16GX2),32,190640,190640,220000,220000,0,0,220000,220000,220000,220000,242000,242000,242000,241990,241990,241990,241990,242000,242000,0,319990,320000,320000,320000,385000,385000,385000,385000,385000,385000,385000
68915141,ADATA DDR5-6400 CL32 LANCER RGB 블랙 패키지 서린,ADATA LANCER RGB 블랙 패키지 서린,DDR5,6400,CL32,64GB(32GX2),64,0,0,0,0,400000,400000,0,0,0,0,0,0,0,0,0,0,0,0,0,559990,0,0,0,0,0,0,0,0,0,0,0
68915141,ADATA DDR5-6400 CL32 LANCER RGB 블랙 패키지 서린,ADATA LANCER RGB 블랙 패키지 서린,DDR5,6400,CL32,32GB(16GX2),32,0,0,0,0,220000,220000,0,0,0,0,0,0,0,0,0,0,0,0,0,242000,0,0,0,0,0,0,0,0,0,0,0
68915306,ADATA DDR5-6400 CL32 LANCER RGB 화이트 패키지 서린,ADATA LANCER RGB 화이트 패키지 서린,DDR5,6400,CL32,64GB(32GX2),64,392000,392000,400000,400000,400000,400000,400000,0,400000,0,439990,439990,439990,439890,439820,439790,439670,440000,440000,440000,559950,559990,559990,559990,586820,586820,586820,586820,586820,586820,789990
68915306,ADATA DDR5-6400 CL32 LANCER RGB 화이트 패키지 서린,ADATA LANCER RGB 화이트 패키지 서린,DDR5,6400,CL32,32GB(16GX2),32,190640,190640,220000,220000,220000,220000,220000,0,220000,0,234070,234070,234070,234070,234070,234070,234070,242000,242000,242000,319990,320000,320000,320000,385000,385000,385000,385000,385000,385000,385000
68915318,ADATA DDR5-6400 CL32 LANCER RGB 화이트 패키지 서린,ADATA LANCER RGB 화이트 패키지 서린,DDR5,6400,CL32,64GB(32GX2),64,0,0,0,0,0,0,0,400000,0,400000,0,0,0,0,0,0,0,0,0,0,0,0,0,0,0,0,0,0,0,0,0
68915318,ADATA DDR5-6400 CL32 LANCER RGB 화이트 패키지 서린,ADATA LANCER RGB 화이트 패키지 서린,DDR5,6400,CL32,32GB(16GX2),32,0,0,0,0,0,0,0,220000,0,220000,0,0,0,0,0,0,0,0,0,0,0,0,0,0,0,0,0,0,0,0,0
68915171,ADATA DDR5-8000 CL40 LANCER RGB 블랙 패키지 서린,ADATA LANCER RGB 블랙 패키지 서린,DDR5,8000,CL40,48GB(24GX2),48,380000,380000,380000,380000,380000,380000,380000,380000,380000,380000,380000,380000,380000,380000,380000,0,0,0,0,0,0,0,0,0,0,0,0,0,0,0,0
94450280,ADATA 노트북 DDR4-3200 CL22 파인인포,ADATA 노트북 파인인포,DDR4,3200,CL22,16GB,16,55022,55020,55010,54980,54890,54860,54740,54620,54620,54620,54620,54620,54620,58000,75000,71510,71490,71370,71250,71130,81950,81850,82000,89000,89000,89000,89000,89000,89000,89000,89000
94450280,ADATA 노트북 DDR4-3200 CL22 파인인포,ADATA 노트북 파인인포,DDR4,3200,CL22,8GB,8,32000,32000,32000,32000,32000,32000,32000,32000,32000,32000,32000,32000,32000,38000,38000,38000,38000,38000,38000,38000,45000,0,210000,210000,210000,210000,34330,57330,58870,58850,58740
94450280,ADATA 노트북 DDR4-3200 CL22 파인인포,ADATA 노트북 파인인포,DDR4,3200,CL22,32GB,32,0,0,0,0,0,0,0,0,0,0,0,0,0,0,0,0,0,0,0,0,0,173670,221040,0,0,0,236430,221050,210600,210600,210600
94450292,ADATA 노트북 DDR4-3200 CL22 파인인포,ADATA 노트북 파인인포,DDR4,3200,CL22,16GB,16,0,0,0,0,0,0,0,0,0,0,0,0,0,0,0,0,0,71370,71250,71130,0,0,0,0,89000,89000,89000,0,0,0,0
94450292,ADATA 노트북 DDR4-3200 CL22 파인인포,ADATA 노트북 파인인포,DDR4,3200,CL22,8GB,8,0,0,0,0,0,0,0,0,0,0,0,0,0,0,0,0,0,38000,38000,38000,0,0,0,0,210000,210000,34330,0,0,0,0
94450292,ADATA 노트북 DDR4-3200 CL22 파인인포,ADATA 노트북 파인인포,DDR4,3200,CL22,32GB,32,0,0,0,0,0,0,0,0,0,0,0,0,0,0,0,0,0,0,0,0,0,0,0,0,0,0,236430,0,0,0,0
68918960,ADATA 노트북 DDR5-5600 CL46 서린,ADATA 노트북 서린,DDR5,5600,CL46,32GB,32,136710,0,0,0,0,0,0,0,0,140000,140000,140000,140000,157920,169960,169960,170000,170000,170000,189720,219950,239940,239940,240000,350000,350000,350000,349920,349920,349920,349920
68918960,ADATA 노트북 DDR5-5600 CL46 서린,ADATA 노트북 서린,DDR5,5600,CL46,16GB,16,71310,0,0,0,0,0,0,0,0,71310,77310,77310,77310,77310,85000,85000,85000,85000,85000,94920,109000,109000,118990,119000,168000,168000,168000,168000,168000,168000,168000
68918936,ADATA 노트북 DDR5-5600 CL46 서린,ADATA 노트북 서린,DDR5,5600,CL46,32GB,32,0,136710,136740,136740,136740,136740,136740,136740,136740,0,0,0,0,0,0,0,0,0,0,0,0,0,0,0,0,0,0,0,0,0,0
68918936,ADATA 노트북 DDR5-5600 CL46 서린,ADATA 노트북 서린,DDR5,5600,CL46,16GB,16,0,71310,71310,71310,71310,71310,71310,71310,71310,0,0,0,0,0,0,0,0,0,0,0,0,0,0,0,0,0,0,0,0,0,0
75467477,ADATA 노트북 DDR5-5600 CL46 코잇,ADATA 노트북 코잇,DDR5,5600,CL46,16GB,16,63450,63450,63450,63450,63450,63450,63450,63450,0,0,0,0,0,0,0,0,0,0,0,0,0,0,0,0,0,0,0,0,0,0,0
79397039,ADATA 노트북 DDR5-5600 CL46 파인인포,ADATA 노트북 파인인포,DDR5,5600,CL46,16GB,16,68310,68310,77360,77360,77360,77360,77360,77360,77360,77360,77360,77360,77360,81000,87000,85480,87000,0,0,0,0,0,131690,131700,159000,159000,0,155720,0,0,0
79397039,ADATA 노트북 DDR5-5600 CL46 파인인포,ADATA 노트북 파인인포,DDR5,5600,CL46,32GB,32,0,0,0,0,0,0,0,0,0,0,0,0,0,0,0,0,0,0,0,0,0,0,263390,263400,0,0,0,317980,0,0,0
79397126,ADATA 노트북 DDR5-5600 CL46 파인인포,ADATA 노트북 파인인포,DDR5,5600,CL46,32GB,32,0,0,0,0,0,0,0,0,0,0,0,0,0,0,0,0,0,0,0,0,0,0,0,0,0,0,263400,0,317980,317980,317980
79397126,ADATA 노트북 DDR5-5600 CL46 파인인포,ADATA 노트북 파인인포,DDR5,5600,CL46,16GB,16,0,0,0,0,0,0,0,0,0,0,0,0,0,0,0,0,0,0,0,0,0,0,0,0,0,0,151930,0,155700,155610,155500
97124171,AFOX DDR4-3200 CL22 대원씨티에스,AFOX 대원씨티에스,DDR4,3200,CL22,16GB,16,52000,52000,63000,63000,63000,63000,63000,63000,63000,63000,63000,63000,63000,63000,63000,63000,63000,63000,63000,63000,63000,68980,73080,76100,77760,77760,77760,80870,80870,80870,80870
97124171,AFOX DDR4-3200 CL22 대원씨티에스,AFOX 대원씨티에스,DDR4,3200,CL22,8GB,8,27500,27500,0,0,0,0,0,0,0,0,0,0,0,0,0,28900,31500,31500,31500,31500,31500,31500,0,48730,48730,48730,48730,48730,48730,48730,48730
99737048,AGI DDR5-5600 CL46 UD238 서린,AGI UD238 서린,DDR5,5600,CL46,32GB,32,0,0,0,0,0,0,0,0,0,0,0,0,0,0,0,0,0,0,0,0,0,0,0,0,0,0,0,0,309870,318000,0
99737048,AGI DDR5-5600 CL46 UD238 서린,AGI UD238 서린,DDR5,5600,CL46,16GB,16,0,0,0,0,0,0,0,0,0,0,0,0,0,0,0,0,0,0,0,0,0,0,0,0,0,0,0,0,156840,156840,161000
67581491,ANACOMDA DDR5-6000 CL36 G5 파이썬 ARGB White 패키지,ANACOMDA G5 파이썬 ARGB White 패키지,DDR5,6000,CL36,32GB(16GX2),32,140910,140910,140910,140910,140910,140910,140910,140910,140910,140910,140910,140910,140910,144000,0,0,0,0,0,0,0,0,196190,190310,190310,190310,0,0,0,0,0
21758186,ANACOMDA DDR5-6000 CL40 ET RGB Black 패키지,ANACOMDA ET RGB Black 패키지,DDR5,6000,CL40,32GB(16GX2),32,145800,145800,145800,145800,145800,145800,145800,145800,145800,145800,145800,145800,145800,145800,145800,149000,149000,201000,201000,201000,201000,201000,199670,190500,190500,190500,190500,199670,199670,199670,0
2430601,AVEXIR DDR3-1600 CL10 Blitz 1.1 Original 패키지 대양케이스,AVEXIR Blitz 1.1 Original 패키지 대양케이스,DDR3,1600,CL10,16GB(8GX2),16,150000,150000,150000,150000,150000,150000,150000,150000,150000,150000,150000,150000,150000,150000,150000,150000,150000,150000,150000,150000,150000,150000,150000,150000,150000,150000,150000,150000,150000,150000,150000
14091533,ArchMemory DDR4-2666 ECC for Synology,ArchMemory ECC for Synology,DDR4,2666,0,16GB,16,564000,564000,564000,564000,564000,564000,564000,564000,564000,564000,564000,564000,564000,564000,564000,564000,564000,564000,564000,564000,587000,587000,587000,587000,587000,587000,587000,587000,587000,587000,587000
95423780,BIWIN DDR4-3200 CL22,BIWIN,DDR4,3200,CL22,16GB,16,52370,52370,52370,52370,52370,52490,52490,52490,52490,52490,52490,52490,52490,52490,52490,54990,57110,57110,57110,57110,59710,61270,63340,63340,63340,63340,65390,77870,77870,77275,77275
95423924,BIWIN DDR5-5600 CL46,BIWIN,DDR5,5600,CL46,32GB,32,123000,123000,123000,123000,123000,123000,123000,123000,123000,123000,123000,0,0,0,0,0,0,0,0,0,0,0,0,0,0,0,0,0,0,0,0
95423924,BIWIN DDR5-5600 CL46,BIWIN,DDR5,5600,CL46,16GB,16,65000,65000,65000,65000,65000,65000,65000,65000,65000,65000,65000,0,0,0,0,0,0,0,0,0,0,0,0,0,0,0,0,0,0,0,0
95423906,BIWIN DDR5-5600 CL46,BIWIN,DDR5,5600,CL46,32GB,32,0,0,0,0,0,0,0,0,0,0,0,123000,123000,169000,169000,169000,169000,169000,179000,179000,249000,249000,249000,249000,249000,246000,246000,299000,329000,329000,329000
95424089,BIWIN DDR5-6000 CL28 DW100 RGB 블랙 패키지,BIWIN DW100 RGB 블랙 패키지,DDR5,6000,CL28,48GB(24GX2),48,225000,225000,242920,242820,242740,242640,242610,242490,242390,242300,242270,242180,242100,242110,339000,373000,373000,373000,373000,373000,399000,399000,399000,399000,399000,399000,399000,459000,569000,569000,569000
95424116,BIWIN DDR5-6000 CL28 DW100 RGB 화이트 패키지,BIWIN DW100 RGB 화이트 패키지,DDR5,6000,CL28,48GB(24GX2),48,225000,225000,242900,238960,242690,242590,242490,242400,242370,242270,242150,242060,242060,242060,339000,373000,373000,373000,373000,370000,371840,371840,371840,371840,371840,371840,371840,371840,371840,481830,481830
95423984,BIWIN DDR5-6000 CL28 HX100 블랙 패키지,BIWIN HX100 블랙 패키지,DDR5,6000,CL28,48GB(24GX2),48,216000,216000,232270,232270,232270,232270,232270,232270,232270,232270,232270,232270,232270,233000,289000,335000,335000,335000,335000,335000,389000,389000,389000,389000,386000,386000,386000,449000,549000,549000,549000
95424023,BIWIN DDR5-6000 CL28 HX100 실버 패키지,BIWIN HX100 실버 패키지,DDR5,6000,CL28,48GB(24GX2),48,218160,218160,232270,232270,232270,232270,232560,232270,232270,232270,232270,232270,232270,233000,289000,335000,335000,332000,335000,332000,389000,389000,389000,389000,389000,389000,389000,449000,549000,549000,549000
95424074,BIWIN DDR5-6000 CL30 DW100 RGB 블랙 패키지,BIWIN DW100 RGB 블랙 패키지,DDR5,6000,CL30,64GB(32GX2),64,381880,381880,381880,381880,381880,381880,381880,381880,381880,381880,381880,381880,381880,392000,435000,429000,429000,429000,429000,429000,499000,499000,499000,499000,499000,499000,499000,559000,699000,699000,699000
95424074,BIWIN DDR5-6000 CL30 DW100 RGB 블랙 패키지,BIWIN DW100 RGB 블랙 패키지,DDR5,6000,CL30,32GB(16GX2),32,176460,176460,186980,186980,186980,186980,186980,186980,186980,186980,186980,186980,186980,186990,219000,219000,219000,219000,219000,216000,259000,259000,299000,299000,299000,299000,299000,349000,379000,379000,379000
95424062,BIWIN DDR5-6000 CL30 DW100 RGB 블랙 패키지,BIWIN DW100 RGB 블랙 패키지,DDR5,6000,CL30,64GB(32GX2),64,0,0,0,0,0,0,0,0,0,0,0,0,0,0,435000,429000,429000,429000,429000,429000,499000,499000,499000,499000,499000,499000,499000,559000,699000,699000,699000
95424062,BIWIN DDR5-6000 CL30 DW100 RGB 블랙 패키지,BIWIN DW100 RGB 블랙 패키지,DDR5,6000,CL30,32GB(16GX2),32,0,0,0,0,0,0,0,0,0,0,0,0,0,0,219000,219000,219000,219000,219000,216000,259000,259000,299000,299000,299000,299000,299000,349000,379000,379000,379000
95424110,BIWIN DDR5-6000 CL30 DW100 RGB 화이트 패키지,BIWIN DW100 RGB 화이트 패키지,DDR5,6000,CL30,64GB(32GX2),64,391580,391580,391580,391580,391580,391580,391580,391580,391580,391580,391580,391580,391580,391980,435000,429000,429000,429000,429000,429000,499000,499000,499000,499000,496000,496000,496000,559000,699000,699000,699000
95424110,BIWIN DDR5-6000 CL30 DW100 RGB 화이트 패키지,BIWIN DW100 RGB 화이트 패키지,DDR5,6000,CL30,32GB(16GX2),32,173000,173000,186980,186980,186980,186980,186980,186980,186980,186980,186980,186980,186980,186990,219000,219000,219000,219000,219000,219000,259000,259000,299000,299000,299000,299000,299000,349000,379000,379000,379000
95424092,BIWIN DDR5-6000 CL30 DW100 RGB 화이트 패키지,BIWIN DW100 RGB 화이트 패키지,DDR5,6000,CL30,64GB(32GX2),64,391580,391580,391580,0,0,0,0,0,0,0,0,0,0,0,0,0,0,0,0,0,0,0,0,0,0,0,0,0,0,0,0
95424092,BIWIN DDR5-6000 CL30 DW100 RGB 화이트 패키지,BIWIN DW100 RGB 화이트 패키지,DDR5,6000,CL30,32GB(16GX2),32,173000,173000,186980,0,0,0,0,0,0,0,0,0,0,0,0,0,0,0,0,0,0,0,0,0,0,0,0,0,0,0,0
95423957,BIWIN DDR5-6000 CL30 HX100 블랙 패키지,BIWIN HX100 블랙 패키지,DDR5,6000,CL30,64GB(32GX2),64,382810,382710,382680,382680,382680,382680,382680,382680,382680,382680,382680,382680,382680,383000,411000,411000,411000,411000,411000,411000,489000,489000,489000,489000,489000,489000,489000,549000,679000,679000,679000
95423957,BIWIN DDR5-6000 CL30 HX100 블랙 패키지,BIWIN HX100 블랙 패키지,DDR5,6000,CL30,32GB(16GX2),32,154000,154000,165980,165980,165980,165980,165980,165980,165980,165980,165980,165980,165980,166000,205000,205000,205000,205000,205000,202000,249000,249000,249000,249000,249000,249000,249000,339000,359000,359000,359000
95423948,BIWIN DDR5-6000 CL30 HX100 블랙 패키지,BIWIN HX100 블랙 패키지,DDR5,6000,CL30,64GB(32GX2),64,0,0,0,0,0,0,0,0,0,0,0,0,0,0,0,0,0,0,0,411000,489000,489000,489000,489000,0,0,0,0,0,679000,679000
95423948,BIWIN DDR5-6000 CL30 HX100 블랙 패키지,BIWIN HX100 블랙 패키지,DDR5,6000,CL30,32GB(16GX2),32,0,0,0,0,0,0,0,0,0,0,0,0,0,0,0,0,0,0,0,202000,249000,249000,249000,249000,0,0,0,0,0,359000,359000
95424011,BIWIN DDR5-6000 CL30 HX100 실버 패키지,BIWIN HX100 실버 패키지,DDR5,6000,CL30,64GB(32GX2),64,359940,359940,382980,382980,382980,382980,382980,382980,382980,382980,382980,382980,382980,383000,411000,411000,411000,411000,411000,411000,489000,489000,489000,489000,489000,489000,489000,549000,679000,679000,679000
95424011,BIWIN DDR5-6000 CL30 HX100 실버 패키지,BIWIN HX100 실버 패키지,DDR5,6000,CL30,32GB(16GX2),32,154000,154000,165520,165820,165710,165620,165530,165520,165520,165520,165520,165520,165520,166000,199000,199000,199000,199000,199000,196000,249000,249000,249000,249000,249000,249000,249000,339000,359000,359000,359000
95424008,BIWIN DDR5-6000 CL30 HX100 실버 패키지,BIWIN HX100 실버 패키지,DDR5,6000,CL30,64GB(32GX2),64,359940,359940,382980,382980,382980,382980,382980,382980,0,382980,382980,382980,382980,383000,411000,411000,411000,411000,411000,411000,489000,489000,489000,489000,489000,489000,489000,549000,679000,679000,679000
95424008,BIWIN DDR5-6000 CL30 HX100 실버 패키지,BIWIN HX100 실버 패키지,DDR5,6000,CL30,32GB(16GX2),32,154000,154000,165520,165820,165710,165620,165530,165520,0,165520,165520,165520,165520,166000,199000,199000,199000,199000,199000,196000,249000,249000,249000,249000,249000,249000,249000,339000,359000,359000,359000
95423747,BIWIN 노트북 DDR4-3200 CL22,BIWIN 노트북,DDR4,3200,CL22,8GB,8,28500,28500,28500,28500,28500,28500,28500,28500,28500,28500,28500,28500,28500,28600,28600,28600,28600,28600,28600,30500,0,0,0,0,0,0,0,0,0,0,0
95423870,BIWIN 노트북 DDR5-5600 CL46,BIWIN 노트북,DDR5,5600,CL46,32GB,32,0,0,0,0,0,0,0,0,0,0,0,0,0,0,0,0,0,0,0,0,0,0,0,0,0,0,0,0,129600,0,0
4017369,CORSAIR DDR4-2666 CL15 Dominator Platinum 패키지,CORSAIR Dominator Platinum 패키지,DDR4,2666,CL15,64GB(16GX4),64,749320,749320,749320,749320,749320,749460,749460,749460,749460,749460,761350,761350,763350,763350,763350,763350,763350,763350,763350,762500,762500,774410,774410,774410,774410,774410,773430,773430,773430,773430,773430
4466172,CORSAIR DDR4-2666 CL16 VENGEANCE LED 레드 패키지,CORSAIR VENGEANCE LED 레드 패키지,DDR4,2666,CL16,32GB(8GX4),32,106590,106590,106590,106590,106590,106590,106590,106590,106590,106590,106590,106590,106590,106590,106590,106590,106590,106590,106590,106590,106590,106590,0,0,0,0,0,0,0,0,0
6259453,CORSAIR DDR4-2666 CL16 VENGEANCE PRO RGB BLACK 패키지,CORSAIR VENGEANCE PRO RGB BLACK 패키지,DDR4,2666,CL16,64GB(8GX8),64,0,0,0,0,0,0,0,0,0,0,0,0,0,0,0,0,0,0,0,0,0,0,683000,683000,683000,683000,683000,683000,683000,683000,683000
6259605,CORSAIR DDR4-2666 CL16 VENGEANCE PRO RGB WHITE 패키지,CORSAIR VENGEANCE PRO RGB WHITE 패키지,DDR4,2666,CL16,64GB(8GX8),64,683000,683000,683000,683000,683000,683000,683000,683000,683000,683000,683000,683000,683000,683000,683000,683000,683000,683000,683000,683000,0,0,0,0,0,0,0,0,0,0,0
5137261,CORSAIR DDR4-2666 CL16 VENGEANCE RGB 패키지,CORSAIR VENGEANCE RGB 패키지,DDR4,2666,CL16,32GB(8GX4),32,348320,348320,348320,348320,348320,348320,348320,348320,348320,348320,348320,348320,348320,348320,348320,348320,348320,348320,348320,348320,348320,348320,348320,348320,348320,348320,348320,348320,348320,348320,348320
6259482,CORSAIR DDR4-3000 CL15 VENGEANCE PRO RGB BLACK 패키지,CORSAIR VENGEANCE PRO RGB BLACK 패키지,DDR4,3000,CL15,64GB(8GX8),64,246570,246560,246440,246320,246210,246100,246080,246080,246080,246080,246080,246080,246080,246030,245920,245810,245780,245660,245540,245420,245320,246080,246080,246080,246080,246080,246080,246080,246080,246080,246080
5041720,CORSAIR DDR4-3000 CL15 VENGEANCE RGB 패키지,CORSAIR VENGEANCE RGB 패키지,DDR4,3000,CL15,16GB(8GX2),16,605600,605600,605600,605600,605600,605600,605600,605600,605600,605600,605600,605600,605600,605600,605600,605600,605600,605600,605600,605600,605600,605600,605600,605600,605600,605600,605600,605600,605600,605600,605600
11459691,CORSAIR DDR4-3200 CL16 Dominator Platinum RGB WHITE INTEL 패키지,CORSAIR Dominator Platinum RGB WHITE INTEL 패키지,DDR4,3200,CL16,16GB(8GX2),16,206280,206280,206280,206280,206280,206280,206280,206280,206280,206280,206280,206280,206280,206280,206280,206280,206280,206280,206280,206280,206280,206280,206280,206280,206280,206280,206280,206280,206280,206280,206280
4017368,CORSAIR DDR4-3200 CL16 Dominator Platinum 패키지,CORSAIR Dominator Platinum 패키지,DDR4,3200,CL16,32GB(8GX4),32,785540,785540,785540,785540,785540,785540,785540,785540,785540,785540,785540,785540,785540,785540,785540,785540,785540,785540,785540,785540,785540,785540,785540,785540,785540,785540,785540,785540,785540,785540,785540
13244873,CORSAIR DDR4-3200 CL16 VENGEANCE RGB PRO SL BLACK AMD 패키지,CORSAIR VENGEANCE RGB PRO SL BLACK AMD 패키지,DDR4,3200,CL16,16GB(8GX2),16,121828,121828,121828,121828,121828,121828,121828,121828,121828,121828,121828,121828,121828,121828,121828,121828,121828,121828,121828,121828,0,0,0,0,0,0,0,0,0,0,0
13245098,CORSAIR DDR4-3200 CL16 VENGEANCE RGB PRO SL BLACK 패키지,CORSAIR VENGEANCE RGB PRO SL BLACK 패키지,DDR4,3200,CL16,32GB(8GX4),32,354750,354750,354750,354750,354750,354750,354750,354750,354750,354750,354750,354750,354750,354750,354750,354750,354750,354750,354750,354750,354750,354750,354750,354750,354750,354750,354750,354750,354750,354750,354750
5151011,CORSAIR DDR4-3200 CL16 VENGEANCE RGB 패키지,CORSAIR VENGEANCE RGB 패키지,DDR4,3200,CL16,16GB(8GX2),16,343000,343000,343000,343000,343000,343000,343000,343000,343000,343000,343000,343000,343000,343000,343000,343000,343000,343000,343000,343000,343000,343000,343000,343000,343000,343000,343000,343000,343000,343000,343000
5815419,CORSAIR DDR4-3200 CL16 VENGEANCE WHITE RGB 패키지,CORSAIR VENGEANCE WHITE RGB 패키지,DDR4,3200,CL16,32GB(16GX2),32,676630,676630,676630,676630,676630,676630,676630,676630,676630,676630,676630,676630,676630,676630,676630,676630,676630,676630,676630,676630,676630,676630,676630,676630,676630,676630,676630,0,0,0,0
13244726,CORSAIR DDR4-3600 CL18 VENGEANCE RGB PRO SL BLACK AMD 패키지,CORSAIR VENGEANCE RGB PRO SL BLACK AMD 패키지,DDR4,3600,CL18,16GB(8GX2),16,126660,126660,126660,126660,126660,126660,126660,126660,126660,126660,126660,126660,126660,126660,126660,126660,126660,126660,126660,126660,126660,126660,126660,126660,126660,126660,126660,0,0,0,0
19453883,CORSAIR DDR5-5200 CL38 VENGEANCE BLACK 패키지,CORSAIR VENGEANCE BLACK 패키지,DDR5,5200,CL38,192GB(48GX4),192,0,0,0,0,0,0,0,0,0,0,0,0,0,0,0,0,0,0,0,0,0,0,0,0,0,0,0,0,0,1089970,1794080
19453433,CORSAIR DDR5-5200 CL38 VENGEANCE RGB BLACK 패키지,CORSAIR VENGEANCE RGB BLACK 패키지,DDR5,5200,CL38,192GB(48GX4),192,1190000,1190000,1190000,1190000,1190000,1190000,1190000,1190000,1190000,1190000,1190000,1190000,1190000,1190000,1190000,1350000,1350000,1350000,1350000,1350000,1350000,1350000,1350000,1500000,1500000,1500000,1500000,0,1500000,1146990,1851980
16829447,CORSAIR DDR5-5200 CL40 Dominator Platinum RGB WHITE 패키지,CORSAIR Dominator Platinum RGB WHITE 패키지,DDR5,5200,CL40,64GB(32GX2),64,899000,899000,899000,899000,899000,899000,899000,899000,899000,899000,899000,899000,899000,899000,899000,899000,899000,899000,899000,899000,899000,899000,899000,899000,899000,899000,899000,899000,899000,899000,899000
16239491,CORSAIR DDR5-5200 CL40 Dominator Platinum RGB 패키지,CORSAIR Dominator Platinum RGB 패키지,DDR5,5200,CL40,64GB(32GX2),64,899000,899000,899000,899000,899000,899000,899000,899000,899000,899000,899000,899000,899000,899000,899000,899000,899000,899000,899000,899000,899000,899000,899000,899000,899000,899000,899000,899000,899000,899000,899000
15933323,CORSAIR DDR5-5600 CL36 Dominator Platinum RGB Extreme 패키지,CORSAIR Dominator Platinum RGB Extreme 패키지,DDR5,5600,CL36,32GB(16GX2),32,416980,416980,416980,416980,416980,416980,416980,416980,416980,416980,416980,416980,416980,416980,416980,416980,416980,416980,416980,416980,416980,416980,416980,416980,416980,416980,416980,520000,479490,479490,459000
16864895,CORSAIR DDR5-5600 CL36 Dominator Platinum RGB 패키지,CORSAIR Dominator Platinum RGB 패키지,DDR5,5600,CL36,32GB(16GX2),32,228310,228310,228310,228310,228310,228310,228310,228310,228310,228310,228310,228310,228310,228310,228310,228310,228310,228310,228310,228310,228310,228310,228310,228310,235000,235000,235000,450900,477380,473860,459000
15932435,CORSAIR DDR5-5600 CL36 VENGEANCE BLACK 패키지,CORSAIR VENGEANCE BLACK 패키지,DDR5,5600,CL36,32GB(16GX2),32,389000,389000,389000,389000,389000,389000,389000,389000,389000,389000,389000,389000,389000,389000,389000,389000,389000,0,0,0,0,0,0,0,0,0,0,0,0,0,0
17543522,CORSAIR DDR5-5600 CL36 VENGEANCE RGB BLACK 패키지,CORSAIR VENGEANCE RGB BLACK 패키지,DDR5,5600,CL36,32GB(16GX2),32,350000,350000,350000,350000,350000,350000,350000,350000,350000,350000,350000,350000,350000,350000,350000,350000,350000,350000,350000,350000,350000,350000,350000,350000,350000,350000,350000,350000,350000,350000,350000
19229531,CORSAIR DDR5-5600 CL40 Dominator Platinum RGB INTEL 패키지,CORSAIR Dominator Platinum RGB INTEL 패키지,DDR5,5600,CL40,64GB(32GX2),64,481500,481500,481500,481500,481500,481500,481500,481500,481500,481500,481500,481500,481500,481500,481500,481500,481500,481500,481500,481500,481500,481500,481500,481500,481500,481500,481500,481500,0,0,0
19229648,CORSAIR DDR5-5600 CL40 Dominator Platinum RGB WHITE INTEL 패키지,CORSAIR Dominator Platinum RGB WHITE INTEL 패키지,DDR5,5600,CL40,64GB(32GX2),64,385000,385000,385000,385000,385000,385000,385000,385000,385000,385000,385000,385000,0,0,0,0,0,0,0,0,0,0,0,0,0,0,0,0,0,0,0
19107998,CORSAIR DDR5-5600 CL40 VENGEANCE BLACK 패키지,CORSAIR VENGEANCE BLACK 패키지,DDR5,5600,CL40,128GB(32GX4),128,900000,900000,900000,900000,900000,900000,900000,900000,0,0,0,0,0,0,0,0,0,0,0,0,0,0,0,0,0,0,0,0,0,0,0
19107998,CORSAIR DDR5-5600 CL40 VENGEANCE BLACK 패키지,CORSAIR VENGEANCE BLACK 패키지,DDR5,5600,CL40,96GB(48GX2),96,409000,489000,489000,489000,489000,489000,489000,489000,0,0,0,0,0,0,0,0,0,0,0,0,0,0,0,0,0,0,0,0,0,0,0
27790565,CORSAIR DDR5-5600 CL40 VENGEANCE BLACK 패키지,CORSAIR VENGEANCE BLACK 패키지,DDR5,5600,CL40,128GB(32GX4),128,0,0,0,0,0,0,0,0,900000,900000,0,0,0,0,0,0,0,0,0,0,0,0,0,0,0,0,0,0,0,0,0
27790565,CORSAIR DDR5-5600 CL40 VENGEANCE BLACK 패키지,CORSAIR VENGEANCE BLACK 패키지,DDR5,5600,CL40,96GB(48GX2),96,0,0,0,0,0,0,0,0,489000,489000,0,0,0,0,0,0,0,0,0,0,0,0,0,0,0,0,0,0,0,0,0
28443977,CORSAIR DDR5-6000 CL30 Dominator Titanium BLACK 패키지,CORSAIR Dominator Titanium BLACK 패키지,DDR5,6000,CL30,64GB(32GX2),64,498900,520000,520000,520000,520000,520000,520000,520000,520000,520000,619000,619000,619000,619000,698000,698000,698000,698000,698000,698000,698000,698000,698000,0,0,0,0,0,0,0,0
28443977,CORSAIR DDR5-6000 CL30 Dominator Titanium BLACK 패키지,CORSAIR Dominator Titanium BLACK 패키지,DDR5,6000,CL30,32GB(16GX2),32,324900,325000,325000,325000,325000,325000,325000,325000,325000,325000,390000,390000,390000,390000,0,0,379990,379990,379990,379990,327500,380000,380000,0,0,0,0,0,0,0,0
28442654,CORSAIR DDR5-6000 CL30 Dominator Titanium BLACK 패키지,CORSAIR Dominator Titanium BLACK 패키지,DDR5,6000,CL30,32GB(16GX2),32,0,0,0,0,0,0,0,0,0,0,0,0,0,0,0,0,0,0,0,0,0,0,0,380000,380000,380000,380000,380000,448890,459990,459990
92886095,CORSAIR DDR5-6000 CL30 Dominator Titanium GRAY 패키지,CORSAIR Dominator Titanium GRAY 패키지,DDR5,6000,CL30,96GB(48GX2),96,744000,744000,894000,894000,894000,894000,894000,894000,894000,894000,894000,894000,894000,894000,0,0,876330,876330,0,0,0,0,876330,876330,876320,876320,868900,868900,868900,876320,876320
92886095,CORSAIR DDR5-6000 CL30 Dominator Titanium GRAY 패키지,CORSAIR Dominator Titanium GRAY 패키지,DDR5,6000,CL30,64GB(32GX2),64,0,624000,624000,624000,624000,624000,624000,624000,624000,624000,624000,624000,624000,624000,0,0,498910,498910,0,0,0,0,498910,498910,504170,504170,504170,504160,527020,0,0
92886095,CORSAIR DDR5-6000 CL30 Dominator Titanium GRAY 패키지,CORSAIR Dominator Titanium GRAY 패키지,DDR5,6000,CL30,32GB(16GX2),32,0,390000,390000,390000,390000,390000,390000,390000,390000,390000,390000,390000,390000,390000,0,0,374350,374350,0,0,0,0,374350,374350,374330,374330,371190,368620,368000,374330,374330
89534804,CORSAIR DDR5-6000 CL30 Dominator Titanium GRAY 패키지,CORSAIR Dominator Titanium GRAY 패키지,DDR5,6000,CL30,64GB(32GX2),64,0,624000,624000,624000,624000,624000,624000,624000,624000,624000,624000,624000,624000,624000,0,0,498910,498910,498910,498910,498910,498910,498910,498910,504170,504170,504170,504160,527020,0,0
89534804,CORSAIR DDR5-6000 CL30 Dominator Titanium GRAY 패키지,CORSAIR Dominator Titanium GRAY 패키지,DDR5,6000,CL30,32GB(16GX2),32,0,390000,390000,390000,390000,390000,390000,390000,390000,390000,390000,390000,390000,390000,0,0,374350,374350,374350,374350,374350,374350,374350,374350,374330,374330,371190,368620,368000,374330,0
89534804,CORSAIR DDR5-6000 CL30 Dominator Titanium GRAY 패키지,CORSAIR Dominator Titanium GRAY 패키지,DDR5,6000,CL30,96GB(48GX2),96,0,744000,894000,894000,894000,894000,894000,894000,894000,894000,894000,894000,894000,894000,0,0,876330,876330,876330,876330,876330,876330,876330,876330,876320,876320,868900,868900,868900,876320,0
89534852,CORSAIR DDR5-6000 CL30 Dominator Titanium GRAY 패키지,CORSAIR Dominator Titanium GRAY 패키지,DDR5,6000,CL30,64GB(32GX2),64,0,0,0,0,0,0,0,0,0,0,0,0,0,0,0,0,0,0,498910,498910,498910,498910,0,0,0,0,0,0,0,0,0
89534852,CORSAIR DDR5-6000 CL30 Dominator Titanium GRAY 패키지,CORSAIR Dominator Titanium GRAY 패키지,DDR5,6000,CL30,32GB(16GX2),32,0,0,0,0,0,0,0,0,0,0,0,0,0,0,0,0,0,0,374350,374350,374350,374350,0,0,0,0,0,0,0,0,0
89534852,CORSAIR DDR5-6000 CL30 Dominator Titanium GRAY 패키지,CORSAIR Dominator Titanium GRAY 패키지,DDR5,6000,CL30,96GB(48GX2),96,0,0,0,0,0,0,0,0,0,0,0,0,0,0,0,0,0,0,876330,876330,876330,876330,0,0,0,0,0,0,0,0,0
28443416,CORSAIR DDR5-6000 CL30 Dominator Titanium WHITE 패키지,CORSAIR Dominator Titanium WHITE 패키지,DDR5,6000,CL30,64GB(32GX2),64,520000,0,0,0,0,0,0,0,0,0,0,0,0,0,0,0,0,0,0,0,0,0,0,0,0,0,0,0,0,0,0
28443416,CORSAIR DDR5-6000 CL30 Dominator Titanium WHITE 패키지,CORSAIR Dominator Titanium WHITE 패키지,DDR5,6000,CL30,96GB(48GX2),96,743990,743990,894000,894000,894000,894000,894000,894000,894000,894000,894000,894000,894000,894000,0,0,0,876330,876330,876330,876330,876330,0,0,0,0,0,0,0,0,0
28443416,CORSAIR DDR5-6000 CL30 Dominator Titanium WHITE 패키지,CORSAIR Dominator Titanium WHITE 패키지,DDR5,6000,CL30,32GB(16GX2),32,325000,324900,324900,324900,324900,324900,325000,325000,325000,324900,390000,390000,390000,390000,0,0,0,324990,324990,325000,378960,374750,0,0,0,0,0,0,0,0,0
92886104,CORSAIR DDR5-6000 CL30 Dominator Titanium WHITE 패키지,CORSAIR Dominator Titanium WHITE 패키지,DDR5,6000,CL30,96GB(48GX2),96,0,0,0,0,0,0,0,0,0,0,0,0,0,0,0,0,876330,0,0,0,0,0,876330,876330,876320,876320,868900,868900,868900,876320,876320
92886104,CORSAIR DDR5-6000 CL30 Dominator Titanium WHITE 패키지,CORSAIR Dominator Titanium WHITE 패키지,DDR5,6000,CL30,32GB(16GX2),32,0,0,0,0,0,0,0,0,0,0,0,0,0,0,0,0,0,0,0,0,0,0,374750,374750,374730,374730,371190,367990,367990,374730,374730
72471092,CORSAIR DDR5-6000 CL30 VENGEANCE RGB DP WHITE 패키지,CORSAIR VENGEANCE RGB DP WHITE 패키지,DDR5,6000,CL30,64GB(32GX2),64,379000,429000,429000,429000,429000,429000,429000,429000,429000,455000,455000,455000,455000,455000,479000,479000,479000,499000,499000,499000,499000,499000,499000,529000,539000,539000,539000,539000,539000,699000,699000
72471092,CORSAIR DDR5-6000 CL30 VENGEANCE RGB DP WHITE 패키지,CORSAIR VENGEANCE RGB DP WHITE 패키지,DDR5,6000,CL30,32GB(16GX2),32,183820,183830,203000,203000,203000,203000,203000,203000,203000,204000,236000,236000,236000,249000,264740,264740,264740,264740,264740,264740,264740,279000,317420,317420,317410,317410,317410,317380,317380,365110,365110
93698090,CORSAIR DDR5-6000 CL30 VENGEANCE RGB WHITE 체리블라썸 에디션 패키지,CORSAIR VENGEANCE RGB WHITE 체리블라썸 에디션 패키지,DDR5,6000,CL30,32GB(16GX2),32,0,227000,227000,227000,227000,227000,227000,227000,227000,227000,227000,227000,227000,227000,0,0,270580,270580,270580,270580,270580,270580,278500,0,0,0,0,0,0,0,0
27666047,CORSAIR DDR5-6000 CL30 VENGEANCE RGB WHITE 패키지,CORSAIR VENGEANCE RGB WHITE 패키지,DDR5,6000,CL30,32GB(16GX2),32,189000,189000,189000,189000,189000,189000,189000,189000,189000,189000,275000,275000,275000,275000,0,0,0,344000,344000,344000,275000,395000,395000,386060,386060,386060,395000,395000,395000,395000,395000
93698048,CORSAIR DDR5-6000 CL30 VENGEANCE RGB 체리블라썸 에디션 패키지,CORSAIR VENGEANCE RGB 체리블라썸 에디션 패키지,DDR5,6000,CL30,32GB(16GX2),32,0,227000,227000,227000,227000,227000,227000,227000,227000,227000,227000,227000,227000,227000,0,0,270580,270580,270580,270580,270580,270580,270580,270580,270580,270580,268300,268300,278500,0,0
59829371,CORSAIR DDR5-6000 CL30 VENGEANCE RGB 패키지,CORSAIR VENGEANCE RGB 패키지,DDR5,6000,CL30,64GB(32GX2),64,379000,0,0,0,379000,0,0,0,379000,0,498000,455000,455000,455000,479000,479000,479000,491370,0,0,0,0,499000,529000,0,0,0,539000,0,0,699000
59829371,CORSAIR DDR5-6000 CL30 VENGEANCE RGB 패키지,CORSAIR VENGEANCE RGB 패키지,DDR5,6000,CL30,32GB(16GX2),32,179000,0,0,0,189000,0,0,0,189000,0,188990,214350,214240,248980,264740,264740,264740,264740,0,0,0,0,275000,275000,0,0,0,317790,0,0,365550
59829239,CORSAIR DDR5-6000 CL30 VENGEANCE RGB 패키지,CORSAIR VENGEANCE RGB 패키지,DDR5,6000,CL30,64GB(32GX2),64,0,379000,379000,379000,0,379000,379000,379000,0,379000,0,0,0,0,0,0,0,0,491370,491370,499000,499000,0,0,539000,539000,539000,0,539000,699000,0
59829239,CORSAIR DDR5-6000 CL30 VENGEANCE RGB 패키지,CORSAIR VENGEANCE RGB 패키지,DDR5,6000,CL30,32GB(16GX2),32,0,179000,189000,189000,0,189000,189000,189000,0,189000,0,0,0,0,0,0,0,0,264740,264740,264740,275000,0,0,275000,275000,275000,0,317800,365550,0
59829503,CORSAIR DDR5-6000 CL30 VENGEANCE 패키지,CORSAIR VENGEANCE 패키지,DDR5,6000,CL30,32GB(16GX2),32,0,227000,227000,227000,227000,227000,227000,227000,227000,227000,227000,227000,227000,227000,0,0,264750,264750,264750,264750,264750,264750,264750,264750,264740,264740,262500,262500,269000,0,0
17544278,CORSAIR DDR5-6000 CL36 VENGEANCE RGB BLACK 패키지,CORSAIR VENGEANCE RGB BLACK 패키지,DDR5,6000,CL36,32GB(16GX2),32,560000,560000,560000,560000,560000,560000,560000,560000,560000,560000,560000,560000,560000,560000,560000,560000,560000,560000,560000,560000,560000,560000,560000,560000,560000,560000,560000,560000,560000,560000,560000
17544368,CORSAIR DDR5-6000 CL36 VENGEANCE RGB WHITE 패키지,CORSAIR VENGEANCE RGB WHITE 패키지,DDR5,6000,CL36,32GB(16GX2),32,0,0,299000,299000,299000,299000,299000,299000,299000,299000,299000,299000,299000,299000,299000,299000,299000,299000,299000,299000,299000,299000,299000,299000,299000,299000,299000,0,0,0,0
95425790,CORSAIR DDR5-6000 CL36 VENGEANCE RGB 패키지,CORSAIR VENGEANCE RGB 패키지,DDR5,6000,CL36,96GB(48GX2),96,472000,472000,472000,472000,472000,472000,472000,472000,472000,472000,472000,472000,498000,498000,535000,535000,535000,548000,699000,709000,709000,709000,709000,709000,708980,708980,703000,705490,703000,708980,708980
95425790,CORSAIR DDR5-6000 CL36 VENGEANCE RGB 패키지,CORSAIR VENGEANCE RGB 패키지,DDR5,6000,CL36,32GB(16GX2),32,180000,180000,180000,180000,180000,180000,180000,180000,180000,180000,180000,180000,180000,180000,180000,180000,180000,180000,180000,180000,0,0,0,0,0,0,0,0,0,0,0
38455229,CORSAIR DDR5-6000 CL36 VENGEANCE RGB 패키지,CORSAIR VENGEANCE RGB 패키지,DDR5,6000,CL36,96GB(48GX2),96,0,0,0,0,0,0,0,0,0,0,0,0,0,498000,0,0,0,0,0,0,0,0,0,0,0,0,0,0,0,0,0
38455229,CORSAIR DDR5-6000 CL36 VENGEANCE RGB 패키지,CORSAIR VENGEANCE RGB 패키지,DDR5,6000,CL36,32GB(16GX2),32,0,0,0,0,0,0,0,0,0,0,0,0,0,180000,0,0,0,0,0,0,0,0,0,0,0,0,0,0,0,0,0
95425847,CORSAIR DDR5-6000 CL36 VENGEANCE 패키지,CORSAIR VENGEANCE 패키지,DDR5,6000,CL36,96GB(48GX2),96,426240,426240,426240,426240,426240,426240,426240,426240,426240,426240,426240,426240,426240,426240,426240,426240,426240,426240,426240,426240,0,0,0,0,0,0,0,0,684650,684650,684650
99288431,CORSAIR DDR5-6000 CL40 VENGEANCE BLACK 패키지,CORSAIR VENGEANCE BLACK 패키지,DDR5,6000,CL40,128GB(64GX2),128,0,0,0,0,0,0,0,0,0,0,0,0,0,0,0,0,0,0,0,0,0,0,876860,876860,876850,876850,869400,869400,869400,876850,1063230
99288473,CORSAIR DDR5-6000 CL40 VENGEANCE RGB BLACK 패키지,CORSAIR VENGEANCE RGB BLACK 패키지,DDR5,6000,CL40,128GB(64GX2),128,0,0,0,0,0,0,0,0,0,0,0,0,0,0,0,0,0,0,0,0,0,0,886390,886390,886380,886380,878900,878900,878900,886380,1073290
17544449,CORSAIR DDR5-6200 CL36 VENGEANCE RGB BLACK 패키지,CORSAIR VENGEANCE RGB BLACK 패키지,DDR5,6200,CL36,32GB(16GX2),32,423590,423590,423590,423590,423590,423590,423590,423590,423590,423590,423590,423590,423590,423590,423590,423590,423590,423590,423590,423590,423590,420880,420890,423590,423590,423590,420000,423590,423590,423590,423590
17544497,CORSAIR DDR5-6200 CL36 VENGEANCE RGB WHITE 패키지,CORSAIR VENGEANCE RGB WHITE 패키지,DDR5,6200,CL36,32GB(16GX2),32,531690,531690,531690,531690,531690,531690,531690,531690,531690,531690,531690,531690,531690,531690,531690,531690,531690,531690,531690,531690,531690,531690,531690,531690,531690,531690,531690,531690,531690,531690,531690
80548025,CORSAIR DDR5-6400 CL32 Dominator Titanium BLACK 패키지,CORSAIR Dominator Titanium BLACK 패키지,DDR5,6400,CL32,64GB(32GX2),64,553990,0,0,0,0,550000,0,550000,550000,0,0,0,550000,550000,0,0,0,0,0,0,0,0,0,0,0,0,0,0,0,0,0
80548025,CORSAIR DDR5-6400 CL32 Dominator Titanium BLACK 패키지,CORSAIR Dominator Titanium BLACK 패키지,DDR5,6400,CL32,32GB(16GX2),32,339000,0,0,0,0,330000,0,330000,330000,0,0,0,330000,330000,0,0,0,0,0,0,0,0,0,0,0,0,0,0,0,0,0
80548025,CORSAIR DDR5-6400 CL32 Dominator Titanium BLACK 패키지,CORSAIR Dominator Titanium BLACK 패키지,DDR5,6400,CL32,96GB(48GX2),96,0,0,0,0,0,800000,0,800000,800000,0,0,0,800000,800000,0,0,0,0,0,0,0,0,0,0,0,0,0,0,0,0,0
28444052,CORSAIR DDR5-6400 CL32 Dominator Titanium BLACK 패키지,CORSAIR Dominator Titanium BLACK 패키지,DDR5,6400,CL32,96GB(48GX2),96,0,800000,800000,800000,800000,0,800000,0,0,800000,800000,800000,0,0,0,0,0,0,0,0,0,0,0,0,0,0,0,0,0,0,0
28444052,CORSAIR DDR5-6400 CL32 Dominator Titanium BLACK 패키지,CORSAIR Dominator Titanium BLACK 패키지,DDR5,6400,CL32,64GB(32GX2),64,0,549990,550000,550000,550000,0,550000,0,0,550000,550000,550000,0,0,0,0,0,0,0,0,0,0,0,0,0,0,0,0,0,0,0
28444052,CORSAIR DDR5-6400 CL32 Dominator Titanium BLACK 패키지,CORSAIR Dominator Titanium BLACK 패키지,DDR5,6400,CL32,32GB(16GX2),32,0,330000,330000,330000,330000,0,330000,0,0,330000,330000,330000,0,0,0,0,0,0,0,0,0,0,0,0,0,0,0,0,0,0,0
28443896,CORSAIR DDR5-6400 CL32 Dominator Titanium BLACK 패키지,CORSAIR Dominator Titanium BLACK 패키지,DDR5,6400,CL32,32GB(16GX2),32,0,0,0,0,0,0,0,0,0,0,0,0,0,0,340000,340000,330000,330000,330000,330000,340000,384310,0,0,0,0,0,0,0,0,0
28443896,CORSAIR DDR5-6400 CL32 Dominator Titanium BLACK 패키지,CORSAIR Dominator Titanium BLACK 패키지,DDR5,6400,CL32,64GB(16GX4),64,0,0,0,0,0,0,0,0,0,0,0,0,0,0,0,0,700000,700000,700000,700000,728600,728600,0,0,0,0,0,0,0,0,0
28443896,CORSAIR DDR5-6400 CL32 Dominator Titanium BLACK 패키지,CORSAIR Dominator Titanium BLACK 패키지,DDR5,6400,CL32,64GB(32GX2),64,0,0,0,0,0,0,0,0,0,0,0,0,0,0,0,0,739990,739990,739990,739990,552500,739990,0,0,0,0,0,0,0,0,0
28443896,CORSAIR DDR5-6400 CL32 Dominator Titanium BLACK 패키지,CORSAIR Dominator Titanium BLACK 패키지,DDR5,6400,CL32,96GB(48GX2),96,0,0,0,0,0,0,0,0,0,0,0,0,0,0,0,0,0,0,0,0,900000,900000,0,0,0,0,0,0,0,0,0
29373839,CORSAIR DDR5-6400 CL32 Dominator Titanium BLACK 패키지,CORSAIR Dominator Titanium BLACK 패키지,DDR5,6400,CL32,96GB(48GX2),96,0,0,0,0,0,0,0,0,0,0,0,0,0,0,0,0,0,0,0,0,0,0,900000,900000,900000,900000,900000,900000,900000,900000,900000
29373839,CORSAIR DDR5-6400 CL32 Dominator Titanium BLACK 패키지,CORSAIR Dominator Titanium BLACK 패키지,DDR5,6400,CL32,64GB(16GX4),64,0,0,0,0,0,0,0,0,0,0,0,0,0,0,0,0,0,0,0,0,0,0,728600,728600,728590,728590,722400,722400,722400,728590,728590
29373839,CORSAIR DDR5-6400 CL32 Dominator Titanium BLACK 패키지,CORSAIR Dominator Titanium BLACK 패키지,DDR5,6400,CL32,64GB(32GX2),64,0,0,0,0,0,0,0,0,0,0,0,0,0,0,0,0,0,0,0,0,0,0,739990,739990,739970,739970,722390,717990,740000,0,0
29373839,CORSAIR DDR5-6400 CL32 Dominator Titanium BLACK 패키지,CORSAIR Dominator Titanium BLACK 패키지,DDR5,6400,CL32,32GB(16GX2),32,0,0,0,0,0,0,0,0,0,0,0,0,0,0,0,0,0,0,0,0,0,0,384310,384310,384290,384290,380690,376990,390000,457960,457960
28443917,CORSAIR DDR5-6400 CL32 Dominator Titanium WHITE 패키지,CORSAIR Dominator Titanium WHITE 패키지,DDR5,6400,CL32,96GB(48GX2),96,830000,830000,830000,830000,830000,830000,830000,830000,830000,830000,830000,830000,0,0,830000,830000,0,799990,799990,800000,830000,900000,900000,900000,900000,0,0,878900,0,0,900000
28443917,CORSAIR DDR5-6400 CL32 Dominator Titanium WHITE 패키지,CORSAIR Dominator Titanium WHITE 패키지,DDR5,6400,CL32,32GB(16GX2),32,340000,340000,340000,340000,340000,340000,340000,340000,340000,340000,340000,340000,0,0,340000,340000,0,319990,319990,319990,319990,319990,319990,319990,321570,0,0,321560,0,0,353410
28443917,CORSAIR DDR5-6400 CL32 Dominator Titanium WHITE 패키지,CORSAIR Dominator Titanium WHITE 패키지,DDR5,6400,CL32,64GB(32GX2),64,0,660000,660000,660000,660000,660000,660000,660000,660000,660000,660000,660000,0,0,0,0,0,740000,740000,740000,552500,740000,740000,740000,740000,0,0,722400,0,0,885000
80548106,CORSAIR DDR5-6400 CL32 Dominator Titanium WHITE 패키지,CORSAIR Dominator Titanium WHITE 패키지,DDR5,6400,CL32,96GB(48GX2),96,0,0,0,0,0,0,0,0,0,0,0,0,830000,830000,0,0,0,0,0,0,0,0,0,0,0,0,0,0,0,0,0
80548106,CORSAIR DDR5-6400 CL32 Dominator Titanium WHITE 패키지,CORSAIR Dominator Titanium WHITE 패키지,DDR5,6400,CL32,64GB(32GX2),64,0,0,0,0,0,0,0,0,0,0,0,0,660000,660000,0,0,0,0,0,0,0,0,0,0,0,0,0,0,0,0,0
80548106,CORSAIR DDR5-6400 CL32 Dominator Titanium WHITE 패키지,CORSAIR Dominator Titanium WHITE 패키지,DDR5,6400,CL32,32GB(16GX2),32,0,0,0,0,0,0,0,0,0,0,0,0,340000,340000,0,0,0,0,0,0,0,0,0,0,0,0,0,0,0,0,0
28444091,CORSAIR DDR5-6400 CL32 Dominator Titanium WHITE 패키지,CORSAIR Dominator Titanium WHITE 패키지,DDR5,6400,CL32,96GB(48GX2),96,0,0,0,0,0,0,0,0,0,0,0,0,0,0,0,0,799990,0,0,0,0,0,0,0,0,900000,878900,0,878900,900000,0
28444091,CORSAIR DDR5-6400 CL32 Dominator Titanium WHITE 패키지,CORSAIR Dominator Titanium WHITE 패키지,DDR5,6400,CL32,64GB(32GX2),64,0,0,0,0,0,0,0,0,0,0,0,0,0,0,0,0,740000,0,0,0,0,0,0,0,0,740000,722400,0,885000,885000,0
28444091,CORSAIR DDR5-6400 CL32 Dominator Titanium WHITE 패키지,CORSAIR Dominator Titanium WHITE 패키지,DDR5,6400,CL32,32GB(16GX2),32,0,0,0,0,0,0,0,0,0,0,0,0,0,0,0,0,319990,0,0,0,0,0,0,0,0,321570,321570,0,353410,353410,0
18811991,CORSAIR DDR5-6400 CL32 VENGEANCE BLACK 패키지,CORSAIR VENGEANCE BLACK 패키지,DDR5,6400,CL32,32GB(16GX2),32,0,0,0,0,0,0,0,0,0,0,0,0,0,0,0,0,263990,263990,263990,263990,263990,263990,263990,263990,270570,270570,268300,270570,270570,275000,0
19452935,CORSAIR DDR5-6400 CL36 VENGEANCE BLACK 패키지,CORSAIR VENGEANCE BLACK 패키지,DDR5,6400,CL36,32GB(16GX2),32,0,0,0,0,0,0,0,0,0,0,0,0,0,0,0,0,0,0,0,0,0,0,0,0,0,0,0,0,0,270570,270570
19450877,CORSAIR DDR5-6400 CL36 VENGEANCE RGB BLACK 패키지,CORSAIR VENGEANCE RGB BLACK 패키지,DDR5,6400,CL36,32GB(16GX2),32,0,0,0,0,0,0,0,0,0,0,0,0,0,0,0,0,0,0,0,0,0,322100,328790,328320,327800,327320,326040,322960,322990,328240,328240
95425805,CORSAIR DDR5-6400 CL36 VENGEANCE RGB WHITE 패키지,CORSAIR VENGEANCE RGB WHITE 패키지,DDR5,6400,CL36,32GB(16GX2),32,203210,203210,203210,203210,203210,203210,203210,203210,203210,203210,203210,203210,203210,203210,203210,203210,203210,203210,203210,203210,203210,322090,322090,322090,322420,322420,322420,322400,322400,334700,334700
91426655,CORSAIR DDR5-6400 CL42 VENGEANCE BLACK 패키지,CORSAIR VENGEANCE BLACK 패키지,DDR5,6400,CL42,128GB(64GX2),128,0,0,0,0,0,0,0,0,0,0,0,0,0,0,0,0,860240,860220,860100,859990,905970,905970,905970,905970,905970,905970,898300,898300,898300,905970,920000
91426649,CORSAIR DDR5-6400 CL42 VENGEANCE RGB BLACK 패키지,CORSAIR VENGEANCE RGB BLACK 패키지,DDR5,6400,CL42,128GB(64GX2),128,0,0,0,0,0,0,0,0,0,0,0,0,0,0,0,0,916030,916030,916030,916030,900000,900000,900000,900000,899990,899990,899990,899980,899980,899990,1086040
18318530,CORSAIR DDR5-7000 CL34 Dominator Platinum RGB 패키지,CORSAIR Dominator Platinum RGB 패키지,DDR5,7000,CL34,32GB(16GX2),32,550660,550660,550670,550670,550670,550670,550670,550670,550670,550670,550670,550670,550670,550670,550670,550670,550670,550670,550670,550670,550670,550670,550670,550670,550670,550670,546000,546000,546000,550670,550670
18367115,CORSAIR DDR5-7200 CL34 VENGEANCE BLACK 패키지,CORSAIR VENGEANCE BLACK 패키지,DDR5,7200,CL34,32GB(16GX2),32,319700,319700,319700,319700,319700,319700,319700,319700,319700,319700,319700,319700,319700,319700,319700,319700,319700,319700,319700,319700,319700,319700,319700,319700,319700,319700,319700,319700,0,0,0
52259417,CORSAIR WS DDR5-5600 CL40 ECC/REG 패키지,CORSAIR WS ECC/REG 패키지,DDR5,5600,CL40,128GB(32GX4),128,1630000,1630000,1630000,1630000,1630000,1630000,1630000,1630000,1630000,1630000,1630000,1630000,1630000,1630000,1630000,1630000,1630000,1630000,1630000,1630000,1630000,1630000,1630000,1630000,1630000,1630000,1630000,1630000,1630000,1630000,1630000
52259417,CORSAIR WS DDR5-5600 CL40 ECC/REG 패키지,CORSAIR WS ECC/REG 패키지,DDR5,5600,CL40,256GB(32GX8),256,0,0,0,0,0,0,0,0,0,0,0,0,0,0,0,0,0,0,0,0,0,0,0,0,0,3288700,0,0,0,0,0
17258537,CORSAIR 노트북 DDR5-4800 CL40 VENGEANCE,CORSAIR 노트북 VENGEANCE,DDR5,4800,CL40,32GB,32,199000,199000,0,199000,199000,199000,199000,199000,199000,199000,199000,199000,199000,199000,229000,229000,0,0,229000,0,0,0,0,0,385000,385000,385000,384990,384990,385000,385000
17258537,CORSAIR 노트북 DDR5-4800 CL40 VENGEANCE,CORSAIR 노트북 VENGEANCE,DDR5,4800,CL40,16GB,16,99000,99000,0,99000,99000,99000,99000,99000,99000,99000,119000,119000,119000,119000,119000,119000,0,0,119000,0,0,0,0,0,194050,194050,194050,194040,194040,194050,194050
17258537,CORSAIR 노트북 DDR5-4800 CL40 VENGEANCE,CORSAIR 노트북 VENGEANCE,DDR5,4800,CL40,8GB,8,49000,49000,0,49000,49000,49000,49000,49000,49000,49000,49000,49000,49000,49000,59000,59000,0,0,59000,0,0,0,0,0,59000,59000,59000,79000,79000,96370,96370
17258714,CORSAIR 노트북 DDR5-4800 CL40 VENGEANCE,CORSAIR 노트북 VENGEANCE,DDR5,4800,CL40,32GB,32,0,0,199000,0,0,0,0,0,0,0,0,0,0,0,0,0,229000,229000,0,229000,229000,229000,229000,229000,0,0,0,0,0,0,0
17258714,CORSAIR 노트북 DDR5-4800 CL40 VENGEANCE,CORSAIR 노트북 VENGEANCE,DDR5,4800,CL40,16GB,16,0,0,99000,0,0,0,0,0,0,0,0,0,0,0,0,0,119000,119000,0,119000,119000,119000,119000,119000,0,0,0,0,0,0,0
17258714,CORSAIR 노트북 DDR5-4800 CL40 VENGEANCE,CORSAIR 노트북 VENGEANCE,DDR5,4800,CL40,8GB,8,0,0,49000,0,0,0,0,0,0,0,0,0,0,0,0,0,59000,59000,0,59000,59000,59000,59000,59000,0,0,0,0,0,0,0
16891514,CORSAIR 노트북 DDR5-4800 CL40 VENGEANCE 패키지,CORSAIR 노트북 VENGEANCE 패키지,DDR5,4800,CL40,64GB(32GX2),64,397990,397990,397990,397990,397990,397990,397990,397990,397990,0,0,0,0,0,749480,749480,749480,749480,749480,749480,749480,749480,749480,749480,749470,749470,749470,743990,743990,749470,749470
16891514,CORSAIR 노트북 DDR5-4800 CL40 VENGEANCE 패키지,CORSAIR 노트북 VENGEANCE 패키지,DDR5,4800,CL40,32GB(16GX2),32,197990,197990,197990,197990,197990,197990,197990,197990,197990,0,0,0,0,0,394090,394090,394090,394090,394090,394090,394090,394090,393710,394090,394080,394080,389590,385260,385000,394080,394080
16891514,CORSAIR 노트북 DDR5-4800 CL40 VENGEANCE 패키지,CORSAIR 노트북 VENGEANCE 패키지,DDR5,4800,CL40,16GB(8GX2),16,98000,98000,98000,98000,98000,98000,98000,98000,98000,0,0,0,0,0,118000,118000,118000,118000,118000,118000,118000,118000,118000,118000,118000,118000,118000,180000,180000,180000,180000
16891499,CORSAIR 노트북 DDR5-4800 CL40 VENGEANCE 패키지,CORSAIR 노트북 VENGEANCE 패키지,DDR5,4800,CL40,64GB(32GX2),64,0,0,0,0,0,0,0,0,0,397990,749480,749480,749480,749480,0,0,0,0,0,0,0,0,0,0,0,0,0,0,0,0,0
16891499,CORSAIR 노트북 DDR5-4800 CL40 VENGEANCE 패키지,CORSAIR 노트북 VENGEANCE 패키지,DDR5,4800,CL40,32GB(16GX2),32,0,0,0,0,0,0,0,0,0,197990,394090,394090,394090,394090,0,0,0,0,0,0,0,0,0,0,0,0,0,0,0,0,0
16891499,CORSAIR 노트북 DDR5-4800 CL40 VENGEANCE 패키지,CORSAIR 노트북 VENGEANCE 패키지,DDR5,4800,CL40,16GB(8GX2),16,0,0,0,0,0,0,0,0,0,98000,98000,98000,98000,98000,0,0,0,0,0,0,0,0,0,0,0,0,0,0,0,0,0
44178593,CORSAIR 노트북 DDR5-5600 CL48 VENGEANCE,CORSAIR 노트북 VENGEANCE,DDR5,5600,CL48,16GB,16,109000,109000,109000,109000,109000,109000,109000,109000,109000,109000,109000,109000,109000,109000,129000,129000,129000,129000,129000,129000,129000,129000,129000,129000,129000,129000,129000,149000,149000,149000,149000
44183498,CORSAIR 노트북 DDR5-5600 CL48 VENGEANCE 패키지,CORSAIR 노트북 VENGEANCE 패키지,DDR5,5600,CL48,32GB(16GX2),32,218000,218000,218000,218000,218000,218000,218000,218000,218000,218000,0,0,0,0,0,0,0,0,0,0,0,0,0,0,0,0,0,0,0,0,0
5800438,CYNEX DDR2-667 엠트란 중고,CYNEX DDR2-667 엠트란 중고,0,0,0,2GB,2,35950,35950,35950,35950,35950,35950,35950,35950,35950,35950,35950,35950,35950,35950,35950,35950,35950,35950,35950,35950,35950,35950,35950,35950,35950,35950,35950,35950,35950,35950,35950
5800481,CYNEX DDR2-667 중고,CYNEX DDR2-667 중고,0,0,0,2GB,2,32580,32580,32580,32580,32580,32580,32580,32580,32580,32580,32580,32580,32580,32580,32580,32580,32580,32580,32580,32580,32580,32580,32580,32580,32580,32580,32580,32580,32580,32580,32580
5800481,CYNEX DDR2-667 중고,CYNEX DDR2-667 중고,0,0,0,1GB,1,50000,50000,50000,50000,50000,50000,50000,50000,50000,50000,50000,50000,50000,50000,50000,50000,50000,50000,50000,50000,50000,50000,50000,50000,50000,50000,50000,50000,50000,50000,50000
5800415,CYNEX DDR2-800 엠트란 중고,CYNEX DDR2-800 엠트란 중고,0,0,0,2GB,2,35000,35000,35000,35000,35000,35000,35000,35000,35000,35000,35000,35000,35000,35000,35000,35000,35000,35000,35000,35000,35000,35000,35000,35000,35000,35000,35000,35000,35000,35000,35000
5800464,CYNEX DDR2-800 중고,CYNEX DDR2-800 중고,0,0,0,2GB,2,29360,29360,29360,29360,29360,29360,29360,29360,29360,29360,29360,29360,29360,29360,29360,29360,29360,29360,29360,29360,29360,29360,29360,29360,29360,29360,29360,29360,29360,29360,29360
793959,CYNEX DDR3-1066,CYNEX,DDR3,1066,0,2GB,2,25440,25440,25440,25440,25440,25440,25440,25440,25440,25440,25440,25440,25440,25440,25440,25440,25440,25440,25440,25440,25440,25440,25440,25440,25440,25440,25440,22000,22000,22000,22000
793964,CYNEX DDR3-1066 멜론,CYNEX 멜론,DDR3,1066,0,2GB,2,24000,24000,24000,24000,24000,24000,24000,24000,24000,24000,24000,24000,24000,24000,24000,24000,24000,24000,24000,24000,24000,24000,24000,24000,24000,24000,24000,24000,24000,24000,24000
793961,CYNEX DDR3-1066 엠트란,CYNEX 엠트란,DDR3,1066,0,2GB,2,26000,26000,26000,26000,26000,26000,26000,26000,26000,26000,26000,26000,26000,26000,26000,26000,26000,26000,26000,26000,26000,26000,26000,26000,26000,26000,26000,26000,26000,26000,26000
1220709,CYNEX DDR3-1333,CYNEX,DDR3,1333,0,4GB,4,43850,43850,43850,43850,43850,43850,43850,43850,43850,43850,43850,43850,43850,43850,43850,43850,43850,0,43850,43850,43850,43850,43850,43850,43850,43850,43850,36660,36660,36660,36660
1220709,CYNEX DDR3-1333,CYNEX,DDR3,1333,0,2GB,2,25440,25440,25440,25440,25440,25440,25440,25440,25440,25440,25440,25440,25440,25440,25440,25440,25440,0,25440,25440,25440,25440,25440,25440,25440,25440,25440,19410,19410,19410,19410
794439,CYNEX DDR3-1333,CYNEX,DDR3,1333,0,4GB,4,0,0,0,0,0,0,0,0,0,0,0,0,0,0,0,0,0,43850,0,0,0,0,0,0,0,0,0,0,0,0,0
794439,CYNEX DDR3-1333,CYNEX,DDR3,1333,0,2GB,2,0,0,0,0,0,0,0,0,0,0,0,0,0,0,0,0,0,25440,0,0,0,0,0,0,0,0,0,0,0,0,0
1220712,CYNEX DDR3-1333 멜론,CYNEX 멜론,DDR3,1333,0,4GB,4,41210,41210,41210,41210,41210,41210,41210,41210,41210,41210,41210,41210,41210,41210,41210,41210,41210,41210,41210,41210,41210,41210,41210,41210,41210,41210,41210,41210,41210,41210,41210
1220712,CYNEX DDR3-1333 멜론,CYNEX 멜론,DDR3,1333,0,2GB,2,24680,24680,24680,24680,24680,24680,24680,24680,24680,24680,24680,24680,24680,24680,24680,24680,24680,24680,24680,24680,24680,24680,24680,24680,24680,24680,24680,24680,24680,24680,24680
794443,CYNEX DDR3-1333 엠트란,CYNEX 엠트란,DDR3,1333,0,2GB,2,26150,26150,26150,26150,26150,26150,26150,26150,26150,26150,26150,26150,26150,26150,26150,26150,26150,26150,26150,26150,26150,26150,26150,26150,26150,26150,26150,26150,26150,26150,26150
1220713,CYNEX DDR3-1333 엠트란 매직,CYNEX 엠트란 매직,DDR3,1333,0,4GB,4,42950,42950,42950,42950,42950,42950,42950,42950,42950,42950,42950,42950,42950,42950,42950,42950,42950,42950,42950,42950,42950,42950,42950,42950,42950,42950,42950,42950,42950,42950,42950
1676882,CYNEX DDR3-1600,CYNEX,DDR3,1600,0,4GB,4,11000,11000,11000,11000,11000,11000,11000,11000,11000,11000,11000,11000,11000,11000,11000,11000,11000,11000,11000,11000,11000,11000,11000,11000,11000,11000,11000,11000,11000,11000,11000
2030389,CYNEX DDR3-1600 멜론,CYNEX 멜론,DDR3,1600,0,8GB,8,36000,36000,36000,36000,36000,36000,36000,36000,36000,36000,36000,36000,36000,36000,36000,36000,36000,36000,36000,36000,36000,36000,36000,36000,36000,36000,36000,36000,36000,36000,36000
2030389,CYNEX DDR3-1600 멜론,CYNEX 멜론,DDR3,1600,0,4GB,4,26000,26000,26000,26000,26000,26000,26000,26000,26000,26000,26000,26000,26000,26000,26000,26000,26000,26000,26000,26000,26000,26000,26000,26000,26000,26000,26000,26000,26000,26000,26000
2030384,CYNEX DDR3-1600 엠트란 매직,CYNEX 엠트란 매직,DDR3,1600,0,8GB,8,36000,36000,36000,36000,36000,36000,36000,36000,36000,36000,36000,36000,36000,36000,36000,36000,36000,36000,36000,36000,36000,36000,36000,36000,36000,36000,36000,36000,36000,36000,36000
2030384,CYNEX DDR3-1600 엠트란 매직,CYNEX 엠트란 매직,DDR3,1600,0,4GB,4,26000,26000,26000,26000,26000,26000,26000,26000,26000,26000,26000,26000,26000,26000,26000,26000,26000,26000,26000,26000,26000,26000,26000,26000,26000,26000,26000,26000,26000,26000,26000
2852624,CYNEX DDR4-2133,CYNEX,DDR4,2133,0,16GB,16,191620,191620,191620,191620,191620,191620,191620,191620,191620,191620,191620,191620,191620,191620,191620,191620,191620,191620,191620,191620,191620,191620,191620,191620,191620,191620,191620,0,0,0,0
2852624,CYNEX DDR4-2133,CYNEX,DDR4,2133,0,8GB,8,82280,82280,82280,82280,82280,82280,82280,82280,82280,82280,82280,82280,82280,82280,82280,82280,82280,82280,82280,82280,82280,82280,82280,82280,82280,82280,82280,82365,82365,82365,82365
2852640,CYNEX DDR4-2133 엠트란,CYNEX 엠트란,DDR4,2133,0,16GB,16,197030,197030,197030,197030,197030,197030,197030,197030,197030,197030,197030,197030,197030,197030,197030,197030,197030,197030,197030,197030,197030,197030,197030,197030,197030,197030,197030,0,0,0,0
2852640,CYNEX DDR4-2133 엠트란,CYNEX 엠트란,DDR4,2133,0,8GB,8,87690,87690,87690,87690,87690,87690,87690,87690,87690,87690,87690,87690,87690,87690,87690,87690,87690,87690,87690,87690,87690,87690,87690,87690,87690,87690,87690,109600,109600,109600,109600
5330612,CYNEX DDR4-2400,CYNEX,DDR4,2400,0,16GB,16,194870,194870,194870,194870,194870,194870,194870,194870,194870,194870,194870,194870,194870,194870,194870,194870,194870,194870,194870,194870,194870,194870,194870,194870,194870,194870,194870,0,0,0,0
5587481,CYNEX DDR4-2400 CL17 엠트란,CYNEX 엠트란,DDR4,2400,CL17,16GB,16,200200,200200,200200,200200,200200,200200,200200,200200,200200,200200,200200,200200,200200,200200,200200,200200,200200,200200,200200,200200,200200,200200,200200,200200,200200,200200,200200,200200,200200,200200,200200
2464556,CYNEX 노트북 DDR3-1600,CYNEX 노트북,DDR3,1600,0,8GB,8,73410,73410,73410,73410,73410,73410,73410,73410,73410,73410,73410,73410,73410,73410,73410,73410,73410,73410,73410,73410,73410,73410,73410,73410,73410,73410,73410,73410,73410,73410,73410
99746915,DLI MEMORY DDR4-3200 CL22,DLI MEMORY,DDR4,3200,CL22,16GB,16,0,0,0,0,0,0,0,0,0,0,0,0,0,0,0,0,0,0,0,0,0,0,0,0,0,0,0,0,0,0,85680
99746915,DLI MEMORY DDR4-3200 CL22,DLI MEMORY,DDR4,3200,CL22,8GB,8,0,0,0,0,0,0,0,0,0,0,0,0,0,0,0,0,0,0,0,0,0,0,0,0,0,0,0,0,0,0,47660
99746936,DLI MEMORY DDR4-3200 CL22,DLI MEMORY,DDR4,3200,CL22,16GB,16,0,0,0,0,0,0,0,0,0,0,0,0,0,0,0,0,0,0,0,0,0,0,0,0,0,0,0,0,0,0,85680
99746936,DLI MEMORY DDR4-3200 CL22,DLI MEMORY,DDR4,3200,CL22,8GB,8,0,0,0,0,0,0,0,0,0,0,0,0,0,0,0,0,0,0,0,0,0,0,0,0,0,0,0,0,0,0,47660
636450,Dreamware DDR2-800 FB For APPLE,Dreamware DDR2-800 FB For APPLE,0,0,0,1GB,1,90000,90000,90000,90000,90000,90000,90000,90000,90000,90000,90000,90000,90000,90000,90000,90000,90000,90000,90000,90000,90000,90000,90000,90000,90000,90000,90000,90000,90000,90000,90000
876470,Dreamware DDR3-1066 ECC Mac Pro,Dreamware ECC Mac Pro,DDR3,1066,0,4GB,4,220000,220000,220000,220000,220000,220000,220000,220000,220000,220000,220000,220000,220000,220000,220000,220000,220000,220000,220000,220000,220000,220000,220000,220000,220000,220000,220000,220000,220000,220000,220000
876470,Dreamware DDR3-1066 ECC Mac Pro,Dreamware ECC Mac Pro,DDR3,1066,0,2GB,2,100000,100000,100000,100000,100000,100000,100000,100000,100000,100000,100000,100000,100000,100000,100000,100000,100000,100000,100000,100000,100000,100000,100000,100000,100000,100000,100000,100000,100000,100000,100000
1177359,Dreamware DDR3-1333 ECC Mac Pro,Dreamware ECC Mac Pro,DDR3,1333,0,4GB,4,200000,200000,200000,200000,200000,200000,200000,200000,200000,200000,200000,200000,200000,200000,200000,200000,200000,200000,200000,200000,200000,200000,200000,200000,200000,200000,200000,200000,200000,200000,200000
1177359,Dreamware DDR3-1333 ECC Mac Pro,Dreamware ECC Mac Pro,DDR3,1333,0,2GB,2,100000,100000,100000,100000,100000,100000,100000,100000,100000,100000,100000,100000,100000,100000,100000,100000,100000,100000,100000,100000,100000,100000,100000,100000,100000,100000,100000,100000,100000,100000,100000
2672598,Dreamware DDR3-1866 ECC Mac Pro,Dreamware ECC Mac Pro,DDR3,1866,0,16GB,16,438581,438581,438581,438581,438581,438581,438581,438581,438581,438581,438581,438581,438581,438581,438581,438581,438581,438581,438581,438581,0,0,438581,438581,438581,438581,438581,438581,438581,438581,438581
2672598,Dreamware DDR3-1866 ECC Mac Pro,Dreamware ECC Mac Pro,DDR3,1866,0,8GB,8,232581,232581,232581,232581,232581,232581,232581,232581,232581,232581,232581,232581,232581,232581,232581,232581,232581,232581,232581,232581,0,0,232581,232581,232581,232581,232581,232581,232581,232581,232581
2672598,Dreamware DDR3-1866 ECC Mac Pro,Dreamware ECC Mac Pro,DDR3,1866,0,4GB,4,116955,116955,116955,116955,116955,116955,116955,116955,116955,116955,116955,116955,116955,116955,116955,116955,116955,116955,116955,116955,0,0,116955,116955,116955,116955,116955,116955,116955,116955,116955
2672596,Dreamware DDR3-1866 ECC Mac Pro,Dreamware ECC Mac Pro,DDR3,1866,0,16GB,16,0,0,0,0,0,0,0,0,0,0,0,0,0,0,0,0,0,0,0,0,438581,438581,0,0,0,0,0,0,0,0,0
2672596,Dreamware DDR3-1866 ECC Mac Pro,Dreamware ECC Mac Pro,DDR3,1866,0,8GB,8,0,0,0,0,0,0,0,0,0,0,0,0,0,0,0,0,0,0,0,0,232581,232581,0,0,0,0,0,0,0,0,0
2672596,Dreamware DDR3-1866 ECC Mac Pro,Dreamware ECC Mac Pro,DDR3,1866,0,4GB,4,0,0,0,0,0,0,0,0,0,0,0,0,0,0,0,0,0,0,0,0,116955,116955,0,0,0,0,0,0,0,0,0
5800315,EKMEMORY DDR2-800 중고,EKMEMORY DDR2-800 중고,0,0,0,2GB,2,27840,27840,27840,27840,27840,27840,27840,27840,27840,27840,27840,27840,27840,27840,27840,27840,27840,27840,27840,27840,27840,27840,27840,27840,27840,27840,27840,27840,27840,27840,27840
1183683,EKMEMORY DDR3-1066 인디핑크,EKMEMORY 인디핑크,DDR3,1066,0,2GB,2,25000,25000,25000,25000,25000,25000,25000,25000,25000,25000,25000,25000,25000,25000,25000,25000,25000,25000,25000,25000,25000,25000,25000,25000,25000,25000,25000,25000,25000,25000,25000
928282,EKMEMORY DDR3-1333,EKMEMORY,DDR3,1333,0,2GB,2,21650,21650,21650,21650,21650,21650,21650,21650,21650,21650,21650,21650,21650,21650,21650,21650,21650,21650,21650,21650,21650,21650,21650,21650,21650,21650,21650,0,0,0,0
1183663,EKMEMORY DDR3-1333 인디핑크,EKMEMORY 인디핑크,DDR3,1333,0,4GB,4,39300,39300,39300,39300,39300,39300,39300,39300,39300,39300,39300,39300,39300,39300,39300,39300,39300,39300,39300,39300,39300,39300,39300,39300,39300,39300,39300,39300,39300,39300,39300
1741833,EKMEMORY DDR3-1600,EKMEMORY,DDR3,1600,0,8GB,8,38000,38000,38000,38000,38000,38000,38000,38000,38000,38000,38000,38000,38000,38000,38000,38000,38000,38000,38000,38000,38000,38000,38000,38000,38000,38000,38000,38000,38000,38000,38000
1741833,EKMEMORY DDR3-1600,EKMEMORY,DDR3,1600,0,4GB,4,38960,38960,38960,38960,38960,38960,38960,38960,38960,38960,38960,38960,38960,38960,38960,38960,38960,38960,38960,38960,38960,38960,38960,38960,38960,38960,38960,38590,38590,38590,38590
1622142,EKMEMORY DDR3-1600 인디핑크,EKMEMORY 인디핑크,DDR3,1600,0,4GB,4,26000,26000,26000,26000,26000,26000,26000,26000,26000,26000,26000,26000,26000,26000,26000,26000,26000,26000,26000,26000,26000,26000,26000,26000,26000,26000,26000,26000,26000,26000,26000
4152022,ESSENCORE KLEVV DDR3-1600 CL9 URBANE 패키지,ESSENCORE KLEVV URBANE 패키지,DDR3,1600,CL9,16GB(8GX2),16,200000,200000,200000,200000,200000,200000,200000,200000,200000,200000,200000,200000,200000,200000,200000,200000,200000,200000,200000,200000,200000,200000,200000,200000,200000,200000,200000,200000,200000,200000,200000
5547487,ESSENCORE KLEVV DDR3-1866 CL9 NEO,ESSENCORE KLEVV NEO,DDR3,1866,CL9,4GB,4,27070,27070,27070,27070,27070,27070,27070,27070,27070,27070,27070,27070,27070,27070,27070,27070,27070,27070,27070,27070,27070,27070,27070,27070,27070,27070,27070,0,0,0,0
4152056,ESSENCORE KLEVV DDR3-1866 CL9 URBANE 패키지,ESSENCORE KLEVV URBANE 패키지,DDR3,1866,CL9,16GB(8GX2),16,250000,250000,250000,250000,250000,250000,250000,250000,250000,250000,250000,250000,250000,250000,250000,250000,250000,250000,250000,250000,250000,250000,250000,250000,250000,250000,250000,250000,250000,250000,250000
9390978,ESSENCORE KLEVV DDR4-2666 CL19 파인인포,ESSENCORE KLEVV 파인인포,DDR4,2666,CL19,16GB,16,65000,65000,65000,65000,65000,65000,65000,65000,65000,65000,65000,65000,65000,65000,65000,65000,65000,65000,65000,66000,66000,66000,66000,66000,66000,66000,66000,66000,96000,96000,96000
9390978,ESSENCORE KLEVV DDR4-2666 CL19 파인인포,ESSENCORE KLEVV 파인인포,DDR4,2666,CL19,4GB,4,20200,20200,20200,20200,20200,20200,20200,20200,20200,20200,20200,20200,20200,20200,20200,20200,20200,20200,20200,20200,20200,20200,20200,20200,20200,20200,20200,20200,20200,20200,20200
27867158,ESSENCORE KLEVV DDR4-3200 CL16 BOLT X 서린,ESSENCORE KLEVV BOLT X 서린,DDR4,3200,CL16,16GB,16,67990,67990,67990,67990,67990,67990,67990,67990,67990,67990,91980,91980,91980,91980,91980,91980,91980,0,0,0,91980,91980,91980,91980,91980,91980,91980,0,0,0,0
27867158,ESSENCORE KLEVV DDR4-3200 CL16 BOLT X 서린,ESSENCORE KLEVV BOLT X 서린,DDR4,3200,CL16,8GB,8,34000,34000,34000,34000,34000,34000,34000,34000,34000,34000,34500,34500,34500,34000,34000,34000,34000,0,0,0,0,0,0,0,0,0,0,0,0,0,0
27867110,ESSENCORE KLEVV DDR4-3200 CL16 BOLT X 서린,ESSENCORE KLEVV BOLT X 서린,DDR4,3200,CL16,16GB,16,0,0,0,0,0,0,0,0,0,0,0,0,0,0,0,0,0,91980,91980,91980,0,0,0,0,0,0,0,0,0,0,0
27867110,ESSENCORE KLEVV DDR4-3200 CL16 BOLT X 서린,ESSENCORE KLEVV BOLT X 서린,DDR4,3200,CL16,8GB,8,0,0,0,0,0,0,0,0,0,0,0,0,0,0,0,0,0,34000,34000,34000,0,0,0,0,0,0,0,0,0,0,0
27884993,ESSENCORE KLEVV DDR4-3200 CL16 CRAS X RGB 패키지 서린,ESSENCORE KLEVV CRAS X RGB 패키지 서린,DDR4,3200,CL16,32GB(16GX2),32,500000,500000,500000,500000,500000,500000,500000,0,0,0,0,0,0,0,0,0,0,0,0,0,0,0,0,0,0,0,0,0,0,0,0
27884993,ESSENCORE KLEVV DDR4-3200 CL16 CRAS X RGB 패키지 서린,ESSENCORE KLEVV CRAS X RGB 패키지 서린,DDR4,3200,CL16,16GB(8GX2),16,82500,82500,82500,82500,82500,82500,82500,0,0,0,0,0,0,0,0,0,0,0,0,0,0,0,0,0,0,0,0,0,0,0,0
27885068,ESSENCORE KLEVV DDR4-3200 CL16 CRAS X RGB 패키지 서린,ESSENCORE KLEVV CRAS X RGB 패키지 서린,DDR4,3200,CL16,32GB(16GX2),32,0,0,0,0,0,0,0,500000,500000,500000,500000,500000,500000,500000,500000,500000,500000,500000,500000,500000,500000,500000,500000,500000,500000,500000,500000,500000,500000,500000,0
27885068,ESSENCORE KLEVV DDR4-3200 CL16 CRAS X RGB 패키지 서린,ESSENCORE KLEVV CRAS X RGB 패키지 서린,DDR4,3200,CL16,16GB(8GX2),16,0,0,0,0,0,0,0,82500,82500,82500,82500,82500,82500,82500,82500,82500,0,0,0,0,0,0,0,0,0,0,0,0,0,0,0
11787091,ESSENCORE KLEVV DDR4-3200 CL22 파인인포,ESSENCORE KLEVV 파인인포,DDR4,3200,CL22,32GB,32,129940,130000,130000,130000,123800,123800,123800,123800,123800,123800,130000,130000,130000,139620,141050,154990,153110,153110,154990,154990,154990,155000,155000,155000,179640,201680,201550,201440,201320,201200,201080
11787091,ESSENCORE KLEVV DDR4-3200 CL22 파인인포,ESSENCORE KLEVV 파인인포,DDR4,3200,CL22,16GB,16,54800,57950,57900,57880,57790,57700,57700,57700,57700,57720,57620,57590,57550,57980,58000,71650,72490,73490,73490,73800,81030,80890,82500,82500,92800,104040,104010,104990,105000,105000,105000
11787091,ESSENCORE KLEVV DDR4-3200 CL22 파인인포,ESSENCORE KLEVV 파인인포,DDR4,3200,CL22,8GB,8,31460,31460,31460,31460,31460,31460,31460,31460,31460,31460,31460,31460,31460,31990,31990,37620,37590,37470,37900,37900,38000,44800,44800,45000,58190,58100,58060,57950,57900,57920,57920
27867308,ESSENCORE KLEVV DDR4-3600 CL18 BOLT X 서린,ESSENCORE KLEVV BOLT X 서린,DDR4,3600,CL18,8GB,8,33000,34824,38500,38500,38500,38500,38500,38500,38500,38500,38500,38500,38500,38500,38500,38500,38500,38500,38500,38500,38500,38500,500000,500000,500000,500000,500000,500000,500000,500000,0
27895421,ESSENCORE KLEVV DDR4-3600 CL18 BOLT XR 패키지 서린,ESSENCORE KLEVV BOLT XR 패키지 서린,DDR4,3600,CL18,16GB(8GX2),16,71920,71900,71860,71850,71820,71820,71850,71850,71850,71990,71980,71980,71990,71930,71850,71750,71660,72000,72000,72000,72000,500000,500000,500000,500000,500000,500000,500000,500000,500000,0
27885218,ESSENCORE KLEVV DDR4-3600 CL18 CRAS X RGB 패키지 서린,ESSENCORE KLEVV CRAS X RGB 패키지 서린,DDR4,3600,CL18,32GB(16GX2),32,500000,500000,500000,500000,500000,500000,500000,500000,500000,500000,500000,500000,500000,500000,500000,500000,500000,500000,500000,500000,500000,500000,500000,500000,0,0,0,0,0,0,0
27885218,ESSENCORE KLEVV DDR4-3600 CL18 CRAS X RGB 패키지 서린,ESSENCORE KLEVV CRAS X RGB 패키지 서린,DDR4,3600,CL18,16GB(8GX2),16,83540,79800,83920,83800,83790,83760,83640,83530,83800,83970,83860,83850,83820,83780,83770,83740,83640,83310,83310,83960,83860,83760,83640,84000,0,0,0,0,0,0,0
27885311,ESSENCORE KLEVV DDR4-3600 CL18 CRAS X RGB 패키지 서린,ESSENCORE KLEVV CRAS X RGB 패키지 서린,DDR4,3600,CL18,32GB(16GX2),32,0,0,0,0,0,0,0,0,0,0,0,0,0,0,0,0,0,0,0,0,0,0,0,0,500000,500000,500000,500000,500000,500000,0
29821856,ESSENCORE KLEVV DDR4-3600 CL18 CRAS XR RGB 서린,ESSENCORE KLEVV CRAS XR RGB 서린,DDR4,3600,CL18,16GB,16,98280,98280,98280,98280,97810,97810,97810,97810,97810,97810,97810,97810,97810,97810,97810,97810,97810,97810,97810,97810,97810,97810,97810,0,0,0,0,0,0,0,0
27885758,ESSENCORE KLEVV DDR4-3600 CL18 CRAS XR RGB 패키지 서린,ESSENCORE KLEVV CRAS XR RGB 패키지 서린,DDR4,3600,CL18,32GB(16GX2),32,500000,500000,500000,500000,500000,500000,500000,500000,500000,500000,500000,500000,500000,500000,500000,500000,500000,500000,500000,500000,500000,500000,500000,500000,0,0,0,0,0,0,0
27885758,ESSENCORE KLEVV DDR4-3600 CL18 CRAS XR RGB 패키지 서린,ESSENCORE KLEVV CRAS XR RGB 패키지 서린,DDR4,3600,CL18,16GB(8GX2),16,83770,83650,83530,83680,83640,83530,83560,83530,83490,83450,83410,83390,83360,83330,83320,83320,83320,83310,83310,83320,83320,83320,83320,85910,0,0,0,0,0,0,0
27885863,ESSENCORE KLEVV DDR4-3600 CL18 CRAS XR RGB 패키지 서린,ESSENCORE KLEVV CRAS XR RGB 패키지 서린,DDR4,3600,CL18,32GB(16GX2),32,0,0,0,0,0,0,0,0,0,0,0,0,0,0,0,0,0,0,0,0,0,0,0,0,500000,500000,500000,500000,500000,500000,0
58107197,ESSENCORE KLEVV DDR5-5600 CL30 FIT V WHITE 서린,ESSENCORE KLEVV FIT V WHITE 서린,DDR5,5600,CL30,16GB,16,93190,89300,93200,93190,93190,93190,93190,93190,93190,93200,93190,93190,93200,93190,93190,93190,93190,94000,94000,94000,94000,96140,138990,138990,138990,138990,138990,0,170720,184910,0
92152220,ESSENCORE KLEVV DDR5-5600 CL30 FIT V 서린,ESSENCORE KLEVV FIT V 서린,DDR5,5600,CL30,16GB,16,78000,78000,78000,78000,78000,78000,78000,78000,78000,78000,93980,93980,93990,93970,93910,93890,93780,94000,94000,94000,94000,139000,138990,138990,138990,138990,138990,0,139000,0,0
94638185,ESSENCORE KLEVV DDR5-5600 CL46 AMD 파인인포,ESSENCORE KLEVV AMD 파인인포,DDR5,5600,CL46,16GB,16,64263,69470,78950,78950,78950,78950,78950,78950,78950,78950,78950,78950,78950,86320,86320,86320,97890,0,0,0,0,0,0,0,0,190300,182120,0,0,155990,156000
94638185,ESSENCORE KLEVV DDR5-5600 CL46 AMD 파인인포,ESSENCORE KLEVV AMD 파인인포,DDR5,5600,CL46,8GB,8,40000,40000,40000,40000,40000,40000,40000,40000,40000,40000,40000,40000,40000,42000,42000,42000,52000,0,0,0,0,0,0,0,0,0,0,0,0,0,0
71216363,ESSENCORE KLEVV DDR5-5600 CL46 NEO 파인인포,ESSENCORE KLEVV NEO 파인인포,DDR5,5600,CL46,16GB,16,65920,65950,73060,73020,72930,72900,72780,72660,72540,72420,72300,72180,74980,75000,75000,85000,93000,93000,93000,93000,107000,107000,107000,107000,182100,182010,181970,181860,181700,62920,156000
71216363,ESSENCORE KLEVV DDR5-5600 CL46 NEO 파인인포,ESSENCORE KLEVV NEO 파인인포,DDR5,5600,CL46,8GB,8,40000,40000,40000,38100,38100,38100,38100,38100,40000,38100,40000,40000,40000,42000,42000,42000,52000,52000,52000,52000,93000,0,0,0,0,0,0,0,0,0,0
18965774,ESSENCORE KLEVV DDR5-5600 CL46 파인인포,ESSENCORE KLEVV 파인인포,DDR5,5600,CL46,32GB,32,153750,154000,160000,160000,160000,160000,160000,160000,160000,160000,160000,160000,160000,165540,172000,172000,198970,198940,198820,199990,227000,227000,227000,227000,289000,306900,0,0,0,326000,324170
18965774,ESSENCORE KLEVV DDR5-5600 CL46 파인인포,ESSENCORE KLEVV 파인인포,DDR5,5600,CL46,16GB,16,76900,78100,79000,78200,78200,78200,78200,78200,78200,78200,79000,78200,79000,89990,89990,89990,100000,99990,99990,99990,99990,113990,114000,114000,166000,176940,179660,130830,136700,163000,161620
91188350,ESSENCORE KLEVV DDR5-6000 CL28 BOLT V WHITE 패키지 서린,ESSENCORE KLEVV BOLT V WHITE 패키지 서린,DDR5,6000,CL28,32GB(16GX2),32,249000,255550,268990,267960,267600,267600,267960,267960,267960,268990,268980,268980,268990,268960,268950,268920,268810,255540,255540,255550,268920,282150,282150,300240,352700,352700,358990,369570,408990,408990,408990
91188290,ESSENCORE KLEVV DDR5-6000 CL28 BOLT V 패키지 서린,ESSENCORE KLEVV BOLT V 패키지 서린,DDR5,6000,CL28,32GB(16GX2),32,248930,255550,269000,268990,268990,268990,268990,268990,268990,268990,268980,268980,268990,268970,268960,268940,268830,268710,268700,268680,268650,282150,282150,300240,354400,354400,358990,408990,408990,408990,408990
91188470,ESSENCORE KLEVV DDR5-6000 CL28 CRAS V RGB WHITE 패키지 서린,ESSENCORE KLEVV CRAS V RGB WHITE 패키지 서린,DDR5,6000,CL28,32GB(16GX2),32,279000,279000,279000,279000,279000,279000,279000,279000,279000,279000,279000,279000,279000,279000,279000,298990,298880,298760,298750,298730,298700,368990,368990,368990,364300,364300,368990,418990,418990,418990,418990
91188443,ESSENCORE KLEVV DDR5-6000 CL28 CRAS V RGB 패키지 서린,ESSENCORE KLEVV CRAS V RGB 패키지 서린,DDR5,6000,CL28,32GB(16GX2),32,0,0,0,0,0,0,0,0,0,0,0,0,0,0,0,0,0,0,0,0,0,0,0,0,0,0,0,419000,419000,0,419000
79000574,ESSENCORE KLEVV DDR5-6000 CL30 BOLT V AMD 패키지 서린,ESSENCORE KLEVV BOLT V AMD 패키지 서린,DDR5,6000,CL30,32GB(16GX2),32,173770,173770,173770,173770,173770,173770,173770,173770,173770,173770,175690,175690,175690,228990,228990,228990,228990,227720,227720,228990,228990,229000,309000,299000,306000,309000,308990,368990,368990,368990,368990
92152256,ESSENCORE KLEVV DDR5-6000 CL30 BOLT V WHITE 패키지 서린,ESSENCORE KLEVV BOLT V WHITE 패키지 서린,DDR5,6000,CL30,64GB(32GX2),64,387970,388550,407790,407780,407600,407600,407780,407780,407780,408990,407960,407590,408990,407730,407660,407640,409000,581950,581950,581950,409000,581950,581950,581950,825310,825310,825310,699000,699000,697970,699000
92152256,ESSENCORE KLEVV DDR5-6000 CL30 BOLT V WHITE 패키지 서린,ESSENCORE KLEVV BOLT V WHITE 패키지 서린,DDR5,6000,CL30,32GB(16GX2),32,218440,217550,218550,218550,218550,218550,218550,218550,218550,229000,228540,228540,228990,228970,228520,228500,228390,228270,228260,228240,228200,234000,240200,308540,303600,303600,308990,309000,368990,368550,368540
94568981,ESSENCORE KLEVV DDR5-6000 CL30 BOLT V WHITE 패키지 서린,ESSENCORE KLEVV BOLT V WHITE 패키지 서린,DDR5,6000,CL30,64GB(32GX2),64,387970,388550,407790,407780,407600,407600,407780,407780,407780,408990,407960,407590,408990,407730,407660,407640,409000,581950,581950,581950,409000,581950,581950,581950,825310,825310,825310,699000,699000,697970,699000
94568981,ESSENCORE KLEVV DDR5-6000 CL30 BOLT V WHITE 패키지 서린,ESSENCORE KLEVV BOLT V WHITE 패키지 서린,DDR5,6000,CL30,32GB(16GX2),32,218440,217550,218550,218550,218550,218550,218550,218550,218550,229000,228540,228540,228990,228970,228520,228500,228390,228270,228260,228240,228200,234000,240200,308540,303600,303600,308990,309000,368990,368550,368540
27894470,ESSENCORE KLEVV DDR5-6000 CL30 BOLT V 패키지 서린,ESSENCORE KLEVV BOLT V 패키지 서린,DDR5,6000,CL30,64GB(32GX2),64,387970,388550,0,0,0,0,407780,0,0,0,0,0,0,0,0,0,0,0,0,0,0,0,0,0,0,0,0,0,0,0,0
27894470,ESSENCORE KLEVV DDR5-6000 CL30 BOLT V 패키지 서린,ESSENCORE KLEVV BOLT V 패키지 서린,DDR5,6000,CL30,32GB(16GX2),32,218160,217550,0,0,0,0,228530,0,0,0,0,0,0,0,0,0,0,0,0,0,0,0,0,0,0,0,0,0,0,0,0
94568963,ESSENCORE KLEVV DDR5-6000 CL30 BOLT V 패키지 서린,ESSENCORE KLEVV BOLT V 패키지 서린,DDR5,6000,CL30,64GB(32GX2),64,0,0,407790,407780,407600,407600,0,407780,407780,409000,407960,407590,409000,409000,409000,409000,409000,407970,407970,409000,407970,529000,529000,529000,525900,525870,529000,699000,699000,699000,699000
94568963,ESSENCORE KLEVV DDR5-6000 CL30 BOLT V 패키지 서린,ESSENCORE KLEVV BOLT V 패키지 서린,DDR5,6000,CL30,32GB(16GX2),32,0,0,219000,228530,228530,228530,0,228530,228530,228540,228540,227960,228990,228930,228530,228430,228350,227810,227810,228260,228170,229000,308990,308990,307000,306900,308990,309000,368990,368550,368540
79002878,ESSENCORE KLEVV DDR5-6000 CL30 CRAS V RGB AMD 패키지 서린,ESSENCORE KLEVV CRAS V RGB AMD 패키지 서린,DDR5,6000,CL30,32GB(16GX2),32,248930,249000,249000,258990,258990,258990,258990,258990,258990,258990,258980,258980,258990,258890,258820,258790,258730,252350,252350,258570,259000,259000,259000,329000,329000,329000,329000,329000,379000,379000,379000
79010636,ESSENCORE KLEVV DDR5-6000 CL30 CRAS V RGB WHITE AMD 패키지 서린,ESSENCORE KLEVV CRAS V RGB WHITE AMD 패키지 서린,DDR5,6000,CL30,32GB(16GX2),32,245270,252360,252360,249000,249000,249000,249000,249000,249000,249000,249000,249000,249000,249000,249000,249000,249000,249000,249000,249000,249000,255120,320560,328990,326900,326900,328990,329000,378990,378990,378990
37989017,ESSENCORE KLEVV DDR5-6000 CL30 CRAS V RGB WHITE 패키지 서린,ESSENCORE KLEVV CRAS V RGB WHITE 패키지 서린,DDR5,6000,CL30,64GB(32GX2),64,497030,0,0,0,0,0,0,0,0,0,0,0,0,0,0,0,0,0,0,0,0,0,0,0,0,0,0,0,0,0,0
37989017,ESSENCORE KLEVV DDR5-6000 CL30 CRAS V RGB WHITE 패키지 서린,ESSENCORE KLEVV CRAS V RGB WHITE 패키지 서린,DDR5,6000,CL30,48GB(24GX2),48,373490,0,0,0,0,0,0,0,0,0,0,0,0,0,0,0,0,0,0,0,0,0,0,0,0,0,0,0,0,0,0
37989017,ESSENCORE KLEVV DDR5-6000 CL30 CRAS V RGB WHITE 패키지 서린,ESSENCORE KLEVV CRAS V RGB WHITE 패키지 서린,DDR5,6000,CL30,32GB(16GX2),32,239240,0,0,0,0,0,0,0,0,0,0,0,0,0,0,0,0,0,0,0,0,0,0,0,0,0,0,0,0,0,0
32076077,ESSENCORE KLEVV DDR5-6000 CL30 CRAS V RGB WHITE 패키지 서린,ESSENCORE KLEVV CRAS V RGB WHITE 패키지 서린,DDR5,6000,CL30,64GB(32GX2),64,0,499000,497990,497760,497700,497700,497760,497760,497760,499000,497960,479000,499000,499000,499000,499000,499000,497960,497960,499000,499000,509000,558930,558930,555900,555780,558930,559000,588600,719000,719000
32076077,ESSENCORE KLEVV DDR5-6000 CL30 CRAS V RGB WHITE 패키지 서린,ESSENCORE KLEVV CRAS V RGB WHITE 패키지 서린,DDR5,6000,CL30,48GB(24GX2),48,0,375000,375000,373770,373770,373770,373770,373770,373770,375000,373970,373970,375000,375000,375000,388990,388880,387930,387920,387900,387870,389000,434160,434160,491770,491760,492490,493000,568990,567970,568990
32076077,ESSENCORE KLEVV DDR5-6000 CL30 CRAS V RGB WHITE 패키지 서린,ESSENCORE KLEVV CRAS V RGB WHITE 패키지 서린,DDR5,6000,CL30,32GB(16GX2),32,0,248990,243340,242110,242110,242110,242110,257750,251990,253340,247670,252300,252340,255990,255990,255990,255990,254910,254910,255990,255990,258990,282290,328990,326000,325980,328990,329000,378990,364593,364593
30002663,ESSENCORE KLEVV DDR5-6000 CL30 CRAS V RGB 패키지 서린,ESSENCORE KLEVV CRAS V RGB 패키지 서린,DDR5,6000,CL30,64GB(32GX2),64,499000,499000,498960,498950,498900,498900,498950,498950,498950,499000,498990,498890,499000,499000,499000,499000,499000,498990,498990,499000,499000,509000,558940,558930,557000,556800,558930,559000,719000,719000,719000
30002663,ESSENCORE KLEVV DDR5-6000 CL30 CRAS V RGB 패키지 서린,ESSENCORE KLEVV CRAS V RGB 패키지 서린,DDR5,6000,CL30,48GB(24GX2),48,373720,389000,387970,387750,387600,387600,387750,387750,387750,387760,387960,387960,387960,388960,387740,387710,387610,387480,387450,387360,387330,434160,434160,434160,491770,490900,492490,493000,568990,568990,568990
30002663,ESSENCORE KLEVV DDR5-6000 CL30 CRAS V RGB 패키지 서린,ESSENCORE KLEVV CRAS V RGB 패키지 서린,DDR5,6000,CL30,32GB(16GX2),32,239240,243760,239330,232230,232230,232230,232230,232230,232230,232230,232230,232230,232230,226570,226570,243340,243340,243340,243340,243340,243340,253340,328980,327930,323900,323790,328990,329000,366060,358270,378980
91188674,ESSENCORE KLEVV DDR5-6000 CL30 FIT V WHITE 서린,ESSENCORE KLEVV FIT V WHITE 서린,DDR5,6000,CL30,16GB,16,103970,103550,108700,108690,108600,108600,108690,108690,108690,108990,108980,108980,108990,108890,108820,108800,108690,108570,108560,108540,108510,114350,114350,148990,148990,148990,148990,0,0,0,0
91188716,ESSENCORE KLEVV DDR5-6000 CL30 FIT V WHITE 패키지 서린,ESSENCORE KLEVV FIT V WHITE 패키지 서린,DDR5,6000,CL30,32GB(16GX2),32,208000,218000,216990,216980,216660,216660,216980,216980,216980,217990,217980,217980,217990,217890,217820,217800,217690,217570,217560,217540,217500,228690,297990,297990,292800,292800,297990,329000,329000,329000,329000
91188617,ESSENCORE KLEVV DDR5-6000 CL30 FIT V 서린,ESSENCORE KLEVV FIT V 서린,DDR5,6000,CL30,16GB,16,85230,85230,85230,85230,85230,85230,85230,85230,85230,85230,0,0,0,0,0,0,0,0,109070,109070,109070,0,0,0,0,0,0,0,0,0,0
91188656,ESSENCORE KLEVV DDR5-6000 CL30 FIT V 패키지 서린,ESSENCORE KLEVV FIT V 패키지 서린,DDR5,6000,CL30,32GB(16GX2),32,207140,207100,217900,217850,217780,216500,216500,216500,216500,217360,217280,216490,217120,217010,216920,216830,216990,216880,216870,216850,216810,228690,297990,297990,296770,296700,297990,329000,0,381500,381500
72587681,ESSENCORE KLEVV DDR5-6000 CL30 URBANE V RGB 패키지 서린,ESSENCORE KLEVV URBANE V RGB 패키지 서린,DDR5,6000,CL30,48GB(24GX2),48,356540,358000,358000,373980,373980,373980,373980,373980,373980,373990,373980,373980,373990,373970,373950,373840,373730,373610,373600,373580,373540,374000,477990,465500,465500,477480,465500,478000,477990,472450,472450
72587681,ESSENCORE KLEVV DDR5-6000 CL30 URBANE V RGB 패키지 서린,ESSENCORE KLEVV URBANE V RGB 패키지 서린,DDR5,6000,CL30,32GB(16GX2),32,239000,236550,239000,248980,248980,248980,246900,246900,246900,248990,248980,247890,247990,247930,247850,247740,247660,247610,247490,247490,247490,249000,318990,309430,314000,313970,319000,319000,319000,369000,369000
72421319,ESSENCORE KLEVV DDR5-6000 CL32 FIT V WHITE 서린,ESSENCORE KLEVV FIT V WHITE 서린,DDR5,6000,CL32,16GB,16,104000,109000,109000,109000,109000,109000,109000,109000,109000,109000,109000,109000,109000,109000,109000,109000,109000,109000,109000,109000,109000,149000,149000,149000,149000,149000,149000,0,0,0,0
58107284,ESSENCORE KLEVV DDR5-6000 CL32 FIT V WHITE 패키지 서린,ESSENCORE KLEVV FIT V WHITE 패키지 서린,DDR5,6000,CL32,32GB(16GX2),32,184000,190000,190000,190000,190000,190000,190000,190000,190000,190000,190000,190000,190000,190000,188000,184000,182000,180000,180000,180000,190000,188000,186000,190000,300050,300050,300500,331500,331500,331500,331500
93805103,ESSENCORE KLEVV DDR5-6400 CL30 BOLT V WHITE 패키지 서린,ESSENCORE KLEVV BOLT V WHITE 패키지 서린,DDR5,6400,CL30,32GB(16GX2),32,223990,222300,228010,228010,228010,228010,228010,228010,228010,228010,228010,228010,228010,228010,228010,228010,228010,228000,228000,228010,228010,233990,245450,314000,314000,314000,314000,378990,378990,378990,378990
93805016,ESSENCORE KLEVV DDR5-6400 CL30 BOLT V 패키지 서린,ESSENCORE KLEVV BOLT V 패키지 서린,DDR5,6400,CL30,32GB(16GX2),32,223910,222300,228010,228010,228010,228010,228010,228010,228010,228010,228010,228010,228010,228010,228010,228010,228010,228010,228010,228010,228010,233990,241760,261120,314000,314000,314000,378990,378990,378990,378990
93805253,ESSENCORE KLEVV DDR5-6400 CL30 FIT V WHITE 서린,ESSENCORE KLEVV FIT V WHITE 서린,DDR5,6400,CL30,16GB,16,77990,74100,77990,77980,77980,77980,77980,77980,77980,77990,77980,77980,77990,78000,0,0,0,0,0,0,0,0,0,0,0,0,0,0,0,0,0
93805268,ESSENCORE KLEVV DDR5-6400 CL30 FIT V 서린,ESSENCORE KLEVV FIT V 서린,DDR5,6400,CL30,16GB,16,77990,74100,77990,77980,77980,77980,77980,77980,77980,77990,75500,75500,0,0,0,0,0,0,0,0,0,0,0,0,0,0,0,0,0,0,0
93805295,ESSENCORE KLEVV DDR5-6400 CL30 FIT V 패키지 서린,ESSENCORE KLEVV FIT V 패키지 서린,DDR5,6400,CL30,32GB(16GX2),32,206970,218000,218000,216770,216770,219270,219270,219270,219270,218000,216970,216970,218000,218000,218000,218000,218000,216970,216970,218000,220500,300500,300500,300500,299270,299270,300500,331500,331500,330470,331500
79000616,ESSENCORE KLEVV DDR5-6400 CL32 BOLT V AMD 패키지 서린,ESSENCORE KLEVV BOLT V AMD 패키지 서린,DDR5,6400,CL32,32GB(16GX2),32,165000,165000,165000,165000,165000,165000,165000,165000,165000,165000,165000,165000,165000,170000,0,0,0,0,0,0,0,0,0,0,0,0,0,0,0,0,0
92152277,ESSENCORE KLEVV DDR5-6400 CL32 BOLT V WHITE 패키지 서린,ESSENCORE KLEVV BOLT V WHITE 패키지 서린,DDR5,6400,CL32,32GB(16GX2),32,221160,221500,221050,221050,221050,221050,221050,221050,221050,231500,231050,231050,231500,231500,231500,231500,231500,231050,231050,231500,231500,240000,240000,311050,311050,311050,311500,371500,371500,371050,371050
27894644,ESSENCORE KLEVV DDR5-6400 CL32 BOLT V 패키지 서린,ESSENCORE KLEVV BOLT V 패키지 서린,DDR5,6400,CL32,32GB(16GX2),32,207880,207880,207880,207880,207880,207880,207880,207880,207880,207880,207880,207880,207880,214200,214200,214200,213590,209420,208260,208260,209580,214200,214200,214200,317760,317760,317760,409000,409000,409000,409000
79014581,ESSENCORE KLEVV DDR5-6400 CL32 CRAS V RGB AMD 패키지 서린,ESSENCORE KLEVV CRAS V RGB AMD 패키지 서린,DDR5,6400,CL32,32GB(16GX2),32,247500,247500,247500,247500,247500,247500,247500,247500,247500,247500,247500,247500,247500,247500,247500,247500,247500,247500,247500,247500,247500,247500,247500,240080,334000,334000,334000,334000,379000,379000,379000
79017092,ESSENCORE KLEVV DDR5-6400 CL32 CRAS V RGB WHITE AMD 패키지 서린,ESSENCORE KLEVV CRAS V RGB WHITE AMD 패키지 서린,DDR5,6400,CL32,32GB(16GX2),32,253990,250800,263600,263590,263590,263590,263590,263590,263590,263600,263590,263590,263600,263590,263590,263590,263590,263580,263580,263590,263590,264000,334000,334000,334000,334000,334000,334000,379000,379000,379000
37989125,ESSENCORE KLEVV DDR5-6400 CL32 CRAS V RGB WHITE 패키지 서린,ESSENCORE KLEVV CRAS V RGB WHITE 패키지 서린,DDR5,6400,CL32,64GB(32GX2),64,579620,514000,511880,511870,511700,511700,511700,511700,511700,513990,513980,0,0,488300,513940,513830,0,512870,512860,513620,0,0,0,0,0,0,0,718990,718990,718990,718990
37989125,ESSENCORE KLEVV DDR5-6400 CL32 CRAS V RGB WHITE 패키지 서린,ESSENCORE KLEVV CRAS V RGB WHITE 패키지 서린,DDR5,6400,CL32,48GB(24GX2),48,378890,376200,379000,379000,379000,379000,381500,381500,381500,381500,381500,0,0,381500,379000,395990,0,395980,395980,395990,0,0,0,0,0,0,0,501000,568990,568990,568990
37989125,ESSENCORE KLEVV DDR5-6400 CL32 CRAS V RGB WHITE 패키지 서린,ESSENCORE KLEVV CRAS V RGB WHITE 패키지 서린,DDR5,6400,CL32,32GB(16GX2),32,253890,250800,254000,254000,254000,254000,254000,254000,254000,254000,254000,0,0,254000,254000,263990,0,262890,262890,263990,0,0,0,0,0,0,0,334000,379000,379000,378990
32075993,ESSENCORE KLEVV DDR5-6400 CL32 CRAS V RGB WHITE 패키지 서린,ESSENCORE KLEVV CRAS V RGB WHITE 패키지 서린,DDR5,6400,CL32,64GB(32GX2),64,0,0,0,0,0,0,0,0,0,0,0,513980,513990,0,0,0,513750,0,0,0,0,0,0,0,0,0,0,0,0,0,0
32075993,ESSENCORE KLEVV DDR5-6400 CL32 CRAS V RGB WHITE 패키지 서린,ESSENCORE KLEVV CRAS V RGB WHITE 패키지 서린,DDR5,6400,CL32,48GB(24GX2),48,0,0,0,0,0,0,0,0,0,0,0,381500,381500,0,0,0,395990,0,0,0,0,0,0,0,0,0,0,0,0,0,0
32075993,ESSENCORE KLEVV DDR5-6400 CL32 CRAS V RGB WHITE 패키지 서린,ESSENCORE KLEVV CRAS V RGB WHITE 패키지 서린,DDR5,6400,CL32,32GB(16GX2),32,0,0,0,0,0,0,0,0,0,0,0,254000,254000,0,0,0,263990,0,0,0,0,0,0,0,0,0,0,0,0,0,0
37989107,ESSENCORE KLEVV DDR5-6400 CL32 CRAS V RGB WHITE 패키지 서린,ESSENCORE KLEVV CRAS V RGB WHITE 패키지 서린,DDR5,6400,CL32,64GB(32GX2),64,0,0,0,0,0,0,0,0,0,0,0,0,0,0,0,0,0,0,0,0,513530,563990,563990,563990,560000,560000,563990,0,0,0,0
37989107,ESSENCORE KLEVV DDR5-6400 CL32 CRAS V RGB WHITE 패키지 서린,ESSENCORE KLEVV CRAS V RGB WHITE 패키지 서린,DDR5,6400,CL32,48GB(24GX2),48,0,0,0,0,0,0,0,0,0,0,0,0,0,0,0,0,0,0,0,0,395990,441960,441960,441960,499960,499960,499960,0,0,0,0
37989107,ESSENCORE KLEVV DDR5-6400 CL32 CRAS V RGB WHITE 패키지 서린,ESSENCORE KLEVV CRAS V RGB WHITE 패키지 서린,DDR5,6400,CL32,32GB(16GX2),32,0,0,0,0,0,0,0,0,0,0,0,0,0,0,0,0,0,0,0,0,263990,294600,294600,294600,331900,331900,334000,0,0,0,0
30002912,ESSENCORE KLEVV DDR5-6400 CL32 CRAS V RGB 패키지 서린,ESSENCORE KLEVV CRAS V RGB 패키지 서린,DDR5,6400,CL32,64GB(32GX2),64,502000,488300,503990,513990,513990,513990,513990,513990,513990,0,0,513980,513990,513970,513960,513930,513830,513700,513670,513580,513550,514000,553960,554000,563980,563900,563990,564000,718990,718990,718990
30002912,ESSENCORE KLEVV DDR5-6400 CL32 CRAS V RGB 패키지 서린,ESSENCORE KLEVV CRAS V RGB 패키지 서린,DDR5,6400,CL32,48GB(24GX2),48,367200,367200,367200,367200,367200,367200,367200,367200,367200,0,0,367200,367200,367200,367200,367200,367200,367200,367200,367200,367200,367200,367200,367200,501000,501000,501000,501000,569000,569000,569000
30002912,ESSENCORE KLEVV DDR5-6400 CL32 CRAS V RGB 패키지 서린,ESSENCORE KLEVV CRAS V RGB 패키지 서린,DDR5,6400,CL32,32GB(16GX2),32,235110,235110,235110,235110,235110,235110,235110,235110,235110,0,0,235110,235110,240300,216960,240300,239610,234930,233640,233640,235110,240300,240300,239610,334000,334000,334000,339000,379000,379000,379000
30002834,ESSENCORE KLEVV DDR5-6400 CL32 CRAS V RGB 패키지 서린,ESSENCORE KLEVV CRAS V RGB 패키지 서린,DDR5,6400,CL32,64GB(32GX2),64,0,0,0,0,0,0,0,0,0,513990,513980,0,0,0,0,0,0,0,0,0,0,0,0,0,0,0,0,0,0,0,0
30002834,ESSENCORE KLEVV DDR5-6400 CL32 CRAS V RGB 패키지 서린,ESSENCORE KLEVV CRAS V RGB 패키지 서린,DDR5,6400,CL32,48GB(24GX2),48,0,0,0,0,0,0,0,0,0,367200,367200,0,0,0,0,0,0,0,0,0,0,0,0,0,0,0,0,0,0,0,0
30002834,ESSENCORE KLEVV DDR5-6400 CL32 CRAS V RGB 패키지 서린,ESSENCORE KLEVV CRAS V RGB 패키지 서린,DDR5,6400,CL32,32GB(16GX2),32,0,0,0,0,0,0,0,0,0,235110,235110,0,0,0,0,0,0,0,0,0,0,0,0,0,0,0,0,0,0,0,0
92152316,ESSENCORE KLEVV DDR5-6400 CL32 FIT V WHITE 서린,ESSENCORE KLEVV FIT V WHITE 서린,DDR5,6400,CL32,16GB,16,78000,74100,78000,77990,77990,77990,77990,77990,77990,77990,79890,79890,79890,79890,0,0,0,0,0,0,0,0,0,0,0,0,0,0,0,0,0
91188779,ESSENCORE KLEVV DDR5-6400 CL32 FIT V 서린,ESSENCORE KLEVV FIT V 서린,DDR5,6400,CL32,16GB,16,77990,74100,77990,77980,77980,77980,77980,77980,77980,77990,75500,75500,75500,0,0,0,0,0,0,0,0,0,0,0,0,0,0,0,0,0,0
78849305,ESSENCORE KLEVV DDR5-6400 CL32 URBANE V RGB 패키지 서린,ESSENCORE KLEVV URBANE V RGB 패키지 서린,DDR5,6400,CL32,32GB(16GX2),32,226300,249000,248990,248980,248980,248980,248980,248980,248980,0,248980,248980,248990,248970,248960,248940,248830,248710,248700,248680,248650,249000,323990,323990,323990,323990,323990,323990,323990,324000,426960
78849305,ESSENCORE KLEVV DDR5-6400 CL32 URBANE V RGB 패키지 서린,ESSENCORE KLEVV URBANE V RGB 패키지 서린,DDR5,6400,CL32,48GB(24GX2),48,356540,374000,373990,373980,373980,373980,373980,373980,373980,0,373980,373980,373990,373970,373960,373940,373830,373710,373700,373680,373650,374000,482990,482990,482990,482990,482990,482990,482990,477910,483000
72587687,ESSENCORE KLEVV DDR5-6400 CL32 URBANE V RGB 패키지 서린,ESSENCORE KLEVV URBANE V RGB 패키지 서린,DDR5,6400,CL32,32GB(16GX2),32,0,0,0,0,0,0,0,0,0,248990,0,0,0,0,0,0,0,0,0,0,0,0,0,0,0,0,0,0,0,0,0
72587687,ESSENCORE KLEVV DDR5-6400 CL32 URBANE V RGB 패키지 서린,ESSENCORE KLEVV URBANE V RGB 패키지 서린,DDR5,6400,CL32,48GB(24GX2),48,0,0,0,0,0,0,0,0,0,373990,0,0,0,0,0,0,0,0,0,0,0,0,0,0,0,0,0,0,0,0,0
27894749,ESSENCORE KLEVV DDR5-6800 CL34 BOLT V 패키지 서린,ESSENCORE KLEVV BOLT V 패키지 서린,DDR5,6800,CL34,32GB(16GX2),32,191990,182400,191990,191980,191980,191980,191980,191980,191980,191990,191980,191980,191990,191970,191960,191940,191910,191780,191750,191660,191630,191990,210970,0,0,0,0,0,0,0,0
64376777,ESSENCORE KLEVV DDR5-7200 CL34 CRAS V RGB ROG 패키지 서린,ESSENCORE KLEVV CRAS V RGB ROG 패키지 서린,DDR5,7200,CL34,48GB(24GX2),48,389970,393640,393640,393630,393630,393630,393630,393630,393630,393640,393630,393630,393640,393640,393640,393640,393640,393630,393630,393640,393640,450840,450840,450840,507990,507990,507990,582990,582990,582990,582990
37989224,ESSENCORE KLEVV DDR5-7200 CL34 CRAS V RGB White 패키지 서린,ESSENCORE KLEVV CRAS V RGB White 패키지 서린,DDR5,7200,CL34,48GB(24GX2),48,373770,383800,403990,403980,403980,403980,403980,403980,403980,403990,403980,403980,403990,403970,403960,403940,403830,0,0,0,0,0,0,0,0,0,0,508000,582990,582990,582990
37989224,ESSENCORE KLEVV DDR5-7200 CL34 CRAS V RGB White 패키지 서린,ESSENCORE KLEVV CRAS V RGB White 패키지 서린,DDR5,7200,CL34,32GB(16GX2),32,258610,269000,268990,268980,268980,268980,268980,268980,268980,268990,268980,268980,268990,268970,268960,268940,268830,0,0,0,0,0,0,0,0,0,0,618480,618480,618480,618480
37989197,ESSENCORE KLEVV DDR5-7200 CL34 CRAS V RGB White 패키지 서린,ESSENCORE KLEVV CRAS V RGB White 패키지 서린,DDR5,7200,CL34,48GB(24GX2),48,0,0,0,0,0,0,0,0,0,0,0,0,0,0,0,0,0,403710,403700,403680,403650,507990,507990,507990,507990,507990,507990,0,0,0,0
37989197,ESSENCORE KLEVV DDR5-7200 CL34 CRAS V RGB White 패키지 서린,ESSENCORE KLEVV CRAS V RGB White 패키지 서린,DDR5,7200,CL34,32GB(16GX2),32,0,0,0,0,0,0,0,0,0,0,0,0,0,0,0,0,0,268710,268700,268680,268650,300240,300240,339000,538900,538900,538900,0,0,0,0
30002993,ESSENCORE KLEVV DDR5-7200 CL34 CRAS V RGB 패키지 서린,ESSENCORE KLEVV CRAS V RGB 패키지 서린,DDR5,7200,CL34,48GB(24GX2),48,349000,349000,349000,349000,349000,349000,349000,349000,349000,349000,349000,349000,349000,349000,349000,349000,349000,349000,349000,0,0,0,0,0,0,0,0,0,0,0,0
30002993,ESSENCORE KLEVV DDR5-7200 CL34 CRAS V RGB 패키지 서린,ESSENCORE KLEVV CRAS V RGB 패키지 서린,DDR5,7200,CL34,32GB(16GX2),32,258990,255550,269000,268990,268990,268990,268990,268990,268990,269000,269000,269000,269000,268990,268990,268990,268990,268980,268980,0,0,0,0,0,0,0,0,0,0,0,0
27886676,ESSENCORE KLEVV DDR5-7200 CL34 CRAS V RGB 패키지 서린,ESSENCORE KLEVV CRAS V RGB 패키지 서린,DDR5,7200,CL34,48GB(24GX2),48,0,0,0,0,0,0,0,0,0,0,0,0,0,0,0,0,0,0,0,403990,403990,476000,476000,476000,485360,485360,485360,508000,509000,509000,509000
27886676,ESSENCORE KLEVV DDR5-7200 CL34 CRAS V RGB 패키지 서린,ESSENCORE KLEVV CRAS V RGB 패키지 서린,DDR5,7200,CL34,32GB(16GX2),32,0,0,0,0,0,0,0,0,0,0,0,0,0,0,0,0,0,0,0,268990,268990,269000,300240,300240,323890,323890,323890,371650,371650,371650,371650
30268556,ESSENCORE KLEVV DDR5-7600 CL36 CRAS V RGB 패키지 서린,ESSENCORE KLEVV CRAS V RGB 패키지 서린,DDR5,7600,CL36,48GB(24GX2),48,500000,500000,500000,500000,500000,500000,500000,500000,500000,500000,500000,500000,500000,510000,510000,510000,503430,498470,0,0,0,0,0,0,0,0,0,0,0,0,0
30268556,ESSENCORE KLEVV DDR5-7600 CL36 CRAS V RGB 패키지 서린,ESSENCORE KLEVV CRAS V RGB 패키지 서린,DDR5,7600,CL36,32GB(16GX2),32,352620,352620,352620,352620,352620,352620,352620,352620,352620,352620,352620,352620,352620,360400,360400,359320,359320,352310,0,0,0,0,0,0,0,0,0,0,0,0,0
27886853,ESSENCORE KLEVV DDR5-7600 CL36 CRAS V RGB 패키지 서린,ESSENCORE KLEVV CRAS V RGB 패키지 서린,DDR5,7600,CL36,48GB(24GX2),48,0,0,0,0,0,0,0,0,0,0,0,0,0,0,0,0,0,0,495720,495720,500000,510000,510000,508380,0,0,0,0,0,0,0
27886853,ESSENCORE KLEVV DDR5-7600 CL36 CRAS V RGB 패키지 서린,ESSENCORE KLEVV CRAS V RGB 패키지 서린,DDR5,7600,CL36,32GB(16GX2),32,0,0,0,0,0,0,0,0,0,0,0,0,0,0,0,0,0,0,350370,350370,352620,360400,360400,359320,0,0,0,0,0,0,0
19240181,ESSENCORE KLEVV 노트북 DDR4-2666 CL19 중고,ESSENCORE KLEVV 노트북 중고,DDR4,2666,CL19,4GB,4,14010,14010,14010,14010,14010,14010,14010,14010,14010,14010,13860,13860,13860,13860,13860,13860,13860,13860,13860,13860,13860,13860,13860,13860,13860,13860,13860,13860,13860,13860,13860
9391296,ESSENCORE KLEVV 노트북 DDR4-2666 CL19 파인인포,ESSENCORE KLEVV 노트북 파인인포,DDR4,2666,CL19,16GB,16,64710,64610,64500,64380,64290,0,64140,64020,64000,64000,64000,64000,64000,63900,63820,63700,63600,63480,63370,68500,0,0,0,0,0,0,0,0,0,0,0
9391296,ESSENCORE KLEVV 노트북 DDR4-2666 CL19 파인인포,ESSENCORE KLEVV 노트북 파인인포,DDR4,2666,CL19,8GB,8,21000,21000,21000,21000,21000,0,21000,21000,21000,21000,21000,21000,21000,21000,21000,21000,21000,21000,21000,21000,0,0,0,0,0,0,0,0,0,0,0
9391317,ESSENCORE KLEVV 노트북 DDR4-2666 CL19 파인인포,ESSENCORE KLEVV 노트북 파인인포,DDR4,2666,CL19,16GB,16,0,0,0,0,0,64260,0,0,0,0,0,0,0,0,0,0,0,0,0,0,68390,68270,68150,68040,67940,67910,67780,67670,67550,67460,66890
9391317,ESSENCORE KLEVV 노트북 DDR4-2666 CL19 파인인포,ESSENCORE KLEVV 노트북 파인인포,DDR4,2666,CL19,8GB,8,0,0,0,0,0,21000,0,0,0,0,0,0,0,0,0,0,0,0,0,0,0,0,0,0,0,0,0,0,0,0,0
9391317,ESSENCORE KLEVV 노트북 DDR4-2666 CL19 파인인포,ESSENCORE KLEVV 노트북 파인인포,DDR4,2666,CL19,4GB,4,0,0,0,0,0,0,0,0,0,0,0,0,0,0,0,0,0,0,0,0,0,0,17300,17300,17300,17300,17300,17300,17300,17300,17300
19240247,ESSENCORE KLEVV 노트북 DDR4-3200 CL22 중고,ESSENCORE KLEVV 노트북 중고,DDR4,3200,CL22,16GB,16,0,0,0,0,0,0,0,0,0,0,0,0,0,0,0,0,52000,82000,82000,82000,82000,82000,82000,82000,82000,82000,82000,82000,82000,82000,82000
14205968,ESSENCORE KLEVV 노트북 DDR4-3200 CL22 파인인포,ESSENCORE KLEVV 노트북 파인인포,DDR4,3200,CL22,32GB,32,136000,139000,139000,143300,143300,143300,143300,136000,136000,136000,136000,136000,170500,170500,158000,170500,170490,170490,170490,170490,170490,170500,0,0,0,0,0,0,0,0,0
14205968,ESSENCORE KLEVV 노트북 DDR4-3200 CL22 파인인포,ESSENCORE KLEVV 노트북 파인인포,DDR4,3200,CL22,16GB,16,61000,61000,61000,61000,61000,61000,61000,61000,61000,61000,61000,61000,61000,75000,75000,75000,75000,75000,75000,75000,75000,94900,0,0,0,0,0,0,0,0,0
14205968,ESSENCORE KLEVV 노트북 DDR4-3200 CL22 파인인포,ESSENCORE KLEVV 노트북 파인인포,DDR4,3200,CL22,8GB,8,32000,32000,32000,32000,32000,32000,32000,32000,32000,32000,32000,32000,32000,35900,35900,35900,35900,35900,35900,35900,35900,35900,0,0,0,0,0,0,0,0,0
11787154,ESSENCORE KLEVV 노트북 DDR4-3200 CL22 파인인포,ESSENCORE KLEVV 노트북 파인인포,DDR4,3200,CL22,16GB,16,0,0,0,0,0,0,0,0,0,0,0,0,0,0,0,0,0,0,0,0,0,0,100000,100000,100000,100000,100000,100000,100000,100000,100000
11787154,ESSENCORE KLEVV 노트북 DDR4-3200 CL22 파인인포,ESSENCORE KLEVV 노트북 파인인포,DDR4,3200,CL22,8GB,8,0,0,0,0,0,0,0,0,0,0,0,0,0,0,0,0,0,0,0,0,0,0,35900,35900,35900,35900,35900,32000,36900,37900,37900
28208825,ESSENCORE KLEVV 노트북 DDR5-5600 CL46 파인인포,ESSENCORE KLEVV 노트북 파인인포,DDR5,5600,CL46,32GB,32,145060,145030,149000,149000,149000,149000,149000,0,149000,149000,149000,149000,146000,0,0,0,0,0,0,0,0,0,0,0,0,0,0,0,0,0,0
28208825,ESSENCORE KLEVV 노트북 DDR5-5600 CL46 파인인포,ESSENCORE KLEVV 노트북 파인인포,DDR5,5600,CL46,16GB,16,78000,78000,82250,82250,82250,82250,82250,0,86100,86100,89650,89630,94520,0,0,0,0,0,0,0,0,0,0,0,0,0,0,0,0,0,0
70003763,ESSENCORE KLEVV 노트북 DDR5-5600 CL46 파인인포,ESSENCORE KLEVV 노트북 파인인포,DDR5,5600,CL46,32GB,32,0,0,0,0,0,0,0,149000,0,0,0,0,0,159040,170770,170740,172000,200000,200000,200000,220000,219990,219990,219990,219990,0,0,242000,242000,242000,241990
70003763,ESSENCORE KLEVV 노트북 DDR5-5600 CL46 파인인포,ESSENCORE KLEVV 노트북 파인인포,DDR5,5600,CL46,16GB,16,0,0,0,0,0,0,0,86100,0,0,0,0,0,0,0,0,0,0,0,0,0,0,0,0,0,0,0,0,0,0,0
6540147,G.SKILL DDR4-2666 CL19 AEGIS,G.SKILL AEGIS,DDR4,2666,CL19,16GB,16,58106,62700,66000,0,65990,0,0,0,0,0,0,0,0,0,0,0,0,0,0,0,0,0,0,0,0,0,0,89000,108000,108000,108000
6540147,G.SKILL DDR4-2666 CL19 AEGIS,G.SKILL AEGIS,DDR4,2666,CL19,8GB,8,31080,31080,31080,0,31080,0,0,0,0,0,0,0,0,0,0,0,0,0,0,0,0,0,0,0,0,0,0,36600,36600,36600,36600
6002268,G.SKILL DDR4-2666 CL19 AEGIS,G.SKILL AEGIS,DDR4,2666,CL19,16GB,16,0,0,0,66000,0,65990,65990,65990,65990,65990,65990,65990,65990,65890,65820,65790,73000,72900,72780,72660,72980,72990,72990,73000,89000,89000,89000,0,0,0,0
6002268,G.SKILL DDR4-2666 CL19 AEGIS,G.SKILL AEGIS,DDR4,2666,CL19,8GB,8,0,0,0,31080,0,31080,36000,36000,36000,36000,36000,36000,36000,36000,36000,36000,36600,36600,38790,38790,38790,38790,40990,43110,43110,46000,46000,0,0,0,0
7029922,G.SKILL DDR4-3000 CL16 TRIDENT Z ROYAL 실버 패키지,G.SKILL TRIDENT Z ROYAL 실버 패키지,DDR4,3000,CL16,16GB(8GX2),16,179340,179340,179340,179340,179340,179340,179340,179340,179340,179340,179340,179340,179340,179340,179340,179340,179340,179340,179340,179340,179340,179340,179340,179340,179340,179340,179340,179340,179340,179340,179340
9593742,G.SKILL DDR4-3200 CL16 AEGIS,G.SKILL AEGIS,DDR4,3200,CL16,16GB,16,63140,63610,0,0,0,0,0,0,68000,68000,70410,70410,70930,70930,70930,70930,82000,81920,81800,81710,81990,82000,82000,92000,92000,92000,92000,0,0,0,0
9593742,G.SKILL DDR4-3200 CL16 AEGIS,G.SKILL AEGIS,DDR4,3200,CL16,8GB,8,35000,35000,0,0,0,0,0,0,35000,35000,35000,35000,35000,35000,35000,35000,36510,36510,36510,36520,36520,41920,41810,44950,44950,47000,47000,0,0,0,0
9593730,G.SKILL DDR4-3200 CL16 AEGIS,G.SKILL AEGIS,DDR4,3200,CL16,16GB,16,0,0,68000,68000,68000,68000,68000,68000,0,0,0,0,0,0,0,0,0,0,0,0,0,0,0,0,0,0,0,92000,112000,112000,112000
9593730,G.SKILL DDR4-3200 CL16 AEGIS,G.SKILL AEGIS,DDR4,3200,CL16,8GB,8,0,0,35000,35000,35000,35000,35000,35000,0,0,0,0,0,0,0,0,0,0,0,0,0,0,0,0,0,0,0,47000,57000,57000,57000
10019379,G.SKILL DDR4-3200 CL16 RIPJAWS V VK,G.SKILL RIPJAWS V VK,DDR4,3200,CL16,32GB,32,535900,576000,576000,576000,576000,576000,576000,576000,576000,576000,576000,0,0,576000,576000,576000,0,0,0,0,0,0,158300,158300,158290,158290,158000,163500,368000,0,0
10019379,G.SKILL DDR4-3200 CL16 RIPJAWS V VK,G.SKILL RIPJAWS V VK,DDR4,3200,CL16,16GB,16,72500,82500,82500,82500,82500,82500,82500,86890,86890,86890,86890,0,0,0,0,0,0,0,0,0,0,0,86000,95000,97500,97500,97500,97500,97500,0,0
4571593,G.SKILL DDR4-3200 CL16 RIPJAWS V VK,G.SKILL RIPJAWS V VK,DDR4,3200,CL16,32GB,32,0,0,0,0,0,0,0,0,0,0,0,576000,576000,0,0,0,660000,660000,660000,660000,134000,134000,0,0,0,0,0,0,0,674780,674780
4571593,G.SKILL DDR4-3200 CL16 RIPJAWS V VK,G.SKILL RIPJAWS V VK,DDR4,3200,CL16,16GB,16,0,0,0,0,0,0,0,0,0,0,0,86890,86890,0,0,0,88500,86000,86000,86000,86000,86000,0,0,0,0,0,0,0,97500,97500
10019388,G.SKILL DDR4-3200 CL16 RIPJAWS V VK 패키지,G.SKILL RIPJAWS V VK 패키지,DDR4,3200,CL16,128GB(32GX4),128,526000,576000,576000,576000,576000,576000,576000,576000,576000,576000,576000,576000,576000,576000,576000,576000,660000,660000,660000,660000,643320,643320,638840,638840,638830,638830,638000,0,0,0,0
10019388,G.SKILL DDR4-3200 CL16 RIPJAWS V VK 패키지,G.SKILL RIPJAWS V VK 패키지,DDR4,3200,CL16,64GB(32GX2),64,0,0,0,0,0,0,0,0,0,0,0,0,0,0,0,0,0,0,0,0,316500,316500,316500,319420,319420,319420,319400,0,0,0,0
10019382,G.SKILL DDR4-3200 CL16 RIPJAWS V VK 패키지,G.SKILL RIPJAWS V VK 패키지,DDR4,3200,CL16,128GB(32GX4),128,0,0,0,0,0,0,0,0,0,0,0,0,0,0,0,0,0,0,0,0,0,0,0,0,0,0,0,638000,638000,638000,637990
10019382,G.SKILL DDR4-3200 CL16 RIPJAWS V VK 패키지,G.SKILL RIPJAWS V VK 패키지,DDR4,3200,CL16,64GB(32GX2),64,0,0,0,0,0,0,0,0,0,0,0,0,0,0,0,0,0,0,0,0,0,0,0,0,0,0,0,319400,319400,306980,390290
4571613,G.SKILL DDR4-3200 CL16 RIPJAWS V VKB 패키지,G.SKILL RIPJAWS V VKB 패키지,DDR4,3200,CL16,16GB(8GX2),16,67620,74570,74570,74570,74570,74570,74570,74570,74570,74570,74570,74570,74570,74570,74570,85000,91000,91000,91000,91000,91000,91000,91000,99000,99000,99000,99000,100000,100000,100000,100000
9480315,G.SKILL DDR4-3200 CL16 TRIDENT Z NEO 패키지,G.SKILL TRIDENT Z NEO 패키지,DDR4,3200,CL16,128GB(32GX4),128,786970,0,0,0,0,0,0,0,0,0,0,0,0,0,0,0,0,0,0,0,0,0,654100,654100,654090,654090,0,654000,0,0,0
9480315,G.SKILL DDR4-3200 CL16 TRIDENT Z NEO 패키지,G.SKILL TRIDENT Z NEO 패키지,DDR4,3200,CL16,32GB(16GX2),32,163990,0,0,0,0,0,0,0,0,0,0,0,0,0,0,0,0,0,0,0,0,0,199500,199500,199500,199500,0,199500,0,0,0
9480315,G.SKILL DDR4-3200 CL16 TRIDENT Z NEO 패키지,G.SKILL TRIDENT Z NEO 패키지,DDR4,3200,CL16,16GB(8GX2),16,94450,0,0,0,0,0,0,0,0,0,0,0,0,0,0,0,0,0,0,0,0,0,114000,114000,114000,114000,0,114000,0,0,0
9480315,G.SKILL DDR4-3200 CL16 TRIDENT Z NEO 패키지,G.SKILL TRIDENT Z NEO 패키지,DDR4,3200,CL16,32GB(8GX4),32,0,0,0,0,0,0,0,0,0,0,0,0,0,0,0,0,0,0,0,0,0,0,699000,699000,699000,699000,0,699000,0,0,0
10391016,G.SKILL DDR4-3200 CL16 TRIDENT Z NEO 패키지,G.SKILL TRIDENT Z NEO 패키지,DDR4,3200,CL16,128GB(32GX4),128,0,786970,786970,786970,786970,786970,0,0,0,0,0,0,0,0,0,0,0,0,0,0,0,0,0,0,0,0,0,0,0,0,0
10391016,G.SKILL DDR4-3200 CL16 TRIDENT Z NEO 패키지,G.SKILL TRIDENT Z NEO 패키지,DDR4,3200,CL16,64GB(32GX2),64,0,307900,307900,307900,307900,307900,0,0,0,0,0,0,0,0,0,0,0,0,0,0,0,0,0,0,0,0,0,0,0,0,0
10391016,G.SKILL DDR4-3200 CL16 TRIDENT Z NEO 패키지,G.SKILL TRIDENT Z NEO 패키지,DDR4,3200,CL16,32GB(16GX2),32,0,163990,163990,163990,163990,163990,0,0,0,0,0,0,0,0,0,0,0,0,0,0,0,0,0,0,0,0,0,0,0,0,0
10391016,G.SKILL DDR4-3200 CL16 TRIDENT Z NEO 패키지,G.SKILL TRIDENT Z NEO 패키지,DDR4,3200,CL16,16GB(8GX2),16,0,94050,98940,98860,98780,98700,0,0,0,0,0,0,0,0,0,0,0,0,0,0,0,0,0,0,0,0,0,0,0,0,0
9470745,G.SKILL DDR4-3200 CL16 TRIDENT Z NEO 패키지,G.SKILL TRIDENT Z NEO 패키지,DDR4,3200,CL16,128GB(32GX4),128,0,0,0,0,0,0,786970,786970,786970,786970,778600,778600,778600,778600,778600,778600,778600,778600,778600,778600,550000,550000,0,0,0,0,654000,0,654000,654000,653990
9470745,G.SKILL DDR4-3200 CL16 TRIDENT Z NEO 패키지,G.SKILL TRIDENT Z NEO 패키지,DDR4,3200,CL16,32GB(16GX2),32,0,0,0,0,0,0,163990,163990,163990,163990,226200,226200,226200,226200,226200,226200,226200,226200,226200,226200,199500,199500,0,0,0,0,199500,0,199500,199500,199500
9470745,G.SKILL DDR4-3200 CL16 TRIDENT Z NEO 패키지,G.SKILL TRIDENT Z NEO 패키지,DDR4,3200,CL16,16GB(8GX2),16,0,0,0,0,0,0,98620,98540,98460,98450,98450,98450,98450,98410,98400,98400,104500,104500,104500,104500,104500,114000,0,0,0,0,114000,0,114000,109701,109701
9470745,G.SKILL DDR4-3200 CL16 TRIDENT Z NEO 패키지,G.SKILL TRIDENT Z NEO 패키지,DDR4,3200,CL16,64GB(32GX2),64,0,0,0,0,0,0,0,0,0,0,0,307900,307900,0,0,0,0,0,0,0,307900,307900,0,0,0,0,0,0,0,0,0
9470745,G.SKILL DDR4-3200 CL16 TRIDENT Z NEO 패키지,G.SKILL TRIDENT Z NEO 패키지,DDR4,3200,CL16,32GB(8GX4),32,0,0,0,0,0,0,0,0,0,0,0,0,0,0,0,0,0,0,0,0,699000,699000,0,0,0,0,699000,0,699000,699000,699000
10019547,G.SKILL DDR4-3200 CL16 TRIDENT Z RGB 패키지,G.SKILL TRIDENT Z RGB 패키지,DDR4,3200,CL16,64GB(16GX4),64,323990,307800,323990,323990,323990,323990,323990,323990,323990,323990,323990,323990,323990,0,0,0,0,0,388780,388670,388560,388990,388990,388990,388990,388990,388990,388990,388990,375240,375240
10019547,G.SKILL DDR4-3200 CL16 TRIDENT Z RGB 패키지,G.SKILL TRIDENT Z RGB 패키지,DDR4,3200,CL16,32GB(16GX2),32,148600,148600,153440,153440,153440,153440,162390,162390,162390,162390,160660,160660,160660,0,0,0,0,0,182400,182400,192000,192000,192000,192000,192000,192000,192000,192000,192000,192000,192000
10019547,G.SKILL DDR4-3200 CL16 TRIDENT Z RGB 패키지,G.SKILL TRIDENT Z RGB 패키지,DDR4,3200,CL16,16GB(8GX2),16,86520,87000,87000,87000,87000,87000,87000,87000,87000,87000,87000,87000,87000,0,0,0,0,0,88020,88020,91150,109000,109000,109000,109000,109000,109000,109000,109000,109000,109000
10019562,G.SKILL DDR4-3200 CL16 TRIDENT Z RGB 패키지,G.SKILL TRIDENT Z RGB 패키지,DDR4,3200,CL16,64GB(16GX4),64,0,0,0,0,0,0,0,0,0,0,0,0,0,323950,323870,0,0,0,0,0,0,0,0,0,0,0,0,0,0,0,0
10019562,G.SKILL DDR4-3200 CL16 TRIDENT Z RGB 패키지,G.SKILL TRIDENT Z RGB 패키지,DDR4,3200,CL16,16GB(8GX2),16,0,0,0,0,0,0,0,0,0,0,0,0,0,88020,88020,0,0,0,0,0,0,0,0,0,0,0,0,0,0,0,0
4905070,G.SKILL DDR4-3200 CL16 TRIDENT Z RGB 패키지,G.SKILL TRIDENT Z RGB 패키지,DDR4,3200,CL16,64GB(16GX4),64,0,0,0,0,0,0,0,0,0,0,0,0,0,0,0,323750,389000,388900,0,0,0,0,0,0,0,0,0,0,0,0,0
4905070,G.SKILL DDR4-3200 CL16 TRIDENT Z RGB 패키지,G.SKILL TRIDENT Z RGB 패키지,DDR4,3200,CL16,16GB(8GX2),16,0,0,0,0,0,0,0,0,0,0,0,0,0,0,0,88020,88020,88020,0,0,0,0,0,0,0,0,0,0,0,0,0
4905070,G.SKILL DDR4-3200 CL16 TRIDENT Z RGB 패키지,G.SKILL TRIDENT Z RGB 패키지,DDR4,3200,CL16,32GB(16GX2),32,0,0,0,0,0,0,0,0,0,0,0,0,0,0,0,0,0,182400,0,0,0,0,0,0,0,0,0,0,0,0,0
10391061,G.SKILL DDR4-3200 CL16 TRIDENT Z ROYAL 골드 패키지,G.SKILL TRIDENT Z ROYAL 골드 패키지,DDR4,3200,CL16,64GB(32GX2),64,428080,428080,428080,428080,428080,428080,428080,428080,428080,428080,423530,423530,423530,423530,423530,423530,423530,423530,0,0,0,0,0,0,0,0,0,0,0,0,0
10391061,G.SKILL DDR4-3200 CL16 TRIDENT Z ROYAL 골드 패키지,G.SKILL TRIDENT Z ROYAL 골드 패키지,DDR4,3200,CL16,32GB(16GX2),32,273710,273710,273710,273710,273710,273710,273710,273710,273710,273710,270800,270800,270800,270800,270800,270800,270800,270800,0,0,0,0,0,0,0,0,0,0,0,0,0
7351231,G.SKILL DDR4-3200 CL16 TRIDENT Z ROYAL 골드 패키지,G.SKILL TRIDENT Z ROYAL 골드 패키지,DDR4,3200,CL16,32GB(16GX2),32,0,0,0,0,0,0,0,0,0,0,0,0,0,0,0,0,0,0,270800,270800,270800,270800,270800,270800,270800,0,0,0,0,0,0
7029724,G.SKILL DDR4-3200 CL16 TRIDENT Z ROYAL 골드 패키지,G.SKILL TRIDENT Z ROYAL 골드 패키지,DDR4,3200,CL16,16GB(8GX2),16,0,0,0,0,0,0,0,0,0,0,0,0,0,0,0,0,0,0,0,0,0,0,0,0,0,0,0,0,0,0,116240
7030408,G.SKILL DDR4-3200 CL16 TRIDENT Z ROYAL 실버 패키지,G.SKILL TRIDENT Z ROYAL 실버 패키지,DDR4,3200,CL16,32GB(16GX2),32,182400,194000,194000,194000,194000,194000,194000,194000,194000,194000,194000,194000,194000,193990,193990,193990,224000,223990,223990,223990,223990,224000,224000,217280,217280,217280,224000,224000,224000,215504,215504
7030408,G.SKILL DDR4-3200 CL16 TRIDENT Z ROYAL 실버 패키지,G.SKILL TRIDENT Z ROYAL 실버 패키지,DDR4,3200,CL16,16GB(8GX2),16,203770,203770,203770,203770,203770,203770,203770,203770,203770,203770,201600,201600,201600,201600,201600,201600,201600,201600,201600,201600,201600,201600,201600,201600,201600,0,0,0,0,0,226500
3717286,G.SKILL DDR4-3200 CL16 TRIDENT Z 패키지,G.SKILL TRIDENT Z 패키지,DDR4,3200,CL16,32GB(16GX2),32,144900,147250,155000,155000,155000,155000,155000,155000,155000,155000,155000,155000,155000,154990,154990,154990,186960,177650,177650,177650,186960,186960,183130,183130,183130,183130,183130,183130,183130,179890,222110
3717286,G.SKILL DDR4-3200 CL16 TRIDENT Z 패키지,G.SKILL TRIDENT Z 패키지,DDR4,3200,CL16,16GB(8GX2),16,89000,84550,89000,89000,89000,89000,89000,89000,88990,88990,88990,88990,88990,75000,88920,88800,105000,104900,104780,104660,104570,104990,104990,104990,104990,104990,104990,104990,104990,100998,100998
4589367,G.SKILL DDR4-3200 CL16 TRIDENT ZKW 패키지,G.SKILL TRIDENT ZKW 패키지,DDR4,3200,CL16,32GB(16GX2),32,154990,154990,0,0,0,0,0,0,0,154990,154990,154990,154990,155000,0,0,0,0,0,0,0,0,0,0,0,0,0,0,179390,179390,179390
4589367,G.SKILL DDR4-3200 CL16 TRIDENT ZKW 패키지,G.SKILL TRIDENT ZKW 패키지,DDR4,3200,CL16,16GB(8GX2),16,79900,84550,0,0,0,0,0,0,0,89000,89000,89000,89000,89000,0,0,0,0,0,0,0,0,0,0,0,0,0,0,103620,100998,100998
4589107,G.SKILL DDR4-3200 CL16 TRIDENT ZKW 패키지,G.SKILL TRIDENT ZKW 패키지,DDR4,3200,CL16,32GB(16GX2),32,0,0,154990,154990,154990,154990,154990,154990,154990,0,0,0,0,0,0,0,0,187000,187000,187000,155000,155000,179400,179400,179390,179390,179390,179390,0,0,0
4589107,G.SKILL DDR4-3200 CL16 TRIDENT ZKW 패키지,G.SKILL TRIDENT ZKW 패키지,DDR4,3200,CL16,16GB(8GX2),16,0,0,89000,89000,89000,89000,89000,89000,89000,0,0,0,0,0,89000,89000,105000,105000,105000,105000,100320,97800,97870,97870,97870,97870,97870,97870,0,0,0
4589170,G.SKILL DDR4-3200 CL16 TRIDENT ZSK 패키지,G.SKILL TRIDENT ZSK 패키지,DDR4,3200,CL16,32GB(16GX2),32,144900,154990,154990,154990,154990,154990,154990,154990,154990,154990,154990,154990,154990,0,165590,165590,165590,167270,167270,167270,179400,179400,0,0,0,0,181770,0,0,193210,0
4589170,G.SKILL DDR4-3200 CL16 TRIDENT ZSK 패키지,G.SKILL TRIDENT ZSK 패키지,DDR4,3200,CL16,16GB(8GX2),16,89000,89000,89000,89000,89000,89000,89000,89000,89000,89000,89000,89000,89000,0,89000,89000,105000,105000,105000,105000,96500,96500,0,0,0,0,95800,95800,95800,97870,0
4589425,G.SKILL DDR4-3200 CL16 TRIDENT ZSK 패키지,G.SKILL TRIDENT ZSK 패키지,DDR4,3200,CL16,32GB(16GX2),32,0,0,0,0,0,0,0,0,0,0,0,0,0,154890,0,0,0,0,0,0,0,0,179400,179400,179390,179390,0,0,0,0,193210
4589425,G.SKILL DDR4-3200 CL16 TRIDENT ZSK 패키지,G.SKILL TRIDENT ZSK 패키지,DDR4,3200,CL16,16GB(8GX2),16,0,0,0,0,0,0,0,0,0,0,0,0,0,89000,0,0,0,0,0,0,0,0,95830,95830,95820,95820,0,0,0,0,0
4244267,G.SKILL DDR4-3200 CL16 TRIDENT ZSW 패키지,G.SKILL TRIDENT ZSW 패키지,DDR4,3200,CL16,32GB(16GX2),32,154990,154990,154990,154990,154990,155000,155000,155000,154990,154990,154990,154990,154990,154950,0,0,147500,0,0,0,182740,182740,181010,181010,181010,181010,181000,181000,187000,0,0
4244267,G.SKILL DDR4-3200 CL16 TRIDENT ZSW 패키지,G.SKILL TRIDENT ZSW 패키지,DDR4,3200,CL16,16GB(8GX2),16,79900,89000,89000,89000,89000,89000,89000,89000,89000,89000,89000,89000,89000,89000,0,0,105000,105000,105000,105000,96500,96500,95830,95830,95820,95820,95800,95800,95820,0,0
4589455,G.SKILL DDR4-3200 CL16 TRIDENT ZSW 패키지,G.SKILL TRIDENT ZSW 패키지,DDR4,3200,CL16,32GB(16GX2),32,0,0,0,0,0,0,0,0,0,0,0,0,0,0,154880,154850,0,0,0,0,0,0,0,0,0,0,0,0,0,187000,187000
4589455,G.SKILL DDR4-3200 CL16 TRIDENT ZSW 패키지,G.SKILL TRIDENT ZSW 패키지,DDR4,3200,CL16,16GB(8GX2),16,0,0,0,0,0,0,0,0,0,0,0,0,0,0,89000,89000,0,0,0,0,0,0,0,0,0,0,0,0,0,105000,105000
14586686,G.SKILL DDR4-3600 CL14 TRIDENT Z ROYAL ELITE 골드 패키지,G.SKILL TRIDENT Z ROYAL ELITE 골드 패키지,DDR4,3600,CL14,16GB(8GX2),16,0,0,199000,199000,199000,199000,199000,199000,199000,199000,199000,199000,199000,0,0,0,0,0,0,0,0,0,0,0,0,0,0,0,0,0,0
12947324,G.SKILL DDR4-3600 CL14 TRIDENT Z ROYAL 골드 패키지,G.SKILL TRIDENT Z ROYAL 골드 패키지,DDR4,3600,CL14,64GB(16GX4),64,1113000,1113000,1113000,1113000,1113000,1113000,1113000,1113000,1113000,1113000,1113000,1113000,1113000,1113000,1113000,1113000,1113000,1113000,1113000,1113000,1113000,1113000,1113000,1113000,1113000,1113000,1113000,1113000,1113000,1113000,1113000
9480405,G.SKILL DDR4-3600 CL16 TRIDENT Z NEO C 패키지,G.SKILL TRIDENT Z NEO C 패키지,DDR4,3600,CL16,32GB(16GX2),32,183470,194000,194000,194000,194000,194000,194000,194000,194000,194000,194000,194000,194000,194000,0,0,0,219000,219000,0,0,0,194000,194000,219000,219000,219000,219000,219000,219000,219000
9480405,G.SKILL DDR4-3600 CL16 TRIDENT Z NEO C 패키지,G.SKILL TRIDENT Z NEO C 패키지,DDR4,3600,CL16,16GB(8GX2),16,100890,108990,108990,108990,108990,108990,108990,108990,108990,108990,108990,108990,108990,108950,0,0,0,117020,119980,0,0,0,120000,116390,116390,116390,116390,119990,119990,115430,115420
9470838,G.SKILL DDR4-3600 CL16 TRIDENT Z NEO C 패키지,G.SKILL TRIDENT Z NEO C 패키지,DDR4,3600,CL16,16GB(8GX2),16,0,0,0,0,0,0,0,0,0,0,0,0,0,0,108870,108750,109000,0,0,119860,119770,120000,0,0,0,0,0,0,0,0,0
9470838,G.SKILL DDR4-3600 CL16 TRIDENT Z NEO C 패키지,G.SKILL TRIDENT Z NEO C 패키지,DDR4,3600,CL16,32GB(16GX2),32,0,0,0,0,0,0,0,0,0,0,0,0,0,0,0,0,0,0,0,219000,219000,219000,0,0,0,0,0,0,0,0,0
9596238,G.SKILL DDR4-3600 CL16 TRIDENT Z ROYAL C 실버 패키지,G.SKILL TRIDENT Z ROYAL C 실버 패키지,DDR4,3600,CL16,32GB(16GX2),32,224000,212800,224000,224000,224000,224000,224000,224000,224000,224000,224000,224000,224000,223990,223990,223990,249000,248990,248990,248990,248990,249000,249000,249000,249000,249000,249000,249000,249000,0,239545
9596238,G.SKILL DDR4-3600 CL16 TRIDENT Z ROYAL C 실버 패키지,G.SKILL TRIDENT Z ROYAL C 실버 패키지,DDR4,3600,CL16,16GB(8GX2),16,155390,155390,155390,155390,155390,155390,155390,155390,155390,155390,155390,155390,155390,153210,153210,153210,153210,153210,153210,153210,109040,109040,111640,111640,111630,111630,111600,111600,111600,0,107448
9595998,G.SKILL DDR4-3600 CL16 TRIDENT Z ROYAL C 실버 패키지,G.SKILL TRIDENT Z ROYAL C 실버 패키지,DDR4,3600,CL16,32GB(16GX2),32,0,0,0,0,0,0,0,0,0,0,0,0,0,0,0,0,0,0,0,0,0,0,0,0,0,0,0,0,0,249000,0
9595998,G.SKILL DDR4-3600 CL16 TRIDENT Z ROYAL C 실버 패키지,G.SKILL TRIDENT Z ROYAL C 실버 패키지,DDR4,3600,CL16,16GB(8GX2),16,0,0,0,0,0,0,0,0,0,0,0,0,0,0,0,0,0,0,0,0,0,0,0,0,0,0,0,0,0,107448,0
14601365,G.SKILL DDR4-3600 CL16 TRIDENT Z ROYAL ELITE 골드 패키지,G.SKILL TRIDENT Z ROYAL ELITE 골드 패키지,DDR4,3600,CL16,16GB(8GX2),16,108960,108960,108960,108960,108960,108960,108960,108960,108960,108960,108960,108960,108960,108960,108960,108960,108960,108960,108960,108960,108960,108960,108960,108960,108960,108960,108900,108900,108900,107448,107448
7351492,G.SKILL DDR4-3600 CL16 TRIDENT Z ROYAL 실버 패키지,G.SKILL TRIDENT Z ROYAL 실버 패키지,DDR4,3600,CL16,32GB(8GX4),32,737800,737800,737800,737800,737800,737800,737800,737800,737800,737800,737800,737800,737800,737800,737800,737800,737800,737800,737800,737800,737800,737800,737800,737800,0,0,0,0,0,0,0
6169428,G.SKILL DDR4-3600 CL17 TRIDENT Z RGB 패키지,G.SKILL TRIDENT Z RGB 패키지,DDR4,3600,CL17,128GB(16GX8),128,0,0,0,0,0,0,0,0,0,0,0,0,0,0,0,0,0,435510,0,0,0,0,0,0,0,0,0,0,0,0,0
7030165,G.SKILL DDR4-3600 CL17 TRIDENT Z ROYAL 실버 패키지,G.SKILL TRIDENT Z ROYAL 실버 패키지,DDR4,3600,CL17,16GB(8GX2),16,175400,175400,175400,175400,175400,175400,175400,175400,175400,175400,175400,175400,175400,175400,175400,175400,175400,175400,175400,175400,175400,175400,175400,175400,0,0,0,0,0,0,0
11044479,G.SKILL DDR4-3600 CL18 TRIDENT Z NEO 패키지,G.SKILL TRIDENT Z NEO 패키지,DDR4,3600,CL18,128GB(32GX4),128,539550,560000,560000,560000,560000,560000,560000,560000,560000,0,0,0,0,0,559990,559990,697990,687980,688000,688000,0,0,0,665480,665470,665470,665400,0,0,0,0
11044479,G.SKILL DDR4-3600 CL18 TRIDENT Z NEO 패키지,G.SKILL TRIDENT Z NEO 패키지,DDR4,3600,CL18,32GB(16GX2),32,157000,164990,164990,164990,164990,164990,164990,164990,164990,0,0,0,0,0,0,0,0,0,0,0,0,0,0,0,0,0,0,0,0,0,0
11044479,G.SKILL DDR4-3600 CL18 TRIDENT Z NEO 패키지,G.SKILL TRIDENT Z NEO 패키지,DDR4,3600,CL18,16GB(8GX2),16,100000,100000,100000,100000,100000,100000,100000,100000,100000,0,0,0,0,0,100000,100000,114990,112320,112320,112320,0,0,0,112320,115000,115000,115000,0,0,0,0
11431392,G.SKILL DDR4-3600 CL18 TRIDENT Z NEO 패키지,G.SKILL TRIDENT Z NEO 패키지,DDR4,3600,CL18,128GB(32GX4),128,0,0,0,0,0,0,0,0,0,560000,560000,560000,560000,559990,0,0,0,0,0,0,0,0,0,0,0,0,0,665400,665400,665400,665390
11431392,G.SKILL DDR4-3600 CL18 TRIDENT Z NEO 패키지,G.SKILL TRIDENT Z NEO 패키지,DDR4,3600,CL18,32GB(16GX2),32,0,0,0,0,0,0,0,0,0,164990,164990,164990,165000,165000,0,0,0,0,0,0,0,0,0,0,0,0,0,199000,199000,199000,199000
11431392,G.SKILL DDR4-3600 CL18 TRIDENT Z NEO 패키지,G.SKILL TRIDENT Z NEO 패키지,DDR4,3600,CL18,16GB(8GX2),16,0,0,0,0,0,0,0,0,0,100000,100000,100000,100000,100000,0,0,0,0,0,0,0,0,0,0,0,0,0,115000,115000,115000,110616
11044452,G.SKILL DDR4-3600 CL18 TRIDENT Z NEO 패키지,G.SKILL TRIDENT Z NEO 패키지,DDR4,3600,CL18,128GB(32GX4),128,0,0,0,0,0,0,0,0,0,0,0,0,0,0,0,0,0,0,0,0,665480,665480,665480,0,0,0,0,0,0,0,0
11044452,G.SKILL DDR4-3600 CL18 TRIDENT Z NEO 패키지,G.SKILL TRIDENT Z NEO 패키지,DDR4,3600,CL18,64GB(32GX2),64,0,0,0,0,0,0,0,0,0,0,0,0,0,0,0,0,0,0,0,0,349470,349470,333300,0,0,0,0,0,0,0,0
11044452,G.SKILL DDR4-3600 CL18 TRIDENT Z NEO 패키지,G.SKILL TRIDENT Z NEO 패키지,DDR4,3600,CL18,16GB(8GX2),16,0,0,0,0,0,0,0,0,0,0,0,0,0,0,0,0,0,0,0,0,112320,112320,112320,0,0,0,0,0,0,0,0
11431083,G.SKILL DDR4-3600 CL18 TRIDENT Z RGB 패키지,G.SKILL TRIDENT Z RGB 패키지,DDR4,3600,CL18,32GB(16GX2),32,154500,152000,157580,157580,157580,157580,157580,157580,157580,157580,0,0,0,169640,161900,0,194000,194000,194000,194000,194000,194000,194000,194000,194000,194000,194000,194000,194000,194000,194000
11431083,G.SKILL DDR4-3600 CL18 TRIDENT Z RGB 패키지,G.SKILL TRIDENT Z RGB 패키지,DDR4,3600,CL18,16GB(8GX2),16,87300,90250,90500,90500,90500,90500,90500,90500,90500,90500,0,0,0,90500,90500,0,97500,97500,97500,97500,97500,97500,110000,109990,109990,109990,109990,109990,109990,105812,105812
11431059,G.SKILL DDR4-3600 CL18 TRIDENT Z RGB 패키지,G.SKILL TRIDENT Z RGB 패키지,DDR4,3600,CL18,16GB(8GX2),16,0,0,0,0,0,0,0,0,0,0,90500,90500,90500,0,0,94940,0,0,0,0,0,0,0,0,0,0,0,0,0,0,0
18271148,G.SKILL DDR4-3600 CL18 TRIDENT Z RGB 패키지 (해외구매),G.SKILL TRIDENT Z RGB 패키지 (해외구매),DDR4,3600,CL18,32GB(16GX2),32,139660,139660,139660,139660,139660,139660,139660,139660,139660,139660,139660,139660,139660,139660,139660,139660,139660,139660,139660,139660,139660,139660,139660,139660,139660,139660,139660,139660,139660,139660,139660
18271148,G.SKILL DDR4-3600 CL18 TRIDENT Z RGB 패키지 (해외구매),G.SKILL TRIDENT Z RGB 패키지 (해외구매),DDR4,3600,CL18,16GB(8GX2),16,109500,109500,109500,109500,109500,109500,109500,109500,109500,109500,109500,109500,109500,109500,109500,109500,109500,109500,109500,109500,109500,110790,110790,107480,107470,107470,110790,110790,110790,110790,110790
7029817,G.SKILL DDR4-3600 CL18 TRIDENT Z ROYAL 골드 패키지,G.SKILL TRIDENT Z ROYAL 골드 패키지,DDR4,3600,CL18,16GB(8GX2),16,0,0,0,0,0,0,0,0,0,0,0,0,0,0,0,0,0,0,0,0,103850,103850,104760,104760,104750,104750,104700,104700,104700,102327,102300
11431746,G.SKILL DDR4-3600 CL18 TRIDENT Z ROYAL 실버 패키지,G.SKILL TRIDENT Z ROYAL 실버 패키지,DDR4,3600,CL18,32GB(16GX2),32,185900,185250,195000,195000,195000,195000,195000,195000,195000,195000,195000,195000,195000,195000,195000,195000,224000,224000,224000,224000,224000,224000,224000,224000,224000,224000,224000,224000,224000,216419,216419
11431746,G.SKILL DDR4-3600 CL18 TRIDENT Z ROYAL 실버 패키지,G.SKILL TRIDENT Z ROYAL 실버 패키지,DDR4,3600,CL18,16GB(8GX2),16,168500,168500,168500,168500,168500,168500,168500,168500,168500,168500,168500,168500,168500,167790,167790,164570,164570,161360,160650,160650,107520,107520,107520,107520,107190,107190,107000,106990,106990,102327,102320
14601827,G.SKILL DDR4-4000 CL16 TRIDENT Z ROYAL ELITE 실버 패키지,G.SKILL TRIDENT Z ROYAL ELITE 실버 패키지,DDR4,4000,CL16,32GB(16GX2),32,599390,599390,599390,599390,599390,599390,599390,599390,599390,599390,599390,599390,599390,599390,599390,599390,599390,599390,599390,599390,599390,599390,599390,599390,599390,599390,599390,599390,599390,599390,599390
15792911,G.SKILL DDR4-4000 CL18 TRIDENT Z RGB 패키지,G.SKILL TRIDENT Z RGB 패키지,DDR4,4000,CL18,32GB(16GX2),32,178990,178990,178990,178990,178990,178990,178990,178990,178990,178990,178990,178990,178990,178950,178870,178750,219000,218990,218990,218990,218990,219000,219000,219000,219000,219000,219000,219000,219000,210690,210690
15792911,G.SKILL DDR4-4000 CL18 TRIDENT Z RGB 패키지,G.SKILL TRIDENT Z RGB 패키지,DDR4,4000,CL18,16GB(8GX2),16,70680,70680,70680,70680,70680,70680,70680,70680,70680,70680,70680,70680,70680,70680,70680,70680,70680,70680,70680,70680,70680,70680,0,0,0,0,0,0,0,0,0
15794468,G.SKILL DDR4-4000 CL18 TRIDENT Z ROYAL 실버 패키지,G.SKILL TRIDENT Z ROYAL 실버 패키지,DDR4,4000,CL18,32GB(16GX2),32,199000,199000,199000,199000,199000,199000,199000,199000,199000,199000,224000,224000,224000,224000,224000,224000,249000,249000,249000,249000,223670,223670,223590,223590,223580,223580,223580,223580,223580,214888,214888
40022714,G.SKILL DDR5-5200 CL36 FLARE X5 J 패키지,G.SKILL FLARE X5 J 패키지,DDR5,5200,CL36,64GB(32GX2),64,0,0,0,0,0,0,0,0,0,0,0,0,0,0,417210,417210,417210,417210,417210,417210,0,417210,488610,488610,488610,488610,488610,488610,570210,570210,0
40022612,G.SKILL DDR5-5200 CL36 FLARE X5 J 패키지,G.SKILL FLARE X5 J 패키지,DDR5,5200,CL36,64GB(32GX2),64,0,0,0,0,0,0,0,0,0,0,0,0,0,0,0,0,0,0,0,0,417210,0,0,0,0,0,0,0,0,0,0
40022612,G.SKILL DDR5-5200 CL36 FLARE X5 J 패키지,G.SKILL FLARE X5 J 패키지,DDR5,5200,CL36,32GB(16GX2),32,0,0,0,0,0,0,0,0,0,0,0,0,0,0,0,0,0,0,0,0,158300,0,0,0,0,0,0,0,0,0,0
54102995,G.SKILL DDR5-5200 CL40 FLARE X5 J 패키지,G.SKILL FLARE X5 J 패키지,DDR5,5200,CL40,96GB(48GX2),96,396600,0,0,0,0,0,0,0,0,0,0,0,0,0,479000,479000,479000,449000,449000,449000,449000,449000,0,598990,598990,598990,598990,599000,798990,798990,798990
54102995,G.SKILL DDR5-5200 CL40 FLARE X5 J 패키지,G.SKILL FLARE X5 J 패키지,DDR5,5200,CL40,48GB(24GX2),48,0,0,0,0,0,0,0,0,0,0,0,0,0,0,0,0,0,0,0,0,211000,211000,0,0,0,0,0,0,0,0,0
54102935,G.SKILL DDR5-5200 CL40 FLARE X5 J 패키지,G.SKILL FLARE X5 J 패키지,DDR5,5200,CL40,96GB(48GX2),96,0,0,0,0,0,0,0,0,0,0,0,0,0,0,0,0,0,0,0,0,0,0,599000,0,0,0,0,0,0,0,0
54102935,G.SKILL DDR5-5200 CL40 FLARE X5 J 패키지,G.SKILL FLARE X5 J 패키지,DDR5,5200,CL40,48GB(24GX2),48,0,0,0,0,0,0,0,0,0,0,0,0,0,0,0,0,0,0,0,0,0,0,211000,0,0,0,0,0,0,0,0
56151416,G.SKILL DDR5-5200 CL40 RIPJAWS M5 RGB 블랙 패키지,G.SKILL RIPJAWS M5 RGB 블랙 패키지,DDR5,5200,CL40,64GB(32GX2),64,328990,328990,328990,328990,328990,328990,328990,328990,328990,328990,328990,328990,328990,328950,328870,409000,408900,408780,408660,408540,408450,408990,408990,456480,509000,509000,509000,508990,508990,568990,568990
56151416,G.SKILL DDR5-5200 CL40 RIPJAWS M5 RGB 블랙 패키지,G.SKILL RIPJAWS M5 RGB 블랙 패키지,DDR5,5200,CL40,32GB(16GX2),32,179000,170050,179000,179000,179000,179000,179000,179000,179000,179000,179000,179000,179000,179000,179000,179000,219000,219000,219000,219000,219000,219000,219000,269000,268500,268500,268500,268990,268990,308980,309000
56151509,G.SKILL DDR5-5200 CL40 RIPJAWS M5 RGB 화이트 패키지,G.SKILL RIPJAWS M5 RGB 화이트 패키지,DDR5,5200,CL40,64GB(32GX2),64,299000,299000,0,0,0,0,0,0,0,299000,299000,299000,299000,299000,299000,398510,398510,398510,398510,398510,398510,398510,0,0,0,0,0,0,501900,561000,561000
56151509,G.SKILL DDR5-5200 CL40 RIPJAWS M5 RGB 화이트 패키지,G.SKILL RIPJAWS M5 RGB 화이트 패키지,DDR5,5200,CL40,32GB(16GX2),32,179000,170050,0,0,0,0,0,0,0,179000,179000,179000,179000,179000,179000,219000,219000,219000,219000,219000,219000,219000,0,0,0,0,0,0,271500,311500,311500
56151521,G.SKILL DDR5-5200 CL40 RIPJAWS M5 RGB 화이트 패키지,G.SKILL RIPJAWS M5 RGB 화이트 패키지,DDR5,5200,CL40,64GB(32GX2),64,0,0,299000,299000,299000,299000,299000,299000,299000,0,0,0,0,0,0,0,0,0,0,0,0,0,408990,495930,495930,495930,495930,495930,0,0,0
56151521,G.SKILL DDR5-5200 CL40 RIPJAWS M5 RGB 화이트 패키지,G.SKILL RIPJAWS M5 RGB 화이트 패키지,DDR5,5200,CL40,32GB(16GX2),32,0,0,179000,179000,179000,179000,179000,179000,179000,0,0,0,0,0,0,0,0,0,0,0,0,0,219000,269000,269000,269000,269000,268990,0,0,0
54103169,G.SKILL DDR5-5200 CL40 RIPJAWS S5 J 블랙 패키지,G.SKILL RIPJAWS S5 J 블랙 패키지,DDR5,5200,CL40,96GB(48GX2),96,418990,418990,418990,0,418990,418990,418990,418990,418990,418990,0,0,0,418950,418870,479000,478900,478780,478660,478540,0,0,0,0,0,0,0,0,598990,798980,798980
54103169,G.SKILL DDR5-5200 CL40 RIPJAWS S5 J 블랙 패키지,G.SKILL RIPJAWS S5 J 블랙 패키지,DDR5,5200,CL40,64GB(32GX2),64,313990,298300,313990,0,313990,313990,313990,313990,313990,313990,0,0,0,313950,313870,350400,398970,398880,398760,398640,0,0,0,0,0,0,0,0,488990,559000,558990
54103169,G.SKILL DDR5-5200 CL40 RIPJAWS S5 J 블랙 패키지,G.SKILL RIPJAWS S5 J 블랙 패키지,DDR5,5200,CL40,32GB(16GX2),32,169000,169000,169000,0,169000,169000,169000,169000,169000,169000,0,0,0,169000,169000,188640,188640,188640,188640,188640,0,0,0,0,0,0,0,0,261500,301500,301500
54103109,G.SKILL DDR5-5200 CL40 RIPJAWS S5 J 블랙 패키지,G.SKILL RIPJAWS S5 J 블랙 패키지,DDR5,5200,CL40,96GB(48GX2),96,0,0,0,418990,0,0,0,0,0,0,418990,418990,418990,0,0,0,0,0,0,0,478450,478990,0,0,599000,599000,599000,0,0,0,0
54103109,G.SKILL DDR5-5200 CL40 RIPJAWS S5 J 블랙 패키지,G.SKILL RIPJAWS S5 J 블랙 패키지,DDR5,5200,CL40,64GB(32GX2),64,0,0,0,313990,0,0,0,0,0,0,313990,313990,313990,0,0,0,0,0,0,0,398550,398990,0,0,489000,489000,489000,0,0,0,0
54103109,G.SKILL DDR5-5200 CL40 RIPJAWS S5 J 블랙 패키지,G.SKILL RIPJAWS S5 J 블랙 패키지,DDR5,5200,CL40,32GB(16GX2),32,0,0,0,169000,0,0,0,0,0,0,169000,169000,169000,0,0,0,0,0,0,0,203650,203650,0,0,252360,252360,252360,0,0,0,0
54103163,G.SKILL DDR5-5200 CL40 RIPJAWS S5 J 블랙 패키지,G.SKILL RIPJAWS S5 J 블랙 패키지,DDR5,5200,CL40,96GB(48GX2),96,0,0,0,0,0,0,0,0,0,0,0,0,0,0,0,0,0,0,0,0,0,0,478990,534600,0,0,0,598990,0,0,0
54103163,G.SKILL DDR5-5200 CL40 RIPJAWS S5 J 블랙 패키지,G.SKILL RIPJAWS S5 J 블랙 패키지,DDR5,5200,CL40,64GB(32GX2),64,0,0,0,0,0,0,0,0,0,0,0,0,0,0,0,0,0,0,0,0,0,0,398990,489000,0,0,0,488990,0,0,0
54103163,G.SKILL DDR5-5200 CL40 RIPJAWS S5 J 블랙 패키지,G.SKILL RIPJAWS S5 J 블랙 패키지,DDR5,5200,CL40,32GB(16GX2),32,0,0,0,0,0,0,0,0,0,0,0,0,0,0,0,0,0,0,0,0,0,0,209000,252360,0,0,0,259000,0,0,0
54103175,G.SKILL DDR5-5200 CL40 RIPJAWS S5 J 화이트 패키지,G.SKILL RIPJAWS S5 J 화이트 패키지,DDR5,5200,CL40,96GB(48GX2),96,418990,418990,418990,418990,418990,418990,418990,418990,418990,418990,418990,418990,418990,418950,418870,479000,478900,478780,478660,478540,478450,478990,478990,534600,599000,599000,599000,0,598990,798990,798980
54103175,G.SKILL DDR5-5200 CL40 RIPJAWS S5 J 화이트 패키지,G.SKILL RIPJAWS S5 J 화이트 패키지,DDR5,5200,CL40,32GB(16GX2),32,169000,160550,169000,169000,169000,169000,169000,169000,169000,169000,169000,169000,169000,169000,169000,186790,186790,186790,186790,186790,209000,209000,209000,259000,259000,259000,259000,0,261500,301500,301500
54103232,G.SKILL DDR5-5200 CL40 RIPJAWS S5 J 화이트 패키지,G.SKILL RIPJAWS S5 J 화이트 패키지,DDR5,5200,CL40,96GB(48GX2),96,0,0,0,0,0,0,0,0,0,0,0,0,0,0,0,0,0,0,0,0,0,0,0,0,0,0,0,598990,0,0,0
54103232,G.SKILL DDR5-5200 CL40 RIPJAWS S5 J 화이트 패키지,G.SKILL RIPJAWS S5 J 화이트 패키지,DDR5,5200,CL40,32GB(16GX2),32,0,0,0,0,0,0,0,0,0,0,0,0,0,0,0,0,0,0,0,0,0,0,0,0,0,0,0,259000,0,0,0
54103295,G.SKILL DDR5-5200 CL40 TRIDENT Z5 RGB J 실버 패키지,G.SKILL TRIDENT Z5 RGB J 실버 패키지,DDR5,5200,CL40,32GB(16GX2),32,189000,179550,189000,189000,189000,189000,189000,189000,189000,189000,189000,189000,189000,189000,189000,189000,229000,229000,229000,229000,229000,229000,229000,279000,278500,279000,279000,278990,278990,318980,319000
54103277,G.SKILL DDR5-5200 CL40 TRIDENT Z5 RGB J 패키지,G.SKILL TRIDENT Z5 RGB J 패키지,DDR5,5200,CL40,32GB(16GX2),32,189000,179550,189000,189000,189000,189000,189000,189000,189000,189000,189000,189000,189000,189000,189000,189000,229000,229000,229000,229000,229000,229000,229000,279000,279000,279000,279000,278990,278990,318980,318990
56151557,G.SKILL DDR5-5600 CL30 RIPJAWS M5 RGB 블랙 패키지,G.SKILL RIPJAWS M5 RGB 블랙 패키지,DDR5,5600,CL30,64GB(32GX2),64,333910,333910,333910,333910,333910,333910,333910,333910,333910,333910,0,0,0,0,0,333910,375100,343680,343680,343680,343680,343680,343680,0,0,0,0,0,0,0,0
56151557,G.SKILL DDR5-5600 CL30 RIPJAWS M5 RGB 블랙 패키지,G.SKILL RIPJAWS M5 RGB 블랙 패키지,DDR5,5600,CL30,32GB(16GX2),32,171350,171350,171350,171350,171350,171350,171350,171350,171350,171350,0,0,0,0,0,171350,0,0,0,0,0,0,0,0,0,0,0,0,0,0,0
56151560,G.SKILL DDR5-5600 CL30 RIPJAWS M5 RGB 블랙 패키지,G.SKILL RIPJAWS M5 RGB 블랙 패키지,DDR5,5600,CL30,64GB(32GX2),64,0,0,0,0,0,0,0,0,0,0,333910,333910,333910,333910,333910,0,0,0,0,0,0,0,0,0,0,0,0,0,0,0,0
56151560,G.SKILL DDR5-5600 CL30 RIPJAWS M5 RGB 블랙 패키지,G.SKILL RIPJAWS M5 RGB 블랙 패키지,DDR5,5600,CL30,32GB(16GX2),32,0,0,0,0,0,0,0,0,0,0,171350,171350,171350,171350,171350,0,0,0,0,0,0,0,0,0,0,0,0,0,0,0,0
56151722,G.SKILL DDR5-5600 CL30 RIPJAWS M5 RGB 화이트 패키지,G.SKILL RIPJAWS M5 RGB 화이트 패키지,DDR5,5600,CL30,64GB(32GX2),64,339000,339000,339000,339000,339000,339000,339000,339000,339000,339000,339000,339000,339000,339000,0,0,0,0,0,0,0,0,0,0,0,0,0,0,0,0,0
56151722,G.SKILL DDR5-5600 CL30 RIPJAWS M5 RGB 화이트 패키지,G.SKILL RIPJAWS M5 RGB 화이트 패키지,DDR5,5600,CL30,32GB(16GX2),32,171350,171350,171350,171350,171350,171350,171350,171350,171350,171350,171350,171350,176370,176370,0,0,0,0,0,0,0,0,0,0,0,0,0,0,0,0,0
56151710,G.SKILL DDR5-5600 CL30 RIPJAWS M5 RGB 화이트 패키지,G.SKILL RIPJAWS M5 RGB 화이트 패키지,DDR5,5600,CL30,64GB(32GX2),64,0,0,0,0,0,0,0,0,0,0,0,0,0,0,339000,341500,375100,375100,375100,0,339000,378000,0,0,0,0,0,0,0,0,0
56151710,G.SKILL DDR5-5600 CL30 RIPJAWS M5 RGB 화이트 패키지,G.SKILL RIPJAWS M5 RGB 화이트 패키지,DDR5,5600,CL30,32GB(16GX2),32,0,0,0,0,0,0,0,0,0,0,0,0,0,0,0,0,0,0,0,0,193510,193510,0,0,0,0,0,0,0,0,0
17138720,G.SKILL DDR5-5600 CL30 RIPJAWS S5 J 블랙 패키지,G.SKILL RIPJAWS S5 J 블랙 패키지,DDR5,5600,CL30,64GB(32GX2),64,381500,381500,381500,381500,381500,381500,0,0,0,0,0,0,0,0,0,0,0,0,0,0,0,0,0,0,0,0,0,0,0,0,0
17138720,G.SKILL DDR5-5600 CL30 RIPJAWS S5 J 블랙 패키지,G.SKILL RIPJAWS S5 J 블랙 패키지,DDR5,5600,CL30,32GB(16GX2),32,202600,202600,202600,202600,202600,202600,0,0,0,0,0,0,0,209400,209400,209400,209400,209400,209400,209400,209400,209400,377200,0,0,0,0,377200,377200,377200,377200
16875566,G.SKILL DDR5-5600 CL30 RIPJAWS S5 J 블랙 패키지,G.SKILL RIPJAWS S5 J 블랙 패키지,DDR5,5600,CL30,64GB(32GX2),64,0,0,0,0,0,0,381500,381500,381500,381500,381500,381500,381500,0,0,0,0,0,0,0,0,0,0,0,0,0,0,0,0,0,0
16875566,G.SKILL DDR5-5600 CL30 RIPJAWS S5 J 블랙 패키지,G.SKILL RIPJAWS S5 J 블랙 패키지,DDR5,5600,CL30,32GB(16GX2),32,0,0,0,0,0,0,202600,202600,202600,202600,202600,202600,202600,0,0,0,0,0,0,0,0,0,0,0,0,0,0,0,0,0,0
16875797,G.SKILL DDR5-5600 CL30 RIPJAWS S5 J 화이트 패키지,G.SKILL RIPJAWS S5 J 화이트 패키지,DDR5,5600,CL30,64GB(32GX2),64,331500,331500,331500,331500,331500,331500,331500,331500,331500,331500,331500,331500,365510,365510,365510,365510,365510,365510,365510,365510,365510,365510,365510,0,0,0,0,0,0,0,0
16875797,G.SKILL DDR5-5600 CL30 RIPJAWS S5 J 화이트 패키지,G.SKILL RIPJAWS S5 J 화이트 패키지,DDR5,5600,CL30,32GB(16GX2),32,0,0,0,0,0,0,0,0,0,0,0,0,0,0,0,0,0,0,0,0,189900,194400,0,0,0,0,0,0,0,0,0
17139083,G.SKILL DDR5-5600 CL30 TRIDENT Z5 RGB J 패키지,G.SKILL TRIDENT Z5 RGB J 패키지,DDR5,5600,CL30,32GB(16GX2),32,186500,186500,186500,186500,186500,186500,186500,186500,186500,186500,186500,186500,186500,186500,186500,186500,186500,186500,186500,0,0,0,0,0,0,0,0,0,0,0,0
28241219,G.SKILL DDR5-5600 CL36 AEGIS 5,G.SKILL AEGIS 5,DDR5,5600,CL36,32GB,32,140000,152000,160000,160000,160000,160000,160000,160000,160000,160000,160000,160000,160000,160000,160000,192000,192000,192000,192000,192000,192000,194500,196200,192000,260000,260000,0,262500,332500,0,0
28241219,G.SKILL DDR5-5600 CL36 AEGIS 5,G.SKILL AEGIS 5,DDR5,5600,CL36,16GB,16,79990,80000,76500,76500,76500,76500,76500,76500,76500,76500,84900,84900,85990,85950,86000,100900,100820,100200,100200,100690,100580,100990,101000,134990,133300,133300,0,135000,170000,0,0
75656471,G.SKILL DDR5-5600 CL36 AEGIS 5,G.SKILL AEGIS 5,DDR5,5600,CL36,32GB,32,0,0,0,0,0,0,0,0,0,0,0,0,0,0,0,0,0,0,0,0,0,0,0,0,0,0,260000,0,0,332500,332500
75656471,G.SKILL DDR5-5600 CL36 AEGIS 5,G.SKILL AEGIS 5,DDR5,5600,CL36,16GB,16,0,0,0,0,0,0,0,0,0,0,0,0,0,0,0,0,0,0,0,0,0,0,0,0,0,0,135000,0,0,170000,170000
56151749,G.SKILL DDR5-5600 CL40 RIPJAWS M5 RGB 블랙 패키지,G.SKILL RIPJAWS M5 RGB 블랙 패키지,DDR5,5600,CL40,96GB(48GX2),96,559000,531050,559000,559000,559000,559000,559000,559000,559000,559000,559000,559000,559000,558990,558990,579000,578990,578990,578990,578990,578990,579000,579000,709000,709000,709000,709000,708990,708990,868990,868990
56151770,G.SKILL DDR5-5600 CL40 RIPJAWS M5 RGB 화이트 패키지,G.SKILL RIPJAWS M5 RGB 화이트 패키지,DDR5,5600,CL40,96GB(48GX2),96,499000,499000,499000,499000,499000,499000,499000,499000,499000,499000,499000,558990,558990,558890,558810,579000,549130,572490,572490,572490,572490,573800,573800,573800,573800,573800,573800,668950,668950,699000,699000
40551086,G.SKILL DDR5-5600 CL40 RIPJAWS S5 J 블랙 패키지,G.SKILL RIPJAWS S5 J 블랙 패키지,DDR5,5600,CL40,96GB(48GX2),96,528990,528990,528990,528990,528990,528990,528990,528990,528990,528990,528990,528990,528990,528950,528870,579000,578900,578780,578660,578540,578450,578990,578990,689000,689000,689000,689000,688990,688990,689000,689780
40551086,G.SKILL DDR5-5600 CL40 RIPJAWS S5 J 블랙 패키지,G.SKILL RIPJAWS S5 J 블랙 패키지,DDR5,5600,CL40,48GB(24GX2),48,0,0,399000,399000,399000,399000,399000,399000,399000,399000,399000,399000,399000,399000,399000,399000,399000,399000,399000,399000,399000,399000,399000,399000,399000,399000,399000,399000,399000,399000,399000
80151257,G.SKILL DDR5-6000 CL26 TRIDENT Z5 NEO RGB H 패키지,G.SKILL TRIDENT Z5 NEO RGB H 패키지,DDR5,6000,CL26,64GB(32GX2),64,668990,709000,708990,708990,708990,708990,708990,708990,708990,708990,708990,708990,708990,708950,0,758880,0,758640,758520,758400,758310,758990,0,0,758990,758990,758990,758990,848990,848990,848990
80151257,G.SKILL DDR5-6000 CL26 TRIDENT Z5 NEO RGB H 패키지,G.SKILL TRIDENT Z5 NEO RGB H 패키지,DDR5,6000,CL26,32GB(16GX2),32,359000,369550,389000,389000,389000,389000,389000,389000,389000,389000,389000,389000,389000,389000,0,419000,0,419000,419000,419000,419000,419000,0,0,449000,449000,449000,448990,488990,488990,488990
80151290,G.SKILL DDR5-6000 CL26 TRIDENT Z5 NEO RGB H 패키지,G.SKILL TRIDENT Z5 NEO RGB H 패키지,DDR5,6000,CL26,64GB(32GX2),64,0,0,0,0,0,0,0,0,0,0,0,0,0,0,758990,0,758760,0,0,0,0,0,758990,758990,0,0,0,0,0,0,0
80151290,G.SKILL DDR5-6000 CL26 TRIDENT Z5 NEO RGB H 패키지,G.SKILL TRIDENT Z5 NEO RGB H 패키지,DDR5,6000,CL26,32GB(16GX2),32,0,0,0,0,0,0,0,0,0,0,0,0,0,0,419000,0,419000,0,0,0,0,0,449000,449000,0,0,0,0,0,0,0
80151371,G.SKILL DDR5-6000 CL26 TRIDENT Z5 NEO RGB H 화이트 패키지,G.SKILL TRIDENT Z5 NEO RGB H 화이트 패키지,DDR5,6000,CL26,64GB(32GX2),64,668990,709000,708990,708990,708990,0,708990,708990,0,0,0,0,0,0,0,0,758860,758740,758620,758500,758410,758990,758990,758990,758990,758990,758990,758990,848990,848990,848990
80151371,G.SKILL DDR5-6000 CL26 TRIDENT Z5 NEO RGB H 화이트 패키지,G.SKILL TRIDENT Z5 NEO RGB H 화이트 패키지,DDR5,6000,CL26,32GB(16GX2),32,359000,369550,388990,388990,388990,0,388990,388990,0,0,0,0,0,0,0,0,418760,418640,418520,418400,418310,418990,448990,448990,448990,448990,448990,448990,488990,488990,488990
80151368,G.SKILL DDR5-6000 CL26 TRIDENT Z5 NEO RGB H 화이트 패키지,G.SKILL TRIDENT Z5 NEO RGB H 화이트 패키지,DDR5,6000,CL26,64GB(32GX2),64,0,0,0,0,0,708990,0,0,708990,708990,708990,708990,708990,708890,758990,758890,0,0,0,0,0,0,0,0,0,0,0,0,0,0,0
80151368,G.SKILL DDR5-6000 CL26 TRIDENT Z5 NEO RGB H 화이트 패키지,G.SKILL TRIDENT Z5 NEO RGB H 화이트 패키지,DDR5,6000,CL26,32GB(16GX2),32,0,0,0,0,0,388990,0,0,388990,388990,388990,388990,388990,388950,418990,418880,0,0,0,0,0,0,0,0,0,0,0,0,0,0,0
75656702,G.SKILL DDR5-6000 CL28 FLARE X5 J 패키지,G.SKILL FLARE X5 J 패키지,DDR5,6000,CL28,64GB(32GX2),64,468580,474050,498990,498990,498990,498990,498990,498990,498990,498990,498990,498990,498990,498950,538990,538890,538860,538740,538620,538500,538410,538990,0,0,0,0,0,0,0,0,0
75656702,G.SKILL DDR5-6000 CL28 FLARE X5 J 패키지,G.SKILL FLARE X5 J 패키지,DDR5,6000,CL28,32GB(16GX2),32,248990,255550,268990,268990,268990,268990,268990,268990,268990,268990,268990,268990,268990,268890,249000,249000,249000,249000,249000,249000,249000,249000,0,0,0,0,0,0,0,0,0
72913436,G.SKILL DDR5-6000 CL28 FLARE X5 J 패키지,G.SKILL FLARE X5 J 패키지,DDR5,6000,CL28,64GB(32GX2),64,0,0,0,0,0,0,0,0,0,0,0,0,0,0,0,0,0,0,0,0,0,0,539000,598990,598990,598990,598990,598990,618790,618790,618790
72913436,G.SKILL DDR5-6000 CL28 FLARE X5 J 패키지,G.SKILL FLARE X5 J 패키지,DDR5,6000,CL28,32GB(16GX2),32,0,0,0,0,0,0,0,0,0,0,0,0,0,0,0,0,0,0,0,0,0,0,289000,309000,309000,309000,309000,309000,369000,369000,369000
75656726,G.SKILL DDR5-6000 CL28 FLARE X5 J 화이트 패키지,G.SKILL FLARE X5 J 화이트 패키지,DDR5,6000,CL28,64GB(32GX2),64,468580,0,0,0,0,0,0,0,0,0,0,0,498990,0,0,0,0,0,0,0,0,0,0,0,0,0,0,0,0,0,0
75656726,G.SKILL DDR5-6000 CL28 FLARE X5 J 화이트 패키지,G.SKILL FLARE X5 J 화이트 패키지,DDR5,6000,CL28,32GB(16GX2),32,248990,0,0,0,0,0,0,0,0,0,0,0,268990,0,0,0,0,0,0,0,0,0,0,0,0,0,0,0,0,0,0
72913478,G.SKILL DDR5-6000 CL28 FLARE X5 J 화이트 패키지,G.SKILL FLARE X5 J 화이트 패키지,DDR5,6000,CL28,64GB(32GX2),64,0,499000,498990,498990,498990,498990,498990,498990,498990,498990,498990,498990,0,498960,538990,538880,538760,538640,538520,538390,538280,538990,598990,598990,598990,598990,598990,598990,688990,688990,688990
72913478,G.SKILL DDR5-6000 CL28 FLARE X5 J 화이트 패키지,G.SKILL FLARE X5 J 화이트 패키지,DDR5,6000,CL28,32GB(16GX2),32,0,269000,268990,268990,268990,268990,268990,268990,268990,268990,268990,268990,0,268950,288990,288880,288760,288640,288520,288400,288310,288990,289000,348990,348990,348990,348990,348990,360550,360550,360550
75724346,G.SKILL DDR5-6000 CL28 RIPJAWS M5 NEO RGB 블랙 패키지,G.SKILL RIPJAWS M5 NEO RGB 블랙 패키지,DDR5,6000,CL28,32GB(16GX2),32,314630,314630,314630,314630,314630,314630,314630,314630,314630,314630,314630,314630,314630,314630,289000,289000,289000,289000,0,0,0,0,0,0,0,0,0,0,0,408990,408990
75724346,G.SKILL DDR5-6000 CL28 RIPJAWS M5 NEO RGB 블랙 패키지,G.SKILL RIPJAWS M5 NEO RGB 블랙 패키지,DDR5,6000,CL28,64GB(32GX2),64,488990,489000,489000,489000,489000,489000,489000,489000,489000,489000,489000,489000,489000,489000,568990,568990,568990,568990,0,0,0,0,0,0,0,0,0,0,0,698990,698990
72913520,G.SKILL DDR5-6000 CL28 RIPJAWS M5 NEO RGB 블랙 패키지,G.SKILL RIPJAWS M5 NEO RGB 블랙 패키지,DDR5,6000,CL28,32GB(16GX2),32,0,0,0,0,0,0,0,0,0,0,0,0,0,0,0,0,0,0,289000,289000,289000,289000,289000,358990,358990,358990,358990,358990,408990,0,0
72913520,G.SKILL DDR5-6000 CL28 RIPJAWS M5 NEO RGB 블랙 패키지,G.SKILL RIPJAWS M5 NEO RGB 블랙 패키지,DDR5,6000,CL28,64GB(32GX2),64,0,0,0,0,0,0,0,0,0,0,0,0,0,0,0,0,0,0,568990,568990,568990,569000,609000,609000,609000,609000,609000,608990,698990,0,0
75724397,G.SKILL DDR5-6000 CL28 RIPJAWS M5 NEO RGB 화이트 패키지,G.SKILL RIPJAWS M5 NEO RGB 화이트 패키지,DDR5,6000,CL28,32GB(16GX2),32,259000,279000,279000,279000,279000,279000,279000,279000,279000,279000,279000,279000,279000,279000,0,0,288990,0,0,0,0,0,0,0,358990,358990,358990,358990,408990,408990,408990
75724397,G.SKILL DDR5-6000 CL28 RIPJAWS M5 NEO RGB 화이트 패키지,G.SKILL RIPJAWS M5 NEO RGB 화이트 패키지,DDR5,6000,CL28,64GB(32GX2),64,488990,502550,529000,529000,529000,529000,529000,529000,489320,511300,511300,511300,511300,511300,0,0,511300,0,0,0,0,0,0,0,608990,608990,608990,608990,698990,698990,698990
72913541,G.SKILL DDR5-6000 CL28 RIPJAWS M5 NEO RGB 화이트 패키지,G.SKILL RIPJAWS M5 NEO RGB 화이트 패키지,DDR5,6000,CL28,32GB(16GX2),32,0,0,0,0,0,0,0,0,0,0,0,0,0,0,288990,288990,0,288990,288960,288840,288750,288990,358990,358990,0,0,0,0,0,0,0
72913541,G.SKILL DDR5-6000 CL28 RIPJAWS M5 NEO RGB 화이트 패키지,G.SKILL RIPJAWS M5 NEO RGB 화이트 패키지,DDR5,6000,CL28,64GB(32GX2),64,0,0,0,0,0,0,0,0,0,0,0,0,0,0,511300,511300,0,511300,511300,511300,511300,511300,608990,608990,0,0,0,0,0,0,0
93385487,G.SKILL DDR5-6000 CL28 TRIDENT Z5 NEO RGB J 패키지,G.SKILL TRIDENT Z5 NEO RGB J 패키지,DDR5,6000,CL28,32GB(16GX2),32,278990,284050,298990,298990,298990,298990,298990,298990,298990,298990,298990,298990,298990,298890,328970,328940,328820,328700,328580,328460,328370,328990,369000,368990,368990,368990,368990,368990,418990,418990,418990
67980524,G.SKILL DDR5-6000 CL28 TRIDENT Z5 NEO RGB J 화이트 패키지,G.SKILL TRIDENT Z5 NEO RGB J 화이트 패키지,DDR5,6000,CL28,32GB(16GX2),32,254100,254100,254100,254100,254100,254100,254100,254100,254100,299000,299000,299000,299000,298990,328990,328990,328990,328990,328990,328990,328990,329000,369000,368990,368990,368990,368990,368990,418990,418990,418990
67847312,G.SKILL DDR5-6000 CL28 TRIDENT Z5 ROYAL NEO 골드 패키지,G.SKILL TRIDENT Z5 ROYAL NEO 골드 패키지,DDR5,6000,CL28,32GB(16GX2),32,338890,338890,338890,338890,338890,338890,338890,338890,338890,338890,338890,338890,338890,338850,338770,399000,398900,398780,398660,398540,398450,398990,399000,399000,399000,399000,399000,399000,399000,469000,469000
67847363,G.SKILL DDR5-6000 CL28 TRIDENT Z5 ROYAL NEO 실버 패키지,G.SKILL TRIDENT Z5 ROYAL NEO 실버 패키지,DDR5,6000,CL28,32GB(16GX2),32,0,0,0,0,0,0,0,0,0,0,0,0,0,0,0,359000,358970,358850,358730,358610,358520,358990,358990,389000,389000,389000,389000,388990,388990,459000,458990
40022774,G.SKILL DDR5-6000 CL30 FLARE X5 J 패키지,G.SKILL FLARE X5 J 패키지,DDR5,6000,CL30,64GB(32GX2),64,388990,388550,0,0,0,0,0,0,0,0,407990,407990,0,408910,409000,458920,458840,457900,0,0,0,0,0,0,526700,526700,528990,528990,546480,648990,648990
40022774,G.SKILL DDR5-6000 CL30 FLARE X5 J 패키지,G.SKILL FLARE X5 J 패키지,DDR5,6000,CL30,96GB(48GX2),96,648990,679000,0,0,0,0,0,0,0,0,678990,678990,0,678890,758990,758880,758760,758640,0,0,0,0,0,0,759000,759000,759000,788990,878990,878990,878990
40022774,G.SKILL DDR5-6000 CL30 FLARE X5 J 패키지,G.SKILL FLARE X5 J 패키지,DDR5,6000,CL30,32GB(16GX2),32,208990,208050,0,0,0,0,0,0,0,0,218990,218990,0,218950,248980,248870,248840,248720,0,0,0,0,0,0,308990,308990,308990,308990,368990,368990,368990
75656753,G.SKILL DDR5-6000 CL30 FLARE X5 J 패키지,G.SKILL FLARE X5 J 패키지,DDR5,6000,CL30,64GB(32GX2),64,0,0,407990,407990,407990,407990,407990,407990,407990,408990,0,0,0,0,0,0,0,0,0,0,0,0,0,0,0,0,0,0,0,0,0
75656753,G.SKILL DDR5-6000 CL30 FLARE X5 J 패키지,G.SKILL FLARE X5 J 패키지,DDR5,6000,CL30,96GB(48GX2),96,0,0,678990,678990,678990,678990,678990,678990,678990,678990,0,0,0,0,0,0,0,0,0,0,0,0,0,0,0,0,0,0,0,0,0
75656753,G.SKILL DDR5-6000 CL30 FLARE X5 J 패키지,G.SKILL FLARE X5 J 패키지,DDR5,6000,CL30,32GB(16GX2),32,0,0,218990,218990,218990,218990,218990,218990,218990,218990,0,0,0,0,0,0,0,0,0,0,0,0,0,0,0,0,0,0,0,0,0
40022765,G.SKILL DDR5-6000 CL30 FLARE X5 J 패키지,G.SKILL FLARE X5 J 패키지,DDR5,6000,CL30,64GB(32GX2),64,0,0,0,0,0,0,0,0,0,0,0,0,408990,0,0,0,0,0,457900,458720,458660,458990,529000,528990,0,0,0,0,0,0,0
40022765,G.SKILL DDR5-6000 CL30 FLARE X5 J 패키지,G.SKILL FLARE X5 J 패키지,DDR5,6000,CL30,96GB(48GX2),96,0,0,0,0,0,0,0,0,0,0,0,0,678990,0,0,0,0,0,758520,758400,758310,758990,759000,759000,0,0,0,0,0,0,0
40022765,G.SKILL DDR5-6000 CL30 FLARE X5 J 패키지,G.SKILL FLARE X5 J 패키지,DDR5,6000,CL30,32GB(16GX2),32,0,0,0,0,0,0,0,0,0,0,0,0,218990,0,0,0,0,0,248600,248470,248440,248990,308990,308990,0,0,0,0,0,0,0
75656765,G.SKILL DDR5-6000 CL30 FLARE X5 J 화이트 패키지,G.SKILL FLARE X5 J 화이트 패키지,DDR5,6000,CL30,96GB(48GX2),96,648990,679000,678990,678990,678990,678990,678990,678990,678990,678990,678990,678990,678990,678950,758990,758880,758760,758640,758520,758400,758310,758990,759000,759000,759000,759000,759000,788990,878990,878990,878990
75724439,G.SKILL DDR5-6000 CL30 RIPJAWS M5 NEO RGB 블랙 패키지,G.SKILL RIPJAWS M5 NEO RGB 블랙 패키지,DDR5,6000,CL30,96GB(48GX2),96,668960,0,699000,0,0,0,0,0,0,0,0,0,0,0,0,0,0,758640,758520,0,0,0,0,0,0,0,0,0,0,0,0
75724439,G.SKILL DDR5-6000 CL30 RIPJAWS M5 NEO RGB 블랙 패키지,G.SKILL RIPJAWS M5 NEO RGB 블랙 패키지,DDR5,6000,CL30,32GB(16GX2),32,190990,0,190990,0,0,0,0,0,0,0,0,0,0,0,0,0,0,190990,190990,0,0,0,0,0,0,0,0,0,0,0,0
75724439,G.SKILL DDR5-6000 CL30 RIPJAWS M5 NEO RGB 블랙 패키지,G.SKILL RIPJAWS M5 NEO RGB 블랙 패키지,DDR5,6000,CL30,64GB(32GX2),64,409000,0,429000,0,0,0,0,0,0,0,0,0,0,0,0,0,0,478990,478990,0,0,0,0,0,0,0,0,0,0,0,0
75724463,G.SKILL DDR5-6000 CL30 RIPJAWS M5 NEO RGB 블랙 패키지,G.SKILL RIPJAWS M5 NEO RGB 블랙 패키지,DDR5,6000,CL30,96GB(48GX2),96,0,699000,0,699000,699000,699000,699000,699000,699000,699000,699000,699000,699000,699000,758990,758880,0,0,0,758400,758310,758990,799000,798990,798990,798990,798990,798990,888990,888990,888990
75724463,G.SKILL DDR5-6000 CL30 RIPJAWS M5 NEO RGB 블랙 패키지,G.SKILL RIPJAWS M5 NEO RGB 블랙 패키지,DDR5,6000,CL30,32GB(16GX2),32,0,190990,0,190990,190990,190990,190990,190990,190990,190990,190990,190990,190990,190990,190990,190990,0,0,0,190990,190990,190990,190990,190990,190990,190990,190990,190990,190990,190990,190990
75724463,G.SKILL DDR5-6000 CL30 RIPJAWS M5 NEO RGB 블랙 패키지,G.SKILL RIPJAWS M5 NEO RGB 블랙 패키지,DDR5,6000,CL30,64GB(32GX2),64,0,407550,0,429000,429000,429000,429000,429000,429000,429000,429000,429000,429000,429000,478990,478990,0,0,0,478990,478990,479000,539000,539000,539000,539000,539000,539000,640110,640110,640110
75724418,G.SKILL DDR5-6000 CL30 RIPJAWS M5 NEO RGB 블랙 패키지,G.SKILL RIPJAWS M5 NEO RGB 블랙 패키지,DDR5,6000,CL30,96GB(48GX2),96,0,0,0,0,0,0,0,0,0,0,0,0,0,0,0,0,758760,0,0,0,0,0,0,0,0,0,0,0,0,0,0
75724418,G.SKILL DDR5-6000 CL30 RIPJAWS M5 NEO RGB 블랙 패키지,G.SKILL RIPJAWS M5 NEO RGB 블랙 패키지,DDR5,6000,CL30,32GB(16GX2),32,0,0,0,0,0,0,0,0,0,0,0,0,0,0,0,0,190990,0,0,0,0,0,0,0,0,0,0,0,0,0,0
75724418,G.SKILL DDR5-6000 CL30 RIPJAWS M5 NEO RGB 블랙 패키지,G.SKILL RIPJAWS M5 NEO RGB 블랙 패키지,DDR5,6000,CL30,64GB(32GX2),64,0,0,0,0,0,0,0,0,0,0,0,0,0,0,0,0,478990,0,0,0,0,0,0,0,0,0,0,0,0,0,0
75724505,G.SKILL DDR5-6000 CL30 RIPJAWS M5 NEO RGB 화이트 패키지,G.SKILL RIPJAWS M5 NEO RGB 화이트 패키지,DDR5,6000,CL30,96GB(48GX2),96,668990,669000,669000,669000,669000,669000,669000,669000,669000,669000,699000,699000,699000,699000,758990,758880,758760,0,0,0,0,0,0,0,798990,798990,0,798990,0,0,0
75724505,G.SKILL DDR5-6000 CL30 RIPJAWS M5 NEO RGB 화이트 패키지,G.SKILL RIPJAWS M5 NEO RGB 화이트 패키지,DDR5,6000,CL30,32GB(16GX2),32,219000,217550,229000,229000,229000,229000,229000,229000,229000,229000,229000,229000,229000,229000,229000,259000,259000,0,0,0,0,0,0,0,319000,319000,0,319000,0,0,0
75724505,G.SKILL DDR5-6000 CL30 RIPJAWS M5 NEO RGB 화이트 패키지,G.SKILL RIPJAWS M5 NEO RGB 화이트 패키지,DDR5,6000,CL30,64GB(32GX2),64,409000,407550,409000,409000,409000,409000,409000,409000,409000,409000,409000,409000,409000,409000,478990,478990,478990,0,0,0,0,0,0,0,538990,538990,0,538990,0,0,0
75724526,G.SKILL DDR5-6000 CL30 RIPJAWS M5 NEO RGB 화이트 패키지,G.SKILL RIPJAWS M5 NEO RGB 화이트 패키지,DDR5,6000,CL30,96GB(48GX2),96,0,0,0,0,0,0,0,0,0,0,0,0,0,0,0,0,0,758640,758520,758400,758310,758990,759000,798990,0,0,0,0,0,0,0
75724526,G.SKILL DDR5-6000 CL30 RIPJAWS M5 NEO RGB 화이트 패키지,G.SKILL RIPJAWS M5 NEO RGB 화이트 패키지,DDR5,6000,CL30,32GB(16GX2),32,0,0,0,0,0,0,0,0,0,0,0,0,0,0,0,0,0,259000,259000,259000,259000,259000,259000,319000,0,0,0,0,0,0,0
75724526,G.SKILL DDR5-6000 CL30 RIPJAWS M5 NEO RGB 화이트 패키지,G.SKILL RIPJAWS M5 NEO RGB 화이트 패키지,DDR5,6000,CL30,64GB(32GX2),64,0,0,0,0,0,0,0,0,0,0,0,0,0,0,0,0,0,478960,478840,478720,478600,478990,539000,538990,0,0,0,0,0,0,0
75724553,G.SKILL DDR5-6000 CL30 RIPJAWS M5 NEO RGB 화이트 패키지,G.SKILL RIPJAWS M5 NEO RGB 화이트 패키지,DDR5,6000,CL30,96GB(48GX2),96,0,0,0,0,0,0,0,0,0,0,0,0,0,0,0,0,0,0,0,0,0,0,0,0,0,0,798990,0,888990,888990,888990
75724553,G.SKILL DDR5-6000 CL30 RIPJAWS M5 NEO RGB 화이트 패키지,G.SKILL RIPJAWS M5 NEO RGB 화이트 패키지,DDR5,6000,CL30,32GB(16GX2),32,0,0,0,0,0,0,0,0,0,0,0,0,0,0,0,0,0,0,0,0,0,0,0,0,0,0,319000,0,378860,378860,378860
75724553,G.SKILL DDR5-6000 CL30 RIPJAWS M5 NEO RGB 화이트 패키지,G.SKILL RIPJAWS M5 NEO RGB 화이트 패키지,DDR5,6000,CL30,64GB(32GX2),64,0,0,0,0,0,0,0,0,0,0,0,0,0,0,0,0,0,0,0,0,0,0,0,0,0,0,538990,0,640110,640110,640110
56151878,G.SKILL DDR5-6000 CL30 RIPJAWS M5 RGB 블랙 패키지,G.SKILL RIPJAWS M5 RGB 블랙 패키지,DDR5,6000,CL30,64GB(32GX2),64,408990,408990,408990,408990,408990,408990,408990,408990,408990,408990,408990,408990,408990,408950,408870,479000,478900,478780,478660,478540,0,0,478990,0,0,0,0,538990,539000,659000,0
56151878,G.SKILL DDR5-6000 CL30 RIPJAWS M5 RGB 블랙 패키지,G.SKILL RIPJAWS M5 RGB 블랙 패키지,DDR5,6000,CL30,32GB(16GX2),32,210100,208050,210100,210100,210100,210100,210100,210100,210100,210100,210100,210100,210100,210100,210100,210100,210100,258990,258990,258960,0,0,261500,0,0,0,0,321500,321500,381500,0
56151800,G.SKILL DDR5-6000 CL30 RIPJAWS M5 RGB 블랙 패키지,G.SKILL RIPJAWS M5 RGB 블랙 패키지,DDR5,6000,CL30,64GB(32GX2),64,0,0,0,0,0,0,0,0,0,0,0,0,0,0,0,0,0,0,0,0,478420,478990,0,479000,539000,539000,539000,0,0,0,658990
56151800,G.SKILL DDR5-6000 CL30 RIPJAWS M5 RGB 블랙 패키지,G.SKILL RIPJAWS M5 RGB 블랙 패키지,DDR5,6000,CL30,32GB(16GX2),32,0,0,0,0,0,0,0,0,0,0,0,0,0,0,0,0,0,0,0,0,259000,259000,0,0,0,0,0,0,0,0,381500
56151998,G.SKILL DDR5-6000 CL30 RIPJAWS M5 RGB 화이트 패키지,G.SKILL RIPJAWS M5 RGB 화이트 패키지,DDR5,6000,CL30,64GB(32GX2),64,409000,388550,409000,409000,409000,409000,409000,409000,409000,409000,409000,409000,409000,408990,408990,409000,478990,478990,478990,478990,478990,479000,479000,539000,539000,539000,539000,539000,541500,661490,0
56151998,G.SKILL DDR5-6000 CL30 RIPJAWS M5 RGB 화이트 패키지,G.SKILL RIPJAWS M5 RGB 화이트 패키지,DDR5,6000,CL30,32GB(16GX2),32,210100,208050,210100,210100,210100,210100,210100,210100,210100,219000,217190,217190,219000,218990,218990,219000,258990,255700,255700,258990,258990,259000,259000,272000,318500,318500,318500,318500,319000,379000,0
56151980,G.SKILL DDR5-6000 CL30 RIPJAWS M5 RGB 화이트 패키지,G.SKILL RIPJAWS M5 RGB 화이트 패키지,DDR5,6000,CL30,64GB(32GX2),64,0,0,0,0,0,0,0,0,0,0,0,0,0,0,0,0,0,0,0,0,0,0,0,0,0,0,0,0,0,0,661490
56151980,G.SKILL DDR5-6000 CL30 RIPJAWS M5 RGB 화이트 패키지,G.SKILL RIPJAWS M5 RGB 화이트 패키지,DDR5,6000,CL30,32GB(16GX2),32,0,0,0,0,0,0,0,0,0,0,0,0,0,0,0,0,0,0,0,0,0,0,0,0,0,0,0,0,0,0,379000
17000666,G.SKILL DDR5-6000 CL30 RIPJAWS S5 J 블랙 패키지,G.SKILL RIPJAWS S5 J 블랙 패키지,DDR5,6000,CL30,64GB(32GX2),64,388990,388990,388990,388990,388990,388990,388990,388990,388990,388990,0,0,0,0,0,0,0,0,0,0,433800,433800,0,0,459000,459000,499000,529000,529000,0,649000
17000666,G.SKILL DDR5-6000 CL30 RIPJAWS S5 J 블랙 패키지,G.SKILL RIPJAWS S5 J 블랙 패키지,DDR5,6000,CL30,32GB(16GX2),32,208990,198550,208990,208990,208990,208990,208990,208990,208990,208990,0,0,0,0,0,0,0,0,0,0,248520,248990,0,0,309000,309000,309000,308990,339000,0,369000
16875872,G.SKILL DDR5-6000 CL30 RIPJAWS S5 J 블랙 패키지,G.SKILL RIPJAWS S5 J 블랙 패키지,DDR5,6000,CL30,64GB(32GX2),64,0,0,0,0,0,0,0,0,0,0,433790,433790,433790,433790,433790,389000,409460,433790,433800,433800,0,0,433800,459000,0,0,0,0,0,0,0
16875872,G.SKILL DDR5-6000 CL30 RIPJAWS S5 J 블랙 패키지,G.SKILL RIPJAWS S5 J 블랙 패키지,DDR5,6000,CL30,32GB(16GX2),32,0,0,0,0,0,0,0,0,0,0,208990,208990,208990,208990,208990,209000,248970,248850,248730,248610,0,0,248990,309000,0,0,0,0,0,369000,0
17000741,G.SKILL DDR5-6000 CL30 RIPJAWS S5 J 화이트 패키지,G.SKILL RIPJAWS S5 J 화이트 패키지,DDR5,6000,CL30,64GB(32GX2),64,372500,372500,372500,372500,372500,372500,372500,372500,0,372500,372500,372500,372500,372500,372500,372500,399000,458970,458940,458820,458700,458990,0,0,0,0,0,0,0,648990,0
17000741,G.SKILL DDR5-6000 CL30 RIPJAWS S5 J 화이트 패키지,G.SKILL RIPJAWS S5 J 화이트 패키지,DDR5,6000,CL30,32GB(16GX2),32,208990,198550,208990,208990,208990,208990,208990,208990,0,208990,209000,209000,209000,209000,209000,209000,248970,248850,248730,248610,248570,248990,0,0,0,0,0,0,0,359260,0
16875908,G.SKILL DDR5-6000 CL30 RIPJAWS S5 J 화이트 패키지,G.SKILL RIPJAWS S5 J 화이트 패키지,DDR5,6000,CL30,64GB(32GX2),64,0,0,0,0,0,0,0,0,372500,0,0,0,0,0,0,0,0,0,0,0,0,0,458990,459000,459000,459000,499000,529000,529000,0,648960
16875908,G.SKILL DDR5-6000 CL30 RIPJAWS S5 J 화이트 패키지,G.SKILL RIPJAWS S5 J 화이트 패키지,DDR5,6000,CL30,32GB(16GX2),32,0,0,0,0,0,0,0,0,208990,0,0,0,0,0,0,0,0,0,0,0,0,0,248990,309000,309000,309000,309000,308990,339000,0,368990
17139398,G.SKILL DDR5-6000 CL30 TRIDENT Z5 J 실버 패키지,G.SKILL TRIDENT Z5 J 실버 패키지,DDR5,6000,CL30,32GB(16GX2),32,219000,219000,219000,219000,219000,219000,219000,219000,219000,219000,219000,219000,219000,218990,218990,259000,258990,257900,257900,258990,258990,259000,259000,319000,319000,319000,319000,319000,303000,369000,368990
17139356,G.SKILL DDR5-6000 CL30 TRIDENT Z5 J 패키지,G.SKILL TRIDENT Z5 J 패키지,DDR5,6000,CL30,64GB(32GX2),64,399000,0,0,0,0,0,0,0,0,0,0,0,0,399000,399000,469000,469000,0,0,469000,469000,469000,469000,539000,539000,539000,539000,0,0,589190,0
17139356,G.SKILL DDR5-6000 CL30 TRIDENT Z5 J 패키지,G.SKILL TRIDENT Z5 J 패키지,DDR5,6000,CL30,32GB(16GX2),32,216470,0,0,0,0,0,0,0,0,0,0,0,0,216470,216470,216470,216470,0,0,216470,216470,216470,216470,319000,319000,319000,319000,0,0,371500,371500
17139326,G.SKILL DDR5-6000 CL30 TRIDENT Z5 J 패키지,G.SKILL TRIDENT Z5 J 패키지,DDR5,6000,CL30,64GB(32GX2),64,0,379050,399000,399000,399000,399000,399000,399000,399000,399000,399000,399000,399000,0,0,0,0,467900,467900,0,0,0,0,0,0,0,0,538990,539000,0,0
17139326,G.SKILL DDR5-6000 CL30 TRIDENT Z5 J 패키지,G.SKILL TRIDENT Z5 J 패키지,DDR5,6000,CL30,32GB(16GX2),32,0,208050,216470,216470,216470,216470,216470,216470,216470,216470,216470,216470,216470,0,0,0,0,216470,216470,0,0,0,0,0,0,0,0,321500,321500,0,0
17932031,G.SKILL DDR5-6000 CL30 TRIDENT Z5 NEO J 패키지,G.SKILL TRIDENT Z5 NEO J 패키지,DDR5,6000,CL30,64GB(32GX2),64,398990,0,0,0,0,0,0,0,0,0,0,0,0,0,0,468940,471500,471500,471500,471500,471500,471500,541500,539000,539000,539000,539000,538990,640110,640110,640110
17932031,G.SKILL DDR5-6000 CL30 TRIDENT Z5 NEO J 패키지,G.SKILL TRIDENT Z5 NEO J 패키지,DDR5,6000,CL30,32GB(16GX2),32,218990,0,0,0,0,0,0,0,0,0,0,0,0,0,0,259000,258900,257900,257900,258780,258690,258990,259000,318990,318490,318490,318490,318490,368990,368990,368990
40559801,G.SKILL DDR5-6000 CL30 TRIDENT Z5 NEO J 패키지,G.SKILL TRIDENT Z5 NEO J 패키지,DDR5,6000,CL30,64GB(32GX2),64,0,419000,418990,418990,418990,418990,418990,418990,418990,418990,418990,418990,418990,418950,468970,0,0,0,0,0,0,0,0,0,0,0,0,0,0,0,0
40559801,G.SKILL DDR5-6000 CL30 TRIDENT Z5 NEO J 패키지,G.SKILL TRIDENT Z5 NEO J 패키지,DDR5,6000,CL30,32GB(16GX2),32,0,217550,228990,228990,228990,228990,228990,228990,228990,228990,228990,228990,229000,229000,259000,0,0,0,0,0,0,0,0,0,0,0,0,0,0,0,0
17931836,G.SKILL DDR5-6000 CL30 TRIDENT Z5 NEO RGB J 패키지,G.SKILL TRIDENT Z5 NEO RGB J 패키지,DDR5,6000,CL30,96GB(48GX2),96,688990,729000,728990,728990,728990,728990,728990,728990,0,728990,728990,0,0,0,0,0,0,0,0,0,0,0,0,0,0,0,0,0,0,0,0
17931836,G.SKILL DDR5-6000 CL30 TRIDENT Z5 NEO RGB J 패키지,G.SKILL TRIDENT Z5 NEO RGB J 패키지,DDR5,6000,CL30,64GB(32GX2),64,428990,429000,449000,449000,449000,449000,449000,449000,0,449000,449000,0,0,0,0,0,0,0,0,0,0,0,0,0,0,0,0,0,0,0,0
17931836,G.SKILL DDR5-6000 CL30 TRIDENT Z5 NEO RGB J 패키지,G.SKILL TRIDENT Z5 NEO RGB J 패키지,DDR5,6000,CL30,32GB(16GX2),32,228900,235500,235420,235420,235420,235420,235420,235420,0,235420,235420,0,0,0,0,0,0,0,0,0,0,0,0,0,0,0,0,0,0,0,0
40572260,G.SKILL DDR5-6000 CL30 TRIDENT Z5 NEO RGB J 패키지,G.SKILL TRIDENT Z5 NEO RGB J 패키지,DDR5,6000,CL30,96GB(48GX2),96,0,0,0,0,0,0,0,0,728990,0,0,728990,728990,728950,798970,798940,798820,796900,796900,798700,798610,798990,808990,808990,808990,808990,808990,808990,898990,898990,898990
40572260,G.SKILL DDR5-6000 CL30 TRIDENT Z5 NEO RGB J 패키지,G.SKILL TRIDENT Z5 NEO RGB J 패키지,DDR5,6000,CL30,64GB(32GX2),64,0,0,0,0,0,0,0,0,449000,0,0,449000,449000,449000,499000,499000,498920,449000,449000,449000,449000,499000,558990,558990,556900,556900,558990,558990,567680,669000,668990
40572260,G.SKILL DDR5-6000 CL30 TRIDENT Z5 NEO RGB J 패키지,G.SKILL TRIDENT Z5 NEO RGB J 패키지,DDR5,6000,CL30,32GB(16GX2),32,0,0,0,0,0,0,0,0,235420,0,0,235420,235420,244530,264970,262110,262110,239000,239000,239000,239000,239000,320560,320560,320550,320550,320560,328990,388990,388990,388990
40578827,G.SKILL DDR5-6000 CL30 TRIDENT Z5 NEO RGB J 화이트 패키지,G.SKILL TRIDENT Z5 NEO RGB J 화이트 패키지,DDR5,6000,CL30,96GB(48GX2),96,688990,729000,0,0,0,0,0,0,0,0,0,0,0,0,0,0,0,0,0,0,0,0,0,0,0,0,0,0,0,0,0
40578827,G.SKILL DDR5-6000 CL30 TRIDENT Z5 NEO RGB J 화이트 패키지,G.SKILL TRIDENT Z5 NEO RGB J 화이트 패키지,DDR5,6000,CL30,64GB(32GX2),64,488870,483550,0,0,0,0,0,0,0,0,0,0,0,0,0,0,0,0,0,0,0,0,0,0,0,0,0,0,0,0,0
40578827,G.SKILL DDR5-6000 CL30 TRIDENT Z5 NEO RGB J 화이트 패키지,G.SKILL TRIDENT Z5 NEO RGB J 화이트 패키지,DDR5,6000,CL30,32GB(16GX2),32,248600,248600,0,0,0,0,0,0,0,0,0,0,0,0,0,0,0,0,0,0,0,0,0,0,0,0,0,0,0,0,0
40579721,G.SKILL DDR5-6000 CL30 TRIDENT Z5 NEO RGB J 화이트 패키지,G.SKILL TRIDENT Z5 NEO RGB J 화이트 패키지,DDR5,6000,CL30,96GB(48GX2),96,0,0,728990,728990,728990,728990,728990,728990,728990,728990,728990,728990,728990,728890,773800,798980,798860,796900,796900,798740,798650,798990,808990,808990,808990,808990,808990,808990,898990,898990,898990
40579721,G.SKILL DDR5-6000 CL30 TRIDENT Z5 NEO RGB J 화이트 패키지,G.SKILL TRIDENT Z5 NEO RGB J 화이트 패키지,DDR5,6000,CL30,64GB(32GX2),64,0,0,508990,508990,508990,508990,508990,508990,508990,508990,508990,508990,508990,508950,558990,558880,558760,557900,557900,558640,558550,558990,609000,608990,608990,608990,608990,608990,718990,718990,718990
40579721,G.SKILL DDR5-6000 CL30 TRIDENT Z5 NEO RGB J 화이트 패키지,G.SKILL TRIDENT Z5 NEO RGB J 화이트 패키지,DDR5,6000,CL30,32GB(16GX2),32,0,0,248600,248600,248600,248600,248600,248600,248600,269000,267970,267970,268990,259000,295640,298980,298900,297700,297700,298780,298700,298990,329000,358990,356700,356700,358490,358490,408990,408990,408990
97841849,G.SKILL DDR5-6000 CL30 TRIDENT Z5 NEO RGB J 화이트 패키지 중고,G.SKILL TRIDENT Z5 NEO RGB J 화이트 패키지 중고,DDR5,6000,CL30,32GB(16GX2),32,173270,207700,207700,207700,207700,207700,207700,207700,207700,207700,207700,207700,207700,230650,230650,230650,230650,230650,230650,230650,230650,230650,276550,276550,276550,276550,276550,276550,314800,314800,314800
16875464,G.SKILL DDR5-6000 CL30 TRIDENT Z5 RGB J 실버 패키지,G.SKILL TRIDENT Z5 RGB J 실버 패키지,DDR5,6000,CL30,32GB(16GX2),32,194000,194000,0,0,0,0,0,0,0,0,0,0,0,0,0,0,0,0,0,0,0,0,0,0,0,0,0,0,0,0,0
17001209,G.SKILL DDR5-6000 CL30 TRIDENT Z5 RGB J 패키지,G.SKILL TRIDENT Z5 RGB J 패키지,DDR5,6000,CL30,64GB(32GX2),64,429000,429000,429000,429000,429000,429000,429000,429000,429000,429000,407500,407500,407500,0,0,499000,498970,496900,496900,498850,498810,498990,498990,559000,0,0,0,558990,0,0,0
17001209,G.SKILL DDR5-6000 CL30 TRIDENT Z5 RGB J 패키지,G.SKILL TRIDENT Z5 RGB J 패키지,DDR5,6000,CL30,32GB(16GX2),32,223750,223750,223750,223750,223750,223750,223750,223750,223750,223750,223750,223750,223750,0,0,229000,242650,237920,236610,236610,238150,264970,269000,269000,0,0,0,320560,0,0,0
16873946,G.SKILL DDR5-6000 CL30 TRIDENT Z5 RGB J 패키지,G.SKILL TRIDENT Z5 RGB J 패키지,DDR5,6000,CL30,32GB(16GX2),32,0,0,0,0,0,0,0,0,0,0,0,0,0,229000,229000,0,0,0,0,0,0,0,0,0,279000,279000,279000,0,328990,383600,383600
16873946,G.SKILL DDR5-6000 CL30 TRIDENT Z5 RGB J 패키지,G.SKILL TRIDENT Z5 RGB J 패키지,DDR5,6000,CL30,64GB(32GX2),64,0,0,0,0,0,0,0,0,0,0,0,0,0,0,0,0,0,0,0,0,0,0,0,0,559000,559000,559000,0,559000,669000,669000
21639437,G.SKILL DDR5-6000 CL30 TRIDENT Z5 RGB 화이트 패키지,G.SKILL TRIDENT Z5 RGB 화이트 패키지,DDR5,6000,CL30,64GB(32GX2),64,419070,419070,419070,419070,419070,419070,419070,419070,419070,419070,419070,419070,419070,429000,429000,429000,453310,448840,446850,446850,449770,459700,459700,457780,544650,544650,544650,544650,559000,559000,559000
17931401,G.SKILL DDR5-6000 CL32 FLARE X5 J 패키지,G.SKILL FLARE X5 J 패키지,DDR5,6000,CL32,32GB(16GX2),32,248990,262850,262850,262850,262850,262850,262850,262850,262850,262850,262850,262850,262850,262850,288990,288990,288990,288990,288990,288990,288990,288990,348990,348990,348990,348990,348990,348990,399000,399000,399000
18610958,G.SKILL DDR5-6000 CL32 TRIDENT Z5 NEO RGB J 패키지,G.SKILL TRIDENT Z5 NEO RGB J 패키지,DDR5,6000,CL32,64GB(32GX2),64,409340,407390,411840,411840,411840,411840,411840,411840,411840,411840,411840,411840,411840,411840,437740,437740,488980,488880,488970,488850,488760,488990,549000,548990,548990,548990,548990,548990,651990,651990,651990
93385544,G.SKILL DDR5-6000 CL32 TRIDENT Z5 NEO RGB J 화이트 패키지,G.SKILL TRIDENT Z5 NEO RGB J 화이트 패키지,DDR5,6000,CL32,64GB(32GX2),64,419000,417050,439000,439000,439000,439000,439000,439000,439000,439000,439000,439000,439000,439000,473800,489000,489000,489000,489000,489000,489000,489000,549000,549000,549000,549000,549000,548990,658990,658990,658990
51541061,G.SKILL DDR5-6000 CL32 TRIDENT Z5 RGB J 화이트 패키지,G.SKILL TRIDENT Z5 RGB J 화이트 패키지,DDR5,6000,CL32,32GB(16GX2),32,228000,228000,228000,228000,228000,228000,228000,228000,228000,228000,228000,228000,228000,228000,228000,228000,261660,261660,261660,261660,267000,267000,267000,325000,325000,325000,325000,324990,324990,384980,384860
93803003,G.SKILL DDR5-6000 CL34 FLARE X5 J 패키지,G.SKILL FLARE X5 J 패키지,DDR5,6000,CL34,128GB(64GX2),128,0,0,0,0,0,0,0,0,0,0,0,0,0,0,920000,920000,911300,1150000,1150000,1150000,1150000,1150000,1150000,920000,920000,920000,920000,919990,1080000,0,1080000
93803096,G.SKILL DDR5-6000 CL34 RIPJAWS S5 J 블랙 패키지,G.SKILL RIPJAWS S5 J 블랙 패키지,DDR5,6000,CL34,128GB(64GX2),128,779990,860000,860000,860000,860000,860000,860000,860000,860000,860000,860000,860000,860000,860000,920000,920000,919900,919780,919660,919560,919470,919990,919990,919990,919990,919990,919990,0,0,0,0
93803243,G.SKILL DDR5-6000 CL34 TRIDENT Z5 NEO RGB J 패키지,G.SKILL TRIDENT Z5 NEO RGB J 패키지,DDR5,6000,CL34,128GB(64GX2),128,820000,890000,890000,890000,890000,890000,890000,890000,890000,890000,0,0,0,0,950000,890000,923800,949920,949800,949680,949660,949990,949990,949990,949990,949990,949990,949990,1119990,1224420,0
93803210,G.SKILL DDR5-6000 CL34 TRIDENT Z5 RGB J 패키지,G.SKILL TRIDENT Z5 RGB J 패키지,DDR5,6000,CL34,128GB(64GX2),128,819990,890000,889990,889990,889990,889990,889990,889990,889990,889990,845500,845500,845500,0,890000,920030,947000,947000,947000,947000,947000,947000,947000,947000,944800,944800,944800,0,0,0,0
75656486,G.SKILL DDR5-6000 CL36 AEGIS 5,G.SKILL AEGIS 5,DDR5,6000,CL36,32GB,32,153990,155800,162000,162000,162000,162000,162000,0,0,163990,162700,162700,163990,163950,191820,193980,193900,191600,191600,193780,193740,193990,203270,267990,266900,266900,267990,268000,334000,334000,334000
75656486,G.SKILL DDR5-6000 CL36 AEGIS 5,G.SKILL AEGIS 5,DDR5,6000,CL36,16GB,16,68990,68990,68990,68990,68990,68990,68990,0,0,68990,68990,68990,68990,68990,68990,103000,103000,103000,103000,103000,103000,103000,103000,103000,139000,139000,139000,139000,172000,172000,172000
72913406,G.SKILL DDR5-6000 CL36 AEGIS 5,G.SKILL AEGIS 5,DDR5,6000,CL36,32GB,32,0,0,0,0,0,0,0,162000,162000,0,0,0,0,0,0,0,0,0,0,0,0,0,0,0,0,0,0,0,0,0,0
72913406,G.SKILL DDR5-6000 CL36 AEGIS 5,G.SKILL AEGIS 5,DDR5,6000,CL36,16GB,16,0,0,0,0,0,0,0,68990,68990,0,0,0,0,0,0,0,0,0,0,0,0,0,0,0,0,0,0,0,0,0,0
17931533,G.SKILL DDR5-6000 CL36 FLARE X5 J 패키지,G.SKILL FLARE X5 J 패키지,DDR5,6000,CL36,32GB(16GX2),32,178990,179000,179000,179000,179000,179000,179000,184770,184770,184770,184770,184770,184770,189000,0,0,0,0,0,0,0,0,219000,219000,219000,0,0,278990,348990,0,0
17931533,G.SKILL DDR5-6000 CL36 FLARE X5 J 패키지,G.SKILL FLARE X5 J 패키지,DDR5,6000,CL36,64GB(32GX2),64,0,0,0,0,0,0,0,0,351500,351500,351500,0,0,0,0,0,0,0,0,0,0,0,478990,478990,478990,0,0,478990,558990,0,0
17931533,G.SKILL DDR5-6000 CL36 FLARE X5 J 패키지,G.SKILL FLARE X5 J 패키지,DDR5,6000,CL36,256GB(64GX4),256,0,0,0,0,0,0,0,0,0,0,0,0,0,0,0,0,0,0,0,0,0,0,1820000,1820000,1820000,0,0,1819990,2140000,0,0
93803030,G.SKILL DDR5-6000 CL36 FLARE X5 J 패키지,G.SKILL FLARE X5 J 패키지,DDR5,6000,CL36,32GB(16GX2),32,0,0,0,0,0,0,0,0,0,0,0,0,0,0,213390,213390,213390,213390,213390,213390,213390,215720,0,0,0,219000,219000,0,0,0,0
93803030,G.SKILL DDR5-6000 CL36 FLARE X5 J 패키지,G.SKILL FLARE X5 J 패키지,DDR5,6000,CL36,256GB(64GX4),256,0,0,0,0,0,0,0,0,0,0,0,0,0,0,1820000,1820000,1820000,1820000,1820000,1820000,1820000,1820000,0,0,0,1820000,1820000,0,0,0,0
93803030,G.SKILL DDR5-6000 CL36 FLARE X5 J 패키지,G.SKILL FLARE X5 J 패키지,DDR5,6000,CL36,64GB(32GX2),64,0,0,0,0,0,0,0,0,0,0,0,0,0,0,409000,409000,409000,409000,409000,409000,409000,409000,0,0,0,478990,478990,0,0,0,0
72913559,G.SKILL DDR5-6000 CL36 FLARE X5 J 패키지,G.SKILL FLARE X5 J 패키지,DDR5,6000,CL36,32GB(16GX2),32,0,0,0,0,0,0,0,0,0,0,0,0,0,0,0,0,0,0,0,0,0,0,0,0,0,0,0,0,0,348990,348990
72913559,G.SKILL DDR5-6000 CL36 FLARE X5 J 패키지,G.SKILL FLARE X5 J 패키지,DDR5,6000,CL36,64GB(32GX2),64,0,0,0,0,0,0,0,0,0,0,0,0,0,0,0,0,0,0,0,0,0,0,0,0,0,0,0,0,0,558990,561500
72913559,G.SKILL DDR5-6000 CL36 FLARE X5 J 패키지,G.SKILL FLARE X5 J 패키지,DDR5,6000,CL36,256GB(64GX4),256,0,0,0,0,0,0,0,0,0,0,0,0,0,0,0,0,0,0,0,0,0,0,0,0,0,0,0,0,0,0,2140000
72913568,G.SKILL DDR5-6000 CL36 FLARE X5 J 화이트 패키지,G.SKILL FLARE X5 J 화이트 패키지,DDR5,6000,CL36,64GB(32GX2),64,328990,349000,349000,349000,349000,349000,349000,349000,349000,349000,349000,349000,349000,349000,409000,409000,409000,409000,409000,409000,406220,406220,479000,478990,478990,466500,466500,478990,558990,558990,558990
72913592,G.SKILL DDR5-6000 CL36 RIPJAWS M5 NEO RGB 블랙 패키지,G.SKILL RIPJAWS M5 NEO RGB 블랙 패키지,DDR5,6000,CL36,64GB(32GX2),64,348990,0,0,0,0,0,0,0,0,0,0,0,0,0,0,0,0,0,0,0,0,0,0,0,488990,488990,488990,488990,568990,568990,568990
72913592,G.SKILL DDR5-6000 CL36 RIPJAWS M5 NEO RGB 블랙 패키지,G.SKILL RIPJAWS M5 NEO RGB 블랙 패키지,DDR5,6000,CL36,32GB(16GX2),32,189000,0,0,0,0,0,0,0,0,0,0,0,0,0,0,0,0,0,0,0,0,0,0,0,289000,289000,289000,289000,359000,359000,359000
78983834,G.SKILL DDR5-6000 CL36 RIPJAWS M5 NEO RGB 블랙 패키지,G.SKILL RIPJAWS M5 NEO RGB 블랙 패키지,DDR5,6000,CL36,64GB(32GX2),64,0,369000,369000,369000,369000,369000,369000,369000,369000,369000,369000,369000,369000,369000,429000,429000,428900,428780,428660,428540,428450,428990,489000,488990,0,0,0,0,0,0,0
78983834,G.SKILL DDR5-6000 CL36 RIPJAWS M5 NEO RGB 블랙 패키지,G.SKILL RIPJAWS M5 NEO RGB 블랙 패키지,DDR5,6000,CL36,32GB(16GX2),32,0,189000,189000,189000,189000,189000,189000,189000,189000,189000,189000,189000,189000,189000,189000,228990,228990,228990,228990,228990,228990,229000,229000,255600,0,0,0,0,0,0,0
72913613,G.SKILL DDR5-6000 CL36 RIPJAWS M5 NEO RGB 화이트 패키지,G.SKILL RIPJAWS M5 NEO RGB 화이트 패키지,DDR5,6000,CL36,64GB(32GX2),64,348990,0,369000,369000,369000,369000,369000,369000,369000,369000,369000,369000,369000,369000,369000,429000,428900,428780,428660,428540,428450,428990,489000,488990,488990,488990,488990,488990,568990,568990,568990
72913613,G.SKILL DDR5-6000 CL36 RIPJAWS M5 NEO RGB 화이트 패키지,G.SKILL RIPJAWS M5 NEO RGB 화이트 패키지,DDR5,6000,CL36,32GB(16GX2),32,188990,0,189000,189000,189000,189000,189000,189000,189000,189000,201500,201500,201500,231500,189000,229000,228900,228780,228660,228540,228450,228990,229000,288990,288990,288990,288990,288990,358990,358990,358990
78983882,G.SKILL DDR5-6000 CL36 RIPJAWS M5 NEO RGB 화이트 패키지,G.SKILL RIPJAWS M5 NEO RGB 화이트 패키지,DDR5,6000,CL36,64GB(32GX2),64,0,350550,0,0,0,0,0,0,0,0,0,0,0,0,0,0,0,0,0,0,0,0,0,0,0,0,0,0,0,0,0
78983882,G.SKILL DDR5-6000 CL36 RIPJAWS M5 NEO RGB 화이트 패키지,G.SKILL RIPJAWS M5 NEO RGB 화이트 패키지,DDR5,6000,CL36,32GB(16GX2),32,0,189000,0,0,0,0,0,0,0,0,0,0,0,0,0,0,0,0,0,0,0,0,0,0,0,0,0,0,0,0,0
71218634,G.SKILL DDR5-6000 CL36 RIPJAWS M5 RGB 블랙 패키지,G.SKILL RIPJAWS M5 RGB 블랙 패키지,DDR5,6000,CL36,32GB(16GX2),32,189000,179550,188990,188990,188990,188890,188770,188650,188530,188410,188990,188990,187990,187950,188980,189000,228910,228790,228670,228560,228450,228990,228990,229000,289000,289000,289000,289000,289000,359000,361500
71218667,G.SKILL DDR5-6000 CL36 RIPJAWS M5 RGB 화이트 패키지,G.SKILL RIPJAWS M5 RGB 화이트 패키지,DDR5,6000,CL36,32GB(16GX2),32,189000,179550,189000,189000,189000,189000,189000,189000,189000,189000,189000,189000,189000,189000,189000,189000,229000,229000,229000,229000,229000,229000,229000,255600,289000,289000,289000,288990,291500,361500,361500
16192574,G.SKILL DDR5-6000 CL36 TRIDENT Z5 J 실버 패키지,G.SKILL TRIDENT Z5 J 실버 패키지,DDR5,6000,CL36,32GB(16GX2),32,188990,188990,188990,188990,188990,188990,188990,188990,188990,188990,188990,188990,188990,189000,191490,189000,187130,191670,187130,191670,187130,205000,205000,236600,289000,289000,289000,288990,288990,359000,361500
16192424,G.SKILL DDR5-6000 CL36 TRIDENT Z5 J 패키지,G.SKILL TRIDENT Z5 J 패키지,DDR5,6000,CL36,32GB(16GX2),32,181500,181500,181500,181500,181500,188190,188190,188190,188190,188190,188190,188190,188190,188150,188070,189000,219900,219900,219900,219900,219900,219900,227990,229000,229000,229000,229000,281590,289000,289000,361500
17932061,G.SKILL DDR5-6000 CL36 TRIDENT Z5 NEO J 패키지,G.SKILL TRIDENT Z5 NEO J 패키지,DDR5,6000,CL36,32GB(16GX2),32,186880,189050,194510,194510,194510,194510,194510,194510,194510,194510,194510,194510,194510,187390,205480,209560,209560,209560,209560,209560,209560,209560,228990,248800,248800,248800,248800,248800,289000,359000,358990
17931893,G.SKILL DDR5-6000 CL36 TRIDENT Z5 NEO RGB J 패키지,G.SKILL TRIDENT Z5 NEO RGB J 패키지,DDR5,6000,CL36,32GB(16GX2),32,198990,198550,208990,208990,208990,208980,208950,208830,208710,208990,208990,208990,208990,208950,209000,238900,238780,238660,238540,238430,238320,238990,239000,298990,298990,298990,298990,299000,369000,369000,369000
17931893,G.SKILL DDR5-6000 CL36 TRIDENT Z5 NEO RGB J 패키지,G.SKILL TRIDENT Z5 NEO RGB J 패키지,DDR5,6000,CL36,256GB(64GX4),256,1619990,1750000,1749990,1749990,1749990,1749990,1749990,1749990,1749990,1749990,1749990,1749990,1749990,1749890,1879970,1750000,1879920,1879800,1879680,1879640,1879600,1879990,1879990,1879990,1879990,1879990,1879990,1879990,2179990,2179990,2179990
17931893,G.SKILL DDR5-6000 CL36 TRIDENT Z5 NEO RGB J 패키지,G.SKILL TRIDENT Z5 NEO RGB J 패키지,DDR5,6000,CL36,64GB(32GX2),64,358990,360050,378990,378990,378990,378990,378990,378990,378990,378990,378990,378990,378990,378950,439000,439000,492100,492100,492110,492110,492110,492110,552490,499000,499000,499000,499000,498990,578990,578990,578990
72913682,G.SKILL DDR5-6000 CL36 TRIDENT Z5 NEO RGB J 화이트 패키지,G.SKILL TRIDENT Z5 NEO RGB J 화이트 패키지,DDR5,6000,CL36,64GB(32GX2),64,358990,360050,378990,378990,378990,378990,378990,378990,378990,378990,378990,378990,378990,378890,438980,438860,438740,438620,438500,438380,438360,441500,0,0,499000,499000,499000,498990,578990,578990,578990
72913682,G.SKILL DDR5-6000 CL36 TRIDENT Z5 NEO RGB J 화이트 패키지,G.SKILL TRIDENT Z5 NEO RGB J 화이트 패키지,DDR5,6000,CL36,32GB(16GX2),32,199000,198550,209000,209000,209000,209000,209000,209000,209000,209000,209000,209000,209000,209000,209000,239000,239000,239000,239000,239000,214460,214460,0,0,292910,292910,292910,299000,361480,361480,361480
93385616,G.SKILL DDR5-6000 CL36 TRIDENT Z5 NEO RGB J 화이트 패키지,G.SKILL TRIDENT Z5 NEO RGB J 화이트 패키지,DDR5,6000,CL36,64GB(32GX2),64,0,0,0,0,0,0,0,0,0,0,0,0,0,0,0,0,0,0,0,0,0,0,501500,499000,0,0,0,0,0,0,0
93385616,G.SKILL DDR5-6000 CL36 TRIDENT Z5 NEO RGB J 화이트 패키지,G.SKILL TRIDENT Z5 NEO RGB J 화이트 패키지,DDR5,6000,CL36,32GB(16GX2),32,0,0,0,0,0,0,0,0,0,0,0,0,0,0,0,0,0,0,0,0,0,0,250480,292910,0,0,0,0,0,0,0
16193702,G.SKILL DDR5-6000 CL36 TRIDENT Z5 RGB J 실버 패키지,G.SKILL TRIDENT Z5 RGB J 실버 패키지,DDR5,6000,CL36,32GB(16GX2),32,216200,216200,216200,216200,216200,216200,216200,216200,216200,216200,216200,216200,216200,216200,216200,216200,216200,216200,216200,216200,212000,212000,212000,216000,0,0,0,0,0,0,0
16193474,G.SKILL DDR5-6000 CL36 TRIDENT Z5 RGB J 패키지,G.SKILL TRIDENT Z5 RGB J 패키지,DDR5,6000,CL36,32GB(16GX2),32,199000,189050,197870,197870,197870,197870,197870,197870,197870,198990,197870,197870,198990,198950,199000,194190,218190,218190,218190,218190,218190,218190,218190,218190,246990,246990,246990,291340,373800,369000,368990
15980600,G.SKILL DDR5-6000 CL36 TRIDENT Z5 RGB 실버 패키지,G.SKILL TRIDENT Z5 RGB 실버 패키지,DDR5,6000,CL36,32GB(16GX2),32,222500,232500,232500,232500,232500,232500,232500,232500,232500,232500,232500,232500,232500,232500,232500,232500,232500,232500,232500,232500,232500,0,0,0,0,0,0,0,0,0,0
15980393,G.SKILL DDR5-6000 CL36 TRIDENT Z5 RGB 패키지,G.SKILL TRIDENT Z5 RGB 패키지,DDR5,6000,CL36,32GB(16GX2),32,199000,199000,199000,199000,199000,199000,199000,199000,199000,199000,199000,199000,199000,199000,235200,235200,235200,235200,235200,235200,235200,0,0,0,0,0,0,0,0,0,0
21639443,G.SKILL DDR5-6000 CL36 TRIDENT Z5 RGB 화이트 패키지,G.SKILL TRIDENT Z5 RGB 화이트 패키지,DDR5,6000,CL36,32GB(16GX2),32,189000,189000,189000,189000,189000,189000,189000,189000,189000,189000,189000,189000,189000,189000,198950,199000,238980,238860,238740,238630,238520,238990,238990,299000,299000,299000,299000,298990,299000,329000,299000
15979172,G.SKILL DDR5-6000 CL36 TRIDENT Z5 패키지,G.SKILL TRIDENT Z5 패키지,DDR5,6000,CL36,32GB(16GX2),32,219750,219750,219750,219750,219750,219750,219750,219750,219750,219750,219750,219750,219750,222230,219730,219730,219730,227790,227790,227790,189000,0,0,0,0,0,0,0,0,0,0
16192616,G.SKILL DDR5-6000 CL40 TRIDENT Z5 J 실버 패키지,G.SKILL TRIDENT Z5 J 실버 패키지,DDR5,6000,CL40,32GB(16GX2),32,359700,359700,359700,359700,359700,359700,359700,359700,359700,359700,359700,359700,359700,359700,359700,359700,359700,359700,359700,359700,359700,359700,359700,359700,369600,369600,369600,369600,369600,0,0
67847120,G.SKILL DDR5-6400 CL30 TRIDENT Z5 NEO RGB J 패키지,G.SKILL TRIDENT Z5 NEO RGB J 패키지,DDR5,6400,CL30,32GB(16GX2),32,268890,274550,289000,289000,289000,289000,289000,289000,289000,289000,289000,289000,289000,288990,328990,328990,328990,328990,328990,328990,328990,329000,359000,359000,359000,359000,359000,359000,409000,409000,409000
67847150,G.SKILL DDR5-6400 CL30 TRIDENT Z5 NEO RGB J 화이트 패키지,G.SKILL TRIDENT Z5 NEO RGB J 화이트 패키지,DDR5,6400,CL30,32GB(16GX2),32,268560,289000,288990,288990,288990,288990,288990,288990,288990,288990,288990,288990,288990,288950,328990,328880,328760,328640,328520,328400,328380,328990,359000,358990,358990,358990,358990,358990,408990,408990,408990
97841837,G.SKILL DDR5-6400 CL30 TRIDENT Z5 NEO RGB J 화이트 패키지 중고,G.SKILL TRIDENT Z5 NEO RGB J 화이트 패키지 중고,DDR5,6400,CL30,32GB(16GX2),32,173270,207690,207690,207690,207690,207690,207690,207690,207690,207690,207690,207690,207690,230640,230640,230640,230640,230640,230640,230640,230640,230640,276540,276540,276540,276540,276540,276540,314790,314790,314790
67847384,G.SKILL DDR5-6400 CL30 TRIDENT Z5 ROYAL NEO 골드 패키지,G.SKILL TRIDENT Z5 ROYAL NEO 골드 패키지,DDR5,6400,CL30,32GB(16GX2),32,338990,322050,338990,338990,338990,338990,338990,338990,338990,338990,338990,338990,338990,338950,338870,399000,398900,398780,398660,398540,398450,398990,398990,398990,398990,398990,398990,398990,398990,468990,468990
67847408,G.SKILL DDR5-6400 CL30 TRIDENT Z5 ROYAL NEO 실버 패키지,G.SKILL TRIDENT Z5 ROYAL NEO 실버 패키지,DDR5,6400,CL30,32GB(16GX2),32,288990,288990,288990,288990,288990,288990,288990,288990,288990,289000,352000,352000,352000,352000,352000,352000,352000,352000,352000,352000,352000,352000,352000,352000,352000,352000,352000,352000,352000,352000,459000
98576942,G.SKILL DDR5-6400 CL32 G5 ECC/REG 패키지,G.SKILL G5 ECC/REG 패키지,DDR5,6400,CL32,192GB(48GX4),192,0,0,2240850,2240850,2240850,2240850,2240850,2240850,2240850,2240850,2240850,2240850,2240850,2240850,2240850,2240850,2240850,2240850,2240850,2240850,2240850,2240850,2240850,2240850,2240850,2240850,2240850,2240850,2300000,2300000,2300000
98576942,G.SKILL DDR5-6400 CL32 G5 ECC/REG 패키지,G.SKILL G5 ECC/REG 패키지,DDR5,6400,CL32,128GB(32GX4),128,0,0,1656280,1656280,1656280,1656280,1656280,1656280,1656280,1656280,1656280,1656280,1656280,1656280,1656280,1656280,1656280,1656280,1656280,1656280,1656280,1656280,1656280,1656280,1656280,1656280,1656280,1656280,1700000,1700000,1700000
98572421,G.SKILL DDR5-6400 CL32 G5 ECC/REG 패키지,G.SKILL G5 ECC/REG 패키지,DDR5,6400,CL32,192GB(48GX4),192,0,0,2240850,2240850,2240850,2240850,0,0,0,0,0,0,0,0,0,0,0,2240850,2240850,2240850,2240850,2240850,2240850,2240850,2240850,2240850,2240850,2240850,2300000,2300000,2300000
98572421,G.SKILL DDR5-6400 CL32 G5 ECC/REG 패키지,G.SKILL G5 ECC/REG 패키지,DDR5,6400,CL32,128GB(32GX4),128,0,0,1656280,1656280,1656280,1656280,0,0,0,0,0,0,0,0,0,0,0,1656280,1656280,1656280,1656280,1656280,1656280,1656280,1656280,1656280,1656280,1656280,1700000,1700000,1700000
56152034,G.SKILL DDR5-6400 CL32 RIPJAWS M5 RGB 블랙 패키지,G.SKILL RIPJAWS M5 RGB 블랙 패키지,DDR5,6400,CL32,96GB(48GX2),96,688990,654550,688990,688990,688990,688960,688850,688730,688610,688990,688990,688990,688990,688950,688870,759000,758900,758780,758660,758540,758450,758990,758990,799000,0,0,0,0,0,0,0
56152034,G.SKILL DDR5-6400 CL32 RIPJAWS M5 RGB 블랙 패키지,G.SKILL RIPJAWS M5 RGB 블랙 패키지,DDR5,6400,CL32,32GB(16GX2),32,210100,210100,210100,210100,210100,210100,210100,210100,210100,210100,210100,210100,210100,210100,210100,210100,210100,210100,210100,210100,210100,210100,210100,210100,0,0,0,0,0,0,0
56152034,G.SKILL DDR5-6400 CL32 RIPJAWS M5 RGB 블랙 패키지,G.SKILL RIPJAWS M5 RGB 블랙 패키지,DDR5,6400,CL32,64GB(32GX2),64,0,0,0,0,0,0,0,0,0,0,0,0,0,0,0,549000,548970,548850,548730,548640,548570,548990,548990,599000,0,0,0,0,0,0,0
56152076,G.SKILL DDR5-6400 CL32 RIPJAWS M5 RGB 블랙 패키지,G.SKILL RIPJAWS M5 RGB 블랙 패키지,DDR5,6400,CL32,96GB(48GX2),96,0,0,0,0,0,0,0,0,0,0,0,0,0,0,0,0,0,0,0,0,0,0,0,0,799000,799000,799000,798990,798990,908990,908990
56152076,G.SKILL DDR5-6400 CL32 RIPJAWS M5 RGB 블랙 패키지,G.SKILL RIPJAWS M5 RGB 블랙 패키지,DDR5,6400,CL32,64GB(32GX2),64,0,0,0,0,0,0,0,0,0,0,0,0,0,0,0,0,0,0,0,0,0,0,0,0,599000,599000,599000,598990,598990,698980,698990
56152076,G.SKILL DDR5-6400 CL32 RIPJAWS M5 RGB 블랙 패키지,G.SKILL RIPJAWS M5 RGB 블랙 패키지,DDR5,6400,CL32,32GB(16GX2),32,0,0,0,0,0,0,0,0,0,0,0,0,0,0,0,0,0,0,0,0,0,0,0,0,329000,329000,329000,328990,328990,378990,378990
56152106,G.SKILL DDR5-6400 CL32 RIPJAWS M5 RGB 화이트 패키지,G.SKILL RIPJAWS M5 RGB 화이트 패키지,DDR5,6400,CL32,96GB(48GX2),96,688990,688990,688990,688990,688990,688990,688990,688990,688990,688990,0,0,0,0,0,689000,759000,759000,759000,759000,759000,759000,0,0,0,0,0,0,0,0,0
56152106,G.SKILL DDR5-6400 CL32 RIPJAWS M5 RGB 화이트 패키지,G.SKILL RIPJAWS M5 RGB 화이트 패키지,DDR5,6400,CL32,64GB(32GX2),64,499000,474050,499000,499000,499000,499000,499000,499000,499000,499000,0,0,0,0,0,549000,548990,548990,548990,548990,548990,549000,0,0,0,0,0,0,0,0,0
56152106,G.SKILL DDR5-6400 CL32 RIPJAWS M5 RGB 화이트 패키지,G.SKILL RIPJAWS M5 RGB 화이트 패키지,DDR5,6400,CL32,32GB(16GX2),32,210100,210100,210100,210100,210100,210100,210100,210100,210100,210100,0,0,0,0,0,210100,210100,210100,210100,210100,210100,210100,0,0,0,0,0,0,0,0,0
56152124,G.SKILL DDR5-6400 CL32 RIPJAWS M5 RGB 화이트 패키지,G.SKILL RIPJAWS M5 RGB 화이트 패키지,DDR5,6400,CL32,96GB(48GX2),96,0,0,0,0,0,0,0,0,0,0,654000,654000,654000,0,0,0,0,0,0,0,0,0,0,0,0,0,0,0,0,0,0
56152124,G.SKILL DDR5-6400 CL32 RIPJAWS M5 RGB 화이트 패키지,G.SKILL RIPJAWS M5 RGB 화이트 패키지,DDR5,6400,CL32,64GB(32GX2),64,0,0,0,0,0,0,0,0,0,0,499000,499000,499000,498990,498990,0,0,0,0,0,0,0,0,0,0,0,0,0,0,0,0
56152124,G.SKILL DDR5-6400 CL32 RIPJAWS M5 RGB 화이트 패키지,G.SKILL RIPJAWS M5 RGB 화이트 패키지,DDR5,6400,CL32,32GB(16GX2),32,0,0,0,0,0,0,0,0,0,0,210100,210100,210100,210100,210100,0,0,0,0,0,0,0,0,0,0,0,0,0,0,0,0
56152154,G.SKILL DDR5-6400 CL32 RIPJAWS M5 RGB 화이트 패키지,G.SKILL RIPJAWS M5 RGB 화이트 패키지,DDR5,6400,CL32,96GB(48GX2),96,0,0,0,0,0,0,0,0,0,0,0,0,0,0,0,0,0,0,0,0,0,0,759000,799000,799000,799000,799000,798990,798990,908980,908990
56152154,G.SKILL DDR5-6400 CL32 RIPJAWS M5 RGB 화이트 패키지,G.SKILL RIPJAWS M5 RGB 화이트 패키지,DDR5,6400,CL32,64GB(32GX2),64,0,0,0,0,0,0,0,0,0,0,0,0,0,0,0,0,0,0,0,0,0,0,549000,599000,599000,599000,599000,599000,599000,698980,698990
56152154,G.SKILL DDR5-6400 CL32 RIPJAWS M5 RGB 화이트 패키지,G.SKILL RIPJAWS M5 RGB 화이트 패키지,DDR5,6400,CL32,32GB(16GX2),32,0,0,0,0,0,0,0,0,0,0,0,0,0,0,0,0,0,0,0,0,0,0,210100,289080,329000,329000,329000,328990,328990,378980,378990
98613503,G.SKILL DDR5-6400 CL32 T5 NEO ECC/REG 패키지,G.SKILL T5 NEO ECC/REG 패키지,DDR5,6400,CL32,192GB(48GX4),192,0,0,2299090,2299090,2299090,2299090,2299090,2299090,2299090,2299090,2299090,2299090,2299090,2299090,2299090,2299090,2299090,2299090,2299090,2299090,2299090,2299090,2299090,2299090,2299090,2299090,2299090,2299000,2299000,2299000,2359990
98613503,G.SKILL DDR5-6400 CL32 T5 NEO ECC/REG 패키지,G.SKILL T5 NEO ECC/REG 패키지,DDR5,6400,CL32,128GB(32GX4),128,0,0,1714530,1714530,1714530,1714530,1714530,1714530,1714530,1714530,1714530,1714530,1714530,1714530,1714530,1714530,1714530,1714530,1714530,1714530,1714530,1714530,1714530,1714530,1714530,1714530,1714530,1714000,1714000,1714000,1760000
98613491,G.SKILL DDR5-6400 CL32 T5 NEO ECC/REG 패키지,G.SKILL T5 NEO ECC/REG 패키지,DDR5,6400,CL32,192GB(48GX4),192,0,0,2299090,0,0,0,0,0,0,0,0,0,0,0,0,0,0,0,0,0,0,0,0,0,0,0,0,0,0,0,0
98613491,G.SKILL DDR5-6400 CL32 T5 NEO ECC/REG 패키지,G.SKILL T5 NEO ECC/REG 패키지,DDR5,6400,CL32,128GB(32GX4),128,0,0,1714530,0,0,0,0,0,0,0,0,0,0,0,0,0,0,0,0,0,0,0,0,0,0,0,0,0,0,0,0
16272947,G.SKILL DDR5-6400 CL32 TRIDENT Z5 J 실버 패키지,G.SKILL TRIDENT Z5 J 실버 패키지,DDR5,6400,CL32,32GB(16GX2),32,229000,229000,229000,229000,229000,229000,229000,229000,229000,229000,229000,229000,229000,228990,228990,258990,258990,258990,258990,258990,258990,258990,258990,289080,319000,319000,319000,319000,319000,378990,378990
16272770,G.SKILL DDR5-6400 CL32 TRIDENT Z5 J 패키지,G.SKILL TRIDENT Z5 J 패키지,DDR5,6400,CL32,32GB(16GX2),32,229000,217550,229000,229000,229000,229000,229000,229000,229000,229000,229000,229000,229000,228990,228990,236600,236600,236600,236600,236600,236600,236600,236600,236600,319000,319000,319000,319000,319000,378990,378990
20019728,G.SKILL DDR5-6400 CL32 TRIDENT Z5 RGB J 실버 패키지,G.SKILL TRIDENT Z5 RGB J 실버 패키지,DDR5,6400,CL32,96GB(48GX2),96,698990,664050,698990,698990,698990,698990,698990,698990,698990,698990,698990,698990,698990,698950,698870,779000,778900,778780,778660,778540,778450,778990,778990,778990,778990,778990,778990,778990,778990,928980,928990
20019728,G.SKILL DDR5-6400 CL32 TRIDENT Z5 RGB J 실버 패키지,G.SKILL TRIDENT Z5 RGB J 실버 패키지,DDR5,6400,CL32,32GB(16GX2),32,221100,221100,221100,221100,221100,221100,221100,221100,221100,221100,221100,221100,221100,221100,221100,221100,221100,221100,221100,221100,221100,221100,221100,221100,221100,221100,0,0,0,0,0
20019728,G.SKILL DDR5-6400 CL32 TRIDENT Z5 RGB J 실버 패키지,G.SKILL TRIDENT Z5 RGB J 실버 패키지,DDR5,6400,CL32,64GB(32GX2),64,0,0,0,0,0,0,0,0,0,0,0,0,0,0,0,0,0,0,0,0,378990,388800,0,0,0,0,0,0,0,0,0
18036602,G.SKILL DDR5-6400 CL32 TRIDENT Z5 RGB J 패키지,G.SKILL TRIDENT Z5 RGB J 패키지,DDR5,6400,CL32,96GB(48GX2),96,699000,664050,699000,699000,699000,699000,0,0,0,0,0,0,0,0,0,778990,0,0,0,0,0,0,779000,779000,779000,779000,779000,779000,779000,905130,905130
18036602,G.SKILL DDR5-6400 CL32 TRIDENT Z5 RGB J 패키지,G.SKILL TRIDENT Z5 RGB J 패키지,DDR5,6400,CL32,64GB(32GX2),64,508990,509000,509000,509000,509000,509000,0,0,0,0,0,0,0,0,0,509000,0,0,0,0,0,0,544650,593360,593360,593360,593360,593360,608990,737320,738990
18036602,G.SKILL DDR5-6400 CL32 TRIDENT Z5 RGB J 패키지,G.SKILL TRIDENT Z5 RGB J 패키지,DDR5,6400,CL32,32GB(16GX2),32,233750,221800,218000,218000,218000,218000,0,0,0,0,0,0,0,0,0,233750,0,0,0,0,0,0,238150,238150,339000,339000,339000,338990,338990,388980,388990
20019680,G.SKILL DDR5-6400 CL32 TRIDENT Z5 RGB J 패키지,G.SKILL TRIDENT Z5 RGB J 패키지,DDR5,6400,CL32,96GB(48GX2),96,0,0,0,0,0,0,699000,699000,699000,0,0,0,0,0,0,0,769000,769000,769000,769000,769000,769000,0,0,0,0,0,0,0,0,0
20019680,G.SKILL DDR5-6400 CL32 TRIDENT Z5 RGB J 패키지,G.SKILL TRIDENT Z5 RGB J 패키지,DDR5,6400,CL32,64GB(32GX2),64,0,0,0,0,0,0,509000,509000,509000,0,0,0,0,0,0,0,544650,544650,544650,544650,544650,544650,0,0,0,0,0,0,0,0,0
20019680,G.SKILL DDR5-6400 CL32 TRIDENT Z5 RGB J 패키지,G.SKILL TRIDENT Z5 RGB J 패키지,DDR5,6400,CL32,32GB(16GX2),32,0,0,0,0,0,0,218000,218000,218000,0,0,0,0,0,0,0,233750,238150,238150,238150,238150,238150,0,0,0,0,0,0,0,0,0
16272698,G.SKILL DDR5-6400 CL32 TRIDENT Z5 RGB J 패키지,G.SKILL TRIDENT Z5 RGB J 패키지,DDR5,6400,CL32,96GB(48GX2),96,0,0,0,0,0,0,0,0,0,699000,699000,699000,699000,698990,698990,0,0,0,0,0,0,0,0,0,0,0,0,0,0,0,0
16272698,G.SKILL DDR5-6400 CL32 TRIDENT Z5 RGB J 패키지,G.SKILL TRIDENT Z5 RGB J 패키지,DDR5,6400,CL32,64GB(32GX2),64,0,0,0,0,0,0,0,0,0,509000,509000,509000,509000,509000,509000,0,0,0,0,0,0,0,0,0,0,0,0,0,0,0,0
16272698,G.SKILL DDR5-6400 CL32 TRIDENT Z5 RGB J 패키지,G.SKILL TRIDENT Z5 RGB J 패키지,DDR5,6400,CL32,32GB(16GX2),32,0,0,0,0,0,0,0,0,0,218000,215580,233750,233750,233750,233750,0,0,0,0,0,0,0,0,0,0,0,0,0,0,0,0
21639455,G.SKILL DDR5-6400 CL32 TRIDENT Z5 RGB 화이트 패키지,G.SKILL TRIDENT Z5 RGB 화이트 패키지,DDR5,6400,CL32,64GB(32GX2),64,453200,453200,453200,453200,453200,0,0,0,0,0,0,0,0,0,0,0,0,0,0,0,453200,453200,453200,453200,453200,453200,453200,453200,453200,453200,453200
21639455,G.SKILL DDR5-6400 CL32 TRIDENT Z5 RGB 화이트 패키지,G.SKILL TRIDENT Z5 RGB 화이트 패키지,DDR5,6400,CL32,32GB(16GX2),32,221100,221100,221100,221100,221100,0,0,0,0,0,0,0,0,0,0,0,0,0,0,0,269000,269000,269000,300240,339000,339000,339000,339000,338990,388980,388990
21639452,G.SKILL DDR5-6400 CL32 TRIDENT Z5 RGB 화이트 패키지,G.SKILL TRIDENT Z5 RGB 화이트 패키지,DDR5,6400,CL32,64GB(32GX2),64,0,0,0,0,0,453200,453200,453200,453200,453200,453200,453200,453200,453200,453200,453200,453200,453200,453200,453200,0,0,0,0,0,0,0,0,0,0,0
21639452,G.SKILL DDR5-6400 CL32 TRIDENT Z5 RGB 화이트 패키지,G.SKILL TRIDENT Z5 RGB 화이트 패키지,DDR5,6400,CL32,32GB(16GX2),32,0,0,0,0,0,221100,221100,221100,221100,221100,221100,221100,221100,221100,221100,221100,221100,269000,269000,269000,0,0,0,0,0,0,0,0,0,0,0
58666502,G.SKILL DDR5-6400 CL32 TRIDENT Z5 ROYAL 실버 패키지,G.SKILL TRIDENT Z5 ROYAL 실버 패키지,DDR5,6400,CL32,64GB(32GX2),64,560080,560080,560080,560080,560080,0,0,0,0,0,0,0,0,0,0,0,0,0,0,0,598510,598990,598990,639000,639000,639000,639000,638990,638990,758960,758990
58666502,G.SKILL DDR5-6400 CL32 TRIDENT Z5 ROYAL 실버 패키지,G.SKILL TRIDENT Z5 ROYAL 실버 패키지,DDR5,6400,CL32,32GB(16GX2),32,248990,248990,248990,248990,248990,0,0,0,0,0,0,0,0,0,0,0,0,0,0,0,298590,298990,298990,359000,359000,359000,359000,358990,358990,408980,408990
58666523,G.SKILL DDR5-6400 CL32 TRIDENT Z5 ROYAL 실버 패키지,G.SKILL TRIDENT Z5 ROYAL 실버 패키지,DDR5,6400,CL32,32GB(16GX2),32,0,0,0,0,0,248990,248990,248990,248990,248990,708720,708720,710760,710290,710140,299000,298970,298850,298730,298610,0,0,0,0,0,0,0,0,0,0,0
58666523,G.SKILL DDR5-6400 CL32 TRIDENT Z5 ROYAL 실버 패키지,G.SKILL TRIDENT Z5 ROYAL 실버 패키지,DDR5,6400,CL32,64GB(32GX2),64,0,0,0,0,0,0,0,0,0,0,0,0,0,0,0,599000,598970,598850,598730,598620,0,0,0,0,0,0,0,0,0,0,0
46101689,G.SKILL DDR5-6400 CL32 ZETA R5 ECC/REG 패키지,G.SKILL ZETA R5 ECC/REG 패키지,DDR5,6400,CL32,192GB(48GX4),192,2125460,2125460,2125460,2125460,2125460,2125460,2125460,2125460,2125460,2125460,2125460,2125460,2125460,2125460,2125460,2125460,2125460,2125460,0,0,0,0,0,0,0,2125460,2125460,2125460,2125460,2125450,2125450
46101689,G.SKILL DDR5-6400 CL32 ZETA R5 ECC/REG 패키지,G.SKILL ZETA R5 ECC/REG 패키지,DDR5,6400,CL32,64GB(16GX4),64,798050,798050,798050,798050,798050,798050,798050,798050,798050,798050,798050,798050,798050,798050,798050,798050,798050,798050,0,0,0,0,0,0,0,798050,798050,798050,798050,798050,798050
46101689,G.SKILL DDR5-6400 CL32 ZETA R5 ECC/REG 패키지,G.SKILL ZETA R5 ECC/REG 패키지,DDR5,6400,CL32,128GB(32GX4),128,0,0,0,0,0,0,0,0,0,0,0,0,0,1908000,0,0,0,0,0,0,0,0,0,0,0,0,0,0,0,0,0
63144167,G.SKILL DDR5-6400 CL32 ZETA R5 ECC/REG 패키지,G.SKILL ZETA R5 ECC/REG 패키지,DDR5,6400,CL32,192GB(48GX4),192,0,0,0,0,0,0,0,0,0,0,0,0,0,0,0,0,0,0,2125460,2125460,2125460,2125460,2125460,2125460,2125460,0,0,0,0,0,0
63144167,G.SKILL DDR5-6400 CL32 ZETA R5 ECC/REG 패키지,G.SKILL ZETA R5 ECC/REG 패키지,DDR5,6400,CL32,64GB(16GX4),64,0,0,0,0,0,0,0,0,0,0,0,0,0,0,0,0,0,0,798050,798050,798050,798050,798050,798050,798050,0,0,0,0,0,0
46101803,G.SKILL DDR5-6400 CL32 ZETA R5 NEO ECC/REG 패키지,G.SKILL ZETA R5 NEO ECC/REG 패키지,DDR5,6400,CL32,192GB(48GX4),192,2139990,2139990,2139990,2139990,2139990,2139990,2139990,2139990,2139990,2139990,2139990,2139990,2139990,2139990,2139990,2139990,2139990,2139990,2139990,2139990,2139990,2139990,2139990,2139990,2139990,2139990,2139990,2139990,2139990,2139990,2139990
98613434,G.SKILL DDR5-6400 CL36 T5 NEO ECC/REG 패키지,G.SKILL T5 NEO ECC/REG 패키지,DDR5,6400,CL36,256GB(64GX4),256,0,0,2688800,2688800,2688800,2688800,2688800,2688800,2688800,2688800,2688810,2688810,2688810,2688810,2688810,2688810,2688810,2688810,2688810,2688810,2688810,2688810,2688810,2688810,2688810,2688810,2688810,2688000,2688000,2688000,2759990
17001053,G.SKILL DDR5-6600 CL34 TRIDENT Z5 RGB 실버 패키지,G.SKILL TRIDENT Z5 RGB 실버 패키지,DDR5,6600,CL34,32GB(16GX2),32,208990,208990,208990,208990,208990,208990,208990,208990,208990,208990,208990,208990,208990,208990,208990,208990,208990,208990,208990,208990,203720,0,0,0,0,0,0,0,0,0,0
17000948,G.SKILL DDR5-6600 CL34 TRIDENT Z5 RGB 패키지,G.SKILL TRIDENT Z5 RGB 패키지,DDR5,6600,CL34,32GB(16GX2),32,208990,208990,208990,208990,208990,208990,208990,208990,208990,208990,208990,208990,208990,208990,208990,208990,208990,208990,208990,208990,203710,203710,191600,0,0,0,0,0,0,0,0
18036605,G.SKILL DDR5-6800 CL34 TRIDENT Z5 RGB J 실버 패키지,G.SKILL TRIDENT Z5 RGB J 실버 패키지,DDR5,6800,CL34,32GB(16GX2),32,238860,269000,269000,269000,269000,269000,269000,269000,269000,269000,269000,269000,269000,268990,268990,300240,300240,300240,300240,300240,338990,339000,339000,339000,339000,339000,339000,338990,338990,408980,408990
18036608,G.SKILL DDR5-6800 CL34 TRIDENT Z5 RGB J 패키지,G.SKILL TRIDENT Z5 RGB J 패키지,DDR5,6800,CL34,32GB(16GX2),32,239000,269000,269000,269000,269000,268990,268990,268990,268990,268990,268990,268990,269000,268990,268990,300240,300240,300240,300240,300240,338990,339000,339000,339000,339000,339000,339000,338990,338990,408980,408990
18036644,G.SKILL DDR5-7200 CL34 TRIDENT Z5 RGB J 실버 패키지,G.SKILL TRIDENT Z5 RGB J 실버 패키지,DDR5,7200,CL34,32GB(16GX2),32,259000,279000,278990,278990,278990,278990,278990,278990,278990,278990,278990,278990,278990,278950,278870,301650,301650,301650,301650,301650,301650,358990,358990,358990,358990,358990,358990,358990,358990,418050,418990
18036653,G.SKILL DDR5-7200 CL34 TRIDENT Z5 RGB J 패키지,G.SKILL TRIDENT Z5 RGB J 패키지,DDR5,7200,CL34,32GB(16GX2),32,259000,279000,279000,279000,279000,279000,279000,279000,279000,279000,279000,279000,279000,278990,278990,301650,301650,301650,301650,301650,301650,359000,359000,359000,359000,359000,359000,359000,359000,418980,418990
63271535,G.SKILL DDR5-7200 CL34 TRIDENT Z5 ROYAL 골드 패키지,G.SKILL TRIDENT Z5 ROYAL 골드 패키지,DDR5,7200,CL34,32GB(16GX2),32,348990,348990,348990,348990,348990,348990,348990,348990,348990,348990,348990,348990,348990,348890,348810,429000,428900,428780,428660,428540,428450,428990,428990,428990,428990,428990,428990,428990,428990,468990,468990
58666550,G.SKILL DDR5-7200 CL34 TRIDENT Z5 ROYAL 실버 패키지,G.SKILL TRIDENT Z5 ROYAL 실버 패키지,DDR5,7200,CL34,32GB(16GX2),32,298990,298990,298990,298990,298990,298990,298990,298990,298990,298990,298990,298990,298990,298950,298870,323270,323270,323270,323270,323270,323270,388990,388990,388990,388990,388990,388990,388990,388990,389000,388990
20019989,G.SKILL DDR5-7200 CL36 TRIDENT Z5 RGB J 실버 패키지,G.SKILL TRIDENT Z5 RGB J 실버 패키지,DDR5,7200,CL36,48GB(24GX2),48,339000,339000,339000,339000,339000,339000,339000,339000,339000,339000,339000,339000,339000,339000,339000,459000,458900,458780,458660,458530,458420,458990,458990,458990,459000,459000,459000,459000,459000,578980,578990
20019920,G.SKILL DDR5-7200 CL36 TRIDENT Z5 RGB J 패키지,G.SKILL TRIDENT Z5 RGB J 패키지,DDR5,7200,CL36,48GB(24GX2),48,339000,339000,339000,339000,339000,339000,339000,339000,339000,339000,339000,339000,339000,339000,339000,459000,458900,458780,458660,458540,458420,458990,458990,458990,458990,458990,458990,458990,458990,578980,578990
63271547,G.SKILL DDR5-7200 CL36 TRIDENT Z5 ROYAL 골드 패키지,G.SKILL TRIDENT Z5 ROYAL 골드 패키지,DDR5,7200,CL36,48GB(24GX2),48,418990,418990,418990,418990,418990,418990,418990,418990,419000,419000,419000,419000,419000,418990,418990,433510,467640,538990,538990,538990,538990,539000,539000,539000,539000,539000,539000,539000,539000,539000,618990
58666538,G.SKILL DDR5-7200 CL36 TRIDENT Z5 ROYAL 실버 패키지,G.SKILL TRIDENT Z5 ROYAL 실버 패키지,DDR5,7200,CL36,48GB(24GX2),48,369000,369000,369000,369000,369000,369000,369000,369000,369000,369000,369000,369000,369000,368990,368990,369000,386700,386700,386700,386700,386700,499000,499000,499000,499000,499000,499000,499000,499000,499000,523380
18036659,G.SKILL DDR5-7600 CL36 TRIDENT Z5 RGB J 실버 패키지,G.SKILL TRIDENT Z5 RGB J 실버 패키지,DDR5,7600,CL36,32GB(16GX2),32,268900,269000,269000,269000,269000,269000,269000,269000,269000,269000,269000,269000,269000,269000,269000,322560,322560,368990,368990,368990,368990,369000,369000,369000,369000,369000,369000,369000,369000,428960,428990
18036662,G.SKILL DDR5-7600 CL36 TRIDENT Z5 RGB J 패키지,G.SKILL TRIDENT Z5 RGB J 패키지,DDR5,7600,CL36,32GB(16GX2),32,269000,269000,269000,269000,269000,269000,269000,269000,269000,269000,269000,269000,269000,269000,269000,322560,368970,368900,368780,368660,368570,368990,368990,368990,368990,368990,368990,368990,368990,428020,428990
20020085,G.SKILL DDR5-8000 CL40 TRIDENT Z5 RGB J 실버 패키지,G.SKILL TRIDENT Z5 RGB J 실버 패키지,DDR5,8000,CL40,48GB(24GX2),48,419000,419000,419000,419000,419000,419000,419000,419000,419000,419000,419000,419000,419000,418990,418990,489000,488990,488990,488990,488990,488990,489000,489000,489000,489000,489000,489000,489000,489000,484540,484540
20020046,G.SKILL DDR5-8000 CL40 TRIDENT Z5 RGB J 패키지,G.SKILL TRIDENT Z5 RGB J 패키지,DDR5,8000,CL40,48GB(24GX2),48,419000,419000,419000,419000,419000,418990,418990,418990,418990,418990,418990,418990,419000,418990,418970,489000,488900,488780,488660,488570,488990,489000,489000,489000,489000,489000,489000,568510,568510,568510,568510
72720587,G.SKILL DDR5-8200 CL40 TRIDENT Z5 CK RGB 패키지,G.SKILL TRIDENT Z5 CK RGB 패키지,DDR5,8200,CL40,48GB(24GX2),48,428990,428990,428990,428990,428990,428990,428990,428990,428990,428990,428990,428990,428990,428950,428870,469000,468900,468780,468660,468540,468450,468990,468990,468990,468990,468990,468990,468990,468990,462800,462800
72720323,G.SKILL DDR5-8200 CL40 TRIDENT Z5 CK 패키지,G.SKILL TRIDENT Z5 CK 패키지,DDR5,8200,CL40,48GB(24GX2),48,0,0,0,0,0,0,0,0,0,0,0,0,0,0,0,399000,438990,438990,438990,438990,438960,438990,438990,438990,438990,438990,438990,438990,438990,430240,430240
72720620,G.SKILL DDR5-8400 CL40 TRIDENT Z5 CK RGB 패키지,G.SKILL TRIDENT Z5 CK RGB 패키지,DDR5,8400,CL40,48GB(24GX2),48,528990,528990,528990,528990,528990,528990,528990,528990,528990,528990,528990,528990,528990,528890,528820,528790,528700,528670,528550,528430,528390,528990,528990,528990,528990,528990,528990,528990,528990,527910,527900
72720398,G.SKILL DDR5-8400 CL40 TRIDENT Z5 CK 패키지,G.SKILL TRIDENT Z5 CK 패키지,DDR5,8400,CL40,48GB(24GX2),48,498990,498990,498990,498990,498990,498990,498990,498990,498990,498990,498990,498990,498990,498950,473500,0,0,0,0,0,0,0,0,0,0,0,0,0,0,0,0
72720644,G.SKILL DDR5-8800 CL42 TRIDENT Z5 CK RGB 패키지,G.SKILL TRIDENT Z5 CK RGB 패키지,DDR5,8800,CL42,48GB(24GX2),48,578990,578990,578990,578990,578990,578990,578990,578990,578990,578990,578990,578990,578990,578890,578810,578690,578570,578450,578330,578200,578090,578990,578990,578990,578990,578990,578990,578990,578990,578990,578990
72720434,G.SKILL DDR5-8800 CL42 TRIDENT Z5 CK 패키지,G.SKILL TRIDENT Z5 CK 패키지,DDR5,8800,CL42,48GB(24GX2),48,549000,549000,549000,549000,549000,549000,549000,549000,549000,549000,549000,549000,549000,549000,549000,549000,549000,549000,549000,549000,549000,0,0,0,0,0,0,0,0,0,0
72720647,G.SKILL DDR5-9000 CL42 TRIDENT Z5 CK RGB 패키지,G.SKILL TRIDENT Z5 CK RGB 패키지,DDR5,9000,CL42,48GB(24GX2),48,0,0,0,0,0,0,0,0,0,0,0,0,0,0,0,602580,602580,602580,602580,602580,602580,602580,602580,602580,602580,602580,602580,602580,627840,627840,627840
72720449,G.SKILL DDR5-9000 CL42 TRIDENT Z5 CK 패키지,G.SKILL TRIDENT Z5 CK 패키지,DDR5,9000,CL42,48GB(24GX2),48,0,0,0,0,0,0,0,0,0,0,0,0,0,0,0,589000,589000,589000,589000,589000,589000,589000,589000,589000,589000,589000,589000,589000,589000,589000,589000
7954927,G.SKILL 노트북 DDR4-2666 CL19 RIPJAWS,G.SKILL 노트북 RIPJAWS,DDR4,2666,CL19,16GB,16,64200,66500,69100,69100,69100,69100,69100,69100,69100,69100,69100,69100,69100,69100,69100,69100,70000,0,0,0,0,0,0,0,90800,0,0,0,0,0,0
7954927,G.SKILL 노트북 DDR4-2666 CL19 RIPJAWS,G.SKILL 노트북 RIPJAWS,DDR4,2666,CL19,8GB,8,32250,32250,30750,30750,30750,30750,30750,30750,30750,30750,30750,30750,30750,30250,30250,30250,33950,0,0,0,0,0,0,0,47000,0,0,0,0,0,0
7954897,G.SKILL 노트북 DDR4-2666 CL19 RIPJAWS,G.SKILL 노트북 RIPJAWS,DDR4,2666,CL19,16GB,16,0,0,0,0,0,0,0,0,0,0,0,0,0,0,0,0,0,70000,70000,70000,70000,70000,83000,90800,0,90800,90800,92000,109250,109250,109250
7954897,G.SKILL 노트북 DDR4-2666 CL19 RIPJAWS,G.SKILL 노트북 RIPJAWS,DDR4,2666,CL19,8GB,8,0,0,0,0,0,0,0,0,0,0,0,0,0,0,0,0,0,33950,33950,33950,33950,34500,34500,34500,0,47000,47000,47000,55860,55860,55860
12247271,G.SKILL 노트북 DDR4-3200 CL22 RIPJAWS,G.SKILL 노트북 RIPJAWS,DDR4,3200,CL22,32GB,32,196770,196770,196770,196770,196770,196770,196770,196770,196770,196770,196770,196770,0,0,0,0,0,0,0,0,0,0,0,0,0,0,0,0,0,0,0
12247271,G.SKILL 노트북 DDR4-3200 CL22 RIPJAWS,G.SKILL 노트북 RIPJAWS,DDR4,3200,CL22,16GB,16,64990,66500,69990,69990,69990,69990,69990,69990,69990,69990,69990,69990,69990,69950,69870,69750,83000,82900,82780,82660,82570,82990,82990,92000,92000,92000,92000,91990,109250,109250,109250
12247271,G.SKILL 노트북 DDR4-3200 CL22 RIPJAWS,G.SKILL 노트북 RIPJAWS,DDR4,3200,CL22,8GB,8,32990,34200,35990,35990,35990,35990,35990,35990,35990,35990,35990,35990,35990,35950,35870,35800,42000,41900,41780,41970,41860,41990,41990,47000,47000,47000,47000,47000,57000,57000,57000
31050617,G.SKILL 노트북 DDR5-4800 CL40 RIPJAWS,G.SKILL 노트북 RIPJAWS,DDR5,4800,CL40,32GB,32,147000,155000,155000,155000,155000,155000,155000,155000,155000,155000,155000,155000,155000,155000,173040,173040,173040,173040,173040,173040,0,0,0,0,0,0,0,0,0,0,0
31050617,G.SKILL 노트북 DDR5-4800 CL40 RIPJAWS,G.SKILL 노트북 RIPJAWS,DDR5,4800,CL40,16GB,16,78000,82000,82000,82000,82000,82000,82000,82000,82000,82000,82000,82000,82000,82000,99000,99000,98900,98780,98660,99000,0,0,0,0,0,0,0,0,0,0,0
31050695,G.SKILL 노트북 DDR5-4800 CL40 RIPJAWS,G.SKILL 노트북 RIPJAWS,DDR5,4800,CL40,32GB,32,0,0,0,0,0,0,0,0,0,0,0,0,0,0,0,0,0,0,0,0,190000,190000,190000,205390,259000,259000,259000,258990,323800,323800,323800
31050695,G.SKILL 노트북 DDR5-4800 CL40 RIPJAWS,G.SKILL 노트북 RIPJAWS,DDR5,4800,CL40,16GB,16,0,0,0,0,0,0,0,0,0,0,0,0,0,0,0,0,0,0,0,0,101000,101500,135500,135500,135500,135500,135500,135500,172500,172500,172500
15910004,GIGABYTE AORUS DDR5-5200 CL40 패키지 제이씨현,GIGABYTE AORUS 패키지 제이씨현,DDR5,5200,CL40,32GB(16GX2),32,360580,360580,360580,360580,360580,360580,360580,360580,360580,360580,360580,360580,422600,360580,360580,360580,360580,360580,360580,360580,360580,360580,360580,360580,360580,360580,360580,360580,360580,360580,360580
6233439,GSMS 노트북 DDR3-1600 CL11 1.35V,GSMS 노트북 1.35V,DDR3,1600,CL11,4GB,4,6900,6900,6900,6900,6900,6900,6900,6900,6900,6900,6900,6900,6900,6890,6890,6890,6890,6890,6890,6890,6890,6900,6900,6900,6900,6900,6900,6900,6900,6900,6900
5528834,GeIL DDR4-2400 CL17 PRISTINE,GeIL PRISTINE,DDR4,2400,CL17,8GB,8,23900,23750,25000,25000,25000,25000,25000,25000,25000,25000,25000,25000,25000,25000,25000,26100,26100,33000,33000,34200,37300,38760,44300,44300,47500,47500,47500,47500,47500,53000,53000
6168329,GeIL DDR4-2666 CL19 PRISTINE,GeIL PRISTINE,DDR4,2666,CL19,16GB,16,59000,56050,59000,0,0,0,0,0,0,0,0,0,0,0,0,0,0,64000,64000,76000,76000,76160,76160,76160,0,0,0,0,0,0,0
6168329,GeIL DDR4-2666 CL19 PRISTINE,GeIL PRISTINE,DDR4,2666,CL19,8GB,8,25050,24700,25250,0,0,0,0,0,0,0,0,0,0,0,0,0,0,33000,33000,38000,38000,38760,39000,39000,0,0,0,0,0,0,0
6168329,GeIL DDR4-2666 CL19 PRISTINE,GeIL PRISTINE,DDR4,2666,CL19,4GB,4,13000,12350,13000,0,0,0,0,0,0,0,0,0,0,0,0,0,0,13000,13000,13000,13000,13000,13000,13000,0,0,0,0,0,0,0
6168351,GeIL DDR4-2666 CL19 PRISTINE,GeIL PRISTINE,DDR4,2666,CL19,16GB,16,0,0,0,59000,59000,59000,59000,0,0,0,0,0,0,0,0,0,0,0,0,0,0,0,0,0,0,0,0,0,0,0,0
6168351,GeIL DDR4-2666 CL19 PRISTINE,GeIL PRISTINE,DDR4,2666,CL19,8GB,8,0,0,0,25250,25250,25250,25250,0,0,0,0,0,0,0,0,0,0,0,0,0,0,0,0,0,0,0,0,0,0,0,0
6168351,GeIL DDR4-2666 CL19 PRISTINE,GeIL PRISTINE,DDR4,2666,CL19,4GB,4,0,0,0,13000,13000,13000,13000,0,0,0,0,0,0,0,0,0,0,0,0,0,0,0,0,0,0,0,0,0,0,0,0
6168338,GeIL DDR4-2666 CL19 PRISTINE,GeIL PRISTINE,DDR4,2666,CL19,16GB,16,0,0,0,0,0,0,0,59000,59000,59000,59000,59000,59000,59000,64000,64000,64000,0,0,0,0,0,0,0,106000,106000,106000,106000,106000,106000,106000
6168338,GeIL DDR4-2666 CL19 PRISTINE,GeIL PRISTINE,DDR4,2666,CL19,8GB,8,0,0,0,0,0,0,0,25250,25250,25250,26000,26000,26000,26000,26000,29040,33000,0,0,0,0,0,0,0,52190,52190,52190,52190,53990,53990,53990
6168338,GeIL DDR4-2666 CL19 PRISTINE,GeIL PRISTINE,DDR4,2666,CL19,4GB,4,0,0,0,0,0,0,0,13000,13000,13000,13000,13000,13000,13000,13000,13000,13000,0,0,0,0,0,0,0,13630,13630,13630,13690,13690,13690,13690
8444481,GeIL DDR4-2666 CL19 SUPER LUCE RGB Sync 화이트,GeIL SUPER LUCE RGB Sync 화이트,DDR4,2666,CL19,16GB,16,169090,169090,169090,169090,169090,169090,169090,169090,169090,169090,169090,169090,169090,169090,169090,169090,169090,169090,169090,169090,169090,169090,169090,169090,169090,169090,169090,169090,169090,169090,169090
8443041,GeIL DDR4-3200 CL16 EVO SPEAR,GeIL EVO SPEAR,DDR4,3200,CL16,8GB,8,30000,30000,30000,30000,30000,30000,30000,30000,30000,30000,30000,30000,30000,36000,36000,36000,41000,41000,41000,41000,41000,48000,48000,48000,0,0,0,0,0,0,0
6062555,GeIL DDR4-3200 CL16 SUPER LUCE RGB Sync 블랙 패키지,GeIL SUPER LUCE RGB Sync 블랙 패키지,DDR4,3200,CL16,16GB(8GX2),16,0,0,0,0,0,0,0,0,0,0,0,0,0,0,0,0,0,0,0,0,0,0,0,0,0,0,0,100070,100070,100070,100070
6062576,GeIL DDR4-3200 CL16 SUPER LUCE RGB Sync 화이트 패키지,GeIL SUPER LUCE RGB Sync 화이트 패키지,DDR4,3200,CL16,16GB(8GX2),16,221100,221100,221100,221100,221100,221100,221100,221100,221100,221100,221100,221100,221100,221100,221100,221100,221100,221100,221100,221100,221100,221100,221100,221100,221100,221100,221100,221100,221100,221100,221100
12595928,GeIL DDR4-3200 CL16-20-20 ORION Red 패키지,GeIL -20-20 ORION Red 패키지,DDR4,3200,CL16,16GB(8GX2),16,0,0,0,0,0,0,0,0,0,0,0,0,0,67200,67200,67200,67200,67200,67200,67200,0,0,0,0,0,0,0,0,0,0,0
11020071,GeIL DDR4-3200 CL22 EVO SPEAR,GeIL EVO SPEAR,DDR4,3200,CL22,16GB,16,58000,55100,58000,58000,58000,58000,58000,58000,58000,58000,58000,58000,58000,58000,58000,68000,68000,68000,0,0,80000,84800,84800,84800,84800,84800,84800,84800,0,0,0
11020071,GeIL DDR4-3200 CL22 EVO SPEAR,GeIL EVO SPEAR,DDR4,3200,CL22,8GB,8,30000,28500,30000,30000,30000,30000,30000,30000,30000,30000,30000,30000,30000,30000,30000,36000,36000,36940,0,0,40990,40990,41960,41960,41960,48950,48950,48950,0,0,0
11183601,GeIL DDR4-3200 CL22 EVO SPEAR,GeIL EVO SPEAR,DDR4,3200,CL22,16GB,16,0,0,0,0,0,0,0,0,0,0,0,0,0,0,0,0,0,0,68000,80000,0,0,0,0,0,0,0,0,84800,84800,110000
11183601,GeIL DDR4-3200 CL22 EVO SPEAR,GeIL EVO SPEAR,DDR4,3200,CL22,8GB,8,0,0,0,0,0,0,0,0,0,0,0,0,0,0,0,0,0,0,39370,39260,0,0,0,0,0,0,0,0,59160,59160,59990
10859097,GeIL DDR4-3200 CL22 PRISTINE,GeIL PRISTINE,DDR4,3200,CL22,16GB,16,54000,53200,54194,54194,54194,56000,0,56000,55990,0,0,0,0,0,0,58500,65000,65000,65000,68760,68760,68760,0,0,90000,90000,90000,90000,0,0,0
10859097,GeIL DDR4-3200 CL22 PRISTINE,GeIL PRISTINE,DDR4,3200,CL22,8GB,8,28930,27550,28930,28930,28930,28930,0,28930,28930,0,0,0,0,0,0,33920,33990,33990,34000,36000,38820,38920,0,0,49990,49990,49990,49990,0,0,0
10859073,GeIL DDR4-3200 CL22 PRISTINE,GeIL PRISTINE,DDR4,3200,CL22,16GB,16,0,0,0,0,0,0,56000,0,0,55990,55990,55990,55990,55990,56000,0,0,0,0,0,0,0,78000,78000,0,0,0,0,100000,100000,100000
10859073,GeIL DDR4-3200 CL22 PRISTINE,GeIL PRISTINE,DDR4,3200,CL22,8GB,8,0,0,0,0,0,0,28930,0,0,28930,28930,28930,28930,29000,29000,0,0,0,0,0,0,0,45990,45990,0,0,0,0,49990,49960,54990
12586583,GeIL DDR4-3600 CL18 ORION Gray 패키지,GeIL ORION Gray 패키지,DDR4,3600,CL18,16GB(8GX2),16,79850,82320,78200,82320,82320,82320,82320,82320,82320,82320,82320,82320,79020,79020,79020,79020,79020,79020,79020,79020,82320,82320,82320,79850,0,0,0,0,0,0,0
13122017,GeIL DDR4-3600 CL18 ORION RGB Gray 패키지,GeIL ORION RGB Gray 패키지,DDR4,3600,CL18,16GB(8GX2),16,101620,101620,101620,101620,101620,101620,101620,101620,101620,101620,100540,100540,100540,100540,100540,100540,0,0,0,0,0,0,0,0,0,0,0,0,62000,0,0
13121945,GeIL DDR4-3600 CL18 ORION RGB Red 패키지,GeIL ORION RGB Red 패키지,DDR4,3600,CL18,16GB(8GX2),16,149800,0,0,0,0,0,0,0,0,0,0,0,0,0,0,0,0,0,0,0,0,0,0,0,0,0,0,0,0,0,0
12595988,GeIL DDR4-3600 CL18 ORION Red 패키지,GeIL ORION Red 패키지,DDR4,3600,CL18,16GB(8GX2),16,57000,57000,57000,57000,57000,57000,57000,57000,57000,57000,57000,57000,0,74400,74400,74400,74400,74400,74400,74400,74400,74400,74400,74400,74400,74400,74400,0,0,0,0
14613242,GeIL DDR4-3600 CL18-22-22 SUPER LUCE RGB Sync 블랙 패키지,GeIL -22-22 SUPER LUCE RGB Sync 블랙 패키지,DDR4,3600,CL18,16GB(8GX2),16,89000,89000,89000,89000,89000,89000,89000,89000,89000,89000,89000,89000,89000,89000,89000,89000,89000,89000,89000,89000,89000,89000,89000,89000,89000,89000,89000,89000,89000,89000,89000
14613404,GeIL DDR4-3600 CL18-22-22 SUPER LUCE RGB Sync 화이트 패키지,GeIL -22-22 SUPER LUCE RGB Sync 화이트 패키지,DDR4,3600,CL18,16GB(8GX2),16,89000,89000,89000,89000,89000,89000,89000,89000,89000,89000,89000,89000,89000,89000,89000,89000,89000,89000,89000,89000,89000,89000,89000,89000,89000,89000,89000,89000,89000,89000,0
6781921,GeIL DDR4-4133 CL19 SUPER LUCE RGB Sync 화이트 패키지,GeIL SUPER LUCE RGB Sync 화이트 패키지,DDR4,4133,CL19,16GB(8GX2),16,147690,147690,147690,147690,147690,147690,147690,147690,147690,147690,147690,147690,147690,147690,147690,147690,147690,147690,147690,147690,147690,147690,147690,147690,147690,147690,147690,147690,147690,147690,147690
21695018,GeIL DDR5-4800 CL40 PRISTINE V,GeIL PRISTINE V,DDR5,4800,CL40,16GB,16,68780,71240,72600,72600,72600,72600,72600,72600,72600,72600,72600,72600,72600,74990,75840,75840,75840,84000,84000,101640,101640,105000,114270,114270,122910,122910,122910,133980,138990,138990,138990
15630422,GeIL DDR5-5200 CL34 POLARIS RGB Gray 패키지,GeIL POLARIS RGB Gray 패키지,DDR5,5200,CL34,32GB(16GX2),32,142990,142990,142990,142990,142990,142990,142990,142990,142990,142990,142990,142990,142990,142990,142990,142990,143000,143000,143000,148190,209990,270000,270000,269990,327380,327380,337490,337490,337490,337490,337490
15630473,GeIL DDR5-5200 CL34 POLARIS RGB White 패키지,GeIL POLARIS RGB White 패키지,DDR5,5200,CL34,32GB(16GX2),32,146000,138700,146000,146000,146000,146000,145990,145990,145990,145990,145990,145990,145990,145950,146000,148500,175590,175590,175590,175590,175590,175590,175590,175590,0,0,0,0,0,0,0
18490640,GeIL DDR5-5200 CL34 POLARIS White 패키지,GeIL POLARIS White 패키지,DDR5,5200,CL34,32GB(16GX2),32,0,0,0,0,0,0,0,0,0,0,0,0,0,0,0,0,0,0,0,0,0,0,0,0,0,0,0,0,128000,0,0
63144077,GeIL DDR5-5600 CL38 ORION V Gray 패키지,GeIL ORION V Gray 패키지,DDR5,5600,CL38,32GB(16GX2),32,0,0,0,0,0,0,0,0,0,0,0,0,0,136150,0,0,0,0,0,0,0,0,0,0,0,0,0,0,0,0,0
63144134,GeIL DDR5-5600 CL38 ORION V RGB White 패키지,GeIL ORION V RGB White 패키지,DDR5,5600,CL38,32GB(16GX2),32,142000,142000,142000,142000,142000,142000,142000,142000,142000,142000,162000,162000,162000,162000,162000,162000,162000,0,0,0,0,0,0,0,0,0,0,0,0,0,0
22169387,GeIL DDR5-5600 CL38 ORION V RGB 패키지,GeIL ORION V RGB 패키지,DDR5,5600,CL38,32GB(16GX2),32,141990,142000,162000,162000,162000,162000,162000,162000,162000,162000,162000,162000,162000,162000,162000,162000,162000,162000,162000,229990,229990,280000,280000,280000,350000,349990,349990,349990,349990,349990,349990
63144119,GeIL DDR5-5600 CL38 ORION V White 패키지,GeIL ORION V White 패키지,DDR5,5600,CL38,32GB(16GX2),32,0,0,0,0,0,0,0,0,0,0,0,0,0,0,0,0,0,0,0,0,0,0,0,0,0,0,0,0,0,134000,0
15630869,GeIL DDR5-5600 CL38 POLARIS RGB Gray 패키지,GeIL POLARIS RGB Gray 패키지,DDR5,5600,CL38,32GB(16GX2),32,147990,140600,147990,148000,148000,148000,147990,147990,147990,147990,147990,147990,147990,147950,148000,151190,151190,151190,151190,151190,250000,0,0,0,0,0,0,0,0,0,0
15630920,GeIL DDR5-5600 CL38 POLARIS RGB White 패키지,GeIL POLARIS RGB White 패키지,DDR5,5600,CL38,32GB(16GX2),32,147990,140600,147990,147990,147990,147990,147990,147990,147990,147990,147990,147990,147990,147950,147870,0,0,0,0,0,0,0,0,0,0,0,0,0,0,0,0
19539497,GeIL DDR5-5600 CL38 POLARIS White 패키지,GeIL POLARIS White 패키지,DDR5,5600,CL38,32GB(16GX2),32,137500,137500,137500,137500,0,0,0,0,0,0,0,0,0,0,0,0,0,0,0,0,0,0,0,0,0,0,0,0,0,0,0
21695174,GeIL DDR5-5600 CL46 PRISTINE V,GeIL PRISTINE V,DDR5,5600,CL46,16GB,16,75000,71250,75000,75000,75000,75000,75000,75000,75000,75000,75000,75000,75000,75000,75000,84990,85000,85000,85000,105990,105990,106000,119000,119000,124030,124030,124030,135200,168000,162660,159240
79117424,GeIL DDR5-5600 CL46 PRISTINE V AMD,GeIL PRISTINE V AMD,DDR5,5600,CL46,16GB,16,81820,81820,81820,81820,81820,81820,81820,81820,81820,81820,81820,81820,81820,92720,92720,92720,0,0,0,0,0,0,0,0,113820,0,0,0,0,0,0
93446816,GeIL DDR5-6000 CL30 GEMINI RGB Gray 패키지,GeIL GEMINI RGB Gray 패키지,DDR5,6000,CL30,32GB(16GX2),32,152500,172500,172500,172500,172500,172500,172500,172500,172500,172500,172500,172500,172500,172500,172500,172500,242500,242500,242500,242500,242500,292500,292500,292500,357500,357500,357500,357500,357500,357500,357500
93446834,GeIL DDR5-6000 CL30 GEMINI RGB White 패키지,GeIL GEMINI RGB White 패키지,DDR5,6000,CL30,32GB(16GX2),32,0,0,0,0,0,0,0,0,0,0,151080,151080,151080,151080,151080,151080,0,0,0,0,0,0,0,0,0,0,0,0,0,0,0
97124183,GeIL DDR5-6000 CL38 GEMINI RGB Gray 패키지,GeIL GEMINI RGB Gray 패키지,DDR5,6000,CL38,32GB(16GX2),32,149990,161500,170000,170000,170000,170000,170000,170000,170000,170000,170000,170000,170000,170000,170000,170000,170000,170000,170000,178300,239990,267840,284600,284600,348400,348400,348400,348400,348400,348400,348400
97124186,GeIL DDR5-6000 CL38 GEMINI RGB White 패키지,GeIL GEMINI RGB White 패키지,DDR5,6000,CL38,32GB(16GX2),32,149990,166870,170000,170000,170000,170000,170000,170000,170000,170000,170000,170000,170000,170000,170000,170000,173910,173910,173910,173910,0,0,0,0,0,0,0,0,0,0,0
64378892,GeIL DDR5-6000 CL38 ORION V RGB White 패키지,GeIL ORION V RGB White 패키지,DDR5,6000,CL38,32GB(16GX2),32,144990,145000,145000,145000,145000,145000,145000,145000,145000,145000,156500,156500,0,0,0,0,0,0,0,0,0,0,0,0,0,0,0,0,0,0,0
22170725,GeIL DDR5-6000 CL38 ORION V RGB 패키지,GeIL ORION V RGB 패키지,DDR5,6000,CL38,32GB(16GX2),32,145000,145000,165000,165000,165000,165000,165000,165000,165000,165000,165000,165000,165000,165000,165000,165000,165000,0,0,0,0,0,0,0,0,0,0,0,0,0,0
19539599,GeIL DDR5-6000 CL38 POLARIS Gray 패키지,GeIL POLARIS Gray 패키지,DDR5,6000,CL38,32GB(16GX2),32,0,0,0,0,0,0,0,0,0,0,0,0,0,0,0,0,0,0,0,0,0,0,0,0,0,0,0,0,0,147000,0
19539911,GeIL DDR5-6000 CL38 POLARIS RGB White 패키지,GeIL POLARIS RGB White 패키지,DDR5,6000,CL38,32GB(16GX2),32,170050,170050,170050,170050,170050,170050,170050,170050,170050,170050,170050,170050,170050,170050,170050,170050,170050,170050,170050,170050,170050,170050,0,0,0,0,0,0,0,0,0
19539965,GeIL DDR5-6000 CL38 POLARIS White 패키지,GeIL POLARIS White 패키지,DDR5,6000,CL38,32GB(16GX2),32,145190,145190,145190,145190,145190,145190,145190,145190,145190,149000,151500,151500,151500,151500,0,0,0,0,0,0,0,0,0,0,0,0,0,0,0,0,0
18419999,GeIL DDR5-6400 CL38 EVO V RGB Gray 패키지,GeIL EVO V RGB Gray 패키지,DDR5,6400,CL38,32GB(16GX2),32,186500,186500,186500,186500,186500,186500,186500,186500,186500,186500,186500,186500,186500,186500,186500,186500,212040,212040,212040,212040,245300,245300,245300,245300,245300,245300,245300,0,0,0,0
18420014,GeIL DDR5-6400 CL38 EVO V RGB White 패키지,GeIL EVO V RGB White 패키지,DDR5,6400,CL38,32GB(16GX2),32,186500,186500,186500,186500,186500,186500,186500,186500,186500,186500,186500,186500,186500,186500,186500,186500,212040,212040,212040,212040,245300,245300,249990,250000,0,0,0,0,0,0,0
19540025,GeIL DDR5-6400 CL38 POLARIS RGB Gray 패키지,GeIL POLARIS RGB Gray 패키지,DDR5,6400,CL38,32GB(16GX2),32,160990,160990,160990,160990,160990,160990,160990,160990,160990,160990,160990,160990,160990,160990,160990,160990,164400,164400,164400,164400,164400,237500,0,0,0,0,0,0,0,0,0
19176542,GeIL DDR5-6400 CL38 POLARIS RGB White 패키지,GeIL POLARIS RGB White 패키지,DDR5,6400,CL38,32GB(16GX2),32,157160,157160,157160,157160,157160,157160,157160,157160,157160,157160,157160,157160,157160,161000,0,0,0,0,0,0,0,0,0,0,0,0,0,0,0,0,0
18420050,GeIL DDR5-6600 CL38 EVO V RGB White 패키지,GeIL EVO V RGB White 패키지,DDR5,6600,CL38,32GB(16GX2),32,209480,209480,209480,209480,209480,209480,209480,209480,209480,209480,209480,209480,209480,209480,209480,209480,209480,209480,209480,209480,209480,209480,215000,0,0,0,0,0,0,0,0
18420071,GeIL DDR5-6800 CL36 EVO V RGB Gray 패키지,GeIL EVO V RGB Gray 패키지,DDR5,6800,CL36,32GB(16GX2),32,233830,233830,233830,233830,233830,233830,233830,233830,233830,233830,233830,233830,233830,233830,233830,233830,253320,253320,253320,253320,253320,253320,253320,253320,253320,253320,253320,253320,253320,250088,0
19176761,GeIL DDR5-7200 CL36 EVO V RGB Gray 패키지,GeIL EVO V RGB Gray 패키지,DDR5,7200,CL36,32GB(16GX2),32,263060,263060,263060,263060,263060,263060,263060,263060,263060,263060,263060,263060,263060,263060,263060,263060,263060,263060,263060,263060,263060,263060,263060,263060,263060,263060,263060,263060,263060,263060,263060
19176791,GeIL DDR5-7200 CL36 EVO V RGB White 패키지,GeIL EVO V RGB White 패키지,DDR5,7200,CL36,32GB(16GX2),32,269990,269990,269990,269990,269990,269990,269990,269990,269990,269990,269990,269990,269990,269890,269810,269690,269570,269450,269330,269210,269190,269990,269990,269990,269990,269990,269990,269990,256500,0,0
19176827,GeIL DDR5-8000 CL38 EVO V RGB Gray 패키지,GeIL EVO V RGB Gray 패키지,DDR5,8000,CL38,32GB(16GX2),32,499990,499990,499990,499990,499990,499990,499990,499990,499990,499990,499990,499990,499990,499890,499810,499700,499670,499550,499430,499310,499220,499990,499990,499990,499990,499990,499990,499990,495900,495900,495900
11682767,GeIL 노트북 DDR4-3200 CL22,GeIL 노트북,DDR4,3200,CL22,16GB,16,61990,58890,61990,61990,61990,61990,61990,61990,61990,61990,61990,61990,61990,61990,63700,63700,63700,63700,66000,77970,77860,90000,89990,89990,107490,107490,107490,107490,107990,107990,107990
11682767,GeIL 노트북 DDR4-3200 CL22,GeIL 노트북,DDR4,3200,CL22,8GB,8,32000,30400,32000,32000,32000,32000,32000,32000,32000,32000,32000,32000,32000,32000,34000,34000,34000,34000,34000,39000,39000,46000,46000,46000,54990,54990,54990,54990,54990,54990,54990
97365275,GeIL 노트북 DDR5-5600 CL46,GeIL 노트북,DDR5,5600,CL46,16GB,16,70110,72000,78900,78900,78900,78900,78900,78900,78900,78900,78900,78900,78900,81000,82820,82820,85000,85000,85000,85000,95530,115970,115970,115970,124730,124730,124730,124840,124840,124840,163730
97365302,GeIL 노트북 DDR5-5600 CL46,GeIL 노트북,DDR5,5600,CL46,16GB,16,70110,72000,78900,78900,78900,78900,0,0,0,0,0,0,0,0,0,0,0,0,0,0,0,0,0,0,0,0,0,0,0,0,0
65364641,HIKSEMI DDR4-3200 CL18 FUTURE RGB BLACK 패키지,HIKSEMI FUTURE RGB BLACK 패키지,DDR4,3200,CL18,32GB(16GX2),32,115000,115000,114990,114990,114990,114990,114990,114990,114990,114990,114990,114990,114990,114990,111200,111200,111200,111200,111200,111200,115000,116290,121520,121520,0,0,0,0,0,0,0
28775612,HIKSEMI DDR4-3200 CL18 HIKER,HIKSEMI HIKER,DDR4,3200,CL18,8GB,8,24750,24500,24250,24250,24250,24250,24250,24250,24250,24750,24840,24840,24840,24840,24840,27990,27990,0,0,0,0,0,0,0,0,0,0,0,0,0,0
28775612,HIKSEMI DDR4-3200 CL18 HIKER,HIKSEMI HIKER,DDR4,3200,CL18,16GB,16,52589,52584,52580,52580,52580,52550,52580,52580,52580,52550,52580,52580,52580,51730,51730,51730,53200,0,0,0,0,0,0,0,0,0,0,0,0,0,0
28775711,HIKSEMI DDR4-3200 CL18 HIKER,HIKSEMI HIKER,DDR4,3200,CL18,8GB,8,0,0,0,0,0,0,0,0,0,0,0,0,0,0,0,0,0,27990,27990,27990,27990,38980,43420,45000,46060,46060,46060,46060,46060,45544,48680
28775711,HIKSEMI DDR4-3200 CL18 HIKER,HIKSEMI HIKER,DDR4,3200,CL18,16GB,16,0,0,0,0,0,0,0,0,0,0,0,0,0,0,0,0,0,54540,54540,58890,58850,62290,67410,75000,75000,75000,75000,87900,87900,86906,88990
96426677,HIKSEMI DDR5-5600 CL46 HIKER,HIKSEMI HIKER,DDR5,5600,CL46,16GB,16,67450,67450,67450,67450,67450,67450,67450,67450,67450,67450,67450,67450,67450,71500,74960,74840,95000,95000,95000,95000,95000,0,0,0,0,0,0,0,0,0,0
67580735,HIKSEMI DDR5-6000 CL36 FUTURE RGB BLACK 패키지,HIKSEMI FUTURE RGB BLACK 패키지,DDR5,6000,CL36,32GB(16GX2),32,164500,164500,164490,164490,164490,164490,164490,164490,164490,164490,164490,164490,164490,164490,164490,164490,164490,196000,196000,196000,196000,196000,196000,210000,210000,210000,210000,0,0,0,0
67580837,HIKSEMI DDR5-6400 CL32 FUTURE RGB BLACK 패키지,HIKSEMI FUTURE RGB BLACK 패키지,DDR5,6400,CL32,64GB(32GX2),64,329500,329500,329500,329500,329500,329500,329500,329500,329500,329500,329500,329500,329500,329500,379500,379490,379490,379500,379500,379500,379500,0,0,0,0,0,0,0,0,0,380000
13050284,KINGMAX DDR4-2666 CL19,KINGMAX,DDR4,2666,CL19,16GB,16,78900,78900,78900,78900,78900,78900,78900,78900,78900,78900,78900,78900,78900,78900,78900,78900,78900,78900,78900,78900,78900,78900,78900,0,0,0,0,0,0,0,0
13050284,KINGMAX DDR4-2666 CL19,KINGMAX,DDR4,2666,CL19,8GB,8,30900,30900,30900,30900,30900,30900,30900,30900,30900,30900,30900,30900,30900,30900,30900,30900,30900,30900,30900,30900,30900,30900,30900,30900,0,0,0,0,0,0,0
15794261,KINGMAX DDR4-3200 CL16 Zeus Dragon RGB 패키지,KINGMAX Zeus Dragon RGB 패키지,DDR4,3200,CL16,16GB(8GX2),16,59800,59800,59800,59800,59800,59800,59800,59800,59800,59800,0,0,0,0,0,0,0,0,0,0,0,0,0,0,0,0,0,0,0,0,0
13303526,KINGMAX DDR4-3200 CL22,KINGMAX,DDR4,3200,CL22,16GB,16,73900,73900,73900,73900,73900,73900,73900,73900,73900,73900,73900,0,0,0,0,0,0,0,73900,73900,73900,73900,73900,0,0,0,0,0,0,0,0
13303526,KINGMAX DDR4-3200 CL22,KINGMAX,DDR4,3200,CL22,8GB,8,34500,34500,34500,34500,34500,34500,34500,34500,34500,34500,34500,0,0,0,0,0,0,0,34500,34500,34500,34500,34500,0,0,0,0,0,0,0,0
13050362,KINGMAX DDR4-3200 CL22,KINGMAX,DDR4,3200,CL22,16GB,16,0,0,0,0,0,0,0,0,0,0,0,73900,73900,73900,73900,73900,73900,73900,0,0,0,0,0,0,0,0,0,0,0,0,0
13050362,KINGMAX DDR4-3200 CL22,KINGMAX,DDR4,3200,CL22,8GB,8,0,0,0,0,0,0,0,0,0,0,0,34500,34500,34500,34500,34500,34500,34500,0,0,0,0,0,34500,0,0,0,0,0,0,0
16412666,KINGMAX DDR5-4800 CL40,KINGMAX,DDR5,4800,CL40,16GB,16,59800,59800,0,0,0,0,0,0,0,0,0,0,0,0,0,0,0,0,0,0,0,0,0,0,0,0,0,0,0,0,0
2595983,KINGMAX 노트북 DDR3-1600 1.35V,KINGMAX 노트북 1.35V,DDR3,1600,0,8GB,8,51900,51900,51900,51900,51900,51900,51900,51900,51900,51900,51900,51900,51900,51900,51900,51900,51900,51900,51900,51900,51900,51900,51900,0,0,0,0,0,0,0,0
62637338,KingBank DDR5-6400 CL32 패키지,KingBank 패키지,DDR5,6400,CL32,32GB(16GX2),32,151050,151050,151050,151050,151050,151050,151050,151050,151050,151050,151050,151050,151050,151050,151050,152000,152000,0,0,0,0,0,0,0,0,0,0,0,0,0,0
62637152,KingBank DDR5-6800 CL34 패키지,KingBank 패키지,DDR5,6800,CL34,32GB(16GX2),32,152950,152950,152950,152950,152950,152950,152950,152950,152950,152950,152950,152950,152950,152950,152950,154990,154990,178880,178880,178880,0,0,0,0,0,0,0,0,0,0,0
97474301,KingSpec DDR4-3200 CL22,KingSpec,DDR4,3200,CL22,16GB,16,49770,49770,49770,49770,49770,49770,49770,49770,49770,49770,49770,49770,52390,52540,57600,57600,57600,57600,57600,55000,55000,55000,69000,69000,69000,69000,69000,69000,69000,69000,69000
97309574,KingSpec DDR5-5600 CL46,KingSpec,DDR5,5600,CL46,16GB,16,79000,79000,79000,79000,79000,79000,79000,79000,79000,79000,79000,79000,79000,79000,79000,79000,79000,79000,79000,79000,112680,105900,105900,105900,0,0,0,0,153560,153560,153560
97309574,KingSpec DDR5-5600 CL46,KingSpec,DDR5,5600,CL46,32GB,32,112450,112420,112300,112180,112090,112060,111940,111820,111700,111580,111460,111340,111220,159000,159000,159000,159000,159000,159000,159000,159000,159000,159000,159000,0,0,0,0,159000,159000,159000
97364810,KingSpec DDR5-5600 CL46,KingSpec,DDR5,5600,CL46,16GB,16,79000,79000,79000,79000,79000,79000,79000,79000,79000,79000,79000,79000,79000,79000,79000,79000,79000,79000,79000,79000,0,0,0,0,0,0,0,0,153560,153560,153560
97364810,KingSpec DDR5-5600 CL46,KingSpec,DDR5,5600,CL46,32GB,32,112450,112420,112300,112180,112090,112060,111940,111820,111700,111580,111460,111340,111220,159000,159000,159000,159000,159000,159000,159000,0,0,0,0,159000,159000,159000,159000,159000,159000,159000
63143180,KingSpec 노트북 DDR4-3200 CL17,KingSpec 노트북,DDR4,3200,CL17,16GB,16,41500,0,0,0,0,0,0,0,0,0,0,0,0,0,0,0,0,0,0,0,0,0,0,0,0,0,0,0,0,0,0
97309607,KingSpec 노트북 DDR5-5600 CL46,KingSpec 노트북,DDR5,5600,CL46,16GB,16,60930,60900,60780,60660,60550,60440,60320,60200,60080,59960,59840,59720,59710,0,0,0,0,0,0,0,0,0,0,0,0,0,0,0,0,0,0
97309607,KingSpec 노트북 DDR5-5600 CL46,KingSpec 노트북,DDR5,5600,CL46,32GB,32,116560,116470,116440,116320,116210,116100,115980,115860,115740,115620,115500,115380,115260,0,0,0,0,0,0,0,0,0,0,0,0,0,0,0,0,0,0
97364795,KingSpec 노트북 DDR5-5600 CL46,KingSpec 노트북,DDR5,5600,CL46,16GB,16,0,0,0,0,0,0,60320,0,60080,59960,59840,0,0,0,0,0,0,0,0,0,0,0,0,0,0,0,0,0,0,0,0
97364795,KingSpec 노트북 DDR5-5600 CL46,KingSpec 노트북,DDR5,5600,CL46,32GB,32,0,0,0,0,0,0,115980,0,115740,115620,115500,0,0,0,0,0,0,0,0,0,0,0,0,0,0,0,0,0,0,0,0
12690101,OCPC DDR4-3200 CL16 X3TREME RGB BLACK 패키지,OCPC X3TREME RGB BLACK 패키지,DDR4,3200,CL16,64GB(32GX2),64,0,0,0,0,0,0,0,0,0,0,0,0,0,0,0,0,0,0,0,0,0,0,0,0,0,0,0,0,0,413010,421200
12690113,OCPC DDR4-3200 CL22 X3TREME RGB BLACK 패키지,OCPC X3TREME RGB BLACK 패키지,DDR4,3200,CL22,16GB(8GX2),16,0,0,0,0,0,0,0,0,0,0,0,0,0,0,0,0,0,0,0,0,0,0,0,0,0,0,0,0,0,83100,83100
12694850,OCPC DDR4-3200 CL22 X3TREME RGB Pink 패키지,OCPC X3TREME RGB Pink 패키지,DDR4,3200,CL22,16GB(8GX2),16,0,0,0,0,0,0,0,0,0,0,0,0,0,0,0,0,0,0,0,0,0,0,0,0,0,0,0,0,0,84720,84710
12692942,OCPC DDR4-3200 CL22 X3TREME RGB WHITE 패키지,OCPC X3TREME RGB WHITE 패키지,DDR4,3200,CL22,16GB(8GX2),16,0,0,0,0,0,0,0,0,0,0,0,0,0,0,0,0,0,0,0,0,0,0,0,0,0,0,0,0,0,55250,84710
12690131,OCPC DDR4-3600 CL18 X3TREME RGB BLACK 패키지,OCPC X3TREME RGB BLACK 패키지,DDR4,3600,CL18,32GB(16GX2),32,0,0,0,0,0,0,0,0,0,0,0,0,0,0,0,0,0,0,0,0,0,0,0,0,0,0,0,0,0,113840,151200
12690140,OCPC DDR4-4000 CL19 X3TREME RGB BLACK 패키지,OCPC X3TREME RGB BLACK 패키지,DDR4,4000,CL19,16GB(8GX2),16,0,0,0,0,0,0,0,0,0,0,0,0,0,0,0,0,0,0,0,0,0,0,0,0,0,0,0,0,0,58040,84390
16127255,OCPC DDR5-4800 CL40 XT II 패키지,OCPC XT II 패키지,DDR5,4800,CL40,16GB(8GX2),16,0,0,0,0,0,0,0,0,0,0,0,0,0,0,0,0,0,0,0,0,0,0,0,0,0,0,0,0,0,124970,128030
13098071,OLOy DDR4-3200 CL16 WarHawk Black RGB 패키지 올로코리아,OLOy WarHawk Black RGB 패키지 올로코리아,DDR4,3200,CL16,16GB(8GX2),16,147920,147920,140520,147920,147920,147920,147920,147920,147920,147920,147920,147920,142000,142000,142000,142000,142000,142000,142000,142000,147920,147920,147920,147920,147920,147920,147920,147920,147920,147920,147920
13723196,OLOy DDR4-3600 CL18 BLADE RGB Black 패키지,OLOy BLADE RGB Black 패키지,DDR4,3600,CL18,32GB(16GX2),32,0,0,0,0,0,0,0,0,0,0,0,0,0,0,0,0,0,0,0,0,0,0,0,0,0,0,0,0,220000,220000,220000
13723130,OLOy DDR4-3600 CL18 BLADE RGB Black 패키지 올로코리아,OLOy BLADE RGB Black 패키지 올로코리아,DDR4,3600,CL18,16GB(8GX2),16,66968,66960,66960,66960,66960,66960,68590,68590,68590,68590,68590,68590,68590,68590,68590,68590,68590,68590,68590,68590,102000,102000,102000,102000,102000,102000,102000,102000,102000,102000,102000
19389233,OLOy DDR5-5600 CL36 BLADE RGB Black 패키지 올로코리아,OLOy BLADE RGB Black 패키지 올로코리아,DDR5,5600,CL36,16GB(8GX2),16,0,0,0,0,0,0,0,0,0,0,0,0,0,0,0,0,0,0,0,0,0,0,0,0,0,0,0,159000,161480,0,0
16072955,OLOy DDR5-5600 CL36 BLADE RGB MIRROR 패키지 올로코리아,OLOy BLADE RGB MIRROR 패키지 올로코리아,DDR5,5600,CL36,16GB(8GX2),16,330000,330000,330000,330000,330000,330000,330000,330000,330000,330000,330000,330000,330000,330000,330000,0,0,0,0,0,0,0,0,0,0,0,0,0,0,0,0
68692604,OLOy DDR5-6000 CL28 BLADE RGB MPOWER SILVER 패키지 올로코리아,OLOy BLADE RGB MPOWER SILVER 패키지 올로코리아,DDR5,6000,CL28,32GB(16GX2),32,209050,209050,209090,209090,209090,209090,209090,209090,209090,209090,209090,209090,209090,209090,209090,214000,214000,214000,214000,214000,214000,214000,214000,240000,290000,290000,290000,0,0,0,0
96980831,OLOy DDR5-6000 CL30 BLADE RGB Black 패키지 올로코리아,OLOy BLADE RGB Black 패키지 올로코리아,DDR5,6000,CL30,32GB(16GX2),32,183020,183020,183040,183010,182920,182890,182800,183050,183050,183050,183050,183050,183050,183050,183050,193085,200000,0,0,0,239380,239370,239240,239130,303520,303420,303290,303180,309880,309760,309640
97124234,OLOy DDR5-6000 CL30 BLADE RGB White 패키지 올로코리아,OLOy BLADE RGB White 패키지 올로코리아,DDR5,6000,CL30,32GB(16GX2),32,186170,186170,186270,186240,186150,186120,186000,185880,185760,185640,185520,185400,185280,185200,179500,0,0,0,0,0,230000,230000,234000,259000,285000,285000,285000,285000,298000,298000,298000
33368270,OLOy DDR5-6000 CL32 BLADE RGB Black 패키지,OLOy BLADE RGB Black 패키지,DDR5,6000,CL32,64GB(32GX2),64,441130,0,0,0,0,0,0,0,0,0,0,0,0,0,0,0,0,0,0,0,0,0,0,0,0,0,0,0,0,0,0
33368270,OLOy DDR5-6000 CL32 BLADE RGB Black 패키지,OLOy BLADE RGB Black 패키지,DDR5,6000,CL32,32GB(16GX2),32,215990,0,0,0,0,0,0,0,0,0,0,0,0,0,0,0,0,0,0,0,0,0,0,0,0,0,0,296510,296510,293150,322180
33368099,OLOy DDR5-6000 CL32 BLADE RGB Black 패키지,OLOy BLADE RGB Black 패키지,DDR5,6000,CL32,64GB(32GX2),64,0,441130,441130,441130,441130,441130,441130,441130,441130,441130,441130,441130,441130,441130,441130,441130,441130,441130,441130,441130,441130,459810,0,0,0,0,0,0,0,0,0
33368099,OLOy DDR5-6000 CL32 BLADE RGB Black 패키지,OLOy BLADE RGB Black 패키지,DDR5,6000,CL32,32GB(16GX2),32,0,0,0,0,0,0,0,0,0,0,0,0,0,0,0,0,0,0,0,0,209690,213840,0,0,0,0,0,0,0,0,0
96980735,OLOy DDR5-6000 CL32 BLADE RGB Black 패키지 올로코리아,OLOy BLADE RGB Black 패키지 올로코리아,DDR5,6000,CL32,32GB(16GX2),32,176600,176510,176490,176460,176370,176500,176500,176500,176500,176500,176500,176500,176500,176500,176500,199090,199090,199090,199090,199090,205000,213000,231000,231000,0,0,0,292000,280850,295000,295000
17770829,OLOy DDR5-6000 CL32 BLADE RGB MIRROR 패키지 올로코리아,OLOy BLADE RGB MIRROR 패키지 올로코리아,DDR5,6000,CL32,64GB(32GX2),64,349450,349450,349540,349540,349540,349540,349540,349540,349540,349540,349540,349540,349540,349540,349540,378210,378210,378210,378210,402610,402610,458790,473000,473000,473000,473000,473000,501120,507610,508680,704900
17770829,OLOy DDR5-6000 CL32 BLADE RGB MIRROR 패키지 올로코리아,OLOy BLADE RGB MIRROR 패키지 올로코리아,DDR5,6000,CL32,32GB(16GX2),32,183020,183020,183020,183020,183020,183020,183020,183020,183020,183020,183020,183020,183020,183020,191900,203470,206000,206000,206000,206000,228520,228520,252310,255490,253000,250510,269800,269800,269800,292200,292200
33368330,OLOy DDR5-6000 CL32 BLADE RGB White 패키지,OLOy BLADE RGB White 패키지,DDR5,6000,CL32,64GB(32GX2),64,378000,378000,378000,378000,378000,378000,378000,378000,378000,378000,378000,378000,378000,378000,378000,378000,378000,395450,395450,395450,395450,403083,403083,0,0,0,0,0,0,0,0
33368330,OLOy DDR5-6000 CL32 BLADE RGB White 패키지,OLOy BLADE RGB White 패키지,DDR5,6000,CL32,32GB(16GX2),32,208490,208400,208280,208160,208070,208040,207920,207800,207680,207560,210870,210870,219770,210870,210870,210870,210870,210870,210870,210870,210870,214947,214947,0,0,0,0,0,0,0,0
33368330,OLOy DDR5-6000 CL32 BLADE RGB White 패키지,OLOy BLADE RGB White 패키지,DDR5,6000,CL32,16GB(8GX2),16,217490,217490,217490,217490,217490,217490,217490,217490,217490,217490,0,0,0,0,0,0,0,0,0,0,0,0,0,0,0,0,0,0,0,0,0
33368342,OLOy DDR5-6000 CL32 BLADE RGB White 패키지,OLOy BLADE RGB White 패키지,DDR5,6000,CL32,32GB(16GX2),32,0,0,0,0,0,0,0,0,0,0,0,0,0,0,0,0,0,0,0,0,0,0,0,238520,300610,300520,300480,290850,290850,283350,283320
97124198,OLOy DDR5-6000 CL32 BLADE RGB White 패키지 올로코리아,OLOy BLADE RGB White 패키지 올로코리아,DDR5,6000,CL32,32GB(16GX2),32,191390,191390,191390,191390,191390,191390,191390,191390,191390,191390,191390,191390,191390,191390,0,191390,0,0,0,0,208000,208000,226000,0,0,0,0,285000,289000,289000,0
32494769,OLOy DDR5-6000 CL32 Lighting,OLOy Lighting,DDR5,6000,CL32,16GB,16,69950,71220,71120,71000,70910,70800,70710,70680,70560,70490,84930,0,0,0,0,0,0,0,0,0,0,0,0,0,0,0,0,0,0,0,0
65308367,OLOy DDR5-6000 CL52,OLOy,DDR5,6000,CL52,16GB,16,73440,73440,73440,73440,73440,73440,73440,73440,73440,73440,0,0,0,0,0,0,0,0,0,0,0,0,0,0,0,0,0,0,0,0,0
17769701,OLOy DDR5-6200 CL36 BLADE RGB MIRROR 패키지 올로코리아,OLOy BLADE RGB MIRROR 패키지 올로코리아,DDR5,6200,CL36,32GB(16GX2),32,287500,287500,287500,287500,287500,287500,287500,287500,287500,287500,287500,0,0,0,0,0,0,0,0,0,0,0,0,0,0,0,0,0,0,0,0
33368420,OLOy DDR5-6400 CL32 BLADE RGB Black 패키지,OLOy BLADE RGB Black 패키지,DDR5,6400,CL32,64GB(32GX2),64,414950,0,421490,0,0,0,0,421490,0,0,421490,421490,421490,421490,421490,421490,421490,421490,421490,421490,421490,420150,422990,470700,539060,539060,539060,590780,590780,590780,588720
33368420,OLOy DDR5-6400 CL32 BLADE RGB Black 패키지,OLOy BLADE RGB Black 패키지,DDR5,6400,CL32,32GB(16GX2),32,224690,0,224540,0,0,0,0,224060,0,0,223700,223580,223460,223410,224690,224690,224690,224690,224690,224690,224690,224690,224690,224670,270260,270260,278610,0,0,0,261150
33368429,OLOy DDR5-6400 CL32 BLADE RGB Black 패키지,OLOy BLADE RGB Black 패키지,DDR5,6400,CL32,64GB(32GX2),64,0,414950,0,421490,421490,421490,421490,0,421490,421490,0,0,0,0,0,0,0,0,0,0,0,0,0,0,0,0,0,0,0,0,0
33368429,OLOy DDR5-6400 CL32 BLADE RGB Black 패키지,OLOy BLADE RGB Black 패키지,DDR5,6400,CL32,32GB(16GX2),32,0,224660,0,224420,224330,224300,224180,0,223940,223820,0,0,0,0,0,0,0,0,0,0,0,0,0,0,0,0,0,0,0,0,0
50129501,OLOy DDR5-6400 CL32 BLADE RGB MIRROR 패키지 올로코리아,OLOy BLADE RGB MIRROR 패키지 올로코리아,DDR5,6400,CL32,64GB(32GX2),64,369990,369990,376570,376570,376570,376570,376570,376570,376570,377400,402000,402000,402000,0,376580,402000,402000,402000,402000,402000,429610,476690,481900,481790,504000,504000,504000,0,0,0,0
50129501,OLOy DDR5-6400 CL32 BLADE RGB MIRROR 패키지 올로코리아,OLOy BLADE RGB MIRROR 패키지 올로코리아,DDR5,6400,CL32,32GB(16GX2),32,209050,209050,209090,209090,209090,209090,209090,209090,209090,209090,209090,209090,209090,0,209090,225990,225990,226000,226000,226000,242380,251620,260060,260060,269000,269000,269000,0,0,0,0
19649867,OLOy DDR5-6400 CL32 BLADE RGB MIRROR 패키지 올로코리아,OLOy BLADE RGB MIRROR 패키지 올로코리아,DDR5,6400,CL32,64GB(32GX2),64,0,0,0,0,0,0,0,0,0,0,0,0,0,402000,0,0,0,0,0,0,0,0,0,0,0,0,0,545000,544000,0,720740
19649867,OLOy DDR5-6400 CL32 BLADE RGB MIRROR 패키지 올로코리아,OLOy BLADE RGB MIRROR 패키지 올로코리아,DDR5,6400,CL32,32GB(16GX2),32,0,0,0,0,0,0,0,0,0,0,0,0,0,209090,0,0,0,0,0,0,0,0,0,0,0,0,0,330000,335000,335000,329210
33368492,OLOy DDR5-6400 CL32 BLADE RGB White 패키지,OLOy BLADE RGB White 패키지,DDR5,6400,CL32,64GB(32GX2),64,399000,399000,399000,399000,399000,399000,0,0,0,0,0,0,0,0,0,0,0,0,0,0,0,0,0,0,0,0,0,0,0,0,0
33368492,OLOy DDR5-6400 CL32 BLADE RGB White 패키지,OLOy BLADE RGB White 패키지,DDR5,6400,CL32,32GB(16GX2),32,226470,226470,226570,226570,226570,226570,0,0,0,0,0,0,0,0,0,0,0,0,0,0,0,0,0,0,0,0,0,0,0,0,0
33368474,OLOy DDR5-6400 CL32 BLADE RGB White 패키지,OLOy BLADE RGB White 패키지,DDR5,6400,CL32,64GB(32GX2),64,0,0,0,0,0,0,399000,399000,399000,399000,399000,399000,399000,399000,399000,399000,399000,399000,399000,399000,399000,420150,431630,441450,459770,459770,459770,581510,581510,581510,581510
33368474,OLOy DDR5-6400 CL32 BLADE RGB White 패키지,OLOy BLADE RGB White 패키지,DDR5,6400,CL32,32GB(16GX2),32,0,0,0,0,0,0,226570,226570,226570,226570,226570,226570,226570,226570,226570,238900,238900,238890,238860,238740,238650,234130,234010,233900,249280,249280,255240,316710,316710,308880,308880
39341669,OLOy DDR5-7000 CL36 BLADE RGB MIRROR 패키지 올로코리아,OLOy BLADE RGB MIRROR 패키지 올로코리아,DDR5,7000,CL36,48GB(24GX2),48,375000,375000,375000,375000,375000,375000,375000,375000,375000,375000,375000,0,0,0,0,0,0,0,0,0,0,0,0,0,0,0,0,0,0,0,0
52371644,OLOy DDR5-7600 CL36 BLADE RGB Black 패키지,OLOy BLADE RGB Black 패키지,DDR5,7600,CL36,32GB(16GX2),32,280200,280200,284690,284690,284690,284690,284690,284690,284690,284690,284690,284690,284690,287000,313250,313240,313240,313240,313240,313240,313240,313240,313240,313240,313240,313240,313240,313240,313240,313240,313240
52371647,OLOy DDR5-7600 CL36 BLADE RGB White 패키지,OLOy BLADE RGB White 패키지,DDR5,7600,CL36,32GB(16GX2),32,313220,313220,313240,313240,313240,313240,313240,313240,313240,313240,313240,313240,313240,313240,313240,313240,313240,313240,313240,313240,313240,313240,313240,313240,313240,313240,313240,313240,313240,313240,313240
30331787,OWC 노트북 DDR4-3200 CL22 해외구매,OWC 노트북 해외구매,DDR4,3200,CL22,16GB,16,51500,51500,51500,51500,51500,51500,51500,51500,51500,51500,51500,51500,51500,51500,51500,51500,51500,51500,51500,51500,51500,51500,51500,51500,51500,51500,51500,51500,51500,51500,51500
18452165,PATRIOT DDR3-1600 CL11 SIGNATURE,PATRIOT SIGNATURE,DDR3,1600,CL11,8GB,8,17000,17000,17000,17000,17000,17000,17000,17000,17000,17000,17000,17000,0,0,0,0,0,0,0,0,0,0,0,0,0,0,0,0,0,0,0
18452165,PATRIOT DDR3-1600 CL11 SIGNATURE,PATRIOT SIGNATURE,DDR3,1600,CL11,4GB,4,10610,10610,10600,10600,10600,10600,10600,10600,10600,10600,10600,10600,10600,10600,10600,10600,10600,10600,10600,10600,10600,10590,10590,10590,10590,10570,10550,10530,10510,10490,10490
2828461,PATRIOT DDR4-2400 CL15 VIPER XTREME 패키지,PATRIOT VIPER XTREME 패키지,DDR4,2400,CL15,16GB(4GX4),16,0,0,0,0,0,0,0,0,0,0,0,0,0,55000,55000,55000,55000,55000,55000,55000,55000,55000,55000,55000,55000,55000,55000,55000,55000,55000,55000
8607056,PATRIOT DDR4-2666 CL19 SIGNATURE,PATRIOT SIGNATURE,DDR4,2666,CL19,4GB,4,153570,153570,153570,153570,153570,153570,153570,153570,153570,153570,153570,153570,153570,153570,153570,153570,153570,153570,153570,153570,294160,0,0,0,0,0,0,0,0,0,0
7908337,PATRIOT DDR4-3200 CL16 VIPER STEEL,PATRIOT VIPER STEEL,DDR4,3200,CL16,8GB,8,35000,35000,35000,35000,35000,35000,35000,35000,35000,35000,35000,35000,35000,35000,35000,35000,35000,0,0,0,0,0,0,0,0,0,0,0,0,0,0
11445204,PATRIOT DDR4-3200 CL22 SIGNATURE,PATRIOT SIGNATURE,DDR4,3200,CL22,32GB,32,127380,0,127770,0,0,0,0,0,0,0,0,0,0,0,0,0,0,0,0,0,0,0,0,0,0,0,0,154880,154880,154880,154880
11445204,PATRIOT DDR4-3200 CL22 SIGNATURE,PATRIOT SIGNATURE,DDR4,3200,CL22,16GB,16,52000,0,52000,0,0,0,0,0,0,0,0,0,0,0,0,0,0,0,0,0,0,0,0,0,0,0,0,105000,105000,105000,105000
11445204,PATRIOT DDR4-3200 CL22 SIGNATURE,PATRIOT SIGNATURE,DDR4,3200,CL22,8GB,8,26320,0,26320,0,0,0,0,0,0,0,0,0,0,0,0,0,0,0,0,0,0,0,0,0,0,0,0,59670,59660,59650,59630
11445216,PATRIOT DDR4-3200 CL22 SIGNATURE,PATRIOT SIGNATURE,DDR4,3200,CL22,32GB,32,0,127780,0,127770,127770,127770,127770,127770,127770,127770,127760,127730,127770,127780,133200,133200,133200,133290,133290,133290,133290,133290,133290,154880,0,0,154880,0,0,0,0
11445216,PATRIOT DDR4-3200 CL22 SIGNATURE,PATRIOT SIGNATURE,DDR4,3200,CL22,16GB,16,0,52000,0,52000,52000,52000,52000,52000,52000,52000,51920,51800,54930,54930,57690,57690,57690,57690,57690,74380,81170,78050,82000,103550,0,0,115510,0,0,0,0
11445216,PATRIOT DDR4-3200 CL22 SIGNATURE,PATRIOT SIGNATURE,DDR4,3200,CL22,8GB,8,0,26320,0,26320,26320,26320,26320,26320,26320,26320,26320,26320,26320,28390,32000,32000,32000,37580,37460,37340,42870,42860,45450,50990,0,0,60000,0,0,0,0
11445219,PATRIOT DDR4-3200 CL22 SIGNATURE,PATRIOT SIGNATURE,DDR4,3200,CL22,32GB,32,0,0,0,0,0,0,0,0,0,0,0,0,0,0,0,0,0,0,0,0,0,0,0,0,154880,154880,0,0,0,0,0
11445219,PATRIOT DDR4-3200 CL22 SIGNATURE,PATRIOT SIGNATURE,DDR4,3200,CL22,8GB,8,0,0,0,0,0,0,0,0,0,0,0,0,0,0,0,0,0,0,0,0,0,0,0,0,60000,60000,0,0,0,0,0
20634959,PATRIOT DDR4-3600 CL18 VIPER STEEL,PATRIOT VIPER STEEL,DDR4,3600,CL18,16GB,16,214500,214500,214500,214500,214500,214500,214500,214500,214500,214500,214500,214500,214500,0,0,0,0,0,0,0,0,0,0,0,0,0,0,0,0,214500,214500
20634959,PATRIOT DDR4-3600 CL18 VIPER STEEL,PATRIOT VIPER STEEL,DDR4,3600,CL18,8GB,8,34770,34770,34760,34760,34760,34760,34760,34760,34760,34760,34750,34720,34760,0,0,0,0,0,0,0,0,0,0,0,0,0,0,0,0,38000,38000
12147785,PATRIOT DDR4-3600 CL18 VIPER STEEL,PATRIOT VIPER STEEL,DDR4,3600,CL18,16GB,16,0,0,0,0,0,0,0,0,0,0,0,0,0,65000,65000,65000,65000,214500,214500,214500,214500,214500,214500,214500,214500,214500,214500,214500,214500,0,0
12147785,PATRIOT DDR4-3600 CL18 VIPER STEEL,PATRIOT VIPER STEEL,DDR4,3600,CL18,8GB,8,0,0,0,0,0,0,0,0,0,0,0,0,0,34750,34750,34730,34610,34490,34370,34250,35000,0,0,0,0,0,0,0,0,0,0
20635190,PATRIOT DDR4-3600 CL18 VIPER STEEL 패키지,PATRIOT VIPER STEEL 패키지,DDR4,3600,CL18,16GB(8GX2),16,59300,59300,0,0,0,0,0,0,0,0,0,0,0,0,0,0,0,0,0,0,0,0,0,0,0,0,0,0,0,0,0
20635190,PATRIOT DDR4-3600 CL18 VIPER STEEL 패키지,PATRIOT VIPER STEEL 패키지,DDR4,3600,CL18,32GB(16GX2),32,126000,126000,0,0,0,0,0,0,0,0,0,0,0,0,0,0,0,0,0,0,0,0,0,0,0,0,0,0,0,0,0
12147836,PATRIOT DDR4-3600 CL18 VIPER STEEL 패키지,PATRIOT VIPER STEEL 패키지,DDR4,3600,CL18,16GB(8GX2),16,0,0,59300,59300,59300,59300,59300,59300,59300,59300,59300,59300,59300,59300,59300,59300,68420,0,0,0,0,0,0,0,0,0,0,0,0,0,0
32041928,PATRIOT DDR5-4800 CL40 SIGNATURE,PATRIOT SIGNATURE,DDR5,4800,CL40,32GB,32,117820,117820,117820,117820,117820,117820,117820,117820,117820,117820,117820,117820,117820,117820,117820,0,0,0,0,0,0,0,0,0,0,0,0,0,0,0,0
30341150,PATRIOT DDR5-5200 CL36 VIPER VENOM 패키지,PATRIOT VIPER VENOM 패키지,DDR5,5200,CL36,16GB(8GX2),16,85000,88350,88340,88340,88340,88340,88340,88340,88340,88340,88330,88300,88340,90000,96960,96960,96960,102610,102610,112200,112200,112200,112200,112200,0,0,168310,0,140000,140000,0
30350876,PATRIOT DDR5-5200 CL40 VIPER VENOM RGB 패키지,PATRIOT VIPER VENOM RGB 패키지,DDR5,5200,CL40,64GB(32GX2),64,280000,280250,280240,280240,280240,280240,280240,280240,280240,280240,280230,280200,280240,283200,283200,283200,289580,0,0,0,0,0,0,0,0,0,0,0,560490,560490,559990
30341201,PATRIOT DDR5-5200 CL40 VIPER VENOM 패키지,PATRIOT VIPER VENOM 패키지,DDR5,5200,CL40,64GB(32GX2),64,251720,251720,251710,251710,251710,251710,251710,251710,251710,251710,251710,251710,251710,251710,251710,0,0,0,0,0,0,0,0,0,0,0,583010,0,0,0,0
42860249,PATRIOT DDR5-5200 CL42 SIGNATURE,PATRIOT SIGNATURE,DDR5,5200,CL42,32GB,32,118670,118670,0,118670,0,0,0,118670,118670,126340,126340,126340,130040,130040,0,163000,163000,0,0,0,163000,0,0,0,0,0,0,0,0,0,0
42860249,PATRIOT DDR5-5200 CL42 SIGNATURE,PATRIOT SIGNATURE,DDR5,5200,CL42,16GB,16,62000,63020,0,68000,0,0,0,68000,68420,68420,68420,68420,68420,68420,0,0,0,0,0,0,0,0,0,0,0,0,0,0,0,0,0
42860249,PATRIOT DDR5-5200 CL42 SIGNATURE,PATRIOT SIGNATURE,DDR5,5200,CL42,8GB,8,30960,30960,0,30960,0,0,0,30960,0,0,0,0,0,0,0,0,0,0,0,0,0,0,0,0,0,0,0,0,0,0,0
42860339,PATRIOT DDR5-5200 CL42 SIGNATURE,PATRIOT SIGNATURE,DDR5,5200,CL42,32GB,32,0,0,118670,0,118670,118670,118670,0,0,0,0,0,0,0,0,0,0,0,0,0,0,0,0,0,0,0,0,0,0,0,0
42860339,PATRIOT DDR5-5200 CL42 SIGNATURE,PATRIOT SIGNATURE,DDR5,5200,CL42,16GB,16,0,0,68000,0,68000,68000,68000,0,0,0,0,0,0,0,68420,0,0,0,0,0,0,0,0,0,0,0,0,0,0,0,163000
42860339,PATRIOT DDR5-5200 CL42 SIGNATURE,PATRIOT SIGNATURE,DDR5,5200,CL42,8GB,8,0,0,30960,0,30960,30960,30960,0,0,0,0,0,0,0,0,0,0,0,0,0,0,0,0,0,0,0,0,0,0,0,0
71501081,PATRIOT DDR5-5600 CL36 VIPER Elite 5 RGB,PATRIOT VIPER Elite 5 RGB,DDR5,5600,CL36,16GB,16,76990,76990,79980,79980,79980,79980,79980,79980,79980,79980,79980,79970,79980,79980,79980,0,0,0,0,0,0,0,0,0,0,0,0,0,0,0,0
71501081,PATRIOT DDR5-5600 CL36 VIPER Elite 5 RGB,PATRIOT VIPER Elite 5 RGB,DDR5,5600,CL36,32GB,32,147080,147090,152980,152980,152980,152980,152980,152980,152980,152980,152980,152970,152980,152980,152980,0,0,0,0,0,0,0,0,0,0,0,0,0,0,0,0
71501129,PATRIOT DDR5-5600 CL36 VIPER Elite 5 RGB,PATRIOT VIPER Elite 5 RGB,DDR5,5600,CL36,16GB,16,0,0,0,0,0,0,0,0,0,0,0,0,0,0,0,93000,93000,0,0,0,0,0,0,0,0,0,0,0,0,0,0
71501129,PATRIOT DDR5-5600 CL36 VIPER Elite 5 RGB,PATRIOT VIPER Elite 5 RGB,DDR5,5600,CL36,32GB,32,0,0,0,0,0,0,0,0,0,0,0,0,0,0,0,184990,184990,0,0,0,0,0,0,0,0,0,309110,0,0,0,0
30350927,PATRIOT DDR5-5600 CL36 VIPER VENOM RGB 패키지,PATRIOT VIPER VENOM RGB 패키지,DDR5,5600,CL36,32GB(16GX2),32,160000,164350,164340,164340,164340,164340,164340,164340,164340,164340,164340,164340,164340,165840,165840,165840,169580,0,0,0,0,0,0,0,0,0,0,0,294490,294490,288290
30341243,PATRIOT DDR5-5600 CL36 VIPER VENOM 패키지,PATRIOT VIPER VENOM 패키지,DDR5,5600,CL36,32GB(16GX2),32,142000,142000,142000,142000,142000,142000,142000,142000,142000,142000,141920,141800,142000,142000,149000,149000,157270,0,0,0,0,0,0,0,0,0,311310,0,0,0,0
30499496,PATRIOT DDR5-5600 CL38 VIPER Elite 5 RGB,PATRIOT VIPER Elite 5 RGB,DDR5,5600,CL38,32GB,32,154820,154820,154820,154820,154820,154820,154820,154820,0,154820,154820,154820,154820,0,154820,0,0,0,0,0,0,0,0,0,0,0,0,0,0,304000,304000
30499496,PATRIOT DDR5-5600 CL38 VIPER Elite 5 RGB,PATRIOT VIPER Elite 5 RGB,DDR5,5600,CL38,16GB,16,81760,81760,81750,81750,81750,81750,81750,81750,0,81750,81750,81750,81750,0,84720,0,0,0,0,0,0,0,0,0,0,0,0,0,0,173680,173680
30499769,PATRIOT DDR5-5600 CL38 VIPER Elite 5 RGB,PATRIOT VIPER Elite 5 RGB,DDR5,5600,CL38,32GB,32,0,0,0,0,0,0,0,0,154820,0,0,0,0,154820,0,154820,185000,195300,195300,195300,195300,195300,0,0,0,0,0,0,0,0,0
30499769,PATRIOT DDR5-5600 CL38 VIPER Elite 5 RGB,PATRIOT VIPER Elite 5 RGB,DDR5,5600,CL38,16GB,16,0,0,0,0,0,0,0,0,81750,0,0,0,0,84000,0,84720,93000,0,0,0,0,0,0,0,0,0,0,0,0,0,0
30350966,PATRIOT DDR5-5600 CL40 VIPER VENOM RGB 패키지,PATRIOT VIPER VENOM RGB 패키지,DDR5,5600,CL40,64GB(32GX2),64,299000,311850,311840,311840,311840,311840,311840,311840,311840,311840,311840,311840,311840,311850,311850,311850,322630,0,0,0,0,0,0,0,0,0,0,0,584990,584990,582760
30341267,PATRIOT DDR5-5600 CL40 VIPER VENOM 패키지,PATRIOT VIPER VENOM 패키지,DDR5,5600,CL40,64GB(32GX2),64,284450,284450,284440,284440,284440,284440,284440,284440,284440,0,0,0,0,0,292820,292820,292820,292820,292820,315220,315220,315220,0,0,0,0,0,0,575000,574970,574850
30341267,PATRIOT DDR5-5600 CL40 VIPER VENOM 패키지,PATRIOT VIPER VENOM 패키지,DDR5,5600,CL40,16GB(8GX2),16,88000,93000,92980,92980,92980,92980,92980,92980,92980,0,0,0,0,0,99730,100280,102540,102540,102540,102540,103000,103000,0,0,0,0,0,0,0,0,0
30341174,PATRIOT DDR5-5600 CL40 VIPER VENOM 패키지,PATRIOT VIPER VENOM 패키지,DDR5,5600,CL40,64GB(32GX2),64,0,0,0,0,0,0,0,0,0,284440,284440,284440,284440,292000,0,0,0,0,0,0,0,0,0,0,0,0,0,0,0,0,0
30341174,PATRIOT DDR5-5600 CL40 VIPER VENOM 패키지,PATRIOT VIPER VENOM 패키지,DDR5,5600,CL40,16GB(8GX2),16,0,0,0,0,0,0,0,0,0,92980,92980,92970,92980,93000,0,0,0,0,0,0,0,0,0,0,0,0,174910,0,0,0,0
57709748,PATRIOT DDR5-5600 CL46 EVO,PATRIOT EVO,DDR5,5600,CL46,32GB,32,133430,133430,144120,144120,144120,144120,144120,144120,144120,0,140590,140590,0,148000,167530,167530,185110,0,0,0,0,0,185110,270000,0,0,0,309760,309750,309750,309750
57709748,PATRIOT DDR5-5600 CL46 EVO,PATRIOT EVO,DDR5,5600,CL46,16GB,16,61640,63270,73070,73070,73070,73070,73070,73070,73070,0,71240,71240,0,75000,82000,83670,83670,0,0,0,0,0,73070,130550,0,0,0,151960,151960,151960,151960
57709748,PATRIOT DDR5-5600 CL46 EVO,PATRIOT EVO,DDR5,5600,CL46,8GB,8,35380,35500,35500,35500,35500,35500,35500,35500,35500,0,35500,35500,0,39990,39990,39990,44210,0,0,0,0,0,52000,81500,0,0,0,84710,77000,77000,77000
57709760,PATRIOT DDR5-5600 CL46 EVO,PATRIOT EVO,DDR5,5600,CL46,32GB,32,0,0,0,0,0,0,0,0,0,144120,0,0,144120,0,0,0,0,0,0,0,0,0,0,0,0,0,270000,0,0,0,0
57709760,PATRIOT DDR5-5600 CL46 EVO,PATRIOT EVO,DDR5,5600,CL46,16GB,16,0,0,0,0,0,0,0,0,0,73070,0,0,71240,0,0,0,0,0,0,0,0,0,0,0,0,0,127600,0,0,0,0
57709760,PATRIOT DDR5-5600 CL46 EVO,PATRIOT EVO,DDR5,5600,CL46,8GB,8,0,0,0,0,0,0,0,0,0,35500,0,0,35500,0,0,0,0,0,0,0,0,0,0,0,0,0,84710,0,0,0,0
19390859,PATRIOT DDR5-5600 CL46 SIGNATURE,PATRIOT SIGNATURE,DDR5,5600,CL46,32GB,32,145000,145000,148000,0,0,0,0,0,0,148000,148000,0,0,0,175000,175000,193000,0,0,0,0,0,270000,0,0,0,0,0,0,0,0
19390859,PATRIOT DDR5-5600 CL46 SIGNATURE,PATRIOT SIGNATURE,DDR5,5600,CL46,16GB,16,79000,79000,82000,0,0,0,0,0,0,82000,82000,0,0,0,87000,85500,85380,98680,0,0,0,0,115190,135000,145000,145000,0,0,0,0,0
19391135,PATRIOT DDR5-5600 CL46 SIGNATURE,PATRIOT SIGNATURE,DDR5,5600,CL46,32GB,32,0,0,0,148000,148000,148000,148000,148000,148000,0,0,148000,148000,175000,0,0,0,0,0,0,0,0,0,0,0,0,318000,311600,311590,311590,305030
19391135,PATRIOT DDR5-5600 CL46 SIGNATURE,PATRIOT SIGNATURE,DDR5,5600,CL46,16GB,16,0,0,0,82000,82000,82000,82000,82000,82000,0,0,82000,82000,90000,0,0,0,0,0,0,0,0,0,0,0,0,145000,158990,158980,158950,158880
98783168,PATRIOT DDR5-5600 CL46 SIGNATURE CORE,PATRIOT SIGNATURE CORE,DDR5,5600,CL46,64GB,64,0,0,0,0,0,0,0,0,0,0,0,0,0,0,390100,389000,409200,0,0,0,0,0,457920,470000,0,0,0,0,470210,549250,549250
95056655,PATRIOT DDR5-6000 CL28 VIPER Elite 5 ULTRA RGB 패키지,PATRIOT VIPER Elite 5 ULTRA RGB 패키지,DDR5,6000,CL28,32GB(16GX2),32,217280,217290,225980,225980,225980,225980,225980,225980,225980,225980,225980,225980,225980,226000,245510,245400,244930,0,0,0,0,0,0,0,0,0,356690,0,388990,388970,388850
95057237,PATRIOT DDR5-6000 CL28 VIPER Elite 5 ULTRA 패키지,PATRIOT VIPER Elite 5 ULTRA 패키지,DDR5,6000,CL28,32GB(16GX2),32,196080,196090,203980,203980,203980,203980,203980,203980,203980,203980,203980,203970,203980,204000,227000,226950,226920,0,0,0,0,0,0,0,0,0,322760,0,368990,368970,368850
75465935,PATRIOT DDR5-6000 CL30 VIPER Elite 5,PATRIOT VIPER Elite 5,DDR5,6000,CL30,16GB,16,75880,77900,77890,77890,77890,77890,77890,77890,77890,77890,77880,77850,77890,79000,86440,86420,86300,0,0,0,0,0,0,0,131000,0,0,0,156740,156740,153440
71501804,PATRIOT DDR5-6000 CL30 VIPER Elite 5 RGB,PATRIOT VIPER Elite 5 RGB,DDR5,6000,CL30,32GB,32,174000,174000,174000,174000,174000,174000,174000,174000,174000,174000,174000,174000,174000,193000,193000,193000,193000,0,0,0,0,0,0,0,0,0,0,0,309000,309000,309000
71501804,PATRIOT DDR5-6000 CL30 VIPER Elite 5 RGB,PATRIOT VIPER Elite 5 RGB,DDR5,6000,CL30,16GB,16,81780,81790,84980,84980,84980,84980,84980,84980,84980,84980,84980,84970,84980,84980,84980,97100,97100,0,0,0,0,0,0,0,0,0,0,0,168530,168530,164990
71501864,PATRIOT DDR5-6000 CL30 VIPER Elite 5 RGB,PATRIOT VIPER Elite 5 RGB,DDR5,6000,CL30,32GB,32,0,0,0,0,0,0,0,0,0,0,0,0,0,0,0,0,0,0,0,0,193000,286000,286000,286000,286000,286000,286000,286000,0,0,0
71501864,PATRIOT DDR5-6000 CL30 VIPER Elite 5 RGB,PATRIOT VIPER Elite 5 RGB,DDR5,6000,CL30,16GB,16,0,0,0,0,0,0,0,0,0,0,0,0,0,0,0,0,0,0,0,0,0,0,0,0,0,0,0,143000,0,0,0
77785742,PATRIOT DDR5-6000 CL30 VIPER Elite 5 RGB 패키지,PATRIOT VIPER Elite 5 RGB 패키지,DDR5,6000,CL30,48GB(24GX2),48,254780,254790,264980,264980,264980,264980,264980,264980,264980,264980,264980,264970,264980,264980,264980,264980,264950,0,0,0,0,0,0,0,0,0,465310,0,0,0,0
77785742,PATRIOT DDR5-6000 CL30 VIPER Elite 5 RGB 패키지,PATRIOT VIPER Elite 5 RGB 패키지,DDR5,6000,CL30,32GB(16GX2),32,167180,170050,170040,170040,170040,170040,170040,170040,170040,170040,170030,170000,170040,174000,189040,189020,188900,155160,155160,0,286000,280250,280220,286000,286000,286000,286000,0,303990,303990,297590
75466037,PATRIOT DDR5-6000 CL30 VIPER Elite 5 패키지,PATRIOT VIPER Elite 5 패키지,DDR5,6000,CL30,64GB(32GX2),64,305870,0,0,0,0,0,0,0,0,0,0,0,0,0,0,0,0,0,0,0,0,0,0,0,0,0,0,0,0,0,0
75466037,PATRIOT DDR5-6000 CL30 VIPER Elite 5 패키지,PATRIOT VIPER Elite 5 패키지,DDR5,6000,CL30,32GB(16GX2),32,147250,147250,147240,147240,147240,147240,147240,147240,147240,147240,147230,147200,147240,155000,163400,163360,163330,0,0,0,262000,248900,248900,248900,248900,248900,248900,248900,284050,284050,278070
56144432,PATRIOT DDR5-6000 CL30 VIPER VENOM RGB 패키지,PATRIOT VIPER VENOM RGB 패키지,DDR5,6000,CL30,64GB(32GX2),64,328990,328990,344980,344980,344980,344980,344980,344980,0,344980,0,0,0,0,0,0,0,0,0,0,0,0,0,0,0,0,0,0,0,0,0
56144432,PATRIOT DDR5-6000 CL30 VIPER VENOM RGB 패키지,PATRIOT VIPER VENOM RGB 패키지,DDR5,6000,CL30,32GB(16GX2),32,167200,169700,169690,169690,169690,169690,169690,169690,0,169690,0,0,0,0,0,0,0,0,0,0,286000,285990,285990,286000,0,0,0,0,0,0,0
56144441,PATRIOT DDR5-6000 CL30 VIPER VENOM RGB 패키지,PATRIOT VIPER VENOM RGB 패키지,DDR5,6000,CL30,64GB(32GX2),64,0,0,0,0,0,0,0,0,344980,0,344980,344970,344980,345000,372000,372000,372000,0,0,0,0,0,0,0,0,0,698510,0,603990,603970,603850
56144441,PATRIOT DDR5-6000 CL30 VIPER VENOM RGB 패키지,PATRIOT VIPER VENOM RGB 패키지,DDR5,6000,CL30,32GB(16GX2),32,0,0,0,0,0,0,0,0,169690,0,169690,169690,169690,169700,169700,169700,193000,0,0,0,0,0,0,0,0,0,0,0,309000,308990,308980
56144513,PATRIOT DDR5-6000 CL30 VIPER VENOM 패키지,PATRIOT VIPER VENOM 패키지,DDR5,6000,CL30,64GB(32GX2),64,293880,293880,293880,293880,293880,293880,293880,293880,293880,293880,0,0,0,0,0,0,0,0,0,0,0,0,0,0,0,0,669900,0,0,0,0
56144513,PATRIOT DDR5-6000 CL30 VIPER VENOM 패키지,PATRIOT VIPER VENOM 패키지,DDR5,6000,CL30,32GB(16GX2),32,147240,147240,147240,147240,147240,147240,147240,147240,147240,147240,147240,147240,151010,154990,167530,167530,167530,185050,195490,195940,175610,248890,248890,248900,248900,248900,248900,256900,284050,284050,278070
30350996,PATRIOT DDR5-6000 CL36 VIPER VENOM RGB 패키지,PATRIOT VIPER VENOM RGB 패키지,DDR5,6000,CL36,32GB(16GX2),32,174000,174000,174000,174000,174000,174000,174000,174000,174000,174000,173920,173800,174000,174000,193000,192950,192920,0,0,0,286000,286000,285970,286000,0,0,0,0,309000,308990,308990
30341372,PATRIOT DDR5-6000 CL36 VIPER VENOM 패키지,PATRIOT VIPER VENOM 패키지,DDR5,6000,CL36,32GB(16GX2),32,162100,162060,161950,161830,161720,161610,161490,161370,161250,161130,161010,160890,160770,160670,160600,160570,160470,0,0,0,0,0,0,0,0,0,0,0,0,0,299000
30499826,PATRIOT DDR5-6000 CL42 VIPER Elite 5 RGB,PATRIOT VIPER Elite 5 RGB,DDR5,6000,CL42,32GB,32,154090,154090,154090,154090,0,154090,154090,154090,154090,154090,154090,154090,0,154090,154090,154090,192970,0,0,0,0,0,0,0,0,0,0,0,300960,300960,300960
30499826,PATRIOT DDR5-6000 CL42 VIPER Elite 5 RGB,PATRIOT VIPER Elite 5 RGB,DDR5,6000,CL42,16GB,16,85250,85250,85250,85250,0,85250,85250,85250,85250,85250,85250,85250,0,85250,85250,85250,87750,0,0,0,0,0,0,0,0,0,0,0,170000,170000,170000
30499808,PATRIOT DDR5-6000 CL42 VIPER Elite 5 RGB,PATRIOT VIPER Elite 5 RGB,DDR5,6000,CL42,32GB,32,0,0,0,0,154090,0,0,0,0,0,0,0,154090,0,0,0,0,0,0,0,0,0,0,0,0,0,0,0,0,0,0
30499808,PATRIOT DDR5-6000 CL42 VIPER Elite 5 RGB,PATRIOT VIPER Elite 5 RGB,DDR5,6000,CL42,16GB,16,0,0,0,0,85250,0,0,0,0,0,0,0,85250,0,0,0,0,97310,97310,97310,97310,97310,0,0,0,0,0,0,0,0,0
30500066,PATRIOT DDR5-6000 CL42 VIPER Elite 5 RGB 패키지,PATRIOT VIPER Elite 5 RGB 패키지,DDR5,6000,CL42,96GB(48GX2),96,458560,458560,458560,458560,458560,458560,458560,458560,458560,458560,458560,458560,458560,480000,491460,491460,508450,0,0,0,0,0,0,0,0,0,833810,0,798990,798970,798850
30500066,PATRIOT DDR5-6000 CL42 VIPER Elite 5 RGB 패키지,PATRIOT VIPER Elite 5 RGB 패키지,DDR5,6000,CL42,48GB(24GX2),48,255200,255200,255200,255200,255200,255200,255200,255200,255200,255200,255200,255200,255200,255200,255200,255200,255200,0,0,0,0,0,0,0,0,0,0,0,0,452000,452000
30351029,PATRIOT DDR5-6200 CL40 VIPER VENOM RGB 패키지,PATRIOT VIPER VENOM RGB 패키지,DDR5,6200,CL40,32GB(16GX2),32,170500,170500,170500,170500,170500,170500,170500,170500,170500,170500,170500,170500,170500,170500,170500,170500,170500,0,0,0,0,0,0,0,0,0,358610,0,314990,314970,314900
30341402,PATRIOT DDR5-6200 CL40 VIPER VENOM 패키지,PATRIOT VIPER VENOM 패키지,DDR5,6200,CL40,32GB(16GX2),32,158130,158130,158130,158130,158130,158130,158130,158130,158130,158130,158130,158130,158130,158130,158130,158130,163600,163600,163600,163600,0,0,0,0,0,0,330010,0,0,308000,308000
30500144,PATRIOT DDR5-6200 CL42 VIPER Elite 5 RGB 패키지,PATRIOT VIPER Elite 5 RGB 패키지,DDR5,6200,CL42,64GB(32GX2),64,302880,302880,0,0,0,0,0,0,302880,302880,302880,302880,302880,302880,302880,302880,309740,0,0,0,0,0,0,0,0,0,0,0,0,0,0
30500144,PATRIOT DDR5-6200 CL42 VIPER Elite 5 RGB 패키지,PATRIOT VIPER Elite 5 RGB 패키지,DDR5,6200,CL42,32GB(16GX2),32,167070,167070,0,0,0,0,0,0,167070,167070,167070,167070,167070,175000,175000,175000,182410,0,0,0,0,0,0,0,0,0,0,0,0,0,0
30500108,PATRIOT DDR5-6200 CL42 VIPER Elite 5 RGB 패키지,PATRIOT VIPER Elite 5 RGB 패키지,DDR5,6200,CL42,64GB(32GX2),64,0,0,302880,302880,302880,302880,302880,302880,0,0,0,0,0,0,0,0,0,0,0,0,0,0,0,0,0,0,0,0,0,0,0
30500108,PATRIOT DDR5-6200 CL42 VIPER Elite 5 RGB 패키지,PATRIOT VIPER Elite 5 RGB 패키지,DDR5,6200,CL42,32GB(16GX2),32,0,0,167070,167070,167070,167070,167070,167070,0,0,0,0,0,0,0,0,0,0,0,0,0,0,0,0,0,0,323410,0,314990,314990,314980
75466214,PATRIOT DDR5-6400 CL32 VIPER Elite 5 패키지,PATRIOT VIPER Elite 5 패키지,DDR5,6400,CL32,64GB(32GX2),64,321080,327750,327740,327740,0,0,0,0,0,327740,327730,327700,327740,334000,364790,364770,364650,0,0,0,0,0,0,0,0,0,0,0,0,0,602730
75466214,PATRIOT DDR5-6400 CL32 VIPER Elite 5 패키지,PATRIOT VIPER Elite 5 패키지,DDR5,6400,CL32,32GB(16GX2),32,167180,170050,170040,170040,0,0,0,0,0,170040,170040,170040,170040,173990,186590,186560,186470,0,0,0,0,0,0,0,0,0,0,0,0,0,297590
75466202,PATRIOT DDR5-6400 CL32 VIPER Elite 5 패키지,PATRIOT VIPER Elite 5 패키지,DDR5,6400,CL32,64GB(32GX2),64,0,0,0,0,327740,327740,327740,327740,327740,0,0,0,0,0,0,0,0,0,0,0,0,0,0,0,0,0,0,0,604990,604990,0
75466202,PATRIOT DDR5-6400 CL32 VIPER Elite 5 패키지,PATRIOT VIPER Elite 5 패키지,DDR5,6400,CL32,32GB(16GX2),32,0,0,0,0,170040,170040,170040,170040,170040,0,0,0,0,0,0,0,0,186590,173540,173540,0,0,0,0,0,0,304160,0,303990,303990,0
30351056,PATRIOT DDR5-6400 CL32 VIPER VENOM RGB 패키지,PATRIOT VIPER VENOM RGB 패키지,DDR5,6400,CL32,32GB(16GX2),32,171600,171600,171600,171600,171600,171600,171600,171600,171600,171600,171600,171600,171600,171600,171600,171600,171600,0,0,0,0,0,0,0,0,0,368510,0,319990,319990,319980
30341450,PATRIOT DDR5-6400 CL32 VIPER VENOM 패키지,PATRIOT VIPER VENOM 패키지,DDR5,6400,CL32,64GB(32GX2),64,319000,325330,325320,325320,325320,325320,325320,325320,325320,325320,325320,325320,325320,334000,357060,357060,357060,0,0,0,0,0,0,0,0,0,0,0,0,0,0
30341450,PATRIOT DDR5-6400 CL32 VIPER VENOM 패키지,PATRIOT VIPER VENOM 패키지,DDR5,6400,CL32,32GB(16GX2),32,165000,165000,165000,165000,165000,165000,165000,165000,165000,165000,164920,164800,165000,165000,165000,165000,180130,0,0,0,0,0,0,0,0,0,0,0,0,0,0
30341426,PATRIOT DDR5-6400 CL32 VIPER VENOM 패키지,PATRIOT VIPER VENOM 패키지,DDR5,6400,CL32,32GB(16GX2),32,0,0,0,0,0,0,0,0,0,0,0,0,0,0,0,0,0,180130,180130,180130,192090,278130,278130,278130,278130,278130,278130,0,0,0,0
93501587,PATRIOT DDR5-6400 CL52 SIGNATURE CUDIMM,PATRIOT SIGNATURE CUDIMM,DDR5,6400,CL52,32GB,32,153880,153890,155870,155870,155870,155870,155870,155870,155870,155870,155870,155870,155870,160000,188910,188910,194840,0,0,0,0,0,194840,0,0,0,0,0,0,0,0
93501587,PATRIOT DDR5-6400 CL52 SIGNATURE CUDIMM,PATRIOT SIGNATURE CUDIMM,DDR5,6400,CL52,16GB,16,97600,97600,97600,97600,97600,97600,97600,97600,97600,97600,97600,97600,97600,97600,97600,97600,97600,97600,97600,97600,97600,97600,97600,0,0,0,0,0,0,0,0
93501548,PATRIOT DDR5-6400 CL52 SIGNATURE CUDIMM,PATRIOT SIGNATURE CUDIMM,DDR5,6400,CL52,32GB,32,153880,153890,155870,155870,155870,155870,155870,155870,155870,155870,155870,155870,155870,160000,188910,188910,194840,0,0,0,0,0,0,0,0,0,301190,321510,321510,321510,321510
93501548,PATRIOT DDR5-6400 CL52 SIGNATURE CUDIMM,PATRIOT SIGNATURE CUDIMM,DDR5,6400,CL52,16GB,16,97600,97600,97600,97600,97600,97600,97600,97600,97600,97600,97600,97600,97600,97600,97600,97600,97600,0,0,0,0,0,0,0,0,0,0,0,0,0,0
30351077,PATRIOT DDR5-6600 CL34 VIPER VENOM RGB 패키지,PATRIOT VIPER VENOM RGB 패키지,DDR5,6600,CL34,32GB(16GX2),32,179300,179300,179300,179300,179300,179300,179300,179300,179300,179300,179300,179300,179300,179300,179300,179300,179300,0,0,0,0,0,0,0,0,0,378410,0,324990,324970,324850
30341480,PATRIOT DDR5-6600 CL34 VIPER VENOM 패키지,PATRIOT VIPER VENOM 패키지,DDR5,6600,CL34,32GB(16GX2),32,170000,178000,177980,177980,177980,177980,177980,177980,177980,177980,177980,177980,177980,178000,197000,196990,197000,0,0,0,0,0,0,0,0,0,349810,0,314990,314990,314980
30612317,PATRIOT DDR5-6600 CL36 VIPER Elite 5 RGB 패키지,PATRIOT VIPER Elite 5 RGB 패키지,DDR5,6600,CL36,32GB(16GX2),32,179300,179300,179300,179300,179300,179300,179300,179300,179300,179300,179300,179300,179300,179300,179300,179300,179300,0,0,0,0,0,0,0,0,0,0,0,319190,319190,312470
30351110,PATRIOT DDR5-6800 CL34 VIPER VENOM RGB 패키지,PATRIOT VIPER VENOM RGB 패키지,DDR5,6800,CL34,32GB(16GX2),32,184800,184800,184800,184800,184800,184800,184800,184800,184800,184800,184800,184800,184800,184800,184800,184800,184800,0,0,0,0,0,0,0,0,0,388310,0,329990,329970,329850
30341495,PATRIOT DDR5-6800 CL34 VIPER VENOM 패키지,PATRIOT VIPER VENOM 패키지,DDR5,6800,CL34,32GB(16GX2),32,159230,159230,159230,159230,159230,159230,159230,159230,159230,159230,159230,159230,159230,159230,159230,159230,164740,164740,164740,164740,0,0,0,0,0,0,357510,0,319990,319990,319980
71501885,PATRIOT DDR5-7000 CL32 VIPER Elite 5 RGB 패키지,PATRIOT VIPER Elite 5 RGB 패키지,DDR5,7000,CL32,32GB(16GX2),32,187480,187490,194980,194980,194980,194980,194980,194980,194980,194980,194980,194980,194980,194980,194980,206200,206200,0,0,0,0,0,0,0,0,0,358610,0,334990,334990,334980
30351131,PATRIOT DDR5-7000 CL32 VIPER VENOM RGB 패키지,PATRIOT VIPER VENOM RGB 패키지,DDR5,7000,CL32,32GB(16GX2),32,194010,194010,194010,194010,194010,194010,194010,194010,194010,194010,194000,194000,194010,197450,197450,197450,197450,0,0,0,0,0,0,0,0,0,398210,0,334990,334970,334850
30341504,PATRIOT DDR5-7000 CL32 VIPER VENOM 패키지,PATRIOT VIPER VENOM 패키지,DDR5,7000,CL32,32GB(16GX2),32,177410,177410,177410,177410,177410,177410,177410,177410,177410,177410,177410,177410,177410,177410,177410,177410,183550,183550,183550,183550,210130,308190,308190,308190,308190,308190,308190,0,324990,324990,324990
30500216,PATRIOT DDR5-7000 CL38 VIPER Elite 5 RGB 패키지,PATRIOT VIPER Elite 5 RGB 패키지,DDR5,7000,CL38,32GB(16GX2),32,195000,204000,203980,203980,203980,203980,203980,203980,203980,203980,203980,203980,203980,204000,210470,210470,215210,197110,197110,197110,0,0,0,0,0,0,0,0,335000,334990,334990
30351218,PATRIOT DDR5-7200 CL34 VIPER VENOM RGB 패키지,PATRIOT VIPER VENOM RGB 패키지,DDR5,7200,CL34,32GB(16GX2),32,200000,202950,202940,202940,202940,202940,202940,202940,202940,202940,202940,202940,202940,202950,202950,202950,202950,0,0,0,0,0,0,0,0,0,408110,0,339900,339900,339970
30341510,PATRIOT DDR5-7200 CL34 VIPER VENOM 패키지,PATRIOT VIPER VENOM 패키지,DDR5,7200,CL34,32GB(16GX2),32,185000,194000,193980,193980,193980,193980,193980,193980,193980,193980,193980,193970,193980,194000,206370,206370,206370,0,0,0,0,0,0,0,0,0,376210,0,329990,329970,329910
30351236,PATRIOT DDR5-7400 CL36 VIPER VENOM RGB 패키지,PATRIOT VIPER VENOM RGB 패키지,DDR5,7400,CL36,32GB(16GX2),32,205000,207900,207890,207890,207890,207890,207890,207890,207890,207890,207890,207890,207890,207900,207900,207900,207900,0,0,0,0,0,0,0,0,0,376210,0,344990,344970,344850
30341525,PATRIOT DDR5-7400 CL36 VIPER VENOM 패키지,PATRIOT VIPER VENOM 패키지,DDR5,7400,CL36,32GB(16GX2),32,190000,199000,198980,198980,198980,198980,198980,198980,198980,198980,198980,198980,198980,199000,204600,204600,204600,206460,206460,206460,0,0,0,0,0,0,386110,0,334990,334970,331910
95057837,PATRIOT DDR5-8000 CL38 VIPER Xtreme5 RGB 패키지,PATRIOT VIPER Xtreme5 RGB 패키지,DDR5,8000,CL38,32GB(16GX2),32,302890,302890,306890,306890,306890,306890,306890,306890,306890,306890,306890,306890,306890,315000,340990,340990,340990,0,0,0,0,0,0,0,0,0,0,0,408990,408970,408850
18419801,PATRIOT 노트북 DDR3-1600 CL11,PATRIOT 노트북,DDR3,1600,CL11,8GB,8,19500,19500,19500,19500,19500,19500,19500,19500,0,0,0,0,0,19500,19500,19500,19500,20800,20800,20800,20800,20800,20800,20800,20800,20800,20800,20800,20800,20800,20800
18419801,PATRIOT 노트북 DDR3-1600 CL11,PATRIOT 노트북,DDR3,1600,CL11,4GB,4,10760,10760,10760,10760,10760,10760,10760,10760,0,0,0,0,0,10750,10750,10750,10750,10750,10750,10750,10760,10750,10750,10750,10750,10750,10750,10750,10750,10750,10750
18419798,PATRIOT 노트북 DDR3-1600 CL11,PATRIOT 노트북,DDR3,1600,CL11,8GB,8,0,0,0,0,0,0,0,0,19500,19500,19500,19500,19500,0,0,0,0,0,0,0,0,0,0,0,0,0,0,0,0,0,0
18419798,PATRIOT 노트북 DDR3-1600 CL11,PATRIOT 노트북,DDR3,1600,CL11,4GB,4,0,0,0,0,0,0,0,0,10760,10760,10760,10760,10760,0,0,0,0,0,0,0,0,0,0,0,0,0,0,0,0,0,0
11445393,PATRIOT 노트북 DDR4-3200 CL22 SIGNATURE,PATRIOT 노트북 SIGNATURE,DDR4,3200,CL22,16GB,16,58150,58150,58150,58150,58150,58150,58150,58150,58150,58150,58150,58150,58150,60800,64520,64520,64520,67320,67320,67320,67320,67320,0,0,0,0,0,0,0,0,0
11445393,PATRIOT 노트북 DDR4-3200 CL22 SIGNATURE,PATRIOT 노트북 SIGNATURE,DDR4,3200,CL22,8GB,8,31140,31140,31140,31140,31140,31140,31140,31140,31140,31140,31140,31140,31140,31660,33590,33590,33590,33590,33590,33590,33590,33590,0,0,0,0,0,0,0,0,0
11445372,PATRIOT 노트북 DDR4-3200 CL22 SIGNATURE,PATRIOT 노트북 SIGNATURE,DDR4,3200,CL22,16GB,16,0,0,0,0,0,0,0,0,0,0,0,0,0,0,0,0,0,0,0,0,0,0,67320,67320,83600,83600,83600,83600,83600,83600,83600
11445372,PATRIOT 노트북 DDR4-3200 CL22 SIGNATURE,PATRIOT 노트북 SIGNATURE,DDR4,3200,CL22,8GB,8,0,0,0,0,0,0,0,0,0,0,0,0,0,0,0,0,0,0,0,0,0,0,33590,45200,53000,53000,53000,58440,58440,58440,58450
11445372,PATRIOT 노트북 DDR4-3200 CL22 SIGNATURE,PATRIOT 노트북 SIGNATURE,DDR4,3200,CL22,32GB,32,0,0,0,0,0,0,0,0,0,0,0,0,0,0,0,0,0,0,0,0,0,0,0,0,0,0,0,0,0,0,82870
70677074,PATRIOT 노트북 DDR5-5600 CL46 SIGNATURE,PATRIOT 노트북 SIGNATURE,DDR5,5600,CL46,32GB,32,136480,136490,0,0,0,0,0,0,0,0,0,0,0,0,0,0,0,0,0,0,0,0,190000,267000,0,0,0,0,0,0,0
70677074,PATRIOT 노트북 DDR5-5600 CL46 SIGNATURE,PATRIOT 노트북 SIGNATURE,DDR5,5600,CL46,16GB,16,73080,73090,0,0,0,0,0,0,0,0,0,0,0,0,0,0,0,0,0,0,0,0,135000,135000,0,0,0,0,0,0,0
70677074,PATRIOT 노트북 DDR5-5600 CL46 SIGNATURE,PATRIOT 노트북 SIGNATURE,DDR5,5600,CL46,8GB,8,35580,35590,0,0,0,0,0,0,0,0,0,0,0,0,0,0,0,0,0,0,0,0,37700,37700,0,0,0,0,0,0,0
71425031,PATRIOT 노트북 DDR5-5600 CL46 SIGNATURE,PATRIOT 노트북 SIGNATURE,DDR5,5600,CL46,32GB,32,0,0,141990,141990,141990,141990,141990,141990,141990,141990,141990,141990,141990,148000,169310,169310,172000,0,0,0,0,0,0,0,0,0,318000,317990,317990,317980,317960
71425031,PATRIOT 노트북 DDR5-5600 CL46 SIGNATURE,PATRIOT 노트북 SIGNATURE,DDR5,5600,CL46,16GB,16,0,0,75990,75990,75990,75990,75990,75990,75990,75990,75990,75990,75990,79000,86900,86900,87000,95000,95000,95000,106940,106820,0,0,0,0,159000,158990,158990,158980,158960
71425031,PATRIOT 노트북 DDR5-5600 CL46 SIGNATURE,PATRIOT 노트북 SIGNATURE,DDR5,5600,CL46,8GB,8,0,0,36440,36440,36440,36440,36440,36440,36440,36440,36440,36440,36440,36440,36440,36440,36440,36450,36450,36450,36450,36450,0,0,0,0,0,0,318000,318000,318000
92510588,PATRIOT 노트북 DDR5-6400 CL52 SIGNATURE,PATRIOT 노트북 SIGNATURE,DDR5,6400,CL52,32GB,32,153880,153890,155080,155080,155080,155080,155080,155080,155080,155080,155050,154930,155080,160000,188920,188920,193390,194000,194000,194000,194000,194000,194000,285000,0,0,330000,329550,310000,310000,310000
92510588,PATRIOT 노트북 DDR5-6400 CL52 SIGNATURE,PATRIOT 노트북 SIGNATURE,DDR5,6400,CL52,16GB,16,76980,76990,77940,77940,77940,77940,77940,77940,77940,77940,77940,77940,77940,80000,88640,88640,97420,100000,100000,100000,120000,120000,97420,154470,0,0,185000,180240,180240,180240,180240
92512613,PATRIOT 노트북 DDR5-6400 CL52 SIGNATURE,PATRIOT 노트북 SIGNATURE,DDR5,6400,CL52,32GB,32,153880,153890,155080,155080,155080,155080,155080,0,155080,155080,155050,154930,155080,160000,188920,188920,193390,0,0,0,194000,194000,194000,285000,330000,330000,330000,329550,310000,310000,310000
92512613,PATRIOT 노트북 DDR5-6400 CL52 SIGNATURE,PATRIOT 노트북 SIGNATURE,DDR5,6400,CL52,16GB,16,76980,76990,77940,77940,77940,77940,77940,0,77940,77940,77940,77940,77940,80000,88640,88640,97420,0,0,0,120000,120000,97420,154470,0,0,185000,180240,180240,180240,180240
80164502,PNY DDR5-5600 CL40 Performance STCOM,PNY Performance STCOM,DDR5,5600,CL40,16GB,16,65800,65790,66000,66000,66000,66000,66000,66000,66000,66000,66000,66000,68840,70850,76300,84000,84000,96480,96360,96270,101880,105900,107070,113070,132360,128160,132360,158850,158850,154520,154400
12716882,PNY XLR8 DDR4-3600 Gaming EPIC-X RGB 화이트 패키지,PNY XLR8 Gaming EPIC-X RGB 화이트 패키지,DDR4,3600,0,16GB(8GX2),16,59900,59900,59900,59900,59900,59900,59900,59900,59900,59900,59900,59900,59900,59900,59900,0,0,0,0,0,0,0,0,0,0,0,0,0,0,0,0
15152999,PNY XLR8 DDR4-3600 Gaming 화이트 패키지,PNY XLR8 Gaming 화이트 패키지,DDR4,3600,0,16GB(8GX2),16,76860,76860,76860,76860,76860,76860,76860,76860,76860,76860,76860,76860,76860,76860,76860,76860,76860,76860,76860,76860,76860,76860,0,0,0,0,0,0,0,0,0
78307850,PNY XLR8 DDR5-6000 CL36 Heatsink 패키지,PNY XLR8 Heatsink 패키지,DDR5,6000,CL36,32GB(16GX2),32,135000,135000,135000,135000,135000,135000,135000,135000,135000,135000,135000,135000,141120,141120,141120,141120,0,0,0,0,0,0,0,0,0,0,0,0,0,0,0
16344323,PNY XLR8 DDR5-6000 CL36 MAKO,PNY XLR8 MAKO,DDR5,6000,CL36,16GB,16,72000,72000,72000,72000,72000,72000,72000,72000,72000,72000,72000,72000,78300,72000,72000,0,0,0,0,0,0,0,0,0,0,0,0,0,0,0,0
16839320,PNY XLR8 DDR5-6000 CL38 MAKO RGB 패키지 제이씨현,PNY XLR8 MAKO RGB 패키지 제이씨현,DDR5,6000,CL38,32GB(16GX2),32,155000,155000,155000,155000,155000,155000,155000,155000,155000,155000,155000,155000,0,155000,155000,0,0,0,0,0,0,0,0,0,0,0,0,0,0,0,0
16344395,PNY XLR8 DDR5-6200 CL42 MAKO,PNY XLR8 MAKO,DDR5,6200,CL42,16GB,16,83700,83700,82770,83700,83700,83700,83700,83700,83700,83700,83700,83700,83700,83700,83700,0,0,0,0,0,0,0,0,0,0,0,0,0,0,0,0
5800064,SK하이닉스 DDR2-667 중고,SK하이닉스 DDR2-667 중고,0,0,0,2GB,2,9800,9800,9800,9800,9800,9800,9800,9800,9800,9800,9800,9800,9800,9800,9800,9800,9800,9800,9800,9800,9800,9800,9800,9800,9800,9800,9800,9800,9800,9800,9800
5800016,SK하이닉스 DDR2-800 중고,SK하이닉스 DDR2-800 중고,0,0,0,2GB,2,30310,0,0,0,0,0,0,0,0,0,0,0,0,0,0,0,0,0,0,0,30310,30310,30310,30310,30310,30310,30310,0,0,0,0
5800016,SK하이닉스 DDR2-800 중고,SK하이닉스 DDR2-800 중고,0,0,0,4GB,4,87470,0,0,0,0,0,0,0,0,0,0,0,0,0,0,0,0,0,0,0,87470,87470,87470,87470,87470,87470,87470,0,0,0,0
17241983,SK하이닉스 DDR2-800 중고,SK하이닉스 DDR2-800 중고,0,0,0,2GB,2,0,30310,30310,30310,30310,30310,30310,30310,30310,30310,30310,30310,30310,30310,30310,30310,30310,30310,30310,30310,0,0,0,0,0,0,0,6800,6800,6800,6800
17241983,SK하이닉스 DDR2-800 중고,SK하이닉스 DDR2-800 중고,0,0,0,4GB,4,0,87470,87470,87470,87470,87470,87470,87470,87470,87470,87470,87470,87470,87470,87470,87470,87470,87470,87470,87470,0,0,0,0,0,0,0,87470,87470,87470,87470
5728455,SK하이닉스 DDR3-1333 중고,SK하이닉스 중고,DDR3,1333,0,4GB,4,3890,3890,3890,3890,3890,3890,3890,3890,3890,3890,3890,3890,3890,3890,3890,3890,3890,3890,3890,3890,3890,3890,3890,3890,3890,3890,3890,7000,7000,7000,7000
5947795,SK하이닉스 DDR3-1600,SK하이닉스,DDR3,1600,0,2GB,2,18000,18000,18000,18000,18000,18000,18000,18000,18000,18000,18000,18000,18000,18000,18000,18000,18000,18000,18000,18000,18000,18000,18000,18000,18000,18000,18000,18000,18000,18000,18000
5547988,SK하이닉스 DDR3-1600 중고,SK하이닉스 중고,DDR3,1600,0,8GB,8,10500,10500,10500,10500,10500,10500,10500,10500,10500,10500,0,0,10500,10500,10500,10500,10500,10500,10500,10500,0,0,0,0,12490,12490,12490,12490,12490,0,0
5547988,SK하이닉스 DDR3-1600 중고,SK하이닉스 중고,DDR3,1600,0,4GB,4,2700,2700,2700,2700,2700,2700,2700,2700,2700,2700,0,0,2700,2700,2700,2700,2700,2700,2700,2700,0,0,0,0,2700,2700,2700,3790,3790,0,0
5547675,SK하이닉스 DDR3-1600 중고,SK하이닉스 중고,DDR3,1600,0,8GB,8,0,0,0,0,0,0,0,0,0,0,10500,10500,0,0,0,0,0,0,0,0,12490,12490,12490,12490,0,0,0,0,0,12490,12490
5547675,SK하이닉스 DDR3-1600 중고,SK하이닉스 중고,DDR3,1600,0,4GB,4,0,0,0,0,0,0,0,0,0,0,2700,2700,0,0,0,0,0,0,0,0,2700,2700,2700,2700,0,0,0,0,0,3790,3790
4340385,SK하이닉스 DDR4-2133,SK하이닉스,DDR4,2133,0,4GB,4,32000,32000,32000,32000,32000,32000,32000,32000,32000,32000,32000,32000,32000,32000,32000,32000,32000,32000,32000,32000,32000,32000,17000,17000,17000,17000,17000,17000,17000,17000,17000
18782606,SK하이닉스 DDR4-2133 ECC/REG 중고,SK하이닉스 ECC/REG 중고,DDR4,2133,0,16GB,16,39800,39800,39800,39800,39800,39800,39800,39800,39800,39800,39800,39800,39800,39800,43800,43800,43800,43800,43800,43800,43800,43800,43800,43800,43800,43800,45800,45800,45800,55800,55800
19266941,SK하이닉스 DDR4-2133 중고,SK하이닉스 중고,DDR4,2133,0,4GB,4,8460,8460,8460,8460,8460,8460,8460,8460,8460,8460,8370,8370,8370,9300,9300,9300,9300,9300,10230,10230,10230,10230,10230,10800,10800,10800,10800,10800,10800,10800,10800
5718625,SK하이닉스 DDR4-2400,SK하이닉스,DDR4,2400,0,4GB,4,13090,13090,13090,13090,13090,13090,13090,13090,13090,13090,13090,13090,13090,13090,13090,13090,13090,13090,13090,13090,13090,13090,13090,13090,13090,13090,13090,13090,13090,13090,13090
19266986,SK하이닉스 DDR4-2400 중고,SK하이닉스 중고,DDR4,2400,0,4GB,4,41900,41900,41900,41900,41900,41900,41900,41900,41900,41900,41900,41900,41900,41900,41900,41900,41900,41900,41900,41900,41900,41900,41900,41900,41900,41900,41900,41900,41900,41900,41900
10376565,SK하이닉스 DDR4-2666 중고,SK하이닉스 중고,DDR4,2666,0,16GB,16,59890,59890,59890,59890,59890,59890,59890,59890,59890,59890,59890,59890,59890,59890,59890,59890,59890,59890,59890,59890,59890,59890,59890,67800,69890,69890,69890,61000,80000,80000,80000
10376565,SK하이닉스 DDR4-2666 중고,SK하이닉스 중고,DDR4,2666,0,8GB,8,17110,15270,20000,20000,20000,20000,20000,20000,20000,20000,20000,20000,20000,20000,21000,21000,21000,21000,24000,26000,26000,26000,26000,26000,26000,26000,26000,26000,41000,41000,41000
99639581,SK하이닉스 DDR4-3200,SK하이닉스,DDR4,3200,0,16GB,16,0,0,0,0,0,0,0,0,0,0,0,0,0,0,0,0,0,0,0,0,0,0,0,0,0,0,0,0,118610,118610,115530
17030762,SK하이닉스 DDR4-3200 중고,SK하이닉스 중고,DDR4,3200,0,16GB,16,56900,56900,56900,56900,56900,0,0,0,56900,56900,56900,56900,56900,64500,66400,66400,66400,66400,66400,75900,75900,75900,0,0,0,0,0,0,0,0,0
17030762,SK하이닉스 DDR4-3200 중고,SK하이닉스 중고,DDR4,3200,0,8GB,8,26500,28400,28400,28400,28400,0,0,0,28400,28400,28400,28400,28400,28400,28400,28400,28400,28400,28400,28400,28400,28400,0,0,0,0,0,0,0,0,0
17030762,SK하이닉스 DDR4-3200 중고,SK하이닉스 중고,DDR4,3200,0,4GB,4,24610,24610,24610,24610,24610,0,0,0,24610,24610,24610,24610,24610,24610,24610,24610,24610,24610,24610,24610,24610,24610,0,0,0,0,0,0,0,0,0
17761472,SK하이닉스 DDR4-3200 중고,SK하이닉스 중고,DDR4,3200,0,16GB,16,0,0,0,0,0,56900,56900,56900,0,0,0,0,0,0,0,0,0,0,0,0,0,0,0,0,0,0,0,0,0,0,0
17761472,SK하이닉스 DDR4-3200 중고,SK하이닉스 중고,DDR4,3200,0,8GB,8,0,0,0,0,0,28400,28400,28400,0,0,0,0,0,0,0,0,0,0,0,0,0,0,0,0,0,0,0,0,0,0,0
17761472,SK하이닉스 DDR4-3200 중고,SK하이닉스 중고,DDR4,3200,0,4GB,4,0,0,0,0,0,24610,24610,24610,0,0,0,0,0,0,0,0,0,0,0,0,0,0,0,0,0,0,0,0,0,0,0
15577976,SK하이닉스 DDR4-3200 중고,SK하이닉스 중고,DDR4,3200,0,16GB,16,0,0,0,0,0,0,0,0,0,0,0,0,0,0,0,0,0,0,0,0,0,0,75900,75900,85400,85400,85400,104400,104400,104400,104400
15577976,SK하이닉스 DDR4-3200 중고,SK하이닉스 중고,DDR4,3200,0,8GB,8,0,0,0,0,0,0,0,0,0,0,0,0,0,0,0,0,0,0,0,0,0,0,34100,34100,37900,37900,37900,56900,56900,56900,56900
15577976,SK하이닉스 DDR4-3200 중고,SK하이닉스 중고,DDR4,3200,0,4GB,4,0,0,0,0,0,0,0,0,0,0,0,0,0,0,0,0,0,0,0,0,0,0,24610,24610,24610,24610,24610,55010,55010,55010,55010
16507634,SK하이닉스 DDR5-4800,SK하이닉스,DDR5,4800,0,16GB,16,88130,88090,87980,87860,87750,87640,87520,87400,87330,87330,87330,87330,87330,87290,98590,98590,101130,113780,113780,113780,116620,161410,161410,161410,0,0,0,180410,180410,180410,180410
16507634,SK하이닉스 DDR5-4800,SK하이닉스,DDR5,4800,0,8GB,8,31000,31000,31000,31000,31000,31000,31000,31000,32000,32000,32000,32000,32000,37000,37000,37000,37000,37000,37000,37000,37000,37000,41000,41000,0,0,0,0,0,0,0
16507664,SK하이닉스 DDR5-4800,SK하이닉스,DDR5,4800,0,16GB,16,0,0,0,0,0,0,0,0,0,0,0,0,0,0,0,0,0,0,0,0,0,0,0,0,180410,180410,180410,0,0,0,0
16507664,SK하이닉스 DDR5-4800,SK하이닉스,DDR5,4800,0,8GB,8,0,0,0,0,0,0,0,0,0,0,0,0,0,0,0,0,0,0,0,0,0,0,0,0,42000,42000,42000,0,0,0,0
18883523,SK하이닉스 DDR5-5600,SK하이닉스,DDR5,5600,0,32GB,32,190900,0,0,0,0,0,190900,192600,192600,0,195990,195990,202650,204110,0,0,0,0,0,0,227670,247000,266670,293550,331990,331990,331990,337840,357330,381950,381950
18883523,SK하이닉스 DDR5-5600,SK하이닉스,DDR5,5600,0,16GB,16,93330,0,0,0,0,0,92750,92630,92510,0,95250,96870,96750,97210,0,0,0,0,0,0,112200,126450,136000,149910,163940,163860,164180,163420,170160,170160,170160
18883523,SK하이닉스 DDR5-5600,SK하이닉스,DDR5,5600,0,12GB,12,41840,0,0,0,0,0,42560,43100,43100,0,42990,42990,42990,42950,0,0,0,0,0,0,45260,74730,79740,79740,129710,129710,119710,119710,119710,119710,119710
18883523,SK하이닉스 DDR5-5600,SK하이닉스,DDR5,5600,0,8GB,8,44400,0,0,0,0,0,44400,44400,44400,0,46500,46500,46500,48600,0,0,0,0,0,0,57240,65500,65500,77100,77100,77100,77100,79200,79200,81300,84400
18700841,SK하이닉스 DDR5-5600,SK하이닉스,DDR5,5600,0,32GB,32,0,190900,190900,190900,190900,190900,0,0,0,195990,0,0,0,0,206510,216100,222010,222010,222010,222010,0,0,0,0,0,0,0,0,0,0,0
18700841,SK하이닉스 DDR5-5600,SK하이닉스,DDR5,5600,0,16GB,16,0,93220,93110,92990,92900,92870,0,0,0,92390,0,0,0,0,99790,102500,102500,104400,104290,104170,0,0,0,0,0,0,0,0,0,0,0
18700841,SK하이닉스 DDR5-5600,SK하이닉스,DDR5,5600,0,12GB,12,0,42140,42560,42560,42560,42560,0,0,0,43100,0,0,0,0,42880,46690,53970,55440,64570,64540,0,0,0,0,0,0,0,0,0,0,0
18700841,SK하이닉스 DDR5-5600,SK하이닉스,DDR5,5600,0,8GB,8,0,44400,44400,44400,44400,44400,0,0,0,44400,0,0,0,0,49600,51500,52800,53900,53900,54340,0,0,0,0,0,0,0,0,0,0,0
18698351,SK하이닉스 DDR5-5600 병행수입,SK하이닉스 병행수입,DDR5,5600,0,16GB,16,93180,97359,97330,97320,97320,97320,97320,97320,97320,97320,101190,101190,102010,101910,105070,108140,108140,115310,115310,115310,122630,129393,147490,161770,172370,172170,172280,175520,177570,172762,172760
68686664,SK하이닉스 DDR5-5600 중고,SK하이닉스 중고,DDR5,5600,0,8GB,8,34990,34990,34990,34990,34990,34990,34990,34990,34990,34990,34990,34990,34990,34990,35000,33500,34990,34990,34990,35000,0,49990,76560,77590,77590,77590,77590,79990,79990,79990,79990
1001342,SK하이닉스 노트북 DDR2-667 병행수입,SK하이닉스 노트북 DDR2-667 병행수입,0,0,0,2GB,2,15900,15900,15900,15900,15900,15900,15900,15900,15900,15900,15900,15900,15900,15900,15900,15900,15900,15900,15900,15900,15900,15900,15900,15900,15900,15900,15900,15900,15900,15900,15900
929549,SK하이닉스 노트북 DDR2-800 병행수입,SK하이닉스 노트북 DDR2-800 병행수입,0,0,0,1GB,1,8900,8900,8900,8900,8900,8900,8900,8900,8900,8900,8900,8900,8900,0,0,0,0,0,0,0,8900,8900,8900,8900,8900,8900,8900,8900,8900,8900,0
929549,SK하이닉스 노트북 DDR2-800 병행수입,SK하이닉스 노트북 DDR2-800 병행수입,0,0,0,2GB,2,16000,16000,16000,16000,16000,16000,16000,16000,16000,16000,16000,16000,16000,0,0,0,0,0,0,0,16000,16000,16000,16000,16000,16000,16000,16000,16000,16000,0
5580765,SK하이닉스 노트북 DDR2-800 병행수입,SK하이닉스 노트북 DDR2-800 병행수입,0,0,0,1GB,1,0,0,0,0,0,0,0,0,0,0,0,0,0,8900,8900,8900,8900,8900,8900,8900,0,0,0,0,0,0,0,0,0,0,8900
5580765,SK하이닉스 노트북 DDR2-800 병행수입,SK하이닉스 노트북 DDR2-800 병행수입,0,0,0,2GB,2,0,0,0,0,0,0,0,0,0,0,0,0,0,16000,16000,16000,16000,16000,16000,16000,0,0,0,0,0,0,0,0,0,0,16000
5799891,SK하이닉스 노트북 DDR2-800 중고,SK하이닉스 노트북 DDR2-800 중고,0,0,0,4GB,4,96800,96800,96800,96800,96800,96800,96800,96800,96800,96800,96800,96800,96800,96800,96800,96800,96800,96800,96800,96800,96800,96800,96800,96800,96800,96800,96800,96800,0,96800,96800
5799891,SK하이닉스 노트북 DDR2-800 중고,SK하이닉스 노트북 DDR2-800 중고,0,0,0,2GB,2,25000,25000,25000,25000,25000,25000,25000,25000,25000,25000,25000,25000,25000,25000,25000,25000,25000,25000,25000,25000,25000,25000,25000,25000,25000,25000,25000,25000,0,25000,25000
5799891,SK하이닉스 노트북 DDR2-800 중고,SK하이닉스 노트북 DDR2-800 중고,0,0,0,1GB,1,16000,16000,16000,16000,16000,16000,16000,16000,16000,16000,16000,16000,16000,16000,16000,16000,16000,16000,16000,16000,16000,16000,16000,16000,16000,16000,16000,16000,0,16000,16000
929569,SK하이닉스 노트북 DDR2-800 중고,SK하이닉스 노트북 DDR2-800 중고,0,0,0,4GB,4,0,0,0,0,0,0,0,0,0,0,0,0,0,0,0,0,0,0,0,0,0,0,0,0,0,0,0,0,96800,0,0
929569,SK하이닉스 노트북 DDR2-800 중고,SK하이닉스 노트북 DDR2-800 중고,0,0,0,2GB,2,0,0,0,0,0,0,0,0,0,0,0,0,0,0,0,0,0,0,0,0,0,0,0,0,0,0,0,0,25000,0,0
929569,SK하이닉스 노트북 DDR2-800 중고,SK하이닉스 노트북 DDR2-800 중고,0,0,0,1GB,1,0,0,0,0,0,0,0,0,0,0,0,0,0,0,0,0,0,0,0,0,0,0,0,0,0,0,0,0,16000,0,0
1678154,SK하이닉스 노트북 DDR3-1066,SK하이닉스 노트북,DDR3,1066,0,4GB,4,50000,50000,50000,50000,50000,50000,50000,50000,50000,50000,50000,50000,50000,50000,50000,50000,50000,50000,50000,50000,50000,50000,50000,50000,50000,50000,50000,50000,50000,50000,50000
1678154,SK하이닉스 노트북 DDR3-1066,SK하이닉스 노트북,DDR3,1066,0,2GB,2,16900,16900,16900,16900,16900,16900,16900,16900,16900,16900,16900,16900,16900,16900,16900,16900,16900,16900,16900,16900,16900,16900,16900,16900,16900,16900,16900,16900,16900,16900,16900
1678154,SK하이닉스 노트북 DDR3-1066,SK하이닉스 노트북,DDR3,1066,0,1GB,1,4700,4700,4700,4700,4700,4700,4700,4700,4700,4700,4700,4700,4700,4700,4700,4700,4700,4700,4700,4700,4700,4700,4700,4700,4700,4700,4700,4700,4700,4700,4700
5728643,SK하이닉스 노트북 DDR3-1066 병행수입,SK하이닉스 노트북 병행수입,DDR3,1066,0,2GB,2,16800,16800,16800,16800,16800,16800,16800,16800,16800,16800,16800,16800,16800,16800,16800,16800,16800,16800,16800,16800,16800,16800,16800,16800,16800,16800,16800,16800,16800,16800,16800
5728635,SK하이닉스 노트북 DDR3-1066 중고,SK하이닉스 노트북 중고,DDR3,1066,0,4GB,4,59500,59500,59500,59500,59500,59500,59500,59500,59500,59500,59500,59500,59500,59500,59500,59500,59500,59500,59500,59500,59500,59500,59500,59500,59500,59500,59500,59500,59500,59500,59500
5728635,SK하이닉스 노트북 DDR3-1066 중고,SK하이닉스 노트북 중고,DDR3,1066,0,2GB,2,1770,1770,1770,1770,1770,1770,1770,1770,1770,1770,1770,1770,1770,1900,1820,1900,1810,1780,1890,1770,1900,1780,1770,1770,1770,1770,1770,1770,1770,1770,1770
1331603,SK하이닉스 노트북 DDR3-1333,SK하이닉스 노트북,DDR3,1333,0,4GB,4,25000,0,0,0,0,0,0,0,25000,25000,25000,25000,25000,25000,25000,25000,25000,25000,25000,25000,25000,25000,25000,25000,25000,25000,25000,25000,25000,25000,25000
1331603,SK하이닉스 노트북 DDR3-1333,SK하이닉스 노트북,DDR3,1333,0,2GB,2,10000,0,0,0,0,0,0,0,10000,10000,10000,10000,10000,10000,10000,10000,10000,10000,10000,10000,10000,10000,10000,10000,10000,10000,10000,10000,10000,10000,10000
1331603,SK하이닉스 노트북 DDR3-1333,SK하이닉스 노트북,DDR3,1333,0,1GB,1,23000,0,0,0,0,0,0,0,23000,23000,23000,23000,23000,23000,23000,23000,23000,23000,23000,23000,23000,23000,23000,23000,23000,23000,23000,23000,23000,23000,23000
1083799,SK하이닉스 노트북 DDR3-1333,SK하이닉스 노트북,DDR3,1333,0,4GB,4,0,25000,25000,25000,25000,25000,25000,25000,0,0,0,0,0,0,0,0,0,0,0,0,0,0,0,0,0,0,0,0,0,0,0
1083799,SK하이닉스 노트북 DDR3-1333,SK하이닉스 노트북,DDR3,1333,0,2GB,2,0,10000,10000,10000,10000,10000,10000,10000,0,0,0,0,0,0,0,0,0,0,0,0,0,0,0,0,0,0,0,0,0,0,0
1083799,SK하이닉스 노트북 DDR3-1333,SK하이닉스 노트북,DDR3,1333,0,1GB,1,0,23000,23000,23000,23000,23000,23000,23000,0,0,0,0,0,0,0,0,0,0,0,0,0,0,0,0,0,0,0,0,0,0,0
5728737,SK하이닉스 노트북 DDR3-1333 병행수입,SK하이닉스 노트북 병행수입,DDR3,1333,0,1GB,1,15800,15800,15800,15800,15800,15800,15800,15800,15800,15800,15800,15800,15800,15800,15800,15800,15800,15800,15800,15800,15800,15800,15800,15800,15800,15800,15800,15800,15800,15800,15800
5728737,SK하이닉스 노트북 DDR3-1333 병행수입,SK하이닉스 노트북 병행수입,DDR3,1333,0,4GB,4,29500,29500,29500,29500,29500,29500,29500,29500,29500,29500,29500,29500,29500,29500,29500,29500,29500,29500,29500,29500,29500,29500,29500,29500,29500,29500,29500,29500,29500,29500,29500
5728592,SK하이닉스 노트북 DDR3-1333 중고,SK하이닉스 노트북 중고,DDR3,1333,0,8GB,8,89500,89500,89500,89500,89500,89500,89500,89500,89500,89500,89500,89500,89500,89500,89500,89500,89500,89500,89500,89500,89500,89500,89500,89500,89500,89500,89500,89500,0,0,0
5728592,SK하이닉스 노트북 DDR3-1333 중고,SK하이닉스 노트북 중고,DDR3,1333,0,4GB,4,3200,3200,3200,3200,3200,3200,3200,3200,3200,3200,3200,3200,3200,3200,3200,3200,3200,3200,3200,3200,3200,8040,8040,8040,8040,8040,8040,8040,0,0,0
5728592,SK하이닉스 노트북 DDR3-1333 중고,SK하이닉스 노트북 중고,DDR3,1333,0,2GB,2,1990,1990,1990,1990,1990,1990,1990,1990,1990,1990,1990,1990,1990,1990,1990,1990,1990,1990,1990,1990,1990,1990,1990,1990,1990,1990,1990,1990,0,0,0
5728592,SK하이닉스 노트북 DDR3-1333 중고,SK하이닉스 노트북 중고,DDR3,1333,0,1GB,1,5300,5300,5300,5300,5300,5300,5300,5300,5300,5300,5300,5300,5300,5300,5300,5300,5300,5300,5300,5300,5300,5300,5300,5300,5300,5300,5300,5300,0,0,0
5728302,SK하이닉스 노트북 DDR3-1333 중고,SK하이닉스 노트북 중고,DDR3,1333,0,8GB,8,0,0,0,0,0,0,0,0,0,0,0,0,0,0,0,0,0,0,0,0,0,0,0,0,0,0,0,0,89500,89500,89500
5728302,SK하이닉스 노트북 DDR3-1333 중고,SK하이닉스 노트북 중고,DDR3,1333,0,4GB,4,0,0,0,0,0,0,0,0,0,0,0,0,0,0,0,0,0,0,0,0,0,0,0,0,0,0,0,0,8040,8040,8040
5728302,SK하이닉스 노트북 DDR3-1333 중고,SK하이닉스 노트북 중고,DDR3,1333,0,2GB,2,0,0,0,0,0,0,0,0,0,0,0,0,0,0,0,0,0,0,0,0,0,0,0,0,0,0,0,0,1990,1990,1990
5728302,SK하이닉스 노트북 DDR3-1333 중고,SK하이닉스 노트북 중고,DDR3,1333,0,1GB,1,0,0,0,0,0,0,0,0,0,0,0,0,0,0,0,0,0,0,0,0,0,0,0,0,0,0,0,0,5300,5300,5300
3380679,SK하이닉스 노트북 DDR3-1600 1.35V 병행수입,SK하이닉스 노트북 1.35V 병행수입,DDR3,1600,0,4GB,4,27900,27900,27900,27900,27900,27900,27900,27900,27900,27900,27900,27900,27900,27900,27900,27900,27900,27900,27900,27900,27900,27900,27900,27900,27900,27900,27900,27900,27900,27900,27900
17811926,SK하이닉스 노트북 DDR3-1600 1.35V 중고,SK하이닉스 노트북 1.35V 중고,DDR3,1600,0,4GB,4,4000,4000,4000,4000,4000,4000,4000,4000,4000,4000,4000,4000,4000,4000,4000,4000,4000,4000,4000,4000,4000,4000,4000,4000,4000,4000,4000,4000,4000,4000,4000
1883084,SK하이닉스 노트북 DDR3-1600 병행수입,SK하이닉스 노트북 병행수입,DDR3,1600,0,8GB,8,58000,58000,58000,58000,58000,58000,58000,58000,58000,58000,58000,58000,58000,58000,58000,58000,58000,58000,58000,58000,58000,58000,58000,58000,58000,58000,58000,58000,58000,58000,58000
5547576,SK하이닉스 노트북 DDR3-1600 중고,SK하이닉스 노트북 중고,DDR3,1600,0,8GB,8,16000,16000,16000,16000,16000,16000,16000,16000,16000,16000,16000,16000,16000,16000,16000,16000,16000,16000,16000,0,0,0,0,0,0,0,0,0,0,0,0
5547576,SK하이닉스 노트북 DDR3-1600 중고,SK하이닉스 노트북 중고,DDR3,1600,0,4GB,4,3500,3500,3500,3500,3500,3500,3500,3500,3500,3500,3500,3500,3500,3500,3500,3500,3500,3500,3500,0,0,0,0,0,0,0,0,0,0,0,0
5547576,SK하이닉스 노트북 DDR3-1600 중고,SK하이닉스 노트북 중고,DDR3,1600,0,2GB,2,1990,1990,1990,1990,1990,1990,1990,1990,1990,1990,1990,1990,1990,1990,1990,1990,1990,1990,1990,0,0,0,0,0,0,0,0,0,0,0,0
5547968,SK하이닉스 노트북 DDR3-1600 중고,SK하이닉스 노트북 중고,DDR3,1600,0,8GB,8,0,0,0,0,0,0,0,0,0,0,0,0,0,0,0,0,0,0,0,16000,16000,16000,16000,16000,16000,16000,16000,16000,18000,18000,18000
5547968,SK하이닉스 노트북 DDR3-1600 중고,SK하이닉스 노트북 중고,DDR3,1600,0,4GB,4,0,0,0,0,0,0,0,0,0,0,0,0,0,0,0,0,0,0,0,3500,3500,3500,3500,3500,3500,3500,3500,3500,3500,3500,3500
5547968,SK하이닉스 노트북 DDR3-1600 중고,SK하이닉스 노트북 중고,DDR3,1600,0,2GB,2,0,0,0,0,0,0,0,0,0,0,0,0,0,0,0,0,0,0,0,1990,1990,1990,1990,1990,1990,1990,1990,1990,1990,1990,1990
5706778,SK하이닉스 노트북 DDR4-2133,SK하이닉스 노트북,DDR4,2133,0,8GB,8,97000,97000,97000,97000,97000,97000,97000,97000,97000,97000,97000,97000,97000,97000,97000,97000,97000,97000,97000,97000,97000,97000,97000,97000,97000,97000,97000,97000,97000,97000,97000
5706426,SK하이닉스 노트북 DDR4-2133 중고,SK하이닉스 노트북 중고,DDR4,2133,0,8GB,8,23090,23090,23090,23090,23090,23090,23090,23090,23090,23090,23090,23090,23090,23090,31190,31190,31190,31190,31190,31190,31190,31190,31190,35890,35890,35890,35890,35890,35890,35890,35890
5706426,SK하이닉스 노트북 DDR4-2133 중고,SK하이닉스 노트북 중고,DDR4,2133,0,4GB,4,8500,8500,8500,8500,8500,8500,8500,8500,8500,8500,8500,8500,8500,8500,8500,8500,8500,8500,8990,8990,9000,9000,9000,9000,9000,9000,9000,9000,9000,9000,9000
16946459,SK하이닉스 노트북 DDR4-2400 중고,SK하이닉스 노트북 중고,DDR4,2400,0,8GB,8,20790,21370,21370,21370,21370,21370,21370,21370,21370,21370,21370,21990,21990,21990,28400,28380,31120,31000,28930,28970,28980,28990,28960,32200,33750,33750,35890,35890,35890,35890,35890
16946459,SK하이닉스 노트북 DDR4-2400 중고,SK하이닉스 노트북 중고,DDR4,2400,0,4GB,4,8960,8920,8890,8890,8890,8890,8890,8890,8890,8890,8890,8890,8890,8790,8790,8790,8790,8790,9190,9190,9190,9190,9190,9200,9200,9200,9200,9200,9200,9200,9200
16946459,SK하이닉스 노트북 DDR4-2400 중고,SK하이닉스 노트북 중고,DDR4,2400,0,2GB,2,16000,16000,16000,16000,16000,16000,16000,16000,16000,16000,16000,16000,16000,16000,16000,16000,16000,16000,16000,16000,16000,16000,16000,16000,16000,16000,16000,16000,16000,16000,16000
17341415,SK하이닉스 노트북 DDR4-2666 중고,SK하이닉스 노트북 중고,DDR4,2666,0,4GB,4,9300,9300,9300,9300,9300,9300,9300,0,0,9300,9300,9300,0,0,9300,9300,9300,9300,9300,9300,9300,9300,9300,13900,13900,13900,13900,13900,0,0,0
17341415,SK하이닉스 노트북 DDR4-2666 중고,SK하이닉스 노트북 중고,DDR4,2666,0,16GB,16,44900,44900,44900,44900,44900,44900,44900,0,0,47890,47890,49830,0,0,55440,55780,55750,55630,55890,55890,55890,55890,55890,66410,66410,66410,66410,73990,0,0,0
17341415,SK하이닉스 노트북 DDR4-2666 중고,SK하이닉스 노트북 중고,DDR4,2666,0,8GB,8,23100,23100,23100,23100,23100,23100,23100,0,0,23100,23100,23100,0,0,27900,27900,28900,28900,28900,28900,28900,52900,52900,52900,52900,52900,52900,52900,0,0,0
17242046,SK하이닉스 노트북 DDR4-2666 중고,SK하이닉스 노트북 중고,DDR4,2666,0,4GB,4,0,0,0,0,0,0,0,9300,9300,0,0,0,9300,9300,0,0,0,0,0,0,0,0,0,0,0,0,0,0,13900,13900,13900
17242046,SK하이닉스 노트북 DDR4-2666 중고,SK하이닉스 노트북 중고,DDR4,2666,0,16GB,16,0,0,0,0,0,0,0,44900,47890,0,0,0,49830,50890,0,0,0,0,0,0,0,0,0,0,0,0,0,0,73990,73990,73990
17242046,SK하이닉스 노트북 DDR4-2666 중고,SK하이닉스 노트북 중고,DDR4,2666,0,8GB,8,0,0,0,0,0,0,0,23100,23100,0,0,0,23100,23100,0,0,0,0,0,0,0,0,0,0,0,0,0,0,52900,52900,52900
16121639,SK하이닉스 노트북 DDR4-3200 중고,SK하이닉스 노트북 중고,DDR4,3200,0,8GB,8,26320,26320,27950,27920,27830,27800,27680,27560,27440,0,0,0,0,0,11800,11800,11800,21800,21800,21800,21800,21800,21800,21150,21150,21150,0,27960,27960,0,27960
16121639,SK하이닉스 노트북 DDR4-3200 중고,SK하이닉스 노트북 중고,DDR4,3200,0,4GB,4,7510,7510,7510,7510,7510,7510,7510,7510,7510,0,0,0,0,0,7500,7500,7500,7500,7500,7500,7500,7510,9990,9990,9990,9990,0,9990,10500,0,10500
13568960,SK하이닉스 노트북 DDR4-3200 중고,SK하이닉스 노트북 중고,DDR4,3200,0,8GB,8,0,0,0,0,0,0,0,0,0,27320,27200,27080,26960,27960,0,0,0,0,0,0,0,0,0,0,0,0,27960,0,0,27960,0
13568960,SK하이닉스 노트북 DDR4-3200 중고,SK하이닉스 노트북 중고,DDR4,3200,0,4GB,4,0,0,0,0,0,0,0,0,0,7510,7510,7510,7510,7500,0,0,0,0,0,0,0,0,0,0,0,0,9990,0,0,10500,0
17390087,SK하이닉스 노트북 DDR5-4800 중고,SK하이닉스 노트북 중고,DDR5,4800,0,8GB,8,22710,22710,22710,22710,22710,22710,22710,22710,22710,22710,22710,22710,22710,22710,22710,22710,22710,22710,22710,22710,22710,22710,22710,27640,27640,27640,34360,22710,22710,37780,37780
20199452,SK하이닉스 노트북 DDR5-5600 중고,SK하이닉스 노트북 중고,DDR5,5600,0,16GB,16,159900,159900,159900,159900,159900,159900,159900,159900,159900,159900,159900,159900,159900,159900,179900,179900,179900,179900,179900,179900,179900,169900,169900,164810,169900,169900,169900,169900,169900,169900,169900
20199452,SK하이닉스 노트북 DDR5-5600 중고,SK하이닉스 노트북 중고,DDR5,5600,0,8GB,8,17390,17390,20390,20390,20390,20390,20390,20390,20390,20390,20390,20390,20390,20390,18000,18000,18000,18000,18000,18000,20400,24000,24000,24000,24000,24000,24000,24000,25000,35900,35890
13603805,SOUTH BRIDGE DDR3-1600,SOUTH BRIDGE,DDR3,1600,0,8GB,8,9800,9800,9800,9800,9800,9800,9800,9800,9800,9800,12800,12800,12800,12800,16800,16800,16800,16800,16800,16800,16800,16800,16800,16800,16800,16800,16800,16800,16800,16800,16800
13568831,SOUTH BRIDGE 노트북 DDR4-2666,SOUTH BRIDGE 노트북,DDR4,2666,0,16GB,16,41800,41800,41800,41800,41800,41800,41800,41800,41800,41800,53800,53800,53800,50800,56800,53800,83800,83800,86800,86800,86800,86800,86800,86800,86800,86800,86800,86800,74900,74900,74900
14205473,SOUTH BRIDGE 노트북용 DDR3L-1600 1.35V,SOUTH BRIDGE 노트북용 DDR3L-1600 1.35V,0,0,0,8GB,8,12700,12700,12700,12700,12700,12700,12700,12700,12700,12700,15800,15800,15800,15800,16800,19800,16800,16800,16800,19800,19800,19800,19800,19800,19800,19800,19800,19800,19800,19800,19800
1699045,TeamGroup DDR3-1600 Elite,TeamGroup Elite,DDR3,1600,0,8GB,8,14140,14140,14140,14140,14140,14140,14140,14140,14140,14140,14140,14140,14140,14140,14140,14140,14140,14140,14140,14140,14140,14140,14140,14140,21000,21000,21000,21000,21000,21000,21000
5680228,TeamGroup DDR4-2666 Elite,TeamGroup Elite,DDR4,2666,0,8GB,8,42210,42210,42210,42210,42210,42210,42210,42210,42210,42210,42210,42210,42210,42210,33380,33380,33380,33380,33380,33380,37910,37900,37900,41700,41700,41000,41000,41000,41000,41000,41000
10188159,TeamGroup DDR4-3200 Elite,TeamGroup Elite,DDR4,3200,0,16GB,16,63900,63900,63900,63900,0,0,0,0,0,0,63900,63900,63900,64510,70000,70000,68700,70990,75900,75900,71000,85400,85400,90000,95000,105000,105000,110000,110000,115000,115000
10188159,TeamGroup DDR4-3200 Elite,TeamGroup Elite,DDR4,3200,0,8GB,8,31490,31490,32500,32500,0,0,0,0,0,0,32500,32500,32500,32000,32000,32620,32630,32710,32710,32710,35000,42820,42820,50000,50000,55000,55000,55040,55040,57000,57000
10188141,TeamGroup DDR4-3200 Elite,TeamGroup Elite,DDR4,3200,0,16GB,16,0,0,0,0,63900,63900,63900,63900,63900,63900,0,0,0,0,0,0,0,0,0,0,0,0,0,0,0,0,0,0,0,0,0
10188141,TeamGroup DDR4-3200 Elite,TeamGroup Elite,DDR4,3200,0,8GB,8,0,0,0,0,32500,32500,32500,32500,32500,32500,0,0,0,0,0,0,0,0,0,0,0,0,0,0,0,0,0,0,0,0,0
14907467,TeamGroup DDR4-3200 Elite 서린,TeamGroup Elite 서린,DDR4,3200,0,16GB,16,67890,64500,64500,64500,64500,64500,64500,64500,64500,64500,64500,64500,64500,64500,85410,85400,85400,85400,85400,85400,85400,85400,85400,85400,0,0,0,0,31000,0,0
52062398,TeamGroup DDR5-4800 CL40 Elite,TeamGroup Elite,DDR5,4800,CL40,16GB,16,75770,79850,79850,79850,79850,79850,79850,79850,79850,75520,75520,75520,75520,79850,79850,79850,78120,78120,78120,78120,77260,55520,120500,120500,0,0,0,0,0,0,0
18767543,TeamGroup DDR5-4800 CL40 Elite Plus 블랙 서린,TeamGroup Elite Plus 블랙 서린,DDR5,4800,CL40,32GB,32,126500,126500,126500,126500,126500,126500,126500,140000,140000,140000,140000,140000,140000,140000,140000,140000,297500,297500,297500,297500,297500,297500,297500,288580,421950,0,0,435000,435000,0,0
18767543,TeamGroup DDR5-4800 CL40 Elite Plus 블랙 서린,TeamGroup Elite Plus 블랙 서린,DDR5,4800,CL40,16GB,16,104460,104460,104460,104460,104460,104460,104460,104460,104460,104460,104460,104460,104460,104460,104460,104460,104460,1044680,1044680,1044680,1044680,1044680,1044680,1044680,1044680,0,0,1044680,1044680,0,0
17845094,TeamGroup DDR5-4800 CL40 Elite Plus 블랙 서린,TeamGroup Elite Plus 블랙 서린,DDR5,4800,CL40,32GB,32,0,0,0,0,0,0,0,0,0,0,0,0,0,0,0,0,0,0,0,0,0,0,0,0,0,421950,435000,0,0,435000,435000
17845094,TeamGroup DDR5-4800 CL40 Elite Plus 블랙 서린,TeamGroup Elite Plus 블랙 서린,DDR5,4800,CL40,16GB,16,0,0,0,0,0,0,0,0,0,0,0,0,0,0,0,0,0,0,0,0,0,0,0,0,0,1044680,1044680,0,0,1044680,1044680
17845256,TeamGroup DDR5-4800 CL40 Elite Plus 실버 서린,TeamGroup Elite Plus 실버 서린,DDR5,4800,CL40,32GB,32,147000,0,0,0,0,0,0,0,0,0,0,0,0,0,0,0,0,0,0,0,0,0,0,0,0,0,0,0,0,0,0
17845256,TeamGroup DDR5-4800 CL40 Elite Plus 실버 서린,TeamGroup Elite Plus 실버 서린,DDR5,4800,CL40,16GB,16,91970,0,0,0,0,0,0,0,0,0,0,0,0,0,0,0,0,0,0,0,0,0,0,0,0,0,0,0,0,0,0
18767579,TeamGroup DDR5-4800 CL40 Elite Plus 실버 서린,TeamGroup Elite Plus 실버 서린,DDR5,4800,CL40,32GB,32,0,152000,160000,160000,160000,160000,152000,152000,152000,152000,152000,152000,152000,160000,176000,176000,176000,176000,176000,184450,184450,239930,239990,239990,239990,239990,239990,239990,239990,239990,239990
18767579,TeamGroup DDR5-4800 CL40 Elite Plus 실버 서린,TeamGroup Elite Plus 실버 서린,DDR5,4800,CL40,16GB,16,0,91970,91970,91970,91970,91970,91970,91970,91970,91970,91970,91970,91970,77000,77000,90000,91970,115000,115000,115000,115000,115000,115000,115000,911400,911400,911400,911400,911400,911400,911400
17535233,TeamGroup DDR5-4800 CL40 Elite 서린,TeamGroup Elite 서린,DDR5,4800,CL40,32GB,32,145000,145000,158000,158000,158000,158000,158000,158000,158000,158000,158000,158000,158000,158000,173990,173990,174000,174000,174000,181220,181220,237990,238000,238000,247960,247960,247960,0,0,0,0
17535233,TeamGroup DDR5-4800 CL40 Elite 서린,TeamGroup Elite 서린,DDR5,4800,CL40,16GB,16,74980,75000,75000,75000,75000,75000,75000,77500,80990,80990,80980,80980,80990,81000,81000,90900,90990,90990,90990,92160,95990,109000,117990,117990,119550,119550,119550,0,0,0,0
17535647,TeamGroup DDR5-4800 CL40 Elite 서린,TeamGroup Elite 서린,DDR5,4800,CL40,32GB,32,0,0,0,0,0,0,0,0,0,0,0,0,0,0,0,0,0,0,0,0,0,0,0,0,0,0,0,348000,348000,348000,348000
17535647,TeamGroup DDR5-4800 CL40 Elite 서린,TeamGroup Elite 서린,DDR5,4800,CL40,16GB,16,0,0,0,0,0,0,0,0,0,0,0,0,0,0,0,0,0,0,0,0,0,0,0,0,0,0,0,149890,158990,158990,163000
18767630,TeamGroup DDR5-5200 CL42 Elite Plus 블랙 서린,TeamGroup Elite Plus 블랙 서린,DDR5,5200,CL42,16GB,16,0,0,0,0,0,0,0,0,0,0,0,0,0,78000,78000,78000,115000,115000,115000,115000,115000,115000,115000,115000,0,0,0,0,0,0,0
18767684,TeamGroup DDR5-5200 CL42 Elite Plus 실버 서린,TeamGroup Elite Plus 실버 서린,DDR5,5200,CL42,16GB,16,68500,0,0,0,0,0,0,0,0,0,0,0,0,0,0,0,0,0,0,0,0,0,0,0,0,0,0,0,0,0,0
18767360,TeamGroup DDR5-5200 CL42 Elite 서린,TeamGroup Elite 서린,DDR5,5200,CL42,16GB,16,0,84500,81800,81800,81800,81800,81800,81800,81800,82000,82000,82000,82000,82000,82000,92000,92000,92000,92000,119000,119000,118920,118990,118990,124730,124730,124730,163990,163990,163990,163990
23563973,TeamGroup DDR5-5600 CL46 Elite,TeamGroup Elite,DDR5,5600,CL46,16GB,16,77990,78990,0,0,0,0,0,0,0,81490,81490,81990,81990,81990,81990,85570,88120,90500,90500,90500,90500,114210,119990,121490,129010,129010,0,0,0,0,0
23563973,TeamGroup DDR5-5600 CL46 Elite,TeamGroup Elite,DDR5,5600,CL46,32GB,32,130000,130000,0,0,0,0,0,0,0,142990,143000,140390,140390,139580,172270,172270,172260,172260,172260,172260,207560,207560,230000,239000,239000,239500,0,0,0,0,0
23563973,TeamGroup DDR5-5600 CL46 Elite,TeamGroup Elite,DDR5,5600,CL46,8GB,8,34500,38000,0,0,0,0,0,0,0,38000,42000,42000,42000,42000,43000,43000,42990,43380,43380,43970,50000,52000,52000,60000,60000,64000,0,0,0,0,0
30333851,TeamGroup DDR5-5600 CL46 Elite,TeamGroup Elite,DDR5,5600,CL46,16GB,16,0,0,78990,78990,78990,78990,78990,78990,81490,0,0,0,0,0,0,0,0,0,0,0,0,0,0,0,0,0,132990,151840,155750,155750,155750
30333851,TeamGroup DDR5-5600 CL46 Elite,TeamGroup Elite,DDR5,5600,CL46,32GB,32,0,0,142990,142990,142990,142990,142990,142990,142990,0,0,0,0,0,0,0,0,0,0,0,0,0,0,0,0,0,239500,303970,260000,303970,303200
30333851,TeamGroup DDR5-5600 CL46 Elite,TeamGroup Elite,DDR5,5600,CL46,8GB,8,0,0,38000,38000,38000,38000,38000,38000,38000,0,0,0,0,0,0,0,0,0,0,0,0,0,0,0,0,0,72000,77000,76000,77000,77000
74421758,TeamGroup DDR5-5600 CL46 Elite Plus 블랙,TeamGroup Elite Plus 블랙,DDR5,5600,CL46,32GB,32,148000,148080,162000,162000,0,0,0,0,0,0,0,0,162000,178000,0,178000,0,0,0,0,0,0,0,0,0,0,0,0,0,0,0
74421758,TeamGroup DDR5-5600 CL46 Elite Plus 블랙,TeamGroup Elite Plus 블랙,DDR5,5600,CL46,16GB,16,95700,95700,95700,95700,0,0,0,0,0,0,0,0,95700,95700,0,95700,0,0,0,0,0,0,0,0,0,0,0,0,0,0,0
74421821,TeamGroup DDR5-5600 CL46 Elite Plus 블랙,TeamGroup Elite Plus 블랙,DDR5,5600,CL46,32GB,32,0,0,0,0,162000,162000,162000,162000,162000,162000,162000,162000,0,0,178000,0,178000,178000,178000,242000,242000,242000,242000,242000,352000,352000,352000,352000,352000,352000,352000
74421821,TeamGroup DDR5-5600 CL46 Elite Plus 블랙,TeamGroup Elite Plus 블랙,DDR5,5600,CL46,16GB,16,0,0,0,0,95700,95700,95700,95700,95700,95700,95700,95700,0,0,95700,0,95700,0,0,0,0,0,0,0,0,0,0,0,0,0,0
27545675,TeamGroup DDR5-5600 CL46 Elite Plus 블랙 서린,TeamGroup Elite Plus 블랙 서린,DDR5,5600,CL46,16GB,16,80990,80750,85000,85000,0,0,0,85000,0,0,0,0,0,0,0,0,0,0,0,121990,121990,121990,122000,122000,0,172000,172000,171990,171990,171990,171990
27545675,TeamGroup DDR5-5600 CL46 Elite Plus 블랙 서린,TeamGroup Elite Plus 블랙 서린,DDR5,5600,CL46,32GB,32,144590,144590,147850,147850,0,0,0,154390,0,0,0,0,0,0,0,0,0,0,0,186740,186740,241920,241990,242000,0,352000,352000,351990,351990,351990,351990
18768413,TeamGroup DDR5-5600 CL46 Elite Plus 블랙 서린,TeamGroup Elite Plus 블랙 서린,DDR5,5600,CL46,16GB,16,0,0,0,0,85000,85000,85000,0,85000,85000,84990,84990,85000,85000,94990,94990,95000,95000,95000,0,0,0,0,0,127910,0,0,0,0,0,0
18768413,TeamGroup DDR5-5600 CL46 Elite Plus 블랙 서린,TeamGroup Elite Plus 블랙 서린,DDR5,5600,CL46,32GB,32,0,0,0,0,147850,147850,147850,0,154390,154390,154390,154390,154390,157800,172220,172220,178000,186480,186740,0,0,0,0,0,352000,0,0,0,0,0,0
27545711,TeamGroup DDR5-5600 CL46 Elite Plus 실버 서린,TeamGroup Elite Plus 실버 서린,DDR5,5600,CL46,32GB,32,157720,157720,157720,157720,157720,157720,157720,157720,157720,157720,157720,157720,157720,161200,0,0,0,261920,261920,261920,261920,267700,267700,266840,0,0,0,0,0,0,0
27545711,TeamGroup DDR5-5600 CL46 Elite Plus 실버 서린,TeamGroup Elite Plus 실버 서린,DDR5,5600,CL46,16GB,16,96300,96300,96300,96300,96300,96300,96300,96300,96300,96300,96300,96300,96300,96300,0,0,0,0,0,0,0,0,0,0,0,0,0,0,0,0,0
18768470,TeamGroup DDR5-5600 CL46 Elite Plus 실버 서린,TeamGroup Elite Plus 실버 서린,DDR5,5600,CL46,32GB,32,0,0,0,0,0,0,0,0,0,0,0,0,0,0,261920,261920,261920,0,0,0,0,0,0,0,0,0,0,0,0,0,0
18768470,TeamGroup DDR5-5600 CL46 Elite Plus 실버 서린,TeamGroup Elite Plus 실버 서린,DDR5,5600,CL46,16GB,16,0,0,0,0,0,0,0,0,0,0,0,0,0,0,96300,96300,96300,0,0,0,0,0,0,0,0,0,0,0,0,0,0
17535839,TeamGroup DDR5-5600 CL46 Elite 서린,TeamGroup Elite 서린,DDR5,5600,CL46,32GB,32,145400,152000,156130,156130,156420,156420,156420,156420,156420,156420,156400,156400,159300,160000,160000,170190,176000,176000,176000,206520,238900,238900,239900,232800,240000,269000,348300,244240,348300,348300,348300
17535839,TeamGroup DDR5-5600 CL46 Elite 서린,TeamGroup Elite 서린,DDR5,5600,CL46,16GB,16,78980,78850,79000,79000,78640,79000,79000,80990,80990,80930,81490,79600,80590,82990,81020,92980,93000,93000,86670,95500,116000,116000,119900,120000,117320,117320,163500,169990,169960,170000,170000
17535839,TeamGroup DDR5-5600 CL46 Elite 서린,TeamGroup Elite 서린,DDR5,5600,CL46,8GB,8,38990,39000,42470,42470,42470,42470,42470,42470,42470,43910,43790,43770,43990,44000,45960,45860,46000,46000,46000,53970,53890,53920,53990,54000,62200,79000,79000,78990,78990,78990,78990
28265831,TeamGroup DDR5-5600 CL46 Elite 패키지,TeamGroup Elite 패키지,DDR5,5600,CL46,32GB(16GX2),32,142190,139230,139230,139230,140230,140230,140230,140230,140230,140230,140230,140230,142190,148380,156130,150410,163300,163300,180180,180180,195000,195000,228000,228000,228000,311330,311330,311330,311330,311330,311330
31424087,TeamGroup DDR5-6000 CL48 Elite 서린,TeamGroup Elite 서린,DDR5,6000,CL48,32GB,32,135240,135240,165620,165620,0,0,0,0,0,0,165620,165620,165630,170000,171700,171700,186000,186000,186000,194930,0,0,0,0,0,0,0,0,0,353300,353300
31424087,TeamGroup DDR5-6000 CL48 Elite 서린,TeamGroup Elite 서린,DDR5,6000,CL48,16GB,16,77500,77500,82150,82150,0,0,0,0,0,0,84980,84980,84990,85000,85000,85000,95000,95000,95000,121970,0,0,0,0,0,0,0,0,0,171990,171990
31424177,TeamGroup DDR5-6000 CL48 Elite 서린,TeamGroup Elite 서린,DDR5,6000,CL48,32GB,32,0,0,0,0,165620,165620,165620,165620,165620,165630,0,0,0,0,0,0,0,0,0,0,194930,243570,243570,245300,260500,260500,260500,353300,353300,0,0
31424177,TeamGroup DDR5-6000 CL48 Elite 서린,TeamGroup Elite 서린,DDR5,6000,CL48,16GB,16,0,0,0,0,82150,82150,82150,82150,82150,84990,0,0,0,0,0,0,0,0,0,0,121860,121790,121990,121990,127170,127170,127170,171990,171990,0,0
54100718,TeamGroup DDR5-6400 CL52 Elite 서린,TeamGroup Elite 서린,DDR5,6400,CL52,16GB,16,83000,82650,87000,87000,87000,87000,87000,87000,87000,87000,86990,86990,87000,87000,87130,87130,97000,97000,97000,124000,124000,123990,123990,123990,129920,129920,129920,173990,173990,173990,173990
15803102,TeamGroup T-CREATE DDR4-3200 CL14 EXPERT OC10L 패키지,TeamGroup T-CREATE EXPERT OC10L 패키지,DDR4,3200,CL14,32GB(16GX2),32,389210,389210,389210,389210,0,0,0,0,389210,389210,389210,389210,389210,0,0,0,0,0,0,0,0,0,389210,389210,0,0,0,0,0,0,0
15803102,TeamGroup T-CREATE DDR4-3200 CL14 EXPERT OC10L 패키지,TeamGroup T-CREATE EXPERT OC10L 패키지,DDR4,3200,CL14,16GB(8GX2),16,186980,186980,186980,186980,0,0,0,0,186980,186980,186980,186980,186980,0,0,0,0,0,0,0,0,0,191100,191100,0,0,0,0,0,0,0
15803078,TeamGroup T-CREATE DDR4-3200 CL14 EXPERT OC10L 패키지,TeamGroup T-CREATE EXPERT OC10L 패키지,DDR4,3200,CL14,32GB(16GX2),32,0,0,0,0,389210,389210,389210,389210,0,0,0,0,0,389210,389210,389210,389210,388880,386730,386730,389210,389210,0,0,0,0,0,0,0,0,0
15803078,TeamGroup T-CREATE DDR4-3200 CL14 EXPERT OC10L 패키지,TeamGroup T-CREATE EXPERT OC10L 패키지,DDR4,3200,CL14,16GB(8GX2),16,0,0,0,0,186980,186980,186980,186980,0,0,0,0,0,186980,186980,186980,186980,186980,186980,186980,186980,191100,0,0,0,0,0,0,0,0,0
13943138,TeamGroup T-CREATE DDR4-3600 CL18 EXPERT OC10L 패키지,TeamGroup T-CREATE EXPERT OC10L 패키지,DDR4,3600,CL18,32GB(16GX2),32,241080,241080,241080,241080,241080,241080,241080,241080,241080,241080,241080,241080,241080,241080,241080,241080,241080,241080,241080,241080,241080,241080,241080,241080,241080,241080,241080,241080,241080,241080,241080
13981106,TeamGroup T-CREATE DDR4-3600 CL18 EXPERT OC10L 패키지 서린,TeamGroup T-CREATE EXPERT OC10L 패키지 서린,DDR4,3600,CL18,32GB(16GX2),32,135000,135000,135000,135000,135000,135000,135000,135000,135000,135000,374080,374080,374080,374080,374080,374080,374080,374080,374080,374080,374080,374080,374080,374080,374080,374080,374080,374080,374080,374080,374080
13981106,TeamGroup T-CREATE DDR4-3600 CL18 EXPERT OC10L 패키지 서린,TeamGroup T-CREATE EXPERT OC10L 패키지 서린,DDR4,3600,CL18,16GB(8GX2),16,64500,64500,64500,64500,64500,64500,261000,261000,261000,261000,261000,261000,261000,261000,261000,261000,261000,261000,261000,261000,261000,261000,261000,261000,261000,261000,261000,261000,261000,261000,0
19566122,TeamGroup T-CREATE DDR5-5600 CL46 CLASSIC 패키지 서린,TeamGroup T-CREATE CLASSIC 패키지 서린,DDR5,5600,CL46,64GB(32GX2),64,319990,313500,320000,320000,320000,320000,320000,329990,329990,329990,329980,329980,329990,330000,359970,359940,360000,360000,360000,367200,489960,454100,489990,490000,513920,564850,564850,690000,690000,690000,690000
19566122,TeamGroup T-CREATE DDR5-5600 CL46 CLASSIC 패키지 서린,TeamGroup T-CREATE CLASSIC 패키지 서린,DDR5,5600,CL46,32GB(16GX2),32,159450,163400,165000,165000,165000,165000,165000,171990,171990,171990,170190,170170,171990,172000,190000,190000,203160,248000,248000,248000,190000,240100,246580,246580,342000,342000,342000,342000,342000,342000,341990
20546438,TeamGroup T-CREATE DDR5-6000 CL30 EXPERT 패키지 서린,TeamGroup T-CREATE EXPERT 패키지 서린,DDR5,6000,CL30,32GB(16GX2),32,183550,193800,205230,205230,204570,203900,203860,203170,202470,206920,210000,210000,210000,210000,210000,212500,312500,312500,312500,312500,312500,310000,310000,310000,360000,360000,360000,360000,360000,360000,360000
20546684,TeamGroup T-CREATE DDR5-6000 CL30 EXPERT 화이트 패키지 서린,TeamGroup T-CREATE EXPERT 화이트 패키지 서린,DDR5,6000,CL30,32GB(16GX2),32,190000,191480,210000,210000,210000,209990,209990,209990,209990,209990,208780,208770,210000,209990,209990,210000,210000,210000,205800,210000,210000,303100,303100,303100,359500,359500,359500,360000,360000,360000,360000
19566788,TeamGroup T-CREATE DDR5-6000 CL34 EXPERT 패키지 서린,TeamGroup T-CREATE EXPERT 패키지 서린,DDR5,6000,CL34,64GB(32GX2),64,360000,360000,380000,380000,380000,380000,379990,379990,379990,379990,379980,379980,379990,379930,379850,379730,380000,380000,380000,398200,398550,452200,452200,452200,452200,534420,534420,534420,724990,724990,724990
20546735,TeamGroup T-CREATE DDR5-6000 CL34 EXPERT 화이트 패키지 서린,TeamGroup T-CREATE EXPERT 화이트 패키지 서린,DDR5,6000,CL34,64GB(32GX2),64,360000,360000,380000,380000,380000,380000,380000,380000,380000,380000,379990,379990,380000,379990,379990,379990,380000,380000,380000,398550,398550,441700,510000,510000,531430,531430,531430,725000,725000,725000,724990
19567022,TeamGroup T-CREATE DDR5-6000 CL38 EXPERT 패키지 서린,TeamGroup T-CREATE EXPERT 패키지 서린,DDR5,6000,CL38,32GB(16GX2),32,170000,188240,188240,188240,188240,188240,188240,188240,188240,188240,188240,188240,188240,188240,188240,188240,188240,188240,188240,188240,188240,192500,192500,0,0,0,0,0,0,0,0
20546912,TeamGroup T-CREATE DDR5-6000 CL38 EXPERT 화이트 패키지 서린,TeamGroup T-CREATE EXPERT 화이트 패키지 서린,DDR5,6000,CL38,32GB(16GX2),32,164230,170000,185670,185670,185670,185670,185670,185670,185670,185670,185660,185660,185670,190000,190000,190000,192500,192500,192500,192500,196270,200600,200600,0,0,0,0,0,0,0,0
95850338,TeamGroup T-CREATE DDR5-6000 CL48 CLASSIC 패키지,TeamGroup T-CREATE CLASSIC 패키지,DDR5,6000,CL48,32GB(16GX2),32,147300,147190,146000,146000,146000,146000,146000,146000,146000,147000,146890,146770,146650,146600,174370,174260,174140,173500,173500,174020,174000,189000,189000,209140,250650,250650,250970,261600,264000,317700,317700
19567433,TeamGroup T-CREATE DDR5-6000 CL48 CLASSIC 패키지 서린,TeamGroup T-CREATE CLASSIC 패키지 서린,DDR5,6000,CL48,64GB(32GX2),64,329990,340000,331110,331110,337900,337900,337900,337900,337900,339990,339980,339980,339990,340000,402520,402520,402520,402520,402520,402520,402520,402520,0,0,0,0,0,0,0,0,0
19567433,TeamGroup T-CREATE DDR5-6000 CL48 CLASSIC 패키지 서린,TeamGroup T-CREATE CLASSIC 패키지 서린,DDR5,6000,CL48,32GB(16GX2),32,172990,173000,171660,174980,174980,174980,174980,174980,174980,175990,175980,175980,175990,176000,174170,174170,174170,174170,174170,196270,196270,200600,203910,203910,203910,203910,203910,203910,203910,203910,0
20546819,TeamGroup T-CREATE DDR5-6400 CL32 EXPERT 패키지 서린,TeamGroup T-CREATE EXPERT 패키지 서린,DDR5,6400,CL32,32GB(16GX2),32,183550,190000,204780,204780,209990,209990,209990,209990,209990,209990,209980,209980,209990,209950,209870,209750,220060,215790,215790,220060,220250,310000,310000,310000,310000,310000,310000,310000,310000,310000,0
20546987,TeamGroup T-CREATE DDR5-6400 CL32 EXPERT 화이트 패키지 서린,TeamGroup T-CREATE EXPERT 화이트 패키지 서린,DDR5,6400,CL32,32GB(16GX2),32,183550,183550,204910,204910,204910,204900,204890,204880,204870,204870,204860,204860,204870,204870,204870,204870,210000,204910,204910,220060,220250,309980,309990,309990,360000,359990,359990,359990,359990,359990,359990
19567934,TeamGroup T-CREATE DDR5-6400 CL34 EXPERT 패키지 서린,TeamGroup T-CREATE EXPERT 패키지 서린,DDR5,6400,CL34,64GB(32GX2),64,380000,380000,390000,390000,400000,400000,399990,399990,399990,399990,399980,399980,399990,399890,399810,399690,400000,400000,400000,419530,419530,529980,529990,529990,555380,555380,555380,555380,555380,555380,739990
20547080,TeamGroup T-CREATE DDR5-6400 CL34 EXPERT 화이트 패키지 서린,TeamGroup T-CREATE EXPERT 화이트 패키지 서린,DDR5,6400,CL34,64GB(32GX2),64,380000,380000,400000,400000,400000,399990,399990,399990,399990,399990,398980,398980,400000,399990,399990,399990,400000,400000,400000,406180,468200,468200,468200,530000,555380,555380,555380,740000,740000,740000,739990
19568183,TeamGroup T-CREATE DDR5-6400 CL40 EXPERT 패키지 서린,TeamGroup T-CREATE EXPERT 패키지 서린,DDR5,6400,CL40,32GB(16GX2),32,207670,207670,207670,207670,207670,207670,207670,207670,207670,207670,207670,207670,207670,212450,212450,212450,212450,212450,212450,0,0,0,0,0,0,0,0,0,0,0,0
20547134,TeamGroup T-CREATE DDR5-6400 CL40 EXPERT 화이트 패키지 서린,TeamGroup T-CREATE EXPERT 화이트 패키지 서린,DDR5,6400,CL40,32GB(16GX2),32,160000,160000,180000,180000,180000,180000,180000,180000,180000,180000,179990,179990,180000,179990,179960,220990,216230,216230,216230,429030,429030,429030,429030,429030,0,0,0,0,0,0,0
96773624,TeamGroup T-CREATE DDR5-6400 CL42 EXPERT 패키지 서린,TeamGroup T-CREATE EXPERT 패키지 서린,DDR5,6400,CL42,128GB(64GX2),128,650000,703000,740000,740000,740000,740000,740000,740000,740000,740000,740000,740000,740000,740000,740000,740000,0,0,0,0,0,0,0,0,0,0,0,0,0,0,0
96773702,TeamGroup T-CREATE DDR5-6400 CL42 EXPERT 화이트 패키지 서린,TeamGroup T-CREATE EXPERT 화이트 패키지 서린,DDR5,6400,CL42,128GB(64GX2),128,650000,702990,740000,740000,740000,740000,740000,740000,740000,740000,740000,740000,740000,740000,740000,702500,0,0,0,0,0,0,0,0,0,0,0,0,0,0,0
31424498,TeamGroup T-CREATE DDR5-7200 CL34 EXPERT 패키지 서린,TeamGroup T-CREATE EXPERT 패키지 서린,DDR5,7200,CL34,48GB(24GX2),48,315000,0,0,0,315000,315000,315000,315000,315000,315000,315000,315000,315000,314990,314990,299000,0,0,0,0,0,0,0,0,0,0,0,0,0,0,0
31424498,TeamGroup T-CREATE DDR5-7200 CL34 EXPERT 패키지 서린,TeamGroup T-CREATE EXPERT 패키지 서린,DDR5,7200,CL34,32GB(16GX2),32,241400,0,0,0,241400,241400,241400,241400,241400,241400,241400,241400,241400,241400,241400,241400,0,0,0,0,0,0,0,0,0,0,0,0,0,0,0
20547176,TeamGroup T-CREATE DDR5-7200 CL34 EXPERT 패키지 서린,TeamGroup T-CREATE EXPERT 패키지 서린,DDR5,7200,CL34,48GB(24GX2),48,0,315000,315000,315000,0,0,0,0,0,0,0,0,0,0,0,0,0,0,0,0,0,0,0,0,0,0,0,0,0,0,0
20547176,TeamGroup T-CREATE DDR5-7200 CL34 EXPERT 패키지 서린,TeamGroup T-CREATE EXPERT 패키지 서린,DDR5,7200,CL34,32GB(16GX2),32,0,241400,241400,241400,0,0,0,0,0,0,0,0,0,0,0,0,241400,241400,241400,287460,289320,295700,295700,294810,0,0,0,0,0,0,0
31424435,TeamGroup T-CREATE DDR5-7200 CL34 EXPERT 화이트 패키지 서린,TeamGroup T-CREATE EXPERT 화이트 패키지 서린,DDR5,7200,CL34,48GB(24GX2),48,315000,299250,315000,315000,315000,315000,315000,315000,315000,315000,315000,315000,315000,314990,314990,314990,315000,315000,315000,394990,394990,394990,395000,395000,520000,520000,520000,520000,520000,520000,520000
31424435,TeamGroup T-CREATE DDR5-7200 CL34 EXPERT 화이트 패키지 서린,TeamGroup T-CREATE EXPERT 화이트 패키지 서린,DDR5,7200,CL34,32GB(16GX2),32,203000,203000,203000,203000,203000,203000,203000,203000,203000,203000,202990,202990,203000,202990,295690,289320,289320,289320,289320,289320,289320,289320,289320,289320,0,0,0,0,0,0,0
20657798,TeamGroup T-CREATE 노트북 DDR5-5600 CL46 CLASSIC 서린,TeamGroup T-CREATE 노트북 CLASSIC 서린,DDR5,5600,CL46,16GB,16,79040,79040,82040,82040,82040,82040,82040,82040,82040,82040,82040,82040,82040,82040,93050,93050,120060,120060,120060,120060,120060,120060,120060,120060,170080,170080,170080,170080,170080,170080,170080
28806848,TeamGroup T-CREATE 노트북 DDR5-5600 CL46-45-45 CLASSIC 서린,TeamGroup T-CREATE 노트북 -45-45 CLASSIC 서린,DDR5,5600,CL46,32GB,32,142930,151010,159990,159990,0,0,159990,159990,159990,0,159980,159980,159990,0,175970,175940,176000,171780,171780,184450,183020,187250,187250,232680,251490,251490,251490,349990,349990,349990,349990
28806848,TeamGroup T-CREATE 노트북 DDR5-5600 CL46-45-45 CLASSIC 서린,TeamGroup T-CREATE 노트북 -45-45 CLASSIC 서린,DDR5,5600,CL46,16GB,16,73400,73400,81990,81990,0,0,81990,81990,81990,0,81980,81980,81990,0,82000,92890,92990,90800,93000,96590,102000,102000,102000,116920,125750,125750,125750,165630,169950,169950,169950
28806803,TeamGroup T-CREATE 노트북 DDR5-5600 CL46-45-45 CLASSIC 서린,TeamGroup T-CREATE 노트북 -45-45 CLASSIC 서린,DDR5,5600,CL46,32GB,32,0,0,0,0,159990,159990,0,0,0,159990,0,0,0,160000,0,0,0,0,0,0,0,0,0,0,0,0,0,0,0,0,0
28806803,TeamGroup T-CREATE 노트북 DDR5-5600 CL46-45-45 CLASSIC 서린,TeamGroup T-CREATE 노트북 -45-45 CLASSIC 서린,DDR5,5600,CL46,16GB,16,0,0,0,0,81990,81990,0,0,0,81990,0,0,0,82000,0,0,0,0,0,0,0,0,0,0,0,0,0,0,0,0,0
10667601,TeamGroup T-Force DDR4-2666 CL16 Delta RGB 서린,TeamGroup T-Force Delta RGB 서린,DDR4,2666,CL16,8GB,8,68800,68800,68800,68800,68800,68800,68800,68800,68800,68800,68800,68800,68800,68800,68800,68800,68800,68800,68800,68800,68800,68800,68800,68800,68800,68800,68800,68800,68800,68800,68800
11379429,TeamGroup T-Force DDR4-2666 CL18 Delta RGB,TeamGroup T-Force Delta RGB,DDR4,2666,CL18,32GB,32,105890,105890,105890,105890,105890,105890,105890,105890,105890,105890,108750,108750,108750,0,0,0,0,0,0,0,0,0,0,0,0,0,0,0,0,0,0
8714552,TeamGroup T-Force DDR4-2666 CL18 T1 GAMING,TeamGroup T-Force T1 GAMING,DDR4,2666,CL18,4GB,4,11000,11000,11000,11000,11000,11000,11000,11000,11000,11000,11000,11000,11000,11000,11000,11000,11000,11000,11000,11000,11000,11000,11000,11000,11000,11000,11000,11000,11000,11000,11000
9268803,TeamGroup T-Force DDR4-3000 CL16 Vulcan Z Gray,TeamGroup T-Force Vulcan Z Gray,DDR4,3000,CL16,4GB,4,11000,11000,11000,11000,11000,11000,11000,11000,11000,11000,11000,11000,11000,11000,11000,11000,11000,11000,11000,11000,11000,11000,16000,16000,16000,16000,16000,16000,16000,16000,16000
12362669,TeamGroup T-Force DDR4-3200 CL14 XTREEM ARGB 패키지 서린,TeamGroup T-Force XTREEM ARGB 패키지 서린,DDR4,3200,CL14,32GB(16GX2),32,282800,282800,282800,282800,282800,282800,282800,282800,282800,282800,282800,282800,282800,282800,282800,282800,282800,282800,282800,282800,282800,282800,282800,282800,282800,282800,282800,282800,282800,282800,282800
13460609,TeamGroup T-Force DDR4-3200 CL14 XTREEM ARGB 화이트 패키지 서린,TeamGroup T-Force XTREEM ARGB 화이트 패키지 서린,DDR4,3200,CL14,32GB(16GX2),32,350000,350000,350000,350000,350000,350000,350000,350000,350000,350000,350000,350000,350000,350000,350000,350000,350000,350000,350000,350000,350000,350000,350000,350000,350000,350000,350000,350000,350000,350000,350000
6935872,TeamGroup T-Force DDR4-3200 CL16 Delta RGB 패키지,TeamGroup T-Force Delta RGB 패키지,DDR4,3200,CL16,32GB(16GX2),32,170000,170000,170000,170000,170000,170000,170000,170000,170000,170000,170000,170000,170000,2049180,2049180,2049180,2049180,2049180,2049180,2049180,2049180,2049180,0,0,2049180,2049180,2049180,2049180,2049180,2049180,2049180
6935872,TeamGroup T-Force DDR4-3200 CL16 Delta RGB 패키지,TeamGroup T-Force Delta RGB 패키지,DDR4,3200,CL16,16GB(8GX2),16,70000,70000,70000,70000,70000,70000,70000,70000,70000,70000,70000,70000,70000,70000,70000,70000,70000,73150,73150,73150,73150,73150,0,0,130000,130000,130000,130000,130000,130000,130000
6935809,TeamGroup T-Force DDR4-3200 CL16 Delta RGB 패키지,TeamGroup T-Force Delta RGB 패키지,DDR4,3200,CL16,32GB(16GX2),32,0,0,0,0,0,0,0,0,0,0,0,0,0,0,0,0,0,0,0,0,0,0,2049180,2049180,0,0,0,0,0,0,0
6935809,TeamGroup T-Force DDR4-3200 CL16 Delta RGB 패키지,TeamGroup T-Force Delta RGB 패키지,DDR4,3200,CL16,16GB(8GX2),16,0,0,0,0,0,0,0,0,0,0,0,0,0,0,0,0,0,0,0,0,0,0,101000,101000,0,0,0,0,0,0,0
7320400,TeamGroup T-Force DDR4-3200 CL16 Delta RGB 패키지 서린,TeamGroup T-Force Delta RGB 패키지 서린,DDR4,3200,CL16,16GB(8GX2),16,70000,66500,70000,70000,70000,70000,70000,70000,70000,70000,70000,70000,70000,69990,69990,69990,69990,70000,70000,70000,70000,70000,70000,70000,70000,70000,70000,70000,70000,70000,70000
6935857,TeamGroup T-Force DDR4-3200 CL16 Delta RGB 화이트 패키지,TeamGroup T-Force Delta RGB 화이트 패키지,DDR4,3200,CL16,16GB(8GX2),16,91290,91290,91290,91290,91290,91290,91290,91290,91290,91290,91290,91290,91290,91290,91290,91290,91290,91290,91290,91290,91290,91290,91290,91290,91290,91290,91290,91290,0,0,0
7320475,TeamGroup T-Force DDR4-3200 CL16 Delta RGB 화이트 패키지 서린,TeamGroup T-Force Delta RGB 화이트 패키지 서린,DDR4,3200,CL16,16GB(8GX2),16,69990,66500,69990,69990,69990,69990,69990,69990,69990,69990,69990,69990,69990,69890,69810,69690,69600,72500,73350,101000,101000,101000,101000,101000,117770,117770,117770,117770,117770,129990,129990
7323604,TeamGroup T-Force DDR4-3200 CL16 Delta TUF Gaming RGB 패키지 서린,TeamGroup T-Force Delta TUF Gaming RGB 패키지 서린,DDR4,3200,CL16,16GB(8GX2),16,116640,116640,116640,116640,116640,116640,116640,116640,116640,116640,115400,115400,115400,115400,115400,115400,115400,115400,115400,115400,115400,115400,115400,115400,115400,0,0,0,0,0,0
11576393,TeamGroup T-Force DDR4-3200 CL16 Vulcan Z Gray,TeamGroup T-Force Vulcan Z Gray,DDR4,3200,CL16,32GB,32,148000,148000,148000,148000,148000,148000,148000,148000,148000,148000,148000,148000,148000,148000,148000,150390,0,0,0,0,0,0,0,0,0,0,0,0,0,0,0
11576393,TeamGroup T-Force DDR4-3200 CL16 Vulcan Z Gray,TeamGroup T-Force Vulcan Z Gray,DDR4,3200,CL16,8GB,8,41900,41900,41900,41900,41900,41900,41900,41900,41900,41900,41900,41900,41900,41900,41900,41900,0,0,0,0,0,0,0,0,0,0,0,0,0,0,0
10421118,TeamGroup T-Force DDR4-3200 CL16 Vulcan Z Gray,TeamGroup T-Force Vulcan Z Gray,DDR4,3200,CL16,8GB,8,0,0,0,0,0,0,0,0,0,0,0,0,0,0,0,0,41900,41900,41900,41900,41900,41900,41900,50000,0,0,0,0,0,0,0
13658441,TeamGroup T-Force DDR4-3200 CL16 Vulcan Z Gray 패키지,TeamGroup T-Force Vulcan Z Gray 패키지,DDR4,3200,CL16,32GB(16GX2),32,145500,145500,145500,145500,145500,145500,145500,145500,145500,145500,145500,145500,145500,145500,145500,145500,145500,145500,145500,145500,145500,145500,145500,145500,0,0,0,0,0,0,0
11576405,TeamGroup T-Force DDR4-3200 CL16 Vulcan Z Red,TeamGroup T-Force Vulcan Z Red,DDR4,3200,CL16,32GB,32,147000,147000,147000,147000,147000,147000,147000,0,0,0,0,0,0,0,0,0,0,0,0,0,0,0,0,0,0,0,0,0,0,0,0
11576405,TeamGroup T-Force DDR4-3200 CL16 Vulcan Z Red,TeamGroup T-Force Vulcan Z Red,DDR4,3200,CL16,16GB,16,86100,86100,86100,86100,86100,86100,86100,0,0,0,0,0,0,0,0,0,0,0,0,0,0,0,0,0,0,0,0,0,0,0,0
11576414,TeamGroup T-Force DDR4-3200 CL16 Vulcan Z Red,TeamGroup T-Force Vulcan Z Red,DDR4,3200,CL16,32GB,32,0,0,0,0,0,0,0,147000,147000,147000,147000,147000,147000,147000,147000,151010,0,0,0,0,0,0,0,0,0,0,0,0,0,0,0
11576414,TeamGroup T-Force DDR4-3200 CL16 Vulcan Z Red,TeamGroup T-Force Vulcan Z Red,DDR4,3200,CL16,16GB,16,0,0,0,0,0,0,0,86100,86100,86100,86100,86100,87880,86100,86100,87880,0,0,0,0,0,0,0,0,0,0,0,0,0,0,0
13658552,TeamGroup T-Force DDR4-3200 CL16 Vulcan Z Red 패키지,TeamGroup T-Force Vulcan Z Red 패키지,DDR4,3200,CL16,32GB(16GX2),32,135000,148500,148500,148500,148500,148500,148500,148500,148500,148500,148500,148500,148500,148500,148500,152390,0,0,0,0,0,0,0,0,0,0,0,0,0,0,0
13658552,TeamGroup T-Force DDR4-3200 CL16 Vulcan Z Red 패키지,TeamGroup T-Force Vulcan Z Red 패키지,DDR4,3200,CL16,16GB(8GX2),16,72300,72300,72300,72300,72300,72300,72300,72300,72300,72300,72300,72300,72300,72300,72300,74480,0,0,0,0,0,0,0,0,0,0,0,0,0,0,0
10419324,TeamGroup T-Force DDR4-3200 CL16 XTREEM ARGB 패키지 서린,TeamGroup T-Force XTREEM ARGB 패키지 서린,DDR4,3200,CL16,16GB(8GX2),16,124000,124000,124000,124000,124000,124000,124000,124000,124000,124000,124000,124000,124000,124000,124000,124000,124000,124000,124000,124000,124000,123990,124000,124000,123000,123000,124000,124000,124000,124000,124000
13275800,TeamGroup T-Force DDR4-3200 CL16-20-20 DARK Z RED 패키지,TeamGroup T-Force -20-20 DARK Z RED 패키지,DDR4,3200,CL16,32GB(16GX2),32,213590,213590,213590,213590,213590,213590,213590,213590,213590,213590,213590,213590,213590,218300,218300,213590,213590,213590,213590,213590,213590,213590,213590,213590,0,0,0,0,0,0,0
10389018,TeamGroup T-Force DDR4-3600 CL18 DARK Z RED 패키지,TeamGroup T-Force DARK Z RED 패키지,DDR4,3600,CL18,16GB(8GX2),16,0,0,0,0,0,0,0,0,0,0,0,0,0,0,0,0,0,0,0,0,0,0,0,0,44800,44800,0,0,0,0,0
11858833,TeamGroup T-Force DDR4-3600 CL18 Delta RGB 패키지,TeamGroup T-Force Delta RGB 패키지,DDR4,3600,CL18,16GB(8GX2),16,97000,97000,97000,97000,97000,97000,97000,97000,97000,97000,97000,97000,97000,97000,97000,97000,97000,97000,97000,97000,97000,97000,97000,97000,0,0,0,0,0,0,0
11380119,TeamGroup T-Force DDR4-3600 CL18 Delta RGB 패키지 서린,TeamGroup T-Force Delta RGB 패키지 서린,DDR4,3600,CL18,16GB(8GX2),16,72000,68400,72000,72000,72000,72000,72000,72000,72000,72000,71990,71990,72000,71960,71950,71950,71990,72000,72000,74650,74650,97710,97710,100000,100000,100000,100000,118900,125530,125530,125530
11858869,TeamGroup T-Force DDR4-3600 CL18 Delta RGB 화이트 패키지,TeamGroup T-Force Delta RGB 화이트 패키지,DDR4,3600,CL18,16GB(8GX2),16,72000,72000,72000,72000,72000,72000,72000,72000,72000,72000,72000,72000,72000,72000,72000,72000,72000,103000,103000,103000,103000,103000,103000,103000,132000,132000,132000,132000,132000,132000,132000
11380437,TeamGroup T-Force DDR4-3600 CL18 Delta RGB 화이트 패키지 서린,TeamGroup T-Force Delta RGB 화이트 패키지 서린,DDR4,3600,CL18,16GB(8GX2),16,71390,68400,68900,68900,68900,68900,68900,68900,68900,68900,68900,68900,68900,68900,68900,68900,71990,72000,72000,72000,72000,72000,95000,95000,108080,122000,122000,122000,122000,122000,122000
7305265,TeamGroup T-Force DDR4-3600 CL18 Night Hawk RGB 패키지 서린,TeamGroup T-Force Night Hawk RGB 패키지 서린,DDR4,3600,CL18,16GB(8GX2),16,134200,134200,134200,134200,134200,134200,134200,134200,134200,134200,134200,134200,134200,134200,134200,134200,134200,134200,134200,134200,134200,134200,134200,134200,134200,134200,134200,134200,134200,134200,134200
13696217,TeamGroup T-Force DDR4-3600 CL18 Vulcan Z Red 패키지,TeamGroup T-Force Vulcan Z Red 패키지,DDR4,3600,CL18,32GB(16GX2),32,148500,148500,148500,148500,148500,148500,148500,148500,148500,148500,148500,148500,148500,148500,148500,152990,0,0,0,0,0,0,0,0,0,0,0,0,0,0,0
7269598,TeamGroup T-Force DDR4-3600 CL18 XCALIBUR RGB 패키지 서린,TeamGroup T-Force XCALIBUR RGB 패키지 서린,DDR4,3600,CL18,16GB(8GX2),16,118190,118190,118190,118190,118190,118190,118190,118190,118190,118190,118190,118190,118190,118190,118190,118190,118190,118190,118190,118190,118190,118190,118190,118190,118190,118190,118190,0,0,0,0
10419333,TeamGroup T-Force DDR4-3600 CL18 XTREEM ARGB 패키지 서린,TeamGroup T-Force XTREEM ARGB 패키지 서린,DDR4,3600,CL18,16GB(8GX2),16,130000,130000,130000,130000,130000,130000,130000,130000,130000,130000,130000,130000,130000,130000,130000,130000,130000,130000,130000,130000,130000,130000,130000,130000,130000,130000,130000,130000,130000,125901,125901
13460960,TeamGroup T-Force DDR4-3600 CL18 XTREEM ARGB 화이트 패키지 서린,TeamGroup T-Force XTREEM ARGB 화이트 패키지 서린,DDR4,3600,CL18,32GB(16GX2),32,496330,496330,496330,496330,496330,496330,496330,496330,496330,496330,496330,496330,496330,496330,496330,496330,496330,496330,496330,496330,496330,496330,496330,496330,496330,496330,496330,496330,496330,496330,496330
7659601,TeamGroup T-Force DDR4-4000 CL18 XCALIBUR PG RGB 패키지 서린,TeamGroup T-Force XCALIBUR PG RGB 패키지 서린,DDR4,4000,CL18,16GB(8GX2),16,198000,198000,198000,198000,198000,198000,198000,198000,198000,198000,198000,198000,198000,198000,198000,198000,198000,198000,198000,198000,198000,198000,198000,198000,198000,198000,198000,198000,198000,198000,198000
10419339,TeamGroup T-Force DDR4-4000 CL18 XTREEM ARGB 패키지 서린,TeamGroup T-Force XTREEM ARGB 패키지 서린,DDR4,4000,CL18,16GB(8GX2),16,147000,147000,147000,147000,147000,147000,147000,147000,147000,147000,147000,147000,147000,147000,147000,147000,146990,146990,146990,146990,146990,146990,146990,146990,146990,146990,146990,146990,146990,146980,146980
13885601,TeamGroup T-Force DDR4-4000 CL18 XTREEM ARGB 화이트 패키지,TeamGroup T-Force XTREEM ARGB 화이트 패키지,DDR4,4000,CL18,16GB(8GX2),16,203300,203300,203300,203300,203300,203300,203300,203300,203300,203300,203300,203300,203300,203300,203300,203300,203300,203300,203300,203300,203300,203300,203300,203300,0,0,0,0,0,0,0
7545454,TeamGroup T-Force DDR4-4300 CL18 XTREEM 블랙 패키지,TeamGroup T-Force XTREEM 블랙 패키지,DDR4,4300,CL18,16GB(8GX2),16,207200,207200,207200,207200,207200,207200,207200,207200,207200,207200,207200,207200,207200,207200,207200,207200,207200,207200,207200,207200,207200,207200,207200,207200,0,0,0,0,0,0,0
18134786,TeamGroup T-Force DDR5-5600 CL32 Delta RGB 패키지,TeamGroup T-Force Delta RGB 패키지,DDR5,5600,CL32,32GB(16GX2),32,180000,180000,180000,180000,180000,180000,180000,180000,180000,180000,179990,179990,180000,180000,180000,180000,182500,182500,182500,182500,222880,222880,222880,222880,0,0,0,0,0,0,0
18612917,TeamGroup T-Force DDR5-5600 CL32 Vulcan Black 패키지,TeamGroup T-Force Vulcan Black 패키지,DDR5,5600,CL32,32GB(16GX2),32,214200,214200,214200,214200,214200,214200,214200,214200,214200,214200,214200,214200,214200,214200,214200,214200,214200,214200,214200,214200,214200,214200,214200,214200,0,0,0,0,0,0,0
18597488,TeamGroup T-Force DDR5-5600 CL36 Delta RGB TUF 패키지 서린,TeamGroup T-Force Delta RGB TUF 패키지 서린,DDR5,5600,CL36,32GB(16GX2),32,199600,199600,199600,199600,199600,199600,199600,199600,199600,199600,199600,199600,199600,199600,199600,199600,199600,199600,199600,199600,199600,204000,204000,0,0,0,0,0,0,0,0
18497117,TeamGroup T-Force DDR5-5600 CL36 Delta RGB 패키지,TeamGroup T-Force Delta RGB 패키지,DDR5,5600,CL36,32GB(16GX2),32,179370,199530,199530,199530,199530,199530,199530,199530,199530,199530,199530,199530,199530,199530,239000,239000,239000,0,0,0,0,0,0,0,0,0,0,0,0,0,0
19552202,TeamGroup T-Force DDR5-5600 CL36 Delta RGB 패키지 서린,TeamGroup T-Force Delta RGB 패키지 서린,DDR5,5600,CL36,64GB(32GX2),64,345000,345000,365820,365820,375000,375000,375000,375000,375000,375000,374990,374990,375000,374990,374990,374990,375000,365820,365820,393010,393010,415820,415820,535000,567960,567960,567960,0,0,0,0
19552202,TeamGroup T-Force DDR5-5600 CL36 Delta RGB 패키지 서린,TeamGroup T-Force Delta RGB 패키지 서린,DDR5,5600,CL36,32GB(16GX2),32,171910,188100,197990,197990,197990,197990,197990,197990,197990,197990,197980,197980,197990,197950,198000,198000,198000,198000,198000,198000,198000,198000,198000,198000,250000,250000,250000,0,0,0,0
18134900,TeamGroup T-Force DDR5-5600 CL36 Delta RGB 패키지 서린,TeamGroup T-Force Delta RGB 패키지 서린,DDR5,5600,CL36,64GB(32GX2),64,0,0,0,0,0,0,0,0,0,0,0,0,0,0,0,0,0,0,0,0,0,0,0,0,0,0,0,758000,758000,758000,757990
18134900,TeamGroup T-Force DDR5-5600 CL36 Delta RGB 패키지 서린,TeamGroup T-Force Delta RGB 패키지 서린,DDR5,5600,CL36,32GB(16GX2),32,0,0,0,0,0,0,0,0,0,0,0,0,0,0,0,0,0,0,0,0,0,0,0,0,0,0,0,250000,250000,250000,360000
18497126,TeamGroup T-Force DDR5-5600 CL36 Delta RGB 화이트 패키지,TeamGroup T-Force Delta RGB 화이트 패키지,DDR5,5600,CL36,32GB(16GX2),32,162000,159000,162000,162000,162000,198000,198000,198000,198000,198000,198000,198000,198000,198000,198000,198000,198000,200500,200500,200500,200500,200500,0,0,0,0,0,0,0,0,0
19552541,TeamGroup T-Force DDR5-5600 CL36 Delta RGB 화이트 패키지 서린,TeamGroup T-Force Delta RGB 화이트 패키지 서린,DDR5,5600,CL36,64GB(32GX2),64,345000,345000,365820,365820,0,0,0,0,0,0,0,0,375000,374990,374990,0,0,0,0,0,0,0,0,0,512300,0,0,0,0,0,0
19552541,TeamGroup T-Force DDR5-5600 CL36 Delta RGB 화이트 패키지 서린,TeamGroup T-Force Delta RGB 화이트 패키지 서린,DDR5,5600,CL36,32GB(16GX2),32,177990,178000,197990,197990,0,0,0,0,0,0,0,0,197990,197890,198000,0,0,0,0,0,0,0,0,0,0,0,0,0,0,0,0
18134924,TeamGroup T-Force DDR5-5600 CL36 Delta RGB 화이트 패키지 서린,TeamGroup T-Force Delta RGB 화이트 패키지 서린,DDR5,5600,CL36,64GB(32GX2),64,0,0,0,0,375000,375000,375000,375000,375000,375000,374990,374990,0,0,0,374990,375000,365820,365820,365820,375000,544990,545000,545000,0,0,0,0,0,0,0
18134924,TeamGroup T-Force DDR5-5600 CL36 Delta RGB 화이트 패키지 서린,TeamGroup T-Force Delta RGB 화이트 패키지 서린,DDR5,5600,CL36,32GB(16GX2),32,0,0,0,0,197990,197990,197990,197990,197990,197990,197980,197980,0,0,0,198000,198000,198000,198000,198000,198000,545000,766500,766500,0,0,0,0,0,0,0
18613076,TeamGroup T-Force DDR5-5600 CL36 Vulcan Black 패키지 서린,TeamGroup T-Force Vulcan Black 패키지 서린,DDR5,5600,CL36,32GB(16GX2),32,183650,183650,183650,183650,183650,183650,183650,183650,183650,183650,183650,183650,183650,145000,145000,183650,183650,183650,183650,183650,183650,260000,0,0,0,0,0,0,0,0,0
20547320,TeamGroup T-Force DDR5-5600 CL36 Vulcan Red 패키지,TeamGroup T-Force Vulcan Red 패키지,DDR5,5600,CL36,32GB(16GX2),32,186980,186980,186980,186980,186980,186980,186980,186980,186980,186980,186980,186980,186980,191100,191100,190500,188650,191100,0,0,0,0,0,0,0,0,0,0,0,0,0
20547320,TeamGroup T-Force DDR5-5600 CL36 Vulcan Red 패키지,TeamGroup T-Force Vulcan Red 패키지,DDR5,5600,CL36,64GB(32GX2),64,384190,375900,375900,375900,375900,375900,375900,375900,375900,375900,375900,375900,375900,375900,375900,375900,375900,384200,0,0,0,0,0,0,0,0,0,0,0,0,0
74341889,TeamGroup T-Force DDR5-6000 CL28 Delta RGB 블랙 패키지 서린,TeamGroup T-Force Delta RGB 블랙 패키지 서린,DDR5,6000,CL28,32GB(16GX2),32,199000,199500,207300,207300,207300,207300,207300,207300,207300,209990,209980,209980,210000,209990,209990,209990,210000,210000,210000,210000,0,0,0,0,0,0,0,385000,385000,0,385000
74341892,TeamGroup T-Force DDR5-6000 CL28 Delta RGB 화이트 패키지 서린,TeamGroup T-Force Delta RGB 화이트 패키지 서린,DDR5,6000,CL28,32GB(16GX2),32,199000,199500,207900,207900,207900,207900,207900,207900,207900,209990,209980,209980,209990,209920,209890,209770,210000,210000,210000,210000,210000,0,0,0,0,0,0,385000,385000,0,385000
18134999,TeamGroup T-Force DDR5-6000 CL30 Delta RGB 패키지,TeamGroup T-Force Delta RGB 패키지,DDR5,6000,CL30,32GB(16GX2),32,165820,180000,180000,180000,180000,180000,180000,180000,180000,180000,180000,180000,180000,179990,180000,180000,199940,210000,340000,340000,340000,340000,340000,329800,340000,374500,374500,374500,375000,375000,375000
18135029,TeamGroup T-Force DDR5-6000 CL30 Delta RGB 화이트 패키지,TeamGroup T-Force Delta RGB 화이트 패키지,DDR5,6000,CL30,32GB(16GX2),32,180000,180000,180000,180000,180000,180000,180000,180000,180000,180000,210000,210000,210000,210000,210000,210000,210000,210000,340000,340000,340000,340000,340000,329800,340000,375000,375000,375000,375000,375000,375000
67693613,TeamGroup T-Force DDR5-6000 CL30 XTREEM ARGB 패키지 서린,TeamGroup T-Force XTREEM ARGB 패키지 서린,DDR5,6000,CL30,32GB(16GX2),32,189990,180000,0,0,0,0,0,0,0,0,0,0,0,0,0,0,0,0,0,0,0,0,0,0,0,0,0,0,0,0,0
67693589,TeamGroup T-Force DDR5-6000 CL30 XTREEM 패키지 서린,TeamGroup T-Force XTREEM 패키지 서린,DDR5,6000,CL30,32GB(16GX2),32,163300,0,0,0,0,0,0,0,0,0,0,0,0,0,0,0,0,0,0,0,0,0,0,0,0,0,0,0,0,0,0
18597491,TeamGroup T-Force DDR5-6000 CL38 Delta RGB TUF 패키지 서린,TeamGroup T-Force Delta RGB TUF 패키지 서린,DDR5,6000,CL38,32GB(16GX2),32,180000,180000,195260,195260,198970,198970,198970,198970,198970,200000,199990,199990,200000,199990,199990,199990,199990,214860,214860,214860,214860,219600,219600,218940,367500,367500,367500,367500,367500,367500,367500
29483051,TeamGroup T-Force DDR5-6000 CL38 Delta RGB 패키지,TeamGroup T-Force Delta RGB 패키지,DDR5,6000,CL38,32GB(16GX2),32,161000,161000,161000,161000,161000,161000,161000,161000,161000,161000,161000,161000,161000,161000,161000,161000,161000,0,0,0,0,0,0,0,0,0,0,0,0,0,0
16034945,TeamGroup T-Force DDR5-6000 CL38 Delta RGB 패키지 서린,TeamGroup T-Force Delta RGB 패키지 서린,DDR5,6000,CL38,64GB(32GX2),64,338110,350000,379990,379990,379990,379990,361000,361000,361000,361000,361000,361000,361000,361000,379900,379870,0,0,0,0,398200,549910,549990,549990,573110,573110,573110,576340,576340,576340,576340
16034945,TeamGroup T-Force DDR5-6000 CL38 Delta RGB 패키지 서린,TeamGroup T-Force Delta RGB 패키지 서린,DDR5,6000,CL38,32GB(16GX2),32,164500,164500,164500,164500,164500,164500,199990,199990,199990,199990,200000,199990,198990,198950,198870,200000,0,0,0,0,200000,295470,300000,291000,300000,340660,340660,365000,365000,365000,365000
19552994,TeamGroup T-Force DDR5-6000 CL38 Delta RGB 패키지 서린,TeamGroup T-Force Delta RGB 패키지 서린,DDR5,6000,CL38,64GB(32GX2),64,0,0,0,0,0,0,0,0,0,0,0,0,0,0,0,0,380000,398200,398200,398200,0,0,0,0,0,0,0,0,0,0,0
19552994,TeamGroup T-Force DDR5-6000 CL38 Delta RGB 패키지 서린,TeamGroup T-Force Delta RGB 패키지 서린,DDR5,6000,CL38,32GB(16GX2),32,0,0,0,0,0,0,0,0,0,0,0,0,0,0,0,0,200000,200000,200000,200000,0,0,0,0,0,0,0,0,0,0,0
29483009,TeamGroup T-Force DDR5-6000 CL38 Delta RGB 화이트 패키지,TeamGroup T-Force Delta RGB 화이트 패키지,DDR5,6000,CL38,32GB(16GX2),32,153500,153500,153500,153500,153500,153500,153500,153500,153500,153500,0,0,0,0,0,0,0,0,0,0,0,0,0,0,0,0,0,0,0,0,0
16443341,TeamGroup T-Force DDR5-6000 CL38 Delta RGB 화이트 패키지 서린,TeamGroup T-Force Delta RGB 화이트 패키지 서린,DDR5,6000,CL38,64GB(32GX2),64,325000,325000,325000,325000,325000,325000,325000,325000,325000,361000,361000,361000,361000,361000,380000,380000,380000,380000,380000,449460,550000,550000,550000,550000,763000,763000,763000,506900,506900,506900,506900
16443341,TeamGroup T-Force DDR5-6000 CL38 Delta RGB 화이트 패키지 서린,TeamGroup T-Force Delta RGB 화이트 패키지 서린,DDR5,6000,CL38,32GB(16GX2),32,152500,180000,180000,180000,172500,180000,180000,180000,180000,180000,186540,186540,186540,193400,197790,200000,200000,200000,200000,200000,200000,261590,249990,249990,300000,345800,345800,243440,365000,365000,365000
18613178,TeamGroup T-Force DDR5-6000 CL38 Vulcan Black 패키지 서린,TeamGroup T-Force Vulcan Black 패키지 서린,DDR5,6000,CL38,64GB(32GX2),64,386630,386630,386630,0,0,0,0,0,0,386630,386630,386630,386630,395520,395520,0,0,395520,0,0,0,0,0,0,0,0,0,0,0,0,0
18613178,TeamGroup T-Force DDR5-6000 CL38 Vulcan Black 패키지 서린,TeamGroup T-Force Vulcan Black 패키지 서린,DDR5,6000,CL38,32GB(16GX2),32,196270,196270,196270,0,0,0,0,0,0,196270,196270,196270,196270,196270,196270,0,0,196270,0,0,0,0,0,0,0,0,0,0,0,0,0
19553681,TeamGroup T-Force DDR5-6000 CL38 Vulcan Black 패키지 서린,TeamGroup T-Force Vulcan Black 패키지 서린,DDR5,6000,CL38,64GB(32GX2),64,0,0,0,386630,386630,386630,386630,386630,386630,0,0,0,0,0,0,395520,395520,0,395520,395520,395520,386630,0,0,0,0,0,0,0,0,0
19553681,TeamGroup T-Force DDR5-6000 CL38 Vulcan Black 패키지 서린,TeamGroup T-Force Vulcan Black 패키지 서린,DDR5,6000,CL38,32GB(16GX2),32,0,0,0,196270,196270,196270,196270,196270,196270,0,0,0,0,0,0,196270,196270,0,196270,196270,196270,196270,0,0,0,0,0,0,0,0,0
54100964,TeamGroup T-Force DDR5-6000 CL38 Vulcan ECO 패키지 서린,TeamGroup T-Force Vulcan ECO 패키지 서린,DDR5,6000,CL38,32GB(16GX2),32,158000,158000,157560,157560,157560,157560,157560,157560,157560,157990,151500,151500,151500,0,0,0,0,0,0,0,0,0,0,0,0,0,0,0,0,0,0
19553936,TeamGroup T-Force DDR5-6000 CL38 Vulcan Red 패키지,TeamGroup T-Force Vulcan Red 패키지,DDR5,6000,CL38,64GB(32GX2),64,411400,411400,411400,411400,411400,411400,411400,411400,411400,411400,411400,411400,411400,411400,411400,411400,411400,411400,411400,411400,0,0,0,411400,0,0,0,0,0,0,0
19553936,TeamGroup T-Force DDR5-6000 CL38 Vulcan Red 패키지,TeamGroup T-Force Vulcan Red 패키지,DDR5,6000,CL38,32GB(16GX2),32,200600,200600,200600,200600,200600,200600,200600,200600,200600,200600,200600,200600,200600,200600,200600,200600,200600,200600,200600,200600,0,0,0,0,0,0,0,0,0,0,0
18613220,TeamGroup T-Force DDR5-6000 CL38 Vulcan Red 패키지,TeamGroup T-Force Vulcan Red 패키지,DDR5,6000,CL38,64GB(32GX2),64,0,0,0,0,0,0,0,0,0,0,0,0,0,0,0,0,0,0,0,0,411400,411400,411400,0,0,0,0,0,0,0,0
18613220,TeamGroup T-Force DDR5-6000 CL38 Vulcan Red 패키지,TeamGroup T-Force Vulcan Red 패키지,DDR5,6000,CL38,32GB(16GX2),32,0,0,0,0,0,0,0,0,0,0,0,0,0,0,0,0,0,0,0,0,200600,200600,200600,0,0,0,0,0,0,0,0
77088722,TeamGroup T-Force DDR5-6400 CL32 Delta RGB 패키지,TeamGroup T-Force Delta RGB 패키지,DDR5,6400,CL32,32GB(16GX2),32,162500,162500,162500,162500,162500,162500,162500,162500,162500,162500,166200,166200,166200,166200,0,0,0,0,0,0,0,0,0,0,0,0,0,0,0,0,0
67693646,TeamGroup T-Force DDR5-6400 CL32 XTREEM ARGB 패키지 서린,TeamGroup T-Force XTREEM ARGB 패키지 서린,DDR5,6400,CL32,32GB(16GX2),32,185600,194000,194000,194000,194000,194000,194000,194000,194000,194000,193990,193990,194000,194000,194000,194000,194000,203270,203270,203270,203270,310000,310000,310000,375000,375000,375000,375000,375000,375000,375000
20547332,TeamGroup T-Force DDR5-6400 CL34 Vulcan Black 패키지 서린,TeamGroup T-Force Vulcan Black 패키지 서린,DDR5,6400,CL34,64GB(32GX2),64,405000,405000,405000,405000,405000,405000,405000,405000,405000,405000,405000,405000,405000,405000,405000,405000,405000,376650,405000,405000,405000,405000,405000,405000,405000,405000,405000,0,0,0,0
20547335,TeamGroup T-Force DDR5-6400 CL34 Vulcan Red 패키지,TeamGroup T-Force Vulcan Red 패키지,DDR5,6400,CL34,64GB(32GX2),64,405000,405000,405000,405000,405000,405000,405000,405000,405000,405000,405000,405000,405000,405000,405000,405000,405000,405000,405000,405000,405000,405000,405000,405000,405000,405000,405000,405000,405000,0,0
16035029,TeamGroup T-Force DDR5-6400 CL40 Delta RGB 패키지 서린,TeamGroup T-Force Delta RGB 패키지 서린,DDR5,6400,CL40,32GB(16GX2),32,180000,180000,202000,202000,202000,202000,202000,202000,202000,202000,202000,202000,202000,202000,202000,202000,202000,202000,202000,202000,211720,301990,302000,302000,368000,368000,368000,368000,368000,368000,368000
16443404,TeamGroup T-Force DDR5-6400 CL40 Delta RGB 화이트 패키지 서린,TeamGroup T-Force Delta RGB 화이트 패키지 서린,DDR5,6400,CL40,32GB(16GX2),32,180000,180000,180000,180000,180000,180000,180000,180000,180000,180000,180000,180000,180000,180000,180000,180000,180000,188620,188620,188620,188620,301990,302000,301990,368000,368000,368000,368000,367990,367990,367990
20547347,TeamGroup T-Force DDR5-6400 CL40 Vulcan Black 패키지,TeamGroup T-Force Vulcan Black 패키지,DDR5,6400,CL40,32GB(16GX2),32,156640,156640,156640,156640,156640,156640,156640,156640,156640,156640,156640,156640,156640,159980,0,0,0,0,0,0,0,0,0,0,0,0,0,0,0,0,0
20547356,TeamGroup T-Force DDR5-6400 CL40 Vulcan Red 패키지,TeamGroup T-Force Vulcan Red 패키지,DDR5,6400,CL40,32GB(16GX2),32,159760,159760,159760,159750,159750,159740,159740,159730,159720,159710,159710,159710,159710,159670,159590,159470,159370,160000,160000,160000,160000,269990,270000,270000,355000,355000,355000,354990,354990,354990,354990
18135068,TeamGroup T-Force DDR5-6800 CL34 Delta RGB 패키지,TeamGroup T-Force Delta RGB 패키지,DDR5,6800,CL34,32GB(16GX2),32,199000,199000,199000,199000,199000,199000,199000,199000,199000,199000,199000,199000,199000,198990,198990,199000,330000,330000,330000,330000,330000,330000,330000,330000,330000,330000,330000,0,0,0,0
18135098,TeamGroup T-Force DDR5-6800 CL34 Delta RGB 화이트 패키지,TeamGroup T-Force Delta RGB 화이트 패키지,DDR5,6800,CL34,32GB(16GX2),32,198990,198990,198990,198990,198990,198990,198990,198990,198990,198990,198990,198990,199000,198990,198990,198990,208740,199000,199000,199000,208740,309990,310000,309990,385000,385000,385000,385000,384990,384990,384990
18135167,TeamGroup T-Force DDR5-7200 CL34 Delta RGB 패키지,TeamGroup T-Force Delta RGB 패키지,DDR5,7200,CL34,32GB(16GX2),32,208990,208990,208990,208990,208990,208990,208990,208990,208990,208990,198400,198400,198400,0,0,0,0,0,0,0,0,0,0,0,0,0,0,0,0,0,0
67693703,TeamGroup T-Force DDR5-7200 CL34 XTREEM ARGB 패키지 서린,TeamGroup T-Force XTREEM ARGB 패키지 서린,DDR5,7200,CL34,48GB(24GX2),48,412500,412500,412500,412500,412500,412500,412500,412500,412500,412500,412500,412500,412500,412500,412500,412500,412500,412500,412500,412500,412500,412500,412500,412500,412500,412500,412500,412500,412500,412500,412500
67693685,TeamGroup T-Force DDR5-7200 CL34 XTREEM 패키지 서린,TeamGroup T-Force XTREEM 패키지 서린,DDR5,7200,CL34,48GB(24GX2),48,319860,319830,319720,319600,319510,319480,319360,319240,319120,319990,319980,319980,319990,319890,319810,319690,319590,394990,394990,395000,395000,394990,395000,395000,394990,394990,394990,394990,394990,381750,381750
68538683,TeamGroup T-Force DDR5-7200 CL34 XTREEM 화이트 패키지 서린,TeamGroup T-Force XTREEM 화이트 패키지 서린,DDR5,7200,CL34,48GB(24GX2),48,320000,320000,320000,320000,320000,320000,320000,320000,320000,320000,320000,320000,320000,0,319990,319990,319990,0,0,0,0,0,0,0,0,0,0,0,0,0,0
68538683,TeamGroup T-Force DDR5-7200 CL34 XTREEM 화이트 패키지 서린,TeamGroup T-Force XTREEM 화이트 패키지 서린,DDR5,7200,CL34,32GB(16GX2),32,198880,198880,198880,198880,198880,198880,198880,198880,198880,198880,198870,198870,198880,0,198870,198870,188900,0,0,0,0,0,0,0,0,0,0,0,0,0,0
68538665,TeamGroup T-Force DDR5-7200 CL34 XTREEM 화이트 패키지 서린,TeamGroup T-Force XTREEM 화이트 패키지 서린,DDR5,7200,CL34,48GB(24GX2),48,0,0,0,0,0,0,0,0,0,0,0,0,0,319990,0,0,0,395000,395000,395000,395000,394990,395000,395000,394990,394990,394990,394990,394990,381750,381750
68538665,TeamGroup T-Force DDR5-7200 CL34 XTREEM 화이트 패키지 서린,TeamGroup T-Force XTREEM 화이트 패키지 서린,DDR5,7200,CL34,32GB(16GX2),32,0,0,0,0,0,0,0,0,0,0,0,0,0,198870,0,0,0,0,0,0,0,0,0,0,0,0,0,0,0,0,0
18207233,TeamGroup T-Force DDR5-7600 CL36 Delta RGB 화이트 패키지,TeamGroup T-Force Delta RGB 화이트 패키지,DDR5,7600,CL36,32GB(16GX2),32,217160,217160,217160,217160,217160,217160,217160,217160,217160,217160,217160,217160,217160,217160,0,0,0,0,0,0,0,0,0,0,0,0,0,0,0,0,0
20547287,TeamGroup T-Force DDR5-8000 CL38 Delta RGB 화이트 패키지,TeamGroup T-Force Delta RGB 화이트 패키지,DDR5,8000,CL38,32GB(16GX2),32,389990,389990,389990,389990,389990,389990,389990,389990,389990,389990,389980,389980,389990,389950,389870,389750,389650,389530,389410,389290,389200,389920,389990,389990,389990,389990,389990,389990,384070,376280,376280
74341904,TeamGroup T-Force DDR5-8000 CL38 XTREEM ARGB 화이트 패키지 서린,TeamGroup T-Force XTREEM ARGB 화이트 패키지 서린,DDR5,8000,CL38,32GB(16GX2),32,380000,380000,380000,380000,380000,380000,380000,380000,380000,380000,380000,380000,380000,380000,380000,380000,380000,379100,379100,380000,380000,380000,380000,380000,380000,380000,380000,380000,380000,380000,380000
74052965,TeamGroup T-Force DDR5-8400 CL42 XTREEM CKD 패키지 서린,TeamGroup T-Force XTREEM CKD 패키지 서린,DDR5,8400,CL42,48GB(24GX2),48,444900,444900,444900,444900,444900,444900,444900,444900,444900,444900,444890,444890,444900,444900,444900,444900,444900,444200,444200,444900,444900,444900,444900,444900,444900,444900,444900,444900,444900,444900,444900
74053055,TeamGroup T-Force DDR5-8800 CL42 XTREEM CKD 패키지 서린,TeamGroup T-Force XTREEM CKD 패키지 서린,DDR5,8800,CL42,48GB(24GX2),48,520700,520700,520700,520700,520700,520700,520700,520700,520700,520700,520690,520690,520700,520700,520700,520700,520700,517300,517300,520700,520700,520700,520700,520700,520700,520700,520700,520500,520500,520500,520500
17712185,TeamGroup T-Force 노트북 DDR4-3200 CL22 ZEUS 해외구매,TeamGroup T-Force 노트북 ZEUS 해외구매,DDR4,3200,CL22,8GB,8,59190,59190,59190,59190,59190,59190,59190,59190,59190,59190,59190,59190,59190,59190,59190,59190,59190,59190,59190,59190,59190,59190,59190,57420,57420,57420,59190,59190,59190,59190,59190
11419110,TeamGroup 노트북 DDR4-3200 Elite,TeamGroup 노트북 Elite,DDR4,3200,0,16GB,16,55000,55000,55000,55000,55000,55000,55000,55000,55000,55000,55000,55000,55000,55000,55000,55000,0,0,0,0,0,0,0,0,0,0,0,0,0,0,0
6502718,Terabyte Ramonster DDR4-2666 CL19 BLACK,Terabyte Ramonster BLACK,DDR4,2666,CL19,8GB,8,25900,25900,25900,25900,25900,25900,25900,25900,25900,25900,25900,25900,25900,25900,25900,25900,25900,25900,25900,25900,29800,29800,29800,41500,41500,41500,41500,41500,44000,44000,44000
6502718,Terabyte Ramonster DDR4-2666 CL19 BLACK,Terabyte Ramonster BLACK,DDR4,2666,CL19,4GB,4,21000,21000,21000,21000,21000,21000,21000,21000,21000,21000,21000,21000,21000,21000,21000,21000,21000,21000,21000,21000,21000,21000,21000,19800,19800,19800,19800,19800,19800,19800,19800
18274754,Terabyte Ramonster DDR4-3200 CL22,Terabyte Ramonster,DDR4,3200,CL22,16GB,16,45584,45584,45584,0,0,0,0,0,0,0,0,0,0,0,0,0,0,0,0,0,0,0,69480,69480,69480,69480,71030,69480,0,0,0
18274754,Terabyte Ramonster DDR4-3200 CL22,Terabyte Ramonster,DDR4,3200,CL22,8GB,8,24400,24400,24600,0,0,0,0,0,0,0,0,0,0,0,0,0,0,0,0,0,0,0,28500,27650,43650,43650,45000,45000,0,0,0
18274718,Terabyte Ramonster DDR4-3200 CL22,Terabyte Ramonster,DDR4,3200,CL22,16GB,16,0,0,0,45584,45584,48100,48100,48100,48100,48100,48100,48100,48100,48100,48200,48200,48190,48200,48200,48200,49800,60000,0,0,0,0,0,0,79800,77830,70000
18274718,Terabyte Ramonster DDR4-3200 CL22,Terabyte Ramonster,DDR4,3200,CL22,8GB,8,0,0,0,25880,25800,25770,25650,25530,25410,25290,25270,25270,25270,25230,25150,25890,25790,25900,25900,25890,29650,28500,0,0,0,0,0,0,46860,46870,49160
10558731,Terabyte Ramonster DDR4-3200 CL22 BLACK,Terabyte Ramonster BLACK,DDR4,3200,CL22,8GB,8,25900,25900,25900,25900,0,0,0,0,0,0,0,0,0,22800,22800,22800,22800,22800,0,0,0,0,0,0,0,0,0,0,0,0,0
7643122,Terabyte Ramonster 노트북 DDR4-2666 CL19,Terabyte Ramonster 노트북,DDR4,2666,CL19,4GB,4,29000,29000,29000,29000,29000,29000,29000,29000,29000,29000,29000,29000,29000,29000,29000,29000,29000,29000,29000,29000,29000,29000,29000,29000,29000,29000,29000,29000,29000,29000,29000
18273281,Terabyte Ramonster 노트북 DDR4-3200 CL22,Terabyte Ramonster 노트북,DDR4,3200,CL22,16GB,16,51930,51930,51930,51930,51930,51930,51930,51930,51930,51930,51930,51930,51930,51930,51930,51930,51930,51930,51930,51930,80250,80210,80200,79400,79390,79320,79220,79500,81720,87950,91910
18273281,Terabyte Ramonster 노트북 DDR4-3200 CL22,Terabyte Ramonster 노트북,DDR4,3200,CL22,4GB,4,10000,10000,10000,10000,10000,10000,10000,10000,10000,10000,10000,10000,10000,10000,10000,10000,10000,10000,10000,10000,10000,10000,10000,10000,10000,10000,10000,10000,10000,10000,10000
7175608,V-Color BLACK DDR4-2666,V-Color BLACK,DDR4,2666,0,8GB,8,18700,18700,18700,18700,18700,18700,18700,18700,18700,18700,20000,20000,20000,0,0,0,0,0,0,0,0,0,0,0,0,0,0,0,0,0,0
10720701,V-Color BLACK DDR4-3200,V-Color BLACK,DDR4,3200,0,8GB,8,24360,24360,24360,24360,24360,24360,24360,24360,24360,24360,25420,25420,25420,25420,25420,26480,26480,26480,26480,26480,28070,0,0,0,0,0,0,0,0,0,0
16664129,V-Color BLACK DDR4-3200 벌크,V-Color BLACK 벌크,DDR4,3200,0,8GB,8,23000,23000,23000,23000,23000,23000,23000,23000,23000,23000,23000,23000,23000,23000,23000,23000,23000,23000,23000,26000,26000,26000,26000,26000,55000,55000,55000,55000,55000,55000,55000
31998203,V-Color BLACK DDR5-5200 CL42 STANDARD 벌크,V-Color BLACK STANDARD 벌크,DDR5,5200,CL42,8GB,8,30000,30000,30000,30000,30000,30000,30000,30000,30000,30000,30000,30000,30000,30000,30000,30000,30000,30000,30000,30000,30000,45000,45000,43650,40000,40000,45000,0,0,0,0
27953468,V-Color BLACK DDR5-5600 CL46 STANDARD 벌크,V-Color BLACK STANDARD 벌크,DDR5,5600,CL46,16GB,16,73000,73000,73000,73000,73000,73000,73000,73000,73000,73000,73000,73000,0,73000,73000,0,0,0,0,0,0,0,0,0,0,0,0,0,0,0,0
19018217,V-Color DDR4-2666 CL19 ECC 패키지,V-Color ECC 패키지,DDR4,2666,CL19,32GB(16GX2),32,523580,523580,523580,523580,523580,523580,523580,523580,523580,523580,518010,518010,518010,518010,518010,518010,518010,518010,518010,518010,518010,518010,518010,518010,518010,518010,518010,518010,518010,518010,518010
11587076,V-Color DDR4-4000 CL19 PRISM PRO RGB SILVER 패키지,V-Color PRISM PRO RGB SILVER 패키지,DDR4,4000,CL19,16GB(8GX2),16,160000,160000,160000,160000,160000,160000,160000,160000,160000,160000,160000,160000,160000,160000,160000,160000,160000,160000,160000,200000,200000,200000,200000,200000,200000,200000,200000,200000,200000,200000,200000
93862529,V-Color DDR5-6000 CL32 ECC/REG 패키지,V-Color ECC/REG 패키지,DDR5,6000,CL32,128GB(32GX4),128,1440000,1440000,1440000,1440000,1440000,1440000,1440000,1440000,1440000,1440000,1440000,1440000,1440000,1440000,1440000,1440000,1440000,1440000,1440000,1440000,1440000,1440000,1440000,1440000,1440000,1440000,1440000,1630000,1630000,1630000,1630000
93862529,V-Color DDR5-6000 CL32 ECC/REG 패키지,V-Color ECC/REG 패키지,DDR5,6000,CL32,64GB(16GX4),64,850000,850000,850000,850000,850000,850000,850000,850000,850000,850000,850000,850000,850000,850000,850000,850000,850000,850000,850000,850000,850000,850000,850000,850000,850000,850000,850000,850000,850000,850000,850000
93862400,V-Color DDR5-6000 CL32 ECC/REG 패키지,V-Color ECC/REG 패키지,DDR5,6000,CL32,128GB(32GX4),128,1440000,1440000,1440000,1440000,1440000,1440000,1440000,0,0,0,0,0,0,0,0,0,0,1440000,1440000,1440000,1440000,1440000,1440000,1440000,1440000,1440000,1440000,1630000,1630000,1630000,1630000
93862400,V-Color DDR5-6000 CL32 ECC/REG 패키지,V-Color ECC/REG 패키지,DDR5,6000,CL32,64GB(16GX4),64,850000,850000,850000,850000,850000,850000,850000,0,0,0,0,0,0,0,0,0,0,850000,850000,850000,850000,850000,850000,850000,850000,850000,850000,850000,850000,850000,850000
93862643,V-Color DDR5-6000 CL34 ECC/REG 패키지,V-Color ECC/REG 패키지,DDR5,6000,CL34,256GB(64GX4),256,2890000,2890000,2890000,2890000,2890000,2890000,2890000,2890000,2890000,2890000,2890000,2890000,3155660,2890000,2890000,2890000,2890000,2890000,2890000,2890000,2890000,2890000,2890000,2890000,2890000,2890000,3200000,3200000,3200000,3200000,3200000
93862643,V-Color DDR5-6000 CL34 ECC/REG 패키지,V-Color ECC/REG 패키지,DDR5,6000,CL34,384GB(96GX4),384,0,0,0,0,0,0,0,0,0,0,0,0,0,0,0,0,0,0,0,0,0,0,0,0,0,0,5820160,5820160,5820160,5820160,5820160
64380233,V-Color DDR5-6000 CL34 ECC/REG 패키지,V-Color ECC/REG 패키지,DDR5,6000,CL34,384GB(96GX4),384,0,0,0,0,0,0,0,0,0,0,0,0,0,0,0,0,0,0,0,0,0,0,0,0,0,0,0,5820160,0,0,0
64380233,V-Color DDR5-6000 CL34 ECC/REG 패키지,V-Color ECC/REG 패키지,DDR5,6000,CL34,256GB(64GX4),256,0,0,0,0,0,0,0,0,0,0,0,0,0,0,0,0,0,0,0,0,0,0,0,0,0,0,0,3200000,0,0,0
93862913,V-Color DDR5-6400 CL32 ECC/REG 패키지,V-Color ECC/REG 패키지,DDR5,6400,CL32,128GB(32GX4),128,1570000,1570000,1570000,1570000,1570000,1570000,1570000,1570000,1570000,1570000,1570000,1570000,1574000,1570000,1570000,1570000,1570000,1570000,1570000,1570000,1570000,1570000,1570000,1570000,1570000,1570000,1574000,1890000,1890000,1890000,1890000
93862913,V-Color DDR5-6400 CL32 ECC/REG 패키지,V-Color ECC/REG 패키지,DDR5,6400,CL32,96GB(24GX4),96,1290000,1290000,1290000,1290000,1290000,1290000,1290000,1290000,1290000,1290000,1290000,1290000,1290000,1290000,1290000,1290000,1290000,1290000,1290000,1290000,1290000,1290000,1290000,1290000,1290000,1290000,1290000,1290000,1290000,1290000,1290000
93862976,V-Color DDR5-6400 CL32 ECC/REG 패키지,V-Color ECC/REG 패키지,DDR5,6400,CL32,128GB(32GX4),128,0,0,0,0,0,0,0,0,0,0,0,0,0,1570000,1570000,1570000,0,0,0,0,0,0,0,0,0,0,0,0,0,0,0
93862976,V-Color DDR5-6400 CL32 ECC/REG 패키지,V-Color ECC/REG 패키지,DDR5,6400,CL32,96GB(24GX4),96,0,0,0,0,0,0,0,0,0,0,0,0,0,1290000,1290000,1290000,0,0,0,0,0,0,0,0,0,0,0,0,0,0,0
16025549,V-Color Manta DDR5-5600 CL40 RGB 골든아미스 패키지,V-Color Manta RGB 골든아미스 패키지,DDR5,5600,CL40,32GB(16GX2),32,548000,548000,548000,548000,548000,548000,548000,548000,548000,548000,548000,548000,548000,548000,548000,548000,548000,548000,548000,548000,548000,548000,548000,548000,548000,548000,548000,548000,548000,548000,548000
33386756,V-Color Manta DDR5-6000 CL36 XFinity RGB 블랙 패키지,V-Color Manta XFinity RGB 블랙 패키지,DDR5,6000,CL36,32GB(16GX2),32,169000,169000,169000,169000,169000,169000,169000,169000,169000,169000,169000,169000,182700,169000,169000,0,0,0,0,0,0,0,0,0,0,0,0,0,0,0,0
33386759,V-Color Manta DDR5-6000 CL36 XFinity RGB 화이트 패키지,V-Color Manta XFinity RGB 화이트 패키지,DDR5,6000,CL36,32GB(16GX2),32,169000,169000,169000,169000,169000,169000,169000,169000,169000,169000,169000,169000,182700,169000,169000,0,0,0,0,0,0,0,0,0,0,0,0,0,0,0,0
18371552,V-Color Manta DDR5-6000 CL36 XSKY RGB 패키지,V-Color Manta XSKY RGB 패키지,DDR5,6000,CL36,32GB(16GX2),32,284170,284170,284170,284170,284170,284170,284170,284170,284170,284170,284170,284170,324000,284170,284170,0,0,0,0,0,0,0,0,0,0,0,0,0,0,0,0
16025600,V-Color Manta DDR5-6200 CL40 RGB 골든아미스 패키지,V-Color Manta RGB 골든아미스 패키지,DDR5,6200,CL40,32GB(16GX2),32,688000,688000,688000,688000,688000,688000,688000,688000,688000,688000,688000,688000,688000,688000,688000,688000,688000,688000,688000,688000,688000,688000,688000,688000,688000,688000,688000,688000,688000,688000,688000
20591087,V-Color Manta DDR5-6400 CL36 XPrism RGB 블랙 패키지,V-Color Manta XPrism RGB 블랙 패키지,DDR5,6400,CL36,48GB(24GX2),48,278300,278300,278300,278300,278300,278300,278300,278300,278300,278300,278300,278300,278300,278300,278300,278300,278300,278300,278300,278300,278300,278300,278300,278300,279000,279000,279000,279000,288420,288420,288420
20591198,V-Color Manta DDR5-7200 CL36 XPrism RGB 블랙 패키지,V-Color Manta XPrism RGB 블랙 패키지,DDR5,7200,CL36,48GB(24GX2),48,328900,328900,328900,328900,328900,328900,328900,328900,328900,328900,328900,328900,328900,328900,328900,328900,328900,328900,328900,328900,328900,328900,328900,330000,330000,330000,330000,330000,340870,340870,340870
5514214,V-Color 컬러풀 DDR3-1600,V-Color 컬러풀,DDR3,1600,0,8GB,8,16000,16000,16000,16000,16000,16000,16000,16000,16000,16000,16000,16000,16000,16000,16000,16000,16000,16000,16000,16000,16000,16000,16000,16000,16000,16000,16000,16000,16000,16000,16000
6154666,V-Color 컬러풀 DDR4-2666,V-Color 컬러풀,DDR4,2666,0,8GB,8,21000,21000,21000,21000,21000,21000,21000,21000,21000,21000,21000,21000,21000,21000,21000,21000,21000,21000,21000,25000,25000,25000,25000,25000,26000,26000,26000,26000,36000,36000,36000
15176300,골든메모리 DDR3-1600,골든메모리,DDR3,1600,0,8GB,8,9800,9800,9800,9800,9800,9800,9800,9800,9800,9800,10400,10400,10400,10400,15700,15700,19700,16000,16000,16000,16000,16000,16000,18000,18000,18000,18000,18000,18000,18000,18000
15176405,골든메모리 노트북 DDR3-1600,골든메모리 노트북,DDR3,1600,0,8GB,8,14900,14900,14900,14900,14900,14900,14900,14900,14900,14900,16500,16500,16500,16500,16500,16500,16500,16500,16500,16500,16500,16490,20000,20000,20000,20000,20000,20000,20000,20000,20000
33366212,마이크로 DDR3-1600 ECC/REG 1.35V 중고,마이크로 ECC/REG 1.35V 중고,DDR3,1600,0,16GB,16,10390,10390,10390,10390,10390,10390,10390,10390,10390,10390,10390,10390,10390,10390,10390,10390,10390,10390,10390,10390,10390,10390,10390,10400,10400,10400,10400,10400,10400,10400,10400
5850669,마이크론 Crucial DDR3-1600 중고,마이크론 Crucial 중고,DDR3,1600,0,8GB,8,11750,11750,11750,11750,11750,11750,11750,11750,11750,11750,11630,11630,11630,11630,11630,11630,11630,11630,11630,0,0,0,11630,11630,11630,11630,11630,11630,11630,11630,11630
5850669,마이크론 Crucial DDR3-1600 중고,마이크론 Crucial 중고,DDR3,1600,0,4GB,4,8000,8000,8000,8000,8000,8000,8000,8000,8000,8000,8000,8000,8000,8000,8000,8000,8000,8000,8000,0,0,0,8000,8000,8000,8000,8000,8000,8000,8000,8000
5850743,마이크론 Crucial DDR3-1600 중고,마이크론 Crucial 중고,DDR3,1600,0,8GB,8,0,0,0,0,0,0,0,0,0,0,0,0,0,0,0,0,0,0,0,11630,11630,11630,0,0,0,0,0,0,0,0,0
5850743,마이크론 Crucial DDR3-1600 중고,마이크론 Crucial 중고,DDR3,1600,0,4GB,4,0,0,0,0,0,0,0,0,0,0,0,0,0,0,0,0,0,0,0,8000,8000,8000,0,0,0,0,0,0,0,0,0
10294017,마이크론 Crucial DDR4-3200 CL22,마이크론 Crucial,DDR4,3200,CL22,16GB,16,66620,66500,66380,66260,66170,66140,66020,0,65780,0,65600,65600,65600,68990,0,0,0,0,0,84510,87900,88000,92640,95000,103860,103860,103860,106430,109460,110020,0
10294017,마이크론 Crucial DDR4-3200 CL22,마이크론 Crucial,DDR4,3200,CL22,8GB,8,36790,36790,36790,37900,37900,37900,37900,0,37900,0,37900,37900,37900,38910,0,0,0,0,0,42800,42760,42640,42520,46720,47400,50990,50990,54870,54900,54900,0
10294092,마이크론 Crucial DDR4-3200 CL22,마이크론 Crucial,DDR4,3200,CL22,16GB,16,0,0,0,0,0,0,0,65900,0,65660,0,0,0,0,72990,78990,83900,84550,84550,0,0,0,0,0,0,0,0,0,0,0,99500
10294092,마이크론 Crucial DDR4-3200 CL22,마이크론 Crucial,DDR4,3200,CL22,8GB,8,0,0,0,0,0,0,0,37900,0,37900,0,0,0,0,41140,41690,43160,43040,42920,0,0,0,0,0,0,0,0,0,0,0,54900
35805935,마이크론 Crucial DDR4-3200 CL22 대원씨티에스,마이크론 Crucial 대원씨티에스,DDR4,3200,CL22,16GB,16,65700,65700,65700,69340,69340,69340,69340,69340,69340,69340,69340,69340,69340,71920,73000,78920,79990,80000,80000,83010,75430,84990,85000,85500,95500,103820,103860,106990,106990,0,108770
35805935,마이크론 Crucial DDR4-3200 CL22 대원씨티에스,마이크론 Crucial 대원씨티에스,DDR4,3200,CL22,8GB,8,37900,36800,36800,36800,36800,36800,36800,36800,36800,37380,37290,37180,37320,39990,41700,41700,43620,43620,43620,43620,43620,43990,45500,46790,47400,54990,54990,54990,54990,0,56900
20369102,마이크론 Crucial DDR4-3200 CL22 대원씨티에스,마이크론 Crucial 대원씨티에스,DDR4,3200,CL22,16GB,16,0,0,0,0,0,0,0,0,0,0,0,0,0,0,0,0,0,0,0,0,0,0,0,0,0,0,0,0,0,113860,0
20369102,마이크론 Crucial DDR4-3200 CL22 대원씨티에스,마이크론 Crucial 대원씨티에스,DDR4,3200,CL22,8GB,8,0,0,0,0,0,0,0,0,0,0,0,0,0,0,0,0,0,0,0,0,0,0,0,0,0,0,0,0,0,55000,0
15988694,마이크론 Crucial DDR5-4800 CL40,마이크론 Crucial,DDR5,4800,CL40,8GB,8,45900,43610,43610,43610,43610,43610,43610,43610,43610,43610,43610,43610,43610,43610,43610,41000,41000,41000,41000,41000,0,0,60710,60710,60710,60710,60710,75910,75910,75910,75910
15988694,마이크론 Crucial DDR5-4800 CL40,마이크론 Crucial,DDR5,4800,CL40,32GB,32,0,0,0,0,0,0,0,0,0,0,0,0,0,0,0,0,0,0,0,0,0,0,220070,0,0,0,0,0,0,0,0
18146438,마이크론 Crucial DDR5-4800 CL40,마이크론 Crucial,DDR5,4800,CL40,32GB,32,0,0,0,0,0,0,0,0,0,0,0,0,0,0,0,0,0,0,0,0,211900,220070,0,0,0,0,0,0,0,0,0
18146438,마이크론 Crucial DDR5-4800 CL40,마이크론 Crucial,DDR5,4800,CL40,8GB,8,0,0,0,0,0,0,0,0,0,0,0,0,0,0,0,0,0,0,0,0,41000,41000,0,0,0,0,0,0,0,0,0
20369114,마이크론 Crucial DDR5-4800 CL40 대원씨티에스,마이크론 Crucial 대원씨티에스,DDR5,4800,CL40,8GB,8,39900,45900,45900,45900,45900,45900,45900,45900,45900,45900,45900,45900,45900,45900,45900,45900,42000,42000,42000,42000,42000,42000,42000,57330,59900,59900,59900,79900,79900,79900,79900
18486497,마이크론 Crucial DDR5-5600 CL46,마이크론 Crucial,DDR5,5600,CL46,32GB,32,135000,0,0,0,0,0,0,0,135000,135000,135000,135000,159300,160000,162080,193820,193830,193830,193830,193830,0,0,0,0,280000,280000,280000,311620,311620,0,0
18486497,마이크론 Crucial DDR5-5600 CL46,마이크론 Crucial,DDR5,5600,CL46,16GB,16,68000,0,0,0,0,0,0,0,68000,68000,67990,67990,80080,80080,82000,94450,94970,96830,96830,96820,0,0,0,0,144750,144750,148510,150080,145000,0,0
18486497,마이크론 Crucial DDR5-5600 CL46,마이크론 Crucial,DDR5,5600,CL46,64GB,64,334620,0,0,0,0,0,0,0,334610,334610,334610,334610,334610,337700,337630,337610,352590,352590,352590,352590,0,0,0,0,472830,472730,472600,485040,484920,0,0
18486497,마이크론 Crucial DDR5-5600 CL46,마이크론 Crucial,DDR5,5600,CL46,8GB,8,38000,0,0,0,0,0,0,0,44530,44530,44530,44530,44330,44530,48000,48000,48000,51600,51600,51600,0,0,0,0,65000,65000,65000,75960,68000,0,0
76946597,마이크론 Crucial DDR5-5600 CL46,마이크론 Crucial,DDR5,5600,CL46,32GB,32,0,135000,135000,135000,135000,135000,135000,0,0,0,0,0,0,0,0,0,0,0,0,0,0,0,0,0,0,0,0,0,0,0,0
76946597,마이크론 Crucial DDR5-5600 CL46,마이크론 Crucial,DDR5,5600,CL46,16GB,16,0,68000,68000,68000,68000,68000,68000,0,0,0,0,0,0,0,0,0,0,0,0,0,0,0,0,0,0,0,0,0,0,0,0
76946597,마이크론 Crucial DDR5-5600 CL46,마이크론 Crucial,DDR5,5600,CL46,64GB,64,0,334620,334610,334610,334610,334610,334610,0,0,0,0,0,0,0,0,0,0,0,0,0,0,0,0,0,0,0,0,0,0,0,0
76946597,마이크론 Crucial DDR5-5600 CL46,마이크론 Crucial,DDR5,5600,CL46,8GB,8,0,42500,42500,42500,42500,43310,44530,0,0,0,0,0,0,0,0,0,0,0,0,0,0,0,0,0,0,0,0,0,0,0,0
20609090,마이크론 Crucial DDR5-5600 CL46,마이크론 Crucial,DDR5,5600,CL46,32GB,32,0,0,0,0,0,0,0,135000,0,0,0,0,0,0,0,0,0,0,0,0,193830,210270,0,0,0,0,0,0,0,311620,311620
20609090,마이크론 Crucial DDR5-5600 CL46,마이크론 Crucial,DDR5,5600,CL46,16GB,16,0,0,0,0,0,0,0,68000,0,0,0,0,0,0,0,0,0,0,0,0,99690,100000,0,0,0,0,0,0,0,144990,144960
20609090,마이크론 Crucial DDR5-5600 CL46,마이크론 Crucial,DDR5,5600,CL46,64GB,64,0,0,0,0,0,0,0,334610,0,0,0,0,0,0,0,0,0,0,0,0,352590,352590,0,0,0,0,0,0,0,484610,484490
20609090,마이크론 Crucial DDR5-5600 CL46,마이크론 Crucial,DDR5,5600,CL46,8GB,8,0,0,0,0,0,0,0,44530,0,0,0,0,0,0,0,0,0,0,0,0,51600,51600,0,0,0,0,0,0,0,70000,68870
18486506,마이크론 Crucial DDR5-5600 CL46,마이크론 Crucial,DDR5,5600,CL46,32GB,32,0,0,0,0,0,0,0,0,0,0,0,0,0,0,0,0,0,0,0,0,0,0,249250,270070,0,0,0,0,0,0,0
18486506,마이크론 Crucial DDR5-5600 CL46,마이크론 Crucial,DDR5,5600,CL46,16GB,16,0,0,0,0,0,0,0,0,0,0,0,0,0,0,0,0,0,0,0,0,0,0,118000,136970,0,0,0,0,0,0,0
18486506,마이크론 Crucial DDR5-5600 CL46,마이크론 Crucial,DDR5,5600,CL46,64GB,64,0,0,0,0,0,0,0,0,0,0,0,0,0,0,0,0,0,0,0,0,0,0,352590,411960,0,0,0,0,0,0,0
18486506,마이크론 Crucial DDR5-5600 CL46,마이크론 Crucial,DDR5,5600,CL46,8GB,8,0,0,0,0,0,0,0,0,0,0,0,0,0,0,0,0,0,0,0,0,0,0,57290,57290,0,0,0,0,0,0,0
28640519,마이크론 Crucial DDR5-5600 CL46 PRO 대원씨티에스,마이크론 Crucial PRO 대원씨티에스,DDR5,5600,CL46,16GB,16,84370,84370,84370,84370,84370,84370,84370,84370,84370,84370,84370,84370,84370,87570,98660,98660,98630,98510,98390,98270,98250,102644,139150,149530,159920,159650,141300,141300,141300,139472,139472
97121348,마이크론 Crucial DDR5-5600 CL46 PRO 아스크텍,마이크론 Crucial PRO 아스크텍,DDR5,5600,CL46,64GB,64,328330,328220,328100,0,0,0,0,327620,0,0,327260,327140,327020,0,401040,401040,0,0,0,0,0,0,465960,489000,0,0,0,0,0,0,0
97121348,마이크론 Crucial DDR5-5600 CL46 PRO 아스크텍,마이크론 Crucial PRO 아스크텍,DDR5,5600,CL46,32GB,32,162220,162220,163040,0,0,0,0,163040,0,0,163040,163040,163040,0,199990,199880,0,0,0,0,0,0,203500,280340,0,0,0,0,0,0,0
97121348,마이크론 Crucial DDR5-5600 CL46 PRO 아스크텍,마이크론 Crucial PRO 아스크텍,DDR5,5600,CL46,16GB,16,70000,70000,70000,0,0,0,0,70000,0,0,70000,70000,84000,0,96880,98690,0,0,0,0,0,0,101357,105220,0,0,0,0,0,0,0
33386738,마이크론 Crucial DDR5-5600 CL46 PRO 아스크텍,마이크론 Crucial PRO 아스크텍,DDR5,5600,CL46,64GB,64,0,0,0,327980,327890,327860,327740,0,327500,327380,0,0,0,331770,0,0,401040,401040,401040,401040,401040,401040,0,0,489000,489000,489000,489000,489000,489000,0
33386738,마이크론 Crucial DDR5-5600 CL46 PRO 아스크텍,마이크론 Crucial PRO 아스크텍,DDR5,5600,CL46,32GB,32,0,0,0,163040,163040,163040,163040,0,163040,163040,0,0,0,165010,0,0,199760,199660,199540,199420,199330,203500,0,0,332260,332260,332260,320000,320000,320000,0
33386738,마이크론 Crucial DDR5-5600 CL46 PRO 아스크텍,마이크론 Crucial PRO 아스크텍,DDR5,5600,CL46,16GB,16,0,0,0,70000,70000,70000,70000,0,70000,70000,0,0,0,86280,0,0,98570,98450,98330,98210,98120,97970,0,0,172310,172310,172310,172310,142960,154680,0
74549789,마이크론 Crucial DDR5-5600 CL46 PRO 아스크텍,마이크론 Crucial PRO 아스크텍,DDR5,5600,CL46,64GB,64,0,0,0,0,0,0,0,0,0,0,0,0,0,0,0,0,0,0,0,0,0,0,0,0,0,0,0,0,0,0,489000
74549789,마이크론 Crucial DDR5-5600 CL46 PRO 아스크텍,마이크론 Crucial PRO 아스크텍,DDR5,5600,CL46,32GB,32,0,0,0,0,0,0,0,0,0,0,0,0,0,0,0,0,0,0,0,0,0,0,0,0,0,0,0,0,0,0,330490
74549789,마이크론 Crucial DDR5-5600 CL46 PRO 아스크텍,마이크론 Crucial PRO 아스크텍,DDR5,5600,CL46,16GB,16,0,0,0,0,0,0,0,0,0,0,0,0,0,0,0,0,0,0,0,0,0,0,0,0,0,0,0,0,0,0,154680
20369066,마이크론 Crucial DDR5-5600 CL46 PRO 패키지 대원씨티에스,마이크론 Crucial PRO 패키지 대원씨티에스,DDR5,5600,CL46,96GB(48GX2),96,420910,421090,421270,421450,421630,421810,421990,422170,422350,422530,422710,422890,423070,443170,467290,467290,467290,467290,467290,467290,467290,459360,487310,487310,497730,497730,773620,773620,773620,773620,773620
20369066,마이크론 Crucial DDR5-5600 CL46 PRO 패키지 대원씨티에스,마이크론 Crucial PRO 패키지 대원씨티에스,DDR5,5600,CL46,32GB(16GX2),32,169990,169990,188560,175690,175690,188570,188460,188360,195600,195600,195600,195600,195600,195600,195600,195600,201000,203500,203500,203500,203500,221150,241760,299160,319930,319300,319300,319300,319300,319300,319300
20369066,마이크론 Crucial DDR5-5600 CL46 PRO 패키지 대원씨티에스,마이크론 Crucial PRO 패키지 대원씨티에스,DDR5,5600,CL46,64GB(32GX2),64,0,0,0,0,0,0,0,0,0,0,0,0,0,0,0,0,0,0,0,0,0,0,0,0,0,0,0,0,0,636000,636000
28553522,마이크론 Crucial DDR5-5600 CL46 PRO 패키지 아스크텍,마이크론 Crucial PRO 패키지 아스크텍,DDR5,5600,CL46,64GB(32GX2),64,278000,278000,278000,278000,278000,278000,278000,278000,278000,278000,278000,0,0,325190,377900,377900,387070,387070,387070,387070,400440,404490,404500,560340,581220,581190,581060,717420,696330,696330,0
28553522,마이크론 Crucial DDR5-5600 CL46 PRO 패키지 아스크텍,마이크론 Crucial PRO 패키지 아스크텍,DDR5,5600,CL46,32GB(16GX2),32,141000,141000,141000,141000,141000,141000,141000,141000,141000,141000,141000,0,0,169050,195610,204290,204290,204290,204290,204290,204290,208000,221800,221800,221800,221800,221800,221800,221800,221800,0
20356421,마이크론 Crucial DDR5-5600 CL46 PRO 패키지 아스크텍,마이크론 Crucial PRO 패키지 아스크텍,DDR5,5600,CL46,64GB(32GX2),64,0,0,0,0,0,0,0,0,0,0,0,278000,325220,0,0,0,0,0,0,0,0,0,0,0,0,0,0,0,0,0,696330
20356421,마이크론 Crucial DDR5-5600 CL46 PRO 패키지 아스크텍,마이크론 Crucial PRO 패키지 아스크텍,DDR5,5600,CL46,32GB(16GX2),32,0,0,0,0,0,0,0,0,0,0,0,141000,169090,0,0,0,0,0,0,0,0,0,0,0,0,0,0,0,0,0,221800
20369126,마이크론 Crucial DDR5-5600 CL46 대원씨티에스,마이크론 Crucial 대원씨티에스,DDR5,5600,CL46,64GB,64,322620,322620,322620,322620,322620,322620,322620,322620,322620,322620,322620,322620,322620,333400,392470,392350,392230,392110,391990,391870,391780,385600,392500,399000,410890,410890,450000,481970,481940,481830,481720
20369126,마이크론 Crucial DDR5-5600 CL46 대원씨티에스,마이크론 Crucial 대원씨티에스,DDR5,5600,CL46,32GB,32,136000,156500,159890,157800,159690,159660,159540,159420,159300,159180,154270,154270,154270,159100,162390,186100,193580,194350,194230,194100,194380,222990,244990,257050,295000,330000,330000,330000,348990,349000,345490
20369126,마이크론 Crucial DDR5-5600 CL46 대원씨티에스,마이크론 Crucial 대원씨티에스,DDR5,5600,CL46,16GB,16,69950,77980,77860,77400,77310,77280,77160,77040,76920,76800,77430,77420,79980,80000,83390,88500,91810,94270,94150,94020,97160,97410,116400,121250,145480,145390,145350,145490,145440,132000,132000
20369126,마이크론 Crucial DDR5-5600 CL46 대원씨티에스,마이크론 Crucial 대원씨티에스,DDR5,5600,CL46,8GB,8,41990,41990,41990,41990,41990,41990,41990,41990,41990,41990,42000,43440,43430,44500,45990,46000,50900,51750,51770,51770,51750,51800,51800,55440,64990,64990,65000,67900,67900,67900,67900
93806003,마이크론 Crucial DDR5-5600 CL46 패키지 대원씨티에스,마이크론 Crucial 패키지 대원씨티에스,DDR5,5600,CL46,128GB(64GX2),128,666730,666690,666620,666500,666390,666280,666160,666040,665920,665800,665680,665560,665440,666640,666640,666650,666640,770830,770830,770830,770830,793240,937500,822850,1009470,986810,986810,986800,979990,979990,979990
75719906,마이크론 Crucial DDR5-5600 CL46 패키지 아스크텍,마이크론 Crucial 패키지 아스크텍,DDR5,5600,CL46,128GB(64GX2),128,640000,640000,640000,640000,640000,640000,640000,640000,640000,640000,640000,640000,655030,655220,782800,782800,782800,782800,782800,782800,782800,771300,863500,863500,890000,890000,890000,990000,986810,0,0
75719906,마이크론 Crucial DDR5-5600 CL46 패키지 아스크텍,마이크론 Crucial 패키지 아스크텍,DDR5,5600,CL46,32GB(16GX2),32,138000,153960,156000,156000,156000,156000,156000,156000,156000,156000,156000,156000,156000,166260,192730,192730,192730,192730,192730,192730,204030,209860,247890,249000,249000,249000,249000,165190,249000,0,0
91040747,마이크론 Crucial DDR5-5600 CL46 패키지 아스크텍,마이크론 Crucial 패키지 아스크텍,DDR5,5600,CL46,128GB(64GX2),128,0,0,0,0,0,0,0,0,0,0,0,0,0,0,0,0,0,0,0,0,0,0,0,0,0,0,0,0,0,984380,984260
91040747,마이크론 Crucial DDR5-5600 CL46 패키지 아스크텍,마이크론 Crucial 패키지 아스크텍,DDR5,5600,CL46,32GB(16GX2),32,0,0,0,0,0,0,0,0,0,0,0,0,0,0,0,0,0,0,0,0,0,0,0,0,0,0,0,0,0,249000,307200
54100055,마이크론 Crucial DDR5-6000 CL36 PRO Overclocking White 패키지 대원씨티에스,마이크론 Crucial PRO Overclocking White 패키지 대원씨티에스,DDR5,6000,CL36,32GB(16GX2),32,164500,164500,164500,164500,164500,164500,164500,164500,164500,164500,162400,162400,162400,162400,205500,205500,205500,205500,205500,205500,205500,205500,220400,220400,261000,261000,261000,281580,371000,371000,371000
54214406,마이크론 Crucial DDR5-6000 CL36 PRO Overclocking White 패키지 아스크텍,마이크론 Crucial PRO Overclocking White 패키지 아스크텍,DDR5,6000,CL36,32GB(16GX2),32,158470,179770,179770,179770,179770,179770,179770,179770,179770,179770,179770,179770,179770,179730,192710,210240,210240,210240,210240,210240,213490,213490,213490,212430,212430,212430,218990,218990,373400,373310,373200
39767633,마이크론 Crucial DDR5-6000 CL36 PRO Overclocking 아스크텍,마이크론 Crucial PRO Overclocking 아스크텍,DDR5,6000,CL36,16GB,16,91110,91110,91110,91110,91110,91110,91110,91110,91110,91110,91110,91110,91110,91110,91100,91100,95900,95900,95900,95900,95900,109000,109000,109000,109000,0,0,0,0,0,0
39102770,마이크론 Crucial DDR5-6000 CL36 PRO Overclocking 패키지 대원씨티에스,마이크론 Crucial PRO Overclocking 패키지 대원씨티에스,DDR5,6000,CL36,32GB(16GX2),32,158240,158750,158750,158750,158750,158750,158750,158750,158750,158750,161970,161970,161970,161870,169550,204760,204760,204760,204760,202950,202920,202810,205500,215970,255500,255500,255500,282620,326860,326860,326860
39767693,마이크론 Crucial DDR5-6000 CL36 PRO Overclocking 패키지 아스크텍,마이크론 Crucial PRO Overclocking 패키지 아스크텍,DDR5,6000,CL36,32GB(16GX2),32,144900,144900,144900,144900,144900,144900,144900,144900,144900,160920,163920,163920,163920,163930,168070,167970,196500,196500,196500,196500,196500,196500,196500,212430,212430,212430,218990,145070,145070,145070,145070
28480007,마이크론 Crucial DDR5-6000 CL48 PRO 패키지 대원씨티에스,마이크론 Crucial PRO 패키지 대원씨티에스,DDR5,6000,CL48,48GB(24GX2),48,999990,999990,999990,999990,999990,999990,999990,999990,999990,999990,999990,999990,999990,999990,999990,999990,999990,999990,999990,999990,999990,999990,0,0,0,0,0,0,0,0,0
28480007,마이크론 Crucial DDR5-6000 CL48 PRO 패키지 대원씨티에스,마이크론 Crucial PRO 패키지 대원씨티에스,DDR5,6000,CL48,32GB(16GX2),32,1000000,1000000,1000000,1000000,1000000,1000000,1000000,1000000,1000000,1000000,1000000,1000000,1000000,1000000,1000000,1000000,1000000,1000000,1000000,1000000,150860,1000000,0,0,0,0,0,0,0,0,0
56156210,마이크론 Crucial DDR5-6000 CL48 PRO 패키지 대원씨티에스,마이크론 Crucial PRO 패키지 대원씨티에스,DDR5,6000,CL48,48GB(24GX2),48,0,0,0,0,0,0,0,0,0,0,0,0,0,0,0,0,0,0,0,0,0,0,999990,999990,999990,999990,999990,999990,999990,999990,999990
56156210,마이크론 Crucial DDR5-6000 CL48 PRO 패키지 대원씨티에스,마이크론 Crucial PRO 패키지 대원씨티에스,DDR5,6000,CL48,32GB(16GX2),32,0,0,0,0,0,0,0,0,0,0,0,0,0,0,0,0,0,0,0,0,0,0,1000000,1000000,1000000,1000000,1000000,1000000,1000000,1000000,1000000
99553838,마이크론 Crucial DDR5-6400 CL32 PRO Overclocking White 패키지 아스크텍,마이크론 Crucial PRO Overclocking White 패키지 아스크텍,DDR5,6400,CL32,32GB(16GX2),32,0,0,0,0,0,0,0,0,0,0,0,0,0,0,0,0,0,0,0,0,0,0,0,0,0,0,0,431550,431550,431020,426950
99553832,마이크론 Crucial DDR5-6400 CL32 PRO Overclocking 패키지 아스크텍,마이크론 Crucial PRO Overclocking 패키지 아스크텍,DDR5,6400,CL32,32GB(16GX2),32,0,0,0,0,0,0,0,0,0,0,0,0,0,0,0,0,0,0,0,0,0,0,0,0,0,0,0,385800,385800,385480,385480
71158334,마이크론 Crucial DDR5-6400 CL38 PRO Overclocking White 패키지 대원씨티에스,마이크론 Crucial PRO Overclocking White 패키지 대원씨티에스,DDR5,6400,CL38,32GB(16GX2),32,185930,185930,189240,189240,189240,189240,189240,189240,189240,189240,189240,189240,189240,192430,201870,201870,210130,210130,210130,210130,210130,206850,216880,216880,261000,261000,261000,204890,385780,371770,371770
71061959,마이크론 Crucial DDR5-6400 CL38 PRO Overclocking 패키지 대원씨티에스,마이크론 Crucial PRO Overclocking 패키지 대원씨티에스,DDR5,6400,CL38,32GB(16GX2),32,179680,180100,180100,180100,180100,180100,180100,180100,180100,180100,180100,180100,180100,182560,192200,192200,199560,199440,199320,199190,199160,199370,212550,215970,275340,275340,275340,281580,333330,333330,333330
69566999,마이크론 Crucial DDR5-6400 CL38 PRO Overclocking 패키지 아스크텍,마이크론 Crucial PRO Overclocking 패키지 아스크텍,DDR5,6400,CL38,32GB(16GX2),32,182400,182400,182400,182400,182400,182400,182400,182400,182400,182400,182400,182400,182400,185580,202480,202450,202330,202210,202090,201970,201950,201280,209849,0,0,0,0,383200,383200,349460,349460
76331027,마이크론 Crucial DDR5-6400 CL40 PRO OC Gaming Edition White 대원씨티에스,마이크론 Crucial PRO OC Gaming Edition White 대원씨티에스,DDR5,6400,CL40,32GB,32,158930,158930,158930,158930,158930,158930,158930,158930,158930,158930,158930,158930,0,158930,158930,158930,158930,158930,158930,158930,158930,158930,158930,158930,158930,158930,158930,158930,158930,158930,158930
76330991,마이크론 Crucial DDR5-6400 CL40 PRO OC Gaming Edition 대원씨티에스,마이크론 Crucial PRO OC Gaming Edition 대원씨티에스,DDR5,6400,CL40,32GB,32,158930,158930,158930,158930,158930,158930,158930,158930,158930,158930,158930,158930,0,158930,158930,158930,158930,158930,158930,158930,158930,158930,158930,158930,158930,158930,158930,158930,158930,158930,158930
77791217,마이크론 Crucial DDR5-6400 CL52 CUDIMM 대원씨티에스,마이크론 Crucial CUDIMM 대원씨티에스,DDR5,6400,CL52,64GB,64,396000,396000,396000,396000,0,0,0,0,0,0,0,0,0,0,0,0,0,0,0,0,408000,408000,419770,0,0,421930,421800,0,0,0,0
77791217,마이크론 Crucial DDR5-6400 CL52 CUDIMM 대원씨티에스,마이크론 Crucial CUDIMM 대원씨티에스,DDR5,6400,CL52,32GB,32,198000,198000,198000,198000,0,0,0,0,0,0,0,0,0,0,0,0,0,0,0,0,197990,204390,216389,0,0,299500,299500,0,0,0,0
77791217,마이크론 Crucial DDR5-6400 CL52 CUDIMM 대원씨티에스,마이크론 Crucial CUDIMM 대원씨티에스,DDR5,6400,CL52,16GB,16,99000,99000,99000,99000,0,0,0,0,0,0,0,0,0,0,0,0,0,0,0,0,98500,100610,103210,0,0,108020,129000,0,0,0,0
77791211,마이크론 Crucial DDR5-6400 CL52 CUDIMM 대원씨티에스,마이크론 Crucial CUDIMM 대원씨티에스,DDR5,6400,CL52,64GB,64,0,0,0,0,396000,396000,396000,396000,396000,396000,398500,398500,398500,398500,410500,415070,417460,408000,408000,408000,0,0,0,0,0,0,0,0,0,0,0
77791211,마이크론 Crucial DDR5-6400 CL52 CUDIMM 대원씨티에스,마이크론 Crucial CUDIMM 대원씨티에스,DDR5,6400,CL52,32GB,32,0,0,0,0,198000,198000,198000,198000,198000,198000,198000,198000,198000,197990,197990,197990,197990,197990,197990,197990,0,0,0,0,0,0,0,0,0,0,0
77791211,마이크론 Crucial DDR5-6400 CL52 CUDIMM 대원씨티에스,마이크론 Crucial CUDIMM 대원씨티에스,DDR5,6400,CL52,16GB,16,0,0,0,0,99000,99000,99000,99000,99000,99000,98500,98500,98500,98500,98500,98500,98500,98500,98500,98500,0,0,0,0,0,0,0,0,0,0,0
77791223,마이크론 Crucial DDR5-6400 CL52 CUDIMM 대원씨티에스,마이크론 Crucial CUDIMM 대원씨티에스,DDR5,6400,CL52,64GB,64,0,0,0,0,0,0,0,0,0,0,0,0,0,0,0,0,0,0,0,0,0,0,0,422140,419770,0,0,558960,558840,559000,0
77791223,마이크론 Crucial DDR5-6400 CL52 CUDIMM 대원씨티에스,마이크론 Crucial CUDIMM 대원씨티에스,DDR5,6400,CL52,16GB,16,0,0,0,0,0,0,0,0,0,0,0,0,0,0,0,0,0,0,0,0,0,0,0,108020,108020,0,0,141450,148260,148260,156156
77791223,마이크론 Crucial DDR5-6400 CL52 CUDIMM 대원씨티에스,마이크론 Crucial CUDIMM 대원씨티에스,DDR5,6400,CL52,32GB,32,0,0,0,0,0,0,0,0,0,0,0,0,0,0,0,0,0,0,0,0,0,0,0,0,0,0,0,299490,299490,299500,299500
76946672,마이크론 Crucial DDR5-6400 CL52 CUDIMM 아스크텍,마이크론 Crucial CUDIMM 아스크텍,DDR5,6400,CL52,64GB,64,396000,396000,396000,396000,396000,396000,0,396000,396000,0,0,0,0,396000,408000,0,0,0,0,0,0,0,0,0,0,0,0,0,0,0,0
76946672,마이크론 Crucial DDR5-6400 CL52 CUDIMM 아스크텍,마이크론 Crucial CUDIMM 아스크텍,DDR5,6400,CL52,32GB,32,197500,197500,197500,198000,198000,198000,0,198000,198000,0,0,0,0,198000,204000,0,0,0,0,0,0,0,0,0,0,0,0,0,0,0,0
76946672,마이크론 Crucial DDR5-6400 CL52 CUDIMM 아스크텍,마이크론 Crucial CUDIMM 아스크텍,DDR5,6400,CL52,16GB,16,99000,99000,99000,99000,99000,99000,0,99000,99000,0,0,0,0,98500,102000,0,0,0,0,0,0,0,0,0,0,0,0,0,0,0,0
76946702,마이크론 Crucial DDR5-6400 CL52 CUDIMM 아스크텍,마이크론 Crucial CUDIMM 아스크텍,DDR5,6400,CL52,64GB,64,0,0,0,0,0,0,396000,0,0,396000,396000,396000,396000,0,0,0,422760,422760,422760,0,0,0,435900,435790,435690,435660,435530,0,557290,612860,612860
76946702,마이크론 Crucial DDR5-6400 CL52 CUDIMM 아스크텍,마이크론 Crucial CUDIMM 아스크텍,DDR5,6400,CL52,32GB,32,0,0,0,0,0,0,198000,0,0,198000,198000,198000,198000,0,0,0,203970,203850,203730,0,0,0,204560,0,0,0,0,0,0,331708,334390
76946702,마이크론 Crucial DDR5-6400 CL52 CUDIMM 아스크텍,마이크론 Crucial CUDIMM 아스크텍,DDR5,6400,CL52,16GB,16,0,0,0,0,0,0,99000,0,0,99000,98500,98500,98500,0,0,0,101850,101730,101610,0,0,0,104500,108010,137870,137860,145270,129000,129000,129000,129000
76946693,마이크론 Crucial DDR5-6400 CL52 CUDIMM 아스크텍,마이크론 Crucial CUDIMM 아스크텍,DDR5,6400,CL52,64GB,64,0,0,0,0,0,0,0,0,0,0,0,0,0,0,0,422760,0,0,0,422760,241670,241670,0,0,0,0,0,0,0,0,0
76946693,마이크론 Crucial DDR5-6400 CL52 CUDIMM 아스크텍,마이크론 Crucial CUDIMM 아스크텍,DDR5,6400,CL52,32GB,32,0,0,0,0,0,0,0,0,0,0,0,0,0,0,0,203990,0,0,0,203610,203520,203490,0,0,0,0,0,0,0,0,0
76946693,마이크론 Crucial DDR5-6400 CL52 CUDIMM 아스크텍,마이크론 Crucial CUDIMM 아스크텍,DDR5,6400,CL52,16GB,16,0,0,0,0,0,0,0,0,0,0,0,0,0,0,0,101970,0,0,0,101490,101400,100500,0,0,0,0,0,0,0,0,0
10610796,마이크론 Crucial 노트북 DDR4-3200 CL22,마이크론 Crucial 노트북,DDR4,3200,CL22,16GB,16,65090,65000,64970,64850,64760,64730,64610,64490,64390,75000,75000,75000,0,75000,75000,75000,75000,75000,75000,75000,75000,89000,92000,92000,92000,92000,92000,92000,98000,98000,98000
10610796,마이크론 Crucial 노트북 DDR4-3200 CL22,마이크론 Crucial 노트북,DDR4,3200,CL22,8GB,8,35890,35890,35890,35890,35890,35870,35890,35890,35890,35890,35890,35890,0,35820,35890,35040,35050,34050,34050,34050,34050,38000,38000,38000,38000,38000,38000,42360,51900,51900,51900
10610796,마이크론 Crucial 노트북 DDR4-3200 CL22,마이크론 Crucial 노트북,DDR4,3200,CL22,32GB,32,0,107500,107500,107500,107500,107500,107500,107500,107500,109232,114660,114820,0,121660,0,0,0,0,0,202740,202740,207990,207990,207990,207990,207990,207990,247990,247990,247990,247990
16343636,마이크론 Crucial 노트북 DDR4-3200 CL22,마이크론 Crucial 노트북,DDR4,3200,CL22,32GB,32,0,0,0,0,0,0,0,0,0,0,0,0,119349,0,0,0,0,0,0,0,0,0,0,0,0,0,0,0,0,0,0
16343636,마이크론 Crucial 노트북 DDR4-3200 CL22,마이크론 Crucial 노트북,DDR4,3200,CL22,16GB,16,0,0,0,0,0,0,0,0,0,0,0,0,75000,0,0,0,0,0,0,0,0,0,0,0,0,0,0,0,0,0,0
16343636,마이크론 Crucial 노트북 DDR4-3200 CL22,마이크론 Crucial 노트북,DDR4,3200,CL22,8GB,8,0,0,0,0,0,0,0,0,0,0,0,0,35850,0,0,0,0,0,0,0,0,0,0,0,0,0,0,0,0,0,0
74884730,마이크론 Crucial 노트북 DDR4-3200 CL22 대원씨티에스,마이크론 Crucial 노트북 대원씨티에스,DDR4,3200,CL22,32GB,32,106340,106340,106340,106340,106340,106340,106340,106340,106340,106340,106340,106340,106340,106340,106340,106340,106340,106340,106340,106340,106340,106340,159000,159000,0,0,0,0,0,0,0
74884730,마이크론 Crucial 노트북 DDR4-3200 CL22 대원씨티에스,마이크론 Crucial 노트북 대원씨티에스,DDR4,3200,CL22,16GB,16,89000,89000,89000,89000,89000,89000,89000,89000,89000,89000,89000,89000,0,89000,89000,89000,89000,89000,89000,89000,89000,89000,89000,89000,0,0,0,0,0,0,0
74884730,마이크론 Crucial 노트북 DDR4-3200 CL22 대원씨티에스,마이크론 Crucial 노트북 대원씨티에스,DDR4,3200,CL22,8GB,8,35840,35840,35840,35840,35840,35840,35840,35840,35840,35840,35840,35840,35840,35800,38400,40000,37800,40000,40000,40000,40000,40000,40000,47870,0,0,0,0,0,0,0
54218168,마이크론 Crucial 노트북 DDR4-3200 CL22 대원씨티에스,마이크론 Crucial 노트북 대원씨티에스,DDR4,3200,CL22,16GB,16,0,0,0,0,0,0,0,0,0,0,0,0,0,0,0,0,0,0,0,0,0,0,0,0,89000,89000,89000,89000,89000,89000,89000
54218168,마이크론 Crucial 노트북 DDR4-3200 CL22 대원씨티에스,마이크론 Crucial 노트북 대원씨티에스,DDR4,3200,CL22,8GB,8,0,0,0,0,0,0,0,0,0,0,0,0,0,0,0,0,0,0,0,0,0,0,0,0,47870,47870,47870,52990,71300,61070,45810
16524281,마이크론 Crucial 노트북 DDR4-3200 CL22 중고,마이크론 Crucial 노트북 중고,DDR4,3200,CL22,8GB,8,22730,0,22730,22730,0,0,22730,0,0,0,0,0,0,0,0,0,0,0,0,0,0,0,0,0,0,0,0,0,0,0,0
16524281,마이크론 Crucial 노트북 DDR4-3200 CL22 중고,마이크론 Crucial 노트북 중고,DDR4,3200,CL22,4GB,4,6990,0,6990,6990,0,0,6990,0,0,0,0,0,6990,6990,6990,6990,6990,6990,6990,6990,7690,7690,7690,7690,7700,7700,7700,7700,7700,7700,7700
16411766,마이크론 Crucial 노트북 DDR4-3200 CL22 중고,마이크론 Crucial 노트북 중고,DDR4,3200,CL22,8GB,8,0,22730,0,0,22730,22730,0,22730,22730,22730,22730,22730,0,0,0,0,0,0,0,0,0,0,0,0,0,0,0,0,0,0,0
16411766,마이크론 Crucial 노트북 DDR4-3200 CL22 중고,마이크론 Crucial 노트북 중고,DDR4,3200,CL22,4GB,4,0,6990,0,0,6990,6990,0,6990,6990,6990,6990,6990,0,0,0,0,0,0,0,0,0,0,0,0,0,0,0,0,0,0,0
17871047,마이크론 Crucial 노트북 DDR4-3200 CL22 해외구매,마이크론 Crucial 노트북 해외구매,DDR4,3200,CL22,16GB,16,64090,64090,64090,64090,0,0,0,0,0,0,0,0,0,0,0,0,0,0,0,0,0,0,64090,62180,62180,62180,64090,0,0,0,0
17871047,마이크론 Crucial 노트북 DDR4-3200 CL22 해외구매,마이크론 Crucial 노트북 해외구매,DDR4,3200,CL22,8GB,8,32820,32820,32820,32820,0,0,0,0,0,0,0,0,0,0,0,0,0,0,0,0,0,0,33200,33200,33200,33200,33200,0,0,0,0
17292047,마이크론 Crucial 노트북 DDR4-3200 CL22 해외구매,마이크론 Crucial 노트북 해외구매,DDR4,3200,CL22,16GB,16,0,0,0,0,64090,64090,64090,64090,64090,64090,64090,64090,64090,64090,64090,64090,64090,64090,64090,64090,64090,64090,0,0,0,0,0,64990,64990,64990,64990
17292047,마이크론 Crucial 노트북 DDR4-3200 CL22 해외구매,마이크론 Crucial 노트북 해외구매,DDR4,3200,CL22,8GB,8,0,0,0,0,32820,32820,32820,32820,32820,32820,32820,32820,32820,32820,32820,32820,32820,32820,32820,32820,33200,33200,0,0,0,0,0,34500,34500,34500,34500
17285078,마이크론 Crucial 노트북 DDR5-4800 CL40,마이크론 Crucial 노트북,DDR5,4800,CL40,8GB,8,25900,25900,25900,25900,25900,25900,25900,25900,25900,25900,25900,25900,25900,25900,25900,25900,29500,28980,28960,28840,28670,28550,28430,29500,31490,32900,32900,59900,59900,59900,59900
17285078,마이크론 Crucial 노트북 DDR5-4800 CL40,마이크론 Crucial 노트북,DDR5,4800,CL40,16GB,16,0,0,0,0,0,0,0,0,0,0,0,0,0,0,0,0,0,0,0,0,96890,96890,96890,0,0,0,0,0,0,0,0
17447072,마이크론 Crucial 노트북 DDR5-4800 CL40 중고,마이크론 Crucial 노트북 중고,DDR5,4800,CL40,8GB,8,49970,49970,49970,49970,49970,49970,49970,49970,49970,49970,49970,49970,49970,49970,49900,49900,48180,49880,48220,48220,48220,48210,48200,48200,48120,48120,48040,48040,48030,48050,47950
30268274,마이크론 Crucial 노트북 DDR5-5600 CL46,마이크론 Crucial 노트북,DDR5,5600,CL46,32GB,32,131000,131000,131000,131000,131000,131000,131000,131000,131000,131000,131000,131000,158410,158310,178030,187990,187990,193790,193790,193790,193790,193330,211590,211590,257220,245190,256980,259000,0,0,0
30268274,마이크론 Crucial 노트북 DDR5-5600 CL46,마이크론 Crucial 노트북,DDR5,5600,CL46,16GB,16,65500,65500,65500,65500,65500,65500,65500,65500,65500,65500,65500,65500,81250,81220,89900,89900,89900,89900,89900,96620,95930,95870,105000,118080,120000,120000,120000,137000,0,0,0
30268256,마이크론 Crucial 노트북 DDR5-5600 CL46,마이크론 Crucial 노트북,DDR5,5600,CL46,32GB,32,0,0,0,0,0,0,0,0,0,0,0,0,0,0,0,0,0,0,0,0,0,0,0,0,0,0,0,0,275600,255990,255910
30268256,마이크론 Crucial 노트북 DDR5-5600 CL46,마이크론 Crucial 노트북,DDR5,5600,CL46,16GB,16,0,0,0,0,0,0,0,0,0,0,0,0,0,0,0,0,0,0,0,0,0,0,0,0,0,0,0,0,137000,132000,132000
54966680,마이크론 Crucial 노트북 DDR5-5600 CL46 대원씨티에스,마이크론 Crucial 노트북 대원씨티에스,DDR5,5600,CL46,64GB,64,316910,316910,316910,316910,0,0,0,0,316910,316910,316910,316910,0,330860,342900,391270,391270,391270,391270,391270,391270,392500,419000,498440,484240,484230,484230,0,0,0,0
54966680,마이크론 Crucial 노트북 DDR5-5600 CL46 대원씨티에스,마이크론 Crucial 노트북 대원씨티에스,DDR5,5600,CL46,16GB,16,82030,83060,83060,83060,0,0,0,0,83060,83060,83060,83060,0,83390,87200,87200,96850,96850,96850,96850,97070,101110,123910,123910,130270,130270,130270,0,0,0,0
54966680,마이크론 Crucial 노트북 DDR5-5600 CL46 대원씨티에스,마이크론 Crucial 노트북 대원씨티에스,DDR5,5600,CL46,32GB,32,0,0,0,0,0,0,0,0,0,0,0,0,0,0,0,0,0,0,0,0,0,0,228510,262890,269980,262620,262620,0,0,0,0
94028699,마이크론 Crucial 노트북 DDR5-5600 CL46 대원씨티에스,마이크론 Crucial 노트북 대원씨티에스,DDR5,5600,CL46,64GB,64,0,0,0,0,316910,316910,316910,316910,0,0,0,0,316910,0,0,0,0,0,0,0,0,0,0,0,0,0,0,0,0,0,0
94028699,마이크론 Crucial 노트북 DDR5-5600 CL46 대원씨티에스,마이크론 Crucial 노트북 대원씨티에스,DDR5,5600,CL46,16GB,16,0,0,0,0,83060,83060,83060,83060,0,0,0,0,83060,0,0,0,0,0,0,0,0,0,0,0,0,0,0,0,0,0,0
54966677,마이크론 Crucial 노트북 DDR5-5600 CL46 대원씨티에스,마이크론 Crucial 노트북 대원씨티에스,DDR5,5600,CL46,64GB,64,0,0,0,0,0,0,0,0,0,0,0,0,0,0,0,0,0,0,0,0,0,0,0,0,0,0,0,484230,487210,487210,487210
54966677,마이크론 Crucial 노트북 DDR5-5600 CL46 대원씨티에스,마이크론 Crucial 노트북 대원씨티에스,DDR5,5600,CL46,32GB,32,0,0,0,0,0,0,0,0,0,0,0,0,0,0,0,0,0,0,0,0,0,0,0,0,0,0,0,262620,262620,258780,258670
54966677,마이크론 Crucial 노트북 DDR5-5600 CL46 대원씨티에스,마이크론 Crucial 노트북 대원씨티에스,DDR5,5600,CL46,16GB,16,0,0,0,0,0,0,0,0,0,0,0,0,0,0,0,0,0,0,0,0,0,0,0,0,0,0,0,130270,131290,134950,133910
33387032,마이크론 DDR4-2133 ECC/REG 중고,마이크론 ECC/REG 중고,DDR4,2133,0,16GB,16,38800,0,0,0,0,0,38800,38800,38800,38800,38800,38800,38800,38800,40800,40800,40800,40800,40800,40800,40800,40800,40800,39580,39580,39580,44800,0,0,0,0
33387032,마이크론 DDR4-2133 ECC/REG 중고,마이크론 ECC/REG 중고,DDR4,2133,0,8GB,8,16200,0,0,0,0,0,16200,16200,16200,16200,16200,16200,16200,16200,16200,16200,16200,16200,16200,16200,16200,16200,16200,34800,34800,34800,34800,0,0,0,0
18782588,마이크론 DDR4-2133 ECC/REG 중고,마이크론 ECC/REG 중고,DDR4,2133,0,16GB,16,0,38800,38800,38800,38800,38800,0,0,0,0,0,0,0,0,0,0,0,0,0,0,0,0,0,0,0,0,0,44800,44800,44800,44800
18782588,마이크론 DDR4-2133 ECC/REG 중고,마이크론 ECC/REG 중고,DDR4,2133,0,8GB,8,0,16200,16200,16200,16200,16200,0,0,0,0,0,0,0,0,0,0,0,0,0,0,0,0,0,0,0,0,0,34800,34800,34800,34800
17443334,마이크론 DDR4-2400 중고,마이크론 중고,DDR4,2400,0,8GB,8,20000,20000,20000,20000,20000,20000,20000,20000,20000,20000,20000,20000,20000,20000,20000,20000,20000,20000,21000,25000,25000,25000,25000,25000,26000,26000,26000,36000,36000,36000,36000
31423763,마이크론 DDR5-4800 CL40 ECC/REG 대원씨티에스,마이크론 ECC/REG 대원씨티에스,DDR5,4800,CL40,32GB,32,0,0,309000,309000,309000,309000,309000,309000,309000,309000,309000,309000,309000,309000,309000,309000,309000,309000,309000,309000,309000,309000,309000,309000,309000,309000,309000,0,0,0,0
71502218,마이크론 노트북 DDR5-5600 중고,마이크론 노트북 중고,DDR5,5600,0,8GB,8,17800,17800,20000,20000,20000,20000,20000,20000,20000,20000,20000,20000,20000,20000,20000,20000,20000,20000,20000,20000,20000,20000,20000,20000,20000,20000,20000,20000,20000,63360,63360
65303801,비즈텍 TREAVE DDR4-2666 CL19,비즈텍 TREAVE,DDR4,2666,CL19,16GB,16,45060,45060,45060,45060,45060,45060,45060,45060,45060,45060,0,0,0,0,0,0,0,0,0,0,0,0,0,0,0,0,0,0,0,0,0
65303801,비즈텍 TREAVE DDR4-2666 CL19,비즈텍 TREAVE,DDR4,2666,CL19,8GB,8,23500,24140,24080,24080,24080,24080,24080,24080,24080,24080,0,0,0,0,0,0,0,0,0,0,0,0,0,0,0,0,0,0,0,0,0
65303801,비즈텍 TREAVE DDR4-2666 CL19,비즈텍 TREAVE,DDR4,2666,CL19,4GB,4,10150,10150,10150,10150,10150,10150,10150,10150,10150,10150,0,0,0,0,0,0,0,0,0,0,0,0,0,0,0,0,0,0,0,0,0
65303783,비즈텍 TREAVE DDR4-2666 CL19,비즈텍 TREAVE,DDR4,2666,CL19,16GB,16,0,0,0,0,0,0,0,0,0,0,50000,50000,50000,50000,50000,50000,59120,0,0,0,0,0,0,0,0,51740,51740,51740,51740,51740,51740
65303783,비즈텍 TREAVE DDR4-2666 CL19,비즈텍 TREAVE,DDR4,2666,CL19,8GB,8,0,0,0,0,0,0,0,0,0,0,24080,24080,24080,25190,33220,34980,34950,0,0,0,36550,36550,41190,48920,48810,48710,48590,48480,48360,47590,47470
65303783,비즈텍 TREAVE DDR4-2666 CL19,비즈텍 TREAVE,DDR4,2666,CL19,4GB,4,0,0,0,0,0,0,0,0,0,0,10150,10150,10150,10160,10160,10160,10160,0,0,0,10450,10570,11190,11490,11490,11490,11490,11490,11490,11490,19790
64378331,비즈텍 TREAVE DDR4-2666 CL19,비즈텍 TREAVE,DDR4,2666,CL19,16GB,16,0,0,0,0,0,0,0,0,0,0,0,0,0,0,0,0,0,59120,59120,59120,0,0,0,0,0,0,0,0,0,0,0
64378331,비즈텍 TREAVE DDR4-2666 CL19,비즈텍 TREAVE,DDR4,2666,CL19,8GB,8,0,0,0,0,0,0,0,0,0,0,0,0,0,0,0,0,0,35840,35840,35840,0,0,0,0,0,0,0,0,0,0,0
64378331,비즈텍 TREAVE DDR4-2666 CL19,비즈텍 TREAVE,DDR4,2666,CL19,4GB,4,0,0,0,0,0,0,0,0,0,0,0,0,0,0,0,0,0,10160,10160,10160,0,0,0,0,0,0,0,0,0,0,0
65303726,비즈텍 TREAVE DDR4-3200 CL22,비즈텍 TREAVE,DDR4,3200,CL22,32GB,32,115570,115570,0,0,0,0,0,0,0,0,0,0,0,0,0,0,136800,144870,144770,148700,158990,158990,0,0,0,0,0,0,0,0,0
65303726,비즈텍 TREAVE DDR4-3200 CL22,비즈텍 TREAVE,DDR4,3200,CL22,16GB,16,49557,49557,0,0,0,0,0,0,0,0,0,0,0,0,0,0,59420,59420,59420,59420,61890,74380,0,0,0,0,0,0,0,0,0
65303726,비즈텍 TREAVE DDR4-3200 CL22,비즈텍 TREAVE,DDR4,3200,CL22,8GB,8,25890,25890,0,0,0,0,0,0,0,0,0,0,0,0,0,0,25890,25890,25890,25890,36960,36850,0,0,0,0,0,0,0,0,0
65303720,비즈텍 TREAVE DDR4-3200 CL22,비즈텍 TREAVE,DDR4,3200,CL22,32GB,32,0,0,115570,115570,115570,115570,115570,115570,115570,115570,0,0,0,0,0,0,0,0,0,0,0,0,0,0,154230,154230,158990,158990,158990,158990,159000
65303720,비즈텍 TREAVE DDR4-3200 CL22,비즈텍 TREAVE,DDR4,3200,CL22,16GB,16,0,0,49550,49550,49550,49550,49920,49920,49920,49920,0,0,0,0,0,0,0,0,0,0,0,0,0,0,78200,80960,82670,82670,82670,82100,86290
65303720,비즈텍 TREAVE DDR4-3200 CL22,비즈텍 TREAVE,DDR4,3200,CL22,8GB,8,0,0,25890,25890,25890,25890,25890,25890,25890,25890,0,0,0,0,0,0,0,0,0,0,0,0,0,0,45000,49710,50880,50880,50880,50470,50350
64379600,비즈텍 TREAVE DDR4-3200 CL22,비즈텍 TREAVE,DDR4,3200,CL22,32GB,32,0,0,0,0,0,0,0,0,0,0,115570,115570,115570,115570,136800,136800,0,0,0,0,0,0,158990,154230,0,0,0,0,0,0,0
64379600,비즈텍 TREAVE DDR4-3200 CL22,비즈텍 TREAVE,DDR4,3200,CL22,16GB,16,0,0,0,0,0,0,0,0,0,0,51240,51240,51240,53060,59420,59420,0,0,0,0,0,0,74380,77840,0,0,0,0,0,0,0
64379600,비즈텍 TREAVE DDR4-3200 CL22,비즈텍 TREAVE,DDR4,3200,CL22,8GB,8,0,0,0,0,0,0,0,0,0,0,25890,25890,25890,25890,25890,25890,0,0,0,0,0,0,39600,45000,0,0,0,0,0,0,0
64379654,비즈텍 TREAVE DDR5-5600 CL46,비즈텍 TREAVE,DDR5,5600,CL46,32GB,32,118990,120520,120520,120520,120520,120520,129890,129890,129890,129890,129890,129890,124700,124700,148000,179990,179990,188020,187930,187860,187750,189960,220690,236690,259010,259010,259010,259010,259010,259010,259010
64379654,비즈텍 TREAVE DDR5-5600 CL46,비즈텍 TREAVE,DDR5,5600,CL46,16GB,16,59890,60220,60220,60220,60220,60220,60220,60220,60220,60220,60220,60220,60220,73720,78560,83770,87210,96980,96980,96980,100030,99930,103670,109790,132420,134010,133890,138990,132080,132090,132080
99128792,비즈텍 TREAVE DDR5-5600 CL46 ARGB 블랙,비즈텍 TREAVE ARGB 블랙,DDR5,5600,CL46,32GB,32,0,0,0,0,0,0,0,0,0,0,0,0,0,0,0,0,0,0,0,0,236600,230000,230000,230000,260000,260000,260000,276060,276060,276060,330000
99128792,비즈텍 TREAVE DDR5-5600 CL46 ARGB 블랙,비즈텍 TREAVE ARGB 블랙,DDR5,5600,CL46,16GB,16,0,0,0,0,0,0,0,0,0,0,0,0,0,0,0,0,0,0,0,0,120000,120000,120000,123400,150000,150000,150000,172000,172000,172000,172000
99128816,비즈텍 TREAVE DDR5-5600 CL46 ARGB 화이트,비즈텍 TREAVE ARGB 화이트,DDR5,5600,CL46,16GB,16,0,0,0,0,0,0,0,0,0,0,0,0,0,0,0,0,0,0,0,0,120000,120000,120000,120000,150000,150000,150000,172000,169020,172000,172000
65303753,비즈텍 TREAVE 노트북 DDR4-2666 CL19,비즈텍 TREAVE 노트북,DDR4,2666,CL19,16GB,16,50000,51000,51000,51000,51000,51000,51050,51050,51050,51050,52850,52850,52850,54280,67990,67990,67990,68260,68230,68100,71610,71520,71410,71350,76200,76200,76200,76200,76200,76200,76200
65303753,비즈텍 TREAVE 노트북 DDR4-2666 CL19,비즈텍 TREAVE 노트북,DDR4,2666,CL19,8GB,8,28270,28270,28270,28270,28270,28270,28270,28270,28270,28270,28270,28270,28270,29250,36960,36860,36750,36970,36970,36970,37000,37000,40430,39220,43040,43040,43040,43040,43040,43040,50480
65303753,비즈텍 TREAVE 노트북 DDR4-2666 CL19,비즈텍 TREAVE 노트북,DDR4,2666,CL19,4GB,4,15000,0,0,0,0,0,0,0,0,0,0,0,0,0,0,0,0,0,0,0,0,0,0,0,0,0,0,0,0,0,0
65303675,비즈텍 TREAVE 노트북 DDR4-3200 CL22,비즈텍 TREAVE 노트북,DDR4,3200,CL22,32GB,32,113690,113690,113690,113690,113690,113690,0,0,0,0,0,0,0,0,0,0,144990,0,0,0,0,0,0,0,0,0,0,0,0,0,0
65303675,비즈텍 TREAVE 노트북 DDR4-3200 CL22,비즈텍 TREAVE 노트북,DDR4,3200,CL22,16GB,16,53290,53290,53290,53290,53290,53290,0,0,0,0,0,0,0,0,0,0,68400,0,0,0,0,0,0,0,0,0,0,0,0,0,0
65303675,비즈텍 TREAVE 노트북 DDR4-3200 CL22,비즈텍 TREAVE 노트북,DDR4,3200,CL22,8GB,8,26520,26520,26520,26520,26520,26520,0,0,0,0,0,0,0,0,0,0,31000,0,0,0,0,0,0,0,0,0,0,0,0,0,0
64379612,비즈텍 TREAVE 노트북 DDR4-3200 CL22,비즈텍 TREAVE 노트북,DDR4,3200,CL22,32GB,32,0,0,0,0,0,0,113690,0,113690,0,0,0,0,0,0,0,0,0,145830,0,145620,145590,166910,163010,0,0,0,0,184990,179770,0
64379612,비즈텍 TREAVE 노트북 DDR4-3200 CL22,비즈텍 TREAVE 노트북,DDR4,3200,CL22,16GB,16,0,0,0,0,0,0,53290,0,53290,0,0,0,0,0,0,0,0,0,69230,0,73430,77920,78000,78380,0,0,0,0,81700,81700,0
64379612,비즈텍 TREAVE 노트북 DDR4-3200 CL22,비즈텍 TREAVE 노트북,DDR4,3200,CL22,8GB,8,0,0,0,0,0,0,26520,0,26520,0,0,0,0,0,0,0,0,0,31000,0,40040,42890,42970,42970,0,0,0,0,53780,52446,0
65303678,비즈텍 TREAVE 노트북 DDR4-3200 CL22,비즈텍 TREAVE 노트북,DDR4,3200,CL22,32GB,32,0,0,0,0,0,0,0,113690,0,113690,113690,113690,113690,113590,127160,127160,0,145860,0,145710,0,0,0,0,184990,184990,184990,184990,0,0,202040
65303678,비즈텍 TREAVE 노트북 DDR4-3200 CL22,비즈텍 TREAVE 노트북,DDR4,3200,CL22,16GB,16,0,0,0,0,0,0,0,53290,0,53290,53290,53290,53290,55520,68400,68400,0,69350,0,69110,0,0,0,0,81500,81500,81500,81500,0,0,90200
65303678,비즈텍 TREAVE 노트북 DDR4-3200 CL22,비즈텍 TREAVE 노트북,DDR4,3200,CL22,8GB,8,0,0,0,0,0,0,0,26520,0,26520,26520,26520,26520,27280,31000,31000,0,31000,0,31000,0,0,0,0,52030,53780,53780,53780,0,0,52446
64379729,비즈텍 TREAVE 노트북 DDR5-5600 CL46,비즈텍 TREAVE 노트북,DDR5,5600,CL46,32GB,32,123000,141470,142230,142230,142230,0,142230,142230,142230,142230,147960,147840,147720,147660,0,179990,179990,180070,179950,179860,179830,179710,186760,186760,0,0,0,0,0,0,0
64379729,비즈텍 TREAVE 노트북 DDR5-5600 CL46,비즈텍 TREAVE 노트북,DDR5,5600,CL46,16GB,16,68000,70610,70610,70610,70610,0,70610,70610,70610,70610,75530,76320,76320,76320,80080,80030,79920,98990,98990,98990,100020,100020,103900,103790,0,0,0,0,0,0,0
65303624,비즈텍 TREAVE 노트북 DDR5-5600 CL46,비즈텍 TREAVE 노트북,DDR5,5600,CL46,32GB,32,0,0,0,0,0,142230,0,0,0,0,0,0,0,0,0,0,0,0,0,0,0,0,0,0,254610,269860,269770,269680,269650,259610,259490
65303624,비즈텍 TREAVE 노트북 DDR5-5600 CL46,비즈텍 TREAVE 노트북,DDR5,5600,CL46,16GB,16,0,0,0,0,0,70610,0,0,0,0,0,0,0,0,0,0,0,0,0,0,0,0,0,0,116990,116990,116990,148230,154990,144740,144620
5580669,삼성전자 DDR2-667 중고,삼성전자 DDR2-667 중고,0,0,0,2GB,2,3290,3290,3290,3290,3290,3290,3290,3290,3290,3290,3260,3260,3260,3260,3260,0,0,0,0,0,0,0,3260,3260,3260,3260,3260,3260,3260,3260,0
5580669,삼성전자 DDR2-667 중고,삼성전자 DDR2-667 중고,0,0,0,1GB,1,1800,1800,1800,1800,1800,1800,1800,1800,1800,1800,1800,1800,1800,1800,1800,0,0,0,0,0,0,0,1800,1800,5500,5500,5500,5500,5500,5500,0
5580667,삼성전자 DDR2-667 중고,삼성전자 DDR2-667 중고,0,0,0,2GB,2,0,0,0,0,0,0,0,0,0,0,0,0,0,0,0,3260,3260,3260,3260,3260,3260,3260,0,0,0,0,0,0,0,0,3260
5580667,삼성전자 DDR2-667 중고,삼성전자 DDR2-667 중고,0,0,0,1GB,1,0,0,0,0,0,0,0,0,0,0,0,0,0,0,0,1800,1800,1800,1800,1800,1800,1800,0,0,0,0,0,0,0,0,5500
744616,삼성전자 DDR2-800 중고,삼성전자 DDR2-800 중고,0,0,0,2GB,2,2590,2590,2590,2590,3490,3490,3490,3490,0,3490,3490,0,3490,3490,3490,3490,3490,3490,3490,3490,3490,3490,3490,3490,3490,3490,3490,3490,3490,3490,3490
744616,삼성전자 DDR2-800 중고,삼성전자 DDR2-800 중고,0,0,0,1GB,1,1880,1880,1880,1880,1880,1880,1880,1880,0,1880,1860,0,1860,1860,1860,3720,3720,3720,3720,3720,3720,3720,3720,3720,3720,3720,3720,3720,3720,3720,3720
863373,삼성전자 DDR2-800 중고,삼성전자 DDR2-800 중고,0,0,0,2GB,2,0,0,0,0,0,0,0,0,3490,0,0,3490,0,0,0,0,0,0,0,0,0,0,0,0,0,0,0,0,0,0,0
863373,삼성전자 DDR2-800 중고,삼성전자 DDR2-800 중고,0,0,0,1GB,1,0,0,0,0,0,0,0,0,1880,0,0,1860,0,0,0,0,0,0,0,0,0,0,0,0,0,0,0,0,0,0,0
5579604,삼성전자 DDR3-1066 중고,삼성전자 중고,DDR3,1066,0,4GB,4,13399,13399,13399,13399,13399,14150,14150,14150,14150,14150,14150,14150,14150,14150,14150,14150,14150,14150,14150,14150,14150,16290,16290,16290,16290,16290,16290,0,0,0,0
5579604,삼성전자 DDR3-1066 중고,삼성전자 중고,DDR3,1066,0,2GB,2,3470,3470,3470,3470,3470,3470,3470,3470,3470,3470,3470,3470,3470,3460,3580,3460,3990,3990,3990,3990,3990,3990,3990,3990,3720,3720,3720,0,0,0,0
5579604,삼성전자 DDR3-1066 중고,삼성전자 중고,DDR3,1066,0,1GB,1,1500,1500,1500,1500,1500,1500,1500,1500,1500,1500,1500,1500,1500,1500,1500,1500,1500,1500,1500,1500,1500,1500,2810,2810,2810,2810,2810,0,0,0,0
5579844,삼성전자 DDR3-1066 중고,삼성전자 중고,DDR3,1066,0,4GB,4,0,0,0,0,0,0,0,0,0,0,0,0,0,0,0,0,0,0,0,0,0,0,0,0,0,0,0,16290,0,0,0
5579844,삼성전자 DDR3-1066 중고,삼성전자 중고,DDR3,1066,0,2GB,2,0,0,0,0,0,0,0,0,0,0,0,0,0,0,0,0,0,0,0,0,0,0,0,0,0,0,0,3720,0,0,0
5579844,삼성전자 DDR3-1066 중고,삼성전자 중고,DDR3,1066,0,1GB,1,0,0,0,0,0,0,0,0,0,0,0,0,0,0,0,0,0,0,0,0,0,0,0,0,0,0,0,3070,0,0,0
5580431,삼성전자 DDR3-1066 중고,삼성전자 중고,DDR3,1066,0,4GB,4,0,0,0,0,0,0,0,0,0,0,0,0,0,0,0,0,0,0,0,0,0,0,0,0,0,0,0,0,15520,15460,15450
5580431,삼성전자 DDR3-1066 중고,삼성전자 중고,DDR3,1066,0,2GB,2,0,0,0,0,0,0,0,0,0,0,0,0,0,0,0,0,0,0,0,0,0,0,0,0,0,0,0,0,3720,3720,3720
5580431,삼성전자 DDR3-1066 중고,삼성전자 중고,DDR3,1066,0,1GB,1,0,0,0,0,0,0,0,0,0,0,0,0,0,0,0,0,0,0,0,0,0,0,0,0,0,0,0,0,2800,3080,3080
12823511,삼성전자 DDR3-1333 ECC/REG 중고,삼성전자 ECC/REG 중고,DDR3,1333,0,8GB,8,8990,8990,8990,8990,8990,0,0,0,0,0,0,0,0,0,0,0,0,0,0,0,0,0,0,0,0,0,0,0,0,0,0
12823511,삼성전자 DDR3-1333 ECC/REG 중고,삼성전자 ECC/REG 중고,DDR3,1333,0,4GB,4,5490,5460,5770,5660,5570,0,0,0,0,0,0,0,0,0,0,0,0,0,0,0,0,0,0,0,0,0,0,0,0,0,0
17528609,삼성전자 DDR3-1333 ECC/REG 중고,삼성전자 ECC/REG 중고,DDR3,1333,0,8GB,8,0,0,0,0,0,8990,8990,8990,8990,8990,8990,8990,8990,8990,8990,8990,8990,8990,8990,8990,8990,8990,8990,8990,8990,8990,8990,8990,8990,8990,8990
17528609,삼성전자 DDR3-1333 ECC/REG 중고,삼성전자 ECC/REG 중고,DDR3,1333,0,4GB,4,0,0,0,0,0,5540,5420,5770,5660,5540,5420,5790,5760,5700,5620,5500,5400,5790,5760,5640,5540,5420,5780,5670,5790,5790,5790,5790,5790,5790,5790
1228209,삼성전자 DDR3-1333 방열판,삼성전자 방열판,DDR3,1333,0,4GB,4,35000,35000,35000,35000,35000,35000,35000,35000,35000,35000,35000,35000,35000,35000,35000,35000,35000,35000,35000,35000,35000,35000,35000,35000,35000,35000,35000,35000,35000,35000,35000
843710,삼성전자 DDR3-1333 병행수입,삼성전자 병행수입,DDR3,1333,0,2GB,2,11800,11800,11800,11800,11800,11800,11800,11800,11800,11800,11800,11800,11800,11800,11800,11800,11800,11800,11800,11800,11800,11800,11800,11800,11800,11800,11800,11800,11800,11800,11800
5441273,삼성전자 DDR3-1333 중고,삼성전자 중고,DDR3,1333,0,8GB,8,16730,16730,16730,16730,16730,16730,16730,16730,16730,16730,16730,16730,16730,16690,16610,16540,16540,16540,16540,16540,16540,16730,16730,16730,16730,16730,16730,16730,16730,16730,16730
5441273,삼성전자 DDR3-1333 중고,삼성전자 중고,DDR3,1333,0,4GB,4,2680,2680,2680,2670,2670,2670,2670,2670,2670,2670,2670,2670,2670,2670,2670,2670,2670,2670,2670,2670,2670,2670,2670,2670,2670,2670,2670,2670,2670,2670,2670
5441273,삼성전자 DDR3-1333 중고,삼성전자 중고,DDR3,1333,0,2GB,2,1900,1900,1900,1900,1900,1900,1900,1900,1900,1900,1900,1900,1900,1900,1900,1900,1900,1900,1900,1900,1900,1900,2000,2000,2000,2000,2000,2000,2000,2000,2000
5441273,삼성전자 DDR3-1333 중고,삼성전자 중고,DDR3,1333,0,1GB,1,1100,1100,1100,1100,1100,1100,1100,1100,1100,1100,1100,1100,1100,1100,1100,1100,1100,1100,1100,1100,1100,2900,2755,2755,2900,2900,2900,2900,2900,2900,2900
1144692,삼성전자 DDR3-1333U 중고,삼성전자 -1333U 중고,DDR3,0,0,4GB,4,2900,2900,2900,2900,2900,2900,2900,2900,2900,2900,2900,4490,4490,4490,4490,4490,4490,4490,4490,4490,4490,4490,4490,4490,4490,4490,2900,2900,2900,2900,2900
1304396,삼성전자 DDR3-1600,삼성전자,DDR3,1600,0,4GB,4,3300,3300,3300,3300,3300,3300,3300,3300,3300,3300,3300,3300,3300,3300,3820,3900,3900,3900,3900,3900,4190,4200,5140,5140,5140,5140,5140,5140,5140,5140,5140
15253352,삼성전자 DDR3-1600 ECC/REG 중고,삼성전자 ECC/REG 중고,DDR3,1600,0,16GB,16,13200,13200,13200,13200,13200,13200,13200,13200,13200,13200,13200,13200,13200,13200,13200,13200,13200,17800,17800,17800,17800,17800,17800,17800,17800,17800,17800,17800,17800,18800,18800
15253352,삼성전자 DDR3-1600 ECC/REG 중고,삼성전자 ECC/REG 중고,DDR3,1600,0,8GB,8,11000,11000,11000,11000,11000,11000,11000,11000,11000,11000,11000,11000,11000,11000,11000,11000,11000,11000,11000,11000,11000,11000,11000,11000,11000,11000,11000,11000,11000,11000,11000
12823325,삼성전자 DDR3-1600 ECC/Unbuffered 중고,삼성전자 ECC/Unbuffered 중고,DDR3,1600,0,8GB,8,31190,31190,31190,31190,31190,31190,31190,31190,31190,31190,31190,31190,31190,31190,31190,31190,31190,31190,31190,31190,31190,31190,31190,31190,31190,31190,31190,31190,31190,31190,31190
12823325,삼성전자 DDR3-1600 ECC/Unbuffered 중고,삼성전자 ECC/Unbuffered 중고,DDR3,1600,0,4GB,4,18500,18500,18500,18500,18500,18500,18500,18500,18500,18500,18500,18500,18500,18500,18500,18500,18500,18500,18500,18500,18500,18500,18500,18500,18500,18500,18500,18500,18500,18500,18500
1772613,삼성전자 DDR3-1600 방열판,삼성전자 방열판,DDR3,1600,0,8GB,8,80000,80000,80000,80000,80000,80000,80000,80000,80000,80000,80000,80000,80000,80000,80000,80000,80000,80000,80000,80000,80000,80000,80000,80000,80000,80000,80000,80000,80000,80000,80000
1772613,삼성전자 DDR3-1600 방열판,삼성전자 방열판,DDR3,1600,0,4GB,4,21000,21000,21000,21000,21000,21000,21000,21000,21000,21000,21000,21000,21000,21000,21000,21000,21000,21000,21000,21000,21000,21000,21000,21000,21000,21000,21000,21000,21000,21000,21000
1772613,삼성전자 DDR3-1600 방열판,삼성전자 방열판,DDR3,1600,0,2GB,2,24700,24700,24700,24700,24700,24700,24700,24700,24700,24700,24700,24700,24700,24700,24700,24700,24700,24700,24700,24700,24700,24700,24700,24700,24700,24700,24700,24700,24700,24700,24700
1792298,삼성전자 DDR3-1600 병행수입,삼성전자 병행수입,DDR3,1600,0,8GB,8,11350,11350,11350,11350,11350,11350,11350,11350,11350,11350,11350,11350,11350,11350,11350,11350,11350,11350,11350,11350,12100,12700,13200,13200,13200,13200,13200,13200,14280,14230,14230
1792298,삼성전자 DDR3-1600 병행수입,삼성전자 병행수입,DDR3,1600,0,4GB,4,30000,30000,30000,30000,30000,30000,30000,30000,30000,30000,30000,30000,30000,30000,30000,30000,30000,30000,30000,30000,30000,30000,30000,30000,30000,30000,30000,30000,30000,30000,30000
1792298,삼성전자 DDR3-1600 병행수입,삼성전자 병행수입,DDR3,1600,0,2GB,2,15000,15000,15000,15000,15000,15000,15000,15000,15000,15000,15000,15000,15000,15000,15000,15000,15000,15000,15000,15000,15000,15000,15000,15000,15000,15000,15000,15000,15000,15000,15000
5549101,삼성전자 DDR3-1600 중고,삼성전자 중고,DDR3,1600,0,8GB,8,9400,8800,9400,9400,9400,9400,9400,9400,9400,9400,9400,9400,9400,9400,9400,9400,9400,9400,10420,10300,10210,10390,10390,10920,10920,0,0,0,0,11990,11990
5549101,삼성전자 DDR3-1600 중고,삼성전자 중고,DDR3,1600,0,4GB,4,2720,2720,2720,2710,2710,2710,2710,2710,2710,2710,2710,2710,2710,2710,2710,2710,2710,2710,2710,2710,2710,2710,2710,2710,2710,0,0,0,0,2710,2710
5549101,삼성전자 DDR3-1600 중고,삼성전자 중고,DDR3,1600,0,2GB,2,1890,1890,1890,1890,1890,1890,1890,1890,1890,1890,1890,1890,1890,1890,1990,1990,1990,1990,1990,1990,1990,1990,1990,1990,1990,0,0,0,0,1990,2350
5545241,삼성전자 DDR3-1600 중고,삼성전자 중고,DDR3,1600,0,8GB,8,0,0,0,0,0,0,0,0,0,0,0,0,0,0,0,0,0,0,0,0,0,0,0,0,0,10930,10930,11990,11990,0,0
5545241,삼성전자 DDR3-1600 중고,삼성전자 중고,DDR3,1600,0,4GB,4,0,0,0,0,0,0,0,0,0,0,0,0,0,0,0,0,0,0,0,0,0,0,0,0,0,2710,2710,2710,2710,0,0
5545241,삼성전자 DDR3-1600 중고,삼성전자 중고,DDR3,1600,0,2GB,2,0,0,0,0,0,0,0,0,0,0,0,0,0,0,0,0,0,0,0,0,0,0,0,0,0,1990,1990,1990,1990,0,0
3201319,삼성전자 DDR4-2133 ECC/REG,삼성전자 ECC/REG,DDR4,2133,0,32GB,32,165000,165000,165000,165000,165000,165000,165000,165000,165000,165000,165000,165000,165000,165000,165000,165000,165000,165000,165000,165000,0,0,165000,165000,165000,165000,165000,165000,165000,165000,165000
3201319,삼성전자 DDR4-2133 ECC/REG,삼성전자 ECC/REG,DDR4,2133,0,16GB,16,145000,145000,145000,145000,145000,145000,145000,145000,145000,145000,145000,145000,145000,145000,145000,145000,145000,145000,145000,145000,0,0,145000,145000,145000,145000,145000,145000,145000,145000,145000
3201319,삼성전자 DDR4-2133 ECC/REG,삼성전자 ECC/REG,DDR4,2133,0,8GB,8,84720,84720,84720,84720,84720,84720,84720,84720,84720,84720,84720,84720,84720,84720,84720,84720,84720,84720,84720,84720,0,0,84720,84720,84720,84720,84720,84720,84720,84720,84720
5383117,삼성전자 DDR4-2133 ECC/REG,삼성전자 ECC/REG,DDR4,2133,0,32GB,32,0,0,0,0,0,0,0,0,0,0,0,0,0,0,0,0,0,0,0,0,165000,165000,0,0,0,0,0,0,0,0,0
5383117,삼성전자 DDR4-2133 ECC/REG,삼성전자 ECC/REG,DDR4,2133,0,16GB,16,0,0,0,0,0,0,0,0,0,0,0,0,0,0,0,0,0,0,0,0,145000,145000,0,0,0,0,0,0,0,0,0
5383117,삼성전자 DDR4-2133 ECC/REG,삼성전자 ECC/REG,DDR4,2133,0,8GB,8,0,0,0,0,0,0,0,0,0,0,0,0,0,0,0,0,0,0,0,0,84720,84720,0,0,0,0,0,0,0,0,0
17190479,삼성전자 DDR4-2133 ECC/REG 중고,삼성전자 ECC/REG 중고,DDR4,2133,0,16GB,16,83800,83800,83800,83800,83800,83800,83800,83800,83800,83800,83800,83800,83800,83800,83800,83800,83800,83800,83800,83800,44800,44800,44800,43460,43460,43460,44800,44800,44800,54800,54800
17288240,삼성전자 DDR4-2133 ECC/Unbuffered 중고,삼성전자 ECC/Unbuffered 중고,DDR4,2133,0,16GB,16,91740,91730,91700,91580,91490,91460,91340,91220,91100,90980,90860,90740,90620,90540,90470,90440,90340,90220,90100,89970,89860,89880,89880,93930,93930,93930,93930,93930,106020,106020,106020
5676841,삼성전자 DDR4-2133 중고,삼성전자 중고,DDR4,2133,0,16GB,16,49870,38900,38900,51720,51690,51610,51610,51610,51610,51610,51610,51610,51610,51550,51780,51670,51590,51790,51770,51650,51570,51790,51790,51800,51800,51800,51800,51800,71690,0,71690
5676841,삼성전자 DDR4-2133 중고,삼성전자 중고,DDR4,2133,0,8GB,8,15860,15890,15890,15890,15890,15890,15890,15890,15890,15890,15890,15890,15890,15890,17200,18300,18900,20390,20370,20260,20390,20390,24420,26310,26310,26310,26310,26310,26310,0,30040
5676841,삼성전자 DDR4-2133 중고,삼성전자 중고,DDR4,2133,0,4GB,4,5290,5290,5290,5290,5290,5290,5290,5290,5290,5290,5290,5290,5290,5290,5490,5490,5500,5500,5500,5500,5690,5690,5900,5900,7090,7090,7090,7097,7097,0,7097
12823709,삼성전자 DDR4-2133 중고,삼성전자 중고,DDR4,2133,0,16GB,16,0,0,0,0,0,0,0,0,0,0,0,0,0,0,0,0,0,0,0,0,0,0,0,0,0,0,0,0,0,71690,0
12823709,삼성전자 DDR4-2133 중고,삼성전자 중고,DDR4,2133,0,8GB,8,0,0,0,0,0,0,0,0,0,0,0,0,0,0,0,0,0,0,0,0,0,0,0,0,0,0,0,0,0,28480,0
12823709,삼성전자 DDR4-2133 중고,삼성전자 중고,DDR4,2133,0,4GB,4,0,0,0,0,0,0,0,0,0,0,0,0,0,0,0,0,0,0,0,0,0,0,0,0,0,0,0,0,0,7097,0
4343051,삼성전자 DDR4-2400,삼성전자,DDR4,2400,0,16GB,16,52610,0,0,53570,53570,0,0,53890,53890,53890,54120,54120,54120,0,55000,55000,0,0,0,0,0,0,0,0,66410,66410,66410,66410,66410,78000,78750
4343051,삼성전자 DDR4-2400,삼성전자,DDR4,2400,0,8GB,8,17940,0,0,18850,18760,0,0,18490,18370,18250,18890,18890,18890,0,18890,18890,0,0,0,0,0,0,0,0,28240,28240,28240,31520,33790,33790,33790
4343051,삼성전자 DDR4-2400,삼성전자,DDR4,2400,0,4GB,4,6800,0,0,6800,6800,0,0,6800,6800,6800,7000,7000,7000,0,7000,7000,0,0,0,0,0,0,0,0,9000,9000,10330,12700,12500,12500,12700
4519874,삼성전자 DDR4-2400,삼성전자,DDR4,2400,0,16GB,16,0,52610,53570,0,0,53570,53890,0,0,0,0,0,0,55000,0,0,57790,57790,57790,57790,57790,57790,57800,66410,0,0,0,0,0,0,0
4519874,삼성전자 DDR4-2400,삼성전자,DDR4,2400,0,8GB,8,0,17930,18880,0,0,18730,18610,0,0,0,0,0,0,18890,0,0,18890,18890,18890,23570,26770,26780,27990,28230,0,0,0,0,0,0,0
4519874,삼성전자 DDR4-2400,삼성전자,DDR4,2400,0,4GB,4,0,6800,6800,0,0,6800,6800,0,0,0,0,0,0,7000,0,0,8500,8500,8500,8500,8500,8500,9000,9000,0,0,0,0,0,0,0
5721713,삼성전자 DDR4-2400 ECC/REG,삼성전자 ECC/REG,DDR4,2400,0,32GB,32,135660,0,135570,0,0,0,0,135090,134970,134920,134890,134770,134650,134550,134470,180410,0,0,0,0,0,0,0,0,212270,212260,212260,212260,212260,212260,212260
5721713,삼성전자 DDR4-2400 ECC/REG,삼성전자 ECC/REG,DDR4,2400,0,16GB,16,66550,0,66440,0,0,0,0,66050,65930,65870,65870,65870,65870,65770,65700,84520,0,0,0,0,0,0,0,0,109580,104920,109340,109230,109110,108990,108870
5721713,삼성전자 DDR4-2400 ECC/REG,삼성전자 ECC/REG,DDR4,2400,0,8GB,8,85400,0,85400,0,0,0,0,85400,85400,85400,85400,85400,85400,85400,85400,85400,0,0,0,0,0,0,0,0,89000,89000,89000,89000,89000,89000,89000
5448638,삼성전자 DDR4-2400 ECC/REG,삼성전자 ECC/REG,DDR4,2400,0,32GB,32,0,135640,0,135450,135360,135330,135210,0,0,0,0,0,0,0,0,0,191290,191170,191050,190930,190850,191370,207160,218130,0,0,0,0,0,0,0
5448638,삼성전자 DDR4-2400 ECC/REG,삼성전자 ECC/REG,DDR4,2400,0,16GB,16,0,66460,0,66410,66320,66290,66170,0,0,0,0,0,0,0,0,0,84400,84280,84210,84210,84170,84560,109800,104910,0,0,0,0,0,0,0
5448638,삼성전자 DDR4-2400 ECC/REG,삼성전자 ECC/REG,DDR4,2400,0,8GB,8,0,85400,0,85400,85400,85400,85400,0,0,0,0,0,0,0,0,0,123400,123400,123400,123400,123400,123400,123400,123400,0,0,0,0,0,0,0
17899709,삼성전자 DDR4-2400 ECC/REG 중고,삼성전자 ECC/REG 중고,DDR4,2400,0,32GB,32,87000,87000,87000,87000,87000,87000,87000,87000,87000,87000,87000,87000,87000,87000,156900,156870,156770,156650,156530,156410,156310,156210,156120,156100,156000,155960,155840,155730,155610,155490,155370
17899709,삼성전자 DDR4-2400 ECC/REG 중고,삼성전자 ECC/REG 중고,DDR4,2400,0,16GB,16,35800,35800,35800,35800,35800,35800,35800,35800,35800,35800,35800,35800,35800,35800,35800,53800,53800,53800,53800,53800,54800,54800,54800,66740,66740,66740,68800,68800,68800,63800,63800
11298180,삼성전자 DDR4-2400 중고,삼성전자 중고,DDR4,2400,0,16GB,16,49890,51900,51890,51890,0,0,51890,51890,0,0,0,0,0,0,0,0,0,0,0,0,0,0,0,0,0,0,0,0,0,0,0
11298180,삼성전자 DDR4-2400 중고,삼성전자 중고,DDR4,2400,0,8GB,8,16790,16730,16730,16730,0,0,16730,16730,0,0,0,0,0,0,0,0,0,0,0,0,0,0,0,0,0,0,0,0,0,0,0
11298180,삼성전자 DDR4-2400 중고,삼성전자 중고,DDR4,2400,0,4GB,4,5900,5900,5900,5900,0,0,5900,5900,0,0,0,0,0,0,0,0,0,0,0,0,0,0,0,0,0,0,0,0,0,0,0
11236449,삼성전자 DDR4-2400 중고,삼성전자 중고,DDR4,2400,0,16GB,16,0,0,0,0,51890,51890,0,0,51890,51890,51890,51890,51890,51790,51740,51740,59920,59990,59990,59990,59990,59990,64770,63040,66400,71650,70300,72990,71770,77000,76990
11236449,삼성전자 DDR4-2400 중고,삼성전자 중고,DDR4,2400,0,8GB,8,0,0,0,0,16730,16730,0,0,16730,16730,16730,16730,16730,16690,18000,18000,20000,23410,23380,23260,23160,23990,24950,26180,26180,26180,26980,26980,29000,29000,29000
11236449,삼성전자 DDR4-2400 중고,삼성전자 중고,DDR4,2400,0,4GB,4,0,0,0,0,5900,5900,0,0,5900,5900,5900,5900,5900,5900,5900,5900,6000,6000,6000,6000,7490,7490,8400,5900,8400,8400,8400,9490,7780,7900,7900
5937666,삼성전자 DDR4-2666,삼성전자,DDR4,2666,0,16GB,16,57990,57990,57990,57990,57990,57990,57990,57990,57990,57990,57990,57990,57990,57990,0,60390,61290,61300,61300,61300,66400,66400,68990,69400,69400,69410,74180,74800,75560,78310,0
5937666,삼성전자 DDR4-2666,삼성전자,DDR4,2666,0,8GB,8,21650,21640,21640,21640,21640,21640,21640,21640,21640,21640,21640,21640,21640,21640,0,23640,27610,28000,28000,28140,28140,30200,31880,31880,31370,31370,31370,33660,33660,33660,0
5941995,삼성전자 DDR4-2666,삼성전자,DDR4,2666,0,16GB,16,0,0,0,0,0,0,0,0,0,0,0,0,0,0,60490,0,0,0,0,0,0,0,0,0,0,0,0,0,0,0,80090
5941995,삼성전자 DDR4-2666,삼성전자,DDR4,2666,0,8GB,8,0,0,0,0,0,0,0,0,0,0,0,0,0,0,23640,0,0,0,0,0,0,0,0,0,0,0,0,0,0,0,33660
6393108,삼성전자 DDR4-2666 ECC/REG,삼성전자 ECC/REG,DDR4,2666,0,32GB,32,131550,131550,0,0,0,131550,131550,131550,0,131550,131550,131550,131550,0,0,0,0,0,0,0,0,0,0,0,192840,192840,198800,198800,198800,198800,198800
6393108,삼성전자 DDR4-2666 ECC/REG,삼성전자 ECC/REG,DDR4,2666,0,16GB,16,58430,58430,0,0,0,58430,58430,58430,0,58430,58430,58430,58430,0,0,0,0,0,0,0,0,0,0,0,58430,58430,58430,58430,58430,92800,92800
6393108,삼성전자 DDR4-2666 ECC/REG,삼성전자 ECC/REG,DDR4,2666,0,8GB,8,45990,45990,0,0,0,45990,45990,45990,0,45990,45990,56910,56910,0,0,0,0,0,0,0,0,0,0,0,33000,33000,33000,33000,33000,33000,33000
10824564,삼성전자 DDR4-2666 ECC/REG,삼성전자 ECC/REG,DDR4,2666,0,32GB,32,0,0,131550,131550,131550,0,0,0,131550,0,0,0,0,131510,138810,197360,196890,196770,196650,196560,196530,198270,198800,192840,0,0,0,0,0,0,0
10824564,삼성전자 DDR4-2666 ECC/REG,삼성전자 ECC/REG,DDR4,2666,0,16GB,16,0,0,58430,58430,58430,0,0,0,58430,0,0,0,0,58430,58430,58430,58430,58430,58430,58430,58430,58430,58430,58430,0,0,0,0,0,0,0
10824564,삼성전자 DDR4-2666 ECC/REG,삼성전자 ECC/REG,DDR4,2666,0,8GB,8,0,0,45990,45990,45990,0,0,0,45990,0,0,0,0,56910,56910,56910,56910,56910,56910,56910,56910,33000,33000,33000,0,0,0,0,0,0,0
11633126,삼성전자 DDR4-2666 ECC/Unbuffered,삼성전자 ECC/Unbuffered,DDR4,2666,0,32GB,32,300000,300000,300000,300000,300000,300000,300000,300000,0,0,300000,300000,0,0,0,0,0,0,0,0,0,0,300000,300000,300000,300000,300000,300000,300000,0,0
11633126,삼성전자 DDR4-2666 ECC/Unbuffered,삼성전자 ECC/Unbuffered,DDR4,2666,0,16GB,16,190000,190000,190000,190000,190000,190000,190000,190000,0,0,190000,190000,0,0,0,0,0,0,0,0,0,0,190000,190000,190000,190000,190000,190000,190000,0,0
11633126,삼성전자 DDR4-2666 ECC/Unbuffered,삼성전자 ECC/Unbuffered,DDR4,2666,0,8GB,8,90000,90000,90000,90000,90000,90000,90000,90000,0,0,90000,90000,0,0,0,0,0,0,0,0,0,0,90000,90000,90000,90000,90000,90000,90000,0,0
11631995,삼성전자 DDR4-2666 ECC/Unbuffered,삼성전자 ECC/Unbuffered,DDR4,2666,0,32GB,32,0,0,0,0,0,0,0,0,300000,300000,0,0,300000,300000,300000,300000,300000,300000,300000,300000,300000,300000,0,0,0,0,0,0,0,300000,300000
11631995,삼성전자 DDR4-2666 ECC/Unbuffered,삼성전자 ECC/Unbuffered,DDR4,2666,0,16GB,16,0,0,0,0,0,0,0,0,190000,190000,0,0,190000,190000,190000,190000,190000,190000,190000,190000,190000,190000,0,0,0,0,0,0,0,190000,190000
11631995,삼성전자 DDR4-2666 ECC/Unbuffered,삼성전자 ECC/Unbuffered,DDR4,2666,0,8GB,8,0,0,0,0,0,0,0,0,90000,90000,0,0,90000,90000,90000,90000,90000,90000,90000,90000,90000,90000,0,0,0,0,0,0,0,90000,90000
8165329,삼성전자 DDR4-2666 중고,삼성전자 중고,DDR4,2666,0,32GB,32,100000,100000,0,0,0,100000,0,0,0,0,0,0,0,0,0,0,0,0,0,0,0,0,0,0,0,0,0,0,0,0,0
8165329,삼성전자 DDR4-2666 중고,삼성전자 중고,DDR4,2666,0,16GB,16,52990,39900,0,0,0,54790,0,0,0,0,0,0,0,0,0,0,0,0,0,0,0,0,0,0,0,0,0,0,0,0,0
8165329,삼성전자 DDR4-2666 중고,삼성전자 중고,DDR4,2666,0,8GB,8,16900,16900,0,0,0,16900,0,0,0,0,0,0,0,0,0,0,0,0,0,0,0,0,0,0,0,0,0,0,0,0,0
8165329,삼성전자 DDR4-2666 중고,삼성전자 중고,DDR4,2666,0,4GB,4,5900,5900,0,0,0,5900,0,0,0,0,0,0,0,0,0,0,0,0,0,0,0,0,0,0,0,0,0,0,0,0,0
8158972,삼성전자 DDR4-2666 중고,삼성전자 중고,DDR4,2666,0,32GB,32,0,0,100000,100000,100000,0,100000,100000,100000,100000,100000,100000,100000,100000,100000,100000,100000,100000,100000,100000,100000,100000,100000,100000,100000,100000,100000,166980,166860,166740,166620
8158972,삼성전자 DDR4-2666 중고,삼성전자 중고,DDR4,2666,0,16GB,16,0,0,39900,54790,54790,0,54790,54790,54790,54790,54790,54790,54790,54790,57980,57980,57980,57980,57980,57980,57980,57980,57990,64990,69550,69550,74650,73200,76900,75000,76900
8158972,삼성전자 DDR4-2666 중고,삼성전자 중고,DDR4,2666,0,8GB,8,0,0,16900,16900,16900,0,16900,16900,16900,16900,16900,16900,16900,16900,16900,16900,16900,16900,16900,16900,16900,16900,16900,16900,16900,16900,16900,16900,16900,16900,16900
8158972,삼성전자 DDR4-2666 중고,삼성전자 중고,DDR4,2666,0,4GB,4,0,0,5900,5900,5900,0,5900,5900,5900,5900,5900,5900,5900,5900,6330,6300,7290,7290,7290,7300,7290,8490,9390,9590,9790,9790,9790,9790,9790,9900,11490
11541992,삼성전자 DDR4-2933,삼성전자,DDR4,2933,0,32GB,32,139550,139550,139550,0,0,0,0,0,0,0,0,0,0,0,0,0,139550,139550,139550,175120,177550,177550,177550,177550,177550,177550,177550,177550,177550,177550,177560
11541992,삼성전자 DDR4-2933,삼성전자,DDR4,2933,0,16GB,16,94910,94910,94910,0,0,0,0,0,0,0,0,0,0,0,0,0,94910,94910,94910,113910,113910,113910,113910,113910,113910,113910,113910,113910,113910,113910,113910
11541992,삼성전자 DDR4-2933,삼성전자,DDR4,2933,0,8GB,8,39000,39000,39000,0,0,0,0,0,0,0,0,0,0,0,0,0,39000,39000,39000,39000,39000,39000,39000,39000,39000,39000,39000,39000,39000,42000,42000
12513242,삼성전자 DDR4-2933,삼성전자,DDR4,2933,0,32GB,32,0,0,0,139550,139550,139550,139550,139550,139550,139550,139550,139550,139550,139550,139550,139550,0,0,0,0,0,0,0,0,0,0,0,0,0,0,0
12513242,삼성전자 DDR4-2933,삼성전자,DDR4,2933,0,16GB,16,0,0,0,94910,94910,94910,94910,94910,94910,94910,94910,94910,94910,94910,94910,94910,0,0,0,0,0,0,0,0,0,0,0,0,0,0,0
12513242,삼성전자 DDR4-2933,삼성전자,DDR4,2933,0,8GB,8,0,0,0,39000,39000,39000,39000,39000,39000,39000,39000,39000,39000,39000,39000,39000,0,0,0,0,0,0,0,0,0,0,0,0,0,0,0
11541968,삼성전자 DDR4-2933 ECC/REG,삼성전자 ECC/REG,DDR4,2933,0,128GB,128,1054490,1054490,1054490,1054490,1054490,1054490,1054490,1054490,1054490,1054490,1054490,1054490,0,0,0,0,0,0,0,0,0,0,0,0,0,0,0,0,0,0,0
11541968,삼성전자 DDR4-2933 ECC/REG,삼성전자 ECC/REG,DDR4,2933,0,64GB,64,321560,324470,309470,324470,324470,324470,324470,324470,324470,324470,324470,324470,0,0,0,0,0,0,0,0,0,0,0,0,0,0,0,0,0,0,0
11541968,삼성전자 DDR4-2933 ECC/REG,삼성전자 ECC/REG,DDR4,2933,0,32GB,32,128790,128790,128790,128790,128790,128790,128790,128790,128790,128790,128790,128790,0,0,0,0,0,0,0,0,0,0,0,0,0,0,0,0,0,0,0
11541968,삼성전자 DDR4-2933 ECC/REG,삼성전자 ECC/REG,DDR4,2933,0,16GB,16,76550,76520,76470,76440,76320,76200,76080,76480,76480,76480,76480,76480,0,0,0,0,0,0,0,0,0,0,0,0,0,0,0,0,0,0,0
15125060,삼성전자 DDR4-2933 ECC/REG,삼성전자 ECC/REG,DDR4,2933,0,128GB,128,0,0,0,0,0,0,0,0,0,0,0,0,1054490,1054490,1054490,0,0,0,0,0,0,0,1221000,1221000,1221000,1221000,1221000,1221000,1221000,1221000,1221000
15125060,삼성전자 DDR4-2933 ECC/REG,삼성전자 ECC/REG,DDR4,2933,0,64GB,64,0,0,0,0,0,0,0,0,0,0,0,0,311490,428500,492570,0,0,0,0,0,0,0,589500,590560,590560,590560,590560,590560,590560,727570,727450
15125060,삼성전자 DDR4-2933 ECC/REG,삼성전자 ECC/REG,DDR4,2933,0,32GB,32,0,0,0,0,0,0,0,0,0,0,0,0,128790,128790,128790,0,0,0,0,0,0,0,128800,128800,128800,128800,128800,128800,128800,128800,128800
15125060,삼성전자 DDR4-2933 ECC/REG,삼성전자 ECC/REG,DDR4,2933,0,16GB,16,0,0,0,0,0,0,0,0,0,0,0,0,76480,76480,76480,0,0,0,0,0,0,0,94980,94980,94980,94980,94980,94980,118650,118650,118650
12509051,삼성전자 DDR4-2933 ECC/REG,삼성전자 ECC/REG,DDR4,2933,0,128GB,128,0,0,0,0,0,0,0,0,0,0,0,0,0,0,0,1054490,1054490,1054490,1054490,1054490,1054490,1054490,0,0,0,0,0,0,0,0,0
12509051,삼성전자 DDR4-2933 ECC/REG,삼성전자 ECC/REG,DDR4,2933,0,64GB,64,0,0,0,0,0,0,0,0,0,0,0,0,0,0,0,534040,533800,566330,566300,566180,566090,589620,0,0,0,0,0,0,0,0,0
12509051,삼성전자 DDR4-2933 ECC/REG,삼성전자 ECC/REG,DDR4,2933,0,32GB,32,0,0,0,0,0,0,0,0,0,0,0,0,0,0,0,128790,128790,128790,128790,128790,128790,128800,0,0,0,0,0,0,0,0,0
12509051,삼성전자 DDR4-2933 ECC/REG,삼성전자 ECC/REG,DDR4,2933,0,16GB,16,0,0,0,0,0,0,0,0,0,0,0,0,0,0,0,93460,93340,93220,93100,92970,92940,93490,0,0,0,0,0,0,0,0,0
19282769,삼성전자 DDR4-2933 ECC/REG 중고,삼성전자 ECC/REG 중고,DDR4,2933,0,32GB,32,128800,128800,128800,128800,128800,128800,128800,128800,128800,128800,128800,128800,128800,128800,128800,128800,128800,128800,128800,128800,125050,125050,125050,124940,124940,124940,125050,125050,125050,125050,125050
13826867,삼성전자 DDR4-2933 ECC/Unbuffered,삼성전자 ECC/Unbuffered,DDR4,2933,0,32GB,32,291400,291400,291400,291400,291400,291400,291400,291400,291400,291400,288300,288300,288300,387480,387480,387480,387480,387480,387480,387480,387480,400000,400000,455700,455700,455700,455700,455700,455700,455700,455700
13826867,삼성전자 DDR4-2933 ECC/Unbuffered,삼성전자 ECC/Unbuffered,DDR4,2933,0,16GB,16,165000,165000,165000,165000,165000,165000,165000,165000,165000,165000,165000,165000,165000,165000,165000,165000,165000,165000,165000,165000,165000,165000,165000,165000,165000,165000,165000,165000,165000,165000,165000
13826867,삼성전자 DDR4-2933 ECC/Unbuffered,삼성전자 ECC/Unbuffered,DDR4,2933,0,8GB,8,49310,49280,49160,49040,48940,48940,48940,48940,48940,48940,48940,48940,48940,48890,48780,48670,49850,49850,49850,49850,49850,49850,49850,49850,49850,49850,49850,49850,49850,49850,49850
17844794,삼성전자 DDR4-2933 중고,삼성전자 중고,DDR4,2933,0,8GB,8,25000,25000,25000,25000,25000,25000,25000,25000,25000,25000,25000,25000,25000,25000,27000,27000,31000,31000,31000,31000,31000,31000,31000,36610,36610,36610,36560,36560,36560,36560,36560
11790199,삼성전자 DDR4-3200,삼성전자,DDR4,3200,0,32GB,32,123290,126990,127000,127000,127000,127000,0,0,0,0,0,0,0,0,0,0,0,0,0,0,0,0,0,0,0,0,0,0,0,0,238870
11790199,삼성전자 DDR4-3200,삼성전자,DDR4,3200,0,16GB,16,87000,87000,87000,87000,90000,90200,0,0,0,0,0,0,0,0,0,0,0,0,0,0,0,0,0,0,0,0,0,0,0,0,130960
11790199,삼성전자 DDR4-3200,삼성전자,DDR4,3200,0,8GB,8,28290,28400,28400,28400,28400,28400,0,0,0,0,0,0,0,0,0,0,0,0,0,0,0,0,0,0,0,0,0,0,0,0,53920
11790199,삼성전자 DDR4-3200,삼성전자,DDR4,3200,0,4GB,4,12000,12000,13900,13830,13830,13830,0,0,0,0,0,0,0,0,0,0,0,0,0,0,0,0,0,0,0,0,0,0,0,0,14920
11541857,삼성전자 DDR4-3200,삼성전자,DDR4,3200,0,32GB,32,0,0,0,0,0,0,127000,127000,127000,0,134920,134800,134690,135000,148260,148990,148990,148960,151170,151170,158390,160190,162000,190000,199990,199990,199990,200000,229810,238960,0
11541857,삼성전자 DDR4-3200,삼성전자,DDR4,3200,0,16GB,16,0,0,0,0,0,0,91970,91860,91740,0,91600,91980,91980,79900,79900,93000,93000,93010,93010,96850,85410,106970,109500,113020,116640,116640,116640,118000,127990,126720,0
11541857,삼성전자 DDR4-3200,삼성전자,DDR4,3200,0,8GB,8,0,0,0,0,0,0,28400,28400,28400,0,32200,34100,34100,34100,38740,39460,39460,39460,39460,37900,37900,45000,46500,49000,51000,51000,51000,49000,52000,53000,0
11541857,삼성전자 DDR4-3200,삼성전자,DDR4,3200,0,4GB,4,0,0,0,0,0,0,13830,13830,13830,0,13830,13830,13830,13730,13670,13670,14070,14070,14070,14070,14070,15100,15990,15520,15520,15520,15310,15280,15160,15040,0
11028636,삼성전자 DDR4-3200,삼성전자,DDR4,3200,0,32GB,32,0,0,0,0,0,0,0,0,0,127000,0,0,0,0,0,0,0,0,0,0,0,0,0,0,0,0,0,0,0,0,0
11028636,삼성전자 DDR4-3200,삼성전자,DDR4,3200,0,16GB,16,0,0,0,0,0,0,0,0,0,91630,0,0,0,0,0,0,0,0,0,0,0,0,0,0,0,0,0,0,0,0,0
11028636,삼성전자 DDR4-3200,삼성전자,DDR4,3200,0,8GB,8,0,0,0,0,0,0,0,0,0,28400,0,0,0,0,0,0,0,0,0,0,0,0,0,0,0,0,0,0,0,0,0
11028636,삼성전자 DDR4-3200,삼성전자,DDR4,3200,0,4GB,4,0,0,0,0,0,0,0,0,0,13830,0,0,0,0,0,0,0,0,0,0,0,0,0,0,0,0,0,0,0,0,0
13433147,삼성전자 DDR4-3200 ECC/REG,삼성전자 ECC/REG,DDR4,3200,0,128GB,128,1139990,1139990,1139990,1139990,1139990,1139970,1139990,0,0,0,0,0,0,0,0,1139990,1139990,1139990,1139990,1139950,1974970,1974860,1974740,1974630,1974530,1974490,1974370,1974260,1974140,1974020,1973900
13433147,삼성전자 DDR4-3200 ECC/REG,삼성전자 ECC/REG,DDR4,3200,0,64GB,64,346090,346090,346090,349590,349590,349590,349590,0,0,0,0,0,0,0,0,604660,604570,604790,604790,604790,604790,697960,697950,678980,678870,678780,678740,678630,678510,699990,699990
13433147,삼성전자 DDR4-3200 ECC/REG,삼성전자 ECC/REG,DDR4,3200,0,32GB,32,154310,154310,154310,154310,154310,154310,154310,0,0,0,0,0,0,0,0,154310,154310,154310,154310,154310,154310,154310,154310,154310,154310,154310,154310,154310,154310,154310,154310
13433147,삼성전자 DDR4-3200 ECC/REG,삼성전자 ECC/REG,DDR4,3200,0,16GB,16,83740,83740,83740,83740,83740,83740,83740,0,0,0,0,0,0,0,0,123200,123200,123200,123200,123200,123200,123200,133900,139300,135650,135650,135650,135650,135650,135650,136660
13433147,삼성전자 DDR4-3200 ECC/REG,삼성전자 ECC/REG,DDR4,3200,0,8GB,8,94910,94910,94910,94910,94910,94910,94910,0,0,0,0,0,0,0,0,94910,94910,94910,94910,94910,94910,94910,94910,94910,94910,94000,94000,94000,94000,94000,94000
15753674,삼성전자 DDR4-3200 ECC/REG,삼성전자 ECC/REG,DDR4,3200,0,128GB,128,0,0,0,0,0,0,0,1139990,1139990,1139990,0,0,0,0,0,0,0,0,0,0,0,0,0,0,0,0,0,0,0,0,0
15753674,삼성전자 DDR4-3200 ECC/REG,삼성전자 ECC/REG,DDR4,3200,0,64GB,64,0,0,0,0,0,0,0,349590,349590,349590,0,0,0,0,0,0,0,0,0,0,0,0,0,0,0,0,0,0,0,0,0
15753674,삼성전자 DDR4-3200 ECC/REG,삼성전자 ECC/REG,DDR4,3200,0,32GB,32,0,0,0,0,0,0,0,154310,154310,154310,0,0,0,0,0,0,0,0,0,0,0,0,0,0,0,0,0,0,0,0,0
15753674,삼성전자 DDR4-3200 ECC/REG,삼성전자 ECC/REG,DDR4,3200,0,16GB,16,0,0,0,0,0,0,0,83740,83740,83740,0,0,0,0,0,0,0,0,0,0,0,0,0,0,0,0,0,0,0,0,0
15753674,삼성전자 DDR4-3200 ECC/REG,삼성전자 ECC/REG,DDR4,3200,0,8GB,8,0,0,0,0,0,0,0,94910,94910,94910,0,0,0,0,0,0,0,0,0,0,0,0,0,0,0,0,0,0,0,0,0
13432766,삼성전자 DDR4-3200 ECC/REG,삼성전자 ECC/REG,DDR4,3200,0,128GB,128,0,0,0,0,0,0,0,0,0,0,1139990,1139990,1139950,1139990,1139990,0,0,0,0,0,0,0,0,0,0,0,0,0,0,0,0
13432766,삼성전자 DDR4-3200 ECC/REG,삼성전자 ECC/REG,DDR4,3200,0,64GB,64,0,0,0,0,0,0,0,0,0,0,346090,346090,346090,349990,604780,0,0,0,0,0,0,0,0,0,0,0,0,0,0,0,0
13432766,삼성전자 DDR4-3200 ECC/REG,삼성전자 ECC/REG,DDR4,3200,0,32GB,32,0,0,0,0,0,0,0,0,0,0,154310,154310,246900,154310,154310,0,0,0,0,0,0,0,0,0,0,0,0,0,0,0,0
13432766,삼성전자 DDR4-3200 ECC/REG,삼성전자 ECC/REG,DDR4,3200,0,16GB,16,0,0,0,0,0,0,0,0,0,0,83740,83740,83750,83660,92350,0,0,0,0,0,0,0,0,0,0,0,0,0,0,0,0
13432766,삼성전자 DDR4-3200 ECC/REG,삼성전자 ECC/REG,DDR4,3200,0,8GB,8,0,0,0,0,0,0,0,0,0,0,94910,94910,94910,94910,94910,0,0,0,0,0,0,0,0,0,0,0,0,0,0,0,0
37693463,삼성전자 DDR4-3200 ECC/Unbuffered,삼성전자 ECC/Unbuffered,DDR4,3200,0,32GB,32,300000,300000,300000,300000,300000,300000,300000,300000,300000,300000,300000,300000,300000,300000,420000,420000,420000,420000,420000,420000,420000,490000,490000,490000,490000,490000,490000,490000,490000,490000,490000
15578048,삼성전자 DDR4-3200 중고,삼성전자 중고,DDR4,3200,0,32GB,32,109890,115000,114990,114990,114990,114990,114990,114990,114990,114990,114990,114990,114990,114990,107970,115000,115000,115000,115000,115000,115000,115000,145830,145830,0,0,158590,158590,158590,158590,158590
15578048,삼성전자 DDR4-3200 중고,삼성전자 중고,DDR4,3200,0,16GB,16,66170,39900,66310,66190,64480,64450,64330,64210,64090,63970,64070,64070,64500,64500,66700,67990,67960,67840,68630,72090,71970,74990,75000,87300,0,0,87400,72500,79000,82900,88990
15578048,삼성전자 DDR4-3200 중고,삼성전자 중고,DDR4,3200,0,8GB,8,21000,16900,21000,21000,21000,21000,21000,21000,21000,21000,21000,21000,21000,22500,23000,23000,25890,27990,27990,29890,29890,29900,34990,35500,0,0,35500,35500,35500,36760,39160
15578048,삼성전자 DDR4-3200 중고,삼성전자 중고,DDR4,3200,0,4GB,4,12260,12260,12260,12260,12260,12260,12260,12260,12260,12260,12260,12260,12260,5650,12260,12260,17620,17620,17620,17620,17620,17620,17620,17620,0,0,17620,17620,17340,21500,25080
16126766,삼성전자 DDR4-3200 중고,삼성전자 중고,DDR4,3200,0,32GB,32,0,0,0,0,0,0,0,0,0,0,0,0,0,0,0,0,0,0,0,0,0,0,0,0,158590,158590,0,0,0,0,0
16126766,삼성전자 DDR4-3200 중고,삼성전자 중고,DDR4,3200,0,16GB,16,0,0,0,0,0,0,0,0,0,0,0,0,0,0,0,0,0,0,0,0,0,0,0,0,87400,87400,0,0,0,0,0
16126766,삼성전자 DDR4-3200 중고,삼성전자 중고,DDR4,3200,0,8GB,8,0,0,0,0,0,0,0,0,0,0,0,0,0,0,0,0,0,0,0,0,0,0,0,0,35500,35500,0,0,0,0,0
16126766,삼성전자 DDR4-3200 중고,삼성전자 중고,DDR4,3200,0,4GB,4,0,0,0,0,0,0,0,0,0,0,0,0,0,0,0,0,0,0,0,0,0,0,0,0,17620,17620,0,0,0,0,0
15764342,삼성전자 DDR5-4800,삼성전자,DDR5,4800,0,32GB,32,173630,176500,0,0,0,0,176500,0,176500,176500,176500,176500,171840,171810,171730,171830,171710,171830,171830,171830,181800,181800,181800,223000,223000,223000,223000,243000,243000,277990,277990
15764342,삼성전자 DDR5-4800,삼성전자,DDR5,4800,0,16GB,16,108990,108990,0,0,0,0,108990,0,108990,108990,108990,108990,104640,104640,104640,104640,104640,104640,104640,104640,108990,180400,180400,180400,180400,180400,180400,180400,180400,180400,180400
15764342,삼성전자 DDR5-4800,삼성전자,DDR5,4800,0,8GB,8,64500,64500,0,0,0,0,64500,0,64500,64500,64500,64500,64500,64500,67890,71700,71700,71700,71700,71700,71700,71700,75910,71700,71700,71700,71700,71700,71700,71700,71700
16388927,삼성전자 DDR5-4800,삼성전자,DDR5,4800,0,32GB,32,0,0,176500,176500,176500,176500,0,176500,0,0,0,0,0,0,0,0,0,0,0,0,0,0,0,0,0,0,0,0,0,0,0
16388927,삼성전자 DDR5-4800,삼성전자,DDR5,4800,0,16GB,16,0,0,108990,108990,108990,108990,0,108990,0,0,0,0,0,0,0,0,0,0,0,0,0,0,0,0,0,0,0,0,0,0,0
16388927,삼성전자 DDR5-4800,삼성전자,DDR5,4800,0,8GB,8,0,0,64500,64500,64500,64500,0,64500,0,0,0,0,0,0,0,0,0,0,0,0,0,0,0,0,0,0,0,0,0,0,0
21678716,삼성전자 DDR5-4800 ECC/REG,삼성전자 ECC/REG,DDR5,4800,0,64GB,64,599980,599950,599840,599720,599610,599500,0,599260,0,0,0,598780,598670,600000,664480,664450,686790,686790,686790,686790,789200,783610,783490,814510,826020,826020,826020,0,0,0,0
21678716,삼성전자 DDR5-4800 ECC/REG,삼성전자 ECC/REG,DDR5,4800,0,32GB,32,235000,235000,235000,235000,235000,235000,0,235000,0,0,0,235000,235000,235000,235000,235000,235000,235000,235000,235000,235000,299000,299000,299000,299000,299000,299000,0,0,0,0
21678716,삼성전자 DDR5-4800 ECC/REG,삼성전자 ECC/REG,DDR5,4800,0,16GB,16,159040,159040,159040,159040,159040,159040,0,159040,0,0,0,159040,159030,159000,158920,165800,165800,171220,171220,171220,176090,176750,183980,186790,194100,194100,197170,0,0,0,0
21678695,삼성전자 DDR5-4800 ECC/REG,삼성전자 ECC/REG,DDR5,4800,0,64GB,64,0,0,0,0,0,0,599380,0,599140,599020,598900,0,0,0,0,0,0,0,0,0,0,0,0,0,0,0,0,0,0,0,0
21678695,삼성전자 DDR5-4800 ECC/REG,삼성전자 ECC/REG,DDR5,4800,0,32GB,32,0,0,0,0,0,0,235000,0,235000,235000,235000,0,0,0,0,0,0,0,0,0,0,0,0,0,0,0,0,0,0,0,0
21678695,삼성전자 DDR5-4800 ECC/REG,삼성전자 ECC/REG,DDR5,4800,0,16GB,16,0,0,0,0,0,0,159040,0,159040,159040,159040,0,0,0,0,0,0,0,0,0,0,0,0,0,0,0,0,0,0,0,0
21678638,삼성전자 DDR5-4800 ECC/REG,삼성전자 ECC/REG,DDR5,4800,0,64GB,64,0,0,0,0,0,0,0,0,0,0,0,0,0,0,0,0,0,0,0,0,0,0,0,0,0,0,0,826020,815430,815430,815430
21678638,삼성전자 DDR5-4800 ECC/REG,삼성전자 ECC/REG,DDR5,4800,0,32GB,32,0,0,0,0,0,0,0,0,0,0,0,0,0,0,0,0,0,0,0,0,0,0,0,0,0,0,0,299000,299000,416580,416580
21678638,삼성전자 DDR5-4800 ECC/REG,삼성전자 ECC/REG,DDR5,4800,0,16GB,16,0,0,0,0,0,0,0,0,0,0,0,0,0,0,0,0,0,0,0,0,0,0,0,0,0,0,0,199680,199680,202370,204270
16390268,삼성전자 DDR5-4800 병행수입,삼성전자 병행수입,DDR5,4800,0,32GB,32,189900,199900,199900,199900,199900,199900,199900,199900,199900,199900,199900,199900,199900,199900,239900,239900,239900,239900,239900,239900,239900,279900,279900,279900,279900,279900,279900,359900,359900,359900,359900
18911780,삼성전자 DDR5-5600,삼성전자,DDR5,5600,0,32GB,32,199000,199000,199000,199000,199000,199000,199000,199000,199000,199000,213440,213420,213420,213830,214000,231330,243020,250330,250220,250100,263660,266990,298000,300000,341900,341900,341900,353990,353990,384990,384990
18911780,삼성전자 DDR5-5600,삼성전자,DDR5,5600,0,16GB,16,85430,87210,91400,91280,91190,91160,91040,90920,90800,90680,90560,90440,90420,92950,99850,99740,106850,107250,107250,107250,116150,126370,136860,137000,159920,159830,159790,159680,159560,159440,159320
18911780,삼성전자 DDR5-5600,삼성전자,DDR5,5600,0,8GB,8,40102,42800,42800,42800,42800,42770,42760,42760,42760,42760,44340,44340,44340,45640,47830,47840,46800,50000,51460,51490,55270,58000,59000,59000,59000,59000,59000,70000,77120,77920,77310
79408823,삼성전자 DDR5-5600 ECC/REG,삼성전자 ECC/REG,DDR5,5600,0,128GB,128,1899900,1899900,1899900,0,0,0,1899900,0,1899900,1899900,1899900,1899900,1899900,0,0,0,0,0,0,0,0,0,0,0,2145180,2145180,2145180,2132310,3641490,3641480,3641470
79408823,삼성전자 DDR5-5600 ECC/REG,삼성전자 ECC/REG,DDR5,5600,0,64GB,64,593540,593540,593540,0,0,0,593540,0,593540,593540,600750,620500,620500,0,0,0,0,0,0,0,0,0,0,0,845000,845000,845000,850770,850740,850620,850500
79408823,삼성전자 DDR5-5600 ECC/REG,삼성전자 ECC/REG,DDR5,5600,0,32GB,32,296480,296480,296480,0,0,0,296480,0,296480,296480,296480,296480,296490,0,0,0,0,0,0,0,0,0,0,0,425490,425490,425490,425490,425490,425490,425490
79408823,삼성전자 DDR5-5600 ECC/REG,삼성전자 ECC/REG,DDR5,5600,0,16GB,16,140500,140500,140500,0,0,0,140500,0,140500,140500,140500,140500,140500,0,0,0,0,0,0,0,0,0,0,0,204600,204600,204600,204600,204600,204600,204600
79408826,삼성전자 DDR5-5600 ECC/REG,삼성전자 ECC/REG,DDR5,5600,0,128GB,128,0,0,0,1899900,1899900,1899900,0,1899900,0,0,0,0,0,1899900,1992180,2028500,2028390,0,0,0,0,0,2036420,2036420,0,0,0,0,0,0,0
79408826,삼성전자 DDR5-5600 ECC/REG,삼성전자 ECC/REG,DDR5,5600,0,64GB,64,0,0,0,593540,593540,593540,0,593540,0,0,0,0,0,626600,668840,668810,727500,0,0,0,0,0,797350,797260,0,0,0,0,0,0,0
79408826,삼성전자 DDR5-5600 ECC/REG,삼성전자 ECC/REG,DDR5,5600,0,32GB,32,0,0,0,296480,296480,296480,0,296480,0,0,0,0,0,313230,335350,339870,352640,0,0,0,0,0,389770,391680,0,0,0,0,0,0,0
79408826,삼성전자 DDR5-5600 ECC/REG,삼성전자 ECC/REG,DDR5,5600,0,16GB,16,0,0,0,140500,140500,140500,0,140500,0,0,0,0,0,140500,140500,140500,140500,0,0,0,0,0,186930,186930,0,0,0,0,0,0,0
76509239,삼성전자 DDR5-5600 ECC/REG,삼성전자 ECC/REG,DDR5,5600,0,128GB,128,0,0,0,0,0,0,0,0,0,0,0,0,0,0,0,0,0,2028270,2028150,2028030,2027940,2036420,0,0,0,0,0,0,0,0,0
76509239,삼성전자 DDR5-5600 ECC/REG,삼성전자 ECC/REG,DDR5,5600,0,64GB,64,0,0,0,0,0,0,0,0,0,0,0,0,0,0,0,0,0,749290,749170,749050,791790,791790,0,0,0,0,0,0,0,0,0
76509239,삼성전자 DDR5-5600 ECC/REG,삼성전자 ECC/REG,DDR5,5600,0,32GB,32,0,0,0,0,0,0,0,0,0,0,0,0,0,0,0,0,0,363210,363210,363210,394340,389760,0,0,0,0,0,0,0,0,0
76509239,삼성전자 DDR5-5600 ECC/REG,삼성전자 ECC/REG,DDR5,5600,0,16GB,16,0,0,0,0,0,0,0,0,0,0,0,0,0,0,0,0,0,140500,140500,140500,140500,186930,0,0,0,0,0,0,0,0,0
5580681,삼성전자 노트북 DDR2-533 중고,삼성전자 노트북 DDR2-533 중고,0,0,0,1GB,1,6440,6440,6440,6440,6440,6440,6440,6440,6440,6440,6440,6440,6440,6440,6440,6440,6440,6440,6440,6440,6440,6440,6440,6440,6440,6440,6440,6440,6440,6440,6440
5580847,삼성전자 노트북 DDR2-667 병행수입,삼성전자 노트북 DDR2-667 병행수입,0,0,0,2GB,2,18000,18000,18000,18000,18000,18000,18000,18000,18000,18000,18000,18000,18000,18000,18000,18000,18000,18000,18000,18000,18000,18000,18000,18000,18000,18000,18000,18000,18000,18000,18000
863361,삼성전자 노트북 DDR2-667 중고,삼성전자 노트북 DDR2-667 중고,0,0,0,2GB,2,5000,3010,3010,3010,3010,3010,3010,3010,3010,3010,2980,2980,2980,2980,2980,2980,2980,2980,2980,2980,2980,2980,2980,2980,2980,2980,2980,2980,2980,2980,2980
863361,삼성전자 노트북 DDR2-667 중고,삼성전자 노트북 DDR2-667 중고,0,0,0,1GB,1,4610,4610,4610,4610,4610,4610,4610,4610,4610,4610,4560,4560,4560,4560,4560,4560,4560,4560,4560,4560,4560,4560,4560,4560,4560,4560,4560,4560,4560,4560,4560
863346,삼성전자 노트북 DDR2-800 중고,삼성전자 노트북 DDR2-800 중고,0,0,0,2GB,2,2900,2900,2900,2900,2900,2900,2900,2900,2900,2900,2900,2900,2900,2900,2900,2900,2900,2900,2900,2900,2900,2900,2900,2900,2900,2900,2900,2900,2900,2900,2900
863346,삼성전자 노트북 DDR2-800 중고,삼성전자 노트북 DDR2-800 중고,0,0,0,1GB,1,2900,2900,2900,2900,2900,2900,2900,2900,2900,2900,2900,2900,2900,2900,2900,2900,2900,2900,2900,2900,2900,2900,2900,2900,2900,2900,2900,2900,2900,2900,2900
1522397,삼성전자 노트북 DDR3-1066 병행수입,삼성전자 노트북 병행수입,DDR3,1066,0,4GB,4,18690,18690,18690,18690,18690,18690,18690,18690,18690,18690,18690,18690,18690,18690,18690,18690,18690,18690,18690,18690,18690,18690,18750,18750,18750,18750,18750,18750,18750,19190,19190
1522397,삼성전자 노트북 DDR3-1066 병행수입,삼성전자 노트북 병행수입,DDR3,1066,0,2GB,2,7560,7560,7560,7560,7560,7560,7560,7560,7560,7560,7560,7560,7560,7560,7560,7560,7560,7560,7560,7560,7560,7560,7560,7560,7560,7560,7560,7560,7560,7560,7560
1522397,삼성전자 노트북 DDR3-1066 병행수입,삼성전자 노트북 병행수입,DDR3,1066,0,1GB,1,12900,12900,12900,12900,12900,12900,12900,12900,12900,12900,12900,12900,12900,12900,12900,12900,12900,12900,12900,12900,12900,12900,12900,12900,12900,12900,12900,12900,12900,12900,12900
5579854,삼성전자 노트북 DDR3-1066 중고,삼성전자 노트북 중고,DDR3,1066,0,4GB,4,15000,15000,15000,15000,15000,15000,15000,15000,15000,0,15000,15000,15000,15000,15000,15000,15000,15000,15000,15000,15000,15000,15000,15000,15000,15000,15000,15000,15000,15000,15000
5579854,삼성전자 노트북 DDR3-1066 중고,삼성전자 노트북 중고,DDR3,1066,0,2GB,2,1950,1950,1950,1950,1950,1950,1950,1950,1950,0,1950,1950,1950,1940,1980,1980,1980,1970,1990,1960,1980,2000,2000,2000,2000,2000,2000,2000,2000,2000,2000
5579854,삼성전자 노트북 DDR3-1066 중고,삼성전자 노트북 중고,DDR3,1066,0,1GB,1,1330,1330,1330,1330,1330,1330,1330,1330,1330,0,1330,1330,1330,1320,1420,1330,1420,1330,1410,1330,1420,1330,1490,1490,1490,1490,1490,1490,1490,1490,1490
5579615,삼성전자 노트북 DDR3-1066 중고,삼성전자 노트북 중고,DDR3,1066,0,4GB,4,0,0,0,0,0,0,0,0,0,15000,0,0,0,0,0,0,0,0,0,0,0,0,0,0,0,0,0,0,0,0,0
5579615,삼성전자 노트북 DDR3-1066 중고,삼성전자 노트북 중고,DDR3,1066,0,2GB,2,0,0,0,0,0,0,0,0,0,1950,0,0,0,0,0,0,0,0,0,0,0,0,0,0,0,0,0,0,0,0,0
5579615,삼성전자 노트북 DDR3-1066 중고,삼성전자 노트북 중고,DDR3,1066,0,1GB,1,0,0,0,0,0,0,0,0,0,1330,0,0,0,0,0,0,0,0,0,0,0,0,0,0,0,0,0,0,0,0,0
1719949,삼성전자 노트북 DDR3-1333 병행수입,삼성전자 노트북 병행수입,DDR3,1333,0,8GB,8,99000,99000,99000,99000,99000,99000,99000,99000,99000,99000,99000,99000,99000,99000,99000,99000,99000,99000,99000,99000,99000,99000,99000,99000,99000,99000,99000,99000,99000,99000,99000
1719949,삼성전자 노트북 DDR3-1333 병행수입,삼성전자 노트북 병행수입,DDR3,1333,0,4GB,4,25000,25000,25000,25000,25000,25000,25000,25000,25000,25000,25000,25000,25000,25000,25000,25000,25000,25000,25000,25000,25000,25000,25000,25000,25000,25000,25000,25000,25000,25000,25000
1719949,삼성전자 노트북 DDR3-1333 병행수입,삼성전자 노트북 병행수입,DDR3,1333,0,2GB,2,13400,13400,13400,13400,13400,13400,13400,13400,13400,13400,13400,13400,13400,13400,13400,13400,13400,13400,13400,13400,13400,13400,13400,13400,13400,13400,13400,13400,13400,13400,13400
1719949,삼성전자 노트북 DDR3-1333 병행수입,삼성전자 노트북 병행수입,DDR3,1333,0,1GB,1,26000,26000,26000,26000,26000,26000,26000,26000,26000,26000,26000,26000,26000,26000,26000,26000,26000,26000,26000,26000,26000,26000,26000,26000,26000,26000,26000,26000,26000,26000,26000
5546469,삼성전자 노트북 DDR3-1333 중고,삼성전자 노트북 중고,DDR3,1333,0,8GB,8,51270,51270,51270,51270,51270,51270,51270,51270,51270,51270,51270,51270,51270,51270,51270,51270,51270,51270,51270,51270,51270,51270,51270,49740,51270,51270,51270,51270,51270,51270,51270
5546469,삼성전자 노트북 DDR3-1333 중고,삼성전자 노트북 중고,DDR3,1333,0,4GB,4,3740,3730,3710,3780,3770,3770,3770,3770,3770,3770,3790,3760,3790,3760,3780,3780,3780,3770,3790,3760,3740,3770,3920,3820,3720,3720,3920,3990,3990,3990,3990
5546469,삼성전자 노트북 DDR3-1333 중고,삼성전자 노트북 중고,DDR3,1333,0,2GB,2,2740,2740,2740,2740,2740,2740,2740,2740,2740,2740,2740,2740,2740,2730,2730,2730,2730,2730,2730,2730,2730,2900,2900,2900,2900,2900,2900,2900,2900,2900,2900
5546469,삼성전자 노트북 DDR3-1333 중고,삼성전자 노트북 중고,DDR3,1333,0,1GB,1,1700,1700,1700,1700,1700,1700,1700,1700,1700,1700,1700,1700,1700,1700,1710,1710,1710,1710,1710,1710,1710,1710,1710,1710,1710,1430,1430,1430,1420,1420,1420
2568994,삼성전자 노트북 DDR3-1600 1.35V,삼성전자 노트북 1.35V,DDR3,1600,0,4GB,4,4650,4650,4650,4650,4650,4650,4650,4650,4650,4650,4650,4650,4650,6460,6460,6460,6460,6460,6460,6460,6460,6460,6460,6550,6550,6550,6550,6550,6550,6550,6550
2747282,삼성전자 노트북 DDR3-1600 1.35V 병행수입,삼성전자 노트북 1.35V 병행수입,DDR3,1600,0,8GB,8,57000,57000,57000,57000,57000,57000,57000,57000,57000,57000,57000,57000,57000,57000,57000,57000,57000,57000,57000,57000,57000,57000,57000,57000,57000,57000,57000,57000,57000,57000,57000
14183372,삼성전자 노트북 DDR3-1600 1.35V 중고,삼성전자 노트북 1.35V 중고,DDR3,1600,0,8GB,8,15990,15990,15990,15990,15990,15990,15990,15990,15990,15990,15990,16490,16460,16370,16490,15890,15890,15890,15890,15900,16420,16460,16460,16490,17130,17130,17130,17130,17130,17520,17520
14183372,삼성전자 노트북 DDR3-1600 1.35V 중고,삼성전자 노트북 1.35V 중고,DDR3,1600,0,4GB,4,4000,4000,4000,4000,4000,3990,3990,3990,3990,3990,3990,3990,3990,3990,3990,3990,3990,3990,3990,3990,3990,3990,3990,3990,3990,3990,3990,3990,3990,3990,3990
1719958,삼성전자 노트북 DDR3-1600 병행수입,삼성전자 노트북 병행수입,DDR3,1600,0,8GB,8,48000,48000,48000,48000,48000,48000,48000,48000,48000,48000,48000,48000,48000,48000,48000,48000,48000,48000,48000,48000,48000,48000,48000,48000,48000,48000,0,0,48000,48000,48000
1719958,삼성전자 노트북 DDR3-1600 병행수입,삼성전자 노트북 병행수입,DDR3,1600,0,4GB,4,25900,25900,25900,25900,25900,25900,25900,25900,25900,25900,25900,25900,25900,25900,25900,25900,25900,25900,25900,25900,25900,25900,25900,25900,25900,25900,0,0,25900,25900,25900
1719958,삼성전자 노트북 DDR3-1600 병행수입,삼성전자 노트북 병행수입,DDR3,1600,0,2GB,2,19700,19700,19700,19700,19700,19700,19700,19700,19700,19700,19700,19700,19700,19700,19700,19700,19700,19700,19700,19700,19700,19700,19700,19700,19700,19700,0,0,19700,19700,19700
1962928,삼성전자 노트북 DDR3-1600 병행수입,삼성전자 노트북 병행수입,DDR3,1600,0,8GB,8,0,0,0,0,0,0,0,0,0,0,0,0,0,0,0,0,0,0,0,0,0,0,0,0,0,0,48000,48000,0,0,0
1962928,삼성전자 노트북 DDR3-1600 병행수입,삼성전자 노트북 병행수입,DDR3,1600,0,4GB,4,0,0,0,0,0,0,0,0,0,0,0,0,0,0,0,0,0,0,0,0,0,0,0,0,0,0,25900,25900,0,0,0
1962928,삼성전자 노트북 DDR3-1600 병행수입,삼성전자 노트북 병행수입,DDR3,1600,0,2GB,2,0,0,0,0,0,0,0,0,0,0,0,0,0,0,0,0,0,0,0,0,0,0,0,0,0,0,19700,19700,0,0,0
5548947,삼성전자 노트북 DDR3-1600 중고,삼성전자 노트북 중고,DDR3,1600,0,8GB,8,15400,15400,15400,15400,15400,15400,15400,15400,15400,15400,15900,15900,15900,0,15300,0,0,0,0,0,16490,16490,0,0,0,0,0,0,17300,17300,17300
5548947,삼성전자 노트북 DDR3-1600 중고,삼성전자 노트북 중고,DDR3,1600,0,4GB,4,3710,3870,3760,3880,3790,3760,3870,3760,3870,3760,3870,3760,3870,0,3770,0,0,0,0,0,3880,3760,0,0,0,0,0,0,3760,3870,3760
5548947,삼성전자 노트북 DDR3-1600 중고,삼성전자 노트북 중고,DDR3,1600,0,2GB,2,2490,2490,2490,2490,2490,2490,2490,2490,2490,2490,2490,2490,2490,0,2490,0,0,0,0,0,2490,2490,0,0,0,0,0,0,2480,2450,2330
5549011,삼성전자 노트북 DDR3-1600 중고,삼성전자 노트북 중고,DDR3,1600,0,8GB,8,0,0,0,0,0,0,0,0,0,0,0,0,0,15900,0,15300,16490,16490,16490,16490,0,0,16490,17300,17300,17300,17300,17300,0,0,0
5549011,삼성전자 노트북 DDR3-1600 중고,삼성전자 노트북 중고,DDR3,1600,0,4GB,4,0,0,0,0,0,0,0,0,0,0,0,0,0,3840,0,3740,3880,3760,3870,3750,0,0,3870,3770,3720,3870,3750,3870,0,0,0
5549011,삼성전자 노트북 DDR3-1600 중고,삼성전자 노트북 중고,DDR3,1600,0,2GB,2,0,0,0,0,0,0,0,0,0,0,0,0,0,2490,0,2490,2490,2490,2490,2490,0,0,2480,2450,2340,2480,2440,2330,0,0,0
3493083,삼성전자 노트북 DDR4-2133,삼성전자 노트북,DDR4,2133,0,16GB,16,57900,57900,57900,57900,57900,57900,57900,57900,57900,57900,57900,57900,57900,57900,60800,60800,60800,60800,60800,60800,60800,60800,60800,58980,60800,60800,60800,60800,73900,73900,77500
3493083,삼성전자 노트북 DDR4-2133,삼성전자 노트북,DDR4,2133,0,8GB,8,19900,19900,19900,19900,19900,19900,19900,19900,19900,19900,19900,19900,19900,19900,22240,22240,22240,22240,22240,22240,22900,22900,26000,26000,26000,26000,29980,29870,35700,35700,35700
12970748,삼성전자 노트북 DDR4-2133 중고,삼성전자 노트북 중고,DDR4,2133,0,16GB,16,53730,53730,0,0,0,0,0,0,0,0,0,0,0,53730,0,0,0,0,0,0,0,0,0,0,0,0,0,0,0,74700,74700
12970748,삼성전자 노트북 DDR4-2133 중고,삼성전자 노트북 중고,DDR4,2133,0,8GB,8,21636,21636,0,0,0,0,0,0,0,0,0,0,0,22260,0,0,0,0,0,0,0,0,0,0,0,0,0,0,0,34800,34800
12970748,삼성전자 노트북 DDR4-2133 중고,삼성전자 노트북 중고,DDR4,2133,0,4GB,4,8890,8890,0,0,0,0,0,0,0,0,0,0,0,9200,0,0,0,0,0,0,0,0,0,0,0,0,0,0,0,11010,11010
14130377,삼성전자 노트북 DDR4-2133 중고,삼성전자 노트북 중고,DDR4,2133,0,16GB,16,0,0,53730,53730,53730,53730,53730,53730,53730,53730,53730,53730,53730,0,53730,53730,53730,53730,53730,53730,53730,53730,53730,52130,72460,72460,74700,74700,74700,0,0
14130377,삼성전자 노트북 DDR4-2133 중고,삼성전자 노트북 중고,DDR4,2133,0,8GB,8,0,0,21636,21636,21636,21910,22260,21910,22260,22260,22260,22260,22260,0,22260,22260,22260,22260,22260,22260,22900,22900,23670,25180,25180,25180,25950,28490,34800,0,0
14130377,삼성전자 노트북 DDR4-2133 중고,삼성전자 노트북 중고,DDR4,2133,0,4GB,4,0,0,9200,9200,9200,9200,9200,9200,9200,9200,9200,9200,9200,0,9200,9200,9200,10030,10010,10070,10080,10390,10390,11130,11130,11010,11010,11010,11010,0,0
5202063,삼성전자 노트북 DDR4-2400,삼성전자 노트북,DDR4,2400,0,16GB,16,46990,47000,0,0,0,0,0,0,0,47000,0,0,0,0,0,0,0,0,0,0,0,0,0,0,0,0,0,0,0,0,0
5202063,삼성전자 노트북 DDR4-2400,삼성전자 노트북,DDR4,2400,0,8GB,8,21510,21510,0,0,0,0,0,0,0,21510,0,0,0,0,0,0,0,0,0,0,0,0,0,0,0,0,0,0,0,0,0
5202063,삼성전자 노트북 DDR4-2400,삼성전자 노트북,DDR4,2400,0,4GB,4,9340,9340,0,0,0,0,0,0,0,9340,0,0,0,0,0,0,0,0,0,0,0,0,0,0,0,0,0,0,0,0,0
5202059,삼성전자 노트북 DDR4-2400,삼성전자 노트북,DDR4,2400,0,16GB,16,0,0,47000,47000,47000,47000,47000,47000,47000,0,47760,47740,51370,51390,53230,55000,59810,59690,59880,59880,59890,64980,64870,64770,64990,65000,65000,65000,65000,65000,71120
5202059,삼성전자 노트북 DDR4-2400,삼성전자 노트북,DDR4,2400,0,8GB,8,0,0,21510,21510,21510,21510,21510,21510,21510,0,21510,21510,21510,21510,21510,21510,21510,21510,21510,21510,21510,25900,25900,25900,29000,28900,28900,29900,29900,29900,35000
5202059,삼성전자 노트북 DDR4-2400,삼성전자 노트북,DDR4,2400,0,4GB,4,0,0,9340,9340,9340,9340,9340,9340,9340,0,9340,9340,9340,9300,10030,9910,9820,9790,9670,9550,9460,9430,9340,9340,9340,9340,9340,12310,13940,13940,13820
15481538,삼성전자 노트북 DDR4-2400 중고,삼성전자 노트북 중고,DDR4,2400,0,16GB,16,44690,46990,46990,46990,46990,46990,46990,46990,46990,46990,51690,51270,51460,51730,51730,51730,51731,51731,51731,51731,51731,51731,51731,60700,62300,62300,62300,62300,71200,74220,74100
15481538,삼성전자 노트북 DDR4-2400 중고,삼성전자 노트북 중고,DDR4,2400,0,8GB,8,21636,21630,21630,21630,21630,21630,21970,22260,22260,22260,22260,22260,22260,22750,23174,23174,23174,23174,23174,23174,23174,23174,23174,24190,30960,30960,29900,32400,34950,34950,34000
15481538,삼성전자 노트북 DDR4-2400 중고,삼성전자 노트북 중고,DDR4,2400,0,4GB,4,9790,9790,9790,9790,9790,9790,9790,9790,9790,9790,9790,9790,9790,9790,9790,9790,9790,9790,9790,9790,9790,9790,9790,9790,9790,9790,9790,11000,7890,7890,11000
6274195,삼성전자 노트북 DDR4-2666,삼성전자 노트북,DDR4,2666,0,32GB,32,129277,129277,129277,129277,129277,129610,129610,0,0,0,129610,129610,129610,0,0,0,0,144600,144600,144600,156380,156380,156380,166020,0,0,0,195600,0,0,227990
6274195,삼성전자 노트북 DDR4-2666,삼성전자 노트북,DDR4,2666,0,16GB,16,46990,48790,48770,48650,48560,48800,48800,0,0,0,54560,54560,54560,0,0,0,0,60700,60700,60700,60700,60700,62590,64500,0,0,0,72950,0,0,74690
6274195,삼성전자 노트북 DDR4-2666,삼성전자 노트북,DDR4,2666,0,8GB,8,25010,24970,24910,24910,24910,24910,24910,0,0,0,24910,25670,25670,0,0,0,0,28700,28580,28460,28860,32700,33480,34110,0,0,0,36440,0,0,36080
6274195,삼성전자 노트북 DDR4-2666,삼성전자 노트북,DDR4,2666,0,4GB,4,10200,10200,10200,10200,10200,10200,10200,0,0,0,10200,10200,10200,0,0,0,0,11270,10500,10500,10500,11270,11270,11270,0,0,0,11270,0,0,12400
6393068,삼성전자 노트북 DDR4-2666,삼성전자 노트북,DDR4,2666,0,32GB,32,0,0,0,0,0,0,0,129610,129610,129610,0,0,0,131960,135500,135500,135500,0,0,0,0,0,0,0,166020,166020,168370,0,227990,227990,0
6393068,삼성전자 노트북 DDR4-2666,삼성전자 노트북,DDR4,2666,0,16GB,16,0,0,0,0,0,0,0,48800,48800,50980,0,0,0,54900,54990,55000,59890,0,0,0,0,0,0,0,64500,72450,72000,0,74690,74690,0
6393068,삼성전자 노트북 DDR4-2666,삼성전자 노트북,DDR4,2666,0,8GB,8,0,0,0,0,0,0,0,24910,24910,24910,0,0,0,25680,26970,27840,28820,0,0,0,0,0,0,0,34010,34130,34130,0,36320,36200,0
6393068,삼성전자 노트북 DDR4-2666,삼성전자 노트북,DDR4,2666,0,4GB,4,0,0,0,0,0,0,0,10200,10200,10200,0,0,0,10200,10900,10900,10900,0,0,0,0,0,0,0,11270,11270,11270,0,12400,12400,0
16834745,삼성전자 노트북 DDR4-2666 중고,삼성전자 노트북 중고,DDR4,2666,0,32GB,32,128280,132400,132340,133880,133880,133880,133880,133880,133880,133880,0,0,0,133880,137950,0,137910,140610,140610,140610,158020,157160,158040,167320,167310,167700,174130,0,0,0,0
16834745,삼성전자 노트북 DDR4-2666 중고,삼성전자 노트북 중고,DDR4,2666,0,16GB,16,44690,46770,46660,46540,46450,46420,46300,46180,46060,45970,0,0,0,50110,40000,0,40000,40000,40000,40000,40000,55000,55000,55000,55000,55000,55000,55000,55000,55000,75830
16834745,삼성전자 노트북 DDR4-2666 중고,삼성전자 노트북 중고,DDR4,2666,0,8GB,8,22790,22790,22790,22790,22790,22790,22790,22790,22790,22790,0,0,0,24800,26700,0,28033,28033,28033,28033,28033,28033,28033,32400,33760,33760,34800,34800,34800,34790,34790
16834745,삼성전자 노트북 DDR4-2666 중고,삼성전자 노트북 중고,DDR4,2666,0,4GB,4,9780,9780,9780,9780,9780,9780,9780,9780,9780,9780,0,0,0,9740,9790,0,9780,9790,9760,9770,9780,9780,9780,9780,9780,9780,9780,9800,9800,9800,9800
16316135,삼성전자 노트북 DDR4-2666 중고,삼성전자 노트북 중고,DDR4,2666,0,32GB,32,0,0,0,0,0,0,0,0,0,0,133880,133880,133880,0,0,137920,0,0,0,0,0,0,0,0,0,0,0,0,0,0,0
16316135,삼성전자 노트북 DDR4-2666 중고,삼성전자 노트북 중고,DDR4,2666,0,16GB,16,0,0,0,0,0,0,0,0,0,0,47948,47948,47948,0,0,40000,0,0,0,0,0,0,0,0,0,0,0,0,0,0,0
16316135,삼성전자 노트북 DDR4-2666 중고,삼성전자 노트북 중고,DDR4,2666,0,8GB,8,0,0,0,0,0,0,0,0,0,0,22790,22790,22790,0,0,28033,0,0,0,0,0,0,0,0,0,0,0,0,0,0,0
16316135,삼성전자 노트북 DDR4-2666 중고,삼성전자 노트북 중고,DDR4,2666,0,4GB,4,0,0,0,0,0,0,0,0,0,0,9780,9780,9780,0,0,9760,0,0,0,0,0,0,0,0,0,0,0,0,0,0,0
11397141,삼성전자 노트북 DDR4-3200,삼성전자 노트북,DDR4,3200,0,32GB,32,178200,178200,178200,178200,178200,178200,178200,178200,178200,178200,178200,178200,178200,178200,178200,178200,178200,178200,178200,178200,178200,178200,178200,226000,226000,226000,226000,249900,256400,256400,265900
11397141,삼성전자 노트북 DDR4-3200,삼성전자 노트북,DDR4,3200,0,16GB,16,57890,57890,57890,57890,57890,57890,57890,57890,57890,57890,57890,57890,57890,57900,64510,64470,64510,64500,64510,64510,65900,70500,70500,79870,82030,82030,82030,82170,82500,82500,80000
11397141,삼성전자 노트북 DDR4-3200,삼성전자 노트북,DDR4,3200,0,8GB,8,25720,25720,25720,25720,25720,25720,25720,25720,25720,25720,25720,25720,25720,26900,30240,30240,33600,36370,36340,36220,34230,36350,36300,36190,36090,36060,35930,35820,41820,41700,41580
11397141,삼성전자 노트북 DDR4-3200,삼성전자 노트북,DDR4,3200,0,4GB,4,10670,10670,10670,10670,10670,10670,10670,10670,10670,10670,10670,10670,10670,10620,9870,9870,9850,9850,9850,9870,9870,9820,9890,9870,9890,9890,9890,9900,9900,9900,9870
17009480,삼성전자 노트북 DDR4-3200 중고,삼성전자 노트북 중고,DDR4,3200,0,16GB,16,53890,53860,53740,53620,53530,54310,56910,56810,56780,56660,56540,56420,56300,56200,56120,56000,0,58000,58000,0,0,0,58000,58000,58000,58000,58000,58000,58000,76540,81290
17009480,삼성전자 노트북 DDR4-3200 중고,삼성전자 노트북 중고,DDR4,3200,0,32GB,32,209900,209900,209900,209900,209900,209900,209900,209900,209900,209900,209900,209900,209900,209900,209900,209900,0,209900,209900,0,0,0,209900,209900,209900,209900,209900,209900,209900,209900,209900
17009480,삼성전자 노트북 DDR4-3200 중고,삼성전자 노트북 중고,DDR4,3200,0,8GB,8,27580,27580,27580,27580,24740,24740,28550,28550,28550,28550,28550,28550,28550,28550,28560,29990,0,29990,29990,0,0,0,30000,30000,30000,30000,30000,30000,30000,35520,36900
17009480,삼성전자 노트북 DDR4-3200 중고,삼성전자 노트북 중고,DDR4,3200,0,4GB,4,8500,8500,8900,8900,8900,8900,8900,8900,8900,8900,8900,8900,8900,8900,8900,8900,0,8900,8900,0,0,0,8900,8900,8900,8900,8900,5900,5900,5900,5900
16524044,삼성전자 노트북 DDR4-3200 중고,삼성전자 노트북 중고,DDR4,3200,0,16GB,16,0,0,0,0,0,0,0,0,0,0,0,0,0,0,0,0,58000,0,0,58000,58000,58000,0,0,0,0,0,0,0,0,0
16524044,삼성전자 노트북 DDR4-3200 중고,삼성전자 노트북 중고,DDR4,3200,0,32GB,32,0,0,0,0,0,0,0,0,0,0,0,0,0,0,0,0,209900,0,0,209900,209900,209900,0,0,0,0,0,0,0,0,0
16524044,삼성전자 노트북 DDR4-3200 중고,삼성전자 노트북 중고,DDR4,3200,0,8GB,8,0,0,0,0,0,0,0,0,0,0,0,0,0,0,0,0,29990,0,0,29990,29990,30000,0,0,0,0,0,0,0,0,0
16524044,삼성전자 노트북 DDR4-3200 중고,삼성전자 노트북 중고,DDR4,3200,0,4GB,4,0,0,0,0,0,0,0,0,0,0,0,0,0,0,0,0,8900,0,0,8900,8900,8900,0,0,0,0,0,0,0,0,0
17666252,삼성전자 노트북 DDR5-4800,삼성전자 노트북,DDR5,4800,0,32GB,32,166100,0,0,0,0,0,0,185330,185330,0,0,0,0,0,0,0,0,0,0,0,0,0,0,0,227900,0,0,0,41600,263600,263600
17666252,삼성전자 노트북 DDR5-4800,삼성전자 노트북,DDR5,4800,0,16GB,16,161400,0,0,0,0,0,0,161400,161400,0,0,0,0,0,0,0,0,0,0,0,0,0,0,0,180400,0,0,0,180400,180400,180400
17666252,삼성전자 노트북 DDR5-4800,삼성전자 노트북,DDR5,4800,0,8GB,8,26570,0,0,0,0,0,0,26470,26970,0,0,0,0,0,0,0,0,0,0,0,0,0,0,0,26990,0,0,0,26990,26990,26990
17666249,삼성전자 노트북 DDR5-4800,삼성전자 노트북,DDR5,4800,0,32GB,32,0,185320,185330,185330,185330,185330,185330,0,0,185330,0,0,0,0,0,0,182090,182100,182100,182100,182100,192800,227900,227900,0,227900,227900,0,0,0,0
17666249,삼성전자 노트북 DDR5-4800,삼성전자 노트북,DDR5,4800,0,16GB,16,0,161400,161400,161400,161400,161400,161400,0,0,161400,0,0,0,0,0,0,180400,180400,180400,180400,180400,180400,180400,180400,0,180400,180400,0,0,0,0
17666249,삼성전자 노트북 DDR5-4800,삼성전자 노트북,DDR5,4800,0,8GB,8,0,26470,26970,26860,26800,26680,26560,0,0,26860,0,0,0,0,0,0,26990,26990,26990,26990,26990,26990,27000,27000,0,26990,26990,0,0,0,0
17666243,삼성전자 노트북 DDR5-4800,삼성전자 노트북,DDR5,4800,0,32GB,32,0,0,0,0,0,0,0,0,0,0,185330,185330,185330,185330,176800,176800,0,0,0,0,0,0,0,0,0,0,0,41600,0,0,0
17666243,삼성전자 노트북 DDR5-4800,삼성전자 노트북,DDR5,4800,0,16GB,16,0,0,0,0,0,0,0,0,0,0,161400,161400,161400,161400,169890,180400,0,0,0,0,0,0,0,0,0,0,0,180400,0,0,0
17666243,삼성전자 노트북 DDR5-4800,삼성전자 노트북,DDR5,4800,0,8GB,8,0,0,0,0,0,0,0,0,0,0,26740,26620,26500,26980,26990,26990,0,0,0,0,0,0,0,0,0,0,0,26990,0,0,0
16633067,삼성전자 노트북 DDR5-4800 중고,삼성전자 노트북 중고,DDR5,4800,0,8GB,8,17090,17090,17090,17090,17090,17090,17090,17090,17090,17090,17090,17090,17090,17090,17090,17090,17090,17090,17090,17090,17090,17090,17090,17090,24890,24890,24890,24890,31590,31590,31590
19952972,삼성전자 노트북 DDR5-5600,삼성전자 노트북,DDR5,5600,0,32GB,32,132870,138500,138510,138510,138510,138510,138510,138510,138510,138510,140310,140310,140310,140310,140310,140310,140310,140310,140310,140310,140310,140310,140310,198040,208900,208900,0,0,0,0,0
19952972,삼성전자 노트북 DDR5-5600,삼성전자 노트북,DDR5,5600,0,16GB,16,77430,79000,79000,79000,79000,79000,79000,79000,79000,82840,82720,82600,86990,86960,89960,89840,94660,98990,98990,98990,99000,116920,118990,129000,129000,129000,0,0,0,0,0
19952972,삼성전자 노트북 DDR5-5600,삼성전자 노트북,DDR5,5600,0,8GB,8,21990,21990,21980,21980,21980,21980,21980,21980,21980,21980,21980,21980,21980,21980,21980,21980,22000,24000,24000,24000,24000,24000,24000,24000,24000,24000,0,0,0,0,0
20629313,삼성전자 노트북 DDR5-5600,삼성전자 노트북,DDR5,5600,0,32GB,32,0,0,0,0,0,0,0,0,0,0,0,0,0,0,0,0,0,0,0,0,0,0,0,0,0,0,208900,229000,229000,242520,242520
20629313,삼성전자 노트북 DDR5-5600,삼성전자 노트북,DDR5,5600,0,16GB,16,0,0,0,0,0,0,0,0,0,0,0,0,0,0,0,0,0,0,0,0,0,0,0,0,0,0,139990,139980,139980,139980,143000
20629313,삼성전자 노트북 DDR5-5600,삼성전자 노트북,DDR5,5600,0,8GB,8,0,0,0,0,0,0,0,0,0,0,0,0,0,0,0,0,0,0,0,0,0,0,0,0,0,0,24000,24800,27990,28000,40900
28609379,삼성전자 노트북 DDR5-5600 중고,삼성전자 노트북 중고,DDR5,5600,0,8GB,8,17500,17500,17500,17500,17500,17500,17500,17500,17500,17500,15500,15500,15500,15500,22000,22500,24490,25000,25000,25000,25000,25000,25000,25000,0,0,0,25000,25000,39160,39870
28609379,삼성전자 노트북 DDR5-5600 중고,삼성전자 노트북 중고,DDR5,5600,0,16GB,16,69410,69410,69410,69410,69410,69410,69410,69410,69410,69410,69410,69410,69410,69310,88660,88550,88460,99250,99130,99010,112210,111960,111520,111410,0,0,0,144240,168990,168990,168990
76331690,삼성전자 노트북 DDR5-5600 중고,삼성전자 노트북 중고,DDR5,5600,0,8GB,8,0,0,0,0,0,0,0,0,0,0,0,0,0,0,0,0,0,0,0,0,0,0,0,0,25000,25000,25000,0,0,0,0
76331690,삼성전자 노트북 DDR5-5600 중고,삼성전자 노트북 중고,DDR5,5600,0,16GB,16,0,0,0,0,0,0,0,0,0,0,0,0,0,0,0,0,0,0,0,0,0,0,0,0,143910,144240,144240,0,0,0,0
5747131,실리콘파워 DDR3-1600 중고,실리콘파워 중고,DDR3,1600,0,8GB,8,11750,11750,11750,11750,11750,11750,11750,11750,11750,11750,11630,11630,11630,11630,11630,11630,11630,11630,11630,11630,11630,11630,11630,11630,11630,11630,11630,11630,11630,11630,11630
54482270,실리콘파워 DDR3-1600 패키지 해외구매,실리콘파워 패키지 해외구매,DDR3,1600,0,16GB(8GX2),16,50500,50500,50500,50500,50500,50500,50500,50500,50500,50500,50500,50500,50500,50500,50500,50500,50500,50500,50500,50500,50500,50500,50500,50500,50500,50500,50500,50500,54100,54100,54100
72969449,실리콘파워 DDR4-2666 CL19,실리콘파워,DDR4,2666,CL19,16GB,16,65990,65990,65990,65990,65990,65990,65990,72350,72350,72350,72350,72350,72350,72900,72900,69900,69900,69900,69900,0,0,0,0,0,0,0,0,0,0,0,0
72969449,실리콘파워 DDR4-2666 CL19,실리콘파워,DDR4,2666,CL19,4GB,4,25000,25000,25000,25000,25000,25000,25000,25000,25000,25000,25000,25000,25000,25000,25000,25000,25000,25000,25000,0,0,0,0,0,0,0,0,0,0,0,0
13304453,실리콘파워 DDR4-2666 CL19,실리콘파워,DDR4,2666,CL19,4GB,4,0,0,0,0,0,0,0,0,0,0,0,0,0,0,0,0,0,0,0,25000,25000,25000,16000,16000,16000,16000,16000,16000,16000,16000,16000
72969482,실리콘파워 DDR4-2666 CL19 패키지,실리콘파워 패키지,DDR4,2666,CL19,32GB(16GX2),32,119000,119000,119000,119000,119000,119000,119000,131200,131200,131200,131200,131200,131200,132500,132500,130500,130500,130500,130500,130500,130500,184300,184300,184300,184300,184300,184300,186700,186700,209100,209100
9805785,실리콘파워 DDR4-3200 CL16 Xpower Turbine RGB 패키지,실리콘파워 Xpower Turbine RGB 패키지,DDR4,3200,CL16,32GB(16GX2),32,128990,128990,128990,128990,128990,128990,128990,128990,128990,128990,128990,128990,128990,128990,128990,128990,128990,0,0,0,0,0,0,0,0,0,0,0,0,0,0
9805785,실리콘파워 DDR4-3200 CL16 Xpower Turbine RGB 패키지,실리콘파워 Xpower Turbine RGB 패키지,DDR4,3200,CL16,16GB(8GX2),16,91100,91100,91100,91100,91100,91100,91100,94120,94120,94120,94120,94120,94120,95100,95100,87100,87100,0,0,0,0,0,0,0,0,0,0,0,0,0,0
9805746,실리콘파워 DDR4-3200 CL16 Xpower Turbine RGB 패키지,실리콘파워 Xpower Turbine RGB 패키지,DDR4,3200,CL16,16GB(8GX2),16,0,0,0,0,0,0,0,0,0,0,0,0,0,0,0,0,0,87100,87100,87100,90100,111300,111300,106300,106300,106300,106300,107800,107800,121820,121820
40719185,실리콘파워 DDR4-3200 CL16 Xpower Turbine RGB 패키지 해외구매,실리콘파워 Xpower Turbine RGB 패키지 해외구매,DDR4,3200,CL16,16GB(8GX2),16,108000,108000,108000,108000,108000,108000,108000,108000,108000,108000,108000,108000,108000,108000,108000,108000,108000,108000,108000,108000,108000,108000,108000,104760,108000,108000,108000,108000,108000,108000,108000
16047350,실리콘파워 DDR4-3200 CL16 Xpower Zenith RGB 패키지,실리콘파워 Xpower Zenith RGB 패키지,DDR4,3200,CL16,32GB(16GX2),32,158000,0,0,0,0,0,0,0,161770,161770,161770,0,0,0,0,0,0,0,0,0,0,0,0,0,0,0,0,0,0,0,0
16047350,실리콘파워 DDR4-3200 CL16 Xpower Zenith RGB 패키지,실리콘파워 Xpower Zenith RGB 패키지,DDR4,3200,CL16,16GB(8GX2),16,85100,0,0,0,0,0,0,0,86000,86000,86000,0,0,0,0,0,0,0,0,0,0,0,0,0,0,0,0,0,0,0,0
16047395,실리콘파워 DDR4-3200 CL16 Xpower Zenith RGB 패키지,실리콘파워 Xpower Zenith RGB 패키지,DDR4,3200,CL16,32GB(16GX2),32,0,158000,158000,158000,158000,158000,158000,161770,0,0,0,161770,161770,165500,169900,169900,169900,169900,169900,169900,169900,205800,205800,205800,205800,205800,205800,208410,208410,223290,223290
16047395,실리콘파워 DDR4-3200 CL16 Xpower Zenith RGB 패키지,실리콘파워 Xpower Zenith RGB 패키지,DDR4,3200,CL16,16GB(8GX2),16,0,85100,85100,85100,85100,85100,85100,86000,0,0,0,86000,86000,88000,88000,88000,88000,88000,88000,88000,91000,111300,111300,106300,106300,106300,106300,107800,107800,121820,121820
73697936,실리콘파워 DDR4-3200 CL16 Xpower Zenith 패키지,실리콘파워 Xpower Zenith 패키지,DDR4,3200,CL16,16GB(8GX2),16,81900,81900,81900,81900,81900,81900,81900,85210,85210,85210,85210,85210,85210,86100,86100,84100,84100,84100,84100,84100,84100,106200,106200,101200,101200,101200,101200,102660,102660,114010,114010
13574633,실리콘파워 DDR4-3200 CL22,실리콘파워,DDR4,3200,CL22,32GB,32,139990,139990,139990,139990,139990,139990,144000,144000,144000,144000,144000,144000,144000,144000,144000,144000,144000,144000,144000,144000,144000,144000,0,0,0,0,0,0,0,0,0
13574633,실리콘파워 DDR4-3200 CL22,실리콘파워,DDR4,3200,CL22,16GB,16,69500,69500,69500,69500,69500,69500,69500,69500,69500,69500,69500,69500,69500,69500,69500,69500,69500,69500,69500,69500,69500,69500,0,0,0,0,0,0,104440,115860,115860
14240648,실리콘파워 DDR4-3200 CL22,실리콘파워,DDR4,3200,CL22,32GB,32,0,0,0,0,0,0,0,0,0,0,0,0,0,0,0,0,0,0,0,0,0,0,144000,144000,0,0,0,0,0,0,0
14240648,실리콘파워 DDR4-3200 CL22,실리콘파워,DDR4,3200,CL22,16GB,16,0,0,0,0,0,0,0,0,0,0,0,0,0,0,0,0,0,0,0,0,0,0,69500,69500,0,0,0,0,0,0,0
40719371,실리콘파워 DDR4-3200 CL22 패키지 해외구매,실리콘파워 패키지 해외구매,DDR4,3200,CL22,16GB(8GX2),16,61490,61490,61490,61490,61490,61490,61490,61490,61490,61490,61490,61490,61490,61490,61490,61490,61490,61490,61490,61490,61490,61490,61490,60240,60240,60240,61490,61490,61490,61490,61490
73697915,실리콘파워 DDR4-3600 CL16 Xpower Turbine 패키지,실리콘파워 Xpower Turbine 패키지,DDR4,3600,CL16,16GB(8GX2),16,85000,85000,85000,85000,85000,85000,85000,88060,88060,88060,88060,88060,88060,88990,88990,88990,88990,88990,88990,88990,91990,113500,113500,113500,113500,113500,113500,114990,114990,125930,125930
73697921,실리콘파워 DDR4-3600 CL18 Xpower Turbine RGB 패키지,실리콘파워 Xpower Turbine RGB 패키지,DDR4,3600,CL18,32GB(16GX2),32,156300,156300,156300,156300,156300,156300,156300,160880,160880,160880,160880,160880,160880,162900,162900,162900,0,0,0,0,0,0,0,0,0,0,0,0,220510,244120,244120
73697921,실리콘파워 DDR4-3600 CL18 Xpower Turbine RGB 패키지,실리콘파워 Xpower Turbine RGB 패키지,DDR4,3600,CL18,16GB(8GX2),16,92300,92300,92300,92300,92300,92300,92300,92940,92940,92940,92940,92940,92940,94300,94300,94300,0,0,0,0,0,0,0,0,0,0,0,0,0,0,0
73697924,실리콘파워 DDR4-3600 CL18 Xpower Turbine RGB 패키지,실리콘파워 Xpower Turbine RGB 패키지,DDR4,3600,CL18,16GB(8GX2),16,0,0,0,0,0,0,0,0,0,0,0,0,0,0,0,0,94300,94300,94300,94300,93300,109800,0,0,0,0,0,0,0,0,0
16047473,실리콘파워 DDR4-3600 CL18 Xpower Zenith RGB 패키지,실리콘파워 Xpower Zenith RGB 패키지,DDR4,3600,CL18,32GB(16GX2),32,156300,156300,156300,156300,156300,156300,156300,158820,158820,158820,158820,158820,0,0,0,0,0,0,0,0,0,0,0,0,0,0,0,0,220510,244120,244120
16047473,실리콘파워 DDR4-3600 CL18 Xpower Zenith RGB 패키지,실리콘파워 Xpower Zenith RGB 패키지,DDR4,3600,CL18,16GB(8GX2),16,94300,94300,94300,94300,94300,94300,94300,93900,93900,93900,93900,93900,0,0,0,0,0,0,0,0,0,0,0,0,0,0,0,0,111390,124760,124760
16047449,실리콘파워 DDR4-3600 CL18 Xpower Zenith RGB 패키지,실리콘파워 Xpower Zenith RGB 패키지,DDR4,3600,CL18,16GB(8GX2),16,0,0,0,0,0,0,0,0,0,0,0,0,93900,95300,95300,95300,95300,95300,95300,95300,94300,109800,109800,109800,109800,109800,109800,111390,0,0,0
73698065,실리콘파워 DDR4-3600 CL18 Xpower Zenith 패키지,실리콘파워 Xpower Zenith 패키지,DDR4,3600,CL18,32GB(16GX2),32,155500,155500,155500,155500,155500,155500,155500,160020,160020,160020,160020,160020,160020,163300,163300,163300,163300,163300,163300,163300,163300,205600,205600,205600,205600,205600,205600,208240,208240,229820,229820
40718189,실리콘파워 DDR4-3600 CL18 Xpower Zenith 패키지 해외구매,실리콘파워 Xpower Zenith 패키지 해외구매,DDR4,3600,CL18,16GB(8GX2),16,87000,87000,87000,87000,87000,87000,87000,87950,87950,87950,87950,87950,87950,90000,90000,90000,90000,90000,90000,90000,93000,113500,113500,113500,113500,113500,113500,114990,114990,125930,125930
74115305,실리콘파워 DDR5-5600 CL40 Xpower Zenith RGB 블랙 패키지,실리콘파워 Xpower Zenith RGB 블랙 패키지,DDR5,5600,CL40,32GB(16GX2),32,204900,204900,204900,204900,204900,204900,204900,212810,212810,212810,212810,212810,212810,216000,216000,216000,216000,216000,216000,216000,216000,249200,0,0,0,0,0,0,0,0,0
74115320,실리콘파워 DDR5-5600 CL40 Xpower Zenith RGB 화이트 패키지,실리콘파워 Xpower Zenith RGB 화이트 패키지,DDR5,5600,CL40,32GB(16GX2),32,204900,204900,204900,204900,204900,204900,204900,212810,212810,212810,212810,212810,212810,216000,216000,216000,216000,216000,216000,216000,216000,249200,249200,249200,249200,249200,249200,252330,252330,0,0
77015942,실리콘파워 DDR5-5600 CL46,실리콘파워,DDR5,5600,CL46,16GB,16,83500,83500,83500,83500,83500,83500,83500,94820,94820,94820,94820,94820,94820,95500,95500,95500,95500,95500,95500,95500,98500,129200,129200,129200,129200,129200,129200,0,0,0,0
77015954,실리콘파워 DDR5-5600 CL46 패키지,실리콘파워 패키지,DDR5,5600,CL46,32GB(16GX2),32,168000,168000,168000,168000,168000,168000,168000,190020,190020,190020,190020,190020,190020,191900,191900,189900,189900,189900,189900,189900,189900,251400,251400,251400,251400,251400,251400,254610,254610,281900,281900
74115269,실리콘파워 DDR5-6000 CL30 Xpower Zenith RGB 블랙 패키지,실리콘파워 Xpower Zenith RGB 블랙 패키지,DDR5,6000,CL30,32GB(16GX2),32,240000,240000,240000,240000,240000,240000,240000,259230,259230,259230,259230,259230,259230,262500,262500,262500,262500,262500,262500,262500,262500,328300,0,0,0,0,0,0,0,0,0
55044746,실리콘파워 DDR5-6000 CL30 Xpower Zenith RGB 블랙 패키지 해외구매,실리콘파워 Xpower Zenith RGB 블랙 패키지 해외구매,DDR5,6000,CL30,32GB(16GX2),32,585720,585720,585720,585720,585720,585720,585720,585720,585720,585720,579490,579490,579490,579490,579490,579490,579490,579490,579490,579490,579490,579490,579490,579490,579490,579490,579490,579490,579490,579490,579490
74999333,실리콘파워 DDR5-6000 CL30 Xpower Zenith 블랙 패키지,실리콘파워 Xpower Zenith 블랙 패키지,DDR5,6000,CL30,32GB(16GX2),32,228500,228500,228500,228500,228500,228500,228500,252830,252830,252830,252830,252830,252830,256000,256000,256000,256000,256000,256000,256000,256000,331900,0,0,0,0,0,0,0,0,0
74999420,실리콘파워 DDR5-6000 CL30 Xpower Zenith 화이트 패키지,실리콘파워 Xpower Zenith 화이트 패키지,DDR5,6000,CL30,32GB(16GX2),32,228500,228500,228500,228500,228500,228500,228500,252830,252830,252830,252830,252830,252830,256000,256000,256000,256000,256000,256000,256000,256000,331900,0,0,0,0,0,0,0,0,0
55044851,실리콘파워 DDR5-6000 CL30 Xpower Zenith 화이트 패키지 해외구매,실리콘파워 Xpower Zenith 화이트 패키지 해외구매,DDR5,6000,CL30,32GB(16GX2),32,240000,240000,240000,240000,240000,240000,240000,259230,259230,259230,259230,259230,259230,262490,262490,262490,262490,262490,262490,262490,262490,297190,297190,288290,288280,288280,297190,297190,297190,297190,297190
15173828,실리콘파워 노트북 DDR4-2666 CL19,실리콘파워 노트북,DDR4,2666,CL19,8GB,8,28500,28500,28500,28500,28500,28500,28500,28500,28500,28500,28500,28500,28500,28500,28500,28500,28500,28500,28500,28500,28500,0,0,0,0,0,0,0,0,0,0
78715949,실리콘파워 노트북 DDR4-2666 CL19 패키지,실리콘파워 노트북 패키지,DDR4,2666,CL19,16GB(8GX2),16,54000,54000,54000,54000,54000,54000,54000,54000,54000,54000,54000,54000,0,0,0,0,0,0,0,0,0,0,0,0,0,0,0,0,0,0,0
39768890,실리콘파워 노트북 DDR4-2666 해외구매,실리콘파워 노트북 해외구매,DDR4,2666,0,16GB,16,70500,70500,70500,70500,70500,70500,70500,74210,74210,74210,74210,74210,74210,74900,74900,74900,74900,74900,74900,74900,80900,103100,103100,103100,103100,103100,103100,104440,104440,115860,115860
13304306,실리콘파워 노트북 DDR4-3200 CL22,실리콘파워 노트북,DDR4,3200,CL22,32GB,32,145900,145900,145900,0,145900,145900,145900,145900,0,0,0,0,0,0,0,0,0,0,0,0,0,0,0,0,0,0,0,0,0,0,0
13304306,실리콘파워 노트북 DDR4-3200 CL22,실리콘파워 노트북,DDR4,3200,CL22,16GB,16,71000,71000,71000,0,71000,71000,71000,71000,0,0,0,0,0,0,0,0,0,0,0,0,0,0,0,0,0,0,0,0,0,0,0
13304306,실리콘파워 노트북 DDR4-3200 CL22,실리콘파워 노트북,DDR4,3200,CL22,8GB,8,37200,37200,37200,0,37200,37200,37200,37200,0,0,0,0,0,0,0,0,0,0,0,0,0,0,0,0,0,0,0,0,0,0,0
13574648,실리콘파워 노트북 DDR4-3200 CL22,실리콘파워 노트북,DDR4,3200,CL22,32GB,32,0,0,0,145900,0,0,0,0,145900,145900,145900,145900,145900,145900,145900,145900,145900,145900,145900,145900,145900,145900,145900,0,0,0,0,0,0,0,0
13574648,실리콘파워 노트북 DDR4-3200 CL22,실리콘파워 노트북,DDR4,3200,CL22,16GB,16,0,0,0,71000,0,0,0,0,71000,71000,71000,71000,71000,71000,71000,71000,71000,71000,71000,71000,71000,71000,71000,0,0,0,0,0,0,0,0
13574648,실리콘파워 노트북 DDR4-3200 CL22,실리콘파워 노트북,DDR4,3200,CL22,8GB,8,0,0,0,37200,0,0,0,0,37200,37200,37200,37200,37200,37200,37200,37200,37200,37200,37200,37200,37200,37200,37200,0,0,0,0,0,0,0,0
13304330,실리콘파워 노트북 DDR4-3200 CL22,실리콘파워 노트북,DDR4,3200,CL22,16GB,16,0,0,0,0,0,0,0,0,0,0,0,0,0,0,0,0,0,0,0,0,0,0,0,71000,0,0,0,0,0,0,0
13304330,실리콘파워 노트북 DDR4-3200 CL22,실리콘파워 노트북,DDR4,3200,CL22,8GB,8,0,0,0,0,0,0,0,0,0,0,0,0,0,0,0,0,0,0,0,0,0,0,0,37200,0,0,0,0,0,0,0
78714443,실리콘파워 노트북 DDR4-3200 CL22 패키지,실리콘파워 노트북 패키지,DDR4,3200,CL22,16GB(8GX2),16,75200,75200,75200,75200,75200,75200,75200,78650,78650,78650,78650,78650,78650,79500,79500,79500,79500,79500,79500,79500,79500,101200,0,101200,101200,101200,101200,102560,102560,114190,114190
40717424,실리콘파워 노트북 DDR4-3200 CL22 패키지 해외구매,실리콘파워 노트북 패키지 해외구매,DDR4,3200,CL22,16GB(8GX2),16,62420,62420,62420,62420,62420,62420,62420,62420,62420,62420,61760,61760,61760,61760,61760,61760,61760,61760,61760,61760,61760,61760,71710,71710,71710,71710,71710,71710,71710,71710,71710
40717352,실리콘파워 노트북 DDR4-3200 CL22 해외구매,실리콘파워 노트북 해외구매,DDR4,3200,CL22,32GB,32,108990,108990,108990,108990,108990,108990,108990,108990,108990,108990,108990,108990,108990,108990,108990,108990,108990,108990,108990,108990,108990,108990,116490,116490,116490,116490,116490,116490,116490,116490,116490
10190553,써멀테이크 DDR4-3200 CL16 TOUGHRAM RGB 블랙 패키지,써멀테이크 TOUGHRAM RGB 블랙 패키지,DDR4,3200,CL16,16GB(8GX2),16,361000,361000,361000,361000,361000,361000,361000,361000,361000,361000,361000,361000,361000,361000,361000,361000,361000,361000,361000,361000,361000,361000,361000,361000,361000,361000,361000,361000,361000,361000,361000
58914080,써멀테이크 DDR5-6000 CL36 TOUGHRAM XG RGB 블랙 패키지,써멀테이크 TOUGHRAM XG RGB 블랙 패키지,DDR5,6000,CL36,32GB(16GX2),32,185240,185240,185240,185240,185240,185240,185240,185240,185240,185240,185240,185240,185240,185240,185240,185240,185240,186000,186000,186000,186000,0,0,0,0,0,0,0,0,0,0
58914110,써멀테이크 DDR5-6000 CL36 TOUGHRAM XG RGB 화이트 패키지,써멀테이크 TOUGHRAM XG RGB 화이트 패키지,DDR5,6000,CL36,32GB(16GX2),32,183840,183840,183840,183840,183840,183840,183840,183840,183840,183840,183840,183840,183840,183840,183840,183840,183840,186000,186000,186000,186000,0,0,0,0,0,0,0,0,0,0
58939463,써멀테이크 DDR5-6400 CL32 TOUGHRAM RGB 블랙 패키지,써멀테이크 TOUGHRAM RGB 블랙 패키지,DDR5,6400,CL32,32GB(16GX2),32,200110,206700,206700,206700,206700,206700,206700,206700,206700,206700,206700,206700,206700,206710,206710,206710,206710,209000,209000,209000,209000,212940,218140,228230,0,0,0,0,0,0,0
58939466,써멀테이크 DDR5-6400 CL32 TOUGHRAM RGB 화이트 패키지,써멀테이크 TOUGHRAM RGB 화이트 패키지,DDR5,6400,CL32,32GB(16GX2),32,208050,208050,208050,208050,208050,208050,208050,208050,208050,208050,208050,208050,208050,208050,208050,208050,208050,209000,209000,209000,209000,213000,219550,221127,221127,221127,221127,0,0,0,0
58916537,써멀테이크 DDR5-6600 CL32 TOUGHRAM XG RGB 블랙 패키지,써멀테이크 TOUGHRAM XG RGB 블랙 패키지,DDR5,6600,CL32,32GB(16GX2),32,0,0,0,0,0,0,0,0,0,0,0,0,0,0,0,0,0,0,0,0,0,0,261810,272280,272280,272280,272280,272280,282750,282688,282688
48480317,아이티젠 DDR3-1333,아이티젠,DDR3,1333,0,8GB,8,9600,9600,9600,9600,9600,9600,9600,9600,9600,9600,12700,12700,12700,12620,15680,15570,19680,19560,19470,19670,19520,19570,19570,19570,19570,19570,19570,18000,18000,17900,17900
47840942,아이티젠 DDR3-1600,아이티젠,DDR3,1600,0,8GB,8,9600,9600,9600,9600,9600,9600,9600,9600,9600,9600,12700,12700,12700,12620,15680,15570,19680,19560,19470,19670,19520,19570,19570,19570,19570,19570,19570,18000,18000,17900,17900
54481355,아이티젠 DDR3-1600 1.35V,아이티젠 1.35V,DDR3,1600,0,8GB,8,9600,9600,9600,9600,9600,9600,9600,9600,9600,9600,12700,12700,12700,12590,15690,15590,19690,19690,19690,19690,19590,19590,19590,19590,19590,19590,19590,18000,18000,17900,17900
68537399,아이티젠 DDR4-2133,아이티젠,DDR4,2133,0,8GB,8,20460,20460,20460,20460,20460,20460,20460,20460,20460,20460,24920,25120,25000,0,0,0,0,0,0,0,0,0,0,0,0,0,0,0,0,0,0
68537399,아이티젠 DDR4-2133,아이티젠,DDR4,2133,0,16GB,16,38990,38990,38990,38990,38990,38990,38990,38990,38990,38990,48950,49500,49380,0,0,0,0,0,0,0,0,0,0,0,0,0,0,0,0,0,0
54482123,아이티젠 DDR4-2133,아이티젠,DDR4,2133,0,8GB,8,0,0,0,0,0,0,0,0,0,0,0,0,0,24920,28940,28830,31590,31480,31360,31230,34360,33290,33200,32970,32920,32920,32920,32920,32920,32920,32920
54482123,아이티젠 DDR4-2133,아이티젠,DDR4,2133,0,16GB,16,0,0,0,0,0,0,0,0,0,0,0,0,0,49300,51880,61530,70410,70300,70180,70060,69970,69940,69820,67720,67620,67580,67460,69930,69420,69700,69580
68537456,아이티젠 DDR4-2400,아이티젠,DDR4,2400,0,8GB,8,20460,20460,20460,20460,20460,20460,20460,20460,20460,0,0,0,0,0,0,0,0,0,0,0,0,0,0,0,0,0,0,0,32920,32920,32920
68537456,아이티젠 DDR4-2400,아이티젠,DDR4,2400,0,16GB,16,40080,40040,40040,40040,40040,40040,40040,40040,40040,0,0,0,0,0,0,0,0,0,0,0,0,0,0,0,0,0,0,0,69420,69410,69410
54481793,아이티젠 DDR4-2400,아이티젠,DDR4,2400,0,8GB,8,0,0,0,0,0,0,0,0,0,20460,23000,23000,21000,26680,28950,28920,31590,31500,31380,31260,34360,33300,33180,32990,32960,32920,32920,32920,0,0,0
54481793,아이티젠 DDR4-2400,아이티젠,DDR4,2400,0,16GB,16,0,0,0,0,0,0,0,0,0,40040,48950,49500,49380,49300,51880,61530,70410,70300,70180,70060,69970,69940,69820,69730,69700,69600,69470,70390,0,0,0
54481856,아이티젠 DDR4-2666,아이티젠,DDR4,2666,0,32GB,32,112000,112000,112000,112000,112000,112000,112000,112000,112000,112000,119260,120820,120700,120620,0,0,0,0,0,0,0,0,0,0,0,0,0,158990,158960,158840,158720
54481856,아이티젠 DDR4-2666,아이티젠,DDR4,2666,0,16GB,16,40930,40930,40930,40930,40930,40930,40930,40930,40930,40930,49840,50400,50280,50200,0,0,0,0,0,0,0,0,0,0,0,0,0,71620,70310,79480,79360
54481856,아이티젠 DDR4-2666,아이티젠,DDR4,2666,0,8GB,8,20800,20800,20800,20800,20800,20800,20800,20800,20800,20800,25370,25580,25460,25380,0,0,0,0,0,0,0,0,0,0,0,0,0,33950,33820,33810,33810
54481835,아이티젠 DDR4-2666,아이티젠,DDR4,2666,0,32GB,32,0,0,0,0,0,0,0,0,0,0,0,0,0,0,125820,137550,137220,137110,136990,136870,141120,140400,140310,140290,140190,140160,140030,0,0,0,0
54481835,아이티젠 DDR4-2666,아이티젠,DDR4,2666,0,16GB,16,0,0,0,0,0,0,0,0,0,0,0,0,0,0,51880,61530,70410,70300,70180,70050,69940,69820,69700,69580,69460,69420,69410,0,0,0,0
54481835,아이티젠 DDR4-2666,아이티젠,DDR4,2666,0,8GB,8,0,0,0,0,0,0,0,0,0,0,0,0,0,0,28940,28820,31590,31500,31380,31260,34360,33950,33830,33000,33000,33000,33000,0,0,0,0
54482183,아이티젠 DDR4-3200,아이티젠,DDR4,3200,0,32GB,32,122000,122000,122000,122000,122000,122000,122000,122000,122000,122000,123710,125330,125210,125130,129980,134990,138120,138010,0,0,0,0,0,0,143790,143760,143630,161970,161860,167850,0
54482183,아이티젠 DDR4-3200,아이티젠,DDR4,3200,0,16GB,16,43390,46370,46250,46130,46040,46010,45890,45770,45650,45530,53400,54010,53890,53810,55760,63340,70410,70320,0,0,0,0,0,0,69630,69600,69470,71390,71360,79980,0
54482183,아이티젠 DDR4-3200,아이티젠,DDR4,3200,0,8GB,8,23000,23000,23000,23000,23000,23000,23000,23000,23000,23000,26700,26930,26810,26730,30750,30630,37010,36920,0,0,0,0,0,0,36000,36000,36000,36000,36000,36000,0
92679131,아이티젠 DDR4-3200,아이티젠,DDR4,3200,0,32GB,32,0,0,0,0,0,0,0,0,0,0,0,0,0,0,0,0,0,0,137890,0,144680,144000,143910,143890,0,0,0,0,0,0,0
92679131,아이티젠 DDR4-3200,아이티젠,DDR4,3200,0,16GB,16,0,0,0,0,0,0,0,0,0,0,0,0,0,0,0,0,0,0,70200,0,69990,69960,69840,69730,0,0,0,0,0,0,0
92679131,아이티젠 DDR4-3200,아이티젠,DDR4,3200,0,8GB,8,0,0,0,0,0,0,0,0,0,0,0,0,0,0,0,0,0,0,36800,0,36590,36000,36000,36000,0,0,0,0,0,0,0
54482201,아이티젠 DDR4-3200,아이티젠,DDR4,3200,0,32GB,32,0,0,0,0,0,0,0,0,0,0,0,0,0,0,0,0,0,0,0,137770,0,0,0,0,0,0,0,0,0,0,173540
54482201,아이티젠 DDR4-3200,아이티젠,DDR4,3200,0,16GB,16,0,0,0,0,0,0,0,0,0,0,0,0,0,0,0,0,0,0,0,70080,0,0,0,0,0,0,0,0,0,0,79860
54482201,아이티젠 DDR4-3200,아이티젠,DDR4,3200,0,8GB,8,0,0,0,0,0,0,0,0,0,0,0,0,0,0,0,0,0,0,0,36680,0,0,0,0,0,0,0,0,0,0,36000
92523398,아이티젠 DDR5-5600,아이티젠,DDR5,5600,0,16GB,16,64500,64500,64500,64500,64500,64500,64500,64500,64500,64500,75000,75000,75000,75000,80000,83000,94790,94680,94560,94440,94350,94320,94200,94090,98980,98880,98750,140000,140610,145000,140000
54481535,아이티젠 노트북 DDR3-1333 1.5V,아이티젠 노트북 1.5V,DDR3,1333,0,8GB,8,9600,9600,9600,9600,9600,9600,9600,9600,9600,9600,9600,9600,9600,12570,15680,15560,19680,19560,19470,19670,19560,19570,19570,19570,19570,19570,19570,19570,19570,19570,19570
54481385,아이티젠 노트북 DDR3-1600 1.35V,아이티젠 노트북 1.35V,DDR3,1600,0,8GB,8,9400,9400,9400,9400,9400,9400,9400,9400,9400,9400,12700,12700,12700,12650,15680,15560,19680,19560,19470,19670,19560,19570,19570,19570,19570,19570,19570,19570,19570,19570,19570
54481580,아이티젠 노트북 DDR3-1600 1.5V,아이티젠 노트북 1.5V,DDR3,1600,0,8GB,8,9500,9500,9500,9500,9500,9500,9500,9500,9500,9500,12700,12700,12700,12570,15680,15560,19680,19560,19470,19670,19560,19570,19570,19570,19570,19570,19570,19570,19570,19570,19570
54482150,아이티젠 노트북 DDR4-2133,아이티젠 노트북,DDR4,2133,0,8GB,8,20000,20000,20000,20000,20000,20000,20000,20000,20000,20000,26170,26050,25930,25850,28960,28850,34300,34210,34090,33970,33950,33830,33810,33420,33300,33200,33070,32960,32920,32920,32920
68538869,아이티젠 노트북 DDR4-2400,아이티젠 노트북,DDR4,2400,0,8GB,8,19990,19990,19990,0,0,0,0,0,0,0,0,0,0,0,0,28940,0,0,0,0,0,0,0,0,0,0,0,0,0,0,0
68538869,아이티젠 노트북 DDR4-2400,아이티젠 노트북,DDR4,2400,0,16GB,16,43610,44370,44260,0,0,0,0,0,0,0,0,0,0,0,0,51470,0,0,0,0,0,0,0,0,0,0,0,0,0,0,0
54481820,아이티젠 노트북 DDR4-2400,아이티젠 노트북,DDR4,2400,0,8GB,8,0,0,0,19990,19990,19990,19990,19990,19990,19990,26170,26050,25930,25850,28970,0,34300,34210,34090,33960,33850,33810,33810,33430,33330,33290,33170,33060,32940,32920,32920
54481820,아이티젠 노트북 DDR4-2400,아이티젠 노트북,DDR4,2400,0,16GB,16,0,0,0,44140,44050,44020,43900,43780,43660,43600,48740,48620,48500,48420,51590,0,70410,70320,70200,70080,69990,69960,69840,69720,69620,69580,69460,69350,69230,69110,68990
54481916,아이티젠 노트북 DDR4-2666,아이티젠 노트북,DDR4,2666,0,16GB,16,43610,44370,44260,44140,44050,44020,0,0,0,0,0,0,0,0,50680,50560,0,0,0,0,0,0,0,0,69630,69590,69470,0,0,0,0
54481916,아이티젠 노트북 DDR4-2666,아이티젠 노트북,DDR4,2666,0,8GB,8,20000,20000,20000,20000,20000,20000,0,0,0,0,0,0,0,0,28960,28860,0,0,0,0,0,0,0,0,33810,33810,33810,0,0,0,0
54481937,아이티젠 노트북 DDR4-2666,아이티젠 노트북,DDR4,2666,0,16GB,16,0,0,0,0,0,0,43900,43780,43660,43600,49640,49520,49400,49320,0,0,70410,70320,70200,70080,69990,69960,69840,69730,0,0,0,69410,69410,69410,69410
54481937,아이티젠 노트북 DDR4-2666,아이티젠 노트북,DDR4,2666,0,8GB,8,0,0,0,0,0,0,20000,20000,20000,20000,26700,26690,26690,26590,0,0,34300,34210,34090,33970,33880,33850,33810,33810,0,0,0,33810,33810,33810,33810
54482195,아이티젠 노트북 DDR4-3200,아이티젠 노트북,DDR4,3200,0,16GB,16,47000,46990,46990,46990,0,0,0,0,0,0,0,0,0,0,0,0,0,0,0,0,0,0,0,0,71780,71740,71620,71510,71390,71270,71190
54482195,아이티젠 노트북 DDR4-3200,아이티젠 노트북,DDR4,3200,0,8GB,8,23000,23000,23000,23000,0,0,0,0,0,0,0,0,0,0,0,0,0,0,0,0,0,0,0,0,36380,36380,36380,36480,36480,36480,36480
54482174,아이티젠 노트북 DDR4-3200,아이티젠 노트북,DDR4,3200,0,16GB,16,0,0,0,0,46990,46990,46990,46990,46990,46990,49980,49860,49830,49730,51990,62980,70980,70860,70790,72250,72140,71990,71900,71880,0,0,0,0,0,0,0
54482174,아이티젠 노트북 DDR4-3200,아이티젠 노트북,DDR4,3200,0,8GB,8,0,0,0,0,23000,23000,23000,23000,23000,23000,29480,29360,29360,29260,29860,29740,29620,29500,29380,29260,37060,37030,36910,36080,0,0,0,0,0,0,0
15852416,앱코 DDR4-3200 CL14 AGM R30RH 화이트 패키지,앱코 AGM R30RH 화이트 패키지,DDR4,3200,CL14,32GB(16GX2),32,320000,320000,320000,320000,320000,320000,320000,320000,320000,320000,320000,320000,320000,320000,320000,320000,320000,320000,320000,320000,320000,320000,320000,320000,320000,320000,320000,320000,0,0,0
16992575,에이서 프레데터 DDR4-3200 CL14 VESTA 패키지,에이서 프레데터 VESTA 패키지,DDR4,3200,CL14,16GB(8GX2),16,80500,80500,80500,80500,80500,80500,80500,80500,80500,80500,80500,80500,0,0,0,0,0,0,0,0,0,0,0,0,0,0,0,0,0,0,0
14207501,에이서 프레데터 DDR4-3600 CL16 APOLLO 패키지,에이서 프레데터 APOLLO 패키지,DDR4,3600,CL16,32GB(16GX2),32,161780,161780,161780,161780,161780,161780,161780,161780,161780,161780,161780,161780,0,0,0,0,0,0,0,0,0,0,0,0,0,0,0,0,0,0,0
8540480,이메이션 DDR3-1600 CL11,이메이션,DDR3,1600,CL11,8GB,8,16900,16900,16900,16900,0,0,0,0,0,0,0,16900,16900,16900,16900,16900,16900,16900,16900,16900,16900,16900,16900,16900,19500,19500,19500,19500,19500,19500,0
8540480,이메이션 DDR3-1600 CL11,이메이션,DDR3,1600,CL11,4GB,4,9900,9900,9900,9900,0,0,0,0,0,0,0,9900,9900,9900,9900,9900,9900,9900,9900,9900,9900,9900,9900,9900,9900,9900,9900,9900,9900,6900,0
8540462,이메이션 DDR3-1600 CL11,이메이션,DDR3,1600,CL11,8GB,8,0,0,0,0,16900,16900,16900,16900,16900,16900,16900,0,0,0,0,0,0,0,0,0,0,0,0,0,0,0,0,0,0,0,19500
8540462,이메이션 DDR3-1600 CL11,이메이션,DDR3,1600,CL11,4GB,4,0,0,0,0,9900,9900,9900,9900,9900,9900,9900,0,0,0,0,0,0,0,0,0,0,0,0,0,0,0,0,0,0,0,6900
7868572,이메이션 DDR4-2666,이메이션,DDR4,2666,0,4GB,4,7900,7950,7950,7950,7950,7950,7950,7950,7950,7950,7950,7950,7950,7950,7950,7950,7950,7950,7950,7950,0,0,0,0,0,0,0,0,0,0,0
10495707,이메이션 DDR4-3200 CL22,이메이션,DDR4,3200,CL22,16GB,16,52250,0,0,0,0,0,0,0,0,0,0,0,0,0,0,0,0,0,0,0,0,0,0,0,85710,85710,85710,85710,0,0,0
10495707,이메이션 DDR4-3200 CL22,이메이션,DDR4,3200,CL22,32GB,32,0,0,0,0,0,0,0,0,0,0,0,0,0,0,0,0,0,0,0,0,0,0,0,0,154300,154300,154300,154300,0,0,0
15860627,이메이션 DDR4-3200 CL22,이메이션,DDR4,3200,CL22,32GB,32,0,0,0,0,0,0,0,0,0,0,0,0,0,0,0,0,154300,154300,154300,154300,154300,154300,154300,154300,0,0,0,0,154300,178549,178540
15860627,이메이션 DDR4-3200 CL22,이메이션,DDR4,3200,CL22,16GB,16,0,0,0,0,0,0,0,0,0,0,0,0,0,0,0,0,0,0,0,0,0,0,0,85710,0,0,0,0,89690,89690,89690
94450646,이메이션 DDR4-3200 CL22-22-22-52,이메이션 -22-22-52,DDR4,3200,CL22,32GB,32,112700,112700,112700,112700,112700,112700,112700,112700,112700,112700,112700,112700,112700,112700,112700,112700,112700,137540,137540,137540,139000,159000,159000,159000,159000,159000,159000,159000,0,159000,0
94450646,이메이션 DDR4-3200 CL22-22-22-52,이메이션 -22-22-52,DDR4,3200,CL22,16GB,16,51360,51360,51360,51360,51360,51360,51360,51360,51360,51360,51360,51360,51360,51360,51360,51360,55000,75000,75000,75000,51900,85000,85000,85000,85370,85370,85370,85370,80870,80870,81910
94450646,이메이션 DDR4-3200 CL22-22-22-52,이메이션 -22-22-52,DDR4,3200,CL22,8GB,8,26620,26620,26620,26620,26620,26620,26620,26620,26620,26620,26620,26620,26620,26620,26620,26620,30000,33640,33640,33640,34000,34000,45000,45000,55000,55000,55000,55000,55000,55000,55000
94450610,이메이션 DDR4-3200 CL22-22-22-52,이메이션 -22-22-52,DDR4,3200,CL22,32GB,32,0,0,0,0,112700,112700,112700,112700,112700,112700,112700,112700,112700,112700,112700,112700,112700,137540,137540,137540,0,0,0,0,0,0,0,0,0,0,0
94450610,이메이션 DDR4-3200 CL22-22-22-52,이메이션 -22-22-52,DDR4,3200,CL22,16GB,16,0,0,0,0,51360,51360,51360,51360,51360,51360,51360,51360,51360,51360,51360,51360,55000,75000,75000,75000,0,0,0,0,0,0,0,0,0,0,0
94450610,이메이션 DDR4-3200 CL22-22-22-52,이메이션 -22-22-52,DDR4,3200,CL22,8GB,8,0,0,0,0,26620,26620,26620,26620,26620,26620,26620,26620,26620,26620,26620,26620,30000,33640,33640,33640,0,0,0,0,0,0,0,0,0,0,0
94450658,이메이션 DDR4-3200 CL22-22-22-52,이메이션 -22-22-52,DDR4,3200,CL22,32GB,32,0,0,0,0,0,0,0,0,0,0,0,0,0,0,0,0,0,0,0,0,0,0,0,0,159000,0,159000,0,0,0,0
94450658,이메이션 DDR4-3200 CL22-22-22-52,이메이션 -22-22-52,DDR4,3200,CL22,16GB,16,0,0,0,0,0,0,0,0,0,0,0,0,0,0,0,0,0,0,0,0,0,0,0,0,85370,0,85370,0,0,0,0
94450658,이메이션 DDR4-3200 CL22-22-22-52,이메이션 -22-22-52,DDR4,3200,CL22,8GB,8,0,0,0,0,0,0,0,0,0,0,0,0,0,0,0,0,0,0,0,0,0,0,0,0,55000,0,55000,0,0,0,0
61544039,이메이션 DDR5-5600 CL46,이메이션,DDR5,5600,CL46,16GB,16,61900,0,0,0,0,0,0,0,0,0,0,0,0,0,0,0,0,0,0,0,0,0,0,0,0,0,0,0,0,0,0
61544039,이메이션 DDR5-5600 CL46,이메이션,DDR5,5600,CL46,8GB,8,28390,28390,28390,28390,28390,28390,28390,28390,28390,31900,0,0,0,0,0,0,0,0,0,0,0,0,0,0,0,0,0,0,0,0,0
94450412,이메이션 DDR5-5600 CL46-46-46,이메이션 -46-46,DDR5,5600,CL46,32GB,32,113900,0,137440,137440,137440,137440,137440,137440,137440,0,0,0,0,148320,148320,167220,167220,167220,167220,167220,169000,198940,0,0,0,0,0,0,0,0,0
15476621,이메이션 노트북 DDR4-3200 CL22,이메이션 노트북,DDR4,3200,CL22,16GB,16,49000,49000,49000,49000,49000,49000,49000,49000,49000,49000,49000,49000,49000,49000,49000,49000,49000,0,0,0,49000,49000,49000,0,0,0,0,0,62200,0,0
15476621,이메이션 노트북 DDR4-3200 CL22,이메이션 노트북,DDR4,3200,CL22,8GB,8,55000,55000,55000,55000,55000,55000,55000,55000,55000,55000,55000,55000,55000,55000,55000,55000,55000,0,0,0,55000,55000,55000,0,0,0,0,0,55000,0,0
10630377,이메이션 노트북 DDR4-3200 CL22,이메이션 노트북,DDR4,3200,CL22,8GB,8,0,0,0,0,0,0,0,0,0,0,0,0,0,0,0,0,0,55000,55000,55000,0,0,0,55000,55000,55000,55000,55000,0,55000,55000
94450724,이메이션 노트북 DDR4-3200 CL22-22-22-52,이메이션 노트북 -22-22-52,DDR4,3200,CL22,32GB,32,113900,0,0,0,0,0,0,0,0,0,0,0,0,0,0,0,0,0,0,0,0,0,0,0,0,0,0,0,0,0,0
94450724,이메이션 노트북 DDR4-3200 CL22-22-22-52,이메이션 노트북 -22-22-52,DDR4,3200,CL22,16GB,16,55900,55900,58900,58900,58900,58900,58900,58900,58900,58900,58900,58900,58900,58900,58900,58900,69000,69000,69000,69000,69000,79000,79000,79000,79000,79000,79000,79000,79000,83150,95000
94450724,이메이션 노트북 DDR4-3200 CL22-22-22-52,이메이션 노트북 -22-22-52,DDR4,3200,CL22,8GB,8,28900,28900,29590,29590,29590,29590,29590,29590,29590,29590,29590,29590,29590,30570,32550,32550,32550,32550,32550,32550,32900,32900,32900,0,0,0,0,0,0,49000,49000
94450712,이메이션 노트북 DDR4-3200 CL22-22-22-52,이메이션 노트북 -22-22-52,DDR4,3200,CL22,32GB,32,113900,0,0,0,0,0,0,0,0,0,0,0,0,0,0,0,0,0,0,0,0,0,0,0,0,0,0,0,0,0,0
94450712,이메이션 노트북 DDR4-3200 CL22-22-22-52,이메이션 노트북 -22-22-52,DDR4,3200,CL22,16GB,16,55900,0,0,0,0,0,0,0,0,0,0,0,0,0,0,0,0,0,0,0,0,0,0,0,0,0,0,0,0,0,0
94450712,이메이션 노트북 DDR4-3200 CL22-22-22-52,이메이션 노트북 -22-22-52,DDR4,3200,CL22,8GB,8,28900,0,0,0,0,0,0,0,0,0,0,0,0,0,0,0,0,0,0,0,0,0,0,0,0,0,0,0,0,0,0
96776651,이메이션 노트북 DDR4-3200 CL22-22-22-52,이메이션 노트북 -22-22-52,DDR4,3200,CL22,16GB,16,0,0,0,0,0,0,0,0,0,0,0,0,0,0,0,0,0,0,0,0,69000,79000,79000,0,0,0,0,0,0,0,0
96776651,이메이션 노트북 DDR4-3200 CL22-22-22-52,이메이션 노트북 -22-22-52,DDR4,3200,CL22,8GB,8,0,0,0,0,0,0,0,0,0,0,0,0,0,0,0,0,0,0,0,0,32900,32900,32900,0,0,0,0,0,0,0,0
61442432,이메이션 노트북 DDR5-4800 CL40,이메이션 노트북,DDR5,4800,CL40,8GB,8,23908,24382,24382,24382,24382,25100,25410,25410,25410,25410,25640,25640,25640,25640,25540,25540,25980,25950,25830,26280,26790,27530,27140,27290,27290,27290,28060,0,0,0,0
94450436,이메이션 노트북 DDR5-5600 CL46-46-46,이메이션 노트북 -46-46,DDR5,5600,CL46,16GB,16,0,0,78070,78070,78070,78070,78070,78070,78070,0,0,0,0,79060,84000,88060,0,0,0,0,89000,89000,119000,119000,0,0,0,0,0,160000,160000
94450436,이메이션 노트북 DDR5-5600 CL46-46-46,이메이션 노트북 -46-46,DDR5,5600,CL46,32GB,32,0,0,0,0,0,0,0,149900,149900,0,0,0,0,167220,167220,169000,0,0,0,0,179000,188420,0,0,0,0,0,0,0,279000,279000
94450418,이메이션 노트북 DDR5-5600 CL46-46-46,이메이션 노트북 -46-46,DDR5,5600,CL46,32GB,32,0,0,0,0,0,0,0,0,0,149900,0,0,0,0,167220,169000,177120,177120,177120,177120,179000,188420,0,0,0,0,0,0,0,0,0
94450418,이메이션 노트북 DDR5-5600 CL46-46-46,이메이션 노트북 -46-46,DDR5,5600,CL46,16GB,16,0,0,0,0,0,0,0,0,0,0,0,0,0,0,84000,88060,0,0,0,0,89000,89000,0,0,0,0,0,0,0,0,0
79510673,커널앤코어 DDR4-3200 CL22,커널앤코어,DDR4,3200,CL22,16GB,16,50600,50600,50600,50600,50600,50600,50600,50600,50600,50600,50600,0,0,0,50600,50600,50600,50600,50600,50600,50600,50600,50600,50600,50600,50600,50600,50600,50600,50600,50600
79510673,커널앤코어 DDR4-3200 CL22,커널앤코어,DDR4,3200,CL22,8GB,8,25460,25460,25460,25460,25460,25460,25460,25460,25460,25460,25460,0,0,0,25460,25460,25460,25460,25460,25460,25460,25460,25460,25460,25460,25460,25460,25460,25460,25460,25460
79550513,커널앤코어 DDR4-3200 CL22,커널앤코어,DDR4,3200,CL22,16GB,16,0,0,0,0,0,0,0,0,0,0,0,50600,50600,50600,0,0,0,0,0,0,0,0,0,0,0,0,0,0,0,0,0
79550513,커널앤코어 DDR4-3200 CL22,커널앤코어,DDR4,3200,CL22,8GB,8,0,0,0,0,0,0,0,0,0,0,0,25460,25460,25460,0,0,0,0,0,0,0,0,0,0,0,0,0,0,0,0,0
79408817,커널앤코어 DDR5-5600 CL46,커널앤코어,DDR5,5600,CL46,32GB,32,113870,113870,113870,113870,113870,113870,113870,113870,113870,113870,113870,113870,113870,113870,113870,113870,113870,113870,113870,113870,0,0,0,0,0,0,0,0,0,0,0
79408817,커널앤코어 DDR5-5600 CL46,커널앤코어,DDR5,5600,CL46,16GB,16,57950,57950,57950,57950,57950,57950,57950,57950,57950,57950,57950,57950,57950,57950,57950,57950,57950,57950,57950,57950,0,0,0,0,0,0,0,0,0,0,0
79408805,커널앤코어 DDR5-5600 CL46,커널앤코어,DDR5,5600,CL46,32GB,32,0,0,0,0,0,0,0,0,0,0,0,0,0,0,0,0,0,0,0,0,113870,113870,162500,113870,113870,113870,0,0,0,0,0
88136900,커널앤코어 노트북용 DDR4-3200 CL22,커널앤코어 노트북용,DDR4,3200,CL22,8GB,8,35400,35400,35400,35400,35400,35400,35400,35400,35400,35400,35400,35400,35400,35400,35400,35400,35400,35400,35400,35400,35400,35400,35400,35400,35400,35400,35400,35400,35400,35400,0
88136900,커널앤코어 노트북용 DDR4-3200 CL22,커널앤코어 노트북용,DDR4,3200,CL22,4GB,4,16520,16520,16520,16520,16520,16520,16520,16520,16520,16520,16520,16520,16520,16520,16520,16520,16520,16520,16520,16520,16520,16520,16520,16520,16520,16520,16520,16520,16520,16520,16520
88136876,커널앤코어 노트북용 DDR4-3200 CL22,커널앤코어 노트북용,DDR4,3200,CL22,8GB,8,0,0,0,0,0,0,0,0,0,0,0,0,0,0,0,0,35400,35400,35400,35400,35400,35400,35400,35400,35400,35400,35400,35400,0,0,0
88136876,커널앤코어 노트북용 DDR4-3200 CL22,커널앤코어 노트북용,DDR4,3200,CL22,4GB,4,0,0,0,0,0,0,0,0,0,0,0,0,0,0,0,0,16520,16520,16520,16520,16520,16520,16520,16520,16520,16520,16520,16520,0,0,0
59085248,컴이지 DDR4-2666,컴이지,DDR4,2666,0,16GB,16,42890,42890,42890,42890,42890,42890,42890,42890,42890,42890,48900,48900,48900,53900,53900,0,0,0,0,0,0,0,0,78900,78900,78900,78900,78450,77900,77900,77900
2375179,킹스톤 DDR3-1600,킹스톤,DDR3,1600,0,8GB,8,55900,55900,55900,55900,55900,55900,55900,55900,55900,55900,55900,55900,55900,55900,55900,55900,55900,55900,55900,55900,55900,55900,55900,45000,45000,45000,45000,29800,29800,29800,29800
7013641,킹스톤 DDR4-2666,킹스톤,DDR4,2666,0,8GB,8,31960,31960,31960,31960,31960,31960,31960,31960,31960,31960,31960,31960,31960,31960,31960,31960,31960,31960,31960,31960,31960,31960,31960,43650,43650,43650,45000,45000,45000,45000,45000
7013641,킹스톤 DDR4-2666,킹스톤,DDR4,2666,0,4GB,4,29800,29800,29800,29800,29800,29800,29800,29800,29800,29800,29800,29800,29800,29800,29800,29800,29800,29800,29800,29800,29800,29800,29800,29800,29800,29800,29800,25000,23900,23900,23900
16450550,킹스톤 FURY DDR4-3600 CL16 Renegade RGB,킹스톤 FURY Renegade RGB,DDR4,3600,CL16,8GB,8,0,0,0,0,0,0,0,0,0,0,0,0,0,0,0,0,0,0,0,49900,49900,49900,49900,49900,49900,49900,55000,55000,0,0,52000
96773492,킹스톤 FURY DDR5-5600 CL46 코잇,킹스톤 FURY 코잇,DDR5,5600,CL46,32GB,32,129000,129000,129000,129000,129000,129000,129000,0,0,0,0,0,0,0,0,0,0,0,0,0,0,0,0,0,0,0,0,0,0,0,0
96773492,킹스톤 FURY DDR5-5600 CL46 코잇,킹스톤 FURY 코잇,DDR5,5600,CL46,16GB,16,67250,68000,67990,67960,67870,67840,67720,67600,67480,67360,67240,67120,67000,69640,0,0,0,96400,96400,96400,109520,0,0,0,0,0,0,0,0,0,0
96773279,킹스톤 FURY DDR5-6000 CL30 Beast RGB 블랙 패키지 코잇,킹스톤 FURY Beast RGB 블랙 패키지 코잇,DDR5,6000,CL30,64GB(32GX2),64,381000,381000,381000,381000,381000,381000,381000,381000,381000,381000,381000,381000,381000,382300,439000,439000,439000,439000,439000,439000,499000,499000,499000,499000,0,0,0,0,0,0,0
96773279,킹스톤 FURY DDR5-6000 CL30 Beast RGB 블랙 패키지 코잇,킹스톤 FURY Beast RGB 블랙 패키지 코잇,DDR5,6000,CL30,32GB(16GX2),32,207500,207500,207500,207500,207500,207500,207500,207500,207500,207500,207500,207500,207500,207500,207500,207560,212190,212190,212190,212190,259000,259000,299000,299000,299000,299000,299000,349000,379000,379000,379000
96773297,킹스톤 FURY DDR5-6000 CL30 Beast RGB 블랙 패키지 코잇,킹스톤 FURY Beast RGB 블랙 패키지 코잇,DDR5,6000,CL30,64GB(32GX2),64,0,0,0,0,0,0,0,0,0,381000,381000,381000,0,0,0,0,0,0,0,0,0,0,0,0,0,0,0,0,0,0,0
96773297,킹스톤 FURY DDR5-6000 CL30 Beast RGB 블랙 패키지 코잇,킹스톤 FURY Beast RGB 블랙 패키지 코잇,DDR5,6000,CL30,32GB(16GX2),32,0,0,0,0,0,0,0,0,0,207500,207500,207500,0,0,0,0,0,0,0,0,0,0,0,0,0,0,0,0,0,0,0
96773315,킹스톤 FURY DDR5-6000 CL30 Beast RGB 화이트 패키지 코잇,킹스톤 FURY Beast RGB 화이트 패키지 코잇,DDR5,6000,CL30,64GB(32GX2),64,381000,381000,381000,381000,381000,381000,381000,381000,381000,381000,381000,381000,381000,382300,439000,439000,439000,439000,439000,436000,499000,499000,499000,499000,499000,499000,499000,559000,699000,699000,699000
96773315,킹스톤 FURY DDR5-6000 CL30 Beast RGB 화이트 패키지 코잇,킹스톤 FURY Beast RGB 화이트 패키지 코잇,DDR5,6000,CL30,32GB(16GX2),32,205990,205990,205990,205990,205990,205990,205990,205990,205990,205990,205990,205990,205990,205990,205990,207550,212190,212190,212190,212190,259000,259000,299000,299000,296000,296000,299000,349000,369000,369000,379000
96773312,킹스톤 FURY DDR5-6000 CL30 Beast RGB 화이트 패키지 코잇,킹스톤 FURY Beast RGB 화이트 패키지 코잇,DDR5,6000,CL30,64GB(32GX2),64,381000,381000,381000,381000,381000,381000,381000,381000,381000,381000,381000,381000,381000,0,439000,439000,439000,439000,439000,436000,499000,499000,499000,499000,499000,499000,499000,559000,699000,699000,699000
96773312,킹스톤 FURY DDR5-6000 CL30 Beast RGB 화이트 패키지 코잇,킹스톤 FURY Beast RGB 화이트 패키지 코잇,DDR5,6000,CL30,32GB(16GX2),32,205990,205990,205990,205990,205990,205990,205990,205990,205990,205990,205990,205990,205990,0,205990,207550,212190,212190,212190,212190,259000,259000,299000,299000,296000,296000,299000,349000,369000,369000,379000
3233702,킹스톤 노트북 DDR3-1600,킹스톤 노트북,DDR3,1600,0,8GB,8,50000,50000,50000,50000,50000,50000,50000,50000,50000,50000,50000,50000,50000,50000,50000,50000,50000,50000,50000,50000,50000,50000,50000,50000,50000,50000,50000,50000,50000,50000,50000
4838666,타무즈 DDR3-1600 CL11,타무즈,DDR3,1600,CL11,8GB,8,17790,17790,17790,17790,17790,17790,17790,17790,17790,17760,17710,17710,17710,17610,17530,17520,19760,19760,19760,19760,19760,19760,19760,19760,19760,19760,19830,19830,19830,19830,0
4838666,타무즈 DDR3-1600 CL11,타무즈,DDR3,1600,CL11,4GB,4,10990,10990,10990,10990,10990,10990,10990,10990,10990,10990,10990,10990,10990,10990,10990,10990,12440,12440,12440,12440,12440,12440,12440,12440,12440,12440,12440,12440,12440,12440,0
4546000,타무즈 DDR3-1600 CL11,타무즈,DDR3,1600,CL11,8GB,8,0,0,0,0,0,0,0,0,0,0,0,0,0,0,0,0,0,0,0,0,0,0,0,0,0,0,0,0,0,0,19830
4546000,타무즈 DDR3-1600 CL11,타무즈,DDR3,1600,CL11,4GB,4,0,0,0,0,0,0,0,0,0,0,0,0,0,0,0,0,0,0,0,0,0,0,0,0,0,0,0,0,0,0,12440
4525099,타무즈 DDR4-2133 CL15,타무즈,DDR4,2133,CL15,8GB,8,27050,27050,27050,27050,27050,27050,27050,27050,27050,27050,27050,27050,27050,27000,29000,31870,31870,38740,38740,38740,39950,39950,39950,45560,47270,47270,47270,54050,53940,53820,53700
5722053,타무즈 DDR4-2400 CL15,타무즈,DDR4,2400,CL15,8GB,8,29510,28980,28980,28980,28980,28980,28980,28980,28980,28980,28980,28980,28980,28980,34880,39710,44530,44530,44530,44530,47750,47750,47750,47750,52150,52150,52150,56870,56870,56870,56870
5093440,타무즈 DDR4-2400 CL17,타무즈,DDR4,2400,CL17,8GB,8,27230,27230,27230,27230,27230,27230,27230,27230,27230,27230,27230,27230,27230,27130,29000,29000,42530,42410,42290,42200,45620,45510,45390,45280,50030,49990,49860,55010,55010,55010,54020
6018770,타무즈 DDR4-2666 CL19,타무즈,DDR4,2666,CL19,16GB,16,46460,46460,48910,49870,49760,49650,49530,49410,49290,49170,49050,48930,48900,48800,54810,54810,0,73050,73020,0,72840,72760,72760,76090,0,0,0,0,0,0,0
6018770,타무즈 DDR4-2666 CL19,타무즈,DDR4,2666,CL19,8GB,8,24860,25000,26510,26510,26510,26510,26510,26510,26510,26500,26500,26500,26500,26500,26500,26500,0,33820,33820,0,33820,41960,41840,41730,0,0,0,0,0,0,0
6018770,타무즈 DDR4-2666 CL19,타무즈,DDR4,2666,CL19,4GB,4,13200,13200,13200,13200,13200,13200,13200,13200,13200,13200,13200,13200,13200,13200,13200,13200,0,13200,13200,0,13200,13200,13200,13200,0,0,0,0,0,0,0
6018766,타무즈 DDR4-2666 CL19,타무즈,DDR4,2666,CL19,16GB,16,0,0,0,0,0,0,0,0,0,0,0,0,0,0,0,0,54810,0,0,72900,0,0,0,0,0,0,0,0,0,0,0
6018766,타무즈 DDR4-2666 CL19,타무즈,DDR4,2666,CL19,8GB,8,0,0,0,0,0,0,0,0,0,0,0,0,0,0,0,0,29750,0,0,33820,0,0,0,0,0,0,0,0,0,0,0
6018766,타무즈 DDR4-2666 CL19,타무즈,DDR4,2666,CL19,4GB,4,0,0,0,0,0,0,0,0,0,0,0,0,0,0,0,0,13200,0,0,13200,0,0,0,0,0,0,0,0,0,0,0
6925651,타무즈 DDR4-2666 CL19,타무즈,DDR4,2666,CL19,16GB,16,0,0,0,0,0,0,0,0,0,0,0,0,0,0,0,0,0,0,0,0,0,0,0,0,76090,76090,76090,76090,76090,85370,81710
6925651,타무즈 DDR4-2666 CL19,타무즈,DDR4,2666,CL19,8GB,8,0,0,0,0,0,0,0,0,0,0,0,0,0,0,0,0,0,0,0,0,0,0,0,0,46740,46740,46740,51820,51820,51820,51820
6925651,타무즈 DDR4-2666 CL19,타무즈,DDR4,2666,CL19,4GB,4,0,0,0,0,0,0,0,0,0,0,0,0,0,0,0,0,0,0,0,0,0,0,0,0,15040,15040,15040,15040,15040,15040,15040
10450266,타무즈 DDR4-3200 CL16,타무즈,DDR4,3200,CL16,8GB,8,26970,26970,26970,26970,26970,26970,26970,26970,26970,26970,26970,26970,0,0,0,0,0,0,0,0,0,0,0,0,0,0,0,0,0,0,0
13137290,타무즈 DDR4-3200 CL22,타무즈,DDR4,3200,CL22,32GB,32,123620,123620,126510,126510,126510,126510,0,0,0,126510,0,126510,126510,126510,146400,146400,161490,161370,161250,161130,167930,167810,174650,169410,169410,169410,174650,174650,174650,174650,174650
13137290,타무즈 DDR4-3200 CL22,타무즈,DDR4,3200,CL22,16GB,16,46920,46920,46920,46920,46920,46920,0,0,0,51990,0,49390,49390,51980,51980,54980,69810,74040,73920,73800,76240,77050,77050,84170,84070,85660,85660,90840,90840,90840,89900
13137290,타무즈 DDR4-3200 CL22,타무즈,DDR4,3200,CL22,8GB,8,26780,26780,26780,26780,26780,26780,0,0,0,28270,0,28270,28270,28240,28810,36120,35700,37720,37720,37720,36130,38630,40400,40400,85970,85970,85970,55580,55560,55210,55090
13137290,타무즈 DDR4-3200 CL22,타무즈,DDR4,3200,CL22,4GB,4,17710,17710,17710,17710,17710,17710,0,0,0,17710,0,17710,17710,17670,17820,17700,20470,20470,20470,20470,20470,21360,21360,21360,25220,25110,25090,25090,25090,25090,25090
13137278,타무즈 DDR4-3200 CL22,타무즈,DDR4,3200,CL22,32GB,32,0,0,0,0,0,0,126510,126510,126510,0,126510,0,0,0,0,0,0,0,0,0,0,0,0,0,0,0,0,0,0,0,0
13137278,타무즈 DDR4-3200 CL22,타무즈,DDR4,3200,CL22,16GB,16,0,0,0,0,0,0,46920,46920,46920,0,49390,0,0,0,0,0,0,0,0,0,0,0,0,0,0,0,0,0,0,0,0
13137278,타무즈 DDR4-3200 CL22,타무즈,DDR4,3200,CL22,8GB,8,0,0,0,0,0,0,26780,26780,26780,0,28270,0,0,0,0,0,0,0,0,0,0,0,0,0,0,0,0,0,0,0,0
13137278,타무즈 DDR4-3200 CL22,타무즈,DDR4,3200,CL22,4GB,4,0,0,0,0,0,0,17710,17710,17710,0,17710,0,0,0,0,0,0,0,0,0,0,0,0,0,0,0,0,0,0,0,0
16293893,타무즈 DDR5-4800 CL40,타무즈,DDR5,4800,CL40,16GB,16,69600,69600,69600,69600,69600,69600,69600,69600,69600,69600,69600,69600,69600,69600,0,0,0,0,0,0,0,0,0,0,0,0,0,0,0,0,0
31998278,타무즈 DDR5-5600 CL46,타무즈,DDR5,5600,CL46,32GB,32,131980,131940,134950,134950,134950,134950,134950,134950,134950,134950,130330,130210,130090,136190,145920,145920,213100,213100,213100,213100,0,0,0,0,0,0,0,0,0,0,0
31998278,타무즈 DDR5-5600 CL46,타무즈,DDR5,5600,CL46,16GB,16,66990,66990,66990,66990,66990,66990,66990,66990,64120,66990,66990,66990,66990,71150,80500,94620,99720,99690,99670,99550,106230,108960,113970,115880,138490,138500,156470,156470,156470,156470,156470
97847795,타무즈 DDR5-5600 CL46 ARGB 블랙,타무즈 ARGB 블랙,DDR5,5600,CL46,32GB,32,151600,151600,151600,151600,151600,151600,151600,151600,151600,151600,151600,151600,151600,151600,163000,179930,209950,209840,209720,209600,219360,220490,220490,233800,273000,273000,273000,0,0,0,0
97847795,타무즈 DDR5-5600 CL46 ARGB 블랙,타무즈 ARGB 블랙,DDR5,5600,CL46,16GB,16,75800,75800,75800,75800,75800,75800,75800,75800,75800,75800,75800,75800,75800,75800,83000,91980,107640,107640,107640,107640,115440,115490,115490,123430,175000,175000,175000,175000,175000,175000,175000
97847849,타무즈 DDR5-5600 CL46 ARGB 화이트,타무즈 ARGB 화이트,DDR5,5600,CL46,16GB,16,75800,75800,75800,75800,75800,75800,75800,75800,75800,75800,75800,75800,75800,75800,79500,91920,107640,107640,107640,107640,115440,115490,115500,0,175000,175000,175000,175000,175000,175000,175000
97847849,타무즈 DDR5-5600 CL46 ARGB 화이트,타무즈 ARGB 화이트,DDR5,5600,CL46,32GB,32,151600,151600,151600,151600,151600,151600,151600,151600,151600,151600,151600,151600,151600,151600,159000,179920,190000,190000,190000,190000,219360,220490,220490,0,273000,273000,273000,273000,0,0,273000
97847804,타무즈 DDR5-5600 CL46 ARGB 화이트,타무즈 ARGB 화이트,DDR5,5600,CL46,16GB,16,75800,0,0,0,0,0,0,75800,0,0,0,0,0,0,0,0,0,0,0,0,0,0,115500,0,0,0,0,0,0,0,0
97847804,타무즈 DDR5-5600 CL46 ARGB 화이트,타무즈 ARGB 화이트,DDR5,5600,CL46,32GB,32,151600,0,0,0,0,0,0,151600,0,0,0,0,0,0,0,0,0,0,0,0,0,0,220490,233800,0,0,0,0,0,0,0
96368429,타무즈 DDR5-5600 CL46 S5,타무즈 S5,DDR5,5600,CL46,16GB,16,74670,74670,74670,74670,74670,74670,74670,74670,74670,74670,74670,74670,74670,77710,82080,89340,105410,105410,105410,105410,105410,110430,110430,0,0,0,0,0,0,0,0
96368429,타무즈 DDR5-5600 CL46 S5,타무즈 S5,DDR5,5600,CL46,32GB,32,145420,145420,145420,145420,145420,145420,145420,145420,145420,145420,145420,145420,145420,150590,158020,158026,158026,152170,159000,198540,159000,159000,159000,0,0,0,0,0,0,0,0
96368408,타무즈 DDR5-5600 CL46 S5,타무즈 S5,DDR5,5600,CL46,16GB,16,74670,74670,74670,74670,74670,74670,74670,74670,74670,74670,74670,0,0,77710,82080,89340,105410,105410,105410,105410,105410,110430,110430,0,0,0,0,0,0,0,0
96368408,타무즈 DDR5-5600 CL46 S5,타무즈 S5,DDR5,5600,CL46,32GB,32,145420,145420,145420,145420,145420,145420,145420,145420,145420,145420,145420,0,0,150590,158020,158026,158026,152170,159000,198540,159000,159000,159000,159000,159000,0,0,0,0,0,0
4545912,타무즈 노트북 DDR3-1333 CL9,타무즈 노트북,DDR3,1333,CL9,4GB,4,10800,10800,10800,10800,10800,10800,10800,10800,10800,10800,10800,10800,10800,10800,10800,10800,10800,10800,10800,10800,10800,10800,10800,10800,12210,12210,12210,12210,12210,12210,12210
5215088,타무즈 노트북 DDR3L-1600 CL11 1.35V,타무즈 노트북 DDR3L-1600 1.35V,0,0,CL11,8GB,8,19800,19800,19800,19800,0,0,19800,0,19800,21500,21470,21350,21230,21170,21530,21410,21290,21170,21810,21810,22770,25860,0,0,0,0,0,26300,26300,25860,44760
5215088,타무즈 노트북 DDR3L-1600 CL11 1.35V,타무즈 노트북 DDR3L-1600 1.35V,0,0,CL11,4GB,4,11000,11000,11000,11000,0,0,11000,0,11000,11000,11000,11000,11000,11000,11000,11000,11340,11250,11230,11640,11920,11920,0,0,0,0,0,12680,12680,12680,12680
4545965,타무즈 노트북 DDR3L-1600 CL11 1.35V,타무즈 노트북 DDR3L-1600 1.35V,0,0,CL11,8GB,8,0,0,0,0,19800,19800,0,19800,0,0,0,0,0,0,0,0,0,0,0,0,0,0,25860,25860,26300,26300,26300,0,0,0,0
4545965,타무즈 노트북 DDR3L-1600 CL11 1.35V,타무즈 노트북 DDR3L-1600 1.35V,0,0,CL11,4GB,4,0,0,0,0,11000,11000,0,11000,0,0,0,0,0,0,0,0,0,0,0,0,0,0,12680,12680,12680,12680,12680,0,0,0,0
4546081,타무즈 노트북 DDR4-2133 CL15,타무즈 노트북,DDR4,2133,CL15,8GB,8,29010,29010,29010,29010,29010,29010,29010,29010,29010,29010,29010,29010,29010,28910,30120,31870,31870,37390,37390,37390,41430,41430,41430,44850,47900,47790,47660,53950,53580,53720,53600
5971453,타무즈 노트북 DDR4-2400 CL17,타무즈 노트북,DDR4,2400,CL17,8GB,8,29180,29110,29010,29010,29010,29010,29010,29010,29010,29010,29010,29010,29010,28910,30120,32800,38320,38320,38320,38320,39770,39770,39770,39770,39770,39770,39770,39770,39770,39770,39770
7004512,타무즈 노트북 DDR4-2666 CL19,타무즈 노트북,DDR4,2666,CL19,16GB,16,50450,50450,54630,54510,0,0,55530,55530,55530,0,55530,55530,55530,55530,56940,0,0,0,0,0,0,0,0,0,83300,83300,83300,94480,94480,91750,0
7004512,타무즈 노트북 DDR4-2666 CL19,타무즈 노트북,DDR4,2666,CL19,8GB,8,28560,28560,28560,28560,0,0,28560,28560,28560,0,28560,28560,28560,28460,28380,0,0,0,0,0,0,0,0,0,43790,43790,43790,54480,54480,54080,0
7004512,타무즈 노트북 DDR4-2666 CL19,타무즈 노트북,DDR4,2666,CL19,4GB,4,15040,15040,15580,16430,0,0,16190,16070,15950,0,15710,15590,15570,15530,16680,0,0,0,0,0,0,0,0,0,20390,20390,20390,20390,20390,20390,0
7151392,타무즈 노트북 DDR4-2666 CL19,타무즈 노트북,DDR4,2666,CL19,16GB,16,0,0,0,0,54420,54390,0,0,0,55530,0,0,0,0,0,60010,60010,71590,71590,71590,76420,76300,76180,83300,0,0,0,0,0,0,0
7151392,타무즈 노트북 DDR4-2666 CL19,타무즈 노트북,DDR4,2666,CL19,8GB,8,0,0,0,0,28560,28560,0,0,0,28560,0,0,0,0,0,33340,33340,39840,39840,39840,42540,42540,42540,42540,0,0,0,0,0,0,0
7151392,타무즈 노트북 DDR4-2666 CL19,타무즈 노트북,DDR4,2666,CL19,4GB,4,0,0,0,0,16340,16310,0,0,0,15830,0,0,0,0,0,16560,17400,17400,17400,17400,17400,17400,20390,20390,0,0,0,0,0,0,0
11655968,타무즈 노트북 DDR4-2666 CL19,타무즈 노트북,DDR4,2666,CL19,16GB,16,0,0,0,0,0,0,0,0,0,0,0,0,0,0,0,0,0,0,0,0,0,0,0,0,0,0,0,0,0,0,93730
11655968,타무즈 노트북 DDR4-2666 CL19,타무즈 노트북,DDR4,2666,CL19,8GB,8,0,0,0,0,0,0,0,0,0,0,0,0,0,0,0,0,0,0,0,0,0,0,0,0,0,0,0,0,0,0,53960
11655968,타무즈 노트북 DDR4-2666 CL19,타무즈 노트북,DDR4,2666,CL19,4GB,4,0,0,0,0,0,0,0,0,0,0,0,0,0,0,0,0,0,0,0,0,0,0,0,0,0,0,0,0,0,0,20390
10450275,타무즈 노트북 DDR4-3200 CL16,타무즈 노트북,DDR4,3200,CL16,8GB,8,33040,33040,33040,33040,33040,33040,33040,33040,33040,33040,33040,33040,33040,33040,39060,41510,48970,48970,48970,48970,0,0,0,0,0,0,0,0,0,0,0
13137365,타무즈 노트북 DDR4-3200 CL22,타무즈 노트북,DDR4,3200,CL22,32GB,32,121700,123740,125690,125690,125690,125690,125690,125690,125690,125690,125690,125690,125690,125590,0,0,0,0,0,0,0,0,185070,185300,190700,190700,190700,212590,212470,211190,211080
13137365,타무즈 노트북 DDR4-3200 CL22,타무즈 노트북,DDR4,3200,CL22,16GB,16,52230,52230,52230,52230,52230,52230,52230,52230,52230,52230,52230,52230,52230,55920,0,0,0,0,0,0,0,0,71170,71170,71170,71170,71170,71170,79260,79260,79260
13137365,타무즈 노트북 DDR4-3200 CL22,타무즈 노트북,DDR4,3200,CL22,8GB,8,29200,29200,29200,29200,29200,29200,29200,29200,29200,29200,29200,29200,29200,29170,0,0,0,0,0,0,0,0,41390,41390,41390,41390,41390,41390,43190,43190,43190
13137365,타무즈 노트북 DDR4-3200 CL22,타무즈 노트북,DDR4,3200,CL22,4GB,4,16090,16090,18100,18100,18100,18090,18090,18090,18090,18090,18090,18090,18090,18050,0,0,0,0,0,0,0,0,20390,20390,20390,20390,20390,20390,20390,20390,20390
13137374,타무즈 노트북 DDR4-3200 CL22,타무즈 노트북,DDR4,3200,CL22,32GB,32,0,0,0,0,0,0,0,0,0,0,0,0,0,0,125490,135040,162450,162450,162450,162450,167680,165800,0,0,0,0,0,0,0,0,0
13137374,타무즈 노트북 DDR4-3200 CL22,타무즈 노트북,DDR4,3200,CL22,16GB,16,0,0,0,0,0,0,0,0,0,0,0,0,0,0,60290,68430,71170,71140,71020,70900,71170,71170,0,0,0,0,0,0,0,0,0
13137374,타무즈 노트북 DDR4-3200 CL22,타무즈 노트북,DDR4,3200,CL22,8GB,8,0,0,0,0,0,0,0,0,0,0,0,0,0,0,31570,34620,34620,40610,40610,40610,41390,41390,0,0,0,0,0,0,0,0,0
13137374,타무즈 노트북 DDR4-3200 CL22,타무즈 노트북,DDR4,3200,CL22,4GB,4,0,0,0,0,0,0,0,0,0,0,0,0,0,0,18030,18030,18090,20320,20320,20320,20320,20390,0,0,0,0,0,0,0,0,0
43488485,타무즈 노트북 DDR5-5600 CL46,타무즈 노트북,DDR5,5600,CL46,32GB,32,141000,141000,141000,0,0,0,0,0,0,0,0,0,0,0,0,0,0,0,0,0,0,0,210530,239410,239410,239410,239410,299040,299050,303630,303550
43488485,타무즈 노트북 DDR5-5600 CL46,타무즈 노트북,DDR5,5600,CL46,16GB,16,69600,69600,69600,0,0,0,0,0,0,0,0,0,0,0,0,0,0,0,0,0,0,0,115050,115370,132050,133870,133750,152750,152750,152840,152750
43488509,타무즈 노트북 DDR5-5600 CL46,타무즈 노트북,DDR5,5600,CL46,32GB,32,0,0,0,141000,141000,141000,141000,141000,141000,141000,141000,141000,141000,179200,179200,179190,179190,179190,179190,179190,193410,193310,0,0,0,0,0,0,0,0,0
43488509,타무즈 노트북 DDR5-5600 CL46,타무즈 노트북,DDR5,5600,CL46,16GB,16,0,0,0,69600,69600,69600,69600,69600,69600,69600,69600,69600,69600,77630,77530,90730,92300,92180,92060,91940,104990,104480,0,0,0,0,0,0,0,0,0
8111455,트랜센드 DDR3-1600,트랜센드,DDR3,1600,0,4GB,4,10000,10000,10000,10000,10000,10000,10000,10000,10000,10000,10000,10000,10000,10000,10000,10000,10000,10000,10000,10000,10000,10000,10000,10000,10000,10000,10000,10000,10000,10000,10000
11272557,트랜센드 DDR4-2666 CL19,트랜센드,DDR4,2666,CL19,16GB,16,83000,83000,83000,83000,83000,83000,83000,83000,83000,83000,83000,83000,83000,83000,83000,83000,83000,83000,83000,83000,83000,83000,83000,83000,0,0,0,0,0,0,0
11272557,트랜센드 DDR4-2666 CL19,트랜센드,DDR4,2666,CL19,8GB,8,50000,50000,50000,50000,50000,50000,50000,50000,50000,50000,50000,50000,50000,50000,50000,50000,50000,50000,50000,50000,50000,50000,50000,50000,0,0,0,0,0,0,0
12076634,트랜센드 DDR4-3200 CL22,트랜센드,DDR4,3200,CL22,32GB,32,130570,130570,130570,130570,130570,130570,130570,130570,130570,130570,130570,130570,130570,130570,156810,156810,156810,156810,156810,156810,184230,184230,184230,185100,0,0,0,0,0,0,0
12076634,트랜센드 DDR4-3200 CL22,트랜센드,DDR4,3200,CL22,16GB,16,66980,66980,66980,66980,66980,66980,66980,66980,66980,66980,66980,66980,66980,66980,80570,80570,80580,80580,80580,80580,80800,80800,80800,80800,93750,93750,93750,0,0,0,0
12076634,트랜센드 DDR4-3200 CL22,트랜센드,DDR4,3200,CL22,8GB,8,37290,37290,37290,37290,37290,37290,37290,37290,37290,37290,37290,37290,37290,37290,37620,37620,37620,41650,41650,42200,42200,42200,42200,42200,52170,52170,52170,0,0,0,0
12076634,트랜센드 DDR4-3200 CL22,트랜센드,DDR4,3200,CL22,4GB,4,38720,38720,38720,38720,38720,38720,38720,38720,38720,38720,38720,38720,38720,38720,38720,38720,38720,11000,11000,11000,11000,11000,16000,16000,16000,16000,16000,0,0,0,0
12076652,트랜센드 DDR4-3200 CL22,트랜센드,DDR4,3200,CL22,16GB,16,0,0,0,0,0,0,0,0,0,0,0,0,0,0,0,0,0,0,0,0,0,0,0,0,0,0,0,94200,103100,105000,105000
12076652,트랜센드 DDR4-3200 CL22,트랜센드,DDR4,3200,CL22,8GB,8,0,0,0,0,0,0,0,0,0,0,0,0,0,0,0,0,0,0,0,0,0,0,0,0,0,0,0,52400,60000,60000,60000
12076652,트랜센드 DDR4-3200 CL22,트랜센드,DDR4,3200,CL22,4GB,4,0,0,0,0,0,0,0,0,0,0,0,0,0,0,0,0,0,0,0,0,0,0,0,0,0,0,0,16000,16000,16000,16000
12076652,트랜센드 DDR4-3200 CL22,트랜센드,DDR4,3200,CL22,32GB,32,0,0,0,0,0,0,0,0,0,0,0,0,0,0,0,0,0,0,0,0,0,0,0,0,0,0,0,0,214890,214890,214890
16867085,트랜센드 DDR5-4800 CL40,트랜센드,DDR5,4800,CL40,32GB,32,115960,115960,115960,115960,115960,115960,115960,115960,115960,115960,115960,115960,115960,116990,129120,129120,0,156860,156860,156860,198290,198770,198650,204000,224910,0,0,0,0,0,0
16867085,트랜센드 DDR5-4800 CL40,트랜센드,DDR5,4800,CL40,16GB,16,62600,62600,62600,62600,62600,62600,62600,62600,62600,62600,62600,62600,62600,62640,78000,78000,0,0,0,0,0,0,118760,123200,124110,0,0,0,0,0,0
16867106,트랜센드 DDR5-4800 CL40,트랜센드,DDR5,4800,CL40,32GB,32,0,0,0,0,0,0,0,0,0,0,0,0,0,0,0,0,147000,0,0,0,0,0,0,0,0,0,0,0,0,0,0
16867106,트랜센드 DDR5-4800 CL40,트랜센드,DDR5,4800,CL40,16GB,16,0,0,0,0,0,0,0,0,0,0,0,0,0,0,0,0,78000,0,0,0,0,0,0,0,0,124110,124110,148740,148740,148740,148740
17170637,트랜센드 DDR5-4800 CL40 Jetram,트랜센드 Jetram,DDR5,4800,CL40,16GB,16,62700,62700,62700,62700,62700,62700,62700,62700,62700,62700,62700,62700,62700,62700,78000,78000,78000,91392,91392,91392,91392,91392,119600,125000,0,0,0,0,0,0,0
74054723,트랜센드 DDR5-5600 CL46 Jetram,트랜센드 Jetram,DDR5,5600,CL46,32GB,32,151240,151240,151240,151230,151230,151230,151220,151220,151210,151210,151200,151200,151200,151240,151240,151240,176950,177300,177300,177300,177300,220500,220500,220500,0,0,0,0,0,0,0
74054723,트랜센드 DDR5-5600 CL46 Jetram,트랜센드 Jetram,DDR5,5600,CL46,16GB,16,77990,77990,77990,77990,77990,77990,77990,77990,77990,77990,77990,77990,77990,77990,77990,77990,92700,0,0,0,0,0,0,0,0,0,0,0,0,0,0
74421911,트랜센드 DDR5-6400 CL52 CUDIMM,트랜센드 CUDIMM,DDR5,6400,CL52,16GB,16,97490,97490,97490,97490,97480,97480,97470,97470,97460,97460,97450,97450,97450,97490,97490,97490,97500,97500,97500,97500,97500,97500,97500,119100,0,0,0,0,0,0,0
74421911,트랜센드 DDR5-6400 CL52 CUDIMM,트랜센드 CUDIMM,DDR5,6400,CL52,48GB,48,0,0,0,0,0,0,0,264500,264500,264500,264500,264500,264500,292300,292300,292300,292300,292300,292300,292300,372500,372500,372500,372500,0,0,0,0,0,0,0
74421911,트랜센드 DDR5-6400 CL52 CUDIMM,트랜센드 CUDIMM,DDR5,6400,CL52,32GB,32,0,0,0,0,0,0,0,182000,182000,182000,182000,182000,182000,202100,202100,202100,202100,202100,202100,202100,222980,222980,222980,222970,0,0,0,0,0,0,0
93564836,트랜센드 DDR5-6400 CL52 CUDIMM,트랜센드 CUDIMM,DDR5,6400,CL52,48GB,48,0,0,0,0,0,0,0,0,0,0,0,0,0,0,0,0,0,0,0,0,0,0,0,0,372500,372500,372500,372500,424000,424000,424000
93564836,트랜센드 DDR5-6400 CL52 CUDIMM,트랜센드 CUDIMM,DDR5,6400,CL52,32GB,32,0,0,0,0,0,0,0,0,0,0,0,0,0,0,0,0,0,0,0,0,0,0,0,0,222980,222980,222980,223090,278770,283980,283980
93564836,트랜센드 DDR5-6400 CL52 CUDIMM,트랜센드 CUDIMM,DDR5,6400,CL52,16GB,16,0,0,0,0,0,0,0,0,0,0,0,0,0,0,0,0,0,0,0,0,0,0,0,0,0,0,0,120300,135700,0,0
12513077,트랜센드 노트북 DDR4-3200 CL22,트랜센드 노트북,DDR4,3200,CL22,32GB,32,127550,130600,130600,130600,130600,130600,130600,130600,130600,130600,130600,130600,130600,130600,157200,157200,157200,0,0,0,0,0,0,0,0,0,0,0,0,0,0
12513077,트랜센드 노트북 DDR4-3200 CL22,트랜센드 노트북,DDR4,3200,CL22,16GB,16,65990,65990,65990,65990,65990,65990,65990,65990,65990,65990,65990,65990,65990,65990,69690,69690,69690,0,0,0,0,0,0,0,0,0,0,0,0,0,0
12513077,트랜센드 노트북 DDR4-3200 CL22,트랜센드 노트북,DDR4,3200,CL22,8GB,8,34900,34900,34900,34900,34900,34900,34900,34900,34900,34900,34900,34900,34900,34900,34900,34900,34900,0,0,0,0,0,0,0,0,0,0,0,0,0,0
12513077,트랜센드 노트북 DDR4-3200 CL22,트랜센드 노트북,DDR4,3200,CL22,4GB,4,15300,15300,15300,15300,15300,15300,15300,15300,15300,15300,15300,15300,15300,15300,15300,15300,15300,0,0,0,0,0,0,0,0,0,0,0,0,0,0
12076664,트랜센드 노트북 DDR4-3200 CL22,트랜센드 노트북,DDR4,3200,CL22,32GB,32,0,0,0,0,0,0,0,0,0,0,0,0,0,0,0,0,0,157200,157200,157200,157200,189470,189470,199000,189470,199000,199000,199000,0,0,214960
12076664,트랜센드 노트북 DDR4-3200 CL22,트랜센드 노트북,DDR4,3200,CL22,16GB,16,0,0,0,0,0,0,0,0,0,0,0,0,0,0,0,0,0,69690,69690,69690,69690,69690,69690,67610,67610,67610,69690,69690,69690,105000,105000
12076664,트랜센드 노트북 DDR4-3200 CL22,트랜센드 노트북,DDR4,3200,CL22,8GB,8,0,0,0,0,0,0,0,0,0,0,0,0,0,0,0,0,0,42800,42800,42800,42800,42800,42800,42800,51600,51600,51600,0,0,0,0
12076664,트랜센드 노트북 DDR4-3200 CL22,트랜센드 노트북,DDR4,3200,CL22,4GB,4,0,0,0,0,0,0,0,0,0,0,0,0,0,0,0,0,0,15300,15300,15300,15300,15300,15300,15300,15300,15300,15300,29500,29700,29700,29700
74056247,트랜센드 노트북 DDR5-4800 CL40,트랜센드 노트북,DDR5,4800,CL40,32GB,32,115200,115200,117000,117000,117000,117000,117000,117000,117000,117000,117000,117000,117000,117000,117000,117000,117000,117000,117000,117000,200000,199250,0,0,219370,219370,219370,0,0,0,0
74056247,트랜센드 노트북 DDR5-4800 CL40,트랜센드 노트북,DDR5,4800,CL40,16GB,16,59000,62700,62700,59000,0,0,0,0,0,59000,0,66000,0,78000,77740,77740,77740,98410,98410,98410,98310,98210,0,0,125000,125000,125000,0,0,0,0
74056274,트랜센드 노트북 DDR5-4800 CL40,트랜센드 노트북,DDR5,4800,CL40,32GB,32,0,0,0,0,0,0,0,0,0,0,0,0,0,0,0,0,0,0,0,0,0,0,199250,200000,0,0,0,220500,248410,248290,248170
74056274,트랜센드 노트북 DDR5-4800 CL40,트랜센드 노트북,DDR5,4800,CL40,16GB,16,0,0,0,0,0,0,0,0,0,0,0,0,0,0,0,0,0,0,0,0,0,0,98410,119600,0,0,0,125000,148720,148600,148480
17587577,트랜센드 노트북 DDR5-4800 CL40 Jetram,트랜센드 노트북 Jetram,DDR5,4800,CL40,32GB,32,117000,117000,117000,117000,117000,117000,117000,117000,117000,117000,117000,117000,117000,117000,0,0,0,0,0,0,200000,0,0,0,0,255550,255540,255540,0,255540,255540
17587577,트랜센드 노트북 DDR5-4800 CL40 Jetram,트랜센드 노트북 Jetram,DDR5,4800,CL40,16GB,16,0,0,0,0,0,0,0,0,0,0,0,0,0,0,0,0,0,0,0,0,0,0,0,0,0,0,0,0,0,150000,150000
17253788,트랜센드 노트북 DDR5-4800 CL40 Jetram,트랜센드 노트북 Jetram,DDR5,4800,CL40,32GB,32,0,0,0,0,0,0,0,0,0,0,0,0,0,0,0,0,0,0,0,0,0,0,0,0,0,0,0,0,255540,0,0
17253788,트랜센드 노트북 DDR5-4800 CL40 Jetram,트랜센드 노트북 Jetram,DDR5,4800,CL40,16GB,16,0,0,0,0,0,0,0,0,0,0,0,0,0,0,0,0,0,0,0,0,0,0,0,0,0,0,0,0,150000,0,0
74056385,트랜센드 노트북 DDR5-5600 CL46,트랜센드 노트북,DDR5,5600,CL46,32GB,32,135500,156890,156890,156890,156890,156890,156890,156890,156890,156890,156890,156890,156890,156890,170000,170000,170000,170000,170000,170000,200000,200000,200000,200000,340000,0,0,0,0,0,390000
74056385,트랜센드 노트북 DDR5-5600 CL46,트랜센드 노트북,DDR5,5600,CL46,16GB,16,71700,82900,82900,82900,82900,82900,82900,82900,82900,82900,82900,82900,82900,82900,82900,82900,82900,93700,93700,93700,114800,114800,114800,114800,180000,0,0,0,0,0,180000
74056385,트랜센드 노트북 DDR5-5600 CL46,트랜센드 노트북,DDR5,5600,CL46,8GB,8,47070,47070,47070,47070,47070,47070,47070,47070,47070,47070,47070,47070,47070,47070,47070,47070,54100,54100,54100,54100,68200,68200,68200,68200,0,0,0,0,0,0,0
74056361,트랜센드 노트북 DDR5-5600 CL46,트랜센드 노트북,DDR5,5600,CL46,32GB,32,0,0,0,0,0,0,0,0,0,0,0,0,0,0,0,0,0,0,0,0,0,0,0,0,0,340000,340000,340000,390000,390000,0
74056361,트랜센드 노트북 DDR5-5600 CL46,트랜센드 노트북,DDR5,5600,CL46,16GB,16,0,0,0,0,0,0,0,0,0,0,0,0,0,0,0,0,0,0,0,0,0,0,0,0,0,180000,180000,180000,180000,180000,0
95523926,트랜센드 노트북 DDR5-6400 CL52 CSODIMM,트랜센드 노트북 CSODIMM,DDR5,6400,CL52,16GB,16,160000,160000,160000,160000,160000,160000,160000,160000,160000,160000,160000,160000,160000,160000,160000,160000,160000,160000,160000,160000,160000,160000,160000,160000,160000,160000,160000,160000,160000,160000,160000
