Id,Name,ram_model,memory_gen,memory_speed,cl_value,capacity,capacity_gb,2024-09-01,2024-09-02,2024-09-03,2024-09-04,2024-09-05,2024-09-06,2024-09-07,2024-09-08,2024-09-09,2024-09-10,2024-09-11,2024-09-12,2024-09-13,2024-09-14,2024-09-15,2024-09-16,2024-09-17,2024-09-18,2024-09-19,2024-09-20,2024-09-21,2024-09-22,2024-09-23,2024-09-24,2024-09-25,2024-09-26,2024-09-27,2024-09-28,2024-09-29,2024-09-30
21593018,ADATA DDR4-3200 CL16 GAMMIX D35 블랙 패키지,ADATA GAMMIX D35 블랙 패키지,DDR4,3200,CL16,32GB(16GX2),32,105970,105970,105970,105970,105970,105970,105970,105970,105970,105970,105970,105970,0,0,0,0,0,0,0,0,0,0,0,105970,105970,105970,105970,105970,105970,105970
21593018,ADATA DDR4-3200 CL16 GAMMIX D35 블랙 패키지,ADATA GAMMIX D35 블랙 패키지,DDR4,3200,CL16,16GB(8GX2),16,71960,71960,71960,71960,71960,71960,71960,71960,71960,71960,71960,71960,0,0,0,0,0,0,0,0,0,0,0,71960,71960,71960,71960,71960,71960,71960
21593303,ADATA DDR4-3200 CL16 GAMMIX D35 화이트 패키지,ADATA GAMMIX D35 화이트 패키지,DDR4,3200,CL16,32GB(16GX2),32,105970,105970,105970,105970,105970,105970,105970,105970,0,0,105970,105970,105970,105970,105970,105970,105970,0,105970,105970,105970,105970,105970,105970,105970,105970,105970,105970,105970,105970
20754032,ADATA DDR4-3200 CL16 SPECTRIX D35G RGB 블랙 패키지,ADATA SPECTRIX D35G RGB 블랙 패키지,DDR4,3200,CL16,32GB(16GX2),32,110330,110330,110330,110330,110330,110330,110330,110330,110330,110330,110330,110330,110330,110330,0,0,110330,110330,110330,0,0,0,0,0,0,0,0,0,0,0
20754032,ADATA DDR4-3200 CL16 SPECTRIX D35G RGB 블랙 패키지,ADATA SPECTRIX D35G RGB 블랙 패키지,DDR4,3200,CL16,16GB(8GX2),16,60490,60490,60490,60490,60490,60490,60490,60490,60490,60490,60490,60490,60490,60490,0,0,60490,60490,60490,0,0,0,0,0,0,0,0,0,0,0
20754014,ADATA DDR4-3200 CL16 SPECTRIX D35G RGB 블랙 패키지,ADATA SPECTRIX D35G RGB 블랙 패키지,DDR4,3200,CL16,32GB(16GX2),32,0,0,0,0,0,0,0,0,0,0,0,0,0,0,110330,110330,0,0,0,110330,110330,110330,110330,110330,110330,110330,110330,110330,110330,110330
20754014,ADATA DDR4-3200 CL16 SPECTRIX D35G RGB 블랙 패키지,ADATA SPECTRIX D35G RGB 블랙 패키지,DDR4,3200,CL16,16GB(8GX2),16,0,0,0,0,0,0,0,0,0,0,0,0,0,0,60490,60490,0,0,0,60490,60490,60490,60490,60490,60490,60490,60490,60490,60490,60490
20754092,ADATA DDR4-3200 CL16 SPECTRIX D35G RGB 화이트 패키지,ADATA SPECTRIX D35G RGB 화이트 패키지,DDR4,3200,CL16,32GB(16GX2),32,102870,102870,102870,102870,102870,102870,102870,102870,102870,102870,102870,0,0,0,0,0,0,0,0,0,0,0,102870,102870,102870,102870,102870,102870,102840,0
20754092,ADATA DDR4-3200 CL16 SPECTRIX D35G RGB 화이트 패키지,ADATA SPECTRIX D35G RGB 화이트 패키지,DDR4,3200,CL16,16GB(8GX2),16,60880,60880,60880,60880,60880,60880,60880,60880,60880,60880,60880,0,0,0,0,0,0,0,0,0,0,0,60880,60880,60880,60880,60880,60880,60880,0
20754074,ADATA DDR4-3200 CL16 SPECTRIX D35G RGB 화이트 패키지,ADATA SPECTRIX D35G RGB 화이트 패키지,DDR4,3200,CL16,32GB(16GX2),32,0,0,0,0,0,0,0,0,0,0,0,102870,102870,102870,102870,102870,102870,102870,102870,102870,102870,102870,0,0,0,0,0,0,0,102840
20754074,ADATA DDR4-3200 CL16 SPECTRIX D35G RGB 화이트 패키지,ADATA SPECTRIX D35G RGB 화이트 패키지,DDR4,3200,CL16,16GB(8GX2),16,0,0,0,0,0,0,0,0,0,0,0,60880,60880,60880,60880,60880,60880,60880,60880,60880,60880,60880,0,0,0,0,0,0,0,60880
13287515,ADATA DDR4-3200 CL16 SPECTRIX D50 RGB 패키지,ADATA SPECTRIX D50 RGB 패키지,DDR4,3200,CL16,32GB(16GX2),32,103550,103550,103550,103550,103550,103550,103550,103550,103550,103550,103550,103550,103550,103550,103550,103550,103550,103550,103550,103550,103550,103550,103550,103550,103550,103550,103550,103550,103550,103550
12216656,ADATA DDR4-3200 CL16 SPECTRIX D50 RGB 화이트 패키지,ADATA SPECTRIX D50 RGB 화이트 패키지,DDR4,3200,CL16,32GB(16GX2),32,0,0,0,0,0,0,0,0,0,0,0,0,298000,298000,298000,298000,298000,298000,298000,298000,298000,298000,298000,298000,298000,298000,298000,298000,298000,298000
12091751,ADATA DDR4-3200 CL22,ADATA,DDR4,3200,CL22,32GB,32,74000,74000,0,0,0,0,0,0,0,74000,74000,74000,74000,74000,74000,74000,74000,74000,74000,74000,74000,74000,10240,74000,74000,74000,74000,74000,74000,74000
12091751,ADATA DDR4-3200 CL22,ADATA,DDR4,3200,CL22,16GB,16,43960,43940,0,0,0,0,0,0,0,43040,42920,42980,43370,43370,43370,43370,43370,43370,43370,43370,43370,43370,43370,43370,43320,43310,43300,43290,43280,43270
12091751,ADATA DDR4-3200 CL22,ADATA,DDR4,3200,CL22,8GB,8,18900,18900,0,0,0,0,0,0,0,23000,23000,23000,23000,23000,23000,23000,23000,23000,23000,23000,23000,23000,23000,23000,23000,23000,22990,22990,22990,22990
11830747,ADATA DDR4-3200 CL22,ADATA,DDR4,3200,CL22,32GB,32,0,0,74000,74000,74000,74000,74000,74000,74000,0,0,0,0,0,0,0,0,0,0,0,0,0,0,0,0,0,0,0,0,0
11830747,ADATA DDR4-3200 CL22,ADATA,DDR4,3200,CL22,16GB,16,0,0,43870,43760,43640,43520,43400,43280,43160,0,0,0,0,0,0,0,0,0,0,0,0,0,0,0,0,0,0,0,0,0
11830747,ADATA DDR4-3200 CL22,ADATA,DDR4,3200,CL22,8GB,8,0,0,18900,18900,18900,18900,23000,23000,23000,0,0,0,0,0,0,0,0,0,0,0,0,0,0,0,0,0,0,0,0,0
9276858,ADATA DDR4-3600 CL17 SPECTRIX D60G RGB 패키지,ADATA SPECTRIX D60G RGB 패키지,DDR4,3600,CL17,16GB(8GX2),16,0,0,424300,424300,424300,424300,0,0,0,0,0,0,0,0,0,0,0,0,0,0,0,0,0,0,0,0,0,0,0,0
21592844,ADATA DDR4-3600 CL18 GAMMIX D35 블랙 패키지,ADATA GAMMIX D35 블랙 패키지,DDR4,3600,CL18,32GB(16GX2),32,113710,113710,113710,0,0,0,0,0,0,0,0,0,0,0,0,0,0,0,0,0,0,0,0,0,0,0,0,0,0,0
21592844,ADATA DDR4-3600 CL18 GAMMIX D35 블랙 패키지,ADATA GAMMIX D35 블랙 패키지,DDR4,3600,CL18,16GB(8GX2),16,61460,61460,61460,0,0,0,0,0,0,0,0,0,0,0,0,0,0,0,0,0,0,0,0,0,0,0,0,0,0,0
21592682,ADATA DDR4-3600 CL18 GAMMIX D35 블랙 패키지,ADATA GAMMIX D35 블랙 패키지,DDR4,3600,CL18,32GB(16GX2),32,0,0,0,113710,113710,113710,113710,113710,113710,113710,113710,113710,113710,113710,113710,113710,113710,113710,113710,113710,113710,113710,113710,113710,113710,113710,113710,113710,113710,113710
21592682,ADATA DDR4-3600 CL18 GAMMIX D35 블랙 패키지,ADATA GAMMIX D35 블랙 패키지,DDR4,3600,CL18,16GB(8GX2),16,0,0,0,61460,61460,61460,61460,61460,61460,61460,61460,61460,61460,61460,61460,61460,61460,61460,61460,61460,61460,61460,61460,61460,61460,61460,61460,61460,61460,61460
21593219,ADATA DDR4-3600 CL18 GAMMIX D35 화이트 패키지,ADATA GAMMIX D35 화이트 패키지,DDR4,3600,CL18,16GB(8GX2),16,63500,63500,63500,0,63500,63500,63500,63500,63500,63500,63500,0,0,0,0,0,0,63500,63500,63500,63500,63500,63500,63500,0,0,63500,63500,63500,63500
20754161,ADATA DDR4-3600 CL18 SPECTRIX D35G RGB 블랙 패키지,ADATA SPECTRIX D35G RGB 블랙 패키지,DDR4,3600,CL18,16GB(8GX2),16,62910,62910,62910,62910,62910,62910,62910,62910,62910,62910,62910,62910,62910,62910,0,0,0,0,0,0,0,0,0,0,0,0,0,0,0,0
20754203,ADATA DDR4-3600 CL18 SPECTRIX D35G RGB 화이트 패키지,ADATA SPECTRIX D35G RGB 화이트 패키지,DDR4,3600,CL18,32GB(16GX2),32,105420,105390,105290,105260,105160,105160,105490,105490,105490,0,105490,105490,105500,105490,105490,105490,105490,105490,105490,105490,105490,105490,105490,0,105420,105330,105320,105310,105300,105270
20754203,ADATA DDR4-3600 CL18 SPECTRIX D35G RGB 화이트 패키지,ADATA SPECTRIX D35G RGB 화이트 패키지,DDR4,3600,CL18,16GB(8GX2),16,63230,63200,63100,63350,63350,63350,63350,63350,63350,0,64800,64800,64800,64800,64800,64800,64800,64800,64800,64790,64790,64790,64790,0,64790,64790,64790,64790,64790,64790
20754176,ADATA DDR4-3600 CL18 SPECTRIX D35G RGB 화이트 패키지,ADATA SPECTRIX D35G RGB 화이트 패키지,DDR4,3600,CL18,32GB(16GX2),32,0,0,0,0,0,0,0,0,0,105490,0,0,0,0,0,0,0,0,0,0,0,0,0,105440,0,0,0,0,0,0
20754176,ADATA DDR4-3600 CL18 SPECTRIX D35G RGB 화이트 패키지,ADATA SPECTRIX D35G RGB 화이트 패키지,DDR4,3600,CL18,16GB(8GX2),16,0,0,0,0,0,0,0,0,0,64400,0,0,0,0,0,0,0,0,0,0,0,0,0,64790,0,0,0,0,0,0
13089353,ADATA DDR4-3600 CL18 SPECTRIX D60G RGB 패키지,ADATA SPECTRIX D60G RGB 패키지,DDR4,3600,CL18,16GB(8GX2),16,0,77910,77910,77910,77910,77910,77910,77910,77910,77910,77910,77910,0,0,0,0,0,77910,77910,77910,77910,77910,77910,77910,0,0,77910,77910,77910,77910
15592385,ADATA DDR5-4800 CL40,ADATA,DDR5,4800,CL40,16GB,16,218460,218460,218460,218460,218460,218460,218460,218460,218460,218460,218460,218460,218460,218460,218460,218460,218460,218460,218460,218460,218460,218460,218460,218460,218460,218460,218460,218460,218460,218460
15598844,ADATA DDR5-5200 CL38 LANCER RGB 블랙 패키지,ADATA LANCER RGB 블랙 패키지,DDR5,5200,CL38,32GB(16GX2),32,374000,374000,374000,374000,374000,374000,374000,374000,374000,374000,374000,374000,374000,374000,374000,374000,374000,374000,374000,374000,374000,374000,374000,374000,374000,374000,374000,374000,374000,374000
15598841,ADATA DDR5-5200 CL38 LANCER 블랙 패키지,ADATA LANCER 블랙 패키지,DDR5,5200,CL38,32GB(16GX2),32,791570,791570,791570,791570,791570,792070,792070,792070,792070,792070,792070,792070,822070,822070,822070,822070,822070,822070,822070,822070,822070,822070,822070,822070,822070,822070,822070,810970,810970,810970
27940799,ADATA DDR5-5600 CL46,ADATA,DDR5,5600,CL46,32GB,32,119500,119500,119500,119500,119500,119500,119500,119500,119500,119500,119500,119500,119500,119500,119500,119500,119500,119500,119500,119500,0,0,0,0,0,0,0,145600,145600,145600
27940799,ADATA DDR5-5600 CL46,ADATA,DDR5,5600,CL46,16GB,16,64660,64660,65000,65000,65000,65000,65000,65000,65000,65000,65000,65000,65000,65000,65000,65000,65000,65000,65000,65000,0,0,0,0,0,0,0,65000,65000,65000
27940781,ADATA DDR5-5600 CL46,ADATA,DDR5,5600,CL46,32GB,32,0,0,0,0,0,0,0,0,0,0,0,0,0,0,0,0,0,0,0,0,119500,119500,119500,119500,107900,145600,145600,0,0,0
27940781,ADATA DDR5-5600 CL46,ADATA,DDR5,5600,CL46,16GB,16,0,0,0,0,0,0,0,0,0,0,0,0,0,0,0,0,0,0,0,0,65000,65000,65000,72000,65000,65000,65000,0,0,0
51553754,ADATA DDR5-5600 CL46 PMIC락,ADATA PMIC락,DDR5,5600,CL46,16GB,16,64990,64990,64990,64990,64990,64990,64990,64990,64990,64990,65000,65000,65000,65000,65000,65000,65000,65000,65000,65000,65000,65000,64990,64990,64920,56060,56060,56060,56060,56060
46100672,ADATA DDR5-5600 CL46 패키지,ADATA 패키지,DDR5,5600,CL46,64GB(32GX2),64,252950,252920,255530,258300,258300,258300,0,0,0,0,0,0,0,0,0,0,0,0,0,0,258300,0,0,0,0,0,0,233630,233620,233620
46100672,ADATA DDR5-5600 CL46 패키지,ADATA 패키지,DDR5,5600,CL46,32GB(16GX2),32,134090,134060,133960,133950,133920,133800,0,0,0,0,0,0,0,0,0,0,0,0,0,0,137120,0,0,0,0,0,0,123000,123000,123000
28395059,ADATA DDR5-5600 CL46 패키지,ADATA 패키지,DDR5,5600,CL46,64GB(32GX2),64,0,0,0,0,0,0,258300,258300,258300,258300,258300,258300,258300,258300,258300,258300,258300,258300,258290,258300,0,258300,258300,233630,233630,233630,233630,0,0,0
28395059,ADATA DDR5-5600 CL46 패키지,ADATA 패키지,DDR5,5600,CL46,32GB(16GX2),32,0,0,0,0,0,0,133680,133560,133440,133320,133200,133080,134350,134350,137120,137120,137120,137120,137120,137120,0,137120,137120,123000,123000,123000,123000,0,0,0
29822102,ADATA DDR5-5600 CL46-45-45,ADATA -45-45,DDR5,5600,CL46,32GB,32,116640,116620,116590,116490,116380,116260,116140,116020,115900,115780,115660,115540,116990,116980,0,116850,116990,116980,0,116990,115000,114990,114990,0,0,0,0,0,0,0
29822102,ADATA DDR5-5600 CL46-45-45,ADATA -45-45,DDR5,5600,CL46,16GB,16,56060,56060,56060,56060,64970,56060,56060,56060,56060,64400,64880,64760,64720,64880,0,64990,64990,64990,0,64990,64990,64990,64990,0,0,0,0,0,0,0
29822126,ADATA DDR5-5600 CL46-45-45,ADATA -45-45,DDR5,5600,CL46,32GB,32,0,0,0,0,0,0,0,0,0,0,0,0,0,0,116880,0,0,0,116890,0,0,0,0,106470,107890,107890,107890,107890,107890,107890
29822126,ADATA DDR5-5600 CL46-45-45,ADATA -45-45,DDR5,5600,CL46,16GB,16,0,0,0,0,0,0,0,0,0,0,0,0,0,0,64990,0,0,0,64990,0,0,0,0,64930,64820,64800,64770,64670,64660,64650
19229168,ADATA DDR5-6000 CL30 CASTER 패키지,ADATA CASTER 패키지,DDR5,6000,CL30,32GB(16GX2),32,178990,178990,179000,179000,179000,179000,179000,179000,179000,178990,178990,178990,178990,178990,178990,178990,178990,178990,178990,178990,178990,178990,178990,178990,178920,178870,178860,178830,178710,178590
46365512,ADATA DDR5-6000 CL30 LANCER BLADE RGB 블랙 패키지,ADATA LANCER BLADE RGB 블랙 패키지,DDR5,6000,CL30,64GB(32GX2),64,334800,334770,334670,334660,334630,334510,334390,334270,0,0,334990,0,0,0,0,0,0,0,0,0,0,0,0,0,318990,0,0,0,0,0
46365512,ADATA DDR5-6000 CL30 LANCER BLADE RGB 블랙 패키지,ADATA LANCER BLADE RGB 블랙 패키지,DDR5,6000,CL30,32GB(16GX2),32,172730,172730,172730,172730,172730,172290,172170,172050,0,0,170700,0,0,0,0,0,0,0,0,0,0,0,0,0,163800,0,0,0,0,0
27785552,ADATA DDR5-6000 CL30 LANCER BLADE RGB 블랙 패키지,ADATA LANCER BLADE RGB 블랙 패키지,DDR5,6000,CL30,64GB(32GX2),64,0,0,0,0,0,0,0,0,334180,334180,0,334990,335000,335000,335000,334990,334990,335000,335000,335000,335000,335000,334990,318680,0,318990,318990,318990,318990,318940
27785552,ADATA DDR5-6000 CL30 LANCER BLADE RGB 블랙 패키지,ADATA LANCER BLADE RGB 블랙 패키지,DDR5,6000,CL30,32GB(16GX2),32,0,0,0,0,0,0,0,0,171930,171810,0,170600,172000,172000,172000,172000,172000,172000,172000,172000,172000,172000,172000,163080,0,163800,163800,163800,163800,163800
27785618,ADATA DDR5-6000 CL30 LANCER BLADE RGB 화이트 패키지,ADATA LANCER BLADE RGB 화이트 패키지,DDR5,6000,CL30,64GB(32GX2),64,334430,334430,334430,334430,320810,320780,0,0,320420,320300,320210,320180,324980,324880,324850,334430,334430,334430,334430,334430,334430,334430,334430,318140,318150,318150,318150,318150,318150,318150
27785618,ADATA DDR5-6000 CL30 LANCER BLADE RGB 화이트 패키지,ADATA LANCER BLADE RGB 화이트 패키지,DDR5,6000,CL30,32GB(16GX2),32,172620,172560,172550,172540,172510,172390,0,0,172030,169940,169920,169890,170870,172030,172990,172990,172990,172990,172990,172990,172990,172990,172990,164000,163990,163980,163970,163960,163950,163920
46390997,ADATA DDR5-6000 CL30 LANCER BLADE RGB 화이트 패키지,ADATA LANCER BLADE RGB 화이트 패키지,DDR5,6000,CL30,64GB(32GX2),64,0,0,0,0,0,0,320660,320540,0,0,0,0,0,0,0,0,0,0,0,0,0,0,0,0,0,0,0,0,0,0
46390997,ADATA DDR5-6000 CL30 LANCER BLADE RGB 화이트 패키지,ADATA LANCER BLADE RGB 화이트 패키지,DDR5,6000,CL30,32GB(16GX2),32,0,0,0,0,0,0,172270,172150,0,0,0,0,0,0,0,0,0,0,0,0,0,0,0,0,0,0,0,0,0,0
57504575,ADATA DDR5-6000 CL30 LANCER BLADE 블랙,ADATA LANCER BLADE 블랙,DDR5,6000,CL30,16GB,16,77800,77770,77670,77640,77530,77410,77290,77170,77050,76930,77990,77960,77920,77990,77990,77990,77990,77990,77990,77990,77990,77990,77990,77930,77820,77790,77780,77770,77730,77630
60247529,ADATA DDR5-6000 CL30 LANCER BLADE 화이트,ADATA LANCER BLADE 화이트,DDR5,6000,CL30,16GB,16,77810,77790,78000,78000,78000,78000,78000,78000,78000,78000,78000,78000,78000,78000,78000,78000,78000,78000,78000,78000,78000,78000,78000,78000,78000,78000,78000,78000,78000,78000
19235519,ADATA DDR5-6000 CL30 LANCER RGB 블랙 패키지,ADATA LANCER RGB 블랙 패키지,DDR5,6000,CL30,64GB(32GX2),64,335140,335020,334920,334890,334780,334660,334540,334420,334300,0,0,0,0,0,0,0,0,0,0,0,0,0,0,0,0,0,0,0,0,0
19235519,ADATA DDR5-6000 CL30 LANCER RGB 블랙 패키지,ADATA LANCER RGB 블랙 패키지,DDR5,6000,CL30,32GB(16GX2),32,178720,178690,178590,178580,178550,178430,178310,178190,178070,0,0,0,0,0,0,0,0,0,0,0,0,0,0,0,0,0,0,0,0,0
19235489,ADATA DDR5-6000 CL30 LANCER RGB 블랙 패키지,ADATA LANCER RGB 블랙 패키지,DDR5,6000,CL30,64GB(32GX2),64,0,0,0,0,0,0,0,0,0,334180,334060,333940,333960,334720,334720,337990,337990,337990,337990,337990,337990,337990,337990,323770,323990,323980,323970,323960,323940,323930
19235489,ADATA DDR5-6000 CL30 LANCER RGB 블랙 패키지,ADATA LANCER RGB 블랙 패키지,DDR5,6000,CL30,32GB(16GX2),32,0,0,0,0,0,0,0,0,0,177950,177830,177710,177640,177640,178990,178990,178990,178990,178990,178990,178990,178990,178990,166000,165990,165990,165990,165990,165990,165920
19235582,ADATA DDR5-6000 CL30 LANCER RGB 화이트 패키지,ADATA LANCER RGB 화이트 패키지,DDR5,6000,CL30,64GB(32GX2),64,321120,321000,320900,320890,320890,323990,324000,324000,324000,0,0,0,0,0,0,0,0,324000,324000,324000,0,324000,323990,323990,323920,323870,323860,323850,323840,323830
19235582,ADATA DDR5-6000 CL30 LANCER RGB 화이트 패키지,ADATA LANCER RGB 화이트 패키지,DDR5,6000,CL30,32GB(16GX2),32,154500,154500,154500,154500,154500,154500,154500,154500,154500,0,0,0,0,0,0,0,0,154500,154500,154500,0,154500,154500,154500,154500,154500,155000,155000,155000,155000
19235594,ADATA DDR5-6000 CL30 LANCER RGB 화이트 패키지,ADATA LANCER RGB 화이트 패키지,DDR5,6000,CL30,64GB(32GX2),64,0,0,0,0,0,0,0,0,0,324000,324000,324000,324000,324000,324000,324000,324000,0,0,0,324000,0,0,0,0,0,0,0,0,0
19235594,ADATA DDR5-6000 CL30 LANCER RGB 화이트 패키지,ADATA LANCER RGB 화이트 패키지,DDR5,6000,CL30,32GB(16GX2),32,0,0,0,0,0,0,0,0,0,154500,154500,154500,154500,154500,154500,154500,154500,0,0,0,154500,0,0,0,0,0,0,0,0,0
16047602,ADATA DDR5-6000 CL40 LANCER RGB 블랙 패키지,ADATA LANCER RGB 블랙 패키지,DDR5,6000,CL40,32GB(16GX2),32,170100,170100,170100,170100,170100,170100,170100,170100,170100,159000,159000,159000,159000,159000,159000,159000,159000,159000,159000,159000,159000,159000,159000,159000,159000,159000,159000,159000,159000,159000
27785819,ADATA DDR5-6400 CL32 LANCER BLADE RGB 블랙 패키지,ADATA LANCER BLADE RGB 블랙 패키지,DDR5,6400,CL32,32GB(16GX2),32,173920,173890,174000,173990,173990,173990,173990,173990,173990,173990,174000,174000,174000,174000,174000,174000,174000,174000,174000,174000,174000,174000,174000,167000,166990,166980,166970,166960,166940,166930
27785843,ADATA DDR5-6400 CL32 LANCER BLADE RGB 화이트 패키지,ADATA LANCER BLADE RGB 화이트 패키지,DDR5,6400,CL32,32GB(16GX2),32,173770,173740,173650,173650,173610,173520,173400,173280,173310,173310,174000,174000,174000,174000,174000,174000,174000,174000,173980,174000,174000,174000,174000,167000,167000,167000,167000,167000,167000,167000
19235621,ADATA DDR5-6400 CL32 LANCER RGB 화이트 패키지,ADATA LANCER RGB 화이트 패키지,DDR5,6400,CL32,32GB(16GX2),32,174000,174000,174000,174000,174000,174000,174000,174000,174000,174000,174000,0,0,0,0,0,0,0,0,0,0,0,0,0,0,0,0,0,0,0
18921899,ADATA DDR5-7200 CL34 LANCER RGB 블랙 패키지,ADATA LANCER RGB 블랙 패키지,DDR5,7200,CL34,32GB(16GX2),32,204990,204990,204990,204990,204990,204990,204990,204990,204990,204990,205000,205000,204990,204990,204990,205000,204990,204990,204940,204990,204990,204990,204990,204990,204920,204890,204880,204870,204830,204730
18921959,ADATA XPG DDR5-7200 CL34 LANCER RGB 화이트 패키지,ADATA XPG LANCER RGB 화이트 패키지,DDR5,7200,CL34,32GB(16GX2),32,204750,204750,204750,204750,204750,204750,204750,204750,204750,204750,204750,204750,204750,204750,204750,204750,204750,204750,204750,204750,204750,204750,204750,204750,204750,204750,204750,204750,204740,204740
16795553,ADATA 노트북 DDR4-2666 중고,ADATA 노트북 중고,DDR4,2666,0,4GB,4,8900,8900,8900,8900,8900,8900,8900,8900,8900,8900,8900,8900,8900,8900,8900,8900,8900,8900,8900,8900,8900,8900,8900,8900,8900,8900,8900,8900,8900,8900
11196249,ADATA 노트북 DDR4-3200 CL22,ADATA 노트북,DDR4,3200,CL22,16GB,16,39500,39500,39500,39500,39500,39500,39500,39500,39500,39500,39500,39500,39500,39500,39500,39500,39500,39500,39500,39500,39500,39500,39500,39500,39500,39500,39500,39500,39500,39500
11196249,ADATA 노트북 DDR4-3200 CL22,ADATA 노트북,DDR4,3200,CL22,8GB,8,73000,73000,73000,73000,73000,73000,73000,73000,73000,73000,73000,73000,73000,73000,73000,73000,73000,73000,73000,73000,73000,73000,73000,73000,73000,73000,73000,73000,73000,73000
16707767,ADATA 노트북 DDR5-4800,ADATA 노트북,DDR5,4800,0,16GB,16,90000,90000,90000,90000,90000,90000,90000,90000,90000,90000,90000,90000,90000,90000,90000,90000,90000,90000,0,0,0,0,0,0,0,90000,90000,90000,90000,90000
14218337,ANACOMDA DDR4-2666 CL19,ANACOMDA,DDR4,2666,CL19,16GB,16,43310,43310,43310,43310,43310,43310,43310,43310,43310,43310,43310,43310,43310,43310,43310,43310,43310,43310,43310,43310,43310,43310,43310,43310,43310,43310,43310,43310,43310,43310
14218556,ANACOMDA DDR4-3200 CL16 ET RGB Black 패키지,ANACOMDA ET RGB Black 패키지,DDR4,3200,CL16,16GB(8GX2),16,72230,72230,72230,72230,72230,72230,72230,72230,72230,72230,72230,72230,72230,72230,72230,72230,72230,72230,72230,72230,72230,72230,72230,72230,72230,72230,72230,72230,72230,72230
21639344,ANACOMDA DDR4-3200 CL16 ET RGB White 패키지,ANACOMDA ET RGB White 패키지,DDR4,3200,CL16,32GB(16GX2),32,0,0,0,0,0,0,0,0,0,0,0,0,0,0,0,0,0,0,0,0,0,129000,129000,129000,129000,129000,129000,129000,0,0
15476741,ANACOMDA DDR4-3600 CL18 ET RGB Black 패키지,ANACOMDA ET RGB Black 패키지,DDR4,3600,CL18,16GB(8GX2),16,69000,69000,69000,69000,69000,69000,69000,69000,69000,69000,69000,69000,69000,69000,69000,69000,69000,69000,69000,69000,69000,69000,69000,69000,69000,69000,69000,69000,69000,69000
67581491,ANACOMDA DDR5-6000 CL36 G5 파이썬 ARGB White 패키지,ANACOMDA G5 파이썬 ARGB White 패키지,DDR5,6000,CL36,32GB(16GX2),32,0,0,0,0,0,0,0,0,0,0,0,0,0,0,0,0,0,0,0,0,0,0,0,0,0,147000,147000,147000,147000,147000
21758186,ANACOMDA DDR5-6000 CL40 ET RGB Black 패키지,ANACOMDA ET RGB Black 패키지,DDR5,6000,CL40,32GB(16GX2),32,0,0,0,0,0,0,0,0,0,0,0,0,0,0,0,0,0,0,0,0,160000,160000,160000,160000,160000,160000,160000,160000,160000,160000
2430601,AVEXIR DDR3-1600 CL10 Blitz 1.1 Original 패키지 대양케이스,AVEXIR Blitz 1.1 Original 패키지 대양케이스,DDR3,1600,CL10,16GB(8GX2),16,0,0,0,0,200000,200000,200000,0,0,0,0,0,0,0,0,0,0,200000,0,200000,200000,200000,0,0,0,200000,200000,200000,200000,200000
14091533,ArchMemory DDR4-2666 ECC for Synology,ArchMemory ECC for Synology,DDR4,2666,0,16GB,16,564000,564000,0,564000,0,0,0,0,0,0,0,0,0,0,0,0,0,0,0,0,0,0,0,0,0,0,0,0,0,0
4017369,CORSAIR DDR4-2666 CL15 Dominator Platinum 패키지,CORSAIR Dominator Platinum 패키지,DDR4,2666,CL15,64GB(16GX4),64,1133450,1828150,0,0,0,0,0,0,0,1133450,1133450,1133450,1133450,1133450,1133450,1133450,1133450,1133450,1133450,1133450,1133450,1133450,1133450,1133450,1133450,1133450,1133450,0,0,0
4017369,CORSAIR DDR4-2666 CL15 Dominator Platinum 패키지,CORSAIR Dominator Platinum 패키지,DDR4,2666,CL15,32GB(8GX4),32,399800,399800,0,0,0,0,0,0,0,399800,399800,399800,399800,399800,399800,399800,399800,399800,399800,399800,399800,399800,399800,399800,399800,399800,399800,0,0,0
2871329,CORSAIR DDR4-2666 CL15 Dominator Platinum 패키지,CORSAIR Dominator Platinum 패키지,DDR4,2666,CL15,64GB(16GX4),64,0,0,1133450,1133450,1133450,1133450,1133450,1133450,1133450,0,0,0,0,0,0,0,0,0,0,0,0,0,0,0,0,0,0,1133450,1133450,1133450
2871329,CORSAIR DDR4-2666 CL15 Dominator Platinum 패키지,CORSAIR Dominator Platinum 패키지,DDR4,2666,CL15,32GB(8GX4),32,0,0,399800,399800,399800,399800,399800,399800,399800,0,0,0,0,0,0,0,0,0,0,0,0,0,0,0,0,0,0,399800,399800,399800
4482762,CORSAIR DDR4-2666 CL16 VENGEANCE LED WHITE 패키지,CORSAIR VENGEANCE LED WHITE 패키지,DDR4,2666,CL16,32GB(8GX4),32,612670,612670,612670,612670,612670,612670,612670,612670,612670,612670,612670,612670,612670,612670,612670,612670,612670,612670,612670,612670,612670,612670,612670,612670,612670,612670,612670,612670,612670,612670
4466172,CORSAIR DDR4-2666 CL16 VENGEANCE LED 레드 패키지,CORSAIR VENGEANCE LED 레드 패키지,DDR4,2666,CL16,32GB(8GX4),32,612670,612670,612670,612670,612670,612670,612670,612670,612670,612670,612670,612670,612670,612670,612670,612670,612670,612670,612670,612670,612670,612670,612670,612670,612670,612670,612670,612670,612670,612670
17708504,CORSAIR DDR4-2666 CL16 VENGEANCE LPX BLACK,CORSAIR VENGEANCE LPX BLACK,DDR4,2666,CL16,16GB,16,98770,98770,98770,98770,98770,98770,98770,98770,98770,98770,98770,98770,98770,98770,98770,98770,98770,98770,98770,98770,98770,98770,98770,98770,98770,98770,98770,98770,98770,98770
17708504,CORSAIR DDR4-2666 CL16 VENGEANCE LPX BLACK,CORSAIR VENGEANCE LPX BLACK,DDR4,2666,CL16,8GB,8,42680,42680,42680,42680,42680,42680,42680,42680,42680,42680,42680,42680,42680,42680,42680,42680,42680,42680,42680,42680,42680,42680,42680,42680,42680,42680,42680,42680,42680,42680
7170313,CORSAIR DDR4-2666 CL16 VENGEANCE LPX BLACK 패키지,CORSAIR VENGEANCE LPX BLACK 패키지,DDR4,2666,CL16,16GB(8GX2),16,104490,104490,104490,104490,104490,104490,104490,104490,104490,104490,104490,104490,104490,104490,104490,104490,104490,104490,104490,104490,104490,104490,104350,104350,104350,104350,104350,104350,104350,104350
6259453,CORSAIR DDR4-2666 CL16 VENGEANCE PRO RGB BLACK 패키지,CORSAIR VENGEANCE PRO RGB BLACK 패키지,DDR4,2666,CL16,64GB(8GX8),64,682230,682230,682230,682230,665990,665990,665990,665990,665990,665990,665990,665990,666000,666000,666000,666000,666000,666000,666000,666000,666000,666000,666000,666000,665990,665990,665990,665990,665990,665990
6259605,CORSAIR DDR4-2666 CL16 VENGEANCE PRO RGB WHITE 패키지,CORSAIR VENGEANCE PRO RGB WHITE 패키지,DDR4,2666,CL16,64GB(8GX8),64,646790,646790,646790,646790,646790,646790,646790,646790,646790,646790,646790,646790,646790,646790,646790,646790,646790,646790,646790,646790,646790,646790,646790,646790,646790,646790,646790,646790,646790,646790
5137261,CORSAIR DDR4-2666 CL16 VENGEANCE RGB 패키지,CORSAIR VENGEANCE RGB 패키지,DDR4,2666,CL16,32GB(16GX2),32,590000,590000,590000,590000,590000,590000,590000,590000,590000,590000,590000,590000,590000,590000,590000,590000,590000,590000,590000,590000,590000,590000,590000,590000,590000,590000,590000,590000,590000,590000
5137261,CORSAIR DDR4-2666 CL16 VENGEANCE RGB 패키지,CORSAIR VENGEANCE RGB 패키지,DDR4,2666,CL16,32GB(8GX4),32,352040,352040,352040,352040,352040,352040,352040,352040,352040,352040,352050,352050,352040,352040,352040,352040,352040,352040,352040,352040,352040,352040,351590,351590,351590,351590,351580,351580,351580,351580
7331836,CORSAIR DDR4-3000 CL15 Dominator Platinum RGB 패키지,CORSAIR Dominator Platinum RGB 패키지,DDR4,3000,CL15,32GB(8GX4),32,375840,374300,375840,375840,374300,374300,374300,374300,374300,374300,374300,374300,374300,374300,374300,374300,374300,374300,374300,374300,374300,374300,374300,374300,374300,374300,374290,374290,374290,374290
7331836,CORSAIR DDR4-3000 CL15 Dominator Platinum RGB 패키지,CORSAIR Dominator Platinum RGB 패키지,DDR4,3000,CL15,16GB(8GX2),16,187390,187390,187390,187390,186600,186600,186600,186600,186600,186600,186600,186600,186600,186600,186600,186600,186600,186600,186600,186600,186600,186600,186600,186600,186600,186600,186600,186600,186600,186600
6259482,CORSAIR DDR4-3000 CL15 VENGEANCE PRO RGB BLACK 패키지,CORSAIR VENGEANCE PRO RGB BLACK 패키지,DDR4,3000,CL15,64GB(8GX8),64,657790,657790,657790,657790,657790,657790,657790,657790,657790,657440,657790,657790,657790,657790,657790,657790,657790,657790,657790,657790,657790,657790,657790,657790,657790,657790,657790,657790,657790,657790
5041720,CORSAIR DDR4-3000 CL15 VENGEANCE RGB 패키지,CORSAIR VENGEANCE RGB 패키지,DDR4,3000,CL15,32GB(16GX2),32,642590,642600,642590,644990,642590,642590,642590,642590,642590,642590,642590,642590,642600,642600,642600,642600,642600,642600,642600,642600,642600,642600,642600,642600,642590,642590,642590,642590,642590,642590
5041720,CORSAIR DDR4-3000 CL15 VENGEANCE RGB 패키지,CORSAIR VENGEANCE RGB 패키지,DDR4,3000,CL15,16GB(8GX2),16,322990,322990,322990,322990,321290,321290,321290,321290,321290,321290,321290,321290,321280,321280,321280,321280,321280,321280,321280,321280,321280,321280,321280,321280,321280,321280,321280,321280,321280,321280
5626266,CORSAIR DDR4-3000 CL15 VENGEANCE WHITE RGB 패키지,CORSAIR VENGEANCE WHITE RGB 패키지,DDR4,3000,CL15,16GB(8GX2),16,322990,322990,322990,322990,321290,321290,321290,321290,321290,321290,321290,321290,321280,321280,321280,321280,321280,321280,321280,321280,321280,321280,321280,321280,321280,321280,321280,321280,321280,321280
7331068,CORSAIR DDR4-3200 CL16 Dominator Platinum RGB AMD 패키지,CORSAIR Dominator Platinum RGB AMD 패키지,DDR4,3200,CL16,32GB(8GX4),32,414940,414940,414940,0,0,0,0,0,0,0,0,0,0,0,0,0,0,0,0,414940,0,0,0,0,0,0,0,0,0,414940
7331068,CORSAIR DDR4-3200 CL16 Dominator Platinum RGB AMD 패키지,CORSAIR Dominator Platinum RGB AMD 패키지,DDR4,3200,CL16,16GB(8GX2),16,197010,196990,196980,0,0,0,0,0,0,0,0,0,0,0,0,0,0,0,0,197280,0,0,0,0,0,0,0,0,0,197280
7332097,CORSAIR DDR4-3200 CL16 Dominator Platinum RGB AMD 패키지,CORSAIR Dominator Platinum RGB AMD 패키지,DDR4,3200,CL16,32GB(8GX4),32,0,0,0,409650,409540,409420,409300,409180,409060,408940,408820,408700,414940,414940,414940,414940,414940,414940,414940,0,414940,414940,414940,414940,414940,414940,414940,414940,414940,0
7332097,CORSAIR DDR4-3200 CL16 Dominator Platinum RGB AMD 패키지,CORSAIR Dominator Platinum RGB AMD 패키지,DDR4,3200,CL16,16GB(8GX2),16,0,0,0,196980,196910,197280,197250,197130,197280,197280,197280,197280,197280,197280,197280,197280,197280,197280,197280,0,197280,197280,197280,197280,197280,197280,197280,197280,197280,0
7332040,CORSAIR DDR4-3200 CL16 Dominator Platinum RGB INTEL 패키지,CORSAIR Dominator Platinum RGB INTEL 패키지,DDR4,3200,CL16,32GB(8GX4),32,416720,416720,416720,416720,416720,416720,416720,416720,416720,416720,416720,416720,416720,416720,416720,416720,416720,416720,416720,416720,416720,416720,416720,416720,416720,416720,416720,416720,416720,416720
11518940,CORSAIR DDR4-3200 CL16 Dominator Platinum RGB WHITE AMD 패키지,CORSAIR Dominator Platinum RGB WHITE AMD 패키지,DDR4,3200,CL16,32GB(8GX4),32,0,410380,410380,410380,410380,410380,410380,410380,0,0,0,0,410380,410380,410380,410380,410380,410380,410380,410380,410380,410380,410380,410380,410380,0,0,410790,410790,410790
11518640,CORSAIR DDR4-3200 CL16 Dominator Platinum RGB WHITE INTEL 패키지,CORSAIR Dominator Platinum RGB WHITE INTEL 패키지,DDR4,3200,CL16,32GB(8GX4),32,410790,410790,410790,409670,409630,409540,409420,409300,409180,409060,408970,408940,408920,408920,408920,408920,408920,408920,408920,408920,408920,408920,408920,408920,408920,408920,408920,408920,408920,408920
11518640,CORSAIR DDR4-3200 CL16 Dominator Platinum RGB WHITE INTEL 패키지,CORSAIR Dominator Platinum RGB WHITE INTEL 패키지,DDR4,3200,CL16,16GB(8GX2),16,205050,205050,205050,205050,205050,205050,205050,205050,205050,205050,205050,205050,205050,205050,205050,205050,205050,205050,205050,205050,205050,205050,205050,205050,205050,205050,205050,205050,205050,205050
11518271,CORSAIR DDR4-3200 CL16 Dominator Platinum RGB WHITE 패키지,CORSAIR Dominator Platinum RGB WHITE 패키지,DDR4,3200,CL16,16GB(8GX2),16,0,0,0,0,0,0,0,0,0,0,195140,195140,0,0,0,0,0,0,0,0,0,0,0,0,0,0,0,0,0,0
4017368,CORSAIR DDR4-3200 CL16 Dominator Platinum 패키지,CORSAIR Dominator Platinum 패키지,DDR4,3200,CL16,32GB(8GX4),32,709470,1163070,709470,709470,709470,709470,709470,709470,709470,709470,709470,709470,709470,709470,709470,709470,709470,709470,709470,709470,709470,709470,709470,709470,709470,709470,709470,709470,709470,709470
4519505,CORSAIR DDR4-3200 CL16 VENGEANCE LED 블루 패키지,CORSAIR VENGEANCE LED 블루 패키지,DDR4,3200,CL16,16GB(8GX2),16,322050,322050,322050,322050,322050,322050,322050,322050,322050,322050,322050,322050,322060,322060,322060,322060,322060,322060,322060,322060,322060,322060,322060,322050,322050,322050,322050,322050,322050,322050
13401038,CORSAIR DDR4-3200 CL16 VENGEANCE LPX BLACK 패키지,CORSAIR VENGEANCE LPX BLACK 패키지,DDR4,3200,CL16,16GB(8GX2),16,69350,69350,70080,70080,70080,70080,70080,70080,70080,70080,70080,70080,70080,70080,70080,70080,70080,70080,70080,70080,70080,70080,70080,70080,70500,73000,73000,73000,73000,73000
4392013,CORSAIR DDR4-3200 CL16 VENGEANCE LPX 패키지,CORSAIR VENGEANCE LPX 패키지,DDR4,3200,CL16,32GB(16GX2),32,126000,126000,126000,126000,126000,126000,126000,126000,126000,126000,126000,126000,126000,126000,126000,126000,126000,126000,126000,126000,126000,126000,126000,126000,126000,126000,126000,126000,126000,126000
6233946,CORSAIR DDR4-3200 CL16 VENGEANCE PRO RGB BLACK 패키지,CORSAIR VENGEANCE PRO RGB BLACK 패키지,DDR4,3200,CL16,16GB(8GX2),16,164790,164790,164790,164790,164790,164790,164790,164790,164790,164790,164790,164790,164790,164790,164790,164790,164790,164790,164790,164790,164790,164790,164790,164790,164790,164790,164790,164790,164790,164790
6234575,CORSAIR DDR4-3200 CL16 VENGEANCE PRO RGB WHITE 패키지,CORSAIR VENGEANCE PRO RGB WHITE 패키지,DDR4,3200,CL16,16GB(8GX2),16,164790,164790,164790,164790,164790,164790,164790,164790,164790,164790,164790,164790,164790,164790,164790,164790,164790,164790,164790,164790,164790,164790,164790,164790,164790,164790,164790,164790,164790,164790
13245053,CORSAIR DDR4-3200 CL16 VENGEANCE RGB PRO SL BLACK AMD 패키지,CORSAIR VENGEANCE RGB PRO SL BLACK AMD 패키지,DDR4,3200,CL16,32GB(16GX2),32,205400,205400,205400,205400,205400,205400,205400,205400,205400,205400,205400,205400,205400,205400,205400,205400,205400,205400,205400,205400,205400,205400,205400,211570,0,0,0,0,0,0
13245053,CORSAIR DDR4-3200 CL16 VENGEANCE RGB PRO SL BLACK AMD 패키지,CORSAIR VENGEANCE RGB PRO SL BLACK AMD 패키지,DDR4,3200,CL16,16GB(8GX2),16,123010,123010,123010,123010,123010,123010,123010,123010,123010,123010,123010,123010,123010,123010,123010,123010,123010,123010,123010,123010,123010,123010,123010,123010,0,0,0,0,0,0
13244873,CORSAIR DDR4-3200 CL16 VENGEANCE RGB PRO SL BLACK AMD 패키지,CORSAIR VENGEANCE RGB PRO SL BLACK AMD 패키지,DDR4,3200,CL16,16GB(8GX2),16,0,0,0,0,0,0,0,0,0,0,0,0,0,0,0,0,0,0,0,0,0,0,0,0,123010,123010,123010,123010,123010,123010
13245026,CORSAIR DDR4-3200 CL16 VENGEANCE RGB PRO SL BLACK 패키지,CORSAIR VENGEANCE RGB PRO SL BLACK 패키지,DDR4,3200,CL16,32GB(8GX4),32,354750,354750,354750,354750,354750,0,0,0,0,0,0,354750,354750,354750,354750,354750,354750,354750,0,354750,354750,0,0,354750,354750,354750,354750,354750,354750,354750
13245026,CORSAIR DDR4-3200 CL16 VENGEANCE RGB PRO SL BLACK 패키지,CORSAIR VENGEANCE RGB PRO SL BLACK 패키지,DDR4,3200,CL16,32GB(16GX2),32,219000,219000,219000,219000,219000,0,0,0,0,0,0,219000,219000,219000,219000,219000,219000,219000,0,219000,219000,0,0,219000,219000,219000,219000,219000,219000,219000
13245098,CORSAIR DDR4-3200 CL16 VENGEANCE RGB PRO SL BLACK 패키지,CORSAIR VENGEANCE RGB PRO SL BLACK 패키지,DDR4,3200,CL16,32GB(8GX4),32,0,0,0,0,0,354750,354750,354750,354750,354750,354750,0,0,0,0,0,0,0,354750,0,0,354750,354750,0,0,0,0,0,0,0
13245098,CORSAIR DDR4-3200 CL16 VENGEANCE RGB PRO SL BLACK 패키지,CORSAIR VENGEANCE RGB PRO SL BLACK 패키지,DDR4,3200,CL16,32GB(16GX2),32,0,0,0,0,0,219000,219000,219000,219000,219000,219000,0,0,0,0,0,0,0,219000,0,0,219000,219000,0,0,0,0,0,0,0
15098147,CORSAIR DDR4-3200 CL16 VENGEANCE RGB RS 패키지,CORSAIR VENGEANCE RGB RS 패키지,DDR4,3200,CL16,32GB(16GX2),32,234300,234300,234300,234300,234300,234300,234300,234300,234300,234300,234300,234300,234300,234300,234300,234300,234300,234300,234300,234300,234300,234300,234300,234300,234300,234300,234300,234300,234300,234300
15097145,CORSAIR DDR4-3200 CL16 VENGEANCE RGB RT WHITE 패키지,CORSAIR VENGEANCE RGB RT WHITE 패키지,DDR4,3200,CL16,16GB(8GX2),16,0,0,0,0,0,0,0,0,0,0,0,0,130900,130900,130900,130900,130900,130900,130900,130900,130900,130900,0,0,0,0,0,0,0,0
5151011,CORSAIR DDR4-3200 CL16 VENGEANCE RGB 패키지,CORSAIR VENGEANCE RGB 패키지,DDR4,3200,CL16,16GB(8GX2),16,343000,343000,343000,343000,343000,343000,343000,343000,343000,343000,343000,343000,343000,343000,343000,343000,343000,343000,343000,343000,343000,343000,343000,343000,343000,343000,343000,343000,343000,343000
5815419,CORSAIR DDR4-3200 CL16 VENGEANCE WHITE RGB 패키지,CORSAIR VENGEANCE WHITE RGB 패키지,DDR4,3200,CL16,32GB(16GX2),32,709770,709770,709770,709770,709770,709770,709770,709770,709770,709770,709770,665000,665000,665000,665000,665000,665000,665000,665000,665000,665000,665000,665000,665000,665000,665000,664990,664990,664990,664990
13401149,CORSAIR DDR4-3200 CL16-20-20 VENGEANCE LPX BLACK 패키지,CORSAIR -20-20 VENGEANCE LPX BLACK 패키지,DDR4,3200,CL16,32GB(16GX2),32,125890,125890,125890,125890,125890,125890,125890,125890,125890,125890,125890,125890,125890,125890,125890,125890,125890,125890,125890,125890,125890,125890,125890,125890,125890,125890,125890,125890,125890,125890
13406225,CORSAIR DDR4-3600 CL16 VENGEANCE LPX BLACK 패키지,CORSAIR VENGEANCE LPX BLACK 패키지,DDR4,3600,CL16,32GB(16GX2),32,144530,144530,144530,144530,144530,144530,144530,144530,144530,144530,144530,144530,144530,144530,144530,144530,144530,144530,144530,144530,144530,144530,144530,147000,147000,147000,147000,147000,147000,147000
13406225,CORSAIR DDR4-3600 CL16 VENGEANCE LPX BLACK 패키지,CORSAIR VENGEANCE LPX BLACK 패키지,DDR4,3600,CL16,16GB(8GX2),16,79980,79980,79980,79980,79980,79980,79980,79980,79980,79980,79980,79980,79980,79980,79980,79980,79980,79980,79980,79980,79980,79980,79980,79980,79980,79980,79980,79980,79980,79980
16814102,CORSAIR DDR4-3600 CL18 Dominator Platinum RGB INTEL 패키지,CORSAIR Dominator Platinum RGB INTEL 패키지,DDR4,3600,CL18,64GB(32GX2),64,0,0,0,0,0,0,0,0,0,549000,549000,0,0,0,0,0,0,0,0,0,0,0,549000,549000,549000,549000,549000,549000,549000,0
11519006,CORSAIR DDR4-3600 CL18 Dominator Platinum RGB WHITE 패키지,CORSAIR Dominator Platinum RGB WHITE 패키지,DDR4,3600,CL18,32GB(8GX4),32,462230,462230,462230,461530,461460,461340,461220,461100,460980,460860,460740,460620,460600,460600,460600,460600,460600,460600,460600,460600,460600,460600,460600,460600,460600,460600,460600,460600,460600,460600
11519006,CORSAIR DDR4-3600 CL18 Dominator Platinum RGB WHITE 패키지,CORSAIR Dominator Platinum RGB WHITE 패키지,DDR4,3600,CL18,16GB(8GX2),16,199000,199000,199000,199000,199000,199000,199000,199000,199000,199000,199000,199000,199000,199000,199000,199000,199000,199000,199000,199000,199000,199000,199000,199000,199000,199000,199000,199000,199000,199000
7331332,CORSAIR DDR4-3600 CL18 Dominator Platinum RGB 패키지,CORSAIR Dominator Platinum RGB 패키지,DDR4,3600,CL18,16GB(8GX2),16,251790,251790,251790,243000,0,0,252120,252120,252120,252120,252120,252120,252130,252130,252130,252130,252130,252130,252130,252130,252130,252130,251790,251780,251780,251780,251780,251780,251780,251780
7331332,CORSAIR DDR4-3600 CL18 Dominator Platinum RGB 패키지,CORSAIR Dominator Platinum RGB 패키지,DDR4,3600,CL18,64GB(16GX4),64,0,0,1499800,1499800,0,0,0,0,0,0,0,0,0,0,0,0,0,0,0,0,0,0,0,0,0,0,0,0,0,0
7332907,CORSAIR DDR4-3600 CL18 Dominator Platinum RGB 패키지,CORSAIR Dominator Platinum RGB 패키지,DDR4,3600,CL18,64GB(16GX4),64,0,0,0,0,1499800,1499800,0,0,0,0,0,0,0,0,0,0,0,0,0,0,0,0,0,0,0,0,0,0,0,0
7332907,CORSAIR DDR4-3600 CL18 Dominator Platinum RGB 패키지,CORSAIR Dominator Platinum RGB 패키지,DDR4,3600,CL18,16GB(8GX2),16,0,0,0,0,252120,252120,0,0,0,0,0,0,0,0,0,0,0,0,0,0,0,0,0,0,0,0,0,0,0,0
6015216,CORSAIR DDR4-3600 CL18 Dominator Platinum 패키지,CORSAIR Dominator Platinum 패키지,DDR4,3600,CL18,16GB(8GX2),16,407320,407320,407320,407320,407320,407320,407320,0,0,0,0,0,407320,407320,407320,407320,407320,407320,407320,0,0,0,0,0,0,0,0,0,0,0
12617069,CORSAIR DDR4-3600 CL18 VENGEANCE LPX BLACK 패키지,CORSAIR VENGEANCE LPX BLACK 패키지,DDR4,3600,CL18,32GB(16GX2),32,134980,134980,134980,134980,134980,134980,134980,134980,134980,134980,134980,134980,134980,134980,134980,134980,134980,134980,134980,134980,134980,134980,134980,134980,134980,134980,134980,134980,134980,134980
12617069,CORSAIR DDR4-3600 CL18 VENGEANCE LPX BLACK 패키지,CORSAIR VENGEANCE LPX BLACK 패키지,DDR4,3600,CL18,16GB(8GX2),16,75000,75000,75000,75000,75000,75000,75000,75000,75000,75000,75000,75000,75000,75000,75000,75000,75000,75000,75000,75000,75000,75000,75000,75000,75000,75000,75000,75000,75000,75000
6259527,CORSAIR DDR4-3600 CL18 VENGEANCE PRO RGB BLACK 패키지,CORSAIR VENGEANCE PRO RGB BLACK 패키지,DDR4,3600,CL18,64GB(8GX8),64,1086990,1086990,1086990,1086990,1086990,1086990,1086990,1086990,1086990,1086990,1086990,1060390,1060400,1060400,1060400,1060400,1060400,1060400,1060400,1060400,1060400,1060400,1060400,1060400,1060390,1060390,1060390,1060390,1060390,1060390
6259527,CORSAIR DDR4-3600 CL18 VENGEANCE PRO RGB BLACK 패키지,CORSAIR VENGEANCE PRO RGB BLACK 패키지,DDR4,3600,CL18,32GB(8GX4),32,723160,717040,717040,717040,723160,723160,723160,723160,723160,723160,723160,723160,723160,723160,723160,723160,723160,723160,723160,723160,723160,723160,723160,723160,723160,723160,723160,723160,723160,723160
6476150,CORSAIR DDR4-3600 CL18 VENGEANCE PRO RGB WHITE 패키지,CORSAIR VENGEANCE PRO RGB WHITE 패키지,DDR4,3600,CL18,64GB(16GX4),64,723160,717350,717350,717350,710180,710180,723160,723160,716200,716200,723160,723160,723160,723160,723160,723160,723160,723160,723160,723160,723160,723160,723160,723160,723160,723160,723160,723150,723150,0
6476150,CORSAIR DDR4-3600 CL18 VENGEANCE PRO RGB WHITE 패키지,CORSAIR VENGEANCE PRO RGB WHITE 패키지,DDR4,3600,CL18,32GB(8GX4),32,301020,301020,301020,301020,301020,301020,301020,301020,301020,296800,296800,296800,296790,296790,296790,296790,296790,296790,296790,296790,296790,296790,296790,296790,296790,296790,296790,296790,296790,0
6259424,CORSAIR DDR4-3600 CL18 VENGEANCE PRO RGB WHITE 패키지,CORSAIR VENGEANCE PRO RGB WHITE 패키지,DDR4,3600,CL18,64GB(16GX4),64,0,0,0,0,0,0,0,0,0,0,0,0,0,0,0,0,0,0,0,0,0,0,0,0,0,0,0,0,0,723150
6259424,CORSAIR DDR4-3600 CL18 VENGEANCE PRO RGB WHITE 패키지,CORSAIR VENGEANCE PRO RGB WHITE 패키지,DDR4,3600,CL18,32GB(8GX4),32,0,0,0,0,0,0,0,0,0,0,0,0,0,0,0,0,0,0,0,0,0,0,0,0,0,0,0,0,0,296790
13244726,CORSAIR DDR4-3600 CL18 VENGEANCE RGB PRO SL BLACK AMD 패키지,CORSAIR VENGEANCE RGB PRO SL BLACK AMD 패키지,DDR4,3600,CL18,32GB(16GX2),32,277700,277700,277700,277700,277700,277700,277700,277700,277700,277700,277700,277700,277700,277700,277700,277700,277700,277700,277700,277700,277700,277700,277700,277700,277700,277700,277700,277700,277700,277700
13244726,CORSAIR DDR4-3600 CL18 VENGEANCE RGB PRO SL BLACK AMD 패키지,CORSAIR VENGEANCE RGB PRO SL BLACK AMD 패키지,DDR4,3600,CL18,16GB(8GX2),16,122590,122590,122590,122600,122600,122600,122600,122600,122600,122600,122600,122600,122600,122600,122600,122600,122600,122600,122600,122600,122600,122600,122600,122600,122600,122600,122590,122590,122590,122590
13245338,CORSAIR DDR4-3600 CL18 VENGEANCE RGB PRO SL BLACK 패키지,CORSAIR VENGEANCE RGB PRO SL BLACK 패키지,DDR4,3600,CL18,64GB(16GX4),64,438530,438530,438530,438530,438530,438530,438530,438530,438530,434600,434600,434600,434590,434590,434590,434590,434590,434590,434590,434590,434590,434590,434590,434590,434590,434590,434590,434590,434590,434590
13245338,CORSAIR DDR4-3600 CL18 VENGEANCE RGB PRO SL BLACK 패키지,CORSAIR VENGEANCE RGB PRO SL BLACK 패키지,DDR4,3600,CL18,32GB(8GX4),32,250440,250440,250440,250440,250440,250440,250440,250440,250440,250440,250440,250440,250440,250440,250440,250440,250440,250440,250440,250440,250440,250440,250440,250440,250440,250440,250440,250440,250440,250440
13245338,CORSAIR DDR4-3600 CL18 VENGEANCE RGB PRO SL BLACK 패키지,CORSAIR VENGEANCE RGB PRO SL BLACK 패키지,DDR4,3600,CL18,16GB(8GX2),16,122490,122490,122490,122490,122490,122490,122490,122490,122490,122490,122490,122490,122490,122490,122490,122490,122490,122490,122490,122490,122490,122490,122490,122490,122490,122490,122490,122490,122490,122490
14243645,CORSAIR DDR4-3600 CL18 VENGEANCE RGB PRO SL WHITE 패키지,CORSAIR VENGEANCE RGB PRO SL WHITE 패키지,DDR4,3600,CL18,64GB(16GX4),64,439920,439920,439920,439920,439920,439920,439920,439920,439920,434600,434600,434600,434590,434590,434590,434590,434590,434590,434590,0,0,0,0,0,0,0,434590,434590,434590,434590
14243645,CORSAIR DDR4-3600 CL18 VENGEANCE RGB PRO SL WHITE 패키지,CORSAIR VENGEANCE RGB PRO SL WHITE 패키지,DDR4,3600,CL18,32GB(8GX4),32,258710,258710,258710,258710,258710,258710,258710,258710,258710,258710,258710,258710,258720,258720,258720,258720,258720,258720,258720,0,0,0,0,0,0,0,258710,258710,258710,258710
14243645,CORSAIR DDR4-3600 CL18 VENGEANCE RGB PRO SL WHITE 패키지,CORSAIR VENGEANCE RGB PRO SL WHITE 패키지,DDR4,3600,CL18,32GB(16GX2),32,231000,231000,231000,231000,231000,231000,231000,231000,231000,231000,231000,231000,231000,231000,231000,231000,231000,231000,231000,0,0,0,0,0,0,0,231000,231000,231000,231000
14243645,CORSAIR DDR4-3600 CL18 VENGEANCE RGB PRO SL WHITE 패키지,CORSAIR VENGEANCE RGB PRO SL WHITE 패키지,DDR4,3600,CL18,16GB(8GX2),16,140590,140590,140590,140590,140590,140590,140590,140590,140590,140590,140590,140590,140590,140590,140590,140590,140590,140590,140590,0,0,0,0,0,0,0,140590,140590,140590,140590
13245239,CORSAIR DDR4-3600 CL18 VENGEANCE RGB PRO SL WHITE 패키지,CORSAIR VENGEANCE RGB PRO SL WHITE 패키지,DDR4,3600,CL18,64GB(16GX4),64,0,0,0,0,0,0,0,0,0,0,0,0,0,0,0,0,0,0,0,434590,434590,434590,434590,434590,434590,434590,0,0,0,0
13245239,CORSAIR DDR4-3600 CL18 VENGEANCE RGB PRO SL WHITE 패키지,CORSAIR VENGEANCE RGB PRO SL WHITE 패키지,DDR4,3600,CL18,32GB(8GX4),32,0,0,0,0,0,0,0,0,0,0,0,0,0,0,0,0,0,0,0,258720,258720,258720,258720,258710,258710,258710,0,0,0,0
13245239,CORSAIR DDR4-3600 CL18 VENGEANCE RGB PRO SL WHITE 패키지,CORSAIR VENGEANCE RGB PRO SL WHITE 패키지,DDR4,3600,CL18,32GB(16GX2),32,0,0,0,0,0,0,0,0,0,0,0,0,0,0,0,0,0,0,0,231000,231000,231000,231000,231000,231000,231000,0,0,0,0
13245239,CORSAIR DDR4-3600 CL18 VENGEANCE RGB PRO SL WHITE 패키지,CORSAIR VENGEANCE RGB PRO SL WHITE 패키지,DDR4,3600,CL18,16GB(8GX2),16,0,0,0,0,0,0,0,0,0,0,0,0,0,0,0,0,0,0,0,140590,140590,140590,140590,140590,140590,140590,0,0,0,0
15098390,CORSAIR DDR4-3600 CL18 VENGEANCE RGB RS 패키지,CORSAIR VENGEANCE RGB RS 패키지,DDR4,3600,CL18,32GB(16GX2),32,285420,285420,285420,285420,285420,285420,285420,285420,285420,283100,283100,283100,283090,283090,283090,283090,283090,283090,283090,283090,283090,283090,283090,283090,283090,283090,283090,283090,283090,283090
15098390,CORSAIR DDR4-3600 CL18 VENGEANCE RGB RS 패키지,CORSAIR VENGEANCE RGB RS 패키지,DDR4,3600,CL18,16GB(8GX2),16,139640,139640,139640,139640,139640,139640,139640,139640,139640,139640,139640,139640,139640,139640,139640,139640,139640,139640,139640,139640,139640,139640,139640,139640,139640,139640,139640,139640,139640,139640
19453883,CORSAIR DDR5-5200 CL38 VENGEANCE BLACK 패키지,CORSAIR VENGEANCE BLACK 패키지,DDR5,5200,CL38,96GB(48GX2),96,695000,695000,695000,695000,695000,695000,695000,695000,695000,695000,695000,695000,725000,725000,725000,725000,725000,725000,725000,725000,725000,725000,725000,725000,725000,725000,725000,725000,725000,725000
19453883,CORSAIR DDR5-5200 CL38 VENGEANCE BLACK 패키지,CORSAIR VENGEANCE BLACK 패키지,DDR5,5200,CL38,192GB(48GX4),192,1223180,1223180,1223180,1223180,1223180,1223180,1223180,1223180,1223180,1223180,1223180,1222120,1222120,1222120,1222120,1222120,1222120,1222120,1222120,1222120,1222120,1222120,1222120,1222120,1222120,1222120,1222120,1222120,1222120,1222120
19453433,CORSAIR DDR5-5200 CL38 VENGEANCE RGB BLACK 패키지,CORSAIR VENGEANCE RGB BLACK 패키지,DDR5,5200,CL38,192GB(48GX4),192,1312080,1312060,1276100,1278910,1278800,1278680,1278560,1278440,1278320,1278200,1278080,1277960,1277910,1277800,1277680,1277560,1277440,1277320,1277200,1277940,1277940,1277940,1277940,1277940,1277940,1277940,1277940,1277940,1277940,1277940
16829447,CORSAIR DDR5-5200 CL40 Dominator Platinum RGB WHITE 패키지,CORSAIR Dominator Platinum RGB WHITE 패키지,DDR5,5200,CL40,64GB(32GX2),64,519400,519400,519400,519400,519400,519400,519400,519400,519400,519400,519400,519400,519400,519400,519400,519400,519400,519400,519400,519400,519400,519400,519400,519400,519400,519400,519400,519400,519400,519400
16829447,CORSAIR DDR5-5200 CL40 Dominator Platinum RGB WHITE 패키지,CORSAIR Dominator Platinum RGB WHITE 패키지,DDR5,5200,CL40,32GB(16GX2),32,428000,428000,428000,428000,428000,428000,428000,428000,428000,428000,428000,428000,428000,428000,428000,428000,428000,428000,428000,428000,428000,428000,428000,428000,428000,428000,428000,428000,428000,428000
16239491,CORSAIR DDR5-5200 CL40 Dominator Platinum RGB 패키지,CORSAIR Dominator Platinum RGB 패키지,DDR5,5200,CL40,64GB(32GX2),64,533110,533110,533110,533110,533110,533110,533110,533110,533110,524700,524700,524700,524690,524690,524690,524690,524690,524690,524690,524690,524690,524690,524690,524690,524690,524690,524690,524690,524690,524690
17543363,CORSAIR DDR5-5200 CL40 VENGEANCE RGB BLACK 패키지,CORSAIR VENGEANCE RGB BLACK 패키지,DDR5,5200,CL40,32GB(16GX2),32,0,339300,0,0,0,0,0,0,0,0,0,0,0,0,361920,361920,361920,361920,361920,361920,0,0,0,0,0,0,0,0,0,0
17543426,CORSAIR DDR5-5200 CL40 VENGEANCE RGB WHITE 패키지,CORSAIR VENGEANCE RGB WHITE 패키지,DDR5,5200,CL40,32GB(16GX2),32,244860,244860,244860,244860,244860,244860,244860,244860,244860,244860,244860,244860,244860,244860,244860,244860,244860,244860,244860,244860,244860,244860,244860,237500,0,237500,0,0,0,0
17256374,CORSAIR DDR5-5200 CL40 VENGEANCE WHITE 패키지,CORSAIR VENGEANCE WHITE 패키지,DDR5,5200,CL40,64GB(32GX2),64,1062500,1062500,0,0,1062500,1062500,1062500,1062500,1062500,1062500,1062500,1062500,1062500,1062500,1062500,0,0,0,0,0,0,1062500,1062500,1062500,0,1062500,1062500,0,0,0
15933323,CORSAIR DDR5-5600 CL36 Dominator Platinum RGB Extreme 패키지,CORSAIR Dominator Platinum RGB Extreme 패키지,DDR5,5600,CL36,32GB(16GX2),32,0,0,0,0,455550,455550,455550,455550,455550,455550,455550,450000,450000,450000,450000,450000,450000,450000,450000,450000,450000,450000,450000,450000,450000,450000,449990,449990,449990,449990
16239410,CORSAIR DDR5-5600 CL36 Dominator Platinum RGB WHITE 패키지,CORSAIR Dominator Platinum RGB WHITE 패키지,DDR5,5600,CL36,32GB(16GX2),32,293990,293990,293990,247370,247370,247370,247370,247370,247370,247370,247370,247370,247370,247370,247370,247370,247370,247370,247370,293990,293990,293990,293990,293990,293990,293990,293990,293990,293990,293990
16864895,CORSAIR DDR5-5600 CL36 Dominator Platinum RGB 패키지,CORSAIR Dominator Platinum RGB 패키지,DDR5,5600,CL36,32GB(16GX2),32,261600,261600,261600,261600,261600,261600,261600,261600,261600,261600,261600,261600,261600,261600,261600,261600,261600,261600,261600,261600,261600,261600,261600,261600,261600,261600,261600,261600,261600,261600
18438785,CORSAIR DDR5-5600 CL36 VENGEANCE BLACK 패키지,CORSAIR VENGEANCE BLACK 패키지,DDR5,5600,CL36,64GB(16GX4),64,421940,421940,421940,421940,421940,0,421940,421940,421940,421940,421940,421940,421940,421940,0,0,0,0,0,0,0,421940,421940,421940,421940,421940,421940,421940,421940,421940
18438785,CORSAIR DDR5-5600 CL36 VENGEANCE BLACK 패키지,CORSAIR VENGEANCE BLACK 패키지,DDR5,5600,CL36,32GB(16GX2),32,389000,389000,389000,389000,389000,0,389000,389000,389000,389000,389000,389000,389000,389000,0,0,0,0,0,0,0,389000,389000,389000,389000,389000,389000,389000,389000,389000
15932435,CORSAIR DDR5-5600 CL36 VENGEANCE BLACK 패키지,CORSAIR VENGEANCE BLACK 패키지,DDR5,5600,CL36,64GB(16GX4),64,0,0,0,0,0,421940,0,0,0,0,0,0,0,0,421940,421940,421940,421940,421940,421940,421940,0,0,0,0,0,0,0,0,0
15932435,CORSAIR DDR5-5600 CL36 VENGEANCE BLACK 패키지,CORSAIR VENGEANCE BLACK 패키지,DDR5,5600,CL36,32GB(16GX2),32,0,0,0,0,0,389000,0,0,0,0,0,0,0,0,389000,389000,389000,389000,389000,389000,389000,0,0,0,0,0,0,0,0,0
17543522,CORSAIR DDR5-5600 CL36 VENGEANCE RGB BLACK 패키지,CORSAIR VENGEANCE RGB BLACK 패키지,DDR5,5600,CL36,32GB(16GX2),32,277580,277580,277580,277580,277580,277580,277580,277580,277580,0,0,0,277580,277580,277580,277580,277580,277580,277580,277580,277580,277580,277580,277580,277580,277580,277580,277580,277580,277580
17543582,CORSAIR DDR5-5600 CL36 VENGEANCE RGB WHITE 패키지,CORSAIR VENGEANCE RGB WHITE 패키지,DDR5,5600,CL36,32GB(16GX2),32,394000,394000,0,0,0,0,0,0,0,0,0,0,0,0,0,394000,394000,394000,394000,0,0,0,0,0,0,0,394000,0,0,0
19107998,CORSAIR DDR5-5600 CL40 VENGEANCE BLACK 패키지,CORSAIR VENGEANCE BLACK 패키지,DDR5,5600,CL40,128GB(32GX4),128,799990,799970,799940,799840,799730,799610,799490,799370,799250,799130,799010,798890,798770,798710,800600,800600,800600,800600,800600,800600,800600,800600,800600,800540,800430,800400,800390,800360,800240,800140
19107998,CORSAIR DDR5-5600 CL40 VENGEANCE BLACK 패키지,CORSAIR VENGEANCE BLACK 패키지,DDR5,5600,CL40,96GB(48GX2),96,404900,404870,404920,404920,404920,404920,419000,530000,530000,530000,530000,530000,530000,406250,406250,406250,406250,406250,406250,406250,406250,406250,406250,406250,406250,406250,406250,406250,406250,406250
19107998,CORSAIR DDR5-5600 CL40 VENGEANCE BLACK 패키지,CORSAIR VENGEANCE BLACK 패키지,DDR5,5600,CL40,64GB(32GX2),64,314530,314530,314540,314530,307500,307500,307500,307500,307500,307500,307500,307500,307500,307500,307500,307500,307500,307500,307500,307500,307500,307500,307500,307490,307490,307490,307470,307370,307360,307350
19107998,CORSAIR DDR5-5600 CL40 VENGEANCE BLACK 패키지,CORSAIR VENGEANCE BLACK 패키지,DDR5,5600,CL40,48GB(24GX2),48,300000,300000,300000,300000,300000,300000,300000,300000,300000,300000,300000,300000,300000,300000,300000,300000,300000,300000,300000,300000,300000,300000,300000,300000,300000,300000,300000,300000,300000,300000
19107998,CORSAIR DDR5-5600 CL40 VENGEANCE BLACK 패키지,CORSAIR VENGEANCE BLACK 패키지,DDR5,5600,CL40,32GB(16GX2),32,156750,156750,164980,164980,165000,165000,165000,165000,165000,165000,165000,165000,165000,165000,165000,165000,165000,165000,165000,165000,165000,165000,165000,165000,165000,165000,165000,165000,165000,165000
17934614,CORSAIR DDR5-5600 CL40 VENGEANCE RGB AMD 패키지,CORSAIR VENGEANCE RGB AMD 패키지,DDR5,5600,CL40,64GB(32GX2),64,590000,590000,0,0,0,0,0,0,0,0,0,0,0,0,0,0,590000,590000,590000,590000,590000,0,0,0,0,0,0,0,0,0
27788273,CORSAIR DDR5-5600 CL40 VENGEANCE RGB BLACK 패키지,CORSAIR VENGEANCE RGB BLACK 패키지,DDR5,5600,CL40,128GB(32GX4),128,820040,819920,819820,819800,819680,819560,819440,819320,819200,819080,0,829980,829980,829980,829980,829980,829980,829980,829980,829980,829980,829980,829980,829190,829190,829190,829120,829110,829100,829070
27788273,CORSAIR DDR5-5600 CL40 VENGEANCE RGB BLACK 패키지,CORSAIR VENGEANCE RGB BLACK 패키지,DDR5,5600,CL40,96GB(48GX2),96,501810,501800,501790,501760,501650,501530,501410,501290,501170,501050,0,500810,500790,500790,500790,500790,500790,500790,500790,500790,500790,500790,500790,500790,500790,500790,500790,500790,500790,500790
19104119,CORSAIR DDR5-5600 CL40 VENGEANCE RGB BLACK 패키지,CORSAIR VENGEANCE RGB BLACK 패키지,DDR5,5600,CL40,128GB(32GX4),128,0,0,0,0,0,0,0,0,0,0,830000,0,0,0,0,0,0,0,0,0,0,0,0,0,0,0,0,0,0,0
19104119,CORSAIR DDR5-5600 CL40 VENGEANCE RGB BLACK 패키지,CORSAIR VENGEANCE RGB BLACK 패키지,DDR5,5600,CL40,96GB(48GX2),96,0,0,0,0,0,0,0,0,0,0,500930,0,0,0,0,0,0,0,0,0,0,0,0,0,0,0,0,0,0,0
28443977,CORSAIR DDR5-6000 CL30 Dominator Titanium BLACK 패키지,CORSAIR Dominator Titanium BLACK 패키지,DDR5,6000,CL30,64GB(32GX2),64,484530,484510,484500,484480,484370,0,0,0,0,0,0,0,0,0,0,0,0,0,0,0,0,0,0,0,0,0,0,0,0,0
28443977,CORSAIR DDR5-6000 CL30 Dominator Titanium BLACK 패키지,CORSAIR Dominator Titanium BLACK 패키지,DDR5,6000,CL30,32GB(16GX2),32,313890,313890,313890,313890,313890,0,0,0,0,0,0,0,0,0,0,0,0,0,0,0,0,0,0,0,0,0,0,0,0,0
28442654,CORSAIR DDR5-6000 CL30 Dominator Titanium BLACK 패키지,CORSAIR Dominator Titanium BLACK 패키지,DDR5,6000,CL30,64GB(32GX2),64,0,0,0,0,0,500000,525000,525000,525000,525000,525000,525000,525000,525000,525000,525000,525000,525000,525000,525000,525000,525000,525000,525000,525000,525000,525000,525000,525000,525000
28442654,CORSAIR DDR5-6000 CL30 Dominator Titanium BLACK 패키지,CORSAIR Dominator Titanium BLACK 패키지,DDR5,6000,CL30,32GB(16GX2),32,0,0,0,0,0,313890,313900,313900,313900,313900,313900,313900,313890,313890,313890,313890,313890,313890,313890,313890,313890,313890,313890,325000,325000,325000,325000,325000,325000,325000
28443989,CORSAIR DDR5-6000 CL30 Dominator Titanium WHITE 패키지,CORSAIR Dominator Titanium WHITE 패키지,DDR5,6000,CL30,64GB(32GX2),64,499980,499980,525000,515700,515700,0,0,0,0,0,0,0,0,0,0,0,0,0,0,0,0,0,0,0,0,0,0,0,0,0
28443989,CORSAIR DDR5-6000 CL30 Dominator Titanium WHITE 패키지,CORSAIR Dominator Titanium WHITE 패키지,DDR5,6000,CL30,32GB(16GX2),32,311310,307500,325000,325000,325000,0,0,0,0,0,0,0,0,0,0,0,0,0,0,0,0,0,0,0,0,0,0,0,0,0
28443416,CORSAIR DDR5-6000 CL30 Dominator Titanium WHITE 패키지,CORSAIR Dominator Titanium WHITE 패키지,DDR5,6000,CL30,32GB(16GX2),32,0,0,0,0,0,325000,325000,325000,325000,325000,325000,325000,325000,311310,311310,311310,311310,311310,311310,311310,311310,311310,311310,311310,311310,311310,311310,311310,311310,311310
28443416,CORSAIR DDR5-6000 CL30 Dominator Titanium WHITE 패키지,CORSAIR Dominator Titanium WHITE 패키지,DDR5,6000,CL30,64GB(32GX2),64,0,0,0,0,0,0,0,0,0,0,0,0,0,499980,499980,499980,499980,499980,499980,499980,499980,499980,499980,499980,529060,532590,532590,532590,532590,532590
20404151,CORSAIR DDR5-6000 CL30 VENGEANCE RGB BLACK INTEL 패키지,CORSAIR VENGEANCE RGB BLACK INTEL 패키지,DDR5,6000,CL30,64GB(32GX2),64,370610,370610,370610,370610,370610,370610,370610,370610,370610,370610,370610,370610,370610,370610,370610,370610,370610,370610,370610,370610,370610,370610,370610,370610,370610,370610,370610,370610,370610,370610
59829371,CORSAIR DDR5-6000 CL30 VENGEANCE RGB 패키지,CORSAIR VENGEANCE RGB 패키지,DDR5,6000,CL30,64GB(32GX2),64,363690,313650,313650,368960,363700,363700,363700,363700,363700,363700,363700,363700,363690,363690,363690,363690,363690,363690,363690,363690,363690,363690,363690,363690,363690,363690,363690,363690,363690,363690
59829371,CORSAIR DDR5-6000 CL30 VENGEANCE RGB 패키지,CORSAIR VENGEANCE RGB 패키지,DDR5,6000,CL30,32GB(16GX2),32,196190,159200,159200,198980,196190,196190,196200,196200,196200,196200,196200,196200,196190,196190,196190,196190,196190,196190,196190,196190,196190,196190,196190,196190,196190,196190,196190,196190,196190,196190
59829239,CORSAIR DDR5-6000 CL30 VENGEANCE RGB 패키지,CORSAIR VENGEANCE RGB 패키지,DDR5,6000,CL30,64GB(32GX2),64,0,0,0,0,0,0,0,363700,363700,0,0,0,0,0,0,363690,363690,363690,363690,363690,363690,363690,0,0,0,0,0,0,0,0
59829239,CORSAIR DDR5-6000 CL30 VENGEANCE RGB 패키지,CORSAIR VENGEANCE RGB 패키지,DDR5,6000,CL30,32GB(16GX2),32,0,0,0,0,0,0,0,196200,196200,0,0,0,0,0,0,196190,196190,196190,196190,196190,196190,196190,0,0,0,0,0,0,0,0
59829503,CORSAIR DDR5-6000 CL30 VENGEANCE 패키지,CORSAIR VENGEANCE 패키지,DDR5,6000,CL30,64GB(32GX2),64,353690,305150,359000,359000,358980,358980,358980,358980,358950,358830,358980,358980,358980,358980,358950,358830,358980,358980,358950,358980,358980,358980,358980,358980,358960,358930,358920,358910,358900,358890
59829503,CORSAIR DDR5-6000 CL30 VENGEANCE 패키지,CORSAIR VENGEANCE 패키지,DDR5,6000,CL30,32GB(16GX2),32,188980,151200,151200,188980,186090,186090,186100,186100,186100,186100,186100,186100,186090,186090,186090,186090,186090,186090,186090,186090,186090,186090,186090,186090,186090,186090,186090,186090,186090,186090
59829446,CORSAIR DDR5-6000 CL30 VENGEANCE 패키지,CORSAIR VENGEANCE 패키지,DDR5,6000,CL30,64GB(32GX2),64,353690,305150,0,0,0,0,0,0,0,0,0,0,0,0,0,0,0,0,358950,0,0,0,0,0,0,0,0,0,0,0
59829446,CORSAIR DDR5-6000 CL30 VENGEANCE 패키지,CORSAIR VENGEANCE 패키지,DDR5,6000,CL30,32GB(16GX2),32,188980,151200,0,0,0,0,0,0,0,0,0,0,0,0,0,0,0,0,186090,0,0,0,0,0,0,0,0,0,0,0
16605326,CORSAIR DDR5-6000 CL36 Dominator Platinum RGB 패키지,CORSAIR Dominator Platinum RGB 패키지,DDR5,6000,CL36,32GB(16GX2),32,649000,649000,649000,649000,649000,649000,649000,649000,649000,649000,649000,649000,649000,649000,649000,649000,649000,649000,649000,649000,649000,649000,649000,649000,649000,649000,649000,649000,649000,649000
17544278,CORSAIR DDR5-6000 CL36 VENGEANCE RGB BLACK 패키지,CORSAIR VENGEANCE RGB BLACK 패키지,DDR5,6000,CL36,32GB(16GX2),32,188070,188070,188070,188070,188070,188070,188070,188070,188070,188070,188070,188070,188070,188070,188070,188070,188070,188070,188070,188070,188070,188070,188070,188070,188070,188070,188070,188070,188070,188070
38455229,CORSAIR DDR5-6000 CL36 VENGEANCE RGB 패키지,CORSAIR VENGEANCE RGB 패키지,DDR5,6000,CL36,32GB(16GX2),32,189000,0,0,0,0,0,0,189000,189000,189000,189000,189000,189000,189000,0,189000,189000,189000,189000,189000,189000,189000,0,0,0,189000,189000,189000,189000,189000
17544449,CORSAIR DDR5-6200 CL36 VENGEANCE RGB BLACK 패키지,CORSAIR VENGEANCE RGB BLACK 패키지,DDR5,6200,CL36,32GB(16GX2),32,471770,471770,471770,471770,471770,471770,471770,471770,471770,471770,471770,0,471770,471770,471770,471770,471770,471770,471770,471770,471770,471770,471770,471770,471770,471770,471770,471770,471770,471770
17544497,CORSAIR DDR5-6200 CL36 VENGEANCE RGB WHITE 패키지,CORSAIR VENGEANCE RGB WHITE 패키지,DDR5,6200,CL36,32GB(16GX2),32,471770,471770,471770,471770,471770,471770,471770,471770,471770,471770,471770,471770,471770,471770,471770,471770,471770,471770,471770,471770,471770,471770,471770,471770,471770,471770,471770,471770,471770,471770
18811883,CORSAIR DDR5-6400 CL32 Dominator Platinum RGB 패키지,CORSAIR Dominator Platinum RGB 패키지,DDR5,6400,CL32,32GB(16GX2),32,289000,289000,289000,289000,289000,289000,289000,289000,289000,289000,289000,289000,289000,289000,289000,289000,0,0,0,289000,289000,0,0,289000,289000,289000,289000,289000,289000,289000
28443896,CORSAIR DDR5-6400 CL32 Dominator Titanium BLACK 패키지,CORSAIR Dominator Titanium BLACK 패키지,DDR5,6400,CL32,96GB(48GX2),96,801160,801160,801160,799990,799990,799990,799990,799990,799990,0,799990,799990,0,0,0,0,0,0,0,0,0,0,0,0,0,0,0,0,0,0
28443896,CORSAIR DDR5-6400 CL32 Dominator Titanium BLACK 패키지,CORSAIR Dominator Titanium BLACK 패키지,DDR5,6400,CL32,64GB(16GX4),64,677290,675500,675490,675490,675490,675490,675500,675500,675500,0,675500,675500,0,0,0,0,0,0,0,0,0,0,0,0,0,0,0,0,0,0
28443896,CORSAIR DDR5-6400 CL32 Dominator Titanium BLACK 패키지,CORSAIR Dominator Titanium BLACK 패키지,DDR5,6400,CL32,32GB(16GX2),32,329780,328700,329780,329780,328700,328700,328700,328700,328700,0,328700,328700,0,0,0,0,0,0,0,0,0,0,0,0,0,0,0,0,0,0
28444052,CORSAIR DDR5-6400 CL32 Dominator Titanium BLACK 패키지,CORSAIR Dominator Titanium BLACK 패키지,DDR5,6400,CL32,96GB(48GX2),96,0,0,0,0,0,0,0,0,0,799990,0,0,799980,799980,799980,799980,799980,799980,799980,799980,799980,799980,799980,799980,799980,799980,799980,799970,799960,799950
28444052,CORSAIR DDR5-6400 CL32 Dominator Titanium BLACK 패키지,CORSAIR Dominator Titanium BLACK 패키지,DDR5,6400,CL32,64GB(16GX4),64,0,0,0,0,0,0,0,0,0,675500,0,0,675500,675500,675500,675500,675500,675500,675500,675500,675500,675500,675500,675490,675490,675500,675480,675370,675270,675260
28444052,CORSAIR DDR5-6400 CL32 Dominator Titanium BLACK 패키지,CORSAIR Dominator Titanium BLACK 패키지,DDR5,6400,CL32,32GB(16GX2),32,0,0,0,0,0,0,0,0,0,328700,0,0,328690,328690,328690,328690,328690,328690,328690,328690,328690,328690,328690,328690,328690,328690,328690,328690,328690,328690
28443917,CORSAIR DDR5-6400 CL32 Dominator Titanium WHITE 패키지,CORSAIR Dominator Titanium WHITE 패키지,DDR5,6400,CL32,64GB(16GX4),64,671670,671670,671670,671670,671670,671670,671670,671670,671670,671670,671670,671670,671670,671670,671670,671670,671670,671670,671670,671670,671670,671670,671670,671670,671670,671670,671670,671670,671670,671670
28443917,CORSAIR DDR5-6400 CL32 Dominator Titanium WHITE 패키지,CORSAIR Dominator Titanium WHITE 패키지,DDR5,6400,CL32,32GB(16GX2),32,340000,340000,340000,340000,340000,340000,340000,340000,340000,340000,340000,340000,340000,340000,340000,340000,340000,340000,340000,340000,340000,340000,340000,340000,340000,340000,340000,340000,340000,340000
18811991,CORSAIR DDR5-6400 CL32 VENGEANCE BLACK 패키지,CORSAIR VENGEANCE BLACK 패키지,DDR5,6400,CL32,32GB(16GX2),32,0,0,0,0,0,0,0,0,0,0,0,0,0,0,300000,300000,300000,300000,300000,300000,300000,300000,300000,300000,300000,300000,300000,300000,300000,300000
18318530,CORSAIR DDR5-7000 CL34 Dominator Platinum RGB 패키지,CORSAIR Dominator Platinum RGB 패키지,DDR5,7000,CL34,32GB(16GX2),32,347000,347000,347000,347000,347000,347000,347000,347000,347000,347000,347000,347000,347000,347000,347000,347000,347000,347000,347000,347000,347000,347000,347000,347000,347000,353200,353200,353200,353200,353200
18307145,CORSAIR DDR5-7200 CL34 Dominator Platinum RGB 패키지,CORSAIR Dominator Platinum RGB 패키지,DDR5,7200,CL34,32GB(16GX2),32,438370,438370,438370,438370,438370,438370,438370,438370,438370,438370,438370,438370,438370,438370,438370,438370,438370,438370,438370,438370,438370,438370,449410,424000,424000,424000,0,0,0,0
30003329,CORSAIR DDR5-7200 CL34 Dominator Titanium BLACK 패키지,CORSAIR Dominator Titanium BLACK 패키지,DDR5,7200,CL34,32GB(16GX2),32,465490,465490,465490,465490,465490,465490,465490,465490,465490,465490,465490,465490,465490,465490,465490,465490,465490,465490,465490,465490,465490,465490,465490,465490,465490,465490,465490,465490,465490,465490
30003398,CORSAIR DDR5-7200 CL34 Dominator Titanium WHITE 패키지,CORSAIR Dominator Titanium WHITE 패키지,DDR5,7200,CL34,32GB(16GX2),32,335000,284750,284750,365690,365660,365540,365420,365300,365180,365060,364940,364820,364800,364800,364800,364800,364800,364800,364800,364800,364800,364800,364800,364800,364800,364800,364800,364800,364800,364800
18367115,CORSAIR DDR5-7200 CL34 VENGEANCE BLACK 패키지,CORSAIR VENGEANCE BLACK 패키지,DDR5,7200,CL34,32GB(16GX2),32,240800,240800,240800,240800,240800,240800,240800,240800,240800,240800,240800,240800,240800,240800,240800,240800,240800,240800,240800,0,230490,230490,230490,230480,230480,230480,230480,230480,230480,230480
18490316,CORSAIR DDR5-7200 CL34 VENGEANCE RGB BLACK 패키지,CORSAIR VENGEANCE RGB BLACK 패키지,DDR5,7200,CL34,32GB(16GX2),32,257470,257470,257470,257470,257470,257470,257470,257470,257470,0,0,0,243790,243790,243790,243790,243790,243790,243790,0,243790,243790,243790,243790,243790,243790,243790,0,243790,243790
48647324,CORSAIR WS DDR5-5600 CL40 ECC/REG 패키지,CORSAIR WS ECC/REG 패키지,DDR5,5600,CL40,256GB(32GX8),256,2900000,2900000,2900000,2900000,2900000,2900000,2900000,2900000,2900000,2900000,2900000,2900000,2900000,2900000,2900000,2900000,2900000,2900000,2900000,2900000,2900000,2900000,2900000,2900000,0,0,0,0,0,0
48647324,CORSAIR WS DDR5-5600 CL40 ECC/REG 패키지,CORSAIR WS ECC/REG 패키지,DDR5,5600,CL40,128GB(32GX4),128,1564490,1564490,1564490,1564490,1564490,1564490,1564490,1564490,1564490,1564490,1564490,1564490,1564490,1564490,1564490,1564490,1564490,1564490,1564490,1564490,1564490,1564490,1564490,1564490,0,0,0,0,0,0
52259417,CORSAIR WS DDR5-5600 CL40 ECC/REG 패키지,CORSAIR WS ECC/REG 패키지,DDR5,5600,CL40,256GB(32GX8),256,2900000,2900000,2900000,2900000,2900000,2900000,2900000,2900000,2900000,2900000,2900000,2900000,2900000,2900000,2900000,2900000,2900000,2900000,2900000,2900000,2900000,2900000,2900000,2900000,2900000,2900000,2900000,2900000,2900000,2900000
52259417,CORSAIR WS DDR5-5600 CL40 ECC/REG 패키지,CORSAIR WS ECC/REG 패키지,DDR5,5600,CL40,128GB(32GX4),128,1564490,1564490,1564490,1564490,1564490,1564490,1564490,1564490,1564490,1564490,1564490,1564490,1564490,1564490,1564490,1564490,1564490,1564490,1564490,1564490,1564490,1564490,1564490,1564490,1564490,1564490,1564490,1564490,1564490,1564490
17258714,CORSAIR 노트북 DDR5-4800 CL40 VENGEANCE,CORSAIR 노트북 VENGEANCE,DDR5,4800,CL40,32GB,32,198990,198990,198990,198990,198990,0,0,0,0,0,0,0,0,0,0,0,0,0,0,0,198990,0,0,0,0,0,0,0,0,0
17258714,CORSAIR 노트북 DDR5-4800 CL40 VENGEANCE,CORSAIR 노트북 VENGEANCE,DDR5,4800,CL40,16GB,16,98990,98990,98990,98990,98990,0,0,0,0,0,0,0,0,0,0,0,0,0,0,0,98990,0,0,0,0,0,0,0,0,0
17258714,CORSAIR 노트북 DDR5-4800 CL40 VENGEANCE,CORSAIR 노트북 VENGEANCE,DDR5,4800,CL40,8GB,8,49000,49000,49000,49000,49000,0,0,0,0,0,0,0,0,0,0,0,0,0,0,0,49000,0,0,0,0,0,0,0,0,0
17258537,CORSAIR 노트북 DDR5-4800 CL40 VENGEANCE,CORSAIR 노트북 VENGEANCE,DDR5,4800,CL40,32GB,32,0,0,0,0,0,198990,198990,198990,198990,198990,198990,198990,198990,198990,198990,198990,198990,198990,198990,198990,0,198990,198990,198990,198990,198990,198990,198990,198990,198990
17258537,CORSAIR 노트북 DDR5-4800 CL40 VENGEANCE,CORSAIR 노트북 VENGEANCE,DDR5,4800,CL40,16GB,16,0,0,0,0,0,98990,98990,98990,98990,98990,98990,98990,98990,98990,98990,98990,98990,98990,98990,98990,0,98990,98990,98990,98990,98990,98990,98990,98990,98990
17258537,CORSAIR 노트북 DDR5-4800 CL40 VENGEANCE,CORSAIR 노트북 VENGEANCE,DDR5,4800,CL40,8GB,8,0,0,0,0,0,49000,49000,49000,49000,49000,49000,49000,49000,49000,49000,49000,49000,49000,49000,49000,0,49000,49000,49000,49000,49000,49000,49000,49000,49000
16891514,CORSAIR 노트북 DDR5-4800 CL40 VENGEANCE 패키지,CORSAIR 노트북 VENGEANCE 패키지,DDR5,4800,CL40,64GB(32GX2),64,397990,397990,397990,397990,397990,397990,397990,397990,397990,397990,397990,397990,397990,397990,397990,397990,397990,397990,397990,397990,397990,397990,397990,397990,397990,397990,397990,397990,397990,397990
16891514,CORSAIR 노트북 DDR5-4800 CL40 VENGEANCE 패키지,CORSAIR 노트북 VENGEANCE 패키지,DDR5,4800,CL40,32GB(16GX2),32,197990,197990,197990,197990,197990,197990,197990,197990,197990,197990,197990,197990,197990,197990,197990,197990,197990,197990,197990,197990,197990,197990,197990,197990,197990,197990,197990,197990,197990,197990
16891514,CORSAIR 노트북 DDR5-4800 CL40 VENGEANCE 패키지,CORSAIR 노트북 VENGEANCE 패키지,DDR5,4800,CL40,16GB(8GX2),16,97990,97990,97990,97990,97990,97990,97990,97990,97990,97990,97990,97990,97990,97990,97990,97990,97990,97990,97990,97990,97990,97990,97990,97990,97990,97990,97990,97990,97990,97990
44178593,CORSAIR 노트북 DDR5-5600 CL48 VENGEANCE,CORSAIR 노트북 VENGEANCE,DDR5,5600,CL48,16GB,16,109000,109000,109000,109000,109000,109000,109000,109000,0,0,0,109000,109000,109000,109000,109000,109000,109000,109000,109000,109000,109000,109000,109000,109000,109000,109000,109000,109000,109000
44183498,CORSAIR 노트북 DDR5-5600 CL48 VENGEANCE 패키지,CORSAIR 노트북 VENGEANCE 패키지,DDR5,5600,CL48,32GB(16GX2),32,218000,218000,218000,218000,218000,218000,218000,218000,218000,218000,218000,218000,218000,218000,218000,218000,218000,218000,218000,218000,218000,218000,218000,218000,218000,218000,218000,0,0,0
5800481,CYNEX DDR2-667 중고,CYNEX DDR2-667 중고,0,0,0,2GB,2,32580,32580,32580,32580,32580,32580,32580,32580,32580,32580,32580,32580,32580,32580,32580,32580,32580,32580,32580,32580,0,32580,32580,32580,32580,32580,32580,32580,32580,32580
5800481,CYNEX DDR2-667 중고,CYNEX DDR2-667 중고,0,0,0,1GB,1,50000,50000,50000,50000,50000,50000,50000,50000,50000,50000,50000,50000,50000,50000,50000,50000,50000,50000,50000,50000,0,50000,50000,50000,50000,50000,50000,50000,50000,50000
5800464,CYNEX DDR2-800 중고,CYNEX DDR2-800 중고,0,0,0,2GB,2,29360,29360,29360,29360,29360,29360,29360,29360,29360,29360,29360,29360,29360,29360,29360,29360,29360,29360,29360,29360,29360,29360,29360,29360,29360,29360,29360,29360,29360,29360
793959,CYNEX DDR3-1066,CYNEX,DDR3,1066,0,2GB,2,25230,0,0,0,0,0,0,0,0,0,0,0,0,0,0,25230,25230,25230,25230,25230,25230,25230,0,0,0,0,0,0,0,0
1220709,CYNEX DDR3-1333,CYNEX,DDR3,1333,0,4GB,4,43480,43480,43480,43480,43480,43480,43480,43480,43480,43480,43480,43480,43480,43480,43480,43480,43480,43480,43480,43480,43480,43480,43480,43480,43480,43480,43480,43480,43480,43480
1220709,CYNEX DDR3-1333,CYNEX,DDR3,1333,0,2GB,2,25230,25230,25230,25230,25230,25230,25230,25230,25230,25230,25230,25230,25230,25230,25230,25230,25230,25230,25230,25230,25230,25230,25230,25230,25230,25230,25230,25230,25230,25230
1676882,CYNEX DDR3-1600,CYNEX,DDR3,1600,0,8GB,8,41010,41010,41010,41010,41010,41010,41010,41010,0,0,0,0,0,0,0,0,0,0,0,0,0,0,0,0,0,0,0,0,0,0
1676882,CYNEX DDR3-1600,CYNEX,DDR3,1600,0,4GB,4,11000,11000,11000,11000,11000,11000,11000,11000,0,0,0,0,0,0,0,0,0,0,0,0,0,0,0,0,0,0,0,0,0,0
2030360,CYNEX DDR3-1600,CYNEX,DDR3,1600,0,8GB,8,0,0,0,0,0,0,0,0,41010,41010,41010,41010,41010,41010,41010,41010,41010,41010,41010,41010,41010,41010,41010,41010,41010,41010,41010,41010,41010,41010
2030360,CYNEX DDR3-1600,CYNEX,DDR3,1600,0,4GB,4,0,0,0,0,0,0,0,0,11000,11000,11000,11000,11000,11000,11000,11000,11000,11000,11000,11000,11000,11000,11000,11000,11000,11000,11000,11000,11000,11000
2030389,CYNEX DDR3-1600 멜론,CYNEX 멜론,DDR3,1600,0,8GB,8,36000,36000,36000,36000,0,0,0,0,0,36000,36000,36000,36000,36000,36000,36000,0,0,0,0,0,0,0,0,0,0,0,0,0,0
2030389,CYNEX DDR3-1600 멜론,CYNEX 멜론,DDR3,1600,0,4GB,4,26000,26000,26000,26000,0,0,0,0,0,26000,26000,26000,26000,26000,26000,26000,0,0,0,0,0,0,0,0,0,0,0,0,0,0
2030384,CYNEX DDR3-1600 엠트란 매직,CYNEX 엠트란 매직,DDR3,1600,0,8GB,8,36000,36000,36000,36000,0,0,0,0,0,0,0,0,0,0,0,0,0,0,0,0,0,0,0,0,0,0,0,0,0,0
2030384,CYNEX DDR3-1600 엠트란 매직,CYNEX 엠트란 매직,DDR3,1600,0,4GB,4,26000,26000,26000,26000,0,0,0,0,0,0,0,0,0,0,0,0,0,0,0,0,0,0,0,0,0,0,0,0,0,0
5330538,CYNEX DDR4-2133 엠트란,CYNEX 엠트란,DDR4,2133,0,16GB,16,0,0,0,0,0,0,0,0,0,195370,195370,195370,195380,195380,195380,195380,0,0,0,0,195380,195380,195380,195370,195370,195370,195370,0,0,0
5330612,CYNEX DDR4-2400,CYNEX,DDR4,2400,0,16GB,16,193230,193230,193230,193230,193230,193230,193230,193230,193230,193230,193230,193230,193240,193240,193240,193240,193240,193240,193240,193240,193240,193240,193240,193230,193230,193230,193230,193230,193230,193230
5587481,CYNEX DDR4-2400 CL17 엠트란,CYNEX 엠트란,DDR4,2400,CL17,16GB,16,0,0,0,0,0,0,0,0,0,0,0,0,0,0,0,0,0,0,0,0,0,0,0,0,0,198240,198240,198240,198240,198240
10523100,CYNEX DDR4-2666 CL19,CYNEX,DDR4,2666,CL19,8GB,8,23180,23180,23180,23180,23180,23180,23180,23180,23180,23180,23180,23180,23190,23190,23190,23190,23190,23190,23190,23190,23190,23190,23190,23190,23180,23180,23180,23180,23180,23180
5800505,CYNEX 노트북 DDR2-667 중고,CYNEX 노트북 DDR2-667 중고,0,0,0,2GB,2,27500,27500,27500,27500,27500,27500,0,0,0,0,0,0,0,0,0,0,0,0,0,0,0,0,0,0,0,0,0,0,0,0
5800385,CYNEX 노트북 DDR2-800 중고,CYNEX 노트북 DDR2-800 중고,0,0,0,2GB,2,27400,27400,27400,27400,27400,27400,27400,27400,27400,27400,27400,27400,27400,27400,27400,27400,27400,27400,27400,27400,27400,27400,27400,27400,27400,27400,27400,27400,27400,27400
1525073,CYNEX 노트북 DDR3-1066,CYNEX 노트북,DDR3,1066,0,2GB,2,24110,24110,24110,24110,24110,24110,24110,24110,24110,24110,24110,24110,24110,24110,24110,24110,24110,24110,24110,24110,24110,24110,24110,24110,24110,24110,24110,24110,24110,24110
1307819,CYNEX 노트북 DDR3-1333,CYNEX 노트북,DDR3,1333,0,2GB,2,25800,25800,25800,25800,25800,25800,25800,25800,25800,25800,25800,25800,25800,25800,25800,25800,25800,0,0,25800,0,0,25800,25800,25800,25800,25800,25800,25800,25800
2464556,CYNEX 노트북 DDR3-1600,CYNEX 노트북,DDR3,1600,0,8GB,8,77790,77790,77790,77790,77790,77790,77790,77790,77790,77790,77790,77790,77790,77790,77790,77790,77790,77790,77790,77790,77790,77790,77790,77790,77790,77790,77790,77790,77790,77790
636450,Dreamware DDR2-800 FB For APPLE,Dreamware DDR2-800 FB For APPLE,0,0,0,1GB,1,98410,98410,0,0,0,0,0,0,0,0,0,0,0,0,0,0,0,0,0,0,0,0,0,0,0,0,0,0,0,0
2671270,Dreamware DDR3-1866 ECC Mac Pro,Dreamware ECC Mac Pro,DDR3,1866,0,16GB,16,430000,430000,430000,0,0,0,0,0,0,0,0,0,0,0,0,0,0,0,0,0,0,0,0,0,0,0,0,0,0,0
2671270,Dreamware DDR3-1866 ECC Mac Pro,Dreamware ECC Mac Pro,DDR3,1866,0,8GB,8,220000,220000,220000,0,0,0,0,0,0,0,0,0,0,0,0,0,0,0,0,0,0,0,0,0,0,0,0,0,0,0
2671270,Dreamware DDR3-1866 ECC Mac Pro,Dreamware ECC Mac Pro,DDR3,1866,0,4GB,4,110000,110000,110000,0,0,0,0,0,0,0,0,0,0,0,0,0,0,0,0,0,0,0,0,0,0,0,0,0,0,0
2672598,Dreamware DDR3-1866 ECC Mac Pro,Dreamware ECC Mac Pro,DDR3,1866,0,16GB,16,0,0,0,0,0,0,0,0,0,0,0,0,0,0,0,0,430000,430000,430000,430000,430000,430000,430000,430000,430000,430000,0,0,0,0
2672598,Dreamware DDR3-1866 ECC Mac Pro,Dreamware ECC Mac Pro,DDR3,1866,0,8GB,8,0,0,0,0,0,0,0,0,0,0,0,0,0,0,0,0,220000,220000,220000,220000,220000,220000,220000,220000,220000,220000,0,0,0,0
2672598,Dreamware DDR3-1866 ECC Mac Pro,Dreamware ECC Mac Pro,DDR3,1866,0,4GB,4,0,0,0,0,0,0,0,0,0,0,0,0,0,0,0,0,110000,110000,110000,110000,110000,110000,110000,110000,110000,110000,0,0,0,0
2672596,Dreamware DDR3-1866 ECC Mac Pro,Dreamware ECC Mac Pro,DDR3,1866,0,16GB,16,0,0,0,0,0,0,0,0,0,0,0,0,0,0,0,0,0,0,0,0,0,0,0,0,0,0,430000,430000,430000,430000
2672596,Dreamware DDR3-1866 ECC Mac Pro,Dreamware ECC Mac Pro,DDR3,1866,0,8GB,8,0,0,0,0,0,0,0,0,0,0,0,0,0,0,0,0,0,0,0,0,0,0,0,0,0,0,220000,220000,220000,220000
2672596,Dreamware DDR3-1866 ECC Mac Pro,Dreamware ECC Mac Pro,DDR3,1866,0,4GB,4,0,0,0,0,0,0,0,0,0,0,0,0,0,0,0,0,0,0,0,0,0,0,0,0,0,0,110000,110000,110000,110000
5800315,EKMEMORY DDR2-800 중고,EKMEMORY DDR2-800 중고,0,0,0,2GB,2,33520,33520,33520,33520,33520,33520,33520,33520,33520,33520,33520,33520,33520,33520,33520,33520,33520,33520,33520,33520,33520,33520,33470,33470,33470,33470,33470,33470,33470,33470
928282,EKMEMORY DDR3-1333,EKMEMORY,DDR3,1333,0,4GB,4,37220,37220,37220,37220,37220,37220,37220,37220,37220,37220,37220,37220,37220,37220,37220,37220,37220,37220,37220,37220,37220,37220,37220,37220,37220,37220,37220,37220,37220,37220
928282,EKMEMORY DDR3-1333,EKMEMORY,DDR3,1333,0,2GB,2,21470,21470,21470,21470,21470,21470,21470,21470,21470,21470,21470,21470,21470,21470,21470,21470,21470,21470,21470,21470,21470,21470,21470,21470,21470,21470,21470,21470,21470,21470
1183663,EKMEMORY DDR3-1333 인디핑크,EKMEMORY 인디핑크,DDR3,1333,0,4GB,4,0,0,0,39300,39300,39300,39300,39300,39300,39300,0,0,0,0,0,0,0,0,0,0,0,0,0,0,0,0,0,0,0,0
1183663,EKMEMORY DDR3-1333 인디핑크,EKMEMORY 인디핑크,DDR3,1333,0,2GB,2,0,0,0,22250,22250,22250,22250,22250,22250,22250,0,0,0,0,0,0,0,0,0,0,0,0,0,0,0,0,0,0,0,0
1741833,EKMEMORY DDR3-1600,EKMEMORY,DDR3,1600,0,8GB,8,50420,50420,50420,50420,50420,50420,50420,50420,50420,50420,50420,50420,50420,50420,50420,50420,50420,50420,50420,50420,50420,50420,50420,50420,50420,50420,50420,0,0,0
1741833,EKMEMORY DDR3-1600,EKMEMORY,DDR3,1600,0,4GB,4,38650,38650,38650,38650,38650,38650,38650,38650,38650,38650,38650,38650,38650,38650,38650,38650,38650,38650,38650,38650,38650,38650,38650,38650,38650,38650,38650,0,0,0
1885748,EKMEMORY DDR3-1600,EKMEMORY,DDR3,1600,0,8GB,8,0,0,0,0,0,0,0,0,0,0,0,0,0,0,0,0,0,0,0,0,0,0,0,0,0,0,0,50420,50420,50420
1885748,EKMEMORY DDR3-1600,EKMEMORY,DDR3,1600,0,4GB,4,0,0,0,0,0,0,0,0,0,0,0,0,0,0,0,0,0,0,0,0,0,0,0,0,0,0,0,38650,38650,38650
1885750,EKMEMORY DDR3-1600 인디핑크,EKMEMORY 인디핑크,DDR3,1600,0,8GB,8,70000,70000,70000,70000,0,0,70000,70000,70000,70000,70000,70000,70000,70000,0,0,0,0,0,0,0,0,0,0,0,0,0,0,0,0
1885750,EKMEMORY DDR3-1600 인디핑크,EKMEMORY 인디핑크,DDR3,1600,0,4GB,4,26000,26000,26000,26000,0,0,26000,26000,26000,26000,26000,26000,26000,26000,0,0,0,0,0,0,0,0,0,0,0,0,0,0,0,0
8455845,ESSENCORE KLEVV DDR3-1600 CL9 NEO 중고,ESSENCORE KLEVV NEO 중고,DDR3,1600,CL9,4GB,4,0,0,0,0,0,0,0,0,0,0,0,0,0,0,0,0,0,0,35000,35000,35000,35000,35000,35000,35000,0,0,0,0,0
4152022,ESSENCORE KLEVV DDR3-1600 CL9 URBANE 패키지,ESSENCORE KLEVV URBANE 패키지,DDR3,1600,CL9,16GB(8GX2),16,200000,200000,200000,200000,200000,200000,0,0,0,200000,200000,200000,200000,200000,200000,200000,200000,200000,200000,200000,200000,200000,200000,200000,200000,200000,200000,200000,200000,200000
4152022,ESSENCORE KLEVV DDR3-1600 CL9 URBANE 패키지,ESSENCORE KLEVV URBANE 패키지,DDR3,1600,CL9,8GB(4GX2),8,70000,70000,70000,70000,70000,70000,0,0,0,70000,70000,70000,70000,70000,70000,70000,70000,70000,70000,70000,70000,70000,70000,70000,70000,70000,70000,70000,70000,70000
5058088,ESSENCORE KLEVV DDR3-1600 CL9 URBANE 패키지,ESSENCORE KLEVV URBANE 패키지,DDR3,1600,CL9,16GB(8GX2),16,0,0,0,0,0,0,200000,200000,200000,0,0,0,0,0,0,0,0,0,0,0,0,0,0,0,0,0,0,0,0,0
5058088,ESSENCORE KLEVV DDR3-1600 CL9 URBANE 패키지,ESSENCORE KLEVV URBANE 패키지,DDR3,1600,CL9,8GB(4GX2),8,0,0,0,0,0,0,70000,70000,70000,0,0,0,0,0,0,0,0,0,0,0,0,0,0,0,0,0,0,0,0,0
5547487,ESSENCORE KLEVV DDR3-1866 CL9 NEO,ESSENCORE KLEVV NEO,DDR3,1866,CL9,4GB,4,26830,26830,26830,26830,26830,26830,26830,26830,26830,26830,0,0,0,0,0,0,0,0,26840,26840,26840,26840,26840,26830,26830,26830,26830,26830,26830,26830
4151497,ESSENCORE KLEVV DDR3-1866 CL9 NEO 패키지,ESSENCORE KLEVV NEO 패키지,DDR3,1866,CL9,8GB(4GX2),8,55376,55376,55376,55376,55376,55376,55376,55376,55376,55376,55376,55376,55376,55376,55376,55376,55376,55376,55376,55376,55376,55376,55376,55376,55376,55376,55376,55376,55376,55376
4152056,ESSENCORE KLEVV DDR3-1866 CL9 URBANE 패키지,ESSENCORE KLEVV URBANE 패키지,DDR3,1866,CL9,16GB(8GX2),16,0,0,0,0,0,0,0,0,0,250000,250000,250000,250000,250000,250000,250000,250000,250000,250000,250000,0,250000,0,0,0,0,250000,250000,0,0
5276544,ESSENCORE KLEVV DDR4-2400 CL15,ESSENCORE KLEVV,DDR4,2400,CL15,4GB,4,16000,16000,16000,16000,16000,16000,16000,16000,16000,16000,0,0,16000,16000,16000,16000,16000,16000,16000,16000,16000,16000,16000,16000,16000,16000,0,16000,16000,16000
9390978,ESSENCORE KLEVV DDR4-2666 CL19 파인인포,ESSENCORE KLEVV 파인인포,DDR4,2666,CL19,16GB,16,36350,36350,36320,36300,36270,37400,37000,37000,0,0,0,0,0,0,0,0,0,0,0,0,37100,37100,37100,0,37100,37100,0,0,0,0
9390978,ESSENCORE KLEVV DDR4-2666 CL19 파인인포,ESSENCORE KLEVV 파인인포,DDR4,2666,CL19,8GB,8,18350,18350,18350,18350,18350,18350,18350,18350,0,0,0,0,0,0,0,0,0,0,0,0,18330,18300,18240,0,18220,18180,0,0,0,0
9390978,ESSENCORE KLEVV DDR4-2666 CL19 파인인포,ESSENCORE KLEVV 파인인포,DDR4,2666,CL19,4GB,4,12580,12580,12580,12580,12580,12580,12580,12580,0,0,0,0,0,0,0,0,0,0,0,0,12580,12580,12580,0,12580,12580,0,0,0,0
9390954,ESSENCORE KLEVV DDR4-2666 CL19 파인인포,ESSENCORE KLEVV 파인인포,DDR4,2666,CL19,16GB,16,0,0,0,0,0,0,0,0,37290,37200,37120,37110,37100,37000,37000,37000,37000,37000,37100,37100,0,0,0,37100,0,0,37100,37100,37100,37100
9390954,ESSENCORE KLEVV DDR4-2666 CL19 파인인포,ESSENCORE KLEVV 파인인포,DDR4,2666,CL19,8GB,8,0,0,0,0,0,0,0,0,18350,18350,18350,18350,18350,18330,18330,18330,18330,18330,18330,18330,0,0,0,18240,0,0,18150,18180,18160,18170
9390954,ESSENCORE KLEVV DDR4-2666 CL19 파인인포,ESSENCORE KLEVV 파인인포,DDR4,2666,CL19,4GB,4,0,0,0,0,0,0,0,0,12580,12580,12580,12580,12580,12580,12580,12580,12580,12580,12580,12580,0,0,0,12580,0,0,12580,12580,12580,12580
3422129,ESSENCORE KLEVV DDR4-3000 CL16 CRAS WHITE 패키지,ESSENCORE KLEVV CRAS WHITE 패키지,DDR4,3000,CL16,16GB(4GX4),16,0,0,0,0,0,0,0,0,0,0,509300,509300,509300,509300,509300,509300,509300,0,0,0,509300,509300,509300,509300,509300,509300,509300,0,0,509300
11113266,ESSENCORE KLEVV DDR4-3200 CL16 BOLT X,ESSENCORE KLEVV BOLT X,DDR4,3200,CL16,16GB,16,87600,87600,87600,87600,87600,87600,87600,87600,87600,87600,87600,0,0,0,0,0,0,0,0,0,0,0,0,0,0,0,0,0,0,0
27867158,ESSENCORE KLEVV DDR4-3200 CL16 BOLT X 서린,ESSENCORE KLEVV BOLT X 서린,DDR4,3200,CL16,16GB,16,43740,43620,43610,44890,43890,43900,43890,43890,43890,43860,43740,43620,43580,43570,43570,43570,43570,43570,43570,43570,43570,43570,43570,43570,43570,43570,43570,43570,43570,43570
27867158,ESSENCORE KLEVV DDR4-3200 CL16 BOLT X 서린,ESSENCORE KLEVV BOLT X 서린,DDR4,3200,CL16,8GB,8,25040,25290,25190,25180,25150,25030,25300,25300,25300,26000,25500,25300,25300,25290,25290,25290,25290,25290,25290,25290,25290,25290,25290,25290,25290,25290,25290,25290,25290,25290
6634354,ESSENCORE KLEVV DDR4-3200 CL16 CRAS X RGB 패키지,ESSENCORE KLEVV CRAS X RGB 패키지,DDR4,3200,CL16,16GB(8GX2),16,66120,66090,65990,65960,65850,65730,65610,65490,65370,65250,65130,65010,66390,66390,66390,66390,66390,66390,66390,66390,66390,66390,66390,66340,66320,66280,66260,66250,66240,66230
27884993,ESSENCORE KLEVV DDR4-3200 CL16 CRAS X RGB 패키지 서린,ESSENCORE KLEVV CRAS X RGB 패키지 서린,DDR4,3200,CL16,32GB(16GX2),32,106390,106400,106390,106390,106390,106400,0,0,0,0,0,0,0,0,0,0,0,0,0,0,0,0,0,0,0,106390,0,0,106390,106390
27884993,ESSENCORE KLEVV DDR4-3200 CL16 CRAS X RGB 패키지 서린,ESSENCORE KLEVV CRAS X RGB 패키지 서린,DDR4,3200,CL16,16GB(8GX2),16,61000,61000,61000,61000,61000,61000,0,0,0,0,0,0,0,0,0,0,0,0,0,0,0,0,0,0,0,59490,0,0,59490,59490
27885068,ESSENCORE KLEVV DDR4-3200 CL16 CRAS X RGB 패키지 서린,ESSENCORE KLEVV CRAS X RGB 패키지 서린,DDR4,3200,CL16,32GB(16GX2),32,0,0,0,0,0,0,106390,106390,106390,106390,108480,106400,106400,106390,106390,106390,106390,106390,106390,106390,106390,106390,106390,109000,109000,0,106390,106390,0,0
27885068,ESSENCORE KLEVV DDR4-3200 CL16 CRAS X RGB 패키지 서린,ESSENCORE KLEVV CRAS X RGB 패키지 서린,DDR4,3200,CL16,16GB(8GX2),16,0,0,0,0,0,0,59500,59500,59500,60800,59500,59500,59500,59490,59490,59490,59490,59490,59490,59490,59490,59490,59490,59490,59490,0,59490,59490,0,0
11787091,ESSENCORE KLEVV DDR4-3200 CL22 파인인포,ESSENCORE KLEVV 파인인포,DDR4,3200,CL22,32GB,32,71630,71600,71600,73400,71700,71700,71600,71600,71700,73490,71700,73490,73500,73500,73500,73500,73500,73500,73500,75640,75640,75640,75640,76000,82820,73500,73490,73490,73490,73490
11787091,ESSENCORE KLEVV DDR4-3200 CL22 파인인포,ESSENCORE KLEVV 파인인포,DDR4,3200,CL22,16GB,16,30010,30690,30040,31480,31480,30590,30050,30050,30590,30590,30590,31490,31490,31100,31100,31100,31100,31100,31480,31430,31100,31100,31310,31300,31250,30640,30560,30450,30300,30440
11787091,ESSENCORE KLEVV DDR4-3200 CL22 파인인포,ESSENCORE KLEVV 파인인포,DDR4,3200,CL22,8GB,8,18040,18000,18000,18200,18490,18500,18400,18400,18500,18500,18500,18500,18500,18400,18400,18400,18400,18400,18490,18490,18400,18400,18410,18410,18380,18300,18290,18330,18310,18300
11113332,ESSENCORE KLEVV DDR4-3600 CL18 BOLT X,ESSENCORE KLEVV BOLT X,DDR4,3600,CL18,16GB,16,0,0,0,0,0,0,0,0,0,0,0,0,0,0,0,0,0,0,118800,118800,118800,118800,118800,118800,118800,118800,118800,0,0,118800
27867344,ESSENCORE KLEVV DDR4-3600 CL18 BOLT X 서린,ESSENCORE KLEVV BOLT X 서린,DDR4,3600,CL18,16GB,16,49490,49460,49390,49340,49250,49160,49600,49600,51000,0,50300,49700,49700,49680,49680,49680,49680,49680,49690,49690,49680,49680,49690,49690,49690,49690,49690,49680,49680,49690
27867344,ESSENCORE KLEVV DDR4-3600 CL18 BOLT X 서린,ESSENCORE KLEVV BOLT X 서린,DDR4,3600,CL18,8GB,8,27350,27400,27390,27790,27390,27390,27350,27350,27390,0,27780,27400,27400,27380,27380,27380,27380,27380,27390,27390,27380,27380,27390,27390,27390,27390,27390,27380,27380,27390
27867308,ESSENCORE KLEVV DDR4-3600 CL18 BOLT X 서린,ESSENCORE KLEVV BOLT X 서린,DDR4,3600,CL18,16GB,16,0,0,0,0,0,0,0,0,0,50300,0,0,0,0,0,0,0,0,0,0,0,0,0,0,0,0,0,0,0,0
27867308,ESSENCORE KLEVV DDR4-3600 CL18 BOLT X 서린,ESSENCORE KLEVV BOLT X 서린,DDR4,3600,CL18,8GB,8,0,0,0,0,0,0,0,0,0,27390,0,0,0,0,0,0,0,0,0,0,0,0,0,0,0,0,0,0,0,0
27867371,ESSENCORE KLEVV DDR4-3600 CL18 BOLT X 패키지 서린,ESSENCORE KLEVV BOLT X 패키지 서린,DDR4,3600,CL18,16GB(8GX2),16,95000,95000,95000,95000,95000,95000,95000,95000,95000,95000,95000,95000,95000,95000,95000,95000,95000,95000,95000,95000,95000,95000,95000,95000,95000,95000,95000,95000,95000,95000
27895484,ESSENCORE KLEVV DDR4-3600 CL18 BOLT XR 패키지 서린,ESSENCORE KLEVV BOLT XR 패키지 서린,DDR4,3600,CL18,32GB(16GX2),32,95940,95860,95760,95730,95620,95510,95950,95950,95950,95930,95820,95700,97540,97530,97530,97530,97530,97530,97530,97530,97530,97530,97530,98970,98870,98780,98770,98760,98750,98740
27895484,ESSENCORE KLEVV DDR4-3600 CL18 BOLT XR 패키지 서린,ESSENCORE KLEVV BOLT XR 패키지 서린,DDR4,3600,CL18,16GB(8GX2),16,55390,55280,55590,56510,55590,55580,55500,55500,55460,55370,55280,55190,55590,55570,55570,55570,55570,55570,55580,55580,55570,55570,55580,55580,55580,55580,55580,55570,55570,55580
11113101,ESSENCORE KLEVV DDR4-3600 CL18 CRAS X RGB 패키지,ESSENCORE KLEVV CRAS X RGB 패키지,DDR4,3600,CL18,32GB(16GX2),32,142730,142730,142730,142730,142730,142730,142730,142730,142730,141500,141500,141500,141500,141500,141500,141500,141500,141500,141500,141500,141500,141500,141500,141500,141500,141500,141500,141500,141500,141500
11113101,ESSENCORE KLEVV DDR4-3600 CL18 CRAS X RGB 패키지,ESSENCORE KLEVV CRAS X RGB 패키지,DDR4,3600,CL18,16GB(8GX2),16,73960,73960,73960,73960,73960,73960,73960,73960,0,73960,73960,73960,73960,73960,73960,73960,73960,73960,73960,73960,73960,73960,73960,73960,73960,73960,73960,73960,73960,73960
27885311,ESSENCORE KLEVV DDR4-3600 CL18 CRAS X RGB 패키지 서린,ESSENCORE KLEVV CRAS X RGB 패키지 서린,DDR4,3600,CL18,32GB(16GX2),32,110290,110280,110250,110150,0,0,0,0,0,109440,109320,110300,110300,110290,110290,110290,110290,110290,110290,110290,110290,110290,110290,110290,110290,110290,110290,110290,110290,110290
27885311,ESSENCORE KLEVV DDR4-3600 CL18 CRAS X RGB 패키지 서린,ESSENCORE KLEVV CRAS X RGB 패키지 서린,DDR4,3600,CL18,16GB(8GX2),16,62490,62500,62490,62490,0,0,0,0,0,62490,63790,62500,62500,62490,62490,62490,62490,62490,62490,62490,62490,62490,62490,62490,62490,62490,62490,62490,62490,62490
27885218,ESSENCORE KLEVV DDR4-3600 CL18 CRAS X RGB 패키지 서린,ESSENCORE KLEVV CRAS X RGB 패키지 서린,DDR4,3600,CL18,32GB(16GX2),32,0,0,0,0,110040,109920,109800,109680,109560,0,0,0,0,0,0,0,0,0,0,0,0,0,0,0,0,0,0,0,0,0
27885218,ESSENCORE KLEVV DDR4-3600 CL18 CRAS X RGB 패키지 서린,ESSENCORE KLEVV CRAS X RGB 패키지 서린,DDR4,3600,CL18,16GB(8GX2),16,0,0,0,0,62490,62500,62490,62490,62490,0,0,0,0,0,0,0,0,0,0,0,0,0,0,0,0,0,0,0,0,0
12122072,ESSENCORE KLEVV DDR4-3600 CL18 CRAS XR RGB,ESSENCORE KLEVV CRAS XR RGB,DDR4,3600,CL18,16GB,16,0,0,0,0,76480,76480,76480,76480,75670,75670,0,0,0,0,0,0,0,0,0,0,0,0,0,0,0,0,0,0,0,0
29821856,ESSENCORE KLEVV DDR4-3600 CL18 CRAS XR RGB 서린,ESSENCORE KLEVV CRAS XR RGB 서린,DDR4,3600,CL18,16GB,16,64000,64000,64000,64000,64000,64000,64000,64000,64000,64000,64000,64000,64000,64000,64000,64000,64000,64000,64000,64000,64000,64000,64000,64000,64000,64000,64000,64000,64000,64000
12121796,ESSENCORE KLEVV DDR4-3600 CL18 CRAS XR RGB 패키지,ESSENCORE KLEVV CRAS XR RGB 패키지,DDR4,3600,CL18,16GB(8GX2),16,0,0,76180,76180,76180,76180,76180,76180,76180,0,0,0,0,0,0,0,0,0,0,0,0,0,0,0,0,0,0,0,0,0
27885863,ESSENCORE KLEVV DDR4-3600 CL18 CRAS XR RGB 패키지 서린,ESSENCORE KLEVV CRAS XR RGB 패키지 서린,DDR4,3600,CL18,32GB(16GX2),32,112150,112200,112190,0,0,0,0,0,112190,112190,114600,112200,112200,112180,112180,112180,112180,112180,112190,112190,112180,112180,112190,112190,112190,112190,112190,112180,112180,112190
27885863,ESSENCORE KLEVV DDR4-3600 CL18 CRAS XR RGB 패키지 서린,ESSENCORE KLEVV CRAS XR RGB 패키지 서린,DDR4,3600,CL18,16GB(8GX2),16,62490,62500,62490,0,0,0,0,0,62490,62490,63900,62500,62500,62490,62490,62490,62490,62490,62490,62490,62490,62490,62490,62490,62490,62490,62490,62490,62490,62490
27885758,ESSENCORE KLEVV DDR4-3600 CL18 CRAS XR RGB 패키지 서린,ESSENCORE KLEVV CRAS XR RGB 패키지 서린,DDR4,3600,CL18,32GB(16GX2),32,0,0,0,114970,112190,112190,112100,112100,0,0,0,0,0,0,0,0,0,0,0,0,0,0,0,0,0,0,0,0,0,0
27885758,ESSENCORE KLEVV DDR4-3600 CL18 CRAS XR RGB 패키지 서린,ESSENCORE KLEVV CRAS XR RGB 패키지 서린,DDR4,3600,CL18,16GB(8GX2),16,0,0,0,62490,62490,62500,62490,62490,0,0,0,0,0,0,0,0,0,0,0,0,0,0,0,0,0,0,0,0,0,0
12971858,ESSENCORE KLEVV DDR4-4000 CL19 BOLT XR,ESSENCORE KLEVV BOLT XR,DDR4,4000,CL19,8GB,8,109000,109000,109000,109000,109000,0,0,0,0,0,0,0,0,0,0,0,0,0,0,0,0,0,0,0,0,109000,109000,109000,109000,109000
27895889,ESSENCORE KLEVV DDR4-4000 CL19 BOLT XR 패키지 서린,ESSENCORE KLEVV BOLT XR 패키지 서린,DDR4,4000,CL19,16GB(8GX2),16,114000,114000,114000,114000,114000,114000,114000,114000,114000,114000,114000,114000,114000,114000,114000,114000,114000,114000,114000,114000,114000,114000,114000,114000,114000,114000,114000,114000,114000,114000
58107197,ESSENCORE KLEVV DDR5-5600 CL30 FIT V,ESSENCORE KLEVV FIT V,DDR5,5600,CL30,16GB,16,63650,53600,53600,63650,63650,63650,63650,63650,63650,63650,63650,65300,65300,65290,65290,65290,65290,65290,65290,65290,65290,65290,65290,65290,65290,65290,67000,67000,67000,67000
27913391,ESSENCORE KLEVV DDR5-5600 CL46 파인인포,ESSENCORE KLEVV 파인인포,DDR5,5600,CL46,32GB,32,114020,114020,113990,0,0,114100,114000,114000,114100,116990,114100,114100,114090,114080,114080,114080,114070,114060,114070,114070,114060,114060,114070,114070,0,118330,116960,0,0,0
27913391,ESSENCORE KLEVV DDR5-5600 CL46 파인인포,ESSENCORE KLEVV 파인인포,DDR5,5600,CL46,16GB,16,58760,58760,58760,0,0,58950,58950,58950,59000,59000,59000,59000,58990,58980,58980,58980,58970,58960,58970,58970,58960,58960,58970,58970,0,58930,58930,0,0,0
18965774,ESSENCORE KLEVV DDR5-5600 CL46 파인인포,ESSENCORE KLEVV 파인인포,DDR5,5600,CL46,32GB,32,0,0,0,113900,114100,0,0,0,0,0,0,0,0,0,0,0,0,0,0,0,0,0,0,0,114070,0,0,114060,114040,114570
18965774,ESSENCORE KLEVV DDR5-5600 CL46 파인인포,ESSENCORE KLEVV 파인인포,DDR5,5600,CL46,16GB,16,0,0,0,58760,58980,0,0,0,0,0,0,0,0,0,0,0,0,0,0,0,0,0,0,0,58940,0,0,57480,57430,58390
27894470,ESSENCORE KLEVV DDR5-6000 CL30 BOLT V 패키지 서린,ESSENCORE KLEVV BOLT V 패키지 서린,DDR5,6000,CL30,32GB(16GX2),32,165980,165950,165900,165820,165730,165640,161880,161800,161830,161740,161650,161560,161890,161880,161880,161880,161880,161880,161890,161890,161880,161880,161900,166000,166000,161890,161890,161880,161880,161890
32076077,ESSENCORE KLEVV DDR5-6000 CL30 CRAS V RGB WHITE 패키지 서린,ESSENCORE KLEVV CRAS V RGB WHITE 패키지 서린,DDR5,6000,CL30,64GB(32GX2),64,332500,342000,349990,349990,349990,349990,341500,341500,341500,350000,350000,341500,341500,341490,341490,341490,341490,341490,341490,341490,341490,341490,341490,341490,341490,341490,341490,341490,341490,341490
32076077,ESSENCORE KLEVV DDR5-6000 CL30 CRAS V RGB WHITE 패키지 서린,ESSENCORE KLEVV CRAS V RGB WHITE 패키지 서린,DDR5,6000,CL30,48GB(24GX2),48,237500,244150,249990,249990,250000,250000,243900,243900,243900,249990,250000,243900,243900,243890,243890,243890,243890,243890,243890,243890,243890,243890,243890,243890,250000,250000,250000,250000,250000,250000
32076077,ESSENCORE KLEVV DDR5-6000 CL30 CRAS V RGB WHITE 패키지 서린,ESSENCORE KLEVV CRAS V RGB WHITE 패키지 서린,DDR5,6000,CL30,32GB(16GX2),32,185390,185400,190000,190000,190000,190000,185400,185400,185400,189100,189100,185400,185400,185390,185380,185380,185380,185380,185390,185390,185380,185380,185390,185390,189090,189090,189090,188000,188000,189090
27886268,ESSENCORE KLEVV DDR5-6000 CL30 CRAS V RGB 패키지 서린,ESSENCORE KLEVV CRAS V RGB 패키지 서린,DDR5,6000,CL30,64GB(32GX2),64,344880,344870,344860,344830,344720,344600,341490,341390,341500,345100,345100,341490,0,0,341480,341480,341480,341480,341480,341480,341480,341480,341480,341480,341480,341480,341480,341480,341480,341480
27886268,ESSENCORE KLEVV DDR5-6000 CL30 CRAS V RGB 패키지 서린,ESSENCORE KLEVV CRAS V RGB 패키지 서린,DDR5,6000,CL30,48GB(24GX2),48,237500,243900,247130,249990,243900,243900,243900,243900,243900,249990,250000,243900,0,0,243890,243890,243890,243890,243890,243890,243890,243890,243890,243890,243890,243890,243890,243890,243890,243890
27886268,ESSENCORE KLEVV DDR5-6000 CL30 CRAS V RGB 패키지 서린,ESSENCORE KLEVV CRAS V RGB 패키지 서린,DDR5,6000,CL30,32GB(16GX2),32,180490,180410,180310,180280,180170,180050,179930,179810,179690,179570,179450,179330,0,0,183540,183540,183540,183540,183540,183540,183540,183540,183540,183540,183540,183540,183540,183540,183540,183540
30002663,ESSENCORE KLEVV DDR5-6000 CL30 CRAS V RGB 패키지 서린,ESSENCORE KLEVV CRAS V RGB 패키지 서린,DDR5,6000,CL30,64GB(32GX2),64,0,0,0,0,0,0,0,0,0,0,0,0,341490,341480,0,0,0,0,0,0,0,0,0,0,0,0,0,0,0,0
30002663,ESSENCORE KLEVV DDR5-6000 CL30 CRAS V RGB 패키지 서린,ESSENCORE KLEVV CRAS V RGB 패키지 서린,DDR5,6000,CL30,48GB(24GX2),48,0,0,0,0,0,0,0,0,0,0,0,0,243900,243890,0,0,0,0,0,0,0,0,0,0,0,0,0,0,0,0
30002663,ESSENCORE KLEVV DDR5-6000 CL30 CRAS V RGB 패키지 서린,ESSENCORE KLEVV CRAS V RGB 패키지 서린,DDR5,6000,CL30,32GB(16GX2),32,0,0,0,0,0,0,0,0,0,0,0,0,183550,183540,0,0,0,0,0,0,0,0,0,0,0,0,0,0,0,0
30002747,ESSENCORE KLEVV DDR5-6000 CL32 CRAS XR5 RGB 패키지 서린,ESSENCORE KLEVV CRAS XR5 RGB 패키지 서린,DDR5,6000,CL32,64GB(32GX2),64,396640,396640,396640,396640,0,0,0,0,0,0,0,0,0,0,0,0,0,0,0,0,0,0,0,0,0,0,0,401250,401250,401250
30002747,ESSENCORE KLEVV DDR5-6000 CL32 CRAS XR5 RGB 패키지 서린,ESSENCORE KLEVV CRAS XR5 RGB 패키지 서린,DDR5,6000,CL32,32GB(16GX2),32,171000,171000,293300,293300,0,0,0,0,0,0,0,0,0,0,0,0,0,0,0,0,0,0,0,0,0,0,0,293300,293300,293300
27888203,ESSENCORE KLEVV DDR5-6000 CL32 CRAS XR5 RGB 패키지 서린,ESSENCORE KLEVV CRAS XR5 RGB 패키지 서린,DDR5,6000,CL32,64GB(32GX2),64,0,0,0,0,396640,396640,396640,396640,396640,396640,396640,396640,419700,428920,428920,428920,428920,428920,428920,428920,428920,428920,428920,428920,428920,415080,415080,0,0,0
27888203,ESSENCORE KLEVV DDR5-6000 CL32 CRAS XR5 RGB 패키지 서린,ESSENCORE KLEVV CRAS XR5 RGB 패키지 서린,DDR5,6000,CL32,32GB(16GX2),32,0,0,0,0,293300,293300,293300,293300,293300,293300,293300,293300,293300,293300,293300,293300,293300,293300,293300,293300,293300,293300,293300,293300,293300,293300,293300,0,0,0
58107284,ESSENCORE KLEVV DDR5-6000 CL32 FIT V 패키지,ESSENCORE KLEVV FIT V 패키지,DDR5,6000,CL32,32GB(16GX2),32,138700,146000,145990,145990,146000,146000,142400,142400,142400,146000,146000,142400,142400,142390,142390,142390,142390,142390,142390,142390,142390,142390,142390,142390,142390,142390,142390,142390,142390,142390
27888284,ESSENCORE KLEVV DDR5-6000 CL40 CRAS XR5 RGB 패키지 서린,ESSENCORE KLEVV CRAS XR5 RGB 패키지 서린,DDR5,6000,CL40,32GB(16GX2),32,184890,184890,186880,186880,186880,186880,186880,186880,186880,186880,186880,186880,194830,196820,196820,196820,196820,196820,196820,196820,196820,196820,196820,196820,196820,196820,196820,184890,184890,184890
27894644,ESSENCORE KLEVV DDR5-6400 CL32 BOLT V 패키지 서린,ESSENCORE KLEVV BOLT V 패키지 서린,DDR5,6400,CL32,32GB(16GX2),32,165300,164900,169000,169000,164900,164900,164900,164900,164900,169000,169000,164900,164900,164890,164890,164890,164890,164890,164890,164890,164890,164890,164890,168510,168520,164890,164890,164890,164890,164890
37989125,ESSENCORE KLEVV DDR5-6400 CL32 CRAS V RGB WHITE 패키지 서린,ESSENCORE KLEVV CRAS V RGB WHITE 패키지 서린,DDR5,6400,CL32,64GB(32GX2),64,351100,351200,360000,360000,0,0,0,0,0,0,0,0,0,0,0,0,0,0,0,0,0,0,0,0,0,0,0,0,351180,0
37989125,ESSENCORE KLEVV DDR5-6400 CL32 CRAS V RGB WHITE 패키지 서린,ESSENCORE KLEVV CRAS V RGB WHITE 패키지 서린,DDR5,6400,CL32,48GB(24GX2),48,270000,263400,270000,270000,0,0,0,0,0,0,0,0,0,0,0,0,0,0,0,0,0,0,0,0,0,0,0,0,263390,0
37989125,ESSENCORE KLEVV DDR5-6400 CL32 CRAS V RGB WHITE 패키지 서린,ESSENCORE KLEVV CRAS V RGB WHITE 패키지 서린,DDR5,6400,CL32,32GB(16GX2),32,194000,189300,194000,194000,0,0,0,0,0,0,0,0,0,0,0,0,0,0,0,0,0,0,0,0,0,0,0,0,189290,0
32075993,ESSENCORE KLEVV DDR5-6400 CL32 CRAS V RGB WHITE 패키지 서린,ESSENCORE KLEVV CRAS V RGB WHITE 패키지 서린,DDR5,6400,CL32,64GB(32GX2),64,0,0,0,0,351200,351200,351100,351100,351200,360000,360000,351200,351200,351180,351180,351180,351180,351180,351190,351190,351180,351180,351190,351190,351190,351190,351190,351180,0,351190
32075993,ESSENCORE KLEVV DDR5-6400 CL32 CRAS V RGB WHITE 패키지 서린,ESSENCORE KLEVV CRAS V RGB WHITE 패키지 서린,DDR5,6400,CL32,48GB(24GX2),48,0,0,0,0,263400,263400,263400,263400,263400,270000,270000,263400,263400,263390,263390,263390,263390,263390,263390,263390,263390,263390,263390,263390,263390,263390,263390,263390,0,263390
32075993,ESSENCORE KLEVV DDR5-6400 CL32 CRAS V RGB WHITE 패키지 서린,ESSENCORE KLEVV CRAS V RGB WHITE 패키지 서린,DDR5,6400,CL32,32GB(16GX2),32,0,0,0,0,189300,189300,189300,189300,189300,194000,194000,189300,189300,189290,189290,189290,189290,189290,189290,189290,189290,189290,189290,189290,189290,189290,189290,189290,0,189290
30002912,ESSENCORE KLEVV DDR5-6400 CL32 CRAS V RGB 패키지 서린,ESSENCORE KLEVV CRAS V RGB 패키지 서린,DDR5,6400,CL32,64GB(32GX2),64,351190,351180,0,0,0,0,0,0,350550,350430,350310,350190,351190,351180,0,0,0,351180,351180,351180,351180,351180,351180,351180,351180,351180,351180,351180,351180,351180
30002912,ESSENCORE KLEVV DDR5-6400 CL32 CRAS V RGB 패키지 서린,ESSENCORE KLEVV CRAS V RGB 패키지 서린,DDR5,6400,CL32,48GB(24GX2),48,263390,263400,0,0,0,0,0,0,263400,269990,269990,263400,263400,263390,0,0,0,263390,263390,263390,263390,263390,263390,263390,263390,263390,263390,263390,263390,263390
30002912,ESSENCORE KLEVV DDR5-6400 CL32 CRAS V RGB 패키지 서린,ESSENCORE KLEVV CRAS V RGB 패키지 서린,DDR5,6400,CL32,32GB(16GX2),32,193820,189300,0,0,0,0,0,0,189300,193820,193820,189300,189300,189290,0,0,0,189290,189290,189290,189290,189290,189290,189290,189290,189290,189290,189290,189290,189290
27886454,ESSENCORE KLEVV DDR5-6400 CL32 CRAS V RGB 패키지 서린,ESSENCORE KLEVV CRAS V RGB 패키지 서린,DDR5,6400,CL32,64GB(32GX2),64,0,0,351170,351150,351030,350910,350790,350670,0,0,0,0,0,0,351180,351180,351180,0,0,0,0,0,0,0,0,0,0,0,0,0
27886454,ESSENCORE KLEVV DDR5-6400 CL32 CRAS V RGB 패키지 서린,ESSENCORE KLEVV CRAS V RGB 패키지 서린,DDR5,6400,CL32,48GB(24GX2),48,0,0,263390,269990,263400,263400,263400,263400,0,0,0,0,0,0,263390,263390,263390,0,0,0,0,0,0,0,0,0,0,0,0,0
27886454,ESSENCORE KLEVV DDR5-6400 CL32 CRAS V RGB 패키지 서린,ESSENCORE KLEVV CRAS V RGB 패키지 서린,DDR5,6400,CL32,32GB(16GX2),32,0,0,193820,193820,189300,189300,189300,189300,0,0,0,0,0,0,189290,189290,189290,0,0,0,0,0,0,0,0,0,0,0,0,0
27894749,ESSENCORE KLEVV DDR5-6800 CL34 BOLT V 패키지 서린,ESSENCORE KLEVV BOLT V 패키지 서린,DDR5,6800,CL34,32GB(16GX2),32,172900,172900,175960,177990,173700,173700,173700,173700,173700,178000,178000,173700,173700,173690,173690,173690,173690,173690,173690,173690,173690,173690,173690,173690,173690,173690,173690,173690,173690,173690
64376690,ESSENCORE KLEVV DDR5-7200 CL34 CRAS V RGB ROG 패키지 서린,ESSENCORE KLEVV CRAS V RGB ROG 패키지 서린,DDR5,7200,CL34,48GB(24GX2),48,274970,274960,274950,275000,275000,275000,268300,268300,268300,275000,275000,268300,268300,268290,268290,268290,268290,268290,268290,275000,268300,268300,268300,275000,275000,275000,275000,275000,275000,275000
64376690,ESSENCORE KLEVV DDR5-7200 CL34 CRAS V RGB ROG 패키지 서린,ESSENCORE KLEVV CRAS V RGB ROG 패키지 서린,DDR5,7200,CL34,32GB(16GX2),32,199980,199960,199950,200000,200000,200000,195100,195100,195100,200000,200000,195100,195100,195090,195090,195090,195090,195090,195090,200000,195100,195100,195100,200000,200000,200000,200000,200000,200000,200000
64376777,ESSENCORE KLEVV DDR5-7200 CL34 CRAS V RGB ROG 패키지 서린,ESSENCORE KLEVV CRAS V RGB ROG 패키지 서린,DDR5,7200,CL34,48GB(24GX2),48,0,0,0,0,0,0,0,0,0,0,0,0,0,0,0,0,268290,0,268290,0,0,0,268300,275000,275000,275000,275000,275000,275000,0
64376777,ESSENCORE KLEVV DDR5-7200 CL34 CRAS V RGB ROG 패키지 서린,ESSENCORE KLEVV CRAS V RGB ROG 패키지 서린,DDR5,7200,CL34,32GB(16GX2),32,0,0,0,0,0,0,0,0,0,0,0,0,0,0,0,0,195090,0,195090,0,0,0,195100,200000,200000,200000,200000,200000,200000,0
37989224,ESSENCORE KLEVV DDR5-7200 CL34 CRAS V RGB White 패키지 서린,ESSENCORE KLEVV CRAS V RGB White 패키지 서린,DDR5,7200,CL34,48GB(24GX2),48,270000,0,270000,270000,263400,0,0,0,0,0,0,0,0,0,0,0,0,0,263390,270000,263400,263400,263400,270000,269990,269990,269990,269990,269990,269990
37989224,ESSENCORE KLEVV DDR5-7200 CL34 CRAS V RGB White 패키지 서린,ESSENCORE KLEVV CRAS V RGB White 패키지 서린,DDR5,7200,CL34,32GB(16GX2),32,194990,0,194990,194990,194990,0,0,0,0,0,0,0,0,0,0,0,0,0,190190,195000,190200,190200,190200,195000,194990,194990,194990,194990,194990,194990
37989197,ESSENCORE KLEVV DDR5-7200 CL34 CRAS V RGB White 패키지 서린,ESSENCORE KLEVV CRAS V RGB White 패키지 서린,DDR5,7200,CL34,48GB(24GX2),48,0,263400,0,0,0,263400,263400,263400,263400,270000,270000,263400,263400,263390,263390,263390,263390,263390,0,0,0,0,0,0,0,0,0,0,0,0
37989197,ESSENCORE KLEVV DDR5-7200 CL34 CRAS V RGB White 패키지 서린,ESSENCORE KLEVV CRAS V RGB White 패키지 서린,DDR5,7200,CL34,32GB(16GX2),32,0,194990,0,0,0,194990,190200,190200,190200,194990,195000,190200,190200,190190,190190,190190,190190,190190,0,0,0,0,0,0,0,0,0,0,0,0
30002993,ESSENCORE KLEVV DDR5-7200 CL34 CRAS V RGB 패키지 서린,ESSENCORE KLEVV CRAS V RGB 패키지 서린,DDR5,7200,CL34,48GB(24GX2),48,263530,263400,0,0,0,0,0,0,263400,0,0,0,0,0,0,0,0,0,0,0,0,0,0,0,0,0,0,0,269990,269990
30002993,ESSENCORE KLEVV DDR5-7200 CL34 CRAS V RGB 패키지 서린,ESSENCORE KLEVV CRAS V RGB 패키지 서린,DDR5,7200,CL34,32GB(16GX2),32,194990,194990,0,0,0,0,0,0,190200,0,0,0,0,0,0,0,0,0,0,0,0,0,0,0,0,0,0,0,194300,194300
27886676,ESSENCORE KLEVV DDR5-7200 CL34 CRAS V RGB 패키지 서린,ESSENCORE KLEVV CRAS V RGB 패키지 서린,DDR5,7200,CL34,48GB(24GX2),48,0,0,263530,263530,263400,263400,263400,263400,0,270000,270000,263400,263400,263390,263390,263390,263390,263390,263390,270000,263400,263400,263400,270000,269990,269990,269990,269990,0,0
27886676,ESSENCORE KLEVV DDR5-7200 CL34 CRAS V RGB 패키지 서린,ESSENCORE KLEVV CRAS V RGB 패키지 서린,DDR5,7200,CL34,32GB(16GX2),32,0,0,195000,195000,195000,195000,190200,190200,0,194300,194300,190200,190200,190190,190190,190190,190190,190190,190190,194300,190200,190200,190200,194300,194300,194300,194300,194300,0,0
27892502,ESSENCORE KLEVV DDR5-7200 CL36 CRAS XR5 RGB 패키지 서린,ESSENCORE KLEVV CRAS XR5 RGB 패키지 서린,DDR5,7200,CL36,32GB(16GX2),32,230000,224400,230000,230000,224400,224400,224400,224400,224400,229200,229200,224400,224400,224390,224390,224390,224390,224390,224390,229200,224400,224400,224400,229200,229200,229200,229200,229200,229200,229200
37989251,ESSENCORE KLEVV DDR5-7600 CL36 CRAS V RGB White 패키지 서린,ESSENCORE KLEVV CRAS V RGB White 패키지 서린,DDR5,7600,CL36,32GB(16GX2),32,321360,321360,321360,321360,321360,321360,321360,321360,321360,321360,321360,321360,321360,321360,321360,321360,321360,321360,321360,321360,321360,321360,321360,321360,321360,321360,321360,321360,321360,321360
30268556,ESSENCORE KLEVV DDR5-7600 CL36 CRAS V RGB 패키지 서린,ESSENCORE KLEVV CRAS V RGB 패키지 서린,DDR5,7600,CL36,48GB(24GX2),48,320000,312200,320000,320000,312200,312200,312200,312200,312200,320000,320000,312200,312200,312190,312190,312190,312190,0,0,312190,312190,312190,312190,312190,312190,312190,312190,312190,312190,312190
30268556,ESSENCORE KLEVV DDR5-7600 CL36 CRAS V RGB 패키지 서린,ESSENCORE KLEVV CRAS V RGB 패키지 서린,DDR5,7600,CL36,32GB(16GX2),32,244990,244990,244990,245000,245000,245000,239000,239000,239000,245000,245000,239000,239000,238990,238990,238990,238990,0,0,238990,238990,238990,238990,238990,238990,238990,238990,238990,238990,238990
27886853,ESSENCORE KLEVV DDR5-7600 CL36 CRAS V RGB 패키지 서린,ESSENCORE KLEVV CRAS V RGB 패키지 서린,DDR5,7600,CL36,48GB(24GX2),48,0,0,0,0,0,0,0,0,0,0,0,0,0,0,0,0,0,312190,312190,0,0,0,0,0,0,0,0,0,0,0
27886853,ESSENCORE KLEVV DDR5-7600 CL36 CRAS V RGB 패키지 서린,ESSENCORE KLEVV CRAS V RGB 패키지 서린,DDR5,7600,CL36,32GB(16GX2),32,0,0,0,0,0,0,0,0,0,0,0,0,0,0,0,0,0,238990,238990,0,0,0,0,0,0,0,0,0,0,0
27886973,ESSENCORE KLEVV DDR5-8000 CL38 CRAS V RGB 패키지 서린,ESSENCORE KLEVV CRAS V RGB 패키지 서린,DDR5,8000,CL38,48GB(24GX2),48,430120,429300,432590,439880,429300,429300,429300,429300,429300,439930,439880,429300,429300,429290,429290,429290,429290,429290,429290,429290,429290,429290,429290,429290,429290,429290,429290,429290,429290,429290
27886973,ESSENCORE KLEVV DDR5-8000 CL38 CRAS V RGB 패키지 서린,ESSENCORE KLEVV CRAS V RGB 패키지 서린,DDR5,8000,CL38,32GB(16GX2),32,350000,341500,350000,350000,341500,341500,341500,341500,341500,350000,350000,341500,341500,341490,341490,341490,341490,341490,341490,341490,341490,341490,341490,341490,341490,341490,341490,341490,341490,341490
27892598,ESSENCORE KLEVV DDR5-8000 CL38 CRAS XR5 RGB 패키지 서린,ESSENCORE KLEVV CRAS XR5 RGB 패키지 서린,DDR5,8000,CL38,32GB(16GX2),32,390000,380500,390000,390000,380500,380500,380500,380500,380500,390000,390000,380500,380500,380490,380490,380490,380490,380490,380490,380490,380490,380490,380490,380490,380490,380490,380490,380490,380490,380490
49276013,ESSENCORE KLEVV DDR5-8200 CL38 CRAS V RGB 패키지 서린,ESSENCORE KLEVV CRAS V RGB 패키지 서린,DDR5,8200,CL38,48GB(24GX2),48,449660,448800,452250,459990,448800,448800,448800,448800,448800,459990,460000,448800,448800,448790,448790,448790,448790,448790,448790,448790,448790,448790,448790,448790,448790,448790,448790,448790,448790,448790
9391317,ESSENCORE KLEVV 노트북 DDR4-2666 CL19 파인인포,ESSENCORE KLEVV 노트북 파인인포,DDR4,2666,CL19,16GB,16,36380,36380,36380,36380,36390,36390,0,0,0,0,0,36390,0,0,0,0,0,0,0,36390,0,0,0,0,0,0,0,0,0,0
9391317,ESSENCORE KLEVV 노트북 DDR4-2666 CL19 파인인포,ESSENCORE KLEVV 노트북 파인인포,DDR4,2666,CL19,8GB,8,18360,18330,18410,18420,17990,17930,0,0,0,0,0,18000,0,0,0,0,0,0,0,17980,0,0,0,0,0,0,0,0,0,0
9391317,ESSENCORE KLEVV 노트북 DDR4-2666 CL19 파인인포,ESSENCORE KLEVV 노트북 파인인포,DDR4,2666,CL19,4GB,4,17300,17300,17300,17300,17290,17290,0,0,0,0,0,17290,0,0,0,0,0,0,0,17290,0,0,0,0,0,0,0,0,0,0
9391296,ESSENCORE KLEVV 노트북 DDR4-2666 CL19 파인인포,ESSENCORE KLEVV 노트북 파인인포,DDR4,2666,CL19,16GB,16,0,0,0,0,0,0,36000,36000,36390,36390,36390,0,36390,36300,36390,36390,36390,36390,36390,0,36390,36390,36390,36390,36390,36390,36390,36390,36390,36390
9391296,ESSENCORE KLEVV 노트북 DDR4-2666 CL19 파인인포,ESSENCORE KLEVV 노트북 파인인포,DDR4,2666,CL19,8GB,8,0,0,0,0,0,0,17990,18000,18000,18000,18000,0,17990,17980,17980,17980,17980,17980,17980,0,17980,17980,17980,17980,17980,17970,17960,17950,17910,17940
9391296,ESSENCORE KLEVV 노트북 DDR4-2666 CL19 파인인포,ESSENCORE KLEVV 노트북 파인인포,DDR4,2666,CL19,4GB,4,0,0,0,0,0,0,17290,17290,17290,17290,17290,0,17290,17290,17290,17290,17290,17290,17290,0,17290,17290,17290,17290,17290,16000,15990,15990,15990,15990
11787178,ESSENCORE KLEVV 노트북 DDR4-3200 CL22 파인인포,ESSENCORE KLEVV 노트북 파인인포,DDR4,3200,CL22,32GB,32,73130,73100,0,0,0,0,0,0,0,73190,73190,0,0,0,73000,73000,0,0,73180,73180,73000,73000,73180,0,0,73140,73180,73180,73180,73180
11787178,ESSENCORE KLEVV 노트북 DDR4-3200 CL22 파인인포,ESSENCORE KLEVV 노트북 파인인포,DDR4,3200,CL22,16GB,16,36090,36000,0,0,0,0,0,0,0,36150,36150,0,0,0,36000,36000,0,0,36460,36460,36000,36000,36460,0,0,36490,36490,36490,36490,36490
11787178,ESSENCORE KLEVV 노트북 DDR4-3200 CL22 파인인포,ESSENCORE KLEVV 노트북 파인인포,DDR4,3200,CL22,8GB,8,18310,18300,0,0,0,0,0,0,0,18340,18340,0,0,0,18300,18300,0,0,18340,18340,18340,18300,18340,0,0,18340,18340,18340,18340,18340
14205968,ESSENCORE KLEVV 노트북 DDR4-3200 CL22 파인인포,ESSENCORE KLEVV 노트북 파인인포,DDR4,3200,CL22,32GB,32,0,0,73100,73000,73180,73150,73000,73000,73190,0,0,73190,73180,73000,0,0,73000,73000,0,0,0,0,0,73180,73160,0,0,0,0,0
14205968,ESSENCORE KLEVV 노트북 DDR4-3200 CL22 파인인포,ESSENCORE KLEVV 노트북 파인인포,DDR4,3200,CL22,16GB,16,0,0,36000,36000,36150,36140,36000,36000,36150,0,0,36150,36480,36000,0,0,36000,36000,0,0,0,0,0,36440,36360,0,0,0,0,0
14205968,ESSENCORE KLEVV 노트북 DDR4-3200 CL22 파인인포,ESSENCORE KLEVV 노트북 파인인포,DDR4,3200,CL22,8GB,8,0,0,18300,18300,18340,18340,18300,18300,18340,0,0,18340,18340,18300,0,0,18300,18300,0,0,0,0,0,18340,18340,0,0,0,0,0
6002268,G.SKILL DDR4-2666 CL19 AEGIS,G.SKILL AEGIS,DDR4,2666,CL19,16GB,16,39000,0,0,0,0,0,38500,38500,38500,0,0,38500,38500,38500,38500,38500,38500,38500,39000,0,0,0,0,0,0,0,0,0,0,0
6002268,G.SKILL DDR4-2666 CL19 AEGIS,G.SKILL AEGIS,DDR4,2666,CL19,8GB,8,19490,0,0,0,0,0,19200,19200,19200,0,0,19200,19200,19200,19200,19200,19200,19200,19490,0,0,0,0,0,0,0,0,0,0,0
6540147,G.SKILL DDR4-2666 CL19 AEGIS,G.SKILL AEGIS,DDR4,2666,CL19,16GB,16,0,39000,39000,39000,39000,39000,0,0,0,39000,39000,0,0,0,0,0,0,0,0,39000,38500,38500,38500,39000,39000,39000,39000,39000,39000,39000
6540147,G.SKILL DDR4-2666 CL19 AEGIS,G.SKILL AEGIS,DDR4,2666,CL19,8GB,8,0,19490,19490,19490,19490,19490,0,0,0,19490,19490,0,0,0,0,0,0,0,0,19490,19200,19200,19200,19490,19480,19480,19480,19480,19480,19480
7030399,G.SKILL DDR4-3000 CL16 TRIDENT Z ROYAL 실버 패키지,G.SKILL TRIDENT Z ROYAL 실버 패키지,DDR4,3000,CL16,32GB(16GX2),32,413600,413600,413600,413600,413600,413600,413600,413600,413600,413600,413600,413600,413600,413600,413600,413600,413600,413600,413600,413600,413600,413600,413600,413600,413600,413600,0,0,0,0
7030399,G.SKILL DDR4-3000 CL16 TRIDENT Z ROYAL 실버 패키지,G.SKILL TRIDENT Z ROYAL 실버 패키지,DDR4,3000,CL16,16GB(8GX2),16,173850,173850,173850,173850,173850,173850,173850,173850,173850,173850,173850,173850,173850,173850,173850,173850,173850,173850,173850,173850,173850,173850,173850,173850,173850,173850,0,0,0,0
7029922,G.SKILL DDR4-3000 CL16 TRIDENT Z ROYAL 실버 패키지,G.SKILL TRIDENT Z ROYAL 실버 패키지,DDR4,3000,CL16,32GB(16GX2),32,0,0,0,0,0,0,0,0,0,0,0,0,0,0,0,0,0,0,0,0,0,0,0,0,0,0,413600,413600,413600,413600
7029922,G.SKILL DDR4-3000 CL16 TRIDENT Z ROYAL 실버 패키지,G.SKILL TRIDENT Z ROYAL 실버 패키지,DDR4,3000,CL16,16GB(8GX2),16,0,0,0,0,0,0,0,0,0,0,0,0,0,0,0,0,0,0,0,0,0,0,0,0,0,0,173850,173850,173850,173850
11421180,G.SKILL DDR4-3200 CL14 FLARE X 블랙 DUAL 패키지,G.SKILL FLARE X 블랙 DUAL 패키지,DDR4,3200,CL14,32GB(16GX2),32,186770,186770,186770,186770,186770,186770,186770,186770,186770,186770,186770,186770,186770,186770,186770,186770,186770,186770,186770,186770,186770,186770,186770,186770,190870,198140,198140,198140,198140,198140
6419514,G.SKILL DDR4-3200 CL14 RIPJAWS V VK 패키지,G.SKILL RIPJAWS V VK 패키지,DDR4,3200,CL14,32GB(16GX2),32,169000,169000,169000,169000,169000,169000,169000,169000,169000,169000,169000,169000,169000,169000,169000,169000,169000,169000,169000,169000,0,0,0,0,0,169000,0,0,0,0
6419514,G.SKILL DDR4-3200 CL14 RIPJAWS V VK 패키지,G.SKILL RIPJAWS V VK 패키지,DDR4,3200,CL14,16GB(8GX2),16,80000,80000,80000,80000,80000,109000,45000,45000,45000,50000,109000,109000,109000,109000,109000,109000,109000,109000,109000,109000,0,0,0,0,0,45000,0,0,0,0
6419781,G.SKILL DDR4-3200 CL14 RIPJAWS V VK 패키지,G.SKILL RIPJAWS V VK 패키지,DDR4,3200,CL14,32GB(16GX2),32,0,0,0,0,0,0,0,0,0,0,0,0,0,0,0,0,0,0,0,0,169000,169000,169000,169000,169000,0,169000,169000,169000,169000
9470907,G.SKILL DDR4-3200 CL14 TRIDENT Z NEO 패키지,G.SKILL TRIDENT Z NEO 패키지,DDR4,3200,CL14,32GB(16GX2),32,310000,310000,310000,310000,310000,310000,310000,310000,310000,310000,310000,310000,310000,310000,310000,310000,310000,310000,310000,310000,310000,310000,310000,310000,310000,310000,310000,310000,310000,310000
9470907,G.SKILL DDR4-3200 CL14 TRIDENT Z NEO 패키지,G.SKILL TRIDENT Z NEO 패키지,DDR4,3200,CL14,32GB(8GX4),32,169000,169000,169000,169000,169000,169000,207490,204420,207490,207490,207490,207490,207490,207490,207490,207490,207490,207490,207490,207490,207490,207490,207490,207490,207490,207490,207490,207490,207490,207490
9470907,G.SKILL DDR4-3200 CL14 TRIDENT Z NEO 패키지,G.SKILL TRIDENT Z NEO 패키지,DDR4,3200,CL14,16GB(8GX2),16,174200,174200,174200,174200,174200,174200,174200,174200,174200,174200,174200,174200,174200,174200,174200,174200,174200,174200,174200,174200,174200,174200,174200,174200,174200,174200,174200,174200,174200,174200
5831069,G.SKILL DDR4-3200 CL14 TRIDENT Z RGB 패키지,G.SKILL TRIDENT Z RGB 패키지,DDR4,3200,CL14,32GB(16GX2),32,254300,254300,254300,254300,254300,254300,254300,254300,254300,254300,254300,254300,254300,254300,254300,254300,254300,254300,254300,254300,254300,254300,254300,254300,254300,0,254300,254300,254300,254300
5831069,G.SKILL DDR4-3200 CL14 TRIDENT Z RGB 패키지,G.SKILL TRIDENT Z RGB 패키지,DDR4,3200,CL14,32GB(8GX4),32,196990,196990,196990,196990,196990,196990,196990,196990,196990,196990,196990,196990,196990,196990,196990,196990,196990,196990,196990,196990,196990,196990,196990,196990,196990,0,196990,196990,196990,196990
5831069,G.SKILL DDR4-3200 CL14 TRIDENT Z RGB 패키지,G.SKILL TRIDENT Z RGB 패키지,DDR4,3200,CL14,16GB(8GX2),16,139000,139000,139000,139000,139000,139000,139000,139000,139000,139000,139000,139000,139000,139000,139000,139000,139000,139000,139000,139000,139000,139000,139000,139000,139000,0,165340,165340,165340,165340
4905041,G.SKILL DDR4-3200 CL14 TRIDENT Z RGB 패키지,G.SKILL TRIDENT Z RGB 패키지,DDR4,3200,CL14,32GB(16GX2),32,0,0,0,0,0,0,0,0,0,0,0,0,0,0,0,0,0,0,0,0,0,0,0,0,0,254300,0,0,0,0
4905041,G.SKILL DDR4-3200 CL14 TRIDENT Z RGB 패키지,G.SKILL TRIDENT Z RGB 패키지,DDR4,3200,CL14,32GB(8GX4),32,0,0,0,0,0,0,0,0,0,0,0,0,0,0,0,0,0,0,0,0,0,0,0,0,0,196990,0,0,0,0
4905041,G.SKILL DDR4-3200 CL14 TRIDENT Z RGB 패키지,G.SKILL TRIDENT Z RGB 패키지,DDR4,3200,CL14,16GB(8GX2),16,0,0,0,0,0,0,0,0,0,0,0,0,0,0,0,0,0,0,0,0,0,0,0,0,0,165340,0,0,0,0
7937980,G.SKILL DDR4-3200 CL14 TRIDENT Z ROYAL 골드 패키지,G.SKILL TRIDENT Z ROYAL 골드 패키지,DDR4,3200,CL14,128GB(16GX8),128,1770450,1770450,1770450,1770450,1770450,1770450,1770450,1770450,1770450,1770450,1770450,1770450,1770450,1770450,1770450,1770450,1770450,1770450,1770450,0,1770450,1770450,1770450,1770450,1770450,1770450,1770450,1770450,1770450,1770450
7937980,G.SKILL DDR4-3200 CL14 TRIDENT Z ROYAL 골드 패키지,G.SKILL TRIDENT Z ROYAL 골드 패키지,DDR4,3200,CL14,64GB(16GX4),64,820000,820000,820000,820000,820000,820000,820000,820000,820000,820000,820000,820000,820000,820000,820000,820000,820000,820000,820000,0,820000,820000,820000,820000,820000,820000,820000,820000,820000,820000
7937980,G.SKILL DDR4-3200 CL14 TRIDENT Z ROYAL 골드 패키지,G.SKILL TRIDENT Z ROYAL 골드 패키지,DDR4,3200,CL14,32GB(16GX2),32,229000,229000,229000,229000,229000,229000,248990,248990,248990,248990,248990,248990,248990,248990,248990,248990,248990,248990,248990,0,248990,248990,248990,248990,248990,248990,248990,248990,248990,248990
7937980,G.SKILL DDR4-3200 CL14 TRIDENT Z ROYAL 골드 패키지,G.SKILL TRIDENT Z ROYAL 골드 패키지,DDR4,3200,CL14,32GB(8GX4),32,199000,199000,199000,199000,199000,199000,199000,199000,199000,199000,199000,199000,199000,199000,199000,199000,199000,199000,199000,0,199000,199000,199000,199000,199000,199000,199000,199000,199000,199000
7937980,G.SKILL DDR4-3200 CL14 TRIDENT Z ROYAL 골드 패키지,G.SKILL TRIDENT Z ROYAL 골드 패키지,DDR4,3200,CL14,16GB(8GX2),16,134790,134790,134790,134790,134790,119000,119000,119000,119000,119000,119000,118600,118600,118600,118600,118600,118600,118600,118600,0,118600,118600,118600,118600,118600,118600,118600,118600,118600,118600
7029706,G.SKILL DDR4-3200 CL14 TRIDENT Z ROYAL 골드 패키지,G.SKILL TRIDENT Z ROYAL 골드 패키지,DDR4,3200,CL14,128GB(16GX8),128,0,0,0,0,0,0,0,0,0,0,0,0,0,0,0,0,0,0,0,1770450,0,0,0,0,0,0,0,0,0,0
7029706,G.SKILL DDR4-3200 CL14 TRIDENT Z ROYAL 골드 패키지,G.SKILL TRIDENT Z ROYAL 골드 패키지,DDR4,3200,CL14,64GB(16GX4),64,0,0,0,0,0,0,0,0,0,0,0,0,0,0,0,0,0,0,0,820000,0,0,0,0,0,0,0,0,0,0
7029706,G.SKILL DDR4-3200 CL14 TRIDENT Z ROYAL 골드 패키지,G.SKILL TRIDENT Z ROYAL 골드 패키지,DDR4,3200,CL14,32GB(16GX2),32,0,0,0,0,0,0,0,0,0,0,0,0,0,0,0,0,0,0,0,248990,0,0,0,0,0,0,0,0,0,0
7029706,G.SKILL DDR4-3200 CL14 TRIDENT Z ROYAL 골드 패키지,G.SKILL TRIDENT Z ROYAL 골드 패키지,DDR4,3200,CL14,32GB(8GX4),32,0,0,0,0,0,0,0,0,0,0,0,0,0,0,0,0,0,0,0,199000,0,0,0,0,0,0,0,0,0,0
7029706,G.SKILL DDR4-3200 CL14 TRIDENT Z ROYAL 골드 패키지,G.SKILL TRIDENT Z ROYAL 골드 패키지,DDR4,3200,CL14,16GB(8GX2),16,0,0,0,0,0,0,0,0,0,0,0,0,0,0,0,0,0,0,0,118600,0,0,0,0,0,0,0,0,0,0
7030135,G.SKILL DDR4-3200 CL14 TRIDENT Z ROYAL 실버 패키지,G.SKILL TRIDENT Z ROYAL 실버 패키지,DDR4,3200,CL14,128GB(16GX8),128,622500,622500,622500,622500,622500,622500,622500,622500,622500,0,0,622500,622500,622500,622500,622500,622500,622500,622500,622500,622500,622500,622500,0,0,0,622500,622500,622500,622500
7030135,G.SKILL DDR4-3200 CL14 TRIDENT Z ROYAL 실버 패키지,G.SKILL TRIDENT Z ROYAL 실버 패키지,DDR4,3200,CL14,64GB(16GX4),64,504000,504000,504000,469350,469350,469350,469350,469350,469350,0,0,469350,469350,469350,469350,469350,469350,469350,469350,469350,469350,469350,469350,0,0,0,469350,469350,469350,469350
7030135,G.SKILL DDR4-3200 CL14 TRIDENT Z ROYAL 실버 패키지,G.SKILL TRIDENT Z ROYAL 실버 패키지,DDR4,3200,CL14,32GB(16GX2),32,248990,248990,248990,248990,248990,248990,248990,248990,248990,0,0,248990,248990,248990,248990,248990,248990,248990,248990,248990,242500,242500,242500,0,0,0,0,0,0,0
7030135,G.SKILL DDR4-3200 CL14 TRIDENT Z ROYAL 실버 패키지,G.SKILL TRIDENT Z ROYAL 실버 패키지,DDR4,3200,CL14,32GB(8GX4),32,248990,248990,248990,248990,248990,248990,248990,248990,248990,0,0,248990,248990,248990,248990,248990,248990,248990,248990,248990,248990,248990,248990,0,0,0,248990,248990,248990,248990
7030135,G.SKILL DDR4-3200 CL14 TRIDENT Z ROYAL 실버 패키지,G.SKILL TRIDENT Z ROYAL 실버 패키지,DDR4,3200,CL14,16GB(8GX2),16,134880,134880,134880,134880,134880,134880,134880,134880,134880,0,0,134880,134880,134880,134880,134880,134880,134880,134880,134880,134880,134880,134880,0,0,0,134880,134880,134880,134880
7351636,G.SKILL DDR4-3200 CL14 TRIDENT Z ROYAL 실버 패키지,G.SKILL TRIDENT Z ROYAL 실버 패키지,DDR4,3200,CL14,128GB(16GX8),128,0,0,0,0,0,0,0,0,0,622500,622500,0,0,0,0,0,0,0,0,0,0,0,0,0,0,0,0,0,0,0
7351636,G.SKILL DDR4-3200 CL14 TRIDENT Z ROYAL 실버 패키지,G.SKILL TRIDENT Z ROYAL 실버 패키지,DDR4,3200,CL14,64GB(16GX4),64,0,0,0,0,0,0,0,0,0,469350,469350,0,0,0,0,0,0,0,0,0,0,0,0,0,0,0,0,0,0,0
7351636,G.SKILL DDR4-3200 CL14 TRIDENT Z ROYAL 실버 패키지,G.SKILL TRIDENT Z ROYAL 실버 패키지,DDR4,3200,CL14,32GB(16GX2),32,0,0,0,0,0,0,0,0,0,248990,248990,0,0,0,0,0,0,0,0,0,0,0,0,0,0,0,0,0,0,0
7351636,G.SKILL DDR4-3200 CL14 TRIDENT Z ROYAL 실버 패키지,G.SKILL TRIDENT Z ROYAL 실버 패키지,DDR4,3200,CL14,32GB(8GX4),32,0,0,0,0,0,0,0,0,0,248990,248990,0,0,0,0,0,0,0,0,0,0,0,0,0,0,0,0,0,0,0
7351636,G.SKILL DDR4-3200 CL14 TRIDENT Z ROYAL 실버 패키지,G.SKILL TRIDENT Z ROYAL 실버 패키지,DDR4,3200,CL14,16GB(8GX2),16,0,0,0,0,0,0,0,0,0,134880,134880,0,0,0,0,0,0,0,0,0,0,0,0,0,0,0,0,0,0,0
7388998,G.SKILL DDR4-3200 CL14 TRIDENT Z ROYAL 실버 패키지,G.SKILL TRIDENT Z ROYAL 실버 패키지,DDR4,3200,CL14,128GB(16GX8),128,0,0,0,0,0,0,0,0,0,0,0,0,0,0,0,0,0,0,0,0,0,0,0,622500,622500,622500,0,0,0,0
7388998,G.SKILL DDR4-3200 CL14 TRIDENT Z ROYAL 실버 패키지,G.SKILL TRIDENT Z ROYAL 실버 패키지,DDR4,3200,CL14,64GB(16GX4),64,0,0,0,0,0,0,0,0,0,0,0,0,0,0,0,0,0,0,0,0,0,0,0,469350,469350,469350,0,0,0,0
7388998,G.SKILL DDR4-3200 CL14 TRIDENT Z ROYAL 실버 패키지,G.SKILL TRIDENT Z ROYAL 실버 패키지,DDR4,3200,CL14,32GB(16GX2),32,0,0,0,0,0,0,0,0,0,0,0,0,0,0,0,0,0,0,0,0,0,0,0,242500,242500,242500,0,0,0,0
7388998,G.SKILL DDR4-3200 CL14 TRIDENT Z ROYAL 실버 패키지,G.SKILL TRIDENT Z ROYAL 실버 패키지,DDR4,3200,CL14,32GB(8GX4),32,0,0,0,0,0,0,0,0,0,0,0,0,0,0,0,0,0,0,0,0,0,0,0,248990,248990,248990,0,0,0,0
7388998,G.SKILL DDR4-3200 CL14 TRIDENT Z ROYAL 실버 패키지,G.SKILL TRIDENT Z ROYAL 실버 패키지,DDR4,3200,CL14,16GB(8GX2),16,0,0,0,0,0,0,0,0,0,0,0,0,0,0,0,0,0,0,0,0,0,0,0,134880,134880,134880,0,0,0,0
6419864,G.SKILL DDR4-3200 CL14 TRIDENT Z 패키지,G.SKILL TRIDENT Z 패키지,DDR4,3200,CL14,32GB(16GX2),32,179000,179000,179000,179000,179000,179000,196990,194190,196990,196990,196990,196990,196990,196990,196990,196990,196990,196990,196990,196990,196990,196990,196990,196990,0,0,0,0,0,0
6419864,G.SKILL DDR4-3200 CL14 TRIDENT Z 패키지,G.SKILL TRIDENT Z 패키지,DDR4,3200,CL14,16GB(8GX2),16,98990,98990,98990,98990,98990,98990,98990,98990,98990,95400,95400,95400,95400,95400,95400,95400,95400,95400,95400,95400,95400,95400,95400,95400,0,0,0,0,0,0
6419623,G.SKILL DDR4-3200 CL14 TRIDENT Z 패키지,G.SKILL TRIDENT Z 패키지,DDR4,3200,CL14,32GB(16GX2),32,0,0,0,0,0,0,0,0,0,0,0,0,0,0,0,0,0,0,0,0,0,0,0,0,196990,196990,196990,196990,196990,196990
6419623,G.SKILL DDR4-3200 CL14 TRIDENT Z 패키지,G.SKILL TRIDENT Z 패키지,DDR4,3200,CL14,16GB(8GX2),16,0,0,0,0,0,0,0,0,0,0,0,0,0,0,0,0,0,0,0,0,0,0,0,0,95400,95400,95400,95400,95400,95400
9593742,G.SKILL DDR4-3200 CL16 AEGIS,G.SKILL AEGIS,DDR4,3200,CL16,16GB,16,38890,0,0,0,39000,39000,38500,38500,38500,39000,39000,38500,38500,38500,38500,38500,38500,38500,39000,39000,38500,38500,38500,38980,39000,39000,39000,39000,39000,39000
9593742,G.SKILL DDR4-3200 CL16 AEGIS,G.SKILL AEGIS,DDR4,3200,CL16,8GB,8,20400,0,0,0,20400,20400,20300,20300,20300,20400,20400,20300,20300,20300,20300,20300,20300,20300,20400,20400,20500,21380,21500,21500,21500,20440,20440,20440,20440,20440
9593730,G.SKILL DDR4-3200 CL16 AEGIS,G.SKILL AEGIS,DDR4,3200,CL16,16GB,16,0,38890,38900,39000,0,0,0,0,0,0,0,0,0,0,0,0,0,0,0,0,0,0,0,0,0,0,0,0,0,0
9593730,G.SKILL DDR4-3200 CL16 AEGIS,G.SKILL AEGIS,DDR4,3200,CL16,8GB,8,0,20400,20400,20400,0,0,0,0,0,0,0,0,0,0,0,0,0,0,0,0,0,0,0,0,0,0,0,0,0,0
4571593,G.SKILL DDR4-3200 CL16 RIPJAWS V VK,G.SKILL RIPJAWS V VK,DDR4,3200,CL16,32GB,32,95000,95000,97250,98000,98000,98000,95700,95700,95700,0,0,0,0,0,0,0,95700,0,0,97700,95700,95700,0,0,0,0,97700,97700,97700,97700
4571593,G.SKILL DDR4-3200 CL16 RIPJAWS V VK,G.SKILL RIPJAWS V VK,DDR4,3200,CL16,16GB,16,43700,43700,45000,45000,45000,45000,43900,43900,43900,0,0,0,0,0,0,0,43900,0,0,45000,43900,43900,0,0,0,0,45000,45000,45000,45000
10019379,G.SKILL DDR4-3200 CL16 RIPJAWS V VK,G.SKILL RIPJAWS V VK,DDR4,3200,CL16,32GB,32,0,0,0,0,0,0,0,0,0,97700,97700,95700,95700,95700,95700,95700,0,95700,97700,0,0,0,95700,97700,97700,97700,0,0,0,0
10019379,G.SKILL DDR4-3200 CL16 RIPJAWS V VK,G.SKILL RIPJAWS V VK,DDR4,3200,CL16,16GB,16,0,0,0,0,0,0,0,0,0,45000,45000,43900,43900,43900,43900,43900,0,43900,45000,0,0,0,43900,45000,45000,45000,0,0,0,0
10019388,G.SKILL DDR4-3200 CL16 RIPJAWS V VK 패키지,G.SKILL RIPJAWS V VK 패키지,DDR4,3200,CL16,128GB(32GX4),128,384750,384750,392000,392000,392000,392000,382600,382600,382600,392000,392000,382600,382600,382600,382600,0,0,0,392000,392000,382600,382600,382600,392000,392000,392000,0,0,0,0
10019388,G.SKILL DDR4-3200 CL16 RIPJAWS V VK 패키지,G.SKILL RIPJAWS V VK 패키지,DDR4,3200,CL16,64GB(32GX2),64,190950,190950,196000,196000,196000,196000,191300,191300,191300,196000,196000,191300,191300,191300,191300,0,0,0,196000,196000,191300,191300,191300,196000,196000,196000,0,0,0,0
10019388,G.SKILL DDR4-3200 CL16 RIPJAWS V VK 패키지,G.SKILL RIPJAWS V VK 패키지,DDR4,3200,CL16,16GB(8GX2),16,49110,49110,50000,50000,50000,50000,50000,50000,50000,50000,50000,46400,46400,46400,46400,0,0,0,46400,46400,46400,46400,46400,50000,50000,47530,0,0,0,0
10019382,G.SKILL DDR4-3200 CL16 RIPJAWS V VK 패키지,G.SKILL RIPJAWS V VK 패키지,DDR4,3200,CL16,128GB(32GX4),128,0,0,0,0,0,0,0,0,0,0,0,0,0,0,0,382600,382600,382600,0,0,0,0,0,0,0,0,392000,392000,392000,392000
10019382,G.SKILL DDR4-3200 CL16 RIPJAWS V VK 패키지,G.SKILL RIPJAWS V VK 패키지,DDR4,3200,CL16,64GB(32GX2),64,0,0,0,0,0,0,0,0,0,0,0,0,0,0,0,191300,191300,191300,0,0,0,0,0,0,0,0,196000,196000,196000,196000
10019382,G.SKILL DDR4-3200 CL16 RIPJAWS V VK 패키지,G.SKILL RIPJAWS V VK 패키지,DDR4,3200,CL16,16GB(8GX2),16,0,0,0,0,0,0,0,0,0,0,0,0,0,0,0,46400,46400,46400,0,0,0,0,0,0,0,0,47530,47530,47530,47530
4571613,G.SKILL DDR4-3200 CL16 RIPJAWS V VKB 패키지,G.SKILL RIPJAWS V VKB 패키지,DDR4,3200,CL16,16GB(8GX2),16,50000,50000,50000,50000,50000,50000,48800,48800,48800,49900,49900,48800,48800,48800,48800,48800,48800,48800,49900,49900,48800,48800,48800,49900,49900,49900,49900,49900,49900,49900
5933915,G.SKILL DDR4-3200 CL16 SNIPER X SXK 패키지,G.SKILL SNIPER X SXK 패키지,DDR4,3200,CL16,16GB(8GX2),16,60000,60000,60000,60000,60000,60000,60000,60000,60000,60000,60000,60000,60000,60000,60000,60000,60000,60000,60000,60000,60000,60000,60000,60000,60000,60000,60000,60000,60000,60000
10391202,G.SKILL DDR4-3200 CL16 TRIDENT Z NEO 패키지,G.SKILL TRIDENT Z NEO 패키지,DDR4,3200,CL16,128GB(32GX4),128,451250,451250,459000,459000,459000,459000,0,0,0,0,0,0,0,0,0,0,0,0,0,0,0,0,0,0,0,0,0,0,0,0
10391202,G.SKILL DDR4-3200 CL16 TRIDENT Z NEO 패키지,G.SKILL TRIDENT Z NEO 패키지,DDR4,3200,CL16,64GB(32GX2),64,221350,221350,226000,225120,225010,224890,0,0,0,0,0,0,0,0,0,0,0,0,0,0,0,0,0,0,0,0,0,0,0,0
10391202,G.SKILL DDR4-3200 CL16 TRIDENT Z NEO 패키지,G.SKILL TRIDENT Z NEO 패키지,DDR4,3200,CL16,32GB(16GX2),32,117300,117280,117280,117240,117220,117210,0,0,0,0,0,0,0,0,0,0,0,0,0,0,0,0,0,0,0,0,0,0,0,0
10391202,G.SKILL DDR4-3200 CL16 TRIDENT Z NEO 패키지,G.SKILL TRIDENT Z NEO 패키지,DDR4,3200,CL16,32GB(8GX4),32,211880,211880,211890,211890,211890,211890,0,0,0,0,0,0,0,0,0,0,0,0,0,0,0,0,0,0,0,0,0,0,0,0
10391202,G.SKILL DDR4-3200 CL16 TRIDENT Z NEO 패키지,G.SKILL TRIDENT Z NEO 패키지,DDR4,3200,CL16,16GB(8GX2),16,78840,78830,78820,79940,79960,79960,0,0,0,0,0,0,0,0,0,0,0,0,0,0,0,0,0,0,0,0,0,0,0,0
10391016,G.SKILL DDR4-3200 CL16 TRIDENT Z NEO 패키지,G.SKILL TRIDENT Z NEO 패키지,DDR4,3200,CL16,128GB(32GX4),128,0,0,0,0,0,0,447500,447500,447500,456900,456900,447500,447500,447500,447500,447500,447500,447500,0,0,0,0,0,0,0,457800,457800,457800,0,0
10391016,G.SKILL DDR4-3200 CL16 TRIDENT Z NEO 패키지,G.SKILL TRIDENT Z NEO 패키지,DDR4,3200,CL16,64GB(32GX2),64,0,0,0,0,0,0,220490,220490,220490,220490,224370,220500,220500,220500,220500,220500,220500,220500,0,0,0,0,0,0,0,220370,220360,220350,0,0
10391016,G.SKILL DDR4-3200 CL16 TRIDENT Z NEO 패키지,G.SKILL TRIDENT Z NEO 패키지,DDR4,3200,CL16,32GB(16GX2),32,0,0,0,0,0,0,116090,116090,116090,116090,117210,116100,116100,116100,116100,116100,116100,116100,0,0,0,0,0,0,0,118990,118990,117500,0,0
10391016,G.SKILL DDR4-3200 CL16 TRIDENT Z NEO 패키지,G.SKILL TRIDENT Z NEO 패키지,DDR4,3200,CL16,32GB(8GX4),32,0,0,0,0,0,0,211890,211890,211890,211890,211890,211890,211890,211890,211890,211890,211890,211890,0,0,0,0,0,0,0,211890,211880,211880,0,0
10391016,G.SKILL DDR4-3200 CL16 TRIDENT Z NEO 패키지,G.SKILL TRIDENT Z NEO 패키지,DDR4,3200,CL16,16GB(8GX2),16,0,0,0,0,0,0,78000,78000,78000,80000,80000,78000,78000,78000,78000,78000,78000,78000,0,0,0,0,0,0,0,77870,77860,77830,0,0
9480315,G.SKILL DDR4-3200 CL16 TRIDENT Z NEO 패키지,G.SKILL TRIDENT Z NEO 패키지,DDR4,3200,CL16,128GB(32GX4),128,0,0,0,0,0,0,0,0,0,0,0,0,0,0,0,0,0,0,457800,457800,447500,447500,447500,457800,457800,0,0,0,457800,457800
9480315,G.SKILL DDR4-3200 CL16 TRIDENT Z NEO 패키지,G.SKILL TRIDENT Z NEO 패키지,DDR4,3200,CL16,64GB(32GX2),64,0,0,0,0,0,0,0,0,0,0,0,0,0,0,0,0,0,0,224110,220490,220490,220490,220490,220490,220420,0,0,0,220340,220330
9480315,G.SKILL DDR4-3200 CL16 TRIDENT Z NEO 패키지,G.SKILL TRIDENT Z NEO 패키지,DDR4,3200,CL16,32GB(16GX2),32,0,0,0,0,0,0,0,0,0,0,0,0,0,0,0,0,0,0,117140,116090,116090,116090,116090,119000,118990,0,0,0,117500,118990
9480315,G.SKILL DDR4-3200 CL16 TRIDENT Z NEO 패키지,G.SKILL TRIDENT Z NEO 패키지,DDR4,3200,CL16,32GB(8GX4),32,0,0,0,0,0,0,0,0,0,0,0,0,0,0,0,0,0,0,211890,211890,211890,211890,211890,211890,211890,0,0,0,211880,211880
9480315,G.SKILL DDR4-3200 CL16 TRIDENT Z NEO 패키지,G.SKILL TRIDENT Z NEO 패키지,DDR4,3200,CL16,16GB(8GX2),16,0,0,0,0,0,0,0,0,0,0,0,0,0,0,0,0,0,0,80000,77990,77990,77990,77990,77990,77920,0,0,0,77710,77590
10019562,G.SKILL DDR4-3200 CL16 TRIDENT Z RGB 패키지,G.SKILL TRIDENT Z RGB 패키지,DDR4,3200,CL16,64GB(16GX4),64,225150,225150,230000,230000,230000,230000,224400,224400,224400,230000,230000,224400,224400,224400,224400,224400,224400,0,0,230000,224400,224400,224400,0,230000,230000,230000,227100,227100,230000
10019562,G.SKILL DDR4-3200 CL16 TRIDENT Z RGB 패키지,G.SKILL TRIDENT Z RGB 패키지,DDR4,3200,CL16,32GB(16GX2),32,109250,109250,112500,113000,113000,111890,110300,110300,110300,112020,111900,110300,110300,110290,110290,110290,110290,0,0,110290,110290,110290,110290,0,110220,110170,110160,110140,110100,110100
10019562,G.SKILL DDR4-3200 CL16 TRIDENT Z RGB 패키지,G.SKILL TRIDENT Z RGB 패키지,DDR4,3200,CL16,32GB(8GX4),32,149150,149150,152000,152000,152000,152000,148300,148300,148300,152000,152000,148300,148300,148300,148300,148300,148300,0,0,152000,148300,148300,148300,0,152000,152000,152000,152000,152000,152000
10019562,G.SKILL DDR4-3200 CL16 TRIDENT Z RGB 패키지,G.SKILL TRIDENT Z RGB 패키지,DDR4,3200,CL16,16GB(8GX2),16,70410,70330,70230,70220,71500,73930,72200,72200,72200,72920,72920,72200,72200,72200,72200,72200,72200,0,0,72190,72190,72190,72190,0,72120,72070,72060,72050,72040,72030
10019547,G.SKILL DDR4-3200 CL16 TRIDENT Z RGB 패키지,G.SKILL TRIDENT Z RGB 패키지,DDR4,3200,CL16,64GB(16GX4),64,0,0,0,0,0,0,0,0,0,0,0,0,0,0,0,0,0,224400,230000,0,0,0,0,230000,0,0,0,0,0,0
10019547,G.SKILL DDR4-3200 CL16 TRIDENT Z RGB 패키지,G.SKILL TRIDENT Z RGB 패키지,DDR4,3200,CL16,32GB(16GX2),32,0,0,0,0,0,0,0,0,0,0,0,0,0,0,0,0,0,110290,112020,0,0,0,0,110290,0,0,0,0,0,0
10019547,G.SKILL DDR4-3200 CL16 TRIDENT Z RGB 패키지,G.SKILL TRIDENT Z RGB 패키지,DDR4,3200,CL16,32GB(8GX4),32,0,0,0,0,0,0,0,0,0,0,0,0,0,0,0,0,0,148300,152000,0,0,0,0,152000,0,0,0,0,0,0
10019547,G.SKILL DDR4-3200 CL16 TRIDENT Z RGB 패키지,G.SKILL TRIDENT Z RGB 패키지,DDR4,3200,CL16,16GB(8GX2),16,0,0,0,0,0,0,0,0,0,0,0,0,0,0,0,0,0,72200,74000,0,0,0,0,72190,0,0,0,0,0,0
10391250,G.SKILL DDR4-3200 CL16 TRIDENT Z ROYAL 골드 패키지,G.SKILL TRIDENT Z ROYAL 골드 패키지,DDR4,3200,CL16,128GB(32GX4),128,840000,840000,840000,840000,840000,0,0,0,0,0,0,0,0,0,0,0,0,0,0,0,0,0,0,0,0,0,0,0,0,0
10391250,G.SKILL DDR4-3200 CL16 TRIDENT Z ROYAL 골드 패키지,G.SKILL TRIDENT Z ROYAL 골드 패키지,DDR4,3200,CL16,64GB(32GX2),64,250800,250800,255990,255990,256000,0,0,0,0,0,0,0,0,0,0,0,0,0,0,0,0,0,0,0,0,0,0,0,0,0
10391250,G.SKILL DDR4-3200 CL16 TRIDENT Z ROYAL 골드 패키지,G.SKILL TRIDENT Z ROYAL 골드 패키지,DDR4,3200,CL16,64GB(16GX4),64,520000,520000,520000,520000,520000,0,0,0,0,0,0,0,0,0,0,0,0,0,0,0,0,0,0,0,0,0,0,0,0,0
10391250,G.SKILL DDR4-3200 CL16 TRIDENT Z ROYAL 골드 패키지,G.SKILL TRIDENT Z ROYAL 골드 패키지,DDR4,3200,CL16,32GB(16GX2),32,157500,157500,157500,155000,155000,0,0,0,0,0,0,0,0,0,0,0,0,0,0,0,0,0,0,0,0,0,0,0,0,0
10391250,G.SKILL DDR4-3200 CL16 TRIDENT Z ROYAL 골드 패키지,G.SKILL TRIDENT Z ROYAL 골드 패키지,DDR4,3200,CL16,32GB(8GX4),32,176960,176960,176960,176960,176960,0,0,0,0,0,0,0,0,0,0,0,0,0,0,0,0,0,0,0,0,0,0,0,0,0
7029724,G.SKILL DDR4-3200 CL16 TRIDENT Z ROYAL 골드 패키지,G.SKILL TRIDENT Z ROYAL 골드 패키지,DDR4,3200,CL16,128GB(32GX4),128,0,0,0,0,0,840000,840000,840000,840000,840000,840000,840000,840000,840000,840000,840000,840000,0,0,0,0,0,0,0,840000,840000,840000,840000,840000,840000
7029724,G.SKILL DDR4-3200 CL16 TRIDENT Z ROYAL 골드 패키지,G.SKILL TRIDENT Z ROYAL 골드 패키지,DDR4,3200,CL16,64GB(32GX2),64,0,0,0,0,0,256000,249700,249700,249700,255100,255100,249700,249700,249700,249700,249700,249700,0,0,0,0,0,0,0,255100,255100,255100,255100,255100,255100
7029724,G.SKILL DDR4-3200 CL16 TRIDENT Z ROYAL 골드 패키지,G.SKILL TRIDENT Z ROYAL 골드 패키지,DDR4,3200,CL16,64GB(16GX4),64,0,0,0,0,0,520000,520000,520000,520000,520000,520000,520000,520000,520000,520000,520000,520000,0,0,0,0,0,0,0,520000,520000,520000,520000,520000,520000
7029724,G.SKILL DDR4-3200 CL16 TRIDENT Z ROYAL 골드 패키지,G.SKILL TRIDENT Z ROYAL 골드 패키지,DDR4,3200,CL16,32GB(16GX2),32,0,0,0,0,0,155000,155000,155000,155000,155000,155000,155000,155000,155000,155000,155000,155000,0,0,0,0,0,0,0,155000,154500,154500,154500,154500,154500
7029724,G.SKILL DDR4-3200 CL16 TRIDENT Z ROYAL 골드 패키지,G.SKILL TRIDENT Z ROYAL 골드 패키지,DDR4,3200,CL16,32GB(8GX4),32,0,0,0,0,0,176960,176960,176960,176960,176960,176960,176960,176960,176960,176960,176960,176960,0,0,0,0,0,0,0,176960,176960,176960,176960,176960,176960
7938331,G.SKILL DDR4-3200 CL16 TRIDENT Z ROYAL 골드 패키지,G.SKILL TRIDENT Z ROYAL 골드 패키지,DDR4,3200,CL16,128GB(32GX4),128,0,0,0,0,0,0,0,0,0,0,0,0,0,0,0,0,0,840000,840000,840000,840000,840000,840000,840000,0,0,0,0,0,0
7938331,G.SKILL DDR4-3200 CL16 TRIDENT Z ROYAL 골드 패키지,G.SKILL TRIDENT Z ROYAL 골드 패키지,DDR4,3200,CL16,64GB(32GX2),64,0,0,0,0,0,0,0,0,0,0,0,0,0,0,0,0,0,249700,255100,255100,249700,249700,249700,255100,0,0,0,0,0,0
7938331,G.SKILL DDR4-3200 CL16 TRIDENT Z ROYAL 골드 패키지,G.SKILL TRIDENT Z ROYAL 골드 패키지,DDR4,3200,CL16,64GB(16GX4),64,0,0,0,0,0,0,0,0,0,0,0,0,0,0,0,0,0,520000,520000,520000,520000,520000,520000,520000,0,0,0,0,0,0
7938331,G.SKILL DDR4-3200 CL16 TRIDENT Z ROYAL 골드 패키지,G.SKILL TRIDENT Z ROYAL 골드 패키지,DDR4,3200,CL16,32GB(16GX2),32,0,0,0,0,0,0,0,0,0,0,0,0,0,0,0,0,0,155000,155000,155000,155000,155000,155000,155000,0,0,0,0,0,0
7938331,G.SKILL DDR4-3200 CL16 TRIDENT Z ROYAL 골드 패키지,G.SKILL TRIDENT Z ROYAL 골드 패키지,DDR4,3200,CL16,32GB(8GX4),32,0,0,0,0,0,0,0,0,0,0,0,0,0,0,0,0,0,176960,176960,176960,176960,176960,176960,176960,0,0,0,0,0,0
7030150,G.SKILL DDR4-3200 CL16 TRIDENT Z ROYAL 실버 패키지,G.SKILL TRIDENT Z ROYAL 실버 패키지,DDR4,3200,CL16,64GB(32GX2),64,250800,250800,0,0,0,0,0,0,249700,0,0,0,249700,249700,249700,249700,249700,249700,255100,255100,249700,249700,249700,255100,255100,255100,255100,0,0,0
7030150,G.SKILL DDR4-3200 CL16 TRIDENT Z ROYAL 실버 패키지,G.SKILL TRIDENT Z ROYAL 실버 패키지,DDR4,3200,CL16,32GB(16GX2),32,146300,146300,0,0,0,0,0,0,146300,0,0,0,154000,154000,154000,154000,154000,154000,154000,154000,154000,154000,154000,154000,154000,154000,154000,0,0,0
7030150,G.SKILL DDR4-3200 CL16 TRIDENT Z ROYAL 실버 패키지,G.SKILL TRIDENT Z ROYAL 실버 패키지,DDR4,3200,CL16,32GB(8GX4),32,238000,238000,0,0,0,0,0,0,238000,0,0,0,238000,238000,238000,238000,238000,238000,238000,238000,238000,238000,238000,238000,238000,238000,238000,0,0,0
7030150,G.SKILL DDR4-3200 CL16 TRIDENT Z ROYAL 실버 패키지,G.SKILL TRIDENT Z ROYAL 실버 패키지,DDR4,3200,CL16,16GB(8GX2),16,112100,112100,0,0,0,0,0,0,112190,0,0,0,112200,112200,112200,112200,112200,112200,113550,112190,112190,112190,112190,112190,112120,112050,112040,0,0,0
7030408,G.SKILL DDR4-3200 CL16 TRIDENT Z ROYAL 실버 패키지,G.SKILL TRIDENT Z ROYAL 실버 패키지,DDR4,3200,CL16,64GB(32GX2),64,0,0,256000,256000,256000,256000,249700,249700,0,0,0,0,0,0,0,0,0,0,0,0,0,0,0,0,0,0,0,0,0,0
7030408,G.SKILL DDR4-3200 CL16 TRIDENT Z ROYAL 실버 패키지,G.SKILL TRIDENT Z ROYAL 실버 패키지,DDR4,3200,CL16,32GB(16GX2),32,0,0,146300,146300,146300,146300,146300,146300,0,0,0,0,0,0,0,0,0,0,0,0,0,0,0,0,0,0,0,0,0,0
7030408,G.SKILL DDR4-3200 CL16 TRIDENT Z ROYAL 실버 패키지,G.SKILL TRIDENT Z ROYAL 실버 패키지,DDR4,3200,CL16,32GB(8GX4),32,0,0,238000,238000,238000,238000,238000,238000,0,0,0,0,0,0,0,0,0,0,0,0,0,0,0,0,0,0,0,0,0,0
7030408,G.SKILL DDR4-3200 CL16 TRIDENT Z ROYAL 실버 패키지,G.SKILL TRIDENT Z ROYAL 실버 패키지,DDR4,3200,CL16,16GB(8GX2),16,0,0,113940,113910,113800,113680,112190,112190,0,0,0,0,0,0,0,0,0,0,0,0,0,0,0,0,0,0,0,0,0,0
10391094,G.SKILL DDR4-3200 CL16 TRIDENT Z ROYAL 실버 패키지,G.SKILL TRIDENT Z ROYAL 실버 패키지,DDR4,3200,CL16,64GB(32GX2),64,0,0,0,0,0,0,0,0,0,255100,255100,249700,0,0,0,0,0,0,0,0,0,0,0,0,0,0,0,255100,255100,255100
10391094,G.SKILL DDR4-3200 CL16 TRIDENT Z ROYAL 실버 패키지,G.SKILL TRIDENT Z ROYAL 실버 패키지,DDR4,3200,CL16,32GB(16GX2),32,0,0,0,0,0,0,0,0,0,146300,146300,146300,0,0,0,0,0,0,0,0,0,0,0,0,0,0,0,154000,154000,154000
10391094,G.SKILL DDR4-3200 CL16 TRIDENT Z ROYAL 실버 패키지,G.SKILL TRIDENT Z ROYAL 실버 패키지,DDR4,3200,CL16,32GB(8GX4),32,0,0,0,0,0,0,0,0,0,238000,238000,238000,0,0,0,0,0,0,0,0,0,0,0,0,0,0,0,238000,238000,238000
10391094,G.SKILL DDR4-3200 CL16 TRIDENT Z ROYAL 실버 패키지,G.SKILL TRIDENT Z ROYAL 실버 패키지,DDR4,3200,CL16,16GB(8GX2),16,0,0,0,0,0,0,0,0,0,112190,113540,112200,0,0,0,0,0,0,0,0,0,0,0,0,0,0,0,112030,112020,112010
3717286,G.SKILL DDR4-3200 CL16 TRIDENT Z 패키지,G.SKILL TRIDENT Z 패키지,DDR4,3200,CL16,32GB(16GX2),32,98800,98800,101000,101000,101000,101000,98500,98500,98500,100600,100600,98500,98500,98500,98500,98500,98500,98500,100600,100600,98500,98500,98500,100600,100600,100600,100600,100600,100600,100600
3717286,G.SKILL DDR4-3200 CL16 TRIDENT Z 패키지,G.SKILL TRIDENT Z 패키지,DDR4,3200,CL16,16GB(8GX2),16,64000,64000,64000,64000,64000,64000,62500,62500,62500,64000,64000,62500,62500,62500,62500,62500,62500,62500,64000,64000,62500,62500,62500,64000,64000,64000,64000,64000,64000,64000
4589367,G.SKILL DDR4-3200 CL16 TRIDENT ZKW 패키지,G.SKILL TRIDENT ZKW 패키지,DDR4,3200,CL16,32GB(16GX2),32,98800,98800,101000,101000,101000,101000,98500,98500,98500,100600,100600,98500,98500,98500,98500,98500,98500,98500,100600,100600,98500,98500,98500,100600,100600,100600,100600,100600,100600,100600
4589367,G.SKILL DDR4-3200 CL16 TRIDENT ZKW 패키지,G.SKILL TRIDENT ZKW 패키지,DDR4,3200,CL16,16GB(8GX2),16,62220,62220,64000,64000,64000,64000,62500,62500,62500,63900,63900,62500,62500,62500,62500,62500,62500,62500,63900,63900,62500,62500,62500,63900,63900,63900,63900,63900,63900,63900
4589425,G.SKILL DDR4-3200 CL16 TRIDENT ZSK 패키지,G.SKILL TRIDENT ZSK 패키지,DDR4,3200,CL16,32GB(16GX2),32,98800,98800,101000,101000,101000,101000,98500,98500,0,0,100600,0,0,0,98500,98500,98500,98500,100600,100600,98500,98500,98500,100600,100600,100600,100600,100600,100600,100600
4589425,G.SKILL DDR4-3200 CL16 TRIDENT ZSK 패키지,G.SKILL TRIDENT ZSK 패키지,DDR4,3200,CL16,16GB(8GX2),16,62220,62220,64000,64000,64000,64000,62500,62500,0,0,63900,0,0,0,62500,62500,62500,62500,63900,63900,62500,62500,62500,63900,63900,63900,63900,63900,63900,63900
4589170,G.SKILL DDR4-3200 CL16 TRIDENT ZSK 패키지,G.SKILL TRIDENT ZSK 패키지,DDR4,3200,CL16,32GB(16GX2),32,0,0,0,0,0,0,0,0,98500,100600,0,98500,98500,98500,0,0,0,0,0,0,0,0,0,0,0,0,0,0,0,0
4589170,G.SKILL DDR4-3200 CL16 TRIDENT ZSK 패키지,G.SKILL TRIDENT ZSK 패키지,DDR4,3200,CL16,16GB(8GX2),16,0,0,0,0,0,0,0,0,62500,63900,0,62500,62500,62500,0,0,0,0,0,0,0,0,0,0,0,0,0,0,0,0
4244267,G.SKILL DDR4-3200 CL16 TRIDENT ZSW 패키지,G.SKILL TRIDENT ZSW 패키지,DDR4,3200,CL16,32GB(16GX2),32,98800,98800,101000,0,101000,0,98500,98500,98500,100600,100600,98500,98500,98500,98500,98500,98500,98500,100600,100600,98500,98500,98500,100600,100600,100600,100600,100600,100600,100600
4244267,G.SKILL DDR4-3200 CL16 TRIDENT ZSW 패키지,G.SKILL TRIDENT ZSW 패키지,DDR4,3200,CL16,16GB(8GX2),16,62220,62220,64000,0,64000,0,64000,64000,64000,63900,63900,63900,63900,63900,63900,63900,63900,63900,63900,63900,63900,63900,63900,63900,63900,63900,63900,63900,63900,63900
4589455,G.SKILL DDR4-3200 CL16 TRIDENT ZSW 패키지,G.SKILL TRIDENT ZSW 패키지,DDR4,3200,CL16,32GB(16GX2),32,0,0,0,101000,0,101000,0,0,0,0,0,0,0,0,0,0,0,0,0,0,0,0,0,0,0,0,0,0,0,0
4589455,G.SKILL DDR4-3200 CL16 TRIDENT ZSW 패키지,G.SKILL TRIDENT ZSW 패키지,DDR4,3200,CL16,16GB(8GX2),16,0,0,0,64000,0,64000,0,0,0,0,0,0,0,0,0,0,0,0,0,0,0,0,0,0,0,0,0,0,0,0
12952874,G.SKILL DDR4-3600 CL14 RIPJAWS V VK 패키지,G.SKILL RIPJAWS V VK 패키지,DDR4,3600,CL14,64GB(16GX4),64,809990,809990,809990,809990,809990,809990,809990,809990,809990,809990,809990,809990,810000,810000,810000,810000,810000,810000,0,0,0,0,0,0,0,809990,809990,809990,809990,809990
12952874,G.SKILL DDR4-3600 CL14 RIPJAWS V VK 패키지,G.SKILL RIPJAWS V VK 패키지,DDR4,3600,CL14,32GB(16GX2),32,400000,400000,400000,400000,400000,400000,400000,400000,400000,400000,400000,400000,400000,400000,400000,400000,400000,400000,0,0,0,0,0,0,0,400000,400000,400000,400000,400000
12952847,G.SKILL DDR4-3600 CL14 RIPJAWS V VK 패키지,G.SKILL RIPJAWS V VK 패키지,DDR4,3600,CL14,64GB(16GX4),64,0,0,0,0,0,0,0,0,0,0,0,0,0,0,0,0,0,0,810000,810000,810000,810000,810000,809990,809990,0,0,0,0,0
12952847,G.SKILL DDR4-3600 CL14 RIPJAWS V VK 패키지,G.SKILL RIPJAWS V VK 패키지,DDR4,3600,CL14,32GB(16GX2),32,0,0,0,0,0,0,0,0,0,0,0,0,0,0,0,0,0,0,400000,400000,400000,400000,400000,400000,400000,0,0,0,0,0
14765360,G.SKILL DDR4-3600 CL14 TRIDENT Z NEO NA 패키지,G.SKILL TRIDENT Z NEO NA 패키지,DDR4,3600,CL14,16GB(8GX2),16,137850,137850,137850,137850,137820,137700,137580,137460,137340,137220,137100,136980,137850,137850,137850,137850,137850,137850,137850,229000,229000,229000,229000,229000,229000,229000,229000,229000,229000,229000
11431470,G.SKILL DDR4-3600 CL14 TRIDENT Z NEO NB 패키지,G.SKILL TRIDENT Z NEO NB 패키지,DDR4,3600,CL14,32GB(8GX4),32,520000,520000,520000,520000,520000,520000,520000,520000,520000,520000,520000,520000,520000,520000,520000,520000,520000,520000,520000,520000,520000,520000,520000,520000,520000,520000,520000,520000,520000,520000
17389553,G.SKILL DDR4-3600 CL14 TRIDENT Z RGB A 패키지,G.SKILL TRIDENT Z RGB A 패키지,DDR4,3600,CL14,16GB(8GX2),16,219000,219000,219000,219000,219000,219000,219000,219000,219000,219000,219000,219000,219000,219000,219000,219000,219000,219000,219000,219000,219000,219000,219000,219000,219000,219000,219000,219000,219000,219000
17389916,G.SKILL DDR4-3600 CL14 TRIDENT Z ROYAL A 골드 패키지,G.SKILL TRIDENT Z ROYAL A 골드 패키지,DDR4,3600,CL14,32GB(16GX2),32,644850,644850,644850,644850,644850,644850,644850,644850,644850,644850,644850,651630,651630,651630,651630,651630,651630,651630,651630,651630,651630,651630,651630,651630,651630,651630,0,0,0,0
17389916,G.SKILL DDR4-3600 CL14 TRIDENT Z ROYAL A 골드 패키지,G.SKILL TRIDENT Z ROYAL A 골드 패키지,DDR4,3600,CL14,16GB(8GX2),16,412160,412160,412160,412160,412160,412160,412160,412160,412160,412160,412160,412160,412160,412160,412160,412160,412160,412160,412160,412160,412160,412160,412160,412160,412160,412160,0,0,0,0
17389904,G.SKILL DDR4-3600 CL14 TRIDENT Z ROYAL A 골드 패키지,G.SKILL TRIDENT Z ROYAL A 골드 패키지,DDR4,3600,CL14,16GB(8GX2),16,0,0,0,0,0,0,0,0,0,0,0,0,0,0,0,0,0,0,0,0,0,0,0,0,0,0,412160,412160,412160,412160
17390012,G.SKILL DDR4-3600 CL14 TRIDENT Z ROYAL A 실버 패키지,G.SKILL TRIDENT Z ROYAL A 실버 패키지,DDR4,3600,CL14,32GB(16GX2),32,695520,695520,695520,695520,695520,695520,695520,695520,695520,695520,695520,695520,695520,695520,695520,695520,695520,695520,695520,695520,695520,695520,695520,695520,695520,695520,695520,695520,695520,695520
17390012,G.SKILL DDR4-3600 CL14 TRIDENT Z ROYAL A 실버 패키지,G.SKILL TRIDENT Z ROYAL A 실버 패키지,DDR4,3600,CL14,16GB(8GX2),16,412160,412160,412160,412160,412160,412160,412160,412160,412160,412160,412160,412160,412160,412160,412160,412160,412160,412160,412160,412160,412160,412160,412160,412160,412160,412160,412160,412160,412160,412160
11431590,G.SKILL DDR4-3600 CL14 TRIDENT Z ROYAL B 골드 패키지,G.SKILL TRIDENT Z ROYAL B 골드 패키지,DDR4,3600,CL14,16GB(8GX2),16,124510,124510,124510,124510,124510,124510,124510,124510,124510,124510,125140,125140,125140,125140,125140,125140,125140,125140,125140,125140,125140,125140,125140,125140,125140,125140,125140,125140,125140,125140
14586686,G.SKILL DDR4-3600 CL14 TRIDENT Z ROYAL ELITE 골드 패키지,G.SKILL TRIDENT Z ROYAL ELITE 골드 패키지,DDR4,3600,CL14,16GB(8GX2),16,165990,165990,165990,165990,165990,165990,165990,165990,165990,165990,165990,165990,165990,165990,165990,165990,165990,165990,165990,165990,165990,165990,165990,165990,165990,165990,299000,299000,299000,177220
14586857,G.SKILL DDR4-3600 CL14 TRIDENT Z ROYAL ELITE 실버 패키지,G.SKILL TRIDENT Z ROYAL ELITE 실버 패키지,DDR4,3600,CL14,16GB(8GX2),16,166000,166000,166000,166000,166000,166000,166000,166000,166000,166000,299000,299000,299000,299000,299000,299000,299000,299000,299000,299000,299000,299000,299000,299000,299000,299000,299000,299000,299000,299000
12947324,G.SKILL DDR4-3600 CL14 TRIDENT Z ROYAL 골드 패키지,G.SKILL TRIDENT Z ROYAL 골드 패키지,DDR4,3600,CL14,64GB(16GX4),64,1113000,1113000,1113000,1113000,1113000,1113000,1113000,1113000,1113000,1113000,1113000,1113000,1113000,1113000,1113000,1113000,1113000,1113000,1113000,1113000,1113000,1113000,1113000,1113000,1113000,1113000,1113000,1113000,1113000,1113000
12947324,G.SKILL DDR4-3600 CL14 TRIDENT Z ROYAL 골드 패키지,G.SKILL TRIDENT Z ROYAL 골드 패키지,DDR4,3600,CL14,32GB(16GX2),32,562500,562500,562500,562500,562500,562500,562500,562500,562500,562500,562500,562500,562500,562500,562500,562500,562500,562500,562500,562500,562500,562500,562500,562500,562500,562500,562500,562500,562500,562500
12947276,G.SKILL DDR4-3600 CL14 TRIDENT Z ROYAL 실버 패키지,G.SKILL TRIDENT Z ROYAL 실버 패키지,DDR4,3600,CL14,32GB(16GX2),32,844950,844950,844950,844950,844950,844950,844950,844950,844950,844950,844950,844950,844950,844950,844950,844950,844950,844950,844950,844950,844950,844950,844950,844950,844950,844950,844950,844950,844950,844950
9480405,G.SKILL DDR4-3600 CL16 TRIDENT Z NEO C 패키지,G.SKILL TRIDENT Z NEO C 패키지,DDR4,3600,CL16,32GB(16GX2),32,139890,139810,139710,139680,139570,139560,138500,138500,138500,139610,139620,138500,138500,138500,138500,138500,138500,138500,139620,139500,0,0,138500,139490,139490,139490,139490,139490,139490,139490
9480405,G.SKILL DDR4-3600 CL16 TRIDENT Z NEO C 패키지,G.SKILL TRIDENT Z NEO C 패키지,DDR4,3600,CL16,32GB(8GX4),32,181450,181450,186000,186000,186000,186000,181400,181400,181400,186000,186000,181400,181400,181400,181400,181400,186000,181400,186000,186000,0,0,181400,186000,185990,185990,185990,185990,185990,185990
9480405,G.SKILL DDR4-3600 CL16 TRIDENT Z NEO C 패키지,G.SKILL TRIDENT Z NEO C 패키지,DDR4,3600,CL16,16GB(8GX2),16,88710,88700,91000,91000,91000,91000,88800,88800,88800,91000,91000,88800,88800,88790,88790,88790,88790,88790,88790,88790,0,0,88790,88790,88760,88690,88680,88670,88660,88630
9470838,G.SKILL DDR4-3600 CL16 TRIDENT Z NEO C 패키지,G.SKILL TRIDENT Z NEO C 패키지,DDR4,3600,CL16,32GB(16GX2),32,0,0,0,0,0,0,0,0,0,0,0,0,0,0,0,0,0,0,0,0,138500,138500,0,0,0,0,0,0,0,0
9470838,G.SKILL DDR4-3600 CL16 TRIDENT Z NEO C 패키지,G.SKILL TRIDENT Z NEO C 패키지,DDR4,3600,CL16,32GB(8GX4),32,0,0,0,0,0,0,0,0,0,0,0,0,0,0,0,0,0,0,0,0,181400,181400,0,0,0,0,0,0,0,0
9470838,G.SKILL DDR4-3600 CL16 TRIDENT Z NEO C 패키지,G.SKILL TRIDENT Z NEO C 패키지,DDR4,3600,CL16,16GB(8GX2),16,0,0,0,0,0,0,0,0,0,0,0,0,0,0,0,0,0,0,0,0,88790,88790,0,0,0,0,0,0,0,0
9480351,G.SKILL DDR4-3600 CL16 TRIDENT Z NEO 패키지,G.SKILL TRIDENT Z NEO 패키지,DDR4,3600,CL16,32GB(16GX2),32,380000,380000,380000,380000,380000,380000,380000,380000,380000,380000,380000,380000,380000,380000,380000,380000,380000,380000,380000,380000,380000,380000,380000,380000,380000,380000,380000,380000,380000,380000
9480351,G.SKILL DDR4-3600 CL16 TRIDENT Z NEO 패키지,G.SKILL TRIDENT Z NEO 패키지,DDR4,3600,CL16,32GB(8GX4),32,207520,207520,207520,207520,207520,207520,207520,207520,207520,207520,207520,207520,207520,207520,207520,207520,207520,207520,207520,207520,207520,207520,207520,207520,207520,207520,207520,207520,207520,207520
9596208,G.SKILL DDR4-3600 CL16 TRIDENT Z ROYAL C 골드 패키지,G.SKILL TRIDENT Z ROYAL C 골드 패키지,DDR4,3600,CL16,32GB(16GX2),32,171950,171950,175830,175830,175830,0,0,0,0,0,0,0,0,0,0,0,0,0,0,0,0,0,0,0,0,0,0,0,0,0
9596208,G.SKILL DDR4-3600 CL16 TRIDENT Z ROYAL C 골드 패키지,G.SKILL TRIDENT Z ROYAL C 골드 패키지,DDR4,3600,CL16,16GB(8GX2),16,122660,122660,122660,122660,122660,0,0,0,0,0,0,0,0,0,0,0,0,0,0,0,0,0,0,0,0,0,0,0,0,0
9595962,G.SKILL DDR4-3600 CL16 TRIDENT Z ROYAL C 골드 패키지,G.SKILL TRIDENT Z ROYAL C 골드 패키지,DDR4,3600,CL16,32GB(16GX2),32,0,0,0,0,0,577200,577200,577200,577200,577200,577200,577200,577200,577200,577200,577200,577200,577200,577200,577200,577200,577200,577200,577200,577200,262600,262600,262600,262600,262600
9595962,G.SKILL DDR4-3600 CL16 TRIDENT Z ROYAL C 골드 패키지,G.SKILL TRIDENT Z ROYAL C 골드 패키지,DDR4,3600,CL16,16GB(8GX2),16,0,0,0,0,0,122660,121000,121000,121000,122660,122660,121000,121000,121000,121000,121000,121000,121000,122660,122660,121000,121000,121000,122660,122660,122660,122660,122660,122660,122660
9595998,G.SKILL DDR4-3600 CL16 TRIDENT Z ROYAL C 실버 패키지,G.SKILL TRIDENT Z ROYAL C 실버 패키지,DDR4,3600,CL16,32GB(16GX2),32,172900,172900,177000,177000,177000,177000,177000,177000,177000,177000,177000,177000,177000,177000,177000,177000,177000,177000,177000,177000,177000,177000,177000,177000,177000,177000,177000,177000,177000,177000
9595998,G.SKILL DDR4-3600 CL16 TRIDENT Z ROYAL C 실버 패키지,G.SKILL TRIDENT Z ROYAL C 실버 패키지,DDR4,3600,CL16,32GB(8GX4),32,551490,551490,551490,551490,551490,551490,551490,551490,551490,551490,551490,551490,551490,551490,551490,551490,551490,551490,551490,551490,551490,551490,551490,551490,551490,551490,551490,551490,551490,551490
9595998,G.SKILL DDR4-3600 CL16 TRIDENT Z ROYAL C 실버 패키지,G.SKILL TRIDENT Z ROYAL C 실버 패키지,DDR4,3600,CL16,16GB(8GX2),16,124000,124000,124000,124000,124000,124000,121000,121000,121000,124000,124000,121000,121000,121000,121000,121000,121000,121000,124000,120990,120990,120990,120990,120990,120920,120850,120840,120830,120820,120810
14601365,G.SKILL DDR4-3600 CL16 TRIDENT Z ROYAL ELITE 골드 패키지,G.SKILL TRIDENT Z ROYAL ELITE 골드 패키지,DDR4,3600,CL16,32GB(16GX2),32,212800,212800,0,0,0,0,0,0,0,0,0,0,0,0,0,0,0,0,0,0,0,0,0,0,0,0,0,0,0,0
14601365,G.SKILL DDR4-3600 CL16 TRIDENT Z ROYAL ELITE 골드 패키지,G.SKILL TRIDENT Z ROYAL ELITE 골드 패키지,DDR4,3600,CL16,16GB(8GX2),16,164000,164000,0,0,0,0,0,0,0,0,0,0,0,0,0,0,0,0,0,0,0,0,0,0,0,0,0,0,0,0
14601416,G.SKILL DDR4-3600 CL16 TRIDENT Z ROYAL ELITE 골드 패키지,G.SKILL TRIDENT Z ROYAL ELITE 골드 패키지,DDR4,3600,CL16,32GB(16GX2),32,0,0,217000,217000,217000,217000,211700,211700,211700,216300,216300,211700,211700,211700,211700,211700,211700,211700,216300,211690,211690,211690,211690,211690,211620,211580,211560,211550,211540,211510
14601416,G.SKILL DDR4-3600 CL16 TRIDENT Z ROYAL ELITE 골드 패키지,G.SKILL TRIDENT Z ROYAL ELITE 골드 패키지,DDR4,3600,CL16,16GB(8GX2),16,0,0,164000,164000,164000,164000,160000,160000,160000,163500,163500,160000,160000,160000,160000,160000,160000,160000,163500,159990,159990,159990,159990,159990,159920,159850,159840,159830,159820,159810
14601761,G.SKILL DDR4-3600 CL16 TRIDENT Z ROYAL ELITE 실버 패키지,G.SKILL TRIDENT Z ROYAL ELITE 실버 패키지,DDR4,3600,CL16,32GB(16GX2),32,212800,212800,216010,216010,216010,216010,211700,211700,211700,0,216010,211700,211700,211700,211700,211700,211700,211700,216980,211690,211690,211690,211690,211690,211620,0,0,0,211410,211290
14601761,G.SKILL DDR4-3600 CL16 TRIDENT Z ROYAL ELITE 실버 패키지,G.SKILL TRIDENT Z ROYAL ELITE 실버 패키지,DDR4,3600,CL16,16GB(8GX2),16,161320,161320,161320,161320,161320,161320,160000,160000,160000,0,161320,160000,160000,160000,160000,160000,160000,160000,161320,159990,159990,159990,159990,159990,159960,0,0,0,159880,159870
14601734,G.SKILL DDR4-3600 CL16 TRIDENT Z ROYAL ELITE 실버 패키지,G.SKILL TRIDENT Z ROYAL ELITE 실버 패키지,DDR4,3600,CL16,32GB(16GX2),32,0,0,0,0,0,0,0,0,0,216010,0,0,0,0,0,0,0,0,0,0,0,0,0,0,0,211570,211560,211530,0,0
14601734,G.SKILL DDR4-3600 CL16 TRIDENT Z ROYAL ELITE 실버 패키지,G.SKILL TRIDENT Z ROYAL ELITE 실버 패키지,DDR4,3600,CL16,16GB(8GX2),16,0,0,0,0,0,0,0,0,0,161320,0,0,0,0,0,0,0,0,0,0,0,0,0,0,0,159910,159900,159890,0,0
7351492,G.SKILL DDR4-3600 CL16 TRIDENT Z ROYAL 실버 패키지,G.SKILL TRIDENT Z ROYAL 실버 패키지,DDR4,3600,CL16,32GB(8GX4),32,366610,366610,366610,366610,366610,366610,366610,366610,366610,366610,366610,366610,366610,366610,366610,366610,366610,366610,366610,366610,366610,366610,366610,366610,366610,366610,366610,366610,366610,366610
6169428,G.SKILL DDR4-3600 CL17 TRIDENT Z RGB 패키지,G.SKILL TRIDENT Z RGB 패키지,DDR4,3600,CL17,128GB(16GX8),128,446190,446190,446190,446190,446190,446190,446190,446190,446190,446190,446190,446190,446190,446190,446190,446190,446190,446190,446190,446190,446190,446190,446190,446190,446190,446190,446190,446190,446190,446190
6169428,G.SKILL DDR4-3600 CL17 TRIDENT Z RGB 패키지,G.SKILL TRIDENT Z RGB 패키지,DDR4,3600,CL17,32GB(16GX2),32,414700,414700,414700,414700,414700,414700,414700,414700,414700,414700,414700,414700,414700,414700,414700,414700,414700,414700,414700,414700,414700,414700,414700,414700,414700,414700,414700,414700,414700,414700
6169428,G.SKILL DDR4-3600 CL17 TRIDENT Z RGB 패키지,G.SKILL TRIDENT Z RGB 패키지,DDR4,3600,CL17,16GB(8GX2),16,219990,219990,219990,219990,219990,219990,219990,219990,219990,219990,219990,219990,220000,220000,220000,220000,220000,220000,220000,220000,220000,220000,220000,219990,219990,219990,219990,219990,219990,219990
7351543,G.SKILL DDR4-3600 CL17 TRIDENT Z ROYAL 실버 패키지,G.SKILL TRIDENT Z ROYAL 실버 패키지,DDR4,3600,CL17,32GB(8GX4),32,460000,460000,460000,443730,459990,459990,459990,459990,459990,459990,459990,459990,460000,460000,460000,460000,460000,460000,460000,460000,460000,460000,460000,459990,459990,459990,459990,459990,459990,459990
7351543,G.SKILL DDR4-3600 CL17 TRIDENT Z ROYAL 실버 패키지,G.SKILL TRIDENT Z ROYAL 실버 패키지,DDR4,3600,CL17,16GB(8GX2),16,175400,175400,175400,175400,175400,175400,175400,175400,175400,175400,175400,175400,175400,175400,175400,175400,175400,175400,175400,175400,175400,175400,175400,175400,175400,175400,175400,175400,175400,175400
4848401,G.SKILL DDR4-3600 CL17 TRIDENT Z 패키지,G.SKILL TRIDENT Z 패키지,DDR4,3600,CL17,64GB(16GX4),64,238650,238650,238650,238650,238650,238650,238650,238650,238650,238650,238650,238650,238650,238650,238650,238650,238650,238650,238650,240780,240780,240780,240780,240780,240780,240780,240780,240780,240780,240780
6169437,G.SKILL DDR4-3600 CL17 TRIDENT ZKK 패키지,G.SKILL TRIDENT ZKK 패키지,DDR4,3600,CL17,128GB(16GX8),128,394300,394300,394300,394300,394300,394300,394300,394300,394300,394300,394300,394300,394300,394300,394300,394300,394300,394300,394300,394300,394300,394300,394300,394300,394300,394300,394300,394300,394300,394300
4848413,G.SKILL DDR4-3600 CL17 TRIDENT ZKW 패키지,G.SKILL TRIDENT ZKW 패키지,DDR4,3600,CL17,64GB(16GX4),64,228290,228290,228290,228290,228290,228290,228290,228290,228290,228290,228290,228290,228290,228290,228290,228290,228290,228290,228290,228290,228290,228290,228290,228290,228290,228290,228290,228290,228290,228290
11431356,G.SKILL DDR4-3600 CL18 TRIDENT Z NEO 패키지,G.SKILL TRIDENT Z NEO 패키지,DDR4,3600,CL18,128GB(32GX4),128,456000,0,0,0,0,0,451700,451700,451700,0,0,0,0,0,0,0,0,0,0,0,0,0,0,0,0,0,0,0,0,0
11431356,G.SKILL DDR4-3600 CL18 TRIDENT Z NEO 패키지,G.SKILL TRIDENT Z NEO 패키지,DDR4,3600,CL18,64GB(32GX2),64,229000,0,0,0,0,0,223400,223400,223400,0,0,0,0,0,0,0,0,0,0,0,0,0,0,0,0,0,0,0,0,0
11431356,G.SKILL DDR4-3600 CL18 TRIDENT Z NEO 패키지,G.SKILL TRIDENT Z NEO 패키지,DDR4,3600,CL18,32GB(16GX2),32,125500,0,0,0,0,0,123000,123000,123000,0,0,0,0,0,0,0,0,0,0,0,0,0,0,0,0,0,0,0,0,0
11431356,G.SKILL DDR4-3600 CL18 TRIDENT Z NEO 패키지,G.SKILL TRIDENT Z NEO 패키지,DDR4,3600,CL18,16GB(8GX2),16,78850,0,0,0,0,0,79000,79000,79000,0,0,0,0,0,0,0,0,0,0,0,0,0,0,0,0,0,0,0,0,0
11044479,G.SKILL DDR4-3600 CL18 TRIDENT Z NEO 패키지,G.SKILL TRIDENT Z NEO 패키지,DDR4,3600,CL18,128GB(32GX4),128,0,456000,463000,463000,463000,463000,0,0,0,0,0,0,0,0,0,0,0,0,0,461100,451700,451700,451700,461100,461100,461100,461100,461100,461100,461100
11044479,G.SKILL DDR4-3600 CL18 TRIDENT Z NEO 패키지,G.SKILL TRIDENT Z NEO 패키지,DDR4,3600,CL18,64GB(32GX2),64,0,229000,229000,229000,229000,229000,0,0,0,0,0,0,0,0,0,0,0,0,0,228300,223400,223400,223400,228300,228300,228300,228300,228300,228300,228300
11044479,G.SKILL DDR4-3600 CL18 TRIDENT Z NEO 패키지,G.SKILL TRIDENT Z NEO 패키지,DDR4,3600,CL18,32GB(16GX2),32,0,125500,125500,125500,125500,123000,0,0,0,0,0,0,0,0,0,0,0,0,0,123000,120000,120000,120000,123000,122990,122990,122990,122990,122990,122990
11044479,G.SKILL DDR4-3600 CL18 TRIDENT Z NEO 패키지,G.SKILL TRIDENT Z NEO 패키지,DDR4,3600,CL18,16GB(8GX2),16,0,78850,81000,81000,81000,81000,0,0,0,0,0,0,0,0,0,0,0,0,0,80700,79000,79000,79000,80700,80700,80700,80700,80700,80700,80700
11431392,G.SKILL DDR4-3600 CL18 TRIDENT Z NEO 패키지,G.SKILL TRIDENT Z NEO 패키지,DDR4,3600,CL18,128GB(32GX4),128,0,0,0,0,0,0,0,0,0,461100,461100,451700,451700,451700,451700,451700,451700,451700,461100,0,0,0,0,0,0,0,0,0,0,0
11431392,G.SKILL DDR4-3600 CL18 TRIDENT Z NEO 패키지,G.SKILL TRIDENT Z NEO 패키지,DDR4,3600,CL18,64GB(32GX2),64,0,0,0,0,0,0,0,0,0,228300,228300,223400,223400,223400,228300,223400,223400,223400,228300,0,0,0,0,0,0,0,0,0,0,0
11431392,G.SKILL DDR4-3600 CL18 TRIDENT Z NEO 패키지,G.SKILL TRIDENT Z NEO 패키지,DDR4,3600,CL18,32GB(16GX2),32,0,0,0,0,0,0,0,0,0,122600,123000,120000,120000,120000,120000,120000,120000,120000,123000,0,0,0,0,0,0,0,0,0,0,0
11431392,G.SKILL DDR4-3600 CL18 TRIDENT Z NEO 패키지,G.SKILL TRIDENT Z NEO 패키지,DDR4,3600,CL18,16GB(8GX2),16,0,0,0,0,0,0,0,0,0,80700,80700,79000,79000,79000,79000,79000,79000,79000,80700,0,0,0,0,0,0,0,0,0,0,0
11431116,G.SKILL DDR4-3600 CL18 TRIDENT Z RGB 패키지,G.SKILL TRIDENT Z RGB 패키지,DDR4,3600,CL18,64GB(32GX2),64,218490,218450,218430,0,0,0,0,0,0,0,0,0,217600,217580,0,0,217580,217590,219680,0,0,0,0,0,0,0,0,0,0,218750
11431116,G.SKILL DDR4-3600 CL18 TRIDENT Z RGB 패키지,G.SKILL TRIDENT Z RGB 패키지,DDR4,3600,CL18,32GB(16GX2),32,113050,112960,112860,0,0,0,0,0,0,0,0,0,116100,116090,0,0,116090,116100,119000,0,0,0,0,0,0,0,0,0,0,117590
11431116,G.SKILL DDR4-3600 CL18 TRIDENT Z RGB 패키지,G.SKILL TRIDENT Z RGB 패키지,DDR4,3600,CL18,16GB(8GX2),16,73140,73120,73110,0,0,0,0,0,0,0,0,0,73200,73200,0,0,73200,73200,75000,0,0,0,0,0,0,0,0,0,0,75000
11431083,G.SKILL DDR4-3600 CL18 TRIDENT Z RGB 패키지,G.SKILL TRIDENT Z RGB 패키지,DDR4,3600,CL18,64GB(32GX2),64,0,0,0,218390,218300,218220,217580,217580,217590,217590,219930,0,0,0,217580,217580,0,0,0,217590,217590,217580,217590,217590,219180,219110,219030,218900,218860,0
11431083,G.SKILL DDR4-3600 CL18 TRIDENT Z RGB 패키지,G.SKILL TRIDENT Z RGB 패키지,DDR4,3600,CL18,32GB(16GX2),32,0,0,0,112830,119000,119000,116090,116090,116100,119000,116000,0,0,0,116090,116090,0,0,0,119000,116100,116090,116100,117870,117790,117750,117700,117600,117600,0
11431083,G.SKILL DDR4-3600 CL18 TRIDENT Z RGB 패키지,G.SKILL TRIDENT Z RGB 패키지,DDR4,3600,CL18,16GB(8GX2),16,0,0,0,73080,72960,72850,73200,73200,73200,74000,75000,0,0,0,73200,73200,0,0,0,75000,73200,73200,73200,75000,75000,75000,75000,75000,75000,0
11431059,G.SKILL DDR4-3600 CL18 TRIDENT Z RGB 패키지,G.SKILL TRIDENT Z RGB 패키지,DDR4,3600,CL18,64GB(32GX2),64,0,0,0,0,0,0,0,0,0,0,0,217600,0,0,0,0,0,0,0,0,0,0,0,0,0,0,0,0,0,0
11431059,G.SKILL DDR4-3600 CL18 TRIDENT Z RGB 패키지,G.SKILL TRIDENT Z RGB 패키지,DDR4,3600,CL18,32GB(16GX2),32,0,0,0,0,0,0,0,0,0,0,0,116100,0,0,0,0,0,0,0,0,0,0,0,0,0,0,0,0,0,0
11431059,G.SKILL DDR4-3600 CL18 TRIDENT Z RGB 패키지,G.SKILL TRIDENT Z RGB 패키지,DDR4,3600,CL18,16GB(8GX2),16,0,0,0,0,0,0,0,0,0,0,0,73200,0,0,0,0,0,0,0,0,0,0,0,0,0,0,0,0,0,0
18643175,G.SKILL DDR4-3600 CL18 TRIDENT Z RGB 패키지 (해외구매),G.SKILL TRIDENT Z RGB 패키지 (해외구매),DDR4,3600,CL18,32GB(16GX2),32,118100,118100,118100,118100,118100,118100,118100,118100,118100,118100,118100,118100,137180,137590,137590,137590,137590,137590,137590,139650,139650,101500,101500,0,0,0,0,0,0,101500
18643175,G.SKILL DDR4-3600 CL18 TRIDENT Z RGB 패키지 (해외구매),G.SKILL TRIDENT Z RGB 패키지 (해외구매),DDR4,3600,CL18,16GB(8GX2),16,97030,97020,97010,96980,96870,96750,96630,96510,96390,96270,96150,96030,97330,98890,98890,98890,98890,98890,98890,98890,98890,98890,98890,0,0,0,0,0,0,84800
18271148,G.SKILL DDR4-3600 CL18 TRIDENT Z RGB 패키지 (해외구매),G.SKILL TRIDENT Z RGB 패키지 (해외구매),DDR4,3600,CL18,32GB(16GX2),32,0,0,0,0,0,0,0,0,0,0,0,0,0,0,0,0,0,0,0,0,0,0,0,101500,101500,101500,101500,101500,101500,0
18271148,G.SKILL DDR4-3600 CL18 TRIDENT Z RGB 패키지 (해외구매),G.SKILL TRIDENT Z RGB 패키지 (해외구매),DDR4,3600,CL18,16GB(8GX2),16,0,0,0,0,0,0,0,0,0,0,0,0,0,0,0,0,0,0,0,0,0,0,0,98840,98820,98780,98750,86000,84800,0
11431626,G.SKILL DDR4-3600 CL18 TRIDENT Z ROYAL 골드 패키지,G.SKILL TRIDENT Z ROYAL 골드 패키지,DDR4,3600,CL18,64GB(32GX2),64,255550,255550,259860,259860,259860,260000,253700,253700,253700,259100,259100,253700,253700,253700,253700,253700,253700,253700,259100,259100,253700,253700,253700,259100,259100,259100,259100,259100,259100,259100
11431626,G.SKILL DDR4-3600 CL18 TRIDENT Z ROYAL 골드 패키지,G.SKILL TRIDENT Z ROYAL 골드 패키지,DDR4,3600,CL18,32GB(16GX2),32,155800,155800,160000,160000,160000,160000,156100,156100,156100,159500,159500,156100,156100,156100,156100,156100,156100,156100,159500,159500,156100,156100,156100,159500,159500,159500,159500,159500,159500,159500
11431626,G.SKILL DDR4-3600 CL18 TRIDENT Z ROYAL 골드 패키지,G.SKILL TRIDENT Z ROYAL 골드 패키지,DDR4,3600,CL18,16GB(8GX2),16,116000,116000,116000,116000,115990,115990,113100,113100,113100,115600,115600,113090,113090,113100,113100,113100,113100,113100,115600,115600,113100,113100,113100,115600,115600,115600,115600,115600,115600,115600
11431767,G.SKILL DDR4-3600 CL18 TRIDENT Z ROYAL 실버 패키지,G.SKILL TRIDENT Z ROYAL 실버 패키지,DDR4,3600,CL18,64GB(32GX2),64,254600,254600,259850,259850,259850,259850,253700,253700,253700,259100,259100,253700,253700,253700,253700,253700,253700,0,0,0,0,0,0,0,0,0,0,0,0,0
11431767,G.SKILL DDR4-3600 CL18 TRIDENT Z ROYAL 실버 패키지,G.SKILL TRIDENT Z ROYAL 실버 패키지,DDR4,3600,CL18,32GB(16GX2),32,155800,155800,160000,160000,160000,160000,156100,156100,156100,159500,159500,156100,156100,156100,156100,156100,156100,0,0,0,0,0,0,0,0,0,0,0,0,0
11431767,G.SKILL DDR4-3600 CL18 TRIDENT Z ROYAL 실버 패키지,G.SKILL TRIDENT Z ROYAL 실버 패키지,DDR4,3600,CL18,16GB(8GX2),16,116000,116000,116000,116000,116000,116000,113100,113100,113100,115600,115600,113100,113100,113100,113100,113100,113100,0,0,0,0,0,0,0,0,0,0,0,0,0
11431746,G.SKILL DDR4-3600 CL18 TRIDENT Z ROYAL 실버 패키지,G.SKILL TRIDENT Z ROYAL 실버 패키지,DDR4,3600,CL18,64GB(32GX2),64,0,0,0,0,0,0,0,0,0,0,0,0,0,0,0,0,0,253700,259100,259100,253700,253700,253700,259100,259100,259100,259100,259100,259100,259100
11431746,G.SKILL DDR4-3600 CL18 TRIDENT Z ROYAL 실버 패키지,G.SKILL TRIDENT Z ROYAL 실버 패키지,DDR4,3600,CL18,32GB(16GX2),32,0,0,0,0,0,0,0,0,0,0,0,0,0,0,0,0,0,156100,159500,159500,156100,156100,156100,159500,159500,159500,159500,159500,159500,159990
11431746,G.SKILL DDR4-3600 CL18 TRIDENT Z ROYAL 실버 패키지,G.SKILL TRIDENT Z ROYAL 실버 패키지,DDR4,3600,CL18,16GB(8GX2),16,0,0,0,0,0,0,0,0,0,0,0,0,0,0,0,0,0,113100,115600,115600,113100,113100,113100,115600,115600,115600,115600,115600,115600,115600
11420658,G.SKILL DDR4-3600 CL19 SNIPER X SXKB 패키지,G.SKILL SNIPER X SXKB 패키지,DDR4,3600,CL19,32GB(16GX2),32,298000,298000,298000,298000,298000,298000,298000,298000,298000,298000,298000,298000,298000,298000,298000,298000,298000,298000,298000,298000,298000,298000,298000,298000,298000,298000,298000,298000,298000,298000
12956147,G.SKILL DDR4-3800 CL14 TRIDENT Z NEO 패키지,G.SKILL TRIDENT Z NEO 패키지,DDR4,3800,CL14,32GB(16GX2),32,942250,942250,0,0,0,0,0,0,0,0,0,0,0,0,0,0,0,0,0,0,0,0,0,0,0,942250,0,0,0,0
12956147,G.SKILL DDR4-3800 CL14 TRIDENT Z NEO 패키지,G.SKILL TRIDENT Z NEO 패키지,DDR4,3800,CL14,16GB(8GX2),16,532570,532570,0,0,0,0,0,0,0,0,0,0,0,0,0,0,0,0,0,0,0,0,0,0,0,532570,0,0,0,0
12956228,G.SKILL DDR4-3800 CL14 TRIDENT Z NEO 패키지,G.SKILL TRIDENT Z NEO 패키지,DDR4,3800,CL14,32GB(16GX2),32,0,0,942250,942250,942250,942250,942250,942250,942250,942250,942250,942250,942250,942250,942250,942250,942250,942250,942250,942250,942250,942250,942250,942250,942250,0,942250,942250,942250,942250
12956228,G.SKILL DDR4-3800 CL14 TRIDENT Z NEO 패키지,G.SKILL TRIDENT Z NEO 패키지,DDR4,3800,CL14,16GB(8GX2),16,0,0,532570,532570,532570,532570,532570,532570,532570,532570,532570,532570,532570,532570,532570,532570,532570,532570,532570,532570,532570,532570,532570,532570,532570,0,532570,532570,532570,532570
4845701,G.SKILL DDR4-3866 CL18 TRIDENT ZKW 패키지,G.SKILL TRIDENT ZKW 패키지,DDR4,3866,CL18,16GB(8GX2),16,260000,260000,260000,260000,260000,260000,260000,260000,260000,260000,260000,260000,260000,260000,260000,260000,260000,260000,260000,260000,260000,260000,260000,260000,260000,260000,260000,260000,260000,260000
14601827,G.SKILL DDR4-4000 CL16 TRIDENT Z ROYAL ELITE 실버 패키지,G.SKILL TRIDENT Z ROYAL ELITE 실버 패키지,DDR4,4000,CL16,32GB(16GX2),32,610230,610230,610230,610230,610230,610230,610230,610230,610230,600000,600000,600000,600000,600000,600000,600000,600000,600000,600000,600000,600000,600000,600000,600000,600000,600000,600000,600000,600000,600000
7937788,G.SKILL DDR4-4000 CL17 TRIDENT Z ROYAL 골드 패키지,G.SKILL TRIDENT Z ROYAL 골드 패키지,DDR4,4000,CL17,16GB(8GX2),16,156040,156040,156040,156040,156040,156040,156040,156040,156040,156040,156040,156040,156040,156040,156040,156040,156040,156040,156040,156040,156040,156040,156040,156040,156040,156040,156040,156040,156040,156040
7351588,G.SKILL DDR4-4000 CL17 TRIDENT Z ROYAL 실버 패키지,G.SKILL TRIDENT Z ROYAL 실버 패키지,DDR4,4000,CL17,32GB(8GX4),32,632000,632000,632000,632000,632000,632000,632000,632000,632000,632000,632000,632000,632000,632000,632000,632000,632000,632000,632000,632000,632000,632000,632000,632000,632000,632000,632000,632000,632000,632000
15792911,G.SKILL DDR4-4000 CL18 TRIDENT Z RGB 패키지,G.SKILL TRIDENT Z RGB 패키지,DDR4,4000,CL18,32GB(16GX2),32,139000,139000,139000,139000,139000,139000,135700,135700,135700,139000,139000,135700,135700,135700,135700,135700,135700,135700,139000,139000,135700,135700,135700,139000,138990,138990,138990,138990,138990,138990
15792911,G.SKILL DDR4-4000 CL18 TRIDENT Z RGB 패키지,G.SKILL TRIDENT Z RGB 패키지,DDR4,4000,CL18,16GB(8GX2),16,82650,82650,85000,85000,85000,85000,82700,82700,82700,84800,84800,82700,82700,82700,82700,82700,82700,82700,84800,84800,82700,82700,82700,84800,84800,84800,84800,84800,84800,84800
15794468,G.SKILL DDR4-4000 CL18 TRIDENT Z ROYAL 실버 패키지,G.SKILL TRIDENT Z ROYAL 실버 패키지,DDR4,4000,CL18,32GB(16GX2),32,169000,169000,169000,169000,169000,169000,164900,164900,164900,168500,168500,164900,164900,164900,164900,164900,164900,164900,168500,168500,164900,164900,164900,168500,168500,168500,168500,166900,166900,168500
15794468,G.SKILL DDR4-4000 CL18 TRIDENT Z ROYAL 실버 패키지,G.SKILL TRIDENT Z ROYAL 실버 패키지,DDR4,4000,CL18,16GB(8GX2),16,121600,121600,124990,124990,125000,125000,122000,122000,122000,124600,124600,122000,122000,122000,122000,122000,122000,122000,124600,124600,122000,122000,122000,124600,124600,124600,124600,124600,124600,124600
7938031,G.SKILL DDR4-4000 CL19 TRIDENT Z ROYAL 골드 패키지,G.SKILL TRIDENT Z ROYAL 골드 패키지,DDR4,4000,CL19,32GB(16GX2),32,599020,599020,599020,599020,599020,599020,599020,599020,599020,599020,599020,599020,599030,599030,599030,599030,599030,599030,599030,599030,599030,599030,599030,599020,599020,599020,599020,599020,599020,599020
4846135,G.SKILL DDR4-4133 CL19 TRIDENT ZSWC 패키지,G.SKILL TRIDENT ZSWC 패키지,DDR4,4133,CL19,16GB(8GX2),16,559300,559300,559300,559300,559300,559300,559300,559300,559300,559300,559300,559300,559300,559300,559300,559300,559300,559300,559300,559300,559300,559300,559300,559300,559300,559300,559300,559300,559300,559300
4848340,G.SKILL DDR4-4266 CL19 TRIDENT ZKW 패키지,G.SKILL TRIDENT ZKW 패키지,DDR4,4266,CL19,16GB(8GX2),16,297110,297110,297110,297110,297110,297110,297110,297110,297110,297110,297110,297110,297110,297110,297110,297110,297110,297110,297110,297110,297110,297110,297110,297110,297110,297110,297110,297110,297110,297110
4848365,G.SKILL DDR4-4266 CL19 TRIDENT ZSW 패키지,G.SKILL TRIDENT ZSW 패키지,DDR4,4266,CL19,16GB(8GX2),16,73000,73000,73000,73000,73000,73000,73000,73000,73000,73000,73000,73000,73000,73000,73000,73000,73000,73000,73000,73000,73000,73000,73000,73000,73000,73000,73000,73000,73000,73000
12390794,G.SKILL DDR4-4800 CL18 TRIDENT Z ROYAL 골드 패키지,G.SKILL TRIDENT Z ROYAL 골드 패키지,DDR4,4800,CL18,16GB(8GX2),16,782230,782230,782230,782230,782230,782230,782230,782230,782230,782230,782230,782230,782230,782230,782230,782230,782230,782230,782230,782230,782230,782230,782230,782230,782230,782230,782230,782230,497780,497780
40022612,G.SKILL DDR5-5200 CL36 FLARE X5 J 패키지,G.SKILL FLARE X5 J 패키지,DDR5,5200,CL36,64GB(32GX2),64,297490,297410,0,0,0,0,296930,296810,296690,296570,0,0,0,0,0,0,0,0,0,0,0,0,0,296340,308090,308090,308090,308090,308090,308090
40022612,G.SKILL DDR5-5200 CL36 FLARE X5 J 패키지,G.SKILL FLARE X5 J 패키지,DDR5,5200,CL36,32GB(16GX2),32,159780,159750,0,0,0,0,159350,159350,159340,159250,0,0,0,0,0,0,0,0,0,0,0,0,0,159740,163980,163910,163870,162100,162100,163760
40022714,G.SKILL DDR5-5200 CL36 FLARE X5 J 패키지,G.SKILL FLARE X5 J 패키지,DDR5,5200,CL36,64GB(32GX2),64,0,0,297310,297280,297170,297050,0,0,0,0,296450,296330,296210,296390,296390,296390,296390,296390,296390,296390,296390,296390,296390,0,0,0,0,0,0,0
40022714,G.SKILL DDR5-5200 CL36 FLARE X5 J 패키지,G.SKILL FLARE X5 J 패키지,DDR5,5200,CL36,32GB(16GX2),32,0,0,159660,159560,159470,159400,0,0,0,0,159150,159060,159790,159750,159750,159750,159750,159750,159790,159790,159750,159750,159790,0,0,0,0,0,0,0
40545854,G.SKILL DDR5-5200 CL36 RIPJAWS S5 J 화이트 패키지,G.SKILL RIPJAWS S5 J 화이트 패키지,DDR5,5200,CL36,64GB(32GX2),64,297360,297240,297140,297110,0,0,0,0,0,296340,296220,0,0,0,0,0,0,0,0,0,0,296390,0,0,0,0,294000,294000,294000,0
40545854,G.SKILL DDR5-5200 CL36 RIPJAWS S5 J 화이트 패키지,G.SKILL RIPJAWS S5 J 화이트 패키지,DDR5,5200,CL36,32GB(16GX2),32,163990,162280,162180,162150,0,0,0,0,0,159740,159620,0,0,0,0,0,0,0,0,0,0,158640,0,0,0,0,154007,161190,162360,0
16272563,G.SKILL DDR5-5200 CL36 RIPJAWS S5 J 화이트 패키지,G.SKILL RIPJAWS S5 J 화이트 패키지,DDR5,5200,CL36,64GB(32GX2),64,0,0,0,0,297000,296880,296590,296490,296460,0,0,296100,296010,296020,296390,296390,296390,296390,296390,296390,296390,0,294004,293950,294004,294004,0,0,0,300960
16272563,G.SKILL DDR5-5200 CL36 RIPJAWS S5 J 화이트 패키지,G.SKILL RIPJAWS S5 J 화이트 패키지,DDR5,5200,CL36,32GB(16GX2),32,0,0,0,0,162040,161920,159990,159890,159860,0,0,159500,159380,159260,159140,159020,158900,158780,158660,158640,158640,0,154007,153950,154007,154007,0,0,0,162360
54102935,G.SKILL DDR5-5200 CL40 FLARE X5 J 패키지,G.SKILL FLARE X5 J 패키지,DDR5,5200,CL40,96GB(48GX2),96,353800,353770,353670,353660,353630,353510,345400,345400,345400,353930,353880,345400,345400,345400,345400,345400,345400,345400,354000,354000,345400,345400,345400,353980,353960,353920,353900,351100,351100,0
54102935,G.SKILL DDR5-5200 CL40 FLARE X5 J 패키지,G.SKILL FLARE X5 J 패키지,DDR5,5200,CL40,48GB(24GX2),48,184300,184300,188930,188930,188910,188880,184400,184400,184400,188930,188880,184400,184400,184400,184400,184400,184400,184400,189000,189000,184400,184400,184400,188990,188920,188880,188860,188850,188840,0
54102995,G.SKILL DDR5-5200 CL40 FLARE X5 J 패키지,G.SKILL FLARE X5 J 패키지,DDR5,5200,CL40,96GB(48GX2),96,353800,353770,353670,353660,353630,353510,345400,345400,345400,353930,353880,345400,345400,345400,345400,345400,345400,345400,354000,354000,345400,345400,345400,353980,353960,353920,353900,351100,351100,353840
54102995,G.SKILL DDR5-5200 CL40 FLARE X5 J 패키지,G.SKILL FLARE X5 J 패키지,DDR5,5200,CL40,48GB(24GX2),48,184300,184300,188930,188930,188910,188880,184400,184400,184400,188930,188880,184400,184400,184400,184400,184400,184400,184400,189000,189000,184400,184400,184400,188990,188920,188880,188860,188850,188840,188810
56151461,G.SKILL DDR5-5200 CL40 RIPJAWS M5 RGB 블랙 패키지,G.SKILL RIPJAWS M5 RGB 블랙 패키지,DDR5,5200,CL40,64GB(32GX2),64,255550,255460,255360,255330,255220,255100,254980,254860,254740,254620,254500,254380,259890,262490,262490,262490,262490,262490,267890,262490,262490,262490,262490,262440,268210,268210,268210,268210,268210,268210
56151461,G.SKILL DDR5-5200 CL40 RIPJAWS M5 RGB 블랙 패키지,G.SKILL RIPJAWS M5 RGB 블랙 패키지,DDR5,5200,CL40,32GB(16GX2),32,141550,141540,147300,148890,148990,148990,145390,145390,145390,145390,148990,143970,145390,145390,145390,145390,145390,145390,148990,145390,145390,145390,145390,145390,147350,149000,149000,149000,149000,149000
56151416,G.SKILL DDR5-5200 CL40 RIPJAWS M5 RGB 블랙 패키지,G.SKILL RIPJAWS M5 RGB 블랙 패키지,DDR5,5200,CL40,64GB(32GX2),64,0,0,0,255330,255220,255100,254980,254860,254740,0,0,0,0,0,0,0,0,0,0,0,0,0,0,0,0,0,0,0,0,0
56151416,G.SKILL DDR5-5200 CL40 RIPJAWS M5 RGB 블랙 패키지,G.SKILL RIPJAWS M5 RGB 블랙 패키지,DDR5,5200,CL40,32GB(16GX2),32,0,0,0,148890,148990,148990,145390,145390,145390,0,0,0,0,0,0,0,0,0,0,0,0,0,0,0,0,0,0,0,0,0
56151521,G.SKILL DDR5-5200 CL40 RIPJAWS M5 RGB 화이트 패키지,G.SKILL RIPJAWS M5 RGB 화이트 패키지,DDR5,5200,CL40,64GB(32GX2),64,255550,255460,255360,255330,255220,255100,254980,254860,254740,254620,254500,262500,262500,262500,262500,262500,262500,262500,269000,269000,262500,262500,262500,268980,269000,269000,269000,269000,269000,269000
56151521,G.SKILL DDR5-5200 CL40 RIPJAWS M5 RGB 화이트 패키지,G.SKILL RIPJAWS M5 RGB 화이트 패키지,DDR5,5200,CL40,32GB(16GX2),32,141540,141460,141360,141330,141220,141100,140980,140860,140740,140620,140500,140380,143970,145390,145390,145390,145390,145390,148190,145390,145390,145390,145390,145340,149000,149000,149000,149000,149000,149000
56151509,G.SKILL DDR5-5200 CL40 RIPJAWS M5 RGB 화이트 패키지,G.SKILL RIPJAWS M5 RGB 화이트 패키지,DDR5,5200,CL40,64GB(32GX2),64,255550,255460,0,0,0,0,0,0,0,0,0,262500,262500,262500,262500,262500,262500,262500,269000,269000,262500,262500,262500,268980,0,0,0,269000,269000,269000
56151509,G.SKILL DDR5-5200 CL40 RIPJAWS M5 RGB 화이트 패키지,G.SKILL RIPJAWS M5 RGB 화이트 패키지,DDR5,5200,CL40,32GB(16GX2),32,141540,141460,0,0,0,0,0,0,0,0,0,140380,143970,145390,145390,145390,145390,145390,148190,145390,145390,145390,145390,145340,0,0,0,149000,149000,149000
54103109,G.SKILL DDR5-5200 CL40 RIPJAWS S5 J 블랙 패키지,G.SKILL RIPJAWS S5 J 블랙 패키지,DDR5,5200,CL40,96GB(48GX2),96,328990,328990,328990,328560,328560,328560,320990,320990,320990,320990,327900,320990,320990,320990,320990,320990,320990,320990,327900,320990,320990,320990,320990,320990,325350,327900,327900,327900,327900,0
54103109,G.SKILL DDR5-5200 CL40 RIPJAWS S5 J 블랙 패키지,G.SKILL RIPJAWS S5 J 블랙 패키지,DDR5,5200,CL40,64GB(32GX2),64,254000,254000,254000,254000,254000,254000,247800,247800,247800,254000,254000,247800,247800,247800,247800,247800,247800,247800,254000,254000,247800,247800,247800,254000,254000,254000,254000,254000,254000,0
54103109,G.SKILL DDR5-5200 CL40 RIPJAWS S5 J 블랙 패키지,G.SKILL RIPJAWS S5 J 블랙 패키지,DDR5,5200,CL40,48GB(24GX2),48,179000,179000,179000,179000,179000,179000,174700,174700,174700,179000,179000,174700,174700,174700,174700,174700,174700,174700,179000,179000,174700,174700,174700,179000,179000,179000,179000,179000,179000,0
54103109,G.SKILL DDR5-5200 CL40 RIPJAWS S5 J 블랙 패키지,G.SKILL RIPJAWS S5 J 블랙 패키지,DDR5,5200,CL40,32GB(16GX2),32,138990,138910,138810,138780,138670,138550,135590,135490,135460,135340,135220,135100,135060,135590,135590,135590,135590,135590,138690,135590,135590,135590,135590,135510,138600,138600,138600,138600,138600,0
54103169,G.SKILL DDR5-5200 CL40 RIPJAWS S5 J 블랙 패키지,G.SKILL RIPJAWS S5 J 블랙 패키지,DDR5,5200,CL40,96GB(48GX2),96,328990,328990,328990,328560,0,0,0,0,0,0,0,320990,320990,320990,0,0,320990,0,0,0,0,0,0,320990,325350,327900,327900,327900,327900,327900
54103169,G.SKILL DDR5-5200 CL40 RIPJAWS S5 J 블랙 패키지,G.SKILL RIPJAWS S5 J 블랙 패키지,DDR5,5200,CL40,64GB(32GX2),64,254000,254000,254000,254000,0,0,0,0,0,0,0,247800,247800,247800,0,0,247800,0,0,0,0,0,0,254000,254000,254000,254000,254000,254000,254000
54103169,G.SKILL DDR5-5200 CL40 RIPJAWS S5 J 블랙 패키지,G.SKILL RIPJAWS S5 J 블랙 패키지,DDR5,5200,CL40,48GB(24GX2),48,179000,179000,179000,179000,0,0,0,0,0,0,0,174700,174700,174700,0,0,174700,0,0,0,0,0,0,179000,179000,179000,179000,179000,179000,179000
54103169,G.SKILL DDR5-5200 CL40 RIPJAWS S5 J 블랙 패키지,G.SKILL RIPJAWS S5 J 블랙 패키지,DDR5,5200,CL40,32GB(16GX2),32,138990,138910,138810,138780,0,0,0,0,0,0,0,135100,135060,135590,0,0,135590,0,0,0,0,0,0,135510,138600,138600,138600,138600,138600,138600
54103163,G.SKILL DDR5-5200 CL40 RIPJAWS S5 J 블랙 패키지,G.SKILL RIPJAWS S5 J 블랙 패키지,DDR5,5200,CL40,96GB(48GX2),96,0,0,0,0,328560,328560,320990,320990,320990,320990,327900,0,0,0,320990,320990,0,320990,327900,320990,320990,320990,320990,0,0,0,0,0,0,0
54103163,G.SKILL DDR5-5200 CL40 RIPJAWS S5 J 블랙 패키지,G.SKILL RIPJAWS S5 J 블랙 패키지,DDR5,5200,CL40,64GB(32GX2),64,0,0,0,0,254000,254000,247800,247800,247800,254000,254000,0,0,0,247800,247800,0,247800,254000,254000,247800,247800,247800,0,0,0,0,0,0,0
54103163,G.SKILL DDR5-5200 CL40 RIPJAWS S5 J 블랙 패키지,G.SKILL RIPJAWS S5 J 블랙 패키지,DDR5,5200,CL40,48GB(24GX2),48,0,0,0,0,179000,179000,174700,174700,174700,179000,179000,0,0,0,174700,174700,0,174700,179000,179000,174700,174700,174700,0,0,0,0,0,0,0
54103163,G.SKILL DDR5-5200 CL40 RIPJAWS S5 J 블랙 패키지,G.SKILL RIPJAWS S5 J 블랙 패키지,DDR5,5200,CL40,32GB(16GX2),32,0,0,0,0,138670,138550,135590,135490,135460,135340,135220,0,0,0,135590,135590,0,135590,138690,135590,135590,135590,135590,0,0,0,0,0,0,0
54103232,G.SKILL DDR5-5200 CL40 RIPJAWS S5 J 화이트 패키지,G.SKILL RIPJAWS S5 J 화이트 패키지,DDR5,5200,CL40,96GB(48GX2),96,329000,329000,329000,329000,329000,329000,321000,321000,321000,329000,329000,321000,321000,321000,321000,321000,321000,321000,329000,329000,321000,321000,321000,329000,329000,329000,329000,329000,329000,329000
54103232,G.SKILL DDR5-5200 CL40 RIPJAWS S5 J 화이트 패키지,G.SKILL RIPJAWS S5 J 화이트 패키지,DDR5,5200,CL40,48GB(24GX2),48,179000,179000,179000,179000,179000,179000,174700,174700,174700,179000,179000,174700,174700,174700,174700,174700,174700,174700,179000,179000,174700,174700,174700,179000,178990,178990,178990,178990,178990,178990
54103232,G.SKILL DDR5-5200 CL40 RIPJAWS S5 J 화이트 패키지,G.SKILL RIPJAWS S5 J 화이트 패키지,DDR5,5200,CL40,32GB(16GX2),32,138990,138910,138810,138780,138670,138550,135590,135490,135460,135340,135220,135100,135060,135590,135590,135590,135590,135590,138690,135590,135590,135590,135590,135540,139000,139000,139000,139000,139000,139000
54103175,G.SKILL DDR5-5200 CL40 RIPJAWS S5 J 화이트 패키지,G.SKILL RIPJAWS S5 J 화이트 패키지,DDR5,5200,CL40,96GB(48GX2),96,329000,329000,329000,0,329000,0,0,0,0,0,0,0,0,0,0,0,0,0,0,0,0,0,0,0,0,0,0,0,0,0
54103175,G.SKILL DDR5-5200 CL40 RIPJAWS S5 J 화이트 패키지,G.SKILL RIPJAWS S5 J 화이트 패키지,DDR5,5200,CL40,48GB(24GX2),48,179000,179000,179000,0,179000,0,0,0,0,0,0,0,0,0,0,0,0,0,0,0,0,0,0,0,0,0,0,0,0,0
54103175,G.SKILL DDR5-5200 CL40 RIPJAWS S5 J 화이트 패키지,G.SKILL RIPJAWS S5 J 화이트 패키지,DDR5,5200,CL40,32GB(16GX2),32,138990,138910,138810,0,138670,0,0,0,0,0,0,0,0,0,0,0,0,0,0,0,0,0,0,0,0,0,0,0,0,0
54103295,G.SKILL DDR5-5200 CL40 TRIDENT Z5 RGB J 실버 패키지,G.SKILL TRIDENT Z5 RGB J 실버 패키지,DDR5,5200,CL40,32GB(16GX2),32,158760,158740,158730,158710,158600,158480,155090,154970,154860,154740,154620,154500,154460,155090,155090,155090,155090,155090,158640,155090,155090,155090,155090,155040,159000,159000,159000,159000,159000,159000
54103277,G.SKILL DDR5-5200 CL40 TRIDENT Z5 RGB J 패키지,G.SKILL TRIDENT Z5 RGB J 패키지,DDR5,5200,CL40,32GB(16GX2),32,158860,158840,158830,158810,158700,158580,155090,154990,154960,154840,154720,154600,154560,155090,155090,155090,155090,155090,158640,155090,155090,155090,155090,155030,159000,159000,159000,159000,159000,159000
56151560,G.SKILL DDR5-5600 CL30 RIPJAWS M5 RGB 블랙 패키지,G.SKILL RIPJAWS M5 RGB 블랙 패키지,DDR5,5600,CL30,64GB(32GX2),64,316340,316260,316160,316140,316020,315900,315780,315660,315540,315420,315300,315180,321700,324890,324890,324890,324890,324890,331540,324890,324890,324890,324890,324840,333000,333000,333000,333000,333000,333000
56151560,G.SKILL DDR5-5600 CL30 RIPJAWS M5 RGB 블랙 패키지,G.SKILL RIPJAWS M5 RGB 블랙 패키지,DDR5,5600,CL30,32GB(16GX2),32,169100,169010,168910,168880,168770,168650,168530,168410,168290,168170,168050,167930,171910,173690,173690,173690,173690,173690,177640,173690,173690,173690,173690,173640,178000,178000,178000,178000,178000,178000
56151557,G.SKILL DDR5-5600 CL30 RIPJAWS M5 RGB 블랙 패키지,G.SKILL RIPJAWS M5 RGB 블랙 패키지,DDR5,5600,CL30,64GB(32GX2),64,0,0,0,0,0,0,0,0,0,0,0,0,0,0,0,0,0,0,0,0,0,0,0,0,0,0,333000,333000,333000,333000
56151557,G.SKILL DDR5-5600 CL30 RIPJAWS M5 RGB 블랙 패키지,G.SKILL RIPJAWS M5 RGB 블랙 패키지,DDR5,5600,CL30,32GB(16GX2),32,0,0,0,0,0,0,0,0,0,0,0,0,0,0,0,0,0,0,0,0,0,0,0,0,0,0,178000,178000,178000,178000
56151722,G.SKILL DDR5-5600 CL30 RIPJAWS M5 RGB 화이트 패키지,G.SKILL RIPJAWS M5 RGB 화이트 패키지,DDR5,5600,CL30,64GB(32GX2),64,316340,316260,316160,316130,316020,315900,315780,315660,315540,315420,315300,315180,321700,324890,324890,324890,324890,324890,331540,324890,324890,324890,324890,324840,333000,333000,333000,333000,333000,333000
56151722,G.SKILL DDR5-5600 CL30 RIPJAWS M5 RGB 화이트 패키지,G.SKILL RIPJAWS M5 RGB 화이트 패키지,DDR5,5600,CL30,32GB(16GX2),32,169100,169010,168910,168880,168770,168650,168530,168410,168290,168170,168050,167930,171910,173690,173690,173690,173690,173690,177640,173690,173690,173690,173690,173630,178000,178000,178000,178000,178000,178000
56151710,G.SKILL DDR5-5600 CL30 RIPJAWS M5 RGB 화이트 패키지,G.SKILL RIPJAWS M5 RGB 화이트 패키지,DDR5,5600,CL30,64GB(32GX2),64,316340,316260,316160,316130,0,0,0,0,0,0,0,0,0,0,0,0,0,0,0,0,0,0,0,0,0,0,0,0,0,0
56151710,G.SKILL DDR5-5600 CL30 RIPJAWS M5 RGB 화이트 패키지,G.SKILL RIPJAWS M5 RGB 화이트 패키지,DDR5,5600,CL30,32GB(16GX2),32,169100,169010,168910,168880,0,0,0,0,0,0,0,0,0,0,0,0,0,0,0,0,0,0,0,0,0,0,0,0,0,0
16875566,G.SKILL DDR5-5600 CL30 RIPJAWS S5 J 블랙 패키지,G.SKILL RIPJAWS S5 J 블랙 패키지,DDR5,5600,CL30,64GB(32GX2),64,305150,305120,305020,304990,304880,304760,304640,304520,0,0,0,0,304040,303920,303800,303680,303560,303440,303320,0,0,0,0,302720,307980,307970,307960,307950,307940,307930
16875566,G.SKILL DDR5-5600 CL30 RIPJAWS S5 J 블랙 패키지,G.SKILL RIPJAWS S5 J 블랙 패키지,DDR5,5600,CL30,32GB(16GX2),32,166340,166280,166200,166090,165970,165880,164890,164890,0,0,0,0,164900,164900,164900,164900,164900,164900,166150,0,0,0,0,164890,164820,164730,164720,164690,164570,164450
17138720,G.SKILL DDR5-5600 CL30 RIPJAWS S5 J 블랙 패키지,G.SKILL RIPJAWS S5 J 블랙 패키지,DDR5,5600,CL30,64GB(32GX2),64,0,0,0,0,0,0,0,0,304400,304280,304190,304160,0,0,0,0,0,0,0,303200,303080,302960,302840,0,0,0,0,0,0,0
17138720,G.SKILL DDR5-5600 CL30 RIPJAWS S5 J 블랙 패키지,G.SKILL RIPJAWS S5 J 블랙 패키지,DDR5,5600,CL30,32GB(16GX2),32,0,0,0,0,0,0,0,0,164890,164890,166130,164890,0,0,0,0,0,0,0,164890,164890,164890,164890,0,0,0,0,0,0,0
16875797,G.SKILL DDR5-5600 CL30 RIPJAWS S5 J 화이트 패키지,G.SKILL RIPJAWS S5 J 화이트 패키지,DDR5,5600,CL30,64GB(32GX2),64,315880,315870,315830,315720,315600,315480,310290,310290,310290,310290,315610,310290,310300,310300,0,0,0,0,0,0,0,0,0,0,0,0,307950,307940,307930,307900
16875797,G.SKILL DDR5-5600 CL30 RIPJAWS S5 J 화이트 패키지,G.SKILL RIPJAWS S5 J 화이트 패키지,DDR5,5600,CL30,32GB(16GX2),32,166840,166780,166700,166590,166470,166350,164890,164890,164890,164890,166130,164890,164900,164900,0,0,0,0,0,0,0,0,0,0,0,0,164780,164770,164760,164730
17138798,G.SKILL DDR5-5600 CL30 RIPJAWS S5 J 화이트 패키지,G.SKILL RIPJAWS S5 J 화이트 패키지,DDR5,5600,CL30,64GB(32GX2),64,0,0,0,0,0,0,0,0,0,0,0,0,0,0,310300,310300,310300,310300,315060,308160,308090,308080,308080,308080,308010,307960,0,0,0,0
17138798,G.SKILL DDR5-5600 CL30 RIPJAWS S5 J 화이트 패키지,G.SKILL RIPJAWS S5 J 화이트 패키지,DDR5,5600,CL30,32GB(16GX2),32,0,0,0,0,0,0,0,0,0,0,0,0,0,0,164900,164900,164900,164900,166150,164890,164890,164890,164890,164890,164820,164790,0,0,0,0
17139173,G.SKILL DDR5-5600 CL30 TRIDENT Z5 RGB J 실버 패키지,G.SKILL TRIDENT Z5 RGB J 실버 패키지,DDR5,5600,CL30,32GB(16GX2),32,184000,184000,184000,183900,183900,183900,179500,179500,179500,183400,183400,179500,179500,179500,179500,179500,179500,179500,183400,183400,179500,179500,179500,183400,183400,183400,183400,183400,183400,183400
17139083,G.SKILL DDR5-5600 CL30 TRIDENT Z5 RGB J 패키지,G.SKILL TRIDENT Z5 RGB J 패키지,DDR5,5600,CL30,64GB(32GX2),64,337760,337760,337760,337760,337760,0,329800,329800,329800,336800,0,0,0,0,0,0,0,0,0,336800,329800,329800,329800,0,0,0,0,0,0,0
17139083,G.SKILL DDR5-5600 CL30 TRIDENT Z5 RGB J 패키지,G.SKILL TRIDENT Z5 RGB J 패키지,DDR5,5600,CL30,32GB(16GX2),32,183770,183770,183770,183770,183770,0,179500,179500,179500,183400,0,0,0,0,0,0,0,0,0,183400,179500,179500,179500,0,0,0,0,0,0,0
16875008,G.SKILL DDR5-5600 CL30 TRIDENT Z5 RGB J 패키지,G.SKILL TRIDENT Z5 RGB J 패키지,DDR5,5600,CL30,64GB(32GX2),64,0,0,0,0,0,337760,0,0,0,0,336800,329800,329800,329800,329800,329800,329800,329800,336800,0,0,0,0,336800,336800,336800,336800,336800,336800,336800
16875008,G.SKILL DDR5-5600 CL30 TRIDENT Z5 RGB J 패키지,G.SKILL TRIDENT Z5 RGB J 패키지,DDR5,5600,CL30,32GB(16GX2),32,0,0,0,0,0,183770,0,0,0,0,183400,179500,179500,179500,179500,179500,179500,179500,183400,0,0,0,0,183400,183400,183400,183400,183400,183400,183400
28241219,G.SKILL DDR5-5600 CL36 AEGIS 5,G.SKILL AEGIS 5,DDR5,5600,CL36,16GB,16,62890,62810,62710,62680,62570,62450,62330,62210,62090,61970,61850,61730,62550,62890,62890,62890,62890,62890,62890,62890,62890,62890,62890,62840,68000,68000,68000,66900,66900,68000
56151749,G.SKILL DDR5-5600 CL40 RIPJAWS M5 RGB 블랙 패키지,G.SKILL RIPJAWS M5 RGB 블랙 패키지,DDR5,5600,CL40,96GB(48GX2),96,463600,488000,488000,488000,488000,488000,476100,476100,476100,488000,488000,476100,476100,476100,476100,476100,476100,476100,488000,488000,476100,476100,476100,488000,488000,488000,488000,488000,488000,488000
56151770,G.SKILL DDR5-5600 CL40 RIPJAWS M5 RGB 화이트 패키지,G.SKILL RIPJAWS M5 RGB 화이트 패키지,DDR5,5600,CL40,96GB(48GX2),96,463600,488000,488000,488000,488000,488000,476100,476100,476100,488000,488000,476100,476100,476100,476100,476100,476100,476100,488000,488000,476100,476100,476100,488000,488000,488000,488000,488000,488000,488000
40551086,G.SKILL DDR5-5600 CL40 RIPJAWS S5 J 블랙 패키지,G.SKILL RIPJAWS S5 J 블랙 패키지,DDR5,5600,CL40,96GB(48GX2),96,473030,473000,472900,472890,472860,472740,466400,466400,0,0,0,0,466400,466400,466400,466400,466400,466400,0,0,0,0,0,0,0,0,0,0,0,0
40551086,G.SKILL DDR5-5600 CL40 RIPJAWS S5 J 블랙 패키지,G.SKILL RIPJAWS S5 J 블랙 패키지,DDR5,5600,CL40,48GB(24GX2),48,238390,236612,236612,236612,236612,236612,233200,233200,0,0,0,0,233200,233200,233200,233200,233200,233200,0,0,0,0,0,0,0,0,0,0,0,0
20339063,G.SKILL DDR5-5600 CL40 RIPJAWS S5 J 블랙 패키지,G.SKILL RIPJAWS S5 J 블랙 패키지,DDR5,5600,CL40,96GB(48GX2),96,0,0,0,0,0,0,0,0,466400,473160,473110,466400,0,0,0,0,0,0,473224,473224,466400,466400,466400,468004,468004,468004,468000,468000,468000,473210
20339063,G.SKILL DDR5-5600 CL40 RIPJAWS S5 J 블랙 패키지,G.SKILL RIPJAWS S5 J 블랙 패키지,DDR5,5600,CL40,48GB(24GX2),48,0,0,0,0,0,0,0,0,233200,236612,236612,233200,0,0,0,0,0,0,236612,236612,233200,233200,229002,229002,229002,229002,229002,234900,236610,236610
20339087,G.SKILL DDR5-5600 CL40 TRIDENT Z5 RGB J 패키지,G.SKILL TRIDENT Z5 RGB J 패키지,DDR5,5600,CL40,48GB(24GX2),48,255220,255220,255220,255220,255220,255220,252690,252690,252690,252690,255220,252700,252700,252700,252700,252700,252700,252700,255220,255220,252700,252700,249008,249008,249008,249008,249000,249000,250230,255220
40022765,G.SKILL DDR5-6000 CL30 FLARE X5 J 패키지,G.SKILL FLARE X5 J 패키지,DDR5,6000,CL30,64GB(32GX2),64,324800,325710,325710,325710,325710,325710,320980,320980,321000,325710,325712,321000,321000,320990,320990,320990,320990,321000,325712,325712,321000,320990,319002,319002,319002,319002,319000,319000,319000,325710
40022765,G.SKILL DDR5-6000 CL30 FLARE X5 J 패키지,G.SKILL FLARE X5 J 패키지,DDR5,6000,CL30,32GB(16GX2),32,168990,167318,167318,167318,167318,167318,164900,164900,164900,167318,167318,167318,167318,167318,167318,167318,167318,167318,167318,167318,167318,167318,159008,159008,159008,159008,159008,166100,167310,167310
56151878,G.SKILL DDR5-6000 CL30 RIPJAWS M5 RGB 블랙 패키지,G.SKILL RIPJAWS M5 RGB 블랙 패키지,DDR5,6000,CL30,64GB(32GX2),64,321090,321010,320910,320890,320770,320650,320530,320410,320290,320170,320050,319930,326480,329790,329790,329790,329790,329790,333200,329790,329790,329790,329790,329740,333200,333200,333200,333200,333200,333200
56151878,G.SKILL DDR5-6000 CL30 RIPJAWS M5 RGB 블랙 패키지,G.SKILL RIPJAWS M5 RGB 블랙 패키지,DDR5,6000,CL30,32GB(16GX2),32,171000,170910,170810,170780,170670,170550,170430,170310,170190,170070,169980,169950,173890,175590,175590,175590,175590,175590,177500,175590,175590,175590,175590,175540,177500,177500,177500,177500,177500,177500
56151800,G.SKILL DDR5-6000 CL30 RIPJAWS M5 RGB 블랙 패키지,G.SKILL RIPJAWS M5 RGB 블랙 패키지,DDR5,6000,CL30,64GB(32GX2),64,0,0,0,0,320770,320650,320530,320410,320290,320170,320050,319930,0,0,329790,329790,329790,0,0,0,0,0,0,0,0,0,0,0,0,0
56151800,G.SKILL DDR5-6000 CL30 RIPJAWS M5 RGB 블랙 패키지,G.SKILL RIPJAWS M5 RGB 블랙 패키지,DDR5,6000,CL30,32GB(16GX2),32,0,0,0,0,170670,170550,170430,170310,170190,170070,169980,169950,0,0,175590,175590,175590,0,0,0,0,0,0,0,0,0,0,0,0,0
56151998,G.SKILL DDR5-6000 CL30 RIPJAWS M5 RGB 화이트 패키지,G.SKILL RIPJAWS M5 RGB 화이트 패키지,DDR5,6000,CL30,64GB(32GX2),64,321100,338000,338000,338000,338000,338000,329800,329800,329800,336400,336400,329800,329800,329800,329800,329800,329800,329800,336400,336400,329800,329800,329800,336400,336400,336400,336400,336400,336400,336400
56151998,G.SKILL DDR5-6000 CL30 RIPJAWS M5 RGB 화이트 패키지,G.SKILL RIPJAWS M5 RGB 화이트 패키지,DDR5,6000,CL30,32GB(16GX2),32,171000,180000,180000,180000,180000,180000,175590,175590,175600,177500,177500,175600,175600,177400,175600,175590,175590,175600,177500,177500,175600,175590,175600,177500,177500,177500,177500,177400,177400,177500
17000666,G.SKILL DDR5-6000 CL30 RIPJAWS S5 J 블랙 패키지,G.SKILL RIPJAWS S5 J 블랙 패키지,DDR5,6000,CL30,64GB(32GX2),64,327140,327120,327090,326960,326840,326720,324890,324890,324890,324890,328300,324900,324900,324900,324900,324900,324900,324900,328300,0,320770,320770,320770,320770,320760,320760,320760,320740,320720,320690
17000666,G.SKILL DDR5-6000 CL30 RIPJAWS S5 J 블랙 패키지,G.SKILL RIPJAWS S5 J 블랙 패키지,DDR5,6000,CL30,32GB(16GX2),32,171890,171860,171850,171850,171780,171660,169790,169790,169790,169790,171980,169790,169800,169800,169800,169800,169800,169800,172190,0,169790,169790,169790,169790,169720,169640,169610,169490,169370,169270
16875872,G.SKILL DDR5-6000 CL30 RIPJAWS S5 J 블랙 패키지,G.SKILL RIPJAWS S5 J 블랙 패키지,DDR5,6000,CL30,64GB(32GX2),64,0,0,0,0,0,0,0,0,0,0,0,0,0,0,0,0,0,0,0,320770,0,0,0,0,0,0,0,0,0,0
16875872,G.SKILL DDR5-6000 CL30 RIPJAWS S5 J 블랙 패키지,G.SKILL RIPJAWS S5 J 블랙 패키지,DDR5,6000,CL30,32GB(16GX2),32,0,0,0,0,0,0,0,0,0,0,0,0,0,0,0,0,0,0,0,169790,0,0,0,0,0,0,0,0,0,0
16875908,G.SKILL DDR5-6000 CL30 RIPJAWS S5 J 화이트 패키지,G.SKILL RIPJAWS S5 J 화이트 패키지,DDR5,6000,CL30,64GB(32GX2),64,317990,317990,318000,332990,332990,0,0,0,0,0,0,0,0,0,0,0,0,0,0,324890,324890,324890,324890,0,324700,324650,324640,324630,324620,324590
16875908,G.SKILL DDR5-6000 CL30 RIPJAWS S5 J 화이트 패키지,G.SKILL RIPJAWS S5 J 화이트 패키지,DDR5,6000,CL30,32GB(16GX2),32,171880,171870,171860,171850,171850,0,0,0,0,0,0,0,0,0,0,0,0,0,0,169790,169790,169790,169790,0,169720,169670,169660,169650,169640,169630
17000741,G.SKILL DDR5-6000 CL30 RIPJAWS S5 J 화이트 패키지,G.SKILL RIPJAWS S5 J 화이트 패키지,DDR5,6000,CL30,64GB(32GX2),64,0,0,0,0,0,332990,324900,324900,324900,331800,331800,324900,324900,324900,324900,324900,324900,324900,331800,0,0,0,0,324810,0,0,0,0,0,0
17000741,G.SKILL DDR5-6000 CL30 RIPJAWS S5 J 화이트 패키지,G.SKILL RIPJAWS S5 J 화이트 패키지,DDR5,6000,CL30,32GB(16GX2),32,0,0,0,0,0,171990,169800,169800,169800,173500,171890,169800,169800,169800,169800,169800,169800,169800,172260,0,0,0,0,169790,0,0,0,0,0,0
17139398,G.SKILL DDR5-6000 CL30 TRIDENT Z5 J 실버 패키지,G.SKILL TRIDENT Z5 J 실버 패키지,DDR5,6000,CL30,32GB(16GX2),32,184000,184000,184000,184000,184000,184000,179500,179500,179500,183400,183400,179500,179500,179500,179500,179500,179500,179500,183400,183400,179500,179500,179500,183400,183400,183400,183400,183400,183400,183400
17139356,G.SKILL DDR5-6000 CL30 TRIDENT Z5 J 패키지,G.SKILL TRIDENT Z5 J 패키지,DDR5,6000,CL30,64GB(32GX2),64,337750,337750,337750,337750,337750,337750,329790,329790,329790,329790,336800,329800,329800,329800,329800,329800,329800,329800,336800,336800,329800,329800,329800,336800,336800,336800,336800,336800,336800,336800
17139356,G.SKILL DDR5-6000 CL30 TRIDENT Z5 J 패키지,G.SKILL TRIDENT Z5 J 패키지,DDR5,6000,CL30,32GB(16GX2),32,181890,182160,181900,181890,181890,181890,179490,179490,179490,179490,181890,179490,179500,179500,179500,179500,179500,179500,182164,182164,179500,179500,174004,174004,174004,174004,174000,174000,177730,182160
40559801,G.SKILL DDR5-6000 CL30 TRIDENT Z5 NEO J 패키지,G.SKILL TRIDENT Z5 NEO J 패키지,DDR5,6000,CL30,64GB(32GX2),64,349000,345510,345500,345470,345390,345390,340500,340500,340500,345510,345510,340500,340500,340500,340500,340500,340500,340500,345518,0,340500,340500,339008,339008,339008,339008,339000,339000,339000,345510
40559801,G.SKILL DDR5-6000 CL30 TRIDENT Z5 NEO J 패키지,G.SKILL TRIDENT Z5 NEO J 패키지,DDR5,6000,CL30,32GB(16GX2),32,188928,187039,187039,187039,187039,187039,184400,184400,184400,187039,187039,184400,184400,184400,184400,184400,184400,184400,187039,0,184400,184400,178928,178928,178928,178928,178928,185760,187030,187030
17932031,G.SKILL DDR5-6000 CL30 TRIDENT Z5 NEO J 패키지,G.SKILL TRIDENT Z5 NEO J 패키지,DDR5,6000,CL30,64GB(32GX2),64,0,0,0,0,0,0,0,0,0,0,0,0,0,0,0,0,0,0,0,345518,0,0,0,0,0,0,0,0,0,0
17932031,G.SKILL DDR5-6000 CL30 TRIDENT Z5 NEO J 패키지,G.SKILL TRIDENT Z5 NEO J 패키지,DDR5,6000,CL30,32GB(16GX2),32,0,0,0,0,0,0,0,0,0,0,0,0,0,0,0,0,0,0,0,187039,0,0,0,0,0,0,0,0,0,0
40572260,G.SKILL DDR5-6000 CL30 TRIDENT Z5 NEO RGB J 패키지,G.SKILL TRIDENT Z5 NEO RGB J 패키지,DDR5,6000,CL30,64GB(32GX2),64,354400,355150,355130,355100,355010,354920,0,0,0,350290,355380,0,0,0,0,0,0,350290,355410,0,0,0,0,349002,349002,0,0,0,0,0
40572260,G.SKILL DDR5-6000 CL30 TRIDENT Z5 NEO RGB J 패키지,G.SKILL TRIDENT Z5 NEO RGB J 패키지,DDR5,6000,CL30,32GB(16GX2),32,192000,192060,192060,192060,192060,192060,0,0,0,192060,192067,0,0,0,0,0,0,189300,192067,0,0,0,0,184007,184007,0,0,0,0,0
17931836,G.SKILL DDR5-6000 CL30 TRIDENT Z5 NEO RGB J 패키지,G.SKILL TRIDENT Z5 NEO RGB J 패키지,DDR5,6000,CL30,64GB(32GX2),64,0,0,0,0,0,0,350280,350280,350290,0,0,350300,350290,350280,350280,350280,350280,0,0,350290,355410,355410,349002,0,0,349000,349000,349000,349000,355380
17931836,G.SKILL DDR5-6000 CL30 TRIDENT Z5 NEO RGB J 패키지,G.SKILL TRIDENT Z5 NEO RGB J 패키지,DDR5,6000,CL30,32GB(16GX2),32,0,0,0,0,0,0,189290,189290,189300,0,0,189300,189300,189200,189200,189200,189200,0,0,192067,189300,189290,184007,0,0,184007,184007,187390,192040,192030
40579721,G.SKILL DDR5-6000 CL30 TRIDENT Z5 NEO RGB J 화이트 패키지,G.SKILL TRIDENT Z5 NEO RGB J 화이트 패키지,DDR5,6000,CL30,64GB(32GX2),64,367480,365230,365130,365120,365090,364970,359990,359890,359860,359740,359620,359500,359460,359990,359990,359990,359990,359990,365310,359990,359990,359990,359005,358950,359005,359005,359000,359000,359000,365260
40579721,G.SKILL DDR5-6000 CL30 TRIDENT Z5 NEO RGB J 화이트 패키지,G.SKILL TRIDENT Z5 NEO RGB J 화이트 패키지,DDR5,6000,CL30,32GB(16GX2),32,196500,198520,198500,198470,198380,198290,194150,194150,194140,194050,193960,193920,194190,194100,194100,194100,194100,194190,198540,194190,194190,194180,194190,194140,194360,194340,194300,194230,194200,194200
17001281,G.SKILL DDR5-6000 CL30 TRIDENT Z5 RGB J 실버 패키지,G.SKILL TRIDENT Z5 RGB J 실버 패키지,DDR5,6000,CL30,64GB(32GX2),64,337240,337230,0,0,0,0,0,0,0,0,0,0,0,0,334700,334700,334700,334700,0,0,0,0,0,0,0,334580,334560,334530,334410,334310
17001281,G.SKILL DDR5-6000 CL30 TRIDENT Z5 RGB J 실버 패키지,G.SKILL TRIDENT Z5 RGB J 실버 패키지,DDR5,6000,CL30,32GB(16GX2),32,188780,188760,0,0,0,0,0,0,0,0,0,0,0,0,184400,184400,184400,184400,0,0,0,0,0,0,0,184270,184260,184250,184240,184230
16875464,G.SKILL DDR5-6000 CL30 TRIDENT Z5 RGB J 실버 패키지,G.SKILL TRIDENT Z5 RGB J 실버 패키지,DDR5,6000,CL30,64GB(32GX2),64,0,0,337220,337190,337080,336960,334690,334690,334690,334690,338980,334700,334700,334700,0,0,0,0,341800,334690,334690,334690,334690,334690,334620,0,0,0,0,0
16875464,G.SKILL DDR5-6000 CL30 TRIDENT Z5 RGB J 실버 패키지,G.SKILL TRIDENT Z5 RGB J 실버 패키지,DDR5,6000,CL30,32GB(16GX2),32,0,0,188750,188730,188620,188500,184390,184390,184390,184390,186400,184390,184400,184400,0,0,0,0,186400,184390,184390,184390,184390,184390,184320,0,0,0,0,0
17001209,G.SKILL DDR5-6000 CL30 TRIDENT Z5 RGB J 패키지,G.SKILL TRIDENT Z5 RGB J 패키지,DDR5,6000,CL30,64GB(32GX2),64,336290,336280,336270,336240,336130,336010,334690,334690,334690,0,0,0,0,0,0,0,0,0,338200,334690,334690,334690,334690,334690,334620,334570,334560,334550,334540,334510
17001209,G.SKILL DDR5-6000 CL30 TRIDENT Z5 RGB J 패키지,G.SKILL TRIDENT Z5 RGB J 패키지,DDR5,6000,CL30,32GB(16GX2),32,186590,186500,186410,186300,186180,186060,184390,184290,184260,0,0,0,0,0,0,0,0,0,185360,184390,184390,184390,184390,184390,184320,184230,184220,184210,184200,184170
16873946,G.SKILL DDR5-6000 CL30 TRIDENT Z5 RGB J 패키지,G.SKILL TRIDENT Z5 RGB J 패키지,DDR5,6000,CL30,64GB(32GX2),64,0,0,0,0,0,0,0,0,0,334690,338200,334690,334700,334700,334700,334700,334700,334700,0,0,0,0,0,0,0,0,0,0,0,0
16873946,G.SKILL DDR5-6000 CL30 TRIDENT Z5 RGB J 패키지,G.SKILL TRIDENT Z5 RGB J 패키지,DDR5,6000,CL30,32GB(16GX2),32,0,0,0,0,0,0,0,0,0,184140,184020,184390,184390,184390,184390,184390,184390,184390,0,0,0,0,0,0,0,0,0,0,0,0
21639437,G.SKILL DDR5-6000 CL30 TRIDENT Z5 RGB 화이트 패키지,G.SKILL TRIDENT Z5 RGB 화이트 패키지,DDR5,6000,CL30,64GB(32GX2),64,325840,325760,325660,325630,325520,325400,325280,325160,325040,324920,324800,324680,331360,334690,334690,334690,334690,334690,338200,334690,334690,334690,334690,334690,338200,338200,338200,338200,338200,338200
17931401,G.SKILL DDR5-6000 CL32 FLARE X5 J 패키지,G.SKILL FLARE X5 J 패키지,DDR5,6000,CL32,32GB(16GX2),32,167000,165332,165332,165332,165332,165332,162900,162900,162900,165332,165332,162900,162900,162900,162900,162900,162900,162900,165332,165332,165332,165332,157002,157002,157002,157002,157002,164140,165330,165330
17932046,G.SKILL DDR5-6000 CL32 TRIDENT Z5 NEO J 패키지,G.SKILL TRIDENT Z5 NEO J 패키지,DDR5,6000,CL32,32GB(16GX2),32,187000,185138,185138,185138,185138,185138,182400,182400,182400,185138,185138,182400,182400,182400,182400,182400,182400,182400,185138,185138,182400,182400,177008,177008,177008,177008,177008,183800,185130,185130
18610958,G.SKILL DDR5-6000 CL32 TRIDENT Z5 NEO RGB J 패키지,G.SKILL TRIDENT Z5 NEO RGB J 패키지,DDR5,6000,CL32,64GB(32GX2),64,344520,342890,341850,340280,338720,337750,337640,337520,337400,337780,337780,337380,340500,340500,340500,340500,340500,340500,344100,344100,340500,340500,340500,344100,344100,344100,344100,344050,344050,344100
18610958,G.SKILL DDR5-6000 CL32 TRIDENT Z5 NEO RGB J 패키지,G.SKILL TRIDENT Z5 NEO RGB J 패키지,DDR5,6000,CL32,32GB(16GX2),32,192000,192000,192000,192000,192000,192000,187300,187300,187300,192000,192000,187300,187300,187300,187300,187300,187300,187300,192000,192000,187300,187300,187300,191990,191920,191870,191860,190000,190000,191800
51541061,G.SKILL DDR5-6000 CL32 TRIDENT Z5 RGB J 화이트 패키지,G.SKILL TRIDENT Z5 RGB J 화이트 패키지,DDR5,6000,CL32,32GB(16GX2),32,179540,179460,179370,179340,179220,179100,178980,178860,178740,178620,178500,178380,182610,184390,184390,184390,184390,184390,188090,184390,184390,184390,184390,184330,188450,188450,188450,188450,188450,188450
17931533,G.SKILL DDR5-6000 CL36 FLARE X5 J 패키지,G.SKILL FLARE X5 J 패키지,DDR5,6000,CL36,32GB(16GX2),32,162000,162350,162330,162290,162200,162120,159900,159900,159940,159850,159770,159730,156780,156720,156700,156700,156700,156700,156710,162367,161000,161000,154007,154007,154007,154007,154000,154000,158410,162360
16192574,G.SKILL DDR5-6000 CL36 TRIDENT Z5 J 실버 패키지,G.SKILL TRIDENT Z5 J 실버 패키지,DDR5,6000,CL36,32GB(16GX2),32,188910,188900,188890,189000,189000,189000,184400,184400,184400,188990,189000,184400,184400,184400,184400,184400,184400,184400,189000,184390,184390,184390,184390,184390,184320,184300,184270,184150,184030,183930
16192424,G.SKILL DDR5-6000 CL36 TRIDENT Z5 J 패키지,G.SKILL TRIDENT Z5 J 패키지,DDR5,6000,CL36,32GB(16GX2),32,181300,181290,181280,181270,181240,181120,181000,180880,180760,180640,180550,180520,180430,180400,180280,180160,180040,179920,179800,179680,179560,179540,179005,178960,179005,179005,179000,179000,182610,185990
17932061,G.SKILL DDR5-6000 CL36 TRIDENT Z5 NEO J 패키지,G.SKILL TRIDENT Z5 NEO J 패키지,DDR5,6000,CL36,32GB(16GX2),32,181300,181280,181270,181250,181140,181020,180900,180780,180660,180540,180450,180420,180330,180300,180180,180060,179940,179820,179700,179590,184390,184390,184390,184390,184320,184280,184260,184250,184240,184210
17931893,G.SKILL DDR5-6000 CL36 TRIDENT Z5 NEO RGB J 패키지,G.SKILL TRIDENT Z5 NEO RGB J 패키지,DDR5,6000,CL36,32GB(16GX2),32,184300,184210,184110,188890,188900,194000,189300,189300,189300,194000,191900,189300,189300,189300,189300,189300,189300,189300,194000,194000,189300,189300,189300,191890,191890,191890,191890,191890,191890,193500
16193702,G.SKILL DDR5-6000 CL36 TRIDENT Z5 RGB J 실버 패키지,G.SKILL TRIDENT Z5 RGB J 실버 패키지,DDR5,6000,CL36,32GB(16GX2),32,184090,184070,189630,189180,186690,186680,187180,187180,187180,187290,187090,187090,187090,187090,187090,187090,187090,187090,187090,184680,184680,184680,184680,184680,184670,184670,184670,184650,184650,184610
16193474,G.SKILL DDR5-6000 CL36 TRIDENT Z5 RGB J 패키지,G.SKILL TRIDENT Z5 RGB J 패키지,DDR5,6000,CL36,32GB(16GX2),32,183490,183480,183470,183440,183330,183210,183090,182990,182870,192000,189800,187300,187300,187290,187290,187290,187290,187300,192000,187290,187290,187280,187290,187240,187200,187170,187150,187130,187100,187100
15980600,G.SKILL DDR5-6000 CL36 TRIDENT Z5 RGB 실버 패키지,G.SKILL TRIDENT Z5 RGB 실버 패키지,DDR5,6000,CL36,32GB(16GX2),32,187150,187150,192000,192000,192000,192000,192000,192000,192000,192000,192000,192000,192000,192000,192000,192000,192000,192000,192000,192000,192000,192000,192000,192000,192000,192000,192000,192000,192000,192000
15980393,G.SKILL DDR5-6000 CL36 TRIDENT Z5 RGB 패키지,G.SKILL TRIDENT Z5 RGB 패키지,DDR5,6000,CL36,32GB(16GX2),32,182400,182400,192000,192000,192000,192000,192000,192000,192000,192000,192000,192000,192000,192000,192000,192000,192000,192000,192000,192000,192000,192000,192000,192000,192000,192000,192000,192000,192000,192000
21639443,G.SKILL DDR5-6000 CL36 TRIDENT Z5 RGB 화이트 패키지,G.SKILL TRIDENT Z5 RGB 화이트 패키지,DDR5,6000,CL36,32GB(16GX2),32,182390,182370,182340,182240,182130,182010,181890,181770,181650,181530,181410,181290,181200,181170,181050,180930,180810,180690,180570,180450,180330,180210,180090,179980,189890,189890,189890,189890,189890,192000
20339126,G.SKILL DDR5-6000 CL40 RIPJAWS S5 J 블랙 패키지,G.SKILL RIPJAWS S5 J 블랙 패키지,DDR5,6000,CL40,48GB(24GX2),48,239000,239000,239000,246515,246515,246515,242900,242900,242900,246515,246515,242900,242900,242900,242900,242900,242900,242900,246515,246515,242900,242900,239005,239005,239005,239005,239005,244730,246510,246510
16192616,G.SKILL DDR5-6000 CL40 TRIDENT Z5 J 실버 패키지,G.SKILL TRIDENT Z5 J 실버 패키지,DDR5,6000,CL40,32GB(16GX2),32,359700,359700,359700,359700,359700,359700,359700,359700,359700,359700,359700,359700,359700,359700,359700,359700,359700,359700,359700,359700,359700,359700,359700,359700,359700,359700,359700,359700,359700,359700
20339144,G.SKILL DDR5-6000 CL40 TRIDENT Z5 RGB J 패키지,G.SKILL TRIDENT Z5 RGB J 패키지,DDR5,6000,CL40,48GB(24GX2),48,236310,236300,236290,236260,236150,236030,233200,233200,233200,236550,236500,233200,233200,233200,233200,233200,233200,233200,236612,236612,233200,233200,229002,229002,229002,229002,229000,229000,230910,236600
67847120,G.SKILL DDR5-6400 CL30 TRIDENT Z5 NEO RGB J 패키지,G.SKILL TRIDENT Z5 NEO RGB J 패키지,DDR5,6400,CL30,32GB(16GX2),32,0,0,0,0,0,0,0,0,0,0,0,0,0,0,0,0,0,0,0,0,0,0,0,0,0,0,0,0,0,1000000
56152076,G.SKILL DDR5-6400 CL32 RIPJAWS M5 RGB 블랙 패키지,G.SKILL RIPJAWS M5 RGB 블랙 패키지,DDR5,6400,CL32,96GB(48GX2),96,548990,548990,548990,548990,548990,548990,535590,535590,535590,535590,547100,535600,535600,535600,535600,535600,535600,535600,547100,547100,535600,535600,535600,547100,547100,547040,547040,547040,547040,547040
56152076,G.SKILL DDR5-6400 CL32 RIPJAWS M5 RGB 블랙 패키지,G.SKILL RIPJAWS M5 RGB 블랙 패키지,DDR5,6400,CL32,64GB(32GX2),64,348000,348000,348000,348000,348000,348000,339600,339600,339600,346800,346800,339600,339600,339600,339600,339600,339600,339600,346800,346800,339600,339600,339600,346800,346800,346800,346800,346800,346800,346800
56152076,G.SKILL DDR5-6400 CL32 RIPJAWS M5 RGB 블랙 패키지,G.SKILL RIPJAWS M5 RGB 블랙 패키지,DDR5,6400,CL32,32GB(16GX2),32,184000,184000,184000,184000,184000,184000,179500,179500,179500,183400,183400,179500,179500,179500,179500,179500,179500,179500,183400,183400,179500,179500,179500,183400,183400,183400,183400,183400,183400,183400
56152034,G.SKILL DDR5-6400 CL32 RIPJAWS M5 RGB 블랙 패키지,G.SKILL RIPJAWS M5 RGB 블랙 패키지,DDR5,6400,CL32,96GB(48GX2),96,0,0,0,0,0,0,0,0,0,0,0,0,0,0,0,535600,535600,535600,547100,0,0,0,0,0,0,0,547040,547040,547040,547040
56152034,G.SKILL DDR5-6400 CL32 RIPJAWS M5 RGB 블랙 패키지,G.SKILL RIPJAWS M5 RGB 블랙 패키지,DDR5,6400,CL32,64GB(32GX2),64,0,0,0,0,0,0,0,0,0,0,0,0,0,0,0,339600,339600,339600,346800,0,0,0,0,0,0,0,346800,346800,346800,346800
56152034,G.SKILL DDR5-6400 CL32 RIPJAWS M5 RGB 블랙 패키지,G.SKILL RIPJAWS M5 RGB 블랙 패키지,DDR5,6400,CL32,32GB(16GX2),32,0,0,0,0,0,0,0,0,0,0,0,0,0,0,0,179500,179500,179500,183400,0,0,0,0,0,0,0,183400,183400,183400,183400
56152055,G.SKILL DDR5-6400 CL32 RIPJAWS M5 RGB 블랙 패키지,G.SKILL RIPJAWS M5 RGB 블랙 패키지,DDR5,6400,CL32,96GB(48GX2),96,0,0,0,0,0,0,0,0,0,0,0,0,0,0,0,0,0,0,0,547100,535600,535600,535600,547100,547100,547040,0,0,0,0
56152055,G.SKILL DDR5-6400 CL32 RIPJAWS M5 RGB 블랙 패키지,G.SKILL RIPJAWS M5 RGB 블랙 패키지,DDR5,6400,CL32,64GB(32GX2),64,0,0,0,0,0,0,0,0,0,0,0,0,0,0,0,0,0,0,0,346800,339600,339600,339600,346800,346800,346800,0,0,0,0
56152055,G.SKILL DDR5-6400 CL32 RIPJAWS M5 RGB 블랙 패키지,G.SKILL RIPJAWS M5 RGB 블랙 패키지,DDR5,6400,CL32,32GB(16GX2),32,0,0,0,0,0,0,0,0,0,0,0,0,0,0,0,0,0,0,0,183400,179500,179500,179500,183400,183400,183400,0,0,0,0
56152154,G.SKILL DDR5-6400 CL32 RIPJAWS M5 RGB 화이트 패키지,G.SKILL RIPJAWS M5 RGB 화이트 패키지,DDR5,6400,CL32,96GB(48GX2),96,549000,549000,549000,549000,549000,549000,535600,535600,535600,548990,549000,535600,535600,535600,535600,535600,535600,535600,549000,549000,535600,535600,535600,549000,548990,548990,548990,548990,548990,548990
56152154,G.SKILL DDR5-6400 CL32 RIPJAWS M5 RGB 화이트 패키지,G.SKILL RIPJAWS M5 RGB 화이트 패키지,DDR5,6400,CL32,64GB(32GX2),64,348000,348000,348000,348000,348000,348000,339600,339600,339600,348000,348000,339600,339600,339600,339600,339600,339600,339600,348000,348000,339600,339600,339600,348000,347990,347990,347990,347990,347990,347990
56152154,G.SKILL DDR5-6400 CL32 RIPJAWS M5 RGB 화이트 패키지,G.SKILL RIPJAWS M5 RGB 화이트 패키지,DDR5,6400,CL32,32GB(16GX2),32,184000,184000,184000,184000,184000,184000,179500,179500,179500,184000,184000,179500,179500,179500,179500,179500,179500,179500,184000,184000,179500,179500,179500,184000,183990,183990,183990,183990,183990,183990
56152124,G.SKILL DDR5-6400 CL32 RIPJAWS M5 RGB 화이트 패키지,G.SKILL RIPJAWS M5 RGB 화이트 패키지,DDR5,6400,CL32,96GB(48GX2),96,549000,549000,549000,549000,549000,549000,535600,535600,535600,548990,549000,535600,0,0,0,0,0,0,0,0,0,535600,535600,549000,548990,548990,548990,548990,548990,548990
56152124,G.SKILL DDR5-6400 CL32 RIPJAWS M5 RGB 화이트 패키지,G.SKILL RIPJAWS M5 RGB 화이트 패키지,DDR5,6400,CL32,64GB(32GX2),64,348000,348000,348000,348000,348000,348000,339600,339600,339600,348000,348000,339600,0,0,0,0,0,0,0,0,0,339600,339600,348000,347990,347990,347990,347990,347990,347990
56152124,G.SKILL DDR5-6400 CL32 RIPJAWS M5 RGB 화이트 패키지,G.SKILL RIPJAWS M5 RGB 화이트 패키지,DDR5,6400,CL32,32GB(16GX2),32,184000,184000,184000,184000,184000,184000,179500,179500,179500,184000,184000,179500,0,0,0,0,0,0,0,0,0,179500,179500,184000,183990,183990,183990,183990,183990,183990
56152106,G.SKILL DDR5-6400 CL32 RIPJAWS M5 RGB 화이트 패키지,G.SKILL RIPJAWS M5 RGB 화이트 패키지,DDR5,6400,CL32,96GB(48GX2),96,0,0,0,0,0,0,0,0,0,0,0,0,535600,535600,0,0,0,0,0,0,0,0,0,0,0,0,0,0,0,0
56152106,G.SKILL DDR5-6400 CL32 RIPJAWS M5 RGB 화이트 패키지,G.SKILL RIPJAWS M5 RGB 화이트 패키지,DDR5,6400,CL32,64GB(32GX2),64,0,0,0,0,0,0,0,0,0,0,0,0,339600,339600,0,0,0,0,0,0,0,0,0,0,0,0,0,0,0,0
56152106,G.SKILL DDR5-6400 CL32 RIPJAWS M5 RGB 화이트 패키지,G.SKILL RIPJAWS M5 RGB 화이트 패키지,DDR5,6400,CL32,32GB(16GX2),32,0,0,0,0,0,0,0,0,0,0,0,0,179500,179500,0,0,0,0,0,0,0,0,0,0,0,0,0,0,0,0
16272947,G.SKILL DDR5-6400 CL32 TRIDENT Z5 J 실버 패키지,G.SKILL TRIDENT Z5 J 실버 패키지,DDR5,6400,CL32,32GB(16GX2),32,189000,189000,189000,189000,189000,189000,184400,184400,184400,189000,189000,184400,184400,184400,184400,184400,184400,184400,189000,189000,184400,184400,184400,189000,188990,188990,188990,188990,188990,188990
16272770,G.SKILL DDR5-6400 CL32 TRIDENT Z5 J 패키지,G.SKILL TRIDENT Z5 J 패키지,DDR5,6400,CL32,32GB(16GX2),32,189000,189000,189000,189000,189000,189000,184400,184400,184400,189000,189000,184400,184400,184400,184400,184400,184400,184400,189000,189000,184400,184400,184400,189000,188990,188990,188990,188990,188990,188990
16272884,G.SKILL DDR5-6400 CL32 TRIDENT Z5 RGB J 실버 패키지,G.SKILL TRIDENT Z5 RGB J 실버 패키지,DDR5,6400,CL32,96GB(48GX2),96,578990,573210,573215,573215,573215,573215,0,0,0,0,0,0,0,0,0,0,564900,0,0,0,0,0,564900,569005,0,0,0,0,0,0
16272884,G.SKILL DDR5-6400 CL32 TRIDENT Z5 RGB J 실버 패키지,G.SKILL TRIDENT Z5 RGB J 실버 패키지,DDR5,6400,CL32,64GB(32GX2),64,355300,355300,361520,361520,361530,361530,0,0,0,0,0,0,0,0,0,0,354200,0,0,0,0,0,354200,363000,0,0,0,0,0,0
16272884,G.SKILL DDR5-6400 CL32 TRIDENT Z5 RGB J 실버 패키지,G.SKILL TRIDENT Z5 RGB J 실버 패키지,DDR5,6400,CL32,32GB(16GX2),32,190000,190000,192067,192067,192067,192067,0,0,0,0,0,0,0,0,0,0,189300,0,0,0,0,0,184007,184007,0,0,0,0,0,0
20019728,G.SKILL DDR5-6400 CL32 TRIDENT Z5 RGB J 실버 패키지,G.SKILL TRIDENT Z5 RGB J 실버 패키지,DDR5,6400,CL32,96GB(48GX2),96,0,0,0,0,0,0,564900,564900,564900,573215,573215,564900,564900,564900,564900,564900,0,564900,573215,0,0,564900,0,0,569005,569005,569000,569000,569000,573210
20019728,G.SKILL DDR5-6400 CL32 TRIDENT Z5 RGB J 실버 패키지,G.SKILL TRIDENT Z5 RGB J 실버 패키지,DDR5,6400,CL32,64GB(32GX2),64,0,0,0,0,0,0,354200,354200,354200,363000,363000,354200,354200,354200,354200,354200,0,354200,363000,0,0,354200,0,0,362990,362990,362990,362990,362990,362990
20019728,G.SKILL DDR5-6400 CL32 TRIDENT Z5 RGB J 실버 패키지,G.SKILL TRIDENT Z5 RGB J 실버 패키지,DDR5,6400,CL32,32GB(16GX2),32,0,0,0,0,0,0,189300,189300,189300,192067,192067,189300,189300,189300,189300,189300,0,189300,192067,0,0,189300,0,0,184007,184007,184007,189590,192060,192060
18036599,G.SKILL DDR5-6400 CL32 TRIDENT Z5 RGB J 실버 패키지,G.SKILL TRIDENT Z5 RGB J 실버 패키지,DDR5,6400,CL32,96GB(48GX2),96,0,0,0,0,0,0,0,0,0,0,0,0,0,0,0,0,0,0,0,573215,564900,0,0,0,0,0,0,0,0,0
18036599,G.SKILL DDR5-6400 CL32 TRIDENT Z5 RGB J 실버 패키지,G.SKILL TRIDENT Z5 RGB J 실버 패키지,DDR5,6400,CL32,64GB(32GX2),64,0,0,0,0,0,0,0,0,0,0,0,0,0,0,0,0,0,0,0,363000,354200,0,0,0,0,0,0,0,0,0
18036599,G.SKILL DDR5-6400 CL32 TRIDENT Z5 RGB J 실버 패키지,G.SKILL TRIDENT Z5 RGB J 실버 패키지,DDR5,6400,CL32,32GB(16GX2),32,0,0,0,0,0,0,0,0,0,0,0,0,0,0,0,0,0,0,0,192067,189300,0,0,0,0,0,0,0,0,0
20019680,G.SKILL DDR5-6400 CL32 TRIDENT Z5 RGB J 패키지,G.SKILL TRIDENT Z5 RGB J 패키지,DDR5,6400,CL32,96GB(48GX2),96,579000,573215,573215,573215,573215,0,0,0,0,0,0,0,0,0,0,0,0,0,0,0,0,0,0,0,0,0,0,0,0,0
20019680,G.SKILL DDR5-6400 CL32 TRIDENT Z5 RGB J 패키지,G.SKILL TRIDENT Z5 RGB J 패키지,DDR5,6400,CL32,64GB(32GX2),64,362990,362910,362810,363000,363000,0,0,0,0,0,0,0,0,0,0,0,0,0,0,0,0,0,0,0,0,0,0,0,0,0
20019680,G.SKILL DDR5-6400 CL32 TRIDENT Z5 RGB J 패키지,G.SKILL TRIDENT Z5 RGB J 패키지,DDR5,6400,CL32,32GB(16GX2),32,189990,189970,189960,192067,192067,0,0,0,0,0,0,0,0,0,0,0,0,0,0,0,0,0,0,0,0,0,0,0,0,0
18036602,G.SKILL DDR5-6400 CL32 TRIDENT Z5 RGB J 패키지,G.SKILL TRIDENT Z5 RGB J 패키지,DDR5,6400,CL32,96GB(48GX2),96,0,0,0,0,0,573215,564900,564900,564900,573215,573215,564900,564900,564900,0,0,0,0,0,0,564900,564900,564900,569005,569005,569005,569000,569000,569000,573210
18036602,G.SKILL DDR5-6400 CL32 TRIDENT Z5 RGB J 패키지,G.SKILL TRIDENT Z5 RGB J 패키지,DDR5,6400,CL32,64GB(32GX2),64,0,0,0,0,0,363000,354200,354200,354200,363000,363000,354200,354200,354200,0,0,0,0,0,0,354200,354200,354200,363000,362990,362990,362990,358300,358300,362990
18036602,G.SKILL DDR5-6400 CL32 TRIDENT Z5 RGB J 패키지,G.SKILL TRIDENT Z5 RGB J 패키지,DDR5,6400,CL32,32GB(16GX2),32,0,0,0,0,0,192067,189300,189300,189300,192067,192067,189300,189300,189300,0,0,0,0,0,0,189300,189300,184007,184007,184007,184007,184007,190680,192060,192060
16272698,G.SKILL DDR5-6400 CL32 TRIDENT Z5 RGB J 패키지,G.SKILL TRIDENT Z5 RGB J 패키지,DDR5,6400,CL32,96GB(48GX2),96,0,0,0,0,0,0,0,0,0,0,0,0,0,0,564900,564900,564900,564900,573215,573215,0,0,0,0,0,0,0,0,0,0
16272698,G.SKILL DDR5-6400 CL32 TRIDENT Z5 RGB J 패키지,G.SKILL TRIDENT Z5 RGB J 패키지,DDR5,6400,CL32,64GB(32GX2),64,0,0,0,0,0,0,0,0,0,0,0,0,0,0,354200,354200,354200,354200,363000,200530,0,0,0,0,0,0,0,0,0,0
16272698,G.SKILL DDR5-6400 CL32 TRIDENT Z5 RGB J 패키지,G.SKILL TRIDENT Z5 RGB J 패키지,DDR5,6400,CL32,32GB(16GX2),32,0,0,0,0,0,0,0,0,0,0,0,0,0,0,189300,189300,189300,189300,192067,192067,0,0,0,0,0,0,0,0,0,0
21639455,G.SKILL DDR5-6400 CL32 TRIDENT Z5 RGB 화이트 패키지,G.SKILL TRIDENT Z5 RGB 화이트 패키지,DDR5,6400,CL32,64GB(32GX2),64,358300,360720,360720,362950,362860,362770,354150,354150,354200,363000,363000,354200,354200,354150,354150,354150,354150,354200,363000,0,0,0,0,363000,362990,362990,362990,360000,360000,362990
21639455,G.SKILL DDR5-6400 CL32 TRIDENT Z5 RGB 화이트 패키지,G.SKILL TRIDENT Z5 RGB 화이트 패키지,DDR5,6400,CL32,32GB(16GX2),32,184010,184010,184010,184010,184010,184010,184010,184010,184010,184010,184010,184010,184010,184010,184010,184010,184010,184010,184010,0,0,0,0,184010,184010,184010,184010,184010,184010,184010
21639452,G.SKILL DDR5-6400 CL32 TRIDENT Z5 RGB 화이트 패키지,G.SKILL TRIDENT Z5 RGB 화이트 패키지,DDR5,6400,CL32,64GB(32GX2),64,0,0,0,0,0,0,0,0,0,0,0,0,0,0,0,0,0,0,0,363000,354200,354190,354200,0,0,0,0,0,0,0
21639452,G.SKILL DDR5-6400 CL32 TRIDENT Z5 RGB 화이트 패키지,G.SKILL TRIDENT Z5 RGB 화이트 패키지,DDR5,6400,CL32,32GB(16GX2),32,0,0,0,0,0,0,0,0,0,0,0,0,0,0,0,0,0,0,0,184010,184010,184010,184010,0,0,0,0,0,0,0
58666523,G.SKILL DDR5-6400 CL32 TRIDENT Z5 ROYAL 실버 패키지,G.SKILL TRIDENT Z5 ROYAL 실버 패키지,DDR5,6400,CL32,64GB(32GX2),64,399000,399000,399000,399000,399000,399000,389300,389300,389300,378700,0,0,0,0,0,0,0,0,0,0,0,0,0,0,0,399000,398990,393900,393900,398990
58666523,G.SKILL DDR5-6400 CL32 TRIDENT Z5 ROYAL 실버 패키지,G.SKILL TRIDENT Z5 ROYAL 실버 패키지,DDR5,6400,CL32,32GB(16GX2),32,219000,219000,219000,219000,219000,219000,213700,213700,213700,219000,219000,213700,213700,213700,213700,213700,213700,213700,219000,219000,213700,213700,213700,219000,219000,219000,218990,216000,216000,218990
63144164,G.SKILL DDR5-6400 CL32 ZETA R5 ECC/REG 패키지,G.SKILL ZETA R5 ECC/REG 패키지,DDR5,6400,CL32,192GB(48GX4),192,2679990,2679990,2680000,2680000,2615100,0,2615100,2615100,2615100,2679990,2680000,2615100,2615100,2615100,2615100,2615100,2615100,2615100,2680000,2680000,2615100,2615100,2615100,2680000,2679990,2679990,2679990,2679990,2679990,2679990
63144164,G.SKILL DDR5-6400 CL32 ZETA R5 ECC/REG 패키지,G.SKILL ZETA R5 ECC/REG 패키지,DDR5,6400,CL32,128GB(32GX4),128,1799990,1799990,1800000,1800000,1756100,0,1756100,1756100,1756100,1800000,1800000,1756100,1756100,1756100,1756100,1756100,1756100,1756100,1800000,1800000,1756100,1756100,1756100,1800000,1799990,1799990,1799990,1799990,1799990,1799990
63144164,G.SKILL DDR5-6400 CL32 ZETA R5 ECC/REG 패키지,G.SKILL ZETA R5 ECC/REG 패키지,DDR5,6400,CL32,64GB(16GX4),64,880720,880720,880720,941000,941000,0,941000,941000,941000,941000,941000,941000,941000,941000,941000,941000,941000,941000,941000,941000,941000,941000,941000,941000,941000,880000,879990,879990,879990,879990
46101689,G.SKILL DDR5-6400 CL32 ZETA R5 ECC/REG 패키지,G.SKILL ZETA R5 ECC/REG 패키지,DDR5,6400,CL32,192GB(48GX4),192,0,0,0,0,0,2615100,0,0,0,0,0,0,0,0,0,0,0,0,0,0,0,0,0,0,0,0,0,0,0,0
46101689,G.SKILL DDR5-6400 CL32 ZETA R5 ECC/REG 패키지,G.SKILL ZETA R5 ECC/REG 패키지,DDR5,6400,CL32,128GB(32GX4),128,0,0,0,0,0,1756100,0,0,0,0,0,0,0,0,0,0,0,0,0,0,0,0,0,0,0,0,0,0,0,0
46101689,G.SKILL DDR5-6400 CL32 ZETA R5 ECC/REG 패키지,G.SKILL ZETA R5 ECC/REG 패키지,DDR5,6400,CL32,64GB(16GX4),64,0,0,0,0,0,880000,0,0,0,0,0,0,0,0,0,0,0,0,0,0,0,0,0,0,0,0,0,0,0,0
46101803,G.SKILL DDR5-6400 CL32 ZETA R5 NEO ECC/REG 패키지,G.SKILL ZETA R5 NEO ECC/REG 패키지,DDR5,6400,CL32,128GB(32GX4),128,1799630,1799630,1799630,1799630,1799630,1799630,1756100,1756100,1756100,1799630,1799630,1756100,1756100,1756100,1756100,1756100,1756100,1756100,1799630,1799630,1756100,1756100,1756100,1799630,1799620,1799620,1799620,1799620,1799620,1799620
46101803,G.SKILL DDR5-6400 CL32 ZETA R5 NEO ECC/REG 패키지,G.SKILL ZETA R5 NEO ECC/REG 패키지,DDR5,6400,CL32,192GB(48GX4),192,2679990,2679990,2680000,2680000,2680000,2680000,2615100,2615100,2615100,2679990,2680000,2615100,2615100,2615100,2615100,2615100,2615100,2615100,2680000,2680000,2615100,2615100,2615100,2680000,2679990,2679990,2679990,2679990,2679990,2679990
17001053,G.SKILL DDR5-6600 CL34 TRIDENT Z5 RGB 실버 패키지,G.SKILL TRIDENT Z5 RGB 실버 패키지,DDR5,6600,CL34,32GB(16GX2),32,209000,206912,206912,206912,206912,206912,203900,203900,203900,206912,206912,203900,203900,203900,203900,203900,203900,203900,206912,206912,203900,203900,199002,199002,199002,199002,199002,205420,206910,206910
17000948,G.SKILL DDR5-6600 CL34 TRIDENT Z5 RGB 패키지,G.SKILL TRIDENT Z5 RGB 패키지,DDR5,6600,CL34,32GB(16GX2),32,208990,206910,206910,206910,206910,206910,203900,203900,203900,206910,206912,203900,203900,203900,203900,203900,203900,203900,206912,206912,203900,203900,199002,199002,199002,199002,199002,201930,206910,206910
18036605,G.SKILL DDR5-6800 CL34 TRIDENT Z5 RGB J 실버 패키지,G.SKILL TRIDENT Z5 RGB J 실버 패키지,DDR5,6800,CL34,32GB(16GX2),32,218990,216810,216810,216810,216810,216810,213700,213700,213700,216810,216815,213700,213700,213700,213700,213700,213700,213700,216815,216815,213700,213700,209005,209005,209005,209005,209005,211590,216810,216810
18036608,G.SKILL DDR5-6800 CL34 TRIDENT Z5 RGB J 패키지,G.SKILL TRIDENT Z5 RGB J 패키지,DDR5,6800,CL34,32GB(16GX2),32,219000,216815,216815,216815,216815,216815,213700,213700,213700,216815,216815,213700,213700,213700,213700,213700,213700,213700,216815,216815,213700,213700,209005,209005,209005,209005,209005,215250,216810,216810
18036644,G.SKILL DDR5-7200 CL34 TRIDENT Z5 RGB J 실버 패키지,G.SKILL TRIDENT Z5 RGB J 실버 패키지,DDR5,7200,CL34,32GB(16GX2),32,224200,224200,226710,226710,226718,226718,223400,223400,223400,226718,226718,223400,223400,223400,223400,223400,223400,223400,226718,226718,223400,223400,219008,219008,219008,219008,219008,226718,226718,226718
18036653,G.SKILL DDR5-7200 CL34 TRIDENT Z5 RGB J 패키지,G.SKILL TRIDENT Z5 RGB J 패키지,DDR5,7200,CL34,32GB(16GX2),32,221350,221350,224810,224810,224810,224810,223400,223400,223400,224810,224810,223400,223400,223400,223400,223400,223400,223400,224810,224810,223400,223400,219008,219008,219008,219008,219008,224810,224810,224810
63271535,G.SKILL DDR5-7200 CL34 TRIDENT Z5 ROYAL 골드 패키지,G.SKILL TRIDENT Z5 ROYAL 골드 패키지,DDR5,7200,CL34,32GB(16GX2),32,288990,288990,289000,289000,282000,282000,282000,282000,282000,289000,289000,282000,282000,282000,282000,282000,282000,282000,289000,289000,282000,282000,282000,289000,288990,288990,288990,288990,288990,288990
58666550,G.SKILL DDR5-7200 CL34 TRIDENT Z5 ROYAL 실버 패키지,G.SKILL TRIDENT Z5 ROYAL 실버 패키지,DDR5,7200,CL34,32GB(16GX2),32,259000,259000,259000,259000,259000,259000,252700,252700,252700,259000,259000,252700,252700,252700,252700,252700,252700,252700,259000,259000,252700,252700,252700,259000,258990,258990,258990,255700,255700,258990
20019989,G.SKILL DDR5-7200 CL36 TRIDENT Z5 RGB J 실버 패키지,G.SKILL TRIDENT Z5 RGB J 실버 패키지,DDR5,7200,CL36,48GB(24GX2),48,361000,361000,365315,365315,365315,365315,360000,360000,360000,365315,365315,360000,360000,360000,360000,360000,360000,360000,365315,365315,360000,360000,359005,359005,359005,359005,359000,359000,359000,365310
20019920,G.SKILL DDR5-7200 CL36 TRIDENT Z5 RGB J 패키지,G.SKILL TRIDENT Z5 RGB J 패키지,DDR5,7200,CL36,48GB(24GX2),48,361950,361950,365315,365315,365315,365315,360000,360000,360000,365315,365315,360000,360000,360000,360000,360000,360000,360000,365315,365315,360000,360000,359005,359005,359005,359005,359000,359000,359000,365310
63271547,G.SKILL DDR5-7200 CL36 TRIDENT Z5 ROYAL 골드 패키지,G.SKILL TRIDENT Z5 ROYAL 골드 패키지,DDR5,7200,CL36,48GB(24GX2),48,428990,428990,429000,429000,418600,418600,418600,418600,418600,429000,429000,418600,418600,418600,418600,418600,418600,418600,429000,429000,418600,418600,418600,429000,428990,428990,428990,428990,428990,428990
58666538,G.SKILL DDR5-7200 CL36 TRIDENT Z5 ROYAL 실버 패키지,G.SKILL TRIDENT Z5 ROYAL 실버 패키지,DDR5,7200,CL36,48GB(24GX2),48,399000,399000,399000,399000,399000,399000,389300,389300,389300,399000,399000,389300,389300,389300,389300,389300,389300,389300,399000,399000,389300,389300,389300,399000,398990,398990,398990,398990,398990,398990
18036659,G.SKILL DDR5-7600 CL36 TRIDENT Z5 RGB J 실버 패키지,G.SKILL TRIDENT Z5 RGB J 실버 패키지,DDR5,7600,CL36,32GB(16GX2),32,263150,263150,266310,266310,266310,266310,262500,262500,262500,266310,266310,262500,262500,262500,262500,262500,262500,262500,266310,266310,262500,262500,259002,259002,259002,259002,259002,264390,266310,266310
18036662,G.SKILL DDR5-7600 CL36 TRIDENT Z5 RGB J 패키지,G.SKILL TRIDENT Z5 RGB J 패키지,DDR5,7600,CL36,32GB(16GX2),32,262200,262200,266312,266312,266312,266312,262500,262500,262500,266312,266312,262500,262500,262500,262490,262490,262500,262500,266312,266312,262500,262500,259002,259002,259002,259002,259002,264390,266310,266310
18419804,G.SKILL DDR5-7800 CL36 TRIDENT Z5 RGB J 실버 패키지,G.SKILL TRIDENT Z5 RGB J 실버 패키지,DDR5,7800,CL36,32GB(16GX2),32,323000,323000,325710,325710,325710,325710,320990,320990,320990,320990,325710,320990,321000,321000,321000,321000,321000,321000,325712,325712,321000,321000,319002,319000,319000,319000,319000,319000,319000,325710
18419807,G.SKILL DDR5-7800 CL36 TRIDENT Z5 RGB J 패키지,G.SKILL TRIDENT Z5 RGB J 패키지,DDR5,7800,CL36,32GB(16GX2),32,323000,323000,325710,325710,325710,325710,320990,320990,320990,320990,325710,320990,321000,321000,321000,321000,321000,321000,325712,325712,321000,321000,319002,319000,319000,319000,319000,319000,319000,325710
20020085,G.SKILL DDR5-8000 CL40 TRIDENT Z5 RGB J 실버 패키지,G.SKILL TRIDENT Z5 RGB J 실버 패키지,DDR5,8000,CL40,48GB(24GX2),48,446720,444512,444512,444512,444512,444512,438100,438100,438100,444512,444512,438100,438100,438100,438100,438100,438100,438100,444512,444512,438100,438100,438100,439002,439002,439002,439000,439000,439000,444510
20020046,G.SKILL DDR5-8000 CL40 TRIDENT Z5 RGB J 패키지,G.SKILL TRIDENT Z5 RGB J 패키지,DDR5,8000,CL40,48GB(24GX2),48,448990,444510,444510,444510,444510,444510,438090,438090,438090,438090,444510,438100,438100,438100,438100,438100,438100,438100,444512,444512,438100,438100,438100,439002,439002,439002,439000,439000,439000,444510
7954897,G.SKILL 노트북 DDR4-2666 CL19 RIPJAWS,G.SKILL 노트북 RIPJAWS,DDR4,2666,CL19,16GB,16,38480,38480,0,0,0,0,0,38470,38470,38470,0,0,38470,38470,38470,38470,38470,38470,38470,38470,38470,38470,38470,38470,38470,0,0,0,0,0
7954897,G.SKILL 노트북 DDR4-2666 CL19 RIPJAWS,G.SKILL 노트북 RIPJAWS,DDR4,2666,CL19,8GB,8,19500,19500,0,0,0,0,0,19200,19200,19500,0,0,19200,19200,19200,19200,19200,19200,19500,19500,19200,19200,19200,19500,19490,0,0,0,0,0
7954927,G.SKILL 노트북 DDR4-2666 CL19 RIPJAWS,G.SKILL 노트북 RIPJAWS,DDR4,2666,CL19,16GB,16,0,0,38480,38480,38470,38470,38470,0,0,0,38470,38470,0,0,0,0,0,0,0,0,0,0,0,0,0,38470,38470,38470,38470,38470
7954927,G.SKILL 노트북 DDR4-2666 CL19 RIPJAWS,G.SKILL 노트북 RIPJAWS,DDR4,2666,CL19,8GB,8,0,0,19500,19500,19500,19500,19200,0,0,0,19500,19200,0,0,0,0,0,0,0,0,0,0,0,0,0,19490,19490,19490,19490,19490
12247271,G.SKILL 노트북 DDR4-3200 CL22 RIPJAWS,G.SKILL 노트북 RIPJAWS,DDR4,3200,CL22,32GB,32,89000,89000,89000,89000,89000,89000,87800,87800,87800,0,0,0,0,0,87800,87800,87800,87800,89000,89000,87800,87800,87800,89000,0,0,0,0,89000,89000
12247271,G.SKILL 노트북 DDR4-3200 CL22 RIPJAWS,G.SKILL 노트북 RIPJAWS,DDR4,3200,CL22,16GB,16,39000,39000,39000,45000,45000,39000,38500,38500,38500,0,0,0,0,0,38500,38500,38500,38500,39000,39000,38490,38490,38490,38440,0,0,0,0,38190,38070
12247271,G.SKILL 노트북 DDR4-3200 CL22 RIPJAWS,G.SKILL 노트북 RIPJAWS,DDR4,3200,CL22,8GB,8,19500,19500,19500,19500,19500,22000,22000,0,0,0,0,0,0,0,0,0,0,0,0,0,0,0,0,0,0,0,0,0,19500,19500
12247292,G.SKILL 노트북 DDR4-3200 CL22 RIPJAWS,G.SKILL 노트북 RIPJAWS,DDR4,3200,CL22,32GB,32,0,0,0,0,0,0,0,0,0,89000,89000,87800,87800,87800,0,0,0,0,0,0,0,0,0,0,88990,88990,89000,89000,0,0
12247292,G.SKILL 노트북 DDR4-3200 CL22 RIPJAWS,G.SKILL 노트북 RIPJAWS,DDR4,3200,CL22,16GB,16,0,0,0,0,0,0,0,0,0,39000,39000,38500,38500,38500,0,0,0,0,0,0,0,0,0,0,38420,38350,38340,38310,0,0
12247292,G.SKILL 노트북 DDR4-3200 CL22 RIPJAWS,G.SKILL 노트북 RIPJAWS,DDR4,3200,CL22,8GB,8,0,0,0,0,0,0,0,0,0,22000,0,0,0,0,0,0,0,0,0,0,0,0,0,0,0,19500,19500,19500,0,0
31050695,G.SKILL 노트북 DDR5-4800 CL40 RIPJAWS,G.SKILL 노트북 RIPJAWS,DDR5,4800,CL40,32GB,32,127000,127000,0,0,0,0,0,0,0,0,0,123900,0,0,0,123900,123900,123900,127000,0,0,0,0,0,0,127000,127000,127000,127000,127000
31050695,G.SKILL 노트북 DDR5-4800 CL40 RIPJAWS,G.SKILL 노트북 RIPJAWS,DDR5,4800,CL40,16GB,16,65000,65000,0,0,0,0,0,0,0,0,0,63400,0,0,0,63400,63400,63400,65000,0,0,0,0,0,0,64990,65000,72000,72000,65000
31050617,G.SKILL 노트북 DDR5-4800 CL40 RIPJAWS,G.SKILL 노트북 RIPJAWS,DDR5,4800,CL40,32GB,32,0,0,127000,127000,127000,127000,123900,123900,123900,127000,127000,0,123900,123900,123900,0,0,0,0,127000,123900,123900,123900,127000,127000,0,0,0,0,0
31050617,G.SKILL 노트북 DDR5-4800 CL40 RIPJAWS,G.SKILL 노트북 RIPJAWS,DDR5,4800,CL40,16GB,16,0,0,65000,65000,65000,65000,63400,63400,63400,65000,65000,0,63400,63400,63400,0,0,0,0,65000,63400,63400,63400,65000,64990,0,0,0,0,0
15910004,GIGABYTE AORUS DDR5-5200 CL40 패키지 제이씨현,GIGABYTE AORUS 패키지 제이씨현,DDR5,5200,CL40,32GB(16GX2),32,360580,360580,360580,360580,360580,360580,360580,360580,360580,360580,360580,360580,360580,360580,360580,360580,360580,360580,360580,360580,360580,360580,360580,360580,360580,360580,360580,360580,360580,360580
6233439,GSMS 노트북 DDR3-1600 CL11 1.35V,GSMS 노트북 1.35V,DDR3,1600,CL11,4GB,4,11490,11490,11490,11490,11490,11490,11490,11490,11490,11490,11490,11490,11500,11500,11500,11500,11500,11500,11500,11500,11500,11500,11500,11490,11490,11490,11490,11490,11490,11490
5528834,GeIL DDR4-2400 CL17 PRISTINE,GeIL PRISTINE,DDR4,2400,CL17,8GB,8,21000,15380,21000,21000,20700,20700,20700,20700,20700,21000,21000,20700,20700,20700,20700,20700,20700,20700,21000,21000,20700,20700,20700,21000,21000,21000,19500,19500,19500,19500
5528834,GeIL DDR4-2400 CL17 PRISTINE,GeIL PRISTINE,DDR4,2400,CL17,4GB,4,21340,21340,21340,21340,21340,21340,21340,21340,21340,21340,21340,21340,21340,21340,21340,21340,21340,21340,21340,21340,21340,21340,21300,21300,21300,21300,21300,21300,21300,21300
5545234,GeIL DDR4-2400 CL17 SUPER LUCE RGB Lite 블랙,GeIL SUPER LUCE RGB Lite 블랙,DDR4,2400,CL17,8GB,8,117200,117200,0,0,0,0,0,0,0,0,0,0,0,0,0,117200,117200,117200,117200,117200,117200,117200,0,0,0,0,0,117200,117200,117200
45576842,GeIL DDR4-2666 CL19 EVO SPEAR,GeIL EVO SPEAR,DDR4,2666,CL19,16GB,16,37800,37800,37800,37800,37800,37800,37800,37800,37800,37100,37460,37460,37460,37460,37460,37460,37460,37460,37460,37460,37460,37460,37460,37460,37460,37460,0,0,0,0
6168329,GeIL DDR4-2666 CL19 PRISTINE,GeIL PRISTINE,DDR4,2666,CL19,16GB,16,36000,35500,0,0,0,0,0,0,0,36000,0,0,0,0,0,0,0,0,36000,0,35500,35500,35500,36000,36000,36000,35000,35000,35000,35000
6168329,GeIL DDR4-2666 CL19 PRISTINE,GeIL PRISTINE,DDR4,2666,CL19,8GB,8,18500,18200,0,0,0,0,0,0,0,18500,0,0,0,0,0,0,0,0,18500,0,18200,18200,18200,18500,18500,18500,17800,17800,17800,17800
6168329,GeIL DDR4-2666 CL19 PRISTINE,GeIL PRISTINE,DDR4,2666,CL19,4GB,4,13000,12900,0,0,0,0,0,0,0,13000,0,0,0,0,0,0,0,0,13000,0,12900,12900,12900,13000,13000,13000,12000,12000,12000,12000
6168351,GeIL DDR4-2666 CL19 PRISTINE,GeIL PRISTINE,DDR4,2666,CL19,16GB,16,0,0,36000,36000,0,0,0,0,0,0,0,0,0,0,0,0,0,0,0,36000,0,0,0,0,0,0,0,0,0,0
6168351,GeIL DDR4-2666 CL19 PRISTINE,GeIL PRISTINE,DDR4,2666,CL19,8GB,8,0,0,18500,18500,0,0,0,0,0,0,0,0,0,0,0,0,0,0,0,18500,0,0,0,0,0,0,0,0,0,0
6168351,GeIL DDR4-2666 CL19 PRISTINE,GeIL PRISTINE,DDR4,2666,CL19,4GB,4,0,0,13000,13000,0,0,0,0,0,0,0,0,0,0,0,0,0,0,0,13000,0,0,0,0,0,0,0,0,0,0
6168338,GeIL DDR4-2666 CL19 PRISTINE,GeIL PRISTINE,DDR4,2666,CL19,16GB,16,0,0,0,0,35500,35500,35500,35500,35500,0,36000,35500,35500,35500,35500,35500,35500,35500,0,0,0,0,0,0,0,0,0,0,0,0
6168338,GeIL DDR4-2666 CL19 PRISTINE,GeIL PRISTINE,DDR4,2666,CL19,8GB,8,0,0,0,0,18200,18200,18200,18200,18200,0,18500,18200,18200,18200,18200,18200,18200,18200,0,0,0,0,0,0,0,0,0,0,0,0
6168338,GeIL DDR4-2666 CL19 PRISTINE,GeIL PRISTINE,DDR4,2666,CL19,4GB,4,0,0,0,0,12900,12900,12900,12900,12900,0,13000,12900,12900,12900,12900,12900,12900,12900,0,0,0,0,0,0,0,0,0,0,0,0
8444481,GeIL DDR4-2666 CL19 SUPER LUCE RGB Sync 화이트,GeIL SUPER LUCE RGB Sync 화이트,DDR4,2666,CL19,16GB,16,93000,93000,93000,93000,90800,90800,90800,90800,90800,93000,93000,90800,90800,90800,90790,90790,90800,90800,93000,93000,90800,90800,90800,93000,93000,93000,93000,93000,93000,93000
8444481,GeIL DDR4-2666 CL19 SUPER LUCE RGB Sync 화이트,GeIL SUPER LUCE RGB Sync 화이트,DDR4,2666,CL19,8GB,8,93000,93000,93000,93000,93000,93000,93000,93000,93000,93000,93000,93000,93000,93000,93000,93000,93000,93000,93000,93000,93000,93000,93000,93000,93000,93000,93000,93000,93000,93000
6444542,GeIL DDR4-2666 CL19 SUPER LUCE RGB Sync 화이트 AMD Edition 패키지,GeIL SUPER LUCE RGB Sync 화이트 AMD Edition 패키지,DDR4,2666,CL19,16GB(8GX2),16,235080,235080,235080,235080,235080,235080,235080,235080,235080,235080,235080,235080,235080,235080,235080,235080,235080,235080,235080,235080,235080,235080,235080,235080,235080,235080,235080,235080,235080,235080
8443041,GeIL DDR4-3200 CL16 EVO SPEAR,GeIL EVO SPEAR,DDR4,3200,CL16,8GB,8,26900,26900,24240,24240,24240,24240,24240,24240,24240,24240,24240,24240,24240,24240,24240,24240,24240,24240,24240,24240,24240,24240,24240,24240,24240,24240,0,20710,20710,20710
13121885,GeIL DDR4-3200 CL16 ORION RGB Gray 패키지,GeIL ORION RGB Gray 패키지,DDR4,3200,CL16,16GB(8GX2),16,55590,55600,57000,57000,55600,55600,55600,55600,55600,57000,57000,55600,55600,55600,55600,55600,55600,55600,57000,57000,55600,55600,55600,56090,56090,56090,56090,56090,56990,56990
13121861,GeIL DDR4-3200 CL16 ORION RGB Red 패키지,GeIL ORION RGB Red 패키지,DDR4,3200,CL16,16GB(8GX2),16,55590,55600,55640,56990,55600,55600,55600,55600,55600,56990,57000,55600,55600,55600,55600,55600,55600,55600,57000,57000,55600,55600,55600,56990,56990,56990,56990,56990,56990,56990
6062555,GeIL DDR4-3200 CL16 SUPER LUCE RGB Sync 블랙 패키지,GeIL SUPER LUCE RGB Sync 블랙 패키지,DDR4,3200,CL16,16GB(8GX2),16,75500,75500,75500,75500,75500,75500,75500,75500,75500,75500,75500,75500,75500,75500,75500,75500,75500,75500,75500,75500,75500,75500,75500,75500,75500,75500,75500,75500,75500,75500
6062576,GeIL DDR4-3200 CL16 SUPER LUCE RGB Sync 화이트 패키지,GeIL SUPER LUCE RGB Sync 화이트 패키지,DDR4,3200,CL16,16GB(8GX2),16,80200,80200,80200,80200,80200,80200,80200,80200,80200,80200,80200,80200,80200,80200,80200,80200,80200,80200,80200,80200,80200,80200,80200,80200,80200,80200,80200,80200,80200,80200
12586484,GeIL DDR4-3200 CL16-20-20 ORION Gray 패키지,GeIL -20-20 ORION Gray 패키지,DDR4,3200,CL16,32GB(16GX2),32,102000,99500,102000,0,0,0,0,0,0,0,0,0,0,0,0,0,0,0,0,0,0,0,0,0,0,0,0,0,0,0
12586484,GeIL DDR4-3200 CL16-20-20 ORION Gray 패키지,GeIL -20-20 ORION Gray 패키지,DDR4,3200,CL16,16GB(8GX2),16,54000,52700,54000,0,0,0,0,0,0,0,0,0,0,0,0,0,0,0,0,0,0,0,0,0,0,0,0,0,0,0
12586376,GeIL DDR4-3200 CL16-20-20 ORION Gray 패키지,GeIL -20-20 ORION Gray 패키지,DDR4,3200,CL16,32GB(16GX2),32,0,0,0,102000,99500,99500,99500,99500,99500,102000,102000,99500,99500,99500,99500,99500,99500,99500,102000,102000,99500,99500,99500,102000,101990,101990,101990,101990,101990,101990
12586376,GeIL DDR4-3200 CL16-20-20 ORION Gray 패키지,GeIL -20-20 ORION Gray 패키지,DDR4,3200,CL16,16GB(8GX2),16,0,0,0,54000,67200,67200,67200,67200,67200,67200,67200,67200,67200,67200,67200,67200,67200,67200,67200,54000,54000,54000,54000,54000,53990,53990,53990,53990,53990,53990
12595877,GeIL DDR4-3200 CL16-20-20 ORION Red 패키지,GeIL -20-20 ORION Red 패키지,DDR4,3200,CL16,32GB(16GX2),32,100230,99500,100800,102000,99500,99500,99500,99500,99500,102000,102000,99500,99500,99500,99500,99500,99500,99500,102000,102000,99500,99500,99500,102000,102000,102000,102000,102000,102000,102000
12595877,GeIL DDR4-3200 CL16-20-20 ORION Red 패키지,GeIL -20-20 ORION Red 패키지,DDR4,3200,CL16,16GB(8GX2),16,54000,52700,54000,54000,52700,52700,52700,52700,52700,53990,54000,52700,52700,52700,52700,52700,52700,52700,54000,54000,52700,52700,52700,54000,53990,53990,53990,53990,53990,53990
11183601,GeIL DDR4-3200 CL22 EVO SPEAR,GeIL EVO SPEAR,DDR4,3200,CL22,16GB,16,41720,41720,41720,0,0,0,0,0,0,41720,42000,40900,40900,40900,40900,40900,40900,40900,42000,0,0,0,40900,0,0,0,0,0,0,0
11183601,GeIL DDR4-3200 CL22 EVO SPEAR,GeIL EVO SPEAR,DDR4,3200,CL22,8GB,8,24000,24000,24000,0,0,0,0,0,0,24000,24000,23400,23400,23400,23400,23400,23400,23400,24000,0,0,0,23400,0,0,0,0,0,0,0
11020071,GeIL DDR4-3200 CL22 EVO SPEAR,GeIL EVO SPEAR,DDR4,3200,CL22,16GB,16,0,0,0,41720,40900,40900,40900,40900,40900,0,0,0,0,0,0,0,0,0,0,41720,40900,40900,0,41720,41710,41710,37950,37950,37950,37950
11020071,GeIL DDR4-3200 CL22 EVO SPEAR,GeIL EVO SPEAR,DDR4,3200,CL22,8GB,8,0,0,0,24000,24000,24000,23400,23400,23400,0,0,0,0,0,0,0,0,0,0,24000,23400,23400,0,24000,24000,24000,20500,20500,20500,20500
11277615,GeIL DDR4-3200 CL22 EVO X II AMD Gray RGB,GeIL EVO X II AMD Gray RGB,DDR4,3200,CL22,16GB,16,55000,55000,55000,55000,0,0,61920,61920,61920,61920,61920,61920,65360,66050,66050,66050,66050,66050,66050,53760,53760,53760,53760,53760,53760,53760,49000,49000,49000,49000
11277615,GeIL DDR4-3200 CL22 EVO X II AMD Gray RGB,GeIL EVO X II AMD Gray RGB,DDR4,3200,CL22,8GB,8,30000,29300,30000,30000,0,0,29300,29300,29300,30000,30000,29300,29300,29300,29300,29300,29300,29300,30000,30000,29300,29300,29300,30000,30000,30000,28000,28000,28000,28000
11277699,GeIL DDR4-3200 CL22 EVO X II AMD Gray RGB,GeIL EVO X II AMD Gray RGB,DDR4,3200,CL22,16GB,16,0,0,0,0,53700,61920,0,0,0,0,0,0,0,0,0,0,0,0,0,0,0,0,0,0,0,0,0,0,0,0
11277699,GeIL DDR4-3200 CL22 EVO X II AMD Gray RGB,GeIL EVO X II AMD Gray RGB,DDR4,3200,CL22,8GB,8,0,0,0,0,29300,29300,0,0,0,0,0,0,0,0,0,0,0,0,0,0,0,0,0,0,0,0,0,0,0,0
13151036,GeIL DDR4-3200 CL22 ORION RGB Gray,GeIL ORION RGB Gray,DDR4,3200,CL22,8GB,8,29990,29910,29260,29230,29120,29000,29300,29300,29300,30000,30000,29300,29300,29300,29300,29300,29300,29300,30000,30000,29300,29300,29300,30000,30000,30000,30000,30000,30000,30000
13150892,GeIL DDR4-3200 CL22 ORION RGB Red,GeIL ORION RGB Red,DDR4,3200,CL22,8GB,8,30030,30030,30030,30030,30030,30030,30030,30030,30030,29900,29900,29900,29900,29900,29900,29900,29900,29900,29900,29900,29900,29900,29900,29900,29900,29900,29900,29900,29900,29900
10859073,GeIL DDR4-3200 CL22 PRISTINE,GeIL PRISTINE,DDR4,3200,CL22,16GB,16,36890,36900,37000,0,36900,36900,36900,36900,36900,0,0,0,0,0,0,0,0,0,0,0,0,0,36890,36840,36820,36750,33500,33500,33500,33500
10859073,GeIL DDR4-3200 CL22 PRISTINE,GeIL PRISTINE,DDR4,3200,CL22,8GB,8,19190,19200,19190,0,19190,19190,19190,19190,19190,0,0,0,0,0,0,0,0,0,0,0,0,0,19200,19200,19190,19190,18500,18500,18500,18500
10859097,GeIL DDR4-3200 CL22 PRISTINE,GeIL PRISTINE,DDR4,3200,CL22,16GB,16,0,0,0,37000,0,0,0,0,0,37000,37000,36900,36900,36900,36900,36900,36900,36900,37000,36890,36890,36890,0,0,0,0,0,0,0,0
10859097,GeIL DDR4-3200 CL22 PRISTINE,GeIL PRISTINE,DDR4,3200,CL22,8GB,8,0,0,0,19190,0,0,0,0,0,19190,19200,19200,19200,19200,19200,19200,19200,19200,19200,19200,19200,19200,0,0,0,0,0,0,0,0
11220810,GeIL DDR4-3200 CL22 SUPER LUCE RGB Sync 화이트,GeIL SUPER LUCE RGB Sync 화이트,DDR4,3200,CL22,8GB,8,66600,66600,66600,66600,66600,66600,66600,66600,66600,66600,66600,66600,66600,66600,66600,66600,66600,66600,66600,66600,66600,66600,66600,66600,66600,66600,66600,66600,66600,66600
12586583,GeIL DDR4-3600 CL18 ORION Gray 패키지,GeIL ORION Gray 패키지,DDR4,3600,CL18,32GB(16GX2),32,104990,104990,0,0,0,104990,102390,102390,102390,102390,104990,102400,102400,102400,102400,102400,102400,102400,105000,105000,102400,102400,102400,104990,104990,104990,104990,104990,104990,104990
12586583,GeIL DDR4-3600 CL18 ORION Gray 패키지,GeIL ORION Gray 패키지,DDR4,3600,CL18,16GB(8GX2),16,56440,55600,0,0,0,55600,55600,55600,55600,56950,56950,55600,55600,55600,55600,55600,55600,55600,56950,56950,55600,55600,55600,56950,56940,56940,56940,56940,56940,56940
12586634,GeIL DDR4-3600 CL18 ORION Gray 패키지,GeIL ORION Gray 패키지,DDR4,3600,CL18,32GB(16GX2),32,0,0,104990,104990,104990,0,0,0,0,0,0,0,0,0,0,0,0,0,0,0,0,0,0,0,0,0,0,0,0,0
12586634,GeIL DDR4-3600 CL18 ORION Gray 패키지,GeIL ORION Gray 패키지,DDR4,3600,CL18,16GB(8GX2),16,0,0,56440,57000,55600,0,0,0,0,0,0,0,0,0,0,0,0,0,0,0,0,0,0,0,0,0,0,0,0,0
13122017,GeIL DDR4-3600 CL18 ORION RGB Gray 패키지,GeIL ORION RGB Gray 패키지,DDR4,3600,CL18,32GB(16GX2),32,117020,117020,117020,117020,0,0,0,0,0,0,0,0,0,0,0,0,0,0,0,0,0,0,0,0,0,0,0,0,0,0
13122017,GeIL DDR4-3600 CL18 ORION RGB Gray 패키지,GeIL ORION RGB Gray 패키지,DDR4,3600,CL18,16GB(8GX2),16,60390,60400,61080,61080,60400,60400,60400,60400,60400,61940,62000,62000,60400,60400,60400,60400,60400,60400,62000,61990,60400,60400,60400,61980,61960,61910,61900,61890,61880,61850
13121945,GeIL DDR4-3600 CL18 ORION RGB Red 패키지,GeIL ORION RGB Red 패키지,DDR4,3600,CL18,16GB(8GX2),16,72590,72590,72590,72590,72590,72590,72590,72590,72590,72590,72590,72590,72590,72590,72590,72590,72590,72590,72590,72590,72590,72590,72590,72590,72590,72590,72590,72590,72590,72590
12596012,GeIL DDR4-3600 CL18 ORION Red 패키지,GeIL ORION Red 패키지,DDR4,3600,CL18,32GB(16GX2),32,105000,102400,105000,105000,0,0,0,0,0,0,105000,102400,102400,102400,102400,102400,102400,102400,105000,105000,102400,102400,102400,105000,105000,105000,105000,105000,105000,105000
12596012,GeIL DDR4-3600 CL18 ORION Red 패키지,GeIL ORION Red 패키지,DDR4,3600,CL18,16GB(8GX2),16,57000,57000,57000,57000,0,0,0,0,0,0,57000,55600,55600,55600,55600,55600,55600,55600,57000,57000,55600,55600,55600,57000,57000,57000,57000,57000,57000,57000
12595988,GeIL DDR4-3600 CL18 ORION Red 패키지,GeIL ORION Red 패키지,DDR4,3600,CL18,32GB(16GX2),32,0,0,0,0,102400,102400,102400,102400,102400,105000,0,0,0,0,0,0,0,0,0,0,0,0,0,0,0,0,0,0,0,0
12595988,GeIL DDR4-3600 CL18 ORION Red 패키지,GeIL ORION Red 패키지,DDR4,3600,CL18,16GB(8GX2),16,0,0,0,0,57000,57000,55600,55600,55600,57000,0,0,0,0,0,0,0,0,0,0,0,0,0,0,0,0,0,0,0,0
14613242,GeIL DDR4-3600 CL18-22-22 SUPER LUCE RGB Sync 블랙 패키지,GeIL -22-22 SUPER LUCE RGB Sync 블랙 패키지,DDR4,3600,CL18,16GB(8GX2),16,82500,82500,82500,82500,82500,82500,82500,82500,82500,82500,82500,82500,82500,82500,82500,82500,82500,82500,82500,82500,82500,82500,82500,82500,82500,82500,82500,82500,82500,82500
14613404,GeIL DDR4-3600 CL18-22-22 SUPER LUCE RGB Sync 화이트 패키지,GeIL -22-22 SUPER LUCE RGB Sync 화이트 패키지,DDR4,3600,CL18,16GB(8GX2),16,80850,80850,80850,80850,80850,80850,80850,80850,80850,80850,80850,80850,80850,80850,80850,80850,80850,80850,80850,80850,80850,80850,80850,80850,80850,80850,80850,80850,80850,80850
6781921,GeIL DDR4-4133 CL19 SUPER LUCE RGB Sync 화이트 패키지,GeIL SUPER LUCE RGB Sync 화이트 패키지,DDR4,4133,CL19,16GB(8GX2),16,156820,156820,156820,156820,156820,156820,156820,156820,156820,156820,156820,156820,156820,156820,156820,156820,156820,156820,156820,156820,156820,156820,156820,156820,156820,156820,156820,156820,156820,156820
21695018,GeIL DDR5-4800 CL40 PRISTINE V,GeIL PRISTINE V,DDR5,4800,CL40,16GB,16,59990,58480,58450,58350,58240,58120,58000,57880,57760,57640,57520,57400,57960,58490,58490,58490,58490,58490,58490,58490,58490,58490,55800,55800,55800,55800,55800,56020,57000,57000
22167116,GeIL DDR5-5200 CL34 ORION V RGB 패키지,GeIL ORION V RGB 패키지,DDR5,5200,CL34,32GB(16GX2),32,146890,143400,146890,146890,143400,143400,143400,143400,143400,146890,146890,143400,143400,143400,143400,143400,143400,143400,146890,146890,143400,143400,143400,146890,146880,146880,142000,142000,142000,142000
18490574,GeIL DDR5-5200 CL34 POLARIS Gray 패키지,GeIL POLARIS Gray 패키지,DDR5,5200,CL34,32GB(16GX2),32,133000,129800,133000,133000,129800,129800,129800,129800,129800,133000,133000,129800,129800,129800,129800,129800,129800,129800,133000,133000,129800,129800,129800,133000,133000,133000,128000,128000,128000,128000
15630422,GeIL DDR5-5200 CL34 POLARIS RGB Gray 패키지,GeIL POLARIS RGB Gray 패키지,DDR5,5200,CL34,32GB(16GX2),32,139510,139500,139710,139710,139600,139600,139600,139600,139600,143000,142990,139600,139600,139600,139600,139600,139600,139600,142990,139590,139590,139590,139590,139540,139520,139470,139460,139430,139310,139190
15630473,GeIL DDR5-5200 CL34 POLARIS RGB White 패키지,GeIL POLARIS RGB White 패키지,DDR5,5200,CL34,32GB(16GX2),32,147090,147070,147290,151000,147300,147300,147300,147300,147300,149550,149550,147300,147300,147300,147300,147300,147300,147300,149550,149490,147300,147300,147300,149180,149080,148990,145990,145990,146000,146000
18490640,GeIL DDR5-5200 CL34 POLARIS White 패키지,GeIL POLARIS White 패키지,DDR5,5200,CL34,32GB(16GX2),32,133020,131700,133020,133020,131700,131700,131700,131700,131700,133020,133020,131700,131700,131700,131700,131700,131700,131700,133020,133020,131700,131700,131700,133020,133020,133020,128000,128000,128000,128000
63144077,GeIL DDR5-5600 CL38 ORION V Gray,GeIL ORION V Gray,DDR5,5600,CL38,32GB(16GX2),32,125400,128700,129970,132000,128700,128700,128700,128700,128700,132000,132000,128700,128700,128700,128700,128700,128700,128700,132000,132000,128700,128700,128700,132000,132000,132000,132000,132000,132000,132000
63144134,GeIL DDR5-5600 CL38 ORION V RGB White 패키지,GeIL ORION V RGB White 패키지,DDR5,5600,CL38,32GB(16GX2),32,141550,145400,146730,149000,145400,145400,145400,145400,145400,149000,149000,145400,145400,145400,145400,145400,145400,145400,149000,149000,145400,145400,145400,149000,149000,149000,148000,148000,148000,148000
22169387,GeIL DDR5-5600 CL38 ORION V RGB 패키지,GeIL ORION V RGB 패키지,DDR5,5600,CL38,32GB(16GX2),32,148200,146300,148500,148500,146300,146300,146300,146300,146300,148500,148500,146300,146300,146300,146300,146300,146300,146300,148500,148500,146300,146300,140000,140000,140000,140000,140000,145460,147780,147780
63144119,GeIL DDR5-5600 CL38 ORION V White,GeIL ORION V White,DDR5,5600,CL38,32GB(16GX2),32,127300,130800,131960,134000,130800,130800,130800,130800,130800,134000,134000,130800,130800,130800,130800,130800,130800,130800,134000,134000,130800,130800,130800,134000,134000,134000,134000,134000,134000,134000
15630869,GeIL DDR5-5600 CL38 POLARIS RGB Gray 패키지,GeIL POLARIS RGB Gray 패키지,DDR5,5600,CL38,32GB(16GX2),32,160000,156100,160000,160000,156100,156100,156100,156100,156100,160000,160000,156100,156100,156100,156100,156100,156100,156100,160000,160000,156100,156100,156100,160000,159990,159990,153990,153960,153840,153720
15630920,GeIL DDR5-5600 CL38 POLARIS RGB White 패키지,GeIL POLARIS RGB White 패키지,DDR5,5600,CL38,32GB(16GX2),32,161960,158000,157990,157990,157990,157990,157990,157990,157990,157990,161960,157990,157990,157990,157990,157880,157850,157990,157990,157990,157990,157990,157990,157990,160190,160200,153970,153870,153860,153830
19539497,GeIL DDR5-5600 CL38 POLARIS White 패키지,GeIL POLARIS White 패키지,DDR5,5600,CL38,32GB(16GX2),32,134690,134700,134690,134690,134690,134690,134690,134690,134690,134690,137910,134690,134690,134690,134690,134690,134690,134690,134690,134690,134700,134700,134700,137920,137910,137910,135000,135000,135000,135000
21695174,GeIL DDR5-5600 CL46 PRISTINE V,GeIL PRISTINE V,DDR5,5600,CL46,16GB,16,61490,61500,61490,61490,61490,61490,61490,61490,61490,61490,62070,61500,61500,61500,61500,61500,61500,61500,62080,62080,61500,61500,61500,62080,62070,62070,61500,61500,61500,61500
64378892,GeIL DDR5-6000 CL38 ORION V RGB White 패키지,GeIL ORION V RGB White 패키지,DDR5,6000,CL38,32GB(16GX2),32,153900,129600,129600,129600,161990,161990,158000,158000,158000,161990,161990,158000,158000,158000,158000,158000,158000,158000,162000,162000,158000,158000,158000,162000,162000,162000,155000,154990,154990,154990
22170725,GeIL DDR5-6000 CL38 ORION V RGB 패키지,GeIL ORION V RGB 패키지,DDR5,6000,CL38,32GB(16GX2),32,149990,149990,149990,149990,149990,149990,149990,149990,149990,149990,150000,150000,150000,150000,150000,150000,150000,150000,150000,150000,150000,150000,145002,145002,145002,145002,145002,146050,146050,146050
19539599,GeIL DDR5-6000 CL38 POLARIS Gray 패키지,GeIL POLARIS Gray 패키지,DDR5,6000,CL38,32GB(16GX2),32,145350,143400,146890,149000,140000,0,0,0,0,0,0,0,0,0,0,0,0,0,0,0,0,0,0,0,0,0,0,0,0,0
19539860,GeIL DDR5-6000 CL38 POLARIS RGB Gray 패키지,GeIL POLARIS RGB Gray 패키지,DDR5,6000,CL38,32GB(16GX2),32,178990,174680,174580,178920,174690,174690,174700,174700,174700,179000,179000,174700,179000,179000,179000,179000,179000,179000,179000,179000,179000,179000,179000,179000,179000,179000,179000,179000,179000,179000
19539911,GeIL DDR5-6000 CL38 POLARIS RGB White 패키지,GeIL POLARIS RGB White 패키지,DDR5,6000,CL38,32GB(16GX2),32,170050,170050,170050,170050,170050,170050,170050,170050,170050,170050,170050,170050,174700,174700,174700,174700,174700,174700,179000,179000,174700,174700,174700,179000,179000,179000,165000,165000,165000,165000
19539965,GeIL DDR5-6000 CL38 POLARIS White 패키지,GeIL POLARIS White 패키지,DDR5,6000,CL38,32GB(16GX2),32,148910,145400,148910,148910,145400,151500,151500,151500,151500,151500,151500,151500,151500,151500,151500,151500,151500,151500,151500,151500,151500,151500,151500,151500,151500,151500,151500,151500,151500,151500
18419999,GeIL DDR5-6400 CL38 EVO V RGB Gray 패키지,GeIL EVO V RGB Gray 패키지,DDR5,6400,CL38,32GB(16GX2),32,190000,185400,190000,190000,185400,185400,190000,190000,190000,190000,190000,190000,190000,190000,190000,190000,190000,190000,190000,190000,190000,190000,190000,190000,189990,189990,189990,189990,189990,189990
18420014,GeIL DDR5-6400 CL38 EVO V RGB White 패키지,GeIL EVO V RGB White 패키지,DDR5,6400,CL38,32GB(16GX2),32,185390,185400,185390,190000,185400,185400,185400,185400,185400,190000,190000,185400,185400,185400,185400,185400,185400,185400,190000,190000,185400,185400,185400,190000,189990,189990,189990,189990,189990,189990
19540025,GeIL DDR5-6400 CL38 POLARIS RGB Gray 패키지,GeIL POLARIS RGB Gray 패키지,DDR5,6400,CL38,32GB(16GX2),32,174000,169800,174000,174000,169800,169800,169800,169800,169800,174000,174000,169800,169800,169800,169800,169800,169800,169800,174000,174000,169800,169800,169800,174000,173990,173990,173990,173990,173990,173990
19176542,GeIL DDR5-6400 CL38 POLARIS RGB White 패키지,GeIL POLARIS RGB White 패키지,DDR5,6400,CL38,32GB(16GX2),32,174000,169800,174000,174000,169800,169800,169800,169800,169800,174000,174000,169800,169800,169800,169800,169800,169800,169800,174000,174000,169800,169800,169800,174000,173990,173990,173990,173990,173990,173990
18420035,GeIL DDR5-6600 CL38 EVO V RGB Gray 패키지,GeIL EVO V RGB Gray 패키지,DDR5,6600,CL38,32GB(16GX2),32,209790,209800,209790,215000,209800,209800,209800,209800,209800,215000,215000,209800,209800,209800,209800,209800,209800,209800,215000,215000,209800,209800,209800,215000,214990,214990,214990,214990,214990,214990
18420050,GeIL DDR5-6600 CL38 EVO V RGB White 패키지,GeIL EVO V RGB White 패키지,DDR5,6600,CL38,32GB(16GX2),32,209790,209800,209790,215000,209800,209800,209800,209800,209800,215000,215000,209800,209800,209800,209800,209800,209800,209800,215000,215000,209800,209800,209800,215000,214990,214990,214990,214990,214990,214990
18420071,GeIL DDR5-6800 CL36 EVO V RGB Gray 패키지,GeIL EVO V RGB Gray 패키지,DDR5,6800,CL36,32GB(16GX2),32,234090,234100,234090,234090,234090,234090,234100,234100,234100,240000,240000,234100,234100,234100,234100,234100,234100,234100,240000,240000,234100,234100,234100,240000,239990,239990,239990,239990,239990,239990
18420080,GeIL DDR5-6800 CL36 EVO V RGB White 패키지,GeIL EVO V RGB White 패키지,DDR5,6800,CL36,32GB(16GX2),32,0,0,0,0,0,0,0,0,0,0,0,0,243600,243600,243600,243600,243600,243600,243600,243600,243600,243600,243600,243600,243600,243600,243600,243600,243600,243600
19176791,GeIL DDR5-7200 CL36 EVO V RGB White 패키지,GeIL EVO V RGB White 패키지,DDR5,7200,CL36,32GB(16GX2),32,270000,263400,270000,270000,263400,263400,263400,263400,263400,270000,270000,263400,263400,263400,263400,263400,263400,263400,270000,270000,263400,263400,263400,270000,269990,269990,269990,269990,269990,269990
19176827,GeIL DDR5-8000 CL38 EVO V RGB Gray 패키지,GeIL EVO V RGB Gray 패키지,DDR5,8000,CL38,32GB(16GX2),32,500000,487800,500000,500000,487800,487800,487800,487800,487800,499990,500000,487800,487800,487800,487790,487790,487800,487800,500000,500000,487800,487800,487800,500000,499990,499990,499990,499990,499990,499990
19176851,GeIL DDR5-8000 CL38 EVO V RGB White 패키지,GeIL EVO V RGB White 패키지,DDR5,8000,CL38,32GB(16GX2),32,500000,487800,500000,500000,487800,487800,487800,487800,487800,499990,500000,487800,487800,487800,487800,487800,487800,487800,500000,500000,487800,487800,487800,500000,499990,499990,499990,499990,499990,499990
34373126,GeIL 노트북 DDR3-1600 CL11 1.35V,GeIL 노트북 1.35V,DDR3,1600,CL11,8GB,8,18690,18680,18670,18660,18630,18520,18520,18840,18720,18600,18520,18550,18550,18890,18890,18890,18890,18890,18890,18890,18890,18890,18890,18840,18820,18780,17190,17190,17190,17190
11682767,GeIL 노트북 DDR4-3200 CL22,GeIL 노트북,DDR4,3200,CL22,16GB,16,35900,35900,35900,35900,35900,35900,35390,35390,0,35390,35900,35400,35400,35400,35400,35400,35400,35400,35900,35900,35400,35400,35400,35900,35900,35900,33500,33500,33500,33500
11682767,GeIL 노트북 DDR4-3200 CL22,GeIL 노트북,DDR4,3200,CL22,8GB,8,18000,18000,18000,18000,18000,18000,17700,17700,0,18000,18000,17700,17700,17700,17700,17700,17700,17700,18000,18000,17700,17700,17700,18000,18000,18000,17500,17500,17500,17500
11682743,GeIL 노트북 DDR4-3200 CL22,GeIL 노트북,DDR4,3200,CL22,16GB,16,0,0,0,0,0,0,0,0,35390,0,0,0,0,0,0,0,0,0,0,0,0,0,0,0,0,0,0,0,0,0
11682743,GeIL 노트북 DDR4-3200 CL22,GeIL 노트북,DDR4,3200,CL22,8GB,8,0,0,0,0,0,0,0,0,17700,0,0,0,0,0,0,0,0,0,0,0,0,0,0,0,0,0,0,0,0,0
65364635,HIKSEMI DDR4-3200 CL18 FUTURE RGB BLACK 패키지,HIKSEMI FUTURE RGB BLACK 패키지,DDR4,3200,CL18,32GB(16GX2),32,0,0,0,0,480000,480000,480000,480000,480000,480000,480000,479990,81900,81900,81900,81900,81900,81900,81900,81900,81900,81900,81900,81900,81900,81900,81900,81900,81900,81900
65364635,HIKSEMI DDR4-3200 CL18 FUTURE RGB BLACK 패키지,HIKSEMI FUTURE RGB BLACK 패키지,DDR4,3200,CL18,16GB(8GX2),16,0,0,0,0,480000,480000,480000,480000,480000,480000,480000,479990,51980,51980,51980,51980,51980,51980,51980,51980,51980,51980,51980,51980,51980,51980,51980,51980,51980,51980
65364641,HIKSEMI DDR4-3200 CL18 FUTURE RGB BLACK 패키지,HIKSEMI FUTURE RGB BLACK 패키지,DDR4,3200,CL18,32GB(16GX2),32,0,0,0,0,0,0,0,0,0,0,0,0,0,0,0,0,0,81900,81900,81900,81900,81900,81900,81900,81900,81900,81900,81900,81900,81900
65364641,HIKSEMI DDR4-3200 CL18 FUTURE RGB BLACK 패키지,HIKSEMI FUTURE RGB BLACK 패키지,DDR4,3200,CL18,16GB(8GX2),16,0,0,0,0,0,0,0,0,0,0,0,0,0,0,0,0,0,51980,51980,51980,51980,51980,51980,51980,51980,51980,51980,51980,51980,51980
28775711,HIKSEMI DDR4-3200 CL18 HIKER,HIKSEMI HIKER,DDR4,3200,CL18,8GB,8,25000,25000,25000,25000,25000,18500,18500,18500,18500,18500,18500,18500,18500,18500,18500,18500,18500,18500,18500,18500,18500,18500,18500,18500,18500,18500,18500,18500,22500,22500
28775711,HIKSEMI DDR4-3200 CL18 HIKER,HIKSEMI HIKER,DDR4,3200,CL18,16GB,16,45000,45000,45000,45000,45000,31000,31000,31000,31000,31000,31000,31000,31000,31000,31000,31000,31000,31000,31000,31000,31000,31000,31000,31000,31000,31000,31000,31000,31000,31000
67580735,HIKSEMI DDR5-6000 CL36 FUTURE RGB BLACK 패키지,HIKSEMI FUTURE RGB BLACK 패키지,DDR5,6000,CL36,32GB(16GX2),32,0,0,0,0,0,0,0,0,0,0,0,0,0,0,0,0,0,0,0,0,0,0,0,0,144000,144000,172800,172800,172800,172800
67580837,HIKSEMI DDR5-6400 CL32 FUTURE RGB BLACK 패키지,HIKSEMI FUTURE RGB BLACK 패키지,DDR5,6400,CL32,64GB(32GX2),64,0,0,0,0,0,0,0,0,0,0,0,0,0,0,0,0,0,0,0,0,0,0,0,0,144000,144000,0,0,0,0
17321936,HIKVISION DDR4-3200 CL18 U1,HIKVISION U1,DDR4,3200,CL18,8GB,8,21600,21600,21600,21600,21600,0,0,0,0,0,0,0,0,0,0,0,0,0,0,0,0,0,0,0,0,0,21600,21600,21600,21600
16982327,HP DDR4-3200 CL14 V10 RGB 패키지,HP V10 RGB 패키지,DDR4,3200,CL14,16GB(8GX2),16,222750,222750,222750,222750,222750,222750,222750,222750,222750,222750,222750,222750,222750,222750,222750,222750,222750,222750,222750,222750,222750,222750,222750,222750,222750,222750,222750,222750,222750,222750
13163279,HP DDR4-3200 CL16 V8,HP V8,DDR4,3200,CL16,8GB,8,0,0,0,0,0,0,0,0,0,0,0,0,0,0,0,0,0,0,28000,26240,26240,26240,26240,26240,26240,26240,26240,26240,26240,26240
13163300,HP DDR4-3600 CL18 V8,HP V8,DDR4,3600,CL18,8GB,8,71280,71280,71280,71280,71280,71280,71280,71280,71280,71280,71280,71280,71280,71280,71280,71280,71280,71280,71280,71280,71280,71280,71280,71280,71280,71280,71280,71280,71280,71280
13050284,KINGMAX DDR4-2666 CL19,KINGMAX,DDR4,2666,CL19,16GB,16,38900,38900,38900,38900,38900,38900,38900,38900,38900,38900,38900,38900,38900,38900,38900,0,0,0,0,0,0,0,0,0,0,0,0,0,0,0
13050284,KINGMAX DDR4-2666 CL19,KINGMAX,DDR4,2666,CL19,8GB,8,18700,18700,18700,18700,18700,18700,18700,18700,30900,30900,30900,30900,30900,30900,30900,0,0,0,0,0,0,0,0,0,0,0,0,0,0,0
13050317,KINGMAX DDR4-2666 CL19,KINGMAX,DDR4,2666,CL19,16GB,16,0,0,0,0,0,0,0,0,0,0,0,0,0,0,0,38900,38900,38900,38900,38900,38900,38900,38900,38900,38900,38900,38900,38900,38900,38900
13050317,KINGMAX DDR4-2666 CL19,KINGMAX,DDR4,2666,CL19,8GB,8,0,0,0,0,0,0,0,0,0,0,0,0,0,0,0,30900,30900,30900,30900,30900,30900,30900,30900,30900,30900,30900,30900,30900,30900,30900
13303526,KINGMAX DDR4-3200 CL22,KINGMAX,DDR4,3200,CL22,16GB,16,73900,73900,73900,73900,0,0,0,0,0,0,0,0,0,0,0,0,0,73900,0,0,0,0,0,0,0,0,0,0,0,73900
13303526,KINGMAX DDR4-3200 CL22,KINGMAX,DDR4,3200,CL22,8GB,8,20500,20500,20500,20500,0,0,0,0,0,0,0,0,0,0,0,0,0,20500,0,0,0,0,0,0,0,0,0,0,0,20500
13050362,KINGMAX DDR4-3200 CL22,KINGMAX,DDR4,3200,CL22,16GB,16,0,0,0,0,73900,73900,73900,73900,73900,73900,73900,73900,73900,73900,73900,73900,73900,0,73900,73900,73900,73900,73900,73900,73900,73900,73900,73900,73900,0
13050362,KINGMAX DDR4-3200 CL22,KINGMAX,DDR4,3200,CL22,8GB,8,0,0,0,0,20500,20500,20500,20500,20500,20500,20500,20500,20500,20500,20500,20500,20500,0,20500,20500,20500,20500,20500,20500,20500,20500,20500,20500,20500,0
16412666,KINGMAX DDR5-4800 CL40,KINGMAX,DDR5,4800,CL40,16GB,16,0,0,49900,49900,49900,49900,49900,49900,49900,49900,49900,49900,49900,49900,49900,49900,49900,49900,49900,49900,49900,49900,49900,49900,49900,49900,49900,49900,49900,49900
2595983,KINGMAX 노트북 DDR3-1600 1.35V,KINGMAX 노트북 1.35V,DDR3,1600,0,8GB,8,0,0,0,0,0,0,0,0,0,0,0,51900,51900,51900,51900,51900,51900,51900,0,0,51900,51900,51900,51900,51900,51900,51900,0,0,0
62637338,KingBank DDR5-6400 CL32 패키지,KingBank 패키지,DDR5,6400,CL32,32GB(16GX2),32,163000,163000,163000,163000,163000,163000,163000,163000,163000,159000,159000,159000,159000,159000,159000,159000,159000,159000,159000,159000,159000,159000,159000,159000,159000,159000,159000,159000,159000,159000
62637152,KingBank DDR5-6800 CL34 패키지,KingBank 패키지,DDR5,6800,CL34,32GB(16GX2),32,168000,168000,168000,168000,168000,168000,168000,168000,168000,163000,163000,163000,163000,163000,163000,163000,163000,163000,163000,163000,163000,163000,163000,163000,163000,163000,163000,163000,163000,163000
62637362,KingBank DDR5-7200 CL34 패키지,KingBank 패키지,DDR5,7200,CL34,32GB(16GX2),32,178000,178000,178000,178000,178000,178000,178000,178000,178000,173000,173000,173000,173000,173000,173000,173000,173000,173000,173000,173000,173000,173000,173000,173000,173000,173000,173000,173000,173000,173000
63143180,KingSpec 노트북 DDR4-3200 CL17,KingSpec 노트북,DDR4,3200,CL17,16GB,16,38920,33150,33150,33150,33150,39800,39800,39800,39800,39800,39800,39800,35710,35710,35710,35710,35710,35710,35710,35710,35710,35710,35710,35710,35810,41250,41500,41500,41500,41500
63143180,KingSpec 노트북 DDR4-3200 CL17,KingSpec 노트북,DDR4,3200,CL17,8GB,8,22900,19550,19550,19550,19550,19550,19550,19550,19550,19550,22750,22900,20790,20790,20790,20790,20790,20790,20790,20790,20790,20790,20790,20790,20790,23890,23900,23900,23900,23900
63143180,KingSpec 노트북 DDR4-3200 CL17,KingSpec 노트북,DDR4,3200,CL17,32GB,32,0,0,0,0,0,0,88200,88200,88200,88200,88200,88200,80850,80850,80850,80850,80850,80850,80850,80850,80850,80850,80850,80850,80850,88420,0,0,0,0
12702368,OCPC DDR4-3200 CL16 HyperBeast Edition 패키지,OCPC HyperBeast Edition 패키지,DDR4,3200,CL16,16GB(8GX2),16,102360,102360,102360,102360,102360,102360,102360,102360,102360,102360,102360,102360,102360,102360,102360,102360,102360,102360,102360,102360,102360,102360,102360,102360,102360,102360,102360,102360,102360,102360
12692900,OCPC DDR4-3200 CL16 X3TREME RGB WHITE 패키지,OCPC X3TREME RGB WHITE 패키지,DDR4,3200,CL16,64GB(32GX2),64,529000,529000,529000,529000,529000,529000,529000,529000,529000,529000,529000,529000,529000,529000,529000,529000,529000,529000,529000,529000,529000,529000,529000,529000,529000,529000,529000,529000,529000,529000
13612193,OCPC DDR4-3200 CL16-20-20 XT II BLACK,OCPC -20-20 XT II BLACK,DDR4,3200,CL16,16GB,16,45910,45910,45910,45910,45910,45910,45910,45910,45910,45910,45910,45910,45910,0,0,0,0,0,0,0,0,0,0,0,0,0,0,0,0,0
13612193,OCPC DDR4-3200 CL16-20-20 XT II BLACK,OCPC -20-20 XT II BLACK,DDR4,3200,CL16,8GB,8,54900,54900,54900,54900,54900,54900,54900,54900,54900,54900,54900,54900,54900,0,0,0,0,0,0,0,0,0,0,0,0,0,0,0,0,0
13612172,OCPC DDR4-3200 CL16-20-20 XT II BLACK,OCPC -20-20 XT II BLACK,DDR4,3200,CL16,8GB,8,0,0,0,0,0,0,0,0,0,0,0,0,0,54900,54900,54900,54900,54900,54900,54900,54900,54900,54900,54900,54900,54900,54900,54900,54900,54900
13612247,OCPC DDR4-3200 CL16-20-20 XT II WHITE,OCPC -20-20 XT II WHITE,DDR4,3200,CL16,16GB,16,239500,239500,239500,239500,239500,239500,239500,239500,239500,239500,239500,239500,239500,239500,239500,239500,239500,239500,239500,239500,239500,239500,239500,239500,239500,239500,239500,239500,239500,239500
12709241,OCPC DDR4-3600 CL16 X3TREME BLACK LABEL 패키지,OCPC X3TREME BLACK LABEL 패키지,DDR4,3600,CL16,16GB(8GX2),16,170000,170000,170000,170000,170000,170000,170000,170000,170000,170000,170000,170000,170000,170000,170000,170000,170000,170000,170000,170000,170000,170000,170000,170000,170000,170000,170000,170000,170000,170000
12693101,OCPC DDR4-3600 CL18 X3TREME RGB WHITE 패키지,OCPC X3TREME RGB WHITE 패키지,DDR4,3600,CL18,32GB(16GX2),32,240190,240190,240190,240190,240190,240190,240190,240190,240190,240190,240190,240190,240190,240190,240190,240190,240190,240190,240190,240190,240190,240190,240190,240190,240190,240190,240190,240190,240190,240190
12709319,OCPC DDR4-4000 CL19 X3TREME BLACK LABEL 패키지,OCPC X3TREME BLACK LABEL 패키지,DDR4,4000,CL19,16GB(8GX2),16,56320,56320,56320,56320,56320,56320,56320,56320,56320,56320,56320,56320,56320,56320,56320,56320,56320,56320,56320,56320,56320,56320,56320,56320,56320,56320,56320,56320,56320,56320
12690140,OCPC DDR4-4000 CL19 X3TREME RGB BLACK 패키지,OCPC X3TREME RGB BLACK 패키지,DDR4,4000,CL19,16GB(8GX2),16,58040,58040,58040,58040,58040,58040,58040,58040,58040,58040,58040,58040,58040,58040,58040,58040,58040,58040,58040,58040,58040,58040,58040,58040,58040,58040,58040,58040,58040,58040
12694913,OCPC DDR4-4000 CL19 X3TREME RGB Pink 패키지,OCPC X3TREME RGB Pink 패키지,DDR4,4000,CL19,16GB(8GX2),16,115000,115000,115000,115000,115000,115000,115000,115000,115000,115000,115000,115000,115000,115000,115000,115000,115000,115000,115000,115000,115000,115000,115000,115000,115000,115000,115000,115000,115000,115000
12709343,OCPC DDR4-4266 CL19 X3TREME BLACK LABEL 패키지,OCPC X3TREME BLACK LABEL 패키지,DDR4,4266,CL19,16GB(8GX2),16,78520,78520,78520,78520,78520,78520,78520,78520,78520,78520,78520,78520,78520,78520,78520,78520,78520,78520,78520,78520,78520,78520,78520,78520,78520,78520,78520,78520,78520,78520
15724712,OCPC DDR5-4800 CL40 PISTA RGB 패키지,OCPC PISTA RGB 패키지,DDR5,4800,CL40,32GB(16GX2),32,336000,336000,336000,336000,336000,336000,336000,336000,336000,336000,336000,336000,336000,336000,336000,336000,336000,336000,336000,336000,336000,336000,336000,336000,336000,336000,336000,336000,336000,336000
12805592,OLOy DDR4-3200 CL14 WarHawk PLATINUM SE RGB White 패키지 올로이앤코,OLOy WarHawk PLATINUM SE RGB White 패키지 올로이앤코,DDR4,3200,CL14,16GB(8GX2),16,245000,245000,245000,245000,245000,245000,245000,245000,245000,245000,245000,245000,245000,245000,245000,245000,245000,245000,245000,245000,245000,245000,245000,245000,245000,245000,245000,245000,245000,245000
13098071,OLOy DDR4-3200 CL16 WarHawk Black RGB 패키지 올로이앤코,OLOy WarHawk Black RGB 패키지 올로이앤코,DDR4,3200,CL16,16GB(8GX2),16,112320,112320,112320,112320,112320,112320,112320,112320,112320,112320,112320,112320,112320,112320,112320,112320,112320,112320,112320,112320,112320,112320,112320,112320,112320,112320,112320,112320,112320,112320
16745570,OLOy DDR4-3600 CL14 BLADE RGB AL 패키지 올로이앤코,OLOy BLADE RGB AL 패키지 올로이앤코,DDR4,3600,CL14,16GB(8GX2),16,157710,157700,157690,157680,157650,157530,157450,157450,157450,157100,157090,157090,157070,157070,157070,157070,157060,157050,157050,157050,157050,157050,157050,157050,157050,157030,157030,157030,157030,157030
13723196,OLOy DDR4-3600 CL18 BLADE RGB Black 패키지,OLOy BLADE RGB Black 패키지,DDR4,3600,CL18,32GB(16GX2),32,224040,224040,224040,224040,224040,224040,224040,224040,224040,224040,224040,224040,224040,224040,224040,224040,224040,224040,224040,224040,224040,224040,224040,224040,224040,224040,224040,224040,224040,224040
13723130,OLOy DDR4-3600 CL18 BLADE RGB Black 패키지 올로이앤코,OLOy BLADE RGB Black 패키지 올로이앤코,DDR4,3600,CL18,16GB(8GX2),16,68240,68240,68240,68240,68240,68240,68240,68240,68240,68240,68240,68240,68240,68240,68240,68240,68240,68240,68240,68240,68240,68240,68240,68240,68240,68240,68240,68240,68240,68240
13723295,OLOy DDR4-3600 CL18 BLADE RGB White 패키지 올로이앤코,OLOy BLADE RGB White 패키지 올로이앤코,DDR4,3600,CL18,16GB(8GX2),16,120990,120990,120990,68280,68280,68280,68280,68280,68280,68280,68280,68280,68280,68280,68280,68280,68280,68280,68280,120990,120990,120990,120990,120990,120990,120990,120990,120990,120990,120990
16319639,OLOy DDR5-5200 CL36 BLADE RGB MIRROR 패키지 올로이앤코,OLOy BLADE RGB MIRROR 패키지 올로이앤코,DDR5,5200,CL36,32GB(16GX2),32,530000,530000,530000,530000,530000,530000,530000,530000,530000,530000,530000,530000,530000,530000,530000,530000,530000,530000,530000,530000,530000,530000,530000,530000,530000,530000,530000,530000,530000,530000
19389233,OLOy DDR5-5600 CL36 BLADE RGB Black 패키지 올로이앤코,OLOy BLADE RGB Black 패키지 올로이앤코,DDR5,5600,CL36,16GB(8GX2),16,149040,149040,118250,118250,118250,118250,118250,118250,118250,118250,118250,126990,126900,126870,126750,126630,126510,126390,120000,119990,118420,118420,118270,118210,118190,118140,118130,118100,117980,117860
16072955,OLOy DDR5-5600 CL36 BLADE RGB MIRROR 패키지 올로이앤코,OLOy BLADE RGB MIRROR 패키지 올로이앤코,DDR5,5600,CL36,16GB(8GX2),16,330000,330000,330000,330000,330000,330000,330000,330000,330000,330000,330000,330000,330000,330000,330000,330000,330000,330000,330000,330000,330000,330000,330000,330000,330000,330000,330000,330000,330000,330000
33368270,OLOy DDR5-6000 CL32 BLADE RGB Black 패키지,OLOy BLADE RGB Black 패키지,DDR5,6000,CL32,64GB(32GX2),64,348390,344070,344010,343980,343870,343750,0,0,0,0,0,0,0,0,0,0,0,0,0,0,0,0,0,0,0,0,0,0,0,0
33368270,OLOy DDR5-6000 CL32 BLADE RGB Black 패키지,OLOy BLADE RGB Black 패키지,DDR5,6000,CL32,32GB(16GX2),32,201380,201370,198000,197900,197790,197680,0,0,0,0,0,0,0,0,0,0,0,0,0,0,0,0,0,0,0,0,0,0,0,0
33368099,OLOy DDR5-6000 CL32 BLADE RGB Black 패키지,OLOy BLADE RGB Black 패키지,DDR5,6000,CL32,64GB(32GX2),64,0,0,0,0,0,0,343630,343510,343390,343270,343150,343030,343010,343010,343010,343010,343010,343010,343010,0,343010,343010,343010,343010,343010,343010,343010,343010,343010,343010
33368099,OLOy DDR5-6000 CL32 BLADE RGB Black 패키지,OLOy BLADE RGB Black 패키지,DDR5,6000,CL32,32GB(16GX2),32,0,0,0,0,0,0,197650,197530,197410,197290,197170,197050,196930,197490,197390,197360,197500,197490,197400,0,197500,197500,197500,197440,197330,197260,197250,197220,197100,197000
33368099,OLOy DDR5-6000 CL32 BLADE RGB Black 패키지,OLOy BLADE RGB Black 패키지,DDR5,6000,CL32,16GB(8GX2),16,0,0,0,0,0,0,0,0,0,0,0,0,95390,99990,99990,99990,99990,99990,99990,0,100000,100000,97650,97640,97640,99970,99950,99940,99930,99920
33368291,OLOy DDR5-6000 CL32 BLADE RGB Black 패키지,OLOy BLADE RGB Black 패키지,DDR5,6000,CL32,64GB(32GX2),64,0,0,0,0,0,0,0,0,0,0,0,0,0,0,0,0,0,0,0,343010,0,0,0,0,0,0,0,0,0,0
33368291,OLOy DDR5-6000 CL32 BLADE RGB Black 패키지,OLOy BLADE RGB Black 패키지,DDR5,6000,CL32,32GB(16GX2),32,0,0,0,0,0,0,0,0,0,0,0,0,0,0,0,0,0,0,0,197500,0,0,0,0,0,0,0,0,0,0
33368291,OLOy DDR5-6000 CL32 BLADE RGB Black 패키지,OLOy BLADE RGB Black 패키지,DDR5,6000,CL32,16GB(8GX2),16,0,0,0,0,0,0,0,0,0,0,0,0,0,0,0,0,0,0,0,100000,0,0,0,0,0,0,0,0,0,0
17770829,OLOy DDR5-6000 CL32 BLADE RGB MIRROR 패키지 올로이앤코,OLOy BLADE RGB MIRROR 패키지 올로이앤코,DDR5,6000,CL32,32GB(16GX2),32,197920,197920,197920,197920,197900,197880,197840,197840,197840,197840,197840,197840,197800,197800,197800,197800,197790,197780,197780,197780,197780,197780,197780,197780,197780,197760,197760,197760,197760,197760
33368330,OLOy DDR5-6000 CL32 BLADE RGB White 패키지,OLOy BLADE RGB White 패키지,DDR5,6000,CL32,64GB(32GX2),64,348390,344070,344060,344040,343930,343810,343690,343570,343450,343330,343210,343090,343070,343070,343070,343070,343070,343070,0,0,343070,343070,343070,343070,343070,343070,343070,343070,343070,343070
33368330,OLOy DDR5-6000 CL32 BLADE RGB White 패키지,OLOy BLADE RGB White 패키지,DDR5,6000,CL32,32GB(16GX2),32,207790,207760,207660,207630,207520,207400,207280,207160,207040,206920,206800,206680,206650,206620,206500,206380,206260,206140,0,0,205780,205660,205540,205420,205320,205310,205280,205180,205170,205160
33368342,OLOy DDR5-6000 CL32 BLADE RGB White 패키지,OLOy BLADE RGB White 패키지,DDR5,6000,CL32,64GB(32GX2),64,0,0,0,0,0,0,0,0,0,0,0,0,0,0,0,0,0,0,343070,343070,0,0,0,0,0,0,0,0,0,0
33368342,OLOy DDR5-6000 CL32 BLADE RGB White 패키지,OLOy BLADE RGB White 패키지,DDR5,6000,CL32,32GB(16GX2),32,0,0,0,0,0,0,0,0,0,0,0,0,0,0,0,0,0,0,206020,205900,0,0,0,0,0,0,0,0,0,0
32494769,OLOy DDR5-6000 CL32 Lighting,OLOy Lighting,DDR5,6000,CL32,32GB,32,134620,134610,134600,134590,134560,134440,134320,134200,134080,133960,133840,0,0,0,135680,0,0,0,0,135680,135680,0,0,0,0,0,0,0,0,0
32494769,OLOy DDR5-6000 CL32 Lighting,OLOy Lighting,DDR5,6000,CL32,16GB,16,69690,69680,68800,68800,68800,68800,68800,68800,68800,68800,69990,0,0,0,69990,0,0,0,0,69990,69990,0,0,0,0,0,0,0,0,0
32494769,OLOy DDR5-6000 CL32 Lighting,OLOy Lighting,DDR5,6000,CL32,8GB,8,52790,44990,44990,44990,44990,45000,45000,45000,45000,45000,52890,0,0,0,52850,0,0,0,0,52850,52850,0,0,0,0,0,0,0,0,0
32494760,OLOy DDR5-6000 CL32 Lighting,OLOy Lighting,DDR5,6000,CL32,32GB,32,0,0,0,0,0,0,0,0,0,0,0,133720,135680,135680,0,135680,135680,135680,135680,0,0,135680,135680,135680,135680,135680,135680,135680,135680,135680
32494760,OLOy DDR5-6000 CL32 Lighting,OLOy Lighting,DDR5,6000,CL32,16GB,16,0,0,0,0,0,0,0,0,0,0,0,69960,69990,69990,0,69990,69990,69990,69990,0,0,69990,69990,69990,69920,69850,69840,69830,69820,69810
32494760,OLOy DDR5-6000 CL32 Lighting,OLOy Lighting,DDR5,6000,CL32,8GB,8,0,0,0,0,0,0,0,0,0,0,0,52860,52850,52850,0,52850,52850,52850,52850,0,0,52850,52850,52850,52850,52110,52090,52080,52070,52060
65308388,OLOy DDR5-6000 CL40,OLOy,DDR5,6000,CL40,8GB,8,0,0,0,0,0,0,46830,46830,46830,46830,46830,46830,46820,46820,46820,46820,46820,46820,46820,46820,46820,46820,46820,46820,46820,46820,46820,46820,46820,46820
15969377,OLOy DDR5-6200 CL32 BLADE RGB MIRROR 패키지 올로이앤코,OLOy BLADE RGB MIRROR 패키지 올로이앤코,DDR5,6200,CL32,32GB(16GX2),32,233990,233970,233960,233960,233920,233840,233730,233610,233490,233370,233250,233130,233110,233110,233110,233110,233110,233110,233110,233110,233110,233110,233110,233110,233110,233110,233110,233110,233110,233110
17769701,OLOy DDR5-6200 CL36 BLADE RGB MIRROR 패키지 올로이앤코,OLOy BLADE RGB MIRROR 패키지 올로이앤코,DDR5,6200,CL36,32GB(16GX2),32,233290,233290,233290,233300,233300,233300,233300,233300,233300,233300,233300,233300,233300,233300,233300,233300,233300,233300,233300,233300,233300,233300,233300,233300,233300,233300,233290,233290,233290,233290
33368420,OLOy DDR5-6400 CL32 BLADE RGB Black 패키지,OLOy BLADE RGB Black 패키지,DDR5,6400,CL32,64GB(32GX2),64,373810,349450,349450,349450,349450,349450,349450,349450,349450,349450,373880,373870,373860,373860,0,0,0,0,0,0,0,0,0,373860,373860,373860,373860,373860,373860,373860
33368420,OLOy DDR5-6400 CL32 BLADE RGB Black 패키지,OLOy BLADE RGB Black 패키지,DDR5,6400,CL32,32GB(16GX2),32,210790,210790,209670,209660,209660,208590,208590,208590,208590,208590,208590,213990,215390,215390,0,0,0,0,0,0,0,0,0,215390,215320,215230,215220,215210,215200,215190
33368429,OLOy DDR5-6400 CL32 BLADE RGB Black 패키지,OLOy BLADE RGB Black 패키지,DDR5,6400,CL32,64GB(32GX2),64,0,0,0,0,0,0,0,0,0,0,0,0,0,0,373860,373860,373860,373860,373860,373860,373860,373860,373860,0,0,0,0,0,0,0
33368429,OLOy DDR5-6400 CL32 BLADE RGB Black 패키지,OLOy BLADE RGB Black 패키지,DDR5,6400,CL32,32GB(16GX2),32,0,0,0,0,0,0,0,0,0,0,0,0,0,0,215390,215390,215390,215390,215390,215390,215390,215390,215390,0,0,0,0,0,0,0
19649867,OLOy DDR5-6400 CL32 BLADE RGB MIRROR 패키지 올로이앤코,OLOy BLADE RGB MIRROR 패키지 올로이앤코,DDR5,6400,CL32,64GB(32GX2),64,390440,390440,390440,390440,390420,390400,390360,390360,390360,390360,390360,390340,390300,390300,390300,390300,390290,390280,390280,390280,390280,390280,390280,390280,390280,390260,390260,390260,390260,390260
19649867,OLOy DDR5-6400 CL32 BLADE RGB MIRROR 패키지 올로이앤코,OLOy BLADE RGB MIRROR 패키지 올로이앤코,DDR5,6400,CL32,32GB(16GX2),32,227760,227730,227630,227620,227590,227470,227350,227230,227110,226990,226870,226750,226730,226730,226730,226730,226730,226730,226730,226730,226730,226730,226730,226730,226730,222900,222900,222900,222900,222900
33368474,OLOy DDR5-6400 CL32 BLADE RGB White 패키지,OLOy BLADE RGB White 패키지,DDR5,6400,CL32,64GB(32GX2),64,373710,354820,354820,354820,354820,354820,354820,354820,354820,354820,373880,373870,373860,373860,373860,0,0,373860,373860,373860,373860,373860,373860,0,0,0,0,0,0,0
33368474,OLOy DDR5-6400 CL32 BLADE RGB White 패키지,OLOy BLADE RGB White 패키지,DDR5,6400,CL32,32GB(16GX2),32,215760,215750,211820,211820,211820,211820,211820,211820,211820,211820,215480,215470,215430,215320,215200,0,0,214840,214720,214600,214480,214360,214240,0,0,0,0,0,0,0
33368492,OLOy DDR5-6400 CL32 BLADE RGB White 패키지,OLOy BLADE RGB White 패키지,DDR5,6400,CL32,64GB(32GX2),64,0,0,0,0,0,0,0,0,0,0,0,0,0,0,0,373860,373860,0,0,0,0,0,0,373860,373860,373860,373860,373860,373860,373860
33368492,OLOy DDR5-6400 CL32 BLADE RGB White 패키지,OLOy BLADE RGB White 패키지,DDR5,6400,CL32,32GB(16GX2),32,0,0,0,0,0,0,0,0,0,0,0,0,0,0,0,215080,214960,0,0,0,0,0,0,214130,214030,214030,215460,215460,215460,215460
39341669,OLOy DDR5-7000 CL36 BLADE RGB MIRROR 패키지 올로이앤코,OLOy BLADE RGB MIRROR 패키지 올로이앤코,DDR5,7000,CL36,48GB(24GX2),48,316490,316470,0,0,0,0,0,0,0,316000,316000,316000,315960,315960,315960,315960,315950,315940,315940,315940,315940,315940,315940,315940,315940,315920,315920,315920,315920,315920
39341669,OLOy DDR5-7000 CL36 BLADE RGB MIRROR 패키지 올로이앤코,OLOy BLADE RGB MIRROR 패키지 올로이앤코,DDR5,7000,CL36,32GB(16GX2),32,249000,249000,0,0,0,0,0,0,0,249000,249000,249000,249000,249000,249000,249000,249000,249000,249000,249000,249000,249000,249000,249000,249000,249000,249000,249000,249000,249000
39341735,OLOy DDR5-7000 CL36 BLADE RGB MIRROR 패키지 올로이앤코,OLOy BLADE RGB MIRROR 패키지 올로이앤코,DDR5,7000,CL36,48GB(24GX2),48,0,0,316460,316440,316330,316000,316000,316000,316000,0,0,0,0,0,0,0,0,0,0,0,0,0,0,0,0,0,0,0,0,0
39341735,OLOy DDR5-7000 CL36 BLADE RGB MIRROR 패키지 올로이앤코,OLOy BLADE RGB MIRROR 패키지 올로이앤코,DDR5,7000,CL36,32GB(16GX2),32,0,0,249000,249000,249000,249000,249000,249000,249000,0,0,0,0,0,0,0,0,0,0,0,0,0,0,0,0,0,0,0,0,0
52371644,OLOy DDR5-7600 CL36 BLADE RGB Black 패키지,OLOy BLADE RGB Black 패키지,DDR5,7600,CL36,32GB(16GX2),32,318890,307510,307510,307510,307510,307510,307510,307510,307510,307510,318890,318860,318840,318840,318840,318840,318840,318840,318840,318840,318840,318840,318840,318840,318840,318840,318840,318840,318840,318840
18920459,OLOy DDR5-7600 CL36 BLADE RGB MIRROR 패키지 올로이앤코,OLOy BLADE RGB MIRROR 패키지 올로이앤코,DDR5,7600,CL36,32GB(16GX2),32,653890,653870,653860,653830,653710,653590,653470,653350,653230,653110,652990,652870,652850,652850,652850,652850,652850,652850,652850,652850,652850,652850,652850,652850,652850,652850,652850,652850,652850,652850
52371647,OLOy DDR5-7600 CL36 BLADE RGB White 패키지,OLOy BLADE RGB White 패키지,DDR5,7600,CL36,32GB(16GX2),32,318890,307510,307510,307510,307510,307510,307510,307510,307510,307510,318890,318860,318840,318840,318840,318840,318840,318840,318840,318840,318840,318840,318840,318840,318840,318840,318840,318840,318840,318840
30331787,OWC 노트북 DDR4-3200 CL22 해외구매,OWC 노트북 해외구매,DDR4,3200,CL22,16GB,16,67620,67610,67600,67590,67560,67440,67320,67200,67080,66960,66840,67460,69640,68830,68830,69640,67850,67850,70170,70790,70790,70790,70790,70740,70720,70650,67830,67710,67590,67490
18452129,PATRIOT DDR3-1600 CL11 SIGNATURE,PATRIOT SIGNATURE,DDR3,1600,CL11,8GB,8,18990,18990,18980,18980,18980,18980,18980,18980,18980,0,18980,17490,17490,17490,0,0,0,0,0,0,0,0,0,0,16980,16980,16980,16980,16980,16980
18452129,PATRIOT DDR3-1600 CL11 SIGNATURE,PATRIOT SIGNATURE,DDR3,1600,CL11,4GB,4,11950,11950,11950,11950,11950,11950,11950,11950,11950,0,11950,11950,11950,11950,0,0,0,0,0,0,0,0,0,0,10960,10960,10970,10870,10830,10810
18452165,PATRIOT DDR3-1600 CL11 SIGNATURE,PATRIOT SIGNATURE,DDR3,1600,CL11,8GB,8,0,0,0,0,0,0,0,0,0,18980,0,0,0,0,17490,17490,17490,17490,17490,17490,17000,17000,17000,17000,0,0,0,0,0,0
18452165,PATRIOT DDR3-1600 CL11 SIGNATURE,PATRIOT SIGNATURE,DDR3,1600,CL11,4GB,4,0,0,0,0,0,0,0,0,0,11950,0,0,0,0,11950,11950,11950,11950,11950,11950,11000,11000,11000,11000,0,0,0,0,0,0
8607236,PATRIOT DDR4-2666 CL19 SIGNATURE,PATRIOT SIGNATURE,DDR4,2666,CL19,32GB,32,75310,75310,0,75310,75310,75310,75310,75310,75310,75310,73080,71780,0,0,0,0,0,73000,73000,0,0,0,73000,73000,73000,73000,73000,73000,73000,73000
8607236,PATRIOT DDR4-2666 CL19 SIGNATURE,PATRIOT SIGNATURE,DDR4,2666,CL19,16GB,16,35150,35150,0,35640,35100,35100,35100,35100,35090,35090,35090,35090,0,0,0,0,0,35090,35090,0,0,0,35090,35050,35090,35490,35490,35450,35410,35440
8607236,PATRIOT DDR4-2666 CL19 SIGNATURE,PATRIOT SIGNATURE,DDR4,2666,CL19,8GB,8,20510,20480,0,20370,20340,20220,20100,19980,19860,19740,19670,19940,0,0,0,0,0,18990,18990,0,0,0,17980,17980,17800,17790,17790,17770,17750,17750
8607236,PATRIOT DDR4-2666 CL19 SIGNATURE,PATRIOT SIGNATURE,DDR4,2666,CL19,4GB,4,12030,12030,0,12030,12030,12030,12030,12030,12030,12030,12030,12030,0,0,0,0,0,12030,12030,0,0,0,12030,12030,12030,12030,12030,12030,12030,12030
8607056,PATRIOT DDR4-2666 CL19 SIGNATURE,PATRIOT SIGNATURE,DDR4,2666,CL19,32GB,32,0,0,75310,0,0,0,0,0,0,0,0,0,0,0,0,0,0,0,0,0,0,0,0,0,0,0,0,0,0,0
8607056,PATRIOT DDR4-2666 CL19 SIGNATURE,PATRIOT SIGNATURE,DDR4,2666,CL19,16GB,16,0,0,35640,0,0,0,0,0,0,0,0,0,0,0,0,0,0,0,0,0,0,0,0,0,0,0,0,0,0,0
8607056,PATRIOT DDR4-2666 CL19 SIGNATURE,PATRIOT SIGNATURE,DDR4,2666,CL19,8GB,8,0,0,20380,0,0,0,0,0,0,0,0,0,0,0,0,0,0,0,0,0,0,0,0,0,0,0,0,0,0,0
8607056,PATRIOT DDR4-2666 CL19 SIGNATURE,PATRIOT SIGNATURE,DDR4,2666,CL19,4GB,4,0,0,12030,0,0,0,0,0,0,0,0,0,0,0,0,0,0,0,0,0,0,0,0,0,0,0,0,0,0,0
11445180,PATRIOT DDR4-2666 CL19 SIGNATURE,PATRIOT SIGNATURE,DDR4,2666,CL19,32GB,32,0,0,0,0,0,0,0,0,0,0,0,0,71780,73000,73000,73000,73000,0,0,0,0,0,0,0,0,0,0,0,0,0
11445180,PATRIOT DDR4-2666 CL19 SIGNATURE,PATRIOT SIGNATURE,DDR4,2666,CL19,16GB,16,0,0,0,0,0,0,0,0,0,0,0,0,35090,35090,35090,35090,35090,0,0,0,0,0,0,0,0,0,0,0,0,0
11445180,PATRIOT DDR4-2666 CL19 SIGNATURE,PATRIOT SIGNATURE,DDR4,2666,CL19,8GB,8,0,0,0,0,0,0,0,0,0,0,0,0,18990,18990,18990,18990,18990,0,0,0,0,0,0,0,0,0,0,0,0,0
11445180,PATRIOT DDR4-2666 CL19 SIGNATURE,PATRIOT SIGNATURE,DDR4,2666,CL19,4GB,4,0,0,0,0,0,0,0,0,0,0,0,0,12030,12030,12030,12030,12030,0,0,0,0,0,0,0,0,0,0,0,0,0
8607164,PATRIOT DDR4-2666 CL19 SIGNATURE,PATRIOT SIGNATURE,DDR4,2666,CL19,32GB,32,0,0,0,0,0,0,0,0,0,0,0,0,0,0,0,0,0,0,0,73000,73000,73000,0,0,0,0,0,0,0,0
8607164,PATRIOT DDR4-2666 CL19 SIGNATURE,PATRIOT SIGNATURE,DDR4,2666,CL19,16GB,16,0,0,0,0,0,0,0,0,0,0,0,0,0,0,0,0,0,0,0,35090,35090,35090,0,0,0,0,0,0,0,0
8607164,PATRIOT DDR4-2666 CL19 SIGNATURE,PATRIOT SIGNATURE,DDR4,2666,CL19,8GB,8,0,0,0,0,0,0,0,0,0,0,0,0,0,0,0,0,0,0,0,18990,17980,17980,0,0,0,0,0,0,0,0
8607164,PATRIOT DDR4-2666 CL19 SIGNATURE,PATRIOT SIGNATURE,DDR4,2666,CL19,4GB,4,0,0,0,0,0,0,0,0,0,0,0,0,0,0,0,0,0,0,0,12030,12030,12030,0,0,0,0,0,0,0,0
7908502,PATRIOT DDR4-3200 CL16 VIPER STEEL,PATRIOT VIPER STEEL,DDR4,3200,CL16,32GB,32,95840,0,0,0,0,0,0,0,0,0,0,0,0,0,0,0,0,0,0,91880,87090,0,0,0,58500,0,0,0,0,0
7908502,PATRIOT DDR4-3200 CL16 VIPER STEEL,PATRIOT VIPER STEEL,DDR4,3200,CL16,16GB,16,49820,0,0,0,0,0,0,0,0,0,0,0,0,0,0,0,0,0,0,46420,44500,0,0,0,44190,0,0,0,0,0
7908502,PATRIOT DDR4-3200 CL16 VIPER STEEL,PATRIOT VIPER STEEL,DDR4,3200,CL16,8GB,8,25420,0,0,0,0,0,0,0,0,0,0,0,0,0,0,0,0,0,0,24980,23740,0,0,0,23450,0,0,0,0,0
7908337,PATRIOT DDR4-3200 CL16 VIPER STEEL,PATRIOT VIPER STEEL,DDR4,3200,CL16,32GB,32,0,95830,95820,95810,95780,95660,95540,0,0,0,0,0,0,0,91880,91880,91880,91880,91880,0,0,87080,87090,87090,0,0,0,0,0,0
7908337,PATRIOT DDR4-3200 CL16 VIPER STEEL,PATRIOT VIPER STEEL,DDR4,3200,CL16,16GB,16,0,49810,49800,49790,49760,49640,49520,0,0,0,0,0,0,0,46420,46420,46420,46420,46420,0,0,44490,44500,44500,0,0,0,0,0,0
7908337,PATRIOT DDR4-3200 CL16 VIPER STEEL,PATRIOT VIPER STEEL,DDR4,3200,CL16,8GB,8,0,25420,25500,25500,25500,25270,25270,0,0,0,0,0,0,0,24980,24980,24980,24980,24980,0,0,23730,23740,23740,0,0,0,0,0,0
11116698,PATRIOT DDR4-3200 CL16 VIPER STEEL,PATRIOT VIPER STEEL,DDR4,3200,CL16,32GB,32,0,0,0,0,0,0,0,95420,95360,95240,95150,91900,91860,91880,0,0,0,0,0,0,0,0,0,0,0,86990,86920,86820,86780,86660
11116698,PATRIOT DDR4-3200 CL16 VIPER STEEL,PATRIOT VIPER STEEL,DDR4,3200,CL16,16GB,16,0,0,0,0,0,0,0,49400,49340,49220,49100,46440,46410,46420,0,0,0,0,0,0,0,0,0,0,0,44180,44190,44160,44120,44030
11116698,PATRIOT DDR4-3200 CL16 VIPER STEEL,PATRIOT VIPER STEEL,DDR4,3200,CL16,8GB,8,0,0,0,0,0,0,0,25270,25260,25260,25260,24990,24980,24980,0,0,0,0,0,0,0,0,0,0,0,23440,23360,23260,23220,23130
20631608,PATRIOT DDR4-3200 CL16 VIPER STEEL 패키지,PATRIOT VIPER STEEL 패키지,DDR4,3200,CL16,16GB(8GX2),16,49760,49750,0,0,0,0,0,0,0,0,0,0,0,0,0,0,0,0,0,46480,44640,44580,44520,44520,44450,44400,44380,44280,44240,0
20631608,PATRIOT DDR4-3200 CL16 VIPER STEEL 패키지,PATRIOT VIPER STEEL 패키지,DDR4,3200,CL16,32GB(16GX2),32,95000,95000,0,0,0,0,0,0,0,0,0,0,0,0,0,0,0,0,0,89690,87090,87030,86970,86960,86910,86830,86800,86670,86600,0
20631608,PATRIOT DDR4-3200 CL16 VIPER STEEL 패키지,PATRIOT VIPER STEEL 패키지,DDR4,3200,CL16,64GB(32GX2),64,187100,187090,0,0,0,0,0,0,0,0,0,0,0,0,0,0,0,0,0,188120,180090,180030,179970,179970,178290,178290,178240,178210,178160,0
20631710,PATRIOT DDR4-3200 CL16 VIPER STEEL 패키지,PATRIOT VIPER STEEL 패키지,DDR4,3200,CL16,16GB(8GX2),16,0,0,51990,51990,51990,51990,51990,51990,0,51980,51980,46490,46480,46480,46480,46480,46480,46480,46480,0,0,0,0,0,0,0,0,0,0,0
20631710,PATRIOT DDR4-3200 CL16 VIPER STEEL 패키지,PATRIOT VIPER STEEL 패키지,DDR4,3200,CL16,32GB(16GX2),32,0,0,95540,97620,95500,95500,95500,95500,0,95490,95490,89700,89690,89690,89690,89690,89690,89690,89690,0,0,0,0,0,0,0,0,0,0,0
20631710,PATRIOT DDR4-3200 CL16 VIPER STEEL 패키지,PATRIOT VIPER STEEL 패키지,DDR4,3200,CL16,64GB(32GX2),64,0,0,190190,194370,194370,194370,194370,194370,0,194360,194360,188190,188180,188180,188180,188180,188180,188180,188180,0,0,0,0,0,0,0,0,0,0,0
20631782,PATRIOT DDR4-3200 CL16 VIPER STEEL 패키지,PATRIOT VIPER STEEL 패키지,DDR4,3200,CL16,16GB(8GX2),16,0,0,0,0,0,0,0,0,51980,0,0,0,0,0,0,0,0,0,0,0,0,0,0,0,0,0,0,0,0,44120
20631782,PATRIOT DDR4-3200 CL16 VIPER STEEL 패키지,PATRIOT VIPER STEEL 패키지,DDR4,3200,CL16,32GB(16GX2),32,0,0,0,0,0,0,0,0,95490,0,0,0,0,0,0,0,0,0,0,0,0,0,0,0,0,0,0,0,0,86500
20631782,PATRIOT DDR4-3200 CL16 VIPER STEEL 패키지,PATRIOT VIPER STEEL 패키지,DDR4,3200,CL16,64GB(32GX2),64,0,0,0,0,0,0,0,0,194360,0,0,0,0,0,0,0,0,0,0,0,0,0,0,0,0,0,0,0,0,178160
11445216,PATRIOT DDR4-3200 CL22 SIGNATURE,PATRIOT SIGNATURE,DDR4,3200,CL22,32GB,32,74640,74640,74640,74640,0,74640,0,0,74640,74640,77000,77000,0,0,77000,76990,0,76990,0,0,74230,0,0,0,0,73990,0,0,0,0
11445216,PATRIOT DDR4-3200 CL22 SIGNATURE,PATRIOT SIGNATURE,DDR4,3200,CL22,16GB,16,35480,35480,35480,35480,0,35480,0,0,35480,35480,37000,37000,0,0,36990,36990,0,36990,0,0,36990,0,0,0,0,36990,0,0,0,0
11445216,PATRIOT DDR4-3200 CL22 SIGNATURE,PATRIOT SIGNATURE,DDR4,3200,CL22,8GB,8,20710,20640,20540,20510,0,20280,0,0,20610,20500,20660,20660,0,0,20650,20650,0,20650,0,0,20590,0,0,0,0,18990,0,0,0,0
11445219,PATRIOT DDR4-3200 CL22 SIGNATURE,PATRIOT SIGNATURE,DDR4,3200,CL22,32GB,32,0,0,0,0,74640,0,74640,74640,0,0,0,0,76990,76990,0,0,76990,0,76990,76980,0,74220,74220,74220,73990,0,73990,73950,73910,73940
11445219,PATRIOT DDR4-3200 CL22 SIGNATURE,PATRIOT SIGNATURE,DDR4,3200,CL22,16GB,16,0,0,0,0,35480,0,35480,35480,0,0,0,0,36990,36990,0,0,36990,0,36990,36990,0,36990,36990,36990,36990,0,36990,36950,36910,36810
11445219,PATRIOT DDR4-3200 CL22 SIGNATURE,PATRIOT SIGNATURE,DDR4,3200,CL22,8GB,8,0,0,0,0,20400,0,20170,20650,0,0,0,0,20650,20650,0,0,20650,0,20650,20590,0,20540,20480,19020,18990,0,18990,18990,18980,18980
20634959,PATRIOT DDR4-3600 CL18 VIPER STEEL,PATRIOT VIPER STEEL,DDR4,3600,CL18,32GB,32,94800,94790,94780,0,0,0,0,0,0,0,0,0,0,0,0,0,93940,93940,93940,0,93940,0,0,0,0,0,0,0,0,0
20634959,PATRIOT DDR4-3600 CL18 VIPER STEEL,PATRIOT VIPER STEEL,DDR4,3600,CL18,16GB,16,50750,50730,50720,0,0,0,0,0,0,0,0,0,0,0,0,0,49850,49850,49850,0,49850,0,0,0,0,0,0,0,0,0
20634959,PATRIOT DDR4-3600 CL18 VIPER STEEL,PATRIOT VIPER STEEL,DDR4,3600,CL18,8GB,8,26720,26690,26590,0,0,0,0,0,0,0,0,0,0,0,0,0,25650,25650,25650,0,25650,0,0,0,0,0,0,0,0,0
11116674,PATRIOT DDR4-3600 CL18 VIPER STEEL,PATRIOT VIPER STEEL,DDR4,3600,CL18,32GB,32,0,0,0,94770,94740,94620,94500,94380,94320,94200,94080,93960,93930,93940,93940,93940,0,0,0,0,0,93940,93940,93940,93940,93940,93940,93940,93940,93940
11116674,PATRIOT DDR4-3600 CL18 VIPER STEEL,PATRIOT VIPER STEEL,DDR4,3600,CL18,16GB,16,0,0,0,50720,50650,50530,50410,50290,50230,50110,49990,49870,49850,49850,49850,49850,0,0,0,0,0,49850,49850,49850,48950,48900,48890,48880,48840,48740
11116674,PATRIOT DDR4-3600 CL18 VIPER STEEL,PATRIOT VIPER STEEL,DDR4,3600,CL18,8GB,8,0,0,0,26560,26450,26330,26210,26090,26030,25910,25790,25670,25650,25650,25650,25650,0,0,0,0,0,25650,25650,25650,25650,25940,25910,25790,25670,25580
12147785,PATRIOT DDR4-3600 CL18 VIPER STEEL,PATRIOT VIPER STEEL,DDR4,3600,CL18,32GB,32,0,0,0,0,0,0,0,0,0,0,0,0,0,0,0,0,0,0,0,93940,0,0,0,0,0,0,0,0,0,0
12147785,PATRIOT DDR4-3600 CL18 VIPER STEEL,PATRIOT VIPER STEEL,DDR4,3600,CL18,16GB,16,0,0,0,0,0,0,0,0,0,0,0,0,0,0,0,0,0,0,0,49850,0,0,0,0,0,0,0,0,0,0
12147785,PATRIOT DDR4-3600 CL18 VIPER STEEL,PATRIOT VIPER STEEL,DDR4,3600,CL18,8GB,8,0,0,0,0,0,0,0,0,0,0,0,0,0,0,0,0,0,0,0,25650,0,0,0,0,0,0,0,0,0,0
20635190,PATRIOT DDR4-3600 CL18 VIPER STEEL 패키지,PATRIOT VIPER STEEL 패키지,DDR4,3600,CL18,16GB(8GX2),16,52640,52630,0,0,0,0,0,0,0,0,0,0,0,0,0,0,50980,50980,50980,0,0,0,0,0,0,0,0,0,0,0
20635190,PATRIOT DDR4-3600 CL18 VIPER STEEL 패키지,PATRIOT VIPER STEEL 패키지,DDR4,3600,CL18,32GB(16GX2),32,95900,95890,0,0,0,0,0,0,0,0,0,0,0,0,0,0,96990,96990,97000,0,0,0,0,0,0,0,0,0,0,0
20635190,PATRIOT DDR4-3600 CL18 VIPER STEEL 패키지,PATRIOT VIPER STEEL 패키지,DDR4,3600,CL18,64GB(32GX2),64,196700,196690,0,0,0,0,0,0,0,0,0,0,0,0,0,0,191980,191980,191980,0,0,0,0,0,0,0,0,0,0,0
20635229,PATRIOT DDR4-3600 CL18 VIPER STEEL 패키지,PATRIOT VIPER STEEL 패키지,DDR4,3600,CL18,16GB(8GX2),16,0,0,52630,54990,54990,54990,54990,54990,54980,54980,54980,50990,50980,50980,50980,50980,0,0,0,50980,50980,50980,50980,50980,48990,48950,48990,48960,48920,48830
20635229,PATRIOT DDR4-3600 CL18 VIPER STEEL 패키지,PATRIOT VIPER STEEL 패키지,DDR4,3600,CL18,32GB(16GX2),32,0,0,100000,99990,99990,99990,99990,99990,99980,99980,99980,97000,97000,97000,97000,96990,0,0,0,97000,96500,96490,96500,96500,94990,94950,94910,94880,94840,94750
20635229,PATRIOT DDR4-3600 CL18 VIPER STEEL 패키지,PATRIOT VIPER STEEL 패키지,DDR4,3600,CL18,64GB(32GX2),64,0,0,199990,204330,204330,204330,204330,204330,204320,204320,204320,191990,191980,191980,191980,191980,0,0,0,191980,191980,191980,191980,191980,186990,186980,186990,186940,186890,186890
7908745,PATRIOT DDR4-4000 CL19 VIPER STEEL 패키지,PATRIOT VIPER STEEL 패키지,DDR4,4000,CL19,16GB(8GX2),16,0,0,0,0,0,0,0,0,0,0,0,0,0,0,0,0,0,0,0,0,80000,80000,80000,80000,80000,80000,80000,80000,80000,80000
7908910,PATRIOT DDR4-4400 CL19 VIPER STEEL 패키지,PATRIOT VIPER STEEL 패키지,DDR4,4400,CL19,16GB(8GX2),16,0,0,0,0,0,0,0,0,0,0,0,0,0,0,0,0,0,0,0,0,101050,101050,101050,101050,101050,101050,101050,101050,101050,101050
32041955,PATRIOT DDR5-4800 CL40 SIGNATURE,PATRIOT SIGNATURE,DDR5,4800,CL40,32GB,32,113280,113270,113170,113160,113040,112920,112800,112680,112620,112500,112650,112650,112650,112650,112650,112650,112650,112650,112650,112650,112650,112650,112650,116990,116920,116830,116810,116710,116670,116550
32041955,PATRIOT DDR5-4800 CL40 SIGNATURE,PATRIOT SIGNATURE,DDR5,4800,CL40,16GB,16,63940,63930,63920,63890,63780,63660,63540,63420,63360,63240,63120,63000,62980,62980,62980,62980,62980,62980,62980,62980,59000,59000,59000,59000,58940,58860,58840,58960,58890,58790
32041955,PATRIOT DDR5-4800 CL40 SIGNATURE,PATRIOT SIGNATURE,DDR5,4800,CL40,8GB,8,38500,38500,38500,38500,38500,38500,38500,38500,38500,38500,38500,33160,34990,34990,34990,34990,34990,34990,34990,34990,34990,34990,34990,34990,34990,34990,34990,34990,34990,34990
30341150,PATRIOT DDR5-5200 CL36 VIPER VENOM 패키지,PATRIOT VIPER VENOM 패키지,DDR5,5200,CL36,16GB(8GX2),16,85870,85860,85850,85820,85710,85590,85470,85350,85230,85110,84990,84870,84850,84850,84850,84850,84850,84850,84850,84850,84850,84850,84850,84850,84850,84850,84850,84850,84850,84850
30350876,PATRIOT DDR5-5200 CL40 VIPER VENOM RGB 패키지,PATRIOT VIPER VENOM RGB 패키지,DDR5,5200,CL40,64GB(32GX2),64,259110,259070,259060,259030,258920,258800,258680,258560,258500,258380,258260,257990,257970,257940,257830,257710,257590,257470,257350,257270,257150,257030,256910,256790,256680,256650,256640,256630,256590,256490
30341201,PATRIOT DDR5-5200 CL40 VIPER VENOM 패키지,PATRIOT VIPER VENOM 패키지,DDR5,5200,CL40,64GB(32GX2),64,259950,259920,259820,259790,259680,259560,259440,259320,259260,259140,259020,253080,253060,253060,253060,253060,253060,253060,253060,253060,253060,253060,253060,253060,253060,253060,253060,253060,253060,253060
42860369,PATRIOT DDR5-5200 CL42 SIGNATURE,PATRIOT SIGNATURE,DDR5,5200,CL42,32GB,32,115890,115770,115670,115640,115530,115410,0,0,0,0,0,0,0,0,0,0,0,0,0,0,0,0,0,0,0,0,0,0,0,0
42860369,PATRIOT DDR5-5200 CL42 SIGNATURE,PATRIOT SIGNATURE,DDR5,5200,CL42,16GB,16,59050,59050,59050,59050,59050,59050,0,0,0,0,0,0,0,0,0,0,0,0,0,0,0,0,0,0,0,0,0,0,0,0
42860369,PATRIOT DDR5-5200 CL42 SIGNATURE,PATRIOT SIGNATURE,DDR5,5200,CL42,8GB,8,35640,35630,35620,35590,35480,35360,0,0,0,0,0,0,0,0,0,0,0,0,0,0,0,0,0,0,0,0,0,0,0,0
42860339,PATRIOT DDR5-5200 CL42 SIGNATURE,PATRIOT SIGNATURE,DDR5,5200,CL42,32GB,32,0,0,0,0,0,0,115290,115170,115110,114990,114870,114750,114730,114730,114730,114730,114730,114730,114730,114730,114730,114730,114730,114730,114730,114730,114730,114730,114730,114730
42860339,PATRIOT DDR5-5200 CL42 SIGNATURE,PATRIOT SIGNATURE,DDR5,5200,CL42,16GB,16,0,0,0,0,0,0,59050,59050,59050,59050,59500,59500,59490,59490,59490,59490,59490,59490,59490,59490,59490,59490,59490,59490,59490,59490,59490,59490,59490,59490
42860339,PATRIOT DDR5-5200 CL42 SIGNATURE,PATRIOT SIGNATURE,DDR5,5200,CL42,8GB,8,0,0,0,0,0,0,35240,35120,35000,34880,34760,34700,35500,35490,35490,35490,35490,35490,35490,35490,35490,35490,35490,35440,35340,35330,35320,35310,35300,35270
30350927,PATRIOT DDR5-5600 CL36 VIPER VENOM RGB 패키지,PATRIOT VIPER VENOM RGB 패키지,DDR5,5600,CL36,32GB(16GX2),32,148640,148520,148420,148390,148280,148160,148040,147920,147860,147740,147620,147500,147450,147340,147240,147240,147240,147240,147240,147230,147230,147230,147230,147210,147110,147100,147090,147080,147070,147040
30341243,PATRIOT DDR5-5600 CL36 VIPER VENOM 패키지,PATRIOT VIPER VENOM 패키지,DDR5,5600,CL36,32GB(16GX2),32,138070,138070,138070,138070,138070,138070,138070,138070,138070,138070,138070,138070,138070,138070,138070,138070,138070,138070,138070,138070,138070,138070,138070,138070,134190,134190,134190,134190,134180,134180
30499769,PATRIOT DDR5-5600 CL38 VIPER Elite 5 RGB,PATRIOT VIPER Elite 5 RGB,DDR5,5600,CL38,32GB,32,139000,138990,138980,138950,0,0,0,0,0,0,0,0,0,0,0,0,0,0,0,0,0,0,0,0,0,0,0,0,0,0
30499769,PATRIOT DDR5-5600 CL38 VIPER Elite 5 RGB,PATRIOT VIPER Elite 5 RGB,DDR5,5600,CL38,16GB,16,78140,78130,78120,78110,0,0,0,0,0,0,0,0,0,0,0,0,0,0,0,0,0,0,0,0,0,0,0,0,0,0
30499496,PATRIOT DDR5-5600 CL38 VIPER Elite 5 RGB,PATRIOT VIPER Elite 5 RGB,DDR5,5600,CL38,32GB,32,0,0,0,0,138840,138720,138600,138480,138360,138240,138120,138000,137910,137880,137760,137740,137740,137740,137740,137740,137740,137740,137740,137690,137670,137640,137630,137620,137610,137580
30499496,PATRIOT DDR5-5600 CL38 VIPER Elite 5 RGB,PATRIOT VIPER Elite 5 RGB,DDR5,5600,CL38,16GB,16,0,0,0,0,78080,77960,77840,77720,77660,77540,77420,77300,77250,77280,77280,77280,77280,77280,77280,77280,77280,77280,77280,77280,77280,77280,77280,77280,77280,77280
30350966,PATRIOT DDR5-5600 CL40 VIPER VENOM RGB 패키지,PATRIOT VIPER VENOM RGB 패키지,DDR5,5600,CL40,64GB(32GX2),64,275870,275860,275850,275820,275710,275590,275470,275350,275290,275170,275050,274930,274880,274910,274910,274910,274910,274910,274910,274910,274910,274910,274910,274910,274910,274910,274910,274910,274910,274910
30341267,PATRIOT DDR5-5600 CL40 VIPER VENOM 패키지,PATRIOT VIPER VENOM 패키지,DDR5,5600,CL40,64GB(32GX2),64,252010,252010,252010,252010,259000,258970,258850,258730,258670,258550,258430,258310,261790,265990,0,0,0,0,0,0,0,0,0,0,0,0,0,0,0,0
30341267,PATRIOT DDR5-5600 CL40 VIPER VENOM 패키지,PATRIOT VIPER VENOM 패키지,DDR5,5600,CL40,16GB(8GX2),16,78420,78410,78400,78370,78260,78140,78020,77900,77840,77720,77600,77480,77360,77870,0,0,0,0,0,0,0,0,0,0,0,0,0,0,0,0
30341174,PATRIOT DDR5-5600 CL40 VIPER VENOM 패키지,PATRIOT VIPER VENOM 패키지,DDR5,5600,CL40,64GB(32GX2),64,0,0,0,0,0,0,0,0,0,0,0,0,0,0,258700,258700,258700,258700,258700,258700,258700,258700,258700,258700,258700,258700,258700,258700,258700,258700
30341174,PATRIOT DDR5-5600 CL40 VIPER VENOM 패키지,PATRIOT VIPER VENOM 패키지,DDR5,5600,CL40,16GB(8GX2),16,0,0,0,0,0,0,0,0,0,0,0,0,0,0,77870,77870,77870,77870,77870,77870,77870,77870,77870,77870,77860,77850,77840,77810,77760,77750
57709748,PATRIOT DDR5-5600 CL46 EVO,PATRIOT EVO,DDR5,5600,CL46,32GB,32,115040,115040,115040,115040,115040,115040,115040,115040,115040,115040,115040,114000,114000,114000,114000,114000,114000,114000,114000,114000,114000,114000,114000,114000,114000,114000,113990,113990,113980,113980
57709748,PATRIOT DDR5-5600 CL46 EVO,PATRIOT EVO,DDR5,5600,CL46,16GB,16,56980,52060,52060,52060,52060,52060,52060,52060,52060,52060,56980,56980,56950,56950,56950,56950,56950,56950,56950,56930,56930,56930,56930,56930,56930,56930,56930,56930,56910,56910
57709748,PATRIOT DDR5-5600 CL46 EVO,PATRIOT EVO,DDR5,5600,CL46,8GB,8,33710,33710,33710,33710,33710,33710,33710,33710,33710,33710,33710,33710,33710,33710,33710,33710,33710,33710,33710,33710,33710,33710,33710,33710,33710,33710,33710,33710,33710,33710
19391135,PATRIOT DDR5-5600 CL46 SIGNATURE,PATRIOT SIGNATURE,DDR5,5600,CL46,32GB,32,118230,118230,118230,118230,118230,118230,118230,118230,118230,118230,118230,0,118230,118230,118230,116270,116270,0,0,118320,117290,0,0,0,0,114900,114840,114740,114700,114600
19391135,PATRIOT DDR5-5600 CL46 SIGNATURE,PATRIOT SIGNATURE,DDR5,5600,CL46,16GB,16,66150,66150,66880,66850,66740,66620,66500,66380,66320,66200,64440,0,64520,64520,64520,64520,64490,0,0,64490,64490,0,0,0,0,58970,58960,58960,58960,58960
19390859,PATRIOT DDR5-5600 CL46 SIGNATURE,PATRIOT SIGNATURE,DDR5,5600,CL46,32GB,32,0,0,0,0,0,0,0,0,0,0,0,118230,0,0,0,0,0,116270,116270,0,0,117240,117180,118980,114950,0,0,0,0,0
19390859,PATRIOT DDR5-5600 CL46 SIGNATURE,PATRIOT SIGNATURE,DDR5,5600,CL46,16GB,16,0,0,0,0,0,0,0,0,0,0,0,64410,0,0,0,0,0,64490,64490,0,0,64490,64490,59030,59000,0,0,0,0,0
56144432,PATRIOT DDR5-6000 CL30 VIPER VENOM RGB 패키지,PATRIOT VIPER VENOM RGB 패키지,DDR5,6000,CL30,64GB(32GX2),64,297500,297500,297500,297500,297500,297500,297500,297500,297500,284960,284960,284960,284960,284960,284960,284960,284960,284960,284960,284960,284960,284960,284960,284960,284960,284960,284960,284960,284960,284960
56144432,PATRIOT DDR5-6000 CL30 VIPER VENOM RGB 패키지,PATRIOT VIPER VENOM RGB 패키지,DDR5,6000,CL30,32GB(16GX2),32,154550,154550,154550,154560,154560,154560,154560,154560,154550,154550,154550,154550,154550,154550,154550,154550,154550,154550,154550,154550,154550,154550,154550,154550,154550,154550,154550,154550,154550,154550
56144513,PATRIOT DDR5-6000 CL30 VIPER VENOM 패키지,PATRIOT VIPER VENOM 패키지,DDR5,6000,CL30,64GB(32GX2),64,291380,291380,291380,295500,295500,295500,295500,295500,295500,282970,282970,279090,279080,279080,279080,279080,279080,279080,279080,279080,279080,279080,279080,279080,269430,269430,269430,269430,269420,269420
56144513,PATRIOT DDR5-6000 CL30 VIPER VENOM 패키지,PATRIOT VIPER VENOM 패키지,DDR5,6000,CL30,32GB(16GX2),32,150490,150490,150490,150490,150490,150490,150490,150490,150490,142900,142900,142900,142900,142900,142900,142900,142900,142900,142900,142900,142900,142900,142900,142900,140070,140070,140070,140070,140060,140060
56144501,PATRIOT DDR5-6000 CL30 VIPER VENOM 패키지,PATRIOT VIPER VENOM 패키지,DDR5,6000,CL30,64GB(32GX2),64,291380,0,0,0,0,0,0,0,0,282970,282970,279090,279080,279080,279080,279080,279080,279080,0,0,0,0,279080,279080,269430,269430,269430,269430,269420,269420
56144501,PATRIOT DDR5-6000 CL30 VIPER VENOM 패키지,PATRIOT VIPER VENOM 패키지,DDR5,6000,CL30,32GB(16GX2),32,150490,0,0,0,0,0,0,0,0,142900,142900,142900,142900,142900,142900,142900,142900,142900,0,0,0,0,142900,142900,140070,140070,140070,140070,140060,140060
30350996,PATRIOT DDR5-6000 CL36 VIPER VENOM RGB 패키지,PATRIOT VIPER VENOM RGB 패키지,DDR5,6000,CL36,32GB(16GX2),32,159350,159480,159480,159480,159480,159480,159480,159480,159480,159480,159480,159480,159480,159480,159470,159470,159470,159470,159480,159480,159470,159470,159480,159480,159430,159430,159470,159440,159430,159430
30341372,PATRIOT DDR5-6000 CL36 VIPER VENOM 패키지,PATRIOT VIPER VENOM 패키지,DDR5,6000,CL36,32GB(16GX2),32,155790,155790,155790,164440,156220,156220,156220,156220,156220,147990,156220,148000,148000,148000,148000,148000,148000,148000,148000,148000,148000,148000,148000,148000,145000,145000,145000,145000,145000,145000
30341372,PATRIOT DDR5-6000 CL36 VIPER VENOM 패키지,PATRIOT VIPER VENOM 패키지,DDR5,6000,CL36,64GB(32GX2),64,0,0,0,0,293000,293000,293000,293000,293000,293000,335360,0,304210,304210,304210,304210,304210,304210,304210,304210,304210,304210,304210,299000,291600,293680,293680,293680,293680,293680
30499826,PATRIOT DDR5-6000 CL42 VIPER Elite 5 RGB,PATRIOT VIPER Elite 5 RGB,DDR5,6000,CL42,32GB,32,143830,143800,0,0,143660,143540,143420,143300,143240,143120,143000,0,0,0,0,0,0,0,0,0,0,0,0,0,0,0,143000,0,0,0
30499826,PATRIOT DDR5-6000 CL42 VIPER Elite 5 RGB,PATRIOT VIPER Elite 5 RGB,DDR5,6000,CL42,16GB,16,79440,79430,0,0,79380,79260,79140,79020,78960,78840,78720,0,0,0,0,0,0,0,0,0,0,0,0,0,0,0,78590,0,0,0
30499808,PATRIOT DDR5-6000 CL42 VIPER Elite 5 RGB,PATRIOT VIPER Elite 5 RGB,DDR5,6000,CL42,32GB,32,0,0,143700,143690,0,0,0,0,0,0,0,142880,142850,142820,142700,142580,142490,142490,142490,142480,142480,142480,142480,142970,143000,143000,0,142970,142930,142960
30499808,PATRIOT DDR5-6000 CL42 VIPER Elite 5 RGB,PATRIOT VIPER Elite 5 RGB,DDR5,6000,CL42,16GB,16,0,0,79420,79410,0,0,0,0,0,0,0,78600,78480,78840,78840,78840,78840,78840,78840,78830,78830,78830,78830,78800,78690,78600,0,78580,78540,78420
30500066,PATRIOT DDR5-6000 CL42 VIPER Elite 5 RGB 패키지,PATRIOT VIPER Elite 5 RGB 패키지,DDR5,6000,CL42,96GB(48GX2),96,441500,441380,441280,441270,441240,441120,441000,440880,440820,440700,440580,440460,440430,440400,440280,440160,440040,439920,439800,439680,439560,439440,439320,439200,439090,439000,438990,438980,438940,438820
30500066,PATRIOT DDR5-6000 CL42 VIPER Elite 5 RGB 패키지,PATRIOT VIPER Elite 5 RGB 패키지,DDR5,6000,CL42,48GB(24GX2),48,222970,222970,222970,222970,222970,222970,222970,222970,222970,222970,222970,222970,222970,222970,222970,222970,222970,222970,222970,222970,222970,222970,222970,222970,222970,222970,222970,222970,222970,222970
30351029,PATRIOT DDR5-6200 CL40 VIPER VENOM RGB 패키지,PATRIOT VIPER VENOM RGB 패키지,DDR5,6200,CL40,32GB(16GX2),32,149450,149440,149400,149380,149270,148900,148780,148660,148600,148480,148360,148240,148220,148220,148220,148220,148220,148220,148220,148220,148220,148220,148220,148220,148220,148220,148220,148220,148220,148220
30341402,PATRIOT DDR5-6200 CL40 VIPER VENOM 패키지,PATRIOT VIPER VENOM 패키지,DDR5,6200,CL40,32GB(16GX2),32,141920,141800,141700,141690,141660,141540,141420,141300,141240,141120,141000,147450,147440,147440,147440,147440,147440,147440,147440,147440,147440,147440,147440,147440,147430,147420,147440,147430,147410,147400
30500144,PATRIOT DDR5-6200 CL42 VIPER Elite 5 RGB 패키지,PATRIOT VIPER Elite 5 RGB 패키지,DDR5,6200,CL42,64GB(32GX2),64,283000,282880,282780,282750,282640,282520,282400,282280,282220,282100,281980,281860,281830,281800,281680,281560,281440,0,0,281080,0,280840,280720,280600,280490,280460,280450,280440,280400,280300
30500144,PATRIOT DDR5-6200 CL42 VIPER Elite 5 RGB 패키지,PATRIOT VIPER Elite 5 RGB 패키지,DDR5,6200,CL42,32GB(16GX2),32,158260,158240,158210,158110,158000,157880,157760,157640,157580,157460,157340,157220,157170,157060,156940,156820,156740,0,0,156730,0,156730,156730,156710,156610,156600,156590,156580,156570,156540
30500108,PATRIOT DDR5-6200 CL42 VIPER Elite 5 RGB 패키지,PATRIOT VIPER Elite 5 RGB 패키지,DDR5,6200,CL42,64GB(32GX2),64,0,0,0,0,0,0,0,0,0,0,0,0,0,0,0,0,0,281320,281200,0,280960,0,0,0,0,0,0,0,0,0
30500108,PATRIOT DDR5-6200 CL42 VIPER Elite 5 RGB 패키지,PATRIOT VIPER Elite 5 RGB 패키지,DDR5,6200,CL42,32GB(16GX2),32,0,0,0,0,0,0,0,0,0,0,0,0,0,0,0,0,0,156740,156740,0,156730,0,0,0,0,0,0,0,0,0
30351056,PATRIOT DDR5-6400 CL32 VIPER VENOM RGB 패키지,PATRIOT VIPER VENOM RGB 패키지,DDR5,6400,CL32,32GB(16GX2),32,154330,154300,154200,154180,154060,153940,153820,153700,153580,153460,153340,153220,153170,153060,152940,152820,152940,152930,152840,152940,152940,152940,152940,152900,152790,152730,152700,152600,152590,152580
30341426,PATRIOT DDR5-6400 CL32 VIPER VENOM 패키지,PATRIOT VIPER VENOM 패키지,DDR5,6400,CL32,64GB(32GX2),64,298460,298340,0,0,0,0,0,0,0,0,0,0,0,0,0,0,0,0,0,0,0,0,0,0,0,0,0,282820,282700,282580
30341426,PATRIOT DDR5-6400 CL32 VIPER VENOM 패키지,PATRIOT VIPER VENOM 패키지,DDR5,6400,CL32,32GB(16GX2),32,150190,150070,0,0,0,0,0,0,0,0,0,0,0,0,0,0,0,0,0,0,0,0,0,0,0,0,0,149250,149250,149250
30341450,PATRIOT DDR5-6400 CL32 VIPER VENOM 패키지,PATRIOT VIPER VENOM 패키지,DDR5,6400,CL32,64GB(32GX2),64,0,0,298240,298210,298100,297980,297860,297740,297680,297560,297440,289800,289790,289790,289790,289790,289790,289790,289790,289790,289790,289790,289790,289790,280140,280140,282940,0,0,0
30341450,PATRIOT DDR5-6400 CL32 VIPER VENOM 패키지,PATRIOT VIPER VENOM 패키지,DDR5,6400,CL32,32GB(16GX2),32,0,0,149970,149960,149930,149810,149690,149570,149510,149390,149300,149270,149250,149250,149250,149250,149250,149250,149250,149250,149250,149250,149250,149250,149250,149250,149250,0,0,0
30341480,PATRIOT DDR5-6600 CL32 VIPER VENOM 패키지,PATRIOT VIPER VENOM 패키지,DDR5,6600,CL32,32GB(16GX2),32,143350,143350,143350,143350,143350,143350,143350,143350,143350,143350,143350,143350,143350,143350,143350,143350,143350,143350,143350,143350,143350,143350,143350,143350,143350,143350,143350,143350,143330,143340
30351077,PATRIOT DDR5-6600 CL34 VIPER VENOM RGB 패키지,PATRIOT VIPER VENOM RGB 패키지,DDR5,6600,CL34,32GB(16GX2),32,157040,157040,157040,157040,157040,157040,157040,157040,157040,157040,157040,157040,157040,157040,157040,157040,157040,157040,157040,157040,157040,157040,157040,157040,157040,157040,157040,157040,157040,157040
30612317,PATRIOT DDR5-6600 CL36 VIPER Elite 5 RGB 패키지,PATRIOT VIPER Elite 5 RGB 패키지,DDR5,6600,CL36,32GB(16GX2),32,161140,161130,161120,161090,160980,160860,160740,160620,160560,160440,160320,160200,160150,160040,159920,159800,159680,159590,159590,159580,159580,159580,159580,159550,159440,159410,159400,159370,159250,159160
30351110,PATRIOT DDR5-6800 CL34 VIPER VENOM RGB 패키지,PATRIOT VIPER VENOM RGB 패키지,DDR5,6800,CL34,32GB(16GX2),32,165380,165370,165360,165330,165220,164770,164650,164530,164470,164350,164230,164110,164080,164090,164090,164090,164090,164090,164090,164090,164090,164090,164090,164090,164090,164090,164090,164090,164090,164090
30341495,PATRIOT DDR5-6800 CL34 VIPER VENOM 패키지,PATRIOT VIPER VENOM 패키지,DDR5,6800,CL34,32GB(16GX2),32,145720,145710,145700,145690,145660,145540,145420,145300,145240,145120,145000,144880,144760,144640,144520,144400,144390,144390,144390,144380,144380,144380,144380,144360,144260,144250,144240,144210,144090,143970
30351131,PATRIOT DDR5-7000 CL32 VIPER VENOM RGB 패키지,PATRIOT VIPER VENOM RGB 패키지,DDR5,7000,CL32,32GB(16GX2),32,177500,177380,177280,177270,177240,177120,177000,176880,176820,176700,176580,176460,176430,176400,176280,176160,176040,175920,175800,175740,175740,175740,175740,175690,175670,175590,175560,175460,175450,175420
30341504,PATRIOT DDR5-7000 CL32 VIPER VENOM 패키지,PATRIOT VIPER VENOM 패키지,DDR5,7000,CL32,32GB(16GX2),32,159210,159180,159170,159160,159040,158920,158800,158720,158660,158540,158420,158300,158270,158240,158120,158000,157880,157760,157690,157680,157680,157680,157680,157660,157560,157550,157540,157530,157520,157510
30500216,PATRIOT DDR5-7000 CL38 VIPER Elite 5 RGB 패키지,PATRIOT VIPER Elite 5 RGB 패키지,DDR5,7000,CL38,32GB(16GX2),32,185000,184990,184980,184950,184840,184720,184600,184480,184420,184300,184210,184180,184130,184020,183900,183780,183660,183540,183420,183340,183340,183340,183340,183290,183270,183190,183160,183060,183020,182900
30351218,PATRIOT DDR5-7200 CL34 VIPER VENOM RGB 패키지,PATRIOT VIPER VENOM RGB 패키지,DDR5,7200,CL34,32GB(16GX2),32,182160,182040,181940,181910,181800,181680,181560,181440,181380,181260,181170,179940,179830,180490,180450,180490,180480,180380,180490,180480,180480,180480,180480,180450,180340,180250,176920,176820,176810,176780
30341510,PATRIOT DDR5-7200 CL34 VIPER VENOM 패키지,PATRIOT VIPER VENOM 패키지,DDR5,7200,CL34,32GB(16GX2),32,181290,181260,181160,181150,181120,181000,180880,180760,180700,180580,180460,180340,180290,180320,180320,180320,180320,180320,180320,180320,180320,180320,180320,180320,176960,176950,176890,176790,176750,176650
30351236,PATRIOT DDR5-7400 CL36 VIPER VENOM RGB 패키지,PATRIOT VIPER VENOM RGB 패키지,DDR5,7400,CL36,32GB(16GX2),32,186920,186910,186900,186870,186760,186640,186520,186400,186340,186220,186100,185980,185930,185820,185700,185580,185460,185340,185240,185230,185230,185230,185230,185210,185110,185100,185090,185080,185070,185060
30341525,PATRIOT DDR5-7400 CL36 VIPER VENOM 패키지,PATRIOT VIPER VENOM 패키지,DDR5,7400,CL36,32GB(16GX2),32,171980,171980,171980,171980,167800,167800,167800,167800,167790,167790,167790,167790,167790,167790,167790,167790,167790,167790,167790,167790,167790,167790,167790,167790,167790,167790,167790,167790,167790,167790
18419798,PATRIOT 노트북 DDR3-1600 CL11,PATRIOT 노트북,DDR3,1600,CL11,8GB,8,18380,18380,18380,18380,18380,18380,18380,18380,18380,18380,17500,17490,17480,17480,17480,17480,17480,0,17480,17480,17000,16990,17000,17000,16950,0,0,16740,16690,16700
18419798,PATRIOT 노트북 DDR3-1600 CL11,PATRIOT 노트북,DDR3,1600,CL11,4GB,4,11660,11660,11660,11660,11660,11660,11660,11660,11660,11660,11660,11660,11660,11660,11660,11660,11660,0,11660,11660,11660,11660,11660,11000,10960,0,0,10820,10770,10780
18419801,PATRIOT 노트북 DDR3-1600 CL11,PATRIOT 노트북,DDR3,1600,CL11,8GB,8,0,0,0,0,0,0,0,0,0,0,0,0,0,0,0,0,0,17480,0,0,0,0,0,0,0,16890,16860,0,0,0
18419801,PATRIOT 노트북 DDR3-1600 CL11,PATRIOT 노트북,DDR3,1600,CL11,4GB,4,0,0,0,0,0,0,0,0,0,0,0,0,0,0,0,0,0,11660,0,0,0,0,0,0,0,10960,10870,0,0,0
27609998,PATRIOT 노트북 DDR4-2666 CL19 SIGNATURE,PATRIOT 노트북 SIGNATURE,DDR4,2666,CL19,32GB,32,74600,74600,74600,74600,74600,74600,0,74600,74600,0,0,0,0,0,0,0,0,0,0,0,0,0,0,0,0,0,0,0,0,0
27609998,PATRIOT 노트북 DDR4-2666 CL19 SIGNATURE,PATRIOT 노트북 SIGNATURE,DDR4,2666,CL19,16GB,16,36840,36810,36710,36680,36570,36990,0,36840,36720,0,0,0,0,0,0,0,0,0,0,0,0,0,0,0,0,0,0,0,0,0
27609998,PATRIOT 노트북 DDR4-2666 CL19 SIGNATURE,PATRIOT 노트북 SIGNATURE,DDR4,2666,CL19,8GB,8,20940,20940,20930,20910,20800,20680,0,20440,20380,0,0,0,0,0,0,0,0,0,0,0,0,0,0,0,0,0,0,0,0,0
27609998,PATRIOT 노트북 DDR4-2666 CL19 SIGNATURE,PATRIOT 노트북 SIGNATURE,DDR4,2666,CL19,4GB,4,13030,13000,13030,13030,13030,13030,0,13030,13030,0,0,0,0,0,0,0,0,0,0,0,0,0,0,0,0,0,0,0,0,0
27609935,PATRIOT 노트북 DDR4-2666 CL19 SIGNATURE,PATRIOT 노트북 SIGNATURE,DDR4,2666,CL19,32GB,32,0,0,0,0,0,0,74600,0,0,74600,74600,71130,71120,71120,71120,71120,71120,71120,71120,71120,71120,71120,71120,71120,71120,71120,73040,73040,73040,73040
27609935,PATRIOT 노트북 DDR4-2666 CL19 SIGNATURE,PATRIOT 노트북 SIGNATURE,DDR4,2666,CL19,16GB,16,0,0,0,0,0,0,36960,0,0,36600,36580,36000,36000,36000,36000,36000,36000,36000,36000,36000,36000,36000,36000,36000,35490,35490,35470,35370,35360,35350
27609935,PATRIOT 노트북 DDR4-2666 CL19 SIGNATURE,PATRIOT 노트북 SIGNATURE,DDR4,2666,CL19,8GB,8,0,0,0,0,0,0,20560,0,0,20260,19000,18990,18980,18980,18980,18980,18980,18980,18980,18980,17800,17790,17800,17800,17750,17710,17680,17580,17540,17500
27609935,PATRIOT 노트북 DDR4-2666 CL19 SIGNATURE,PATRIOT 노트북 SIGNATURE,DDR4,2666,CL19,4GB,4,0,0,0,0,0,0,13030,0,0,13030,13030,12490,12480,12480,12480,12480,12480,12480,12480,12480,12480,12480,12480,12480,12460,12400,12480,12480,12460,12450
11445393,PATRIOT 노트북 DDR4-3200 CL22 SIGNATURE,PATRIOT 노트북 SIGNATURE,DDR4,3200,CL22,32GB,32,75530,75530,75530,0,0,0,0,0,0,0,0,0,0,0,0,0,0,0,0,0,0,0,0,0,0,0,0,0,0,0
11445393,PATRIOT 노트북 DDR4-3200 CL22 SIGNATURE,PATRIOT 노트북 SIGNATURE,DDR4,3200,CL22,16GB,16,42160,42160,42160,0,0,0,0,0,0,0,0,0,0,0,0,0,0,0,0,0,0,0,0,0,0,0,0,0,0,0
11445393,PATRIOT 노트북 DDR4-3200 CL22 SIGNATURE,PATRIOT 노트북 SIGNATURE,DDR4,3200,CL22,8GB,8,21280,21280,21280,0,0,0,0,0,0,0,0,0,0,0,0,0,0,0,0,0,0,0,0,0,0,0,0,0,0,0
11445399,PATRIOT 노트북 DDR4-3200 CL22 SIGNATURE,PATRIOT 노트북 SIGNATURE,DDR4,3200,CL22,32GB,32,0,0,0,75530,75530,75530,75530,75530,75530,75530,0,0,75530,75530,75530,75530,75530,75530,75530,75530,75530,75530,75530,75530,73970,73960,73930,73830,73790,73670
11445399,PATRIOT 노트북 DDR4-3200 CL22 SIGNATURE,PATRIOT 노트북 SIGNATURE,DDR4,3200,CL22,16GB,16,0,0,0,42160,42160,42160,42160,42160,42160,42160,0,0,36990,36990,36990,36990,36990,36990,36990,36990,36990,36990,36990,36990,36980,36970,36940,36840,36800,36680
11445399,PATRIOT 노트북 DDR4-3200 CL22 SIGNATURE,PATRIOT 노트북 SIGNATURE,DDR4,3200,CL22,8GB,8,0,0,0,21280,21280,21270,21240,21120,21060,21090,0,0,20980,20980,20980,20980,20980,20980,20980,20980,20980,20980,20980,20980,18990,18980,18950,18830,18780,18770
11445372,PATRIOT 노트북 DDR4-3200 CL22 SIGNATURE,PATRIOT 노트북 SIGNATURE,DDR4,3200,CL22,32GB,32,0,0,0,0,0,0,0,0,0,0,75530,75530,0,0,0,0,0,0,0,0,0,0,0,0,0,0,0,0,0,0
11445372,PATRIOT 노트북 DDR4-3200 CL22 SIGNATURE,PATRIOT 노트북 SIGNATURE,DDR4,3200,CL22,16GB,16,0,0,0,0,0,0,0,0,0,0,38040,37000,0,0,0,0,0,0,0,0,0,0,0,0,0,0,0,0,0,0
11445372,PATRIOT 노트북 DDR4-3200 CL22 SIGNATURE,PATRIOT 노트북 SIGNATURE,DDR4,3200,CL22,8GB,8,0,0,0,0,0,0,0,0,0,0,21090,20990,0,0,0,0,0,0,0,0,0,0,0,0,0,0,0,0,0,0
13472621,PNY DDR4-2666 CL19,PNY,DDR4,2666,CL19,16GB,16,72930,72930,72930,72930,72930,72930,72930,72930,72930,72930,72930,72930,72930,72930,72930,72930,72930,72930,72930,72930,72930,72930,72930,72930,72930,72930,72930,72930,72930,72930
13472621,PNY DDR4-2666 CL19,PNY,DDR4,2666,CL19,8GB,8,17000,17000,17000,17000,17000,17000,17000,17000,17000,17000,17000,17000,17000,17000,17000,17000,17000,17000,17000,17000,17000,17000,17000,17000,17000,17000,17000,17000,17000,17000
16592597,PNY DDR4-3200 Performance 제이씨현,PNY Performance 제이씨현,DDR4,3200,0,16GB,16,90530,90530,0,0,0,0,90530,90530,90530,0,0,90530,90530,90530,90530,90530,90530,90530,0,0,0,0,0,0,0,0,0,0,0,0
16270487,PNY DDR5-4800 Performance 마이크로닉스,PNY Performance 마이크로닉스,DDR5,4800,0,16GB,16,81820,81820,81820,81820,81820,81820,81820,81820,81820,81820,81820,81820,81820,81820,0,0,0,0,0,0,0,0,0,0,0,0,0,0,0,0
16272530,PNY DDR5-4800 Performance 제이씨현,PNY Performance 제이씨현,DDR5,4800,0,16GB,16,52000,52000,52000,52000,52000,52000,52000,52000,52000,52000,52000,52000,52000,52000,52000,52000,52000,52000,52000,52000,52000,52000,52000,52000,52000,52000,52000,52000,52000,52000
16272530,PNY DDR5-4800 Performance 제이씨현,PNY Performance 제이씨현,DDR5,4800,0,8GB,8,58960,58960,58960,58960,58960,58960,58960,58960,58960,58960,58960,58960,58960,58960,58960,58960,58960,58960,58960,58960,58960,58960,58960,58960,58960,58960,58960,58960,58960,58960
15161591,PNY XLR8 DDR4-2666 LP,PNY XLR8 LP,DDR4,2666,0,16GB,16,76000,76000,76000,76000,76000,76000,76000,76000,76000,76000,76000,76000,76000,76000,76000,76000,76000,76000,76000,76000,76000,76000,76000,76000,76000,76000,76000,76000,76000,76000
15161591,PNY XLR8 DDR4-2666 LP,PNY XLR8 LP,DDR4,2666,0,8GB,8,22840,22840,22840,22840,22840,22840,22840,22840,22840,22840,22840,22840,22840,22840,22840,22840,22840,22840,22840,22840,22840,22840,22840,22840,22840,22840,22840,22840,22840,22840
16983239,PNY XLR8 DDR4-3200 Gaming EPIC-X RGB 실버 패키지 마이크로닉스,PNY XLR8 Gaming EPIC-X RGB 실버 패키지 마이크로닉스,DDR4,3200,0,16GB(8GX2),16,64390,64390,64390,64390,64390,64390,64390,64390,64390,64390,64390,64390,64390,64390,64390,64390,64390,64390,64390,64390,64390,64390,64390,64390,64390,64390,64390,64390,64390,64390
12716867,PNY XLR8 DDR4-3200 Gaming EPIC-X RGB 화이트 패키지,PNY XLR8 Gaming EPIC-X RGB 화이트 패키지,DDR4,3200,0,16GB(8GX2),16,91500,91500,91500,91500,91500,91500,91500,91500,91500,91500,91500,91500,91500,91500,91500,91500,91500,91500,91500,91500,91500,91500,91500,91500,91500,91500,91500,91500,91500,91500
11637842,PNY XLR8 DDR4-3200 Gaming 패키지,PNY XLR8 Gaming 패키지,DDR4,3200,0,16GB(8GX2),16,64980,64980,64980,64980,64980,64980,64980,64980,64980,64980,64980,64980,64980,64980,64980,64980,64980,64980,64980,64980,64980,64980,64980,64980,64980,64980,64980,64980,64980,64980
16355684,PNY XLR8 DDR4-3200 Gaming 화이트 패키지,PNY XLR8 Gaming 화이트 패키지,DDR4,3200,0,32GB(16GX2),32,126000,126000,126000,126000,126000,126000,126000,126000,126000,126000,126000,126000,126000,126000,126000,126000,126000,126000,126000,126000,126000,126000,126000,126000,126000,126000,126000,126000,126000,126000
15297035,PNY XLR8 DDR4-3200 LP,PNY XLR8 LP,DDR4,3200,0,16GB,16,83000,83000,83000,83000,83000,83000,83000,83000,83000,83000,83000,83000,83000,83000,83000,83000,83000,83000,83000,83000,83000,83000,83000,83000,83000,83000,83000,83000,83000,83000
15297035,PNY XLR8 DDR4-3200 LP,PNY XLR8 LP,DDR4,3200,0,8GB,8,26850,26850,26850,26850,26850,26850,26850,26850,26850,26850,26850,26850,26850,26850,26850,26850,26850,26850,26850,26850,26850,26850,26850,26850,26850,26850,26850,26850,26850,26850
19946780,PNY XLR8 DDR4-3200 히트싱크 마이크로닉스,PNY XLR8 히트싱크 마이크로닉스,DDR4,3200,0,16GB,16,46000,46000,0,0,0,0,0,0,0,0,0,0,0,0,0,0,0,0,0,0,0,0,0,0,0,0,0,0,0,0
19946780,PNY XLR8 DDR4-3200 히트싱크 마이크로닉스,PNY XLR8 히트싱크 마이크로닉스,DDR4,3200,0,8GB,8,26150,26140,26130,26100,25990,25870,25750,25640,26430,26320,26200,26080,26450,26450,26450,26450,26450,26450,26450,26450,26450,26450,26450,26400,26380,26340,26320,26290,26170,26050
17355761,PNY XLR8 DDR4-3600 Gaming EPIC-X RGB 실버 패키지 마이크로닉스,PNY XLR8 Gaming EPIC-X RGB 실버 패키지 마이크로닉스,DDR4,3600,0,16GB(8GX2),16,78000,78000,78000,78000,78000,78000,78000,78000,78000,77400,77400,77400,77400,77400,77400,77400,77400,77400,77400,77400,77400,77400,77400,77400,77400,77400,77400,77400,77400,77400
12716882,PNY XLR8 DDR4-3600 Gaming EPIC-X RGB 화이트 패키지,PNY XLR8 Gaming EPIC-X RGB 화이트 패키지,DDR4,3600,0,16GB(8GX2),16,89900,89900,89900,89900,89900,89900,89900,89900,89900,89900,89900,89900,89900,89900,89900,89900,89900,89900,89900,89900,89900,89900,89900,89900,89900,89900,89900,89900,89900,89900
12169016,PNY XLR8 DDR4-3600 Gaming 패키지,PNY XLR8 Gaming 패키지,DDR4,3600,0,16GB(8GX2),16,77520,77520,77520,77520,77520,77520,77520,77520,77520,77400,77400,77400,77400,77400,77400,77400,77400,77400,77400,77400,77400,77400,77400,77400,77400,77400,77400,77400,77400,77400
15152999,PNY XLR8 DDR4-3600 Gaming 화이트 패키지,PNY XLR8 Gaming 화이트 패키지,DDR4,3600,0,16GB(8GX2),16,75350,75350,75350,75350,75350,75350,75350,75350,75350,75350,75350,75350,75350,75350,75350,75350,75350,75350,75350,75350,75350,75350,75350,75350,75350,75350,75350,75350,75350,75350
14536064,PNY XLR8 DDR4-4000 Gaming EPIC-X RGB 패키지,PNY XLR8 Gaming EPIC-X RGB 패키지,DDR4,4000,0,16GB(8GX2),16,182000,182000,182000,182000,182000,182000,182000,182000,182000,182000,182000,182000,182000,182000,182000,182000,182000,182000,182000,182000,182000,182000,182000,182000,182000,182000,182000,182000,182000,182000
17459450,PNY XLR8 DDR4-4600 Gaming EPIC-X RGB 패키지,PNY XLR8 Gaming EPIC-X RGB 패키지,DDR4,4600,0,16GB(8GX2),16,139000,139000,139000,139000,139000,139000,139000,139000,139000,139000,139000,139000,139000,139000,139000,139000,139000,139000,139000,139000,139000,139000,139000,139000,139000,139000,139000,139000,139000,139000
16344323,PNY XLR8 DDR5-6000 CL36 MAKO,PNY XLR8 MAKO,DDR5,6000,CL36,16GB,16,72000,72000,72000,72000,72000,72000,72000,72000,72000,72000,72000,72000,72000,72000,72000,72000,72000,72000,72000,72000,72000,72000,72000,72000,72000,72000,72000,72000,72000,72000
17910065,PNY XLR8 DDR5-6000 CL38 MAKO RGB 패키지 마이크로닉스,PNY XLR8 MAKO RGB 패키지 마이크로닉스,DDR5,6000,CL38,32GB(16GX2),32,0,0,0,267050,267050,267050,267050,267050,267050,267050,267050,267050,267050,267050,0,0,0,0,0,0,0,0,0,0,0,0,0,0,0,0
16839320,PNY XLR8 DDR5-6000 CL38 MAKO RGB 패키지 제이씨현,PNY XLR8 MAKO RGB 패키지 제이씨현,DDR5,6000,CL38,32GB(16GX2),32,155000,155000,155000,155000,155000,155000,155000,155000,155000,155000,155000,155000,155000,155000,155000,155000,155000,155000,155000,155000,155000,155000,155000,155000,155000,155000,155000,155000,155000,155000
19673984,PNY XLR8 DDR5-6000 CL40 MAKO RGB 패키지 마이크로닉스,PNY XLR8 MAKO RGB 패키지 마이크로닉스,DDR5,6000,CL40,32GB(16GX2),32,158270,158250,158240,158240,158170,158050,157930,157810,157690,157570,157450,157330,158990,158990,158990,158990,158990,158990,158990,158990,158990,158990,158990,158940,158920,158880,158860,158850,158840,158830
27507734,PNY XLR8 DDR5-6000 CL40 MAKO RGB 화이트 패키지 마이크로닉스,PNY XLR8 MAKO RGB 화이트 패키지 마이크로닉스,DDR5,6000,CL40,32GB(16GX2),32,156670,156670,156670,156670,156670,156670,156670,156670,156670,156670,156670,156670,156670,156670,156670,156670,156670,156670,156670,156670,156670,156670,156670,156670,156670,156670,156670,156670,156670,156670
16344395,PNY XLR8 DDR5-6200 CL42 MAKO,PNY XLR8 MAKO,DDR5,6200,CL42,16GB,16,77000,77000,77000,77000,77000,77000,77000,77000,77000,77000,77000,77000,77000,77000,77000,77000,77000,77000,77000,77000,77000,77000,77000,77000,77000,77000,77000,77000,77000,77000
30247571,PNY XLR8 DDR5-6400 CL32 MAKO RGB 블랙 패키지 마이크로닉스,PNY XLR8 MAKO RGB 블랙 패키지 마이크로닉스,DDR5,6400,CL32,32GB(16GX2),32,175400,175370,175270,175260,175230,175110,174990,174870,174750,174630,174510,174390,175570,175570,175570,175570,175570,175570,175570,175570,175570,175570,175570,175520,175500,175460,175440,175430,175420,175410
30247586,PNY XLR8 DDR5-6400 CL32 MAKO RGB 화이트 패키지 마이크로닉스,PNY XLR8 MAKO RGB 화이트 패키지 마이크로닉스,DDR5,6400,CL32,32GB(16GX2),32,175460,175340,175240,175230,175200,175080,174960,174840,174720,174600,174480,174360,175570,175570,175570,175570,175570,175570,175570,175570,175570,175570,175570,175520,175500,175410,175400,175390,175380,175370
5800064,SK하이닉스 DDR2-667 중고,SK하이닉스 DDR2-667 중고,0,0,0,2GB,2,9800,9800,9800,9800,9800,9800,9800,9800,9800,9800,9800,9800,9800,9800,9800,9800,9800,9800,9800,9800,0,0,9800,9800,9800,9800,9800,9800,9800,9800
17241983,SK하이닉스 DDR2-800 중고,SK하이닉스 DDR2-800 중고,0,0,0,2GB,2,6800,6800,6800,6800,6800,6800,6800,6800,6800,6800,6800,6800,6800,6800,6800,6800,6800,6800,6800,6800,6800,6800,6800,6800,6800,6800,6800,6800,6800,6800
17241983,SK하이닉스 DDR2-800 중고,SK하이닉스 DDR2-800 중고,0,0,0,4GB,4,84930,84930,84930,84930,84930,84930,84930,84930,84930,84930,84930,84930,84930,84930,84930,84930,84930,84930,84930,84930,84930,84930,84930,84930,84930,84930,84930,84930,84930,84930
5728455,SK하이닉스 DDR3-1333 중고,SK하이닉스 중고,DDR3,1333,0,4GB,4,3390,3390,3390,3390,3390,3390,3390,3390,3390,3390,3390,3390,3390,3390,3390,3390,3390,3390,3390,3390,3390,3390,3390,3390,3390,3390,3390,3390,3390,3390
5947795,SK하이닉스 DDR3-1600,SK하이닉스,DDR3,1600,0,2GB,2,17900,17900,17900,17900,17900,17900,17900,17900,17900,17900,17900,17900,17900,17900,17900,17900,17900,17900,17900,17900,17900,17900,17900,17900,17900,17900,17900,17900,17900,17900
5547675,SK하이닉스 DDR3-1600 중고,SK하이닉스 중고,DDR3,1600,0,8GB,8,14990,14990,14990,14990,14990,14990,14990,14990,14990,14990,14990,14990,14990,14990,14990,14990,14990,14990,14990,14990,14990,14990,14990,14990,14990,14990,14990,14990,14990,14990
5547675,SK하이닉스 DDR3-1600 중고,SK하이닉스 중고,DDR3,1600,0,4GB,4,3990,3990,3990,3990,3990,3990,3990,3990,3990,3990,3990,3990,3990,3990,3990,3990,3990,3990,3990,3990,3990,3990,3990,3990,3990,3990,3990,3990,3990,3990
4340385,SK하이닉스 DDR4-2133,SK하이닉스,DDR4,2133,0,4GB,4,0,0,0,0,0,0,0,0,0,0,32000,32000,32000,32000,32000,32000,32000,0,32000,32000,32000,32000,32000,32000,32000,0,0,32000,32000,32000
18782606,SK하이닉스 DDR4-2133 ECC/REG 중고,SK하이닉스 ECC/REG 중고,DDR4,2133,0,16GB,16,38200,38200,38200,38200,0,0,38200,38200,38200,38200,38200,38200,38200,38200,38200,38200,38200,38200,38200,38200,38200,38200,38200,38200,38200,38200,38200,38200,38200,38200
19266941,SK하이닉스 DDR4-2133 중고,SK하이닉스 중고,DDR4,2133,0,4GB,4,5670,5670,5670,5670,5670,5670,5670,5670,5670,5670,5670,5670,5990,6050,6050,6050,6050,6050,6050,6050,6050,6050,6050,6050,6050,5860,5860,5860,5860,5860
5718625,SK하이닉스 DDR4-2400,SK하이닉스,DDR4,2400,0,4GB,4,41900,41900,41900,41900,41900,41900,41900,41900,41900,41900,41900,41900,41900,41900,41900,41900,41900,41900,41900,41900,41900,41900,41900,41900,41900,41900,41900,41900,41900,41900
19266986,SK하이닉스 DDR4-2400 중고,SK하이닉스 중고,DDR4,2400,0,4GB,4,5990,5990,5990,5990,5990,5990,5990,5990,5990,5990,5990,5990,5990,5990,5990,5990,5990,5990,5990,5990,5990,5990,5990,5990,5990,5990,5990,5990,5990,5990
10376565,SK하이닉스 DDR4-2666 중고,SK하이닉스 중고,DDR4,2666,0,16GB,16,58000,58000,0,0,58000,0,0,0,0,58000,58000,58000,58000,58000,58000,58000,0,58000,0,58000,58000,58000,58000,58000,58000,58000,58000,58000,58000,0
10376565,SK하이닉스 DDR4-2666 중고,SK하이닉스 중고,DDR4,2666,0,8GB,8,25000,25000,0,0,25000,0,0,0,0,25000,25000,25000,25000,25000,25000,25000,0,25000,0,25000,25000,25000,25000,25000,25000,25000,25000,25000,25000,0
10376604,SK하이닉스 DDR4-2666 중고,SK하이닉스 중고,DDR4,2666,0,16GB,16,0,0,58000,58000,0,58000,58000,58000,58000,0,0,0,0,0,0,0,58000,0,58000,0,0,0,0,0,0,0,0,0,0,58000
10376604,SK하이닉스 DDR4-2666 중고,SK하이닉스 중고,DDR4,2666,0,8GB,8,0,0,25000,25000,0,25000,25000,25000,25000,0,0,0,0,0,0,0,25000,0,25000,0,0,0,0,0,0,0,0,0,0,25000
15577976,SK하이닉스 DDR4-3200 중고,SK하이닉스 중고,DDR4,3200,0,8GB,8,45700,45670,45570,45540,45430,45310,45190,45070,44950,44830,44740,44710,46740,47490,47490,47490,47490,47490,47490,47490,47490,47490,47490,47440,47420,47380,47360,47350,47340,47310
15577976,SK하이닉스 DDR4-3200 중고,SK하이닉스 중고,DDR4,3200,0,4GB,4,14000,14000,14000,14000,14000,14000,14000,14000,14000,14000,14000,14000,14000,14000,14000,14000,14000,14000,14000,14000,14000,14000,14000,14000,14000,14000,14000,14000,14000,14000
16507634,SK하이닉스 DDR5-4800,SK하이닉스,DDR5,4800,0,32GB,32,160400,160400,160400,160400,160400,160400,160400,160400,160400,160400,160400,160400,160400,160400,160400,160400,160400,160400,160370,160370,160370,160370,160370,160370,160370,160370,0,160370,160370,160370
16507634,SK하이닉스 DDR5-4800,SK하이닉스,DDR5,4800,0,16GB,16,80450,80450,80450,80450,80450,80450,80450,80450,80450,80450,80450,80450,80450,80450,80450,80450,80450,80450,80450,80450,80450,80450,80450,80450,80450,80450,0,80450,80450,80450
16867427,SK하이닉스 DDR5-4800,SK하이닉스,DDR5,4800,0,32GB,32,0,0,0,0,0,0,0,0,0,0,0,0,0,0,0,0,0,0,0,0,0,0,0,0,0,0,160370,0,0,0
16867427,SK하이닉스 DDR5-4800,SK하이닉스,DDR5,4800,0,16GB,16,0,0,0,0,0,0,0,0,0,0,0,0,0,0,0,0,0,0,0,0,0,0,0,0,0,0,80450,0,0,0
18883523,SK하이닉스 DDR5-5600,SK하이닉스,DDR5,5600,0,32GB,32,165930,165930,165930,165930,165930,165930,165620,165620,165620,149680,165010,165010,0,0,0,0,0,164990,164490,164480,164480,164480,164480,164480,164470,164470,164170,164170,164170,164170
18883523,SK하이닉스 DDR5-5600,SK하이닉스,DDR5,5600,0,16GB,16,81820,81820,81820,81820,81820,81820,81820,81820,81820,81820,81740,81740,0,0,0,0,0,81700,81700,81700,81700,81700,81700,81700,81690,81690,81690,81690,81690,81690
18883523,SK하이닉스 DDR5-5600,SK하이닉스,DDR5,5600,0,8GB,8,39000,39000,39000,39000,39000,39000,42420,42420,42420,42420,42420,43140,0,0,0,0,0,44610,44610,44610,44610,44610,44480,44420,44400,44370,44310,25000,25000,25000
18700841,SK하이닉스 DDR5-5600,SK하이닉스,DDR5,5600,0,32GB,32,0,0,0,0,0,0,0,0,0,0,0,0,164990,164990,164990,164990,164990,0,0,0,0,0,0,0,0,0,0,0,0,0
18700841,SK하이닉스 DDR5-5600,SK하이닉스,DDR5,5600,0,16GB,16,0,0,0,0,0,0,0,0,0,0,0,0,81720,81700,81700,81700,81700,0,0,0,0,0,0,0,0,0,0,0,0,0
18700841,SK하이닉스 DDR5-5600,SK하이닉스,DDR5,5600,0,8GB,8,0,0,0,0,0,0,0,0,0,0,0,0,46260,44470,44470,44470,44610,0,0,0,0,0,0,0,0,0,0,0,0,0
18698351,SK하이닉스 DDR5-5600 병행수입,SK하이닉스 병행수입,DDR5,5600,0,16GB,16,85800,85770,85670,85660,84750,84630,84510,84390,84270,84150,84050,84190,85990,85990,85990,85990,85990,85990,85990,85990,85990,85990,85990,85940,85770,85840,85820,85770,85760,85750
1001342,SK하이닉스 노트북 DDR2-667 병행수입,SK하이닉스 노트북 DDR2-667 병행수입,0,0,0,2GB,2,15900,15900,15900,0,0,0,0,0,0,0,0,0,0,0,0,0,0,0,0,0,0,0,0,0,0,0,0,0,0,0
5800144,SK하이닉스 노트북 DDR2-667 중고,SK하이닉스 노트북 DDR2-667 중고,0,0,0,1GB,1,4300,4300,4300,4300,4300,4300,0,0,0,0,0,0,0,0,0,0,0,0,0,0,0,0,0,0,0,0,0,0,0,0
5799891,SK하이닉스 노트북 DDR2-800 중고,SK하이닉스 노트북 DDR2-800 중고,0,0,0,4GB,4,96800,96800,96800,96800,96800,96800,96800,96800,96800,96800,96800,96800,96800,96800,96800,96800,96800,96800,96800,96800,96800,96800,96800,96800,96800,96800,96800,96800,96800,96800
5799891,SK하이닉스 노트북 DDR2-800 중고,SK하이닉스 노트북 DDR2-800 중고,0,0,0,2GB,2,25000,25000,25000,25000,25000,25000,25000,25000,25000,25000,25000,25000,25000,25000,25000,25000,25000,25000,25000,25000,25000,25000,25000,25000,25000,25000,25000,25000,25000,25000
5799891,SK하이닉스 노트북 DDR2-800 중고,SK하이닉스 노트북 DDR2-800 중고,0,0,0,1GB,1,16900,16900,16900,16900,16900,16900,16900,16900,16900,16900,16900,16900,16900,16900,16900,16900,16900,16900,16900,16900,16900,16900,16900,16900,16900,16900,16900,16900,16900,16900
693427,SK하이닉스 노트북 DDR3-1066,SK하이닉스 노트북,DDR3,1066,0,4GB,4,0,0,0,0,0,50000,50000,50000,50000,50000,50000,50000,50000,50000,50000,50000,50000,50000,0,0,0,0,0,0,0,0,50000,0,0,0
693427,SK하이닉스 노트북 DDR3-1066,SK하이닉스 노트북,DDR3,1066,0,2GB,2,0,0,0,0,0,16900,16900,16900,16900,16900,16900,16900,16900,16900,16900,16900,16900,16900,0,0,0,0,0,0,0,0,16900,0,0,0
693427,SK하이닉스 노트북 DDR3-1066,SK하이닉스 노트북,DDR3,1066,0,1GB,1,0,0,0,0,0,3640,3640,3640,3640,3640,3640,3640,3640,3640,3640,3640,3640,3640,0,0,0,0,0,0,0,0,3630,0,0,0
1678154,SK하이닉스 노트북 DDR3-1066,SK하이닉스 노트북,DDR3,1066,0,4GB,4,0,0,0,0,0,0,0,0,0,0,0,0,0,0,0,0,0,0,50000,50000,50000,50000,50000,50000,50000,50000,0,50000,50000,50000
1678154,SK하이닉스 노트북 DDR3-1066,SK하이닉스 노트북,DDR3,1066,0,2GB,2,0,0,0,0,0,0,0,0,0,0,0,0,0,0,0,0,0,0,16900,16900,16900,16900,16900,16900,16900,16900,0,16900,16900,16900
1678154,SK하이닉스 노트북 DDR3-1066,SK하이닉스 노트북,DDR3,1066,0,1GB,1,0,0,0,0,0,0,0,0,0,0,0,0,0,0,0,0,0,0,3640,3640,3640,3640,3630,3630,3630,3630,0,3630,3630,3630
5728643,SK하이닉스 노트북 DDR3-1066 병행수입,SK하이닉스 노트북 병행수입,DDR3,1066,0,2GB,2,0,0,16800,16800,16800,16800,16800,16800,16800,0,0,0,0,0,0,0,0,0,16800,16800,16800,16800,16800,16800,16800,0,0,0,0,0
5728672,SK하이닉스 노트북 DDR3-1066 중고,SK하이닉스 노트북 중고,DDR3,1066,0,4GB,4,59500,59500,59500,59500,59500,59500,59500,59500,59500,59500,59500,59500,59500,59500,59500,59500,59500,59500,0,59500,0,0,59500,59500,59500,59500,59500,59500,59500,59500
5728672,SK하이닉스 노트북 DDR3-1066 중고,SK하이닉스 노트북 중고,DDR3,1066,0,2GB,2,7450,7450,7450,7450,7450,7450,7450,7450,7450,7450,7450,7450,7450,7450,7450,7450,7450,7450,0,7450,0,0,7450,7450,7450,7450,7450,7450,7450,7450
1331603,SK하이닉스 노트북 DDR3-1333,SK하이닉스 노트북,DDR3,1333,0,4GB,4,25000,25000,25000,25000,25000,25000,25000,25000,25000,25000,25000,25000,25000,25000,25000,25000,25000,25000,0,25000,25000,25000,25000,25000,25000,25000,25000,25000,25000,25000
1331603,SK하이닉스 노트북 DDR3-1333,SK하이닉스 노트북,DDR3,1333,0,2GB,2,10000,10000,10000,10000,10000,10000,10000,10000,10000,10000,10000,10000,10000,10000,10000,10000,10000,10000,0,10000,10000,10000,10000,10000,10000,10000,10000,10000,10000,10000
1331603,SK하이닉스 노트북 DDR3-1333,SK하이닉스 노트북,DDR3,1333,0,1GB,1,23000,23000,23000,23000,23000,23000,23000,23000,23000,23000,23000,23000,23000,23000,23000,23000,23000,23000,0,23000,23000,23000,23000,23000,23000,23000,23000,23000,23000,23000
5728737,SK하이닉스 노트북 DDR3-1333 병행수입,SK하이닉스 노트북 병행수입,DDR3,1333,0,1GB,1,15800,15800,15800,15800,15800,15800,15800,15800,15800,15800,15800,15800,15800,15800,15800,15800,15800,15800,15800,15800,15800,15800,15800,15800,15800,15800,15800,15800,15800,15800
5728737,SK하이닉스 노트북 DDR3-1333 병행수입,SK하이닉스 노트북 병행수입,DDR3,1333,0,4GB,4,29500,29500,29500,29500,29500,29500,29500,29500,29500,29500,29500,29500,29500,29500,29500,29500,29500,29500,29500,29500,29500,29500,29500,29500,29500,29500,29500,29500,29500,29500
5728592,SK하이닉스 노트북 DDR3-1333 중고,SK하이닉스 노트북 중고,DDR3,1333,0,8GB,8,89500,89500,89500,89500,89500,89500,89500,89500,89500,89500,89500,89500,89500,89500,89500,89500,89500,89500,89500,89500,89500,89500,89500,89500,89500,89500,89500,89500,89500,89500
5728592,SK하이닉스 노트북 DDR3-1333 중고,SK하이닉스 노트북 중고,DDR3,1333,0,4GB,4,3600,3600,3600,3600,3600,3600,3600,3600,3600,3600,3600,3600,3600,3600,3600,3600,3600,3600,3600,3600,3600,3600,3600,3600,3600,3600,3600,3600,3600,3600
5728592,SK하이닉스 노트북 DDR3-1333 중고,SK하이닉스 노트북 중고,DDR3,1333,0,2GB,2,7290,7290,7290,7290,7290,7290,7290,7290,7290,7290,7290,7290,7290,7290,7290,7290,7290,7290,7290,7290,7290,7290,7290,7290,7290,7290,7290,7290,7290,7290
5728592,SK하이닉스 노트북 DDR3-1333 중고,SK하이닉스 노트북 중고,DDR3,1333,0,1GB,1,5300,5300,5300,5300,5300,5300,5300,5300,5300,5300,5300,5300,5300,5300,5300,5300,5300,5300,5300,5300,5300,5300,5300,5300,5300,5300,5300,5300,5300,5300
17811926,SK하이닉스 노트북 DDR3-1600 1.35V 중고,SK하이닉스 노트북 1.35V 중고,DDR3,1600,0,4GB,4,4400,4400,4400,4400,4400,4400,4400,4400,4400,4400,4400,4400,4400,4400,4400,4400,4400,4400,4400,4400,4400,4400,4400,4400,4400,4400,4400,4400,4400,4400
1883084,SK하이닉스 노트북 DDR3-1600 병행수입,SK하이닉스 노트북 병행수입,DDR3,1600,0,8GB,8,0,0,0,0,0,0,0,0,58000,58000,58000,58000,58000,58000,58000,58000,58000,58000,58000,58000,58000,58000,58000,0,0,0,0,0,0,0
5547576,SK하이닉스 노트북 DDR3-1600 중고,SK하이닉스 노트북 중고,DDR3,1600,0,8GB,8,16500,16500,16500,15900,0,15900,15900,15900,0,0,0,15900,15900,15900,15900,15900,15900,15900,15900,15000,0,15000,0,0,15000,15000,15000,15000,15000,0
5547576,SK하이닉스 노트북 DDR3-1600 중고,SK하이닉스 노트북 중고,DDR3,1600,0,4GB,4,4190,4190,4190,4190,0,4190,4190,4190,0,0,0,4190,4000,4000,4000,4000,4000,4000,4000,4000,0,4000,0,0,4000,4000,4000,4000,4000,0
5547576,SK하이닉스 노트북 DDR3-1600 중고,SK하이닉스 노트북 중고,DDR3,1600,0,2GB,2,19000,19000,19000,19000,0,19000,19000,19000,0,0,0,19000,19000,19000,19000,19000,19000,19000,19000,19000,0,19000,0,0,19000,19000,19000,19000,19000,0
5547968,SK하이닉스 노트북 DDR3-1600 중고,SK하이닉스 노트북 중고,DDR3,1600,0,8GB,8,0,0,0,0,15900,0,0,0,15900,15900,15900,0,0,0,0,0,0,0,0,0,15000,0,15000,15000,0,0,0,0,0,15000
5547968,SK하이닉스 노트북 DDR3-1600 중고,SK하이닉스 노트북 중고,DDR3,1600,0,4GB,4,0,0,0,0,4190,0,0,0,4190,4190,4190,0,0,0,0,0,0,0,0,0,4000,0,4000,4000,0,0,0,0,0,4000
5547968,SK하이닉스 노트북 DDR3-1600 중고,SK하이닉스 노트북 중고,DDR3,1600,0,2GB,2,0,0,0,0,19000,0,0,0,19000,19000,19000,0,0,0,0,0,0,0,0,0,19000,0,19000,19000,0,0,0,0,0,19000
5706778,SK하이닉스 노트북 DDR4-2133,SK하이닉스 노트북,DDR4,2133,0,8GB,8,22500,22500,22500,22500,22500,22500,22500,22500,22500,22500,22500,22500,23750,24000,24000,24000,24000,24000,24000,24000,24000,24000,24000,24000,24000,23250,23250,23250,23250,23250
5706778,SK하이닉스 노트북 DDR4-2133,SK하이닉스 노트북,DDR4,2133,0,4GB,4,35000,35000,35000,35000,35000,35000,35000,35000,35000,35000,35000,35000,35000,35000,35000,35000,35000,35000,35000,35000,35000,35000,35000,35000,35000,35000,35000,35000,35000,35000
15778361,SK하이닉스 노트북 DDR4-2133 중고,SK하이닉스 노트북 중고,DDR4,2133,0,8GB,8,17000,17000,17000,17000,17000,17000,17000,17000,17000,17000,17000,17000,17000,17000,17000,17000,17000,17000,17000,17000,17000,17000,17000,17000,17000,17000,17000,17000,17000,17000
15778361,SK하이닉스 노트북 DDR4-2133 중고,SK하이닉스 노트북 중고,DDR4,2133,0,4GB,4,36000,36000,36000,36000,36000,36000,36000,36000,36000,36000,36000,36000,36000,36000,36000,36000,36000,36000,36000,36000,36000,36000,36000,36000,36000,36000,36000,36000,36000,36000
16946459,SK하이닉스 노트북 DDR4-2400 중고,SK하이닉스 노트북 중고,DDR4,2400,0,8GB,8,17800,17800,17800,17800,17800,17500,17500,17500,17500,17500,17500,17500,17400,17400,17400,17400,17400,17400,17400,17400,12000,12000,12020,12020,12020,17400,17400,17400,17400,17400
16946459,SK하이닉스 노트북 DDR4-2400 중고,SK하이닉스 노트북 중고,DDR4,2400,0,4GB,4,41000,41000,41000,41000,41000,41000,41000,41000,41000,41000,41000,41000,41000,41000,41000,41000,41000,41000,41000,41000,41000,41000,41000,41000,41000,41000,41000,41000,41000,41000
16946459,SK하이닉스 노트북 DDR4-2400 중고,SK하이닉스 노트북 중고,DDR4,2400,0,2GB,2,16000,16000,16000,16000,16000,16000,16000,16000,16000,16000,16000,16000,16000,16000,16000,16000,16000,16000,16000,16000,16000,16000,16000,16000,16000,16000,16000,16000,16000,16000
17242046,SK하이닉스 노트북 DDR4-2666 중고,SK하이닉스 노트북 중고,DDR4,2666,0,4GB,4,28990,28990,28990,28990,28990,28990,28990,28990,28990,28990,28990,28990,28990,28990,28990,28990,28990,28990,28990,28990,28990,28990,28990,28990,28990,28990,28990,28990,28990,28990
17242046,SK하이닉스 노트북 DDR4-2666 중고,SK하이닉스 노트북 중고,DDR4,2666,0,16GB,16,39950,39950,39950,39950,39950,39950,39950,39950,39950,39950,39950,39950,39950,39950,39950,39950,39950,39950,39950,39950,39950,39950,39900,39890,39890,39890,39890,39890,39890,39890
17242046,SK하이닉스 노트북 DDR4-2666 중고,SK하이닉스 노트북 중고,DDR4,2666,0,8GB,8,52900,52900,52900,52900,52900,52900,52900,52900,52900,52900,52900,52900,52900,52900,52900,52900,52900,52900,52900,52900,52900,52900,52900,52900,52900,52900,52900,52900,52900,52900
16121639,SK하이닉스 노트북 DDR4-3200 중고,SK하이닉스 노트북 중고,DDR4,3200,0,8GB,8,32650,30600,32280,32260,32150,32060,32030,31910,31790,31670,31260,31230,32250,32290,32290,32290,0,32290,32290,32290,32290,32290,32290,32240,32220,32130,32120,32090,31970,31850
16121639,SK하이닉스 노트북 DDR4-3200 중고,SK하이닉스 노트북 중고,DDR4,3200,0,4GB,4,13500,13500,13500,13500,13500,12500,12500,12500,12500,12500,12500,12500,12500,12500,12500,12500,0,12500,12500,12500,12500,12500,12500,12500,12500,9820,9810,9780,9660,9560
13568960,SK하이닉스 노트북 DDR4-3200 중고,SK하이닉스 노트북 중고,DDR4,3200,0,8GB,8,0,0,0,0,0,0,0,0,0,0,0,0,0,0,0,0,32290,0,0,0,0,0,0,0,0,0,0,0,0,0
13568960,SK하이닉스 노트북 DDR4-3200 중고,SK하이닉스 노트북 중고,DDR4,3200,0,4GB,4,0,0,0,0,0,0,0,0,0,0,0,0,0,0,0,0,12500,0,0,0,0,0,0,0,0,0,0,0,0,0
17390087,SK하이닉스 노트북 DDR5-4800 중고,SK하이닉스 노트북 중고,DDR5,4800,0,8GB,8,8800,8800,8800,8800,8800,8800,8800,8800,8800,8800,8800,8800,8800,8800,8800,8800,8800,8800,8800,8800,8800,8800,8800,8800,8800,8800,8800,8800,8800,8800
20199452,SK하이닉스 노트북 DDR5-5600 중고,SK하이닉스 노트북 중고,DDR5,5600,0,32GB,32,164730,164720,164710,164700,164670,164550,164430,164310,164190,0,0,0,166580,167240,167240,167240,167240,167240,167240,167240,167240,167240,167240,167190,167170,165800,165700,165600,165590,165560
20199452,SK하이닉스 노트북 DDR5-5600 중고,SK하이닉스 노트북 중고,DDR5,5600,0,16GB,16,84610,84610,84610,84610,84610,84610,84610,84610,84610,0,0,0,84610,84610,84610,84610,84610,84610,84610,84610,84610,84610,84610,84610,59900,59900,59900,59900,59900,59900
20199452,SK하이닉스 노트북 DDR5-5600 중고,SK하이닉스 노트북 중고,DDR5,5600,0,8GB,8,14360,14350,14300,13770,13700,13670,13600,13600,13600,0,0,0,13470,13410,13320,13200,13200,13260,13240,13280,13220,13210,13160,13840,13690,13680,13320,13310,13280,13160
53780366,SK하이닉스 노트북 DDR5-5600 중고,SK하이닉스 노트북 중고,DDR5,5600,0,32GB,32,0,0,0,0,0,0,0,0,0,164070,163950,163830,0,0,0,0,0,0,0,0,0,0,0,0,0,0,0,0,0,0
53780366,SK하이닉스 노트북 DDR5-5600 중고,SK하이닉스 노트북 중고,DDR5,5600,0,16GB,16,0,0,0,0,0,0,0,0,0,84610,84610,84610,0,0,0,0,0,0,0,0,0,0,0,0,0,0,0,0,0,0
53780366,SK하이닉스 노트북 DDR5-5600 중고,SK하이닉스 노트북 중고,DDR5,5600,0,8GB,8,0,0,0,0,0,0,0,0,0,13600,13580,13550,0,0,0,0,0,0,0,0,0,0,0,0,0,0,0,0,0,0
13603805,SOUTH BRIDGE DDR3-1600,SOUTH BRIDGE,DDR3,1600,0,8GB,8,10500,10500,10500,10500,10500,10500,10500,10500,10500,10500,10500,10500,10500,10500,10500,10500,10500,10500,10500,10500,10500,10500,10500,9900,9900,9800,9800,9800,9800,9800
39768083,SOUTH BRIDGE 노트북 DDR4-2133,SOUTH BRIDGE 노트북,DDR4,2133,0,8GB,8,20800,20800,20800,20800,20800,20800,20800,20800,20800,20800,20800,20800,20800,20800,20800,20800,20800,20800,20800,20800,20800,20800,20800,20800,20800,20800,20800,20800,20800,20800
13568831,SOUTH BRIDGE 노트북 DDR4-2666,SOUTH BRIDGE 노트북,DDR4,2666,0,16GB,16,36800,36800,36800,36800,36800,36800,36800,36800,36800,36800,36800,36800,36800,36800,36800,36800,36800,36800,36800,36800,0,34700,34700,34700,34700,34700,34700,34700,34700,34700
14205473,SOUTH BRIDGE 노트북용 DDR3L-1600 1.35V,SOUTH BRIDGE 노트북용 DDR3L-1600 1.35V,0,0,0,8GB,8,11800,11800,11800,11800,11800,11800,11800,11800,11800,11800,11800,11500,11500,11500,11500,11500,11500,11500,11500,11500,11500,11500,11500,11300,11300,11300,11300,11300,11300,11300
1699045,TeamGroup DDR3-1600 Elite,TeamGroup Elite,DDR3,1600,0,8GB,8,22500,22300,22300,22300,22300,22300,22300,22300,22300,14210,14500,14500,14500,14500,14500,14500,14500,14500,14500,14500,14500,14500,14500,14500,14490,14490,14490,14490,14490,14490
5680228,TeamGroup DDR4-2666 Elite,TeamGroup Elite,DDR4,2666,0,8GB,8,40300,40300,40300,40300,40300,40300,0,0,0,0,0,0,0,0,0,0,0,0,0,0,0,0,0,0,0,40300,40300,35280,33380,33380
10188159,TeamGroup DDR4-3200 Elite,TeamGroup Elite,DDR4,3200,0,32GB,32,80490,80490,80490,80490,80490,80490,80490,80490,80490,80490,80490,80490,80490,80490,80490,80490,80490,80490,80490,80490,80490,80490,80490,80490,80490,0,0,0,0,0
10188159,TeamGroup DDR4-3200 Elite,TeamGroup Elite,DDR4,3200,0,16GB,16,34910,34930,34540,33870,33870,33870,33870,33870,33870,33870,33870,33870,33880,33880,33880,33880,33880,33880,33880,33880,33880,33880,33880,33880,33870,0,0,0,0,0
10188159,TeamGroup DDR4-3200 Elite,TeamGroup Elite,DDR4,3200,0,4GB,4,13110,13110,13500,13500,13500,13500,13500,13500,13500,13500,13500,13500,13500,13500,13500,13500,13500,13500,13500,13500,13500,13500,13500,13500,13500,0,0,0,0,0
10188159,TeamGroup DDR4-3200 Elite,TeamGroup Elite,DDR4,3200,0,8GB,8,19150,19160,19150,19150,19150,19010,19010,19010,19010,19010,19020,19020,19020,19020,19020,19020,19020,19020,19020,19020,18730,18670,18670,18670,18670,0,0,0,0,0
10188141,TeamGroup DDR4-3200 Elite,TeamGroup Elite,DDR4,3200,0,32GB,32,0,0,0,0,0,0,0,0,0,0,0,0,0,0,0,0,0,0,0,0,0,0,0,0,0,80490,80490,80490,80490,80490
10188141,TeamGroup DDR4-3200 Elite,TeamGroup Elite,DDR4,3200,0,16GB,16,0,0,0,0,0,0,0,0,0,0,0,0,0,0,0,0,0,0,0,0,0,0,0,0,0,33870,32810,32810,32810,32810
10188141,TeamGroup DDR4-3200 Elite,TeamGroup Elite,DDR4,3200,0,4GB,4,0,0,0,0,0,0,0,0,0,0,0,0,0,0,0,0,0,0,0,0,0,0,0,0,0,13500,13500,13500,13500,13500
10188141,TeamGroup DDR4-3200 Elite,TeamGroup Elite,DDR4,3200,0,8GB,8,0,0,0,0,0,0,0,0,0,0,0,0,0,0,0,0,0,0,0,0,0,0,0,0,0,18490,18040,17980,18060,18050
14907467,TeamGroup DDR4-3200 Elite 서린,TeamGroup Elite 서린,DDR4,3200,0,16GB,16,37480,37450,37360,37320,37910,0,0,0,0,0,0,0,0,0,37900,37900,37900,37900,38000,0,0,0,0,0,0,33500,33500,33300,33300,33500
14907467,TeamGroup DDR4-3200 Elite 서린,TeamGroup Elite 서린,DDR4,3200,0,8GB,8,20400,20390,20390,20390,20500,0,0,0,0,0,0,0,0,0,20500,20500,20500,20500,20500,0,0,0,0,0,0,18500,18240,18130,18110,18070
14907443,TeamGroup DDR4-3200 Elite 서린,TeamGroup Elite 서린,DDR4,3200,0,16GB,16,0,0,0,0,0,37820,37700,37700,37700,37610,37510,37440,38000,37900,0,0,0,0,0,38000,37900,37900,38000,38000,33500,0,0,0,0,0
14907443,TeamGroup DDR4-3200 Elite 서린,TeamGroup Elite 서린,DDR4,3200,0,8GB,8,0,0,0,0,0,20500,20500,20500,20500,20500,20500,20500,20500,20500,0,0,0,0,0,20500,20500,20500,20500,20500,18500,0,0,0,0,0
52062398,TeamGroup DDR5-4800 CL40 Elite,TeamGroup Elite,DDR5,4800,CL40,32GB,32,122850,122850,122850,122850,122850,122850,122850,122850,122850,122850,122850,122850,122850,122850,122850,122850,122850,122850,122850,122850,122850,122850,122850,122850,122850,122850,120750,120750,120750,120750
52062398,TeamGroup DDR5-4800 CL40 Elite,TeamGroup Elite,DDR5,4800,CL40,16GB,16,59150,59150,59150,59150,59150,59150,59150,59150,59150,59150,59150,59150,59150,59150,59150,59150,59150,59150,59150,59150,59150,59150,59150,59000,59000,59000,59000,59000,59000,59000
18767543,TeamGroup DDR5-4800 CL40 Elite Plus 블랙 서린,TeamGroup Elite Plus 블랙 서린,DDR5,4800,CL40,32GB,32,121590,121470,121370,121360,121330,121240,121210,121090,121120,0,120490,120360,123990,123990,123990,123990,123990,123990,123990,123990,123990,123990,123990,123940,123920,123880,123860,123830,123710,123590
18767543,TeamGroup DDR5-4800 CL40 Elite Plus 블랙 서린,TeamGroup Elite Plus 블랙 서린,DDR5,4800,CL40,16GB,16,69760,69750,69740,69710,69600,69490,70000,70000,70000,0,69360,69240,69180,69180,69700,69700,69700,69700,69700,69700,69700,69700,69700,68970,68500,68500,68500,68500,68500,68500
17845094,TeamGroup DDR5-4800 CL40 Elite Plus 블랙 서린,TeamGroup Elite Plus 블랙 서린,DDR5,4800,CL40,32GB,32,0,0,0,0,0,0,0,0,0,121520,0,0,0,0,0,0,0,0,0,0,0,0,0,0,0,0,0,0,0,0
17845094,TeamGroup DDR5-4800 CL40 Elite Plus 블랙 서린,TeamGroup Elite Plus 블랙 서린,DDR5,4800,CL40,16GB,16,0,0,0,0,0,0,0,0,0,69470,0,0,0,0,0,0,0,0,0,0,0,0,0,0,0,0,0,0,0,0
17845256,TeamGroup DDR5-4800 CL40 Elite Plus 실버 서린,TeamGroup Elite Plus 실버 서린,DDR5,4800,CL40,32GB,32,121600,121600,0,0,122620,122600,122590,122590,122590,122590,122590,0,0,0,0,0,0,0,0,0,122420,122420,122420,122410,121240,121240,121230,0,0,0
17845256,TeamGroup DDR5-4800 CL40 Elite Plus 실버 서린,TeamGroup Elite Plus 실버 서린,DDR5,4800,CL40,16GB,16,69990,69910,0,0,69670,69550,69430,69310,69190,69070,68950,0,0,0,0,0,0,0,0,0,69990,69990,69990,69930,68500,68500,68500,0,0,0
18767579,TeamGroup DDR5-4800 CL40 Elite Plus 실버 서린,TeamGroup Elite Plus 실버 서린,DDR5,4800,CL40,32GB,32,0,0,122680,122660,0,0,0,0,0,0,0,122420,122420,122420,122420,122420,122420,122420,122420,122420,0,0,0,0,0,0,0,120720,120700,120660
18767579,TeamGroup DDR5-4800 CL40 Elite Plus 실버 서린,TeamGroup Elite Plus 실버 서린,DDR5,4800,CL40,16GB,16,0,0,69810,69780,0,0,0,0,0,0,0,68830,68790,69180,69990,69990,69990,69990,69990,69990,0,0,0,0,0,0,0,68500,68500,68500
17535233,TeamGroup DDR5-4800 CL40 Elite 서린,TeamGroup Elite 서린,DDR5,4800,CL40,32GB,32,120650,120650,120780,0,0,120780,0,0,0,120780,120780,120780,120787,120787,120787,120787,120787,120787,120787,0,0,120787,113467,113467,113467,113467,113467,117940,119170,119170
17535233,TeamGroup DDR5-4800 CL40 Elite 서린,TeamGroup Elite 서린,DDR5,4800,CL40,16GB,16,65920,65910,65890,0,0,65760,0,0,0,65550,65500,65430,65990,65900,65900,65900,65900,65900,65990,0,0,65900,65990,65940,66020,66600,66600,66600,66600,66600
17535647,TeamGroup DDR5-4800 CL40 Elite 서린,TeamGroup Elite 서린,DDR5,4800,CL40,32GB,32,0,0,0,120780,120780,0,120780,120780,120780,0,0,0,0,0,0,0,0,0,0,120787,120787,0,0,0,0,0,0,0,0,0
17535647,TeamGroup DDR5-4800 CL40 Elite 서린,TeamGroup Elite 서린,DDR5,4800,CL40,16GB,16,0,0,0,65870,65800,0,65600,65600,65620,0,0,0,0,0,0,0,0,0,0,65990,65900,0,0,0,0,0,0,0,0,0
18767630,TeamGroup DDR5-5200 CL42 Elite Plus 블랙 서린,TeamGroup Elite Plus 블랙 서린,DDR5,5200,CL42,16GB,16,70990,70910,71000,71000,71000,71000,71000,71000,71000,70700,70700,70700,70700,70650,70650,70650,70650,70650,70700,70700,70650,70650,70700,70700,66000,66000,66000,65800,65800,66000
18767684,TeamGroup DDR5-5200 CL42 Elite Plus 실버 서린,TeamGroup Elite Plus 실버 서린,DDR5,5200,CL42,16GB,16,69350,69350,70560,70560,70560,70560,70560,70560,70560,70560,70560,70560,70560,70560,70560,70560,70560,70560,70560,70560,70560,70560,70560,70560,66000,66000,66000,66000,66000,66000
18767360,TeamGroup DDR5-5200 CL42 Elite 서린,TeamGroup Elite 서린,DDR5,5200,CL42,16GB,16,65070,64990,64890,64390,67400,67850,67700,67700,67730,67640,67550,65590,66070,66060,66060,66060,66060,66060,66070,68490,67900,67900,68280,68210,63000,63000,63000,62500,62500,63000
23563973,TeamGroup DDR5-5600 CL46 Elite,TeamGroup Elite,DDR5,5600,CL46,16GB,16,59810,59810,60120,60120,60120,60120,0,0,0,0,0,0,59800,59800,59800,59800,59800,59800,59800,59800,59290,59290,59290,58500,58500,58400,58390,58390,58390,58390
23563973,TeamGroup DDR5-5600 CL46 Elite,TeamGroup Elite,DDR5,5600,CL46,32GB,32,114950,114950,117000,117000,117000,117000,0,0,0,0,0,0,117000,117000,117000,117000,117000,117000,117000,117000,117000,117000,117000,115000,115000,115000,114990,114990,114990,114990
23563973,TeamGroup DDR5-5600 CL46 Elite,TeamGroup Elite,DDR5,5600,CL46,8GB,8,34500,34500,34500,34500,34500,34500,0,0,0,0,0,0,34500,34500,34500,34500,34500,34500,34500,34500,34130,34130,34130,33500,33500,33500,33500,33500,33500,33500
37345886,TeamGroup DDR5-5600 CL46 Elite,TeamGroup Elite,DDR5,5600,CL46,16GB,16,0,0,0,0,0,0,60120,60120,60120,60120,60120,59800,0,0,0,0,0,0,0,0,0,0,0,0,0,0,0,0,0,0
37345886,TeamGroup DDR5-5600 CL46 Elite,TeamGroup Elite,DDR5,5600,CL46,32GB,32,0,0,0,0,0,0,117000,117000,117000,117000,117000,117000,0,0,0,0,0,0,0,0,0,0,0,0,0,0,0,0,0,0
37345886,TeamGroup DDR5-5600 CL46 Elite,TeamGroup Elite,DDR5,5600,CL46,8GB,8,0,0,0,0,0,0,34500,34500,34500,34500,34500,34500,0,0,0,0,0,0,0,0,0,0,0,0,0,0,0,0,0,0
27545675,TeamGroup DDR5-5600 CL46 Elite Plus 블랙 서린,TeamGroup Elite Plus 블랙 서린,DDR5,5600,CL46,16GB,16,70990,70980,0,0,0,0,0,0,0,0,0,71100,71990,71990,71990,71990,71990,71990,71990,0,0,0,0,0,0,0,0,0,0,0
27545675,TeamGroup DDR5-5600 CL46 Elite Plus 블랙 서린,TeamGroup Elite Plus 블랙 서린,DDR5,5600,CL46,32GB,32,129550,129540,0,0,0,0,0,0,0,0,0,131000,131000,131000,131000,131000,131000,131000,131000,0,0,0,0,0,0,0,0,0,0,0
18768413,TeamGroup DDR5-5600 CL46 Elite Plus 블랙 서린,TeamGroup Elite Plus 블랙 서린,DDR5,5600,CL46,16GB,16,0,0,70980,71170,72000,72000,72000,72000,72000,71100,71100,0,0,0,0,0,0,0,0,71990,71990,71990,71990,71970,65000,65000,65000,65000,65000,65000
18768413,TeamGroup DDR5-5600 CL46 Elite Plus 블랙 서린,TeamGroup Elite Plus 블랙 서린,DDR5,5600,CL46,32GB,32,0,0,129530,129500,129390,129270,129150,129030,128910,130920,131000,0,0,0,0,0,0,0,0,130990,130990,130990,130990,130930,125000,125000,125000,125000,125000,125000
27545711,TeamGroup DDR5-5600 CL46 Elite Plus 실버 서린,TeamGroup Elite Plus 실버 서린,DDR5,5600,CL46,32GB,32,129900,129900,129900,130410,130290,130170,130050,129930,129810,0,0,0,0,0,0,0,0,130750,130750,130750,130750,130750,130750,130670,0,0,0,0,0,0
27545711,TeamGroup DDR5-5600 CL46 Elite Plus 실버 서린,TeamGroup Elite Plus 실버 서린,DDR5,5600,CL46,16GB,16,71250,71250,71270,71270,71270,72000,71990,71990,71990,0,0,0,0,0,0,0,0,71800,71800,71800,71800,71800,71800,71800,0,0,0,0,0,0
18768470,TeamGroup DDR5-5600 CL46 Elite Plus 실버 서린,TeamGroup Elite Plus 실버 서린,DDR5,5600,CL46,32GB,32,0,0,0,0,0,0,0,0,0,129690,129570,129450,130750,130750,130750,130750,130750,0,0,0,0,0,0,0,124920,123690,124990,124990,124990,124990
18768470,TeamGroup DDR5-5600 CL46 Elite Plus 실버 서린,TeamGroup Elite Plus 실버 서린,DDR5,5600,CL46,16GB,16,0,0,0,0,0,0,0,0,0,71800,71800,71800,71800,71800,71800,71800,71800,0,0,0,0,0,0,0,64800,64800,64800,64800,64800,64800
17535839,TeamGroup DDR5-5600 CL46 Elite 서린,TeamGroup Elite 서린,DDR5,5600,CL46,32GB,32,123990,124000,124000,124000,124000,124000,124000,124000,124000,123810,123700,117710,124000,124000,124000,124000,124000,124000,124000,119900,119300,119300,119300,123610,117000,117000,117000,117000,117000,117000
17535839,TeamGroup DDR5-5600 CL46 Elite 서린,TeamGroup Elite 서린,DDR5,5600,CL46,16GB,16,62690,63990,63990,65990,65990,65990,63990,63980,63990,65600,65600,65600,65600,63990,63980,63980,63980,63980,64000,66000,64900,64900,66000,64990,62000,62000,60820,60750,60750,60760
17535839,TeamGroup DDR5-5600 CL46 Elite 서린,TeamGroup Elite 서린,DDR5,5600,CL46,8GB,8,38480,38450,38380,38340,38250,38210,38120,38120,38100,38060,37980,37940,38330,38300,38300,38300,38300,38300,38400,38400,38300,38300,38380,38320,35500,35500,35500,35300,35300,35500
28265831,TeamGroup DDR5-5600 CL46 Elite 패키지,TeamGroup Elite 패키지,DDR5,5600,CL46,32GB(16GX2),32,118250,118250,118250,118250,118250,118250,118250,118250,118250,118250,118250,118250,118250,118250,118250,118250,118250,118250,118250,118250,116700,116700,116700,115150,115150,115150,115150,115150,115150,115150
31424177,TeamGroup DDR5-6000 CL48 Elite 서린,TeamGroup Elite 서린,DDR5,6000,CL48,32GB,32,124100,124080,124070,0,0,0,0,0,0,126730,126610,126490,0,0,127000,127000,127000,0,0,0,0,0,0,0,122000,122000,122000,122000,122000,122000
31424177,TeamGroup DDR5-6000 CL48 Elite 서린,TeamGroup Elite 서린,DDR5,6000,CL48,16GB,16,65550,69000,69000,0,0,0,0,0,0,69000,69000,68970,0,0,68990,68990,68990,0,0,0,0,0,0,0,65000,65000,65000,65000,65000,65000
31424087,TeamGroup DDR5-6000 CL48 Elite 서린,TeamGroup Elite 서린,DDR5,6000,CL48,32GB,32,0,0,0,124070,124050,124020,123990,126970,126850,0,0,0,127000,127000,0,0,0,127000,127000,126990,126990,126990,126990,126990,0,0,0,0,0,0
31424087,TeamGroup DDR5-6000 CL48 Elite 서린,TeamGroup Elite 서린,DDR5,6000,CL48,16GB,16,0,0,0,69000,69000,69000,69000,69000,69000,0,0,0,68990,68990,0,0,0,68990,68990,68990,68990,68990,68990,68990,0,0,0,0,0,0
54100718,TeamGroup DDR5-6400 CL52 Elite 서린,TeamGroup Elite 서린,DDR5,6400,CL52,32GB,32,131100,131100,133000,133000,133000,133000,133000,133000,133000,133000,133000,133000,133000,133000,133000,133000,133000,133000,133000,133000,133000,133000,133000,133000,126000,126000,125990,0,0,0
54100718,TeamGroup DDR5-6400 CL52 Elite 서린,TeamGroup Elite 서린,DDR5,6400,CL52,16GB,16,72000,72000,72000,72000,72000,72000,72000,72000,72000,72000,72000,72000,72000,72000,72000,72000,72000,72000,72000,72000,72000,72000,72000,72000,67000,67000,66990,0,0,0
54100754,TeamGroup DDR5-6400 CL52 Elite 서린,TeamGroup Elite 서린,DDR5,6400,CL52,32GB,32,131100,131100,133000,133000,0,0,0,0,0,0,0,0,0,0,133000,133000,133000,133000,133000,133000,133000,133000,133000,133000,126000,126000,125990,125990,125990,125990
54100754,TeamGroup DDR5-6400 CL52 Elite 서린,TeamGroup Elite 서린,DDR5,6400,CL52,16GB,16,72000,72000,72000,72000,0,0,0,0,0,0,0,0,0,0,72000,72000,72000,72000,72000,72000,72000,72000,72000,72000,67000,67000,66990,66990,66990,66990
15803078,TeamGroup T-CREATE DDR4-3200 CL14 EXPERT OC10L 패키지,TeamGroup T-CREATE EXPERT OC10L 패키지,DDR4,3200,CL14,32GB(16GX2),32,289480,0,0,0,0,289480,289480,289480,289480,285900,285900,285900,285900,285900,0,0,0,0,0,0,0,0,285900,285900,285900,285900,285900,285900,285900,285900
15803078,TeamGroup T-CREATE DDR4-3200 CL14 EXPERT OC10L 패키지,TeamGroup T-CREATE EXPERT OC10L 패키지,DDR4,3200,CL14,16GB(8GX2),16,137800,0,0,0,0,137800,137800,137800,137800,137500,137500,137500,137500,137500,0,0,0,0,0,0,0,0,137500,137500,137500,137500,137500,137500,137500,137500
15803102,TeamGroup T-CREATE DDR4-3200 CL14 EXPERT OC10L 패키지,TeamGroup T-CREATE EXPERT OC10L 패키지,DDR4,3200,CL14,32GB(16GX2),32,0,289480,289480,289480,289480,0,0,0,0,0,0,0,0,0,285900,285900,285900,285900,285900,285900,285900,285900,0,0,0,0,0,0,0,0
15803102,TeamGroup T-CREATE DDR4-3200 CL14 EXPERT OC10L 패키지,TeamGroup T-CREATE EXPERT OC10L 패키지,DDR4,3200,CL14,16GB(8GX2),16,0,137800,137800,137800,137800,0,0,0,0,0,0,0,0,0,137500,137500,137500,137500,137500,137500,137500,137500,0,0,0,0,0,0,0,0
13942826,TeamGroup T-CREATE DDR4-3200 CL22 CLASSIC 10L 패키지,TeamGroup T-CREATE CLASSIC 10L 패키지,DDR4,3200,CL22,64GB(32GX2),64,350890,350890,350890,350890,350890,0,0,0,0,0,0,0,0,0,0,0,0,0,0,0,0,0,0,0,0,0,0,0,0,0
13232318,TeamGroup T-CREATE DDR4-3200 CL22 CLASSIC 10L 패키지 서린,TeamGroup T-CREATE CLASSIC 10L 패키지 서린,DDR4,3200,CL22,64GB(32GX2),64,234600,234600,234600,234600,234600,234600,234600,234600,234600,234600,234600,234600,234600,234600,234600,234600,234600,234600,234600,234600,234600,234600,234600,234600,234600,234600,234600,234600,234600,234600
13232318,TeamGroup T-CREATE DDR4-3200 CL22 CLASSIC 10L 패키지 서린,TeamGroup T-CREATE CLASSIC 10L 패키지 서린,DDR4,3200,CL22,32GB(16GX2),32,134640,134640,134640,134640,134640,134640,134640,134640,134640,134640,134640,134640,134640,134640,134640,134640,134640,134640,134640,134640,134640,134640,134640,134640,134640,134640,134640,134640,134640,134640
15803147,TeamGroup T-CREATE DDR4-3600 CL14 EXPERT OC10L 패키지,TeamGroup T-CREATE EXPERT OC10L 패키지,DDR4,3600,CL14,16GB(8GX2),16,131300,131300,131300,131300,131300,131300,131300,131300,131300,131300,131300,131300,131300,131300,131300,131300,131300,131300,131300,131300,131300,131300,131300,131300,131300,131300,131300,131300,131300,131300
13943096,TeamGroup T-CREATE DDR4-3600 CL18 EXPERT OC10L 패키지,TeamGroup T-CREATE EXPERT OC10L 패키지,DDR4,3600,CL18,32GB(16GX2),32,0,0,0,0,0,0,0,0,0,0,246000,246000,0,0,0,0,0,0,0,0,0,0,0,0,0,0,0,0,0,0
13943096,TeamGroup T-CREATE DDR4-3600 CL18 EXPERT OC10L 패키지,TeamGroup T-CREATE EXPERT OC10L 패키지,DDR4,3600,CL18,16GB(8GX2),16,0,0,0,0,0,0,0,0,0,0,123600,123600,0,0,0,0,0,0,0,0,0,0,0,0,0,0,0,0,0,0
13981106,TeamGroup T-CREATE DDR4-3600 CL18 EXPERT OC10L 패키지 서린,TeamGroup T-CREATE EXPERT OC10L 패키지 서린,DDR4,3600,CL18,64GB(32GX2),64,208000,208000,208000,208000,208000,208000,208000,208000,208000,207300,207300,207300,207300,207300,207300,207300,207300,207300,207300,207300,207300,207300,207300,0,207300,207300,207300,207300,207300,207300
13981106,TeamGroup T-CREATE DDR4-3600 CL18 EXPERT OC10L 패키지 서린,TeamGroup T-CREATE EXPERT OC10L 패키지 서린,DDR4,3600,CL18,32GB(16GX2),32,98000,98000,98000,98000,98000,98000,98000,98000,98000,97700,97700,97700,97700,97700,97700,97700,97700,97700,97700,97700,97700,97700,97700,0,98000,98000,98000,98000,98000,98000
13981106,TeamGroup T-CREATE DDR4-3600 CL18 EXPERT OC10L 패키지 서린,TeamGroup T-CREATE EXPERT OC10L 패키지 서린,DDR4,3600,CL18,16GB(8GX2),16,57000,57000,57000,57000,57000,57000,57000,57000,57000,56900,56900,56900,56900,56900,56900,56900,56900,56900,56900,56900,56900,56900,56900,0,56900,56900,56900,56900,56900,56900
13981076,TeamGroup T-CREATE DDR4-3600 CL18 EXPERT OC10L 패키지 서린,TeamGroup T-CREATE EXPERT OC10L 패키지 서린,DDR4,3600,CL18,64GB(32GX2),64,0,0,0,0,0,0,0,0,0,0,0,0,0,0,0,0,0,0,0,0,0,0,0,207300,0,0,0,0,0,0
13981076,TeamGroup T-CREATE DDR4-3600 CL18 EXPERT OC10L 패키지 서린,TeamGroup T-CREATE EXPERT OC10L 패키지 서린,DDR4,3600,CL18,32GB(16GX2),32,0,0,0,0,0,0,0,0,0,0,0,0,0,0,0,0,0,0,0,0,0,0,0,98000,0,0,0,0,0,0
13981076,TeamGroup T-CREATE DDR4-3600 CL18 EXPERT OC10L 패키지 서린,TeamGroup T-CREATE EXPERT OC10L 패키지 서린,DDR4,3600,CL18,16GB(8GX2),16,0,0,0,0,0,0,0,0,0,0,0,0,0,0,0,0,0,0,0,0,0,0,0,56900,0,0,0,0,0,0
19566122,TeamGroup T-CREATE DDR5-5600 CL46 CLASSIC 패키지 서린,TeamGroup T-CREATE CLASSIC 패키지 서린,DDR5,5600,CL46,64GB(32GX2),64,290000,290000,290000,290000,290000,290000,290000,290000,290000,285900,285900,285900,285900,285900,285900,285900,285900,285900,285900,285900,285900,285900,285900,285900,285900,285900,285900,285900,285900,285900
19566122,TeamGroup T-CREATE DDR5-5600 CL46 CLASSIC 패키지 서린,TeamGroup T-CREATE CLASSIC 패키지 서린,DDR5,5600,CL46,32GB(16GX2),32,141800,141800,141700,141610,141520,141620,141500,141500,141620,141620,144000,144000,144000,141500,141500,141500,141500,142500,144000,144000,142500,142500,144000,144000,144000,144000,144000,142500,142500,144000
20546438,TeamGroup T-CREATE DDR5-6000 CL30 EXPERT 패키지 서린,TeamGroup T-CREATE EXPERT 패키지 서린,DDR5,6000,CL30,32GB(16GX2),32,161100,161140,161090,161030,160970,160900,160800,160800,160740,160680,160620,160560,160510,160450,160430,160430,160430,160430,160440,160280,160220,160150,160090,160030,160010,165000,160020,160020,160020,160020
20546684,TeamGroup T-CREATE DDR5-6000 CL30 EXPERT 화이트 패키지 서린,TeamGroup T-CREATE EXPERT 화이트 패키지 서린,DDR5,6000,CL30,32GB(16GX2),32,163000,163390,163380,164850,164760,164680,163000,163000,164570,162800,162800,162800,162800,162700,162700,162700,162700,162700,162800,162800,162700,162700,162800,162800,162800,162800,162800,162700,162700,162800
19566788,TeamGroup T-CREATE DDR5-6000 CL34 EXPERT 패키지 서린,TeamGroup T-CREATE EXPERT 패키지 서린,DDR5,6000,CL34,64GB(32GX2),64,330000,330000,330000,330000,412490,330150,330000,330000,330000,328900,328900,328900,328900,328900,328900,328900,328900,328900,328900,328900,328900,328900,328900,328900,328900,328900,328900,328900,328900,328900
20546735,TeamGroup T-CREATE DDR5-6000 CL34 EXPERT 화이트 패키지 서린,TeamGroup T-CREATE EXPERT 화이트 패키지 서린,DDR5,6000,CL34,64GB(32GX2),64,329990,329990,329990,329990,330000,330000,329990,329990,329990,328900,328900,328900,328900,328900,328900,328900,328900,328900,328900,328900,328900,328900,328900,328900,328900,328900,328900,328900,328900,328900
19567022,TeamGroup T-CREATE DDR5-6000 CL38 EXPERT 패키지 서린,TeamGroup T-CREATE EXPERT 패키지 서린,DDR5,6000,CL38,32GB(16GX2),32,157860,157860,157860,157860,157860,157860,157860,157860,157860,157860,157860,157860,157860,157860,157860,157860,157860,157860,157860,157860,157860,157860,157860,157860,157850,157850,157850,157850,157850,157850
20546912,TeamGroup T-CREATE DDR5-6000 CL38 EXPERT 화이트 패키지 서린,TeamGroup T-CREATE EXPERT 화이트 패키지 서린,DDR5,6000,CL38,32GB(16GX2),32,155800,155800,157940,157940,157940,157940,157940,157940,157940,157940,158000,158000,158000,158000,158000,158000,158000,158000,158000,158000,158000,158000,158000,158000,158000,158000,158000,158000,158000,158000
19567628,TeamGroup T-CREATE DDR5-6000 CL48 CLASSIC 패키지 서린,TeamGroup T-CREATE CLASSIC 패키지 서린,DDR5,6000,CL48,64GB(32GX2),64,300000,0,300000,0,0,300000,0,0,0,299000,299000,299000,299000,299000,0,0,0,0,0,0,0,0,0,0,0,0,0,0,0,0
19567628,TeamGroup T-CREATE DDR5-6000 CL48 CLASSIC 패키지 서린,TeamGroup T-CREATE CLASSIC 패키지 서린,DDR5,6000,CL48,32GB(16GX2),32,149890,0,149890,0,0,149890,0,0,0,149500,149500,149500,149500,149500,0,0,0,0,0,0,0,0,0,0,0,0,0,0,0,0
19567433,TeamGroup T-CREATE DDR5-6000 CL48 CLASSIC 패키지 서린,TeamGroup T-CREATE CLASSIC 패키지 서린,DDR5,6000,CL48,64GB(32GX2),64,0,300000,0,300000,300000,0,300000,300000,300000,0,0,0,0,0,299000,299000,299000,299000,299000,299000,299000,299000,299000,299000,299000,299000,299000,299000,299000,299000
19567433,TeamGroup T-CREATE DDR5-6000 CL48 CLASSIC 패키지 서린,TeamGroup T-CREATE CLASSIC 패키지 서린,DDR5,6000,CL48,32GB(16GX2),32,0,149890,0,149890,149890,0,149890,149890,149890,0,0,0,0,0,149500,149500,149500,149500,149500,149500,149500,149500,149500,149500,149500,149500,149500,149500,149500,149500
20546819,TeamGroup T-CREATE DDR5-6400 CL32 EXPERT 패키지 서린,TeamGroup T-CREATE EXPERT 패키지 서린,DDR5,6400,CL32,32GB(16GX2),32,175000,175000,175000,175000,170700,170700,175000,175000,175000,175000,175000,175000,175000,175000,175000,175000,175000,175000,175000,175000,175000,175000,175000,175000,174990,174990,174990,174990,174990,174990
20546987,TeamGroup T-CREATE DDR5-6400 CL32 EXPERT 화이트 패키지 서린,TeamGroup T-CREATE EXPERT 화이트 패키지 서린,DDR5,6400,CL32,32GB(16GX2),32,175000,175000,175000,175000,175000,175000,175000,175000,175000,175000,175000,175000,175000,175000,174990,174990,174990,175000,175000,175000,175000,175000,175000,175000,174990,174990,174990,174990,174990,174990
19567934,TeamGroup T-CREATE DDR5-6400 CL34 EXPERT 패키지 서린,TeamGroup T-CREATE EXPERT 패키지 서린,DDR5,6400,CL34,64GB(32GX2),64,349990,350000,350000,350000,350000,350000,350000,350000,350000,350000,350000,350000,350000,350000,350000,350000,350000,350000,350000,350000,350000,350000,350000,350000,349990,349990,349990,349990,349990,349990
20547080,TeamGroup T-CREATE DDR5-6400 CL34 EXPERT 화이트 패키지 서린,TeamGroup T-CREATE EXPERT 화이트 패키지 서린,DDR5,6400,CL34,64GB(32GX2),64,350000,350000,350000,350000,350000,350000,350000,350000,350000,350000,350000,350000,350000,350000,350000,350000,350000,350000,350000,350000,350000,350000,350000,350000,349990,349990,349990,349990,349990,349990
19568183,TeamGroup T-CREATE DDR5-6400 CL40 EXPERT 패키지 서린,TeamGroup T-CREATE EXPERT 패키지 서린,DDR5,6400,CL40,32GB(16GX2),32,160000,160000,160000,160000,160000,160000,160000,160000,160000,160000,160000,160000,160000,160000,160000,160000,160000,160000,160000,160000,160000,160000,160000,160000,159990,159990,159990,159990,159990,159990
20547134,TeamGroup T-CREATE DDR5-6400 CL40 EXPERT 화이트 패키지 서린,TeamGroup T-CREATE EXPERT 화이트 패키지 서린,DDR5,6400,CL40,32GB(16GX2),32,159780,159750,159720,159620,159510,159390,159270,159150,159030,158910,158790,158670,158630,159990,159990,159990,159990,159990,159990,159990,159990,159990,159990,159940,159920,159890,159880,159870,159860,159830
31424558,TeamGroup T-CREATE DDR5-6800 CL36 EXPERT 패키지,TeamGroup T-CREATE EXPERT 패키지,DDR5,6800,CL36,96GB(48GX2),96,590000,575600,590000,590000,575600,575600,590000,590000,590000,589990,590000,582460,582460,582460,582460,582460,582460,582460,582460,582460,582460,582460,582460,582460,582460,582460,582450,582450,582450,582450
31424654,TeamGroup T-CREATE DDR5-6800 CL36 EXPERT 화이트 패키지,TeamGroup T-CREATE EXPERT 화이트 패키지,DDR5,6800,CL36,96GB(48GX2),96,575590,575600,575590,575590,575590,575590,575590,582440,582440,582440,582440,582440,582450,582450,582450,582450,582450,582450,582450,582450,582450,582450,582450,582450,582440,582440,582440,582440,582440,582440
20547176,TeamGroup T-CREATE DDR5-7200 CL34 EXPERT 패키지 서린,TeamGroup T-CREATE EXPERT 패키지 서린,DDR5,7200,CL34,48GB(24GX2),48,313810,313800,313720,313610,313490,313370,313250,313130,313010,312890,312770,312650,312610,313120,313100,313100,313100,313100,313100,313000,0,0,0,0,0,0,0,0,0,0
20547176,TeamGroup T-CREATE DDR5-7200 CL34 EXPERT 패키지 서린,TeamGroup T-CREATE EXPERT 패키지 서린,DDR5,7200,CL34,32GB(16GX2),32,219790,219780,219770,219760,219730,219610,219490,219370,219250,219130,219960,219990,219990,219990,219990,219990,219990,219990,219990,219990,0,0,0,0,0,0,0,0,0,0
31424498,TeamGroup T-CREATE DDR5-7200 CL34 EXPERT 패키지 서린,TeamGroup T-CREATE EXPERT 패키지 서린,DDR5,7200,CL34,48GB(24GX2),48,0,0,0,0,0,0,0,0,0,0,0,0,0,0,0,0,0,0,0,0,312940,312880,312820,314910,314800,314750,314740,314730,314720,314690
31424498,TeamGroup T-CREATE DDR5-7200 CL34 EXPERT 패키지 서린,TeamGroup T-CREATE EXPERT 패키지 서린,DDR5,7200,CL34,32GB(16GX2),32,0,0,0,0,0,0,0,0,0,0,0,0,0,0,0,0,0,0,0,0,219990,219990,219990,219990,202990,202990,202990,202990,202990,202990
20547212,TeamGroup T-CREATE DDR5-7200 CL34 EXPERT 화이트 패키지 서린,TeamGroup T-CREATE EXPERT 화이트 패키지 서린,DDR5,7200,CL34,48GB(24GX2),48,314790,314780,314770,314740,314630,314510,314390,314270,314150,314030,313940,314990,315000,315000,315000,315000,315000,315000,315000,315000,315000,315000,315000,314990,314990,314990,314990,314990,314990,314990
20547212,TeamGroup T-CREATE DDR5-7200 CL34 EXPERT 화이트 패키지 서린,TeamGroup T-CREATE EXPERT 화이트 패키지 서린,DDR5,7200,CL34,32GB(16GX2),32,219800,219770,219670,219660,219630,219510,219390,219270,219150,219030,218910,218790,218750,219300,219300,219300,219300,219300,219300,219300,219300,219300,219300,219300,202300,202300,202300,202300,202300,202300
20657798,TeamGroup T-CREATE 노트북 DDR5-5600 CL46 CLASSIC 서린,TeamGroup T-CREATE 노트북 CLASSIC 서린,DDR5,5600,CL46,16GB,16,67750,67750,67750,67750,67750,67750,67750,67750,67750,64200,64200,64200,64200,64200,64200,64200,64200,64200,64200,64200,64200,64200,64200,64200,64200,64200,64200,64200,64200,64200
28806848,TeamGroup T-CREATE 노트북 DDR5-5600 CL46-45-45 CLASSIC 서린,TeamGroup T-CREATE 노트북 -45-45 CLASSIC 서린,DDR5,5600,CL46,32GB,32,123500,130000,130000,0,130000,130000,130000,130000,130000,130000,130000,0,130000,130000,130000,130000,130000,130000,130000,0,130000,130000,130000,130000,0,130000,130000,130000,130000,130000
28806848,TeamGroup T-CREATE 노트북 DDR5-5600 CL46-45-45 CLASSIC 서린,TeamGroup T-CREATE 노트북 -45-45 CLASSIC 서린,DDR5,5600,CL46,16GB,16,69000,69000,69000,0,69000,69000,69000,69000,69000,69000,69000,0,69000,69000,69000,69000,69000,69000,69000,0,69000,69000,69000,69000,0,69000,69000,69000,69000,69000
28806803,TeamGroup T-CREATE 노트북 DDR5-5600 CL46-45-45 CLASSIC 서린,TeamGroup T-CREATE 노트북 -45-45 CLASSIC 서린,DDR5,5600,CL46,32GB,32,0,0,0,130000,0,0,0,0,0,0,0,130000,0,0,0,0,0,0,0,130000,0,0,0,0,130000,0,0,0,0,0
28806803,TeamGroup T-CREATE 노트북 DDR5-5600 CL46-45-45 CLASSIC 서린,TeamGroup T-CREATE 노트북 -45-45 CLASSIC 서린,DDR5,5600,CL46,16GB,16,0,0,0,69000,0,0,0,0,0,0,0,69000,0,0,0,0,0,0,0,69000,0,0,0,0,69000,0,0,0,0,0
10711269,TeamGroup T-Force DDR4-2666 CL16 Delta RGB 화이트 패키지 가넷,TeamGroup T-Force Delta RGB 화이트 패키지 가넷,DDR4,2666,CL16,16GB(8GX2),16,0,0,0,0,0,0,0,97110,97110,97110,97110,97110,97110,97110,97110,97110,0,0,0,0,0,0,0,97110,0,0,0,0,0,97110
7323688,TeamGroup T-Force DDR4-2666 CL18 Delta TUF Gaming RGB 패키지 서린,TeamGroup T-Force Delta TUF Gaming RGB 패키지 서린,DDR4,2666,CL18,32GB(16GX2),32,97210,97210,97210,97210,97210,97210,97210,97210,97210,97210,97210,97210,97210,97210,97210,97210,97210,97210,97210,97210,97210,97210,97210,97210,97210,97210,97210,97210,97210,97210
8714552,TeamGroup T-Force DDR4-2666 CL18 T1 GAMING,TeamGroup T-Force T1 GAMING,DDR4,2666,CL18,4GB,4,15000,15000,15000,15000,15000,15000,15000,15000,15000,15000,15000,15000,15000,15000,15000,15000,15000,15000,15000,15000,15000,15000,15000,15000,15000,15000,15000,15000,15000,15000
7272193,TeamGroup T-Force DDR4-3000 CL16 Night Hawk RGB 화이트 패키지 서린,TeamGroup T-Force Night Hawk RGB 화이트 패키지 서린,DDR4,3000,CL16,32GB(16GX2),32,99900,99900,99900,99900,99900,99900,99900,99900,99900,95400,100560,96310,96310,96310,96310,96310,96310,96310,96310,96310,96310,96310,96310,96310,96310,96310,0,0,0,0
10419321,TeamGroup T-Force DDR4-3200 CL14 XTREEM ARGB 패키지 서린,TeamGroup T-Force XTREEM ARGB 패키지 서린,DDR4,3200,CL14,32GB(16GX2),32,277300,277300,277300,277300,273200,273200,277810,277810,277810,0,0,0,0,0,0,0,280000,280000,280000,280000,280000,280000,280000,280000,0,0,0,0,0,0
10419321,TeamGroup T-Force DDR4-3200 CL14 XTREEM ARGB 패키지 서린,TeamGroup T-Force XTREEM ARGB 패키지 서린,DDR4,3200,CL14,16GB(8GX2),16,170000,170000,170000,170000,165900,165900,170000,170000,170000,0,0,0,0,0,0,0,170000,170000,170000,170000,170000,170000,170000,170000,0,0,0,0,0,0
12362669,TeamGroup T-Force DDR4-3200 CL14 XTREEM ARGB 패키지 서린,TeamGroup T-Force XTREEM ARGB 패키지 서린,DDR4,3200,CL14,32GB(16GX2),32,0,0,0,0,0,0,0,0,0,277810,277810,279000,280000,280000,280000,280000,0,0,0,0,0,0,0,0,279990,279990,279990,279990,279990,279990
12362669,TeamGroup T-Force DDR4-3200 CL14 XTREEM ARGB 패키지 서린,TeamGroup T-Force XTREEM ARGB 패키지 서린,DDR4,3200,CL14,16GB(8GX2),16,0,0,0,0,0,0,0,0,0,169400,169400,169400,170000,170000,170000,170000,0,0,0,0,0,0,0,0,169990,169990,169990,169990,169990,169990
13460609,TeamGroup T-Force DDR4-3200 CL14 XTREEM ARGB 화이트 패키지 서린,TeamGroup T-Force XTREEM ARGB 화이트 패키지 서린,DDR4,3200,CL14,32GB(16GX2),32,280000,280000,280000,280000,280000,280000,280000,280000,280000,279000,279000,279000,280000,280000,280000,280000,280000,280000,280000,280000,280000,280000,280000,280000,279990,279990,279990,279990,279990,279990
11376462,TeamGroup T-Force DDR4-3200 CL16 DARK Z GREY,TeamGroup T-Force DARK Z GREY,DDR4,3200,CL16,32GB,32,0,0,0,0,0,0,0,0,0,0,0,174590,174590,174590,174590,174590,174590,174590,174590,174590,174590,174590,174380,174370,174370,174370,174370,174370,174370,174370
11400597,TeamGroup T-Force DDR4-3200 CL16 DARK Z RED 패키지,TeamGroup T-Force DARK Z RED 패키지,DDR4,3200,CL16,64GB(32GX2),64,177650,177650,177650,177650,177650,177650,177650,177650,177650,177650,177650,177650,177650,177650,177650,177650,177650,177650,177650,177650,177650,177650,177650,177650,177650,177650,177650,177650,177650,177650
11379459,TeamGroup T-Force DDR4-3200 CL16 Delta RGB,TeamGroup T-Force Delta RGB,DDR4,3200,CL16,32GB,32,350240,350240,350240,350240,350240,350240,350240,350240,350240,350240,350240,350240,350240,350240,350240,350240,350240,350240,350240,350240,350240,350240,350240,350240,350240,350240,350240,350240,350240,350240
6935872,TeamGroup T-Force DDR4-3200 CL16 Delta RGB 패키지,TeamGroup T-Force Delta RGB 패키지,DDR4,3200,CL16,32GB(16GX2),32,106400,106400,109990,109990,109990,109990,109990,109990,109990,109990,109990,109990,109990,109990,109990,109990,109990,109990,109990,109990,109990,109990,109990,109990,109990,109990,109990,107990,107990,107990
6935872,TeamGroup T-Force DDR4-3200 CL16 Delta RGB 패키지,TeamGroup T-Force Delta RGB 패키지,DDR4,3200,CL16,16GB(8GX2),16,62760,62760,62760,62760,62760,62760,62760,62760,62760,62760,62760,62760,62760,62760,62760,62760,62760,62760,62760,62760,62760,62760,62760,62000,62000,62000,62000,62000,62000,62000
11380365,TeamGroup T-Force DDR4-3200 CL16 Delta RGB 패키지 서린,TeamGroup T-Force Delta RGB 패키지 서린,DDR4,3200,CL16,64GB(32GX2),64,235000,235000,235000,235000,0,0,0,0,0,0,0,0,0,0,0,0,0,0,0,0,0,0,0,0,0,0,0,0,0,0
11380365,TeamGroup T-Force DDR4-3200 CL16 Delta RGB 패키지 서린,TeamGroup T-Force Delta RGB 패키지 서린,DDR4,3200,CL16,32GB(16GX2),32,125000,123752,123752,123750,0,0,0,0,0,0,0,0,0,0,0,0,0,0,0,0,0,0,0,0,0,0,0,0,0,0
11380365,TeamGroup T-Force DDR4-3200 CL16 Delta RGB 패키지 서린,TeamGroup T-Force Delta RGB 패키지 서린,DDR4,3200,CL16,16GB(8GX2),16,67180,66000,67140,67110,0,0,0,0,0,0,0,0,0,0,0,0,0,0,0,0,0,0,0,0,0,0,0,0,0,0
7320400,TeamGroup T-Force DDR4-3200 CL16 Delta RGB 패키지 서린,TeamGroup T-Force Delta RGB 패키지 서린,DDR4,3200,CL16,64GB(32GX2),64,0,0,0,0,235000,235000,235000,235000,235000,234200,234200,234200,235000,235000,234990,234990,234990,235000,235000,235000,235000,235000,235000,235000,234990,234990,234990,234990,234990,234990
7320400,TeamGroup T-Force DDR4-3200 CL16 Delta RGB 패키지 서린,TeamGroup T-Force Delta RGB 패키지 서린,DDR4,3200,CL16,32GB(16GX2),32,0,0,0,0,123750,123750,123750,123750,123750,123750,123750,123750,123752,123752,123752,123752,123752,123752,123752,123752,123752,123752,116252,116252,116252,116252,116252,123750,123750,123750
7320400,TeamGroup T-Force DDR4-3200 CL16 Delta RGB 패키지 서린,TeamGroup T-Force Delta RGB 패키지 서린,DDR4,3200,CL16,16GB(8GX2),16,0,0,0,0,67070,67010,66990,66960,66840,66000,66000,66000,66740,66740,67320,67320,67320,67320,66000,66000,67320,67320,63247,67290,67880,67830,67790,67690,67680,66000
11379687,TeamGroup T-Force DDR4-3200 CL16 Delta RGB 화이트 서린,TeamGroup T-Force Delta RGB 화이트 서린,DDR4,3200,CL16,32GB,32,0,0,0,0,0,0,150050,150050,150050,150050,150050,150050,150050,150050,150050,150050,150050,150050,150050,150050,150050,150050,150050,150050,150050,150050,150050,150050,150050,150050
6935857,TeamGroup T-Force DDR4-3200 CL16 Delta RGB 화이트 패키지,TeamGroup T-Force Delta RGB 화이트 패키지,DDR4,3200,CL16,32GB(16GX2),32,106400,106400,110000,0,0,0,0,0,0,0,0,0,0,0,0,0,110000,110000,110000,110000,110000,0,0,0,0,0,0,0,0,0
6935857,TeamGroup T-Force DDR4-3200 CL16 Delta RGB 화이트 패키지,TeamGroup T-Force Delta RGB 화이트 패키지,DDR4,3200,CL16,16GB(8GX2),16,63040,63040,64790,0,0,0,0,0,0,0,0,0,0,0,0,0,63000,63000,63000,63000,63000,0,0,0,0,0,0,0,0,0
6935896,TeamGroup T-Force DDR4-3200 CL16 Delta RGB 화이트 패키지,TeamGroup T-Force Delta RGB 화이트 패키지,DDR4,3200,CL16,32GB(16GX2),32,0,0,0,110000,110000,110000,110000,110000,110000,110000,110000,110000,110000,110000,110000,110000,0,0,0,0,0,110000,110000,110000,110000,110000,109990,108000,108000,108000
6935896,TeamGroup T-Force DDR4-3200 CL16 Delta RGB 화이트 패키지,TeamGroup T-Force Delta RGB 화이트 패키지,DDR4,3200,CL16,16GB(8GX2),16,0,0,0,64790,64200,63000,63000,63000,63000,63000,63000,63000,63000,63000,63000,63000,0,0,0,0,0,63000,62000,62000,62000,62000,62000,62000,62000,62000
7320475,TeamGroup T-Force DDR4-3200 CL16 Delta RGB 화이트 패키지 서린,TeamGroup T-Force Delta RGB 화이트 패키지 서린,DDR4,3200,CL16,32GB(16GX2),32,125000,125000,125000,125000,193730,193730,193730,193730,125000,125000,125000,118000,118000,118000,118000,118000,118000,118000,118000,118000,118000,118000,118000,118000,118000,118000,114000,114000,114000,114000
7320475,TeamGroup T-Force DDR4-3200 CL16 Delta RGB 화이트 패키지 서린,TeamGroup T-Force Delta RGB 화이트 패키지 서린,DDR4,3200,CL16,16GB(8GX2),16,67990,67320,67320,67320,67320,67320,67290,67250,67260,67000,67000,67000,67320,67327,67327,67327,67327,67327,67327,67327,67327,67327,63247,68000,67980,67890,67880,67850,67730,67610
7320475,TeamGroup T-Force DDR4-3200 CL16 Delta RGB 화이트 패키지 서린,TeamGroup T-Force Delta RGB 화이트 패키지 서린,DDR4,3200,CL16,64GB(32GX2),64,0,0,0,0,0,0,235000,235000,235000,234200,234200,234200,235000,235000,235000,235000,235000,235000,235000,235000,235000,235000,235000,235000,234990,234990,234990,234990,234990,234990
7323604,TeamGroup T-Force DDR4-3200 CL16 Delta TUF Gaming RGB 패키지 서린,TeamGroup T-Force Delta TUF Gaming RGB 패키지 서린,DDR4,3200,CL16,32GB(16GX2),32,215250,215250,215250,215250,215250,215250,215250,215250,215250,215250,215250,215250,215250,215250,215250,215250,215250,215250,215250,215250,215250,215250,215250,215250,215250,215250,215250,215250,215250,215250
7323604,TeamGroup T-Force DDR4-3200 CL16 Delta TUF Gaming RGB 패키지 서린,TeamGroup T-Force Delta TUF Gaming RGB 패키지 서린,DDR4,3200,CL16,16GB(8GX2),16,70000,70000,70000,70000,70000,70000,70000,70000,70000,70000,70000,70000,70000,70000,70000,70000,70000,70000,70000,70000,70000,70000,70000,70000,70000,70000,70000,70000,70000,70000
7305325,TeamGroup T-Force DDR4-3200 CL16 Night Hawk RGB 패키지 서린,TeamGroup T-Force Night Hawk RGB 패키지 서린,DDR4,3200,CL16,32GB(16GX2),32,107260,107260,107260,107260,107260,107260,107260,107260,107260,107260,107260,107260,107260,103010,103010,103010,103010,103010,103010,103010,102730,102730,102730,102730,102730,102730,0,0,0,0
7272211,TeamGroup T-Force DDR4-3200 CL16 Night Hawk RGB 화이트 패키지 서린,TeamGroup T-Force Night Hawk RGB 화이트 패키지 서린,DDR4,3200,CL16,32GB(16GX2),32,107520,107520,107520,107520,107520,107520,107520,107520,107520,107520,108480,102730,102730,102730,102730,102730,102730,102730,102730,102730,102730,102730,102730,102730,102730,102730,0,0,0,0
10421118,TeamGroup T-Force DDR4-3200 CL16 Vulcan Z Gray,TeamGroup T-Force Vulcan Z Gray,DDR4,3200,CL16,32GB,32,148000,148000,148000,148000,148000,148000,148000,148000,148000,148000,148000,148000,148000,148000,148000,148000,148000,148000,148000,148000,148000,148000,148000,148000,148000,148000,148000,148000,148000,148000
10421118,TeamGroup T-Force DDR4-3200 CL16 Vulcan Z Gray,TeamGroup T-Force Vulcan Z Gray,DDR4,3200,CL16,16GB,16,156630,156630,156630,156630,156630,156630,156630,156630,156630,156630,156630,156630,156630,156630,156630,156630,156630,156630,156630,156630,156630,0,0,0,156630,156630,156630,156630,156630,156630
10421118,TeamGroup T-Force DDR4-3200 CL16 Vulcan Z Gray,TeamGroup T-Force Vulcan Z Gray,DDR4,3200,CL16,8GB,8,41900,41900,41900,41900,41900,41900,41900,41900,41900,41900,41900,41900,41900,41900,41900,41900,41900,41900,41900,41900,41900,41900,41900,41900,41900,41900,41900,41900,41900,41900
13658441,TeamGroup T-Force DDR4-3200 CL16 Vulcan Z Gray 패키지,TeamGroup T-Force Vulcan Z Gray 패키지,DDR4,3200,CL16,32GB(16GX2),32,148500,148500,148500,148500,148500,148500,148500,0,0,0,0,148500,148500,148500,148500,148500,148500,148500,0,0,0,0,0,0,0,0,0,0,0,0
11576414,TeamGroup T-Force DDR4-3200 CL16 Vulcan Z Red,TeamGroup T-Force Vulcan Z Red,DDR4,3200,CL16,32GB,32,147000,147000,147000,147000,147000,147000,147000,147000,147000,147000,147000,147000,147000,147000,147000,147000,147000,0,0,0,0,147000,147000,147000,147000,147000,147000,147000,147000,147000
11576414,TeamGroup T-Force DDR4-3200 CL16 Vulcan Z Red,TeamGroup T-Force Vulcan Z Red,DDR4,3200,CL16,16GB,16,86100,86100,86100,86100,86100,86100,86100,86100,86100,86100,86100,86100,86100,86100,86100,86100,86100,0,0,0,0,86100,86100,86100,86100,86100,86100,86100,86100,86100
11576414,TeamGroup T-Force DDR4-3200 CL16 Vulcan Z Red,TeamGroup T-Force Vulcan Z Red,DDR4,3200,CL16,8GB,8,58880,58880,58880,58880,58300,58300,58910,58910,58910,58790,0,0,0,0,0,0,0,0,0,0,0,0,0,0,0,0,0,0,0,0
11576405,TeamGroup T-Force DDR4-3200 CL16 Vulcan Z Red,TeamGroup T-Force Vulcan Z Red,DDR4,3200,CL16,32GB,32,0,0,0,0,0,0,0,0,0,0,0,0,0,0,0,0,0,147000,147000,147000,147000,0,0,0,0,0,0,0,0,0
11576405,TeamGroup T-Force DDR4-3200 CL16 Vulcan Z Red,TeamGroup T-Force Vulcan Z Red,DDR4,3200,CL16,16GB,16,0,0,0,0,0,0,0,0,0,0,0,0,0,0,0,0,0,86100,86100,86100,86100,0,0,0,0,0,0,0,0,0
13658525,TeamGroup T-Force DDR4-3200 CL16 Vulcan Z Red 패키지,TeamGroup T-Force Vulcan Z Red 패키지,DDR4,3200,CL16,32GB(16GX2),32,148500,148500,148500,0,148500,148500,148500,148500,148500,0,0,0,148500,148500,0,0,148500,148500,148500,148500,148500,148500,148500,148500,148500,148500,148500,148500,148500,148500
13658525,TeamGroup T-Force DDR4-3200 CL16 Vulcan Z Red 패키지,TeamGroup T-Force Vulcan Z Red 패키지,DDR4,3200,CL16,16GB(8GX2),16,72300,72300,72300,0,72300,72300,72300,72300,72300,0,0,0,72300,72300,0,0,72300,72300,72300,72300,72300,72300,72300,72300,72300,72300,72300,72300,72300,72300
13658552,TeamGroup T-Force DDR4-3200 CL16 Vulcan Z Red 패키지,TeamGroup T-Force Vulcan Z Red 패키지,DDR4,3200,CL16,32GB(16GX2),32,0,0,0,148500,0,0,0,0,0,148500,148500,148500,0,0,148500,148500,0,0,0,0,0,0,0,0,0,0,0,0,0,0
13658552,TeamGroup T-Force DDR4-3200 CL16 Vulcan Z Red 패키지,TeamGroup T-Force Vulcan Z Red 패키지,DDR4,3200,CL16,16GB(8GX2),16,0,0,0,72300,0,0,0,0,0,72300,72300,72300,0,0,72300,72300,0,0,0,0,0,0,0,0,0,0,0,0,0,0
13886378,TeamGroup T-Force DDR4-3200 CL16 XTREEM ARGB 패키지,TeamGroup T-Force XTREEM ARGB 패키지,DDR4,3200,CL16,32GB(16GX2),32,153200,153200,153200,153200,153200,153200,153200,153200,153200,153200,153200,153200,153200,153200,153200,153200,153200,153200,153200,153200,153200,153200,153200,153200,153200,153200,153200,153200,153200,153200
13886378,TeamGroup T-Force DDR4-3200 CL16 XTREEM ARGB 패키지,TeamGroup T-Force XTREEM ARGB 패키지,DDR4,3200,CL16,16GB(8GX2),16,188440,188440,188440,188440,188440,188440,188440,188440,188440,188440,188440,188440,188440,188440,188440,188440,188440,188440,188440,188440,188440,188440,188440,188440,188440,188440,188440,188440,188440,188440
10419324,TeamGroup T-Force DDR4-3200 CL16 XTREEM ARGB 패키지 서린,TeamGroup T-Force XTREEM ARGB 패키지 서린,DDR4,3200,CL16,64GB(32GX2),64,295000,295000,295000,295000,295000,295000,295000,295000,295000,295000,295000,295000,295000,295000,295000,295000,295000,295000,295000,295000,295000,295000,295000,295000,295000,295000,295000,295000,295000,295000
10419324,TeamGroup T-Force DDR4-3200 CL16 XTREEM ARGB 패키지 서린,TeamGroup T-Force XTREEM ARGB 패키지 서린,DDR4,3200,CL16,32GB(16GX2),32,192000,192000,192000,192000,192000,192000,192000,192000,192000,192000,192000,192000,192000,192000,192000,192000,192000,192000,192000,192000,192000,192000,192000,192000,192000,192000,192000,192000,192000,192000
10419324,TeamGroup T-Force DDR4-3200 CL16 XTREEM ARGB 패키지 서린,TeamGroup T-Force XTREEM ARGB 패키지 서린,DDR4,3200,CL16,16GB(8GX2),16,124000,124000,124000,124000,124000,124000,124000,124000,124000,123600,123600,123600,124000,124000,124000,124000,124000,124000,124000,124000,124000,124000,124000,124000,123990,123990,123990,123990,123990,123990
13886147,TeamGroup T-Force DDR4-3200 CL16 XTREEM ARGB 화이트 패키지,TeamGroup T-Force XTREEM ARGB 화이트 패키지,DDR4,3200,CL16,16GB(8GX2),16,124000,124000,124000,0,0,0,0,0,0,0,0,0,0,0,0,124000,0,0,0,0,0,0,0,0,0,0,0,0,0,0
14534297,TeamGroup T-Force DDR4-3200 CL16 XTREEM ARGB 화이트 패키지 서린,TeamGroup T-Force XTREEM ARGB 화이트 패키지 서린,DDR4,3200,CL16,64GB(32GX2),64,295000,295000,295000,295000,295000,295000,295000,295000,295000,295000,295000,295000,295000,295000,295000,295000,295000,295000,295000,295000,295000,295000,295000,295000,295000,295000,295000,295000,295000,295000
14534297,TeamGroup T-Force DDR4-3200 CL16 XTREEM ARGB 화이트 패키지 서린,TeamGroup T-Force XTREEM ARGB 화이트 패키지 서린,DDR4,3200,CL16,32GB(16GX2),32,295200,295200,295200,295200,295200,295200,295200,295200,295200,295200,295200,295200,295200,295200,295200,295200,295200,295200,295200,295200,295200,295200,295200,295200,295200,295200,295200,295200,295200,295200
14534297,TeamGroup T-Force DDR4-3200 CL16 XTREEM ARGB 화이트 패키지 서린,TeamGroup T-Force XTREEM ARGB 화이트 패키지 서린,DDR4,3200,CL16,16GB(8GX2),16,228190,228190,228190,228190,228190,228190,228190,228190,228190,228190,228190,228190,228190,228190,228190,228190,228190,228190,228190,228190,228190,228190,228190,228190,228190,228190,228190,228190,228190,228190
13275800,TeamGroup T-Force DDR4-3200 CL16-20-20 DARK Z RED 패키지,TeamGroup T-Force -20-20 DARK Z RED 패키지,DDR4,3200,CL16,32GB(16GX2),32,158000,158000,158000,158000,158000,158000,158000,158000,158000,158000,158000,158000,158000,158000,158000,158000,158000,158000,158000,158000,158000,158000,158000,158000,158000,158000,158000,158000,158000,158000
12876455,TeamGroup T-Force DDR4-3200 CL16-20-20 Delta RGB 패키지 서린,TeamGroup T-Force -20-20 Delta RGB 패키지 서린,DDR4,3200,CL16,32GB(16GX2),32,114000,113990,114000,114000,114000,114000,114000,114000,114000,114000,114000,114000,114000,114000,114000,114000,114000,114000,114000,114000,114000,114000,114000,114000,114000,114000,114000,114000,114000,114000
12958241,TeamGroup T-Force DDR4-3200 CL16-20-20 Delta RGB 화이트 패키지,TeamGroup T-Force -20-20 Delta RGB 화이트 패키지,DDR4,3200,CL16,32GB(16GX2),32,0,0,0,0,0,0,0,0,0,0,0,0,0,0,114000,114000,114000,114000,114000,114000,114000,114000,114000,114000,114000,114000,114000,114000,114000,0
12876503,TeamGroup T-Force DDR4-3200 CL16-20-20 Delta RGB 화이트 패키지 서린,TeamGroup T-Force -20-20 Delta RGB 화이트 패키지 서린,DDR4,3200,CL16,32GB(16GX2),32,124770,123670,123570,123540,123430,123310,123190,123070,122950,122830,122710,122590,122490,122490,123750,123750,123750,123750,123750,123750,123750,123750,116252,116252,116252,116252,116252,120810,123750,123750
12876542,TeamGroup T-Force DDR4-3200 CL16-20-20 Delta TUF Gaming RGB 패키지 서린,TeamGroup T-Force -20-20 Delta TUF Gaming RGB 패키지 서린,DDR4,3200,CL16,32GB(16GX2),32,128000,128000,128000,128000,128000,128000,128000,128000,128000,128000,128000,128000,128000,128000,128000,128000,128000,128000,128000,128000,128000,128000,128000,128000,128000,128000,128000,128000,128000,128000
12775160,TeamGroup T-Force DDR4-3200 CL20 ZEUS,TeamGroup T-Force ZEUS,DDR4,3200,CL20,8GB,8,24690,24700,24690,24690,24690,24690,24690,24990,24990,24990,24990,24990,25000,25000,25000,25000,25000,25000,25000,25000,25000,25000,25000,24990,24990,24990,24990,24990,24990,24990
16876037,TeamGroup T-Force DDR4-3600 CL14 Delta RGB 패키지 서린,TeamGroup T-Force Delta RGB 패키지 서린,DDR4,3600,CL14,32GB(16GX2),32,369990,369990,369990,369990,369990,369990,369990,369990,369990,369990,369990,369990,369990,369990,369990,369990,369990,369990,369990,369990,369990,369990,369990,369990,369990,369990,369990,369990,369990,369990
16876067,TeamGroup T-Force DDR4-3600 CL14 Delta RGB 화이트 패키지 서린,TeamGroup T-Force Delta RGB 화이트 패키지 서린,DDR4,3600,CL14,16GB(8GX2),16,200500,200500,200500,200500,200500,200500,200500,200500,200500,200500,200500,200500,200500,200500,200500,200500,200500,200500,200500,200500,200500,200500,200500,200500,200500,200500,200500,200500,200500,200500
10401378,TeamGroup T-Force DDR4-3600 CL18 DARK Z Alpha 패키지,TeamGroup T-Force DARK Z Alpha 패키지,DDR4,3600,CL18,32GB(16GX2),32,382000,382000,382000,382000,382000,382000,382000,382000,382000,382000,382000,382000,382000,382000,382000,382000,382000,382000,382000,382000,382000,382000,382000,382000,382000,382000,382000,382000,382000,382000
11858833,TeamGroup T-Force DDR4-3600 CL18 Delta RGB 패키지,TeamGroup T-Force Delta RGB 패키지,DDR4,3600,CL18,32GB(16GX2),32,107580,107580,107580,107580,107580,107580,107580,107580,107580,107580,107580,107580,107580,107580,0,107580,107580,107580,107580,107580,107580,107580,107580,107580,107580,107580,0,0,0,107580
11858833,TeamGroup T-Force DDR4-3600 CL18 Delta RGB 패키지,TeamGroup T-Force Delta RGB 패키지,DDR4,3600,CL18,16GB(8GX2),16,64190,64190,64190,64190,64190,64190,64190,64190,64190,64190,64190,64190,64190,64190,0,64190,64190,64190,64190,64190,64190,64190,64190,64190,64190,64190,0,0,0,63180
11858860,TeamGroup T-Force DDR4-3600 CL18 Delta RGB 패키지,TeamGroup T-Force Delta RGB 패키지,DDR4,3600,CL18,32GB(16GX2),32,0,0,0,0,0,0,0,0,0,0,0,0,0,0,107580,0,0,0,0,0,0,0,0,0,0,0,107580,107580,107580,0
11858860,TeamGroup T-Force DDR4-3600 CL18 Delta RGB 패키지,TeamGroup T-Force Delta RGB 패키지,DDR4,3600,CL18,16GB(8GX2),16,0,0,0,0,0,0,0,0,0,0,0,0,0,0,64190,0,0,0,0,0,0,0,0,0,0,0,64160,63180,63180,0
11380332,TeamGroup T-Force DDR4-3600 CL18 Delta RGB 패키지 서린,TeamGroup T-Force Delta RGB 패키지 서린,DDR4,3600,CL18,64GB(32GX2),64,240000,240000,240000,240000,234100,234100,240000,240000,240000,239200,239200,239200,240000,240000,240000,240000,240000,240000,240000,240000,240000,0,0,0,0,0,0,0,239990,239990
11380332,TeamGroup T-Force DDR4-3600 CL18 Delta RGB 패키지 서린,TeamGroup T-Force Delta RGB 패키지 서린,DDR4,3600,CL18,32GB(16GX2),32,111000,111000,111000,111000,111000,111000,102400,102400,111000,111000,111000,111000,111000,127990,127990,127990,127990,127990,127990,127990,127990,0,0,0,0,0,0,0,127860,127830
11380332,TeamGroup T-Force DDR4-3600 CL18 Delta RGB 패키지 서린,TeamGroup T-Force Delta RGB 패키지 서린,DDR4,3600,CL18,16GB(8GX2),16,68790,68770,68760,68740,68630,68510,68390,68270,68150,68030,67910,67790,68990,68990,68990,68990,68990,68990,68990,68990,68990,0,0,0,0,0,0,0,69000,69000
11380119,TeamGroup T-Force DDR4-3600 CL18 Delta RGB 패키지 서린,TeamGroup T-Force Delta RGB 패키지 서린,DDR4,3600,CL18,64GB(32GX2),64,0,0,0,0,0,0,0,0,0,0,0,0,0,0,0,0,0,0,0,0,0,240000,240000,240000,239990,239990,239990,239990,0,0
11380119,TeamGroup T-Force DDR4-3600 CL18 Delta RGB 패키지 서린,TeamGroup T-Force Delta RGB 패키지 서린,DDR4,3600,CL18,32GB(16GX2),32,0,0,0,0,0,0,0,0,0,0,0,0,0,0,0,0,0,0,0,0,0,127990,127990,127940,127920,127890,127880,127870,0,0
11380119,TeamGroup T-Force DDR4-3600 CL18 Delta RGB 패키지 서린,TeamGroup T-Force Delta RGB 패키지 서린,DDR4,3600,CL18,16GB(8GX2),16,0,0,0,0,0,0,0,0,0,0,0,0,0,0,0,0,0,0,0,0,0,68990,68990,68940,68940,69000,69000,69000,0,0
11858875,TeamGroup T-Force DDR4-3600 CL18 Delta RGB 화이트 패키지,TeamGroup T-Force Delta RGB 화이트 패키지,DDR4,3600,CL18,32GB(16GX2),32,106520,106520,0,0,106520,0,0,0,0,0,0,0,0,0,0,0,106520,0,0,0,0,106520,106520,106520,106520,106520,106520,106520,0,0
11858875,TeamGroup T-Force DDR4-3600 CL18 Delta RGB 화이트 패키지,TeamGroup T-Force Delta RGB 화이트 패키지,DDR4,3600,CL18,16GB(8GX2),16,64000,64000,0,0,64000,0,0,0,0,0,0,0,0,0,0,0,64000,0,0,0,0,64000,64000,64000,64000,64000,63980,62990,0,0
11858869,TeamGroup T-Force DDR4-3600 CL18 Delta RGB 화이트 패키지,TeamGroup T-Force Delta RGB 화이트 패키지,DDR4,3600,CL18,32GB(16GX2),32,0,0,106520,106520,0,106520,106520,106520,106520,106520,106520,106520,106520,106520,106520,106520,0,106520,106520,106520,106520,0,0,0,0,0,0,0,106520,106520
11858869,TeamGroup T-Force DDR4-3600 CL18 Delta RGB 화이트 패키지,TeamGroup T-Force Delta RGB 화이트 패키지,DDR4,3600,CL18,16GB(8GX2),16,0,0,64000,64000,0,64000,64000,64000,64000,64000,64000,64000,64000,64000,64000,64000,0,64000,64000,64000,64000,0,0,0,0,0,0,0,62990,62990
11380467,TeamGroup T-Force DDR4-3600 CL18 Delta RGB 화이트 패키지 서린,TeamGroup T-Force Delta RGB 화이트 패키지 서린,DDR4,3600,CL18,64GB(32GX2),64,240000,234100,240000,240000,234100,234100,240000,240000,240000,239200,239200,239200,240000,240000,240000,240000,240000,240000,240000,240000,240000,240000,240000,240000,239990,239990,239990,239990,239990,239990
11380467,TeamGroup T-Force DDR4-3600 CL18 Delta RGB 화이트 패키지 서린,TeamGroup T-Force Delta RGB 화이트 패키지 서린,DDR4,3600,CL18,32GB(16GX2),32,127790,127680,127580,121200,121090,120970,120850,120730,120610,120490,120370,120250,123610,128000,128000,128000,128000,128000,128000,128000,128000,128000,128000,127990,127890,127850,127820,127710,127610,127580
11380467,TeamGroup T-Force DDR4-3600 CL18 Delta RGB 화이트 패키지 서린,TeamGroup T-Force Delta RGB 화이트 패키지 서린,DDR4,3600,CL18,16GB(8GX2),16,68870,68840,68810,68730,68660,68540,68420,68300,68180,68100,68100,68090,69000,69000,69000,69000,69000,69000,69000,69000,69000,69000,69000,69000,69000,69000,69000,69000,69000,69000
7305265,TeamGroup T-Force DDR4-3600 CL18 Night Hawk RGB 패키지 서린,TeamGroup T-Force Night Hawk RGB 패키지 서린,DDR4,3600,CL18,16GB(8GX2),16,134200,134200,134200,134200,134200,134200,134200,134200,134200,134200,134200,134200,134200,134200,134200,134200,134200,134200,134200,134200,134200,134200,134200,134200,134200,134200,134200,134200,134200,134200
13695767,TeamGroup T-Force DDR4-3600 CL18 Vulcan Z Gray 패키지,TeamGroup T-Force Vulcan Z Gray 패키지,DDR4,3600,CL18,16GB(8GX2),16,91050,0,0,0,0,91050,91050,91050,91050,91050,91050,91050,91050,91050,0,0,0,91050,91050,91050,91050,91050,91050,91050,91050,91050,91050,91050,91050,91050
13696217,TeamGroup T-Force DDR4-3600 CL18 Vulcan Z Red 패키지,TeamGroup T-Force Vulcan Z Red 패키지,DDR4,3600,CL18,32GB(16GX2),32,148500,148500,148500,148500,148500,148500,148500,148500,148500,148500,148500,148500,148500,148500,148500,148500,148500,148500,148500,148500,148500,148500,148500,148500,148500,148500,148500,148500,148500,148500
13696217,TeamGroup T-Force DDR4-3600 CL18 Vulcan Z Red 패키지,TeamGroup T-Force Vulcan Z Red 패키지,DDR4,3600,CL18,16GB(8GX2),16,97970,97970,97970,97970,97970,97970,97970,97970,97970,97970,97970,97970,97970,97970,97970,97970,97970,97970,97970,97970,97970,97970,97970,97970,97970,97970,97970,97970,97970,97970
7269598,TeamGroup T-Force DDR4-3600 CL18 XCALIBUR RGB 패키지 서린,TeamGroup T-Force XCALIBUR RGB 패키지 서린,DDR4,3600,CL18,16GB(8GX2),16,117600,117600,117600,117600,117600,117600,117600,117600,117600,117600,117600,117600,117600,117600,117600,117600,117600,117600,117600,117600,117600,117600,117600,117600,117600,117600,117600,117600,117600,117600
14534126,TeamGroup T-Force DDR4-3600 CL18 XTREEM ARGB 패키지 서린,TeamGroup T-Force XTREEM ARGB 패키지 서린,DDR4,3600,CL18,64GB(32GX2),64,300000,300000,300000,0,0,0,0,0,0,0,0,0,0,0,0,0,0,0,0,0,0,0,0,0,0,0,0,0,0,0
14534126,TeamGroup T-Force DDR4-3600 CL18 XTREEM ARGB 패키지 서린,TeamGroup T-Force XTREEM ARGB 패키지 서린,DDR4,3600,CL18,32GB(16GX2),32,190000,190000,190000,0,0,0,0,0,0,0,0,0,0,0,0,0,0,0,0,0,0,0,0,0,0,0,0,0,0,0
14534126,TeamGroup T-Force DDR4-3600 CL18 XTREEM ARGB 패키지 서린,TeamGroup T-Force XTREEM ARGB 패키지 서린,DDR4,3600,CL18,16GB(8GX2),16,130000,130000,130000,0,0,0,0,0,0,0,0,0,0,0,0,0,0,0,0,0,0,0,0,0,0,0,0,0,0,0
12362786,TeamGroup T-Force DDR4-3600 CL18 XTREEM ARGB 패키지 서린,TeamGroup T-Force XTREEM ARGB 패키지 서린,DDR4,3600,CL18,64GB(32GX2),64,0,0,0,300000,300000,300000,300000,300000,300000,299000,299000,299000,300000,300000,300000,300000,300000,300000,300000,300000,300000,300000,300000,300000,299990,299990,299990,299990,299990,299990
12362786,TeamGroup T-Force DDR4-3600 CL18 XTREEM ARGB 패키지 서린,TeamGroup T-Force XTREEM ARGB 패키지 서린,DDR4,3600,CL18,32GB(16GX2),32,0,0,0,190000,185400,185400,190000,190000,190000,189400,189400,189400,190000,190000,190000,190000,190000,190000,190000,190000,190000,190000,190000,190000,189990,189990,189990,189990,189990,189990
12362786,TeamGroup T-Force DDR4-3600 CL18 XTREEM ARGB 패키지 서린,TeamGroup T-Force XTREEM ARGB 패키지 서린,DDR4,3600,CL18,16GB(8GX2),16,0,0,0,130000,126800,126800,130000,130000,130000,129600,129600,129600,130000,130000,130000,130000,130000,130000,130000,130000,130000,130000,130000,130000,129990,129990,129990,129990,129990,129990
13460972,TeamGroup T-Force DDR4-3600 CL18 XTREEM ARGB 화이트 패키지 서린,TeamGroup T-Force XTREEM ARGB 화이트 패키지 서린,DDR4,3600,CL18,64GB(32GX2),64,300000,300000,0,0,300000,300000,300000,300000,300000,300000,300000,300000,300000,300000,300000,300000,300000,300000,300000,300000,300000,300000,300000,300000,300000,300000,300000,300000,300000,300000
13460972,TeamGroup T-Force DDR4-3600 CL18 XTREEM ARGB 화이트 패키지 서린,TeamGroup T-Force XTREEM ARGB 화이트 패키지 서린,DDR4,3600,CL18,32GB(16GX2),32,229840,229840,0,0,229840,229840,229840,229840,229840,229840,229840,229840,229840,229840,229840,229840,229840,229840,229840,229840,229840,229840,229840,229840,229840,229840,229840,229840,229840,229840
13460972,TeamGroup T-Force DDR4-3600 CL18 XTREEM ARGB 화이트 패키지 서린,TeamGroup T-Force XTREEM ARGB 화이트 패키지 서린,DDR4,3600,CL18,16GB(8GX2),16,138300,138300,0,0,138300,138300,138300,138300,138300,138300,138300,138300,138300,138300,138300,138300,138300,138300,138300,138300,138300,138300,138300,138300,138300,138300,138300,138300,138300,138300
13460924,TeamGroup T-Force DDR4-3600 CL18 XTREEM ARGB 화이트 패키지 서린,TeamGroup T-Force XTREEM ARGB 화이트 패키지 서린,DDR4,3600,CL18,64GB(32GX2),64,0,0,300000,300000,0,0,0,0,0,0,0,0,0,0,0,0,0,0,0,0,0,0,0,0,0,0,0,0,0,0
13460924,TeamGroup T-Force DDR4-3600 CL18 XTREEM ARGB 화이트 패키지 서린,TeamGroup T-Force XTREEM ARGB 화이트 패키지 서린,DDR4,3600,CL18,32GB(16GX2),32,0,0,229840,229840,0,0,0,0,0,0,0,0,0,0,0,0,0,0,0,0,0,0,0,0,0,0,0,0,0,0
13460924,TeamGroup T-Force DDR4-3600 CL18 XTREEM ARGB 화이트 패키지 서린,TeamGroup T-Force XTREEM ARGB 화이트 패키지 서린,DDR4,3600,CL18,16GB(8GX2),16,0,0,138300,138300,0,0,0,0,0,0,0,0,0,0,0,0,0,0,0,0,0,0,0,0,0,0,0,0,0,0
7542331,TeamGroup T-Force DDR4-3866 CL18 XTREEM 블랙 패키지,TeamGroup T-Force XTREEM 블랙 패키지,DDR4,3866,CL18,16GB(8GX2),16,110000,110000,110000,110000,110000,110000,110000,110000,110000,110000,110000,110000,110000,110000,110000,110000,110000,110000,110000,110000,110000,110000,110000,110000,110000,110000,110000,110000,110000,110000
7272151,TeamGroup T-Force DDR4-4000 CL18 Night Hawk RGB 화이트 패키지 서린,TeamGroup T-Force Night Hawk RGB 화이트 패키지 서린,DDR4,4000,CL18,16GB(8GX2),16,73500,73500,73500,73500,73500,73500,73500,73500,73500,73500,73500,73500,73500,73500,73500,73500,73500,73500,73500,73500,73500,73500,73500,73500,73500,73500,73500,73500,73500,73500
7659601,TeamGroup T-Force DDR4-4000 CL18 XCALIBUR PG RGB 패키지 서린,TeamGroup T-Force XCALIBUR PG RGB 패키지 서린,DDR4,4000,CL18,16GB(8GX2),16,183000,183000,183000,183000,183000,183000,183000,183000,183000,182400,182400,182400,183000,183000,182990,182990,182990,183000,183000,183000,183000,183000,183000,183000,182990,182990,182990,182990,182990,182990
7269622,TeamGroup T-Force DDR4-4000 CL18 XCALIBUR RGB 패키지 서린,TeamGroup T-Force XCALIBUR RGB 패키지 서린,DDR4,4000,CL18,16GB(8GX2),16,93000,93000,93000,93000,93000,93000,93000,93000,93000,93000,93000,93000,93000,93000,93000,93000,93000,93000,93000,93000,93000,93000,93000,93000,93000,93000,93000,93000,93000,93000
10419339,TeamGroup T-Force DDR4-4000 CL18 XTREEM ARGB 패키지 서린,TeamGroup T-Force XTREEM ARGB 패키지 서린,DDR4,4000,CL18,16GB(8GX2),16,147000,147000,147000,147000,143400,143400,147000,147000,147000,146500,146500,146500,147000,147000,146990,146990,146990,147000,147000,147000,147000,147000,147000,147000,146990,146990,146990,146990,146990,146990
13885601,TeamGroup T-Force DDR4-4000 CL18 XTREEM ARGB 화이트 패키지,TeamGroup T-Force XTREEM ARGB 화이트 패키지,DDR4,4000,CL18,16GB(8GX2),16,0,0,0,0,0,0,0,0,0,0,147000,147000,0,0,0,0,147000,147000,147000,147000,0,0,0,0,0,0,0,0,0,0
13461056,TeamGroup T-Force DDR4-4000 CL18 XTREEM ARGB 화이트 패키지 서린,TeamGroup T-Force XTREEM ARGB 화이트 패키지 서린,DDR4,4000,CL18,16GB(8GX2),16,147000,147000,147000,147000,147000,147000,147000,147000,147000,146500,146500,146500,147000,147000,146990,146990,146990,147000,147000,147000,147000,147000,147000,147000,146990,146990,146990,146990,146990,146990
7542448,TeamGroup T-Force DDR4-4000 CL18 XTREEM 블랙 패키지,TeamGroup T-Force XTREEM 블랙 패키지,DDR4,4000,CL18,16GB(8GX2),16,120800,120800,120800,120800,120800,120800,120800,120800,120800,120800,120800,120800,120800,120800,120800,120800,120800,120800,120800,120800,120800,120800,120800,120800,120800,120800,120800,120800,120800,120800
14534240,TeamGroup T-Force DDR4-4000 CL18-24-24 XTREEM ARGB 패키지 서린,TeamGroup T-Force -24-24 XTREEM ARGB 패키지 서린,DDR4,4000,CL18,32GB(16GX2),32,279630,279630,279630,279630,279630,279630,279630,279630,279630,279630,279630,279630,279630,279630,279630,279630,279630,279630,279630,279630,279630,279630,279630,279630,279630,279630,279630,279630,279630,279630
13461092,TeamGroup T-Force DDR4-4000 CL18-24-24 XTREEM ARGB 화이트 패키지 서린,TeamGroup T-Force -24-24 XTREEM ARGB 화이트 패키지 서린,DDR4,4000,CL18,32GB(16GX2),32,263000,263000,263000,263000,263000,263000,263000,263000,263000,263000,263000,263000,263000,263000,263000,263000,263000,263000,263000,263000,263000,263000,263000,263000,263000,263000,263000,263000,263000,263000
7545454,TeamGroup T-Force DDR4-4300 CL18 XTREEM 블랙 패키지,TeamGroup T-Force XTREEM 블랙 패키지,DDR4,4300,CL18,16GB(8GX2),16,141560,141560,141560,141560,141560,141560,141560,141560,141560,141560,141560,141560,141560,141560,141560,141560,141560,141560,141560,141560,141560,141560,141560,141560,141560,141560,141560,141560,141560,141560
7545607,TeamGroup T-Force DDR4-4500 CL18 XTREEM 블랙 패키지,TeamGroup T-Force XTREEM 블랙 패키지,DDR4,4500,CL18,16GB(8GX2),16,167750,167750,167750,167750,167750,167750,167750,167750,167750,167750,167750,167750,167750,167750,167750,167750,167750,167750,167750,167750,167750,167750,167750,167750,167750,167750,167750,167750,167750,167750
18134786,TeamGroup T-Force DDR5-5600 CL32 Delta RGB 패키지,TeamGroup T-Force Delta RGB 패키지,DDR5,5600,CL32,32GB(16GX2),32,180000,175600,180000,180000,175600,175600,180000,180000,180000,180000,180000,180000,180000,180000,180000,180000,180000,180000,180000,180000,180000,180000,180000,180000,179990,179990,179990,179990,179990,179990
18134837,TeamGroup T-Force DDR5-5600 CL32 Delta RGB 화이트 패키지 서린,TeamGroup T-Force Delta RGB 화이트 패키지 서린,DDR5,5600,CL32,32GB(16GX2),32,170630,170630,170630,170630,170630,170630,170630,170630,170630,170630,180000,180000,180000,180000,180000,180000,180000,180000,180000,180000,162290,162290,162290,162290,162290,162290,162290,162290,162290,162290
18612917,TeamGroup T-Force DDR5-5600 CL32 Vulcan Black 패키지,TeamGroup T-Force Vulcan Black 패키지,DDR5,5600,CL32,32GB(16GX2),32,146680,146680,146680,146680,146680,146680,146680,146680,146680,145000,145000,145000,164000,164000,164000,164000,164000,164000,164000,145000,145000,145000,145000,145000,144990,144990,144990,144990,144990,144990
18612974,TeamGroup T-Force DDR5-5600 CL32 Vulcan Red 패키지,TeamGroup T-Force Vulcan Red 패키지,DDR5,5600,CL32,32GB(16GX2),32,164000,161700,164000,164000,161700,161700,164000,164000,164000,164000,164000,164000,164000,164000,156180,156180,156180,156180,156180,164000,164000,164000,164000,164000,156180,163990,163990,163990,163990,163990
18597488,TeamGroup T-Force DDR5-5600 CL36 Delta RGB TUF 패키지 서린,TeamGroup T-Force Delta RGB TUF 패키지 서린,DDR5,5600,CL36,32GB(16GX2),32,160990,164960,160990,160990,160990,160990,160990,164960,164960,164500,164500,164500,165000,165000,165000,165000,165000,165000,165000,165000,165000,165000,165000,165000,157000,157000,157000,157000,157000,157000
18497117,TeamGroup T-Force DDR5-5600 CL36 Delta RGB 패키지,TeamGroup T-Force Delta RGB 패키지,DDR5,5600,CL36,32GB(16GX2),32,158410,158410,159990,159990,159990,159990,159990,159990,159990,159990,160000,160000,160000,160000,160000,160000,160000,160000,160000,160000,156990,156990,156990,156990,156990,156990,0,0,0,0
18134900,TeamGroup T-Force DDR5-5600 CL36 Delta RGB 패키지 서린,TeamGroup T-Force Delta RGB 패키지 서린,DDR5,5600,CL36,64GB(32GX2),64,315000,315000,315000,0,0,0,0,0,0,0,315000,315000,323800,323800,323990,323990,323990,323990,323990,323350,323290,323230,323170,323110,304000,304000,304000,304000,304000,304000
18134900,TeamGroup T-Force DDR5-5600 CL36 Delta RGB 패키지 서린,TeamGroup T-Force Delta RGB 패키지 서린,DDR5,5600,CL36,32GB(16GX2),32,163180,163150,163050,0,0,0,0,0,0,0,163260,163340,163355,163355,163355,163355,163355,163355,163355,163350,157000,157000,155005,155005,154920,154910,154900,154870,154750,154650
19552202,TeamGroup T-Force DDR5-5600 CL36 Delta RGB 패키지 서린,TeamGroup T-Force Delta RGB 패키지 서린,DDR5,5600,CL36,64GB(32GX2),64,0,0,0,315000,315000,315000,315000,315000,315000,315000,0,0,0,0,0,0,0,0,0,0,0,0,0,0,0,0,0,0,0,0
19552202,TeamGroup T-Force DDR5-5600 CL36 Delta RGB 패키지 서린,TeamGroup T-Force Delta RGB 패키지 서린,DDR5,5600,CL36,32GB(16GX2),32,0,0,0,163020,162910,162790,162670,162600,162600,162600,0,0,0,0,0,0,0,0,0,0,0,0,0,0,0,0,0,0,0,0
18497126,TeamGroup T-Force DDR5-5600 CL36 Delta RGB 화이트 패키지,TeamGroup T-Force Delta RGB 화이트 패키지,DDR5,5600,CL36,32GB(16GX2),32,159990,159990,159990,159990,159990,159990,159990,159990,159990,159990,160000,160000,160000,160000,160000,160000,160000,160000,160000,160000,157000,157000,157000,157000,157000,157000,155740,155740,155740,155740
18134924,TeamGroup T-Force DDR5-5600 CL36 Delta RGB 화이트 패키지 서린,TeamGroup T-Force Delta RGB 화이트 패키지 서린,DDR5,5600,CL36,64GB(32GX2),64,324000,324000,324000,324000,324000,324000,324000,324000,324000,324000,324000,324000,324000,324000,324000,324000,324000,324000,324000,324000,324000,324000,324000,324000,304000,304000,304000,304000,304000,304000
18134924,TeamGroup T-Force DDR5-5600 CL36 Delta RGB 화이트 패키지 서린,TeamGroup T-Force Delta RGB 화이트 패키지 서린,DDR5,5600,CL36,32GB(16GX2),32,164700,164670,164570,164540,164930,164810,164690,164570,164450,164330,164210,164090,165000,165000,165000,165000,165000,165000,165000,164990,157000,157000,157000,157000,156900,156830,156820,156790,156670,156550
18613076,TeamGroup T-Force DDR5-5600 CL36 Vulcan Black 패키지 서린,TeamGroup T-Force Vulcan Black 패키지 서린,DDR5,5600,CL36,64GB(32GX2),64,380790,380790,380750,380670,380630,380540,290000,290000,290000,289980,289980,289980,0,0,0,0,0,0,0,0,0,0,0,0,0,0,0,0,0,0
18613076,TeamGroup T-Force DDR5-5600 CL36 Vulcan Black 패키지 서린,TeamGroup T-Force Vulcan Black 패키지 서린,DDR5,5600,CL36,32GB(16GX2),32,143350,143100,144180,145000,143100,143100,145000,145000,145000,145000,145000,145000,0,0,0,0,0,0,0,0,0,0,0,0,0,0,0,0,0,0
20547308,TeamGroup T-Force DDR5-5600 CL36 Vulcan Black 패키지 서린,TeamGroup T-Force Vulcan Black 패키지 서린,DDR5,5600,CL36,64GB(32GX2),64,0,0,0,0,0,0,0,0,0,0,0,0,289980,289980,289980,289980,289980,289980,289980,289980,289980,289980,289980,289980,289970,289970,289970,289970,289970,289970
20547308,TeamGroup T-Force DDR5-5600 CL36 Vulcan Black 패키지 서린,TeamGroup T-Force Vulcan Black 패키지 서린,DDR5,5600,CL36,32GB(16GX2),32,0,0,0,0,0,0,0,0,0,0,0,0,147400,147400,147400,147400,147400,147400,147400,145000,145000,145000,145000,145000,144990,144990,144990,144990,144990,144990
20547320,TeamGroup T-Force DDR5-5600 CL36 Vulcan Red 패키지,TeamGroup T-Force Vulcan Red 패키지,DDR5,5600,CL36,32GB(16GX2),32,145000,143100,145000,145000,143100,143100,145000,145000,145000,145000,145000,145000,145000,145000,145000,145000,145000,145000,145000,145000,145000,145000,145000,145000,144990,144990,144990,144990,144990,144990
20547320,TeamGroup T-Force DDR5-5600 CL36 Vulcan Red 패키지,TeamGroup T-Force Vulcan Red 패키지,DDR5,5600,CL36,64GB(32GX2),64,280000,280000,280000,280000,280000,280000,280000,280000,280000,280000,280000,280000,290000,290000,290000,290000,290000,290000,290000,290000,290000,290000,290000,290000,289990,289990,289990,289990,289990,289990
18134999,TeamGroup T-Force DDR5-6000 CL30 Delta RGB 패키지,TeamGroup T-Force Delta RGB 패키지,DDR5,6000,CL30,32GB(16GX2),32,183910,179500,182164,182164,179500,179500,182164,182164,182164,181400,181400,181400,182040,182160,182160,182160,182160,182160,182160,182160,182160,182160,174004,173950,173840,174004,174004,180850,182160,182160
18135029,TeamGroup T-Force DDR5-6000 CL30 Delta RGB 화이트 패키지,TeamGroup T-Force Delta RGB 화이트 패키지,DDR5,6000,CL30,32GB(16GX2),32,179490,179470,179440,179330,179500,179500,182164,182164,182164,182164,182164,182164,182164,182164,182164,182164,182164,182164,182164,182164,182164,182164,174004,174004,174004,174004,174004,180850,182160,182160
54100928,TeamGroup T-Force DDR5-6000 CL30 Vulcan ECO 패키지 서린,TeamGroup T-Force Vulcan ECO 패키지 서린,DDR5,6000,CL30,32GB(16GX2),32,162000,162000,162000,162000,162000,162000,162000,162000,162000,162000,162000,162000,162000,162000,162000,162000,162000,162000,162000,162000,162000,162000,162000,162000,162000,162000,162000,162000,162000,162000
67693613,TeamGroup T-Force DDR5-6000 CL30 XTREEM ARGB 패키지,TeamGroup T-Force XTREEM ARGB 패키지,DDR5,6000,CL30,32GB(16GX2),32,0,0,0,0,0,0,0,0,0,0,0,0,0,0,0,0,0,0,0,0,0,0,0,0,0,0,0,0,0,1000000
67693589,TeamGroup T-Force DDR5-6000 CL30 XTREEM 패키지,TeamGroup T-Force XTREEM 패키지,DDR5,6000,CL30,32GB(16GX2),32,0,0,0,0,0,0,0,0,0,0,0,0,0,0,0,0,0,0,0,0,0,0,0,0,0,0,0,0,0,1000000
18597491,TeamGroup T-Force DDR5-6000 CL38 Delta RGB TUF 패키지 서린,TeamGroup T-Force Delta RGB TUF 패키지 서린,DDR5,6000,CL38,32GB(16GX2),32,167200,167200,169960,169960,169960,170000,170000,170000,170000,170000,170000,170000,170000,170000,170000,170000,170000,170000,170000,170000,170000,170000,170000,170000,159000,159000,158990,158990,158990,158990
29482883,TeamGroup T-Force DDR5-6000 CL38 Delta RGB 패키지,TeamGroup T-Force Delta RGB 패키지,DDR5,6000,CL38,64GB(32GX2),64,310000,310000,0,0,0,0,0,0,0,310000,310000,310000,310000,310000,310000,310000,310000,310000,310000,310000,310000,310000,310000,310000,310000,310000,310000,306000,306000,306000
29482883,TeamGroup T-Force DDR5-6000 CL38 Delta RGB 패키지,TeamGroup T-Force Delta RGB 패키지,DDR5,6000,CL38,32GB(16GX2),32,159600,159600,0,0,0,0,0,0,0,163990,163990,163990,163990,163990,163990,163990,163990,163990,163990,163990,163990,163990,163990,163990,163990,163990,160290,157500,157500,157500
29483051,TeamGroup T-Force DDR5-6000 CL38 Delta RGB 패키지,TeamGroup T-Force Delta RGB 패키지,DDR5,6000,CL38,64GB(32GX2),64,0,0,310000,310000,310000,310000,310000,310000,310000,0,0,0,0,0,0,0,0,0,0,0,0,0,0,0,0,0,0,0,0,0
29483051,TeamGroup T-Force DDR5-6000 CL38 Delta RGB 패키지,TeamGroup T-Force Delta RGB 패키지,DDR5,6000,CL38,32GB(16GX2),32,0,0,163990,163990,163990,163990,163990,163990,163990,0,0,0,0,0,0,0,0,0,0,0,0,0,0,0,0,0,0,0,0,0
16034945,TeamGroup T-Force DDR5-6000 CL38 Delta RGB 패키지 서린,TeamGroup T-Force Delta RGB 패키지 서린,DDR5,6000,CL38,64GB(32GX2),64,325000,325000,325000,325000,325000,325000,325000,325000,325000,325000,325000,325000,325000,325000,325000,325000,325000,325000,325000,325000,325000,325000,325000,325000,309540,309540,309540,309360,309360,309360
16034945,TeamGroup T-Force DDR5-6000 CL38 Delta RGB 패키지 서린,TeamGroup T-Force Delta RGB 패키지 서린,DDR5,6000,CL38,32GB(16GX2),32,167190,167180,167170,167140,168300,168307,168307,168307,168307,168307,168000,168307,168307,168307,168307,168307,168307,168307,168307,168300,159000,159000,159000,158960,158900,158850,158840,158830,158820,158810
29482967,TeamGroup T-Force DDR5-6000 CL38 Delta RGB 화이트 패키지,TeamGroup T-Force Delta RGB 화이트 패키지,DDR5,6000,CL38,64GB(32GX2),64,310000,310000,310000,310000,310000,310000,310000,310000,310000,310000,310000,310000,310000,310000,310000,310000,310000,310000,310000,310000,310000,310000,310000,310000,310000,310000,310000,306000,306000,306000
29482967,TeamGroup T-Force DDR5-6000 CL38 Delta RGB 화이트 패키지,TeamGroup T-Force Delta RGB 화이트 패키지,DDR5,6000,CL38,32GB(16GX2),32,172000,172000,172000,172000,172000,172000,172000,172000,172000,172000,172000,172000,172000,172000,172000,172000,172000,172000,172000,172000,172000,172000,172000,172000,171990,171990,167980,164490,164490,164490
16443341,TeamGroup T-Force DDR5-6000 CL38 Delta RGB 화이트 패키지 서린,TeamGroup T-Force Delta RGB 화이트 패키지 서린,DDR5,6000,CL38,64GB(32GX2),64,340000,340000,340000,340000,340000,340000,340000,340000,340000,338800,338800,338800,340000,340000,339990,339990,339990,340000,340000,339990,339990,339990,339990,339940,310000,310000,310000,308960,308960,308960
16443341,TeamGroup T-Force DDR5-6000 CL38 Delta RGB 화이트 패키지 서린,TeamGroup T-Force Delta RGB 화이트 패키지 서린,DDR5,6000,CL38,32GB(16GX2),32,167200,167200,170000,170000,170000,167890,167890,167890,169990,167890,167890,169990,170000,170000,170000,170000,170000,170000,170000,169990,159000,159000,159000,159000,158900,158810,158800,158780,158680,158650
19553681,TeamGroup T-Force DDR5-6000 CL38 Vulcan Black 패키지 서린,TeamGroup T-Force Vulcan Black 패키지 서린,DDR5,6000,CL38,64GB(32GX2),64,300000,300000,300000,300000,295900,295900,300000,300000,300000,300000,300000,300000,300000,300000,0,0,0,0,0,300000,300000,300000,300000,300000,300000,0,0,0,0,0
19553681,TeamGroup T-Force DDR5-6000 CL38 Vulcan Black 패키지 서린,TeamGroup T-Force Vulcan Black 패키지 서린,DDR5,6000,CL38,32GB(16GX2),32,157950,157950,157950,157950,155800,155800,157950,157950,157950,157950,157950,157950,157950,157950,0,0,0,0,0,157950,157950,157950,157950,157950,157940,0,0,0,0,0
18613178,TeamGroup T-Force DDR5-6000 CL38 Vulcan Black 패키지 서린,TeamGroup T-Force Vulcan Black 패키지 서린,DDR5,6000,CL38,64GB(32GX2),64,0,0,0,0,0,0,0,0,0,0,0,0,0,0,300000,300000,300000,300000,300000,0,0,0,0,0,0,300000,300000,300000,300000,300000
18613178,TeamGroup T-Force DDR5-6000 CL38 Vulcan Black 패키지 서린,TeamGroup T-Force Vulcan Black 패키지 서린,DDR5,6000,CL38,32GB(16GX2),32,0,0,0,0,0,0,0,0,0,0,0,0,0,0,157950,157950,157950,157950,157950,0,0,0,0,0,0,157940,157940,157940,157940,157940
54100964,TeamGroup T-Force DDR5-6000 CL38 Vulcan ECO 패키지 서린,TeamGroup T-Force Vulcan ECO 패키지 서린,DDR5,6000,CL38,32GB(16GX2),32,158000,158000,158000,158000,158000,158000,158000,158000,158000,158000,158000,158000,158000,158000,158000,158000,158000,158000,158000,158000,158000,158000,158000,158000,158000,158000,158000,158000,158000,158000
18613220,TeamGroup T-Force DDR5-6000 CL38 Vulcan Red 패키지,TeamGroup T-Force Vulcan Red 패키지,DDR5,6000,CL38,64GB(32GX2),64,300000,295900,300000,300000,411390,411390,411390,411390,411390,411390,411390,411390,0,0,0,0,0,0,0,300000,300000,300000,300000,300000,299990,299990,299990,299990,299990,299990
18613220,TeamGroup T-Force DDR5-6000 CL38 Vulcan Red 패키지,TeamGroup T-Force Vulcan Red 패키지,DDR5,6000,CL38,32GB(16GX2),32,157950,155800,157950,157950,155800,155800,157950,157950,157950,157950,157950,157950,158000,158000,158000,158000,158000,158000,158000,158000,158000,158000,158000,158000,157990,157990,157990,157990,157990,157990
67693646,TeamGroup T-Force DDR5-6400 CL32 XTREEM ARGB 패키지,TeamGroup T-Force XTREEM ARGB 패키지,DDR5,6400,CL32,32GB(16GX2),32,0,0,0,0,0,0,0,0,0,0,0,0,0,0,0,0,0,0,0,0,0,0,0,0,0,0,0,0,0,1000000
20547332,TeamGroup T-Force DDR5-6400 CL34 Vulcan Black 패키지 서린,TeamGroup T-Force Vulcan Black 패키지 서린,DDR5,6400,CL34,64GB(32GX2),64,322050,322050,324000,324000,319500,319500,324000,324000,324000,324000,324000,324000,324000,324000,324000,324000,324000,324000,324000,324000,324000,324000,324000,324000,323990,323990,323990,323990,323990,323990
20547335,TeamGroup T-Force DDR5-6400 CL34 Vulcan Red 패키지,TeamGroup T-Force Vulcan Red 패키지,DDR5,6400,CL34,64GB(32GX2),64,322050,319500,324000,324000,319500,319500,324000,324000,324000,324000,324000,324000,324000,324000,324000,324000,324000,324000,324000,324000,324000,324000,324000,324000,323990,323990,323990,323990,323990,323990
18597518,TeamGroup T-Force DDR5-6400 CL40 Delta RGB TUF 패키지 서린,TeamGroup T-Force Delta RGB TUF 패키지 서린,DDR5,6400,CL40,32GB(16GX2),32,180000,180000,180000,180000,180000,180000,180000,180000,180000,180000,180000,180000,180000,180000,180000,180000,180000,180000,180000,180000,180000,180000,180000,180000,180000,180000,180000,180000,180000,180000
18497150,TeamGroup T-Force DDR5-6400 CL40 Delta RGB 패키지,TeamGroup T-Force Delta RGB 패키지,DDR5,6400,CL40,32GB(16GX2),32,165950,165950,169000,169000,169000,169000,169000,169000,169000,169000,169000,169000,169000,169000,169000,169000,169000,169000,169000,169000,169000,169000,169000,169000,169000,169000,163690,163690,163690,163690
16035029,TeamGroup T-Force DDR5-6400 CL40 Delta RGB 패키지 서린,TeamGroup T-Force Delta RGB 패키지 서린,DDR5,6400,CL40,32GB(16GX2),32,176990,176910,176810,176780,176670,176550,176430,176310,176190,176070,175950,175830,177000,177000,177000,177000,177000,177000,177000,177000,177000,177000,177000,178300,167300,167300,167290,167290,167290,167300
18497159,TeamGroup T-Force DDR5-6400 CL40 Delta RGB 화이트 패키지,TeamGroup T-Force Delta RGB 화이트 패키지,DDR5,6400,CL40,32GB(16GX2),32,165950,165950,167690,167690,167690,167690,167690,167690,167690,167690,167690,167690,167690,167690,167690,167690,167690,167690,167690,167690,167690,167690,167690,167690,167690,167690,162370,162370,162370,162370
16443404,TeamGroup T-Force DDR5-6400 CL40 Delta RGB 화이트 패키지 서린,TeamGroup T-Force Delta RGB 화이트 패키지 서린,DDR5,6400,CL40,32GB(16GX2),32,176990,176910,176810,176800,176770,176650,176530,176410,176290,176170,176050,175930,175840,175850,176990,176990,176990,176990,176990,176990,176990,176990,176990,176940,167970,168000,167990,167990,167990,167990
20547347,TeamGroup T-Force DDR5-6400 CL40 Vulcan Black 패키지,TeamGroup T-Force Vulcan Black 패키지,DDR5,6400,CL40,32GB(16GX2),32,160000,157800,160000,160000,157800,157800,160000,160000,160000,160000,160000,160000,160000,160000,160000,160000,160000,160000,160000,160000,160000,160000,160000,160000,159990,159990,159990,159990,159990,159990
20547356,TeamGroup T-Force DDR5-6400 CL40 Vulcan Red 패키지,TeamGroup T-Force Vulcan Red 패키지,DDR5,6400,CL40,32GB(16GX2),32,160000,157800,160000,160000,157800,157800,160000,160000,160000,160000,160000,160000,160000,160000,160000,160000,160000,160000,160000,160000,160000,160000,160000,160000,159990,159990,159990,159990,159990,159990
18135068,TeamGroup T-Force DDR5-6800 CL34 Delta RGB 패키지,TeamGroup T-Force Delta RGB 패키지,DDR5,6800,CL34,32GB(16GX2),32,215000,209800,212852,212852,209800,209800,212852,212852,212852,212852,212852,212852,212850,212850,212852,212852,212852,212852,212852,212852,212852,212852,205002,205002,199000,199000,198990,198990,198990,198990
18135098,TeamGroup T-Force DDR5-6800 CL34 Delta RGB 화이트 패키지,TeamGroup T-Force Delta RGB 화이트 패키지,DDR5,6800,CL34,32GB(16GX2),32,215000,209800,212852,212852,209800,209800,212852,212852,212852,212852,212852,212852,212852,212852,212852,212852,212852,212852,212852,212852,212852,212852,205002,205002,199000,199000,198990,198990,198990,198990
31424810,TeamGroup T-Force DDR5-6800 CL36 Delta RGB 패키지,TeamGroup T-Force Delta RGB 패키지,DDR5,6800,CL36,96GB(48GX2),96,610000,595100,610000,610000,595100,595100,610000,610000,610000,609990,610000,610000,610000,610000,610000,610000,610000,610000,610000,610000,610000,610000,610000,610000,609990,609990,609990,609990,609990,609990
31424837,TeamGroup T-Force DDR5-6800 CL36 Delta RGB 화이트 패키지,TeamGroup T-Force Delta RGB 화이트 패키지,DDR5,6800,CL36,96GB(48GX2),96,610000,610000,610000,610000,610000,610000,610000,610000,610000,609990,610000,610000,610000,610000,610000,610000,610000,610000,610000,610000,610000,610000,610000,610000,609990,609990,609990,609990,609990,609990
18135167,TeamGroup T-Force DDR5-7200 CL34 Delta RGB 패키지,TeamGroup T-Force Delta RGB 패키지,DDR5,7200,CL34,32GB(16GX2),32,240000,234100,237600,237600,234100,234100,237600,237600,237600,237600,237600,237600,237600,237600,237600,237600,237600,237600,237600,237600,237600,237600,230000,230000,209000,208990,208970,208870,208860,208830
18135173,TeamGroup T-Force DDR5-7200 CL34 Delta RGB 화이트 패키지,TeamGroup T-Force Delta RGB 화이트 패키지,DDR5,7200,CL34,32GB(16GX2),32,240000,234100,237600,237600,234100,234100,237600,237600,237600,237600,237600,237600,237600,237600,237600,237600,237600,237600,237600,237600,237600,237600,230000,230000,209000,209000,208990,208990,208990,208990
67693715,TeamGroup T-Force DDR5-7200 CL34 XTREEM ARGB 패키지,TeamGroup T-Force XTREEM ARGB 패키지,DDR5,7200,CL34,48GB(24GX2),48,0,0,0,0,0,0,0,0,0,0,0,0,0,0,0,0,0,0,0,0,0,0,0,0,0,0,0,0,0,1000000
67693715,TeamGroup T-Force DDR5-7200 CL34 XTREEM ARGB 패키지,TeamGroup T-Force XTREEM ARGB 패키지,DDR5,7200,CL34,32GB(16GX2),32,0,0,0,0,0,0,0,0,0,0,0,0,0,0,0,0,0,0,0,0,0,0,0,0,0,0,0,0,0,1000000
67693667,TeamGroup T-Force DDR5-7200 CL34 XTREEM 패키지,TeamGroup T-Force XTREEM 패키지,DDR5,7200,CL34,48GB(24GX2),48,0,0,0,0,0,0,0,0,0,0,0,0,0,0,0,0,0,0,0,0,0,0,0,0,0,0,0,0,0,1000000
67693667,TeamGroup T-Force DDR5-7200 CL34 XTREEM 패키지,TeamGroup T-Force XTREEM 패키지,DDR5,7200,CL34,32GB(16GX2),32,0,0,0,0,0,0,0,0,0,0,0,0,0,0,0,0,0,0,0,0,0,0,0,0,0,0,0,0,0,1000000
18207182,TeamGroup T-Force DDR5-7600 CL36 Delta RGB 패키지,TeamGroup T-Force Delta RGB 패키지,DDR5,7600,CL36,32GB(16GX2),32,290000,287107,0,0,0,0,0,0,0,0,0,0,0,0,0,0,0,0,0,0,0,0,0,0,247100,247100,247100,247100,247100,247100
18207233,TeamGroup T-Force DDR5-7600 CL36 Delta RGB 화이트 패키지,TeamGroup T-Force Delta RGB 화이트 패키지,DDR5,7600,CL36,32GB(16GX2),32,290000,282900,287107,287107,282900,282900,287107,287107,287107,287107,287107,287107,287107,287107,287107,287107,287107,287107,287107,287107,287107,287107,280007,280007,248000,248000,247990,247990,247990,247990
18597494,TeamGroup T-Force DDR5-7800 CL38 Delta RGB 패키지 서린,TeamGroup T-Force Delta RGB 패키지 서린,DDR5,7800,CL38,32GB(16GX2),32,340000,336604,336604,336604,336604,336604,336604,336604,336604,336604,336604,336604,336604,336604,336604,336604,336604,336604,336604,336604,336604,336604,330004,330004,303990,303980,303970,303940,303820,303700
32076167,TeamGroup T-Force DDR5-8000 CL38 Delta RGB 패키지 서린,TeamGroup T-Force Delta RGB 패키지 서린,DDR5,8000,CL38,32GB(16GX2),32,439990,435600,435600,0,0,0,0,0,0,0,0,0,0,0,0,0,0,0,0,0,0,0,0,0,0,0,0,0,0,0
32076167,TeamGroup T-Force DDR5-8000 CL38 Delta RGB 패키지 서린,TeamGroup T-Force Delta RGB 패키지 서린,DDR5,8000,CL38,48GB(24GX2),48,399740,399710,399690,0,0,0,0,0,0,0,0,0,0,0,0,0,0,0,0,0,0,0,0,0,0,0,0,0,0,0
20547275,TeamGroup T-Force DDR5-8000 CL38 Delta RGB 패키지 서린,TeamGroup T-Force Delta RGB 패키지 서린,DDR5,8000,CL38,32GB(16GX2),32,0,0,0,435600,429300,429300,435600,435600,435600,435600,435607,435607,435607,435607,435607,435607,435607,435607,435607,435607,435607,435607,430007,430007,389990,389990,389990,389990,389990,389990
20547275,TeamGroup T-Force DDR5-8000 CL38 Delta RGB 패키지 서린,TeamGroup T-Force Delta RGB 패키지 서린,DDR5,8000,CL38,48GB(24GX2),48,0,0,0,399670,399550,399460,392000,392000,399350,399260,399150,399060,399990,392000,392000,392000,392000,392000,399990,399990,392000,392000,399990,399940,399860,399820,399800,399790,399780,399770
20547287,TeamGroup T-Force DDR5-8000 CL38 Delta RGB 화이트 패키지,TeamGroup T-Force Delta RGB 화이트 패키지,DDR5,8000,CL38,32GB(16GX2),32,430120,429300,432590,435600,429300,429300,435600,435600,435600,435600,435607,435607,435607,435607,435607,435607,435607,435607,435607,435607,435607,435607,430007,430007,389990,389990,389990,389990,389990,389990
32076191,TeamGroup T-Force DDR5-8000 CL38 Delta RGB 화이트 패키지 서린,TeamGroup T-Force Delta RGB 화이트 패키지 서린,DDR5,8000,CL38,48GB(24GX2),48,400000,400000,400000,400000,400000,400000,400000,400000,400000,400000,400000,400000,400000,400000,400000,400000,400000,400000,400000,400000,400000,400000,400000,400000,399990,399990,399990,399990,399990,399990
54101006,TeamGroup T-Force DDR5-8000 CL38 XTREEM ARGB 패키지 서린,TeamGroup T-Force XTREEM ARGB 패키지 서린,DDR5,8000,CL38,32GB(16GX2),32,380000,380000,380000,380000,380000,380000,380000,380000,380000,380000,380000,380000,380000,380000,380000,380000,380000,380000,380000,380000,380000,380000,380000,380000,379990,379990,379990,379990,379990,0
54101006,TeamGroup T-Force DDR5-8000 CL38 XTREEM ARGB 패키지 서린,TeamGroup T-Force XTREEM ARGB 패키지 서린,DDR5,8000,CL38,48GB(24GX2),48,405000,405000,405000,405000,405000,0,0,0,0,0,0,0,0,0,0,0,0,0,0,405000,405000,405000,405000,405000,404990,404990,404990,404990,404990,0
54101039,TeamGroup T-Force DDR5-8000 CL38 XTREEM ARGB 패키지 서린,TeamGroup T-Force XTREEM ARGB 패키지 서린,DDR5,8000,CL38,32GB(16GX2),32,0,0,0,0,0,0,0,0,0,0,0,0,0,0,0,0,0,0,0,380000,380000,380000,380000,380000,379990,379990,379990,379990,379990,379990
54101039,TeamGroup T-Force DDR5-8000 CL38 XTREEM ARGB 패키지 서린,TeamGroup T-Force XTREEM ARGB 패키지 서린,DDR5,8000,CL38,48GB(24GX2),48,0,0,0,0,0,0,0,0,0,0,0,0,0,0,0,0,0,0,0,405000,405000,405000,405000,405000,404990,404990,404990,404990,404990,404990
32076365,TeamGroup T-Force DDR5-8000 CL38 XTREEM 패키지 서린,TeamGroup T-Force XTREEM 패키지 서린,DDR5,8000,CL38,48GB(24GX2),48,380000,374800,380000,380000,374800,374800,380000,380000,380000,380000,380000,380000,380000,380000,380000,380000,380000,380000,380000,380000,380000,380000,380000,380000,379990,379990,379990,379990,379990,379990
32076365,TeamGroup T-Force DDR5-8000 CL38 XTREEM 패키지 서린,TeamGroup T-Force XTREEM 패키지 서린,DDR5,8000,CL38,32GB(16GX2),32,360000,360000,360000,360000,355000,355000,360000,360000,360000,360000,360000,360000,360000,360000,360000,360000,360000,360000,360000,360000,360000,360000,360000,360000,359990,359990,359990,359990,359990,359990
13965689,TeamGroup T-Force 노트북 DDR4-3200 CL22 ZEUS,TeamGroup T-Force 노트북 ZEUS,DDR4,3200,CL22,16GB,16,37460,37460,41000,41000,40400,40400,41000,41000,41000,40990,41000,41000,41000,41000,40990,40990,41000,41000,41000,41000,41000,41000,41000,41000,40990,40990,40990,40990,40990,40990
13965689,TeamGroup T-Force 노트북 DDR4-3200 CL22 ZEUS,TeamGroup T-Force 노트북 ZEUS,DDR4,3200,CL22,8GB,8,26300,26300,26300,26300,26300,26300,26300,26300,26300,26300,26300,26300,26300,26300,26300,26300,26300,26300,26300,26300,26300,26300,26300,26300,26300,26300,26300,26300,26300,26300
17712194,TeamGroup T-Force 노트북 DDR4-3200 CL22 ZEUS 해외구매,TeamGroup T-Force 노트북 ZEUS 해외구매,DDR4,3200,CL22,16GB,16,58270,58160,0,0,0,0,0,0,0,0,0,0,0,0,56820,56700,56580,56460,56340,56220,56100,0,0,0,0,0,0,0,0,0
17712194,TeamGroup T-Force 노트북 DDR4-3200 CL22 ZEUS 해외구매,TeamGroup T-Force 노트북 ZEUS 해외구매,DDR4,3200,CL22,8GB,8,36350,36350,0,0,0,0,0,0,0,0,0,0,0,0,36350,36350,36350,36350,36350,36350,36350,0,0,0,0,0,0,0,0,0
17712185,TeamGroup T-Force 노트북 DDR4-3200 CL22 ZEUS 해외구매,TeamGroup T-Force 노트북 ZEUS 해외구매,DDR4,3200,CL22,16GB,16,0,0,58060,58050,58020,57900,57780,57660,57540,57420,57300,57180,57060,56940,0,0,0,0,0,0,0,55980,55860,55740,55630,55580,55570,55560,55550,55520
17712185,TeamGroup T-Force 노트북 DDR4-3200 CL22 ZEUS 해외구매,TeamGroup T-Force 노트북 ZEUS 해외구매,DDR4,3200,CL22,8GB,8,0,0,36350,36350,36350,36350,36350,36350,36350,36350,36350,36350,36350,36350,0,0,0,0,0,0,0,36350,36350,36350,36350,36350,36350,36350,36350,36350
13965605,TeamGroup 노트북 DDR4-2666 CL19 ZEUS,TeamGroup 노트북 ZEUS,DDR4,2666,CL19,8GB,8,26300,26300,26300,26300,26300,26300,26300,26300,26300,26300,26300,26300,26300,26300,26300,26300,26300,26300,26300,26300,26300,26300,26300,26300,26300,26300,26300,26300,26300,26300
11419101,TeamGroup 노트북 DDR4-3200 Elite,TeamGroup 노트북 Elite,DDR4,3200,0,32GB,32,83990,83990,83990,0,0,0,0,0,0,0,0,0,0,0,0,83990,83990,0,0,0,0,0,0,0,0,0,0,0,0,0
11419101,TeamGroup 노트북 DDR4-3200 Elite,TeamGroup 노트북 Elite,DDR4,3200,0,16GB,16,36800,36800,36800,0,0,0,0,0,0,0,0,0,0,0,0,36800,36800,0,0,0,0,0,0,0,0,0,0,0,0,0
11419101,TeamGroup 노트북 DDR4-3200 Elite,TeamGroup 노트북 Elite,DDR4,3200,0,8GB,8,18970,18970,19490,0,0,0,0,0,0,0,0,0,0,0,0,19490,19490,0,0,0,0,0,0,0,0,0,0,0,0,0
11419110,TeamGroup 노트북 DDR4-3200 Elite,TeamGroup 노트북 Elite,DDR4,3200,0,32GB,32,0,0,0,83990,83990,83990,83990,83990,83990,83990,83990,83990,83990,83990,83990,0,0,0,0,0,0,83990,83990,82490,82490,82490,82490,82490,82490,82490
11419110,TeamGroup 노트북 DDR4-3200 Elite,TeamGroup 노트북 Elite,DDR4,3200,0,16GB,16,0,0,0,36800,36800,36800,36800,36800,36800,36800,36800,36800,36800,36800,36800,0,0,0,0,0,0,35440,35440,34500,34500,34500,34500,34500,34500,34500
11419110,TeamGroup 노트북 DDR4-3200 Elite,TeamGroup 노트북 Elite,DDR4,3200,0,8GB,8,0,0,0,19490,19490,19490,19490,19490,19490,19490,19490,19490,19490,19490,19490,0,0,0,0,0,0,19490,19490,19490,19490,19490,19490,19480,19480,19480
11419113,TeamGroup 노트북 DDR4-3200 Elite,TeamGroup 노트북 Elite,DDR4,3200,0,32GB,32,0,0,0,0,0,0,0,0,0,0,0,0,0,0,0,0,0,83990,83990,83990,83990,0,0,0,0,0,0,0,0,0
11419113,TeamGroup 노트북 DDR4-3200 Elite,TeamGroup 노트북 Elite,DDR4,3200,0,16GB,16,0,0,0,0,0,0,0,0,0,0,0,0,0,0,0,0,0,36800,36800,36800,35440,0,0,0,0,0,0,0,0,0
11419113,TeamGroup 노트북 DDR4-3200 Elite,TeamGroup 노트북 Elite,DDR4,3200,0,8GB,8,0,0,0,0,0,0,0,0,0,0,0,0,0,0,0,0,0,19490,19490,19490,19490,0,0,0,0,0,0,0,0,0
18274019,Terabyte Ramonster DDR4-2666 CL19,Terabyte Ramonster,DDR4,2666,CL19,4GB,4,50000,50000,50000,50000,50000,50000,50000,50000,50000,50000,50000,50000,50000,50000,50000,50000,50000,50000,50000,50000,50000,50000,50000,50000,50000,50000,50000,50000,50000,50000
6502718,Terabyte Ramonster DDR4-2666 CL19 BLACK,Terabyte Ramonster BLACK,DDR4,2666,CL19,8GB,8,19990,19990,19990,19990,19990,19990,19990,19990,19990,19990,19990,19990,19990,19990,19990,19990,19990,19990,19990,19990,19990,20990,20990,20990,20990,20990,20990,20990,20990,20990
6502718,Terabyte Ramonster DDR4-2666 CL19 BLACK,Terabyte Ramonster BLACK,DDR4,2666,CL19,4GB,4,21000,21000,21000,21000,21000,21000,21000,21000,21000,21000,21000,21000,21000,21000,21000,21000,21000,21000,21000,21000,21000,21000,21000,21000,21000,21000,21000,21000,21000,21000
18274718,Terabyte Ramonster DDR4-3200 CL22,Terabyte Ramonster,DDR4,3200,CL22,32GB,32,89100,89100,89100,89100,89100,89100,89100,89100,89100,89100,89100,89100,94050,95040,95040,95040,95040,95040,95040,95040,95040,95040,95040,95040,95040,92070,92070,92070,92070,92070
18274718,Terabyte Ramonster DDR4-3200 CL22,Terabyte Ramonster,DDR4,3200,CL22,16GB,16,31610,31610,31610,31610,31610,31610,31610,31610,31610,31610,31610,31610,31500,31490,31490,31490,31490,31490,31490,31610,31490,31490,30969,30960,30960,30800,30730,30700,30580,31490
18274718,Terabyte Ramonster DDR4-3200 CL22,Terabyte Ramonster,DDR4,3200,CL22,8GB,8,19490,19460,19120,19040,19020,19120,19090,19020,19020,19120,19090,17720,17740,17740,17740,17740,17740,17740,17740,17740,17740,17740,17740,17690,17670,17590,17560,17440,17320,17220
18274718,Terabyte Ramonster DDR4-3200 CL22,Terabyte Ramonster,DDR4,3200,CL22,4GB,4,50000,50000,50000,50000,50000,50000,50000,50000,50000,50000,50000,50000,50000,50000,50000,50000,50000,50000,50000,50000,50000,50000,50000,50000,50000,50000,50000,50000,50000,50000
11055783,Terabyte Ramonster DDR4-3200 CL22 BLACK,Terabyte Ramonster BLACK,DDR4,3200,CL22,16GB,16,35950,35950,35950,0,0,0,0,0,0,39600,39600,39600,39600,39600,39600,0,0,0,0,39600,0,0,0,0,0,0,0,0,39600,39600
11055783,Terabyte Ramonster DDR4-3200 CL22 BLACK,Terabyte Ramonster BLACK,DDR4,3200,CL22,8GB,8,20500,20500,20500,0,0,0,0,0,0,20500,20500,20500,20500,20500,20500,0,0,0,0,20500,0,0,0,0,0,0,0,0,21530,21530
10558731,Terabyte Ramonster DDR4-3200 CL22 BLACK,Terabyte Ramonster BLACK,DDR4,3200,CL22,16GB,16,0,0,0,0,0,0,0,0,0,0,0,0,0,0,0,39600,39600,39600,39600,0,0,0,0,0,0,0,0,39600,0,0
10558731,Terabyte Ramonster DDR4-3200 CL22 BLACK,Terabyte Ramonster BLACK,DDR4,3200,CL22,8GB,8,0,0,0,0,0,0,0,0,0,0,0,0,0,0,0,20500,20500,20500,20500,0,0,0,0,0,0,0,0,21530,0,0
7643122,Terabyte Ramonster 노트북 DDR4-2666 CL19,Terabyte Ramonster 노트북,DDR4,2666,CL19,8GB,8,90000,90000,90000,90000,90000,90000,90000,90000,90000,90000,90000,90000,90000,90000,90000,90000,90000,90000,90000,90000,90000,90000,90000,90000,90000,90000,90000,90000,90000,90000
7643122,Terabyte Ramonster 노트북 DDR4-2666 CL19,Terabyte Ramonster 노트북,DDR4,2666,CL19,4GB,4,29000,29000,29000,29000,29000,29000,29000,29000,29000,29000,29000,29000,29000,29000,29000,29000,29000,29000,29000,29000,29000,29000,29000,29000,29000,29000,29000,29000,29000,29000
18273290,Terabyte Ramonster 노트북 DDR4-3200 CL22,Terabyte Ramonster 노트북,DDR4,3200,CL22,16GB,16,40440,40440,40440,40440,40440,40440,40440,40440,40440,40440,40440,40440,40440,40440,40440,40440,40440,40440,40440,40440,40440,40440,40440,40440,40440,40440,40440,40440,40440,40440
18273290,Terabyte Ramonster 노트북 DDR4-3200 CL22,Terabyte Ramonster 노트북,DDR4,3200,CL22,8GB,8,20890,20770,20670,20640,20530,20440,20880,20770,20650,20530,20440,20900,21120,21120,21120,21120,21120,21120,21120,21120,21120,21120,20460,20450,20390,20020,20000,19970,19850,20390
18273290,Terabyte Ramonster 노트북 DDR4-3200 CL22,Terabyte Ramonster 노트북,DDR4,3200,CL22,4GB,4,50000,50000,50000,50000,50000,50000,50000,50000,50000,50000,50000,50000,50000,50000,50000,50000,50000,50000,50000,50000,50000,50000,50000,50000,50000,50000,50000,50000,50000,50000
10720701,V-Color BLACK DDR4-3200,V-Color BLACK,DDR4,3200,0,8GB,8,22400,22400,22400,22400,22400,22400,22400,22400,22400,22400,22400,22400,22400,22400,22400,22400,22400,22400,22400,22400,22400,22400,22400,22400,22400,22400,22400,22400,22400,22400
16664129,V-Color BLACK DDR4-3200 벌크,V-Color BLACK 벌크,DDR4,3200,0,8GB,8,22900,22900,22900,22900,22900,22900,22900,22900,22900,22900,22900,22900,22900,22900,22900,22900,22900,22900,0,0,0,0,0,0,0,22900,22900,23540,23540,23540
31998203,V-Color BLACK DDR5-5200 CL42 STANDARD 벌크,V-Color BLACK STANDARD 벌크,DDR5,5200,CL42,8GB,8,40000,40000,40000,0,0,0,0,0,0,0,0,0,0,0,0,0,0,40000,40000,40000,40000,40000,40000,40000,40000,40000,40000,40000,40000,40000
27953468,V-Color BLACK DDR5-5600 CL46 STANDARD 벌크,V-Color BLACK STANDARD 벌크,DDR5,5600,CL46,16GB,16,73000,73000,73000,73000,73000,73000,73000,73000,73000,73000,73000,73000,73000,73000,73000,73000,73000,73000,73000,73000,73000,73000,73000,73000,73000,73000,73000,73000,73000,73000
19018217,V-Color DDR4-2666 CL19 ECC,V-Color ECC,DDR4,2666,CL19,32GB(16GX2),32,268200,268200,268200,268200,268200,268200,268200,268200,268200,268200,268200,0,0,0,0,0,0,286080,286080,286080,286080,286080,286080,286080,286080,277140,277140,277140,277140,277140
14968928,V-Color DDR4-3600 CL18 PRISM PRO RGB SCC KIT WHITE 패키지,V-Color PRISM PRO RGB SCC KIT WHITE 패키지,DDR4,3600,CL18,16GB(8GX2),16,229800,229800,229800,229800,229800,229800,229800,229800,229800,229800,229800,229800,229800,229800,229800,229800,229800,229800,229800,229800,229800,229800,229800,229800,229800,229800,229800,229800,229800,229800
11587076,V-Color DDR4-4000 CL19 PRISM PRO RGB SILVER 패키지,V-Color PRISM PRO RGB SILVER 패키지,DDR4,4000,CL19,16GB(8GX2),16,160000,160000,160000,160000,160000,160000,160000,160000,160000,160000,160000,160000,160000,160000,160000,160000,160000,160000,160000,160000,160000,160000,160000,160000,160000,160000,160000,160000,160000,160000
64380233,V-Color DDR5-6000 CL34 ECC/REG 패키지,V-Color ECC/REG 패키지,DDR5,6000,CL34,384GB(96GX4),384,4795000,4795000,4795000,4795000,4795000,4795000,4795000,4795000,4795000,4795000,4795000,4795000,4795000,4795000,4795000,4795000,4795000,4795000,4795000,4795000,4795000,4795000,4795000,4795000,4795000,4795000,4795000,4795000,4795000,4795000
16025549,V-Color Manta DDR5-5600 CL40 RGB 골든아미스 패키지,V-Color Manta RGB 골든아미스 패키지,DDR5,5600,CL40,32GB(16GX2),32,0,0,531400,531400,531400,531400,531400,531400,531400,531400,531400,531400,531400,531400,531400,531400,531400,531400,0,0,0,0,0,0,0,0,0,0,0,0
33386756,V-Color Manta DDR5-6000 CL36 XFinity RGB 블랙 패키지,V-Color Manta XFinity RGB 블랙 패키지,DDR5,6000,CL36,32GB(16GX2),32,169000,169000,169000,169000,169000,169000,169000,169000,169000,169000,169000,169000,169000,169000,169000,169000,169000,169000,169000,169000,169000,169000,169000,169000,169000,169000,169000,169000,169000,169000
33386759,V-Color Manta DDR5-6000 CL36 XFinity RGB 화이트 패키지,V-Color Manta XFinity RGB 화이트 패키지,DDR5,6000,CL36,32GB(16GX2),32,169000,169000,169000,169000,169000,169000,169000,169000,169000,169000,169000,169000,169000,169000,169000,169000,169000,169000,169000,169000,169000,169000,169000,169000,169000,169000,169000,169000,169000,169000
18371552,V-Color Manta DDR5-6000 CL36 XSKY RGB 패키지,V-Color Manta XSKY RGB 패키지,DDR5,6000,CL36,32GB(16GX2),32,284170,284170,284170,284170,284170,284170,284170,284170,284170,284170,284170,284170,284170,284170,284170,284170,284170,284170,284170,284170,284170,284170,284170,284170,284170,284170,284170,284170,284170,284170
16025600,V-Color Manta DDR5-6200 CL40 RGB 골든아미스 패키지,V-Color Manta RGB 골든아미스 패키지,DDR5,6200,CL40,32GB(16GX2),32,0,0,0,0,0,0,0,0,0,0,0,0,0,0,688000,688000,688000,688000,688000,688000,688000,688000,688000,688000,688000,688000,688000,688000,688000,688000
27556721,V-Color Manta DDR5-6400 CL32 XPrism RGB 블랙 패키지,V-Color Manta XPrism RGB 블랙 패키지,DDR5,6400,CL32,96GB(48GX2),96,526900,526900,526900,526900,526900,526900,526900,526900,526900,507800,507800,507800,507800,507800,507800,507800,507800,507800,507800,507800,507800,507800,507800,507800,507800,507800,507800,507800,507800,507800
20591087,V-Color Manta DDR5-6400 CL36 XPrism RGB 블랙 패키지,V-Color Manta XPrism RGB 블랙 패키지,DDR5,6400,CL36,48GB(24GX2),48,277490,277480,277470,277460,277450,277440,277430,277420,277410,268200,268200,268200,268200,268200,268200,268200,268200,268200,268200,268200,268200,268200,268200,268200,268200,268200,268200,268200,268200,268200
20591198,V-Color Manta DDR5-7200 CL36 XPrism RGB 블랙 패키지,V-Color Manta XPrism RGB 블랙 패키지,DDR5,7200,CL36,48GB(24GX2),48,325910,325910,325910,325910,325910,325910,325910,325910,325910,317000,317000,317000,317000,317000,317000,317000,317000,317000,317000,317000,317000,317000,317000,317000,317000,317000,317000,317000,317000,317000
30227999,V-Color 노트북 DDR4-2666 병행수입,V-Color 노트북 병행수입,DDR4,2666,0,16GB,16,0,0,0,0,0,0,76360,76360,76360,76360,0,0,0,0,0,0,0,0,0,0,0,0,0,0,0,76260,76260,0,0,76260
30228074,V-Color 노트북 DDR4-2666 패키지 병행수입,V-Color 노트북 패키지 병행수입,DDR4,2666,0,32GB(16GX2),32,0,0,0,0,0,0,0,0,0,0,0,0,0,0,158000,158000,158000,158000,158000,158000,158000,158000,158000,158000,158000,0,158000,158000,158000,158000
5514214,V-Color 컬러풀 DDR3-1600,V-Color 컬러풀,DDR3,1600,0,8GB,8,16000,16000,16000,16000,16000,16000,16000,16000,16000,16000,16000,16000,16000,16000,16000,16000,16000,16000,16000,16000,16000,16000,16000,16000,16000,16000,16000,16000,16000,16000
6154666,V-Color 컬러풀 DDR4-2666,V-Color 컬러풀,DDR4,2666,0,8GB,8,21000,21000,21000,21000,21000,21000,21000,21000,21000,21000,21000,21000,21000,21000,21000,21000,21000,21000,21000,21000,21000,21000,21000,21000,21000,21000,21000,21000,21000,21000
15176300,골든메모리 DDR3-1600,골든메모리,DDR3,1600,0,8GB,8,9800,9800,9800,9800,9800,9800,9800,9800,9800,9800,9800,9800,9800,9900,9900,9900,9900,9900,9900,9900,9900,9900,9900,9900,9900,9880,9880,9780,9780,9780
15176405,골든메모리 노트북 DDR3-1600,골든메모리 노트북,DDR3,1600,0,8GB,8,16900,16900,16900,16900,16900,16900,16900,16900,16900,0,16900,14500,14500,14500,14500,14500,14500,14500,14500,14500,16500,16500,0,0,0,0,0,0,0,0
33366212,마이크로 DDR3-1600 ECC/REG 1.35V 중고,마이크로 ECC/REG 1.35V 중고,DDR3,1600,0,16GB,16,10160,10150,10140,10130,10130,10390,10360,10240,10130,10370,10260,10140,10330,10390,10390,10390,10390,10390,10390,10390,10390,10390,10390,10340,10320,10280,10260,10250,10240,10230
10966455,마이크론 Crucial Ballistix DDR4-3200 CL16 RGB Black 패키지,마이크론 Crucial Ballistix RGB Black 패키지,DDR4,3200,CL16,16GB(8GX2),16,490000,490000,490000,490000,490000,490000,490000,490000,490000,490000,490000,490000,490000,490000,490000,490000,490000,490000,490000,490000,490000,490000,490000,490000,490000,490000,490000,490000,490000,490000
10966470,마이크론 Crucial Ballistix DDR4-3200 CL16 RGB White 패키지,마이크론 Crucial Ballistix RGB White 패키지,DDR4,3200,CL16,16GB(8GX2),16,490000,490000,490000,490000,490000,490000,490000,490000,490000,490000,490000,490000,490000,490000,490000,490000,490000,490000,490000,490000,490000,490000,490000,490000,490000,490000,490000,490000,490000,490000
15216101,마이크론 Crucial Ballistix MAX DDR4-4000 CL18 RGB Black 패키지,마이크론 Crucial Ballistix MAX RGB Black 패키지,DDR4,4000,CL18,16GB(8GX2),16,88210,88210,88210,88210,88210,88210,88210,88210,88210,88210,88210,88210,88210,88210,88210,88210,88210,88210,88210,88210,88210,88210,88210,88210,88210,88210,88210,88210,88210,88210
5850669,마이크론 Crucial DDR3-1600 중고,마이크론 Crucial 중고,DDR3,1600,0,8GB,8,12420,12420,12420,12420,12420,12420,12420,0,12420,12420,12420,12420,13110,13250,13250,13250,13250,13250,13250,0,0,0,0,13250,13250,12840,12840,12840,12840,12840
5850669,마이크론 Crucial DDR3-1600 중고,마이크론 Crucial 중고,DDR3,1600,0,4GB,4,8000,8000,8000,8000,8000,8000,8000,0,8000,8000,8000,8000,8000,8000,8000,8000,8000,8000,8000,0,0,0,0,8000,8000,8000,8000,8000,8000,8000
5850743,마이크론 Crucial DDR3-1600 중고,마이크론 Crucial 중고,DDR3,1600,0,8GB,8,0,0,0,0,0,0,0,12420,0,0,0,0,0,0,0,0,0,0,0,13250,13250,13250,13250,0,0,0,0,0,0,0
5850743,마이크론 Crucial DDR3-1600 중고,마이크론 Crucial 중고,DDR3,1600,0,4GB,4,0,0,0,0,0,0,0,8000,0,0,0,0,0,0,0,0,0,0,0,8000,8000,8000,8000,0,0,0,0,0,0,0
10294017,마이크론 Crucial DDR4-3200 CL22,마이크론 Crucial,DDR4,3200,CL22,32GB,32,83090,83090,83090,83090,83090,83090,83090,0,0,0,0,0,0,0,0,0,83200,83200,83200,83200,0,0,0,0,0,0,0,0,0,0
10294017,마이크론 Crucial DDR4-3200 CL22,마이크론 Crucial,DDR4,3200,CL22,16GB,16,41290,41290,41290,41290,41290,41260,41160,0,0,0,0,0,0,0,0,0,41100,41100,41100,41100,0,0,0,0,0,0,0,0,0,0
10294017,마이크론 Crucial DDR4-3200 CL22,마이크론 Crucial,DDR4,3200,CL22,8GB,8,21060,21130,21030,21020,20990,21630,20900,0,0,0,0,0,0,0,0,0,20970,20970,20970,21630,0,0,0,0,0,0,0,0,0,0
10294092,마이크론 Crucial DDR4-3200 CL22,마이크론 Crucial,DDR4,3200,CL22,32GB,32,0,0,0,0,0,0,0,83090,83090,83090,83090,83090,83200,83200,83200,83200,0,0,0,0,84800,84800,85770,88000,88000,107990,107990,107990,107990,107950
10294092,마이크론 Crucial DDR4-3200 CL22,마이크론 Crucial,DDR4,3200,CL22,16GB,16,0,0,0,0,0,0,0,41130,41070,40950,40830,40710,41100,41100,41100,41100,0,0,0,0,41100,40490,40490,40490,40420,40380,40360,40330,40210,40100
10294092,마이크론 Crucial DDR4-3200 CL22,마이크론 Crucial,DDR4,3200,CL22,8GB,8,0,0,0,0,0,0,0,20900,20900,20900,20900,20900,20980,20970,20970,20970,0,0,0,0,20970,20960,20460,20460,20390,20040,19700,19680,19680,19680
28064576,마이크론 Crucial DDR4-3200 CL22 PRO 패키지 아스크텍,마이크론 Crucial PRO 패키지 아스크텍,DDR4,3200,CL22,32GB(16GX2),32,151100,151100,151100,151100,151100,151100,151100,151100,151100,151100,151100,151100,151100,151100,151100,151100,151100,151100,151100,151100,151100,151100,0,0,0,0,0,0,0,0
20369102,마이크론 Crucial DDR4-3200 CL22 대원씨티에스,마이크론 Crucial 대원씨티에스,DDR4,3200,CL22,16GB,16,41620,41600,41590,41570,41460,41340,41220,41100,40980,40860,40740,41020,41880,41880,41880,41880,41880,41880,41880,41880,41880,41880,41880,41830,41810,41770,41740,41640,41630,41600
20369102,마이크론 Crucial DDR4-3200 CL22 대원씨티에스,마이크론 Crucial 대원씨티에스,DDR4,3200,CL22,8GB,8,21150,21150,21120,21000,21000,21000,21000,21000,21000,21000,21000,20970,20950,20950,20950,20950,20950,20950,20950,20900,20700,20690,20690,20680,20680,20450,20440,20440,20440,20440
15879230,마이크론 Crucial DDR5-4800 CL40,마이크론 Crucial,DDR5,4800,CL40,32GB,32,114080,114060,114030,113920,113800,113680,113560,113440,113320,113200,113080,112960,114190,114190,114190,114190,114190,114190,114190,114190,114190,114190,114190,114140,114120,114070,114060,114030,113910,113790
15879230,마이크론 Crucial DDR5-4800 CL40,마이크론 Crucial,DDR5,4800,CL40,16GB,16,55490,55490,55490,55490,55490,55490,55490,55490,55490,55490,55500,55500,55500,55500,55500,55500,55500,55500,55500,55500,58550,58550,55500,55500,55500,55500,55490,55490,55490,55490
15879230,마이크론 Crucial DDR5-4800 CL40,마이크론 Crucial,DDR5,4800,CL40,8GB,8,46470,46470,46470,46470,46470,46470,46470,46470,46470,46470,46470,46470,46470,46470,46470,46470,46470,46470,46470,46470,46470,46470,46410,46400,46400,46400,46400,46400,46400,46400
20369114,마이크론 Crucial DDR5-4800 CL40 대원씨티에스,마이크론 Crucial 대원씨티에스,DDR5,4800,CL40,8GB,8,46470,46470,46470,46470,46470,46470,46470,46470,46470,46470,46470,46470,46470,46470,46470,46470,46470,46470,46470,46470,46470,46470,46410,46400,46400,46400,46400,46400,46400,46400
15627734,마이크론 Crucial DDR5-4800 CL40 패키지,마이크론 Crucial 패키지,DDR5,4800,CL40,32GB(16GX2),32,0,0,0,0,0,0,145220,145220,145220,145220,145220,145220,153290,154900,154900,154900,154900,154900,154900,154900,154900,154900,0,0,0,0,0,0,0,0
18486506,마이크론 Crucial DDR5-5600 CL46,마이크론 Crucial,DDR5,5600,CL46,32GB,32,108810,108800,108790,108760,108650,0,0,0,0,0,0,0,108260,108260,0,0,0,108260,0,0,0,0,0,0,107800,107750,0,107730,107720,107710
18486506,마이크론 Crucial DDR5-5600 CL46,마이크론 Crucial,DDR5,5600,CL46,16GB,16,53800,53770,53760,53730,53610,0,0,0,0,0,0,0,54590,54590,0,0,0,54590,0,0,0,0,0,0,51670,51440,0,51230,51260,52950
18486506,마이크론 Crucial DDR5-5600 CL46,마이크론 Crucial,DDR5,5600,CL46,8GB,8,32410,32410,32410,32410,32410,0,0,0,0,0,0,0,32410,32410,0,0,0,32410,0,0,0,0,0,0,32160,32160,0,32160,32160,32160
18486497,마이크론 Crucial DDR5-5600 CL46,마이크론 Crucial,DDR5,5600,CL46,32GB,32,0,0,0,0,0,108530,108410,108290,108230,108110,107990,107870,0,0,108260,108260,108260,0,108260,0,0,0,0,0,0,0,107740,0,0,0
18486497,마이크론 Crucial DDR5-5600 CL46,마이크론 Crucial,DDR5,5600,CL46,16GB,16,0,0,0,0,0,53490,53370,53250,53130,53010,52890,52770,0,0,54590,54590,54590,0,54590,0,0,0,0,0,0,0,51420,0,0,0
18486497,마이크론 Crucial DDR5-5600 CL46,마이크론 Crucial,DDR5,5600,CL46,8GB,8,0,0,0,0,0,32410,32410,32410,32410,32410,32410,32410,0,0,32410,32410,32410,0,32410,0,0,0,0,0,0,0,32160,0,0,0
20609090,마이크론 Crucial DDR5-5600 CL46,마이크론 Crucial,DDR5,5600,CL46,32GB,32,0,0,0,0,0,0,0,0,0,0,0,0,0,0,0,0,0,0,0,108260,108260,108260,107880,107870,0,0,0,0,0,0
20609090,마이크론 Crucial DDR5-5600 CL46,마이크론 Crucial,DDR5,5600,CL46,16GB,16,0,0,0,0,0,0,0,0,0,0,0,0,0,0,0,0,0,0,0,54590,54590,54590,52824,52780,0,0,0,0,0,0
20609090,마이크론 Crucial DDR5-5600 CL46,마이크론 Crucial,DDR5,5600,CL46,8GB,8,0,0,0,0,0,0,0,0,0,0,0,0,0,0,0,0,0,0,0,32410,32410,32410,32410,32160,0,0,0,0,0,0
28640519,마이크론 Crucial DDR5-5600 CL46 PRO 대원씨티에스,마이크론 Crucial PRO 대원씨티에스,DDR5,5600,CL46,16GB,16,60140,60130,60120,60110,60080,59960,59840,59720,59600,59480,59490,59480,59890,59890,59880,59880,59880,59880,59880,59880,59880,59880,59880,59880,59810,59740,59730,59700,59580,59460
33386738,마이크론 Crucial DDR5-5600 CL46 PRO 아스크텍,마이크론 Crucial PRO 아스크텍,DDR5,5600,CL46,16GB,16,61760,58900,58900,58900,58900,58900,60840,60840,60830,60830,58800,60830,58900,60830,60830,60830,60830,60830,60830,60830,60830,60830,60830,60830,60830,60830,58790,58790,58890,58890
20369066,마이크론 Crucial DDR5-5600 CL46 PRO 패키지 대원씨티에스,마이크론 Crucial PRO 패키지 대원씨티에스,DDR5,5600,CL46,96GB(48GX2),96,371240,371210,371110,371100,371070,370950,370830,370710,370590,370470,370350,370230,372360,372360,372360,372360,372360,372360,372360,372360,372360,372360,372360,372360,372360,372360,372360,372360,372360,372360
20369066,마이크론 Crucial DDR5-5600 CL46 PRO 패키지 대원씨티에스,마이크론 Crucial PRO 패키지 대원씨티에스,DDR5,5600,CL46,64GB(32GX2),64,262870,262870,262870,262870,262870,262870,262870,262870,262870,262870,262870,262870,262870,262870,262870,262870,262870,262870,262870,262870,266700,266700,266700,266670,266560,266520,266500,266490,266480,266470
20369066,마이크론 Crucial DDR5-5600 CL46 PRO 패키지 대원씨티에스,마이크론 Crucial PRO 패키지 대원씨티에스,DDR5,5600,CL46,48GB(24GX2),48,177670,177660,177650,177640,177610,177490,177370,177250,177130,177010,176920,176890,178990,178990,178990,178990,178990,178990,178990,177460,177460,177460,177460,176840,176740,176730,176690,176310,176200,176100
20369066,마이크론 Crucial DDR5-5600 CL46 PRO 패키지 대원씨티에스,마이크론 Crucial PRO 패키지 대원씨티에스,DDR5,5600,CL46,32GB(16GX2),32,117350,117350,117350,116900,116900,116900,116850,116850,116830,116830,116800,116800,116780,116760,116760,116760,116760,116760,116760,116760,116760,116760,116760,116760,116760,116760,116760,116760,116760,116760
28553522,마이크론 Crucial DDR5-5600 CL46 PRO 패키지 아스크텍,마이크론 Crucial PRO 패키지 아스크텍,DDR5,5600,CL46,64GB(32GX2),64,259890,259860,0,0,0,0,0,259360,259240,259120,259000,0,0,0,0,0,0,262490,262490,262490,262490,262490,262490,262440,262420,262340,262310,0,0,0
28553522,마이크론 Crucial DDR5-5600 CL46 PRO 패키지 아스크텍,마이크론 Crucial PRO 패키지 아스크텍,DDR5,5600,CL46,32GB(16GX2),32,118210,118210,0,0,0,0,0,117280,117280,117280,117280,0,0,0,0,0,0,117270,117270,117270,117270,117270,117270,117270,116370,116360,116300,0,0,0
20356421,마이크론 Crucial DDR5-5600 CL46 PRO 패키지 아스크텍,마이크론 Crucial PRO 패키지 아스크텍,DDR5,5600,CL46,64GB(32GX2),64,0,0,259760,259750,259720,259600,259480,0,0,0,0,258880,262490,262490,262490,262490,262490,0,0,0,0,0,0,0,0,0,0,262190,262070,261970
20356421,마이크론 Crucial DDR5-5600 CL46 PRO 패키지 아스크텍,마이크론 Crucial PRO 패키지 아스크텍,DDR5,5600,CL46,32GB(16GX2),32,0,0,117520,117520,117520,117280,117280,0,0,0,0,117280,117270,117270,117270,117270,117270,0,0,0,0,0,0,0,0,0,0,116180,116060,115960
20369126,마이크론 Crucial DDR5-5600 CL46 대원씨티에스,마이크론 Crucial 대원씨티에스,DDR5,5600,CL46,32GB,32,110200,110200,110200,110200,110200,110200,110200,110200,110190,110190,110100,110100,110090,110090,110090,110090,110090,110090,110090,110090,110090,110090,110090,110090,110090,110090,110090,110090,110090,110090
20369126,마이크론 Crucial DDR5-5600 CL46 대원씨티에스,마이크론 Crucial 대원씨티에스,DDR5,5600,CL46,16GB,16,53670,53540,53440,53390,53290,53260,53140,53020,52900,52780,52660,52580,54090,54090,54090,54090,54090,54090,54090,54080,54070,54040,52824,52820,52820,52820,52720,52620,52610,52600
20369126,마이크론 Crucial DDR5-5600 CL46 대원씨티에스,마이크론 Crucial 대원씨티에스,DDR5,5600,CL46,8GB,8,32720,32600,32500,32470,32360,32240,32200,32200,32170,32090,32030,31960,31890,31820,31800,31800,31800,31800,31800,31670,31600,31530,31460,31390,31370,31300,31230,31160,31090,31020
54100055,마이크론 Crucial DDR5-6000 CL36 PRO Overclocking White 패키지 대원씨티에스,마이크론 Crucial PRO Overclocking White 패키지 대원씨티에스,DDR5,6000,CL36,32GB(16GX2),32,152780,152770,152760,152730,152620,152500,152380,152260,152140,152020,151900,151780,151660,151540,151420,151300,151180,151060,150940,150820,150700,150580,150460,148470,148370,148280,148270,148240,148120,148000
54214406,마이크론 Crucial DDR5-6000 CL36 PRO Overclocking White 패키지 아스크텍,마이크론 Crucial PRO Overclocking White 패키지 아스크텍,DDR5,6000,CL36,32GB(16GX2),32,195320,195310,191380,191280,191170,161010,158800,158800,162720,160770,162720,162720,162720,162720,162720,162720,162720,162720,162720,162720,162720,162720,162720,162720,162720,161000,160900,160800,160790,160760
39767633,마이크론 Crucial DDR5-6000 CL36 PRO Overclocking 아스크텍,마이크론 Crucial PRO Overclocking 아스크텍,DDR5,6000,CL36,16GB,16,84870,84840,83860,83760,83650,83530,83410,83290,83170,83050,82930,82810,85040,85040,85040,85040,85040,85040,85040,85040,85040,85040,85040,85040,85040,85040,85040,85040,85040,85040
39102770,마이크론 Crucial DDR5-6000 CL36 PRO Overclocking 패키지 대원씨티에스,마이크론 Crucial PRO Overclocking 패키지 대원씨티에스,DDR5,6000,CL36,32GB(16GX2),32,130280,130270,130260,130230,130500,135740,135740,135740,135740,158940,161250,161250,161250,161250,161250,161250,161250,161250,161250,161250,161250,161250,161250,0,0,0,0,0,0,0
39767693,마이크론 Crucial DDR5-6000 CL36 PRO Overclocking 패키지 아스크텍,마이크론 Crucial PRO Overclocking 패키지 아스크텍,DDR5,6000,CL36,32GB(16GX2),32,166150,146800,146800,146800,146800,146800,146800,146800,146800,146800,155800,155800,155800,155800,155800,155800,155800,155800,155800,155800,155800,155800,155800,155800,155800,155800,155800,155800,155800,155800
39767816,마이크론 Crucial DDR5-6000 CL48 PRO 아스크텍,마이크론 Crucial PRO 아스크텍,DDR5,6000,CL48,16GB,16,83830,83820,83810,83780,83670,83550,80700,80700,80690,80690,80690,80690,80690,80690,80690,80690,80690,80690,80690,80690,80690,80690,80690,80690,80690,80690,80690,80690,80690,80690
28480007,마이크론 Crucial DDR5-6000 CL48 PRO 패키지 대원씨티에스,마이크론 Crucial PRO 패키지 대원씨티에스,DDR5,6000,CL48,48GB(24GX2),48,185840,185810,185790,185770,185650,185530,185410,185290,185170,185050,184930,184810,185940,187330,187330,187330,187330,187330,187330,187330,187330,187330,187330,187330,187330,187330,187330,187330,187330,187330
28480007,마이크론 Crucial DDR5-6000 CL48 PRO 패키지 대원씨티에스,마이크론 Crucial PRO 패키지 대원씨티에스,DDR5,6000,CL48,32GB(16GX2),32,149680,149660,149630,149530,149420,149300,149180,149060,148940,148820,148700,148580,149990,149990,149990,149990,149990,149990,149990,149990,149990,149990,149990,149940,149920,149830,149820,149810,149800,149790
28329554,마이크론 Crucial DDR5-6000 CL48 PRO 패키지 아스크텍,마이크론 Crucial PRO 패키지 아스크텍,DDR5,6000,CL48,48GB(24GX2),48,180200,180200,177400,177290,177170,177050,176930,176810,176690,176570,176450,176330,180200,180200,180200,180200,180200,180200,180200,180200,180200,180200,180200,0,0,0,0,0,0,0
28329554,마이크론 Crucial DDR5-6000 CL48 PRO 패키지 아스크텍,마이크론 Crucial PRO 패키지 아스크텍,DDR5,6000,CL48,32GB(16GX2),32,153720,153720,153720,153720,153720,153720,153720,153720,153720,150290,150180,150060,150290,150290,150290,150290,150290,150290,150290,150300,150300,150300,150300,0,0,0,0,0,0,0
39767792,마이크론 Crucial DDR5-6000 CL48 PRO 패키지 아스크텍,마이크론 Crucial PRO 패키지 아스크텍,DDR5,6000,CL48,48GB(24GX2),48,0,0,0,0,0,0,0,0,0,0,0,0,0,0,0,0,0,0,0,0,0,0,0,180200,180200,180200,180200,180200,180200,180200
39767792,마이크론 Crucial DDR5-6000 CL48 PRO 패키지 아스크텍,마이크론 Crucial PRO 패키지 아스크텍,DDR5,6000,CL48,32GB(16GX2),32,0,0,0,0,0,0,0,0,0,0,0,0,0,0,0,0,0,0,0,0,0,0,0,150290,150290,150290,150290,150290,150290,150290
10610796,마이크론 Crucial 노트북 DDR4-3200 CL22,마이크론 Crucial 노트북,DDR4,3200,CL22,16GB,16,42950,42950,42120,42120,42120,42120,42120,42120,42120,42120,42120,42120,42120,42120,42120,42120,42120,42120,42120,42120,42120,42120,42120,42120,42120,42120,42950,42950,42950,42950
10610796,마이크론 Crucial 노트북 DDR4-3200 CL22,마이크론 Crucial 노트북,DDR4,3200,CL22,8GB,8,23100,23100,21840,23100,23100,23100,23100,23100,23090,22300,22300,22300,22300,22300,22300,22300,22300,22300,22300,22300,22300,22300,22300,22300,22300,22300,22300,22300,22300,22300
54218168,마이크론 Crucial 노트북 DDR4-3200 CL22 대원씨티에스,마이크론 Crucial 노트북 대원씨티에스,DDR4,3200,CL22,16GB,16,43050,43050,43040,43020,42910,42790,42670,42550,42430,42310,42190,42070,42590,43050,43050,43050,43050,43050,43050,43050,43050,43050,43050,43050,43050,43050,43500,43500,43500,43500
54218168,마이크론 Crucial 노트북 DDR4-3200 CL22 대원씨티에스,마이크론 Crucial 노트북 대원씨티에스,DDR4,3200,CL22,8GB,8,23350,23350,23350,23350,23350,23350,23350,23350,23350,23350,22400,22390,22390,22390,22390,22390,22390,22390,22390,22390,22390,22390,22390,22390,22390,22390,22390,22390,22390,22390
54218165,마이크론 Crucial 노트북 DDR4-3200 CL22 대원씨티에스,마이크론 Crucial 노트북 대원씨티에스,DDR4,3200,CL22,16GB,16,0,0,0,0,0,0,42670,42550,42430,42310,42190,42070,0,0,0,0,0,0,0,0,0,0,0,0,0,0,0,0,0,0
54218165,마이크론 Crucial 노트북 DDR4-3200 CL22 대원씨티에스,마이크론 Crucial 노트북 대원씨티에스,DDR4,3200,CL22,8GB,8,0,0,0,0,0,0,23350,23350,23350,23350,22400,22390,0,0,0,0,0,0,0,0,0,0,0,0,0,0,0,0,0,0
16524281,마이크론 Crucial 노트북 DDR4-3200 CL22 중고,마이크론 Crucial 노트북 중고,DDR4,3200,CL22,8GB,8,22800,22770,22670,22660,22630,22510,22390,22270,23970,23860,23740,23620,23500,23740,23740,23740,23740,23740,23740,0,23740,0,0,0,0,0,0,0,23550,23540
16524281,마이크론 Crucial 노트북 DDR4-3200 CL22 중고,마이크론 Crucial 노트북 중고,DDR4,3200,CL22,4GB,4,8800,8800,8800,8800,8800,8800,8800,8800,8800,8800,8800,8800,8800,8800,8800,8800,8800,8800,8800,0,8800,0,0,0,0,0,0,0,8800,8800
16411766,마이크론 Crucial 노트북 DDR4-3200 CL22 중고,마이크론 Crucial 노트북 중고,DDR4,3200,CL22,8GB,8,0,0,0,0,0,0,0,0,0,0,0,0,0,0,0,0,0,0,0,23740,0,23740,23740,23690,23590,23580,23570,23560,0,0
16411766,마이크론 Crucial 노트북 DDR4-3200 CL22 중고,마이크론 Crucial 노트북 중고,DDR4,3200,CL22,4GB,4,0,0,0,0,0,0,0,0,0,0,0,0,0,0,0,0,0,0,0,8800,0,8800,8800,8800,8800,8800,8800,8800,0,0
17871047,마이크론 Crucial 노트북 DDR4-3200 CL22 해외구매,마이크론 Crucial 노트북 해외구매,DDR4,3200,CL22,16GB,16,59430,56080,56090,56090,56090,56090,56090,55990,55990,55990,55950,55140,55020,55190,55590,54690,55590,55590,55690,51100,51090,51090,51090,51090,51090,51090,51020,51010,51000,50990
17285126,마이크론 Crucial 노트북 DDR5-4800 CL40,마이크론 Crucial 노트북,DDR5,4800,CL40,32GB,32,120620,120590,114290,114290,114290,114290,114290,114290,114290,114290,114290,114290,114290,114290,114290,114290,114290,114290,114290,114290,115500,115500,115500,115500,115500,115500,115500,115500,115500,115500
17285126,마이크론 Crucial 노트북 DDR5-4800 CL40,마이크론 Crucial 노트북,DDR5,4800,CL40,16GB,16,57610,56710,56160,56160,56160,56160,56160,56160,56160,56530,56420,56390,57290,57290,57290,57290,57290,57290,57290,57290,57290,57290,57290,57290,57290,57290,57290,57290,57290,57290
17285126,마이크론 Crucial 노트북 DDR5-4800 CL40,마이크론 Crucial 노트북,DDR5,4800,CL40,8GB,8,23000,23000,23000,23000,23000,23000,23000,23000,23000,23000,23000,23000,23000,23000,23000,23000,23000,23000,23000,23000,23000,23000,23000,23000,23000,23000,23000,23000,23000,23000
17447072,마이크론 Crucial 노트북 DDR5-4800 CL40 중고,마이크론 Crucial 노트북 중고,DDR5,4800,CL40,8GB,8,11180,10620,10610,10610,10610,10610,10610,10610,10610,10610,10610,10610,10610,10610,10610,10610,10610,10610,10610,12470,12470,12470,12470,12470,12470,12470,12470,12470,12470,12470
30268274,마이크론 Crucial 노트북 DDR5-5600 CL46,마이크론 Crucial 노트북,DDR5,5600,CL46,32GB,32,125000,124960,123640,119990,119990,119990,119990,119990,119990,119990,119990,124190,0,0,124190,124190,124190,124190,124190,124190,124190,124190,124190,124190,123280,123280,123260,123140,123020,122920
30268274,마이크론 Crucial 노트북 DDR5-5600 CL46,마이크론 Crucial 노트북,DDR5,5600,CL46,16GB,16,59950,59930,59120,59120,59090,58970,58950,58950,58950,58950,58950,59620,0,0,59610,59610,59610,59610,59610,59610,59610,59610,59520,59510,59440,59410,59270,59180,59170,59140
30268256,마이크론 Crucial 노트북 DDR5-5600 CL46,마이크론 Crucial 노트북,DDR5,5600,CL46,32GB,32,0,0,0,0,0,0,0,0,0,0,0,0,124190,124190,0,0,0,0,0,0,0,0,0,0,0,0,0,0,0,0
30268256,마이크론 Crucial 노트북 DDR5-5600 CL46,마이크론 Crucial 노트북,DDR5,5600,CL46,16GB,16,0,0,0,0,0,0,0,0,0,0,0,0,59610,59610,0,0,0,0,0,0,0,0,0,0,0,0,0,0,0,0
54966680,마이크론 Crucial 노트북 DDR5-5600 CL46 대원씨티에스,마이크론 Crucial 노트북 대원씨티에스,DDR5,5600,CL46,16GB,16,60110,60100,60090,60060,59960,59930,59810,59690,59570,59450,59330,59460,59450,59450,59450,59450,59450,60300,60300,58350,58350,58350,58350,58350,58350,58350,58350,58350,58350,58350
33387032,마이크론 DDR4-2133 ECC/REG 중고,마이크론 ECC/REG 중고,DDR4,2133,0,16GB,16,37200,37200,37200,0,0,0,0,0,0,0,0,0,0,0,0,0,0,0,0,0,0,0,0,0,0,0,0,0,0,0
33387032,마이크론 DDR4-2133 ECC/REG 중고,마이크론 ECC/REG 중고,DDR4,2133,0,8GB,8,29800,29800,29800,0,0,0,0,0,0,0,0,0,0,0,0,0,0,0,0,0,0,0,0,0,0,0,0,0,0,0
18782588,마이크론 DDR4-2133 ECC/REG 중고,마이크론 ECC/REG 중고,DDR4,2133,0,16GB,16,0,0,0,37200,37200,37200,37200,37200,37200,37200,37200,37200,37200,37200,37200,37200,37200,37200,37200,37200,37200,37200,37200,37200,37200,37200,37200,37200,37200,37200
18782588,마이크론 DDR4-2133 ECC/REG 중고,마이크론 ECC/REG 중고,DDR4,2133,0,8GB,8,0,0,0,29800,29800,29800,29800,29800,29800,29800,29800,29800,29800,29800,29800,29800,29800,29800,29800,29800,29800,29800,29800,29800,29800,29800,29800,29800,29800,29800
17443334,마이크론 DDR4-2400 중고,마이크론 중고,DDR4,2400,0,8GB,8,20000,20000,20000,20000,20000,20000,20000,20000,20000,20000,20000,20000,20000,20000,20000,20000,20000,20000,20000,20000,20000,20000,20000,20000,20000,20000,20000,20000,20000,20000
18241616,마이크론 DDR4-3200 CL22 ECC/REG 대원씨티에스,마이크론 ECC/REG 대원씨티에스,DDR4,3200,CL22,64GB,64,198590,198590,198590,198590,198590,198590,198590,198590,198590,198590,198590,198590,198600,198600,198600,198600,198600,198600,198600,198600,198600,198600,198600,198590,198590,198590,198590,198590,198590,198590
64378331,비즈텍 TREAVE DDR4-2666 CL19,비즈텍 TREAVE,DDR4,2666,CL19,16GB,16,0,0,0,38500,0,0,0,0,0,0,0,0,0,0,0,0,0,0,0,0,0,0,0,0,0,0,0,0,0,0
64378331,비즈텍 TREAVE DDR4-2666 CL19,비즈텍 TREAVE,DDR4,2666,CL19,8GB,8,0,0,0,19700,0,0,0,0,0,0,0,0,0,0,0,0,0,0,0,0,0,0,0,0,0,0,0,0,0,0
64378331,비즈텍 TREAVE DDR4-2666 CL19,비즈텍 TREAVE,DDR4,2666,CL19,4GB,4,0,0,0,13300,0,0,0,0,0,0,0,0,0,0,0,0,0,0,0,0,0,0,0,0,0,0,0,0,0,0
65303801,비즈텍 TREAVE DDR4-2666 CL19,비즈텍 TREAVE,DDR4,2666,CL19,16GB,16,0,0,0,38500,38500,38500,38500,38500,38500,38500,38500,38500,38500,38500,38500,38500,38500,38500,38500,38500,38500,38500,38500,38500,39300,37380,37380,37380,37380,35050
65303801,비즈텍 TREAVE DDR4-2666 CL19,비즈텍 TREAVE,DDR4,2666,CL19,8GB,8,0,0,0,19700,19700,19700,19700,19700,19700,19700,19700,19700,19700,19700,19700,19700,19700,19700,19700,19700,19700,19700,19700,19700,19950,18980,18980,18980,18980,17750
65303801,비즈텍 TREAVE DDR4-2666 CL19,비즈텍 TREAVE,DDR4,2666,CL19,4GB,4,0,0,0,13300,13300,13300,13300,13300,13300,13300,13300,13300,13300,13300,13300,13300,13300,13300,13300,13300,13300,13300,13300,13300,12590,11620,11620,11620,11620,11620
65303783,비즈텍 TREAVE DDR4-2666 CL19,비즈텍 TREAVE,DDR4,2666,CL19,16GB,16,0,0,0,0,0,0,0,0,0,0,0,0,0,0,0,0,0,0,0,0,0,0,0,0,0,0,37380,37380,37380,35050
65303783,비즈텍 TREAVE DDR4-2666 CL19,비즈텍 TREAVE,DDR4,2666,CL19,8GB,8,0,0,0,0,0,0,0,0,0,0,0,0,0,0,0,0,0,0,0,0,0,0,0,0,0,0,18980,18980,18980,17750
65303783,비즈텍 TREAVE DDR4-2666 CL19,비즈텍 TREAVE,DDR4,2666,CL19,4GB,4,0,0,0,0,0,0,0,0,0,0,0,0,0,0,0,0,0,0,0,0,0,0,0,0,0,0,11620,11620,11620,10870
64379600,비즈텍 TREAVE DDR4-3200 CL22,비즈텍 TREAVE,DDR4,3200,CL22,32GB,32,0,0,0,0,0,0,0,0,0,0,0,0,0,0,0,0,0,0,0,0,0,77960,77960,77960,77960,77940,0,0,0,0
64379600,비즈텍 TREAVE DDR4-3200 CL22,비즈텍 TREAVE,DDR4,3200,CL22,16GB,16,0,0,0,0,0,0,0,0,0,0,0,0,0,0,0,0,0,0,0,0,0,32840,32840,32840,32840,32780,0,0,0,0
64379600,비즈텍 TREAVE DDR4-3200 CL22,비즈텍 TREAVE,DDR4,3200,CL22,8GB,8,0,0,0,0,0,0,0,0,0,0,0,0,0,0,0,0,0,0,0,0,0,19110,19110,19110,19110,19090,0,0,0,0
65303720,비즈텍 TREAVE DDR4-3200 CL22,비즈텍 TREAVE,DDR4,3200,CL22,32GB,32,0,0,0,71280,71280,72180,73080,73080,73080,73080,73080,73080,77140,77960,77960,77960,77960,77960,77960,77960,77960,77960,77960,77960,77960,77940,77930,77920,77910,73190
65303720,비즈텍 TREAVE DDR4-3200 CL22,비즈텍 TREAVE,DDR4,3200,CL22,16GB,16,0,0,0,32400,32400,30780,30780,30780,30780,30780,30780,30780,32490,32840,32840,32840,32840,32840,32840,32840,32840,32840,32840,32840,32840,32780,32780,32780,32780,30670
65303720,비즈텍 TREAVE DDR4-3200 CL22,비즈텍 TREAVE,DDR4,3200,CL22,8GB,8,0,0,0,17910,17910,17910,17910,17910,17910,17910,17910,17910,18910,19110,19110,19110,19110,19110,19110,19110,19110,19110,19110,19110,19110,19090,19080,19070,19060,18110
64379654,비즈텍 TREAVE DDR5-5600 CL46,비즈텍 TREAVE,DDR5,5600,CL46,32GB,32,0,0,0,106650,106650,108900,109800,109800,109800,109800,109800,109800,115900,117120,117120,117120,117120,117120,117120,117120,117120,117120,117120,117120,112470,111320,111320,111320,111320,104290
64379654,비즈텍 TREAVE DDR5-5600 CL46,비즈텍 TREAVE,DDR5,5600,CL46,16GB,16,0,0,0,52380,52380,54000,54000,54000,54000,54000,54000,54000,57000,57600,57600,57600,57600,57600,57600,57600,57600,57600,57600,57600,57410,56700,56700,56700,56700,53110
65303648,비즈텍 TREAVE DDR5-5600 CL46,비즈텍 TREAVE,DDR5,5600,CL46,32GB,32,0,0,0,0,0,0,0,0,0,0,0,0,0,0,0,0,0,0,0,0,0,0,0,0,0,0,0,0,111320,104290
65303648,비즈텍 TREAVE DDR5-5600 CL46,비즈텍 TREAVE,DDR5,5600,CL46,16GB,16,0,0,0,0,0,0,0,0,0,0,0,0,0,0,0,0,0,0,0,0,0,0,0,0,0,0,0,0,56700,53110
64379516,비즈텍 TREAVE 노트북 DDR4-2666 CL19,비즈텍 TREAVE 노트북,DDR4,2666,CL19,16GB,16,0,0,0,35910,0,0,0,0,0,0,0,0,0,0,0,0,0,0,0,0,0,0,0,0,0,0,0,0,0,0
64379516,비즈텍 TREAVE 노트북 DDR4-2666 CL19,비즈텍 TREAVE 노트북,DDR4,2666,CL19,8GB,8,0,0,0,19900,0,0,0,0,0,0,0,0,0,0,0,0,0,0,0,0,0,0,0,0,0,0,0,0,0,0
64379516,비즈텍 TREAVE 노트북 DDR4-2666 CL19,비즈텍 TREAVE 노트북,DDR4,2666,CL19,4GB,4,0,0,0,15300,0,0,0,0,0,0,0,0,0,0,0,0,0,0,0,0,0,0,0,0,0,0,0,0,0,0
65303753,비즈텍 TREAVE 노트북 DDR4-2666 CL19,비즈텍 TREAVE 노트북,DDR4,2666,CL19,16GB,16,0,0,0,35910,35910,36810,37260,37260,37260,37260,37260,37260,39330,39750,39750,39750,39750,39750,39750,39750,39750,39750,39750,39750,37730,37380,37380,37380,37380,34850
65303753,비즈텍 TREAVE 노트북 DDR4-2666 CL19,비즈텍 TREAVE 노트북,DDR4,2666,CL19,8GB,8,0,0,0,19900,19900,19900,19900,19900,19900,19900,19900,19900,19900,19900,19900,19900,19900,19900,19900,19900,19900,19900,19900,19900,19900,18980,18980,18980,18980,17790
65303753,비즈텍 TREAVE 노트북 DDR4-2666 CL19,비즈텍 TREAVE 노트북,DDR4,2666,CL19,4GB,4,0,0,0,15300,15300,15300,15300,15300,15300,15300,15300,15300,15300,15300,15300,15300,15300,15300,15300,15300,15300,15300,15300,15300,13800,13000,13000,13000,13000,13000
64379612,비즈텍 TREAVE 노트북 DDR4-3200 CL22,비즈텍 TREAVE 노트북,DDR4,3200,CL22,32GB,32,0,0,0,72900,72900,73350,74700,74700,0,0,0,0,0,0,0,0,0,0,0,0,79680,79680,79680,79680,0,0,0,0,0,0
64379612,비즈텍 TREAVE 노트북 DDR4-3200 CL22,비즈텍 TREAVE 노트북,DDR4,3200,CL22,16GB,16,0,0,0,35460,35460,34560,34560,34560,0,0,0,0,0,0,0,0,0,0,0,0,36870,36870,36870,36870,0,0,0,0,0,0
64379612,비즈텍 TREAVE 노트북 DDR4-3200 CL22,비즈텍 TREAVE 노트북,DDR4,3200,CL22,8GB,8,0,0,0,17910,17910,17910,18000,18000,0,0,0,0,0,0,0,0,0,0,0,0,19200,19200,19200,19200,0,0,0,0,0,0
65303678,비즈텍 TREAVE 노트북 DDR4-3200 CL22,비즈텍 TREAVE 노트북,DDR4,3200,CL22,32GB,32,0,0,0,72900,72900,73350,74700,74700,74700,74700,74700,74700,78850,79680,79680,79680,79680,79680,79680,79680,79680,79680,79680,79680,78340,78320,78310,78300,78290,74490
65303678,비즈텍 TREAVE 노트북 DDR4-3200 CL22,비즈텍 TREAVE 노트북,DDR4,3200,CL22,16GB,16,0,0,0,35460,35460,34560,34560,34560,34560,34560,34560,34560,36480,36870,36870,36870,36870,36870,36870,36870,36870,36870,36870,36870,34850,34910,34910,34910,34910,34090
65303678,비즈텍 TREAVE 노트북 DDR4-3200 CL22,비즈텍 TREAVE 노트북,DDR4,3200,CL22,8GB,8,0,0,0,17910,17910,17910,18000,18000,18000,18000,18000,18000,19000,19200,19200,19200,19200,19200,19200,19200,19200,19200,19200,19200,19200,19180,19170,19160,19150,17950
64379729,비즈텍 TREAVE 노트북 DDR5-5600 CL46,비즈텍 TREAVE 노트북,DDR5,5600,CL46,32GB,32,0,0,0,116640,116640,119340,121140,121140,121140,121140,121140,121140,127870,129220,129220,129220,129220,129220,129220,129220,129220,129220,129220,129220,127300,126390,126390,126390,126390,118340
64379729,비즈텍 TREAVE 노트북 DDR5-5600 CL46,비즈텍 TREAVE 노트북,DDR5,5600,CL46,16GB,16,0,0,0,56380,56380,57730,58450,58450,58450,58450,58450,58450,61700,62350,62350,62350,62350,62350,62350,62350,62350,62350,62350,62350,61920,61180,61180,61180,61180,57370
65303624,비즈텍 TREAVE 노트북 DDR5-5600 CL46,비즈텍 TREAVE 노트북,DDR5,5600,CL46,32GB,32,0,0,0,0,0,0,0,0,0,0,0,0,0,0,129220,129220,0,0,0,0,0,0,0,0,0,126390,126390,126390,0,0
65303624,비즈텍 TREAVE 노트북 DDR5-5600 CL46,비즈텍 TREAVE 노트북,DDR5,5600,CL46,16GB,16,0,0,0,0,0,0,0,0,0,0,0,0,0,0,62350,62350,0,0,0,0,0,0,0,0,0,61180,61180,61180,0,0
5580667,삼성전자 DDR2-667 중고,삼성전자 DDR2-667 중고,0,0,0,2GB,2,3750,3750,3750,3750,3750,3750,0,0,0,0,0,0,0,0,0,0,0,0,0,0,0,3750,3750,3750,0,0,0,0,0,0
5580667,삼성전자 DDR2-667 중고,삼성전자 DDR2-667 중고,0,0,0,1GB,1,1620,1620,1620,1620,1620,1620,0,0,0,0,0,0,0,0,0,0,0,0,0,0,0,1620,1620,1620,0,0,0,0,0,0
5580669,삼성전자 DDR2-667 중고,삼성전자 DDR2-667 중고,0,0,0,2GB,2,0,0,0,0,0,0,3750,3750,3750,3750,3750,3750,3750,3750,3750,3750,3750,3750,3750,3750,3750,0,0,0,3750,3750,3750,3750,3750,3750
5580669,삼성전자 DDR2-667 중고,삼성전자 DDR2-667 중고,0,0,0,1GB,1,0,0,0,0,0,0,1620,1620,1620,1620,1620,1620,1620,1620,1620,1620,1620,1620,1620,1620,1620,0,0,0,1620,1620,1620,1620,1620,1620
744616,삼성전자 DDR2-800 중고,삼성전자 DDR2-800 중고,0,0,0,2GB,2,2190,2190,2190,2190,2190,2190,2190,2190,2190,2190,2190,2190,2190,2190,2190,2190,2190,2190,2190,2190,2190,2190,2190,2190,2190,2190,2190,2190,2190,2190
744616,삼성전자 DDR2-800 중고,삼성전자 DDR2-800 중고,0,0,0,1GB,1,1490,1490,1490,1490,1490,1490,1490,1490,1490,1490,1490,1490,1490,1490,1490,1490,1490,1490,1490,1490,1490,1490,1490,1490,1490,1490,1490,1490,1490,1500
5579844,삼성전자 DDR3-1066 중고,삼성전자 중고,DDR3,1066,0,4GB,4,10050,10050,10050,10050,10050,10050,10050,10050,10050,10050,10050,10050,10050,10050,10050,10050,10050,10050,10050,0,0,10050,9607,9607,9607,9607,9607,10050,10050,10050
5579844,삼성전자 DDR3-1066 중고,삼성전자 중고,DDR3,1066,0,2GB,2,1870,1870,1870,1880,1880,1880,1880,1880,1880,1880,1880,1890,1890,1890,1890,1890,1890,1890,1890,0,0,1890,1890,1890,1890,1890,1860,1870,1890,1870
5579844,삼성전자 DDR3-1066 중고,삼성전자 중고,DDR3,1066,0,1GB,1,1500,1500,1500,1500,1500,1500,1500,1500,1500,1500,1500,1490,1490,1490,1490,1490,1490,1490,1490,0,0,1490,1490,1490,1490,1490,1490,1490,1490,1490
5580431,삼성전자 DDR3-1066 중고,삼성전자 중고,DDR3,1066,0,4GB,4,0,0,0,0,0,0,0,0,0,0,0,0,0,0,0,0,0,0,0,10050,10050,0,0,0,0,0,0,0,0,0
5580431,삼성전자 DDR3-1066 중고,삼성전자 중고,DDR3,1066,0,2GB,2,0,0,0,0,0,0,0,0,0,0,0,0,0,0,0,0,0,0,0,1890,1890,0,0,0,0,0,0,0,0,0
5580431,삼성전자 DDR3-1066 중고,삼성전자 중고,DDR3,1066,0,1GB,1,0,0,0,0,0,0,0,0,0,0,0,0,0,0,0,0,0,0,0,1490,1490,0,0,0,0,0,0,0,0,0
5655412,삼성전자 DDR3-1333 ECC 중고,삼성전자 ECC 중고,DDR3,1333,0,8GB,8,0,0,0,0,0,0,0,0,0,12800,12800,12800,12800,12800,12800,12800,12800,0,0,0,0,0,0,0,0,0,0,0,12800,12800
12823511,삼성전자 DDR3-1333 ECC/REG 중고,삼성전자 ECC/REG 중고,DDR3,1333,0,8GB,8,8990,8990,8990,8990,8990,8990,8990,8990,8990,8990,8990,8990,8990,8990,8990,8990,8990,8990,8990,8990,8990,8990,8990,8990,8990,8990,8990,8990,8990,8990
1228209,삼성전자 DDR3-1333 방열판,삼성전자 방열판,DDR3,1333,0,4GB,4,38000,38000,38000,38000,38000,38000,38000,38000,38000,38000,0,0,0,0,0,0,38000,38000,38000,38000,38000,38000,38000,0,0,0,0,0,0,38000
843710,삼성전자 DDR3-1333 병행수입,삼성전자 병행수입,DDR3,1333,0,2GB,2,0,0,0,0,0,0,0,0,0,11800,11800,11800,11800,11800,11800,11800,0,0,0,0,0,0,0,0,0,0,0,0,11800,11800
5441273,삼성전자 DDR3-1333 중고,삼성전자 중고,DDR3,1333,0,8GB,8,22500,22500,22500,22500,22500,22500,22500,22500,22500,22500,22500,22500,23750,24000,24000,24000,24000,24000,24000,24000,24000,24000,24000,24000,24000,23250,23250,23250,23250,23250
5441273,삼성전자 DDR3-1333 중고,삼성전자 중고,DDR3,1333,0,4GB,4,2980,2970,2960,2990,2980,3140,3030,2940,3140,3020,2930,2770,2780,2780,2780,2800,2800,2800,2800,2800,2800,2800,2780,2820,2820,2810,2810,2800,2800,2790
5441273,삼성전자 DDR3-1333 중고,삼성전자 중고,DDR3,1333,0,2GB,2,1990,1990,1990,1990,1990,1990,1990,1990,1990,1990,1990,1890,1890,1890,1890,1890,1890,1890,1900,1900,1900,1900,1900,1890,1890,1890,1890,1890,1890,1890
5441273,삼성전자 DDR3-1333 중고,삼성전자 중고,DDR3,1333,0,1GB,1,1520,1520,1520,1520,1520,1520,1520,1520,1520,1520,1520,1620,1620,1620,1620,1620,1620,1620,1620,1620,1620,1620,1620,1620,1620,1620,1620,1600,1600,1600
1144692,삼성전자 DDR3-1333U 중고,삼성전자 -1333U 중고,DDR3,0,0,4GB,4,2930,2930,2930,3570,3570,3570,3570,3570,3570,3570,2930,2930,2930,2930,4390,4390,4390,4390,4390,4390,4390,4390,4390,4390,4390,4390,4390,4180,4180,0
1304396,삼성전자 DDR3-1600,삼성전자,DDR3,1600,0,4GB,4,3300,3300,3300,3300,3300,3300,3300,3300,3300,3300,3300,3300,3300,3300,3300,3300,3300,3300,3300,3300,3300,3300,3300,3300,3300,3300,3300,3300,3300,3300
5549199,삼성전자 DDR3-1600 ECC/REG LP 중고,삼성전자 ECC/REG LP 중고,DDR3,1600,0,16GB,16,17120,17010,16670,16640,16530,16410,16290,16170,16050,16480,16360,16240,16490,16490,16490,16490,16490,16490,16490,16000,15990,15990,15990,15470,15370,15350,15320,15220,15210,15180
15253352,삼성전자 DDR3-1600 ECC/REG 중고,삼성전자 ECC/REG 중고,DDR3,1600,0,16GB,16,13400,13400,13400,13400,13400,13400,13400,13400,13400,13400,13400,13400,13400,13400,13400,13400,13400,13400,13400,13400,13400,13400,13400,13400,13400,13400,13400,13400,13400,13400
15253352,삼성전자 DDR3-1600 ECC/REG 중고,삼성전자 ECC/REG 중고,DDR3,1600,0,8GB,8,12000,12000,12000,12000,12000,12000,12000,12000,12000,12000,12000,12000,11000,11000,11000,11000,11000,11000,11000,11000,11000,11000,11000,11000,11000,11000,11000,11000,11000,11000
12823325,삼성전자 DDR3-1600 ECC/Unbuffered 중고,삼성전자 ECC/Unbuffered 중고,DDR3,1600,0,8GB,8,31700,31680,31650,31550,31520,31400,31280,31160,31040,30920,30800,30680,31780,32290,32290,32290,32290,32290,32290,32290,32290,32290,32290,0,32220,32180,32160,0,0,0
12823325,삼성전자 DDR3-1600 ECC/Unbuffered 중고,삼성전자 ECC/Unbuffered 중고,DDR3,1600,0,4GB,4,0,0,0,0,0,0,0,0,0,0,0,0,0,0,0,0,0,0,0,28000,28000,28000,28000,0,28000,28000,28000,0,0,0
12823616,삼성전자 DDR3-1600 ECC/Unbuffered 중고,삼성전자 ECC/Unbuffered 중고,DDR3,1600,0,8GB,8,0,0,0,0,0,0,0,0,0,0,0,0,0,0,0,0,0,0,0,0,0,0,0,32240,0,0,0,32150,32140,32110
12823616,삼성전자 DDR3-1600 ECC/Unbuffered 중고,삼성전자 ECC/Unbuffered 중고,DDR3,1600,0,4GB,4,0,0,0,0,0,0,0,0,0,0,0,0,0,0,0,0,0,0,0,0,0,0,0,28000,0,0,0,28000,28000,28000
1772613,삼성전자 DDR3-1600 방열판,삼성전자 방열판,DDR3,1600,0,8GB,8,120430,120430,120430,120430,120430,120430,120430,120430,120430,120430,120430,0,0,0,120430,120430,120430,120430,120430,120430,120430,120430,120430,120430,120430,120430,120430,120430,120430,120430
1772613,삼성전자 DDR3-1600 방열판,삼성전자 방열판,DDR3,1600,0,4GB,4,21000,21000,21000,21000,21000,21000,21000,21000,21000,21000,21000,0,0,0,21000,21000,21000,21000,21000,21000,21000,21000,21000,21000,21000,21000,21000,21000,21000,21000
1772613,삼성전자 DDR3-1600 방열판,삼성전자 방열판,DDR3,1600,0,2GB,2,24700,24700,24700,24700,24700,24700,24700,24700,24700,24700,24700,0,0,0,24700,24700,24700,24700,24700,24700,24700,24700,24700,24700,24700,24700,24700,24700,24700,24700
1530917,삼성전자 DDR3-1600 방열판,삼성전자 방열판,DDR3,1600,0,8GB,8,0,0,0,0,0,0,0,0,0,0,0,120430,120430,120430,0,0,0,0,0,0,0,0,0,0,0,0,0,0,0,0
1530917,삼성전자 DDR3-1600 방열판,삼성전자 방열판,DDR3,1600,0,4GB,4,0,0,0,0,0,0,0,0,0,0,0,21000,21000,21000,0,0,0,0,0,0,0,0,0,0,0,0,0,0,0,0
1530917,삼성전자 DDR3-1600 방열판,삼성전자 방열판,DDR3,1600,0,2GB,2,0,0,0,0,0,0,0,0,0,0,0,24700,24700,24700,0,0,0,0,0,0,0,0,0,0,0,0,0,0,0,0
1792298,삼성전자 DDR3-1600 병행수입,삼성전자 병행수입,DDR3,1600,0,8GB,8,13880,13880,13880,13880,13880,13880,13880,13880,13880,13880,13880,13380,13500,13500,13500,13500,13500,13500,13500,13500,13500,13500,13500,13500,13500,13500,13500,13500,13500,13500
1792298,삼성전자 DDR3-1600 병행수입,삼성전자 병행수입,DDR3,1600,0,4GB,4,30000,30000,30000,30000,30000,30000,30000,30000,30000,30000,30000,30000,30000,30000,30000,30000,30000,30000,30000,30000,30000,30000,30000,30000,30000,30000,30000,30000,30000,30000
1792298,삼성전자 DDR3-1600 병행수입,삼성전자 병행수입,DDR3,1600,0,2GB,2,15000,15000,15000,15000,15000,15000,15000,15000,15000,15000,15000,15000,15000,15000,15000,15000,15000,15000,15000,15000,15000,15000,15000,15000,15000,15000,15000,15000,15000,15000
5549101,삼성전자 DDR3-1600 중고,삼성전자 중고,DDR3,1600,0,8GB,8,9730,9730,9730,9730,9740,9740,9630,9310,9100,9100,9100,9590,9390,9390,9390,9390,9390,9390,9190,9890,9890,9890,9890,9890,9770,9760,9460,8970,8770,8970
5549101,삼성전자 DDR3-1600 중고,삼성전자 중고,DDR3,1600,0,4GB,4,2500,2500,2500,2500,2500,2500,2500,2500,2500,2500,2500,2500,2500,2500,2500,2500,2500,2500,2500,2500,2500,2500,2500,2500,2500,2500,2500,2500,2500,2500
5549101,삼성전자 DDR3-1600 중고,삼성전자 중고,DDR3,1600,0,2GB,2,1500,1500,1500,1500,1500,1500,1500,1500,1500,1500,1500,1500,1500,1500,1500,1500,1500,1500,1500,1500,1500,1500,1500,1500,1500,1500,1500,1500,1500,1500
3201319,삼성전자 DDR4-2133 ECC/REG,삼성전자 ECC/REG,DDR4,2133,0,32GB,32,165000,165000,165000,165000,165000,165000,165000,165000,165000,165000,165000,165000,165000,165000,0,0,0,0,0,0,0,0,0,165000,165000,0,165000,0,0,0
3201319,삼성전자 DDR4-2133 ECC/REG,삼성전자 ECC/REG,DDR4,2133,0,16GB,16,145800,145800,145800,145800,145800,145800,145800,145800,145800,145800,145800,145800,145800,145800,0,0,0,0,0,0,0,0,0,145800,145800,0,145800,0,0,0
3201319,삼성전자 DDR4-2133 ECC/REG,삼성전자 ECC/REG,DDR4,2133,0,8GB,8,84000,84000,84000,84000,84000,84000,84000,84000,84000,84000,84000,84000,84000,84000,0,0,0,0,0,0,0,0,0,84000,84000,0,84000,0,0,0
3201268,삼성전자 DDR4-2133 ECC/REG,삼성전자 ECC/REG,DDR4,2133,0,32GB,32,0,0,0,0,0,0,0,0,0,0,0,0,0,0,165000,165000,165000,165000,0,0,0,0,0,0,0,0,0,0,0,0
3201268,삼성전자 DDR4-2133 ECC/REG,삼성전자 ECC/REG,DDR4,2133,0,16GB,16,0,0,0,0,0,0,0,0,0,0,0,0,0,0,145800,145800,145800,145800,0,0,0,0,0,0,0,0,0,0,0,0
3201268,삼성전자 DDR4-2133 ECC/REG,삼성전자 ECC/REG,DDR4,2133,0,8GB,8,0,0,0,0,0,0,0,0,0,0,0,0,0,0,84000,84000,84000,84000,0,0,0,0,0,0,0,0,0,0,0,0
5383117,삼성전자 DDR4-2133 ECC/REG,삼성전자 ECC/REG,DDR4,2133,0,32GB,32,0,0,0,0,0,0,0,0,0,0,0,0,0,0,0,0,0,0,165000,165000,165000,165000,165000,0,0,165000,0,165000,165000,165000
5383117,삼성전자 DDR4-2133 ECC/REG,삼성전자 ECC/REG,DDR4,2133,0,16GB,16,0,0,0,0,0,0,0,0,0,0,0,0,0,0,0,0,0,0,145800,145800,145800,145800,145800,0,0,145800,0,145800,145800,145800
5383117,삼성전자 DDR4-2133 ECC/REG,삼성전자 ECC/REG,DDR4,2133,0,8GB,8,0,0,0,0,0,0,0,0,0,0,0,0,0,0,0,0,0,0,84000,84000,84000,84000,84000,0,0,84000,0,84000,84000,84000
17190479,삼성전자 DDR4-2133 ECC/REG 중고,삼성전자 ECC/REG 중고,DDR4,2133,0,16GB,16,27900,27900,27900,27900,27900,27900,27900,27900,27900,27900,27900,27900,29450,29760,29760,29760,29760,29760,29760,29760,29760,29760,29760,29760,29760,28830,28830,28830,28830,28830
17288240,삼성전자 DDR4-2133 ECC/Unbuffered 중고,삼성전자 ECC/Unbuffered 중고,DDR4,2133,0,16GB,16,0,0,0,0,0,0,0,0,0,190000,190000,190000,190000,190000,190000,190000,0,0,0,0,0,0,0,0,0,0,0,0,0,0
5676841,삼성전자 DDR4-2133 중고,삼성전자 중고,DDR4,2133,0,16GB,16,41790,41780,41770,41740,41630,41510,41390,41970,41860,41740,41620,0,41990,41990,41990,0,0,41990,41990,43390,43390,43390,43390,0,43200,43110,43100,43090,43080,43070
5676841,삼성전자 DDR4-2133 중고,삼성전자 중고,DDR4,2133,0,8GB,8,15590,15590,15590,15590,15590,15590,15690,15690,15690,15690,15690,0,16470,16360,16240,0,0,16030,16030,16030,16030,16030,16030,0,16000,15930,15920,15910,15900,15870
5676841,삼성전자 DDR4-2133 중고,삼성전자 중고,DDR4,2133,0,4GB,4,5390,5390,5390,5390,5390,5390,5390,5390,5390,5390,5390,0,5390,4690,4690,0,0,4690,4690,4890,4890,4890,4890,0,4890,4890,4890,4890,4890,4890
12823709,삼성전자 DDR4-2133 중고,삼성전자 중고,DDR4,2133,0,16GB,16,0,0,0,0,0,0,0,0,0,0,0,41500,0,0,0,41990,41990,0,0,0,0,0,0,0,0,0,0,0,0,0
12823709,삼성전자 DDR4-2133 중고,삼성전자 중고,DDR4,2133,0,8GB,8,0,0,0,0,0,0,0,0,0,0,0,15690,0,0,0,16120,16000,0,0,0,0,0,0,0,0,0,0,0,0,0
12823709,삼성전자 DDR4-2133 중고,삼성전자 중고,DDR4,2133,0,4GB,4,0,0,0,0,0,0,0,0,0,0,0,5390,0,0,0,4690,4690,0,0,0,0,0,0,0,0,0,0,0,0,0
8165383,삼성전자 DDR4-2133 중고,삼성전자 중고,DDR4,2133,0,16GB,16,0,0,0,0,0,0,0,0,0,0,0,0,0,0,0,0,0,0,0,0,0,0,0,43310,0,0,0,0,0,0
8165383,삼성전자 DDR4-2133 중고,삼성전자 중고,DDR4,2133,0,8GB,8,0,0,0,0,0,0,0,0,0,0,0,0,0,0,0,0,0,0,0,0,0,0,0,15990,0,0,0,0,0,0
8165383,삼성전자 DDR4-2133 중고,삼성전자 중고,DDR4,2133,0,4GB,4,0,0,0,0,0,0,0,0,0,0,0,0,0,0,0,0,0,0,0,0,0,0,0,4890,0,0,0,0,0,0
4519874,삼성전자 DDR4-2400,삼성전자,DDR4,2400,0,16GB,16,43270,43260,0,0,43200,43090,0,0,0,0,0,0,0,0,0,0,0,0,44890,0,0,0,0,0,0,0,0,0,0,0
4519874,삼성전자 DDR4-2400,삼성전자,DDR4,2400,0,8GB,8,18090,18090,0,0,18050,17950,0,0,0,0,0,0,0,0,0,0,0,0,16200,0,0,0,0,0,0,0,0,0,0,0
4519874,삼성전자 DDR4-2400,삼성전자,DDR4,2400,0,4GB,4,7180,7180,0,0,7180,7180,0,0,0,0,0,0,0,0,0,0,0,0,7180,0,0,0,0,0,0,0,0,0,0,0
4343051,삼성전자 DDR4-2400,삼성전자,DDR4,2400,0,16GB,16,0,0,43250,43240,0,0,42970,42850,42730,42610,42490,42540,44690,44890,44890,44890,44890,44890,0,43890,43890,43890,43890,43840,43820,43780,43760,43750,43740,43730
4343051,삼성전자 DDR4-2400,삼성전자,DDR4,2400,0,8GB,8,0,0,18090,18090,0,0,17920,17800,17690,17690,18090,18060,17970,16200,16200,16200,16200,16200,0,16890,16890,16890,16890,16890,16890,16890,17090,17090,17090,17090
4343051,삼성전자 DDR4-2400,삼성전자,DDR4,2400,0,4GB,4,0,0,7180,7180,0,0,7180,7180,7180,7180,7180,7180,7180,7180,7180,7180,7180,7180,0,7180,6490,6490,6490,6490,6490,6490,6490,6490,6490,6490
5448638,삼성전자 DDR4-2400 ECC/REG,삼성전자 ECC/REG,DDR4,2400,0,32GB,32,67040,0,0,0,0,0,0,0,0,64700,64700,63600,0,0,0,0,0,0,63590,63590,0,0,0,0,0,0,0,0,0,0
5448638,삼성전자 DDR4-2400 ECC/REG,삼성전자 ECC/REG,DDR4,2400,0,16GB,16,45200,0,0,0,0,0,0,0,0,44210,44090,43970,0,0,0,0,0,0,43950,43500,0,0,0,0,0,0,0,0,0,0
5448638,삼성전자 DDR4-2400 ECC/REG,삼성전자 ECC/REG,DDR4,2400,0,8GB,8,89900,0,0,0,0,0,0,0,0,89900,89900,89900,0,0,0,0,0,0,89900,89900,0,0,0,0,0,0,0,0,0,0
5721713,삼성전자 DDR4-2400 ECC/REG,삼성전자 ECC/REG,DDR4,2400,0,32GB,32,0,67040,67040,67050,67050,65820,65820,65820,65810,0,0,0,63590,63590,63590,63590,63590,63590,0,0,63100,63100,63100,63100,63100,63100,62970,62890,62890,62890
5721713,삼성전자 DDR4-2400 ECC/REG,삼성전자 ECC/REG,DDR4,2400,0,16GB,16,0,45200,45200,45200,45200,42600,44420,44390,44330,0,0,0,43950,43950,43950,43950,43950,43950,0,0,43490,43490,43490,43450,43430,43390,43370,42840,42830,42800
5721713,삼성전자 DDR4-2400 ECC/REG,삼성전자 ECC/REG,DDR4,2400,0,8GB,8,0,89900,89900,89900,89900,89900,89900,89900,89900,0,0,0,89900,89900,89900,89900,89900,89900,0,0,89900,89900,89900,89900,89900,89900,89900,89900,89900,89900
17899715,삼성전자 DDR4-2400 ECC/REG 중고,삼성전자 ECC/REG 중고,DDR4,2400,0,32GB,32,0,0,99800,99800,99800,99800,99800,99800,99800,99800,0,0,0,0,0,0,0,0,0,0,99800,99800,99800,99800,99800,99800,99800,99800,99800,99800
17899715,삼성전자 DDR4-2400 ECC/REG 중고,삼성전자 ECC/REG 중고,DDR4,2400,0,16GB,16,0,0,48800,48800,48800,48800,48800,48800,48800,48800,0,0,0,0,0,0,0,0,0,0,48800,48800,48800,48800,48800,48800,48800,48800,48800,48800
11236449,삼성전자 DDR4-2400 중고,삼성전자 중고,DDR4,2400,0,16GB,16,39900,39900,42190,42190,42190,42190,42190,42190,42190,39900,39900,39900,39900,42090,42100,42100,42100,42100,42100,42000,42000,42000,42000,41990,41990,41990,41990,41990,41990,41990
11236449,삼성전자 DDR4-2400 중고,삼성전자 중고,DDR4,2400,0,8GB,8,15820,15820,15820,15820,15820,16470,16270,16150,16030,16470,16360,16240,16480,16450,16350,16320,16490,16490,16490,16490,16490,16490,16490,16470,16360,16270,16260,16230,16110,16000
11236449,삼성전자 DDR4-2400 중고,삼성전자 중고,DDR4,2400,0,4GB,4,5890,5860,5770,6110,6000,5880,5770,6110,6000,5880,5790,6020,6070,6130,6130,6130,6130,6130,6130,6130,6130,6130,6130,6030,5920,5830,5820,5810,5800,5790
5941995,삼성전자 DDR4-2666,삼성전자,DDR4,2666,0,16GB,16,42730,42630,42530,0,0,0,0,0,0,0,41850,0,0,0,0,0,0,42990,0,0,0,0,0,0,0,0,0,0,39980,0
5941995,삼성전자 DDR4-2666,삼성전자,DDR4,2666,0,8GB,8,20500,20800,20800,0,0,0,0,0,0,0,20800,0,0,0,0,0,0,20790,0,0,0,0,0,0,0,0,0,0,20790,0
5937666,삼성전자 DDR4-2666,삼성전자,DDR4,2666,0,16GB,16,0,0,0,42460,42360,42330,42210,42090,41970,41880,0,41730,42680,42990,42990,42990,42990,0,42990,42990,42990,42990,42990,42990,42990,42950,40850,40110,0,39900
5937666,삼성전자 DDR4-2666,삼성전자,DDR4,2666,0,8GB,8,0,0,0,20800,20800,20800,20800,20800,20800,20800,0,20800,20790,20790,20790,20790,20790,0,20790,20790,20790,20790,20790,20790,20790,20790,20790,20790,0,20790
6393108,삼성전자 DDR4-2666 ECC/REG,삼성전자 ECC/REG,DDR4,2666,0,32GB,32,67320,0,0,0,0,67140,67020,66900,66780,66660,66540,0,0,0,0,0,0,0,0,0,0,0,0,67510,0,0,0,0,0,0
6393108,삼성전자 DDR4-2666 ECC/REG,삼성전자 ECC/REG,DDR4,2666,0,16GB,16,36890,0,0,0,0,36510,36390,36270,37190,37160,37040,0,0,0,0,0,0,0,0,0,0,0,0,37130,0,0,0,0,0,0
6393108,삼성전자 DDR4-2666 ECC/REG,삼성전자 ECC/REG,DDR4,2666,0,8GB,8,33030,0,0,0,0,31090,31060,31060,31060,31060,31060,0,0,0,0,0,0,0,0,0,0,0,0,31090,0,0,0,0,0,0
10824564,삼성전자 DDR4-2666 ECC/REG,삼성전자 ECC/REG,DDR4,2666,0,32GB,32,0,67300,67290,67270,67170,0,0,0,0,0,0,66420,67310,67510,67510,67510,67510,67510,67510,67510,67510,67510,67510,0,67510,67510,67270,66820,66700,66580
10824564,삼성전자 DDR4-2666 ECC/REG,삼성전자 ECC/REG,DDR4,2666,0,16GB,16,0,36870,36840,36740,36630,0,0,0,0,0,0,36920,37190,37190,37190,37190,37190,37190,37190,37190,37190,37190,37190,0,37020,36990,36980,36840,36830,36820
10824564,삼성전자 DDR4-2666 ECC/REG,삼성전자 ECC/REG,DDR4,2666,0,8GB,8,0,31070,31060,31060,31060,0,0,0,0,0,0,31090,31090,31090,31090,31090,31090,31090,31090,31090,31090,31090,31090,0,31090,31070,31000,30990,30980,30970
17814587,삼성전자 DDR4-2666 ECC/Unbuffered,삼성전자 ECC/Unbuffered,DDR4,2666,0,32GB,32,240000,240000,240000,240000,240000,240000,0,0,0,0,0,0,0,0,0,0,0,0,0,0,0,0,0,0,0,0,0,0,0,0
17814587,삼성전자 DDR4-2666 ECC/Unbuffered,삼성전자 ECC/Unbuffered,DDR4,2666,0,16GB,16,210000,210000,210000,210000,210000,210000,0,0,0,0,0,0,0,0,0,0,0,0,0,0,0,0,0,0,0,0,0,0,0,0
17814587,삼성전자 DDR4-2666 ECC/Unbuffered,삼성전자 ECC/Unbuffered,DDR4,2666,0,8GB,8,88400,88400,88400,88400,88400,88400,0,0,0,0,0,0,0,0,0,0,0,0,0,0,0,0,0,0,0,0,0,0,0,0
11633126,삼성전자 DDR4-2666 ECC/Unbuffered,삼성전자 ECC/Unbuffered,DDR4,2666,0,32GB,32,0,0,0,0,0,0,240000,240000,240000,240000,240000,240000,240000,240000,240000,240000,240000,240000,240000,240000,240000,240000,240000,240000,240000,240000,240000,240000,240000,240000
11633126,삼성전자 DDR4-2666 ECC/Unbuffered,삼성전자 ECC/Unbuffered,DDR4,2666,0,16GB,16,0,0,0,0,0,0,210000,210000,210000,210000,210000,210000,210000,210000,210000,210000,210000,210000,210000,210000,210000,210000,210000,210000,210000,210000,210000,210000,210000,210000
11633126,삼성전자 DDR4-2666 ECC/Unbuffered,삼성전자 ECC/Unbuffered,DDR4,2666,0,8GB,8,0,0,0,0,0,0,88400,88400,88400,88400,88400,88400,88400,88400,88400,88400,88400,88400,88400,88400,88400,88400,88400,88400,88400,88400,88400,88400,88400,88400
8158972,삼성전자 DDR4-2666 중고,삼성전자 중고,DDR4,2666,0,32GB,32,89260,89260,89260,89260,89260,89300,89300,89300,89300,89300,89300,88330,88330,88330,88330,88330,88370,88370,0,88380,88380,88380,88340,91040,91040,91030,91030,91020,91020,88250
8158972,삼성전자 DDR4-2666 중고,삼성전자 중고,DDR4,2666,0,16GB,16,42890,42870,42840,42740,42640,42970,42860,42740,42650,42900,42780,42660,42990,42990,42990,42990,42990,42990,0,42990,42990,42990,42990,42940,42640,42000,40850,40140,40140,40140
8158972,삼성전자 DDR4-2666 중고,삼성전자 중고,DDR4,2666,0,8GB,8,17330,17300,17200,16490,17340,17160,17010,16540,16540,16540,16540,16540,16540,17030,17030,17030,17030,17030,0,17030,17020,17010,17020,17010,17010,17380,16910,16800,17380,17350
8158972,삼성전자 DDR4-2666 중고,삼성전자 중고,DDR4,2666,0,4GB,4,7130,7130,7130,7130,7130,7130,7130,7130,7130,7110,7110,7110,7120,7120,7120,7120,7120,7120,0,7120,7120,7120,7120,7110,7110,7110,6970,6970,6970,6970
16493414,삼성전자 DDR4-2666 중고,삼성전자 중고,DDR4,2666,0,32GB,32,0,0,0,0,0,0,0,0,0,0,0,0,0,0,0,0,0,0,88380,0,0,0,0,0,0,0,0,0,0,0
16493414,삼성전자 DDR4-2666 중고,삼성전자 중고,DDR4,2666,0,16GB,16,0,0,0,0,0,0,0,0,0,0,0,0,0,0,0,0,0,0,42990,0,0,0,0,0,0,0,0,0,0,0
16493414,삼성전자 DDR4-2666 중고,삼성전자 중고,DDR4,2666,0,8GB,8,0,0,0,0,0,0,0,0,0,0,0,0,0,0,0,0,0,0,17030,0,0,0,0,0,0,0,0,0,0,0
16493414,삼성전자 DDR4-2666 중고,삼성전자 중고,DDR4,2666,0,4GB,4,0,0,0,0,0,0,0,0,0,0,0,0,0,0,0,0,0,0,7120,0,0,0,0,0,0,0,0,0,0,0
11541992,삼성전자 DDR4-2933,삼성전자,DDR4,2933,0,32GB,32,111690,111690,111690,111690,111690,111690,111690,111690,111690,111690,111690,100530,106120,107240,107240,107240,107240,107240,107240,107240,107240,107240,107240,107240,107240,103890,103890,103890,103890,103890
11541992,삼성전자 DDR4-2933,삼성전자,DDR4,2933,0,16GB,16,74000,74000,74000,74000,74000,74000,74000,74000,74000,74000,74000,74000,74000,74000,74000,74000,74000,74000,74000,74000,74000,74000,74000,74000,74000,74000,74000,74000,74000,74000
11541992,삼성전자 DDR4-2933,삼성전자,DDR4,2933,0,8GB,8,39000,39000,39000,39000,39000,39000,39000,39000,39000,39000,39000,39000,39000,39000,39000,39000,39000,39000,39000,39000,39000,39000,39000,39000,39000,39000,0,0,0,0
12509051,삼성전자 DDR4-2933 ECC/REG,삼성전자 ECC/REG,DDR4,2933,0,128GB,128,1049990,1049990,1049990,1049990,1049990,1034980,0,0,0,0,0,0,0,0,0,0,0,0,0,0,0,0,0,0,0,0,0,1049530,1049520,1049490
12509051,삼성전자 DDR4-2933 ECC/REG,삼성전자 ECC/REG,DDR4,2933,0,64GB,64,218610,218610,218610,218610,218610,216300,0,0,0,0,0,0,0,0,0,0,0,0,0,0,0,0,0,0,0,0,0,216290,216290,216290
12509051,삼성전자 DDR4-2933 ECC/REG,삼성전자 ECC/REG,DDR4,2933,0,32GB,32,84490,84480,84640,84640,84640,79810,0,0,0,0,0,0,0,0,0,0,0,0,0,0,0,0,0,0,0,0,0,66900,66900,66900
12509051,삼성전자 DDR4-2933 ECC/REG,삼성전자 ECC/REG,DDR4,2933,0,16GB,16,50680,50680,50680,50680,50680,48580,0,0,0,0,0,0,0,0,0,0,0,0,0,0,0,0,0,0,0,0,0,42990,42990,42990
11541977,삼성전자 DDR4-2933 ECC/REG,삼성전자 ECC/REG,DDR4,2933,0,128GB,128,0,0,0,0,0,0,1034850,1034730,1034610,1034490,1034370,1034250,1049710,1049710,1049710,1049710,1049710,1049710,1049710,1049710,1049710,1049710,1049710,1049660,1049640,1049550,0,0,0,0
11541977,삼성전자 DDR4-2933 ECC/REG,삼성전자 ECC/REG,DDR4,2933,0,64GB,64,0,0,0,0,0,0,216300,216300,216290,216290,216290,216290,216290,216290,216290,216290,216290,216290,216290,216290,216290,216290,216290,216290,216290,216290,0,0,0,0
11541977,삼성전자 DDR4-2933 ECC/REG,삼성전자 ECC/REG,DDR4,2933,0,32GB,32,0,0,0,0,0,0,73500,73500,3490,3490,79810,72450,67200,67200,67200,67200,67200,67200,67200,67200,67200,67200,67200,67200,67200,67200,0,0,0,0
11541977,삼성전자 DDR4-2933 ECC/REG,삼성전자 ECC/REG,DDR4,2933,0,16GB,16,0,0,0,0,0,0,48580,48580,48570,48570,48570,48570,48570,42990,42990,42990,42990,42990,42990,42990,42990,42990,42990,42990,42990,42990,0,0,0,0
11541968,삼성전자 DDR4-2933 ECC/REG,삼성전자 ECC/REG,DDR4,2933,0,128GB,128,0,0,0,0,0,0,0,0,0,0,0,0,0,0,0,0,0,0,0,0,0,0,0,0,0,0,1049540,0,0,0
11541968,삼성전자 DDR4-2933 ECC/REG,삼성전자 ECC/REG,DDR4,2933,0,64GB,64,0,0,0,0,0,0,0,0,0,0,0,0,0,0,0,0,0,0,0,0,0,0,0,0,0,0,216290,0,0,0
11541968,삼성전자 DDR4-2933 ECC/REG,삼성전자 ECC/REG,DDR4,2933,0,32GB,32,0,0,0,0,0,0,0,0,0,0,0,0,0,0,0,0,0,0,0,0,0,0,0,0,0,0,67200,0,0,0
11541968,삼성전자 DDR4-2933 ECC/REG,삼성전자 ECC/REG,DDR4,2933,0,16GB,16,0,0,0,0,0,0,0,0,0,0,0,0,0,0,0,0,0,0,0,0,0,0,0,0,0,0,42990,0,0,0
13826867,삼성전자 DDR4-2933 ECC/Unbuffered,삼성전자 ECC/Unbuffered,DDR4,2933,0,32GB,32,225000,225000,225000,225000,225000,0,0,0,0,0,225000,225000,237500,240000,240000,240000,240000,240000,240000,240000,240000,240000,240000,240000,240000,232500,232500,232500,232500,232500
13826867,삼성전자 DDR4-2933 ECC/Unbuffered,삼성전자 ECC/Unbuffered,DDR4,2933,0,16GB,16,79830,79820,79810,79800,79760,0,0,0,0,0,79050,78930,80970,82260,82260,82260,82260,82260,82260,82260,82260,82260,82260,82210,82190,81020,82000,81880,81760,81660
13826867,삼성전자 DDR4-2933 ECC/Unbuffered,삼성전자 ECC/Unbuffered,DDR4,2933,0,8GB,8,46330,46330,46330,46330,46330,0,0,0,0,0,46330,46330,46330,46330,46330,46330,46330,46330,46330,46330,46330,46330,46330,46330,46330,46330,46330,46330,46330,46330
15798569,삼성전자 DDR4-2933 ECC/Unbuffered,삼성전자 ECC/Unbuffered,DDR4,2933,0,32GB,32,0,0,0,0,0,225000,225000,225000,225000,225000,0,0,0,0,0,0,0,0,0,0,0,0,0,0,0,0,0,0,0,0
15798569,삼성전자 DDR4-2933 ECC/Unbuffered,삼성전자 ECC/Unbuffered,DDR4,2933,0,16GB,16,0,0,0,0,0,79650,79530,79410,79290,79170,0,0,0,0,0,0,0,0,0,0,0,0,0,0,0,0,0,0,0,0
15798569,삼성전자 DDR4-2933 ECC/Unbuffered,삼성전자 ECC/Unbuffered,DDR4,2933,0,8GB,8,0,0,0,0,0,46330,46330,46330,46330,46330,0,0,0,0,0,0,0,0,0,0,0,0,0,0,0,0,0,0,0,0
11790199,삼성전자 DDR4-3200,삼성전자,DDR4,3200,0,32GB,32,90700,84740,90650,90650,90640,90630,90600,90600,90560,90560,90520,90480,90450,91390,91390,91390,91390,91390,91390,91390,91380,91380,90180,91370,91360,91190,91150,91100,91050,91050
11790199,삼성전자 DDR4-3200,삼성전자,DDR4,3200,0,16GB,16,42710,42710,42690,42690,42690,42690,42650,42650,42630,42610,42610,42590,42570,42530,42530,42530,42530,42530,42530,42510,42510,42510,42510,42490,42430,42370,42250,42200,42150,42140
11790199,삼성전자 DDR4-3200,삼성전자,DDR4,3200,0,8GB,8,22040,22020,22010,21980,21880,22710,22600,22540,22710,22040,21900,21870,20000,22730,22730,22730,22730,22730,22730,22700,22690,22690,22638,22350,21980,21970,21930,21850,21850,21840
11790199,삼성전자 DDR4-3200,삼성전자,DDR4,3200,0,4GB,4,19190,19170,19160,19130,19340,19340,19340,19340,19630,19600,19480,19360,19640,19640,19640,19640,19640,19640,19640,19640,16800,16800,16800,16800,16800,17760,17760,17760,17760,17760
13432970,삼성전자 DDR4-3200 ECC/REG,삼성전자 ECC/REG,DDR4,3200,0,128GB,128,905000,905000,905000,905000,905000,905000,905000,905000,905000,905000,905000,1109990,0,0,0,0,0,0,1109990,1109990,1109990,1109990,1109990,1109990,1109990,1097200,1109900,1109800,1109790,1109760
13432970,삼성전자 DDR4-3200 ECC/REG,삼성전자 ECC/REG,DDR4,3200,0,64GB,64,223600,223600,223600,223600,223600,221520,221520,221520,221510,221510,221510,221510,0,0,0,0,0,0,221510,221510,221510,221510,221510,221510,221510,221510,221510,221510,221510,221510
13432970,삼성전자 DDR4-3200 ECC/REG,삼성전자 ECC/REG,DDR4,3200,0,32GB,32,113990,113990,113990,113990,113990,113950,113840,113720,113660,113540,113420,113300,0,0,0,0,0,0,102410,102410,102410,102410,103890,103890,103890,103890,103890,102890,102890,102890
13432970,삼성전자 DDR4-3200 ECC/REG,삼성전자 ECC/REG,DDR4,3200,0,16GB,16,63990,63990,63990,63990,63990,63990,63990,63990,63990,63990,63990,63990,0,0,0,0,0,0,63990,63990,63990,63990,63990,63990,63990,63880,63870,63860,63850,63820
13432970,삼성전자 DDR4-3200 ECC/REG,삼성전자 ECC/REG,DDR4,3200,0,8GB,8,51180,51170,51160,51150,51120,51000,50880,50760,50640,50520,50400,50280,0,0,0,0,0,0,52950,52950,52950,52950,52950,52900,52880,51960,51880,51760,51640,51520
15753674,삼성전자 DDR4-3200 ECC/REG,삼성전자 ECC/REG,DDR4,3200,0,128GB,128,0,0,0,0,0,0,0,0,0,0,0,0,1109990,1109990,1109990,1109990,1109990,1109990,0,0,0,0,0,0,0,0,0,0,0,0
15753674,삼성전자 DDR4-3200 ECC/REG,삼성전자 ECC/REG,DDR4,3200,0,64GB,64,0,0,0,0,0,0,0,0,0,0,0,0,221510,221510,221510,221510,221510,221510,0,0,0,0,0,0,0,0,0,0,0,0
15753674,삼성전자 DDR4-3200 ECC/REG,삼성전자 ECC/REG,DDR4,3200,0,32GB,32,0,0,0,0,0,0,0,0,0,0,0,0,102410,102410,102410,102410,102410,102410,0,0,0,0,0,0,0,0,0,0,0,0
15753674,삼성전자 DDR4-3200 ECC/REG,삼성전자 ECC/REG,DDR4,3200,0,16GB,16,0,0,0,0,0,0,0,0,0,0,0,0,63990,63990,63990,63990,63990,63990,0,0,0,0,0,0,0,0,0,0,0,0
15753674,삼성전자 DDR4-3200 ECC/REG,삼성전자 ECC/REG,DDR4,3200,0,8GB,8,0,0,0,0,0,0,0,0,0,0,0,0,52260,52950,52950,52950,52950,52950,0,0,0,0,0,0,0,0,0,0,0,0
37693463,삼성전자 DDR4-3200 ECC/Unbuffered,삼성전자 ECC/Unbuffered,DDR4,3200,0,32GB,32,239990,239990,239990,239990,239990,240000,240000,240000,240000,240000,240000,240000,240000,240000,240000,240000,240000,240000,240000,240000,240000,240000,240000,240000,240000,240000,240000,240000,240000,240000
16126766,삼성전자 DDR4-3200 중고,삼성전자 중고,DDR4,3200,0,32GB,32,88770,88770,88770,88770,88770,0,0,0,0,0,0,0,0,0,0,0,0,0,0,0,0,0,0,88770,88770,88770,88770,88770,88770,88770
16126766,삼성전자 DDR4-3200 중고,삼성전자 중고,DDR4,3200,0,16GB,16,39900,39900,39900,39900,39900,0,0,0,0,0,0,0,0,0,0,0,0,0,0,0,0,0,0,39900,39900,39900,39900,39900,39900,39900
16126766,삼성전자 DDR4-3200 중고,삼성전자 중고,DDR4,3200,0,8GB,8,19900,19900,19900,19900,19900,0,0,0,0,0,0,0,0,0,0,0,0,0,0,0,0,0,0,19900,19900,19900,19900,19900,19900,19900
16126766,삼성전자 DDR4-3200 중고,삼성전자 중고,DDR4,3200,0,4GB,4,19200,18140,18140,18140,18140,0,0,0,0,0,0,0,0,0,0,0,0,0,0,0,0,0,0,21200,21200,21200,21200,21200,21200,21200
15578048,삼성전자 DDR4-3200 중고,삼성전자 중고,DDR4,3200,0,32GB,32,0,0,0,0,0,88770,88770,88770,88770,88770,88770,88770,88770,88770,88770,88770,88770,88770,88780,88780,88780,88780,88780,0,0,0,0,0,0,0
15578048,삼성전자 DDR4-3200 중고,삼성전자 중고,DDR4,3200,0,16GB,16,0,0,0,0,0,39900,39900,39900,39900,39900,39900,39900,39900,39900,39900,39900,39900,39900,39900,39900,39900,39900,39900,0,0,0,0,0,0,0
15578048,삼성전자 DDR4-3200 중고,삼성전자 중고,DDR4,3200,0,8GB,8,0,0,0,0,0,19900,19900,19900,19900,19900,19900,19900,19900,19900,19900,19900,19900,19900,19900,19900,19900,19900,19900,0,0,0,0,0,0,0
15578048,삼성전자 DDR4-3200 중고,삼성전자 중고,DDR4,3200,0,4GB,4,0,0,0,0,0,18140,18140,18140,18140,18140,21200,21200,21200,21200,21200,21200,21200,21200,21200,21200,21200,21200,21200,0,0,0,0,0,0,0
15764342,삼성전자 DDR5-4800,삼성전자,DDR5,4800,0,32GB,32,128990,128980,128970,128960,129200,129200,129200,129200,129190,128170,127650,0,127640,127640,127640,0,0,0,0,0,0,0,0,0,0,0,0,0,0,0
15764342,삼성전자 DDR5-4800,삼성전자,DDR5,4800,0,16GB,16,77870,71250,74400,74400,74400,74400,74400,74400,74400,74400,77850,0,79890,79890,79890,0,0,0,0,0,0,0,0,0,0,0,0,0,0,0
15764342,삼성전자 DDR5-4800,삼성전자,DDR5,4800,0,8GB,8,39000,39000,39000,39000,39000,39000,39000,39000,39000,39000,39000,0,39000,39000,39000,0,0,0,0,0,0,0,0,0,0,0,0,0,0,0
15759071,삼성전자 DDR5-4800,삼성전자,DDR5,4800,0,32GB,32,0,0,0,0,0,0,0,0,0,0,0,127650,0,0,0,0,0,0,0,127440,127440,0,0,0,0,0,119890,119890,119890,119890
15759071,삼성전자 DDR5-4800,삼성전자,DDR5,4800,0,16GB,16,0,0,0,0,0,0,0,0,0,0,0,77860,0,0,0,0,0,0,0,79890,79900,0,0,0,0,0,78610,77240,77240,77240
15759071,삼성전자 DDR5-4800,삼성전자,DDR5,4800,0,8GB,8,0,0,0,0,0,0,0,0,0,0,0,39000,0,0,0,0,0,0,0,46470,46470,0,0,0,0,0,49600,49000,49000,49000
16388927,삼성전자 DDR5-4800,삼성전자,DDR5,4800,0,32GB,32,0,0,0,0,0,0,0,0,0,0,0,0,0,0,0,127640,127640,127640,127640,0,0,126340,126340,126290,119890,119890,0,0,0,0
16388927,삼성전자 DDR5-4800,삼성전자,DDR5,4800,0,16GB,16,0,0,0,0,0,0,0,0,0,0,0,0,0,0,0,79890,79890,79890,79890,0,0,79900,79900,79900,79900,79900,0,0,0,0
16388927,삼성전자 DDR5-4800,삼성전자,DDR5,4800,0,8GB,8,0,0,0,0,0,0,0,0,0,0,0,0,0,0,0,39000,39000,39000,46470,0,0,46470,49120,49610,49610,49610,0,0,0,0
21678638,삼성전자 DDR5-4800 ECC/REG,삼성전자 ECC/REG,DDR5,4800,0,64GB,64,404550,290630,0,0,0,0,0,0,0,0,0,0,0,0,404720,404720,404720,404720,0,0,0,0,0,0,0,0,0,0,0,0
21678638,삼성전자 DDR5-4800 ECC/REG,삼성전자 ECC/REG,DDR5,4800,0,32GB,32,191450,191450,0,0,0,0,0,0,0,0,0,0,0,0,191450,191450,191450,191450,0,0,0,0,0,0,0,0,0,0,0,0
21678638,삼성전자 DDR5-4800 ECC/REG,삼성전자 ECC/REG,DDR5,4800,0,16GB,16,114150,114150,0,0,0,0,0,0,0,0,0,0,0,0,114150,114150,114150,114150,0,0,0,0,0,0,0,0,0,0,0,0
21678716,삼성전자 DDR5-4800 ECC/REG,삼성전자 ECC/REG,DDR5,4800,0,64GB,64,0,0,404550,404550,404550,403000,403000,403000,402990,402990,402990,402990,404720,404720,0,0,0,0,404720,404720,404720,404720,404720,404720,404560,404560,404560,404560,404560,404560
21678716,삼성전자 DDR5-4800 ECC/REG,삼성전자 ECC/REG,DDR5,4800,0,32GB,32,0,0,191450,191450,191450,189900,189900,189900,189890,189890,189890,189890,191450,191450,0,0,0,0,191450,191450,191450,191450,191450,191450,191450,191450,191450,191450,191450,191450
21678716,삼성전자 DDR5-4800 ECC/REG,삼성전자 ECC/REG,DDR5,4800,0,16GB,16,0,0,114150,114150,114150,114150,114150,114150,114150,114150,114150,114150,114150,114150,0,0,0,0,114150,114150,114150,114150,114150,114150,114150,114150,114150,114150,114150,114150
16390262,삼성전자 DDR5-4800 병행수입,삼성전자 병행수입,DDR5,4800,0,32GB,32,134620,134620,134620,134620,133100,132560,132050,132040,132040,131500,131270,131270,130960,130420,131270,131270,131270,131270,131270,130840,130630,130630,130630,130310,129000,129000,129000,129000,129000,129000
16390262,삼성전자 DDR5-4800 병행수입,삼성전자 병행수입,DDR5,4800,0,16GB,16,77660,77660,79380,78850,78850,78850,78850,78850,78850,78850,79400,79400,79400,85300,85300,85300,85300,85300,85300,85300,81990,81990,81990,85300,85300,85300,85300,85300,85300,85300
16903703,삼성전자 DDR5-4800 패키지 병행수입,삼성전자 패키지 병행수입,DDR5,4800,0,32GB(16GX2),32,257130,257130,257130,257130,257130,257130,257130,257130,257130,257130,257130,257130,270660,270660,270660,0,0,0,0,0,0,0,0,0,0,0,0,0,0,0
18911780,삼성전자 DDR5-5600,삼성전자,DDR5,5600,0,32GB,32,129550,129550,129350,129350,129040,128520,0,0,0,0,0,0,0,0,0,126920,126920,126920,126920,126910,126920,126920,125876,126920,126900,126930,125900,125800,125790,125710
18911780,삼성전자 DDR5-5600,삼성전자,DDR5,5600,0,16GB,16,61430,61430,61430,61880,61250,60520,0,0,0,0,0,0,0,0,0,58890,58890,58890,58890,58890,58890,58890,58660,58500,57000,56240,54610,53580,53580,53580
18911780,삼성전자 DDR5-5600,삼성전자,DDR5,5600,0,8GB,8,36880,36760,36660,36630,36520,36460,0,0,0,0,0,0,0,0,0,35830,35830,35830,35830,36430,36420,36420,36420,36420,36400,35990,35940,35750,35310,34940
20644043,삼성전자 DDR5-5600,삼성전자,DDR5,5600,0,32GB,32,0,0,0,0,0,0,127790,127790,127580,127380,127160,126960,126940,126920,126920,0,0,0,0,0,0,0,0,0,0,0,0,0,0,0
20644043,삼성전자 DDR5-5600,삼성전자,DDR5,5600,0,16GB,16,0,0,0,0,0,0,60200,60200,60000,58980,58930,58930,58910,58890,58890,0,0,0,0,0,0,0,0,0,0,0,0,0,0,0
20644043,삼성전자 DDR5-5600,삼성전자,DDR5,5600,0,8GB,8,0,0,0,0,0,0,36340,36220,36840,36840,35840,35840,35830,35830,35830,0,0,0,0,0,0,0,0,0,0,0,0,0,0,0
5580681,삼성전자 노트북 DDR2-533 중고,삼성전자 노트북 DDR2-533 중고,0,0,0,1GB,1,0,0,0,0,0,0,0,0,0,0,0,0,6440,6440,6440,6440,6440,6440,6440,6440,6440,6440,6440,6440,6440,6440,6440,6440,0,0
5580847,삼성전자 노트북 DDR2-667 병행수입,삼성전자 노트북 DDR2-667 병행수입,0,0,0,2GB,2,0,0,0,0,0,0,0,0,0,0,0,18000,18000,18000,18000,18000,18000,18000,18000,18000,18000,18000,18000,18000,18000,18000,0,18000,18000,18000
863361,삼성전자 노트북 DDR2-667 중고,삼성전자 노트북 DDR2-667 중고,0,0,0,2GB,2,4500,4500,4500,4500,4500,4500,4500,4500,4500,4500,4500,4500,4500,4500,4500,4500,4500,4500,4500,4500,4500,4500,4500,4500,4500,4500,4500,4500,4500,4500
863346,삼성전자 노트북 DDR2-800 중고,삼성전자 노트북 DDR2-800 중고,0,0,0,2GB,2,4000,4000,4000,4000,4000,4000,4000,4000,4000,4000,4000,4000,4000,4000,4000,4000,4000,4000,4000,4000,4000,4000,4000,4000,4000,4000,4000,4000,4000,4000
863346,삼성전자 노트북 DDR2-800 중고,삼성전자 노트북 DDR2-800 중고,0,0,0,1GB,1,1700,1700,1700,1720,1720,1720,1720,1720,1720,1720,1720,1720,1720,1720,1720,1720,1720,1720,1720,1720,1720,1720,1720,1720,1720,1720,1720,1720,1720,1720
1522397,삼성전자 노트북 DDR3-1066 병행수입,삼성전자 노트북 병행수입,DDR3,1066,0,4GB,4,14300,14300,14300,14300,14300,14300,14300,14300,14300,14300,14300,15170,15170,15170,15170,15170,15170,15170,15170,15170,15170,15170,15170,15170,15170,15170,15160,15160,15160,15160
1522397,삼성전자 노트북 DDR3-1066 병행수입,삼성전자 노트북 병행수입,DDR3,1066,0,2GB,2,7560,7560,7560,7560,7560,7560,7560,7560,7560,7560,7560,7560,7560,7560,7560,7560,7560,7560,7560,7560,7560,7560,7560,7560,7560,7560,7560,7560,7560,7560
1522397,삼성전자 노트북 DDR3-1066 병행수입,삼성전자 노트북 병행수입,DDR3,1066,0,1GB,1,12900,12900,12900,12900,12900,12900,12900,12900,12900,12900,12900,12900,12900,12900,12900,12900,12900,12900,12900,12900,12900,12900,12900,12900,12900,12900,12900,12900,12900,12900
5579854,삼성전자 노트북 DDR3-1066 중고,삼성전자 노트북 중고,DDR3,1066,0,4GB,4,8370,8370,8370,0,0,0,0,0,0,0,8370,8370,8840,8930,8930,8930,8930,8930,8930,8930,8930,8930,8930,8930,0,0,0,0,0,0
5579854,삼성전자 노트북 DDR3-1066 중고,삼성전자 노트북 중고,DDR3,1066,0,2GB,2,2280,2260,2250,0,0,0,0,0,0,0,2160,2140,2240,2270,2270,2270,2270,2270,2270,2270,2270,2270,2270,2220,0,0,0,0,0,0
5579854,삼성전자 노트북 DDR3-1066 중고,삼성전자 노트북 중고,DDR3,1066,0,1GB,1,1500,1500,1500,0,0,0,0,0,0,0,1500,1490,1490,1490,1490,1490,1490,1490,1490,1490,1490,1490,1490,1490,0,0,0,0,0,0
5580447,삼성전자 노트북 DDR3-1066 중고,삼성전자 노트북 중고,DDR3,1066,0,4GB,4,0,0,0,8370,8370,8370,8370,8370,8370,8370,0,0,0,0,0,0,0,0,0,0,0,0,0,0,8930,14190,14190,14190,14190,14190
5580447,삼성전자 노트북 DDR3-1066 중고,삼성전자 노트북 중고,DDR3,1066,0,2GB,2,0,0,0,2250,2290,2260,2270,2290,2260,2270,0,0,0,0,0,0,0,0,0,0,0,0,0,0,2200,2160,2140,2140,2290,2280
5580447,삼성전자 노트북 DDR3-1066 중고,삼성전자 노트북 중고,DDR3,1066,0,1GB,1,0,0,0,1500,1500,1500,1500,1500,1500,1500,0,0,0,0,0,0,0,0,0,0,0,0,0,0,1490,1490,1490,1490,1490,1490
1719949,삼성전자 노트북 DDR3-1333 병행수입,삼성전자 노트북 병행수입,DDR3,1333,0,8GB,8,99000,99000,0,0,0,0,0,0,0,99000,99000,99000,99000,99000,99000,99000,99000,99000,99000,99000,99000,99000,99000,99000,0,0,0,0,0,0
1719949,삼성전자 노트북 DDR3-1333 병행수입,삼성전자 노트북 병행수입,DDR3,1333,0,4GB,4,25000,25000,0,0,0,0,0,0,0,25000,25000,25000,25000,25000,25000,25000,25000,25000,25000,25000,25000,25000,25000,25000,0,0,0,0,0,0
1719949,삼성전자 노트북 DDR3-1333 병행수입,삼성전자 노트북 병행수입,DDR3,1333,0,2GB,2,13400,13400,0,0,0,0,0,0,0,13400,13400,13400,13400,13400,13400,13400,13400,13400,13400,13400,13400,13400,13400,13400,0,0,0,0,0,0
1719949,삼성전자 노트북 DDR3-1333 병행수입,삼성전자 노트북 병행수입,DDR3,1333,0,1GB,1,26000,26000,0,0,0,0,0,0,0,26000,26000,26000,26000,26000,26000,26000,26000,26000,26000,26000,26000,26000,26000,26000,0,0,0,0,0,0
949437,삼성전자 노트북 DDR3-1333 병행수입,삼성전자 노트북 병행수입,DDR3,1333,0,8GB,8,0,0,99000,99000,99000,99000,99000,99000,99000,0,0,0,0,0,0,0,0,0,0,0,0,0,0,0,99000,99000,99000,99000,99000,99000
949437,삼성전자 노트북 DDR3-1333 병행수입,삼성전자 노트북 병행수입,DDR3,1333,0,4GB,4,0,0,25000,25000,25000,25000,25000,25000,25000,0,0,0,0,0,0,0,0,0,0,0,0,0,0,0,25000,25000,25000,25000,25000,25000
949437,삼성전자 노트북 DDR3-1333 병행수입,삼성전자 노트북 병행수입,DDR3,1333,0,2GB,2,0,0,13400,13400,13400,13400,13400,13400,13400,0,0,0,0,0,0,0,0,0,0,0,0,0,0,0,13400,13400,13400,13400,13400,13400
949437,삼성전자 노트북 DDR3-1333 병행수입,삼성전자 노트북 병행수입,DDR3,1333,0,1GB,1,0,0,26000,26000,26000,26000,26000,26000,26000,0,0,0,0,0,0,0,0,0,0,0,0,0,0,0,26000,26000,26000,26000,26000,26000
5546469,삼성전자 노트북 DDR3-1333 중고,삼성전자 노트북 중고,DDR3,1333,0,8GB,8,119800,119800,119800,119800,119800,119800,119800,119800,119800,119800,119800,119800,119800,119800,119800,119800,119800,119800,119800,119800,119800,119800,119800,119800,119800,119800,119800,119800,119800,119800
5546469,삼성전자 노트북 DDR3-1333 중고,삼성전자 노트북 중고,DDR3,1333,0,4GB,4,3890,3890,3890,3890,3890,3890,3890,3890,3890,3890,3890,3890,3890,3890,3890,3890,3890,3890,3890,3890,3890,3890,3890,3870,3870,3870,3870,3870,3870,3870
5546469,삼성전자 노트북 DDR3-1333 중고,삼성전자 노트북 중고,DDR3,1333,0,2GB,2,2400,2370,2400,2320,2420,2390,2420,2390,2410,2320,2420,2400,2420,2420,2420,2420,2420,2420,2420,2420,2420,2420,2420,2370,2350,2320,2410,2400,2390,2380
5546469,삼성전자 노트북 DDR3-1333 중고,삼성전자 노트북 중고,DDR3,1333,0,1GB,1,1500,1500,1500,1500,1500,1500,1500,1500,1500,1500,1500,1490,1490,1490,1490,1490,1490,1490,1490,1490,1490,1490,1490,1490,1490,1490,1490,1490,1490,1490
2568994,삼성전자 노트북 DDR3-1600 1.35V,삼성전자 노트북 1.35V,DDR3,1600,0,4GB,4,5450,5450,5430,5410,6230,6200,6270,6150,6260,6150,6240,6230,6140,6060,6130,6060,6060,6140,6110,6230,6120,6050,6050,6230,6140,6170,6130,6130,6130,6120
2747282,삼성전자 노트북 DDR3-1600 1.35V 병행수입,삼성전자 노트북 1.35V 병행수입,DDR3,1600,0,8GB,8,0,0,57000,57000,57000,57000,57000,57000,57000,57000,57000,57000,57000,57000,57000,57000,57000,57000,57000,57000,57000,57000,57000,57000,57000,57000,57000,0,57000,57000
14183372,삼성전자 노트북 DDR3-1600 1.35V 중고,삼성전자 노트북 1.35V 중고,DDR3,1600,0,8GB,8,14300,14300,14300,14900,14900,14900,14900,14900,14900,14900,14900,11990,11990,11990,11990,11990,11990,11990,11990,11990,11990,11990,11990,11990,11990,11990,11990,11990,11990,11990
14183372,삼성전자 노트북 DDR3-1600 1.35V 중고,삼성전자 노트북 1.35V 중고,DDR3,1600,0,4GB,4,4900,4900,4900,4900,4900,4900,4900,4900,4900,4900,4900,4490,4400,4400,4400,4400,4400,4400,4400,4390,4390,4390,4390,4390,4390,4390,4390,4390,4390,4390
1719958,삼성전자 노트북 DDR3-1600 병행수입,삼성전자 노트북 병행수입,DDR3,1600,0,8GB,8,48000,0,48000,48000,48000,48000,48000,48000,48000,48000,48000,48000,48000,48000,48000,48000,48000,48000,48000,48000,48000,48000,48000,48000,48000,48000,48000,48000,48000,48000
1719958,삼성전자 노트북 DDR3-1600 병행수입,삼성전자 노트북 병행수입,DDR3,1600,0,4GB,4,25900,0,25900,25900,25900,25900,25900,25900,25900,25900,25900,25900,25900,25900,25900,25900,25900,25900,25900,25900,25900,25900,25900,25900,25900,25900,25900,25900,25900,25900
1719958,삼성전자 노트북 DDR3-1600 병행수입,삼성전자 노트북 병행수입,DDR3,1600,0,2GB,2,19700,0,19700,19700,19700,19700,19700,19700,19700,19700,19700,19700,19700,19700,19700,19700,19700,19700,19700,19700,19700,19700,19700,19700,19700,19700,19700,19700,19700,19700
1601504,삼성전자 노트북 DDR3-1600 병행수입,삼성전자 노트북 병행수입,DDR3,1600,0,8GB,8,0,48000,0,0,0,0,0,0,0,0,0,0,0,0,0,0,0,0,0,0,0,0,0,0,0,0,0,0,0,0
1601504,삼성전자 노트북 DDR3-1600 병행수입,삼성전자 노트북 병행수입,DDR3,1600,0,4GB,4,0,25900,0,0,0,0,0,0,0,0,0,0,0,0,0,0,0,0,0,0,0,0,0,0,0,0,0,0,0,0
1601504,삼성전자 노트북 DDR3-1600 병행수입,삼성전자 노트북 병행수입,DDR3,1600,0,2GB,2,0,19700,0,0,0,0,0,0,0,0,0,0,0,0,0,0,0,0,0,0,0,0,0,0,0,0,0,0,0,0
5548947,삼성전자 노트북 DDR3-1600 중고,삼성전자 노트북 중고,DDR3,1600,0,8GB,8,18680,18680,18680,18680,18680,18680,18680,18680,18680,18680,18680,16000,16000,16000,16000,16000,16000,16000,16000,14400,14400,14400,0,0,0,0,0,0,0,0
5548947,삼성전자 노트북 DDR3-1600 중고,삼성전자 노트북 중고,DDR3,1600,0,4GB,4,4310,4310,4310,4280,4280,4280,4280,4280,4280,4050,4050,4050,4050,4050,4050,4050,4050,4050,4050,4050,4040,4040,0,0,0,0,0,0,0,0
5548947,삼성전자 노트북 DDR3-1600 중고,삼성전자 노트북 중고,DDR3,1600,0,2GB,2,2590,2590,2590,2590,2590,2590,2590,2590,2590,2590,2590,2590,2590,2590,2590,2590,2590,2590,2590,2590,2590,2590,0,0,0,0,0,0,0,0
5549011,삼성전자 노트북 DDR3-1600 중고,삼성전자 노트북 중고,DDR3,1600,0,8GB,8,0,0,0,0,0,0,0,0,0,0,0,0,0,0,0,0,0,0,0,0,0,0,14400,14400,14400,14400,14400,14400,14400,14400
5549011,삼성전자 노트북 DDR3-1600 중고,삼성전자 노트북 중고,DDR3,1600,0,4GB,4,0,0,0,0,0,0,0,0,0,0,0,0,0,0,0,0,0,0,0,0,0,0,4040,4040,4040,4040,4040,4040,4040,4040
5549011,삼성전자 노트북 DDR3-1600 중고,삼성전자 노트북 중고,DDR3,1600,0,2GB,2,0,0,0,0,0,0,0,0,0,0,0,0,0,0,0,0,0,0,0,0,0,0,2590,2590,2590,2590,2590,2590,2590,2590
3493083,삼성전자 노트북 DDR4-2133,삼성전자 노트북,DDR4,2133,0,16GB,16,54030,54010,54000,53990,53980,53970,53960,53950,53940,0,0,0,53900,53890,53880,53870,53860,53850,53840,0,53820,53810,0,53750,53740,53730,53720,53710,53700,53690
3493083,삼성전자 노트북 DDR4-2133,삼성전자 노트북,DDR4,2133,0,8GB,8,20580,20580,20580,20580,20580,20580,20580,20580,20580,0,0,0,20590,20590,20590,20590,20590,20590,20590,0,20590,20590,0,20590,20580,21490,21490,21490,21490,21490
4001196,삼성전자 노트북 DDR4-2133,삼성전자 노트북,DDR4,2133,0,16GB,16,0,0,0,0,0,0,0,0,0,53930,53920,53910,0,0,0,0,0,0,0,53830,0,0,53800,0,0,0,0,0,0,0
4001196,삼성전자 노트북 DDR4-2133,삼성전자 노트북,DDR4,2133,0,8GB,8,0,0,0,0,0,0,0,0,0,20580,20580,20580,0,0,0,0,0,0,0,20590,0,0,20590,0,0,0,0,0,0,0
12970748,삼성전자 노트북 DDR4-2133 중고,삼성전자 노트북 중고,DDR4,2133,0,16GB,16,222330,222330,222330,222330,222330,222330,222330,222330,222330,222330,222330,222330,222330,222330,222330,222330,0,0,0,0,0,0,0,52770,52770,0,0,0,0,0
12970748,삼성전자 노트북 DDR4-2133 중고,삼성전자 노트북 중고,DDR4,2133,0,8GB,8,17490,17490,17500,17500,17500,17500,17500,17500,17500,17500,17500,17500,17500,17500,17500,17500,0,0,0,0,0,0,0,17500,17500,0,0,0,0,0
12970748,삼성전자 노트북 DDR4-2133 중고,삼성전자 노트북 중고,DDR4,2133,0,4GB,4,11270,11240,11140,11130,11110,11470,11360,11240,11120,11470,11360,11170,11490,11490,11490,11490,0,0,0,0,0,0,0,11440,11420,0,0,0,0,0
14130377,삼성전자 노트북 DDR4-2133 중고,삼성전자 노트북 중고,DDR4,2133,0,16GB,16,0,0,0,0,0,0,0,0,0,0,0,0,0,0,0,0,222330,222330,222330,52770,52770,53040,53040,0,0,52770,52770,52770,52770,52770
14130377,삼성전자 노트북 DDR4-2133 중고,삼성전자 노트북 중고,DDR4,2133,0,8GB,8,0,0,0,0,0,0,0,0,0,0,0,0,0,0,0,0,17500,17500,17500,17500,17500,17500,17500,0,0,17500,17490,17490,17490,17490
14130377,삼성전자 노트북 DDR4-2133 중고,삼성전자 노트북 중고,DDR4,2133,0,4GB,4,0,0,0,0,0,0,0,0,0,0,0,0,0,0,0,0,11490,11490,11490,11490,11490,11490,11490,0,0,11330,11320,11310,11300,11290
5202059,삼성전자 노트북 DDR4-2400,삼성전자 노트북,DDR4,2400,0,16GB,16,41400,41400,41400,41400,41400,41400,41400,41400,41400,41400,41400,41400,41400,41400,41400,41400,41400,41400,41400,41400,40990,40990,40990,40890,40890,40890,40890,40890,40890,40890
5202059,삼성전자 노트북 DDR4-2400,삼성전자 노트북,DDR4,2400,0,8GB,8,18800,18800,18510,18400,18290,18170,18050,18040,18360,18230,18120,18240,18530,18530,18530,18530,18530,18530,18530,18530,18530,18530,18510,18450,18430,18330,18300,18200,18190,18180
5202059,삼성전자 노트북 DDR4-2400,삼성전자 노트북,DDR4,2400,0,4GB,4,12290,11900,11670,11660,11660,11660,11660,11660,11660,11660,11670,11670,11670,11670,11670,11670,11670,11670,11670,11670,11670,11670,11670,11770,11760,11760,11760,11760,11760,11760
15481538,삼성전자 노트북 DDR4-2400 중고,삼성전자 노트북 중고,DDR4,2400,0,16GB,16,38640,38610,38510,38500,38470,38350,38230,38110,37990,37900,37830,37820,38490,38400,38390,38390,38390,38390,38390,0,0,0,0,0,0,0,37970,37860,37740,37620
15481538,삼성전자 노트북 DDR4-2400 중고,삼성전자 노트북 중고,DDR4,2400,0,8GB,8,16920,16900,17040,17010,16900,16780,16660,16540,16430,16920,16950,16950,18000,17990,17990,17990,17990,17990,17990,0,0,0,0,0,0,0,17590,17590,17590,17590
15481538,삼성전자 노트북 DDR4-2400 중고,삼성전자 노트북 중고,DDR4,2400,0,4GB,4,11890,11880,11670,11660,11660,11660,11660,11660,11660,11660,11660,11660,11660,11650,11650,11650,11650,11650,11650,0,0,0,0,0,0,0,11630,11620,11620,11620
16844816,삼성전자 노트북 DDR4-2400 중고,삼성전자 노트북 중고,DDR4,2400,0,16GB,16,0,0,0,0,0,0,0,0,0,0,0,0,0,0,0,0,0,0,0,38300,38290,38290,38290,38200,38100,38090,0,0,0,0
16844816,삼성전자 노트북 DDR4-2400 중고,삼성전자 노트북 중고,DDR4,2400,0,8GB,8,0,0,0,0,0,0,0,0,0,0,0,0,0,0,0,0,0,0,0,17900,17890,17890,17890,17800,17700,17690,0,0,0,0
16844816,삼성전자 노트북 DDR4-2400 중고,삼성전자 노트북 중고,DDR4,2400,0,4GB,4,0,0,0,0,0,0,0,0,0,0,0,0,0,0,0,0,0,0,0,11650,11650,11650,11650,11650,11650,11650,0,0,0,0
6393068,삼성전자 노트북 DDR4-2666,삼성전자 노트북,DDR4,2666,0,32GB,32,183350,183350,183350,183350,183350,183350,183350,183350,183350,183350,183350,183350,183350,183350,183350,183350,183350,183350,183350,0,183350,183350,183120,0,183110,183110,0,0,0,0
6393068,삼성전자 노트북 DDR4-2666,삼성전자 노트북,DDR4,2666,0,16GB,16,41490,41490,41490,41490,41490,41490,41490,41490,41490,41490,41490,41490,41490,41490,41490,41490,41490,41490,41490,0,41420,41420,41420,0,41430,41430,0,0,0,0
6393068,삼성전자 노트북 DDR4-2666,삼성전자 노트북,DDR4,2666,0,8GB,8,20460,20460,20460,20440,20430,21240,21120,21000,20880,21270,21170,21140,21250,21150,21150,21150,21150,21150,21150,0,21240,21240,21240,0,21350,21350,0,0,0,0
6393068,삼성전자 노트북 DDR4-2666,삼성전자 노트북,DDR4,2666,0,4GB,4,11500,11500,11500,11500,11500,11500,11500,11500,11500,11500,11500,11500,11500,11500,11500,11500,11500,11500,11500,0,11500,11500,11500,0,11500,11500,0,0,0,0
6274195,삼성전자 노트북 DDR4-2666,삼성전자 노트북,DDR4,2666,0,32GB,32,0,0,0,0,0,0,0,0,0,0,0,0,0,0,0,0,0,0,0,183350,0,0,0,183110,0,0,183110,183110,183110,183110
6274195,삼성전자 노트북 DDR4-2666,삼성전자 노트북,DDR4,2666,0,16GB,16,0,0,0,0,0,0,0,0,0,0,0,0,0,0,0,0,0,0,0,41420,0,0,0,41430,0,0,41430,41430,41430,41390
6274195,삼성전자 노트북 DDR4-2666,삼성전자 노트북,DDR4,2666,0,8GB,8,0,0,0,0,0,0,0,0,0,0,0,0,0,0,0,0,0,0,0,21250,0,0,0,21240,0,0,21270,21150,21030,20930
6274195,삼성전자 노트북 DDR4-2666,삼성전자 노트북,DDR4,2666,0,4GB,4,0,0,0,0,0,0,0,0,0,0,0,0,0,0,0,0,0,0,0,11500,0,0,0,11500,0,0,11500,11500,11500,11500
16316135,삼성전자 노트북 DDR4-2666 중고,삼성전자 노트북 중고,DDR4,2666,0,16GB,16,39490,39490,0,0,0,0,0,38990,38990,0,0,0,0,0,0,0,0,0,0,0,0,0,0,0,0,0,0,0,0,0
16316135,삼성전자 노트북 DDR4-2666 중고,삼성전자 노트북 중고,DDR4,2666,0,8GB,8,20800,20800,0,0,0,0,0,20430,20310,0,0,0,0,0,0,0,0,0,0,0,0,0,0,0,0,0,0,0,0,0
16316135,삼성전자 노트북 DDR4-2666 중고,삼성전자 노트북 중고,DDR4,2666,0,4GB,4,11850,11840,0,0,0,0,0,11500,11500,0,0,0,0,0,0,0,0,0,0,0,0,0,0,0,0,0,0,0,0,0
16834745,삼성전자 노트북 DDR4-2666 중고,삼성전자 노트북 중고,DDR4,2666,0,16GB,16,0,0,39490,39490,39490,38990,38990,0,0,38990,38990,38990,38890,38790,38790,38790,38790,38790,38800,38800,38800,38800,38800,38700,38260,37630,37390,37390,37390,37390
16834745,삼성전자 노트북 DDR4-2666 중고,삼성전자 노트북 중고,DDR4,2666,0,8GB,8,0,0,20800,20800,20790,20670,20550,0,0,20780,20650,20530,20660,20790,20780,20690,20680,20790,20790,20780,20790,20770,20770,20720,19830,19740,20670,20550,20430,20310
16834745,삼성전자 노트북 DDR4-2666 중고,삼성전자 노트북 중고,DDR4,2666,0,4GB,4,0,0,11830,11820,11790,11500,11500,0,0,11500,11500,11500,11500,11500,11500,11500,11500,11500,11500,11500,11500,11500,11500,11500,11500,11500,11500,11500,11500,11500
11397141,삼성전자 노트북 DDR4-3200,삼성전자 노트북,DDR4,3200,0,32GB,32,100000,100000,100000,100000,100000,100000,100000,100000,100000,100000,100000,0,0,0,0,0,0,0,0,100000,100000,100000,100000,100000,110000,114130,0,0,0,0
11397141,삼성전자 노트북 DDR4-3200,삼성전자 노트북,DDR4,3200,0,16GB,16,46640,46600,46600,46550,46550,46550,46540,46500,46480,46480,46260,0,0,0,0,0,0,0,0,46280,46280,46280,46280,46280,46280,46050,0,0,0,0
11397141,삼성전자 노트북 DDR4-3200,삼성전자 노트북,DDR4,3200,0,8GB,8,25290,24210,24210,24210,24210,24290,24290,24290,24290,24290,24290,0,0,0,0,0,0,0,0,24290,24290,24290,24290,24290,24510,24470,0,0,0,0
11397141,삼성전자 노트북 DDR4-3200,삼성전자 노트북,DDR4,3200,0,4GB,4,9300,9300,9300,9300,9300,9300,9300,9300,9300,9300,9300,0,0,0,0,0,0,0,0,9300,9300,9300,9300,9300,9300,9300,0,0,0,0
10853625,삼성전자 노트북 DDR4-3200,삼성전자 노트북,DDR4,3200,0,32GB,32,0,0,0,0,0,0,0,0,0,0,0,100000,100000,100000,100000,100000,100000,100000,100000,0,0,0,0,0,0,0,114130,114130,114130,114130
10853625,삼성전자 노트북 DDR4-3200,삼성전자 노트북,DDR4,3200,0,16GB,16,0,0,0,0,0,0,0,0,0,0,0,46300,46280,46280,46280,46280,46280,46280,46280,0,0,0,0,0,0,0,46020,45950,45900,45850
10853625,삼성전자 노트북 DDR4-3200,삼성전자 노트북,DDR4,3200,0,8GB,8,0,0,0,0,0,0,0,0,0,0,0,24220,24130,24100,23970,23860,23740,23740,24290,0,0,0,0,0,0,0,24460,24450,24440,24400
10853625,삼성전자 노트북 DDR4-3200,삼성전자 노트북,DDR4,3200,0,4GB,4,0,0,0,0,0,0,0,0,0,0,0,9300,9300,9300,9300,9300,9300,9300,9300,0,0,0,0,0,0,0,9300,9300,9300,9300
16524044,삼성전자 노트북 DDR4-3200 중고,삼성전자 노트북 중고,DDR4,3200,0,16GB,16,48960,48960,48960,48960,48960,48960,48960,48960,48960,48960,48960,48960,48960,48960,48960,48960,48960,48960,48960,48960,48960,48960,48960,48960,48960,48960,48960,48960,48960,48960
16524044,삼성전자 노트북 DDR4-3200 중고,삼성전자 노트북 중고,DDR4,3200,0,8GB,8,24910,23800,24900,24580,24460,23190,23190,23190,23190,23190,23190,23190,23190,23190,23190,23190,23190,23190,23190,23190,23190,23190,23160,23150,23150,23150,23130,23010,22890,22880
16524044,삼성전자 노트북 DDR4-3200 중고,삼성전자 노트북 중고,DDR4,3200,0,4GB,4,9500,9500,9500,9500,9500,9500,9500,9500,9500,9500,9470,9350,9500,9500,9500,9500,9500,9500,9500,9500,9500,9500,9500,9500,9500,9500,9500,9000,9000,9000
17666249,삼성전자 노트북 DDR5-4800,삼성전자 노트북,DDR5,4800,0,32GB,32,119850,119850,119850,119850,119850,119850,119850,119850,119850,0,0,0,0,0,119850,119850,119850,119850,119850,119850,119850,119850,119850,119850,119850,119850,119850,0,0,0
17666249,삼성전자 노트북 DDR5-4800,삼성전자 노트북,DDR5,4800,0,16GB,16,60690,60690,60690,60690,60690,60690,60690,60690,60690,0,0,0,0,0,60690,60690,60690,60690,60690,60690,60690,60690,60690,60690,60690,60690,60690,0,0,0
17666249,삼성전자 노트북 DDR5-4800,삼성전자 노트북,DDR5,4800,0,8GB,8,14000,14000,14000,14000,14000,14000,14000,14000,14000,0,0,0,0,0,14000,14000,14000,14000,14000,14000,14000,14000,14000,14000,14000,14000,14000,0,0,0
17666252,삼성전자 노트북 DDR5-4800,삼성전자 노트북,DDR5,4800,0,32GB,32,0,0,0,0,0,0,0,0,0,119850,119850,119850,0,0,0,0,0,0,0,0,0,0,0,0,0,0,0,119850,119850,119850
17666252,삼성전자 노트북 DDR5-4800,삼성전자 노트북,DDR5,4800,0,16GB,16,0,0,0,0,0,0,0,0,0,60690,60690,60690,0,0,0,0,0,0,0,0,0,0,0,0,0,0,0,60690,60690,60690
17666252,삼성전자 노트북 DDR5-4800,삼성전자 노트북,DDR5,4800,0,8GB,8,0,0,0,0,0,0,0,0,0,14000,14000,14000,0,0,0,0,0,0,0,0,0,0,0,0,0,0,0,14000,14000,14000
17666243,삼성전자 노트북 DDR5-4800,삼성전자 노트북,DDR5,4800,0,32GB,32,0,0,0,0,0,0,0,0,0,0,0,0,119850,119850,0,0,0,0,0,0,0,0,0,0,0,0,0,0,0,0
17666243,삼성전자 노트북 DDR5-4800,삼성전자 노트북,DDR5,4800,0,16GB,16,0,0,0,0,0,0,0,0,0,0,0,0,60690,60690,0,0,0,0,0,0,0,0,0,0,0,0,0,0,0,0
17666243,삼성전자 노트북 DDR5-4800,삼성전자 노트북,DDR5,4800,0,8GB,8,0,0,0,0,0,0,0,0,0,0,0,0,14000,14000,0,0,0,0,0,0,0,0,0,0,0,0,0,0,0,0
16686116,삼성전자 노트북 DDR5-4800 병행수입,삼성전자 노트북 병행수입,DDR5,4800,0,16GB,16,60200,60200,60200,60200,60200,60200,60200,60200,60200,60200,60200,60200,60200,60200,60200,60200,60200,60200,60200,60200,60720,60720,60720,60720,60720,60720,0,0,0,0
16686116,삼성전자 노트북 DDR5-4800 병행수입,삼성전자 노트북 병행수입,DDR5,4800,0,8GB,8,26290,26290,26290,26290,26290,26290,26290,26290,26290,26290,26290,26290,26290,26290,26290,26290,26290,26290,26290,26290,26290,26290,26290,26290,26290,26290,0,0,0,0
16891118,삼성전자 노트북 DDR5-4800 병행수입,삼성전자 노트북 병행수입,DDR5,4800,0,16GB,16,0,0,0,0,0,0,0,0,0,0,0,0,0,0,0,0,0,0,0,0,0,0,0,0,0,0,60720,60720,60720,60720
16891118,삼성전자 노트북 DDR5-4800 병행수입,삼성전자 노트북 병행수입,DDR5,4800,0,8GB,8,0,0,0,0,0,0,0,0,0,0,0,0,0,0,0,0,0,0,0,0,0,0,0,0,0,0,26290,26290,26290,26290
16633067,삼성전자 노트북 DDR5-4800 중고,삼성전자 노트북 중고,DDR5,4800,0,8GB,8,9860,9850,9840,9810,9890,9860,9770,9890,9860,9770,9880,9850,10160,10160,10160,10160,10160,10160,10160,11990,11990,11990,11990,11940,11920,13790,13790,13790,13790,13790
19952972,삼성전자 노트북 DDR5-5600,삼성전자 노트북,DDR5,5600,0,32GB,32,124340,124340,124340,124330,124330,124330,124330,124330,124310,124310,124310,124310,124290,124290,124290,124290,124290,124290,124290,124290,123920,123920,123920,123920,123920,123920,123920,123920,123920,123920
19952972,삼성전자 노트북 DDR5-5600,삼성전자 노트북,DDR5,5600,0,16GB,16,60920,60310,60590,61030,61000,60880,60760,60640,60580,60460,60320,60200,60130,60130,60130,60130,60130,60130,60130,60130,60130,60130,60130,60130,60130,60130,60130,60130,60130,60130
19952972,삼성전자 노트북 DDR5-5600,삼성전자 노트북,DDR5,5600,0,8GB,8,20080,18430,18420,18420,18420,18530,18530,18530,18530,18530,18530,18530,18530,18530,18530,18530,18530,18530,18530,18530,18530,18530,18510,18500,18500,18500,18500,18500,18500,18500
28609379,삼성전자 노트북 DDR5-5600 중고,삼성전자 노트북 중고,DDR5,5600,0,8GB,8,14290,14260,14220,14200,14100,14100,14100,14100,14090,14060,14040,14020,14000,13980,13980,13980,13970,13970,13950,13950,13940,13930,13930,13880,13770,13650,13290,13280,13250,13150
5800601,실리콘파워 DDR2-800 중고,실리콘파워 DDR2-800 중고,0,0,0,2GB,2,5000,5000,5000,5000,5000,5000,5000,5000,5000,5000,5000,5000,5000,5000,5000,5000,5000,5000,5000,5000,5000,5000,5000,5000,5000,5000,5000,5000,5000,5000
40715429,실리콘파워 DDR3-1333 1.35V 패키지 해외구매,실리콘파워 1.35V 패키지 해외구매,DDR3,1333,0,8GB(4GX2),8,19350,21500,21300,21300,21300,21300,19170,21300,21300,0,0,0,0,0,0,21300,18810,20900,20900,20900,18810,18810,20900,20900,20900,20900,20900,20900,19850,20900
40715429,실리콘파워 DDR3-1333 1.35V 패키지 해외구매,실리콘파워 1.35V 패키지 해외구매,DDR3,1333,0,16GB(8GX2),16,26910,29900,28900,28900,28900,28900,26010,28900,28900,0,0,0,0,0,0,28900,28700,28700,28700,28700,25830,25830,28700,28700,28700,28700,28700,28700,27260,28700
40715315,실리콘파워 DDR3-1333 패키지 해외구매,실리콘파워 패키지 해외구매,DDR3,1333,0,16GB(8GX2),16,26910,0,0,0,0,0,0,0,0,0,0,0,0,0,0,0,28500,0,0,28500,28500,28500,28500,28500,28500,28500,28500,28500,28500,28500
40715315,실리콘파워 DDR3-1333 패키지 해외구매,실리콘파워 패키지 해외구매,DDR3,1333,0,8GB(4GX2),8,19350,0,0,0,0,0,0,0,0,0,0,0,0,0,0,0,18810,0,0,20900,18810,18810,20900,20900,20900,20900,20900,20900,19850,20900
40715384,실리콘파워 DDR3-1333 패키지 해외구매,실리콘파워 패키지 해외구매,DDR3,1333,0,16GB(8GX2),16,0,29900,28990,28990,28990,28990,27540,28990,28990,28990,28990,28990,27540,28990,28990,0,0,28500,28500,0,0,0,0,0,0,0,0,0,0,0
40715384,실리콘파워 DDR3-1333 패키지 해외구매,실리콘파워 패키지 해외구매,DDR3,1333,0,8GB(4GX2),8,0,21500,21500,21500,21500,21500,19350,21500,21500,21500,21500,21500,20140,21200,21200,0,0,20900,20900,0,0,0,0,0,0,0,0,0,0,0
40715483,실리콘파워 DDR3-1333 해외구매,실리콘파워 해외구매,DDR3,1333,0,8GB,8,0,0,0,0,0,0,0,0,0,0,0,0,0,0,0,0,0,0,0,0,0,0,16900,16900,0,0,16900,0,0,0
5747131,실리콘파워 DDR3-1600 중고,실리콘파워 중고,DDR3,1600,0,8GB,8,12420,12420,12420,12420,12420,12420,12420,12420,12420,12420,12420,12420,13110,13250,13250,13250,13250,13250,13250,13250,13250,13250,13250,13250,13250,12840,12840,12840,12840,12840
54482270,실리콘파워 DDR3-1600 패키지 해외구매,실리콘파워 패키지 해외구매,DDR3,1600,0,16GB(8GX2),16,28400,29900,28900,28900,28900,28900,27450,28900,28900,28900,28900,28900,27450,28900,28900,28900,28900,28900,28900,28900,28900,28900,28900,28900,28900,28900,28900,28900,28900,39000
13304453,실리콘파워 DDR4-2666 CL19,실리콘파워,DDR4,2666,CL19,4GB,4,25500,25500,25500,25500,25500,25500,25500,25500,25500,25500,25500,25500,25500,25500,25500,25500,25500,25500,25500,25500,25500,25500,25500,25500,25500,25500,25500,25500,25500,25500
44405579,실리콘파워 DDR4-2666 CL19 패키지 해외구매,실리콘파워 패키지 해외구매,DDR4,2666,CL19,32GB(16GX2),32,63810,70900,69900,69900,69900,69900,69900,69900,0,0,0,0,0,0,0,0,0,0,0,0,0,0,0,0,0,0,69900,69900,69900,69900
44405579,실리콘파워 DDR4-2666 CL19 패키지 해외구매,실리콘파워 패키지 해외구매,DDR4,2666,CL19,16GB(8GX2),16,34110,37900,38300,38300,38300,38300,34470,38300,0,0,0,0,0,0,0,0,0,0,0,0,0,0,0,0,0,0,38300,38300,36380,38300
44405591,실리콘파워 DDR4-2666 CL19 패키지 해외구매,실리콘파워 패키지 해외구매,DDR4,2666,CL19,16GB(8GX2),16,0,0,0,0,0,0,0,0,38300,38300,38300,38300,36380,38300,38300,38300,34470,38300,38300,38300,0,0,38300,38300,38300,38300,0,0,0,0
44405591,실리콘파워 DDR4-2666 CL19 패키지 해외구매,실리콘파워 패키지 해외구매,DDR4,2666,CL19,32GB(16GX2),32,0,0,0,0,0,0,0,0,0,0,0,0,0,0,0,0,0,0,0,0,0,0,0,0,69900,69900,0,0,0,0
40719257,실리콘파워 DDR4-2666 CL19 해외구매,실리콘파워 해외구매,DDR4,2666,CL19,16GB,16,0,0,0,0,0,0,0,0,0,0,0,0,0,0,36900,36900,36900,36900,36900,36900,0,0,0,36900,36900,36900,36900,36900,36900,36900
40719257,실리콘파워 DDR4-2666 CL19 해외구매,실리콘파워 해외구매,DDR4,2666,CL19,8GB,8,0,0,0,0,0,0,0,0,0,0,0,0,0,0,22500,22500,20250,22500,22500,22500,0,0,0,22500,22500,22500,22500,22500,21370,22500
9805746,실리콘파워 DDR4-3200 CL16 Xpower Turbine RGB 패키지,실리콘파워 Xpower Turbine RGB 패키지,DDR4,3200,CL16,32GB(16GX2),32,128990,0,0,0,0,0,128990,128990,0,0,0,0,0,0,0,0,0,0,129000,129000,129000,129000,129000,128990,128990,128990,0,0,0,0
9805746,실리콘파워 DDR4-3200 CL16 Xpower Turbine RGB 패키지,실리콘파워 Xpower Turbine RGB 패키지,DDR4,3200,CL16,16GB(8GX2),16,52110,0,0,0,0,0,52110,57900,0,0,0,0,0,0,0,0,0,0,56900,56900,51210,51210,56900,56900,56900,56900,0,0,0,0
9805785,실리콘파워 DDR4-3200 CL16 Xpower Turbine RGB 패키지,실리콘파워 Xpower Turbine RGB 패키지,DDR4,3200,CL16,32GB(16GX2),32,0,128990,128990,128990,128990,128990,0,0,128990,128990,128990,128990,128990,129000,129000,129000,129000,129000,0,0,0,0,0,0,0,0,128990,128990,128990,128990
9805785,실리콘파워 DDR4-3200 CL16 Xpower Turbine RGB 패키지,실리콘파워 Xpower Turbine RGB 패키지,DDR4,3200,CL16,16GB(8GX2),16,0,57900,57900,57900,57900,57900,0,0,57900,57900,57900,57900,54050,56900,56900,56900,51210,56900,0,0,0,0,0,0,0,0,56900,56900,54050,56900
40717631,실리콘파워 DDR4-3200 CL16 Xpower Turbine 패키지 해외구매,실리콘파워 Xpower Turbine 패키지 해외구매,DDR4,3200,CL16,32GB(16GX2),32,0,0,0,0,84900,84900,76410,84900,84900,82900,82900,82900,82900,82900,82900,82900,82900,0,0,0,0,0,0,0,0,0,0,0,82900,82900
40717631,실리콘파워 DDR4-3200 CL16 Xpower Turbine 패키지 해외구매,실리콘파워 Xpower Turbine 패키지 해외구매,DDR4,3200,CL16,16GB(8GX2),16,0,0,0,0,51900,51900,46710,51900,51900,51900,51900,51900,48920,51500,51500,51500,46350,0,0,0,0,0,0,0,0,0,0,0,48350,50900
40717688,실리콘파워 DDR4-3200 CL16 Xpower Turbine 패키지 해외구매,실리콘파워 Xpower Turbine 패키지 해외구매,DDR4,3200,CL16,16GB(8GX2),16,0,0,0,0,0,0,0,0,0,0,0,0,0,0,0,0,0,51500,51500,51500,46350,46350,51500,0,0,0,0,0,0,0
16047350,실리콘파워 DDR4-3200 CL16 Xpower Zenith RGB 패키지,실리콘파워 Xpower Zenith RGB 패키지,DDR4,3200,CL16,16GB(8GX2),16,51210,56900,56900,51210,56900,56900,56900,56900,56900,56900,56900,56900,0,0,0,0,0,0,0,0,0,0,0,0,0,0,0,0,0,0
40719470,실리콘파워 DDR4-3200 CL16 Xpower Zenith RGB 패키지 해외구매,실리콘파워 Xpower Zenith RGB 패키지 해외구매,DDR4,3200,CL16,32GB(16GX2),32,94900,0,0,0,0,0,0,0,0,0,0,0,0,0,0,0,0,0,0,0,88250,88250,92900,92900,92900,92900,92900,92900,92900,92900
40718048,실리콘파워 DDR4-3200 CL16 Xpower Zenith 패키지 해외구매,실리콘파워 Xpower Zenith 패키지 해외구매,DDR4,3200,CL16,16GB(8GX2),16,45810,50900,50900,50900,50900,50900,45810,50900,50900,50900,0,0,0,0,0,0,45810,50900,50900,50900,45810,0,50900,0,0,0,0,0,0,0
13574633,실리콘파워 DDR4-3200 CL22,실리콘파워,DDR4,3200,CL22,32GB,32,144000,144000,144000,144000,144000,144000,144000,144000,144000,144000,144000,144000,144000,144000,144000,144000,144000,144000,144000,144000,144000,144000,0,0,0,0,0,0,0,0
13574633,실리콘파워 DDR4-3200 CL22,실리콘파워,DDR4,3200,CL22,16GB,16,69500,69500,69500,69500,69500,69500,69500,69500,69500,69500,69500,69500,69500,69500,69500,69500,69500,69500,69500,69500,69500,69500,0,0,0,0,0,0,0,0
13574633,실리콘파워 DDR4-3200 CL22,실리콘파워,DDR4,3200,CL22,8GB,8,36500,36500,36500,36500,36500,36500,36500,36500,36500,36500,36500,36500,36500,36500,36500,36500,36500,36500,36500,36500,36500,36500,0,0,0,0,0,0,0,0
13304231,실리콘파워 DDR4-3200 CL22,실리콘파워,DDR4,3200,CL22,32GB,32,0,0,0,0,0,0,0,0,0,0,0,0,0,0,0,0,0,0,0,0,0,0,144000,144000,144000,144000,144000,144000,144000,144000
13304231,실리콘파워 DDR4-3200 CL22,실리콘파워,DDR4,3200,CL22,16GB,16,0,0,0,0,0,0,0,0,0,0,0,0,0,0,0,0,0,0,0,0,0,0,69500,69500,69500,69500,69500,69500,69500,69500
13304231,실리콘파워 DDR4-3200 CL22,실리콘파워,DDR4,3200,CL22,8GB,8,0,0,0,0,0,0,0,0,0,0,0,0,0,0,0,0,0,0,0,0,0,0,36500,36500,36500,36500,36500,36500,36500,36500
40719371,실리콘파워 DDR4-3200 CL22 패키지 해외구매,실리콘파워 패키지 해외구매,DDR4,3200,CL22,32GB(16GX2),32,71010,78900,76900,76900,76900,76900,76900,76900,76900,0,0,0,0,0,0,0,0,0,0,0,0,0,0,0,76900,76900,76900,76900,73050,76900
40719371,실리콘파워 DDR4-3200 CL22 패키지 해외구매,실리콘파워 패키지 해외구매,DDR4,3200,CL22,16GB(8GX2),16,35910,39900,39900,39900,39900,39900,35910,39900,39900,39900,39900,39900,37900,39900,39900,39900,35910,39900,39900,39900,35910,35910,39900,39900,39900,39900,39900,39900,37900,39900
40715864,실리콘파워 DDR4-3200 해외구매,실리콘파워 해외구매,DDR4,3200,0,32GB,32,90000,90000,0,0,0,0,0,0,0,0,0,0,0,0,0,0,0,0,0,0,0,0,0,0,90000,90000,90000,90000,85500,90000
40715864,실리콘파워 DDR4-3200 해외구매,실리콘파워 해외구매,DDR4,3200,0,16GB,16,36570,38500,38800,34920,38800,38800,34920,38800,38800,38800,38800,0,0,0,0,0,0,0,0,38800,38800,38800,38800,38800,38800,38800,38800,38800,38800,38800
40715864,실리콘파워 DDR4-3200 해외구매,실리콘파워 해외구매,DDR4,3200,0,8GB,8,18180,20200,20200,18180,20200,20200,20200,20200,20200,20200,20200,0,0,0,0,0,0,0,0,20200,18180,18180,20200,20200,20200,20200,20200,20200,20200,20200
40715825,실리콘파워 DDR4-3200 해외구매,실리콘파워 해외구매,DDR4,3200,0,16GB,16,0,0,0,0,0,0,0,0,0,0,0,38800,36860,38800,38800,38800,34920,38800,38800,0,0,0,0,0,0,0,0,0,0,0
40715825,실리콘파워 DDR4-3200 해외구매,실리콘파워 해외구매,DDR4,3200,0,8GB,8,0,0,0,0,0,0,0,0,0,0,0,20200,19190,20200,20200,20200,18180,20200,20200,0,0,0,0,0,0,0,0,0,0,0
40719158,실리콘파워 DDR4-3600 CL18 Xpower Turbine RGB 패키지 해외구매,실리콘파워 Xpower Turbine RGB 패키지 해외구매,DDR4,3600,CL18,16GB(8GX2),16,0,0,0,0,0,0,0,0,0,0,0,0,0,0,0,0,0,0,0,0,0,0,0,0,0,0,66700,66700,63360,66700
40718354,실리콘파워 DDR4-3600 CL18 Xpower Turbine 패키지 해외구매,실리콘파워 Xpower Turbine 패키지 해외구매,DDR4,3600,CL18,32GB(16GX2),32,91670,96500,96500,0,0,0,0,0,0,0,0,0,0,0,0,0,0,0,0,0,0,0,0,0,0,0,0,0,0,0
40718354,실리콘파워 DDR4-3600 CL18 Xpower Turbine 패키지 해외구매,실리콘파워 Xpower Turbine 패키지 해외구매,DDR4,3600,CL18,16GB(8GX2),16,47610,52900,52900,0,0,0,0,0,0,0,0,0,0,0,0,0,0,0,0,0,0,0,0,0,0,0,0,0,0,0
44405627,실리콘파워 DDR4-3600 CL18 Xpower Turbine 패키지 해외구매,실리콘파워 Xpower Turbine 패키지 해외구매,DDR4,3600,CL18,32GB(16GX2),32,0,0,0,96500,96500,96500,91670,96500,96500,96500,96500,96500,96500,96500,96500,96500,96500,96500,96500,96500,0,0,0,0,0,0,0,0,0,0
44405627,실리콘파워 DDR4-3600 CL18 Xpower Turbine 패키지 해외구매,실리콘파워 Xpower Turbine 패키지 해외구매,DDR4,3600,CL18,16GB(8GX2),16,0,0,0,52900,53900,53900,48510,53900,53900,53900,53900,53900,51200,53900,53900,53900,48510,53900,53900,53900,48510,48510,53900,53900,53900,53900,53900,53900,51200,53900
16047449,실리콘파워 DDR4-3600 CL18 Xpower Zenith RGB,실리콘파워 Xpower Zenith RGB,DDR4,3600,CL18,32GB(16GX2),32,95760,0,0,0,0,0,0,0,0,0,0,0,0,0,0,0,0,0,0,0,0,0,0,0,0,0,0,0,0,0
16047449,실리콘파워 DDR4-3600 CL18 Xpower Zenith RGB,실리콘파워 Xpower Zenith RGB,DDR4,3600,CL18,16GB(8GX2),16,65900,65900,65900,59310,65900,65900,59310,65900,65900,65900,65900,65900,0,0,65900,65900,65900,65900,65900,65900,0,0,0,65900,65900,65900,65900,65900,0,0
40718189,실리콘파워 DDR4-3600 CL18 Xpower Zenith 패키지 해외구매,실리콘파워 Xpower Zenith 패키지 해외구매,DDR4,3600,CL18,16GB(8GX2),16,52900,52900,52900,52900,53900,53900,53900,53900,53900,53900,53900,53900,0,0,53900,53900,0,0,0,0,0,0,0,0,0,0,0,0,0,0
40718189,실리콘파워 DDR4-3600 CL18 Xpower Zenith 패키지 해외구매,실리콘파워 Xpower Zenith 패키지 해외구매,DDR4,3600,CL18,32GB(16GX2),32,0,0,0,94500,95500,95500,90720,95500,95500,95500,95500,95500,0,0,95500,95500,0,0,0,0,0,0,0,0,0,0,0,0,0,0
40718201,실리콘파워 DDR4-3600 CL18 Xpower Zenith 패키지 해외구매,실리콘파워 Xpower Zenith 패키지 해외구매,DDR4,3600,CL18,16GB(8GX2),16,0,0,0,0,0,0,0,0,0,0,0,0,51200,53900,0,0,53900,53900,53900,53900,53900,0,0,0,53900,53900,53900,53900,53900,53900
40718201,실리콘파워 DDR4-3600 CL18 Xpower Zenith 패키지 해외구매,실리콘파워 Xpower Zenith 패키지 해외구매,DDR4,3600,CL18,32GB(16GX2),32,0,0,0,0,0,0,0,0,0,0,0,0,90720,95500,0,0,95500,95500,95500,95500,95500,95500,95500,95500,95500,95500,95500,95500,90720,95500
55044881,실리콘파워 DDR5-4800 CL30 Power Value 패키지 해외구매,실리콘파워 Power Value 패키지 해외구매,DDR5,4800,CL30,32GB(16GX2),32,177500,177400,177400,177800,177800,177800,177800,177800,177800,177800,177800,181400,181400,181400,181400,181400,181400,181400,181400,181400,181400,181400,181400,181400,181400,181400,181390,177710,177680,177560
55044746,실리콘파워 DDR5-6000 CL30 Xpower Zenith RGB 블랙 패키지 해외구매,실리콘파워 Xpower Zenith RGB 블랙 패키지 해외구매,DDR5,6000,CL30,32GB(16GX2),32,157600,165900,165900,149310,165900,165900,149310,165900,165900,165900,165900,159900,151900,159900,159900,159900,155900,155900,155900,155900,132510,132510,155900,155900,155900,155900,155900,155900,155900,155900
55044719,실리콘파워 DDR5-6000 CL30 Xpower Zenith RGB 화이트 패키지 해외구매,실리콘파워 Xpower Zenith RGB 화이트 패키지 해외구매,DDR5,6000,CL30,32GB(16GX2),32,162900,162900,162900,162900,162900,162900,162900,162900,162900,162900,162900,155900,148100,155900,155900,155900,153900,153900,153900,153900,138510,138510,153900,153900,153900,153900,153900,153900,138510,153900
55044851,실리콘파워 DDR5-6000 CL30 Xpower Zenith 화이트 패키지 해외구매,실리콘파워 Xpower Zenith 화이트 패키지 해외구매,DDR5,6000,CL30,64GB(32GX2),64,579020,579000,578990,578980,578860,578740,578620,578500,578380,578260,578140,578020,579320,588610,588610,588610,588610,588610,588610,588610,588610,588610,588610,626400,626400,614500,614500,614500,614500,614500
55044851,실리콘파워 DDR5-6000 CL30 Xpower Zenith 화이트 패키지 해외구매,실리콘파워 Xpower Zenith 화이트 패키지 해외구매,DDR5,6000,CL30,32GB(16GX2),32,149310,165900,165900,165900,165900,281430,289110,288990,288870,288750,288630,165900,151900,159900,159900,159900,159900,159900,159900,159900,159900,159900,159900,159900,159900,159900,159900,159900,285080,284990
55044782,실리콘파워 DDR5-6000 CL30 Xpower Zenith 화이트 패키지 해외구매,실리콘파워 Xpower Zenith 화이트 패키지 해외구매,DDR5,6000,CL30,64GB(32GX2),64,579020,0,0,0,0,578740,578620,578500,578380,578260,578140,578020,579320,588610,588610,0,0,0,0,0,0,0,0,0,0,0,0,0,0,0
55044782,실리콘파워 DDR5-6000 CL30 Xpower Zenith 화이트 패키지 해외구매,실리콘파워 Xpower Zenith 화이트 패키지 해외구매,DDR5,6000,CL30,32GB(16GX2),32,149310,0,0,0,0,281430,289110,288990,288870,288750,288630,165900,151900,159900,159900,0,0,0,0,0,0,0,0,0,0,0,0,0,0,0
39768431,실리콘파워 노트북 DDR3-1333 해외구매,실리콘파워 노트북 해외구매,DDR3,1333,0,8GB,8,15210,0,0,0,0,0,0,0,0,0,0,16900,16050,16900,16900,16900,15210,16900,16900,16900,15210,0,16900,16900,16900,0,16900,16900,16900,16900
39768458,실리콘파워 노트북 DDR3-1600 1.35V 해외구매,실리콘파워 노트북 1.35V 해외구매,DDR3,1600,0,8GB,8,0,0,0,0,16900,16900,15210,16900,16900,0,0,0,0,0,0,0,15210,0,0,0,0,0,0,0,0,0,0,0,0,0
39768452,실리콘파워 노트북 DDR3-1600 해외구매,실리콘파워 노트북 해외구매,DDR3,1600,0,8GB,8,0,0,0,0,0,0,15210,16900,16900,0,0,0,0,0,0,0,0,0,0,0,0,0,0,0,0,0,0,0,0,0
30234494,실리콘파워 노트북 DDR4-2133,실리콘파워 노트북,DDR4,2133,0,4GB,4,12900,12900,12900,12900,12900,12900,12900,12900,12900,12900,12900,12900,12900,12900,12900,12900,12900,12900,12900,12900,12900,12900,12900,12890,12890,12890,12890,12890,12890,12890
40717391,실리콘파워 노트북 DDR4-2133 패키지 해외구매,실리콘파워 노트북 패키지 해외구매,DDR4,2133,0,8GB(4GX2),8,0,0,0,0,0,0,0,0,0,0,0,0,0,0,0,0,0,0,28700,28700,25830,25830,28700,28700,28700,0,0,0,0,0
54482315,실리콘파워 노트북 DDR4-2133 해외구매,실리콘파워 노트북 해외구매,DDR4,2133,0,16GB,16,0,39900,0,0,0,0,0,0,0,0,0,0,0,0,0,0,0,0,0,0,0,0,0,0,0,0,0,0,0,0
39768716,실리콘파워 노트북 DDR4-2400 패키지 해외구매,실리콘파워 노트북 패키지 해외구매,DDR4,2400,0,8GB(4GX2),8,26010,0,0,28900,28900,28900,26010,28900,28900,28900,28900,28900,27450,28900,28900,28900,0,0,0,0,25650,25650,28500,0,0,0,0,0,0,0
39768716,실리콘파워 노트북 DDR4-2400 패키지 해외구매,실리콘파워 노트북 패키지 해외구매,DDR4,2400,0,16GB(8GX2),16,36000,0,0,36810,40000,40000,36000,40000,40000,40000,40000,40000,38000,40000,40000,40000,0,0,0,0,36000,36000,40000,0,0,0,0,0,0,0
39768716,실리콘파워 노트북 DDR4-2400 패키지 해외구매,실리콘파워 노트북 패키지 해외구매,DDR4,2400,0,32GB(16GX2),32,71910,0,0,76900,75900,75900,68310,75900,75900,75900,75900,74900,71150,74900,74900,74900,0,0,0,0,65610,65610,72900,0,0,0,0,0,0,0
39768698,실리콘파워 노트북 DDR4-2400 패키지 해외구매,실리콘파워 노트북 패키지 해외구매,DDR4,2400,0,8GB(4GX2),8,0,28900,28900,0,0,0,0,0,0,0,0,0,0,0,0,0,0,0,28500,28500,0,0,0,0,0,0,0,0,0,28500
39768698,실리콘파워 노트북 DDR4-2400 패키지 해외구매,실리콘파워 노트북 패키지 해외구매,DDR4,2400,0,16GB(8GX2),16,0,40000,40000,0,0,0,0,0,0,0,0,0,0,0,0,0,0,0,40000,40000,0,0,0,0,0,0,0,0,0,39900
39768698,실리콘파워 노트북 DDR4-2400 패키지 해외구매,실리콘파워 노트북 패키지 해외구매,DDR4,2400,0,32GB(16GX2),32,0,79900,76900,0,0,0,0,0,0,0,0,0,0,0,0,0,0,0,72900,72900,0,0,0,0,0,0,0,0,0,72900
39768677,실리콘파워 노트북 DDR4-2400 패키지 해외구매,실리콘파워 노트북 패키지 해외구매,DDR4,2400,0,8GB(4GX2),8,0,0,0,0,0,0,0,0,0,0,0,0,0,0,0,0,25650,28500,0,0,0,0,0,28500,28500,28500,28500,28500,27070,0
39768677,실리콘파워 노트북 DDR4-2400 패키지 해외구매,실리콘파워 노트북 패키지 해외구매,DDR4,2400,0,16GB(8GX2),16,0,0,0,0,0,0,0,0,0,0,0,0,0,0,0,0,36000,40000,0,0,0,0,0,39900,39900,39900,39900,39900,37900,0
39768677,실리콘파워 노트북 DDR4-2400 패키지 해외구매,실리콘파워 노트북 패키지 해외구매,DDR4,2400,0,32GB(16GX2),32,0,0,0,0,0,0,0,0,0,0,0,0,0,0,0,0,65610,72900,0,0,0,0,0,72900,72900,72900,72900,72900,69250,0
39768653,실리콘파워 노트북 DDR4-2400 해외구매,실리콘파워 노트북 해외구매,DDR4,2400,0,4GB,4,15210,16900,0,16900,16900,0,0,0,0,0,0,0,0,0,16900,16900,15210,16900,16900,16900,15210,15210,16900,16900,16900,16900,16900,16900,16050,16900
39768653,실리콘파워 노트북 DDR4-2400 해외구매,실리콘파워 노트북 해외구매,DDR4,2400,0,16GB,16,35910,39900,0,39900,39900,0,0,0,0,0,0,0,0,0,39900,39900,35010,38900,38900,38900,35010,35010,38900,38900,38900,38900,38900,38900,36950,38900
39768653,실리콘파워 노트북 DDR4-2400 해외구매,실리콘파워 노트북 해외구매,DDR4,2400,0,8GB,8,20070,22300,0,22500,22500,0,0,0,0,0,0,0,0,0,22500,22500,20250,22500,22500,22500,20250,20250,22500,22300,22300,22300,22300,22300,21180,22300
39768710,실리콘파워 노트북 DDR4-2400 해외구매,실리콘파워 노트북 해외구매,DDR4,2400,0,4GB,4,0,0,0,0,0,16900,15210,16900,16900,16900,16900,16900,16050,16900,0,0,0,0,0,0,0,0,0,0,0,0,0,0,0,0
39768710,실리콘파워 노트북 DDR4-2400 해외구매,실리콘파워 노트북 해외구매,DDR4,2400,0,16GB,16,0,0,0,0,0,39900,35910,39900,39900,39900,39900,39900,37900,39900,0,0,0,0,0,0,0,0,0,0,0,0,0,0,0,0
39768710,실리콘파워 노트북 DDR4-2400 해외구매,실리콘파워 노트북 해외구매,DDR4,2400,0,8GB,8,0,0,0,0,0,22500,20250,22500,22500,22500,22500,22500,21370,22500,0,0,0,0,0,0,0,0,0,0,0,0,0,0,0,0
13304408,실리콘파워 노트북 DDR4-2666 CL19,실리콘파워 노트북,DDR4,2666,CL19,4GB,4,30380,30380,30380,30380,30380,30380,30380,30380,30380,30380,30380,30380,30380,30380,30380,30380,30380,30380,30380,30380,30380,30380,30380,30380,30380,30380,30380,30380,30380,30380
39768989,실리콘파워 노트북 DDR4-2666 패키지 해외구매,실리콘파워 노트북 패키지 해외구매,DDR4,2666,0,16GB(8GX2),16,37710,41900,41900,41900,0,0,0,0,0,41900,41900,41900,0,0,0,0,0,0,0,0,0,0,0,0,0,0,0,0,0,0
39768989,실리콘파워 노트북 DDR4-2666 패키지 해외구매,실리콘파워 노트북 패키지 해외구매,DDR4,2666,0,32GB(16GX2),32,77000,77000,77000,77000,0,0,0,0,0,77000,77000,77000,0,0,0,0,0,0,0,0,0,0,0,0,0,0,0,0,0,0
39768890,실리콘파워 노트북 DDR4-2666 해외구매,실리콘파워 노트북 해외구매,DDR4,2666,0,4GB,4,15480,17200,16900,16900,16900,16900,15210,16900,16900,16900,16900,16900,16050,16900,16900,16900,15210,16900,16900,16900,15210,15210,16900,16900,16900,16900,16900,0,16050,16900
39768890,실리콘파워 노트북 DDR4-2666 해외구매,실리콘파워 노트북 해외구매,DDR4,2666,0,16GB,16,39900,39900,39900,35910,39900,39900,35910,39900,39900,39900,39900,39900,37900,39900,39900,39900,39900,39900,39900,39900,37900,37900,39900,39900,39900,39900,39900,0,37900,39900
39768890,실리콘파워 노트북 DDR4-2666 해외구매,실리콘파워 노트북 해외구매,DDR4,2666,0,8GB,8,20420,21500,21500,19350,21800,21800,19620,21800,21800,21800,21800,21800,20710,21800,21800,21800,21800,21800,21800,21800,19620,19620,21800,21800,21800,21800,21800,0,20710,21800
13574648,실리콘파워 노트북 DDR4-3200 CL22,실리콘파워 노트북,DDR4,3200,CL22,32GB,32,145900,145900,145900,145900,145900,145900,145900,145900,145900,145900,145900,145900,145900,145900,145900,145900,145900,145900,145900,145900,0,0,0,0,0,0,0,0,0,0
13574648,실리콘파워 노트북 DDR4-3200 CL22,실리콘파워 노트북,DDR4,3200,CL22,16GB,16,71000,71000,71000,71000,71000,71000,71000,71000,71000,71000,71000,71000,71000,71000,71000,71000,71000,71000,71000,71000,0,0,0,0,0,0,0,0,0,0
13574648,실리콘파워 노트북 DDR4-3200 CL22,실리콘파워 노트북,DDR4,3200,CL22,8GB,8,37200,37200,37200,37200,37200,37200,37200,37200,37200,37200,37200,37200,37200,37200,37200,37200,37200,37200,37200,37200,0,0,0,0,0,0,0,0,0,0
13304306,실리콘파워 노트북 DDR4-3200 CL22,실리콘파워 노트북,DDR4,3200,CL22,32GB,32,0,0,0,0,0,0,0,0,0,0,0,0,0,0,0,0,0,0,0,0,145900,145900,145900,145900,145900,145900,145900,145900,145900,145900
13304306,실리콘파워 노트북 DDR4-3200 CL22,실리콘파워 노트북,DDR4,3200,CL22,16GB,16,0,0,0,0,0,0,0,0,0,0,0,0,0,0,0,0,0,0,0,0,71000,71000,71000,71000,71000,71000,71000,71000,71000,71000
13304306,실리콘파워 노트북 DDR4-3200 CL22,실리콘파워 노트북,DDR4,3200,CL22,8GB,8,0,0,0,0,0,0,0,0,0,0,0,0,0,0,0,0,0,0,0,0,37200,37200,37200,37200,37200,37200,37200,37200,37200,37200
40717424,실리콘파워 노트북 DDR4-3200 CL22 패키지 해외구매,실리콘파워 노트북 패키지 해외구매,DDR4,3200,CL22,16GB(8GX2),16,0,0,0,0,0,0,0,0,43400,43400,43400,41900,39800,41900,41900,41900,40900,40900,40900,40900,38850,38850,40900,40900,40900,40900,40900,40900,40900,40900
40717352,실리콘파워 노트북 DDR4-3200 CL22 해외구매,실리콘파워 노트북 해외구매,DDR4,3200,CL22,8GB,8,23850,23850,23990,21590,23990,23990,21590,23990,23990,23990,23990,23490,22310,23490,23490,23490,23490,23490,23490,23490,22310,22310,23490,23490,23490,23490,23490,23490,22310,23490
40717352,실리콘파워 노트북 DDR4-3200 CL22 해외구매,실리콘파워 노트북 해외구매,DDR4,3200,CL22,32GB,32,80910,89900,88900,88900,88900,88900,80010,88900,88900,88900,88900,87900,83500,87900,87900,87900,79110,87900,87900,87900,79110,79110,87900,87900,87900,87900,87900,87890,83500,87890
10190553,써멀테이크 DDR4-3200 CL16 TOUGHRAM RGB 블랙 패키지,써멀테이크 TOUGHRAM RGB 블랙 패키지,DDR4,3200,CL16,16GB(8GX2),16,0,0,0,0,0,0,0,0,0,0,0,0,0,0,0,0,0,0,0,0,0,0,0,0,361000,361000,361000,361000,361000,361000
10641063,써멀테이크 DDR4-3200 CL16 TOUGHRAM Z-ONE RGB 패키지,써멀테이크 TOUGHRAM Z-ONE RGB 패키지,DDR4,3200,CL16,16GB(8GX2),16,74870,74870,74870,74870,74870,74870,74870,74870,74870,74870,74870,74870,74870,74870,74870,0,0,74870,74870,74870,74870,74870,74870,74870,74870,0,0,0,0,0
10190727,써멀테이크 DDR4-3600 CL18 TOUGHRAM RGB 블랙 패키지,써멀테이크 TOUGHRAM RGB 블랙 패키지,DDR4,3600,CL18,16GB(8GX2),16,0,0,0,0,84550,84550,84550,84550,84550,84550,84550,84550,84550,84560,0,0,0,0,0,0,83410,83410,83410,83410,83410,83410,83410,0,0,0
13498103,써멀테이크 DDR4-3600 CL18 TOUGHRAM 블랙 패키지,써멀테이크 TOUGHRAM 블랙 패키지,DDR4,3600,CL18,16GB(8GX2),16,78430,78430,78430,78430,78430,78430,78430,78430,78430,78430,78430,78430,78430,78430,78430,0,0,0,0,0,78430,78430,78430,78430,78430,78430,78430,78430,78430,78430
13500458,써멀테이크 DDR4-3600 CL18 TOUGHRAM 화이트 패키지,써멀테이크 TOUGHRAM 화이트 패키지,DDR4,3600,CL18,16GB(8GX2),16,80220,80220,80220,0,0,0,0,80220,80220,80220,80220,80220,85450,86320,86320,86320,86320,86320,86320,86320,86320,86320,0,0,0,0,0,80220,80220,80220
13511324,써멀테이크 DDR4-4000 CL19 TOUGHRAM 블랙 패키지,써멀테이크 TOUGHRAM 블랙 패키지,DDR4,4000,CL19,16GB(8GX2),16,103990,103990,103990,103990,103990,103990,103990,103990,103990,103990,103990,103990,103990,103990,103990,103990,103990,103990,103990,0,0,0,0,0,0,0,0,0,0,0
13511393,써멀테이크 DDR4-4000 CL19 TOUGHRAM 화이트 패키지,써멀테이크 TOUGHRAM 화이트 패키지,DDR4,4000,CL19,16GB(8GX2),16,114390,114390,114390,114390,114390,114390,114390,114390,114390,114390,114390,114390,114390,114390,114390,114390,114390,114390,114390,114390,114390,0,0,0,114390,114390,114390,114390,114390,114390
58914080,써멀테이크 DDR5-6000 CL36 TOUGHRAM XG RGB 블랙 패키지,써멀테이크 TOUGHRAM XG RGB 블랙 패키지,DDR5,6000,CL36,32GB(16GX2),32,186000,186000,186000,186000,186000,186000,186000,186000,186000,186000,186000,186000,186000,186000,186000,186000,186000,186000,186000,186000,186000,186000,186000,186000,186000,186000,186000,186000,186000,186000
58914110,써멀테이크 DDR5-6000 CL36 TOUGHRAM XG RGB 화이트 패키지,써멀테이크 TOUGHRAM XG RGB 화이트 패키지,DDR5,6000,CL36,32GB(16GX2),32,186000,186000,186000,186000,186000,186000,186000,186000,186000,186000,186000,186000,186000,186000,186000,186000,186000,186000,186000,186000,186000,186000,186000,186000,186000,186000,186000,186000,186000,186000
58939463,써멀테이크 DDR5-6400 CL32 TOUGHRAM RGB 블랙 패키지,써멀테이크 TOUGHRAM RGB 블랙 패키지,DDR5,6400,CL32,32GB(16GX2),32,209000,209000,209000,209000,209000,209000,209000,209000,209000,209000,209000,209000,209000,209000,209000,209000,209000,209000,209000,209000,209000,209000,209000,209000,209000,209000,209000,200000,200000,200000
58939466,써멀테이크 DDR5-6400 CL32 TOUGHRAM RGB 화이트 패키지,써멀테이크 TOUGHRAM RGB 화이트 패키지,DDR5,6400,CL32,32GB(16GX2),32,209000,209000,209000,209000,209000,209000,209000,209000,209000,209000,209000,209000,209000,209000,209000,209000,209000,209000,209000,209000,209000,209000,209000,209000,209000,209000,209000,209000,209000,209000
58916537,써멀테이크 DDR5-6600 CL32 TOUGHRAM XG RGB 블랙 패키지,써멀테이크 TOUGHRAM XG RGB 블랙 패키지,DDR5,6600,CL32,32GB(16GX2),32,219000,219000,219000,219000,219000,219000,219000,219000,219000,219000,219000,219000,219000,219000,219000,219000,219000,219000,219000,219000,219000,219000,219000,219000,219000,219000,219000,219000,219000,219000
58916591,써멀테이크 DDR5-6600 CL32 TOUGHRAM XG RGB 화이트 패키지,써멀테이크 TOUGHRAM XG RGB 화이트 패키지,DDR5,6600,CL32,32GB(16GX2),32,219000,219000,219000,219000,219000,219000,219000,219000,219000,219000,219000,219000,219000,219000,219000,219000,219000,219000,219000,219000,219000,219000,219000,219000,219000,219000,219000,219000,219000,219000
48480317,아이티젠 DDR3-1333,아이티젠,DDR3,1333,0,8GB,8,8000,8000,8000,8000,8000,7900,7900,7900,7900,7900,7900,7900,7900,7900,7900,7900,7900,7900,7900,7800,7800,7800,7800,7700,7600,7600,7600,7600,7600,7600
47840942,아이티젠 DDR3-1600,아이티젠,DDR3,1600,0,8GB,8,8000,8000,8000,8000,8000,7900,7900,7900,7900,7900,7900,7900,7900,7900,7900,7900,7900,7900,7900,7800,7800,7800,7800,7700,7600,7600,7600,7600,7600,7600
54481355,아이티젠 DDR3-1600 1.35V,아이티젠 1.35V,DDR3,1600,0,8GB,8,9200,9200,9200,9200,9200,9100,9100,9100,9100,9100,9100,9100,8900,8900,8900,8900,8900,8900,8900,8900,8900,8900,8900,8800,8800,8800,8800,8800,8800,8800
54482123,아이티젠 DDR4-2133,아이티젠,DDR4,2133,0,8GB,8,16770,16750,16740,16720,16610,16490,16370,16260,17360,17250,17130,17010,17100,17380,17380,17380,17380,17380,17380,17380,17380,17380,17380,17330,17310,17270,17160,17150,17140,17130
54481793,아이티젠 DDR4-2400,아이티젠,DDR4,2400,0,8GB,8,16660,16630,16530,16500,16390,16270,17360,17250,17130,17010,16890,16770,17100,17380,17380,17380,17380,17380,17380,17380,17380,17380,17380,17330,17310,17240,17130,17030,17020,17010
54481856,아이티젠 DDR4-2666,아이티젠,DDR4,2666,0,16GB,16,32700,32690,32680,32670,32640,32520,32400,32280,32160,32040,31920,31800,33280,33810,33810,33810,33810,33810,33810,33810,33810,33810,33810,33750,33640,33560,33530,33430,33420,33390
54481856,아이티젠 DDR4-2666,아이티젠,DDR4,2666,0,8GB,8,16650,16640,16630,16620,16590,16470,16350,16260,17380,17350,17230,17110,17100,17380,17380,17380,17380,17380,17380,17380,17380,17380,17380,17330,17230,17220,17210,17200,17190,17160
54481835,아이티젠 DDR4-2666,아이티젠,DDR4,2666,0,16GB,16,0,0,0,0,0,0,0,0,0,0,0,0,0,0,0,0,0,0,0,33810,33810,33810,33810,0,0,0,0,0,0,0
54481835,아이티젠 DDR4-2666,아이티젠,DDR4,2666,0,8GB,8,0,0,0,0,0,0,0,0,0,0,0,0,0,0,0,0,0,0,0,17380,17380,17380,17380,0,0,0,0,0,0,0
54482183,아이티젠 DDR4-3200,아이티젠,DDR4,3200,0,16GB,16,33890,32490,32490,36950,36910,32490,32490,32490,32490,32490,32490,33900,32490,32490,33900,33900,32490,32490,32490,32490,32490,32490,32490,32490,32490,33900,33890,33890,33890,33890
54482183,아이티젠 DDR4-3200,아이티젠,DDR4,3200,0,8GB,8,17640,17610,17510,17500,17470,17350,18690,18580,18460,18340,18220,18100,18230,18520,18520,18520,18520,18520,18520,18520,18520,18520,18520,18470,18450,18410,18390,18380,18370,18360
54482201,아이티젠 DDR4-3200,아이티젠,DDR4,3200,0,16GB,16,33890,32490,0,0,0,0,32490,32490,32490,32490,32490,33900,0,0,0,0,0,0,32490,32490,32490,32490,32490,32490,32490,33900,33890,33890,33890,33890
54482201,아이티젠 DDR4-3200,아이티젠,DDR4,3200,0,8GB,8,17640,17610,0,0,0,0,18690,18580,18460,18340,18220,18100,0,0,0,0,0,0,18520,18520,18520,18520,18520,18470,18450,18410,18390,18380,18370,18360
54481535,아이티젠 노트북 DDR3-1333 1.5V,아이티젠 노트북 1.5V,DDR3,1333,0,8GB,8,10400,10400,10400,10400,10400,10400,10400,10400,10400,10400,10400,10400,10400,10400,10400,10400,10400,10400,10400,10400,10400,10400,10400,10400,10400,10400,10390,10390,10390,10390
54481385,아이티젠 노트북 DDR3-1600 1.35V,아이티젠 노트북 1.35V,DDR3,1600,0,8GB,8,10400,10400,10400,10400,10400,10400,10400,10400,10400,10400,10400,10400,10400,10400,10400,10400,10400,10400,10400,10400,10400,10400,10400,10200,10200,10200,10200,10200,10200,10200
54481580,아이티젠 노트북 DDR3-1600 1.5V,아이티젠 노트북 1.5V,DDR3,1600,0,8GB,8,10400,10400,10400,10400,10400,10400,10400,10400,10400,10400,10400,10400,10400,10400,10400,10400,10400,10400,10400,10400,10400,10400,10400,10400,10400,10400,10390,10390,10390,10390
54482150,아이티젠 노트북 DDR4-2133,아이티젠 노트북,DDR4,2133,0,8GB,8,16640,16630,16620,16610,17280,17170,17050,16930,16810,16690,17370,16940,16990,16990,16990,16990,16990,16990,16990,16990,16990,16990,16990,16940,16920,16830,16820,16810,16800,16770
54481820,아이티젠 노트북 DDR4-2400,아이티젠 노트북,DDR4,2400,0,8GB,8,17000,16990,16980,16970,16940,16820,16700,16610,17360,16920,16800,16680,16990,16990,16990,16990,16990,16990,16990,16990,16990,16990,16990,16940,16920,16880,16860,16830,16710,16620
54481916,아이티젠 노트북 DDR4-2666,아이티젠 노트북,DDR4,2666,0,16GB,16,32760,32740,32730,32710,32600,32480,32360,32240,32120,32000,31960,34350,34230,34110,34100,34100,34100,34100,34100,34100,34100,34100,34100,34040,33930,33900,33890,33880,33870,33860
54481916,아이티젠 노트북 DDR4-2666,아이티젠 노트북,DDR4,2666,0,8GB,8,16640,16630,16620,16610,16610,17380,17350,17230,17110,16990,16870,16750,17200,17380,17380,17380,17380,17380,17380,17380,17380,17380,17380,17330,17230,17220,16930,16830,16820,16790
54482174,아이티젠 노트북 DDR4-3200,아이티젠 노트북,DDR4,3200,0,16GB,16,35350,35340,35330,35300,35190,35070,34950,34830,34710,34590,34470,34350,35430,36000,36000,36000,36000,36000,36000,36000,36000,34990,34980,34930,34910,34880,34870,34860,34850,34820
54482174,아이티젠 노트북 DDR4-3200,아이티젠 노트북,DDR4,3200,0,8GB,8,19490,19490,19490,19490,19490,19490,19490,19490,19490,19490,19490,19490,19490,19490,19490,19490,19490,19490,19490,19490,19490,19490,19490,19490,19490,19490,19490,19490,19490,19490
54482195,아이티젠 노트북 DDR4-3200,아이티젠 노트북,DDR4,3200,0,16GB,16,0,0,0,0,0,0,0,0,0,0,0,0,0,0,0,0,0,0,0,0,0,0,0,34930,34910,34880,0,0,0,0
54482195,아이티젠 노트북 DDR4-3200,아이티젠 노트북,DDR4,3200,0,8GB,8,0,0,0,0,0,0,0,0,0,0,0,0,0,0,0,0,0,0,0,0,0,0,0,19490,19490,19490,0,0,0,0
15852416,앱코 DDR4-3200 CL14 AGM R30RH 화이트 패키지,앱코 AGM R30RH 화이트 패키지,DDR4,3200,CL14,32GB(16GX2),32,320000,320000,320000,320000,320000,320000,320000,320000,320000,320000,320000,320000,320000,320000,320000,320000,320000,320000,320000,320000,320000,320000,320000,320000,320000,320000,320000,320000,320000,320000
14207183,에이서 프레데터 DDR4-3200 CL14 APOLLO 패키지,에이서 프레데터 APOLLO 패키지,DDR4,3200,CL14,16GB(8GX2),16,257930,257930,257930,257930,257930,257930,257930,257930,257930,257930,257930,257930,257930,257930,257930,257930,257930,257930,257930,257930,257930,257930,257930,257930,257930,257930,257930,257930,257930,257930
16992575,에이서 프레데터 DDR4-3200 CL14 VESTA 패키지,에이서 프레데터 VESTA 패키지,DDR4,3200,CL14,16GB(8GX2),16,83880,83880,83880,83880,83880,83880,83880,83880,83880,83880,83880,83880,83880,83880,83880,83880,83880,83880,83880,83880,83880,83880,83880,83880,83880,83880,83880,83880,83880,83880
14207501,에이서 프레데터 DDR4-3600 CL16 APOLLO 패키지,에이서 프레데터 APOLLO 패키지,DDR4,3600,CL16,32GB(16GX2),32,166020,166020,166020,166020,166020,166020,166020,166020,166020,166020,166020,166020,166020,166020,166020,166020,166020,166020,166020,166020,166020,166020,166020,166020,166020,166020,166020,166020,166020,166020
8540480,이메이션 DDR3-1600 CL11,이메이션,DDR3,1600,CL11,8GB,8,18900,18900,18920,18920,18920,18920,18920,18920,18920,18920,18920,18920,18920,18920,18920,18920,18920,18920,18920,18920,18960,18960,18960,18960,18960,18960,18960,18960,18960,18960
8540480,이메이션 DDR3-1600 CL11,이메이션,DDR3,1600,CL11,4GB,4,11700,11700,11900,11900,11900,11900,11900,11900,11900,11900,11900,11900,9900,9900,9900,9900,9900,9900,9900,9900,9900,9900,9900,9900,9900,9900,9900,9900,9900,9900
7868572,이메이션 DDR4-2666,이메이션,DDR4,2666,0,8GB,8,19400,19400,19470,19470,19960,19960,19960,19960,19960,19960,19960,19960,19960,19960,19960,19960,19960,19960,19960,19960,19960,19960,19960,19960,19960,19960,19960,0,0,0
7868572,이메이션 DDR4-2666,이메이션,DDR4,2666,0,4GB,4,11900,11900,11900,11900,11900,11900,11900,11900,11900,11900,11900,11900,10940,10940,10940,10940,10940,10940,10940,10940,10940,10940,10940,10940,10940,10940,10940,0,0,0
7829710,이메이션 DDR4-2666,이메이션,DDR4,2666,0,8GB,8,0,0,0,0,0,0,0,0,0,0,0,0,0,0,0,0,0,0,0,0,0,0,0,0,0,0,0,19960,19960,19960
7829710,이메이션 DDR4-2666,이메이션,DDR4,2666,0,4GB,4,0,0,0,0,0,0,0,0,0,0,0,0,0,0,0,0,0,0,0,0,0,0,0,0,0,0,0,10940,10940,10940
15860627,이메이션 DDR4-3200 CL22,이메이션,DDR4,3200,CL22,32GB,32,72900,72900,72900,72900,72900,72900,72900,72900,72900,72900,72900,72900,72900,72900,72900,72900,72900,72900,72900,72900,72900,72900,72900,72900,72900,0,0,0,0,0
15860627,이메이션 DDR4-3200 CL22,이메이션,DDR4,3200,CL22,16GB,16,34980,34970,35100,36900,36900,36900,36900,36900,36900,36900,36900,36900,36900,36900,36900,36900,36900,36900,36900,36900,36900,36900,36900,36900,36900,0,0,0,0,0
15860627,이메이션 DDR4-3200 CL22,이메이션,DDR4,3200,CL22,8GB,8,19900,19900,19940,19940,19940,19940,19940,19940,19940,19940,19940,19940,19940,19940,19940,19940,19940,19940,19940,19940,19940,19940,19940,19940,19940,0,0,0,0,0
10495707,이메이션 DDR4-3200 CL22,이메이션,DDR4,3200,CL22,32GB,32,0,0,0,0,0,0,0,0,0,0,0,0,0,0,0,0,0,0,0,0,0,0,0,0,0,72900,72900,72900,72900,72900
10495707,이메이션 DDR4-3200 CL22,이메이션,DDR4,3200,CL22,16GB,16,0,0,0,0,0,0,0,0,0,0,0,0,0,0,0,0,0,0,0,0,0,0,0,0,0,36900,36900,36900,36900,36900
10495707,이메이션 DDR4-3200 CL22,이메이션,DDR4,3200,CL22,8GB,8,0,0,0,0,0,0,0,0,0,0,0,0,0,0,0,0,0,0,0,0,0,0,0,0,0,19940,19940,19940,19940,19940
61544036,이메이션 DDR5-5600 CL46,이메이션,DDR5,5600,CL46,32GB,32,115500,115500,115500,115500,115500,115500,115500,115500,115500,115500,115500,115500,115500,115500,115500,115500,115500,115500,115500,115500,115500,115500,115500,115500,115500,115500,115500,115500,115500,115500
61544036,이메이션 DDR5-5600 CL46,이메이션,DDR5,5600,CL46,16GB,16,61900,61900,61900,61900,61900,61900,61900,61900,61900,61900,61900,61900,61900,61900,61900,61900,61900,61900,61900,61900,61900,61900,61900,61900,61900,61900,61900,61900,61900,61900
61544036,이메이션 DDR5-5600 CL46,이메이션,DDR5,5600,CL46,8GB,8,35180,35180,35180,35180,35180,35180,35180,35180,35180,35180,35180,35180,35180,35180,35180,35180,35180,35180,35180,35180,35180,35180,35180,35180,35180,35180,35180,35180,35180,35180
61544030,이메이션 DDR5-5600 CL46,이메이션,DDR5,5600,CL46,32GB,32,115500,115500,115500,115500,115500,115500,115500,115500,115500,115500,115500,115500,115500,115500,115500,115500,115500,115500,115500,115500,115500,115500,115500,115500,115500,115500,115500,115500,0,0
61544030,이메이션 DDR5-5600 CL46,이메이션,DDR5,5600,CL46,16GB,16,61900,61900,61900,61900,61900,61900,61900,61900,61900,61900,61900,61900,61900,61900,61900,61900,61900,61900,61900,61900,61900,61900,61900,61900,61900,61900,61900,61900,0,0
61544030,이메이션 DDR5-5600 CL46,이메이션,DDR5,5600,CL46,8GB,8,35180,35180,35180,35180,35180,35180,35180,35180,35180,35180,35180,35180,35180,35180,35180,35180,35180,35180,35180,35180,35180,35180,35180,35180,35180,35180,35180,35180,0,0
61544039,이메이션 DDR5-5600 CL46,이메이션,DDR5,5600,CL46,32GB,32,0,0,0,0,0,0,0,0,0,0,0,0,0,0,0,0,0,0,0,0,0,0,0,0,0,0,0,0,115500,115500
61544039,이메이션 DDR5-5600 CL46,이메이션,DDR5,5600,CL46,16GB,16,0,0,0,0,0,0,0,0,0,0,0,0,0,0,0,0,0,0,0,0,0,0,0,0,0,0,0,0,61900,61900
61544039,이메이션 DDR5-5600 CL46,이메이션,DDR5,5600,CL46,8GB,8,0,0,0,0,0,0,0,0,0,0,0,0,0,0,0,0,0,0,0,0,0,0,0,0,0,0,0,0,35180,35180
8540342,이메이션 노트북 DDR3-1600 CL11,이메이션 노트북,DDR3,1600,CL11,8GB,8,19600,19600,19900,19900,19900,19900,19900,19900,19900,19900,19900,19900,19900,19900,19900,19900,19900,19900,19900,19900,19900,19900,19900,19900,19900,19900,19900,19900,19900,19900
8540342,이메이션 노트북 DDR3-1600 CL11,이메이션 노트북,DDR3,1600,CL11,4GB,4,11900,11700,11900,11900,11900,11900,11900,11900,11900,12100,12100,12100,12100,12100,12100,12100,12100,12100,12100,12100,12100,12100,12100,12100,12100,12100,12100,12100,12100,12100
8109544,이메이션 노트북 DDR4-2666,이메이션 노트북,DDR4,2666,0,8GB,8,19160,0,0,0,0,0,0,19200,19200,0,19200,19200,19200,19200,19200,19200,19200,0,0,0,0,0,0,0,0,0,0,0,0,0
8109544,이메이션 노트북 DDR4-2666,이메이션 노트북,DDR4,2666,0,4GB,4,13800,0,0,0,0,0,0,13900,13900,0,13900,13900,13900,13900,13900,13900,13900,0,0,0,0,0,0,0,0,0,0,0,0,0
8109541,이메이션 노트북 DDR4-2666,이메이션 노트북,DDR4,2666,0,8GB,8,0,19100,19200,19200,19200,19200,19200,0,0,19200,0,0,0,0,0,0,0,19200,19200,19200,19200,19200,19200,19200,19200,19200,19200,19200,19200,19200
8109541,이메이션 노트북 DDR4-2666,이메이션 노트북,DDR4,2666,0,4GB,4,0,13800,13900,13900,13900,13900,13900,0,0,13900,0,0,0,0,0,0,0,13900,13900,13900,13900,13900,13900,13900,13900,13900,13900,13900,13900,13900
15851600,이메이션 노트북 DDR4-3200 CL22,이메이션 노트북,DDR4,3200,CL22,32GB,32,74900,74900,74900,74900,74900,74900,0,74900,74900,74900,74900,74900,74900,74900,74900,74900,74900,74900,74900,74900,74900,74900,74900,74900,74900,75500,75500,75500,75500,75500
15851600,이메이션 노트북 DDR4-3200 CL22,이메이션 노트북,DDR4,3200,CL22,16GB,16,42900,42900,42900,42900,42900,42900,0,42900,42900,42900,42900,42900,42900,42900,42900,42900,42900,42900,42900,42900,42900,42900,42900,42900,42900,42900,42900,42900,42900,42900
15851600,이메이션 노트북 DDR4-3200 CL22,이메이션 노트북,DDR4,3200,CL22,8GB,8,21900,21700,21900,22550,22550,22550,0,22550,22550,22550,22550,22550,22550,22550,22550,22550,22550,22550,22550,22550,22550,22550,22550,22550,22550,22550,22550,22550,22550,22550
15476621,이메이션 노트북 DDR4-3200 CL22,이메이션 노트북,DDR4,3200,CL22,32GB,32,0,0,0,0,0,0,74900,0,0,0,0,0,0,0,0,0,0,0,0,0,0,0,0,0,0,0,0,0,0,0
15476621,이메이션 노트북 DDR4-3200 CL22,이메이션 노트북,DDR4,3200,CL22,16GB,16,0,0,0,0,0,0,42900,0,0,0,0,0,0,0,0,0,0,0,0,0,0,0,0,0,0,0,0,0,0,0
15476621,이메이션 노트북 DDR4-3200 CL22,이메이션 노트북,DDR4,3200,CL22,8GB,8,0,0,0,0,0,0,22550,0,0,0,0,0,0,0,0,0,0,0,0,0,0,0,0,0,0,0,0,0,0,0
61420334,이메이션 노트북 DDR5-4800 CL40,이메이션 노트북,DDR5,4800,CL40,32GB,32,113400,113400,113400,113400,113400,113400,113400,113400,113400,113400,113400,113400,113400,113400,113400,113400,113400,113400,113400,113400,113400,113400,113400,113400,113400,113400,113400,113400,113400,113400
61420334,이메이션 노트북 DDR5-4800 CL40,이메이션 노트북,DDR5,4800,CL40,16GB,16,67200,67200,67200,67200,67200,67200,67200,67200,67200,67200,67200,67200,67200,67200,67200,67200,67200,67200,67200,67200,67200,67200,67200,67200,67200,67200,67200,67200,67200,67200
61420334,이메이션 노트북 DDR5-4800 CL40,이메이션 노트북,DDR5,4800,CL40,8GB,8,9890,9890,9890,9890,9890,9890,9890,9890,9890,6890,0,0,0,0,0,0,0,0,0,0,0,0,0,0,0,0,0,0,0,0
61442432,이메이션 노트북 DDR5-4800 CL40,이메이션 노트북,DDR5,4800,CL40,32GB,32,113400,0,0,0,0,0,0,0,0,0,0,0,0,0,0,0,0,0,0,0,0,0,0,0,0,0,0,0,0,0
61442432,이메이션 노트북 DDR5-4800 CL40,이메이션 노트북,DDR5,4800,CL40,16GB,16,67200,0,0,0,0,0,0,0,0,0,0,0,0,0,0,0,0,0,0,0,0,0,0,0,0,0,0,0,0,0
61442432,이메이션 노트북 DDR5-4800 CL40,이메이션 노트북,DDR5,4800,CL40,8GB,8,9890,0,0,0,0,0,0,0,0,0,0,0,0,0,0,0,0,0,0,0,0,0,0,0,0,0,0,0,0,0
61442438,이메이션 노트북 DDR5-4800 CL40,이메이션 노트북,DDR5,4800,CL40,32GB,32,0,113400,113400,113400,113400,113400,113400,113400,113400,113400,113400,113400,113400,113400,113400,113400,113400,113400,113400,113400,113400,113400,113400,113400,113400,113400,113400,113400,113400,113400
61442438,이메이션 노트북 DDR5-4800 CL40,이메이션 노트북,DDR5,4800,CL40,16GB,16,0,67200,67200,67200,67200,67200,67200,67200,67200,67200,67200,67200,67200,67200,67200,67200,67200,67200,67200,67200,67200,67200,67200,67200,67200,67200,67200,67200,67200,67200
61442438,이메이션 노트북 DDR5-4800 CL40,이메이션 노트북,DDR5,4800,CL40,8GB,8,0,9890,9890,9890,9890,9890,9890,9890,9890,6890,0,0,0,0,0,0,0,0,0,0,0,0,0,0,0,0,0,0,0,0
61442444,이메이션 노트북 DDR5-5600 CL46,이메이션 노트북,DDR5,5600,CL46,32GB,32,121280,121280,121280,121280,121280,121280,121280,121280,121280,121280,121280,121280,121280,121280,121280,121280,121280,121280,121280,121280,121280,121280,121280,121280,121280,121280,121280,121280,121280,121280
61442444,이메이션 노트북 DDR5-5600 CL46,이메이션 노트북,DDR5,5600,CL46,16GB,16,59900,59900,59900,59900,59900,59900,59900,59900,59900,59900,59900,59900,59900,59900,59900,59900,59900,59900,59900,59900,59900,59900,59900,59900,59900,59900,59900,59900,59900,59900
61442444,이메이션 노트북 DDR5-5600 CL46,이메이션 노트북,DDR5,5600,CL46,8GB,8,39380,39380,39380,39380,39380,39380,39380,39380,39380,39380,39380,39380,39380,39380,39380,39380,39380,39380,39380,39380,39380,39380,39380,39380,39380,39380,39380,39380,39380,39380
61442447,이메이션 노트북 DDR5-5600 CL46,이메이션 노트북,DDR5,5600,CL46,32GB,32,121280,121280,121280,121280,121280,121280,121280,0,0,121280,0,121280,121280,121280,121280,121280,121280,121280,121280,121280,121280,121280,121280,121280,121280,121280,121280,121280,121280,121280
61442447,이메이션 노트북 DDR5-5600 CL46,이메이션 노트북,DDR5,5600,CL46,16GB,16,59900,59900,59900,59900,59900,59900,59900,0,0,59900,0,59900,59900,59900,59900,59900,59900,59900,59900,59900,59900,59900,59900,59900,59900,59900,59900,59900,59900,59900
61442447,이메이션 노트북 DDR5-5600 CL46,이메이션 노트북,DDR5,5600,CL46,8GB,8,39380,39380,39380,39380,39380,39380,39380,0,0,39380,0,39380,39380,39380,39380,39380,39380,39380,39380,39380,39380,39380,39380,39380,39380,39380,39380,39380,39380,39380
59085248,컴이지 DDR4-2666,컴이지,DDR4,2666,0,16GB,16,34730,34710,34590,34510,34410,34280,35610,35490,35370,35260,35130,35100,34230,34050,33930,33810,33750,33750,33860,34040,34010,33890,33830,33780,33680,33640,33620,33510,33480,33370
59085257,컴이지 노트북 DDR4-2666,컴이지 노트북,DDR4,2666,0,16GB,16,36850,36850,36850,36850,36850,36850,36850,36850,36850,36850,36850,36850,36850,36850,36850,36850,36850,36850,36850,36850,36850,36850,36850,36850,36850,36850,36850,36850,36850,36850
2375179,킹스톤 DDR3-1600,킹스톤,DDR3,1600,0,8GB,8,56540,56540,56540,56540,56540,56540,56540,56540,56540,56540,56540,56540,56540,56540,56540,56540,56540,56540,56540,56540,56540,56540,56540,56540,56540,56540,56540,56540,56540,56540
7013641,킹스톤 DDR4-2666,킹스톤,DDR4,2666,0,8GB,8,35900,35900,35900,35900,35900,35900,35900,35900,35900,35900,35900,35900,35900,35900,35900,35900,35900,35900,35900,35900,35900,35900,35900,35900,35900,35900,0,35900,35900,35900
7013641,킹스톤 DDR4-2666,킹스톤,DDR4,2666,0,4GB,4,29800,29800,29800,29800,29800,29800,29800,29800,29800,29800,29800,29800,29800,29800,29800,29800,29800,29800,29800,29800,29800,29800,29800,29800,29800,29800,0,29770,29650,29530
7013617,킹스톤 DDR4-2666,킹스톤,DDR4,2666,0,8GB,8,0,0,0,0,0,0,0,0,0,0,0,0,0,0,0,0,0,0,0,0,0,0,0,0,0,0,35900,0,0,0
7013617,킹스톤 DDR4-2666,킹스톤,DDR4,2666,0,4GB,4,0,0,0,0,0,0,0,0,0,0,0,0,0,0,0,0,0,0,0,0,0,0,0,0,0,0,29790,0,0,0
16761047,킹스톤 FURY DDR5-5200 CL40 Beast,킹스톤 FURY Beast,DDR5,5200,CL40,16GB,16,171110,171110,171110,171110,171110,171110,171110,171110,171110,171110,171110,171110,171110,171110,171110,171110,171110,171110,171110,171110,171110,171110,171110,171110,171110,171110,171110,171110,171110,171110
18187775,킹스톤 FURY DDR5-5200 CL40 Beast 벌크,킹스톤 FURY Beast 벌크,DDR5,5200,CL40,16GB,16,145500,145500,145500,145500,145500,0,145500,145500,145500,145500,145500,145500,145500,145500,145500,145500,0,145500,145500,145500,0,0,145500,145500,145500,145500,145500,145500,145500,145500
3233702,킹스톤 노트북 DDR3-1600,킹스톤 노트북,DDR3,1600,0,8GB,8,0,0,80000,80000,80000,80000,80000,80000,80000,80000,80000,0,0,0,0,0,0,0,0,0,0,0,0,0,0,0,0,0,0,0
4838666,타무즈 DDR3-1600 CL11,타무즈,DDR3,1600,CL11,8GB,8,18460,0,0,0,0,0,18130,18010,17950,17950,17950,17980,18460,18460,18460,18460,18460,18460,18460,17330,17330,17330,17330,17270,17160,17090,17080,17070,17060,17050
4838666,타무즈 DDR3-1600 CL11,타무즈,DDR3,1600,CL11,4GB,4,12720,0,0,0,0,0,11530,11430,11430,11430,11430,11560,11910,11910,11910,11910,11910,11910,11910,11910,11910,11910,11910,11910,11910,11910,11910,11910,11910,11910
4546000,타무즈 DDR3-1600 CL11,타무즈,DDR3,1600,CL11,8GB,8,0,18460,18460,18460,18370,18250,0,0,0,0,0,0,0,0,0,0,0,0,0,0,0,0,0,0,0,0,0,0,0,0
4546000,타무즈 DDR3-1600 CL11,타무즈,DDR3,1600,CL11,4GB,4,0,12690,11920,11920,11920,11640,0,0,0,0,0,0,0,0,0,0,0,0,0,0,0,0,0,0,0,0,0,0,0,0
4525099,타무즈 DDR4-2133 CL15,타무즈,DDR4,2133,CL15,8GB,8,21940,21020,21020,21020,21020,21010,21010,21010,21000,21000,21000,21000,21730,21730,21730,21730,21730,21730,21730,21730,21730,21730,21730,21730,21660,21620,21600,21590,21580,21570
5722053,타무즈 DDR4-2400 CL15,타무즈,DDR4,2400,CL15,8GB,8,22120,22000,22110,22030,22110,22000,21200,21110,21250,21140,21260,21250,21270,21270,21270,21270,21270,21270,21270,20520,20520,20520,20520,20510,20510,20510,20510,20510,20510,20510
5093440,타무즈 DDR4-2400 CL17,타무즈,DDR4,2400,CL17,8GB,8,21310,21310,21310,20300,20190,20070,19950,19880,19880,19880,19880,20110,19640,19640,19640,19640,19640,19640,19640,19640,19640,19640,19640,19640,19570,19480,19470,19460,19450,19420
6018766,타무즈 DDR4-2666 CL19,타무즈,DDR4,2666,CL19,16GB,16,36070,36060,36050,36040,36010,35890,35770,35650,35590,35470,35350,34950,35310,35310,35310,35310,35310,0,0,35310,0,35310,35310,0,0,0,0,0,0,0
6018766,타무즈 DDR4-2666 CL19,타무즈,DDR4,2666,CL19,8GB,8,18680,18680,18170,18170,18170,18000,17890,17770,17710,17590,17590,17740,17740,17740,17740,17740,17740,0,0,17740,0,17740,17740,0,0,0,0,0,0,0
6018766,타무즈 DDR4-2666 CL19,타무즈,DDR4,2666,CL19,4GB,4,12500,12510,12500,12380,12180,12180,12190,12190,12190,12190,12190,11920,11930,11930,11930,11930,11930,0,0,11930,0,10960,10960,0,0,0,0,0,0,0
6018770,타무즈 DDR4-2666 CL19,타무즈,DDR4,2666,CL19,16GB,16,0,0,0,0,0,0,0,0,0,0,0,0,0,0,0,0,0,35310,35310,0,35310,0,0,35310,35310,35310,35310,34730,34700,34600
6018770,타무즈 DDR4-2666 CL19,타무즈,DDR4,2666,CL19,8GB,8,0,0,0,0,0,0,0,0,0,0,0,0,0,0,0,0,0,17740,17740,0,17740,0,0,17740,17740,17740,17740,17740,17740,17740
6018770,타무즈 DDR4-2666 CL19,타무즈,DDR4,2666,CL19,4GB,4,0,0,0,0,0,0,0,0,0,0,0,0,0,0,0,0,0,11930,11930,0,10970,0,0,10960,10940,10940,10960,10930,10990,10980
13137290,타무즈 DDR4-3200 CL22,타무즈,DDR4,3200,CL22,32GB,32,74870,74870,73120,73120,73120,73120,73120,73120,73110,73110,73110,73110,73110,73110,73110,73110,73110,73110,73110,73110,73110,73110,73110,73110,73110,73110,73110,73110,73110,73110
13137290,타무즈 DDR4-3200 CL22,타무즈,DDR4,3200,CL22,16GB,16,30670,30670,30670,30670,30670,30470,30360,30240,30180,30060,30210,30210,30210,30210,30210,30210,30210,30210,30210,30210,30210,30210,30210,30210,30210,30210,30210,30210,30210,30210
13137290,타무즈 DDR4-3200 CL22,타무즈,DDR4,3200,CL22,8GB,8,18930,18920,18320,18490,18490,18320,18210,18090,18030,17910,17790,17970,18340,18340,18340,18340,18340,18340,18340,18340,18340,18340,18340,18290,18270,18240,18230,18200,18080,17980
13137290,타무즈 DDR4-3200 CL22,타무즈,DDR4,3200,CL22,4GB,4,17100,17090,16490,15630,15630,15630,15630,15630,15620,15620,15620,15620,16430,16430,16430,16430,16430,16430,16430,16430,16430,16430,16430,16370,16300,16260,16240,16230,16220,16190
16293893,타무즈 DDR5-4800 CL40,타무즈,DDR5,4800,CL40,16GB,16,69600,69600,69600,69600,69600,69600,69600,69600,69600,69600,69600,69600,69600,69600,69600,69600,69600,69600,83940,83940,83940,83940,0,0,0,0,0,0,0,0
31998278,타무즈 DDR5-5600 CL46,타무즈,DDR5,5600,CL46,32GB,32,110230,110230,110230,110230,110230,110230,108160,108160,0,0,0,0,0,0,0,108150,108150,108150,108150,108150,103480,103480,103480,103480,103480,103480,103480,103480,103480,103480
31998278,타무즈 DDR5-5600 CL46,타무즈,DDR5,5600,CL46,16GB,16,54270,54270,54270,54270,54270,54270,54270,54270,0,0,0,0,0,0,0,53820,53820,53820,53820,53430,53220,53220,53220,53220,53220,53220,53220,53220,53220,53220
31998326,타무즈 DDR5-5600 CL46,타무즈,DDR5,5600,CL46,32GB,32,0,0,0,0,0,0,0,0,108150,108150,108150,108150,108150,108150,108150,0,0,0,0,0,0,0,0,0,0,0,0,0,0,0
31998326,타무즈 DDR5-5600 CL46,타무즈,DDR5,5600,CL46,16GB,16,0,0,0,0,0,0,0,0,54260,54260,54260,53840,53820,53820,53820,0,0,0,0,0,0,0,0,0,0,0,0,0,0,0
4545912,타무즈 노트북 DDR3-1333 CL9,타무즈 노트북,DDR3,1333,CL9,4GB,4,11500,11490,11480,11470,11440,11110,11080,11080,11070,11070,11070,11070,11400,11400,11400,11400,11400,11400,11400,11400,11400,0,0,0,0,0,11400,11400,11400,11400
4545965,타무즈 노트북 DDR3L-1600 CL11 1.35V,타무즈 노트북 DDR3L-1600 1.35V,0,0,CL11,8GB,8,18810,18810,18810,18810,0,18530,18420,18300,18240,18120,18120,18270,18480,18480,18480,18480,18480,18480,0,0,17160,17160,17160,0,0,0,0,0,0,0
4545965,타무즈 노트북 DDR3L-1600 CL11 1.35V,타무즈 노트북 DDR3L-1600 1.35V,0,0,CL11,4GB,4,12570,12540,12090,12090,0,11940,11870,11870,11860,11860,11860,11860,12090,12090,12090,12090,12090,12090,0,0,12090,12090,12090,0,0,0,0,0,0,0
5215088,타무즈 노트북 DDR3L-1600 CL11 1.35V,타무즈 노트북 DDR3L-1600 1.35V,0,0,CL11,8GB,8,0,0,0,0,18810,0,0,0,0,0,0,0,0,0,0,0,0,0,18480,17160,0,0,0,17160,17090,17000,16990,16980,16970,16940
5215088,타무즈 노트북 DDR3L-1600 CL11 1.35V,타무즈 노트북 DDR3L-1600 1.35V,0,0,CL11,4GB,4,0,0,0,0,12050,0,0,0,0,0,0,0,0,0,0,0,0,0,12090,12090,0,0,0,12090,12020,12010,11930,11810,11690,11600
4546081,타무즈 노트북 DDR4-2133 CL15,타무즈 노트북,DDR4,2133,CL15,8GB,8,27550,27550,27550,27550,27550,27550,27550,27550,27550,27540,27530,27520,27510,27510,27510,27510,27510,27510,27510,27510,27510,27510,27510,27510,27510,27510,27510,27510,27500,0
5971453,타무즈 노트북 DDR4-2400 CL17,타무즈 노트북,DDR4,2400,CL17,8GB,8,27540,27540,27540,27540,27550,27550,27980,27990,27990,37200,37200,0,0,0,0,0,0,0,27990,27990,37200,37200,37200,37200,37200,0,0,0,0,0
7004512,타무즈 노트북 DDR4-2666 CL19,타무즈 노트북,DDR4,2666,CL19,16GB,16,37400,37400,37400,37400,37400,37400,37400,37400,37400,37400,0,35330,35320,35320,35320,35320,35320,35320,35320,35320,35020,35020,35020,35020,35020,35020,35020,35020,35020,35020
7004512,타무즈 노트북 DDR4-2666 CL19,타무즈 노트북,DDR4,2666,CL19,8GB,8,19560,19550,18510,18430,18410,18380,18260,18140,18080,18030,0,17920,18100,18100,18100,18100,18100,18100,18100,18100,17990,17980,17980,17930,17910,17840,17830,17820,17810,17780
7004512,타무즈 노트북 DDR4-2666 CL19,타무즈 노트북,DDR4,2666,CL19,4GB,4,14520,14520,14520,14520,14520,14290,14200,14200,14200,14200,0,12680,12670,12670,12670,12670,12670,12670,12670,12670,12470,12470,12470,12470,12470,12470,12470,12470,12470,12470
7151392,타무즈 노트북 DDR4-2666 CL19,타무즈 노트북,DDR4,2666,CL19,16GB,16,0,0,0,0,0,0,0,0,0,0,37400,0,0,0,0,0,0,0,0,0,0,0,0,0,0,0,0,0,0,0
7151392,타무즈 노트북 DDR4-2666 CL19,타무즈 노트북,DDR4,2666,CL19,8GB,8,0,0,0,0,0,0,0,0,0,0,18030,0,0,0,0,0,0,0,0,0,0,0,0,0,0,0,0,0,0,0
7151392,타무즈 노트북 DDR4-2666 CL19,타무즈 노트북,DDR4,2666,CL19,4GB,4,0,0,0,0,0,0,0,0,0,0,14290,0,0,0,0,0,0,0,0,0,0,0,0,0,0,0,0,0,0,0
10450275,타무즈 노트북 DDR4-3200 CL16,타무즈 노트북,DDR4,3200,CL16,8GB,8,19560,19550,19540,19530,19500,19380,0,0,18240,18120,18000,17970,18550,18550,18550,18550,18550,18550,18550,18550,18550,18550,18550,18500,18480,18390,18380,18370,18360,18330
13137374,타무즈 노트북 DDR4-3200 CL22,타무즈 노트북,DDR4,3200,CL22,32GB,32,76950,76950,73120,73120,73120,0,0,0,0,0,0,0,0,0,0,0,0,0,0,0,0,0,0,0,0,0,0,0,0,0
13137374,타무즈 노트북 DDR4-3200 CL22,타무즈 노트북,DDR4,3200,CL22,16GB,16,37430,37430,35880,35880,35880,0,0,0,0,0,0,0,0,0,0,0,0,0,0,0,0,0,0,0,0,0,0,0,0,0
13137374,타무즈 노트북 DDR4-3200 CL22,타무즈 노트북,DDR4,3200,CL22,8GB,8,19240,19240,19240,19240,19240,0,0,0,0,0,0,0,0,0,0,0,0,0,0,0,0,0,0,0,0,0,0,0,0,0
13137374,타무즈 노트북 DDR4-3200 CL22,타무즈 노트북,DDR4,3200,CL22,4GB,4,17050,17050,16640,15630,15630,0,0,0,0,0,0,0,0,0,0,0,0,0,0,0,0,0,0,0,0,0,0,0,0,0
13137365,타무즈 노트북 DDR4-3200 CL22,타무즈 노트북,DDR4,3200,CL22,32GB,32,0,0,0,0,0,73120,73120,73120,73110,73110,73110,73110,74670,74670,74670,74670,74670,74670,74670,74670,74670,74670,74670,74670,74670,74670,74670,74670,74670,74670
13137365,타무즈 노트북 DDR4-3200 CL22,타무즈 노트북,DDR4,3200,CL22,16GB,16,0,0,0,0,0,34970,34860,34740,34680,34560,34440,34400,34790,34790,34790,34790,34790,34790,34790,34790,34790,34790,34790,34320,34320,34320,34320,34320,34320,34320
13137365,타무즈 노트북 DDR4-3200 CL22,타무즈 노트북,DDR4,3200,CL22,8GB,8,0,0,0,0,0,19240,17950,17830,17770,17650,17590,17790,17780,17780,17780,17780,17780,17780,17780,17780,17780,17780,17780,17780,17780,17780,17780,17780,17780,17780
13137365,타무즈 노트북 DDR4-3200 CL22,타무즈 노트북,DDR4,3200,CL22,4GB,4,0,0,0,0,0,15630,15630,15630,15630,15630,16420,16430,16430,16430,16430,16430,16430,16430,16430,16430,16430,16430,16430,16430,16430,16430,16350,16250,16240,16210
43488509,타무즈 노트북 DDR5-5600 CL46,타무즈 노트북,DDR5,5600,CL46,32GB,32,121440,121440,121440,121440,121440,121440,121440,121440,121440,121440,121440,119390,119370,119370,119370,119370,119370,119370,119370,119370,119370,0,0,0,0,0,0,0,0,0
43488509,타무즈 노트북 DDR5-5600 CL46,타무즈 노트북,DDR5,5600,CL46,16GB,16,59000,58990,58980,58950,58840,58720,58600,58480,58420,58300,58180,58060,58450,58450,58450,58450,58450,58450,58450,58450,57840,0,0,0,0,0,0,0,0,0
43488485,타무즈 노트북 DDR5-5600 CL46,타무즈 노트북,DDR5,5600,CL46,32GB,32,0,0,0,0,0,0,0,0,0,0,0,0,0,0,0,0,0,0,0,0,0,119370,119370,119370,119370,119370,119370,119370,119370,119370
43488485,타무즈 노트북 DDR5-5600 CL46,타무즈 노트북,DDR5,5600,CL46,16GB,16,0,0,0,0,0,0,0,0,0,0,0,0,0,0,0,0,0,0,0,0,0,57830,57830,57780,57760,57720,57700,57670,57550,57430
8111455,트랜센드 DDR3-1600,트랜센드,DDR3,1600,0,4GB,4,10000,10000,10000,10000,10000,10000,10000,10000,10000,10000,10000,10000,10000,10000,10000,10000,10000,10000,10000,10000,10000,10000,10000,10000,10000,10000,10000,10000,10000,10000
8111281,트랜센드 DDR4-2666 CL19,트랜센드,DDR4,2666,CL19,16GB,16,83000,83000,83000,83000,83000,83000,83000,83000,83000,83000,83000,83000,83000,83000,83000,83000,83000,83000,83000,83000,83000,83000,83000,83000,83000,83000,83000,83000,83000,83000
8111281,트랜센드 DDR4-2666 CL19,트랜센드,DDR4,2666,CL19,8GB,8,23880,23870,23860,23850,23820,23700,23580,23460,23350,23490,23490,23870,23900,23900,23900,23900,23900,23900,23900,23900,23900,23900,23900,23870,23770,23690,23660,23560,23550,23540
8111281,트랜센드 DDR4-2666 CL19,트랜센드,DDR4,2666,CL19,4GB,4,14370,14370,14370,14370,14370,14370,14370,14370,14370,14370,14370,14370,14370,14370,14370,14370,14370,14370,14370,14370,14370,14370,14370,14370,14370,14370,14370,14370,14370,14370
12076634,트랜센드 DDR4-3200 CL22,트랜센드,DDR4,3200,CL22,32GB,32,85230,85230,85230,85230,85230,80970,80970,80970,80970,80970,80970,80970,80970,80970,80970,80970,80970,80970,80970,80970,80970,80970,80970,80970,0,0,80970,0,80970,80970
12076634,트랜센드 DDR4-3200 CL22,트랜센드,DDR4,3200,CL22,16GB,16,44600,44600,44600,44600,44600,44600,44600,44600,44600,44600,44600,44600,44600,44600,44600,44600,44600,44600,44600,44600,44600,44600,44600,44600,0,0,44600,0,44600,44600
12076634,트랜센드 DDR4-3200 CL22,트랜센드,DDR4,3200,CL22,8GB,8,23820,23820,23820,23820,23820,23820,23810,23810,23810,23810,23810,23900,23900,23900,23820,23820,23820,23820,23820,23820,23820,23900,23900,23900,0,0,24120,0,23560,23560
12076634,트랜센드 DDR4-3200 CL22,트랜센드,DDR4,3200,CL22,4GB,4,14970,14970,14970,14970,14970,14970,14970,14970,14970,14970,14970,14970,14970,14970,14970,14970,14970,14970,14970,14970,14970,14970,14970,14970,0,0,14970,0,14970,14970
12076652,트랜센드 DDR4-3200 CL22,트랜센드,DDR4,3200,CL22,32GB,32,0,0,0,0,0,0,0,0,0,0,0,0,0,0,0,0,0,0,0,0,0,0,0,0,80970,80970,0,80970,0,0
12076652,트랜센드 DDR4-3200 CL22,트랜센드,DDR4,3200,CL22,16GB,16,0,0,0,0,0,0,0,0,0,0,0,0,0,0,0,0,0,0,0,0,0,0,0,0,44600,44600,0,44600,0,0
12076652,트랜센드 DDR4-3200 CL22,트랜센드,DDR4,3200,CL22,8GB,8,0,0,0,0,0,0,0,0,0,0,0,0,0,0,0,0,0,0,0,0,0,0,0,0,24120,24120,0,23560,0,0
12076652,트랜센드 DDR4-3200 CL22,트랜센드,DDR4,3200,CL22,4GB,4,0,0,0,0,0,0,0,0,0,0,0,0,0,0,0,0,0,0,0,0,0,0,0,0,14970,14970,0,14970,0,0
16867085,트랜센드 DDR5-4800 CL40,트랜센드,DDR5,4800,CL40,32GB,32,108220,108130,108030,108020,0,107840,107720,0,0,0,0,107120,107420,107360,0,0,0,0,0,0,0,0,107010,106910,0,0,0,0,0,0
16867085,트랜센드 DDR5-4800 CL40,트랜센드,DDR5,4800,CL40,16GB,16,54440,54420,54410,54380,0,54140,54020,0,0,0,0,54740,54750,54750,0,0,0,0,0,0,0,0,54750,54740,0,0,0,0,0,0
16867106,트랜센드 DDR5-4800 CL40,트랜센드,DDR5,4800,CL40,32GB,32,0,0,0,0,107950,0,0,107600,107480,107360,107240,0,0,0,107340,107340,107340,107340,107340,107220,107150,107080,0,0,106810,106720,106710,106700,106620,106530
16867106,트랜센드 DDR5-4800 CL40,트랜센드,DDR5,4800,CL40,16GB,16,0,0,0,0,54260,0,0,53900,53780,53670,54740,0,0,0,54750,54750,54750,54750,54750,54750,54750,54750,0,0,54740,54740,54740,54740,54740,54740
17170637,트랜센드 DDR5-4800 CL40 Jetram,트랜센드 Jetram,DDR5,4800,CL40,16GB,16,0,54740,54740,54740,54740,54740,54740,54740,54740,54740,54740,0,0,0,0,0,0,0,0,0,54740,54740,54740,54740,54740,54740,54740,54740,54740,54740
28469759,트랜센드 DDR5-5600 CL46 Jetram,트랜센드 Jetram,DDR5,5600,CL46,16GB,16,56690,56690,56690,57950,56700,56700,56690,56660,56580,56690,56690,56700,56700,56700,56700,56700,56700,56700,56700,56700,56700,56700,56700,56700,57950,57950,57950,57950,0,0
5800819,트랜센드 노트북 DDR2-667 중고,트랜센드 노트북 DDR2-667 중고,0,0,0,2GB,2,13000,13000,13000,13000,13000,13000,0,0,0,0,0,13000,0,0,0,0,0,0,0,0,0,0,0,0,0,0,0,0,0,0
5800754,트랜센드 노트북 DDR2-800 중고,트랜센드 노트북 DDR2-800 중고,0,0,0,2GB,2,16000,16000,16000,16000,16000,16000,16000,16000,16000,16000,16000,16000,16000,16000,16000,16000,16000,16000,16000,16000,16000,16000,16000,16000,16000,16000,16000,16000,16000,16000
11272713,트랜센드 노트북 DDR4-2666 CL19,트랜센드 노트북,DDR4,2666,CL19,16GB,16,47710,47710,47710,47710,47710,47710,47710,47710,47710,47710,47710,47710,47710,47710,47710,47710,47710,47710,47710,47710,47710,47710,47640,47640,47640,47640,47640,47640,47640,47640
12076664,트랜센드 노트북 DDR4-3200 CL22,트랜센드 노트북,DDR4,3200,CL22,32GB,32,199000,199000,199000,199000,199000,189050,189050,189050,189050,189050,189050,189050,189050,189050,189050,189050,189050,189050,189050,189050,189050,189050,189050,189050,189050,189050,189050,189050,189050,189050
12076664,트랜센드 노트북 DDR4-3200 CL22,트랜센드 노트북,DDR4,3200,CL22,16GB,16,45090,45090,45090,46040,45040,45030,44980,44870,45030,45030,45030,45030,45030,45030,45030,45030,45030,45030,45030,45030,45030,45030,45030,45030,45030,45030,45030,45030,45030,45030
12076664,트랜센드 노트북 DDR4-3200 CL22,트랜센드 노트북,DDR4,3200,CL22,8GB,8,22890,22890,22890,22890,22290,22290,22300,22300,22300,22300,22300,22300,22300,22300,22300,22300,22300,22300,22300,22300,22300,22300,22300,22300,22300,22300,22300,22300,22300,22300
12076664,트랜센드 노트북 DDR4-3200 CL22,트랜센드 노트북,DDR4,3200,CL22,4GB,4,17610,17610,17610,17610,17610,16730,16730,16730,16730,16730,16730,16730,16730,16730,16730,16730,16730,16730,16730,16730,16730,16730,16730,16730,16730,16730,16730,16730,16730,16730
