Id,Name,2025-11-01,2025-11-02,2025-11-03,2025-11-04,2025-11-05,2025-11-06,2025-11-07,2025-11-08,2025-11-09,2025-11-10,2025-11-11,2025-11-12,2025-11-13,2025-11-14,2025-11-15,2025-11-16,2025-11-17,2025-11-18,2025-11-19,2025-11-20,2025-11-21,2025-11-22,2025-11-23,2025-11-24,2025-11-25,2025-11-26,2025-11-27,2025-11-28,2025-11-29,2025-11-30,gpu_model,capacity,tail_paren,name_rest
78306452,AFOX 라데온 RX 580 2048SP D5 8GB 디앤디컴,"165,000","165,000","165,000","165,000","165,000","170,000","170,000","183,000","183,000","183,000","239,000","239,000","239,000","239,000","239,000","239,000","239,000",0,0,0,0,0,0,0,0,0,0,0,0,0,RX 580 2048SP,8GB,0,AFOX 라데온 D5 디앤디컴
19565588,AFOX 지포스 GTX 1660 SUPER H4 D6 6GB DUAL 대원씨티에스,0,0,0,0,0,0,0,0,0,0,"239,560","239,560","243,950","243,950",0,0,"243,950","243,950",0,0,"243,950","243,950","243,950","243,950","243,950","243,950","243,950","243,950","243,950","243,950",GTX 1660 SUPER,6GB,0,AFOX 지포스 H4 D6 DUAL 대원씨티에스
62160371,AFOX 지포스 GTX 1660 SUPER H7 D6 6GB DUAL 백플레이트 디앤디컴,"275,530","275,530","275,530","275,530","275,530","275,530","275,530","275,530","275,530","275,530","275,530","275,530","275,530","275,530","275,530","275,530","275,530","275,530","275,530","275,530","275,530","275,530","275,530","275,530","275,530",0,0,0,0,0,GTX 1660 SUPER,6GB,0,AFOX 지포스 H7 D6 DUAL 백플레이트 디앤디컴
86956622,AFOX 지포스 RTX 3060 Ti D6 8GB DUAL 디앤디컴,"451,470","451,440","453,990","453,990","453,990","453,990","453,990","451,410","451,380","451,340","453,990","453,990","454,000","454,000","454,000","454,000","454,000","454,000","454,000","454,000","454,000","454,000","454,000","454,000","454,000","454,000","454,000","454,000","454,000","454,000",RTX 3060 Ti,8GB,0,AFOX 지포스 D6 DUAL 디앤디컴
21540593,AFOX 지포스 RTX 3060 Ti D6 8GB 대원씨티에스,"452,290","452,200","452,150","452,090","452,020","451,980","451,920","451,870","451,820","451,860","451,720","451,700","451,650","451,650","451,650","451,650","451,650","451,650","451,650","451,650","451,650","451,650","451,650","451,650","451,650","451,600","451,560","451,440","451,420","451,420",RTX 3060 Ti,8GB,0,AFOX 지포스 D6 대원씨티에스
21540362,AFOX 지포스 RTX 3070 D6 8GB 대원씨티에스,"631,270","631,270","631,270","631,270","631,270","631,270","623,830","623,830","623,830","623,830","623,830","623,830","631,270","631,270","631,270","631,270","631,270","631,270","631,270","631,270","631,270","631,270","631,270","631,270","631,270","631,230","631,270","631,270","631,270","631,270",RTX 3070,8GB,0,AFOX 지포스 D6 대원씨티에스
21538472,AFOX 지포스 RTX 3090 D6 24GB 대원씨티에스,"2,355,050","2,355,050","2,355,050","2,355,050","2,355,050","2,355,050","2,355,050","2,355,050","2,355,050","2,355,050","2,355,050","2,355,050","2,355,050","2,355,050","2,355,050","2,355,050","2,355,050","2,355,050","2,355,050","2,355,050","2,355,050","2,355,050","2,355,050","2,355,050","2,355,050","2,355,050","2,355,050","2,355,050","2,355,050","2,355,050",RTX 3090,24GB,0,AFOX 지포스 D6 대원씨티에스
95929190,AFOX 지포스 RTX 4080 SUPER BLOWER D6X 16GB 에즈윈,"2,190,000","2,190,000","2,190,000","2,190,000","2,190,000","2,190,000","2,190,000","2,190,000","2,190,000","2,190,000","2,190,000",0,0,"2,190,000",0,0,0,0,0,0,0,0,0,0,0,"2,310,000","2,310,000","2,310,000","2,310,000","2,310,000",RTX 4080 SUPER,16GB,0,AFOX 지포스 BLOWER D6X 에즈윈
15360209,AMD 라데온 PRO W5500 D6 8GB 대원씨티에스,"388,130","388,080","388,040","387,990","387,930","387,740","387,680","387,000","386,940","386,980","386,840","386,780","386,720","386,660","386,620","386,570","386,560","386,450","386,430","386,430","386,430","386,430","386,430","386,430","386,380","386,320","386,190","386,100","385,980","385,860",PRO W5500,8GB,0,AMD 라데온 D6 대원씨티에스
26035931,AMD 라데온 PRO W7600 D6 8GB,0,0,0,0,0,0,0,0,0,0,0,0,0,0,0,0,0,0,0,0,0,0,0,0,0,"911,790","911,790","911,790","911,790","911,790",PRO W7600,8GB,0,AMD 라데온 D6
71902295,AOOSTAR AG01 그래픽카드 eGPU DOCK (해외구매),0,0,0,0,0,0,0,0,0,0,"139,900",0,0,0,0,"140,710",0,0,0,0,0,0,0,0,0,"151,900","151,900","151,900","151,900","151,900",GPU,0,해외구매,AOOSTAR AG01 그래픽카드 e DOCK
79400453,AOOSTAR XG76XT 라데온 RX 7600 XT D6 8GB (해외구매),0,0,0,0,0,0,0,0,0,0,0,0,0,0,0,0,0,0,0,0,0,0,0,0,"688,990","688,990","688,990","688,990","688,990","688,990",RX 7600 XT,8GB,해외구매,AOOSTAR XG76XT 라데온 D6
79406609,ARKTEK 지포스 RTX 3060 D6 12GB,"380,230","380,230","380,230","380,230","380,230","380,230","380,230","380,230","384,210","384,210","385,820","385,820","385,820","385,820","392,200","392,200","392,200","392,200","392,200","392,200","392,200","392,200","392,200","392,200","395,990","395,920","395,800","395,780","395,780","395,780",RTX,12GB,0,ARKTEK 지포스 3060 D6
71010194,ASL 지포스 GTX 1660 SUPER RAGE-X D6 6GB,"233,306","233,306","233,306","233,306","233,306","233,306","233,306","228,100","228,100","228,100","228,100","235,080","235,050","235,020","234,990","234,960","234,970","234,910","234,900","234,900","234,900","234,900","234,900","234,900","234,870","234,850","238,840","238,840","238,840","238,840",GTX 1660 SUPER,6GB,0,ASL 지포스 RAGE-X D6
98184413,ASL 지포스 RTX 3050 RAGE-X BLACK D6 6GB Dual,"241,500","241,500","241,500","242,920","242,920","242,920","242,920","242,920","242,920","242,920","242,920","242,920","242,920","242,920","242,920","242,920","242,920","249,000","249,000","249,000","249,000","249,000","249,000","249,000","249,000","248,990","248,990","248,990","248,990","248,990",RTX,6GB,0,ASL 지포스 3050 RAGE-X BLACK D6 Dual
73696607,ASRock Arc B580 CHALLENGER OC D6 12GB,"413,880","421,680","421,680","421,680","421,680","421,680","421,680","420,920","420,920","420,920","420,920","421,680","399,310","399,310","399,310","399,310","399,310","399,310","399,310","399,310","399,310","399,310","399,310","399,310","399,310","399,310","399,310","399,310","399,310","399,310",B580,12GB,0,ASRock Arc CHALLENGER OC D6
98771519,ASRock 라데온 AI PRO R9700 Creator D6 32GB 대원씨티에스,"2,178,870","2,178,870","2,178,870","2,178,850","2,178,850","2,178,850","2,178,850","2,178,850","2,178,850","2,178,850","2,178,850","2,178,850","2,178,830","2,178,830","2,178,830","2,178,830","2,178,830","2,178,790","2,178,790","2,178,770","2,178,750","2,178,750","2,178,730","2,178,730","2,178,690","2,178,670","2,178,670","2,178,670","2,178,650","2,178,650",AI PRO R9700,32GB,0,ASRock 라데온 Creator D6 대원씨티에스
17420300,ASRock 라데온 RX 6600 CHALLENGER D D6 8GB 대원씨티에스,"297,380","297,380","296,990","278,960","295,670","296,540","296,540","296,540","297,360","297,360","297,360","297,360","297,350","297,350","297,350","297,350","297,350","297,350","297,350","297,350","297,350","297,300","297,290","297,290","297,290","293,990","297,290","296,630","296,600","296,600",RX 6600,8GB,0,ASRock 라데온 CHALLENGER D D6 대원씨티에스
27630638,ASRock 라데온 RX 6650 XT 스틸레전드 화이트 OC D6 8GB 에즈윈,"365,300","365,300","365,300","365,300","365,300","365,300","365,300","365,300","371,480","371,480","371,480","371,480","371,480","371,480","371,480","371,480","371,480","371,480","371,480","371,480","371,480","371,480","371,480","371,480","371,480","371,480","371,480","371,480","371,480","371,480",RX 6650 XT,8GB,0,ASRock 라데온 스틸레전드 화이트 OC D6 에즈윈
13645580,ASRock 라데온 RX 6700 XT CHALLENGER Pro OC D6 12GB 에즈윈,"2,200,000","2,200,000","2,200,000","2,200,000","2,200,000","2,200,000","2,200,000","2,200,000","2,200,000","2,200,000","2,200,000","2,200,000","2,200,000","2,200,000","2,200,000","2,200,000","2,200,000","2,200,000","2,200,000","2,200,000","2,200,000","2,200,000","2,200,000","2,200,000","2,200,000","2,200,000","2,200,000","2,200,000","2,200,000","2,200,000",RX 6700 XT,12GB,0,ASRock 라데온 CHALLENGER Pro OC D6 에즈윈
27546905,ASRock 라데온 RX 7600 CHALLENGER OC D6 8GB 대원씨티에스,"329,430","329,430","329,430","329,410","329,410","329,390","329,390","329,470","333,810","333,810","333,810","333,810","333,790","333,790","333,790","333,790","333,790","333,750","333,750","333,300","333,710","333,300","333,280","333,280","333,240","333,220","333,220","333,220","333,200","333,200",RX 7600,8GB,0,ASRock 라데온 CHALLENGER OC D6 대원씨티에스
97410422,ASRock 라데온 RX 9060 CHALLENGER D6 8GB 대원씨티에스,"364,280","364,280","364,280","364,280","364,280","364,280","364,280","364,280","375,000","375,000","375,000","374,000","373,980","373,980","373,980","373,970","373,970","373,950","373,950","373,930","373,900","373,900","373,880","373,880","373,860","373,840","373,840","373,840","373,800","373,790",RX 9060,8GB,0,ASRock 라데온 CHALLENGER D6 대원씨티에스
91909763,ASRock 라데온 RX 9060 XT CHALLENGER OC D6 16GB 대원씨티에스,"552,170","552,170","553,670","553,650","539,040","532,670","531,910","522,840","519,820","519,820","526,910","532,670","526,910","525,840","522,830","522,830","522,830","522,830","522,830","522,830","522,810","522,810","522,790","522,790","522,750","522,730","522,730","522,730","522,710","522,710",RX 9060,16GB,0,ASRock 라데온 XT CHALLENGER OC D6 대원씨티에스
91909691,ASRock 라데온 RX 9060 XT CHALLENGER OC D6 8GB 대원씨티에스,"448,690","448,690","448,690","448,690","448,690","448,690","448,690","448,690","448,690","448,690","448,690","448,690","448,690","448,690","448,690","448,690","448,690","448,690","430,900","418,990","418,990","418,990","418,980","418,980","418,970","418,970","418,960","418,970","416,030","416,030",RX 9060,8GB,0,ASRock 라데온 XT CHALLENGER OC D6 대원씨티에스
91909781,ASRock 라데온 RX 9060 XT 스틸레전드 OC D6 16GB 대원씨티에스,"579,370","579,370","579,370","579,370","571,860","563,390","563,390","559,120","559,650","559,650","559,650","563,390","559,650","563,380","559,650","559,650","559,650","559,110","559,640","559,110","559,090","559,090","557,990","557,990","557,950","557,930","557,930","557,930","557,910","557,910",RX 9060,16GB,0,ASRock 라데온 XT 스틸레전드 OC D6 대원씨티에스
91909775,ASRock 라데온 RX 9060 XT 스틸레전드 OC D6 8GB 대원씨티에스,"510,430","510,430","510,430","510,410","510,410","510,390","510,390","512,940","512,940","512,940","512,940","512,940","512,920","512,240","512,230","489,000","489,000","489,000","454,890","454,870","454,880","454,880","454,880","454,880","454,880","454,880","454,880","454,880","448,540","448,540",RX 9060,8GB,0,ASRock 라데온 XT 스틸레전드 OC D6 대원씨티에스
78985724,ASRock 라데온 RX 9070 Challenger D6 16GB 대원씨티에스,"793,830","793,830","793,830","793,830","793,830","779,110","779,110","778,790","778,300","777,830","778,990","778,990","778,970","778,970","778,970","778,970","778,970","778,930","778,930","778,910","778,890","778,890","778,860","778,860","778,820","778,800","778,800","778,800","778,780","778,780",RX 9070,16GB,0,ASRock 라데온 Challenger D6 대원씨티에스
99711887,ASRock 라데온 RX 9070 XT CHALLENGER D6 16GB 대원씨티에스,"964,920","964,920","964,920","964,920","964,920","935,680","929,000","935,660","926,590","917,510","917,440","917,440","917,440","917,440","917,440","917,440","917,440","917,440","917,440","917,440","917,440","917,440","917,440","917,440","917,440","917,390","917,360","917,240","917,120","917,000",RX 9070 XT,16GB,0,ASRock 라데온 CHALLENGER D6 대원씨티에스
77317754,ASRock 라데온 RX 9070 XT Taichi OC D6 16GB 대원씨티에스,"1,099,740","1,099,740","1,099,740","1,099,740","1,099,740","1,099,740","1,099,740","1,099,740","1,099,740","1,099,740","1,099,740","1,099,740","1,099,740","1,099,740","1,099,750","1,166,380","1,166,380","1,209,890","1,141,990","1,141,990","1,141,990","1,141,990","1,141,990","1,141,990","1,141,990","1,141,990","1,163,480","1,209,900","1,209,900","1,209,900",RX 9070 XT,16GB,0,ASRock 라데온 Taichi OC D6 대원씨티에스
77318285,ASRock 라데온 RX 9070 XT 스틸레전드 D6 16GB 대원씨티에스,"973,990","973,990","973,990","973,990","970,750","970,730","970,740","970,750","970,750","970,750","970,750","970,750","970,750","970,750","970,750","970,740","970,740","970,740","970,740","970,740","964,980","964,860","964,730","964,610","964,490","964,380","964,290","964,290","964,290","964,290",RX 9070 XT,16GB,0,ASRock 라데온 스틸레전드 D6 대원씨티에스
90701579,ASRock 라데온 RX 9070 XT 스틸레전드 DARK D6 16GB 대원씨티에스,"1,000,600","1,000,600","988,990","988,990","976,180","963,990","963,990","963,970","963,940","963,920","963,910","963,910","963,900","963,900","963,900","963,890","963,890","963,850","963,850","963,830","963,810","963,810","963,790","963,790","963,750","959,940","958,980","954,980","954,920","954,800",RX 9070 XT,16GB,0,ASRock 라데온 스틸레전드 DARK D6 대원씨티에스
77318354,ASRock 라데온 RX 9070 스틸레전드 OC D6 16GB 대원씨티에스,"891,630","891,630","891,630","891,630","891,630","891,630","891,630","892,000","892,000","892,000","892,000","892,000","891,990","891,990","891,990","891,980","891,980","891,940","891,940","891,920","891,900","891,900","891,870","891,870","891,830","891,810","891,810","891,810","891,790","891,790",RX 9070,16GB,0,ASRock 라데온 스틸레전드 OC D6 대원씨티에스
15605021,ASUS DUAL 라데온 RX 6600 D6 8GB 대원씨티에스,"322,000","322,000","343,000","346,500","346,500","346,500","346,500","346,500","346,500","346,500","346,500","332,500","332,500","332,500","332,500","332,500","332,500","332,500","332,500","332,500",0,0,0,0,0,0,0,0,0,0,RX 6600,8GB,0,ASUS DUAL 라데온 D6 대원씨티에스
74341484,ASUS DUAL 라데온 RX 7600 O8G EVO OC D6 8GB,"317,170","317,160","317,170","317,170","317,170","317,170","317,170","316,730","318,810","318,810","318,810","317,630","318,810","318,810","318,810","318,790","318,810","318,810","318,810","319,790","319,790","319,750","319,730","321,700","319,790","319,750","319,740","316,340","319,490","319,420",RX 7600,8GB,0,ASUS DUAL 라데온 O8G EVO OC D6
95985854,ASUS DUAL 라데온 RX 9060 D6 8GB 대원씨티에스,"366,310","366,310","366,310","366,300","366,300","366,300","366,300","366,300","366,300","366,300","366,300","366,300","366,300","366,300","366,300","366,300","366,300","366,300","366,300","366,300","366,300","368,980","368,980","368,980","368,980","368,960","368,950","368,830","368,760","368,700",RX 9060,8GB,0,ASUS DUAL 라데온 D6 대원씨티에스
97117439,ASUS DUAL 라데온 RX 9060 XT D6 16GB 대원씨티에스,"553,470","553,450","553,450","553,430","553,400","553,380","553,360","553,340","553,340","553,300","553,260","553,230","553,430","553,410","561,000","561,690","561,700","561,700","561,700","561,780","561,780","561,740","561,720","561,780","561,780","561,780","561,780","561,780","561,720","561,700",RX 9060,16GB,0,ASUS DUAL 라데온 XT D6 대원씨티에스
91871504,ASUS DUAL 라데온 RX 9060 XT D6 8GB 대원씨티에스,"434,800","434,800","434,800","434,800","444,440","444,440","459,000","531,990","531,990","531,990","531,990","531,980","531,940","531,830","531,710","531,580","531,460","531,380","483,320","483,320","483,320","483,320","483,320","483,320","483,320","483,320","483,320","483,320","483,320","483,320",RX 9060,8GB,0,ASUS DUAL 라데온 XT D6 대원씨티에스
68918675,ASUS DUAL 지포스 RTX 3050 D6 6GB 인텍앤컴퍼니,"257,920","257,790","258,000","258,000","258,000","252,600","252,600","252,600","252,600","252,600","252,600","252,600","252,600","252,600","252,600","252,600","252,600","252,600","252,600","252,600","252,600","252,600","252,600","252,590","252,590","252,540","252,510","252,390","252,380","252,380",RTX,6GB,0,ASUS DUAL 지포스 3050 D6 인텍앤컴퍼니
63086675,ASUS DUAL 지포스 RTX 3050 O6G OC D6 6GB 대원씨티에스,"249,530","249,530","249,550","250,700","250,700","250,700","250,700","250,700","252,440","252,460","252,460","252,350","252,460","254,410","254,270","254,230","254,410","254,410","254,410","254,410","254,410","254,220","253,000","254,410","254,410","254,410","254,410","254,390","252,000","251,980",RTX,6GB,0,ASUS DUAL 지포스 3050 O6G OC D6 대원씨티에스
63086435,ASUS DUAL 지포스 RTX 4060 Ti O8G EVO OC D6 8GB 대원씨티에스,"577,790","577,790","577,800","603,900","603,900","659,980","659,980","659,980","659,980","659,980","659,980","659,980","659,980","659,980","659,980","659,980","659,980","659,980","659,980","659,980","713,000","713,000","713,000","713,000","713,000","713,000","713,000","713,000","713,000","713,000",RTX 4060,8GB,0,ASUS DUAL 지포스 Ti O8G EVO OC D6 대원씨티에스
94524596,ASUS DUAL 지포스 RTX 5050 D6 8GB 대원씨티에스,"399,000","399,000","399,000","399,000",0,0,0,0,0,0,"389,700","389,700","389,700","389,700","389,000","389,000","389,700","387,630","387,630","387,630","387,630","385,000","385,000","387,620","387,620","387,620","387,620","387,620","387,620","387,620",RTX 5050,8GB,0,ASUS DUAL 지포스 D6 대원씨티에스
94692245,ASUS DUAL 지포스 RTX 5050 D6 8GB 인텍앤컴퍼니,"359,739","359,739","359,739","359,739","359,739","359,739","359,739","372,000","372,000","372,000","372,000","391,400","398,990","398,990",0,0,0,0,0,0,"398,990","398,990","398,990","398,990","398,990","398,940","398,900","398,780","398,670","398,550",RTX 5050,8GB,0,ASUS DUAL 지포스 D6 인텍앤컴퍼니
93318653,ASUS DUAL 지포스 RTX 5050 OC D6 8GB 대원씨티에스,"392,490","392,490","392,500","392,500","392,500","392,500","392,500","392,490","392,490","392,500","392,500","392,490","392,500","392,500","392,500","392,490","392,500","392,500","392,500","392,500","392,500","392,490","392,490","392,500","392,500","392,500","392,500","392,500","392,490","392,490",RTX 5050,8GB,0,ASUS DUAL 지포스 OC D6 대원씨티에스
93697997,ASUS DUAL 지포스 RTX 5050 OC D6 8GB 인텍앤컴퍼니,"369,656","369,656","369,656",0,0,0,0,0,0,0,0,"383,430","383,420","383,420","388,000","388,000","388,000","388,000","388,000","388,000","388,000","388,000","388,000","388,000",0,0,"399,000","399,000","398,990","398,990",RTX 5050,8GB,0,ASUS DUAL 지포스 OC D6 인텍앤컴퍼니
96057938,ASUS DUAL 지포스 RTX 5060 D7 8GB 대원씨티에스,0,0,0,0,0,0,0,0,0,0,0,0,0,0,0,0,0,"477,200","477,200","477,200","477,200","477,190","477,190","477,190","477,190","477,200","477,200","477,200","477,190","477,190",RTX 5060,8GB,0,ASUS DUAL 지포스 D7 대원씨티에스
93861539,ASUS DUAL 지포스 RTX 5060 D7 8GB 인텍앤컴퍼니,"434,572","434,572","434,572","434,572","434,572","434,572","434,572","465,000","465,000","465,000","465,000","465,000","465,000","465,000","465,000","465,000","465,000","464,980","464,960","464,920","464,860","464,820","464,820","464,780","464,740","464,720","464,700","464,680","464,670","464,670",RTX 5060,8GB,0,ASUS DUAL 지포스 D7 인텍앤컴퍼니
90957326,ASUS DUAL 지포스 RTX 5060 OC D7 8GB 대원씨티에스,"452,900","452,830","452,860","452,840","452,800","452,780","455,040","455,040","455,040","455,040","455,040","455,040","455,040","455,040","455,040","455,040","455,040","455,050","455,050","455,050","455,050","455,050","455,050","455,050","455,050","455,050","455,050","455,050","455,050","455,050",RTX 5060,8GB,0,ASUS DUAL 지포스 OC D7 대원씨티에스
91496327,ASUS DUAL 지포스 RTX 5060 OC D7 8GB 인텍앤컴퍼니,"471,600","471,600","476,980","476,980","476,980","476,980","472,490","472,480","472,430","472,420","469,000","468,990","468,990","471,990","469,000","468,990","468,990","468,990","468,990","468,990","468,990","468,980","468,980","468,990","468,990","468,960","468,900","468,880","468,870","468,870",RTX 5060,8GB,0,ASUS DUAL 지포스 OC D7 인텍앤컴퍼니
88133276,ASUS DUAL 지포스 RTX 5060 TI OC D7 16GB 대원씨티에스,"673,800","673,800","673,800","673,800","673,800","673,800","673,800","673,800","673,800","673,800","673,800","673,800","673,800","673,800","673,800","673,800","673,800","664,940","735,000","735,000","735,000","735,000","735,000","735,000","735,000","735,000","735,000","735,000","735,000","735,000",RTX 5060,16GB,0,ASUS DUAL 지포스 TI OC D7 대원씨티에스
82443086,ASUS DUAL 지포스 RTX 5060 TI OC D7 16GB 인텍앤컴퍼니,0,0,0,0,"677,760","677,760","677,760","677,760","677,760","677,760","677,760","677,760","677,760","677,760","677,760","677,760","684,120","684,120","684,120","684,120","684,120","684,110","684,110","684,120","684,120","684,120","684,120","684,120","684,110","684,110",RTX 5060,16GB,0,ASUS DUAL 지포스 TI OC D7 인텍앤컴퍼니
88133213,ASUS DUAL 지포스 RTX 5060 TI OC D7 8GB 대원씨티에스,"580,900","580,880","580,880","580,850","580,800","580,780","580,760","580,740","580,740","580,720","580,680","580,650","580,620","580,600","580,500","580,480","580,480","580,500","580,500","605,000","605,000","604,980","604,970","605,000","605,000","605,000","605,000","604,990","604,950","604,930",RTX 5060,8GB,0,ASUS DUAL 지포스 TI OC D7 대원씨티에스
94812164,ASUS DUAL 지포스 RTX 5060 TI WHITE OC D7 16GB 대원씨티에스,"729,990","729,990","729,990","729,990","729,970","729,970",0,0,0,0,0,0,0,0,0,0,0,0,0,0,0,0,0,0,0,0,0,0,0,0,RTX 5060,16GB,0,ASUS DUAL 지포스 TI WHITE OC D7 대원씨티에스
95929049,ASUS DUAL 지포스 RTX 5060 TI WHITE OC D7 16GB 인텍앤컴퍼니,"729,680","729,640","732,890","732,890","732,890","732,890","732,890","732,890","732,890","732,890","732,890","732,890","732,890","732,890","732,900","732,900","732,900","732,900","732,900","732,900","732,900","732,900","732,900","732,900","732,900","732,900","732,900",0,0,0,RTX 5060,16GB,0,ASUS DUAL 지포스 TI WHITE OC D7 인텍앤컴퍼니
97309703,ASUS DUAL 지포스 RTX 5060 WHITE OC D7 8GB 대원씨티에스,"495,000","495,000","495,000","495,000","495,000","495,000","495,000","495,000","495,000","495,000","495,000","495,000","495,000","495,000","495,000","495,000","495,000","495,000","495,000","495,000","495,000","495,000","495,000","495,000","495,000","495,000","495,000","545,000","507,200","507,200",RTX 5060,8GB,0,ASUS DUAL 지포스 WHITE OC D7 대원씨티에스
97837304,ASUS DUAL 지포스 RTX 5060 WHITE OC D7 8GB 인텍앤컴퍼니,"472,439","472,439","472,439","472,439","472,439","472,439","472,439","495,000","495,000","495,000","494,990","494,990","495,000","495,000","495,000","495,000","495,000","495,000","495,000","495,000","495,000","495,000","495,000","495,000","495,000","514,520","514,520","514,520","495,000","495,000",RTX 5060,8GB,0,ASUS DUAL 지포스 WHITE OC D7 인텍앤컴퍼니
93446051,ASUS DUAL 지포스 RTX 5070 OC D7 12GB 대원씨티에스,"889,560","889,560","889,560","889,560","889,560","889,560","889,560","889,560","889,560","889,560","889,560","889,560","889,000","889,000","889,000","889,000","889,000","889,000","889,000","889,000","889,000","889,000","889,000","889,000","889,000","889,000","889,000","929,000","929,000","929,000",RTX 5070,12GB,0,ASUS DUAL 지포스 OC D7 대원씨티에스
92678951,ASUS DUAL 지포스 RTX 5070 OC D7 12GB 인텍앤컴퍼니,"829,472","829,472","829,472","829,472","829,472","829,472","868,380","868,370","868,370","868,370","868,370","868,330","868,370","868,370","868,350","868,330","868,370","869,950","854,990","869,950","869,950","869,910","869,910","869,950","869,950","869,950","891,900","891,900","891,890","891,890",RTX 5070,12GB,0,ASUS DUAL 지포스 OC D7 인텍앤컴퍼니
91871456,ASUS PRIME 라데온 RX 9060 XT OC D6 16GB 대원씨티에스,"589,000","589,000","589,000","589,000","589,000","589,000","589,000","589,000","589,000","589,000","589,000",0,"589,000","589,000","589,000","589,000","589,000","578,220","578,220","578,220","578,220","578,220","578,220","578,220","578,220","578,220","578,220","578,220","578,220","578,220",RX 9060,16GB,0,ASUS PRIME 라데온 XT OC D6 대원씨티에스
91871420,ASUS PRIME 라데온 RX 9060 XT OC D6 8GB 대원씨티에스,"478,950","478,930","478,990","478,990","478,990","478,990","478,990","478,970","478,970","478,990","478,990","478,950","478,990","478,930","478,930","478,910","478,930","478,900","478,890","478,890","478,850","478,850","478,850","478,850","478,850","478,850","477,000","477,000","477,000","477,000",RX 9060,8GB,0,ASUS PRIME 라데온 XT OC D6 대원씨티에스
100698251,ASUS PRIME 라데온 RX 9070 EVO OC D6 16GB 대원씨티에스,0,0,0,0,0,0,0,0,0,0,0,0,0,0,0,0,0,0,0,"848,300","848,200","848,190","848,190","848,190","848,190","848,190","848,190","848,190","848,180","848,180",RX 9070,16GB,0,ASUS PRIME 라데온 EVO OC D6 대원씨티에스
77461214,ASUS PRIME 라데온 RX 9070 OC D6 16GB 대원씨티에스,"792,530","792,450","795,990","795,990","795,990","795,990","795,990","795,990","795,990","795,990","795,990","795,980","795,990","795,990","795,990","795,980","795,990","795,990","795,990","795,990","798,990","798,980","798,980","798,990","798,990","798,950","798,920","798,900","798,870","798,820",RX 9070,16GB,0,ASUS PRIME 라데온 OC D6 대원씨티에스
94692269,ASUS PRIME 라데온 RX 9070 OC D6 16GB 인텍앤컴퍼니,"920,000","920,000","920,000","908,500",0,0,0,0,0,0,0,0,0,0,0,0,0,0,0,0,"908,500",0,0,0,0,"908,500","908,500","908,500","899,270","899,270",RX 9070,16GB,0,ASUS PRIME 라데온 OC D6 인텍앤컴퍼니
77461292,ASUS PRIME 라데온 RX 9070 XT OC D6 16GB 대원씨티에스,"966,590","966,570","964,490","964,490","967,990","967,990","967,990","967,970","967,970","967,990","967,990","967,950","965,000","964,990","964,990","964,970","964,990","964,990","964,990","964,990","963,000","962,980","962,980","962,990","962,990","954,690","954,580","954,460","954,340","954,220",RX 9070 XT,16GB,0,ASUS PRIME 라데온 OC D6 대원씨티에스
85507805,ASUS PRIME 라데온 RX 9070 XT OC D6 16GB 인텍앤컴퍼니,"955,000","955,000","955,000","999,000","999,000","999,000","999,000","999,000","999,000","999,000","999,000","999,000","999,000","999,000","999,000","999,000","999,000","999,000","1,015,000","1,015,000","1,015,000","1,015,000","1,015,000","1,015,000","1,015,000","1,015,000","1,015,000","1,015,000","1,015,000","1,015,000",RX 9070 XT,16GB,0,ASUS PRIME 라데온 OC D6 인텍앤컴퍼니
99892346,ASUS PRIME 라데온 RX 9070 XT WHITE OC D6 16GB 대원씨티에스,0,0,0,가격비교예정,"1,076,000","1,076,000","1,076,000","1,075,990","1,075,990","1,076,000","1,076,000","1,075,990","1,070,600","1,070,600","1,070,600","1,070,580","1,070,580","1,070,560","1,070,560","1,070,560","1,070,560","1,054,790","1,054,780","1,054,780","1,049,380","1,049,360","1,049,340","1,049,300","1,049,280","1,049,260",RX 9070 XT,16GB,0,ASUS PRIME 라데온 WHITE OC D6 대원씨티에스
94692221,ASUS PRIME 지포스 RTX 5050 D6 8GB 인텍앤컴퍼니,"420,420","420,420","420,420","420,420",0,0,0,0,0,0,0,0,0,0,0,0,0,0,0,0,0,0,0,0,0,0,0,0,0,0,RTX 5050,8GB,0,ASUS PRIME 지포스 D6 인텍앤컴퍼니
93318218,ASUS PRIME 지포스 RTX 5050 OC D6 8GB 대원씨티에스,0,0,0,0,0,0,0,0,0,0,0,0,0,0,0,0,0,0,0,0,0,0,0,0,0,0,"432,590","432,590","432,530","432,510",RTX 5050,8GB,0,ASUS PRIME 지포스 OC D6 대원씨티에스
93697967,ASUS PRIME 지포스 RTX 5050 OC D6 8GB 인텍앤컴퍼니,"423,590","423,580","423,590","423,590","423,590","422,110","422,110","422,110","422,110","422,110","422,110","422,110","422,120","422,120","422,110","422,110","422,120",0,0,0,0,0,0,0,0,0,0,0,0,0,RTX 5050,8GB,0,ASUS PRIME 지포스 OC D6 인텍앤컴퍼니
90957422,ASUS PRIME 지포스 RTX 5060 OC D7 8GB 대원씨티에스,"518,270","518,190","518,180","518,180","518,180","518,180","518,180","518,180","518,180","518,180","518,180","518,170","518,190","518,190","518,190","518,180","518,190","518,190","518,190","518,190","518,190","518,190","518,190","518,190","518,190","518,190","518,190","531,660","531,540","531,530",RTX 5060,8GB,0,ASUS PRIME 지포스 OC D7 대원씨티에스
91496162,ASUS PRIME 지포스 RTX 5060 OC D7 8GB 인텍앤컴퍼니,"501,900","501,770","502,290","501,990","501,990","501,990","501,990","501,990","501,990","501,990","501,990","501,990","501,990","501,990","501,990","501,990","501,990","501,990","501,990","501,990","501,990","501,980","501,980","501,990","501,990","490,000","490,000","490,000","490,000","490,000",RTX 5060,8GB,0,ASUS PRIME 지포스 OC D7 인텍앤컴퍼니
82433444,ASUS PRIME 지포스 RTX 5060 TI D7 8GB 인텍앤컴퍼니,"656,030","656,030","656,040","656,040","656,040","656,040","656,040","656,030","656,030","656,040","650,250","650,240","648,900","648,900","648,890","648,890","648,900","648,900","648,900","648,800","648,060","648,050","648,050","648,800","648,100","641,290","641,270","641,230","641,120","641,030",RTX 5060,8GB,0,ASUS PRIME 지포스 TI D7 인텍앤컴퍼니
82417715,ASUS PRIME 지포스 RTX 5060 TI OC D7 16GB 인텍앤컴퍼니,0,0,0,0,0,0,0,0,0,0,"783,990","783,950","783,990","783,990","783,970","783,950","783,950","783,990","783,990","783,990","783,990","783,950","783,930","783,990","783,990","783,950","783,900","783,900","783,880","783,860",RTX 5060,16GB,0,ASUS PRIME 지포스 TI OC D7 인텍앤컴퍼니
88136921,ASUS PRIME 지포스 RTX 5060 TI OC D7 8GB 대원씨티에스,"605,000","605,000","605,000","605,000","605,000","605,000","605,000","605,000","605,000","605,000","605,000","605,000","605,000","605,000","605,000","605,000","605,000","625,000","625,000","625,000","625,000","625,000","625,000","625,000","625,000","625,000","625,000","625,000","624,990","624,990",RTX 5060,8GB,0,ASUS PRIME 지포스 TI OC D7 대원씨티에스
88205957,ASUS PRIME 지포스 RTX 5060 TI OC D7 8GB 인텍앤컴퍼니,"581,532","581,532","581,532","581,532","581,532","614,000","613,990","613,990","613,990","613,990","613,990","613,990","613,990","613,990","613,990","613,990","613,990","613,990","613,990","613,990","613,990","613,990","613,990","613,990","613,990","613,940","613,940","613,940","613,940","613,940",RTX 5060,8GB,0,ASUS PRIME 지포스 TI OC D7 인텍앤컴퍼니
77379545,ASUS PRIME 지포스 RTX 5070 D7 12GB 대원씨티에스,"855,280","855,160","869,850","870,200","880,820","880,820","880,820","880,820","880,820","880,820","880,820","880,820","880,820","880,820","880,820","901,980","880,820","880,820","880,820","959,000","880,820","880,820","959,000","959,000","959,000","959,000","959,000","959,000","959,000","959,000",RTX 5070,12GB,0,ASUS PRIME 지포스 D7 대원씨티에스
77461610,ASUS PRIME 지포스 RTX 5070 D7 12GB 인텍앤컴퍼니,"883,200","883,200","883,210","883,210","883,210","883,210","883,210","873,670","873,670","873,680","873,680","873,670","873,680","873,680","873,680","873,680","908,990","915,000","915,000","915,000","915,000","915,000","915,000","915,000","915,000","915,000","915,000","915,000","915,000","915,000",RTX 5070,12GB,0,ASUS PRIME 지포스 D7 인텍앤컴퍼니
77379575,ASUS PRIME 지포스 RTX 5070 OC D7 12GB 대원씨티에스,"878,310","878,200","892,000","892,490","892,490","892,490","892,490","892,480","892,480","892,490","892,490","892,480","892,490","924,490","909,990","909,980","909,990","909,980","909,980","909,980","909,980","909,970","909,970","909,970","909,970","909,920","909,920","909,880","909,840","909,800",RTX 5070,12GB,0,ASUS PRIME 지포스 OC D7 대원씨티에스
77461619,ASUS PRIME 지포스 RTX 5070 OC D7 12GB 인텍앤컴퍼니,"846,603","846,603","846,603","846,603","846,603","846,603","846,603","893,050","893,050","893,040","893,040","893,000","893,040","893,040","893,020","893,000","893,040","898,990","899,000","911,220","911,220","911,180","911,180","911,220","911,220","911,220","907,750","898,640","889,540","889,430",RTX 5070,12GB,0,ASUS PRIME 지포스 OC D7 인텍앤컴퍼니
76511312,ASUS PRIME 지포스 RTX 5070 Ti D7 16GB 대원씨티에스,0,0,0,0,0,0,0,0,0,0,0,0,0,0,0,0,0,"1,327,800","1,327,800","1,327,800","1,327,800","1,327,790","1,327,790","1,327,790","1,327,790","1,327,800","1,327,800","1,329,560","1,329,440","1,329,320",RTX 5070 Ti,16GB,0,ASUS PRIME 지포스 D7 대원씨티에스
76551551,ASUS PRIME 지포스 RTX 5070 Ti D7 16GB 인텍앤컴퍼니,"1,199,128","1,199,128","1,199,128","1,199,128","1,285,000","1,284,990","1,284,990","1,284,990","1,284,990","1,284,990","1,308,990","1,308,980","1,329,990","1,329,990","1,329,960","1,329,950","1,329,980","1,329,990","1,300,900","1,330,000","1,329,980","1,329,890","1,329,850","1,329,730","1,329,660","1,329,620","1,329,620","1,329,630","1,329,630","1,329,630",RTX 5070 Ti,16GB,0,ASUS PRIME 지포스 D7 인텍앤컴퍼니
76511369,ASUS PRIME 지포스 RTX 5070 Ti OC D7 16GB 대원씨티에스,"1,279,000","1,279,000","1,279,000","1,279,000","1,333,720","1,333,720","1,318,990","1,318,990","1,318,990","1,318,990","1,318,990","1,318,990","1,318,990","1,324,990","1,324,990","1,324,990","1,324,990","1,324,990","1,319,000","1,318,990","1,315,000","1,314,990","1,314,990","1,315,000","1,315,000","1,305,000","1,299,000","1,289,000","1,289,000","1,289,000",RTX 5070 Ti,16GB,0,ASUS PRIME 지포스 OC D7 대원씨티에스
76551494,ASUS PRIME 지포스 RTX 5070 Ti OC D7 16GB 인텍앤컴퍼니,"1,294,190","1,294,190","1,319,990","1,319,990","1,319,990","1,319,990","1,319,990","1,319,990","1,319,990","1,319,990","1,319,990","1,319,950","1,295,870","1,295,870","1,295,870","1,295,860","1,295,870","1,295,870","1,326,970","1,326,970","1,326,970","1,326,960","1,326,960","1,326,970","1,322,930","1,322,910","1,322,890","1,322,850","1,322,810","1,321,970",RTX 5070 Ti,16GB,0,ASUS PRIME 지포스 OC D7 인텍앤컴퍼니
92892743,ASUS PRIME 지포스 RTX 5070 WHITE OC D7 12GB 대원씨티에스,"896,540","896,540","896,540","896,520","896,500","896,480","896,460","896,440","896,440","896,420","896,380","896,350","908,000","908,000","908,000","907,990","908,000","908,610","908,620","908,620","908,620","908,620","908,620","908,620","957,640","908,620","908,620","908,620","908,620","908,620",RTX 5070,12GB,0,ASUS PRIME 지포스 WHITE OC D7 대원씨티에스
93861635,ASUS PRIME 지포스 RTX 5070 WHITE OC D7 12GB 인텍앤컴퍼니,"855,619","855,619","855,619","855,619","855,619","855,619","855,619","900,000","900,000","899,990","900,140","900,130","920,000","920,000","920,000","920,000","920,000","920,000","920,000","920,000","920,000","920,000","920,000","920,000","920,000","948,990","948,990","940,000","940,000","940,000",RTX 5070,12GB,0,ASUS PRIME 지포스 WHITE OC D7 인텍앤컴퍼니
76550489,ASUS PRIME 지포스 RTX 5080 D7 16GB 대원씨티에스,"1,860,000","1,860,000","1,860,000","1,860,000","1,860,000","1,790,000","1,790,000","1,790,000","1,790,000","1,790,000","1,790,000","1,790,000","1,790,000","1,790,000","1,790,000","1,790,000","1,790,000","1,790,000","1,790,000","1,790,000","1,790,000","1,790,000","1,790,000","1,790,000","1,790,000","1,790,000","1,790,000","1,790,000","1,790,000","1,790,000",RTX 5080,16GB,0,ASUS PRIME 지포스 D7 대원씨티에스
79114694,ASUS PRIME 지포스 RTX 5080 D7 16GB 인텍앤컴퍼니,"1,627,388","1,627,388","1,627,388","1,627,388","1,627,388","1,627,388","1,722,000","1,722,000","1,722,000","1,722,000","1,722,000","1,721,990","1,722,000","1,794,990","1,722,000","1,793,170","1,793,060","1,792,990","1,792,990","1,792,950","1,792,930","1,792,890","1,792,870","1,787,800","1,787,750","1,779,990","1,768,970","1,758,970","1,758,970","1,758,970",RTX 5080,16GB,0,ASUS PRIME 지포스 D7 인텍앤컴퍼니
75374981,ASUS PRIME 지포스 RTX 5080 OC D7 16GB 대원씨티에스,"1,811,710","1,811,670","1,806,870","1,813,000","1,813,000","1,813,000","1,813,000","1,812,990","1,812,990","1,813,000","1,815,000","1,814,990","1,809,980","1,809,980","1,809,980","1,809,970","1,809,980","1,809,980","1,809,980","1,809,980","1,809,980","1,809,970","1,809,900","1,809,900","1,809,900","1,809,940","1,809,870","1,809,850","1,809,830","1,809,810",RTX 5080,16GB,0,ASUS PRIME 지포스 OC D7 대원씨티에스
75373796,ASUS PRIME 지포스 RTX 5080 OC D7 16GB 인텍앤컴퍼니,"1,685,091","1,685,091","1,685,091","1,685,091","1,685,091","1,685,091","1,685,091","1,831,000","1,831,000","1,831,000","1,831,000","1,831,000","1,831,000","1,811,000","1,810,980","1,810,960","1,810,990","1,829,000","1,829,000","1,829,000","1,829,000","1,828,960","1,828,960","1,828,990","1,815,170","1,815,170","1,815,170","1,815,170","1,815,160","1,815,160",RTX 5080,16GB,0,ASUS PRIME 지포스 OC D7 인텍앤컴퍼니
100698752,ASUS ProArt 지포스 RTX 5080 D7 16GB 대원씨티에스,0,0,0,0,0,0,0,0,0,0,0,0,0,0,0,0,0,0,0,가격비교예정,가격비교예정,가격비교예정,가격비교예정,가격비교예정,0,"2,475,000","2,475,000","2,475,000","2,474,990","2,474,990",RTX 5080,16GB,0,ASUS ProArt 지포스 D7 대원씨티에스
97476629,ASUS ProArt 지포스 RTX 5080 OC D7 16GB 대원씨티에스,0,0,0,0,0,0,0,0,0,0,0,0,0,0,0,0,"2,468,700","2,468,700","2,468,000","2,468,000","2,468,000","2,467,990","2,467,990","2,467,990","2,467,990","2,468,000","2,468,000","2,467,990","2,467,930","2,467,910",RTX 5080,16GB,0,ASUS ProArt 지포스 OC D7 대원씨티에스
76463027,ASUS ROG Astral LC 지포스 RTX 5090 OC D7 32GB 대원씨티에스,"5,630,400","5,630,400","5,997,600","6,058,800","6,058,800","6,058,800","6,058,800","6,058,800","6,058,800","6,058,800","6,058,800","5,814,000","5,814,000","5,814,000","5,814,000","5,814,000","5,814,000","5,814,000","5,814,000","6,090,000","6,090,000","6,090,000","6,090,000","6,090,000","6,090,000","6,427,350","6,427,350","6,427,350","6,427,350","6,427,350",RTX 5090,32GB,0,ASUS ROG Astral LC 지포스 OC D7 대원씨티에스
78714626,ASUS ROG Astral LC 지포스 RTX 5090 OC D7 32GB 인텍앤컴퍼니,"5,370,530","5,370,420","5,548,990","5,548,990","5,588,990","5,588,990","5,589,000","5,589,000","5,589,000","5,589,000","5,589,000","6,707,000","6,707,000","6,707,000","6,533,140","6,533,110","6,533,000","5,588,930","5,583,000","5,579,000","5,579,000","5,578,960","5,578,940","5,578,990","5,578,990","5,578,960","5,578,870","5,578,840","5,578,820","5,578,800",RTX 5090,32GB,0,ASUS ROG Astral LC 지포스 OC D7 인텍앤컴퍼니
94692218,ASUS ROG Astral 지포스 RTX 5080 D7 16GB 인텍앤컴퍼니,"2,399,000","2,399,000","2,399,000","2,399,000",0,0,0,0,0,0,0,0,0,0,0,0,0,0,0,0,0,0,0,0,0,0,0,0,0,0,RTX 5080,16GB,0,ASUS ROG Astral 지포스 D7 인텍앤컴퍼니
75375185,ASUS ROG Astral 지포스 RTX 5080 OC D7 16GB 대원씨티에스,"2,439,000","2,439,000","2,439,000","2,439,000","2,439,000","2,439,000","2,439,000","2,439,000","2,439,000","2,439,000","2,439,000","2,449,930","3,059,000","3,059,000","3,059,000","3,059,000","3,059,000","3,059,000","3,059,000","3,059,000",0,0,0,0,0,0,0,0,0,0,RTX 5080,16GB,0,ASUS ROG Astral 지포스 OC D7 대원씨티에스
75373694,ASUS ROG Astral 지포스 RTX 5080 OC D7 16GB 인텍앤컴퍼니,"2,437,480","2,437,370","2,437,990","2,437,990","2,499,000","2,499,000","2,499,000","2,499,000","2,499,000","2,499,000","3,510,000","3,510,000","3,510,000","3,510,000","3,510,000","3,510,000","3,510,000","2,439,000","2,559,000","2,546,000","2,598,950","2,598,960","2,598,960","2,549,000","2,549,000","2,536,480","2,536,370","2,536,360","2,536,260","2,481,820",RTX 5080,16GB,0,ASUS ROG Astral 지포스 OC D7 인텍앤컴퍼니
101188778,ASUS ROG Astral 지포스 RTX 5080 OC D7 16GB 하츠네 미쿠 에디션 대원씨티에스,0,0,0,0,0,0,0,0,0,0,0,0,0,0,0,0,0,0,0,0,0,0,0,0,0,0,0,가격비교예정,가격비교예정,가격비교예정,RTX 5080,16GB,0,ASUS ROG Astral 지포스 OC D7 하츠네 미쿠 에디션 대원씨티에스
92892350,ASUS ROG Astral 지포스 RTX 5080 WHITE OC D7 16GB 대원씨티에스,"2,459,290","2,459,000","2,459,000","2,459,000","2,460,340","2,460,340","2,460,340","2,460,330","2,460,330","2,460,340","2,460,340","2,460,330","2,461,000","2,513,010","2,513,010","2,513,010","2,513,010","2,545,980","2,545,960","2,545,920","2,545,860","2,545,820","2,545,790","2,545,680","2,545,640","2,545,600","2,590,320","2,590,320","2,590,320","2,590,320",RTX 5080,16GB,0,ASUS ROG Astral 지포스 WHITE OC D7 대원씨티에스
94570298,ASUS ROG Astral 지포스 RTX 5080 WHITE OC D7 16GB 인텍앤컴퍼니,"2,478,050","2,478,050","2,478,060","2,478,060","2,478,060","2,478,060","2,478,060","2,478,050","2,478,050","2,478,060","2,528,990","2,634,340","2,634,340",0,0,0,0,0,"2,573,370","2,590,790",0,0,0,0,0,"2,552,190",0,0,0,0,RTX 5080,16GB,0,ASUS ROG Astral 지포스 WHITE OC D7 인텍앤컴퍼니
96653777,ASUS ROG Astral 지포스 RTX 5090 BTF OC D7 32GB 대원씨티에스,0,0,0,0,0,0,0,0,0,0,"5,499,000","5,660,000","6,269,050","6,269,050","6,269,050","6,269,050","6,269,050","6,269,050","6,249,930","5,559,720","5,559,700","5,559,660","5,559,640","5,559,600","5,559,580","5,559,540","5,559,540","5,559,520","5,559,480","5,559,460",RTX 5090,32GB,0,ASUS ROG Astral 지포스 BTF OC D7 대원씨티에스
96708728,ASUS ROG Astral 지포스 RTX 5090 BTF OC D7 32GB 인텍앤컴퍼니,"5,399,000","5,399,000","5,399,000","6,208,851","6,208,851","6,208,851","6,208,851","6,208,851","6,208,851","6,208,851","6,208,851","6,208,851","6,208,851","6,208,851","6,208,851","6,208,851","6,208,851","6,208,851","6,208,851","6,208,851","6,208,851","6,208,851","6,208,851","6,208,851","6,208,851","6,208,851","6,208,851","6,208,851","6,208,851","6,208,851",RTX 5090,32GB,0,ASUS ROG Astral 지포스 BTF OC D7 인텍앤컴퍼니
75375449,ASUS ROG Astral 지포스 RTX 5090 OC D7 32GB 대원씨티에스,"5,390,000","5,490,000","5,160,000","5,590,000","5,590,000","5,590,000","5,590,000","5,590,000","5,590,000","5,590,000","5,590,000","5,541,030","5,588,990","5,588,990","5,588,990","5,588,990","5,588,990","5,588,990","5,493,260","5,569,990","5,569,970","5,569,560","5,569,080","5,568,570","5,568,080","5,567,560","5,567,080","5,566,600","5,566,110","5,565,620",RTX 5090,32GB,0,ASUS ROG Astral 지포스 OC D7 대원씨티에스
75373898,ASUS ROG Astral 지포스 RTX 5090 OC D7 32GB 인텍앤컴퍼니,0,0,0,"5,499,000","5,068,870","5,528,990","5,599,000","5,598,990","5,598,990","6,196,410","5,690,000","5,999,000","5,999,000","5,999,000","5,998,990","5,998,990","5,990,000","5,498,000","5,499,000","5,399,000","5,399,000","5,399,000","5,398,980","5,398,960","5,398,920","5,298,990","5,296,990","5,296,000","5,295,980","5,210,000",RTX 5090,32GB,0,ASUS ROG Astral 지포스 OC D7 인텍앤컴퍼니
92892434,ASUS ROG Astral 지포스 RTX 5090 WHITE OC D7 32GB 대원씨티에스,"5,450,000","5,450,000","5,450,000","5,450,000","5,750,000","5,750,000","5,750,000","5,750,000","5,240,000","5,240,000","5,240,000","5,890,000","5,990,000","5,640,000","5,640,000","5,640,000","5,640,000","5,640,000","5,640,000","5,589,000","5,589,000","5,640,000","5,640,000","5,640,000","5,640,000",0,0,0,0,0,RTX 5090,32GB,0,ASUS ROG Astral 지포스 WHITE OC D7 대원씨티에스
94570202,ASUS ROG Astral 지포스 RTX 5090 WHITE OC D7 32GB 인텍앤컴퍼니,"5,584,980","5,584,850","5,584,990","5,588,990","5,659,000","5,659,000","5,786,000","5,400,000","5,400,000","5,400,000","5,400,000","5,500,000","5,890,000","5,589,000","5,589,000","5,589,000","5,589,000","5,505,740","5,505,740","5,505,740","5,505,740","5,505,700","5,505,680","5,505,740","5,505,740","5,443,250","5,443,250","5,443,250","5,443,210","5,443,190",RTX 5090,32GB,0,ASUS ROG Astral 지포스 WHITE OC D7 인텍앤컴퍼니
13653392,ASUS ROG STRIX 라데온 RX 6700 XT O12G GAMING OC D6 12GB 대원씨티에스,"1,659,000","1,659,000","1,659,000","1,659,000","1,659,000","1,659,000","1,659,000","1,659,000","1,659,000","1,659,000","1,659,000","1,659,000","1,659,000","1,659,000","1,659,000","1,659,000","1,659,000","1,659,000","1,659,000","1,659,000","1,659,000","1,659,000","1,659,000","1,659,000","1,659,000","1,659,000","1,659,000","1,659,000","1,659,000","1,659,000",RX 6700 XT,12GB,0,ASUS ROG STRIX 라데온 O12G GAMING OC D6 대원씨티에스
92679020,ASUS ROG STRIX 지포스 RTX 5070 OC D7 12GB 인텍앤컴퍼니,"1,181,363","1,181,363","1,181,363",0,0,0,0,0,0,0,"1,208,990","1,209,000","1,209,000","1,209,000","1,209,000","1,209,000",0,0,0,0,0,0,0,0,0,0,0,0,0,0,RTX 5070,12GB,0,ASUS ROG STRIX 지포스 OC D7 인텍앤컴퍼니
93446453,ASUS ROG STRIX 지포스 RTX 5070 Ti OC D7 16GB 대원씨티에스,"1,667,560","1,667,540","1,667,540","1,667,520","1,670,000","1,670,000","1,670,000","1,670,000","1,670,000","1,670,000","1,725,000","1,724,990","1,767,400","1,767,400","1,767,400","1,767,390","1,767,400","1,787,990","1,788,000","1,788,000","1,788,000","1,788,000","1,788,000","1,788,000","1,839,000","1,839,000","1,839,000","1,839,000","1,838,990","1,838,990",RTX 5070 Ti,16GB,0,ASUS ROG STRIX 지포스 OC D7 대원씨티에스
90642860,ASUS ROG STRIX 지포스 RTX 5070 Ti OC D7 16GB 인텍앤컴퍼니,"1,670,510","1,670,510","1,691,000","1,691,000",0,0,0,0,0,0,"1,701,830",0,"1,701,830","1,701,830","1,729,000","1,729,000","1,701,830","1,729,000","1,701,830",0,0,0,0,"1,701,830","1,726,000",0,"1,729,000",0,0,0,RTX 5070 Ti,16GB,0,ASUS ROG STRIX 지포스 OC D7 인텍앤컴퍼니
18493601,ASUS TUF Gaming 라데온 RX 7900 XTX O24G OC D6 24GB 대원씨티에스,"1,734,460","1,734,460","1,734,460","1,939,870","1,939,870","1,934,460","1,919,460","1,919,460","1,919,460","1,919,460","1,919,460","1,861,490","1,861,490","1,861,490","1,861,490","1,861,490","1,861,490","1,861,490","1,861,490","1,861,490","1,861,490","1,861,490","1,861,490","1,861,490","1,861,490","1,861,490","1,861,490","1,861,490","1,861,490","1,861,490",RX 7900 XTX,24GB,0,ASUS TUF Gaming 라데온 O24G OC D6 대원씨티에스
77461139,ASUS TUF Gaming 라데온 RX 9070 OC D6 16GB 대원씨티에스,"881,240","881,240","881,240","881,240","881,240","875,600","875,600","875,600","875,600","875,600","875,600","875,600","875,600","875,600","875,600","875,600","875,600","875,600","875,600","875,600","875,600","875,600","875,600","875,600","893,000","893,000","893,000","893,000","893,000","893,000",RX 9070,16GB,0,ASUS TUF Gaming 라데온 OC D6 대원씨티에스
85521515,ASUS TUF Gaming 라데온 RX 9070 XT OC D6 16GB 인텍앤컴퍼니,"1,246,590","1,246,590","1,246,600","1,246,600","1,246,600","1,246,600","1,246,600","1,246,590","1,246,590","1,246,600","1,246,600","1,246,590","1,246,600","1,246,600","1,246,590","1,246,560","1,278,990","1,278,990","1,278,990",0,"1,278,990",0,0,0,0,0,0,0,0,0,RX 9070 XT,16GB,0,ASUS TUF Gaming 라데온 OC D6 인텍앤컴퍼니
48480377,ASUS TUF Gaming 지포스 RTX 4070 Ti SUPER BTF O16G OC D6X 16GB White 인텍앤컴퍼니,"1,490,000","1,490,000","1,490,000","1,490,000","1,490,000","1,490,000","1,490,000",0,0,0,0,0,"1,490,000","1,490,000","1,490,000","1,490,000","1,490,000","1,490,000","1,490,000","1,490,000","1,490,000","1,490,000","1,490,000","1,490,000","1,490,000","1,489,990","1,490,000","1,490,000","1,490,000","1,490,000",RTX 4070 Ti SUPER,16GB,0,ASUS TUF Gaming 지포스 BTF O16G OC D6X White 인텍앤컴퍼니
90957482,ASUS TUF Gaming 지포스 RTX 5060 OC D7 8GB 대원씨티에스,"566,970","566,970","566,980","566,980","566,980","566,980","566,980","566,980","566,980","566,980","566,980","566,970","566,980","566,980","566,980","566,970","566,980","566,980","566,980","566,980","566,980","566,980","566,980","566,980","566,980","566,970","566,970","566,970","566,970","566,980",RTX 5060,8GB,0,ASUS TUF Gaming 지포스 OC D7 대원씨티에스
91496285,ASUS TUF Gaming 지포스 RTX 5060 OC D7 8GB 인텍앤컴퍼니,"566,090","566,090","566,990","566,990","566,990","565,000","564,990","564,990","564,990","564,990","564,990","564,990","564,990","564,990","564,990","564,990","564,990","564,990","564,990","564,990","564,990","564,990","564,990","564,990","564,990","550,000","550,000","550,000","550,000","550,000",RTX 5060,8GB,0,ASUS TUF Gaming 지포스 OC D7 인텍앤컴퍼니
88133135,ASUS TUF Gaming 지포스 RTX 5060 TI OC D7 16GB 대원씨티에스,"983,000","983,000","983,000",0,0,0,0,0,0,0,0,0,0,0,0,0,0,0,0,0,0,0,0,0,0,0,0,0,0,0,RTX 5060,16GB,0,ASUS TUF Gaming 지포스 TI OC D7 대원씨티에스
82403357,ASUS TUF Gaming 지포스 RTX 5060 TI OC D7 16GB 인텍앤컴퍼니,"819,000",0,0,0,"854,650","954,760","954,760","954,760","954,760","954,760",0,0,0,0,0,0,0,0,0,0,0,"954,760","954,760","954,760","954,760","954,760","954,760","954,760",0,0,RTX 5060,16GB,0,ASUS TUF Gaming 지포스 TI OC D7 인텍앤컴퍼니
88136969,ASUS TUF Gaming 지포스 RTX 5060 TI OC D7 8GB 대원씨티에스,"698,750","698,750","706,900","706,990","706,990","706,990","706,990","706,970","706,970","706,990","706,990","706,950","706,990","706,990","706,990","706,970","706,990","713,180","713,180","713,180","713,180","713,140","713,140","713,180","713,180","713,170","713,150","713,100","713,050","713,030",RTX 5060,8GB,0,ASUS TUF Gaming 지포스 TI OC D7 대원씨티에스
89605799,ASUS TUF Gaming 지포스 RTX 5060 TI OC D7 8GB 인텍앤컴퍼니,"701,920","701,790","706,410","706,410","707,000","694,710","694,710","694,710","694,710","694,710","694,710","694,710","694,720","694,720","694,720","694,720","694,720","694,720","694,720","694,720","694,720","694,720","694,720","694,720","694,720","694,710","694,710","694,710","694,710","694,710",RTX 5060,8GB,0,ASUS TUF Gaming 지포스 TI OC D7 인텍앤컴퍼니
77380301,ASUS TUF Gaming 지포스 RTX 5070 OC D7 12GB 대원씨티에스,"962,440","962,440","962,440","962,440","962,430","962,430","962,440","962,440","962,440","962,440","986,690","986,680","989,000","989,000","989,000","988,990","989,000","989,000","989,000","971,990","971,990","971,980","971,980","971,980","971,980","971,980","971,980","971,980","971,970","971,960",RTX 5070,12GB,0,ASUS TUF Gaming 지포스 OC D7 대원씨티에스
77461631,ASUS TUF Gaming 지포스 RTX 5070 OC D7 12GB 인텍앤컴퍼니,"978,380","978,380","978,380","978,380","978,380","978,380","978,380","978,380","978,380","978,380","973,690","973,610","973,540","973,540","973,540","973,540","973,540","973,540","973,540","973,540","973,540","999,000","999,000","999,000","999,000","999,000","999,000","999,000","999,000","999,000",RTX 5070,12GB,0,ASUS TUF Gaming 지포스 OC D7 인텍앤컴퍼니
94812443,ASUS TUF Gaming 지포스 RTX 5070 Ti BTF WHITE OC D7 16GB 대원씨티에스,"1,536,530","1,536,520","1,536,530","1,559,640","1,559,570","1,559,570","1,559,570","1,559,570","1,559,570","1,559,570","1,559,570","1,576,770","1,576,770","1,576,770","1,576,770","1,576,760","1,576,770","1,604,480","1,604,480","1,604,480","1,604,480","1,604,480","1,604,480","1,604,470","1,604,470","1,604,420","1,604,390","1,604,360","1,604,350","1,637,990",RTX 5070 Ti,16GB,0,ASUS TUF Gaming 지포스 BTF WHITE OC D7 대원씨티에스
94887959,ASUS TUF Gaming 지포스 RTX 5070 Ti BTF WHITE OC D7 16GB 인텍앤컴퍼니,"1,588,990","1,588,990","1,589,000","1,609,680","1,609,680","1,609,680","1,609,680","1,609,670","1,609,670","1,609,680","1,596,420","1,596,410","1,596,420","1,596,420","1,596,410","1,596,400","1,596,420","1,596,400","1,596,400","1,596,400","1,596,400","1,596,350","1,596,350","1,596,360","1,596,360","1,596,360","1,596,360","1,596,360","1,596,350","1,596,360",RTX 5070 Ti,16GB,0,ASUS TUF Gaming 지포스 BTF WHITE OC D7 인텍앤컴퍼니
76511459,ASUS TUF Gaming 지포스 RTX 5070 Ti OC D7 16GB 대원씨티에스,"1,791,390","1,791,260","1,805,390","1,823,810","1,823,810","1,823,810","1,812,230","1,812,230","1,812,230","1,812,230","1,812,230","1,812,220","1,812,180","1,812,070","1,811,950","1,811,820","1,811,700","1,811,620","1,811,590","1,811,480","1,811,450","1,811,330","1,811,200","1,811,180","1,811,180","1,811,180","1,811,180","1,811,180","1,792,980","1,792,950",RTX 5070 Ti,16GB,0,ASUS TUF Gaming 지포스 OC D7 대원씨티에스
76551374,ASUS TUF Gaming 지포스 RTX 5070 Ti OC D7 16GB 인텍앤컴퍼니,0,0,0,"1,546,130","1,546,130","1,546,130","1,535,540","1,535,520","1,535,520","1,535,540","1,535,540","1,535,490","1,548,960","1,558,990","1,558,990","1,558,990","1,558,990","1,558,990","1,558,990","1,558,990",0,0,0,0,0,"1,493,190","1,493,190","1,493,190","1,493,190","1,493,190",RTX 5070 Ti,16GB,0,ASUS TUF Gaming 지포스 OC D7 인텍앤컴퍼니
92888903,ASUS TUF Gaming 지포스 RTX 5070 Ti WHITE OC D7 16GB 인텍앤컴퍼니,0,0,0,0,0,0,0,0,0,0,0,0,"1,577,910","1,577,910","1,577,900","1,577,900","1,577,910","1,577,910","1,577,910","1,577,910","1,577,910","1,577,900","1,577,900","1,577,910","1,577,910","1,577,900","1,577,900","1,577,900","1,562,010","1,562,010",RTX 5070 Ti,16GB,0,ASUS TUF Gaming 지포스 WHITE OC D7 인텍앤컴퍼니
75375293,ASUS TUF Gaming 지포스 RTX 5080 OC D7 16GB 대원씨티에스,"2,351,030","2,351,030","2,304,020","2,327,530","2,327,530","2,327,530","2,321,040","2,321,040","2,321,040","2,321,040","2,321,040","2,321,040","2,321,040","2,321,040","2,321,040","2,321,040","2,321,040","2,321,040","2,321,040","2,296,550","2,210,230","2,210,230","2,210,230","2,210,230","1,879,000","1,879,000","1,879,000",0,0,0,RTX 5080,16GB,0,ASUS TUF Gaming 지포스 OC D7 대원씨티에스
75374105,ASUS TUF Gaming 지포스 RTX 5080 OC D7 16GB 인텍앤컴퍼니,"2,129,000","2,129,000","2,129,000","2,129,000",0,0,0,0,0,"2,128,990","2,128,990","2,129,000","2,129,000","2,129,000","2,129,000","2,129,000",0,0,0,0,0,0,0,0,"2,860,000","2,745,500","2,745,500","2,745,500","2,745,500","2,745,500",RTX 5080,16GB,0,ASUS TUF Gaming 지포스 OC D7 인텍앤컴퍼니
75375560,ASUS TUF Gaming 지포스 RTX 5090 D7 32GB 대원씨티에스,"5,382,000","5,382,000","5,733,000","5,791,500","5,404,990","4,898,990","4,898,990","4,898,990","4,898,000","4,898,000","4,898,000","4,889,990","4,898,000","4,898,000","4,889,990","4,889,990","4,889,990","4,889,990","4,760,990","4,760,990","4,760,990","4,760,950","4,760,950","4,760,990","4,760,990","4,759,980","4,759,910","4,759,900","4,759,860","4,759,830",RTX 5090 D,32GB,0,ASUS TUF Gaming 지포스 7 대원씨티에스
75374060,ASUS TUF Gaming 지포스 RTX 5090 D7 32GB 인텍앤컴퍼니,0,0,0,0,0,0,0,0,0,0,0,0,0,0,0,0,0,0,0,0,0,0,0,0,0,0,0,0,"4,703,230","4,703,230",RTX 5090 D,32GB,0,ASUS TUF Gaming 지포스 7 인텍앤컴퍼니
75375632,ASUS TUF Gaming 지포스 RTX 5090 OC D7 32GB 대원씨티에스,"5,278,500","5,278,500","5,278,500","5,278,500","5,251,830","5,251,830","5,251,830","5,251,830","5,251,830","5,251,830","4,996,000","4,996,350",0,0,0,0,0,0,"4,817,990","4,806,990","4,806,990","4,806,950","4,806,930","4,806,990","4,806,990","4,806,990","4,806,990","4,806,990","4,806,970","4,806,950",RTX 5090,32GB,0,ASUS TUF Gaming 지포스 OC D7 대원씨티에스
59089334,ASUS 지포스 GT710 SL EVO D5 2GB,"55,250","55,250","55,256","55,256","55,256","55,256","55,110","55,100","55,100","55,110","55,110","55,100","55,110","55,110","55,100","55,100","55,110","55,110","55,110","55,110","55,110","55,100","55,100","55,110","55,110","55,110","55,110","55,110","55,100","55,100",V,2GB,0,ASUS 지포스 GT710 SL E O D5
96057863,ASUS 지포스 RTX 5060 LP BRK OC D7 8GB 대원씨티에스,"520,990","520,990","520,990","520,990","520,990","520,990","520,990","520,990","520,990","520,990","520,990","520,990","530,670","530,670","530,670","530,670","530,670","530,670","530,670","530,670","530,670","530,670","530,670","530,670","530,670","530,670","530,670","530,670","530,670","530,670",RTX 5060,8GB,0,ASUS 지포스 LP BRK OC D7 대원씨티에스
97476458,ASUS 지포스 RTX 5080 OC D7 16GB NOCTUA 대원씨티에스,0,0,0,0,0,0,0,0,0,0,0,0,0,0,0,0,0,"2,423,400","2,423,000","2,423,000","2,423,000","2,422,990","2,422,990","2,422,990","2,422,990","2,423,000","2,423,000","2,423,000","2,422,990","2,422,990",RTX 5080,16GB,0,ASUS 지포스 OC D7 NOCTUA 대원씨티에스
97837445,ASUS 지포스 RTX 5080 OC D7 16GB NOCTUA 인텍앤컴퍼니,0,0,0,"2,200,000","2,200,000","2,200,000","2,200,000","2,200,000","2,200,000","2,200,000","2,200,000","2,300,000","2,200,000","2,200,000","2,200,000","2,200,000","2,200,000","2,200,000","2,200,000","2,200,000","2,200,000","2,200,000","2,200,000","2,200,000","2,200,000","2,200,000",0,0,0,0,RTX 5080,16GB,0,ASUS 지포스 OC D7 NOCTUA 인텍앤컴퍼니
58115984,COLORFUL COLORFIRE 지포스 RTX 4060 MEOW D6 8GB V ORANGE STCOM,"568,000","568,000","568,000","568,000","568,000","568,000","568,000","568,000","568,000","568,000","568,000","568,000","568,000","568,000","568,000","568,000","568,000","568,000","568,000","568,000","568,000","568,000","568,000","568,000","568,000","568,000","568,000","568,000","568,000","568,000",RTX 4060,8GB,0,COLORFUL COLORFIRE 지포스 MEOW D6 V ORANGE STCOM
8493237,COLORFUL iGame 지포스 RTX 2070 SUPER Vulcan X OC D6 8GB,"2,098,000","2,098,000","2,098,000","2,098,000","2,098,000","2,098,000","2,098,000","2,098,000","2,098,000","2,098,000","2,098,000","2,098,000","2,098,000","2,098,000","2,098,000","2,098,000","2,098,000","2,098,000","2,098,000","2,098,000","2,098,000","2,098,000","2,098,000","2,098,000","2,098,000","2,098,000","2,098,000","2,098,000","2,098,000","2,098,000",RTX 2070 SUPER,8GB,0,COLORFUL iGame 지포스 Vulcan X OC D6
16761848,COLORFUL iGame 지포스 RTX 3050 Ultra DUO OC D6 8GB White,"270,620","270,620","270,620","270,620","322,370","322,370","270,620","281,900","281,900","281,900","270,620","270,620","270,620","270,620","270,620","270,620","270,620","323,630","313,780","270,620","270,620","270,620","270,620","270,620","270,620","310,090","310,090","310,090","310,090","310,090",RTX,8GB,0,COLORFUL iGame 지포스 3050 Ultra DUO OC D6 White
48648092,COLORFUL iGame 지포스 RTX 3050 Ultra DUO OC V2 D6 8GB White,"245,580","245,580","245,580","245,580","251,278","260,000","259,200","260,000","260,000","260,000","276,330","297,660","297,660","297,660","297,660","297,660","297,660","297,660","283,240","283,240","283,240","283,230","283,230","283,230","283,220","283,210","283,210","283,210","283,210","283,210",RTX,8GB,0,COLORFUL iGame 지포스 3050 Ultra DUO OC V2 D6 White
62791121,COLORFUL iGame 지포스 RTX 4060 Ti ULTRA DUO OC D6 8GB White 피씨디렉트,"661,000","661,000","661,000","661,000","661,000","661,000","661,000","661,000","661,000","661,000","661,000","661,000","661,000","661,000","661,000","661,000","661,000","661,000","661,000","661,000","661,000","661,000","661,000","661,000","661,000","661,000","661,000","661,000","661,000","661,000",RTX 4060,8GB,0,COLORFUL iGame 지포스 Ti ULTRA DUO OC D6 White 피씨디렉트
20576042,COLORFUL iGame 지포스 RTX 4060 Ti ULTRA OC D6 8GB White,"812,500","812,500","812,500","812,500","812,500","812,500","812,500","812,500","812,500","812,500","812,500","812,500","812,500","812,500","812,500","812,500","812,500","812,500","812,500","812,500","812,500","812,500","812,500","812,500","812,500","812,500","812,500","812,500","812,500","812,500",RTX 4060,8GB,0,COLORFUL iGame 지포스 Ti ULTRA OC D6 White
77379140,COLORFUL iGame 지포스 RTX 4060 Ti ULTRA OC D6 8GB White 피씨디렉트,"671,150","671,150","671,150","677,420","677,420","677,420","677,410","677,410","677,410","677,410","677,410","677,410","677,410","677,410","677,410","677,410","677,410","677,410","677,410","677,410","677,410","677,400","677,400","677,400","677,400","677,370","677,320","677,290","677,210","677,130",RTX 4060,8GB,0,COLORFUL iGame 지포스 Ti ULTRA OC D6 White 피씨디렉트
27607808,COLORFUL iGame 지포스 RTX 4060 ULTRA DUO OC D6 8GB White,"509,000","509,000","509,000","509,000","509,000","509,000","509,000","509,000","509,000","509,000","509,000","509,000","509,000","509,000","509,000","509,000","509,000","509,000","509,000","509,000","509,000","509,000","509,000","509,000","509,000","509,000","509,000","509,000","509,000","509,000",RTX 4060,8GB,0,COLORFUL iGame 지포스 ULTRA DUO OC D6 White
18726575,COLORFUL iGame 지포스 RTX 4070 Ti Neptune OC D6X 12GB,"1,559,000","1,559,000","1,559,000","1,559,000","1,559,000","1,559,000","1,559,000","1,559,000","1,559,000","1,559,000","1,559,000","1,559,000","1,559,000","1,559,000","1,559,000","1,559,000","1,559,000","1,559,000","1,559,000","1,559,000","1,559,000","1,559,000","1,559,000","1,559,000","1,559,000","1,559,000","1,559,000","1,559,000","1,559,000","1,559,000",RTX 4070 Ti,12GB,0,COLORFUL iGame 지포스 Neptune OC D6X
93698225,COLORFUL iGame 지포스 RTX 5050 ULTRA DUO OC White D6 8GB 피씨디렉트,"397,500","397,500","397,500","397,700","397,700","411,990","411,990","410,950","410,950","410,960","411,990","410,960","411,990","411,990","411,990","411,990","411,990","408,840","412,000","412,000","412,000","412,000","412,000","412,000","412,000","412,000","412,000","412,000","411,990","411,990",RTX 5050,8GB,0,COLORFUL iGame 지포스 ULTRA DUO OC White D6 피씨디렉트
88233542,COLORFUL iGame 지포스 RTX 5060 Ti ULTRA DUO OC White D7 16GB 피씨디렉트,"846,310","846,180","867,300","870,000","870,000","870,000","855,000","855,000","855,000","855,000","855,000","855,000","855,000","855,000","855,000","855,000","854,960","855,000","855,000","855,000","855,000","855,000","855,000","854,980","854,980","854,980","854,980","854,980","854,980","854,980",RTX 5060,16GB,0,COLORFUL iGame 지포스 Ti ULTRA DUO OC White D7 피씨디렉트
89862188,COLORFUL iGame 지포스 RTX 5060 Ti ULTRA DUO OC White D7 8GB 피씨디렉트,"569,000","569,000","569,000","589,000","589,000","598,990","598,990","581,030","581,020","586,210","586,200","586,200","589,750","589,750","586,980","586,980","589,750","567,000","598,900","598,900","598,900","608,990","609,000","608,990","602,910","608,960","608,990","609,000","608,980","608,980",RTX 5060,8GB,0,COLORFUL iGame 지포스 Ti ULTRA DUO OC White D7 피씨디렉트
89862254,COLORFUL iGame 지포스 RTX 5060 Ti ULTRA OC White D7 8GB 피씨디렉트,"594,950","594,950","597,260","597,280","597,280","597,280","597,280","596,550","596,540","596,550","596,550","596,550","597,280","597,280","597,280","597,280","597,280","575,000","597,280","597,280","597,280","616,000","616,000","616,000","609,840","615,970","615,990","616,000","615,450","615,440",RTX 5060,8GB,0,COLORFUL iGame 지포스 Ti ULTRA OC White D7 피씨디렉트
91189349,COLORFUL iGame 지포스 RTX 5060 ULTRA DUO OC White D7 8GB 웨이코스,"464,940","464,940","464,940","464,940","464,940","464,940","464,920","464,920","464,920","464,920","464,920","464,920","464,920","464,920","464,920","464,920","464,920","464,920","464,920","464,920","465,000","465,000","465,000","465,000","465,000","465,000","465,000","465,000","465,000","465,000",RTX 5060,8GB,0,COLORFUL iGame 지포스 ULTRA DUO OC White D7 웨이코스
90960104,COLORFUL iGame 지포스 RTX 5060 ULTRA DUO OC White D7 8GB 피씨디렉트,"449,681","449,681","449,681","469,420","470,920","472,990","472,990","472,990","472,990","472,990","472,990","472,990","472,990","472,990","472,990","472,990","472,990","459,000","478,990","478,990","479,000","494,180","495,990","495,990","490,040","494,170","494,060","494,170","494,170","494,170",RTX 5060,8GB,0,COLORFUL iGame 지포스 ULTRA DUO OC White D7 피씨디렉트
91189439,COLORFUL iGame 지포스 RTX 5060 ULTRA OC White D7 8GB 웨이코스,"497,000","497,000","497,000","497,000","497,000","497,000","497,000","497,000","497,000","497,000","497,000","497,000","497,000","497,000","515,000","515,000","515,000","515,000","515,000",0,0,0,0,0,0,0,0,0,0,0,RTX 5060,8GB,0,COLORFUL iGame 지포스 ULTRA OC White D7 웨이코스
90955439,COLORFUL iGame 지포스 RTX 5060 ULTRA OC White D7 8GB 피씨디렉트,"481,980","481,980","481,970","481,990","481,990","481,990","481,990","481,990","481,990","481,990","481,990","481,990","481,990","481,990","481,990","481,990","481,990","481,990","481,900","481,900","481,900","497,793","499,000","499,000","491,340","491,310","498,990","499,000","496,647","496,640",RTX 5060,8GB,0,COLORFUL iGame 지포스 ULTRA OC White D7 피씨디렉트
76464005,COLORFUL iGame 지포스 RTX 5070 Ti ULTRA OC White D7 16GB 웨이코스,"1,590,000","1,590,000","1,590,000","1,590,000","1,590,000","1,590,000","1,590,000","1,590,000","1,590,000","1,590,000","1,590,000","1,590,000","1,590,000","1,590,000","1,590,000","1,590,000","1,590,000","1,590,000","1,590,000","1,343,000","1,343,000","1,343,000","1,343,000","1,343,000","1,343,000","1,343,000","1,343,000","1,343,000","1,343,000","1,343,000",RTX 5070 Ti,16GB,0,COLORFUL iGame 지포스 ULTRA OC White D7 웨이코스
76511060,COLORFUL iGame 지포스 RTX 5070 Ti ULTRA OC White D7 16GB 피씨디렉트,"1,436,990","1,436,990","1,436,990","1,436,990","1,436,990","1,436,990","1,436,990","1,436,990","1,436,990","1,436,990","1,436,990","1,352,000","1,352,000","1,324,000","1,324,000","1,324,000","1,324,000","1,352,000","1,352,000","1,351,990","1,351,990","1,363,990","1,363,990","1,363,990","1,350,360","1,363,940","1,363,910","1,364,000","1,363,980","1,363,980",RTX 5070 Ti,16GB,0,COLORFUL iGame 지포스 ULTRA OC White D7 피씨디렉트
77378492,COLORFUL iGame 지포스 RTX 5070 Ti Vulcan OC D7 16GB 피씨디렉트,"1,573,410","1,577,000","1,577,000","1,573,384","1,573,384","1,593,900","1,593,900","1,593,890","1,584,820","1,587,880","1,575,740","1,575,740","1,575,740","1,575,740","1,575,730","1,566,660","1,557,580","1,609,990","1,610,000","1,610,000","1,610,000","1,611,000","1,611,000","1,611,000","1,594,890","1,611,000","1,611,000","1,611,000","1,610,980","1,610,980",RTX 5070 Ti,16GB,0,COLORFUL iGame 지포스 Vulcan OC D7 피씨디렉트
78179897,COLORFUL iGame 지포스 RTX 5070 ULTRA OC White D7 12GB 웨이코스,"970,000","970,000","970,000","970,000","970,000","970,000","970,000","970,000","970,000","970,000","970,000","970,000","970,000","970,000","970,000","970,000","970,000","970,000","970,000",0,0,0,0,0,0,0,0,0,0,0,RTX 5070,12GB,0,COLORFUL iGame 지포스 ULTRA OC White D7 웨이코스
77964722,COLORFUL iGame 지포스 RTX 5070 ULTRA OC White D7 12GB 피씨디렉트,"872,000","864,720","864,720","878,180","878,180","887,000","886,990","874,490","874,490","886,990","896,650","896,650","896,650","897,920","898,990","898,990","898,990","887,000","887,000","886,990","886,990","906,990","904,490","904,490","906,990","906,960","907,000","907,000","907,000","907,000",RTX 5070,12GB,0,COLORFUL iGame 지포스 ULTRA OC White D7 피씨디렉트
77964797,COLORFUL iGame 지포스 RTX 5070 Vulcan OC D7 12GB 피씨디렉트,"1,031,980","1,031,980","1,031,980","1,031,980","1,037,000","1,037,000","1,037,000","1,037,000","1,037,000","1,037,000","1,037,000","1,037,000","1,037,000","1,037,000","1,037,000","1,037,000","1,037,000","1,009,000","1,037,000","1,037,000","1,037,000","1,037,000","1,037,000","1,037,000","1,010,230","1,010,230","1,010,230","1,010,230","1,079,980","1,079,980",RTX 5070,12GB,0,COLORFUL iGame 지포스 Vulcan OC D7 피씨디렉트
76508483,COLORFUL iGame 지포스 RTX 5080 Advanced OC D7 16GB 피씨디렉트,"1,970,970","1,970,960","1,994,930","1,958,520","1,958,520","1,958,520","1,958,520","1,958,520","1,958,520","1,961,850","1,961,850","1,980,200","1,980,200","1,991,050","1,958,520","1,958,520","1,958,520","1,962,270","1,958,520","1,958,520","1,966,630","2,004,000","2,004,000","2,004,000","2,004,000","2,003,990","2,003,990","2,004,000","2,003,980","2,003,980",RTX 5080,16GB,0,COLORFUL iGame 지포스 Advanced OC D7 피씨디렉트
76508558,COLORFUL iGame 지포스 RTX 5080 Neptune OC D7 16GB 피씨디렉트,"2,042,900","2,042,900","2,082,500","2,082,500","2,082,500","2,192,850","2,192,850","2,192,840","2,192,840","2,192,840","2,190,000","2,189,980","2,189,950","2,189,870","2,189,740","2,189,630","2,189,530","2,070,000","2,192,850","2,192,840","2,192,840","2,225,990","2,225,990","2,225,990","2,203,740","2,225,950","2,214,990","2,215,000","2,214,990","2,214,990",RTX 5080,16GB,0,COLORFUL iGame 지포스 Neptune OC D7 피씨디렉트
75184253,COLORFUL iGame 지포스 RTX 5080 ULTRA OC White D7 16GB 웨이코스,"1,936,000","1,936,000","1,936,000","1,936,000","1,936,000","1,936,000","1,936,000","1,936,000","1,936,000","1,936,000","1,936,000","1,936,000","1,936,000","1,936,000","1,936,000","1,936,000","1,936,000","1,936,000","1,936,000",0,0,0,0,0,0,0,0,0,0,0,RTX 5080,16GB,0,COLORFUL iGame 지포스 ULTRA OC White D7 웨이코스
75536255,COLORFUL iGame 지포스 RTX 5080 ULTRA OC White D7 16GB 피씨디렉트,"1,779,460","1,779,350","1,779,490","1,789,990","1,789,990","1,842,390","1,842,390","1,789,990","1,789,990","1,789,990","1,789,990","1,789,990","1,811,830","1,790,000","1,785,000","1,784,990","1,784,990","1,736,000","1,823,040","1,800,000","1,799,990","1,795,000","1,794,990","1,795,000","1,846,570","1,789,980","1,789,980","1,789,980","1,789,980","1,868,980",RTX 5080,16GB,0,COLORFUL iGame 지포스 ULTRA OC White D7 피씨디렉트
76462142,COLORFUL iGame 지포스 RTX 5080 Vulcan OC D7 16GB 웨이코스,"2,340,310","2,340,180","2,349,990","2,349,990","2,349,990","2,349,990","2,349,990","2,349,990","2,349,990","2,349,990","2,349,990","2,349,990","2,349,990","2,349,990","2,349,990","2,349,990","2,349,990","2,349,990","2,349,990","2,349,990","2,349,990","2,349,990","2,349,990","2,349,990","2,349,990","2,349,940","2,349,910","2,349,790","2,349,710","2,349,590",RTX 5080,16GB,0,COLORFUL iGame 지포스 Vulcan OC D7 웨이코스
76508576,COLORFUL iGame 지포스 RTX 5080 Vulcan OC D7 16GB 피씨디렉트,"2,168,990","2,168,990","2,168,990","2,169,000","2,169,000","2,192,850","2,192,840","2,192,840","2,192,840","2,192,840","2,192,840","2,180,000","2,179,990","2,179,990","2,179,990","2,179,990","2,179,990","2,192,840","2,192,840","2,192,850","2,192,840","2,237,990","2,224,990","2,237,990","2,215,620","2,237,940","2,237,990","2,238,000","2,237,980","2,237,980",RTX 5080,16GB,0,COLORFUL iGame 지포스 Vulcan OC D7 피씨디렉트
93317597,COLORFUL iGame 지포스 RTX 5080 Vulcan OC White D7 16GB 피씨디렉트,"2,424,000","2,424,000","2,424,000","2,424,000","2,759,000","2,759,000","2,759,000","2,759,000","2,759,000","2,759,000","2,759,000","2,759,000","2,759,000","2,759,000","2,759,000","2,759,000","2,759,000","2,759,000","2,759,000","2,759,000","2,550,000","2,550,000","2,550,000","2,550,000","2,550,000","2,550,000","2,550,000","2,550,000","2,550,000","2,550,000",RTX 5080,16GB,0,COLORFUL iGame 지포스 Vulcan OC White D7 피씨디렉트
15894653,COLORFUL 지포스 GT1030 REVENGE D4 4GB,"93,120","93,060","93,060","93,120","93,120","93,120","93,120","93,120","93,120","97,080","97,080","96,920","96,170","96,740","96,620","96,520","95,250","95,250","95,250","95,250","97,080","97,080","96,320","97,080","98,020","98,170","98,140","98,010","97,900","97,780",V,4GB,0,COLORFUL 지포스 GT1030 RE ENGE D4
34373414,COLORFUL 지포스 RTX 3050 토마호크 DUO D6 6GB,"253,000","253,000","253,000","253,000","253,000","253,000","253,000","253,000","253,000","253,000","255,000","255,000","255,000","255,000","316,000","316,000","316,000","316,000","316,000","316,000","316,000","316,000","316,000","316,000","316,000","316,000","316,000","316,000","316,000","316,000",RTX,6GB,0,COLORFUL 지포스 3050 토마호크 DUO D6
49288997,COLORFUL 지포스 RTX 3050 토마호크 DUO D6 6GB 피씨디렉트,"308,200","308,200","328,300","331,650","331,650","331,650","318,250","318,250","318,250","318,250","318,250","318,250","318,250","318,250","318,250","318,250","318,250","318,250","318,250","318,250","318,250","318,250","318,250","318,250","318,250","318,250","318,250","318,250","318,250","318,250",RTX,6GB,0,COLORFUL 지포스 3050 토마호크 DUO D6 피씨디렉트
71062040,COLORFUL 지포스 RTX 3050 토마호크 DUO V2 D6 6GB 피씨디렉트,"258,888","258,888","258,888","258,888","258,888","269,000","269,000","268,990","268,990","269,000","269,000","269,000","269,000","269,000","269,000","268,990","268,990","268,990","268,990","279,000","279,000","279,000","279,000","279,000","279,000","278,990","278,990","278,990","278,990","278,990",RTX,6GB,0,COLORFUL 지포스 3050 토마호크 DUO V2 D6 피씨디렉트
78102494,COLORFUL 지포스 RTX 3050 토마호크 DUO V2 D6 8GB 피씨디렉트,"282,000","281,990","288,560","288,560","288,560","298,990","298,990","298,980","298,980","298,990","298,940","298,990","298,990","298,990","298,990","298,990","298,990","298,990","298,990","298,990","299,000","302,000","302,000","302,000","298,740","298,720","301,990","302,000","301,840","301,830",RTX,8GB,0,COLORFUL 지포스 3050 토마호크 DUO V2 D6 피씨디렉트
20574368,COLORFUL 지포스 RTX 4060 Ti 토마호크 DUO D6 8GB,"663,590","663,590","663,590","663,590","663,590","663,590","663,590","663,590","663,590","663,590","663,590","663,590","663,590","663,590","663,590","663,590","663,590","663,590","663,590","663,590","663,590","663,590","663,590","663,590","663,590","663,590","663,590","663,590","663,590","663,590",RTX 4060,8GB,0,COLORFUL 지포스 Ti 토마호크 DUO D6
60226391,COLORFUL 지포스 RTX 4060 Ti 토마호크 DUO D6 8GB 피씨디렉트,"505,160","505,160","505,160","505,160","505,160","505,160","505,160","521,630","510,760","510,760","510,750","510,750","510,760","510,760","510,760","510,760","510,760","510,760","510,760","510,760","510,760","510,760","510,760","510,750","510,750","510,760","510,750","510,750","510,760","510,760",RTX 4060,8GB,0,COLORFUL 지포스 Ti 토마호크 DUO D6 피씨디렉트
57483869,COLORFUL 지포스 RTX 4070 토마호크 EX D6X 12GB 피씨디렉트,"1,240,800","1,240,800","1,240,800","1,240,800","1,240,800","1,240,800","1,240,800","1,240,800","1,240,800","1,240,800","1,240,800","1,240,800","1,240,800","1,240,800","1,240,800","1,240,800","1,240,800","1,240,800","1,240,800","1,240,800","1,240,800","1,240,800","1,240,800","1,240,800","1,240,800","1,240,800","1,240,800","1,240,800","1,240,800","1,240,800",RTX 4070,12GB,0,COLORFUL 지포스 토마호크 EX D6X 피씨디렉트
93502205,COLORFUL 지포스 RTX 5050 Battle AX DUO D6 8GB 피씨디렉트,"376,740","378,990","378,990","376,700","376,700","392,990","391,770","391,760",일시품절,"391,770","392,990","390,000","388,540","388,540","388,540","388,540","389,610","389,990","389,990","388,540","388,540","390,000","390,000","390,000","390,000","385,580","389,990","390,000","389,615","389,610",RTX 5050,8GB,0,COLORFUL 지포스 Battle AX DUO D6 피씨디렉트
100325213,COLORFUL 지포스 RTX 5060 GAMING DUO D7 8GB 피씨디렉트,0,0,0,0,0,0,0,0,0,0,0,가격비교예정,"489,730","489,710","489,590","489,460","489,340","489,250","460,000","460,000","460,000","466,990","466,990","466,990","466,990","466,940","466,910","467,000","466,980","466,980",RTX 5060,8GB,0,COLORFUL 지포스 GAMING DUO D7 피씨디렉트
88233638,COLORFUL 지포스 RTX 5060 Ti 토마호크 DUO D7 16GB 웨이코스,"918,000","918,000","918,000","918,000","918,000","918,000","918,000","918,000","918,000","918,000","918,000","918,000","918,000","918,000","918,000","918,000","918,000","918,000","918,000","918,000","918,000","918,000","918,000","918,000","918,000","918,000","918,000","918,000","918,000","918,000",RTX 5060,16GB,0,COLORFUL 지포스 Ti 토마호크 DUO D7 웨이코스
88233557,COLORFUL 지포스 RTX 5060 Ti 토마호크 DUO D7 16GB 피씨디렉트,"661,600","661,600","664,912","664,900","664,900","670,000","661,600","669,990","669,990","661,600","670,000","673,990","674,000","674,000","673,990","673,990","674,000","683,660","688,900","688,900","688,900","706,990","706,990","706,990","699,930","706,990","706,990","707,000","706,980","706,980",RTX 5060,16GB,0,COLORFUL 지포스 Ti 토마호크 DUO D7 피씨디렉트
91189289,COLORFUL 지포스 RTX 5060 Ti 토마호크 DUO D7 8GB 웨이코스,"607,200","607,200","607,200","607,200","607,200","607,200","607,200","607,200","607,200","607,200","607,200","607,200","607,200","605,110","605,110","605,110","605,110","605,110","591,000","563,380","563,380","563,370","563,370","563,370","563,370","563,370","563,370","563,370","607,150","607,150",RTX 5060,8GB,0,COLORFUL 지포스 Ti 토마호크 DUO D7 웨이코스
89862281,COLORFUL 지포스 RTX 5060 Ti 토마호크 DUO D7 8GB 피씨디렉트,"548,611","549,000","549,000","562,000","562,000","578,990","578,990","577,890","577,890","579,000","578,990","577,890","571,800","571,800","571,800","571,800","578,050","546,000","578,990","579,000","579,000","588,990","589,000","589,000","581,930","588,990","588,970","589,000","588,980","588,980",RTX 5060,8GB,0,COLORFUL 지포스 Ti 토마호크 DUO D7 피씨디렉트
91189415,COLORFUL 지포스 RTX 5060 토마호크 DUO D7 8GB 웨이코스,"454,000","454,000","454,000","454,000","454,000","454,000","454,000","454,000","454,000","454,000","454,000","454,000","454,000","454,000","454,000","454,000","454,000","454,000","454,000","485,000","485,000","485,000","485,000","485,000","485,000","485,000","485,000","485,000","485,000","485,000",RTX 5060,8GB,0,COLORFUL 지포스 토마호크 DUO D7 웨이코스
90960149,COLORFUL 지포스 RTX 5060 토마호크 DUO D7 8GB 피씨디렉트,"429,696","430,000","429,890","429,890","429,990","447,860","447,850","443,290","443,290","443,280","445,560","445,560","445,560","452,750","452,750","452,750","452,750","454,930","455,480","456,990","455,980","456,290","456,290","456,300","460,870","464,340","464,440","465,000","463,000","463,000",RTX 5060,8GB,0,COLORFUL 지포스 토마호크 DUO D7 피씨디렉트
90892973,COLORFUL 지포스 RTX 5060 토마호크 EX D7 8GB 피씨디렉트,"437,000","437,000","458,680","461,300","461,620","469,990","469,990","455,900","455,900","469,990","469,670","469,670","465,590","469,990","465,310","465,590","465,590","465,590","469,990","470,000","470,000","471,000","471,000","471,000","466,290","470,990","469,640","471,000","470,955","470,950",RTX 5060,8GB,0,COLORFUL 지포스 토마호크 EX D7 피씨디렉트
77379113,COLORFUL 지포스 RTX 5070 Ti 토마호크 EX D7 16GB 피씨디렉트,"1,268,880","1,268,750","1,268,890","1,290,000","1,290,000","1,311,750","1,311,740","1,305,000","1,305,000","1,311,740","1,289,000","1,289,000","1,289,000","1,289,000","1,288,990","1,288,990","1,289,000","1,289,000","1,289,000","1,289,000","1,323,990","1,334,990","1,334,990","1,334,990","1,318,980","1,318,950","1,334,990","1,335,000","1,334,980","1,334,950",RTX 5070 Ti,16GB,0,COLORFUL 지포스 토마호크 EX D7 피씨디렉트
78180053,COLORFUL 지포스 RTX 5070 토마호크 EX D7 12GB 웨이코스,"843,540","843,540","843,540","843,540","843,540","843,540","884,500","888,000","888,000","888,000","888,000","888,000","888,000","888,000","888,000","888,000","888,000","888,000","888,000","903,000","903,000","902,960","902,960","902,960","902,960","902,960","902,960","902,960","902,940","902,920",RTX 5070,12GB,0,COLORFUL 지포스 토마호크 EX D7 웨이코스
77318726,COLORFUL 지포스 RTX 5070 토마호크 EX D7 12GB 피씨디렉트,"835,070","835,070","835,070","835,320","835,320","854,990","854,990","854,990","854,990","854,990","854,990","849,760","849,760","849,760","849,760","849,760","849,760","849,760","853,500","853,500","853,500","878,990","872,630","879,000","879,000","879,000","879,000","879,000","878,980","878,980",RTX 5070,12GB,0,COLORFUL 지포스 토마호크 EX D7 피씨디렉트
90113690,COLORFUL 지포스 RTX 5070 토마호크 EX V2 D7 12GB 피씨디렉트,"835,080","835,080","835,080","835,320","835,320","846,450","846,450","846,450","846,450","846,450","846,450","846,450","846,440","846,440","846,440","846,440","846,440","846,440","849,000","849,000","849,000","879,000","879,000","879,000","879,000","878,990","878,990","879,000","878,980","878,980",RTX 5070,12GB,0,COLORFUL 지포스 토마호크 EX V2 D7 피씨디렉트
96776756,FORSA 라데온 RX 6600 D6 8GB,"289,580","289,580","289,580","289,580","289,580","289,580","287,350","287,350","287,350","287,350","287,350","287,350","295,360","295,360","295,360","295,360","295,360","295,360","295,360","295,360","295,360","295,360","295,360","295,360","295,360","295,360","295,360","295,360","295,360","295,360",RX 6600,8GB,0,FORSA 라데온 D6
72914312,FORSA 라데온 RX 6600 D6 8GB (벌크),"285,990","285,990","285,990","285,990","285,990","285,990","289,580","289,580","290,750","290,750","290,750","290,750","290,750","290,750","290,750","290,750","290,750","290,750","290,750","290,750","290,750","290,750","290,750","290,750","290,750","290,750","290,750","290,750","290,750","290,750",RX 6600,8GB,벌크,FORSA 라데온 D6
12373847,FORSA 지포스 GTX 1650 D6 4GB,"228,190","228,190","228,190","228,190","228,190","228,190","228,190","228,190","228,990","228,990","228,990","228,990","228,990","228,990","228,990","228,990","228,990","228,990","228,990","228,990","228,990","228,990","228,990","228,990","228,990","228,990","228,990","228,990","228,990","228,990",GTX 1650,4GB,0,FORSA 지포스 D6
13169082,FORSA 지포스 GTX 1660 SUPER X D6 6GB,"250,790","250,790","250,740","250,690","250,690","250,630","250,630","250,630","250,630","250,630","250,630","250,630","250,640","250,600","250,600","250,600","250,600","250,600","250,600","250,600","250,600","250,600","250,600","250,600","250,600","250,590","250,590","250,590","250,590","250,590",GTX 1660 SUPER,6GB,0,FORSA 지포스 X D6
39030653,FORSA 지포스 RTX 3050 D6 6GB ONE COOL,0,0,0,0,0,0,0,0,0,0,0,0,0,0,0,0,0,0,0,0,0,0,0,0,0,0,0,0,0,"261,570",RTX,6GB,0,FORSA 지포스 3050 D6 ONE COOL
76329764,FORSA 지포스 RTX 3060 K D6 12GB,"395,990","395,990","395,990","395,990","395,990","395,990","395,990","395,990","395,990","395,990","395,990","395,990","400,840","399,990","399,990","399,990","399,990","399,990","399,990","399,990","399,990","399,990","399,990","399,990","399,990",0,0,0,0,0,RTX,12GB,0,FORSA 지포스 3060 K D6
13493789,GAINWARD 지포스 GTX 1660 SUPER 고스트 V1 D6 6GB 백플레이트,"940,000","940,000","940,000","940,000","940,000","940,000","940,000","940,000","940,000","940,000","940,000","940,000","940,000","940,000","940,000","940,000","940,000","940,000","940,000","940,000","940,000","940,000","940,000","940,000","940,000","940,000","940,000","940,000","940,000","940,000",GTX 1660 SUPER,6GB,0,GAINWARD 지포스 고스트 V1 D6 백플레이트
16301504,GAINWARD 지포스 RTX 3050 고스트 D6 8GB,"553,490","553,490","553,490","553,490","553,490","553,490","525,820","525,820","525,820","525,820","525,820","525,820","525,820","525,820","525,820","525,820","525,820","525,820","525,820","525,820","525,820","525,820","525,820","525,820","525,820","525,820","525,820","525,820","525,820","525,820",RTX,8GB,0,GAINWARD 지포스 3050 고스트 D6
44217686,GAINWARD 지포스 RTX 3050 페가수스 D6 6GB,"249,674","249,674","249,674","249,674","257,990","259,000","259,000","259,000","259,000","259,000","259,000","259,000","259,000","259,000","259,000","258,990","259,000","259,000","259,000","259,000","258,990","258,980","258,980","258,990","258,990","258,460","258,450","257,390","257,380","257,380",RTX,6GB,0,GAINWARD 지포스 3050 페가수스 D6
14824829,GAINWARD 지포스 RTX 3060 고스트 D6 12GB LHR,"1,185,000","1,185,000","1,185,000","1,185,000","1,185,000","1,185,000","1,185,000","1,185,000","1,185,000","1,185,000","1,185,000","1,185,000","1,185,000","1,185,000","1,185,000","1,185,000","1,185,000","1,185,000","1,185,000","1,185,000","1,185,000","1,185,000","1,185,000","1,185,000","1,185,000","1,185,000","1,185,000","1,185,000","1,185,000","1,185,000",RTX,12GB,0,GAINWARD 지포스 3060 고스트 D6 LHR
42946280,GAINWARD 지포스 RTX 4060 파이썬 II D6 8GB,"587,000","587,000","587,000","587,000","587,000","587,000","587,000","587,000","587,000","587,000","587,000","587,000","587,000","587,000","587,000","587,000","587,000","587,000","587,000","587,000","587,000","587,000","587,000","587,000","587,000","587,000","587,000","587,000","587,000","587,000",RTX 4060,8GB,0,GAINWARD 지포스 파이썬 II D6
19773158,GAINWARD 지포스 RTX 4070 고스트 D6X 12GB,"1,223,700","1,223,700","1,303,500","1,316,800","1,316,800","1,316,800","1,300,100","1,300,100","1,300,100","1,300,100","1,300,100","1,263,600","1,263,600","1,263,600","1,263,600","1,263,600","1,263,600","1,263,600","1,263,600","1,263,600","1,263,600","1,263,600","1,263,600","1,263,600","1,263,600","1,263,600","1,263,600","1,263,600","1,263,600","1,263,600",RTX 4070,12GB,0,GAINWARD 지포스 고스트 D6X
94445579,GAINWARD 지포스 RTX 5050 고스트 D6 8GB,"372,100","372,100","372,100","372,100","381,210","372,100","372,100","381,210","381,210","381,210","381,220","381,220","381,220","381,220","381,220","381,220","381,220","381,220","381,220","389,000","388,990","388,970","388,970","388,990","388,990","388,990","388,990","388,990","388,970","388,930",RTX 5050,8GB,0,GAINWARD 지포스 고스트 D6
81716594,GAINWARD 지포스 RTX 5060 Ti 고스트 D7 8GB,"563,990","563,990","564,000","564,000","563,990","560,440","560,420","560,430","560,430","560,440","560,430","560,430","560,440","560,440","560,430","560,420","560,430","560,440","560,430","560,440","560,430","560,420","560,420","560,420","560,410","560,420","560,420","560,430","560,430","560,430",RTX 5060,8GB,0,GAINWARD 지포스 Ti 고스트 D7
94445780,GAINWARD 지포스 RTX 5060 Ti 고스트 OC D7 8GB,"588,710","588,710","588,710","588,710","588,710","588,710","588,710","588,710","588,710","588,710","588,710","588,710","588,710","588,710","588,710","588,710","588,710","588,710","588,710","588,710","588,710","588,710","588,710","588,710","588,710","588,710","588,710","588,710","588,710","588,710",RTX 5060,8GB,0,GAINWARD 지포스 Ti 고스트 OC D7
81716585,GAINWARD 지포스 RTX 5060 Ti 파이썬 III D7 16GB,"680,100","680,100","680,100","680,100","680,100","680,100","680,100","680,100","680,100","680,100","680,100","680,100","680,100","680,100","680,100","680,100","680,100","680,100","680,100","680,100","680,100","680,100","680,100","680,100","680,100","680,100","680,100","680,100","680,100","680,100",RTX 5060,16GB,0,GAINWARD 지포스 Ti 파이썬 III D7
90892928,GAINWARD 지포스 RTX 5060 고스트 D7 8GB,"437,210","437,210","437,210","437,210","459,000","437,210","437,210","459,000","459,000","459,000","459,000","458,523","458,523","459,000","450,700","450,618","450,618","455,367","455,367","455,360","450,000","449,990","449,990","450,000","450,000","450,000","450,000","450,000","456,040","456,040",RTX 5060,8GB,0,GAINWARD 지포스 고스트 D7
94445870,GAINWARD 지포스 RTX 5060 고스트 OC D7 8GB,"474,360","474,360","474,360","474,360","474,360","474,360","474,360","474,360","474,360","474,360","474,360","474,360","474,360","474,360","474,360","474,360","474,360","474,360","474,360","474,360","474,360","474,360","474,360","474,360","474,360","474,360","474,360","474,360","474,360","474,360",RTX 5060,8GB,0,GAINWARD 지포스 고스트 OC D7
76794086,GAINWARD 지포스 RTX 5070 Ti 팬텀 D7 16GB,"1,613,680","1,613,680","1,718,920","1,736,460","1,736,460","1,736,460","1,724,000","1,724,000","1,724,000","1,724,000","1,724,000","1,666,300","1,666,300","1,666,300","1,666,300","1,666,300","1,666,300","1,666,300","1,666,300","1,666,300","1,666,300","1,666,300","1,666,300","1,666,300","1,666,300","1,666,300","1,666,300","1,666,300","1,666,300","1,666,300",RTX 5070 Ti,16GB,0,GAINWARD 지포스 팬텀 D7
76794137,GAINWARD 지포스 RTX 5070 Ti 피닉스 D7 16GB,"1,330,000","1,330,000","1,330,000","1,330,000","1,330,000","1,330,000","1,330,000","1,330,000","1,330,000","1,330,000","1,330,000","1,330,000","1,330,000","1,330,000","1,330,000","1,330,000","1,330,000","1,330,000","1,330,000","1,330,000","1,330,000","1,330,000","1,330,000","1,330,000","1,330,000","1,330,000","1,330,000","1,330,000","1,330,000","1,330,000",RTX 5070 Ti,16GB,0,GAINWARD 지포스 피닉스 D7
94445978,GAINWARD 지포스 RTX 5070 Ti 피닉스-S D7 16GB,"1,253,370","1,253,370","1,253,380","1,253,380","1,253,380","1,253,380","1,253,380","1,253,380","1,253,380","1,253,380","1,253,100","1,253,100","1,253,100","1,253,100","1,253,100","1,253,090","1,253,100","1,253,100","1,253,100","1,253,100","1,275,000","1,274,990","1,274,990","1,274,990","1,253,100","1,253,100","1,253,100","1,253,100","1,253,100","1,253,100",RTX 5070 Ti,16GB,0,GAINWARD 지포스 피닉스-S D7
78982154,GAINWARD 지포스 RTX 5070 파이썬 III D7 12GB,"855,840","855,840","855,850","855,850","851,000","851,000","851,000","850,700","850,700","850,700","847,600","847,600","847,600","847,600","847,600","847,600","847,600","847,600","841,400","841,400","841,400","855,750","855,750","855,760","855,760","855,760","855,760","855,760","855,740","855,730",RTX 5070,12GB,0,GAINWARD 지포스 파이썬 III D7
77382785,GAINWARD 지포스 RTX 5070 피닉스 D7 12GB,"836,360","836,360","836,360","836,360","836,360","836,360","836,360","836,360","836,360","836,990","836,990","836,990","836,990","836,990","836,990","836,970","836,990","843,390","843,390","843,390","843,390","843,370","843,370","843,390","843,390","843,390","843,390","843,390","843,370","843,390",RTX 5070,12GB,0,GAINWARD 지포스 피닉스 D7
75601409,GAINWARD 지포스 RTX 5080 팬텀 D7 16GB,"1,870,000","1,870,000","1,870,000","1,870,000","1,870,000","1,870,000","1,870,000","1,870,000","1,870,000","1,870,000","1,870,000","1,856,140","1,856,140","1,870,000","1,870,000","1,870,000","1,870,000","1,870,000","1,870,000","1,897,000","1,897,000","1,897,000","1,897,000","1,897,000","1,897,000","1,897,000","1,897,000","1,897,000","1,897,000","1,897,000",RTX 5080,16GB,0,GAINWARD 지포스 팬텀 D7
75601394,GAINWARD 지포스 RTX 5080 피닉스 D7 16GB,"1,774,190","1,774,190","1,775,000","1,775,000","1,775,000","1,755,350","1,755,350","1,755,350","1,755,350","1,755,350","1,722,240","1,722,240","1,722,240","1,722,240","1,764,890","1,764,880","1,764,890","1,764,890","1,764,890","1,764,890","1,764,890","1,764,880","1,764,880","1,764,880","1,764,880","1,764,860","1,764,840","1,764,820","1,764,810","1,764,990",RTX 5080,16GB,0,GAINWARD 지포스 피닉스 D7
75991625,GAINWARD 지포스 RTX 5090 팬텀 D7 32GB,"4,825,370","4,825,240","4,944,990","4,989,990","4,989,990","4,989,990","4,989,990","4,989,990","4,989,990","4,989,990","4,989,990","4,989,980","4,990,000","4,990,000","4,990,000","4,990,000","4,990,000","4,899,000","4,799,000","4,799,000","4,799,000","4,799,000","4,799,000","4,990,000","4,699,000","4,699,000","4,699,000","4,699,000","4,694,000","4,694,000",RTX 5090,32GB,0,GAINWARD 지포스 팬텀 D7
77382890,GIGABYTE AORUS 라데온 RX 9070 XT ELITE D6 16GB 제이씨현,"1,299,000","1,299,000","1,299,000","1,299,000","1,299,000","1,289,000","1,288,990","1,288,990","1,288,990","1,288,990","1,288,990","1,288,990","1,288,990","1,288,990","1,288,990","1,288,990","1,288,990","1,288,990","1,288,990","1,288,990","1,288,990","1,288,990","1,288,990","1,288,990","1,288,990","1,288,940","1,288,910","1,288,790","1,288,670","1,288,550",RX 9070 XT,16GB,0,GIGABYTE AORUS 라데온 ELITE D6 제이씨현
77382833,GIGABYTE AORUS 라데온 RX 9070 XT ELITE D6 16GB 피씨디렉트,"1,152,680","1,152,680","1,152,680","1,152,680","1,152,680","1,152,680","1,152,680","1,152,680","1,152,680","1,152,680","1,152,680","1,152,680","1,152,680","1,152,680","1,152,680","1,152,680","1,152,680","1,152,680","1,152,680","1,152,680","1,152,680","1,152,680","1,152,680","1,152,680","1,152,680","1,152,680","1,152,680","1,152,680","1,152,680","1,152,680",RX 9070 XT,16GB,0,GIGABYTE AORUS 라데온 ELITE D6 피씨디렉트
19771628,GIGABYTE AORUS 지포스 RTX 4070 MASTER D6X 12GB 제이씨현,"1,076,400","1,076,400","1,146,600","1,158,300","1,158,300","1,158,300","1,158,300","1,158,300","1,158,300","1,158,300","1,158,300","1,111,500","1,111,500","1,111,500","1,111,500","1,111,500","1,111,500","1,111,500","1,111,500","1,111,500",0,0,0,0,0,0,0,0,0,0,RTX 4070,12GB,0,GIGABYTE AORUS 지포스 MASTER D6X 제이씨현
90892946,GIGABYTE AORUS 지포스 RTX 5060 ELITE D7 8GB 제이씨현,"554,990","554,990","554,990","548,990","548,990","548,990","548,990","548,990","548,990","548,990","548,990","548,980","548,940","562,830","562,830","562,830","562,830","562,830","562,830","562,830","562,830","562,830","562,830","562,830","562,830","562,830","562,830","562,830","569,520","569,490",RTX 5060,8GB,0,GIGABYTE AORUS 지포스 ELITE D7 제이씨현
90889598,GIGABYTE AORUS 지포스 RTX 5060 ELITE D7 8GB 피씨디렉트,"543,700","552,190","556,960","556,960","558,000","558,000","524,140","536,400","536,400","536,400","536,400","550,010","557,060","557,060","557,060","557,060","557,060","558,000","558,000","558,320","557,070","557,070","557,070","557,070","557,070","558,290","558,290","558,300","558,290","558,270",RTX 5060,8GB,0,GIGABYTE AORUS 지포스 ELITE D7 피씨디렉트
81326354,GIGABYTE AORUS 지포스 RTX 5060 Ti ELITE D7 16GB 제이씨현,"868,120","868,070","868,990","868,990","868,990","868,990","868,990","868,990","868,990","868,990","868,990","868,980","868,990","868,990","874,980","874,890","874,860","874,740","874,650","874,630","874,600","874,510","874,470","874,350","874,320","874,270","874,240","874,210","874,210","874,210",RTX 5060,16GB,0,GIGABYTE AORUS 지포스 Ti ELITE D7 제이씨현
81715727,GIGABYTE AORUS 지포스 RTX 5060 Ti ELITE D7 16GB 피씨디렉트,"824,650","824,520","832,770","832,770","833,000","833,000","802,070","814,440","814,440","814,440","814,440","814,440","832,990","832,990","832,990","832,990","832,990","833,000","833,000","833,000","832,990","832,990","832,970","832,970","832,970","832,980","832,990","832,990","832,990","832,990",RTX 5060,16GB,0,GIGABYTE AORUS 지포스 Ti ELITE D7 피씨디렉트
77319458,GIGABYTE AORUS 지포스 RTX 5070 MASTER D7 12GB 제이씨현,"1,026,980","1,026,980","1,026,990","1,026,990","1,026,990","1,028,030","1,028,030","1,028,020","1,028,020","1,028,030","1,028,030","1,028,030","1,028,030","1,028,030","1,028,030","1,028,030","1,028,030","1,028,030","1,028,030","1,028,030","1,028,030","1,028,030","1,028,030","1,028,030","1,028,030","1,027,980","1,027,980","1,027,980","1,027,980","1,027,920",RTX 5070,12GB,0,GIGABYTE AORUS 지포스 MASTER D7 제이씨현
77312321,GIGABYTE AORUS 지포스 RTX 5070 MASTER D7 12GB 피씨디렉트,"1,052,900","1,059,990","1,059,990","1,059,990","1,059,990","1,059,990","1,059,990","1,059,990","1,059,990","1,059,990","1,059,990","1,059,990","1,060,000","1,060,000","1,060,000","1,060,000","1,060,000","1,060,000","1,060,000","1,060,000","1,060,000","1,060,000","1,060,000","1,060,000","1,060,000","1,060,000","1,060,000","1,060,000","1,060,000","1,060,000",RTX 5070,12GB,0,GIGABYTE AORUS 지포스 MASTER D7 피씨디렉트
76551029,GIGABYTE AORUS 지포스 RTX 5070 Ti MASTER D7 16GB 제이씨현,"1,717,340","1,717,230","1,718,990","1,718,990","1,718,990","1,718,990","1,718,990","1,718,990","1,718,990","1,718,990","1,718,990","1,718,980","1,718,940","1,718,830","1,740,490","1,740,490","1,740,490","1,740,490","1,740,490","1,743,990","1,743,990","1,743,990","1,743,990","1,743,990","1,743,990","1,743,940","1,743,910","1,743,790","1,743,710","1,743,590",RTX 5070 Ti,16GB,0,GIGABYTE AORUS 지포스 MASTER D7 제이씨현
76510835,GIGABYTE AORUS 지포스 RTX 5070 Ti MASTER D7 16GB 피씨디렉트,"1,681,140","1,681,020","1,691,870","1,691,870","1,698,000","1,698,000","1,697,990","1,698,000","1,698,000","1,698,000","1,745,000","1,745,000","1,738,780","1,738,780","1,738,780","1,738,780","1,738,780","1,745,000","1,738,000","1,738,000","1,737,990","1,737,990","1,737,990","1,737,990","1,737,990","1,737,990","1,737,990","1,737,990","1,737,990","1,737,990",RTX 5070 Ti,16GB,0,GIGABYTE AORUS 지포스 MASTER D7 피씨디렉트
75184259,GIGABYTE AORUS 지포스 RTX 5080 MASTER D7 16GB 제이씨현,"2,044,000","2,044,000","2,102,000","2,102,000","2,102,000","2,102,000","2,135,600","2,135,600","2,135,600","2,135,600","2,135,600","2,135,590","2,135,550","2,135,440","2,130,000","2,129,990","2,135,310","2,135,230","2,128,000","2,128,000","2,128,000","2,125,980","2,125,970","2,125,980","2,125,980","2,126,000","2,125,990","2,126,000","2,125,960","2,125,900",RTX 5080,16GB,0,GIGABYTE AORUS 지포스 MASTER D7 제이씨현
75074210,GIGABYTE AORUS 지포스 RTX 5080 MASTER D7 16GB 피씨디렉트,"2,008,050","2,081,960","2,084,000","2,084,000","2,084,000","2,147,000","2,146,990","2,147,000","2,147,000","2,147,000","2,147,000","2,147,000","2,146,990","2,146,990","2,146,990","2,146,990","2,146,990","2,147,000","2,124,480","2,124,480","2,124,480","2,124,480","2,121,970","2,121,970","2,121,970","2,123,000","2,123,000","2,123,000","2,122,990","2,122,970",RTX 5080,16GB,0,GIGABYTE AORUS 지포스 MASTER D7 피씨디렉트
75184262,GIGABYTE AORUS 지포스 RTX 5080 MASTER ICE D7 16GB 제이씨현,"2,124,800","2,124,800","2,178,990","2,178,000","2,178,000","2,178,000","2,178,000","2,175,950","2,174,970","2,175,000","2,178,990","2,178,980","2,178,920","2,158,990","2,139,000","2,138,970","2,162,710","2,162,650","2,159,000","2,158,000","2,158,000","2,154,960","2,119,000","2,154,930","2,154,930","2,155,000","2,154,990","2,155,000","2,112,500","2,112,450",RTX 5080,16GB,0,GIGABYTE AORUS 지포스 MASTER ICE D7 제이씨현
75074258,GIGABYTE AORUS 지포스 RTX 5080 MASTER ICE D7 16GB 피씨디렉트,"2,160,580","2,159,990","2,160,000","2,170,000","2,170,000","2,211,200","2,199,280","2,216,280","2,216,280","2,216,300","2,216,290","2,216,270","2,216,150","2,216,030","2,215,910","2,215,780","2,215,660","2,215,580","2,184,000","2,183,990","2,183,990","2,183,990","2,183,980","2,183,980","2,183,980","2,138,440","2,138,450","2,138,360","2,138,330","2,138,210",RTX 5080,16GB,0,GIGABYTE AORUS 지포스 MASTER ICE D7 피씨디렉트
75074405,GIGABYTE AORUS 지포스 RTX 5080 XTREME 워터포스 D7 16GB 피씨디렉트,"2,264,770","2,264,770","2,288,000","2,288,000","2,288,000","2,298,000","2,296,480","2,296,470","2,296,000","2,296,000","2,296,000","2,296,000","2,295,990","2,295,990","2,295,990","2,295,990","2,295,990","2,299,000","2,352,000","2,369,000","2,369,000","2,369,000","2,369,000","2,369,000","2,206,700","2,206,700","2,206,700","2,206,700",0,0,RTX 5080,16GB,0,GIGABYTE AORUS 지포스 XTREME 워터포스 D7 피씨디렉트
75536606,GIGABYTE AORUS 지포스 RTX 5080 XTREME 워터포스 WB D7 16GB 제이씨현,0,0,0,0,0,0,0,0,0,0,0,0,0,0,0,0,0,0,0,0,0,0,0,0,0,"2,311,990","2,311,990","2,311,990","2,311,990","2,311,990",RTX 5080,16GB,0,GIGABYTE AORUS 지포스 XTREME 워터포스 WB D7 제이씨현
75074336,GIGABYTE AORUS 지포스 RTX 5080 XTREME 워터포스 WB D7 16GB 피씨디렉트,"2,049,000","2,049,000","2,049,000","2,299,000","2,299,000","2,299,000","2,298,980","2,298,990","2,297,990","2,298,000","2,298,000","2,298,000","2,297,980","2,297,980","2,297,980","2,297,980","2,297,980","2,298,000","2,298,000","2,298,000","2,297,990","2,297,990","2,297,980","2,297,980","2,297,990","2,297,990","2,297,990","2,297,990","2,297,990","2,363,800",RTX 5080,16GB,0,GIGABYTE AORUS 지포스 XTREME 워터포스 WB D7 피씨디렉트
99128606,GIGABYTE AORUS 지포스 RTX 5090 AI BOX 제이씨현,"4,830,000","4,830,000","4,889,990","4,889,990","4,890,000","4,889,990","4,958,990","4,958,990","4,958,990","4,958,990","4,959,000","4,959,000",0,0,0,0,0,"4,889,960","5,249,980","5,249,980","5,249,940","5,248,910","5,198,990","5,249,900","5,199,990","5,199,950","5,199,930","5,199,940","5,170,000","5,169,980",RTX 5090,0,0,GIGABYTE AORUS 지포스 AI BOX 제이씨현
98412476,GIGABYTE AORUS 지포스 RTX 5090 AI BOX 피씨디렉트,"4,884,690","4,884,690","4,884,690","4,884,690","4,885,000","4,884,990","4,884,990","4,958,990","4,958,990","4,959,000","4,959,000","5,719,000","5,719,000","5,719,000","5,719,000","5,719,000","5,719,000","5,719,000","5,719,000","5,719,000","5,114,200","5,114,190","5,114,190","5,114,190","4,959,000","4,958,990","4,958,990","5,114,180","5,114,180","5,114,180",RTX 5090,0,0,GIGABYTE AORUS 지포스 AI BOX 피씨디렉트
75184274,GIGABYTE AORUS 지포스 RTX 5090 MASTER D7 32GB 제이씨현,"4,818,600","4,818,600","4,818,600","4,790,000","4,789,990","4,941,050","4,941,050","4,941,050","4,941,050","4,941,050","4,990,000","4,709,000","5,470,000","4,949,000","4,900,000","4,898,990","4,898,990","4,745,000","4,674,030","4,600,000","4,599,990","4,599,980","4,599,980","4,599,990","4,589,990","4,589,940","4,589,910","4,589,790","4,589,780","4,589,780",RTX 5090,32GB,0,GIGABYTE AORUS 지포스 MASTER D7 제이씨현
75184226,GIGABYTE AORUS 지포스 RTX 5090 MASTER D7 32GB 피씨디렉트,"5,204,970","5,204,850","5,204,970","5,204,970","5,204,970","5,204,970","5,296,500","5,296,500","5,296,500","5,296,500","5,296,500","5,320,000","5,320,000","5,320,000","5,320,000","5,320,000","5,319,960","5,320,000","5,320,000","4,749,000","4,694,800","4,655,990","4,655,990","4,655,990","4,655,990","4,655,960","4,655,930","4,655,970","4,655,970","4,655,950",RTX 5090,32GB,0,GIGABYTE AORUS 지포스 MASTER D7 피씨디렉트
75184277,GIGABYTE AORUS 지포스 RTX 5090 MASTER ICE D7 32GB 제이씨현,"4,848,880","4,778,970","4,778,990","4,828,990","4,828,990","4,828,990","4,828,990","4,828,990","4,828,990","4,828,990","5,197,500","5,272,500","5,272,500","4,949,000","4,929,000","4,928,990","4,929,000","4,724,820","4,683,280","4,613,310","4,613,310","4,598,000","4,612,990","4,613,000","4,620,980","4,637,940","4,613,310","4,637,820","4,630,000","4,630,000",RTX 5090,32GB,0,GIGABYTE AORUS 지포스 MASTER ICE D7 제이씨현
75184229,GIGABYTE AORUS 지포스 RTX 5090 MASTER ICE D7 32GB 피씨디렉트,"4,847,070","4,949,990","5,065,000","5,193,270","5,194,310","4,990,000","4,989,990","4,989,990","4,989,990","4,989,990","4,989,990","5,095,990","5,096,390","5,100,500","5,100,690","5,113,740","5,096,000","5,109,370","5,095,990","4,749,000","4,470,000","4,748,970","4,741,990","4,741,990","4,630,000","4,688,980","4,688,980","4,688,980","4,688,980","4,688,960",RTX 5090,32GB,0,GIGABYTE AORUS 지포스 MASTER ICE D7 피씨디렉트
93382736,GIGABYTE AORUS 지포스 RTX 5090 STEALTH ICE D7 32GB 제이씨현,"4,878,890","4,828,970","4,828,990","4,828,990","4,858,990","4,858,990","5,217,300","5,217,300","5,217,300","5,217,300","5,217,300","4,390,000","4,390,000","4,900,000","4,900,000","4,900,000","4,900,000","4,900,000","4,900,000","4,900,000","4,900,000","4,900,000","4,900,000","4,900,000","4,900,000","5,608,020","4,900,000","4,900,000","4,900,000","4,900,000",RTX 5090,32GB,0,GIGABYTE AORUS 지포스 STEALTH ICE D7 제이씨현
92966027,GIGABYTE AORUS 지포스 RTX 5090 STEALTH ICE D7 32GB 피씨디렉트,"5,990,000","5,990,000","5,989,990","5,990,000","5,990,000","5,990,000","5,990,000","5,990,000","5,990,000","5,990,000","5,990,000","5,990,000","5,990,000","5,990,000","5,990,000","5,990,000","5,990,000","5,990,000","5,646,300","4,819,000","4,819,000","4,722,050","4,719,000","4,719,000","4,717,000","4,722,000","4,721,950","4,721,860","4,721,750","4,721,650",RTX 5090,32GB,0,GIGABYTE AORUS 지포스 STEALTH ICE D7 피씨디렉트
75536696,GIGABYTE AORUS 지포스 RTX 5090 XTREME 워터포스 D7 32GB 제이씨현,"5,382,000","5,382,000","5,733,000","5,828,130","5,828,130","5,828,130","5,828,130","5,828,130","5,828,130","5,828,130","5,828,130","5,592,650","5,592,650","5,592,650","5,099,000","5,098,990","5,098,990","4,895,000","4,894,990","4,589,080","4,589,080","4,779,040","4,779,040","4,779,040","4,750,000","4,749,940","4,749,910","4,749,850","4,749,730","4,749,610",RTX 5090,32GB,0,GIGABYTE AORUS 지포스 XTREME 워터포스 D7 제이씨현
75184235,GIGABYTE AORUS 지포스 RTX 5090 XTREME 워터포스 D7 32GB 피씨디렉트,"5,290,000","5,290,000","5,290,000","5,290,000","5,090,000","5,090,000","5,090,000","5,590,000","5,590,000","5,590,000","5,590,000","5,590,000","5,590,000","5,590,000","5,590,000","5,590,000","5,590,000","5,590,000","5,590,000","4,899,000","4,899,000","4,800,620","4,800,620","4,800,610","4,800,620","4,800,600","4,800,600","4,800,600","4,800,600","4,800,590",RTX 5090,32GB,0,GIGABYTE AORUS 지포스 XTREME 워터포스 D7 피씨디렉트
75536777,GIGABYTE AORUS 지포스 RTX 5090 XTREME 워터포스 WB D7 32GB 제이씨현,0,0,0,0,0,0,0,0,0,0,0,0,0,0,0,0,0,0,"4,659,000","4,894,990","4,770,480","4,844,990","4,844,990","4,844,990","4,844,990","4,844,940","4,844,910","4,844,840","4,844,840","4,844,840",RTX 5090,32GB,0,GIGABYTE AORUS 지포스 XTREME 워터포스 WB D7 제이씨현
75184232,GIGABYTE AORUS 지포스 RTX 5090 XTREME 워터포스 WB D7 32GB 피씨디렉트,"5,336,000","5,336,000","5,684,000","5,445,000","5,445,000","5,445,000","5,445,000","5,445,000","5,445,000","5,445,000","5,445,000","5,225,000","5,225,000","5,225,000","5,225,000","5,225,000","5,225,000","5,263,490","5,263,390","4,934,240","4,898,990","4,898,990","4,898,990","4,898,990","4,898,990","4,898,930","4,898,900","4,898,790","4,898,700","4,898,580",RTX 5090,32GB,0,GIGABYTE AORUS 지포스 XTREME 워터포스 WB D7 피씨디렉트
99736931,GIGABYTE 라데온 AI PRO R9700 AI TOP D6 32GB 제이씨현,"2,199,000","2,199,000","2,199,000","2,199,000","2,199,000","2,199,000","2,199,000","2,199,000","2,199,000","2,199,000","2,199,000","2,199,000","2,199,000","2,199,000","2,199,000","2,199,000","2,199,000","2,199,000","2,199,000","2,199,000","2,199,000","2,199,000","2,199,000","2,199,000","2,199,000","2,199,000","2,199,000","2,199,000","2,199,000","2,199,000",AI PRO R9700,32GB,0,GIGABYTE 라데온 AI TOP D6 제이씨현
99714743,GIGABYTE 라데온 AI PRO R9700 AI TOP D6 32GB 피씨디렉트,"2,150,350","2,150,010","2,150,760","2,150,760","2,151,000","2,151,000","2,150,980","2,150,990","2,150,990","2,151,000","2,150,980","2,150,980","2,150,960","2,150,960","2,150,960","2,150,960","2,150,960","2,151,000","2,151,000","2,150,000","2,149,990","2,149,990","2,149,990","2,149,990","2,149,920","2,149,920","2,149,920","2,149,920","2,149,920","2,149,910",AI PRO R9700,32GB,0,GIGABYTE 라데온 AI TOP D6 피씨디렉트
20350115,GIGABYTE 라데온 RX 7600 GAMING OC D6 8GB 제이씨현,"350,128","350,128","350,128","366,990","366,990","366,990","366,990","365,850","362,990","366,990","366,990","366,990","366,990","366,990","362,990","362,960","366,990","366,990","366,990","366,990","366,990","362,920","361,000","366,990","366,990","366,930","366,910","366,870","362,990","361,000",RX 7600,8GB,0,GIGABYTE 라데온 GAMING OC D6 제이씨현
91867850,GIGABYTE 라데온 RX 9060 XT Gaming D6 8GB 제이씨현,"470,994","470,990","470,990","470,990","478,990","470,990","470,990","462,520","465,150","478,990","478,990","478,990","478,990","478,990","478,990","484,850","484,880","484,880","478,990","478,990","478,990","465,150","465,150","478,990","478,990","478,920","478,810","467,000","467,000","467,000",RX 9060,8GB,0,GIGABYTE 라데온 XT Gaming D6 제이씨현
91908533,GIGABYTE 라데온 RX 9060 XT Gaming D6 8GB 피씨디렉트,"462,050","470,990","470,990","470,990","485,990","470,990","470,990","462,520","465,140","465,140","485,990","485,990","485,980","485,980","485,980","485,970","485,970","485,990","485,990","485,990","478,990","465,150","465,150","478,990","478,990","478,940","465,150","474,800","460,270","474,800",RX 9060,8GB,0,GIGABYTE 라데온 XT Gaming D6 피씨디렉트
91867763,GIGABYTE 라데온 RX 9060 XT Gaming OC D6 16GB 제이씨현,"554,840","554,840","566,250","566,250","573,990","566,250","571,140","558,660","558,650","573,990","559,220","573,970","573,250","573,250","571,100","571,090","571,100","571,100","571,100","571,080","571,080","570,980","570,980","571,080","571,060","571,030","570,930","570,890","570,800","570,760",RX 9060,16GB,0,GIGABYTE 라데온 XT Gaming OC D6 제이씨현
91908590,GIGABYTE 라데온 RX 9060 XT Gaming OC D6 16GB 피씨디렉트,"564,990","564,990","564,990","564,990","564,990","564,990","564,990","558,670","559,220","559,220","559,220","574,990","574,990","574,990","574,990","574,990","574,990","574,990","574,990","574,990","574,990","570,990","570,990","570,990","570,990","570,990","574,500","574,490","574,490","574,490",RX 9060,16GB,0,GIGABYTE 라데온 XT Gaming OC D6 피씨디렉트
91867802,GIGABYTE 라데온 RX 9060 XT Gaming OC D6 8GB 제이씨현,"434,450","452,110","449,690","455,490","455,490","455,490","455,490","468,980","468,980","468,990","468,990","468,980","474,000","468,990","473,990","473,990","473,990","473,990","473,990","473,990","473,990","474,000","474,000","474,000","474,000","474,000","474,000","474,000","474,000","474,000",RX 9060,8GB,0,GIGABYTE 라데온 XT Gaming OC D6 제이씨현
91908554,GIGABYTE 라데온 RX 9060 XT Gaming OC D6 8GB 피씨디렉트,"489,000","491,550","491,550","491,550","491,550","491,550","491,550","491,550","491,550","491,550","491,550","491,550","491,550","491,550","491,550","491,550","491,550","491,550","491,550","491,550","491,550","491,550","491,550","491,550","491,550","491,550","488,000","488,000","488,000","488,000",RX 9060,8GB,0,GIGABYTE 라데온 XT Gaming OC D6 피씨디렉트
99128558,GIGABYTE 라데온 RX 9060 XT Gaming OC ICE D6 16GB 제이씨현,"552,000","552,000","564,760","564,230","565,000","565,000","565,000","563,930","553,900","564,000","564,000","564,000","564,000","564,000","559,000","557,990","559,000","559,000","559,000","563,990","563,990","563,750","558,990","563,990","563,990","563,990","563,980","564,000","558,000","557,950",RX 9060,16GB,0,GIGABYTE 라데온 XT Gaming OC ICE D6 제이씨현
99288071,GIGABYTE 라데온 RX 9060 XT Gaming OC ICE D6 16GB 피씨디렉트,"538,800","538,800","538,800","563,310","564,000","564,000","563,980","563,990","563,990","564,000","563,980","563,980","563,960","563,960","563,960","563,950","563,950","564,000","564,000","563,990","563,970","563,970","563,970","563,970","563,970","563,970","563,970","563,970","563,970","563,950",RX 9060,16GB,0,GIGABYTE 라데온 XT Gaming OC ICE D6 피씨디렉트
77382887,GIGABYTE 라데온 RX 9070 GAMING OC D6 16GB 제이씨현,"812,700","812,700","812,740","813,090","813,090","813,090","813,090","812,980","812,970","813,090","813,090","813,090","813,090","813,090","813,000","812,990","813,090","813,090","813,090","813,090","813,090","812,900","809,000","812,900","812,900","812,900","812,890","812,900","812,860","812,820",RX 9070,16GB,0,GIGABYTE 라데온 GAMING OC D6 제이씨현
77382860,GIGABYTE 라데온 RX 9070 GAMING OC D6 16GB 피씨디렉트,"825,350","825,350","825,350","825,350","831,550","831,550","831,550","831,560","831,560","831,560","831,560","831,560","831,560","831,560","831,560","831,560","831,560","831,560","831,560","831,560","831,560","831,550","831,550","831,550","825,360","825,360","825,360","825,360","825,360","825,360",RX 9070,16GB,0,GIGABYTE 라데온 GAMING OC D6 피씨디렉트
77382896,GIGABYTE 라데온 RX 9070 XT GAMING OC D6 16GB 제이씨현,"986,300","986,250","986,580","986,580","986,580","986,580","986,580","982,300","982,290","982,290","982,290","992,730","992,730","992,710","992,700","992,670","992,700","992,700","992,680","992,680","992,660","989,000","989,000","992,620","992,600","992,580","992,570","992,560","989,000","988,980",RX 9070 XT,16GB,0,GIGABYTE 라데온 GAMING OC D6 제이씨현
77382845,GIGABYTE 라데온 RX 9070 XT GAMING OC D6 16GB 피씨디렉트,"973,210","973,190","978,990","978,990","978,990","978,990","978,990","965,740","965,740","978,990","978,990","978,990","974,990","974,990","974,990","974,990","974,990","975,000","965,740","968,990","978,990","978,990","978,990","978,990","978,990","978,980","978,870","978,870","978,870","978,870",RX 9070 XT,16GB,0,GIGABYTE 라데온 GAMING OC D6 피씨디렉트
99128543,GIGABYTE 라데온 RX 9070 XT GAMING OC ICE D6 16GB 제이씨현,"998,900","998,900","999,790","999,780","999,790","999,790","999,790","999,700","999,680","999,790","999,790","999,790","999,790","999,790","995,000","994,990","999,790","999,790","999,790","999,790","999,790","998,000","996,000","998,000","998,000","998,000","997,990","995,000","994,980","994,940",RX 9070 XT,16GB,0,GIGABYTE 라데온 GAMING OC ICE D6 제이씨현
99288146,GIGABYTE 라데온 RX 9070 XT GAMING OC ICE D6 16GB 피씨디렉트,"948,900","948,900","948,900","999,430","1,000,000","1,000,000","999,970","999,960","999,960","999,970","999,900","999,900","999,830","999,830","999,830","999,830","999,830","1,000,000","1,000,000","999,990","999,970","999,970","999,900","999,900","999,900","999,900","999,900","999,910","999,900","999,880",RX 9070 XT,16GB,0,GIGABYTE 라데온 GAMING OC ICE D6 피씨디렉트
7778368,GIGABYTE 지포스 GTX 1650 UDV OC D5 4GB 제이씨현,"258,000","258,000","258,000","258,000","258,000",0,0,0,0,0,0,0,0,0,0,0,0,0,0,0,0,0,0,0,0,0,0,0,0,0,GTX 1650,4GB,0,GIGABYTE 지포스 UDV OC D5 제이씨현
7024378,GIGABYTE 지포스 RTX 2060 UDV OC D6 6GB 제이씨현,"690,000","690,000","690,000","690,000","690,000","690,000","690,000","690,000","690,000","690,000","690,000","690,000","690,000","690,000","690,000","690,000","690,000","690,000","690,000","690,000","690,000","690,000","690,000","690,000","690,000","690,000","690,000","690,000","690,000","690,000",RTX 2060,6GB,0,GIGABYTE 지포스 UDV OC D6 제이씨현
16295945,GIGABYTE 지포스 RTX 3050 GAMING OC D6 8GB 제이씨현,"441,600","441,600","470,400","475,200","475,200","475,200","456,000","456,000","456,000","456,000","456,000","456,000","456,000","456,000","456,000","456,000","456,000","456,000","456,000","456,000","456,000","456,000","456,000","456,000","456,000","456,000","456,000","456,000","456,000","456,000",RTX,8GB,0,GIGABYTE 지포스 3050 GAMING OC D6 제이씨현
34393715,GIGABYTE 지포스 RTX 3050 UD2 OC D6 6GB Nano LP 피씨디렉트,"273,550","288,720","288,720","288,720","295,000","295,000","295,000","294,980","294,980","295,000","295,000","295,000","292,000","291,640","291,630","291,630","292,000","295,000","295,000","295,000",0,0,0,0,0,0,0,0,0,0,RTX,6GB,0,GIGABYTE 지포스 3050 UD2 OC D6 Nano LP 피씨디렉트
46003325,GIGABYTE 지포스 RTX 3050 WINDFORCE OC D6 6GB 피씨디렉트,"262,590","262,590","262,590","262,590","263,000","263,000","261,250","271,990","271,990","271,990","271,990","271,990","272,000","272,000","272,000","272,000","272,000","272,000","272,000","272,000","272,000","272,000","272,000","272,000","272,000","272,000","269,000","269,000","269,000","269,000",RTX,6GB,0,GIGABYTE 지포스 3050 WINDFORCE OC D6 피씨디렉트
71901731,GIGABYTE 지포스 RTX 3050 WINDFORCE OC V2 D6 6GB 제이씨현,"254,780","254,770","254,790","262,990","262,990","262,990","262,990","258,570","260,000","262,990","262,990","262,990","263,000","262,990","262,970","260,890","262,970","262,970","262,990","265,800","266,990","263,330","263,330","265,800","266,990","265,510","265,450","265,460","264,460","264,400",RTX,6GB,0,GIGABYTE 지포스 3050 WINDFORCE OC V2 D6 제이씨현
71973218,GIGABYTE 지포스 RTX 3050 WINDFORCE OC V2 D6 6GB 피씨디렉트,"258,440","258,440","256,670","261,100","261,110","261,110","261,100","248,300","248,300","248,300","254,600","261,110","258,190","258,190","258,190","258,180","258,180","261,110","261,110","261,100","257,700","260,400","261,090","260,960","260,370","258,170","260,330","260,210","258,050","258,050",RTX,6GB,0,GIGABYTE 지포스 3050 WINDFORCE OC V2 D6 피씨디렉트
19642520,GIGABYTE 지포스 RTX 3060 GAMING OC V2 D6 8GB 제이씨현,"693,070","693,070","693,070","789,570","788,060","773,070","758,070","758,070","758,070","758,070","758,070","702,310","702,310","702,310","702,310","702,310","702,310","702,310","702,310","702,310","702,310","702,310","702,310","702,310","702,310","702,310","702,310","702,310","702,310","702,310",RTX,8GB,0,GIGABYTE 지포스 3060 GAMING OC V2 D6 제이씨현
72676730,GIGABYTE 지포스 RTX 3060 GAMING OC V2 D6 8GB 피씨디렉트,"363,250","368,250","368,250","368,250","377,000","377,000","376,980","376,990","376,990","376,990","374,240","374,240","377,000","377,000","374,240","374,240","374,240","377,000","377,000","377,000","377,000","377,000","415,000","415,000","415,000","414,990","414,990","414,990","414,990","414,960",RTX,8GB,0,GIGABYTE 지포스 3060 GAMING OC V2 D6 피씨디렉트
14480987,GIGABYTE 지포스 RTX 3060 Ti EAGLE V2 D6 8GB 피씨디렉트,"1,467,050","1,467,050","1,467,050","1,467,050","1,467,050","1,467,050","1,467,050","1,467,050","1,467,050","1,467,050","1,467,050","1,467,050","1,467,050","1,467,050","1,467,050","1,467,050","1,467,050","1,467,050","1,467,050","1,467,050","1,467,050","1,467,050","1,467,050","1,467,050","1,467,050","1,467,050","1,467,050","1,467,050","1,467,050","1,467,050",RTX 3060 Ti,8GB,0,GIGABYTE 지포스 EAGLE V2 D6 피씨디렉트
12816620,GIGABYTE 지포스 RTX 3060 Ti GAMING OC D6 8GB 피씨디렉트,"2,980,000","2,980,000","2,980,000","2,980,000","2,980,000","2,980,000","2,980,000","2,980,000","2,980,000","2,980,000","2,980,000","2,980,000","2,980,000","2,980,000","2,980,000","2,980,000","2,980,000","2,980,000","2,980,000","2,980,000","2,980,000","2,980,000","2,980,000","2,980,000","2,980,000","2,980,000","2,980,000","2,980,000","2,980,000","2,980,000",RTX 3060 Ti,8GB,0,GIGABYTE 지포스 GAMING OC D6 피씨디렉트
18713942,GIGABYTE 지포스 RTX 3060 Ti GAMING OC D6X 8GB 피씨디렉트,"2,004,000","2,004,000","2,004,000","2,004,000","2,004,000","2,004,000","2,004,000","2,004,000","2,004,000","2,004,000","2,004,000","2,004,000","2,004,000","2,004,000","2,004,000","2,004,000","2,004,000","2,004,000","2,004,000","2,004,000","2,004,000","2,004,000","2,004,000","2,004,000","2,004,000","2,004,000","2,004,000","2,004,000","2,004,000","2,004,000",RTX 3060 Ti,8GB,0,GIGABYTE 지포스 GAMING OC D6X 피씨디렉트
14036630,GIGABYTE 지포스 RTX 3060 Ti GAMING OC PRO V2 D6 8GB 피씨디렉트,"1,503,050","1,503,050","1,503,050","1,503,050","1,503,050","1,503,050","1,503,050","1,503,050","1,503,050","1,503,050","1,503,050","1,503,050","1,503,050","1,503,050","1,503,050","1,503,050","1,503,050","1,503,050","1,503,050","1,503,050","1,503,050","1,503,050","1,503,050","1,503,050","1,503,050","1,503,050","1,503,050","1,503,050","1,503,050","1,503,050",RTX 3060 Ti,8GB,0,GIGABYTE 지포스 GAMING OC PRO V2 D6 피씨디렉트
14873684,GIGABYTE 지포스 RTX 3060 Ti GAMING OC PRO V3 D6 8GB 피씨디렉트,"2,760,000","2,760,000","2,940,000","2,970,000","2,970,000","2,970,000","2,970,000","2,970,000","2,970,000","2,970,000","2,970,000","2,850,000","2,850,000","2,850,000","2,850,000","2,850,000","2,850,000","2,850,000","2,850,000","2,850,000","2,850,000","2,850,000","2,850,000","2,850,000","2,850,000","2,850,000","2,850,000","2,850,000","2,850,000","2,850,000",RTX 3060 Ti,8GB,0,GIGABYTE 지포스 GAMING OC PRO V3 D6 피씨디렉트
17720798,GIGABYTE 지포스 RTX 3060 Ti WINDFORCE OC D6 8GB 제이씨현,"658,000","658,000","658,000","754,500","754,500","738,000","723,000","723,000","723,000","723,000","723,000","724,850","724,850","724,850","724,850","724,850","724,850","724,850","724,850","724,850","724,850","724,850","724,850","724,850","724,850","724,850","724,850","724,850","724,850","724,850",RTX 3060 Ti,8GB,0,GIGABYTE 지포스 WINDFORCE OC D6 제이씨현
14430383,GIGABYTE 지포스 RTX 3070 Ti VISION OC D6X 8GB 피씨디렉트,"1,340,000","1,340,000","1,340,000","1,340,000","1,340,000","1,340,000","1,340,000","1,340,000","1,340,000","1,340,000","1,340,000","1,340,000","1,299,000","1,299,000","1,299,000","1,299,000","1,299,000","1,299,000","1,299,000","1,299,000","1,299,000","1,299,000","1,299,000","1,299,000","1,299,000","1,299,000","1,299,000","1,299,000","1,299,000","1,299,000",RTX 3070 Ti,8GB,0,GIGABYTE 지포스 VISION OC D6X 피씨디렉트
14719568,GIGABYTE 지포스 RTX 3070 VISION OC V2 D6 8GB 제이씨현,"1,649,000","1,649,000","1,649,000","1,649,000","1,649,000","1,649,000","1,649,000","1,649,000","1,649,000","1,649,000","1,649,000","1,649,000","1,649,000","1,649,000","1,649,000","1,649,000","1,649,000","1,649,000","1,649,000","1,649,000","1,649,000","1,649,000","1,649,000","1,649,000","1,649,000","1,649,000","1,649,000","1,649,000",0,0,RTX 3070,8GB,0,GIGABYTE 지포스 VISION OC V2 D6 제이씨현
20301422,GIGABYTE 지포스 RTX 4060 Ti EAGLE OC D6 8GB 제이씨현,"762,680","762,680","812,420","820,710","820,710",0,0,0,0,0,0,0,0,0,0,0,0,0,0,0,0,0,0,0,0,0,0,0,0,0,RTX 4060,8GB,0,GIGABYTE 지포스 Ti EAGLE OC D6 제이씨현
40580366,GIGABYTE 지포스 RTX 4060 Ti EAGLE OC ICE D6 8GB 제이씨현,"640,720","640,720","682,510","689,470","689,470","689,470","689,470","689,470","689,470","689,470","689,470","661,610","661,610","661,610","661,610","661,610","661,610","661,610","661,610","661,610",0,0,0,0,0,0,0,0,0,0,RTX 4060,8GB,0,GIGABYTE 지포스 Ti EAGLE OC ICE D6 제이씨현
20730644,GIGABYTE 지포스 RTX 4060 Ti WINDFORCE OC D6 8GB 제이씨현,"615,120","615,120","615,120","628,990","628,990","628,990","628,990","629,000","629,000","629,000","629,000","677,000","677,000","677,000","677,000","677,000","677,000","677,000","677,000","677,000","677,000","677,000","677,000","677,000","695,000","694,990","694,990","694,990","694,990","694,990",RTX 4060,8GB,0,GIGABYTE 지포스 Ti WINDFORCE OC D6 제이씨현
20611055,GIGABYTE 지포스 RTX 4060 Ti WINDFORCE OC D6 8GB 피씨디렉트,"591,130","591,130","597,030","597,030","605,010","605,010","593,580","580,600","580,600","580,610","580,610","604,990","601,360","601,360","601,360","601,360","601,360","605,000","596,490","605,000","604,990","604,990","604,990","604,990","604,990","604,990","604,990","587,210","587,150","587,140",RTX 4060,8GB,0,GIGABYTE 지포스 Ti WINDFORCE OC D6 피씨디렉트
62566310,GIGABYTE 지포스 RTX 4060 Ti WINDFORCE OC V2 D6 8GB 제이씨현,"599,190","599,190","599,190","695,690","695,690","679,190","664,190","664,190","664,190","664,190","664,190","668,980","668,980","668,980","668,980","668,980","668,980","668,980","678,300","678,300","678,300","678,300","678,300","678,300","678,300","678,300","678,300","678,300","678,300","678,300",RTX 4060,8GB,0,GIGABYTE 지포스 Ti WINDFORCE OC V2 D6 제이씨현
27729977,GIGABYTE 지포스 RTX 4060 UD2 OC D6 8GB Nano LP 제이씨현,"430,000","430,000","430,000","430,000","430,000","430,000","430,000","430,000","430,000","430,000","430,000",0,0,"430,000","430,000","430,000","430,000","430,000","430,000","430,000","430,000","430,000","430,000","430,000","430,000","430,000","430,000","430,000","430,000","430,000",RTX 4060,8GB,0,GIGABYTE 지포스 UD2 OC D6 Nano LP 제이씨현
32493785,GIGABYTE 지포스 RTX 4070 SUPER GAMING OC D6X 12GB 제이씨현,"5,182,300","5,182,300","5,520,280","5,576,610","5,576,610","5,576,610","5,576,610","5,576,610","5,576,610","5,576,610","5,576,610","5,351,290","5,351,290","5,351,290","5,351,290","5,351,290","5,351,290","5,351,290","5,351,290","5,351,290","5,351,290","5,351,290","5,351,290","5,351,290","5,351,290","5,351,290","5,351,290","5,351,290","5,351,290","5,351,290",RTX 4070 SUPER,12GB,0,GIGABYTE 지포스 GAMING OC D6X 제이씨현
32493998,GIGABYTE 지포스 RTX 4070 SUPER WINDFORCE OC D6X 12GB 제이씨현,"1,000,000","1,000,000","1,000,000","1,000,000","1,000,000","1,000,000","959,000","959,000","959,000","959,000","959,000","959,000","985,000","985,000","985,000","985,000","985,000","985,000","985,000","985,000","985,000","985,000","985,000","985,000","985,000","985,000","985,000","985,000","985,000","985,000",RTX 4070 SUPER,12GB,0,GIGABYTE 지포스 WINDFORCE OC D6X 제이씨현
32494520,GIGABYTE 지포스 RTX 4070 SUPER WINDFORCE OC D6X 12GB 피씨디렉트,"1,000,000","1,000,000","1,000,000","1,000,000","1,000,000","1,000,000","959,000","959,000","959,000","959,000",0,0,"985,000","985,000","985,000","985,000","985,000","985,000","985,000","985,000","985,000","985,000","985,000","985,000","985,000","985,000","985,000","985,000","985,000","985,000",RTX 4070 SUPER,12GB,0,GIGABYTE 지포스 WINDFORCE OC D6X 피씨디렉트
33369500,GIGABYTE 지포스 RTX 4070 Ti SUPER WINDFORCE OC D6X 16GB 피씨디렉트,"1,643,890","1,643,890","1,751,100","1,768,970","1,768,970","1,768,970","1,756,830","1,756,830","1,756,830","1,756,830","1,756,830","1,697,490","1,697,490","1,697,490","1,697,490","1,697,490","1,697,490","1,697,490","1,697,490","1,697,490","1,697,490","1,697,490","1,697,490","1,697,490","1,697,490","1,697,490","1,697,490","1,697,490","1,697,490","1,697,490",RTX 4070 Ti SUPER,16GB,0,GIGABYTE 지포스 WINDFORCE OC D6X 피씨디렉트
19772036,GIGABYTE 지포스 RTX 4070 WINDFORCE OC D6X 12GB 제이씨현,0,0,0,0,"999,450","999,450",0,0,0,0,0,0,0,0,"999,450","999,450","999,450",0,0,0,0,0,0,0,0,0,0,0,0,0,RTX 4070,12GB,0,GIGABYTE 지포스 WINDFORCE OC D6X 제이씨현
65364764,GIGABYTE 지포스 RTX 4070 WINDFORCE OC V2 D6 12GB 제이씨현,"1,105,000","1,105,000","1,105,000","1,105,000","1,105,000","1,105,000","1,105,000","1,105,000","1,105,000","1,105,000","1,105,000","1,105,000","1,105,000","1,105,000","1,105,000","1,105,000","1,105,000","1,105,000","1,105,000","1,105,000","1,105,000","1,105,000","1,105,000","1,105,000","1,105,000","1,105,000","1,105,000","1,105,000","1,105,000","1,105,000",RTX 4070,12GB,0,GIGABYTE 지포스 WINDFORCE OC V2 D6 제이씨현
17982362,GIGABYTE 지포스 RTX 4090 GAMING OC D6X 24GB 피씨디렉트,"7,000,000","7,000,000","7,000,000","7,000,000","7,000,000","7,000,000","7,000,000","7,000,000","7,000,000","7,000,000","7,000,000","7,000,000","7,000,000","7,000,000","7,000,000","7,000,000","7,000,000","7,000,000","7,000,000","7,000,000","7,000,000","7,000,000","7,000,000","7,000,000","7,000,000","7,000,000","7,000,000","7,000,000","7,000,000","7,000,000",RTX 4090,24GB,0,GIGABYTE 지포스 GAMING OC D6X 피씨디렉트
27607982,GIGABYTE 지포스 RTX 4090 WINDFORCE V2 D6X 24GB 피씨디렉트,0,0,0,0,0,0,0,0,0,0,0,0,0,0,0,0,0,0,"3,346,630","3,497,000","3,346,630","3,346,630","3,346,630","3,346,630","3,346,630","3,346,630","3,346,630",0,0,0,RTX 4090,24GB,0,GIGABYTE 지포스 WINDFORCE V2 D6X 피씨디렉트
93698783,GIGABYTE 지포스 RTX 5050 GAMING OC D6 8GB 제이씨현,"393,710","393,670","408,690","408,690","408,700","408,690","413,590","391,870","391,860","421,790","389,910","423,210","412,490","413,590","391,870","391,870","392,860","423,210","423,210","423,210","413,590","391,870","391,870","423,210","407,900","409,730","407,900","423,220","392,850","392,850",RTX 5050,8GB,0,GIGABYTE 지포스 GAMING OC D6 제이씨현
93386549,GIGABYTE 지포스 RTX 5050 GAMING OC D6 8GB 피씨디렉트,"393,710","393,670","408,690","404,680","408,700","408,690","408,690","391,860","391,860","404,330","389,910","416,000","412,490","411,190","391,870","391,870","392,860","416,000","411,220","415,900","411,190","391,870","391,870","415,890","407,900","407,890","407,890","415,890","392,850","392,850",RTX 5050,8GB,0,GIGABYTE 지포스 GAMING OC D6 피씨디렉트
93698933,GIGABYTE 지포스 RTX 5050 UD2 OC D6 8GB Nano LP 제이씨현,"381,490","381,490","390,890","394,970","394,970","394,970","394,970","392,970","392,950","394,990","394,990","394,370","394,280","394,210","394,200","394,190","394,200","394,200","394,200","394,990","394,990","394,380","394,980","394,990","394,380","394,320","394,300","394,240","394,160","394,080",RTX 5050,8GB,0,GIGABYTE 지포스 UD2 OC D6 Nano LP 제이씨현
93386588,GIGABYTE 지포스 RTX 5050 UD2 OC D6 8GB Nano LP 피씨디렉트,"390,590","390,860","390,860","390,860","398,380","390,860","398,370","387,400","387,400","387,400","387,400","398,370","395,110","395,110","395,110","395,110","395,110","398,380","398,380","398,380","398,370","395,120","395,120","398,370","398,370","398,370","398,370","398,370","398,360","398,340",RTX 5050,8GB,0,GIGABYTE 지포스 UD2 OC D6 Nano LP 피씨디렉트
93698855,GIGABYTE 지포스 RTX 5050 WINDFORCE OC D6 8GB 제이씨현,"377,100","377,100","377,100","383,290","383,290","383,290","383,290","383,200","381,990","387,590","387,590","383,140","389,880","390,590","384,000","383,980","389,880","390,590","389,880","393,000","393,000","388,570","380,000","393,000","393,000","388,570","388,490","388,450","382,000","379,000",RTX 5050,8GB,0,GIGABYTE 지포스 WINDFORCE OC D6 제이씨현
93386564,GIGABYTE 지포스 RTX 5050 WINDFORCE OC D6 8GB 피씨디렉트,"377,630","377,630","389,490","389,490","389,490","389,490","381,460","381,460","381,460","381,460","381,460","389,490","389,500","389,500","389,500","389,500","389,500","389,500","389,500","389,500","389,500","389,500","389,500","393,590","393,600","394,930","389,500","396,560","396,480","396,440",RTX 5050,8GB,0,GIGABYTE 지포스 WINDFORCE OC D6 피씨디렉트
90892943,GIGABYTE 지포스 RTX 5060 AERO OC D7 8GB 제이씨현,"679,000","679,000","679,000","679,000","679,000","679,000","679,000","679,000","679,000","679,000","679,000","679,000","679,000","679,000","679,000","679,000","679,000","679,000","679,000","679,000","679,000","679,000","679,000","679,000","679,000","679,000","524,000",0,0,0,RTX 5060,8GB,0,GIGABYTE 지포스 AERO OC D7 제이씨현
90889754,GIGABYTE 지포스 RTX 5060 AERO OC D7 8GB 피씨디렉트,0,0,0,"558,190",0,0,0,0,0,0,0,0,0,"558,190","558,190",0,0,0,0,0,0,0,0,0,0,0,0,0,0,0,RTX 5060,8GB,0,GIGABYTE 지포스 AERO OC D7 피씨디렉트
94569131,GIGABYTE 지포스 RTX 5060 EAGLE MAX OC D7 8GB 제이씨현,"482,000","482,000","482,000","482,000","482,000","482,000","482,000","482,000","482,000","482,000","482,000","482,000","482,000","482,000","482,000","482,000","482,000","482,000","482,000","482,000","482,000","482,000","482,000","482,000","482,000","482,000","482,000","482,000","482,000","482,000",RTX 5060,8GB,0,GIGABYTE 지포스 EAGLE MAX OC D7 제이씨현
97364696,GIGABYTE 지포스 RTX 5060 EAGLE MAX OC D7 8GB 피씨디렉트,"483,300","483,280","483,300","483,300","487,000","487,000","486,980","486,990","486,990","487,000","486,880","485,640","485,570","485,570","485,570","485,570","485,570","486,890","487,000","487,000","485,630","485,630","485,570","485,570","485,570","486,860","485,620","485,610","485,610","485,600",RTX 5060,8GB,0,GIGABYTE 지포스 EAGLE MAX OC D7 피씨디렉트
90892949,GIGABYTE 지포스 RTX 5060 EAGLE OC D7 8GB 제이씨현,"469,010","468,880","482,490","482,490","482,490","482,490","482,490","482,480","482,480","482,490","482,490","482,480","482,440","482,370","482,300","482,290","482,280","482,200","482,170","482,490","482,490","474,550","474,540","474,550","474,550","480,000","481,980","481,990","474,550","474,500",RTX 5060,8GB,0,GIGABYTE 지포스 EAGLE OC D7 제이씨현
90889817,GIGABYTE 지포스 RTX 5060 EAGLE OC D7 8GB 피씨디렉트,"465,420","465,420","465,420","465,420","465,420","465,420","465,420","465,420","465,420","465,420","465,420","465,420","465,420","465,420","465,420","465,420","465,420","465,420","465,420","465,420","465,420","465,420","465,420","465,420","497,380","465,420","465,420","465,420","465,420","497,390",RTX 5060,8GB,0,GIGABYTE 지포스 EAGLE OC D7 피씨디렉트
90892955,GIGABYTE 지포스 RTX 5060 EAGLE OC ICE D7 8GB 제이씨현,"478,070","478,070","493,990","493,990","493,990","493,990","493,990","493,960","493,900","493,990","493,990","493,990","493,990","493,990","493,900","493,890","493,990","493,990","493,990","488,060","488,060","477,040","477,030","477,040","477,040","480,000","486,990","483,610","471,000","470,960",RTX 5060,8GB,0,GIGABYTE 지포스 EAGLE OC ICE D7 제이씨현
90889790,GIGABYTE 지포스 RTX 5060 EAGLE OC ICE D7 8GB 피씨디렉트,"477,000","492,020","496,600","496,600","497,280","497,280","482,800","478,840","478,840","478,840","478,840","497,020","496,990","496,990","496,990","496,990","496,990","497,280","497,280","497,460","497,010","497,010","497,010","497,010","497,430","497,440","497,450","497,450","497,440","497,420",RTX 5060,8GB,0,GIGABYTE 지포스 EAGLE OC ICE D7 피씨디렉트
90892958,GIGABYTE 지포스 RTX 5060 GAMING OC D7 8GB 제이씨현,"509,140","509,010","509,180","509,180","509,180","509,180","509,180","500,763","500,763","518,490","518,490","518,490","518,490","518,490","500,763","500,763","500,763","518,500","518,490","518,500","518,490","500,763","500,763","518,480","514,900","512,760","514,880","512,760","500,763","500,763",RTX 5060,8GB,0,GIGABYTE 지포스 GAMING OC D7 제이씨현
90889682,GIGABYTE 지포스 RTX 5060 GAMING OC D7 8GB 피씨디렉트,"509,180","509,180","527,790","527,790","527,800","527,790","502,660","500,763","500,763","518,210","518,210","531,360","528,610","535,480","500,763","500,763","500,763","535,490","535,490","535,490","535,480","500,763","500,763","535,470","514,900","530,080","514,900","530,080","500,763","500,763",RTX 5060,8GB,0,GIGABYTE 지포스 GAMING OC D7 피씨디렉트
81305195,GIGABYTE 지포스 RTX 5060 Ti AERO OC D7 16GB 제이씨현,"835,730","835,600","835,990","835,990","835,990","835,990","835,990","835,990","835,990","835,990","835,990","835,980","835,940","835,830","835,710","835,580","835,470","835,350","835,270","835,990","835,990","835,990","835,990","835,990","835,990","835,940","835,910","835,790","835,670","835,600",RTX 5060,16GB,0,GIGABYTE 지포스 Ti AERO OC D7 제이씨현
81715862,GIGABYTE 지포스 RTX 5060 Ti AERO OC D7 16GB 피씨디렉트,"785,350","785,350","785,350","785,350","785,350","785,350","785,350","785,350","785,350","804,400","823,640","823,630","823,590","823,470","823,360","823,230","823,110","823,010","819,510","819,500","819,500","819,500","819,500","819,500","819,500","819,450","819,420","819,410","819,410","819,410",RTX 5060,16GB,0,GIGABYTE 지포스 Ti AERO OC D7 피씨디렉트
88132187,GIGABYTE 지포스 RTX 5060 Ti AERO OC D7 8GB 제이씨현,"626,400","640,470","661,000","662,990","662,990","662,990","662,990","662,960","656,790","662,000","661,990","661,980","661,900","661,830","653,830","653,820","661,750","661,690","658,990","661,990","661,990","653,830","653,830","661,990","661,990","661,930","661,890","661,830","658,980","658,940",RTX 5060,8GB,0,GIGABYTE 지포스 Ti AERO OC D7 제이씨현
81716078,GIGABYTE 지포스 RTX 5060 Ti AERO OC D7 8GB 피씨디렉트,"652,580","652,580","668,000","667,990","667,980","667,980","662,050","653,020","653,020","653,020","653,020","667,980","667,970","667,970","667,970","667,970","667,970","667,980","667,980","667,980","667,970","667,970","667,970","667,970","667,970","667,970","667,970","667,970","667,960","667,940",RTX 5060,8GB,0,GIGABYTE 지포스 Ti AERO OC D7 피씨디렉트
99748187,GIGABYTE 지포스 RTX 5060 Ti EAGLE MAX OC D7 16GB 피씨디렉트,가격비교예정,가격비교예정,가격비교예정,가격비교예정,가격비교예정,가격비교예정,가격비교예정,가격비교예정,가격비교예정,가격비교예정,가격비교예정,가격비교예정,가격비교예정,가격비교예정,가격비교예정,가격비교예정,가격비교예정,가격비교예정,가격비교예정,가격비교예정,가격비교예정,가격비교예정,가격비교예정,가격비교예정,가격비교예정,가격비교예정,가격비교예정,가격비교예정,가격비교예정,0,RTX 5060,16GB,0,GIGABYTE 지포스 Ti EAGLE MAX OC D7 피씨디렉트
94691930,GIGABYTE 지포스 RTX 5060 Ti EAGLE MAX OC D7 8GB 피씨디렉트,"622,200","622,160","622,190","624,760","629,000","629,000","628,980","628,990","628,990","629,000","628,980","628,980","628,960","628,950","628,960","628,960","628,960","629,000","629,000","629,000","628,950","628,950","628,990","628,960","628,950","628,900","628,840","628,790","628,670","628,570",RTX 5060,8GB,0,GIGABYTE 지포스 Ti EAGLE MAX OC D7 피씨디렉트
81380177,GIGABYTE 지포스 RTX 5060 Ti EAGLE OC D7 16GB 제이씨현,"718,910","718,910","738,990","738,990","738,990","738,990","738,990","738,980","738,980","738,990","738,990","738,990","738,990","738,990","738,980","738,970","738,990","738,990","738,990","738,990","737,890","737,800","737,800","737,890","737,890","733,150","733,150","733,110","732,990","728,970",RTX 5060,16GB,0,GIGABYTE 지포스 Ti EAGLE OC D7 제이씨현
81715904,GIGABYTE 지포스 RTX 5060 Ti EAGLE OC D7 16GB 피씨디렉트,"705,750","719,990","719,990","719,990","719,990","719,990","719,990","712,050","712,050","712,050","712,050","719,990","720,000","720,000","720,000","720,000","720,000","720,000","720,000","720,000","720,000","720,000","720,000","720,000","720,000","728,750","728,740","728,620","728,540","728,420",RTX 5060,16GB,0,GIGABYTE 지포스 Ti EAGLE OC D7 피씨디렉트
88132232,GIGABYTE 지포스 RTX 5060 Ti EAGLE OC D7 8GB 제이씨현,"602,250","610,940","613,000","614,610","614,520","614,500","614,430","614,340","614,300","614,280","614,190","614,120","614,050","613,980","612,660","612,650","612,670","612,670","612,670","612,670","612,670","612,580","609,000","612,580","612,580","612,670","612,660","612,670","612,480","612,440",RTX 5060,8GB,0,GIGABYTE 지포스 Ti EAGLE OC D7 제이씨현
81716102,GIGABYTE 지포스 RTX 5060 Ti EAGLE OC D7 8GB 피씨디렉트,"628,780","628,740","628,910","628,900","628,990","628,990","628,970","604,550","604,550","604,550","604,550","627,110","627,080","627,080","627,080","627,080","627,080","628,990","628,990","628,990","627,100","627,100","628,560","628,560","627,100","627,040","626,920","626,800","626,680","626,580",RTX 5060,8GB,0,GIGABYTE 지포스 Ti EAGLE OC D7 피씨디렉트
81388451,GIGABYTE 지포스 RTX 5060 Ti EAGLE OC ICE D7 16GB 제이씨현,"762,090","761,970","768,990","768,990","768,990","768,990","768,990","768,990","768,990","768,990","768,990","768,980","768,940","768,830","768,710","768,580","768,460","768,460","768,470","768,990","768,990","768,990","768,990","768,990","768,990","768,940","768,910","768,900","768,900","768,900",RTX 5060,16GB,0,GIGABYTE 지포스 Ti EAGLE OC ICE D7 제이씨현
81715940,GIGABYTE 지포스 RTX 5060 Ti EAGLE OC ICE D7 16GB 피씨디렉트,"755,470","755,400","775,990","778,990","778,990","778,990","778,990","776,470","776,000","776,000","766,310","760,240","756,590","756,590","756,590","756,590","756,590","759,610","759,610","759,610","754,830","754,830","754,830","754,830","754,830","754,760","754,650","754,530","754,410","754,290",RTX 5060,16GB,0,GIGABYTE 지포스 Ti EAGLE OC ICE D7 피씨디렉트
88132265,GIGABYTE 지포스 RTX 5060 Ti EAGLE OC ICE D7 8GB 제이씨현,"602,250","607,490","615,000","621,000","621,000","621,000","621,000","620,970","620,960","621,000","621,000","621,000","621,000","620,990","612,660","612,650","612,670","612,670","612,670","612,670","612,670","612,580","609,000","612,580","612,580","612,670","612,660","612,670","612,480","612,400",RTX 5060,8GB,0,GIGABYTE 지포스 Ti EAGLE OC ICE D7 제이씨현
81716123,GIGABYTE 지포스 RTX 5060 Ti EAGLE OC ICE D7 8GB 피씨디렉트,"638,990","638,990","638,990","638,990","638,990","638,990","638,990","622,480","622,480","622,480","622,480","638,270","639,000","638,990","638,990","638,990","638,990","638,990","638,990","638,990","638,990","638,990","638,990","638,990","638,990","638,920","638,810","638,690","638,570","638,450",RTX 5060,8GB,0,GIGABYTE 지포스 Ti EAGLE OC ICE D7 피씨디렉트
81351188,GIGABYTE 지포스 RTX 5060 Ti GAMING OC D7 16GB 제이씨현,"753,860","753,750","764,490","764,490","764,490","764,490","764,490","758,700","758,700","764,490","758,690","758,690","758,690","758,690","758,690","758,690","758,690","758,690","758,690","758,690","758,690","758,690","758,690","758,690","768,000","758,650","758,620","758,610","758,610","758,610",RTX 5060,16GB,0,GIGABYTE 지포스 Ti GAMING OC D7 제이씨현
81715814,GIGABYTE 지포스 RTX 5060 Ti GAMING OC D7 16GB 피씨디렉트,"749,450","767,860","771,530","771,520","768,030","773,000","768,030","749,900","749,900","749,900","749,900","771,520","778,990","778,990","758,700","758,700","758,690","779,000","779,000","779,000","778,990","758,700","758,700","778,980","778,980","760,240","777,340","777,340","758,690","758,690",RTX 5060,16GB,0,GIGABYTE 지포스 Ti GAMING OC D7 피씨디렉트
88132295,GIGABYTE 지포스 RTX 5060 Ti GAMING OC D7 8GB 제이씨현,"625,800","625,800","642,790","642,790","642,790","642,790","642,790","641,900","641,880","642,790","642,790","642,790","642,790","642,790","642,700","642,690","642,790","642,790","642,790","642,790","642,790","642,640","625,800","642,640","642,640","642,790","642,780","642,790","639,980","639,940",RTX 5060,8GB,0,GIGABYTE 지포스 Ti GAMING OC D7 제이씨현
81716057,GIGABYTE 지포스 RTX 5060 Ti GAMING OC D7 8GB 피씨디렉트,"628,700","633,050","658,000","657,990","658,000","658,000","658,000","635,410","635,410","635,420","635,420","658,000","657,990","657,990","644,190","644,190","649,600","658,000","658,000","658,000","658,000","649,600","649,600","658,000","644,190","644,150","658,000","649,560","649,450","649,330",RTX 5060,8GB,0,GIGABYTE 지포스 Ti GAMING OC D7 피씨디렉트
81399926,GIGABYTE 지포스 RTX 5060 Ti WINDFORCE D7 16GB 제이씨현,"698,990","698,990","698,990","698,990","698,990","698,990","698,990","698,990","698,990","698,990","698,990","698,990","698,990","698,990","698,990","698,990","698,990","698,990","698,990","698,990","698,990","698,990","698,990","698,990","698,990","698,940","698,910","698,780","698,670","698,550",RTX 5060,16GB,0,GIGABYTE 지포스 Ti WINDFORCE D7 제이씨현
81716021,GIGABYTE 지포스 RTX 5060 Ti WINDFORCE D7 16GB 피씨디렉트,"654,000","678,500","678,500","678,490","684,000","684,000","683,990","667,230","667,230","667,240","667,240","685,990","685,970","685,970","685,970","685,970","685,970","686,000","686,000","686,000","685,990","685,990","685,970","685,970","685,970","685,980","685,980","685,990","685,990","685,990",RTX 5060,16GB,0,GIGABYTE 지포스 Ti WINDFORCE D7 피씨디렉트
88132328,GIGABYTE 지포스 RTX 5060 Ti WINDFORCE D7 8GB 제이씨현,"557,220","557,220","557,220","557,220","588,990","588,990","588,990","588,990","588,990","588,990","588,990","588,990","588,990","619,990","619,870","619,740","619,620","619,510","619,410","619,300","619,240","619,240","619,240","619,240","619,240","619,240","619,240","619,240","619,240","619,240",RTX 5060,8GB,0,GIGABYTE 지포스 Ti WINDFORCE D7 제이씨현
81716264,GIGABYTE 지포스 RTX 5060 Ti WINDFORCE D7 8GB 피씨디렉트,"570,150","572,990","582,700","582,690","585,000","585,000","584,990","567,230","567,230","567,230","567,230","567,230","584,990","584,990","584,990","584,990","584,990","585,000","585,000","585,000","584,990","584,990","584,990","584,990","584,990","584,990","584,990","584,990","584,990","584,990",RTX 5060,8GB,0,GIGABYTE 지포스 Ti WINDFORCE D7 피씨디렉트
94028903,GIGABYTE 지포스 RTX 5060 Ti WINDFORCE MAX OC D7 16GB 제이씨현,"653,080","653,080","659,390","672,000","672,000","672,000","672,000","668,970","656,000","668,000","668,000","668,000","668,000","668,000","659,390","659,380","668,000","668,000","668,000","668,000","668,000","660,990","650,000","660,990","660,990","663,000","675,990","676,000","675,000","674,900",RTX 5060,16GB,0,GIGABYTE 지포스 Ti WINDFORCE MAX OC D7 제이씨현
93704792,GIGABYTE 지포스 RTX 5060 Ti WINDFORCE MAX OC D7 16GB 피씨디렉트,"652,850","678,510","683,020","683,020","684,930","684,930","683,050","657,330","657,330","657,340","674,010","674,020","681,850","681,850","674,190","674,190","684,920","684,930","684,930","684,930","681,850","681,850","681,850","681,850","681,850","681,780","681,710","681,600","681,530","681,450",RTX 5060,16GB,0,GIGABYTE 지포스 Ti WINDFORCE MAX OC D7 피씨디렉트
94028864,GIGABYTE 지포스 RTX 5060 Ti WINDFORCE MAX OC D7 8GB 제이씨현,"572,280","572,280","582,000","582,000","582,000","582,000","582,000","580,470","580,450","582,000","582,000","582,000","582,000","594,990","578,950","578,940","579,000","579,000","580,480","594,990","594,990","580,470","580,000","580,470","594,990","594,920","594,860","594,820","497,000","497,000",RTX 5060,8GB,0,GIGABYTE 지포스 Ti WINDFORCE MAX OC D7 제이씨현
93704759,GIGABYTE 지포스 RTX 5060 Ti WINDFORCE MAX OC D7 8GB 피씨디렉트,"567,900","567,800","579,860","579,860","582,000","582,000","558,740","565,670","565,670","565,670","580,010","580,000","579,980","579,980","579,980","579,980","579,980","582,000","582,000","582,000","582,000","582,050","582,050","582,050","582,050","582,050","582,050","582,050","582,050","582,050",RTX 5060,8GB,0,GIGABYTE 지포스 Ti WINDFORCE MAX OC D7 피씨디렉트
81407240,GIGABYTE 지포스 RTX 5060 Ti WINDFORCE OC D7 16GB 제이씨현,"679,000","679,000","679,000","678,990","678,990","678,990","678,990","678,990","678,990","678,990","678,990","678,990","683,000","683,000","683,000","683,000","700,920","700,920","700,920","700,920","700,920","700,920","700,920","700,920","709,000","709,000","709,000","709,000","709,000","709,000",RTX 5060,16GB,0,GIGABYTE 지포스 Ti WINDFORCE OC D7 제이씨현
81715985,GIGABYTE 지포스 RTX 5060 Ti WINDFORCE OC D7 16GB 피씨디렉트,"652,850","683,270","683,460","683,450","684,000","684,000","683,990","667,800","667,800","667,810","667,810","684,750","685,170","685,170","685,170","685,170","685,170","685,200","685,200","685,200","685,190","685,190","685,170","685,170","685,170","685,170","685,180","685,180","685,180","685,160",RTX 5060,16GB,0,GIGABYTE 지포스 Ti WINDFORCE OC D7 피씨디렉트
88132310,GIGABYTE 지포스 RTX 5060 Ti WINDFORCE OC D7 8GB 제이씨현,"562,880","562,880","562,880","577,990","577,990","577,990","577,990","577,990","577,990","577,990","577,990","577,990","577,990","606,990","606,990","606,950","606,830","606,720","606,640","606,990","606,990","606,000","605,990","605,990","595,290","595,240","595,210","595,090","594,970","594,850",RTX 5060,8GB,0,GIGABYTE 지포스 Ti WINDFORCE OC D7 제이씨현
81716255,GIGABYTE 지포스 RTX 5060 Ti WINDFORCE OC D7 8GB 피씨디렉트,"570,150","577,380","582,180","582,170","582,190","582,190","582,180","582,190","582,190","582,190","582,190","582,190","582,180","582,170","582,170","582,170","582,170","582,190","582,190","582,190","582,180","582,180","582,180","582,180","582,180","582,180","582,180","582,180","582,180","582,180",RTX 5060,8GB,0,GIGABYTE 지포스 Ti WINDFORCE OC D7 피씨디렉트
90892964,GIGABYTE 지포스 RTX 5060 UD2 OC D7 8GB Nano LP 제이씨현,"494,250","506,280","506,300","510,650","510,650","510,650","514,990","499,390","499,390","514,990","514,990","514,990","512,760","515,000","501,730","201,720","515,000","515,000","495,000","495,000","492,000","492,000","492,000","492,000","492,000","429,550","485,000","501,720","501,700","501,650",RTX 5060,8GB,0,GIGABYTE 지포스 UD2 OC D7 Nano LP 제이씨현
90889937,GIGABYTE 지포스 RTX 5060 UD2 OC D7 8GB Nano LP 피씨디렉트,"488,690","488,690","493,290","493,280","493,900","493,900","474,080","474,080","474,080","474,080","474,080","492,880","492,860","492,860","492,860","492,860","492,860","493,900","493,900","493,980","492,870","492,870","493,970","493,970","493,970","493,970","492,860","492,770","492,740","492,620",RTX 5060,8GB,0,GIGABYTE 지포스 UD2 OC D7 Nano LP 피씨디렉트
90892967,GIGABYTE 지포스 RTX 5060 WINDFORCE D7 8GB 제이씨현,"459,000","459,000","461,630","478,490","478,490","488,990","479,750","479,750","479,750","479,750","479,750","479,750","479,750","488,240","488,240","488,240","488,240","488,240","488,240","488,240","496,870","496,870","496,870","496,870","496,870","496,850","496,850","496,840","496,840","496,840",RTX 5060,8GB,0,GIGABYTE 지포스 WINDFORCE D7 제이씨현
90889892,GIGABYTE 지포스 RTX 5060 WINDFORCE D7 8GB 피씨디렉트,"445,770","445,770","445,760","445,760","447,250","447,250","447,240","447,250","447,250","447,250","447,260","447,260","457,000","457,000","456,990","456,980","456,970","456,960","456,960","457,990","457,990","457,990","457,990","457,990","457,990","457,940","457,940","457,940","457,940","457,940",RTX 5060,8GB,0,GIGABYTE 지포스 WINDFORCE D7 피씨디렉트
94028963,GIGABYTE 지포스 RTX 5060 WINDFORCE MAX OC D7 8GB 제이씨현,"440,270","440,270","444,190","449,360","449,300","449,300","449,300","443,570","443,560","449,300","449,300","454,090","451,040","451,040","445,600","444,990","445,600","451,040","454,090","454,100","458,990","455,000","454,970","454,980","454,980","454,940","454,910","452,650","451,480","451,400",RTX 5060,8GB,0,GIGABYTE 지포스 WINDFORCE MAX OC D7 제이씨현
93704816,GIGABYTE 지포스 RTX 5060 WINDFORCE MAX OC D7 8GB 피씨디렉트,"436,090","436,090","436,090","440,650","440,680","440,650","449,880","434,240","434,240","434,240","445,240","445,240","445,240","445,240","445,240","445,240","445,240","452,600","452,610","445,600","450,220","445,600","445,600","445,600","444,480","444,450","449,420","450,200","450,230","450,220",RTX 5060,8GB,0,GIGABYTE 지포스 WINDFORCE MAX OC D7 피씨디렉트
90892970,GIGABYTE 지포스 RTX 5060 WINDFORCE OC D7 8GB 제이씨현,"461,590","461,460","461,620","461,620","461,620","460,740","460,750","460,740","460,740","460,740","460,740","460,730","460,690","463,490","463,490","463,490","463,490","463,490","463,490","463,490","463,490","463,490","463,490","463,490","463,490","463,490","463,490","463,490","463,490","463,490",RTX 5060,8GB,0,GIGABYTE 지포스 WINDFORCE OC D7 제이씨현
90889865,GIGABYTE 지포스 RTX 5060 WINDFORCE OC D7 8GB 피씨디렉트,"441,920","436,140","446,160","446,160","446,240","446,240","446,230","428,260","428,260","428,270","446,500","441,890","446,500","446,500","446,500","446,500","446,500","446,500","446,500","458,990","458,990","458,990","458,990","458,990","458,990","458,940","458,910","445,100","458,900","458,900",RTX 5060,8GB,0,GIGABYTE 지포스 WINDFORCE OC D7 피씨디렉트
77319503,GIGABYTE 지포스 RTX 5070 AERO OC D7 12GB 제이씨현,"955,620","955,510","988,990","988,990","988,990","988,990","988,990","988,990","988,990","988,990","988,990","988,990","988,990","988,990","988,990","988,990","988,990","988,990","988,990","988,990","988,990","986,000","986,000","989,000","989,000","988,990","988,980","988,970","988,990","988,990",RTX 5070,12GB,0,GIGABYTE 지포스 AERO OC D7 제이씨현
77312378,GIGABYTE 지포스 RTX 5070 AERO OC D7 12GB 피씨디렉트,"967,700","967,590","988,490","988,990","988,990","988,990","988,990","988,990","988,990","988,990","988,990","988,980","988,940","986,730","988,560","988,430","988,320","988,200","988,140","988,990","988,990","988,990","988,990","988,990","988,990","988,940","988,910","988,840","988,990","988,990",RTX 5070,12GB,0,GIGABYTE 지포스 AERO OC D7 피씨디렉트
77319527,GIGABYTE 지포스 RTX 5070 EAGLE OC ICE SFF D7 12GB 제이씨현,"856,660","856,660","870,860","886,990","914,990","914,990","914,990","909,990","909,900","910,000","914,000","914,000","914,000","914,000","887,840","887,830","914,000","914,000","912,490","914,990","914,990","912,480","912,480","914,990","914,990","914,940","914,910","914,880","914,000","913,950",RTX 5070,12GB,0,GIGABYTE 지포스 EAGLE OC ICE SFF D7 제이씨현
77312543,GIGABYTE 지포스 RTX 5070 EAGLE OC ICE SFF D7 12GB 피씨디렉트,"886,670","886,670","886,990","886,990","886,990","886,990","896,600","895,320","895,320","895,320","895,320","895,320","895,310","895,310","895,310","895,310","895,310","898,960","898,960","898,980","898,970","898,970","898,970","898,970","898,970","898,970","898,970","898,970","898,970","911,800",RTX 5070,12GB,0,GIGABYTE 지포스 EAGLE OC ICE SFF D7 피씨디렉트
77319536,GIGABYTE 지포스 RTX 5070 EAGLE OC SFF D7 12GB 제이씨현,"858,060","857,930","857,920","877,470","877,470","877,470","877,470","877,440","877,430","877,470","877,470","877,470","877,470","877,470","877,400","877,390","877,470","877,470","877,470","877,470","877,470","877,300","877,290","877,300","877,300","882,660","888,990","888,980","888,940","888,940",RTX 5070,12GB,0,GIGABYTE 지포스 EAGLE OC SFF D7 제이씨현
77312573,GIGABYTE 지포스 RTX 5070 EAGLE OC SFF D7 12GB 피씨디렉트,"888,890","888,890","896,370","896,370","897,000","902,000","901,990","892,970","892,970","892,970","892,970","892,970","892,960","892,960","892,960","892,960","892,960","901,980","901,980","901,980","901,970","901,970","901,970","901,970","901,970","901,970","901,970","901,970","901,970","901,970",RTX 5070,12GB,0,GIGABYTE 지포스 EAGLE OC SFF D7 피씨디렉트
77319515,GIGABYTE 지포스 RTX 5070 GAMING OC D7 12GB 제이씨현,"866,900","866,900","867,000","879,000","879,000","879,000","879,000","876,410","876,400","879,000","876,410","879,540","879,550","879,550","879,500","879,490","881,000","880,900","880,900","880,940","903,990","903,970","903,960","903,970","903,970","903,960","903,930","903,900","903,880","903,800",RTX 5070,12GB,0,GIGABYTE 지포스 GAMING OC D7 제이씨현
77313077,GIGABYTE 지포스 RTX 5070 GAMING OC D7 12GB 피씨디렉트,"884,070","883,940","908,890","907,580","884,140","907,580","884,140","876,420","876,420","908,890","876,410","876,410","904,490","887,890","904,490","904,490","904,490","904,490","883,000","883,000","883,000","883,000","904,500","925,890","904,490","927,900","927,900","948,460","904,490","904,490",RTX 5070,12GB,0,GIGABYTE 지포스 GAMING OC D7 피씨디렉트
76551020,GIGABYTE 지포스 RTX 5070 Ti AERO OC D7 16GB 제이씨현,"1,502,800","1,502,750","1,529,000","1,551,490","1,555,000","1,555,000","1,555,000","1,550,000","1,549,990","1,550,000","1,550,000","1,550,000","1,550,000","1,550,000","1,548,000","1,547,990","1,550,000","1,550,000","1,547,000","1,547,000","1,547,000","1,543,000","1,542,990","1,543,000","1,543,000","1,543,000","1,560,990","1,561,000","1,560,980","1,556,450",RTX 5070 Ti,16GB,0,GIGABYTE 지포스 AERO OC D7 제이씨현
76510388,GIGABYTE 지포스 RTX 5070 Ti AERO OC D7 16GB 피씨디렉트,"1,556,000","1,555,870","1,556,990","1,559,990","1,559,990","1,559,990","1,559,990","1,559,990","1,559,990","1,559,990","1,559,990","1,559,980","1,559,940","1,553,660","1,556,560","1,556,470","1,556,440","1,556,350","1,556,340","1,528,990","1,498,990","1,498,990","1,498,990","1,498,990","1,498,990","1,498,940","1,498,920","1,559,970","1,559,860","1,559,740",RTX 5070 Ti,16GB,0,GIGABYTE 지포스 AERO OC D7 피씨디렉트
76551050,GIGABYTE 지포스 RTX 5070 Ti EAGLE OC ICE SFF D7 16GB 제이씨현,"1,389,830","1,389,720","1,392,490","1,392,490","1,392,490","1,392,490","1,392,490","1,392,480","1,392,480","1,392,490","1,392,490","1,392,480","1,392,460","1,392,410","1,392,330","1,392,200","1,392,170","1,392,050","1,391,930","1,392,490","1,392,490","1,392,490","1,392,490","1,392,490","1,306,240","1,306,240","1,277,420","1,277,420","1,277,420","1,277,420",RTX 5070 Ti,16GB,0,GIGABYTE 지포스 EAGLE OC ICE SFF D7 제이씨현
76510547,GIGABYTE 지포스 RTX 5070 Ti EAGLE OC ICE SFF D7 16GB 피씨디렉트,"1,385,000","1,436,290","1,446,930","1,446,930","1,448,800","1,448,800","1,448,790","1,448,800","1,448,800","1,448,800","1,448,800","1,448,800","1,448,790","1,448,790","1,448,790","1,448,790","1,448,790","1,449,000","1,449,000","1,468,800","1,328,990","1,328,990","1,328,990","1,328,990","1,328,990","1,328,940","1,320,660","1,320,660","1,320,620","1,320,540",RTX 5070 Ti,16GB,0,GIGABYTE 지포스 EAGLE OC ICE SFF D7 피씨디렉트
76551041,GIGABYTE 지포스 RTX 5070 Ti EAGLE OC SFF D7 16GB 제이씨현,"1,364,410","1,364,370","1,365,490","1,365,490","1,365,490","1,365,490","1,365,490","1,365,480","1,365,480","1,365,490","1,365,490","1,365,480","1,365,460","1,365,410","1,365,330","1,365,200","1,365,170","1,365,060","1,365,050","1,365,490","1,365,490","1,365,490","1,365,490","1,365,490","1,365,490","1,348,990","1,348,980","1,348,950","1,348,830","1,348,710",RTX 5070 Ti,16GB,0,GIGABYTE 지포스 EAGLE OC SFF D7 제이씨현
76510583,GIGABYTE 지포스 RTX 5070 Ti EAGLE OC SFF D7 16GB 피씨디렉트,"1,373,500","1,426,030","1,442,260","1,442,260","1,443,000","1,443,000","1,437,480","1,437,470","1,437,380","1,443,000","1,443,000","1,443,000","1,437,480","1,437,480","1,437,480","1,437,480","1,437,480","1,443,000","1,437,490","1,443,000","1,328,990","1,328,990","1,328,990","1,328,990","1,328,990","1,328,940","1,328,920","1,433,390","1,433,280","1,433,160",RTX 5070 Ti,16GB,0,GIGABYTE 지포스 EAGLE OC SFF D7 피씨디렉트
76551056,GIGABYTE 지포스 RTX 5070 Ti GAMING OC D7 16GB 제이씨현,"1,432,540","1,432,430","1,473,870","1,459,980","1,443,400","1,459,980","1,459,980","1,443,400","1,443,400","1,478,990","1,443,430","1,443,430","1,443,430","1,459,980","1,443,430","1,443,430","1,443,430","1,443,430","1,443,430","1,443,430","1,449,590","1,449,590","1,449,590","1,480,000","1,480,000","1,459,960","1,459,850","1,459,610","1,459,580","1,459,490",RTX 5070 Ti,16GB,0,GIGABYTE 지포스 GAMING OC D7 제이씨현
76510673,GIGABYTE 지포스 RTX 5070 Ti GAMING OC D7 16GB 피씨디렉트,"1,417,180","1,417,060","1,471,080","1,467,790","1,443,400","1,467,790","1,443,400","1,443,400","1,443,400","1,477,990","1,480,000","1,480,000","1,468,030","1,467,800","1,443,440","1,443,440","1,443,440","1,480,000","1,480,000","1,480,000","1,479,990","1,449,600","1,449,600","1,479,990","1,479,990","1,456,020","1,456,010","1,455,900","1,455,790","1,455,670",RTX 5070 Ti,16GB,0,GIGABYTE 지포스 GAMING OC D7 피씨디렉트
76551065,GIGABYTE 지포스 RTX 5070 Ti WINDFORCE OC SFF D7 16GB 제이씨현,"1,247,200","1,247,200","1,247,360","1,247,360","1,247,360","1,247,360","1,247,360","1,247,190","1,247,180","1,270,490","1,270,490","1,270,460","1,270,380","1,270,310","1,269,000","1,268,990","1,270,180","1,270,100","1,270,050","1,270,490","1,270,490","1,268,900","1,268,900","1,270,440","1,270,450","1,270,400","1,265,560","1,265,560","1,265,530","1,265,500",RTX 5070 Ti,16GB,0,GIGABYTE 지포스 WINDFORCE OC SFF D7 제이씨현
76510754,GIGABYTE 지포스 RTX 5070 Ti WINDFORCE OC SFF D7 16GB 피씨디렉트,"1,214,960","1,214,960","1,228,182","1,228,182","1,228,190","1,228,200","1,228,180","1,228,190","1,258,000","1,258,000","1,257,980","1,256,610","1,256,540","1,256,540","1,256,540","1,256,540","1,256,540","1,258,000","1,258,000","1,281,500","1,281,400","1,281,000","1,264,990","1,264,990","1,264,990","1,265,000","1,249,200","1,248,980","1,248,950","1,248,930",RTX 5070 Ti,16GB,0,GIGABYTE 지포스 WINDFORCE OC SFF D7 피씨디렉트
78849515,GIGABYTE 지포스 RTX 5070 Ti WINDFORCE SFF D7 16GB 피씨디렉트,"1,267,000","1,267,000","1,267,000","1,267,000","1,267,000","1,267,000","1,290,000","1,290,000","1,290,000","1,290,000","1,290,000","1,290,000","1,290,000","1,290,000","1,290,000","1,290,000","1,290,000","1,290,000","1,275,840","1,270,000","1,270,000","1,270,000","1,270,000","1,270,000","1,270,000","1,270,000","1,270,000","1,270,000","1,270,000","1,270,000",RTX 5070 Ti,16GB,0,GIGABYTE 지포스 WINDFORCE SFF D7 피씨디렉트
77319545,GIGABYTE 지포스 RTX 5070 WINDFORCE OC SFF D7 12GB 제이씨현,"836,440","836,440","845,990","845,990","845,990","845,970","845,970","845,940","843,980","845,970","850,000","849,230","850,000","853,280","849,230","849,220","853,270","853,280","849,230","860,560","860,560","860,540","860,530","860,540","860,540","874,070","874,060","854,530","854,530","854,530",RTX 5070,12GB,0,GIGABYTE 지포스 WINDFORCE OC SFF D7 제이씨현
77312477,GIGABYTE 지포스 RTX 5070 WINDFORCE OC SFF D7 12GB 피씨디렉트,"841,310","842,390","854,490","854,490","858,000","858,000","857,980","830,980","830,980","830,990","830,990","855,430","857,410","855,420","855,420","855,420","857,950","858,300","849,240","863,500","863,490","863,490","863,470","863,470","863,480","863,470","863,490","863,490","864,920","864,810",RTX 5070,12GB,0,GIGABYTE 지포스 WINDFORCE OC SFF D7 피씨디렉트
78532961,GIGABYTE 지포스 RTX 5070 WINDFORCE SFF D7 12GB 제이씨현,"883,000","883,000","883,000","883,000","883,000","883,000",0,0,0,0,0,0,0,0,0,0,0,0,0,0,0,0,0,0,0,0,0,0,0,0,RTX 5070,12GB,0,GIGABYTE 지포스 WINDFORCE SFF D7 제이씨현
78711746,GIGABYTE 지포스 RTX 5070 WINDFORCE SFF D7 12GB 피씨디렉트,"828,710","828,710","849,990","849,990","850,000","850,000","820,860","820,860","820,860","820,860","846,770","846,770","847,150","847,150","847,150","847,150","849,990","850,000","850,000","850,000","849,990","850,000","850,000","850,000","871,000","868,880","868,880","891,120","891,120","891,120",RTX 5070,12GB,0,GIGABYTE 지포스 WINDFORCE SFF D7 피씨디렉트
75184265,GIGABYTE 지포스 RTX 5080 AERO OC SFF D7 16GB 제이씨현,"1,791,850","1,860,000","1,866,990","1,866,990","1,866,990","1,866,990","1,873,000","1,866,990","1,866,970","1,878,200","1,878,200","1,878,190","1,896,410","1,896,410","1,888,880","1,888,870","1,891,270","1,896,000","1,889,000","1,889,000","1,889,000","1,888,800","1,888,800","1,889,000","1,889,000","1,889,000","1,850,800","1,850,690","1,850,570","1,850,450",RTX 5080,16GB,0,GIGABYTE 지포스 AERO OC SFF D7 제이씨현
75074516,GIGABYTE 지포스 RTX 5080 AERO OC SFF D7 16GB 피씨디렉트,"1,773,450","1,824,990","1,824,990","1,849,990","1,849,990","1,849,990","1,848,390","1,849,990","1,874,000","1,874,000","1,873,990","1,873,990","1,873,990","1,873,990","1,873,990","1,873,990","1,873,990","1,874,000","1,874,000","1,874,000","1,873,990","1,873,990","1,873,990","1,873,990","1,873,990","1,873,990","1,873,990","1,873,990","1,873,990","1,873,990",RTX 5080,16GB,0,GIGABYTE 지포스 AERO OC SFF D7 피씨디렉트
75184268,GIGABYTE 지포스 RTX 5080 GAMING OC D7 16GB 제이씨현,"1,896,700","1,896,660","1,896,690","1,940,000","1,905,220","1,940,000","1,905,220","1,897,040","1,897,030","1,940,000","1,897,040","1,957,000","1,957,000","1,942,890","1,897,040","1,897,030","1,897,040","1,941,990","1,929,000","1,915,190","1,929,000","1,915,190","1,914,000","1,924,000","1,924,000","1,924,960","1,924,960","1,907,260","1,907,200","1,907,100",RTX 5080,16GB,0,GIGABYTE 지포스 GAMING OC D7 제이씨현
75074666,GIGABYTE 지포스 RTX 5080 GAMING OC D7 16GB 피씨디렉트,"1,805,650","1,860,820","1,900,830","1,900,830","1,902,000","1,904,900","1,901,340","1,897,050","1,897,050","1,919,000","1,897,040","1,897,040","1,897,030","1,897,030","1,897,030","1,897,030","1,897,030","1,902,680","1,902,680","1,915,190","1,915,190","1,915,190","1,915,190","1,915,190","1,915,190","1,915,140","1,897,800","1,897,770","1,897,650","1,897,570",RTX 5080,16GB,0,GIGABYTE 지포스 GAMING OC D7 피씨디렉트
75184271,GIGABYTE 지포스 RTX 5080 WINDFORCE OC SFF D7 16GB 제이씨현,"1,731,860","1,731,850","1,731,850","1,774,990","1,774,990","1,774,990","1,799,000","1,784,980","1,784,970","1,799,000","1,813,000","1,813,000","1,813,000","1,813,370","1,812,900","1,812,890","1,813,260","1,813,180","1,813,000","1,784,200","1,813,000","1,784,190","1,784,190","1,784,200","1,785,070","1,785,070","1,766,200","1,766,170","1,766,050","1,765,930",RTX 5080,16GB,0,GIGABYTE 지포스 WINDFORCE OC SFF D7 제이씨현
75074732,GIGABYTE 지포스 RTX 5080 WINDFORCE OC SFF D7 16GB 피씨디렉트,"1,751,850","1,767,960","1,770,000","1,769,990","1,786,000","1,792,000","1,769,990","1,769,990","1,792,000","1,792,000","1,792,000","1,792,000","1,791,990","1,791,990","1,791,990","1,791,990","1,791,990","1,792,000","1,792,000","1,792,000","1,791,990","1,784,200","1,784,210","1,791,990","1,791,990","1,791,990","1,791,990","1,791,990","1,791,990","1,812,990",RTX 5080,16GB,0,GIGABYTE 지포스 WINDFORCE OC SFF D7 피씨디렉트
75184280,GIGABYTE 지포스 RTX 5090 GAMING OC D7 32GB 제이씨현,"4,498,990","4,498,990","4,498,990","4,498,990","4,698,990","4,698,990","4,598,990","4,598,990","4,968,000","4,967,990","4,998,000","4,998,000","4,998,000","5,199,960","4,759,000","4,758,990","4,758,990","4,678,990","4,678,950","4,199,000","4,499,000","4,499,000","4,499,000","4,499,000","4,499,000","4,370,720","4,370,720","4,496,910","4,496,790","4,496,720",RTX 5090,32GB,0,GIGABYTE 지포스 GAMING OC D7 제이씨현
75184238,GIGABYTE 지포스 RTX 5090 GAMING OC D7 32GB 피씨디렉트,"5,449,990","5,449,990","5,341,000","5,395,500","5,395,500","5,100,000","4,866,800","5,100,000","5,100,000","5,100,000","5,100,000","5,100,000","5,100,000","5,100,000","5,100,000","5,100,000","5,099,990","5,099,920","4,755,000","4,499,000","4,499,000","4,499,000","4,499,000","4,499,000","4,499,000","4,498,990","4,498,990","4,498,990","4,498,990","4,498,990",RTX 5090,32GB,0,GIGABYTE 지포스 GAMING OC D7 피씨디렉트
75184283,GIGABYTE 지포스 RTX 5090 WINDFORCE OC D7 32GB 제이씨현,"4,499,090","4,499,090","4,598,990","4,538,990","4,698,990","4,698,990","4,598,990","4,598,990","4,598,990","4,598,990","4,598,990","4,598,990","4,598,990","4,598,990","4,678,990","4,669,990","4,669,990","4,669,990","4,479,000","4,479,000","4,479,040","4,479,040","4,479,040","4,479,040","4,479,000","4,479,000","4,474,980","4,474,910","4,474,910","4,474,910",RTX 5090,32GB,0,GIGABYTE 지포스 WINDFORCE OC D7 제이씨현
75184241,GIGABYTE 지포스 RTX 5090 WINDFORCE OC D7 32GB 피씨디렉트,"4,590,000","4,590,000","4,590,000","4,590,000","4,590,000","4,099,000","4,710,000","4,710,000","4,599,000","4,599,000","4,890,000","4,890,000","4,890,000","4,890,000","4,890,000","4,890,000","4,890,000","4,890,000","4,890,000","4,430,000","4,478,990","4,478,990","4,478,990","4,478,990","4,478,990","4,478,990","4,478,990","4,478,960","4,478,840","4,478,720",RTX 5090,32GB,0,GIGABYTE 지포스 WINDFORCE OC D7 피씨디렉트
79404071,GMKtec AD-GP1 라데온 RX 7600 XT (해외구매),0,0,0,0,0,0,0,0,0,0,0,0,0,0,0,0,0,0,0,0,0,0,0,0,0,"635,000","635,000","635,000","898,230","898,230",RX 7600 XT,0,해외구매,GMKtec AD-GP1 라데온
94261262,INNO3D 지포스 RTX 5050 D6 8GB TWIN X2,"369,770","369,760","369,760","369,760","369,760","369,760","369,760","374,870","374,870","374,870","374,870","374,870","374,870","374,870","374,870","374,870","374,870","374,870","374,870","374,870","374,870","374,870","374,870","374,870","374,870","374,870","374,870","374,870","374,840","374,780",RTX 5050,8GB,0,INNO3D 지포스 D6 TWIN X2
90961244,INNO3D 지포스 RTX 5060 OC D7 8GB TWIN X2,"436,840","436,840","436,830","436,810","436,810","436,810","436,790","436,790","436,790","436,770","436,770","436,770","436,770","436,770","436,770","436,770","436,770","436,730","436,730","436,730","436,710","436,700","436,700","436,700","439,500","439,500","439,500","439,500","439,500","446,740",RTX 5060,8GB,0,INNO3D 지포스 OC D7 TWIN X2
90961373,INNO3D 지포스 RTX 5060 OC D7 8GB TWIN X2 WHITE,"458,830","458,830","461,620","461,620","461,620","461,620","461,620","461,620","469,670","469,670","469,670","469,670","469,670","469,670","469,670","469,670","469,670","464,710","464,710","464,710","464,710","464,710","455,030","463,830","454,810","465,260","454,990","454,950","454,950","454,950",RTX 5060,8GB,0,INNO3D 지포스 OC D7 TWIN X2 WHITE
100270736,INNO3D 지포스 RTX 5060 OC V2 D7 8GB TWIN X2,0,0,0,0,0,0,0,0,0,0,0,"459,610","459,610","459,610","459,600","459,600","459,600","459,600","455,800","448,400","448,390","448,390","448,390","448,390","448,380","448,380","448,380","448,380","448,380","448,390",RTX 5060,8GB,0,INNO3D 지포스 OC V2 D7 TWIN X2
86673245,INNO3D 지포스 RTX 5060 Ti D7 16GB TWIN X2,"665,880","665,800","665,720","665,690","665,610","665,480","665,400","665,380","665,380","665,380",0,0,0,0,0,0,0,0,0,0,0,0,0,0,0,0,0,0,0,0,RTX 5060,16GB,0,INNO3D 지포스 Ti D7 TWIN X2
86677259,INNO3D 지포스 RTX 5060 Ti D7 8GB TWIN X2,"557,970","557,970","563,990","563,990","563,990","563,990","563,990","563,990","563,990","563,990","563,990","563,990","565,870","565,840","565,710","565,630","565,600","565,470","565,940","565,940","565,940","565,940","565,940","565,940","565,940","565,940","565,940","565,940","565,940","565,940",RTX 5060,8GB,0,INNO3D 지포스 Ti D7 TWIN X2
86592089,INNO3D 지포스 RTX 5060 Ti OC D7 16GB TWIN X2,"669,990","669,990","669,990","669,990","669,990","669,990","672,890","672,890","672,890","672,890","672,890","672,890","672,890","672,890","672,890","672,890","672,890","672,890","672,890","672,890","672,890","672,890","672,890","672,890","672,880","672,880","672,880","672,880","672,880","672,880",RTX 5060,16GB,0,INNO3D 지포스 Ti OC D7 TWIN X2
86449373,INNO3D 지포스 RTX 5060 Ti OC D7 16GB TWIN X2 WHITE,"684,670","684,570","684,560","684,550","684,550","684,550","684,760","684,760","684,760","684,760","684,760","678,990","678,990","678,990","678,990","678,990","678,990","678,990","673,630","673,630","673,630","673,630","653,220","661,480","655,900","668,950","653,220","668,990","668,960","668,840",RTX 5060,16GB,0,INNO3D 지포스 Ti OC D7 TWIN X2 WHITE
86568668,INNO3D 지포스 RTX 5060 Ti OC D7 16GB X3,"699,360","699,360","699,360","699,360","699,360","699,360","699,410","699,410","699,410","699,410","699,410","699,410","699,410","699,410","699,410","699,410","699,410","700,990","700,990","700,990","700,990","700,990","700,990","700,990","700,990","700,990","700,990","700,990","700,990","700,990",RTX 5060,16GB,0,INNO3D 지포스 Ti OC D7 X3
86649593,INNO3D 지포스 RTX 5060 Ti OC D7 8GB TWIN X2,"553,820","553,820","553,820","553,820","553,820","553,820","553,820","553,830","553,830","553,830","553,830","553,830","553,830","553,830","553,830","553,830","553,830","553,830","553,830","553,830","553,830","553,830","553,830","553,830","553,830","553,830","553,830","568,990","568,990","568,990",RTX 5060,8GB,0,INNO3D 지포스 Ti OC D7 TWIN X2
86478782,INNO3D 지포스 RTX 5060 Ti OC D7 8GB TWIN X2 WHITE,"573,200","573,080","573,800","573,790","573,790","573,790","573,780","573,780","573,780","573,780","573,780","573,780","573,780","573,780","573,780","573,780","573,780","573,780","573,780","573,780","573,780","573,780","573,780","573,780","573,780","573,780","573,780","573,780","573,780","573,690",RTX 5060,8GB,0,INNO3D 지포스 Ti OC D7 TWIN X2 WHITE
86560166,INNO3D 지포스 RTX 5060 Ti OC D7 8GB X3,"581,260","581,200","581,150","581,120","581,090","581,000","580,940","580,000","579,940","579,920","579,890","579,890","579,890","579,890","579,880","579,880","579,890","579,850","579,850","579,850","579,830","579,810","579,810","579,810","579,790","579,780","579,780","579,760","579,780","579,760",RTX 5060,8GB,0,INNO3D 지포스 Ti OC D7 X3
77465798,INNO3D 지포스 RTX 5070 OC D7 12GB TWIN X2,"807,098","807,098","807,098","807,098","807,098","807,098","807,098","817,990","817,990","817,990","817,990","817,990","817,990","817,990","817,990","817,990","817,990","830,990","830,990","830,990","830,990","830,990","830,990","830,990","830,980","830,980","832,000","832,000","832,000","832,000",RTX 5070,12GB,0,INNO3D 지포스 OC D7 TWIN X2
77465819,INNO3D 지포스 RTX 5070 OC D7 12GB TWIN X2 WHITE,0,0,0,0,0,0,0,"834,190","834,190","834,190","834,190","834,190","834,190","834,190","834,190","834,190","834,190","834,190","834,190","834,190","834,190","834,190","834,190","834,190","834,180","834,180","834,180","834,180","834,180","834,180",RTX 5070,12GB,0,INNO3D 지포스 OC D7 TWIN X2 WHITE
77465882,INNO3D 지포스 RTX 5070 OC D7 12GB X3,"823,020","826,000","826,000","825,990","825,990","825,990","825,990","825,990","825,990","825,990","848,000","848,000","848,000","848,000","848,000","848,000","848,000","848,000",0,0,0,"848,000","848,000","848,000","848,000","848,000","848,000",0,0,0,RTX 5070,12GB,0,INNO3D 지포스 OC D7 X3
76466054,INNO3D 지포스 RTX 5070 Ti OC D7 16GB X3,0,0,0,0,0,0,0,0,0,0,0,0,0,0,0,0,0,0,0,0,0,0,0,0,0,0,"1,279,680","1,279,680","1,279,680","1,280,990",RTX 5070 Ti,16GB,0,INNO3D 지포스 OC D7 X3
76466072,INNO3D 지포스 RTX 5070 Ti OC D7 16GB X3 WHITE,"1,303,910","1,303,780","1,323,540","1,323,540",0,"1,523,550","1,312,810","1,311,990","1,311,990","1,311,970","1,311,970","1,311,970","1,311,970","1,311,970","1,311,970","1,311,970","1,311,970","1,311,930","1,311,930","1,311,930","1,311,910","1,311,890","1,311,890","1,311,890","1,311,870","1,311,870","1,311,870","1,311,870","1,311,870","1,311,850",RTX 5070 Ti,16GB,0,INNO3D 지포스 OC D7 X3 WHITE
75600731,INNO3D 지포스 RTX 5080 D7 16GB X3,"1,804,430","1,804,300","1,798,590","1,789,450","1,786,090","1,786,000","1,786,000","1,786,000","1,786,000","1,786,000","1,764,260","1,764,260","1,764,260","1,764,260","1,764,260","1,764,260","1,764,260","1,785,970","1,783,680","1,783,670","1,783,660","1,783,660","1,783,660","1,783,660","1,783,660","1,783,620","1,783,580","1,783,460","1,783,350","1,783,270",RTX 5080,16GB,0,INNO3D 지포스 D7 X3
78843761,INNO3D 지포스 RTX 5080 GAMING OC D7 16GB X3,"1,786,020","1,786,020","1,786,020","1,786,990","1,755,000","1,755,000","1,755,000","1,754,990","1,754,990","1,755,000","1,755,000","1,786,080","1,786,080","1,786,080","1,786,080","1,786,080","1,786,080","1,786,080","1,786,080","1,786,080","1,786,080","1,786,080","1,786,080","1,786,080","1,786,080","1,786,080","1,786,080","1,786,080","1,786,080","1,786,080",RTX 5080,16GB,0,INNO3D 지포스 GAMING OC D7 X3
75600824,INNO3D 지포스 RTX 5080 OC D7 16GB X3,"1,747,490","1,747,360","1,758,160","1,758,990","1,758,990","1,758,990","1,758,990","1,758,990","1,755,920","1,749,890","1,749,890","1,758,990","1,758,990","1,758,990","1,758,990","1,758,990","1,757,270","1,758,990","1,758,990","1,758,990","1,758,990","1,758,990","1,758,990","1,758,990","1,758,990","1,758,990","1,758,990","1,758,990","1,758,990","1,758,990",RTX 5080,16GB,0,INNO3D 지포스 OC D7 X3
76466114,INNO3D 지포스 RTX 5080 OC D7 16GB X3 WHITE,"1,766,560","1,762,060","1,766,560","1,767,990","1,767,990","1,767,990","1,767,990","1,767,990","1,765,920","1,756,840","1,756,840","1,756,840","1,756,840","1,756,840","1,756,830","1,756,830","1,756,840","1,756,840","1,756,840","1,756,840","1,756,840","1,756,840","1,756,830","1,756,830","1,756,830","1,767,990","1,767,990","1,767,990","1,767,990","1,767,990",RTX 5080,16GB,0,INNO3D 지포스 OC D7 X3 WHITE
100270625,INNO3D 지포스 RTX 5090 D7 32GB ICHILL X3,0,0,0,0,0,0,0,0,0,0,0,가격비교예정,가격비교예정,"4,950,000","4,950,000","4,950,000","4,950,000","5,000,000","5,000,000","5,000,000","4,831,900","4,831,880","4,831,880","4,831,880","4,831,870","4,831,860","4,831,860","4,831,490","4,831,030","4,830,540",RTX 5090 D,32GB,0,INNO3D 지포스 7 ICHILL X3
77962106,INNO3D 지포스 RTX 5090 OC D7 32GB X3,0,0,0,0,0,0,0,0,0,0,0,0,0,"4,000,000","5,000,000","5,000,000","5,000,000","5,000,000","5,000,000","5,000,000",0,0,0,0,0,0,0,0,0,0,RTX 5090,32GB,0,INNO3D 지포스 OC D7 X3
56155370,MANLI 지포스 RTX 3050 D6 6GB DUAL FAN 대원씨티에스,"321,000","321,000","321,000","321,000","321,000","321,000","304,950","304,950","304,950","304,950","304,950","304,950","304,950","304,950","304,950","304,950","304,950","304,950","304,950","304,950","304,950","304,950","304,950","304,950","304,950","304,950","304,950","304,950","304,950","304,950",RTX,6GB,0,MANLI 지포스 3050 D6 DUAL FAN 대원씨티에스
78982955,MANLI 지포스 RTX 3050 Nebula Twin D6 6GB 대원씨티에스,0,0,0,0,0,0,0,0,0,0,0,0,0,0,0,0,0,"256,180",0,0,0,0,0,0,0,0,0,"253,680","253,680","253,680",RTX,6GB,0,MANLI 지포스 3050 Nebula Twin D6 대원씨티에스
61540097,MANLI 지포스 RTX 3050 RUSH D6 6GB 대원씨티에스,"249,000","249,000","249,000","249,000","249,000","249,000","249,000","249,000","249,000","249,000","249,000","264,820",0,0,0,0,0,0,0,0,0,0,0,0,0,0,0,0,0,0,RTX,6GB,0,MANLI 지포스 3050 RUSH D6 대원씨티에스
18894203,MANLI 지포스 RTX 3050 Rush V2 D6 8GB,"366,000","366,000","366,000","366,000","366,000","366,000","347,700","347,700","347,700","347,700","347,700","347,700","347,700","347,700","347,700","347,700","347,700","347,700","347,700","347,700","347,700","347,700","347,700","347,700","347,700","347,700","347,700","366,000","365,000","365,000",RTX,8GB,0,MANLI 지포스 3050 Rush V2 D6
28828427,MANLI 지포스 RTX 3050 Rush V3 D6 8GB,"245,582","245,582","245,582","245,582","245,582","245,582","245,582","245,580","256,190","256,190","268,220","262,580","276,280","295,000",0,0,0,0,0,0,0,0,0,0,0,0,0,0,0,0,RTX,8GB,0,MANLI 지포스 3050 Rush V3 D6
52259456,MANLI 지포스 RTX 3060 Rush D6 12GB LHR 대원씨티에스,"382,880","382,820","382,760","382,760","382,760","382,760","382,700","504,700","504,700","504,700",0,0,0,0,0,0,0,0,0,0,0,0,0,0,0,0,0,0,0,0,RTX,12GB,0,MANLI 지포스 3060 Rush D6 LHR 대원씨티에스
56154785,MANLI 지포스 RTX 3060 Rush D6 12GB TWIN FAN 대원씨티에스,"373,300","373,300","374,410","374,410","374,410","374,410","374,410","374,410","389,590","389,600",0,0,0,0,0,0,0,0,0,0,0,0,0,0,0,0,0,0,0,0,RTX,12GB,0,MANLI 지포스 3060 Rush D6 TWIN FAN 대원씨티에스
69697358,MANLI 지포스 RTX 4060 Ti Nebula D6 8GB Twin 인텍앤컴퍼니,"540,080","540,080","540,080","540,080","540,080","540,080","540,080","538,500","538,500","538,500","529,500","529,500","529,500","529,500","529,500","529,500","529,500","529,500","529,500","529,500","529,500","529,500","529,500","529,500","529,500","529,500","529,500","529,500","529,500","529,500",RTX 4060,8GB,0,MANLI 지포스 Ti Nebula D6 Twin 인텍앤컴퍼니
68775956,MANLI 지포스 RTX 4060 Ti Polar Fox D6 8GB TWIN FAN White 대원씨티에스,"731,400","731,400","731,400","731,400","731,400","731,400","701,400","701,400","701,400","701,400","701,400","701,400","701,400","701,400","701,400","701,400","701,400","701,400","701,400","701,400","701,400","701,400","701,400","701,400","701,400","701,400","701,400","701,400","701,400","701,400",RTX 4060,8GB,0,MANLI 지포스 Ti Polar Fox D6 TWIN FAN White 대원씨티에스
20312384,MANLI 지포스 RTX 4060 Ti Rush D6 8GB,"690,000","690,000","690,000","690,000",0,0,0,0,0,0,0,0,0,0,0,0,0,0,0,0,0,0,0,0,0,0,0,0,0,0,RTX 4060,8GB,0,MANLI 지포스 Ti Rush D6
42940724,MANLI 지포스 RTX 4060 Ti Rush D6 8GB 대원씨티에스,"520,740","520,700","520,700","520,740","520,740","520,740","523,320","523,260","523,210","523,250","523,110","523,360","523,360","523,360","523,360","523,360","523,360","529,980","529,980","529,980","529,980","529,980","529,980","529,980","529,980","529,980","529,980","529,980","529,980","529,980",RTX 4060,8GB,0,MANLI 지포스 Ti Rush D6 대원씨티에스
93382082,MANLI 지포스 RTX 5050 Nebula D6 8GB 대원씨티에스,"379,390","379,390","379,390","379,390","379,390","379,390","383,700","383,700","383,700","383,700","383,700","383,700","383,700","383,700","383,700","383,700","383,700","385,470","385,470","385,470","385,470","385,470","385,470","385,470","385,470","385,470","385,470","385,470","385,470","385,470",RTX 5050,8GB,0,MANLI 지포스 Nebula D6 대원씨티에스
93629129,MANLI 지포스 RTX 5050 Nebula D6 8GB 인텍앤컴퍼니,"373,260","373,260","373,260","373,260","373,260","373,260","373,260","373,250","378,090","381,630","381,630","382,290","382,290","382,290","382,290","382,290","382,290","382,290","382,290","382,290","382,290","382,290","382,290","382,290","382,280","382,290","382,290","382,290","382,290","382,290",RTX 5050,8GB,0,MANLI 지포스 Nebula D6 인텍앤컴퍼니
93382217,MANLI 지포스 RTX 5050 Polar Fox OC D6 8GB 대원씨티에스,"395,220","395,100","395,090","395,230","395,230","395,230","395,330","395,330","395,330","395,330","395,330","395,330","395,330","395,310","395,310","395,310","395,310","397,710","397,710","397,710","397,710","397,710","397,710","397,710","397,710","397,710","397,710","397,710","397,710","397,710",RTX 5050,8GB,0,MANLI 지포스 Polar Fox OC D6 대원씨티에스
93629741,MANLI 지포스 RTX 5050 Polar Fox OC D6 8GB 인텍앤컴퍼니,"395,350","395,350","395,350","395,350","395,350","395,350","395,350","395,340","397,700","397,700","397,700","397,700","397,700","397,700","397,700","397,700","397,700","397,700","397,700","397,700","397,700","397,700","397,700","397,700","397,700","397,700","397,660","397,540","397,470","397,400",RTX 5050,8GB,0,MANLI 지포스 Polar Fox OC D6 인텍앤컴퍼니
90956816,MANLI 지포스 RTX 5060 Nebula D7 8GB 대원씨티에스,"444,590","444,590","444,590","444,580","444,580","444,590","442,560","442,560","442,560","442,570","442,560","442,560","442,550","442,500","442,500","442,500","442,500","442,610","442,600","442,610","442,580","442,560","442,560","442,550","442,520","442,520","442,520","442,410","442,350","442,350",RTX 5060,8GB,0,MANLI 지포스 Nebula D7 대원씨티에스
90644501,MANLI 지포스 RTX 5060 Nebula D7 8GB 인텍앤컴퍼니,"442,750","439,790","435,100","437,200","437,200","436,990","436,990","436,990","442,070","435,100","435,100","435,100","435,100","435,100","435,100","435,100","435,100","435,100","435,100","435,100","435,100","435,100","435,100","435,100","435,100","435,100","435,100","444,590","444,480","444,360",RTX 5060,8GB,0,MANLI 지포스 Nebula D7 인텍앤컴퍼니
90956867,MANLI 지포스 RTX 5060 Polar Fox D7 OC 8GB 대원씨티에스,"508,000","508,000","467,900","467,900","467,900","467,900","467,900","467,900","467,900","467,900","467,900","467,900","479,000","479,000","479,000","479,000","479,000","479,000","479,000","479,000","479,000","479,000","508,000","508,000","508,000","508,000","508,000","508,000","508,000","508,000",RTX 5060,8GB,0,MANLI 지포스 Polar Fox D7 OC 대원씨티에스
90644597,MANLI 지포스 RTX 5060 Polar Fox D7 OC 8GB 인텍앤컴퍼니,"463,200","463,160","463,190","464,630","464,630","461,620","461,620","461,620","458,560","458,570","464,600","464,600","469,910","469,910","466,490","466,490","466,490","466,490","466,500","466,490","466,490","466,490",0,0,0,"466,500","466,500","466,500","466,500","466,500",RTX 5060,8GB,0,MANLI 지포스 Polar Fox D7 OC 인텍앤컴퍼니
82717634,MANLI 지포스 RTX 5060 TI Polar Fox OC D7 8GB 인텍앤컴퍼니,"610,010","609,880","610,030","610,030","610,030","610,030","610,990","610,990","610,600","610,600","601,520","601,520","601,520","601,520","601,520","601,520","601,520","601,520","601,520","601,520","601,520","601,520","601,520","601,520","601,520","601,510","601,510","601,510","601,520","601,520",RTX 5060,8GB,0,MANLI 지포스 TI Polar Fox OC D7 인텍앤컴퍼니
80903570,MANLI 지포스 RTX 5060 Ti Nebula D7 16GB 대원씨티에스,"663,130","663,120","663,130","679,120","679,120","679,120","683,730","683,730","683,730","683,730","669,000","669,000","669,000","669,000","669,000","669,000","669,000","669,000","669,000","669,000","669,000","669,000","669,000","668,990","668,990","668,940","668,910","668,790","668,760","668,760",RTX 5060,16GB,0,MANLI 지포스 Ti Nebula D7 대원씨티에스
81750068,MANLI 지포스 RTX 5060 Ti Nebula D7 16GB 인텍앤컴퍼니,"672,820","672,820","668,850","672,820","672,820","672,820","672,820","672,820","672,820","672,820","672,820","672,820","672,820","672,820","672,820","672,820","672,820","672,820","672,820","672,820","672,820","672,820","672,820","672,820","672,820","672,820","672,820","672,820","672,820","672,820",RTX 5060,16GB,0,MANLI 지포스 Ti Nebula D7 인텍앤컴퍼니
81002702,MANLI 지포스 RTX 5060 Ti Nebula D7 8GB 대원씨티에스,"561,450","561,450","561,450","561,440","561,430","561,440","561,380","561,390","561,390","561,400","561,390","561,390","561,380","561,340","561,330","561,330","561,330","561,300","561,290","561,300","561,290","561,290","561,290","561,300","561,290","561,290","561,290","561,300","572,000","572,000",RTX 5060,8GB,0,MANLI 지포스 Ti Nebula D7 대원씨티에스
82697921,MANLI 지포스 RTX 5060 Ti Nebula D7 8GB 인텍앤컴퍼니,"532,400","548,020","548,030","565,400","565,400","565,400","555,680","555,670","555,670","555,670","555,670","555,670","555,670","555,670","555,670","555,670","555,670","555,670","555,670","555,670","555,670","555,670","555,670","555,670","555,670","555,670","555,670","555,670","555,670","555,670",RTX 5060,8GB,0,MANLI 지포스 Ti Nebula D7 인텍앤컴퍼니
81026090,MANLI 지포스 RTX 5060 Ti Polar Fox OC D7 16GB 대원씨티에스,"686,200","686,190","686,200","697,040","697,040","697,040","698,850","698,850","698,850","698,850","698,850","698,850","698,850","698,840","698,840","698,840","698,840","698,840","698,840","698,840","698,840","698,840","698,840","698,830","698,830","698,830","698,830","698,830","698,820","698,820",RTX 5060,16GB,0,MANLI 지포스 Ti Polar Fox OC D7 대원씨티에스
81750227,MANLI 지포스 RTX 5060 Ti Polar Fox OC D7 16GB 인텍앤컴퍼니,"692,520","692,520","692,520","692,520","692,520","692,520","692,520","692,520","692,520","692,520","692,520","692,520","692,520","692,520","692,520","692,520","692,520","692,520","692,520","692,520","692,520","698,000","698,000","697,990","697,990","697,990","697,990","697,990","697,990","697,990",RTX 5060,16GB,0,MANLI 지포스 Ti Polar Fox OC D7 인텍앤컴퍼니
81034403,MANLI 지포스 RTX 5060 Ti Polar Fox OC D7 8GB 대원씨티에스,"610,100","610,110","610,110","610,100","610,110","610,100","599,000","598,990","598,990","599,000","599,000","599,000","599,000","599,000","599,000","599,000","599,000","599,000","599,000","599,000","599,000","599,000","599,000","599,000","599,000","599,000","599,000","598,990","598,990","598,990",RTX 5060,8GB,0,MANLI 지포스 Ti Polar Fox OC D7 대원씨티에스
81036431,MANLI 지포스 RTX 5060 Ti Stellar OC D7 16GB 대원씨티에스,"729,060","729,020","729,060","735,870","735,870","735,870","737,270","737,270","737,270","737,270","737,270","737,270","737,270","737,270","737,270","737,270","737,270","737,270","737,270","737,270","737,270","737,270","737,270","737,270","737,270","737,270","737,270","737,270","737,270","737,270",RTX 5060,16GB,0,MANLI 지포스 Ti Stellar OC D7 대원씨티에스
81750302,MANLI 지포스 RTX 5060 Ti Stellar OC D7 16GB 인텍앤컴퍼니,"736,060","736,060","736,060","736,060","736,060","736,060","736,060","736,060","736,060","736,060","736,060","736,060","736,060","736,060","736,060","736,060","736,060","736,060","736,060","736,060","736,060","736,060","736,060","736,060","736,060","736,060","736,060","736,060","736,060","736,060",RTX 5060,16GB,0,MANLI 지포스 Ti Stellar OC D7 인텍앤컴퍼니
81036440,MANLI 지포스 RTX 5060 Ti Stellar OC D7 8GB 대원씨티에스,"611,100","611,100","611,100","611,100","611,100","611,100","611,100","611,100","611,100","611,100","611,100","611,100","611,100","611,100","611,100","611,100","611,100","611,100","611,100","611,100","611,100","611,100","611,100","611,100","611,100","611,100","611,100","610,090","610,090","610,090",RTX 5060,8GB,0,MANLI 지포스 Ti Stellar OC D7 대원씨티에스
82733867,MANLI 지포스 RTX 5060 Ti Stellar OC D7 8GB 인텍앤컴퍼니,"658,280","658,280","658,280","658,280","658,280","658,280","658,290","658,000","658,000","658,000","650,320","650,320","650,320","650,320","658,290","656,340","658,290","653,330","653,330","653,330","653,330","653,330","653,330","653,330","653,330","653,330","653,330","653,330","653,320","653,320",RTX 5060,8GB,0,MANLI 지포스 Ti Stellar OC D7 인텍앤컴퍼니
98227514,MANLI 지포스 RTX 5070 Nebula D7 12GB Dual Fan 대원씨티에스,"879,190","876,930","876,990","876,990","876,990","876,990","869,000","868,990","868,990","869,000","869,000","869,000","868,990","868,980","868,980","868,980","868,980","869,000","869,000","869,000","869,000","868,990","868,990","868,980","868,980","868,950","868,830","868,820","868,810","868,810",RTX 5070,12GB,0,MANLI 지포스 Nebula D7 Dual Fan 대원씨티에스
77379233,MANLI 지포스 RTX 5070 Nebula D7 12GB 대원씨티에스,"844,830","844,830","844,830","844,830","844,830","844,830","845,000","845,000","845,000","845,000","845,000","845,000","845,000","845,000","845,000","845,000","845,000","845,000","882,630","882,630","882,630","882,630","882,630","882,630","882,630","882,630","882,630","882,630","882,630","882,630",RTX 5070,12GB,0,MANLI 지포스 Nebula D7 대원씨티에스
77380469,MANLI 지포스 RTX 5070 Nebula D7 12GB 인텍앤컴퍼니,"876,010","876,010","876,010","876,010","876,010","876,010","876,010","876,010","876,010","876,010","876,010","876,010","876,010","876,010","876,010","876,010","876,010","876,010","876,010","876,010","876,010","876,010","876,010","876,010","876,010","876,010","876,010","876,010","876,010","876,010",RTX 5070,12GB,0,MANLI 지포스 Nebula D7 인텍앤컴퍼니
77379299,MANLI 지포스 RTX 5070 Polar Fox OC D7 12GB 대원씨티에스,"875,000","875,000","875,000","904,680","904,680","904,680","904,680","904,680","904,680","904,680","904,680","904,680","904,680","904,680","920,980","920,980","920,980","944,990","944,990","944,990","876,490","873,980","871,470","868,960","866,450","863,940","861,890","861,890","861,880","861,880",RTX 5070,12GB,0,MANLI 지포스 Polar Fox OC D7 대원씨티에스
77380763,MANLI 지포스 RTX 5070 Polar Fox OC D7 12GB 인텍앤컴퍼니,"921,070","921,070","921,070","921,070","921,070","921,070","921,990","921,990","921,990","921,990","921,990","921,990","921,990","921,070","921,070","921,070","921,070","921,070","921,070","921,070","921,070","921,070","921,070","921,050","921,050","921,050","921,050","921,050","921,050","921,050",RTX 5070,12GB,0,MANLI 지포스 Polar Fox OC D7 인텍앤컴퍼니
95423255,MANLI 지포스 RTX 5070 Polar Fox OC V2 D7 12GB 대원씨티에스,"892,850","892,850","892,850","926,000","926,000","926,000","925,990","925,990","925,990","925,990","925,990","949,000","949,000","949,000","949,000","949,000","949,000",0,"925,990","925,990","925,990","925,990","925,990","925,980","925,980","925,980","925,980","925,980","925,970","925,970",RTX 5070,12GB,0,MANLI 지포스 Polar Fox OC V2 D7 대원씨티에스
90644048,MANLI 지포스 RTX 5070 Polar Fox OC V2 D7 12GB 인텍앤컴퍼니,0,0,0,0,0,"927,324","927,324","939,330","939,330","939,330","939,330",0,"948,990","948,990","948,990","948,990","948,990","948,990","948,990","948,990","948,990","948,990","948,990","948,990","948,990","948,990","948,990","948,990","948,990","948,990",RTX 5070,12GB,0,MANLI 지포스 Polar Fox OC V2 D7 인텍앤컴퍼니
77379359,MANLI 지포스 RTX 5070 Stellar OC D7 12GB 대원씨티에스,"925,820","925,820","925,820","950,380","950,380","950,380","948,990","948,990","948,990","948,990","948,990","948,990","948,990","948,990","948,990","948,990","948,990","948,990","948,990","948,990","948,990","948,990","948,990","948,990","948,990","948,990","948,990","948,990","948,990","948,990",RTX 5070,12GB,0,MANLI 지포스 Stellar OC D7 대원씨티에스
77380787,MANLI 지포스 RTX 5070 Stellar OC D7 12GB 인텍앤컴퍼니,"947,180","947,050","947,200","947,200","947,200","899,000","899,000","899,000","899,000","899,000","899,000","899,000","899,000","899,000","899,000","899,000","899,000","899,000","899,000","899,000","899,000","899,000","899,000","899,000","899,000","899,000","899,000","899,000","899,000","899,000",RTX 5070,12GB,0,MANLI 지포스 Stellar OC D7 인텍앤컴퍼니
94028480,MANLI 지포스 RTX 5070 Ti Gallardo OC D7 16GB White 인텍앤컴퍼니,"1,638,750","1,638,750","1,638,750","1,638,750","1,649,820","1,649,820","1,649,780","1,621,500","1,621,500","1,621,500","1,621,500","1,649,780","1,649,760","1,649,720","1,649,720","1,649,720","1,649,720","1,649,700","1,641,580","1,641,580","1,641,580","1,641,580","1,641,580","1,641,570","1,641,570","1,641,570","1,641,570","1,641,570","1,644,950","1,644,950",RTX 5070 Ti,16GB,0,MANLI 지포스 Gallardo OC D7 White 인텍앤컴퍼니
77088779,MANLI 지포스 RTX 5070 Ti Gallardo OC D7 16GB 대원씨티에스,"1,484,100","1,484,100","1,484,100","1,484,100","1,484,100","1,484,100","1,484,100","1,484,100","1,484,100","1,484,100","1,496,918","1,496,918","1,496,918","1,496,918","1,496,918","1,496,918","1,496,918","1,496,918","1,496,918","1,496,918","1,496,918","1,496,918","1,496,918","1,496,918","1,496,918","1,496,918","1,496,918","1,496,918","1,496,918","1,496,918",RTX 5070 Ti,16GB,0,MANLI 지포스 Gallardo OC D7 대원씨티에스
76875302,MANLI 지포스 RTX 5070 Ti Gallardo OC D7 16GB 인텍앤컴퍼니,"1,586,480","1,586,350","1,586,500","1,586,500","1,588,040","1,588,040","1,588,040","1,569,800","1,569,800","1,569,800","1,569,800","1,577,370","1,577,370","1,577,370","1,577,370","1,577,370","1,577,370","1,577,370","1,577,370","1,577,370","1,577,370","1,577,370","1,577,370","1,577,370","1,577,370","1,577,360","1,577,360","1,577,360","1,577,360","1,577,360",RTX 5070 Ti,16GB,0,MANLI 지포스 Gallardo OC D7 인텍앤컴퍼니
77015564,MANLI 지포스 RTX 5070 Ti Nebula D7 16GB 대원씨티에스,"1,233,340","1,233,000","1,233,000","1,233,000","1,233,000","1,233,000","1,232,990","1,232,990","1,232,990","1,232,990","1,232,990","1,232,990","1,232,990","1,232,970","1,232,970","1,232,970","1,232,970","1,233,180","1,233,170","1,233,170","1,233,150","1,233,110","1,233,110","1,233,090","1,233,070","1,233,070","1,233,070","1,233,070","1,233,050","1,233,050",RTX 5070 Ti,16GB,0,MANLI 지포스 Nebula D7 대원씨티에스
76875332,MANLI 지포스 RTX 5070 Ti Nebula D7 16GB 인텍앤컴퍼니,"1,233,670","1,233,670","1,233,670","1,233,670","1,233,670","1,233,670","1,233,670","1,233,670","1,233,670","1,233,670","1,233,670","1,233,670","1,233,670","1,233,670","1,233,670","1,233,670","1,233,670","1,233,670","1,233,670","1,233,670","1,233,670","1,233,670","1,233,670","1,233,670","1,233,670","1,233,670","1,233,670","1,233,670","1,233,670","1,233,670",RTX 5070 Ti,16GB,0,MANLI 지포스 Nebula D7 인텍앤컴퍼니
77704514,MANLI 지포스 RTX 5070 Ti Polar Fox OC D7 16GB 대원씨티에스,"1,318,324","1,313,630","1,318,324","1,329,990","1,318,320","1,318,320","1,318,310","1,318,310","1,318,310","1,318,310","1,318,000","1,318,000","1,317,990","1,349,000","1,309,900","1,309,900","1,349,000",0,0,"1,349,000","1,349,000","1,349,000","1,349,000","1,349,000","1,349,000","1,349,000","1,349,000","1,349,000","1,349,000","1,349,000",RTX 5070 Ti,16GB,0,MANLI 지포스 Polar Fox OC D7 대원씨티에스
77319323,MANLI 지포스 RTX 5070 Ti Stellar OC D7 16GB 대원씨티에스,"1,312,360","1,312,360","1,312,360","1,355,970","1,355,970","1,355,970","1,356,120","1,356,120","1,356,120","1,356,120","1,356,120","1,356,120","1,356,120","1,356,120","1,356,120","1,356,120","1,356,120","1,364,480","1,364,480","1,364,480","1,364,480","1,364,480","1,364,480","1,364,480","1,364,480","1,364,480","1,364,480","1,364,480","1,364,480","1,358,260",RTX 5070 Ti,16GB,0,MANLI 지포스 Stellar OC D7 대원씨티에스
77086682,MANLI 지포스 RTX 5070 Ti Stellar OC D7 16GB 인텍앤컴퍼니,"1,348,980","1,348,850","1,349,000","1,349,000","1,355,990","1,355,990","1,355,990","1,334,800","1,334,800","1,334,800","1,334,800","1,355,990","1,355,990","1,355,990","1,355,990","1,355,990","1,355,990","1,355,990","1,351,330","1,351,330","1,351,330","1,351,330","1,351,330","1,351,320","1,351,320","1,351,320","1,351,320","1,351,320","1,351,320","1,351,320",RTX 5070 Ti,16GB,0,MANLI 지포스 Stellar OC D7 인텍앤컴퍼니
95422703,MANLI 지포스 RTX 5080 Gallardo OC D7 16GB White 대원씨티에스,"1,919,000","1,919,000","1,919,000","1,919,000","1,919,000","1,919,000","2,295,850","2,295,850","2,295,850","2,295,850","2,295,850","2,324,560","2,324,560","2,324,560","2,324,560","2,324,560","2,324,560",0,0,0,0,0,0,0,0,0,0,0,0,0,RTX 5080,16GB,0,MANLI 지포스 Gallardo OC D7 White 대원씨티에스
94201541,MANLI 지포스 RTX 5080 Gallardo OC D7 16GB White 인텍앤컴퍼니,"1,976,000","1,976,000","1,976,000","1,976,000","1,988,570","1,988,570","1,988,990","1,955,200","1,955,200","1,955,200","1,955,200","1,988,980","1,988,960","1,988,920","1,988,920","1,988,920","1,988,920","1,988,900","1,979,410","1,979,410","1,979,410","1,979,410","1,979,410","1,979,410","2,019,110","2,048,990","2,048,990","2,048,990","2,048,990","2,048,990",RTX 5080,16GB,0,MANLI 지포스 Gallardo OC D7 White 인텍앤컴퍼니
75375746,MANLI 지포스 RTX 5080 Gallardo OC D7 16GB 대원씨티에스,"2,049,000","2,049,000","2,049,000","2,049,000","2,049,000","2,049,000","2,019,000","2,019,000","2,019,000","2,019,000","2,019,000","2,019,000","2,019,000","2,019,000","2,019,000","2,019,000","2,019,000","2,019,000","2,019,000","2,019,000","2,019,000","2,019,000","2,019,000","2,019,000","2,019,000","2,019,000","2,019,000","2,019,000","2,019,000","2,019,000",RTX 5080,16GB,0,MANLI 지포스 Gallardo OC D7 대원씨티에스
75536831,MANLI 지포스 RTX 5080 Gallardo OC D7 16GB 인텍앤컴퍼니,"1,928,470","1,928,350","1,928,500","1,928,500","1,930,390","1,930,390","1,931,990","1,908,200","1,908,200","1,908,200","1,908,200","1,930,430","1,930,420","1,928,200","1,928,190","1,919,120","1,919,120","1,916,110","1,930,400","1,930,400","1,930,400","1,930,400","1,930,400","1,930,390","1,930,390","1,930,390","1,930,390","1,930,390","1,930,390","1,930,390",RTX 5080,16GB,0,MANLI 지포스 Gallardo OC D7 인텍앤컴퍼니
75375797,MANLI 지포스 RTX 5080 Nebula D7 16GB 대원씨티에스,"1,642,030","1,642,020","1,642,020","1,655,830","1,655,830","1,655,830","1,656,000","1,655,990","1,698,990","1,698,990","1,655,990","1,698,990","1,698,990","1,698,990","1,698,990","1,698,990","1,698,990","1,698,990","1,698,990","1,698,990","1,698,990","1,724,290","1,724,290","1,724,290","1,724,290","1,724,290","1,698,990","1,698,990","1,698,990","1,698,990",RTX 5080,16GB,0,MANLI 지포스 Nebula D7 대원씨티에스
75931418,MANLI 지포스 RTX 5080 Nebula D7 16GB 인텍앤컴퍼니,0,0,0,0,0,0,0,0,0,0,0,0,0,0,0,0,0,0,0,0,0,0,"1,699,000","1,699,000","1,699,000","1,699,000","1,699,000","1,699,000","1,699,000","1,699,000",RTX 5080,16GB,0,MANLI 지포스 Nebula D7 인텍앤컴퍼니
75376016,MANLI 지포스 RTX 5080 Polar Fox OC D7 16GB 대원씨티에스,"1,731,470","1,731,470","1,731,470","1,731,470","1,731,470","1,731,470","1,731,470","1,731,470","1,731,470","1,731,470","1,773,980","1,782,150","1,782,150","1,782,150","1,782,150","1,782,150","1,782,150","1,782,150","1,782,150","1,782,150","1,798,500","1,798,500","1,798,500","1,798,500","1,798,500","1,798,500","1,798,500","1,798,500","1,842,100","1,842,100",RTX 5080,16GB,0,MANLI 지포스 Polar Fox OC D7 대원씨티에스
75536942,MANLI 지포스 RTX 5080 Polar Fox OC D7 16GB 인텍앤컴퍼니,"1,749,000","1,749,000",0,0,0,0,0,0,0,0,0,0,0,"1,749,000","1,749,000","1,749,000","1,749,000","1,749,000","1,749,000","1,749,000","1,749,000","1,749,000","1,749,000","1,899,000","1,899,000",0,0,0,0,0,RTX 5080,16GB,0,MANLI 지포스 Polar Fox OC D7 인텍앤컴퍼니
100273427,MANLI 지포스 RTX 5080 Polar Fox OC V2 D7 16GB 대원씨티에스,0,0,0,0,0,0,0,0,0,0,0,"1,793,500","1,731,470","1,731,470","1,731,470","1,731,470","1,731,470","1,731,470","1,782,000","1,782,000","1,781,990","1,781,990","1,781,990","1,781,990","1,781,990","1,781,990","1,781,990","1,781,990","1,781,990","1,781,990",RTX 5080,16GB,0,MANLI 지포스 Polar Fox OC V2 D7 대원씨티에스
75376205,MANLI 지포스 RTX 5080 Stellar OC D7 16GB 대원씨티에스,"1,880,000","1,880,000","1,880,000","1,880,000","1,899,250","1,899,250","1,899,250","1,899,250","1,899,250","1,899,250","1,899,250","1,899,250","1,899,250","1,899,250","1,899,250","1,899,250","1,899,250","1,899,250","1,899,250","1,899,250","1,899,250","1,899,250","1,899,250","1,899,250","1,899,250","1,899,250","1,899,250","1,899,250","1,890,000","1,890,000",RTX 5080,16GB,0,MANLI 지포스 Stellar OC D7 대원씨티에스
75536918,MANLI 지포스 RTX 5080 Stellar OC D7 16GB 인텍앤컴퍼니,"1,841,200","1,841,200","1,841,200","1,841,200","1,841,200","1,841,200","1,842,990","1,842,990","1,842,990","1,842,990","1,842,990","1,842,990","1,842,990","1,842,970","1,842,970","1,842,970","1,842,970","1,842,970","1,842,970","1,842,970","1,842,970","1,842,970","1,842,970","1,842,970","1,842,970","1,842,970","1,842,970","1,842,970","1,842,970","1,842,970",RTX 5080,16GB,0,MANLI 지포스 Stellar OC D7 인텍앤컴퍼니
95422910,MANLI 지포스 RTX 5090 Gallardo OC D7 32GB White 대원씨티에스,"5,459,000","5,459,000","5,459,000","5,459,000","5,459,000","4,732,000","4,732,000","4,732,000","4,732,000","4,629,000","4,628,990","4,930,300","4,930,210","4,930,150","4,930,080","4,929,950","4,929,840","4,924,970","4,739,000","4,738,980","4,765,490","4,740,000","4,740,000","4,740,000","4,739,990","4,698,990","4,698,990","4,698,990","4,599,990","4,599,880",RTX 5090,32GB,0,MANLI 지포스 Gallardo OC D7 White 대원씨티에스
75376346,MANLI 지포스 RTX 5090 Gallardo OC D7 32GB 대원씨티에스,"4,890,000","4,890,000","4,890,000","4,890,000","4,850,000","4,850,000","4,850,000","4,850,000","4,850,000","4,850,000","4,850,000","4,900,000","4,900,000","4,900,000","4,900,000","4,900,000","4,900,000","4,900,000","4,745,000","4,698,000","4,698,000","4,698,000","4,698,000","4,698,000","4,698,000","4,690,000","4,690,000","4,690,000","4,690,000","4,690,000",RTX 5090,32GB,0,MANLI 지포스 Gallardo OC D7 대원씨티에스
96581609,MANLI 지포스 RTX 5090 Nebula OC D7 32GB 대원씨티에스,0,0,0,0,0,0,0,0,0,0,0,0,0,0,0,0,0,0,"4,552,990","4,552,990","4,530,000",0,0,0,0,0,0,0,0,0,RTX 5090,32GB,0,MANLI 지포스 Nebula OC D7 대원씨티에스
75376397,MANLI 지포스 RTX 5090 Stellar OC D7 32GB 대원씨티에스,"5,129,000","5,129,000","5,129,000","5,129,000","5,129,000","5,129,000","5,129,000","5,129,000","5,129,000","5,129,000","5,129,000","5,129,000","5,129,000","5,129,000","5,129,000","5,129,000","5,129,000","5,129,000","4,649,990","4,649,990","4,649,970","4,649,950","4,649,950","4,649,930","4,649,930","4,598,960","4,606,990","4,599,000","4,598,980","4,598,980",RTX 5090,32GB,0,MANLI 지포스 Stellar OC D7 대원씨티에스
76331279,MANLI 지포스 RTX 5090 Stellar OC D7 32GB 인텍앤컴퍼니,0,0,0,0,0,0,0,0,0,0,0,0,0,0,0,0,0,0,0,0,0,0,0,0,"4,460,000","4,490,000","4,490,000","4,490,000","4,487,000","4,487,000",RTX 5090,32GB,0,MANLI 지포스 Stellar OC D7 인텍앤컴퍼니
74051723,MAXSUN Arc B580 Milestone D6 12GB 코잇,"350,000","350,000","350,000","359,300","359,300","359,300","359,300","364,000","364,000","364,000","364,000","364,000","364,000","364,000","334,000","334,000","334,000","334,000","334,000","360,000","360,000","360,000","360,000","360,000","360,000","360,000","360,000","360,000","360,000","360,000",B580,12GB,0,MAXSUN Arc Milestone D6 코잇
74052629,MAXSUN Arc B580 iCraft D6 12GB 코잇,"385,000","385,000","385,000","385,000","385,000","385,000","385,000","385,000","385,000","385,000","385,000","385,000","385,000","385,000","345,000","345,000","345,000","345,000","345,000","382,000","382,000","382,000","382,000","382,000","382,000","382,000","382,000","382,000","382,000","382,000",B580,12GB,0,MAXSUN Arc iCraft D6 코잇
91912697,MAXSUN 지포스 RTX 3050 터미네이터 D6 6GB 디앤디컴,"244,561","244,561","244,561","244,561","244,561","244,561","244,561","244,560","248,140","248,140","248,190","248,190","248,190","248,190","248,190","248,190","248,190","248,190","248,190","248,190","248,190","248,190","248,190","248,190","248,190","248,190","248,190","248,190","248,190","248,190",RTX,6GB,0,MAXSUN 지포스 3050 터미네이터 D6 디앤디컴
91912736,MAXSUN 지포스 RTX 3050 트랜스포머 D6 6GB 디앤디컴,"237,398","237,398","237,398","237,398","237,398","237,398","237,398","239,400","239,400","239,400","239,400","239,400","246,000","246,000","246,000","245,980","245,960","245,960","245,960","245,960","245,960","245,960","245,960","245,960","245,940","245,940","245,940","245,920","245,880","245,850",RTX,6GB,0,MAXSUN 지포스 3050 트랜스포머 D6 디앤디컴
15435041,MSI 라데온 RX 6600 메크 2X D6 8GB,"1,100,000","1,100,000","1,100,000","1,100,000","1,100,000","1,100,000","1,100,000","1,100,000","1,100,000","1,100,000","1,100,000","1,100,000","1,100,000","1,100,000","1,100,000","1,100,000","1,100,000","1,100,000","1,100,000","1,100,000","1,100,000","1,100,000","1,100,000","1,100,000","1,100,000","1,100,000","1,100,000","1,100,000","1,100,000","1,100,000",RX 6600,8GB,0,MSI 라데온 메크 2X D6
18776426,MSI 지포스 GT710 D3 1GB LP 무소음 V2,"56,830","56,710","56,990","56,990","56,990","56,990","56,990","56,990","56,990","56,990","56,990","56,990","56,990","56,990","56,990","56,990","56,990","56,990","56,990","56,990","56,990","56,990","56,990","56,990","56,990","56,940","56,910","56,900","58,990","58,990",V,1GB,0,MSI 지포스 GT710 D3 LP 무소음 2
16292681,MSI 지포스 RTX 3050 게이밍 X D6 8GB 트윈프로져8,"565,000","565,000","565,000","565,000","565,000","565,000","565,000","565,000","565,000","565,000","565,000","565,000","565,000","565,000","565,000","565,000","565,000","565,000","565,000","565,000","565,000","565,000","565,000","565,000","565,000","565,000","565,000","565,000","565,000","565,000",RTX,8GB,0,MSI 지포스 3050 게이밍 X D6 트윈프로져8
71010053,MSI 지포스 RTX 3050 벤투스 2X E OC D6 6GB,"235,960","242,390","242,390","242,390","242,390","242,391","242,391","242,390","242,390","258,790","258,790","258,790","258,800","258,800","256,580","248,990","258,800","258,800","258,800","251,230","251,230","251,180","251,180","251,220","251,230","251,230","251,230","251,230","253,980","253,820",RTX,6GB,0,MSI 지포스 3050 벤투스 2X E OC D6
34816340,MSI 지포스 RTX 3050 벤투스 2X OC D6 6GB,"257,990","257,990","257,990","257,990","257,990","257,990","257,990","257,990","257,990","257,990","257,990","257,990","258,000","258,000","258,000","258,000","258,000","258,000","258,000","258,000","258,000","258,000","258,000","258,000","258,000","257,990","257,990","257,990","258,950","258,950",RTX,6GB,0,MSI 지포스 3050 벤투스 2X OC D6
16313996,MSI 지포스 RTX 3050 벤투스 2X OC D6 8GB,"329,000","329,000","329,000","329,000","329,000","329,000","329,000","329,000","329,000","329,000","329,000","329,000","329,000","329,000","329,000","329,000","329,000","329,000","329,000","329,000","389,000","389,000","389,000","389,000","389,000","389,000","389,000","389,000","389,000","389,000",RTX,8GB,0,MSI 지포스 3050 벤투스 2X OC D6
19321322,MSI 지포스 RTX 3050 벤투스 2X OC V1 D6 8GB,"522,680","522,680","522,680","522,680","522,680","522,680","520,190","520,190","520,190","520,190","520,190","520,190","520,190","520,190","520,190","520,190","520,190","520,190","520,190","520,190","520,190","522,690","522,690","522,690","522,690","522,690","522,690","522,690","522,690","522,690",RTX,8GB,0,MSI 지포스 3050 벤투스 2X OC V1 D6
27944384,MSI 지포스 RTX 3050 벤투스 2X XS OC D6 8GB,"292,391","292,391","292,391","292,391","292,391","292,391","292,391","311,890","311,800","313,970","313,970","313,970","313,970","313,970","310,580","304,990","313,970","313,970","313,970","304,580","304,580","304,540","304,540","304,580","304,570","304,550","304,570","304,480","308,100","308,030",RTX,8GB,0,MSI 지포스 3050 벤투스 2X XS OC D6
14776451,MSI 지포스 RTX 3060 Ti 게이밍 X D6 8GB 트윈프로져8 LHR,"1,200,000","1,200,000","1,200,000","1,200,000","1,200,000","1,200,000","1,200,000","1,200,000","1,200,000","1,200,000","1,200,000","1,200,000","1,200,000","1,200,000","1,200,000","1,200,000","1,200,000","1,200,000","1,200,000","1,200,000","1,200,000","1,200,000","1,200,000","1,200,000","1,200,000","1,200,000","1,200,000","1,200,000","1,200,000","1,200,000",RTX 3060 Ti,8GB,0,MSI 지포스 게이밍 X D6 트윈프로져8 LHR
18373469,MSI 지포스 RTX 3060 Ti 게이밍 X 트리오 D6X 8GB 트라이프로져2,"1,087,600","1,087,600","1,087,600","1,087,600","1,087,600","1,087,600","1,087,600","1,087,600","1,087,600","1,087,600","1,087,600","1,087,600","1,087,600","1,087,600","1,087,600","1,087,600","1,087,600","1,087,600","1,087,600","1,087,600","1,087,600","1,087,600","1,087,600","1,087,600","1,087,600","1,087,600","1,087,600","1,087,600","1,087,600","1,087,600",RTX 3060 Ti,8GB,0,MSI 지포스 게이밍 X 트리오 D6X 트라이프로져2
19047491,MSI 지포스 RTX 3060 Ti 벤투스 2X OC D6X 8GB,"901,400","901,400","901,400","901,400","901,400","901,400","901,400","901,400","901,400","901,400","901,400","901,400","901,400","901,400","901,400","901,400","901,400","901,400","901,400","901,400","901,400","901,400","901,400","901,400","901,400","901,400","901,400","901,400","901,400","901,400",RTX 3060 Ti,8GB,0,MSI 지포스 벤투스 2X OC D6X
13512254,MSI 지포스 RTX 3060 벤투스 2X OC D6 12GB,0,0,0,0,일시품절,0,0,0,0,0,0,"419,870",0,0,0,0,0,0,0,0,0,0,0,0,0,0,0,0,0,0,RTX,12GB,0,MSI 지포스 3060 벤투스 2X OC D6
18279782,MSI 지포스 RTX 3060 벤투스 2X OC D6 8GB,"590,000","590,000","590,000","590,000","590,000","590,000","590,000","590,000","590,000","590,000","590,000","590,000","590,000","590,000","590,000","590,000","590,000","590,000","590,000","590,000","590,000","590,000","590,000","590,000","590,000","590,000","590,000","590,000","590,000","590,000",RTX,8GB,0,MSI 지포스 3060 벤투스 2X OC D6
14461889,MSI 지포스 RTX 3070 Ti 슈프림 X D6X 8GB 트라이프로져2S,"2,076,890","2,076,890","2,076,890","2,076,890","2,076,890","2,076,890","2,076,890","2,076,890","2,076,890","2,076,890","2,076,890","2,076,890","2,076,890","2,076,890","2,076,890","2,076,890","2,076,890","2,076,890","2,076,890","2,076,890","2,076,890","2,076,900","2,076,900","2,076,900","2,076,900","2,076,900","2,076,900","2,076,900","2,076,900","2,076,900",RTX 3070 Ti,8GB,0,MSI 지포스 슈프림 X D6X 트라이프로져2S
54315725,MSI 지포스 RTX 4060 Ti 벤투스 2X 블랙 E1 OC D6 8GB,"810,890","810,890","794,680","794,680","802,790","802,790","802,790","778,460","778,460","778,460","778,460","778,450","778,410","778,300","778,180","778,050","777,970","810,890","810,890","810,890","810,890","780,900","780,900","780,860","780,900","780,900","780,900","780,900","780,900","810,890",RTX 4060,8GB,0,MSI 지포스 Ti 벤투스 2X 블랙 E1 OC D6
20312969,MSI 지포스 RTX 4060 Ti 벤투스 2X 블랙 OC D6 8GB,"495,000","495,000","495,000","495,000","495,000","495,000","495,000","495,000","495,000","495,000","495,000","495,000",0,0,0,0,0,0,0,0,0,0,0,0,0,0,0,0,0,0,RTX 4060,8GB,0,MSI 지포스 Ti 벤투스 2X 블랙 OC D6
20740013,MSI 지포스 RTX 4060 벤투스 2X 블랙 OC D6 8GB,"2,809,390","2,809,390","2,753,220","2,781,310","2,781,310","2,781,310","2,779,400","2,779,400","2,779,400","2,779,400","2,779,400","2,779,400","2,779,400","2,779,400","2,779,400","2,779,400","2,779,400","2,779,400","2,779,400","2,779,400","2,779,400","2,779,400","2,779,400","2,779,400","2,779,400","2,779,400","2,779,400","2,668,930","2,668,930","2,779,400",RTX 4060,8GB,0,MSI 지포스 벤투스 2X 블랙 OC D6
70616231,MSI 지포스 RTX 4070 Ti SUPER 벤투스 3X 블랙 OC D6X 16GB,"1,644,960","1,644,960","1,752,240","1,770,120","1,770,120","1,770,120","1,758,000","1,758,000","1,758,000","1,758,000","1,758,000","1,698,600","1,698,600","1,698,600","1,698,600","1,698,600","1,698,600","1,698,600","1,698,600","1,698,600","1,698,600","1,698,600","1,698,600","1,698,600","1,698,600","1,698,600","1,698,600","1,698,600","1,698,600","1,698,600",RTX 4070 Ti SUPER,16GB,0,MSI 지포스 벤투스 3X 블랙 OC D6X
94203833,MSI 지포스 RTX 5050 벤투스 2X OC D6 8GB,"357,608","357,608","357,608","357,608","357,608","357,608","357,608","369,000","369,000","369,000","369,000","369,000","369,000","369,000","369,000","369,000","369,000","369,000","369,000","369,000","369,000","369,000","369,000","369,000","378,990","378,990","378,990","378,990","374,000","373,930",RTX 5050,8GB,0,MSI 지포스 벤투스 2X OC D6
94203794,MSI 지포스 RTX 5050 쉐도우 2X OC D6 8GB,"357,608","357,608","357,608","357,608","357,608","357,608","357,608","392,870","386,390","386,490","397,330","397,300","397,200","390,540","381,980","381,970","390,540","384,110","398,000","384,110","387,020","382,980","374,610","387,020","387,020","386,970","386,880","387,020","377,890","375,000",RTX 5050,8GB,0,MSI 지포스 쉐도우 2X OC D6
82047602,MSI 지포스 RTX 5060 Ti 게이밍 OC D7 16GB 트윈프로져,"660,560","685,000","685,000","685,000","685,000","717,980","685,000","713,890","704,940","717,980","717,980","717,980","717,980","717,980","714,970","694,990","717,980","717,980","717,980","698,000","698,000","697,960","692,000","698,000","698,000","697,990","697,990","698,000","702,200","702,130",RTX 5060,16GB,0,MSI 지포스 Ti 게이밍 OC D7 트윈프로져
86803685,MSI 지포스 RTX 5060 Ti 게이밍 OC D7 8GB 트윈프로져,"575,000","574,900","575,000","575,000","575,000","575,000","575,000","592,550","586,390","598,990","598,990","598,990","598,990","598,990","591,470","577,970","598,990","599,000","598,990","581,030","581,030","580,980","576,990","581,030","581,030","581,020","581,020","581,030","585,830","585,780",RTX 5060,8GB,0,MSI 지포스 Ti 게이밍 OC D7 트윈프로져
82033736,MSI 지포스 RTX 5060 Ti 게이밍 트리오 OC D7 16GB 트라이프로져4,"739,000","739,000","739,000","739,000","739,000","739,000","739,000","739,000","739,000","739,000","739,000","830,070","830,070","830,070","830,070","830,070","830,070","830,070","830,070","830,070","830,070","830,070","830,070","830,070","830,070","830,070","830,070","830,070","994,000","994,000",RTX 5060,16GB,0,MSI 지포스 Ti 게이밍 트리오 OC D7 트라이프로져4
81990338,MSI 지포스 RTX 5060 Ti 벤투스 2X OC 플러스 D7 16GB,"649,000","649,000","649,000","648,990","648,990","648,990","648,990","648,990","667,590","666,490","676,990","676,990","676,990","676,990","667,470","656,990","676,990","676,990","676,990","659,000","659,000","658,960","658,840","659,000","659,000","658,980","658,990","651,950","655,000","654,000",RTX 5060,16GB,0,MSI 지포스 Ti 벤투스 2X OC 플러스 D7
86814989,MSI 지포스 RTX 5060 Ti 벤투스 2X OC 플러스 D7 8GB,"582,110","581,980","583,000","583,000","582,120","588,990","588,990","575,180","575,170","589,000","589,000","589,000","589,000","589,000","575,170","575,170","589,000","589,000","589,000","589,000","589,000","575,170","575,170","589,000","589,000","588,950","575,140","575,100","575,070","574,950",RTX 5060,8GB,0,MSI 지포스 Ti 벤투스 2X OC 플러스 D7
90435962,MSI 지포스 RTX 5060 Ti 벤투스 2X 플러스 D7 16GB,"674,000","674,000","667,000","667,000","667,000","674,000","674,000","674,000","674,000","674,000","674,000","674,000","674,000","674,000","674,000","674,000","674,000","674,000","674,000","674,000","674,000","674,000","674,000","674,000","674,000","674,000","674,000","673,990","674,000","674,000",RTX 5060,16GB,0,MSI 지포스 Ti 벤투스 2X 플러스 D7
90436100,MSI 지포스 RTX 5060 Ti 벤투스 2X 플러스 D7 8GB,"578,990","578,990","578,990","578,990","578,990","578,990","578,990","578,990","578,990","578,990","578,990","578,990","578,990","578,990","579,000","579,000","579,000","579,000","579,000","579,000","579,000","578,990","578,990","579,000","579,000","578,990","578,990","578,990","584,000","584,000",RTX 5060,8GB,0,MSI 지포스 Ti 벤투스 2X 플러스 D7
96259577,MSI 지포스 RTX 5060 Ti 쉐도우 2X OC 플러스 D7 16GB,"649,000","649,000","649,000","649,000","649,000","649,000","649,000","667,580","666,390","678,990","678,990","678,990","679,000","678,990","667,470","657,980","679,000","679,000","679,000","659,000","659,000","658,960","654,250","659,000","659,000","658,990","658,990","659,000","654,990","654,910",RTX 5060,16GB,0,MSI 지포스 Ti 쉐도우 2X OC 플러스 D7
96369605,MSI 지포스 RTX 5060 Ti 쉐도우 2X OC 플러스 D7 8GB,"564,120","564,120","564,120","564,120","564,120","564,130","564,130","564,120","575,170","584,000","584,000","584,000","584,000","583,990","575,150","575,130","584,000","584,000","584,000","584,000","584,000","575,170","575,170","584,000","575,170","583,990","583,990","583,990","583,970","583,900",RTX 5060,8GB,0,MSI 지포스 Ti 쉐도우 2X OC 플러스 D7
90956117,MSI 지포스 RTX 5060 게이밍 OC D7 8GB 트윈프로져,"461,956","461,956","461,956","461,956","461,956","461,956","461,956","486,000","474,990","488,980","488,980","488,980","488,980","488,980","481,870","473,970","483,580","482,780","485,980","483,580","485,980","488,980","488,980","488,980","488,990","488,990","488,990","488,990","489,000","489,000",RTX 5060,8GB,0,MSI 지포스 게이밍 OC D7 트윈프로져
90956033,MSI 지포스 RTX 5060 벤투스 2X OC D7 8GB,"439,110","444,456","444,565","444,565","444,565","444,565","444,565","463,890","456,480","466,990","466,990","466,990","466,990","466,990","463,150","451,990","466,990","467,000","466,990","454,920","454,920","454,880","451,550","454,920","454,920","454,870","454,830","454,740","451,970","450,970",RTX 5060,8GB,0,MSI 지포스 벤투스 2X OC D7
90955973,MSI 지포스 RTX 5060 쉐도우 2X OC D7 8GB,"444,565","444,456","444,565","444,565","444,565","444,565","444,565","464,000","453,940","466,990","466,990","466,990","466,990","466,990","462,870","454,970","463,480","463,480","467,000","454,930","454,920","454,880","452,000","454,920","454,920","454,890","454,890","454,890","454,740","452,000",RTX 5060,8GB,0,MSI 지포스 쉐도우 2X OC D7
90160715,MSI 지포스 RTX 5070 Ti 게이밍 트리오 OC D7 16GB 트라이프로져4,"1,309,000","1,309,000","1,309,000","1,308,990","1,308,990","1,308,990","1,308,990","1,308,990","1,363,990","1,364,990","1,364,990","1,364,960","1,364,860","1,338,990","1,337,970","1,334,990","1,338,990","1,338,990","1,328,990","1,328,990","1,324,990","1,324,950","1,324,850","1,324,990","1,324,990","1,324,930","1,318,980","1,318,890","1,318,930","1,318,810",RTX 5070 Ti,16GB,0,MSI 지포스 게이밍 트리오 OC D7 트라이프로져4
76550750,MSI 지포스 RTX 5070 Ti 게이밍 트리오 OC 플러스 D7 16GB 트라이프로져4,0,0,0,0,0,0,0,0,0,0,0,0,0,0,0,0,0,0,"1,703,360","1,703,360","1,703,360","1,703,360","1,703,360","1,703,360","1,703,360","1,703,360","1,703,360","1,703,360","1,703,360","1,703,360",RTX 5070 Ti,16GB,0,MSI 지포스 게이밍 트리오 OC 플러스 D7 트라이프로져4
90435884,MSI 지포스 RTX 5070 Ti 게이밍 트리오 OC 화이트 D7 16GB 트라이프로져4,"1,319,000","1,319,000","1,319,000","1,318,990","1,318,990","1,318,990","1,318,990","1,318,990","1,375,990","1,376,990","1,376,990","1,376,960","1,376,860","1,376,760","1,370,970","1,339,990","1,376,610","1,376,930","1,370,000","1,358,990","1,358,990","1,358,950","1,358,850","1,358,990","1,358,990","1,358,920","1,358,830","1,358,740","1,346,970","1,340,000",RTX 5070 Ti,16GB,0,MSI 지포스 게이밍 트리오 OC 화이트 D7 트라이프로져4
76550837,MSI 지포스 RTX 5070 Ti 벤투스 3X OC D7 16GB,"1,299,000","1,299,000","1,299,000","1,294,000","1,293,990","1,293,990","1,293,990","1,285,990","1,259,990","1,293,990","1,293,990","1,293,960","1,293,860","1,293,770","1,286,870","1,259,970","1,293,630","1,293,560","1,286,000","1,293,900","1,293,900","1,293,860","1,254,100","1,293,900","1,293,900","1,293,840","1,293,830","1,293,740","1,257,990","1,257,750",RTX 5070 Ti,16GB,0,MSI 지포스 벤투스 3X OC D7
78842921,MSI 지포스 RTX 5070 Ti 쉐도우 3X OC D7 16GB,"1,239,000","1,239,000","1,239,000","1,238,990","1,238,990","1,238,990","1,238,990","1,238,990","1,286,490","1,297,990","1,297,990","1,297,960","1,297,860","1,291,760","1,286,870","1,258,990","1,291,400","1,282,930","1,273,000","1,275,830","1,268,620","1,268,580","1,268,480","1,268,620","1,268,620","1,268,560","1,268,480","1,264,980","1,257,980","1,257,910",RTX 5070 Ti,16GB,0,MSI 지포스 쉐도우 3X OC D7
77379380,MSI 지포스 RTX 5070 게이밍 트리오 OC D7 12GB 트라이프로져4,"883,890","883,800","883,900","888,890","888,990","888,990","888,990","917,000","908,980","917,990","917,990","917,960","908,990","908,990","908,940","896,990","912,240","912,250","919,680","919,670","919,000","918,990","918,990","919,000","927,000","918,990","927,960","907,990","907,930","907,870",RTX 5070,12GB,0,MSI 지포스 게이밍 트리오 OC D7 트라이프로져4
78102347,MSI 지포스 RTX 5070 게이밍 트리오 OC 화이트 D7 12GB 트라이프로져4,"884,860","899,000","898,990","898,990","898,990","898,990","898,990","898,990","898,990","936,990","936,990","936,960","936,860","936,770","930,970","909,970","936,590","932,960","930,240","924,450","930,230","928,980","906,000","936,990","936,990","936,930","936,880","918,950","916,000","915,930",RTX 5070,12GB,0,MSI 지포스 게이밍 트리오 OC 화이트 D7 트라이프로져4
77379452,MSI 지포스 RTX 5070 벤투스 2X OC D7 12GB,"828,710","849,690","876,990","875,890","849,790","875,890","849,790","849,790","849,790","876,990","867,990","867,990","867,990","867,990","867,990","867,990","867,990","867,990","874,990","874,990","862,070","862,030","851,670","874,990","874,990","869,720","867,970","858,950","849,000","848,930",RTX 5070,12GB,0,MSI 지포스 벤투스 2X OC D7
77791202,MSI 지포스 RTX 5070 벤투스 2X OC 화이트 D7 12GB,"839,000","839,000","839,000","839,000","839,000","838,990","838,990","838,980","847,270","877,990","877,990","877,960","877,860","877,770","870,270","860,720","877,590","877,490","877,410","859,000","858,990","858,950","847,990","858,990","858,990","858,930","858,850","858,760","850,990","848,000",RTX 5070,12GB,0,MSI 지포스 벤투스 2X OC 화이트 D7
77961944,MSI 지포스 RTX 5070 벤투스 3X OC D7 12GB,"838,990","838,890","838,890","838,990","839,000","838,990","838,990","838,990","838,990","873,990","873,990","873,980","873,940","873,830","873,710","873,580","873,470","873,420","873,390","858,990","858,990","858,990","858,990","858,990","858,990","858,940","858,910","858,790","858,670","858,550",RTX 5070,12GB,0,MSI 지포스 벤투스 3X OC D7
96369578,MSI 지포스 RTX 5070 쉐도우 2X OC D7 12GB,"802,910","817,990","817,990","817,990","817,990","817,990","817,990","817,990","846,480","846,990","846,990","846,990","808,990","808,990","848,970","848,950","848,990","849,000","848,990","838,990","838,990","838,950","827,500","838,990","838,990","838,940","838,850","838,820","838,780","838,710",RTX 5070,12GB,0,MSI 지포스 쉐도우 2X OC D7
75373376,MSI 지포스 RTX 5080 게이밍 트리오 OC D7 16GB 트라이프로져4,"1,864,780","1,864,650","1,864,990","1,864,990","1,864,990","1,864,990","1,864,990","1,864,980","1,864,950","1,928,990","1,928,990","1,928,960","1,928,860","1,928,760","1,920,770","1,879,980","1,928,590","1,928,510","1,920,000","1,918,990","1,918,990","1,918,950","1,864,990","1,918,990","1,918,990","1,918,930","1,918,920","1,918,830","1,888,970","1,874,990",RTX 5080,16GB,0,MSI 지포스 게이밍 트리오 OC D7 트라이프로져4
76329767,MSI 지포스 RTX 5080 게이밍 트리오 OC 화이트 D7 16GB 트라이프로져4,"1,979,000","1,979,000","1,979,000","2,539,900","1,979,000","1,979,000","1,979,000","1,979,000","1,979,000","1,979,000","1,979,000","1,978,430","1,978,430","1,978,430","1,970,890","1,970,880","1,978,430","1,978,430","1,979,000","1,979,000","1,979,000","1,974,980","1,974,980","1,979,000","1,979,000","1,978,990","1,978,990","1,978,990","1,979,000","1,979,000",RTX 5080,16GB,0,MSI 지포스 게이밍 트리오 OC 화이트 D7 트라이프로져4
75541700,MSI 지포스 RTX 5080 뱅가드 SOC D7 16GB 하이퍼프로져,"1,989,890","1,989,860","2,004,990","2,004,990","2,004,990","2,004,990","2,004,990","2,071,890","2,058,900","2,072,990","2,009,990","2,072,990","2,073,690","2,073,690","2,068,970","2,039,990","2,075,000","2,078,000","2,077,990","2,077,990","2,077,990","2,077,950","2,070,000","2,077,990","2,077,990","2,077,940","2,077,880","2,077,880","2,077,870","2,077,830",RTX 5080,16GB,0,MSI 지포스 뱅가드 SOC D7 하이퍼프로져
76463606,MSI 지포스 RTX 5080 벤투스 3X OC D7 16GB,"1,808,890","1,808,890","1,808,890","1,808,890","1,808,890","1,808,890","1,808,890","1,808,890","1,808,890","1,808,890","1,808,890","1,808,890","1,808,890","1,808,890","1,808,890","1,808,890","1,808,890","1,808,890","1,808,890","1,808,890","1,808,890","1,808,890","1,808,890","1,808,890","1,808,890","1,808,890","1,808,890","1,808,860","1,808,850","1,808,890",RTX 5080,16GB,0,MSI 지포스 벤투스 3X OC D7
75373496,MSI 지포스 RTX 5080 벤투스 3X OC 플러스 D7 16GB,"1,684,700","1,728,730","1,728,890","1,728,890","1,728,990","1,728,990","1,728,990","1,728,990","1,796,490","1,798,990","1,798,990","1,798,960","1,798,860","1,798,770","1,791,370","1,739,990","1,798,650","1,798,560","1,765,440","1,765,430","1,765,430","1,759,980","1,743,000","1,765,430","1,788,990","1,788,930","1,788,860","1,788,800","1,747,990","1,746,000",RTX 5080,16GB,0,MSI 지포스 벤투스 3X OC 플러스 D7
77791169,MSI 지포스 RTX 5080 벤투스 3X OC 화이트 D7 16GB,"1,816,940","1,781,090","1,837,990","1,837,990","1,828,990","1,828,990","1,828,990","1,828,970","1,828,950","1,828,990","1,828,990","1,828,990","1,828,990","1,836,740","1,836,720","1,836,710","1,836,740","1,836,740","1,836,740","1,838,890","1,838,890","1,838,880","1,838,870","1,838,890","1,838,890","1,838,840","1,838,820","1,838,820","1,838,820","1,838,820",RTX 5080,16GB,0,MSI 지포스 벤투스 3X OC 화이트 D7
78842858,MSI 지포스 RTX 5080 쉐도우 3X OC D7 16GB,"1,728,890","1,728,890","1,728,890","1,728,990","1,728,990","1,728,990","1,728,990","1,698,990","1,766,480","1,768,990","1,768,990","1,768,960","1,768,860","1,768,760","1,761,770","1,719,980","1,768,570","1,768,490","1,736,640","1,736,640","1,736,630","1,736,580","1,715,100","1,736,630","1,759,000","1,748,990","1,738,980","1,728,980","1,719,890","1,718,000",RTX 5080,16GB,0,MSI 지포스 쉐도우 3X OC D7
96259277,MSI 지포스 RTX 5080 엑스퍼트 OC D7 16GB 플로우프로져2,"1,882,790","1,882,790","1,939,000","1,939,000","1,939,000","1,956,990","1,955,320","1,951,870","1,898,990","1,956,990","1,956,990","1,956,960","1,956,860","1,956,760","1,939,770","1,899,970","1,956,600","1,956,510","1,956,450","1,956,990","1,956,990","1,955,980","1,888,000","1,956,990","1,958,990","1,958,960","1,958,910","1,958,820","1,958,760","1,958,700",RTX 5080,16GB,0,MSI 지포스 엑스퍼트 OC D7 플로우프로져2
75993239,MSI 지포스 RTX 5090 게이밍 트리오 OC D7 32GB 트라이프로져4,"4,599,000","4,599,000","4,599,000","4,599,000","4,599,000","4,599,000","4,599,000","4,599,000","4,599,000","4,599,000","5,990,000","5,990,000","5,990,000","5,940,000","5,940,000","5,940,000","5,940,000","5,940,000","5,913,000","5,913,000","4,974,090","4,974,090","4,974,090","4,974,090","4,974,090","4,599,000","4,599,000","4,598,980","4,588,990","4,588,900",RTX 5090,32GB,0,MSI 지포스 게이밍 트리오 OC D7 트라이프로져4
78098624,MSI 지포스 RTX 5090 뱅가드 SOC D7 32GB 하이퍼프로져,"4,698,990","4,698,990","4,698,990","4,794,990","4,794,990","4,794,990","4,950,000","4,950,000","4,950,000","4,950,000","4,950,000","4,950,000","4,950,000","4,950,000","4,679,980","4,679,980","4,699,000","4,699,000","4,699,000","4,699,000","4,699,000","4,698,980","4,698,980","4,786,000","4,786,000","4,799,000","4,699,000","4,699,000","4,699,000","4,699,000",RTX 5090,32GB,0,MSI 지포스 뱅가드 SOC D7 하이퍼프로져
76875356,MSI 지포스 RTX 5090 벤투스 3X OC D7 32GB,"4,378,990","4,378,990","4,291,420","4,335,210","4,335,210","5,167,800","5,167,800","5,167,800","5,167,800","5,167,800","4,599,000","4,599,000","4,599,000","5,189,100","5,189,100","5,189,100","5,189,100","5,189,100","5,189,100","5,189,100","5,189,100","5,189,100","5,189,100","5,189,100","5,189,100","5,189,100","5,189,100","5,189,100","5,189,100","5,189,100",RTX 5090,32GB,0,MSI 지포스 벤투스 3X OC D7
76550939,MSI 지포스 RTX 5090 슈프림 SOC D7 32GB 하이퍼프로져,"4,869,000","4,869,000","4,869,000","4,869,000","4,869,000","4,998,990","5,663,490","5,663,490","5,663,490","5,663,490","5,663,490","5,663,490","5,799,000","5,798,990","4,848,100","4,848,100","4,848,110","4,848,110","4,899,000","4,899,000","4,896,990","4,896,990","4,895,990","4,896,000","4,878,990","4,878,940","4,878,000","4,878,000","4,829,990","4,749,970",RTX 5090,32GB,0,MSI 지포스 슈프림 SOC D7 하이퍼프로져
77015423,MSI 지포스 RTX 5090 슈프림 리퀴드 SOC D7 32GB,"4,898,990","4,898,990","4,898,990","4,989,990","4,998,990","4,998,990","5,990,000","5,990,000","5,990,000","5,990,000","5,990,000","5,990,000","5,990,000","5,990,000","5,990,000","5,990,000","5,990,000","5,990,000","5,990,000","5,990,000","5,990,000","5,990,000","5,990,000","5,990,000","5,990,000","4,899,000","4,899,000","4,898,990","4,889,990","4,889,900",RTX 5090,32GB,0,MSI 지포스 슈프림 리퀴드 SOC D7
21458333,NVIDIA A100 HBM2e 80GB PCIe,0,0,0,0,0,"34,957,000","34,957,000","34,957,000","34,957,000","34,957,000","34,957,000","34,957,000","34,957,000","34,957,000","34,957,000","34,957,000",0,"34,957,000",0,0,0,"34,957,000","34,957,000","34,957,000","34,957,000","34,957,000","34,957,000","34,957,000","34,957,000","34,957,000",V,80GB,0,N IDIA A100 HBM2e PCIe
49261274,NVIDIA H100 HBM2e 80GB PCIe,"39,772,060","39,771,940","39,680,090","39,680,090","39,772,720","39,772,720","39,772,720","39,772,720","39,772,720","39,772,720","39,772,720","39,772,710","39,772,670","39,772,560","39,772,440","39,772,310","39,772,230","39,772,720","39,772,720","39,772,720","39,772,720","39,772,720","39,772,720","39,772,680","39,772,720","39,772,720","39,772,720","39,772,720","39,772,720","39,772,720",V,80GB,0,N IDIA H100 HBM2e PCIe
53783282,NVIDIA H100 HBM3 94GB NVL,"39,724,640","39,724,530","38,979,780","39,377,530","39,377,530","39,377,530","39,377,530","39,377,530","39,377,530","39,377,530","39,377,530","39,377,520","39,377,480","39,377,370","39,377,250","39,377,120","39,377,040","39,745,290","39,745,290","39,745,290","39,745,290","39,745,290","39,745,290","39,745,250","39,745,290","39,745,290","39,745,290","39,745,290","39,745,290","39,745,290",V,94GB,0,N IDIA H100 HBM3 NVL
49266752,NVIDIA L40S D6 48GB,"10,449,380","10,449,250","10,449,990","10,449,990","10,449,990","10,449,990","10,449,990","10,999,990","10,999,990","10,999,990","10,999,990","10,999,990","11,000,000","11,000,000","11,000,000","11,000,000","11,000,000","11,000,000","11,000,000","11,000,000","11,000,000","11,537,540","11,537,540","11,537,540","11,537,540","11,537,530","11,537,530","11,537,530","11,537,530","11,537,530",V,48GB,0,N IDIA L40S D6
14274734,NVIDIA NV링크 브릿지 2-Slot,0,0,0,0,0,0,"239,000","239,000","239,000","239,000",0,0,0,0,"249,990","249,990","249,990","249,990",0,"249,990","345,130","345,130","345,130","345,130","345,130","345,130","345,130",0,0,0,V,0,0,N IDIA NV링크 브릿지 2-Slot
57508178,NVIDIA RTX 2000 Ada Generation D6 16GB,0,0,0,0,0,0,0,0,0,0,0,0,0,0,0,0,0,0,0,0,0,0,0,0,0,0,0,0,"1,110,000","1,110,000",V,16GB,0,N IDIA RTX 2000 Ada Generation D6
74417117,NVIDIA RTX 2000 Ada Generation D6 16GB (병행수입),"1,056,000","1,056,000","1,056,000","1,056,000",0,0,0,0,0,0,0,0,0,0,0,0,0,0,0,0,0,0,0,0,0,0,0,0,0,0,V,16GB,병행수입,N IDIA RTX 2000 Ada Generation D6
81061595,NVIDIA RTX 2000 Ada Generation D6 16GB 서린,"2,604,800","2,604,800","2,604,800","2,604,800","2,604,800","2,604,800","2,604,800","2,604,800","2,604,800","2,604,800","2,474,580","2,474,580","2,474,580","2,474,580","2,474,580","2,474,580","2,474,580","2,474,580","2,474,580","2,474,580","2,474,580","2,474,580","2,474,580","2,474,580","2,474,580","2,474,580","2,474,580","2,474,580","2,474,580","2,474,580",V,16GB,0,N IDIA RTX 2000 Ada Generation D6 서린
49002824,NVIDIA RTX 4000 Ada Generation D6 20GB,"2,160,000","2,160,000","2,160,000","2,160,000","2,160,000","2,160,000","2,160,000","2,190,000","2,190,000","2,190,000","2,190,000","2,190,000","2,249,960","2,249,960","2,249,960","2,249,960","2,249,960","2,249,960","2,249,960","2,250,000","2,250,000","2,250,000","2,250,000","2,250,000","2,250,000","2,250,000","2,250,000","2,250,000","2,250,000","2,250,000",V,20GB,0,N IDIA RTX 4000 Ada Generation D6
57293591,NVIDIA RTX 4000 Ada Generation D6 20GB (병행수입),"2,112,700","2,112,700","2,112,700","2,112,700","2,112,700","2,112,700","2,112,700",0,0,0,0,0,"2,112,700","2,112,700","2,112,700","2,112,700","2,112,700","2,112,700","2,112,700","2,112,700","2,112,700","2,112,700","2,112,700","2,112,700","2,112,700","2,112,700","2,112,700","2,112,700",0,0,V,20GB,병행수입,N IDIA RTX 4000 Ada Generation D6
81061718,NVIDIA RTX 4000 Ada Generation D6 20GB 서린,"9,963,070","9,794,770","9,794,770","9,794,770","9,794,770","9,794,770","9,794,770","9,794,770","9,794,770","9,794,770","9,683,140","9,683,140","9,683,140","9,683,140","9,683,140","9,683,140","9,683,140","9,683,140","9,683,140","9,683,140","9,683,140","9,683,140","9,683,140","9,683,140","9,683,140","9,683,140","9,683,140","9,683,140","9,683,140","9,683,140",V,20GB,0,N IDIA RTX 4000 Ada Generation D6 서린
20807324,NVIDIA RTX 4000 SFF Ada Generation D6 20GB,"2,180,000","2,180,000","2,180,000","2,180,000","2,180,000","2,180,000",0,0,0,0,0,0,0,0,0,0,0,0,0,0,0,0,0,0,0,0,0,0,0,0,V,20GB,0,N IDIA RTX 4000 SFF Ada Generation D6
48395846,NVIDIA RTX 4500 Ada Generation D6 24GB,"3,927,000","3,927,000","3,927,000","3,927,000","3,927,000","3,927,000","3,927,000","3,982,000","3,982,000","3,982,000","3,982,000","3,982,000","4,092,000","4,092,000","4,092,000","4,092,000","4,092,000","4,092,000","4,092,000","4,092,000","4,092,000","4,092,000","4,092,000","4,092,000","4,092,000","4,091,990","4,091,990","4,091,990","4,091,990","4,091,990",V,24GB,0,N IDIA RTX 4500 Ada Generation D6
34816172,NVIDIA RTX 5000 Ada Generation D6 32GB,"6,819,990","6,819,990","6,819,990","6,819,990","6,819,990","6,819,990","6,819,990","6,820,000","6,820,000","6,820,000","7,105,990","7,105,990","7,105,990","7,105,990","7,105,990","7,105,990","7,105,990","7,105,990","7,105,990","7,105,990","7,105,990","7,105,990","7,105,990","7,105,990","7,105,990","7,105,940","7,105,910","7,105,780","7,105,760","7,105,760",V,32GB,0,N IDIA RTX 5000 Ada Generation D6
34848809,NVIDIA RTX 5000 Ada Generation D6 32GB (병행수입),"6,429,990","6,429,990","6,429,990","6,429,990","6,429,990","6,429,990","6,429,990","6,429,990","6,429,990","6,429,990","6,429,990","6,429,990","6,429,990","6,429,990","6,429,990","6,429,990","6,429,990","6,429,990","6,429,990","6,429,990","6,429,990","6,429,990","6,429,990","6,429,990","6,429,990","6,429,940","6,429,900","6,429,780","6,429,670","6,429,550",V,32GB,병행수입,N IDIA RTX 5000 Ada Generation D6
19393388,NVIDIA RTX 6000 Ada Generation D6 48GB,"11,050,000","11,050,000","11,050,000","11,050,000","11,050,000","11,050,000","11,050,000","11,050,000","11,050,000","11,050,000","11,050,000","11,050,000","11,050,000","11,050,000","11,050,000","11,050,000","11,050,000","11,050,000","11,050,000","11,050,000","11,050,000","11,050,000","11,050,000","11,050,000","11,050,000","11,050,000","11,050,000","11,050,000","11,050,000","11,050,000",V,48GB,0,N IDIA RTX 6000 Ada Generation D6
55039700,NVIDIA RTX 6000 Ada Generation D6 48GB (병행수입),"11,049,990","11,049,990","11,049,990","11,049,990","11,049,990","11,049,990","11,019,990","11,019,990","11,019,990","11,020,000","11,020,000","11,020,000","11,020,000","11,020,000","11,020,000","11,020,000","11,020,000","11,020,000","11,020,000","11,020,000","11,020,000","11,020,000","11,020,000","11,020,000","11,020,000","11,020,000","11,020,000","11,020,000","11,020,000","11,020,000",V,48GB,병행수입,N IDIA RTX 6000 Ada Generation D6
81061835,NVIDIA RTX 6000 Ada Generation D6 48GB 서린,"11,622,900","11,622,900","11,622,900","11,622,900","11,622,900","11,622,900","11,790,000","11,790,000","11,790,000","11,790,000","11,790,000","11,790,000","11,790,000","11,790,000","11,790,000","11,790,000","11,790,000","11,790,000","11,790,000","11,790,000","11,790,000","11,790,000","11,790,000","11,790,000","11,790,000","11,790,000","11,790,000","11,790,000","11,790,000","11,790,000",V,48GB,0,N IDIA RTX 6000 Ada Generation D6 서린
81061844,NVIDIA RTX 6000 Ada Generation D6 48GB 서린 (벌크),"10,918,170","10,918,170","10,918,170","10,918,170","10,918,170","10,918,170","10,918,170","10,918,170","10,918,170","10,918,170","10,918,170","10,918,170","10,918,170","10,918,170","10,918,170","10,918,170","10,918,170","10,918,170","10,918,170","10,918,170","10,918,170","10,918,170","10,918,170","10,918,170","10,918,170","10,918,000","10,918,000","10,918,000","10,918,000","10,918,000",V,48GB,벌크,N IDIA RTX 6000 Ada Generation D6 서린
71009864,NVIDIA RTX A1000 D6 8GB,"669,250","669,120","669,990","669,990","680,000","680,000","680,000","680,000","680,000","680,000","680,000","680,000","699,990","699,990","699,990","699,990","699,990","699,990","699,990","699,990","699,990","699,990","699,990","699,990","699,990","699,920","699,800","699,740","699,740","699,740",V,8GB,0,N IDIA RTX A1000 D6
71009948,NVIDIA RTX A400 D6 4GB,"265,000","265,000","265,000","265,000","265,000","267,500","267,500","267,500","267,500","267,500","267,500","267,500","267,500","267,500","267,500","267,500","267,500","267,500","267,500","267,500","267,500","267,500","267,500","267,500","267,500","267,500","267,500","267,500","267,500","267,500",V,4GB,0,N IDIA RTX A400 D6
17744411,NVIDIA RTX A4000 D6 16GB (병행수입),"1,804,990","1,804,990","1,768,900","1,881,000","1,881,000","1,881,000",0,0,0,0,0,0,0,0,0,0,0,0,0,0,0,0,0,0,0,0,0,0,0,0,V,16GB,병행수입,N IDIA RTX A4000 D6
14863025,NVIDIA RTX A5000 D6 24GB,0,0,0,0,0,0,0,"3,300,000","3,300,000","3,300,000","3,300,000","3,300,000","3,300,000","3,600,000","3,600,000","3,600,000","3,600,000","3,600,000","3,600,000",0,0,0,0,0,0,0,0,0,0,0,V,24GB,0,N IDIA RTX A5000 D6
17074907,NVIDIA RTX A5000 D6 24GB (병행수입),"2,919,990","2,919,990","2,920,000","2,920,000","2,998,800","2,998,800",0,0,0,0,0,0,0,0,0,0,0,0,0,"3,201,190","3,201,190","3,201,190","3,201,190","3,201,190","3,201,190",0,0,0,"3,232,990","3,232,990",V,24GB,병행수입,N IDIA RTX A5000 D6
99914171,NVIDIA RTX PRO 2000 Blackwell D7 16GB,0,0,0,0,0,가격비교예정,가격비교예정,가격비교예정,가격비교예정,가격비교예정,가격비교예정,가격비교예정,가격비교예정,가격비교예정,가격비교예정,가격비교예정,가격비교예정,가격비교예정,가격비교예정,가격비교예정,가격비교예정,가격비교예정,가격비교예정,가격비교예정,가격비교예정,가격비교예정,가격비교예정,가격비교예정,가격비교예정,가격비교예정,V,16GB,0,N IDIA RTX PRO 2000 Blackwell D7
99914468,NVIDIA RTX PRO 4000 Blackwell D7 24GB,0,0,0,0,0,가격비교예정,가격비교예정,가격비교예정,가격비교예정,가격비교예정,가격비교예정,가격비교예정,가격비교예정,가격비교예정,가격비교예정,가격비교예정,가격비교예정,가격비교예정,가격비교예정,가격비교예정,가격비교예정,가격비교예정,가격비교예정,"2,643,700","2,640,000","2,640,000","2,640,000","2,640,000","2,640,000","2,640,000",V,24GB,0,N IDIA RTX PRO 4000 Blackwell D7
101015066,NVIDIA RTX PRO 4000 Blackwell D7 24GB (병행수입),0,0,0,0,0,0,0,0,0,0,0,0,0,0,0,0,0,0,0,0,0,0,0,0,"2,470,000","2,449,990","2,449,990","2,449,990","2,350,000","2,350,000",V,24GB,병행수입,N IDIA RTX PRO 4000 Blackwell D7
99914681,NVIDIA RTX PRO 4500 Blackwell D7 32GB,0,0,0,0,0,가격비교예정,가격비교예정,가격비교예정,가격비교예정,가격비교예정,가격비교예정,가격비교예정,가격비교예정,가격비교예정,가격비교예정,가격비교예정,가격비교예정,가격비교예정,가격비교예정,가격비교예정,가격비교예정,가격비교예정,가격비교예정,가격비교예정,가격비교예정,가격비교예정,가격비교예정,가격비교예정,가격비교예정,가격비교예정,V,32GB,0,N IDIA RTX PRO 4500 Blackwell D7
99914777,NVIDIA RTX PRO 5000 Blackwell D7 48GB,0,0,0,0,0,가격비교예정,가격비교예정,가격비교예정,가격비교예정,가격비교예정,가격비교예정,가격비교예정,가격비교예정,가격비교예정,가격비교예정,가격비교예정,가격비교예정,가격비교예정,가격비교예정,가격비교예정,가격비교예정,가격비교예정,가격비교예정,가격비교예정,"6,980,000","6,980,000","6,980,000","6,980,000","6,980,000","6,980,000",V,48GB,0,N IDIA RTX PRO 5000 Blackwell D7
93444932,NVIDIA RTX PRO 5000 Blackwell D7 48GB (병행수입),0,0,0,0,0,0,0,0,0,0,0,0,0,0,0,0,"6,989,460",0,0,0,0,0,0,0,0,0,0,0,0,0,V,48GB,병행수입,N IDIA RTX PRO 5000 Blackwell D7
94640462,NVIDIA RTX PRO 6000 Blackwell MAX-Q 워크스테이션 에디션 D7 96GB,"13,089,990","13,089,990","12,828,200","12,959,100","14,274,200","14,520,000","14,520,000","14,519,990","14,519,990","14,519,990","14,519,990","13,020,000","13,020,000","13,020,000","13,020,000","13,020,000","13,020,000","13,020,000","14,408,210","14,408,210","14,408,210","14,408,210","14,408,210","14,408,210","14,408,210","14,408,210","14,408,210","14,408,210","14,408,210","14,408,210",V,96GB,0,N IDIA RTX PRO 6000 Blackwell MAX-Q 워크스테이션 에디션 D7
94083287,NVIDIA RTX PRO 6000 Blackwell MAX-Q 워크스테이션 에디션 D7 96GB (병행수입),0,0,0,0,0,"12,919,490","12,919,490","12,919,490","12,919,490","12,919,490","12,919,490","12,919,470","12,919,360","12,919,250","12,919,130","12,919,000","12,918,920","13,020,000","13,020,000","13,020,000","13,020,000","13,020,000","13,020,000","13,019,960","13,020,000","13,170,000","13,170,000","13,170,000","13,170,000","13,170,000",V,96GB,병행수입,N IDIA RTX PRO 6000 Blackwell MAX-Q 워크스테이션 에디션 D7
95851517,NVIDIA RTX PRO 6000 Blackwell MAX-Q 워크스테이션 에디션 D7 96GB 서린,"14,140,000","14,140,000","14,140,000","14,140,000","14,140,000","14,140,000","14,140,000","14,140,000","14,140,000","14,140,000","13,850,000","13,850,000","13,850,000","13,850,000","13,850,000","13,850,000","13,850,000","13,850,000","13,850,000","13,850,000","13,850,000","13,850,000","13,850,000","13,850,000","13,850,000","13,850,000","13,850,000","13,850,000","13,850,000","13,850,000",V,96GB,0,N IDIA RTX PRO 6000 Blackwell MAX-Q 워크스테이션 에디션 D7 서린
95851520,NVIDIA RTX PRO 6000 Blackwell MAX-Q 워크스테이션 에디션 D7 96GB 서린 (벌크),"13,600,000","13,600,000","13,600,000","13,600,000","13,600,000","13,600,000","13,600,000","13,600,000","13,600,000","13,600,000","13,600,000","13,600,000","13,600,000","13,600,000","13,600,000","13,600,000","13,600,000","13,600,000","13,605,990","13,605,990","13,605,990","13,605,990","13,605,990","13,605,990","13,605,990","13,605,990","13,605,990","13,605,990","13,605,990","13,605,990",V,96GB,벌크,N IDIA RTX PRO 6000 Blackwell MAX-Q 워크스테이션 에디션 D7 서린
94083122,NVIDIA RTX PRO 6000 Blackwell 서버 에디션 D7 96GB (병행수입),0,0,0,0,0,0,0,0,0,0,0,0,0,0,0,0,0,"13,170,000",0,0,0,0,0,0,0,0,"13,460,000","13,460,000","13,460,000","13,460,000",V,96GB,병행수입,N IDIA RTX PRO 6000 Blackwell 서버 에디션 D7
94083011,NVIDIA RTX PRO 6000 Blackwell 서버 에디션 D7 96GB 서린 (벌크),"13,950,000","13,950,000","13,950,000","13,950,000","13,950,000","13,950,000","13,950,000","13,950,000","13,950,000","13,950,000","13,950,000","13,950,000","13,950,000","13,950,000","13,950,000","13,950,000","13,950,000","13,950,000","13,950,000","13,950,000","13,950,000","13,950,000","13,950,000","13,950,000","13,950,000","13,950,000","13,950,000","13,950,000","13,950,000","13,950,000",V,96GB,벌크,N IDIA RTX PRO 6000 Blackwell 서버 에디션 D7 서린
94640297,NVIDIA RTX PRO 6000 Blackwell 워크스테이션 에디션 D7 96GB,"16,059,000","16,059,000","16,059,000",0,0,"16,059,000","16,059,000","14,544,400","14,544,400",0,0,0,0,0,0,0,0,0,0,0,0,0,0,0,0,0,0,0,0,0,V,96GB,0,N IDIA RTX PRO 6000 Blackwell 워크스테이션 에디션 D7
94083197,NVIDIA RTX PRO 6000 Blackwell 워크스테이션 에디션 D7 96GB (병행수입),"12,990,000","12,990,000","12,990,000","12,990,000","12,990,000","12,990,000","12,990,000","13,070,000","13,069,990","13,069,990","13,069,990","13,069,990","13,069,990","13,069,990","13,069,990","13,069,990","13,070,000","13,070,000","13,070,000","13,070,000","13,070,000","13,070,000","13,070,000","13,300,000","13,300,000","13,129,990","13,129,860","13,129,800","13,129,800","13,129,800",V,96GB,병행수입,N IDIA RTX PRO 6000 Blackwell 워크스테이션 에디션 D7
97702502,NVIDIA RTX PRO 6000 Blackwell 워크스테이션 에디션 D7 96GB 서린,"14,140,000","14,140,000","14,140,000","14,140,000","14,140,000","14,076,230","14,076,230","14,076,230","14,076,230","14,076,230","14,076,230","14,076,230","14,076,230","14,076,230","14,076,230","14,076,230","14,076,230","14,076,230","14,140,000","14,140,000","14,140,000","14,140,000","14,140,000","14,140,000","14,140,000","14,140,000","14,140,000","14,140,000","14,140,000","14,140,000",V,96GB,0,N IDIA RTX PRO 6000 Blackwell 워크스테이션 에디션 D7 서린
97702526,NVIDIA RTX PRO 6000 Blackwell 워크스테이션 에디션 D7 96GB 서린 (벌크),"13,512,700","13,512,700","13,512,700","13,538,260","13,538,260","13,600,000","13,600,000","13,600,000","13,600,000","13,600,000","14,140,000","14,140,000","14,140,000","13,600,000","13,600,000","13,600,000","13,600,000","13,737,350","13,737,350","13,737,350","13,737,350","13,737,350","13,737,350","13,737,350","13,737,350","13,737,350","13,737,350","13,737,350","13,737,350","13,737,350",V,96GB,벌크,N IDIA RTX PRO 6000 Blackwell 워크스테이션 에디션 D7 서린
16380443,NVIDIA T1000 D6 8GB,"580,000","580,000","580,000","580,000","580,000","580,000","580,000","580,000","580,000","580,000",0,"580,000","580,000","580,000","580,000","580,000","580,000","580,000",0,0,0,0,0,0,0,0,0,0,0,0,V,8GB,0,N IDIA T1000 D6
17747588,NVIDIA T400 D6 4GB (병행수입),"253,000","253,000","253,000","253,000","300,000",0,0,0,0,0,0,0,0,0,0,0,0,0,0,0,0,0,0,0,0,0,0,0,0,0,V,4GB,병행수입,N IDIA T400 D6
5041433,NVIDIA 쿼드로 P2000 D5 5GB ABKO,"529,420","529,420","529,420","529,420","529,420","529,420","502,950","502,950","502,950","502,950","502,950","502,950","502,950","502,950","502,950","502,950","502,950","502,950","502,950","502,950","502,950","502,950","502,950","502,950","502,950","502,950","502,950","502,950","502,950","502,950",V,5GB,0,N IDIA 쿼드로 P2000 D5 ABKO
6839308,NVIDIA 쿼드로 RTX 6000 D6 24GB,"922,826","922,826","922,826","922,826","922,826","922,826","922,826","922,826","922,826","922,826","959,000","959,000","959,000","959,000","959,000","959,000","959,000","959,000","959,000","959,000","959,000","959,000","959,000","959,000","959,000","959,000","959,000","959,000","959,000","959,000",V,24GB,0,N IDIA 쿼드로 RTX 6000 D6
12820505,NVIDIA 쿼드로 Sync II,"1,320,000","1,320,000","1,320,000","1,355,315","1,360,000","1,360,000","1,360,000","1,360,000","1,360,000","1,360,000","1,360,000","1,360,000","1,360,000","1,360,000","1,360,000","1,360,000","1,360,000","1,360,000","1,360,000","1,360,000","1,360,000","1,360,000","1,360,000","1,360,000","1,360,000","1,360,000","1,360,000","1,300,000","1,300,000","1,300,000",V,0,0,N IDIA 쿼드로 Sync II
77314562,ONE-NETBOOK ONE X GPU 2 RX 7800M (해외구매),0,0,0,0,0,0,0,0,0,0,0,"1,219,990","1,219,990","1,219,990","1,219,990","1,219,990","1,219,990",0,0,0,0,0,0,0,0,0,0,0,0,0,ONE X GPU,0,해외구매,ONE-NETBOOK 2 RX 7800M
97780238,PALIT 지포스 RTX 3050 STORM X D6 6GB 이엠텍,"238,220","246,700","246,680","247,080","247,080","247,060","247,020","247,020","247,020","247,020","246,990","246,940","246,920","246,880","246,860","246,840","246,840","246,760","246,760","246,680","246,560","246,420","246,400","246,380","246,360","246,220","246,170","246,100","246,040","246,020",RTX,6GB,0,PALIT 지포스 3050 STORM X D6 이엠텍
93381587,PALIT 지포스 RTX 5050 DUAL D6 8GB 이엠텍,"364,130","364,130","364,130","364,130","364,130","364,130","364,130","378,200","378,190","378,190","378,190","378,150","378,130","378,080","378,060","378,040","378,040","377,960","377,960","377,880","377,760","377,620","377,600","377,580","377,560","377,420","377,370","377,300","377,240","377,220",RTX 5050,8GB,0,PALIT 지포스 DUAL D6 이엠텍
94695290,PALIT 지포스 RTX 5050 STORM X D6 8GB 이엠텍,"357,608","357,608","357,608","357,608","357,608","357,608","357,608","378,200","378,190","378,190","378,190","378,140","378,120","378,080","378,060","378,040","378,040","377,960","377,960","377,880","377,760","377,620","377,600","377,580","377,560","377,420","377,360","377,300","377,240","377,220",RTX 5050,8GB,0,PALIT 지포스 STORM X D6 이엠텍
90887900,PALIT 지포스 RTX 5060 DUAL D7 8GB 이엠텍,"433,695","433,695","433,695","433,695","433,695","433,695","433,695","469,000","469,000","453,000","453,000","453,000","453,000","453,000","453,000","453,000","453,000","453,000","453,000","439,410","439,410","439,410","439,410","439,410","439,410",0,0,"439,410","439,410","439,410",RTX 5060,8GB,0,PALIT 지포스 DUAL D7 이엠텍
90887879,PALIT 지포스 RTX 5060 DUAL OC D7 8GB 이엠텍,"433,695","433,695","433,695","433,695","433,695","433,695","433,695","433,690","447,920","447,920","447,860","447,780","447,700","447,660","447,640","447,620","447,620","447,540","447,540","447,460","447,340","447,200","447,170","447,150","447,120","446,980","446,920","442,610","442,580","442,490",RTX 5060,8GB,0,PALIT 지포스 DUAL OC D7 이엠텍
90889475,PALIT 지포스 RTX 5060 INFINITY 3 D7 8GB 이엠텍,"444,800","455,434","455,434","455,434","455,434","455,434","455,434","466,480","466,480","466,480","466,450","466,400","466,380","466,340","466,320","466,300","466,300","466,220","466,220","466,140","466,020","465,880","465,860","465,840","465,820","465,680","465,620","465,560","465,490","465,460",RTX 5060,8GB,0,PALIT 지포스 INFINITY 3 D7 이엠텍
90889442,PALIT 지포스 RTX 5060 INFINITY 3 OC D7 8GB 이엠텍,"450,450","466,300","466,300","466,300","466,300","466,300","466,300","466,300","476,200","476,200","476,180","476,120","476,100","476,060","476,040","476,020","476,020","475,940","475,940","475,850","475,740","475,600","475,580","475,560","475,540","475,400","475,340","475,280","475,210","475,180",RTX 5060,8GB,0,PALIT 지포스 INFINITY 3 OC D7 이엠텍
89732453,PALIT 지포스 RTX 5060 Ti DUAL D7 8GB 이엠텍,"559,590","559,590","564,980","570,970","575,180","582,990","587,990","587,990","587,990","587,990","587,990","587,980","587,990","587,990","587,940","587,810","587,700","587,610","587,580","587,470","587,460","587,460","587,460","587,460","587,460","587,410","587,380","586,800","586,790","586,790",RTX 5060,8GB,0,PALIT 지포스 Ti DUAL D7 이엠텍
90642689,PALIT 지포스 RTX 5060 Ti DUAL OC D7 8GB 이엠텍,"565,180","565,020","564,940","564,920","564,920","564,920","564,880","564,880","564,880","564,880","564,850","564,800","564,780","564,760","564,740","564,720","564,720","564,640","564,640","564,560","564,440","564,300","564,280","564,260","564,240","564,100","577,920","577,920","577,920","577,920",RTX 5060,8GB,0,PALIT 지포스 Ti DUAL OC D7 이엠텍
81037490,PALIT 지포스 RTX 5060 Ti INFINITY 3 D7 16GB 이엠텍,"674,990","674,990","674,990","674,990","674,990","674,990","674,990","674,990","682,150","682,150","682,120","682,060","682,040","682,000","681,980","681,960","681,960","681,880","681,880","681,800","681,680","681,540","681,520","681,500","681,480","681,360","681,300","681,240","681,170","681,140",RTX 5060,16GB,0,PALIT 지포스 Ti INFINITY 3 D7 이엠텍
89732444,PALIT 지포스 RTX 5060 Ti INFINITY 3 D7 8GB 이엠텍,"574,990","574,990","573,980","573,960","573,960","573,960","573,920","573,920","573,920","573,920","573,890","573,840","573,820","573,780","573,760","573,740","573,740","573,660","573,660","573,580","573,460","573,300","573,300","573,300","573,280","573,140","573,080","573,020","572,950","572,920",RTX 5060,8GB,0,PALIT 지포스 Ti INFINITY 3 D7 이엠텍
81037463,PALIT 지포스 RTX 5060 Ti INFINITY 3 OC D7 16GB 이엠텍,"683,540","683,540","695,740","695,720","695,720","695,720","695,710","695,720","695,720","695,710","695,680","695,660","695,660","695,640","695,640","712,420","712,390","712,330","712,210","712,360","712,360","712,480","712,480","712,480","712,480","712,460","716,980","716,980","716,960","716,960",RTX 5060,16GB,0,PALIT 지포스 Ti INFINITY 3 OC D7 이엠텍
90578306,PALIT 지포스 RTX 5060 Ti INFINITY 3 OC D7 8GB 이엠텍,"585,860","585,860","585,860","585,860","585,860","585,860","585,860","585,860","601,700","601,700","601,660","601,600","601,580","601,540","601,520","601,500","601,500","601,420","601,420","601,340","601,220","601,080","601,050","601,030","601,010","600,860","600,810","593,040","593,010","592,890",RTX 5060,8GB,0,PALIT 지포스 Ti INFINITY 3 OC D7 이엠텍
96366407,PALIT 지포스 RTX 5060 Ti WHITE OC D7 16GB 이엠텍,"663,400","676,700","676,700","678,990","678,990","678,990","678,990","678,990","678,990","688,410","688,370","688,350","688,350","688,330","688,320","698,850","698,850","698,790","698,780","698,700","698,590","698,440","698,420","698,400","698,380","698,240","698,190","698,120","698,060","698,040",RTX 5060,16GB,0,PALIT 지포스 Ti WHITE OC D7 이엠텍
94695566,PALIT 지포스 RTX 5060 WHITE OC D7 8GB 이엠텍,"444,565","444,565","444,565","444,565","444,565","444,565","444,565","459,330","458,980","458,900","457,660","457,620","457,600","457,560","457,540","457,520","457,520","457,440","457,440","457,360","457,240","457,100","457,080","457,060","457,040","456,900","456,840","456,780","456,710","456,680",RTX 5060,8GB,0,PALIT 지포스 WHITE OC D7 이엠텍
77312165,PALIT 지포스 RTX 5070 GAMINGPRO D7 12GB 이엠텍,"898,990","898,990","898,990","898,990","898,990","898,990","898,990","898,990","924,680","924,680","924,670","924,620","924,600","924,560","924,540","924,520","924,520","924,440","924,440","924,360","924,240","924,100","924,070","924,050","924,030","923,900","923,840","920,600","920,530","920,500",RTX 5070,12GB,0,PALIT 지포스 GAMINGPRO D7 이엠텍
77312015,PALIT 지포스 RTX 5070 GAMINGPRO OC D7 12GB 이엠텍,"894,120","928,990","928,990","928,990","928,990","928,990","928,990","928,990","950,320","950,320","950,290","950,240","950,220","950,180","950,160","950,140","950,140","950,060","950,060","949,980","949,860","949,720","949,700","949,680","949,660","949,520","949,460","949,400","949,330","949,300",RTX 5070,12GB,0,PALIT 지포스 GAMINGPRO OC D7 이엠텍
91769021,PALIT 지포스 RTX 5070 GAMINGPRO-S D7 12GB 이엠텍,"878,990","878,990","878,990","878,990","878,990","878,990","878,990","878,990","898,910","895,000","895,000","894,960","894,940","894,900","894,880","894,860","894,860","894,780","894,780","894,700","894,580","894,440","894,420","894,400","894,380","894,250","894,190","894,130","894,060","894,040",RTX 5070,12GB,0,PALIT 지포스 GAMINGPRO-S D7 이엠텍
79402577,PALIT 지포스 RTX 5070 INFINITY 3 D7 12GB 이엠텍,"828,990","828,990","828,990","828,990","828,990","828,990","828,990","828,990","828,990","841,040","841,010","839,000","835,000","834,960","834,940","834,920","834,920","834,840","834,840","834,740","834,620","834,480","834,460","834,440","834,420","834,280","834,220","834,160","834,090","834,060",RTX 5070,12GB,0,PALIT 지포스 INFINITY 3 D7 이엠텍
77209067,PALIT 지포스 RTX 5070 Ti GAMEROCK D7 16GB 이엠텍,"1,467,290","1,467,290","1,469,000","1,475,560","1,520,990","1,870,000","1,870,000","1,870,000","1,870,000","1,870,000","1,870,000","1,870,000","1,870,000","1,870,000","1,870,000","1,870,000","1,870,000","1,870,000","1,800,000","1,800,000","1,800,000","1,800,000","1,800,000","1,800,000","1,800,000","1,800,000","1,800,000","1,661,550","1,661,550","1,661,550",RTX 5070 Ti,16GB,0,PALIT 지포스 GAMEROCK D7 이엠텍
76465739,PALIT 지포스 RTX 5070 Ti GAMEROCK OC D7 16GB 이엠텍,"2,000,000","2,000,000","2,000,000","2,000,000","2,000,000","2,000,000","2,000,000","2,000,000","2,000,000","2,000,000","2,000,000","2,000,000","2,000,000","2,000,000","2,000,000","2,000,000","2,000,000","2,000,000","1,950,000","1,950,000","1,950,000","1,950,000","1,950,000","1,828,330","1,828,330","1,828,330","1,828,330","1,828,330","1,828,330","1,828,330",RTX 5070 Ti,16GB,0,PALIT 지포스 GAMEROCK OC D7 이엠텍
76465952,PALIT 지포스 RTX 5070 Ti GAMINGPRO D7 16GB 이엠텍,"1,239,000","1,239,000","1,239,000","1,239,000","1,239,000","1,239,000","1,239,000","1,283,940","1,283,940","1,283,940","1,283,910","1,283,860","1,283,840","1,283,800","1,283,780","1,283,760","1,283,760","1,283,680","1,283,680","1,283,600","1,283,480","1,283,340","1,283,320","1,283,300","1,283,280","1,283,150","1,283,090","1,282,130","1,282,050","1,282,020",RTX 5070 Ti,16GB,0,PALIT 지포스 GAMINGPRO D7 이엠텍
76465883,PALIT 지포스 RTX 5070 Ti GAMINGPRO OC D7 16GB 이엠텍,"1,339,830","1,339,820","1,339,820","1,366,960","1,366,960","1,366,940","1,366,900","1,366,900","1,366,900","1,366,900","1,366,870","1,366,820","1,366,800","1,366,760","1,366,740","1,366,720","1,366,720","1,366,640","1,366,640","1,366,500","1,366,400","1,366,260","1,366,240","1,366,220","1,366,200","1,366,060","1,366,000","1,365,940","1,365,880","1,365,860",RTX 5070 Ti,16GB,0,PALIT 지포스 GAMINGPRO OC D7 이엠텍
91768979,PALIT 지포스 RTX 5070 Ti GAMINGPRO-S D7 16GB 이엠텍,"1,248,990","1,248,990","1,248,990","1,248,990","1,248,990","1,248,990","1,248,990","1,248,990","1,281,120","1,281,120","1,281,090","1,281,040","1,281,020","1,280,980","1,280,960","1,280,940","1,280,940","1,280,860","1,280,860","1,280,760","1,279,980","1,278,960","1,278,940","1,278,920","1,278,900","1,277,990","1,277,920","1,257,800","1,257,770","1,257,650",RTX 5070 Ti,16GB,0,PALIT 지포스 GAMINGPRO-S D7 이엠텍
96579917,PALIT 지포스 RTX 5070 WHITE OC D7 12GB 이엠텍,"852,190","852,180","852,180","874,990","862,890","862,890","862,890","862,890","874,910","874,910","874,890","874,840","874,820","874,790","874,770","874,750","874,750","874,670","874,670","874,560","874,440","874,300","874,280","874,260","874,240","874,100","874,040","873,980","873,920","873,900",RTX 5070,12GB,0,PALIT 지포스 WHITE OC D7 이엠텍
75184247,PALIT 지포스 RTX 5080 GAMEROCK D7 16GB 이엠텍,"1,840,650","1,840,640","1,840,640","1,888,990","1,888,990","1,888,990","1,888,990","1,888,990","1,889,990","1,889,990","1,889,990","1,889,990","1,889,990","1,889,990","1,889,990","1,889,990","1,889,990","1,889,990","1,889,990","1,889,990","1,889,990","1,889,990","1,889,990","1,889,990","1,889,990","1,927,960","1,927,840","1,927,720","1,927,600","1,927,480",RTX 5080,16GB,0,PALIT 지포스 GAMEROCK D7 이엠텍
75184244,PALIT 지포스 RTX 5080 GAMEROCK OC D7 16GB 이엠텍,"1,815,360","1,888,990","1,888,990","1,888,990","1,888,990","1,888,990","1,888,990","1,888,990","1,888,990","1,888,900","1,919,800","1,919,760","1,919,740","1,919,700","1,919,680","1,919,660","1,919,660","1,919,570","1,919,570","1,919,480","1,919,360","1,919,220","1,919,200","1,919,180","1,919,160","1,918,990","1,917,960","1,897,190","1,897,160","1,897,040",RTX 5080,16GB,0,PALIT 지포스 GAMEROCK OC D7 이엠텍
75184250,PALIT 지포스 RTX 5080 GAMINGPRO D7 16GB 이엠텍,"1,708,990","1,708,990","1,708,990","1,708,990","1,708,990","1,708,990","1,708,990","1,708,990","1,744,380","1,744,380","1,744,370","1,744,330","1,744,310","1,744,260","1,744,240","1,744,220","1,744,220","1,744,140","1,744,140","1,744,000","1,743,910","1,743,760","1,743,740","1,743,720","1,743,700","1,742,990","1,739,980","1,725,050","1,725,020","1,724,900",RTX 5080,16GB,0,PALIT 지포스 GAMINGPRO D7 이엠텍
75376490,PALIT 지포스 RTX 5090 GAMEROCK D7 32GB 이엠텍,"4,558,890","4,558,850","4,558,990","4,558,990","4,558,990","4,558,990","4,558,990","4,558,990","4,558,990","4,558,990","4,558,990","4,628,510","4,724,000","5,636,710","4,799,000","4,798,990","4,798,990","4,678,990","4,678,990","4,599,000","5,636,720","5,636,700","5,636,700","4,570,000","4,121,500","4,448,370","4,421,000","4,421,000","4,421,000","4,421,000",RTX 5090,32GB,0,PALIT 지포스 GAMEROCK D7 이엠텍
75184256,PALIT 지포스 RTX 5090 GAMEROCK OC D7 32GB 이엠텍,"4,557,880","4,557,880","4,513,880","4,559,940","4,559,940","4,559,940","4,559,940","4,559,940","4,559,940","4,559,940","4,559,940","5,308,070","5,373,000","5,373,000","5,373,000","5,373,000","5,373,000","5,373,000","5,373,000","5,373,000","5,373,000","5,373,000","5,373,000","5,373,000","5,373,000","5,373,000","5,373,000","5,373,000","5,308,070","5,308,070",RTX 5090,32GB,0,PALIT 지포스 GAMEROCK OC D7 이엠텍
67509800,PNY XLR8 지포스 RTX 4060 Ti VERTO Gaming OC 8GB Dual 한성컴퓨터,"587,020","587,020","587,020","587,020","587,020","587,020","587,020","587,020","587,020","587,020","587,020","587,020","587,020","587,020","587,020","587,020","587,020","587,020","587,020","599,000","599,000","599,000","599,000","599,000","599,000","599,000","599,000","599,000","599,000","599,000",RTX 4060,8GB,0,PNY XLR8 지포스 Ti VERTO Gaming OC Dual 한성컴퓨터
53521502,PNY 지포스 RTX 3050 VERTO D6 6GB Dual 제이씨현,"259,840","259,840","259,840","259,840","259,840","258,830","258,810","257,990","257,990","257,990","257,990","257,990","257,990","257,990","257,990","257,990","257,990","257,990","257,990","257,990","257,970","257,950","257,950","257,930","257,930","257,930","257,930","257,930","257,910","257,910",RTX,6GB,0,PNY 지포스 3050 VERTO D6 Dual 제이씨현
67509479,PNY 지포스 RTX 3050 VERTO D6 6GB Dual 한성컴퓨터,"254,430","254,430","254,430","254,430","251,680","251,670","251,650","251,650","251,650","251,650","251,650","251,650","251,650","251,650","251,640","251,640","251,640","251,620","251,620","251,620","251,600","251,580","251,580","251,560","251,560","251,560","251,560","251,560","251,550","251,540",RTX,6GB,0,PNY 지포스 3050 VERTO D6 Dual 한성컴퓨터
80164400,PNY 지포스 RTX 4070 SUPER VERTO OC D6X 12GB DF STCOM,"946,890","946,890","946,890","946,780","946,780","946,650","946,570","946,490","946,480","946,480","945,830","945,750","945,740","945,590","945,510","945,500","945,500","945,270","945,180","945,160","945,170","945,170","945,170","945,170","945,160","945,030","944,920","944,800","944,720","944,600",RTX 4070 SUPER,12GB,0,PNY 지포스 VERTO OC D6X DF STCOM
32492576,PNY 지포스 RTX 4070 SUPER VERTO OC D6X 12GB DF 제이씨현,"1,289,990","1,289,990","1,289,990","1,289,990","1,289,990","1,289,990","1,259,990","1,259,990","1,259,990","1,259,990","1,259,990","1,259,990","1,259,990","1,259,990","1,259,990","1,259,990","1,259,990","1,259,990","1,259,990","1,259,990","1,259,990","1,259,990","1,259,990","1,259,990","1,259,990","1,259,990","1,259,990","1,259,990","1,259,990","1,259,990",RTX 4070 SUPER,12GB,0,PNY 지포스 VERTO OC D6X DF 제이씨현
98412050,PNY 지포스 RTX 5050 D6 8GB Dual Fan 제이씨현,"394,480","394,470","394,170","394,470","394,470","394,480","394,480","398,990","398,990","398,990","398,990","398,990","398,990","398,990","398,990","398,990","398,990","399,000","399,000","399,000","399,000","399,000","399,000","399,000","399,000","399,000","399,000","399,000","399,000","399,000",RTX 5050,8GB,0,PNY 지포스 D6 Dual Fan 제이씨현
92546348,PNY 지포스 RTX 5060 EPIC-X RGB OC D7 8GB Triple Fan STCOM,"501,470","501,470","501,470","501,470","501,470","501,470","501,450","501,450","501,450","501,450","501,450","501,450","501,450","501,450","501,450","501,450","501,450","501,430","501,430","501,430","501,410","501,390","501,390","501,380","528,000","528,000","528,000","528,000","528,000","528,000",RTX 5060,8GB,0,PNY 지포스 EPIC-X RGB OC D7 Triple Fan STCOM
90887702,PNY 지포스 RTX 5060 OC D7 8GB Dual Fan STCOM,"442,470","442,470","442,470","442,470","442,470","442,460","442,440","442,440","442,440","442,440","442,440","442,440","442,440","442,440","442,450","442,450","442,450","445,000","445,000","445,000","450,000","448,940","448,810","448,700","448,700","466,450","466,420","466,300","466,240","466,230",RTX 5060,8GB,0,PNY 지포스 OC D7 Dual Fan STCOM
92971433,PNY 지포스 RTX 5060 OC D7 8GB Dual Fan 제이씨현,"444,950","439,410","439,410","447,670","450,150","450,160","450,150","450,150","450,150","450,150","450,150","450,150","450,150","450,150","449,547","449,630","450,150","450,150","450,150","450,150","450,150","450,150","450,150","450,140","468,000","468,000","477,990","477,990","477,980","477,980",RTX 5060,8GB,0,PNY 지포스 OC D7 Dual Fan 제이씨현
99711974,PNY 지포스 RTX 5060 OC D7 8GB Dual Fan 한성컴퓨터,"469,000","469,000","469,000","469,000","469,000","469,000","469,000","469,000","469,000","469,000","469,000","469,000","469,000","469,000","469,000","469,000","469,000","469,000","469,000","469,000","469,000","469,000","469,000","469,000","469,000","469,000","469,000","469,000","469,000","469,000",RTX 5060,8GB,0,PNY 지포스 OC D7 Dual Fan 한성컴퓨터
95206559,PNY 지포스 RTX 5060 Ti D7 8GB Dual Fan 제이씨현,"551,190","551,190","551,190","551,190","551,190","551,200","551,200","551,190","551,190","551,200","551,200","570,490","570,490","570,490","570,490","570,490","570,490","570,490","570,490","570,490","574,000","574,000","574,000","574,000","574,000","574,000","574,000","574,000","574,000","574,000",RTX 5060,8GB,0,PNY 지포스 Ti D7 Dual Fan 제이씨현
92046968,PNY 지포스 RTX 5060 Ti EPIC-X RGB OC D7 16GB Triple Fan STCOM,"734,970","734,970","734,970","734,970","734,970","734,970","734,970","734,970","736,880","736,880","736,880","736,880","736,880","736,880","736,880","736,880","736,880","736,860","736,860","736,860","736,840","736,820","736,820","736,800","736,800","736,800","736,800","736,800","736,780","736,780",RTX 5060,16GB,0,PNY 지포스 Ti EPIC-X RGB OC D7 Triple Fan STCOM
92046974,PNY 지포스 RTX 5060 Ti EPIC-X RGB OC D7 8GB Triple Fan STCOM,"622,710","622,640","622,560","622,480","622,400","622,330","622,250","622,730","622,730","622,730","622,730","622,730","622,730","622,730","622,730","622,730","622,730","622,710","622,710","622,710","622,690","622,670","622,670","622,650","622,650","622,650","622,650","622,650","622,630","622,630",RTX 5060,8GB,0,PNY 지포스 Ti EPIC-X RGB OC D7 Triple Fan STCOM
87687467,PNY 지포스 RTX 5060 Ti OC D7 16GB Dual Fan STCOM,"654,200","654,200","654,200","654,200","654,190","654,180","654,160","654,160","654,160","654,160","654,140","654,140","654,140","654,120","654,120","654,120","654,120","654,100","654,100","654,100","654,080","654,060","654,060","654,040","677,000","676,900","676,900","676,900","676,000","676,000",RTX 5060,16GB,0,PNY 지포스 Ti OC D7 Dual Fan STCOM
98783174,PNY 지포스 RTX 5060 Ti OC D7 16GB Dual Fan 제이씨현,"675,160","675,160","675,150","675,150","675,150","675,150","675,130","675,130","674,990","674,990","674,990","674,990","674,990","674,990","674,990","674,990","674,990","674,970","665,000","665,000","665,000","664,990","664,990","664,980","664,980","664,980","664,980","664,980","664,980","664,980",RTX 5060,16GB,0,PNY 지포스 Ti OC D7 Dual Fan 제이씨현
93385994,PNY 지포스 RTX 5060 Ti OC D7 16GB Dual Fan 한성컴퓨터,"679,000","679,000","679,000","679,000","679,000","679,000","679,000","679,000","679,000","679,000","679,000","679,000","679,000","679,000","679,000","679,000","679,000","679,000","679,000","679,000","679,000","679,000","679,000","679,000","679,000","679,000","679,000","679,000","679,000","679,000",RTX 5060,16GB,0,PNY 지포스 Ti OC D7 Dual Fan 한성컴퓨터
87679496,PNY 지포스 RTX 5060 Ti OC D7 8GB Dual Fan STCOM,0,0,0,0,0,0,0,0,0,0,0,0,0,0,0,0,0,0,"546,000","546,000","546,000","546,000","546,000","546,000","565,460","571,350","571,320","571,200","571,080","571,070",RTX 5060,8GB,0,PNY 지포스 Ti OC D7 Dual Fan STCOM
95206529,PNY 지포스 RTX 5060 Ti OC D7 8GB Dual Fan 제이씨현,"557,640","557,630","557,630","562,510","562,510","562,520","562,520","562,520","562,520","562,520","562,520","562,520","562,520","562,520","562,520","562,520","562,520","562,520","562,500","562,500","562,480","562,480","562,480","562,470","576,470","590,000","590,000","590,000","589,767","589,767",RTX 5060,8GB,0,PNY 지포스 Ti OC D7 Dual Fan 제이씨현
93385700,PNY 지포스 RTX 5060 Ti OC D7 8GB Dual Fan 한성컴퓨터,"589,000","589,000","589,000","589,000","581,380","589,000","589,000","589,000","589,000","589,000","577,220","577,220","577,220","577,220","577,220","577,220","577,220","577,220","577,220","589,000","589,000","589,000","589,000","589,000","589,000","589,000","589,000","589,000","589,000","589,000",RTX 5060,8GB,0,PNY 지포스 Ti OC D7 Dual Fan 한성컴퓨터
78843290,PNY 지포스 RTX 5070 D7 12GB Triple Fan 제이씨현,"812,750","812,740","812,740","839,090","839,090","839,090","839,090","839,090","839,090","839,090","839,090","839,090","839,090","839,090","839,090","839,090","839,090","839,090","839,090","839,090","841,890","841,890","841,890","841,890","841,890","841,890","841,890","845,000","845,000","845,000",RTX 5070,12GB,0,PNY 지포스 D7 Triple Fan 제이씨현
92046863,PNY 지포스 RTX 5070 EPIC-X RGB OC D7 12GB Triple Fan STCOM,"888,350","888,350","888,350","888,350","888,350","888,350","888,340","888,340","888,340","888,340","888,340","888,340","888,340","888,340","888,340","888,340","888,340","888,340","888,340","888,340","888,340","888,340","888,340","888,330","888,330","888,330","888,330","888,330","897,990","897,990",RTX 5070,12GB,0,PNY 지포스 EPIC-X RGB OC D7 Triple Fan STCOM
97906904,PNY 지포스 RTX 5070 EPIC-X RGB OC D7 12GB Triple Fan 제이씨현,"866,164","866,164","866,164","866,164","868,000","868,000","868,000","867,990","867,990","868,000","868,000","868,000","868,000","868,000","867,990","867,990","868,000","868,000","868,000","868,000","868,000","868,000","868,000","868,000","868,000","868,000","868,000","868,000","868,000","868,000",RTX 5070,12GB,0,PNY 지포스 EPIC-X RGB OC D7 Triple Fan 제이씨현
99892370,PNY 지포스 RTX 5070 EPIC-X RGB OC D7 12GB Triple Fan 한성컴퓨터,0,0,0,가격비교예정,가격비교예정,가격비교예정,가격비교예정,"939,000","939,000","939,000","939,000","939,000","939,000","939,000","939,000","939,000","939,000","939,000","939,000","939,000","938,990","938,990","938,990","938,990","938,990","938,990","938,990","938,990","938,990","938,990",RTX 5070,12GB,0,PNY 지포스 EPIC-X RGB OC D7 Triple Fan 한성컴퓨터
82258553,PNY 지포스 RTX 5070 OC D7 12GB Triple Fan STCOM,"832,490","832,490","849,030","849,030","849,030","849,020","849,000","849,000","849,000","849,000","849,000","849,000","849,000","849,000","849,000","849,000","849,000","848,980","848,990","848,990","850,990","850,990","850,990","850,980","869,800","869,770","869,650","869,530","869,520","869,520",RTX 5070,12GB,0,PNY 지포스 OC D7 Triple Fan STCOM
78843224,PNY 지포스 RTX 5070 OC D7 12GB Triple Fan 제이씨현,"866,164","866,164","866,164","866,164","866,164","866,164","866,160","866,160","866,160","866,160","863,230","866,160","866,160","866,160","866,160","866,160","866,160","866,160","866,160","866,160","866,160","866,160","866,160","866,160","866,160","866,160","866,160","866,160","866,160","866,160",RTX 5070,12GB,0,PNY 지포스 OC D7 Triple Fan 제이씨현
78977468,PNY 지포스 RTX 5070 OC D7 12GB Triple Fan 한성컴퓨터,"866,540","855,730","880,422","880,422","880,422","880,422","880,422","881,000","881,000","881,000","881,000","881,000","881,000","881,000","881,000","881,000","881,000","881,000","881,000","881,000","880,990","881,000","881,000","881,000","881,000","881,000","881,000","881,000","881,000","881,000",RTX 5070,12GB,0,PNY 지포스 OC D7 Triple Fan 한성컴퓨터
82225754,PNY 지포스 RTX 5070 Ti OC D7 16GB Triple Fan STCOM,"1,241,920","1,241,920","1,241,920","1,241,920","1,241,920","1,241,910","1,241,890","1,241,890","1,241,890","1,241,890","1,241,890","1,241,890","1,241,890","1,241,890","1,241,890","1,241,890","1,241,890","1,241,870","1,241,870","1,241,870","1,241,850","1,241,810","1,241,810","1,241,800","1,241,800","1,241,800","1,241,800","1,241,800","1,262,240","1,262,240",RTX 5070 Ti,16GB,0,PNY 지포스 OC D7 Triple Fan STCOM
99896006,PNY 지포스 RTX 5070 Ti OC D7 16GB Triple Fan 제이씨현,0,0,0,0,"1,281,900","1,305,000","1,305,000","1,305,000","1,305,000","1,305,000","1,305,000","1,305,000","1,305,000","1,305,000","1,305,000","1,305,000","1,305,000","1,284,000","1,284,000","1,284,000","1,284,000","1,283,990","1,283,990","1,283,980","1,282,990","1,282,950","1,282,990","1,282,990","1,282,980","1,282,980",RTX 5070 Ti,16GB,0,PNY 지포스 OC D7 Triple Fan 제이씨현
93386447,PNY 지포스 RTX 5070 Ti OC D7 16GB Triple Fan 한성컴퓨터,"1,261,220","1,261,000","1,261,000","1,261,000","1,261,000","1,242,800","1,242,800","1,242,800","1,242,800","1,242,800","1,242,800","1,242,800","1,242,800","1,242,800","1,242,800","1,242,800","1,242,800","1,242,790","1,242,000","1,242,000","1,241,990","1,241,990","1,241,990","1,241,990","1,241,990","1,242,800","1,242,800","1,280,000","1,280,000","1,280,000",RTX 5070 Ti,16GB,0,PNY 지포스 OC D7 Triple Fan 한성컴퓨터
82136408,PNY 지포스 RTX 5080 D7 16GB Triple Fan STCOM,"1,805,400","1,805,270","1,815,970","1,815,970","1,815,970","1,815,970","1,815,950","1,815,950","1,815,950","1,815,950","1,815,950","1,815,950","1,815,950","1,815,950","1,815,950","1,815,950","1,815,950","1,815,930","1,815,930","1,815,930","1,815,910","1,815,890","1,815,890","1,815,870","1,815,870","1,815,870","1,815,870","1,815,870","1,815,850","1,815,850",RTX 5080,16GB,0,PNY 지포스 D7 Triple Fan STCOM
75931502,PNY 지포스 RTX 5080 D7 16GB Triple Fan 제이씨현,"1,791,000","1,791,000","1,791,000","1,791,000","1,791,000","1,791,000","1,791,000","1,791,000","1,791,000","1,791,000","1,791,000","1,791,000","1,791,000","1,791,000","1,791,000","1,791,000","1,791,000","1,791,000","1,791,000","1,791,000","1,791,000","1,791,000","1,791,000","1,791,000","1,791,000","1,791,000","1,791,000","1,791,000","1,791,000","1,791,000",RTX 5080,16GB,0,PNY 지포스 D7 Triple Fan 제이씨현
82179890,PNY 지포스 RTX 5080 EPIC-X RGB OC D7 16GB Triple Fan STCOM,"1,895,630","1,895,540","1,907,970","1,907,970","1,907,970","1,907,960","1,907,940","1,907,940","1,907,940","1,907,940","1,907,940","1,907,940","1,907,940","1,907,940","1,907,940","1,907,940","1,907,940","1,907,920","1,907,920","1,907,920","1,907,900","1,907,880","1,907,870","1,907,850","1,907,850","1,907,850","1,907,850","1,907,850","1,907,830","1,907,830",RTX 5080,16GB,0,PNY 지포스 EPIC-X RGB OC D7 Triple Fan STCOM
76509074,PNY 지포스 RTX 5080 EPIC-X RGB OC D7 16GB Triple Fan 제이씨현,"1,834,000","1,834,000","1,834,000","1,834,000","1,834,000","1,834,000","1,834,000","1,834,000","1,834,000","1,834,000","1,834,000","1,834,000","1,834,000","1,834,000","1,834,000","1,834,000","1,834,000","1,834,000","1,834,000","1,834,000","1,834,000","1,834,000","1,834,000","1,834,000","1,834,000","1,834,000","1,834,000","1,834,000","1,834,000","1,834,000",RTX 5080,16GB,0,PNY 지포스 EPIC-X RGB OC D7 Triple Fan 제이씨현
76380392,PNY 지포스 RTX 5080 EPIC-X RGB OC D7 16GB Triple Fan 한성컴퓨터,"2,390,000","2,390,000","2,390,000","2,390,000","2,390,000","2,390,000","2,390,000","2,390,000","2,390,000","2,390,000","2,390,000","2,390,000","2,390,000","2,390,000","2,390,000","2,390,000","2,390,000","2,390,000","2,390,000","2,390,000","2,390,000","2,390,000","2,390,000","2,390,000","2,390,000","2,390,000","2,390,000","2,390,000","2,390,000","2,390,000",RTX 5080,16GB,0,PNY 지포스 EPIC-X RGB OC D7 Triple Fan 한성컴퓨터
82166672,PNY 지포스 RTX 5080 OC D7 16GB Triple Fan STCOM,"1,749,680","1,749,680","1,749,680","1,749,680","1,749,670","1,749,670","1,749,660","1,749,660","1,749,660","1,749,660","1,749,660","1,749,660","1,749,660","1,749,650","1,749,640","1,749,640","1,749,640","1,749,630","1,749,630","1,749,630","1,749,630","1,749,630","1,749,630","1,749,630","1,749,630","1,749,630","1,749,630","1,749,630","1,749,630","1,749,630",RTX 5080,16GB,0,PNY 지포스 OC D7 Triple Fan STCOM
75931508,PNY 지포스 RTX 5080 OC D7 16GB Triple Fan 제이씨현,"1,802,000","1,802,000","1,802,000","1,990,000","1,990,000","1,990,000","1,990,000","1,990,000","1,990,000","1,990,000","1,990,000","1,990,000","1,990,000","1,802,000","1,802,000","1,802,000","1,802,000","1,802,000","1,802,000","1,802,000","1,802,000","1,802,000","1,802,000","1,802,000","1,802,000","1,802,000","1,802,000","1,802,000","1,802,000","1,802,000",RTX 5080,16GB,0,PNY 지포스 OC D7 Triple Fan 제이씨현
82200854,PNY 지포스 RTX 5090 EPIC-X RGB OC D7 32GB Triple Fan STCOM,"4,890,000","4,890,000","4,890,000","5,090,000","5,090,000",0,0,0,0,0,0,0,0,0,0,0,0,0,0,0,0,0,0,0,0,0,0,0,0,0,RTX 5090,32GB,0,PNY 지포스 EPIC-X RGB OC D7 Triple Fan STCOM
82193705,PNY 지포스 RTX 5090 OC D7 32GB Triple Fan STCOM,"4,934,000","4,934,000","4,934,000","4,920,000","4,920,000","4,599,000","4,599,000","4,599,000","4,599,000","4,599,000","4,599,000","4,599,000","4,599,000","4,599,000","4,599,000","4,599,000","4,599,000","4,599,000","4,599,000","4,599,000","4,599,000","4,599,000","4,599,000","4,599,000","4,599,000","4,599,000","4,599,000","4,599,000","4,599,000","4,599,000",RTX 5090,32GB,0,PNY 지포스 OC D7 Triple Fan STCOM
98918945,PowerColor 라데온 AI PRO R9700 D6 32GB 대원씨티에스,"2,179,000","2,179,000","2,179,000","2,178,990","2,178,990","2,178,990","2,178,990","2,178,990","2,178,990","2,178,990","2,178,990","2,178,990","2,178,970","2,178,970","2,178,970","2,178,970","2,178,970","2,178,950","2,178,950","2,178,930","2,178,910","2,179,000","2,179,000","2,179,000","2,179,000","2,179,000","2,179,000","2,179,000","2,179,000","2,179,000",AI PRO R9700,32GB,0,PowerColor 라데온 D6 대원씨티에스
13723676,PowerColor 라데온 RX 6700 XT Red Devil D6 12GB,"1,549,000","1,549,000","1,549,000","1,549,000","1,549,000","1,549,000","1,549,000","1,549,000","1,549,000","1,549,000","1,549,000","1,549,000","1,549,000","1,549,000","1,549,000","1,549,000","1,549,000","1,549,000","1,549,000","1,549,000","1,549,000","1,549,000","1,549,000","1,549,000","1,549,000","1,549,000","1,549,000","1,549,000","1,549,000","1,549,000",RX 6700 XT,12GB,0,PowerColor 라데온 Red Devil D6
21196742,PowerColor 라데온 RX 7600 Fighter D6 8GB,"355,000","355,000","355,000","355,000","355,000","355,000","355,000","355,000","355,000","355,000","355,000","355,000","355,000","355,000","355,000","355,000","355,000","355,000","355,000","355,000","355,000","355,000","355,000","355,000","355,000","355,000","355,000","355,000","355,000","355,000",RX 7600,8GB,0,PowerColor 라데온 Fighter D6
35231306,PowerColor 라데온 RX 7600 Fighter D6 8GB 대원씨티에스,"309,000","309,000","309,000","309,000","309,000","309,000","309,000","309,000","309,000","309,000","309,000","309,000","309,000","309,000","309,000","309,000","309,000","309,000","309,000","309,000","309,000","309,000","309,000","309,000","309,000","309,000","309,000","309,000","309,000","309,000",RX 7600,8GB,0,PowerColor 라데온 Fighter D6 대원씨티에스
92966657,PowerColor 라데온 RX 7600 Fighter V2 D6 8GB 대원씨티에스,"300,200","300,200","309,000","308,990","308,990","309,000","300,200","308,990","308,990","309,000","308,990","308,990","309,000","309,000","308,990","308,990","308,990","309,000","308,990","309,000","308,990","308,990","308,990","309,000","308,990","308,980","308,980","308,990","308,970","308,970",RX 7600,8GB,0,PowerColor 라데온 Fighter V2 D6 대원씨티에스
35231552,PowerColor 라데온 RX 7800 XT Hellhound D6 16GB 대원씨티에스,"717,710","717,710","717,710","717,710","715,000","715,000","715,000","715,000","715,000","715,000","715,000","715,000","715,000","715,000","715,000","715,000","715,000","715,000","715,000","715,000","715,000","715,000","715,000","715,000","715,000","715,000","715,000","715,000","715,000","715,000",RX 7800 XT,16GB,0,PowerColor 라데온 Hellhound D6 대원씨티에스
47841200,PowerColor 라데온 RX 7800 XT Hellhound Sakura Limited Edition D6 16GB 대원씨티에스,0,0,0,0,0,0,0,0,0,0,0,0,0,0,0,0,0,0,0,0,0,0,0,0,0,0,0,0,"1,014,220","1,014,220",RX 7800 XT,16GB,0,PowerColor 라데온 Hellhound Sakura Limited Edition D6 대원씨티에스
35231429,PowerColor 라데온 RX 7900 XTX Hellhound D6 24GB 대원씨티에스,"1,364,131","1,364,131","1,364,131","1,364,131","1,364,131","1,364,131","1,364,131","1,364,131","1,364,131","1,364,131",0,0,0,0,0,0,0,0,0,0,0,0,0,0,0,0,0,0,0,0,RX 7900 XTX,24GB,0,PowerColor 라데온 Hellhound D6 대원씨티에스
91908821,PowerColor 라데온 RX 9060 XT Hellhound OC D6 16GB 대원씨티에스,"588,240","588,130","593,990","593,990","593,990","593,990","593,990","593,990","593,990","593,990","593,990","593,990","593,990","593,990","593,990","593,990","583,090","583,090","583,090","593,990","593,990","593,990","593,990","593,990","593,990","593,940","591,470","591,470","591,470","591,470",RX 9060,16GB,0,PowerColor 라데온 XT Hellhound OC D6 대원씨티에스
91908686,PowerColor 라데온 RX 9060 XT Hellhound Spectral White OC D6 16GB 대원씨티에스,"630,000","630,000","630,000","630,000","630,000","630,000","630,000","630,000","630,000","630,000","630,000","630,000","629,990","629,990","629,990","629,990","618,470","618,470","618,470","629,990","629,990","629,990","629,990","629,990","629,990","629,940","629,700","612,770","612,540","612,300",RX 9060,16GB,0,PowerColor 라데온 XT Hellhound Spectral White OC D6 대원씨티에스
91908902,PowerColor 라데온 RX 9060 XT Reaper D6 16GB 대원씨티에스,"526,580","526,560","526,740","526,720","526,720","526,720","526,700","526,700","526,700","526,700","526,700","526,700","526,700","526,700","526,700","526,700","526,700","526,680","522,890","522,890","522,890","522,890","522,890","522,890","522,890","522,820","522,800","522,730","522,720","522,720",RX 9060,16GB,0,PowerColor 라데온 XT Reaper D6 대원씨티에스
91908965,PowerColor 라데온 RX 9060 XT Reaper D6 8GB 대원씨티에스,"450,500","450,500","450,500","450,500","450,500","450,500","450,500","450,500","450,500","450,500","450,500","450,500","450,500","550,000","550,000","550,000","550,000","550,000","550,000","550,000","550,000","550,000","550,000","467,580","550,000","550,000","550,000","550,000","550,000","550,000",RX 9060,8GB,0,PowerColor 라데온 XT Reaper D6 대원씨티에스
91909043,PowerColor 라데온 RX 9060 XT Reaper White D6 8GB 대원씨티에스,"451,780","451,700","451,700","451,640","451,610","451,520","451,500","455,820","455,820","455,820","455,820","451,530","451,540","451,540","451,530","451,530","451,530","451,540","451,530","451,540","451,530","451,530","451,530","451,540","451,530","450,980","450,980","450,980","450,980","450,980",RX 9060,8GB,0,PowerColor 라데온 XT Reaper White D6 대원씨티에스
77381657,PowerColor 라데온 RX 9070 Reaper D6 16GB 대원씨티에스,"792,480","792,480","792,480","792,480","792,480","792,480","792,480","792,470","792,470","792,480","792,480","792,480","792,480","803,000","803,000","803,000","803,000","803,000","803,000","803,000","848,990","804,700","792,480","792,480","792,480","789,990","789,990","802,180","802,180","849,990",RX 9070,16GB,0,PowerColor 라데온 Reaper D6 대원씨티에스
77380985,PowerColor 라데온 RX 9070 XT Hellhound D6 16GB 대원씨티에스,"978,960","978,960","978,990","978,990","978,990","978,990","978,990","978,990","978,990","978,990","978,990","978,990","978,990","978,990","978,990","978,990","978,990","978,990","978,990","978,990","978,990","978,990","978,990","978,990","978,990","978,940","978,910","978,790","978,670","978,660",RX 9070 XT,16GB,0,PowerColor 라데온 Hellhound D6 대원씨티에스
77381207,PowerColor 라데온 RX 9070 XT Hellhound Spectral White D6 16GB 대원씨티에스,"1,005,970","1,005,970","1,005,970","1,005,970","1,005,970","1,005,970","1,005,970","1,005,970","1,005,970","1,005,970","1,005,970","1,025,450","1,005,980","1,005,980","1,005,980","1,005,980","1,005,970","1,005,970","1,005,970","1,005,970","1,005,840","1,005,840","1,005,840","1,005,840","1,005,840","1,003,970","1,003,880","1,003,780","1,003,750","1,003,630",RX 9070 XT,16GB,0,PowerColor 라데온 Hellhound Spectral White D6 대원씨티에스
77381483,PowerColor 라데온 RX 9070 XT Reaper D6 16GB 대원씨티에스,"1,000,000","1,000,000","1,000,000","1,000,000","1,000,000","1,000,000","1,000,000","1,000,000","1,000,000","1,000,000","1,000,000","1,000,000","999,990","999,000","999,000","993,000","993,000","993,000","993,000","993,000","993,000","993,000","993,000","993,000","993,000","993,000","993,000","993,000","993,000","993,000",RX 9070 XT,16GB,0,PowerColor 라데온 Reaper D6 대원씨티에스
99291419,Razer Core X V2,"569,000","569,000","569,000","569,000","569,000","569,000","569,000","569,000","569,000","569,000","569,000","569,000","569,000","569,000","569,000","569,000","569,000","569,000","569,000","569,000","569,000","569,000","569,000","569,000","569,000","569,000","569,000","569,000","569,000","569,000",V,0,0,Razer Core X 2
101191844,SAPPHIRE 라데온 AI PRO R9700 D6 32GB,0,0,0,0,0,0,0,0,0,0,0,0,0,0,0,0,0,0,0,0,0,0,0,0,0,0,0,0,가격비교예정,가격비교예정,AI PRO R9700,32GB,0,SAPPHIRE 라데온 D6
16231076,SAPPHIRE 라데온 RX 6500 XT PULSE OC D6 4GB Dual-X,"291,280","291,280","291,280","291,280","291,280","291,280","276,710","276,710","276,710","276,710","276,710","276,710","276,710","276,710","276,710","276,710","276,710","276,710","276,710","276,710","276,710","276,710","276,710","276,710","276,710","276,710","276,710","276,710","276,710","276,710",RX 6500 XT,4GB,0,SAPPHIRE 라데온 PULSE OC D6 Dual-X
14974442,SAPPHIRE 라데온 RX 6600 XT PULSE OC D6 8GB Dual-X,"849,900","849,900","849,900","849,900","849,900","849,900","849,900","849,900","849,900","849,900","849,900","849,900","849,900","849,900","849,900","849,900","849,900","849,900","849,900","849,900","849,900","849,900","849,900","849,900","849,900","849,900","849,900","849,900","848,840","848,840",RX 6600 XT,8GB,0,SAPPHIRE 라데온 PULSE OC D6 Dual-X
20315144,SAPPHIRE 라데온 RX 7600 PULSE OC D6 8GB,"324,999","324,999","324,999","324,999","324,999","324,999","324,999","340,180","340,170","340,170","340,170","340,170","340,160","340,160","340,160","340,160","340,160","340,160","340,160","340,160","340,160","340,160","340,160","340,160","340,160","340,160","340,160","340,160","340,160","340,140",RX 7600,8GB,0,SAPPHIRE 라데온 PULSE OC D6
28057862,SAPPHIRE 라데온 RX 7700 XT NITRO+ OC D6 12GB,"566,840","566,840","574,990","574,990","574,990","574,990","558,640","574,990","575,920","575,920","575,920","575,920","582,960","582,960","582,940","582,940","582,930","582,900","582,900","582,880","582,860","582,820","582,820","582,820","582,800","582,780","582,760","582,760","582,740","582,720",RX 7700 XT,12GB,0,SAPPHIRE 라데온 NITRO+ OC D6
28057922,SAPPHIRE 라데온 RX 7700 XT PULSE D6 12GB,"734,880","734,880","734,880","734,880","734,880","734,880","704,880","704,880","704,880","704,880","704,880","704,880","704,880","704,880","704,880","704,880","704,880","704,880","704,880","704,880","704,880","704,880","704,880","704,880","704,880","704,880","704,880","704,880","704,880","704,880",RX 7700 XT,12GB,0,SAPPHIRE 라데온 PULSE D6
39918569,SAPPHIRE 라데온 RX 7900 GRE NITRO+ D6 16GB,"1,284,000","1,284,000","1,284,000","1,284,000","1,284,000","1,284,000","1,284,000","1,284,000","1,284,000","1,284,000","1,284,000","1,284,000","1,284,000","1,284,000","1,284,000","1,284,000","1,284,000","1,284,000","1,284,000","1,284,000","1,284,000","1,284,000","1,284,000","1,284,000","1,284,000","1,284,000","1,284,000","1,284,000","1,284,000","1,284,000",RX 7900 GRE,16GB,0,SAPPHIRE 라데온 NITRO+ D6
97470848,SAPPHIRE 라데온 RX 9060 PULSE OC D6 8GB,"381,156","381,150","381,150","381,150","381,150","381,150","381,150","381,150","385,350","385,350","385,350","385,350","385,350","385,350","385,350","385,340","385,340","385,300","385,300","385,280","385,260","385,220","385,220","385,220","385,200","385,180","385,160","385,160","385,140","385,120",RX 9060,8GB,0,SAPPHIRE 라데온 PULSE OC D6
101078768,SAPPHIRE 라데온 RX 9060 PULSE OC D6 8GB (20개 벌크),0,0,0,0,0,0,0,0,0,0,0,0,0,0,0,0,0,0,0,0,0,0,0,0,0,0,가격비교예정,가격비교예정,가격비교예정,가격비교예정,RX 9060,8GB,20개 벌크,SAPPHIRE 라데온 PULSE OC D6
91909427,SAPPHIRE 라데온 RX 9060 XT NITRO+ OC D6 16GB,"596,730","596,730","596,730","596,730","596,730","596,730","596,730","596,730","596,730","604,310","604,300","604,280","604,260","604,260","604,240","604,240","604,240","604,220","604,220","604,200","604,180","604,140","604,140","604,140","604,120","604,100","604,080","604,090","604,090","608,130",RX 9060,16GB,0,SAPPHIRE 라데온 XT NITRO+ OC D6
91909571,SAPPHIRE 라데온 RX 9060 XT PULSE OC D6 16GB,"517,970","553,680","560,870","560,850","560,850","560,790","560,770","560,770","560,770","560,770","560,770","560,750","560,730","560,730","560,710","560,710","560,710","560,670","560,670","560,650","560,630","560,590","560,590","560,590","560,570","560,550","560,530","560,530","560,510","560,490",RX 9060,16GB,0,SAPPHIRE 라데온 XT PULSE OC D6
91909628,SAPPHIRE 라데온 RX 9060 XT PULSE OC D6 8GB,"450,450","450,450","466,300","466,300","466,300","466,300","466,300","466,300","468,990","468,990","468,990","468,990","468,990","468,990","468,990","468,990","468,990","468,990","468,990","468,990","468,990","468,990","468,990","468,990","468,990","468,990","468,990","468,990","468,990","468,990",RX 9060,8GB,0,SAPPHIRE 라데온 XT PULSE OC D6
91909511,SAPPHIRE 라데온 RX 9060 XT PURE OC D6 16GB,"566,840","566,840","570,650","570,650","570,650","570,650","570,650","570,650","570,650","578,800","578,800","578,780","578,760","578,760","578,740","578,740","578,740","578,720","578,720","578,700","578,680","578,640","578,640","578,640","578,620","578,600","578,580","578,580","578,560","578,540",RX 9060,16GB,0,SAPPHIRE 라데온 XT PURE OC D6
77378393,SAPPHIRE 라데온 RX 9070 NITRO+ OC D6 16GB,"1,009,380","1,009,380","1,028,990","1,028,990","1,028,990","1,028,990","1,028,990","1,028,990","1,059,860","1,059,860","1,059,860","1,059,860","1,059,860","1,059,860","1,059,860","1,059,850","1,059,850","1,059,810","1,059,810","1,059,790","1,059,770","1,059,730","1,059,730","1,059,730","1,059,710","1,059,690","1,059,670","1,059,670","1,059,650","1,059,630",RX 9070,16GB,0,SAPPHIRE 라데온 NITRO+ OC D6
77378426,SAPPHIRE 라데온 RX 9070 PULSE D6 16GB,"914,830","914,820","914,820","928,990","928,990","928,990","911,380","928,990","928,990","928,990","928,990","928,990","928,990","928,990","928,990","928,990","928,990","928,990","928,990","929,000","928,990","928,990","928,990","929,000","928,990","928,980","928,870","928,760","928,680","928,570",RX 9070,16GB,0,SAPPHIRE 라데온 PULSE D6
77382623,SAPPHIRE 라데온 RX 9070 PURE OC D6 16GB,"968,990","968,990","968,990","968,990","968,990","968,990","968,990","968,990","995,390","995,000","995,410","995,370","995,310","995,270","995,210","995,190","995,150","995,090","995,070","995,010","994,950","994,870","994,850","994,850","994,780","994,740","994,700","993,000","992,960","990,980",RX 9070,16GB,0,SAPPHIRE 라데온 PURE OC D6
77378093,SAPPHIRE 라데온 RX 9070 XT NITRO+ OC D6 16GB,"1,209,000","1,209,000","1,209,000","1,209,000","1,209,000","1,209,000","1,209,000","1,234,860","1,234,860","1,234,860","1,234,860","1,234,860","1,234,860","1,234,860","1,234,860","1,234,860","1,234,860","1,234,860","1,234,860","1,234,860","1,234,860","1,234,860","1,234,860","1,234,860","1,234,860","1,234,860","1,234,860","1,234,860","1,225,630","1,225,600",RX 9070 XT,16GB,0,SAPPHIRE 라데온 NITRO+ OC D6
77378039,SAPPHIRE 라데온 RX 9070 XT PULSE D6 16GB,"1,009,380","1,008,000","1,019,000","1,019,000","1,019,000","1,016,860","1,019,000","1,019,000","1,019,000","1,019,000","1,019,000","1,005,650","1,019,000","1,019,000","1,019,000","1,019,000","1,019,000","1,019,000","1,019,000","1,019,000","1,019,000","1,019,000","1,019,000","1,019,000","1,019,000","1,019,000","1,053,600","1,055,030","1,055,030","1,055,010",RX 9070 XT,16GB,0,SAPPHIRE 라데온 PULSE D6
77381780,SAPPHIRE 라데온 RX 9070 XT PURE OC D6 16GB,"1,082,830","1,094,990","1,094,990","1,094,990","1,094,990","1,094,990","1,094,990","1,094,990","1,094,990","1,114,260","1,114,260","1,114,260","1,114,260","1,114,260","1,114,260","1,114,260","1,114,260","1,114,260","1,114,260","1,114,260","1,114,260","1,114,260","1,114,260","1,114,260","1,114,260","1,114,260","1,114,260","1,114,260","1,114,260","1,114,240",RX 9070 XT,16GB,0,SAPPHIRE 라데온 PURE OC D6
49742603,SPARKLE Arc A310 ECO D6 4GB,"145,550","145,550","145,550","146,570","146,510","146,510","146,510","142,000","142,000","142,000",0,0,0,0,0,0,0,0,0,0,0,0,0,0,0,0,0,0,0,0,A310,4GB,0,SPARKLE Arc ECO D6
73428503,SPARKLE Arc A310 Omni View D6 4GB,"158,000","158,000","158,000","158,000","158,000","158,000","158,000",0,0,0,0,0,0,0,0,0,0,0,0,0,0,0,0,0,0,0,0,0,0,0,A310,4GB,0,SPARKLE Arc Omni View D6
28444505,SPARKLE Arc A380 ELF D6 6GB,"185,840","185,800","197,950",0,0,0,0,0,0,0,0,0,0,0,0,0,0,0,0,0,0,0,0,0,0,0,0,0,0,0,A380,6GB,0,SPARKLE Arc ELF D6
93072971,SPARKLE Arc B570 GUARDIAN LUNA OC D6 10GB,0,0,0,0,"343,000","343,000","343,000","343,000","343,000","343,000",0,0,0,0,0,0,0,0,0,0,0,0,0,0,0,0,0,0,0,0,B570,10GB,0,SPARKLE Arc GUARDIAN LUNA OC D6
92045975,SPARKLE Arc B580 GUARDIAN D6 12GB,"349,000","349,000","349,000","364,000","364,000","364,000","364,000","363,990","363,990","364,000","368,990","369,000","369,000","369,000","368,990","368,990","369,000","369,000","369,000","360,000","360,000","360,000","360,000","360,000","360,000","360,000","360,000","360,000","360,000","360,000",B580,12GB,0,SPARKLE Arc GUARDIAN D6
93446519,SPARKLE Arc B580 ROC LUNA OC Ultra D6 12GB,"359,000","359,000","359,000","373,000","373,000","373,000","373,000","373,000","373,000","373,000","399,000","399,000","399,000","399,000","399,000","399,000","399,000","399,000","399,000","369,000","369,000","369,000","369,000","369,000","369,000","369,000","369,000","369,000","369,000","369,000",B580,12GB,0,SPARKLE Arc ROC LUNA OC Ultra D6
77282729,SPARKLE Arc B580 TITAN LUNA OC D6 12GB,"379,000","379,000","379,000","400,000","400,000","400,000","400,000","399,990","399,990","400,000","400,000","400,000","400,000","400,000","400,000","400,000","400,000","400,000","400,000","398,000","398,000","398,000","398,000","398,000","398,000","398,000","398,000","398,000","398,000","398,000",B580,12GB,0,SPARKLE Arc TITAN LUNA OC D6
73427861,SPARKLE Arc B580 TITAN OC D6 12GB,"380,900","380,900","380,900","380,900","380,900","380,900","380,900","395,760","395,760","395,760","395,760","395,760","395,760","395,760","395,760","395,760","395,760","395,760","395,760","395,760","395,760","395,760","395,760","395,760","395,760","395,760","395,760","395,760","395,760","395,760",B580,12GB,0,SPARKLE Arc TITAN OC D6
29402165,STCOM 라데온 RX 580 2048SP Gaming D5 8GB,"159,000","159,000","159,000","159,000","158,990","159,000",0,0,"152,170","159,000","159,000","159,000","217,200","217,200","217,200","217,200","217,200","152,170","159,000","159,000","159,000","159,000","159,000","159,000","159,000","217,200",0,0,0,0,RX 580 2048SP,8GB,0,STCOM 라데온 Gaming D5
28391915,STCOM 지포스 GTX 1660 SUPER D6 6GB,"249,230","249,910","249,910","249,910","249,910","249,910","249,910","249,910","249,910","254,590","254,590","254,590","254,590","254,590","254,590","254,590","254,590","254,590","254,590","254,590","254,590","254,590","254,590","254,590","254,590","254,540","254,510","254,390","254,270","254,150",GTX 1660 SUPER,6GB,0,STCOM 지포스 D6
89862602,STCOM 지포스 RTX 3060 BLACK D6 12GB,"397,680","397,680","397,680","397,680","397,680","397,680","379,120","390,850","390,850","390,850","400,240","400,230","400,230","400,230","400,230","400,230","400,230","400,220","400,220","400,220","414,410","433,990","433,990","433,990","433,990","433,940","433,910","433,780","433,710","433,590",RTX,12GB,0,STCOM 지포스 3060 BLACK D6
28371956,STCOM 지포스 RTX 3060 D6 12GB,"400,200","400,200","400,200","400,200","400,200","400,200","400,200","400,200","400,200","400,200","409,000","422,000","389,000",0,0,0,0,0,0,0,0,0,0,0,0,0,0,0,0,0,RTX,12GB,0,STCOM 지포스 3060 D6
85701980,STCOM 지포스 RTX 3060 TWIN D6 12GB,"385,000","385,000","385,000","385,000","385,000","385,000","397,820","397,820","397,820","397,820","511,520","511,690","511,690",0,0,0,0,0,0,0,0,0,0,0,0,0,0,0,0,0,RTX,12GB,0,STCOM 지포스 3060 TWIN D6
12398747,TAGER 지포스 GTX 1650 D6 4GB,0,0,0,0,0,0,0,0,0,0,0,0,0,0,0,0,"228,990","228,990","228,990","228,990","228,960","228,850","228,790","228,790","228,790","228,740","228,710","228,580","228,470","228,350",GTX 1650,4GB,0,TAGER 지포스 D6
18650024,TAGER 지포스 GTX 1660 SUPER K D6 6GB,"250,700","250,700","250,700","250,700","250,700","250,700","250,700","250,700","255,190","255,190","255,190","255,190","255,190","255,190","255,190",0,0,0,0,0,0,0,0,"255,190","255,190","255,190","255,190","255,190","255,190","255,190",GTX 1660 SUPER,6GB,0,TAGER 지포스 K D6
76329761,TAGER 지포스 RTX 3060 K D6 12GB,"398,830","398,830","398,830","398,830","398,830","398,830","398,830","398,830","405,800","405,800","405,800","405,800","405,800","405,800","405,800","405,800","405,800","405,800","405,800","405,800","405,800","405,800","405,800","405,800","405,800","405,800","405,800","405,800","405,800","405,800",RTX,12GB,0,TAGER 지포스 3060 K D6
16224614,XFX 라데온 RX 6500 XT QICK 210 BLACK D6 4GB,"440,000","440,000","440,000","440,000","440,000","440,000","440,000","440,000","440,000","440,000","440,000","440,000","440,000","440,000","440,000","440,000","440,000","440,000","440,000","440,000","440,000","440,000","440,000","440,000","440,000","440,000","440,000","440,000","440,000","440,000",RX 6500 XT,4GB,0,XFX 라데온 QICK 210 BLACK D6
15427364,XFX 라데온 RX 6600 SWFT 210 CORE D6 8GB,"537,950","537,950","537,950","604,450","602,940","587,950","572,950","572,950","572,950","572,950","572,950","602,940","602,940","602,940","602,940","602,940","602,940","602,940","602,940","602,940","602,940","602,940","602,940","592,950","602,940","592,940","592,940","582,950","582,950","582,950",RX 6600,8GB,0,XFX 라데온 SWFT 210 CORE D6
14979494,XFX 라데온 RX 6600 XT QICK 308 BLACK D6 8GB,"880,000","880,000","880,000","880,000","880,000","880,000","880,000","880,000","880,000","880,000","880,000","880,000","880,000","880,000","880,000","880,000","880,000","880,000","880,000","880,000","880,000","880,000","880,000","880,000","880,000","880,000","880,000","880,000","880,000","880,000",RX 6600 XT,8GB,0,XFX 라데온 QICK 308 BLACK D6
15132614,XFX 라데온 RX 6600 XT SWFT 210 CORE D6 8GB,"846,000","846,000","846,000","846,000","846,000","846,000","846,000","846,000","846,000","846,000","846,000","846,000","846,000","846,000","846,000","846,000","846,000","846,000","846,000","846,000","846,000","846,000","846,000","846,000","846,000","846,000","846,000","846,000","846,000","846,000",RX 6600 XT,8GB,0,XFX 라데온 SWFT 210 CORE D6
19228277,XFX 라데온 RX 6700 SWFT 309 CORE D6 10GB,"445,840","440,360","442,780","442,080","441,580","440,530","440,150","440,240","439,570","439,620","438,330","439,300","438,660","437,710","437,710","438,350","438,350","438,670","437,710","437,710","437,710","437,710","437,710","437,710","437,710","437,710","437,710","437,710","437,710","437,710",RX 6700,10GB,0,XFX 라데온 SWFT 309 CORE D6
13787789,XFX 라데온 RX 6700 XT QICK 319 BLACK D6 12GB,"1,335,000","1,335,000","1,335,000","1,335,000","1,335,000","1,335,000","1,335,000","1,335,000","1,335,000","1,335,000","1,335,000","1,335,000","1,335,000","1,335,000","1,335,000","1,335,000","1,335,000","1,335,000","1,335,000","1,335,000","1,335,000","1,335,000","1,335,000","1,335,000","1,335,000","1,335,000","1,335,000","1,335,000","1,335,000","1,335,000",RX 6700 XT,12GB,0,XFX 라데온 QICK 319 BLACK D6
15472787,XFX 라데온 RX 6900 XT ZERO EKWB Limited Edition D6 16GB,"1,594,000","1,594,000","1,594,000","1,594,000","1,594,000","1,594,000","1,594,000","1,594,000","1,594,000","1,594,000","1,594,000","1,594,000","1,594,000","1,594,000","1,594,000","1,594,000","1,594,000","1,594,000","1,594,000","1,594,000","1,594,000","1,594,000","1,594,000","1,594,000","1,594,000","1,594,000","1,594,000","1,594,000","1,594,000","1,594,000",RX 6900 XT,16GB,0,XFX 라데온 ZERO EKWB Limited Edition D6
20302307,XFX 라데온 RX 7600 QICK 308 BLACK D6 8GB,"404,990","404,990","405,000","405,000","405,000","405,000","405,000","405,000","405,000","405,000","405,000","404,990","404,990","404,990","404,990","404,990","404,990","404,990","405,000","405,000","405,000","405,000","405,000","405,000","405,000","404,990","404,990","404,990","404,990","404,990",RX 7600,8GB,0,XFX 라데온 QICK 308 BLACK D6
20302601,XFX 라데온 RX 7600 SWFT 210 CORE D6 8GB,"374,060","374,050","374,210","375,000","375,000","375,000","375,000","375,000","375,000","375,000","375,000","375,000","375,000","375,000","375,000","375,000","375,000","375,000","375,000","375,000","375,000","375,000","375,000","375,000","375,000","374,950","374,920","374,800","374,680","374,560",RX 7600,8GB,0,XFX 라데온 SWFT 210 CORE D6
28031723,XFX 라데온 RX 7800 XT QICK 319 CORE D6 16GB,"1,048,100","1,048,100","1,048,100","1,048,100","1,048,100","1,048,100","1,048,100","1,048,100","1,048,100","1,048,100","1,048,100","1,048,100","1,048,100","1,048,100","1,048,100","1,048,100","1,048,100","1,048,100","1,048,100","1,048,100","1,048,100","1,048,100","1,048,100","1,048,100","1,048,100","1,048,100","1,048,100","1,048,100","1,048,100","1,048,100",RX 7800 XT,16GB,0,XFX 라데온 QICK 319 CORE D6
18519410,XFX 라데온 RX 7900 XTX MERC 310 BLACK D6 24GB,"1,299,470","1,299,470","1,299,470","1,299,470","1,299,470","1,299,470","1,299,470","1,299,470","1,299,470","1,299,470","1,299,470","1,299,470","1,299,480","1,299,480","1,299,480","1,299,480","1,299,480","1,299,480","1,299,480","1,299,480","1,299,480","1,299,480","1,299,480","1,299,480","1,299,480","1,299,480","1,299,480","1,299,480","1,299,480","1,299,480",RX 7900 XTX,24GB,0,XFX 라데온 MERC 310 BLACK D6
95206613,XFX 라데온 RX 9060 SWIFT DUAL D6 8GB,"383,720","383,720","383,720","383,720","383,720","383,720","383,720","383,710","387,300","387,300","387,300","387,280","387,280","387,280","387,260","387,250","384,990","384,000","384,900","384,880","384,860","384,840","384,840","384,840","384,830","384,830","384,830","384,820","384,800","384,800",RX 9060,8GB,0,XFX 라데온 SWIFT DUAL D6
92892695,XFX 라데온 RX 9060 XT SWIFT DUAL OC D6 16GB,"535,000","535,000","535,000","535,000","544,990","544,970","544,930","544,930","544,930","544,930","544,930","544,910","544,890","544,890","544,870","544,870","544,870","544,830","544,830","544,810","544,770","544,730","544,730","544,730","544,710","544,670","544,650","544,650","545,170","545,170",RX 9060,16GB,0,XFX 라데온 XT SWIFT DUAL OC D6
91909106,XFX 라데온 RX 9060 XT SWIFT DUAL OC D6 8GB,"459,000","458,990","458,990","463,920","463,920","463,920","463,920","463,920","463,920","463,920","463,920","463,920","463,920","463,920","463,920","463,920","463,920","463,920","463,920","463,920","471,270","414,440","414,440","469,990","469,990","469,940","469,910","469,860","469,860","462,990",RX 9060,8GB,0,XFX 라데온 XT SWIFT DUAL OC D6
92892671,XFX 라데온 RX 9060 XT SWIFT DUAL WHITE OC D6 16GB,"554,990","554,990","554,990","554,990","554,990","554,990","554,990","554,990","564,990","564,990","564,990","564,970","564,950","564,950","564,930","564,930","564,930","564,890","564,890","564,870","564,830","564,790","564,790","564,790","564,770","559,970","559,940","559,820","559,810","559,810",RX 9060,16GB,0,XFX 라데온 XT SWIFT DUAL WHITE OC D6
91909166,XFX 라데온 RX 9060 XT SWIFT DUAL WHITE OC D6 8GB,"479,990","479,990","479,990","479,990","479,990","479,990","479,990","479,990","484,990","484,990","484,990","484,990","489,990","489,990","489,990","489,990","489,990","489,990","489,990","489,990","494,990","494,950","494,950","494,950","494,930","489,970","489,940","489,820","489,740","489,620",RX 9060,8GB,0,XFX 라데온 XT SWIFT DUAL WHITE OC D6
92358284,XFX 라데온 RX 9060 XT SWIFT WHITE OC D6 16GB,"583,000",0,0,0,0,0,0,0,0,0,0,0,0,0,0,0,0,0,0,0,0,0,0,0,0,0,0,0,0,0,RX 9060,16GB,0,XFX 라데온 XT SWIFT WHITE OC D6
77378342,XFX 라데온 RX 9070 QUICKSILVER OC D6 16GB,"1,032,480","1,030,800","1,032,480","1,032,480","1,032,480","1,032,480","1,032,480","1,032,480","1,032,480","1,032,480","1,032,480","1,032,480","1,032,480","1,032,480","1,032,480","1,032,480","1,032,480","1,032,480","1,032,480","1,032,480","1,032,480","1,032,480","1,032,480","1,032,480","1,032,480","1,032,480","1,032,480","1,032,480","1,032,470","1,032,450",RX 9070,16GB,0,XFX 라데온 QUICKSILVER OC D6
78842840,XFX 라데온 RX 9070 SWIFT DUAL OC D6 16GB,"919,000","919,000","919,000","919,000","919,000","919,000","919,000","919,000","919,000","919,000","919,000","919,000","919,000","919,000","919,000","919,000","919,000","919,000","919,000","919,000","919,000","919,000","919,000","919,000","919,000","919,000","919,000","919,000","919,000","919,000",RX 9070,16GB,0,XFX 라데온 SWIFT DUAL OC D6
77378357,XFX 라데온 RX 9070 SWIFT OC D6 16GB,"925,000","925,000","925,000","925,000","925,000","925,000","925,000","925,000","925,000","925,000","925,000","925,000","925,000","925,000","925,000","925,000","925,000","925,000","925,000","925,000","925,000","925,000","925,000","925,000","925,000","925,000","925,000","925,000","925,000","925,000",RX 9070,16GB,0,XFX 라데온 SWIFT OC D6
90702359,XFX 라데온 RX 9070 XT MERCURY Magnetic Air RGB OC D6 16GB,"1,133,480","1,133,480","1,133,480","1,133,460","1,133,460","1,133,440","1,133,400","1,129,990","1,129,990","1,125,990","1,124,990","1,122,990","1,122,990","1,119,110","1,119,110","1,119,100","1,117,990","1,117,960","1,117,960","1,117,940","1,117,950","1,117,950","1,117,950","1,135,000","1,165,000","1,165,000","1,168,000","1,168,000","1,168,000","1,168,000",RX 9070 XT,16GB,0,XFX 라데온 MERCURY Magnetic Air RGB OC D6
77378183,XFX 라데온 RX 9070 XT MERCURY RGB OC D6 16GB,"1,081,000","1,081,000","1,081,000","1,081,000","1,081,000","1,081,000","1,081,000","1,080,990","1,100,460","1,100,460","1,100,460","1,100,450","1,104,000","1,104,000","1,104,000","1,104,000","1,104,000","1,142,890","1,142,890","1,142,890","1,142,890","1,142,890","1,168,200","1,168,200","1,168,200","1,170,390","1,172,590","1,197,000","1,197,000","1,197,000",RX 9070 XT,16GB,0,XFX 라데온 MERCURY RGB OC D6
79578449,XFX 라데온 RX 9070 XT MERCURY RGB OC WHITE D6 16GB,"1,602,000","1,602,000","1,602,000","1,602,000","1,602,000","1,602,000","1,602,000","1,602,000","1,602,000","1,602,000","1,602,000","1,602,000","1,602,000","1,602,000","1,602,000","1,602,000","1,602,000","1,602,000","1,602,000","1,602,000","1,602,000","1,602,000","1,602,000","1,602,000","1,602,000","1,602,000","1,602,000","1,602,000","1,602,000","1,602,000",RX 9070 XT,16GB,0,XFX 라데온 MERCURY RGB OC WHITE D6
79578347,XFX 라데온 RX 9070 XT QUICKSILVER D6 16GB,"1,045,760","1,045,760","1,045,760","1,045,740","1,045,740","1,045,720","1,045,680","1,039,990","1,039,990","1,038,990","1,037,990","1,035,990","1,035,990","1,031,000","1,031,000","1,030,990","1,029,000","1,028,980","1,028,980","1,028,940","1,039,320","1,039,320","1,039,320","1,028,910","1,028,890","1,028,890","1,028,890","1,028,890","1,028,890","1,028,890",RX 9070 XT,16GB,0,XFX 라데온 QUICKSILVER D6
77378243,XFX 라데온 RX 9070 XT QUICKSILVER Magnetic Air D6 16GB,"1,078,420","1,078,420","1,078,420","1,078,400","1,078,400","1,078,380","1,078,340","1,078,340","1,078,340","1,078,340","1,078,340","1,078,320","1,078,300","1,078,300","1,078,280","1,078,280","1,078,280","1,078,240","1,078,240","1,078,220","1,078,180","1,078,140","1,078,140","1,071,200","1,071,180","1,071,180","1,071,200","1,071,180","1,071,180","1,071,180",RX 9070 XT,16GB,0,XFX 라데온 QUICKSILVER Magnetic Air D6
78972458,XFX 라데온 RX 9070 XT QUICKSILVER Magnetic Air WHITE D6 16GB,"1,095,540","1,095,540","1,095,540","1,095,520","1,095,520","1,095,500","1,095,460","1,092,990","1,092,990","1,091,990","1,090,990","1,089,000","1,089,000","1,089,220","1,089,220","1,089,210","1,088,000","1,087,990","1,087,990","1,087,960","1,098,990","1,098,950","1,098,950","1,098,950","1,098,930","1,098,910","1,098,890","1,098,890","1,098,870","1,098,870",RX 9070 XT,16GB,0,XFX 라데온 QUICKSILVER Magnetic Air WHITE D6
78101942,XFX 라데온 RX 9070 XT QUICKSILVER WHITE D6 16GB,"1,054,170","1,054,170","1,054,170","1,054,150","1,054,150","1,054,130","1,054,090","1,054,090","1,054,090","1,054,090","1,054,090","1,054,070","1,054,050","1,054,050","1,054,030","1,054,030","1,054,030","1,053,990","1,053,990","1,053,970","1,053,930","1,053,890","1,053,890","1,053,900","1,053,900","1,053,900","1,053,900","1,053,900","1,058,490","1,058,490",RX 9070 XT,16GB,0,XFX 라데온 QUICKSILVER WHITE D6
77378288,XFX 라데온 RX 9070 XT SWIFT D6 16GB,"955,980","955,980","955,980","955,980","971,810","971,810","977,240","977,220","977,220","977,200","977,200","977,180","977,170","977,160","977,140","977,130","976,230","976,180","976,180","976,160","976,140","976,120","976,120","976,120","976,110","976,100","976,080","976,080","989,000","979,000",RX 9070 XT,16GB,0,XFX 라데온 SWIFT D6
78977732,XFX 라데온 RX 9070 XT SWIFT WHITE D6 16GB,"1,015,000","1,015,000","1,015,000","1,015,000","1,015,000","1,015,000","1,015,000","1,015,000","1,015,000","1,015,000","1,015,000","1,173,300","1,173,300","1,173,300","1,173,300","1,173,300","1,173,300","1,173,300","1,015,000","1,015,000","1,015,000","1,015,000","1,015,000","1,015,000","1,015,000","1,015,000","1,015,000","1,173,300","1,173,300","1,173,300",RX 9070 XT,16GB,0,XFX 라데온 SWIFT WHITE D6
9783714,ZOTAC GAMING 지포스 GTX 1660 SUPER AMP D6 6GB 백플레이트,"1,200,000","1,200,000","1,200,000","1,200,000","1,200,000","1,200,000","1,200,000","1,200,000","1,200,000","1,200,000","1,200,000","1,200,000","1,200,000","1,200,000","1,200,000","1,200,000","1,200,000","1,200,000","1,200,000","1,200,000","1,200,000","1,200,000","1,200,000","1,200,000","1,200,000","1,200,000","1,200,000","1,200,000","1,200,000","1,200,000",GTX 1660 SUPER,6GB,0,ZOTAC GAMING 지포스 AMP D6 백플레이트
36794303,ZOTAC GAMING 지포스 RTX 3050 D6 6GB LP,"316,000","316,000","316,000","316,000","316,000","316,000","316,000","316,000","316,000","316,000","316,000","316,000","316,000","316,000","316,000","316,000","316,000","316,000","316,000","316,000","316,000","316,000","316,000","316,000","316,000","316,000","316,000","316,000",0,0,RTX,6GB,0,ZOTAC GAMING 지포스 3050 D6 LP
93446399,ZOTAC GAMING 지포스 RTX 3050 ECO D6 8GB,"313,990","313,990","313,990","313,990","313,990","313,990","313,990","313,990","313,990","313,990","313,990","318,080","318,080","318,080","318,080","318,080","318,080","318,080","318,080","318,080","318,080","318,080","318,080","318,080","318,080","318,080","318,080","318,080","333,830","333,830",RTX,8GB,0,ZOTAC GAMING 지포스 3050 ECO D6
16284683,ZOTAC GAMING 지포스 RTX 3050 TWIN Edge OC D6 8GB,"616,900","616,900","616,900","616,900","616,900","616,900","616,900","616,900","616,900","616,900","616,900","616,900","616,900","616,900","616,900","590,380","590,380",0,"590,380",0,"590,380","590,380","590,380","590,380",0,"590,380",0,0,0,0,RTX,8GB,0,ZOTAC GAMING 지포스 3050 TWIN Edge OC D6
14853878,ZOTAC GAMING 지포스 RTX 3060 TWIN Edge OC D6 12GB LHR,"890,000","890,000","890,000","890,000","890,000","890,000","890,000","890,000","890,000","890,000","890,000","890,000","890,000","890,000","890,000","890,000","890,000","890,000","890,000","890,000","890,000","890,000","890,000","890,000","890,000","890,000","890,000","890,000","890,000","890,000",RTX,12GB,0,ZOTAC GAMING 지포스 3060 TWIN Edge OC D6 LHR
14824238,ZOTAC GAMING 지포스 RTX 3070 TWIN Edge OC D6 8GB LHR,"349,650","349,530","375,330","379,160","379,160","379,160","363,840","363,840","363,840","363,840","363,840","363,830","363,790","363,680","363,560","363,430","363,320","363,200","363,100","362,990","362,990","362,990","362,990","362,990","362,990","362,990","362,990","362,990","362,990","362,990",RTX 3070,8GB,0,ZOTAC GAMING 지포스 TWIN Edge OC D6 LHR
21446195,ZOTAC GAMING 지포스 RTX 4060 TWIN Edge OC D6 8GB,"530,000","530,000","530,000","530,000","530,000","530,000","530,000","530,000","530,000","530,000","530,000","530,000","530,000","530,000","530,000","530,000","530,000","530,000","530,000","530,000","530,000","530,000","530,000","530,000","530,000","530,000","530,000","530,000","530,000","530,000",RTX 4060,8GB,0,ZOTAC GAMING 지포스 TWIN Edge OC D6
20308373,ZOTAC GAMING 지포스 RTX 4060 Ti TWIN Edge D6 8GB,"580,490","580,490","584,230","585,140","584,490","584,490","585,140","584,480","584,470","584,470","584,460","584,470","584,460","637,000","662,000","662,000","662,000","662,000","662,000","662,000","662,000","662,000","662,000","662,000","662,000","661,980","661,990","661,990","661,990","661,990",RTX 4060,8GB,0,ZOTAC GAMING 지포스 Ti TWIN Edge D6
93703604,ZOTAC GAMING 지포스 RTX 5050 Twin Edge D6 8GB,"379,000","379,000","379,000","379,000","379,000","379,000","379,000","393,160","393,160","393,160","393,160","393,120","393,100","393,080","393,040","393,020","393,020","392,980","392,980","392,960","392,880","392,820","392,820","392,800","392,760","392,740","392,660","388,940","388,910","388,790",RTX 5050,8GB,0,ZOTAC GAMING 지포스 Twin Edge D6
99290201,ZOTAC GAMING 지포스 RTX 5050 Twin Edge OC White D6 8GB,가격비교예정,가격비교예정,가격비교예정,가격비교예정,가격비교예정,가격비교예정,가격비교예정,가격비교예정,가격비교예정,가격비교예정,가격비교예정,가격비교예정,가격비교예정,가격비교예정,가격비교예정,가격비교예정,가격비교예정,가격비교예정,가격비교예정,0,0,0,0,0,0,0,0,0,0,0,RTX 5050,8GB,0,ZOTAC GAMING 지포스 Twin Edge OC White D6
90575306,ZOTAC GAMING 지포스 RTX 5060 AMP D7 8GB,"465,000","465,000","465,000","465,000","465,000","465,000","465,000","480,000","480,000","480,000","480,000","480,000","480,000","480,000","480,000","480,000","480,000","480,000","479,990","479,990","479,990","479,990","479,990","479,990","477,330","477,280","477,250","477,120","477,010","476,890",RTX 5060,8GB,0,ZOTAC GAMING 지포스 AMP D7
96985157,ZOTAC GAMING 지포스 RTX 5060 Ti AMP D7 8GB,"587,880","587,880","587,880","587,880","587,880","587,880","587,880","599,000","599,000","599,000","599,000","599,000","599,000","599,000","604,660","604,660","604,660","604,660","604,660","617,000","581,730","581,730","581,730","587,270","584,330","595,950","578,670","595,970","595,930","595,930",RTX 5060,8GB,0,ZOTAC GAMING 지포스 Ti AMP D7
81062540,ZOTAC GAMING 지포스 RTX 5060 Ti Twin Edge OC D7 16GB,"662,670","662,670","664,120","659,640","659,630","649,520","649,520","668,900","668,900","668,890","668,900","668,900","678,990","678,990","668,900","668,900","668,900","668,900","668,900","668,890","668,890","668,890","668,890","668,880","668,880","668,870","668,840","668,830","668,790","668,750",RTX 5060,16GB,0,ZOTAC GAMING 지포스 Ti Twin Edge OC D7
85410707,ZOTAC GAMING 지포스 RTX 5060 Ti Twin Edge OC D7 8GB,"559,990","557,570","557,570","575,890","575,890","575,870","575,850","575,850","575,850","575,850","575,860","575,860","575,860","575,860","575,000","575,000","575,000","575,000","575,000","575,000","575,000","575,000","575,000","575,000","575,000","575,000","575,000","575,000","575,000","575,000",RTX 5060,8GB,0,ZOTAC GAMING 지포스 Ti Twin Edge OC D7
95928785,ZOTAC GAMING 지포스 RTX 5060 Ti Twin Edge OC White D7 16GB,"681,140","681,140","681,120","681,080","671,900","671,770","671,700","671,630","671,570","671,620","671,440","671,390","671,390","681,200","681,190","681,170","681,170","681,130","674,900","681,110","674,890","674,890","674,890","674,890","674,890","680,880","680,800","680,780","680,740","680,700",RTX 5060,16GB,0,ZOTAC GAMING 지포스 Ti Twin Edge OC White D7
98613755,ZOTAC GAMING 지포스 RTX 5060 Ti Twin Edge OC White D7 8GB,"578,670","578,670","578,640","578,140","577,670","577,160","576,660","576,320","576,320","576,320","577,090","576,730","576,320","576,320","576,260","576,240","576,240","576,200","576,200","576,180","576,100","576,040","576,040","576,020","575,980","575,960","575,880","575,860","575,820","575,780",RTX 5060,8GB,0,ZOTAC GAMING 지포스 Ti Twin Edge OC White D7
91910279,ZOTAC GAMING 지포스 RTX 5060 Twin Edge OC D7 8GB,"429,000","433,290","434,000","433,920","444,990","451,680","455,800","455,500","455,490","455,470","455,490","453,580","451,720","453,400","451,680","451,660","451,590","451,500","448,900","448,890","448,840","448,780","448,780","448,770","448,720","448,680","448,600","448,580","449,060","449,020",RTX 5060,8GB,0,ZOTAC GAMING 지포스 Twin Edge OC D7
96313871,ZOTAC GAMING 지포스 RTX 5060 Twin Edge OC White D7 8GB,"480,000","486,890","489,660","481,130","481,080","481,030","480,970","504,990","504,990","504,980","504,970","502,580","502,560","502,540","502,500","502,420","502,340","502,260","502,230","502,230","496,720","496,680","496,680","496,670","488,000","487,930","487,820","477,000","486,270","486,150",RTX 5060,8GB,0,ZOTAC GAMING 지포스 Twin Edge OC White D7
85732049,ZOTAC GAMING 지포스 RTX 5070 AMP White D7 12GB,"871,000","883,940","883,920","885,000","902,470","902,470","902,470","902,470","902,470","908,990","908,990","908,990","923,060","929,010","929,010","929,010","937,140","937,140","899,000","883,920","883,840","883,780","883,770","883,750","883,710","883,690","883,620","883,590","883,550","883,510",RTX 5070,12GB,0,ZOTAC GAMING 지포스 AMP White D7
77319383,ZOTAC GAMING 지포스 RTX 5070 SOLID D7 12GB,"879,000","889,000","889,000","912,070","912,070","889,000","889,000","889,000","889,000","889,000","937,000","937,000","937,000","937,000",0,0,0,0,0,0,0,0,0,0,0,0,0,0,0,0,RTX 5070,12GB,0,ZOTAC GAMING 지포스 SOLID D7
77319413,ZOTAC GAMING 지포스 RTX 5070 SOLID OC D7 12GB,"859,670","858,120","860,190","849,160","849,150","839,950","839,950","857,800","857,790","857,790","857,790","829,530","855,000","855,000","855,000","878,990","878,990","878,990","878,990","910,830","899,000","898,990","898,990","879,000","864,860","864,850","864,840","864,820","864,820","864,770",RTX 5070,12GB,0,ZOTAC GAMING 지포스 SOLID OC D7
76464395,ZOTAC GAMING 지포스 RTX 5070 Ti AMP Extreme Infinity D7 16GB,"1,361,000","1,361,000","1,443,320","1,443,280","1,443,280","1,443,260","1,443,240","1,443,240","1,443,240","1,443,240","1,443,240","1,443,200","1,443,180","1,443,160","1,443,120","1,443,100","1,443,100","1,443,060","1,443,060","1,443,040","1,442,980","1,442,920","1,442,910","1,442,890","1,442,850","1,442,830","1,442,760","1,442,730","1,442,690","1,442,650",RTX 5070 Ti,16GB,0,ZOTAC GAMING 지포스 AMP Extreme Infinity D7
92358173,ZOTAC GAMING 지포스 RTX 5070 Ti SOLID CORE OC D7 16GB,"1,679,000","1,679,000","1,679,000","1,679,000","1,679,000","1,679,000","1,679,000","1,679,000","1,679,000","1,679,000","1,679,000","1,679,000","1,679,000","1,679,000","1,679,000","1,679,000","1,679,000","1,679,000","1,679,000","1,679,000","1,679,000","1,679,000","1,679,000","1,679,000","1,679,000","1,679,000","1,679,000","1,679,000","1,679,000","1,679,000",RTX 5070 Ti,16GB,0,ZOTAC GAMING 지포스 SOLID CORE OC D7
92889065,ZOTAC GAMING 지포스 RTX 5070 Ti SOLID CORE OC White D7 16GB,"1,429,000","1,429,000","1,429,000","1,429,000","1,429,000","1,478,990","1,478,990","1,478,990","1,478,990","1,478,990","1,499,000","1,499,000","1,659,000","1,659,000","1,659,000","1,659,000","1,659,000","1,659,000","1,659,000","1,659,000","1,659,000","1,648,250","1,658,990","1,658,950","1,658,990","1,659,000","1,659,000","1,659,000","1,659,000","1,659,000",RTX 5070 Ti,16GB,0,ZOTAC GAMING 지포스 SOLID CORE OC White D7
76464143,ZOTAC GAMING 지포스 RTX 5070 Ti SOLID OC D7 16GB,"1,314,990","1,317,990","1,317,990","1,337,930","1,336,920","1,323,870","1,323,870","1,305,470","1,326,720","1,326,640","1,325,990","1,325,990","1,325,910","1,325,920","1,326,580","1,326,590","1,326,510","1,326,720","1,326,730","1,337,790","1,337,710","1,357,990","1,357,990","1,358,000","1,358,000","1,326,670","1,393,990","1,393,990","1,393,920","1,393,890",RTX 5070 Ti,16GB,0,ZOTAC GAMING 지포스 SOLID OC D7
78986552,ZOTAC GAMING 지포스 RTX 5070 Ti SOLID SFF OC D7 16GB,"1,645,880","1,645,880","1,753,220","1,771,110","1,771,110",0,0,0,0,0,0,0,0,0,0,0,0,0,0,0,0,0,0,0,0,0,0,"1,699,550","1,699,550","1,699,550",RTX 5070 Ti,16GB,0,ZOTAC GAMING 지포스 SOLID SFF OC D7
74971838,ZOTAC GAMING 지포스 RTX 5080 AMP EXTREME INFINITY D7 16GB,"2,219,440","2,219,440","2,219,440","2,219,440","2,219,440","2,219,440","2,219,440","2,219,440","2,219,450","2,219,450","2,525,000","2,525,000","2,525,000","2,525,000","2,525,000","2,525,000","2,525,000","2,525,000","2,525,000","2,525,000","2,525,000","2,525,000","2,525,000","2,149,000","2,149,000","2,149,000","2,149,000","2,149,000","2,149,000","2,149,000",RTX 5080,16GB,0,ZOTAC GAMING 지포스 AMP EXTREME INFINITY D7
79116668,ZOTAC GAMING 지포스 RTX 5080 SOLID CORE OC D7 16GB,"2,279,000","2,279,000","2,279,000","2,279,000","2,279,000","2,279,000","2,249,000","2,249,000","2,249,000","2,249,000","2,249,000","2,249,000","2,249,000","2,249,000","1,760,000","1,760,000","1,760,000","1,760,000","1,760,000","1,760,000","1,760,000","1,760,000","1,760,000","1,760,000","1,760,000","1,760,000",0,"2,165,050","2,165,050","2,165,050",RTX 5080,16GB,0,ZOTAC GAMING 지포스 SOLID CORE OC D7
74970929,ZOTAC GAMING 지포스 RTX 5080 SOLID OC D7 16GB,"1,790,900","1,786,460","1,786,460","1,798,990","1,798,990","1,765,300","1,765,300","1,765,300","1,765,290","1,808,840","1,808,840","1,808,800","1,808,780","1,808,760","1,808,720","1,808,700","1,808,700","1,808,660","1,808,660","1,808,640","1,808,560","1,808,500","1,808,490","1,808,470","1,808,430","1,808,410","1,808,340","1,790,900","1,790,870","1,790,750",RTX 5080,16GB,0,ZOTAC GAMING 지포스 SOLID OC D7
77624201,ZOTAC GAMING 지포스 RTX 5080 SOLID OC White D7 16GB,"1,832,580","1,832,580","1,832,570","1,832,550","1,832,550","1,832,550","1,858,980","1,858,970","1,857,990","1,857,990","1,858,980","1,839,000","1,835,000","1,834,990","1,834,990","1,834,980","1,834,980","1,834,980","1,834,970","1,834,950","1,834,890","1,834,830","1,834,830","1,834,810","1,834,770","1,834,750","1,834,720","1,828,980","1,827,930","1,827,850",RTX 5080,16GB,0,ZOTAC GAMING 지포스 SOLID OC White D7
75857285,ZOTAC GAMING 지포스 RTX 5090 AMP EXTREME INFINITY D7 32GB,"4,788,990","4,788,990","4,693,220","4,741,110","4,741,110","5,283,630","5,283,630","5,283,630","5,283,630","5,283,630","5,283,630","5,307,000","5,307,000","5,307,000","5,307,000","5,307,000","5,307,000","5,307,000","5,307,000","5,307,000","5,307,000","5,307,000","5,307,000","4,680,000","4,680,000","4,650,000","4,589,000","4,549,000","4,499,000","4,399,000",RTX 5090,32GB,0,ZOTAC GAMING 지포스 AMP EXTREME INFINITY D7
98771696,ZOTAC GAMING 지포스 RTX 5090 ArcticStorm AIO D7 32GB,가격비교예정,가격비교예정,가격비교예정,가격비교예정,가격비교예정,"4,490,000","4,490,000","4,490,000","4,490,000",0,0,0,"4,400,000","4,532,980","4,400,000","4,400,000","4,400,000","4,400,000","4,400,000","4,400,000","4,400,000","4,400,000","4,400,000","4,490,000","4,400,000","4,490,000","4,550,000","4,550,000","4,550,000","4,550,000",RTX 5090,32GB,0,ZOTAC GAMING 지포스 ArcticStorm AIO D7
74996477,ZOTAC GAMING 지포스 RTX 5090 SOLID OC D7 32GB,"4,571,050","4,570,980","4,863,000","4,863,000","4,863,000","4,940,100","4,940,100","4,922,000","4,922,000","4,922,000","4,940,100","4,989,990","4,989,990","4,989,990","4,989,990","4,989,990","4,989,990","4,989,990","4,989,990","4,989,990","4,649,000","4,649,000","4,649,000","4,619,850","4,604,990","4,540,840","4,540,770","4,540,740","4,540,700","4,540,660",RTX 5090,32GB,0,ZOTAC GAMING 지포스 SOLID OC D7
78613343,ZOTAC GAMING 지포스 RTX 5090 SOLID OC White D7 32GB,"5,732,210","5,390,990","5,760,290","5,760,290","5,760,290","5,760,290","5,760,290","5,760,290","5,760,290","5,760,290","5,760,290","5,760,280","5,760,250","5,760,130","5,760,010","5,759,880","5,759,760","5,759,660","4,900,000","4,900,000","4,900,000","4,900,000","4,900,000","4,900,000","4,900,000","4,900,000","4,900,000","4,900,000","4,900,000","4,900,000",RTX 5090,32GB,0,ZOTAC GAMING 지포스 SOLID OC White D7
61844678,갤럭시 BOY 지포스 RTX 3050 EX BLACK D6 6GB DVI,"273,000","273,000","273,000","273,000","273,000","273,000","273,000","273,000","273,000","273,000","273,000","273,000","273,000","273,000","273,000","273,000","273,000","273,000","273,000","273,000","273,000","273,000","273,000","273,000","273,000","273,000","273,000","273,000","273,000","273,000",RTX,6GB,0,갤럭시 BOY 지포스 3050 EX BLACK D6 DVI
36157499,갤럭시 BOY 지포스 RTX 3050 WHITE D6 6GB LP,"292,990","292,990","293,000","293,000","293,000","293,000","293,000","283,480","286,020","293,000","293,000","293,000","293,000","293,000","286,030","286,030","293,000","293,000","293,000","293,000","293,000","293,000","293,000","293,000","293,000","293,000","293,000",0,0,0,RTX,6GB,0,갤럭시 BOY 지포스 3050 WHITE D6 LP
15145340,갤럭시 BOY 지포스 RTX 3060 V2 D6 12GB,"405,490","397,720","418,000","418,000","418,000","418,000","418,000","405,190","397,720","418,000","418,000","418,000","418,000","418,000","405,190","408,770","418,000","422,000","422,000","422,000","422,000","422,000","422,000","422,000","422,000","422,000","422,000","447,000","447,000","447,000",RTX,12GB,0,갤럭시 BOY 지포스 3060 V2 D6
33384821,갤럭시 BOY 지포스 RTX 4060 2X OC V2 D6 8GB,"587,000","587,000","587,000","587,000","587,000","587,000","587,000","587,000","587,000","587,000","587,000","587,000","587,000","587,000","587,000","587,000","587,000","587,000","587,000","587,000","587,000","587,000","587,000","587,000","587,000","587,000","587,000","587,000","587,000","587,000",RTX 4060,8GB,0,갤럭시 BOY 지포스 2X OC V2 D6
27549911,갤럭시 BOY 지포스 RTX 4060 EX OC D6 8GB,"539,550","539,550","574,740","580,600","580,600","580,600","557,130","557,130","557,130","557,130","557,130","557,130","557,130","557,130","557,130","557,130","557,130","557,130",0,0,0,0,0,0,0,0,0,0,0,0,RTX 4060,8GB,0,갤럭시 BOY 지포스 EX OC D6
70619930,갤럭시 BOY 지포스 RTX 4060 Ti OC V2 D6 8GB,"618,470","618,470","618,470","618,470","618,470","618,470","618,470","618,470","618,470","618,470","618,470","618,470","618,470","618,470","618,470","618,470","618,470","618,470","618,470","618,470","618,470","618,470","618,470","618,470","618,470","618,470","675,400","675,400","675,400","675,400",RTX 4060,8GB,0,갤럭시 BOY 지포스 Ti OC V2 D6
58917296,갤럭시 BOY 지포스 RTX 4060 Ti WHITE OC D6 8GB,"579,000","579,000","579,000","579,000","579,000","579,000","579,000","579,000","579,000","579,000","579,000","579,000","579,000","579,000","579,000","579,000","579,000","579,000","579,000","579,000","549,000","549,000","549,000","549,000","569,000","569,850","569,850","569,850","569,850","569,850",RTX 4060,8GB,0,갤럭시 BOY 지포스 Ti WHITE OC D6
72916541,갤럭시 BOY 지포스 RTX 4070 EX GAMER WHITE OC D6 12GB,"1,059,000","1,059,000","1,059,000","1,059,000","1,059,000","1,059,000","1,059,000","1,059,000","1,059,000","1,059,000","1,059,000","1,059,000","1,059,000","1,059,000","1,059,000","1,059,000","1,059,000","1,059,000","1,059,000","1,059,000","1,059,000","1,059,000","1,059,000","1,059,000","1,059,000","1,059,000","1,059,000","1,059,000","1,059,000","1,059,000",RTX 4070,12GB,0,갤럭시 BOY 지포스 EX GAMER WHITE OC D6
11813914,갤럭시 GALAX 지포스 GTX 1650 BLACK EX PLUS OC D6 4GB,"241,860","241,730","241,990","241,990","241,990","241,990","241,990","266,000","266,000","266,000","266,000","266,000","266,000","266,000","266,000","266,000","266,000","266,000","266,000","266,000","266,000","266,000","266,000","266,000","249,000","249,000","249,000","249,000","249,000","249,000",GTX 1650,4GB,0,갤럭시 GALAX 지포스 BLACK EX PLUS OC D6
7462198,갤럭시 GALAX 지포스 GTX 1660 BLACK D D5 6GB,"796,735","796,735","796,735","796,735","796,735","796,735","796,735","866,016","866,016","866,016","866,016","866,016","866,016","866,016","866,016","866,016","866,016","866,016","866,016","866,016","866,016","866,016","866,016","866,016","866,016","866,016","866,016","866,016","866,016","866,016",GTX 1660,6GB,0,갤럭시 GALAX 지포스 BLACK D D5
6565469,갤럭시 GALAX 지포스 RTX 2080 Ti Hall Of Fame D6 11GB,"3,357,890","3,357,890","3,357,890","3,357,890","3,357,890","3,357,890","3,327,890","3,327,890","3,327,890","3,327,890","3,327,890","3,327,890","3,327,890","3,327,890","3,327,890","3,327,890","3,327,890","3,327,890","3,327,890","3,357,900","3,327,900",0,0,0,0,0,0,0,0,0,RTX 2080 Ti,11GB,0,갤럭시 GALAX 지포스 Hall Of Fame D6
41420264,갤럭시 GALAX 지포스 RTX 3050 EX BLACK D6 6GB,"318,000","318,000","318,000","318,000","318,000","318,000","318,000","318,000","318,000","318,000","318,000","318,000","318,000","318,000","318,000","318,000","318,000","318,000","318,000","318,000","318,000","318,000","318,000","318,000","315,000","315,000","315,000","315,000","315,000","315,000",RTX,6GB,0,갤럭시 GALAX 지포스 3050 EX BLACK D6
63419924,갤럭시 GALAX 지포스 RTX 3050 EX BLACK D6 6GB DVI,"255,435","255,430","265,220","259,000","255,430","259,500","267,540","250,180","252,400","259,500","267,540","267,540","267,540","259,350","252,410","252,410","258,990","258,990","265,040","267,890","265,680","252,410","252,410","258,990","259,490","258,980","258,840","258,880","258,830","258,830",RTX,6GB,0,갤럭시 GALAX 지포스 3050 EX BLACK D6 DVI
92107490,갤럭시 GALAX 지포스 RTX 3050 EX D6 6GB DUAL HDMI,"281,400","278,000","287,000","284,000","287,000","287,000","287,000","272,340","272,300","287,000","287,000","287,000","287,000","272,650","277,540","277,520","286,990","286,990","280,570","286,990","286,990","284,430","277,000","286,990","286,990","286,990","286,990","286,990","276,990","276,980",RTX,6GB,0,갤럭시 GALAX 지포스 3050 EX D6 DUAL HDMI
74013713,갤럭시 GALAX 지포스 RTX 3050 EX WHITE D6 6GB DVI,"270,480","270,460","284,000","284,000","284,000","284,000","284,000","270,480","270,400","284,000","284,000","284,000","284,000","269,800","270,480","270,400","284,000","284,000","270,490","284,000","284,000","270,480","270,480","283,990","272,140","283,990","283,990","283,940","270,470","270,440",RTX,6GB,0,갤럭시 GALAX 지포스 3050 EX WHITE D6 DVI
36157487,갤럭시 GALAX 지포스 RTX 3050 WHITE D6 6GB LP,"287,530","283,990","287,950","290,000","290,300","290,300","290,300","283,490","283,400","290,270","290,220","290,220","290,220","278,350","286,030","286,020","290,000","290,000","287,490","290,000","290,000","283,480","283,480","290,000","283,490","290,000","290,000","290,000","283,320","283,280",RTX,6GB,0,갤럭시 GALAX 지포스 3050 WHITE D6 LP
14448719,갤럭시 GALAX 지포스 RTX 3060 V2 D6 12GB,"414,900","414,880","418,000","415,000","418,000","418,000","397,100","396,980","396,900","397,100","397,100","418,000","409,500","397,100","397,060","397,000","418,000","418,000","408,490","408,000","418,000","418,000","418,000","418,000","418,000","418,000","418,000","418,000","418,000","422,000",RTX,12GB,0,갤럭시 GALAX 지포스 3060 V2 D6
13279097,갤럭시 GALAX 지포스 RTX 3070 EX BLACK OC V3 D6 8GB,"631,120","631,120","672,280","679,140","679,140","679,140","656,000","656,000","656,000","656,000","656,000","651,700","651,700","651,700","651,700","651,700","651,700","651,700","651,700","651,700","651,700","651,700","651,700","651,700","651,700","651,700","651,700","651,700","651,700","651,700",RTX 3070,8GB,0,갤럭시 GALAX 지포스 EX BLACK OC V3 D6
33384806,갤럭시 GALAX 지포스 RTX 4060 2X OC V2 D6 8GB,"920,000","920,000","980,000","990,000","990,000","990,000","970,000","970,000","970,000","970,000","970,000","950,000","950,000","950,000","950,000","950,000","950,000","950,000","950,000","950,000","950,000","950,000","950,000","950,000","950,000","950,000","950,000","950,000","950,000","950,000",RTX 4060,8GB,0,갤럭시 GALAX 지포스 2X OC V2 D6
82779548,갤럭시 GALAX 지포스 RTX 4060 2X OC V3 D6 8GB,"649,990","649,990","637,000","643,500","643,500","643,500","620,000","620,000","620,000","620,000","620,000","620,000","620,000","620,000","620,000","620,000","620,000","620,000","620,000","620,000","620,000","620,000","620,000","620,000","695,000","695,000","695,000","695,000","695,000","695,000",RTX 4060,8GB,0,갤럭시 GALAX 지포스 2X OC V3 D6
20730242,갤럭시 GALAX 지포스 RTX 4060 EX BLACK OC D6 8GB,"542,000","542,000","542,000","542,000","542,000","542,000","542,000","542,000","542,000","542,000","542,000","542,000","542,000","542,000","542,000","542,000","542,000","542,000","542,000","542,000","542,000","542,000","542,000","542,000","541,400","542,000","542,000","542,000","542,000","542,000",RTX 4060,8GB,0,갤럭시 GALAX 지포스 EX BLACK OC D6
90645200,갤럭시 GALAX 지포스 RTX 4060 EX WHITE OC V2 D6 8GB,"498,000","498,000","498,000","498,000","498,000","498,000","498,000","498,000","498,000","498,000","498,000","498,000","498,000","498,000","498,000","498,000","498,000","498,000","497,000","497,000","497,000","497,000","497,000","497,000","497,000","497,000","631,000","631,000",0,0,RTX 4060,8GB,0,갤럭시 GALAX 지포스 EX WHITE OC V2 D6
63468029,갤럭시 GALAX 지포스 RTX 4060 Ti 3X OC D6 8GB,"650,000","650,000","650,000","650,000","650,000","650,000","650,000","650,000","650,000","650,000","650,000","650,000","650,000",0,0,0,0,0,0,0,0,0,0,0,0,0,0,0,0,0,RTX 4060,8GB,0,갤럭시 GALAX 지포스 Ti 3X OC D6
20298116,갤럭시 GALAX 지포스 RTX 4060 Ti EX BLACK OC D6 8GB,"845,000","845,000","845,000","845,000","845,000","845,000","815,000","815,000","815,000","815,000","815,000","815,000","815,000","815,000","815,000","815,000","815,000","815,000","815,000","815,000","815,000","815,000","815,000","815,000","815,000","815,000","815,000","815,000","815,000","815,000",RTX 4060,8GB,0,갤럭시 GALAX 지포스 Ti EX BLACK OC D6
20297981,갤럭시 GALAX 지포스 RTX 4060 Ti EX WHITE OC D6 8GB,"590,980","590,980","590,990","590,990","590,990","591,000","591,000","591,000","590,990","591,000","591,000","591,000","591,000","561,450","561,450","561,450","591,000","590,990","581,000","581,000","581,000","581,000","581,000","581,000","581,000","581,000","590,990","590,990","590,990","590,990",RTX 4060,8GB,0,갤럭시 GALAX 지포스 Ti EX WHITE OC D6
94569056,갤럭시 GALAX 지포스 RTX 4060 Ti EX WHITE OC V2 D6 8GB,"579,890","566,000","591,000","588,000","591,000","591,000","561,450","561,420","561,400","561,450","561,450","591,000","591,000","561,450","561,410","561,350","591,000","561,450","581,000","581,000","581,000","577,940","560,740","581,000","581,000","581,000","581,000","581,000","560,730","560,700",RTX 4060,8GB,0,갤럭시 GALAX 지포스 Ti EX WHITE OC V2 D6
20297774,갤럭시 GALAX 지포스 RTX 4060 Ti OC D6 8GB,"692,000","692,000","692,000","692,000","692,000","692,000","662,000","662,000","662,000","662,000","662,000","662,000","662,000","662,000","662,000","662,000","662,000","662,000","662,000","662,000","662,000","662,000","662,000","662,000","662,000","662,000","662,000","662,000","662,000","662,000",RTX 4060,8GB,0,갤럭시 GALAX 지포스 Ti OC D6
70618187,갤럭시 GALAX 지포스 RTX 4060 Ti OC V2 D6 8GB,"561,000","560,980","572,000","569,000","572,000","572,000","543,400","542,880","542,800","543,400","543,400","572,000","572,000","543,400","557,480","557,400","572,000","572,000","562,400","562,400","562,400","558,780","558,780","562,400","562,400","562,400","562,400","485,000","485,000","485,000",RTX 4060,8GB,0,갤럭시 GALAX 지포스 Ti OC V2 D6
58849874,갤럭시 GALAX 지포스 RTX 4060 Ti WHITE OC D6 8GB,"555,550","555,530","563,970","567,890","568,990","567,890","567,890","555,550","555,500","568,990","567,890","568,990","567,890","567,890","555,550","555,500","568,990","568,990","557,490","568,990","567,890","565,380","565,380","568,990","568,990","578,490","578,490","578,490","570,990","570,960",RTX 4060,8GB,0,갤럭시 GALAX 지포스 Ti WHITE OC D6
77465684,갤럭시 GALAX 지포스 RTX 4060 Ti WHITE OC V2 D6 8GB,"552,880","552,860","552,900","552,900","552,900","552,900","552,900","551,940","551,900","552,900","587,000","587,000","587,000","572,000","572,000","572,000","572,000","587,000","587,000","587,000","587,000","587,000","587,000","587,000","587,000","587,000","587,000","587,000","587,000","587,000",RTX 4060,8GB,0,갤럭시 GALAX 지포스 Ti WHITE OC V2 D6
57449264,갤럭시 GALAX 지포스 RTX 4060 WHITE OC D6 8GB,"616,170","616,170","616,170","616,170","616,170","616,170","616,170","616,170","616,170","616,170","616,170","616,170","616,170","616,170","616,170","616,170","616,170","616,170","616,170","616,170","616,170","616,170","616,170","616,170","616,170","616,170","616,170","616,170","616,170","616,170",RTX 4060,8GB,0,갤럭시 GALAX 지포스 WHITE OC D6
73948553,갤럭시 GALAX 지포스 RTX 4060 WHITE OC V2 D6 8GB,"495,000","495,000","495,000","611,000","611,000","990,000","970,000","970,000","970,000","970,000","970,000","950,000","950,000","950,000","950,000","950,000","950,000","950,000","950,000","950,000","950,000","950,000","950,000","950,000","950,000","950,000","950,000","950,000","950,000","950,000",RTX 4060,8GB,0,갤럭시 GALAX 지포스 WHITE OC V2 D6
20775779,갤럭시 GALAX 지포스 RTX 4070 2X D6X 12GB,0,0,0,0,0,0,0,0,0,0,0,0,0,"898,610","898,610","898,610","898,610","879,610","879,610","879,610","879,610","879,610","879,610","879,610","879,610",0,0,0,0,0,RTX 4070,12GB,0,갤럭시 GALAX 지포스 2X D6X
19773515,갤럭시 GALAX 지포스 RTX 4070 EX GAMER PINK OC D6X 12GB,"888,070","888,070","945,990","955,640","955,640","955,640","955,640","955,640","955,640","955,640","955,640","917,030","917,030","917,030","917,030","917,030","917,030","917,030","917,030","917,030",0,0,0,0,0,0,0,0,0,0,RTX 4070,12GB,0,갤럭시 GALAX 지포스 EX GAMER PINK OC D6X
19059974,갤럭시 GALAX 지포스 RTX 4070 Ti EX GAMER BLACK OC D6X 12GB,"1,680,000","1,680,000","1,680,000","1,680,000","1,680,000","1,680,000","1,680,000","1,680,000","1,680,000","1,680,000","1,680,000","1,680,000","1,680,000","1,680,000","1,680,000","1,680,000","1,680,000","1,680,000","1,680,000","1,680,000","1,680,000",0,0,0,0,0,0,0,0,0,RTX 4070 Ti,12GB,0,갤럭시 GALAX 지포스 EX GAMER BLACK OC D6X
21629063,갤럭시 GALAX 지포스 RTX 4070 Ti EX GAMER WHITE OC V2 D6X 12GB,0,0,0,0,0,0,0,0,0,0,0,0,0,"1,450,000","1,450,000","1,450,000","1,450,000","1,450,000","1,450,000","1,450,000",0,0,0,0,0,0,0,0,0,0,RTX 4070 Ti,12GB,0,갤럭시 GALAX 지포스 EX GAMER WHITE OC V2 D6X
100621445,갤럭시 GALAX 지포스 RTX 4070 Ti SUPER EX GAMER OC D6X 16GB DUAL HDMI (벌크),0,0,0,0,0,0,0,0,0,0,0,0,0,0,0,0,0,가격비교예정,"1,248,100","1,248,100","1,248,100","1,247,000","1,247,000","1,248,100","1,248,100","1,248,100","1,248,100","1,248,100","1,224,990","1,224,960",RTX 4070 Ti SUPER,16GB,벌크,갤럭시 GALAX 지포스 EX GAMER OC D6X DUAL HDMI
39076685,갤럭시 GALAX 지포스 RTX 4070 Ti SUPER EX GAMER WHITE OC D6X 16GB,"1,857,920","1,857,920","1,857,920","1,857,920","1,857,920","1,857,920","1,857,920","1,847,730","1,847,730","1,847,730","1,847,730","1,847,730","1,847,730","1,847,730","1,847,730","1,847,730","1,847,730","1,847,730","1,847,730","1,847,730","1,835,850","1,847,730","1,835,850","1,835,850","1,835,850","1,835,850","1,847,730","1,847,730","1,847,730","1,847,730",RTX 4070 Ti SUPER,16GB,0,갤럭시 GALAX 지포스 EX GAMER WHITE OC D6X
93501725,갤럭시 GALAX 지포스 RTX 5050 BLACK OC D6 8GB DUAL HDMI,"376,200","376,200","383,110","383,110","383,110","383,110","379,050","376,210","376,190","379,040","379,040","398,990","399,000","379,050","376,230","376,230","379,040","379,040","379,030","378,940","378,850","378,960","376,250","393,850","383,140","394,770","383,030","383,000","376,240","376,230",RTX 5050,8GB,0,갤럭시 GALAX 지포스 BLACK OC D6 DUAL HDMI
99742778,갤럭시 GALAX 지포스 RTX 5050 WHITE OC D6 8GB DUAL HDMI,"382,280","382,260","382,300","382,300","382,300","385,000","385,000","381,930","381,900","385,000","385,000","399,000","399,000","399,000","395,900","395,800","398,990","398,990","398,990","399,000","398,990","395,000","395,000","398,990","398,990","398,990","398,990","395,240","390,990","390,960",RTX 5050,8GB,0,갤럭시 GALAX 지포스 WHITE OC D6 DUAL HDMI
100618931,갤럭시 GALAX 지포스 RTX 5060 BLACK D7 8GB LP,0,0,0,0,0,0,0,0,0,0,0,0,0,0,0,0,가격비교예정,가격비교예정,"497,000","497,000","497,000","496,980","496,970","497,000","497,000","497,000","497,000","497,000","493,990","493,960",RTX 5060,8GB,0,갤럭시 GALAX 지포스 BLACK D7 LP
91426661,갤럭시 GALAX 지포스 RTX 5060 BLACK OC D7 8GB,"467,690","471,420","487,490","491,170","482,990","482,090","452,000","470,230","466,490","470,250","470,250","467,480","470,250","468,350","466,450","466,420","470,250","470,250","470,250","470,250","468,320","465,000","464,990","465,000","465,000","460,990","460,970","460,920","458,990","458,960",RTX 5060,8GB,0,갤럭시 GALAX 지포스 BLACK OC D7
94520585,갤럭시 GALAX 지포스 RTX 5060 BLACK OC D7 8GB DUAL HDMI,"498,990","492,800","500,000","506,000","506,000","493,100","480,700","480,680","480,600","480,700","480,700","480,700","480,700","480,700","480,680","479,690","480,700","479,750","480,700","480,700","480,700","480,680","480,680","480,700","480,690","468,000","480,700","480,700","475,000","474,990",RTX 5060,8GB,0,갤럭시 GALAX 지포스 BLACK OC D7 DUAL HDMI
99896039,갤럭시 GALAX 지포스 RTX 5060 BLACK OC V2 D7 8GB,0,0,0,0,가격비교예정,"470,600","451,140","468,300","468,200","468,350","468,350","477,100","493,000","468,350","468,310","468,280","468,350","468,350","468,350","468,350","468,350","468,300","468,290","468,350","468,350","468,350","468,350","468,350","468,250","468,220",RTX 5060,8GB,0,갤럭시 GALAX 지포스 BLACK OC V2 D7
99896525,갤럭시 GALAX 지포스 RTX 5060 BLACK OC V2 D7 8GB DUAL HDMI,0,0,0,0,가격비교예정,"481,100","478,800","478,770","478,700","478,800","476,900","488,100","504,000","478,800","478,790","478,790","478,800","478,800","478,800","478,800","478,800","478,790","478,790","478,800","478,800","478,800","478,800","478,800","478,650","478,620",RTX 5060,8GB,0,갤럭시 GALAX 지포스 BLACK OC V2 D7 DUAL HDMI
90955670,갤럭시 GALAX 지포스 RTX 5060 EX BLACK OC D7 8GB,"501,970","501,000","516,000","502,000","505,330","502,000","502,000","502,000","479,800","502,450","479,800","502,450","505,330","479,800","479,800","479,800","502,540","515,990","515,990","515,990","493,700","493,700","489,800","515,990","516,000","493,700","489,800","515,980","489,800","489,800",RTX 5060,8GB,0,갤럭시 GALAX 지포스 EX BLACK OC D7
90955808,갤럭시 GALAX 지포스 RTX 5060 EX WHITE OC D7 8GB,"514,010","513,990","523,000","510,650","510,650","514,400","510,650","510,600","484,900","512,900","484,900","510,630","510,650","484,900","484,900","484,900","512,990","520,720","514,020","522,990","498,000","498,000","497,900","522,990","522,990","498,000","497,900","522,980","497,900","497,900",RTX 5060,8GB,0,갤럭시 GALAX 지포스 EX WHITE OC D7
99742721,갤럭시 GALAX 지포스 RTX 5060 Ti BLACK 3X D7 16GB DUAL HDMI,"727,520","727,500","727,530","727,540","727,540","728,000","728,000","727,430","727,400","746,000","758,000","742,100","758,000","758,000","722,990","722,900","723,000","723,000","723,000","723,000","723,000","722,900","719,000","723,000","723,000","723,000","723,000","749,980","739,990","739,960",RTX 5060,16GB,0,갤럭시 GALAX 지포스 Ti BLACK 3X D7 DUAL HDMI
98771447,갤럭시 GALAX 지포스 RTX 5060 Ti BLACK OC Classic D7 8GB,"621,820","614,090","623,400","641,000","641,000","628,100","611,000","610,000","609,990","611,000","611,000","625,100","641,000","611,000","610,960","610,900","611,000","611,000","611,000","611,000","611,000","610,980","608,000","611,000","611,000","611,000","611,000","611,000","610,920","610,880",RTX 5060,8GB,0,갤럭시 GALAX 지포스 Ti BLACK OC Classic D7
81715421,갤럭시 GALAX 지포스 RTX 5060 Ti BLACK OC D7 16GB,"724,130","706,000","734,000","728,990","733,990","721,100","704,000","701,970","701,900","703,990","704,000","718,100","734,000","704,000","699,880","699,800","703,990","719,350","716,790","723,990","723,990","720,000","699,000","723,990","723,990","711,970","711,880","711,800","709,140","709,040",RTX 5060,16GB,0,갤럭시 GALAX 지포스 Ti BLACK OC D7
85664150,갤럭시 GALAX 지포스 RTX 5060 Ti BLACK OC D7 8GB,"618,110","610,400","621,200","621,200","621,200","621,200","608,000","607,960","607,900","608,000","608,000","621,200","621,210","608,000","607,880","607,800","618,600","618,600","618,600","618,600","608,250","608,230","606,000","608,250","608,250","608,250","620,570","620,570","617,000","616,980",RTX 5060,8GB,0,갤럭시 GALAX 지포스 Ti BLACK OC D7
92187056,갤럭시 GALAX 지포스 RTX 5060 Ti EX BLACK OC D7 8GB,"640,360","626,000","642,720","647,000","647,000","645,100","628,000","626,790","625,980","628,000","628,000","642,100","643,000","628,000","626,960","626,910","643,000","643,000","643,000","643,000","643,000","638,940","626,000","638,890","638,890","643,000","643,000","643,000","623,990","623,960",RTX 5060,8GB,0,갤럭시 GALAX 지포스 Ti EX BLACK OC D7
91910567,갤럭시 GALAX 지포스 RTX 5060 Ti EX WHITE OC D7 8GB,"652,730","644,600","655,220","658,000","658,000","656,100","639,000","636,550","636,500","639,000","639,000","639,000","639,000","639,000","636,550","636,530","639,000","639,000","636,560","639,000","639,000","636,000","634,000","639,000","638,990","639,000","639,000","639,000","638,870","638,840",RTX 5060,8GB,0,갤럭시 GALAX 지포스 Ti EX WHITE OC D7
85674647,갤럭시 GALAX 지포스 RTX 5060 Ti WHITE OC D7 8GB,"620,500","620,480","641,000","641,000","641,000","639,100","622,000","620,560","620,540","622,000","622,000","636,100","641,000","622,000","621,980","621,900","631,820","631,820","631,820","631,820","631,820","625,000","624,000","623,990","623,990","619,000","623,990","623,990","623,500","623,480",RTX 5060,8GB,0,갤럭시 GALAX 지포스 Ti WHITE OC D7
92153012,갤럭시 GALAX 지포스 RTX 5060 WHITE OC D7 8GB,"487,480","487,460","489,990","489,890","505,970","485,990","476,900","480,560","469,300","470,000","474,990","470,250","468,990","475,000","475,000","474,960","474,850","474,730","474,720","482,260","489,990","474,920","469,990","495,150","482,320","484,800","482,640","482,240","482,170","482,140",RTX 5060,8GB,0,갤럭시 GALAX 지포스 WHITE OC D7
99895814,갤럭시 GALAX 지포스 RTX 5060 WHITE OC V2 D7 8GB,0,0,0,0,가격비교예정,"481,100","478,670","478,600","478,580","478,800","478,800","488,100","504,000","478,800","471,200","471,190","471,200","471,200","484,500","484,500","484,000","483,000","479,000","484,500","484,500","482,000","484,500","484,500","479,000","478,960",RTX 5060,8GB,0,갤럭시 GALAX 지포스 WHITE OC V2 D7
77319743,갤럭시 GALAX 지포스 RTX 5070 BLACK OC D7 12GB,"890,000","889,980","939,000","864,000","939,000","890,000","890,000","884,000","883,960","884,000","909,000","880,000","880,000","909,000","907,000","906,800","939,000","939,000","907,010","880,000","870,000","869,000","869,000","920,540","920,540","890,000","920,540","915,020","880,000","879,990",RTX 5070,12GB,0,갤럭시 GALAX 지포스 BLACK OC D7
78712517,갤럭시 GALAX 지포스 RTX 5070 EX GAMER BLACK OC D7 12GB,"951,000","950,990","973,590","925,000","999,990","951,000","951,000","945,000","944,960","945,000","970,000","941,000","941,000","970,000","941,990","941,980","968,000","999,990","966,490","941,000","931,000","930,000","929,990","968,990","953,990","950,990","953,990","953,980","940,990","940,980",RTX 5070,12GB,0,갤럭시 GALAX 지포스 EX GAMER BLACK OC D7
78235484,갤럭시 GALAX 지포스 RTX 5070 EX GAMER WHITE OC D7 12GB,"974,000","973,980","999,430","948,000","1,022,990","974,000","974,000","967,000","966,900","968,000","993,000","964,000","964,000","993,000","966,980","966,950","985,000","988,990","986,490","964,000","954,000","953,000","952,990","988,990","974,000","974,000","974,000","974,000","963,960","963,900",RTX 5070,12GB,0,갤럭시 GALAX 지포스 EX GAMER WHITE OC D7
99839876,갤럭시 GALAX 지포스 RTX 5070 Ti BLACK 2X OC D7 16GB,가격비교예정,가격비교예정,가격비교예정,가격비교예정,가격비교예정,"1,260,800","1,260,800","1,260,000","1,255,990","1,260,800","1,260,800","1,259,000","1,259,000","1,288,000","1,280,980","1,280,900","1,288,000","1,288,000","1,262,000","1,259,000","1,249,000","1,248,000","1,247,990","1,287,990","1,287,990","1,269,000","1,287,990","1,272,950","1,239,980","1,239,970",RTX 5070 Ti,16GB,0,갤럭시 GALAX 지포스 BLACK 2X OC D7
76463474,갤럭시 GALAX 지포스 RTX 5070 Ti BLACK OC D7 16GB,"1,479,000","1,478,000","1,528,000","1,453,000","1,528,000","1,479,000","1,479,000","1,473,000","1,469,990","1,473,000","1,528,000","1,469,000","1,469,000","1,528,000","1,499,000","1,498,000","1,528,000","1,528,000","1,472,000","1,469,000","1,459,000","1,458,000","1,449,000","1,480,100","1,480,100","1,479,000","1,480,100","1,480,100","1,425,750","1,425,750",RTX 5070 Ti,16GB,0,갤럭시 GALAX 지포스 BLACK OC D7
77086862,갤럭시 GALAX 지포스 RTX 5070 Ti EX GAMER BLACK OC D7 16GB,"1,402,330","1,402,330","1,477,824","1,428,000","1,427,190","1,454,000","1,454,000","1,402,330","1,402,320","1,447,990","1,502,990","1,443,990","1,444,000","1,503,000","1,446,990","1,446,990","1,465,000","1,503,000","1,402,330","1,444,000","1,434,000","1,402,320","1,402,320","1,456,350","1,456,000","1,453,980","1,451,970","1,443,990","1,402,320","1,402,320",RTX 5070 Ti,16GB,0,갤럭시 GALAX 지포스 EX GAMER BLACK OC D7
77086958,갤럭시 GALAX 지포스 RTX 5070 Ti EX GAMER WHITE OC D7 16GB,"1,466,260","1,466,230","1,514,192","1,465,000","1,514,192","1,491,000","1,491,000","1,466,250","1,466,200","1,485,000","1,510,000","1,480,990","1,481,000","1,499,400","1,466,250","1,466,200","1,497,290","1,497,290","1,466,260","1,480,990","1,462,070","1,459,190","1,459,000","1,491,490","1,459,290","1,459,220","1,459,230","1,459,160","1,457,990","1,457,960",RTX 5070 Ti,16GB,0,갤럭시 GALAX 지포스 EX GAMER WHITE OC D7
95423621,갤럭시 GALAX 지포스 RTX 5070 Ti HOF GAMING BLACK D7 16GB,"1,572,000","1,560,000","1,617,040","1,546,000","1,621,000","1,572,000","1,572,000","1,566,000","1,560,980","1,566,000","1,591,000","1,562,000","1,562,000","1,591,000","1,580,980","1,580,800","1,621,000","1,591,000","1,565,000","1,562,000","1,552,000","1,551,000","1,550,990","1,603,990","1,603,990","1,572,000","1,574,000","1,574,000","1,544,990","1,544,960",RTX 5070 Ti,16GB,0,갤럭시 GALAX 지포스 HOF GAMING BLACK D7
94521011,갤럭시 GALAX 지포스 RTX 5070 Ti HOF GAMING D7 16GB,"1,572,000","1,571,000","1,617,040","1,546,000","1,621,000","1,572,000","1,572,000","1,566,000","1,559,000","1,566,000","1,591,000","1,562,000","1,562,000","1,591,000","1,578,980","1,578,900","1,621,000","1,591,000","1,565,000","1,562,000","1,552,000","1,551,000","1,550,000","1,608,490","1,591,330","1,572,000","1,610,710","1,610,700","1,561,990","1,561,960",RTX 5070 Ti,16GB,0,갤럭시 GALAX 지포스 HOF GAMING D7
78529340,갤럭시 GALAX 지포스 RTX 5070 Ti WHITE OC D7 16GB,"1,528,730","1,510,070","1,550,000","1,550,000","1,550,000","1,550,000","1,550,000","1,539,000","1,498,900","1,550,000","1,550,000","1,550,000","1,550,000","1,520,000","1,519,000","1,518,000","1,550,000","1,550,000","1,528,000","1,550,000","1,550,000","1,540,000","1,539,990","1,540,000","1,550,000","1,550,000","1,550,000","1,550,000","1,550,000","1,550,000",RTX 5070 Ti,16GB,0,갤럭시 GALAX 지포스 WHITE OC D7
77319749,갤럭시 GALAX 지포스 RTX 5070 WHITE OC D7 12GB,"912,000","911,980","961,000","886,000","961,000","912,000","912,000","906,000","905,990","906,000","931,000","902,000","902,000","931,000","930,000","928,900","961,000","961,000","951,000","902,000","892,000","891,000","891,000","941,450","941,440","912,000","941,450","941,450","902,000","901,990",RTX 5070,12GB,0,갤럭시 GALAX 지포스 WHITE OC D7
75075494,갤럭시 GALAX 지포스 RTX 5080 BLACK OC D7 16GB,"1,866,380","1,866,370","1,999,990","1,895,000","1,999,990","1,895,000","1,895,000","1,866,370","1,866,300","1,891,000","1,926,290","1,871,000","1,875,000","1,926,300","1,866,370","1,866,300","1,938,500","1,938,500","1,905,000","1,891,000","1,891,000","1,885,000","1,884,000","1,928,500","1,928,500","1,928,490","1,928,490","1,928,490","1,921,000","1,920,980",RTX 5080,16GB,0,갤럭시 GALAX 지포스 BLACK OC D7
79578482,갤럭시 GALAX 지포스 RTX 5080 EX GAMER BLACK OC D7 16GB,"1,866,380","1,866,370","1,972,720","1,895,000","1,954,130","1,895,000","1,895,000","1,929,000","1,890,000","1,891,000","1,926,290","1,871,000","1,875,000","1,926,300","1,923,780","1,923,700","1,969,990","1,969,990","1,905,000","1,891,000","1,891,000","1,885,000","1,884,990","1,928,500","1,928,490","1,928,490","1,928,490","1,928,490","1,904,870","1,904,840",RTX 5080,16GB,0,갤럭시 GALAX 지포스 EX GAMER BLACK OC D7
79578539,갤럭시 GALAX 지포스 RTX 5080 EX GAMER WHITE OC D7 16GB,"1,937,000","1,936,990","2,045,990","1,941,000","2,020,640","1,941,000","1,941,000","1,949,110","1,937,000","1,936,990","1,956,990","1,917,000","1,921,000","1,998,900","1,996,380","1,995,970","2,015,990","1,940,990","1,949,000","1,937,000","1,937,000","1,931,000","1,930,990","1,972,190","1,972,190","1,972,150","1,972,130","1,972,040","1,949,100","1,949,070",RTX 5080,16GB,0,갤럭시 GALAX 지포스 EX GAMER WHITE OC D7
95001017,갤럭시 GALAX 지포스 RTX 5080 HOF GAMING BLACK D7 16GB,"2,191,490","2,171,000","2,262,990","2,204,000","2,262,990","2,208,000","2,184,000","2,221,900","2,181,480","2,184,000","2,233,000","2,184,000","2,184,000","2,201,080","2,198,900","2,198,550","2,232,990","2,232,990","2,155,000","2,184,000","2,154,000","2,168,000","2,165,480","2,232,990","2,233,000","2,112,340","2,232,940","2,232,940","2,181,470","2,181,440",RTX 5080,16GB,0,갤럭시 GALAX 지포스 HOF GAMING BLACK D7
93916847,갤럭시 GALAX 지포스 RTX 5080 HOF GAMING D7 16GB,"2,191,490","2,180,000","2,250,850","2,203,990","2,262,990","2,208,000","2,184,000","2,199,790","2,178,000","2,184,000","2,198,240","2,184,000","2,184,000","2,233,000","2,229,000","2,201,050","2,183,980","2,183,880","2,151,000","2,183,990","2,153,990","2,150,000","2,149,990","2,198,090","2,198,090","2,198,040","2,197,950","2,193,980","2,159,990","2,159,960",RTX 5080,16GB,0,갤럭시 GALAX 지포스 HOF GAMING D7
75075386,갤럭시 GALAX 지포스 RTX 5080 WHITE OC D7 16GB,"1,937,000","1,927,000","2,045,990","1,941,000","2,045,990","1,941,000","1,941,000","1,964,280","1,924,000","1,937,000","1,966,800","1,917,000","1,921,000","1,966,800","1,949,110","1,949,080","2,016,000","2,016,000","1,949,000","1,937,000","1,937,000","1,931,000","1,930,000","1,972,200","1,972,190","1,972,190","1,972,190","1,971,990","1,966,990","1,966,960",RTX 5080,16GB,0,갤럭시 GALAX 지포스 WHITE OC D7
90701393,갤럭시 GALAZ 지포스 RTX 3050 EX BLACK D6 6GB DVI,"273,000","273,000","273,000","273,000","273,000","273,000","273,000","273,000","273,000","273,000","273,000","273,000","273,000","303,080","303,080","303,080","303,080","303,080","303,080","303,080","303,080","303,080","303,080","303,080","303,080","303,080","303,080","303,080","303,080","303,080",RTX,6GB,0,갤럭시 GALAZ 지포스 3050 EX BLACK D6 DVI
92107514,갤럭시 GALAZ 지포스 RTX 3050 EX D6 6GB DUAL HDMI,"276,870","273,100","287,000","287,000","287,000","287,000","287,000","276,870","273,100","287,000","287,000","287,000","287,000","287,000","286,990","284,520","286,990","286,990","284,530","286,990","286,990","286,970","286,970","286,990","286,990","286,990","286,990","286,990","286,960","286,930",RTX,6GB,0,갤럭시 GALAZ 지포스 3050 EX D6 DUAL HDMI
90701444,갤럭시 GALAZ 지포스 RTX 3050 EX WHITE D6 6GB DVI,"277,840","274,400","284,000","284,000","284,000","284,000","284,000","274,720","274,700","284,000","284,000","284,000","284,000","284,000","274,730","274,710","284,000","284,000","284,000","284,000","284,000","283,980","283,980","284,000","284,000","284,000","284,000","284,000","283,980","283,980",RTX,6GB,0,갤럭시 GALAZ 지포스 3050 EX WHITE D6 DVI
92971457,갤럭시 GALAZ 지포스 RTX 3050 WHITE D6 6GB LP,"284,200","283,990","284,200","284,200","284,200","284,200","284,200","286,030","286,020","293,000","293,000","293,000","293,000","293,000","286,030","286,020","293,000","293,000","293,000","293,000","293,000","293,000","293,000","293,000","293,000","293,000","293,000","293,000","293,000","293,000",RTX,6GB,0,갤럭시 GALAZ 지포스 3050 WHITE D6 LP
76071299,갤럭시 GALAZ 지포스 RTX 4060 EX WHITE OC V2 D6 8GB,"990,000","990,000","990,000","990,000","990,000","990,000","990,000","990,000","990,000","990,000","990,000","990,000","990,000","990,000","990,000","990,000","990,000","990,000","990,000","990,000","990,000","990,000","990,000","990,000","990,000","990,000","990,000","990,000","990,000","990,000",RTX 4060,8GB,0,갤럭시 GALAZ 지포스 EX WHITE OC V2 D6
89865365,갤럭시 GALAZ 지포스 RTX 4060 Ti EX WHITE OC V2 D6 8GB,"574,910","562,870","591,000","591,000","591,000","591,000","591,000","574,900","562,850","591,000","591,000","591,000","591,000","591,000","578,990","577,910","591,000","591,000","577,920","591,000","591,000","590,980","590,980","591,000","578,990","591,000","591,000","590,990","590,950","590,940",RTX 4060,8GB,0,갤럭시 GALAZ 지포스 Ti EX WHITE OC V2 D6
89865437,갤럭시 GALAZ 지포스 RTX 4060 Ti OC V2 D6 8GB,"555,610","544,140","572,000","572,000","572,000","572,000","572,000","555,600","544,140","572,000","572,000","572,000","572,000","572,000","559,350","558,610","572,000","572,000","558,620","572,000","572,000","571,980","571,980","572,000","572,000","571,990","559,350","571,990","571,980","571,980",RTX 4060,8GB,0,갤럭시 GALAZ 지포스 Ti OC V2 D6
100621463,갤럭시 GALAZ 지포스 RTX 4070 Ti SUPER EX GAMER OC D6X 16GB DUAL HDMI (벌크),0,0,0,0,0,0,0,0,0,0,0,0,0,0,0,0,0,가격비교예정,"1,252,800","1,248,100","1,248,100","1,248,090","1,248,090","1,248,100","1,248,100","1,248,100","1,248,100","1,248,100","1,248,090","1,248,090",RTX 4070 Ti SUPER,16GB,벌크,갤럭시 GALAZ 지포스 EX GAMER OC D6X DUAL HDMI
93501767,갤럭시 GALAZ 지포스 RTX 5050 BLACK OC D6 8GB DUAL HDMI,"398,990","398,990","399,000","399,000","399,000","399,000","399,000","384,260","384,250","399,000","399,000","399,000","399,000","399,000","380,540","384,250","399,000","399,000","399,000","399,000","399,000","398,980","398,980","399,000","399,000","399,000","399,000","399,000","398,980","398,980",RTX 5050,8GB,0,갤럭시 GALAZ 지포스 BLACK OC D6 DUAL HDMI
98484845,갤럭시 GALAZ 지포스 RTX 5050 BLACK OC V2 D6 8GB DUAL HDMI,"382,990","382,990","383,000","383,000","383,000","383,000","383,000","383,000","382,990","383,000","383,000","383,000","383,000","383,000","382,990","382,990","383,000","383,000","383,000","383,000","383,000","382,990","382,990","383,000","383,000","383,000","383,000","383,000","382,990","382,990",RTX 5050,8GB,0,갤럭시 GALAZ 지포스 BLACK OC V2 D6 DUAL HDMI
91426664,갤럭시 GALAZ 지포스 RTX 5060 BLACK OC D7 8GB,"486,610","480,630","495,000","495,000","495,000","495,000","495,000","484,500","484,470","495,000","495,000","495,000","495,000","495,000","484,580","484,580","495,000","495,000","495,000","495,000","495,000","495,000","480,390","492,170","495,000","494,990","494,990","494,990","494,950","494,860",RTX 5060,8GB,0,갤럭시 GALAZ 지포스 BLACK OC D7
94520624,갤럭시 GALAZ 지포스 RTX 5060 BLACK OC D7 8GB DUAL HDMI,"498,990","492,880","506,000","506,000","506,000","506,000","506,000","495,000","494,990","506,000","506,000","506,000","506,000","506,000","495,220","495,210","506,000","506,000","503,490","506,000","506,000","505,980","503,490","506,000","491,290","505,990","495,210","505,990","505,960","505,910",RTX 5060,8GB,0,갤럭시 GALAZ 지포스 BLACK OC D7 DUAL HDMI
99896066,갤럭시 GALAZ 지포스 RTX 5060 BLACK OC V2 D7 8GB,0,0,0,0,가격비교예정,"476,900","451,140","476,000","475,990","476,900","476,900","493,000","493,000","493,000","492,990","492,990","493,000","493,000","493,000","493,000","492,990","492,980","492,980","492,990","492,990","492,990","492,990","487,760","487,740","487,740",RTX 5060,8GB,0,갤럭시 GALAZ 지포스 BLACK OC V2 D7
99896534,갤럭시 GALAZ 지포스 RTX 5060 BLACK OC V2 D7 8GB DUAL HDMI,0,0,0,0,가격비교예정,"487,500","487,500","487,500","487,490","487,500","487,500","504,000","504,000","504,000","503,990","503,990","504,000","504,000","504,000","503,990","503,990","503,980","503,980","503,990","503,990","503,990","503,990","498,560","498,540","498,540",RTX 5060,8GB,0,갤럭시 GALAZ 지포스 BLACK OC V2 D7 DUAL HDMI
90955853,갤럭시 GALAZ 지포스 RTX 5060 EX BLACK OC D7 8GB,"524,960","518,580","529,000","529,000","529,000","529,000","529,000","517,640","517,640","529,000","529,000","529,000","529,000","529,000","517,640","517,630","529,000","529,000","526,490","529,000","529,000","528,980","516,500","516,500","529,000","529,000","529,000","529,000","528,980","528,980",RTX 5060,8GB,0,갤럭시 GALAZ 지포스 EX BLACK OC D7
90955895,갤럭시 GALAZ 지포스 RTX 5060 EX WHITE OC D7 8GB,"537,330","530,820","540,000","540,000","540,000","540,000","540,000","528,380","528,370","540,000","540,000","540,000","540,000","540,000","528,380","528,370","540,000","540,000","537,490","540,000","540,000","539,980","537,490","527,500","526,190","540,000","540,000","540,000","539,980","539,980",RTX 5060,8GB,0,갤럭시 GALAZ 지포스 EX WHITE OC D7
98184494,갤럭시 GALAZ 지포스 RTX 5060 Ti BLACK 3X D7 16GB DUAL HDMI,"735,990","735,970","736,010","736,010","736,010","737,000","737,000","736,990","736,970","758,000","758,000","758,000","758,000","758,000","750,890","750,870","758,000","758,000","758,000","758,000","758,000","757,980","757,980","758,000","758,000","758,000","758,000","758,000","757,980","757,980",RTX 5060,16GB,0,갤럭시 GALAZ 지포스 Ti BLACK 3X D7 DUAL HDMI
98779298,갤럭시 GALAZ 지포스 RTX 5060 Ti BLACK OC Classic D7 8GB,"621,810","614,080","622,200","622,200","622,200","622,200","622,200","622,190","621,970","622,200","622,200","641,000","641,000","641,000","630,690","630,670","641,000","641,000","641,000","641,000","640,990","640,980","630,690","640,990","640,990","640,990","640,990","640,990","640,980","640,980",RTX 5060,8GB,0,갤럭시 GALAZ 지포스 Ti BLACK OC Classic D7
81715478,갤럭시 GALAZ 지포스 RTX 5060 Ti BLACK OC D7 16GB,"726,270","717,420","734,000","734,000","734,000","734,000","734,000","726,190","593,580","734,000","734,000","734,000","734,000","734,000","726,190","726,180","734,000","734,000","731,490","734,000","734,000","733,980","731,490","734,000","734,000","734,000","734,000","734,000","733,980","733,980",RTX 5060,16GB,0,갤럭시 GALAZ 지포스 Ti BLACK OC D7
85668698,갤럭시 GALAZ 지포스 RTX 5060 Ti BLACK OC D7 8GB,"618,120","610,430","638,000","638,000","638,000","638,000","638,000","627,290","626,990","638,000","638,000","638,000","638,000","638,000","627,290","627,280","638,000","625,000","625,000","625,000","625,000","624,990","624,990","625,000","625,000","625,000","625,000","625,000","624,980","624,980",RTX 5060,8GB,0,갤럭시 GALAZ 지포스 Ti BLACK OC D7
92187074,갤럭시 GALAZ 지포스 RTX 5060 Ti EX BLACK OC D7 8GB,"640,360","632,430","658,000","658,000","658,000","658,000","658,000","628,380","628,360","647,000","643,000","643,000","643,000","643,000","628,390","628,370","643,000","643,000","643,000","643,000","643,000","642,990","628,390","643,000","643,000","628,390","643,000","643,000","624,980","642,980",RTX 5060,8GB,0,갤럭시 GALAZ 지포스 Ti EX BLACK OC D7
91910630,갤럭시 GALAZ 지포스 RTX 5060 Ti EX WHITE OC D7 8GB,"652,730","644,670","669,000","669,000","669,000","669,000","669,000","640,790","640,780","669,000","669,000","669,000","669,000","669,000","640,790","640,780","669,000","669,000","666,490","669,000","669,000","668,980","649,770","669,000","669,000","669,000","669,000","669,000","668,980","668,980",RTX 5060,8GB,0,갤럭시 GALAZ 지포스 Ti EX WHITE OC D7
85682084,갤럭시 GALAZ 지포스 RTX 5060 Ti WHITE OC D7 8GB,"634,180","626,320","652,000","623,600","652,000","652,000","652,000","593,590","593,580","652,000","652,000","652,000","652,000","652,000","593,590","593,590","652,000","641,000","631,490","641,000","641,000","640,990","640,990","641,000","641,000","641,000","593,590","641,000","640,980","640,980",RTX 5060,8GB,0,갤럭시 GALAZ 지포스 Ti WHITE OC D7
92153132,갤럭시 GALAZ 지포스 RTX 5060 WHITE OC D7 8GB,"498,990","492,880","506,000","506,000","506,000","505,990","505,990","495,220","495,210","505,990","505,990","506,000","506,000","506,000","495,220","495,210","506,000","506,000","506,000","506,000","506,000","505,990","505,990","506,000","506,000","506,000","506,000","506,000","505,980","505,980",RTX 5060,8GB,0,갤럭시 GALAZ 지포스 WHITE OC D7
99895865,갤럭시 GALAZ 지포스 RTX 5060 WHITE OC V2 D7 8GB,0,0,0,0,가격비교예정,"487,500","478,670","487,500","487,490","487,500","487,500","504,000","504,000","504,000","503,990","503,990","504,000","504,000","504,000","504,000","503,990","503,980","503,980","503,990","503,990","503,990","503,990","498,560","498,540","498,540",RTX 5060,8GB,0,갤럭시 GALAZ 지포스 WHITE OC V2 D7
77319857,갤럭시 GALAZ 지포스 RTX 5070 BLACK OC D7 12GB,"911,970","901,360","939,000","939,000","939,000","939,000","939,000","911,000","910,990","939,000","939,000","939,000","939,000","939,000","919,390","919,380","939,000","939,000","907,020","939,000","939,000","938,990","924,590","939,000","939,000","939,000","939,000","939,000","938,990","938,980",RTX 5070,12GB,0,갤럭시 GALAZ 지포스 BLACK OC D7
78712574,갤럭시 GALAZ 지포스 RTX 5070 EX GAMER BLACK OC D7 12GB,"981,780","967,370","1,000,000","1,000,000","1,000,000","1,000,000","1,000,000","979,000","961,610","1,000,000","1,000,000","1,000,000","1,000,000","1,000,000","981,190","979,170","1,000,000","1,000,000","994,980","1,000,000","1,000,000","999,990","987,500","987,500","1,000,000","1,000,000","1,000,000","1,000,000","999,980","999,980",RTX 5070,12GB,0,갤럭시 GALAZ 지포스 EX GAMER BLACK OC D7
78235718,갤럭시 GALAZ 지포스 RTX 5070 EX GAMER WHITE OC D7 12GB,"955,350","955,350","1,023,000","1,023,000","1,023,000","1,023,000","1,023,000","986,490","986,340","1,023,000","1,023,000","1,023,000","1,023,000","1,023,000","1,003,690","986,480","1,023,000","1,023,000","986,490","1,023,000","1,023,000","1,022,980","1,022,980","1,023,000","1,023,000","1,023,000","1,023,000","1,023,000","1,022,990","1,022,980",RTX 5070,12GB,0,갤럭시 GALAZ 지포스 EX GAMER WHITE OC D7
99892193,갤럭시 GALAZ 지포스 RTX 5070 Ti BLACK 2X OC D7 16GB,0,0,0,가격비교예정,가격비교예정,"1,275,500","1,275,500","1,275,500","1,275,490","1,275,500","1,275,500","1,318,000","1,318,000","1,318,000","1,317,990","1,317,990","1,318,000","1,318,000","1,318,000","1,318,000","1,317,990","1,317,980","1,305,490","1,305,490","1,305,490","1,317,990","1,317,990","1,300,680","1,300,660","1,300,660",RTX 5070 Ti,16GB,0,갤럭시 GALAZ 지포스 BLACK 2X OC D7
76463408,갤럭시 GALAZ 지포스 RTX 5070 Ti BLACK OC D7 16GB,"1,517,960","1,499,100","1,528,000","1,528,000","1,528,000","1,528,000","1,498,000","1,497,990","1,495,370","1,498,000","1,498,000","1,528,000","1,528,000","1,498,000","1,497,990","1,497,990","1,528,000","1,508,000","1,472,000","1,508,000","1,508,000","1,508,000","1,497,440","1,508,000","1,507,990","1,508,000","1,508,000","1,508,000","1,507,990","1,507,990",RTX 5070 Ti,16GB,0,갤럭시 GALAZ 지포스 BLACK OC D7
77961743,갤럭시 GALAZ 지포스 RTX 5070 Ti EX GAMER BLACK OC D7 16GB,"1,416,640","1,416,640","1,503,000","1,503,000","1,503,000","1,503,000","1,473,000","1,416,640","1,416,640","1,473,000","1,473,000","1,503,000","1,503,000","1,473,000","1,472,990","1,416,630","1,503,000","1,503,000","1,416,640","1,493,000","1,493,000","1,492,990","1,472,940","1,490,500","1,493,000","1,493,000","1,493,000","1,493,000","1,492,980","1,492,980",RTX 5070 Ti,16GB,0,갤럭시 GALAZ 지포스 EX GAMER BLACK OC D7
77961773,갤럭시 GALAZ 지포스 RTX 5070 Ti EX GAMER WHITE OC D7 16GB,"1,466,260","1,466,260","1,540,000","1,540,000","1,540,000","1,540,000","1,540,000","1,466,260","1,466,260","1,540,000","1,540,000","1,540,000","1,540,000","1,540,000","1,539,990","1,539,990","1,540,000","1,540,000","1,466,260","1,540,000","1,540,000","1,540,000","1,540,000","1,540,000","1,539,990","1,540,000","1,540,000","1,540,000","1,539,990","1,539,990",RTX 5070 Ti,16GB,0,갤럭시 GALAZ 지포스 EX GAMER WHITE OC D7
95423684,갤럭시 GALAZ 지포스 RTX 5070 Ti HOF GAMING BLACK D7 16GB,"1,608,890","1,589,380","1,621,000","1,621,000","1,621,000","1,621,000","1,621,000","1,620,990","1,620,980","1,621,000","1,621,000","1,621,000","1,621,000","1,621,000","1,620,990","1,620,980","1,621,000","1,621,000","1,621,000","1,603,990","1,603,990","1,603,980","1,603,980","1,603,990","1,603,990","1,603,990","1,603,990","1,603,990","1,603,980","1,603,980",RTX 5070 Ti,16GB,0,갤럭시 GALAZ 지포스 HOF GAMING BLACK D7
94520921,갤럭시 GALAZ 지포스 RTX 5070 Ti HOF GAMING D7 16GB,"1,616,290","1,596,700","1,621,000","1,621,000","1,621,000","1,620,990","1,620,990","1,620,990","1,620,980","1,620,990","1,620,990","1,621,000","1,621,000","1,621,000","1,620,990","1,620,980","1,621,000","1,621,000","1,621,000","1,621,000","1,621,000","1,620,990","1,620,990","1,621,000","1,621,000","1,621,000","1,621,000","1,621,000","1,620,980","1,620,980",RTX 5070 Ti,16GB,0,갤럭시 GALAZ 지포스 HOF GAMING D7
76463501,갤럭시 GALAZ 지포스 RTX 5070 Ti WHITE OC D7 16GB,"1,550,000","1,550,000","1,550,000","1,550,000","1,550,000","1,550,000","1,550,000","1,550,000","1,550,000","1,550,000","1,550,000","1,550,000","1,550,000","1,550,000","1,550,000","1,550,000","1,550,000","1,550,000","1,550,000","1,550,000","1,550,000","1,550,000","1,550,000","1,550,000","1,550,000","1,550,000","1,550,000","1,550,000","1,550,000","1,550,000",RTX 5070 Ti,16GB,0,갤럭시 GALAZ 지포스 WHITE OC D7
77319887,갤럭시 GALAZ 지포스 RTX 5070 WHITE OC D7 12GB,"958,490","958,000","961,000","961,000","961,000","961,000","961,000","939,690","939,690","961,000","961,000","961,000","961,000","961,000","939,690","939,690","961,000","961,000","958,490","961,000","961,000","961,000","958,490","961,000","961,000","939,690","961,000","961,000","960,990","960,990",RTX 5070,12GB,0,갤럭시 GALAZ 지포스 WHITE OC D7
75075512,갤럭시 GALAZ 지포스 RTX 5080 BLACK OC D7 16GB,"1,904,470","1,904,460","2,000,000","2,000,000","2,000,000","2,000,000","2,000,000","1,904,470","1,904,460","2,000,000","2,000,000","2,000,000","2,000,000","2,000,000","1,999,990","1,904,460","2,000,000","2,000,000","1,905,000","2,000,000","2,000,000","1,999,980","1,954,490","2,000,000","2,000,000","1,999,990","1,999,990","1,999,990","1,992,770","1,992,720",RTX 5080,16GB,0,갤럭시 GALAZ 지포스 BLACK OC D7
79578530,갤럭시 GALAZ 지포스 RTX 5080 EX GAMER BLACK OC D7 16GB,"1,961,830","1,937,770","2,000,000","2,000,000","2,000,000","2,000,000","2,000,000","1,986,500","1,996,990","2,000,000","2,000,000","2,000,000","2,000,000","2,000,000","1,986,500","1,997,480","2,000,000","2,000,000","1,997,000","2,000,000","2,000,000","1,999,980","1,987,500","1,987,500","1,986,500","2,000,000","2,000,000","2,000,000","1,999,980","1,999,980",RTX 5080,16GB,0,갤럭시 GALAZ 지포스 EX GAMER BLACK OC D7
79578542,갤럭시 GALAZ 지포스 RTX 5080 EX GAMER WHITE OC D7 16GB,"2,043,490","2,043,000","2,046,000","2,046,000","2,046,000","2,046,000","2,046,000","2,022,220","2,022,000","2,046,000","2,046,000","2,046,000","2,046,000","2,046,000","2,038,490","2,038,490","2,046,000","2,046,000","2,022,000","2,046,000","2,046,000","2,046,000","2,022,240","2,033,500","2,046,000","2,046,000","2,046,000","2,046,000","2,045,990","2,045,990",RTX 5080,16GB,0,갤럭시 GALAZ 지포스 EX GAMER WHITE OC D7
95001035,갤럭시 GALAZ 지포스 RTX 5080 HOF GAMING BLACK D7 16GB,"2,255,470","2,231,120","2,263,000","2,263,000","2,263,000","2,263,000","2,263,000","2,257,980","2,247,940","2,263,000","2,263,000","2,263,000","2,263,000","2,263,000","2,262,990","2,262,990","2,263,000","2,263,000","2,260,000","2,263,000","2,263,000","2,263,000","2,250,500","2,250,500","2,263,000","2,263,000","2,263,000","2,263,000","2,262,990","2,262,990",RTX 5080,16GB,0,갤럭시 GALAZ 지포스 HOF GAMING BLACK D7
93916931,갤럭시 GALAZ 지포스 RTX 5080 HOF GAMING D7 16GB,"2,222,840","2,198,040","2,263,000","2,263,000","2,263,000","2,263,000","2,263,000","2,222,840","2,200,070","2,263,000","2,263,000","2,263,000","2,263,000","2,263,000","2,262,990","2,255,450","2,263,000","2,263,000","2,237,900","2,263,000","2,263,000","2,262,980","2,250,500","2,250,500","2,245,320","2,263,000","2,263,000","2,263,000","2,262,980","2,262,980",RTX 5080,16GB,0,갤럭시 GALAZ 지포스 HOF GAMING D7
75075317,갤럭시 GALAZ 지포스 RTX 5080 WHITE OC D7 16GB,"1,966,890","1,966,880","2,046,000","2,046,000","2,046,000","2,046,000","2,046,000","1,964,290","1,954,990","2,046,000","2,045,990","2,046,000","2,046,000","2,045,990","2,037,390","2,037,390","2,037,360","2,045,980","2,022,000","2,045,990","2,037,370","2,036,960","1,984,480","2,033,490","2,036,970","2,009,270","2,009,180","2,009,060","2,008,940","2,008,850",RTX 5080,16GB,0,갤럭시 GALAZ 지포스 WHITE OC D7
16301489,갤럭시 갤라즈 GALAX 지포스 RTX 3050 D6 8GB,"590,620","590,620","590,620","590,620","590,620","590,620","590,620","590,620","590,620","590,620","590,620","590,620","590,620","590,620","590,620","590,620","590,620","590,620","590,620","590,620","590,620","590,620","590,620","590,620","590,620","590,620","590,620","590,620","590,620","590,620",RTX,8GB,0,갤럭시 갤라즈 GALAX 지포스 3050 D6
16301495,갤럭시 갤라즈 GALAX 지포스 RTX 3050 EX BLACK OC D6 8GB,"384,460","384,460","384,460","384,460","384,460","384,460","384,460","384,460","384,460","384,460","384,460","384,460","384,460","384,460","384,460","384,460","384,460","384,460","384,460","384,460","384,460","384,460","384,460","384,460","384,460","384,460","384,460","384,460","384,460","384,460",RTX,8GB,0,갤럭시 갤라즈 GALAX 지포스 3050 EX BLACK OC D6
18675851,갤럭시 갤라즈 GALAX 지포스 RTX 4070 Ti SG OC D6X 12GB,"1,660,390","1,660,390","1,660,390","1,660,390","1,660,390","1,660,390","1,660,390","1,651,280","1,651,280","1,651,280","1,651,280","1,651,280","1,651,280","1,651,280","1,651,280","1,651,280","1,651,280","1,651,280","1,651,280","1,651,280","1,639,400","1,651,280","1,639,400","1,639,400","1,639,400","1,639,400","1,651,280","1,651,280","1,651,280","1,651,280",RTX 4070 Ti,12GB,0,갤럭시 갤라즈 GALAX 지포스 SG OC D6X
6643693,라데온 RX 570 D5 8GB (중고),0,0,0,0,"80,000","80,000","76,000","76,000","76,000","76,000",0,0,0,0,0,0,0,"76,000","76,000","76,000","76,000","76,000",0,0,0,0,0,0,0,0,RX 570,8GB,중고,라데온 D5
6830257,라데온 RX 580 D5 8GB (중고),0,0,0,0,0,0,0,0,0,0,0,0,0,0,0,0,0,0,0,0,0,"100,000","100,000","100,000","100,000","100,000","100,000",0,0,0,RX 580,8GB,중고,라데온 D5
17254454,라데온 RX 6700 XT D6 12GB (중고),0,0,0,0,0,0,0,0,0,0,0,0,0,0,0,0,0,0,"313,500","313,500","313,500","313,500","313,500","313,500",0,0,0,0,0,0,RX 6700 XT,12GB,중고,라데온 D6
18203285,라데온 RX 6900 XT D6 16GB (중고),0,0,0,0,0,0,0,0,0,0,0,0,0,0,0,0,0,0,0,0,0,"499,900","499,900","499,900","499,900","499,890","499,890",0,0,0,RX 6900 XT,16GB,중고,라데온 D6
101185187,리드텍 RTX PRO 5000 Blackwell D7 48GB 서린,0,0,0,0,0,0,0,0,0,0,0,0,0,0,0,0,0,0,0,0,0,0,0,0,0,0,0,"7,685,800","7,685,800","7,685,800",RTX,48GB,0,리드텍 PRO 5000 Blackwell D7 서린
101185244,리드텍 RTX PRO 5000 Blackwell D7 48GB 서린 (벌크),0,0,0,0,0,0,0,0,0,0,0,0,0,0,0,0,0,0,0,0,0,0,0,0,0,0,0,"7,289,200","7,289,200","7,289,200",RTX,48GB,벌크,리드텍 PRO 5000 Blackwell D7 서린
12296372,리드텍 WinFast 지포스 GTX 1650 D6 4GB,"334,540","334,540","356,360","360,000","360,000","360,000","345,440","345,440","345,440","345,440","345,440","345,440","345,440","345,440","345,440","345,440","345,440","345,440",0,0,0,"345,440","345,440","345,440","345,440","345,440","345,440","345,440","345,440","345,440",GTX 1650,4GB,0,리드텍 WinFast 지포스 D6
96258566,리드텍 WinFast 지포스 RTX 5060 Ti HURRICANE D7 16GB,"647,800","647,800","647,800","647,800","647,800","647,800","647,800","647,800","647,800","647,800","650,230","666,290","666,290","666,290","666,290","666,290","666,290","666,290","666,290","666,290","666,290","666,290","666,290","666,290","666,290","666,290","666,290","666,290","666,290","666,290",RTX 5060,16GB,0,리드텍 WinFast 지포스 Ti HURRICANE D7
91771163,리드텍 WinFast 지포스 RTX 5070 HURRICANE D7 12GB,"954,070","953,710","953,230","952,750","952,270","951,790","951,310","949,980","949,960","949,960","949,960","949,960","949,960","949,960","949,960","949,960","949,960","949,960","949,960","949,960","949,960","949,960","949,950","949,950","949,950","949,960","949,960","949,960","949,960","949,960",RTX 5070,12GB,0,리드텍 WinFast 지포스 HURRICANE D7
99895952,아툼 지포스 GTX 1660 SUPER BARAMINE II D6 6GB DUAL,0,0,0,0,가격비교예정,"248,000","248,000","248,000","248,000","248,000","248,000","248,000","248,000","248,000","242,000","242,000","242,000","242,000","242,000","242,000","242,000","242,000","242,000","242,000","242,000","242,000","242,000","242,000","241,990","241,990",GTX 1660 SUPER,6GB,0,아툼 지포스 BARAMINE II D6 DUAL
98077877,아툼 지포스 RTX 3050 BARAMINE D6 6GB DUAL,"219,500","219,500","219,500","242,980","242,980","232,000","223,000","223,000","223,000","223,000","223,000","242,970","242,990","243,000","242,990","242,990","242,990","243,000","242,900","243,000","242,990","242,990","242,990","243,000","242,990","242,990","242,990","244,150","244,070","244,090",RTX,6GB,0,아툼 지포스 3050 BARAMINE D6 DUAL
93702740,액슬 라데온 RX 550 D5 4GB 에즈윈,"97,670","97,990","97,990","98,030","98,030","98,030","99,660","99,660","99,660","99,660","99,660","99,660","99,660","99,660","99,660","99,660","99,325","99,325","99,325","99,660","99,660","99,660","99,660","99,660","99,660","99,660","99,660","99,660","99,660","99,660",RX 550,4GB,0,액슬 라데온 D5 에즈윈
30105218,액슬 라데온 RX 580 2048SP D5 8GB R2 에즈윈,"156,590","164,710","164,990","164,990","164,990","231,100","222,390","183,000","221,170","222,380","144,180","144,180","164,000","164,000","167,000","169,260","169,260","169,260","169,260","169,170","169,260","169,260","169,260","169,260","169,260","169,260","169,120","169,010","168,910","168,900",RX 580 2048SP,8GB,0,액슬 라데온 D5 R2 에즈윈
98920820,액슬 지포스 GTX 1650 D6 4GB R3 에즈윈,"233,140","233,140","233,140","233,140","233,140","233,140","233,140","223,560","223,560","223,560","229,240","235,250","235,250","235,260","235,260","235,260","235,260","235,260","235,260","235,260","235,260","235,260","235,260","235,260","235,260","235,260","235,260","235,260","235,260","235,260",GTX 1650,4GB,0,액슬 지포스 D6 R3 에즈윈
68363192,액슬 지포스 GTX 1660 SUPER 38mm D6 6GB 에즈윈,"236,530","236,420","236,590","237,990","237,990","238,000","231,820","231,810","231,810","231,810","231,810","238,000","238,000","238,000","237,990","237,990","238,000","238,000","238,000","238,000","238,490","238,000","238,000","237,990","237,990","237,940","237,910","237,790","237,670","237,550",GTX 1660 SUPER,6GB,0,액슬 지포스 38mm D6 에즈윈
59085581,액슬 지포스 RTX 2060 SUPER D6 8GB 에즈윈,"329,422","329,422","329,422","339,000","339,000","339,000","342,550","342,550","439,900","439,900","336,960","336,960","336,960","336,960","336,960","336,960","347,980","347,980","347,980","347,980","347,980","347,980","347,980","347,980","347,980","347,940","347,980","347,980","347,950","347,830",RTX 2060 SUPER,8GB,0,액슬 지포스 D6 에즈윈
59085704,액슬 지포스 RTX 3050 D6 6GB LP 에즈윈,"263,697","263,690","263,697","263,697","263,697","263,697","258,490","258,490","258,490","258,490","258,490","267,610","267,610","267,610","267,610","267,610","267,610","267,610","267,610","267,610","267,610","267,610","267,610","267,610","267,610","267,610","267,610","267,610","271,700","271,700",RTX,6GB,0,액슬 지포스 3050 D6 LP 에즈윈
47806457,액슬 지포스 RTX 3050 D6 6GB 에즈윈,"240,980","240,970","240,980","241,918","241,918","241,918","241,910","237,280","237,280","237,280","243,290","243,290","243,290","243,290","243,290","243,290","243,290","243,290","243,290","243,290","243,290","243,290","243,290","243,290","243,290","243,260","243,280","243,250","243,200","243,080",RTX,6GB,0,액슬 지포스 3050 D6 에즈윈
52157555,액슬 지포스 RTX 3060 D6 12GB 에즈윈,"395,600","395,600","395,630","395,630","395,630","395,630","390,060","390,050","390,050","390,050","390,050","390,050","395,630","395,630","395,630","395,630","395,630","395,630","395,630","395,630","395,630","395,630","395,640","395,630","395,630","395,560","395,450","395,630","395,610","395,500",RTX,12GB,0,액슬 지포스 3060 D6 에즈윈
90271016,액슬 지포스 RTX 3060 D6 8GB 에즈윈,"388,370","388,370","388,380","388,380","388,380","388,380","388,380","393,120","393,120","393,120","393,120","393,120","393,100","393,110","393,110","393,110","393,110","393,110","393,110","393,110","393,110","393,110","393,110","393,110","393,110","393,110","393,110","393,110","393,110","393,110",RTX,8GB,0,액슬 지포스 3060 D6 에즈윈
37932260,액슬 지포스 RTX 3060 Ti D6 8GB White 에즈윈,"453,630","453,520","453,930","453,930","453,930","453,930","440,670","440,670","440,670","440,670","440,670","456,150","456,130","456,140","456,140","456,140","456,140","456,140","456,140","456,140","456,140","456,140","456,140","456,140","456,140","456,140","456,140","456,140","456,140","456,140",RTX 3060 Ti,8GB,0,액슬 지포스 D6 White 에즈윈
33366437,액슬 지포스 RTX 3070 D6 8GB White 에즈윈,"570,650","570,540","571,130","577,980","571,130","571,130","571,130","571,130","571,130","571,130","571,130","577,980","571,120","571,120","571,120","571,120","571,120","571,120","571,120","571,120","578,000","578,000","578,000","578,000","578,000","578,000","578,000","578,000","578,000","578,000",RTX 3070,8GB,0,액슬 지포스 D6 White 에즈윈
32076674,액슬 지포스 RTX 3070 Ti D6X 8GB 에즈윈,"637,900","637,770","637,954","637,954","637,954","637,954","615,820","615,820","615,820","615,820","615,820","642,720","642,720","642,720","642,720","642,720","642,720","642,720","642,720","642,720","642,720","642,720","642,720","642,720","642,720","642,720","642,720","642,720","642,720","642,720",RTX 3070 Ti,8GB,0,액슬 지포스 D6X 에즈윈
93630089,액슬 지포스 RTX 3080 D6X 10GB 에즈윈,"766,730","766,640","766,790","766,790","766,790","766,790","766,790","767,670","767,670","768,860","768,860","768,860","768,840","768,850","768,850","768,850","768,850","768,850","768,850","768,850","768,850","768,850","768,850","768,850","768,850","768,850","768,850","768,850","768,850","768,850",RTX 3080,10GB,0,액슬 지포스 D6X 에즈윈
94815662,에이서 니트로 라데온 RX 9070 XT OC D6 16GB,"929,000","929,000","949,000","949,000","949,000","886,000","949,000","949,000","949,000","949,000","949,000","949,000","949,000","949,000","949,000","949,000","949,000","949,000","949,000","949,000","949,000","949,000","949,000","949,000","949,000","929,130","929,130","929,130","929,130","929,130",RX 9070 XT,16GB,0,에이서 니트로 라데온 OC D6
96261926,에이서 프레데터 라데온 RX 9070 BiFrost OC D6 16GB,"821,900","821,900","821,900","821,900","821,900","821,900","821,900","821,900","821,900","821,900","821,900","821,900","821,900","821,900","821,900","821,900","821,900","821,900","821,900","821,900","821,900","821,900","821,900","821,000","821,000","821,000","821,000","821,000","821,000","821,000",RX 9070,16GB,0,에이서 프레데터 라데온 BiFrost OC D6
94520714,에이서 프레데터 라데온 RX 9070 XT BiFrost OC D6 16GB,"959,000","959,000","959,000","959,000","959,000","959,000","959,000","959,000","959,000","959,000","959,000","959,000","959,000","959,000","959,000","959,000","959,000","959,000","959,000","959,000","959,000","959,000","959,000","958,000","958,000","958,000","958,000","958,000","958,000","958,990",RX 9070 XT,16GB,0,에이서 프레데터 라데온 BiFrost OC D6
96981881,에이서 프레데터 라데온 RX 9070 XT BiFrost WHITE OC D6 16GB,"988,000","988,000","988,000","988,000","988,000","988,000","988,000","988,000","988,000","988,000","988,000","988,000","988,000","988,000","988,000","988,000","988,000","988,000","988,000","988,000","988,000","988,000","988,000","988,000","999,000","1,047,360","1,047,360","1,047,360","1,047,360","1,047,360",RX 9070 XT,16GB,0,에이서 프레데터 라데온 BiFrost WHITE OC D6
27914393,이도디스플레이 지포스 GTX 1660 SUPER RAGE-X II D6 6GB,"248,860","248,860","248,860","248,860","248,860","248,860","248,860","248,860","248,860","248,860","248,860","248,860","248,860","248,860","248,860","248,860","248,860","248,860","248,860","248,860","248,860","248,860","248,860","248,860","248,860","248,860","248,860","248,860","248,860","248,860",GTX 1660 SUPER,6GB,0,이도디스플레이 지포스 RAGE-X II D6
29952371,이도디스플레이 지포스 GTX 1660 SUPER RAGE-X II D6 6GB DUAL,"235,630","235,500","235,990","235,990","235,990","235,990","235,990","235,990","235,990","235,990","235,990","235,990","235,990","235,990","235,990","235,990","235,990","235,990","235,990","235,990","235,990","235,990","235,990","235,990","235,990","235,920","235,800","235,740","235,740","235,740",GTX 1660 SUPER,6GB,0,이도디스플레이 지포스 RAGE-X II D6 DUAL
62791805,이도디스플레이 지포스 RTX 3050 RAGE-X D6 6GB,"237,350","237,350","237,350","237,350","237,350","237,350","237,350","237,440","242,320","248,190","245,470","245,890","245,890","245,890","242,320","242,320","248,370","248,370","248,370","248,990","245,910","245,910","245,890","245,890","245,890","245,890","245,890","245,890","245,880","245,880",RTX,6GB,0,이도디스플레이 지포스 3050 RAGE-X D6
92046725,이도디스플레이 지포스 RTX 3060 RAGE-X D6 8GB,0,0,0,0,0,0,0,0,0,0,0,0,0,0,0,0,0,"369,000","369,000","369,000","369,000","369,000",0,0,"369,000","369,000","369,000","369,000","369,000","369,000",RTX,8GB,0,이도디스플레이 지포스 3060 RAGE-X D6
14534291,이엠텍 XENON 지포스 RTX 3070 TURBO JET OC D6 8GB LHR,"1,380,000","1,380,000","1,380,000","1,380,000","1,380,000","1,380,000","1,380,000","1,380,000","1,380,000","1,380,000","1,380,000","1,380,000","1,380,000","1,380,000","1,380,000","1,380,000","1,380,000","1,380,000","1,380,000","1,380,000","1,380,000","1,380,000","1,380,000","1,380,000","1,380,000","1,380,000","1,380,000","1,380,000","1,380,000","1,380,000",RTX 3070,8GB,0,이엠텍 XENON 지포스 TURBO JET OC D6 LHR
18767216,이엠텍 지포스 GTX 1660 SUPER MIRACLE II D6 6GB,"238,043","238,043","238,043","238,043","238,043","238,043","238,043","246,600","246,590","246,580","246,570","246,520","246,500","246,460","246,440","246,420","246,420","253,820","253,820","253,730","253,630","253,490","253,470","253,450","253,430","252,330","252,290","252,230","252,150","252,120",GTX 1660 SUPER,6GB,0,이엠텍 지포스 MIRACLE II D6
37287323,이엠텍 지포스 RTX 3050 MIRACLE WHITE D6 6GB,"241,304","241,304","241,304","241,304","241,304","241,304","241,304","251,310","251,310","251,310","251,280","251,230","251,210","251,170","251,150","251,130","251,130","251,070","251,070","250,980","250,870","250,720","250,700","250,680","250,660","250,520","250,460","250,400","250,330","250,300",RTX,6GB,0,이엠텍 지포스 3050 MIRACLE WHITE D6
46003205,이엠텍 지포스 RTX 3050 STORM X NANO D6 6GB,"238,043","238,043","238,043","238,043","238,043","238,043","238,043","246,500","246,490","246,490","246,480","246,460","246,460","246,460","246,460","246,460","246,460","249,370","249,370","249,350","249,350","246,870","246,870","246,870","246,870","246,800","245,420","245,420","250,890","250,840",RTX,6GB,0,이엠텍 지포스 3050 STORM X NANO D6
24703415,이엠텍 지포스 RTX 4060 MIRACLE BLACK D6 8GB,"630,790","630,790","618,180","618,180","624,490","624,490","624,490","605,560","605,560","605,560","605,560","605,550","605,510","605,400","605,280","605,150","605,070","630,790","630,790","630,790","630,790","630,790","630,790","630,750","630,790","630,790","630,790","630,790","630,790","630,790",RTX 4060,8GB,0,이엠텍 지포스 MIRACLE BLACK D6
27161939,이엠텍 지포스 RTX 4060 STORM X Dual OC D6 8GB,"505,000","505,000","505,000","505,000","505,000","505,000","505,000","505,000","505,000","505,000","505,000","505,000","505,000","505,000","505,000","505,000","505,000","505,000","505,000","505,000","505,000","505,000","505,000","505,000","505,000","505,000","505,000","505,000","505,000","505,000",RTX 4060,8GB,0,이엠텍 지포스 STORM X Dual OC D6
27613427,이엠텍 지포스 RTX 4060 Ti MIRACLE WHITE D6 8GB,"844,990","844,990","844,990","844,990","844,990","844,990","814,990","814,990","814,990","814,990","814,990","814,990","814,990","814,990","814,990","814,990","814,990","814,990","814,990","814,990","814,990","814,990","814,990","814,990","814,990","814,990","814,990","814,990","814,990","814,990",RTX 4060,8GB,0,이엠텍 지포스 Ti MIRACLE WHITE D6
20274764,이엠텍 지포스 RTX 4060 Ti STORM X Dual OC D6 8GB,"744,560","744,560","744,560","744,560","744,560","744,560","714,560","714,560","714,560","714,560","714,560","714,560","714,560","714,560","714,560","714,560","714,560","714,560","714,560","714,560","714,560","714,560","714,560","714,560","714,560","714,560","714,560","714,560","714,560","714,560",RTX 4060,8GB,0,이엠텍 지포스 Ti STORM X Dual OC D6
32468312,이엠텍 지포스 RTX 4070 SUPER STORM X Dual OC D6X 12GB,"1,139,570","1,139,570","1,213,890","1,226,280","1,226,280","1,226,280","1,208,660","1,208,660","1,208,660","1,208,660","1,208,660","1,176,730","1,176,730","1,176,730","1,176,730","1,176,730","1,176,730","1,176,730","1,176,730","1,176,730","1,176,730","1,176,730","1,176,730","1,176,730","1,176,730","1,176,730","1,176,730","1,176,730","1,176,730","1,176,730",RTX 4070 SUPER,12GB,0,이엠텍 지포스 STORM X Dual OC D6X
95987477,이엠텍 지포스 RTX 5050 MIRACLE WHITE D6 8GB,"364,130","364,130","364,130","364,130","364,130","364,130","364,130","381,400","381,400","381,400","381,370","381,320","381,300","381,260","381,240","381,220","381,220","381,140","381,140","381,060","380,940","380,800","380,780","380,760","380,740","380,600","380,550","380,480","380,410","380,380",RTX 5050,8GB,0,이엠텍 지포스 MIRACLE WHITE D6
92044253,이엠텍 지포스 RTX 5060 MIRACLE WHITE D7 8GB,"444,565","444,565","444,565","444,565","444,565","444,565","444,565","459,190","459,190","459,190","459,160","459,100","459,080","459,040","459,020","459,000","459,000","458,920","458,920","458,840","458,720","458,580","458,560","458,540","458,520","458,400","458,340","458,280","458,210","458,180",RTX 5060,8GB,0,이엠텍 지포스 MIRACLE WHITE D7
91189013,이엠텍 지포스 RTX 5060 Ti MIRACLE WHITE D7 16GB,"720,600","720,470","721,000","721,000","721,000","717,000","694,960","689,850","689,850","694,940","694,900","694,850","694,830","694,700","694,680","694,660","694,660","694,580","694,580","694,480","694,380","694,240","694,210","694,200","694,180","694,060","694,000","692,980","692,900","692,870",RTX 5060,16GB,0,이엠텍 지포스 Ti MIRACLE WHITE D7
91189034,이엠텍 지포스 RTX 5060 Ti MIRACLE WHITE D7 8GB,"648,100","648,100","690,370","697,410","697,410","697,410","674,450","674,450","674,450","674,450","674,450","669,230","669,230","669,230","669,230","669,230","669,230","669,230","669,230","669,230","669,230","669,230","669,230","669,230",0,0,0,0,0,0,RTX 5060,8GB,0,이엠텍 지포스 Ti MIRACLE WHITE D7
96776702,이엠텍 지포스 RTX 5060 Ti MIRACLE X2 WHITE D7 8GB,"564,130","564,130","564,130","564,130","564,130","564,130","564,130","579,400","579,400","579,400","579,380","579,320","579,300","579,250","579,230","579,200","579,200","579,120","579,120","579,030","578,920","578,780","578,760","578,740","578,720","578,580","578,530","578,370","578,300","578,270",RTX 5060,8GB,0,이엠텍 지포스 Ti MIRACLE X2 WHITE D7
78842861,이엠텍 지포스 RTX 5070 MIRACLE WHITE D7 12GB,"849,000","849,000","849,000","849,000","849,000","849,000","849,000","881,940","881,940","881,940","881,910","881,860","881,840","881,800","881,780","881,760","881,760","881,680","881,680","881,500","881,400","881,260","881,240","881,220","881,200","881,060","881,000","869,670","869,640","869,520",RTX 5070,12GB,0,이엠텍 지포스 MIRACLE WHITE D7
77020520,이엠텍 지포스 RTX 5070 Ti MIRACLE WHITE D7 16GB,"1,324,230","1,379,000","1,378,990","1,378,990","1,378,990","1,378,990","1,378,990","1,378,990","1,378,990","1,410,020","1,409,990","1,409,940","1,409,920","1,409,880","1,409,860","1,409,840","1,409,840","1,409,760","1,409,760","1,409,600","1,409,500","1,409,360","1,409,340","1,409,320","1,409,300","1,409,150","1,409,080","1,386,910","1,386,880","1,386,760",RTX 5070 Ti,16GB,0,이엠텍 지포스 MIRACLE WHITE D7
76074971,이엠텍 지포스 RTX 5080 MIRACLE WHITE D7 16GB,"1,720,440","1,798,990","1,798,990","1,798,990","1,798,990","1,798,990","1,798,990","1,798,990","1,838,430","1,831,000","1,831,000","1,830,960","1,830,940","1,830,910","1,830,880","1,830,860","1,830,860","1,830,780","1,830,780","1,830,600","1,830,500","1,830,360","1,830,340","1,830,320","1,830,300","1,830,170","1,830,110","1,810,150","1,810,080","1,810,060",RTX 5080,16GB,0,이엠텍 지포스 MIRACLE WHITE D7
11975078,지포스 GTX 1650 D5 4GB (중고),0,0,0,0,0,0,0,0,0,0,0,0,0,0,0,0,0,0,0,0,"139,900","139,900","139,900","139,900","139,900","139,900",0,0,0,0,GTX 1650,4GB,중고,지포스 D5
11976995,지포스 GTX 1660 SUPER D6 6GB (중고),"159,970","159,850","159,990","159,990","159,990","159,990","159,900","159,890","159,890","159,890","159,890","159,890","159,890","159,890","159,890","159,890","159,890","159,890","159,900","159,900","159,900","159,900","159,900","159,900","159,900","159,900","160,000","160,000","160,000","160,000",GTX 1660 SUPER,6GB,중고,지포스 D6
11977706,지포스 GTX 1660 Ti D6 6GB (중고),0,"161,990","167,440","167,740","167,550","167,740","163,400","163,400","163,400","163,400","163,400","163,400","163,400","163,400","163,400","163,400","163,400","163,400","163,400","163,400","163,400","163,400","163,400","163,400","163,400","163,400","163,400","163,400","163,400","163,400",GTX 1660 Ti,6GB,중고,지포스 D6
11978288,지포스 RTX 2060 D6 6GB (중고),"158,000","158,000","158,000","158,000","158,000","158,000","158,000","158,000","158,000","158,000","158,000","158,000","158,000","155,000","155,000","155,000","155,000","155,000","179,000","179,000","179,000","179,000","179,000","179,000","179,000","178,990","178,990","178,990","178,990","178,990",RTX 2060,6GB,중고,지포스 D6
11978807,지포스 RTX 2060 SUPER D6 8GB (중고),"199,000","199,000","199,000","199,000","199,000","228,990","228,990","228,990","228,990","228,990","214,000","216,140","216,100","216,040","216,150","216,060","216,040","216,150","216,060","215,650","215,650","215,650","215,650","215,650","215,650","215,650","215,650","215,650","215,650","215,650",RTX 2060 SUPER,8GB,중고,지포스 D6
11979008,지포스 RTX 2070 D6 8GB (중고),"199,000","199,000","199,000","199,000","199,000","199,000","189,050","189,050","189,050","189,050","198,550","198,550","198,550","198,550","198,000","198,000","198,000","198,000","198,550","198,550","205,000","205,000","205,000","205,000","205,000","204,990","204,990","204,990","204,990","204,990",RTX 2070,8GB,중고,지포스 D6
11979227,지포스 RTX 2080 D6 8GB (중고),0,0,0,0,0,0,0,0,0,0,0,0,0,0,0,0,0,0,0,0,"233,760","233,760","233,760","233,760",0,0,0,0,0,0,RTX 2080,8GB,중고,지포스 D6
11979344,지포스 RTX 2080 SUPER D6 8GB (중고),0,0,0,0,0,0,0,0,0,0,0,0,0,0,"259,990","259,990","259,990","259,990","259,990","259,990","259,990","259,990","259,990","259,990","259,990","259,940","259,900","259,790","259,710","259,590",RTX 2080 SUPER,8GB,중고,지포스 D6
16319510,지포스 RTX 3060 D6 12GB (중고),0,0,"289,090",0,0,0,"280,250","280,250","280,250","280,250","280,250","280,250","280,250","280,250","280,250","280,250","280,250","280,250","280,250","280,250","280,250","280,250","280,250","280,250","280,250","280,250","280,250","280,250","280,250","280,250",RTX,12GB,중고,지포스 3060 D6
56343746,지포스 RTX 3060 D6 8GB (중고),"264,990",0,0,0,0,0,0,0,0,0,0,0,0,0,0,0,0,0,"251,750","251,750","251,750","251,750","251,750","251,750","251,750","251,750",0,0,0,0,RTX,8GB,중고,지포스 3060 D6
16319558,지포스 RTX 3060 Ti D6 8GB (중고),"298,790","298,790","303,660","304,360","304,020","304,020","304,020","304,010","304,010","303,620","303,620","303,610","310,090","310,090","310,090","310,090","310,090","310,090","310,090","310,090","310,090","310,090","310,090","310,090","310,090","310,090","310,090","310,090","310,090","310,090",RTX 3060 Ti,8GB,중고,지포스 D6
16319603,지포스 RTX 3070 D6 8GB (중고),"296,720","296,720","323,100","326,330","317,500","317,500","313,200","313,200","313,200","313,200","313,200","313,190","313,150","313,040","312,920","312,790","312,670","312,560","312,440","312,330","312,210","312,100","311,970","311,850","311,730","311,620","311,530","311,530","311,530","311,530",RTX 3070,8GB,중고,지포스 D6
16512887,지포스 RTX 3070 Ti D6X 8GB (중고),"360,000","360,000","360,000","360,000","360,000","360,000","360,000","360,000","360,000","360,000","360,000","360,000","360,000","360,000","360,000","360,000","360,000","360,000","360,000","360,000","360,000","360,000","360,000","360,000","360,000","359,990","360,000","360,000","360,000","360,000",RTX 3070 Ti,8GB,중고,지포스 D6X
16362338,지포스 RTX 3080 D6X 10GB (중고),"419,990","419,990","420,000","420,000","420,000","420,000","417,050","417,050","417,050","417,050","417,050","417,050","417,050","417,050","420,000","419,990","419,990","419,990","420,000","420,000","420,000","420,000","420,000","420,000","420,000","419,990","419,990","419,990","420,000","420,000",RTX 3080,10GB,중고,지포스 D6X
16544444,지포스 RTX 3080 Ti D6X 12GB (중고),"565,670","565,670","565,680","565,680","565,680","580,000","569,050","569,050","569,050","569,050","569,050","569,050","569,050","569,050","569,050","569,050","569,050","569,050","569,050","565,200","565,200",0,0,0,0,0,0,"565,200","565,200","565,200",RTX 3080 Ti,12GB,중고,지포스 D6X
17305142,지포스 RTX 3090 D6X 24GB (중고),0,0,0,0,0,0,0,0,0,0,0,0,"1,060,000",0,"1,060,000","1,060,000","1,060,000","1,060,000","1,060,000","1,060,000","1,060,000","1,060,000","1,060,000","1,060,000","1,060,000","1,060,000","1,060,000","1,060,000","1,060,000","1,060,000",RTX 3090,24GB,중고,지포스 D6X
28620374,지포스 RTX 4070 D6X 12GB (중고),"670,000","670,000","670,000","670,000","670,000","670,000","670,000","670,000","670,000","670,000","670,000","670,000","670,000","670,000","670,000","670,000","670,000","670,000","670,000","670,000","670,000","670,000","670,000",0,0,0,"670,000","670,000","670,000","670,000",RTX 4070,12GB,중고,지포스 D6X
74997902,지포스 RTX 4070 Ti D6X 12GB (중고),0,0,0,0,0,0,0,0,0,0,0,0,0,0,0,0,0,0,0,"925,140","925,140","925,140","925,140","925,140","925,140",0,0,0,0,0,RTX 4070 Ti,12GB,중고,지포스 D6X
